Key	CellX	CellY	Type	CollisionEffect	CollisionEffectName
VisibleObstacle					
					
	1				
		1			
	1	1			
	306	296			
	307	296			
	307	295			
	307	294			
	307	293			
	307	292			
	308	420			
	283	296			
	283	294			
	283	295			
	283	293			
	283	292			
	284	420			
	284	419			
	284	418			
	284	417			
	284	416			
	303	296			
	303	295			
	303	294			
	303	293			
	303	292			
	304	420			
	304	419			
	304	418			
	304	417			
	304	416			
	304	296			
	304	295			
	304	294			
	304	293			
	304	292			
	305	420			
	305	419			
	305	418			
	305	417			
	305	416			
	305	296			
	305	295			
	305	294			
	305	293			
	305	292			
	306	420			
	306	419			
	306	418			
	306	417			
	306	416			
	306	295			
	306	294			
	306	293			
	306	292			
	307	420			
	307	419			
	307	418			
	307	417			
	307	416			
	308	419			
	308	418			
	308	417			
	308	416			
	283	416			
	283	417			
	283	418			
	283	419			
	283	420			
	282	292			
	282	293			
	282	294			
	282	295			
	282	296			
	303	416			
	303	417			
	303	418			
	303	419			
	303	420			
	302	292			
	302	293			
	302	294			
	302	295			
	302	296			
	282	416			
	282	417			
	282	418			
	282	419			
	282	420			
	281	292			
	281	293			
	281	294			
	289	296			
	289	295			
	289	294			
	289	293			
	289	292			
	290	420			
	290	419			
	290	418			
	290	417			
	290	416			
	284	296			
	284	295			
	284	294			
	284	293			
	284	292			
	285	420			
	285	419			
	285	418			
	285	417			
	285	416			
	285	296			
	285	295			
	285	294			
	285	293			
	285	292			
	286	420			
	286	419			
	286	418			
	286	417			
	286	416			
	286	296			
	286	295			
	286	294			
	286	293			
	286	292			
	287	420			
	287	419			
	287	418			
	287	417			
	287	416			
	290	296			
	290	295			
	290	294			
	290	293			
	290	292			
	291	420			
	291	419			
	291	418			
	291	417			
	291	416			
	287	296			
	287	295			
	287	294			
	287	293			
	287	292			
	288	420			
	288	419			
	288	418			
	288	417			
	288	416			
	410	292			
	410	293			
	410	294			
	410	295			
	410	296			
	410	297			
	410	298			
	410	299			
	410	300			
	410	301			
	410	302			
	410	303			
	410	304			
	410	305			
	410	306			
	410	307			
	410	308			
	410	309			
	410	310			
	410	311			
	410	312			
	410	313			
	410	314			
	410	315			
	410	316			
	410	317			
	410	318			
	410	319			
	410	320			
	410	321			
	410	322			
	410	323			
	410	324			
	410	325			
	410	326			
	410	327			
	410	328			
	410	329			
	410	330			
	410	331			
	410	332			
	410	333			
	410	334			
	410	335			
	410	336			
	410	337			
	410	338			
	410	339			
	410	340			
	410	341			
	410	342			
	410	343			
	410	344			
	410	345			
	410	346			
	410	347			
	410	348			
	410	349			
	410	350			
	410	351			
	410	352			
	410	353			
	410	354			
	410	355			
	410	356			
	410	357			
	410	358			
	410	359			
	410	360			
	410	361			
	410	362			
	410	363			
	410	364			
	410	365			
	410	366			
	410	367			
	410	368			
	410	369			
	410	370			
	410	371			
	410	372			
	410	373			
	410	374			
	410	375			
	410	376			
	410	377			
	410	378			
	410	379			
	410	380			
	410	381			
	410	382			
	410	383			
	410	384			
	410	385			
	410	386			
	410	387			
	410	388			
	410	389			
	410	390			
	410	391			
	410	392			
	410	393			
	410	394			
	410	395			
	410	396			
	410	397			
	410	398			
	410	399			
	410	400			
	410	401			
	410	402			
	410	403			
	410	404			
	410	405			
	410	406			
	410	407			
	410	408			
	410	409			
	410	410			
	410	411			
	410	412			
	410	413			
	410	414			
	410	415			
	410	416			
	410	417			
	410	418			
	410	419			
	410	420			
	410	421			
	410	422			
	409	292			
	409	293			
	409	294			
	409	295			
	409	296			
	409	297			
	409	298			
	409	299			
	409	300			
	409	301			
	409	302			
	409	303			
	409	304			
	409	305			
	409	306			
	409	307			
	409	308			
	409	309			
	409	310			
	409	311			
	409	312			
	409	313			
	409	314			
	409	315			
	409	316			
	409	317			
	409	318			
	409	319			
	409	320			
	409	321			
	409	322			
	409	323			
	409	324			
	409	325			
	409	326			
	409	327			
	409	328			
	409	329			
	409	330			
	409	331			
	409	332			
	409	333			
	409	334			
	409	335			
	409	336			
	409	337			
	409	338			
	409	339			
	409	340			
	409	341			
	409	342			
	409	343			
	409	344			
	409	345			
	409	346			
	409	347			
	409	348			
	409	349			
	409	350			
	409	351			
	409	352			
	409	353			
	409	354			
	409	355			
	409	356			
	409	357			
	409	358			
	409	359			
	409	360			
	409	361			
	409	362			
	409	363			
	409	364			
	409	365			
	409	366			
	409	367			
	409	368			
	409	369			
	409	370			
	409	371			
	409	372			
	409	373			
	409	374			
	409	375			
	409	376			
	409	377			
	409	378			
	409	379			
	409	380			
	409	381			
	409	382			
	409	383			
	409	384			
	409	385			
	409	386			
	409	387			
	409	388			
	409	389			
	409	390			
	409	391			
	409	392			
	409	393			
	409	394			
	409	395			
	409	396			
	409	397			
	409	398			
	409	399			
	409	400			
	409	401			
	409	402			
	409	403			
	409	404			
	409	405			
	409	406			
	409	407			
	409	408			
	409	409			
	409	410			
	409	411			
	409	412			
	409	413			
	409	414			
	409	415			
	409	416			
	409	417			
	409	418			
	409	419			
	409	420			
	409	421			
	409	422			
	408	421			
	408	422			
	407	421			
	407	422			
	406	421			
	406	422			
	405	421			
	405	422			
	404	421			
	404	422			
	403	421			
	403	422			
	402	421			
	402	422			
	401	421			
	401	422			
	400	421			
	400	422			
	399	421			
	399	422			
	398	421			
	398	422			
	397	421			
	397	422			
	396	421			
	396	422			
	395	421			
	395	422			
	394	421			
	394	422			
	393	421			
	393	422			
	392	421			
	392	422			
	391	421			
	391	422			
	390	421			
	390	422			
	389	421			
	389	422			
	388	421			
	388	422			
	387	421			
	387	422			
	386	421			
	386	422			
	385	421			
	385	422			
	384	421			
	384	422			
	383	421			
	383	422			
	382	421			
	382	422			
	381	421			
	381	422			
	380	421			
	380	422			
	379	421			
	379	422			
	378	421			
	378	422			
	377	421			
	377	422			
	376	421			
	376	422			
	375	421			
	375	422			
	374	421			
	374	422			
	373	421			
	373	422			
	372	421			
	372	422			
	371	421			
	371	422			
	370	421			
	370	422			
	369	421			
	369	422			
	368	421			
	368	422			
	367	421			
	367	422			
	366	421			
	366	422			
	365	421			
	365	422			
	364	421			
	364	422			
	363	421			
	363	422			
	362	421			
	362	422			
	361	421			
	361	422			
	360	421			
	360	422			
	359	421			
	359	422			
	358	421			
	358	422			
	357	421			
	357	422			
	356	421			
	356	422			
	355	421			
	355	422			
	354	421			
	354	422			
	353	421			
	353	422			
	352	421			
	352	422			
	351	421			
	351	422			
	350	421			
	350	422			
	349	421			
	349	422			
	348	421			
	348	422			
	347	421			
	347	422			
	346	421			
	346	422			
	345	421			
	345	422			
	344	421			
	344	422			
	343	421			
	343	422			
	342	421			
	342	422			
	341	421			
	341	422			
	340	421			
	340	422			
	339	421			
	339	422			
	338	421			
	338	422			
	337	421			
	337	422			
	336	421			
	336	422			
	335	421			
	335	422			
	334	421			
	334	422			
	333	421			
	333	422			
	332	421			
	332	422			
	331	421			
	331	422			
	330	421			
	330	422			
	329	421			
	329	422			
	328	421			
	328	422			
	327	421			
	327	422			
	326	421			
	326	422			
	325	421			
	325	422			
	324	421			
	324	422			
	323	421			
	323	422			
	322	421			
	322	422			
	321	421			
	321	422			
	320	421			
	320	422			
	319	421			
	319	422			
	318	421			
	318	422			
	317	421			
	317	422			
	316	421			
	316	422			
	315	421			
	315	422			
	314	421			
	314	422			
	313	421			
	313	422			
	312	421			
	312	422			
	311	421			
	311	422			
	310	421			
	310	422			
	309	421			
	309	422			
	308	421			
	308	422			
	307	421			
	307	422			
	306	421			
	306	422			
	305	421			
	305	422			
	304	421			
	304	422			
	303	421			
	303	422			
	302	421			
	302	422			
	301	421			
	301	422			
	300	421			
	300	422			
	299	421			
	299	422			
	298	421			
	298	422			
	297	421			
	297	422			
	296	421			
	296	422			
	295	421			
	295	422			
	294	421			
	294	422			
	293	421			
	293	422			
	292	421			
	292	422			
	291	421			
	291	422			
	290	421			
	290	422			
	289	421			
	289	422			
	288	421			
	288	422			
	287	421			
	287	422			
	286	421			
	286	422			
	285	421			
	285	422			
	284	421			
	284	422			
	283	421			
	283	422			
	282	421			
	282	422			
	281	421			
	281	422			
	280	421			
	280	422			
	279	421			
	279	422			
	278	421			
	278	422			
	277	292			
	277	293			
	277	294			
	277	295			
	277	296			
	277	297			
	277	298			
	277	299			
	277	300			
	277	301			
	277	302			
	277	303			
	277	304			
	277	305			
	277	306			
	277	307			
	277	308			
	277	309			
	277	310			
	277	311			
	277	312			
	277	313			
	277	314			
	277	315			
	277	316			
	277	317			
	277	318			
	277	319			
	277	320			
	277	321			
	277	322			
	277	323			
	277	324			
	277	325			
	277	326			
	277	327			
	277	328			
	277	329			
	277	330			
	277	331			
	277	332			
	277	333			
	277	334			
	277	335			
	277	336			
	277	337			
	277	338			
	277	339			
	277	340			
	277	341			
	277	342			
	277	343			
	277	344			
	277	345			
	277	346			
	277	347			
	277	348			
	277	349			
	277	350			
	277	351			
	277	352			
	277	353			
	277	354			
	277	355			
	277	356			
	277	357			
	277	358			
	277	359			
	277	360			
	277	361			
	277	362			
	277	363			
	277	364			
	277	365			
	277	366			
	277	367			
	277	368			
	277	369			
	277	370			
	277	371			
	277	372			
	277	373			
	277	374			
	277	375			
	277	376			
	277	377			
	277	378			
	277	379			
	277	380			
	277	381			
	277	382			
	277	383			
	277	384			
	277	385			
	277	386			
	277	387			
	277	388			
	277	389			
	277	390			
	277	391			
	277	392			
	277	393			
	277	394			
	277	395			
	277	396			
	277	397			
	277	398			
	277	399			
	277	400			
	277	401			
	277	402			
	277	403			
	277	404			
	277	405			
	277	406			
	277	407			
	277	408			
	277	409			
	277	410			
	277	411			
	277	412			
	277	413			
	277	414			
	277	415			
	277	416			
	277	417			
	277	418			
	277	419			
	277	420			
	277	421			
	277	422			
	276	292			
	276	293			
	276	294			
	276	295			
	276	296			
	276	297			
	276	298			
	276	299			
	276	300			
	276	301			
	276	302			
	276	303			
	276	304			
	276	305			
	276	306			
	276	307			
	276	308			
	276	309			
	276	310			
	276	311			
	276	312			
	276	313			
	276	314			
	276	315			
	276	316			
	276	317			
	276	318			
	276	319			
	276	320			
	276	321			
	276	322			
	276	323			
	276	324			
	276	325			
	276	326			
	276	327			
	276	328			
	276	329			
	276	330			
	276	331			
	276	332			
	276	333			
	276	334			
	276	335			
	276	336			
	276	337			
	276	338			
	276	339			
	276	340			
	276	341			
	276	342			
	276	343			
	276	344			
	276	345			
	276	346			
	276	347			
	276	348			
	276	349			
	276	350			
	276	351			
	276	352			
	276	353			
	276	354			
	276	355			
	276	356			
	276	357			
	276	358			
	276	359			
	276	360			
	276	361			
	276	362			
	276	363			
	276	364			
	276	365			
	276	366			
	276	367			
	276	368			
	276	369			
	276	370			
	276	371			
	276	372			
	276	373			
	276	374			
	276	375			
	276	376			
	276	377			
	276	378			
	276	379			
	276	380			
	276	381			
	276	382			
	276	383			
	276	384			
	276	385			
	276	386			
	276	387			
	276	388			
	276	389			
	276	390			
	276	391			
	276	392			
	276	393			
	276	394			
	276	395			
	276	396			
	276	397			
	276	398			
	276	399			
	276	400			
	276	401			
	276	402			
	276	403			
	276	404			
	276	405			
	276	406			
	276	407			
	276	408			
	276	409			
	276	410			
	276	411			
	276	412			
	276	413			
	276	414			
	276	415			
	276	416			
	276	417			
	276	418			
	276	419			
	276	420			
	276	421			
	276	422			
	275	292			
	275	293			
	275	294			
	275	295			
	275	296			
	275	297			
	275	298			
	275	299			
	275	300			
	275	301			
	275	302			
	275	303			
	275	304			
	275	305			
	275	306			
	275	307			
	275	308			
	275	309			
	275	310			
	275	311			
	275	312			
	275	313			
	275	314			
	275	315			
	275	316			
	275	317			
	275	318			
	275	319			
	275	320			
	275	321			
	275	322			
	275	323			
	275	324			
	275	325			
	275	326			
	275	327			
	275	328			
	275	329			
	275	330			
	275	331			
	275	332			
	275	333			
	275	334			
	275	335			
	275	336			
	275	337			
	275	338			
	275	339			
	275	340			
	275	341			
	275	342			
	275	343			
	275	344			
	275	345			
	275	346			
	275	347			
	275	348			
	275	349			
	275	350			
	275	351			
	275	352			
	275	353			
	275	354			
	275	355			
	275	356			
	275	357			
	275	358			
	275	359			
	275	360			
	275	361			
	275	362			
	275	363			
	275	364			
	275	365			
	275	366			
	275	367			
	275	368			
	275	369			
	275	370			
	275	371			
	275	372			
	275	373			
	275	374			
	275	375			
	275	376			
	275	377			
	275	378			
	275	379			
	275	380			
	275	381			
	275	382			
	275	383			
	275	384			
	275	385			
	275	386			
	275	387			
	275	388			
	275	389			
	275	390			
	275	391			
	275	392			
	275	393			
	275	394			
	275	395			
	275	396			
	275	397			
	275	398			
	275	399			
	275	400			
	275	401			
	275	402			
	275	403			
	275	404			
	275	405			
	275	406			
	275	407			
	275	408			
	275	409			
	275	410			
	275	411			
	275	412			
	275	413			
	275	414			
	275	415			
	275	416			
	275	417			
	275	418			
	275	419			
	275	420			
	275	421			
	275	422			
	274	292			
	274	293			
	274	294			
	274	295			
	274	296			
	274	297			
	274	298			
	274	299			
	274	300			
	274	301			
	274	302			
	274	303			
	274	304			
	274	305			
	274	306			
	274	307			
	274	308			
	274	309			
	274	310			
	274	311			
	274	312			
	274	313			
	274	314			
	274	315			
	274	316			
	274	317			
	274	318			
	274	319			
	274	320			
	274	321			
	274	322			
	274	323			
	274	324			
	274	325			
	274	326			
	274	327			
	274	328			
	274	329			
	274	330			
	274	331			
	274	332			
	274	333			
	274	334			
	274	335			
	274	336			
	274	337			
	274	338			
	274	339			
	274	340			
	274	341			
	274	342			
	274	343			
	274	344			
	274	345			
	274	346			
	274	347			
	274	348			
	274	349			
	274	350			
	274	351			
	274	352			
	274	353			
	274	354			
	274	355			
	274	356			
	274	357			
	274	358			
	274	359			
	274	360			
	274	361			
	274	362			
	274	363			
	274	364			
	274	365			
	274	366			
	274	367			
	274	368			
	274	369			
	274	370			
	274	371			
	274	372			
	274	373			
	274	374			
	274	375			
	274	376			
	274	377			
	274	378			
	274	379			
	274	380			
	274	381			
	274	382			
	274	383			
	274	384			
	274	385			
	274	386			
	274	387			
	274	388			
	274	389			
	274	390			
	274	391			
	274	392			
	274	393			
	274	394			
	274	395			
	274	396			
	274	397			
	274	398			
	274	399			
	274	400			
	274	401			
	274	402			
	274	403			
	274	404			
	274	405			
	274	406			
	274	407			
	274	408			
	274	409			
	274	410			
	274	411			
	274	412			
	274	413			
	274	414			
	274	415			
	274	416			
	274	417			
	274	418			
	274	419			
	274	420			
	274	421			
	274	422			
	408	292			
	408	293			
	408	294			
	408	295			
	408	296			
	408	297			
	408	298			
	408	299			
	408	300			
	408	301			
	408	302			
	408	303			
	408	304			
	408	305			
	408	306			
	408	307			
	408	308			
	408	309			
	408	310			
	408	311			
	408	312			
	408	313			
	408	314			
	408	315			
	408	316			
	408	317			
	408	318			
	408	319			
	408	320			
	408	321			
	408	322			
	408	323			
	408	324			
	408	325			
	408	326			
	408	327			
	408	328			
	408	329			
	408	330			
	408	331			
	408	332			
	408	333			
	408	334			
	408	335			
	408	336			
	408	337			
	408	338			
	408	339			
	408	340			
	408	341			
	408	342			
	408	343			
	408	344			
	408	345			
	408	346			
	408	347			
	408	348			
	408	349			
	408	350			
	408	351			
	408	352			
	408	353			
	408	354			
	408	355			
	408	356			
	408	357			
	408	358			
	408	359			
	408	360			
	408	361			
	408	362			
	408	363			
	408	364			
	408	365			
	408	366			
	408	367			
	408	368			
	408	369			
	408	370			
	408	371			
	408	372			
	408	373			
	408	374			
	408	375			
	408	376			
	408	377			
	408	378			
	408	379			
	408	380			
	408	381			
	408	382			
	408	383			
	408	384			
	408	385			
	408	386			
	408	387			
	408	388			
	408	389			
	408	390			
	408	391			
	408	392			
	408	393			
	408	394			
	408	395			
	408	396			
	408	397			
	408	398			
	408	399			
	408	400			
	408	401			
	408	402			
	408	403			
	408	404			
	408	405			
	408	406			
	408	407			
	408	408			
	408	409			
	408	410			
	408	411			
	408	412			
	408	413			
	408	414			
	408	415			
	408	416			
	408	417			
	408	418			
	408	419			
	408	420			
	407	292			
	407	293			
	407	294			
	407	295			
	407	296			
	407	297			
	407	298			
	407	299			
	407	300			
	407	301			
	407	302			
	407	303			
	407	304			
	407	305			
	407	306			
	407	307			
	407	308			
	407	309			
	407	310			
	407	311			
	407	312			
	407	313			
	407	314			
	407	315			
	407	316			
	407	317			
	407	318			
	407	319			
	407	320			
	407	321			
	407	322			
	407	323			
	407	324			
	407	325			
	407	326			
	407	327			
	407	328			
	407	329			
	407	330			
	407	331			
	407	332			
	407	333			
	407	334			
	407	335			
	407	336			
	407	337			
	407	338			
	407	339			
	407	340			
	407	341			
	407	342			
	407	343			
	407	344			
	407	345			
	407	346			
	407	347			
	407	348			
	407	349			
	407	350			
	407	351			
	407	352			
	407	353			
	407	354			
	407	355			
	407	356			
	407	357			
	407	358			
	407	359			
	407	360			
	407	361			
	407	362			
	407	363			
	407	364			
	407	365			
	407	366			
	407	367			
	407	368			
	407	369			
	407	370			
	407	371			
	407	372			
	407	373			
	407	374			
	407	375			
	407	376			
	407	377			
	407	378			
	407	379			
	407	380			
	407	381			
	407	382			
	407	383			
	407	384			
	407	385			
	407	386			
	407	387			
	407	388			
	407	389			
	407	390			
	407	391			
	407	392			
	407	393			
	407	394			
	407	395			
	407	396			
	407	397			
	407	398			
	407	399			
	407	400			
	407	401			
	407	402			
	407	403			
	407	404			
	407	405			
	407	406			
	407	407			
	407	408			
	407	409			
	407	410			
	407	411			
	407	412			
	407	413			
	407	414			
	407	415			
	407	416			
	407	417			
	407	418			
	407	419			
	407	420			
	406	292			
	406	293			
	406	294			
	406	295			
	406	296			
	406	297			
	406	298			
	406	299			
	406	300			
	406	301			
	406	302			
	406	303			
	406	304			
	406	305			
	406	306			
	406	307			
	406	308			
	406	309			
	406	310			
	406	311			
	406	312			
	406	313			
	406	314			
	406	315			
	406	316			
	406	317			
	406	318			
	406	319			
	406	320			
	406	321			
	406	322			
	406	323			
	406	324			
	406	325			
	406	326			
	406	327			
	406	328			
	406	329			
	406	330			
	406	331			
	406	332			
	406	333			
	406	334			
	406	335			
	406	336			
	406	337			
	406	338			
	406	339			
	406	340			
	406	341			
	406	342			
	406	343			
	406	344			
	406	345			
	406	346			
	406	347			
	406	348			
	406	349			
	406	350			
	406	351			
	406	352			
	406	353			
	406	354			
	406	355			
	406	356			
	406	357			
	406	358			
	406	359			
	406	360			
	406	361			
	406	362			
	406	363			
	406	364			
	406	365			
	406	366			
	406	367			
	406	368			
	406	369			
	406	370			
	406	371			
	406	372			
	406	373			
	406	374			
	406	375			
	406	376			
	406	377			
	406	378			
	406	379			
	406	380			
	406	381			
	406	382			
	406	383			
	406	384			
	406	385			
	406	386			
	406	387			
	406	388			
	406	389			
	406	390			
	406	391			
	406	392			
	406	393			
	406	394			
	406	395			
	406	396			
	406	397			
	406	398			
	406	399			
	406	400			
	406	401			
	406	402			
	406	403			
	406	404			
	406	405			
	406	406			
	406	407			
	406	408			
	406	409			
	406	410			
	406	411			
	406	412			
	406	413			
	406	414			
	406	415			
	406	416			
	406	417			
	406	418			
	406	419			
	406	420			
	405	292			
	405	293			
	405	294			
	405	295			
	405	296			
	405	297			
	405	298			
	405	299			
	405	300			
	405	301			
	405	302			
	405	303			
	405	304			
	405	305			
	405	306			
	405	307			
	405	308			
	405	309			
	405	310			
	405	311			
	405	312			
	405	313			
	405	314			
	405	315			
	405	316			
	405	317			
	405	318			
	405	319			
	405	320			
	405	321			
	405	322			
	405	323			
	405	324			
	405	325			
	405	326			
	405	327			
	405	328			
	405	329			
	405	330			
	405	331			
	405	332			
	405	333			
	405	334			
	405	335			
	405	336			
	405	337			
	405	338			
	405	339			
	405	340			
	405	341			
	405	342			
	405	343			
	405	344			
	405	345			
	405	346			
	405	347			
	405	348			
	405	349			
	405	350			
	405	351			
	405	352			
	405	353			
	405	354			
	405	355			
	405	356			
	405	357			
	405	358			
	405	359			
	405	360			
	405	361			
	405	362			
	405	363			
	405	364			
	405	365			
	405	366			
	405	367			
	405	368			
	405	369			
	405	370			
	405	371			
	405	372			
	405	373			
	405	374			
	405	375			
	405	376			
	405	377			
	405	378			
	405	379			
	405	380			
	405	381			
	405	382			
	405	383			
	405	384			
	405	385			
	405	386			
	405	387			
	405	388			
	405	389			
	405	390			
	405	391			
	405	392			
	405	393			
	405	394			
	405	395			
	405	396			
	405	397			
	405	398			
	405	399			
	405	400			
	405	401			
	405	402			
	405	403			
	405	404			
	405	405			
	405	406			
	405	407			
	405	408			
	405	409			
	405	410			
	405	411			
	405	412			
	405	413			
	405	414			
	405	415			
	405	416			
	405	417			
	405	418			
	405	419			
	405	420			
	404	292			
	404	293			
	404	294			
	404	295			
	404	296			
	404	297			
	404	298			
	404	299			
	404	300			
	404	301			
	404	302			
	404	303			
	404	304			
	404	305			
	404	306			
	404	307			
	404	308			
	404	309			
	404	310			
	404	311			
	404	312			
	404	313			
	404	314			
	404	315			
	404	316			
	404	317			
	404	318			
	404	319			
	404	320			
	404	321			
	404	322			
	404	323			
	404	324			
	404	325			
	404	326			
	404	327			
	404	328			
	404	329			
	404	330			
	404	331			
	404	332			
	404	333			
	404	334			
	404	335			
	404	336			
	404	337			
	404	338			
	404	339			
	404	340			
	404	341			
	404	342			
	404	343			
	404	344			
	404	345			
	404	346			
	404	347			
	404	348			
	404	349			
	404	350			
	404	351			
	404	352			
	404	353			
	404	354			
	404	355			
	404	356			
	404	357			
	404	358			
	404	359			
	404	360			
	404	361			
	404	362			
	404	363			
	404	364			
	404	365			
	404	366			
	404	367			
	404	368			
	404	369			
	404	370			
	404	371			
	404	372			
	404	373			
	404	374			
	404	375			
	404	376			
	404	377			
	404	378			
	404	379			
	404	380			
	404	381			
	404	382			
	404	383			
	404	384			
	404	385			
	404	386			
	404	387			
	404	388			
	404	389			
	404	390			
	404	391			
	404	392			
	404	393			
	404	394			
	404	395			
	404	396			
	404	397			
	404	398			
	404	399			
	404	400			
	404	401			
	404	402			
	404	403			
	404	404			
	404	405			
	404	406			
	404	407			
	404	408			
	404	409			
	404	410			
	404	411			
	404	412			
	404	413			
	404	414			
	404	415			
	404	416			
	404	417			
	404	418			
	404	419			
	404	420			
	403	292			
	403	293			
	403	294			
	403	295			
	403	296			
	403	297			
	403	298			
	403	299			
	403	300			
	403	301			
	403	302			
	403	303			
	403	304			
	403	305			
	403	306			
	403	307			
	403	308			
	403	309			
	403	310			
	403	311			
	403	312			
	403	313			
	403	314			
	403	315			
	403	316			
	403	317			
	403	318			
	403	319			
	403	320			
	403	321			
	403	322			
	403	323			
	403	324			
	403	325			
	403	326			
	403	327			
	403	328			
	403	329			
	403	330			
	403	331			
	403	332			
	403	333			
	403	334			
	403	335			
	403	336			
	403	337			
	403	338			
	403	339			
	403	340			
	403	341			
	403	342			
	403	343			
	403	344			
	403	345			
	403	346			
	403	347			
	403	348			
	403	349			
	403	350			
	403	351			
	403	352			
	403	353			
	403	354			
	403	355			
	403	356			
	403	357			
	403	358			
	403	359			
	403	360			
	403	361			
	403	362			
	403	363			
	403	364			
	403	365			
	403	366			
	403	367			
	403	368			
	403	369			
	403	370			
	403	371			
	403	372			
	403	373			
	403	374			
	403	375			
	403	376			
	403	377			
	403	378			
	403	379			
	403	380			
	403	381			
	403	382			
	403	383			
	403	384			
	403	385			
	403	386			
	403	387			
	403	388			
	403	389			
	403	390			
	403	391			
	403	392			
	403	393			
	403	394			
	403	395			
	403	396			
	403	397			
	403	398			
	403	399			
	403	400			
	403	401			
	403	402			
	403	403			
	403	404			
	403	405			
	403	406			
	403	407			
	403	408			
	403	409			
	403	410			
	403	411			
	403	412			
	403	413			
	403	414			
	403	415			
	403	416			
	403	417			
	403	418			
	403	419			
	403	420			
	402	292			
	402	293			
	402	294			
	402	295			
	402	296			
	402	297			
	402	298			
	402	299			
	402	300			
	402	301			
	402	302			
	402	303			
	402	304			
	402	305			
	402	306			
	402	307			
	402	308			
	402	309			
	402	310			
	402	311			
	402	312			
	402	313			
	402	314			
	402	315			
	402	316			
	402	317			
	402	318			
	402	319			
	402	320			
	402	321			
	402	322			
	402	323			
	402	324			
	402	325			
	402	326			
	402	327			
	402	328			
	402	329			
	402	330			
	402	331			
	402	332			
	402	333			
	402	334			
	402	335			
	402	336			
	402	337			
	402	338			
	402	339			
	402	340			
	402	341			
	402	342			
	402	343			
	402	344			
	402	345			
	402	346			
	402	347			
	402	348			
	402	349			
	402	350			
	402	351			
	402	352			
	402	353			
	402	354			
	402	355			
	402	356			
	402	357			
	402	358			
	402	359			
	402	360			
	402	361			
	402	362			
	402	363			
	402	364			
	402	365			
	402	366			
	402	367			
	402	368			
	402	369			
	402	370			
	402	371			
	402	372			
	402	373			
	402	374			
	402	375			
	402	376			
	402	377			
	402	378			
	402	379			
	402	380			
	402	381			
	402	382			
	402	383			
	402	384			
	402	385			
	402	386			
	402	387			
	402	388			
	402	389			
	402	390			
	402	391			
	402	392			
	402	393			
	402	394			
	402	395			
	402	396			
	402	397			
	402	398			
	402	399			
	402	400			
	402	401			
	402	402			
	402	403			
	402	404			
	402	405			
	402	406			
	402	407			
	402	408			
	402	409			
	402	410			
	402	411			
	402	412			
	402	413			
	402	414			
	402	415			
	402	416			
	402	417			
	402	418			
	402	419			
	402	420			
	401	292			
	401	293			
	401	294			
	401	295			
	401	296			
	401	416			
	401	417			
	401	418			
	401	419			
	401	420			
	400	292			
	400	293			
	400	294			
	400	295			
	400	296			
	400	416			
	400	417			
	400	418			
	400	419			
	400	420			
	399	292			
	399	293			
	399	294			
	399	295			
	399	296			
	291	296			
	291	295			
	291	294			
	291	293			
	288	296			
	399	416			
	399	417			
	399	418			
	399	419			
	399	420			
	398	292			
	398	293			
	398	294			
	398	295			
	398	296			
	291	292			
	292	420			
	292	419			
	292	418			
	288	295			
	288	294			
	288	293			
	288	292			
	289	420			
	289	419			
	289	418			
	398	416			
	398	417			
	398	418			
	398	419			
	398	420			
	397	292			
	397	293			
	397	294			
	397	295			
	397	296			
	292	417			
	292	416			
	289	417			
	289	416			
	397	416			
	397	417			
	397	418			
	397	419			
	397	420			
	396	292			
	396	293			
	396	294			
	396	295			
	396	296			
	396	416			
	396	417			
	396	418			
	396	419			
	396	420			
	395	292			
	395	293			
	395	294			
	395	295			
	395	296			
	395	416			
	395	417			
	395	418			
	395	419			
	395	420			
	394	292			
	394	293			
	394	294			
	394	295			
	394	296			
	281	295			
	281	296			
	281	297			
	281	298			
	281	299			
	281	300			
	281	301			
	394	416			
	394	417			
	394	418			
	394	419			
	394	420			
	393	292			
	393	293			
	393	294			
	393	295			
	393	296			
	281	302			
	281	303			
	281	304			
	281	305			
	281	306			
	281	307			
	281	308			
	393	416			
	393	417			
	393	418			
	393	419			
	393	420			
	392	292			
	392	293			
	392	294			
	392	295			
	392	296			
	392	416			
	392	417			
	392	418			
	392	419			
	392	420			
	391	292			
	391	293			
	391	294			
	391	295			
	391	296			
	281	309			
	281	310			
	281	311			
	281	312			
	281	313			
	281	314			
	281	315			
	391	416			
	391	417			
	391	418			
	391	419			
	391	420			
	390	292			
	390	293			
	390	294			
	390	295			
	390	296			
	281	316			
	281	317			
	281	318			
	281	319			
	281	320			
	281	321			
	281	322			
	390	416			
	390	417			
	390	418			
	390	419			
	390	420			
	389	292			
	389	293			
	389	294			
	389	295			
	389	296			
	389	416			
	389	417			
	281	323			
	281	324			
	281	325			
	281	326			
	281	327			
	281	328			
	281	329			
	389	418			
	389	419			
	389	420			
	388	292			
	388	293			
	388	294			
	388	295			
	388	296			
	388	416			
	388	417			
	388	418			
	388	419			
	388	420			
	387	292			
	387	293			
	387	294			
	387	295			
	387	296			
	281	330			
	281	331			
	281	332			
	281	333			
	281	334			
	281	335			
	281	336			
	387	416			
	387	417			
	387	418			
	387	419			
	387	420			
	386	292			
	386	293			
	386	294			
	386	295			
	386	296			
	281	337			
	281	338			
	281	339			
	281	340			
	281	341			
	281	342			
	281	343			
	386	416			
	386	417			
	386	418			
	386	419			
	386	420			
	385	292			
	385	293			
	385	294			
	385	295			
	385	296			
	385	416			
	385	417			
	385	418			
	385	419			
	385	420			
	384	292			
	384	293			
	384	294			
	384	295			
	384	296			
	281	344			
	281	345			
	281	346			
	281	347			
	281	348			
	281	349			
	281	350			
	384	416			
	384	417			
	384	418			
	384	419			
	384	420			
	383	292			
	383	293			
	383	294			
	383	295			
	383	296			
	281	351			
	281	352			
	281	353			
	281	354			
	281	355			
	281	356			
	281	357			
	383	416			
	383	417			
	383	418			
	383	419			
	383	420			
	382	292			
	382	293			
	382	294			
	382	295			
	382	296			
	281	358			
	281	359			
	281	360			
	281	361			
	281	362			
	281	363			
	281	364			
	382	416			
	382	417			
	382	418			
	382	419			
	382	420			
	381	292			
	381	293			
	381	294			
	381	295			
	381	296			
	381	416			
	381	417			
	381	418			
	381	419			
	381	420			
	380	292			
	380	293			
	380	294			
	380	295			
	380	296			
	281	365			
	281	366			
	281	367			
	281	368			
	281	369			
	281	370			
	281	371			
	380	416			
	380	417			
	380	418			
	380	419			
	380	420			
	379	292			
	379	293			
	379	294			
	379	295			
	379	296			
	281	372			
	281	373			
	281	374			
	281	375			
	281	376			
	281	377			
	281	378			
	379	416			
	379	417			
	379	418			
	379	419			
	379	420			
	378	292			
	378	293			
	378	294			
	378	295			
	378	296			
	281	379			
	281	380			
	281	381			
	281	382			
	281	383			
	281	384			
	281	385			
	378	416			
	378	417			
	378	418			
	378	419			
	378	420			
	377	292			
	377	293			
	377	294			
	377	295			
	377	296			
	377	416			
	377	417			
	377	418			
	377	419			
	377	420			
	376	292			
	376	293			
	376	294			
	376	295			
	376	296			
	281	386			
	281	387			
	281	388			
	281	389			
	281	390			
	281	391			
	281	392			
	376	416			
	376	417			
	376	418			
	376	419			
	376	420			
	375	292			
	375	293			
	375	294			
	375	295			
	375	296			
	281	393			
	281	394			
	281	395			
	281	396			
	281	397			
	281	398			
	281	399			
	375	416			
	375	417			
	375	418			
	375	419			
	375	420			
	374	292			
	374	293			
	374	294			
	374	295			
	374	296			
	374	416			
	374	417			
	374	418			
	281	400			
	281	401			
	281	402			
	281	403			
	281	404			
	281	405			
	281	406			
	374	419			
	374	420			
	373	292			
	373	293			
	373	294			
	373	295			
	373	296			
	373	416			
	373	417			
	373	418			
	373	419			
	373	420			
	372	292			
	372	293			
	372	294			
	372	295			
	372	296			
	281	407			
	281	408			
	281	409			
	281	410			
	281	411			
	281	412			
	281	413			
	372	416			
	372	417			
	372	418			
	372	419			
	372	420			
	371	292			
	371	293			
	371	294			
	371	295			
	371	296			
	281	414			
	281	415			
	281	416			
	281	417			
	281	418			
	281	419			
	281	420			
	371	416			
	371	417			
	371	418			
	371	419			
	371	420			
	370	292			
	370	293			
	370	294			
	370	295			
	370	296			
	370	416			
	370	417			
	370	418			
	370	419			
	370	420			
	369	292			
	369	293			
	369	294			
	369	295			
	369	296			
	280	292			
	280	293			
	280	294			
	280	295			
	280	296			
	280	297			
	280	298			
	369	416			
	369	417			
	369	418			
	369	419			
	369	420			
	368	292			
	368	293			
	368	294			
	368	295			
	368	296			
	280	299			
	280	300			
	280	301			
	280	302			
	280	303			
	280	304			
	280	305			
	368	416			
	368	417			
	368	418			
	368	419			
	368	420			
	367	292			
	367	293			
	367	294			
	367	295			
	367	296			
	280	306			
	280	307			
	280	308			
	280	309			
	280	310			
	280	311			
	280	312			
	367	416			
	367	417			
	367	418			
	367	419			
	367	420			
	366	292			
	366	293			
	366	294			
	366	295			
	366	296			
	366	416			
	366	417			
	366	418			
	366	419			
	366	420			
	365	292			
	365	293			
	365	294			
	365	295			
	365	296			
	280	313			
	280	314			
	280	315			
	280	316			
	280	317			
	280	318			
	280	319			
	365	416			
	365	417			
	365	418			
	365	419			
	365	420			
	364	292			
	364	293			
	364	294			
	364	295			
	364	296			
	280	320			
	280	321			
	280	322			
	280	323			
	280	324			
	280	325			
	280	326			
	364	416			
	364	417			
	364	418			
	364	419			
	364	420			
	363	292			
	363	293			
	363	294			
	363	295			
	363	296			
	280	327			
	280	328			
	280	329			
	280	330			
	280	331			
	280	332			
	280	333			
	363	416			
	363	417			
	363	418			
	363	419			
	363	420			
	362	292			
	362	293			
	362	294			
	362	295			
	362	296			
	362	416			
	362	417			
	362	418			
	362	419			
	362	420			
	361	292			
	361	293			
	361	294			
	361	295			
	361	296			
	280	334			
	280	335			
	280	336			
	280	337			
	280	338			
	280	339			
	280	340			
	361	416			
	361	417			
	361	418			
	361	419			
	361	420			
	360	292			
	360	293			
	360	294			
	360	295			
	360	296			
	280	341			
	280	342			
	280	343			
	280	344			
	280	345			
	280	346			
	280	347			
	360	416			
	360	417			
	360	418			
	360	419			
	360	420			
	359	292			
	359	293			
	359	294			
	359	295			
	359	296			
	359	416			
	359	417			
	359	418			
	359	419			
	280	348			
	280	349			
	280	350			
	280	351			
	280	352			
	280	353			
	280	354			
	359	420			
	358	292			
	358	293			
	358	294			
	358	295			
	358	296			
	358	416			
	358	417			
	358	418			
	358	419			
	358	420			
	357	292			
	357	293			
	357	294			
	357	295			
	357	296			
	280	355			
	280	356			
	280	357			
	280	358			
	280	359			
	280	360			
	280	361			
	357	416			
	357	417			
	357	418			
	357	419			
	357	420			
	356	292			
	356	293			
	356	294			
	356	295			
	356	296			
	292	296			
	292	295			
	292	294			
	280	362			
	280	363			
	280	364			
	280	365			
	280	366			
	280	367			
	280	368			
	356	416			
	356	417			
	356	418			
	356	419			
	356	420			
	355	292			
	355	293			
	355	294			
	355	295			
	355	296			
	355	416			
	355	417			
	355	418			
	355	419			
	355	420			
	354	292			
	354	293			
	354	294			
	354	295			
	354	296			
	292	293			
	292	292			
	293	420			
	293	419			
	280	369			
	280	370			
	280	371			
	280	372			
	280	373			
	280	374			
	280	375			
	354	416			
	354	417			
	354	418			
	354	419			
	354	420			
	353	292			
	353	293			
	353	294			
	353	295			
	353	296			
	293	418			
	293	417			
	293	416			
	280	376			
	280	377			
	280	378			
	280	379			
	280	380			
	280	381			
	280	382			
	353	416			
	353	417			
	353	418			
	353	419			
	353	420			
	352	292			
	352	293			
	352	294			
	352	295			
	352	296			
	280	383			
	280	384			
	280	385			
	280	386			
	280	387			
	280	388			
	280	389			
	352	416			
	352	417			
	352	418			
	352	419			
	352	420			
	351	292			
	351	293			
	351	294			
	351	295			
	351	296			
	351	416			
	351	417			
	351	418			
	351	419			
	351	420			
	350	292			
	350	293			
	350	294			
	350	295			
	350	296			
	280	390			
	280	391			
	280	392			
	280	393			
	280	394			
	280	395			
	280	396			
	350	416			
	350	417			
	350	418			
	350	419			
	350	420			
	349	292			
	349	293			
	349	294			
	349	295			
	349	296			
	280	397			
	280	398			
	280	399			
	280	400			
	280	401			
	280	402			
	280	403			
	349	416			
	349	417			
	349	418			
	349	419			
	349	420			
	348	292			
	348	293			
	348	294			
	348	295			
	348	296			
	280	404			
	280	405			
	280	406			
	280	407			
	280	408			
	280	409			
	280	410			
	348	416			
	348	417			
	348	418			
	348	419			
	348	420			
	347	292			
	347	293			
	347	294			
	347	295			
	347	296			
	347	416			
	347	417			
	347	418			
	347	419			
	347	420			
	346	292			
	346	293			
	346	294			
	346	295			
	346	296			
	280	411			
	280	412			
	280	413			
	280	414			
	280	415			
	280	416			
	280	417			
	346	416			
	346	417			
	346	418			
	346	419			
	346	420			
	345	292			
	345	293			
	345	294			
	345	295			
	345	296			
	280	418			
	280	419			
	280	420			
	279	292			
	279	293			
	279	294			
	279	295			
	345	416			
	345	417			
	345	418			
	345	419			
	345	420			
	344	292			
	344	293			
	344	294			
	344	295			
	344	296			
	344	416			
	344	417			
	344	418			
	344	419			
	344	420			
	279	296			
	279	297			
	279	298			
	279	299			
	279	300			
	279	301			
	279	302			
	343	292			
	343	293			
	343	294			
	343	295			
	343	296			
	343	416			
	343	417			
	343	418			
	343	419			
	343	420			
	342	292			
	342	293			
	342	294			
	342	295			
	342	296			
	279	303			
	279	304			
	279	305			
	279	306			
	279	307			
	279	308			
	279	309			
	342	416			
	342	417			
	342	418			
	342	419			
	342	420			
	341	292			
	341	293			
	341	294			
	341	295			
	341	296			
	279	310			
	279	311			
	279	312			
	279	313			
	279	314			
	279	315			
	279	316			
	341	416			
	341	417			
	341	418			
	341	419			
	341	420			
	340	292			
	340	293			
	340	294			
	340	295			
	340	296			
	340	416			
	340	417			
	340	418			
	340	419			
	340	420			
	339	292			
	339	293			
	339	294			
	339	295			
	339	296			
	279	317			
	279	318			
	279	319			
	279	320			
	279	321			
	279	322			
	279	323			
	339	416			
	339	417			
	339	418			
	339	419			
	339	420			
	338	292			
	338	293			
	338	294			
	338	295			
	338	296			
	279	324			
	279	325			
	279	326			
	279	327			
	279	328			
	279	329			
	279	330			
	338	416			
	338	417			
	338	418			
	338	419			
	338	420			
	337	292			
	337	293			
	337	294			
	337	295			
	337	296			
	279	331			
	279	332			
	279	333			
	279	334			
	279	335			
	279	336			
	279	337			
	337	416			
	337	417			
	337	418			
	337	419			
	337	420			
	336	292			
	336	293			
	336	294			
	336	295			
	336	296			
	336	416			
	336	417			
	336	418			
	336	419			
	336	420			
	335	292			
	335	293			
	335	294			
	335	295			
	335	296			
	279	338			
	279	339			
	279	340			
	279	341			
	279	342			
	279	343			
	279	344			
	335	416			
	335	417			
	335	418			
	335	419			
	335	420			
	334	292			
	334	293			
	334	294			
	334	295			
	334	296			
	279	345			
	279	346			
	279	347			
	279	348			
	279	349			
	279	350			
	279	351			
	334	416			
	334	417			
	334	418			
	334	419			
	334	420			
	333	292			
	333	293			
	333	294			
	333	295			
	333	296			
	279	352			
	279	353			
	279	354			
	279	355			
	279	356			
	279	357			
	279	358			
	333	416			
	333	417			
	333	418			
	333	419			
	333	420			
	332	292			
	332	293			
	332	294			
	332	295			
	332	296			
	332	416			
	332	417			
	332	418			
	332	419			
	332	420			
	331	292			
	331	293			
	331	294			
	331	295			
	331	296			
	279	359			
	279	360			
	279	361			
	279	362			
	279	363			
	279	364			
	279	365			
	331	416			
	331	417			
	331	418			
	331	419			
	331	420			
	330	292			
	330	293			
	330	294			
	330	295			
	330	296			
	279	366			
	279	367			
	279	368			
	279	369			
	279	370			
	279	371			
	279	372			
	330	416			
	330	417			
	330	418			
	330	419			
	330	420			
	329	292			
	329	293			
	329	294			
	329	295			
	329	296			
	329	416			
	329	417			
	329	418			
	329	419			
	329	420			
	328	292			
	279	373			
	279	374			
	279	375			
	279	376			
	279	377			
	279	378			
	279	379			
	328	293			
	328	294			
	328	295			
	328	296			
	328	416			
	328	417			
	328	418			
	328	419			
	328	420			
	327	292			
	327	293			
	327	294			
	327	295			
	327	296			
	279	380			
	279	381			
	279	382			
	279	383			
	279	384			
	279	385			
	279	386			
	327	416			
	327	417			
	327	418			
	327	419			
	327	420			
	326	292			
	326	293			
	326	294			
	326	295			
	326	296			
	279	387			
	279	388			
	279	389			
	279	390			
	279	391			
	279	392			
	279	393			
	326	416			
	326	417			
	326	418			
	326	419			
	326	420			
	325	292			
	325	293			
	325	294			
	325	295			
	325	296			
	325	416			
	325	417			
	325	418			
	325	419			
	325	420			
	324	292			
	324	293			
	324	294			
	324	295			
	324	296			
	279	394			
	279	395			
	279	396			
	279	397			
	279	398			
	279	399			
	279	400			
	324	416			
	324	417			
	324	418			
	324	419			
	324	420			
	323	292			
	323	293			
	323	294			
	323	295			
	323	296			
	279	401			
	279	402			
	279	403			
	279	404			
	279	405			
	279	406			
	279	407			
	323	416			
	323	417			
	323	418			
	323	419			
	323	420			
	322	292			
	322	293			
	322	294			
	322	295			
	322	296			
	279	408			
	279	409			
	279	410			
	279	411			
	279	412			
	279	413			
	279	414			
	322	416			
	322	417			
	322	418			
	322	419			
	322	420			
	321	292			
	321	293			
	321	294			
	321	295			
	321	296			
	321	416			
	321	417			
	321	418			
	321	419			
	321	420			
	320	292			
	320	293			
	320	294			
	320	295			
	320	296			
	279	415			
	279	416			
	279	417			
	279	418			
	279	419			
	279	420			
	278	292			
	320	416			
	320	417			
	320	418			
	320	419			
	320	420			
	319	292			
	319	293			
	319	294			
	319	295			
	319	296			
	278	293			
	278	294			
	278	295			
	278	296			
	278	297			
	278	298			
	278	299			
	319	416			
	319	417			
	319	418			
	319	419			
	319	420			
	318	292			
	318	293			
	318	294			
	318	295			
	318	296			
	278	300			
	278	301			
	278	302			
	278	303			
	278	304			
	278	305			
	278	306			
	318	416			
	318	417			
	318	418			
	318	419			
	318	420			
	317	292			
	317	293			
	317	294			
	317	295			
	317	296			
	317	416			
	317	417			
	317	418			
	317	419			
	317	420			
	316	292			
	316	293			
	316	294			
	316	295			
	316	296			
	278	307			
	278	308			
	278	309			
	278	310			
	278	311			
	278	312			
	278	313			
	316	416			
	316	417			
	316	418			
	316	419			
	316	420			
	315	292			
	315	293			
	315	294			
	315	295			
	315	296			
	278	314			
	278	315			
	278	316			
	278	317			
	278	318			
	278	319			
	278	320			
	315	416			
	315	417			
	315	418			
	315	419			
	315	420			
	314	292			
	314	293			
	314	294			
	314	295			
	314	296			
	314	416			
	314	417			
	314	418			
	314	419			
	314	420			
	313	292			
	313	293			
	278	321			
	278	322			
	278	323			
	278	324			
	278	325			
	278	326			
	278	327			
	313	294			
	313	295			
	313	296			
	313	416			
	313	417			
	313	418			
	313	419			
	313	420			
	312	292			
	312	293			
	312	294			
	312	295			
	312	296			
	293	296			
	278	328			
	278	329			
	278	330			
	278	331			
	278	332			
	278	333			
	278	334			
	312	416			
	312	417			
	312	418			
	312	419			
	312	420			
	311	292			
	311	293			
	311	294			
	311	295			
	311	296			
	293	295			
	293	294			
	293	293			
	293	292			
	278	335			
	278	336			
	278	337			
	278	338			
	278	339			
	278	340			
	278	341			
	311	416			
	311	417			
	311	418			
	311	419			
	311	420			
	310	292			
	310	293			
	310	294			
	310	295			
	310	296			
	310	416			
	310	417			
	310	418			
	310	419			
	310	420			
	309	292			
	309	293			
	309	294			
	309	295			
	309	296			
	294	420			
	294	419			
	294	418			
	294	417			
	278	342			
	278	343			
	278	344			
	278	345			
	278	346			
	278	347			
	278	348			
	309	416			
	309	417			
	309	418			
	309	419			
	309	420			
	308	292			
	308	293			
	308	294			
	308	295			
	308	296			
	294	416			
	278	349			
	278	350			
	278	351			
	278	352			
	278	353			
	278	354			
	278	355			
	278	356			
	278	357			
	278	358			
	278	359			
	278	360			
	294	296			
	294	295			
	294	294			
	294	293			
	294	292			
	295	420			
	295	419			
	295	418			
	295	417			
	295	416			
	278	361			
	278	362			
	278	363			
	278	364			
	278	365			
	278	366			
	278	367			
	278	368			
	278	369			
	278	370			
	278	371			
	278	372			
	295	296			
	295	295			
	295	294			
	295	293			
	295	292			
	296	420			
	296	419			
	296	418			
	296	417			
	296	416			
	278	373			
	278	374			
	278	375			
	278	376			
	278	377			
	278	378			
	278	379			
	278	380			
	278	381			
	278	382			
	278	383			
	278	384			
	296	296			
	296	295			
	296	294			
	296	293			
	296	292			
	297	420			
	297	419			
	297	418			
	297	417			
	297	416			
	297	296			
	297	295			
	297	294			
	297	293			
	297	292			
	298	420			
	298	419			
	298	418			
	298	417			
	298	416			
	278	385			
	278	386			
	278	387			
	278	388			
	278	389			
	278	390			
	278	391			
	278	392			
	278	393			
	278	394			
	278	395			
	278	396			
	298	296			
	298	295			
	298	294			
	298	293			
	298	292			
	299	420			
	299	419			
	299	418			
	299	417			
	299	416			
	278	397			
	278	398			
	278	399			
	278	400			
	278	401			
	278	402			
	278	403			
	278	404			
	278	405			
	278	406			
	278	407			
	278	408			
	299	296			
	299	295			
	299	294			
	299	293			
	299	292			
	300	420			
	300	419			
	300	418			
	300	417			
	300	416			
	278	409			
	278	410			
	278	411			
	278	412			
	278	413			
	278	414			
	278	415			
	278	416			
	278	417			
	278	418			
	278	419			
	278	420			
	300	296			
	300	295			
	300	294			
	300	293			
	300	292			
	301	420			
	301	419			
	301	418			
	301	417			
	301	416			
	301	296			
	301	295			
	301	294			
	301	293			
	301	292			
	302	420			
	302	419			
	302	418			
	302	417			
	302	416			
AW1					
	281	343			
	281	342			
	281	341			
	281	340			
	281	339			
	281	338			
	281	337			
	281	336			
	281	335			
	281	334			
	281	333			
	281	332			
	281	331			
	281	330			
	281	329			
	281	328			
	281	327			
	281	326			
	281	325			
	281	324			
	281	323			
	281	322			
	281	321			
	281	320			
	281	319			
	281	318			
	281	317			
	281	316			
	281	315			
	281	314			
	281	313			
	281	312			
	281	311			
	281	310			
	281	309			
	281	308			
	281	307			
	281	306			
	281	305			
	281	304			
	281	303			
	281	302			
	281	301			
	281	300			
	281	299			
	281	298			
	281	297			
	282	343			
	282	342			
	282	341			
	282	340			
	282	339			
	282	338			
	282	337			
	282	336			
	282	335			
	282	334			
	282	333			
	282	332			
	282	331			
	282	330			
	282	329			
	282	328			
	282	327			
	282	326			
	282	325			
	282	324			
	282	323			
	282	322			
	282	321			
	282	320			
	282	319			
	282	318			
	282	317			
	282	316			
	282	315			
	282	314			
	282	313			
	282	312			
	282	311			
	282	310			
	282	309			
	282	308			
	282	307			
	282	306			
	282	305			
	282	304			
	282	303			
	282	302			
	282	301			
	282	300			
	282	299			
	282	298			
	282	297			
	283	343			
	283	342			
	283	341			
	283	340			
	283	339			
	283	338			
	283	337			
	283	336			
	283	335			
	283	334			
	283	333			
	283	332			
	283	331			
	283	330			
	283	329			
	283	328			
	283	327			
	283	326			
	283	325			
	283	324			
	283	323			
	283	322			
	283	321			
	283	320			
	283	319			
	283	318			
	283	317			
	283	316			
	283	315			
	283	314			
	283	313			
	283	312			
	283	311			
	283	310			
	283	309			
	283	308			
	283	307			
	283	306			
	283	305			
	283	304			
	283	303			
	283	302			
	283	301			
	283	300			
	283	299			
	283	298			
	283	297			
	284	343			
	284	342			
	284	341			
	284	340			
	284	339			
	284	338			
	284	337			
	284	336			
	284	335			
	284	334			
	284	333			
	284	332			
	284	331			
	284	330			
	284	329			
	284	328			
	284	327			
	284	326			
	284	325			
	284	324			
	284	323			
	284	322			
	284	321			
	284	320			
	284	319			
	284	318			
	284	317			
	284	316			
	284	315			
	284	314			
	284	313			
	284	312			
	284	311			
	284	310			
	284	309			
	284	308			
	284	307			
	284	306			
	284	305			
	284	304			
	284	303			
	284	302			
	284	301			
	284	300			
	284	299			
	284	298			
	284	297			
	285	343			
	285	342			
	285	341			
	285	340			
	285	339			
	285	338			
	285	337			
	285	336			
	285	335			
	285	334			
	285	333			
	285	332			
	285	331			
	285	330			
	285	329			
	285	328			
	285	327			
	285	326			
	285	325			
	285	324			
	285	323			
	285	322			
	285	321			
	285	320			
	285	319			
	285	318			
	285	317			
	285	316			
	285	315			
	285	314			
	285	313			
	285	312			
	285	311			
	285	310			
	285	309			
	285	308			
	285	307			
	285	306			
	285	305			
	285	304			
	285	303			
	285	302			
	285	301			
	285	300			
	285	299			
	285	298			
	285	297			
	286	343			
	286	342			
	286	341			
	286	340			
	286	339			
	286	338			
	286	337			
	286	336			
	286	335			
	286	334			
	286	333			
	286	332			
	286	331			
	286	330			
	286	329			
	286	328			
	286	327			
	286	326			
	286	325			
	286	324			
	286	323			
	286	322			
	286	321			
	286	320			
	286	319			
	286	318			
	286	317			
	286	316			
	286	315			
	286	314			
	286	313			
	286	312			
	286	311			
	286	310			
	286	309			
	286	308			
	286	307			
	286	306			
	286	305			
	286	304			
	286	303			
	286	302			
	286	301			
	286	300			
	286	299			
	286	298			
	286	297			
	287	343			
	287	342			
	287	341			
	287	340			
	287	339			
	287	338			
	287	337			
	287	336			
	287	335			
	287	334			
	287	333			
	287	332			
	287	331			
	287	330			
	287	329			
	287	328			
	287	327			
	287	326			
	287	325			
	287	324			
	287	323			
	287	322			
	287	321			
	287	320			
	287	319			
	287	318			
	287	317			
	287	316			
	287	315			
	287	314			
	287	313			
	287	312			
	287	311			
	287	310			
	287	309			
	287	308			
	287	307			
	287	306			
	287	305			
	287	304			
	287	303			
	287	302			
	287	301			
	287	300			
	287	299			
	287	298			
	287	297			
	288	343			
	288	342			
	288	341			
	288	340			
	288	339			
	288	338			
	288	337			
	288	336			
	288	335			
	288	334			
	288	333			
	288	332			
	288	331			
	288	330			
	288	329			
	288	328			
	288	327			
	288	326			
	288	325			
	288	324			
	288	323			
	288	322			
	288	321			
	288	320			
	288	319			
	288	318			
	288	317			
	288	316			
	288	315			
	288	314			
	288	313			
	288	312			
	288	311			
	288	310			
	288	309			
	288	308			
	288	307			
	288	306			
	288	305			
	288	304			
	288	303			
	288	302			
	288	301			
	288	300			
	288	299			
	288	298			
	288	297			
	289	343			
	289	342			
	289	341			
	289	340			
	289	339			
	289	338			
	289	337			
	289	336			
	289	335			
	289	334			
	289	333			
	289	332			
	289	331			
	289	330			
	289	329			
	289	328			
	289	327			
	289	326			
	289	325			
	289	324			
	289	323			
	289	322			
	289	321			
	289	320			
	289	319			
	289	318			
	289	317			
	289	316			
	289	315			
	289	314			
	289	313			
	289	312			
	289	311			
	289	310			
	289	309			
	289	308			
	289	307			
	289	306			
	289	305			
	289	304			
	289	303			
	289	302			
	289	301			
	289	300			
	289	299			
	289	298			
	289	297			
	290	343			
	290	342			
	290	341			
	290	340			
	290	339			
	290	338			
	290	337			
	290	336			
	290	335			
	290	334			
	290	333			
	290	332			
	290	331			
	290	330			
	290	329			
	290	328			
	290	327			
	290	326			
	290	325			
	290	324			
	290	323			
	290	322			
	290	321			
	290	320			
	290	319			
	290	318			
	290	317			
	290	316			
	290	315			
	290	314			
	290	313			
	290	312			
	290	311			
	290	310			
	290	309			
	290	308			
	290	307			
	290	306			
	290	305			
	290	304			
	290	303			
	290	302			
	290	301			
	290	300			
	290	299			
	290	298			
	290	297			
	291	343			
	291	342			
	291	341			
	291	340			
	291	339			
	291	338			
	291	337			
	291	336			
	291	335			
	291	334			
	291	333			
	291	332			
	291	331			
	291	330			
	291	329			
	291	328			
	291	327			
	291	326			
	291	325			
	291	324			
	291	323			
	291	322			
	291	321			
	291	320			
	291	319			
	291	318			
	291	317			
	291	316			
	291	315			
	291	314			
	291	313			
	291	312			
	291	311			
	291	310			
	291	309			
	291	308			
	291	307			
	291	306			
	291	305			
	291	304			
	291	303			
	291	302			
	291	301			
	291	300			
	291	299			
	291	298			
	291	297			
	292	343			
	292	342			
	292	341			
	292	340			
	292	339			
	292	338			
	292	337			
	292	336			
	292	335			
	292	334			
	292	333			
	292	332			
	292	331			
	292	330			
	292	329			
	292	328			
	292	327			
	292	326			
	292	325			
	292	324			
	292	323			
	292	322			
	292	321			
	292	320			
	292	319			
	292	318			
	292	317			
	292	316			
	292	315			
	292	314			
	292	313			
	292	312			
	292	311			
	292	310			
	292	309			
	292	308			
	292	307			
	292	306			
	292	305			
	292	304			
	292	303			
	292	302			
	292	301			
	292	300			
	292	299			
	292	298			
	292	297			
	293	343			
	293	342			
	293	341			
	293	340			
	293	339			
	293	338			
	293	337			
	293	336			
	293	335			
	293	334			
	293	333			
	293	332			
	293	331			
	293	330			
	293	329			
	293	328			
	293	327			
	293	326			
	293	325			
	293	324			
	293	323			
	293	322			
	293	321			
	293	320			
	293	319			
	293	318			
	293	317			
	293	316			
	293	315			
	293	314			
	293	313			
	293	312			
	293	311			
	293	310			
	293	309			
	293	308			
	293	307			
	293	306			
	293	305			
	293	304			
	293	303			
	293	302			
	293	301			
	293	300			
	293	299			
	293	298			
	293	297			
	294	343			
	294	342			
	294	341			
	294	340			
	294	339			
	294	338			
	294	337			
	294	336			
	294	335			
	294	334			
	294	333			
	294	332			
	294	331			
	294	330			
	294	329			
	294	328			
	294	327			
	294	326			
	294	325			
	294	324			
	294	323			
	294	322			
	294	321			
	294	320			
	294	319			
	294	318			
	294	317			
	294	316			
	294	315			
	294	314			
	294	313			
	294	312			
	294	311			
	294	310			
	294	309			
	294	308			
	294	307			
	294	306			
	294	305			
	294	304			
	294	303			
	294	302			
	294	301			
	294	300			
	294	299			
	294	298			
	294	297			
	295	343			
	295	342			
	295	341			
	295	340			
	295	339			
	295	338			
	295	337			
	295	336			
	295	335			
	295	334			
	295	333			
	295	332			
	295	331			
	295	330			
	295	329			
	295	328			
	295	327			
	295	326			
	295	325			
	295	324			
	295	323			
	295	322			
	295	321			
	295	320			
	295	319			
	295	318			
	295	317			
	295	316			
	295	315			
	295	314			
	295	313			
	295	312			
	295	311			
	295	310			
	295	309			
	295	308			
	295	307			
	295	306			
	295	305			
	295	304			
	295	303			
	295	302			
	295	301			
	295	300			
	295	299			
	295	298			
	295	297			
	296	343			
	296	342			
	296	341			
	296	340			
	296	339			
	296	338			
	296	337			
	296	336			
	296	335			
	296	334			
	296	333			
	296	332			
	296	331			
	296	330			
	296	329			
	296	328			
	296	327			
	296	326			
	296	325			
	296	324			
	296	323			
	296	322			
	296	321			
	296	320			
	296	319			
	296	318			
	296	317			
	296	316			
	296	315			
	296	314			
	296	313			
	296	312			
	296	311			
	296	310			
	296	309			
	296	308			
	296	307			
	296	306			
	296	305			
	296	304			
	296	303			
	296	302			
	296	301			
	296	300			
	296	299			
	296	298			
	296	297			
	297	343			
	297	342			
	297	341			
	297	340			
	297	339			
	297	338			
	297	337			
	297	336			
	297	335			
	297	334			
	297	333			
	297	332			
	297	331			
	297	330			
	297	329			
	297	328			
	297	327			
	297	326			
	297	325			
	297	324			
	297	323			
	297	322			
	297	321			
	297	320			
	297	319			
	297	318			
	297	317			
	297	316			
	297	315			
	297	314			
	297	313			
	297	312			
	297	311			
	297	310			
	297	309			
	297	308			
	297	307			
	297	306			
	297	305			
	297	304			
	297	303			
	297	302			
	297	301			
	297	300			
	297	299			
	297	298			
	297	297			
	298	343			
	298	342			
	298	341			
	298	340			
	298	339			
	298	338			
	298	337			
	298	336			
	298	335			
	298	334			
	298	333			
	298	332			
	298	331			
	298	330			
	298	329			
	298	328			
	298	327			
	298	326			
	298	325			
	298	324			
	298	323			
	298	322			
	298	321			
	298	320			
	298	319			
	298	318			
	298	317			
	298	316			
	298	315			
	298	314			
	298	313			
	298	312			
	298	311			
	298	310			
	298	309			
	298	308			
	298	307			
	298	306			
	298	305			
	298	304			
	298	303			
	298	302			
	298	301			
	298	300			
	298	299			
	298	298			
	298	297			
	299	343			
	299	342			
	299	341			
	299	340			
	299	339			
	299	338			
	299	337			
	299	336			
	299	335			
	299	334			
	299	333			
	299	332			
	299	331			
	299	330			
	299	329			
	299	328			
	299	327			
	299	326			
	299	325			
	299	324			
	299	323			
	299	322			
	299	321			
	299	320			
	299	319			
	299	318			
	299	317			
	299	316			
	299	315			
	299	314			
	299	313			
	299	312			
	299	311			
	299	310			
	299	309			
	299	308			
	299	307			
	299	306			
	299	305			
	299	304			
	299	303			
	299	302			
	299	301			
	299	300			
	299	299			
	299	298			
	299	297			
	300	343			
	300	342			
	300	341			
	300	340			
	300	339			
	300	338			
	300	337			
	300	336			
	300	335			
	300	334			
	300	333			
	300	332			
	300	331			
	300	330			
	300	329			
	300	328			
	300	327			
	300	326			
	300	325			
	300	324			
	300	323			
	300	322			
	300	321			
	300	320			
	300	319			
	300	318			
	300	317			
	300	316			
	300	315			
	300	314			
	300	313			
	300	312			
	300	311			
	300	310			
	300	309			
	300	308			
	300	307			
	300	306			
	300	305			
	300	304			
	300	303			
	300	302			
	300	301			
	300	300			
	300	299			
	300	298			
	300	297			
	301	343			
	301	342			
	301	341			
	301	340			
	301	339			
	301	338			
	301	337			
	301	336			
	301	335			
	301	334			
	301	333			
	301	332			
	301	331			
	301	330			
	301	329			
	301	328			
	301	327			
	301	326			
	301	325			
	301	324			
	301	323			
	301	322			
	301	321			
	301	320			
	301	319			
	301	318			
	301	317			
	301	316			
	301	315			
	301	314			
	301	313			
	301	312			
	301	311			
	301	310			
	301	309			
	301	308			
	301	307			
	301	306			
	301	305			
	301	304			
	301	303			
	301	302			
	301	301			
	301	300			
	301	299			
	301	298			
	301	297			
	302	343			
	302	342			
	302	341			
	302	340			
	302	339			
	302	338			
	302	337			
	302	336			
	302	335			
	302	334			
	302	333			
	302	332			
	302	331			
	302	330			
	302	329			
	302	328			
	302	327			
	302	326			
	302	325			
	302	324			
	302	323			
	302	322			
	302	321			
	302	320			
	302	319			
	302	318			
	302	317			
	302	316			
	302	315			
	302	314			
	302	313			
	302	312			
	302	311			
	302	310			
	302	309			
	302	308			
	302	307			
	302	306			
	302	305			
	302	304			
	302	303			
	302	302			
	302	301			
	302	300			
	302	299			
	302	298			
	302	297			
	303	343			
	303	342			
	303	341			
	303	340			
	303	339			
	303	338			
	303	337			
	303	336			
	303	335			
	303	334			
	303	333			
	303	332			
	303	331			
	303	330			
	303	329			
	303	328			
	303	327			
	303	326			
	303	325			
	303	324			
	303	323			
	303	322			
	303	321			
	303	320			
	303	319			
	303	318			
	303	317			
	303	316			
	303	315			
	303	314			
	303	313			
	303	312			
	303	311			
	303	310			
	303	309			
	303	308			
	303	307			
	303	306			
	303	305			
	303	304			
	303	303			
	303	302			
	303	301			
	303	300			
	303	299			
	303	298			
	303	297			
	304	343			
	304	342			
	304	341			
	304	340			
	304	339			
	304	338			
	304	337			
	304	336			
	304	335			
	304	334			
	304	333			
	304	332			
	304	331			
	304	330			
	304	329			
	304	328			
	304	327			
	304	326			
	304	325			
	304	324			
	304	323			
	304	322			
	304	321			
	304	320			
	304	319			
	304	318			
	304	317			
	304	316			
	304	315			
	304	314			
	304	313			
	304	312			
	304	311			
	304	310			
	304	309			
	304	308			
	304	307			
	304	306			
	304	305			
	304	304			
	304	303			
	304	302			
	304	301			
	304	300			
	304	299			
	304	298			
	304	297			
	305	343			
	305	342			
	305	341			
	305	340			
	305	339			
	305	338			
	305	337			
	305	336			
	305	335			
	305	334			
	305	333			
	305	332			
	305	331			
	305	330			
	305	329			
	305	328			
	305	327			
	305	326			
	305	325			
	305	324			
	305	323			
	305	322			
	305	321			
	305	320			
	305	319			
	305	318			
	305	317			
	305	316			
	305	315			
	305	314			
	305	313			
	305	312			
	305	311			
	305	310			
	305	309			
	305	308			
	305	307			
	305	306			
	305	305			
	305	304			
	305	303			
	305	302			
	305	301			
	305	300			
	305	299			
	305	298			
	305	297			
	306	343			
	306	342			
	306	341			
	306	340			
	306	339			
	306	338			
	306	337			
	306	336			
	306	335			
	306	334			
	306	333			
	306	332			
	306	331			
	306	330			
	306	329			
	306	328			
	306	327			
	306	326			
	306	325			
	306	324			
	306	323			
	306	322			
	306	321			
	306	320			
	306	319			
	306	318			
	306	317			
	306	316			
	306	315			
	306	314			
	306	313			
	306	312			
	306	311			
	306	310			
	306	309			
	306	308			
	306	307			
	306	306			
	306	305			
	306	304			
	306	303			
	306	302			
	306	301			
	306	300			
	306	299			
	306	298			
	306	297			
	307	343			
	307	342			
	307	341			
	307	340			
	307	339			
	307	338			
	307	337			
	307	336			
	307	335			
	307	334			
	307	333			
	307	332			
	307	331			
	307	330			
	307	329			
	307	328			
	307	327			
	307	326			
	307	325			
	307	324			
	307	323			
	307	322			
	307	321			
	307	320			
	307	319			
	307	318			
	307	317			
	307	316			
	307	315			
	307	314			
	307	313			
	307	312			
	307	311			
	307	310			
	307	309			
	307	308			
	307	307			
	307	306			
	307	305			
	307	304			
	307	303			
	307	302			
	307	301			
	307	300			
	307	299			
	307	298			
	307	297			
	308	343			
	308	342			
	308	341			
	308	340			
	308	339			
	308	338			
	308	337			
	308	336			
	308	335			
	308	334			
	308	333			
	308	332			
	308	331			
	308	330			
	308	329			
	308	328			
	308	327			
	308	326			
	308	325			
	308	324			
	308	323			
	308	322			
	308	321			
	308	320			
	308	319			
	308	318			
	308	317			
	308	316			
	308	315			
	308	314			
	308	313			
	308	312			
	308	311			
	308	310			
	308	309			
	308	308			
	308	307			
	308	306			
	308	305			
	308	304			
	308	303			
	308	302			
	308	301			
	308	300			
	308	299			
	308	298			
	308	297			
	309	343			
	309	342			
	309	341			
	309	340			
	309	339			
	309	338			
	309	337			
	309	336			
	309	335			
	309	334			
	309	333			
	309	332			
	309	331			
	309	330			
	309	329			
	309	328			
	309	327			
	309	326			
	309	325			
	309	324			
	309	323			
	309	322			
	309	321			
	309	320			
	309	319			
	309	318			
	309	317			
	309	316			
	309	315			
	309	314			
	309	313			
	309	312			
	309	311			
	309	310			
	309	309			
	309	308			
	309	307			
	309	306			
	309	305			
	309	304			
	309	303			
	309	302			
	309	301			
	309	300			
	309	299			
	309	298			
	309	297			
	310	343			
	310	342			
	310	341			
	310	340			
	310	339			
	310	338			
	310	337			
	310	336			
	310	335			
	310	334			
	310	333			
	310	332			
	310	331			
	310	330			
	310	329			
	310	328			
	310	327			
	310	326			
	310	325			
	310	324			
	310	323			
	310	322			
	310	321			
	310	320			
	310	319			
	310	318			
	310	317			
	310	316			
	310	315			
	310	314			
	310	313			
	310	312			
	310	311			
	310	310			
	310	309			
	310	308			
	310	307			
	310	306			
	310	305			
	310	304			
	310	303			
	310	302			
	310	301			
	310	300			
	310	299			
	310	298			
	310	297			
	311	343			
	311	342			
	311	341			
	311	340			
	311	339			
	311	338			
	311	337			
	311	336			
	311	335			
	311	334			
	311	333			
	311	332			
	311	331			
	311	330			
	311	329			
	311	328			
	311	327			
	311	326			
	311	325			
	311	324			
	311	323			
	311	322			
	311	321			
	311	320			
	311	319			
	311	318			
	311	317			
	311	316			
	311	315			
	311	314			
	311	313			
	311	312			
	311	311			
	311	310			
	311	309			
	311	308			
	311	307			
	311	306			
	311	305			
	311	304			
	311	303			
	311	302			
	311	301			
	311	300			
	311	299			
	311	298			
	311	297			
	312	343			
	312	342			
	312	341			
	312	340			
	312	339			
	312	338			
	312	337			
	312	336			
	312	335			
	312	334			
	312	333			
	312	332			
	312	331			
	312	330			
	312	329			
	312	328			
	312	327			
	312	326			
	312	325			
	312	324			
	312	323			
	312	322			
	312	321			
	312	320			
	312	319			
	312	318			
	312	317			
	312	316			
	312	315			
	312	314			
	312	313			
	312	312			
	312	311			
	312	310			
	312	309			
	312	308			
	312	307			
	312	306			
	312	305			
	312	304			
	312	303			
	312	302			
	312	301			
	312	300			
	312	299			
	312	298			
	312	297			
	313	343			
	313	342			
	313	341			
	313	340			
	313	339			
	313	338			
	313	337			
	313	336			
	313	335			
	313	334			
	313	333			
	313	332			
	313	331			
	313	330			
	313	329			
	313	328			
	313	327			
	313	326			
	313	325			
	313	324			
	313	323			
	313	322			
	313	321			
	313	320			
	313	319			
	313	318			
	313	317			
	313	316			
	313	315			
	313	314			
	313	313			
	313	312			
	313	311			
	313	310			
	313	309			
	313	308			
	313	307			
	313	306			
	313	305			
	313	304			
	313	303			
	313	302			
	313	301			
	313	300			
	313	299			
	313	298			
	313	297			
	314	343			
	314	342			
	314	341			
	314	340			
	314	339			
	314	338			
	314	337			
	314	336			
	314	335			
	314	334			
	314	333			
	314	332			
	314	331			
	314	330			
	314	329			
	314	328			
	314	327			
	314	326			
	314	325			
	314	324			
	314	323			
	314	322			
	314	321			
	314	320			
	314	319			
	314	318			
	314	317			
	314	316			
	314	315			
	314	314			
	314	313			
	314	312			
	314	311			
	314	310			
	314	309			
	314	308			
	314	307			
	314	306			
	314	305			
	314	304			
	314	303			
	314	302			
	314	301			
	314	300			
	314	299			
	314	298			
	314	297			
	315	343			
	315	342			
	315	341			
	315	340			
	315	339			
	315	338			
	315	337			
	315	336			
	315	335			
	315	334			
	315	333			
	315	332			
	315	331			
	315	330			
	315	329			
	315	328			
	315	327			
	315	326			
	315	325			
	315	324			
	315	323			
	315	322			
	315	321			
	315	320			
	315	319			
	315	318			
	315	317			
	315	316			
	315	315			
	315	314			
	315	313			
	315	312			
	315	311			
	315	310			
	315	309			
	315	308			
	315	307			
	315	306			
	315	305			
	315	304			
	315	303			
	315	302			
	315	301			
	315	300			
	315	299			
	315	298			
	315	297			
	316	343			
	316	342			
	316	341			
	316	340			
	316	339			
	316	338			
	316	337			
	316	336			
	316	335			
	316	334			
	316	333			
	316	332			
	316	331			
	316	330			
	316	329			
	316	328			
	316	327			
	316	326			
	316	325			
	316	324			
	316	323			
	316	322			
	316	321			
	316	320			
	316	319			
	316	318			
	316	317			
	316	316			
	316	315			
	316	314			
	316	313			
	316	312			
	316	311			
	316	310			
	316	309			
	316	308			
	316	307			
	316	306			
	316	305			
	316	304			
	316	303			
	316	302			
	316	301			
	316	300			
	316	299			
	316	298			
	316	297			
	317	343			
	317	342			
	317	341			
	317	340			
	317	339			
	317	338			
	317	337			
	317	336			
	317	335			
	317	334			
	317	333			
	317	332			
	317	331			
	317	330			
	317	329			
	317	328			
	317	327			
	317	326			
	317	325			
	317	324			
	317	323			
	317	322			
	317	321			
	317	320			
	317	319			
	317	318			
	317	317			
	317	316			
	317	315			
	317	314			
	317	313			
	317	312			
	317	311			
	317	310			
	317	309			
	317	308			
	317	307			
	317	306			
	317	305			
	317	304			
	317	303			
	317	302			
	317	301			
	317	300			
	317	299			
	317	298			
	317	297			
	318	343			
	318	342			
	318	341			
	318	340			
	318	339			
	318	338			
	318	337			
	318	336			
	318	335			
	318	334			
	318	333			
	318	332			
	318	331			
	318	330			
	318	329			
	318	328			
	318	327			
	318	326			
	318	325			
	318	324			
	318	323			
	318	322			
	318	321			
	318	320			
	318	319			
	318	318			
	318	317			
	318	316			
	318	315			
	318	314			
	318	313			
	318	312			
	318	311			
	318	310			
	318	309			
	318	308			
	318	307			
	318	306			
	318	305			
	318	304			
	318	303			
	318	302			
	318	301			
	318	300			
	318	299			
	318	298			
	318	297			
	319	343			
	319	342			
	319	341			
	319	340			
	319	339			
	319	338			
	319	337			
	319	336			
	319	335			
	319	334			
	319	333			
	319	332			
	319	331			
	319	330			
	319	329			
	319	328			
	319	327			
	319	326			
	319	325			
	319	324			
	319	323			
	319	322			
	319	321			
	319	320			
	319	319			
	319	318			
	319	317			
	319	316			
	319	315			
	319	314			
	319	313			
	319	312			
	319	311			
	319	310			
	319	309			
	319	308			
	319	307			
	319	306			
	319	305			
	319	304			
	319	303			
	319	302			
	319	301			
	319	300			
	319	299			
	319	298			
	319	297			
	320	343			
	320	342			
	320	341			
	320	340			
	320	339			
	320	338			
	320	337			
	320	336			
	320	335			
	320	334			
	320	333			
	320	332			
	320	331			
	320	330			
	320	329			
	320	328			
	320	327			
	320	326			
	320	325			
	320	324			
	320	323			
	320	322			
	320	321			
	320	320			
	320	319			
	320	318			
	320	317			
	320	316			
	320	315			
	320	314			
	320	313			
	320	312			
	320	311			
	320	310			
	320	309			
	320	308			
	320	307			
	320	306			
	320	305			
	320	304			
	320	303			
	320	302			
	320	301			
	320	300			
	320	299			
	320	298			
	320	297			
	321	343			
	321	342			
	321	341			
	321	340			
	321	339			
	321	338			
	321	337			
	321	336			
	321	335			
	321	334			
	321	333			
	321	332			
	321	331			
	321	330			
	321	329			
	321	328			
	321	327			
	321	326			
	321	325			
	321	324			
	321	323			
	321	322			
	321	321			
	321	320			
	321	319			
	321	318			
	321	317			
	321	316			
	321	315			
	321	314			
	321	313			
	321	312			
	321	311			
	321	310			
	321	309			
	321	308			
	321	307			
	321	306			
	321	305			
	321	304			
	321	303			
	321	302			
	321	301			
	321	300			
	321	299			
	321	298			
	321	297			
	322	343			
	322	342			
	322	341			
	322	340			
	322	339			
	322	338			
	322	337			
	322	336			
	322	335			
	322	334			
	322	333			
	322	332			
	322	331			
	322	330			
	322	329			
	322	328			
	322	327			
	322	326			
	322	325			
	322	324			
	322	323			
	322	322			
	322	321			
	322	320			
	322	319			
	322	318			
	322	317			
	322	316			
	322	315			
	322	314			
	322	313			
	322	312			
	322	311			
	322	310			
	322	309			
	322	308			
	322	307			
	322	306			
	322	305			
	322	304			
	322	303			
	322	302			
	322	301			
	322	300			
	322	299			
	322	298			
	322	297			
	323	343			
	323	342			
	323	341			
	323	340			
	323	339			
	323	338			
	323	337			
	323	336			
	323	335			
	323	334			
	323	333			
	323	332			
	323	331			
	323	330			
	323	329			
	323	328			
	323	327			
	323	326			
	323	325			
	323	324			
	323	323			
	323	322			
	323	321			
	323	320			
	323	319			
	323	318			
	323	317			
	323	316			
	323	315			
	323	314			
	323	313			
	323	312			
	323	311			
	323	310			
	323	309			
	323	308			
	323	307			
	323	306			
	323	305			
	323	304			
	323	303			
	323	302			
	323	301			
	323	300			
	323	299			
	323	298			
	323	297			
	324	343			
	324	342			
	324	341			
	324	340			
	324	339			
	324	338			
	324	337			
	324	336			
	324	335			
	324	334			
	324	333			
	324	332			
	324	331			
	324	330			
	324	329			
	324	328			
	324	327			
	324	326			
	324	325			
	324	324			
	324	323			
	324	322			
	324	321			
	324	320			
	324	319			
	324	318			
	324	317			
	324	316			
	324	315			
	324	314			
	324	313			
	324	312			
	324	311			
	324	310			
	324	309			
	324	308			
	324	307			
	324	306			
	324	305			
	324	304			
	324	303			
	324	302			
	324	301			
	324	300			
	324	299			
	324	298			
	324	297			
	325	343			
	325	342			
	325	341			
	325	340			
	325	339			
	325	338			
	325	337			
	325	336			
	325	335			
	325	334			
	325	333			
	325	332			
	325	331			
	325	330			
	325	329			
	325	328			
	325	327			
	325	326			
	325	325			
	325	324			
	325	323			
	325	322			
	325	321			
	325	320			
	325	319			
	325	318			
	325	317			
	325	316			
	325	315			
	325	314			
	325	313			
	325	312			
	325	311			
	325	310			
	325	309			
	325	308			
	325	307			
	325	306			
	325	305			
	325	304			
	325	303			
	325	302			
	325	301			
	325	300			
	325	299			
	325	298			
	325	297			
	326	343			
	326	342			
	326	341			
	326	340			
	326	339			
	326	338			
	326	337			
	326	336			
	326	335			
	326	334			
	326	333			
	326	332			
	326	331			
	326	330			
	326	329			
	326	328			
	326	327			
	326	326			
	326	325			
	326	324			
	326	323			
	326	322			
	326	321			
	326	320			
	326	319			
	326	318			
	326	317			
	326	316			
	326	315			
	326	314			
	326	313			
	326	312			
	326	311			
	326	310			
	326	309			
	326	308			
	326	307			
	326	306			
	326	305			
	326	304			
	326	303			
	326	302			
	326	301			
	326	300			
	326	299			
	326	298			
	326	297			
	327	343			
	327	342			
	327	341			
	327	340			
	327	339			
	327	338			
	327	337			
	327	336			
	327	335			
	327	334			
	327	333			
	327	332			
	327	331			
	327	330			
	327	329			
	327	328			
	327	327			
	327	326			
	327	325			
	327	324			
	327	323			
	327	322			
	327	321			
	327	320			
	327	319			
	327	318			
	327	317			
	327	316			
	327	315			
	327	314			
	327	313			
	327	312			
	327	311			
	327	310			
	327	309			
	327	308			
	327	307			
	327	306			
	327	305			
	327	304			
	327	303			
	327	302			
	327	301			
	327	300			
	327	299			
	327	298			
	327	297			
	328	343			
	328	342			
	328	341			
	328	340			
	328	339			
	328	338			
	328	337			
	328	336			
	328	335			
	328	334			
	328	333			
	328	332			
	328	331			
	328	330			
	328	329			
	328	328			
	328	327			
	328	326			
	328	325			
	328	324			
	328	323			
	328	322			
	328	321			
	328	320			
	328	319			
	328	318			
	328	317			
	328	316			
	328	315			
	328	314			
	328	313			
	328	312			
	328	311			
	328	310			
	328	309			
	328	308			
	328	307			
	328	306			
	328	305			
	328	304			
	328	303			
	328	302			
	328	301			
	328	300			
	328	299			
	328	298			
	328	297			
	329	343			
	329	342			
	329	341			
	329	340			
	329	339			
	329	338			
	329	337			
	329	336			
	329	335			
	329	334			
	329	333			
	329	332			
	329	331			
	329	330			
	329	329			
	329	328			
	329	327			
	329	326			
	329	325			
	329	324			
	329	323			
	329	322			
	329	321			
	329	320			
	329	319			
	329	318			
	329	317			
	329	316			
	329	315			
	329	314			
	329	313			
	329	312			
	329	311			
	329	310			
	329	309			
	329	308			
	329	307			
	329	306			
	329	305			
	329	304			
	329	303			
	329	302			
	329	301			
	329	300			
	329	299			
	329	298			
	329	297			
	330	343			
	330	342			
	330	341			
	330	340			
	330	339			
	330	338			
	330	337			
	330	336			
	330	335			
	330	334			
	330	333			
	330	332			
	330	331			
	330	330			
	330	329			
	330	328			
	330	327			
	330	326			
	330	325			
	330	324			
	330	323			
	330	322			
	330	321			
	330	320			
	330	319			
	330	318			
	330	317			
	330	316			
	330	315			
	330	314			
	330	313			
	330	312			
	330	311			
	330	310			
	330	309			
	330	308			
	330	307			
	330	306			
	330	305			
	330	304			
	330	303			
	330	302			
	330	301			
	330	300			
	330	299			
	330	298			
	330	297			
	331	343			
	331	342			
	331	341			
	331	340			
	331	339			
	331	338			
	331	337			
	331	336			
	331	335			
	331	334			
	331	333			
	331	332			
	331	331			
	331	330			
	331	329			
	331	328			
	331	327			
	331	326			
	331	325			
	331	324			
	331	323			
	331	322			
	331	321			
	331	320			
	331	319			
	331	318			
	331	317			
	331	316			
	331	315			
	331	314			
	331	313			
	331	312			
	331	311			
	331	310			
	331	309			
	331	308			
	331	307			
	331	306			
	331	305			
	331	304			
	331	303			
	331	302			
	331	301			
	331	300			
	331	299			
	331	298			
	331	297			
	332	343			
	332	342			
	332	341			
	332	340			
	332	339			
	332	338			
	332	337			
	332	336			
	332	335			
	332	334			
	332	333			
	332	332			
	332	331			
	332	330			
	332	329			
	332	328			
	332	327			
	332	326			
	332	325			
	332	324			
	332	323			
	332	322			
	332	321			
	332	320			
	332	319			
	332	318			
	332	317			
	332	316			
	332	315			
	332	314			
	332	313			
	332	312			
	332	311			
	332	310			
	332	309			
	332	308			
	332	307			
	332	306			
	332	305			
	332	304			
	332	303			
	332	302			
	332	301			
	332	300			
	332	299			
	332	298			
	332	297			
	333	343			
	333	342			
	333	341			
	333	340			
	333	339			
	333	338			
	333	337			
	333	336			
	333	335			
	333	334			
	333	333			
	333	332			
	333	331			
	333	330			
	333	329			
	333	328			
	333	327			
	333	326			
	333	325			
	333	324			
	333	323			
	333	322			
	333	321			
	333	320			
	333	319			
	333	318			
	333	317			
	333	316			
	333	315			
	333	314			
	333	313			
	333	312			
	333	311			
	333	310			
	333	309			
	333	308			
	333	307			
	333	306			
	333	305			
	333	304			
	333	303			
	333	302			
	333	301			
	333	300			
	333	299			
	333	298			
	333	297			
	334	343			
	334	342			
	334	341			
	334	340			
	334	339			
	334	338			
	334	337			
	334	336			
	334	335			
	334	334			
	334	333			
	334	332			
	334	331			
	334	330			
	334	329			
	334	328			
	334	327			
	334	326			
	334	325			
	334	324			
	334	323			
	334	322			
	334	321			
	334	320			
	334	319			
	334	318			
	334	317			
	334	316			
	334	315			
	334	314			
	334	313			
	334	312			
	334	311			
	334	310			
	334	309			
	334	308			
	334	307			
	334	306			
	334	305			
	334	304			
	334	303			
	334	302			
	334	301			
	334	300			
	334	299			
	334	298			
	334	297			
	335	343			
	335	342			
	335	341			
	335	340			
	335	339			
	335	338			
	335	337			
	335	336			
	335	335			
	335	334			
	335	333			
	335	332			
	335	331			
	335	330			
	335	329			
	335	328			
	335	327			
	335	326			
	335	325			
	335	324			
	335	323			
	335	322			
	335	321			
	335	320			
	335	319			
	335	318			
	335	317			
	335	316			
	335	315			
	335	314			
	335	313			
	335	312			
	335	311			
	335	310			
	335	309			
	335	308			
	335	307			
	335	306			
	335	305			
	335	304			
	335	303			
	335	302			
	335	301			
	335	300			
	335	299			
	335	298			
	335	297			
	336	343			
	336	342			
	336	341			
	336	340			
	336	339			
	336	338			
	336	337			
	336	336			
	336	335			
	336	334			
	336	333			
	336	332			
	336	331			
	336	330			
	336	329			
	336	328			
	336	327			
	336	326			
	336	325			
	336	324			
	336	323			
	336	322			
	336	321			
	336	320			
	336	319			
	336	318			
	336	317			
	336	316			
	336	315			
	336	314			
	336	313			
	336	312			
	336	311			
	336	310			
	336	309			
	336	308			
	336	307			
	336	306			
	336	305			
	336	304			
	336	303			
	336	302			
	336	301			
	336	300			
	336	299			
	336	298			
	336	297			
	337	343			
	337	342			
	337	341			
	337	340			
	337	339			
	337	338			
	337	337			
	337	336			
	337	335			
	337	334			
	337	333			
	337	332			
	337	331			
	337	330			
	337	329			
	337	328			
	337	327			
	337	326			
	337	325			
	337	324			
	337	323			
	337	322			
	337	321			
	337	320			
	337	319			
	337	318			
	337	317			
	337	316			
	337	315			
	337	314			
	337	313			
	337	312			
	337	311			
	337	310			
	337	309			
	337	308			
	337	307			
	337	306			
	337	305			
	337	304			
	337	303			
	337	302			
	337	301			
	337	300			
	337	299			
	337	298			
	337	297			
	338	343			
	338	342			
	338	341			
	338	340			
	338	339			
	338	338			
	338	337			
	338	336			
	338	335			
	338	334			
	338	333			
	338	332			
	338	331			
	338	330			
	338	329			
	338	328			
	338	327			
	338	326			
	338	325			
	338	324			
	338	323			
	338	322			
	338	321			
	338	320			
	338	319			
	338	318			
	338	317			
	338	316			
	338	315			
	338	314			
	338	313			
	338	312			
	338	311			
	338	310			
	338	309			
	338	308			
	338	307			
	338	306			
	338	305			
	338	304			
	338	303			
	338	302			
	338	301			
	338	300			
	338	299			
	338	298			
	338	297			
	339	343			
	339	342			
	339	341			
	339	340			
	339	339			
	339	338			
	339	337			
	339	336			
	339	335			
	339	334			
	339	333			
	339	332			
	339	331			
	339	330			
	339	329			
	339	328			
	339	327			
	339	326			
	339	325			
	339	324			
	339	323			
	339	322			
	339	321			
	339	320			
	339	319			
	339	318			
	339	317			
	339	316			
	339	315			
	339	314			
	339	313			
	339	312			
	339	311			
	339	310			
	339	309			
	339	308			
	339	307			
	339	306			
	339	305			
	339	304			
	339	303			
	339	302			
	339	301			
	339	300			
	339	299			
	339	298			
	339	297			
	340	343			
	340	342			
	340	341			
	340	340			
	340	339			
	340	338			
	340	337			
	340	336			
	340	335			
	340	334			
	340	333			
	340	332			
	340	331			
	340	330			
	340	329			
	340	328			
	340	327			
	340	326			
	340	325			
	340	324			
	340	323			
	340	322			
	340	321			
	340	320			
	340	319			
	340	318			
	340	317			
	340	316			
	340	315			
	340	314			
	340	313			
	340	312			
	340	311			
	340	310			
	340	309			
	340	308			
	340	307			
	340	306			
	340	305			
	340	304			
	340	303			
	340	302			
	340	301			
	340	300			
	340	299			
	340	298			
	340	297			
	341	343			
	341	342			
	341	341			
	341	340			
	341	339			
	341	338			
	341	337			
	341	336			
	341	335			
	341	334			
	341	333			
	341	332			
	341	331			
	341	330			
	341	329			
	341	328			
	341	327			
	341	326			
	341	325			
	341	324			
	341	323			
	341	322			
	341	321			
	341	320			
	341	319			
	341	318			
	341	317			
	341	316			
	341	315			
	341	314			
	341	313			
	341	312			
	341	311			
	341	310			
	341	309			
	341	308			
	341	307			
	341	306			
	341	305			
	341	304			
	341	303			
	341	302			
	341	301			
	341	300			
	341	299			
	341	298			
	341	297			
	342	343			
	342	342			
	342	341			
	342	340			
	342	339			
	342	338			
	342	337			
	342	336			
	342	335			
	342	334			
	342	333			
	342	332			
	342	331			
	342	330			
	342	329			
	342	328			
	342	327			
	342	326			
	342	325			
	342	324			
	342	323			
	342	322			
	342	321			
	342	320			
	342	319			
	342	318			
	342	317			
	342	316			
	342	315			
	342	314			
	342	313			
	342	312			
	342	311			
	342	310			
	342	309			
	342	308			
	342	307			
	342	306			
	342	305			
	342	304			
	342	303			
	342	302			
	342	301			
	342	300			
	342	299			
	342	298			
	342	297			
	343	343			
	343	342			
	343	341			
	343	340			
	343	339			
	343	338			
	343	337			
	343	336			
	343	335			
	343	334			
	343	333			
	343	332			
	343	331			
	343	330			
	343	329			
	343	328			
	343	327			
	343	326			
	343	325			
	343	324			
	343	323			
	343	322			
	343	321			
	343	320			
	343	319			
	343	318			
	343	317			
	343	316			
	343	315			
	343	314			
	343	313			
	343	312			
	343	311			
	343	310			
	343	309			
	343	308			
	343	307			
	343	306			
	343	305			
	343	304			
	343	303			
	343	302			
	343	301			
	343	300			
	343	299			
	343	298			
	343	297			
	344	343			
	344	342			
	344	341			
	344	340			
	344	339			
	344	338			
	344	337			
	344	336			
	344	335			
	344	334			
	344	333			
	344	332			
	344	331			
	344	330			
	344	329			
	344	328			
	344	327			
	344	326			
	344	325			
	344	324			
	344	323			
	344	322			
	344	321			
	344	320			
	344	319			
	344	318			
	344	317			
	344	316			
	344	315			
	344	314			
	344	313			
	344	312			
	344	311			
	344	310			
	344	309			
	344	308			
	344	307			
	344	306			
	344	305			
	344	304			
	344	303			
	344	302			
	344	301			
	344	300			
	344	299			
	344	298			
	344	297			
	345	343			
	345	342			
	345	341			
	345	340			
	345	339			
	345	338			
	345	337			
	345	336			
	345	335			
	345	334			
	345	333			
	345	332			
	345	331			
	345	330			
	345	329			
	345	328			
	345	327			
	345	326			
	345	325			
	345	324			
	345	323			
	345	322			
	345	321			
	345	320			
	345	319			
	345	318			
	345	317			
	345	316			
	345	315			
	345	314			
	345	313			
	345	312			
	345	311			
	345	310			
	345	309			
	345	308			
	345	307			
	345	306			
	345	305			
	345	304			
	345	303			
	345	302			
	345	301			
	345	300			
	345	299			
	345	298			
	345	297			
	346	343			
	346	342			
	346	341			
	346	340			
	346	339			
	346	338			
	346	337			
	346	336			
	346	335			
	346	334			
	346	333			
	346	332			
	346	331			
	346	330			
	346	329			
	346	328			
	346	327			
	346	326			
	346	325			
	346	324			
	346	323			
	346	322			
	346	321			
	346	320			
	346	319			
	346	318			
	346	317			
	346	316			
	346	315			
	346	314			
	346	313			
	346	312			
	346	311			
	346	310			
	346	309			
	346	308			
	346	307			
	346	306			
	346	305			
	346	304			
	346	303			
	346	302			
	346	301			
	346	300			
	346	299			
	346	298			
	346	297			
	347	343			
	347	342			
	347	341			
	347	340			
	347	339			
	347	338			
	347	337			
	347	336			
	347	335			
	347	334			
	347	333			
	347	332			
	347	331			
	347	330			
	347	329			
	347	328			
	347	327			
	347	326			
	347	325			
	347	324			
	347	323			
	347	322			
	347	321			
	347	320			
	347	319			
	347	318			
	347	317			
	347	316			
	347	315			
	347	314			
	347	313			
	347	312			
	347	311			
	347	310			
	347	309			
	347	308			
	347	307			
	347	306			
	347	305			
	347	304			
	347	303			
	347	302			
	347	301			
	347	300			
	347	299			
	347	298			
	347	297			
	348	343			
	348	342			
	348	341			
	348	340			
	348	339			
	348	338			
	348	337			
	348	336			
	348	335			
	348	334			
	348	333			
	348	332			
	348	331			
	348	330			
	348	329			
	348	328			
	348	327			
	348	326			
	348	325			
	348	324			
	348	323			
	348	322			
	348	321			
	348	320			
	348	319			
	348	318			
	348	317			
	348	316			
	348	315			
	348	314			
	348	313			
	348	312			
	348	311			
	348	310			
	348	309			
	348	308			
	348	307			
	348	306			
	348	305			
	348	304			
	348	303			
	348	302			
	348	301			
	348	300			
	348	299			
	348	298			
	348	297			
	349	343			
	349	342			
	349	341			
	349	340			
	349	339			
	349	338			
	349	337			
	349	336			
	349	335			
	349	334			
	349	333			
	349	332			
	349	331			
	349	330			
	349	329			
	349	328			
	349	327			
	349	326			
	349	325			
	349	324			
	349	323			
	349	322			
	349	321			
	349	320			
	349	319			
	349	318			
	349	317			
	349	316			
	349	315			
	349	314			
	349	313			
	349	312			
	349	311			
	349	310			
	349	309			
	349	308			
	349	307			
	349	306			
	349	305			
	349	304			
	349	303			
	349	302			
	349	301			
	349	300			
	349	299			
	349	298			
	349	297			
	350	343			
	350	342			
	350	341			
	350	340			
	350	339			
	350	338			
	350	337			
	350	336			
	350	335			
	350	334			
	350	333			
	350	332			
	350	331			
	350	330			
	350	329			
	350	328			
	350	327			
	350	326			
	350	325			
	350	324			
	350	323			
	350	322			
	350	321			
	350	320			
	350	319			
	350	318			
	350	317			
	350	316			
	350	315			
	350	314			
	350	313			
	350	312			
	350	311			
	350	310			
	350	309			
	350	308			
	350	307			
	350	306			
	350	305			
	350	304			
	350	303			
	350	302			
	350	301			
	350	300			
	350	299			
	350	298			
	350	297			
	351	343			
	351	342			
	351	341			
	351	340			
	351	339			
	351	338			
	351	337			
	351	336			
	351	335			
	351	334			
	351	333			
	351	332			
	351	331			
	351	330			
	351	329			
	351	328			
	351	327			
	351	326			
	351	325			
	351	324			
	351	323			
	351	322			
	351	321			
	351	320			
	351	319			
	351	318			
	351	317			
	351	316			
	351	315			
	351	314			
	351	313			
	351	312			
	351	311			
	351	310			
	351	309			
	351	308			
	351	307			
	351	306			
	351	305			
	351	304			
	351	303			
	351	302			
	351	301			
	351	300			
	351	299			
	351	298			
	351	297			
	352	343			
	352	342			
	352	341			
	352	340			
	352	339			
	352	338			
	352	337			
	352	336			
	352	335			
	352	334			
	352	333			
	352	332			
	352	331			
	352	330			
	352	329			
	352	328			
	352	327			
	352	326			
	352	325			
	352	324			
	352	323			
	352	322			
	352	321			
	352	320			
	352	319			
	352	318			
	352	317			
	352	316			
	352	315			
	352	314			
	352	313			
	352	312			
	352	311			
	352	310			
	352	309			
	352	308			
	352	307			
	352	306			
	352	305			
	352	304			
	352	303			
	352	302			
	352	301			
	352	300			
	352	299			
	352	298			
	352	297			
	353	343			
	353	342			
	353	341			
	353	340			
	353	339			
	353	338			
	353	337			
	353	336			
	353	335			
	353	334			
	353	333			
	353	332			
	353	331			
	353	330			
	353	329			
	353	328			
	353	327			
	353	326			
	353	325			
	353	324			
	353	323			
	353	322			
	353	321			
	353	320			
	353	319			
	353	318			
	353	317			
	353	316			
	353	315			
	353	314			
	353	313			
	353	312			
	353	311			
	353	310			
	353	309			
	353	308			
	353	307			
	353	306			
	353	305			
	353	304			
	353	303			
	353	302			
	353	301			
	353	300			
	353	299			
	353	298			
	353	297			
	354	343			
	354	342			
	354	341			
	354	340			
	354	339			
	354	338			
	354	337			
	354	336			
	354	335			
	354	334			
	354	333			
	354	332			
	354	331			
	354	330			
	354	329			
	354	328			
	354	327			
	354	326			
	354	325			
	354	324			
	354	323			
	354	322			
	354	321			
	354	320			
	354	319			
	354	318			
	354	317			
	354	316			
	354	315			
	354	314			
	354	313			
	354	312			
	354	311			
	354	310			
	354	309			
	354	308			
	354	307			
	354	306			
	354	305			
	354	304			
	354	303			
	354	302			
	354	301			
	354	300			
	354	299			
	354	298			
	354	297			
	355	343			
	355	342			
	355	341			
	355	340			
	355	339			
	355	338			
	355	337			
	355	336			
	355	335			
	355	334			
	355	333			
	355	332			
	355	331			
	355	330			
	355	329			
	355	328			
	355	327			
	355	326			
	355	325			
	355	324			
	355	323			
	355	322			
	355	321			
	355	320			
	355	319			
	355	318			
	355	317			
	355	316			
	355	315			
	355	314			
	355	313			
	355	312			
	355	311			
	355	310			
	355	309			
	355	308			
	355	307			
	355	306			
	355	305			
	355	304			
	355	303			
	355	302			
	355	301			
	355	300			
	355	299			
	355	298			
	355	297			
	356	343			
	356	342			
	356	341			
	356	340			
	356	339			
	356	338			
	356	337			
	356	336			
	356	335			
	356	334			
	356	333			
	356	332			
	356	331			
	356	330			
	356	329			
	356	328			
	356	327			
	356	326			
	356	325			
	356	324			
	356	323			
	356	322			
	356	321			
	356	320			
	356	319			
	356	318			
	356	317			
	356	316			
	356	315			
	356	314			
	356	313			
	356	312			
	356	311			
	356	310			
	356	309			
	356	308			
	356	307			
	356	306			
	356	305			
	356	304			
	356	303			
	356	302			
	356	301			
	356	300			
	356	299			
	356	298			
	356	297			
	357	343			
	357	342			
	357	341			
	357	340			
	357	339			
	357	338			
	357	337			
	357	336			
	357	335			
	357	334			
	357	333			
	357	332			
	357	331			
	357	330			
	357	329			
	357	328			
	357	327			
	357	326			
	357	325			
	357	324			
	357	323			
	357	322			
	357	321			
	357	320			
	357	319			
	357	318			
	357	317			
	357	316			
	357	315			
	357	314			
	357	313			
	357	312			
	357	311			
	357	310			
	357	309			
	357	308			
	357	307			
	357	306			
	357	305			
	357	304			
	357	303			
	357	302			
	357	301			
	357	300			
	357	299			
	357	298			
	357	297			
	358	343			
	358	342			
	358	341			
	358	340			
	358	339			
	358	338			
	358	337			
	358	336			
	358	335			
	358	334			
	358	333			
	358	332			
	358	331			
	358	330			
	358	329			
	358	328			
	358	327			
	358	326			
	358	325			
	358	324			
	358	323			
	358	322			
	358	321			
	358	320			
	358	319			
	358	318			
	358	317			
	358	316			
	358	315			
	358	314			
	358	313			
	358	312			
	358	311			
	358	310			
	358	309			
	358	308			
	358	307			
	358	306			
	358	305			
	358	304			
	358	303			
	358	302			
	358	301			
	358	300			
	358	299			
	358	298			
	358	297			
	359	343			
	359	342			
	359	341			
	359	340			
	359	339			
	359	338			
	359	337			
	359	336			
	359	335			
	359	334			
	359	333			
	359	332			
	359	331			
	359	330			
	359	329			
	359	328			
	359	327			
	359	326			
	359	325			
	359	324			
	359	323			
	359	322			
	359	321			
	359	320			
	359	319			
	359	318			
	359	317			
	359	316			
	359	315			
	359	314			
	359	313			
	359	312			
	359	311			
	359	310			
	359	309			
	359	308			
	359	307			
	359	306			
	359	305			
	359	304			
	359	303			
	359	302			
	359	301			
	359	300			
	359	299			
	359	298			
	359	297			
	360	343			
	360	342			
	360	341			
	360	340			
	360	339			
	360	338			
	360	337			
	360	336			
	360	335			
	360	334			
	360	333			
	360	332			
	360	331			
	360	330			
	360	329			
	360	328			
	360	327			
	360	326			
	360	325			
	360	324			
	360	323			
	360	322			
	360	321			
	360	320			
	360	319			
	360	318			
	360	317			
	360	316			
	360	315			
	360	314			
	360	313			
	360	312			
	360	311			
	360	310			
	360	309			
	360	308			
	360	307			
	360	306			
	360	305			
	360	304			
	360	303			
	360	302			
	360	301			
	360	300			
	360	299			
	360	298			
	360	297			
	361	343			
	361	342			
	361	341			
	361	340			
	361	339			
	361	338			
	361	337			
	361	336			
	361	335			
	361	334			
	361	333			
	361	332			
	361	331			
	361	330			
	361	329			
	361	328			
	361	327			
	361	326			
	361	325			
	361	324			
	361	323			
	361	322			
	361	321			
	361	320			
	361	319			
	361	318			
	361	317			
	361	316			
	361	315			
	361	314			
	361	313			
	361	312			
	361	311			
	361	310			
	361	309			
	361	308			
	361	307			
	361	306			
	361	305			
	361	304			
	361	303			
	361	302			
	361	301			
	361	300			
	361	299			
	361	298			
	361	297			
	362	343			
	362	342			
	362	341			
	362	340			
	362	339			
	362	338			
	362	337			
	362	336			
	362	335			
	362	334			
	362	333			
	362	332			
	362	331			
	362	330			
	362	329			
	362	328			
	362	327			
	362	326			
	362	325			
	362	324			
	362	323			
	362	322			
	362	321			
	362	320			
	362	319			
	362	318			
	362	317			
	362	316			
	362	315			
	362	314			
	362	313			
	362	312			
	362	311			
	362	310			
	362	309			
	362	308			
	362	307			
	362	306			
	362	305			
	362	304			
	362	303			
	362	302			
	362	301			
	362	300			
	362	299			
	362	298			
	362	297			
	363	343			
	363	342			
	363	341			
	363	340			
	363	339			
	363	338			
	363	337			
	363	336			
	363	335			
	363	334			
	363	333			
	363	332			
	363	331			
	363	330			
	363	329			
	363	328			
	363	327			
	363	326			
	363	325			
	363	324			
	363	323			
	363	322			
	363	321			
	363	320			
	363	319			
	363	318			
	363	317			
	363	316			
	363	315			
	363	314			
	363	313			
	363	312			
	363	311			
	363	310			
	363	309			
	363	308			
	363	307			
	363	306			
	363	305			
	363	304			
	363	303			
	363	302			
	363	301			
	363	300			
	363	299			
	363	298			
	363	297			
	364	343			
	364	342			
	364	341			
	364	340			
	364	339			
	364	338			
	364	337			
	364	336			
	364	335			
	364	334			
	364	333			
	364	332			
	364	331			
	364	330			
	364	329			
	364	328			
	364	327			
	364	326			
	364	325			
	364	324			
	364	323			
	364	322			
	364	321			
	364	320			
	364	319			
	364	318			
	364	317			
	364	316			
	364	315			
	364	314			
	364	313			
	364	312			
	364	311			
	364	310			
	364	309			
	364	308			
	364	307			
	364	306			
	364	305			
	364	304			
	364	303			
	364	302			
	364	301			
	364	300			
	364	299			
	364	298			
	364	297			
	365	343			
	365	342			
	365	341			
	365	340			
	365	339			
	365	338			
	365	337			
	365	336			
	365	335			
	365	334			
	365	333			
	365	332			
	365	331			
	365	330			
	365	329			
	365	328			
	365	327			
	365	326			
	365	325			
	365	324			
	365	323			
	365	322			
	365	321			
	365	320			
	365	319			
	365	318			
	365	317			
	365	316			
	365	315			
	365	314			
	365	313			
	365	312			
	365	311			
	365	310			
	365	309			
	365	308			
	365	307			
	365	306			
	365	305			
	365	304			
	365	303			
	365	302			
	365	301			
	365	300			
	365	299			
	365	298			
	365	297			
	366	343			
	366	342			
	366	341			
	366	340			
	366	339			
	366	338			
	366	337			
	366	336			
	366	335			
	366	334			
	366	333			
	366	332			
	366	331			
	366	330			
	366	329			
	366	328			
	366	327			
	366	326			
	366	325			
	366	324			
	366	323			
	366	322			
	366	321			
	366	320			
	366	319			
	366	318			
	366	317			
	366	316			
	366	315			
	366	314			
	366	313			
	366	312			
	366	311			
	366	310			
	366	309			
	366	308			
	366	307			
	366	306			
	366	305			
	366	304			
	366	303			
	366	302			
	366	301			
	366	300			
	366	299			
	366	298			
	366	297			
	367	343			
	367	342			
	367	341			
	367	340			
	367	339			
	367	338			
	367	337			
	367	336			
	367	335			
	367	334			
	367	333			
	367	332			
	367	331			
	367	330			
	367	329			
	367	328			
	367	327			
	367	326			
	367	325			
	367	324			
	367	323			
	367	322			
	367	321			
	367	320			
	367	319			
	367	318			
	367	317			
	367	316			
	367	315			
	367	314			
	367	313			
	367	312			
	367	311			
	367	310			
	367	309			
	367	308			
	367	307			
	367	306			
	367	305			
	367	304			
	367	303			
	367	302			
	367	301			
	367	300			
	367	299			
	367	298			
	367	297			
	368	343			
	368	342			
	368	341			
	368	340			
	368	339			
	368	338			
	368	337			
	368	336			
	368	335			
	368	334			
	368	333			
	368	332			
	368	331			
	368	330			
	368	329			
	368	328			
	368	327			
	368	326			
	368	325			
	368	324			
	368	323			
	368	322			
	368	321			
	368	320			
	368	319			
	368	318			
	368	317			
	368	316			
	368	315			
	368	314			
	368	313			
	368	312			
	368	311			
	368	310			
	368	309			
	368	308			
	368	307			
	368	306			
	368	305			
	368	304			
	368	303			
	368	302			
	368	301			
	368	300			
	368	299			
	368	298			
	368	297			
	369	343			
	369	342			
	369	341			
	369	340			
	369	339			
	369	338			
	369	337			
	369	336			
	369	335			
	369	334			
	369	333			
	369	332			
	369	331			
	369	330			
	369	329			
	369	328			
	369	327			
	369	326			
	369	325			
	369	324			
	369	323			
	369	322			
	369	321			
	369	320			
	369	319			
	369	318			
	369	317			
	369	316			
	369	315			
	369	314			
	369	313			
	369	312			
	369	311			
	369	310			
	369	309			
	369	308			
	369	307			
	369	306			
	369	305			
	369	304			
	369	303			
	369	302			
	369	301			
	369	300			
	369	299			
	369	298			
	369	297			
	370	343			
	370	342			
	370	341			
	370	340			
	370	339			
	370	338			
	370	337			
	370	336			
	370	335			
	370	334			
	370	333			
	370	332			
	370	331			
	370	330			
	370	329			
	370	328			
	370	327			
	370	326			
	370	325			
	370	324			
	370	323			
	370	322			
	370	321			
	370	320			
	370	319			
	370	318			
	370	317			
	370	316			
	370	315			
	370	314			
	370	313			
	370	312			
	370	311			
	370	310			
	370	309			
	370	308			
	370	307			
	370	306			
	370	305			
	370	304			
	370	303			
	370	302			
	370	301			
	370	300			
	370	299			
	370	298			
	370	297			
	371	343			
	371	342			
	371	341			
	371	340			
	371	339			
	371	338			
	371	337			
	371	336			
	371	335			
	371	334			
	371	333			
	371	332			
	371	331			
	371	330			
	371	329			
	371	328			
	371	327			
	371	326			
	371	325			
	371	324			
	371	323			
	371	322			
	371	321			
	371	320			
	371	319			
	371	318			
	371	317			
	371	316			
	371	315			
	371	314			
	371	313			
	371	312			
	371	311			
	371	310			
	371	309			
	371	308			
	371	307			
	371	306			
	371	305			
	371	304			
	371	303			
	371	302			
	371	301			
	371	300			
	371	299			
	371	298			
	371	297			
	372	343			
	372	342			
	372	341			
	372	340			
	372	339			
	372	338			
	372	337			
	372	336			
	372	335			
	372	334			
	372	333			
	372	332			
	372	331			
	372	330			
	372	329			
	372	328			
	372	327			
	372	326			
	372	325			
	372	324			
	372	323			
	372	322			
	372	321			
	372	320			
	372	319			
	372	318			
	372	317			
	372	316			
	372	315			
	372	314			
	372	313			
	372	312			
	372	311			
	372	310			
	372	309			
	372	308			
	372	307			
	372	306			
	372	305			
	372	304			
	372	303			
	372	302			
	372	301			
	372	300			
	372	299			
	372	298			
	372	297			
	373	343			
	373	342			
	373	341			
	373	340			
	373	339			
	373	338			
	373	337			
	373	336			
	373	335			
	373	334			
	373	333			
	373	332			
	373	331			
	373	330			
	373	329			
	373	328			
	373	327			
	373	326			
	373	325			
	373	324			
	373	323			
	373	322			
	373	321			
	373	320			
	373	319			
	373	318			
	373	317			
	373	316			
	373	315			
	373	314			
	373	313			
	373	312			
	373	311			
	373	310			
	373	309			
	373	308			
	373	307			
	373	306			
	373	305			
	373	304			
	373	303			
	373	302			
	373	301			
	373	300			
	373	299			
	373	298			
	373	297			
	374	343			
	374	342			
	374	341			
	374	340			
	374	339			
	374	338			
	374	337			
	374	336			
	374	335			
	374	334			
	374	333			
	374	332			
	374	331			
	374	330			
	374	329			
	374	328			
	374	327			
	374	326			
	374	325			
	374	324			
	374	323			
	374	322			
	374	321			
	374	320			
	374	319			
	374	318			
	374	317			
	374	316			
	374	315			
	374	314			
	374	313			
	374	312			
	374	311			
	374	310			
	374	309			
	374	308			
	374	307			
	374	306			
	374	305			
	374	304			
	374	303			
	374	302			
	374	301			
	374	300			
	374	299			
	374	298			
	374	297			
	375	343			
	375	342			
	375	341			
	375	340			
	375	339			
	375	338			
	375	337			
	375	336			
	375	335			
	375	334			
	375	333			
	375	332			
	375	331			
	375	330			
	375	329			
	375	328			
	375	327			
	375	326			
	375	325			
	375	324			
	375	323			
	375	322			
	375	321			
	375	320			
	375	319			
	375	318			
	375	317			
	375	316			
	375	315			
	375	314			
	375	313			
	375	312			
	375	311			
	375	310			
	375	309			
	375	308			
	375	307			
	375	306			
	375	305			
	375	304			
	375	303			
	375	302			
	375	301			
	375	300			
	375	299			
	375	298			
	375	297			
	376	343			
	376	342			
	376	341			
	376	340			
	376	339			
	376	338			
	376	337			
	376	336			
	376	335			
	376	334			
	376	333			
	376	332			
	376	331			
	376	330			
	376	329			
	376	328			
	376	327			
	376	326			
	376	325			
	376	324			
	376	323			
	376	322			
	376	321			
	376	320			
	376	319			
	376	318			
	376	317			
	376	316			
	376	315			
	376	314			
	376	313			
	376	312			
	376	311			
	376	310			
	376	309			
	376	308			
	376	307			
	376	306			
	376	305			
	376	304			
	376	303			
	376	302			
	376	301			
	376	300			
	376	299			
	376	298			
	376	297			
	377	343			
	377	342			
	377	341			
	377	340			
	377	339			
	377	338			
	377	337			
	377	336			
	377	335			
	377	334			
	377	333			
	377	332			
	377	331			
	377	330			
	377	329			
	377	328			
	377	327			
	377	326			
	377	325			
	377	324			
	377	323			
	377	322			
	377	321			
	377	320			
	377	319			
	377	318			
	377	317			
	377	316			
	377	315			
	377	314			
	377	313			
	377	312			
	377	311			
	377	310			
	377	309			
	377	308			
	377	307			
	377	306			
	377	305			
	377	304			
	377	303			
	377	302			
	377	301			
	377	300			
	377	299			
	377	298			
	377	297			
	378	343			
	378	342			
	378	341			
	378	340			
	378	339			
	378	338			
	378	337			
	378	336			
	378	335			
	378	334			
	378	333			
	378	332			
	378	331			
	378	330			
	378	329			
	378	328			
	378	327			
	378	326			
	378	325			
	378	324			
	378	323			
	378	322			
	378	321			
	378	320			
	378	319			
	378	318			
	378	317			
	378	316			
	378	315			
	378	314			
	378	313			
	378	312			
	378	311			
	378	310			
	378	309			
	378	308			
	378	307			
	378	306			
	378	305			
	378	304			
	378	303			
	378	302			
	378	301			
	378	300			
	378	299			
	378	298			
	378	297			
	379	343			
	379	342			
	379	341			
	379	340			
	379	339			
	379	338			
	379	337			
	379	336			
	379	335			
	379	334			
	379	333			
	379	332			
	379	331			
	379	330			
	379	329			
	379	328			
	379	327			
	379	326			
	379	325			
	379	324			
	379	323			
	379	322			
	379	321			
	379	320			
	379	319			
	379	318			
	379	317			
	379	316			
	379	315			
	379	314			
	379	313			
	379	312			
	379	311			
	379	310			
	379	309			
	379	308			
	379	307			
	379	306			
	379	305			
	379	304			
	379	303			
	379	302			
	379	301			
	379	300			
	379	299			
	379	298			
	379	297			
	380	343			
	380	342			
	380	341			
	380	340			
	380	339			
	380	338			
	380	337			
	380	336			
	380	335			
	380	334			
	380	333			
	380	332			
	380	331			
	380	330			
	380	329			
	380	328			
	380	327			
	380	326			
	380	325			
	380	324			
	380	323			
	380	322			
	380	321			
	380	320			
	380	319			
	380	318			
	380	317			
	380	316			
	380	315			
	380	314			
	380	313			
	380	312			
	380	311			
	380	310			
	380	309			
	380	308			
	380	307			
	380	306			
	380	305			
	380	304			
	380	303			
	380	302			
	380	301			
	380	300			
	380	299			
	380	298			
	380	297			
	381	343			
	381	342			
	381	341			
	381	340			
	381	339			
	381	338			
	381	337			
	381	336			
	381	335			
	381	334			
	381	333			
	381	332			
	381	331			
	381	330			
	381	329			
	381	328			
	381	327			
	381	326			
	381	325			
	381	324			
	381	323			
	381	322			
	381	321			
	381	320			
	381	319			
	381	318			
	381	317			
	381	316			
	381	315			
	381	314			
	381	313			
	381	312			
	381	311			
	381	310			
	381	309			
	381	308			
	381	307			
	381	306			
	381	305			
	381	304			
	381	303			
	381	302			
	381	301			
	381	300			
	381	299			
	381	298			
	381	297			
	382	343			
	382	342			
	382	341			
	382	340			
	382	339			
	382	338			
	382	337			
	382	336			
	382	335			
	382	334			
	382	333			
	382	332			
	382	331			
	382	330			
	382	329			
	382	328			
	382	327			
	382	326			
	382	325			
	382	324			
	382	323			
	382	322			
	382	321			
	382	320			
	382	319			
	382	318			
	382	317			
	382	316			
	382	315			
	382	314			
	382	313			
	382	312			
	382	311			
	382	310			
	382	309			
	382	308			
	382	307			
	382	306			
	382	305			
	382	304			
	382	303			
	382	302			
	382	301			
	382	300			
	382	299			
	382	298			
	382	297			
	383	343			
	383	342			
	383	341			
	383	340			
	383	339			
	383	338			
	383	337			
	383	336			
	383	335			
	383	334			
	383	333			
	383	332			
	383	331			
	383	330			
	383	329			
	383	328			
	383	327			
	383	326			
	383	325			
	383	324			
	383	323			
	383	322			
	383	321			
	383	320			
	383	319			
	383	318			
	383	317			
	383	316			
	383	315			
	383	314			
	383	313			
	383	312			
	383	311			
	383	310			
	383	309			
	383	308			
	383	307			
	383	306			
	383	305			
	383	304			
	383	303			
	383	302			
	383	301			
	383	300			
	383	299			
	383	298			
	383	297			
	384	343			
	384	342			
	384	341			
	384	340			
	384	339			
	384	338			
	384	337			
	384	336			
	384	335			
	384	334			
	384	333			
	384	332			
	384	331			
	384	330			
	384	329			
	384	328			
	384	327			
	384	326			
	384	325			
	384	324			
	384	323			
	384	322			
	384	321			
	384	320			
	384	319			
	384	318			
	384	317			
	384	316			
	384	315			
	384	314			
	384	313			
	384	312			
	384	311			
	384	310			
	384	309			
	384	308			
	384	307			
	384	306			
	384	305			
	384	304			
	384	303			
	384	302			
	384	301			
	384	300			
	384	299			
	384	298			
	384	297			
	385	343			
	385	342			
	385	341			
	385	340			
	385	339			
	385	338			
	385	337			
	385	336			
	385	335			
	385	334			
	385	333			
	385	332			
	385	331			
	385	330			
	385	329			
	385	328			
	385	327			
	385	326			
	385	325			
	385	324			
	385	323			
	385	322			
	385	321			
	385	320			
	385	319			
	385	318			
	385	317			
	385	316			
	385	315			
	385	314			
	385	313			
	385	312			
	385	311			
	385	310			
	385	309			
	385	308			
	385	307			
	385	306			
	385	305			
	385	304			
	385	303			
	385	302			
	385	301			
	385	300			
	385	299			
	385	298			
	385	297			
	386	343			
	386	342			
	386	341			
	386	340			
	386	339			
	386	338			
	386	337			
	386	336			
	386	335			
	386	334			
	386	333			
	386	332			
	386	331			
	386	330			
	386	329			
	386	328			
	386	327			
	386	326			
	386	325			
	386	324			
	386	323			
	386	322			
	386	321			
	386	320			
	386	319			
	386	318			
	386	317			
	386	316			
	386	315			
	386	314			
	386	313			
	386	312			
	386	311			
	386	310			
	386	309			
	386	308			
	386	307			
	386	306			
	386	305			
	386	304			
	386	303			
	386	302			
	386	301			
	386	300			
	386	299			
	386	298			
	386	297			
	387	343			
	387	342			
	387	341			
	387	340			
	387	339			
	387	338			
	387	337			
	387	336			
	387	335			
	387	334			
	387	333			
	387	332			
	387	331			
	387	330			
	387	329			
	387	328			
	387	327			
	387	326			
	387	325			
	387	324			
	387	323			
	387	322			
	387	321			
	387	320			
	387	319			
	387	318			
	387	317			
	387	316			
	387	315			
	387	314			
	387	313			
	387	312			
	387	311			
	387	310			
	387	309			
	387	308			
	387	307			
	387	306			
	387	305			
	387	304			
	387	303			
	387	302			
	387	301			
	387	300			
	387	299			
	387	298			
	387	297			
	388	343			
	388	342			
	388	341			
	388	340			
	388	339			
	388	338			
	388	337			
	388	336			
	388	335			
	388	334			
	388	333			
	388	332			
	388	331			
	388	330			
	388	329			
	388	328			
	388	327			
	388	326			
	388	325			
	388	324			
	388	323			
	388	322			
	388	321			
	388	320			
	388	319			
	388	318			
	388	317			
	388	316			
	388	315			
	388	314			
	388	313			
	388	312			
	388	311			
	388	310			
	388	309			
	388	308			
	388	307			
	388	306			
	388	305			
	388	304			
	388	303			
	388	302			
	388	301			
	388	300			
	388	299			
	388	298			
	388	297			
	389	343			
	389	342			
	389	341			
	389	340			
	389	339			
	389	338			
	389	337			
	389	336			
	389	335			
	389	334			
	389	333			
	389	332			
	389	331			
	389	330			
	389	329			
	389	328			
	389	327			
	389	326			
	389	325			
	389	324			
	389	323			
	389	322			
	389	321			
	389	320			
	389	319			
	389	318			
	389	317			
	389	316			
	389	315			
	389	314			
	389	313			
	389	312			
	389	311			
	389	310			
	389	309			
	389	308			
	389	307			
	389	306			
	389	305			
	389	304			
	389	303			
	389	302			
	389	301			
	389	300			
	389	299			
	389	298			
	389	297			
	390	343			
	390	342			
	390	341			
	390	340			
	390	339			
	390	338			
	390	337			
	390	336			
	390	335			
	390	334			
	390	333			
	390	332			
	390	331			
	390	330			
	390	329			
	390	328			
	390	327			
	390	326			
	390	325			
	390	324			
	390	323			
	390	322			
	390	321			
	390	320			
	390	319			
	390	318			
	390	317			
	390	316			
	390	315			
	390	314			
	390	313			
	390	312			
	390	311			
	390	310			
	390	309			
	390	308			
	390	307			
	390	306			
	390	305			
	390	304			
	390	303			
	390	302			
	390	301			
	390	300			
	390	299			
	390	298			
	390	297			
	391	343			
	391	342			
	391	341			
	391	340			
	391	339			
	391	338			
	391	337			
	391	336			
	391	335			
	391	334			
	391	333			
	391	332			
	391	331			
	391	330			
	391	329			
	391	328			
	391	327			
	391	326			
	391	325			
	391	324			
	391	323			
	391	322			
	391	321			
	391	320			
	391	319			
	391	318			
	391	317			
	391	316			
	391	315			
	391	314			
	391	313			
	391	312			
	391	311			
	391	310			
	391	309			
	391	308			
	391	307			
	391	306			
	391	305			
	391	304			
	391	303			
	391	302			
	391	301			
	391	300			
	391	299			
	391	298			
	391	297			
	392	343			
	392	342			
	392	341			
	392	340			
	392	339			
	392	338			
	392	337			
	392	336			
	392	335			
	392	334			
	392	333			
	392	332			
	392	331			
	392	330			
	392	329			
	392	328			
	392	327			
	392	326			
	392	325			
	392	324			
	392	323			
	392	322			
	392	321			
	392	320			
	392	319			
	392	318			
	392	317			
	392	316			
	392	315			
	392	314			
	392	313			
	392	312			
	392	311			
	392	310			
	392	309			
	392	308			
	392	307			
	392	306			
	392	305			
	392	304			
	392	303			
	392	302			
	392	301			
	392	300			
	392	299			
	392	298			
	392	297			
	393	343			
	393	342			
	393	341			
	393	340			
	393	339			
	393	338			
	393	337			
	393	336			
	393	335			
	393	334			
	393	333			
	393	332			
	393	331			
	393	330			
	393	329			
	393	328			
	393	327			
	393	326			
	393	325			
	393	324			
	393	323			
	393	322			
	393	321			
	393	320			
	393	319			
	393	318			
	393	317			
	393	316			
	393	315			
	393	314			
	393	313			
	393	312			
	393	311			
	393	310			
	393	309			
	393	308			
	393	307			
	393	306			
	393	305			
	393	304			
	393	303			
	393	302			
	393	301			
	393	300			
	393	299			
	393	298			
	393	297			
	394	343			
	394	342			
	394	341			
	394	340			
	394	339			
	394	338			
	394	337			
	394	336			
	394	335			
	394	334			
	394	333			
	394	332			
	394	331			
	394	330			
	394	329			
	394	328			
	394	327			
	394	326			
	394	325			
	394	324			
	394	323			
	394	322			
	394	321			
	394	320			
	394	319			
	394	318			
	394	317			
	394	316			
	394	315			
	394	314			
	394	313			
	394	312			
	394	311			
	394	310			
	394	309			
	394	308			
	394	307			
	394	306			
	394	305			
	394	304			
	394	303			
	394	302			
	394	301			
	394	300			
	394	299			
	394	298			
	394	297			
	395	343			
	395	342			
	395	341			
	395	340			
	395	339			
	395	338			
	395	337			
	395	336			
	395	335			
	395	334			
	395	333			
	395	332			
	395	331			
	395	330			
	395	329			
	395	328			
	395	327			
	395	326			
	395	325			
	395	324			
	395	323			
	395	322			
	395	321			
	395	320			
	395	319			
	395	318			
	395	317			
	395	316			
	395	315			
	395	314			
	395	313			
	395	312			
	395	311			
	395	310			
	395	309			
	395	308			
	395	307			
	395	306			
	395	305			
	395	304			
	395	303			
	395	302			
	395	301			
	395	300			
	395	299			
	395	298			
	395	297			
	396	343			
	396	342			
	396	341			
	396	340			
	396	339			
	396	338			
	396	337			
	396	336			
	396	335			
	396	334			
	396	333			
	396	332			
	396	331			
	396	330			
	396	329			
	396	328			
	396	327			
	396	326			
	396	325			
	396	324			
	396	323			
	396	322			
	396	321			
	396	320			
	396	319			
	396	318			
	396	317			
	396	316			
	396	315			
	396	314			
	396	313			
	396	312			
	396	311			
	396	310			
	396	309			
	396	308			
	396	307			
	396	306			
	396	305			
	396	304			
	396	303			
	396	302			
	396	301			
	396	300			
	396	299			
	396	298			
	396	297			
	397	343			
	397	342			
	397	341			
	397	340			
	397	339			
	397	338			
	397	337			
	397	336			
	397	335			
	397	334			
	397	333			
	397	332			
	397	331			
	397	330			
	397	329			
	397	328			
	397	327			
	397	326			
	397	325			
	397	324			
	397	323			
	397	322			
	397	321			
	397	320			
	397	319			
	397	318			
	397	317			
	397	316			
	397	315			
	397	314			
	397	313			
	397	312			
	397	311			
	397	310			
	397	309			
	397	308			
	397	307			
	397	306			
	397	305			
	397	304			
	397	303			
	397	302			
	397	301			
	397	300			
	397	299			
	397	298			
	397	297			
	398	343			
	398	342			
	398	341			
	398	340			
	398	339			
	398	338			
	398	337			
	398	336			
	398	335			
	398	334			
	398	333			
	398	332			
	398	331			
	398	330			
	398	329			
	398	328			
	398	327			
	398	326			
	398	325			
	398	324			
	398	323			
	398	322			
	398	321			
	398	320			
	398	319			
	398	318			
	398	317			
	398	316			
	398	315			
	398	314			
	398	313			
	398	312			
	398	311			
	398	310			
	398	309			
	398	308			
	398	307			
	398	306			
	398	305			
	398	304			
	398	303			
	398	302			
	398	301			
	398	300			
	398	299			
	398	298			
	398	297			
	399	343			
	399	342			
	399	341			
	399	340			
	399	339			
	399	338			
	399	337			
	399	336			
	399	335			
	399	334			
	399	333			
	399	332			
	399	331			
	399	330			
	399	329			
	399	328			
	399	327			
	399	326			
	399	325			
	399	324			
	399	323			
	399	322			
	399	321			
	399	320			
	399	319			
	399	318			
	399	317			
	399	316			
	399	315			
	399	314			
	399	313			
	399	312			
	399	311			
	399	310			
	399	309			
	399	308			
	399	307			
	399	306			
	399	305			
	399	304			
	399	303			
	399	302			
	399	301			
	399	300			
	399	299			
	399	298			
	399	297			
	400	343			
	400	342			
	400	341			
	400	340			
	400	339			
	400	338			
	400	337			
	400	336			
	400	335			
	400	334			
	400	333			
	400	332			
	400	331			
	400	330			
	400	329			
	400	328			
	400	327			
	400	326			
	400	325			
	400	324			
	400	323			
	400	322			
	400	321			
	400	320			
	400	319			
	400	318			
	400	317			
	400	316			
	400	315			
	400	314			
	400	313			
	400	312			
	400	311			
	400	310			
	400	309			
	400	308			
	400	307			
	400	306			
	400	305			
	400	304			
	400	303			
	400	302			
	400	301			
	400	300			
	400	299			
	400	298			
	400	297			
	401	343			
	401	342			
	401	341			
	401	340			
	401	339			
	401	338			
	401	337			
	401	336			
	401	335			
	401	334			
	401	333			
	401	332			
	401	331			
	401	330			
	401	329			
	401	328			
	401	327			
	401	326			
	401	325			
	401	324			
	401	323			
	401	322			
	401	321			
	401	320			
	401	319			
	401	318			
	401	317			
	401	316			
	401	315			
	401	314			
	401	313			
	401	312			
	401	311			
	401	310			
	401	309			
	401	308			
	401	307			
	401	306			
	401	305			
	401	304			
	401	303			
	401	302			
	401	301			
	401	300			
	401	299			
	401	298			
	401	297			
	402	343			
	402	342			
	402	341			
	402	340			
	402	339			
	402	338			
	402	337			
	402	336			
	402	335			
	402	334			
	402	333			
	402	332			
	402	331			
	402	330			
	402	329			
	402	328			
	402	327			
	402	326			
	402	325			
	402	324			
	402	323			
	402	322			
	402	321			
	402	320			
	402	319			
	402	318			
	402	317			
	402	316			
	402	315			
	402	314			
	402	313			
	402	312			
	402	311			
	402	310			
	402	309			
	402	308			
	402	307			
	402	306			
	402	305			
	402	304			
	402	303			
	402	302			
	402	301			
	402	300			
	402	299			
	402	298			
	402	297			
