DrawId	IsUp	Name	Type	ProbShow	Sort
101		['S级泛用机体(含保底)', 'S级泛用机体(基础掉落)', 'B、A级泛用机体', '角色碎片', '紫色装备', '突破材料', '经验材料', '螺母箱']		['1.90%', '0.50%', '13.95%', '22.11%', '28.39%', '14.42%', '4.81%', '14.42%']	
201		['六星武器', '五星武器', '紫色武器', '蓝色武器', '螺母箱', '突破材料']		['5.00%', '15.00%', '33.40%', '27.90%', '9.35%', '9.35%']	
211		['六星意识', '五星意识', '紫色意识', '蓝色意识', '螺母箱']		['5.00%', '15.00%', '34.00%', '38.50%', '7.50%']	
301	[True, True]	['【6星】噬狼枪', '【5星】暗影紫光', '【6星】狂乱融合炮', '【6星】神赐者', '【5星】熔岩之柱', '【5星】卫士挂载', '紫色武器', '蓝色武器', '螺母箱', '突破材料']		['4.00%', '12.00%', '0.50%', '0.50%', '1.50%', '1.50%', '33.40%', '27.90%', '9.35%', '9.35%']	
302	[True, True]	['【6星】红莲狂士', '【5星】九字之定', '【6星】斩魂者', '【6星】漆黑', '【5星】石之心', '【5星】动轮大剑', '紫色武器', '蓝色武器', '螺母箱', '突破材料']		['4.00%', '12.00%', '0.50%', '0.50%', '1.50%', '1.50%', '33.40%', '27.90%', '9.35%', '9.35%']	
303	[True, True]	['【6星】影打—逆断', '【5星】九字之定', '【6星】奇美拉-逆断', '【6星】大神威', '【5星】电光石火', '【5星】动轮大剑', '紫色武器', '蓝色武器', '螺母箱', '突破材料']		['4.00%', '12.00%', '0.50%', '0.50%', '1.50%', '1.50%', '33.40%', '27.90%', '9.35%', '9.35%']	
304	[True, True]	['【6星】零式', '【5星】卫士挂载', '【6星】雷米尔', '【6星】狂乱融合炮', '【5星】猎隼E-3320', '【5星】熔岩之柱', '紫色武器', '蓝色武器', '螺母箱', '突破材料']		['4.00%', '12.00%', '0.50%', '0.50%', '1.50%', '1.50%', '33.40%', '27.90%', '9.35%', '9.35%']	
305	[True, True]	['【6星】神赐者', '【5星】卫士挂载', '【6星】噬狼枪', '【6星】红莲狂士', '【5星】暗影紫光', '【5星】九字之定', '紫色武器', '蓝色武器', '螺母箱', '突破材料']		['4.00%', '12.00%', '0.50%', '0.50%', '1.50%', '1.50%', '33.40%', '27.90%', '9.35%', '9.35%']	
306	[True, True]	['【6星】天龙之风', '【5星】卫士挂载', '【6星】大神威', '【6星】雷米尔', '【5星】动轮大剑', '【5星】猎隼E-3320', '紫色武器', '蓝色武器', '螺母箱', '突破材料']		['4.00%', '12.00%', '0.50%', '0.50%', '1.50%', '1.50%', '33.40%', '27.90%', '9.35%', '9.35%']	
307	[True, True]	['【6星】雷米尔', '【5星】猎隼E-3320', '【6星】红莲狂士', '【6星】斩魂者', '【5星】九字之定', '【5星】石之心', '紫色武器', '蓝色武器', '螺母箱', '突破材料']		['4.00%', '12.00%', '0.50%', '0.50%', '1.50%', '1.50%', '33.40%', '27.90%', '9.35%', '9.35%']	
308	[True, True]	['【6星】奇美拉-逆断', '【5星】电光石火', '【6星】影打—逆断', '【6星】斩魂者', '【5星】九字之定', '【5星】石之心', '紫色武器', '蓝色武器', '螺母箱', '突破材料']		['4.00%', '12.00%', '0.50%', '0.50%', '1.50%', '1.50%', '33.40%', '27.90%', '9.35%', '9.35%']	
309	[True, True]	['【6星】大神威', '【5星】动轮大剑', '【6星】零式', '【6星】噬狼枪', '【5星】卫士挂载', '【5星】暗影紫光', '紫色武器', '蓝色武器', '螺母箱', '突破材料']		['4.00%', '12.00%', '0.50%', '0.50%', '1.50%', '1.50%', '33.40%', '27.90%', '9.35%', '9.35%']	
310	[True, True]	['【6星】漆黑', '【5星】动轮大剑', '【6星】神赐者', '【6星】奇美拉-逆断', '【5星】卫士挂载', '【5星】电光石火', '紫色武器', '蓝色武器', '螺母箱', '突破材料']		['4.00%', '12.00%', '0.50%', '0.50%', '1.50%', '1.50%', '33.40%', '27.90%', '9.35%', '9.35%']	
311	[True, True]	['【6星】狂乱融合炮', '【5星】熔岩之柱', '【6星】天龙之风', '【6星】影打—逆断', '【5星】卫士挂载', '【5星】九字之定', '紫色武器', '蓝色武器', '螺母箱', '突破材料']		['4.00%', '12.00%', '0.50%', '0.50%', '1.50%', '1.50%', '33.40%', '27.90%', '9.35%', '9.35%']	
312	[True, True]	['【6星】斩魂者', '【5星】石之心', '【6星】漆黑', '【6星】零式', '【5星】动轮大剑', '【5星】卫士挂载', '紫色武器', '蓝色武器', '螺母箱', '突破材料']		['4.00%', '12.00%', '0.50%', '0.50%', '1.50%', '1.50%', '33.40%', '27.90%', '9.35%', '9.35%']	
313	[True, True]	['【6星】零度定标', '【5星】暗影紫光', '【6星】狂乱融合炮', '【6星】神赐者', '【5星】熔岩之柱', '【5星】卫士挂载', '紫色武器', '蓝色武器', '螺母箱', '突破材料']		['4.00%', '12.00%', '0.50%', '0.50%', '1.50%', '1.50%', '33.40%', '27.90%', '9.35%', '9.35%']	
314	[True, True]	['【6星】核基红龙', '【5星】熔岩之柱', '【6星】天龙之风', '【6星】影打—逆断', '【5星】卫士挂载', '【5星】九字之定', '紫色武器', '蓝色武器', '螺母箱', '突破材料']		['4.00%', '12.00%', '0.50%', '0.50%', '1.50%', '1.50%', '33.40%', '27.90%', '9.35%', '9.35%']	
315	[True, True]	['【6星】机韵', '【5星】电光石火', '【6星】漆黑', '【6星】斩魂者', '【5星】动轮大剑', '【5星】石之心', '紫色武器', '蓝色武器', '螺母箱', '突破材料']		['4.00%', '12.00%', '0.50%', '0.50%', '1.50%', '1.50%', '33.40%', '27.90%', '9.35%', '9.35%']	
501		['初始家具图纸', '咖啡厅家具图纸', '赛博朋克家具图纸', '家具币X5', '家具币X10', '家具币X15', '家具币X20', '咖啡厅家具', '赛博朋克家具', '涂装设计草稿', '宿舍入住凭证']		['7.50%', '7.50%', '7.00%', '15.00%', '10.00%', '8.00%', '5.00%', '10.00%', '10.00%', '15.00%', '5.00%']	
1001	[True, True]	['【6星】红樱', '【5星】九字之定', '【6星】噬狼枪', '【6星】零式', '【5星】暗影紫光', '【5星】卫士挂载', '紫色武器', '蓝色武器', '螺母箱', '突破材料']		['4.00%', '12.00%', '0.50%', '0.50%', '1.50%', '1.50%', '33.40%', '27.90%', '9.35%', '9.35%']	
1002		['S级泛用机体(含保底)', 'S级泛用机体(基础掉落)', 'B、A级泛用机体', '角色碎片', '紫色装备', '突破材料', '经验材料', '螺母箱']		['1.90%', '0.50%', '13.95%', '22.11%', '28.39%', '14.42%', '4.81%', '14.42%']	
1003		['S级泛用机体(含保底)', 'S级泛用机体(基础掉落)', 'B、A级泛用机体', '角色碎片', '紫色装备', '突破材料', '经验材料', '螺母箱']		['1.90%', '0.50%', '13.95%', '22.11%', '28.39%', '14.42%', '4.81%', '14.42%']	
1004		['S级泛用机体(含保底)', 'S级泛用机体(基础掉落)', 'B、A级泛用机体', '角色碎片', '紫色装备', '突破材料', '经验材料', '螺母箱']		['1.90%', '0.50%', '13.95%', '22.11%', '28.39%', '14.42%', '4.81%', '14.42%']	
1005		['S级泛用机体(含保底)', 'S级泛用机体(基础掉落)', 'B、A级泛用机体', '角色碎片', '紫色装备', '突破材料', '经验材料', '螺母箱']		['1.90%', '0.50%', '13.95%', '22.11%', '28.39%', '14.42%', '4.81%', '14.42%']	
316	[True, True]	['【6星】红樱', '【5星】九字之定', '【6星】噬狼枪', '【6星】零式', '【5星】暗影紫光', '【5星】卫士挂载', '紫色武器', '蓝色武器', '螺母箱', '突破材料']		['4.00%', '12.00%', '0.50%', '0.50%', '1.50%', '1.50%', '33.40%', '27.90%', '9.35%', '9.35%']	
2000		['S级泛用机体(含保底)', 'S级泛用机体(基础掉落)', 'B、A级泛用机体', '角色碎片', '紫色装备', '突破材料', '经验材料', '螺母箱']		['1.90%', '1.50%', '13.95%', '22.11%', '28.39%', '14.42%', '4.81%', '14.42%']	
2010		['S级泛用机体(含保底)', 'S级泛用机体(基础掉落)', 'B、A级泛用机体', '角色碎片', '紫色装备', '突破材料', '经验材料', '螺母箱']		['1.90%', '1.50%', '13.95%', '22.11%', '28.39%', '14.42%', '4.81%', '14.42%']	
1017		['S级泛用机体(含保底)', 'S级泛用机体(基础掉落)', 'B、A级泛用机体', '角色碎片', '紫色装备', '突破材料', '经验材料', '螺母箱']		['1.90%', '0.50%', '13.95%', '22.11%', '28.39%', '14.42%', '4.81%', '14.42%']	
1018		['S级泛用机体(含保底)', 'S级泛用机体(基础掉落)', 'B、A级泛用机体', '角色碎片', '紫色装备', '突破材料', '经验材料', '螺母箱']		['1.90%', '0.50%', '13.95%', '22.11%', '28.39%', '14.42%', '4.81%', '14.42%']	
1019		['S级泛用机体(含保底)', 'S级泛用机体(基础掉落)', 'B、A级泛用机体', '角色碎片', '紫色装备', '突破材料', '经验材料', '螺母箱']		['1.90%', '0.50%', '13.95%', '22.11%', '28.39%', '14.42%', '4.81%', '14.42%']	
1020		['S级泛用机体(含保底)', 'S级泛用机体(基础掉落)', 'B、A级泛用机体', '角色碎片', '紫色装备', '突破材料', '经验材料', '螺母箱']		['1.90%', '0.50%', '13.95%', '22.11%', '28.39%', '14.42%', '4.81%', '14.42%']	
1021		['S级泛用机体(含保底)', 'S级泛用机体(基础掉落)', 'B、A级泛用机体', '角色碎片', '紫色装备', '突破材料', '经验材料', '螺母箱']		['1.90%', '0.50%', '13.95%', '22.11%', '28.39%', '14.42%', '4.81%', '14.42%']	
2011		['S级泛用机体(含保底)', 'S级泛用机体(基础掉落)', 'B、A级泛用机体', '角色碎片', '紫色装备', '突破材料', '经验材料', '螺母箱']		['1.90%', '1.50%', '13.95%', '22.11%', '28.39%', '14.42%', '4.81%', '14.42%']	
2012		['S级泛用机体(含保底)', 'S级泛用机体(基础掉落)', 'B、A级泛用机体', '角色碎片', '紫色装备', '突破材料', '经验材料', '螺母箱']		['1.90%', '1.50%', '13.95%', '22.11%', '28.39%', '14.42%', '4.81%', '14.42%']	
2013		['S级泛用机体(含保底)', 'S级泛用机体(基础掉落)', 'B、A级泛用机体', '角色碎片', '紫色装备', '突破材料', '经验材料', '螺母箱']		['1.90%', '1.50%', '13.95%', '22.11%', '28.39%', '14.42%', '4.81%', '14.42%']	
2014		['S级泛用机体(含保底)', 'S级泛用机体(基础掉落)', 'B、A级泛用机体', '角色碎片', '紫色装备', '突破材料', '经验材料', '螺母箱']		['1.90%', '1.50%', '13.95%', '22.11%', '28.39%', '14.42%', '4.81%', '14.42%']	
2015		['S级泛用机体(含保底)', 'S级泛用机体(基础掉落)', 'B、A级泛用机体', '角色碎片', '紫色装备', '突破材料', '经验材料', '螺母箱']		['1.90%', '1.50%', '13.95%', '22.11%', '28.39%', '14.42%', '4.81%', '14.42%']	
317	[True, True]	['【6星】镇命者', '【5星】石之心', '【6星】核基红龙', '【6星】机韵', '【5星】熔岩之柱', '【5星】电光石火', '紫色武器', '蓝色武器', '螺母箱', '突破材料']		['4.00%', '12.00%', '0.50%', '0.50%', '1.50%', '1.50%', '33.40%', '27.90%', '9.35%', '9.35%']	
318	[True, True]	['【6星】魏紫', '【5星】褪色', '【6星】大神威', '【6星】雷米尔', '【5星】动轮大剑', '【5星】猎隼E-3320', '紫色武器', '蓝色武器', '螺母箱', '突破材料']		['4.00%', '12.00%', '0.50%', '0.50%', '1.50%', '1.50%', '33.40%', '27.90%', '9.35%', '9.35%']	
1022		['S级泛用机体(含保底)', 'S级泛用机体(基础掉落)', 'B、A级泛用机体', '角色碎片', '紫色装备', '突破材料', '经验材料', '螺母箱']		['1.90%', '0.50%', '13.95%', '22.11%', '28.39%', '14.42%', '4.81%', '14.42%']	
1023		['S级泛用机体(含保底)', 'S级泛用机体(基础掉落)', 'B、A级泛用机体', '角色碎片', '紫色装备', '突破材料', '经验材料', '螺母箱']		['1.90%', '0.50%', '13.95%', '22.11%', '28.39%', '14.42%', '4.81%', '14.42%']	
1024		['S级泛用机体(含保底)', 'S级泛用机体(基础掉落)', 'B、A级泛用机体', '角色碎片', '紫色装备', '突破材料', '经验材料', '螺母箱']		['1.90%', '0.50%', '13.95%', '22.11%', '28.39%', '14.42%', '4.81%', '14.42%']	
1025		['S级泛用机体(含保底)', 'S级泛用机体(基础掉落)', 'B、A级泛用机体', '角色碎片', '紫色装备', '突破材料', '经验材料', '螺母箱']		['1.90%', '0.50%', '13.95%', '22.11%', '28.39%', '14.42%', '4.81%', '14.42%']	
2016		['S级泛用机体(含保底)', 'S级泛用机体(基础掉落)', 'B、A级泛用机体', '角色碎片', '紫色装备', '突破材料', '经验材料', '螺母箱']		['1.90%', '1.50%', '13.95%', '22.11%', '28.39%', '14.42%', '4.81%', '14.42%']	
2017		['S级泛用机体(含保底)', 'S级泛用机体(基础掉落)', 'B、A级泛用机体', '角色碎片', '紫色装备', '突破材料', '经验材料', '螺母箱']		['1.90%', '1.50%', '13.95%', '22.11%', '28.39%', '14.42%', '4.81%', '14.42%']	
2018		['S级泛用机体(含保底)', 'S级泛用机体(基础掉落)', 'B、A级泛用机体', '角色碎片', '紫色装备', '突破材料', '经验材料', '螺母箱']		['1.90%', '1.50%', '13.95%', '22.11%', '28.39%', '14.42%', '4.81%', '14.42%']	
2019		['S级泛用机体(含保底)', 'S级泛用机体(基础掉落)', 'B、A级泛用机体', '角色碎片', '紫色装备', '突破材料', '经验材料', '螺母箱']		['1.90%', '1.50%', '13.95%', '22.11%', '28.39%', '14.42%', '4.81%', '14.42%']	
1006	[True, True]	['【6星】莱特宁', '【5星】猎隼E-3320', '【6星】魏紫', '【6星】核基红龙', '【5星】熔岩之柱', '【5星】褪色', '紫色武器', '蓝色武器', '螺母箱', '突破材料']		['4.00%', '12.00%', '0.50%', '0.50%', '1.50%', '1.50%', '33.40%', '27.90%', '9.35%', '9.35%']	
3000		['S级泛用机体(含保底)', 'S级泛用机体(基础掉落)', 'B、A级泛用机体', '角色碎片', '紫色装备', '突破材料', '经验材料', '螺母箱']		['1.90%', '0.50%', '13.95%', '22.11%', '28.39%', '14.42%', '4.81%', '14.42%']	
3001		['S级泛用机体(含保底)', 'S级泛用机体(基础掉落)', 'B、A级泛用机体', '角色碎片', '紫色装备', '突破材料', '经验材料', '螺母箱']		['1.90%', '0.50%', '13.95%', '22.11%', '28.39%', '14.42%', '4.81%', '14.42%']	
3002		['S级泛用机体(含保底)', 'S级泛用机体(基础掉落)', 'B、A级泛用机体', '角色碎片', '紫色装备', '突破材料', '经验材料', '螺母箱']		['1.90%', '0.50%', '13.95%', '22.11%', '28.39%', '14.42%', '4.81%', '14.42%']	
3003		['S级泛用机体(含保底)', 'S级泛用机体(基础掉落)', 'B、A级泛用机体', '角色碎片', '紫色装备', '突破材料', '经验材料', '螺母箱']		['1.90%', '0.50%', '13.95%', '22.11%', '28.39%', '14.42%', '4.81%', '14.42%']	
3004		['S级泛用机体(含保底)', 'S级泛用机体(基础掉落)', 'B、A级泛用机体', '角色碎片', '紫色装备', '突破材料', '经验材料', '螺母箱']		['1.90%', '0.50%', '13.95%', '22.11%', '28.39%', '14.42%', '4.81%', '14.42%']	
3005		['S级泛用机体(含保底)', 'S级泛用机体(基础掉落)', 'B、A级泛用机体', '角色碎片', '紫色装备', '突破材料', '经验材料', '螺母箱']		['1.90%', '0.50%', '13.95%', '22.11%', '28.39%', '14.42%', '4.81%', '14.42%']	
3006		['S级泛用机体(含保底)', 'S级泛用机体(基础掉落)', 'B、A级泛用机体', '角色碎片', '紫色装备', '突破材料', '经验材料', '螺母箱']		['1.90%', '0.50%', '13.95%', '22.11%', '28.39%', '14.42%', '4.81%', '14.42%']	
3007		['S级泛用机体(含保底)', 'S级泛用机体(基础掉落)', 'B、A级泛用机体', '角色碎片', '紫色装备', '突破材料', '经验材料', '螺母箱']		['1.90%', '0.50%', '13.95%', '22.11%', '28.39%', '14.42%', '4.81%', '14.42%']	
3008		['S级泛用机体(含保底)', 'S级泛用机体(基础掉落)', 'B、A级泛用机体', '角色碎片', '紫色装备', '突破材料', '经验材料', '螺母箱']		['1.90%', '0.50%', '13.95%', '22.11%', '28.39%', '14.42%', '4.81%', '14.42%']	
3009		['S级泛用机体(含保底)', 'S级泛用机体(基础掉落)', 'B、A级泛用机体', '角色碎片', '紫色装备', '突破材料', '经验材料', '螺母箱']		['1.90%', '0.50%', '13.95%', '22.11%', '28.39%', '14.42%', '4.81%', '14.42%']	
3010		['S级泛用机体(含保底)', 'S级泛用机体(基础掉落)', 'B、A级泛用机体', '角色碎片', '紫色装备', '突破材料', '经验材料', '螺母箱']		['1.90%', '0.50%', '13.95%', '22.11%', '28.39%', '14.42%', '4.81%', '14.42%']	
319	[True, True]	['【6星】莱特宁', '【5星】猎隼E-3320', '【6星】魏紫', '【6星】核基红龙', '【5星】熔岩之柱', '【5星】褪色', '紫色武器', '蓝色武器', '螺母箱', '突破材料']		['4.00%', '12.00%', '0.50%', '0.50%', '1.50%', '1.50%', '33.40%', '27.90%', '9.35%', '9.35%']	
320	[True, True]	['【6星】赛因', '【5星】暗影紫光', '【6星】机韵', '【6星】红樱', '【5星】电光石火', '【5星】九字之定', '紫色武器', '蓝色武器', '螺母箱', '突破材料']		['4.00%', '12.00%', '0.50%', '0.50%', '1.50%', '1.50%', '33.40%', '27.90%', '9.35%', '9.35%']	
321	[True, True]	['【6星】圣艾尔摩', '【5星】褪色', '【6星】镇命者', '【6星】赛因', '【5星】石之心', '【5星】暗影紫光', '紫色武器', '蓝色武器', '螺母箱', '突破材料']		['4.00%', '12.00%', '0.50%', '0.50%', '1.50%', '1.50%', '33.40%', '27.90%', '9.35%', '9.35%']	
3011		['S级泛用机体(含保底)', 'S级泛用机体(基础掉落)', 'B、A级泛用机体', '角色碎片', '紫色装备', '突破材料', '经验材料', '螺母箱']		['1.90%', '0.50%', '13.95%', '22.11%', '28.39%', '14.42%', '4.81%', '14.42%']	
3012		['S级泛用机体(含保底)', 'S级泛用机体(基础掉落)', 'B、A级泛用机体', '角色碎片', '紫色装备', '突破材料', '经验材料', '螺母箱']		['1.90%', '0.50%', '13.95%', '22.11%', '28.39%', '14.42%', '4.81%', '14.42%']	
1026		['S级泛用机体(含保底)', 'S级泛用机体(基础掉落)', 'B、A级泛用机体', '角色碎片', '紫色装备', '突破材料', '经验材料', '螺母箱']		['1.90%', '0.50%', '13.95%', '22.11%', '28.39%', '14.42%', '4.81%', '14.42%']	
1027		['S级泛用机体(含保底)', 'S级泛用机体(基础掉落)', 'B、A级泛用机体', '角色碎片', '紫色装备', '突破材料', '经验材料', '螺母箱']		['1.90%', '0.50%', '13.95%', '22.11%', '28.39%', '14.42%', '4.81%', '14.42%']	
1028		['S级泛用机体(含保底)', 'S级泛用机体(基础掉落)', 'B、A级泛用机体', '角色碎片', '紫色装备', '突破材料', '经验材料', '螺母箱']		['1.90%', '0.50%', '13.95%', '22.11%', '28.39%', '14.42%', '4.81%', '14.42%']	
1029		['S级泛用机体(含保底)', 'S级泛用机体(基础掉落)', 'B、A级泛用机体', '角色碎片', '紫色装备', '突破材料', '经验材料', '螺母箱', 'S级泛用机体(含保底)', 'S级泛用机体(基础掉落)', 'B、A级泛用机体', '角色碎片', '紫色装备', '突破材料', '经验材料', '螺母箱']		['1.90%', '0.50%', '13.95%', '22.11%', '28.39%', '14.42%', '4.81%', '14.42%', '1.90%', '0.50%', '13.95%', '22.11%', '28.39%', '14.42%', '4.81%', '14.42%']	
2020		['S级泛用机体(含保底)', 'S级泛用机体(基础掉落)', 'B、A级泛用机体', '角色碎片', '紫色装备', '突破材料', '经验材料', '螺母箱']		['1.90%', '1.50%', '13.95%', '22.11%', '28.39%', '14.42%', '4.81%', '14.42%']	
2021		['S级泛用机体(含保底)', 'S级泛用机体(基础掉落)', 'B、A级泛用机体', '角色碎片', '紫色装备', '突破材料', '经验材料', '螺母箱']		['1.90%', '1.50%', '13.95%', '22.11%', '28.39%', '14.42%', '4.81%', '14.42%']	
2022		['S级泛用机体(含保底)', 'S级泛用机体(基础掉落)', 'B、A级泛用机体', '角色碎片', '紫色装备', '突破材料', '经验材料', '螺母箱']		['1.90%', '1.50%', '13.95%', '22.11%', '28.39%', '14.42%', '4.81%', '14.42%']	
2023		['S级泛用机体(含保底)', 'S级泛用机体(基础掉落)', 'B、A级泛用机体', '角色碎片', '紫色装备', '突破材料', '经验材料', '螺母箱']		['1.90%', '1.50%', '13.95%', '22.11%', '28.39%', '14.42%', '4.81%', '14.42%']	
322	[True, True]	['【6星】朱桦', '【5星】九字之定', '【6星】机韵', '【6星】核基红龙', '【5星】电光石火', '【5星】熔岩之柱', '紫色武器', '蓝色武器', '螺母箱', '突破材料']		['4.00%', '12.00%', '0.50%', '0.50%', '1.50%', '1.50%', '33.40%', '27.90%', '9.35%', '9.35%']	
323	[True, True]	['【6星】塔纳托斯', '【5星】掠影', '【6星】镇命者', '【6星】赛因', '【5星】石之心', '【5星】暗影紫光', '紫色武器', '蓝色武器', '螺母箱', '突破材料']		['4.00%', '12.00%', '0.50%', '0.50%', '1.50%', '1.50%', '33.40%', '27.90%', '9.35%', '9.35%']	
1030		['S级泛用机体(含保底)', 'S级泛用机体(基础掉落)', 'B、A级泛用机体', '角色碎片', '紫色装备', '突破材料', '经验材料', '螺母箱']		['1.90%', '0.50%', '13.95%', '22.11%', '28.39%', '14.42%', '4.81%', '14.42%']	
1031		['S级泛用机体(含保底)', 'S级泛用机体(基础掉落)', 'B、A级泛用机体', '角色碎片', '紫色装备', '突破材料', '经验材料', '螺母箱']		['1.90%', '0.50%', '13.95%', '22.11%', '28.39%', '14.42%', '4.81%', '14.42%']	
1032		['S级泛用机体(含保底)', 'S级泛用机体(基础掉落)', 'B、A级泛用机体', '角色碎片', '紫色装备', '突破材料', '经验材料', '螺母箱']		['1.90%', '0.50%', '13.95%', '22.11%', '28.39%', '14.42%', '4.81%', '14.42%']	
1033		['S级泛用机体(含保底)', 'S级泛用机体(基础掉落)', 'B、A级泛用机体', '角色碎片', '紫色装备', '突破材料', '经验材料', '螺母箱']		['1.90%', '0.50%', '13.95%', '22.11%', '28.39%', '14.42%', '4.81%', '14.42%']	
1034		['S级泛用机体(含保底)', 'S级泛用机体(基础掉落)', 'B、A级泛用机体', '角色碎片', '紫色装备', '突破材料', '经验材料', '螺母箱']		['1.90%', '0.50%', '13.95%', '22.11%', '28.39%', '14.42%', '4.81%', '14.42%']	
1035		['S级泛用机体(含保底)', 'S级泛用机体(基础掉落)', 'B、A级泛用机体', '角色碎片', '紫色装备', '突破材料', '经验材料', '螺母箱']		['1.90%', '0.50%', '13.95%', '22.11%', '28.39%', '14.42%', '4.81%', '14.42%']	
1036		['S级泛用机体(含保底)', 'S级泛用机体(基础掉落)', 'B、A级泛用机体', '角色碎片', '紫色装备', '突破材料', '经验材料', '螺母箱']		['1.90%', '0.50%', '13.95%', '22.11%', '28.39%', '14.42%', '4.81%', '14.42%']	
2024		['S级泛用机体(含保底)', 'S级泛用机体(基础掉落)', 'B、A级泛用机体', '角色碎片', '紫色装备', '突破材料', '经验材料', '螺母箱']		['1.90%', '1.50%', '13.95%', '22.11%', '28.39%', '14.42%', '4.81%', '14.42%']	
2025		['S级泛用机体(含保底)', 'S级泛用机体(基础掉落)', 'B、A级泛用机体', '角色碎片', '紫色装备', '突破材料', '经验材料', '螺母箱']		['1.90%', '1.50%', '13.95%', '22.11%', '28.39%', '14.42%', '4.81%', '14.42%']	
2026		['S级泛用机体(含保底)', 'S级泛用机体(基础掉落)', 'B、A级泛用机体', '角色碎片', '紫色装备', '突破材料', '经验材料', '螺母箱']		['1.90%', '1.50%', '13.95%', '22.11%', '28.39%', '14.42%', '4.81%', '14.42%']	
2027		['S级泛用机体(含保底)', 'S级泛用机体(基础掉落)', 'B、A级泛用机体', '角色碎片', '紫色装备', '突破材料', '经验材料', '螺母箱']		['1.90%', '1.50%', '13.95%', '22.11%', '28.39%', '14.42%', '4.81%', '14.42%']	
2028		['S级泛用机体(含保底)', 'S级泛用机体(基础掉落)', 'B、A级泛用机体', '角色碎片', '紫色装备', '突破材料', '经验材料', '螺母箱']		['1.90%', '1.50%', '13.95%', '22.11%', '28.39%', '14.42%', '4.81%', '14.42%']	
2029		['S级泛用机体(含保底)', 'S级泛用机体(基础掉落)', 'B、A级泛用机体', '角色碎片', '紫色装备', '突破材料', '经验材料', '螺母箱']		['1.90%', '1.50%', '13.95%', '22.11%', '28.39%', '14.42%', '4.81%', '14.42%']	
2030		['S级泛用机体(含保底)', 'S级泛用机体(基础掉落)', 'B、A级泛用机体', '角色碎片', '紫色装备', '突破材料', '经验材料', '螺母箱']		['1.90%', '1.50%', '13.95%', '22.11%', '28.39%', '14.42%', '4.81%', '14.42%']	
4000		['S级独域机体(含保底)', 'S级独域机体(基础掉落)', '紫色装备', '突破材料', '经验材料', '螺母箱']		['12.45%', '5.00%', '28.21%', '26.45%', '6.44%', '26.45%']	
1037		['S级泛用机体(含保底)', 'S级泛用机体(基础掉落)', 'B、A级泛用机体', '角色碎片', '紫色装备', '突破材料', '经验材料', '螺母箱']		['1.90%', '0.50%', '13.95%', '22.11%', '28.39%', '14.42%', '4.81%', '14.42%']	
1038		['S级泛用机体(含保底)', 'S级泛用机体(基础掉落)', 'B、A级泛用机体', '角色碎片', '紫色装备', '突破材料', '经验材料', '螺母箱']		['1.90%', '0.50%', '13.95%', '22.11%', '28.39%', '14.42%', '4.81%', '14.42%']	
1039		['S级泛用机体(含保底)', 'S级泛用机体(基础掉落)', 'B、A级泛用机体', '角色碎片', '紫色装备', '突破材料', '经验材料', '螺母箱']		['1.90%', '0.50%', '13.95%', '22.11%', '28.39%', '14.42%', '4.81%', '14.42%']	
1040		['S级泛用机体(含保底)', 'S级泛用机体(基础掉落)', 'B、A级泛用机体', '角色碎片', '紫色装备', '突破材料', '经验材料', '螺母箱']		['1.90%', '0.50%', '13.95%', '22.11%', '28.39%', '14.42%', '4.81%', '14.42%']	
1041		['S级泛用机体(含保底)', 'S级泛用机体(基础掉落)', 'B、A级泛用机体', '角色碎片', '紫色装备', '突破材料', '经验材料', '螺母箱']		['1.90%', '0.50%', '13.95%', '22.11%', '28.39%', '14.42%', '4.81%', '14.42%']	
1042		['S级泛用机体(含保底)', 'S级泛用机体(基础掉落)', 'B、A级泛用机体', '角色碎片', '紫色装备', '突破材料', '经验材料', '螺母箱']		['1.90%', '0.50%', '13.95%', '22.11%', '28.39%', '14.42%', '4.81%', '14.42%']	
2031		['S级泛用机体(含保底)', 'S级泛用机体(基础掉落)', 'B、A级泛用机体', '角色碎片', '紫色装备', '突破材料', '经验材料', '螺母箱']		['1.90%', '1.50%', '13.95%', '22.11%', '28.39%', '14.42%', '4.81%', '14.42%']	
2032		['S级泛用机体(含保底)', 'S级泛用机体(基础掉落)', 'B、A级泛用机体', '角色碎片', '紫色装备', '突破材料', '经验材料', '螺母箱']		['1.90%', '1.50%', '13.95%', '22.11%', '28.39%', '14.42%', '4.81%', '14.42%']	
2033		['S级泛用机体(含保底)', 'S级泛用机体(基础掉落)', 'B、A级泛用机体', '角色碎片', '紫色装备', '突破材料', '经验材料', '螺母箱']		['1.90%', '1.50%', '13.95%', '22.11%', '28.39%', '14.42%', '4.81%', '14.42%']	
2034		['S级泛用机体(含保底)', 'S级泛用机体(基础掉落)', 'B、A级泛用机体', '角色碎片', '紫色装备', '突破材料', '经验材料', '螺母箱']		['1.90%', '1.50%', '13.95%', '22.11%', '28.39%', '14.42%', '4.81%', '14.42%']	
2035		['S级泛用机体(含保底)', 'S级泛用机体(基础掉落)', 'B、A级泛用机体', '角色碎片', '紫色装备', '突破材料', '经验材料', '螺母箱']		['1.90%', '1.50%', '13.95%', '22.11%', '28.39%', '14.42%', '4.81%', '14.42%']	
2036		['S级泛用机体(含保底)', 'S级泛用机体(基础掉落)', 'B、A级泛用机体', '角色碎片', '紫色装备', '突破材料', '经验材料', '螺母箱']		['1.90%', '1.50%', '13.95%', '22.11%', '28.39%', '14.42%', '4.81%', '14.42%']	
324	[True, True]	['【6星】沙利叶', '【5星】九字之定', '【6星】圣艾尔摩', '【6星】莱特宁', '【5星】褪色', '【5星】猎隼E-3320', '紫色武器', '蓝色武器', '螺母箱', '突破材料']		['4.00%', '12.00%', '0.50%', '0.50%', '1.50%', '1.50%', '33.40%', '27.90%', '9.35%', '9.35%']	
3013		['S级泛用机体(含保底)', 'S级泛用机体(基础掉落)', 'B、A级泛用机体', '角色碎片', '紫色装备', '突破材料', '经验材料', '螺母箱']		['1.90%', '0.50%', '13.95%', '22.11%', '28.39%', '14.42%', '4.81%', '14.42%']	
3014		['S级泛用机体(含保底)', 'S级泛用机体(基础掉落)', 'B、A级泛用机体', '角色碎片', '紫色装备', '突破材料', '经验材料', '螺母箱']		['1.90%', '0.50%', '13.95%', '22.11%', '28.39%', '14.42%', '4.81%', '14.42%']	
1043		['S级泛用机体(含保底)', 'S级泛用机体(基础掉落)', 'B、A级泛用机体', '角色碎片', '紫色装备', '突破材料', '经验材料', '螺母箱']		['1.90%', '0.50%', '13.95%', '22.11%', '28.39%', '14.42%', '4.81%', '14.42%']	
1044		['S级泛用机体(含保底)', 'S级泛用机体(基础掉落)', 'B、A级泛用机体', '角色碎片', '紫色装备', '突破材料', '经验材料', '螺母箱']		['1.90%', '0.50%', '13.95%', '22.11%', '28.39%', '14.42%', '4.81%', '14.42%']	
1045		['S级泛用机体(含保底)', 'S级泛用机体(基础掉落)', 'B、A级泛用机体', '角色碎片', '紫色装备', '突破材料', '经验材料', '螺母箱']		['1.90%', '0.50%', '13.95%', '22.11%', '28.39%', '14.42%', '4.81%', '14.42%']	
1046		['S级泛用机体(含保底)', 'S级泛用机体(基础掉落)', 'B、A级泛用机体', '角色碎片', '紫色装备', '突破材料', '经验材料', '螺母箱']		['1.90%', '0.50%', '13.95%', '22.11%', '28.39%', '14.42%', '4.81%', '14.42%']	
1047		['S级泛用机体(含保底)', 'S级泛用机体(基础掉落)', 'B、A级泛用机体', '角色碎片', '紫色装备', '突破材料', '经验材料', '螺母箱']		['1.90%', '0.50%', '13.95%', '22.11%', '28.39%', '14.42%', '4.81%', '14.42%']	
1048		['S级泛用机体(含保底)', 'S级泛用机体(基础掉落)', 'B、A级泛用机体', '角色碎片', '紫色装备', '突破材料', '经验材料', '螺母箱']		['1.90%', '0.50%', '13.95%', '22.11%', '28.39%', '14.42%', '4.81%', '14.42%']	
1049		['S级泛用机体(含保底)', 'S级泛用机体(基础掉落)', 'B、A级泛用机体', '角色碎片', '紫色装备', '突破材料', '经验材料', '螺母箱']		['1.90%', '0.50%', '13.95%', '22.11%', '28.39%', '14.42%', '4.81%', '14.42%']	
2037		['S级泛用机体(含保底)', 'S级泛用机体(基础掉落)', 'B、A级泛用机体', '角色碎片', '紫色装备', '突破材料', '经验材料', '螺母箱']		['1.90%', '1.50%', '13.95%', '22.11%', '28.39%', '14.42%', '4.81%', '14.42%']	
2038		['S级泛用机体(含保底)', 'S级泛用机体(基础掉落)', 'B、A级泛用机体', '角色碎片', '紫色装备', '突破材料', '经验材料', '螺母箱']		['1.90%', '1.50%', '13.95%', '22.11%', '28.39%', '14.42%', '4.81%', '14.42%']	
2039		['S级泛用机体(含保底)', 'S级泛用机体(基础掉落)', 'B、A级泛用机体', '角色碎片', '紫色装备', '突破材料', '经验材料', '螺母箱']		['1.90%', '1.50%', '13.95%', '22.11%', '28.39%', '14.42%', '4.81%', '14.42%']	
2040		['S级泛用机体(含保底)', 'S级泛用机体(基础掉落)', 'B、A级泛用机体', '角色碎片', '紫色装备', '突破材料', '经验材料', '螺母箱']		['1.90%', '1.50%', '13.95%', '22.11%', '28.39%', '14.42%', '4.81%', '14.42%']	
2041		['S级泛用机体(含保底)', 'S级泛用机体(基础掉落)', 'B、A级泛用机体', '角色碎片', '紫色装备', '突破材料', '经验材料', '螺母箱']		['1.90%', '1.50%', '13.95%', '22.11%', '28.39%', '14.42%', '4.81%', '14.42%']	
2042		['S级泛用机体(含保底)', 'S级泛用机体(基础掉落)', 'B、A级泛用机体', '角色碎片', '紫色装备', '突破材料', '经验材料', '螺母箱']		['1.90%', '1.50%', '13.95%', '22.11%', '28.39%', '14.42%', '4.81%', '14.42%']	
2043		['S级泛用机体(含保底)', 'S级泛用机体(基础掉落)', 'B、A级泛用机体', '角色碎片', '紫色装备', '突破材料', '经验材料', '螺母箱']		['1.90%', '1.50%', '13.95%', '22.11%', '28.39%', '14.42%', '4.81%', '14.42%']	
325	[True, True]	['【6星】冈格尼尔', '【5星】RL-03C 黑刺', '【6星】朱桦', '【6星】零度定标', '【5星】九字之定', '【5星】暗影紫光', '紫色武器', '蓝色武器', '螺母箱', '突破材料']		['4.00%', '12.00%', '0.50%', '0.50%', '1.50%', '1.50%', '33.40%', '27.90%', '9.35%', '9.35%']	
326	[True, True]	['【6星】青赫', '【5星】归云', '【6星】塔纳托斯', '【6星】沙利叶', '【5星】掠影', '【5星】九字之定', '紫色武器', '蓝色武器', '螺母箱', '突破材料']		['4.00%', '12.00%', '0.50%', '0.50%', '1.50%', '1.50%', '33.40%', '27.90%', '9.35%', '9.35%']	
327	[True, True]	['【6星】八极', '【5星】白麟出涧', '【6星】天龙之风', '【6星】莱特宁', '【5星】卫士挂载', '【5星】猎隼E-3320', '紫色武器', '蓝色武器', '螺母箱', '突破材料']		['4.00%', '12.00%', '0.50%', '0.50%', '1.50%', '1.50%', '33.40%', '27.90%', '9.35%', '9.35%']	
1050		['S级泛用机体(含保底)', 'S级泛用机体(基础掉落)', 'B、A级泛用机体', '角色碎片', '紫色装备', '突破材料', '经验材料', '螺母箱']		['1.90%', '0.50%', '13.95%', '22.11%', '28.39%', '14.42%', '4.81%', '14.42%']	
1051		['S级泛用机体(含保底)', 'S级泛用机体(基础掉落)', 'B、A级泛用机体', '角色碎片', '紫色装备', '突破材料', '经验材料', '螺母箱']		['1.90%', '0.50%', '13.95%', '22.11%', '28.39%', '14.42%', '4.81%', '14.42%']	
1052		['S级泛用机体(含保底)', 'S级泛用机体(基础掉落)', 'B、A级泛用机体', '角色碎片', '紫色装备', '突破材料', '经验材料', '螺母箱']		['1.90%', '0.50%', '13.95%', '22.11%', '28.39%', '14.42%', '4.81%', '14.42%']	
1053		['S级泛用机体(含保底)', 'S级泛用机体(基础掉落)', 'B、A级泛用机体', '角色碎片', '紫色装备', '突破材料', '经验材料', '螺母箱']		['1.90%', '0.50%', '13.95%', '22.11%', '28.39%', '14.42%', '4.81%', '14.42%']	
1054		['S级泛用机体(含保底)', 'S级泛用机体(基础掉落)', 'B、A级泛用机体', '角色碎片', '紫色装备', '突破材料', '经验材料', '螺母箱']		['1.90%', '0.50%', '13.95%', '22.11%', '28.39%', '14.42%', '4.81%', '14.42%']	
1055		['S级泛用机体(含保底)', 'S级泛用机体(基础掉落)', 'B、A级泛用机体', '角色碎片', '紫色装备', '突破材料', '经验材料', '螺母箱']		['1.90%', '0.50%', '13.95%', '22.11%', '28.39%', '14.42%', '4.81%', '14.42%']	
2044		['S级泛用机体(含保底)', 'S级泛用机体(基础掉落)', 'B、A级泛用机体', '角色碎片', '紫色装备', '突破材料', '经验材料', '螺母箱']		['1.90%', '1.50%', '13.95%', '22.11%', '28.39%', '14.42%', '4.81%', '14.42%']	
2045		['S级泛用机体(含保底)', 'S级泛用机体(基础掉落)', 'B、A级泛用机体', '角色碎片', '紫色装备', '突破材料', '经验材料', '螺母箱']		['1.90%', '1.50%', '13.95%', '22.11%', '28.39%', '14.42%', '4.81%', '14.42%']	
2046		['S级泛用机体(含保底)', 'S级泛用机体(基础掉落)', 'B、A级泛用机体', '角色碎片', '紫色装备', '突破材料', '经验材料', '螺母箱']		['1.90%', '1.50%', '13.95%', '22.11%', '28.39%', '14.42%', '4.81%', '14.42%']	
2047		['S级泛用机体(含保底)', 'S级泛用机体(基础掉落)', 'B、A级泛用机体', '角色碎片', '紫色装备', '突破材料', '经验材料', '螺母箱']		['1.90%', '1.50%', '13.95%', '22.11%', '28.39%', '14.42%', '4.81%', '14.42%']	
2048		['S级泛用机体(含保底)', 'S级泛用机体(基础掉落)', 'B、A级泛用机体', '角色碎片', '紫色装备', '突破材料', '经验材料', '螺母箱']		['1.90%', '1.50%', '13.95%', '22.11%', '28.39%', '14.42%', '4.81%', '14.42%']	
2049		['S级泛用机体(含保底)', 'S级泛用机体(基础掉落)', 'B、A级泛用机体', '角色碎片', '紫色装备', '突破材料', '经验材料', '螺母箱']		['1.90%', '1.50%', '13.95%', '22.11%', '28.39%', '14.42%', '4.81%', '14.42%']	
3015		['S级泛用机体(含保底)', 'S级泛用机体(基础掉落)', 'B、A级泛用机体', '角色碎片', '紫色装备', '突破材料', '经验材料', '螺母箱']		['1.90%', '0.50%', '13.95%', '22.11%', '28.39%', '14.42%', '4.81%', '14.42%']	
3016		['S级泛用机体(含保底)', 'S级泛用机体(基础掉落)', 'B、A级泛用机体', '角色碎片', '紫色装备', '突破材料', '经验材料', '螺母箱']		['1.90%', '0.50%', '13.95%', '22.11%', '28.39%', '14.42%', '4.81%', '14.42%']	
4001		['S级独域机体(含保底)', 'S级独域机体(基础掉落)', '紫色装备', '突破材料', '经验材料', '螺母箱']		['12.45%', '5.00%', '28.21%', '26.45%', '6.44%', '26.45%']	
4002		['S级独域机体(含保底)', 'S级独域机体(基础掉落)', '紫色装备', '突破材料', '经验材料', '螺母箱']		['12.45%', '5.00%', '28.21%', '26.45%', '6.44%', '26.45%']	
4003		['S级独域机体(含保底)', 'S级独域机体(基础掉落)', '紫色装备', '突破材料', '经验材料', '螺母箱']		['12.45%', '5.00%', '28.21%', '26.45%', '6.44%', '26.45%']	
328	[True, True]	['【6星】奥兹玛', '【5星】冕饵', '【6星】冈格尼尔', '【6星】魏紫', '【5星】RL-03C 黑刺', '【5星】褪色', '紫色武器', '蓝色武器', '螺母箱', '突破材料']		['4.00%', '12.00%', '0.50%', '0.50%', '1.50%', '1.50%', '33.40%', '27.90%', '9.35%', '9.35%']	
1056		['S级泛用机体(含保底)', 'S级泛用机体(基础掉落)', 'B、A级泛用机体', '角色碎片', '紫色装备', '突破材料', '经验材料', '螺母箱']		['1.90%', '0.50%', '13.95%', '22.11%', '28.39%', '14.42%', '4.81%', '14.42%']	
1057		['S级泛用机体(含保底)', 'S级泛用机体(基础掉落)', 'B、A级泛用机体', '角色碎片', '紫色装备', '突破材料', '经验材料', '螺母箱']		['1.90%', '0.50%', '13.95%', '22.11%', '28.39%', '14.42%', '4.81%', '14.42%']	
1058		['S级泛用机体(含保底)', 'S级泛用机体(基础掉落)', 'B、A级泛用机体', '角色碎片', '紫色装备', '突破材料', '经验材料', '螺母箱']		['1.90%', '0.50%', '13.95%', '22.11%', '28.39%', '14.42%', '4.81%', '14.42%']	
1059		['S级泛用机体(含保底)', 'S级泛用机体(基础掉落)', 'B、A级泛用机体', '角色碎片', '紫色装备', '突破材料', '经验材料', '螺母箱']		['1.90%', '0.50%', '13.95%', '22.11%', '28.39%', '14.42%', '4.81%', '14.42%']	
1060		['S级泛用机体(含保底)', 'S级泛用机体(基础掉落)', 'B、A级泛用机体', '角色碎片', '紫色装备', '突破材料', '经验材料', '螺母箱']		['1.90%', '0.50%', '13.95%', '22.11%', '28.39%', '14.42%', '4.81%', '14.42%']	
2050		['S级泛用机体(含保底)', 'S级泛用机体(基础掉落)', 'B、A级泛用机体', '角色碎片', '紫色装备', '突破材料', '经验材料', '螺母箱']		['1.90%', '1.50%', '13.95%', '22.11%', '28.39%', '14.42%', '4.81%', '14.42%']	
2051		['S级泛用机体(含保底)', 'S级泛用机体(基础掉落)', 'B、A级泛用机体', '角色碎片', '紫色装备', '突破材料', '经验材料', '螺母箱']		['1.90%', '1.50%', '13.95%', '22.11%', '28.39%', '14.42%', '4.81%', '14.42%']	
2052		['S级泛用机体(含保底)', 'S级泛用机体(基础掉落)', 'B、A级泛用机体', '角色碎片', '紫色装备', '突破材料', '经验材料', '螺母箱']		['1.90%', '1.50%', '13.95%', '22.11%', '28.39%', '14.42%', '4.81%', '14.42%']	
2053		['S级泛用机体(含保底)', 'S级泛用机体(基础掉落)', 'B、A级泛用机体', '角色碎片', '紫色装备', '突破材料', '经验材料', '螺母箱']		['1.90%', '1.50%', '13.95%', '22.11%', '28.39%', '14.42%', '4.81%', '14.42%']	
2054		['S级泛用机体(含保底)', 'S级泛用机体(基础掉落)', 'B、A级泛用机体', '角色碎片', '紫色装备', '突破材料', '经验材料', '螺母箱']		['1.90%', '1.50%', '13.95%', '22.11%', '28.39%', '14.42%', '4.81%', '14.42%']	
5000		['S级泛用机体(含保底)', 'S级泛用机体(基础掉落)', 'B、A级泛用机体', '角色碎片', '紫色装备', '突破材料', '经验材料', '螺母箱']		['1.90%', '0.50%', '13.95%', '22.11%', '28.39%', '14.42%', '4.81%', '14.42%']	
5001		['S级泛用机体(含保底)', 'S级泛用机体(基础掉落)', 'B、A级泛用机体', '角色碎片', '紫色装备', '突破材料', '经验材料', '螺母箱']		['1.90%', '0.50%', '13.95%', '22.11%', '28.39%', '14.42%', '4.81%', '14.42%']	
5002		['S级泛用机体(含保底)', 'S级泛用机体(基础掉落)', 'B、A级泛用机体', '角色碎片', '紫色装备', '突破材料', '经验材料', '螺母箱']		['1.90%', '0.50%', '13.95%', '22.11%', '28.39%', '14.42%', '4.81%', '14.42%']	
5003		['S级泛用机体(含保底)', 'S级泛用机体(基础掉落)', 'B、A级泛用机体', '角色碎片', '紫色装备', '突破材料', '经验材料', '螺母箱']		['1.90%', '0.50%', '13.95%', '22.11%', '28.39%', '14.42%', '4.81%', '14.42%']	
5004		['S级泛用机体(含保底)', 'S级泛用机体(基础掉落)', 'B、A级泛用机体', '角色碎片', '紫色装备', '突破材料', '经验材料', '螺母箱']		['1.90%', '0.50%', '13.95%', '22.11%', '28.39%', '14.42%', '4.81%', '14.42%']	
5005		['S级泛用机体(含保底)', 'S级泛用机体(基础掉落)', 'B、A级泛用机体', '角色碎片', '紫色装备', '突破材料', '经验材料', '螺母箱']		['1.90%', '0.50%', '13.95%', '22.11%', '28.39%', '14.42%', '4.81%', '14.42%']	
5006		['S级泛用机体(含保底)', 'S级泛用机体(基础掉落)', 'B、A级泛用机体', '角色碎片', '紫色装备', '突破材料', '经验材料', '螺母箱']		['1.90%', '0.50%', '13.95%', '22.11%', '28.39%', '14.42%', '4.81%', '14.42%']	
5007		['S级泛用机体(含保底)', 'S级泛用机体(基础掉落)', 'B、A级泛用机体', '角色碎片', '紫色装备', '突破材料', '经验材料', '螺母箱']		['1.90%', '0.50%', '13.95%', '22.11%', '28.39%', '14.42%', '4.81%', '14.42%']	
5008		['S级泛用机体(含保底)', 'S级泛用机体(基础掉落)', 'B、A级泛用机体', '角色碎片', '紫色装备', '突破材料', '经验材料', '螺母箱']		['1.90%', '0.50%', '13.95%', '22.11%', '28.39%', '14.42%', '4.81%', '14.42%']	
6000		['S级泛用机体(含保底)', 'S级泛用机体(基础掉落)', 'B、A级泛用机体', '角色碎片', '紫色装备', '突破材料', '经验材料', '螺母箱']		['1.90%', '1.50%', '13.95%', '22.11%', '28.39%', '14.42%', '4.81%', '14.42%']	
6001		['S级泛用机体(含保底)', 'S级泛用机体(基础掉落)', 'B、A级泛用机体', '角色碎片', '紫色装备', '突破材料', '经验材料', '螺母箱']		['1.90%', '1.50%', '13.95%', '22.11%', '28.39%', '14.42%', '4.81%', '14.42%']	
6002		['S级泛用机体(含保底)', 'S级泛用机体(基础掉落)', 'B、A级泛用机体', '角色碎片', '紫色装备', '突破材料', '经验材料', '螺母箱']		['1.90%', '1.50%', '13.95%', '22.11%', '28.39%', '14.42%', '4.81%', '14.42%']	
6003		['S级泛用机体(含保底)', 'S级泛用机体(基础掉落)', 'B、A级泛用机体', '角色碎片', '紫色装备', '突破材料', '经验材料', '螺母箱']		['1.90%', '1.50%', '13.95%', '22.11%', '28.39%', '14.42%', '4.81%', '14.42%']	
6004		['S级泛用机体(含保底)', 'S级泛用机体(基础掉落)', 'B、A级泛用机体', '角色碎片', '紫色装备', '突破材料', '经验材料', '螺母箱']		['1.90%', '1.50%', '13.95%', '22.11%', '28.39%', '14.42%', '4.81%', '14.42%']	
6005		['S级泛用机体(含保底)', 'S级泛用机体(基础掉落)', 'B、A级泛用机体', '角色碎片', '紫色装备', '突破材料', '经验材料', '螺母箱']		['1.90%', '1.50%', '13.95%', '22.11%', '28.39%', '14.42%', '4.81%', '14.42%']	
6006		['S级泛用机体(含保底)', 'S级泛用机体(基础掉落)', 'B、A级泛用机体', '角色碎片', '紫色装备', '突破材料', '经验材料', '螺母箱']		['1.90%', '1.50%', '13.95%', '22.11%', '28.39%', '14.42%', '4.81%', '14.42%']	
6007		['S级泛用机体(含保底)', 'S级泛用机体(基础掉落)', 'B、A级泛用机体', '角色碎片', '紫色装备', '突破材料', '经验材料', '螺母箱']		['1.90%', '1.50%', '13.95%', '22.11%', '28.39%', '14.42%', '4.81%', '14.42%']	
6008		['S级泛用机体(含保底)', 'S级泛用机体(基础掉落)', 'B、A级泛用机体', '角色碎片', '紫色装备', '突破材料', '经验材料', '螺母箱']		['1.90%', '1.50%', '13.95%', '22.11%', '28.39%', '14.42%', '4.81%', '14.42%']	
5500		['S级泛用机体(含保底)', 'S级泛用机体(基础掉落)', 'B、A级泛用机体', '角色碎片', '紫色装备', '突破材料', '经验材料', '螺母箱']		['1.90%', '0.50%', '13.95%', '22.11%', '28.39%', '14.42%', '4.81%', '14.42%']	
5501		['S级泛用机体(含保底)', 'S级泛用机体(基础掉落)', 'B、A级泛用机体', '角色碎片', '紫色装备', '突破材料', '经验材料', '螺母箱']		['1.90%', '0.50%', '13.95%', '22.11%', '28.39%', '14.42%', '4.81%', '14.42%']	
5502		['S级泛用机体(含保底)', 'S级泛用机体(基础掉落)', 'B、A级泛用机体', '角色碎片', '紫色装备', '突破材料', '经验材料', '螺母箱']		['1.90%', '0.50%', '13.95%', '22.11%', '28.39%', '14.42%', '4.81%', '14.42%']	
5503		['S级泛用机体(含保底)', 'S级泛用机体(基础掉落)', 'B、A级泛用机体', '角色碎片', '紫色装备', '突破材料', '经验材料', '螺母箱']		['1.90%', '0.50%', '13.95%', '22.11%', '28.39%', '14.42%', '4.81%', '14.42%']	
5504		['S级泛用机体(含保底)', 'S级泛用机体(基础掉落)', 'B、A级泛用机体', '角色碎片', '紫色装备', '突破材料', '经验材料', '螺母箱']		['1.90%', '0.50%', '13.95%', '22.11%', '28.39%', '14.42%', '4.81%', '14.42%']	
6500		['S级泛用机体(含保底)', 'S级泛用机体(基础掉落)', 'B、A级泛用机体', '角色碎片', '紫色装备', '突破材料', '经验材料', '螺母箱']		['1.90%', '1.50%', '13.95%', '22.11%', '28.39%', '14.42%', '4.81%', '14.42%']	
6501		['S级泛用机体(含保底)', 'S级泛用机体(基础掉落)', 'B、A级泛用机体', '角色碎片', '紫色装备', '突破材料', '经验材料', '螺母箱']		['1.90%', '1.50%', '13.95%', '22.11%', '28.39%', '14.42%', '4.81%', '14.42%']	
6502		['S级泛用机体(含保底)', 'S级泛用机体(基础掉落)', 'B、A级泛用机体', '角色碎片', '紫色装备', '突破材料', '经验材料', '螺母箱']		['1.90%', '1.50%', '13.95%', '22.11%', '28.39%', '14.42%', '4.81%', '14.42%']	
6503		['S级泛用机体(含保底)', 'S级泛用机体(基础掉落)', 'B、A级泛用机体', '角色碎片', '紫色装备', '突破材料', '经验材料', '螺母箱']		['1.90%', '1.50%', '13.95%', '22.11%', '28.39%', '14.42%', '4.81%', '14.42%']	
6504		['S级泛用机体(含保底)', 'S级泛用机体(基础掉落)', 'B、A级泛用机体', '角色碎片', '紫色装备', '突破材料', '经验材料', '螺母箱']		['1.90%', '1.50%', '13.95%', '22.11%', '28.39%', '14.42%', '4.81%', '14.42%']	
5600	[True, True]	['【6星】漆黑契约·改', '【5星】漆黑契约', '【6星】四零式战术长枪·改', '【5星】四零式战术长枪', '紫色武器', '蓝色武器', '螺母箱', '突破材料']		['4.00%', '12.00%', '1.00%', '3.00%', '33.40%', '27.90%', '9.35%', '9.35%']	
5601	[True, True]	['【6星】四零式战术长枪·改', '【5星】四零式战术长枪', '【6星】漆黑契约·改', '【5星】漆黑契约', '紫色武器', '蓝色武器', '螺母箱', '突破材料']		['4.00%', '12.00%', '1.00%', '3.00%', '33.40%', '27.90%', '9.35%', '9.35%']	
5602	[True, True]	['【6星】漆黑契约·改', '【5星】漆黑契约', '【6星】四零式战术长枪·改', '【6星】纯白契约·改', '【5星】四零式战术长枪', '【5星】纯白契约', '紫色武器', '蓝色武器', '螺母箱', '突破材料']		['4.00%', '12.00%', '0.50%', '0.50%', '1.50%', '1.50%', '33.40%', '27.90%', '9.35%', '9.35%']	
5603	[True, True]	['【6星】四零式战术长枪·改', '【5星】四零式战术长枪', '【6星】漆黑契约·改', '【6星】纯白契约·改', '【5星】漆黑契约', '【5星】纯白契约', '紫色武器', '蓝色武器', '螺母箱', '突破材料']		['4.00%', '12.00%', '0.50%', '0.50%', '1.50%', '1.50%', '33.40%', '27.90%', '9.35%', '9.35%']	
5604	[True, True]	['【6星】纯白契约·改', '【5星】纯白契约', '【6星】漆黑契约·改', '【6星】四零式战术长枪·改', '【5星】漆黑契约', '【5星】四零式战术长枪', '紫色武器', '蓝色武器', '螺母箱', '突破材料']		['4.00%', '12.00%', '0.50%', '0.50%', '1.50%', '1.50%', '33.40%', '27.90%', '9.35%', '9.35%']	
1061		['S级泛用机体(含保底)', 'S级泛用机体(基础掉落)', 'B、A级泛用机体', '角色碎片', '紫色装备', '突破材料', '经验材料', '螺母箱']		['1.90%', '0.50%', '13.95%', '22.11%', '28.39%', '14.42%', '4.81%', '14.42%']	
1062		['S级泛用机体(含保底)', 'S级泛用机体(基础掉落)', 'B、A级泛用机体', '角色碎片', '紫色装备', '突破材料', '经验材料', '螺母箱']		['1.90%', '0.50%', '13.95%', '22.11%', '28.39%', '14.42%', '4.81%', '14.42%']	
1063		['S级泛用机体(含保底)', 'S级泛用机体(基础掉落)', 'B、A级泛用机体', '角色碎片', '紫色装备', '突破材料', '经验材料', '螺母箱']		['1.90%', '0.50%', '13.95%', '22.11%', '28.39%', '14.42%', '4.81%', '14.42%']	
1064		['S级泛用机体(含保底)', 'S级泛用机体(基础掉落)', 'B、A级泛用机体', '角色碎片', '紫色装备', '突破材料', '经验材料', '螺母箱']		['1.90%', '0.50%', '13.95%', '22.11%', '28.39%', '14.42%', '4.81%', '14.42%']	
1065		['S级泛用机体(含保底)', 'S级泛用机体(基础掉落)', 'B、A级泛用机体', '角色碎片', '紫色装备', '突破材料', '经验材料', '螺母箱']		['1.90%', '0.50%', '13.95%', '22.11%', '28.39%', '14.42%', '4.81%', '14.42%']	
1066		['S级泛用机体(含保底)', 'S级泛用机体(基础掉落)', 'B、A级泛用机体', '角色碎片', '紫色装备', '突破材料', '经验材料', '螺母箱']		['1.90%', '0.50%', '13.95%', '22.11%', '28.39%', '14.42%', '4.81%', '14.42%']	
2055		['S级泛用机体(含保底)', 'S级泛用机体(基础掉落)', 'B、A级泛用机体', '角色碎片', '紫色装备', '突破材料', '经验材料', '螺母箱']		['1.90%', '1.50%', '13.95%', '22.11%', '28.39%', '14.42%', '4.81%', '14.42%']	
2056		['S级泛用机体(含保底)', 'S级泛用机体(基础掉落)', 'B、A级泛用机体', '角色碎片', '紫色装备', '突破材料', '经验材料', '螺母箱']		['1.90%', '1.50%', '13.95%', '22.11%', '28.39%', '14.42%', '4.81%', '14.42%']	
2057		['S级泛用机体(含保底)', 'S级泛用机体(基础掉落)', 'B、A级泛用机体', '角色碎片', '紫色装备', '突破材料', '经验材料', '螺母箱']		['1.90%', '1.50%', '13.95%', '22.11%', '28.39%', '14.42%', '4.81%', '14.42%']	
2058		['S级泛用机体(含保底)', 'S级泛用机体(基础掉落)', 'B、A级泛用机体', '角色碎片', '紫色装备', '突破材料', '经验材料', '螺母箱']		['1.90%', '1.50%', '13.95%', '22.11%', '28.39%', '14.42%', '4.81%', '14.42%']	
2059		['S级泛用机体(含保底)', 'S级泛用机体(基础掉落)', 'B、A级泛用机体', '角色碎片', '紫色装备', '突破材料', '经验材料', '螺母箱']		['1.90%', '1.50%', '13.95%', '22.11%', '28.39%', '14.42%', '4.81%', '14.42%']	
2060		['S级泛用机体(含保底)', 'S级泛用机体(基础掉落)', 'B、A级泛用机体', '角色碎片', '紫色装备', '突破材料', '经验材料', '螺母箱']		['1.90%', '1.50%', '13.95%', '22.11%', '28.39%', '14.42%', '4.81%', '14.42%']	
329	[True, True]	['【6星】林中主人', '【5星】奥黛特', '【6星】奇美拉-逆断', '【6星】红樱', '【5星】电光石火', '【5星】九字之定', '紫色武器', '蓝色武器', '螺母箱', '突破材料']		['4.00%', '12.00%', '0.50%', '0.50%', '1.50%', '1.50%', '33.40%', '27.90%', '9.35%', '9.35%']	
330	[True, True]	['【6星】天平', '【5星】FA2D-AP', '【6星】镇命者', '【6星】朱桦', '【5星】石之心', '【5星】九字之定', '紫色武器', '蓝色武器', '螺母箱', '突破材料']		['4.00%', '12.00%', '0.50%', '0.50%', '1.50%', '1.50%', '33.40%', '27.90%', '9.35%', '9.35%']	
1067		['S级泛用机体(含保底)', 'S级泛用机体(基础掉落)', 'B、A级泛用机体', '角色碎片', '紫色装备', '突破材料', '经验材料', '螺母箱']		['1.90%', '0.50%', '13.95%', '22.11%', '28.39%', '14.42%', '4.81%', '14.42%']	
1068		['S级泛用机体(含保底)', 'S级泛用机体(基础掉落)', 'B、A级泛用机体', '角色碎片', '紫色装备', '突破材料', '经验材料', '螺母箱']		['1.90%', '0.50%', '13.95%', '22.11%', '28.39%', '14.42%', '4.81%', '14.42%']	
1069		['S级泛用机体(含保底)', 'S级泛用机体(基础掉落)', 'B、A级泛用机体', '角色碎片', '紫色装备', '突破材料', '经验材料', '螺母箱']		['1.90%', '0.50%', '13.95%', '22.11%', '28.39%', '14.42%', '4.81%', '14.42%']	
1070		['S级泛用机体(含保底)', 'S级泛用机体(基础掉落)', 'B、A级泛用机体', '角色碎片', '紫色装备', '突破材料', '经验材料', '螺母箱']		['1.90%', '0.50%', '13.95%', '22.11%', '28.39%', '14.42%', '4.81%', '14.42%']	
1071		['S级泛用机体(含保底)', 'S级泛用机体(基础掉落)', 'B、A级泛用机体', '角色碎片', '紫色装备', '突破材料', '经验材料', '螺母箱']		['1.90%', '0.50%', '13.95%', '22.11%', '28.39%', '14.42%', '4.81%', '14.42%']	
1072		['S级泛用机体(含保底)', 'S级泛用机体(基础掉落)', 'B、A级泛用机体', '角色碎片', '紫色装备', '突破材料', '经验材料', '螺母箱']		['1.90%', '0.50%', '13.95%', '22.11%', '28.39%', '14.42%', '4.81%', '14.42%']	
2061		['S级泛用机体(含保底)', 'S级泛用机体(基础掉落)', 'B、A级泛用机体', '角色碎片', '紫色装备', '突破材料', '经验材料', '螺母箱']		['1.90%', '1.50%', '13.95%', '22.11%', '28.39%', '14.42%', '4.81%', '14.42%']	
2062		['S级泛用机体(含保底)', 'S级泛用机体(基础掉落)', 'B、A级泛用机体', '角色碎片', '紫色装备', '突破材料', '经验材料', '螺母箱']		['1.90%', '1.50%', '13.95%', '22.11%', '28.39%', '14.42%', '4.81%', '14.42%']	
2063		['S级泛用机体(含保底)', 'S级泛用机体(基础掉落)', 'B、A级泛用机体', '角色碎片', '紫色装备', '突破材料', '经验材料', '螺母箱']		['1.90%', '1.50%', '13.95%', '22.11%', '28.39%', '14.42%', '4.81%', '14.42%']	
2064		['S级泛用机体(含保底)', 'S级泛用机体(基础掉落)', 'B、A级泛用机体', '角色碎片', '紫色装备', '突破材料', '经验材料', '螺母箱']		['1.90%', '1.50%', '13.95%', '22.11%', '28.39%', '14.42%', '4.81%', '14.42%']	
2065		['S级泛用机体(含保底)', 'S级泛用机体(基础掉落)', 'B、A级泛用机体', '角色碎片', '紫色装备', '突破材料', '经验材料', '螺母箱']		['1.90%', '1.50%', '13.95%', '22.11%', '28.39%', '14.42%', '4.81%', '14.42%']	
2066		['S级泛用机体(含保底)', 'S级泛用机体(基础掉落)', 'B、A级泛用机体', '角色碎片', '紫色装备', '突破材料', '经验材料', '螺母箱']		['1.90%', '1.50%', '13.95%', '22.11%', '28.39%', '14.42%', '4.81%', '14.42%']	
4004		['S级独域机体(含保底)', 'S级独域机体(基础掉落)', '紫色装备', '突破材料', '经验材料', '螺母箱']		['12.45%', '5.00%', '28.21%', '26.45%', '6.44%', '26.45%']	
4005		['S级独域机体(含保底)', 'S级独域机体(基础掉落)', '紫色装备', '突破材料', '经验材料', '螺母箱']		['12.45%', '5.00%', '28.21%', '26.45%', '6.44%', '26.45%']	
3017		['S级泛用机体(含保底)', 'S级泛用机体(基础掉落)', 'B、A级泛用机体', '角色碎片', '紫色装备', '突破材料', '经验材料', '螺母箱']		['1.90%', '0.50%', '13.95%', '22.11%', '28.39%', '14.42%', '4.81%', '14.42%']	
3018		['S级泛用机体(含保底)', 'S级泛用机体(基础掉落)', 'B、A级泛用机体', '角色碎片', '紫色装备', '突破材料', '经验材料', '螺母箱']		['1.90%', '0.50%', '13.95%', '22.11%', '28.39%', '14.42%', '4.81%', '14.42%']	
7001		['S级支援单位(含保底)', 'S级支援单位(基础掉落)', 'A级支援单位', '支援单位经验材料', '支援单位突破材料', '支援技能元件', '支援单位碎片', '螺母箱']		['8.33%', '5.82%', '14.14%', '20.72%', '11.02%', '16.31%', '13.42%', '16.06%']	
1073		['S级泛用机体(含保底)', 'S级泛用机体(基础掉落)', 'B、A级泛用机体', '角色碎片', '紫色装备', '突破材料', '经验材料', '螺母箱']		['1.90%', '0.50%', '13.95%', '22.11%', '28.39%', '14.42%', '4.81%', '14.42%']	
1074		['S级泛用机体(含保底)', 'S级泛用机体(基础掉落)', 'B、A级泛用机体', '角色碎片', '紫色装备', '突破材料', '经验材料', '螺母箱']		['1.90%', '0.50%', '13.95%', '22.11%', '28.39%', '14.42%', '4.81%', '14.42%']	
1075		['S级泛用机体(含保底)', 'S级泛用机体(基础掉落)', 'B、A级泛用机体', '角色碎片', '紫色装备', '突破材料', '经验材料', '螺母箱']		['1.90%', '0.50%', '13.95%', '22.11%', '28.39%', '14.42%', '4.81%', '14.42%']	
1076		['S级泛用机体(含保底)', 'S级泛用机体(基础掉落)', 'B、A级泛用机体', '角色碎片', '紫色装备', '突破材料', '经验材料', '螺母箱']		['1.90%', '0.50%', '13.95%', '22.11%', '28.39%', '14.42%', '4.81%', '14.42%']	
1077		['S级泛用机体(含保底)', 'S级泛用机体(基础掉落)', 'B、A级泛用机体', '角色碎片', '紫色装备', '突破材料', '经验材料', '螺母箱']		['1.90%', '0.50%', '13.95%', '22.11%', '28.39%', '14.42%', '4.81%', '14.42%']	
1078		['S级泛用机体(含保底)', 'S级泛用机体(基础掉落)', 'B、A级泛用机体', '角色碎片', '紫色装备', '突破材料', '经验材料', '螺母箱']		['1.90%', '0.50%', '13.95%', '22.11%', '28.39%', '14.42%', '4.81%', '14.42%']	
1079		['S级泛用机体(含保底)', 'S级泛用机体(基础掉落)', 'B、A级泛用机体', '角色碎片', '紫色装备', '突破材料', '经验材料', '螺母箱']		['1.90%', '0.50%', '13.95%', '22.11%', '28.39%', '14.42%', '4.81%', '14.42%']	
331	[True, True]	['【6星】阿波罗', '【5星】卡拉一型铳刃', '【6星】沙利叶', '【6星】冈格尼尔', '【5星】RL-03C 黑刺', '【5星】九字之定', '紫色武器', '蓝色武器', '螺母箱', '突破材料']		['4.00%', '12.00%', '0.50%', '0.50%', '1.50%', '1.50%', '33.40%', '27.90%', '9.35%', '9.35%']	
2067		['S级泛用机体(含保底)', 'S级泛用机体(基础掉落)', 'B、A级泛用机体', '角色碎片', '紫色装备', '突破材料', '经验材料', '螺母箱']		['1.90%', '1.50%', '13.95%', '22.11%', '28.39%', '14.42%', '4.81%', '14.42%']	
2068		['S级泛用机体(含保底)', 'S级泛用机体(基础掉落)', 'B、A级泛用机体', '角色碎片', '紫色装备', '突破材料', '经验材料', '螺母箱']		['1.90%', '1.50%', '13.95%', '22.11%', '28.39%', '14.42%', '4.81%', '14.42%']	
2069		['S级泛用机体(含保底)', 'S级泛用机体(基础掉落)', 'B、A级泛用机体', '角色碎片', '紫色装备', '突破材料', '经验材料', '螺母箱']		['1.90%', '1.50%', '13.95%', '22.11%', '28.39%', '14.42%', '4.81%', '14.42%']	
2070		['S级泛用机体(含保底)', 'S级泛用机体(基础掉落)', 'B、A级泛用机体', '角色碎片', '紫色装备', '突破材料', '经验材料', '螺母箱']		['1.90%', '1.50%', '13.95%', '22.11%', '28.39%', '14.42%', '4.81%', '14.42%']	
2071		['S级泛用机体(含保底)', 'S级泛用机体(基础掉落)', 'B、A级泛用机体', '角色碎片', '紫色装备', '突破材料', '经验材料', '螺母箱']		['1.90%', '1.50%', '13.95%', '22.11%', '28.39%', '14.42%', '4.81%', '14.42%']	
2072		['S级泛用机体(含保底)', 'S级泛用机体(基础掉落)', 'B、A级泛用机体', '角色碎片', '紫色装备', '突破材料', '经验材料', '螺母箱']		['1.90%', '1.50%', '13.95%', '22.11%', '28.39%', '14.42%', '4.81%', '14.42%']	
2073		['S级泛用机体(含保底)', 'S级泛用机体(基础掉落)', 'B、A级泛用机体', '角色碎片', '紫色装备', '突破材料', '经验材料', '螺母箱']		['1.90%', '1.50%', '13.95%', '22.11%', '28.39%', '14.42%', '4.81%', '14.42%']	
7002		['S级支援单位(含保底)', 'S级支援单位(基础掉落)', 'A级支援单位', '支援单位经验材料', '支援单位突破材料', '支援技能元件', '支援单位碎片', '螺母箱']		['8.33%', '5.82%', '14.14%', '20.72%', '11.02%', '16.31%', '13.42%', '16.06%']	
7003		['S级支援单位(含保底)', 'S级支援单位(基础掉落)', 'A级支援单位', '支援单位经验材料', '支援单位突破材料', '支援技能元件', '支援单位碎片', '螺母箱']		['8.33%', '5.82%', '14.14%', '20.72%', '11.02%', '16.31%', '13.42%', '16.06%']	
7004		['S级支援单位(含保底)', 'S级支援单位(基础掉落)', 'A级支援单位', '支援单位经验材料', '支援单位突破材料', '支援技能元件', '支援单位碎片', '螺母箱']		['8.33%', '5.82%', '14.14%', '20.72%', '11.02%', '16.31%', '13.42%', '16.06%']	
332	[True, True]	['【6星】呼噜', '【5星】阿尼姆斯', '【6星】圣艾尔摩', '【6星】奥兹玛', '【5星】褪色', '【5星】冕饵', '紫色武器', '蓝色武器', '螺母箱', '突破材料']		['4.00%', '12.00%', '0.50%', '0.50%', '1.50%', '1.50%', '33.40%', '27.90%', '9.35%', '9.35%']	
3019		['S级泛用机体(含保底)', 'S级泛用机体(基础掉落)', 'B、A级泛用机体', '角色碎片', '紫色装备', '突破材料', '经验材料', '螺母箱']		['1.90%', '0.50%', '13.95%', '22.11%', '28.39%', '14.42%', '4.81%', '14.42%']	
3020		['S级泛用机体(含保底)', 'S级泛用机体(基础掉落)', 'B、A级泛用机体', '角色碎片', '紫色装备', '突破材料', '经验材料', '螺母箱']		['1.90%', '0.50%', '13.95%', '22.11%', '28.39%', '14.42%', '4.81%', '14.42%']	
1080		['S级泛用机体(含保底)', 'S级泛用机体(基础掉落)', 'B、A级泛用机体', '角色碎片', '紫色装备', '突破材料', '经验材料', '螺母箱']		['1.90%', '0.50%', '13.95%', '22.11%', '28.39%', '14.42%', '4.81%', '14.42%']	
1081		['S级泛用机体(含保底)', 'S级泛用机体(基础掉落)', 'B、A级泛用机体', '角色碎片', '紫色装备', '突破材料', '经验材料', '螺母箱']		['1.90%', '0.50%', '13.95%', '22.11%', '28.39%', '14.42%', '4.81%', '14.42%']	
1082		['S级泛用机体(含保底)', 'S级泛用机体(基础掉落)', 'B、A级泛用机体', '角色碎片', '紫色装备', '突破材料', '经验材料', '螺母箱']		['1.90%', '0.50%', '13.95%', '22.11%', '28.39%', '14.42%', '4.81%', '14.42%']	
1083		['S级泛用机体(含保底)', 'S级泛用机体(基础掉落)', 'B、A级泛用机体', '角色碎片', '紫色装备', '突破材料', '经验材料', '螺母箱']		['1.90%', '0.50%', '13.95%', '22.11%', '28.39%', '14.42%', '4.81%', '14.42%']	
1084		['S级泛用机体(含保底)', 'S级泛用机体(基础掉落)', 'B、A级泛用机体', '角色碎片', '紫色装备', '突破材料', '经验材料', '螺母箱']		['1.90%', '0.50%', '13.95%', '22.11%', '28.39%', '14.42%', '4.81%', '14.42%']	
1085		['S级泛用机体(含保底)', 'S级泛用机体(基础掉落)', 'B、A级泛用机体', '角色碎片', '紫色装备', '突破材料', '经验材料', '螺母箱']		['1.90%', '0.50%', '13.95%', '22.11%', '28.39%', '14.42%', '4.81%', '14.42%']	
2074		['S级泛用机体(含保底)', 'S级泛用机体(基础掉落)', 'B、A级泛用机体', '角色碎片', '紫色装备', '突破材料', '经验材料', '螺母箱']		['1.90%', '1.50%', '13.95%', '22.11%', '28.39%', '14.42%', '4.81%', '14.42%']	
2075		['S级泛用机体(含保底)', 'S级泛用机体(基础掉落)', 'B、A级泛用机体', '角色碎片', '紫色装备', '突破材料', '经验材料', '螺母箱']		['1.90%', '1.50%', '13.95%', '22.11%', '28.39%', '14.42%', '4.81%', '14.42%']	
2076		['S级泛用机体(含保底)', 'S级泛用机体(基础掉落)', 'B、A级泛用机体', '角色碎片', '紫色装备', '突破材料', '经验材料', '螺母箱']		['1.90%', '1.50%', '13.95%', '22.11%', '28.39%', '14.42%', '4.81%', '14.42%']	
2077		['S级泛用机体(含保底)', 'S级泛用机体(基础掉落)', 'B、A级泛用机体', '角色碎片', '紫色装备', '突破材料', '经验材料', '螺母箱']		['1.90%', '1.50%', '13.95%', '22.11%', '28.39%', '14.42%', '4.81%', '14.42%']	
2078		['S级泛用机体(含保底)', 'S级泛用机体(基础掉落)', 'B、A级泛用机体', '角色碎片', '紫色装备', '突破材料', '经验材料', '螺母箱']		['1.90%', '1.50%', '13.95%', '22.11%', '28.39%', '14.42%', '4.81%', '14.42%']	
2079		['S级泛用机体(含保底)', 'S级泛用机体(基础掉落)', 'B、A级泛用机体', '角色碎片', '紫色装备', '突破材料', '经验材料', '螺母箱']		['1.90%', '1.50%', '13.95%', '22.11%', '28.39%', '14.42%', '4.81%', '14.42%']	
8001		['S级泛用机体(含保底)', 'S级泛用机体(基础掉落)', 'B、A级泛用机体', '角色碎片', '紫色装备', '突破材料', '经验材料', '螺母箱']		['1.90%', '0.50%', '13.95%', '22.11%', '28.39%', '14.42%', '4.81%', '14.42%']	
8002		['S级泛用机体(含保底)', 'S级泛用机体(基础掉落)', 'B、A级泛用机体', '角色碎片', '紫色装备', '突破材料', '经验材料', '螺母箱']		['1.90%', '0.50%', '13.95%', '22.11%', '28.39%', '14.42%', '4.81%', '14.42%']	
8003		['S级泛用机体(含保底)', 'S级泛用机体(基础掉落)', 'B、A级泛用机体', '角色碎片', '紫色装备', '突破材料', '经验材料', '螺母箱']		['1.90%', '0.50%', '13.95%', '22.11%', '28.39%', '14.42%', '4.81%', '14.42%']	
8004		['S级泛用机体(含保底)', 'S级泛用机体(基础掉落)', 'B、A级泛用机体', '角色碎片', '紫色装备', '突破材料', '经验材料', '螺母箱']		['1.90%', '0.50%', '13.95%', '22.11%', '28.39%', '14.42%', '4.81%', '14.42%']	
8005		['S级泛用机体(含保底)', 'S级泛用机体(基础掉落)', 'B、A级泛用机体', '角色碎片', '紫色装备', '突破材料', '经验材料', '螺母箱']		['1.90%', '0.50%', '13.95%', '22.11%', '28.39%', '14.42%', '4.81%', '14.42%']	
8006		['S级泛用机体(含保底)', 'S级泛用机体(基础掉落)', 'B、A级泛用机体', '角色碎片', '紫色装备', '突破材料', '经验材料', '螺母箱']		['1.90%', '0.50%', '13.95%', '22.11%', '28.39%', '14.42%', '4.81%', '14.42%']	
8007		['S级泛用机体(含保底)', 'S级泛用机体(基础掉落)', 'B、A级泛用机体', '角色碎片', '紫色装备', '突破材料', '经验材料', '螺母箱']		['1.90%', '0.50%', '13.95%', '22.11%', '28.39%', '14.42%', '4.81%', '14.42%']	
8008		['S级泛用机体(含保底)', 'S级泛用机体(基础掉落)', 'B、A级泛用机体', '角色碎片', '紫色装备', '突破材料', '经验材料', '螺母箱']		['1.90%', '0.50%', '13.95%', '22.11%', '28.39%', '14.42%', '4.81%', '14.42%']	
8009		['S级泛用机体(含保底)', 'S级泛用机体(基础掉落)', 'B、A级泛用机体', '角色碎片', '紫色装备', '突破材料', '经验材料', '螺母箱']		['1.90%', '0.50%', '13.95%', '22.11%', '28.39%', '14.42%', '4.81%', '14.42%']	
8010		['S级泛用机体(含保底)', 'S级泛用机体(基础掉落)', 'B、A级泛用机体', '角色碎片', '紫色装备', '突破材料', '经验材料', '螺母箱']		['1.90%', '0.50%', '13.95%', '22.11%', '28.39%', '14.42%', '4.81%', '14.42%']	
8011		['S级泛用机体(含保底)', 'S级泛用机体(基础掉落)', 'B、A级泛用机体', '角色碎片', '紫色装备', '突破材料', '经验材料', '螺母箱']		['1.90%', '0.50%', '13.95%', '22.11%', '28.39%', '14.42%', '4.81%', '14.42%']	
8501		['S级泛用机体(含保底)', 'S级泛用机体(基础掉落)', 'B、A级泛用机体', '角色碎片', '紫色装备', '突破材料', '经验材料', '螺母箱']		['1.90%', '1.50%', '13.95%', '22.11%', '28.39%', '14.42%', '4.81%', '14.42%']	
8502		['S级泛用机体(含保底)', 'S级泛用机体(基础掉落)', 'B、A级泛用机体', '角色碎片', '紫色装备', '突破材料', '经验材料', '螺母箱']		['1.90%', '1.50%', '13.95%', '22.11%', '28.39%', '14.42%', '4.81%', '14.42%']	
8503		['S级泛用机体(含保底)', 'S级泛用机体(基础掉落)', 'B、A级泛用机体', '角色碎片', '紫色装备', '突破材料', '经验材料', '螺母箱']		['1.90%', '1.50%', '13.95%', '22.11%', '28.39%', '14.42%', '4.81%', '14.42%']	
8504		['S级泛用机体(含保底)', 'S级泛用机体(基础掉落)', 'B、A级泛用机体', '角色碎片', '紫色装备', '突破材料', '经验材料', '螺母箱']		['1.90%', '1.50%', '13.95%', '22.11%', '28.39%', '14.42%', '4.81%', '14.42%']	
8505		['S级泛用机体(含保底)', 'S级泛用机体(基础掉落)', 'B、A级泛用机体', '角色碎片', '紫色装备', '突破材料', '经验材料', '螺母箱']		['1.90%', '1.50%', '13.95%', '22.11%', '28.39%', '14.42%', '4.81%', '14.42%']	
8506		['S级泛用机体(含保底)', 'S级泛用机体(基础掉落)', 'B、A级泛用机体', '角色碎片', '紫色装备', '突破材料', '经验材料', '螺母箱']		['1.90%', '1.50%', '13.95%', '22.11%', '28.39%', '14.42%', '4.81%', '14.42%']	
8507		['S级泛用机体(含保底)', 'S级泛用机体(基础掉落)', 'B、A级泛用机体', '角色碎片', '紫色装备', '突破材料', '经验材料', '螺母箱']		['1.90%', '1.50%', '13.95%', '22.11%', '28.39%', '14.42%', '4.81%', '14.42%']	
8508		['S级泛用机体(含保底)', 'S级泛用机体(基础掉落)', 'B、A级泛用机体', '角色碎片', '紫色装备', '突破材料', '经验材料', '螺母箱']		['1.90%', '1.50%', '13.95%', '22.11%', '28.39%', '14.42%', '4.81%', '14.42%']	
8509		['S级泛用机体(含保底)', 'S级泛用机体(基础掉落)', 'B、A级泛用机体', '角色碎片', '紫色装备', '突破材料', '经验材料', '螺母箱']		['1.90%', '1.50%', '13.95%', '22.11%', '28.39%', '14.42%', '4.81%', '14.42%']	
8510		['S级泛用机体(含保底)', 'S级泛用机体(基础掉落)', 'B、A级泛用机体', '角色碎片', '紫色装备', '突破材料', '经验材料', '螺母箱']		['1.90%', '1.50%', '13.95%', '22.11%', '28.39%', '14.42%', '4.81%', '14.42%']	
8511		['S级泛用机体(含保底)', 'S级泛用机体(基础掉落)', 'B、A级泛用机体', '角色碎片', '紫色装备', '突破材料', '经验材料', '螺母箱']		['1.90%', '1.50%', '13.95%', '22.11%', '28.39%', '14.42%', '4.81%', '14.42%']	
333	[True, True]	['【6星】不死鸟', '【5星】绯煌骑士', '【6星】阿波罗', '【6星】八极', '【5星】卡拉一型铳刃', '【5星】白麟出涧', '紫色武器', '蓝色武器', '螺母箱', '突破材料']		['4.00%', '12.00%', '0.50%', '0.50%', '1.50%', '1.50%', '33.40%', '27.90%', '9.35%', '9.35%']	
1086		['S级泛用机体(含保底)', 'S级泛用机体(基础掉落)', 'B、A级泛用机体', '角色碎片', '紫色装备', '突破材料', '经验材料', '螺母箱']		['1.90%', '0.50%', '13.95%', '22.11%', '28.39%', '14.42%', '4.81%', '14.42%']	
1087		['S级泛用机体(含保底)', 'S级泛用机体(基础掉落)', 'B、A级泛用机体', '角色碎片', '紫色装备', '突破材料', '经验材料', '螺母箱']		['1.90%', '0.50%', '13.95%', '22.11%', '28.39%', '14.42%', '4.81%', '14.42%']	
1088		['S级泛用机体(含保底)', 'S级泛用机体(基础掉落)', 'B、A级泛用机体', '角色碎片', '紫色装备', '突破材料', '经验材料', '螺母箱']		['1.90%', '0.50%', '13.95%', '22.11%', '28.39%', '14.42%', '4.81%', '14.42%']	
1089		['S级泛用机体(含保底)', 'S级泛用机体(基础掉落)', 'B、A级泛用机体', '角色碎片', '紫色装备', '突破材料', '经验材料', '螺母箱']		['1.90%', '0.50%', '13.95%', '22.11%', '28.39%', '14.42%', '4.81%', '14.42%']	
1090		['S级泛用机体(含保底)', 'S级泛用机体(基础掉落)', 'B、A级泛用机体', '角色碎片', '紫色装备', '突破材料', '经验材料', '螺母箱']		['1.90%', '0.50%', '13.95%', '22.11%', '28.39%', '14.42%', '4.81%', '14.42%']	
1091		['S级泛用机体(含保底)', 'S级泛用机体(基础掉落)', 'B、A级泛用机体', '角色碎片', '紫色装备', '突破材料', '经验材料', '螺母箱']		['1.90%', '0.50%', '13.95%', '22.11%', '28.39%', '14.42%', '4.81%', '14.42%']	
1092		['S级泛用机体(含保底)', 'S级泛用机体(基础掉落)', 'B、A级泛用机体', '角色碎片', '紫色装备', '突破材料', '经验材料', '螺母箱']		['1.90%', '0.50%', '13.95%', '22.11%', '28.39%', '14.42%', '4.81%', '14.42%']	
2080		['S级泛用机体(含保底)', 'S级泛用机体(基础掉落)', 'B、A级泛用机体', '角色碎片', '紫色装备', '突破材料', '经验材料', '螺母箱']		['1.90%', '1.50%', '13.95%', '22.11%', '28.39%', '14.42%', '4.81%', '14.42%']	
2081		['S级泛用机体(含保底)', 'S级泛用机体(基础掉落)', 'B、A级泛用机体', '角色碎片', '紫色装备', '突破材料', '经验材料', '螺母箱']		['1.90%', '1.50%', '13.95%', '22.11%', '28.39%', '14.42%', '4.81%', '14.42%']	
2082		['S级泛用机体(含保底)', 'S级泛用机体(基础掉落)', 'B、A级泛用机体', '角色碎片', '紫色装备', '突破材料', '经验材料', '螺母箱']		['1.90%', '1.50%', '13.95%', '22.11%', '28.39%', '14.42%', '4.81%', '14.42%']	
2083		['S级泛用机体(含保底)', 'S级泛用机体(基础掉落)', 'B、A级泛用机体', '角色碎片', '紫色装备', '突破材料', '经验材料', '螺母箱']		['1.90%', '1.50%', '13.95%', '22.11%', '28.39%', '14.42%', '4.81%', '14.42%']	
2084		['S级泛用机体(含保底)', 'S级泛用机体(基础掉落)', 'B、A级泛用机体', '角色碎片', '紫色装备', '突破材料', '经验材料', '螺母箱']		['1.90%', '1.50%', '13.95%', '22.11%', '28.39%', '14.42%', '4.81%', '14.42%']	
2085		['S级泛用机体(含保底)', 'S级泛用机体(基础掉落)', 'B、A级泛用机体', '角色碎片', '紫色装备', '突破材料', '经验材料', '螺母箱']		['1.90%', '1.50%', '13.95%', '22.11%', '28.39%', '14.42%', '4.81%', '14.42%']	
2086		['S级泛用机体(含保底)', 'S级泛用机体(基础掉落)', 'B、A级泛用机体', '角色碎片', '紫色装备', '突破材料', '经验材料', '螺母箱']		['1.90%', '1.50%', '13.95%', '22.11%', '28.39%', '14.42%', '4.81%', '14.42%']	
5505		['S级泛用机体(含保底)', 'S级泛用机体(基础掉落)', 'B、A级泛用机体', '角色碎片', '紫色装备', '突破材料', '经验材料', '螺母箱']		['1.90%', '0.50%', '13.95%', '22.11%', '28.39%', '14.42%', '4.81%', '14.42%']	
5506		['S级泛用机体(含保底)', 'S级泛用机体(基础掉落)', 'B、A级泛用机体', '角色碎片', '紫色装备', '突破材料', '经验材料', '螺母箱']		['1.90%', '0.50%', '13.95%', '22.11%', '28.39%', '14.42%', '4.81%', '14.42%']	
5507		['S级泛用机体(含保底)', 'S级泛用机体(基础掉落)', 'B、A级泛用机体', '角色碎片', '紫色装备', '突破材料', '经验材料', '螺母箱']		['1.90%', '0.50%', '13.95%', '22.11%', '28.39%', '14.42%', '4.81%', '14.42%']	
6505		['S级泛用机体(含保底)', 'S级泛用机体(基础掉落)', 'B、A级泛用机体', '角色碎片', '紫色装备', '突破材料', '经验材料', '螺母箱']		['1.90%', '1.50%', '13.95%', '22.11%', '28.39%', '14.42%', '4.81%', '14.42%']	
6506		['S级泛用机体(含保底)', 'S级泛用机体(基础掉落)', 'B、A级泛用机体', '角色碎片', '紫色装备', '突破材料', '经验材料', '螺母箱']		['1.90%', '1.50%', '13.95%', '22.11%', '28.39%', '14.42%', '4.81%', '14.42%']	
6507		['S级泛用机体(含保底)', 'S级泛用机体(基础掉落)', 'B、A级泛用机体', '角色碎片', '紫色装备', '突破材料', '经验材料', '螺母箱']		['1.90%', '1.50%', '13.95%', '22.11%', '28.39%', '14.42%', '4.81%', '14.42%']	
5605	[True, True]	['【6星】漆黑契约·改', '【5星】漆黑契约', '【6星】四零式战术长枪·改', '【6星】纯白契约·改', '【5星】四零式战术长枪', '【5星】纯白契约', '紫色武器', '蓝色武器', '螺母箱', '突破材料']		['4.00%', '12.00%', '0.50%', '0.50%', '1.50%', '1.50%', '33.40%', '27.90%', '9.35%', '9.35%']	
5606	[True, True]	['【6星】四零式战术长枪·改', '【5星】四零式战术长枪', '【6星】漆黑契约·改', '【6星】纯白契约·改', '【5星】漆黑契约', '【5星】纯白契约', '紫色武器', '蓝色武器', '螺母箱', '突破材料']		['4.00%', '12.00%', '0.50%', '0.50%', '1.50%', '1.50%', '33.40%', '27.90%', '9.35%', '9.35%']	
5607	[True, True]	['【6星】纯白契约·改', '【5星】纯白契约', '【6星】漆黑契约·改', '【6星】四零式战术长枪·改', '【5星】漆黑契约', '【5星】四零式战术长枪', '紫色武器', '蓝色武器', '螺母箱', '突破材料']		['4.00%', '12.00%', '0.50%', '0.50%', '1.50%', '1.50%', '33.40%', '27.90%', '9.35%', '9.35%']	
334	[True, True]	['【6星】杜兰德尔', '【5星】纷繁玫瑰', '【6星】青赫', '【6星】林中主人', '【5星】归云', '【5星】奥黛特', '紫色武器', '蓝色武器', '螺母箱', '突破材料']		['4.00%', '12.00%', '0.50%', '0.50%', '1.50%', '1.50%', '33.40%', '27.90%', '9.35%', '9.35%']	
4006		['S级独域机体(含保底)', 'S级独域机体(基础掉落)', '紫色装备', '突破材料', '经验材料', '螺母箱']		['12.45%', '5.00%', '28.21%', '26.45%', '6.44%', '26.45%']	
4007		['S级独域机体(含保底)', 'S级独域机体(基础掉落)', '紫色装备', '突破材料', '经验材料', '螺母箱']		['12.45%', '5.00%', '28.21%', '26.45%', '6.44%', '26.45%']	
1093		['S级泛用机体(含保底)', 'S级泛用机体(基础掉落)', 'B、A级泛用机体', '角色碎片', '紫色装备', '突破材料', '经验材料', '螺母箱']		['1.90%', '0.50%', '13.95%', '22.11%', '28.39%', '14.42%', '4.81%', '14.42%']	
1094		['S级泛用机体(含保底)', 'S级泛用机体(基础掉落)', 'B、A级泛用机体', '角色碎片', '紫色装备', '突破材料', '经验材料', '螺母箱']		['1.90%', '0.50%', '13.95%', '22.11%', '28.39%', '14.42%', '4.81%', '14.42%']	
1095		['S级泛用机体(含保底)', 'S级泛用机体(基础掉落)', 'B、A级泛用机体', '角色碎片', '紫色装备', '突破材料', '经验材料', '螺母箱']		['1.90%', '0.50%', '13.95%', '22.11%', '28.39%', '14.42%', '4.81%', '14.42%']	
1096		['S级泛用机体(含保底)', 'S级泛用机体(基础掉落)', 'B、A级泛用机体', '角色碎片', '紫色装备', '突破材料', '经验材料', '螺母箱']		['1.90%', '0.50%', '13.95%', '22.11%', '28.39%', '14.42%', '4.81%', '14.42%']	
1097		['S级泛用机体(含保底)', 'S级泛用机体(基础掉落)', 'B、A级泛用机体', '角色碎片', '紫色装备', '突破材料', '经验材料', '螺母箱']		['1.90%', '0.50%', '13.95%', '22.11%', '28.39%', '14.42%', '4.81%', '14.42%']	
1098		['S级泛用机体(含保底)', 'S级泛用机体(基础掉落)', 'B、A级泛用机体', '角色碎片', '紫色装备', '突破材料', '经验材料', '螺母箱']		['1.90%', '0.50%', '13.95%', '22.11%', '28.39%', '14.42%', '4.81%', '14.42%']	
1099		['S级泛用机体(含保底)', 'S级泛用机体(基础掉落)', 'B、A级泛用机体', '角色碎片', '紫色装备', '突破材料', '经验材料', '螺母箱']		['1.90%', '0.50%', '13.95%', '22.11%', '28.39%', '14.42%', '4.81%', '14.42%']	
1100		['S级泛用机体(含保底)', 'S级泛用机体(基础掉落)', 'B、A级泛用机体', '角色碎片', '紫色装备', '突破材料', '经验材料', '螺母箱']		['1.90%', '0.50%', '13.95%', '22.11%', '28.39%', '14.42%', '4.81%', '14.42%']	
2087		['S级泛用机体(含保底)', 'S级泛用机体(基础掉落)', 'B、A级泛用机体', '角色碎片', '紫色装备', '突破材料', '经验材料', '螺母箱']		['1.90%', '1.50%', '13.95%', '22.11%', '28.39%', '14.42%', '4.81%', '14.42%']	
2088		['S级泛用机体(含保底)', 'S级泛用机体(基础掉落)', 'B、A级泛用机体', '角色碎片', '紫色装备', '突破材料', '经验材料', '螺母箱']		['1.90%', '1.50%', '13.95%', '22.11%', '28.39%', '14.42%', '4.81%', '14.42%']	
2089		['S级泛用机体(含保底)', 'S级泛用机体(基础掉落)', 'B、A级泛用机体', '角色碎片', '紫色装备', '突破材料', '经验材料', '螺母箱']		['1.90%', '1.50%', '13.95%', '22.11%', '28.39%', '14.42%', '4.81%', '14.42%']	
2090		['S级泛用机体(含保底)', 'S级泛用机体(基础掉落)', 'B、A级泛用机体', '角色碎片', '紫色装备', '突破材料', '经验材料', '螺母箱']		['1.90%', '1.50%', '13.95%', '22.11%', '28.39%', '14.42%', '4.81%', '14.42%']	
2091		['S级泛用机体(含保底)', 'S级泛用机体(基础掉落)', 'B、A级泛用机体', '角色碎片', '紫色装备', '突破材料', '经验材料', '螺母箱']		['1.90%', '1.50%', '13.95%', '22.11%', '28.39%', '14.42%', '4.81%', '14.42%']	
2092		['S级泛用机体(含保底)', 'S级泛用机体(基础掉落)', 'B、A级泛用机体', '角色碎片', '紫色装备', '突破材料', '经验材料', '螺母箱']		['1.90%', '1.50%', '13.95%', '22.11%', '28.39%', '14.42%', '4.81%', '14.42%']	
2093		['S级泛用机体(含保底)', 'S级泛用机体(基础掉落)', 'B、A级泛用机体', '角色碎片', '紫色装备', '突破材料', '经验材料', '螺母箱']		['1.90%', '1.50%', '13.95%', '22.11%', '28.39%', '14.42%', '4.81%', '14.42%']	
2094		['S级泛用机体(含保底)', 'S级泛用机体(基础掉落)', 'B、A级泛用机体', '角色碎片', '紫色装备', '突破材料', '经验材料', '螺母箱']		['1.90%', '1.50%', '13.95%', '22.11%', '28.39%', '14.42%', '4.81%', '14.42%']	
7005		['S级支援单位(含保底)', 'S级支援单位(基础掉落)', 'A级支援单位', '支援单位经验材料', '支援单位突破材料', '支援技能元件', '支援单位碎片', '螺母箱']		['8.33%', '5.82%', '14.14%', '20.72%', '11.02%', '16.31%', '13.42%', '16.06%']	
7006		['S级支援单位(含保底)', 'S级支援单位(基础掉落)', 'A级支援单位', '支援单位经验材料', '支援单位突破材料', '支援技能元件', '支援单位碎片', '螺母箱']		['8.33%', '5.82%', '14.14%', '20.72%', '11.02%', '16.31%', '13.42%', '16.06%']	
335	[True, True]	['【6星】赫斯提亚', '【5星】双极星间', '【6星】呼噜', '【6星】奥兹玛', '【5星】阿尼姆斯', '【5星】冕饵', '紫色武器', '蓝色武器', '螺母箱', '突破材料']		['4.00%', '12.00%', '0.50%', '0.50%', '1.50%', '1.50%', '33.40%', '27.90%', '9.35%', '9.35%']	
1101		['S级泛用机体(含保底)', 'S级泛用机体(基础掉落)', 'B、A级泛用机体', '角色碎片', '紫色装备', '突破材料', '经验材料', '螺母箱']		['1.90%', '0.50%', '13.95%', '22.11%', '28.39%', '14.42%', '4.81%', '14.42%']	
1102		['S级泛用机体(含保底)', 'S级泛用机体(基础掉落)', 'B、A级泛用机体', '角色碎片', '紫色装备', '突破材料', '经验材料', '螺母箱']		['1.90%', '0.50%', '13.95%', '22.11%', '28.39%', '14.42%', '4.81%', '14.42%']	
1103		['S级泛用机体(含保底)', 'S级泛用机体(基础掉落)', 'B、A级泛用机体', '角色碎片', '紫色装备', '突破材料', '经验材料', '螺母箱']		['1.90%', '0.50%', '13.95%', '22.11%', '28.39%', '14.42%', '4.81%', '14.42%']	
1104		['S级泛用机体(含保底)', 'S级泛用机体(基础掉落)', 'B、A级泛用机体', '角色碎片', '紫色装备', '突破材料', '经验材料', '螺母箱']		['1.90%', '0.50%', '13.95%', '22.11%', '28.39%', '14.42%', '4.81%', '14.42%']	
1105		['S级泛用机体(含保底)', 'S级泛用机体(基础掉落)', 'B、A级泛用机体', '角色碎片', '紫色装备', '突破材料', '经验材料', '螺母箱']		['1.90%', '0.50%', '13.95%', '22.11%', '28.39%', '14.42%', '4.81%', '14.42%']	
1106		['S级泛用机体(含保底)', 'S级泛用机体(基础掉落)', 'B、A级泛用机体', '角色碎片', '紫色装备', '突破材料', '经验材料', '螺母箱']		['1.90%', '0.50%', '13.95%', '22.11%', '28.39%', '14.42%', '4.81%', '14.42%']	
1107		['S级泛用机体(含保底)', 'S级泛用机体(基础掉落)', 'B、A级泛用机体', '角色碎片', '紫色装备', '突破材料', '经验材料', '螺母箱']		['1.90%', '0.50%', '13.95%', '22.11%', '28.39%', '14.42%', '4.81%', '14.42%']	
2095		['S级泛用机体(含保底)', 'S级泛用机体(基础掉落)', 'B、A级泛用机体', '角色碎片', '紫色装备', '突破材料', '经验材料', '螺母箱']		['1.90%', '1.50%', '13.95%', '22.11%', '28.39%', '14.42%', '4.81%', '14.42%']	
2096		['S级泛用机体(含保底)', 'S级泛用机体(基础掉落)', 'B、A级泛用机体', '角色碎片', '紫色装备', '突破材料', '经验材料', '螺母箱']		['1.90%', '1.50%', '13.95%', '22.11%', '28.39%', '14.42%', '4.81%', '14.42%']	
2097		['S级泛用机体(含保底)', 'S级泛用机体(基础掉落)', 'B、A级泛用机体', '角色碎片', '紫色装备', '突破材料', '经验材料', '螺母箱']		['1.90%', '1.50%', '13.95%', '22.11%', '28.39%', '14.42%', '4.81%', '14.42%']	
2098		['S级泛用机体(含保底)', 'S级泛用机体(基础掉落)', 'B、A级泛用机体', '角色碎片', '紫色装备', '突破材料', '经验材料', '螺母箱']		['1.90%', '1.50%', '13.95%', '22.11%', '28.39%', '14.42%', '4.81%', '14.42%']	
2099		['S级泛用机体(含保底)', 'S级泛用机体(基础掉落)', 'B、A级泛用机体', '角色碎片', '紫色装备', '突破材料', '经验材料', '螺母箱']		['1.90%', '1.50%', '13.95%', '22.11%', '28.39%', '14.42%', '4.81%', '14.42%']	
2100		['S级泛用机体(含保底)', 'S级泛用机体(基础掉落)', 'B、A级泛用机体', '角色碎片', '紫色装备', '突破材料', '经验材料', '螺母箱']		['1.90%', '1.50%', '13.95%', '22.11%', '28.39%', '14.42%', '4.81%', '14.42%']	
2101		['S级泛用机体(含保底)', 'S级泛用机体(基础掉落)', 'B、A级泛用机体', '角色碎片', '紫色装备', '突破材料', '经验材料', '螺母箱']		['1.90%', '1.50%', '13.95%', '22.11%', '28.39%', '14.42%', '4.81%', '14.42%']	
336	[True, True]	['【6星】萨拉斯特罗', '【5星】那不勒斯的独奏', '【6星】天平', '【6星】杜兰德尔', '【5星】FA2D-AP', '【5星】纷繁玫瑰', '紫色武器', '蓝色武器', '螺母箱', '突破材料']		['4.00%', '12.00%', '0.50%', '0.50%', '1.50%', '1.50%', '33.40%', '27.90%', '9.35%', '9.35%']	
1108		['S级泛用机体(含保底)', 'S级泛用机体(基础掉落)', 'B、A级泛用机体', '角色碎片', '紫色装备', '突破材料', '经验材料', '螺母箱']		['1.90%', '0.50%', '13.95%', '22.11%', '28.39%', '14.42%', '4.81%', '14.42%']	
1109		['S级泛用机体(含保底)', 'S级泛用机体(基础掉落)', 'B、A级泛用机体', '角色碎片', '紫色装备', '突破材料', '经验材料', '螺母箱']		['1.90%', '0.50%', '13.95%', '22.11%', '28.39%', '14.42%', '4.81%', '14.42%']	
1110		['S级泛用机体(含保底)', 'S级泛用机体(基础掉落)', 'B、A级泛用机体', '角色碎片', '紫色装备', '突破材料', '经验材料', '螺母箱']		['1.90%', '0.50%', '13.95%', '22.11%', '28.39%', '14.42%', '4.81%', '14.42%']	
2102		['S级泛用机体(含保底)', 'S级泛用机体(基础掉落)', 'B、A级泛用机体', '角色碎片', '紫色装备', '突破材料', '经验材料', '螺母箱']		['1.90%', '1.50%', '13.95%', '22.11%', '28.39%', '14.42%', '4.81%', '14.42%']	
2103		['S级泛用机体(含保底)', 'S级泛用机体(基础掉落)', 'B、A级泛用机体', '角色碎片', '紫色装备', '突破材料', '经验材料', '螺母箱']		['1.90%', '1.50%', '13.95%', '22.11%', '28.39%', '14.42%', '4.81%', '14.42%']	
2104		['S级泛用机体(含保底)', 'S级泛用机体(基础掉落)', 'B、A级泛用机体', '角色碎片', '紫色装备', '突破材料', '经验材料', '螺母箱']		['1.90%', '1.50%', '13.95%', '22.11%', '28.39%', '14.42%', '4.81%', '14.42%']	
5009		['S级泛用机体(含保底)', 'S级泛用机体(基础掉落)', 'B、A级泛用机体', '角色碎片', '紫色装备', '突破材料', '经验材料', '螺母箱']		['1.90%', '0.50%', '13.95%', '22.11%', '28.39%', '14.42%', '4.81%', '14.42%']	
5010		['S级泛用机体(含保底)', 'S级泛用机体(基础掉落)', 'B、A级泛用机体', '角色碎片', '紫色装备', '突破材料', '经验材料', '螺母箱']		['1.90%', '0.50%', '13.95%', '22.11%', '28.39%', '14.42%', '4.81%', '14.42%']	
5011		['S级泛用机体(含保底)', 'S级泛用机体(基础掉落)', 'B、A级泛用机体', '角色碎片', '紫色装备', '突破材料', '经验材料', '螺母箱']		['1.90%', '0.50%', '13.95%', '22.11%', '28.39%', '14.42%', '4.81%', '14.42%']	
5012		['S级泛用机体(含保底)', 'S级泛用机体(基础掉落)', 'B、A级泛用机体', '角色碎片', '紫色装备', '突破材料', '经验材料', '螺母箱']		['1.90%', '0.50%', '13.95%', '22.11%', '28.39%', '14.42%', '4.81%', '14.42%']	
5013		['S级泛用机体(含保底)', 'S级泛用机体(基础掉落)', 'B、A级泛用机体', '角色碎片', '紫色装备', '突破材料', '经验材料', '螺母箱']		['1.90%', '0.50%', '13.95%', '22.11%', '28.39%', '14.42%', '4.81%', '14.42%']	
5014		['S级泛用机体(含保底)', 'S级泛用机体(基础掉落)', 'B、A级泛用机体', '角色碎片', '紫色装备', '突破材料', '经验材料', '螺母箱']		['1.90%', '0.50%', '13.95%', '22.11%', '28.39%', '14.42%', '4.81%', '14.42%']	
5015		['S级泛用机体(含保底)', 'S级泛用机体(基础掉落)', 'B、A级泛用机体', '角色碎片', '紫色装备', '突破材料', '经验材料', '螺母箱']		['1.90%', '0.50%', '13.95%', '22.11%', '28.39%', '14.42%', '4.81%', '14.42%']	
5016		['S级泛用机体(含保底)', 'S级泛用机体(基础掉落)', 'B、A级泛用机体', '角色碎片', '紫色装备', '突破材料', '经验材料', '螺母箱']		['1.90%', '0.50%', '13.95%', '22.11%', '28.39%', '14.42%', '4.81%', '14.42%']	
5017		['S级泛用机体(含保底)', 'S级泛用机体(基础掉落)', 'B、A级泛用机体', '角色碎片', '紫色装备', '突破材料', '经验材料', '螺母箱']		['1.90%', '0.50%', '13.95%', '22.11%', '28.39%', '14.42%', '4.81%', '14.42%']	
5018		['S级泛用机体(含保底)', 'S级泛用机体(基础掉落)', 'B、A级泛用机体', '角色碎片', '紫色装备', '突破材料', '经验材料', '螺母箱']		['1.90%', '0.50%', '13.95%', '22.11%', '28.39%', '14.42%', '4.81%', '14.42%']	
5019		['S级泛用机体(含保底)', 'S级泛用机体(基础掉落)', 'B、A级泛用机体', '角色碎片', '紫色装备', '突破材料', '经验材料', '螺母箱']		['1.90%', '0.50%', '13.95%', '22.11%', '28.39%', '14.42%', '4.81%', '14.42%']	
5020		['S级泛用机体(含保底)', 'S级泛用机体(基础掉落)', 'B、A级泛用机体', '角色碎片', '紫色装备', '突破材料', '经验材料', '螺母箱']		['1.90%', '0.50%', '13.95%', '22.11%', '28.39%', '14.42%', '4.81%', '14.42%']	
6009		['S级泛用机体(含保底)', 'S级泛用机体(基础掉落)', 'B、A级泛用机体', '角色碎片', '紫色装备', '突破材料', '经验材料', '螺母箱']		['1.90%', '1.50%', '13.95%', '22.11%', '28.39%', '14.42%', '4.81%', '14.42%']	
6010		['S级泛用机体(含保底)', 'S级泛用机体(基础掉落)', 'B、A级泛用机体', '角色碎片', '紫色装备', '突破材料', '经验材料', '螺母箱']		['1.90%', '1.50%', '13.95%', '22.11%', '28.39%', '14.42%', '4.81%', '14.42%']	
6011		['S级泛用机体(含保底)', 'S级泛用机体(基础掉落)', 'B、A级泛用机体', '角色碎片', '紫色装备', '突破材料', '经验材料', '螺母箱']		['1.90%', '1.50%', '13.95%', '22.11%', '28.39%', '14.42%', '4.81%', '14.42%']	
6012		['S级泛用机体(含保底)', 'S级泛用机体(基础掉落)', 'B、A级泛用机体', '角色碎片', '紫色装备', '突破材料', '经验材料', '螺母箱']		['1.90%', '1.50%', '13.95%', '22.11%', '28.39%', '14.42%', '4.81%', '14.42%']	
6013		['S级泛用机体(含保底)', 'S级泛用机体(基础掉落)', 'B、A级泛用机体', '角色碎片', '紫色装备', '突破材料', '经验材料', '螺母箱']		['1.90%', '1.50%', '13.95%', '22.11%', '28.39%', '14.42%', '4.81%', '14.42%']	
6014		['S级泛用机体(含保底)', 'S级泛用机体(基础掉落)', 'B、A级泛用机体', '角色碎片', '紫色装备', '突破材料', '经验材料', '螺母箱']		['1.90%', '1.50%', '13.95%', '22.11%', '28.39%', '14.42%', '4.81%', '14.42%']	
6015		['S级泛用机体(含保底)', 'S级泛用机体(基础掉落)', 'B、A级泛用机体', '角色碎片', '紫色装备', '突破材料', '经验材料', '螺母箱']		['1.90%', '1.50%', '13.95%', '22.11%', '28.39%', '14.42%', '4.81%', '14.42%']	
6016		['S级泛用机体(含保底)', 'S级泛用机体(基础掉落)', 'B、A级泛用机体', '角色碎片', '紫色装备', '突破材料', '经验材料', '螺母箱']		['1.90%', '1.50%', '13.95%', '22.11%', '28.39%', '14.42%', '4.81%', '14.42%']	
6017		['S级泛用机体(含保底)', 'S级泛用机体(基础掉落)', 'B、A级泛用机体', '角色碎片', '紫色装备', '突破材料', '经验材料', '螺母箱']		['1.90%', '1.50%', '13.95%', '22.11%', '28.39%', '14.42%', '4.81%', '14.42%']	
6018		['S级泛用机体(含保底)', 'S级泛用机体(基础掉落)', 'B、A级泛用机体', '角色碎片', '紫色装备', '突破材料', '经验材料', '螺母箱']		['1.90%', '1.50%', '13.95%', '22.11%', '28.39%', '14.42%', '4.81%', '14.42%']	
6019		['S级泛用机体(含保底)', 'S级泛用机体(基础掉落)', 'B、A级泛用机体', '角色碎片', '紫色装备', '突破材料', '经验材料', '螺母箱']		['1.90%', '1.50%', '13.95%', '22.11%', '28.39%', '14.42%', '4.81%', '14.42%']	
6020		['S级泛用机体(含保底)', 'S级泛用机体(基础掉落)', 'B、A级泛用机体', '角色碎片', '紫色装备', '突破材料', '经验材料', '螺母箱']		['1.90%', '1.50%', '13.95%', '22.11%', '28.39%', '14.42%', '4.81%', '14.42%']	
7007		['S级支援单位(含保底)', 'S级支援单位(基础掉落)', 'A级支援单位', '支援单位经验材料', '支援单位突破材料', '支援技能元件', '支援单位碎片', '螺母箱']		['8.33%', '5.82%', '14.14%', '20.72%', '11.02%', '16.31%', '13.42%', '16.06%']	
7008		['S级支援单位(含保底)', 'S级支援单位(基础掉落)', 'A级支援单位', '支援单位经验材料', '支援单位突破材料', '支援技能元件', '支援单位碎片', '螺母箱']		['8.33%', '5.82%', '14.14%', '20.72%', '11.02%', '16.31%', '13.42%', '16.06%']	
337	[True, True]	['【6星】无隅', '【5星】霜尺', '【6星】塔纳托斯', '【6星】不死鸟', '【5星】掠影', '【5星】绯煌骑士', '紫色武器', '蓝色武器', '螺母箱', '突破材料']		['4.00%', '12.00%', '0.50%', '0.50%', '1.50%', '1.50%', '33.40%', '27.90%', '9.35%', '9.35%']	
1111		['S级泛用机体(含保底)', 'S级泛用机体(基础掉落)', 'B、A级泛用机体', '角色碎片', '紫色装备', '突破材料', '经验材料', '螺母箱']		['1.90%', '0.50%', '13.95%', '22.11%', '28.39%', '14.42%', '4.81%', '14.42%']	
1112		['S级泛用机体(含保底)', 'S级泛用机体(基础掉落)', 'B、A级泛用机体', '角色碎片', '紫色装备', '突破材料', '经验材料', '螺母箱']		['1.90%', '0.50%', '13.95%', '22.11%', '28.39%', '14.42%', '4.81%', '14.42%']	
1113		['S级泛用机体(含保底)', 'S级泛用机体(基础掉落)', 'B、A级泛用机体', '角色碎片', '紫色装备', '突破材料', '经验材料', '螺母箱']		['1.90%', '0.50%', '13.95%', '22.11%', '28.39%', '14.42%', '4.81%', '14.42%']	
1114		['S级泛用机体(含保底)', 'S级泛用机体(基础掉落)', 'B、A级泛用机体', '角色碎片', '紫色装备', '突破材料', '经验材料', '螺母箱']		['1.90%', '0.50%', '13.95%', '22.11%', '28.39%', '14.42%', '4.81%', '14.42%']	
1115		['S级泛用机体(含保底)', 'S级泛用机体(基础掉落)', 'B、A级泛用机体', '角色碎片', '紫色装备', '突破材料', '经验材料', '螺母箱']		['1.90%', '0.50%', '13.95%', '22.11%', '28.39%', '14.42%', '4.81%', '14.42%']	
1116		['S级泛用机体(含保底)', 'S级泛用机体(基础掉落)', 'B、A级泛用机体', '角色碎片', '紫色装备', '突破材料', '经验材料', '螺母箱']		['1.90%', '0.50%', '13.95%', '22.11%', '28.39%', '14.42%', '4.81%', '14.42%']	
1117		['S级泛用机体(含保底)', 'S级泛用机体(基础掉落)', 'B、A级泛用机体', '角色碎片', '紫色装备', '突破材料', '经验材料', '螺母箱']		['1.90%', '0.50%', '13.95%', '22.11%', '28.39%', '14.42%', '4.81%', '14.42%']	
1118		['S级泛用机体(含保底)', 'S级泛用机体(基础掉落)', 'B、A级泛用机体', '角色碎片', '紫色装备', '突破材料', '经验材料', '螺母箱']		['1.90%', '0.50%', '13.95%', '22.11%', '28.39%', '14.42%', '4.81%', '14.42%']	
1119		['S级泛用机体(含保底)', 'S级泛用机体(基础掉落)', 'B、A级泛用机体', '角色碎片', '紫色装备', '突破材料', '经验材料', '螺母箱']		['1.90%', '0.50%', '13.95%', '22.11%', '28.39%', '14.42%', '4.81%', '14.42%']	
2105		['S级泛用机体(含保底)', 'S级泛用机体(基础掉落)', 'B、A级泛用机体', '角色碎片', '紫色装备', '突破材料', '经验材料', '螺母箱']		['1.90%', '1.50%', '13.95%', '22.11%', '28.39%', '14.42%', '4.81%', '14.42%']	
2106		['S级泛用机体(含保底)', 'S级泛用机体(基础掉落)', 'B、A级泛用机体', '角色碎片', '紫色装备', '突破材料', '经验材料', '螺母箱']		['1.90%', '1.50%', '13.95%', '22.11%', '28.39%', '14.42%', '4.81%', '14.42%']	
2107		['S级泛用机体(含保底)', 'S级泛用机体(基础掉落)', 'B、A级泛用机体', '角色碎片', '紫色装备', '突破材料', '经验材料', '螺母箱']		['1.90%', '1.50%', '13.95%', '22.11%', '28.39%', '14.42%', '4.81%', '14.42%']	
2108		['S级泛用机体(含保底)', 'S级泛用机体(基础掉落)', 'B、A级泛用机体', '角色碎片', '紫色装备', '突破材料', '经验材料', '螺母箱']		['1.90%', '1.50%', '13.95%', '22.11%', '28.39%', '14.42%', '4.81%', '14.42%']	
2109		['S级泛用机体(含保底)', 'S级泛用机体(基础掉落)', 'B、A级泛用机体', '角色碎片', '紫色装备', '突破材料', '经验材料', '螺母箱']		['1.90%', '1.50%', '13.95%', '22.11%', '28.39%', '14.42%', '4.81%', '14.42%']	
2110		['S级泛用机体(含保底)', 'S级泛用机体(基础掉落)', 'B、A级泛用机体', '角色碎片', '紫色装备', '突破材料', '经验材料', '螺母箱']		['1.90%', '1.50%', '13.95%', '22.11%', '28.39%', '14.42%', '4.81%', '14.42%']	
2111		['S级泛用机体(含保底)', 'S级泛用机体(基础掉落)', 'B、A级泛用机体', '角色碎片', '紫色装备', '突破材料', '经验材料', '螺母箱']		['1.90%', '1.50%', '13.95%', '22.11%', '28.39%', '14.42%', '4.81%', '14.42%']	
2112		['S级泛用机体(含保底)', 'S级泛用机体(基础掉落)', 'B、A级泛用机体', '角色碎片', '紫色装备', '突破材料', '经验材料', '螺母箱']		['1.90%', '1.50%', '13.95%', '22.11%', '28.39%', '14.42%', '4.81%', '14.42%']	
2113		['S级泛用机体(含保底)', 'S级泛用机体(基础掉落)', 'B、A级泛用机体', '角色碎片', '紫色装备', '突破材料', '经验材料', '螺母箱']		['1.90%', '1.50%', '13.95%', '22.11%', '28.39%', '14.42%', '4.81%', '14.42%']	
4008		['S级独域机体(含保底)', 'S级独域机体(基础掉落)', '紫色装备', '突破材料', '经验材料', '螺母箱']		['12.45%', '5.00%', '28.21%', '26.45%', '6.44%', '26.45%']	
4009		['S级独域机体(含保底)', 'S级独域机体(基础掉落)', '紫色装备', '突破材料', '经验材料', '螺母箱']		['12.45%', '5.00%', '28.21%', '26.45%', '6.44%', '26.45%']	
338	[True, True]	['【6星】聚爆', '【5星】红移', '【6星】萨拉斯特罗', '【6星】青赫', '【5星】那不勒斯的独奏', '【5星】归云', '紫色武器', '蓝色武器', '螺母箱', '突破材料']		['4.00%', '12.00%', '0.50%', '0.50%', '1.50%', '1.50%', '33.40%', '27.90%', '9.35%', '9.35%']	
1120		['S级泛用机体(含保底)', 'S级泛用机体(基础掉落)', 'B、A级泛用机体', '角色碎片', '紫色装备', '突破材料', '经验材料', '螺母箱']		['1.90%', '0.50%', '13.95%', '22.11%', '28.39%', '14.42%', '4.81%', '14.42%']	
1121		['S级泛用机体(含保底)', 'S级泛用机体(基础掉落)', 'B、A级泛用机体', '角色碎片', '紫色装备', '突破材料', '经验材料', '螺母箱']		['1.90%', '0.50%', '13.95%', '22.11%', '28.39%', '14.42%', '4.81%', '14.42%']	
1122		['S级泛用机体(含保底)', 'S级泛用机体(基础掉落)', 'B、A级泛用机体', '角色碎片', '紫色装备', '突破材料', '经验材料', '螺母箱']		['1.90%', '0.50%', '13.95%', '22.11%', '28.39%', '14.42%', '4.81%', '14.42%']	
1123		['S级泛用机体(含保底)', 'S级泛用机体(基础掉落)', 'B、A级泛用机体', '角色碎片', '紫色装备', '突破材料', '经验材料', '螺母箱']		['1.90%', '0.50%', '13.95%', '22.11%', '28.39%', '14.42%', '4.81%', '14.42%']	
1124		['S级泛用机体(含保底)', 'S级泛用机体(基础掉落)', 'B、A级泛用机体', '角色碎片', '紫色装备', '突破材料', '经验材料', '螺母箱']		['1.90%', '0.50%', '13.95%', '22.11%', '28.39%', '14.42%', '4.81%', '14.42%']	
1125		['S级泛用机体(含保底)', 'S级泛用机体(基础掉落)', 'B、A级泛用机体', '角色碎片', '紫色装备', '突破材料', '经验材料', '螺母箱']		['1.90%', '0.50%', '13.95%', '22.11%', '28.39%', '14.42%', '4.81%', '14.42%']	
1126		['S级泛用机体(含保底)', 'S级泛用机体(基础掉落)', 'B、A级泛用机体', '角色碎片', '紫色装备', '突破材料', '经验材料', '螺母箱']		['1.90%', '0.50%', '13.95%', '22.11%', '28.39%', '14.42%', '4.81%', '14.42%']	
1127		['S级泛用机体(含保底)', 'S级泛用机体(基础掉落)', 'B、A级泛用机体', '角色碎片', '紫色装备', '突破材料', '经验材料', '螺母箱']		['1.90%', '0.50%', '13.95%', '22.11%', '28.39%', '14.42%', '4.81%', '14.42%']	
1128		['S级泛用机体(含保底)', 'S级泛用机体(基础掉落)', 'B、A级泛用机体', '角色碎片', '紫色装备', '突破材料', '经验材料', '螺母箱']		['1.90%', '0.50%', '13.95%', '22.11%', '28.39%', '14.42%', '4.81%', '14.42%']	
1129		['S级泛用机体(含保底)', 'S级泛用机体(基础掉落)', 'B、A级泛用机体', '角色碎片', '紫色装备', '突破材料', '经验材料', '螺母箱']		['1.90%', '0.50%', '13.95%', '22.11%', '28.39%', '14.42%', '4.81%', '14.42%']	
2114		['S级泛用机体(含保底)', 'S级泛用机体(基础掉落)', 'B、A级泛用机体', '角色碎片', '紫色装备', '突破材料', '经验材料', '螺母箱']		['1.90%', '1.50%', '13.95%', '22.11%', '28.39%', '14.42%', '4.81%', '14.42%']	
2115		['S级泛用机体(含保底)', 'S级泛用机体(基础掉落)', 'B、A级泛用机体', '角色碎片', '紫色装备', '突破材料', '经验材料', '螺母箱']		['1.90%', '1.50%', '13.95%', '22.11%', '28.39%', '14.42%', '4.81%', '14.42%']	
2116		['S级泛用机体(含保底)', 'S级泛用机体(基础掉落)', 'B、A级泛用机体', '角色碎片', '紫色装备', '突破材料', '经验材料', '螺母箱']		['1.90%', '1.50%', '13.95%', '22.11%', '28.39%', '14.42%', '4.81%', '14.42%']	
2117		['S级泛用机体(含保底)', 'S级泛用机体(基础掉落)', 'B、A级泛用机体', '角色碎片', '紫色装备', '突破材料', '经验材料', '螺母箱']		['1.90%', '1.50%', '13.95%', '22.11%', '28.39%', '14.42%', '4.81%', '14.42%']	
2118		['S级泛用机体(含保底)', 'S级泛用机体(基础掉落)', 'B、A级泛用机体', '角色碎片', '紫色装备', '突破材料', '经验材料', '螺母箱']		['1.90%', '1.50%', '13.95%', '22.11%', '28.39%', '14.42%', '4.81%', '14.42%']	
2119		['S级泛用机体(含保底)', 'S级泛用机体(基础掉落)', 'B、A级泛用机体', '角色碎片', '紫色装备', '突破材料', '经验材料', '螺母箱']		['1.90%', '1.50%', '13.95%', '22.11%', '28.39%', '14.42%', '4.81%', '14.42%']	
2120		['S级泛用机体(含保底)', 'S级泛用机体(基础掉落)', 'B、A级泛用机体', '角色碎片', '紫色装备', '突破材料', '经验材料', '螺母箱']		['1.90%', '1.50%', '13.95%', '22.11%', '28.39%', '14.42%', '4.81%', '14.42%']	
2121		['S级泛用机体(含保底)', 'S级泛用机体(基础掉落)', 'B、A级泛用机体', '角色碎片', '紫色装备', '突破材料', '经验材料', '螺母箱']		['1.90%', '1.50%', '13.95%', '22.11%', '28.39%', '14.42%', '4.81%', '14.42%']	
2122		['S级泛用机体(含保底)', 'S级泛用机体(基础掉落)', 'B、A级泛用机体', '角色碎片', '紫色装备', '突破材料', '经验材料', '螺母箱']		['1.90%', '1.50%', '13.95%', '22.11%', '28.39%', '14.42%', '4.81%', '14.42%']	
2123		['S级泛用机体(含保底)', 'S级泛用机体(基础掉落)', 'B、A级泛用机体', '角色碎片', '紫色装备', '突破材料', '经验材料', '螺母箱']		['1.90%', '1.50%', '13.95%', '22.11%', '28.39%', '14.42%', '4.81%', '14.42%']	
7009		['S级支援单位(含保底)', 'S级支援单位(基础掉落)', 'A级支援单位', '支援单位经验材料', '支援单位突破材料', '支援技能元件', '支援单位碎片', '螺母箱']		['8.33%', '5.82%', '14.14%', '20.72%', '11.02%', '16.31%', '13.42%', '16.06%']	
7010		['S级支援单位(含保底)', 'S级支援单位(基础掉落)', 'A级支援单位', '支援单位经验材料', '支援单位突破材料', '支援技能元件', '支援单位碎片', '螺母箱']		['8.33%', '5.82%', '14.14%', '20.72%', '11.02%', '16.31%', '13.42%', '16.06%']	
339	[True, True]	['【6星】伽拉忒亚', '【5星】褪色', '【6星】阿波罗', '【6星】林中主人', '【5星】卡拉一型铳刃', '【5星】奥黛特', '紫色武器', '蓝色武器', '螺母箱', '突破材料']		['4.00%', '12.00%', '0.50%', '0.50%', '1.50%', '1.50%', '33.40%', '27.90%', '9.35%', '9.35%']	
1130		['S级泛用机体(含保底)', 'S级泛用机体(基础掉落)', 'B、A级泛用机体', '角色碎片', '紫色装备', '突破材料', '经验材料', '螺母箱']		['1.90%', '0.50%', '13.95%', '22.11%', '28.39%', '14.42%', '4.81%', '14.42%']	
1131		['S级泛用机体(含保底)', 'S级泛用机体(基础掉落)', 'B、A级泛用机体', '角色碎片', '紫色装备', '突破材料', '经验材料', '螺母箱']		['1.90%', '0.50%', '13.95%', '22.11%', '28.39%', '14.42%', '4.81%', '14.42%']	
1132		['S级泛用机体(含保底)', 'S级泛用机体(基础掉落)', 'B、A级泛用机体', '角色碎片', '紫色装备', '突破材料', '经验材料', '螺母箱']		['1.90%', '0.50%', '13.95%', '22.11%', '28.39%', '14.42%', '4.81%', '14.42%']	
1133		['S级泛用机体(含保底)', 'S级泛用机体(基础掉落)', 'B、A级泛用机体', '角色碎片', '紫色装备', '突破材料', '经验材料', '螺母箱']		['1.90%', '0.50%', '13.95%', '22.11%', '28.39%', '14.42%', '4.81%', '14.42%']	
1134		['S级泛用机体(含保底)', 'S级泛用机体(基础掉落)', 'B、A级泛用机体', '角色碎片', '紫色装备', '突破材料', '经验材料', '螺母箱']		['1.90%', '0.50%', '13.95%', '22.11%', '28.39%', '14.42%', '4.81%', '14.42%']	
1135		['S级泛用机体(含保底)', 'S级泛用机体(基础掉落)', 'B、A级泛用机体', '角色碎片', '紫色装备', '突破材料', '经验材料', '螺母箱']		['1.90%', '0.50%', '13.95%', '22.11%', '28.39%', '14.42%', '4.81%', '14.42%']	
1136		['S级泛用机体(含保底)', 'S级泛用机体(基础掉落)', 'B、A级泛用机体', '角色碎片', '紫色装备', '突破材料', '经验材料', '螺母箱']		['1.90%', '0.50%', '13.95%', '22.11%', '28.39%', '14.42%', '4.81%', '14.42%']	
1137		['S级泛用机体(含保底)', 'S级泛用机体(基础掉落)', 'B、A级泛用机体', '角色碎片', '紫色装备', '突破材料', '经验材料', '螺母箱']		['1.90%', '0.50%', '13.95%', '22.11%', '28.39%', '14.42%', '4.81%', '14.42%']	
1138		['S级泛用机体(含保底)', 'S级泛用机体(基础掉落)', 'B、A级泛用机体', '角色碎片', '紫色装备', '突破材料', '经验材料', '螺母箱']		['1.90%', '0.50%', '13.95%', '22.11%', '28.39%', '14.42%', '4.81%', '14.42%']	
2124		['S级泛用机体(含保底)', 'S级泛用机体(基础掉落)', 'B、A级泛用机体', '角色碎片', '紫色装备', '突破材料', '经验材料', '螺母箱']		['1.90%', '1.50%', '13.95%', '22.11%', '28.39%', '14.42%', '4.81%', '14.42%']	
2125		['S级泛用机体(含保底)', 'S级泛用机体(基础掉落)', 'B、A级泛用机体', '角色碎片', '紫色装备', '突破材料', '经验材料', '螺母箱']		['1.90%', '1.50%', '13.95%', '22.11%', '28.39%', '14.42%', '4.81%', '14.42%']	
2126		['S级泛用机体(含保底)', 'S级泛用机体(基础掉落)', 'B、A级泛用机体', '角色碎片', '紫色装备', '突破材料', '经验材料', '螺母箱']		['1.90%', '1.50%', '13.95%', '22.11%', '28.39%', '14.42%', '4.81%', '14.42%']	
2127		['S级泛用机体(含保底)', 'S级泛用机体(基础掉落)', 'B、A级泛用机体', '角色碎片', '紫色装备', '突破材料', '经验材料', '螺母箱']		['1.90%', '1.50%', '13.95%', '22.11%', '28.39%', '14.42%', '4.81%', '14.42%']	
2128		['S级泛用机体(含保底)', 'S级泛用机体(基础掉落)', 'B、A级泛用机体', '角色碎片', '紫色装备', '突破材料', '经验材料', '螺母箱']		['1.90%', '1.50%', '13.95%', '22.11%', '28.39%', '14.42%', '4.81%', '14.42%']	
2129		['S级泛用机体(含保底)', 'S级泛用机体(基础掉落)', 'B、A级泛用机体', '角色碎片', '紫色装备', '突破材料', '经验材料', '螺母箱']		['1.90%', '1.50%', '13.95%', '22.11%', '28.39%', '14.42%', '4.81%', '14.42%']	
2130		['S级泛用机体(含保底)', 'S级泛用机体(基础掉落)', 'B、A级泛用机体', '角色碎片', '紫色装备', '突破材料', '经验材料', '螺母箱']		['1.90%', '1.50%', '13.95%', '22.11%', '28.39%', '14.42%', '4.81%', '14.42%']	
2131		['S级泛用机体(含保底)', 'S级泛用机体(基础掉落)', 'B、A级泛用机体', '角色碎片', '紫色装备', '突破材料', '经验材料', '螺母箱']		['1.90%', '1.50%', '13.95%', '22.11%', '28.39%', '14.42%', '4.81%', '14.42%']	
2132		['S级泛用机体(含保底)', 'S级泛用机体(基础掉落)', 'B、A级泛用机体', '角色碎片', '紫色装备', '突破材料', '经验材料', '螺母箱']		['1.90%', '1.50%', '13.95%', '22.11%', '28.39%', '14.42%', '4.81%', '14.42%']	
4010		['S级独域机体(含保底)', 'S级独域机体(基础掉落)', '紫色装备', '突破材料', '经验材料', '螺母箱']		['12.45%', '5.00%', '28.21%', '26.45%', '6.44%', '26.45%']	
4011		['S级独域机体(含保底)', 'S级独域机体(基础掉落)', '紫色装备', '突破材料', '经验材料', '螺母箱']		['12.45%', '5.00%', '28.21%', '26.45%', '6.44%', '26.45%']	
340	[True, True]	['【6星】暗寂闪光', '【5星】绝境破碎者', '【6星】八极', '【6星】赫斯提亚', '【5星】白麟出涧', '【5星】双极星间', '紫色武器', '蓝色武器', '螺母箱', '突破材料']		['4.00%', '12.00%', '0.50%', '0.50%', '1.50%', '1.50%', '33.40%', '27.90%', '9.35%', '9.35%']	
1139		['S级泛用机体(含保底)', 'S级泛用机体(基础掉落)', 'B、A级泛用机体', '角色碎片', '紫色装备', '突破材料', '经验材料', '螺母箱']		['1.90%', '0.50%', '13.95%', '22.11%', '28.39%', '14.42%', '4.81%', '14.42%']	
1140		['S级泛用机体(含保底)', 'S级泛用机体(基础掉落)', 'B、A级泛用机体', '角色碎片', '紫色装备', '突破材料', '经验材料', '螺母箱']		['1.90%', '0.50%', '13.95%', '22.11%', '28.39%', '14.42%', '4.81%', '14.42%']	
1141		['S级泛用机体(含保底)', 'S级泛用机体(基础掉落)', 'B、A级泛用机体', '角色碎片', '紫色装备', '突破材料', '经验材料', '螺母箱']		['1.90%', '0.50%', '13.95%', '22.11%', '28.39%', '14.42%', '4.81%', '14.42%']	
1142		['S级泛用机体(含保底)', 'S级泛用机体(基础掉落)', 'B、A级泛用机体', '角色碎片', '紫色装备', '突破材料', '经验材料', '螺母箱']		['1.90%', '0.50%', '13.95%', '22.11%', '28.39%', '14.42%', '4.81%', '14.42%']	
1143		['S级泛用机体(含保底)', 'S级泛用机体(基础掉落)', 'B、A级泛用机体', '角色碎片', '紫色装备', '突破材料', '经验材料', '螺母箱']		['1.90%', '0.50%', '13.95%', '22.11%', '28.39%', '14.42%', '4.81%', '14.42%']	
1144		['S级泛用机体(含保底)', 'S级泛用机体(基础掉落)', 'B、A级泛用机体', '角色碎片', '紫色装备', '突破材料', '经验材料', '螺母箱']		['1.90%', '0.50%', '13.95%', '22.11%', '28.39%', '14.42%', '4.81%', '14.42%']	
1145		['S级泛用机体(含保底)', 'S级泛用机体(基础掉落)', 'B、A级泛用机体', '角色碎片', '紫色装备', '突破材料', '经验材料', '螺母箱']		['1.90%', '0.50%', '13.95%', '22.11%', '28.39%', '14.42%', '4.81%', '14.42%']	
1146		['S级泛用机体(含保底)', 'S级泛用机体(基础掉落)', 'B、A级泛用机体', '角色碎片', '紫色装备', '突破材料', '经验材料', '螺母箱']		['1.90%', '0.50%', '13.95%', '22.11%', '28.39%', '14.42%', '4.81%', '14.42%']	
1147		['S级泛用机体(含保底)', 'S级泛用机体(基础掉落)', 'B、A级泛用机体', '角色碎片', '紫色装备', '突破材料', '经验材料', '螺母箱']		['1.90%', '0.50%', '13.95%', '22.11%', '28.39%', '14.42%', '4.81%', '14.42%']	
1148		['S级泛用机体(含保底)', 'S级泛用机体(基础掉落)', 'B、A级泛用机体', '角色碎片', '紫色装备', '突破材料', '经验材料', '螺母箱']		['1.90%', '0.50%', '13.95%', '22.11%', '28.39%', '14.42%', '4.81%', '14.42%']	
2133		['S级泛用机体(含保底)', 'S级泛用机体(基础掉落)', 'B、A级泛用机体', '角色碎片', '紫色装备', '突破材料', '经验材料', '螺母箱']		['1.90%', '1.50%', '13.95%', '22.11%', '28.39%', '14.42%', '4.81%', '14.42%']	
2134		['S级泛用机体(含保底)', 'S级泛用机体(基础掉落)', 'B、A级泛用机体', '角色碎片', '紫色装备', '突破材料', '经验材料', '螺母箱']		['1.90%', '1.50%', '13.95%', '22.11%', '28.39%', '14.42%', '4.81%', '14.42%']	
2135		['S级泛用机体(含保底)', 'S级泛用机体(基础掉落)', 'B、A级泛用机体', '角色碎片', '紫色装备', '突破材料', '经验材料', '螺母箱']		['1.90%', '1.50%', '13.95%', '22.11%', '28.39%', '14.42%', '4.81%', '14.42%']	
2136		['S级泛用机体(含保底)', 'S级泛用机体(基础掉落)', 'B、A级泛用机体', '角色碎片', '紫色装备', '突破材料', '经验材料', '螺母箱']		['1.90%', '1.50%', '13.95%', '22.11%', '28.39%', '14.42%', '4.81%', '14.42%']	
2137		['S级泛用机体(含保底)', 'S级泛用机体(基础掉落)', 'B、A级泛用机体', '角色碎片', '紫色装备', '突破材料', '经验材料', '螺母箱']		['1.90%', '1.50%', '13.95%', '22.11%', '28.39%', '14.42%', '4.81%', '14.42%']	
2138		['S级泛用机体(含保底)', 'S级泛用机体(基础掉落)', 'B、A级泛用机体', '角色碎片', '紫色装备', '突破材料', '经验材料', '螺母箱']		['1.90%', '1.50%', '13.95%', '22.11%', '28.39%', '14.42%', '4.81%', '14.42%']	
2139		['S级泛用机体(含保底)', 'S级泛用机体(基础掉落)', 'B、A级泛用机体', '角色碎片', '紫色装备', '突破材料', '经验材料', '螺母箱']		['1.90%', '1.50%', '13.95%', '22.11%', '28.39%', '14.42%', '4.81%', '14.42%']	
2140		['S级泛用机体(含保底)', 'S级泛用机体(基础掉落)', 'B、A级泛用机体', '角色碎片', '紫色装备', '突破材料', '经验材料', '螺母箱']		['1.90%', '1.50%', '13.95%', '22.11%', '28.39%', '14.42%', '4.81%', '14.42%']	
2141		['S级泛用机体(含保底)', 'S级泛用机体(基础掉落)', 'B、A级泛用机体', '角色碎片', '紫色装备', '突破材料', '经验材料', '螺母箱']		['1.90%', '1.50%', '13.95%', '22.11%', '28.39%', '14.42%', '4.81%', '14.42%']	
2142		['S级泛用机体(含保底)', 'S级泛用机体(基础掉落)', 'B、A级泛用机体', '角色碎片', '紫色装备', '突破材料', '经验材料', '螺母箱']		['1.90%', '1.50%', '13.95%', '22.11%', '28.39%', '14.42%', '4.81%', '14.42%']	
7011		['S级支援单位(含保底)', 'S级支援单位(基础掉落)', 'A级支援单位', '支援单位经验材料', '支援单位突破材料', '支援技能元件', '支援单位碎片', '螺母箱']		['8.33%', '5.82%', '14.14%', '20.72%', '11.02%', '16.31%', '13.42%', '16.06%']	
7012		['S级支援单位(含保底)', 'S级支援单位(基础掉落)', 'A级支援单位', '支援单位经验材料', '支援单位突破材料', '支援技能元件', '支援单位碎片', '螺母箱']		['8.33%', '5.82%', '14.14%', '20.72%', '11.02%', '16.31%', '13.42%', '16.06%']	
8012		['S级泛用机体(含保底)', 'S级泛用机体(基础掉落)', 'B、A级泛用机体', '角色碎片', '紫色装备', '突破材料', '经验材料', '螺母箱']		['1.90%', '0.50%', '13.95%', '22.11%', '28.39%', '14.42%', '4.81%', '14.42%']	
8013		['S级泛用机体(含保底)', 'S级泛用机体(基础掉落)', 'B、A级泛用机体', '角色碎片', '紫色装备', '突破材料', '经验材料', '螺母箱']		['1.90%', '0.50%', '13.95%', '22.11%', '28.39%', '14.42%', '4.81%', '14.42%']	
8014		['S级泛用机体(含保底)', 'S级泛用机体(基础掉落)', 'B、A级泛用机体', '角色碎片', '紫色装备', '突破材料', '经验材料', '螺母箱']		['1.90%', '0.50%', '13.95%', '22.11%', '28.39%', '14.42%', '4.81%', '14.42%']	
8015		['S级泛用机体(含保底)', 'S级泛用机体(基础掉落)', 'B、A级泛用机体', '角色碎片', '紫色装备', '突破材料', '经验材料', '螺母箱']		['1.90%', '0.50%', '13.95%', '22.11%', '28.39%', '14.42%', '4.81%', '14.42%']	
8016		['S级泛用机体(含保底)', 'S级泛用机体(基础掉落)', 'B、A级泛用机体', '角色碎片', '紫色装备', '突破材料', '经验材料', '螺母箱']		['1.90%', '0.50%', '13.95%', '22.11%', '28.39%', '14.42%', '4.81%', '14.42%']	
8017		['S级泛用机体(含保底)', 'S级泛用机体(基础掉落)', 'B、A级泛用机体', '角色碎片', '紫色装备', '突破材料', '经验材料', '螺母箱']		['1.90%', '0.50%', '13.95%', '22.11%', '28.39%', '14.42%', '4.81%', '14.42%']	
8018		['S级泛用机体(含保底)', 'S级泛用机体(基础掉落)', 'B、A级泛用机体', '角色碎片', '紫色装备', '突破材料', '经验材料', '螺母箱']		['1.90%', '0.50%', '13.95%', '22.11%', '28.39%', '14.42%', '4.81%', '14.42%']	
8019		['S级泛用机体(含保底)', 'S级泛用机体(基础掉落)', 'B、A级泛用机体', '角色碎片', '紫色装备', '突破材料', '经验材料', '螺母箱']		['1.90%', '0.50%', '13.95%', '22.11%', '28.39%', '14.42%', '4.81%', '14.42%']	
8020		['S级泛用机体(含保底)', 'S级泛用机体(基础掉落)', 'B、A级泛用机体', '角色碎片', '紫色装备', '突破材料', '经验材料', '螺母箱']		['1.90%', '0.50%', '13.95%', '22.11%', '28.39%', '14.42%', '4.81%', '14.42%']	
8021		['S级泛用机体(含保底)', 'S级泛用机体(基础掉落)', 'B、A级泛用机体', '角色碎片', '紫色装备', '突破材料', '经验材料', '螺母箱']		['1.90%', '0.50%', '13.95%', '22.11%', '28.39%', '14.42%', '4.81%', '14.42%']	
8022		['S级泛用机体(含保底)', 'S级泛用机体(基础掉落)', 'B、A级泛用机体', '角色碎片', '紫色装备', '突破材料', '经验材料', '螺母箱']		['1.90%', '0.50%', '13.95%', '22.11%', '28.39%', '14.42%', '4.81%', '14.42%']	
8023		['S级泛用机体(含保底)', 'S级泛用机体(基础掉落)', 'B、A级泛用机体', '角色碎片', '紫色装备', '突破材料', '经验材料', '螺母箱']		['1.90%', '0.50%', '13.95%', '22.11%', '28.39%', '14.42%', '4.81%', '14.42%']	
8024		['S级泛用机体(含保底)', 'S级泛用机体(基础掉落)', 'B、A级泛用机体', '角色碎片', '紫色装备', '突破材料', '经验材料', '螺母箱']		['1.90%', '0.50%', '13.95%', '22.11%', '28.39%', '14.42%', '4.81%', '14.42%']	
8025		['S级泛用机体(含保底)', 'S级泛用机体(基础掉落)', 'B、A级泛用机体', '角色碎片', '紫色装备', '突破材料', '经验材料', '螺母箱']		['1.90%', '0.50%', '13.95%', '22.11%', '28.39%', '14.42%', '4.81%', '14.42%']	
8026		['S级泛用机体(含保底)', 'S级泛用机体(基础掉落)', 'B、A级泛用机体', '角色碎片', '紫色装备', '突破材料', '经验材料', '螺母箱']		['1.90%', '0.50%', '13.95%', '22.11%', '28.39%', '14.42%', '4.81%', '14.42%']	
8512		['S级泛用机体(含保底)', 'S级泛用机体(基础掉落)', 'B、A级泛用机体', '角色碎片', '紫色装备', '突破材料', '经验材料', '螺母箱']		['1.90%', '1.50%', '13.95%', '22.11%', '28.39%', '14.42%', '4.81%', '14.42%']	
8513		['S级泛用机体(含保底)', 'S级泛用机体(基础掉落)', 'B、A级泛用机体', '角色碎片', '紫色装备', '突破材料', '经验材料', '螺母箱']		['1.90%', '1.50%', '13.95%', '22.11%', '28.39%', '14.42%', '4.81%', '14.42%']	
8514		['S级泛用机体(含保底)', 'S级泛用机体(基础掉落)', 'B、A级泛用机体', '角色碎片', '紫色装备', '突破材料', '经验材料', '螺母箱']		['1.90%', '1.50%', '13.95%', '22.11%', '28.39%', '14.42%', '4.81%', '14.42%']	
8515		['S级泛用机体(含保底)', 'S级泛用机体(基础掉落)', 'B、A级泛用机体', '角色碎片', '紫色装备', '突破材料', '经验材料', '螺母箱']		['1.90%', '1.50%', '13.95%', '22.11%', '28.39%', '14.42%', '4.81%', '14.42%']	
8516		['S级泛用机体(含保底)', 'S级泛用机体(基础掉落)', 'B、A级泛用机体', '角色碎片', '紫色装备', '突破材料', '经验材料', '螺母箱']		['1.90%', '1.50%', '13.95%', '22.11%', '28.39%', '14.42%', '4.81%', '14.42%']	
8517		['S级泛用机体(含保底)', 'S级泛用机体(基础掉落)', 'B、A级泛用机体', '角色碎片', '紫色装备', '突破材料', '经验材料', '螺母箱']		['1.90%', '1.50%', '13.95%', '22.11%', '28.39%', '14.42%', '4.81%', '14.42%']	
8518		['S级泛用机体(含保底)', 'S级泛用机体(基础掉落)', 'B、A级泛用机体', '角色碎片', '紫色装备', '突破材料', '经验材料', '螺母箱']		['1.90%', '1.50%', '13.95%', '22.11%', '28.39%', '14.42%', '4.81%', '14.42%']	
8519		['S级泛用机体(含保底)', 'S级泛用机体(基础掉落)', 'B、A级泛用机体', '角色碎片', '紫色装备', '突破材料', '经验材料', '螺母箱']		['1.90%', '1.50%', '13.95%', '22.11%', '28.39%', '14.42%', '4.81%', '14.42%']	
8520		['S级泛用机体(含保底)', 'S级泛用机体(基础掉落)', 'B、A级泛用机体', '角色碎片', '紫色装备', '突破材料', '经验材料', '螺母箱']		['1.90%', '1.50%', '13.95%', '22.11%', '28.39%', '14.42%', '4.81%', '14.42%']	
8521		['S级泛用机体(含保底)', 'S级泛用机体(基础掉落)', 'B、A级泛用机体', '角色碎片', '紫色装备', '突破材料', '经验材料', '螺母箱']		['1.90%', '1.50%', '13.95%', '22.11%', '28.39%', '14.42%', '4.81%', '14.42%']	
8522		['S级泛用机体(含保底)', 'S级泛用机体(基础掉落)', 'B、A级泛用机体', '角色碎片', '紫色装备', '突破材料', '经验材料', '螺母箱']		['1.90%', '1.50%', '13.95%', '22.11%', '28.39%', '14.42%', '4.81%', '14.42%']	
8523		['S级泛用机体(含保底)', 'S级泛用机体(基础掉落)', 'B、A级泛用机体', '角色碎片', '紫色装备', '突破材料', '经验材料', '螺母箱']		['1.90%', '1.50%', '13.95%', '22.11%', '28.39%', '14.42%', '4.81%', '14.42%']	
8524		['S级泛用机体(含保底)', 'S级泛用机体(基础掉落)', 'B、A级泛用机体', '角色碎片', '紫色装备', '突破材料', '经验材料', '螺母箱']		['1.90%', '1.50%', '13.95%', '22.11%', '28.39%', '14.42%', '4.81%', '14.42%']	
8525		['S级泛用机体(含保底)', 'S级泛用机体(基础掉落)', 'B、A级泛用机体', '角色碎片', '紫色装备', '突破材料', '经验材料', '螺母箱']		['1.90%', '1.50%', '13.95%', '22.11%', '28.39%', '14.42%', '4.81%', '14.42%']	
8526		['S级泛用机体(含保底)', 'S级泛用机体(基础掉落)', 'B、A级泛用机体', '角色碎片', '紫色装备', '突破材料', '经验材料', '螺母箱']		['1.90%', '1.50%', '13.95%', '22.11%', '28.39%', '14.42%', '4.81%', '14.42%']	
341	[True, True]	['【6星】普罗米修斯', '【5星】高频粒子刀', '【6星】聚爆', '【6星】萨拉斯特罗', '【5星】红移', '【5星】那不勒斯的独奏', '紫色武器', '蓝色武器', '螺母箱', '突破材料']		['4.00%', '12.00%', '0.50%', '0.50%', '1.50%', '1.50%', '33.40%', '27.90%', '9.35%', '9.35%']	
1149		['S级泛用机体(含保底)', 'S级泛用机体(基础掉落)', 'B、A级泛用机体', '角色碎片', '紫色装备', '突破材料', '经验材料', '螺母箱']		['1.90%', '0.50%', '13.95%', '22.11%', '28.39%', '14.42%', '4.81%', '14.42%']	
1150		['S级泛用机体(含保底)', 'S级泛用机体(基础掉落)', 'B、A级泛用机体', '角色碎片', '紫色装备', '突破材料', '经验材料', '螺母箱']		['1.90%', '0.50%', '13.95%', '22.11%', '28.39%', '14.42%', '4.81%', '14.42%']	
1151		['S级泛用机体(含保底)', 'S级泛用机体(基础掉落)', 'B、A级泛用机体', '角色碎片', '紫色装备', '突破材料', '经验材料', '螺母箱']		['1.90%', '0.50%', '13.95%', '22.11%', '28.39%', '14.42%', '4.81%', '14.42%']	
1152		['S级泛用机体(含保底)', 'S级泛用机体(基础掉落)', 'B、A级泛用机体', '角色碎片', '紫色装备', '突破材料', '经验材料', '螺母箱']		['1.90%', '0.50%', '13.95%', '22.11%', '28.39%', '14.42%', '4.81%', '14.42%']	
1153		['S级泛用机体(含保底)', 'S级泛用机体(基础掉落)', 'B、A级泛用机体', '角色碎片', '紫色装备', '突破材料', '经验材料', '螺母箱']		['1.90%', '0.50%', '13.95%', '22.11%', '28.39%', '14.42%', '4.81%', '14.42%']	
1154		['S级泛用机体(含保底)', 'S级泛用机体(基础掉落)', 'B、A级泛用机体', '角色碎片', '紫色装备', '突破材料', '经验材料', '螺母箱']		['1.90%', '0.50%', '13.95%', '22.11%', '28.39%', '14.42%', '4.81%', '14.42%']	
1155		['S级泛用机体(含保底)', 'S级泛用机体(基础掉落)', 'B、A级泛用机体', '角色碎片', '紫色装备', '突破材料', '经验材料', '螺母箱']		['1.90%', '0.50%', '13.95%', '22.11%', '28.39%', '14.42%', '4.81%', '14.42%']	
1156		['S级泛用机体(含保底)', 'S级泛用机体(基础掉落)', 'B、A级泛用机体', '角色碎片', '紫色装备', '突破材料', '经验材料', '螺母箱']		['1.90%', '0.50%', '13.95%', '22.11%', '28.39%', '14.42%', '4.81%', '14.42%']	
1157		['S级泛用机体(含保底)', 'S级泛用机体(基础掉落)', 'B、A级泛用机体', '角色碎片', '紫色装备', '突破材料', '经验材料', '螺母箱']		['1.90%', '0.50%', '13.95%', '22.11%', '28.39%', '14.42%', '4.81%', '14.42%']	
2143		['S级泛用机体(含保底)', 'S级泛用机体(基础掉落)', 'B、A级泛用机体', '角色碎片', '紫色装备', '突破材料', '经验材料', '螺母箱']		['1.90%', '1.50%', '13.95%', '22.11%', '28.39%', '14.42%', '4.81%', '14.42%']	
2144		['S级泛用机体(含保底)', 'S级泛用机体(基础掉落)', 'B、A级泛用机体', '角色碎片', '紫色装备', '突破材料', '经验材料', '螺母箱']		['1.90%', '1.50%', '13.95%', '22.11%', '28.39%', '14.42%', '4.81%', '14.42%']	
2145		['S级泛用机体(含保底)', 'S级泛用机体(基础掉落)', 'B、A级泛用机体', '角色碎片', '紫色装备', '突破材料', '经验材料', '螺母箱']		['1.90%', '1.50%', '13.95%', '22.11%', '28.39%', '14.42%', '4.81%', '14.42%']	
2146		['S级泛用机体(含保底)', 'S级泛用机体(基础掉落)', 'B、A级泛用机体', '角色碎片', '紫色装备', '突破材料', '经验材料', '螺母箱']		['1.90%', '1.50%', '13.95%', '22.11%', '28.39%', '14.42%', '4.81%', '14.42%']	
2147		['S级泛用机体(含保底)', 'S级泛用机体(基础掉落)', 'B、A级泛用机体', '角色碎片', '紫色装备', '突破材料', '经验材料', '螺母箱']		['1.90%', '1.50%', '13.95%', '22.11%', '28.39%', '14.42%', '4.81%', '14.42%']	
2148		['S级泛用机体(含保底)', 'S级泛用机体(基础掉落)', 'B、A级泛用机体', '角色碎片', '紫色装备', '突破材料', '经验材料', '螺母箱']		['1.90%', '1.50%', '13.95%', '22.11%', '28.39%', '14.42%', '4.81%', '14.42%']	
2149		['S级泛用机体(含保底)', 'S级泛用机体(基础掉落)', 'B、A级泛用机体', '角色碎片', '紫色装备', '突破材料', '经验材料', '螺母箱']		['1.90%', '1.50%', '13.95%', '22.11%', '28.39%', '14.42%', '4.81%', '14.42%']	
2150		['S级泛用机体(含保底)', 'S级泛用机体(基础掉落)', 'B、A级泛用机体', '角色碎片', '紫色装备', '突破材料', '经验材料', '螺母箱']		['1.90%', '1.50%', '13.95%', '22.11%', '28.39%', '14.42%', '4.81%', '14.42%']	
2151		['S级泛用机体(含保底)', 'S级泛用机体(基础掉落)', 'B、A级泛用机体', '角色碎片', '紫色装备', '突破材料', '经验材料', '螺母箱']		['1.90%', '1.50%', '13.95%', '22.11%', '28.39%', '14.42%', '4.81%', '14.42%']	
4012		['S级独域机体(含保底)', 'S级独域机体(基础掉落)', '紫色装备', '突破材料', '经验材料', '螺母箱']		['12.45%', '5.00%', '28.21%', '26.45%', '6.44%', '26.45%']	
4013		['S级独域机体(含保底)', 'S级独域机体(基础掉落)', '紫色装备', '突破材料', '经验材料', '螺母箱']		['12.45%', '5.00%', '28.21%', '26.45%', '6.44%', '26.45%']	
342	[True, True]	['【6星】赫卡忒', '【5星】极夜', '【6星】无隅', '【6星】不死鸟', '【5星】霜尺', '【5星】绯煌骑士', '紫色武器', '蓝色武器', '螺母箱', '突破材料']		['4.00%', '12.00%', '0.50%', '0.50%', '1.50%', '1.50%', '33.40%', '27.90%', '9.35%', '9.35%']	
1158		['S级泛用机体(含保底)', 'S级泛用机体(基础掉落)', 'B、A级泛用机体', '角色碎片', '紫色装备', '突破材料', '经验材料', '螺母箱']		['1.90%', '0.50%', '13.95%', '22.11%', '28.39%', '14.42%', '4.81%', '14.42%']	
1159		['S级泛用机体(含保底)', 'S级泛用机体(基础掉落)', 'B、A级泛用机体', '角色碎片', '紫色装备', '突破材料', '经验材料', '螺母箱']		['1.90%', '0.50%', '13.95%', '22.11%', '28.39%', '14.42%', '4.81%', '14.42%']	
1160		['S级泛用机体(含保底)', 'S级泛用机体(基础掉落)', 'B、A级泛用机体', '角色碎片', '紫色装备', '突破材料', '经验材料', '螺母箱']		['1.90%', '0.50%', '13.95%', '22.11%', '28.39%', '14.42%', '4.81%', '14.42%']	
1161		['S级泛用机体(含保底)', 'S级泛用机体(基础掉落)', 'B、A级泛用机体', '角色碎片', '紫色装备', '突破材料', '经验材料', '螺母箱']		['1.90%', '0.50%', '13.95%', '22.11%', '28.39%', '14.42%', '4.81%', '14.42%']	
1162		['S级泛用机体(含保底)', 'S级泛用机体(基础掉落)', 'B、A级泛用机体', '角色碎片', '紫色装备', '突破材料', '经验材料', '螺母箱']		['1.90%', '0.50%', '13.95%', '22.11%', '28.39%', '14.42%', '4.81%', '14.42%']	
1163		['S级泛用机体(含保底)', 'S级泛用机体(基础掉落)', 'B、A级泛用机体', '角色碎片', '紫色装备', '突破材料', '经验材料', '螺母箱']		['1.90%', '0.50%', '13.95%', '22.11%', '28.39%', '14.42%', '4.81%', '14.42%']	
1164		['S级泛用机体(含保底)', 'S级泛用机体(基础掉落)', 'B、A级泛用机体', '角色碎片', '紫色装备', '突破材料', '经验材料', '螺母箱']		['1.90%', '0.50%', '13.95%', '22.11%', '28.39%', '14.42%', '4.81%', '14.42%']	
1165		['S级泛用机体(含保底)', 'S级泛用机体(基础掉落)', 'B、A级泛用机体', '角色碎片', '紫色装备', '突破材料', '经验材料', '螺母箱']		['1.90%', '0.50%', '13.95%', '22.11%', '28.39%', '14.42%', '4.81%', '14.42%']	
1166		['S级泛用机体(含保底)', 'S级泛用机体(基础掉落)', 'B、A级泛用机体', '角色碎片', '紫色装备', '突破材料', '经验材料', '螺母箱']		['1.90%', '0.50%', '13.95%', '22.11%', '28.39%', '14.42%', '4.81%', '14.42%']	
1167		['S级泛用机体(含保底)', 'S级泛用机体(基础掉落)', 'B、A级泛用机体', '角色碎片', '紫色装备', '突破材料', '经验材料', '螺母箱']		['1.90%', '0.50%', '13.95%', '22.11%', '28.39%', '14.42%', '4.81%', '14.42%']	
2152		['S级泛用机体(含保底)', 'S级泛用机体(基础掉落)', 'B、A级泛用机体', '角色碎片', '紫色装备', '突破材料', '经验材料', '螺母箱']		['1.90%', '1.50%', '13.95%', '22.11%', '28.39%', '14.42%', '4.81%', '14.42%']	
2153		['S级泛用机体(含保底)', 'S级泛用机体(基础掉落)', 'B、A级泛用机体', '角色碎片', '紫色装备', '突破材料', '经验材料', '螺母箱']		['1.90%', '1.50%', '13.95%', '22.11%', '28.39%', '14.42%', '4.81%', '14.42%']	
2154		['S级泛用机体(含保底)', 'S级泛用机体(基础掉落)', 'B、A级泛用机体', '角色碎片', '紫色装备', '突破材料', '经验材料', '螺母箱']		['1.90%', '1.50%', '13.95%', '22.11%', '28.39%', '14.42%', '4.81%', '14.42%']	
2155		['S级泛用机体(含保底)', 'S级泛用机体(基础掉落)', 'B、A级泛用机体', '角色碎片', '紫色装备', '突破材料', '经验材料', '螺母箱']		['1.90%', '1.50%', '13.95%', '22.11%', '28.39%', '14.42%', '4.81%', '14.42%']	
2156		['S级泛用机体(含保底)', 'S级泛用机体(基础掉落)', 'B、A级泛用机体', '角色碎片', '紫色装备', '突破材料', '经验材料', '螺母箱']		['1.90%', '1.50%', '13.95%', '22.11%', '28.39%', '14.42%', '4.81%', '14.42%']	
2157		['S级泛用机体(含保底)', 'S级泛用机体(基础掉落)', 'B、A级泛用机体', '角色碎片', '紫色装备', '突破材料', '经验材料', '螺母箱']		['1.90%', '1.50%', '13.95%', '22.11%', '28.39%', '14.42%', '4.81%', '14.42%']	
2158		['S级泛用机体(含保底)', 'S级泛用机体(基础掉落)', 'B、A级泛用机体', '角色碎片', '紫色装备', '突破材料', '经验材料', '螺母箱']		['1.90%', '1.50%', '13.95%', '22.11%', '28.39%', '14.42%', '4.81%', '14.42%']	
2159		['S级泛用机体(含保底)', 'S级泛用机体(基础掉落)', 'B、A级泛用机体', '角色碎片', '紫色装备', '突破材料', '经验材料', '螺母箱']		['1.90%', '1.50%', '13.95%', '22.11%', '28.39%', '14.42%', '4.81%', '14.42%']	
2160		['S级泛用机体(含保底)', 'S级泛用机体(基础掉落)', 'B、A级泛用机体', '角色碎片', '紫色装备', '突破材料', '经验材料', '螺母箱']		['1.90%', '1.50%', '13.95%', '22.11%', '28.39%', '14.42%', '4.81%', '14.42%']	
2161		['S级泛用机体(含保底)', 'S级泛用机体(基础掉落)', 'B、A级泛用机体', '角色碎片', '紫色装备', '突破材料', '经验材料', '螺母箱']		['1.90%', '1.50%', '13.95%', '22.11%', '28.39%', '14.42%', '4.81%', '14.42%']	
7013		['S级支援单位(含保底)', 'S级支援单位(基础掉落)', 'A级支援单位', '支援单位经验材料', '支援单位突破材料', '支援技能元件', '支援单位碎片', '螺母箱']		['8.33%', '5.82%', '14.14%', '20.72%', '11.02%', '16.31%', '13.42%', '16.06%']	
7014		['S级支援单位(含保底)', 'S级支援单位(基础掉落)', 'A级支援单位', '支援单位经验材料', '支援单位突破材料', '支援技能元件', '支援单位碎片', '螺母箱']		['8.33%', '5.82%', '14.14%', '20.72%', '11.02%', '16.31%', '13.42%', '16.06%']	
343	[True, True]	['【6星】静谧人形之声', '【5星】彗星之锋', '【6星】暗寂闪光', '【6星】呼噜', '【5星】绝境破碎者', '【5星】阿尼姆斯', '紫色武器', '蓝色武器', '螺母箱', '突破材料']		['4.00%', '12.00%', '0.50%', '0.50%', '1.50%', '1.50%', '33.40%', '27.90%', '9.35%', '9.35%']	
1168		['S级泛用机体(含保底)', 'S级泛用机体(基础掉落)', 'B、A级泛用机体', '角色碎片', '紫色装备', '突破材料', '经验材料', '螺母箱']		['1.90%', '0.50%', '13.95%', '22.11%', '28.39%', '14.42%', '4.81%', '14.42%']	
1169		['S级泛用机体(含保底)', 'S级泛用机体(基础掉落)', 'B、A级泛用机体', '角色碎片', '紫色装备', '突破材料', '经验材料', '螺母箱']		['1.90%', '0.50%', '13.95%', '22.11%', '28.39%', '14.42%', '4.81%', '14.42%']	
1170		['S级泛用机体(含保底)', 'S级泛用机体(基础掉落)', 'B、A级泛用机体', '角色碎片', '紫色装备', '突破材料', '经验材料', '螺母箱']		['1.90%', '0.50%', '13.95%', '22.11%', '28.39%', '14.42%', '4.81%', '14.42%']	
1171		['S级泛用机体(含保底)', 'S级泛用机体(基础掉落)', 'B、A级泛用机体', '角色碎片', '紫色装备', '突破材料', '经验材料', '螺母箱']		['1.90%', '0.50%', '13.95%', '22.11%', '28.39%', '14.42%', '4.81%', '14.42%']	
1172		['S级泛用机体(含保底)', 'S级泛用机体(基础掉落)', 'B、A级泛用机体', '角色碎片', '紫色装备', '突破材料', '经验材料', '螺母箱']		['1.90%', '0.50%', '13.95%', '22.11%', '28.39%', '14.42%', '4.81%', '14.42%']	
1173		['S级泛用机体(含保底)', 'S级泛用机体(基础掉落)', 'B、A级泛用机体', '角色碎片', '紫色装备', '突破材料', '经验材料', '螺母箱']		['1.90%', '0.50%', '13.95%', '22.11%', '28.39%', '14.42%', '4.81%', '14.42%']	
1174		['S级泛用机体(含保底)', 'S级泛用机体(基础掉落)', 'B、A级泛用机体', '角色碎片', '紫色装备', '突破材料', '经验材料', '螺母箱']		['1.90%', '0.50%', '13.95%', '22.11%', '28.39%', '14.42%', '4.81%', '14.42%']	
1175		['S级泛用机体(含保底)', 'S级泛用机体(基础掉落)', 'B、A级泛用机体', '角色碎片', '紫色装备', '突破材料', '经验材料', '螺母箱']		['1.90%', '0.50%', '13.95%', '22.11%', '28.39%', '14.42%', '4.81%', '14.42%']	
1176		['S级泛用机体(含保底)', 'S级泛用机体(基础掉落)', 'B、A级泛用机体', '角色碎片', '紫色装备', '突破材料', '经验材料', '螺母箱']		['1.90%', '0.50%', '13.95%', '22.11%', '28.39%', '14.42%', '4.81%', '14.42%']	
2162		['S级泛用机体(含保底)', 'S级泛用机体(基础掉落)', 'B、A级泛用机体', '角色碎片', '紫色装备', '突破材料', '经验材料', '螺母箱']		['1.90%', '1.50%', '13.95%', '22.11%', '28.39%', '14.42%', '4.81%', '14.42%']	
2163		['S级泛用机体(含保底)', 'S级泛用机体(基础掉落)', 'B、A级泛用机体', '角色碎片', '紫色装备', '突破材料', '经验材料', '螺母箱']		['1.90%', '1.50%', '13.95%', '22.11%', '28.39%', '14.42%', '4.81%', '14.42%']	
2164		['S级泛用机体(含保底)', 'S级泛用机体(基础掉落)', 'B、A级泛用机体', '角色碎片', '紫色装备', '突破材料', '经验材料', '螺母箱']		['1.90%', '1.50%', '13.95%', '22.11%', '28.39%', '14.42%', '4.81%', '14.42%']	
2165		['S级泛用机体(含保底)', 'S级泛用机体(基础掉落)', 'B、A级泛用机体', '角色碎片', '紫色装备', '突破材料', '经验材料', '螺母箱']		['1.90%', '1.50%', '13.95%', '22.11%', '28.39%', '14.42%', '4.81%', '14.42%']	
2166		['S级泛用机体(含保底)', 'S级泛用机体(基础掉落)', 'B、A级泛用机体', '角色碎片', '紫色装备', '突破材料', '经验材料', '螺母箱']		['1.90%', '1.50%', '13.95%', '22.11%', '28.39%', '14.42%', '4.81%', '14.42%']	
2167		['S级泛用机体(含保底)', 'S级泛用机体(基础掉落)', 'B、A级泛用机体', '角色碎片', '紫色装备', '突破材料', '经验材料', '螺母箱']		['1.90%', '1.50%', '13.95%', '22.11%', '28.39%', '14.42%', '4.81%', '14.42%']	
2168		['S级泛用机体(含保底)', 'S级泛用机体(基础掉落)', 'B、A级泛用机体', '角色碎片', '紫色装备', '突破材料', '经验材料', '螺母箱']		['1.90%', '1.50%', '13.95%', '22.11%', '28.39%', '14.42%', '4.81%', '14.42%']	
2169		['S级泛用机体(含保底)', 'S级泛用机体(基础掉落)', 'B、A级泛用机体', '角色碎片', '紫色装备', '突破材料', '经验材料', '螺母箱']		['1.90%', '1.50%', '13.95%', '22.11%', '28.39%', '14.42%', '4.81%', '14.42%']	
2170		['S级泛用机体(含保底)', 'S级泛用机体(基础掉落)', 'B、A级泛用机体', '角色碎片', '紫色装备', '突破材料', '经验材料', '螺母箱']		['1.90%', '1.50%', '13.95%', '22.11%', '28.39%', '14.42%', '4.81%', '14.42%']	
3021		['S级泛用机体(含保底)', 'S级泛用机体(基础掉落)', 'B、A级泛用机体', '角色碎片', '紫色装备', '突破材料', '经验材料', '螺母箱']		['1.90%', '0.50%', '13.95%', '22.11%', '28.39%', '14.42%', '4.81%', '14.42%']	
3022		['S级泛用机体(含保底)', 'S级泛用机体(基础掉落)', 'B、A级泛用机体', '角色碎片', '紫色装备', '突破材料', '经验材料', '螺母箱']		['1.90%', '0.50%', '13.95%', '22.11%', '28.39%', '14.42%', '4.81%', '14.42%']	
344	[True, True]	['【6星】时隧之钥-斯托克斯', '【5星】核子熔断·δ', '【6星】赫斯提亚', '【6星】普罗米修斯', '【5星】双极星间', '【5星】高频粒子刀', '紫色武器', '蓝色武器', '螺母箱', '突破材料']		['4.00%', '12.00%', '0.50%', '0.50%', '1.50%', '1.50%', '33.40%', '27.90%', '9.35%', '9.35%']	
1177		['S级泛用机体(含保底)', 'S级泛用机体(基础掉落)', 'B、A级泛用机体', '角色碎片', '紫色装备', '突破材料', '经验材料', '螺母箱']		['1.90%', '0.50%', '13.95%', '22.11%', '28.39%', '14.42%', '4.81%', '14.42%']	
1178		['S级泛用机体(含保底)', 'S级泛用机体(基础掉落)', 'B、A级泛用机体', '角色碎片', '紫色装备', '突破材料', '经验材料', '螺母箱']		['1.90%', '0.50%', '13.95%', '22.11%', '28.39%', '14.42%', '4.81%', '14.42%']	
1179		['S级泛用机体(含保底)', 'S级泛用机体(基础掉落)', 'B、A级泛用机体', '角色碎片', '紫色装备', '突破材料', '经验材料', '螺母箱']		['1.90%', '0.50%', '13.95%', '22.11%', '28.39%', '14.42%', '4.81%', '14.42%']	
1180		['S级泛用机体(含保底)', 'S级泛用机体(基础掉落)', 'B、A级泛用机体', '角色碎片', '紫色装备', '突破材料', '经验材料', '螺母箱']		['1.90%', '0.50%', '13.95%', '22.11%', '28.39%', '14.42%', '4.81%', '14.42%']	
1181		['S级泛用机体(含保底)', 'S级泛用机体(基础掉落)', 'B、A级泛用机体', '角色碎片', '紫色装备', '突破材料', '经验材料', '螺母箱']		['1.90%', '0.50%', '13.95%', '22.11%', '28.39%', '14.42%', '4.81%', '14.42%']	
1182		['S级泛用机体(含保底)', 'S级泛用机体(基础掉落)', 'B、A级泛用机体', '角色碎片', '紫色装备', '突破材料', '经验材料', '螺母箱']		['1.90%', '0.50%', '13.95%', '22.11%', '28.39%', '14.42%', '4.81%', '14.42%']	
1183		['S级泛用机体(含保底)', 'S级泛用机体(基础掉落)', 'B、A级泛用机体', '角色碎片', '紫色装备', '突破材料', '经验材料', '螺母箱']		['1.90%', '0.50%', '13.95%', '22.11%', '28.39%', '14.42%', '4.81%', '14.42%']	
1184		['S级泛用机体(含保底)', 'S级泛用机体(基础掉落)', 'B、A级泛用机体', '角色碎片', '紫色装备', '突破材料', '经验材料', '螺母箱']		['1.90%', '0.50%', '13.95%', '22.11%', '28.39%', '14.42%', '4.81%', '14.42%']	
1185		['S级泛用机体(含保底)', 'S级泛用机体(基础掉落)', 'B、A级泛用机体', '角色碎片', '紫色装备', '突破材料', '经验材料', '螺母箱']		['1.90%', '0.50%', '13.95%', '22.11%', '28.39%', '14.42%', '4.81%', '14.42%']	
1186		['S级泛用机体(含保底)', 'S级泛用机体(基础掉落)', 'B、A级泛用机体', '角色碎片', '紫色装备', '突破材料', '经验材料', '螺母箱']		['1.90%', '0.50%', '13.95%', '22.11%', '28.39%', '14.42%', '4.81%', '14.42%']	
2171		['S级泛用机体(含保底)', 'S级泛用机体(基础掉落)', 'B、A级泛用机体', '角色碎片', '紫色装备', '突破材料', '经验材料', '螺母箱']		['1.90%', '1.50%', '13.95%', '22.11%', '28.39%', '14.42%', '4.81%', '14.42%']	
2172		['S级泛用机体(含保底)', 'S级泛用机体(基础掉落)', 'B、A级泛用机体', '角色碎片', '紫色装备', '突破材料', '经验材料', '螺母箱']		['1.90%', '1.50%', '13.95%', '22.11%', '28.39%', '14.42%', '4.81%', '14.42%']	
2173		['S级泛用机体(含保底)', 'S级泛用机体(基础掉落)', 'B、A级泛用机体', '角色碎片', '紫色装备', '突破材料', '经验材料', '螺母箱']		['1.90%', '1.50%', '13.95%', '22.11%', '28.39%', '14.42%', '4.81%', '14.42%']	
2174		['S级泛用机体(含保底)', 'S级泛用机体(基础掉落)', 'B、A级泛用机体', '角色碎片', '紫色装备', '突破材料', '经验材料', '螺母箱']		['1.90%', '1.50%', '13.95%', '22.11%', '28.39%', '14.42%', '4.81%', '14.42%']	
2175		['S级泛用机体(含保底)', 'S级泛用机体(基础掉落)', 'B、A级泛用机体', '角色碎片', '紫色装备', '突破材料', '经验材料', '螺母箱']		['1.90%', '1.50%', '13.95%', '22.11%', '28.39%', '14.42%', '4.81%', '14.42%']	
2176		['S级泛用机体(含保底)', 'S级泛用机体(基础掉落)', 'B、A级泛用机体', '角色碎片', '紫色装备', '突破材料', '经验材料', '螺母箱']		['1.90%', '1.50%', '13.95%', '22.11%', '28.39%', '14.42%', '4.81%', '14.42%']	
2177		['S级泛用机体(含保底)', 'S级泛用机体(基础掉落)', 'B、A级泛用机体', '角色碎片', '紫色装备', '突破材料', '经验材料', '螺母箱']		['1.90%', '1.50%', '13.95%', '22.11%', '28.39%', '14.42%', '4.81%', '14.42%']	
2178		['S级泛用机体(含保底)', 'S级泛用机体(基础掉落)', 'B、A级泛用机体', '角色碎片', '紫色装备', '突破材料', '经验材料', '螺母箱']		['1.90%', '1.50%', '13.95%', '22.11%', '28.39%', '14.42%', '4.81%', '14.42%']	
2179		['S级泛用机体(含保底)', 'S级泛用机体(基础掉落)', 'B、A级泛用机体', '角色碎片', '紫色装备', '突破材料', '经验材料', '螺母箱']		['1.90%', '1.50%', '13.95%', '22.11%', '28.39%', '14.42%', '4.81%', '14.42%']	
2180		['S级泛用机体(含保底)', 'S级泛用机体(基础掉落)', 'B、A级泛用机体', '角色碎片', '紫色装备', '突破材料', '经验材料', '螺母箱']		['1.90%', '1.50%', '13.95%', '22.11%', '28.39%', '14.42%', '4.81%', '14.42%']	
7015		['S级支援单位(含保底)', 'S级支援单位(基础掉落)', 'A级支援单位', '支援单位经验材料', '支援单位突破材料', '支援技能元件', '支援单位碎片', '螺母箱']		['8.33%', '5.82%', '14.14%', '20.72%', '11.02%', '16.31%', '13.42%', '16.06%']	
7016		['S级支援单位(含保底)', 'S级支援单位(基础掉落)', 'A级支援单位', '支援单位经验材料', '支援单位突破材料', '支援技能元件', '支援单位碎片', '螺母箱']		['8.33%', '5.82%', '14.14%', '20.72%', '11.02%', '16.31%', '13.42%', '16.06%']	
345	[True, True]	['【6星】星海漫游者', '【5星】二重虹光', '【6星】杜兰德尔', '【6星】静谧人形之声', '【5星】纷繁玫瑰', '【5星】彗星之锋', '紫色武器', '蓝色武器', '螺母箱', '突破材料']		['4.00%', '12.00%', '0.50%', '0.50%', '1.50%', '1.50%', '33.40%', '27.90%', '9.35%', '9.35%']	
1187		['S级泛用机体(含保底)', 'S级泛用机体(基础掉落)', 'B、A级泛用机体', '角色碎片', '紫色装备', '突破材料', '经验材料', '螺母箱']		['1.90%', '0.50%', '13.95%', '22.11%', '28.39%', '14.42%', '4.81%', '14.42%']	
1188		['S级泛用机体(含保底)', 'S级泛用机体(基础掉落)', 'B、A级泛用机体', '角色碎片', '紫色装备', '突破材料', '经验材料', '螺母箱']		['1.90%', '0.50%', '13.95%', '22.11%', '28.39%', '14.42%', '4.81%', '14.42%']	
1189		['S级泛用机体(含保底)', 'S级泛用机体(基础掉落)', 'B、A级泛用机体', '角色碎片', '紫色装备', '突破材料', '经验材料', '螺母箱']		['1.90%', '0.50%', '13.95%', '22.11%', '28.39%', '14.42%', '4.81%', '14.42%']	
1190		['S级泛用机体(含保底)', 'S级泛用机体(基础掉落)', 'B、A级泛用机体', '角色碎片', '紫色装备', '突破材料', '经验材料', '螺母箱']		['1.90%', '0.50%', '13.95%', '22.11%', '28.39%', '14.42%', '4.81%', '14.42%']	
1191		['S级泛用机体(含保底)', 'S级泛用机体(基础掉落)', 'B、A级泛用机体', '角色碎片', '紫色装备', '突破材料', '经验材料', '螺母箱']		['1.90%', '0.50%', '13.95%', '22.11%', '28.39%', '14.42%', '4.81%', '14.42%']	
1192		['S级泛用机体(含保底)', 'S级泛用机体(基础掉落)', 'B、A级泛用机体', '角色碎片', '紫色装备', '突破材料', '经验材料', '螺母箱']		['1.90%', '0.50%', '13.95%', '22.11%', '28.39%', '14.42%', '4.81%', '14.42%']	
1193		['S级泛用机体(含保底)', 'S级泛用机体(基础掉落)', 'B、A级泛用机体', '角色碎片', '紫色装备', '突破材料', '经验材料', '螺母箱']		['1.90%', '0.50%', '13.95%', '22.11%', '28.39%', '14.42%', '4.81%', '14.42%']	
2181		['S级泛用机体(含保底)', 'S级泛用机体(基础掉落)', 'B、A级泛用机体', '角色碎片', '紫色装备', '突破材料', '经验材料', '螺母箱']		['1.90%', '1.50%', '13.95%', '22.11%', '28.39%', '14.42%', '4.81%', '14.42%']	
2182		['S级泛用机体(含保底)', 'S级泛用机体(基础掉落)', 'B、A级泛用机体', '角色碎片', '紫色装备', '突破材料', '经验材料', '螺母箱']		['1.90%', '1.50%', '13.95%', '22.11%', '28.39%', '14.42%', '4.81%', '14.42%']	
2183		['S级泛用机体(含保底)', 'S级泛用机体(基础掉落)', 'B、A级泛用机体', '角色碎片', '紫色装备', '突破材料', '经验材料', '螺母箱']		['1.90%', '1.50%', '13.95%', '22.11%', '28.39%', '14.42%', '4.81%', '14.42%']	
2184		['S级泛用机体(含保底)', 'S级泛用机体(基础掉落)', 'B、A级泛用机体', '角色碎片', '紫色装备', '突破材料', '经验材料', '螺母箱']		['1.90%', '1.50%', '13.95%', '22.11%', '28.39%', '14.42%', '4.81%', '14.42%']	
2185		['S级泛用机体(含保底)', 'S级泛用机体(基础掉落)', 'B、A级泛用机体', '角色碎片', '紫色装备', '突破材料', '经验材料', '螺母箱']		['1.90%', '1.50%', '13.95%', '22.11%', '28.39%', '14.42%', '4.81%', '14.42%']	
2186		['S级泛用机体(含保底)', 'S级泛用机体(基础掉落)', 'B、A级泛用机体', '角色碎片', '紫色装备', '突破材料', '经验材料', '螺母箱']		['1.90%', '1.50%', '13.95%', '22.11%', '28.39%', '14.42%', '4.81%', '14.42%']	
2187		['S级泛用机体(含保底)', 'S级泛用机体(基础掉落)', 'B、A级泛用机体', '角色碎片', '紫色装备', '突破材料', '经验材料', '螺母箱']		['1.90%', '1.50%', '13.95%', '22.11%', '28.39%', '14.42%', '4.81%', '14.42%']	
5021		['S级泛用机体(含保底)', 'S级泛用机体(基础掉落)', 'B、A级泛用机体', '角色碎片', '紫色装备', '突破材料', '经验材料', '螺母箱']		['1.90%', '0.50%', '13.95%', '22.11%', '28.39%', '14.42%', '4.81%', '14.42%']	
5022		['S级泛用机体(含保底)', 'S级泛用机体(基础掉落)', 'B、A级泛用机体', '角色碎片', '紫色装备', '突破材料', '经验材料', '螺母箱']		['1.90%', '0.50%', '13.95%', '22.11%', '28.39%', '14.42%', '4.81%', '14.42%']	
5023		['S级泛用机体(含保底)', 'S级泛用机体(基础掉落)', 'B、A级泛用机体', '角色碎片', '紫色装备', '突破材料', '经验材料', '螺母箱']		['1.90%', '0.50%', '13.95%', '22.11%', '28.39%', '14.42%', '4.81%', '14.42%']	
5024		['S级泛用机体(含保底)', 'S级泛用机体(基础掉落)', 'B、A级泛用机体', '角色碎片', '紫色装备', '突破材料', '经验材料', '螺母箱']		['1.90%', '0.50%', '13.95%', '22.11%', '28.39%', '14.42%', '4.81%', '14.42%']	
5025		['S级泛用机体(含保底)', 'S级泛用机体(基础掉落)', 'B、A级泛用机体', '角色碎片', '紫色装备', '突破材料', '经验材料', '螺母箱']		['1.90%', '0.50%', '13.95%', '22.11%', '28.39%', '14.42%', '4.81%', '14.42%']	
5026		['S级泛用机体(含保底)', 'S级泛用机体(基础掉落)', 'B、A级泛用机体', '角色碎片', '紫色装备', '突破材料', '经验材料', '螺母箱']		['1.90%', '0.50%', '13.95%', '22.11%', '28.39%', '14.42%', '4.81%', '14.42%']	
5027		['S级泛用机体(含保底)', 'S级泛用机体(基础掉落)', 'B、A级泛用机体', '角色碎片', '紫色装备', '突破材料', '经验材料', '螺母箱']		['1.90%', '0.50%', '13.95%', '22.11%', '28.39%', '14.42%', '4.81%', '14.42%']	
5028		['S级泛用机体(含保底)', 'S级泛用机体(基础掉落)', 'B、A级泛用机体', '角色碎片', '紫色装备', '突破材料', '经验材料', '螺母箱']		['1.90%', '0.50%', '13.95%', '22.11%', '28.39%', '14.42%', '4.81%', '14.42%']	
5029		['S级泛用机体(含保底)', 'S级泛用机体(基础掉落)', 'B、A级泛用机体', '角色碎片', '紫色装备', '突破材料', '经验材料', '螺母箱']		['1.90%', '0.50%', '13.95%', '22.11%', '28.39%', '14.42%', '4.81%', '14.42%']	
5030		['S级泛用机体(含保底)', 'S级泛用机体(基础掉落)', 'B、A级泛用机体', '角色碎片', '紫色装备', '突破材料', '经验材料', '螺母箱']		['1.90%', '0.50%', '13.95%', '22.11%', '28.39%', '14.42%', '4.81%', '14.42%']	
5031		['S级泛用机体(含保底)', 'S级泛用机体(基础掉落)', 'B、A级泛用机体', '角色碎片', '紫色装备', '突破材料', '经验材料', '螺母箱']		['1.90%', '0.50%', '13.95%', '22.11%', '28.39%', '14.42%', '4.81%', '14.42%']	
5032		['S级泛用机体(含保底)', 'S级泛用机体(基础掉落)', 'B、A级泛用机体', '角色碎片', '紫色装备', '突破材料', '经验材料', '螺母箱']		['1.90%', '0.50%', '13.95%', '22.11%', '28.39%', '14.42%', '4.81%', '14.42%']	
5033		['S级泛用机体(含保底)', 'S级泛用机体(基础掉落)', 'B、A级泛用机体', '角色碎片', '紫色装备', '突破材料', '经验材料', '螺母箱']		['1.90%', '0.50%', '13.95%', '22.11%', '28.39%', '14.42%', '4.81%', '14.42%']	
5034		['S级泛用机体(含保底)', 'S级泛用机体(基础掉落)', 'B、A级泛用机体', '角色碎片', '紫色装备', '突破材料', '经验材料', '螺母箱']		['1.90%', '0.50%', '13.95%', '22.11%', '28.39%', '14.42%', '4.81%', '14.42%']	
5035		['S级泛用机体(含保底)', 'S级泛用机体(基础掉落)', 'B、A级泛用机体', '角色碎片', '紫色装备', '突破材料', '经验材料', '螺母箱']		['1.90%', '0.50%', '13.95%', '22.11%', '28.39%', '14.42%', '4.81%', '14.42%']	
5036		['S级泛用机体(含保底)', 'S级泛用机体(基础掉落)', 'B、A级泛用机体', '角色碎片', '紫色装备', '突破材料', '经验材料', '螺母箱']		['1.90%', '0.50%', '13.95%', '22.11%', '28.39%', '14.42%', '4.81%', '14.42%']	
5037		['S级泛用机体(含保底)', 'S级泛用机体(基础掉落)', 'B、A级泛用机体', '角色碎片', '紫色装备', '突破材料', '经验材料', '螺母箱']		['1.90%', '0.50%', '13.95%', '22.11%', '28.39%', '14.42%', '4.81%', '14.42%']	
6021		['S级泛用机体(含保底)', 'S级泛用机体(基础掉落)', 'B、A级泛用机体', '角色碎片', '紫色装备', '突破材料', '经验材料', '螺母箱']		['1.90%', '1.50%', '13.95%', '22.11%', '28.39%', '14.42%', '4.81%', '14.42%']	
6022		['S级泛用机体(含保底)', 'S级泛用机体(基础掉落)', 'B、A级泛用机体', '角色碎片', '紫色装备', '突破材料', '经验材料', '螺母箱']		['1.90%', '1.50%', '13.95%', '22.11%', '28.39%', '14.42%', '4.81%', '14.42%']	
6023		['S级泛用机体(含保底)', 'S级泛用机体(基础掉落)', 'B、A级泛用机体', '角色碎片', '紫色装备', '突破材料', '经验材料', '螺母箱']		['1.90%', '1.50%', '13.95%', '22.11%', '28.39%', '14.42%', '4.81%', '14.42%']	
6024		['S级泛用机体(含保底)', 'S级泛用机体(基础掉落)', 'B、A级泛用机体', '角色碎片', '紫色装备', '突破材料', '经验材料', '螺母箱']		['1.90%', '1.50%', '13.95%', '22.11%', '28.39%', '14.42%', '4.81%', '14.42%']	
6025		['S级泛用机体(含保底)', 'S级泛用机体(基础掉落)', 'B、A级泛用机体', '角色碎片', '紫色装备', '突破材料', '经验材料', '螺母箱']		['1.90%', '1.50%', '13.95%', '22.11%', '28.39%', '14.42%', '4.81%', '14.42%']	
6026		['S级泛用机体(含保底)', 'S级泛用机体(基础掉落)', 'B、A级泛用机体', '角色碎片', '紫色装备', '突破材料', '经验材料', '螺母箱']		['1.90%', '1.50%', '13.95%', '22.11%', '28.39%', '14.42%', '4.81%', '14.42%']	
6027		['S级泛用机体(含保底)', 'S级泛用机体(基础掉落)', 'B、A级泛用机体', '角色碎片', '紫色装备', '突破材料', '经验材料', '螺母箱']		['1.90%', '1.50%', '13.95%', '22.11%', '28.39%', '14.42%', '4.81%', '14.42%']	
6028		['S级泛用机体(含保底)', 'S级泛用机体(基础掉落)', 'B、A级泛用机体', '角色碎片', '紫色装备', '突破材料', '经验材料', '螺母箱']		['1.90%', '1.50%', '13.95%', '22.11%', '28.39%', '14.42%', '4.81%', '14.42%']	
6029		['S级泛用机体(含保底)', 'S级泛用机体(基础掉落)', 'B、A级泛用机体', '角色碎片', '紫色装备', '突破材料', '经验材料', '螺母箱']		['1.90%', '1.50%', '13.95%', '22.11%', '28.39%', '14.42%', '4.81%', '14.42%']	
6030		['S级泛用机体(含保底)', 'S级泛用机体(基础掉落)', 'B、A级泛用机体', '角色碎片', '紫色装备', '突破材料', '经验材料', '螺母箱']		['1.90%', '1.50%', '13.95%', '22.11%', '28.39%', '14.42%', '4.81%', '14.42%']	
6031		['S级泛用机体(含保底)', 'S级泛用机体(基础掉落)', 'B、A级泛用机体', '角色碎片', '紫色装备', '突破材料', '经验材料', '螺母箱']		['1.90%', '1.50%', '13.95%', '22.11%', '28.39%', '14.42%', '4.81%', '14.42%']	
6032		['S级泛用机体(含保底)', 'S级泛用机体(基础掉落)', 'B、A级泛用机体', '角色碎片', '紫色装备', '突破材料', '经验材料', '螺母箱']		['1.90%', '1.50%', '13.95%', '22.11%', '28.39%', '14.42%', '4.81%', '14.42%']	
6033		['S级泛用机体(含保底)', 'S级泛用机体(基础掉落)', 'B、A级泛用机体', '角色碎片', '紫色装备', '突破材料', '经验材料', '螺母箱']		['1.90%', '1.50%', '13.95%', '22.11%', '28.39%', '14.42%', '4.81%', '14.42%']	
6034		['S级泛用机体(含保底)', 'S级泛用机体(基础掉落)', 'B、A级泛用机体', '角色碎片', '紫色装备', '突破材料', '经验材料', '螺母箱']		['1.90%', '1.50%', '13.95%', '22.11%', '28.39%', '14.42%', '4.81%', '14.42%']	
6035		['S级泛用机体(含保底)', 'S级泛用机体(基础掉落)', 'B、A级泛用机体', '角色碎片', '紫色装备', '突破材料', '经验材料', '螺母箱']		['1.90%', '1.50%', '13.95%', '22.11%', '28.39%', '14.42%', '4.81%', '14.42%']	
6036		['S级泛用机体(含保底)', 'S级泛用机体(基础掉落)', 'B、A级泛用机体', '角色碎片', '紫色装备', '突破材料', '经验材料', '螺母箱']		['1.90%', '1.50%', '13.95%', '22.11%', '28.39%', '14.42%', '4.81%', '14.42%']	
6037		['S级泛用机体(含保底)', 'S级泛用机体(基础掉落)', 'B、A级泛用机体', '角色碎片', '紫色装备', '突破材料', '经验材料', '螺母箱']		['1.90%', '1.50%', '13.95%', '22.11%', '28.39%', '14.42%', '4.81%', '14.42%']	
7017		['S级支援单位(含保底)', 'S级支援单位(基础掉落)', 'A级支援单位', '支援单位经验材料', '支援单位突破材料', '支援技能元件', '支援单位碎片', '螺母箱']		['8.33%', '5.82%', '14.14%', '20.72%', '11.02%', '16.31%', '13.42%', '16.06%']	
7018		['S级支援单位(含保底)', 'S级支援单位(基础掉落)', 'A级支援单位', '支援单位经验材料', '支援单位突破材料', '支援技能元件', '支援单位碎片', '螺母箱']		['8.33%', '5.82%', '14.14%', '20.72%', '11.02%', '16.31%', '13.42%', '16.06%']	
1194		['S级泛用机体(含保底)', 'S级泛用机体(基础掉落)', 'B、A级泛用机体', '角色碎片', '紫色装备', '突破材料', '经验材料', '螺母箱']		['1.90%', '0.50%', '13.95%', '22.11%', '28.39%', '14.42%', '4.81%', '14.42%']	
1195		['S级泛用机体(含保底)', 'S级泛用机体(基础掉落)', 'B、A级泛用机体', '角色碎片', '紫色装备', '突破材料', '经验材料', '螺母箱']		['1.90%', '0.50%', '13.95%', '22.11%', '28.39%', '14.42%', '4.81%', '14.42%']	
1196		['S级泛用机体(含保底)', 'S级泛用机体(基础掉落)', 'B、A级泛用机体', '角色碎片', '紫色装备', '突破材料', '经验材料', '螺母箱']		['1.90%', '0.50%', '13.95%', '22.11%', '28.39%', '14.42%', '4.81%', '14.42%']	
2188		['S级泛用机体(含保底)', 'S级泛用机体(基础掉落)', 'B、A级泛用机体', '角色碎片', '紫色装备', '突破材料', '经验材料', '螺母箱']		['1.90%', '1.50%', '13.95%', '22.11%', '28.39%', '14.42%', '4.81%', '14.42%']	
2189		['S级泛用机体(含保底)', 'S级泛用机体(基础掉落)', 'B、A级泛用机体', '角色碎片', '紫色装备', '突破材料', '经验材料', '螺母箱']		['1.90%', '1.50%', '13.95%', '22.11%', '28.39%', '14.42%', '4.81%', '14.42%']	
2190		['S级泛用机体(含保底)', 'S级泛用机体(基础掉落)', 'B、A级泛用机体', '角色碎片', '紫色装备', '突破材料', '经验材料', '螺母箱']		['1.90%', '1.50%', '13.95%', '22.11%', '28.39%', '14.42%', '4.81%', '14.42%']	
346	[True, True]	['【6星】夜煌', '【5星】绯霆', '【6星】天平', '【6星】聚爆', '【5星】FA2D-AP', '【5星】红移', '紫色武器', '蓝色武器', '螺母箱', '突破材料']		['4.00%', '12.00%', '0.50%', '0.50%', '1.50%', '1.50%', '33.40%', '27.90%', '9.35%', '9.35%']	
1197		['S级泛用机体(含保底)', 'S级泛用机体(基础掉落)', 'B、A级泛用机体', '角色碎片', '紫色装备', '突破材料', '经验材料', '螺母箱']		['1.90%', '0.50%', '13.95%', '22.11%', '28.39%', '14.42%', '4.81%', '14.42%']	
1198		['S级泛用机体(含保底)', 'S级泛用机体(基础掉落)', 'B、A级泛用机体', '角色碎片', '紫色装备', '突破材料', '经验材料', '螺母箱']		['1.90%', '0.50%', '13.95%', '22.11%', '28.39%', '14.42%', '4.81%', '14.42%']	
1199		['S级泛用机体(含保底)', 'S级泛用机体(基础掉落)', 'B、A级泛用机体', '角色碎片', '紫色装备', '突破材料', '经验材料', '螺母箱']		['1.90%', '0.50%', '13.95%', '22.11%', '28.39%', '14.42%', '4.81%', '14.42%']	
1200		['S级泛用机体(含保底)', 'S级泛用机体(基础掉落)', 'B、A级泛用机体', '角色碎片', '紫色装备', '突破材料', '经验材料', '螺母箱']		['1.90%', '0.50%', '13.95%', '22.11%', '28.39%', '14.42%', '4.81%', '14.42%']	
1201		['S级泛用机体(含保底)', 'S级泛用机体(基础掉落)', 'B、A级泛用机体', '角色碎片', '紫色装备', '突破材料', '经验材料', '螺母箱']		['1.90%', '0.50%', '13.95%', '22.11%', '28.39%', '14.42%', '4.81%', '14.42%']	
1202		['S级泛用机体(含保底)', 'S级泛用机体(基础掉落)', 'B、A级泛用机体', '角色碎片', '紫色装备', '突破材料', '经验材料', '螺母箱']		['1.90%', '0.50%', '13.95%', '22.11%', '28.39%', '14.42%', '4.81%', '14.42%']	
1203		['S级泛用机体(含保底)', 'S级泛用机体(基础掉落)', 'B、A级泛用机体', '角色碎片', '紫色装备', '突破材料', '经验材料', '螺母箱']		['1.90%', '0.50%', '13.95%', '22.11%', '28.39%', '14.42%', '4.81%', '14.42%']	
1204		['S级泛用机体(含保底)', 'S级泛用机体(基础掉落)', 'B、A级泛用机体', '角色碎片', '紫色装备', '突破材料', '经验材料', '螺母箱']		['1.90%', '0.50%', '13.95%', '22.11%', '28.39%', '14.42%', '4.81%', '14.42%']	
1205		['S级泛用机体(含保底)', 'S级泛用机体(基础掉落)', 'B、A级泛用机体', '角色碎片', '紫色装备', '突破材料', '经验材料', '螺母箱']		['1.90%', '0.50%', '13.95%', '22.11%', '28.39%', '14.42%', '4.81%', '14.42%']	
1206		['S级泛用机体(含保底)', 'S级泛用机体(基础掉落)', 'B、A级泛用机体', '角色碎片', '紫色装备', '突破材料', '经验材料', '螺母箱']		['1.90%', '0.50%', '13.95%', '22.11%', '28.39%', '14.42%', '4.81%', '14.42%']	
2191		['S级泛用机体(含保底)', 'S级泛用机体(基础掉落)', 'B、A级泛用机体', '角色碎片', '紫色装备', '突破材料', '经验材料', '螺母箱']		['1.90%', '1.50%', '13.95%', '22.11%', '28.39%', '14.42%', '4.81%', '14.42%']	
2192		['S级泛用机体(含保底)', 'S级泛用机体(基础掉落)', 'B、A级泛用机体', '角色碎片', '紫色装备', '突破材料', '经验材料', '螺母箱']		['1.90%', '1.50%', '13.95%', '22.11%', '28.39%', '14.42%', '4.81%', '14.42%']	
2193		['S级泛用机体(含保底)', 'S级泛用机体(基础掉落)', 'B、A级泛用机体', '角色碎片', '紫色装备', '突破材料', '经验材料', '螺母箱']		['1.90%', '1.50%', '13.95%', '22.11%', '28.39%', '14.42%', '4.81%', '14.42%']	
2194		['S级泛用机体(含保底)', 'S级泛用机体(基础掉落)', 'B、A级泛用机体', '角色碎片', '紫色装备', '突破材料', '经验材料', '螺母箱']		['1.90%', '1.50%', '13.95%', '22.11%', '28.39%', '14.42%', '4.81%', '14.42%']	
2195		['S级泛用机体(含保底)', 'S级泛用机体(基础掉落)', 'B、A级泛用机体', '角色碎片', '紫色装备', '突破材料', '经验材料', '螺母箱']		['1.90%', '1.50%', '13.95%', '22.11%', '28.39%', '14.42%', '4.81%', '14.42%']	
2196		['S级泛用机体(含保底)', 'S级泛用机体(基础掉落)', 'B、A级泛用机体', '角色碎片', '紫色装备', '突破材料', '经验材料', '螺母箱']		['1.90%', '1.50%', '13.95%', '22.11%', '28.39%', '14.42%', '4.81%', '14.42%']	
2197		['S级泛用机体(含保底)', 'S级泛用机体(基础掉落)', 'B、A级泛用机体', '角色碎片', '紫色装备', '突破材料', '经验材料', '螺母箱']		['1.90%', '1.50%', '13.95%', '22.11%', '28.39%', '14.42%', '4.81%', '14.42%']	
2198		['S级泛用机体(含保底)', 'S级泛用机体(基础掉落)', 'B、A级泛用机体', '角色碎片', '紫色装备', '突破材料', '经验材料', '螺母箱']		['1.90%', '1.50%', '13.95%', '22.11%', '28.39%', '14.42%', '4.81%', '14.42%']	
2199		['S级泛用机体(含保底)', 'S级泛用机体(基础掉落)', 'B、A级泛用机体', '角色碎片', '紫色装备', '突破材料', '经验材料', '螺母箱']		['1.90%', '1.50%', '13.95%', '22.11%', '28.39%', '14.42%', '4.81%', '14.42%']	
2200		['S级泛用机体(含保底)', 'S级泛用机体(基础掉落)', 'B、A级泛用机体', '角色碎片', '紫色装备', '突破材料', '经验材料', '螺母箱']		['1.90%', '1.50%', '13.95%', '22.11%', '28.39%', '14.42%', '4.81%', '14.42%']	
7019		['S级支援单位(含保底)', 'S级支援单位(基础掉落)', 'A级支援单位', '支援单位经验材料', '支援单位突破材料', '支援技能元件', '支援单位碎片', '螺母箱']		['8.33%', '5.82%', '14.14%', '20.72%', '11.02%', '16.31%', '13.42%', '16.06%']	
7020		['S级支援单位(含保底)', 'S级支援单位(基础掉落)', 'A级支援单位', '支援单位经验材料', '支援单位突破材料', '支援技能元件', '支援单位碎片', '螺母箱']		['8.33%', '5.82%', '14.14%', '20.72%', '11.02%', '16.31%', '13.42%', '16.06%']	
347	[True, True]	['【6星】今古', '【5星】风回', '【6星】赫卡忒', '【6星】普罗米修斯', '【5星】极夜', '【5星】高频粒子刀', '紫色武器', '蓝色武器', '螺母箱', '突破材料']		['4.00%', '12.00%', '0.50%', '0.50%', '1.50%', '1.50%', '33.40%', '27.90%', '9.35%', '9.35%']	
1207		['S级泛用机体(含保底)', 'S级泛用机体(基础掉落)', 'B、A级泛用机体', '角色碎片', '紫色装备', '突破材料', '经验材料', '螺母箱']		['1.90%', '0.50%', '13.95%', '22.11%', '28.39%', '14.42%', '4.81%', '14.42%']	
1208		['S级泛用机体(含保底)', 'S级泛用机体(基础掉落)', 'B、A级泛用机体', '角色碎片', '紫色装备', '突破材料', '经验材料', '螺母箱']		['1.90%', '0.50%', '13.95%', '22.11%', '28.39%', '14.42%', '4.81%', '14.42%']	
1209		['S级泛用机体(含保底)', 'S级泛用机体(基础掉落)', 'B、A级泛用机体', '角色碎片', '紫色装备', '突破材料', '经验材料', '螺母箱']		['1.90%', '0.50%', '13.95%', '22.11%', '28.39%', '14.42%', '4.81%', '14.42%']	
1210		['S级泛用机体(含保底)', 'S级泛用机体(基础掉落)', 'B、A级泛用机体', '角色碎片', '紫色装备', '突破材料', '经验材料', '螺母箱']		['1.90%', '0.50%', '13.95%', '22.11%', '28.39%', '14.42%', '4.81%', '14.42%']	
1211		['S级泛用机体(含保底)', 'S级泛用机体(基础掉落)', 'B、A级泛用机体', '角色碎片', '紫色装备', '突破材料', '经验材料', '螺母箱']		['1.90%', '0.50%', '13.95%', '22.11%', '28.39%', '14.42%', '4.81%', '14.42%']	
1212		['S级泛用机体(含保底)', 'S级泛用机体(基础掉落)', 'B、A级泛用机体', '角色碎片', '紫色装备', '突破材料', '经验材料', '螺母箱']		['1.90%', '0.50%', '13.95%', '22.11%', '28.39%', '14.42%', '4.81%', '14.42%']	
1213		['S级泛用机体(含保底)', 'S级泛用机体(基础掉落)', 'B、A级泛用机体', '角色碎片', '紫色装备', '突破材料', '经验材料', '螺母箱']		['1.90%', '0.50%', '13.95%', '22.11%', '28.39%', '14.42%', '4.81%', '14.42%']	
1214		['S级泛用机体(含保底)', 'S级泛用机体(基础掉落)', 'B、A级泛用机体', '角色碎片', '紫色装备', '突破材料', '经验材料', '螺母箱']		['1.90%', '0.50%', '13.95%', '22.11%', '28.39%', '14.42%', '4.81%', '14.42%']	
1215		['S级泛用机体(含保底)', 'S级泛用机体(基础掉落)', 'B、A级泛用机体', '角色碎片', '紫色装备', '突破材料', '经验材料', '螺母箱']		['1.90%', '0.50%', '13.95%', '22.11%', '28.39%', '14.42%', '4.81%', '14.42%']	
2201		['S级泛用机体(含保底)', 'S级泛用机体(基础掉落)', 'B、A级泛用机体', '角色碎片', '紫色装备', '突破材料', '经验材料', '螺母箱']		['1.90%', '1.50%', '13.95%', '22.11%', '28.39%', '14.42%', '4.81%', '14.42%']	
2202		['S级泛用机体(含保底)', 'S级泛用机体(基础掉落)', 'B、A级泛用机体', '角色碎片', '紫色装备', '突破材料', '经验材料', '螺母箱']		['1.90%', '1.50%', '13.95%', '22.11%', '28.39%', '14.42%', '4.81%', '14.42%']	
2203		['S级泛用机体(含保底)', 'S级泛用机体(基础掉落)', 'B、A级泛用机体', '角色碎片', '紫色装备', '突破材料', '经验材料', '螺母箱']		['1.90%', '1.50%', '13.95%', '22.11%', '28.39%', '14.42%', '4.81%', '14.42%']	
2204		['S级泛用机体(含保底)', 'S级泛用机体(基础掉落)', 'B、A级泛用机体', '角色碎片', '紫色装备', '突破材料', '经验材料', '螺母箱']		['1.90%', '1.50%', '13.95%', '22.11%', '28.39%', '14.42%', '4.81%', '14.42%']	
2205		['S级泛用机体(含保底)', 'S级泛用机体(基础掉落)', 'B、A级泛用机体', '角色碎片', '紫色装备', '突破材料', '经验材料', '螺母箱']		['1.90%', '1.50%', '13.95%', '22.11%', '28.39%', '14.42%', '4.81%', '14.42%']	
2206		['S级泛用机体(含保底)', 'S级泛用机体(基础掉落)', 'B、A级泛用机体', '角色碎片', '紫色装备', '突破材料', '经验材料', '螺母箱']		['1.90%', '1.50%', '13.95%', '22.11%', '28.39%', '14.42%', '4.81%', '14.42%']	
2207		['S级泛用机体(含保底)', 'S级泛用机体(基础掉落)', 'B、A级泛用机体', '角色碎片', '紫色装备', '突破材料', '经验材料', '螺母箱']		['1.90%', '1.50%', '13.95%', '22.11%', '28.39%', '14.42%', '4.81%', '14.42%']	
2208		['S级泛用机体(含保底)', 'S级泛用机体(基础掉落)', 'B、A级泛用机体', '角色碎片', '紫色装备', '突破材料', '经验材料', '螺母箱']		['1.90%', '1.50%', '13.95%', '22.11%', '28.39%', '14.42%', '4.81%', '14.42%']	
2209		['S级泛用机体(含保底)', 'S级泛用机体(基础掉落)', 'B、A级泛用机体', '角色碎片', '紫色装备', '突破材料', '经验材料', '螺母箱']		['1.90%', '1.50%', '13.95%', '22.11%', '28.39%', '14.42%', '4.81%', '14.42%']	
3023		['S级泛用机体(含保底)', 'S级泛用机体(基础掉落)', 'B、A级泛用机体', '角色碎片', '紫色装备', '突破材料', '经验材料', '螺母箱']		['1.90%', '0.50%', '13.95%', '22.11%', '28.39%', '14.42%', '4.81%', '14.42%']	
3024		['S级泛用机体(含保底)', 'S级泛用机体(基础掉落)', 'B、A级泛用机体', '角色碎片', '紫色装备', '突破材料', '经验材料', '螺母箱']		['1.90%', '0.50%', '13.95%', '22.11%', '28.39%', '14.42%', '4.81%', '14.42%']	
348	[True, True]	['【6星】玛纳加尔姆', '【5星】三重奏', '【6星】无隅', '【6星】时隧之钥-斯托克斯', '【5星】霜尺', '【5星】核子熔断·δ', '紫色武器', '蓝色武器', '螺母箱', '突破材料']		['4.00%', '12.00%', '0.50%', '0.50%', '1.50%', '1.50%', '33.40%', '27.90%', '9.35%', '9.35%']	
1216		['S级泛用机体(含保底)', 'S级泛用机体(基础掉落)', 'B、A级泛用机体', '角色碎片', '紫色装备', '突破材料', '经验材料', '螺母箱']		['1.90%', '0.50%', '13.95%', '22.11%', '28.39%', '14.42%', '4.81%', '14.42%']	
1217		['S级泛用机体(含保底)', 'S级泛用机体(基础掉落)', 'B、A级泛用机体', '角色碎片', '紫色装备', '突破材料', '经验材料', '螺母箱']		['1.90%', '0.50%', '13.95%', '22.11%', '28.39%', '14.42%', '4.81%', '14.42%']	
1218		['S级泛用机体(含保底)', 'S级泛用机体(基础掉落)', 'B、A级泛用机体', '角色碎片', '紫色装备', '突破材料', '经验材料', '螺母箱']		['1.90%', '0.50%', '13.95%', '22.11%', '28.39%', '14.42%', '4.81%', '14.42%']	
1219		['S级泛用机体(含保底)', 'S级泛用机体(基础掉落)', 'B、A级泛用机体', '角色碎片', '紫色装备', '突破材料', '经验材料', '螺母箱']		['1.90%', '0.50%', '13.95%', '22.11%', '28.39%', '14.42%', '4.81%', '14.42%']	
1220		['S级泛用机体(含保底)', 'S级泛用机体(基础掉落)', 'B、A级泛用机体', '角色碎片', '紫色装备', '突破材料', '经验材料', '螺母箱']		['1.90%', '0.50%', '13.95%', '22.11%', '28.39%', '14.42%', '4.81%', '14.42%']	
1221		['S级泛用机体(含保底)', 'S级泛用机体(基础掉落)', 'B、A级泛用机体', '角色碎片', '紫色装备', '突破材料', '经验材料', '螺母箱']		['1.90%', '0.50%', '13.95%', '22.11%', '28.39%', '14.42%', '4.81%', '14.42%']	
1222		['S级泛用机体(含保底)', 'S级泛用机体(基础掉落)', 'B、A级泛用机体', '角色碎片', '紫色装备', '突破材料', '经验材料', '螺母箱']		['1.90%', '0.50%', '13.95%', '22.11%', '28.39%', '14.42%', '4.81%', '14.42%']	
1223		['S级泛用机体(含保底)', 'S级泛用机体(基础掉落)', 'B、A级泛用机体', '角色碎片', '紫色装备', '突破材料', '经验材料', '螺母箱']		['1.90%', '0.50%', '13.95%', '22.11%', '28.39%', '14.42%', '4.81%', '14.42%']	
1224		['S级泛用机体(含保底)', 'S级泛用机体(基础掉落)', 'B、A级泛用机体', '角色碎片', '紫色装备', '突破材料', '经验材料', '螺母箱']		['1.90%', '0.50%', '13.95%', '22.11%', '28.39%', '14.42%', '4.81%', '14.42%']	
1225		['S级泛用机体(含保底)', 'S级泛用机体(基础掉落)', 'B、A级泛用机体', '角色碎片', '紫色装备', '突破材料', '经验材料', '螺母箱']		['1.90%', '0.50%', '13.95%', '22.11%', '28.39%', '14.42%', '4.81%', '14.42%']	
2210		['S级泛用机体(含保底)', 'S级泛用机体(基础掉落)', 'B、A级泛用机体', '角色碎片', '紫色装备', '突破材料', '经验材料', '螺母箱']		['1.90%', '1.50%', '13.95%', '22.11%', '28.39%', '14.42%', '4.81%', '14.42%']	
2211		['S级泛用机体(含保底)', 'S级泛用机体(基础掉落)', 'B、A级泛用机体', '角色碎片', '紫色装备', '突破材料', '经验材料', '螺母箱']		['1.90%', '1.50%', '13.95%', '22.11%', '28.39%', '14.42%', '4.81%', '14.42%']	
2212		['S级泛用机体(含保底)', 'S级泛用机体(基础掉落)', 'B、A级泛用机体', '角色碎片', '紫色装备', '突破材料', '经验材料', '螺母箱']		['1.90%', '1.50%', '13.95%', '22.11%', '28.39%', '14.42%', '4.81%', '14.42%']	
2213		['S级泛用机体(含保底)', 'S级泛用机体(基础掉落)', 'B、A级泛用机体', '角色碎片', '紫色装备', '突破材料', '经验材料', '螺母箱']		['1.90%', '1.50%', '13.95%', '22.11%', '28.39%', '14.42%', '4.81%', '14.42%']	
2214		['S级泛用机体(含保底)', 'S级泛用机体(基础掉落)', 'B、A级泛用机体', '角色碎片', '紫色装备', '突破材料', '经验材料', '螺母箱']		['1.90%', '1.50%', '13.95%', '22.11%', '28.39%', '14.42%', '4.81%', '14.42%']	
2215		['S级泛用机体(含保底)', 'S级泛用机体(基础掉落)', 'B、A级泛用机体', '角色碎片', '紫色装备', '突破材料', '经验材料', '螺母箱']		['1.90%', '1.50%', '13.95%', '22.11%', '28.39%', '14.42%', '4.81%', '14.42%']	
2216		['S级泛用机体(含保底)', 'S级泛用机体(基础掉落)', 'B、A级泛用机体', '角色碎片', '紫色装备', '突破材料', '经验材料', '螺母箱']		['1.90%', '1.50%', '13.95%', '22.11%', '28.39%', '14.42%', '4.81%', '14.42%']	
2217		['S级泛用机体(含保底)', 'S级泛用机体(基础掉落)', 'B、A级泛用机体', '角色碎片', '紫色装备', '突破材料', '经验材料', '螺母箱']		['1.90%', '1.50%', '13.95%', '22.11%', '28.39%', '14.42%', '4.81%', '14.42%']	
2218		['S级泛用机体(含保底)', 'S级泛用机体(基础掉落)', 'B、A级泛用机体', '角色碎片', '紫色装备', '突破材料', '经验材料', '螺母箱']		['1.90%', '1.50%', '13.95%', '22.11%', '28.39%', '14.42%', '4.81%', '14.42%']	
2219		['S级泛用机体(含保底)', 'S级泛用机体(基础掉落)', 'B、A级泛用机体', '角色碎片', '紫色装备', '突破材料', '经验材料', '螺母箱']		['1.90%', '1.50%', '13.95%', '22.11%', '28.39%', '14.42%', '4.81%', '14.42%']	
7021		['S级支援单位(含保底)', 'S级支援单位(基础掉落)', 'A级支援单位', '支援单位经验材料', '支援单位突破材料', '支援技能元件', '支援单位碎片', '螺母箱']		['8.33%', '5.82%', '14.14%', '20.72%', '11.02%', '16.31%', '13.42%', '16.06%']	
7022		['S级支援单位(含保底)', 'S级支援单位(基础掉落)', 'A级支援单位', '支援单位经验材料', '支援单位突破材料', '支援技能元件', '支援单位碎片', '螺母箱']		['8.33%', '5.82%', '14.14%', '20.72%', '11.02%', '16.31%', '13.42%', '16.06%']	
349	[True, True]	['【6星】赤红咆哮', '【5星】FPT-II改', '【6星】星海漫游者', '【6星】暗寂闪光', '【5星】二重虹光', '【5星】绝境破碎者', '紫色武器', '蓝色武器', '螺母箱', '突破材料']		['4.00%', '12.00%', '0.50%', '0.50%', '1.50%', '1.50%', '33.40%', '27.90%', '9.35%', '9.35%']	
1226		['S级泛用机体(含保底)', 'S级泛用机体(基础掉落)', 'B、A级泛用机体', '角色碎片', '紫色装备', '突破材料', '经验材料', '螺母箱']		['1.90%', '0.50%', '13.95%', '22.11%', '28.39%', '14.42%', '4.81%', '14.42%']	
1227		['S级泛用机体(含保底)', 'S级泛用机体(基础掉落)', 'B、A级泛用机体', '角色碎片', '紫色装备', '突破材料', '经验材料', '螺母箱']		['1.90%', '0.50%', '13.95%', '22.11%', '28.39%', '14.42%', '4.81%', '14.42%']	
1228		['S级泛用机体(含保底)', 'S级泛用机体(基础掉落)', 'B、A级泛用机体', '角色碎片', '紫色装备', '突破材料', '经验材料', '螺母箱']		['1.90%', '0.50%', '13.95%', '22.11%', '28.39%', '14.42%', '4.81%', '14.42%']	
1229		['S级泛用机体(含保底)', 'S级泛用机体(基础掉落)', 'B、A级泛用机体', '角色碎片', '紫色装备', '突破材料', '经验材料', '螺母箱']		['1.90%', '0.50%', '13.95%', '22.11%', '28.39%', '14.42%', '4.81%', '14.42%']	
1230		['S级泛用机体(含保底)', 'S级泛用机体(基础掉落)', 'B、A级泛用机体', '角色碎片', '紫色装备', '突破材料', '经验材料', '螺母箱']		['1.90%', '0.50%', '13.95%', '22.11%', '28.39%', '14.42%', '4.81%', '14.42%']	
1231		['S级泛用机体(含保底)', 'S级泛用机体(基础掉落)', 'B、A级泛用机体', '角色碎片', '紫色装备', '突破材料', '经验材料', '螺母箱']		['1.90%', '0.50%', '13.95%', '22.11%', '28.39%', '14.42%', '4.81%', '14.42%']	
1232		['S级泛用机体(含保底)', 'S级泛用机体(基础掉落)', 'B、A级泛用机体', '角色碎片', '紫色装备', '突破材料', '经验材料', '螺母箱']		['1.90%', '0.50%', '13.95%', '22.11%', '28.39%', '14.42%', '4.81%', '14.42%']	
1233		['S级泛用机体(含保底)', 'S级泛用机体(基础掉落)', 'B、A级泛用机体', '角色碎片', '紫色装备', '突破材料', '经验材料', '螺母箱']		['1.90%', '0.50%', '13.95%', '22.11%', '28.39%', '14.42%', '4.81%', '14.42%']	
1234		['S级泛用机体(含保底)', 'S级泛用机体(基础掉落)', 'B、A级泛用机体', '角色碎片', '紫色装备', '突破材料', '经验材料', '螺母箱']		['1.90%', '0.50%', '13.95%', '22.11%', '28.39%', '14.42%', '4.81%', '14.42%']	
2220		['S级泛用机体(含保底)', 'S级泛用机体(基础掉落)', 'B、A级泛用机体', '角色碎片', '紫色装备', '突破材料', '经验材料', '螺母箱']		['1.90%', '1.50%', '13.95%', '22.11%', '28.39%', '14.42%', '4.81%', '14.42%']	
2221		['S级泛用机体(含保底)', 'S级泛用机体(基础掉落)', 'B、A级泛用机体', '角色碎片', '紫色装备', '突破材料', '经验材料', '螺母箱']		['1.90%', '1.50%', '13.95%', '22.11%', '28.39%', '14.42%', '4.81%', '14.42%']	
2222		['S级泛用机体(含保底)', 'S级泛用机体(基础掉落)', 'B、A级泛用机体', '角色碎片', '紫色装备', '突破材料', '经验材料', '螺母箱']		['1.90%', '1.50%', '13.95%', '22.11%', '28.39%', '14.42%', '4.81%', '14.42%']	
2223		['S级泛用机体(含保底)', 'S级泛用机体(基础掉落)', 'B、A级泛用机体', '角色碎片', '紫色装备', '突破材料', '经验材料', '螺母箱']		['1.90%', '1.50%', '13.95%', '22.11%', '28.39%', '14.42%', '4.81%', '14.42%']	
2224		['S级泛用机体(含保底)', 'S级泛用机体(基础掉落)', 'B、A级泛用机体', '角色碎片', '紫色装备', '突破材料', '经验材料', '螺母箱']		['1.90%', '1.50%', '13.95%', '22.11%', '28.39%', '14.42%', '4.81%', '14.42%']	
2225		['S级泛用机体(含保底)', 'S级泛用机体(基础掉落)', 'B、A级泛用机体', '角色碎片', '紫色装备', '突破材料', '经验材料', '螺母箱']		['1.90%', '1.50%', '13.95%', '22.11%', '28.39%', '14.42%', '4.81%', '14.42%']	
2226		['S级泛用机体(含保底)', 'S级泛用机体(基础掉落)', 'B、A级泛用机体', '角色碎片', '紫色装备', '突破材料', '经验材料', '螺母箱']		['1.90%', '1.50%', '13.95%', '22.11%', '28.39%', '14.42%', '4.81%', '14.42%']	
2227		['S级泛用机体(含保底)', 'S级泛用机体(基础掉落)', 'B、A级泛用机体', '角色碎片', '紫色装备', '突破材料', '经验材料', '螺母箱']		['1.90%', '1.50%', '13.95%', '22.11%', '28.39%', '14.42%', '4.81%', '14.42%']	
2228		['S级泛用机体(含保底)', 'S级泛用机体(基础掉落)', 'B、A级泛用机体', '角色碎片', '紫色装备', '突破材料', '经验材料', '螺母箱']		['1.90%', '1.50%', '13.95%', '22.11%', '28.39%', '14.42%', '4.81%', '14.42%']	
3025		['S级泛用机体(含保底)', 'S级泛用机体(基础掉落)', 'B、A级泛用机体', '角色碎片', '紫色装备', '突破材料', '经验材料', '螺母箱']		['1.90%', '0.50%', '13.95%', '22.11%', '28.39%', '14.42%', '4.81%', '14.42%']	
3026		['S级泛用机体(含保底)', 'S级泛用机体(基础掉落)', 'B、A级泛用机体', '角色碎片', '紫色装备', '突破材料', '经验材料', '螺母箱']		['1.90%', '0.50%', '13.95%', '22.11%', '28.39%', '14.42%', '4.81%', '14.42%']	
8027		['S级泛用机体(含保底)', 'S级泛用机体(基础掉落)', 'B、A级泛用机体', '角色碎片', '紫色装备', '突破材料', '经验材料', '螺母箱']		['1.90%', '0.50%', '13.95%', '22.11%', '28.39%', '14.42%', '4.81%', '14.42%']	
8028		['S级泛用机体(含保底)', 'S级泛用机体(基础掉落)', 'B、A级泛用机体', '角色碎片', '紫色装备', '突破材料', '经验材料', '螺母箱']		['1.90%', '0.50%', '13.95%', '22.11%', '28.39%', '14.42%', '4.81%', '14.42%']	
8029		['S级泛用机体(含保底)', 'S级泛用机体(基础掉落)', 'B、A级泛用机体', '角色碎片', '紫色装备', '突破材料', '经验材料', '螺母箱']		['1.90%', '0.50%', '13.95%', '22.11%', '28.39%', '14.42%', '4.81%', '14.42%']	
8030		['S级泛用机体(含保底)', 'S级泛用机体(基础掉落)', 'B、A级泛用机体', '角色碎片', '紫色装备', '突破材料', '经验材料', '螺母箱']		['1.90%', '0.50%', '13.95%', '22.11%', '28.39%', '14.42%', '4.81%', '14.42%']	
8031		['S级泛用机体(含保底)', 'S级泛用机体(基础掉落)', 'B、A级泛用机体', '角色碎片', '紫色装备', '突破材料', '经验材料', '螺母箱']		['1.90%', '0.50%', '13.95%', '22.11%', '28.39%', '14.42%', '4.81%', '14.42%']	
8032		['S级泛用机体(含保底)', 'S级泛用机体(基础掉落)', 'B、A级泛用机体', '角色碎片', '紫色装备', '突破材料', '经验材料', '螺母箱']		['1.90%', '0.50%', '13.95%', '22.11%', '28.39%', '14.42%', '4.81%', '14.42%']	
8033		['S级泛用机体(含保底)', 'S级泛用机体(基础掉落)', 'B、A级泛用机体', '角色碎片', '紫色装备', '突破材料', '经验材料', '螺母箱']		['1.90%', '0.50%', '13.95%', '22.11%', '28.39%', '14.42%', '4.81%', '14.42%']	
8034		['S级泛用机体(含保底)', 'S级泛用机体(基础掉落)', 'B、A级泛用机体', '角色碎片', '紫色装备', '突破材料', '经验材料', '螺母箱']		['1.90%', '0.50%', '13.95%', '22.11%', '28.39%', '14.42%', '4.81%', '14.42%']	
8035		['S级泛用机体(含保底)', 'S级泛用机体(基础掉落)', 'B、A级泛用机体', '角色碎片', '紫色装备', '突破材料', '经验材料', '螺母箱']		['1.90%', '0.50%', '13.95%', '22.11%', '28.39%', '14.42%', '4.81%', '14.42%']	
8036		['S级泛用机体(含保底)', 'S级泛用机体(基础掉落)', 'B、A级泛用机体', '角色碎片', '紫色装备', '突破材料', '经验材料', '螺母箱']		['1.90%', '0.50%', '13.95%', '22.11%', '28.39%', '14.42%', '4.81%', '14.42%']	
8037		['S级泛用机体(含保底)', 'S级泛用机体(基础掉落)', 'B、A级泛用机体', '角色碎片', '紫色装备', '突破材料', '经验材料', '螺母箱']		['1.90%', '0.50%', '13.95%', '22.11%', '28.39%', '14.42%', '4.81%', '14.42%']	
8038		['S级泛用机体(含保底)', 'S级泛用机体(基础掉落)', 'B、A级泛用机体', '角色碎片', '紫色装备', '突破材料', '经验材料', '螺母箱']		['1.90%', '0.50%', '13.95%', '22.11%', '28.39%', '14.42%', '4.81%', '14.42%']	
8039		['S级泛用机体(含保底)', 'S级泛用机体(基础掉落)', 'B、A级泛用机体', '角色碎片', '紫色装备', '突破材料', '经验材料', '螺母箱']		['1.90%', '0.50%', '13.95%', '22.11%', '28.39%', '14.42%', '4.81%', '14.42%']	
8040		['S级泛用机体(含保底)', 'S级泛用机体(基础掉落)', 'B、A级泛用机体', '角色碎片', '紫色装备', '突破材料', '经验材料', '螺母箱']		['1.90%', '0.50%', '13.95%', '22.11%', '28.39%', '14.42%', '4.81%', '14.42%']	
8041		['S级泛用机体(含保底)', 'S级泛用机体(基础掉落)', 'B、A级泛用机体', '角色碎片', '紫色装备', '突破材料', '经验材料', '螺母箱']		['1.90%', '0.50%', '13.95%', '22.11%', '28.39%', '14.42%', '4.81%', '14.42%']	
8042		['S级泛用机体(含保底)', 'S级泛用机体(基础掉落)', 'B、A级泛用机体', '角色碎片', '紫色装备', '突破材料', '经验材料', '螺母箱']		['1.90%', '0.50%', '13.95%', '22.11%', '28.39%', '14.42%', '4.81%', '14.42%']	
8043		['S级泛用机体(含保底)', 'S级泛用机体(基础掉落)', 'B、A级泛用机体', '角色碎片', '紫色装备', '突破材料', '经验材料', '螺母箱']		['1.90%', '0.50%', '13.95%', '22.11%', '28.39%', '14.42%', '4.81%', '14.42%']	
8044		['S级泛用机体(含保底)', 'S级泛用机体(基础掉落)', 'B、A级泛用机体', '角色碎片', '紫色装备', '突破材料', '经验材料', '螺母箱']		['1.90%', '0.50%', '13.95%', '22.11%', '28.39%', '14.42%', '4.81%', '14.42%']	
8045		['S级泛用机体(含保底)', 'S级泛用机体(基础掉落)', 'B、A级泛用机体', '角色碎片', '紫色装备', '突破材料', '经验材料', '螺母箱']		['1.90%', '0.50%', '13.95%', '22.11%', '28.39%', '14.42%', '4.81%', '14.42%']	
8046		['S级泛用机体(含保底)', 'S级泛用机体(基础掉落)', 'B、A级泛用机体', '角色碎片', '紫色装备', '突破材料', '经验材料', '螺母箱']		['1.90%', '0.50%', '13.95%', '22.11%', '28.39%', '14.42%', '4.81%', '14.42%']	
8527		['S级泛用机体(含保底)', 'S级泛用机体(基础掉落)', 'B、A级泛用机体', '角色碎片', '紫色装备', '突破材料', '经验材料', '螺母箱']		['1.90%', '1.50%', '13.95%', '22.11%', '28.39%', '14.42%', '4.81%', '14.42%']	
8528		['S级泛用机体(含保底)', 'S级泛用机体(基础掉落)', 'B、A级泛用机体', '角色碎片', '紫色装备', '突破材料', '经验材料', '螺母箱']		['1.90%', '1.50%', '13.95%', '22.11%', '28.39%', '14.42%', '4.81%', '14.42%']	
8529		['S级泛用机体(含保底)', 'S级泛用机体(基础掉落)', 'B、A级泛用机体', '角色碎片', '紫色装备', '突破材料', '经验材料', '螺母箱']		['1.90%', '1.50%', '13.95%', '22.11%', '28.39%', '14.42%', '4.81%', '14.42%']	
8530		['S级泛用机体(含保底)', 'S级泛用机体(基础掉落)', 'B、A级泛用机体', '角色碎片', '紫色装备', '突破材料', '经验材料', '螺母箱']		['1.90%', '1.50%', '13.95%', '22.11%', '28.39%', '14.42%', '4.81%', '14.42%']	
8531		['S级泛用机体(含保底)', 'S级泛用机体(基础掉落)', 'B、A级泛用机体', '角色碎片', '紫色装备', '突破材料', '经验材料', '螺母箱']		['1.90%', '1.50%', '13.95%', '22.11%', '28.39%', '14.42%', '4.81%', '14.42%']	
8532		['S级泛用机体(含保底)', 'S级泛用机体(基础掉落)', 'B、A级泛用机体', '角色碎片', '紫色装备', '突破材料', '经验材料', '螺母箱']		['1.90%', '1.50%', '13.95%', '22.11%', '28.39%', '14.42%', '4.81%', '14.42%']	
8533		['S级泛用机体(含保底)', 'S级泛用机体(基础掉落)', 'B、A级泛用机体', '角色碎片', '紫色装备', '突破材料', '经验材料', '螺母箱']		['1.90%', '1.50%', '13.95%', '22.11%', '28.39%', '14.42%', '4.81%', '14.42%']	
8534		['S级泛用机体(含保底)', 'S级泛用机体(基础掉落)', 'B、A级泛用机体', '角色碎片', '紫色装备', '突破材料', '经验材料', '螺母箱']		['1.90%', '1.50%', '13.95%', '22.11%', '28.39%', '14.42%', '4.81%', '14.42%']	
8535		['S级泛用机体(含保底)', 'S级泛用机体(基础掉落)', 'B、A级泛用机体', '角色碎片', '紫色装备', '突破材料', '经验材料', '螺母箱']		['1.90%', '1.50%', '13.95%', '22.11%', '28.39%', '14.42%', '4.81%', '14.42%']	
8536		['S级泛用机体(含保底)', 'S级泛用机体(基础掉落)', 'B、A级泛用机体', '角色碎片', '紫色装备', '突破材料', '经验材料', '螺母箱']		['1.90%', '1.50%', '13.95%', '22.11%', '28.39%', '14.42%', '4.81%', '14.42%']	
8537		['S级泛用机体(含保底)', 'S级泛用机体(基础掉落)', 'B、A级泛用机体', '角色碎片', '紫色装备', '突破材料', '经验材料', '螺母箱']		['1.90%', '1.50%', '13.95%', '22.11%', '28.39%', '14.42%', '4.81%', '14.42%']	
8538		['S级泛用机体(含保底)', 'S级泛用机体(基础掉落)', 'B、A级泛用机体', '角色碎片', '紫色装备', '突破材料', '经验材料', '螺母箱']		['1.90%', '1.50%', '13.95%', '22.11%', '28.39%', '14.42%', '4.81%', '14.42%']	
8539		['S级泛用机体(含保底)', 'S级泛用机体(基础掉落)', 'B、A级泛用机体', '角色碎片', '紫色装备', '突破材料', '经验材料', '螺母箱']		['1.90%', '1.50%', '13.95%', '22.11%', '28.39%', '14.42%', '4.81%', '14.42%']	
8540		['S级泛用机体(含保底)', 'S级泛用机体(基础掉落)', 'B、A级泛用机体', '角色碎片', '紫色装备', '突破材料', '经验材料', '螺母箱']		['1.90%', '1.50%', '13.95%', '22.11%', '28.39%', '14.42%', '4.81%', '14.42%']	
8541		['S级泛用机体(含保底)', 'S级泛用机体(基础掉落)', 'B、A级泛用机体', '角色碎片', '紫色装备', '突破材料', '经验材料', '螺母箱']		['1.90%', '1.50%', '13.95%', '22.11%', '28.39%', '14.42%', '4.81%', '14.42%']	
8542		['S级泛用机体(含保底)', 'S级泛用机体(基础掉落)', 'B、A级泛用机体', '角色碎片', '紫色装备', '突破材料', '经验材料', '螺母箱']		['1.90%', '1.50%', '13.95%', '22.11%', '28.39%', '14.42%', '4.81%', '14.42%']	
8543		['S级泛用机体(含保底)', 'S级泛用机体(基础掉落)', 'B、A级泛用机体', '角色碎片', '紫色装备', '突破材料', '经验材料', '螺母箱']		['1.90%', '1.50%', '13.95%', '22.11%', '28.39%', '14.42%', '4.81%', '14.42%']	
8544		['S级泛用机体(含保底)', 'S级泛用机体(基础掉落)', 'B、A级泛用机体', '角色碎片', '紫色装备', '突破材料', '经验材料', '螺母箱']		['1.90%', '1.50%', '13.95%', '22.11%', '28.39%', '14.42%', '4.81%', '14.42%']	
8545		['S级泛用机体(含保底)', 'S级泛用机体(基础掉落)', 'B、A级泛用机体', '角色碎片', '紫色装备', '突破材料', '经验材料', '螺母箱']		['1.90%', '1.50%', '13.95%', '22.11%', '28.39%', '14.42%', '4.81%', '14.42%']	
8546		['S级泛用机体(含保底)', 'S级泛用机体(基础掉落)', 'B、A级泛用机体', '角色碎片', '紫色装备', '突破材料', '经验材料', '螺母箱']		['1.90%', '1.50%', '13.95%', '22.11%', '28.39%', '14.42%', '4.81%', '14.42%']	
350	[True, True]	['【6星】阿斯特莉亚', '【5星】猎隼E-3320', '【6星】伽拉忒亚', '【6星】夜煌', '【5星】褪色', '【5星】绯霆', '紫色武器', '蓝色武器', '螺母箱', '突破材料']		['4.00%', '12.00%', '0.50%', '0.50%', '1.50%', '1.50%', '33.40%', '27.90%', '9.35%', '9.35%']	
1235		['S级泛用机体(含保底)', 'S级泛用机体(基础掉落)', 'B、A级泛用机体', '角色碎片', '紫色装备', '突破材料', '经验材料', '螺母箱']		['1.90%', '0.50%', '13.95%', '22.11%', '28.39%', '14.42%', '4.81%', '14.42%']	
1236		['S级泛用机体(含保底)', 'S级泛用机体(基础掉落)', 'B、A级泛用机体', '角色碎片', '紫色装备', '突破材料', '经验材料', '螺母箱']		['1.90%', '0.50%', '13.95%', '22.11%', '28.39%', '14.42%', '4.81%', '14.42%']	
1237		['S级泛用机体(含保底)', 'S级泛用机体(基础掉落)', 'B、A级泛用机体', '角色碎片', '紫色装备', '突破材料', '经验材料', '螺母箱']		['1.90%', '0.50%', '13.95%', '22.11%', '28.39%', '14.42%', '4.81%', '14.42%']	
1238		['S级泛用机体(含保底)', 'S级泛用机体(基础掉落)', 'B、A级泛用机体', '角色碎片', '紫色装备', '突破材料', '经验材料', '螺母箱']		['1.90%', '0.50%', '13.95%', '22.11%', '28.39%', '14.42%', '4.81%', '14.42%']	
1239		['S级泛用机体(含保底)', 'S级泛用机体(基础掉落)', 'B、A级泛用机体', '角色碎片', '紫色装备', '突破材料', '经验材料', '螺母箱']		['1.90%', '0.50%', '13.95%', '22.11%', '28.39%', '14.42%', '4.81%', '14.42%']	
1240		['S级泛用机体(含保底)', 'S级泛用机体(基础掉落)', 'B、A级泛用机体', '角色碎片', '紫色装备', '突破材料', '经验材料', '螺母箱']		['1.90%', '0.50%', '13.95%', '22.11%', '28.39%', '14.42%', '4.81%', '14.42%']	
1241		['S级泛用机体(含保底)', 'S级泛用机体(基础掉落)', 'B、A级泛用机体', '角色碎片', '紫色装备', '突破材料', '经验材料', '螺母箱']		['1.90%', '0.50%', '13.95%', '22.11%', '28.39%', '14.42%', '4.81%', '14.42%']	
1242		['S级泛用机体(含保底)', 'S级泛用机体(基础掉落)', 'B、A级泛用机体', '角色碎片', '紫色装备', '突破材料', '经验材料', '螺母箱']		['1.90%', '0.50%', '13.95%', '22.11%', '28.39%', '14.42%', '4.81%', '14.42%']	
1243		['S级泛用机体(含保底)', 'S级泛用机体(基础掉落)', 'B、A级泛用机体', '角色碎片', '紫色装备', '突破材料', '经验材料', '螺母箱']		['1.90%', '0.50%', '13.95%', '22.11%', '28.39%', '14.42%', '4.81%', '14.42%']	
1244		['S级泛用机体(含保底)', 'S级泛用机体(基础掉落)', 'B、A级泛用机体', '角色碎片', '紫色装备', '突破材料', '经验材料', '螺母箱']		['1.90%', '0.50%', '13.95%', '22.11%', '28.39%', '14.42%', '4.81%', '14.42%']	
2229		['S级泛用机体(含保底)', 'S级泛用机体(基础掉落)', 'B、A级泛用机体', '角色碎片', '紫色装备', '突破材料', '经验材料', '螺母箱']		['1.90%', '1.50%', '13.95%', '22.11%', '28.39%', '14.42%', '4.81%', '14.42%']	
2230		['S级泛用机体(含保底)', 'S级泛用机体(基础掉落)', 'B、A级泛用机体', '角色碎片', '紫色装备', '突破材料', '经验材料', '螺母箱']		['1.90%', '1.50%', '13.95%', '22.11%', '28.39%', '14.42%', '4.81%', '14.42%']	
2231		['S级泛用机体(含保底)', 'S级泛用机体(基础掉落)', 'B、A级泛用机体', '角色碎片', '紫色装备', '突破材料', '经验材料', '螺母箱']		['1.90%', '1.50%', '13.95%', '22.11%', '28.39%', '14.42%', '4.81%', '14.42%']	
2232		['S级泛用机体(含保底)', 'S级泛用机体(基础掉落)', 'B、A级泛用机体', '角色碎片', '紫色装备', '突破材料', '经验材料', '螺母箱']		['1.90%', '1.50%', '13.95%', '22.11%', '28.39%', '14.42%', '4.81%', '14.42%']	
2233		['S级泛用机体(含保底)', 'S级泛用机体(基础掉落)', 'B、A级泛用机体', '角色碎片', '紫色装备', '突破材料', '经验材料', '螺母箱']		['1.90%', '1.50%', '13.95%', '22.11%', '28.39%', '14.42%', '4.81%', '14.42%']	
2234		['S级泛用机体(含保底)', 'S级泛用机体(基础掉落)', 'B、A级泛用机体', '角色碎片', '紫色装备', '突破材料', '经验材料', '螺母箱']		['1.90%', '1.50%', '13.95%', '22.11%', '28.39%', '14.42%', '4.81%', '14.42%']	
2235		['S级泛用机体(含保底)', 'S级泛用机体(基础掉落)', 'B、A级泛用机体', '角色碎片', '紫色装备', '突破材料', '经验材料', '螺母箱']		['1.90%', '1.50%', '13.95%', '22.11%', '28.39%', '14.42%', '4.81%', '14.42%']	
2236		['S级泛用机体(含保底)', 'S级泛用机体(基础掉落)', 'B、A级泛用机体', '角色碎片', '紫色装备', '突破材料', '经验材料', '螺母箱']		['1.90%', '1.50%', '13.95%', '22.11%', '28.39%', '14.42%', '4.81%', '14.42%']	
2237		['S级泛用机体(含保底)', 'S级泛用机体(基础掉落)', 'B、A级泛用机体', '角色碎片', '紫色装备', '突破材料', '经验材料', '螺母箱']		['1.90%', '1.50%', '13.95%', '22.11%', '28.39%', '14.42%', '4.81%', '14.42%']	
2238		['S级泛用机体(含保底)', 'S级泛用机体(基础掉落)', 'B、A级泛用机体', '角色碎片', '紫色装备', '突破材料', '经验材料', '螺母箱']		['1.90%', '1.50%', '13.95%', '22.11%', '28.39%', '14.42%', '4.81%', '14.42%']	
7023		['S级支援单位(含保底)', 'S级支援单位(基础掉落)', 'A级支援单位', '支援单位经验材料', '支援单位突破材料', '支援技能元件', '支援单位碎片', '螺母箱']		['8.33%', '5.82%', '14.14%', '20.72%', '11.02%', '16.31%', '13.42%', '16.06%']	
7024		['S级支援单位(含保底)', 'S级支援单位(基础掉落)', 'A级支援单位', '支援单位经验材料', '支援单位突破材料', '支援技能元件', '支援单位碎片', '螺母箱']		['8.33%', '5.82%', '14.14%', '20.72%', '11.02%', '16.31%', '13.42%', '16.06%']	
351	[True, True]	['【6星】墨提斯', '【5星】逆行交点', '【6星】静谧人形之声', '【6星】今古', '【5星】彗星之锋', '【5星】风回', '紫色武器', '蓝色武器', '螺母箱', '突破材料']		['4.00%', '12.00%', '0.50%', '0.50%', '1.50%', '1.50%', '33.40%', '27.90%', '9.35%', '9.35%']	
1245		['S级泛用机体(含保底)', 'S级泛用机体(基础掉落)', 'B、A级泛用机体', '角色碎片', '紫色装备', '突破材料', '经验材料', '螺母箱']		['1.90%', '0.50%', '13.95%', '22.11%', '28.39%', '14.42%', '4.81%', '14.42%']	
1246		['S级泛用机体(含保底)', 'S级泛用机体(基础掉落)', 'B、A级泛用机体', '角色碎片', '紫色装备', '突破材料', '经验材料', '螺母箱']		['1.90%', '0.50%', '13.95%', '22.11%', '28.39%', '14.42%', '4.81%', '14.42%']	
1247		['S级泛用机体(含保底)', 'S级泛用机体(基础掉落)', 'B、A级泛用机体', '角色碎片', '紫色装备', '突破材料', '经验材料', '螺母箱']		['1.90%', '0.50%', '13.95%', '22.11%', '28.39%', '14.42%', '4.81%', '14.42%']	
1248		['S级泛用机体(含保底)', 'S级泛用机体(基础掉落)', 'B、A级泛用机体', '角色碎片', '紫色装备', '突破材料', '经验材料', '螺母箱']		['1.90%', '0.50%', '13.95%', '22.11%', '28.39%', '14.42%', '4.81%', '14.42%']	
1249		['S级泛用机体(含保底)', 'S级泛用机体(基础掉落)', 'B、A级泛用机体', '角色碎片', '紫色装备', '突破材料', '经验材料', '螺母箱']		['1.90%', '0.50%', '13.95%', '22.11%', '28.39%', '14.42%', '4.81%', '14.42%']	
1250		['S级泛用机体(含保底)', 'S级泛用机体(基础掉落)', 'B、A级泛用机体', '角色碎片', '紫色装备', '突破材料', '经验材料', '螺母箱']		['1.90%', '0.50%', '13.95%', '22.11%', '28.39%', '14.42%', '4.81%', '14.42%']	
1251		['S级泛用机体(含保底)', 'S级泛用机体(基础掉落)', 'B、A级泛用机体', '角色碎片', '紫色装备', '突破材料', '经验材料', '螺母箱']		['1.90%', '0.50%', '13.95%', '22.11%', '28.39%', '14.42%', '4.81%', '14.42%']	
2239		['S级泛用机体(含保底)', 'S级泛用机体(基础掉落)', 'B、A级泛用机体', '角色碎片', '紫色装备', '突破材料', '经验材料', '螺母箱']		['1.90%', '1.50%', '13.95%', '22.11%', '28.39%', '14.42%', '4.81%', '14.42%']	
2240		['S级泛用机体(含保底)', 'S级泛用机体(基础掉落)', 'B、A级泛用机体', '角色碎片', '紫色装备', '突破材料', '经验材料', '螺母箱']		['1.90%', '1.50%', '13.95%', '22.11%', '28.39%', '14.42%', '4.81%', '14.42%']	
2241		['S级泛用机体(含保底)', 'S级泛用机体(基础掉落)', 'B、A级泛用机体', '角色碎片', '紫色装备', '突破材料', '经验材料', '螺母箱']		['1.90%', '1.50%', '13.95%', '22.11%', '28.39%', '14.42%', '4.81%', '14.42%']	
2242		['S级泛用机体(含保底)', 'S级泛用机体(基础掉落)', 'B、A级泛用机体', '角色碎片', '紫色装备', '突破材料', '经验材料', '螺母箱']		['1.90%', '1.50%', '13.95%', '22.11%', '28.39%', '14.42%', '4.81%', '14.42%']	
2243		['S级泛用机体(含保底)', 'S级泛用机体(基础掉落)', 'B、A级泛用机体', '角色碎片', '紫色装备', '突破材料', '经验材料', '螺母箱']		['1.90%', '1.50%', '13.95%', '22.11%', '28.39%', '14.42%', '4.81%', '14.42%']	
2244		['S级泛用机体(含保底)', 'S级泛用机体(基础掉落)', 'B、A级泛用机体', '角色碎片', '紫色装备', '突破材料', '经验材料', '螺母箱']		['1.90%', '1.50%', '13.95%', '22.11%', '28.39%', '14.42%', '4.81%', '14.42%']	
2245		['S级泛用机体(含保底)', 'S级泛用机体(基础掉落)', 'B、A级泛用机体', '角色碎片', '紫色装备', '突破材料', '经验材料', '螺母箱']		['1.90%', '1.50%', '13.95%', '22.11%', '28.39%', '14.42%', '4.81%', '14.42%']	
7025		['S级支援单位(含保底)', 'S级支援单位(基础掉落)', 'A级支援单位', '支援单位经验材料', '支援单位突破材料', '支援技能元件', '支援单位碎片', '螺母箱']		['8.33%', '5.82%', '14.14%', '20.72%', '11.02%', '16.31%', '13.42%', '16.06%']	
7026		['S级支援单位(含保底)', 'S级支援单位(基础掉落)', 'A级支援单位', '支援单位经验材料', '支援单位突破材料', '支援技能元件', '支援单位碎片', '螺母箱']		['8.33%', '5.82%', '14.14%', '20.72%', '11.02%', '16.31%', '13.42%', '16.06%']	
1252		['S级泛用机体(含保底)', 'S级泛用机体(基础掉落)', 'B、A级泛用机体', '角色碎片', '紫色装备', '突破材料', '经验材料', '螺母箱']		['1.90%', '0.50%', '13.95%', '22.11%', '28.39%', '14.42%', '4.81%', '14.42%']	
1253		['S级泛用机体(含保底)', 'S级泛用机体(基础掉落)', 'B、A级泛用机体', '角色碎片', '紫色装备', '突破材料', '经验材料', '螺母箱']		['1.90%', '0.50%', '13.95%', '22.11%', '28.39%', '14.42%', '4.81%', '14.42%']	
1254		['S级泛用机体(含保底)', 'S级泛用机体(基础掉落)', 'B、A级泛用机体', '角色碎片', '紫色装备', '突破材料', '经验材料', '螺母箱']		['1.90%', '0.50%', '13.95%', '22.11%', '28.39%', '14.42%', '4.81%', '14.42%']	
2246		['S级泛用机体(含保底)', 'S级泛用机体(基础掉落)', 'B、A级泛用机体', '角色碎片', '紫色装备', '突破材料', '经验材料', '螺母箱']		['1.90%', '1.50%', '13.95%', '22.11%', '28.39%', '14.42%', '4.81%', '14.42%']	
2247		['S级泛用机体(含保底)', 'S级泛用机体(基础掉落)', 'B、A级泛用机体', '角色碎片', '紫色装备', '突破材料', '经验材料', '螺母箱']		['1.90%', '1.50%', '13.95%', '22.11%', '28.39%', '14.42%', '4.81%', '14.42%']	
2248		['S级泛用机体(含保底)', 'S级泛用机体(基础掉落)', 'B、A级泛用机体', '角色碎片', '紫色装备', '突破材料', '经验材料', '螺母箱']		['1.90%', '1.50%', '13.95%', '22.11%', '28.39%', '14.42%', '4.81%', '14.42%']	
352	[True, True]	['【6星】★黑岩巨炮', '【5星】黑岩巨炮', '【6星】夜煌', '【6星】星海漫游者', '【5星】绯霆', '【5星】二重虹光', '紫色武器', '蓝色武器', '螺母箱', '突破材料']		['4.00%', '12.00%', '0.50%', '0.50%', '1.50%', '1.50%', '33.40%', '27.90%', '9.35%', '9.35%']	
1255		['S级泛用机体(含保底)', 'S级泛用机体(基础掉落)', 'B、A级泛用机体', '角色碎片', '紫色装备', '突破材料', '经验材料', '螺母箱']		['1.90%', '0.50%', '13.95%', '22.11%', '28.39%', '14.42%', '4.81%', '14.42%']	
1256		['S级泛用机体(含保底)', 'S级泛用机体(基础掉落)', 'B、A级泛用机体', '角色碎片', '紫色装备', '突破材料', '经验材料', '螺母箱']		['1.90%', '0.50%', '13.95%', '22.11%', '28.39%', '14.42%', '4.81%', '14.42%']	
1257		['S级泛用机体(含保底)', 'S级泛用机体(基础掉落)', 'B、A级泛用机体', '角色碎片', '紫色装备', '突破材料', '经验材料', '螺母箱']		['1.90%', '0.50%', '13.95%', '22.11%', '28.39%', '14.42%', '4.81%', '14.42%']	
1258		['S级泛用机体(含保底)', 'S级泛用机体(基础掉落)', 'B、A级泛用机体', '角色碎片', '紫色装备', '突破材料', '经验材料', '螺母箱']		['1.90%', '0.50%', '13.95%', '22.11%', '28.39%', '14.42%', '4.81%', '14.42%']	
1259		['S级泛用机体(含保底)', 'S级泛用机体(基础掉落)', 'B、A级泛用机体', '角色碎片', '紫色装备', '突破材料', '经验材料', '螺母箱']		['1.90%', '0.50%', '13.95%', '22.11%', '28.39%', '14.42%', '4.81%', '14.42%']	
1260		['S级泛用机体(含保底)', 'S级泛用机体(基础掉落)', 'B、A级泛用机体', '角色碎片', '紫色装备', '突破材料', '经验材料', '螺母箱']		['1.90%', '0.50%', '13.95%', '22.11%', '28.39%', '14.42%', '4.81%', '14.42%']	
2249		['S级泛用机体(含保底)', 'S级泛用机体(基础掉落)', 'B、A级泛用机体', '角色碎片', '紫色装备', '突破材料', '经验材料', '螺母箱']		['1.90%', '1.50%', '13.95%', '22.11%', '28.39%', '14.42%', '4.81%', '14.42%']	
2250		['S级泛用机体(含保底)', 'S级泛用机体(基础掉落)', 'B、A级泛用机体', '角色碎片', '紫色装备', '突破材料', '经验材料', '螺母箱']		['1.90%', '1.50%', '13.95%', '22.11%', '28.39%', '14.42%', '4.81%', '14.42%']	
2251		['S级泛用机体(含保底)', 'S级泛用机体(基础掉落)', 'B、A级泛用机体', '角色碎片', '紫色装备', '突破材料', '经验材料', '螺母箱']		['1.90%', '1.50%', '13.95%', '22.11%', '28.39%', '14.42%', '4.81%', '14.42%']	
2252		['S级泛用机体(含保底)', 'S级泛用机体(基础掉落)', 'B、A级泛用机体', '角色碎片', '紫色装备', '突破材料', '经验材料', '螺母箱']		['1.90%', '1.50%', '13.95%', '22.11%', '28.39%', '14.42%', '4.81%', '14.42%']	
2253		['S级泛用机体(含保底)', 'S级泛用机体(基础掉落)', 'B、A级泛用机体', '角色碎片', '紫色装备', '突破材料', '经验材料', '螺母箱']		['1.90%', '1.50%', '13.95%', '22.11%', '28.39%', '14.42%', '4.81%', '14.42%']	
2254		['S级泛用机体(含保底)', 'S级泛用机体(基础掉落)', 'B、A级泛用机体', '角色碎片', '紫色装备', '突破材料', '经验材料', '螺母箱']		['1.90%', '1.50%', '13.95%', '22.11%', '28.39%', '14.42%', '4.81%', '14.42%']	
5508		['S级泛用机体(含保底)', 'S级泛用机体(基础掉落)', 'B、A级泛用机体', '角色碎片', '紫色装备', '突破材料', '经验材料', '螺母箱']		['1.90%', '0.50%', '13.95%', '22.11%', '28.39%', '14.42%', '4.81%', '14.42%']	
1261		['S级泛用机体(含保底)', 'S级泛用机体(基础掉落)', 'B、A级泛用机体', '角色碎片', '紫色装备', '突破材料', '经验材料', '螺母箱']		['1.90%', '0.50%', '13.95%', '22.11%', '28.39%', '14.42%', '4.81%', '14.42%']	
1262		['S级泛用机体(含保底)', 'S级泛用机体(基础掉落)', 'B、A级泛用机体', '角色碎片', '紫色装备', '突破材料', '经验材料', '螺母箱']		['1.90%', '0.50%', '13.95%', '22.11%', '28.39%', '14.42%', '4.81%', '14.42%']	
1263		['S级泛用机体(含保底)', 'S级泛用机体(基础掉落)', 'B、A级泛用机体', '角色碎片', '紫色装备', '突破材料', '经验材料', '螺母箱']		['1.90%', '0.50%', '13.95%', '22.11%', '28.39%', '14.42%', '4.81%', '14.42%']	
1264		['S级泛用机体(含保底)', 'S级泛用机体(基础掉落)', 'B、A级泛用机体', '角色碎片', '紫色装备', '突破材料', '经验材料', '螺母箱']		['1.90%', '0.50%', '13.95%', '22.11%', '28.39%', '14.42%', '4.81%', '14.42%']	
1265		['S级泛用机体(含保底)', 'S级泛用机体(基础掉落)', 'B、A级泛用机体', '角色碎片', '紫色装备', '突破材料', '经验材料', '螺母箱']		['1.90%', '0.50%', '13.95%', '22.11%', '28.39%', '14.42%', '4.81%', '14.42%']	
1266		['S级泛用机体(含保底)', 'S级泛用机体(基础掉落)', 'B、A级泛用机体', '角色碎片', '紫色装备', '突破材料', '经验材料', '螺母箱']		['1.90%', '0.50%', '13.95%', '22.11%', '28.39%', '14.42%', '4.81%', '14.42%']	
1267		['S级泛用机体(含保底)', 'S级泛用机体(基础掉落)', 'B、A级泛用机体', '角色碎片', '紫色装备', '突破材料', '经验材料', '螺母箱']		['1.90%', '0.50%', '13.95%', '22.11%', '28.39%', '14.42%', '4.81%', '14.42%']	
1268		['S级泛用机体(含保底)', 'S级泛用机体(基础掉落)', 'B、A级泛用机体', '角色碎片', '紫色装备', '突破材料', '经验材料', '螺母箱']		['1.90%', '0.50%', '13.95%', '22.11%', '28.39%', '14.42%', '4.81%', '14.42%']	
1269		['S级泛用机体(含保底)', 'S级泛用机体(基础掉落)', 'B、A级泛用机体', '角色碎片', '紫色装备', '突破材料', '经验材料', '螺母箱']		['1.90%', '0.50%', '13.95%', '22.11%', '28.39%', '14.42%', '4.81%', '14.42%']	
2255		['S级泛用机体(含保底)', 'S级泛用机体(基础掉落)', 'B、A级泛用机体', '角色碎片', '紫色装备', '突破材料', '经验材料', '螺母箱']		['1.90%', '1.50%', '13.95%', '22.11%', '28.39%', '14.42%', '4.81%', '14.42%']	
2256		['S级泛用机体(含保底)', 'S级泛用机体(基础掉落)', 'B、A级泛用机体', '角色碎片', '紫色装备', '突破材料', '经验材料', '螺母箱']		['1.90%', '1.50%', '13.95%', '22.11%', '28.39%', '14.42%', '4.81%', '14.42%']	
2257		['S级泛用机体(含保底)', 'S级泛用机体(基础掉落)', 'B、A级泛用机体', '角色碎片', '紫色装备', '突破材料', '经验材料', '螺母箱']		['1.90%', '1.50%', '13.95%', '22.11%', '28.39%', '14.42%', '4.81%', '14.42%']	
2258		['S级泛用机体(含保底)', 'S级泛用机体(基础掉落)', 'B、A级泛用机体', '角色碎片', '紫色装备', '突破材料', '经验材料', '螺母箱']		['1.90%', '1.50%', '13.95%', '22.11%', '28.39%', '14.42%', '4.81%', '14.42%']	
2259		['S级泛用机体(含保底)', 'S级泛用机体(基础掉落)', 'B、A级泛用机体', '角色碎片', '紫色装备', '突破材料', '经验材料', '螺母箱']		['1.90%', '1.50%', '13.95%', '22.11%', '28.39%', '14.42%', '4.81%', '14.42%']	
2260		['S级泛用机体(含保底)', 'S级泛用机体(基础掉落)', 'B、A级泛用机体', '角色碎片', '紫色装备', '突破材料', '经验材料', '螺母箱']		['1.90%', '1.50%', '13.95%', '22.11%', '28.39%', '14.42%', '4.81%', '14.42%']	
2261		['S级泛用机体(含保底)', 'S级泛用机体(基础掉落)', 'B、A级泛用机体', '角色碎片', '紫色装备', '突破材料', '经验材料', '螺母箱']		['1.90%', '1.50%', '13.95%', '22.11%', '28.39%', '14.42%', '4.81%', '14.42%']	
2262		['S级泛用机体(含保底)', 'S级泛用机体(基础掉落)', 'B、A级泛用机体', '角色碎片', '紫色装备', '突破材料', '经验材料', '螺母箱']		['1.90%', '1.50%', '13.95%', '22.11%', '28.39%', '14.42%', '4.81%', '14.42%']	
2263		['S级泛用机体(含保底)', 'S级泛用机体(基础掉落)', 'B、A级泛用机体', '角色碎片', '紫色装备', '突破材料', '经验材料', '螺母箱']		['1.90%', '1.50%', '13.95%', '22.11%', '28.39%', '14.42%', '4.81%', '14.42%']	
353	[True, True]	['【6星】暗夜猎隼', '【5星】苍白羽赫', '【6星】今古', '【6星】玛纳加尔姆', '【5星】风回', '【5星】三重奏', '紫色武器', '蓝色武器', '螺母箱', '突破材料']		['4.00%', '12.00%', '0.50%', '0.50%', '1.50%', '1.50%', '33.40%', '27.90%', '9.35%', '9.35%']	
1270		['S级泛用机体(含保底)', 'S级泛用机体(基础掉落)', 'B、A级泛用机体', '角色碎片', '紫色装备', '突破材料', '经验材料', '螺母箱']		['1.90%', '0.50%', '13.95%', '22.11%', '28.39%', '14.42%', '4.81%', '14.42%']	
2264		['S级泛用机体(含保底)', 'S级泛用机体(基础掉落)', 'B、A级泛用机体', '角色碎片', '紫色装备', '突破材料', '经验材料', '螺母箱']		['1.90%', '1.50%', '13.95%', '22.11%', '28.39%', '14.42%', '4.81%', '14.42%']	
7027		['S级支援单位(含保底)', 'S级支援单位(基础掉落)', 'A级支援单位', '支援单位经验材料', '支援单位突破材料', '支援技能元件', '支援单位碎片', '螺母箱']		['8.33%', '5.82%', '14.14%', '20.72%', '11.02%', '16.31%', '13.42%', '16.06%']	
7028		['S级支援单位(含保底)', 'S级支援单位(基础掉落)', 'A级支援单位', '支援单位经验材料', '支援单位突破材料', '支援技能元件', '支援单位碎片', '螺母箱']		['8.33%', '5.82%', '14.14%', '20.72%', '11.02%', '16.31%', '13.42%', '16.06%']	
354	[True, True]	['【6星】铭钥阙影', '【5星】鸿浩锋羽', '【6星】赤红咆哮', '【6星】阿斯特莉亚', '【5星】FPT-II改', '【5星】猎隼E-3320', '紫色武器', '蓝色武器', '螺母箱', '突破材料']		['4.00%', '12.00%', '0.50%', '0.50%', '1.50%', '1.50%', '33.40%', '27.90%', '9.35%', '9.35%']	
1271		['S级泛用机体(含保底)', 'S级泛用机体(基础掉落)', 'B、A级泛用机体', '角色碎片', '紫色装备', '突破材料', '经验材料', '螺母箱']		['1.90%', '0.50%', '13.95%', '22.11%', '28.39%', '14.42%', '4.81%', '14.42%']	
1272		['S级泛用机体(含保底)', 'S级泛用机体(基础掉落)', 'B、A级泛用机体', '角色碎片', '紫色装备', '突破材料', '经验材料', '螺母箱']		['1.90%', '0.50%', '13.95%', '22.11%', '28.39%', '14.42%', '4.81%', '14.42%']	
1273		['S级泛用机体(含保底)', 'S级泛用机体(基础掉落)', 'B、A级泛用机体', '角色碎片', '紫色装备', '突破材料', '经验材料', '螺母箱']		['1.90%', '0.50%', '13.95%', '22.11%', '28.39%', '14.42%', '4.81%', '14.42%']	
1274		['S级泛用机体(含保底)', 'S级泛用机体(基础掉落)', 'B、A级泛用机体', '角色碎片', '紫色装备', '突破材料', '经验材料', '螺母箱']		['1.90%', '0.50%', '13.95%', '22.11%', '28.39%', '14.42%', '4.81%', '14.42%']	
1275		['S级泛用机体(含保底)', 'S级泛用机体(基础掉落)', 'B、A级泛用机体', '角色碎片', '紫色装备', '突破材料', '经验材料', '螺母箱']		['1.90%', '0.50%', '13.95%', '22.11%', '28.39%', '14.42%', '4.81%', '14.42%']	
1276		['S级泛用机体(含保底)', 'S级泛用机体(基础掉落)', 'B、A级泛用机体', '角色碎片', '紫色装备', '突破材料', '经验材料', '螺母箱']		['1.90%', '0.50%', '13.95%', '22.11%', '28.39%', '14.42%', '4.81%', '14.42%']	
1277		['S级泛用机体(含保底)', 'S级泛用机体(基础掉落)', 'B、A级泛用机体', '角色碎片', '紫色装备', '突破材料', '经验材料', '螺母箱']		['1.90%', '0.50%', '13.95%', '22.11%', '28.39%', '14.42%', '4.81%', '14.42%']	
1278		['S级泛用机体(含保底)', 'S级泛用机体(基础掉落)', 'B、A级泛用机体', '角色碎片', '紫色装备', '突破材料', '经验材料', '螺母箱']		['1.90%', '0.50%', '13.95%', '22.11%', '28.39%', '14.42%', '4.81%', '14.42%']	
1279		['S级泛用机体(含保底)', 'S级泛用机体(基础掉落)', 'B、A级泛用机体', '角色碎片', '紫色装备', '突破材料', '经验材料', '螺母箱']		['1.90%', '0.50%', '13.95%', '22.11%', '28.39%', '14.42%', '4.81%', '14.42%']	
1280		['S级泛用机体(含保底)', 'S级泛用机体(基础掉落)', 'B、A级泛用机体', '角色碎片', '紫色装备', '突破材料', '经验材料', '螺母箱']		['1.90%', '0.50%', '13.95%', '22.11%', '28.39%', '14.42%', '4.81%', '14.42%']	
2265		['S级泛用机体(含保底)', 'S级泛用机体(基础掉落)', 'B、A级泛用机体', '角色碎片', '紫色装备', '突破材料', '经验材料', '螺母箱']		['1.90%', '1.50%', '13.95%', '22.11%', '28.39%', '14.42%', '4.81%', '14.42%']	
2266		['S级泛用机体(含保底)', 'S级泛用机体(基础掉落)', 'B、A级泛用机体', '角色碎片', '紫色装备', '突破材料', '经验材料', '螺母箱']		['1.90%', '1.50%', '13.95%', '22.11%', '28.39%', '14.42%', '4.81%', '14.42%']	
2267		['S级泛用机体(含保底)', 'S级泛用机体(基础掉落)', 'B、A级泛用机体', '角色碎片', '紫色装备', '突破材料', '经验材料', '螺母箱']		['1.90%', '1.50%', '13.95%', '22.11%', '28.39%', '14.42%', '4.81%', '14.42%']	
2268		['S级泛用机体(含保底)', 'S级泛用机体(基础掉落)', 'B、A级泛用机体', '角色碎片', '紫色装备', '突破材料', '经验材料', '螺母箱']		['1.90%', '1.50%', '13.95%', '22.11%', '28.39%', '14.42%', '4.81%', '14.42%']	
2269		['S级泛用机体(含保底)', 'S级泛用机体(基础掉落)', 'B、A级泛用机体', '角色碎片', '紫色装备', '突破材料', '经验材料', '螺母箱']		['1.90%', '1.50%', '13.95%', '22.11%', '28.39%', '14.42%', '4.81%', '14.42%']	
2270		['S级泛用机体(含保底)', 'S级泛用机体(基础掉落)', 'B、A级泛用机体', '角色碎片', '紫色装备', '突破材料', '经验材料', '螺母箱']		['1.90%', '1.50%', '13.95%', '22.11%', '28.39%', '14.42%', '4.81%', '14.42%']	
2271		['S级泛用机体(含保底)', 'S级泛用机体(基础掉落)', 'B、A级泛用机体', '角色碎片', '紫色装备', '突破材料', '经验材料', '螺母箱']		['1.90%', '1.50%', '13.95%', '22.11%', '28.39%', '14.42%', '4.81%', '14.42%']	
2272		['S级泛用机体(含保底)', 'S级泛用机体(基础掉落)', 'B、A级泛用机体', '角色碎片', '紫色装备', '突破材料', '经验材料', '螺母箱']		['1.90%', '1.50%', '13.95%', '22.11%', '28.39%', '14.42%', '4.81%', '14.42%']	
2273		['S级泛用机体(含保底)', 'S级泛用机体(基础掉落)', 'B、A级泛用机体', '角色碎片', '紫色装备', '突破材料', '经验材料', '螺母箱']		['1.90%', '1.50%', '13.95%', '22.11%', '28.39%', '14.42%', '4.81%', '14.42%']	
2274		['S级泛用机体(含保底)', 'S级泛用机体(基础掉落)', 'B、A级泛用机体', '角色碎片', '紫色装备', '突破材料', '经验材料', '螺母箱']		['1.90%', '1.50%', '13.95%', '22.11%', '28.39%', '14.42%', '4.81%', '14.42%']	
5038		['S级泛用机体(含保底)', 'S级泛用机体(基础掉落)', 'B、A级泛用机体', '角色碎片', '紫色装备', '突破材料', '经验材料', '螺母箱']		['1.90%', '0.50%', '13.95%', '22.11%', '28.39%', '14.42%', '4.81%', '14.42%']	
5039		['S级泛用机体(含保底)', 'S级泛用机体(基础掉落)', 'B、A级泛用机体', '角色碎片', '紫色装备', '突破材料', '经验材料', '螺母箱']		['1.90%', '0.50%', '13.95%', '22.11%', '28.39%', '14.42%', '4.81%', '14.42%']	
5040		['S级泛用机体(含保底)', 'S级泛用机体(基础掉落)', 'B、A级泛用机体', '角色碎片', '紫色装备', '突破材料', '经验材料', '螺母箱']		['1.90%', '0.50%', '13.95%', '22.11%', '28.39%', '14.42%', '4.81%', '14.42%']	
5041		['S级泛用机体(含保底)', 'S级泛用机体(基础掉落)', 'B、A级泛用机体', '角色碎片', '紫色装备', '突破材料', '经验材料', '螺母箱']		['1.90%', '0.50%', '13.95%', '22.11%', '28.39%', '14.42%', '4.81%', '14.42%']	
5042		['S级泛用机体(含保底)', 'S级泛用机体(基础掉落)', 'B、A级泛用机体', '角色碎片', '紫色装备', '突破材料', '经验材料', '螺母箱']		['1.90%', '0.50%', '13.95%', '22.11%', '28.39%', '14.42%', '4.81%', '14.42%']	
5043		['S级泛用机体(含保底)', 'S级泛用机体(基础掉落)', 'B、A级泛用机体', '角色碎片', '紫色装备', '突破材料', '经验材料', '螺母箱']		['1.90%', '0.50%', '13.95%', '22.11%', '28.39%', '14.42%', '4.81%', '14.42%']	
5044		['S级泛用机体(含保底)', 'S级泛用机体(基础掉落)', 'B、A级泛用机体', '角色碎片', '紫色装备', '突破材料', '经验材料', '螺母箱']		['1.90%', '0.50%', '13.95%', '22.11%', '28.39%', '14.42%', '4.81%', '14.42%']	
5045		['S级泛用机体(含保底)', 'S级泛用机体(基础掉落)', 'B、A级泛用机体', '角色碎片', '紫色装备', '突破材料', '经验材料', '螺母箱']		['1.90%', '0.50%', '13.95%', '22.11%', '28.39%', '14.42%', '4.81%', '14.42%']	
5046		['S级泛用机体(含保底)', 'S级泛用机体(基础掉落)', 'B、A级泛用机体', '角色碎片', '紫色装备', '突破材料', '经验材料', '螺母箱']		['1.90%', '0.50%', '13.95%', '22.11%', '28.39%', '14.42%', '4.81%', '14.42%']	
5047		['S级泛用机体(含保底)', 'S级泛用机体(基础掉落)', 'B、A级泛用机体', '角色碎片', '紫色装备', '突破材料', '经验材料', '螺母箱']		['1.90%', '0.50%', '13.95%', '22.11%', '28.39%', '14.42%', '4.81%', '14.42%']	
5048		['S级泛用机体(含保底)', 'S级泛用机体(基础掉落)', 'B、A级泛用机体', '角色碎片', '紫色装备', '突破材料', '经验材料', '螺母箱']		['1.90%', '0.50%', '13.95%', '22.11%', '28.39%', '14.42%', '4.81%', '14.42%']	
5049		['S级泛用机体(含保底)', 'S级泛用机体(基础掉落)', 'B、A级泛用机体', '角色碎片', '紫色装备', '突破材料', '经验材料', '螺母箱']		['1.90%', '0.50%', '13.95%', '22.11%', '28.39%', '14.42%', '4.81%', '14.42%']	
5050		['S级泛用机体(含保底)', 'S级泛用机体(基础掉落)', 'B、A级泛用机体', '角色碎片', '紫色装备', '突破材料', '经验材料', '螺母箱']		['1.90%', '0.50%', '13.95%', '22.11%', '28.39%', '14.42%', '4.81%', '14.42%']	
5051		['S级泛用机体(含保底)', 'S级泛用机体(基础掉落)', 'B、A级泛用机体', '角色碎片', '紫色装备', '突破材料', '经验材料', '螺母箱']		['1.90%', '0.50%', '13.95%', '22.11%', '28.39%', '14.42%', '4.81%', '14.42%']	
5052		['S级泛用机体(含保底)', 'S级泛用机体(基础掉落)', 'B、A级泛用机体', '角色碎片', '紫色装备', '突破材料', '经验材料', '螺母箱']		['1.90%', '0.50%', '13.95%', '22.11%', '28.39%', '14.42%', '4.81%', '14.42%']	
5053		['S级泛用机体(含保底)', 'S级泛用机体(基础掉落)', 'B、A级泛用机体', '角色碎片', '紫色装备', '突破材料', '经验材料', '螺母箱']		['1.90%', '0.50%', '13.95%', '22.11%', '28.39%', '14.42%', '4.81%', '14.42%']	
5054		['S级泛用机体(含保底)', 'S级泛用机体(基础掉落)', 'B、A级泛用机体', '角色碎片', '紫色装备', '突破材料', '经验材料', '螺母箱']		['1.90%', '0.50%', '13.95%', '22.11%', '28.39%', '14.42%', '4.81%', '14.42%']	
5055		['S级泛用机体(含保底)', 'S级泛用机体(基础掉落)', 'B、A级泛用机体', '角色碎片', '紫色装备', '突破材料', '经验材料', '螺母箱']		['1.90%', '0.50%', '13.95%', '22.11%', '28.39%', '14.42%', '4.81%', '14.42%']	
5056		['S级泛用机体(含保底)', 'S级泛用机体(基础掉落)', 'B、A级泛用机体', '角色碎片', '紫色装备', '突破材料', '经验材料', '螺母箱']		['1.90%', '0.50%', '13.95%', '22.11%', '28.39%', '14.42%', '4.81%', '14.42%']	
5057		['S级泛用机体(含保底)', 'S级泛用机体(基础掉落)', 'B、A级泛用机体', '角色碎片', '紫色装备', '突破材料', '经验材料', '螺母箱']		['1.90%', '0.50%', '13.95%', '22.11%', '28.39%', '14.42%', '4.81%', '14.42%']	
5058		['S级泛用机体(含保底)', 'S级泛用机体(基础掉落)', 'B、A级泛用机体', '角色碎片', '紫色装备', '突破材料', '经验材料', '螺母箱']		['1.90%', '0.50%', '13.95%', '22.11%', '28.39%', '14.42%', '4.81%', '14.42%']	
5059		['S级泛用机体(含保底)', 'S级泛用机体(基础掉落)', 'B、A级泛用机体', '角色碎片', '紫色装备', '突破材料', '经验材料', '螺母箱']		['1.90%', '0.50%', '13.95%', '22.11%', '28.39%', '14.42%', '4.81%', '14.42%']	
5060		['S级泛用机体(含保底)', 'S级泛用机体(基础掉落)', 'B、A级泛用机体', '角色碎片', '紫色装备', '突破材料', '经验材料', '螺母箱']		['1.90%', '0.50%', '13.95%', '22.11%', '28.39%', '14.42%', '4.81%', '14.42%']	
6038		['S级泛用机体(含保底)', 'S级泛用机体(基础掉落)', 'B、A级泛用机体', '角色碎片', '紫色装备', '突破材料', '经验材料', '螺母箱']		['1.90%', '1.50%', '13.95%', '22.11%', '28.39%', '14.42%', '4.81%', '14.42%']	
6039		['S级泛用机体(含保底)', 'S级泛用机体(基础掉落)', 'B、A级泛用机体', '角色碎片', '紫色装备', '突破材料', '经验材料', '螺母箱']		['1.90%', '1.50%', '13.95%', '22.11%', '28.39%', '14.42%', '4.81%', '14.42%']	
6040		['S级泛用机体(含保底)', 'S级泛用机体(基础掉落)', 'B、A级泛用机体', '角色碎片', '紫色装备', '突破材料', '经验材料', '螺母箱']		['1.90%', '1.50%', '13.95%', '22.11%', '28.39%', '14.42%', '4.81%', '14.42%']	
6041		['S级泛用机体(含保底)', 'S级泛用机体(基础掉落)', 'B、A级泛用机体', '角色碎片', '紫色装备', '突破材料', '经验材料', '螺母箱']		['1.90%', '1.50%', '13.95%', '22.11%', '28.39%', '14.42%', '4.81%', '14.42%']	
6042		['S级泛用机体(含保底)', 'S级泛用机体(基础掉落)', 'B、A级泛用机体', '角色碎片', '紫色装备', '突破材料', '经验材料', '螺母箱']		['1.90%', '1.50%', '13.95%', '22.11%', '28.39%', '14.42%', '4.81%', '14.42%']	
6043		['S级泛用机体(含保底)', 'S级泛用机体(基础掉落)', 'B、A级泛用机体', '角色碎片', '紫色装备', '突破材料', '经验材料', '螺母箱']		['1.90%', '1.50%', '13.95%', '22.11%', '28.39%', '14.42%', '4.81%', '14.42%']	
6044		['S级泛用机体(含保底)', 'S级泛用机体(基础掉落)', 'B、A级泛用机体', '角色碎片', '紫色装备', '突破材料', '经验材料', '螺母箱']		['1.90%', '1.50%', '13.95%', '22.11%', '28.39%', '14.42%', '4.81%', '14.42%']	
6045		['S级泛用机体(含保底)', 'S级泛用机体(基础掉落)', 'B、A级泛用机体', '角色碎片', '紫色装备', '突破材料', '经验材料', '螺母箱']		['1.90%', '1.50%', '13.95%', '22.11%', '28.39%', '14.42%', '4.81%', '14.42%']	
6046		['S级泛用机体(含保底)', 'S级泛用机体(基础掉落)', 'B、A级泛用机体', '角色碎片', '紫色装备', '突破材料', '经验材料', '螺母箱']		['1.90%', '1.50%', '13.95%', '22.11%', '28.39%', '14.42%', '4.81%', '14.42%']	
6047		['S级泛用机体(含保底)', 'S级泛用机体(基础掉落)', 'B、A级泛用机体', '角色碎片', '紫色装备', '突破材料', '经验材料', '螺母箱']		['1.90%', '1.50%', '13.95%', '22.11%', '28.39%', '14.42%', '4.81%', '14.42%']	
6048		['S级泛用机体(含保底)', 'S级泛用机体(基础掉落)', 'B、A级泛用机体', '角色碎片', '紫色装备', '突破材料', '经验材料', '螺母箱']		['1.90%', '1.50%', '13.95%', '22.11%', '28.39%', '14.42%', '4.81%', '14.42%']	
6049		['S级泛用机体(含保底)', 'S级泛用机体(基础掉落)', 'B、A级泛用机体', '角色碎片', '紫色装备', '突破材料', '经验材料', '螺母箱']		['1.90%', '1.50%', '13.95%', '22.11%', '28.39%', '14.42%', '4.81%', '14.42%']	
6050		['S级泛用机体(含保底)', 'S级泛用机体(基础掉落)', 'B、A级泛用机体', '角色碎片', '紫色装备', '突破材料', '经验材料', '螺母箱']		['1.90%', '1.50%', '13.95%', '22.11%', '28.39%', '14.42%', '4.81%', '14.42%']	
6051		['S级泛用机体(含保底)', 'S级泛用机体(基础掉落)', 'B、A级泛用机体', '角色碎片', '紫色装备', '突破材料', '经验材料', '螺母箱']		['1.90%', '1.50%', '13.95%', '22.11%', '28.39%', '14.42%', '4.81%', '14.42%']	
6052		['S级泛用机体(含保底)', 'S级泛用机体(基础掉落)', 'B、A级泛用机体', '角色碎片', '紫色装备', '突破材料', '经验材料', '螺母箱']		['1.90%', '1.50%', '13.95%', '22.11%', '28.39%', '14.42%', '4.81%', '14.42%']	
6053		['S级泛用机体(含保底)', 'S级泛用机体(基础掉落)', 'B、A级泛用机体', '角色碎片', '紫色装备', '突破材料', '经验材料', '螺母箱']		['1.90%', '1.50%', '13.95%', '22.11%', '28.39%', '14.42%', '4.81%', '14.42%']	
6054		['S级泛用机体(含保底)', 'S级泛用机体(基础掉落)', 'B、A级泛用机体', '角色碎片', '紫色装备', '突破材料', '经验材料', '螺母箱']		['1.90%', '1.50%', '13.95%', '22.11%', '28.39%', '14.42%', '4.81%', '14.42%']	
6055		['S级泛用机体(含保底)', 'S级泛用机体(基础掉落)', 'B、A级泛用机体', '角色碎片', '紫色装备', '突破材料', '经验材料', '螺母箱']		['1.90%', '1.50%', '13.95%', '22.11%', '28.39%', '14.42%', '4.81%', '14.42%']	
6056		['S级泛用机体(含保底)', 'S级泛用机体(基础掉落)', 'B、A级泛用机体', '角色碎片', '紫色装备', '突破材料', '经验材料', '螺母箱']		['1.90%', '1.50%', '13.95%', '22.11%', '28.39%', '14.42%', '4.81%', '14.42%']	
6057		['S级泛用机体(含保底)', 'S级泛用机体(基础掉落)', 'B、A级泛用机体', '角色碎片', '紫色装备', '突破材料', '经验材料', '螺母箱']		['1.90%', '1.50%', '13.95%', '22.11%', '28.39%', '14.42%', '4.81%', '14.42%']	
6058		['S级泛用机体(含保底)', 'S级泛用机体(基础掉落)', 'B、A级泛用机体', '角色碎片', '紫色装备', '突破材料', '经验材料', '螺母箱']		['1.90%', '1.50%', '13.95%', '22.11%', '28.39%', '14.42%', '4.81%', '14.42%']	
6059		['S级泛用机体(含保底)', 'S级泛用机体(基础掉落)', 'B、A级泛用机体', '角色碎片', '紫色装备', '突破材料', '经验材料', '螺母箱']		['1.90%', '1.50%', '13.95%', '22.11%', '28.39%', '14.42%', '4.81%', '14.42%']	
6060		['S级泛用机体(含保底)', 'S级泛用机体(基础掉落)', 'B、A级泛用机体', '角色碎片', '紫色装备', '突破材料', '经验材料', '螺母箱']		['1.90%', '1.50%', '13.95%', '22.11%', '28.39%', '14.42%', '4.81%', '14.42%']	
7029		['S级支援单位(含保底)', 'S级支援单位(基础掉落)', 'A级支援单位', '支援单位经验材料', '支援单位突破材料', '支援技能元件', '支援单位碎片', '螺母箱']		['8.33%', '5.82%', '14.14%', '20.72%', '11.02%', '16.31%', '13.42%', '16.06%']	
7030		['S级支援单位(含保底)', 'S级支援单位(基础掉落)', 'A级支援单位', '支援单位经验材料', '支援单位突破材料', '支援技能元件', '支援单位碎片', '螺母箱']		['8.33%', '5.82%', '14.14%', '20.72%', '11.02%', '16.31%', '13.42%', '16.06%']	
355	[True, True]	['【6星】骇客锐音', '【5星】白夜噪点', '【6星】时隧之钥-斯托克斯', '【6星】玛纳加尔姆', '【5星】核子熔断·δ', '【5星】三重奏', '紫色武器', '蓝色武器', '螺母箱', '突破材料']		['4.00%', '12.00%', '0.50%', '0.50%', '1.50%', '1.50%', '33.40%', '27.90%', '9.35%', '9.35%']	
1281		['S级泛用机体(含保底)', 'S级泛用机体(基础掉落)', 'B、A级泛用机体', '角色碎片', '紫色装备', '突破材料', '经验材料', '螺母箱']		['1.90%', '0.50%', '13.95%', '22.11%', '28.39%', '14.42%', '4.81%', '14.42%']	
1282		['S级泛用机体(含保底)', 'S级泛用机体(基础掉落)', 'B、A级泛用机体', '角色碎片', '紫色装备', '突破材料', '经验材料', '螺母箱']		['1.90%', '0.50%', '13.95%', '22.11%', '28.39%', '14.42%', '4.81%', '14.42%']	
1283		['S级泛用机体(含保底)', 'S级泛用机体(基础掉落)', 'B、A级泛用机体', '角色碎片', '紫色装备', '突破材料', '经验材料', '螺母箱']		['1.90%', '0.50%', '13.95%', '22.11%', '28.39%', '14.42%', '4.81%', '14.42%']	
1284		['S级泛用机体(含保底)', 'S级泛用机体(基础掉落)', 'B、A级泛用机体', '角色碎片', '紫色装备', '突破材料', '经验材料', '螺母箱']		['1.90%', '0.50%', '13.95%', '22.11%', '28.39%', '14.42%', '4.81%', '14.42%']	
1285		['S级泛用机体(含保底)', 'S级泛用机体(基础掉落)', 'B、A级泛用机体', '角色碎片', '紫色装备', '突破材料', '经验材料', '螺母箱']		['1.90%', '0.50%', '13.95%', '22.11%', '28.39%', '14.42%', '4.81%', '14.42%']	
1286		['S级泛用机体(含保底)', 'S级泛用机体(基础掉落)', 'B、A级泛用机体', '角色碎片', '紫色装备', '突破材料', '经验材料', '螺母箱']		['1.90%', '0.50%', '13.95%', '22.11%', '28.39%', '14.42%', '4.81%', '14.42%']	
1287		['S级泛用机体(含保底)', 'S级泛用机体(基础掉落)', 'B、A级泛用机体', '角色碎片', '紫色装备', '突破材料', '经验材料', '螺母箱']		['1.90%', '0.50%', '13.95%', '22.11%', '28.39%', '14.42%', '4.81%', '14.42%']	
1288		['S级泛用机体(含保底)', 'S级泛用机体(基础掉落)', 'B、A级泛用机体', '角色碎片', '紫色装备', '突破材料', '经验材料', '螺母箱']		['1.90%', '0.50%', '13.95%', '22.11%', '28.39%', '14.42%', '4.81%', '14.42%']	
1289		['S级泛用机体(含保底)', 'S级泛用机体(基础掉落)', 'B、A级泛用机体', '角色碎片', '紫色装备', '突破材料', '经验材料', '螺母箱']		['1.90%', '0.50%', '13.95%', '22.11%', '28.39%', '14.42%', '4.81%', '14.42%']	
2275		['S级泛用机体(含保底)', 'S级泛用机体(基础掉落)', 'B、A级泛用机体', '角色碎片', '紫色装备', '突破材料', '经验材料', '螺母箱']		['1.90%', '1.50%', '13.95%', '22.11%', '28.39%', '14.42%', '4.81%', '14.42%']	
2276		['S级泛用机体(含保底)', 'S级泛用机体(基础掉落)', 'B、A级泛用机体', '角色碎片', '紫色装备', '突破材料', '经验材料', '螺母箱']		['1.90%', '1.50%', '13.95%', '22.11%', '28.39%', '14.42%', '4.81%', '14.42%']	
2277		['S级泛用机体(含保底)', 'S级泛用机体(基础掉落)', 'B、A级泛用机体', '角色碎片', '紫色装备', '突破材料', '经验材料', '螺母箱']		['1.90%', '1.50%', '13.95%', '22.11%', '28.39%', '14.42%', '4.81%', '14.42%']	
2278		['S级泛用机体(含保底)', 'S级泛用机体(基础掉落)', 'B、A级泛用机体', '角色碎片', '紫色装备', '突破材料', '经验材料', '螺母箱']		['1.90%', '1.50%', '13.95%', '22.11%', '28.39%', '14.42%', '4.81%', '14.42%']	
2279		['S级泛用机体(含保底)', 'S级泛用机体(基础掉落)', 'B、A级泛用机体', '角色碎片', '紫色装备', '突破材料', '经验材料', '螺母箱']		['1.90%', '1.50%', '13.95%', '22.11%', '28.39%', '14.42%', '4.81%', '14.42%']	
2280		['S级泛用机体(含保底)', 'S级泛用机体(基础掉落)', 'B、A级泛用机体', '角色碎片', '紫色装备', '突破材料', '经验材料', '螺母箱']		['1.90%', '1.50%', '13.95%', '22.11%', '28.39%', '14.42%', '4.81%', '14.42%']	
2281		['S级泛用机体(含保底)', 'S级泛用机体(基础掉落)', 'B、A级泛用机体', '角色碎片', '紫色装备', '突破材料', '经验材料', '螺母箱']		['1.90%', '1.50%', '13.95%', '22.11%', '28.39%', '14.42%', '4.81%', '14.42%']	
2282		['S级泛用机体(含保底)', 'S级泛用机体(基础掉落)', 'B、A级泛用机体', '角色碎片', '紫色装备', '突破材料', '经验材料', '螺母箱']		['1.90%', '1.50%', '13.95%', '22.11%', '28.39%', '14.42%', '4.81%', '14.42%']	
2283		['S级泛用机体(含保底)', 'S级泛用机体(基础掉落)', 'B、A级泛用机体', '角色碎片', '紫色装备', '突破材料', '经验材料', '螺母箱']		['1.90%', '1.50%', '13.95%', '22.11%', '28.39%', '14.42%', '4.81%', '14.42%']	
3027		['S级泛用机体(含保底)', 'S级泛用机体(基础掉落)', 'B、A级泛用机体', '角色碎片', '紫色装备', '突破材料', '经验材料', '螺母箱']		['1.90%', '0.50%', '13.95%', '22.11%', '28.39%', '14.42%', '4.81%', '14.42%']	
3028		['S级泛用机体(含保底)', 'S级泛用机体(基础掉落)', 'B、A级泛用机体', '角色碎片', '紫色装备', '突破材料', '经验材料', '螺母箱']		['1.90%', '0.50%', '13.95%', '22.11%', '28.39%', '14.42%', '4.81%', '14.42%']	
356	[True, True]	['【6星】律条重塑', '【5星】黯月摧朽', '【6星】赤红咆哮', '【6星】暗夜猎隼', '【5星】FPT-II改', '【5星】苍白羽赫', '紫色武器', '蓝色武器', '螺母箱', '突破材料']		['4.00%', '12.00%', '0.50%', '0.50%', '1.50%', '1.50%', '33.40%', '27.90%', '9.35%', '9.35%']	
1290		['S级泛用机体(含保底)', 'S级泛用机体(基础掉落)', 'B、A级泛用机体', '角色碎片', '紫色装备', '突破材料', '经验材料', '螺母箱']		['1.90%', '0.50%', '13.95%', '22.11%', '28.39%', '14.42%', '4.81%', '14.42%']	
1291		['S级泛用机体(含保底)', 'S级泛用机体(基础掉落)', 'B、A级泛用机体', '角色碎片', '紫色装备', '突破材料', '经验材料', '螺母箱']		['1.90%', '0.50%', '13.95%', '22.11%', '28.39%', '14.42%', '4.81%', '14.42%']	
1292		['S级泛用机体(含保底)', 'S级泛用机体(基础掉落)', 'B、A级泛用机体', '角色碎片', '紫色装备', '突破材料', '经验材料', '螺母箱']		['1.90%', '0.50%', '13.95%', '22.11%', '28.39%', '14.42%', '4.81%', '14.42%']	
1293		['S级泛用机体(含保底)', 'S级泛用机体(基础掉落)', 'B、A级泛用机体', '角色碎片', '紫色装备', '突破材料', '经验材料', '螺母箱']		['1.90%', '0.50%', '13.95%', '22.11%', '28.39%', '14.42%', '4.81%', '14.42%']	
1294		['S级泛用机体(含保底)', 'S级泛用机体(基础掉落)', 'B、A级泛用机体', '角色碎片', '紫色装备', '突破材料', '经验材料', '螺母箱']		['1.90%', '0.50%', '13.95%', '22.11%', '28.39%', '14.42%', '4.81%', '14.42%']	
1295		['S级泛用机体(含保底)', 'S级泛用机体(基础掉落)', 'B、A级泛用机体', '角色碎片', '紫色装备', '突破材料', '经验材料', '螺母箱']		['1.90%', '0.50%', '13.95%', '22.11%', '28.39%', '14.42%', '4.81%', '14.42%']	
1296		['S级泛用机体(含保底)', 'S级泛用机体(基础掉落)', 'B、A级泛用机体', '角色碎片', '紫色装备', '突破材料', '经验材料', '螺母箱']		['1.90%', '0.50%', '13.95%', '22.11%', '28.39%', '14.42%', '4.81%', '14.42%']	
1297		['S级泛用机体(含保底)', 'S级泛用机体(基础掉落)', 'B、A级泛用机体', '角色碎片', '紫色装备', '突破材料', '经验材料', '螺母箱']		['1.90%', '0.50%', '13.95%', '22.11%', '28.39%', '14.42%', '4.81%', '14.42%']	
1298		['S级泛用机体(含保底)', 'S级泛用机体(基础掉落)', 'B、A级泛用机体', '角色碎片', '紫色装备', '突破材料', '经验材料', '螺母箱']		['1.90%', '0.50%', '13.95%', '22.11%', '28.39%', '14.42%', '4.81%', '14.42%']	
1299		['S级泛用机体(含保底)', 'S级泛用机体(基础掉落)', 'B、A级泛用机体', '角色碎片', '紫色装备', '突破材料', '经验材料', '螺母箱']		['1.90%', '0.50%', '13.95%', '22.11%', '28.39%', '14.42%', '4.81%', '14.42%']	
2284		['S级泛用机体(含保底)', 'S级泛用机体(基础掉落)', 'B、A级泛用机体', '角色碎片', '紫色装备', '突破材料', '经验材料', '螺母箱']		['1.90%', '1.50%', '13.95%', '22.11%', '28.39%', '14.42%', '4.81%', '14.42%']	
2285		['S级泛用机体(含保底)', 'S级泛用机体(基础掉落)', 'B、A级泛用机体', '角色碎片', '紫色装备', '突破材料', '经验材料', '螺母箱']		['1.90%', '1.50%', '13.95%', '22.11%', '28.39%', '14.42%', '4.81%', '14.42%']	
2286		['S级泛用机体(含保底)', 'S级泛用机体(基础掉落)', 'B、A级泛用机体', '角色碎片', '紫色装备', '突破材料', '经验材料', '螺母箱']		['1.90%', '1.50%', '13.95%', '22.11%', '28.39%', '14.42%', '4.81%', '14.42%']	
2287		['S级泛用机体(含保底)', 'S级泛用机体(基础掉落)', 'B、A级泛用机体', '角色碎片', '紫色装备', '突破材料', '经验材料', '螺母箱']		['1.90%', '1.50%', '13.95%', '22.11%', '28.39%', '14.42%', '4.81%', '14.42%']	
2288		['S级泛用机体(含保底)', 'S级泛用机体(基础掉落)', 'B、A级泛用机体', '角色碎片', '紫色装备', '突破材料', '经验材料', '螺母箱']		['1.90%', '1.50%', '13.95%', '22.11%', '28.39%', '14.42%', '4.81%', '14.42%']	
2289		['S级泛用机体(含保底)', 'S级泛用机体(基础掉落)', 'B、A级泛用机体', '角色碎片', '紫色装备', '突破材料', '经验材料', '螺母箱']		['1.90%', '1.50%', '13.95%', '22.11%', '28.39%', '14.42%', '4.81%', '14.42%']	
2290		['S级泛用机体(含保底)', 'S级泛用机体(基础掉落)', 'B、A级泛用机体', '角色碎片', '紫色装备', '突破材料', '经验材料', '螺母箱']		['1.90%', '1.50%', '13.95%', '22.11%', '28.39%', '14.42%', '4.81%', '14.42%']	
2291		['S级泛用机体(含保底)', 'S级泛用机体(基础掉落)', 'B、A级泛用机体', '角色碎片', '紫色装备', '突破材料', '经验材料', '螺母箱']		['1.90%', '1.50%', '13.95%', '22.11%', '28.39%', '14.42%', '4.81%', '14.42%']	
2292		['S级泛用机体(含保底)', 'S级泛用机体(基础掉落)', 'B、A级泛用机体', '角色碎片', '紫色装备', '突破材料', '经验材料', '螺母箱']		['1.90%', '1.50%', '13.95%', '22.11%', '28.39%', '14.42%', '4.81%', '14.42%']	
2293		['S级泛用机体(含保底)', 'S级泛用机体(基础掉落)', 'B、A级泛用机体', '角色碎片', '紫色装备', '突破材料', '经验材料', '螺母箱']		['1.90%', '1.50%', '13.95%', '22.11%', '28.39%', '14.42%', '4.81%', '14.42%']	
7031		['S级支援单位(含保底)', 'S级支援单位(基础掉落)', 'A级支援单位', '支援单位经验材料', '支援单位突破材料', '支援技能元件', '支援单位碎片', '螺母箱']		['8.33%', '5.82%', '14.14%', '20.72%', '11.02%', '16.31%', '13.42%', '16.06%']	
7032		['S级支援单位(含保底)', 'S级支援单位(基础掉落)', 'A级支援单位', '支援单位经验材料', '支援单位突破材料', '支援技能元件', '支援单位碎片', '螺母箱']		['8.33%', '5.82%', '14.14%', '20.72%', '11.02%', '16.31%', '13.42%', '16.06%']	
357	[True, True]	['【6星】塞斯特斯', '【5星】不毁玓光', '【6星】墨提斯', '【6星】骇客锐音', '【5星】逆行交点', '【5星】白夜噪点', '紫色武器', '蓝色武器', '螺母箱', '突破材料']		['4.00%', '12.00%', '0.50%', '0.50%', '1.50%', '1.50%', '33.40%', '27.90%', '9.35%', '9.35%']	
1300		['S级泛用机体(含保底)', 'S级泛用机体(基础掉落)', 'B、A级泛用机体', '角色碎片', '紫色装备', '突破材料', '经验材料', '螺母箱']		['1.90%', '0.50%', '13.95%', '22.11%', '28.39%', '14.42%', '4.81%', '14.42%']	
1301		['S级泛用机体(含保底)', 'S级泛用机体(基础掉落)', 'B、A级泛用机体', '角色碎片', '紫色装备', '突破材料', '经验材料', '螺母箱']		['1.90%', '0.50%', '13.95%', '22.11%', '28.39%', '14.42%', '4.81%', '14.42%']	
1302		['S级泛用机体(含保底)', 'S级泛用机体(基础掉落)', 'B、A级泛用机体', '角色碎片', '紫色装备', '突破材料', '经验材料', '螺母箱']		['1.90%', '0.50%', '13.95%', '22.11%', '28.39%', '14.42%', '4.81%', '14.42%']	
1303		['S级泛用机体(含保底)', 'S级泛用机体(基础掉落)', 'B、A级泛用机体', '角色碎片', '紫色装备', '突破材料', '经验材料', '螺母箱']		['1.90%', '0.50%', '13.95%', '22.11%', '28.39%', '14.42%', '4.81%', '14.42%']	
1304		['S级泛用机体(含保底)', 'S级泛用机体(基础掉落)', 'B、A级泛用机体', '角色碎片', '紫色装备', '突破材料', '经验材料', '螺母箱']		['1.90%', '0.50%', '13.95%', '22.11%', '28.39%', '14.42%', '4.81%', '14.42%']	
1305		['S级泛用机体(含保底)', 'S级泛用机体(基础掉落)', 'B、A级泛用机体', '角色碎片', '紫色装备', '突破材料', '经验材料', '螺母箱']		['1.90%', '0.50%', '13.95%', '22.11%', '28.39%', '14.42%', '4.81%', '14.42%']	
1306		['S级泛用机体(含保底)', 'S级泛用机体(基础掉落)', 'B、A级泛用机体', '角色碎片', '紫色装备', '突破材料', '经验材料', '螺母箱']		['1.90%', '0.50%', '13.95%', '22.11%', '28.39%', '14.42%', '4.81%', '14.42%']	
1307		['S级泛用机体(含保底)', 'S级泛用机体(基础掉落)', 'B、A级泛用机体', '角色碎片', '紫色装备', '突破材料', '经验材料', '螺母箱']		['1.90%', '0.50%', '13.95%', '22.11%', '28.39%', '14.42%', '4.81%', '14.42%']	
1308		['S级泛用机体(含保底)', 'S级泛用机体(基础掉落)', 'B、A级泛用机体', '角色碎片', '紫色装备', '突破材料', '经验材料', '螺母箱']		['1.90%', '0.50%', '13.95%', '22.11%', '28.39%', '14.42%', '4.81%', '14.42%']	
2294		['S级泛用机体(含保底)', 'S级泛用机体(基础掉落)', 'B、A级泛用机体', '角色碎片', '紫色装备', '突破材料', '经验材料', '螺母箱']		['1.90%', '1.50%', '13.95%', '22.11%', '28.39%', '14.42%', '4.81%', '14.42%']	
2295		['S级泛用机体(含保底)', 'S级泛用机体(基础掉落)', 'B、A级泛用机体', '角色碎片', '紫色装备', '突破材料', '经验材料', '螺母箱']		['1.90%', '1.50%', '13.95%', '22.11%', '28.39%', '14.42%', '4.81%', '14.42%']	
2296		['S级泛用机体(含保底)', 'S级泛用机体(基础掉落)', 'B、A级泛用机体', '角色碎片', '紫色装备', '突破材料', '经验材料', '螺母箱']		['1.90%', '1.50%', '13.95%', '22.11%', '28.39%', '14.42%', '4.81%', '14.42%']	
2297		['S级泛用机体(含保底)', 'S级泛用机体(基础掉落)', 'B、A级泛用机体', '角色碎片', '紫色装备', '突破材料', '经验材料', '螺母箱']		['1.90%', '1.50%', '13.95%', '22.11%', '28.39%', '14.42%', '4.81%', '14.42%']	
2298		['S级泛用机体(含保底)', 'S级泛用机体(基础掉落)', 'B、A级泛用机体', '角色碎片', '紫色装备', '突破材料', '经验材料', '螺母箱']		['1.90%', '1.50%', '13.95%', '22.11%', '28.39%', '14.42%', '4.81%', '14.42%']	
2299		['S级泛用机体(含保底)', 'S级泛用机体(基础掉落)', 'B、A级泛用机体', '角色碎片', '紫色装备', '突破材料', '经验材料', '螺母箱']		['1.90%', '1.50%', '13.95%', '22.11%', '28.39%', '14.42%', '4.81%', '14.42%']	
2300		['S级泛用机体(含保底)', 'S级泛用机体(基础掉落)', 'B、A级泛用机体', '角色碎片', '紫色装备', '突破材料', '经验材料', '螺母箱']		['1.90%', '1.50%', '13.95%', '22.11%', '28.39%', '14.42%', '4.81%', '14.42%']	
2301		['S级泛用机体(含保底)', 'S级泛用机体(基础掉落)', 'B、A级泛用机体', '角色碎片', '紫色装备', '突破材料', '经验材料', '螺母箱']		['1.90%', '1.50%', '13.95%', '22.11%', '28.39%', '14.42%', '4.81%', '14.42%']	
2302		['S级泛用机体(含保底)', 'S级泛用机体(基础掉落)', 'B、A级泛用机体', '角色碎片', '紫色装备', '突破材料', '经验材料', '螺母箱']		['1.90%', '1.50%', '13.95%', '22.11%', '28.39%', '14.42%', '4.81%', '14.42%']	
3029		['S级泛用机体(含保底)', 'S级泛用机体(基础掉落)', 'B、A级泛用机体', '角色碎片', '紫色装备', '突破材料', '经验材料', '螺母箱']		['1.90%', '0.50%', '13.95%', '22.11%', '28.39%', '14.42%', '4.81%', '14.42%']	
3030		['S级泛用机体(含保底)', 'S级泛用机体(基础掉落)', 'B、A级泛用机体', '角色碎片', '紫色装备', '突破材料', '经验材料', '螺母箱']		['1.90%', '0.50%', '13.95%', '22.11%', '28.39%', '14.42%', '4.81%', '14.42%']	
358	[True, True]	['【6星】鹏游蝶梦', '【5星】月上海棠', '【6星】今古', '【6星】铭钥阙影', '【5星】风回', '【5星】鸿浩锋羽', '紫色武器', '蓝色武器', '螺母箱', '突破材料']		['4.00%', '12.00%', '0.50%', '0.50%', '1.50%', '1.50%', '33.40%', '27.90%', '9.35%', '9.35%']	
7033		['S级支援单位(含保底)', 'S级支援单位(基础掉落)', 'A级支援单位', '支援单位经验材料', '支援单位突破材料', '支援技能元件', '支援单位碎片', '螺母箱']		['8.33%', '5.82%', '14.14%', '20.72%', '11.02%', '16.31%', '13.42%', '16.06%']	
7034		['S级支援单位(含保底)', 'S级支援单位(基础掉落)', 'A级支援单位', '支援单位经验材料', '支援单位突破材料', '支援技能元件', '支援单位碎片', '螺母箱']		['8.33%', '5.82%', '14.14%', '20.72%', '11.02%', '16.31%', '13.42%', '16.06%']	
1309		['S级泛用机体(含保底)', 'S级泛用机体(基础掉落)', 'B、A级泛用机体', '角色碎片', '紫色装备', '突破材料', '经验材料', '螺母箱']		['1.90%', '0.50%', '13.95%', '22.11%', '28.39%', '14.42%', '4.81%', '14.42%']	
1310		['S级泛用机体(含保底)', 'S级泛用机体(基础掉落)', 'B、A级泛用机体', '角色碎片', '紫色装备', '突破材料', '经验材料', '螺母箱']		['1.90%', '0.50%', '13.95%', '22.11%', '28.39%', '14.42%', '4.81%', '14.42%']	
1311		['S级泛用机体(含保底)', 'S级泛用机体(基础掉落)', 'B、A级泛用机体', '角色碎片', '紫色装备', '突破材料', '经验材料', '螺母箱']		['1.90%', '0.50%', '13.95%', '22.11%', '28.39%', '14.42%', '4.81%', '14.42%']	
1312		['S级泛用机体(含保底)', 'S级泛用机体(基础掉落)', 'B、A级泛用机体', '角色碎片', '紫色装备', '突破材料', '经验材料', '螺母箱']		['1.90%', '0.50%', '13.95%', '22.11%', '28.39%', '14.42%', '4.81%', '14.42%']	
1313		['S级泛用机体(含保底)', 'S级泛用机体(基础掉落)', 'B、A级泛用机体', '角色碎片', '紫色装备', '突破材料', '经验材料', '螺母箱']		['1.90%', '0.50%', '13.95%', '22.11%', '28.39%', '14.42%', '4.81%', '14.42%']	
1314		['S级泛用机体(含保底)', 'S级泛用机体(基础掉落)', 'B、A级泛用机体', '角色碎片', '紫色装备', '突破材料', '经验材料', '螺母箱']		['1.90%', '0.50%', '13.95%', '22.11%', '28.39%', '14.42%', '4.81%', '14.42%']	
1315		['S级泛用机体(含保底)', 'S级泛用机体(基础掉落)', 'B、A级泛用机体', '角色碎片', '紫色装备', '突破材料', '经验材料', '螺母箱']		['1.90%', '0.50%', '13.95%', '22.11%', '28.39%', '14.42%', '4.81%', '14.42%']	
1316		['S级泛用机体(含保底)', 'S级泛用机体(基础掉落)', 'B、A级泛用机体', '角色碎片', '紫色装备', '突破材料', '经验材料', '螺母箱']		['1.90%', '0.50%', '13.95%', '22.11%', '28.39%', '14.42%', '4.81%', '14.42%']	
1317		['S级泛用机体(含保底)', 'S级泛用机体(基础掉落)', 'B、A级泛用机体', '角色碎片', '紫色装备', '突破材料', '经验材料', '螺母箱']		['1.90%', '0.50%', '13.95%', '22.11%', '28.39%', '14.42%', '4.81%', '14.42%']	
2303		['S级泛用机体(含保底)', 'S级泛用机体(基础掉落)', 'B、A级泛用机体', '角色碎片', '紫色装备', '突破材料', '经验材料', '螺母箱']		['1.90%', '1.50%', '13.95%', '22.11%', '28.39%', '14.42%', '4.81%', '14.42%']	
2304		['S级泛用机体(含保底)', 'S级泛用机体(基础掉落)', 'B、A级泛用机体', '角色碎片', '紫色装备', '突破材料', '经验材料', '螺母箱']		['1.90%', '1.50%', '13.95%', '22.11%', '28.39%', '14.42%', '4.81%', '14.42%']	
2305		['S级泛用机体(含保底)', 'S级泛用机体(基础掉落)', 'B、A级泛用机体', '角色碎片', '紫色装备', '突破材料', '经验材料', '螺母箱']		['1.90%', '1.50%', '13.95%', '22.11%', '28.39%', '14.42%', '4.81%', '14.42%']	
2306		['S级泛用机体(含保底)', 'S级泛用机体(基础掉落)', 'B、A级泛用机体', '角色碎片', '紫色装备', '突破材料', '经验材料', '螺母箱']		['1.90%', '1.50%', '13.95%', '22.11%', '28.39%', '14.42%', '4.81%', '14.42%']	
2307		['S级泛用机体(含保底)', 'S级泛用机体(基础掉落)', 'B、A级泛用机体', '角色碎片', '紫色装备', '突破材料', '经验材料', '螺母箱']		['1.90%', '1.50%', '13.95%', '22.11%', '28.39%', '14.42%', '4.81%', '14.42%']	
2308		['S级泛用机体(含保底)', 'S级泛用机体(基础掉落)', 'B、A级泛用机体', '角色碎片', '紫色装备', '突破材料', '经验材料', '螺母箱']		['1.90%', '1.50%', '13.95%', '22.11%', '28.39%', '14.42%', '4.81%', '14.42%']	
2309		['S级泛用机体(含保底)', 'S级泛用机体(基础掉落)', 'B、A级泛用机体', '角色碎片', '紫色装备', '突破材料', '经验材料', '螺母箱']		['1.90%', '1.50%', '13.95%', '22.11%', '28.39%', '14.42%', '4.81%', '14.42%']	
2310		['S级泛用机体(含保底)', 'S级泛用机体(基础掉落)', 'B、A级泛用机体', '角色碎片', '紫色装备', '突破材料', '经验材料', '螺母箱']		['1.90%', '1.50%', '13.95%', '22.11%', '28.39%', '14.42%', '4.81%', '14.42%']	
2311		['S级泛用机体(含保底)', 'S级泛用机体(基础掉落)', 'B、A级泛用机体', '角色碎片', '紫色装备', '突破材料', '经验材料', '螺母箱']		['1.90%', '1.50%', '13.95%', '22.11%', '28.39%', '14.42%', '4.81%', '14.42%']	
1318		['S级泛用机体(含保底)', 'S级泛用机体(基础掉落)', 'B、A级泛用机体', '角色碎片', '紫色装备', '突破材料', '经验材料', '螺母箱']		['1.90%', '0.50%', '13.95%', '22.11%', '28.39%', '14.42%', '4.81%', '14.42%']	
2312		['S级泛用机体(含保底)', 'S级泛用机体(基础掉落)', 'B、A级泛用机体', '角色碎片', '紫色装备', '突破材料', '经验材料', '螺母箱']		['1.90%', '1.50%', '13.95%', '22.11%', '28.39%', '14.42%', '4.81%', '14.42%']	
8047		['S级泛用机体(含保底)', 'S级泛用机体(基础掉落)', 'B、A级泛用机体', '角色碎片', '紫色装备', '突破材料', '经验材料', '螺母箱']		['1.90%', '0.50%', '13.95%', '22.11%', '28.39%', '14.42%', '4.81%', '14.42%']	
8048		['S级泛用机体(含保底)', 'S级泛用机体(基础掉落)', 'B、A级泛用机体', '角色碎片', '紫色装备', '突破材料', '经验材料', '螺母箱']		['1.90%', '0.50%', '13.95%', '22.11%', '28.39%', '14.42%', '4.81%', '14.42%']	
8049		['S级泛用机体(含保底)', 'S级泛用机体(基础掉落)', 'B、A级泛用机体', '角色碎片', '紫色装备', '突破材料', '经验材料', '螺母箱']		['1.90%', '0.50%', '13.95%', '22.11%', '28.39%', '14.42%', '4.81%', '14.42%']	
8050		['S级泛用机体(含保底)', 'S级泛用机体(基础掉落)', 'B、A级泛用机体', '角色碎片', '紫色装备', '突破材料', '经验材料', '螺母箱']		['1.90%', '0.50%', '13.95%', '22.11%', '28.39%', '14.42%', '4.81%', '14.42%']	
8051		['S级泛用机体(含保底)', 'S级泛用机体(基础掉落)', 'B、A级泛用机体', '角色碎片', '紫色装备', '突破材料', '经验材料', '螺母箱']		['1.90%', '0.50%', '13.95%', '22.11%', '28.39%', '14.42%', '4.81%', '14.42%']	
8052		['S级泛用机体(含保底)', 'S级泛用机体(基础掉落)', 'B、A级泛用机体', '角色碎片', '紫色装备', '突破材料', '经验材料', '螺母箱']		['1.90%', '0.50%', '13.95%', '22.11%', '28.39%', '14.42%', '4.81%', '14.42%']	
8053		['S级泛用机体(含保底)', 'S级泛用机体(基础掉落)', 'B、A级泛用机体', '角色碎片', '紫色装备', '突破材料', '经验材料', '螺母箱']		['1.90%', '0.50%', '13.95%', '22.11%', '28.39%', '14.42%', '4.81%', '14.42%']	
8054		['S级泛用机体(含保底)', 'S级泛用机体(基础掉落)', 'B、A级泛用机体', '角色碎片', '紫色装备', '突破材料', '经验材料', '螺母箱']		['1.90%', '0.50%', '13.95%', '22.11%', '28.39%', '14.42%', '4.81%', '14.42%']	
8055		['S级泛用机体(含保底)', 'S级泛用机体(基础掉落)', 'B、A级泛用机体', '角色碎片', '紫色装备', '突破材料', '经验材料', '螺母箱']		['1.90%', '0.50%', '13.95%', '22.11%', '28.39%', '14.42%', '4.81%', '14.42%']	
8056		['S级泛用机体(含保底)', 'S级泛用机体(基础掉落)', 'B、A级泛用机体', '角色碎片', '紫色装备', '突破材料', '经验材料', '螺母箱']		['1.90%', '0.50%', '13.95%', '22.11%', '28.39%', '14.42%', '4.81%', '14.42%']	
8057		['S级泛用机体(含保底)', 'S级泛用机体(基础掉落)', 'B、A级泛用机体', '角色碎片', '紫色装备', '突破材料', '经验材料', '螺母箱']		['1.90%', '0.50%', '13.95%', '22.11%', '28.39%', '14.42%', '4.81%', '14.42%']	
8058		['S级泛用机体(含保底)', 'S级泛用机体(基础掉落)', 'B、A级泛用机体', '角色碎片', '紫色装备', '突破材料', '经验材料', '螺母箱']		['1.90%', '0.50%', '13.95%', '22.11%', '28.39%', '14.42%', '4.81%', '14.42%']	
8059		['S级泛用机体(含保底)', 'S级泛用机体(基础掉落)', 'B、A级泛用机体', '角色碎片', '紫色装备', '突破材料', '经验材料', '螺母箱']		['1.90%', '0.50%', '13.95%', '22.11%', '28.39%', '14.42%', '4.81%', '14.42%']	
8060		['S级泛用机体(含保底)', 'S级泛用机体(基础掉落)', 'B、A级泛用机体', '角色碎片', '紫色装备', '突破材料', '经验材料', '螺母箱']		['1.90%', '0.50%', '13.95%', '22.11%', '28.39%', '14.42%', '4.81%', '14.42%']	
8061		['S级泛用机体(含保底)', 'S级泛用机体(基础掉落)', 'B、A级泛用机体', '角色碎片', '紫色装备', '突破材料', '经验材料', '螺母箱']		['1.90%', '0.50%', '13.95%', '22.11%', '28.39%', '14.42%', '4.81%', '14.42%']	
8062		['S级泛用机体(含保底)', 'S级泛用机体(基础掉落)', 'B、A级泛用机体', '角色碎片', '紫色装备', '突破材料', '经验材料', '螺母箱']		['1.90%', '0.50%', '13.95%', '22.11%', '28.39%', '14.42%', '4.81%', '14.42%']	
8063		['S级泛用机体(含保底)', 'S级泛用机体(基础掉落)', 'B、A级泛用机体', '角色碎片', '紫色装备', '突破材料', '经验材料', '螺母箱']		['1.90%', '0.50%', '13.95%', '22.11%', '28.39%', '14.42%', '4.81%', '14.42%']	
8064		['S级泛用机体(含保底)', 'S级泛用机体(基础掉落)', 'B、A级泛用机体', '角色碎片', '紫色装备', '突破材料', '经验材料', '螺母箱']		['1.90%', '0.50%', '13.95%', '22.11%', '28.39%', '14.42%', '4.81%', '14.42%']	
8065		['S级泛用机体(含保底)', 'S级泛用机体(基础掉落)', 'B、A级泛用机体', '角色碎片', '紫色装备', '突破材料', '经验材料', '螺母箱']		['1.90%', '0.50%', '13.95%', '22.11%', '28.39%', '14.42%', '4.81%', '14.42%']	
8066		['S级泛用机体(含保底)', 'S级泛用机体(基础掉落)', 'B、A级泛用机体', '角色碎片', '紫色装备', '突破材料', '经验材料', '螺母箱']		['1.90%', '0.50%', '13.95%', '22.11%', '28.39%', '14.42%', '4.81%', '14.42%']	
8067		['S级泛用机体(含保底)', 'S级泛用机体(基础掉落)', 'B、A级泛用机体', '角色碎片', '紫色装备', '突破材料', '经验材料', '螺母箱']		['1.90%', '0.50%', '13.95%', '22.11%', '28.39%', '14.42%', '4.81%', '14.42%']	
8068		['S级泛用机体(含保底)', 'S级泛用机体(基础掉落)', 'B、A级泛用机体', '角色碎片', '紫色装备', '突破材料', '经验材料', '螺母箱']		['1.90%', '0.50%', '13.95%', '22.11%', '28.39%', '14.42%', '4.81%', '14.42%']	
8069		['S级泛用机体(含保底)', 'S级泛用机体(基础掉落)', 'B、A级泛用机体', '角色碎片', '紫色装备', '突破材料', '经验材料', '螺母箱']		['1.90%', '0.50%', '13.95%', '22.11%', '28.39%', '14.42%', '4.81%', '14.42%']	
8070		['S级泛用机体(含保底)', 'S级泛用机体(基础掉落)', 'B、A级泛用机体', '角色碎片', '紫色装备', '突破材料', '经验材料', '螺母箱']		['1.90%', '0.50%', '13.95%', '22.11%', '28.39%', '14.42%', '4.81%', '14.42%']	
8071		['S级泛用机体(含保底)', 'S级泛用机体(基础掉落)', 'B、A级泛用机体', '角色碎片', '紫色装备', '突破材料', '经验材料', '螺母箱']		['1.90%', '0.50%', '13.95%', '22.11%', '28.39%', '14.42%', '4.81%', '14.42%']	
8072		['S级泛用机体(含保底)', 'S级泛用机体(基础掉落)', 'B、A级泛用机体', '角色碎片', '紫色装备', '突破材料', '经验材料', '螺母箱']		['1.90%', '0.50%', '13.95%', '22.11%', '28.39%', '14.42%', '4.81%', '14.42%']	
8547		['S级泛用机体(含保底)', 'S级泛用机体(基础掉落)', 'B、A级泛用机体', '角色碎片', '紫色装备', '突破材料', '经验材料', '螺母箱']		['1.90%', '1.50%', '13.95%', '22.11%', '28.39%', '14.42%', '4.81%', '14.42%']	
8548		['S级泛用机体(含保底)', 'S级泛用机体(基础掉落)', 'B、A级泛用机体', '角色碎片', '紫色装备', '突破材料', '经验材料', '螺母箱']		['1.90%', '1.50%', '13.95%', '22.11%', '28.39%', '14.42%', '4.81%', '14.42%']	
8549		['S级泛用机体(含保底)', 'S级泛用机体(基础掉落)', 'B、A级泛用机体', '角色碎片', '紫色装备', '突破材料', '经验材料', '螺母箱']		['1.90%', '1.50%', '13.95%', '22.11%', '28.39%', '14.42%', '4.81%', '14.42%']	
8550		['S级泛用机体(含保底)', 'S级泛用机体(基础掉落)', 'B、A级泛用机体', '角色碎片', '紫色装备', '突破材料', '经验材料', '螺母箱']		['1.90%', '1.50%', '13.95%', '22.11%', '28.39%', '14.42%', '4.81%', '14.42%']	
8551		['S级泛用机体(含保底)', 'S级泛用机体(基础掉落)', 'B、A级泛用机体', '角色碎片', '紫色装备', '突破材料', '经验材料', '螺母箱']		['1.90%', '1.50%', '13.95%', '22.11%', '28.39%', '14.42%', '4.81%', '14.42%']	
8552		['S级泛用机体(含保底)', 'S级泛用机体(基础掉落)', 'B、A级泛用机体', '角色碎片', '紫色装备', '突破材料', '经验材料', '螺母箱']		['1.90%', '1.50%', '13.95%', '22.11%', '28.39%', '14.42%', '4.81%', '14.42%']	
8553		['S级泛用机体(含保底)', 'S级泛用机体(基础掉落)', 'B、A级泛用机体', '角色碎片', '紫色装备', '突破材料', '经验材料', '螺母箱']		['1.90%', '1.50%', '13.95%', '22.11%', '28.39%', '14.42%', '4.81%', '14.42%']	
8554		['S级泛用机体(含保底)', 'S级泛用机体(基础掉落)', 'B、A级泛用机体', '角色碎片', '紫色装备', '突破材料', '经验材料', '螺母箱']		['1.90%', '1.50%', '13.95%', '22.11%', '28.39%', '14.42%', '4.81%', '14.42%']	
8555		['S级泛用机体(含保底)', 'S级泛用机体(基础掉落)', 'B、A级泛用机体', '角色碎片', '紫色装备', '突破材料', '经验材料', '螺母箱']		['1.90%', '1.50%', '13.95%', '22.11%', '28.39%', '14.42%', '4.81%', '14.42%']	
8556		['S级泛用机体(含保底)', 'S级泛用机体(基础掉落)', 'B、A级泛用机体', '角色碎片', '紫色装备', '突破材料', '经验材料', '螺母箱']		['1.90%', '1.50%', '13.95%', '22.11%', '28.39%', '14.42%', '4.81%', '14.42%']	
8557		['S级泛用机体(含保底)', 'S级泛用机体(基础掉落)', 'B、A级泛用机体', '角色碎片', '紫色装备', '突破材料', '经验材料', '螺母箱']		['1.90%', '1.50%', '13.95%', '22.11%', '28.39%', '14.42%', '4.81%', '14.42%']	
8558		['S级泛用机体(含保底)', 'S级泛用机体(基础掉落)', 'B、A级泛用机体', '角色碎片', '紫色装备', '突破材料', '经验材料', '螺母箱']		['1.90%', '1.50%', '13.95%', '22.11%', '28.39%', '14.42%', '4.81%', '14.42%']	
8559		['S级泛用机体(含保底)', 'S级泛用机体(基础掉落)', 'B、A级泛用机体', '角色碎片', '紫色装备', '突破材料', '经验材料', '螺母箱']		['1.90%', '1.50%', '13.95%', '22.11%', '28.39%', '14.42%', '4.81%', '14.42%']	
8560		['S级泛用机体(含保底)', 'S级泛用机体(基础掉落)', 'B、A级泛用机体', '角色碎片', '紫色装备', '突破材料', '经验材料', '螺母箱']		['1.90%', '1.50%', '13.95%', '22.11%', '28.39%', '14.42%', '4.81%', '14.42%']	
8561		['S级泛用机体(含保底)', 'S级泛用机体(基础掉落)', 'B、A级泛用机体', '角色碎片', '紫色装备', '突破材料', '经验材料', '螺母箱']		['1.90%', '1.50%', '13.95%', '22.11%', '28.39%', '14.42%', '4.81%', '14.42%']	
8562		['S级泛用机体(含保底)', 'S级泛用机体(基础掉落)', 'B、A级泛用机体', '角色碎片', '紫色装备', '突破材料', '经验材料', '螺母箱']		['1.90%', '1.50%', '13.95%', '22.11%', '28.39%', '14.42%', '4.81%', '14.42%']	
8563		['S级泛用机体(含保底)', 'S级泛用机体(基础掉落)', 'B、A级泛用机体', '角色碎片', '紫色装备', '突破材料', '经验材料', '螺母箱']		['1.90%', '1.50%', '13.95%', '22.11%', '28.39%', '14.42%', '4.81%', '14.42%']	
8564		['S级泛用机体(含保底)', 'S级泛用机体(基础掉落)', 'B、A级泛用机体', '角色碎片', '紫色装备', '突破材料', '经验材料', '螺母箱']		['1.90%', '1.50%', '13.95%', '22.11%', '28.39%', '14.42%', '4.81%', '14.42%']	
8565		['S级泛用机体(含保底)', 'S级泛用机体(基础掉落)', 'B、A级泛用机体', '角色碎片', '紫色装备', '突破材料', '经验材料', '螺母箱']		['1.90%', '1.50%', '13.95%', '22.11%', '28.39%', '14.42%', '4.81%', '14.42%']	
8566		['S级泛用机体(含保底)', 'S级泛用机体(基础掉落)', 'B、A级泛用机体', '角色碎片', '紫色装备', '突破材料', '经验材料', '螺母箱']		['1.90%', '1.50%', '13.95%', '22.11%', '28.39%', '14.42%', '4.81%', '14.42%']	
8567		['S级泛用机体(含保底)', 'S级泛用机体(基础掉落)', 'B、A级泛用机体', '角色碎片', '紫色装备', '突破材料', '经验材料', '螺母箱']		['1.90%', '1.50%', '13.95%', '22.11%', '28.39%', '14.42%', '4.81%', '14.42%']	
8568		['S级泛用机体(含保底)', 'S级泛用机体(基础掉落)', 'B、A级泛用机体', '角色碎片', '紫色装备', '突破材料', '经验材料', '螺母箱']		['1.90%', '1.50%', '13.95%', '22.11%', '28.39%', '14.42%', '4.81%', '14.42%']	
8569		['S级泛用机体(含保底)', 'S级泛用机体(基础掉落)', 'B、A级泛用机体', '角色碎片', '紫色装备', '突破材料', '经验材料', '螺母箱']		['1.90%', '1.50%', '13.95%', '22.11%', '28.39%', '14.42%', '4.81%', '14.42%']	
8570		['S级泛用机体(含保底)', 'S级泛用机体(基础掉落)', 'B、A级泛用机体', '角色碎片', '紫色装备', '突破材料', '经验材料', '螺母箱']		['1.90%', '1.50%', '13.95%', '22.11%', '28.39%', '14.42%', '4.81%', '14.42%']	
8571		['S级泛用机体(含保底)', 'S级泛用机体(基础掉落)', 'B、A级泛用机体', '角色碎片', '紫色装备', '突破材料', '经验材料', '螺母箱']		['1.90%', '1.50%', '13.95%', '22.11%', '28.39%', '14.42%', '4.81%', '14.42%']	
8572		['S级泛用机体(含保底)', 'S级泛用机体(基础掉落)', 'B、A级泛用机体', '角色碎片', '紫色装备', '突破材料', '经验材料', '螺母箱']		['1.90%', '1.50%', '13.95%', '22.11%', '28.39%', '14.42%', '4.81%', '14.42%']	
359	[True, True]	['【6星】明瞳续昼', '【5星】故魂永息', '【6星】律条重塑', '【6星】塞斯特斯', '【5星】黯月摧朽', '【5星】不毁玓光', '紫色武器', '蓝色武器', '螺母箱', '突破材料']		['4.00%', '12.00%', '0.50%', '0.50%', '1.50%', '1.50%', '33.40%', '27.90%', '9.35%', '9.35%']	
7035		['S级支援单位(含保底)', 'S级支援单位(基础掉落)', 'A级支援单位', '支援单位经验材料', '支援单位突破材料', '支援技能元件', '支援单位碎片', '螺母箱']		['8.33%', '5.82%', '14.14%', '20.72%', '11.02%', '16.31%', '13.42%', '16.06%']	
7036		['S级支援单位(含保底)', 'S级支援单位(基础掉落)', 'A级支援单位', '支援单位经验材料', '支援单位突破材料', '支援技能元件', '支援单位碎片', '螺母箱']		['8.33%', '5.82%', '14.14%', '20.72%', '11.02%', '16.31%', '13.42%', '16.06%']	
1319		['S级泛用机体(含保底)', 'S级泛用机体(基础掉落)', 'B、A级泛用机体', '角色碎片', '紫色装备', '突破材料', '经验材料', '螺母箱']		['1.90%', '0.50%', '13.95%', '22.11%', '28.39%', '14.42%', '4.81%', '14.42%']	
1320		['S级泛用机体(含保底)', 'S级泛用机体(基础掉落)', 'B、A级泛用机体', '角色碎片', '紫色装备', '突破材料', '经验材料', '螺母箱']		['1.90%', '0.50%', '13.95%', '22.11%', '28.39%', '14.42%', '4.81%', '14.42%']	
1321		['S级泛用机体(含保底)', 'S级泛用机体(基础掉落)', 'B、A级泛用机体', '角色碎片', '紫色装备', '突破材料', '经验材料', '螺母箱']		['1.90%', '0.50%', '13.95%', '22.11%', '28.39%', '14.42%', '4.81%', '14.42%']	
1322		['S级泛用机体(含保底)', 'S级泛用机体(基础掉落)', 'B、A级泛用机体', '角色碎片', '紫色装备', '突破材料', '经验材料', '螺母箱']		['1.90%', '0.50%', '13.95%', '22.11%', '28.39%', '14.42%', '4.81%', '14.42%']	
1323		['S级泛用机体(含保底)', 'S级泛用机体(基础掉落)', 'B、A级泛用机体', '角色碎片', '紫色装备', '突破材料', '经验材料', '螺母箱']		['1.90%', '0.50%', '13.95%', '22.11%', '28.39%', '14.42%', '4.81%', '14.42%']	
1324		['S级泛用机体(含保底)', 'S级泛用机体(基础掉落)', 'B、A级泛用机体', '角色碎片', '紫色装备', '突破材料', '经验材料', '螺母箱']		['1.90%', '0.50%', '13.95%', '22.11%', '28.39%', '14.42%', '4.81%', '14.42%']	
1325		['S级泛用机体(含保底)', 'S级泛用机体(基础掉落)', 'B、A级泛用机体', '角色碎片', '紫色装备', '突破材料', '经验材料', '螺母箱']		['1.90%', '0.50%', '13.95%', '22.11%', '28.39%', '14.42%', '4.81%', '14.42%']	
1326		['S级泛用机体(含保底)', 'S级泛用机体(基础掉落)', 'B、A级泛用机体', '角色碎片', '紫色装备', '突破材料', '经验材料', '螺母箱']		['1.90%', '0.50%', '13.95%', '22.11%', '28.39%', '14.42%', '4.81%', '14.42%']	
1327		['S级泛用机体(含保底)', 'S级泛用机体(基础掉落)', 'B、A级泛用机体', '角色碎片', '紫色装备', '突破材料', '经验材料', '螺母箱']		['1.90%', '0.50%', '13.95%', '22.11%', '28.39%', '14.42%', '4.81%', '14.42%']	
2313		['S级泛用机体(含保底)', 'S级泛用机体(基础掉落)', 'B、A级泛用机体', '角色碎片', '紫色装备', '突破材料', '经验材料', '螺母箱']		['1.90%', '1.50%', '13.95%', '22.11%', '28.39%', '14.42%', '4.81%', '14.42%']	
2314		['S级泛用机体(含保底)', 'S级泛用机体(基础掉落)', 'B、A级泛用机体', '角色碎片', '紫色装备', '突破材料', '经验材料', '螺母箱']		['1.90%', '1.50%', '13.95%', '22.11%', '28.39%', '14.42%', '4.81%', '14.42%']	
2315		['S级泛用机体(含保底)', 'S级泛用机体(基础掉落)', 'B、A级泛用机体', '角色碎片', '紫色装备', '突破材料', '经验材料', '螺母箱']		['1.90%', '1.50%', '13.95%', '22.11%', '28.39%', '14.42%', '4.81%', '14.42%']	
2316		['S级泛用机体(含保底)', 'S级泛用机体(基础掉落)', 'B、A级泛用机体', '角色碎片', '紫色装备', '突破材料', '经验材料', '螺母箱']		['1.90%', '1.50%', '13.95%', '22.11%', '28.39%', '14.42%', '4.81%', '14.42%']	
2317		['S级泛用机体(含保底)', 'S级泛用机体(基础掉落)', 'B、A级泛用机体', '角色碎片', '紫色装备', '突破材料', '经验材料', '螺母箱']		['1.90%', '1.50%', '13.95%', '22.11%', '28.39%', '14.42%', '4.81%', '14.42%']	
2318		['S级泛用机体(含保底)', 'S级泛用机体(基础掉落)', 'B、A级泛用机体', '角色碎片', '紫色装备', '突破材料', '经验材料', '螺母箱']		['1.90%', '1.50%', '13.95%', '22.11%', '28.39%', '14.42%', '4.81%', '14.42%']	
2319		['S级泛用机体(含保底)', 'S级泛用机体(基础掉落)', 'B、A级泛用机体', '角色碎片', '紫色装备', '突破材料', '经验材料', '螺母箱']		['1.90%', '1.50%', '13.95%', '22.11%', '28.39%', '14.42%', '4.81%', '14.42%']	
2320		['S级泛用机体(含保底)', 'S级泛用机体(基础掉落)', 'B、A级泛用机体', '角色碎片', '紫色装备', '突破材料', '经验材料', '螺母箱']		['1.90%', '1.50%', '13.95%', '22.11%', '28.39%', '14.42%', '4.81%', '14.42%']	
2321		['S级泛用机体(含保底)', 'S级泛用机体(基础掉落)', 'B、A级泛用机体', '角色碎片', '紫色装备', '突破材料', '经验材料', '螺母箱']		['1.90%', '1.50%', '13.95%', '22.11%', '28.39%', '14.42%', '4.81%', '14.42%']	
1328		['S级泛用机体(含保底)', 'S级泛用机体(基础掉落)', 'B、A级泛用机体', '角色碎片', '紫色装备', '突破材料', '经验材料', '螺母箱']		['1.90%', '0.50%', '13.95%', '22.11%', '28.39%', '14.42%', '4.81%', '14.42%']	
2322		['S级泛用机体(含保底)', 'S级泛用机体(基础掉落)', 'B、A级泛用机体', '角色碎片', '紫色装备', '突破材料', '经验材料', '螺母箱']		['1.90%', '1.50%', '13.95%', '22.11%', '28.39%', '14.42%', '4.81%', '14.42%']	
1329		['S级泛用机体(含保底)', 'S级泛用机体(基础掉落)', 'B、A级泛用机体', '角色碎片', '紫色装备', '突破材料', '经验材料', '螺母箱']		['1.90%', '0.50%', '13.95%', '22.11%', '28.39%', '14.42%', '4.81%', '14.42%']	
1330		['S级泛用机体(含保底)', 'S级泛用机体(基础掉落)', 'B、A级泛用机体', '角色碎片', '紫色装备', '突破材料', '经验材料', '螺母箱']		['1.90%', '0.50%', '13.95%', '22.11%', '28.39%', '14.42%', '4.81%', '14.42%']	
1331		['S级泛用机体(含保底)', 'S级泛用机体(基础掉落)', 'B、A级泛用机体', '角色碎片', '紫色装备', '突破材料', '经验材料', '螺母箱']		['1.90%', '0.50%', '13.95%', '22.11%', '28.39%', '14.42%', '4.81%', '14.42%']	
1332		['S级泛用机体(含保底)', 'S级泛用机体(基础掉落)', 'B、A级泛用机体', '角色碎片', '紫色装备', '突破材料', '经验材料', '螺母箱']		['1.90%', '0.50%', '13.95%', '22.11%', '28.39%', '14.42%', '4.81%', '14.42%']	
1333		['S级泛用机体(含保底)', 'S级泛用机体(基础掉落)', 'B、A级泛用机体', '角色碎片', '紫色装备', '突破材料', '经验材料', '螺母箱']		['1.90%', '0.50%', '13.95%', '22.11%', '28.39%', '14.42%', '4.81%', '14.42%']	
1334		['S级泛用机体(含保底)', 'S级泛用机体(基础掉落)', 'B、A级泛用机体', '角色碎片', '紫色装备', '突破材料', '经验材料', '螺母箱']		['1.90%', '0.50%', '13.95%', '22.11%', '28.39%', '14.42%', '4.81%', '14.42%']	
1335		['S级泛用机体(含保底)', 'S级泛用机体(基础掉落)', 'B、A级泛用机体', '角色碎片', '紫色装备', '突破材料', '经验材料', '螺母箱']		['1.90%', '0.50%', '13.95%', '22.11%', '28.39%', '14.42%', '4.81%', '14.42%']	
1336		['S级泛用机体(含保底)', 'S级泛用机体(基础掉落)', 'B、A级泛用机体', '角色碎片', '紫色装备', '突破材料', '经验材料', '螺母箱']		['1.90%', '0.50%', '13.95%', '22.11%', '28.39%', '14.42%', '4.81%', '14.42%']	
1337		['S级泛用机体(含保底)', 'S级泛用机体(基础掉落)', 'B、A级泛用机体', '角色碎片', '紫色装备', '突破材料', '经验材料', '螺母箱']		['1.90%', '0.50%', '13.95%', '22.11%', '28.39%', '14.42%', '4.81%', '14.42%']	
2323		['S级泛用机体(含保底)', 'S级泛用机体(基础掉落)', 'B、A级泛用机体', '角色碎片', '紫色装备', '突破材料', '经验材料', '螺母箱']		['1.90%', '1.50%', '13.95%', '22.11%', '28.39%', '14.42%', '4.81%', '14.42%']	
2324		['S级泛用机体(含保底)', 'S级泛用机体(基础掉落)', 'B、A级泛用机体', '角色碎片', '紫色装备', '突破材料', '经验材料', '螺母箱']		['1.90%', '1.50%', '13.95%', '22.11%', '28.39%', '14.42%', '4.81%', '14.42%']	
2325		['S级泛用机体(含保底)', 'S级泛用机体(基础掉落)', 'B、A级泛用机体', '角色碎片', '紫色装备', '突破材料', '经验材料', '螺母箱']		['1.90%', '1.50%', '13.95%', '22.11%', '28.39%', '14.42%', '4.81%', '14.42%']	
2326		['S级泛用机体(含保底)', 'S级泛用机体(基础掉落)', 'B、A级泛用机体', '角色碎片', '紫色装备', '突破材料', '经验材料', '螺母箱']		['1.90%', '1.50%', '13.95%', '22.11%', '28.39%', '14.42%', '4.81%', '14.42%']	
2327		['S级泛用机体(含保底)', 'S级泛用机体(基础掉落)', 'B、A级泛用机体', '角色碎片', '紫色装备', '突破材料', '经验材料', '螺母箱']		['1.90%', '1.50%', '13.95%', '22.11%', '28.39%', '14.42%', '4.81%', '14.42%']	
2328		['S级泛用机体(含保底)', 'S级泛用机体(基础掉落)', 'B、A级泛用机体', '角色碎片', '紫色装备', '突破材料', '经验材料', '螺母箱']		['1.90%', '1.50%', '13.95%', '22.11%', '28.39%', '14.42%', '4.81%', '14.42%']	
2329		['S级泛用机体(含保底)', 'S级泛用机体(基础掉落)', 'B、A级泛用机体', '角色碎片', '紫色装备', '突破材料', '经验材料', '螺母箱']		['1.90%', '1.50%', '13.95%', '22.11%', '28.39%', '14.42%', '4.81%', '14.42%']	
2330		['S级泛用机体(含保底)', 'S级泛用机体(基础掉落)', 'B、A级泛用机体', '角色碎片', '紫色装备', '突破材料', '经验材料', '螺母箱']		['1.90%', '1.50%', '13.95%', '22.11%', '28.39%', '14.42%', '4.81%', '14.42%']	
2331		['S级泛用机体(含保底)', 'S级泛用机体(基础掉落)', 'B、A级泛用机体', '角色碎片', '紫色装备', '突破材料', '经验材料', '螺母箱']		['1.90%', '1.50%', '13.95%', '22.11%', '28.39%', '14.42%', '4.81%', '14.42%']	
1338		['S级泛用机体(含保底)', 'S级泛用机体(基础掉落)', 'B、A级泛用机体', '角色碎片', '紫色装备', '突破材料', '经验材料', '螺母箱']		['1.90%', '0.50%', '13.95%', '22.11%', '28.39%', '14.42%', '4.81%', '14.42%']	
2332		['S级泛用机体(含保底)', 'S级泛用机体(基础掉落)', 'B、A级泛用机体', '角色碎片', '紫色装备', '突破材料', '经验材料', '螺母箱']		['1.90%', '1.50%', '13.95%', '22.11%', '28.39%', '14.42%', '4.81%', '14.42%']	
360	[True, True]	['【6星】拂晓炎翎', '【5星】雾隐冥光', '【6星】夜煌', '【6星】赤红咆哮', '【5星】绯霆', '【5星】FPT-II改', '紫色武器', '蓝色武器', '螺母箱', '突破材料']		['4.00%', '12.00%', '0.50%', '0.50%', '1.50%', '1.50%', '33.40%', '27.90%', '9.35%', '9.35%']	
7037		['S级支援单位(含保底)', 'S级支援单位(基础掉落)', 'A级支援单位', '支援单位经验材料', '支援单位突破材料', '支援技能元件', '支援单位碎片', '螺母箱']		['8.33%', '5.82%', '14.14%', '20.72%', '11.02%', '16.31%', '13.42%', '16.06%']	
7038		['S级支援单位(含保底)', 'S级支援单位(基础掉落)', 'A级支援单位', '支援单位经验材料', '支援单位突破材料', '支援技能元件', '支援单位碎片', '螺母箱']		['8.33%', '5.82%', '14.14%', '20.72%', '11.02%', '16.31%', '13.42%', '16.06%']	
1339		['S级泛用机体(含保底)', 'S级泛用机体(基础掉落)', 'B、A级泛用机体', '角色碎片', '紫色装备', '突破材料', '经验材料', '螺母箱']		['1.90%', '0.50%', '13.95%', '22.11%', '28.39%', '14.42%', '4.81%', '14.42%']	
1340		['S级泛用机体(含保底)', 'S级泛用机体(基础掉落)', 'B、A级泛用机体', '角色碎片', '紫色装备', '突破材料', '经验材料', '螺母箱']		['1.90%', '0.50%', '13.95%', '22.11%', '28.39%', '14.42%', '4.81%', '14.42%']	
1341		['S级泛用机体(含保底)', 'S级泛用机体(基础掉落)', 'B、A级泛用机体', '角色碎片', '紫色装备', '突破材料', '经验材料', '螺母箱']		['1.90%', '0.50%', '13.95%', '22.11%', '28.39%', '14.42%', '4.81%', '14.42%']	
1342		['S级泛用机体(含保底)', 'S级泛用机体(基础掉落)', 'B、A级泛用机体', '角色碎片', '紫色装备', '突破材料', '经验材料', '螺母箱']		['1.90%', '0.50%', '13.95%', '22.11%', '28.39%', '14.42%', '4.81%', '14.42%']	
1343		['S级泛用机体(含保底)', 'S级泛用机体(基础掉落)', 'B、A级泛用机体', '角色碎片', '紫色装备', '突破材料', '经验材料', '螺母箱']		['1.90%', '0.50%', '13.95%', '22.11%', '28.39%', '14.42%', '4.81%', '14.42%']	
1344		['S级泛用机体(含保底)', 'S级泛用机体(基础掉落)', 'B、A级泛用机体', '角色碎片', '紫色装备', '突破材料', '经验材料', '螺母箱']		['1.90%', '0.50%', '13.95%', '22.11%', '28.39%', '14.42%', '4.81%', '14.42%']	
2333		['S级泛用机体(含保底)', 'S级泛用机体(基础掉落)', 'B、A级泛用机体', '角色碎片', '紫色装备', '突破材料', '经验材料', '螺母箱']		['1.90%', '1.50%', '13.95%', '22.11%', '28.39%', '14.42%', '4.81%', '14.42%']	
2334		['S级泛用机体(含保底)', 'S级泛用机体(基础掉落)', 'B、A级泛用机体', '角色碎片', '紫色装备', '突破材料', '经验材料', '螺母箱']		['1.90%', '1.50%', '13.95%', '22.11%', '28.39%', '14.42%', '4.81%', '14.42%']	
2335		['S级泛用机体(含保底)', 'S级泛用机体(基础掉落)', 'B、A级泛用机体', '角色碎片', '紫色装备', '突破材料', '经验材料', '螺母箱']		['1.90%', '1.50%', '13.95%', '22.11%', '28.39%', '14.42%', '4.81%', '14.42%']	
2336		['S级泛用机体(含保底)', 'S级泛用机体(基础掉落)', 'B、A级泛用机体', '角色碎片', '紫色装备', '突破材料', '经验材料', '螺母箱']		['1.90%', '1.50%', '13.95%', '22.11%', '28.39%', '14.42%', '4.81%', '14.42%']	
2337		['S级泛用机体(含保底)', 'S级泛用机体(基础掉落)', 'B、A级泛用机体', '角色碎片', '紫色装备', '突破材料', '经验材料', '螺母箱']		['1.90%', '1.50%', '13.95%', '22.11%', '28.39%', '14.42%', '4.81%', '14.42%']	
2338		['S级泛用机体(含保底)', 'S级泛用机体(基础掉落)', 'B、A级泛用机体', '角色碎片', '紫色装备', '突破材料', '经验材料', '螺母箱']		['1.90%', '1.50%', '13.95%', '22.11%', '28.39%', '14.42%', '4.81%', '14.42%']	
3031		['S级泛用机体(含保底)', 'S级泛用机体(基础掉落)', 'B、A级泛用机体', '角色碎片', '紫色装备', '突破材料', '经验材料', '螺母箱']		['1.90%', '0.50%', '13.95%', '22.11%', '28.39%', '14.42%', '4.81%', '14.42%']	
3032		['S级泛用机体(含保底)', 'S级泛用机体(基础掉落)', 'B、A级泛用机体', '角色碎片', '紫色装备', '突破材料', '经验材料', '螺母箱']		['1.90%', '0.50%', '13.95%', '22.11%', '28.39%', '14.42%', '4.81%', '14.42%']	
361	[True, True]	['【6星】擎殛明王', '【5星】祓世御雷', '【6星】鹏游蝶梦', '【6星】星海漫游者', '【5星】月上海棠', '【5星】二重虹光', '紫色武器', '蓝色武器', '螺母箱', '突破材料']		['4.00%', '12.00%', '0.50%', '0.50%', '1.50%', '1.50%', '33.40%', '27.90%', '9.35%', '9.35%']	
1345		['S级泛用机体(含保底)', 'S级泛用机体(基础掉落)', 'B、A级泛用机体', '角色碎片', '紫色装备', '突破材料', '经验材料', '螺母箱']		['1.90%', '0.50%', '13.95%', '22.11%', '28.39%', '14.42%', '4.81%', '14.42%']	
1346		['S级泛用机体(含保底)', 'S级泛用机体(基础掉落)', 'B、A级泛用机体', '角色碎片', '紫色装备', '突破材料', '经验材料', '螺母箱']		['1.90%', '0.50%', '13.95%', '22.11%', '28.39%', '14.42%', '4.81%', '14.42%']	
1347		['S级泛用机体(含保底)', 'S级泛用机体(基础掉落)', 'B、A级泛用机体', '角色碎片', '紫色装备', '突破材料', '经验材料', '螺母箱']		['1.90%', '0.50%', '13.95%', '22.11%', '28.39%', '14.42%', '4.81%', '14.42%']	
1348		['S级泛用机体(含保底)', 'S级泛用机体(基础掉落)', 'B、A级泛用机体', '角色碎片', '紫色装备', '突破材料', '经验材料', '螺母箱']		['1.90%', '0.50%', '13.95%', '22.11%', '28.39%', '14.42%', '4.81%', '14.42%']	
1349		['S级泛用机体(含保底)', 'S级泛用机体(基础掉落)', 'B、A级泛用机体', '角色碎片', '紫色装备', '突破材料', '经验材料', '螺母箱']		['1.90%', '0.50%', '13.95%', '22.11%', '28.39%', '14.42%', '4.81%', '14.42%']	
1350		['S级泛用机体(含保底)', 'S级泛用机体(基础掉落)', 'B、A级泛用机体', '角色碎片', '紫色装备', '突破材料', '经验材料', '螺母箱']		['1.90%', '0.50%', '13.95%', '22.11%', '28.39%', '14.42%', '4.81%', '14.42%']	
1351		['S级泛用机体(含保底)', 'S级泛用机体(基础掉落)', 'B、A级泛用机体', '角色碎片', '紫色装备', '突破材料', '经验材料', '螺母箱']		['1.90%', '0.50%', '13.95%', '22.11%', '28.39%', '14.42%', '4.81%', '14.42%']	
1352		['S级泛用机体(含保底)', 'S级泛用机体(基础掉落)', 'B、A级泛用机体', '角色碎片', '紫色装备', '突破材料', '经验材料', '螺母箱']		['1.90%', '0.50%', '13.95%', '22.11%', '28.39%', '14.42%', '4.81%', '14.42%']	
1353		['S级泛用机体(含保底)', 'S级泛用机体(基础掉落)', 'B、A级泛用机体', '角色碎片', '紫色装备', '突破材料', '经验材料', '螺母箱']		['1.90%', '0.50%', '13.95%', '22.11%', '28.39%', '14.42%', '4.81%', '14.42%']	
2339		['S级泛用机体(含保底)', 'S级泛用机体(基础掉落)', 'B、A级泛用机体', '角色碎片', '紫色装备', '突破材料', '经验材料', '螺母箱']		['1.90%', '1.50%', '13.95%', '22.11%', '28.39%', '14.42%', '4.81%', '14.42%']	
2340		['S级泛用机体(含保底)', 'S级泛用机体(基础掉落)', 'B、A级泛用机体', '角色碎片', '紫色装备', '突破材料', '经验材料', '螺母箱']		['1.90%', '1.50%', '13.95%', '22.11%', '28.39%', '14.42%', '4.81%', '14.42%']	
2341		['S级泛用机体(含保底)', 'S级泛用机体(基础掉落)', 'B、A级泛用机体', '角色碎片', '紫色装备', '突破材料', '经验材料', '螺母箱']		['1.90%', '1.50%', '13.95%', '22.11%', '28.39%', '14.42%', '4.81%', '14.42%']	
2342		['S级泛用机体(含保底)', 'S级泛用机体(基础掉落)', 'B、A级泛用机体', '角色碎片', '紫色装备', '突破材料', '经验材料', '螺母箱']		['1.90%', '1.50%', '13.95%', '22.11%', '28.39%', '14.42%', '4.81%', '14.42%']	
2343		['S级泛用机体(含保底)', 'S级泛用机体(基础掉落)', 'B、A级泛用机体', '角色碎片', '紫色装备', '突破材料', '经验材料', '螺母箱']		['1.90%', '1.50%', '13.95%', '22.11%', '28.39%', '14.42%', '4.81%', '14.42%']	
2344		['S级泛用机体(含保底)', 'S级泛用机体(基础掉落)', 'B、A级泛用机体', '角色碎片', '紫色装备', '突破材料', '经验材料', '螺母箱']		['1.90%', '1.50%', '13.95%', '22.11%', '28.39%', '14.42%', '4.81%', '14.42%']	
2345		['S级泛用机体(含保底)', 'S级泛用机体(基础掉落)', 'B、A级泛用机体', '角色碎片', '紫色装备', '突破材料', '经验材料', '螺母箱']		['1.90%', '1.50%', '13.95%', '22.11%', '28.39%', '14.42%', '4.81%', '14.42%']	
2346		['S级泛用机体(含保底)', 'S级泛用机体(基础掉落)', 'B、A级泛用机体', '角色碎片', '紫色装备', '突破材料', '经验材料', '螺母箱']		['1.90%', '1.50%', '13.95%', '22.11%', '28.39%', '14.42%', '4.81%', '14.42%']	
2347		['S级泛用机体(含保底)', 'S级泛用机体(基础掉落)', 'B、A级泛用机体', '角色碎片', '紫色装备', '突破材料', '经验材料', '螺母箱']		['1.90%', '1.50%', '13.95%', '22.11%', '28.39%', '14.42%', '4.81%', '14.42%']	
1354		['S级泛用机体(含保底)', 'S级泛用机体(基础掉落)', 'B、A级泛用机体', '角色碎片', '紫色装备', '突破材料', '经验材料', '螺母箱']		['1.90%', '0.50%', '13.95%', '22.11%', '28.39%', '14.42%', '4.81%', '14.42%']	
2348		['S级泛用机体(含保底)', 'S级泛用机体(基础掉落)', 'B、A级泛用机体', '角色碎片', '紫色装备', '突破材料', '经验材料', '螺母箱']		['1.90%', '1.50%', '13.95%', '22.11%', '28.39%', '14.42%', '4.81%', '14.42%']	
362	[True, True]	['【6星】隧星盛耀', '【5星】ZL-09改 辉扬', '【6星】明瞳续昼', '【6星】静谧人形之声', '【5星】故魂永息', '【5星】彗星之锋', '紫色武器', '蓝色武器', '螺母箱', '突破材料']		['4.00%', '12.00%', '0.50%', '0.50%', '1.50%', '1.50%', '33.40%', '27.90%', '9.35%', '9.35%']	
7039		['S级支援单位(含保底)', 'S级支援单位(基础掉落)', 'A级支援单位', '支援单位经验材料', '支援单位突破材料', '支援技能元件', '支援单位碎片', '螺母箱']		['8.33%', '5.82%', '14.14%', '20.72%', '11.02%', '16.31%', '13.42%', '16.06%']	
7040		['S级支援单位(含保底)', 'S级支援单位(基础掉落)', 'A级支援单位', '支援单位经验材料', '支援单位突破材料', '支援技能元件', '支援单位碎片', '螺母箱']		['8.33%', '5.82%', '14.14%', '20.72%', '11.02%', '16.31%', '13.42%', '16.06%']	
5061		['S级泛用机体(含保底)', 'S级泛用机体(基础掉落)', 'B、A级泛用机体', '角色碎片', '紫色装备', '突破材料', '经验材料', '螺母箱']		['1.90%', '0.50%', '13.95%', '22.11%', '28.39%', '14.42%', '4.81%', '14.42%']	
5062		['S级泛用机体(含保底)', 'S级泛用机体(基础掉落)', 'B、A级泛用机体', '角色碎片', '紫色装备', '突破材料', '经验材料', '螺母箱']		['1.90%', '0.50%', '13.95%', '22.11%', '28.39%', '14.42%', '4.81%', '14.42%']	
5063		['S级泛用机体(含保底)', 'S级泛用机体(基础掉落)', 'B、A级泛用机体', '角色碎片', '紫色装备', '突破材料', '经验材料', '螺母箱']		['1.90%', '0.50%', '13.95%', '22.11%', '28.39%', '14.42%', '4.81%', '14.42%']	
5064		['S级泛用机体(含保底)', 'S级泛用机体(基础掉落)', 'B、A级泛用机体', '角色碎片', '紫色装备', '突破材料', '经验材料', '螺母箱']		['1.90%', '0.50%', '13.95%', '22.11%', '28.39%', '14.42%', '4.81%', '14.42%']	
5065		['S级泛用机体(含保底)', 'S级泛用机体(基础掉落)', 'B、A级泛用机体', '角色碎片', '紫色装备', '突破材料', '经验材料', '螺母箱']		['1.90%', '0.50%', '13.95%', '22.11%', '28.39%', '14.42%', '4.81%', '14.42%']	
5066		['S级泛用机体(含保底)', 'S级泛用机体(基础掉落)', 'B、A级泛用机体', '角色碎片', '紫色装备', '突破材料', '经验材料', '螺母箱']		['1.90%', '0.50%', '13.95%', '22.11%', '28.39%', '14.42%', '4.81%', '14.42%']	
5067		['S级泛用机体(含保底)', 'S级泛用机体(基础掉落)', 'B、A级泛用机体', '角色碎片', '紫色装备', '突破材料', '经验材料', '螺母箱']		['1.90%', '0.50%', '13.95%', '22.11%', '28.39%', '14.42%', '4.81%', '14.42%']	
5068		['S级泛用机体(含保底)', 'S级泛用机体(基础掉落)', 'B、A级泛用机体', '角色碎片', '紫色装备', '突破材料', '经验材料', '螺母箱']		['1.90%', '0.50%', '13.95%', '22.11%', '28.39%', '14.42%', '4.81%', '14.42%']	
5069		['S级泛用机体(含保底)', 'S级泛用机体(基础掉落)', 'B、A级泛用机体', '角色碎片', '紫色装备', '突破材料', '经验材料', '螺母箱']		['1.90%', '0.50%', '13.95%', '22.11%', '28.39%', '14.42%', '4.81%', '14.42%']	
5070		['S级泛用机体(含保底)', 'S级泛用机体(基础掉落)', 'B、A级泛用机体', '角色碎片', '紫色装备', '突破材料', '经验材料', '螺母箱']		['1.90%', '0.50%', '13.95%', '22.11%', '28.39%', '14.42%', '4.81%', '14.42%']	
5071		['S级泛用机体(含保底)', 'S级泛用机体(基础掉落)', 'B、A级泛用机体', '角色碎片', '紫色装备', '突破材料', '经验材料', '螺母箱']		['1.90%', '0.50%', '13.95%', '22.11%', '28.39%', '14.42%', '4.81%', '14.42%']	
5072		['S级泛用机体(含保底)', 'S级泛用机体(基础掉落)', 'B、A级泛用机体', '角色碎片', '紫色装备', '突破材料', '经验材料', '螺母箱']		['1.90%', '0.50%', '13.95%', '22.11%', '28.39%', '14.42%', '4.81%', '14.42%']	
5073		['S级泛用机体(含保底)', 'S级泛用机体(基础掉落)', 'B、A级泛用机体', '角色碎片', '紫色装备', '突破材料', '经验材料', '螺母箱']		['1.90%', '0.50%', '13.95%', '22.11%', '28.39%', '14.42%', '4.81%', '14.42%']	
5074		['S级泛用机体(含保底)', 'S级泛用机体(基础掉落)', 'B、A级泛用机体', '角色碎片', '紫色装备', '突破材料', '经验材料', '螺母箱']		['1.90%', '0.50%', '13.95%', '22.11%', '28.39%', '14.42%', '4.81%', '14.42%']	
5075		['S级泛用机体(含保底)', 'S级泛用机体(基础掉落)', 'B、A级泛用机体', '角色碎片', '紫色装备', '突破材料', '经验材料', '螺母箱']		['1.90%', '0.50%', '13.95%', '22.11%', '28.39%', '14.42%', '4.81%', '14.42%']	
5076		['S级泛用机体(含保底)', 'S级泛用机体(基础掉落)', 'B、A级泛用机体', '角色碎片', '紫色装备', '突破材料', '经验材料', '螺母箱']		['1.90%', '0.50%', '13.95%', '22.11%', '28.39%', '14.42%', '4.81%', '14.42%']	
5077		['S级泛用机体(含保底)', 'S级泛用机体(基础掉落)', 'B、A级泛用机体', '角色碎片', '紫色装备', '突破材料', '经验材料', '螺母箱']		['1.90%', '0.50%', '13.95%', '22.11%', '28.39%', '14.42%', '4.81%', '14.42%']	
5078		['S级泛用机体(含保底)', 'S级泛用机体(基础掉落)', 'B、A级泛用机体', '角色碎片', '紫色装备', '突破材料', '经验材料', '螺母箱']		['1.90%', '0.50%', '13.95%', '22.11%', '28.39%', '14.42%', '4.81%', '14.42%']	
5079		['S级泛用机体(含保底)', 'S级泛用机体(基础掉落)', 'B、A级泛用机体', '角色碎片', '紫色装备', '突破材料', '经验材料', '螺母箱']		['1.90%', '0.50%', '13.95%', '22.11%', '28.39%', '14.42%', '4.81%', '14.42%']	
5080		['S级泛用机体(含保底)', 'S级泛用机体(基础掉落)', 'B、A级泛用机体', '角色碎片', '紫色装备', '突破材料', '经验材料', '螺母箱']		['1.90%', '0.50%', '13.95%', '22.11%', '28.39%', '14.42%', '4.81%', '14.42%']	
5081		['S级泛用机体(含保底)', 'S级泛用机体(基础掉落)', 'B、A级泛用机体', '角色碎片', '紫色装备', '突破材料', '经验材料', '螺母箱']		['1.90%', '0.50%', '13.95%', '22.11%', '28.39%', '14.42%', '4.81%', '14.42%']	
5082		['S级泛用机体(含保底)', 'S级泛用机体(基础掉落)', 'B、A级泛用机体', '角色碎片', '紫色装备', '突破材料', '经验材料', '螺母箱']		['1.90%', '0.50%', '13.95%', '22.11%', '28.39%', '14.42%', '4.81%', '14.42%']	
5083		['S级泛用机体(含保底)', 'S级泛用机体(基础掉落)', 'B、A级泛用机体', '角色碎片', '紫色装备', '突破材料', '经验材料', '螺母箱']		['1.90%', '0.50%', '13.95%', '22.11%', '28.39%', '14.42%', '4.81%', '14.42%']	
5084		['S级泛用机体(含保底)', 'S级泛用机体(基础掉落)', 'B、A级泛用机体', '角色碎片', '紫色装备', '突破材料', '经验材料', '螺母箱']		['1.90%', '0.50%', '13.95%', '22.11%', '28.39%', '14.42%', '4.81%', '14.42%']	
5085		['S级泛用机体(含保底)', 'S级泛用机体(基础掉落)', 'B、A级泛用机体', '角色碎片', '紫色装备', '突破材料', '经验材料', '螺母箱']		['1.90%', '0.50%', '13.95%', '22.11%', '28.39%', '14.42%', '4.81%', '14.42%']	
5086		['S级泛用机体(含保底)', 'S级泛用机体(基础掉落)', 'B、A级泛用机体', '角色碎片', '紫色装备', '突破材料', '经验材料', '螺母箱']		['1.90%', '0.50%', '13.95%', '22.11%', '28.39%', '14.42%', '4.81%', '14.42%']	
5087		['S级泛用机体(含保底)', 'S级泛用机体(基础掉落)', 'B、A级泛用机体', '角色碎片', '紫色装备', '突破材料', '经验材料', '螺母箱']		['1.90%', '0.50%', '13.95%', '22.11%', '28.39%', '14.42%', '4.81%', '14.42%']	
5088		['S级泛用机体(含保底)', 'S级泛用机体(基础掉落)', 'B、A级泛用机体', '角色碎片', '紫色装备', '突破材料', '经验材料', '螺母箱']		['1.90%', '0.50%', '13.95%', '22.11%', '28.39%', '14.42%', '4.81%', '14.42%']	
5089		['S级泛用机体(含保底)', 'S级泛用机体(基础掉落)', 'B、A级泛用机体', '角色碎片', '紫色装备', '突破材料', '经验材料', '螺母箱']		['1.90%', '0.50%', '13.95%', '22.11%', '28.39%', '14.42%', '4.81%', '14.42%']	
6061		['S级泛用机体(含保底)', 'S级泛用机体(基础掉落)', 'B、A级泛用机体', '角色碎片', '紫色装备', '突破材料', '经验材料', '螺母箱']		['1.90%', '1.50%', '13.95%', '22.11%', '28.39%', '14.42%', '4.81%', '14.42%']	
6062		['S级泛用机体(含保底)', 'S级泛用机体(基础掉落)', 'B、A级泛用机体', '角色碎片', '紫色装备', '突破材料', '经验材料', '螺母箱']		['1.90%', '1.50%', '13.95%', '22.11%', '28.39%', '14.42%', '4.81%', '14.42%']	
6063		['S级泛用机体(含保底)', 'S级泛用机体(基础掉落)', 'B、A级泛用机体', '角色碎片', '紫色装备', '突破材料', '经验材料', '螺母箱']		['1.90%', '1.50%', '13.95%', '22.11%', '28.39%', '14.42%', '4.81%', '14.42%']	
6064		['S级泛用机体(含保底)', 'S级泛用机体(基础掉落)', 'B、A级泛用机体', '角色碎片', '紫色装备', '突破材料', '经验材料', '螺母箱']		['1.90%', '1.50%', '13.95%', '22.11%', '28.39%', '14.42%', '4.81%', '14.42%']	
6065		['S级泛用机体(含保底)', 'S级泛用机体(基础掉落)', 'B、A级泛用机体', '角色碎片', '紫色装备', '突破材料', '经验材料', '螺母箱']		['1.90%', '1.50%', '13.95%', '22.11%', '28.39%', '14.42%', '4.81%', '14.42%']	
6066		['S级泛用机体(含保底)', 'S级泛用机体(基础掉落)', 'B、A级泛用机体', '角色碎片', '紫色装备', '突破材料', '经验材料', '螺母箱']		['1.90%', '1.50%', '13.95%', '22.11%', '28.39%', '14.42%', '4.81%', '14.42%']	
6067		['S级泛用机体(含保底)', 'S级泛用机体(基础掉落)', 'B、A级泛用机体', '角色碎片', '紫色装备', '突破材料', '经验材料', '螺母箱']		['1.90%', '1.50%', '13.95%', '22.11%', '28.39%', '14.42%', '4.81%', '14.42%']	
6068		['S级泛用机体(含保底)', 'S级泛用机体(基础掉落)', 'B、A级泛用机体', '角色碎片', '紫色装备', '突破材料', '经验材料', '螺母箱']		['1.90%', '1.50%', '13.95%', '22.11%', '28.39%', '14.42%', '4.81%', '14.42%']	
6069		['S级泛用机体(含保底)', 'S级泛用机体(基础掉落)', 'B、A级泛用机体', '角色碎片', '紫色装备', '突破材料', '经验材料', '螺母箱']		['1.90%', '1.50%', '13.95%', '22.11%', '28.39%', '14.42%', '4.81%', '14.42%']	
6070		['S级泛用机体(含保底)', 'S级泛用机体(基础掉落)', 'B、A级泛用机体', '角色碎片', '紫色装备', '突破材料', '经验材料', '螺母箱']		['1.90%', '1.50%', '13.95%', '22.11%', '28.39%', '14.42%', '4.81%', '14.42%']	
6071		['S级泛用机体(含保底)', 'S级泛用机体(基础掉落)', 'B、A级泛用机体', '角色碎片', '紫色装备', '突破材料', '经验材料', '螺母箱']		['1.90%', '1.50%', '13.95%', '22.11%', '28.39%', '14.42%', '4.81%', '14.42%']	
6072		['S级泛用机体(含保底)', 'S级泛用机体(基础掉落)', 'B、A级泛用机体', '角色碎片', '紫色装备', '突破材料', '经验材料', '螺母箱']		['1.90%', '1.50%', '13.95%', '22.11%', '28.39%', '14.42%', '4.81%', '14.42%']	
6073		['S级泛用机体(含保底)', 'S级泛用机体(基础掉落)', 'B、A级泛用机体', '角色碎片', '紫色装备', '突破材料', '经验材料', '螺母箱']		['1.90%', '1.50%', '13.95%', '22.11%', '28.39%', '14.42%', '4.81%', '14.42%']	
6074		['S级泛用机体(含保底)', 'S级泛用机体(基础掉落)', 'B、A级泛用机体', '角色碎片', '紫色装备', '突破材料', '经验材料', '螺母箱']		['1.90%', '1.50%', '13.95%', '22.11%', '28.39%', '14.42%', '4.81%', '14.42%']	
6075		['S级泛用机体(含保底)', 'S级泛用机体(基础掉落)', 'B、A级泛用机体', '角色碎片', '紫色装备', '突破材料', '经验材料', '螺母箱']		['1.90%', '1.50%', '13.95%', '22.11%', '28.39%', '14.42%', '4.81%', '14.42%']	
6076		['S级泛用机体(含保底)', 'S级泛用机体(基础掉落)', 'B、A级泛用机体', '角色碎片', '紫色装备', '突破材料', '经验材料', '螺母箱']		['1.90%', '1.50%', '13.95%', '22.11%', '28.39%', '14.42%', '4.81%', '14.42%']	
6077		['S级泛用机体(含保底)', 'S级泛用机体(基础掉落)', 'B、A级泛用机体', '角色碎片', '紫色装备', '突破材料', '经验材料', '螺母箱']		['1.90%', '1.50%', '13.95%', '22.11%', '28.39%', '14.42%', '4.81%', '14.42%']	
6078		['S级泛用机体(含保底)', 'S级泛用机体(基础掉落)', 'B、A级泛用机体', '角色碎片', '紫色装备', '突破材料', '经验材料', '螺母箱']		['1.90%', '1.50%', '13.95%', '22.11%', '28.39%', '14.42%', '4.81%', '14.42%']	
6079		['S级泛用机体(含保底)', 'S级泛用机体(基础掉落)', 'B、A级泛用机体', '角色碎片', '紫色装备', '突破材料', '经验材料', '螺母箱']		['1.90%', '1.50%', '13.95%', '22.11%', '28.39%', '14.42%', '4.81%', '14.42%']	
6080		['S级泛用机体(含保底)', 'S级泛用机体(基础掉落)', 'B、A级泛用机体', '角色碎片', '紫色装备', '突破材料', '经验材料', '螺母箱']		['1.90%', '1.50%', '13.95%', '22.11%', '28.39%', '14.42%', '4.81%', '14.42%']	
6081		['S级泛用机体(含保底)', 'S级泛用机体(基础掉落)', 'B、A级泛用机体', '角色碎片', '紫色装备', '突破材料', '经验材料', '螺母箱']		['1.90%', '1.50%', '13.95%', '22.11%', '28.39%', '14.42%', '4.81%', '14.42%']	
6082		['S级泛用机体(含保底)', 'S级泛用机体(基础掉落)', 'B、A级泛用机体', '角色碎片', '紫色装备', '突破材料', '经验材料', '螺母箱']		['1.90%', '1.50%', '13.95%', '22.11%', '28.39%', '14.42%', '4.81%', '14.42%']	
6083		['S级泛用机体(含保底)', 'S级泛用机体(基础掉落)', 'B、A级泛用机体', '角色碎片', '紫色装备', '突破材料', '经验材料', '螺母箱']		['1.90%', '1.50%', '13.95%', '22.11%', '28.39%', '14.42%', '4.81%', '14.42%']	
6084		['S级泛用机体(含保底)', 'S级泛用机体(基础掉落)', 'B、A级泛用机体', '角色碎片', '紫色装备', '突破材料', '经验材料', '螺母箱']		['1.90%', '1.50%', '13.95%', '22.11%', '28.39%', '14.42%', '4.81%', '14.42%']	
6085		['S级泛用机体(含保底)', 'S级泛用机体(基础掉落)', 'B、A级泛用机体', '角色碎片', '紫色装备', '突破材料', '经验材料', '螺母箱']		['1.90%', '1.50%', '13.95%', '22.11%', '28.39%', '14.42%', '4.81%', '14.42%']	
6086		['S级泛用机体(含保底)', 'S级泛用机体(基础掉落)', 'B、A级泛用机体', '角色碎片', '紫色装备', '突破材料', '经验材料', '螺母箱']		['1.90%', '1.50%', '13.95%', '22.11%', '28.39%', '14.42%', '4.81%', '14.42%']	
6087		['S级泛用机体(含保底)', 'S级泛用机体(基础掉落)', 'B、A级泛用机体', '角色碎片', '紫色装备', '突破材料', '经验材料', '螺母箱']		['1.90%', '1.50%', '13.95%', '22.11%', '28.39%', '14.42%', '4.81%', '14.42%']	
6088		['S级泛用机体(含保底)', 'S级泛用机体(基础掉落)', 'B、A级泛用机体', '角色碎片', '紫色装备', '突破材料', '经验材料', '螺母箱']		['1.90%', '1.50%', '13.95%', '22.11%', '28.39%', '14.42%', '4.81%', '14.42%']	
6089		['S级泛用机体(含保底)', 'S级泛用机体(基础掉落)', 'B、A级泛用机体', '角色碎片', '紫色装备', '突破材料', '经验材料', '螺母箱']		['1.90%', '1.50%', '13.95%', '22.11%', '28.39%', '14.42%', '4.81%', '14.42%']	
1355		['S级泛用机体(含保底)', 'S级泛用机体(基础掉落)', 'B、A级泛用机体', '角色碎片', '紫色装备', '突破材料', '经验材料', '螺母箱']		['1.90%', '0.50%', '13.95%', '22.11%', '28.39%', '14.42%', '4.81%', '14.42%']	
1356		['S级泛用机体(含保底)', 'S级泛用机体(基础掉落)', 'B、A级泛用机体', '角色碎片', '紫色装备', '突破材料', '经验材料', '螺母箱']		['1.90%', '0.50%', '13.95%', '22.11%', '28.39%', '14.42%', '4.81%', '14.42%']	
1357		['S级泛用机体(含保底)', 'S级泛用机体(基础掉落)', 'B、A级泛用机体', '角色碎片', '紫色装备', '突破材料', '经验材料', '螺母箱']		['1.90%', '0.50%', '13.95%', '22.11%', '28.39%', '14.42%', '4.81%', '14.42%']	
1358		['S级泛用机体(含保底)', 'S级泛用机体(基础掉落)', 'B、A级泛用机体', '角色碎片', '紫色装备', '突破材料', '经验材料', '螺母箱']		['1.90%', '0.50%', '13.95%', '22.11%', '28.39%', '14.42%', '4.81%', '14.42%']	
1359		['S级泛用机体(含保底)', 'S级泛用机体(基础掉落)', 'B、A级泛用机体', '角色碎片', '紫色装备', '突破材料', '经验材料', '螺母箱']		['1.90%', '0.50%', '13.95%', '22.11%', '28.39%', '14.42%', '4.81%', '14.42%']	
1360		['S级泛用机体(含保底)', 'S级泛用机体(基础掉落)', 'B、A级泛用机体', '角色碎片', '紫色装备', '突破材料', '经验材料', '螺母箱']		['1.90%', '0.50%', '13.95%', '22.11%', '28.39%', '14.42%', '4.81%', '14.42%']	
1361		['S级泛用机体(含保底)', 'S级泛用机体(基础掉落)', 'B、A级泛用机体', '角色碎片', '紫色装备', '突破材料', '经验材料', '螺母箱']		['1.90%', '0.50%', '13.95%', '22.11%', '28.39%', '14.42%', '4.81%', '14.42%']	
1362		['S级泛用机体(含保底)', 'S级泛用机体(基础掉落)', 'B、A级泛用机体', '角色碎片', '紫色装备', '突破材料', '经验材料', '螺母箱']		['1.90%', '0.50%', '13.95%', '22.11%', '28.39%', '14.42%', '4.81%', '14.42%']	
1363		['S级泛用机体(含保底)', 'S级泛用机体(基础掉落)', 'B、A级泛用机体', '角色碎片', '紫色装备', '突破材料', '经验材料', '螺母箱']		['1.90%', '0.50%', '13.95%', '22.11%', '28.39%', '14.42%', '4.81%', '14.42%']	
2349		['S级泛用机体(含保底)', 'S级泛用机体(基础掉落)', 'B、A级泛用机体', '角色碎片', '紫色装备', '突破材料', '经验材料', '螺母箱']		['1.90%', '1.50%', '13.95%', '22.11%', '28.39%', '14.42%', '4.81%', '14.42%']	
2350		['S级泛用机体(含保底)', 'S级泛用机体(基础掉落)', 'B、A级泛用机体', '角色碎片', '紫色装备', '突破材料', '经验材料', '螺母箱']		['1.90%', '1.50%', '13.95%', '22.11%', '28.39%', '14.42%', '4.81%', '14.42%']	
2351		['S级泛用机体(含保底)', 'S级泛用机体(基础掉落)', 'B、A级泛用机体', '角色碎片', '紫色装备', '突破材料', '经验材料', '螺母箱']		['1.90%', '1.50%', '13.95%', '22.11%', '28.39%', '14.42%', '4.81%', '14.42%']	
2352		['S级泛用机体(含保底)', 'S级泛用机体(基础掉落)', 'B、A级泛用机体', '角色碎片', '紫色装备', '突破材料', '经验材料', '螺母箱']		['1.90%', '1.50%', '13.95%', '22.11%', '28.39%', '14.42%', '4.81%', '14.42%']	
2353		['S级泛用机体(含保底)', 'S级泛用机体(基础掉落)', 'B、A级泛用机体', '角色碎片', '紫色装备', '突破材料', '经验材料', '螺母箱']		['1.90%', '1.50%', '13.95%', '22.11%', '28.39%', '14.42%', '4.81%', '14.42%']	
2354		['S级泛用机体(含保底)', 'S级泛用机体(基础掉落)', 'B、A级泛用机体', '角色碎片', '紫色装备', '突破材料', '经验材料', '螺母箱']		['1.90%', '1.50%', '13.95%', '22.11%', '28.39%', '14.42%', '4.81%', '14.42%']	
2355		['S级泛用机体(含保底)', 'S级泛用机体(基础掉落)', 'B、A级泛用机体', '角色碎片', '紫色装备', '突破材料', '经验材料', '螺母箱']		['1.90%', '1.50%', '13.95%', '22.11%', '28.39%', '14.42%', '4.81%', '14.42%']	
2356		['S级泛用机体(含保底)', 'S级泛用机体(基础掉落)', 'B、A级泛用机体', '角色碎片', '紫色装备', '突破材料', '经验材料', '螺母箱']		['1.90%', '1.50%', '13.95%', '22.11%', '28.39%', '14.42%', '4.81%', '14.42%']	
2357		['S级泛用机体(含保底)', 'S级泛用机体(基础掉落)', 'B、A级泛用机体', '角色碎片', '紫色装备', '突破材料', '经验材料', '螺母箱']		['1.90%', '1.50%', '13.95%', '22.11%', '28.39%', '14.42%', '4.81%', '14.42%']	
1364		['S级泛用机体(含保底)', 'S级泛用机体(基础掉落)', 'B、A级泛用机体', '角色碎片', '紫色装备', '突破材料', '经验材料', '螺母箱']		['1.90%', '0.50%', '13.95%', '22.11%', '28.39%', '14.42%', '4.81%', '14.42%']	
2358		['S级泛用机体(含保底)', 'S级泛用机体(基础掉落)', 'B、A级泛用机体', '角色碎片', '紫色装备', '突破材料', '经验材料', '螺母箱']		['1.90%', '1.50%', '13.95%', '22.11%', '28.39%', '14.42%', '4.81%', '14.42%']	
7041		['S级支援单位(含保底)', 'S级支援单位(基础掉落)', 'A级支援单位', '支援单位经验材料', '支援单位突破材料', '支援技能元件', '支援单位碎片', '螺母箱']		['8.33%', '5.82%', '14.14%', '20.72%', '11.02%', '16.31%', '13.42%', '16.06%']	
7042		['S级支援单位(含保底)', 'S级支援单位(基础掉落)', 'A级支援单位', '支援单位经验材料', '支援单位突破材料', '支援技能元件', '支援单位碎片', '螺母箱']		['8.33%', '5.82%', '14.14%', '20.72%', '11.02%', '16.31%', '13.42%', '16.06%']	
363	[True, True]	['【6星】伊始与终焉之权', '【5星】寰映星键', '【6星】暗夜猎隼', '【6星】骇客锐音', '【5星】苍白羽赫', '【5星】白夜噪点', '紫色武器', '蓝色武器', '螺母箱', '突破材料']		['4.00%', '12.00%', '0.50%', '0.50%', '1.50%', '1.50%', '33.40%', '27.90%', '9.35%', '9.35%']	
1365		['S级泛用机体(含保底)', 'S级泛用机体(基础掉落)', 'B、A级泛用机体', '角色碎片', '紫色装备', '突破材料', '经验材料', '螺母箱']		['1.90%', '0.50%', '13.95%', '22.11%', '28.39%', '14.42%', '4.81%', '14.42%']	
1366		['S级泛用机体(含保底)', 'S级泛用机体(基础掉落)', 'B、A级泛用机体', '角色碎片', '紫色装备', '突破材料', '经验材料', '螺母箱']		['1.90%', '0.50%', '13.95%', '22.11%', '28.39%', '14.42%', '4.81%', '14.42%']	
1367		['S级泛用机体(含保底)', 'S级泛用机体(基础掉落)', 'B、A级泛用机体', '角色碎片', '紫色装备', '突破材料', '经验材料', '螺母箱']		['1.90%', '0.50%', '13.95%', '22.11%', '28.39%', '14.42%', '4.81%', '14.42%']	
1368		['S级泛用机体(含保底)', 'S级泛用机体(基础掉落)', 'B、A级泛用机体', '角色碎片', '紫色装备', '突破材料', '经验材料', '螺母箱']		['1.90%', '0.50%', '13.95%', '22.11%', '28.39%', '14.42%', '4.81%', '14.42%']	
1369		['S级泛用机体(含保底)', 'S级泛用机体(基础掉落)', 'B、A级泛用机体', '角色碎片', '紫色装备', '突破材料', '经验材料', '螺母箱']		['1.90%', '0.50%', '13.95%', '22.11%', '28.39%', '14.42%', '4.81%', '14.42%']	
1370		['S级泛用机体(含保底)', 'S级泛用机体(基础掉落)', 'B、A级泛用机体', '角色碎片', '紫色装备', '突破材料', '经验材料', '螺母箱']		['1.90%', '0.50%', '13.95%', '22.11%', '28.39%', '14.42%', '4.81%', '14.42%']	
1371		['S级泛用机体(含保底)', 'S级泛用机体(基础掉落)', 'B、A级泛用机体', '角色碎片', '紫色装备', '突破材料', '经验材料', '螺母箱']		['1.90%', '0.50%', '13.95%', '22.11%', '28.39%', '14.42%', '4.81%', '14.42%']	
1372		['S级泛用机体(含保底)', 'S级泛用机体(基础掉落)', 'B、A级泛用机体', '角色碎片', '紫色装备', '突破材料', '经验材料', '螺母箱']		['1.90%', '0.50%', '13.95%', '22.11%', '28.39%', '14.42%', '4.81%', '14.42%']	
1373		['S级泛用机体(含保底)', 'S级泛用机体(基础掉落)', 'B、A级泛用机体', '角色碎片', '紫色装备', '突破材料', '经验材料', '螺母箱']		['1.90%', '0.50%', '13.95%', '22.11%', '28.39%', '14.42%', '4.81%', '14.42%']	
2359		['S级泛用机体(含保底)', 'S级泛用机体(基础掉落)', 'B、A级泛用机体', '角色碎片', '紫色装备', '突破材料', '经验材料', '螺母箱']		['1.90%', '1.50%', '13.95%', '22.11%', '28.39%', '14.42%', '4.81%', '14.42%']	
2360		['S级泛用机体(含保底)', 'S级泛用机体(基础掉落)', 'B、A级泛用机体', '角色碎片', '紫色装备', '突破材料', '经验材料', '螺母箱']		['1.90%', '1.50%', '13.95%', '22.11%', '28.39%', '14.42%', '4.81%', '14.42%']	
2361		['S级泛用机体(含保底)', 'S级泛用机体(基础掉落)', 'B、A级泛用机体', '角色碎片', '紫色装备', '突破材料', '经验材料', '螺母箱']		['1.90%', '1.50%', '13.95%', '22.11%', '28.39%', '14.42%', '4.81%', '14.42%']	
2362		['S级泛用机体(含保底)', 'S级泛用机体(基础掉落)', 'B、A级泛用机体', '角色碎片', '紫色装备', '突破材料', '经验材料', '螺母箱']		['1.90%', '1.50%', '13.95%', '22.11%', '28.39%', '14.42%', '4.81%', '14.42%']	
2363		['S级泛用机体(含保底)', 'S级泛用机体(基础掉落)', 'B、A级泛用机体', '角色碎片', '紫色装备', '突破材料', '经验材料', '螺母箱']		['1.90%', '1.50%', '13.95%', '22.11%', '28.39%', '14.42%', '4.81%', '14.42%']	
2364		['S级泛用机体(含保底)', 'S级泛用机体(基础掉落)', 'B、A级泛用机体', '角色碎片', '紫色装备', '突破材料', '经验材料', '螺母箱']		['1.90%', '1.50%', '13.95%', '22.11%', '28.39%', '14.42%', '4.81%', '14.42%']	
2365		['S级泛用机体(含保底)', 'S级泛用机体(基础掉落)', 'B、A级泛用机体', '角色碎片', '紫色装备', '突破材料', '经验材料', '螺母箱']		['1.90%', '1.50%', '13.95%', '22.11%', '28.39%', '14.42%', '4.81%', '14.42%']	
2366		['S级泛用机体(含保底)', 'S级泛用机体(基础掉落)', 'B、A级泛用机体', '角色碎片', '紫色装备', '突破材料', '经验材料', '螺母箱']		['1.90%', '1.50%', '13.95%', '22.11%', '28.39%', '14.42%', '4.81%', '14.42%']	
2367		['S级泛用机体(含保底)', 'S级泛用机体(基础掉落)', 'B、A级泛用机体', '角色碎片', '紫色装备', '突破材料', '经验材料', '螺母箱']		['1.90%', '1.50%', '13.95%', '22.11%', '28.39%', '14.42%', '4.81%', '14.42%']	
364	[True, True]	['【6星】繁宵蜃景之哀', '【5星】璃昼谜魇', '【6星】阿斯特莉亚', '【6星】擎殛明王', '【5星】猎隼E-3320', '【5星】祓世御雷', '紫色武器', '蓝色武器', '螺母箱', '突破材料']		['4.00%', '12.00%', '0.50%', '0.50%', '1.50%', '1.50%', '33.40%', '27.90%', '9.35%', '9.35%']	
7043		['S级支援单位(含保底)', 'S级支援单位(基础掉落)', 'A级支援单位', '支援单位经验材料', '支援单位突破材料', '支援技能元件', '支援单位碎片', '螺母箱']		['8.33%', '5.82%', '14.14%', '20.72%', '11.02%', '16.31%', '13.42%', '16.06%']	
7044		['S级支援单位(含保底)', 'S级支援单位(基础掉落)', 'A级支援单位', '支援单位经验材料', '支援单位突破材料', '支援技能元件', '支援单位碎片', '螺母箱']		['8.33%', '5.82%', '14.14%', '20.72%', '11.02%', '16.31%', '13.42%', '16.06%']	
1374		['S级泛用机体(含保底)', 'S级泛用机体(基础掉落)', 'B、A级泛用机体', '角色碎片', '紫色装备', '突破材料', '经验材料', '螺母箱']		['1.90%', '0.50%', '13.95%', '22.11%', '28.39%', '14.42%', '4.81%', '14.42%']	
1375		['S级泛用机体(含保底)', 'S级泛用机体(基础掉落)', 'B、A级泛用机体', '角色碎片', '紫色装备', '突破材料', '经验材料', '螺母箱']		['1.90%', '0.50%', '13.95%', '22.11%', '28.39%', '14.42%', '4.81%', '14.42%']	
1376		['S级泛用机体(含保底)', 'S级泛用机体(基础掉落)', 'B、A级泛用机体', '角色碎片', '紫色装备', '突破材料', '经验材料', '螺母箱']		['1.90%', '0.50%', '13.95%', '22.11%', '28.39%', '14.42%', '4.81%', '14.42%']	
1377		['S级泛用机体(含保底)', 'S级泛用机体(基础掉落)', 'B、A级泛用机体', '角色碎片', '紫色装备', '突破材料', '经验材料', '螺母箱']		['1.90%', '0.50%', '13.95%', '22.11%', '28.39%', '14.42%', '4.81%', '14.42%']	
1378		['S级泛用机体(含保底)', 'S级泛用机体(基础掉落)', 'B、A级泛用机体', '角色碎片', '紫色装备', '突破材料', '经验材料', '螺母箱']		['1.90%', '0.50%', '13.95%', '22.11%', '28.39%', '14.42%', '4.81%', '14.42%']	
1379		['S级泛用机体(含保底)', 'S级泛用机体(基础掉落)', 'B、A级泛用机体', '角色碎片', '紫色装备', '突破材料', '经验材料', '螺母箱']		['1.90%', '0.50%', '13.95%', '22.11%', '28.39%', '14.42%', '4.81%', '14.42%']	
1380		['S级泛用机体(含保底)', 'S级泛用机体(基础掉落)', 'B、A级泛用机体', '角色碎片', '紫色装备', '突破材料', '经验材料', '螺母箱']		['1.90%', '0.50%', '13.95%', '22.11%', '28.39%', '14.42%', '4.81%', '14.42%']	
1381		['S级泛用机体(含保底)', 'S级泛用机体(基础掉落)', 'B、A级泛用机体', '角色碎片', '紫色装备', '突破材料', '经验材料', '螺母箱']		['1.90%', '0.50%', '13.95%', '22.11%', '28.39%', '14.42%', '4.81%', '14.42%']	
1382		['S级泛用机体(含保底)', 'S级泛用机体(基础掉落)', 'B、A级泛用机体', '角色碎片', '紫色装备', '突破材料', '经验材料', '螺母箱']		['1.90%', '0.50%', '13.95%', '22.11%', '28.39%', '14.42%', '4.81%', '14.42%']	
2368		['S级泛用机体(含保底)', 'S级泛用机体(基础掉落)', 'B、A级泛用机体', '角色碎片', '紫色装备', '突破材料', '经验材料', '螺母箱']		['1.90%', '1.50%', '13.95%', '22.11%', '28.39%', '14.42%', '4.81%', '14.42%']	
2369		['S级泛用机体(含保底)', 'S级泛用机体(基础掉落)', 'B、A级泛用机体', '角色碎片', '紫色装备', '突破材料', '经验材料', '螺母箱']		['1.90%', '1.50%', '13.95%', '22.11%', '28.39%', '14.42%', '4.81%', '14.42%']	
2370		['S级泛用机体(含保底)', 'S级泛用机体(基础掉落)', 'B、A级泛用机体', '角色碎片', '紫色装备', '突破材料', '经验材料', '螺母箱']		['1.90%', '1.50%', '13.95%', '22.11%', '28.39%', '14.42%', '4.81%', '14.42%']	
2371		['S级泛用机体(含保底)', 'S级泛用机体(基础掉落)', 'B、A级泛用机体', '角色碎片', '紫色装备', '突破材料', '经验材料', '螺母箱']		['1.90%', '1.50%', '13.95%', '22.11%', '28.39%', '14.42%', '4.81%', '14.42%']	
2372		['S级泛用机体(含保底)', 'S级泛用机体(基础掉落)', 'B、A级泛用机体', '角色碎片', '紫色装备', '突破材料', '经验材料', '螺母箱']		['1.90%', '1.50%', '13.95%', '22.11%', '28.39%', '14.42%', '4.81%', '14.42%']	
2373		['S级泛用机体(含保底)', 'S级泛用机体(基础掉落)', 'B、A级泛用机体', '角色碎片', '紫色装备', '突破材料', '经验材料', '螺母箱']		['1.90%', '1.50%', '13.95%', '22.11%', '28.39%', '14.42%', '4.81%', '14.42%']	
2374		['S级泛用机体(含保底)', 'S级泛用机体(基础掉落)', 'B、A级泛用机体', '角色碎片', '紫色装备', '突破材料', '经验材料', '螺母箱']		['1.90%', '1.50%', '13.95%', '22.11%', '28.39%', '14.42%', '4.81%', '14.42%']	
2375		['S级泛用机体(含保底)', 'S级泛用机体(基础掉落)', 'B、A级泛用机体', '角色碎片', '紫色装备', '突破材料', '经验材料', '螺母箱']		['1.90%', '1.50%', '13.95%', '22.11%', '28.39%', '14.42%', '4.81%', '14.42%']	
2376		['S级泛用机体(含保底)', 'S级泛用机体(基础掉落)', 'B、A级泛用机体', '角色碎片', '紫色装备', '突破材料', '经验材料', '螺母箱']		['1.90%', '1.50%', '13.95%', '22.11%', '28.39%', '14.42%', '4.81%', '14.42%']	
1383		['S级泛用机体(含保底)', 'S级泛用机体(基础掉落)', 'B、A级泛用机体', '角色碎片', '紫色装备', '突破材料', '经验材料', '螺母箱']		['1.90%', '0.50%', '13.95%', '22.11%', '28.39%', '14.42%', '4.81%', '14.42%']	
2377		['S级泛用机体(含保底)', 'S级泛用机体(基础掉落)', 'B、A级泛用机体', '角色碎片', '紫色装备', '突破材料', '经验材料', '螺母箱']		['1.90%', '1.50%', '13.95%', '22.11%', '28.39%', '14.42%', '4.81%', '14.42%']	
365	[True, True]	['【6星】奥菲厄斯的摇篮', '【5星】月桂之冠', '【6星】墨提斯', '【6星】塞斯特斯', '【5星】逆行交点', '【5星】不毁玓光', '紫色武器', '蓝色武器', '螺母箱', '突破材料']		['4.00%', '12.00%', '0.50%', '0.50%', '1.50%', '1.50%', '33.40%', '27.90%', '9.35%', '9.35%']	
7045		['S级支援单位(含保底)', 'S级支援单位(基础掉落)', 'A级支援单位', '支援单位经验材料', '支援单位突破材料', '支援技能元件', '支援单位碎片', '螺母箱']		['8.33%', '5.82%', '14.14%', '20.72%', '11.02%', '16.31%', '13.42%', '16.06%']	
7046		['S级支援单位(含保底)', 'S级支援单位(基础掉落)', 'A级支援单位', '支援单位经验材料', '支援单位突破材料', '支援技能元件', '支援单位碎片', '螺母箱']		['8.33%', '5.82%', '14.14%', '20.72%', '11.02%', '16.31%', '13.42%', '16.06%']	
1384		['S级泛用机体(含保底)', 'S级泛用机体(基础掉落)', 'B、A级泛用机体', '角色碎片', '紫色装备', '突破材料', '经验材料', '螺母箱']		['1.90%', '0.50%', '13.95%', '22.11%', '28.39%', '14.42%', '4.81%', '14.42%']	
1385		['S级泛用机体(含保底)', 'S级泛用机体(基础掉落)', 'B、A级泛用机体', '角色碎片', '紫色装备', '突破材料', '经验材料', '螺母箱']		['1.90%', '0.50%', '13.95%', '22.11%', '28.39%', '14.42%', '4.81%', '14.42%']	
1386		['S级泛用机体(含保底)', 'S级泛用机体(基础掉落)', 'B、A级泛用机体', '角色碎片', '紫色装备', '突破材料', '经验材料', '螺母箱']		['1.90%', '0.50%', '13.95%', '22.11%', '28.39%', '14.42%', '4.81%', '14.42%']	
1387		['S级泛用机体(含保底)', 'S级泛用机体(基础掉落)', 'B、A级泛用机体', '角色碎片', '紫色装备', '突破材料', '经验材料', '螺母箱']		['1.90%', '0.50%', '13.95%', '22.11%', '28.39%', '14.42%', '4.81%', '14.42%']	
1388		['S级泛用机体(含保底)', 'S级泛用机体(基础掉落)', 'B、A级泛用机体', '角色碎片', '紫色装备', '突破材料', '经验材料', '螺母箱']		['1.90%', '0.50%', '13.95%', '22.11%', '28.39%', '14.42%', '4.81%', '14.42%']	
1389		['S级泛用机体(含保底)', 'S级泛用机体(基础掉落)', 'B、A级泛用机体', '角色碎片', '紫色装备', '突破材料', '经验材料', '螺母箱']		['1.90%', '0.50%', '13.95%', '22.11%', '28.39%', '14.42%', '4.81%', '14.42%']	
2378		['S级泛用机体(含保底)', 'S级泛用机体(基础掉落)', 'B、A级泛用机体', '角色碎片', '紫色装备', '突破材料', '经验材料', '螺母箱']		['1.90%', '1.50%', '13.95%', '22.11%', '28.39%', '14.42%', '4.81%', '14.42%']	
2379		['S级泛用机体(含保底)', 'S级泛用机体(基础掉落)', 'B、A级泛用机体', '角色碎片', '紫色装备', '突破材料', '经验材料', '螺母箱']		['1.90%', '1.50%', '13.95%', '22.11%', '28.39%', '14.42%', '4.81%', '14.42%']	
2380		['S级泛用机体(含保底)', 'S级泛用机体(基础掉落)', 'B、A级泛用机体', '角色碎片', '紫色装备', '突破材料', '经验材料', '螺母箱']		['1.90%', '1.50%', '13.95%', '22.11%', '28.39%', '14.42%', '4.81%', '14.42%']	
2381		['S级泛用机体(含保底)', 'S级泛用机体(基础掉落)', 'B、A级泛用机体', '角色碎片', '紫色装备', '突破材料', '经验材料', '螺母箱']		['1.90%', '1.50%', '13.95%', '22.11%', '28.39%', '14.42%', '4.81%', '14.42%']	
2382		['S级泛用机体(含保底)', 'S级泛用机体(基础掉落)', 'B、A级泛用机体', '角色碎片', '紫色装备', '突破材料', '经验材料', '螺母箱']		['1.90%', '1.50%', '13.95%', '22.11%', '28.39%', '14.42%', '4.81%', '14.42%']	
2383		['S级泛用机体(含保底)', 'S级泛用机体(基础掉落)', 'B、A级泛用机体', '角色碎片', '紫色装备', '突破材料', '经验材料', '螺母箱']		['1.90%', '1.50%', '13.95%', '22.11%', '28.39%', '14.42%', '4.81%', '14.42%']	
3033		['S级泛用机体(含保底)', 'S级泛用机体(基础掉落)', 'B、A级泛用机体', '角色碎片', '紫色装备', '突破材料', '经验材料', '螺母箱']		['1.90%', '0.50%', '13.95%', '22.11%', '28.39%', '14.42%', '4.81%', '14.42%']	
3034		['S级泛用机体(含保底)', 'S级泛用机体(基础掉落)', 'B、A级泛用机体', '角色碎片', '紫色装备', '突破材料', '经验材料', '螺母箱']		['1.90%', '0.50%', '13.95%', '22.11%', '28.39%', '14.42%', '4.81%', '14.42%']	
366	[True, True]	['【6星】终局裁决者', '【5星】翩行潜夜', '【6星】6星盾斧 隧星盛耀', '【6星】6星光纹太刀 拂晓炎翎', '【5星】5星盾斧 ZL-09改 辉扬', '【5星】5星光纹太刀 雾隐冥光', '紫色武器', '蓝色武器', '螺母箱', '突破材料']		['4.00%', '12.00%', '0.50%', '0.50%', '1.50%', '1.50%', '33.40%', '27.90%', '9.35%', '9.35%']	
1390		['S级泛用机体(含保底)', 'S级泛用机体(基础掉落)', 'B、A级泛用机体', '角色碎片', '紫色装备', '突破材料', '经验材料', '螺母箱']		['1.90%', '0.50%', '13.95%', '22.11%', '28.39%', '14.42%', '4.81%', '14.42%']	
1391		['S级泛用机体(含保底)', 'S级泛用机体(基础掉落)', 'B、A级泛用机体', '角色碎片', '紫色装备', '突破材料', '经验材料', '螺母箱']		['1.90%', '0.50%', '13.95%', '22.11%', '28.39%', '14.42%', '4.81%', '14.42%']	
1392		['S级泛用机体(含保底)', 'S级泛用机体(基础掉落)', 'B、A级泛用机体', '角色碎片', '紫色装备', '突破材料', '经验材料', '螺母箱']		['1.90%', '0.50%', '13.95%', '22.11%', '28.39%', '14.42%', '4.81%', '14.42%']	
1393		['S级泛用机体(含保底)', 'S级泛用机体(基础掉落)', 'B、A级泛用机体', '角色碎片', '紫色装备', '突破材料', '经验材料', '螺母箱']		['1.90%', '0.50%', '13.95%', '22.11%', '28.39%', '14.42%', '4.81%', '14.42%']	
1394		['S级泛用机体(含保底)', 'S级泛用机体(基础掉落)', 'B、A级泛用机体', '角色碎片', '紫色装备', '突破材料', '经验材料', '螺母箱']		['1.90%', '0.50%', '13.95%', '22.11%', '28.39%', '14.42%', '4.81%', '14.42%']	
1395		['S级泛用机体(含保底)', 'S级泛用机体(基础掉落)', 'B、A级泛用机体', '角色碎片', '紫色装备', '突破材料', '经验材料', '螺母箱']		['1.90%', '0.50%', '13.95%', '22.11%', '28.39%', '14.42%', '4.81%', '14.42%']	
1396		['S级泛用机体(含保底)', 'S级泛用机体(基础掉落)', 'B、A级泛用机体', '角色碎片', '紫色装备', '突破材料', '经验材料', '螺母箱']		['1.90%', '0.50%', '13.95%', '22.11%', '28.39%', '14.42%', '4.81%', '14.42%']	
1397		['S级泛用机体(含保底)', 'S级泛用机体(基础掉落)', 'B、A级泛用机体', '角色碎片', '紫色装备', '突破材料', '经验材料', '螺母箱']		['1.90%', '0.50%', '13.95%', '22.11%', '28.39%', '14.42%', '4.81%', '14.42%']	
1398		['S级泛用机体(含保底)', 'S级泛用机体(基础掉落)', 'B、A级泛用机体', '角色碎片', '紫色装备', '突破材料', '经验材料', '螺母箱']		['1.90%', '0.50%', '13.95%', '22.11%', '28.39%', '14.42%', '4.81%', '14.42%']	
2384		['S级泛用机体(含保底)', 'S级泛用机体(基础掉落)', 'B、A级泛用机体', '角色碎片', '紫色装备', '突破材料', '经验材料', '螺母箱']		['1.90%', '1.50%', '13.95%', '22.11%', '28.39%', '14.42%', '4.81%', '14.42%']	
2385		['S级泛用机体(含保底)', 'S级泛用机体(基础掉落)', 'B、A级泛用机体', '角色碎片', '紫色装备', '突破材料', '经验材料', '螺母箱']		['1.90%', '1.50%', '13.95%', '22.11%', '28.39%', '14.42%', '4.81%', '14.42%']	
2386		['S级泛用机体(含保底)', 'S级泛用机体(基础掉落)', 'B、A级泛用机体', '角色碎片', '紫色装备', '突破材料', '经验材料', '螺母箱']		['1.90%', '1.50%', '13.95%', '22.11%', '28.39%', '14.42%', '4.81%', '14.42%']	
2387		['S级泛用机体(含保底)', 'S级泛用机体(基础掉落)', 'B、A级泛用机体', '角色碎片', '紫色装备', '突破材料', '经验材料', '螺母箱']		['1.90%', '1.50%', '13.95%', '22.11%', '28.39%', '14.42%', '4.81%', '14.42%']	
2388		['S级泛用机体(含保底)', 'S级泛用机体(基础掉落)', 'B、A级泛用机体', '角色碎片', '紫色装备', '突破材料', '经验材料', '螺母箱']		['1.90%', '1.50%', '13.95%', '22.11%', '28.39%', '14.42%', '4.81%', '14.42%']	
2389		['S级泛用机体(含保底)', 'S级泛用机体(基础掉落)', 'B、A级泛用机体', '角色碎片', '紫色装备', '突破材料', '经验材料', '螺母箱']		['1.90%', '1.50%', '13.95%', '22.11%', '28.39%', '14.42%', '4.81%', '14.42%']	
2390		['S级泛用机体(含保底)', 'S级泛用机体(基础掉落)', 'B、A级泛用机体', '角色碎片', '紫色装备', '突破材料', '经验材料', '螺母箱']		['1.90%', '1.50%', '13.95%', '22.11%', '28.39%', '14.42%', '4.81%', '14.42%']	
2391		['S级泛用机体(含保底)', 'S级泛用机体(基础掉落)', 'B、A级泛用机体', '角色碎片', '紫色装备', '突破材料', '经验材料', '螺母箱']		['1.90%', '1.50%', '13.95%', '22.11%', '28.39%', '14.42%', '4.81%', '14.42%']	
2392		['S级泛用机体(含保底)', 'S级泛用机体(基础掉落)', 'B、A级泛用机体', '角色碎片', '紫色装备', '突破材料', '经验材料', '螺母箱']		['1.90%', '1.50%', '13.95%', '22.11%', '28.39%', '14.42%', '4.81%', '14.42%']	
1399		['S级泛用机体(含保底)', 'S级泛用机体(基础掉落)', 'B、A级泛用机体', '角色碎片', '紫色装备', '突破材料', '经验材料', '螺母箱']		['1.90%', '0.50%', '13.95%', '22.11%', '28.39%', '14.42%', '4.81%', '14.42%']	
2393		['S级泛用机体(含保底)', 'S级泛用机体(基础掉落)', 'B、A级泛用机体', '角色碎片', '紫色装备', '突破材料', '经验材料', '螺母箱']		['1.90%', '1.50%', '13.95%', '22.11%', '28.39%', '14.42%', '4.81%', '14.42%']	
367	[True, True]	['【6星】烬劫归墟', '【5星】灼夜', '【6星】明瞳续昼', '【6星】鹏游蝶梦', '【5星】故魂永息', '【5星】月上海棠', '紫色武器', '蓝色武器', '螺母箱', '突破材料']		['4.00%', '12.00%', '0.50%', '0.50%', '1.50%', '1.50%', '33.40%', '27.90%', '9.35%', '9.35%']	
7047		['S级支援单位(含保底)', 'S级支援单位(基础掉落)', 'A级支援单位', '支援单位经验材料', '支援单位突破材料', '支援技能元件', '支援单位碎片', '螺母箱']		['8.33%', '5.82%', '14.14%', '20.72%', '11.02%', '16.31%', '13.42%', '16.06%']	
7048		['S级支援单位(含保底)', 'S级支援单位(基础掉落)', 'A级支援单位', '支援单位经验材料', '支援单位突破材料', '支援技能元件', '支援单位碎片', '螺母箱']		['8.33%', '5.82%', '14.14%', '20.72%', '11.02%', '16.31%', '13.42%', '16.06%']	
5608		['S级泛用机体(含保底)', 'S级泛用机体(基础掉落)', 'B、A级泛用机体', '角色碎片', '紫色装备', '突破材料', '经验材料', '螺母箱']		['1.90%', '0.50%', '13.95%', '22.11%', '28.39%', '14.42%', '4.81%', '14.42%']	
5610		['S级泛用机体(含保底)', 'S级泛用机体(基础掉落)', 'B、A级泛用机体', '角色碎片', '紫色装备', '突破材料', '经验材料', '螺母箱']		['1.90%', '1.50%', '13.95%', '22.11%', '28.39%', '14.42%', '4.81%', '14.42%']	
5609		['S级泛用机体(含保底)', 'S级泛用机体(基础掉落)', 'B、A级泛用机体', '角色碎片', '紫色装备', '突破材料', '经验材料', '螺母箱']		['1.90%', '0.50%', '13.95%', '22.11%', '28.39%', '14.42%', '4.81%', '14.42%']	
5611		['S级泛用机体(含保底)', 'S级泛用机体(基础掉落)', 'B、A级泛用机体', '角色碎片', '紫色装备', '突破材料', '经验材料', '螺母箱']		['1.90%', '1.50%', '13.95%', '22.11%', '28.39%', '14.42%', '4.81%', '14.42%']	
368	[True, True]	['【6星】阎魔刀', '【5星】阎魔刀·影打', '【6星】魔剑但丁', '【6星】律条重塑', '【5星】猎魔大剑', '【5星】黯月摧朽', '紫色武器', '蓝色武器', '螺母箱', '突破材料']		['4.00%', '12.00%', '0.50%', '0.50%', '1.50%', '1.50%', '33.40%', '27.90%', '9.35%', '9.35%']	
369	[True, True]	['【6星】魔剑但丁', '【5星】猎魔大剑', '【6星】阎魔刀', '【6星】律条重塑', '【5星】阎魔刀·影打', '【5星】黯月摧朽', '紫色武器', '蓝色武器', '螺母箱', '突破材料']		['4.00%', '12.00%', '0.50%', '0.50%', '1.50%', '1.50%', '33.40%', '27.90%', '9.35%', '9.35%']	
7049		['S级支援单位(含保底)', 'S级支援单位(基础掉落)', 'A级支援单位', '支援单位经验材料', '支援单位突破材料', '支援技能元件', '支援单位碎片', '螺母箱']		['8.33%', '5.82%', '14.14%', '20.72%', '11.02%', '16.31%', '13.42%', '16.06%']	
7050		['S级支援单位(含保底)', 'S级支援单位(基础掉落)', 'A级支援单位', '支援单位经验材料', '支援单位突破材料', '支援技能元件', '支援单位碎片', '螺母箱']		['8.33%', '5.82%', '14.14%', '20.72%', '11.02%', '16.31%', '13.42%', '16.06%']	
1400		['S级泛用机体(含保底)', 'S级泛用机体(基础掉落)', 'B、A级泛用机体', '角色碎片', '紫色装备', '突破材料', '经验材料', '螺母箱']		['1.90%', '0.50%', '13.95%', '22.11%', '28.39%', '14.42%', '4.81%', '14.42%']	
1401		['S级泛用机体(含保底)', 'S级泛用机体(基础掉落)', 'B、A级泛用机体', '角色碎片', '紫色装备', '突破材料', '经验材料', '螺母箱']		['1.90%', '0.50%', '13.95%', '22.11%', '28.39%', '14.42%', '4.81%', '14.42%']	
1402		['S级泛用机体(含保底)', 'S级泛用机体(基础掉落)', 'B、A级泛用机体', '角色碎片', '紫色装备', '突破材料', '经验材料', '螺母箱']		['1.90%', '0.50%', '13.95%', '22.11%', '28.39%', '14.42%', '4.81%', '14.42%']	
1403		['S级泛用机体(含保底)', 'S级泛用机体(基础掉落)', 'B、A级泛用机体', '角色碎片', '紫色装备', '突破材料', '经验材料', '螺母箱']		['1.90%', '0.50%', '13.95%', '22.11%', '28.39%', '14.42%', '4.81%', '14.42%']	
1404		['S级泛用机体(含保底)', 'S级泛用机体(基础掉落)', 'B、A级泛用机体', '角色碎片', '紫色装备', '突破材料', '经验材料', '螺母箱']		['1.90%', '0.50%', '13.95%', '22.11%', '28.39%', '14.42%', '4.81%', '14.42%']	
1405		['S级泛用机体(含保底)', 'S级泛用机体(基础掉落)', 'B、A级泛用机体', '角色碎片', '紫色装备', '突破材料', '经验材料', '螺母箱']		['1.90%', '0.50%', '13.95%', '22.11%', '28.39%', '14.42%', '4.81%', '14.42%']	
1406		['S级泛用机体(含保底)', 'S级泛用机体(基础掉落)', 'B、A级泛用机体', '角色碎片', '紫色装备', '突破材料', '经验材料', '螺母箱']		['1.90%', '0.50%', '13.95%', '22.11%', '28.39%', '14.42%', '4.81%', '14.42%']	
1407		['S级泛用机体(含保底)', 'S级泛用机体(基础掉落)', 'B、A级泛用机体', '角色碎片', '紫色装备', '突破材料', '经验材料', '螺母箱']		['1.90%', '0.50%', '13.95%', '22.11%', '28.39%', '14.42%', '4.81%', '14.42%']	
1408		['S级泛用机体(含保底)', 'S级泛用机体(基础掉落)', 'B、A级泛用机体', '角色碎片', '紫色装备', '突破材料', '经验材料', '螺母箱']		['1.90%', '0.50%', '13.95%', '22.11%', '28.39%', '14.42%', '4.81%', '14.42%']	
2394		['S级泛用机体(含保底)', 'S级泛用机体(基础掉落)', 'B、A级泛用机体', '角色碎片', '紫色装备', '突破材料', '经验材料', '螺母箱']		['1.90%', '1.50%', '13.95%', '22.11%', '28.39%', '14.42%', '4.81%', '14.42%']	
2395		['S级泛用机体(含保底)', 'S级泛用机体(基础掉落)', 'B、A级泛用机体', '角色碎片', '紫色装备', '突破材料', '经验材料', '螺母箱']		['1.90%', '1.50%', '13.95%', '22.11%', '28.39%', '14.42%', '4.81%', '14.42%']	
2396		['S级泛用机体(含保底)', 'S级泛用机体(基础掉落)', 'B、A级泛用机体', '角色碎片', '紫色装备', '突破材料', '经验材料', '螺母箱']		['1.90%', '1.50%', '13.95%', '22.11%', '28.39%', '14.42%', '4.81%', '14.42%']	
2397		['S级泛用机体(含保底)', 'S级泛用机体(基础掉落)', 'B、A级泛用机体', '角色碎片', '紫色装备', '突破材料', '经验材料', '螺母箱']		['1.90%', '1.50%', '13.95%', '22.11%', '28.39%', '14.42%', '4.81%', '14.42%']	
2398		['S级泛用机体(含保底)', 'S级泛用机体(基础掉落)', 'B、A级泛用机体', '角色碎片', '紫色装备', '突破材料', '经验材料', '螺母箱']		['1.90%', '1.50%', '13.95%', '22.11%', '28.39%', '14.42%', '4.81%', '14.42%']	
2399		['S级泛用机体(含保底)', 'S级泛用机体(基础掉落)', 'B、A级泛用机体', '角色碎片', '紫色装备', '突破材料', '经验材料', '螺母箱']		['1.90%', '1.50%', '13.95%', '22.11%', '28.39%', '14.42%', '4.81%', '14.42%']	
2400		['S级泛用机体(含保底)', 'S级泛用机体(基础掉落)', 'B、A级泛用机体', '角色碎片', '紫色装备', '突破材料', '经验材料', '螺母箱']		['1.90%', '1.50%', '13.95%', '22.11%', '28.39%', '14.42%', '4.81%', '14.42%']	
2401		['S级泛用机体(含保底)', 'S级泛用机体(基础掉落)', 'B、A级泛用机体', '角色碎片', '紫色装备', '突破材料', '经验材料', '螺母箱']		['1.90%', '1.50%', '13.95%', '22.11%', '28.39%', '14.42%', '4.81%', '14.42%']	
2402		['S级泛用机体(含保底)', 'S级泛用机体(基础掉落)', 'B、A级泛用机体', '角色碎片', '紫色装备', '突破材料', '经验材料', '螺母箱']		['1.90%', '1.50%', '13.95%', '22.11%', '28.39%', '14.42%', '4.81%', '14.42%']	
8073		['S级泛用机体(含保底)', 'S级泛用机体(基础掉落)', 'B、A级泛用机体', '角色碎片', '紫色装备', '突破材料', '经验材料', '螺母箱']		['1.90%', '0.50%', '13.95%', '22.11%', '28.39%', '14.42%', '4.81%', '14.42%']	
8074		['S级泛用机体(含保底)', 'S级泛用机体(基础掉落)', 'B、A级泛用机体', '角色碎片', '紫色装备', '突破材料', '经验材料', '螺母箱']		['1.90%', '0.50%', '13.95%', '22.11%', '28.39%', '14.42%', '4.81%', '14.42%']	
8075		['S级泛用机体(含保底)', 'S级泛用机体(基础掉落)', 'B、A级泛用机体', '角色碎片', '紫色装备', '突破材料', '经验材料', '螺母箱']		['1.90%', '0.50%', '13.95%', '22.11%', '28.39%', '14.42%', '4.81%', '14.42%']	
8076		['S级泛用机体(含保底)', 'S级泛用机体(基础掉落)', 'B、A级泛用机体', '角色碎片', '紫色装备', '突破材料', '经验材料', '螺母箱']		['1.90%', '0.50%', '13.95%', '22.11%', '28.39%', '14.42%', '4.81%', '14.42%']	
8077		['S级泛用机体(含保底)', 'S级泛用机体(基础掉落)', 'B、A级泛用机体', '角色碎片', '紫色装备', '突破材料', '经验材料', '螺母箱']		['1.90%', '0.50%', '13.95%', '22.11%', '28.39%', '14.42%', '4.81%', '14.42%']	
8078		['S级泛用机体(含保底)', 'S级泛用机体(基础掉落)', 'B、A级泛用机体', '角色碎片', '紫色装备', '突破材料', '经验材料', '螺母箱']		['1.90%', '0.50%', '13.95%', '22.11%', '28.39%', '14.42%', '4.81%', '14.42%']	
8079		['S级泛用机体(含保底)', 'S级泛用机体(基础掉落)', 'B、A级泛用机体', '角色碎片', '紫色装备', '突破材料', '经验材料', '螺母箱']		['1.90%', '0.50%', '13.95%', '22.11%', '28.39%', '14.42%', '4.81%', '14.42%']	
8080		['S级泛用机体(含保底)', 'S级泛用机体(基础掉落)', 'B、A级泛用机体', '角色碎片', '紫色装备', '突破材料', '经验材料', '螺母箱']		['1.90%', '0.50%', '13.95%', '22.11%', '28.39%', '14.42%', '4.81%', '14.42%']	
8081		['S级泛用机体(含保底)', 'S级泛用机体(基础掉落)', 'B、A级泛用机体', '角色碎片', '紫色装备', '突破材料', '经验材料', '螺母箱']		['1.90%', '0.50%', '13.95%', '22.11%', '28.39%', '14.42%', '4.81%', '14.42%']	
8082		['S级泛用机体(含保底)', 'S级泛用机体(基础掉落)', 'B、A级泛用机体', '角色碎片', '紫色装备', '突破材料', '经验材料', '螺母箱']		['1.90%', '0.50%', '13.95%', '22.11%', '28.39%', '14.42%', '4.81%', '14.42%']	
8083		['S级泛用机体(含保底)', 'S级泛用机体(基础掉落)', 'B、A级泛用机体', '角色碎片', '紫色装备', '突破材料', '经验材料', '螺母箱']		['1.90%', '0.50%', '13.95%', '22.11%', '28.39%', '14.42%', '4.81%', '14.42%']	
8084		['S级泛用机体(含保底)', 'S级泛用机体(基础掉落)', 'B、A级泛用机体', '角色碎片', '紫色装备', '突破材料', '经验材料', '螺母箱']		['1.90%', '0.50%', '13.95%', '22.11%', '28.39%', '14.42%', '4.81%', '14.42%']	
8085		['S级泛用机体(含保底)', 'S级泛用机体(基础掉落)', 'B、A级泛用机体', '角色碎片', '紫色装备', '突破材料', '经验材料', '螺母箱']		['1.90%', '0.50%', '13.95%', '22.11%', '28.39%', '14.42%', '4.81%', '14.42%']	
8086		['S级泛用机体(含保底)', 'S级泛用机体(基础掉落)', 'B、A级泛用机体', '角色碎片', '紫色装备', '突破材料', '经验材料', '螺母箱']		['1.90%', '0.50%', '13.95%', '22.11%', '28.39%', '14.42%', '4.81%', '14.42%']	
8087		['S级泛用机体(含保底)', 'S级泛用机体(基础掉落)', 'B、A级泛用机体', '角色碎片', '紫色装备', '突破材料', '经验材料', '螺母箱']		['1.90%', '0.50%', '13.95%', '22.11%', '28.39%', '14.42%', '4.81%', '14.42%']	
8088		['S级泛用机体(含保底)', 'S级泛用机体(基础掉落)', 'B、A级泛用机体', '角色碎片', '紫色装备', '突破材料', '经验材料', '螺母箱']		['1.90%', '0.50%', '13.95%', '22.11%', '28.39%', '14.42%', '4.81%', '14.42%']	
8089		['S级泛用机体(含保底)', 'S级泛用机体(基础掉落)', 'B、A级泛用机体', '角色碎片', '紫色装备', '突破材料', '经验材料', '螺母箱']		['1.90%', '0.50%', '13.95%', '22.11%', '28.39%', '14.42%', '4.81%', '14.42%']	
8090		['S级泛用机体(含保底)', 'S级泛用机体(基础掉落)', 'B、A级泛用机体', '角色碎片', '紫色装备', '突破材料', '经验材料', '螺母箱']		['1.90%', '0.50%', '13.95%', '22.11%', '28.39%', '14.42%', '4.81%', '14.42%']	
8091		['S级泛用机体(含保底)', 'S级泛用机体(基础掉落)', 'B、A级泛用机体', '角色碎片', '紫色装备', '突破材料', '经验材料', '螺母箱']		['1.90%', '0.50%', '13.95%', '22.11%', '28.39%', '14.42%', '4.81%', '14.42%']	
8092		['S级泛用机体(含保底)', 'S级泛用机体(基础掉落)', 'B、A级泛用机体', '角色碎片', '紫色装备', '突破材料', '经验材料', '螺母箱']		['1.90%', '0.50%', '13.95%', '22.11%', '28.39%', '14.42%', '4.81%', '14.42%']	
8093		['S级泛用机体(含保底)', 'S级泛用机体(基础掉落)', 'B、A级泛用机体', '角色碎片', '紫色装备', '突破材料', '经验材料', '螺母箱']		['1.90%', '0.50%', '13.95%', '22.11%', '28.39%', '14.42%', '4.81%', '14.42%']	
8094		['S级泛用机体(含保底)', 'S级泛用机体(基础掉落)', 'B、A级泛用机体', '角色碎片', '紫色装备', '突破材料', '经验材料', '螺母箱']		['1.90%', '0.50%', '13.95%', '22.11%', '28.39%', '14.42%', '4.81%', '14.42%']	
8095		['S级泛用机体(含保底)', 'S级泛用机体(基础掉落)', 'B、A级泛用机体', '角色碎片', '紫色装备', '突破材料', '经验材料', '螺母箱']		['1.90%', '0.50%', '13.95%', '22.11%', '28.39%', '14.42%', '4.81%', '14.42%']	
8096		['S级泛用机体(含保底)', 'S级泛用机体(基础掉落)', 'B、A级泛用机体', '角色碎片', '紫色装备', '突破材料', '经验材料', '螺母箱']		['1.90%', '0.50%', '13.95%', '22.11%', '28.39%', '14.42%', '4.81%', '14.42%']	
8097		['S级泛用机体(含保底)', 'S级泛用机体(基础掉落)', 'B、A级泛用机体', '角色碎片', '紫色装备', '突破材料', '经验材料', '螺母箱']		['1.90%', '0.50%', '13.95%', '22.11%', '28.39%', '14.42%', '4.81%', '14.42%']	
8098		['S级泛用机体(含保底)', 'S级泛用机体(基础掉落)', 'B、A级泛用机体', '角色碎片', '紫色装备', '突破材料', '经验材料', '螺母箱']		['1.90%', '0.50%', '13.95%', '22.11%', '28.39%', '14.42%', '4.81%', '14.42%']	
8099		['S级泛用机体(含保底)', 'S级泛用机体(基础掉落)', 'B、A级泛用机体', '角色碎片', '紫色装备', '突破材料', '经验材料', '螺母箱']		['1.90%', '0.50%', '13.95%', '22.11%', '28.39%', '14.42%', '4.81%', '14.42%']	
8100		['S级泛用机体(含保底)', 'S级泛用机体(基础掉落)', 'B、A级泛用机体', '角色碎片', '紫色装备', '突破材料', '经验材料', '螺母箱']		['1.90%', '0.50%', '13.95%', '22.11%', '28.39%', '14.42%', '4.81%', '14.42%']	
8101		['S级泛用机体(含保底)', 'S级泛用机体(基础掉落)', 'B、A级泛用机体', '角色碎片', '紫色装备', '突破材料', '经验材料', '螺母箱']		['1.90%', '0.50%', '13.95%', '22.11%', '28.39%', '14.42%', '4.81%', '14.42%']	
8102		['S级泛用机体(含保底)', 'S级泛用机体(基础掉落)', 'B、A级泛用机体', '角色碎片', '紫色装备', '突破材料', '经验材料', '螺母箱']		['1.90%', '0.50%', '13.95%', '22.11%', '28.39%', '14.42%', '4.81%', '14.42%']	
8103		['S级泛用机体(含保底)', 'S级泛用机体(基础掉落)', 'B、A级泛用机体', '角色碎片', '紫色装备', '突破材料', '经验材料', '螺母箱']		['1.90%', '0.50%', '13.95%', '22.11%', '28.39%', '14.42%', '4.81%', '14.42%']	
8104		['S级泛用机体(含保底)', 'S级泛用机体(基础掉落)', 'B、A级泛用机体', '角色碎片', '紫色装备', '突破材料', '经验材料', '螺母箱']		['1.90%', '0.50%', '13.95%', '22.11%', '28.39%', '14.42%', '4.81%', '14.42%']	
8105		['S级泛用机体(含保底)', 'S级泛用机体(基础掉落)', 'B、A级泛用机体', '角色碎片', '紫色装备', '突破材料', '经验材料', '螺母箱']		['1.90%', '0.50%', '13.95%', '22.11%', '28.39%', '14.42%', '4.81%', '14.42%']	
8573		['S级泛用机体(含保底)', 'S级泛用机体(基础掉落)', 'B、A级泛用机体', '角色碎片', '紫色装备', '突破材料', '经验材料', '螺母箱']		['1.90%', '1.50%', '13.95%', '22.11%', '28.39%', '14.42%', '4.81%', '14.42%']	
8574		['S级泛用机体(含保底)', 'S级泛用机体(基础掉落)', 'B、A级泛用机体', '角色碎片', '紫色装备', '突破材料', '经验材料', '螺母箱']		['1.90%', '1.50%', '13.95%', '22.11%', '28.39%', '14.42%', '4.81%', '14.42%']	
8575		['S级泛用机体(含保底)', 'S级泛用机体(基础掉落)', 'B、A级泛用机体', '角色碎片', '紫色装备', '突破材料', '经验材料', '螺母箱']		['1.90%', '1.50%', '13.95%', '22.11%', '28.39%', '14.42%', '4.81%', '14.42%']	
8576		['S级泛用机体(含保底)', 'S级泛用机体(基础掉落)', 'B、A级泛用机体', '角色碎片', '紫色装备', '突破材料', '经验材料', '螺母箱']		['1.90%', '1.50%', '13.95%', '22.11%', '28.39%', '14.42%', '4.81%', '14.42%']	
8577		['S级泛用机体(含保底)', 'S级泛用机体(基础掉落)', 'B、A级泛用机体', '角色碎片', '紫色装备', '突破材料', '经验材料', '螺母箱']		['1.90%', '1.50%', '13.95%', '22.11%', '28.39%', '14.42%', '4.81%', '14.42%']	
8578		['S级泛用机体(含保底)', 'S级泛用机体(基础掉落)', 'B、A级泛用机体', '角色碎片', '紫色装备', '突破材料', '经验材料', '螺母箱']		['1.90%', '1.50%', '13.95%', '22.11%', '28.39%', '14.42%', '4.81%', '14.42%']	
8579		['S级泛用机体(含保底)', 'S级泛用机体(基础掉落)', 'B、A级泛用机体', '角色碎片', '紫色装备', '突破材料', '经验材料', '螺母箱']		['1.90%', '1.50%', '13.95%', '22.11%', '28.39%', '14.42%', '4.81%', '14.42%']	
8580		['S级泛用机体(含保底)', 'S级泛用机体(基础掉落)', 'B、A级泛用机体', '角色碎片', '紫色装备', '突破材料', '经验材料', '螺母箱']		['1.90%', '1.50%', '13.95%', '22.11%', '28.39%', '14.42%', '4.81%', '14.42%']	
8581		['S级泛用机体(含保底)', 'S级泛用机体(基础掉落)', 'B、A级泛用机体', '角色碎片', '紫色装备', '突破材料', '经验材料', '螺母箱']		['1.90%', '1.50%', '13.95%', '22.11%', '28.39%', '14.42%', '4.81%', '14.42%']	
8582		['S级泛用机体(含保底)', 'S级泛用机体(基础掉落)', 'B、A级泛用机体', '角色碎片', '紫色装备', '突破材料', '经验材料', '螺母箱']		['1.90%', '1.50%', '13.95%', '22.11%', '28.39%', '14.42%', '4.81%', '14.42%']	
8583		['S级泛用机体(含保底)', 'S级泛用机体(基础掉落)', 'B、A级泛用机体', '角色碎片', '紫色装备', '突破材料', '经验材料', '螺母箱']		['1.90%', '1.50%', '13.95%', '22.11%', '28.39%', '14.42%', '4.81%', '14.42%']	
8584		['S级泛用机体(含保底)', 'S级泛用机体(基础掉落)', 'B、A级泛用机体', '角色碎片', '紫色装备', '突破材料', '经验材料', '螺母箱']		['1.90%', '1.50%', '13.95%', '22.11%', '28.39%', '14.42%', '4.81%', '14.42%']	
8585		['S级泛用机体(含保底)', 'S级泛用机体(基础掉落)', 'B、A级泛用机体', '角色碎片', '紫色装备', '突破材料', '经验材料', '螺母箱']		['1.90%', '1.50%', '13.95%', '22.11%', '28.39%', '14.42%', '4.81%', '14.42%']	
8586		['S级泛用机体(含保底)', 'S级泛用机体(基础掉落)', 'B、A级泛用机体', '角色碎片', '紫色装备', '突破材料', '经验材料', '螺母箱']		['1.90%', '1.50%', '13.95%', '22.11%', '28.39%', '14.42%', '4.81%', '14.42%']	
8587		['S级泛用机体(含保底)', 'S级泛用机体(基础掉落)', 'B、A级泛用机体', '角色碎片', '紫色装备', '突破材料', '经验材料', '螺母箱']		['1.90%', '1.50%', '13.95%', '22.11%', '28.39%', '14.42%', '4.81%', '14.42%']	
8588		['S级泛用机体(含保底)', 'S级泛用机体(基础掉落)', 'B、A级泛用机体', '角色碎片', '紫色装备', '突破材料', '经验材料', '螺母箱']		['1.90%', '1.50%', '13.95%', '22.11%', '28.39%', '14.42%', '4.81%', '14.42%']	
8589		['S级泛用机体(含保底)', 'S级泛用机体(基础掉落)', 'B、A级泛用机体', '角色碎片', '紫色装备', '突破材料', '经验材料', '螺母箱']		['1.90%', '1.50%', '13.95%', '22.11%', '28.39%', '14.42%', '4.81%', '14.42%']	
8590		['S级泛用机体(含保底)', 'S级泛用机体(基础掉落)', 'B、A级泛用机体', '角色碎片', '紫色装备', '突破材料', '经验材料', '螺母箱']		['1.90%', '1.50%', '13.95%', '22.11%', '28.39%', '14.42%', '4.81%', '14.42%']	
8591		['S级泛用机体(含保底)', 'S级泛用机体(基础掉落)', 'B、A级泛用机体', '角色碎片', '紫色装备', '突破材料', '经验材料', '螺母箱']		['1.90%', '1.50%', '13.95%', '22.11%', '28.39%', '14.42%', '4.81%', '14.42%']	
8592		['S级泛用机体(含保底)', 'S级泛用机体(基础掉落)', 'B、A级泛用机体', '角色碎片', '紫色装备', '突破材料', '经验材料', '螺母箱']		['1.90%', '1.50%', '13.95%', '22.11%', '28.39%', '14.42%', '4.81%', '14.42%']	
8593		['S级泛用机体(含保底)', 'S级泛用机体(基础掉落)', 'B、A级泛用机体', '角色碎片', '紫色装备', '突破材料', '经验材料', '螺母箱']		['1.90%', '1.50%', '13.95%', '22.11%', '28.39%', '14.42%', '4.81%', '14.42%']	
8594		['S级泛用机体(含保底)', 'S级泛用机体(基础掉落)', 'B、A级泛用机体', '角色碎片', '紫色装备', '突破材料', '经验材料', '螺母箱']		['1.90%', '1.50%', '13.95%', '22.11%', '28.39%', '14.42%', '4.81%', '14.42%']	
8595		['S级泛用机体(含保底)', 'S级泛用机体(基础掉落)', 'B、A级泛用机体', '角色碎片', '紫色装备', '突破材料', '经验材料', '螺母箱']		['1.90%', '1.50%', '13.95%', '22.11%', '28.39%', '14.42%', '4.81%', '14.42%']	
8596		['S级泛用机体(含保底)', 'S级泛用机体(基础掉落)', 'B、A级泛用机体', '角色碎片', '紫色装备', '突破材料', '经验材料', '螺母箱']		['1.90%', '1.50%', '13.95%', '22.11%', '28.39%', '14.42%', '4.81%', '14.42%']	
8597		['S级泛用机体(含保底)', 'S级泛用机体(基础掉落)', 'B、A级泛用机体', '角色碎片', '紫色装备', '突破材料', '经验材料', '螺母箱']		['1.90%', '1.50%', '13.95%', '22.11%', '28.39%', '14.42%', '4.81%', '14.42%']	
8598		['S级泛用机体(含保底)', 'S级泛用机体(基础掉落)', 'B、A级泛用机体', '角色碎片', '紫色装备', '突破材料', '经验材料', '螺母箱']		['1.90%', '1.50%', '13.95%', '22.11%', '28.39%', '14.42%', '4.81%', '14.42%']	
8599		['S级泛用机体(含保底)', 'S级泛用机体(基础掉落)', 'B、A级泛用机体', '角色碎片', '紫色装备', '突破材料', '经验材料', '螺母箱']		['1.90%', '1.50%', '13.95%', '22.11%', '28.39%', '14.42%', '4.81%', '14.42%']	
8600		['S级泛用机体(含保底)', 'S级泛用机体(基础掉落)', 'B、A级泛用机体', '角色碎片', '紫色装备', '突破材料', '经验材料', '螺母箱']		['1.90%', '1.50%', '13.95%', '22.11%', '28.39%', '14.42%', '4.81%', '14.42%']	
8601		['S级泛用机体(含保底)', 'S级泛用机体(基础掉落)', 'B、A级泛用机体', '角色碎片', '紫色装备', '突破材料', '经验材料', '螺母箱']		['1.90%', '1.50%', '13.95%', '22.11%', '28.39%', '14.42%', '4.81%', '14.42%']	
8602		['S级泛用机体(含保底)', 'S级泛用机体(基础掉落)', 'B、A级泛用机体', '角色碎片', '紫色装备', '突破材料', '经验材料', '螺母箱']		['1.90%', '1.50%', '13.95%', '22.11%', '28.39%', '14.42%', '4.81%', '14.42%']	
8603		['S级泛用机体(含保底)', 'S级泛用机体(基础掉落)', 'B、A级泛用机体', '角色碎片', '紫色装备', '突破材料', '经验材料', '螺母箱']		['1.90%', '1.50%', '13.95%', '22.11%', '28.39%', '14.42%', '4.81%', '14.42%']	
8604		['S级泛用机体(含保底)', 'S级泛用机体(基础掉落)', 'B、A级泛用机体', '角色碎片', '紫色装备', '突破材料', '经验材料', '螺母箱']		['1.90%', '1.50%', '13.95%', '22.11%', '28.39%', '14.42%', '4.81%', '14.42%']	
8605		['S级泛用机体(含保底)', 'S级泛用机体(基础掉落)', 'B、A级泛用机体', '角色碎片', '紫色装备', '突破材料', '经验材料', '螺母箱']		['1.90%', '1.50%', '13.95%', '22.11%', '28.39%', '14.42%', '4.81%', '14.42%']	
1409		['S级泛用机体(含保底)', 'S级泛用机体(基础掉落)', 'B、A级泛用机体', '角色碎片', '紫色装备', '突破材料', '经验材料', '螺母箱']		['1.90%', '0.50%', '13.95%', '22.11%', '28.39%', '14.42%', '4.81%', '14.42%']	
1410		['S级泛用机体(含保底)', 'S级泛用机体(基础掉落)', 'B、A级泛用机体', '角色碎片', '紫色装备', '突破材料', '经验材料', '螺母箱']		['1.90%', '0.50%', '13.95%', '22.11%', '28.39%', '14.42%', '4.81%', '14.42%']	
1411		['S级泛用机体(含保底)', 'S级泛用机体(基础掉落)', 'B、A级泛用机体', '角色碎片', '紫色装备', '突破材料', '经验材料', '螺母箱']		['1.90%', '0.50%', '13.95%', '22.11%', '28.39%', '14.42%', '4.81%', '14.42%']	
1412		['S级泛用机体(含保底)', 'S级泛用机体(基础掉落)', 'B、A级泛用机体', '角色碎片', '紫色装备', '突破材料', '经验材料', '螺母箱']		['1.90%', '0.50%', '13.95%', '22.11%', '28.39%', '14.42%', '4.81%', '14.42%']	
1413		['S级泛用机体(含保底)', 'S级泛用机体(基础掉落)', 'B、A级泛用机体', '角色碎片', '紫色装备', '突破材料', '经验材料', '螺母箱']		['1.90%', '0.50%', '13.95%', '22.11%', '28.39%', '14.42%', '4.81%', '14.42%']	
1414		['S级泛用机体(含保底)', 'S级泛用机体(基础掉落)', 'B、A级泛用机体', '角色碎片', '紫色装备', '突破材料', '经验材料', '螺母箱']		['1.90%', '0.50%', '13.95%', '22.11%', '28.39%', '14.42%', '4.81%', '14.42%']	
1415		['S级泛用机体(含保底)', 'S级泛用机体(基础掉落)', 'B、A级泛用机体', '角色碎片', '紫色装备', '突破材料', '经验材料', '螺母箱']		['1.90%', '0.50%', '13.95%', '22.11%', '28.39%', '14.42%', '4.81%', '14.42%']	
1416		['S级泛用机体(含保底)', 'S级泛用机体(基础掉落)', 'B、A级泛用机体', '角色碎片', '紫色装备', '突破材料', '经验材料', '螺母箱']		['1.90%', '0.50%', '13.95%', '22.11%', '28.39%', '14.42%', '4.81%', '14.42%']	
1417		['S级泛用机体(含保底)', 'S级泛用机体(基础掉落)', 'B、A级泛用机体', '角色碎片', '紫色装备', '突破材料', '经验材料', '螺母箱']		['1.90%', '0.50%', '13.95%', '22.11%', '28.39%', '14.42%', '4.81%', '14.42%']	
1418		['S级泛用机体(含保底)', 'S级泛用机体(基础掉落)', 'B、A级泛用机体', '角色碎片', '紫色装备', '突破材料', '经验材料', '螺母箱']		['1.90%', '0.50%', '13.95%', '22.11%', '28.39%', '14.42%', '4.81%', '14.42%']	
1419		['S级泛用机体(含保底)', 'S级泛用机体(基础掉落)', 'B、A级泛用机体', '角色碎片', '紫色装备', '突破材料', '经验材料', '螺母箱']		['1.90%', '0.50%', '13.95%', '22.11%', '28.39%', '14.42%', '4.81%', '14.42%']	
1420		['S级泛用机体(含保底)', 'S级泛用机体(基础掉落)', 'B、A级泛用机体', '角色碎片', '紫色装备', '突破材料', '经验材料', '螺母箱']		['1.90%', '0.50%', '13.95%', '22.11%', '28.39%', '14.42%', '4.81%', '14.42%']	
1421		['S级泛用机体(含保底)', 'S级泛用机体(基础掉落)', 'B、A级泛用机体', '角色碎片', '紫色装备', '突破材料', '经验材料', '螺母箱']		['1.90%', '0.50%', '13.95%', '22.11%', '28.39%', '14.42%', '4.81%', '14.42%']	
2403		['S级泛用机体(含保底)', 'S级泛用机体(基础掉落)', 'B、A级泛用机体', '角色碎片', '紫色装备', '突破材料', '经验材料', '螺母箱']		['1.90%', '1.50%', '13.95%', '22.11%', '28.39%', '14.42%', '4.81%', '14.42%']	
2404		['S级泛用机体(含保底)', 'S级泛用机体(基础掉落)', 'B、A级泛用机体', '角色碎片', '紫色装备', '突破材料', '经验材料', '螺母箱']		['1.90%', '1.50%', '13.95%', '22.11%', '28.39%', '14.42%', '4.81%', '14.42%']	
2405		['S级泛用机体(含保底)', 'S级泛用机体(基础掉落)', 'B、A级泛用机体', '角色碎片', '紫色装备', '突破材料', '经验材料', '螺母箱']		['1.90%', '1.50%', '13.95%', '22.11%', '28.39%', '14.42%', '4.81%', '14.42%']	
2406		['S级泛用机体(含保底)', 'S级泛用机体(基础掉落)', 'B、A级泛用机体', '角色碎片', '紫色装备', '突破材料', '经验材料', '螺母箱']		['1.90%', '1.50%', '13.95%', '22.11%', '28.39%', '14.42%', '4.81%', '14.42%']	
2407		['S级泛用机体(含保底)', 'S级泛用机体(基础掉落)', 'B、A级泛用机体', '角色碎片', '紫色装备', '突破材料', '经验材料', '螺母箱']		['1.90%', '1.50%', '13.95%', '22.11%', '28.39%', '14.42%', '4.81%', '14.42%']	
2408		['S级泛用机体(含保底)', 'S级泛用机体(基础掉落)', 'B、A级泛用机体', '角色碎片', '紫色装备', '突破材料', '经验材料', '螺母箱']		['1.90%', '1.50%', '13.95%', '22.11%', '28.39%', '14.42%', '4.81%', '14.42%']	
2409		['S级泛用机体(含保底)', 'S级泛用机体(基础掉落)', 'B、A级泛用机体', '角色碎片', '紫色装备', '突破材料', '经验材料', '螺母箱']		['1.90%', '1.50%', '13.95%', '22.11%', '28.39%', '14.42%', '4.81%', '14.42%']	
2410		['S级泛用机体(含保底)', 'S级泛用机体(基础掉落)', 'B、A级泛用机体', '角色碎片', '紫色装备', '突破材料', '经验材料', '螺母箱']		['1.90%', '1.50%', '13.95%', '22.11%', '28.39%', '14.42%', '4.81%', '14.42%']	
2411		['S级泛用机体(含保底)', 'S级泛用机体(基础掉落)', 'B、A级泛用机体', '角色碎片', '紫色装备', '突破材料', '经验材料', '螺母箱']		['1.90%', '1.50%', '13.95%', '22.11%', '28.39%', '14.42%', '4.81%', '14.42%']	
2412		['S级泛用机体(含保底)', 'S级泛用机体(基础掉落)', 'B、A级泛用机体', '角色碎片', '紫色装备', '突破材料', '经验材料', '螺母箱']		['1.90%', '1.50%', '13.95%', '22.11%', '28.39%', '14.42%', '4.81%', '14.42%']	
2413		['S级泛用机体(含保底)', 'S级泛用机体(基础掉落)', 'B、A级泛用机体', '角色碎片', '紫色装备', '突破材料', '经验材料', '螺母箱']		['1.90%', '1.50%', '13.95%', '22.11%', '28.39%', '14.42%', '4.81%', '14.42%']	
2414		['S级泛用机体(含保底)', 'S级泛用机体(基础掉落)', 'B、A级泛用机体', '角色碎片', '紫色装备', '突破材料', '经验材料', '螺母箱']		['1.90%', '1.50%', '13.95%', '22.11%', '28.39%', '14.42%', '4.81%', '14.42%']	
2415		['S级泛用机体(含保底)', 'S级泛用机体(基础掉落)', 'B、A级泛用机体', '角色碎片', '紫色装备', '突破材料', '经验材料', '螺母箱']		['1.90%', '1.50%', '13.95%', '22.11%', '28.39%', '14.42%', '4.81%', '14.42%']	
370	[True, True]	['【6星】奥罗拉', '【5星】涤光裂夜', '【6星】繁宵蜃景之哀', '【6星】暗夜猎隼', '【5星】璃昼谜魇', '【5星】苍白羽赫', '紫色武器', '蓝色武器', '螺母箱', '突破材料']		['4.00%', '12.00%', '0.50%', '0.50%', '1.50%', '1.50%', '33.40%', '27.90%', '9.35%', '9.35%']	
7051		['S级支援单位(含保底)', 'S级支援单位(基础掉落)', 'A级支援单位', '支援单位经验材料', '支援单位突破材料', '支援技能元件', '支援单位碎片', '螺母箱']		['8.33%', '5.82%', '14.14%', '20.72%', '11.02%', '16.31%', '13.42%', '16.06%']	
7052		['S级支援单位(含保底)', 'S级支援单位(基础掉落)', 'A级支援单位', '支援单位经验材料', '支援单位突破材料', '支援技能元件', '支援单位碎片', '螺母箱']		['8.33%', '5.82%', '14.14%', '20.72%', '11.02%', '16.31%', '13.42%', '16.06%']	
3035		['S级泛用机体(含保底)', 'S级泛用机体(基础掉落)', 'B、A级泛用机体', '角色碎片', '紫色装备', '突破材料', '经验材料', '螺母箱']		['1.90%', '0.50%', '13.95%', '22.11%', '28.39%', '14.42%', '4.81%', '14.42%']	
3036		['S级泛用机体(含保底)', 'S级泛用机体(基础掉落)', 'B、A级泛用机体', '角色碎片', '紫色装备', '突破材料', '经验材料', '螺母箱']		['1.90%', '0.50%', '13.95%', '22.11%', '28.39%', '14.42%', '4.81%', '14.42%']	
371	[True, True]	['【6星】噬铰骨殇', '【5星】断脊', '【6星】伊始与终焉之权', '【6星】擎殛明王', '【5星】寰映星键', '【5星】祓世御雷', '紫色武器', '蓝色武器', '螺母箱', '突破材料']		['4.00%', '12.00%', '0.50%', '0.50%', '1.50%', '1.50%', '33.40%', '27.90%', '9.35%', '9.35%']	
1422		['S级泛用机体(含保底)', 'S级泛用机体(基础掉落)', 'B、A级泛用机体', '角色碎片', '紫色装备', '突破材料', '经验材料', '螺母箱']		['1.90%', '0.50%', '13.95%', '22.11%', '28.39%', '14.42%', '4.81%', '14.42%']	
1423		['S级泛用机体(含保底)', 'S级泛用机体(基础掉落)', 'B、A级泛用机体', '角色碎片', '紫色装备', '突破材料', '经验材料', '螺母箱']		['1.90%', '0.50%', '13.95%', '22.11%', '28.39%', '14.42%', '4.81%', '14.42%']	
1424		['S级泛用机体(含保底)', 'S级泛用机体(基础掉落)', 'B、A级泛用机体', '角色碎片', '紫色装备', '突破材料', '经验材料', '螺母箱']		['1.90%', '0.50%', '13.95%', '22.11%', '28.39%', '14.42%', '4.81%', '14.42%']	
1425		['S级泛用机体(含保底)', 'S级泛用机体(基础掉落)', 'B、A级泛用机体', '角色碎片', '紫色装备', '突破材料', '经验材料', '螺母箱']		['1.90%', '0.50%', '13.95%', '22.11%', '28.39%', '14.42%', '4.81%', '14.42%']	
1426		['S级泛用机体(含保底)', 'S级泛用机体(基础掉落)', 'B、A级泛用机体', '角色碎片', '紫色装备', '突破材料', '经验材料', '螺母箱']		['1.90%', '0.50%', '13.95%', '22.11%', '28.39%', '14.42%', '4.81%', '14.42%']	
1427		['S级泛用机体(含保底)', 'S级泛用机体(基础掉落)', 'B、A级泛用机体', '角色碎片', '紫色装备', '突破材料', '经验材料', '螺母箱']		['1.90%', '0.50%', '13.95%', '22.11%', '28.39%', '14.42%', '4.81%', '14.42%']	
2416		['S级泛用机体(含保底)', 'S级泛用机体(基础掉落)', 'B、A级泛用机体', '角色碎片', '紫色装备', '突破材料', '经验材料', '螺母箱']		['1.90%', '1.50%', '13.95%', '22.11%', '28.39%', '14.42%', '4.81%', '14.42%']	
2417		['S级泛用机体(含保底)', 'S级泛用机体(基础掉落)', 'B、A级泛用机体', '角色碎片', '紫色装备', '突破材料', '经验材料', '螺母箱']		['1.90%', '1.50%', '13.95%', '22.11%', '28.39%', '14.42%', '4.81%', '14.42%']	
2418		['S级泛用机体(含保底)', 'S级泛用机体(基础掉落)', 'B、A级泛用机体', '角色碎片', '紫色装备', '突破材料', '经验材料', '螺母箱']		['1.90%', '1.50%', '13.95%', '22.11%', '28.39%', '14.42%', '4.81%', '14.42%']	
2419		['S级泛用机体(含保底)', 'S级泛用机体(基础掉落)', 'B、A级泛用机体', '角色碎片', '紫色装备', '突破材料', '经验材料', '螺母箱']		['1.90%', '1.50%', '13.95%', '22.11%', '28.39%', '14.42%', '4.81%', '14.42%']	
2420		['S级泛用机体(含保底)', 'S级泛用机体(基础掉落)', 'B、A级泛用机体', '角色碎片', '紫色装备', '突破材料', '经验材料', '螺母箱']		['1.90%', '1.50%', '13.95%', '22.11%', '28.39%', '14.42%', '4.81%', '14.42%']	
2421		['S级泛用机体(含保底)', 'S级泛用机体(基础掉落)', 'B、A级泛用机体', '角色碎片', '紫色装备', '突破材料', '经验材料', '螺母箱']		['1.90%', '1.50%', '13.95%', '22.11%', '28.39%', '14.42%', '4.81%', '14.42%']	
1428		['S级泛用机体(含保底)', 'S级泛用机体(基础掉落)', 'B、A级泛用机体', '角色碎片', '紫色装备', '突破材料', '经验材料', '螺母箱']		['1.90%', '0.50%', '13.95%', '22.11%', '28.39%', '14.42%', '4.81%', '14.42%']	
1429		['S级泛用机体(含保底)', 'S级泛用机体(基础掉落)', 'B、A级泛用机体', '角色碎片', '紫色装备', '突破材料', '经验材料', '螺母箱']		['1.90%', '0.50%', '13.95%', '22.11%', '28.39%', '14.42%', '4.81%', '14.42%']	
1430		['S级泛用机体(含保底)', 'S级泛用机体(基础掉落)', 'B、A级泛用机体', '角色碎片', '紫色装备', '突破材料', '经验材料', '螺母箱']		['1.90%', '0.50%', '13.95%', '22.11%', '28.39%', '14.42%', '4.81%', '14.42%']	
1431		['S级泛用机体(含保底)', 'S级泛用机体(基础掉落)', 'B、A级泛用机体', '角色碎片', '紫色装备', '突破材料', '经验材料', '螺母箱']		['1.90%', '0.50%', '13.95%', '22.11%', '28.39%', '14.42%', '4.81%', '14.42%']	
1432		['S级泛用机体(含保底)', 'S级泛用机体(基础掉落)', 'B、A级泛用机体', '角色碎片', '紫色装备', '突破材料', '经验材料', '螺母箱']		['1.90%', '0.50%', '13.95%', '22.11%', '28.39%', '14.42%', '4.81%', '14.42%']	
1433		['S级泛用机体(含保底)', 'S级泛用机体(基础掉落)', 'B、A级泛用机体', '角色碎片', '紫色装备', '突破材料', '经验材料', '螺母箱']		['1.90%', '0.50%', '13.95%', '22.11%', '28.39%', '14.42%', '4.81%', '14.42%']	
1434		['S级泛用机体(含保底)', 'S级泛用机体(基础掉落)', 'B、A级泛用机体', '角色碎片', '紫色装备', '突破材料', '经验材料', '螺母箱']		['1.90%', '0.50%', '13.95%', '22.11%', '28.39%', '14.42%', '4.81%', '14.42%']	
1435		['S级泛用机体(含保底)', 'S级泛用机体(基础掉落)', 'B、A级泛用机体', '角色碎片', '紫色装备', '突破材料', '经验材料', '螺母箱']		['1.90%', '0.50%', '13.95%', '22.11%', '28.39%', '14.42%', '4.81%', '14.42%']	
1436		['S级泛用机体(含保底)', 'S级泛用机体(基础掉落)', 'B、A级泛用机体', '角色碎片', '紫色装备', '突破材料', '经验材料', '螺母箱']		['1.90%', '0.50%', '13.95%', '22.11%', '28.39%', '14.42%', '4.81%', '14.42%']	
1437		['S级泛用机体(含保底)', 'S级泛用机体(基础掉落)', 'B、A级泛用机体', '角色碎片', '紫色装备', '突破材料', '经验材料', '螺母箱']		['1.90%', '0.50%', '13.95%', '22.11%', '28.39%', '14.42%', '4.81%', '14.42%']	
2422		['S级泛用机体(含保底)', 'S级泛用机体(基础掉落)', 'B、A级泛用机体', '角色碎片', '紫色装备', '突破材料', '经验材料', '螺母箱']		['1.90%', '1.50%', '13.95%', '22.11%', '28.39%', '14.42%', '4.81%', '14.42%']	
2423		['S级泛用机体(含保底)', 'S级泛用机体(基础掉落)', 'B、A级泛用机体', '角色碎片', '紫色装备', '突破材料', '经验材料', '螺母箱']		['1.90%', '1.50%', '13.95%', '22.11%', '28.39%', '14.42%', '4.81%', '14.42%']	
2424		['S级泛用机体(含保底)', 'S级泛用机体(基础掉落)', 'B、A级泛用机体', '角色碎片', '紫色装备', '突破材料', '经验材料', '螺母箱']		['1.90%', '1.50%', '13.95%', '22.11%', '28.39%', '14.42%', '4.81%', '14.42%']	
2425		['S级泛用机体(含保底)', 'S级泛用机体(基础掉落)', 'B、A级泛用机体', '角色碎片', '紫色装备', '突破材料', '经验材料', '螺母箱']		['1.90%', '1.50%', '13.95%', '22.11%', '28.39%', '14.42%', '4.81%', '14.42%']	
2426		['S级泛用机体(含保底)', 'S级泛用机体(基础掉落)', 'B、A级泛用机体', '角色碎片', '紫色装备', '突破材料', '经验材料', '螺母箱']		['1.90%', '1.50%', '13.95%', '22.11%', '28.39%', '14.42%', '4.81%', '14.42%']	
2427		['S级泛用机体(含保底)', 'S级泛用机体(基础掉落)', 'B、A级泛用机体', '角色碎片', '紫色装备', '突破材料', '经验材料', '螺母箱']		['1.90%', '1.50%', '13.95%', '22.11%', '28.39%', '14.42%', '4.81%', '14.42%']	
2428		['S级泛用机体(含保底)', 'S级泛用机体(基础掉落)', 'B、A级泛用机体', '角色碎片', '紫色装备', '突破材料', '经验材料', '螺母箱']		['1.90%', '1.50%', '13.95%', '22.11%', '28.39%', '14.42%', '4.81%', '14.42%']	
2429		['S级泛用机体(含保底)', 'S级泛用机体(基础掉落)', 'B、A级泛用机体', '角色碎片', '紫色装备', '突破材料', '经验材料', '螺母箱']		['1.90%', '1.50%', '13.95%', '22.11%', '28.39%', '14.42%', '4.81%', '14.42%']	
2430		['S级泛用机体(含保底)', 'S级泛用机体(基础掉落)', 'B、A级泛用机体', '角色碎片', '紫色装备', '突破材料', '经验材料', '螺母箱']		['1.90%', '1.50%', '13.95%', '22.11%', '28.39%', '14.42%', '4.81%', '14.42%']	
2431		['S级泛用机体(含保底)', 'S级泛用机体(基础掉落)', 'B、A级泛用机体', '角色碎片', '紫色装备', '突破材料', '经验材料', '螺母箱']		['1.90%', '1.50%', '13.95%', '22.11%', '28.39%', '14.42%', '4.81%', '14.42%']	
372	[True, True]	['【6星】怒霆敕天', '【5星】辉穹', '【6星】终局裁决者', '【6星】烬劫归墟', '【5星】翩行潜夜', '【5星】灼夜', '紫色武器', '蓝色武器', '螺母箱', '突破材料']		['4.00%', '12.00%', '0.50%', '0.50%', '1.50%', '1.50%', '33.40%', '27.90%', '9.35%', '9.35%']	
7053		['S级支援单位(含保底)', 'S级支援单位(基础掉落)', 'A级支援单位', '支援单位经验材料', '支援单位突破材料', '支援技能元件', '支援单位碎片', '螺母箱']		['8.33%', '5.82%', '14.14%', '20.72%', '11.02%', '16.31%', '13.42%', '16.06%']	
7054		['S级支援单位(含保底)', 'S级支援单位(基础掉落)', 'A级支援单位', '支援单位经验材料', '支援单位突破材料', '支援技能元件', '支援单位碎片', '螺母箱']		['8.33%', '5.82%', '14.14%', '20.72%', '11.02%', '16.31%', '13.42%', '16.06%']	
373	[True, True]	['【6星】空境悬海的涟漪', '【5星】苍染之莲', '【6星】奥菲厄斯的摇篮', '【6星】噬铰骨殇', '【5星】月桂之冠', '【5星】断脊', '紫色武器', '蓝色武器', '螺母箱', '突破材料']		['4.00%', '12.00%', '0.50%', '0.50%', '1.50%', '1.50%', '33.40%', '27.90%', '9.35%', '9.35%']	
2432		['S级泛用机体(含保底)', 'S级泛用机体(基础掉落)', 'B、A级泛用机体', '角色碎片', '紫色装备', '突破材料', '经验材料', '螺母箱']		['1.90%', '1.50%', '13.95%', '22.11%', '28.39%', '14.42%', '4.81%', '14.42%']	
1438		['S级泛用机体(含保底)', 'S级泛用机体(基础掉落)', 'B、A级泛用机体', '角色碎片', '紫色装备', '突破材料', '经验材料', '螺母箱']		['1.90%', '0.50%', '13.95%', '22.11%', '28.39%', '14.42%', '4.81%', '14.42%']	
7055		['S级支援单位(含保底)', 'S级支援单位(基础掉落)', 'A级支援单位', '支援单位经验材料', '支援单位突破材料', '支援技能元件', '支援单位碎片', '螺母箱']		['8.33%', '5.82%', '14.14%', '20.72%', '11.02%', '16.31%', '13.42%', '16.06%']	
1439		['S级泛用机体(含保底)', 'S级泛用机体(基础掉落)', 'B、A级泛用机体', '角色碎片', '紫色装备', '突破材料', '经验材料', '螺母箱']		['1.90%', '0.50%', '13.95%', '22.11%', '28.39%', '14.42%', '4.81%', '14.42%']	
1440		['S级泛用机体(含保底)', 'S级泛用机体(基础掉落)', 'B、A级泛用机体', '角色碎片', '紫色装备', '突破材料', '经验材料', '螺母箱']		['1.90%', '0.50%', '13.95%', '22.11%', '28.39%', '14.42%', '4.81%', '14.42%']	
1441		['S级泛用机体(含保底)', 'S级泛用机体(基础掉落)', 'B、A级泛用机体', '角色碎片', '紫色装备', '突破材料', '经验材料', '螺母箱']		['1.90%', '0.50%', '13.95%', '22.11%', '28.39%', '14.42%', '4.81%', '14.42%']	
1442		['S级泛用机体(含保底)', 'S级泛用机体(基础掉落)', 'B、A级泛用机体', '角色碎片', '紫色装备', '突破材料', '经验材料', '螺母箱']		['1.90%', '0.50%', '13.95%', '22.11%', '28.39%', '14.42%', '4.81%', '14.42%']	
1443		['S级泛用机体(含保底)', 'S级泛用机体(基础掉落)', 'B、A级泛用机体', '角色碎片', '紫色装备', '突破材料', '经验材料', '螺母箱']		['1.90%', '0.50%', '13.95%', '22.11%', '28.39%', '14.42%', '4.81%', '14.42%']	
1444		['S级泛用机体(含保底)', 'S级泛用机体(基础掉落)', 'B、A级泛用机体', '角色碎片', '紫色装备', '突破材料', '经验材料', '螺母箱']		['1.90%', '0.50%', '13.95%', '22.11%', '28.39%', '14.42%', '4.81%', '14.42%']	
1445		['S级泛用机体(含保底)', 'S级泛用机体(基础掉落)', 'B、A级泛用机体', '角色碎片', '紫色装备', '突破材料', '经验材料', '螺母箱']		['1.90%', '0.50%', '13.95%', '22.11%', '28.39%', '14.42%', '4.81%', '14.42%']	
1446		['S级泛用机体(含保底)', 'S级泛用机体(基础掉落)', 'B、A级泛用机体', '角色碎片', '紫色装备', '突破材料', '经验材料', '螺母箱']		['1.90%', '0.50%', '13.95%', '22.11%', '28.39%', '14.42%', '4.81%', '14.42%']	
1447		['S级泛用机体(含保底)', 'S级泛用机体(基础掉落)', 'B、A级泛用机体', '角色碎片', '紫色装备', '突破材料', '经验材料', '螺母箱']		['1.90%', '0.50%', '13.95%', '22.11%', '28.39%', '14.42%', '4.81%', '14.42%']	
2433		['S级泛用机体(含保底)', 'S级泛用机体(基础掉落)', 'B、A级泛用机体', '角色碎片', '紫色装备', '突破材料', '经验材料', '螺母箱']		['1.90%', '1.50%', '13.95%', '22.11%', '28.39%', '14.42%', '4.81%', '14.42%']	
2434		['S级泛用机体(含保底)', 'S级泛用机体(基础掉落)', 'B、A级泛用机体', '角色碎片', '紫色装备', '突破材料', '经验材料', '螺母箱']		['1.90%', '1.50%', '13.95%', '22.11%', '28.39%', '14.42%', '4.81%', '14.42%']	
2435		['S级泛用机体(含保底)', 'S级泛用机体(基础掉落)', 'B、A级泛用机体', '角色碎片', '紫色装备', '突破材料', '经验材料', '螺母箱']		['1.90%', '1.50%', '13.95%', '22.11%', '28.39%', '14.42%', '4.81%', '14.42%']	
2436		['S级泛用机体(含保底)', 'S级泛用机体(基础掉落)', 'B、A级泛用机体', '角色碎片', '紫色装备', '突破材料', '经验材料', '螺母箱']		['1.90%', '1.50%', '13.95%', '22.11%', '28.39%', '14.42%', '4.81%', '14.42%']	
2437		['S级泛用机体(含保底)', 'S级泛用机体(基础掉落)', 'B、A级泛用机体', '角色碎片', '紫色装备', '突破材料', '经验材料', '螺母箱']		['1.90%', '1.50%', '13.95%', '22.11%', '28.39%', '14.42%', '4.81%', '14.42%']	
2438		['S级泛用机体(含保底)', 'S级泛用机体(基础掉落)', 'B、A级泛用机体', '角色碎片', '紫色装备', '突破材料', '经验材料', '螺母箱']		['1.90%', '1.50%', '13.95%', '22.11%', '28.39%', '14.42%', '4.81%', '14.42%']	
2439		['S级泛用机体(含保底)', 'S级泛用机体(基础掉落)', 'B、A级泛用机体', '角色碎片', '紫色装备', '突破材料', '经验材料', '螺母箱']		['1.90%', '1.50%', '13.95%', '22.11%', '28.39%', '14.42%', '4.81%', '14.42%']	
2440		['S级泛用机体(含保底)', 'S级泛用机体(基础掉落)', 'B、A级泛用机体', '角色碎片', '紫色装备', '突破材料', '经验材料', '螺母箱']		['1.90%', '1.50%', '13.95%', '22.11%', '28.39%', '14.42%', '4.81%', '14.42%']	
2441		['S级泛用机体(含保底)', 'S级泛用机体(基础掉落)', 'B、A级泛用机体', '角色碎片', '紫色装备', '突破材料', '经验材料', '螺母箱']		['1.90%', '1.50%', '13.95%', '22.11%', '28.39%', '14.42%', '4.81%', '14.42%']	
6090		['S级泛用机体(含保底)', 'S级泛用机体(基础掉落)', 'B、A级泛用机体', '角色碎片', '紫色装备', '突破材料', '经验材料', '螺母箱']		['1.90%', '1.50%', '13.95%', '22.11%', '28.39%', '14.42%', '4.81%', '14.42%']	
6091		['S级泛用机体(含保底)', 'S级泛用机体(基础掉落)', 'B、A级泛用机体', '角色碎片', '紫色装备', '突破材料', '经验材料', '螺母箱']		['1.90%', '1.50%', '13.95%', '22.11%', '28.39%', '14.42%', '4.81%', '14.42%']	
6092		['S级泛用机体(含保底)', 'S级泛用机体(基础掉落)', 'B、A级泛用机体', '角色碎片', '紫色装备', '突破材料', '经验材料', '螺母箱']		['1.90%', '1.50%', '13.95%', '22.11%', '28.39%', '14.42%', '4.81%', '14.42%']	
6093		['S级泛用机体(含保底)', 'S级泛用机体(基础掉落)', 'B、A级泛用机体', '角色碎片', '紫色装备', '突破材料', '经验材料', '螺母箱']		['1.90%', '1.50%', '13.95%', '22.11%', '28.39%', '14.42%', '4.81%', '14.42%']	
6094		['S级泛用机体(含保底)', 'S级泛用机体(基础掉落)', 'B、A级泛用机体', '角色碎片', '紫色装备', '突破材料', '经验材料', '螺母箱']		['1.90%', '1.50%', '13.95%', '22.11%', '28.39%', '14.42%', '4.81%', '14.42%']	
6095		['S级泛用机体(含保底)', 'S级泛用机体(基础掉落)', 'B、A级泛用机体', '角色碎片', '紫色装备', '突破材料', '经验材料', '螺母箱']		['1.90%', '1.50%', '13.95%', '22.11%', '28.39%', '14.42%', '4.81%', '14.42%']	
6096		['S级泛用机体(含保底)', 'S级泛用机体(基础掉落)', 'B、A级泛用机体', '角色碎片', '紫色装备', '突破材料', '经验材料', '螺母箱']		['1.90%', '1.50%', '13.95%', '22.11%', '28.39%', '14.42%', '4.81%', '14.42%']	
6097		['S级泛用机体(含保底)', 'S级泛用机体(基础掉落)', 'B、A级泛用机体', '角色碎片', '紫色装备', '突破材料', '经验材料', '螺母箱']		['1.90%', '1.50%', '13.95%', '22.11%', '28.39%', '14.42%', '4.81%', '14.42%']	
6098		['S级泛用机体(含保底)', 'S级泛用机体(基础掉落)', 'B、A级泛用机体', '角色碎片', '紫色装备', '突破材料', '经验材料', '螺母箱']		['1.90%', '1.50%', '13.95%', '22.11%', '28.39%', '14.42%', '4.81%', '14.42%']	
6099		['S级泛用机体(含保底)', 'S级泛用机体(基础掉落)', 'B、A级泛用机体', '角色碎片', '紫色装备', '突破材料', '经验材料', '螺母箱']		['1.90%', '1.50%', '13.95%', '22.11%', '28.39%', '14.42%', '4.81%', '14.42%']	
6100		['S级泛用机体(含保底)', 'S级泛用机体(基础掉落)', 'B、A级泛用机体', '角色碎片', '紫色装备', '突破材料', '经验材料', '螺母箱']		['1.90%', '1.50%', '13.95%', '22.11%', '28.39%', '14.42%', '4.81%', '14.42%']	
6101		['S级泛用机体(含保底)', 'S级泛用机体(基础掉落)', 'B、A级泛用机体', '角色碎片', '紫色装备', '突破材料', '经验材料', '螺母箱']		['1.90%', '1.50%', '13.95%', '22.11%', '28.39%', '14.42%', '4.81%', '14.42%']	
6102		['S级泛用机体(含保底)', 'S级泛用机体(基础掉落)', 'B、A级泛用机体', '角色碎片', '紫色装备', '突破材料', '经验材料', '螺母箱']		['1.90%', '1.50%', '13.95%', '22.11%', '28.39%', '14.42%', '4.81%', '14.42%']	
6103		['S级泛用机体(含保底)', 'S级泛用机体(基础掉落)', 'B、A级泛用机体', '角色碎片', '紫色装备', '突破材料', '经验材料', '螺母箱']		['1.90%', '1.50%', '13.95%', '22.11%', '28.39%', '14.42%', '4.81%', '14.42%']	
6104		['S级泛用机体(含保底)', 'S级泛用机体(基础掉落)', 'B、A级泛用机体', '角色碎片', '紫色装备', '突破材料', '经验材料', '螺母箱']		['1.90%', '1.50%', '13.95%', '22.11%', '28.39%', '14.42%', '4.81%', '14.42%']	
6105		['S级泛用机体(含保底)', 'S级泛用机体(基础掉落)', 'B、A级泛用机体', '角色碎片', '紫色装备', '突破材料', '经验材料', '螺母箱']		['1.90%', '1.50%', '13.95%', '22.11%', '28.39%', '14.42%', '4.81%', '14.42%']	
6106		['S级泛用机体(含保底)', 'S级泛用机体(基础掉落)', 'B、A级泛用机体', '角色碎片', '紫色装备', '突破材料', '经验材料', '螺母箱']		['1.90%', '1.50%', '13.95%', '22.11%', '28.39%', '14.42%', '4.81%', '14.42%']	
6107		['S级泛用机体(含保底)', 'S级泛用机体(基础掉落)', 'B、A级泛用机体', '角色碎片', '紫色装备', '突破材料', '经验材料', '螺母箱']		['1.90%', '1.50%', '13.95%', '22.11%', '28.39%', '14.42%', '4.81%', '14.42%']	
6108		['S级泛用机体(含保底)', 'S级泛用机体(基础掉落)', 'B、A级泛用机体', '角色碎片', '紫色装备', '突破材料', '经验材料', '螺母箱']		['1.90%', '1.50%', '13.95%', '22.11%', '28.39%', '14.42%', '4.81%', '14.42%']	
6109		['S级泛用机体(含保底)', 'S级泛用机体(基础掉落)', 'B、A级泛用机体', '角色碎片', '紫色装备', '突破材料', '经验材料', '螺母箱']		['1.90%', '1.50%', '13.95%', '22.11%', '28.39%', '14.42%', '4.81%', '14.42%']	
6110		['S级泛用机体(含保底)', 'S级泛用机体(基础掉落)', 'B、A级泛用机体', '角色碎片', '紫色装备', '突破材料', '经验材料', '螺母箱']		['1.90%', '1.50%', '13.95%', '22.11%', '28.39%', '14.42%', '4.81%', '14.42%']	
6111		['S级泛用机体(含保底)', 'S级泛用机体(基础掉落)', 'B、A级泛用机体', '角色碎片', '紫色装备', '突破材料', '经验材料', '螺母箱']		['1.90%', '1.50%', '13.95%', '22.11%', '28.39%', '14.42%', '4.81%', '14.42%']	
6112		['S级泛用机体(含保底)', 'S级泛用机体(基础掉落)', 'B、A级泛用机体', '角色碎片', '紫色装备', '突破材料', '经验材料', '螺母箱']		['1.90%', '1.50%', '13.95%', '22.11%', '28.39%', '14.42%', '4.81%', '14.42%']	
6113		['S级泛用机体(含保底)', 'S级泛用机体(基础掉落)', 'B、A级泛用机体', '角色碎片', '紫色装备', '突破材料', '经验材料', '螺母箱']		['1.90%', '1.50%', '13.95%', '22.11%', '28.39%', '14.42%', '4.81%', '14.42%']	
6114		['S级泛用机体(含保底)', 'S级泛用机体(基础掉落)', 'B、A级泛用机体', '角色碎片', '紫色装备', '突破材料', '经验材料', '螺母箱']		['1.90%', '1.50%', '13.95%', '22.11%', '28.39%', '14.42%', '4.81%', '14.42%']	
6115		['S级泛用机体(含保底)', 'S级泛用机体(基础掉落)', 'B、A级泛用机体', '角色碎片', '紫色装备', '突破材料', '经验材料', '螺母箱']		['1.90%', '1.50%', '13.95%', '22.11%', '28.39%', '14.42%', '4.81%', '14.42%']	
6116		['S级泛用机体(含保底)', 'S级泛用机体(基础掉落)', 'B、A级泛用机体', '角色碎片', '紫色装备', '突破材料', '经验材料', '螺母箱']		['1.90%', '1.50%', '13.95%', '22.11%', '28.39%', '14.42%', '4.81%', '14.42%']	
6117		['S级泛用机体(含保底)', 'S级泛用机体(基础掉落)', 'B、A级泛用机体', '角色碎片', '紫色装备', '突破材料', '经验材料', '螺母箱']		['1.90%', '1.50%', '13.95%', '22.11%', '28.39%', '14.42%', '4.81%', '14.42%']	
6118		['S级泛用机体(含保底)', 'S级泛用机体(基础掉落)', 'B、A级泛用机体', '角色碎片', '紫色装备', '突破材料', '经验材料', '螺母箱']		['1.90%', '1.50%', '13.95%', '22.11%', '28.39%', '14.42%', '4.81%', '14.42%']	
6119		['S级泛用机体(含保底)', 'S级泛用机体(基础掉落)', 'B、A级泛用机体', '角色碎片', '紫色装备', '突破材料', '经验材料', '螺母箱']		['1.90%', '1.50%', '13.95%', '22.11%', '28.39%', '14.42%', '4.81%', '14.42%']	
6120		['S级泛用机体(含保底)', 'S级泛用机体(基础掉落)', 'B、A级泛用机体', '角色碎片', '紫色装备', '突破材料', '经验材料', '螺母箱']		['1.90%', '1.50%', '13.95%', '22.11%', '28.39%', '14.42%', '4.81%', '14.42%']	
6121		['S级泛用机体(含保底)', 'S级泛用机体(基础掉落)', 'B、A级泛用机体', '角色碎片', '紫色装备', '突破材料', '经验材料', '螺母箱']		['1.90%', '1.50%', '13.95%', '22.11%', '28.39%', '14.42%', '4.81%', '14.42%']	
6122		['S级泛用机体(含保底)', 'S级泛用机体(基础掉落)', 'B、A级泛用机体', '角色碎片', '紫色装备', '突破材料', '经验材料', '螺母箱']		['1.90%', '1.50%', '13.95%', '22.11%', '28.39%', '14.42%', '4.81%', '14.42%']	
6123		['S级泛用机体(含保底)', 'S级泛用机体(基础掉落)', 'B、A级泛用机体', '角色碎片', '紫色装备', '突破材料', '经验材料', '螺母箱']		['1.90%', '1.50%', '13.95%', '22.11%', '28.39%', '14.42%', '4.81%', '14.42%']	
6124		['S级泛用机体(含保底)', 'S级泛用机体(基础掉落)', 'B、A级泛用机体', '角色碎片', '紫色装备', '突破材料', '经验材料', '螺母箱']		['1.90%', '1.50%', '13.95%', '22.11%', '28.39%', '14.42%', '4.81%', '14.42%']	
5090		['S级泛用机体(含保底)', 'S级泛用机体(基础掉落)', 'B、A级泛用机体', '角色碎片', '紫色装备', '突破材料', '经验材料', '螺母箱']		['1.90%', '0.50%', '13.95%', '22.11%', '28.39%', '14.42%', '4.81%', '14.42%']	
5091		['S级泛用机体(含保底)', 'S级泛用机体(基础掉落)', 'B、A级泛用机体', '角色碎片', '紫色装备', '突破材料', '经验材料', '螺母箱']		['1.90%', '0.50%', '13.95%', '22.11%', '28.39%', '14.42%', '4.81%', '14.42%']	
5092		['S级泛用机体(含保底)', 'S级泛用机体(基础掉落)', 'B、A级泛用机体', '角色碎片', '紫色装备', '突破材料', '经验材料', '螺母箱']		['1.90%', '0.50%', '13.95%', '22.11%', '28.39%', '14.42%', '4.81%', '14.42%']	
5093		['S级泛用机体(含保底)', 'S级泛用机体(基础掉落)', 'B、A级泛用机体', '角色碎片', '紫色装备', '突破材料', '经验材料', '螺母箱']		['1.90%', '0.50%', '13.95%', '22.11%', '28.39%', '14.42%', '4.81%', '14.42%']	
5094		['S级泛用机体(含保底)', 'S级泛用机体(基础掉落)', 'B、A级泛用机体', '角色碎片', '紫色装备', '突破材料', '经验材料', '螺母箱']		['1.90%', '0.50%', '13.95%', '22.11%', '28.39%', '14.42%', '4.81%', '14.42%']	
5095		['S级泛用机体(含保底)', 'S级泛用机体(基础掉落)', 'B、A级泛用机体', '角色碎片', '紫色装备', '突破材料', '经验材料', '螺母箱']		['1.90%', '0.50%', '13.95%', '22.11%', '28.39%', '14.42%', '4.81%', '14.42%']	
5096		['S级泛用机体(含保底)', 'S级泛用机体(基础掉落)', 'B、A级泛用机体', '角色碎片', '紫色装备', '突破材料', '经验材料', '螺母箱']		['1.90%', '0.50%', '13.95%', '22.11%', '28.39%', '14.42%', '4.81%', '14.42%']	
5097		['S级泛用机体(含保底)', 'S级泛用机体(基础掉落)', 'B、A级泛用机体', '角色碎片', '紫色装备', '突破材料', '经验材料', '螺母箱']		['1.90%', '0.50%', '13.95%', '22.11%', '28.39%', '14.42%', '4.81%', '14.42%']	
5098		['S级泛用机体(含保底)', 'S级泛用机体(基础掉落)', 'B、A级泛用机体', '角色碎片', '紫色装备', '突破材料', '经验材料', '螺母箱']		['1.90%', '0.50%', '13.95%', '22.11%', '28.39%', '14.42%', '4.81%', '14.42%']	
5099		['S级泛用机体(含保底)', 'S级泛用机体(基础掉落)', 'B、A级泛用机体', '角色碎片', '紫色装备', '突破材料', '经验材料', '螺母箱']		['1.90%', '0.50%', '13.95%', '22.11%', '28.39%', '14.42%', '4.81%', '14.42%']	
5100		['S级泛用机体(含保底)', 'S级泛用机体(基础掉落)', 'B、A级泛用机体', '角色碎片', '紫色装备', '突破材料', '经验材料', '螺母箱']		['1.90%', '0.50%', '13.95%', '22.11%', '28.39%', '14.42%', '4.81%', '14.42%']	
5101		['S级泛用机体(含保底)', 'S级泛用机体(基础掉落)', 'B、A级泛用机体', '角色碎片', '紫色装备', '突破材料', '经验材料', '螺母箱']		['1.90%', '0.50%', '13.95%', '22.11%', '28.39%', '14.42%', '4.81%', '14.42%']	
5102		['S级泛用机体(含保底)', 'S级泛用机体(基础掉落)', 'B、A级泛用机体', '角色碎片', '紫色装备', '突破材料', '经验材料', '螺母箱']		['1.90%', '0.50%', '13.95%', '22.11%', '28.39%', '14.42%', '4.81%', '14.42%']	
5103		['S级泛用机体(含保底)', 'S级泛用机体(基础掉落)', 'B、A级泛用机体', '角色碎片', '紫色装备', '突破材料', '经验材料', '螺母箱']		['1.90%', '0.50%', '13.95%', '22.11%', '28.39%', '14.42%', '4.81%', '14.42%']	
5104		['S级泛用机体(含保底)', 'S级泛用机体(基础掉落)', 'B、A级泛用机体', '角色碎片', '紫色装备', '突破材料', '经验材料', '螺母箱']		['1.90%', '0.50%', '13.95%', '22.11%', '28.39%', '14.42%', '4.81%', '14.42%']	
5105		['S级泛用机体(含保底)', 'S级泛用机体(基础掉落)', 'B、A级泛用机体', '角色碎片', '紫色装备', '突破材料', '经验材料', '螺母箱']		['1.90%', '0.50%', '13.95%', '22.11%', '28.39%', '14.42%', '4.81%', '14.42%']	
5106		['S级泛用机体(含保底)', 'S级泛用机体(基础掉落)', 'B、A级泛用机体', '角色碎片', '紫色装备', '突破材料', '经验材料', '螺母箱']		['1.90%', '0.50%', '13.95%', '22.11%', '28.39%', '14.42%', '4.81%', '14.42%']	
5107		['S级泛用机体(含保底)', 'S级泛用机体(基础掉落)', 'B、A级泛用机体', '角色碎片', '紫色装备', '突破材料', '经验材料', '螺母箱']		['1.90%', '0.50%', '13.95%', '22.11%', '28.39%', '14.42%', '4.81%', '14.42%']	
5108		['S级泛用机体(含保底)', 'S级泛用机体(基础掉落)', 'B、A级泛用机体', '角色碎片', '紫色装备', '突破材料', '经验材料', '螺母箱']		['1.90%', '0.50%', '13.95%', '22.11%', '28.39%', '14.42%', '4.81%', '14.42%']	
5109		['S级泛用机体(含保底)', 'S级泛用机体(基础掉落)', 'B、A级泛用机体', '角色碎片', '紫色装备', '突破材料', '经验材料', '螺母箱']		['1.90%', '0.50%', '13.95%', '22.11%', '28.39%', '14.42%', '4.81%', '14.42%']	
5110		['S级泛用机体(含保底)', 'S级泛用机体(基础掉落)', 'B、A级泛用机体', '角色碎片', '紫色装备', '突破材料', '经验材料', '螺母箱']		['1.90%', '0.50%', '13.95%', '22.11%', '28.39%', '14.42%', '4.81%', '14.42%']	
5111		['S级泛用机体(含保底)', 'S级泛用机体(基础掉落)', 'B、A级泛用机体', '角色碎片', '紫色装备', '突破材料', '经验材料', '螺母箱']		['1.90%', '0.50%', '13.95%', '22.11%', '28.39%', '14.42%', '4.81%', '14.42%']	
5112		['S级泛用机体(含保底)', 'S级泛用机体(基础掉落)', 'B、A级泛用机体', '角色碎片', '紫色装备', '突破材料', '经验材料', '螺母箱']		['1.90%', '0.50%', '13.95%', '22.11%', '28.39%', '14.42%', '4.81%', '14.42%']	
5113		['S级泛用机体(含保底)', 'S级泛用机体(基础掉落)', 'B、A级泛用机体', '角色碎片', '紫色装备', '突破材料', '经验材料', '螺母箱']		['1.90%', '0.50%', '13.95%', '22.11%', '28.39%', '14.42%', '4.81%', '14.42%']	
5114		['S级泛用机体(含保底)', 'S级泛用机体(基础掉落)', 'B、A级泛用机体', '角色碎片', '紫色装备', '突破材料', '经验材料', '螺母箱']		['1.90%', '0.50%', '13.95%', '22.11%', '28.39%', '14.42%', '4.81%', '14.42%']	
5115		['S级泛用机体(含保底)', 'S级泛用机体(基础掉落)', 'B、A级泛用机体', '角色碎片', '紫色装备', '突破材料', '经验材料', '螺母箱']		['1.90%', '0.50%', '13.95%', '22.11%', '28.39%', '14.42%', '4.81%', '14.42%']	
5116		['S级泛用机体(含保底)', 'S级泛用机体(基础掉落)', 'B、A级泛用机体', '角色碎片', '紫色装备', '突破材料', '经验材料', '螺母箱']		['1.90%', '0.50%', '13.95%', '22.11%', '28.39%', '14.42%', '4.81%', '14.42%']	
5117		['S级泛用机体(含保底)', 'S级泛用机体(基础掉落)', 'B、A级泛用机体', '角色碎片', '紫色装备', '突破材料', '经验材料', '螺母箱']		['1.90%', '0.50%', '13.95%', '22.11%', '28.39%', '14.42%', '4.81%', '14.42%']	
5118		['S级泛用机体(含保底)', 'S级泛用机体(基础掉落)', 'B、A级泛用机体', '角色碎片', '紫色装备', '突破材料', '经验材料', '螺母箱']		['1.90%', '0.50%', '13.95%', '22.11%', '28.39%', '14.42%', '4.81%', '14.42%']	
5119		['S级泛用机体(含保底)', 'S级泛用机体(基础掉落)', 'B、A级泛用机体', '角色碎片', '紫色装备', '突破材料', '经验材料', '螺母箱']		['1.90%', '0.50%', '13.95%', '22.11%', '28.39%', '14.42%', '4.81%', '14.42%']	
5120		['S级泛用机体(含保底)', 'S级泛用机体(基础掉落)', 'B、A级泛用机体', '角色碎片', '紫色装备', '突破材料', '经验材料', '螺母箱']		['1.90%', '0.50%', '13.95%', '22.11%', '28.39%', '14.42%', '4.81%', '14.42%']	
5121		['S级泛用机体(含保底)', 'S级泛用机体(基础掉落)', 'B、A级泛用机体', '角色碎片', '紫色装备', '突破材料', '经验材料', '螺母箱']		['1.90%', '0.50%', '13.95%', '22.11%', '28.39%', '14.42%', '4.81%', '14.42%']	
5122		['S级泛用机体(含保底)', 'S级泛用机体(基础掉落)', 'B、A级泛用机体', '角色碎片', '紫色装备', '突破材料', '经验材料', '螺母箱']		['1.90%', '0.50%', '13.95%', '22.11%', '28.39%', '14.42%', '4.81%', '14.42%']	
5123		['S级泛用机体(含保底)', 'S级泛用机体(基础掉落)', 'B、A级泛用机体', '角色碎片', '紫色装备', '突破材料', '经验材料', '螺母箱']		['1.90%', '0.50%', '13.95%', '22.11%', '28.39%', '14.42%', '4.81%', '14.42%']	
5124		['S级泛用机体(含保底)', 'S级泛用机体(基础掉落)', 'B、A级泛用机体', '角色碎片', '紫色装备', '突破材料', '经验材料', '螺母箱']		['1.90%', '0.50%', '13.95%', '22.11%', '28.39%', '14.42%', '4.81%', '14.42%']	
1448		['S级泛用机体(含保底)', 'S级泛用机体(基础掉落)', 'B、A级泛用机体', '角色碎片', '紫色装备', '突破材料', '经验材料', '螺母箱']		['1.90%', '0.50%', '13.95%', '22.11%', '28.39%', '14.42%', '4.81%', '14.42%']	
1449		['S级泛用机体(含保底)', 'S级泛用机体(基础掉落)', 'B、A级泛用机体', '角色碎片', '紫色装备', '突破材料', '经验材料', '螺母箱']		['1.90%', '0.50%', '13.95%', '22.11%', '28.39%', '14.42%', '4.81%', '14.42%']	
1450		['S级泛用机体(含保底)', 'S级泛用机体(基础掉落)', 'B、A级泛用机体', '角色碎片', '紫色装备', '突破材料', '经验材料', '螺母箱']		['1.90%', '0.50%', '13.95%', '22.11%', '28.39%', '14.42%', '4.81%', '14.42%']	
1451		['S级泛用机体(含保底)', 'S级泛用机体(基础掉落)', 'B、A级泛用机体', '角色碎片', '紫色装备', '突破材料', '经验材料', '螺母箱']		['1.90%', '0.50%', '13.95%', '22.11%', '28.39%', '14.42%', '4.81%', '14.42%']	
1452		['S级泛用机体(含保底)', 'S级泛用机体(基础掉落)', 'B、A级泛用机体', '角色碎片', '紫色装备', '突破材料', '经验材料', '螺母箱']		['1.90%', '0.50%', '13.95%', '22.11%', '28.39%', '14.42%', '4.81%', '14.42%']	
1453		['S级泛用机体(含保底)', 'S级泛用机体(基础掉落)', 'B、A级泛用机体', '角色碎片', '紫色装备', '突破材料', '经验材料', '螺母箱']		['1.90%', '0.50%', '13.95%', '22.11%', '28.39%', '14.42%', '4.81%', '14.42%']	
1454		['S级泛用机体(含保底)', 'S级泛用机体(基础掉落)', 'B、A级泛用机体', '角色碎片', '紫色装备', '突破材料', '经验材料', '螺母箱']		['1.90%', '0.50%', '13.95%', '22.11%', '28.39%', '14.42%', '4.81%', '14.42%']	
1455		['S级泛用机体(含保底)', 'S级泛用机体(基础掉落)', 'B、A级泛用机体', '角色碎片', '紫色装备', '突破材料', '经验材料', '螺母箱']		['1.90%', '0.50%', '13.95%', '22.11%', '28.39%', '14.42%', '4.81%', '14.42%']	
1456		['S级泛用机体(含保底)', 'S级泛用机体(基础掉落)', 'B、A级泛用机体', '角色碎片', '紫色装备', '突破材料', '经验材料', '螺母箱']		['1.90%', '0.50%', '13.95%', '22.11%', '28.39%', '14.42%', '4.81%', '14.42%']	
1457		['S级泛用机体(含保底)', 'S级泛用机体(基础掉落)', 'B、A级泛用机体', '角色碎片', '紫色装备', '突破材料', '经验材料', '螺母箱']		['1.90%', '0.50%', '13.95%', '22.11%', '28.39%', '14.42%', '4.81%', '14.42%']	
2442		['S级泛用机体(含保底)', 'S级泛用机体(基础掉落)', 'B、A级泛用机体', '角色碎片', '紫色装备', '突破材料', '经验材料', '螺母箱']		['1.90%', '1.50%', '13.95%', '22.11%', '28.39%', '14.42%', '4.81%', '14.42%']	
2443		['S级泛用机体(含保底)', 'S级泛用机体(基础掉落)', 'B、A级泛用机体', '角色碎片', '紫色装备', '突破材料', '经验材料', '螺母箱']		['1.90%', '1.50%', '13.95%', '22.11%', '28.39%', '14.42%', '4.81%', '14.42%']	
2444		['S级泛用机体(含保底)', 'S级泛用机体(基础掉落)', 'B、A级泛用机体', '角色碎片', '紫色装备', '突破材料', '经验材料', '螺母箱']		['1.90%', '1.50%', '13.95%', '22.11%', '28.39%', '14.42%', '4.81%', '14.42%']	
2445		['S级泛用机体(含保底)', 'S级泛用机体(基础掉落)', 'B、A级泛用机体', '角色碎片', '紫色装备', '突破材料', '经验材料', '螺母箱']		['1.90%', '1.50%', '13.95%', '22.11%', '28.39%', '14.42%', '4.81%', '14.42%']	
2446		['S级泛用机体(含保底)', 'S级泛用机体(基础掉落)', 'B、A级泛用机体', '角色碎片', '紫色装备', '突破材料', '经验材料', '螺母箱']		['1.90%', '1.50%', '13.95%', '22.11%', '28.39%', '14.42%', '4.81%', '14.42%']	
2447		['S级泛用机体(含保底)', 'S级泛用机体(基础掉落)', 'B、A级泛用机体', '角色碎片', '紫色装备', '突破材料', '经验材料', '螺母箱']		['1.90%', '1.50%', '13.95%', '22.11%', '28.39%', '14.42%', '4.81%', '14.42%']	
2448		['S级泛用机体(含保底)', 'S级泛用机体(基础掉落)', 'B、A级泛用机体', '角色碎片', '紫色装备', '突破材料', '经验材料', '螺母箱']		['1.90%', '1.50%', '13.95%', '22.11%', '28.39%', '14.42%', '4.81%', '14.42%']	
2449		['S级泛用机体(含保底)', 'S级泛用机体(基础掉落)', 'B、A级泛用机体', '角色碎片', '紫色装备', '突破材料', '经验材料', '螺母箱']		['1.90%', '1.50%', '13.95%', '22.11%', '28.39%', '14.42%', '4.81%', '14.42%']	
2450		['S级泛用机体(含保底)', 'S级泛用机体(基础掉落)', 'B、A级泛用机体', '角色碎片', '紫色装备', '突破材料', '经验材料', '螺母箱']		['1.90%', '1.50%', '13.95%', '22.11%', '28.39%', '14.42%', '4.81%', '14.42%']	
2451		['S级泛用机体(含保底)', 'S级泛用机体(基础掉落)', 'B、A级泛用机体', '角色碎片', '紫色装备', '突破材料', '经验材料', '螺母箱']		['1.90%', '1.50%', '13.95%', '22.11%', '28.39%', '14.42%', '4.81%', '14.42%']	
374	[True, True]	['【6星】霓虹穿梭机', '【5星】空岛电音', '【6星】奥罗拉', '【6星】明瞳续昼', '【5星】涤光裂夜', '【5星】故魂永息', '紫色武器', '蓝色武器', '螺母箱', '突破材料']		['4.00%', '12.00%', '0.50%', '0.50%', '1.50%', '1.50%', '33.40%', '27.90%', '9.35%', '9.35%']	
7056		['S级支援单位(含保底)', 'S级支援单位(基础掉落)', 'A级支援单位', '支援单位经验材料', '支援单位突破材料', '支援技能元件', '支援单位碎片', '螺母箱']		['8.33%', '5.82%', '14.14%', '20.72%', '11.02%', '16.31%', '13.42%', '16.06%']	
7057		['S级支援单位(含保底)', 'S级支援单位(基础掉落)', 'A级支援单位', '支援单位经验材料', '支援单位突破材料', '支援技能元件', '支援单位碎片', '螺母箱']		['8.33%', '5.82%', '14.14%', '20.72%', '11.02%', '16.31%', '13.42%', '16.06%']	
1458		['S级泛用机体(含保底)', 'S级泛用机体(基础掉落)', 'B、A级泛用机体', '角色碎片', '紫色装备', '突破材料', '经验材料', '螺母箱']		['1.90%', '0.50%', '13.95%', '22.11%', '28.39%', '14.42%', '4.81%', '14.42%']	
1459		['S级泛用机体(含保底)', 'S级泛用机体(基础掉落)', 'B、A级泛用机体', '角色碎片', '紫色装备', '突破材料', '经验材料', '螺母箱']		['1.90%', '0.50%', '13.95%', '22.11%', '28.39%', '14.42%', '4.81%', '14.42%']	
1460		['S级泛用机体(含保底)', 'S级泛用机体(基础掉落)', 'B、A级泛用机体', '角色碎片', '紫色装备', '突破材料', '经验材料', '螺母箱']		['1.90%', '0.50%', '13.95%', '22.11%', '28.39%', '14.42%', '4.81%', '14.42%']	
1461		['S级泛用机体(含保底)', 'S级泛用机体(基础掉落)', 'B、A级泛用机体', '角色碎片', '紫色装备', '突破材料', '经验材料', '螺母箱']		['1.90%', '0.50%', '13.95%', '22.11%', '28.39%', '14.42%', '4.81%', '14.42%']	
1462		['S级泛用机体(含保底)', 'S级泛用机体(基础掉落)', 'B、A级泛用机体', '角色碎片', '紫色装备', '突破材料', '经验材料', '螺母箱']		['1.90%', '0.50%', '13.95%', '22.11%', '28.39%', '14.42%', '4.81%', '14.42%']	
1463		['S级泛用机体(含保底)', 'S级泛用机体(基础掉落)', 'B、A级泛用机体', '角色碎片', '紫色装备', '突破材料', '经验材料', '螺母箱']		['1.90%', '0.50%', '13.95%', '22.11%', '28.39%', '14.42%', '4.81%', '14.42%']	
1464		['S级泛用机体(含保底)', 'S级泛用机体(基础掉落)', 'B、A级泛用机体', '角色碎片', '紫色装备', '突破材料', '经验材料', '螺母箱']		['1.90%', '0.50%', '13.95%', '22.11%', '28.39%', '14.42%', '4.81%', '14.42%']	
1465		['S级泛用机体(含保底)', 'S级泛用机体(基础掉落)', 'B、A级泛用机体', '角色碎片', '紫色装备', '突破材料', '经验材料', '螺母箱']		['1.90%', '0.50%', '13.95%', '22.11%', '28.39%', '14.42%', '4.81%', '14.42%']	
1466		['S级泛用机体(含保底)', 'S级泛用机体(基础掉落)', 'B、A级泛用机体', '角色碎片', '紫色装备', '突破材料', '经验材料', '螺母箱']		['1.90%', '0.50%', '13.95%', '22.11%', '28.39%', '14.42%', '4.81%', '14.42%']	
1467		['S级泛用机体(含保底)', 'S级泛用机体(基础掉落)', 'B、A级泛用机体', '角色碎片', '紫色装备', '突破材料', '经验材料', '螺母箱']		['1.90%', '0.50%', '13.95%', '22.11%', '28.39%', '14.42%', '4.81%', '14.42%']	
2452		['S级泛用机体(含保底)', 'S级泛用机体(基础掉落)', 'B、A级泛用机体', '角色碎片', '紫色装备', '突破材料', '经验材料', '螺母箱']		['1.90%', '1.50%', '13.95%', '22.11%', '28.39%', '14.42%', '4.81%', '14.42%']	
2453		['S级泛用机体(含保底)', 'S级泛用机体(基础掉落)', 'B、A级泛用机体', '角色碎片', '紫色装备', '突破材料', '经验材料', '螺母箱']		['1.90%', '1.50%', '13.95%', '22.11%', '28.39%', '14.42%', '4.81%', '14.42%']	
2454		['S级泛用机体(含保底)', 'S级泛用机体(基础掉落)', 'B、A级泛用机体', '角色碎片', '紫色装备', '突破材料', '经验材料', '螺母箱']		['1.90%', '1.50%', '13.95%', '22.11%', '28.39%', '14.42%', '4.81%', '14.42%']	
2455		['S级泛用机体(含保底)', 'S级泛用机体(基础掉落)', 'B、A级泛用机体', '角色碎片', '紫色装备', '突破材料', '经验材料', '螺母箱']		['1.90%', '1.50%', '13.95%', '22.11%', '28.39%', '14.42%', '4.81%', '14.42%']	
2456		['S级泛用机体(含保底)', 'S级泛用机体(基础掉落)', 'B、A级泛用机体', '角色碎片', '紫色装备', '突破材料', '经验材料', '螺母箱']		['1.90%', '1.50%', '13.95%', '22.11%', '28.39%', '14.42%', '4.81%', '14.42%']	
2457		['S级泛用机体(含保底)', 'S级泛用机体(基础掉落)', 'B、A级泛用机体', '角色碎片', '紫色装备', '突破材料', '经验材料', '螺母箱']		['1.90%', '1.50%', '13.95%', '22.11%', '28.39%', '14.42%', '4.81%', '14.42%']	
2458		['S级泛用机体(含保底)', 'S级泛用机体(基础掉落)', 'B、A级泛用机体', '角色碎片', '紫色装备', '突破材料', '经验材料', '螺母箱']		['1.90%', '1.50%', '13.95%', '22.11%', '28.39%', '14.42%', '4.81%', '14.42%']	
2459		['S级泛用机体(含保底)', 'S级泛用机体(基础掉落)', 'B、A级泛用机体', '角色碎片', '紫色装备', '突破材料', '经验材料', '螺母箱']		['1.90%', '1.50%', '13.95%', '22.11%', '28.39%', '14.42%', '4.81%', '14.42%']	
2460		['S级泛用机体(含保底)', 'S级泛用机体(基础掉落)', 'B、A级泛用机体', '角色碎片', '紫色装备', '突破材料', '经验材料', '螺母箱']		['1.90%', '1.50%', '13.95%', '22.11%', '28.39%', '14.42%', '4.81%', '14.42%']	
2461		['S级泛用机体(含保底)', 'S级泛用机体(基础掉落)', 'B、A级泛用机体', '角色碎片', '紫色装备', '突破材料', '经验材料', '螺母箱']		['1.90%', '1.50%', '13.95%', '22.11%', '28.39%', '14.42%', '4.81%', '14.42%']	
375	[True, True]	['【6星】幻象戟·统合', '【5星】幻象型光戟', '【6星】终局裁决者', '【6星】怒霆敕天', '【5星】翩行潜夜', '【5星】辉穹', '紫色武器', '蓝色武器', '螺母箱', '突破材料']		['4.00%', '12.00%', '0.50%', '0.50%', '1.50%', '1.50%', '33.40%', '27.90%', '9.35%', '9.35%']	
7058		['S级支援单位(含保底)', 'S级支援单位(基础掉落)', 'A级支援单位', '支援单位经验材料', '支援单位突破材料', '支援技能元件', '支援单位碎片', '螺母箱']		['8.33%', '5.82%', '14.14%', '20.72%', '11.02%', '16.31%', '13.42%', '16.06%']	
7059		['S级支援单位(含保底)', 'S级支援单位(基础掉落)', 'A级支援单位', '支援单位经验材料', '支援单位突破材料', '支援技能元件', '支援单位碎片', '螺母箱']		['8.33%', '5.82%', '14.14%', '20.72%', '11.02%', '16.31%', '13.42%', '16.06%']	
