Id	Priority	UpProbability	UpProbabilityDesc	UpProbabilityPercent	Bg	ProbabilityBg	IsChangePos	IconPosX	IconPosY	IsChangeSize	IconWidth	IconHeight	IsChangeRot	RotZ	NewTimeId
101	10000	<color=#26bbf9>随机泛用机体</color>			Assets/Product/Texture/Image/UiDrawLog/RandomACharDrawNew.png	Assets/Product/Texture/Image/UiDrawLog/UiDrawLog4.png									
301	8170	<color=#26bbf9>占6星出率80%</color>	占6星出率	80%	Assets/Product/Texture/Image/UiDrawLog/UiDrawLog15.png	Assets/Product/Texture/Image/UiDrawLog/UiDrawLog4.png	1	18.0	5.0	1	706.51	764.5999	1	-10.0	
302	8160	<color=#26bbf9>占6星出率80%</color>	占6星出率	80%	Assets/Product/Texture/Image/UiDrawLog/UiDrawLog15.png	Assets/Product/Texture/Image/UiDrawLog/UiDrawLog4.png	1	-8.0	8.0	1	481.13	520.6799	1	-10.0	
303	8150	<color=#26bbf9>占6星出率80%</color>	占6星出率	80%	Assets/Product/Texture/Image/UiDrawLog/UiDrawLog15.png	Assets/Product/Texture/Image/UiDrawLog/UiDrawLog4.png	1	-8.0	8.0	1	481.13	520.6799	1	-10.0	
304	8140	<color=#26bbf9>占6星出率80%</color>	占6星出率	80%	Assets/Product/Texture/Image/UiDrawLog/UiDrawLog15.png	Assets/Product/Texture/Image/UiDrawLog/UiDrawLog4.png	1	-8.6	14.0	1	533.4199	577.27	1	-10.0	
305	8130	<color=#26bbf9>占6星出率80%</color>	占6星出率	80%	Assets/Product/Texture/Image/UiDrawLog/UiDrawLog15.png	Assets/Product/Texture/Image/UiDrawLog/UiDrawLog4.png	1	-8.6	14.0	1	533.4199	577.27	1	-10.0	
306	8120	<color=#26bbf9>占6星出率80%</color>	占6星出率	80%	Assets/Product/Texture/Image/UiDrawLog/UiDrawLog15.png	Assets/Product/Texture/Image/UiDrawLog/UiDrawLog4.png	1	-17.0	16.0	1	559.2399	605.21	1	-10.0	
307	8110	<color=#26bbf9>占6星出率80%</color>	占6星出率	80%	Assets/Product/Texture/Image/UiDrawLog/UiDrawLog15.png	Assets/Product/Texture/Image/UiDrawLog/UiDrawLog4.png	1	-10.0	19.0	1	613.94	664.4099	1	-10.0	
308	8100	<color=#26bbf9>占6星出率80%</color>	占6星出率	80%	Assets/Product/Texture/Image/UiDrawLog/UiDrawLog15.png	Assets/Product/Texture/Image/UiDrawLog/UiDrawLog4.png	1	-8.6	14.0	1	533.4199	577.27	1	-10.0	
309	8090	<color=#26bbf9>占6星出率80%</color>	占6星出率	80%	Assets/Product/Texture/Image/UiDrawLog/UiDrawLog15.png	Assets/Product/Texture/Image/UiDrawLog/UiDrawLog4.png	1	-6.0	7.0	1	589.5599	638.03	1	-10.0	
310	8080	<color=#26bbf9>占6星出率80%</color>	占6星出率	80%	Assets/Product/Texture/Image/UiDrawLog/UiDrawLog15.png	Assets/Product/Texture/Image/UiDrawLog/UiDrawLog4.png	1	-6.0	7.0	1	571.94	618.9699	1	-10.0	
311	8070	<color=#26bbf9>占6星出率80%</color>	占6星出率	80%	Assets/Product/Texture/Image/UiDrawLog/UiDrawLog15.png	Assets/Product/Texture/Image/UiDrawLog/UiDrawLog4.png	1		24.0	1	696.6199	753.89	1	-10.0	
312	8060	<color=#26bbf9>占6星出率80%</color>	占6星出率	80%	Assets/Product/Texture/Image/UiDrawLog/UiDrawLog15.png	Assets/Product/Texture/Image/UiDrawLog/UiDrawLog4.png	1	2.0	7.0	1	663.8599	718.44	1	-10.0	
313	8050	<color=#26bbf9>占6星出率80%</color>	占6星出率	80%	Assets/Product/Texture/Image/UiDrawLog/UiDrawLog15.png	Assets/Product/Texture/Image/UiDrawLog/UiDrawLog4.png	1	10.0	9.0	1	645.95	699.0599	1	-10.0	
314	8040	<color=#26bbf9>占6星出率80%</color>	占6星出率	80%	Assets/Product/Texture/Image/UiDrawLog/UiDrawLog15.png	Assets/Product/Texture/Image/UiDrawLog/UiDrawLog4.png	1	-4.0	17.0	1	688.4299	745.02	1	-10.0	
315	8030	<color=#26bbf9>占6星出率80%</color>	占6星出率	80%	Assets/Product/Texture/Image/UiDrawLog/UiDrawLog15.png	Assets/Product/Texture/Image/UiDrawLog/UiDrawLog4.png	1	2.0	7.0	1	565.64	612.15	1	-10.0	
316	8020	<color=#26bbf9>占6星出率80%</color>	占6星出率	80%	Assets/Product/Texture/Image/UiDrawLog/UiDrawLog15.png	Assets/Product/Texture/Image/UiDrawLog/UiDrawLog4.png	1	-14.0	9.0	1	455.72	493.1799	1	-10.0	
317	8010	<color=#26bbf9>占6星出率80%</color>	占6星出率	80%	Assets/Product/Texture/Image/UiDrawLog/UiDrawLog15.png	Assets/Product/Texture/Image/UiDrawLog/UiDrawLog4.png	1	2.0	7.0	1	663.8599	718.44	1	-10.0	
318	8000	<color=#26bbf9>占6星出率80%</color>	占6星出率	80%	Assets/Product/Texture/Image/UiDrawLog/UiDrawLog15.png	Assets/Product/Texture/Image/UiDrawLog/UiDrawLog4.png	1	-37.0	-4.0	1	550.7999	596.08	1	-10.0	
319	7990	<color=#26bbf9>占6星出率80%</color>	占6星出率	80%	Assets/Product/Texture/Image/UiDrawLog/UiDrawLog15.png	Assets/Product/Texture/Image/UiDrawLog/UiDrawLog4.png	1	-14.0	-3.0	1	613.94	664.4099	1	-10.0	
320	7980	<color=#26bbf9>占6星出率80%</color>	占6星出率	80%	Assets/Product/Texture/Image/UiDrawLog/UiDrawLog15.png	Assets/Product/Texture/Image/UiDrawLog/UiDrawLog4.png	1	10.0	9.0	1	645.95	699.0599	1	-10.0	
321	7970	<color=#26bbf9>占6星出率80%</color>	占6星出率	80%	Assets/Product/Texture/Image/UiDrawLog/UiDrawLog15.png	Assets/Product/Texture/Image/UiDrawLog/UiDrawLog4.png	1	-27.0	-26.0	1	546.395	591.3099	1	-10.0	
322	8180	<color=#26bbf9>占6星出率80%</color>	占6星出率	80%	Assets/Product/Texture/Image/UiDrawLog/UiDrawLog15.png	Assets/Product/Texture/Image/UiDrawLog/UiDrawLog4.png	1	-4.0	11.5	1	457.14	494.73	1	-10.0	
323	8190	<color=#26bbf9>占6星出率80%</color>	占6星出率	80%	Assets/Product/Texture/Image/UiDrawLog/UiDrawLog15.png	Assets/Product/Texture/Image/UiDrawLog/UiDrawLog4.png	1	10.0	12.0	1	515.27	557.63	1	-10.0	
324	8200	<color=#26bbf9>占6星出率80%</color>	占6星出率	80%	Assets/Product/Texture/Image/UiDrawLog/UiDrawLog15.png	Assets/Product/Texture/Image/UiDrawLog/UiDrawLog4.png	1	-1.0	12.0	1	472.5	511.3399	1	-10.0	
325	8210	<color=#26bbf9>占6星出率80%</color>	占6星出率	80%	Assets/Product/Texture/Image/UiDrawLog/UiDrawLog15.png	Assets/Product/Texture/Image/UiDrawLog/UiDrawLog4.png	1	-22.0	-11.0	1	698.21	755.6199	1	-10.0	
326	8220	<color=#26bbf9>占6星出率80%</color>	占6星出率	80%	Assets/Product/Texture/Image/UiDrawLog/UiDrawLog15.png	Assets/Product/Texture/Image/UiDrawLog/UiDrawLog4.png	1	-4.0	-5.0	1	625.52	676.95	1	-10.0	
327	8230	<color=#26bbf9>占6星出率80%</color>	占6星出率	80%	Assets/Product/Texture/Image/UiDrawLog/UiDrawLog15.png	Assets/Product/Texture/Image/UiDrawLog/UiDrawLog4.png	1		23.0	1	606.3599	656.21	1	-10.0	
328	8240	<color=#26bbf9>占6星出率80%</color>	占6星出率	80%	Assets/Product/Texture/Image/UiDrawLog/UiDrawLog15.png	Assets/Product/Texture/Image/UiDrawLog/UiDrawLog4.png	1	3.0	4.0	1	678.4199	734.2	1	-10.0	
329	8250	<color=#26bbf9>占6星出率80%</color>	占6星出率	80%	Assets/Product/Texture/Image/UiDrawLog/UiDrawLog15.png	Assets/Product/Texture/Image/UiDrawLog/UiDrawLog4.png	1	-21.0	-29.0	1	557.4	603.2199	1	-10.0	
330	8260	<color=#26bbf9>占6星出率80%</color>	占6星出率	80%	Assets/Product/Texture/Image/UiDrawLog/UiDrawLog15.png	Assets/Product/Texture/Image/UiDrawLog/UiDrawLog4.png	1	-16.0	2.0	1	593.2299	642.0	1	-10.0	
331	8270	<color=#26bbf9>占6星出率80%</color>	占6星出率	80%	Assets/Product/Texture/Image/UiDrawLog/UiDrawLog15.png	Assets/Product/Texture/Image/UiDrawLog/UiDrawLog4.png	1	1.0	7.0	1	573.9899	621.1799	1	-10.0	
332	8280	<color=#26bbf9>占6星出率80%</color>	占6星出率	80%	Assets/Product/Texture/Image/UiDrawLog/UiDrawLog15.png	Assets/Product/Texture/Image/UiDrawLog/UiDrawLog4.png	1	-30.0	20.0	1	602.01	651.51	1		
333	8290	<color=#26bbf9>占6星出率80%</color>	占6星出率	80%	Assets/Product/Texture/Image/UiDrawLog/UiDrawLog15.png	Assets/Product/Texture/Image/UiDrawLog/UiDrawLog4.png	1	-2.0	-6.0	1	551.89	597.27	1	-10.0	
334	8300	<color=#26bbf9>占6星出率80%</color>	占6星出率	80%	Assets/Product/Texture/Image/UiDrawLog/UiDrawLog15.png	Assets/Product/Texture/Image/UiDrawLog/UiDrawLog4.png	1	16.0	35.0	1	613.94	664.4099	1	-10.0	
335	8310	<color=#26bbf9>占6星出率80%</color>	占6星出率	80%	Assets/Product/Texture/Image/UiDrawLog/UiDrawLog15.png	Assets/Product/Texture/Image/UiDrawLog/UiDrawLog4.png	1	-21.0	20.0	1	675.5	731.03	1	-10.0	
336	8320	<color=#26bbf9>占6星出率80%</color>	占6星出率	80%	Assets/Product/Texture/Image/UiDrawLog/UiDrawLog15.png	Assets/Product/Texture/Image/UiDrawLog/UiDrawLog4.png	1	-8.0	37.0	1	613.94	664.4099	1	-10.0	
337	8330	<color=#26bbf9>占6星出率80%</color>	占6星出率	80%	Assets/Product/Texture/Image/UiDrawLog/UiDrawLog15.png	Assets/Product/Texture/Image/UiDrawLog/UiDrawLog4.png	1	-16.0	19.0	1	622.03	673.1699	1	-10.0	
338	8340	<color=#26bbf9>占6星出率80%</color>	占6星出率	80%	Assets/Product/Texture/Image/UiDrawLog/UiDrawLog15.png	Assets/Product/Texture/Image/UiDrawLog/UiDrawLog4.png	1	-17.5	-7.8	1	580.6799	628.4199	1	-10.0	
339	8350	<color=#26bbf9>占6星出率80%</color>	占6星出率	80%	Assets/Product/Texture/Image/UiDrawLog/UiDrawLog15.png	Assets/Product/Texture/Image/UiDrawLog/UiDrawLog4.png	1	-32.0	-19.0	1	607.1699	657.08	1	-10.0	
340	8360	<color=#26bbf9>占6星出率80%</color>	占6星出率	80%	Assets/Product/Texture/Image/UiDrawLog/UiDrawLog15.png	Assets/Product/Texture/Image/UiDrawLog/UiDrawLog4.png	1	-19.0	-39.0	1	608.8699	658.9299	1	-10.0	
341	8370	<color=#26bbf9>占6星出率80%</color>	占6星出率	80%	Assets/Product/Texture/Image/UiDrawLog/UiDrawLog15.png	Assets/Product/Texture/Image/UiDrawLog/UiDrawLog4.png	1	-8.0	9.0	1	613.94	664.4099	1	-10.0	
342	8380	<color=#26bbf9>占6星出率80%</color>	占6星出率	80%	Assets/Product/Texture/Image/UiDrawLog/UiDrawLog15.png	Assets/Product/Texture/Image/UiDrawLog/UiDrawLog4.png	1	-8.0	9.0	1	613.94	664.4099	1	-10.0	
343	8390	<color=#26bbf9>占6星出率80%</color>	占6星出率	80%	Assets/Product/Texture/Image/UiDrawLog/UiDrawLog15.png	Assets/Product/Texture/Image/UiDrawLog/UiDrawLog4.png	1	-22.0	9.0	1	475.5	514.5999	1	-10.0	
344	8400	<color=#26bbf9>占6星出率80%</color>	占6星出率	80%	Assets/Product/Texture/Image/UiDrawLog/UiDrawLog15.png	Assets/Product/Texture/Image/UiDrawLog/UiDrawLog4.png	1	-25.0	26.0	1	571.77	618.77	1	-10.0	
345	8410	<color=#26bbf9>占6星出率80%</color>	占6星出率	80%	Assets/Product/Texture/Image/UiDrawLog/UiDrawLog15.png	Assets/Product/Texture/Image/UiDrawLog/UiDrawLog4.png	1	-43.0	-64.0	1	612.58	662.94	1	-10.0	
346	8420	<color=#26bbf9>占6星出率80%</color>	占6星出率	80%	Assets/Product/Texture/Image/UiDrawLog/UiDrawLog15.png	Assets/Product/Texture/Image/UiDrawLog/UiDrawLog4.png	1	-13.0	14.0	1	455.72	493.1799	1	-10.0	
347	8430	<color=#26bbf9>占6星出率80%</color>	占6星出率	80%	Assets/Product/Texture/Image/UiDrawLog/UiDrawLog15.png	Assets/Product/Texture/Image/UiDrawLog/UiDrawLog4.png	1	2.0	7.0	1	613.94	664.4	1	-10.0	
348	8440	<color=#26bbf9>占6星出率80%</color>	占6星出率	80%	Assets/Product/Texture/Image/UiDrawLog/UiDrawLog15.png	Assets/Product/Texture/Image/UiDrawLog/UiDrawLog4.png	1	2.0	7.0	1	613.94	664.4	1	-10.0	
349	8450	<color=#26bbf9>占6星出率80%</color>	占6星出率	80%	Assets/Product/Texture/Image/UiDrawLog/UiDrawLog15.png	Assets/Product/Texture/Image/UiDrawLog/UiDrawLog4.png	1	1.0	7.0	1	538.0	582.0	1	-16.5	
350	8460	<color=#26bbf9>占6星出率80%</color>	占6星出率	80%	Assets/Product/Texture/Image/UiDrawLog/UiDrawLog15.png	Assets/Product/Texture/Image/UiDrawLog/UiDrawLog4.png									
351	8470	<color=#26bbf9>占6星出率80%</color>	占6星出率	80%	Assets/Product/Texture/Image/UiDrawLog/UiDrawLog15.png	Assets/Product/Texture/Image/UiDrawLog/UiDrawLog4.png									
352	9900	<color=#26bbf9>占6星出率80%</color>	占6星出率	80%	Assets/Product/Texture/Image/UiDrawLog/UiDrawLog15.png	Assets/Product/Texture/Image/UiDrawLog/UiDrawLog4.png									
353	8480	<color=#26bbf9>占6星出率80%</color>	占6星出率	80%	Assets/Product/Texture/Image/UiDrawLog/UiDrawLog15.png	Assets/Product/Texture/Image/UiDrawLog/UiDrawLog4.png									
354	8490	<color=#26bbf9>占6星出率80%</color>	占6星出率	80%	Assets/Product/Texture/Image/UiDrawLog/UiDrawLog15.png	Assets/Product/Texture/Image/UiDrawLog/UiDrawLog4.png									
355	8500	<color=#26bbf9>占6星出率80%</color>	占6星出率	80%	Assets/Product/Texture/Image/UiDrawLog/UiDrawLog15.png	Assets/Product/Texture/Image/UiDrawLog/UiDrawLog4.png									
356	8510	<color=#26bbf9>占6星出率80%</color>	占6星出率	80%	Assets/Product/Texture/Image/UiDrawLog/UiDrawLog15.png	Assets/Product/Texture/Image/UiDrawLog/UiDrawLog4.png									
357	8520	<color=#26bbf9>占6星出率80%</color>	占6星出率	80%	Assets/Product/Texture/Image/UiDrawLog/UiDrawLog15.png	Assets/Product/Texture/Image/UiDrawLog/UiDrawLog4.png									26908
358	8530	<color=#26bbf9>占6星出率80%</color>	占6星出率	80%	Assets/Product/Texture/Image/UiDrawLog/UiDrawLog15.png	Assets/Product/Texture/Image/UiDrawLog/UiDrawLog4.png									27951
359	8540	<color=#26bbf9>占6星出率80%</color>	占6星出率	80%	Assets/Product/Texture/Image/UiDrawLog/UiDrawLog15.png	Assets/Product/Texture/Image/UiDrawLog/UiDrawLog4.png									28220
360	8550	<color=#26bbf9>占6星出率80%</color>	占6星出率	80%	Assets/Product/Texture/Image/UiDrawLog/UiDrawLog15.png	Assets/Product/Texture/Image/UiDrawLog/UiDrawLog4.png									29753
361	8560	<color=#26bbf9>占6星出率80%</color>	占6星出率	80%	Assets/Product/Texture/Image/UiDrawLog/UiDrawLog15.png	Assets/Product/Texture/Image/UiDrawLog/UiDrawLog4.png									30851
362	8570	<color=#26bbf9>占6星出率80%</color>	占6星出率	80%	Assets/Product/Texture/Image/UiDrawLog/UiDrawLog15.png	Assets/Product/Texture/Image/UiDrawLog/UiDrawLog4.png									32970
363	8580	<color=#26bbf9>占6星出率80%</color>	占6星出率	80%	Assets/Product/Texture/Image/UiDrawLog/UiDrawLog15.png	Assets/Product/Texture/Image/UiDrawLog/UiDrawLog4.png									33850
364	8590	<color=#26bbf9>占6星出率80%</color>	占6星出率	80%	Assets/Product/Texture/Image/UiDrawLog/UiDrawLog15.png	Assets/Product/Texture/Image/UiDrawLog/UiDrawLog4.png									34760
365	8600	<color=#26bbf9>占6星出率80%</color>	占6星出率	80%	Assets/Product/Texture/Image/UiDrawLog/UiDrawLog15.png	Assets/Product/Texture/Image/UiDrawLog/UiDrawLog4.png									35540
366	8610	<color=#26bbf9>占6星出率80%</color>	占6星出率	80%	Assets/Product/Texture/Image/UiDrawLog/UiDrawLog15.png	Assets/Product/Texture/Image/UiDrawLog/UiDrawLog4.png									36510
367	8620	<color=#26bbf9>占6星出率80%</color>	占6星出率	80%	Assets/Product/Texture/Image/UiDrawLog/UiDrawLog15.png	Assets/Product/Texture/Image/UiDrawLog/UiDrawLog4.png									37907
368	8630	<color=#26bbf9>占6星出率80%</color>	占6星出率	80%	Assets/Product/Texture/Image/UiDrawLog/UiDrawLog15.png	Assets/Product/Texture/Image/UiDrawLog/UiDrawLog4.png									
369	8640	<color=#26bbf9>占6星出率80%</color>	占6星出率	80%	Assets/Product/Texture/Image/UiDrawLog/UiDrawLog15.png	Assets/Product/Texture/Image/UiDrawLog/UiDrawLog4.png									
370	8650	<color=#26bbf9>占6星出率80%</color>	占6星出率	80%	Assets/Product/Texture/Image/UiDrawLog/UiDrawLog15.png	Assets/Product/Texture/Image/UiDrawLog/UiDrawLog4.png									39723
371	8660	<color=#26bbf9>占6星出率80%</color>	占6星出率	80%	Assets/Product/Texture/Image/UiDrawLog/UiDrawLog15.png	Assets/Product/Texture/Image/UiDrawLog/UiDrawLog4.png									40902
372	8670	<color=#26bbf9>占6星出率80%</color>	占6星出率	80%	Assets/Product/Texture/Image/UiDrawLog/UiDrawLog15.png	Assets/Product/Texture/Image/UiDrawLog/UiDrawLog4.png									41317
373	8680	<color=#26bbf9>占6星出率80%</color>	占6星出率	80%	Assets/Product/Texture/Image/UiDrawLog/UiDrawLog15.png	Assets/Product/Texture/Image/UiDrawLog/UiDrawLog4.png									42721
374	8690	<color=#26bbf9>占6星出率80%</color>	占6星出率	80%	Assets/Product/Texture/Image/UiDrawLog/UiDrawLog15.png	Assets/Product/Texture/Image/UiDrawLog/UiDrawLog4.png									43905
375	8700	<color=#26bbf9>占6星出率80%</color>	占6星出率	80%	Assets/Product/Texture/Image/UiDrawLog/UiDrawLog15.png	Assets/Product/Texture/Image/UiDrawLog/UiDrawLog4.png									44418
376	8710	<color=#26bbf9>占6星出率80%</color>	占6星出率	80%	Assets/Product/Texture/Image/UiDrawLog/UiDrawLog15.png	Assets/Product/Texture/Image/UiDrawLog/UiDrawLog4.png									45716
377	8720	<color=#26bbf9>占6星出率80%</color>	占6星出率	80%	Assets/Product/Texture/Image/UiDrawLog/UiDrawLog15.png	Assets/Product/Texture/Image/UiDrawLog/UiDrawLog4.png									46711
378	8730	<color=#26bbf9>占6星出率80%</color>	占6星出率	80%	Assets/Product/Texture/Image/UiDrawLog/UiDrawLog15.png	Assets/Product/Texture/Image/UiDrawLog/UiDrawLog4.png									42721
379	8740	<color=#26bbf9>占6星出率80%</color>	占6星出率	80%	Assets/Product/Texture/Image/UiDrawLog/UiDrawLog15.png	Assets/Product/Texture/Image/UiDrawLog/UiDrawLog4.png									42721
1030	10000	<color=#26bbf9>占S级出率70%</color>	占S级出率	70%	Assets/Product/Texture/Image/UiDrawLog/UiDrawLog22.png	Assets/Product/Texture/Image/UiDrawLog/UiDrawLog23.png									
1031	9990	<color=#26bbf9>占S级出率70%</color>	占S级出率	70%	Assets/Product/Texture/Image/UiDrawLog/UiDrawLog22.png	Assets/Product/Texture/Image/UiDrawLog/UiDrawLog23.png									
1032	9980	<color=#26bbf9>占S级出率70%</color>	占S级出率	70%	Assets/Product/Texture/Image/UiDrawLog/UiDrawLog22.png	Assets/Product/Texture/Image/UiDrawLog/UiDrawLog23.png									
1033	9970	<color=#26bbf9>占S级出率70%</color>	占S级出率	70%	Assets/Product/Texture/Image/UiDrawLog/UiDrawLog22.png	Assets/Product/Texture/Image/UiDrawLog/UiDrawLog23.png									
1034	9960	<color=#26bbf9>占S级出率70%</color>	占S级出率	70%	Assets/Product/Texture/Image/UiDrawLog/UiDrawLog22.png	Assets/Product/Texture/Image/UiDrawLog/UiDrawLog23.png									
1035	9950	<color=#26bbf9>占S级出率70%</color>	占S级出率	70%	Assets/Product/Texture/Image/UiDrawLog/UiDrawLog22.png	Assets/Product/Texture/Image/UiDrawLog/UiDrawLog23.png									
1037	10000	<color=#26bbf9>占S级出率70%</color>	占S级出率	70%	Assets/Product/Texture/Image/UiDrawLog/UiDrawLog22.png	Assets/Product/Texture/Image/UiDrawLog/UiDrawLog23.png									
1038	9990	<color=#26bbf9>占S级出率70%</color>	占S级出率	70%	Assets/Product/Texture/Image/UiDrawLog/UiDrawLog22.png	Assets/Product/Texture/Image/UiDrawLog/UiDrawLog23.png									
1039	9980	<color=#26bbf9>占S级出率70%</color>	占S级出率	70%	Assets/Product/Texture/Image/UiDrawLog/UiDrawLog22.png	Assets/Product/Texture/Image/UiDrawLog/UiDrawLog23.png									
1040	9970	<color=#26bbf9>占S级出率70%</color>	占S级出率	70%	Assets/Product/Texture/Image/UiDrawLog/UiDrawLog22.png	Assets/Product/Texture/Image/UiDrawLog/UiDrawLog23.png									
1041	9960	<color=#26bbf9>占S级出率70%</color>	占S级出率	70%	Assets/Product/Texture/Image/UiDrawLog/UiDrawLog22.png	Assets/Product/Texture/Image/UiDrawLog/UiDrawLog23.png									
1042	9950	<color=#26bbf9>占S级出率70%</color>	占S级出率	70%	Assets/Product/Texture/Image/UiDrawLog/UiDrawLog22.png	Assets/Product/Texture/Image/UiDrawLog/UiDrawLog23.png									
1043	10000	<color=#26bbf9>占S级出率70%</color>	占S级出率	70%	Assets/Product/Texture/Image/UiDrawLog/UiDrawLog22.png	Assets/Product/Texture/Image/UiDrawLog/UiDrawLog23.png									
1044	9990	<color=#26bbf9>占S级出率70%</color>	占S级出率	70%	Assets/Product/Texture/Image/UiDrawLog/UiDrawLog22.png	Assets/Product/Texture/Image/UiDrawLog/UiDrawLog23.png									
1045	9980	<color=#26bbf9>占S级出率70%</color>	占S级出率	70%	Assets/Product/Texture/Image/UiDrawLog/UiDrawLog22.png	Assets/Product/Texture/Image/UiDrawLog/UiDrawLog23.png									
1046	9970	<color=#26bbf9>占S级出率70%</color>	占S级出率	70%	Assets/Product/Texture/Image/UiDrawLog/UiDrawLog22.png	Assets/Product/Texture/Image/UiDrawLog/UiDrawLog23.png									
1047	9960	<color=#26bbf9>占S级出率70%</color>	占S级出率	70%	Assets/Product/Texture/Image/UiDrawLog/UiDrawLog22.png	Assets/Product/Texture/Image/UiDrawLog/UiDrawLog23.png									
1048	9950	<color=#26bbf9>占S级出率70%</color>	占S级出率	70%	Assets/Product/Texture/Image/UiDrawLog/UiDrawLog22.png	Assets/Product/Texture/Image/UiDrawLog/UiDrawLog23.png									
1050	10000	<color=#26bbf9>占S级出率70%</color>	占S级出率	70%	Assets/Product/Texture/Image/UiDrawLog/UiDrawLog22.png	Assets/Product/Texture/Image/UiDrawLog/UiDrawLog23.png									
1051	9990	<color=#26bbf9>占S级出率70%</color>	占S级出率	70%	Assets/Product/Texture/Image/UiDrawLog/UiDrawLog22.png	Assets/Product/Texture/Image/UiDrawLog/UiDrawLog23.png									
1052	9980	<color=#26bbf9>占S级出率70%</color>	占S级出率	70%	Assets/Product/Texture/Image/UiDrawLog/UiDrawLog22.png	Assets/Product/Texture/Image/UiDrawLog/UiDrawLog23.png									
1053	9970	<color=#26bbf9>占S级出率70%</color>	占S级出率	70%	Assets/Product/Texture/Image/UiDrawLog/UiDrawLog22.png	Assets/Product/Texture/Image/UiDrawLog/UiDrawLog23.png									
1054	9960	<color=#26bbf9>占S级出率70%</color>	占S级出率	70%	Assets/Product/Texture/Image/UiDrawLog/UiDrawLog22.png	Assets/Product/Texture/Image/UiDrawLog/UiDrawLog23.png									
1055	9950	<color=#26bbf9>占S级出率70%</color>	占S级出率	70%	Assets/Product/Texture/Image/UiDrawLog/UiDrawLog22.png	Assets/Product/Texture/Image/UiDrawLog/UiDrawLog23.png									
1056	9940	<color=#26bbf9>占S级出率70%</color>	占S级出率	70%	Assets/Product/Texture/Image/UiDrawLog/UiDrawLog22.png	Assets/Product/Texture/Image/UiDrawLog/UiDrawLog23.png									
1057	9930	<color=#26bbf9>占S级出率70%</color>	占S级出率	70%	Assets/Product/Texture/Image/UiDrawLog/UiDrawLog22.png	Assets/Product/Texture/Image/UiDrawLog/UiDrawLog23.png									
1058	9920	<color=#26bbf9>占S级出率70%</color>	占S级出率	70%	Assets/Product/Texture/Image/UiDrawLog/UiDrawLog22.png	Assets/Product/Texture/Image/UiDrawLog/UiDrawLog23.png									
1059	9910	<color=#26bbf9>占S级出率70%</color>	占S级出率	70%	Assets/Product/Texture/Image/UiDrawLog/UiDrawLog22.png	Assets/Product/Texture/Image/UiDrawLog/UiDrawLog23.png									
1061	9900	<color=#26bbf9>占S级出率70%</color>	占S级出率	70%	Assets/Product/Texture/Image/UiDrawLog/UiDrawLog22.png	Assets/Product/Texture/Image/UiDrawLog/UiDrawLog23.png									
1062	9890	<color=#26bbf9>占S级出率70%</color>	占S级出率	70%	Assets/Product/Texture/Image/UiDrawLog/UiDrawLog22.png	Assets/Product/Texture/Image/UiDrawLog/UiDrawLog23.png									
1063	9880	<color=#26bbf9>占S级出率70%</color>	占S级出率	70%	Assets/Product/Texture/Image/UiDrawLog/UiDrawLog22.png	Assets/Product/Texture/Image/UiDrawLog/UiDrawLog23.png									
1064	9870	<color=#26bbf9>占S级出率70%</color>	占S级出率	70%	Assets/Product/Texture/Image/UiDrawLog/UiDrawLog22.png	Assets/Product/Texture/Image/UiDrawLog/UiDrawLog23.png									
1065	9860	<color=#26bbf9>占S级出率70%</color>	占S级出率	70%	Assets/Product/Texture/Image/UiDrawLog/UiDrawLog22.png	Assets/Product/Texture/Image/UiDrawLog/UiDrawLog23.png									
1066	9850	<color=#26bbf9>占S级出率70%</color>	占S级出率	70%	Assets/Product/Texture/Image/UiDrawLog/UiDrawLog22.png	Assets/Product/Texture/Image/UiDrawLog/UiDrawLog23.png									
1067	9840	<color=#26bbf9>占S级出率70%</color>	占S级出率	70%	Assets/Product/Texture/Image/UiDrawLog/UiDrawLog22.png	Assets/Product/Texture/Image/UiDrawLog/UiDrawLog23.png									
1068	9830	<color=#26bbf9>占S级出率70%</color>	占S级出率	70%	Assets/Product/Texture/Image/UiDrawLog/UiDrawLog22.png	Assets/Product/Texture/Image/UiDrawLog/UiDrawLog23.png									
1069	9820	<color=#26bbf9>占S级出率70%</color>	占S级出率	70%	Assets/Product/Texture/Image/UiDrawLog/UiDrawLog22.png	Assets/Product/Texture/Image/UiDrawLog/UiDrawLog23.png									
1070	9810	<color=#26bbf9>占S级出率70%</color>	占S级出率	70%	Assets/Product/Texture/Image/UiDrawLog/UiDrawLog22.png	Assets/Product/Texture/Image/UiDrawLog/UiDrawLog23.png									
1071	9800	<color=#26bbf9>占S级出率70%</color>	占S级出率	70%	Assets/Product/Texture/Image/UiDrawLog/UiDrawLog22.png	Assets/Product/Texture/Image/UiDrawLog/UiDrawLog23.png									
1072	9790	<color=#26bbf9>占S级出率70%</color>	占S级出率	70%	Assets/Product/Texture/Image/UiDrawLog/UiDrawLog22.png	Assets/Product/Texture/Image/UiDrawLog/UiDrawLog23.png									
1073	9780	<color=#ff8d1e>占S级出率100%</color>	占S级出率	100%	Assets/Product/Texture/Image/UiDrawLog/UiDrawLog22.png	Assets/Product/Texture/Image/UiDrawLog/UiDrawLog23.png									
1074	9770	<color=#26bbf9>占S级出率70%</color>	占S级出率	70%	Assets/Product/Texture/Image/UiDrawLog/UiDrawLog22.png	Assets/Product/Texture/Image/UiDrawLog/UiDrawLog23.png									
1075	9760	<color=#26bbf9>占S级出率70%</color>	占S级出率	70%	Assets/Product/Texture/Image/UiDrawLog/UiDrawLog22.png	Assets/Product/Texture/Image/UiDrawLog/UiDrawLog23.png									
1076	9750	<color=#26bbf9>占S级出率70%</color>	占S级出率	70%	Assets/Product/Texture/Image/UiDrawLog/UiDrawLog22.png	Assets/Product/Texture/Image/UiDrawLog/UiDrawLog23.png									
1077	9740	<color=#26bbf9>占S级出率70%</color>	占S级出率	70%	Assets/Product/Texture/Image/UiDrawLog/UiDrawLog22.png	Assets/Product/Texture/Image/UiDrawLog/UiDrawLog23.png									
1078	9730	<color=#26bbf9>占S级出率70%</color>	占S级出率	70%	Assets/Product/Texture/Image/UiDrawLog/UiDrawLog22.png	Assets/Product/Texture/Image/UiDrawLog/UiDrawLog23.png									
1079	9720	<color=#26bbf9>占S级出率70%</color>	占S级出率	70%	Assets/Product/Texture/Image/UiDrawLog/UiDrawLog22.png	Assets/Product/Texture/Image/UiDrawLog/UiDrawLog23.png									
1080	9710	<color=#26bbf9>占S级出率70%</color>	占S级出率	70%	Assets/Product/Texture/Image/UiDrawLog/UiDrawLog22.png	Assets/Product/Texture/Image/UiDrawLog/UiDrawLog23.png									
1081	9700	<color=#26bbf9>占S级出率70%</color>	占S级出率	70%	Assets/Product/Texture/Image/UiDrawLog/UiDrawLog22.png	Assets/Product/Texture/Image/UiDrawLog/UiDrawLog23.png									
1082	9690	<color=#26bbf9>占S级出率70%</color>	占S级出率	70%	Assets/Product/Texture/Image/UiDrawLog/UiDrawLog22.png	Assets/Product/Texture/Image/UiDrawLog/UiDrawLog23.png									
1083	9680	<color=#26bbf9>占S级出率70%</color>	占S级出率	70%	Assets/Product/Texture/Image/UiDrawLog/UiDrawLog22.png	Assets/Product/Texture/Image/UiDrawLog/UiDrawLog23.png									
1084	9670	<color=#26bbf9>占S级出率70%</color>	占S级出率	70%	Assets/Product/Texture/Image/UiDrawLog/UiDrawLog22.png	Assets/Product/Texture/Image/UiDrawLog/UiDrawLog23.png									
1085	9660	<color=#26bbf9>占S级出率70%</color>	占S级出率	70%	Assets/Product/Texture/Image/UiDrawLog/UiDrawLog22.png	Assets/Product/Texture/Image/UiDrawLog/UiDrawLog23.png									
1086	10000	<color=#ff8d1e>占S级出率100%</color>	占S级出率	100%	Assets/Product/Texture/Image/UiDrawLog/UiDrawLog22.png	Assets/Product/Texture/Image/UiDrawLog/UiDrawLog23.png									
1087	10000	<color=#26bbf9>占S级出率70%</color>	占S级出率	70%	Assets/Product/Texture/Image/UiDrawLog/UiDrawLog22.png	Assets/Product/Texture/Image/UiDrawLog/UiDrawLog23.png									
1088	9990	<color=#26bbf9>占S级出率70%</color>	占S级出率	70%	Assets/Product/Texture/Image/UiDrawLog/UiDrawLog22.png	Assets/Product/Texture/Image/UiDrawLog/UiDrawLog23.png									
1089	9980	<color=#26bbf9>占S级出率70%</color>	占S级出率	70%	Assets/Product/Texture/Image/UiDrawLog/UiDrawLog22.png	Assets/Product/Texture/Image/UiDrawLog/UiDrawLog23.png									
1090	9970	<color=#26bbf9>占S级出率70%</color>	占S级出率	70%	Assets/Product/Texture/Image/UiDrawLog/UiDrawLog22.png	Assets/Product/Texture/Image/UiDrawLog/UiDrawLog23.png									
1091	9960	<color=#26bbf9>占S级出率70%</color>	占S级出率	70%	Assets/Product/Texture/Image/UiDrawLog/UiDrawLog22.png	Assets/Product/Texture/Image/UiDrawLog/UiDrawLog23.png									
1092	9950	<color=#26bbf9>占S级出率70%</color>	占S级出率	70%	Assets/Product/Texture/Image/UiDrawLog/UiDrawLog22.png	Assets/Product/Texture/Image/UiDrawLog/UiDrawLog23.png									
1093	10000	<color=#26bbf9>占S级出率70%</color>	占S级出率	70%	Assets/Product/Texture/Image/UiDrawLog/UiDrawLog22.png	Assets/Product/Texture/Image/UiDrawLog/UiDrawLog23.png									
1094	9990	<color=#26bbf9>占S级出率70%</color>	占S级出率	70%	Assets/Product/Texture/Image/UiDrawLog/UiDrawLog22.png	Assets/Product/Texture/Image/UiDrawLog/UiDrawLog23.png									
1095	9980	<color=#26bbf9>占S级出率70%</color>	占S级出率	70%	Assets/Product/Texture/Image/UiDrawLog/UiDrawLog22.png	Assets/Product/Texture/Image/UiDrawLog/UiDrawLog23.png									
1096	9970	<color=#26bbf9>占S级出率70%</color>	占S级出率	70%	Assets/Product/Texture/Image/UiDrawLog/UiDrawLog22.png	Assets/Product/Texture/Image/UiDrawLog/UiDrawLog23.png									
1097	9960	<color=#26bbf9>占S级出率70%</color>	占S级出率	70%	Assets/Product/Texture/Image/UiDrawLog/UiDrawLog22.png	Assets/Product/Texture/Image/UiDrawLog/UiDrawLog23.png									
1098	9950	<color=#26bbf9>占S级出率70%</color>	占S级出率	70%	Assets/Product/Texture/Image/UiDrawLog/UiDrawLog22.png	Assets/Product/Texture/Image/UiDrawLog/UiDrawLog23.png									
1099	9940	<color=#26bbf9>占S级出率70%</color>	占S级出率	70%	Assets/Product/Texture/Image/UiDrawLog/UiDrawLog22.png	Assets/Product/Texture/Image/UiDrawLog/UiDrawLog23.png									
1100	9930	<color=#26bbf9>占S级出率70%</color>	占S级出率	70%	Assets/Product/Texture/Image/UiDrawLog/UiDrawLog22.png	Assets/Product/Texture/Image/UiDrawLog/UiDrawLog23.png									
1101	10000	<color=#ff8d1e>占S级出率100%</color>	占S级出率	100%	Assets/Product/Texture/Image/UiDrawLog/UiDrawLog22.png	Assets/Product/Texture/Image/UiDrawLog/UiDrawLog23.png									
1102	10000	<color=#26bbf9>占S级出率70%</color>	占S级出率	70%	Assets/Product/Texture/Image/UiDrawLog/UiDrawLog22.png	Assets/Product/Texture/Image/UiDrawLog/UiDrawLog23.png									
1103	9990	<color=#26bbf9>占S级出率70%</color>	占S级出率	70%	Assets/Product/Texture/Image/UiDrawLog/UiDrawLog22.png	Assets/Product/Texture/Image/UiDrawLog/UiDrawLog23.png									
1104	9980	<color=#26bbf9>占S级出率70%</color>	占S级出率	70%	Assets/Product/Texture/Image/UiDrawLog/UiDrawLog22.png	Assets/Product/Texture/Image/UiDrawLog/UiDrawLog23.png									
1105	9970	<color=#26bbf9>占S级出率70%</color>	占S级出率	70%	Assets/Product/Texture/Image/UiDrawLog/UiDrawLog22.png	Assets/Product/Texture/Image/UiDrawLog/UiDrawLog23.png									
1106	9960	<color=#26bbf9>占S级出率70%</color>	占S级出率	70%	Assets/Product/Texture/Image/UiDrawLog/UiDrawLog22.png	Assets/Product/Texture/Image/UiDrawLog/UiDrawLog23.png									
1107	9950	<color=#26bbf9>占S级出率70%</color>	占S级出率	70%	Assets/Product/Texture/Image/UiDrawLog/UiDrawLog22.png	Assets/Product/Texture/Image/UiDrawLog/UiDrawLog23.png									
1108	10000	<color=#ff8d1e>占S级出率100%</color>	占S级出率	100%	Assets/Product/Texture/Image/UiDrawLog/UiDrawLog22.png	Assets/Product/Texture/Image/UiDrawLog/UiDrawLog23.png									
1109	10000	<color=#26bbf9>占S级出率70%</color>	占S级出率	70%	Assets/Product/Texture/Image/UiDrawLog/UiDrawLog22.png	Assets/Product/Texture/Image/UiDrawLog/UiDrawLog23.png									
1110	9990	<color=#26bbf9>占S级出率70%</color>	占S级出率	70%	Assets/Product/Texture/Image/UiDrawLog/UiDrawLog22.png	Assets/Product/Texture/Image/UiDrawLog/UiDrawLog23.png									
1111	10000	<color=#26bbf9>占S级出率70%</color>	占S级出率	70%	Assets/Product/Texture/Image/UiDrawLog/UiDrawLog22.png	Assets/Product/Texture/Image/UiDrawLog/UiDrawLog23.png									
1112	9990	<color=#26bbf9>占S级出率70%</color>	占S级出率	70%	Assets/Product/Texture/Image/UiDrawLog/UiDrawLog22.png	Assets/Product/Texture/Image/UiDrawLog/UiDrawLog23.png									
1113	9980	<color=#26bbf9>占S级出率70%</color>	占S级出率	70%	Assets/Product/Texture/Image/UiDrawLog/UiDrawLog22.png	Assets/Product/Texture/Image/UiDrawLog/UiDrawLog23.png									
1114	9970	<color=#26bbf9>占S级出率70%</color>	占S级出率	70%	Assets/Product/Texture/Image/UiDrawLog/UiDrawLog22.png	Assets/Product/Texture/Image/UiDrawLog/UiDrawLog23.png									
1115	9960	<color=#26bbf9>占S级出率70%</color>	占S级出率	70%	Assets/Product/Texture/Image/UiDrawLog/UiDrawLog22.png	Assets/Product/Texture/Image/UiDrawLog/UiDrawLog23.png									
1116	9950	<color=#26bbf9>占S级出率70%</color>	占S级出率	70%	Assets/Product/Texture/Image/UiDrawLog/UiDrawLog22.png	Assets/Product/Texture/Image/UiDrawLog/UiDrawLog23.png									
1117	9940	<color=#26bbf9>占S级出率70%</color>	占S级出率	70%	Assets/Product/Texture/Image/UiDrawLog/UiDrawLog22.png	Assets/Product/Texture/Image/UiDrawLog/UiDrawLog23.png									
1118	9930	<color=#26bbf9>占S级出率70%</color>	占S级出率	70%	Assets/Product/Texture/Image/UiDrawLog/UiDrawLog22.png	Assets/Product/Texture/Image/UiDrawLog/UiDrawLog23.png									
1119	9920	<color=#26bbf9>占S级出率70%</color>	占S级出率	70%	Assets/Product/Texture/Image/UiDrawLog/UiDrawLog22.png	Assets/Product/Texture/Image/UiDrawLog/UiDrawLog23.png									
1120	10000	<color=#ff8d1e>占S级出率100%</color>	占S级出率	100%	Assets/Product/Texture/Image/UiDrawLog/UiDrawLog22.png	Assets/Product/Texture/Image/UiDrawLog/UiDrawLog23.png									
1121	10000	<color=#26bbf9>占S级出率70%</color>	占S级出率	70%	Assets/Product/Texture/Image/UiDrawLog/UiDrawLog22.png	Assets/Product/Texture/Image/UiDrawLog/UiDrawLog23.png									
1122	9990	<color=#26bbf9>占S级出率70%</color>	占S级出率	70%	Assets/Product/Texture/Image/UiDrawLog/UiDrawLog22.png	Assets/Product/Texture/Image/UiDrawLog/UiDrawLog23.png									
1123	9980	<color=#26bbf9>占S级出率70%</color>	占S级出率	70%	Assets/Product/Texture/Image/UiDrawLog/UiDrawLog22.png	Assets/Product/Texture/Image/UiDrawLog/UiDrawLog23.png									
1124	9970	<color=#26bbf9>占S级出率70%</color>	占S级出率	70%	Assets/Product/Texture/Image/UiDrawLog/UiDrawLog22.png	Assets/Product/Texture/Image/UiDrawLog/UiDrawLog23.png									
1125	9960	<color=#26bbf9>占S级出率70%</color>	占S级出率	70%	Assets/Product/Texture/Image/UiDrawLog/UiDrawLog22.png	Assets/Product/Texture/Image/UiDrawLog/UiDrawLog23.png									
1126	9950	<color=#26bbf9>占S级出率70%</color>	占S级出率	70%	Assets/Product/Texture/Image/UiDrawLog/UiDrawLog22.png	Assets/Product/Texture/Image/UiDrawLog/UiDrawLog23.png									
1127	9940	<color=#26bbf9>占S级出率70%</color>	占S级出率	70%	Assets/Product/Texture/Image/UiDrawLog/UiDrawLog22.png	Assets/Product/Texture/Image/UiDrawLog/UiDrawLog23.png									
1128	9930	<color=#26bbf9>占S级出率70%</color>	占S级出率	70%	Assets/Product/Texture/Image/UiDrawLog/UiDrawLog22.png	Assets/Product/Texture/Image/UiDrawLog/UiDrawLog23.png									
1129	9920	<color=#26bbf9>占S级出率70%</color>	占S级出率	70%	Assets/Product/Texture/Image/UiDrawLog/UiDrawLog22.png	Assets/Product/Texture/Image/UiDrawLog/UiDrawLog23.png									
1130	10000	<color=#26bbf9>占S级出率70%</color>	占S级出率	70%	Assets/Product/Texture/Image/UiDrawLog/UiDrawLog22.png	Assets/Product/Texture/Image/UiDrawLog/UiDrawLog23.png									
1131	9990	<color=#26bbf9>占S级出率70%</color>	占S级出率	70%	Assets/Product/Texture/Image/UiDrawLog/UiDrawLog22.png	Assets/Product/Texture/Image/UiDrawLog/UiDrawLog23.png									
1132	9980	<color=#26bbf9>占S级出率70%</color>	占S级出率	70%	Assets/Product/Texture/Image/UiDrawLog/UiDrawLog22.png	Assets/Product/Texture/Image/UiDrawLog/UiDrawLog23.png									
1133	9970	<color=#26bbf9>占S级出率70%</color>	占S级出率	70%	Assets/Product/Texture/Image/UiDrawLog/UiDrawLog22.png	Assets/Product/Texture/Image/UiDrawLog/UiDrawLog23.png									
1134	9960	<color=#26bbf9>占S级出率70%</color>	占S级出率	70%	Assets/Product/Texture/Image/UiDrawLog/UiDrawLog22.png	Assets/Product/Texture/Image/UiDrawLog/UiDrawLog23.png									
1135	9950	<color=#26bbf9>占S级出率70%</color>	占S级出率	70%	Assets/Product/Texture/Image/UiDrawLog/UiDrawLog22.png	Assets/Product/Texture/Image/UiDrawLog/UiDrawLog23.png									
1136	9940	<color=#26bbf9>占S级出率70%</color>	占S级出率	70%	Assets/Product/Texture/Image/UiDrawLog/UiDrawLog22.png	Assets/Product/Texture/Image/UiDrawLog/UiDrawLog23.png									
1137	9930	<color=#26bbf9>占S级出率70%</color>	占S级出率	70%	Assets/Product/Texture/Image/UiDrawLog/UiDrawLog22.png	Assets/Product/Texture/Image/UiDrawLog/UiDrawLog23.png									
1138	9920	<color=#26bbf9>占S级出率70%</color>	占S级出率	70%	Assets/Product/Texture/Image/UiDrawLog/UiDrawLog22.png	Assets/Product/Texture/Image/UiDrawLog/UiDrawLog23.png									
1139	10000	<color=#ff8d1e>占S级出率100%</color>	占S级出率	100%	Assets/Product/Texture/Image/UiDrawLog/UiDrawLog22.png	Assets/Product/Texture/Image/UiDrawLog/UiDrawLog23.png									
1140	10000	<color=#26bbf9>占S级出率70%</color>	占S级出率	70%	Assets/Product/Texture/Image/UiDrawLog/UiDrawLog22.png	Assets/Product/Texture/Image/UiDrawLog/UiDrawLog23.png									
1141	9990	<color=#26bbf9>占S级出率70%</color>	占S级出率	70%	Assets/Product/Texture/Image/UiDrawLog/UiDrawLog22.png	Assets/Product/Texture/Image/UiDrawLog/UiDrawLog23.png									
1142	9980	<color=#26bbf9>占S级出率70%</color>	占S级出率	70%	Assets/Product/Texture/Image/UiDrawLog/UiDrawLog22.png	Assets/Product/Texture/Image/UiDrawLog/UiDrawLog23.png									
1143	9970	<color=#26bbf9>占S级出率70%</color>	占S级出率	70%	Assets/Product/Texture/Image/UiDrawLog/UiDrawLog22.png	Assets/Product/Texture/Image/UiDrawLog/UiDrawLog23.png									
1144	9960	<color=#26bbf9>占S级出率70%</color>	占S级出率	70%	Assets/Product/Texture/Image/UiDrawLog/UiDrawLog22.png	Assets/Product/Texture/Image/UiDrawLog/UiDrawLog23.png									
1145	9950	<color=#26bbf9>占S级出率70%</color>	占S级出率	70%	Assets/Product/Texture/Image/UiDrawLog/UiDrawLog22.png	Assets/Product/Texture/Image/UiDrawLog/UiDrawLog23.png									
1146	9940	<color=#26bbf9>占S级出率70%</color>	占S级出率	70%	Assets/Product/Texture/Image/UiDrawLog/UiDrawLog22.png	Assets/Product/Texture/Image/UiDrawLog/UiDrawLog23.png									
1147	9930	<color=#26bbf9>占S级出率70%</color>	占S级出率	70%	Assets/Product/Texture/Image/UiDrawLog/UiDrawLog22.png	Assets/Product/Texture/Image/UiDrawLog/UiDrawLog23.png									
1148	9920	<color=#26bbf9>占S级出率70%</color>	占S级出率	70%	Assets/Product/Texture/Image/UiDrawLog/UiDrawLog22.png	Assets/Product/Texture/Image/UiDrawLog/UiDrawLog23.png									
1149	10000	<color=#26bbf9>占S级出率70%</color>	占S级出率	70%	Assets/Product/Texture/Image/UiDrawLog/UiDrawLog22.png	Assets/Product/Texture/Image/UiDrawLog/UiDrawLog23.png									
1150	9990	<color=#26bbf9>占S级出率70%</color>	占S级出率	70%	Assets/Product/Texture/Image/UiDrawLog/UiDrawLog22.png	Assets/Product/Texture/Image/UiDrawLog/UiDrawLog23.png									
1151	9980	<color=#26bbf9>占S级出率70%</color>	占S级出率	70%	Assets/Product/Texture/Image/UiDrawLog/UiDrawLog22.png	Assets/Product/Texture/Image/UiDrawLog/UiDrawLog23.png									
1152	9970	<color=#26bbf9>占S级出率70%</color>	占S级出率	70%	Assets/Product/Texture/Image/UiDrawLog/UiDrawLog22.png	Assets/Product/Texture/Image/UiDrawLog/UiDrawLog23.png									
1153	9960	<color=#26bbf9>占S级出率70%</color>	占S级出率	70%	Assets/Product/Texture/Image/UiDrawLog/UiDrawLog22.png	Assets/Product/Texture/Image/UiDrawLog/UiDrawLog23.png									
1154	9950	<color=#26bbf9>占S级出率70%</color>	占S级出率	70%	Assets/Product/Texture/Image/UiDrawLog/UiDrawLog22.png	Assets/Product/Texture/Image/UiDrawLog/UiDrawLog23.png									
1155	9940	<color=#26bbf9>占S级出率70%</color>	占S级出率	70%	Assets/Product/Texture/Image/UiDrawLog/UiDrawLog22.png	Assets/Product/Texture/Image/UiDrawLog/UiDrawLog23.png									
1156	9930	<color=#26bbf9>占S级出率70%</color>	占S级出率	70%	Assets/Product/Texture/Image/UiDrawLog/UiDrawLog22.png	Assets/Product/Texture/Image/UiDrawLog/UiDrawLog23.png									
1157	9920	<color=#26bbf9>占S级出率70%</color>	占S级出率	70%	Assets/Product/Texture/Image/UiDrawLog/UiDrawLog22.png	Assets/Product/Texture/Image/UiDrawLog/UiDrawLog23.png									
1158	10000	<color=#ff8d1e>占S级出率100%</color>	占S级出率	100%	Assets/Product/Texture/Image/UiDrawLog/UiDrawLog22.png	Assets/Product/Texture/Image/UiDrawLog/UiDrawLog23.png									
1159	10000	<color=#26bbf9>占S级出率70%</color>	占S级出率	70%	Assets/Product/Texture/Image/UiDrawLog/UiDrawLog22.png	Assets/Product/Texture/Image/UiDrawLog/UiDrawLog23.png									
1160	9990	<color=#26bbf9>占S级出率70%</color>	占S级出率	70%	Assets/Product/Texture/Image/UiDrawLog/UiDrawLog22.png	Assets/Product/Texture/Image/UiDrawLog/UiDrawLog23.png									
1161	9980	<color=#26bbf9>占S级出率70%</color>	占S级出率	70%	Assets/Product/Texture/Image/UiDrawLog/UiDrawLog22.png	Assets/Product/Texture/Image/UiDrawLog/UiDrawLog23.png									
1162	9970	<color=#26bbf9>占S级出率70%</color>	占S级出率	70%	Assets/Product/Texture/Image/UiDrawLog/UiDrawLog22.png	Assets/Product/Texture/Image/UiDrawLog/UiDrawLog23.png									
1163	9960	<color=#26bbf9>占S级出率70%</color>	占S级出率	70%	Assets/Product/Texture/Image/UiDrawLog/UiDrawLog22.png	Assets/Product/Texture/Image/UiDrawLog/UiDrawLog23.png									
1164	9950	<color=#26bbf9>占S级出率70%</color>	占S级出率	70%	Assets/Product/Texture/Image/UiDrawLog/UiDrawLog22.png	Assets/Product/Texture/Image/UiDrawLog/UiDrawLog23.png									
1165	9940	<color=#26bbf9>占S级出率70%</color>	占S级出率	70%	Assets/Product/Texture/Image/UiDrawLog/UiDrawLog22.png	Assets/Product/Texture/Image/UiDrawLog/UiDrawLog23.png									
1166	9930	<color=#26bbf9>占S级出率70%</color>	占S级出率	70%	Assets/Product/Texture/Image/UiDrawLog/UiDrawLog22.png	Assets/Product/Texture/Image/UiDrawLog/UiDrawLog23.png									
1167	9920	<color=#26bbf9>占S级出率70%</color>	占S级出率	70%	Assets/Product/Texture/Image/UiDrawLog/UiDrawLog22.png	Assets/Product/Texture/Image/UiDrawLog/UiDrawLog23.png									
1168	10000	<color=#26bbf9>占S级出率70%</color>	占S级出率	70%	Assets/Product/Texture/Image/UiDrawLog/UiDrawLog22.png	Assets/Product/Texture/Image/UiDrawLog/UiDrawLog23.png									
1169	9990	<color=#26bbf9>占S级出率70%</color>	占S级出率	70%	Assets/Product/Texture/Image/UiDrawLog/UiDrawLog22.png	Assets/Product/Texture/Image/UiDrawLog/UiDrawLog23.png									
1170	9980	<color=#26bbf9>占S级出率70%</color>	占S级出率	70%	Assets/Product/Texture/Image/UiDrawLog/UiDrawLog22.png	Assets/Product/Texture/Image/UiDrawLog/UiDrawLog23.png									
1171	9970	<color=#26bbf9>占S级出率70%</color>	占S级出率	70%	Assets/Product/Texture/Image/UiDrawLog/UiDrawLog22.png	Assets/Product/Texture/Image/UiDrawLog/UiDrawLog23.png									
1172	9960	<color=#26bbf9>占S级出率70%</color>	占S级出率	70%	Assets/Product/Texture/Image/UiDrawLog/UiDrawLog22.png	Assets/Product/Texture/Image/UiDrawLog/UiDrawLog23.png									
1173	9950	<color=#26bbf9>占S级出率70%</color>	占S级出率	70%	Assets/Product/Texture/Image/UiDrawLog/UiDrawLog22.png	Assets/Product/Texture/Image/UiDrawLog/UiDrawLog23.png									
1174	9940	<color=#26bbf9>占S级出率70%</color>	占S级出率	70%	Assets/Product/Texture/Image/UiDrawLog/UiDrawLog22.png	Assets/Product/Texture/Image/UiDrawLog/UiDrawLog23.png									
1175	9930	<color=#26bbf9>占S级出率70%</color>	占S级出率	70%	Assets/Product/Texture/Image/UiDrawLog/UiDrawLog22.png	Assets/Product/Texture/Image/UiDrawLog/UiDrawLog23.png									
1176	9920	<color=#26bbf9>占S级出率70%</color>	占S级出率	70%	Assets/Product/Texture/Image/UiDrawLog/UiDrawLog22.png	Assets/Product/Texture/Image/UiDrawLog/UiDrawLog23.png									
1177	10000	<color=#ff8d1e>占S级出率100%</color>	占S级出率	100%	Assets/Product/Texture/Image/UiDrawLog/UiDrawLog22.png	Assets/Product/Texture/Image/UiDrawLog/UiDrawLog23.png									
1178	10000	<color=#26bbf9>占S级出率70%</color>	占S级出率	70%	Assets/Product/Texture/Image/UiDrawLog/UiDrawLog22.png	Assets/Product/Texture/Image/UiDrawLog/UiDrawLog23.png									
1179	9990	<color=#26bbf9>占S级出率70%</color>	占S级出率	70%	Assets/Product/Texture/Image/UiDrawLog/UiDrawLog22.png	Assets/Product/Texture/Image/UiDrawLog/UiDrawLog23.png									
1180	9980	<color=#26bbf9>占S级出率70%</color>	占S级出率	70%	Assets/Product/Texture/Image/UiDrawLog/UiDrawLog22.png	Assets/Product/Texture/Image/UiDrawLog/UiDrawLog23.png									
1181	9970	<color=#26bbf9>占S级出率70%</color>	占S级出率	70%	Assets/Product/Texture/Image/UiDrawLog/UiDrawLog22.png	Assets/Product/Texture/Image/UiDrawLog/UiDrawLog23.png									
1182	9960	<color=#26bbf9>占S级出率70%</color>	占S级出率	70%	Assets/Product/Texture/Image/UiDrawLog/UiDrawLog22.png	Assets/Product/Texture/Image/UiDrawLog/UiDrawLog23.png									
1183	9950	<color=#26bbf9>占S级出率70%</color>	占S级出率	70%	Assets/Product/Texture/Image/UiDrawLog/UiDrawLog22.png	Assets/Product/Texture/Image/UiDrawLog/UiDrawLog23.png									
1184	9940	<color=#26bbf9>占S级出率70%</color>	占S级出率	70%	Assets/Product/Texture/Image/UiDrawLog/UiDrawLog22.png	Assets/Product/Texture/Image/UiDrawLog/UiDrawLog23.png									
1185	9930	<color=#26bbf9>占S级出率70%</color>	占S级出率	70%	Assets/Product/Texture/Image/UiDrawLog/UiDrawLog22.png	Assets/Product/Texture/Image/UiDrawLog/UiDrawLog23.png									
1186	9920	<color=#26bbf9>占S级出率70%</color>	占S级出率	70%	Assets/Product/Texture/Image/UiDrawLog/UiDrawLog22.png	Assets/Product/Texture/Image/UiDrawLog/UiDrawLog23.png									
1187	10000	<color=#ff8d1e>占S级出率100%</color>	占S级出率	100%	Assets/Product/Texture/Image/UiDrawLog/UiDrawLog22.png	Assets/Product/Texture/Image/UiDrawLog/UiDrawLog23.png									
1188	10000	<color=#26bbf9>占S级出率70%</color>	占S级出率	70%	Assets/Product/Texture/Image/UiDrawLog/UiDrawLog22.png	Assets/Product/Texture/Image/UiDrawLog/UiDrawLog23.png									
1189	9990	<color=#26bbf9>占S级出率70%</color>	占S级出率	70%	Assets/Product/Texture/Image/UiDrawLog/UiDrawLog22.png	Assets/Product/Texture/Image/UiDrawLog/UiDrawLog23.png									
1190	9980	<color=#26bbf9>占S级出率70%</color>	占S级出率	70%	Assets/Product/Texture/Image/UiDrawLog/UiDrawLog22.png	Assets/Product/Texture/Image/UiDrawLog/UiDrawLog23.png									
1191	9970	<color=#26bbf9>占S级出率70%</color>	占S级出率	70%	Assets/Product/Texture/Image/UiDrawLog/UiDrawLog22.png	Assets/Product/Texture/Image/UiDrawLog/UiDrawLog23.png									
1192	9960	<color=#26bbf9>占S级出率70%</color>	占S级出率	70%	Assets/Product/Texture/Image/UiDrawLog/UiDrawLog22.png	Assets/Product/Texture/Image/UiDrawLog/UiDrawLog23.png									
1193	9950	<color=#26bbf9>占S级出率70%</color>	占S级出率	70%	Assets/Product/Texture/Image/UiDrawLog/UiDrawLog22.png	Assets/Product/Texture/Image/UiDrawLog/UiDrawLog23.png									
1194	9940	<color=#26bbf9>占S级出率70%</color>	占S级出率	70%	Assets/Product/Texture/Image/UiDrawLog/UiDrawLog22.png	Assets/Product/Texture/Image/UiDrawLog/UiDrawLog23.png									
1195	9930	<color=#26bbf9>占S级出率70%</color>	占S级出率	70%	Assets/Product/Texture/Image/UiDrawLog/UiDrawLog22.png	Assets/Product/Texture/Image/UiDrawLog/UiDrawLog23.png									
1196	9920	<color=#26bbf9>占S级出率70%</color>	占S级出率	70%	Assets/Product/Texture/Image/UiDrawLog/UiDrawLog22.png	Assets/Product/Texture/Image/UiDrawLog/UiDrawLog23.png									
1197	10000	<color=#ff8d1e>占S级出率100%</color>	占S级出率	100%	Assets/Product/Texture/Image/UiDrawLog/UiDrawLog22.png	Assets/Product/Texture/Image/UiDrawLog/UiDrawLog23.png									
1198	10000	<color=#26bbf9>占S级出率70%</color>	占S级出率	70%	Assets/Product/Texture/Image/UiDrawLog/UiDrawLog22.png	Assets/Product/Texture/Image/UiDrawLog/UiDrawLog23.png									
1199	9990	<color=#26bbf9>占S级出率70%</color>	占S级出率	70%	Assets/Product/Texture/Image/UiDrawLog/UiDrawLog22.png	Assets/Product/Texture/Image/UiDrawLog/UiDrawLog23.png									
1200	9980	<color=#26bbf9>占S级出率70%</color>	占S级出率	70%	Assets/Product/Texture/Image/UiDrawLog/UiDrawLog22.png	Assets/Product/Texture/Image/UiDrawLog/UiDrawLog23.png									
1201	9970	<color=#26bbf9>占S级出率70%</color>	占S级出率	70%	Assets/Product/Texture/Image/UiDrawLog/UiDrawLog22.png	Assets/Product/Texture/Image/UiDrawLog/UiDrawLog23.png									
1202	9960	<color=#26bbf9>占S级出率70%</color>	占S级出率	70%	Assets/Product/Texture/Image/UiDrawLog/UiDrawLog22.png	Assets/Product/Texture/Image/UiDrawLog/UiDrawLog23.png									
1203	9950	<color=#26bbf9>占S级出率70%</color>	占S级出率	70%	Assets/Product/Texture/Image/UiDrawLog/UiDrawLog22.png	Assets/Product/Texture/Image/UiDrawLog/UiDrawLog23.png									
1204	9940	<color=#26bbf9>占S级出率70%</color>	占S级出率	70%	Assets/Product/Texture/Image/UiDrawLog/UiDrawLog22.png	Assets/Product/Texture/Image/UiDrawLog/UiDrawLog23.png									
1205	9930	<color=#26bbf9>占S级出率70%</color>	占S级出率	70%	Assets/Product/Texture/Image/UiDrawLog/UiDrawLog22.png	Assets/Product/Texture/Image/UiDrawLog/UiDrawLog23.png									
1206	9920	<color=#26bbf9>占S级出率70%</color>	占S级出率	70%	Assets/Product/Texture/Image/UiDrawLog/UiDrawLog22.png	Assets/Product/Texture/Image/UiDrawLog/UiDrawLog23.png									
1207	10000	<color=#26bbf9>占S级出率70%</color>	占S级出率	70%	Assets/Product/Texture/Image/UiDrawLog/UiDrawLog22.png	Assets/Product/Texture/Image/UiDrawLog/UiDrawLog23.png									
1208	9990	<color=#26bbf9>占S级出率70%</color>	占S级出率	70%	Assets/Product/Texture/Image/UiDrawLog/UiDrawLog22.png	Assets/Product/Texture/Image/UiDrawLog/UiDrawLog23.png									
1209	9980	<color=#26bbf9>占S级出率70%</color>	占S级出率	70%	Assets/Product/Texture/Image/UiDrawLog/UiDrawLog22.png	Assets/Product/Texture/Image/UiDrawLog/UiDrawLog23.png									
1210	9970	<color=#26bbf9>占S级出率70%</color>	占S级出率	70%	Assets/Product/Texture/Image/UiDrawLog/UiDrawLog22.png	Assets/Product/Texture/Image/UiDrawLog/UiDrawLog23.png									
1211	9960	<color=#26bbf9>占S级出率70%</color>	占S级出率	70%	Assets/Product/Texture/Image/UiDrawLog/UiDrawLog22.png	Assets/Product/Texture/Image/UiDrawLog/UiDrawLog23.png									
1212	9950	<color=#26bbf9>占S级出率70%</color>	占S级出率	70%	Assets/Product/Texture/Image/UiDrawLog/UiDrawLog22.png	Assets/Product/Texture/Image/UiDrawLog/UiDrawLog23.png									
1213	9940	<color=#26bbf9>占S级出率70%</color>	占S级出率	70%	Assets/Product/Texture/Image/UiDrawLog/UiDrawLog22.png	Assets/Product/Texture/Image/UiDrawLog/UiDrawLog23.png									
1214	9930	<color=#26bbf9>占S级出率70%</color>	占S级出率	70%	Assets/Product/Texture/Image/UiDrawLog/UiDrawLog22.png	Assets/Product/Texture/Image/UiDrawLog/UiDrawLog23.png									
1215	9920	<color=#26bbf9>占S级出率70%</color>	占S级出率	70%	Assets/Product/Texture/Image/UiDrawLog/UiDrawLog22.png	Assets/Product/Texture/Image/UiDrawLog/UiDrawLog23.png									
1216	10000	<color=#ff8d1e>占S级出率100%</color>	占S级出率	100%	Assets/Product/Texture/Image/UiDrawLog/UiDrawLog22.png	Assets/Product/Texture/Image/UiDrawLog/UiDrawLog23.png									
1217	10000	<color=#26bbf9>占S级出率70%</color>	占S级出率	70%	Assets/Product/Texture/Image/UiDrawLog/UiDrawLog22.png	Assets/Product/Texture/Image/UiDrawLog/UiDrawLog23.png									
1218	9990	<color=#26bbf9>占S级出率70%</color>	占S级出率	70%	Assets/Product/Texture/Image/UiDrawLog/UiDrawLog22.png	Assets/Product/Texture/Image/UiDrawLog/UiDrawLog23.png									
1219	9980	<color=#26bbf9>占S级出率70%</color>	占S级出率	70%	Assets/Product/Texture/Image/UiDrawLog/UiDrawLog22.png	Assets/Product/Texture/Image/UiDrawLog/UiDrawLog23.png									
1220	9970	<color=#26bbf9>占S级出率70%</color>	占S级出率	70%	Assets/Product/Texture/Image/UiDrawLog/UiDrawLog22.png	Assets/Product/Texture/Image/UiDrawLog/UiDrawLog23.png									
1221	9960	<color=#26bbf9>占S级出率70%</color>	占S级出率	70%	Assets/Product/Texture/Image/UiDrawLog/UiDrawLog22.png	Assets/Product/Texture/Image/UiDrawLog/UiDrawLog23.png									
1222	9950	<color=#26bbf9>占S级出率70%</color>	占S级出率	70%	Assets/Product/Texture/Image/UiDrawLog/UiDrawLog22.png	Assets/Product/Texture/Image/UiDrawLog/UiDrawLog23.png									
1223	9940	<color=#26bbf9>占S级出率70%</color>	占S级出率	70%	Assets/Product/Texture/Image/UiDrawLog/UiDrawLog22.png	Assets/Product/Texture/Image/UiDrawLog/UiDrawLog23.png									
1224	9930	<color=#26bbf9>占S级出率70%</color>	占S级出率	70%	Assets/Product/Texture/Image/UiDrawLog/UiDrawLog22.png	Assets/Product/Texture/Image/UiDrawLog/UiDrawLog23.png									
1225	9920	<color=#26bbf9>占S级出率70%</color>	占S级出率	70%	Assets/Product/Texture/Image/UiDrawLog/UiDrawLog22.png	Assets/Product/Texture/Image/UiDrawLog/UiDrawLog23.png									
1226	10000	<color=#26bbf9>占S级出率70%</color>	占S级出率	70%	Assets/Product/Texture/Image/UiDrawLog/UiDrawLog22.png	Assets/Product/Texture/Image/UiDrawLog/UiDrawLog23.png									
1227	9990	<color=#26bbf9>占S级出率70%</color>	占S级出率	70%	Assets/Product/Texture/Image/UiDrawLog/UiDrawLog22.png	Assets/Product/Texture/Image/UiDrawLog/UiDrawLog23.png									
1228	9980	<color=#26bbf9>占S级出率70%</color>	占S级出率	70%	Assets/Product/Texture/Image/UiDrawLog/UiDrawLog22.png	Assets/Product/Texture/Image/UiDrawLog/UiDrawLog23.png									
1229	9970	<color=#26bbf9>占S级出率70%</color>	占S级出率	70%	Assets/Product/Texture/Image/UiDrawLog/UiDrawLog22.png	Assets/Product/Texture/Image/UiDrawLog/UiDrawLog23.png									
1230	9960	<color=#26bbf9>占S级出率70%</color>	占S级出率	70%	Assets/Product/Texture/Image/UiDrawLog/UiDrawLog22.png	Assets/Product/Texture/Image/UiDrawLog/UiDrawLog23.png									
1231	9950	<color=#26bbf9>占S级出率70%</color>	占S级出率	70%	Assets/Product/Texture/Image/UiDrawLog/UiDrawLog22.png	Assets/Product/Texture/Image/UiDrawLog/UiDrawLog23.png									
1232	9940	<color=#26bbf9>占S级出率70%</color>	占S级出率	70%	Assets/Product/Texture/Image/UiDrawLog/UiDrawLog22.png	Assets/Product/Texture/Image/UiDrawLog/UiDrawLog23.png									
1233	9930	<color=#26bbf9>占S级出率70%</color>	占S级出率	70%	Assets/Product/Texture/Image/UiDrawLog/UiDrawLog22.png	Assets/Product/Texture/Image/UiDrawLog/UiDrawLog23.png									
1234	9920	<color=#26bbf9>占S级出率70%</color>	占S级出率	70%	Assets/Product/Texture/Image/UiDrawLog/UiDrawLog22.png	Assets/Product/Texture/Image/UiDrawLog/UiDrawLog23.png									
1235	10000	<color=#ff8d1e>占S级出率100%</color>	占S级出率	100%	Assets/Product/Texture/Image/UiDrawLog/UiDrawLog22.png	Assets/Product/Texture/Image/UiDrawLog/UiDrawLog23.png									
1236	10000	<color=#26bbf9>占S级出率70%</color>	占S级出率	70%	Assets/Product/Texture/Image/UiDrawLog/UiDrawLog22.png	Assets/Product/Texture/Image/UiDrawLog/UiDrawLog23.png									
1237	9990	<color=#26bbf9>占S级出率70%</color>	占S级出率	70%	Assets/Product/Texture/Image/UiDrawLog/UiDrawLog22.png	Assets/Product/Texture/Image/UiDrawLog/UiDrawLog23.png									
1238	9980	<color=#26bbf9>占S级出率70%</color>	占S级出率	70%	Assets/Product/Texture/Image/UiDrawLog/UiDrawLog22.png	Assets/Product/Texture/Image/UiDrawLog/UiDrawLog23.png									
1239	9970	<color=#26bbf9>占S级出率70%</color>	占S级出率	70%	Assets/Product/Texture/Image/UiDrawLog/UiDrawLog22.png	Assets/Product/Texture/Image/UiDrawLog/UiDrawLog23.png									
1240	9960	<color=#26bbf9>占S级出率70%</color>	占S级出率	70%	Assets/Product/Texture/Image/UiDrawLog/UiDrawLog22.png	Assets/Product/Texture/Image/UiDrawLog/UiDrawLog23.png									
1241	9950	<color=#26bbf9>占S级出率70%</color>	占S级出率	70%	Assets/Product/Texture/Image/UiDrawLog/UiDrawLog22.png	Assets/Product/Texture/Image/UiDrawLog/UiDrawLog23.png									
1242	9940	<color=#26bbf9>占S级出率70%</color>	占S级出率	70%	Assets/Product/Texture/Image/UiDrawLog/UiDrawLog22.png	Assets/Product/Texture/Image/UiDrawLog/UiDrawLog23.png									
1243	9930	<color=#26bbf9>占S级出率70%</color>	占S级出率	70%	Assets/Product/Texture/Image/UiDrawLog/UiDrawLog22.png	Assets/Product/Texture/Image/UiDrawLog/UiDrawLog23.png									
1244	9920	<color=#26bbf9>占S级出率70%</color>	占S级出率	70%	Assets/Product/Texture/Image/UiDrawLog/UiDrawLog22.png	Assets/Product/Texture/Image/UiDrawLog/UiDrawLog23.png									
1245	10000	<color=#ff8d1e>占S级出率100%</color>	占S级出率	100%	Assets/Product/Texture/Image/UiDrawLog/UiDrawLog22.png	Assets/Product/Texture/Image/UiDrawLog/UiDrawLog23.png									
1246	10000	<color=#26bbf9>占S级出率70%</color>	占S级出率	70%	Assets/Product/Texture/Image/UiDrawLog/UiDrawLog22.png	Assets/Product/Texture/Image/UiDrawLog/UiDrawLog23.png									
1247	9990	<color=#26bbf9>占S级出率70%</color>	占S级出率	70%	Assets/Product/Texture/Image/UiDrawLog/UiDrawLog22.png	Assets/Product/Texture/Image/UiDrawLog/UiDrawLog23.png									
1248	9980	<color=#26bbf9>占S级出率70%</color>	占S级出率	70%	Assets/Product/Texture/Image/UiDrawLog/UiDrawLog22.png	Assets/Product/Texture/Image/UiDrawLog/UiDrawLog23.png									
1249	9970	<color=#26bbf9>占S级出率70%</color>	占S级出率	70%	Assets/Product/Texture/Image/UiDrawLog/UiDrawLog22.png	Assets/Product/Texture/Image/UiDrawLog/UiDrawLog23.png									
1250	9960	<color=#26bbf9>占S级出率70%</color>	占S级出率	70%	Assets/Product/Texture/Image/UiDrawLog/UiDrawLog22.png	Assets/Product/Texture/Image/UiDrawLog/UiDrawLog23.png									
1251	9950	<color=#26bbf9>占S级出率70%</color>	占S级出率	70%	Assets/Product/Texture/Image/UiDrawLog/UiDrawLog22.png	Assets/Product/Texture/Image/UiDrawLog/UiDrawLog23.png									
1252	9940	<color=#26bbf9>占S级出率70%</color>	占S级出率	70%	Assets/Product/Texture/Image/UiDrawLog/UiDrawLog22.png	Assets/Product/Texture/Image/UiDrawLog/UiDrawLog23.png									
1253	9930	<color=#26bbf9>占S级出率70%</color>	占S级出率	70%	Assets/Product/Texture/Image/UiDrawLog/UiDrawLog22.png	Assets/Product/Texture/Image/UiDrawLog/UiDrawLog23.png									
1254	9920	<color=#26bbf9>占S级出率70%</color>	占S级出率	70%	Assets/Product/Texture/Image/UiDrawLog/UiDrawLog22.png	Assets/Product/Texture/Image/UiDrawLog/UiDrawLog23.png									
1255	10000	<color=#26bbf9>占S级出率70%</color>	占S级出率	70%	Assets/Product/Texture/Image/UiDrawLog/UiDrawLog22.png	Assets/Product/Texture/Image/UiDrawLog/UiDrawLog23.png									
1256	9990	<color=#26bbf9>占S级出率70%</color>	占S级出率	70%	Assets/Product/Texture/Image/UiDrawLog/UiDrawLog22.png	Assets/Product/Texture/Image/UiDrawLog/UiDrawLog23.png									
1257	9980	<color=#26bbf9>占S级出率70%</color>	占S级出率	70%	Assets/Product/Texture/Image/UiDrawLog/UiDrawLog22.png	Assets/Product/Texture/Image/UiDrawLog/UiDrawLog23.png									
1258	9970	<color=#26bbf9>占S级出率70%</color>	占S级出率	70%	Assets/Product/Texture/Image/UiDrawLog/UiDrawLog22.png	Assets/Product/Texture/Image/UiDrawLog/UiDrawLog23.png									
1259	9960	<color=#26bbf9>占S级出率70%</color>	占S级出率	70%	Assets/Product/Texture/Image/UiDrawLog/UiDrawLog22.png	Assets/Product/Texture/Image/UiDrawLog/UiDrawLog23.png									
1260	9950	<color=#26bbf9>占S级出率70%</color>	占S级出率	70%	Assets/Product/Texture/Image/UiDrawLog/UiDrawLog22.png	Assets/Product/Texture/Image/UiDrawLog/UiDrawLog23.png									
1261	10000	<color=#26bbf9>占S级出率70%</color>	占S级出率	70%	Assets/Product/Texture/Image/UiDrawLog/UiDrawLog22.png	Assets/Product/Texture/Image/UiDrawLog/UiDrawLog23.png									
1262	9990	<color=#26bbf9>占S级出率70%</color>	占S级出率	70%	Assets/Product/Texture/Image/UiDrawLog/UiDrawLog22.png	Assets/Product/Texture/Image/UiDrawLog/UiDrawLog23.png									
1263	9980	<color=#26bbf9>占S级出率70%</color>	占S级出率	70%	Assets/Product/Texture/Image/UiDrawLog/UiDrawLog22.png	Assets/Product/Texture/Image/UiDrawLog/UiDrawLog23.png									
1264	9970	<color=#26bbf9>占S级出率70%</color>	占S级出率	70%	Assets/Product/Texture/Image/UiDrawLog/UiDrawLog22.png	Assets/Product/Texture/Image/UiDrawLog/UiDrawLog23.png									
1265	9960	<color=#26bbf9>占S级出率70%</color>	占S级出率	70%	Assets/Product/Texture/Image/UiDrawLog/UiDrawLog22.png	Assets/Product/Texture/Image/UiDrawLog/UiDrawLog23.png									
1266	9950	<color=#26bbf9>占S级出率70%</color>	占S级出率	70%	Assets/Product/Texture/Image/UiDrawLog/UiDrawLog22.png	Assets/Product/Texture/Image/UiDrawLog/UiDrawLog23.png									
1267	9940	<color=#26bbf9>占S级出率70%</color>	占S级出率	70%	Assets/Product/Texture/Image/UiDrawLog/UiDrawLog22.png	Assets/Product/Texture/Image/UiDrawLog/UiDrawLog23.png									
1268	9930	<color=#26bbf9>占S级出率70%</color>	占S级出率	70%	Assets/Product/Texture/Image/UiDrawLog/UiDrawLog22.png	Assets/Product/Texture/Image/UiDrawLog/UiDrawLog23.png									
1269	9920	<color=#26bbf9>占S级出率70%</color>	占S级出率	70%	Assets/Product/Texture/Image/UiDrawLog/UiDrawLog22.png	Assets/Product/Texture/Image/UiDrawLog/UiDrawLog23.png									
1270	10000	<color=#ff8d1e>占S级出率100%</color>	占S级出率	100%	Assets/Product/Texture/Image/UiDrawLog/UiDrawLog22.png	Assets/Product/Texture/Image/UiDrawLog/UiDrawLog23.png									
1271	10000	<color=#ff8d1e>占S级出率100%</color>	占S级出率	100%	Assets/Product/Texture/Image/UiDrawLog/UiDrawLog22.png	Assets/Product/Texture/Image/UiDrawLog/UiDrawLog23.png									
1272	10000	<color=#26bbf9>占S级出率70%</color>	占S级出率	70%	Assets/Product/Texture/Image/UiDrawLog/UiDrawLog22.png	Assets/Product/Texture/Image/UiDrawLog/UiDrawLog23.png									
1273	9990	<color=#26bbf9>占S级出率70%</color>	占S级出率	70%	Assets/Product/Texture/Image/UiDrawLog/UiDrawLog22.png	Assets/Product/Texture/Image/UiDrawLog/UiDrawLog23.png									
1274	9980	<color=#26bbf9>占S级出率70%</color>	占S级出率	70%	Assets/Product/Texture/Image/UiDrawLog/UiDrawLog22.png	Assets/Product/Texture/Image/UiDrawLog/UiDrawLog23.png									
1275	9970	<color=#26bbf9>占S级出率70%</color>	占S级出率	70%	Assets/Product/Texture/Image/UiDrawLog/UiDrawLog22.png	Assets/Product/Texture/Image/UiDrawLog/UiDrawLog23.png									
1276	9960	<color=#26bbf9>占S级出率70%</color>	占S级出率	70%	Assets/Product/Texture/Image/UiDrawLog/UiDrawLog22.png	Assets/Product/Texture/Image/UiDrawLog/UiDrawLog23.png									
1277	9950	<color=#26bbf9>占S级出率70%</color>	占S级出率	70%	Assets/Product/Texture/Image/UiDrawLog/UiDrawLog22.png	Assets/Product/Texture/Image/UiDrawLog/UiDrawLog23.png									
1278	9940	<color=#26bbf9>占S级出率70%</color>	占S级出率	70%	Assets/Product/Texture/Image/UiDrawLog/UiDrawLog22.png	Assets/Product/Texture/Image/UiDrawLog/UiDrawLog23.png									
1279	9930	<color=#26bbf9>占S级出率70%</color>	占S级出率	70%	Assets/Product/Texture/Image/UiDrawLog/UiDrawLog22.png	Assets/Product/Texture/Image/UiDrawLog/UiDrawLog23.png									
1280	9920	<color=#26bbf9>占S级出率70%</color>	占S级出率	70%	Assets/Product/Texture/Image/UiDrawLog/UiDrawLog22.png	Assets/Product/Texture/Image/UiDrawLog/UiDrawLog23.png									
1281	10000	<color=#26bbf9>占S级出率70%</color>	占S级出率	70%	Assets/Product/Texture/Image/UiDrawLog/UiDrawLog22.png	Assets/Product/Texture/Image/UiDrawLog/UiDrawLog23.png									
1282	9990	<color=#26bbf9>占S级出率70%</color>	占S级出率	70%	Assets/Product/Texture/Image/UiDrawLog/UiDrawLog22.png	Assets/Product/Texture/Image/UiDrawLog/UiDrawLog23.png									
1283	9980	<color=#26bbf9>占S级出率70%</color>	占S级出率	70%	Assets/Product/Texture/Image/UiDrawLog/UiDrawLog22.png	Assets/Product/Texture/Image/UiDrawLog/UiDrawLog23.png									
1284	9970	<color=#26bbf9>占S级出率70%</color>	占S级出率	70%	Assets/Product/Texture/Image/UiDrawLog/UiDrawLog22.png	Assets/Product/Texture/Image/UiDrawLog/UiDrawLog23.png									
1285	9960	<color=#26bbf9>占S级出率70%</color>	占S级出率	70%	Assets/Product/Texture/Image/UiDrawLog/UiDrawLog22.png	Assets/Product/Texture/Image/UiDrawLog/UiDrawLog23.png									
1286	9950	<color=#26bbf9>占S级出率70%</color>	占S级出率	70%	Assets/Product/Texture/Image/UiDrawLog/UiDrawLog22.png	Assets/Product/Texture/Image/UiDrawLog/UiDrawLog23.png									
1287	9940	<color=#26bbf9>占S级出率70%</color>	占S级出率	70%	Assets/Product/Texture/Image/UiDrawLog/UiDrawLog22.png	Assets/Product/Texture/Image/UiDrawLog/UiDrawLog23.png									
1288	9930	<color=#26bbf9>占S级出率70%</color>	占S级出率	70%	Assets/Product/Texture/Image/UiDrawLog/UiDrawLog22.png	Assets/Product/Texture/Image/UiDrawLog/UiDrawLog23.png									
1289	9920	<color=#26bbf9>占S级出率70%</color>	占S级出率	70%	Assets/Product/Texture/Image/UiDrawLog/UiDrawLog22.png	Assets/Product/Texture/Image/UiDrawLog/UiDrawLog23.png									
1290	10000	<color=#ff8d1e>占S级出率100%</color>	占S级出率	100%	Assets/Product/Texture/Image/UiDrawLog/UiDrawLog22.png	Assets/Product/Texture/Image/UiDrawLog/UiDrawLog23.png									
1291	10000	<color=#26bbf9>占S级出率70%</color>	占S级出率	70%	Assets/Product/Texture/Image/UiDrawLog/UiDrawLog22.png	Assets/Product/Texture/Image/UiDrawLog/UiDrawLog23.png									
1292	9990	<color=#26bbf9>占S级出率70%</color>	占S级出率	70%	Assets/Product/Texture/Image/UiDrawLog/UiDrawLog22.png	Assets/Product/Texture/Image/UiDrawLog/UiDrawLog23.png									
1293	9980	<color=#26bbf9>占S级出率70%</color>	占S级出率	70%	Assets/Product/Texture/Image/UiDrawLog/UiDrawLog22.png	Assets/Product/Texture/Image/UiDrawLog/UiDrawLog23.png									
1294	9970	<color=#26bbf9>占S级出率70%</color>	占S级出率	70%	Assets/Product/Texture/Image/UiDrawLog/UiDrawLog22.png	Assets/Product/Texture/Image/UiDrawLog/UiDrawLog23.png									
1295	9960	<color=#26bbf9>占S级出率70%</color>	占S级出率	70%	Assets/Product/Texture/Image/UiDrawLog/UiDrawLog22.png	Assets/Product/Texture/Image/UiDrawLog/UiDrawLog23.png									
1296	9950	<color=#26bbf9>占S级出率70%</color>	占S级出率	70%	Assets/Product/Texture/Image/UiDrawLog/UiDrawLog22.png	Assets/Product/Texture/Image/UiDrawLog/UiDrawLog23.png									
1297	9940	<color=#26bbf9>占S级出率70%</color>	占S级出率	70%	Assets/Product/Texture/Image/UiDrawLog/UiDrawLog22.png	Assets/Product/Texture/Image/UiDrawLog/UiDrawLog23.png									
1298	9930	<color=#26bbf9>占S级出率70%</color>	占S级出率	70%	Assets/Product/Texture/Image/UiDrawLog/UiDrawLog22.png	Assets/Product/Texture/Image/UiDrawLog/UiDrawLog23.png									
1299	9920	<color=#26bbf9>占S级出率70%</color>	占S级出率	70%	Assets/Product/Texture/Image/UiDrawLog/UiDrawLog22.png	Assets/Product/Texture/Image/UiDrawLog/UiDrawLog23.png									
1300	10000	<color=#26bbf9>占S级出率70%</color>	占S级出率	70%	Assets/Product/Texture/Image/UiDrawLog/UiDrawLog22.png	Assets/Product/Texture/Image/UiDrawLog/UiDrawLog23.png									
1301	9990	<color=#26bbf9>占S级出率70%</color>	占S级出率	70%	Assets/Product/Texture/Image/UiDrawLog/UiDrawLog22.png	Assets/Product/Texture/Image/UiDrawLog/UiDrawLog23.png									
1302	9980	<color=#26bbf9>占S级出率70%</color>	占S级出率	70%	Assets/Product/Texture/Image/UiDrawLog/UiDrawLog22.png	Assets/Product/Texture/Image/UiDrawLog/UiDrawLog23.png									
1303	9970	<color=#26bbf9>占S级出率70%</color>	占S级出率	70%	Assets/Product/Texture/Image/UiDrawLog/UiDrawLog22.png	Assets/Product/Texture/Image/UiDrawLog/UiDrawLog23.png									
1304	9960	<color=#26bbf9>占S级出率70%</color>	占S级出率	70%	Assets/Product/Texture/Image/UiDrawLog/UiDrawLog22.png	Assets/Product/Texture/Image/UiDrawLog/UiDrawLog23.png									
1305	9950	<color=#26bbf9>占S级出率70%</color>	占S级出率	70%	Assets/Product/Texture/Image/UiDrawLog/UiDrawLog22.png	Assets/Product/Texture/Image/UiDrawLog/UiDrawLog23.png									
1306	9940	<color=#26bbf9>占S级出率70%</color>	占S级出率	70%	Assets/Product/Texture/Image/UiDrawLog/UiDrawLog22.png	Assets/Product/Texture/Image/UiDrawLog/UiDrawLog23.png									
1307	9930	<color=#26bbf9>占S级出率70%</color>	占S级出率	70%	Assets/Product/Texture/Image/UiDrawLog/UiDrawLog22.png	Assets/Product/Texture/Image/UiDrawLog/UiDrawLog23.png									
1308	9920	<color=#26bbf9>占S级出率70%</color>	占S级出率	70%	Assets/Product/Texture/Image/UiDrawLog/UiDrawLog22.png	Assets/Product/Texture/Image/UiDrawLog/UiDrawLog23.png									
1309	10000	<color=#26bbf9>占S级出率70%</color>	占S级出率	70%	Assets/Product/Texture/Image/UiDrawLog/UiDrawLog22.png	Assets/Product/Texture/Image/UiDrawLog/UiDrawLog23.png									
1310	9990	<color=#26bbf9>占S级出率70%</color>	占S级出率	70%	Assets/Product/Texture/Image/UiDrawLog/UiDrawLog22.png	Assets/Product/Texture/Image/UiDrawLog/UiDrawLog23.png									
1311	9980	<color=#26bbf9>占S级出率70%</color>	占S级出率	70%	Assets/Product/Texture/Image/UiDrawLog/UiDrawLog22.png	Assets/Product/Texture/Image/UiDrawLog/UiDrawLog23.png									
1312	9970	<color=#26bbf9>占S级出率70%</color>	占S级出率	70%	Assets/Product/Texture/Image/UiDrawLog/UiDrawLog22.png	Assets/Product/Texture/Image/UiDrawLog/UiDrawLog23.png									
1313	9960	<color=#26bbf9>占S级出率70%</color>	占S级出率	70%	Assets/Product/Texture/Image/UiDrawLog/UiDrawLog22.png	Assets/Product/Texture/Image/UiDrawLog/UiDrawLog23.png									
1314	9950	<color=#26bbf9>占S级出率70%</color>	占S级出率	70%	Assets/Product/Texture/Image/UiDrawLog/UiDrawLog22.png	Assets/Product/Texture/Image/UiDrawLog/UiDrawLog23.png									
1315	9940	<color=#26bbf9>占S级出率70%</color>	占S级出率	70%	Assets/Product/Texture/Image/UiDrawLog/UiDrawLog22.png	Assets/Product/Texture/Image/UiDrawLog/UiDrawLog23.png									
1316	9930	<color=#26bbf9>占S级出率70%</color>	占S级出率	70%	Assets/Product/Texture/Image/UiDrawLog/UiDrawLog22.png	Assets/Product/Texture/Image/UiDrawLog/UiDrawLog23.png									
1317	9920	<color=#26bbf9>占S级出率70%</color>	占S级出率	70%	Assets/Product/Texture/Image/UiDrawLog/UiDrawLog22.png	Assets/Product/Texture/Image/UiDrawLog/UiDrawLog23.png									
1318	10000	<color=#ff8d1e>占S级出率100%</color>	占S级出率	100%	Assets/Product/Texture/Image/UiDrawLog/UiDrawLog22.png	Assets/Product/Texture/Image/UiDrawLog/UiDrawLog23.png									
1319	10000	<color=#26bbf9>占S级出率70%</color>	占S级出率	70%	Assets/Product/Texture/Image/UiDrawLog/UiDrawLog22.png	Assets/Product/Texture/Image/UiDrawLog/UiDrawLog23.png									
1320	9990	<color=#26bbf9>占S级出率70%</color>	占S级出率	70%	Assets/Product/Texture/Image/UiDrawLog/UiDrawLog22.png	Assets/Product/Texture/Image/UiDrawLog/UiDrawLog23.png									
1321	9980	<color=#26bbf9>占S级出率70%</color>	占S级出率	70%	Assets/Product/Texture/Image/UiDrawLog/UiDrawLog22.png	Assets/Product/Texture/Image/UiDrawLog/UiDrawLog23.png									
1322	9970	<color=#26bbf9>占S级出率70%</color>	占S级出率	70%	Assets/Product/Texture/Image/UiDrawLog/UiDrawLog22.png	Assets/Product/Texture/Image/UiDrawLog/UiDrawLog23.png									
1323	9960	<color=#26bbf9>占S级出率70%</color>	占S级出率	70%	Assets/Product/Texture/Image/UiDrawLog/UiDrawLog22.png	Assets/Product/Texture/Image/UiDrawLog/UiDrawLog23.png									
1324	9950	<color=#26bbf9>占S级出率70%</color>	占S级出率	70%	Assets/Product/Texture/Image/UiDrawLog/UiDrawLog22.png	Assets/Product/Texture/Image/UiDrawLog/UiDrawLog23.png									
1325	9940	<color=#26bbf9>占S级出率70%</color>	占S级出率	70%	Assets/Product/Texture/Image/UiDrawLog/UiDrawLog22.png	Assets/Product/Texture/Image/UiDrawLog/UiDrawLog23.png									
1326	9930	<color=#26bbf9>占S级出率70%</color>	占S级出率	70%	Assets/Product/Texture/Image/UiDrawLog/UiDrawLog22.png	Assets/Product/Texture/Image/UiDrawLog/UiDrawLog23.png									
1327	9920	<color=#26bbf9>占S级出率70%</color>	占S级出率	70%	Assets/Product/Texture/Image/UiDrawLog/UiDrawLog22.png	Assets/Product/Texture/Image/UiDrawLog/UiDrawLog23.png									
1328	10000	<color=#ff8d1e>占S级出率100%</color>	占S级出率	100%	Assets/Product/Texture/Image/UiDrawLog/UiDrawLog22.png	Assets/Product/Texture/Image/UiDrawLog/UiDrawLog23.png									
1329	10000	<color=#26bbf9>占S级出率70%</color>	占S级出率	70%	Assets/Product/Texture/Image/UiDrawLog/UiDrawLog22.png	Assets/Product/Texture/Image/UiDrawLog/UiDrawLog23.png									
1330	9990	<color=#26bbf9>占S级出率70%</color>	占S级出率	70%	Assets/Product/Texture/Image/UiDrawLog/UiDrawLog22.png	Assets/Product/Texture/Image/UiDrawLog/UiDrawLog23.png									
1331	9980	<color=#26bbf9>占S级出率70%</color>	占S级出率	70%	Assets/Product/Texture/Image/UiDrawLog/UiDrawLog22.png	Assets/Product/Texture/Image/UiDrawLog/UiDrawLog23.png									
1332	9970	<color=#26bbf9>占S级出率70%</color>	占S级出率	70%	Assets/Product/Texture/Image/UiDrawLog/UiDrawLog22.png	Assets/Product/Texture/Image/UiDrawLog/UiDrawLog23.png									
1333	9960	<color=#26bbf9>占S级出率70%</color>	占S级出率	70%	Assets/Product/Texture/Image/UiDrawLog/UiDrawLog22.png	Assets/Product/Texture/Image/UiDrawLog/UiDrawLog23.png									
1334	9950	<color=#26bbf9>占S级出率70%</color>	占S级出率	70%	Assets/Product/Texture/Image/UiDrawLog/UiDrawLog22.png	Assets/Product/Texture/Image/UiDrawLog/UiDrawLog23.png									
1335	9940	<color=#26bbf9>占S级出率70%</color>	占S级出率	70%	Assets/Product/Texture/Image/UiDrawLog/UiDrawLog22.png	Assets/Product/Texture/Image/UiDrawLog/UiDrawLog23.png									
1336	9930	<color=#26bbf9>占S级出率70%</color>	占S级出率	70%	Assets/Product/Texture/Image/UiDrawLog/UiDrawLog22.png	Assets/Product/Texture/Image/UiDrawLog/UiDrawLog23.png									
1337	9920	<color=#26bbf9>占S级出率70%</color>	占S级出率	70%	Assets/Product/Texture/Image/UiDrawLog/UiDrawLog22.png	Assets/Product/Texture/Image/UiDrawLog/UiDrawLog23.png									
1338	10000	<color=#ff8d1e>占S级出率100%</color>	占S级出率	100%	Assets/Product/Texture/Image/UiDrawLog/UiDrawLog22.png	Assets/Product/Texture/Image/UiDrawLog/UiDrawLog23.png									
1339	10000	<color=#26bbf9>占S级出率70%</color>	占S级出率	70%	Assets/Product/Texture/Image/UiDrawLog/UiDrawLog22.png	Assets/Product/Texture/Image/UiDrawLog/UiDrawLog23.png									
1340	9990	<color=#26bbf9>占S级出率70%</color>	占S级出率	70%	Assets/Product/Texture/Image/UiDrawLog/UiDrawLog22.png	Assets/Product/Texture/Image/UiDrawLog/UiDrawLog23.png									
1341	9980	<color=#26bbf9>占S级出率70%</color>	占S级出率	70%	Assets/Product/Texture/Image/UiDrawLog/UiDrawLog22.png	Assets/Product/Texture/Image/UiDrawLog/UiDrawLog23.png									
1342	9970	<color=#26bbf9>占S级出率70%</color>	占S级出率	70%	Assets/Product/Texture/Image/UiDrawLog/UiDrawLog22.png	Assets/Product/Texture/Image/UiDrawLog/UiDrawLog23.png									
1343	9960	<color=#26bbf9>占S级出率70%</color>	占S级出率	70%	Assets/Product/Texture/Image/UiDrawLog/UiDrawLog22.png	Assets/Product/Texture/Image/UiDrawLog/UiDrawLog23.png									
1344	9950	<color=#26bbf9>占S级出率70%</color>	占S级出率	70%	Assets/Product/Texture/Image/UiDrawLog/UiDrawLog22.png	Assets/Product/Texture/Image/UiDrawLog/UiDrawLog23.png									
1345	10000	<color=#26bbf9>占S级出率70%</color>	占S级出率	70%	Assets/Product/Texture/Image/UiDrawLog/UiDrawLog22.png	Assets/Product/Texture/Image/UiDrawLog/UiDrawLog23.png									
1346	9990	<color=#26bbf9>占S级出率70%</color>	占S级出率	70%	Assets/Product/Texture/Image/UiDrawLog/UiDrawLog22.png	Assets/Product/Texture/Image/UiDrawLog/UiDrawLog23.png									
1347	9980	<color=#26bbf9>占S级出率70%</color>	占S级出率	70%	Assets/Product/Texture/Image/UiDrawLog/UiDrawLog22.png	Assets/Product/Texture/Image/UiDrawLog/UiDrawLog23.png									
1348	9970	<color=#26bbf9>占S级出率70%</color>	占S级出率	70%	Assets/Product/Texture/Image/UiDrawLog/UiDrawLog22.png	Assets/Product/Texture/Image/UiDrawLog/UiDrawLog23.png									
1349	9960	<color=#26bbf9>占S级出率70%</color>	占S级出率	70%	Assets/Product/Texture/Image/UiDrawLog/UiDrawLog22.png	Assets/Product/Texture/Image/UiDrawLog/UiDrawLog23.png									
1350	9950	<color=#26bbf9>占S级出率70%</color>	占S级出率	70%	Assets/Product/Texture/Image/UiDrawLog/UiDrawLog22.png	Assets/Product/Texture/Image/UiDrawLog/UiDrawLog23.png									
1351	9940	<color=#26bbf9>占S级出率70%</color>	占S级出率	70%	Assets/Product/Texture/Image/UiDrawLog/UiDrawLog22.png	Assets/Product/Texture/Image/UiDrawLog/UiDrawLog23.png									
1352	9930	<color=#26bbf9>占S级出率70%</color>	占S级出率	70%	Assets/Product/Texture/Image/UiDrawLog/UiDrawLog22.png	Assets/Product/Texture/Image/UiDrawLog/UiDrawLog23.png									
1353	9920	<color=#26bbf9>占S级出率70%</color>	占S级出率	70%	Assets/Product/Texture/Image/UiDrawLog/UiDrawLog22.png	Assets/Product/Texture/Image/UiDrawLog/UiDrawLog23.png									
1354	10000	<color=#ff8d1e>占S级出率100%</color>	占S级出率	100%	Assets/Product/Texture/Image/UiDrawLog/UiDrawLog22.png	Assets/Product/Texture/Image/UiDrawLog/UiDrawLog23.png									
1355	10000	<color=#26bbf9>占S级出率70%</color>	占S级出率	70%	Assets/Product/Texture/Image/UiDrawLog/UiDrawLog22.png	Assets/Product/Texture/Image/UiDrawLog/UiDrawLog23.png									
1356	9990	<color=#26bbf9>占S级出率70%</color>	占S级出率	70%	Assets/Product/Texture/Image/UiDrawLog/UiDrawLog22.png	Assets/Product/Texture/Image/UiDrawLog/UiDrawLog23.png									
1357	9980	<color=#26bbf9>占S级出率70%</color>	占S级出率	70%	Assets/Product/Texture/Image/UiDrawLog/UiDrawLog22.png	Assets/Product/Texture/Image/UiDrawLog/UiDrawLog23.png									
1358	9970	<color=#26bbf9>占S级出率70%</color>	占S级出率	70%	Assets/Product/Texture/Image/UiDrawLog/UiDrawLog22.png	Assets/Product/Texture/Image/UiDrawLog/UiDrawLog23.png									
1359	9960	<color=#26bbf9>占S级出率70%</color>	占S级出率	70%	Assets/Product/Texture/Image/UiDrawLog/UiDrawLog22.png	Assets/Product/Texture/Image/UiDrawLog/UiDrawLog23.png									
1360	9950	<color=#26bbf9>占S级出率70%</color>	占S级出率	70%	Assets/Product/Texture/Image/UiDrawLog/UiDrawLog22.png	Assets/Product/Texture/Image/UiDrawLog/UiDrawLog23.png									
1361	9940	<color=#26bbf9>占S级出率70%</color>	占S级出率	70%	Assets/Product/Texture/Image/UiDrawLog/UiDrawLog22.png	Assets/Product/Texture/Image/UiDrawLog/UiDrawLog23.png									
1362	9930	<color=#26bbf9>占S级出率70%</color>	占S级出率	70%	Assets/Product/Texture/Image/UiDrawLog/UiDrawLog22.png	Assets/Product/Texture/Image/UiDrawLog/UiDrawLog23.png									
1363	9920	<color=#26bbf9>占S级出率70%</color>	占S级出率	70%	Assets/Product/Texture/Image/UiDrawLog/UiDrawLog22.png	Assets/Product/Texture/Image/UiDrawLog/UiDrawLog23.png									
1364	10000	<color=#ff8d1e>占S级出率100%</color>	占S级出率	100%	Assets/Product/Texture/Image/UiDrawLog/UiDrawLog22.png	Assets/Product/Texture/Image/UiDrawLog/UiDrawLog23.png									
1365	10000	<color=#26bbf9>占S级出率70%</color>	占S级出率	70%	Assets/Product/Texture/Image/UiDrawLog/UiDrawLog22.png	Assets/Product/Texture/Image/UiDrawLog/UiDrawLog23.png									
1366	9990	<color=#26bbf9>占S级出率70%</color>	占S级出率	70%	Assets/Product/Texture/Image/UiDrawLog/UiDrawLog22.png	Assets/Product/Texture/Image/UiDrawLog/UiDrawLog23.png									
1367	9980	<color=#26bbf9>占S级出率70%</color>	占S级出率	70%	Assets/Product/Texture/Image/UiDrawLog/UiDrawLog22.png	Assets/Product/Texture/Image/UiDrawLog/UiDrawLog23.png									
1368	9970	<color=#26bbf9>占S级出率70%</color>	占S级出率	70%	Assets/Product/Texture/Image/UiDrawLog/UiDrawLog22.png	Assets/Product/Texture/Image/UiDrawLog/UiDrawLog23.png									
1369	9960	<color=#26bbf9>占S级出率70%</color>	占S级出率	70%	Assets/Product/Texture/Image/UiDrawLog/UiDrawLog22.png	Assets/Product/Texture/Image/UiDrawLog/UiDrawLog23.png									
1370	9950	<color=#26bbf9>占S级出率70%</color>	占S级出率	70%	Assets/Product/Texture/Image/UiDrawLog/UiDrawLog22.png	Assets/Product/Texture/Image/UiDrawLog/UiDrawLog23.png									
1371	9940	<color=#26bbf9>占S级出率70%</color>	占S级出率	70%	Assets/Product/Texture/Image/UiDrawLog/UiDrawLog22.png	Assets/Product/Texture/Image/UiDrawLog/UiDrawLog23.png									
1372	9930	<color=#26bbf9>占S级出率70%</color>	占S级出率	70%	Assets/Product/Texture/Image/UiDrawLog/UiDrawLog22.png	Assets/Product/Texture/Image/UiDrawLog/UiDrawLog23.png									
1373	9920	<color=#26bbf9>占S级出率70%</color>	占S级出率	70%	Assets/Product/Texture/Image/UiDrawLog/UiDrawLog22.png	Assets/Product/Texture/Image/UiDrawLog/UiDrawLog23.png									
1374	10000	<color=#26bbf9>占S级出率70%</color>	占S级出率	70%	Assets/Product/Texture/Image/UiDrawLog/UiDrawLog22.png	Assets/Product/Texture/Image/UiDrawLog/UiDrawLog23.png									
1375	9990	<color=#26bbf9>占S级出率70%</color>	占S级出率	70%	Assets/Product/Texture/Image/UiDrawLog/UiDrawLog22.png	Assets/Product/Texture/Image/UiDrawLog/UiDrawLog23.png									
1376	9980	<color=#26bbf9>占S级出率70%</color>	占S级出率	70%	Assets/Product/Texture/Image/UiDrawLog/UiDrawLog22.png	Assets/Product/Texture/Image/UiDrawLog/UiDrawLog23.png									
1377	9970	<color=#26bbf9>占S级出率70%</color>	占S级出率	70%	Assets/Product/Texture/Image/UiDrawLog/UiDrawLog22.png	Assets/Product/Texture/Image/UiDrawLog/UiDrawLog23.png									
1378	9960	<color=#26bbf9>占S级出率70%</color>	占S级出率	70%	Assets/Product/Texture/Image/UiDrawLog/UiDrawLog22.png	Assets/Product/Texture/Image/UiDrawLog/UiDrawLog23.png									
1379	9950	<color=#26bbf9>占S级出率70%</color>	占S级出率	70%	Assets/Product/Texture/Image/UiDrawLog/UiDrawLog22.png	Assets/Product/Texture/Image/UiDrawLog/UiDrawLog23.png									
1380	9940	<color=#26bbf9>占S级出率70%</color>	占S级出率	70%	Assets/Product/Texture/Image/UiDrawLog/UiDrawLog22.png	Assets/Product/Texture/Image/UiDrawLog/UiDrawLog23.png									
1381	9930	<color=#26bbf9>占S级出率70%</color>	占S级出率	70%	Assets/Product/Texture/Image/UiDrawLog/UiDrawLog22.png	Assets/Product/Texture/Image/UiDrawLog/UiDrawLog23.png									
1382	9920	<color=#26bbf9>占S级出率70%</color>	占S级出率	70%	Assets/Product/Texture/Image/UiDrawLog/UiDrawLog22.png	Assets/Product/Texture/Image/UiDrawLog/UiDrawLog23.png									
1383	10000	<color=#ff8d1e>占S级出率100%</color>	占S级出率	100%	Assets/Product/Texture/Image/UiDrawLog/UiDrawLog22.png	Assets/Product/Texture/Image/UiDrawLog/UiDrawLog23.png									
1384	10000	<color=#26bbf9>占S级出率70%</color>	占S级出率	70%	Assets/Product/Texture/Image/UiDrawLog/UiDrawLog22.png	Assets/Product/Texture/Image/UiDrawLog/UiDrawLog23.png									
1385	9990	<color=#26bbf9>占S级出率70%</color>	占S级出率	70%	Assets/Product/Texture/Image/UiDrawLog/UiDrawLog22.png	Assets/Product/Texture/Image/UiDrawLog/UiDrawLog23.png									
1386	9980	<color=#26bbf9>占S级出率70%</color>	占S级出率	70%	Assets/Product/Texture/Image/UiDrawLog/UiDrawLog22.png	Assets/Product/Texture/Image/UiDrawLog/UiDrawLog23.png									
1387	9970	<color=#26bbf9>占S级出率70%</color>	占S级出率	70%	Assets/Product/Texture/Image/UiDrawLog/UiDrawLog22.png	Assets/Product/Texture/Image/UiDrawLog/UiDrawLog23.png									
1388	9960	<color=#26bbf9>占S级出率70%</color>	占S级出率	70%	Assets/Product/Texture/Image/UiDrawLog/UiDrawLog22.png	Assets/Product/Texture/Image/UiDrawLog/UiDrawLog23.png									
1389	9950	<color=#26bbf9>占S级出率70%</color>	占S级出率	70%	Assets/Product/Texture/Image/UiDrawLog/UiDrawLog22.png	Assets/Product/Texture/Image/UiDrawLog/UiDrawLog23.png									
1390	10000	<color=#26bbf9>占S级出率70%</color>	占S级出率	70%	Assets/Product/Texture/Image/UiDrawLog/UiDrawLog22.png	Assets/Product/Texture/Image/UiDrawLog/UiDrawLog23.png									
1391	9990	<color=#26bbf9>占S级出率70%</color>	占S级出率	70%	Assets/Product/Texture/Image/UiDrawLog/UiDrawLog22.png	Assets/Product/Texture/Image/UiDrawLog/UiDrawLog23.png									
1392	9980	<color=#26bbf9>占S级出率70%</color>	占S级出率	70%	Assets/Product/Texture/Image/UiDrawLog/UiDrawLog22.png	Assets/Product/Texture/Image/UiDrawLog/UiDrawLog23.png									
1393	9970	<color=#26bbf9>占S级出率70%</color>	占S级出率	70%	Assets/Product/Texture/Image/UiDrawLog/UiDrawLog22.png	Assets/Product/Texture/Image/UiDrawLog/UiDrawLog23.png									
1394	9960	<color=#26bbf9>占S级出率70%</color>	占S级出率	70%	Assets/Product/Texture/Image/UiDrawLog/UiDrawLog22.png	Assets/Product/Texture/Image/UiDrawLog/UiDrawLog23.png									
1395	9950	<color=#26bbf9>占S级出率70%</color>	占S级出率	70%	Assets/Product/Texture/Image/UiDrawLog/UiDrawLog22.png	Assets/Product/Texture/Image/UiDrawLog/UiDrawLog23.png									
1396	9940	<color=#26bbf9>占S级出率70%</color>	占S级出率	70%	Assets/Product/Texture/Image/UiDrawLog/UiDrawLog22.png	Assets/Product/Texture/Image/UiDrawLog/UiDrawLog23.png									
1397	9930	<color=#26bbf9>占S级出率70%</color>	占S级出率	70%	Assets/Product/Texture/Image/UiDrawLog/UiDrawLog22.png	Assets/Product/Texture/Image/UiDrawLog/UiDrawLog23.png									
1398	9920	<color=#26bbf9>占S级出率70%</color>	占S级出率	70%	Assets/Product/Texture/Image/UiDrawLog/UiDrawLog22.png	Assets/Product/Texture/Image/UiDrawLog/UiDrawLog23.png									
1399	10000	<color=#ff8d1e>占S级出率100%</color>	占S级出率	100%	Assets/Product/Texture/Image/UiDrawLog/UiDrawLog22.png	Assets/Product/Texture/Image/UiDrawLog/UiDrawLog23.png									
1400	10000	<color=#26bbf9>占S级出率70%</color>	占S级出率	70%	Assets/Product/Texture/Image/UiDrawLog/UiDrawLog22.png	Assets/Product/Texture/Image/UiDrawLog/UiDrawLog23.png									
1401	9990	<color=#26bbf9>占S级出率70%</color>	占S级出率	70%	Assets/Product/Texture/Image/UiDrawLog/UiDrawLog22.png	Assets/Product/Texture/Image/UiDrawLog/UiDrawLog23.png									
1402	9980	<color=#26bbf9>占S级出率70%</color>	占S级出率	70%	Assets/Product/Texture/Image/UiDrawLog/UiDrawLog22.png	Assets/Product/Texture/Image/UiDrawLog/UiDrawLog23.png									
1403	9970	<color=#26bbf9>占S级出率70%</color>	占S级出率	70%	Assets/Product/Texture/Image/UiDrawLog/UiDrawLog22.png	Assets/Product/Texture/Image/UiDrawLog/UiDrawLog23.png									
1404	9960	<color=#26bbf9>占S级出率70%</color>	占S级出率	70%	Assets/Product/Texture/Image/UiDrawLog/UiDrawLog22.png	Assets/Product/Texture/Image/UiDrawLog/UiDrawLog23.png									
1405	9950	<color=#26bbf9>占S级出率70%</color>	占S级出率	70%	Assets/Product/Texture/Image/UiDrawLog/UiDrawLog22.png	Assets/Product/Texture/Image/UiDrawLog/UiDrawLog23.png									
1406	9940	<color=#26bbf9>占S级出率70%</color>	占S级出率	70%	Assets/Product/Texture/Image/UiDrawLog/UiDrawLog22.png	Assets/Product/Texture/Image/UiDrawLog/UiDrawLog23.png									
1407	9930	<color=#26bbf9>占S级出率70%</color>	占S级出率	70%	Assets/Product/Texture/Image/UiDrawLog/UiDrawLog22.png	Assets/Product/Texture/Image/UiDrawLog/UiDrawLog23.png									
1408	9920	<color=#26bbf9>占S级出率70%</color>	占S级出率	70%	Assets/Product/Texture/Image/UiDrawLog/UiDrawLog22.png	Assets/Product/Texture/Image/UiDrawLog/UiDrawLog23.png									
1409	10000	<color=#26bbf9>占S级出率70%</color>	占S级出率	70%	Assets/Product/Texture/Image/UiDrawLog/UiDrawLog22.png	Assets/Product/Texture/Image/UiDrawLog/UiDrawLog23.png									
1410	9990	<color=#26bbf9>占S级出率70%</color>	占S级出率	70%	Assets/Product/Texture/Image/UiDrawLog/UiDrawLog22.png	Assets/Product/Texture/Image/UiDrawLog/UiDrawLog23.png									
1411	9980	<color=#26bbf9>占S级出率70%</color>	占S级出率	70%	Assets/Product/Texture/Image/UiDrawLog/UiDrawLog22.png	Assets/Product/Texture/Image/UiDrawLog/UiDrawLog23.png									
1412	9970	<color=#26bbf9>占S级出率70%</color>	占S级出率	70%	Assets/Product/Texture/Image/UiDrawLog/UiDrawLog22.png	Assets/Product/Texture/Image/UiDrawLog/UiDrawLog23.png									
1413	9960	<color=#26bbf9>占S级出率70%</color>	占S级出率	70%	Assets/Product/Texture/Image/UiDrawLog/UiDrawLog22.png	Assets/Product/Texture/Image/UiDrawLog/UiDrawLog23.png									
1414	9950	<color=#26bbf9>占S级出率70%</color>	占S级出率	70%	Assets/Product/Texture/Image/UiDrawLog/UiDrawLog22.png	Assets/Product/Texture/Image/UiDrawLog/UiDrawLog23.png									
1415	9940	<color=#26bbf9>占S级出率70%</color>	占S级出率	70%	Assets/Product/Texture/Image/UiDrawLog/UiDrawLog22.png	Assets/Product/Texture/Image/UiDrawLog/UiDrawLog23.png									
1416	9930	<color=#26bbf9>占S级出率70%</color>	占S级出率	70%	Assets/Product/Texture/Image/UiDrawLog/UiDrawLog22.png	Assets/Product/Texture/Image/UiDrawLog/UiDrawLog23.png									
1417	9920	<color=#26bbf9>占S级出率70%</color>	占S级出率	70%	Assets/Product/Texture/Image/UiDrawLog/UiDrawLog22.png	Assets/Product/Texture/Image/UiDrawLog/UiDrawLog23.png									
1418	10000	<color=#26bbf9>占S级出率70%</color>	占S级出率	70%	Assets/Product/Texture/Image/UiDrawLog/UiDrawLog22.png	Assets/Product/Texture/Image/UiDrawLog/UiDrawLog23.png									
1419	9990	<color=#26bbf9>占S级出率70%</color>	占S级出率	70%	Assets/Product/Texture/Image/UiDrawLog/UiDrawLog22.png	Assets/Product/Texture/Image/UiDrawLog/UiDrawLog23.png									
1420	9980	<color=#26bbf9>占S级出率70%</color>	占S级出率	70%	Assets/Product/Texture/Image/UiDrawLog/UiDrawLog22.png	Assets/Product/Texture/Image/UiDrawLog/UiDrawLog23.png									
1421	10000	<color=#ff8d1e>占S级出率100%</color>	占S级出率	100%	Assets/Product/Texture/Image/UiDrawLog/UiDrawLog22.png	Assets/Product/Texture/Image/UiDrawLog/UiDrawLog23.png									
1422	10000	<color=#26bbf9>占S级出率70%</color>	占S级出率	70%	Assets/Product/Texture/Image/UiDrawLog/UiDrawLog22.png	Assets/Product/Texture/Image/UiDrawLog/UiDrawLog23.png									
1423	9990	<color=#26bbf9>占S级出率70%</color>	占S级出率	70%	Assets/Product/Texture/Image/UiDrawLog/UiDrawLog22.png	Assets/Product/Texture/Image/UiDrawLog/UiDrawLog23.png									
1424	9980	<color=#26bbf9>占S级出率70%</color>	占S级出率	70%	Assets/Product/Texture/Image/UiDrawLog/UiDrawLog22.png	Assets/Product/Texture/Image/UiDrawLog/UiDrawLog23.png									
1425	9970	<color=#26bbf9>占S级出率70%</color>	占S级出率	70%	Assets/Product/Texture/Image/UiDrawLog/UiDrawLog22.png	Assets/Product/Texture/Image/UiDrawLog/UiDrawLog23.png									
1426	9960	<color=#26bbf9>占S级出率70%</color>	占S级出率	70%	Assets/Product/Texture/Image/UiDrawLog/UiDrawLog22.png	Assets/Product/Texture/Image/UiDrawLog/UiDrawLog23.png									
1427	9950	<color=#26bbf9>占S级出率70%</color>	占S级出率	70%	Assets/Product/Texture/Image/UiDrawLog/UiDrawLog22.png	Assets/Product/Texture/Image/UiDrawLog/UiDrawLog23.png									
1428	10000	<color=#ff8d1e>占S级出率100%</color>	占S级出率	100%	Assets/Product/Texture/Image/UiDrawLog/UiDrawLog22.png	Assets/Product/Texture/Image/UiDrawLog/UiDrawLog23.png									
1429	9990	<color=#26bbf9>占S级出率70%</color>	占S级出率	70%	Assets/Product/Texture/Image/UiDrawLog/UiDrawLog22.png	Assets/Product/Texture/Image/UiDrawLog/UiDrawLog23.png									
1430	9980	<color=#26bbf9>占S级出率70%</color>	占S级出率	70%	Assets/Product/Texture/Image/UiDrawLog/UiDrawLog22.png	Assets/Product/Texture/Image/UiDrawLog/UiDrawLog23.png									
1431	9970	<color=#26bbf9>占S级出率70%</color>	占S级出率	70%	Assets/Product/Texture/Image/UiDrawLog/UiDrawLog22.png	Assets/Product/Texture/Image/UiDrawLog/UiDrawLog23.png									
1432	9960	<color=#26bbf9>占S级出率70%</color>	占S级出率	70%	Assets/Product/Texture/Image/UiDrawLog/UiDrawLog22.png	Assets/Product/Texture/Image/UiDrawLog/UiDrawLog23.png									
1433	9950	<color=#26bbf9>占S级出率70%</color>	占S级出率	70%	Assets/Product/Texture/Image/UiDrawLog/UiDrawLog22.png	Assets/Product/Texture/Image/UiDrawLog/UiDrawLog23.png									
1434	9940	<color=#26bbf9>占S级出率70%</color>	占S级出率	70%	Assets/Product/Texture/Image/UiDrawLog/UiDrawLog22.png	Assets/Product/Texture/Image/UiDrawLog/UiDrawLog23.png									
1435	9930	<color=#26bbf9>占S级出率70%</color>	占S级出率	70%	Assets/Product/Texture/Image/UiDrawLog/UiDrawLog22.png	Assets/Product/Texture/Image/UiDrawLog/UiDrawLog23.png									
1436	9920	<color=#26bbf9>占S级出率70%</color>	占S级出率	70%	Assets/Product/Texture/Image/UiDrawLog/UiDrawLog22.png	Assets/Product/Texture/Image/UiDrawLog/UiDrawLog23.png									
1437	9910	<color=#26bbf9>占S级出率70%</color>	占S级出率	70%	Assets/Product/Texture/Image/UiDrawLog/UiDrawLog22.png	Assets/Product/Texture/Image/UiDrawLog/UiDrawLog23.png									
1438	10000	<color=#ff8d1e>占S级出率100%</color>	占S级出率	100%	Assets/Product/Texture/Image/UiDrawLog/UiDrawLog22.png	Assets/Product/Texture/Image/UiDrawLog/UiDrawLog23.png									
1439	9990	<color=#26bbf9>占S级出率70%</color>	占S级出率	70%	Assets/Product/Texture/Image/UiDrawLog/UiDrawLog22.png	Assets/Product/Texture/Image/UiDrawLog/UiDrawLog23.png									
1440	9980	<color=#26bbf9>占S级出率70%</color>	占S级出率	70%	Assets/Product/Texture/Image/UiDrawLog/UiDrawLog22.png	Assets/Product/Texture/Image/UiDrawLog/UiDrawLog23.png									
1441	9970	<color=#26bbf9>占S级出率70%</color>	占S级出率	70%	Assets/Product/Texture/Image/UiDrawLog/UiDrawLog22.png	Assets/Product/Texture/Image/UiDrawLog/UiDrawLog23.png									
1442	9960	<color=#26bbf9>占S级出率70%</color>	占S级出率	70%	Assets/Product/Texture/Image/UiDrawLog/UiDrawLog22.png	Assets/Product/Texture/Image/UiDrawLog/UiDrawLog23.png									
1443	9950	<color=#26bbf9>占S级出率70%</color>	占S级出率	70%	Assets/Product/Texture/Image/UiDrawLog/UiDrawLog22.png	Assets/Product/Texture/Image/UiDrawLog/UiDrawLog23.png									
1444	9940	<color=#26bbf9>占S级出率70%</color>	占S级出率	70%	Assets/Product/Texture/Image/UiDrawLog/UiDrawLog22.png	Assets/Product/Texture/Image/UiDrawLog/UiDrawLog23.png									
1445	9930	<color=#26bbf9>占S级出率70%</color>	占S级出率	70%	Assets/Product/Texture/Image/UiDrawLog/UiDrawLog22.png	Assets/Product/Texture/Image/UiDrawLog/UiDrawLog23.png									
1446	9920	<color=#26bbf9>占S级出率70%</color>	占S级出率	70%	Assets/Product/Texture/Image/UiDrawLog/UiDrawLog22.png	Assets/Product/Texture/Image/UiDrawLog/UiDrawLog23.png									
1447	9910	<color=#26bbf9>占S级出率70%</color>	占S级出率	70%	Assets/Product/Texture/Image/UiDrawLog/UiDrawLog22.png	Assets/Product/Texture/Image/UiDrawLog/UiDrawLog23.png									
1448	10000	<color=#ff8d1e>占S级出率100%</color>	占S级出率	100%	Assets/Product/Texture/Image/UiDrawLog/UiDrawLog22.png	Assets/Product/Texture/Image/UiDrawLog/UiDrawLog23.png									
1449	9990	<color=#26bbf9>占S级出率70%</color>	占S级出率	70%	Assets/Product/Texture/Image/UiDrawLog/UiDrawLog22.png	Assets/Product/Texture/Image/UiDrawLog/UiDrawLog23.png									
1450	9980	<color=#26bbf9>占S级出率70%</color>	占S级出率	70%	Assets/Product/Texture/Image/UiDrawLog/UiDrawLog22.png	Assets/Product/Texture/Image/UiDrawLog/UiDrawLog23.png									
1451	9970	<color=#26bbf9>占S级出率70%</color>	占S级出率	70%	Assets/Product/Texture/Image/UiDrawLog/UiDrawLog22.png	Assets/Product/Texture/Image/UiDrawLog/UiDrawLog23.png									
1452	9960	<color=#26bbf9>占S级出率70%</color>	占S级出率	70%	Assets/Product/Texture/Image/UiDrawLog/UiDrawLog22.png	Assets/Product/Texture/Image/UiDrawLog/UiDrawLog23.png									
1453	9950	<color=#26bbf9>占S级出率70%</color>	占S级出率	70%	Assets/Product/Texture/Image/UiDrawLog/UiDrawLog22.png	Assets/Product/Texture/Image/UiDrawLog/UiDrawLog23.png									
1454	9940	<color=#26bbf9>占S级出率70%</color>	占S级出率	70%	Assets/Product/Texture/Image/UiDrawLog/UiDrawLog22.png	Assets/Product/Texture/Image/UiDrawLog/UiDrawLog23.png									
1455	9930	<color=#26bbf9>占S级出率70%</color>	占S级出率	70%	Assets/Product/Texture/Image/UiDrawLog/UiDrawLog22.png	Assets/Product/Texture/Image/UiDrawLog/UiDrawLog23.png									
1456	9920	<color=#26bbf9>占S级出率70%</color>	占S级出率	70%	Assets/Product/Texture/Image/UiDrawLog/UiDrawLog22.png	Assets/Product/Texture/Image/UiDrawLog/UiDrawLog23.png									
1457	9910	<color=#26bbf9>占S级出率70%</color>	占S级出率	70%	Assets/Product/Texture/Image/UiDrawLog/UiDrawLog22.png	Assets/Product/Texture/Image/UiDrawLog/UiDrawLog23.png									
1458	10000	<color=#ff8d1e>占S级出率100%</color>	占S级出率	100%	Assets/Product/Texture/Image/UiDrawLog/UiDrawLog22.png	Assets/Product/Texture/Image/UiDrawLog/UiDrawLog23.png									
1459	9990	<color=#26bbf9>占S级出率70%</color>	占S级出率	70%	Assets/Product/Texture/Image/UiDrawLog/UiDrawLog22.png	Assets/Product/Texture/Image/UiDrawLog/UiDrawLog23.png									
1460	9980	<color=#26bbf9>占S级出率70%</color>	占S级出率	70%	Assets/Product/Texture/Image/UiDrawLog/UiDrawLog22.png	Assets/Product/Texture/Image/UiDrawLog/UiDrawLog23.png									
1461	9970	<color=#26bbf9>占S级出率70%</color>	占S级出率	70%	Assets/Product/Texture/Image/UiDrawLog/UiDrawLog22.png	Assets/Product/Texture/Image/UiDrawLog/UiDrawLog23.png									
1462	9960	<color=#26bbf9>占S级出率70%</color>	占S级出率	70%	Assets/Product/Texture/Image/UiDrawLog/UiDrawLog22.png	Assets/Product/Texture/Image/UiDrawLog/UiDrawLog23.png									
1463	9950	<color=#26bbf9>占S级出率70%</color>	占S级出率	70%	Assets/Product/Texture/Image/UiDrawLog/UiDrawLog22.png	Assets/Product/Texture/Image/UiDrawLog/UiDrawLog23.png									
1464	9940	<color=#26bbf9>占S级出率70%</color>	占S级出率	70%	Assets/Product/Texture/Image/UiDrawLog/UiDrawLog22.png	Assets/Product/Texture/Image/UiDrawLog/UiDrawLog23.png									
1465	9930	<color=#26bbf9>占S级出率70%</color>	占S级出率	70%	Assets/Product/Texture/Image/UiDrawLog/UiDrawLog22.png	Assets/Product/Texture/Image/UiDrawLog/UiDrawLog23.png									
1466	9920	<color=#26bbf9>占S级出率70%</color>	占S级出率	70%	Assets/Product/Texture/Image/UiDrawLog/UiDrawLog22.png	Assets/Product/Texture/Image/UiDrawLog/UiDrawLog23.png									
1467	9910	<color=#26bbf9>占S级出率70%</color>	占S级出率	70%	Assets/Product/Texture/Image/UiDrawLog/UiDrawLog22.png	Assets/Product/Texture/Image/UiDrawLog/UiDrawLog23.png									
1468	10000	<color=#ff8d1e>占S级出率100%</color>	占S级出率	100%	Assets/Product/Texture/Image/UiDrawLog/UiDrawLog22.png	Assets/Product/Texture/Image/UiDrawLog/UiDrawLog23.png									
1469	9990	<color=#26bbf9>占S级出率70%</color>	占S级出率	70%	Assets/Product/Texture/Image/UiDrawLog/UiDrawLog22.png	Assets/Product/Texture/Image/UiDrawLog/UiDrawLog23.png									
1470	9980	<color=#26bbf9>占S级出率70%</color>	占S级出率	70%	Assets/Product/Texture/Image/UiDrawLog/UiDrawLog22.png	Assets/Product/Texture/Image/UiDrawLog/UiDrawLog23.png									
1471	9970	<color=#26bbf9>占S级出率70%</color>	占S级出率	70%	Assets/Product/Texture/Image/UiDrawLog/UiDrawLog22.png	Assets/Product/Texture/Image/UiDrawLog/UiDrawLog23.png									
1472	9960	<color=#26bbf9>占S级出率70%</color>	占S级出率	70%	Assets/Product/Texture/Image/UiDrawLog/UiDrawLog22.png	Assets/Product/Texture/Image/UiDrawLog/UiDrawLog23.png									
1473	9950	<color=#26bbf9>占S级出率70%</color>	占S级出率	70%	Assets/Product/Texture/Image/UiDrawLog/UiDrawLog22.png	Assets/Product/Texture/Image/UiDrawLog/UiDrawLog23.png									
1474	9940	<color=#26bbf9>占S级出率70%</color>	占S级出率	70%	Assets/Product/Texture/Image/UiDrawLog/UiDrawLog22.png	Assets/Product/Texture/Image/UiDrawLog/UiDrawLog23.png									
1475	9930	<color=#26bbf9>占S级出率70%</color>	占S级出率	70%	Assets/Product/Texture/Image/UiDrawLog/UiDrawLog22.png	Assets/Product/Texture/Image/UiDrawLog/UiDrawLog23.png									
1476	9920	<color=#26bbf9>占S级出率70%</color>	占S级出率	70%	Assets/Product/Texture/Image/UiDrawLog/UiDrawLog22.png	Assets/Product/Texture/Image/UiDrawLog/UiDrawLog23.png									
1477	9910	<color=#26bbf9>占S级出率70%</color>	占S级出率	70%	Assets/Product/Texture/Image/UiDrawLog/UiDrawLog22.png	Assets/Product/Texture/Image/UiDrawLog/UiDrawLog23.png									
1478	10000	<color=#ff8d1e>占S级出率100%</color>	占S级出率	100%	Assets/Product/Texture/Image/UiDrawLog/UiDrawLog22.png	Assets/Product/Texture/Image/UiDrawLog/UiDrawLog23.png									
1479	9990	<color=#26bbf9>占S级出率70%</color>	占S级出率	70%	Assets/Product/Texture/Image/UiDrawLog/UiDrawLog22.png	Assets/Product/Texture/Image/UiDrawLog/UiDrawLog23.png									
1480	9980	<color=#26bbf9>占S级出率70%</color>	占S级出率	70%	Assets/Product/Texture/Image/UiDrawLog/UiDrawLog22.png	Assets/Product/Texture/Image/UiDrawLog/UiDrawLog23.png									
1481	9970	<color=#26bbf9>占S级出率70%</color>	占S级出率	70%	Assets/Product/Texture/Image/UiDrawLog/UiDrawLog22.png	Assets/Product/Texture/Image/UiDrawLog/UiDrawLog23.png									
1482	9960	<color=#26bbf9>占S级出率70%</color>	占S级出率	70%	Assets/Product/Texture/Image/UiDrawLog/UiDrawLog22.png	Assets/Product/Texture/Image/UiDrawLog/UiDrawLog23.png									
1483	9950	<color=#26bbf9>占S级出率70%</color>	占S级出率	70%	Assets/Product/Texture/Image/UiDrawLog/UiDrawLog22.png	Assets/Product/Texture/Image/UiDrawLog/UiDrawLog23.png									
1484	9940	<color=#26bbf9>占S级出率70%</color>	占S级出率	70%	Assets/Product/Texture/Image/UiDrawLog/UiDrawLog22.png	Assets/Product/Texture/Image/UiDrawLog/UiDrawLog23.png									
1485	9930	<color=#26bbf9>占S级出率70%</color>	占S级出率	70%	Assets/Product/Texture/Image/UiDrawLog/UiDrawLog22.png	Assets/Product/Texture/Image/UiDrawLog/UiDrawLog23.png									
1486	9920	<color=#26bbf9>占S级出率70%</color>	占S级出率	70%	Assets/Product/Texture/Image/UiDrawLog/UiDrawLog22.png	Assets/Product/Texture/Image/UiDrawLog/UiDrawLog23.png									
1487	9910	<color=#26bbf9>占S级出率70%</color>	占S级出率	70%	Assets/Product/Texture/Image/UiDrawLog/UiDrawLog22.png	Assets/Product/Texture/Image/UiDrawLog/UiDrawLog23.png									
1488	10000	<color=#ff8d1e>占S级出率100%</color>	占S级出率	100%	Assets/Product/Texture/Image/UiDrawLog/UiDrawLog22.png	Assets/Product/Texture/Image/UiDrawLog/UiDrawLog23.png									
1489	9990	<color=#26bbf9>占S级出率70%</color>	占S级出率	70%	Assets/Product/Texture/Image/UiDrawLog/UiDrawLog22.png	Assets/Product/Texture/Image/UiDrawLog/UiDrawLog23.png									
1490	9980	<color=#26bbf9>占S级出率70%</color>	占S级出率	70%	Assets/Product/Texture/Image/UiDrawLog/UiDrawLog22.png	Assets/Product/Texture/Image/UiDrawLog/UiDrawLog23.png									
1491	9970	<color=#26bbf9>占S级出率70%</color>	占S级出率	70%	Assets/Product/Texture/Image/UiDrawLog/UiDrawLog22.png	Assets/Product/Texture/Image/UiDrawLog/UiDrawLog23.png									
1492	9960	<color=#26bbf9>占S级出率70%</color>	占S级出率	70%	Assets/Product/Texture/Image/UiDrawLog/UiDrawLog22.png	Assets/Product/Texture/Image/UiDrawLog/UiDrawLog23.png									
1493	9950	<color=#26bbf9>占S级出率70%</color>	占S级出率	70%	Assets/Product/Texture/Image/UiDrawLog/UiDrawLog22.png	Assets/Product/Texture/Image/UiDrawLog/UiDrawLog23.png									
1494	9940	<color=#26bbf9>占S级出率70%</color>	占S级出率	70%	Assets/Product/Texture/Image/UiDrawLog/UiDrawLog22.png	Assets/Product/Texture/Image/UiDrawLog/UiDrawLog23.png									
1495	9930	<color=#26bbf9>占S级出率70%</color>	占S级出率	70%	Assets/Product/Texture/Image/UiDrawLog/UiDrawLog22.png	Assets/Product/Texture/Image/UiDrawLog/UiDrawLog23.png									
1496	9920	<color=#26bbf9>占S级出率70%</color>	占S级出率	70%	Assets/Product/Texture/Image/UiDrawLog/UiDrawLog22.png	Assets/Product/Texture/Image/UiDrawLog/UiDrawLog23.png									
1497	9910	<color=#26bbf9>占S级出率70%</color>	占S级出率	70%	Assets/Product/Texture/Image/UiDrawLog/UiDrawLog22.png	Assets/Product/Texture/Image/UiDrawLog/UiDrawLog23.png									
1498	9900	<color=#ff8d1e>占S级出率100%</color>	占S级出率	100%	Assets/Product/Texture/Image/UiDrawLog/UiDrawLog22.png	Assets/Product/Texture/Image/UiDrawLog/UiDrawLog23.png									
2024	10000	<color=#26bbf9>占S级出率70%</color>	占S级出率	70%	Assets/Product/Texture/Image/UiDrawLog/UiDrawLog22.png	Assets/Product/Texture/Image/UiDrawLog/UiDrawLog23.png									
2025	9990	<color=#26bbf9>占S级出率70%</color>	占S级出率	70%	Assets/Product/Texture/Image/UiDrawLog/UiDrawLog22.png	Assets/Product/Texture/Image/UiDrawLog/UiDrawLog23.png									
2026	9980	<color=#26bbf9>占S级出率70%</color>	占S级出率	70%	Assets/Product/Texture/Image/UiDrawLog/UiDrawLog22.png	Assets/Product/Texture/Image/UiDrawLog/UiDrawLog23.png									
2027	9970	<color=#26bbf9>占S级出率70%</color>	占S级出率	70%	Assets/Product/Texture/Image/UiDrawLog/UiDrawLog22.png	Assets/Product/Texture/Image/UiDrawLog/UiDrawLog23.png									
2028	9960	<color=#26bbf9>占S级出率70%</color>	占S级出率	70%	Assets/Product/Texture/Image/UiDrawLog/UiDrawLog22.png	Assets/Product/Texture/Image/UiDrawLog/UiDrawLog23.png									
2029	9950	<color=#26bbf9>占S级出率70%</color>	占S级出率	70%	Assets/Product/Texture/Image/UiDrawLog/UiDrawLog22.png	Assets/Product/Texture/Image/UiDrawLog/UiDrawLog23.png									
2031	10000	<color=#26bbf9>占S级出率70%</color>	占S级出率	70%	Assets/Product/Texture/Image/UiDrawLog/UiDrawLog22.png	Assets/Product/Texture/Image/UiDrawLog/UiDrawLog23.png									
2032	9990	<color=#26bbf9>占S级出率70%</color>	占S级出率	70%	Assets/Product/Texture/Image/UiDrawLog/UiDrawLog22.png	Assets/Product/Texture/Image/UiDrawLog/UiDrawLog23.png									
2033	9980	<color=#26bbf9>占S级出率70%</color>	占S级出率	70%	Assets/Product/Texture/Image/UiDrawLog/UiDrawLog22.png	Assets/Product/Texture/Image/UiDrawLog/UiDrawLog23.png									
2034	9970	<color=#26bbf9>占S级出率70%</color>	占S级出率	70%	Assets/Product/Texture/Image/UiDrawLog/UiDrawLog22.png	Assets/Product/Texture/Image/UiDrawLog/UiDrawLog23.png									
2035	9960	<color=#26bbf9>占S级出率70%</color>	占S级出率	70%	Assets/Product/Texture/Image/UiDrawLog/UiDrawLog22.png	Assets/Product/Texture/Image/UiDrawLog/UiDrawLog23.png									
2036	9950	<color=#26bbf9>占S级出率70%</color>	占S级出率	70%	Assets/Product/Texture/Image/UiDrawLog/UiDrawLog22.png	Assets/Product/Texture/Image/UiDrawLog/UiDrawLog23.png									
2037	10000	<color=#26bbf9>占S级出率70%</color>	占S级出率	70%	Assets/Product/Texture/Image/UiDrawLog/UiDrawLog22.png	Assets/Product/Texture/Image/UiDrawLog/UiDrawLog23.png									
2038	9990	<color=#26bbf9>占S级出率70%</color>	占S级出率	70%	Assets/Product/Texture/Image/UiDrawLog/UiDrawLog22.png	Assets/Product/Texture/Image/UiDrawLog/UiDrawLog23.png									
2039	9980	<color=#26bbf9>占S级出率70%</color>	占S级出率	70%	Assets/Product/Texture/Image/UiDrawLog/UiDrawLog22.png	Assets/Product/Texture/Image/UiDrawLog/UiDrawLog23.png									
2040	9970	<color=#26bbf9>占S级出率70%</color>	占S级出率	70%	Assets/Product/Texture/Image/UiDrawLog/UiDrawLog22.png	Assets/Product/Texture/Image/UiDrawLog/UiDrawLog23.png									
2041	9960	<color=#26bbf9>占S级出率70%</color>	占S级出率	70%	Assets/Product/Texture/Image/UiDrawLog/UiDrawLog22.png	Assets/Product/Texture/Image/UiDrawLog/UiDrawLog23.png									
2042	9950	<color=#26bbf9>占S级出率70%</color>	占S级出率	70%	Assets/Product/Texture/Image/UiDrawLog/UiDrawLog22.png	Assets/Product/Texture/Image/UiDrawLog/UiDrawLog23.png									
2044	10000	<color=#26bbf9>占S级出率70%</color>	占S级出率	70%	Assets/Product/Texture/Image/UiDrawLog/UiDrawLog22.png	Assets/Product/Texture/Image/UiDrawLog/UiDrawLog23.png									
2045	9990	<color=#26bbf9>占S级出率70%</color>	占S级出率	70%	Assets/Product/Texture/Image/UiDrawLog/UiDrawLog22.png	Assets/Product/Texture/Image/UiDrawLog/UiDrawLog23.png									
2046	9980	<color=#26bbf9>占S级出率70%</color>	占S级出率	70%	Assets/Product/Texture/Image/UiDrawLog/UiDrawLog22.png	Assets/Product/Texture/Image/UiDrawLog/UiDrawLog23.png									
2047	9970	<color=#26bbf9>占S级出率70%</color>	占S级出率	70%	Assets/Product/Texture/Image/UiDrawLog/UiDrawLog22.png	Assets/Product/Texture/Image/UiDrawLog/UiDrawLog23.png									
2048	9960	<color=#26bbf9>占S级出率70%</color>	占S级出率	70%	Assets/Product/Texture/Image/UiDrawLog/UiDrawLog22.png	Assets/Product/Texture/Image/UiDrawLog/UiDrawLog23.png									
2049	9950	<color=#26bbf9>占S级出率70%</color>	占S级出率	70%	Assets/Product/Texture/Image/UiDrawLog/UiDrawLog22.png	Assets/Product/Texture/Image/UiDrawLog/UiDrawLog23.png									
2050	9940	<color=#26bbf9>占S级出率70%</color>	占S级出率	70%	Assets/Product/Texture/Image/UiDrawLog/UiDrawLog22.png	Assets/Product/Texture/Image/UiDrawLog/UiDrawLog23.png									
2051	9930	<color=#26bbf9>占S级出率70%</color>	占S级出率	70%	Assets/Product/Texture/Image/UiDrawLog/UiDrawLog22.png	Assets/Product/Texture/Image/UiDrawLog/UiDrawLog23.png									
2052	9920	<color=#26bbf9>占S级出率70%</color>	占S级出率	70%	Assets/Product/Texture/Image/UiDrawLog/UiDrawLog22.png	Assets/Product/Texture/Image/UiDrawLog/UiDrawLog23.png									
2053	9910	<color=#26bbf9>占S级出率70%</color>	占S级出率	70%	Assets/Product/Texture/Image/UiDrawLog/UiDrawLog22.png	Assets/Product/Texture/Image/UiDrawLog/UiDrawLog23.png									
2055	9900	<color=#26bbf9>占S级出率70%</color>	占S级出率	70%	Assets/Product/Texture/Image/UiDrawLog/UiDrawLog22.png	Assets/Product/Texture/Image/UiDrawLog/UiDrawLog23.png									
2056	9890	<color=#26bbf9>占S级出率70%</color>	占S级出率	70%	Assets/Product/Texture/Image/UiDrawLog/UiDrawLog22.png	Assets/Product/Texture/Image/UiDrawLog/UiDrawLog23.png									
2057	9880	<color=#26bbf9>占S级出率70%</color>	占S级出率	70%	Assets/Product/Texture/Image/UiDrawLog/UiDrawLog22.png	Assets/Product/Texture/Image/UiDrawLog/UiDrawLog23.png									
2058	9870	<color=#26bbf9>占S级出率70%</color>	占S级出率	70%	Assets/Product/Texture/Image/UiDrawLog/UiDrawLog22.png	Assets/Product/Texture/Image/UiDrawLog/UiDrawLog23.png									
2059	9860	<color=#26bbf9>占S级出率70%</color>	占S级出率	70%	Assets/Product/Texture/Image/UiDrawLog/UiDrawLog22.png	Assets/Product/Texture/Image/UiDrawLog/UiDrawLog23.png									
2060	9850	<color=#26bbf9>占S级出率70%</color>	占S级出率	70%	Assets/Product/Texture/Image/UiDrawLog/UiDrawLog22.png	Assets/Product/Texture/Image/UiDrawLog/UiDrawLog23.png									
2061	9840	<color=#26bbf9>占S级出率70%</color>	占S级出率	70%	Assets/Product/Texture/Image/UiDrawLog/UiDrawLog22.png	Assets/Product/Texture/Image/UiDrawLog/UiDrawLog23.png									
2062	9830	<color=#26bbf9>占S级出率70%</color>	占S级出率	70%	Assets/Product/Texture/Image/UiDrawLog/UiDrawLog22.png	Assets/Product/Texture/Image/UiDrawLog/UiDrawLog23.png									
2063	9820	<color=#26bbf9>占S级出率70%</color>	占S级出率	70%	Assets/Product/Texture/Image/UiDrawLog/UiDrawLog22.png	Assets/Product/Texture/Image/UiDrawLog/UiDrawLog23.png									
2064	9810	<color=#26bbf9>占S级出率70%</color>	占S级出率	70%	Assets/Product/Texture/Image/UiDrawLog/UiDrawLog22.png	Assets/Product/Texture/Image/UiDrawLog/UiDrawLog23.png									
2065	9800	<color=#26bbf9>占S级出率70%</color>	占S级出率	70%	Assets/Product/Texture/Image/UiDrawLog/UiDrawLog22.png	Assets/Product/Texture/Image/UiDrawLog/UiDrawLog23.png									
2066	9790	<color=#26bbf9>占S级出率70%</color>	占S级出率	70%	Assets/Product/Texture/Image/UiDrawLog/UiDrawLog22.png	Assets/Product/Texture/Image/UiDrawLog/UiDrawLog23.png									
2067	9780	<color=#ff8d1e>占S级出率100%</color>	占S级出率	100%	Assets/Product/Texture/Image/UiDrawLog/UiDrawLog22.png	Assets/Product/Texture/Image/UiDrawLog/UiDrawLog23.png									
2068	9770	<color=#26bbf9>占S级出率70%</color>	占S级出率	70%	Assets/Product/Texture/Image/UiDrawLog/UiDrawLog22.png	Assets/Product/Texture/Image/UiDrawLog/UiDrawLog23.png									
2069	9760	<color=#26bbf9>占S级出率70%</color>	占S级出率	70%	Assets/Product/Texture/Image/UiDrawLog/UiDrawLog22.png	Assets/Product/Texture/Image/UiDrawLog/UiDrawLog23.png									
2070	9750	<color=#26bbf9>占S级出率70%</color>	占S级出率	70%	Assets/Product/Texture/Image/UiDrawLog/UiDrawLog22.png	Assets/Product/Texture/Image/UiDrawLog/UiDrawLog23.png									
2071	9740	<color=#26bbf9>占S级出率70%</color>	占S级出率	70%	Assets/Product/Texture/Image/UiDrawLog/UiDrawLog22.png	Assets/Product/Texture/Image/UiDrawLog/UiDrawLog23.png									
2072	9730	<color=#26bbf9>占S级出率70%</color>	占S级出率	70%	Assets/Product/Texture/Image/UiDrawLog/UiDrawLog22.png	Assets/Product/Texture/Image/UiDrawLog/UiDrawLog23.png									
2073	9720	<color=#26bbf9>占S级出率70%</color>	占S级出率	70%	Assets/Product/Texture/Image/UiDrawLog/UiDrawLog22.png	Assets/Product/Texture/Image/UiDrawLog/UiDrawLog23.png									
2074	9650	<color=#26bbf9>占S级出率70%</color>	占S级出率	70%	Assets/Product/Texture/Image/UiDrawLog/UiDrawLog22.png	Assets/Product/Texture/Image/UiDrawLog/UiDrawLog23.png									
2075	9640	<color=#26bbf9>占S级出率70%</color>	占S级出率	70%	Assets/Product/Texture/Image/UiDrawLog/UiDrawLog22.png	Assets/Product/Texture/Image/UiDrawLog/UiDrawLog23.png									
2076	9630	<color=#26bbf9>占S级出率70%</color>	占S级出率	70%	Assets/Product/Texture/Image/UiDrawLog/UiDrawLog22.png	Assets/Product/Texture/Image/UiDrawLog/UiDrawLog23.png									
2077	9620	<color=#26bbf9>占S级出率70%</color>	占S级出率	70%	Assets/Product/Texture/Image/UiDrawLog/UiDrawLog22.png	Assets/Product/Texture/Image/UiDrawLog/UiDrawLog23.png									
2078	9610	<color=#26bbf9>占S级出率70%</color>	占S级出率	70%	Assets/Product/Texture/Image/UiDrawLog/UiDrawLog22.png	Assets/Product/Texture/Image/UiDrawLog/UiDrawLog23.png									
2079	9600	<color=#26bbf9>占S级出率70%</color>	占S级出率	70%	Assets/Product/Texture/Image/UiDrawLog/UiDrawLog22.png	Assets/Product/Texture/Image/UiDrawLog/UiDrawLog23.png									
2080	10000	<color=#ff8d1e>占S级出率100%</color>	占S级出率	100%	Assets/Product/Texture/Image/UiDrawLog/UiDrawLog22.png	Assets/Product/Texture/Image/UiDrawLog/UiDrawLog23.png									
2081	10000	<color=#26bbf9>占S级出率70%</color>	占S级出率	70%	Assets/Product/Texture/Image/UiDrawLog/UiDrawLog22.png	Assets/Product/Texture/Image/UiDrawLog/UiDrawLog23.png									
2082	9990	<color=#26bbf9>占S级出率70%</color>	占S级出率	70%	Assets/Product/Texture/Image/UiDrawLog/UiDrawLog22.png	Assets/Product/Texture/Image/UiDrawLog/UiDrawLog23.png									
2083	9980	<color=#26bbf9>占S级出率70%</color>	占S级出率	70%	Assets/Product/Texture/Image/UiDrawLog/UiDrawLog22.png	Assets/Product/Texture/Image/UiDrawLog/UiDrawLog23.png									
2084	9970	<color=#26bbf9>占S级出率70%</color>	占S级出率	70%	Assets/Product/Texture/Image/UiDrawLog/UiDrawLog22.png	Assets/Product/Texture/Image/UiDrawLog/UiDrawLog23.png									
2085	9960	<color=#26bbf9>占S级出率70%</color>	占S级出率	70%	Assets/Product/Texture/Image/UiDrawLog/UiDrawLog22.png	Assets/Product/Texture/Image/UiDrawLog/UiDrawLog23.png									
2086	9950	<color=#26bbf9>占S级出率70%</color>	占S级出率	70%	Assets/Product/Texture/Image/UiDrawLog/UiDrawLog22.png	Assets/Product/Texture/Image/UiDrawLog/UiDrawLog23.png									
2087	10000	<color=#26bbf9>占S级出率70%</color>	占S级出率	70%	Assets/Product/Texture/Image/UiDrawLog/UiDrawLog22.png	Assets/Product/Texture/Image/UiDrawLog/UiDrawLog23.png									
2088	9990	<color=#26bbf9>占S级出率70%</color>	占S级出率	70%	Assets/Product/Texture/Image/UiDrawLog/UiDrawLog22.png	Assets/Product/Texture/Image/UiDrawLog/UiDrawLog23.png									
2089	9980	<color=#26bbf9>占S级出率70%</color>	占S级出率	70%	Assets/Product/Texture/Image/UiDrawLog/UiDrawLog22.png	Assets/Product/Texture/Image/UiDrawLog/UiDrawLog23.png									
2090	9970	<color=#26bbf9>占S级出率70%</color>	占S级出率	70%	Assets/Product/Texture/Image/UiDrawLog/UiDrawLog22.png	Assets/Product/Texture/Image/UiDrawLog/UiDrawLog23.png									
2091	9960	<color=#26bbf9>占S级出率70%</color>	占S级出率	70%	Assets/Product/Texture/Image/UiDrawLog/UiDrawLog22.png	Assets/Product/Texture/Image/UiDrawLog/UiDrawLog23.png									
2092	9950	<color=#26bbf9>占S级出率70%</color>	占S级出率	70%	Assets/Product/Texture/Image/UiDrawLog/UiDrawLog22.png	Assets/Product/Texture/Image/UiDrawLog/UiDrawLog23.png									
2093	9940	<color=#26bbf9>占S级出率70%</color>	占S级出率	70%	Assets/Product/Texture/Image/UiDrawLog/UiDrawLog22.png	Assets/Product/Texture/Image/UiDrawLog/UiDrawLog23.png									
2094	9930	<color=#26bbf9>占S级出率70%</color>	占S级出率	70%	Assets/Product/Texture/Image/UiDrawLog/UiDrawLog22.png	Assets/Product/Texture/Image/UiDrawLog/UiDrawLog23.png									
2095	10000	<color=#ff8d1e>占S级出率100%</color>	占S级出率	100%	Assets/Product/Texture/Image/UiDrawLog/UiDrawLog22.png	Assets/Product/Texture/Image/UiDrawLog/UiDrawLog23.png									
2096	10000	<color=#26bbf9>占S级出率70%</color>	占S级出率	70%	Assets/Product/Texture/Image/UiDrawLog/UiDrawLog22.png	Assets/Product/Texture/Image/UiDrawLog/UiDrawLog23.png									
2097	9990	<color=#26bbf9>占S级出率70%</color>	占S级出率	70%	Assets/Product/Texture/Image/UiDrawLog/UiDrawLog22.png	Assets/Product/Texture/Image/UiDrawLog/UiDrawLog23.png									
2098	9980	<color=#26bbf9>占S级出率70%</color>	占S级出率	70%	Assets/Product/Texture/Image/UiDrawLog/UiDrawLog22.png	Assets/Product/Texture/Image/UiDrawLog/UiDrawLog23.png									
2099	9970	<color=#26bbf9>占S级出率70%</color>	占S级出率	70%	Assets/Product/Texture/Image/UiDrawLog/UiDrawLog22.png	Assets/Product/Texture/Image/UiDrawLog/UiDrawLog23.png									
2100	9960	<color=#26bbf9>占S级出率70%</color>	占S级出率	70%	Assets/Product/Texture/Image/UiDrawLog/UiDrawLog22.png	Assets/Product/Texture/Image/UiDrawLog/UiDrawLog23.png									
2101	9950	<color=#26bbf9>占S级出率70%</color>	占S级出率	70%	Assets/Product/Texture/Image/UiDrawLog/UiDrawLog22.png	Assets/Product/Texture/Image/UiDrawLog/UiDrawLog23.png									
2102	10000	<color=#ff8d1e>占S级出率100%</color>	占S级出率	100%	Assets/Product/Texture/Image/UiDrawLog/UiDrawLog22.png	Assets/Product/Texture/Image/UiDrawLog/UiDrawLog23.png									
2103	10000	<color=#26bbf9>占S级出率70%</color>	占S级出率	70%	Assets/Product/Texture/Image/UiDrawLog/UiDrawLog22.png	Assets/Product/Texture/Image/UiDrawLog/UiDrawLog23.png									
2104	9990	<color=#26bbf9>占S级出率70%</color>	占S级出率	70%	Assets/Product/Texture/Image/UiDrawLog/UiDrawLog22.png	Assets/Product/Texture/Image/UiDrawLog/UiDrawLog23.png									
2105	10000	<color=#26bbf9>占S级出率70%</color>	占S级出率	70%	Assets/Product/Texture/Image/UiDrawLog/UiDrawLog22.png	Assets/Product/Texture/Image/UiDrawLog/UiDrawLog23.png									
2106	9990	<color=#26bbf9>占S级出率70%</color>	占S级出率	70%	Assets/Product/Texture/Image/UiDrawLog/UiDrawLog22.png	Assets/Product/Texture/Image/UiDrawLog/UiDrawLog23.png									
2107	9980	<color=#26bbf9>占S级出率70%</color>	占S级出率	70%	Assets/Product/Texture/Image/UiDrawLog/UiDrawLog22.png	Assets/Product/Texture/Image/UiDrawLog/UiDrawLog23.png									
2108	9970	<color=#26bbf9>占S级出率70%</color>	占S级出率	70%	Assets/Product/Texture/Image/UiDrawLog/UiDrawLog22.png	Assets/Product/Texture/Image/UiDrawLog/UiDrawLog23.png									
2109	9960	<color=#26bbf9>占S级出率70%</color>	占S级出率	70%	Assets/Product/Texture/Image/UiDrawLog/UiDrawLog22.png	Assets/Product/Texture/Image/UiDrawLog/UiDrawLog23.png									
2110	9950	<color=#26bbf9>占S级出率70%</color>	占S级出率	70%	Assets/Product/Texture/Image/UiDrawLog/UiDrawLog22.png	Assets/Product/Texture/Image/UiDrawLog/UiDrawLog23.png									
2111	9940	<color=#26bbf9>占S级出率70%</color>	占S级出率	70%	Assets/Product/Texture/Image/UiDrawLog/UiDrawLog22.png	Assets/Product/Texture/Image/UiDrawLog/UiDrawLog23.png									
2112	9930	<color=#26bbf9>占S级出率70%</color>	占S级出率	70%	Assets/Product/Texture/Image/UiDrawLog/UiDrawLog22.png	Assets/Product/Texture/Image/UiDrawLog/UiDrawLog23.png									
2113	9920	<color=#26bbf9>占S级出率70%</color>	占S级出率	70%	Assets/Product/Texture/Image/UiDrawLog/UiDrawLog22.png	Assets/Product/Texture/Image/UiDrawLog/UiDrawLog23.png									
2114	10000	<color=#ff8d1e>占S级出率100%</color>	占S级出率	100%	Assets/Product/Texture/Image/UiDrawLog/UiDrawLog22.png	Assets/Product/Texture/Image/UiDrawLog/UiDrawLog23.png									
2115	10000	<color=#26bbf9>占S级出率70%</color>	占S级出率	70%	Assets/Product/Texture/Image/UiDrawLog/UiDrawLog22.png	Assets/Product/Texture/Image/UiDrawLog/UiDrawLog23.png									
2116	9990	<color=#26bbf9>占S级出率70%</color>	占S级出率	70%	Assets/Product/Texture/Image/UiDrawLog/UiDrawLog22.png	Assets/Product/Texture/Image/UiDrawLog/UiDrawLog23.png									
2117	9980	<color=#26bbf9>占S级出率70%</color>	占S级出率	70%	Assets/Product/Texture/Image/UiDrawLog/UiDrawLog22.png	Assets/Product/Texture/Image/UiDrawLog/UiDrawLog23.png									
2118	9970	<color=#26bbf9>占S级出率70%</color>	占S级出率	70%	Assets/Product/Texture/Image/UiDrawLog/UiDrawLog22.png	Assets/Product/Texture/Image/UiDrawLog/UiDrawLog23.png									
2119	9960	<color=#26bbf9>占S级出率70%</color>	占S级出率	70%	Assets/Product/Texture/Image/UiDrawLog/UiDrawLog22.png	Assets/Product/Texture/Image/UiDrawLog/UiDrawLog23.png									
2120	9950	<color=#26bbf9>占S级出率70%</color>	占S级出率	70%	Assets/Product/Texture/Image/UiDrawLog/UiDrawLog22.png	Assets/Product/Texture/Image/UiDrawLog/UiDrawLog23.png									
2121	9940	<color=#26bbf9>占S级出率70%</color>	占S级出率	70%	Assets/Product/Texture/Image/UiDrawLog/UiDrawLog22.png	Assets/Product/Texture/Image/UiDrawLog/UiDrawLog23.png									
2122	9930	<color=#26bbf9>占S级出率70%</color>	占S级出率	70%	Assets/Product/Texture/Image/UiDrawLog/UiDrawLog22.png	Assets/Product/Texture/Image/UiDrawLog/UiDrawLog23.png									
2123	9920	<color=#26bbf9>占S级出率70%</color>	占S级出率	70%	Assets/Product/Texture/Image/UiDrawLog/UiDrawLog22.png	Assets/Product/Texture/Image/UiDrawLog/UiDrawLog23.png									
2124	10000	<color=#26bbf9>占S级出率70%</color>	占S级出率	70%	Assets/Product/Texture/Image/UiDrawLog/UiDrawLog22.png	Assets/Product/Texture/Image/UiDrawLog/UiDrawLog23.png									
2125	9990	<color=#26bbf9>占S级出率70%</color>	占S级出率	70%	Assets/Product/Texture/Image/UiDrawLog/UiDrawLog22.png	Assets/Product/Texture/Image/UiDrawLog/UiDrawLog23.png									
2126	9980	<color=#26bbf9>占S级出率70%</color>	占S级出率	70%	Assets/Product/Texture/Image/UiDrawLog/UiDrawLog22.png	Assets/Product/Texture/Image/UiDrawLog/UiDrawLog23.png									
2127	9970	<color=#26bbf9>占S级出率70%</color>	占S级出率	70%	Assets/Product/Texture/Image/UiDrawLog/UiDrawLog22.png	Assets/Product/Texture/Image/UiDrawLog/UiDrawLog23.png									
2128	9960	<color=#26bbf9>占S级出率70%</color>	占S级出率	70%	Assets/Product/Texture/Image/UiDrawLog/UiDrawLog22.png	Assets/Product/Texture/Image/UiDrawLog/UiDrawLog23.png									
2129	9950	<color=#26bbf9>占S级出率70%</color>	占S级出率	70%	Assets/Product/Texture/Image/UiDrawLog/UiDrawLog22.png	Assets/Product/Texture/Image/UiDrawLog/UiDrawLog23.png									
2130	9940	<color=#26bbf9>占S级出率70%</color>	占S级出率	70%	Assets/Product/Texture/Image/UiDrawLog/UiDrawLog22.png	Assets/Product/Texture/Image/UiDrawLog/UiDrawLog23.png									
2131	9930	<color=#26bbf9>占S级出率70%</color>	占S级出率	70%	Assets/Product/Texture/Image/UiDrawLog/UiDrawLog22.png	Assets/Product/Texture/Image/UiDrawLog/UiDrawLog23.png									
2132	9920	<color=#26bbf9>占S级出率70%</color>	占S级出率	70%	Assets/Product/Texture/Image/UiDrawLog/UiDrawLog22.png	Assets/Product/Texture/Image/UiDrawLog/UiDrawLog23.png									
2133	10000	<color=#ff8d1e>占S级出率100%</color>	占S级出率	100%	Assets/Product/Texture/Image/UiDrawLog/UiDrawLog22.png	Assets/Product/Texture/Image/UiDrawLog/UiDrawLog23.png									
2134	10000	<color=#26bbf9>占S级出率70%</color>	占S级出率	70%	Assets/Product/Texture/Image/UiDrawLog/UiDrawLog22.png	Assets/Product/Texture/Image/UiDrawLog/UiDrawLog23.png									
2135	9990	<color=#26bbf9>占S级出率70%</color>	占S级出率	70%	Assets/Product/Texture/Image/UiDrawLog/UiDrawLog22.png	Assets/Product/Texture/Image/UiDrawLog/UiDrawLog23.png									
2136	9980	<color=#26bbf9>占S级出率70%</color>	占S级出率	70%	Assets/Product/Texture/Image/UiDrawLog/UiDrawLog22.png	Assets/Product/Texture/Image/UiDrawLog/UiDrawLog23.png									
2137	9970	<color=#26bbf9>占S级出率70%</color>	占S级出率	70%	Assets/Product/Texture/Image/UiDrawLog/UiDrawLog22.png	Assets/Product/Texture/Image/UiDrawLog/UiDrawLog23.png									
2138	9960	<color=#26bbf9>占S级出率70%</color>	占S级出率	70%	Assets/Product/Texture/Image/UiDrawLog/UiDrawLog22.png	Assets/Product/Texture/Image/UiDrawLog/UiDrawLog23.png									
2139	9950	<color=#26bbf9>占S级出率70%</color>	占S级出率	70%	Assets/Product/Texture/Image/UiDrawLog/UiDrawLog22.png	Assets/Product/Texture/Image/UiDrawLog/UiDrawLog23.png									
2140	9940	<color=#26bbf9>占S级出率70%</color>	占S级出率	70%	Assets/Product/Texture/Image/UiDrawLog/UiDrawLog22.png	Assets/Product/Texture/Image/UiDrawLog/UiDrawLog23.png									
2141	9930	<color=#26bbf9>占S级出率70%</color>	占S级出率	70%	Assets/Product/Texture/Image/UiDrawLog/UiDrawLog22.png	Assets/Product/Texture/Image/UiDrawLog/UiDrawLog23.png									
2142	9920	<color=#26bbf9>占S级出率70%</color>	占S级出率	70%	Assets/Product/Texture/Image/UiDrawLog/UiDrawLog22.png	Assets/Product/Texture/Image/UiDrawLog/UiDrawLog23.png									
2143	10000	<color=#26bbf9>占S级出率70%</color>	占S级出率	70%	Assets/Product/Texture/Image/UiDrawLog/UiDrawLog22.png	Assets/Product/Texture/Image/UiDrawLog/UiDrawLog23.png									
2144	9990	<color=#26bbf9>占S级出率70%</color>	占S级出率	70%	Assets/Product/Texture/Image/UiDrawLog/UiDrawLog22.png	Assets/Product/Texture/Image/UiDrawLog/UiDrawLog23.png									
2145	9980	<color=#26bbf9>占S级出率70%</color>	占S级出率	70%	Assets/Product/Texture/Image/UiDrawLog/UiDrawLog22.png	Assets/Product/Texture/Image/UiDrawLog/UiDrawLog23.png									
2146	9970	<color=#26bbf9>占S级出率70%</color>	占S级出率	70%	Assets/Product/Texture/Image/UiDrawLog/UiDrawLog22.png	Assets/Product/Texture/Image/UiDrawLog/UiDrawLog23.png									
2147	9960	<color=#26bbf9>占S级出率70%</color>	占S级出率	70%	Assets/Product/Texture/Image/UiDrawLog/UiDrawLog22.png	Assets/Product/Texture/Image/UiDrawLog/UiDrawLog23.png									
2148	9950	<color=#26bbf9>占S级出率70%</color>	占S级出率	70%	Assets/Product/Texture/Image/UiDrawLog/UiDrawLog22.png	Assets/Product/Texture/Image/UiDrawLog/UiDrawLog23.png									
2149	9940	<color=#26bbf9>占S级出率70%</color>	占S级出率	70%	Assets/Product/Texture/Image/UiDrawLog/UiDrawLog22.png	Assets/Product/Texture/Image/UiDrawLog/UiDrawLog23.png									
2150	9930	<color=#26bbf9>占S级出率70%</color>	占S级出率	70%	Assets/Product/Texture/Image/UiDrawLog/UiDrawLog22.png	Assets/Product/Texture/Image/UiDrawLog/UiDrawLog23.png									
2151	9920	<color=#26bbf9>占S级出率70%</color>	占S级出率	70%	Assets/Product/Texture/Image/UiDrawLog/UiDrawLog22.png	Assets/Product/Texture/Image/UiDrawLog/UiDrawLog23.png									
2152	10000	<color=#ff8d1e>占S级出率100%</color>	占S级出率	100%	Assets/Product/Texture/Image/UiDrawLog/UiDrawLog22.png	Assets/Product/Texture/Image/UiDrawLog/UiDrawLog23.png									
2153	10000	<color=#26bbf9>占S级出率70%</color>	占S级出率	70%	Assets/Product/Texture/Image/UiDrawLog/UiDrawLog22.png	Assets/Product/Texture/Image/UiDrawLog/UiDrawLog23.png									
2154	9990	<color=#26bbf9>占S级出率70%</color>	占S级出率	70%	Assets/Product/Texture/Image/UiDrawLog/UiDrawLog22.png	Assets/Product/Texture/Image/UiDrawLog/UiDrawLog23.png									
2155	9980	<color=#26bbf9>占S级出率70%</color>	占S级出率	70%	Assets/Product/Texture/Image/UiDrawLog/UiDrawLog22.png	Assets/Product/Texture/Image/UiDrawLog/UiDrawLog23.png									
2156	9970	<color=#26bbf9>占S级出率70%</color>	占S级出率	70%	Assets/Product/Texture/Image/UiDrawLog/UiDrawLog22.png	Assets/Product/Texture/Image/UiDrawLog/UiDrawLog23.png									
2157	9960	<color=#26bbf9>占S级出率70%</color>	占S级出率	70%	Assets/Product/Texture/Image/UiDrawLog/UiDrawLog22.png	Assets/Product/Texture/Image/UiDrawLog/UiDrawLog23.png									
2158	9950	<color=#26bbf9>占S级出率70%</color>	占S级出率	70%	Assets/Product/Texture/Image/UiDrawLog/UiDrawLog22.png	Assets/Product/Texture/Image/UiDrawLog/UiDrawLog23.png									
2159	9940	<color=#26bbf9>占S级出率70%</color>	占S级出率	70%	Assets/Product/Texture/Image/UiDrawLog/UiDrawLog22.png	Assets/Product/Texture/Image/UiDrawLog/UiDrawLog23.png									
2160	9930	<color=#26bbf9>占S级出率70%</color>	占S级出率	70%	Assets/Product/Texture/Image/UiDrawLog/UiDrawLog22.png	Assets/Product/Texture/Image/UiDrawLog/UiDrawLog23.png									
2161	9920	<color=#26bbf9>占S级出率70%</color>	占S级出率	70%	Assets/Product/Texture/Image/UiDrawLog/UiDrawLog22.png	Assets/Product/Texture/Image/UiDrawLog/UiDrawLog23.png									
2162	10000	<color=#26bbf9>占S级出率70%</color>	占S级出率	70%	Assets/Product/Texture/Image/UiDrawLog/UiDrawLog22.png	Assets/Product/Texture/Image/UiDrawLog/UiDrawLog23.png									
2163	9990	<color=#26bbf9>占S级出率70%</color>	占S级出率	70%	Assets/Product/Texture/Image/UiDrawLog/UiDrawLog22.png	Assets/Product/Texture/Image/UiDrawLog/UiDrawLog23.png									
2164	9980	<color=#26bbf9>占S级出率70%</color>	占S级出率	70%	Assets/Product/Texture/Image/UiDrawLog/UiDrawLog22.png	Assets/Product/Texture/Image/UiDrawLog/UiDrawLog23.png									
2165	9970	<color=#26bbf9>占S级出率70%</color>	占S级出率	70%	Assets/Product/Texture/Image/UiDrawLog/UiDrawLog22.png	Assets/Product/Texture/Image/UiDrawLog/UiDrawLog23.png									
2166	9960	<color=#26bbf9>占S级出率70%</color>	占S级出率	70%	Assets/Product/Texture/Image/UiDrawLog/UiDrawLog22.png	Assets/Product/Texture/Image/UiDrawLog/UiDrawLog23.png									
2167	9950	<color=#26bbf9>占S级出率70%</color>	占S级出率	70%	Assets/Product/Texture/Image/UiDrawLog/UiDrawLog22.png	Assets/Product/Texture/Image/UiDrawLog/UiDrawLog23.png									
2168	9940	<color=#26bbf9>占S级出率70%</color>	占S级出率	70%	Assets/Product/Texture/Image/UiDrawLog/UiDrawLog22.png	Assets/Product/Texture/Image/UiDrawLog/UiDrawLog23.png									
2169	9930	<color=#26bbf9>占S级出率70%</color>	占S级出率	70%	Assets/Product/Texture/Image/UiDrawLog/UiDrawLog22.png	Assets/Product/Texture/Image/UiDrawLog/UiDrawLog23.png									
2170	9920	<color=#26bbf9>占S级出率70%</color>	占S级出率	70%	Assets/Product/Texture/Image/UiDrawLog/UiDrawLog22.png	Assets/Product/Texture/Image/UiDrawLog/UiDrawLog23.png									
2171	10000	<color=#ff8d1e>占S级出率100%</color>	占S级出率	100%	Assets/Product/Texture/Image/UiDrawLog/UiDrawLog22.png	Assets/Product/Texture/Image/UiDrawLog/UiDrawLog23.png									
2172	10000	<color=#26bbf9>占S级出率70%</color>	占S级出率	70%	Assets/Product/Texture/Image/UiDrawLog/UiDrawLog22.png	Assets/Product/Texture/Image/UiDrawLog/UiDrawLog23.png									
2173	9990	<color=#26bbf9>占S级出率70%</color>	占S级出率	70%	Assets/Product/Texture/Image/UiDrawLog/UiDrawLog22.png	Assets/Product/Texture/Image/UiDrawLog/UiDrawLog23.png									
2174	9980	<color=#26bbf9>占S级出率70%</color>	占S级出率	70%	Assets/Product/Texture/Image/UiDrawLog/UiDrawLog22.png	Assets/Product/Texture/Image/UiDrawLog/UiDrawLog23.png									
2175	9970	<color=#26bbf9>占S级出率70%</color>	占S级出率	70%	Assets/Product/Texture/Image/UiDrawLog/UiDrawLog22.png	Assets/Product/Texture/Image/UiDrawLog/UiDrawLog23.png									
2176	9960	<color=#26bbf9>占S级出率70%</color>	占S级出率	70%	Assets/Product/Texture/Image/UiDrawLog/UiDrawLog22.png	Assets/Product/Texture/Image/UiDrawLog/UiDrawLog23.png									
2177	9950	<color=#26bbf9>占S级出率70%</color>	占S级出率	70%	Assets/Product/Texture/Image/UiDrawLog/UiDrawLog22.png	Assets/Product/Texture/Image/UiDrawLog/UiDrawLog23.png									
2178	9940	<color=#26bbf9>占S级出率70%</color>	占S级出率	70%	Assets/Product/Texture/Image/UiDrawLog/UiDrawLog22.png	Assets/Product/Texture/Image/UiDrawLog/UiDrawLog23.png									
2179	9930	<color=#26bbf9>占S级出率70%</color>	占S级出率	70%	Assets/Product/Texture/Image/UiDrawLog/UiDrawLog22.png	Assets/Product/Texture/Image/UiDrawLog/UiDrawLog23.png									
2180	9920	<color=#26bbf9>占S级出率70%</color>	占S级出率	70%	Assets/Product/Texture/Image/UiDrawLog/UiDrawLog22.png	Assets/Product/Texture/Image/UiDrawLog/UiDrawLog23.png									
2181	10000	<color=#ff8d1e>占S级出率100%</color>	占S级出率	100%	Assets/Product/Texture/Image/UiDrawLog/UiDrawLog22.png	Assets/Product/Texture/Image/UiDrawLog/UiDrawLog23.png									
2182	10000	<color=#26bbf9>占S级出率70%</color>	占S级出率	70%	Assets/Product/Texture/Image/UiDrawLog/UiDrawLog22.png	Assets/Product/Texture/Image/UiDrawLog/UiDrawLog23.png									
2183	9990	<color=#26bbf9>占S级出率70%</color>	占S级出率	70%	Assets/Product/Texture/Image/UiDrawLog/UiDrawLog22.png	Assets/Product/Texture/Image/UiDrawLog/UiDrawLog23.png									
2184	9980	<color=#26bbf9>占S级出率70%</color>	占S级出率	70%	Assets/Product/Texture/Image/UiDrawLog/UiDrawLog22.png	Assets/Product/Texture/Image/UiDrawLog/UiDrawLog23.png									
2185	9970	<color=#26bbf9>占S级出率70%</color>	占S级出率	70%	Assets/Product/Texture/Image/UiDrawLog/UiDrawLog22.png	Assets/Product/Texture/Image/UiDrawLog/UiDrawLog23.png									
2186	9960	<color=#26bbf9>占S级出率70%</color>	占S级出率	70%	Assets/Product/Texture/Image/UiDrawLog/UiDrawLog22.png	Assets/Product/Texture/Image/UiDrawLog/UiDrawLog23.png									
2187	9950	<color=#26bbf9>占S级出率70%</color>	占S级出率	70%	Assets/Product/Texture/Image/UiDrawLog/UiDrawLog22.png	Assets/Product/Texture/Image/UiDrawLog/UiDrawLog23.png									
2188	9940	<color=#26bbf9>占S级出率70%</color>	占S级出率	70%	Assets/Product/Texture/Image/UiDrawLog/UiDrawLog22.png	Assets/Product/Texture/Image/UiDrawLog/UiDrawLog23.png									
2189	9930	<color=#26bbf9>占S级出率70%</color>	占S级出率	70%	Assets/Product/Texture/Image/UiDrawLog/UiDrawLog22.png	Assets/Product/Texture/Image/UiDrawLog/UiDrawLog23.png									
2190	9920	<color=#26bbf9>占S级出率70%</color>	占S级出率	70%	Assets/Product/Texture/Image/UiDrawLog/UiDrawLog22.png	Assets/Product/Texture/Image/UiDrawLog/UiDrawLog23.png									
2191	10000	<color=#ff8d1e>占S级出率100%</color>	占S级出率	100%	Assets/Product/Texture/Image/UiDrawLog/UiDrawLog22.png	Assets/Product/Texture/Image/UiDrawLog/UiDrawLog23.png									
2192	10000	<color=#26bbf9>占S级出率70%</color>	占S级出率	70%	Assets/Product/Texture/Image/UiDrawLog/UiDrawLog22.png	Assets/Product/Texture/Image/UiDrawLog/UiDrawLog23.png									
2193	9990	<color=#26bbf9>占S级出率70%</color>	占S级出率	70%	Assets/Product/Texture/Image/UiDrawLog/UiDrawLog22.png	Assets/Product/Texture/Image/UiDrawLog/UiDrawLog23.png									
2194	9980	<color=#26bbf9>占S级出率70%</color>	占S级出率	70%	Assets/Product/Texture/Image/UiDrawLog/UiDrawLog22.png	Assets/Product/Texture/Image/UiDrawLog/UiDrawLog23.png									
2195	9970	<color=#26bbf9>占S级出率70%</color>	占S级出率	70%	Assets/Product/Texture/Image/UiDrawLog/UiDrawLog22.png	Assets/Product/Texture/Image/UiDrawLog/UiDrawLog23.png									
2196	9960	<color=#26bbf9>占S级出率70%</color>	占S级出率	70%	Assets/Product/Texture/Image/UiDrawLog/UiDrawLog22.png	Assets/Product/Texture/Image/UiDrawLog/UiDrawLog23.png									
2197	9950	<color=#26bbf9>占S级出率70%</color>	占S级出率	70%	Assets/Product/Texture/Image/UiDrawLog/UiDrawLog22.png	Assets/Product/Texture/Image/UiDrawLog/UiDrawLog23.png									
2198	9940	<color=#26bbf9>占S级出率70%</color>	占S级出率	70%	Assets/Product/Texture/Image/UiDrawLog/UiDrawLog22.png	Assets/Product/Texture/Image/UiDrawLog/UiDrawLog23.png									
2199	9930	<color=#26bbf9>占S级出率70%</color>	占S级出率	70%	Assets/Product/Texture/Image/UiDrawLog/UiDrawLog22.png	Assets/Product/Texture/Image/UiDrawLog/UiDrawLog23.png									
2200	9920	<color=#26bbf9>占S级出率70%</color>	占S级出率	70%	Assets/Product/Texture/Image/UiDrawLog/UiDrawLog22.png	Assets/Product/Texture/Image/UiDrawLog/UiDrawLog23.png									
2201	10000	<color=#26bbf9>占S级出率70%</color>	占S级出率	70%	Assets/Product/Texture/Image/UiDrawLog/UiDrawLog22.png	Assets/Product/Texture/Image/UiDrawLog/UiDrawLog23.png									
2202	9990	<color=#26bbf9>占S级出率70%</color>	占S级出率	70%	Assets/Product/Texture/Image/UiDrawLog/UiDrawLog22.png	Assets/Product/Texture/Image/UiDrawLog/UiDrawLog23.png									
2203	9980	<color=#26bbf9>占S级出率70%</color>	占S级出率	70%	Assets/Product/Texture/Image/UiDrawLog/UiDrawLog22.png	Assets/Product/Texture/Image/UiDrawLog/UiDrawLog23.png									
2204	9970	<color=#26bbf9>占S级出率70%</color>	占S级出率	70%	Assets/Product/Texture/Image/UiDrawLog/UiDrawLog22.png	Assets/Product/Texture/Image/UiDrawLog/UiDrawLog23.png									
2205	9960	<color=#26bbf9>占S级出率70%</color>	占S级出率	70%	Assets/Product/Texture/Image/UiDrawLog/UiDrawLog22.png	Assets/Product/Texture/Image/UiDrawLog/UiDrawLog23.png									
2206	9950	<color=#26bbf9>占S级出率70%</color>	占S级出率	70%	Assets/Product/Texture/Image/UiDrawLog/UiDrawLog22.png	Assets/Product/Texture/Image/UiDrawLog/UiDrawLog23.png									
2207	9940	<color=#26bbf9>占S级出率70%</color>	占S级出率	70%	Assets/Product/Texture/Image/UiDrawLog/UiDrawLog22.png	Assets/Product/Texture/Image/UiDrawLog/UiDrawLog23.png									
2208	9930	<color=#26bbf9>占S级出率70%</color>	占S级出率	70%	Assets/Product/Texture/Image/UiDrawLog/UiDrawLog22.png	Assets/Product/Texture/Image/UiDrawLog/UiDrawLog23.png									
2209	9920	<color=#26bbf9>占S级出率70%</color>	占S级出率	70%	Assets/Product/Texture/Image/UiDrawLog/UiDrawLog22.png	Assets/Product/Texture/Image/UiDrawLog/UiDrawLog23.png									
2210	10000	<color=#ff8d1e>占S级出率100%</color>	占S级出率	100%	Assets/Product/Texture/Image/UiDrawLog/UiDrawLog22.png	Assets/Product/Texture/Image/UiDrawLog/UiDrawLog23.png									
2211	10000	<color=#26bbf9>占S级出率70%</color>	占S级出率	70%	Assets/Product/Texture/Image/UiDrawLog/UiDrawLog22.png	Assets/Product/Texture/Image/UiDrawLog/UiDrawLog23.png									
2212	9990	<color=#26bbf9>占S级出率70%</color>	占S级出率	70%	Assets/Product/Texture/Image/UiDrawLog/UiDrawLog22.png	Assets/Product/Texture/Image/UiDrawLog/UiDrawLog23.png									
2213	9980	<color=#26bbf9>占S级出率70%</color>	占S级出率	70%	Assets/Product/Texture/Image/UiDrawLog/UiDrawLog22.png	Assets/Product/Texture/Image/UiDrawLog/UiDrawLog23.png									
2214	9970	<color=#26bbf9>占S级出率70%</color>	占S级出率	70%	Assets/Product/Texture/Image/UiDrawLog/UiDrawLog22.png	Assets/Product/Texture/Image/UiDrawLog/UiDrawLog23.png									
2215	9960	<color=#26bbf9>占S级出率70%</color>	占S级出率	70%	Assets/Product/Texture/Image/UiDrawLog/UiDrawLog22.png	Assets/Product/Texture/Image/UiDrawLog/UiDrawLog23.png									
2216	9950	<color=#26bbf9>占S级出率70%</color>	占S级出率	70%	Assets/Product/Texture/Image/UiDrawLog/UiDrawLog22.png	Assets/Product/Texture/Image/UiDrawLog/UiDrawLog23.png									
2217	9940	<color=#26bbf9>占S级出率70%</color>	占S级出率	70%	Assets/Product/Texture/Image/UiDrawLog/UiDrawLog22.png	Assets/Product/Texture/Image/UiDrawLog/UiDrawLog23.png									
2218	9930	<color=#26bbf9>占S级出率70%</color>	占S级出率	70%	Assets/Product/Texture/Image/UiDrawLog/UiDrawLog22.png	Assets/Product/Texture/Image/UiDrawLog/UiDrawLog23.png									
2219	9920	<color=#26bbf9>占S级出率70%</color>	占S级出率	70%	Assets/Product/Texture/Image/UiDrawLog/UiDrawLog22.png	Assets/Product/Texture/Image/UiDrawLog/UiDrawLog23.png									
2220	10000	<color=#26bbf9>占S级出率70%</color>	占S级出率	70%	Assets/Product/Texture/Image/UiDrawLog/UiDrawLog22.png	Assets/Product/Texture/Image/UiDrawLog/UiDrawLog23.png									
2221	9990	<color=#26bbf9>占S级出率70%</color>	占S级出率	70%	Assets/Product/Texture/Image/UiDrawLog/UiDrawLog22.png	Assets/Product/Texture/Image/UiDrawLog/UiDrawLog23.png									
2222	9980	<color=#26bbf9>占S级出率70%</color>	占S级出率	70%	Assets/Product/Texture/Image/UiDrawLog/UiDrawLog22.png	Assets/Product/Texture/Image/UiDrawLog/UiDrawLog23.png									
2223	9970	<color=#26bbf9>占S级出率70%</color>	占S级出率	70%	Assets/Product/Texture/Image/UiDrawLog/UiDrawLog22.png	Assets/Product/Texture/Image/UiDrawLog/UiDrawLog23.png									
2224	9960	<color=#26bbf9>占S级出率70%</color>	占S级出率	70%	Assets/Product/Texture/Image/UiDrawLog/UiDrawLog22.png	Assets/Product/Texture/Image/UiDrawLog/UiDrawLog23.png									
2225	9950	<color=#26bbf9>占S级出率70%</color>	占S级出率	70%	Assets/Product/Texture/Image/UiDrawLog/UiDrawLog22.png	Assets/Product/Texture/Image/UiDrawLog/UiDrawLog23.png									
2226	9940	<color=#26bbf9>占S级出率70%</color>	占S级出率	70%	Assets/Product/Texture/Image/UiDrawLog/UiDrawLog22.png	Assets/Product/Texture/Image/UiDrawLog/UiDrawLog23.png									
2227	9930	<color=#26bbf9>占S级出率70%</color>	占S级出率	70%	Assets/Product/Texture/Image/UiDrawLog/UiDrawLog22.png	Assets/Product/Texture/Image/UiDrawLog/UiDrawLog23.png									
2228	9920	<color=#26bbf9>占S级出率70%</color>	占S级出率	70%	Assets/Product/Texture/Image/UiDrawLog/UiDrawLog22.png	Assets/Product/Texture/Image/UiDrawLog/UiDrawLog23.png									
2229	10000	<color=#ff8d1e>占S级出率100%</color>	占S级出率	100%	Assets/Product/Texture/Image/UiDrawLog/UiDrawLog22.png	Assets/Product/Texture/Image/UiDrawLog/UiDrawLog23.png									
2230	10000	<color=#26bbf9>占S级出率70%</color>	占S级出率	70%	Assets/Product/Texture/Image/UiDrawLog/UiDrawLog22.png	Assets/Product/Texture/Image/UiDrawLog/UiDrawLog23.png									
2231	9990	<color=#26bbf9>占S级出率70%</color>	占S级出率	70%	Assets/Product/Texture/Image/UiDrawLog/UiDrawLog22.png	Assets/Product/Texture/Image/UiDrawLog/UiDrawLog23.png									
2232	9980	<color=#26bbf9>占S级出率70%</color>	占S级出率	70%	Assets/Product/Texture/Image/UiDrawLog/UiDrawLog22.png	Assets/Product/Texture/Image/UiDrawLog/UiDrawLog23.png									
2233	9970	<color=#26bbf9>占S级出率70%</color>	占S级出率	70%	Assets/Product/Texture/Image/UiDrawLog/UiDrawLog22.png	Assets/Product/Texture/Image/UiDrawLog/UiDrawLog23.png									
2234	9960	<color=#26bbf9>占S级出率70%</color>	占S级出率	70%	Assets/Product/Texture/Image/UiDrawLog/UiDrawLog22.png	Assets/Product/Texture/Image/UiDrawLog/UiDrawLog23.png									
2235	9950	<color=#26bbf9>占S级出率70%</color>	占S级出率	70%	Assets/Product/Texture/Image/UiDrawLog/UiDrawLog22.png	Assets/Product/Texture/Image/UiDrawLog/UiDrawLog23.png									
2236	9940	<color=#26bbf9>占S级出率70%</color>	占S级出率	70%	Assets/Product/Texture/Image/UiDrawLog/UiDrawLog22.png	Assets/Product/Texture/Image/UiDrawLog/UiDrawLog23.png									
2237	9930	<color=#26bbf9>占S级出率70%</color>	占S级出率	70%	Assets/Product/Texture/Image/UiDrawLog/UiDrawLog22.png	Assets/Product/Texture/Image/UiDrawLog/UiDrawLog23.png									
2238	9920	<color=#26bbf9>占S级出率70%</color>	占S级出率	70%	Assets/Product/Texture/Image/UiDrawLog/UiDrawLog22.png	Assets/Product/Texture/Image/UiDrawLog/UiDrawLog23.png									
2239	10000	<color=#ff8d1e>占S级出率100%</color>	占S级出率	100%	Assets/Product/Texture/Image/UiDrawLog/UiDrawLog22.png	Assets/Product/Texture/Image/UiDrawLog/UiDrawLog23.png									
2240	10000	<color=#26bbf9>占S级出率70%</color>	占S级出率	70%	Assets/Product/Texture/Image/UiDrawLog/UiDrawLog22.png	Assets/Product/Texture/Image/UiDrawLog/UiDrawLog23.png									
2241	9990	<color=#26bbf9>占S级出率70%</color>	占S级出率	70%	Assets/Product/Texture/Image/UiDrawLog/UiDrawLog22.png	Assets/Product/Texture/Image/UiDrawLog/UiDrawLog23.png									
2242	9980	<color=#26bbf9>占S级出率70%</color>	占S级出率	70%	Assets/Product/Texture/Image/UiDrawLog/UiDrawLog22.png	Assets/Product/Texture/Image/UiDrawLog/UiDrawLog23.png									
2243	9970	<color=#26bbf9>占S级出率70%</color>	占S级出率	70%	Assets/Product/Texture/Image/UiDrawLog/UiDrawLog22.png	Assets/Product/Texture/Image/UiDrawLog/UiDrawLog23.png									
2244	9960	<color=#26bbf9>占S级出率70%</color>	占S级出率	70%	Assets/Product/Texture/Image/UiDrawLog/UiDrawLog22.png	Assets/Product/Texture/Image/UiDrawLog/UiDrawLog23.png									
2245	9950	<color=#26bbf9>占S级出率70%</color>	占S级出率	70%	Assets/Product/Texture/Image/UiDrawLog/UiDrawLog22.png	Assets/Product/Texture/Image/UiDrawLog/UiDrawLog23.png									
2246	9940	<color=#26bbf9>占S级出率70%</color>	占S级出率	70%	Assets/Product/Texture/Image/UiDrawLog/UiDrawLog22.png	Assets/Product/Texture/Image/UiDrawLog/UiDrawLog23.png									
2247	9930	<color=#26bbf9>占S级出率70%</color>	占S级出率	70%	Assets/Product/Texture/Image/UiDrawLog/UiDrawLog22.png	Assets/Product/Texture/Image/UiDrawLog/UiDrawLog23.png									
2248	9920	<color=#26bbf9>占S级出率70%</color>	占S级出率	70%	Assets/Product/Texture/Image/UiDrawLog/UiDrawLog22.png	Assets/Product/Texture/Image/UiDrawLog/UiDrawLog23.png									
2249	10000	<color=#26bbf9>占S级出率70%</color>	占S级出率	70%	Assets/Product/Texture/Image/UiDrawLog/UiDrawLog22.png	Assets/Product/Texture/Image/UiDrawLog/UiDrawLog23.png									
2250	9990	<color=#26bbf9>占S级出率70%</color>	占S级出率	70%	Assets/Product/Texture/Image/UiDrawLog/UiDrawLog22.png	Assets/Product/Texture/Image/UiDrawLog/UiDrawLog23.png									
2251	9980	<color=#26bbf9>占S级出率70%</color>	占S级出率	70%	Assets/Product/Texture/Image/UiDrawLog/UiDrawLog22.png	Assets/Product/Texture/Image/UiDrawLog/UiDrawLog23.png									
2252	9970	<color=#26bbf9>占S级出率70%</color>	占S级出率	70%	Assets/Product/Texture/Image/UiDrawLog/UiDrawLog22.png	Assets/Product/Texture/Image/UiDrawLog/UiDrawLog23.png									
2253	9960	<color=#26bbf9>占S级出率70%</color>	占S级出率	70%	Assets/Product/Texture/Image/UiDrawLog/UiDrawLog22.png	Assets/Product/Texture/Image/UiDrawLog/UiDrawLog23.png									
2254	9950	<color=#26bbf9>占S级出率70%</color>	占S级出率	70%	Assets/Product/Texture/Image/UiDrawLog/UiDrawLog22.png	Assets/Product/Texture/Image/UiDrawLog/UiDrawLog23.png									
2255	10000	<color=#26bbf9>占S级出率70%</color>	占S级出率	70%	Assets/Product/Texture/Image/UiDrawLog/UiDrawLog22.png	Assets/Product/Texture/Image/UiDrawLog/UiDrawLog23.png									
2256	9990	<color=#26bbf9>占S级出率70%</color>	占S级出率	70%	Assets/Product/Texture/Image/UiDrawLog/UiDrawLog22.png	Assets/Product/Texture/Image/UiDrawLog/UiDrawLog23.png									
2257	9980	<color=#26bbf9>占S级出率70%</color>	占S级出率	70%	Assets/Product/Texture/Image/UiDrawLog/UiDrawLog22.png	Assets/Product/Texture/Image/UiDrawLog/UiDrawLog23.png									
2258	9970	<color=#26bbf9>占S级出率70%</color>	占S级出率	70%	Assets/Product/Texture/Image/UiDrawLog/UiDrawLog22.png	Assets/Product/Texture/Image/UiDrawLog/UiDrawLog23.png									
2259	9960	<color=#26bbf9>占S级出率70%</color>	占S级出率	70%	Assets/Product/Texture/Image/UiDrawLog/UiDrawLog22.png	Assets/Product/Texture/Image/UiDrawLog/UiDrawLog23.png									
2260	9950	<color=#26bbf9>占S级出率70%</color>	占S级出率	70%	Assets/Product/Texture/Image/UiDrawLog/UiDrawLog22.png	Assets/Product/Texture/Image/UiDrawLog/UiDrawLog23.png									
2261	9940	<color=#26bbf9>占S级出率70%</color>	占S级出率	70%	Assets/Product/Texture/Image/UiDrawLog/UiDrawLog22.png	Assets/Product/Texture/Image/UiDrawLog/UiDrawLog23.png									
2262	9930	<color=#26bbf9>占S级出率70%</color>	占S级出率	70%	Assets/Product/Texture/Image/UiDrawLog/UiDrawLog22.png	Assets/Product/Texture/Image/UiDrawLog/UiDrawLog23.png									
2263	9920	<color=#26bbf9>占S级出率70%</color>	占S级出率	70%	Assets/Product/Texture/Image/UiDrawLog/UiDrawLog22.png	Assets/Product/Texture/Image/UiDrawLog/UiDrawLog23.png									
2264	10000	<color=#ff8d1e>占S级出率100%</color>	占S级出率	100%	Assets/Product/Texture/Image/UiDrawLog/UiDrawLog22.png	Assets/Product/Texture/Image/UiDrawLog/UiDrawLog23.png									
2265	10000	<color=#ff8d1e>占S级出率100%</color>	占S级出率	100%	Assets/Product/Texture/Image/UiDrawLog/UiDrawLog22.png	Assets/Product/Texture/Image/UiDrawLog/UiDrawLog23.png									
2266	10000	<color=#26bbf9>占S级出率70%</color>	占S级出率	70%	Assets/Product/Texture/Image/UiDrawLog/UiDrawLog22.png	Assets/Product/Texture/Image/UiDrawLog/UiDrawLog23.png									
2267	9990	<color=#26bbf9>占S级出率70%</color>	占S级出率	70%	Assets/Product/Texture/Image/UiDrawLog/UiDrawLog22.png	Assets/Product/Texture/Image/UiDrawLog/UiDrawLog23.png									
2268	9980	<color=#26bbf9>占S级出率70%</color>	占S级出率	70%	Assets/Product/Texture/Image/UiDrawLog/UiDrawLog22.png	Assets/Product/Texture/Image/UiDrawLog/UiDrawLog23.png									
2269	9970	<color=#26bbf9>占S级出率70%</color>	占S级出率	70%	Assets/Product/Texture/Image/UiDrawLog/UiDrawLog22.png	Assets/Product/Texture/Image/UiDrawLog/UiDrawLog23.png									
2270	9960	<color=#26bbf9>占S级出率70%</color>	占S级出率	70%	Assets/Product/Texture/Image/UiDrawLog/UiDrawLog22.png	Assets/Product/Texture/Image/UiDrawLog/UiDrawLog23.png									
2271	9950	<color=#26bbf9>占S级出率70%</color>	占S级出率	70%	Assets/Product/Texture/Image/UiDrawLog/UiDrawLog22.png	Assets/Product/Texture/Image/UiDrawLog/UiDrawLog23.png									
2272	9940	<color=#26bbf9>占S级出率70%</color>	占S级出率	70%	Assets/Product/Texture/Image/UiDrawLog/UiDrawLog22.png	Assets/Product/Texture/Image/UiDrawLog/UiDrawLog23.png									
2273	9930	<color=#26bbf9>占S级出率70%</color>	占S级出率	70%	Assets/Product/Texture/Image/UiDrawLog/UiDrawLog22.png	Assets/Product/Texture/Image/UiDrawLog/UiDrawLog23.png									
2274	9920	<color=#26bbf9>占S级出率70%</color>	占S级出率	70%	Assets/Product/Texture/Image/UiDrawLog/UiDrawLog22.png	Assets/Product/Texture/Image/UiDrawLog/UiDrawLog23.png									
2275	10000	<color=#26bbf9>占S级出率70%</color>	占S级出率	70%	Assets/Product/Texture/Image/UiDrawLog/UiDrawLog22.png	Assets/Product/Texture/Image/UiDrawLog/UiDrawLog23.png									
2276	9990	<color=#26bbf9>占S级出率70%</color>	占S级出率	70%	Assets/Product/Texture/Image/UiDrawLog/UiDrawLog22.png	Assets/Product/Texture/Image/UiDrawLog/UiDrawLog23.png									
2277	9980	<color=#26bbf9>占S级出率70%</color>	占S级出率	70%	Assets/Product/Texture/Image/UiDrawLog/UiDrawLog22.png	Assets/Product/Texture/Image/UiDrawLog/UiDrawLog23.png									
2278	9970	<color=#26bbf9>占S级出率70%</color>	占S级出率	70%	Assets/Product/Texture/Image/UiDrawLog/UiDrawLog22.png	Assets/Product/Texture/Image/UiDrawLog/UiDrawLog23.png									
2279	9960	<color=#26bbf9>占S级出率70%</color>	占S级出率	70%	Assets/Product/Texture/Image/UiDrawLog/UiDrawLog22.png	Assets/Product/Texture/Image/UiDrawLog/UiDrawLog23.png									
2280	9950	<color=#26bbf9>占S级出率70%</color>	占S级出率	70%	Assets/Product/Texture/Image/UiDrawLog/UiDrawLog22.png	Assets/Product/Texture/Image/UiDrawLog/UiDrawLog23.png									
2281	9940	<color=#26bbf9>占S级出率70%</color>	占S级出率	70%	Assets/Product/Texture/Image/UiDrawLog/UiDrawLog22.png	Assets/Product/Texture/Image/UiDrawLog/UiDrawLog23.png									
2282	9930	<color=#26bbf9>占S级出率70%</color>	占S级出率	70%	Assets/Product/Texture/Image/UiDrawLog/UiDrawLog22.png	Assets/Product/Texture/Image/UiDrawLog/UiDrawLog23.png									
2283	9920	<color=#26bbf9>占S级出率70%</color>	占S级出率	70%	Assets/Product/Texture/Image/UiDrawLog/UiDrawLog22.png	Assets/Product/Texture/Image/UiDrawLog/UiDrawLog23.png									
2284	10000	<color=#ff8d1e>占S级出率100%</color>	占S级出率	100%	Assets/Product/Texture/Image/UiDrawLog/UiDrawLog22.png	Assets/Product/Texture/Image/UiDrawLog/UiDrawLog23.png									
2285	10000	<color=#26bbf9>占S级出率70%</color>	占S级出率	70%	Assets/Product/Texture/Image/UiDrawLog/UiDrawLog22.png	Assets/Product/Texture/Image/UiDrawLog/UiDrawLog23.png									
2286	9990	<color=#26bbf9>占S级出率70%</color>	占S级出率	70%	Assets/Product/Texture/Image/UiDrawLog/UiDrawLog22.png	Assets/Product/Texture/Image/UiDrawLog/UiDrawLog23.png									
2287	9980	<color=#26bbf9>占S级出率70%</color>	占S级出率	70%	Assets/Product/Texture/Image/UiDrawLog/UiDrawLog22.png	Assets/Product/Texture/Image/UiDrawLog/UiDrawLog23.png									
2288	9970	<color=#26bbf9>占S级出率70%</color>	占S级出率	70%	Assets/Product/Texture/Image/UiDrawLog/UiDrawLog22.png	Assets/Product/Texture/Image/UiDrawLog/UiDrawLog23.png									
2289	9960	<color=#26bbf9>占S级出率70%</color>	占S级出率	70%	Assets/Product/Texture/Image/UiDrawLog/UiDrawLog22.png	Assets/Product/Texture/Image/UiDrawLog/UiDrawLog23.png									
2290	9950	<color=#26bbf9>占S级出率70%</color>	占S级出率	70%	Assets/Product/Texture/Image/UiDrawLog/UiDrawLog22.png	Assets/Product/Texture/Image/UiDrawLog/UiDrawLog23.png									
2291	9940	<color=#26bbf9>占S级出率70%</color>	占S级出率	70%	Assets/Product/Texture/Image/UiDrawLog/UiDrawLog22.png	Assets/Product/Texture/Image/UiDrawLog/UiDrawLog23.png									
2292	9930	<color=#26bbf9>占S级出率70%</color>	占S级出率	70%	Assets/Product/Texture/Image/UiDrawLog/UiDrawLog22.png	Assets/Product/Texture/Image/UiDrawLog/UiDrawLog23.png									
2293	9920	<color=#26bbf9>占S级出率70%</color>	占S级出率	70%	Assets/Product/Texture/Image/UiDrawLog/UiDrawLog22.png	Assets/Product/Texture/Image/UiDrawLog/UiDrawLog23.png									
2294	10000	<color=#26bbf9>占S级出率70%</color>	占S级出率	70%	Assets/Product/Texture/Image/UiDrawLog/UiDrawLog22.png	Assets/Product/Texture/Image/UiDrawLog/UiDrawLog23.png									
2295	9990	<color=#26bbf9>占S级出率70%</color>	占S级出率	70%	Assets/Product/Texture/Image/UiDrawLog/UiDrawLog22.png	Assets/Product/Texture/Image/UiDrawLog/UiDrawLog23.png									
2296	9980	<color=#26bbf9>占S级出率70%</color>	占S级出率	70%	Assets/Product/Texture/Image/UiDrawLog/UiDrawLog22.png	Assets/Product/Texture/Image/UiDrawLog/UiDrawLog23.png									
2297	9970	<color=#26bbf9>占S级出率70%</color>	占S级出率	70%	Assets/Product/Texture/Image/UiDrawLog/UiDrawLog22.png	Assets/Product/Texture/Image/UiDrawLog/UiDrawLog23.png									
2298	9960	<color=#26bbf9>占S级出率70%</color>	占S级出率	70%	Assets/Product/Texture/Image/UiDrawLog/UiDrawLog22.png	Assets/Product/Texture/Image/UiDrawLog/UiDrawLog23.png									
2299	9950	<color=#26bbf9>占S级出率70%</color>	占S级出率	70%	Assets/Product/Texture/Image/UiDrawLog/UiDrawLog22.png	Assets/Product/Texture/Image/UiDrawLog/UiDrawLog23.png									
2300	9940	<color=#26bbf9>占S级出率70%</color>	占S级出率	70%	Assets/Product/Texture/Image/UiDrawLog/UiDrawLog22.png	Assets/Product/Texture/Image/UiDrawLog/UiDrawLog23.png									
2301	9930	<color=#26bbf9>占S级出率70%</color>	占S级出率	70%	Assets/Product/Texture/Image/UiDrawLog/UiDrawLog22.png	Assets/Product/Texture/Image/UiDrawLog/UiDrawLog23.png									
2302	9920	<color=#26bbf9>占S级出率70%</color>	占S级出率	70%	Assets/Product/Texture/Image/UiDrawLog/UiDrawLog22.png	Assets/Product/Texture/Image/UiDrawLog/UiDrawLog23.png									
2303	10000	<color=#26bbf9>占S级出率70%</color>	占S级出率	70%	Assets/Product/Texture/Image/UiDrawLog/UiDrawLog22.png	Assets/Product/Texture/Image/UiDrawLog/UiDrawLog23.png									
2304	9990	<color=#26bbf9>占S级出率70%</color>	占S级出率	70%	Assets/Product/Texture/Image/UiDrawLog/UiDrawLog22.png	Assets/Product/Texture/Image/UiDrawLog/UiDrawLog23.png									
2305	9980	<color=#26bbf9>占S级出率70%</color>	占S级出率	70%	Assets/Product/Texture/Image/UiDrawLog/UiDrawLog22.png	Assets/Product/Texture/Image/UiDrawLog/UiDrawLog23.png									
2306	9970	<color=#26bbf9>占S级出率70%</color>	占S级出率	70%	Assets/Product/Texture/Image/UiDrawLog/UiDrawLog22.png	Assets/Product/Texture/Image/UiDrawLog/UiDrawLog23.png									
2307	9960	<color=#26bbf9>占S级出率70%</color>	占S级出率	70%	Assets/Product/Texture/Image/UiDrawLog/UiDrawLog22.png	Assets/Product/Texture/Image/UiDrawLog/UiDrawLog23.png									
2308	9950	<color=#26bbf9>占S级出率70%</color>	占S级出率	70%	Assets/Product/Texture/Image/UiDrawLog/UiDrawLog22.png	Assets/Product/Texture/Image/UiDrawLog/UiDrawLog23.png									
2309	9940	<color=#26bbf9>占S级出率70%</color>	占S级出率	70%	Assets/Product/Texture/Image/UiDrawLog/UiDrawLog22.png	Assets/Product/Texture/Image/UiDrawLog/UiDrawLog23.png									
2310	9930	<color=#26bbf9>占S级出率70%</color>	占S级出率	70%	Assets/Product/Texture/Image/UiDrawLog/UiDrawLog22.png	Assets/Product/Texture/Image/UiDrawLog/UiDrawLog23.png									
2311	9920	<color=#26bbf9>占S级出率70%</color>	占S级出率	70%	Assets/Product/Texture/Image/UiDrawLog/UiDrawLog22.png	Assets/Product/Texture/Image/UiDrawLog/UiDrawLog23.png									
2312	10000	<color=#ff8d1e>占S级出率100%</color>	占S级出率	100%	Assets/Product/Texture/Image/UiDrawLog/UiDrawLog22.png	Assets/Product/Texture/Image/UiDrawLog/UiDrawLog23.png									
2313	10000	<color=#26bbf9>占S级出率70%</color>	占S级出率	70%	Assets/Product/Texture/Image/UiDrawLog/UiDrawLog22.png	Assets/Product/Texture/Image/UiDrawLog/UiDrawLog23.png									
2314	9990	<color=#26bbf9>占S级出率70%</color>	占S级出率	70%	Assets/Product/Texture/Image/UiDrawLog/UiDrawLog22.png	Assets/Product/Texture/Image/UiDrawLog/UiDrawLog23.png									
2315	9980	<color=#26bbf9>占S级出率70%</color>	占S级出率	70%	Assets/Product/Texture/Image/UiDrawLog/UiDrawLog22.png	Assets/Product/Texture/Image/UiDrawLog/UiDrawLog23.png									
2316	9970	<color=#26bbf9>占S级出率70%</color>	占S级出率	70%	Assets/Product/Texture/Image/UiDrawLog/UiDrawLog22.png	Assets/Product/Texture/Image/UiDrawLog/UiDrawLog23.png									
2317	9960	<color=#26bbf9>占S级出率70%</color>	占S级出率	70%	Assets/Product/Texture/Image/UiDrawLog/UiDrawLog22.png	Assets/Product/Texture/Image/UiDrawLog/UiDrawLog23.png									
2318	9950	<color=#26bbf9>占S级出率70%</color>	占S级出率	70%	Assets/Product/Texture/Image/UiDrawLog/UiDrawLog22.png	Assets/Product/Texture/Image/UiDrawLog/UiDrawLog23.png									
2319	9940	<color=#26bbf9>占S级出率70%</color>	占S级出率	70%	Assets/Product/Texture/Image/UiDrawLog/UiDrawLog22.png	Assets/Product/Texture/Image/UiDrawLog/UiDrawLog23.png									
2320	9930	<color=#26bbf9>占S级出率70%</color>	占S级出率	70%	Assets/Product/Texture/Image/UiDrawLog/UiDrawLog22.png	Assets/Product/Texture/Image/UiDrawLog/UiDrawLog23.png									
2321	9920	<color=#26bbf9>占S级出率70%</color>	占S级出率	70%	Assets/Product/Texture/Image/UiDrawLog/UiDrawLog22.png	Assets/Product/Texture/Image/UiDrawLog/UiDrawLog23.png									
2322	10000	<color=#ff8d1e>占S级出率100%</color>	占S级出率	100%	Assets/Product/Texture/Image/UiDrawLog/UiDrawLog22.png	Assets/Product/Texture/Image/UiDrawLog/UiDrawLog23.png									
2323	10000	<color=#26bbf9>占S级出率70%</color>	占S级出率	70%	Assets/Product/Texture/Image/UiDrawLog/UiDrawLog22.png	Assets/Product/Texture/Image/UiDrawLog/UiDrawLog23.png									
2324	9990	<color=#26bbf9>占S级出率70%</color>	占S级出率	70%	Assets/Product/Texture/Image/UiDrawLog/UiDrawLog22.png	Assets/Product/Texture/Image/UiDrawLog/UiDrawLog23.png									
2325	9980	<color=#26bbf9>占S级出率70%</color>	占S级出率	70%	Assets/Product/Texture/Image/UiDrawLog/UiDrawLog22.png	Assets/Product/Texture/Image/UiDrawLog/UiDrawLog23.png									
2326	9970	<color=#26bbf9>占S级出率70%</color>	占S级出率	70%	Assets/Product/Texture/Image/UiDrawLog/UiDrawLog22.png	Assets/Product/Texture/Image/UiDrawLog/UiDrawLog23.png									
2327	9960	<color=#26bbf9>占S级出率70%</color>	占S级出率	70%	Assets/Product/Texture/Image/UiDrawLog/UiDrawLog22.png	Assets/Product/Texture/Image/UiDrawLog/UiDrawLog23.png									
2328	9950	<color=#26bbf9>占S级出率70%</color>	占S级出率	70%	Assets/Product/Texture/Image/UiDrawLog/UiDrawLog22.png	Assets/Product/Texture/Image/UiDrawLog/UiDrawLog23.png									
2329	9940	<color=#26bbf9>占S级出率70%</color>	占S级出率	70%	Assets/Product/Texture/Image/UiDrawLog/UiDrawLog22.png	Assets/Product/Texture/Image/UiDrawLog/UiDrawLog23.png									
2330	9930	<color=#26bbf9>占S级出率70%</color>	占S级出率	70%	Assets/Product/Texture/Image/UiDrawLog/UiDrawLog22.png	Assets/Product/Texture/Image/UiDrawLog/UiDrawLog23.png									
2331	9920	<color=#26bbf9>占S级出率70%</color>	占S级出率	70%	Assets/Product/Texture/Image/UiDrawLog/UiDrawLog22.png	Assets/Product/Texture/Image/UiDrawLog/UiDrawLog23.png									
2332	10000	<color=#ff8d1e>占S级出率100%</color>	占S级出率	100%	Assets/Product/Texture/Image/UiDrawLog/UiDrawLog22.png	Assets/Product/Texture/Image/UiDrawLog/UiDrawLog23.png									
2333	10000	<color=#26bbf9>占S级出率70%</color>	占S级出率	70%	Assets/Product/Texture/Image/UiDrawLog/UiDrawLog22.png	Assets/Product/Texture/Image/UiDrawLog/UiDrawLog23.png									
2334	9990	<color=#26bbf9>占S级出率70%</color>	占S级出率	70%	Assets/Product/Texture/Image/UiDrawLog/UiDrawLog22.png	Assets/Product/Texture/Image/UiDrawLog/UiDrawLog23.png									
2335	9980	<color=#26bbf9>占S级出率70%</color>	占S级出率	70%	Assets/Product/Texture/Image/UiDrawLog/UiDrawLog22.png	Assets/Product/Texture/Image/UiDrawLog/UiDrawLog23.png									
2336	9970	<color=#26bbf9>占S级出率70%</color>	占S级出率	70%	Assets/Product/Texture/Image/UiDrawLog/UiDrawLog22.png	Assets/Product/Texture/Image/UiDrawLog/UiDrawLog23.png									
2337	9960	<color=#26bbf9>占S级出率70%</color>	占S级出率	70%	Assets/Product/Texture/Image/UiDrawLog/UiDrawLog22.png	Assets/Product/Texture/Image/UiDrawLog/UiDrawLog23.png									
2338	9950	<color=#26bbf9>占S级出率70%</color>	占S级出率	70%	Assets/Product/Texture/Image/UiDrawLog/UiDrawLog22.png	Assets/Product/Texture/Image/UiDrawLog/UiDrawLog23.png									
2339	10000	<color=#26bbf9>占S级出率70%</color>	占S级出率	70%	Assets/Product/Texture/Image/UiDrawLog/UiDrawLog22.png	Assets/Product/Texture/Image/UiDrawLog/UiDrawLog23.png									
2340	9990	<color=#26bbf9>占S级出率70%</color>	占S级出率	70%	Assets/Product/Texture/Image/UiDrawLog/UiDrawLog22.png	Assets/Product/Texture/Image/UiDrawLog/UiDrawLog23.png									
2341	9980	<color=#26bbf9>占S级出率70%</color>	占S级出率	70%	Assets/Product/Texture/Image/UiDrawLog/UiDrawLog22.png	Assets/Product/Texture/Image/UiDrawLog/UiDrawLog23.png									
2342	9970	<color=#26bbf9>占S级出率70%</color>	占S级出率	70%	Assets/Product/Texture/Image/UiDrawLog/UiDrawLog22.png	Assets/Product/Texture/Image/UiDrawLog/UiDrawLog23.png									
2343	9960	<color=#26bbf9>占S级出率70%</color>	占S级出率	70%	Assets/Product/Texture/Image/UiDrawLog/UiDrawLog22.png	Assets/Product/Texture/Image/UiDrawLog/UiDrawLog23.png									
2344	9950	<color=#26bbf9>占S级出率70%</color>	占S级出率	70%	Assets/Product/Texture/Image/UiDrawLog/UiDrawLog22.png	Assets/Product/Texture/Image/UiDrawLog/UiDrawLog23.png									
2345	9940	<color=#26bbf9>占S级出率70%</color>	占S级出率	70%	Assets/Product/Texture/Image/UiDrawLog/UiDrawLog22.png	Assets/Product/Texture/Image/UiDrawLog/UiDrawLog23.png									
2346	9930	<color=#26bbf9>占S级出率70%</color>	占S级出率	70%	Assets/Product/Texture/Image/UiDrawLog/UiDrawLog22.png	Assets/Product/Texture/Image/UiDrawLog/UiDrawLog23.png									
2347	9920	<color=#26bbf9>占S级出率70%</color>	占S级出率	70%	Assets/Product/Texture/Image/UiDrawLog/UiDrawLog22.png	Assets/Product/Texture/Image/UiDrawLog/UiDrawLog23.png									
2348	10000	<color=#ff8d1e>占S级出率100%</color>	占S级出率	100%	Assets/Product/Texture/Image/UiDrawLog/UiDrawLog22.png	Assets/Product/Texture/Image/UiDrawLog/UiDrawLog23.png									
2349	10000	<color=#26bbf9>占S级出率70%</color>	占S级出率	70%	Assets/Product/Texture/Image/UiDrawLog/UiDrawLog22.png	Assets/Product/Texture/Image/UiDrawLog/UiDrawLog23.png									
2350	9990	<color=#26bbf9>占S级出率70%</color>	占S级出率	70%	Assets/Product/Texture/Image/UiDrawLog/UiDrawLog22.png	Assets/Product/Texture/Image/UiDrawLog/UiDrawLog23.png									
2351	9980	<color=#26bbf9>占S级出率70%</color>	占S级出率	70%	Assets/Product/Texture/Image/UiDrawLog/UiDrawLog22.png	Assets/Product/Texture/Image/UiDrawLog/UiDrawLog23.png									
2352	9970	<color=#26bbf9>占S级出率70%</color>	占S级出率	70%	Assets/Product/Texture/Image/UiDrawLog/UiDrawLog22.png	Assets/Product/Texture/Image/UiDrawLog/UiDrawLog23.png									
2353	9960	<color=#26bbf9>占S级出率70%</color>	占S级出率	70%	Assets/Product/Texture/Image/UiDrawLog/UiDrawLog22.png	Assets/Product/Texture/Image/UiDrawLog/UiDrawLog23.png									
2354	9950	<color=#26bbf9>占S级出率70%</color>	占S级出率	70%	Assets/Product/Texture/Image/UiDrawLog/UiDrawLog22.png	Assets/Product/Texture/Image/UiDrawLog/UiDrawLog23.png									
2355	9940	<color=#26bbf9>占S级出率70%</color>	占S级出率	70%	Assets/Product/Texture/Image/UiDrawLog/UiDrawLog22.png	Assets/Product/Texture/Image/UiDrawLog/UiDrawLog23.png									
2356	9930	<color=#26bbf9>占S级出率70%</color>	占S级出率	70%	Assets/Product/Texture/Image/UiDrawLog/UiDrawLog22.png	Assets/Product/Texture/Image/UiDrawLog/UiDrawLog23.png									
2357	9920	<color=#26bbf9>占S级出率70%</color>	占S级出率	70%	Assets/Product/Texture/Image/UiDrawLog/UiDrawLog22.png	Assets/Product/Texture/Image/UiDrawLog/UiDrawLog23.png									
2358	10000	<color=#ff8d1e>占S级出率100%</color>	占S级出率	100%	Assets/Product/Texture/Image/UiDrawLog/UiDrawLog22.png	Assets/Product/Texture/Image/UiDrawLog/UiDrawLog23.png									
2359	10000	<color=#26bbf9>占S级出率70%</color>	占S级出率	70%	Assets/Product/Texture/Image/UiDrawLog/UiDrawLog22.png	Assets/Product/Texture/Image/UiDrawLog/UiDrawLog23.png									
2360	9990	<color=#26bbf9>占S级出率70%</color>	占S级出率	70%	Assets/Product/Texture/Image/UiDrawLog/UiDrawLog22.png	Assets/Product/Texture/Image/UiDrawLog/UiDrawLog23.png									
2361	9980	<color=#26bbf9>占S级出率70%</color>	占S级出率	70%	Assets/Product/Texture/Image/UiDrawLog/UiDrawLog22.png	Assets/Product/Texture/Image/UiDrawLog/UiDrawLog23.png									
2362	9970	<color=#26bbf9>占S级出率70%</color>	占S级出率	70%	Assets/Product/Texture/Image/UiDrawLog/UiDrawLog22.png	Assets/Product/Texture/Image/UiDrawLog/UiDrawLog23.png									
2363	9960	<color=#26bbf9>占S级出率70%</color>	占S级出率	70%	Assets/Product/Texture/Image/UiDrawLog/UiDrawLog22.png	Assets/Product/Texture/Image/UiDrawLog/UiDrawLog23.png									
2364	9950	<color=#26bbf9>占S级出率70%</color>	占S级出率	70%	Assets/Product/Texture/Image/UiDrawLog/UiDrawLog22.png	Assets/Product/Texture/Image/UiDrawLog/UiDrawLog23.png									
2365	9940	<color=#26bbf9>占S级出率70%</color>	占S级出率	70%	Assets/Product/Texture/Image/UiDrawLog/UiDrawLog22.png	Assets/Product/Texture/Image/UiDrawLog/UiDrawLog23.png									
2366	9930	<color=#26bbf9>占S级出率70%</color>	占S级出率	70%	Assets/Product/Texture/Image/UiDrawLog/UiDrawLog22.png	Assets/Product/Texture/Image/UiDrawLog/UiDrawLog23.png									
2367	9920	<color=#26bbf9>占S级出率70%</color>	占S级出率	70%	Assets/Product/Texture/Image/UiDrawLog/UiDrawLog22.png	Assets/Product/Texture/Image/UiDrawLog/UiDrawLog23.png									
2368	10000	<color=#26bbf9>占S级出率70%</color>	占S级出率	70%	Assets/Product/Texture/Image/UiDrawLog/UiDrawLog22.png	Assets/Product/Texture/Image/UiDrawLog/UiDrawLog23.png									
2369	9990	<color=#26bbf9>占S级出率70%</color>	占S级出率	70%	Assets/Product/Texture/Image/UiDrawLog/UiDrawLog22.png	Assets/Product/Texture/Image/UiDrawLog/UiDrawLog23.png									
2370	9980	<color=#26bbf9>占S级出率70%</color>	占S级出率	70%	Assets/Product/Texture/Image/UiDrawLog/UiDrawLog22.png	Assets/Product/Texture/Image/UiDrawLog/UiDrawLog23.png									
2371	9970	<color=#26bbf9>占S级出率70%</color>	占S级出率	70%	Assets/Product/Texture/Image/UiDrawLog/UiDrawLog22.png	Assets/Product/Texture/Image/UiDrawLog/UiDrawLog23.png									
2372	9960	<color=#26bbf9>占S级出率70%</color>	占S级出率	70%	Assets/Product/Texture/Image/UiDrawLog/UiDrawLog22.png	Assets/Product/Texture/Image/UiDrawLog/UiDrawLog23.png									
2373	9950	<color=#26bbf9>占S级出率70%</color>	占S级出率	70%	Assets/Product/Texture/Image/UiDrawLog/UiDrawLog22.png	Assets/Product/Texture/Image/UiDrawLog/UiDrawLog23.png									
2374	9940	<color=#26bbf9>占S级出率70%</color>	占S级出率	70%	Assets/Product/Texture/Image/UiDrawLog/UiDrawLog22.png	Assets/Product/Texture/Image/UiDrawLog/UiDrawLog23.png									
2375	9930	<color=#26bbf9>占S级出率70%</color>	占S级出率	70%	Assets/Product/Texture/Image/UiDrawLog/UiDrawLog22.png	Assets/Product/Texture/Image/UiDrawLog/UiDrawLog23.png									
2376	9920	<color=#26bbf9>占S级出率70%</color>	占S级出率	70%	Assets/Product/Texture/Image/UiDrawLog/UiDrawLog22.png	Assets/Product/Texture/Image/UiDrawLog/UiDrawLog23.png									
2377	10000	<color=#ff8d1e>占S级出率100%</color>	占S级出率	100%	Assets/Product/Texture/Image/UiDrawLog/UiDrawLog22.png	Assets/Product/Texture/Image/UiDrawLog/UiDrawLog23.png									
2378	10000	<color=#26bbf9>占S级出率70%</color>	占S级出率	70%	Assets/Product/Texture/Image/UiDrawLog/UiDrawLog22.png	Assets/Product/Texture/Image/UiDrawLog/UiDrawLog23.png									
2379	9990	<color=#26bbf9>占S级出率70%</color>	占S级出率	70%	Assets/Product/Texture/Image/UiDrawLog/UiDrawLog22.png	Assets/Product/Texture/Image/UiDrawLog/UiDrawLog23.png									
2380	9980	<color=#26bbf9>占S级出率70%</color>	占S级出率	70%	Assets/Product/Texture/Image/UiDrawLog/UiDrawLog22.png	Assets/Product/Texture/Image/UiDrawLog/UiDrawLog23.png									
2381	9970	<color=#26bbf9>占S级出率70%</color>	占S级出率	70%	Assets/Product/Texture/Image/UiDrawLog/UiDrawLog22.png	Assets/Product/Texture/Image/UiDrawLog/UiDrawLog23.png									
2382	9960	<color=#26bbf9>占S级出率70%</color>	占S级出率	70%	Assets/Product/Texture/Image/UiDrawLog/UiDrawLog22.png	Assets/Product/Texture/Image/UiDrawLog/UiDrawLog23.png									
2383	9950	<color=#26bbf9>占S级出率70%</color>	占S级出率	70%	Assets/Product/Texture/Image/UiDrawLog/UiDrawLog22.png	Assets/Product/Texture/Image/UiDrawLog/UiDrawLog23.png									
2384	10000	<color=#26bbf9>占S级出率70%</color>	占S级出率	70%	Assets/Product/Texture/Image/UiDrawLog/UiDrawLog22.png	Assets/Product/Texture/Image/UiDrawLog/UiDrawLog23.png									
2385	9990	<color=#26bbf9>占S级出率70%</color>	占S级出率	70%	Assets/Product/Texture/Image/UiDrawLog/UiDrawLog22.png	Assets/Product/Texture/Image/UiDrawLog/UiDrawLog23.png									
2386	9980	<color=#26bbf9>占S级出率70%</color>	占S级出率	70%	Assets/Product/Texture/Image/UiDrawLog/UiDrawLog22.png	Assets/Product/Texture/Image/UiDrawLog/UiDrawLog23.png									
2387	9970	<color=#26bbf9>占S级出率70%</color>	占S级出率	70%	Assets/Product/Texture/Image/UiDrawLog/UiDrawLog22.png	Assets/Product/Texture/Image/UiDrawLog/UiDrawLog23.png									
2388	9960	<color=#26bbf9>占S级出率70%</color>	占S级出率	70%	Assets/Product/Texture/Image/UiDrawLog/UiDrawLog22.png	Assets/Product/Texture/Image/UiDrawLog/UiDrawLog23.png									
2389	9950	<color=#26bbf9>占S级出率70%</color>	占S级出率	70%	Assets/Product/Texture/Image/UiDrawLog/UiDrawLog22.png	Assets/Product/Texture/Image/UiDrawLog/UiDrawLog23.png									
2390	9940	<color=#26bbf9>占S级出率70%</color>	占S级出率	70%	Assets/Product/Texture/Image/UiDrawLog/UiDrawLog22.png	Assets/Product/Texture/Image/UiDrawLog/UiDrawLog23.png									
2391	9930	<color=#26bbf9>占S级出率70%</color>	占S级出率	70%	Assets/Product/Texture/Image/UiDrawLog/UiDrawLog22.png	Assets/Product/Texture/Image/UiDrawLog/UiDrawLog23.png									
2392	9920	<color=#26bbf9>占S级出率70%</color>	占S级出率	70%	Assets/Product/Texture/Image/UiDrawLog/UiDrawLog22.png	Assets/Product/Texture/Image/UiDrawLog/UiDrawLog23.png									
2393	10000	<color=#ff8d1e>占S级出率100%</color>	占S级出率	100%	Assets/Product/Texture/Image/UiDrawLog/UiDrawLog22.png	Assets/Product/Texture/Image/UiDrawLog/UiDrawLog23.png									
2394	10000	<color=#26bbf9>占S级出率70%</color>	占S级出率	70%	Assets/Product/Texture/Image/UiDrawLog/UiDrawLog22.png	Assets/Product/Texture/Image/UiDrawLog/UiDrawLog23.png									
2395	9990	<color=#26bbf9>占S级出率70%</color>	占S级出率	70%	Assets/Product/Texture/Image/UiDrawLog/UiDrawLog22.png	Assets/Product/Texture/Image/UiDrawLog/UiDrawLog23.png									
2396	9980	<color=#26bbf9>占S级出率70%</color>	占S级出率	70%	Assets/Product/Texture/Image/UiDrawLog/UiDrawLog22.png	Assets/Product/Texture/Image/UiDrawLog/UiDrawLog23.png									
2397	9970	<color=#26bbf9>占S级出率70%</color>	占S级出率	70%	Assets/Product/Texture/Image/UiDrawLog/UiDrawLog22.png	Assets/Product/Texture/Image/UiDrawLog/UiDrawLog23.png									
2398	9960	<color=#26bbf9>占S级出率70%</color>	占S级出率	70%	Assets/Product/Texture/Image/UiDrawLog/UiDrawLog22.png	Assets/Product/Texture/Image/UiDrawLog/UiDrawLog23.png									
2399	9950	<color=#26bbf9>占S级出率70%</color>	占S级出率	70%	Assets/Product/Texture/Image/UiDrawLog/UiDrawLog22.png	Assets/Product/Texture/Image/UiDrawLog/UiDrawLog23.png									
2400	9940	<color=#26bbf9>占S级出率70%</color>	占S级出率	70%	Assets/Product/Texture/Image/UiDrawLog/UiDrawLog22.png	Assets/Product/Texture/Image/UiDrawLog/UiDrawLog23.png									
2401	9930	<color=#26bbf9>占S级出率70%</color>	占S级出率	70%	Assets/Product/Texture/Image/UiDrawLog/UiDrawLog22.png	Assets/Product/Texture/Image/UiDrawLog/UiDrawLog23.png									
2402	9920	<color=#26bbf9>占S级出率70%</color>	占S级出率	70%	Assets/Product/Texture/Image/UiDrawLog/UiDrawLog22.png	Assets/Product/Texture/Image/UiDrawLog/UiDrawLog23.png									
2403	10000	<color=#26bbf9>占S级出率70%</color>	占S级出率	70%	Assets/Product/Texture/Image/UiDrawLog/UiDrawLog22.png	Assets/Product/Texture/Image/UiDrawLog/UiDrawLog23.png									
2404	9990	<color=#26bbf9>占S级出率70%</color>	占S级出率	70%	Assets/Product/Texture/Image/UiDrawLog/UiDrawLog22.png	Assets/Product/Texture/Image/UiDrawLog/UiDrawLog23.png									
2405	9980	<color=#26bbf9>占S级出率70%</color>	占S级出率	70%	Assets/Product/Texture/Image/UiDrawLog/UiDrawLog22.png	Assets/Product/Texture/Image/UiDrawLog/UiDrawLog23.png									
2406	9970	<color=#26bbf9>占S级出率70%</color>	占S级出率	70%	Assets/Product/Texture/Image/UiDrawLog/UiDrawLog22.png	Assets/Product/Texture/Image/UiDrawLog/UiDrawLog23.png									
2407	9960	<color=#26bbf9>占S级出率70%</color>	占S级出率	70%	Assets/Product/Texture/Image/UiDrawLog/UiDrawLog22.png	Assets/Product/Texture/Image/UiDrawLog/UiDrawLog23.png									
2408	9950	<color=#26bbf9>占S级出率70%</color>	占S级出率	70%	Assets/Product/Texture/Image/UiDrawLog/UiDrawLog22.png	Assets/Product/Texture/Image/UiDrawLog/UiDrawLog23.png									
2409	9940	<color=#26bbf9>占S级出率70%</color>	占S级出率	70%	Assets/Product/Texture/Image/UiDrawLog/UiDrawLog22.png	Assets/Product/Texture/Image/UiDrawLog/UiDrawLog23.png									
2410	9930	<color=#26bbf9>占S级出率70%</color>	占S级出率	70%	Assets/Product/Texture/Image/UiDrawLog/UiDrawLog22.png	Assets/Product/Texture/Image/UiDrawLog/UiDrawLog23.png									
2411	9920	<color=#26bbf9>占S级出率70%</color>	占S级出率	70%	Assets/Product/Texture/Image/UiDrawLog/UiDrawLog22.png	Assets/Product/Texture/Image/UiDrawLog/UiDrawLog23.png									
2412	10000	<color=#26bbf9>占S级出率70%</color>	占S级出率	70%	Assets/Product/Texture/Image/UiDrawLog/UiDrawLog22.png	Assets/Product/Texture/Image/UiDrawLog/UiDrawLog23.png									
2413	9990	<color=#26bbf9>占S级出率70%</color>	占S级出率	70%	Assets/Product/Texture/Image/UiDrawLog/UiDrawLog22.png	Assets/Product/Texture/Image/UiDrawLog/UiDrawLog23.png									
2414	9980	<color=#26bbf9>占S级出率70%</color>	占S级出率	70%	Assets/Product/Texture/Image/UiDrawLog/UiDrawLog22.png	Assets/Product/Texture/Image/UiDrawLog/UiDrawLog23.png									
2415	10000	<color=#ff8d1e>占S级出率100%</color>	占S级出率	100%	Assets/Product/Texture/Image/UiDrawLog/UiDrawLog22.png	Assets/Product/Texture/Image/UiDrawLog/UiDrawLog23.png									
2416	10000	<color=#26bbf9>占S级出率70%</color>	占S级出率	70%	Assets/Product/Texture/Image/UiDrawLog/UiDrawLog22.png	Assets/Product/Texture/Image/UiDrawLog/UiDrawLog23.png									
2417	9990	<color=#26bbf9>占S级出率70%</color>	占S级出率	70%	Assets/Product/Texture/Image/UiDrawLog/UiDrawLog22.png	Assets/Product/Texture/Image/UiDrawLog/UiDrawLog23.png									
2418	9980	<color=#26bbf9>占S级出率70%</color>	占S级出率	70%	Assets/Product/Texture/Image/UiDrawLog/UiDrawLog22.png	Assets/Product/Texture/Image/UiDrawLog/UiDrawLog23.png									
2419	9970	<color=#26bbf9>占S级出率70%</color>	占S级出率	70%	Assets/Product/Texture/Image/UiDrawLog/UiDrawLog22.png	Assets/Product/Texture/Image/UiDrawLog/UiDrawLog23.png									
2420	9960	<color=#26bbf9>占S级出率70%</color>	占S级出率	70%	Assets/Product/Texture/Image/UiDrawLog/UiDrawLog22.png	Assets/Product/Texture/Image/UiDrawLog/UiDrawLog23.png									
2421	9950	<color=#26bbf9>占S级出率70%</color>	占S级出率	70%	Assets/Product/Texture/Image/UiDrawLog/UiDrawLog22.png	Assets/Product/Texture/Image/UiDrawLog/UiDrawLog23.png									
2422	10000	<color=#ff8d1e>占S级出率100%</color>	占S级出率	100%	Assets/Product/Texture/Image/UiDrawLog/UiDrawLog22.png	Assets/Product/Texture/Image/UiDrawLog/UiDrawLog23.png									
2423	9990	<color=#26bbf9>占S级出率70%</color>	占S级出率	70%	Assets/Product/Texture/Image/UiDrawLog/UiDrawLog22.png	Assets/Product/Texture/Image/UiDrawLog/UiDrawLog23.png									
2424	9980	<color=#26bbf9>占S级出率70%</color>	占S级出率	70%	Assets/Product/Texture/Image/UiDrawLog/UiDrawLog22.png	Assets/Product/Texture/Image/UiDrawLog/UiDrawLog23.png									
2425	9970	<color=#26bbf9>占S级出率70%</color>	占S级出率	70%	Assets/Product/Texture/Image/UiDrawLog/UiDrawLog22.png	Assets/Product/Texture/Image/UiDrawLog/UiDrawLog23.png									
2426	9960	<color=#26bbf9>占S级出率70%</color>	占S级出率	70%	Assets/Product/Texture/Image/UiDrawLog/UiDrawLog22.png	Assets/Product/Texture/Image/UiDrawLog/UiDrawLog23.png									
2427	9950	<color=#26bbf9>占S级出率70%</color>	占S级出率	70%	Assets/Product/Texture/Image/UiDrawLog/UiDrawLog22.png	Assets/Product/Texture/Image/UiDrawLog/UiDrawLog23.png									
2428	9940	<color=#26bbf9>占S级出率70%</color>	占S级出率	70%	Assets/Product/Texture/Image/UiDrawLog/UiDrawLog22.png	Assets/Product/Texture/Image/UiDrawLog/UiDrawLog23.png									
2429	9930	<color=#26bbf9>占S级出率70%</color>	占S级出率	70%	Assets/Product/Texture/Image/UiDrawLog/UiDrawLog22.png	Assets/Product/Texture/Image/UiDrawLog/UiDrawLog23.png									
2430	9920	<color=#26bbf9>占S级出率70%</color>	占S级出率	70%	Assets/Product/Texture/Image/UiDrawLog/UiDrawLog22.png	Assets/Product/Texture/Image/UiDrawLog/UiDrawLog23.png									
2431	9910	<color=#26bbf9>占S级出率70%</color>	占S级出率	70%	Assets/Product/Texture/Image/UiDrawLog/UiDrawLog22.png	Assets/Product/Texture/Image/UiDrawLog/UiDrawLog23.png									
2432	10000	<color=#ff8d1e>占S级出率100%</color>	占S级出率	100%	Assets/Product/Texture/Image/UiDrawLog/UiDrawLog22.png	Assets/Product/Texture/Image/UiDrawLog/UiDrawLog23.png									
2433	9990	<color=#26bbf9>占S级出率70%</color>	占S级出率	70%	Assets/Product/Texture/Image/UiDrawLog/UiDrawLog22.png	Assets/Product/Texture/Image/UiDrawLog/UiDrawLog23.png									
2434	9980	<color=#26bbf9>占S级出率70%</color>	占S级出率	70%	Assets/Product/Texture/Image/UiDrawLog/UiDrawLog22.png	Assets/Product/Texture/Image/UiDrawLog/UiDrawLog23.png									
2435	9970	<color=#26bbf9>占S级出率70%</color>	占S级出率	70%	Assets/Product/Texture/Image/UiDrawLog/UiDrawLog22.png	Assets/Product/Texture/Image/UiDrawLog/UiDrawLog23.png									
2436	9960	<color=#26bbf9>占S级出率70%</color>	占S级出率	70%	Assets/Product/Texture/Image/UiDrawLog/UiDrawLog22.png	Assets/Product/Texture/Image/UiDrawLog/UiDrawLog23.png									
2437	9950	<color=#26bbf9>占S级出率70%</color>	占S级出率	70%	Assets/Product/Texture/Image/UiDrawLog/UiDrawLog22.png	Assets/Product/Texture/Image/UiDrawLog/UiDrawLog23.png									
2438	9940	<color=#26bbf9>占S级出率70%</color>	占S级出率	70%	Assets/Product/Texture/Image/UiDrawLog/UiDrawLog22.png	Assets/Product/Texture/Image/UiDrawLog/UiDrawLog23.png									
2439	9930	<color=#26bbf9>占S级出率70%</color>	占S级出率	70%	Assets/Product/Texture/Image/UiDrawLog/UiDrawLog22.png	Assets/Product/Texture/Image/UiDrawLog/UiDrawLog23.png									
2440	9920	<color=#26bbf9>占S级出率70%</color>	占S级出率	70%	Assets/Product/Texture/Image/UiDrawLog/UiDrawLog22.png	Assets/Product/Texture/Image/UiDrawLog/UiDrawLog23.png									
2441	9910	<color=#26bbf9>占S级出率70%</color>	占S级出率	70%	Assets/Product/Texture/Image/UiDrawLog/UiDrawLog22.png	Assets/Product/Texture/Image/UiDrawLog/UiDrawLog23.png									
2442	10000	<color=#ff8d1e>占S级出率100%</color>	占S级出率	100%	Assets/Product/Texture/Image/UiDrawLog/UiDrawLog22.png	Assets/Product/Texture/Image/UiDrawLog/UiDrawLog23.png									
2443	9990	<color=#26bbf9>占S级出率70%</color>	占S级出率	70%	Assets/Product/Texture/Image/UiDrawLog/UiDrawLog22.png	Assets/Product/Texture/Image/UiDrawLog/UiDrawLog23.png									
2444	9980	<color=#26bbf9>占S级出率70%</color>	占S级出率	70%	Assets/Product/Texture/Image/UiDrawLog/UiDrawLog22.png	Assets/Product/Texture/Image/UiDrawLog/UiDrawLog23.png									
2445	9970	<color=#26bbf9>占S级出率70%</color>	占S级出率	70%	Assets/Product/Texture/Image/UiDrawLog/UiDrawLog22.png	Assets/Product/Texture/Image/UiDrawLog/UiDrawLog23.png									
2446	9960	<color=#26bbf9>占S级出率70%</color>	占S级出率	70%	Assets/Product/Texture/Image/UiDrawLog/UiDrawLog22.png	Assets/Product/Texture/Image/UiDrawLog/UiDrawLog23.png									
2447	9950	<color=#26bbf9>占S级出率70%</color>	占S级出率	70%	Assets/Product/Texture/Image/UiDrawLog/UiDrawLog22.png	Assets/Product/Texture/Image/UiDrawLog/UiDrawLog23.png									
2448	9940	<color=#26bbf9>占S级出率70%</color>	占S级出率	70%	Assets/Product/Texture/Image/UiDrawLog/UiDrawLog22.png	Assets/Product/Texture/Image/UiDrawLog/UiDrawLog23.png									
2449	9930	<color=#26bbf9>占S级出率70%</color>	占S级出率	70%	Assets/Product/Texture/Image/UiDrawLog/UiDrawLog22.png	Assets/Product/Texture/Image/UiDrawLog/UiDrawLog23.png									
2450	9920	<color=#26bbf9>占S级出率70%</color>	占S级出率	70%	Assets/Product/Texture/Image/UiDrawLog/UiDrawLog22.png	Assets/Product/Texture/Image/UiDrawLog/UiDrawLog23.png									
2451	9910	<color=#26bbf9>占S级出率70%</color>	占S级出率	70%	Assets/Product/Texture/Image/UiDrawLog/UiDrawLog22.png	Assets/Product/Texture/Image/UiDrawLog/UiDrawLog23.png									
2452	10000	<color=#ff8d1e>占S级出率100%</color>	占S级出率	100%	Assets/Product/Texture/Image/UiDrawLog/UiDrawLog22.png	Assets/Product/Texture/Image/UiDrawLog/UiDrawLog23.png									
2453	9990	<color=#26bbf9>占S级出率70%</color>	占S级出率	70%	Assets/Product/Texture/Image/UiDrawLog/UiDrawLog22.png	Assets/Product/Texture/Image/UiDrawLog/UiDrawLog23.png									
2454	9980	<color=#26bbf9>占S级出率70%</color>	占S级出率	70%	Assets/Product/Texture/Image/UiDrawLog/UiDrawLog22.png	Assets/Product/Texture/Image/UiDrawLog/UiDrawLog23.png									
2455	9970	<color=#26bbf9>占S级出率70%</color>	占S级出率	70%	Assets/Product/Texture/Image/UiDrawLog/UiDrawLog22.png	Assets/Product/Texture/Image/UiDrawLog/UiDrawLog23.png									
2456	9960	<color=#26bbf9>占S级出率70%</color>	占S级出率	70%	Assets/Product/Texture/Image/UiDrawLog/UiDrawLog22.png	Assets/Product/Texture/Image/UiDrawLog/UiDrawLog23.png									
2457	9950	<color=#26bbf9>占S级出率70%</color>	占S级出率	70%	Assets/Product/Texture/Image/UiDrawLog/UiDrawLog22.png	Assets/Product/Texture/Image/UiDrawLog/UiDrawLog23.png									
2458	9940	<color=#26bbf9>占S级出率70%</color>	占S级出率	70%	Assets/Product/Texture/Image/UiDrawLog/UiDrawLog22.png	Assets/Product/Texture/Image/UiDrawLog/UiDrawLog23.png									
2459	9930	<color=#26bbf9>占S级出率70%</color>	占S级出率	70%	Assets/Product/Texture/Image/UiDrawLog/UiDrawLog22.png	Assets/Product/Texture/Image/UiDrawLog/UiDrawLog23.png									
2460	9920	<color=#26bbf9>占S级出率70%</color>	占S级出率	70%	Assets/Product/Texture/Image/UiDrawLog/UiDrawLog22.png	Assets/Product/Texture/Image/UiDrawLog/UiDrawLog23.png									
2461	9910	<color=#26bbf9>占S级出率70%</color>	占S级出率	70%	Assets/Product/Texture/Image/UiDrawLog/UiDrawLog22.png	Assets/Product/Texture/Image/UiDrawLog/UiDrawLog23.png									
2462	10000	<color=#ff8d1e>占S级出率100%</color>	占S级出率	100%	Assets/Product/Texture/Image/UiDrawLog/UiDrawLog22.png	Assets/Product/Texture/Image/UiDrawLog/UiDrawLog23.png									
2463	9990	<color=#26bbf9>占S级出率70%</color>	占S级出率	70%	Assets/Product/Texture/Image/UiDrawLog/UiDrawLog22.png	Assets/Product/Texture/Image/UiDrawLog/UiDrawLog23.png									
2464	9980	<color=#26bbf9>占S级出率70%</color>	占S级出率	70%	Assets/Product/Texture/Image/UiDrawLog/UiDrawLog22.png	Assets/Product/Texture/Image/UiDrawLog/UiDrawLog23.png									
2465	9970	<color=#26bbf9>占S级出率70%</color>	占S级出率	70%	Assets/Product/Texture/Image/UiDrawLog/UiDrawLog22.png	Assets/Product/Texture/Image/UiDrawLog/UiDrawLog23.png									
2466	9960	<color=#26bbf9>占S级出率70%</color>	占S级出率	70%	Assets/Product/Texture/Image/UiDrawLog/UiDrawLog22.png	Assets/Product/Texture/Image/UiDrawLog/UiDrawLog23.png									
2467	9950	<color=#26bbf9>占S级出率70%</color>	占S级出率	70%	Assets/Product/Texture/Image/UiDrawLog/UiDrawLog22.png	Assets/Product/Texture/Image/UiDrawLog/UiDrawLog23.png									
2468	9940	<color=#26bbf9>占S级出率70%</color>	占S级出率	70%	Assets/Product/Texture/Image/UiDrawLog/UiDrawLog22.png	Assets/Product/Texture/Image/UiDrawLog/UiDrawLog23.png									
2469	9930	<color=#26bbf9>占S级出率70%</color>	占S级出率	70%	Assets/Product/Texture/Image/UiDrawLog/UiDrawLog22.png	Assets/Product/Texture/Image/UiDrawLog/UiDrawLog23.png									
2470	9920	<color=#26bbf9>占S级出率70%</color>	占S级出率	70%	Assets/Product/Texture/Image/UiDrawLog/UiDrawLog22.png	Assets/Product/Texture/Image/UiDrawLog/UiDrawLog23.png									
2471	9910	<color=#26bbf9>占S级出率70%</color>	占S级出率	70%	Assets/Product/Texture/Image/UiDrawLog/UiDrawLog22.png	Assets/Product/Texture/Image/UiDrawLog/UiDrawLog23.png									
2472	10000	<color=#ff8d1e>占S级出率100%</color>	占S级出率	100%	Assets/Product/Texture/Image/UiDrawLog/UiDrawLog22.png	Assets/Product/Texture/Image/UiDrawLog/UiDrawLog23.png									
2473	9990	<color=#26bbf9>占S级出率70%</color>	占S级出率	70%	Assets/Product/Texture/Image/UiDrawLog/UiDrawLog22.png	Assets/Product/Texture/Image/UiDrawLog/UiDrawLog23.png									
2474	9980	<color=#26bbf9>占S级出率70%</color>	占S级出率	70%	Assets/Product/Texture/Image/UiDrawLog/UiDrawLog22.png	Assets/Product/Texture/Image/UiDrawLog/UiDrawLog23.png									
2475	9970	<color=#26bbf9>占S级出率70%</color>	占S级出率	70%	Assets/Product/Texture/Image/UiDrawLog/UiDrawLog22.png	Assets/Product/Texture/Image/UiDrawLog/UiDrawLog23.png									
2476	9960	<color=#26bbf9>占S级出率70%</color>	占S级出率	70%	Assets/Product/Texture/Image/UiDrawLog/UiDrawLog22.png	Assets/Product/Texture/Image/UiDrawLog/UiDrawLog23.png									
2477	9950	<color=#26bbf9>占S级出率70%</color>	占S级出率	70%	Assets/Product/Texture/Image/UiDrawLog/UiDrawLog22.png	Assets/Product/Texture/Image/UiDrawLog/UiDrawLog23.png									
2478	9940	<color=#26bbf9>占S级出率70%</color>	占S级出率	70%	Assets/Product/Texture/Image/UiDrawLog/UiDrawLog22.png	Assets/Product/Texture/Image/UiDrawLog/UiDrawLog23.png									
2479	9930	<color=#26bbf9>占S级出率70%</color>	占S级出率	70%	Assets/Product/Texture/Image/UiDrawLog/UiDrawLog22.png	Assets/Product/Texture/Image/UiDrawLog/UiDrawLog23.png									
2480	9920	<color=#26bbf9>占S级出率70%</color>	占S级出率	70%	Assets/Product/Texture/Image/UiDrawLog/UiDrawLog22.png	Assets/Product/Texture/Image/UiDrawLog/UiDrawLog23.png									
2481	9910	<color=#26bbf9>占S级出率70%</color>	占S级出率	70%	Assets/Product/Texture/Image/UiDrawLog/UiDrawLog22.png	Assets/Product/Texture/Image/UiDrawLog/UiDrawLog23.png									
2482	10000	<color=#ff8d1e>占S级出率100%</color>	占S级出率	100%	Assets/Product/Texture/Image/UiDrawLog/UiDrawLog22.png	Assets/Product/Texture/Image/UiDrawLog/UiDrawLog23.png									
2483	9990	<color=#26bbf9>占S级出率70%</color>	占S级出率	70%	Assets/Product/Texture/Image/UiDrawLog/UiDrawLog22.png	Assets/Product/Texture/Image/UiDrawLog/UiDrawLog23.png									
2484	9980	<color=#26bbf9>占S级出率70%</color>	占S级出率	70%	Assets/Product/Texture/Image/UiDrawLog/UiDrawLog22.png	Assets/Product/Texture/Image/UiDrawLog/UiDrawLog23.png									
2485	9970	<color=#26bbf9>占S级出率70%</color>	占S级出率	70%	Assets/Product/Texture/Image/UiDrawLog/UiDrawLog22.png	Assets/Product/Texture/Image/UiDrawLog/UiDrawLog23.png									
2486	9960	<color=#26bbf9>占S级出率70%</color>	占S级出率	70%	Assets/Product/Texture/Image/UiDrawLog/UiDrawLog22.png	Assets/Product/Texture/Image/UiDrawLog/UiDrawLog23.png									
2487	9950	<color=#26bbf9>占S级出率70%</color>	占S级出率	70%	Assets/Product/Texture/Image/UiDrawLog/UiDrawLog22.png	Assets/Product/Texture/Image/UiDrawLog/UiDrawLog23.png									
2488	9940	<color=#26bbf9>占S级出率70%</color>	占S级出率	70%	Assets/Product/Texture/Image/UiDrawLog/UiDrawLog22.png	Assets/Product/Texture/Image/UiDrawLog/UiDrawLog23.png									
2489	9930	<color=#26bbf9>占S级出率70%</color>	占S级出率	70%	Assets/Product/Texture/Image/UiDrawLog/UiDrawLog22.png	Assets/Product/Texture/Image/UiDrawLog/UiDrawLog23.png									
2490	9920	<color=#26bbf9>占S级出率70%</color>	占S级出率	70%	Assets/Product/Texture/Image/UiDrawLog/UiDrawLog22.png	Assets/Product/Texture/Image/UiDrawLog/UiDrawLog23.png									
2491	9910	<color=#26bbf9>占S级出率70%</color>	占S级出率	70%	Assets/Product/Texture/Image/UiDrawLog/UiDrawLog22.png	Assets/Product/Texture/Image/UiDrawLog/UiDrawLog23.png									
2492	9900	<color=#ff8d1e>占S级出率100%</color>	占S级出率	100%	Assets/Product/Texture/Image/UiDrawLog/UiDrawLog22.png	Assets/Product/Texture/Image/UiDrawLog/UiDrawLog23.png									
3000	8000	<color=#26bbf9>占A级出率80%</color>	占A级出率	80%	Assets/Product/Texture/Image/UiDrawLog/UiDrawLog18.png	Assets/Product/Texture/Image/UiDrawLog/UiDrawLog20.png									
3001	8001	<color=#26bbf9>占A级出率80%</color>	占A级出率	80%	Assets/Product/Texture/Image/UiDrawLog/UiDrawLog18.png	Assets/Product/Texture/Image/UiDrawLog/UiDrawLog20.png									
3002	8002	<color=#26bbf9>占A级出率80%</color>	占A级出率	80%	Assets/Product/Texture/Image/UiDrawLog/UiDrawLog18.png	Assets/Product/Texture/Image/UiDrawLog/UiDrawLog20.png									
3003	8003	<color=#26bbf9>占A级出率80%</color>	占A级出率	80%	Assets/Product/Texture/Image/UiDrawLog/UiDrawLog18.png	Assets/Product/Texture/Image/UiDrawLog/UiDrawLog20.png									
3004	8004	<color=#26bbf9>占A级出率80%</color>	占A级出率	80%	Assets/Product/Texture/Image/UiDrawLog/UiDrawLog18.png	Assets/Product/Texture/Image/UiDrawLog/UiDrawLog20.png									
3005	8005	<color=#26bbf9>占A级出率80%</color>	占A级出率	80%	Assets/Product/Texture/Image/UiDrawLog/UiDrawLog18.png	Assets/Product/Texture/Image/UiDrawLog/UiDrawLog20.png									
3006	8006	<color=#26bbf9>占A级出率80%</color>	占A级出率	80%	Assets/Product/Texture/Image/UiDrawLog/UiDrawLog18.png	Assets/Product/Texture/Image/UiDrawLog/UiDrawLog20.png									
3007	8007	<color=#26bbf9>占A级出率80%</color>	占A级出率	80%	Assets/Product/Texture/Image/UiDrawLog/UiDrawLog18.png	Assets/Product/Texture/Image/UiDrawLog/UiDrawLog20.png									
3008	8008	<color=#26bbf9>占A级出率80%</color>	占A级出率	80%	Assets/Product/Texture/Image/UiDrawLog/UiDrawLog18.png	Assets/Product/Texture/Image/UiDrawLog/UiDrawLog20.png									
3009	9000	<color=#ff8d1e>占A级出率100%</color>	占A级出率	100%	Assets/Product/Texture/Image/UiDrawLog/UiDrawLog18.png	Assets/Product/Texture/Image/UiDrawLog/UiDrawLog20.png									
3010	8009	<color=#26bbf9>占A级出率80%</color>	占A级出率	80%	Assets/Product/Texture/Image/UiDrawLog/UiDrawLog18.png	Assets/Product/Texture/Image/UiDrawLog/UiDrawLog20.png									
3011	9001	<color=#ff8d1e>占A级出率100%</color>	占A级出率	100%	Assets/Product/Texture/Image/UiDrawLog/UiDrawLog18.png	Assets/Product/Texture/Image/UiDrawLog/UiDrawLog20.png									
3012	8010	<color=#26bbf9>占A级出率80%</color>	占A级出率	80%	Assets/Product/Texture/Image/UiDrawLog/UiDrawLog18.png	Assets/Product/Texture/Image/UiDrawLog/UiDrawLog20.png									
3013	9002	<color=#ff8d1e>占A级出率100%</color>	占A级出率	100%	Assets/Product/Texture/Image/UiDrawLog/UiDrawLog18.png	Assets/Product/Texture/Image/UiDrawLog/UiDrawLog20.png									
3014	8011	<color=#26bbf9>占A级出率80%</color>	占A级出率	80%	Assets/Product/Texture/Image/UiDrawLog/UiDrawLog18.png	Assets/Product/Texture/Image/UiDrawLog/UiDrawLog20.png									
3015	9004	<color=#ff8d1e>占A级出率100%</color>	占A级出率	100%	Assets/Product/Texture/Image/UiDrawLog/UiDrawLog18.png	Assets/Product/Texture/Image/UiDrawLog/UiDrawLog20.png									
3016	8013	<color=#26bbf9>占A级出率80%</color>	占A级出率	80%	Assets/Product/Texture/Image/UiDrawLog/UiDrawLog18.png	Assets/Product/Texture/Image/UiDrawLog/UiDrawLog20.png									
3017	9005	<color=#ff8d1e>占A级出率100%</color>	占A级出率	100%	Assets/Product/Texture/Image/UiDrawLog/UiDrawLog18.png	Assets/Product/Texture/Image/UiDrawLog/UiDrawLog20.png									
3018	8015	<color=#26bbf9>占A级出率80%</color>	占A级出率	80%	Assets/Product/Texture/Image/UiDrawLog/UiDrawLog18.png	Assets/Product/Texture/Image/UiDrawLog/UiDrawLog20.png									
3019	9006	<color=#ff8d1e>占A级出率100%</color>	占A级出率	100%	Assets/Product/Texture/Image/UiDrawLog/UiDrawLog18.png	Assets/Product/Texture/Image/UiDrawLog/UiDrawLog20.png									
3020	8016	<color=#26bbf9>占A级出率80%</color>	占A级出率	80%	Assets/Product/Texture/Image/UiDrawLog/UiDrawLog18.png	Assets/Product/Texture/Image/UiDrawLog/UiDrawLog20.png									
3021	9007	<color=#ff8d1e>占A级出率100%</color>	占A级出率	100%	Assets/Product/Texture/Image/UiDrawLog/UiDrawLog18.png	Assets/Product/Texture/Image/UiDrawLog/UiDrawLog20.png									
3022	8017	<color=#26bbf9>占A级出率80%</color>	占A级出率	80%	Assets/Product/Texture/Image/UiDrawLog/UiDrawLog18.png	Assets/Product/Texture/Image/UiDrawLog/UiDrawLog20.png									
3023	9008	<color=#ff8d1e>占A级出率100%</color>	占A级出率	100%	Assets/Product/Texture/Image/UiDrawLog/UiDrawLog18.png	Assets/Product/Texture/Image/UiDrawLog/UiDrawLog20.png									
3024	8018	<color=#26bbf9>占A级出率80%</color>	占A级出率	80%	Assets/Product/Texture/Image/UiDrawLog/UiDrawLog18.png	Assets/Product/Texture/Image/UiDrawLog/UiDrawLog20.png									
3025	9009	<color=#ff8d1e>占A级出率100%</color>	占A级出率	100%	Assets/Product/Texture/Image/UiDrawLog/UiDrawLog18.png	Assets/Product/Texture/Image/UiDrawLog/UiDrawLog20.png									
3026	8019	<color=#26bbf9>占A级出率80%</color>	占A级出率	80%	Assets/Product/Texture/Image/UiDrawLog/UiDrawLog18.png	Assets/Product/Texture/Image/UiDrawLog/UiDrawLog20.png									
3027	9010	<color=#ff8d1e>占A级出率100%</color>	占A级出率	100%	Assets/Product/Texture/Image/UiDrawLog/UiDrawLog18.png	Assets/Product/Texture/Image/UiDrawLog/UiDrawLog20.png									
3028	8020	<color=#26bbf9>占A级出率80%</color>	占A级出率	80%	Assets/Product/Texture/Image/UiDrawLog/UiDrawLog18.png	Assets/Product/Texture/Image/UiDrawLog/UiDrawLog20.png									
3029	9011	<color=#ff8d1e>占A级出率100%</color>	占A级出率	100%	Assets/Product/Texture/Image/UiDrawLog/UiDrawLog18.png	Assets/Product/Texture/Image/UiDrawLog/UiDrawLog20.png									
3030	8021	<color=#26bbf9>占A级出率80%</color>	占A级出率	80%	Assets/Product/Texture/Image/UiDrawLog/UiDrawLog18.png	Assets/Product/Texture/Image/UiDrawLog/UiDrawLog20.png									
3031	9012	<color=#ff8d1e>占A级出率100%</color>	占A级出率	100%	Assets/Product/Texture/Image/UiDrawLog/UiDrawLog18.png	Assets/Product/Texture/Image/UiDrawLog/UiDrawLog20.png									
3032	8022	<color=#26bbf9>占A级出率80%</color>	占A级出率	80%	Assets/Product/Texture/Image/UiDrawLog/UiDrawLog18.png	Assets/Product/Texture/Image/UiDrawLog/UiDrawLog20.png									
3033	9013	<color=#ff8d1e>占A级出率100%</color>	占A级出率	100%	Assets/Product/Texture/Image/UiDrawLog/UiDrawLog18.png	Assets/Product/Texture/Image/UiDrawLog/UiDrawLog20.png									
3034	8023	<color=#26bbf9>占A级出率80%</color>	占A级出率	80%	Assets/Product/Texture/Image/UiDrawLog/UiDrawLog18.png	Assets/Product/Texture/Image/UiDrawLog/UiDrawLog20.png									
3035	9014	<color=#ff8d1e>占A级出率100%</color>	占A级出率	100%	Assets/Product/Texture/Image/UiDrawLog/UiDrawLog18.png	Assets/Product/Texture/Image/UiDrawLog/UiDrawLog20.png									
3036	8024	<color=#26bbf9>占A级出率80%</color>	占A级出率	80%	Assets/Product/Texture/Image/UiDrawLog/UiDrawLog18.png	Assets/Product/Texture/Image/UiDrawLog/UiDrawLog20.png									
4000	9500	<color=#26bbf9>占S级出率100%</color>	占S级出率	100%	Assets/Product/Texture/Image/UiDrawLog/UiDrawLog22.png	Assets/Product/Texture/Image/UiDrawLog/UiDrawLog23.png									
4001	9501	<color=#26bbf9>占S级出率80%</color>	占S级出率	80%	Assets/Product/Texture/Image/UiDrawLog/UiDrawLog22.png	Assets/Product/Texture/Image/UiDrawLog/UiDrawLog23.png									
4002	9800	<color=#ff8d1e>占S级出率100%</color>	占S级出率	100%	Assets/Product/Texture/Image/UiDrawLog/UiDrawLog22.png	Assets/Product/Texture/Image/UiDrawLog/UiDrawLog23.png									
4003	9502	<color=#26bbf9>占S级出率80%</color>	占S级出率	80%	Assets/Product/Texture/Image/UiDrawLog/UiDrawLog22.png	Assets/Product/Texture/Image/UiDrawLog/UiDrawLog23.png									
4004	9790	<color=#ff8d1e>占S级出率100%</color>	占S级出率	100%	Assets/Product/Texture/Image/UiDrawLog/UiDrawLog22.png	Assets/Product/Texture/Image/UiDrawLog/UiDrawLog23.png									
4005	9501	<color=#26bbf9>占S级出率80%</color>	占S级出率	80%	Assets/Product/Texture/Image/UiDrawLog/UiDrawLog22.png	Assets/Product/Texture/Image/UiDrawLog/UiDrawLog23.png									
4006	9780	<color=#ff8d1e>占S级出率100%</color>	占S级出率	100%	Assets/Product/Texture/Image/UiDrawLog/UiDrawLog22.png	Assets/Product/Texture/Image/UiDrawLog/UiDrawLog23.png									
4007	9503	<color=#26bbf9>占S级出率80%</color>	占S级出率	80%	Assets/Product/Texture/Image/UiDrawLog/UiDrawLog22.png	Assets/Product/Texture/Image/UiDrawLog/UiDrawLog23.png									
4008	9770	<color=#ff8d1e>占S级出率100%</color>	占S级出率	100%	Assets/Product/Texture/Image/UiDrawLog/UiDrawLog22.png	Assets/Product/Texture/Image/UiDrawLog/UiDrawLog23.png									
4009	9504	<color=#26bbf9>占S级出率80%</color>	占S级出率	80%	Assets/Product/Texture/Image/UiDrawLog/UiDrawLog22.png	Assets/Product/Texture/Image/UiDrawLog/UiDrawLog23.png									
4010	9760	<color=#ff8d1e>占S级出率100%</color>	占S级出率	100%	Assets/Product/Texture/Image/UiDrawLog/UiDrawLog22.png	Assets/Product/Texture/Image/UiDrawLog/UiDrawLog23.png									
4011	9505	<color=#26bbf9>占S级出率80%</color>	占S级出率	80%	Assets/Product/Texture/Image/UiDrawLog/UiDrawLog22.png	Assets/Product/Texture/Image/UiDrawLog/UiDrawLog23.png									
4012	9750	<color=#ff8d1e>占S级出率100%</color>	占S级出率	100%	Assets/Product/Texture/Image/UiDrawLog/UiDrawLog22.png	Assets/Product/Texture/Image/UiDrawLog/UiDrawLog23.png									
4013	9506	<color=#26bbf9>占S级出率80%</color>	占S级出率	80%	Assets/Product/Texture/Image/UiDrawLog/UiDrawLog22.png	Assets/Product/Texture/Image/UiDrawLog/UiDrawLog23.png									
5000	10000	<color=#ff8d1e>占S级出率100%</color>	占S级出率	100%	Assets/Product/Texture/Image/UiDrawLog/UiDrawLog22.png	Assets/Product/Texture/Image/UiDrawLog/UiDrawLog23.png									
5001	9999	<color=#ff8d1e>占S级出率100%</color>	占S级出率	100%	Assets/Product/Texture/Image/UiDrawLog/UiDrawLog22.png	Assets/Product/Texture/Image/UiDrawLog/UiDrawLog23.png									
5002	9998	<color=#ff8d1e>占S级出率100%</color>	占S级出率	100%	Assets/Product/Texture/Image/UiDrawLog/UiDrawLog22.png	Assets/Product/Texture/Image/UiDrawLog/UiDrawLog23.png									
5003	9997	<color=#ff8d1e>占S级出率100%</color>	占S级出率	100%	Assets/Product/Texture/Image/UiDrawLog/UiDrawLog22.png	Assets/Product/Texture/Image/UiDrawLog/UiDrawLog23.png									
5004	9996	<color=#ff8d1e>占S级出率100%</color>	占S级出率	100%	Assets/Product/Texture/Image/UiDrawLog/UiDrawLog22.png	Assets/Product/Texture/Image/UiDrawLog/UiDrawLog23.png									
5005	9995	<color=#ff8d1e>占S级出率100%</color>	占S级出率	100%	Assets/Product/Texture/Image/UiDrawLog/UiDrawLog22.png	Assets/Product/Texture/Image/UiDrawLog/UiDrawLog23.png									
5006	9994	<color=#ff8d1e>占S级出率100%</color>	占S级出率	100%	Assets/Product/Texture/Image/UiDrawLog/UiDrawLog22.png	Assets/Product/Texture/Image/UiDrawLog/UiDrawLog23.png									
5007	9993	<color=#ff8d1e>占S级出率100%</color>	占S级出率	100%	Assets/Product/Texture/Image/UiDrawLog/UiDrawLog22.png	Assets/Product/Texture/Image/UiDrawLog/UiDrawLog23.png									
5008	9992	<color=#ff8d1e>占S级出率100%</color>	占S级出率	100%	Assets/Product/Texture/Image/UiDrawLog/UiDrawLog22.png	Assets/Product/Texture/Image/UiDrawLog/UiDrawLog23.png									
5009	10000	<color=#ff8d1e>占S级出率100%</color>	占S级出率	100%	Assets/Product/Texture/Image/UiDrawLog/UiDrawLog22.png	Assets/Product/Texture/Image/UiDrawLog/UiDrawLog23.png									
5010	9999	<color=#ff8d1e>占S级出率100%</color>	占S级出率	100%	Assets/Product/Texture/Image/UiDrawLog/UiDrawLog22.png	Assets/Product/Texture/Image/UiDrawLog/UiDrawLog23.png									
5011	9998	<color=#ff8d1e>占S级出率100%</color>	占S级出率	100%	Assets/Product/Texture/Image/UiDrawLog/UiDrawLog22.png	Assets/Product/Texture/Image/UiDrawLog/UiDrawLog23.png									
5012	9997	<color=#ff8d1e>占S级出率100%</color>	占S级出率	100%	Assets/Product/Texture/Image/UiDrawLog/UiDrawLog22.png	Assets/Product/Texture/Image/UiDrawLog/UiDrawLog23.png									
5013	9996	<color=#ff8d1e>占S级出率100%</color>	占S级出率	100%	Assets/Product/Texture/Image/UiDrawLog/UiDrawLog22.png	Assets/Product/Texture/Image/UiDrawLog/UiDrawLog23.png									
5014	9995	<color=#ff8d1e>占S级出率100%</color>	占S级出率	100%	Assets/Product/Texture/Image/UiDrawLog/UiDrawLog22.png	Assets/Product/Texture/Image/UiDrawLog/UiDrawLog23.png									
5015	9994	<color=#ff8d1e>占S级出率100%</color>	占S级出率	100%	Assets/Product/Texture/Image/UiDrawLog/UiDrawLog22.png	Assets/Product/Texture/Image/UiDrawLog/UiDrawLog23.png									
5016	9993	<color=#ff8d1e>占S级出率100%</color>	占S级出率	100%	Assets/Product/Texture/Image/UiDrawLog/UiDrawLog22.png	Assets/Product/Texture/Image/UiDrawLog/UiDrawLog23.png									
5017	9992	<color=#ff8d1e>占S级出率100%</color>	占S级出率	100%	Assets/Product/Texture/Image/UiDrawLog/UiDrawLog22.png	Assets/Product/Texture/Image/UiDrawLog/UiDrawLog23.png									
5018	9991	<color=#ff8d1e>占S级出率100%</color>	占S级出率	100%	Assets/Product/Texture/Image/UiDrawLog/UiDrawLog22.png	Assets/Product/Texture/Image/UiDrawLog/UiDrawLog23.png									
5019	9990	<color=#ff8d1e>占S级出率100%</color>	占S级出率	100%	Assets/Product/Texture/Image/UiDrawLog/UiDrawLog22.png	Assets/Product/Texture/Image/UiDrawLog/UiDrawLog23.png									
5020	9989	<color=#ff8d1e>占S级出率100%</color>	占S级出率	100%	Assets/Product/Texture/Image/UiDrawLog/UiDrawLog22.png	Assets/Product/Texture/Image/UiDrawLog/UiDrawLog23.png									
5021	10000	<color=#ff8d1e>占S级出率100%</color>	占S级出率	100%	Assets/Product/Texture/Image/UiDrawLog/UiDrawLog22.png	Assets/Product/Texture/Image/UiDrawLog/UiDrawLog23.png									
5022	9999	<color=#ff8d1e>占S级出率100%</color>	占S级出率	100%	Assets/Product/Texture/Image/UiDrawLog/UiDrawLog22.png	Assets/Product/Texture/Image/UiDrawLog/UiDrawLog23.png									
5023	9998	<color=#ff8d1e>占S级出率100%</color>	占S级出率	100%	Assets/Product/Texture/Image/UiDrawLog/UiDrawLog22.png	Assets/Product/Texture/Image/UiDrawLog/UiDrawLog23.png									
5024	9997	<color=#ff8d1e>占S级出率100%</color>	占S级出率	100%	Assets/Product/Texture/Image/UiDrawLog/UiDrawLog22.png	Assets/Product/Texture/Image/UiDrawLog/UiDrawLog23.png									
5025	9996	<color=#ff8d1e>占S级出率100%</color>	占S级出率	100%	Assets/Product/Texture/Image/UiDrawLog/UiDrawLog22.png	Assets/Product/Texture/Image/UiDrawLog/UiDrawLog23.png									
5026	9995	<color=#ff8d1e>占S级出率100%</color>	占S级出率	100%	Assets/Product/Texture/Image/UiDrawLog/UiDrawLog22.png	Assets/Product/Texture/Image/UiDrawLog/UiDrawLog23.png									
5027	9994	<color=#ff8d1e>占S级出率100%</color>	占S级出率	100%	Assets/Product/Texture/Image/UiDrawLog/UiDrawLog22.png	Assets/Product/Texture/Image/UiDrawLog/UiDrawLog23.png									
5028	9993	<color=#ff8d1e>占S级出率100%</color>	占S级出率	100%	Assets/Product/Texture/Image/UiDrawLog/UiDrawLog22.png	Assets/Product/Texture/Image/UiDrawLog/UiDrawLog23.png									
5029	9992	<color=#ff8d1e>占S级出率100%</color>	占S级出率	100%	Assets/Product/Texture/Image/UiDrawLog/UiDrawLog22.png	Assets/Product/Texture/Image/UiDrawLog/UiDrawLog23.png									
5030	9991	<color=#ff8d1e>占S级出率100%</color>	占S级出率	100%	Assets/Product/Texture/Image/UiDrawLog/UiDrawLog22.png	Assets/Product/Texture/Image/UiDrawLog/UiDrawLog23.png									
5031	9990	<color=#ff8d1e>占S级出率100%</color>	占S级出率	100%	Assets/Product/Texture/Image/UiDrawLog/UiDrawLog22.png	Assets/Product/Texture/Image/UiDrawLog/UiDrawLog23.png									
5032	9989	<color=#ff8d1e>占S级出率100%</color>	占S级出率	100%	Assets/Product/Texture/Image/UiDrawLog/UiDrawLog22.png	Assets/Product/Texture/Image/UiDrawLog/UiDrawLog23.png									
5033	9988	<color=#ff8d1e>占S级出率100%</color>	占S级出率	100%	Assets/Product/Texture/Image/UiDrawLog/UiDrawLog22.png	Assets/Product/Texture/Image/UiDrawLog/UiDrawLog23.png									
5034	9987	<color=#ff8d1e>占S级出率100%</color>	占S级出率	100%	Assets/Product/Texture/Image/UiDrawLog/UiDrawLog22.png	Assets/Product/Texture/Image/UiDrawLog/UiDrawLog23.png									
5035	9986	<color=#ff8d1e>占S级出率100%</color>	占S级出率	100%	Assets/Product/Texture/Image/UiDrawLog/UiDrawLog22.png	Assets/Product/Texture/Image/UiDrawLog/UiDrawLog23.png									
5036	9985	<color=#ff8d1e>占S级出率100%</color>	占S级出率	100%	Assets/Product/Texture/Image/UiDrawLog/UiDrawLog22.png	Assets/Product/Texture/Image/UiDrawLog/UiDrawLog23.png									
5037	9984	<color=#ff8d1e>占S级出率100%</color>	占S级出率	100%	Assets/Product/Texture/Image/UiDrawLog/UiDrawLog22.png	Assets/Product/Texture/Image/UiDrawLog/UiDrawLog23.png									
5038	10000	<color=#ff8d1e>占S级出率100%</color>	占S级出率	100%	Assets/Product/Texture/Image/UiDrawLog/UiDrawLog22.png	Assets/Product/Texture/Image/UiDrawLog/UiDrawLog23.png									
5039	9999	<color=#ff8d1e>占S级出率100%</color>	占S级出率	100%	Assets/Product/Texture/Image/UiDrawLog/UiDrawLog22.png	Assets/Product/Texture/Image/UiDrawLog/UiDrawLog23.png									
5040	9998	<color=#ff8d1e>占S级出率100%</color>	占S级出率	100%	Assets/Product/Texture/Image/UiDrawLog/UiDrawLog22.png	Assets/Product/Texture/Image/UiDrawLog/UiDrawLog23.png									
5041	9997	<color=#ff8d1e>占S级出率100%</color>	占S级出率	100%	Assets/Product/Texture/Image/UiDrawLog/UiDrawLog22.png	Assets/Product/Texture/Image/UiDrawLog/UiDrawLog23.png									
5042	9996	<color=#ff8d1e>占S级出率100%</color>	占S级出率	100%	Assets/Product/Texture/Image/UiDrawLog/UiDrawLog22.png	Assets/Product/Texture/Image/UiDrawLog/UiDrawLog23.png									
5043	9995	<color=#ff8d1e>占S级出率100%</color>	占S级出率	100%	Assets/Product/Texture/Image/UiDrawLog/UiDrawLog22.png	Assets/Product/Texture/Image/UiDrawLog/UiDrawLog23.png									
5044	9994	<color=#ff8d1e>占S级出率100%</color>	占S级出率	100%	Assets/Product/Texture/Image/UiDrawLog/UiDrawLog22.png	Assets/Product/Texture/Image/UiDrawLog/UiDrawLog23.png									
5045	9993	<color=#ff8d1e>占S级出率100%</color>	占S级出率	100%	Assets/Product/Texture/Image/UiDrawLog/UiDrawLog22.png	Assets/Product/Texture/Image/UiDrawLog/UiDrawLog23.png									
5046	9992	<color=#ff8d1e>占S级出率100%</color>	占S级出率	100%	Assets/Product/Texture/Image/UiDrawLog/UiDrawLog22.png	Assets/Product/Texture/Image/UiDrawLog/UiDrawLog23.png									
5047	9991	<color=#ff8d1e>占S级出率100%</color>	占S级出率	100%	Assets/Product/Texture/Image/UiDrawLog/UiDrawLog22.png	Assets/Product/Texture/Image/UiDrawLog/UiDrawLog23.png									
5048	9990	<color=#ff8d1e>占S级出率100%</color>	占S级出率	100%	Assets/Product/Texture/Image/UiDrawLog/UiDrawLog22.png	Assets/Product/Texture/Image/UiDrawLog/UiDrawLog23.png									
5049	9989	<color=#ff8d1e>占S级出率100%</color>	占S级出率	100%	Assets/Product/Texture/Image/UiDrawLog/UiDrawLog22.png	Assets/Product/Texture/Image/UiDrawLog/UiDrawLog23.png									
5050	9988	<color=#ff8d1e>占S级出率100%</color>	占S级出率	100%	Assets/Product/Texture/Image/UiDrawLog/UiDrawLog22.png	Assets/Product/Texture/Image/UiDrawLog/UiDrawLog23.png									
5051	9987	<color=#ff8d1e>占S级出率100%</color>	占S级出率	100%	Assets/Product/Texture/Image/UiDrawLog/UiDrawLog22.png	Assets/Product/Texture/Image/UiDrawLog/UiDrawLog23.png									
5052	9986	<color=#ff8d1e>占S级出率100%</color>	占S级出率	100%	Assets/Product/Texture/Image/UiDrawLog/UiDrawLog22.png	Assets/Product/Texture/Image/UiDrawLog/UiDrawLog23.png									
5053	9985	<color=#ff8d1e>占S级出率100%</color>	占S级出率	100%	Assets/Product/Texture/Image/UiDrawLog/UiDrawLog22.png	Assets/Product/Texture/Image/UiDrawLog/UiDrawLog23.png									
5054	9984	<color=#ff8d1e>占S级出率100%</color>	占S级出率	100%	Assets/Product/Texture/Image/UiDrawLog/UiDrawLog22.png	Assets/Product/Texture/Image/UiDrawLog/UiDrawLog23.png									
5055	9983	<color=#ff8d1e>占S级出率100%</color>	占S级出率	100%	Assets/Product/Texture/Image/UiDrawLog/UiDrawLog22.png	Assets/Product/Texture/Image/UiDrawLog/UiDrawLog23.png									
5056	9982	<color=#ff8d1e>占S级出率100%</color>	占S级出率	100%	Assets/Product/Texture/Image/UiDrawLog/UiDrawLog22.png	Assets/Product/Texture/Image/UiDrawLog/UiDrawLog23.png									
5057	9981	<color=#ff8d1e>占S级出率100%</color>	占S级出率	100%	Assets/Product/Texture/Image/UiDrawLog/UiDrawLog22.png	Assets/Product/Texture/Image/UiDrawLog/UiDrawLog23.png									
5058	9980	<color=#ff8d1e>占S级出率100%</color>	占S级出率	100%	Assets/Product/Texture/Image/UiDrawLog/UiDrawLog22.png	Assets/Product/Texture/Image/UiDrawLog/UiDrawLog23.png									
5059	9979	<color=#ff8d1e>占S级出率100%</color>	占S级出率	100%	Assets/Product/Texture/Image/UiDrawLog/UiDrawLog22.png	Assets/Product/Texture/Image/UiDrawLog/UiDrawLog23.png									
5060	9978	<color=#ff8d1e>占S级出率100%</color>	占S级出率	100%	Assets/Product/Texture/Image/UiDrawLog/UiDrawLog22.png	Assets/Product/Texture/Image/UiDrawLog/UiDrawLog23.png									
5061	10000	<color=#ff8d1e>占S级出率100%</color>	占S级出率	100%	Assets/Product/Texture/Image/UiDrawLog/UiDrawLog22.png	Assets/Product/Texture/Image/UiDrawLog/UiDrawLog23.png									
5062	9990	<color=#ff8d1e>占S级出率100%</color>	占S级出率	100%	Assets/Product/Texture/Image/UiDrawLog/UiDrawLog22.png	Assets/Product/Texture/Image/UiDrawLog/UiDrawLog23.png									
5063	9980	<color=#ff8d1e>占S级出率100%</color>	占S级出率	100%	Assets/Product/Texture/Image/UiDrawLog/UiDrawLog22.png	Assets/Product/Texture/Image/UiDrawLog/UiDrawLog23.png									
5064	9970	<color=#ff8d1e>占S级出率100%</color>	占S级出率	100%	Assets/Product/Texture/Image/UiDrawLog/UiDrawLog22.png	Assets/Product/Texture/Image/UiDrawLog/UiDrawLog23.png									
5065	9960	<color=#ff8d1e>占S级出率100%</color>	占S级出率	100%	Assets/Product/Texture/Image/UiDrawLog/UiDrawLog22.png	Assets/Product/Texture/Image/UiDrawLog/UiDrawLog23.png									
5066	9950	<color=#ff8d1e>占S级出率100%</color>	占S级出率	100%	Assets/Product/Texture/Image/UiDrawLog/UiDrawLog22.png	Assets/Product/Texture/Image/UiDrawLog/UiDrawLog23.png									
5067	9940	<color=#ff8d1e>占S级出率100%</color>	占S级出率	100%	Assets/Product/Texture/Image/UiDrawLog/UiDrawLog22.png	Assets/Product/Texture/Image/UiDrawLog/UiDrawLog23.png									
5068	9930	<color=#ff8d1e>占S级出率100%</color>	占S级出率	100%	Assets/Product/Texture/Image/UiDrawLog/UiDrawLog22.png	Assets/Product/Texture/Image/UiDrawLog/UiDrawLog23.png									
5069	9920	<color=#ff8d1e>占S级出率100%</color>	占S级出率	100%	Assets/Product/Texture/Image/UiDrawLog/UiDrawLog22.png	Assets/Product/Texture/Image/UiDrawLog/UiDrawLog23.png									
5070	9910	<color=#ff8d1e>占S级出率100%</color>	占S级出率	100%	Assets/Product/Texture/Image/UiDrawLog/UiDrawLog22.png	Assets/Product/Texture/Image/UiDrawLog/UiDrawLog23.png									
5071	9900	<color=#ff8d1e>占S级出率100%</color>	占S级出率	100%	Assets/Product/Texture/Image/UiDrawLog/UiDrawLog22.png	Assets/Product/Texture/Image/UiDrawLog/UiDrawLog23.png									
5072	9890	<color=#ff8d1e>占S级出率100%</color>	占S级出率	100%	Assets/Product/Texture/Image/UiDrawLog/UiDrawLog22.png	Assets/Product/Texture/Image/UiDrawLog/UiDrawLog23.png									
5073	9880	<color=#ff8d1e>占S级出率100%</color>	占S级出率	100%	Assets/Product/Texture/Image/UiDrawLog/UiDrawLog22.png	Assets/Product/Texture/Image/UiDrawLog/UiDrawLog23.png									
5074	9870	<color=#ff8d1e>占S级出率100%</color>	占S级出率	100%	Assets/Product/Texture/Image/UiDrawLog/UiDrawLog22.png	Assets/Product/Texture/Image/UiDrawLog/UiDrawLog23.png									
5075	9860	<color=#ff8d1e>占S级出率100%</color>	占S级出率	100%	Assets/Product/Texture/Image/UiDrawLog/UiDrawLog22.png	Assets/Product/Texture/Image/UiDrawLog/UiDrawLog23.png									
5076	9850	<color=#ff8d1e>占S级出率100%</color>	占S级出率	100%	Assets/Product/Texture/Image/UiDrawLog/UiDrawLog22.png	Assets/Product/Texture/Image/UiDrawLog/UiDrawLog23.png									
5077	9840	<color=#ff8d1e>占S级出率100%</color>	占S级出率	100%	Assets/Product/Texture/Image/UiDrawLog/UiDrawLog22.png	Assets/Product/Texture/Image/UiDrawLog/UiDrawLog23.png									
5078	9830	<color=#ff8d1e>占S级出率100%</color>	占S级出率	100%	Assets/Product/Texture/Image/UiDrawLog/UiDrawLog22.png	Assets/Product/Texture/Image/UiDrawLog/UiDrawLog23.png									
5079	9820	<color=#ff8d1e>占S级出率100%</color>	占S级出率	100%	Assets/Product/Texture/Image/UiDrawLog/UiDrawLog22.png	Assets/Product/Texture/Image/UiDrawLog/UiDrawLog23.png									
5080	9810	<color=#ff8d1e>占S级出率100%</color>	占S级出率	100%	Assets/Product/Texture/Image/UiDrawLog/UiDrawLog22.png	Assets/Product/Texture/Image/UiDrawLog/UiDrawLog23.png									
5081	9800	<color=#ff8d1e>占S级出率100%</color>	占S级出率	100%	Assets/Product/Texture/Image/UiDrawLog/UiDrawLog22.png	Assets/Product/Texture/Image/UiDrawLog/UiDrawLog23.png									
5082	9790	<color=#ff8d1e>占S级出率100%</color>	占S级出率	100%	Assets/Product/Texture/Image/UiDrawLog/UiDrawLog22.png	Assets/Product/Texture/Image/UiDrawLog/UiDrawLog23.png									
5083	9780	<color=#ff8d1e>占S级出率100%</color>	占S级出率	100%	Assets/Product/Texture/Image/UiDrawLog/UiDrawLog22.png	Assets/Product/Texture/Image/UiDrawLog/UiDrawLog23.png									
5084	9770	<color=#ff8d1e>占S级出率100%</color>	占S级出率	100%	Assets/Product/Texture/Image/UiDrawLog/UiDrawLog22.png	Assets/Product/Texture/Image/UiDrawLog/UiDrawLog23.png									
5085	9760	<color=#ff8d1e>占S级出率100%</color>	占S级出率	100%	Assets/Product/Texture/Image/UiDrawLog/UiDrawLog22.png	Assets/Product/Texture/Image/UiDrawLog/UiDrawLog23.png									
5086	9750	<color=#ff8d1e>占S级出率100%</color>	占S级出率	100%	Assets/Product/Texture/Image/UiDrawLog/UiDrawLog22.png	Assets/Product/Texture/Image/UiDrawLog/UiDrawLog23.png									
5087	9740	<color=#ff8d1e>占S级出率100%</color>	占S级出率	100%	Assets/Product/Texture/Image/UiDrawLog/UiDrawLog22.png	Assets/Product/Texture/Image/UiDrawLog/UiDrawLog23.png									
5088	9730	<color=#ff8d1e>占S级出率100%</color>	占S级出率	100%	Assets/Product/Texture/Image/UiDrawLog/UiDrawLog22.png	Assets/Product/Texture/Image/UiDrawLog/UiDrawLog23.png									
5089	9720	<color=#ff8d1e>占S级出率100%</color>	占S级出率	100%	Assets/Product/Texture/Image/UiDrawLog/UiDrawLog22.png	Assets/Product/Texture/Image/UiDrawLog/UiDrawLog23.png									
5090	10000	<color=#ff8d1e>占S级出率100%</color>	占S级出率	100%	Assets/Product/Texture/Image/UiDrawLog/UiDrawLog22.png	Assets/Product/Texture/Image/UiDrawLog/UiDrawLog23.png									
5091	9990	<color=#ff8d1e>占S级出率100%</color>	占S级出率	100%	Assets/Product/Texture/Image/UiDrawLog/UiDrawLog22.png	Assets/Product/Texture/Image/UiDrawLog/UiDrawLog23.png									
5092	9980	<color=#ff8d1e>占S级出率100%</color>	占S级出率	100%	Assets/Product/Texture/Image/UiDrawLog/UiDrawLog22.png	Assets/Product/Texture/Image/UiDrawLog/UiDrawLog23.png									
5093	9970	<color=#ff8d1e>占S级出率100%</color>	占S级出率	100%	Assets/Product/Texture/Image/UiDrawLog/UiDrawLog22.png	Assets/Product/Texture/Image/UiDrawLog/UiDrawLog23.png									
5094	9960	<color=#ff8d1e>占S级出率100%</color>	占S级出率	100%	Assets/Product/Texture/Image/UiDrawLog/UiDrawLog22.png	Assets/Product/Texture/Image/UiDrawLog/UiDrawLog23.png									
5095	9950	<color=#ff8d1e>占S级出率100%</color>	占S级出率	100%	Assets/Product/Texture/Image/UiDrawLog/UiDrawLog22.png	Assets/Product/Texture/Image/UiDrawLog/UiDrawLog23.png									
5096	9940	<color=#ff8d1e>占S级出率100%</color>	占S级出率	100%	Assets/Product/Texture/Image/UiDrawLog/UiDrawLog22.png	Assets/Product/Texture/Image/UiDrawLog/UiDrawLog23.png									
5097	9930	<color=#ff8d1e>占S级出率100%</color>	占S级出率	100%	Assets/Product/Texture/Image/UiDrawLog/UiDrawLog22.png	Assets/Product/Texture/Image/UiDrawLog/UiDrawLog23.png									
5098	9920	<color=#ff8d1e>占S级出率100%</color>	占S级出率	100%	Assets/Product/Texture/Image/UiDrawLog/UiDrawLog22.png	Assets/Product/Texture/Image/UiDrawLog/UiDrawLog23.png									
5099	9910	<color=#ff8d1e>占S级出率100%</color>	占S级出率	100%	Assets/Product/Texture/Image/UiDrawLog/UiDrawLog22.png	Assets/Product/Texture/Image/UiDrawLog/UiDrawLog23.png									
5100	9900	<color=#ff8d1e>占S级出率100%</color>	占S级出率	100%	Assets/Product/Texture/Image/UiDrawLog/UiDrawLog22.png	Assets/Product/Texture/Image/UiDrawLog/UiDrawLog23.png									
5101	9890	<color=#ff8d1e>占S级出率100%</color>	占S级出率	100%	Assets/Product/Texture/Image/UiDrawLog/UiDrawLog22.png	Assets/Product/Texture/Image/UiDrawLog/UiDrawLog23.png									
5102	9880	<color=#ff8d1e>占S级出率100%</color>	占S级出率	100%	Assets/Product/Texture/Image/UiDrawLog/UiDrawLog22.png	Assets/Product/Texture/Image/UiDrawLog/UiDrawLog23.png									
5103	9870	<color=#ff8d1e>占S级出率100%</color>	占S级出率	100%	Assets/Product/Texture/Image/UiDrawLog/UiDrawLog22.png	Assets/Product/Texture/Image/UiDrawLog/UiDrawLog23.png									
5104	9860	<color=#ff8d1e>占S级出率100%</color>	占S级出率	100%	Assets/Product/Texture/Image/UiDrawLog/UiDrawLog22.png	Assets/Product/Texture/Image/UiDrawLog/UiDrawLog23.png									
5105	9850	<color=#ff8d1e>占S级出率100%</color>	占S级出率	100%	Assets/Product/Texture/Image/UiDrawLog/UiDrawLog22.png	Assets/Product/Texture/Image/UiDrawLog/UiDrawLog23.png									
5106	9840	<color=#ff8d1e>占S级出率100%</color>	占S级出率	100%	Assets/Product/Texture/Image/UiDrawLog/UiDrawLog22.png	Assets/Product/Texture/Image/UiDrawLog/UiDrawLog23.png									
5107	9830	<color=#ff8d1e>占S级出率100%</color>	占S级出率	100%	Assets/Product/Texture/Image/UiDrawLog/UiDrawLog22.png	Assets/Product/Texture/Image/UiDrawLog/UiDrawLog23.png									
5108	9820	<color=#ff8d1e>占S级出率100%</color>	占S级出率	100%	Assets/Product/Texture/Image/UiDrawLog/UiDrawLog22.png	Assets/Product/Texture/Image/UiDrawLog/UiDrawLog23.png									
5109	9810	<color=#ff8d1e>占S级出率100%</color>	占S级出率	100%	Assets/Product/Texture/Image/UiDrawLog/UiDrawLog22.png	Assets/Product/Texture/Image/UiDrawLog/UiDrawLog23.png									
5110	9800	<color=#ff8d1e>占S级出率100%</color>	占S级出率	100%	Assets/Product/Texture/Image/UiDrawLog/UiDrawLog22.png	Assets/Product/Texture/Image/UiDrawLog/UiDrawLog23.png									
5111	9790	<color=#ff8d1e>占S级出率100%</color>	占S级出率	100%	Assets/Product/Texture/Image/UiDrawLog/UiDrawLog22.png	Assets/Product/Texture/Image/UiDrawLog/UiDrawLog23.png									
5112	9780	<color=#ff8d1e>占S级出率100%</color>	占S级出率	100%	Assets/Product/Texture/Image/UiDrawLog/UiDrawLog22.png	Assets/Product/Texture/Image/UiDrawLog/UiDrawLog23.png									
5113	9770	<color=#ff8d1e>占S级出率100%</color>	占S级出率	100%	Assets/Product/Texture/Image/UiDrawLog/UiDrawLog22.png	Assets/Product/Texture/Image/UiDrawLog/UiDrawLog23.png									
5114	9760	<color=#ff8d1e>占S级出率100%</color>	占S级出率	100%	Assets/Product/Texture/Image/UiDrawLog/UiDrawLog22.png	Assets/Product/Texture/Image/UiDrawLog/UiDrawLog23.png									
5115	9750	<color=#ff8d1e>占S级出率100%</color>	占S级出率	100%	Assets/Product/Texture/Image/UiDrawLog/UiDrawLog22.png	Assets/Product/Texture/Image/UiDrawLog/UiDrawLog23.png									
5116	9740	<color=#ff8d1e>占S级出率100%</color>	占S级出率	100%	Assets/Product/Texture/Image/UiDrawLog/UiDrawLog22.png	Assets/Product/Texture/Image/UiDrawLog/UiDrawLog23.png									
5117	9730	<color=#ff8d1e>占S级出率100%</color>	占S级出率	100%	Assets/Product/Texture/Image/UiDrawLog/UiDrawLog22.png	Assets/Product/Texture/Image/UiDrawLog/UiDrawLog23.png									
5118	9720	<color=#ff8d1e>占S级出率100%</color>	占S级出率	100%	Assets/Product/Texture/Image/UiDrawLog/UiDrawLog22.png	Assets/Product/Texture/Image/UiDrawLog/UiDrawLog23.png									
5119	9710	<color=#ff8d1e>占S级出率100%</color>	占S级出率	100%	Assets/Product/Texture/Image/UiDrawLog/UiDrawLog22.png	Assets/Product/Texture/Image/UiDrawLog/UiDrawLog23.png									
5120	9700	<color=#ff8d1e>占S级出率100%</color>	占S级出率	100%	Assets/Product/Texture/Image/UiDrawLog/UiDrawLog22.png	Assets/Product/Texture/Image/UiDrawLog/UiDrawLog23.png									
5121	9690	<color=#ff8d1e>占S级出率100%</color>	占S级出率	100%	Assets/Product/Texture/Image/UiDrawLog/UiDrawLog22.png	Assets/Product/Texture/Image/UiDrawLog/UiDrawLog23.png									
5122	9680	<color=#ff8d1e>占S级出率100%</color>	占S级出率	100%	Assets/Product/Texture/Image/UiDrawLog/UiDrawLog22.png	Assets/Product/Texture/Image/UiDrawLog/UiDrawLog23.png									
5123	9670	<color=#ff8d1e>占S级出率100%</color>	占S级出率	100%	Assets/Product/Texture/Image/UiDrawLog/UiDrawLog22.png	Assets/Product/Texture/Image/UiDrawLog/UiDrawLog23.png									
5124	9660	<color=#ff8d1e>占S级出率100%</color>	占S级出率	100%	Assets/Product/Texture/Image/UiDrawLog/UiDrawLog22.png	Assets/Product/Texture/Image/UiDrawLog/UiDrawLog23.png									
5500	10000	<color=#ff8d1e>占S级出率100%</color>	占S级出率	100%	Assets/Product/Texture/Image/UiDrawLog/UiDrawLog22.png	Assets/Product/Texture/Image/UiDrawLog/UiDrawLog23.png									
5501	9999	<color=#ff8d1e>占S级出率100%</color>	占S级出率	100%	Assets/Product/Texture/Image/UiDrawLog/UiDrawLog22.png	Assets/Product/Texture/Image/UiDrawLog/UiDrawLog23.png									
5502	9998	<color=#ff8d1e>占S级出率100%</color>	占S级出率	100%	Assets/Product/Texture/Image/UiDrawLog/UiDrawLog22.png	Assets/Product/Texture/Image/UiDrawLog/UiDrawLog23.png									
5503	9997	<color=#ff8d1e>占S级出率100%</color>	占S级出率	100%	Assets/Product/Texture/Image/UiDrawLog/UiDrawLog22.png	Assets/Product/Texture/Image/UiDrawLog/UiDrawLog23.png									
5504	9996	<color=#ff8d1e>占S级出率100%</color>	占S级出率	100%	Assets/Product/Texture/Image/UiDrawLog/UiDrawLog22.png	Assets/Product/Texture/Image/UiDrawLog/UiDrawLog23.png									
5505	9995	<color=#ff8d1e>占S级出率100%</color>	占S级出率	100%	Assets/Product/Texture/Image/UiDrawLog/UiDrawLog22.png	Assets/Product/Texture/Image/UiDrawLog/UiDrawLog23.png									
5506	9994	<color=#ff8d1e>占S级出率100%</color>	占S级出率	100%	Assets/Product/Texture/Image/UiDrawLog/UiDrawLog22.png	Assets/Product/Texture/Image/UiDrawLog/UiDrawLog23.png									
5507	9993	<color=#ff8d1e>占S级出率100%</color>	占S级出率	100%	Assets/Product/Texture/Image/UiDrawLog/UiDrawLog22.png	Assets/Product/Texture/Image/UiDrawLog/UiDrawLog23.png									
5508	10000	<color=#ff8d1e>占A级出率100%</color>	占A级出率	100%	Assets/Product/Texture/Image/UiDrawLog/UiDrawLog18.png	Assets/Product/Texture/Image/UiDrawLog/UiDrawLog20.png									
5600	9990				Assets/Product/Texture/Image/UiDrawLog/UiDrawLog18.png										
5601	9989				Assets/Product/Texture/Image/UiDrawLog/UiDrawLog18.png										
5602	9988				Assets/Product/Texture/Image/UiDrawLog/UiDrawLog18.png										
5603	9987				Assets/Product/Texture/Image/UiDrawLog/UiDrawLog18.png										
5604	9986				Assets/Product/Texture/Image/UiDrawLog/UiDrawLog18.png										
5605	9985				Assets/Product/Texture/Image/UiDrawLog/UiDrawLog18.png										
5606	9984				Assets/Product/Texture/Image/UiDrawLog/UiDrawLog18.png										
5607	9983				Assets/Product/Texture/Image/UiDrawLog/UiDrawLog18.png										
5608	10000	<color=#ff8d1e>占S级出率100%</color>	占S级出率	100%	Assets/Product/Texture/Image/UiDrawLog/UiDrawLog22.png	Assets/Product/Texture/Image/UiDrawLog/UiDrawLog23.png									
5609	9999	<color=#ff8d1e>占S级出率100%</color>	占S级出率	100%	Assets/Product/Texture/Image/UiDrawLog/UiDrawLog22.png	Assets/Product/Texture/Image/UiDrawLog/UiDrawLog23.png									
5610	9998	<color=#ff8d1e>占S级出率100%</color>	占S级出率	100%	Assets/Product/Texture/Image/UiDrawLog/UiDrawLog22.png	Assets/Product/Texture/Image/UiDrawLog/UiDrawLog23.png									
5611	9997	<color=#ff8d1e>占S级出率100%</color>	占S级出率	100%	Assets/Product/Texture/Image/UiDrawLog/UiDrawLog22.png	Assets/Product/Texture/Image/UiDrawLog/UiDrawLog23.png									
6000	9991	<color=#ff8d1e>占S级出率100%</color>	占S级出率	100%	Assets/Product/Texture/Image/UiDrawLog/UiDrawLog22.png	Assets/Product/Texture/Image/UiDrawLog/UiDrawLog23.png									
6001	9990	<color=#ff8d1e>占S级出率100%</color>	占S级出率	100%	Assets/Product/Texture/Image/UiDrawLog/UiDrawLog22.png	Assets/Product/Texture/Image/UiDrawLog/UiDrawLog23.png									
6002	9989	<color=#ff8d1e>占S级出率100%</color>	占S级出率	100%	Assets/Product/Texture/Image/UiDrawLog/UiDrawLog22.png	Assets/Product/Texture/Image/UiDrawLog/UiDrawLog23.png									
6003	9988	<color=#ff8d1e>占S级出率100%</color>	占S级出率	100%	Assets/Product/Texture/Image/UiDrawLog/UiDrawLog22.png	Assets/Product/Texture/Image/UiDrawLog/UiDrawLog23.png									
6004	9987	<color=#ff8d1e>占S级出率100%</color>	占S级出率	100%	Assets/Product/Texture/Image/UiDrawLog/UiDrawLog22.png	Assets/Product/Texture/Image/UiDrawLog/UiDrawLog23.png									
6005	9986	<color=#ff8d1e>占S级出率100%</color>	占S级出率	100%	Assets/Product/Texture/Image/UiDrawLog/UiDrawLog22.png	Assets/Product/Texture/Image/UiDrawLog/UiDrawLog23.png									
6006	9985	<color=#ff8d1e>占S级出率100%</color>	占S级出率	100%	Assets/Product/Texture/Image/UiDrawLog/UiDrawLog22.png	Assets/Product/Texture/Image/UiDrawLog/UiDrawLog23.png									
6007	9984	<color=#ff8d1e>占S级出率100%</color>	占S级出率	100%	Assets/Product/Texture/Image/UiDrawLog/UiDrawLog22.png	Assets/Product/Texture/Image/UiDrawLog/UiDrawLog23.png									
6008	9983	<color=#ff8d1e>占S级出率100%</color>	占S级出率	100%	Assets/Product/Texture/Image/UiDrawLog/UiDrawLog22.png	Assets/Product/Texture/Image/UiDrawLog/UiDrawLog23.png									
6009	10000	<color=#ff8d1e>占S级出率100%</color>	占S级出率	100%	Assets/Product/Texture/Image/UiDrawLog/UiDrawLog22.png	Assets/Product/Texture/Image/UiDrawLog/UiDrawLog23.png									
6010	9999	<color=#ff8d1e>占S级出率100%</color>	占S级出率	100%	Assets/Product/Texture/Image/UiDrawLog/UiDrawLog22.png	Assets/Product/Texture/Image/UiDrawLog/UiDrawLog23.png									
6011	9998	<color=#ff8d1e>占S级出率100%</color>	占S级出率	100%	Assets/Product/Texture/Image/UiDrawLog/UiDrawLog22.png	Assets/Product/Texture/Image/UiDrawLog/UiDrawLog23.png									
6012	9997	<color=#ff8d1e>占S级出率100%</color>	占S级出率	100%	Assets/Product/Texture/Image/UiDrawLog/UiDrawLog22.png	Assets/Product/Texture/Image/UiDrawLog/UiDrawLog23.png									
6013	9996	<color=#ff8d1e>占S级出率100%</color>	占S级出率	100%	Assets/Product/Texture/Image/UiDrawLog/UiDrawLog22.png	Assets/Product/Texture/Image/UiDrawLog/UiDrawLog23.png									
6014	9995	<color=#ff8d1e>占S级出率100%</color>	占S级出率	100%	Assets/Product/Texture/Image/UiDrawLog/UiDrawLog22.png	Assets/Product/Texture/Image/UiDrawLog/UiDrawLog23.png									
6015	9994	<color=#ff8d1e>占S级出率100%</color>	占S级出率	100%	Assets/Product/Texture/Image/UiDrawLog/UiDrawLog22.png	Assets/Product/Texture/Image/UiDrawLog/UiDrawLog23.png									
6016	9993	<color=#ff8d1e>占S级出率100%</color>	占S级出率	100%	Assets/Product/Texture/Image/UiDrawLog/UiDrawLog22.png	Assets/Product/Texture/Image/UiDrawLog/UiDrawLog23.png									
6017	9992	<color=#ff8d1e>占S级出率100%</color>	占S级出率	100%	Assets/Product/Texture/Image/UiDrawLog/UiDrawLog22.png	Assets/Product/Texture/Image/UiDrawLog/UiDrawLog23.png									
6018	9991	<color=#ff8d1e>占S级出率100%</color>	占S级出率	100%	Assets/Product/Texture/Image/UiDrawLog/UiDrawLog22.png	Assets/Product/Texture/Image/UiDrawLog/UiDrawLog23.png									
6019	9990	<color=#ff8d1e>占S级出率100%</color>	占S级出率	100%	Assets/Product/Texture/Image/UiDrawLog/UiDrawLog22.png	Assets/Product/Texture/Image/UiDrawLog/UiDrawLog23.png									
6020	9989	<color=#ff8d1e>占S级出率100%</color>	占S级出率	100%	Assets/Product/Texture/Image/UiDrawLog/UiDrawLog22.png	Assets/Product/Texture/Image/UiDrawLog/UiDrawLog23.png									
6021	10000	<color=#ff8d1e>占S级出率100%</color>	占S级出率	100%	Assets/Product/Texture/Image/UiDrawLog/UiDrawLog22.png	Assets/Product/Texture/Image/UiDrawLog/UiDrawLog23.png									
6022	9999	<color=#ff8d1e>占S级出率100%</color>	占S级出率	100%	Assets/Product/Texture/Image/UiDrawLog/UiDrawLog22.png	Assets/Product/Texture/Image/UiDrawLog/UiDrawLog23.png									
6023	9998	<color=#ff8d1e>占S级出率100%</color>	占S级出率	100%	Assets/Product/Texture/Image/UiDrawLog/UiDrawLog22.png	Assets/Product/Texture/Image/UiDrawLog/UiDrawLog23.png									
6024	9997	<color=#ff8d1e>占S级出率100%</color>	占S级出率	100%	Assets/Product/Texture/Image/UiDrawLog/UiDrawLog22.png	Assets/Product/Texture/Image/UiDrawLog/UiDrawLog23.png									
6025	9996	<color=#ff8d1e>占S级出率100%</color>	占S级出率	100%	Assets/Product/Texture/Image/UiDrawLog/UiDrawLog22.png	Assets/Product/Texture/Image/UiDrawLog/UiDrawLog23.png									
6026	9995	<color=#ff8d1e>占S级出率100%</color>	占S级出率	100%	Assets/Product/Texture/Image/UiDrawLog/UiDrawLog22.png	Assets/Product/Texture/Image/UiDrawLog/UiDrawLog23.png									
6027	9994	<color=#ff8d1e>占S级出率100%</color>	占S级出率	100%	Assets/Product/Texture/Image/UiDrawLog/UiDrawLog22.png	Assets/Product/Texture/Image/UiDrawLog/UiDrawLog23.png									
6028	9993	<color=#ff8d1e>占S级出率100%</color>	占S级出率	100%	Assets/Product/Texture/Image/UiDrawLog/UiDrawLog22.png	Assets/Product/Texture/Image/UiDrawLog/UiDrawLog23.png									
6029	9992	<color=#ff8d1e>占S级出率100%</color>	占S级出率	100%	Assets/Product/Texture/Image/UiDrawLog/UiDrawLog22.png	Assets/Product/Texture/Image/UiDrawLog/UiDrawLog23.png									
6030	9991	<color=#ff8d1e>占S级出率100%</color>	占S级出率	100%	Assets/Product/Texture/Image/UiDrawLog/UiDrawLog22.png	Assets/Product/Texture/Image/UiDrawLog/UiDrawLog23.png									
6031	9990	<color=#ff8d1e>占S级出率100%</color>	占S级出率	100%	Assets/Product/Texture/Image/UiDrawLog/UiDrawLog22.png	Assets/Product/Texture/Image/UiDrawLog/UiDrawLog23.png									
6032	9989	<color=#ff8d1e>占S级出率100%</color>	占S级出率	100%	Assets/Product/Texture/Image/UiDrawLog/UiDrawLog22.png	Assets/Product/Texture/Image/UiDrawLog/UiDrawLog23.png									
6033	9988	<color=#ff8d1e>占S级出率100%</color>	占S级出率	100%	Assets/Product/Texture/Image/UiDrawLog/UiDrawLog22.png	Assets/Product/Texture/Image/UiDrawLog/UiDrawLog23.png									
6034	9987	<color=#ff8d1e>占S级出率100%</color>	占S级出率	100%	Assets/Product/Texture/Image/UiDrawLog/UiDrawLog22.png	Assets/Product/Texture/Image/UiDrawLog/UiDrawLog23.png									
6035	9986	<color=#ff8d1e>占S级出率100%</color>	占S级出率	100%	Assets/Product/Texture/Image/UiDrawLog/UiDrawLog22.png	Assets/Product/Texture/Image/UiDrawLog/UiDrawLog23.png									
6036	9985	<color=#ff8d1e>占S级出率100%</color>	占S级出率	100%	Assets/Product/Texture/Image/UiDrawLog/UiDrawLog22.png	Assets/Product/Texture/Image/UiDrawLog/UiDrawLog23.png									
6037	9984	<color=#ff8d1e>占S级出率100%</color>	占S级出率	100%	Assets/Product/Texture/Image/UiDrawLog/UiDrawLog22.png	Assets/Product/Texture/Image/UiDrawLog/UiDrawLog23.png									
6038	10000	<color=#ff8d1e>占S级出率100%</color>	占S级出率	100%	Assets/Product/Texture/Image/UiDrawLog/UiDrawLog22.png	Assets/Product/Texture/Image/UiDrawLog/UiDrawLog23.png									
6039	9999	<color=#ff8d1e>占S级出率100%</color>	占S级出率	100%	Assets/Product/Texture/Image/UiDrawLog/UiDrawLog22.png	Assets/Product/Texture/Image/UiDrawLog/UiDrawLog23.png									
6040	9998	<color=#ff8d1e>占S级出率100%</color>	占S级出率	100%	Assets/Product/Texture/Image/UiDrawLog/UiDrawLog22.png	Assets/Product/Texture/Image/UiDrawLog/UiDrawLog23.png									
6041	9997	<color=#ff8d1e>占S级出率100%</color>	占S级出率	100%	Assets/Product/Texture/Image/UiDrawLog/UiDrawLog22.png	Assets/Product/Texture/Image/UiDrawLog/UiDrawLog23.png									
6042	9996	<color=#ff8d1e>占S级出率100%</color>	占S级出率	100%	Assets/Product/Texture/Image/UiDrawLog/UiDrawLog22.png	Assets/Product/Texture/Image/UiDrawLog/UiDrawLog23.png									
6043	9995	<color=#ff8d1e>占S级出率100%</color>	占S级出率	100%	Assets/Product/Texture/Image/UiDrawLog/UiDrawLog22.png	Assets/Product/Texture/Image/UiDrawLog/UiDrawLog23.png									
6044	9994	<color=#ff8d1e>占S级出率100%</color>	占S级出率	100%	Assets/Product/Texture/Image/UiDrawLog/UiDrawLog22.png	Assets/Product/Texture/Image/UiDrawLog/UiDrawLog23.png									
6045	9993	<color=#ff8d1e>占S级出率100%</color>	占S级出率	100%	Assets/Product/Texture/Image/UiDrawLog/UiDrawLog22.png	Assets/Product/Texture/Image/UiDrawLog/UiDrawLog23.png									
6046	9992	<color=#ff8d1e>占S级出率100%</color>	占S级出率	100%	Assets/Product/Texture/Image/UiDrawLog/UiDrawLog22.png	Assets/Product/Texture/Image/UiDrawLog/UiDrawLog23.png									
6047	9991	<color=#ff8d1e>占S级出率100%</color>	占S级出率	100%	Assets/Product/Texture/Image/UiDrawLog/UiDrawLog22.png	Assets/Product/Texture/Image/UiDrawLog/UiDrawLog23.png									
6048	9990	<color=#ff8d1e>占S级出率100%</color>	占S级出率	100%	Assets/Product/Texture/Image/UiDrawLog/UiDrawLog22.png	Assets/Product/Texture/Image/UiDrawLog/UiDrawLog23.png									
6049	9989	<color=#ff8d1e>占S级出率100%</color>	占S级出率	100%	Assets/Product/Texture/Image/UiDrawLog/UiDrawLog22.png	Assets/Product/Texture/Image/UiDrawLog/UiDrawLog23.png									
6050	9988	<color=#ff8d1e>占S级出率100%</color>	占S级出率	100%	Assets/Product/Texture/Image/UiDrawLog/UiDrawLog22.png	Assets/Product/Texture/Image/UiDrawLog/UiDrawLog23.png									
6051	9987	<color=#ff8d1e>占S级出率100%</color>	占S级出率	100%	Assets/Product/Texture/Image/UiDrawLog/UiDrawLog22.png	Assets/Product/Texture/Image/UiDrawLog/UiDrawLog23.png									
6052	9986	<color=#ff8d1e>占S级出率100%</color>	占S级出率	100%	Assets/Product/Texture/Image/UiDrawLog/UiDrawLog22.png	Assets/Product/Texture/Image/UiDrawLog/UiDrawLog23.png									
6053	9985	<color=#ff8d1e>占S级出率100%</color>	占S级出率	100%	Assets/Product/Texture/Image/UiDrawLog/UiDrawLog22.png	Assets/Product/Texture/Image/UiDrawLog/UiDrawLog23.png									
6054	9984	<color=#ff8d1e>占S级出率100%</color>	占S级出率	100%	Assets/Product/Texture/Image/UiDrawLog/UiDrawLog22.png	Assets/Product/Texture/Image/UiDrawLog/UiDrawLog23.png									
6055	9983	<color=#ff8d1e>占S级出率100%</color>	占S级出率	100%	Assets/Product/Texture/Image/UiDrawLog/UiDrawLog22.png	Assets/Product/Texture/Image/UiDrawLog/UiDrawLog23.png									
6056	9982	<color=#ff8d1e>占S级出率100%</color>	占S级出率	100%	Assets/Product/Texture/Image/UiDrawLog/UiDrawLog22.png	Assets/Product/Texture/Image/UiDrawLog/UiDrawLog23.png									
6057	9981	<color=#ff8d1e>占S级出率100%</color>	占S级出率	100%	Assets/Product/Texture/Image/UiDrawLog/UiDrawLog22.png	Assets/Product/Texture/Image/UiDrawLog/UiDrawLog23.png									
6058	9980	<color=#ff8d1e>占S级出率100%</color>	占S级出率	100%	Assets/Product/Texture/Image/UiDrawLog/UiDrawLog22.png	Assets/Product/Texture/Image/UiDrawLog/UiDrawLog23.png									
6059	9979	<color=#ff8d1e>占S级出率100%</color>	占S级出率	100%	Assets/Product/Texture/Image/UiDrawLog/UiDrawLog22.png	Assets/Product/Texture/Image/UiDrawLog/UiDrawLog23.png									
6060	9978	<color=#ff8d1e>占S级出率100%</color>	占S级出率	100%	Assets/Product/Texture/Image/UiDrawLog/UiDrawLog22.png	Assets/Product/Texture/Image/UiDrawLog/UiDrawLog23.png									
6061	10000	<color=#ff8d1e>占S级出率100%</color>	占S级出率	100%	Assets/Product/Texture/Image/UiDrawLog/UiDrawLog22.png	Assets/Product/Texture/Image/UiDrawLog/UiDrawLog23.png									
6062	9990	<color=#ff8d1e>占S级出率100%</color>	占S级出率	100%	Assets/Product/Texture/Image/UiDrawLog/UiDrawLog22.png	Assets/Product/Texture/Image/UiDrawLog/UiDrawLog23.png									
6063	9980	<color=#ff8d1e>占S级出率100%</color>	占S级出率	100%	Assets/Product/Texture/Image/UiDrawLog/UiDrawLog22.png	Assets/Product/Texture/Image/UiDrawLog/UiDrawLog23.png									
6064	9970	<color=#ff8d1e>占S级出率100%</color>	占S级出率	100%	Assets/Product/Texture/Image/UiDrawLog/UiDrawLog22.png	Assets/Product/Texture/Image/UiDrawLog/UiDrawLog23.png									
6065	9960	<color=#ff8d1e>占S级出率100%</color>	占S级出率	100%	Assets/Product/Texture/Image/UiDrawLog/UiDrawLog22.png	Assets/Product/Texture/Image/UiDrawLog/UiDrawLog23.png									
6066	9950	<color=#ff8d1e>占S级出率100%</color>	占S级出率	100%	Assets/Product/Texture/Image/UiDrawLog/UiDrawLog22.png	Assets/Product/Texture/Image/UiDrawLog/UiDrawLog23.png									
6067	9940	<color=#ff8d1e>占S级出率100%</color>	占S级出率	100%	Assets/Product/Texture/Image/UiDrawLog/UiDrawLog22.png	Assets/Product/Texture/Image/UiDrawLog/UiDrawLog23.png									
6068	9930	<color=#ff8d1e>占S级出率100%</color>	占S级出率	100%	Assets/Product/Texture/Image/UiDrawLog/UiDrawLog22.png	Assets/Product/Texture/Image/UiDrawLog/UiDrawLog23.png									
6069	9920	<color=#ff8d1e>占S级出率100%</color>	占S级出率	100%	Assets/Product/Texture/Image/UiDrawLog/UiDrawLog22.png	Assets/Product/Texture/Image/UiDrawLog/UiDrawLog23.png									
6070	9910	<color=#ff8d1e>占S级出率100%</color>	占S级出率	100%	Assets/Product/Texture/Image/UiDrawLog/UiDrawLog22.png	Assets/Product/Texture/Image/UiDrawLog/UiDrawLog23.png									
6071	9900	<color=#ff8d1e>占S级出率100%</color>	占S级出率	100%	Assets/Product/Texture/Image/UiDrawLog/UiDrawLog22.png	Assets/Product/Texture/Image/UiDrawLog/UiDrawLog23.png									
6072	9890	<color=#ff8d1e>占S级出率100%</color>	占S级出率	100%	Assets/Product/Texture/Image/UiDrawLog/UiDrawLog22.png	Assets/Product/Texture/Image/UiDrawLog/UiDrawLog23.png									
6073	9880	<color=#ff8d1e>占S级出率100%</color>	占S级出率	100%	Assets/Product/Texture/Image/UiDrawLog/UiDrawLog22.png	Assets/Product/Texture/Image/UiDrawLog/UiDrawLog23.png									
6074	9870	<color=#ff8d1e>占S级出率100%</color>	占S级出率	100%	Assets/Product/Texture/Image/UiDrawLog/UiDrawLog22.png	Assets/Product/Texture/Image/UiDrawLog/UiDrawLog23.png									
6075	9860	<color=#ff8d1e>占S级出率100%</color>	占S级出率	100%	Assets/Product/Texture/Image/UiDrawLog/UiDrawLog22.png	Assets/Product/Texture/Image/UiDrawLog/UiDrawLog23.png									
6076	9850	<color=#ff8d1e>占S级出率100%</color>	占S级出率	100%	Assets/Product/Texture/Image/UiDrawLog/UiDrawLog22.png	Assets/Product/Texture/Image/UiDrawLog/UiDrawLog23.png									
6077	9840	<color=#ff8d1e>占S级出率100%</color>	占S级出率	100%	Assets/Product/Texture/Image/UiDrawLog/UiDrawLog22.png	Assets/Product/Texture/Image/UiDrawLog/UiDrawLog23.png									
6078	9830	<color=#ff8d1e>占S级出率100%</color>	占S级出率	100%	Assets/Product/Texture/Image/UiDrawLog/UiDrawLog22.png	Assets/Product/Texture/Image/UiDrawLog/UiDrawLog23.png									
6079	9820	<color=#ff8d1e>占S级出率100%</color>	占S级出率	100%	Assets/Product/Texture/Image/UiDrawLog/UiDrawLog22.png	Assets/Product/Texture/Image/UiDrawLog/UiDrawLog23.png									
6080	9810	<color=#ff8d1e>占S级出率100%</color>	占S级出率	100%	Assets/Product/Texture/Image/UiDrawLog/UiDrawLog22.png	Assets/Product/Texture/Image/UiDrawLog/UiDrawLog23.png									
6081	9800	<color=#ff8d1e>占S级出率100%</color>	占S级出率	100%	Assets/Product/Texture/Image/UiDrawLog/UiDrawLog22.png	Assets/Product/Texture/Image/UiDrawLog/UiDrawLog23.png									
6082	9790	<color=#ff8d1e>占S级出率100%</color>	占S级出率	100%	Assets/Product/Texture/Image/UiDrawLog/UiDrawLog22.png	Assets/Product/Texture/Image/UiDrawLog/UiDrawLog23.png									
6083	9780	<color=#ff8d1e>占S级出率100%</color>	占S级出率	100%	Assets/Product/Texture/Image/UiDrawLog/UiDrawLog22.png	Assets/Product/Texture/Image/UiDrawLog/UiDrawLog23.png									
6084	9770	<color=#ff8d1e>占S级出率100%</color>	占S级出率	100%	Assets/Product/Texture/Image/UiDrawLog/UiDrawLog22.png	Assets/Product/Texture/Image/UiDrawLog/UiDrawLog23.png									
6085	9760	<color=#ff8d1e>占S级出率100%</color>	占S级出率	100%	Assets/Product/Texture/Image/UiDrawLog/UiDrawLog22.png	Assets/Product/Texture/Image/UiDrawLog/UiDrawLog23.png									
6086	9750	<color=#ff8d1e>占S级出率100%</color>	占S级出率	100%	Assets/Product/Texture/Image/UiDrawLog/UiDrawLog22.png	Assets/Product/Texture/Image/UiDrawLog/UiDrawLog23.png									
6087	9740	<color=#ff8d1e>占S级出率100%</color>	占S级出率	100%	Assets/Product/Texture/Image/UiDrawLog/UiDrawLog22.png	Assets/Product/Texture/Image/UiDrawLog/UiDrawLog23.png									
6088	9730	<color=#ff8d1e>占S级出率100%</color>	占S级出率	100%	Assets/Product/Texture/Image/UiDrawLog/UiDrawLog22.png	Assets/Product/Texture/Image/UiDrawLog/UiDrawLog23.png									
6089	9720	<color=#ff8d1e>占S级出率100%</color>	占S级出率	100%	Assets/Product/Texture/Image/UiDrawLog/UiDrawLog22.png	Assets/Product/Texture/Image/UiDrawLog/UiDrawLog23.png									
6090	10000	<color=#ff8d1e>占S级出率100%</color>	占S级出率	100%	Assets/Product/Texture/Image/UiDrawLog/UiDrawLog22.png	Assets/Product/Texture/Image/UiDrawLog/UiDrawLog23.png									
6091	9990	<color=#ff8d1e>占S级出率100%</color>	占S级出率	100%	Assets/Product/Texture/Image/UiDrawLog/UiDrawLog22.png	Assets/Product/Texture/Image/UiDrawLog/UiDrawLog23.png									
6092	9980	<color=#ff8d1e>占S级出率100%</color>	占S级出率	100%	Assets/Product/Texture/Image/UiDrawLog/UiDrawLog22.png	Assets/Product/Texture/Image/UiDrawLog/UiDrawLog23.png									
6093	9970	<color=#ff8d1e>占S级出率100%</color>	占S级出率	100%	Assets/Product/Texture/Image/UiDrawLog/UiDrawLog22.png	Assets/Product/Texture/Image/UiDrawLog/UiDrawLog23.png									
6094	9960	<color=#ff8d1e>占S级出率100%</color>	占S级出率	100%	Assets/Product/Texture/Image/UiDrawLog/UiDrawLog22.png	Assets/Product/Texture/Image/UiDrawLog/UiDrawLog23.png									
6095	9950	<color=#ff8d1e>占S级出率100%</color>	占S级出率	100%	Assets/Product/Texture/Image/UiDrawLog/UiDrawLog22.png	Assets/Product/Texture/Image/UiDrawLog/UiDrawLog23.png									
6096	9940	<color=#ff8d1e>占S级出率100%</color>	占S级出率	100%	Assets/Product/Texture/Image/UiDrawLog/UiDrawLog22.png	Assets/Product/Texture/Image/UiDrawLog/UiDrawLog23.png									
6097	9930	<color=#ff8d1e>占S级出率100%</color>	占S级出率	100%	Assets/Product/Texture/Image/UiDrawLog/UiDrawLog22.png	Assets/Product/Texture/Image/UiDrawLog/UiDrawLog23.png									
6098	9920	<color=#ff8d1e>占S级出率100%</color>	占S级出率	100%	Assets/Product/Texture/Image/UiDrawLog/UiDrawLog22.png	Assets/Product/Texture/Image/UiDrawLog/UiDrawLog23.png									
6099	9910	<color=#ff8d1e>占S级出率100%</color>	占S级出率	100%	Assets/Product/Texture/Image/UiDrawLog/UiDrawLog22.png	Assets/Product/Texture/Image/UiDrawLog/UiDrawLog23.png									
6100	9900	<color=#ff8d1e>占S级出率100%</color>	占S级出率	100%	Assets/Product/Texture/Image/UiDrawLog/UiDrawLog22.png	Assets/Product/Texture/Image/UiDrawLog/UiDrawLog23.png									
6101	9890	<color=#ff8d1e>占S级出率100%</color>	占S级出率	100%	Assets/Product/Texture/Image/UiDrawLog/UiDrawLog22.png	Assets/Product/Texture/Image/UiDrawLog/UiDrawLog23.png									
6102	9880	<color=#ff8d1e>占S级出率100%</color>	占S级出率	100%	Assets/Product/Texture/Image/UiDrawLog/UiDrawLog22.png	Assets/Product/Texture/Image/UiDrawLog/UiDrawLog23.png									
6103	9870	<color=#ff8d1e>占S级出率100%</color>	占S级出率	100%	Assets/Product/Texture/Image/UiDrawLog/UiDrawLog22.png	Assets/Product/Texture/Image/UiDrawLog/UiDrawLog23.png									
6104	9860	<color=#ff8d1e>占S级出率100%</color>	占S级出率	100%	Assets/Product/Texture/Image/UiDrawLog/UiDrawLog22.png	Assets/Product/Texture/Image/UiDrawLog/UiDrawLog23.png									
6105	9850	<color=#ff8d1e>占S级出率100%</color>	占S级出率	100%	Assets/Product/Texture/Image/UiDrawLog/UiDrawLog22.png	Assets/Product/Texture/Image/UiDrawLog/UiDrawLog23.png									
6106	9840	<color=#ff8d1e>占S级出率100%</color>	占S级出率	100%	Assets/Product/Texture/Image/UiDrawLog/UiDrawLog22.png	Assets/Product/Texture/Image/UiDrawLog/UiDrawLog23.png									
6107	9830	<color=#ff8d1e>占S级出率100%</color>	占S级出率	100%	Assets/Product/Texture/Image/UiDrawLog/UiDrawLog22.png	Assets/Product/Texture/Image/UiDrawLog/UiDrawLog23.png									
6108	9820	<color=#ff8d1e>占S级出率100%</color>	占S级出率	100%	Assets/Product/Texture/Image/UiDrawLog/UiDrawLog22.png	Assets/Product/Texture/Image/UiDrawLog/UiDrawLog23.png									
6109	9810	<color=#ff8d1e>占S级出率100%</color>	占S级出率	100%	Assets/Product/Texture/Image/UiDrawLog/UiDrawLog22.png	Assets/Product/Texture/Image/UiDrawLog/UiDrawLog23.png									
6110	9800	<color=#ff8d1e>占S级出率100%</color>	占S级出率	100%	Assets/Product/Texture/Image/UiDrawLog/UiDrawLog22.png	Assets/Product/Texture/Image/UiDrawLog/UiDrawLog23.png									
6111	9790	<color=#ff8d1e>占S级出率100%</color>	占S级出率	100%	Assets/Product/Texture/Image/UiDrawLog/UiDrawLog22.png	Assets/Product/Texture/Image/UiDrawLog/UiDrawLog23.png									
6112	9780	<color=#ff8d1e>占S级出率100%</color>	占S级出率	100%	Assets/Product/Texture/Image/UiDrawLog/UiDrawLog22.png	Assets/Product/Texture/Image/UiDrawLog/UiDrawLog23.png									
6113	9770	<color=#ff8d1e>占S级出率100%</color>	占S级出率	100%	Assets/Product/Texture/Image/UiDrawLog/UiDrawLog22.png	Assets/Product/Texture/Image/UiDrawLog/UiDrawLog23.png									
6114	9760	<color=#ff8d1e>占S级出率100%</color>	占S级出率	100%	Assets/Product/Texture/Image/UiDrawLog/UiDrawLog22.png	Assets/Product/Texture/Image/UiDrawLog/UiDrawLog23.png									
6115	9750	<color=#ff8d1e>占S级出率100%</color>	占S级出率	100%	Assets/Product/Texture/Image/UiDrawLog/UiDrawLog22.png	Assets/Product/Texture/Image/UiDrawLog/UiDrawLog23.png									
6116	9740	<color=#ff8d1e>占S级出率100%</color>	占S级出率	100%	Assets/Product/Texture/Image/UiDrawLog/UiDrawLog22.png	Assets/Product/Texture/Image/UiDrawLog/UiDrawLog23.png									
6117	9730	<color=#ff8d1e>占S级出率100%</color>	占S级出率	100%	Assets/Product/Texture/Image/UiDrawLog/UiDrawLog22.png	Assets/Product/Texture/Image/UiDrawLog/UiDrawLog23.png									
6118	9720	<color=#ff8d1e>占S级出率100%</color>	占S级出率	100%	Assets/Product/Texture/Image/UiDrawLog/UiDrawLog22.png	Assets/Product/Texture/Image/UiDrawLog/UiDrawLog23.png									
6119	9710	<color=#ff8d1e>占S级出率100%</color>	占S级出率	100%	Assets/Product/Texture/Image/UiDrawLog/UiDrawLog22.png	Assets/Product/Texture/Image/UiDrawLog/UiDrawLog23.png									
6120	9700	<color=#ff8d1e>占S级出率100%</color>	占S级出率	100%	Assets/Product/Texture/Image/UiDrawLog/UiDrawLog22.png	Assets/Product/Texture/Image/UiDrawLog/UiDrawLog23.png									
6121	9690	<color=#ff8d1e>占S级出率100%</color>	占S级出率	100%	Assets/Product/Texture/Image/UiDrawLog/UiDrawLog22.png	Assets/Product/Texture/Image/UiDrawLog/UiDrawLog23.png									
6122	9680	<color=#ff8d1e>占S级出率100%</color>	占S级出率	100%	Assets/Product/Texture/Image/UiDrawLog/UiDrawLog22.png	Assets/Product/Texture/Image/UiDrawLog/UiDrawLog23.png									
6123	9670	<color=#ff8d1e>占S级出率100%</color>	占S级出率	100%	Assets/Product/Texture/Image/UiDrawLog/UiDrawLog22.png	Assets/Product/Texture/Image/UiDrawLog/UiDrawLog23.png									
6124	9660	<color=#ff8d1e>占S级出率100%</color>	占S级出率	100%	Assets/Product/Texture/Image/UiDrawLog/UiDrawLog22.png	Assets/Product/Texture/Image/UiDrawLog/UiDrawLog23.png									
6500	9995	<color=#ff8d1e>占S级出率100%</color>	占S级出率	100%	Assets/Product/Texture/Image/UiDrawLog/UiDrawLog22.png	Assets/Product/Texture/Image/UiDrawLog/UiDrawLog23.png									
6501	9994	<color=#ff8d1e>占S级出率100%</color>	占S级出率	100%	Assets/Product/Texture/Image/UiDrawLog/UiDrawLog22.png	Assets/Product/Texture/Image/UiDrawLog/UiDrawLog23.png									
6502	9993	<color=#ff8d1e>占S级出率100%</color>	占S级出率	100%	Assets/Product/Texture/Image/UiDrawLog/UiDrawLog22.png	Assets/Product/Texture/Image/UiDrawLog/UiDrawLog23.png									
6503	9992	<color=#ff8d1e>占S级出率100%</color>	占S级出率	100%	Assets/Product/Texture/Image/UiDrawLog/UiDrawLog22.png	Assets/Product/Texture/Image/UiDrawLog/UiDrawLog23.png									
6504	9991	<color=#ff8d1e>占S级出率100%</color>	占S级出率	100%	Assets/Product/Texture/Image/UiDrawLog/UiDrawLog22.png	Assets/Product/Texture/Image/UiDrawLog/UiDrawLog23.png									
6505	9990	<color=#ff8d1e>占S级出率100%</color>	占S级出率	100%	Assets/Product/Texture/Image/UiDrawLog/UiDrawLog22.png	Assets/Product/Texture/Image/UiDrawLog/UiDrawLog23.png									
6506	9989	<color=#ff8d1e>占S级出率100%</color>	占S级出率	100%	Assets/Product/Texture/Image/UiDrawLog/UiDrawLog22.png	Assets/Product/Texture/Image/UiDrawLog/UiDrawLog23.png									
6507	9988	<color=#ff8d1e>占S级出率100%</color>	占S级出率	100%	Assets/Product/Texture/Image/UiDrawLog/UiDrawLog22.png	Assets/Product/Texture/Image/UiDrawLog/UiDrawLog23.png									
7001	5000	<color=#ff8d1e>占S级出率100%</color>	占S级出率	100%	Assets/Product/Texture/Image/UiDrawLog/UiDrawLog15.png	Assets/Product/Texture/Image/UiDrawLog/UiDrawLog4.png	1	-48.0	-47.0	1	613.94	664.4099	1		
7002	1000	<color=#26bbf9>占S级出率80%</color>	占S级出率	80%	Assets/Product/Texture/Image/UiDrawLog/UiDrawLog15.png	Assets/Product/Texture/Image/UiDrawLog/UiDrawLog4.png	1	-48.0	-47.0	1	613.94	664.4099	1		
7003	5001	<color=#ff8d1e>占S级出率100%</color>	占S级出率	100%	Assets/Product/Texture/Image/UiDrawLog/UiDrawLog15.png	Assets/Product/Texture/Image/UiDrawLog/UiDrawLog4.png	1	-65.5	-11.1999	1	548.1199	593.1799	1		
7004	1001	<color=#26bbf9>占S级出率80%</color>	占S级出率	80%	Assets/Product/Texture/Image/UiDrawLog/UiDrawLog15.png	Assets/Product/Texture/Image/UiDrawLog/UiDrawLog4.png	1	-65.5	-11.1999	1	548.1199	593.1799	1		
7005	5002	<color=#ff8d1e>占S级出率100%</color>	占S级出率	100%	Assets/Product/Texture/Image/UiDrawLog/UiDrawLog15.png	Assets/Product/Texture/Image/UiDrawLog/UiDrawLog4.png	1	-57.0	14.0	1	545.75	590.6199	1		
7006	1002	<color=#26bbf9>占S级出率80%</color>	占S级出率	80%	Assets/Product/Texture/Image/UiDrawLog/UiDrawLog15.png	Assets/Product/Texture/Image/UiDrawLog/UiDrawLog4.png	1	-57.0	14.0	1	545.75	590.6199	1		
7007	5003	<color=#ff8d1e>占S级出率100%</color>	占S级出率	100%	Assets/Product/Texture/Image/UiDrawLog/UiDrawLog15.png	Assets/Product/Texture/Image/UiDrawLog/UiDrawLog4.png	1	-41.0	-13.0	1	613.94	664.4099	1		
7008	1003	<color=#26bbf9>占S级出率80%</color>	占S级出率	80%	Assets/Product/Texture/Image/UiDrawLog/UiDrawLog15.png	Assets/Product/Texture/Image/UiDrawLog/UiDrawLog4.png	1	-41.0	-13.0	1	613.94	664.4099	1		
7009	5004	<color=#ff8d1e>占S级出率100%</color>	占S级出率	100%	Assets/Product/Texture/Image/UiDrawLog/UiDrawLog15.png	Assets/Product/Texture/Image/UiDrawLog/UiDrawLog4.png	1	-14.1999		1	587.9099	636.25	1		
7010	1004	<color=#26bbf9>占S级出率80%</color>	占S级出率	80%	Assets/Product/Texture/Image/UiDrawLog/UiDrawLog15.png	Assets/Product/Texture/Image/UiDrawLog/UiDrawLog4.png	1	-14.1999		1	587.9099	636.25	1		
7011	5005	<color=#ff8d1e>占S级出率100%</color>	占S级出率	100%	Assets/Product/Texture/Image/UiDrawLog/UiDrawLog15.png	Assets/Product/Texture/Image/UiDrawLog/UiDrawLog4.png	1	-29.0		1	574.14	621.3499	1		
7012	1005	<color=#26bbf9>占S级出率80%</color>	占S级出率	80%	Assets/Product/Texture/Image/UiDrawLog/UiDrawLog15.png	Assets/Product/Texture/Image/UiDrawLog/UiDrawLog4.png	1	-29.0		1	574.14	621.3499	1		
7013	5006	<color=#ff8d1e>占S级出率100%</color>	占S级出率	100%	Assets/Product/Texture/Image/UiDrawLog/UiDrawLog15.png	Assets/Product/Texture/Image/UiDrawLog/UiDrawLog4.png	1	5.0	-18.0	1	585.75	633.9	1		
7014	1006	<color=#26bbf9>占S级出率80%</color>	占S级出率	80%	Assets/Product/Texture/Image/UiDrawLog/UiDrawLog15.png	Assets/Product/Texture/Image/UiDrawLog/UiDrawLog4.png	1	5.0	-18.0	1	585.75	633.9	1		
7015	5007	<color=#ff8d1e>占S级出率100%</color>	占S级出率	100%	Assets/Product/Texture/Image/UiDrawLog/UiDrawLog15.png	Assets/Product/Texture/Image/UiDrawLog/UiDrawLog4.png	1	-6.0	13.0	1	602.0599	651.5499	1		
7016	1007	<color=#26bbf9>占S级出率80%</color>	占S级出率	80%	Assets/Product/Texture/Image/UiDrawLog/UiDrawLog15.png	Assets/Product/Texture/Image/UiDrawLog/UiDrawLog4.png	1	-6.0	13.0	1	602.0599	651.5499	1		
7017	5008	<color=#ff8d1e>占S级出率100%</color>	占S级出率	100%	Assets/Product/Texture/Image/UiDrawLog/UiDrawLog15.png	Assets/Product/Texture/Image/UiDrawLog/UiDrawLog4.png	1	11.0	-48.5999	1	688.76	745.385	1		
7018	1008	<color=#26bbf9>占S级出率80%</color>	占S级出率	80%	Assets/Product/Texture/Image/UiDrawLog/UiDrawLog15.png	Assets/Product/Texture/Image/UiDrawLog/UiDrawLog4.png	1	11.0	-48.5999	1	688.76	745.385	1		
7019	5009	<color=#ff8d1e>占S级出率100%</color>	占S级出率	100%	Assets/Product/Texture/Image/UiDrawLog/UiDrawLog15.png	Assets/Product/Texture/Image/UiDrawLog/UiDrawLog4.png	1	8.1999	-10.0	1	562.39	608.63	1		
7020	1009	<color=#26bbf9>占S级出率80%</color>	占S级出率	80%	Assets/Product/Texture/Image/UiDrawLog/UiDrawLog15.png	Assets/Product/Texture/Image/UiDrawLog/UiDrawLog4.png	1	8.1999	-10.0	1	562.39	608.63	1		
7021	5010	<color=#ff8d1e>占S级出率100%</color>	占S级出率	100%	Assets/Product/Texture/Image/UiDrawLog/UiDrawLog15.png	Assets/Product/Texture/Image/UiDrawLog/UiDrawLog4.png	1	-62.0	-23.0	1	573.4099	620.5499	1		
7022	1010	<color=#26bbf9>占S级出率80%</color>	占S级出率	80%	Assets/Product/Texture/Image/UiDrawLog/UiDrawLog15.png	Assets/Product/Texture/Image/UiDrawLog/UiDrawLog4.png	1	-62.0	-23.0	1	573.4099	620.5499	1		
7023	5011	<color=#ff8d1e>占S级出率100%</color>	占S级出率	100%	Assets/Product/Texture/Image/UiDrawLog/UiDrawLog15.png	Assets/Product/Texture/Image/UiDrawLog/UiDrawLog4.png	1	-63.0	-62.0	1	554.5	600.0	1		
7024	1011	<color=#26bbf9>占S级出率80%</color>	占S级出率	80%	Assets/Product/Texture/Image/UiDrawLog/UiDrawLog15.png	Assets/Product/Texture/Image/UiDrawLog/UiDrawLog4.png	1	-63.0	-62.0	1	554.5	600.0	1		
7025	5012	<color=#ff8d1e>占S级出率100%</color>	占S级出率	100%	Assets/Product/Texture/Image/UiDrawLog/UiDrawLog15.png	Assets/Product/Texture/Image/UiDrawLog/UiDrawLog4.png									
7026	1012	<color=#26bbf9>占S级出率80%</color>	占S级出率	80%	Assets/Product/Texture/Image/UiDrawLog/UiDrawLog15.png	Assets/Product/Texture/Image/UiDrawLog/UiDrawLog4.png									
7027	5013	<color=#ff8d1e>占S级出率100%</color>	占S级出率	100%	Assets/Product/Texture/Image/UiDrawLog/UiDrawLog15.png	Assets/Product/Texture/Image/UiDrawLog/UiDrawLog4.png									
7028	1013	<color=#26bbf9>占S级出率80%</color>	占S级出率	80%	Assets/Product/Texture/Image/UiDrawLog/UiDrawLog15.png	Assets/Product/Texture/Image/UiDrawLog/UiDrawLog4.png									
7029	5014	<color=#ff8d1e>占S级出率100%</color>	占S级出率	100%	Assets/Product/Texture/Image/UiDrawLog/UiDrawLog15.png	Assets/Product/Texture/Image/UiDrawLog/UiDrawLog4.png									
7030	1014	<color=#26bbf9>占S级出率80%</color>	占S级出率	80%	Assets/Product/Texture/Image/UiDrawLog/UiDrawLog15.png	Assets/Product/Texture/Image/UiDrawLog/UiDrawLog4.png									
7031	5015	<color=#ff8d1e>占S级出率100%</color>	占S级出率	100%	Assets/Product/Texture/Image/UiDrawLog/UiDrawLog15.png	Assets/Product/Texture/Image/UiDrawLog/UiDrawLog4.png									
7032	1015	<color=#26bbf9>占S级出率80%</color>	占S级出率	80%	Assets/Product/Texture/Image/UiDrawLog/UiDrawLog15.png	Assets/Product/Texture/Image/UiDrawLog/UiDrawLog4.png									
7033	5016	<color=#ff8d1e>占S级出率100%</color>	占S级出率	100%	Assets/Product/Texture/Image/UiDrawLog/UiDrawLog15.png	Assets/Product/Texture/Image/UiDrawLog/UiDrawLog4.png									
7034	1016	<color=#26bbf9>占S级出率80%</color>	占S级出率	80%	Assets/Product/Texture/Image/UiDrawLog/UiDrawLog15.png	Assets/Product/Texture/Image/UiDrawLog/UiDrawLog4.png									
7035	5017	<color=#ff8d1e>占S级出率100%</color>	占S级出率	100%	Assets/Product/Texture/Image/UiDrawLog/UiDrawLog15.png	Assets/Product/Texture/Image/UiDrawLog/UiDrawLog4.png									
7036	1017	<color=#26bbf9>占S级出率80%</color>	占S级出率	80%	Assets/Product/Texture/Image/UiDrawLog/UiDrawLog15.png	Assets/Product/Texture/Image/UiDrawLog/UiDrawLog4.png									
7037	5018	<color=#ff8d1e>占S级出率100%</color>	占S级出率	100%	Assets/Product/Texture/Image/UiDrawLog/UiDrawLog15.png	Assets/Product/Texture/Image/UiDrawLog/UiDrawLog4.png									
7038	1018	<color=#26bbf9>占S级出率80%</color>	占S级出率	80%	Assets/Product/Texture/Image/UiDrawLog/UiDrawLog15.png	Assets/Product/Texture/Image/UiDrawLog/UiDrawLog4.png									
7039	5019	<color=#ff8d1e>占S级出率100%</color>	占S级出率	100%	Assets/Product/Texture/Image/UiDrawLog/UiDrawLog15.png	Assets/Product/Texture/Image/UiDrawLog/UiDrawLog4.png									
7040	1019	<color=#26bbf9>占S级出率80%</color>	占S级出率	80%	Assets/Product/Texture/Image/UiDrawLog/UiDrawLog15.png	Assets/Product/Texture/Image/UiDrawLog/UiDrawLog4.png									
7041	5020	<color=#ff8d1e>占S级出率100%</color>	占S级出率	100%	Assets/Product/Texture/Image/UiDrawLog/UiDrawLog15.png	Assets/Product/Texture/Image/UiDrawLog/UiDrawLog4.png									
7042	1020	<color=#26bbf9>占S级出率80%</color>	占S级出率	80%	Assets/Product/Texture/Image/UiDrawLog/UiDrawLog15.png	Assets/Product/Texture/Image/UiDrawLog/UiDrawLog4.png									
7043	5021	<color=#ff8d1e>占S级出率100%</color>	占S级出率	100%	Assets/Product/Texture/Image/UiDrawLog/UiDrawLog15.png	Assets/Product/Texture/Image/UiDrawLog/UiDrawLog4.png									
7044	1021	<color=#26bbf9>占S级出率80%</color>	占S级出率	80%	Assets/Product/Texture/Image/UiDrawLog/UiDrawLog15.png	Assets/Product/Texture/Image/UiDrawLog/UiDrawLog4.png									
7045	5022	<color=#ff8d1e>占S级出率100%</color>	占S级出率	100%	Assets/Product/Texture/Image/UiDrawLog/UiDrawLog15.png	Assets/Product/Texture/Image/UiDrawLog/UiDrawLog4.png									
7046	1022	<color=#26bbf9>占S级出率80%</color>	占S级出率	80%	Assets/Product/Texture/Image/UiDrawLog/UiDrawLog15.png	Assets/Product/Texture/Image/UiDrawLog/UiDrawLog4.png									
7047	5023	<color=#ff8d1e>占S级出率100%</color>	占S级出率	100%	Assets/Product/Texture/Image/UiDrawLog/UiDrawLog15.png	Assets/Product/Texture/Image/UiDrawLog/UiDrawLog4.png									
7048	1023	<color=#26bbf9>占S级出率80%</color>	占S级出率	80%	Assets/Product/Texture/Image/UiDrawLog/UiDrawLog15.png	Assets/Product/Texture/Image/UiDrawLog/UiDrawLog4.png									
7049	5024	<color=#ff8d1e>占S级出率100%</color>	占S级出率	100%	Assets/Product/Texture/Image/UiDrawLog/UiDrawLog15.png	Assets/Product/Texture/Image/UiDrawLog/UiDrawLog4.png									
7050	5025	<color=#ff8d1e>占S级出率100%</color>	占S级出率	100%	Assets/Product/Texture/Image/UiDrawLog/UiDrawLog15.png	Assets/Product/Texture/Image/UiDrawLog/UiDrawLog4.png									
7051	5026	<color=#ff8d1e>占S级出率100%</color>	占S级出率	100%	Assets/Product/Texture/Image/UiDrawLog/UiDrawLog15.png	Assets/Product/Texture/Image/UiDrawLog/UiDrawLog4.png									
7052	1024	<color=#26bbf9>占S级出率80%</color>	占S级出率	80%	Assets/Product/Texture/Image/UiDrawLog/UiDrawLog15.png	Assets/Product/Texture/Image/UiDrawLog/UiDrawLog4.png									
7053	5027	<color=#ff8d1e>占S级出率100%</color>	占S级出率	100%	Assets/Product/Texture/Image/UiDrawLog/UiDrawLog15.png	Assets/Product/Texture/Image/UiDrawLog/UiDrawLog4.png									
7054	1025	<color=#26bbf9>占S级出率80%</color>	占S级出率	80%	Assets/Product/Texture/Image/UiDrawLog/UiDrawLog15.png	Assets/Product/Texture/Image/UiDrawLog/UiDrawLog4.png									
7055	5028	<color=#ff8d1e>占S级出率100%</color>	占S级出率	100%	Assets/Product/Texture/Image/UiDrawLog/UiDrawLog15.png	Assets/Product/Texture/Image/UiDrawLog/UiDrawLog4.png									
7056	5029	<color=#ff8d1e>占S级出率100%</color>	占S级出率	100%	Assets/Product/Texture/Image/UiDrawLog/UiDrawLog15.png	Assets/Product/Texture/Image/UiDrawLog/UiDrawLog4.png									
7057	1026	<color=#26bbf9>占S级出率80%</color>	占S级出率	80%	Assets/Product/Texture/Image/UiDrawLog/UiDrawLog15.png	Assets/Product/Texture/Image/UiDrawLog/UiDrawLog4.png									
7058	5030	<color=#ff8d1e>占S级出率100%</color>	占S级出率	100%	Assets/Product/Texture/Image/UiDrawLog/UiDrawLog15.png	Assets/Product/Texture/Image/UiDrawLog/UiDrawLog4.png									
7059	1027	<color=#26bbf9>占S级出率80%</color>	占S级出率	80%	Assets/Product/Texture/Image/UiDrawLog/UiDrawLog15.png	Assets/Product/Texture/Image/UiDrawLog/UiDrawLog4.png									
7060	5031	<color=#ff8d1e>占S级出率100%</color>	占S级出率	100%	Assets/Product/Texture/Image/UiDrawLog/UiDrawLog15.png	Assets/Product/Texture/Image/UiDrawLog/UiDrawLog4.png									
7061	1028	<color=#26bbf9>占S级出率80%</color>	占S级出率	80%	Assets/Product/Texture/Image/UiDrawLog/UiDrawLog15.png	Assets/Product/Texture/Image/UiDrawLog/UiDrawLog4.png									
7062	5032	<color=#ff8d1e>占S级出率100%</color>	占S级出率	100%	Assets/Product/Texture/Image/UiDrawLog/UiDrawLog15.png	Assets/Product/Texture/Image/UiDrawLog/UiDrawLog4.png									
7063	1026	<color=#26bbf9>占S级出率80%</color>	占S级出率	80%	Assets/Product/Texture/Image/UiDrawLog/UiDrawLog15.png	Assets/Product/Texture/Image/UiDrawLog/UiDrawLog4.png									
7064	5033	<color=#ff8d1e>占S级出率100%</color>	占S级出率	100%	Assets/Product/Texture/Image/UiDrawLog/UiDrawLog15.png	Assets/Product/Texture/Image/UiDrawLog/UiDrawLog4.png									
7065	5034	<color=#ff8d1e>占S级出率100%</color>	占S级出率	100%	Assets/Product/Texture/Image/UiDrawLog/UiDrawLog15.png	Assets/Product/Texture/Image/UiDrawLog/UiDrawLog4.png									
8001	10000	<color=#ff8d1e>占S级出率100%</color>	占S级出率	100%	Assets/Product/Texture/Image/UiDrawLog/UiDrawLog22.png	Assets/Product/Texture/Image/UiDrawLog/UiDrawLog23.png									
8002	9990	<color=#ff8d1e>占S级出率100%</color>	占S级出率	100%	Assets/Product/Texture/Image/UiDrawLog/UiDrawLog22.png	Assets/Product/Texture/Image/UiDrawLog/UiDrawLog23.png									
8003	9980	<color=#ff8d1e>占S级出率100%</color>	占S级出率	100%	Assets/Product/Texture/Image/UiDrawLog/UiDrawLog22.png	Assets/Product/Texture/Image/UiDrawLog/UiDrawLog23.png									
8004	9970	<color=#ff8d1e>占S级出率100%</color>	占S级出率	100%	Assets/Product/Texture/Image/UiDrawLog/UiDrawLog22.png	Assets/Product/Texture/Image/UiDrawLog/UiDrawLog23.png									
8005	9960	<color=#ff8d1e>占S级出率100%</color>	占S级出率	100%	Assets/Product/Texture/Image/UiDrawLog/UiDrawLog22.png	Assets/Product/Texture/Image/UiDrawLog/UiDrawLog23.png									
8006	9950	<color=#ff8d1e>占S级出率100%</color>	占S级出率	100%	Assets/Product/Texture/Image/UiDrawLog/UiDrawLog22.png	Assets/Product/Texture/Image/UiDrawLog/UiDrawLog23.png									
8007	9940	<color=#ff8d1e>占S级出率100%</color>	占S级出率	100%	Assets/Product/Texture/Image/UiDrawLog/UiDrawLog22.png	Assets/Product/Texture/Image/UiDrawLog/UiDrawLog23.png									
8008	9930	<color=#ff8d1e>占S级出率100%</color>	占S级出率	100%	Assets/Product/Texture/Image/UiDrawLog/UiDrawLog22.png	Assets/Product/Texture/Image/UiDrawLog/UiDrawLog23.png									
8009	9920	<color=#ff8d1e>占S级出率100%</color>	占S级出率	100%	Assets/Product/Texture/Image/UiDrawLog/UiDrawLog22.png	Assets/Product/Texture/Image/UiDrawLog/UiDrawLog23.png									
8010	9910	<color=#ff8d1e>占S级出率100%</color>	占S级出率	100%	Assets/Product/Texture/Image/UiDrawLog/UiDrawLog22.png	Assets/Product/Texture/Image/UiDrawLog/UiDrawLog23.png									
8011	9900	<color=#ff8d1e>占S级出率100%</color>	占S级出率	100%	Assets/Product/Texture/Image/UiDrawLog/UiDrawLog22.png	Assets/Product/Texture/Image/UiDrawLog/UiDrawLog23.png									
8012	10000	<color=#ff8d1e>占S级出率100%</color>	占S级出率	100%	Assets/Product/Texture/Image/UiDrawLog/UiDrawLog22.png	Assets/Product/Texture/Image/UiDrawLog/UiDrawLog23.png									
8013	9990	<color=#ff8d1e>占S级出率100%</color>	占S级出率	100%	Assets/Product/Texture/Image/UiDrawLog/UiDrawLog22.png	Assets/Product/Texture/Image/UiDrawLog/UiDrawLog23.png									
8014	9980	<color=#ff8d1e>占S级出率100%</color>	占S级出率	100%	Assets/Product/Texture/Image/UiDrawLog/UiDrawLog22.png	Assets/Product/Texture/Image/UiDrawLog/UiDrawLog23.png									
8015	9970	<color=#ff8d1e>占S级出率100%</color>	占S级出率	100%	Assets/Product/Texture/Image/UiDrawLog/UiDrawLog22.png	Assets/Product/Texture/Image/UiDrawLog/UiDrawLog23.png									
8016	9960	<color=#ff8d1e>占S级出率100%</color>	占S级出率	100%	Assets/Product/Texture/Image/UiDrawLog/UiDrawLog22.png	Assets/Product/Texture/Image/UiDrawLog/UiDrawLog23.png									
8017	9950	<color=#ff8d1e>占S级出率100%</color>	占S级出率	100%	Assets/Product/Texture/Image/UiDrawLog/UiDrawLog22.png	Assets/Product/Texture/Image/UiDrawLog/UiDrawLog23.png									
8018	9940	<color=#ff8d1e>占S级出率100%</color>	占S级出率	100%	Assets/Product/Texture/Image/UiDrawLog/UiDrawLog22.png	Assets/Product/Texture/Image/UiDrawLog/UiDrawLog23.png									
8019	9930	<color=#ff8d1e>占S级出率100%</color>	占S级出率	100%	Assets/Product/Texture/Image/UiDrawLog/UiDrawLog22.png	Assets/Product/Texture/Image/UiDrawLog/UiDrawLog23.png									
8020	9920	<color=#ff8d1e>占S级出率100%</color>	占S级出率	100%	Assets/Product/Texture/Image/UiDrawLog/UiDrawLog22.png	Assets/Product/Texture/Image/UiDrawLog/UiDrawLog23.png									
8021	9910	<color=#ff8d1e>占S级出率100%</color>	占S级出率	100%	Assets/Product/Texture/Image/UiDrawLog/UiDrawLog22.png	Assets/Product/Texture/Image/UiDrawLog/UiDrawLog23.png									
8022	9900	<color=#ff8d1e>占S级出率100%</color>	占S级出率	100%	Assets/Product/Texture/Image/UiDrawLog/UiDrawLog22.png	Assets/Product/Texture/Image/UiDrawLog/UiDrawLog23.png									
8023	9890	<color=#ff8d1e>占S级出率100%</color>	占S级出率	100%	Assets/Product/Texture/Image/UiDrawLog/UiDrawLog22.png	Assets/Product/Texture/Image/UiDrawLog/UiDrawLog23.png									
8024	9880	<color=#ff8d1e>占S级出率100%</color>	占S级出率	100%	Assets/Product/Texture/Image/UiDrawLog/UiDrawLog22.png	Assets/Product/Texture/Image/UiDrawLog/UiDrawLog23.png									
8025	9870	<color=#ff8d1e>占S级出率100%</color>	占S级出率	100%	Assets/Product/Texture/Image/UiDrawLog/UiDrawLog22.png	Assets/Product/Texture/Image/UiDrawLog/UiDrawLog23.png									
8026	9860	<color=#ff8d1e>占S级出率100%</color>	占S级出率	100%	Assets/Product/Texture/Image/UiDrawLog/UiDrawLog22.png	Assets/Product/Texture/Image/UiDrawLog/UiDrawLog23.png									
8027	10000	<color=#ff8d1e>占S级出率100%</color>	占S级出率	100%	Assets/Product/Texture/Image/UiDrawLog/UiDrawLog22.png	Assets/Product/Texture/Image/UiDrawLog/UiDrawLog23.png									
8028	9990	<color=#ff8d1e>占S级出率100%</color>	占S级出率	100%	Assets/Product/Texture/Image/UiDrawLog/UiDrawLog22.png	Assets/Product/Texture/Image/UiDrawLog/UiDrawLog23.png									
8029	9980	<color=#ff8d1e>占S级出率100%</color>	占S级出率	100%	Assets/Product/Texture/Image/UiDrawLog/UiDrawLog22.png	Assets/Product/Texture/Image/UiDrawLog/UiDrawLog23.png									
8030	9970	<color=#ff8d1e>占S级出率100%</color>	占S级出率	100%	Assets/Product/Texture/Image/UiDrawLog/UiDrawLog22.png	Assets/Product/Texture/Image/UiDrawLog/UiDrawLog23.png									
8031	9960	<color=#ff8d1e>占S级出率100%</color>	占S级出率	100%	Assets/Product/Texture/Image/UiDrawLog/UiDrawLog22.png	Assets/Product/Texture/Image/UiDrawLog/UiDrawLog23.png									
8032	9950	<color=#ff8d1e>占S级出率100%</color>	占S级出率	100%	Assets/Product/Texture/Image/UiDrawLog/UiDrawLog22.png	Assets/Product/Texture/Image/UiDrawLog/UiDrawLog23.png									
8033	9940	<color=#ff8d1e>占S级出率100%</color>	占S级出率	100%	Assets/Product/Texture/Image/UiDrawLog/UiDrawLog22.png	Assets/Product/Texture/Image/UiDrawLog/UiDrawLog23.png									
8034	9930	<color=#ff8d1e>占S级出率100%</color>	占S级出率	100%	Assets/Product/Texture/Image/UiDrawLog/UiDrawLog22.png	Assets/Product/Texture/Image/UiDrawLog/UiDrawLog23.png									
8035	9920	<color=#ff8d1e>占S级出率100%</color>	占S级出率	100%	Assets/Product/Texture/Image/UiDrawLog/UiDrawLog22.png	Assets/Product/Texture/Image/UiDrawLog/UiDrawLog23.png									
8036	9910	<color=#ff8d1e>占S级出率100%</color>	占S级出率	100%	Assets/Product/Texture/Image/UiDrawLog/UiDrawLog22.png	Assets/Product/Texture/Image/UiDrawLog/UiDrawLog23.png									
8037	9900	<color=#ff8d1e>占S级出率100%</color>	占S级出率	100%	Assets/Product/Texture/Image/UiDrawLog/UiDrawLog22.png	Assets/Product/Texture/Image/UiDrawLog/UiDrawLog23.png									
8038	9890	<color=#ff8d1e>占S级出率100%</color>	占S级出率	100%	Assets/Product/Texture/Image/UiDrawLog/UiDrawLog22.png	Assets/Product/Texture/Image/UiDrawLog/UiDrawLog23.png									
8039	9880	<color=#ff8d1e>占S级出率100%</color>	占S级出率	100%	Assets/Product/Texture/Image/UiDrawLog/UiDrawLog22.png	Assets/Product/Texture/Image/UiDrawLog/UiDrawLog23.png									
8040	9870	<color=#ff8d1e>占S级出率100%</color>	占S级出率	100%	Assets/Product/Texture/Image/UiDrawLog/UiDrawLog22.png	Assets/Product/Texture/Image/UiDrawLog/UiDrawLog23.png									
8041	9860	<color=#ff8d1e>占S级出率100%</color>	占S级出率	100%	Assets/Product/Texture/Image/UiDrawLog/UiDrawLog22.png	Assets/Product/Texture/Image/UiDrawLog/UiDrawLog23.png									
8042	9850	<color=#ff8d1e>占S级出率100%</color>	占S级出率	100%	Assets/Product/Texture/Image/UiDrawLog/UiDrawLog22.png	Assets/Product/Texture/Image/UiDrawLog/UiDrawLog23.png									
8043	9840	<color=#ff8d1e>占S级出率100%</color>	占S级出率	100%	Assets/Product/Texture/Image/UiDrawLog/UiDrawLog22.png	Assets/Product/Texture/Image/UiDrawLog/UiDrawLog23.png									
8044	9830	<color=#ff8d1e>占S级出率100%</color>	占S级出率	100%	Assets/Product/Texture/Image/UiDrawLog/UiDrawLog22.png	Assets/Product/Texture/Image/UiDrawLog/UiDrawLog23.png									
8045	9820	<color=#ff8d1e>占S级出率100%</color>	占S级出率	100%	Assets/Product/Texture/Image/UiDrawLog/UiDrawLog22.png	Assets/Product/Texture/Image/UiDrawLog/UiDrawLog23.png									
8046	9810	<color=#ff8d1e>占S级出率100%</color>	占S级出率	100%	Assets/Product/Texture/Image/UiDrawLog/UiDrawLog22.png	Assets/Product/Texture/Image/UiDrawLog/UiDrawLog23.png									
8047	10000	<color=#ff8d1e>占S级出率100%</color>	占S级出率	100%	Assets/Product/Texture/Image/UiDrawLog/UiDrawLog22.png	Assets/Product/Texture/Image/UiDrawLog/UiDrawLog23.png									
8048	9990	<color=#ff8d1e>占S级出率100%</color>	占S级出率	100%	Assets/Product/Texture/Image/UiDrawLog/UiDrawLog22.png	Assets/Product/Texture/Image/UiDrawLog/UiDrawLog23.png									
8049	9980	<color=#ff8d1e>占S级出率100%</color>	占S级出率	100%	Assets/Product/Texture/Image/UiDrawLog/UiDrawLog22.png	Assets/Product/Texture/Image/UiDrawLog/UiDrawLog23.png									
8050	9970	<color=#ff8d1e>占S级出率100%</color>	占S级出率	100%	Assets/Product/Texture/Image/UiDrawLog/UiDrawLog22.png	Assets/Product/Texture/Image/UiDrawLog/UiDrawLog23.png									
8051	9960	<color=#ff8d1e>占S级出率100%</color>	占S级出率	100%	Assets/Product/Texture/Image/UiDrawLog/UiDrawLog22.png	Assets/Product/Texture/Image/UiDrawLog/UiDrawLog23.png									
8052	9950	<color=#ff8d1e>占S级出率100%</color>	占S级出率	100%	Assets/Product/Texture/Image/UiDrawLog/UiDrawLog22.png	Assets/Product/Texture/Image/UiDrawLog/UiDrawLog23.png									
8053	9940	<color=#ff8d1e>占S级出率100%</color>	占S级出率	100%	Assets/Product/Texture/Image/UiDrawLog/UiDrawLog22.png	Assets/Product/Texture/Image/UiDrawLog/UiDrawLog23.png									
8054	9930	<color=#ff8d1e>占S级出率100%</color>	占S级出率	100%	Assets/Product/Texture/Image/UiDrawLog/UiDrawLog22.png	Assets/Product/Texture/Image/UiDrawLog/UiDrawLog23.png									
8055	9920	<color=#ff8d1e>占S级出率100%</color>	占S级出率	100%	Assets/Product/Texture/Image/UiDrawLog/UiDrawLog22.png	Assets/Product/Texture/Image/UiDrawLog/UiDrawLog23.png									
8056	9910	<color=#ff8d1e>占S级出率100%</color>	占S级出率	100%	Assets/Product/Texture/Image/UiDrawLog/UiDrawLog22.png	Assets/Product/Texture/Image/UiDrawLog/UiDrawLog23.png									
8057	9900	<color=#ff8d1e>占S级出率100%</color>	占S级出率	100%	Assets/Product/Texture/Image/UiDrawLog/UiDrawLog22.png	Assets/Product/Texture/Image/UiDrawLog/UiDrawLog23.png									
8058	9890	<color=#ff8d1e>占S级出率100%</color>	占S级出率	100%	Assets/Product/Texture/Image/UiDrawLog/UiDrawLog22.png	Assets/Product/Texture/Image/UiDrawLog/UiDrawLog23.png									
8059	9880	<color=#ff8d1e>占S级出率100%</color>	占S级出率	100%	Assets/Product/Texture/Image/UiDrawLog/UiDrawLog22.png	Assets/Product/Texture/Image/UiDrawLog/UiDrawLog23.png									
8060	9870	<color=#ff8d1e>占S级出率100%</color>	占S级出率	100%	Assets/Product/Texture/Image/UiDrawLog/UiDrawLog22.png	Assets/Product/Texture/Image/UiDrawLog/UiDrawLog23.png									
8061	9860	<color=#ff8d1e>占S级出率100%</color>	占S级出率	100%	Assets/Product/Texture/Image/UiDrawLog/UiDrawLog22.png	Assets/Product/Texture/Image/UiDrawLog/UiDrawLog23.png									
8062	9850	<color=#ff8d1e>占S级出率100%</color>	占S级出率	100%	Assets/Product/Texture/Image/UiDrawLog/UiDrawLog22.png	Assets/Product/Texture/Image/UiDrawLog/UiDrawLog23.png									
8063	9840	<color=#ff8d1e>占S级出率100%</color>	占S级出率	100%	Assets/Product/Texture/Image/UiDrawLog/UiDrawLog22.png	Assets/Product/Texture/Image/UiDrawLog/UiDrawLog23.png									
8064	9830	<color=#ff8d1e>占S级出率100%</color>	占S级出率	100%	Assets/Product/Texture/Image/UiDrawLog/UiDrawLog22.png	Assets/Product/Texture/Image/UiDrawLog/UiDrawLog23.png									
8065	9820	<color=#ff8d1e>占S级出率100%</color>	占S级出率	100%	Assets/Product/Texture/Image/UiDrawLog/UiDrawLog22.png	Assets/Product/Texture/Image/UiDrawLog/UiDrawLog23.png									
8066	9810	<color=#ff8d1e>占S级出率100%</color>	占S级出率	100%	Assets/Product/Texture/Image/UiDrawLog/UiDrawLog22.png	Assets/Product/Texture/Image/UiDrawLog/UiDrawLog23.png									
8067	9800	<color=#ff8d1e>占S级出率100%</color>	占S级出率	100%	Assets/Product/Texture/Image/UiDrawLog/UiDrawLog22.png	Assets/Product/Texture/Image/UiDrawLog/UiDrawLog23.png									
8068	9790	<color=#ff8d1e>占S级出率100%</color>	占S级出率	100%	Assets/Product/Texture/Image/UiDrawLog/UiDrawLog22.png	Assets/Product/Texture/Image/UiDrawLog/UiDrawLog23.png									
8069	9780	<color=#ff8d1e>占S级出率100%</color>	占S级出率	100%	Assets/Product/Texture/Image/UiDrawLog/UiDrawLog22.png	Assets/Product/Texture/Image/UiDrawLog/UiDrawLog23.png									
8070	9770	<color=#ff8d1e>占S级出率100%</color>	占S级出率	100%	Assets/Product/Texture/Image/UiDrawLog/UiDrawLog22.png	Assets/Product/Texture/Image/UiDrawLog/UiDrawLog23.png									
8071	9760	<color=#ff8d1e>占S级出率100%</color>	占S级出率	100%	Assets/Product/Texture/Image/UiDrawLog/UiDrawLog22.png	Assets/Product/Texture/Image/UiDrawLog/UiDrawLog23.png									
8072	9750	<color=#ff8d1e>占S级出率100%</color>	占S级出率	100%	Assets/Product/Texture/Image/UiDrawLog/UiDrawLog22.png	Assets/Product/Texture/Image/UiDrawLog/UiDrawLog23.png									
8073	10000	<color=#ff8d1e>占S级出率100%</color>	占S级出率	100%	Assets/Product/Texture/Image/UiDrawLog/UiDrawLog22.png	Assets/Product/Texture/Image/UiDrawLog/UiDrawLog23.png									
8074	9990	<color=#ff8d1e>占S级出率100%</color>	占S级出率	100%	Assets/Product/Texture/Image/UiDrawLog/UiDrawLog22.png	Assets/Product/Texture/Image/UiDrawLog/UiDrawLog23.png									
8075	9980	<color=#ff8d1e>占S级出率100%</color>	占S级出率	100%	Assets/Product/Texture/Image/UiDrawLog/UiDrawLog22.png	Assets/Product/Texture/Image/UiDrawLog/UiDrawLog23.png									
8076	9970	<color=#ff8d1e>占S级出率100%</color>	占S级出率	100%	Assets/Product/Texture/Image/UiDrawLog/UiDrawLog22.png	Assets/Product/Texture/Image/UiDrawLog/UiDrawLog23.png									
8077	9960	<color=#ff8d1e>占S级出率100%</color>	占S级出率	100%	Assets/Product/Texture/Image/UiDrawLog/UiDrawLog22.png	Assets/Product/Texture/Image/UiDrawLog/UiDrawLog23.png									
8078	9950	<color=#ff8d1e>占S级出率100%</color>	占S级出率	100%	Assets/Product/Texture/Image/UiDrawLog/UiDrawLog22.png	Assets/Product/Texture/Image/UiDrawLog/UiDrawLog23.png									
8079	9940	<color=#ff8d1e>占S级出率100%</color>	占S级出率	100%	Assets/Product/Texture/Image/UiDrawLog/UiDrawLog22.png	Assets/Product/Texture/Image/UiDrawLog/UiDrawLog23.png									
8080	9930	<color=#ff8d1e>占S级出率100%</color>	占S级出率	100%	Assets/Product/Texture/Image/UiDrawLog/UiDrawLog22.png	Assets/Product/Texture/Image/UiDrawLog/UiDrawLog23.png									
8081	9920	<color=#ff8d1e>占S级出率100%</color>	占S级出率	100%	Assets/Product/Texture/Image/UiDrawLog/UiDrawLog22.png	Assets/Product/Texture/Image/UiDrawLog/UiDrawLog23.png									
8082	9910	<color=#ff8d1e>占S级出率100%</color>	占S级出率	100%	Assets/Product/Texture/Image/UiDrawLog/UiDrawLog22.png	Assets/Product/Texture/Image/UiDrawLog/UiDrawLog23.png									
8083	9900	<color=#ff8d1e>占S级出率100%</color>	占S级出率	100%	Assets/Product/Texture/Image/UiDrawLog/UiDrawLog22.png	Assets/Product/Texture/Image/UiDrawLog/UiDrawLog23.png									
8084	9890	<color=#ff8d1e>占S级出率100%</color>	占S级出率	100%	Assets/Product/Texture/Image/UiDrawLog/UiDrawLog22.png	Assets/Product/Texture/Image/UiDrawLog/UiDrawLog23.png									
8085	9880	<color=#ff8d1e>占S级出率100%</color>	占S级出率	100%	Assets/Product/Texture/Image/UiDrawLog/UiDrawLog22.png	Assets/Product/Texture/Image/UiDrawLog/UiDrawLog23.png									
8086	9870	<color=#ff8d1e>占S级出率100%</color>	占S级出率	100%	Assets/Product/Texture/Image/UiDrawLog/UiDrawLog22.png	Assets/Product/Texture/Image/UiDrawLog/UiDrawLog23.png									
8087	9860	<color=#ff8d1e>占S级出率100%</color>	占S级出率	100%	Assets/Product/Texture/Image/UiDrawLog/UiDrawLog22.png	Assets/Product/Texture/Image/UiDrawLog/UiDrawLog23.png									
8088	9850	<color=#ff8d1e>占S级出率100%</color>	占S级出率	100%	Assets/Product/Texture/Image/UiDrawLog/UiDrawLog22.png	Assets/Product/Texture/Image/UiDrawLog/UiDrawLog23.png									
8089	9840	<color=#ff8d1e>占S级出率100%</color>	占S级出率	100%	Assets/Product/Texture/Image/UiDrawLog/UiDrawLog22.png	Assets/Product/Texture/Image/UiDrawLog/UiDrawLog23.png									
8090	9830	<color=#ff8d1e>占S级出率100%</color>	占S级出率	100%	Assets/Product/Texture/Image/UiDrawLog/UiDrawLog22.png	Assets/Product/Texture/Image/UiDrawLog/UiDrawLog23.png									
8091	9820	<color=#ff8d1e>占S级出率100%</color>	占S级出率	100%	Assets/Product/Texture/Image/UiDrawLog/UiDrawLog22.png	Assets/Product/Texture/Image/UiDrawLog/UiDrawLog23.png									
8092	9810	<color=#ff8d1e>占S级出率100%</color>	占S级出率	100%	Assets/Product/Texture/Image/UiDrawLog/UiDrawLog22.png	Assets/Product/Texture/Image/UiDrawLog/UiDrawLog23.png									
8093	9800	<color=#ff8d1e>占S级出率100%</color>	占S级出率	100%	Assets/Product/Texture/Image/UiDrawLog/UiDrawLog22.png	Assets/Product/Texture/Image/UiDrawLog/UiDrawLog23.png									
8094	9790	<color=#ff8d1e>占S级出率100%</color>	占S级出率	100%	Assets/Product/Texture/Image/UiDrawLog/UiDrawLog22.png	Assets/Product/Texture/Image/UiDrawLog/UiDrawLog23.png									
8095	9780	<color=#ff8d1e>占S级出率100%</color>	占S级出率	100%	Assets/Product/Texture/Image/UiDrawLog/UiDrawLog22.png	Assets/Product/Texture/Image/UiDrawLog/UiDrawLog23.png									
8096	9770	<color=#ff8d1e>占S级出率100%</color>	占S级出率	100%	Assets/Product/Texture/Image/UiDrawLog/UiDrawLog22.png	Assets/Product/Texture/Image/UiDrawLog/UiDrawLog23.png									
8097	9760	<color=#ff8d1e>占S级出率100%</color>	占S级出率	100%	Assets/Product/Texture/Image/UiDrawLog/UiDrawLog22.png	Assets/Product/Texture/Image/UiDrawLog/UiDrawLog23.png									
8098	9750	<color=#ff8d1e>占S级出率100%</color>	占S级出率	100%	Assets/Product/Texture/Image/UiDrawLog/UiDrawLog22.png	Assets/Product/Texture/Image/UiDrawLog/UiDrawLog23.png									
8099	9740	<color=#ff8d1e>占S级出率100%</color>	占S级出率	100%	Assets/Product/Texture/Image/UiDrawLog/UiDrawLog22.png	Assets/Product/Texture/Image/UiDrawLog/UiDrawLog23.png									
8100	9730	<color=#ff8d1e>占S级出率100%</color>	占S级出率	100%	Assets/Product/Texture/Image/UiDrawLog/UiDrawLog22.png	Assets/Product/Texture/Image/UiDrawLog/UiDrawLog23.png									
8101	9720	<color=#ff8d1e>占S级出率100%</color>	占S级出率	100%	Assets/Product/Texture/Image/UiDrawLog/UiDrawLog22.png	Assets/Product/Texture/Image/UiDrawLog/UiDrawLog23.png									
8102	9710	<color=#ff8d1e>占S级出率100%</color>	占S级出率	100%	Assets/Product/Texture/Image/UiDrawLog/UiDrawLog22.png	Assets/Product/Texture/Image/UiDrawLog/UiDrawLog23.png									
8103	9700	<color=#ff8d1e>占S级出率100%</color>	占S级出率	100%	Assets/Product/Texture/Image/UiDrawLog/UiDrawLog22.png	Assets/Product/Texture/Image/UiDrawLog/UiDrawLog23.png									
8104	9690	<color=#ff8d1e>占S级出率100%</color>	占S级出率	100%	Assets/Product/Texture/Image/UiDrawLog/UiDrawLog22.png	Assets/Product/Texture/Image/UiDrawLog/UiDrawLog23.png									
8105	9680	<color=#ff8d1e>占S级出率100%</color>	占S级出率	100%	Assets/Product/Texture/Image/UiDrawLog/UiDrawLog22.png	Assets/Product/Texture/Image/UiDrawLog/UiDrawLog23.png									
8106	10000	<color=#ff8d1e>占S级出率100%</color>	占S级出率	100%	Assets/Product/Texture/Image/UiDrawLog/UiDrawLog22.png	Assets/Product/Texture/Image/UiDrawLog/UiDrawLog23.png									
8107	9990	<color=#ff8d1e>占S级出率100%</color>	占S级出率	100%	Assets/Product/Texture/Image/UiDrawLog/UiDrawLog22.png	Assets/Product/Texture/Image/UiDrawLog/UiDrawLog23.png									
8108	9980	<color=#ff8d1e>占S级出率100%</color>	占S级出率	100%	Assets/Product/Texture/Image/UiDrawLog/UiDrawLog22.png	Assets/Product/Texture/Image/UiDrawLog/UiDrawLog23.png									
8109	9970	<color=#ff8d1e>占S级出率100%</color>	占S级出率	100%	Assets/Product/Texture/Image/UiDrawLog/UiDrawLog22.png	Assets/Product/Texture/Image/UiDrawLog/UiDrawLog23.png									
8110	9960	<color=#ff8d1e>占S级出率100%</color>	占S级出率	100%	Assets/Product/Texture/Image/UiDrawLog/UiDrawLog22.png	Assets/Product/Texture/Image/UiDrawLog/UiDrawLog23.png									
8111	9950	<color=#ff8d1e>占S级出率100%</color>	占S级出率	100%	Assets/Product/Texture/Image/UiDrawLog/UiDrawLog22.png	Assets/Product/Texture/Image/UiDrawLog/UiDrawLog23.png									
8112	9940	<color=#ff8d1e>占S级出率100%</color>	占S级出率	100%	Assets/Product/Texture/Image/UiDrawLog/UiDrawLog22.png	Assets/Product/Texture/Image/UiDrawLog/UiDrawLog23.png									
8113	9930	<color=#ff8d1e>占S级出率100%</color>	占S级出率	100%	Assets/Product/Texture/Image/UiDrawLog/UiDrawLog22.png	Assets/Product/Texture/Image/UiDrawLog/UiDrawLog23.png									
8114	9920	<color=#ff8d1e>占S级出率100%</color>	占S级出率	100%	Assets/Product/Texture/Image/UiDrawLog/UiDrawLog22.png	Assets/Product/Texture/Image/UiDrawLog/UiDrawLog23.png									
8115	9910	<color=#ff8d1e>占S级出率100%</color>	占S级出率	100%	Assets/Product/Texture/Image/UiDrawLog/UiDrawLog22.png	Assets/Product/Texture/Image/UiDrawLog/UiDrawLog23.png									
8116	9900	<color=#ff8d1e>占S级出率100%</color>	占S级出率	100%	Assets/Product/Texture/Image/UiDrawLog/UiDrawLog22.png	Assets/Product/Texture/Image/UiDrawLog/UiDrawLog23.png									
8117	9890	<color=#ff8d1e>占S级出率100%</color>	占S级出率	100%	Assets/Product/Texture/Image/UiDrawLog/UiDrawLog22.png	Assets/Product/Texture/Image/UiDrawLog/UiDrawLog23.png									
8118	9880	<color=#ff8d1e>占S级出率100%</color>	占S级出率	100%	Assets/Product/Texture/Image/UiDrawLog/UiDrawLog22.png	Assets/Product/Texture/Image/UiDrawLog/UiDrawLog23.png									
8119	9870	<color=#ff8d1e>占S级出率100%</color>	占S级出率	100%	Assets/Product/Texture/Image/UiDrawLog/UiDrawLog22.png	Assets/Product/Texture/Image/UiDrawLog/UiDrawLog23.png									
8120	9860	<color=#ff8d1e>占S级出率100%</color>	占S级出率	100%	Assets/Product/Texture/Image/UiDrawLog/UiDrawLog22.png	Assets/Product/Texture/Image/UiDrawLog/UiDrawLog23.png									
8121	9850	<color=#ff8d1e>占S级出率100%</color>	占S级出率	100%	Assets/Product/Texture/Image/UiDrawLog/UiDrawLog22.png	Assets/Product/Texture/Image/UiDrawLog/UiDrawLog23.png									
8122	9840	<color=#ff8d1e>占S级出率100%</color>	占S级出率	100%	Assets/Product/Texture/Image/UiDrawLog/UiDrawLog22.png	Assets/Product/Texture/Image/UiDrawLog/UiDrawLog23.png									
8123	9830	<color=#ff8d1e>占S级出率100%</color>	占S级出率	100%	Assets/Product/Texture/Image/UiDrawLog/UiDrawLog22.png	Assets/Product/Texture/Image/UiDrawLog/UiDrawLog23.png									
8124	9820	<color=#ff8d1e>占S级出率100%</color>	占S级出率	100%	Assets/Product/Texture/Image/UiDrawLog/UiDrawLog22.png	Assets/Product/Texture/Image/UiDrawLog/UiDrawLog23.png									
8125	9810	<color=#ff8d1e>占S级出率100%</color>	占S级出率	100%	Assets/Product/Texture/Image/UiDrawLog/UiDrawLog22.png	Assets/Product/Texture/Image/UiDrawLog/UiDrawLog23.png									
8126	9800	<color=#ff8d1e>占S级出率100%</color>	占S级出率	100%	Assets/Product/Texture/Image/UiDrawLog/UiDrawLog22.png	Assets/Product/Texture/Image/UiDrawLog/UiDrawLog23.png									
8127	9790	<color=#ff8d1e>占S级出率100%</color>	占S级出率	100%	Assets/Product/Texture/Image/UiDrawLog/UiDrawLog22.png	Assets/Product/Texture/Image/UiDrawLog/UiDrawLog23.png									
8128	9780	<color=#ff8d1e>占S级出率100%</color>	占S级出率	100%	Assets/Product/Texture/Image/UiDrawLog/UiDrawLog22.png	Assets/Product/Texture/Image/UiDrawLog/UiDrawLog23.png									
8129	9770	<color=#ff8d1e>占S级出率100%</color>	占S级出率	100%	Assets/Product/Texture/Image/UiDrawLog/UiDrawLog22.png	Assets/Product/Texture/Image/UiDrawLog/UiDrawLog23.png									
8130	9760	<color=#ff8d1e>占S级出率100%</color>	占S级出率	100%	Assets/Product/Texture/Image/UiDrawLog/UiDrawLog22.png	Assets/Product/Texture/Image/UiDrawLog/UiDrawLog23.png									
8131	9750	<color=#ff8d1e>占S级出率100%</color>	占S级出率	100%	Assets/Product/Texture/Image/UiDrawLog/UiDrawLog22.png	Assets/Product/Texture/Image/UiDrawLog/UiDrawLog23.png									
8132	9740	<color=#ff8d1e>占S级出率100%</color>	占S级出率	100%	Assets/Product/Texture/Image/UiDrawLog/UiDrawLog22.png	Assets/Product/Texture/Image/UiDrawLog/UiDrawLog23.png									
8133	9730	<color=#ff8d1e>占S级出率100%</color>	占S级出率	100%	Assets/Product/Texture/Image/UiDrawLog/UiDrawLog22.png	Assets/Product/Texture/Image/UiDrawLog/UiDrawLog23.png									
8134	9720	<color=#ff8d1e>占S级出率100%</color>	占S级出率	100%	Assets/Product/Texture/Image/UiDrawLog/UiDrawLog22.png	Assets/Product/Texture/Image/UiDrawLog/UiDrawLog23.png									
8135	9710	<color=#ff8d1e>占S级出率100%</color>	占S级出率	100%	Assets/Product/Texture/Image/UiDrawLog/UiDrawLog22.png	Assets/Product/Texture/Image/UiDrawLog/UiDrawLog23.png									
8136	9700	<color=#ff8d1e>占S级出率100%</color>	占S级出率	100%	Assets/Product/Texture/Image/UiDrawLog/UiDrawLog22.png	Assets/Product/Texture/Image/UiDrawLog/UiDrawLog23.png									
8137	9690	<color=#ff8d1e>占S级出率100%</color>	占S级出率	100%	Assets/Product/Texture/Image/UiDrawLog/UiDrawLog22.png	Assets/Product/Texture/Image/UiDrawLog/UiDrawLog23.png									
8138	9680	<color=#ff8d1e>占S级出率100%</color>	占S级出率	100%	Assets/Product/Texture/Image/UiDrawLog/UiDrawLog22.png	Assets/Product/Texture/Image/UiDrawLog/UiDrawLog23.png									
8139	9670	<color=#ff8d1e>占S级出率100%</color>	占S级出率	100%	Assets/Product/Texture/Image/UiDrawLog/UiDrawLog22.png	Assets/Product/Texture/Image/UiDrawLog/UiDrawLog23.png									
8140	9660	<color=#ff8d1e>占S级出率100%</color>	占S级出率	100%	Assets/Product/Texture/Image/UiDrawLog/UiDrawLog22.png	Assets/Product/Texture/Image/UiDrawLog/UiDrawLog23.png									
8141	9650	<color=#ff8d1e>占S级出率100%</color>	占S级出率	100%	Assets/Product/Texture/Image/UiDrawLog/UiDrawLog22.png	Assets/Product/Texture/Image/UiDrawLog/UiDrawLog23.png									
8142	9640	<color=#ff8d1e>占S级出率100%</color>	占S级出率	100%	Assets/Product/Texture/Image/UiDrawLog/UiDrawLog22.png	Assets/Product/Texture/Image/UiDrawLog/UiDrawLog23.png									
8143	9630	<color=#ff8d1e>占S级出率100%</color>	占S级出率	100%	Assets/Product/Texture/Image/UiDrawLog/UiDrawLog22.png	Assets/Product/Texture/Image/UiDrawLog/UiDrawLog23.png									
8501	9890	<color=#ff8d1e>占S级出率100%</color>	占S级出率	100%	Assets/Product/Texture/Image/UiDrawLog/UiDrawLog22.png	Assets/Product/Texture/Image/UiDrawLog/UiDrawLog23.png									
8502	9880	<color=#ff8d1e>占S级出率100%</color>	占S级出率	100%	Assets/Product/Texture/Image/UiDrawLog/UiDrawLog22.png	Assets/Product/Texture/Image/UiDrawLog/UiDrawLog23.png									
8503	9870	<color=#ff8d1e>占S级出率100%</color>	占S级出率	100%	Assets/Product/Texture/Image/UiDrawLog/UiDrawLog22.png	Assets/Product/Texture/Image/UiDrawLog/UiDrawLog23.png									
8504	9860	<color=#ff8d1e>占S级出率100%</color>	占S级出率	100%	Assets/Product/Texture/Image/UiDrawLog/UiDrawLog22.png	Assets/Product/Texture/Image/UiDrawLog/UiDrawLog23.png									
8505	9850	<color=#ff8d1e>占S级出率100%</color>	占S级出率	100%	Assets/Product/Texture/Image/UiDrawLog/UiDrawLog22.png	Assets/Product/Texture/Image/UiDrawLog/UiDrawLog23.png									
8506	9840	<color=#ff8d1e>占S级出率100%</color>	占S级出率	100%	Assets/Product/Texture/Image/UiDrawLog/UiDrawLog22.png	Assets/Product/Texture/Image/UiDrawLog/UiDrawLog23.png									
8507	9830	<color=#ff8d1e>占S级出率100%</color>	占S级出率	100%	Assets/Product/Texture/Image/UiDrawLog/UiDrawLog22.png	Assets/Product/Texture/Image/UiDrawLog/UiDrawLog23.png									
8508	9820	<color=#ff8d1e>占S级出率100%</color>	占S级出率	100%	Assets/Product/Texture/Image/UiDrawLog/UiDrawLog22.png	Assets/Product/Texture/Image/UiDrawLog/UiDrawLog23.png									
8509	9810	<color=#ff8d1e>占S级出率100%</color>	占S级出率	100%	Assets/Product/Texture/Image/UiDrawLog/UiDrawLog22.png	Assets/Product/Texture/Image/UiDrawLog/UiDrawLog23.png									
8510	9800	<color=#ff8d1e>占S级出率100%</color>	占S级出率	100%	Assets/Product/Texture/Image/UiDrawLog/UiDrawLog22.png	Assets/Product/Texture/Image/UiDrawLog/UiDrawLog23.png									
8511	9790	<color=#ff8d1e>占S级出率100%</color>	占S级出率	100%	Assets/Product/Texture/Image/UiDrawLog/UiDrawLog22.png	Assets/Product/Texture/Image/UiDrawLog/UiDrawLog23.png									
8512	10000	<color=#ff8d1e>占S级出率100%</color>	占S级出率	100%	Assets/Product/Texture/Image/UiDrawLog/UiDrawLog22.png	Assets/Product/Texture/Image/UiDrawLog/UiDrawLog23.png									
8513	9990	<color=#ff8d1e>占S级出率100%</color>	占S级出率	100%	Assets/Product/Texture/Image/UiDrawLog/UiDrawLog22.png	Assets/Product/Texture/Image/UiDrawLog/UiDrawLog23.png									
8514	9980	<color=#ff8d1e>占S级出率100%</color>	占S级出率	100%	Assets/Product/Texture/Image/UiDrawLog/UiDrawLog22.png	Assets/Product/Texture/Image/UiDrawLog/UiDrawLog23.png									
8515	9970	<color=#ff8d1e>占S级出率100%</color>	占S级出率	100%	Assets/Product/Texture/Image/UiDrawLog/UiDrawLog22.png	Assets/Product/Texture/Image/UiDrawLog/UiDrawLog23.png									
8516	9960	<color=#ff8d1e>占S级出率100%</color>	占S级出率	100%	Assets/Product/Texture/Image/UiDrawLog/UiDrawLog22.png	Assets/Product/Texture/Image/UiDrawLog/UiDrawLog23.png									
8517	9950	<color=#ff8d1e>占S级出率100%</color>	占S级出率	100%	Assets/Product/Texture/Image/UiDrawLog/UiDrawLog22.png	Assets/Product/Texture/Image/UiDrawLog/UiDrawLog23.png									
8518	9940	<color=#ff8d1e>占S级出率100%</color>	占S级出率	100%	Assets/Product/Texture/Image/UiDrawLog/UiDrawLog22.png	Assets/Product/Texture/Image/UiDrawLog/UiDrawLog23.png									
8519	9930	<color=#ff8d1e>占S级出率100%</color>	占S级出率	100%	Assets/Product/Texture/Image/UiDrawLog/UiDrawLog22.png	Assets/Product/Texture/Image/UiDrawLog/UiDrawLog23.png									
8520	9920	<color=#ff8d1e>占S级出率100%</color>	占S级出率	100%	Assets/Product/Texture/Image/UiDrawLog/UiDrawLog22.png	Assets/Product/Texture/Image/UiDrawLog/UiDrawLog23.png									
8521	9910	<color=#ff8d1e>占S级出率100%</color>	占S级出率	100%	Assets/Product/Texture/Image/UiDrawLog/UiDrawLog22.png	Assets/Product/Texture/Image/UiDrawLog/UiDrawLog23.png									
8522	9900	<color=#ff8d1e>占S级出率100%</color>	占S级出率	100%	Assets/Product/Texture/Image/UiDrawLog/UiDrawLog22.png	Assets/Product/Texture/Image/UiDrawLog/UiDrawLog23.png									
8523	9890	<color=#ff8d1e>占S级出率100%</color>	占S级出率	100%	Assets/Product/Texture/Image/UiDrawLog/UiDrawLog22.png	Assets/Product/Texture/Image/UiDrawLog/UiDrawLog23.png									
8524	9880	<color=#ff8d1e>占S级出率100%</color>	占S级出率	100%	Assets/Product/Texture/Image/UiDrawLog/UiDrawLog22.png	Assets/Product/Texture/Image/UiDrawLog/UiDrawLog23.png									
8525	9870	<color=#ff8d1e>占S级出率100%</color>	占S级出率	100%	Assets/Product/Texture/Image/UiDrawLog/UiDrawLog22.png	Assets/Product/Texture/Image/UiDrawLog/UiDrawLog23.png									
8526	9860	<color=#ff8d1e>占S级出率100%</color>	占S级出率	100%	Assets/Product/Texture/Image/UiDrawLog/UiDrawLog22.png	Assets/Product/Texture/Image/UiDrawLog/UiDrawLog23.png									
8527	10000	<color=#ff8d1e>占S级出率100%</color>	占S级出率	100%	Assets/Product/Texture/Image/UiDrawLog/UiDrawLog22.png	Assets/Product/Texture/Image/UiDrawLog/UiDrawLog23.png									
8528	9990	<color=#ff8d1e>占S级出率100%</color>	占S级出率	100%	Assets/Product/Texture/Image/UiDrawLog/UiDrawLog22.png	Assets/Product/Texture/Image/UiDrawLog/UiDrawLog23.png									
8529	9980	<color=#ff8d1e>占S级出率100%</color>	占S级出率	100%	Assets/Product/Texture/Image/UiDrawLog/UiDrawLog22.png	Assets/Product/Texture/Image/UiDrawLog/UiDrawLog23.png									
8530	9970	<color=#ff8d1e>占S级出率100%</color>	占S级出率	100%	Assets/Product/Texture/Image/UiDrawLog/UiDrawLog22.png	Assets/Product/Texture/Image/UiDrawLog/UiDrawLog23.png									
8531	9960	<color=#ff8d1e>占S级出率100%</color>	占S级出率	100%	Assets/Product/Texture/Image/UiDrawLog/UiDrawLog22.png	Assets/Product/Texture/Image/UiDrawLog/UiDrawLog23.png									
8532	9950	<color=#ff8d1e>占S级出率100%</color>	占S级出率	100%	Assets/Product/Texture/Image/UiDrawLog/UiDrawLog22.png	Assets/Product/Texture/Image/UiDrawLog/UiDrawLog23.png									
8533	9940	<color=#ff8d1e>占S级出率100%</color>	占S级出率	100%	Assets/Product/Texture/Image/UiDrawLog/UiDrawLog22.png	Assets/Product/Texture/Image/UiDrawLog/UiDrawLog23.png									
8534	9930	<color=#ff8d1e>占S级出率100%</color>	占S级出率	100%	Assets/Product/Texture/Image/UiDrawLog/UiDrawLog22.png	Assets/Product/Texture/Image/UiDrawLog/UiDrawLog23.png									
8535	9920	<color=#ff8d1e>占S级出率100%</color>	占S级出率	100%	Assets/Product/Texture/Image/UiDrawLog/UiDrawLog22.png	Assets/Product/Texture/Image/UiDrawLog/UiDrawLog23.png									
8536	9910	<color=#ff8d1e>占S级出率100%</color>	占S级出率	100%	Assets/Product/Texture/Image/UiDrawLog/UiDrawLog22.png	Assets/Product/Texture/Image/UiDrawLog/UiDrawLog23.png									
8537	9900	<color=#ff8d1e>占S级出率100%</color>	占S级出率	100%	Assets/Product/Texture/Image/UiDrawLog/UiDrawLog22.png	Assets/Product/Texture/Image/UiDrawLog/UiDrawLog23.png									
8538	9890	<color=#ff8d1e>占S级出率100%</color>	占S级出率	100%	Assets/Product/Texture/Image/UiDrawLog/UiDrawLog22.png	Assets/Product/Texture/Image/UiDrawLog/UiDrawLog23.png									
8539	9880	<color=#ff8d1e>占S级出率100%</color>	占S级出率	100%	Assets/Product/Texture/Image/UiDrawLog/UiDrawLog22.png	Assets/Product/Texture/Image/UiDrawLog/UiDrawLog23.png									
8540	9870	<color=#ff8d1e>占S级出率100%</color>	占S级出率	100%	Assets/Product/Texture/Image/UiDrawLog/UiDrawLog22.png	Assets/Product/Texture/Image/UiDrawLog/UiDrawLog23.png									
8541	9860	<color=#ff8d1e>占S级出率100%</color>	占S级出率	100%	Assets/Product/Texture/Image/UiDrawLog/UiDrawLog22.png	Assets/Product/Texture/Image/UiDrawLog/UiDrawLog23.png									
8542	9850	<color=#ff8d1e>占S级出率100%</color>	占S级出率	100%	Assets/Product/Texture/Image/UiDrawLog/UiDrawLog22.png	Assets/Product/Texture/Image/UiDrawLog/UiDrawLog23.png									
8543	9840	<color=#ff8d1e>占S级出率100%</color>	占S级出率	100%	Assets/Product/Texture/Image/UiDrawLog/UiDrawLog22.png	Assets/Product/Texture/Image/UiDrawLog/UiDrawLog23.png									
8544	9830	<color=#ff8d1e>占S级出率100%</color>	占S级出率	100%	Assets/Product/Texture/Image/UiDrawLog/UiDrawLog22.png	Assets/Product/Texture/Image/UiDrawLog/UiDrawLog23.png									
8545	9820	<color=#ff8d1e>占S级出率100%</color>	占S级出率	100%	Assets/Product/Texture/Image/UiDrawLog/UiDrawLog22.png	Assets/Product/Texture/Image/UiDrawLog/UiDrawLog23.png									
8546	9810	<color=#ff8d1e>占S级出率100%</color>	占S级出率	100%	Assets/Product/Texture/Image/UiDrawLog/UiDrawLog22.png	Assets/Product/Texture/Image/UiDrawLog/UiDrawLog23.png									
8547	10000	<color=#ff8d1e>占S级出率100%</color>	占S级出率	100%	Assets/Product/Texture/Image/UiDrawLog/UiDrawLog22.png	Assets/Product/Texture/Image/UiDrawLog/UiDrawLog23.png									
8548	9990	<color=#ff8d1e>占S级出率100%</color>	占S级出率	100%	Assets/Product/Texture/Image/UiDrawLog/UiDrawLog22.png	Assets/Product/Texture/Image/UiDrawLog/UiDrawLog23.png									
8549	9980	<color=#ff8d1e>占S级出率100%</color>	占S级出率	100%	Assets/Product/Texture/Image/UiDrawLog/UiDrawLog22.png	Assets/Product/Texture/Image/UiDrawLog/UiDrawLog23.png									
8550	9970	<color=#ff8d1e>占S级出率100%</color>	占S级出率	100%	Assets/Product/Texture/Image/UiDrawLog/UiDrawLog22.png	Assets/Product/Texture/Image/UiDrawLog/UiDrawLog23.png									
8551	9960	<color=#ff8d1e>占S级出率100%</color>	占S级出率	100%	Assets/Product/Texture/Image/UiDrawLog/UiDrawLog22.png	Assets/Product/Texture/Image/UiDrawLog/UiDrawLog23.png									
8552	9950	<color=#ff8d1e>占S级出率100%</color>	占S级出率	100%	Assets/Product/Texture/Image/UiDrawLog/UiDrawLog22.png	Assets/Product/Texture/Image/UiDrawLog/UiDrawLog23.png									
8553	9940	<color=#ff8d1e>占S级出率100%</color>	占S级出率	100%	Assets/Product/Texture/Image/UiDrawLog/UiDrawLog22.png	Assets/Product/Texture/Image/UiDrawLog/UiDrawLog23.png									
8554	9930	<color=#ff8d1e>占S级出率100%</color>	占S级出率	100%	Assets/Product/Texture/Image/UiDrawLog/UiDrawLog22.png	Assets/Product/Texture/Image/UiDrawLog/UiDrawLog23.png									
8555	9920	<color=#ff8d1e>占S级出率100%</color>	占S级出率	100%	Assets/Product/Texture/Image/UiDrawLog/UiDrawLog22.png	Assets/Product/Texture/Image/UiDrawLog/UiDrawLog23.png									
8556	9910	<color=#ff8d1e>占S级出率100%</color>	占S级出率	100%	Assets/Product/Texture/Image/UiDrawLog/UiDrawLog22.png	Assets/Product/Texture/Image/UiDrawLog/UiDrawLog23.png									
8557	9900	<color=#ff8d1e>占S级出率100%</color>	占S级出率	100%	Assets/Product/Texture/Image/UiDrawLog/UiDrawLog22.png	Assets/Product/Texture/Image/UiDrawLog/UiDrawLog23.png									
8558	9890	<color=#ff8d1e>占S级出率100%</color>	占S级出率	100%	Assets/Product/Texture/Image/UiDrawLog/UiDrawLog22.png	Assets/Product/Texture/Image/UiDrawLog/UiDrawLog23.png									
8559	9880	<color=#ff8d1e>占S级出率100%</color>	占S级出率	100%	Assets/Product/Texture/Image/UiDrawLog/UiDrawLog22.png	Assets/Product/Texture/Image/UiDrawLog/UiDrawLog23.png									
8560	9870	<color=#ff8d1e>占S级出率100%</color>	占S级出率	100%	Assets/Product/Texture/Image/UiDrawLog/UiDrawLog22.png	Assets/Product/Texture/Image/UiDrawLog/UiDrawLog23.png									
8561	9860	<color=#ff8d1e>占S级出率100%</color>	占S级出率	100%	Assets/Product/Texture/Image/UiDrawLog/UiDrawLog22.png	Assets/Product/Texture/Image/UiDrawLog/UiDrawLog23.png									
8562	9850	<color=#ff8d1e>占S级出率100%</color>	占S级出率	100%	Assets/Product/Texture/Image/UiDrawLog/UiDrawLog22.png	Assets/Product/Texture/Image/UiDrawLog/UiDrawLog23.png									
8563	9840	<color=#ff8d1e>占S级出率100%</color>	占S级出率	100%	Assets/Product/Texture/Image/UiDrawLog/UiDrawLog22.png	Assets/Product/Texture/Image/UiDrawLog/UiDrawLog23.png									
8564	9830	<color=#ff8d1e>占S级出率100%</color>	占S级出率	100%	Assets/Product/Texture/Image/UiDrawLog/UiDrawLog22.png	Assets/Product/Texture/Image/UiDrawLog/UiDrawLog23.png									
8565	9820	<color=#ff8d1e>占S级出率100%</color>	占S级出率	100%	Assets/Product/Texture/Image/UiDrawLog/UiDrawLog22.png	Assets/Product/Texture/Image/UiDrawLog/UiDrawLog23.png									
8566	9810	<color=#ff8d1e>占S级出率100%</color>	占S级出率	100%	Assets/Product/Texture/Image/UiDrawLog/UiDrawLog22.png	Assets/Product/Texture/Image/UiDrawLog/UiDrawLog23.png									
8567	9800	<color=#ff8d1e>占S级出率100%</color>	占S级出率	100%	Assets/Product/Texture/Image/UiDrawLog/UiDrawLog22.png	Assets/Product/Texture/Image/UiDrawLog/UiDrawLog23.png									
8568	9790	<color=#ff8d1e>占S级出率100%</color>	占S级出率	100%	Assets/Product/Texture/Image/UiDrawLog/UiDrawLog22.png	Assets/Product/Texture/Image/UiDrawLog/UiDrawLog23.png									
8569	9780	<color=#ff8d1e>占S级出率100%</color>	占S级出率	100%	Assets/Product/Texture/Image/UiDrawLog/UiDrawLog22.png	Assets/Product/Texture/Image/UiDrawLog/UiDrawLog23.png									
8570	9770	<color=#ff8d1e>占S级出率100%</color>	占S级出率	100%	Assets/Product/Texture/Image/UiDrawLog/UiDrawLog22.png	Assets/Product/Texture/Image/UiDrawLog/UiDrawLog23.png									
8571	9760	<color=#ff8d1e>占S级出率100%</color>	占S级出率	100%	Assets/Product/Texture/Image/UiDrawLog/UiDrawLog22.png	Assets/Product/Texture/Image/UiDrawLog/UiDrawLog23.png									
8572	9750	<color=#ff8d1e>占S级出率100%</color>	占S级出率	100%	Assets/Product/Texture/Image/UiDrawLog/UiDrawLog22.png	Assets/Product/Texture/Image/UiDrawLog/UiDrawLog23.png									
8573	10000	<color=#ff8d1e>占S级出率100%</color>	占S级出率	100%	Assets/Product/Texture/Image/UiDrawLog/UiDrawLog22.png	Assets/Product/Texture/Image/UiDrawLog/UiDrawLog23.png									
8574	9990	<color=#ff8d1e>占S级出率100%</color>	占S级出率	100%	Assets/Product/Texture/Image/UiDrawLog/UiDrawLog22.png	Assets/Product/Texture/Image/UiDrawLog/UiDrawLog23.png									
8575	9980	<color=#ff8d1e>占S级出率100%</color>	占S级出率	100%	Assets/Product/Texture/Image/UiDrawLog/UiDrawLog22.png	Assets/Product/Texture/Image/UiDrawLog/UiDrawLog23.png									
8576	9970	<color=#ff8d1e>占S级出率100%</color>	占S级出率	100%	Assets/Product/Texture/Image/UiDrawLog/UiDrawLog22.png	Assets/Product/Texture/Image/UiDrawLog/UiDrawLog23.png									
8577	9960	<color=#ff8d1e>占S级出率100%</color>	占S级出率	100%	Assets/Product/Texture/Image/UiDrawLog/UiDrawLog22.png	Assets/Product/Texture/Image/UiDrawLog/UiDrawLog23.png									
8578	9950	<color=#ff8d1e>占S级出率100%</color>	占S级出率	100%	Assets/Product/Texture/Image/UiDrawLog/UiDrawLog22.png	Assets/Product/Texture/Image/UiDrawLog/UiDrawLog23.png									
8579	9940	<color=#ff8d1e>占S级出率100%</color>	占S级出率	100%	Assets/Product/Texture/Image/UiDrawLog/UiDrawLog22.png	Assets/Product/Texture/Image/UiDrawLog/UiDrawLog23.png									
8580	9930	<color=#ff8d1e>占S级出率100%</color>	占S级出率	100%	Assets/Product/Texture/Image/UiDrawLog/UiDrawLog22.png	Assets/Product/Texture/Image/UiDrawLog/UiDrawLog23.png									
8581	9920	<color=#ff8d1e>占S级出率100%</color>	占S级出率	100%	Assets/Product/Texture/Image/UiDrawLog/UiDrawLog22.png	Assets/Product/Texture/Image/UiDrawLog/UiDrawLog23.png									
8582	9910	<color=#ff8d1e>占S级出率100%</color>	占S级出率	100%	Assets/Product/Texture/Image/UiDrawLog/UiDrawLog22.png	Assets/Product/Texture/Image/UiDrawLog/UiDrawLog23.png									
8583	9900	<color=#ff8d1e>占S级出率100%</color>	占S级出率	100%	Assets/Product/Texture/Image/UiDrawLog/UiDrawLog22.png	Assets/Product/Texture/Image/UiDrawLog/UiDrawLog23.png									
8584	9890	<color=#ff8d1e>占S级出率100%</color>	占S级出率	100%	Assets/Product/Texture/Image/UiDrawLog/UiDrawLog22.png	Assets/Product/Texture/Image/UiDrawLog/UiDrawLog23.png									
8585	9880	<color=#ff8d1e>占S级出率100%</color>	占S级出率	100%	Assets/Product/Texture/Image/UiDrawLog/UiDrawLog22.png	Assets/Product/Texture/Image/UiDrawLog/UiDrawLog23.png									
8586	9870	<color=#ff8d1e>占S级出率100%</color>	占S级出率	100%	Assets/Product/Texture/Image/UiDrawLog/UiDrawLog22.png	Assets/Product/Texture/Image/UiDrawLog/UiDrawLog23.png									
8587	9860	<color=#ff8d1e>占S级出率100%</color>	占S级出率	100%	Assets/Product/Texture/Image/UiDrawLog/UiDrawLog22.png	Assets/Product/Texture/Image/UiDrawLog/UiDrawLog23.png									
8588	9850	<color=#ff8d1e>占S级出率100%</color>	占S级出率	100%	Assets/Product/Texture/Image/UiDrawLog/UiDrawLog22.png	Assets/Product/Texture/Image/UiDrawLog/UiDrawLog23.png									
8589	9840	<color=#ff8d1e>占S级出率100%</color>	占S级出率	100%	Assets/Product/Texture/Image/UiDrawLog/UiDrawLog22.png	Assets/Product/Texture/Image/UiDrawLog/UiDrawLog23.png									
8590	9830	<color=#ff8d1e>占S级出率100%</color>	占S级出率	100%	Assets/Product/Texture/Image/UiDrawLog/UiDrawLog22.png	Assets/Product/Texture/Image/UiDrawLog/UiDrawLog23.png									
8591	9820	<color=#ff8d1e>占S级出率100%</color>	占S级出率	100%	Assets/Product/Texture/Image/UiDrawLog/UiDrawLog22.png	Assets/Product/Texture/Image/UiDrawLog/UiDrawLog23.png									
8592	9810	<color=#ff8d1e>占S级出率100%</color>	占S级出率	100%	Assets/Product/Texture/Image/UiDrawLog/UiDrawLog22.png	Assets/Product/Texture/Image/UiDrawLog/UiDrawLog23.png									
8593	9800	<color=#ff8d1e>占S级出率100%</color>	占S级出率	100%	Assets/Product/Texture/Image/UiDrawLog/UiDrawLog22.png	Assets/Product/Texture/Image/UiDrawLog/UiDrawLog23.png									
8594	9790	<color=#ff8d1e>占S级出率100%</color>	占S级出率	100%	Assets/Product/Texture/Image/UiDrawLog/UiDrawLog22.png	Assets/Product/Texture/Image/UiDrawLog/UiDrawLog23.png									
8595	9780	<color=#ff8d1e>占S级出率100%</color>	占S级出率	100%	Assets/Product/Texture/Image/UiDrawLog/UiDrawLog22.png	Assets/Product/Texture/Image/UiDrawLog/UiDrawLog23.png									
8596	9770	<color=#ff8d1e>占S级出率100%</color>	占S级出率	100%	Assets/Product/Texture/Image/UiDrawLog/UiDrawLog22.png	Assets/Product/Texture/Image/UiDrawLog/UiDrawLog23.png									
8597	9760	<color=#ff8d1e>占S级出率100%</color>	占S级出率	100%	Assets/Product/Texture/Image/UiDrawLog/UiDrawLog22.png	Assets/Product/Texture/Image/UiDrawLog/UiDrawLog23.png									
8598	9750	<color=#ff8d1e>占S级出率100%</color>	占S级出率	100%	Assets/Product/Texture/Image/UiDrawLog/UiDrawLog22.png	Assets/Product/Texture/Image/UiDrawLog/UiDrawLog23.png									
8599	9740	<color=#ff8d1e>占S级出率100%</color>	占S级出率	100%	Assets/Product/Texture/Image/UiDrawLog/UiDrawLog22.png	Assets/Product/Texture/Image/UiDrawLog/UiDrawLog23.png									
8600	9730	<color=#ff8d1e>占S级出率100%</color>	占S级出率	100%	Assets/Product/Texture/Image/UiDrawLog/UiDrawLog22.png	Assets/Product/Texture/Image/UiDrawLog/UiDrawLog23.png									
8601	9720	<color=#ff8d1e>占S级出率100%</color>	占S级出率	100%	Assets/Product/Texture/Image/UiDrawLog/UiDrawLog22.png	Assets/Product/Texture/Image/UiDrawLog/UiDrawLog23.png									
8602	9710	<color=#ff8d1e>占S级出率100%</color>	占S级出率	100%	Assets/Product/Texture/Image/UiDrawLog/UiDrawLog22.png	Assets/Product/Texture/Image/UiDrawLog/UiDrawLog23.png									
8603	9700	<color=#ff8d1e>占S级出率100%</color>	占S级出率	100%	Assets/Product/Texture/Image/UiDrawLog/UiDrawLog22.png	Assets/Product/Texture/Image/UiDrawLog/UiDrawLog23.png									
8604	9690	<color=#ff8d1e>占S级出率100%</color>	占S级出率	100%	Assets/Product/Texture/Image/UiDrawLog/UiDrawLog22.png	Assets/Product/Texture/Image/UiDrawLog/UiDrawLog23.png									
8605	9680	<color=#ff8d1e>占S级出率100%</color>	占S级出率	100%	Assets/Product/Texture/Image/UiDrawLog/UiDrawLog22.png	Assets/Product/Texture/Image/UiDrawLog/UiDrawLog23.png									
8606	10000	<color=#ff8d1e>占S级出率100%</color>	占S级出率	100%	Assets/Product/Texture/Image/UiDrawLog/UiDrawLog22.png	Assets/Product/Texture/Image/UiDrawLog/UiDrawLog23.png									
8607	9900	<color=#ff8d1e>占S级出率100%</color>	占S级出率	100%	Assets/Product/Texture/Image/UiDrawLog/UiDrawLog22.png	Assets/Product/Texture/Image/UiDrawLog/UiDrawLog23.png									
8608	9800	<color=#ff8d1e>占S级出率100%</color>	占S级出率	100%	Assets/Product/Texture/Image/UiDrawLog/UiDrawLog22.png	Assets/Product/Texture/Image/UiDrawLog/UiDrawLog23.png									
8609	9700	<color=#ff8d1e>占S级出率100%</color>	占S级出率	100%	Assets/Product/Texture/Image/UiDrawLog/UiDrawLog22.png	Assets/Product/Texture/Image/UiDrawLog/UiDrawLog23.png									
8610	9600	<color=#ff8d1e>占S级出率100%</color>	占S级出率	100%	Assets/Product/Texture/Image/UiDrawLog/UiDrawLog22.png	Assets/Product/Texture/Image/UiDrawLog/UiDrawLog23.png									
8611	9500	<color=#ff8d1e>占S级出率100%</color>	占S级出率	100%	Assets/Product/Texture/Image/UiDrawLog/UiDrawLog22.png	Assets/Product/Texture/Image/UiDrawLog/UiDrawLog23.png									
8612	9400	<color=#ff8d1e>占S级出率100%</color>	占S级出率	100%	Assets/Product/Texture/Image/UiDrawLog/UiDrawLog22.png	Assets/Product/Texture/Image/UiDrawLog/UiDrawLog23.png									
8613	9300	<color=#ff8d1e>占S级出率100%</color>	占S级出率	100%	Assets/Product/Texture/Image/UiDrawLog/UiDrawLog22.png	Assets/Product/Texture/Image/UiDrawLog/UiDrawLog23.png									
8614	9200	<color=#ff8d1e>占S级出率100%</color>	占S级出率	100%	Assets/Product/Texture/Image/UiDrawLog/UiDrawLog22.png	Assets/Product/Texture/Image/UiDrawLog/UiDrawLog23.png									
8615	9100	<color=#ff8d1e>占S级出率100%</color>	占S级出率	100%	Assets/Product/Texture/Image/UiDrawLog/UiDrawLog22.png	Assets/Product/Texture/Image/UiDrawLog/UiDrawLog23.png									
8616	9000	<color=#ff8d1e>占S级出率100%</color>	占S级出率	100%	Assets/Product/Texture/Image/UiDrawLog/UiDrawLog22.png	Assets/Product/Texture/Image/UiDrawLog/UiDrawLog23.png									
8617	8900	<color=#ff8d1e>占S级出率100%</color>	占S级出率	100%	Assets/Product/Texture/Image/UiDrawLog/UiDrawLog22.png	Assets/Product/Texture/Image/UiDrawLog/UiDrawLog23.png									
8618	8800	<color=#ff8d1e>占S级出率100%</color>	占S级出率	100%	Assets/Product/Texture/Image/UiDrawLog/UiDrawLog22.png	Assets/Product/Texture/Image/UiDrawLog/UiDrawLog23.png									
8619	8700	<color=#ff8d1e>占S级出率100%</color>	占S级出率	100%	Assets/Product/Texture/Image/UiDrawLog/UiDrawLog22.png	Assets/Product/Texture/Image/UiDrawLog/UiDrawLog23.png									
8620	8600	<color=#ff8d1e>占S级出率100%</color>	占S级出率	100%	Assets/Product/Texture/Image/UiDrawLog/UiDrawLog22.png	Assets/Product/Texture/Image/UiDrawLog/UiDrawLog23.png									
8621	8500	<color=#ff8d1e>占S级出率100%</color>	占S级出率	100%	Assets/Product/Texture/Image/UiDrawLog/UiDrawLog22.png	Assets/Product/Texture/Image/UiDrawLog/UiDrawLog23.png									
8622	8400	<color=#ff8d1e>占S级出率100%</color>	占S级出率	100%	Assets/Product/Texture/Image/UiDrawLog/UiDrawLog22.png	Assets/Product/Texture/Image/UiDrawLog/UiDrawLog23.png									
8623	8300	<color=#ff8d1e>占S级出率100%</color>	占S级出率	100%	Assets/Product/Texture/Image/UiDrawLog/UiDrawLog22.png	Assets/Product/Texture/Image/UiDrawLog/UiDrawLog23.png									
8624	8200	<color=#ff8d1e>占S级出率100%</color>	占S级出率	100%	Assets/Product/Texture/Image/UiDrawLog/UiDrawLog22.png	Assets/Product/Texture/Image/UiDrawLog/UiDrawLog23.png									
8625	8100	<color=#ff8d1e>占S级出率100%</color>	占S级出率	100%	Assets/Product/Texture/Image/UiDrawLog/UiDrawLog22.png	Assets/Product/Texture/Image/UiDrawLog/UiDrawLog23.png									
8626	8000	<color=#ff8d1e>占S级出率100%</color>	占S级出率	100%	Assets/Product/Texture/Image/UiDrawLog/UiDrawLog22.png	Assets/Product/Texture/Image/UiDrawLog/UiDrawLog23.png									
8627	7900	<color=#ff8d1e>占S级出率100%</color>	占S级出率	100%	Assets/Product/Texture/Image/UiDrawLog/UiDrawLog22.png	Assets/Product/Texture/Image/UiDrawLog/UiDrawLog23.png									
8628	7800	<color=#ff8d1e>占S级出率100%</color>	占S级出率	100%	Assets/Product/Texture/Image/UiDrawLog/UiDrawLog22.png	Assets/Product/Texture/Image/UiDrawLog/UiDrawLog23.png									
8629	7700	<color=#ff8d1e>占S级出率100%</color>	占S级出率	100%	Assets/Product/Texture/Image/UiDrawLog/UiDrawLog22.png	Assets/Product/Texture/Image/UiDrawLog/UiDrawLog23.png									
8630	7600	<color=#ff8d1e>占S级出率100%</color>	占S级出率	100%	Assets/Product/Texture/Image/UiDrawLog/UiDrawLog22.png	Assets/Product/Texture/Image/UiDrawLog/UiDrawLog23.png									
8631	7500	<color=#ff8d1e>占S级出率100%</color>	占S级出率	100%	Assets/Product/Texture/Image/UiDrawLog/UiDrawLog22.png	Assets/Product/Texture/Image/UiDrawLog/UiDrawLog23.png									
8632	7400	<color=#ff8d1e>占S级出率100%</color>	占S级出率	100%	Assets/Product/Texture/Image/UiDrawLog/UiDrawLog22.png	Assets/Product/Texture/Image/UiDrawLog/UiDrawLog23.png									
8633	7300	<color=#ff8d1e>占S级出率100%</color>	占S级出率	100%	Assets/Product/Texture/Image/UiDrawLog/UiDrawLog22.png	Assets/Product/Texture/Image/UiDrawLog/UiDrawLog23.png									
8634	7200	<color=#ff8d1e>占S级出率100%</color>	占S级出率	100%	Assets/Product/Texture/Image/UiDrawLog/UiDrawLog22.png	Assets/Product/Texture/Image/UiDrawLog/UiDrawLog23.png									
8635	7100	<color=#ff8d1e>占S级出率100%</color>	占S级出率	100%	Assets/Product/Texture/Image/UiDrawLog/UiDrawLog22.png	Assets/Product/Texture/Image/UiDrawLog/UiDrawLog23.png									
8636	7000	<color=#ff8d1e>占S级出率100%</color>	占S级出率	100%	Assets/Product/Texture/Image/UiDrawLog/UiDrawLog22.png	Assets/Product/Texture/Image/UiDrawLog/UiDrawLog23.png									
8637	6900	<color=#ff8d1e>占S级出率100%</color>	占S级出率	100%	Assets/Product/Texture/Image/UiDrawLog/UiDrawLog22.png	Assets/Product/Texture/Image/UiDrawLog/UiDrawLog23.png									
8638	6800	<color=#ff8d1e>占S级出率100%</color>	占S级出率	100%	Assets/Product/Texture/Image/UiDrawLog/UiDrawLog22.png	Assets/Product/Texture/Image/UiDrawLog/UiDrawLog23.png									
8639	6700	<color=#ff8d1e>占S级出率100%</color>	占S级出率	100%	Assets/Product/Texture/Image/UiDrawLog/UiDrawLog22.png	Assets/Product/Texture/Image/UiDrawLog/UiDrawLog23.png									
8640	6600	<color=#ff8d1e>占S级出率100%</color>	占S级出率	100%	Assets/Product/Texture/Image/UiDrawLog/UiDrawLog22.png	Assets/Product/Texture/Image/UiDrawLog/UiDrawLog23.png									
8641	6500	<color=#ff8d1e>占S级出率100%</color>	占S级出率	100%	Assets/Product/Texture/Image/UiDrawLog/UiDrawLog22.png	Assets/Product/Texture/Image/UiDrawLog/UiDrawLog23.png									
8642	6400	<color=#ff8d1e>占S级出率100%</color>	占S级出率	100%	Assets/Product/Texture/Image/UiDrawLog/UiDrawLog22.png	Assets/Product/Texture/Image/UiDrawLog/UiDrawLog23.png									
8643	6300	<color=#ff8d1e>占S级出率100%</color>	占S级出率	100%	Assets/Product/Texture/Image/UiDrawLog/UiDrawLog22.png	Assets/Product/Texture/Image/UiDrawLog/UiDrawLog23.png									
