SpawnId	SpawnProbability	IsCheckLuck	IsCheckWave	SpawnMaxInterval	SpawnDistance	SpawnRange	SpawnMonsterId	SpawnMonsterNum
10100101	10000			15	1	6	3	10001
3	10100102	10000			2		6	3
10001	2	10100201	10000			15	1	6
3	10001	3	10100202	10000			2	
6	3	10001	2	10100203	10000			15
1	6	3	10001	3	10100301	10000		
15	1	6	3	10001	3	10100302	10000	
	2		6	3	10001	2	10100401	10000
		15	1	6	3	10001	3	10100402
10000			2		6	3	10001	2
10100403	10000			2		6	3	10001
2	10200101	10000			15	1	6	3
10001	3	10200102	10000			2		6
3	10001	2	10200103	10000			2	
6	3	10002	2	10200104	6000		1	2
	6	3	10002	2	10200201	10000		
15	1	6	3	10001	3	10200202	10000	
	2		6	3	10001	2	10200203	10000
		2		6	3	10002	2	10200204
6000		1	2		6	3	10002	2
10200301	10000			15	1	6	3	10001
3	10200302	10000			2		6	3
10001	2	10200303	10000			2		6
3	10002	2	10200304	6000		1	2	
6	3	10002	2	10200401	10000			15
1	6	3	10001	3	10200402	10000		
2		6	3	10001	2	10200403	10000	
	2		6	3	10002	2	10200404	6000
	1	2		6	3	10002	2	10200405
10000			2		6	3	10002	2
10200501	10000			15	1	6	3	10001
3	10200502	10000			2		6	3
10001	2	10200503	10000			2		6
3	10002	2	10200504	6000		1	2	
6	3	10002	2	10200505	10000			2
	6	3	10002	2	10300101	10000		
15	1	6	3	10001	3	10300102	10000	
	2		6	3	10003	2	10300103	10000
		2		6	3	10002	2	10300104
6000		1	2		6	3	10002	2
10300201	10000			15	1	6	3	10001
3	10300202	10000			2		6	3
10001	2	10300203	10000			2		6
3	10002	2	10300204	6000		1	2	
6	3	10002	2	10300301	10000			15
1	6	3	10003	3	10300302	10000		
2		6	3	10001	2	10300303	10000	
	2		6	3	10002	2	10300304	6000
	1	2		6	3	10002	2	10300401
10000			15	1	6	3	10001	3
10300402	10000			2		6	3	10001
2	10300403	10000			2		6	3
10002	2	10300404	6000		1	2		6
3	10002	2	10300501	10000			15	1
6	3	10001	3	10300502	10000			2
	6	3	10003	2	10300503	10000		
2		6	3	10002	2	10300504	6000	
1	2		6	3	10002	2	10300601	10000
		15	1	6	3	10001	3	10300602
10000			2		6	3	10001	2
10300603	10000			2		6	3	10002
2	10300604	6000		1	2		6	3
10002	2	10300701	10000			15	1	6
3	10001	3	10300702	10000			2	
6	3	10001	2	10300703	10000			2
	6	3	10002	2	10300704	6000		1
2		6	3	10002	2	10300705	6000	
1	2		6	3	10002	2	10300801	10000
		15	1	6	3	10003	3	10300802
10000			2		6	3	10001	2
10300803	10000			2		6	3	10002
2	10300804	6000		1	2		6	3
10002	2	10300805	10000			2		6
3	10001	2	10300901	10000			15	1
6	3	10001	3	10300902	10000			2
	6	3	10001	2	10300903	10000		
2		6	3	10002	2	10300904	6000	
1	2		6	3	10002	2	10300905	10000
		15	1	6	3	10001	3	20100101
10000			15	1	6	3	10001	3
20100102	10000			2		6	3	10001
2	20100201	10000			2		6	3
10001	2	20100301	10000			2		6
3	10005	2	20100401	10000			15	1
6	3	10001	4	20100402	10000			25
1	7	3	30004	1	20100501	10000		
2		6	3	10001	2	20200101	10000	
	15	1	6	3	10005	4	20200102	10000
		25	1	7	3	30004	1	20200201
10000			2		6	3	10001	3
20200202				25	1	7	3	30004
1	20200203	4000		1	3		7	3
30001	1	20200301	10000			15	1	6
3	10001	3	20200302			1	25	1
7	3	30004	1	20200401	10000			2
	6	3	10005	2	20200402	5000		
25	1	7	3	30001	1	20200403	10000	
1	3		7	3	20001	1	20200501	10000
		15	1	6	3	10001	3	20200502
		1	25	1	7	3	30001	1
20200601	10000			2		6	3	10005
3	20200602	5000			25	1	7	3
30001	1	20200603	4000		1	3		7
3	30001	1	20200701	10000			2	
6	3	10005	2	20200702				25
1	7	3	30001	1	20300101	10000		
15	1	6	3	10001	3	20300102		
1	3		7	3	30001	1	20300201	10000
		2		6	3	10005	3	20300202
10000			25	1	7	3	30001	2
20300301	10000			15	1	6	3	10001
3	20300302	10000		1	3		7	3
20001	1	20300401	10000			2		6
3	10001	2	20300501	10000			15	1
6	3	10001	3	20300502	10000		1	3
	7	3	20001	1	20300601	10000		
15	1	6	3	10005	4	20300602	10000	
1	3		7	3	20001	1	20300701	10000
		2		6	3	10001	2	20300702
10000		1	25	1	7	3	30001	1
20300801	10000			15	1	6	3	10005
3	20300901	10000			2		6	3
10001	2	20300902	10000			25	1	7
3	30004	1	20301001	10000			15	1
6	3	10001	3	20301002			1	25
1	7	3	30004	1	30100101	10000		
1		10	3	10001	3	30100102	10000	
	133	2	10	3	10001	2	30100201	10000
		1		10	3	10001	3	30100202
10000			133	2	10	3	10001	2
30100301	10000			1		10	3	10001
3	30100302	10000			133	2	10	3
10001	2	30100401	10000			1		10
3	10001	3	30100402	10000			133	2
10	3	10001	2	30200101	10000			1
	10	3	10001	3	30200102	10000		
133	2	10	3	10001	2	30200103	6000	
1	133	2	10	3	10002	2	30200201	10000
		1		10	3	10001	3	30200202
10000			133	2	10	3	10001	2
30200203	6000		1	133	2	10	3	10002
2	30200301	10000			1		10	3
10001	3	30200302	10000			133	2	10
3	10001	2	30200303	6000		1	133	2
10	3	10002	2	30200401	10000			1
	10	3	10001	3	30200402	10000		
133	2	10	3	10001	2	30200403	6000	
1	2		12	3	20001	1	30200501	10000
		1		10	3	10001	3	30200502
10000			133	2	10	3	10001	2
30200503	6000		1	2		12	3	20001
1	30300101	10000			1		10	3
10001	3	30300102	10000			133	2	10
3	10001	2	30300103	6000		1	133	2
10	3	10002	2	30300104	4000		1	2
	12	3	30001	1	30300201	10000		
1		10	3	10001	3	30300202	10000	
	133	2	10	3	10001	2	30300203	6000
	1	133	2	10	3	10002	2	30300204
4000		1	2		12	3	30001	1
30300205	6000		1	2		12	3	20001
1	30300301	10000			1		10	3
10001	3	30300302	10000			133	2	10
3	10001	2	30300303	6000		1	133	2
10	3	10002	2	30300304	4000		1	2
	12	3	30001	1	30300401	10000		
1		10	3	10001	3	30300402	10000	
	133	2	10	3	10001	2	30300403	6000
	1	133	2	10	3	10002	2	30300404
4000		1	2		12	3	30001	1
30300501	10000			1		10	3	10001
3	30300502	10000			133	2	10	3
10001	2	30300503	6000		1	133	2	10
3	10002	2	30300504	4000		1	2	
12	3	30001	1	30300505	8000		1	167
2	12	3	20001	1	30300601	10000		
1		10	3	10001	3	30300602	10000	
	133	2	10	3	10001	2	30300603	6000
	1	133	2	10	3	10002	2	30300604
4000		1	2		12	3	30001	1
30300605	8000		1	167	2	12	3	20001
1	30300701	10000			1		10	3
10001	3	30300702	10000			133	2	10
3	10001	2	30300703	6000		1	133	2
10	3	10002	2	30300704	4000		1	2
	12	3	30001	1	30300705	6000		1
2		12	3	20001	1	30400101	10000	
	75	2	10	3	10001	3	30400102	10000
		1		10	3	10001	2	30400103
6000		1	125	2	12	3	30002	1
30400104	6000		1	1		10	3	10002
2	30400201	10000			75	2	10	3
10001	3	30400202	10000			1		10
3	10001	2	30400203	6000		1	125	2
12	3	30002	1	30400204	6000		1	1
	10	3	10002	2	30400301	10000		
75	2	10	3	10001	3	30400302	10000	
	1		10	3	10001	2	30400303	6000
	1	125	2	12	3	30002	1	30400304
6000		1	1		10	3	10002	2
30400401	10000			75	2	10	3	10001
3	30400402	10000			1		10	3
10001	2	30400403	6000		1	125	2	12
3	30002	1	30400404	6000		1	1	
10	3	10002	2	30400405	8000		1	1
	10	3	10003	2	30400501	10000		
75	2	10	3	10001	3	30400502	10000	
	1		10	3	10001	2	30400503	6000
	1	125	2	12	3	30002	1	30400504
6000		1	1		10	3	10002	2
30400505	8000		1	1		10	3	10003
2	30400601	10000			75	2	10	3
10001	3	30400602	10000			1		10
3	10001	2	30400603	6000		1	125	2
12	3	30002	1	30400604	6000		1	1
	10	3	10002	2	30400605	8000		1
1		10	3	10003	2	30400701	10000	
	75	2	10	3	10001	3	30400702	10000
		1		10	3	10001	2	30400703
6000		1	125	2	12	3	30002	1
30400704	8000		1	1		10	3	10003
2	30400801	10000			75	2	10	3
10001	3	30400802	10000			1		10
3	10001	2	30400803	6000		1	125	2
12	3	30002	1	30400804	8000		1	1
	10	3	10003	2	30500101	10000		
75	2	10	3	10001	3	30500102	10000	
	1		10	3	10001	2	30500103	6000
	1	1		10	3	10002	2	30500104
8000		1	1		10	3	10003	2
30500201	10000			75	2	10	3	10001
3	30500202	10000			1		10	3
10001	2	30500203	6000		1	1		10
3	10002	2	30500204	8000		1	1	
10	3	10003	2	30500301	10000			75
2	10	3	10001	3	30500302	10000		
1		10	3	10001	2	30500303	6000	
1	1		10	3	10002	2	30500304	8000
	1	1		10	3	10003	2	30500305
6000		1	15	1	12	3	20001	1
30500401	10000			75	2	10	3	10001
3	30500402	10000			1		10	3
10001	2	30500403	6000		1	1		10
3	10002	2	30500404	8000		1	1	
10	3	10003	2	30500405	6000		1	15
1	12	3	20001	1	30500501	10000		
75	2	10	3	10001	3	30500502	10000	
	1		10	3	10001	2	30500503	6000
	1	1		10	3	10002	2	30500504
8000		1	1		10	3	10003	2
30500505	6000		1	15	1	12	3	20001
1	30500601	10000			75	2	10	3
10001	3	30500602	10000			1		10
3	10001	2	30500603	6000		1	1	
10	3	10002	2	30500604	8000		1	1
	10	3	10003	2	30500605	6000		1
15	1	12	3	20001	1	30500701	10000	
	75	2	10	3	10001	3	30500702	10000
		1		10	3	10001	2	30500703
6000		1	1		10	3	10002	2
30500704	8000		1	1		10	3	10003
2	30500705	6000		1	15	1	12	3
20001	1	30500801	10000			75	2	10
3	10001	3	30500802	10000			1	
10	3	10001	2	30500803	6000		1	1
	10	3	10002	2	30500804	8000		1
1		10	3	10003	2	30500901	10000	
	75	2	10	3	10001	3	30500902	10000
		1		10	3	10001	2	30500903
6000		1	1		10	3	10002	2
30500904	8000		1	1		10	3	10003
2	30600101	10000			75	2	10	3
10001	3	30600102	10000			1		10
3	10001	2	30600103	6000		1	1	
10	3	10002	2	30600104	8000		1	1
	10	3	10003	2	30600201	10000		
75	2	10	3	10001	3	30600202	10000	
	1		10	3	10001	2	30600203	6000
	1	1		10	3	10002	2	30600301
10000			75	2	10	3	10001	3
30600302	10000			1		10	3	10001
2	30600303	6000		1	1		10	3
10002	2	30600401	10000			75	2	10
3	10001	3	30600402	10000			1	
10	3	10001	2	30600403	6000		1	1
	10	3	10002	2	30600501	10000		
75	2	10	3	10001	3	30600502	500	1
	1		10	3	10004	1	30600503	6000
	1	1		10	3	10002	2	30600601
10000			75	2	10	3	10001	3
30600602	10000			1		10	3	10001
2	30600603	6000		1	1		10	3
10002	2	30600604	8000		1	1		10
3	10003	2	30600701	10000			75	2
10	3	10001	3	30600702	10000			1
	10	3	10001	2	30600703	6000		1
1		10	3	10002	2	30600801	10000	
	75	2	10	3	10001	3	30600802	10000
		1		10	3	10001	2	30600803
6000		1	1		10	3	10002	2
30600901	10000			75	2	10	3	10001
3	30600902	10000			1		10	3
10001	2	30600903	6000		1	1		10
3	10002	2	30600904	8000		1	125	2
12	3	20001	1	30601001	10000			75
2	10	3	10001	3	30601002	10000		
1		10	3	10001	2	30601003	6000	
1	1		10	3	10002	2	30601004	8000
	1	125	2	12	3	20001	1	30700101
10000			75	2	10	3	10001	3
30700102	10000			1		10	3	10001
2	30700103	6000		1	1		10	3
10002	2	30700201	10000			75	2	10
3	10001	3	30700202	10000			1	
10	3	10001	2	30700203	6000		1	1
	10	3	10002	2	30700204	8000		1
1		10	3	10003	2	30700301	10000	
	75	2	10	3	10001	3	30700302	10000
		1		10	3	10001	2	30700303
6000		1	1		10	3	10002	2
30700401	10000			75	2	10	3	10001
3	30700402	10000			1		10	3
10001	2	30700403	6000		1	1		10
3	10002	2	30700404	4000		1	15	1
12	3	30001	1	30700501	10000			75
2	10	3	10001	3	30700502	10000		
1		10	3	10001	2	30700503	6000	
1	1		10	3	10002	2	30700504	4000
	1	15	1	12	3	30001	1	30700601
10000			75	2	10	3	10001	3
30700602	10000			1		10	3	10001
2	30700603	6000		1	1		10	3
10002	2	30700604	6000		1	15	1	12
3	20001	1	30700605	4000		1	15	1
12	3	30001	1	30700701	10000			75
2	10	3	10001	3	30700702	10000		
1		10	3	10001	2	30700703	6000	
1	1		10	3	10002	2	30700704	6000
	1	15	1	12	3	20001	1	30700705
4000		1	15	1	12	3	30001	1
30700706	8000		1	1		10	3	10003
2	30700801	10000			75	2	10	3
10001	3	30700802	10000			1		10
3	10001	2	30700803	6000		1	1	
10	3	10002	2	30700804	6000		1	15
1	12	3	20001	1	30700805	4000		1
15	1	12	3	30001	1	30700901	10000	
	75	2	10	3	10001	3	30700902	10000
		1		10	3	10001	2	30700903
6000		1	1		10	3	10002	2
30700904	6000		1	15	1	12	3	20001
1	30700905	4000		1	15	1	12	3
30001	1	30701001	10000			75	2	10
3	10001	3	30701002	10000			1	
10	3	10001	2	30701003	6000		1	1
	10	3	10002	2	30800101	10000		
5	1	10	3	10001	3	30800102	8000	
1	83	2	12	3	20001	1	30800103	10000
		67	2	10	3	10001	2	30800201
10000			5	1	10	3	10001	3
30800202	8000		1	83	2	12	3	20001
1	30800203	10000			67	2	10	3
10001	2	30800204	6000		1	67	2	10
3	10002	2	30800301	10000			5	1
10	3	10001	3	30800302	8000		1	83
2	12	3	20001	1	30800303	10000		
67	2	10	3	10001	2	30800304	10000	
	67	2	12	3	20001	1	30800305	6000
	1	67	2	10	3	10002	2	30800401
10000			5	1	10	3	10001	3
30800402	8000		1	83	2	12	3	20001
1	30800403	10000			67	2	10	3
10001	2	30800404	10000			67	2	12
3	20001	1	30800501	10000			5	1
10	3	10001	3	30800502	8000		1	83
2	12	3	20001	1	30800503	10000		
67	2	10	3	10001	2	30800504	10000	
	67	2	12	3	20001	1	30800601	10000
		5	1	10	3	10001	3	30800602
8000		1	83	2	12	3	20001	1
30800603	10000			67	2	12	3	20001
1	30800701	10000			5	1	10	3
10001	3	30800702	8000		1	83	2	12
3	20001	1	30800801	10000			5	1
10	3	10001	3	30800802	8000		1	83
2	12	3	20001	1	30800901	10000		
5	1	10	3	10001	3	30800902	8000	
1	83	2	12	3	20001	1	30801001	10000
		5	1	10	3	10001	3	30801002
8000		1	83	2	12	3	20001	1
30900101	10000			5	1	10	3	10001
3	30900102	10000			67	2	10	3
10001	2	30900201	10000			5	1	10
3	10001	3	30900202	10000			67	2
10	3	10001	2	30900203	4000		1	2
	12	3	50001	1	30900301	10000		
5	1	10	3	10001	3	30900302	10000	
	67	2	10	3	10001	2	30900401	10000
		5	1	10	3	10001	3	30900402
10000			67	2	10	3	10001	2
30900403	6000		1	67	2	10	3	10002
2	30900501	10000			5	1	10	3
10001	3	30900502	10000			67	2	10
3	10001	2	30900503	6000		1	1	
12	3	20001	1	30900601	10000			5
1	10	3	10001	3	30900602	10000		
67	2	10	3	10001	2	30900603	6000	
1	1		12	3	20001	1	30900604	4000
	1	2		12	3	50001	1	30900701
10000			5	1	10	3	10001	3
30900702	10000			67	2	10	3	10001
2	30900703	6000		1	1		12	3
20001	1	30900801	10000			5	1	10
3	10001	3	30900802	10000			67	2
10	3	10001	2	30900901	10000			5
1	10	3	10001	3	30900902	4000		1
2		12	3	50001	1	30901001	10000	
	5	1	10	3	10001	3	30901002	6000
	1	67	2	10	3	10002	2	30901101
10000			5	1	10	3	10001	3
30901102	6000		1	67	2	10	3	10002
2	30901201	10000			5	1	10	3
10001	3	30901202	4000		1	2		12
3	50001	1	30901301	10000			5	1
10	3	10001	3	30901401	10000			5
1	10	3	10001	3	30901402	8000		1
83	2	12	3	20001	1	30901403	4000	
1	2		12	3	50001	1	30901501	10000
		5	1	10	3	10001	3	40100101
10000			1		10	3	10001	3
40100102	10000			133	2	10	3	10001
2	40100103	10000			133	2	10	3
10001	1	40100104	8000		1	167	2	12
3	20001	1	40100201	10000			1	
10	3	10001	3	40100202	10000			133
2	10	3	10001	2	40100203	10000		
133	2	12	3	20001	1	40100204	8000	
1	167	2	12	3	20001	1	40100205	7000
	1	133	2	12	3	20003	1	40100301
10000			1		10	3	10001	3
40100302	10000			133	2	10	3	10001
2	40100303	10000			133	2	12	3
20001	1	40100304	8000		1	167	2	12
3	20001	1	40100305	7000		1	133	2
12	3	20003	1	40100401	10000			1
	10	3	10001	3	40100402	10000		
133	2	10	3	10001	2	40100403	10000	
	133	2	12	3	20001	1	40100404	8000
	1	167	2	12	3	20001	1	40100405
7000		1	133	2	12	3	20003	1
40100501	10000			1		10	3	10001
3	40100502	10000			133	2	10	3
10001	2	40100503	10000			133	2	12
3	20001	1	40100504	7000		1	133	2
12	3	20003	1	40200101	10000			1
	10	3	10001	3	40200102	10000		
133	2	10	3	10001	2	40200103	10000	
	133	2	10	3	10001	1	40200104	8000
	1	167	2	12	3	20001	1	40200201
10000			1		10	3	10001	3
40200202	10000			133	2	10	3	10001
2	40200203	8000		1	167	2	12	3
20001	1	40200301	10000			1		10
3	10001	3	40200302	10000			133	2
10	3	10001	2	40200303	10000			133
2	12	3	20001	1	40200304	8000		1
167	2	12	3	20001	1	40200401	10000	
	1		10	3	10001	3	40200402	10000
		133	2	10	3	10001	2	40200403
10000			133	2	12	3	20001	1
40200404	8000		1	167	2	12	3	20001
1	40200501	10000			1		10	3
10001	3	40200502	10000			133	2	10
3	10001	2	40200503	10000			133	2
12	3	20001	1	40200504	7000		1	133
2	12	3	20003	1	40200601	10000		
1		10	3	10001	3	40200602	10000	
	133	2	10	3	10001	2	40200603	10000
		133	2	12	3	20001	1	40200604
7000		1	133	2	12	3	20003	1
40200701	10000			133	2	10	3	10001
2	40200801	10000			133	2	10	3
10001	2	40300101	10000			1		10
3	10001	3	40300102	10000			133	2
10	3	10001	2	40300103	10000			133
2	10	3	10002	2	40300104	6000		1
133	2	10	3	10002	2	40300105	8000	
1	167	2	12	3	20001	1	40300201	10000
		1		10	3	10001	3	40300202
10000			133	2	10	3	10001	2
40300203	10000			133	2	10	3	10002
2	40300204	6000		1	133	2	10	3
10002	2	40300205	10000			133	2	10
3	10001	1	40300206	8000		1	167	2
12	3	20001	1	40300207	6000		1	167
2	12	3	30003	1	40300301	10000		
1		10	3	10001	3	40300302	10000	
	133	2	10	3	10001	2	40300303	10000
		133	2	10	3	10002	2	40300304
6000		1	133	2	10	3	10002	2
40300305	10000			133	2	12	3	20001
1	40300306	8000		1	167	2	12	3
20001	1	40300401	10000			1		10
3	10001	3	40300402	10000			133	2
10	3	10001	2	40300403	10000			133
2	10	3	10002	2	40300404	6000		1
133	2	10	3	10002	2	40300405	10000	
	133	2	12	3	20001	1	40300406	8000
	1	167	2	12	3	20001	1	40300501
10000			1		10	3	10001	3
40300502	10000			133	2	10	3	10001
2	40300503	10000			133	2	12	3
20001	1	40300504	8000		1	167	2	12
3	20001	1	40300505	7000		1	133	2
12	3	20003	1	40300601	10000			1
	10	3	10001	3	40300602	10000		
133	2	10	3	10001	2	40300603	10000	
	133	2	12	3	20001	1	40300604	8000
	1	167	2	12	3	20001	1	40300605
7000		1	133	2	12	3	20003	1
40300701	10000			1		10	3	10001
3	40300702	10000			133	2	10	3
10001	2	40300703	6000		1	1		10
3	10003	3	40300704	10000			133	2
12	3	20001	1	40300705	8000		1	167
2	12	3	20001	1	40300706	7000		1
133	2	12	3	20003	1	40300801	10000	
	1		10	3	10001	3	40300802	10000
		133	2	10	3	10001	2	40300803
6000		1	1		10	3	10003	3
40300804	10000			133	2	12	3	20001
1	40300805	8000		1	167	2	12	3
20001	1	40300806	7000		1	133	2	12
3	20003	1	40300901	10000			1	
10	3	10001	3	40300902	10000			133
2	10	3	10001	2	40300903	6000		1
1		10	3	10003	3	40300904	10000	
	133	2	12	3	20001	1	40300905	8000
	1	167	2	12	3	20001	1	40300906
7000		1	133	2	12	3	20003	1
40301001	10000			1		10	3	10001
3	40301002	10000			133	2	10	3
10001	2	40301003	6000		1	1		10
3	10003	3	40301004	10000			133	2
12	3	20001	1	40301005	8000		1	167
2	12	3	20001	1	40301006	7000		1
133	2	12	3	20003	1	40400101	10000	
	3		12	3	50001	1	40400102	10000
		75	2	10	3	10001	3	40400103
10000			1		10	3	10001	2
40400104	8000		1	125	2	12	3	20001
1	40400201	10000			75	2	10	3
10001	3	40400202	10000			1		10
3	10001	2	40400203	10000			75	2
12	3	20001	2	40400204	8000		1	125
2	12	3	20001	1	40400301	10000		
75	2	10	3	10001	3	40400302	10000	
	1		10	3	10001	2	40400303	10000
		75	2	12	3	20001	2	40400304
8000		1	125	2	12	3	20001	1
40400305	7000		1	125	2	12	3	30001
2	40400401	5000		1	3		12	10
50001	2	40400402	10000			75	2	10
3	10001	3	40400403	10000			1	
10	3	10001	2	40400404	10000			75
2	12	3	20001	2	40400405	8000		1
125	2	12	3	20001	1	40400501	10000	
	75	2	10	3	10001	3	40400502	10000
		1		10	3	10001	2	40400503
10000			75	2	12	3	20001	2
40400504	10000			1		12	3	20003
1	40400505	8000		1	125	2	12	3
20001	1	40400506	7000		1	1		12
3	20003	1	40400601	10000			75	2
10	3	10001	3	40400602	10000			1
	10	3	10001	2	40400603	10000		
1		10	3	10002	2	40400604	8000	
1	1		10	3	10003	2	40400605	10000
		75	2	12	3	20001	2	40400606
10000			1		12	3	20003	1
40400607	8000		1	125	2	12	3	20001
1	40400608	7000		1	1		12	3
20003	1	40400701	5000		1	3		12
10	50001	2	40400702	10000			75	2
10	3	10001	3	40400703	10000			1
	10	3	10001	2	40400704	10000		
1		10	3	10002	2	40400705	8000	
1	1		10	3	10003	2	40400706	10000
		75	2	12	3	20001	2	40400707
10000			1		12	3	20003	1
40400708	8000		1	125	2	12	3	20001
1	40400709	7000		1	1		12	3
20003	1	40400801	10000			75	2	10
3	10001	3	40400802	10000			1	
10	3	10001	2	40400803	10000			1
	10	3	10002	2	40400804	8000		1
1		10	3	10003	2	40400805	10000	
	75	2	12	3	20001	2	40400806	10000
		1		12	3	20003	1	40400807
8000		1	125	2	12	3	20001	1
40400808	7000		1	1		12	3	20003
1	40400901	10000			75	2	10	3
10001	3	40400902	10000			1		10
3	10001	2	40400903	10000			1	
10	3	10002	2	40400904	8000		1	1
	10	3	10003	2	40400905	10000		
75	2	12	3	20001	2	40400906	10000	
	1		12	3	20003	1	40400907	8000
	1	125	2	12	3	20001	1	40400908
7000		1	1		12	3	20003	1
40401001	10000			75	2	10	3	10001
3	40401002	10000			1		10	3
10001	2	40401003	10000			1		10
3	10002	2	40401004	8000		1	1	
10	3	10003	2	40401005	10000			75
2	12	3	20001	2	40401006	10000		
1		12	3	20003	1	40401007	8000	
1	125	2	12	3	20001	1	40401008	7000
	1	1		12	3	20003	1	40500101
10000			75	2	10	3	10001	4
40500102	10000			1		10	3	10001
3	40500103	6000		1	1		10	3
10002	2	40500104	10000			1		10
3	10001	1	40500105	8000		1	125	2
12	3	20001	1	40500106	6000		1	15
1	12	3	20001	1	40500107	4000		1
15	1	12	3	30001	1	40500201	10000	
	75	2	10	3	10001	4	40500202	10000
		1		10	3	10001	3	40500203
6000		1	1		10	3	10002	2
40500204	10000			1		10	3	10001
1	40500205	8000		1	125	2	12	3
20001	1	40500206	6000		1	15	1	12
3	20001	1	40500301	10000			75	2
10	3	10001	4	40500302	10000			1
	10	3	10001	3	40500303	6000		1
1		10	3	10002	2	40500304	10000	
	1		10	3	10001	1	40500305	10000
		1		12	3	20001	1	40500306
8000		1	125	2	12	3	20001	1
40500307	6000		1	15	1	12	3	20001
1	40500308	6000		1	125	2	12	3
30003	1	40500401	10000			75	2	10
3	10001	4	40500402	10000			1	
10	3	10001	3	40500403	6000		1	1
	10	3	10002	2	40500404	10000		
1		10	3	10001	1	40500405	10000	
	1		12	3	20001	1	40500406	8000
	1	125	2	12	3	20001	1	40500407
6000		1	15	1	12	3	20001	1
40500501	10000			75	2	10	3	10001
4	40500502	10000			1		10	3
10001	3	40500503	6000		1	1		10
3	10002	2	40500504	10000			1	
10	3	10001	1	40500505	10000			1
	12	3	20001	1	40500506	8000		1
125	2	12	3	20001	1	40500507	7000	
1	1		12	3	20003	1	40500508	6000
	1	15	1	12	3	20001	1	40500601
10000			75	2	10	3	10001	4
40500602	10000			1		10	3	10001
3	40500603	10000			1		10	3
10001	1	40500604	10000			1		12
3	20001	1	40500605	8000		1	125	2
12	3	20001	1	40500606	7000		1	1
	12	3	20003	1	40500607	6000		1
15	1	12	3	20001	1	40500608	5000	
1	125	2	12	3	30003	2	40500701	10000
		75	2	10	3	10001	4	40500702
10000			1		10	3	10001	3
40500703	10000			1		10	3	10002
2	40500704	10000			1		10	3
10001	1	40500705	10000			1		12
3	20001	1	40500706	8000		1	125	2
12	3	20001	1	40500707	7000		1	1
	12	3	20003	1	40500708	6000		1
15	1	12	3	20001	1	40500801	10000	
	75	2	10	3	10001	4	40500802	10000
		1		10	3	10001	3	40500803
10000			1		10	3	10002	2
40500804	6000		1	75	2	10	3	10003
3	40500805	10000			1		12	3
20001	1	40500806	8000		1	125	2	12
3	20001	1	40500807	7000		1	1	
12	3	20003	1	40500808	6000		1	15
1	12	3	20001	1	40500901	10000		
75	2	10	3	10001	4	40500902	10000	
	1		10	3	10001	3	40500903	10000
		1		10	3	10002	2	40500904
6000		1	75	2	10	3	10003	3
40500905	10000			1		12	3	20001
1	40500906	8000		1	125	2	12	3
20001	1	40500907	7000		1	1		12
3	20003	1	40500908	6000		1	15	1
12	3	20001	1	40501001	10000			75
2	10	3	10001	4	40501002	10000		
1		10	3	10001	3	40501003	10000	
	1		10	3	10002	2	40501004	10000
		1		12	3	20001	1	40501005
8000		1	125	2	12	3	20001	1
40501006	7000		1	1		12	3	20003
1	40501007	6000		1	15	1	12	3
20001	1	40600101	4000		1	3		12
3	50001	1	40600102	10000			75	2
10	3	10001	4	40600103	10000			1
	10	3	10001	3	40600104	6000		1
1		10	3	10002	2	40600105	8000	
1	125	2	12	3	20001	1	40600106	6000
	1	15	1	12	3	20001	1	40600201
10000			75	2	10	3	10001	4
40600202	10000			1		10	3	10001
3	40600203	6000		1	1		10	3
10002	2	40600204	8000		1	125	2	12
3	20001	1	40600205	6000		1	15	1
12	3	20001	1	40600301	10000			75
2	10	3	10001	4	40600302	10000		
1		10	3	10001	3	40600303	6000	
1	1		10	3	10002	2	40600304	8000
	1	125	2	12	3	20001	1	40600305
6000		1	15	1	12	3	20001	1
40600401	10000			75	2	10	3	10001
4	40600402	10000			1		10	3
10001	3	40600403	6000		1	1		10
3	10002	2	40600404	10000			1	
12	3	20001	1	40600405	8000		1	125
2	12	3	20001	1	40600406	6000		1
15	1	12	3	20001	1	40600501	10000	
	75	2	10	3	10001	4	40600502	500
1		1		10	3	10004	1	40600503
6000		1	1		10	3	10002	2
40600504	10000			1		12	3	20001
1	40600505	8000		1	125	2	12	3
20001	1	40600506	6000		1	15	1	12
3	20001	1	40600601	10000			75	2
10	3	10001	4	40600602	10000			1
	10	3	10001	3	40600603	6000		1
1		10	3	10002	2	40600604	10000	
	1		12	3	20001	1	40600605	8000
	1	125	2	12	3	20001	1	40600606
6000		1	15	1	12	3	20001	1
40600701	10000			75	2	10	3	10001
4	40600702	10000			1		10	3
10001	3	40600703	10000			1		12
3	20001	1	40600704	8000		1	125	2
12	3	20001	1	40600801	10000			75
2	10	3	10001	4	40600802	10000		
1		10	3	10001	3	40600803	10000	
	75	2	12	3	20001	2	40600804	10000
		1		12	3	20001	1	40600805
8000		1	125	2	12	3	20001	1
40600806	7000		1	1		12	3	20003
1	40600901	10000			75	2	10	3
10001	4	40600902	10000			1		10
3	10001	3	40600903	6000		1	75	2
10	3	10003	3	40600904	10000			75
2	12	3	20001	2	40600905	10000		
1		12	3	20001	1	40600906	8000	
1	125	2	12	3	20001	1	40600907	7000
	1	1		12	3	20003	1	40601001
10000			75	2	10	3	10001	4
40601002	10000			1		10	3	10001
3	40601003	6000		1	75	2	10	3
10003	3	40601004	10000			75	2	12
3	20001	2	40601005	10000			1	
12	3	20001	1	40601006	8000		1	125
2	12	3	20001	1	40601007	7000		1
1		12	3	20003	1	40601008	6000	
1	125	2	12	3	30003	1	40601101	10000
		75	2	10	3	10001	4	40601102
10000			1		10	3	10001	3
40601103	10000			1		10	3	10002
2	40601104	6000		1	75	2	10	3
10003	3	40601105	10000			75	2	12
3	20001	2	40601106	10000			1	
12	3	20001	1	40601107	8000		1	125
2	12	3	20001	1	40601108	7000		1
1		12	3	20003	1	40601201	10000	
	75	2	10	3	10001	4	40601202	10000
		1		10	3	10001	3	40601203
10000			1		10	3	10002	2
40601204	6000		1	75	2	10	3	10003
3	40601205	10000			75	2	12	3
20001	2	40601206	10000			1		12
3	20001	1	40601207	8000		1	125	2
12	3	20001	1	40601208	7000		1	1
	12	3	20003	1	40601301	10000		
75	2	10	3	10001	4	40601302	10000	
	1		10	3	10001	3	40601303	10000
		1		10	3	10002	2	40601304
6000		1	75	2	10	3	10003	3
40601305	10000			75	2	12	3	20001
2	40601306	10000			1		12	3
20001	1	40601307	8000		1	125	2	12
3	20001	1	40601308	7000		1	1	
12	3	20003	1	40700101	4000		1	3
	12	3	50001	1	40700102	10000		
75	2	10	3	10001	4	40700103	10000	
	1		10	3	10001	3	40700104	6000
	1	1		10	3	10002	2	40700105
8000		1	125	2	12	3	20001	1
40700106	4000		1	15	1	12	3	30001
1	40700201	10000			75	2	10	3
10001	4	40700202	10000			1		10
3	10001	3	40700203	6000		1	1	
10	3	10002	2	40700204	10000			1
	10	3	10001	1	40700205	8000		1
125	2	12	3	20001	1	40700301	10000	
	75	2	10	3	10001	4	40700302	10000
		1		10	3	10001	3	40700303
6000		1	1		10	3	10002	2
40700304	8000		1	125	2	12	3	20001
1	40700305	6000		1	15	1	12	3
20001	1	40700401	10000			75	2	10
3	10001	4	40700402	10000			1	
10	3	10001	3	40700403	10000			1
	12	3	20001	1	40700404	8000		1
125	2	12	3	20001	1	40700501	10000	
	75	2	10	3	10001	4	40700502	10000
		1		10	3	10001	3	40700503
10000			1		12	3	20001	1
40700504	8000		1	125	2	12	3	20001
1	40700601	10000			75	2	10	3
10001	4	40700602	10000			1		10
3	10001	3	40700603	10000			1	
12	3	20001	1	40700604	8000		1	125
2	12	3	20001	1	40700701	10000		
75	2	10	3	10001	4	40700702	10000	
	1		10	3	10001	3	40700703	10000
		1		12	3	20001	1	40700704
8000		1	125	2	12	3	20001	1
40700801	10000			75	2	10	3	10001
4	40700802	10000			1		10	3
10001	3	40700803	10000			1		12
3	20001	1	40700804	8000		1	125	2
12	3	20001	1	40700901	10000			75
2	10	3	10001	4	40700902	10000		
1		10	3	10001	3	40700903	10000	
	1		12	3	20001	1	40700904	8000
	1	125	2	12	3	20001	1	40701001
10000			75	2	10	3	10001	4
40701002	10000			1		10	3	10001
3	40701003	10000			75	2	12	3
20001	2	40701004	10000			1		12
3	20001	1	40701005	8000		1	125	2
12	3	20001	1	40701006	7000		1	1
	12	3	20003	1	40701101	10000		
75	2	10	3	10001	4	40701102	10000	
	1		10	3	10001	3	40701103	10000
		75	2	12	3	20001	2	40701104
10000			1		12	3	20001	1
40701105	8000		1	125	2	12	3	20001
1	40701106	7000		1	1		12	3
20003	1	40701201	10000			75	2	10
3	10001	4	40701202	10000			1	
10	3	10001	3	40701203	10000			1
	10	3	10002	2	40701204	10000		
75	2	12	3	20001	2	40701205	10000	
	1		12	3	20001	1	40701206	8000
	1	125	2	12	3	20001	1	40701207
7000		1	1		12	3	20003	1
40701301	10000			75	2	10	3	10001
4	40701302	10000			1		10	3
10001	3	40701303	10000			1		10
3	10002	2	40701304	10000			75	2
12	3	20001	2	40701305	10000			1
	12	3	20001	1	40701306	8000		1
125	2	12	3	20001	1	40701307	7000	
1	1		12	3	20003	1	40701401	10000
		75	2	10	3	10001	4	40701402
10000			1		10	3	10001	3
40701403	10000			1		10	3	10002
2	40701404	10000			75	2	12	3
20001	2	40701405	10000			1		12
3	20001	1	40701406	8000		1	125	2
12	3	20001	1	40701407	7000		1	1
	12	3	20003	1	40701501	10000		
75	2	10	3	10001	4	40701502	10000	
	1		10	3	10001	3	40701503	10000
		1		10	3	10002	2	40701504
10000			75	2	12	3	20001	2
40701505	10000			1		12	3	20001
1	40701506	8000		1	125	2	12	3
20001	1	40800101	10000			2		12
3	50001	1	40800102	10000			5	1
10	3	10001	6	40800103	10000			67
2	10	3	10001	4	40800104	6000		1
67	2	10	3	10002	2	40800105	8000	
1	83	2	12	3	20001	1	40800201	10000
		5	1	10	3	10001	6	40800202
10000			67	2	10	3	10001	4
40800203	6000		1	67	2	10	3	10002
2	40800204	10000			67	2	10	3
10001	2	40800205	8000		1	83	2	12
3	20001	1	40800301	4000		1	2	
12	3	50001	1	40800302	10000			5
1	10	3	10001	6	40800303	10000		
67	2	10	3	10001	4	40800304	6000	
1	67	2	10	3	10002	2	40800305	10000
		67	2	10	3	10001	2	40800306
10000			5	1	12	3	20001	2
40800307	8000		1	83	2	12	3	20001
1	40800401	10000			5	1	10	3
10001	6	40800402	10000			67	2	10
3	10001	4	40800403	6000		1	67	2
10	3	10002	2	40800404	10000			67
2	10	3	10001	2	40800405	10000		
5	1	12	3	20001	2	40800406	8000	
1	83	2	12	3	20001	1	40800501	6000
	1	67	2	10	3	10002	2	40800502
10000			67	2	10	3	10001	2
40800503	10000			5	1	12	3	20001
2	40800504	8000		1	83	2	12	3
20001	1	40800601	5000		1	2		12
10	50001	2	40800602	10000			5	1
10	3	10001	6	40800603	10000			67
2	10	3	10001	4	40800604	6000		1
67	2	10	3	10002	2	40800605	10000	
	67	2	10	3	10001	2	40800606	10000
		5	1	12	3	20001	2	40800607
8000		1	83	2	12	3	20001	1
40800701	10000			5	1	10	3	10001
6	40800702	10000			67	2	10	3
10001	4	40800703	6000		1	67	2	10
3	10002	2	40800704	10000			67	2
10	3	10001	2	40800705	10000			5
1	12	3	20001	2	40800706	8000		1
83	2	12	3	20001	1	40800801	10000	
	5	1	10	3	10001	6	40800802	10000
		67	2	10	3	10001	4	40800803
10000			5	1	12	3	20001	2
40800804	10000			67	2	12	3	20001
1	40800805	8000		1	83	2	12	3
20001	1	40800806	7000		1	67	2	12
3	20003	1	40800901	10000			5	1
10	3	10001	6	40800902	10000			67
2	10	3	10001	4	40800903	10000		
5	1	12	3	20001	2	40800904	10000	
	67	2	12	3	20001	1	40800905	8000
	1	83	2	12	3	20001	1	40800906
7000		1	67	2	12	3	20003	1
40801001	5000		1	2		12	10	50001
2	40801002	10000			67	2	10	3
10002	2	40801003	10000			5	1	12
3	20001	2	40801004	10000			67	2
12	3	20001	1	40801005	8000		1	83
2	12	3	20001	1	40801006	7000		1
67	2	12	3	20003	1	40801101	10000	
	67	2	10	3	10002	2	40801102	10000
		67	2	10	3	10001	2	40801103
10000			5	1	12	3	20001	2
40801104	10000			67	2	12	3	20001
1	40801105	8000		1	83	2	12	3
20001	1	40801106	7000		1	67	2	12
3	20003	1	40801201	10000			67	2
10	3	10002	2	40801202	6000		1	5
1	10	3	10003	3	40801203	10000		
67	2	10	3	10001	2	40801204	10000	
	5	1	12	3	20001	2	40801205	10000
		67	2	12	3	20001	1	40801206
8000		1	83	2	12	3	20001	1
40801207	7000		1	67	2	12	3	20003
1	40801301	5000		1	2		12	10
50001	2	40801302	10000			67	2	10
3	10002	2	40801303	6000		1	5	1
10	3	10003	3	40801304	10000			5
1	12	3	20001	2	40801305	10000		
67	2	12	3	20001	1	40801306	8000	
1	83	2	12	3	20001	1	40801307	7000
	1	67	2	12	3	20003	1	40801401
10000			67	2	10	3	10002	2
40801402	6000		1	5	1	10	3	10003
3	40801403	10000			5	1	12	3
20001	2	40801404	10000			67	2	12
3	20001	1	40801405	8000		1	83	2
12	3	20001	1	40801406	7000		1	67
2	12	3	20003	1	40801501	10000		
67	2	10	3	10002	2	40801502	6000	
1	5	1	10	3	10003	3	40801503	10000
		5	1	12	3	20001	2	40801504
10000			67	2	12	3	20001	1
40801505	8000		1	83	2	12	3	20001
1	40801506	7000		1	67	2	12	3
20003	1	40900101	8000		1	83	2	12
3	20001	1	40900102	10000			5	1
10	3	10001	4	40900103	10000			5
1	10	3	10001	6	40900104	10000		
67	2	10	3	10001	4	40900105	8000	
1	83	2	12	3	20001	1	40900201	10000
		5	1	10	3	10001	6	40900202
10000			67	2	10	3	10001	4
40900203	6000		1	67	2	10	3	10002
2	40900204	8000		1	83	2	12	3
20001	1	40900301	10000			5	1	10
3	10001	6	40900302	10000			67	2
10	3	10001	4	40900303	10000			2
	10	3	60001	1	40900401	10000		
5	1	10	3	10001	6	40900402	10000	
	67	2	10	3	10001	4	40900403	10000
		5	1	12	3	20001	2	40900404
8000		1	83	2	12	3	20001	1
40900501	10000			5	1	10	3	10001
6	40900502	10000			67	2	10	3
10001	4	40900503	10000			5	1	12
3	20001	2	40900504	8000		1	83	2
12	3	20001	1	40900601	10000			5
1	10	3	10001	6	40900602	10000		
67	2	10	3	10001	4	40900603	10000	
	5	1	12	3	20001	2	40900604	10000
		67	2	12	3	20001	1	40900605
8000		1	83	2	12	3	20001	1
40900701	10000			5	1	10	3	10001
6	40900702	10000			67	2	10	3
10001	4	40900703	10000			5	1	12
3	20001	2	40900704	10000			67	2
12	3	20001	1	40900705	8000		1	83
2	12	3	20001	1	40900801	10000		
5	1	10	3	10001	6	40900802	10000	
	67	2	10	3	10001	4	40900803	10000
		5	1	12	3	20001	2	40900804
10000			67	2	12	3	20001	1
40900805	8000		1	83	2	12	3	20001
1	40900901	10000			5	1	10	3
10001	6	40900902	10000			67	2	10
3	10001	4	40900903	10000			5	1
12	3	20001	2	40900904	10000			67
2	12	3	20001	1	40900905	8000		1
83	2	12	3	20001	1	40900906	7000	
1	67	2	12	3	20003	1	40901001	10000
		5	1	10	3	10001	6	40901002
10000			67	2	10	3	10001	4
40901003	10000			5	1	12	3	20001
2	40901004	10000			67	2	12	3
20001	1	40901005	8000		1	83	2	12
3	20001	1	40901006	7000		1	67	2
12	3	20003	1	40901101	10000			5
1	10	3	10001	6	40901102	10000		
67	2	10	3	10001	4	40901103	10000	
	5	1	12	3	20001	2	40901104	10000
		67	2	12	3	20001	1	40901105
8000		1	83	2	12	3	20001	1
40901106	7000		1	67	2	12	3	20003
1	40901201	10000			5	1	10	3
10001	6	40901202	10000			67	2	10
3	10001	4	40901203	10000			5	1
12	3	20001	2	40901204	10000			67
2	12	3	20001	1	40901205	8000		1
83	2	12	3	20001	1	40901206	7000	
1	67	2	12	3	20003	1	40901301	10000
		5	1	10	3	10001	6	40901302
10000			67	2	10	3	10001	4
40901303	10000			5	1	12	3	20001
2	40901304	10000			67	2	12	3
20001	1	40901305	8000		1	83	2	12
3	20001	1	40901306	7000		1	67	2
12	3	20003	1	40901401	10000			5
1	10	3	10001	6	40901402	10000		
67	2	10	3	10001	4	40901403	10000	
	5	1	12	3	20001	2	40901404	10000
		67	2	12	3	20001	1	40901405
8000		1	83	2	12	3	20001	1
40901406	7000		1	67	2	12	3	20003
1	40901501	10000			5	1	10	3
10001	6	40901502	10000			67	2	10
3	10001	4	40901503	10000			5	1
12	3	20001	2	40901504	10000			67
2	12	3	20001	1	40901505	8000		1
83	2	12	3	20001	1	40901506	7000	
1	67	2	12	3	20003	1	40901601	10000
		5	1	10	3	10001	6	40901602
10000			67	2	10	3	10001	4
40901603	10000			5	1	12	3	20001
2	40901604	10000			67	2	12	3
20001	1	40901605	8000		1	83	2	12
3	20001	1	40901606	7000		1	67	2
12	3	20003	1	40901701	10000			5
1	10	3	10001	6	40901702	10000		
67	2	10	3	10001	4	40901703	10000	
	5	1	12	3	20001	2	40901704	10000
		67	2	12	3	20001	1	40901705
8000		1	83	2	12	3	20001	1
40901706	7000		1	67	2	12	3	20003
1	40901801	10000			5	1	10	3
10001	6	40901802	10000			67	2	10
3	10001	4	40901803	10000			5	1
12	3	20001	2	40901804	10000			67
2	12	3	20001	1	40901805	8000		1
83	2	12	3	20001	1	40901806	7000	
1	67	2	12	3	20003	1	40901901	10000
		5	1	10	3	10001	6	40901902
10000			67	2	10	3	10001	4
40901903	10000			5	1	12	3	20001
2	40901904	10000			67	2	12	3
20001	1	40901905	8000		1	83	2	12
3	20001	1	40901906	7000		1	67	2
12	3	20003	1	40902001	10000			5
1	10	3	10001	6	40902002	10000		
67	2	10	3	10001	4	40902003	10000	
	5	1	12	3	20001	2	40902004	10000
		67	2	12	3	20001	1	40902005
8000		1	83	2	12	3	20001	1
40902006	7000		1	67	2	12	3	20003
1	41000101	10000			2		12	3
50001	1	41000102	10000			5	1	10
3	10001	6	41000103	10000			67	2
10	3	10001	4	41000104	8000		1	83
2	12	3	20001	1	41000201	10000		
5	1	10	3	10001	6	41000202	10000	
	67	2	10	3	10001	4	41000203	10000
		67	2	10	3	10001	2	41000204
8000		1	83	2	12	3	20001	1
41000301	10000			5	1	10	3	10001
6	41000302	10000			67	2	10	3
10001	4	41000303	8000		1	83	2	12
3	20001	1	41000401	10000			5	1
10	3	10001	6	41000402	10000			67
2	10	3	10001	4	41000403	10000		
67	2	10	3	10001	2	41000404	8000	
1	83	2	12	3	20001	1	41000501	10000
		5	1	10	3	10001	6	41000502
500	1		1		10	3	10004	1
41000503	8000		1	83	2	12	3	20001
1	41000601	10000			5	1	10	3
10001	6	41000602	10000			67	2	10
3	10001	4	41000603	10000			67	2
10	3	10001	2	41000604	10000			5
1	12	3	20001	2	41000605	8000		1
83	2	12	3	20001	1	41000701	10000	
	5	1	10	3	10001	6	41000702	10000
		67	2	10	3	10001	4	41000703
10000			5	1	12	3	20001	2
41000704	8000		1	83	2	12	3	20001
1	41000801	5000		1	2		12	10
50001	2	41000802	10000			5	1	10
3	10001	6	41000803	10000			67	2
10	3	10001	4	41000804	10000			5
1	12	3	20001	2	41000805	8000		1
83	2	12	3	20001	1	41000901	10000	
	5	1	10	3	10001	6	41000902	10000
		67	2	10	3	10001	4	41000903
10000			5	1	12	3	20001	2
41000904	10000			67	2	12	3	20001
1	41000905	8000		1	83	2	12	3
20001	1	41001001	10000			5	1	10
3	10001	6	41001002	10000			67	2
10	3	10001	4	41001003	10000			67
2	10	3	10001	2	41001004	10000		
5	1	12	3	20001	2	41001005	10000	
	67	2	12	3	20001	1	41001006	8000
	1	83	2	12	3	20001	1	41001101
10000			5	1	10	3	10001	6
41001102	10000			67	2	10	3	10001
4	41001103	10000			5	1	12	3
20001	2	41001104	10000			67	2	12
3	20001	1	41001105	8000		1	83	2
12	3	20001	1	41001106	7000		1	67
2	12	3	20003	1	41001201	5000		1
2		12	10	50001	2	41001202	10000	
	5	1	10	3	10001	6	41001203	10000
		67	2	10	3	10001	4	41001204
10000			5	1	12	3	20001	2
41001205	10000			67	2	12	3	20001
1	41001206	8000		1	83	2	12	3
20001	1	41001207	7000		1	67	2	12
3	20003	1	41001301	10000			5	1
10	3	10001	6	41001302	10000			67
2	10	3	10001	4	41001303	10000		
5	1	12	3	20001	2	41001304	10000	
	67	2	12	3	20001	1	41001305	8000
	1	83	2	12	3	20001	1	41001306
7000		1	67	2	12	3	20003	1
41001401	10000			5	1	10	3	10001
6	41001402	10000			67	2	10	3
10001	4	41001403	10000			5	1	12
3	20001	2	41001404	10000			67	2
12	3	20001	1	41001405	8000		1	83
2	12	3	20001	1	41001406	7000		1
67	2	12	3	20003	1	41001501	10000	
	5	1	10	3	10001	6	41001502	10000
		67	2	10	3	10001	4	41001503
10000			5	1	12	3	20001	2
41001504	10000			67	2	12	3	20001
1	41001505	8000		1	83	2	12	3
20001	1	41001506	7000		1	67	2	12
3	20003	1	41001601	5000		1	2	
12	10	50001	2	41001602	10000			5
1	10	3	10001	6	41001603	10000		
67	2	10	3	10001	4	41001604	10000	
	5	1	12	3	20001	2	41001605	10000
		67	2	12	3	20001	1	41001606
8000		1	83	2	12	3	20001	1
41001607	7000		1	67	2	12	3	20003
1	41001701	10000			5	1	10	3
10001	6	41001702	10000			67	2	10
3	10001	4	41001703	10000			5	1
12	3	20001	2	41001704	10000			67
2	12	3	20001	1	41001705	8000		1
83	2	12	3	20001	1	41001706	7000	
1	67	2	12	3	20003	1	41001801	10000
		5	1	10	3	10001	6	41001802
10000			67	2	10	3	10001	4
41001803	10000			5	1	12	3	20001
2	41001804	10000			67	2	12	3
20001	1	41001805	8000		1	83	2	12
3	20001	1	41001806	7000		1	67	2
12	3	20003	1	41001901	10000			5
1	10	3	10001	6	41001902	10000		
67	2	10	3	10001	4	41001903	10000	
	5	1	12	3	20001	2	41001904	10000
		67	2	12	3	20001	1	41001905
8000		1	83	2	12	3	20001	1
41001906	7000		1	67	2	12	3	20003
1	41002001	10000			5	1	10	3
10001	6	41002002	10000			67	2	10
3	10001	4	41002003	10000			5	1
12	3	20001	2	41002004	10000			67
2	12	3	20001	1	41002005	8000		1
83	2	12	3	20001	1	41002006	7000	
1	67	2	12	3	20003	1	41100101	10000
		2		12	3	50001	1	41100102
10000			5	1	10	3	10001	6
41100103	10000			67	2	10	3	10001
4	41100104	8000		1	83	2	12	3
20001	1	41100201	10000			5	1	10
3	10001	6	41100202	10000			67	2
10	3	10001	4	41100203	6000		1	67
2	12	3	20002	2	41100204	8000		1
83	2	12	3	20001	1	41100301	10000	
	5	1	10	3	10001	6	41100302	10000
		67	2	10	3	10001	4	41100303
6000		1	67	2	12	3	20002	2
41100401	10000			5	1	10	3	10001
6	41100402	10000			67	2	10	3
10001	4	41100403	6000		1	67	2	12
3	20002	2	41100501	10000			5	1
10	3	10001	6	41100502	10000			67
2	10	3	10001	4	41100503	10000		
5	1	12	3	20001	2	41100504	8000	
1	83	2	12	3	20001	1	41100601	10000
		5	1	10	3	10001	6	41100602
10000			67	2	10	3	10001	4
41100603	10000			5	1	12	3	20001
2	41100604	10000			67	2	12	3
20001	1	41100605	8000		1	83	2	12
3	20001	1	41100701	10000			5	1
10	3	10001	6	41100702	6000		1	67
2	12	3	20002	2	41100703	10000		
5	1	12	3	20001	2	41100704	10000	
	67	2	12	3	20001	1	41100705	8000
	1	83	2	12	3	20001	1	41100801
10000			5	1	10	3	10001	6
41100802	6000		1	67	2	12	3	20002
2	41100803	10000			5	1	12	3
20001	2	41100804	10000			67	2	12
3	20001	1	41100805	8000		1	83	2
12	3	20001	1	41100901	10000			5
1	10	3	10001	6	41100902	6000		1
67	2	12	3	20002	2	41100903	10000	
	5	1	12	3	20001	2	41100904	10000
		67	2	12	3	20001	1	41100905
8000		1	83	2	12	3	20001	1
41100906	7000		1	67	2	12	3	20003
1	41101001	10000			5	1	10	3
10001	6	41101002	10000			67	2	10
3	10001	4	41101003	10000			5	1
12	3	20001	2	41101004	10000			67
2	12	3	20001	1	41101005	8000		1
83	2	12	3	20001	1	41101006	7000	
1	67	2	12	3	20003	1	41101101	10000
		5	1	10	3	10001	6	41101102
10000			67	2	10	3	10001	4
41101103	10000			5	1	12	3	20001
2	41101104	10000			67	2	12	3
20001	1	41101105	8000		1	83	2	12
3	20001	1	41101106	7000		1	67	2
12	3	20003	1	41101201	10000			5
1	10	3	10001	6	41101202	6000		1
67	2	12	3	20002	2	41101203	10000	
	5	1	12	3	20001	2	41101204	10000
		67	2	12	3	20001	1	41101205
8000		1	83	2	12	3	20001	1
41101206	7000		1	67	2	12	3	20003
1	41101301	10000			5	1	10	3
10001	6	41101302	10000			67	2	10
3	10001	4	41101303	6000		1	67	2
12	3	20002	2	41101304	10000			67
2	12	3	20001	1	41101305	8000		1
83	2	12	3	20001	1	41101306	7000	
1	67	2	12	3	20003	1	41101401	10000
		5	1	10	3	10001	6	41101402
6000		1	67	2	12	3	20002	2
41101403	10000			5	1	12	3	20001
2	41101404	10000			67	2	12	3
20001	1	41101405	8000		1	83	2	12
3	20001	1	41101406	7000		1	67	2
12	3	20003	1	41101501	10000			5
1	10	3	10001	6	41101502	10000		
67	2	10	3	10001	4	41101503	10000	
	5	1	12	3	20001	2	41101504	10000
		67	2	12	3	20001	1	41101505
8000		1	83	2	12	3	20001	1
41101506	7000		1	67	2	12	3	20003
1	41101601	10000			5	1	10	3
10001	6	41101602	10000			67	2	10
3	10001	4	41101603	10000			5	1
12	3	20001	2	41101604	10000			67
2	12	3	20001	1	41101605	8000		1
83	2	12	3	20001	1	41101606	7000	
1	67	2	12	3	20003	1	41101701	10000
		5	1	10	3	10001	6	41101702
10000			67	2	10	3	10001	4
41101703	6000		1	67	2	12	3	20002
2	41101704	10000			67	2	12	3
20001	1	41101705	8000		1	83	2	12
3	20001	1	41101706	7000		1	67	2
12	3	20003	1	41101801	10000			5
1	10	3	10001	6	41101802	6000		1
67	2	12	3	20002	2	41101803	10000	
	5	1	12	3	20001	2	41101804	10000
		67	2	12	3	20001	1	41101805
8000		1	83	2	12	3	20001	1
41101806	7000		1	67	2	12	3	20003
1	41101901	10000			5	1	10	3
10001	6	41101902	6000		1	67	2	12
3	20002	2	41101903	10000			5	1
12	3	20001	2	41101904	10000			67
2	12	3	20001	1	41101905	8000		1
83	2	12	3	20001	1	41101906	7000	
1	67	2	12	3	20003	1	41102001	10000
		5	1	10	3	10001	6	41102002
10000			67	2	10	3	10001	4
41102003	6000		1	67	2	12	3	20002
2	41102004	10000			67	2	12	3
20001	1	41102005	8000		1	83	2	12
3	20001	1	41102006	7000		1	67	2
12	3	20003	1	41200101	10000			2
	10	3	60001	1	41200102	10000		
2		12	3	50001	1	41200103	10000	
	5	1	10	3	10001	6	41200104	10000
		67	2	10	3	10001	4	41200105
8000		1	83	2	12	3	20001	1
41200201	10000			5	1	10	3	10001
6	41200202	10000			67	2	10	3
10001	4	41200203	6000		1	67	2	10
3	10002	2	41200204	8000		1	83	2
12	3	20001	1	41200301	10000			5
1	10	3	10001	6	41200302	10000		
67	2	10	3	10001	4	41200303	8000	
1	83	2	12	3	20001	1	41200401	10000
		5	1	10	3	10001	6	41200402
10000			67	2	10	3	10001	4
41200403	10000			5	1	12	3	20001
2	41200404	8000		1	83	2	12	3
20001	1	41200501	10000			5	1	10
3	10001	6	41200502	10000			67	2
10	3	10001	4	41200503	10000			5
1	12	3	20001	2	41200504	8000		1
83	2	12	3	20001	1	41200601	10000	
	5	1	10	3	10001	6	41200602	10000
		67	2	10	3	10001	4	41200603
10000			5	1	12	3	20001	2
41200604	10000			67	2	12	3	20001
1	41200605	8000		1	83	2	12	3
20001	1	41200701	10000			5	1	10
3	10001	6	41200702	10000			67	2
10	3	10001	4	41200703	10000			5
1	12	3	20001	2	41200704	10000		
67	2	12	3	20001	1	41200705	8000	
1	83	2	12	3	20001	1	41200801	10000
		5	1	10	3	10001	6	41200802
10000			67	2	10	3	10001	4
41200803	10000			5	1	12	3	20001
2	41200804	10000			67	2	12	3
20001	1	41200805	8000		1	83	2	12
3	20001	1	41200901	10000			5	1
10	3	10001	6	41200902	10000			67
2	10	3	10001	4	41200903	10000		
5	1	12	3	20001	2	41200904	10000	
	67	2	12	3	20001	1	41200905	8000
	1	83	2	12	3	20001	1	41200906
7000		1	67	2	12	3	20003	1
41201001	10000			5	1	10	3	10001
6	41201002	10000			67	2	10	3
10001	4	41201003	10000			5	1	12
3	20001	2	41201004	10000			67	2
12	3	20001	1	41201005	8000		1	83
2	12	3	20001	1	41201006	7000		1
67	2	12	3	20003	1	41201101	10000	
	5	1	10	3	10001	6	41201102	10000
		67	2	10	3	10001	4	41201103
10000			5	1	12	3	20001	2
41201104	10000			67	2	12	3	20001
1	41201105	8000		1	83	2	12	3
20001	1	41201106	7000		1	67	2	12
3	20003	1	41201201	10000			5	1
10	3	10001	6	41201202	10000			67
2	10	3	10001	4	41201203	10000		
5	1	12	3	20001	2	41201204	10000	
	67	2	12	3	20001	1	41201205	8000
	1	83	2	12	3	20001	1	41201206
7000		1	67	2	12	3	20003	1
41201301	10000			5	1	10	3	10001
6	41201302	10000			67	2	10	3
10001	4	41201303	10000			5	1	12
3	20001	2	41201304	10000			67	2
12	3	20001	1	41201305	8000		1	83
2	12	3	20001	1	41201306	7000		1
67	2	12	3	20003	1	41201401	10000	
	5	1	10	3	10001	6	41201402	10000
		67	2	10	3	10001	4	41201403
10000			5	1	12	3	20001	2
41201404	10000			67	2	12	3	20001
1	41201405	8000		1	83	2	12	3
20001	1	41201406	7000		1	67	2	12
3	20003	1	41201501	10000			5	1
10	3	10001	6	41201502	10000			67
2	10	3	10001	4	41201503	10000		
5	1	12	3	20001	2	41201504	10000	
	67	2	12	3	20001	1	41201505	8000
	1	83	2	12	3	20001	1	41201506
7000		1	67	2	12	3	20003	1
41201601	10000			5	1	10	3	10001
6	41201602	10000			67	2	10	3
10001	4	41201603	10000			5	1	12
3	20001	2	41201604	10000			67	2
12	3	20001	1	41201605	8000		1	83
2	12	3	20001	1	41201606	7000		1
67	2	12	3	20003	1	41201701	10000	
	5	1	10	3	10001	6	41201702	10000
		67	2	10	3	10001	4	41201703
10000			5	1	12	3	20001	2
41201704	10000			67	2	12	3	20001
1	41201705	8000		1	83	2	12	3
20001	1	41201706	7000		1	67	2	12
3	20003	1	41201801	10000			5	1
10	3	10001	6	41201802	10000			67
2	10	3	10001	4	41201803	10000		
5	1	12	3	20001	2	41201804	10000	
	67	2	12	3	20001	1	41201805	8000
	1	83	2	12	3	20001	1	41201806
7000		1	67	2	12	3	20003	1
41201901	10000			5	1	10	3	10001
6	41201902	10000			67	2	10	3
10001	4	41201903	10000			5	1	12
3	20001	2	41201904	10000			67	2
12	3	20001	1	41201905	8000		1	83
2	12	3	20001	1	41201906	7000		1
67	2	12	3	20003	1	41202001	10000	
	5	1	10	3	10001	6	41202002	10000
		67	2	10	3	10001	4	41202003
10000			5	1	12	3	20001	2
41202004	10000			67	2	12	3	20001
1	41202005	8000		1	83	2	12	3
20001	1	41202006	7000		1	67	2	12
3	20003	1	50100101	10000			133	2
10	3	10001	2	50100102	10000			1
	10	3	10001	3	50100103	6000		1
2		12	3	20001	1	50100104	4000	
1	2		12	3	30001	1	50100105	10000
		1		10	3	10001	3	50100201
10000			133	2	10	3	10001	2
50100202	10000			1		10	3	10001
3	50100203	6000		1	2		12	3
20001	1	50100204	4000		1	2		12
3	30001	1	50100205	10000			1	
10	3	10001	3	50100301	10000			133
2	10	3	10001	2	50100302	10000		
1		10	3	10001	3	50100303	6000	
1	2		12	3	20001	1	50100304	4000
	1	2		12	3	30001	1	50100305
10000			1		10	3	10001	3
50100401	10000			133	2	10	3	10001
2	50100402	10000			1		10	3
10001	3	50100403	6000		1	2		12
3	20001	1	50100404	4000		1	2	
12	3	30001	1	50100405	10000			1
	10	3	10001	3	50100501	10000		
133	2	10	3	10001	2	50100502	10000	
	1		10	3	10001	3	50100503	6000
	1	2		12	3	20001	1	50100504
4000		1	2		12	3	30001	1
50100505	10000			1		10	3	10001
3	50200101	10000			133	2	10	3
10001	2	50200102	10000			1		10
3	10001	3	50200103	6000		1	2	
12	3	20001	1	50200104	4000		1	2
	12	3	30001	1	50200105	10000		
1		10	3	10001	3	50200201	10000	
	133	2	10	3	10001	2	50200202	10000
		1		10	3	10001	3	50200203
6000		1	2		12	3	20001	1
50200204	4000		1	2		12	3	30001
1	50200205	10000			1		10	3
10001	3	50200301	10000			133	2	10
3	10001	2	50200302	10000			1	
10	3	10001	3	50200303	6000		1	2
	12	3	20001	1	50200304	4000		1
2		12	3	30001	1	50200305	10000	
	1		10	3	10001	3	50200401	10000
		133	2	10	3	10001	2	50200402
10000			1		10	3	10001	3
50200403	6000		1	2		12	3	20001
1	50200404	4000		1	2		12	3
30001	1	50200405	10000			1		10
3	10001	3	50200501	10000			133	2
10	3	10001	2	50200502	10000			1
	10	3	10001	3	50200503	6000		1
2		12	3	20001	1	50200504	4000	
1	2		12	3	30001	1	50200505	10000
		1		10	3	10001	3	50200601
10000			133	2	10	3	10001	2
50200602	10000			1		10	3	10001
3	50200603	6000		1	2		12	3
20001	1	50200604	4000		1	2		12
3	30001	1	50200605	10000			1	
10	3	10001	3	50200701	10000			133
2	10	3	10001	2	50200702	10000		
1		10	3	10001	3	50200703	6000	
1	2		12	3	20001	1	50200704	4000
	1	2		12	3	30001	1	50200705
10000			1		10	3	10001	3
50300101	10000			133	2	10	3	10001
2	50300102	10000			1		10	3
10001	3	50300103	8000		1	167	2	12
3	20001	1	50300104	4000		1	2	
12	3	30001	1	50300105	10000			1
	10	3	10001	3	50300201	10000		
1		10	3	10001	3	50300202	10000	
	1		10	3	10001	3	50300203	8000
	1	167	2	12	3	20001	1	50300204
4000		1	2		12	3	30001	1
50300205	10000			1		10	3	10001
3	50300301	10000			1		10	3
10001	3	50300302	10000			1		10
3	10001	3	50300303	8000		1	167	2
12	3	20001	1	50300304	4000		1	2
	12	3	30001	1	50300305	10000		
1		10	3	10001	3	50300401	10000	
	1		10	3	10001	3	50300402	10000
		1		10	3	10001	3	50300403
8000		1	167	2	12	3	20001	1
50300404	4000		1	2		12	3	30001
1	50300405	10000			1		10	3
10001	3	50300501	10000			1		10
3	10001	3	50300502	10000			1	
10	3	10001	3	50300503	8000		1	167
2	12	3	20001	1	50300504	4000		1
2		12	3	30001	1	50300505	10000	
	1		10	3	10001	3	50300601	10000
		1		10	3	10001	3	50300602
10000			1		10	3	10001	3
50300603	8000		1	167	2	12	3	20001
1	50300604	4000		1	2		12	3
30001	1	50300605	10000			1		10
3	10001	3	50300701	10000			1	
10	3	10001	3	50300702	10000			1
	10	3	10001	3	50300703	8000		1
167	2	12	3	20001	1	50300704	4000	
1	2		12	3	30001	1	50300705	10000
		1		10	3	10001	3	50300801
10000			1		10	3	10001	3
50300802	10000			1		10	3	10001
3	50300803	8000		1	167	2	12	3
20001	1	50300804	4000		1	2		12
3	30001	1	50300805	10000			1	
10	3	10001	3	50300901	10000			1
	10	3	10001	3	50300902	10000		
1		10	3	10001	3	50300903	8000	
1	167	2	12	3	20001	1	50300904	7000
	1	167	2	12	3	30001	2	50300905
10000			1		10	3	10001	3
50301001	10000			1		10	3	10001
3	50301002	10000			1		10	3
10001	3	50301003	8000		1	167	2	12
3	20001	1	50301004	7000		1	167	2
12	3	30001	2	50301005	10000			1
	10	3	10001	3	50400101	10000		
1		10	3	10001	2	50400102	10000	
	75	2	10	3	10001	3	50400103	8000
	1	125	2	12	3	20001	1	50400104
4000		1	15	1	12	3	30001	1
50400105	10000			75	2	10	3	10001
3	50400201	10000			75	2	10	3
10001	3	50400202	10000			75	2	10
3	10001	3	50400203	8000		1	125	2
12	3	20001	1	50400204	4000		1	15
1	12	3	30001	1	50400205	10000		
75	2	10	3	10001	3	50400301	3000	
1	3		12	3	40001	1	50400302	10000
		75	2	10	3	10001	3	50400303
8000		1	125	2	12	3	20001	1
50400304	4000		1	15	1	12	3	30001
1	50400305	10000			75	2	10	3
10001	3	50400401	10000			75	2	10
3	10001	3	50400402	10000			75	2
10	3	10001	3	50400403	8000		1	125
2	12	3	20001	1	50400404	4000		1
15	1	12	3	30001	1	50400405	10000	
	75	2	10	3	10001	3	50400501	10000
		75	2	10	3	10001	3	50400502
10000			75	2	10	3	10001	3
50400503	8000		1	125	2	12	3	20001
1	50400504	4000		1	15	1	12	3
30001	1	50400505	10000			75	2	10
3	10001	3	50400601	3000		1	3	
12	3	40001	1	50400602	10000			75
2	10	3	10001	3	50400603	8000		1
125	2	12	3	20001	1	50400604	4000	
1	15	1	12	3	30001	1	50400605	10000
		75	2	10	3	10001	3	50400701
10000			75	2	10	3	10001	3
50400702	10000			75	2	10	3	10001
3	50400703	8000		1	125	2	12	3
20001	1	50400704	4000		1	15	1	12
3	30001	1	50400705	10000			75	2
10	3	10001	3	50400801	10000			75
2	10	3	10001	3	50400802	10000		
75	2	10	3	10001	3	50400803	8000	
1	125	2	12	3	20001	1	50400804	7000
	1	125	2	12	3	30001	2	50400805
10000			75	2	10	3	10001	3
50400901	2000		1	3		12	3	40001
2	50400902	10000			75	2	10	3
10001	3	50400903	8000		1	125	2	12
3	20001	1	50400904	7000		1	125	2
12	3	30001	2	50400905	10000			75
2	10	3	10001	3	50401001	10000		
1		10	3	10001	2	50401002	10000	
	75	2	10	3	10001	3	50401003	8000
	1	125	2	12	3	20001	1	50401004
7000		1	125	2	12	3	30001	2
50401005	10000			75	2	10	3	10001
3	50500101	10000			1		10	3
10001	3	50500102	10000			75	2	10
3	10001	4	50500103	8000		1	125	2
12	3	20001	1	50500104	4000		1	15
1	12	3	30001	1	50500105	10000		
75	2	10	3	10001	4	50500201	10000	
	75	2	10	3	10001	4	50500202	10000
		75	2	10	3	10001	4	50500203
8000		1	125	2	12	3	20001	1
50500204	4000		1	15	1	12	3	30001
1	50500205	10000			75	2	10	3
10001	4	50500301	10000			75	2	10
3	10001	4	50500302	10000			75	2
10	3	10001	4	50500303	8000		1	125
2	12	3	20001	1	50500304	4000		1
15	1	12	3	30001	1	50500305	10000	
	75	2	10	3	10001	4	50500401	10000
		75	2	10	3	10001	4	50500402
10000			75	2	10	3	10001	4
50500403	8000		1	125	2	12	3	20001
1	50500404	4000		1	15	1	12	3
30001	1	50500405	10000			75	2	10
3	10001	4	50500501	10000			75	2
10	3	10001	4	50500502	10000			75
2	10	3	10001	4	50500503	8000		1
125	2	12	3	20001	1	50500504	4000	
1	15	1	12	3	30001	1	50500505	10000
		75	2	10	3	10001	4	50500601
10000			75	2	10	3	10001	4
50500602	10000			75	2	10	3	10001
4	50500603	8000		1	125	2	12	3
20001	1	50500604	4000		1	15	1	12
3	30001	1	50500605	10000			75	2
10	3	10001	4	50500701	10000			75
2	10	3	10001	4	50500702	10000		
75	2	10	3	10001	4	50500703	8000	
1	125	2	12	3	20001	1	50500704	4000
	1	15	1	12	3	30001	1	50500705
10000			75	2	10	3	10001	4
50500801	10000			75	2	10	3	10001
4	50500802	10000			75	2	10	3
10001	4	50500803	8000		1	125	2	12
3	20001	1	50500804	7000		1	125	2
12	3	30001	2	50500805	10000			75
2	10	3	10001	4	50500901	10000		
1		10	3	10001	3	50500902	10000	
	75	2	10	3	10001	4	50500903	8000
	1	125	2	12	3	20001	1	50500904
7000		1	125	2	12	3	30001	2
50500905	10000			75	2	10	3	10001
4	50501001	10000			1		10	3
10001	3	50501002	10000			75	2	10
3	10001	4	50501003	8000		1	125	2
12	3	20001	1	50501004	7000		1	125
2	12	3	30001	2	50501005	10000		
75	2	10	3	10001	4	50600101	10000	
	1		10	3	10001	3	50600102	10000
		75	2	10	3	10001	4	50600103
8000		1	125	2	12	3	20001	1
50600104	4000		1	15	1	12	3	30001
1	50600105	10000			75	2	10	3
10001	4	50600201	10000			1		10
3	10001	3	50600202	10000			75	2
10	3	10001	4	50600203	8000		1	125
2	12	3	20001	1	50600204	7000		1
125	2	12	3	30001	2	50600205	10000	
	75	2	10	3	10001	4	50600301	10000
		75	2	10	3	10001	4	50600302
10000			75	2	10	3	10001	4
50600303	8000		1	125	2	12	3	20001
1	50600304	7000		1	125	2	12	3
30001	2	50600305	10000			75	2	10
3	10001	4	50600401	10000			75	2
10	3	10001	4	50600402	10000			75
2	10	3	10001	4	50600403	8000		1
125	2	12	3	20001	1	50600404	7000	
1	125	2	12	3	30001	2	50600405	10000
		75	2	10	3	10001	4	50600501
10000			75	2	10	3	10001	4
50600502	500	1		1		10	3	10004
1	50600503	8000		1	125	2	12	3
20001	1	50600504	7000		1	125	2	12
3	30001	2	50600505	10000			75	2
10	3	10001	4	50600601	10000			75
2	10	3	10001	4	50600602	10000		
75	2	10	3	10001	4	50600603	8000	
1	125	2	12	3	20001	1	50600604	6000
	1	125	2	12	3	30002	1	50600605
10000			75	2	10	3	10001	4
50600701	10000			75	2	10	3	10001
4	50600702	10000			75	2	10	3
10001	4	50600703	10000			1		12
3	20001	1	50600704	6000		1	125	2
12	3	30002	1	50600705	10000			75
2	10	3	10001	4	50600801	10000		
75	2	10	3	10001	4	50600802	10000	
	75	2	10	3	10001	4	50600803	10000
		1		12	3	20001	1	50600804
6000		1	125	2	12	3	30003	1
50600805	10000			75	2	10	3	10001
4	50600901	10000			1		10	3
10001	3	50600902	10000			75	2	10
3	10001	4	50600903	10000			1	
12	3	20001	1	50600904	6000		1	125
2	12	3	30003	1	50600905	10000		
75	2	10	3	10001	4	50601001	10000	
	1		10	3	10001	3	50601002	10000
		75	2	10	3	10001	4	50601003
10000			1		12	3	20001	1
50601004	6000		1	125	2	12	3	30003
1	50601005	10000			75	2	10	3
10001	4	50601101	10000			75	2	10
3	10001	4	50601102	10000			75	2
10	3	10001	4	50601103	10000			1
	12	3	20001	1	50601104	5000		1
125	2	12	3	30003	2	50601105	10000	
	75	2	10	3	10001	4	50601201	10000
		75	2	10	3	10001	4	50601202
10000			75	2	10	3	10001	4
50601203	10000			1		12	3	20001
1	50601204	4000		1	15	1	12	3
30001	1	50601205	5000		1	125	2	12
3	30003	2	50700101	10000			1	
10	3	10001	3	50700102	10000			75
2	10	3	10001	4	50700103	8000		1
125	2	12	3	20001	1	50700104	4000	
1	15	1	12	3	30001	1	50700105	10000
		75	2	10	3	10001	4	50700201
10000			1		10	3	10002	2
50700202	10000			75	2	10	3	10001
4	50700203	8000		1	125	2	12	3
20001	1	50700204	7000		1	125	2	12
3	30001	2	50700205	10000			75	2
10	3	10001	4	50700301	10000			1
	10	3	10002	2	50700302	10000		
75	2	10	3	10001	4	50700303	8000	
1	125	2	12	3	20001	1	50700304	7000
	1	125	2	12	3	30001	2	50700305
10000			75	2	10	3	10001	4
50700401	10000			1		10	3	10002
2	50700402	10000			75	2	10	3
10001	4	50700403	8000		1	125	2	12
3	20001	1	50700404	7000		1	125	2
12	3	30001	2	50700405	10000			75
2	10	3	10001	4	50700501	10000		
1		10	3	10002	2	50700502	10000	
	75	2	10	3	10001	4	50700503	8000
	1	125	2	12	3	20001	1	50700504
7000		1	125	2	12	3	30001	2
50700505	10000			75	2	10	3	10001
4	50700601	10000			1		10	3
10002	2	50700602	10000			75	2	10
3	10001	4	50700603	8000		1	125	2
12	3	20001	1	50700604	6000		1	125
2	12	3	30002	1	50700605	10000		
75	2	10	3	10001	4	50700701	10000	
	1		10	3	10002	2	50700702	10000
		75	2	10	3	10001	4	50700703
10000			1		12	3	20001	1
50700704	6000		1	125	2	12	3	30002
1	50700705	10000			75	2	10	3
10001	4	50700801	10000			1		10
3	10002	2	50700802	10000			75	2
10	3	10001	4	50700803	10000			1
	12	3	20001	1	50700804	6000		1
125	2	12	3	30003	1	50700805	10000	
	75	2	10	3	10001	4	50700901	10000
		1		10	3	10002	2	50700902
10000			75	2	10	3	10001	4
50700903	10000			1		12	3	20001
1	50700904	6000		1	125	2	12	3
30003	1	50700905	10000			75	2	10
3	10001	4	50701001	10000			1	
10	3	10002	2	50701002	10000			75
2	10	3	10001	4	50701003	10000		
1		12	3	20001	1	50701004	6000	
1	125	2	12	3	30003	1	50701005	10000
		75	2	10	3	10001	4	50701101
10000			1		10	3	10002	2
50701102	10000			75	2	10	3	10001
4	50701103	10000			1		12	3
20001	1	50701104	5000		1	125	2	12
3	30003	2	50701105	10000			75	2
10	3	10001	4	50701201	8000		1	1
	10	3	10003	2	50701202	10000		
75	2	10	3	10001	4	50701203	10000	
	1		12	3	20001	1	50701204	4000
	1	15	1	12	3	30001	1	50701205
5000		1	125	2	12	3	30003	2
50701301	8000		1	1		10	3	10003
2	50701302	10000			75	2	10	3
10001	4	50701303	10000			1		12
3	20001	1	50701304	6000		1	125	2
12	3	30003	1	50701305	10000			75
2	10	3	10001	4	50701401	6000		1
75	2	10	3	10003	3	50701402	10000	
	75	2	10	3	10001	4	50701403	10000
		1		12	3	20001	1	50701404
5000		1	125	2	12	3	30003	2
50701405	10000			75	2	10	3	10001
4	50701501	6000		1	75	2	10	3
10003	3	50701502	10000			75	2	10
3	10001	4	50701503	10000			1	
12	3	20001	1	50701504	4000		1	15
1	12	3	30001	1	50701505	5000		1
125	2	12	3	30003	2	50800101	3000	
1	225	2	12	3	40001	1	50800102	10000
		56	2	10	3	10001	6	50800103
8000		1	94	2	12	3	20001	1
50800104	4000		1	113	2	12	3	30001
1	50800105	10000			56	2	10	3
10001	6	50800201	10000			75	2	10
3	10002	2	50800202	10000			56	2
10	3	10001	6	50800203	8000		1	94
2	12	3	20001	1	50800204	7000		1
94	2	12	3	30001	2	50800205	10000	
	56	2	10	3	10001	6	50800301	10000
		75	2	10	3	10002	2	50800302
10000			56	2	10	3	10001	6
50800303	8000		1	94	2	12	3	20001
1	50800304	7000		1	94	2	12	3
30001	2	50800305	10000			56	2	10
3	10001	6	50800401	3000		1	225	2
12	3	40001	1	50800402	10000			56
2	10	3	10001	6	50800403	8000		1
94	2	12	3	20001	1	50800404	7000	
1	94	2	12	3	30001	2	50800405	10000
		56	2	10	3	10001	6	50800501
10000			75	2	10	3	10002	2
50800502	10000			56	2	10	3	10001
6	50800503	8000		1	94	2	12	3
20001	1	50800504	7000		1	94	2	12
3	30001	2	50800505	10000			56	2
10	3	10001	6	50800601	10000			75
2	10	3	10002	2	50800602	10000		
56	2	10	3	10001	6	50800603	8000	
1	94	2	12	3	20001	1	50800604	6000
	1	94	2	12	3	30002	1	50800605
10000			56	2	10	3	10001	6
50800701	10000			75	2	10	3	10002
2	50800702	10000			56	2	10	3
10001	6	50800703	10000			75	2	12
3	20001	1	50800704	6000		1	94	2
12	3	30002	1	50800705	10000			56
2	10	3	10001	6	50800801	3000		1
225	2	12	3	40001	1	50800802	10000	
	56	2	10	3	10001	6	50800803	10000
		75	2	12	3	20001	1	50800804
6000		1	94	2	12	3	30003	1
50800805	10000			56	2	10	3	10001
6	50800901	10000			75	2	10	3
10002	2	50800902	10000			56	2	10
3	10001	6	50800903	10000			75	2
12	3	20001	1	50800904	6000		1	94
2	12	3	30003	1	50800905	10000		
56	2	10	3	10001	6	50801001	10000	
	75	2	10	3	10002	2	50801002	10000
		56	2	10	3	10001	6	50801003
10000			75	2	12	3	20001	1
50801004	6000		1	94	2	12	3	30003
1	50801005	10000			56	2	10	3
10001	6	50801101	10000			75	2	10
3	10002	2	50801102	10000			56	2
10	3	10001	6	50801103	10000			75
2	12	3	20001	1	50801104	5000		1
94	2	12	3	30003	2	50801105	10000	
	56	2	10	3	10001	6	50801201	2000
	1	225	2	12	3	40001	2	50801202
10000			56	2	10	3	10001	6
50801203	10000			75	2	12	3	20001
1	50801204	4000		1	113	2	12	3
30001	1	50801205	5000		1	94	2	12
3	30003	2	50801301	8000		1	75	2
10	3	10003	2	50801302	10000			56
2	10	3	10001	6	50801303	10000		
75	2	12	3	20001	1	50801304	6000	
1	94	2	12	3	30003	1	50801305	10000
		56	2	10	3	10001	6	50801401
6000		1	56	2	10	3	10003	3
50801402	10000			56	2	10	3	10001
6	50801403	10000			75	2	12	3
20001	1	50801404	5000		1	94	2	12
3	30003	2	50801405	10000			56	2
10	3	10001	6	50801501	6000		1	56
2	10	3	10003	3	50801502	10000		
56	2	10	3	10001	6	50801503	10000	
	75	2	12	3	20001	1	50801504	4000
	1	113	2	12	3	30001	1	50801505
5000		1	94	2	12	3	30003	2
50900101	3000		1	225	2	12	3	40001
1	50900102	10000			56	2	10	3
10001	6	50900103	8000		1	94	2	12
3	20001	1	50900104	6000		1	94	2
12	3	30003	1	50900105	10000			56
2	10	3	10001	6	50900201	8000		1
75	2	10	3	10003	2	50900202	10000	
	56	2	10	3	10001	6	50900203	8000
	1	94	2	12	3	20001	1	50900204
6000		1	94	2	12	3	30003	1
50900205	10000			56	2	10	3	10001
6	50900301	8000		1	75	2	10	3
10003	2	50900302	10000			56	2	10
3	10001	6	50900303	8000		1	94	2
12	3	20001	1	50900304	6000		1	94
2	12	3	30003	1	50900305	10000		
56	2	10	3	10001	6	50900401	2000	
1	225	2	12	3	40001	2	50900402	10000
		56	2	10	3	10001	6	50900403
8000		1	94	2	12	3	20001	1
50900404	7000		1	94	2	12	3	30001
2	50900405	10000			56	2	10	3
10001	6	50900501	10000			75	2	10
3	10002	2	50900502	10000			56	2
10	3	10001	6	50900503	8000		1	94
2	12	3	20001	1	50900504	7000		1
94	2	12	3	30001	2	50900505	10000	
	56	2	10	3	10001	6	50900601	10000
		75	2	10	3	10002	2	50900602
10000			56	2	10	3	10001	6
50900603	8000		1	94	2	12	3	20001
1	50900604	6000		1	94	2	12	3
30002	1	50900605	10000			56	2	10
3	10001	6	50900701	10000			75	2
10	3	10002	2	50900702	10000			56
2	10	3	10001	6	50900703	10000		
75	2	12	3	20001	1	50900704	6000	
1	94	2	12	3	30002	1	50900705	10000
		56	2	10	3	10001	6	50900801
5000		1	225	2	12	3	50001	2
50900802	10000			56	2	10	3	10001
6	50900803	10000			75	2	12	3
20001	1	50900804	6000		1	94	2	12
3	30003	1	50900805	10000			56	2
10	3	10001	6	50900901	10000			75
2	10	3	10002	2	50900902	10000		
56	2	10	3	10001	6	50900903	10000	
	75	2	12	3	20001	1	50900904	6000
	1	94	2	12	3	30003	1	50900905
10000			56	2	10	3	10001	6
50901001	10000			75	2	10	3	10002
2	50901002	10000			56	2	10	3
10001	6	50901003	10000			75	2	12
3	20001	1	50901004	6000		1	94	2
12	3	30003	1	50901005	10000			56
2	10	3	10001	6	50901101	10000		
75	2	10	3	10002	2	50901102	10000	
	56	2	10	3	10001	6	50901103	10000
		75	2	12	3	20001	1	50901104
5000		1	94	2	12	3	30003	2
50901105	10000			56	2	10	3	10001
6	50901201	3000		1	225	2	12	3
40001	1	50901202	10000			56	2	10
3	10001	6	50901203	10000			75	2
12	3	20001	1	50901204	4000		1	113
2	12	3	30001	1	50901205	5000		1
94	2	12	3	30003	2	50901301	8000	
1	75	2	10	3	10003	2	50901302	10000
		56	2	10	3	10001	6	50901303
10000			75	2	12	3	20001	1
50901304	6000		1	94	2	12	3	30003
1	50901305	10000			56	2	10	3
10001	6	50901401	6000		1	56	2	10
3	10003	3	50901402	10000			56	2
10	3	10001	6	50901403	10000			75
2	12	3	20001	1	50901404	5000		1
94	2	12	3	30003	2	50901405	10000	
	56	2	10	3	10001	6	50901501	6000
	1	56	2	10	3	10003	3	50901502
10000			56	2	10	3	10001	6
50901503	10000			75	2	12	3	20001
1	50901504	4000		1	113	2	12	3
30001	1	50901505	5000		1	94	2	12
3	30003	2	50901601	10000			75	2
10	3	10002	2	50901602	10000			56
2	10	3	10001	6	50901603	10000		
75	2	12	3	20001	1	50901604	5000	
1	94	2	12	3	30003	2	50901605	10000
		56	2	10	3	10001	6	50901701
5000		1	225	2	12	3	50001	2
50901702	10000			56	2	10	3	10001
6	50901703	10000			75	2	12	3
20001	1	50901704	4000		1	113	2	12
3	30001	1	50901705	5000		1	94	2
12	3	30003	2	50901801	8000		1	75
2	10	3	10003	2	50901802	10000		
56	2	10	3	10001	6	50901803	10000	
	75	2	12	3	20001	1	50901804	6000
	1	94	2	12	3	30003	1	50901805
10000			56	2	10	3	10001	6
50901901	6000		1	56	2	10	3	10003
3	50901902	10000			56	2	10	3
10001	6	50901903	10000			75	2	12
3	20001	1	50901904	5000		1	94	2
12	3	30003	2	50901905	10000			56
2	10	3	10001	6	50902001	5000		1
225	2	12	3	50001	2	50902002	10000	
	56	2	10	3	10001	6	50902003	10000
		75	2	12	3	20001	1	50902004
4000		1	113	2	12	3	30001	1
50902005	5000		1	94	2	12	3	30003
2	51000101	8000		1	75	2	10	3
10003	2	51000102	10000			56	2	10
3	10001	6	51000103	8000		1	94	2
12	3	20001	1	51000104	6000		1	94
2	12	3	30003	1	51000105	10000		
56	2	10	3	10001	6	51000201	8000	
1	75	2	10	3	10003	2	51000202	10000
		56	2	10	3	10001	6	51000203
8000		1	94	2	12	3	20001	1
51000204	6000		1	94	2	12	3	30003
1	51000205	10000			56	2	10	3
10001	6	51000301	8000		1	75	2	10
3	10003	2	51000302	10000			56	2
10	3	10001	6	51000303	8000		1	94
2	12	3	20001	1	51000304	6000		1
94	2	12	3	30003	1	51000305	10000	
	56	2	10	3	10001	6	51000401	8000
	1	75	2	10	3	10003	2	51000402
10000			56	2	10	3	10001	6
51000403	8000		1	94	2	12	3	20001
1	51000404	7000		1	94	2	12	3
30001	2	51000405	10000			56	2	10
3	10001	6	51000501	10000			75	2
10	3	10002	2	51000502	500	1		1
	10	3	10004	1	51000503	8000		1
94	2	12	3	20001	1	51000504	7000	
1	94	2	12	3	30001	2	51000505	10000
		56	2	10	3	10001	6	51000601
10000			75	2	10	3	10002	2
51000602	10000			56	2	10	3	10001
6	51000603	8000		1	94	2	12	3
20001	1	51000604	6000		1	94	2	12
3	30002	1	51000605	10000			56	2
10	3	10001	6	51000701	10000			75
2	10	3	10002	2	51000702	10000		
56	2	10	3	10001	6	51000703	10000	
	75	2	12	3	20001	1	51000704	6000
	1	94	2	12	3	30002	1	51000705
10000			56	2	10	3	10001	6
51000801	10000			75	2	10	3	10002
2	51000802	10000			56	2	10	3
10001	6	51000803	10000			75	2	12
3	20001	1	51000804	6000		1	94	2
12	3	30003	1	51000805	10000			56
2	10	3	10001	6	51000901	10000		
75	2	10	3	10002	2	51000902	10000	
	56	2	10	3	10001	6	51000903	10000
		75	2	12	3	20001	1	51000904
6000		1	94	2	12	3	30003	1
51000905	10000			56	2	10	3	10001
6	51001001	10000			75	2	10	3
10002	2	51001002	10000			56	2	10
3	10001	6	51001003	10000			75	2
12	3	20001	1	51001004	6000		1	94
2	12	3	30003	1	51001005	10000		
56	2	10	3	10001	6	51001101	10000	
	75	2	10	3	10002	2	51001102	10000
		56	2	10	3	10001	6	51001103
10000			75	2	12	3	20001	1
51001104	5000		1	94	2	12	3	30003
2	51001105	10000			56	2	10	3
10001	6	51001201	8000		1	75	2	10
3	10003	2	51001202	10000			56	2
10	3	10001	6	51001203	10000			75
2	12	3	20001	1	51001204	4000		1
113	2	12	3	30001	1	51001205	5000	
1	94	2	12	3	30003	2	51001301	8000
	1	75	2	10	3	10003	2	51001302
10000			56	2	10	3	10001	6
51001303	10000			75	2	12	3	20001
1	51001304	6000		1	94	2	12	3
30003	1	51001305	10000			56	2	10
3	10001	6	51001401	6000		1	56	2
10	3	10003	3	51001402	10000			56
2	10	3	10001	6	51001403	10000		
75	2	12	3	20001	1	51001404	5000	
1	94	2	12	3	30003	2	51001405	10000
		56	2	10	3	10001	6	51001501
6000		1	56	2	10	3	10003	3
51001502	10000			56	2	10	3	10001
6	51001503	10000			75	2	12	3
20001	1	51001504	4000		1	113	2	12
3	30001	1	51001505	5000		1	94	2
12	3	30003	2	51001601	10000			75
2	10	3	10002	2	51001602	10000		
56	2	10	3	10001	6	51001603	10000	
	75	2	12	3	20001	1	51001604	5000
	1	94	2	12	3	30003	2	51001605
10000			56	2	10	3	10001	6
51001701	8000		1	75	2	10	3	10003
2	51001702	10000			56	2	10	3
10001	6	51001703	10000			75	2	12
3	20001	1	51001704	4000		1	113	2
12	3	30001	1	51001705	5000		1	94
2	12	3	30003	2	51001801	8000		1
75	2	10	3	10003	2	51001802	10000	
	56	2	10	3	10001	6	51001803	10000
		75	2	12	3	20001	1	51001804
6000		1	94	2	12	3	30003	1
51001805	10000			56	2	10	3	10001
6	51001901	6000		1	56	2	10	3
10003	3	51001902	10000			56	2	10
3	10001	6	51001903	10000			75	2
12	3	20001	1	51001904	5000		1	94
2	12	3	30003	2	51001905	10000		
56	2	10	3	10001	6	51002001	6000	
1	56	2	10	3	10003	3	51002002	10000
		56	2	10	3	10001	6	51002003
10000			75	2	12	3	20001	1
51002004	4000		1	113	2	12	3	30001
1	51002005	5000		1	94	2	12	3
30003	2	51100101	8000		1	75	2	10
3	10003	2	51100102	10000			56	2
10	3	10001	6	51100103	8000		1	94
2	12	3	20001	1	51100104	6000		1
94	2	12	3	30003	1	51100105	10000	
	56	2	10	3	10001	6	51100201	8000
	1	75	2	10	3	10003	2	51100202
10000			56	2	10	3	10001	6
51100203	8000		1	94	2	12	3	20001
1	51100204	6000		1	94	2	12	3
30003	1	51100205	10000			56	2	10
3	10001	6	51100301	8000		1	75	2
10	3	10003	2	51100302	10000			56
2	10	3	10001	6	51100303	8000		1
94	2	12	3	20001	1	51100304	6000	
1	94	2	12	3	30003	1	51100305	10000
		56	2	10	3	10001	6	51100401
8000		1	75	2	10	3	10003	2
51100402	10000			56	2	10	3	10001
6	51100403	8000		1	94	2	12	3
20001	1	51100404	7000		1	94	2	12
3	30001	2	51100405	10000			56	2
10	3	10001	6	51100501	10000			75
2	10	3	10002	2	51100502	10000		
56	2	10	3	10001	6	51100503	8000	
1	94	2	12	3	20001	1	51100504	7000
	1	94	2	12	3	30001	2	51100505
10000			56	2	10	3	10001	6
51100601	10000			75	2	10	3	10002
2	51100602	10000			56	2	10	3
10001	6	51100603	8000		1	94	2	12
3	20001	1	51100604	6000		1	94	2
12	3	30002	1	51100605	10000			56
2	10	3	10001	6	51100701	10000		
75	2	10	3	10002	2	51100702	10000	
	56	2	10	3	10001	6	51100703	10000
		75	2	12	3	20001	1	51100704
6000		1	94	2	12	3	30002	1
51100705	10000			56	2	10	3	10001
6	51100801	10000			75	2	10	3
10002	2	51100802	10000			56	2	10
3	10001	6	51100803	10000			75	2
12	3	20001	1	51100804	6000		1	94
2	12	3	30003	1	51100805	10000		
56	2	10	3	10001	6	51100901	10000	
	75	2	10	3	10002	2	51100902	10000
		56	2	10	3	10001	6	51100903
10000			75	2	12	3	20001	1
51100904	6000		1	94	2	12	3	30003
1	51100905	10000			56	2	10	3
10001	6	51101001	10000			75	2	10
3	10002	2	51101002	10000			56	2
10	3	10001	6	51101003	10000			75
2	12	3	20001	1	51101004	6000		1
94	2	12	3	30003	1	51101005	10000	
	56	2	10	3	10001	6	51101101	10000
		75	2	10	3	10002	2	51101102
10000			56	2	10	3	10001	6
51101103	10000			75	2	12	3	20001
1	51101104	5000		1	94	2	12	3
30003	2	51101105	10000			56	2	10
3	10001	6	51101201	8000		1	75	2
10	3	10003	2	51101202	10000			56
2	10	3	10001	6	51101203	10000		
75	2	12	3	20001	1	51101204	4000	
1	113	2	12	3	30001	1	51101205	5000
	1	94	2	12	3	30003	2	51101301
8000		1	75	2	10	3	10003	2
51101302	10000			56	2	10	3	10001
6	51101303	10000			75	2	12	3
20001	1	51101304	6000		1	94	2	12
3	30003	1	51101305	10000			56	2
10	3	10001	6	51101401	6000		1	56
2	10	3	10003	3	51101402	10000		
56	2	10	3	10001	6	51101403	10000	
	75	2	12	3	20001	1	51101404	5000
	1	94	2	12	3	30003	2	51101405
10000			56	2	10	3	10001	6
51101501	6000		1	56	2	10	3	10003
3	51101502	10000			56	2	10	3
10001	6	51101503	10000			75	2	12
3	20001	1	51101504	4000		1	113	2
12	3	30001	1	51101505	5000		1	94
2	12	3	30003	2	51101601	10000		
75	2	10	3	10002	2	51101602	10000	
	56	2	10	3	10001	6	51101603	10000
		75	2	12	3	20001	1	51101604
5000		1	94	2	12	3	30003	2
51101605	10000			56	2	10	3	10001
6	51101701	8000		1	75	2	10	3
10003	2	51101702	10000			56	2	10
3	10001	6	51101703	10000			75	2
12	3	20001	1	51101704	4000		1	113
2	12	3	30001	1	51101705	5000		1
94	2	12	3	30003	2	51101801	8000	
1	75	2	10	3	10003	2	51101802	10000
		56	2	10	3	10001	6	51101803
10000			75	2	12	3	20001	1
51101804	6000		1	94	2	12	3	30003
1	51101805	10000			56	2	10	3
10001	6	51101901	6000		1	56	2	10
3	10003	3	51101902	10000			56	2
10	3	10001	6	51101903	10000			75
2	12	3	20001	1	51101904	5000		1
94	2	12	3	30003	2	51101905	10000	
	56	2	10	3	10001	6	51102001	6000
	1	56	2	10	3	10003	3	51102002
10000			56	2	10	3	10001	6
51102003	10000			75	2	12	3	20001
1	51102004	4000		1	113	2	12	3
30001	1	51102005	5000		1	94	2	12
3	30003	2	51200101	3000		1	225	2
12	3	40001	1	51200102	10000			56
2	10	3	10001	6	51200103	8000		1
94	2	12	3	20001	1	51200104	6000	
1	94	2	12	3	30003	1	51200105	10000
		56	2	10	3	10001	6	51200201
8000		1	75	2	10	3	10003	2
51200202	10000			56	2	10	3	10001
6	51200203	8000		1	94	2	12	3
20001	1	51200204	6000		1	94	2	12
3	30003	1	51200205	10000			56	2
10	3	10001	6	51200301	8000		1	75
2	10	3	10003	2	51200302	10000		
56	2	10	3	10001	6	51200303	8000	
1	94	2	12	3	20001	1	51200304	6000
	1	94	2	12	3	30003	1	51200305
10000			56	2	10	3	10001	6
51200401	2000		1	225	2	12	3	40001
2	51200402	10000			56	2	10	3
10001	6	51200403	8000		1	94	2	12
3	20001	1	51200404	7000		1	94	2
12	3	30001	2	51200405	10000			56
2	10	3	10001	6	51200501	10000		
75	2	10	3	10002	2	51200502	10000	
	56	2	10	3	10001	6	51200503	8000
	1	94	2	12	3	20001	1	51200504
7000		1	94	2	12	3	30001	2
51200505	10000			56	2	10	3	10001
6	51200601	10000			75	2	10	3
10002	2	51200602	10000			56	2	10
3	10001	6	51200603	8000		1	94	2
12	3	20001	1	51200604	6000		1	94
2	12	3	30002	1	51200605	10000		
56	2	10	3	10001	6	51200701	10000	
	75	2	10	3	10002	2	51200702	10000
		56	2	10	3	10001	6	51200703
10000			75	2	12	3	20001	1
51200704	6000		1	94	2	12	3	30002
1	51200705	10000			56	2	10	3
10001	6	51200801	5000		1	225	2	12
3	50001	2	51200802	10000			56	2
10	3	10001	6	51200803	10000			75
2	12	3	20001	1	51200804	6000		1
94	2	12	3	30003	1	51200805	10000	
	56	2	10	3	10001	6	51200901	10000
		75	2	10	3	10002	2	51200902
10000			56	2	10	3	10001	6
51200903	10000			75	2	12	3	20001
1	51200904	6000		1	94	2	12	3
30003	1	51200905	10000			56	2	10
3	10001	6	51201001	10000			75	2
10	3	10002	2	51201002	10000			56
2	10	3	10001	6	51201003	10000		
75	2	12	3	20001	1	51201004	6000	
1	94	2	12	3	30003	1	51201005	10000
		56	2	10	3	10001	6	51201101
10000			75	2	10	3	10002	2
51201102	10000			56	2	10	3	10001
6	51201103	10000			75	2	12	3
20001	1	51201104	5000		1	94	2	12
3	30003	2	51201105	10000			56	2
10	3	10001	6	51201201	3000		1	225
2	12	3	40001	1	51201202	10000		
56	2	10	3	10001	6	51201203	10000	
	75	2	12	3	20001	1	51201204	4000
	1	113	2	12	3	30001	1	51201205
5000		1	94	2	12	3	30003	2
51201301	8000		1	75	2	10	3	10003
2	51201302	10000			56	2	10	3
10001	6	51201303	10000			75	2	12
3	20001	1	51201304	6000		1	94	2
12	3	30003	1	51201305	10000			56
2	10	3	10001	6	51201401	6000		1
56	2	10	3	10003	3	51201402	10000	
	56	2	10	3	10001	6	51201403	10000
		75	2	12	3	20001	1	51201404
5000		1	94	2	12	3	30003	2
51201405	10000			56	2	10	3	10001
6	51201501	6000		1	56	2	10	3
10003	3	51201502	10000			56	2	10
3	10001	6	51201503	10000			75	2
12	3	20001	1	51201504	4000		1	113
2	12	3	30001	1	51201505	5000		1
94	2	12	3	30003	2	51201601	10000	
	75	2	10	3	10002	2	51201602	10000
		56	2	10	3	10001	6	51201603
10000			75	2	12	3	20001	1
51201604	5000		1	94	2	12	3	30003
2	51201605	10000			56	2	10	3
10001	6	51201701	5000		1	225	2	12
3	50001	2	51201702	10000			56	2
10	3	10001	6	51201703	10000			75
2	12	3	20001	1	51201704	4000		1
113	2	12	3	30001	1	51201705	5000	
1	94	2	12	3	30003	2	51201801	8000
	1	75	2	10	3	10003	2	51201802
10000			56	2	10	3	10001	6
51201803	10000			75	2	12	3	20001
1	51201804	6000		1	94	2	12	3
30003	1	51201805	10000			56	2	10
3	10001	6	51201901	6000		1	56	2
10	3	10003	3	51201902	10000			56
2	10	3	10001	6	51201903	10000		
75	2	12	3	20001	1	51201904	5000	
1	94	2	12	3	30003	2	51201905	10000
		56	2	10	3	10001	6	51202001
5000		1	225	2	12	3	50001	2
51202002	10000			56	2	10	3	10001
6	51202003	10000			75	2	12	3
20001	1	51202004	4000		1	113	2	12
3	30001	1	51202005	5000		1	94	2
12	3	30003	2	60100101	10000			133
2	10	3	10001	2	60100102	10000		
1		10	3	10001	3	60100103	6000	
1	2		12	3	20001	1	60100104	4000
	1	2		12	3	30001	1	60100105
10000			1		10	3	10001	3
60100201	10000			133	2	10	3	10001
2	60100202	10000			1		10	3
10001	3	60100203	6000		1	2		12
3	20001	1	60100204	4000		1	2	
12	3	30001	1	60100205	10000			1
	10	3	10001	3	60100301	10000		
133	2	10	3	10001	2	60100302	10000	
	1		10	3	10001	3	60100303	6000
	1	2		12	3	20001	1	60100304
4000		1	2		12	3	30001	1
60100305	10000			1		10	3	10001
3	60100401	10000			133	2	10	3
10001	2	60100402	10000			1		10
3	10001	3	60100403	6000		1	2	
12	3	20001	1	60100404	4000		1	2
	12	3	30001	1	60100405	10000		
1		10	3	10001	3	60100501	10000	
	133	2	10	3	10001	2	60100502	10000
		1		10	3	10001	3	60100503
6000		1	2		12	3	20001	1
60100504	4000		1	2		12	3	30001
1	60100505	10000			1		10	3
10001	3	60200101	10000			133	2	10
3	10001	2	60200102	10000			1	
10	3	10001	3	60200103	6000		1	2
	12	3	20001	1	60200104	4000		1
2		12	3	30001	1	60200105	10000	
	1		10	3	10001	3	60200201	10000
		133	2	10	3	10001	2	60200202
10000			1		10	3	10001	3
60200203	6000		1	2		12	3	20001
1	60200204	4000		1	2		12	3
30001	1	60200205	10000			1		10
3	10001	3	60200301	10000			133	2
10	3	10001	2	60200302	10000			1
	10	3	10001	3	60200303	6000		1
2		12	3	20001	1	60200304	4000	
1	2		12	3	30001	1	60200305	10000
		1		10	3	10001	3	60200401
10000			133	2	10	3	10001	2
60200402	10000			1		10	3	10001
3	60200403	6000		1	2		12	3
20001	1	60200404	4000		1	2		12
3	30001	1	60200405	10000			1	
10	3	10001	3	60200501	10000			133
2	10	3	10001	2	60200502	10000		
1		10	3	10001	3	60200503	6000	
1	2		12	3	20001	1	60200504	4000
	1	2		12	3	30001	1	60200505
10000			1		10	3	10001	3
60200601	10000			133	2	10	3	10001
2	60200602	10000			1		10	3
10001	3	60200603	6000		1	2		12
3	20001	1	60200604	4000		1	2	
12	3	30001	1	60200605	10000			1
	10	3	10001	3	60200701	10000		
133	2	10	3	10001	2	60200702	10000	
	1		10	3	10001	3	60200703	6000
	1	2		12	3	20001	1	60200704
4000		1	2		12	3	30001	1
60200705	10000			1		10	3	10001
3	60300101	10000			133	2	10	3
10001	2	60300102	10000			1		10
3	10001	3	60300103	8000		1	167	2
12	3	20001	1	60300104	4000		1	2
	12	3	30001	1	60300105	10000		
1		10	3	10001	3	60300201	10000	
	1		10	3	10001	3	60300202	10000
		1		10	3	10001	3	60300203
8000		1	167	2	12	3	20001	1
60300204	4000		1	2		12	3	30001
1	60300205	10000			1		10	3
10001	3	60300301	10000			1		10
3	10001	3	60300302	10000			1	
10	3	10001	3	60300303	8000		1	167
2	12	3	20001	1	60300304	4000		1
2		12	3	30001	1	60300305	10000	
	1		10	3	10001	3	60300401	10000
		1		10	3	10001	3	60300402
10000			1		10	3	10001	3
60300403	8000		1	167	2	12	3	20001
1	60300404	4000		1	2		12	3
30001	1	60300405	10000			1		10
3	10001	3	60300501	10000			1	
10	3	10001	3	60300502	10000			1
	10	3	10001	3	60300503	8000		1
167	2	12	3	20001	1	60300504	4000	
1	2		12	3	30001	1	60300505	10000
		1		10	3	10001	3	60300601
10000			1		10	3	10001	3
60300602	10000			1		10	3	10001
3	60300603	8000		1	167	2	12	3
20001	1	60300604	4000		1	2		12
3	30001	1	60300605	10000			1	
10	3	10001	3	60300701	10000			1
	10	3	10001	3	60300702	10000		
1		10	3	10001	3	60300703	8000	
1	167	2	12	3	20001	1	60300704	4000
	1	2		12	3	30001	1	60300705
10000			1		10	3	10001	3
60300801	10000			1		10	3	10001
3	60300802	10000			1		10	3
10001	3	60300803	8000		1	167	2	12
3	20001	1	60300804	4000		1	2	
12	3	30001	1	60300805	10000			1
	10	3	10001	3	60300901	10000		
1		10	3	10001	3	60300902	10000	
	1		10	3	10001	3	60300903	8000
	1	167	2	12	3	20001	1	60300904
7000		1	167	2	12	3	30001	2
60300905	10000			1		10	3	10001
3	60301001	10000			1		10	3
10001	3	60301002	10000			1		10
3	10001	3	60301003	8000		1	167	2
12	3	20001	1	60301004	7000		1	167
2	12	3	30001	2	60301005	10000		
1		10	3	10001	3	60400101	3000	
1	3		12	3	40001	1	60400102	10000
		75	2	10	3	10001	3	60400103
8000		1	125	2	12	3	20001	1
60400104	4000		1	15	1	12	3	30001
1	60400105	10000			75	2	10	3
10001	3	60400201	10000			75	2	10
3	10001	3	60400202	10000			75	2
10	3	10001	3	60400203	8000		1	125
2	12	3	20001	1	60400204	4000		1
15	1	12	3	30001	1	60400205	10000	
	75	2	10	3	10001	3	60400301	3000
	1	3		12	3	40001	1	60400302
10000			75	2	10	3	10001	3
60400303	8000		1	125	2	12	3	20001
1	60400304	4000		1	15	1	12	3
30001	1	60400305	10000			75	2	10
3	10001	3	60400401	10000			75	2
10	3	10001	3	60400402	10000			75
2	10	3	10001	3	60400403	8000		1
125	2	12	3	20001	1	60400404	4000	
1	15	1	12	3	30001	1	60400405	10000
		75	2	10	3	10001	3	60400501
10000			75	2	10	3	10001	3
60400502	10000			75	2	10	3	10001
3	60400503	8000		1	125	2	12	3
20001	1	60400504	4000		1	15	1	12
3	30001	1	60400505	10000			75	2
10	3	10001	3	60400601	3000		1	3
	12	3	40001	1	60400602	10000		
75	2	10	3	10001	3	60400603	8000	
1	125	2	12	3	20001	1	60400604	4000
	1	15	1	12	3	30001	1	60400605
10000			75	2	10	3	10001	3
60400701	10000			75	2	10	3	10001
3	60400702	10000			75	2	10	3
10001	3	60400703	8000		1	125	2	12
3	20001	1	60400704	4000		1	15	1
12	3	30001	1	60400705	10000			75
2	10	3	10001	3	60400801	10000		
75	2	10	3	10001	3	60400802	10000	
	75	2	10	3	10001	3	60400803	8000
	1	125	2	12	3	20001	1	60400804
7000		1	125	2	12	3	30001	2
60400805	10000			75	2	10	3	10001
3	60400901	2000		1	3		12	3
40001	2	60400902	10000			75	2	10
3	10001	3	60400903	8000		1	125	2
12	3	20001	1	60400904	7000		1	125
2	12	3	30001	2	60400905	10000		
75	2	10	3	10001	3	60401001	10000	
	1		10	3	10001	2	60401002	10000
		75	2	10	3	10001	3	60401003
8000		1	125	2	12	3	20001	1
60401004	7000		1	125	2	12	3	30001
2	60401005	10000			75	2	10	3
10001	3	60500101	10000			1		10
3	10001	3	60500102	10000			75	2
10	3	10001	4	60500103	8000		1	125
2	12	3	20001	1	60500104	4000		1
15	1	12	3	30001	1	60500105	10000	
	75	2	10	3	10001	4	60500201	10000
		75	2	10	3	10001	4	60500202
10000			75	2	10	3	10001	4
60500203	8000		1	125	2	12	3	20001
1	60500204	4000		1	15	1	12	3
30001	1	60500205	10000			75	2	10
3	10001	4	60500301	10000			75	2
10	3	10001	4	60500302	10000			75
2	10	3	10001	4	60500303	8000		1
125	2	12	3	20001	1	60500304	4000	
1	15	1	12	3	30001	1	60500305	10000
		75	2	10	3	10001	4	60500401
10000			75	2	10	3	10001	4
60500402	10000			75	2	10	3	10001
4	60500403	8000		1	125	2	12	3
20001	1	60500404	4000		1	15	1	12
3	30001	1	60500405	10000			75	2
10	3	10001	4	60500501	10000			75
2	10	3	10001	4	60500502	10000		
75	2	10	3	10001	4	60500503	8000	
1	125	2	12	3	20001	1	60500504	4000
	1	15	1	12	3	30001	1	60500505
10000			75	2	10	3	10001	4
60500601	10000			75	2	10	3	10001
4	60500602	10000			75	2	10	3
10001	4	60500603	8000		1	125	2	12
3	20001	1	60500604	4000		1	15	1
12	3	30001	1	60500605	10000			75
2	10	3	10001	4	60500701	10000		
75	2	10	3	10001	4	60500702	10000	
	75	2	10	3	10001	4	60500703	8000
	1	125	2	12	3	20001	1	60500704
4000		1	15	1	12	3	30001	1
60500705	10000			75	2	10	3	10001
4	60500801	10000			75	2	10	3
10001	4	60500802	10000			75	2	10
3	10001	4	60500803	8000		1	125	2
12	3	20001	1	60500804	7000		1	125
2	12	3	30001	2	60500805	10000		
75	2	10	3	10001	4	60500901	10000	
	1		10	3	10001	3	60500902	10000
		75	2	10	3	10001	4	60500903
8000		1	125	2	12	3	20001	1
60500904	7000		1	125	2	12	3	30001
2	60500905	10000			75	2	10	3
10001	4	60501001	10000			1		10
3	10001	3	60501002	10000			75	2
10	3	10001	4	60501003	8000		1	125
2	12	3	20001	1	60501004	7000		1
125	2	12	3	30001	2	60501005	10000	
	75	2	10	3	10001	4	60600101	10000
		1		10	3	10001	3	60600102
10000			75	2	10	3	10001	4
60600103	8000		1	125	2	12	3	20001
1	60600104	4000		1	15	1	12	3
30001	1	60600105	10000			75	2	10
3	10001	4	60600201	10000			1	
10	3	10001	3	60600202	10000			75
2	10	3	10001	4	60600203	8000		1
125	2	12	3	20001	1	60600204	7000	
1	125	2	12	3	30001	2	60600205	10000
		75	2	10	3	10001	4	60600301
10000			75	2	10	3	10001	4
60600302	10000			75	2	10	3	10001
4	60600303	8000		1	125	2	12	3
20001	1	60600304	7000		1	125	2	12
3	30001	2	60600305	10000			75	2
10	3	10001	4	60600401	10000			75
2	10	3	10001	4	60600402	10000		
75	2	10	3	10001	4	60600403	8000	
1	125	2	12	3	20001	1	60600404	7000
	1	125	2	12	3	30001	2	60600405
10000			75	2	10	3	10001	4
60600501	10000			75	2	10	3	10001
4	60600502	500	1		1		10	3
10004	1	60600503	8000		1	125	2	12
3	20001	1	60600504	7000		1	125	2
12	3	30001	2	60600505	10000			75
2	10	3	10001	4	60600601	10000		
75	2	10	3	10001	4	60600602	10000	
	75	2	10	3	10001	4	60600603	8000
	1	125	2	12	3	20001	1	60600604
6000		1	125	2	12	3	30002	1
60600605	10000			75	2	10	3	10001
4	60600701	10000			75	2	10	3
10001	4	60600702	10000			75	2	10
3	10001	4	60600703	10000			1	
12	3	20001	1	60600704	6000		1	125
2	12	3	30002	1	60600705	10000		
75	2	10	3	10001	4	60600801	10000	
	75	2	10	3	10001	4	60600802	10000
		75	2	10	3	10001	4	60600803
10000			1		12	3	20001	1
60600804	6000		1	125	2	12	3	30003
1	60600805	10000			75	2	10	3
10001	4	60600901	10000			1		10
3	10001	3	60600902	10000			75	2
10	3	10001	4	60600903	10000			1
	12	3	20001	1	60600904	6000		1
125	2	12	3	30003	1	60600905	10000	
	75	2	10	3	10001	4	60601001	10000
		1		10	3	10001	3	60601002
10000			75	2	10	3	10001	4
60601003	10000			1		12	3	20001
1	60601004	6000		1	125	2	12	3
30003	1	60601005	10000			75	2	10
3	10001	4	60601101	10000			75	2
10	3	10001	4	60601102	10000			75
2	10	3	10001	4	60601103	10000		
1		12	3	20001	1	60601104	5000	
1	125	2	12	3	30003	2	60601105	10000
		75	2	10	3	10001	4	60601201
10000			75	2	10	3	10001	4
60601202	10000			75	2	10	3	10001
4	60601203	10000			1		12	3
20001	1	60601204	4000		1	15	1	12
3	30001	1	60601205	5000		1	125	2
12	3	30003	2	60700101	10000			1
	10	3	10001	3	60700102	10000		
75	2	10	3	10001	4	60700103	8000	
1	125	2	12	3	20001	1	60700104	4000
	1	15	1	12	3	30001	1	60700105
10000			75	2	10	3	10001	4
60700201	10000			1		10	3	10002
2	60700202	10000			75	2	10	3
10001	4	60700203	8000		1	125	2	12
3	20001	1	60700204	7000		1	125	2
12	3	30001	2	60700205	10000			75
2	10	3	10001	4	60700301	10000		
1		10	3	10002	2	60700302	10000	
	75	2	10	3	10001	4	60700303	8000
	1	125	2	12	3	20001	1	60700304
7000		1	125	2	12	3	30001	2
60700305	10000			75	2	10	3	10001
4	60700401	10000			1		10	3
10002	2	60700402	10000			75	2	10
3	10001	4	60700403	8000		1	125	2
12	3	20001	1	60700404	7000		1	125
2	12	3	30001	2	60700405	10000		
75	2	10	3	10001	4	60700501	10000	
	1		10	3	10002	2	60700502	10000
		75	2	10	3	10001	4	60700503
8000		1	125	2	12	3	20001	1
60700504	7000		1	125	2	12	3	30001
2	60700505	10000			75	2	10	3
10001	4	60700601	10000			1		10
3	10002	2	60700602	10000			75	2
10	3	10001	4	60700603	8000		1	125
2	12	3	20001	1	60700604	6000		1
125	2	12	3	30002	1	60700605	10000	
	75	2	10	3	10001	4	60700701	10000
		1		10	3	10002	2	60700702
10000			75	2	10	3	10001	4
60700703	10000			1		12	3	20001
1	60700704	6000		1	125	2	12	3
30002	1	60700705	10000			75	2	10
3	10001	4	60700801	10000			1	
10	3	10002	2	60700802	10000			75
2	10	3	10001	4	60700803	10000		
1		12	3	20001	1	60700804	6000	
1	125	2	12	3	30003	1	60700805	10000
		75	2	10	3	10001	4	60700901
10000			1		10	3	10002	2
60700902	10000			75	2	10	3	10001
4	60700903	10000			1		12	3
20001	1	60700904	6000		1	125	2	12
3	30003	1	60700905	10000			75	2
10	3	10001	4	60701001	10000			1
	10	3	10002	2	60701002	10000		
75	2	10	3	10001	4	60701003	10000	
	1		12	3	20001	1	60701004	6000
	1	125	2	12	3	30003	1	60701005
10000			75	2	10	3	10001	4
60701101	10000			1		10	3	10002
2	60701102	10000			75	2	10	3
10001	4	60701103	10000			1		12
3	20001	1	60701104	5000		1	125	2
12	3	30003	2	60701105	10000			75
2	10	3	10001	4	60701201	8000		1
1		10	3	10003	2	60701202	10000	
	75	2	10	3	10001	4	60701203	10000
		1		12	3	20001	1	60701204
4000		1	15	1	12	3	30001	1
60701205	5000		1	125	2	12	3	30003
2	60701301	8000		1	1		10	3
10003	2	60701302	10000			75	2	10
3	10001	4	60701303	10000			1	
12	3	20001	1	60701304	6000		1	125
2	12	3	30003	1	60701305	10000		
75	2	10	3	10001	4	60701401	6000	
1	75	2	10	3	10003	3	60701402	10000
		75	2	10	3	10001	4	60701403
10000			1		12	3	20001	1
60701404	5000		1	125	2	12	3	30003
2	60701405	10000			75	2	10	3
10001	4	60701501	6000		1	75	2	10
3	10003	3	60701502	10000			75	2
10	3	10001	4	60701503	10000			1
	12	3	20001	1	60701504	4000		1
15	1	12	3	30001	1	60701505	5000	
1	125	2	12	3	30003	2	60800101	3000
	1	225	2	12	3	40001	1	60800102
10000			56	2	10	3	10001	6
60800103	8000		1	94	2	12	3	20001
1	60800104	4000		1	113	2	12	3
30001	1	60800105	10000			56	2	10
3	10001	6	60800201	10000			75	2
10	3	10002	2	60800202	10000			56
2	10	3	10001	6	60800203	8000		1
94	2	12	3	20001	1	60800204	7000	
1	94	2	12	3	30001	2	60800205	10000
		56	2	10	3	10001	6	60800301
10000			75	2	10	3	10002	2
60800302	10000			56	2	10	3	10001
6	60800303	8000		1	94	2	12	3
20001	1	60800304	7000		1	94	2	12
3	30001	2	60800305	10000			56	2
10	3	10001	6	60800401	3000		1	225
2	12	3	40001	1	60800402	10000		
56	2	10	3	10001	6	60800403	8000	
1	94	2	12	3	20001	1	60800404	7000
	1	94	2	12	3	30001	2	60800405
10000			56	2	10	3	10001	6
60800501	10000			75	2	10	3	10002
2	60800502	10000			56	2	10	3
10001	6	60800503	8000		1	94	2	12
3	20001	1	60800504	7000		1	94	2
12	3	30001	2	60800505	10000			56
2	10	3	10001	6	60800601	10000		
75	2	10	3	10002	2	60800602	10000	
	56	2	10	3	10001	6	60800603	8000
	1	94	2	12	3	20001	1	60800604
6000		1	94	2	12	3	30002	1
60800605	10000			56	2	10	3	10001
6	60800701	10000			75	2	10	3
10002	2	60800702	10000			56	2	10
3	10001	6	60800703	10000			75	2
12	3	20001	1	60800704	6000		1	94
2	12	3	30002	1	60800705	10000		
56	2	10	3	10001	6	60800801	3000	
1	225	2	12	3	40001	1	60800802	10000
		56	2	10	3	10001	6	60800803
10000			75	2	12	3	20001	1
60800804	6000		1	94	2	12	3	30003
1	60800805	10000			56	2	10	3
10001	6	60800901	10000			75	2	10
3	10002	2	60800902	10000			56	2
10	3	10001	6	60800903	10000			75
2	12	3	20001	1	60800904	6000		1
94	2	12	3	30003	1	60800905	10000	
	56	2	10	3	10001	6	60801001	10000
		75	2	10	3	10002	2	60801002
10000			56	2	10	3	10001	6
60801003	10000			75	2	12	3	20001
1	60801004	6000		1	94	2	12	3
30003	1	60801005	10000			56	2	10
3	10001	6	60801101	10000			75	2
10	3	10002	2	60801102	10000			56
2	10	3	10001	6	60801103	10000		
75	2	12	3	20001	1	60801104	5000	
1	94	2	12	3	30003	2	60801105	10000
		56	2	10	3	10001	6	60801201
10000			75	2	10	3	10002	2
60801202	10000			56	2	10	3	10001
6	60801203	10000			75	2	12	3
20001	1	60801204	4000		1	113	2	12
3	30001	1	60801205	5000		1	94	2
12	3	30003	2	60801301	8000		1	75
2	10	3	10003	2	60801302	10000		
56	2	10	3	10001	6	60801303	10000	
	75	2	12	3	20001	1	60801304	6000
	1	94	2	12	3	30003	1	60801305
10000			56	2	10	3	10001	6
60801401	6000		1	56	2	10	3	10003
3	60801402	10000			56	2	10	3
10001	6	60801403	10000			75	2	12
3	20001	1	60801404	5000		1	94	2
12	3	30003	2	60801405	10000			56
2	10	3	10001	6	60801501	2000		1
225	2	12	3	40001	2	60801502	10000	
	56	2	10	3	10001	6	60801503	10000
		75	2	12	3	20001	1	60801504
4000		1	113	2	12	3	30001	1
60801505	5000		1	94	2	12	3	30003
2	60900101	10000			56	2	10	3
10001	6	60900102	10000			56	2	10
3	10001	6	60900103	8000		1	94	2
12	3	20001	1	60900104	6000		1	94
2	12	3	30003	1	60900105	10000		
56	2	10	3	10001	6	60900201	8000	
1	75	2	10	3	10003	2	60900202	10000
		56	2	10	3	10001	6	60900203
8000		1	94	2	12	3	20001	1
60900204	6000		1	94	2	12	3	30003
1	60900205	10000			56	2	10	3
10001	6	60900301	8000		1	75	2	10
3	10003	2	60900302	10000			225	2
10	3	70001	1	60900303	8000		1	94
2	12	3	20001	1	60900304	6000		1
94	2	12	3	30003	1	60900305	10000	
	56	2	10	3	10001	6	60900401	2000
	1	225	2	12	3	40001	2	60900402
10000			56	2	10	3	10001	6
60900403	8000		1	94	2	12	3	20001
1	60900404	7000		1	94	2	12	3
30001	2	60900405	10000			56	2	10
3	10001	6	60900501	10000			75	2
10	3	10002	2	60900502	10000			56
2	10	3	10001	6	60900503	8000		1
94	2	12	3	20001	1	60900504	7000	
1	94	2	12	3	30001	2	60900505	10000
		56	2	10	3	10001	6	60900601
10000			75	2	10	3	10002	2
60900602	10000			56	2	10	3	10001
6	60900603	8000		1	94	2	12	3
20001	1	60900604	6000		1	94	2	12
3	30002	1	60900605	10000			56	2
10	3	10001	6	60900701	10000			75
2	10	3	10002	2	60900702	10000		
56	2	10	3	10001	6	60900703	10000	
	75	2	12	3	20001	1	60900704	6000
	1	94	2	12	3	30002	1	60900705
10000			56	2	10	3	10001	6
60900801	5000		1	225	2	12	3	50001
2	60900802	10000			56	2	10	3
10001	6	60900803	10000			75	2	12
3	20001	1	60900804	6000		1	94	2
12	3	30003	1	60900805	10000			56
2	10	3	10001	6	60900901	10000		
75	2	10	3	10002	2	60900902	10000	
	56	2	10	3	10001	6	60900903	10000
		75	2	12	3	20001	1	60900904
6000		1	94	2	12	3	30003	1
60900905	10000			56	2	10	3	10001
6	60901001	10000			75	2	10	3
10002	2	60901002	10000			56	2	10
3	10001	6	60901003	10000			75	2
12	3	20001	1	60901004	6000		1	94
2	12	3	30003	1	60901005	10000		
56	2	10	3	10001	6	60901101	10000	
	75	2	10	3	10002	2	60901102	10000
		56	2	10	3	10001	6	60901103
10000			75	2	12	3	20001	1
60901104	5000		1	94	2	12	3	30003
2	60901105	10000			56	2	10	3
10001	6	60901201	3000		1	225	2	12
3	40001	1	60901202	10000			56	2
10	3	10001	6	60901203	10000			75
2	12	3	20001	1	60901204	4000		1
113	2	12	3	30001	1	60901205	5000	
1	94	2	12	3	30003	2	60901301	8000
	1	75	2	10	3	10003	2	60901302
10000			56	2	10	3	10001	6
60901303	10000			75	2	12	3	20001
1	60901304	6000		1	94	2	12	3
30003	1	60901305	10000			56	2	10
3	10001	6	60901401	6000		1	56	2
10	3	10003	3	60901402	10000			56
2	10	3	10001	6	60901403	10000		
75	2	12	3	20001	1	60901404	5000	
1	94	2	12	3	30003	2	60901405	10000
		56	2	10	3	10001	6	60901501
6000		1	56	2	10	3	10003	3
60901502	10000			56	2	10	3	10001
6	60901503	10000			75	2	12	3
20001	1	60901504	4000		1	113	2	12
3	30001	1	60901505	5000		1	94	2
12	3	30003	2	60901601	10000			75
2	10	3	10002	2	60901602	10000		
56	2	10	3	10001	6	60901603	10000	
	75	2	12	3	20001	1	60901604	5000
	1	94	2	12	3	30003	2	60901605
10000			56	2	10	3	10001	6
60901701	5000		1	225	2	12	3	50001
2	60901702	10000			56	2	10	3
10001	6	60901703	10000			75	2	12
3	20001	1	60901704	4000		1	113	2
12	3	30001	1	60901705	5000		1	94
2	12	3	30003	2	60901801	8000		1
75	2	10	3	10003	2	60901802	10000	
	56	2	10	3	10001	6	60901803	10000
		75	2	12	3	20001	1	60901804
6000		1	94	2	12	3	30003	1
60901805	10000			56	2	10	3	10001
6	60901901	6000		1	56	2	10	3
10003	3	60901902	10000			56	2	10
3	10001	6	60901903	10000			75	2
12	3	20001	1	60901904	5000		1	94
2	12	3	30003	2	60901905	10000		
56	2	10	3	10001	6	60902001	5000	
1	225	2	12	3	50001	2	60902002	10000
		56	2	10	3	10001	6	60902003
10000			75	2	12	3	20001	1
60902004	4000		1	113	2	12	3	30001
1	60902005	5000		1	94	2	12	3
30003	2	61000101	8000		1	75	2	10
3	10003	2	61000102	10000			56	2
10	3	10001	6	61000103	8000		1	94
2	12	3	20001	1	61000104	6000		1
94	2	12	3	30003	1	61000105	10000	
	56	2	10	3	10001	6	61000201	8000
	1	75	2	10	3	10003	2	61000202
10000			56	2	10	3	10001	6
61000203	8000		1	94	2	12	3	20001
1	61000204	6000		1	94	2	12	3
30003	1	61000205	10000			56	2	10
3	10001	6	61000301	8000		1	75	2
10	3	10003	2	61000302	10000			56
2	10	3	10001	6	61000303	8000		1
94	2	12	3	20001	1	61000304	6000	
1	94	2	12	3	30003	1	61000305	10000
		56	2	10	3	10001	6	61000401
8000		1	75	2	10	3	10003	2
61000402	10000			56	2	10	3	10001
6	61000403	8000		1	94	2	12	3
20001	1	61000404	7000		1	94	2	12
3	30001	2	61000405	10000			56	2
10	3	10001	6	61000501	10000			75
2	10	3	10002	2	61000502	500	1	
1		10	3	10004	1	61000503	8000	
1	94	2	12	3	20001	1	61000504	7000
	1	94	2	12	3	30001	2	61000505
10000			56	2	10	3	10001	6
61000601	10000			75	2	10	3	10002
2	61000602	10000			56	2	10	3
10001	6	61000603	8000		1	94	2	12
3	20001	1	61000604	6000		1	94	2
12	3	30002	1	61000605	10000			56
2	10	3	10001	6	61000701	10000		
75	2	10	3	10002	2	61000702	10000	
	56	2	10	3	10001	6	61000703	10000
		75	2	12	3	20001	1	61000704
6000		1	94	2	12	3	30002	1
61000705	10000			56	2	10	3	10001
6	61000801	10000			75	2	10	3
10002	2	61000802	10000			56	2	10
3	10001	6	61000803	10000			75	2
12	3	20001	1	61000804	6000		1	94
2	12	3	30003	1	61000805	10000		
56	2	10	3	10001	6	61000901	10000	
	75	2	10	3	10002	2	61000902	10000
		56	2	10	3	10001	6	61000903
10000			75	2	12	3	20001	1
61000904	6000		1	94	2	12	3	30003
1	61000905	10000			56	2	10	3
10001	6	61001001	10000			75	2	10
3	10002	2	61001002	10000			56	2
10	3	10001	6	61001003	10000			75
2	12	3	20001	1	61001004	6000		1
94	2	12	3	30003	1	61001005	10000	
	56	2	10	3	10001	6	61001101	10000
		75	2	10	3	10002	2	61001102
10000			56	2	10	3	10001	6
61001103	10000			75	2	12	3	20001
1	61001104	5000		1	94	2	12	3
30003	2	61001105	10000			56	2	10
3	10001	6	61001201	8000		1	75	2
10	3	10003	2	61001202	10000			56
2	10	3	10001	6	61001203	10000		
75	2	12	3	20001	1	61001204	4000	
1	113	2	12	3	30001	1	61001205	5000
	1	94	2	12	3	30003	2	61001301
8000		1	75	2	10	3	10003	2
61001302	10000			56	2	10	3	10001
6	61001303	10000			75	2	12	3
20001	1	61001304	6000		1	94	2	12
3	30003	1	61001305	10000			56	2
10	3	10001	6	61001401	6000		1	56
2	10	3	10003	3	61001402	10000		
56	2	10	3	10001	6	61001403	10000	
	75	2	12	3	20001	1	61001404	5000
	1	94	2	12	3	30003	2	61001405
10000			56	2	10	3	10001	6
61001501	6000		1	56	2	10	3	10003
3	61001502	10000			56	2	10	3
10001	6	61001503	10000			75	2	12
3	20001	1	61001504	4000		1	113	2
12	3	30001	1	61001505	5000		1	94
2	12	3	30003	2	61001601	10000		
75	2	10	3	10002	2	61001602	10000	
	56	2	10	3	10001	6	61001603	10000
		75	2	12	3	20001	1	61001604
5000		1	94	2	12	3	30003	2
61001605	10000			56	2	10	3	10001
6	61001701	8000		1	75	2	10	3
10003	2	61001702	10000			56	2	10
3	10001	6	61001703	10000			75	2
12	3	20001	1	61001704	4000		1	113
2	12	3	30001	1	61001705	5000		1
94	2	12	3	30003	2	61001801	8000	
1	75	2	10	3	10003	2	61001802	10000
		56	2	10	3	10001	6	61001803
10000			75	2	12	3	20001	1
61001804	6000		1	94	2	12	3	30003
1	61001805	10000			56	2	10	3
10001	6	61001901	6000		1	56	2	10
3	10003	3	61001902	10000			56	2
10	3	10001	6	61001903	10000			75
2	12	3	20001	1	61001904	5000		1
94	2	12	3	30003	2	61001905	10000	
	56	2	10	3	10001	6	61002001	6000
	1	56	2	10	3	10003	3	61002002
10000			56	2	10	3	10001	6
61002003	10000			75	2	12	3	20001
1	61002004	4000		1	113	2	12	3
30001	1	61002005	5000		1	94	2	12
3	30003	2	61100101	8000		1	75	2
10	3	10003	2	61100102	10000			56
2	10	3	10001	6	61100103	8000		1
94	2	12	3	20001	1	61100104	6000	
1	94	2	12	3	30003	1	61100105	10000
		56	2	10	3	10001	6	61100201
8000		1	75	2	10	3	10003	2
61100202	10000			56	2	10	3	10001
6	61100203	8000		1	94	2	12	3
20001	1	61100204	6000		1	94	2	12
3	30003	1	61100205	10000			56	2
10	3	10001	6	61100301	8000		1	75
2	10	3	10003	2	61100302	10000		
56	2	10	3	10001	6	61100303	8000	
1	94	2	12	3	20001	1	61100304	6000
	1	94	2	12	3	30003	1	61100305
10000			56	2	10	3	10001	6
61100401	8000		1	75	2	10	3	10003
2	61100402	10000			56	2	10	3
10001	6	61100403	8000		1	94	2	12
3	20001	1	61100404	7000		1	94	2
12	3	30001	2	61100405	10000			56
2	10	3	10001	6	61100501	10000		
75	2	10	3	10002	2	61100502	10000	
	56	2	10	3	10001	6	61100503	8000
	1	94	2	12	3	20001	1	61100504
7000		1	94	2	12	3	30001	2
61100505	10000			56	2	10	3	10001
6	61100601	10000			75	2	10	3
10002	2	61100602	10000			56	2	10
3	10001	6	61100603	8000		1	94	2
12	3	20001	1	61100604	6000		1	94
2	12	3	30002	1	61100605	10000		
56	2	10	3	10001	6	61100701	10000	
	75	2	10	3	10002	2	61100702	10000
		56	2	10	3	10001	6	61100703
10000			75	2	12	3	20001	1
61100704	6000		1	94	2	12	3	30002
1	61100705	10000			56	2	10	3
10001	6	61100801	10000			75	2	10
3	10002	2	61100802	10000			56	2
10	3	10001	6	61100803	10000			75
2	12	3	20001	1	61100804	6000		1
94	2	12	3	30003	1	61100805	10000	
	56	2	10	3	10001	6	61100901	10000
		75	2	10	3	10002	2	61100902
10000			56	2	10	3	10001	6
61100903	10000			75	2	12	3	20001
1	61100904	6000		1	94	2	12	3
30003	1	61100905	10000			56	2	10
3	10001	6	61101001	10000			75	2
10	3	10002	2	61101002	10000			56
2	10	3	10001	6	61101003	10000		
75	2	12	3	20001	1	61101004	6000	
1	94	2	12	3	30003	1	61101005	10000
		56	2	10	3	10001	6	61101101
10000			75	2	10	3	10002	2
61101102	10000			56	2	10	3	10001
6	61101103	10000			75	2	12	3
20001	1	61101104	5000		1	94	2	12
3	30003	2	61101105	10000			56	2
10	3	10001	6	61101201	8000		1	75
2	10	3	10003	2	61101202	10000		
56	2	10	3	10001	6	61101203	10000	
	75	2	12	3	20001	1	61101204	4000
	1	113	2	12	3	30001	1	61101205
5000		1	94	2	12	3	30003	2
61101301	8000		1	75	2	10	3	10003
2	61101302	10000			56	2	10	3
10001	6	61101303	10000			75	2	12
3	20001	1	61101304	6000		1	94	2
12	3	30003	1	61101305	10000			56
2	10	3	10001	6	61101401	6000		1
56	2	10	3	10003	3	61101402	10000	
	56	2	10	3	10001	6	61101403	10000
		75	2	12	3	20001	1	61101404
5000		1	94	2	12	3	30003	2
61101405	10000			56	2	10	3	10001
6	61101501	6000		1	56	2	10	3
10003	3	61101502	10000			56	2	10
3	10001	6	61101503	10000			75	2
12	3	20001	1	61101504	4000		1	113
2	12	3	30001	1	61101505	5000		1
94	2	12	3	30003	2	61101601	10000	
	75	2	10	3	10002	2	61101602	10000
		56	2	10	3	10001	6	61101603
10000			75	2	12	3	20001	1
61101604	5000		1	94	2	12	3	30003
2	61101605	10000			56	2	10	3
10001	6	61101701	8000		1	75	2	10
3	10003	2	61101702	10000			56	2
10	3	10001	6	61101703	10000			75
2	12	3	20001	1	61101704	4000		1
113	2	12	3	30001	1	61101705	5000	
1	94	2	12	3	30003	2	61101801	8000
	1	75	2	10	3	10003	2	61101802
10000			56	2	10	3	10001	6
61101803	10000			75	2	12	3	20001
1	61101804	6000		1	94	2	12	3
30003	1	61101805	10000			56	2	10
3	10001	6	61101901	6000		1	56	2
10	3	10003	3	61101902	10000			56
2	10	3	10001	6	61101903	10000		
75	2	12	3	20001	1	61101904	5000	
1	94	2	12	3	30003	2	61101905	10000
		56	2	10	3	10001	6	61102001
6000		1	56	2	10	3	10003	3
61102002	10000			56	2	10	3	10001
6	61102003	10000			75	2	12	3
20001	1	61102004	4000		1	113	2	12
3	30001	1	61102005	5000		1	94	2
12	3	30003	2	61200101	10000			225
2	10	3	60001	1	61200102	10000		
56	2	10	3	10001	6	61200103	8000	
1	94	2	12	3	20001	1	61200104	6000
	1	94	2	12	3	30003	1	61200105
10000			56	2	10	3	10001	6
61200201	8000		1	75	2	10	3	10003
2	61200202	10000			56	2	10	3
10001	6	61200203	8000		1	94	2	12
3	20001	1	61200204	6000		1	94	2
12	3	30003	1	61200205	10000			56
2	10	3	10001	6	61200301	8000		1
75	2	10	3	10003	2	61200302	10000	
	56	2	10	3	10001	6	61200303	8000
	1	94	2	12	3	20001	1	61200304
6000		1	94	2	12	3	30003	1
61200305	10000			56	2	10	3	10001
6	61200401	2000		1	225	2	12	3
40001	2	61200402	10000			56	2	10
3	10001	6	61200403	8000		1	94	2
12	3	20001	1	61200404	7000		1	94
2	12	3	30001	2	61200405	10000		
56	2	10	3	10001	6	61200501	10000	
	75	2	10	3	10002	2	61200502	10000
		56	2	10	3	10001	6	61200503
8000		1	94	2	12	3	20001	1
61200504	7000		1	94	2	12	3	30001
2	61200505	10000			56	2	10	3
10001	6	61200601	10000			75	2	10
3	10002	2	61200602	10000			56	2
10	3	10001	6	61200603	8000		1	94
2	12	3	20001	1	61200604	6000		1
94	2	12	3	30002	1	61200605	10000	
	56	2	10	3	10001	6	61200701	10000
		75	2	10	3	10002	2	61200702
10000			56	2	10	3	10001	6
61200703	10000			75	2	12	3	20001
1	61200704	6000		1	94	2	12	3
30002	1	61200705	10000			56	2	10
3	10001	6	61200801	5000		1	225	2
12	3	50001	2	61200802	10000			56
2	10	3	10001	6	61200803	10000		
75	2	12	3	20001	1	61200804	6000	
1	94	2	12	3	30003	1	61200805	10000
		56	2	10	3	10001	6	61200901
10000			75	2	10	3	10002	2
61200902	10000			56	2	10	3	10001
6	61200903	10000			75	2	12	3
20001	1	61200904	6000		1	94	2	12
3	30003	1	61200905	10000			56	2
10	3	10001	6	61201001	10000			75
2	10	3	10002	2	61201002	10000		
56	2	10	3	10001	6	61201003	10000	
	75	2	12	3	20001	1	61201004	6000
	1	94	2	12	3	30003	1	61201005
10000			56	2	10	3	10001	6
61201101	10000			75	2	10	3	10002
2	61201102	10000			56	2	10	3
10001	6	61201103	10000			75	2	12
3	20001	1	61201104	5000		1	94	2
12	3	30003	2	61201105	10000			56
2	10	3	10001	6	61201201	3000		1
225	2	12	3	40001	1	61201202	10000	
	56	2	10	3	10001	6	61201203	10000
		75	2	12	3	20001	1	61201204
4000		1	113	2	12	3	30001	1
61201205	5000		1	94	2	12	3	30003
2	61201301	8000		1	75	2	10	3
10003	2	61201302	10000			56	2	10
3	10001	6	61201303	10000			75	2
12	3	20001	1	61201304	6000		1	94
2	12	3	30003	1	61201305	10000		
56	2	10	3	10001	6	61201401	6000	
1	56	2	10	3	10003	3	61201402	10000
		56	2	10	3	10001	6	61201403
10000			75	2	12	3	20001	1
61201404	5000		1	94	2	12	3	30003
2	61201405	10000			56	2	10	3
10001	6	61201501	6000		1	56	2	10
3	10003	3	61201502	10000			56	2
10	3	10001	6	61201503	10000			75
2	12	3	20001	1	61201504	4000		1
113	2	12	3	30001	1	61201505	5000	
1	94	2	12	3	30003	2	61201601	10000
		75	2	10	3	10002	2	61201602
10000			56	2	10	3	10001	6
61201603	10000			75	2	12	3	20001
1	61201604	5000		1	94	2	12	3
30003	2	61201605	10000			56	2	10
3	10001	6	61201701	5000		1	225	2
12	3	50001	2	61201702	10000			56
2	10	3	10001	6	61201703	10000		
75	2	12	3	20001	1	61201704	4000	
1	113	2	12	3	30001	1	61201705	5000
	1	94	2	12	3	30003	2	61201801
8000		1	75	2	10	3	10003	2
61201802	10000			56	2	10	3	10001
6	61201803	10000			75	2	12	3
20001	1	61201804	6000		1	94	2	12
3	30003	1	61201805	10000			56	2
10	3	10001	6	61201901	6000		1	56
2	10	3	10003	3	61201902	10000		
56	2	10	3	10001	6	61201903	10000	
	75	2	12	3	20001	1	61201904	5000
	1	94	2	12	3	30003	2	61201905
10000			56	2	10	3	10001	6
61202001	5000		1	225	2	12	3	50001
2	61202002	10000			56	2	10	3
10001	6	61202003	10000			75	2	12
3	20001	1	61202004	4000		1	113	2
12	3	30001	1	61202005	5000		1	94
2	12	3	30003	2	70100101	10000		
1		10	3	10001	3	70100102	10000	
	1		10	3	10001	3	70100103	10000
		133	2	10	3	10001	2	70100104
10000			133	2	10	3	10001	2
70100201	10000			1		10	3	10001
3	70100202	10000			1		10	3
10001	3	70100203	10000			133	2	10
3	10001	2	70100204	10000			133	2
10	3	10001	2	70100301	10000			1
	10	3	10001	3	70100302	10000		
1		10	3	10001	3	70100303	10000	
	133	2	10	3	10001	2	70100304	10000
		133	2	10	3	10001	2	70100401
10000			1		10	3	10001	3
70100402	10000			1		10	3	10001
3	70100403	10000			133	2	10	3
10001	2	70100404	10000			133	2	10
3	10001	2	70100501	10000			1	
10	3	10001	3	70100502	10000			1
	10	3	10001	3	70100503	10000		
133	2	10	3	10001	2	70100504	10000	
	133	2	10	3	10001	2	70200101	10000
		1		10	3	10001	3	70200102
10000			1		10	3	10001	3
70200103	10000			133	2	10	3	10001
2	70200104	4000		1	2		12	3
30001	1	70200201	10000			1		10
3	10001	3	70200202	10000			1	
10	3	10001	3	70200203	10000			133
2	10	3	10001	2	70200204	4000		1
2		12	3	30001	1	70200301	10000	
	1		10	3	10001	3	70200302	10000
		1		10	3	10001	3	70200303
10000			133	2	10	3	10001	2
70200304	4000		1	2		12	3	30001
1	70200401	10000			1		10	3
10001	3	70200402	10000			1		10
3	10001	3	70200403	10000			133	2
10	3	10001	2	70200404	4000		1	2
	12	3	30001	1	70200501	10000		
1		10	3	10001	3	70200502	10000	
	1		10	3	10001	3	70200503	10000
		133	2	10	3	10001	2	70200504
7000		1	167	2	12	3	30001	2
70200601	10000			1		10	3	10001
3	70200602	10000			1		10	3
10001	3	70200603	10000			133	2	10
3	10001	2	70200604	7000		1	167	2
12	3	30001	2	70200701	10000			1
	10	3	10001	3	70200702	10000		
1		10	3	10001	3	70200703	10000	
	133	2	10	3	10001	2	70200704	7000
	1	167	2	12	3	30001	2	70200801
10000			1		10	3	10001	3
70200802	10000			1		10	3	10001
3	70200803	10000			133	2	10	3
10001	2	70200804	7000		1	167	2	12
3	30001	2	70300101	10000			1	
10	3	10001	3	70300102	10000			1
	10	3	10001	3	70300103	10000		
133	2	10	3	10001	2	70300104	7000	
1	167	2	12	3	30001	2	70300201	10000
		1		10	3	10001	3	70300202
10000			1		10	3	10001	3
70300203	10000			133	2	10	3	10001
2	70300204	7000		1	167	2	12	3
30001	2	70300301	10000			1		10
3	10001	3	70300302	10000			1	
10	3	10001	3	70300303	10000			133
2	10	3	10001	2	70300304	7000		1
167	2	12	3	30001	2	70300401	10000	
	1		10	3	10001	3	70300402	10000
		1		10	3	10001	3	70300403
10000			133	2	10	3	10001	2
70300404	7000		1	167	2	12	3	30001
2	70300501	10000			1		10	3
10001	3	70300502	10000			1		10
3	10001	3	70300503	7000		1	167	2
12	3	30001	2	70300504	6000		1	2
	12	3	20001	1	70300505	6000		1
133	2	10	3	10002	2	70300601	10000	
	1		10	3	10001	3	70300602	10000
		1		10	3	10001	3	70300603
7000		1	167	2	12	3	30001	2
70300604	6000		1	2		12	3	20001
1	70300605	6000		1	133	2	10	3
10002	2	70300701	10000			1		10
3	10001	3	70300702	10000			1	
10	3	10001	3	70300703	7000		1	167
2	12	3	30001	2	70300704	6000		1
2		12	3	20001	1	70300801	10000	
	1		10	3	10001	3	70300802	10000
		1		10	3	10001	3	70300803
7000		1	167	2	12	3	30001	2
70300804	6000		1	2		12	3	20001
1	70300901	10000			1		10	3
10001	3	70300902	10000			133	2	10
3	10001	2	70300903	10000			133	2
10	3	10001	2	70300904	7000		1	167
2	12	3	30001	2	70300905	6000		1
2		12	3	20001	1	70301001	10000	
	1		10	3	10001	3	70301002	10000
		133	2	10	3	10001	2	70301003
10000			133	2	10	3	10001	2
70301004	7000		1	167	2	12	3	30001
2	70301005	6000		1	2		12	3
20001	1	70400101	10000			75	2	10
3	10001	3	70400102	10000			75	2
10	3	10001	3	70400103	10000			1
	10	3	10002	2	70400104	10000		
1		10	3	10002	2	70400105	10000	
	1		10	3	10001	2	70400201	10000
		75	2	10	3	10001	3	70400202
10000			75	2	10	3	10001	3
70400203	10000			1		10	3	10002
2	70400204	10000			1		10	3
10002	2	70400205	10000			1		10
3	10001	2	70400301	10000			75	2
10	3	10001	3	70400302	10000			75
2	10	3	10001	3	70400303	10000		
1		10	3	10002	2	70400304	10000	
	1		10	3	10002	2	70400305	10000
		1		10	3	10001	2	70400401
10000			75	2	10	3	10001	3
70400402	10000			75	2	10	3	10001
3	70400403	10000			1		10	3
10002	2	70400404	10000			1		10
3	10002	2	70400405	10000			1	
10	3	10001	2	70400501	10000			75
2	10	3	10001	3	70400502	10000		
75	2	10	3	10001	3	70400503	10000	
	1		10	3	10002	2	70400504	10000
		1		10	3	10002	2	70400505
10000			1		10	3	10001	2
70400601	10000			75	2	10	3	10001
3	70400602	10000			75	2	10	3
10001	3	70400603	10000			1		10
3	10002	2	70400604	10000			1	
10	3	10002	2	70400605	10000			1
	10	3	10001	2	70400606	3000		1
3		10	3	40001	1	70400701	10000	
	75	2	10	3	10001	3	70400702	10000
		75	2	10	3	10001	3	70400703
10000			1		10	3	10002	2
70400704	10000			1		10	3	10002
2	70400705	10000			1		10	3
10001	2	70400706	3000		1	3		10
3	40001	1	70400801	10000			75	2
10	3	10001	3	70400802	10000			75
2	10	3	10001	3	70400803	10000		
1		10	3	10002	2	70400804	10000	
	1		10	3	10002	2	70400805	10000
		1		10	3	10001	2	70400806
3000		1	3		10	3	40001	1
70400901	10000			75	2	10	3	10001
3	70400902	10000			75	2	10	3
10001	3	70400903	10000			1		10
3	10002	2	70400904	10000			1	
10	3	10002	2	70400905	10000			1
	10	3	10001	2	70400906	3000		1
3		10	3	40001	1	70401001	10000	
	75	2	10	3	10001	3	70401002	10000
		75	2	10	3	10001	3	70401003
10000			1		10	3	10002	2
70401004	10000			1		10	3	10002
2	70401005	6000		1	1		10	3
10002	2	70500101	10000			75	2	10
3	10001	4	70500102	10000			75	2
10	3	10001	4	70500103	10000			1
	10	3	10001	3	70500104	10000		
1		10	3	10001	3	70500105	10000	
	1		10	3	10001	3	70500201	10000
		75	2	10	3	10001	4	70500202
10000			75	2	10	3	10001	4
70500203	10000			1		10	3	10001
3	70500204	10000			1		10	3
10001	3	70500205	10000			1		10
3	10001	3	70500301	10000			75	2
10	3	10001	4	70500302	10000			75
2	10	3	10001	4	70500303	10000		
1		10	3	10001	3	70500304	10000	
	1		10	3	10001	3	70500305	10000
		1		10	3	10001	3	70500401
10000			75	2	10	3	10001	4
70500402	10000			75	2	10	3	10001
4	70500403	10000			1		10	3
10001	3	70500404	10000			1		10
3	10001	3	70500405	10000			1	
10	3	10001	3	70500501	10000			75
2	10	3	10001	4	70500502	10000		
75	2	10	3	10001	4	70500503	10000	
	1		10	3	10001	3	70500504	10000
		1		10	3	10001	3	70500505
10000			1		10	3	10001	3
70500601	10000			75	2	10	3	10001
4	70500602	10000			75	2	10	3
10001	4	70500603	10000			1		10
3	10001	3	70500604	10000			1	
10	3	10001	3	70500605	10000			1
	10	3	10001	3	70500701	10000		
75	2	10	3	10001	4	70500702	10000	
	75	2	10	3	10001	4	70500703	10000
		1		10	3	10001	3	70500704
10000			1		10	3	10001	3
70500705	6000		1	125	2	12	3	30002
1	70500706	6000		1	1		10	3
10002	2	70500801	10000			75	2	10
3	10001	4	70500802	10000			75	2
10	3	10001	4	70500803	10000			1
	10	3	10001	3	70500804	10000		
1		10	3	10001	3	70500805	6000	
1	125	2	12	3	30002	1	70500806	6000
	1	1		10	3	10002	2	70500901
10000			75	2	10	3	10001	4
70500902	10000			75	2	10	3	10001
4	70500903	10000			1		10	3
10001	3	70500904	10000			1		10
3	10001	3	70500905	6000		1	15	1
12	3	20001	1	70500906	6000		1	1
	10	3	10002	2	70501001	10000		
75	2	10	3	10001	4	70501002	10000	
	75	2	10	3	10001	4	70501003	10000
		1		10	3	10001	3	70501004
10000			1		10	3	10001	3
70501005	6000		1	15	1	12	3	20001
1	70501006	6000		1	1		10	3
10002	2	70600101	10000			75	2	10
3	10001	4	70600102	10000			75	2
10	3	10001	4	70600103	10000			1
	10	3	10001	3	70600104	6000		1
125	2	12	3	30002	1	70600105	7000	
1	125	2	12	3	30001	2	70600106	6000
	1	1		10	3	10002	2	70600201
10000			75	2	10	3	10001	4
70600202	10000			75	2	10	3	10001
4	70600203	10000			1		10	3
10001	3	70600204	6000		1	125	2	12
3	30002	1	70600205	7000		1	125	2
12	3	30001	2	70600206	6000		1	1
	10	3	10002	2	70600301	10000		
75	2	10	3	10001	4	70600302	10000	
	75	2	10	3	10001	4	70600303	10000
		1		10	3	10001	3	70600304
6000		1	125	2	12	3	30002	1
70600305	7000		1	125	2	12	3	30001
2	70600306	6000		1	1		10	3
10002	2	70600401	10000			75	2	10
3	10001	4	70600402	10000			75	2
10	3	10001	4	70600403	10000			1
	10	3	10001	3	70600404	6000		1
125	2	12	3	30002	1	70600405	7000	
1	125	2	12	3	30001	2	70600406	6000
	1	1		10	3	10002	2	70600501
10000			75	2	10	3	10001	4
70600502	500	1		1		10	3	10004
1	70600503	10000			1		10	3
10001	3	70600504	6000		1	125	2	12
3	30002	1	70600505	7000		1	125	2
12	3	30001	2	70600506	6000		1	1
	10	3	10002	2	70600601	10000		
75	2	10	3	10001	4	70600602	10000	
	75	2	10	3	10001	4	70600603	10000
		1		10	3	10001	3	70600604
6000		1	125	2	12	3	30002	1
70600605	7000		1	125	2	12	3	30001
2	70600606	6000		1	1		10	3
10002	2	70600701	10000			75	2	10
3	10001	4	70600702	10000			75	2
10	3	10001	4	70600703	10000			1
	10	3	10001	3	70600704	6000		1
125	2	12	3	30002	1	70600705	6000	
1	125	2	12	3	30002	1	70600706	7000
	1	125	2	12	3	30001	2	70600707
6000		1	1		10	3	10002	2
70600801	10000			75	2	10	3	10001
4	70600802	10000			75	2	10	3
10001	4	70600803	10000			1		10
3	10001	3	70600804	6000		1	125	2
12	3	30002	1	70600805	6000		1	125
2	12	3	30002	1	70600806	7000		1
125	2	12	3	30001	2	70600807	6000	
1	1		10	3	10002	2	70600901	10000
		75	2	10	3	10001	4	70600902
10000			75	2	10	3	10001	4
70600903	10000			1		10	3	10001
3	70600904	6000		1	125	2	12	3
30002	1	70600905	6000		1	125	2	12
3	30002	1	70600906	7000		1	125	2
12	3	30001	2	70600907	6000		1	1
	10	3	10002	2	70601001	10000		
75	2	10	3	10001	4	70601002	10000	
	75	2	10	3	10001	4	70601003	10000
		1		10	3	10001	3	70601004
6000		1	125	2	12	3	30002	1
70601005	6000		1	125	2	12	3	30002
1	70601006	7000		1	125	2	12	3
30001	2	70601007	6000		1	1		10
3	10002	2	70601101	10000			75	2
10	3	10001	4	70601102	10000			75
2	10	3	10001	4	70601103	10000		
1		10	3	10001	3	70601104	6000	
1	125	2	12	3	30002	1	70601105	6000
	1	125	2	12	3	30002	1	70601106
7000		1	125	2	12	3	30001	2
70601107	6000		1	1		10	3	10002
2	70601201	10000			75	2	10	3
10001	4	70601202	10000			75	2	10
3	10001	4	70601203	10000			1	
10	3	10001	3	70601204	6000		1	125
2	12	3	30002	1	70601205	6000		1
125	2	12	3	30002	1	70601206	7000	
1	125	2	12	3	30001	2	70601207	6000
	1	1		10	3	10002	2	70601301
10000			75	2	10	3	10001	4
70601302	10000			75	2	10	3	10001
4	70601303	10000			1		10	3
10001	3	70601304	6000		1	125	2	12
3	30002	1	70601305	6000		1	125	2
12	3	30002	1	70601306	7000		1	125
2	12	3	30001	2	70601307	6000		1
1		10	3	10002	2	70700101	10000	
	75	2	10	3	10001	4	70700102	10000
		75	2	10	3	10001	4	70700103
10000			1		10	3	10002	2
70700104	10000			1		10	3	10001
3	70700201	10000			75	2	10	3
10001	4	70700202	10000			75	2	10
3	10001	4	70700203	10000			1	
10	3	10002	2	70700204	10000			1
	10	3	10001	3	70700301	10000		
75	2	10	3	10001	4	70700302	10000	
	75	2	10	3	10001	4	70700303	10000
		1		10	3	10002	2	70700304
10000			1		10	3	10001	3
70700401	10000			75	2	10	3	10001
4	70700402	10000			75	2	10	3
10001	4	70700403	10000			1		10
3	10002	2	70700404	10000			1	
10	3	10001	3	70700501	10000			75
2	10	3	10001	4	70700502	10000		
75	2	10	3	10001	4	70700503	10000	
	1		10	3	10002	2	70700504	10000
		1		10	3	10001	3	70700601
10000			75	2	10	3	10001	4
70700602	10000			75	2	10	3	10001
4	70700603	10000			1		10	3
10002	2	70700604	10000			1		10
3	10002	2	70700605	6000		1	15	1
12	3	20001	1	70700701	10000			75
2	10	3	10001	4	70700702	10000		
75	2	10	3	10001	4	70700703	10000	
	1		10	3	10002	2	70700704	10000
		1		10	3	10002	2	70700705
6000		1	15	1	12	3	20001	1
70700801	10000			75	2	10	3	10001
4	70700802	10000			75	2	10	3
10001	4	70700803	10000			1		10
3	10002	2	70700804	10000			1	
10	3	10002	2	70700805	6000		1	15
1	12	3	20001	1	70700901	10000		
75	2	10	3	10001	4	70700902	10000	
	75	2	10	3	10001	4	70700903	10000
		1		10	3	10002	2	70700904
10000			1		10	3	10002	2
70700905	6000		1	15	1	12	3	20001
1	70701001	10000			75	2	10	3
10001	4	70701002	10000			75	2	10
3	10001	4	70701003	10000			1	
10	3	10002	2	70701004	10000			1
	10	3	10002	2	70701005	6000		1
15	1	12	3	20001	1	70701101	10000	
	75	2	10	3	10001	4	70701102	10000
		75	2	10	3	10001	4	70701103
10000			1		10	3	10002	2
70701104	10000			1		10	3	10002
2	70701105	4000		1	15	1	12	3
30001	1	70701106	6000		1	1		10
3	10002	2	70701201	10000			75	2
10	3	10001	4	70701202	10000			75
2	10	3	10001	4	70701203	10000		
1		10	3	10002	2	70701204	10000	
	1		10	3	10002	2	70701205	4000
	1	15	1	12	3	30001	1	70701206
6000		1	1		10	3	10002	2
70701301	10000			75	2	10	3	10001
4	70701302	10000			75	2	10	3
10001	4	70701303	10000			1		10
3	10002	2	70701304	10000			1	
10	3	10002	2	70701305	4000		1	15
1	12	3	30001	1	70701306	6000		1
1		10	3	10002	2	70701401	10000	
	75	2	10	3	10001	4	70701402	10000
		75	2	10	3	10001	4	70701403
10000			1		10	3	10002	2
70701404	10000			1		10	3	10002
2	70701405	4000		1	15	1	12	3
30001	1	70701406	6000		1	1		10
3	10002	2	70701501	10000			75	2
10	3	10001	4	70701502	10000			75
2	10	3	10001	4	70701503	10000		
1		10	3	10002	2	70701504	10000	
	1		10	3	10002	2	70701505	4000
	1	15	1	12	3	30001	1	70701506
6000		1	1		10	3	10002	2
70800101	10000			5	1	10	3	10001
6	70800102	10000			5	1	10	3
10001	6	70800103	10000			67	2	10
3	10001	4	70800104	10000			67	2
10	3	10001	4	70800105	7000		1	83
2	12	3	20002	1	70800201	10000		
5	1	10	3	10001	6	70800202	10000	
	5	1	10	3	10001	6	70800203	10000
		67	2	10	3	10001	4	70800204
10000			67	2	10	3	10001	4
70800205	7000		1	83	2	12	3	20002
1	70800301	10000			5	1	10	3
10001	6	70800302	10000			5	1	10
3	10001	6	70800303	10000			67	2
10	3	10001	4	70800304	10000			67
2	10	3	10001	4	70800305	7000		1
83	2	12	3	20002	1	70800401	10000	
	5	1	10	3	10001	6	70800402	10000
		5	1	10	3	10001	6	70800403
10000			67	2	10	3	10001	4
70800404	10000			67	2	10	3	10001
4	70800405	7000		1	83	2	12	3
20002	1	70800501	10000			5	1	10
3	10001	6	70800502	10000			5	1
10	3	10001	6	70800503	10000			67
2	10	3	10001	4	70800504	10000		
67	2	10	3	10001	4	70800505	7000	
1	83	2	12	3	20002	1	70800601	10000
		5	1	10	3	10001	6	70800602
10000			5	1	10	3	10001	6
70800603	10000			67	2	10	3	10001
4	70800604	10000			67	2	10	3
10001	4	70800605	4000		1	2		12
3	50001	1	70800606	6000		1	67	2
10	3	10002	2	70800701	10000			5
1	10	3	10001	6	70800702	10000		
5	1	10	3	10001	6	70800703	10000	
	67	2	10	3	10001	4	70800704	10000
		67	2	10	3	10001	4	70800705
4000		1	2		12	3	50001	1
70800706	6000		1	67	2	10	3	10002
2	70800801	10000			5	1	10	3
10001	6	70800802	10000			5	1	10
3	10001	6	70800803	10000			67	2
10	3	10001	4	70800804	10000			67
2	10	3	10001	4	70800805	4000		1
2		12	3	50001	1	70800806	6000	
1	67	2	10	3	10002	2	70800901	10000
		5	1	10	3	10001	6	70800902
10000			5	1	10	3	10001	6
70800903	10000			67	2	10	3	10001
4	70800904	10000			67	2	10	3
10001	4	70800905	4000		1	2		12
3	50001	1	70800906	6000		1	67	2
10	3	10002	2	70801001	10000			5
1	10	3	10001	6	70801002	10000		
5	1	10	3	10001	6	70801003	10000	
	67	2	10	3	10001	4	70801004	10000
		67	2	10	3	10001	4	70801005
4000		1	2		12	3	50001	1
70801006	6000		1	67	2	10	3	10002
2	70801101	10000			5	1	10	3
10001	6	70801102	10000			5	1	10
3	10001	6	70801103	10000			67	2
10	3	10001	4	70801104	10000			67
2	10	3	10001	4	70801105	4000		1
2		12	3	50001	1	70801106	7000	
1	83	2	12	3	20002	1	70801201	10000
		5	1	10	3	10001	6	70801202
10000			5	1	10	3	10001	6
70801203	10000			67	2	10	3	10001
4	70801204	10000			67	2	10	3
10001	4	70801205	4000		1	2		12
3	50001	1	70801206	7000		1	83	2
12	3	20002	1	70801301	10000			5
1	10	3	10001	6	70801302	10000		
5	1	10	3	10001	6	70801303	10000	
	67	2	10	3	10001	4	70801304	10000
		67	2	10	3	10001	4	70801305
4000		1	2		12	3	50001	1
70801306	7000		1	83	2	12	3	20002
1	70801401	10000			5	1	10	3
10001	6	70801402	10000			5	1	10
3	10001	6	70801403	10000			67	2
10	3	10001	4	70801404	10000			67
2	10	3	10001	4	70801405	4000		1
2		12	3	50001	1	70801406	7000	
1	83	2	12	3	20002	1	70801501	10000
		5	1	10	3	10001	6	70801502
10000			5	1	10	3	10001	6
70801503	10000			67	2	10	3	10001
4	70801504	10000			67	2	10	3
10001	4	70801505	4000		1	2		12
3	50001	1	70801506	7000		1	83	2
12	3	20002	1	70900101	10000			5
1	10	3	10001	6	70900102	10000		
2		10	3	40001	1	70900103	10000	
	67	2	10	3	10001	4	70900104	10000
		67	2	10	3	10001	4	70900105
6000		1	67	2	10	3	10002	2
70900106	10000			5	1	10	3	10001
6	70900201	10000			5	1	10	3
10001	6	70900202	300			2		10
3	40001	1	70900203	10000			67	2
10	3	10001	4	70900204	10000			67
2	10	3	10001	4	70900205	6000		1
67	2	10	3	10002	2	70900206	10000	
	5	1	10	3	10001	6	70900301	10000
		5	1	10	3	10001	6	70900302
10000			2		12	3	50001	1
70900303	10000			67	2	10	3	10001
4	70900304	10000			67	2	10	3
10001	4	70900305	6000		1	67	2	10
3	10002	2	70900306	10000			5	1
10	3	10001	6	70900401	10000			5
1	10	3	10001	6	70900402	300		
2		10	3	40001	1	70900403	10000	
	67	2	10	3	10001	4	70900404	10000
		67	2	10	3	10001	4	70900405
6000		1	67	2	10	3	10002	2
70900406	10000			5	1	10	3	10001
6	70900501	10000			5	1	10	3
10001	6	70900502	300			2		10
3	40001	1	70900503	10000			67	2
10	3	10001	4	70900504	10000			67
2	10	3	10001	4	70900505	6000		1
67	2	10	3	10002	2	70900506	10000	
	5	1	10	3	10001	6	70900601	10000
		5	1	10	3	10001	6	70900602
300			2		10	3	40001	1
70900603	10000			67	2	10	3	10001
4	70900604	10000			67	2	10	3
10001	4	70900605	6000		1	67	2	10
3	10002	2	70900606	10000			5	1
10	3	10001	6	70900701	10000			5
1	10	3	10001	6	70900702	300		
2		10	3	40001	1	70900703	10000	
	67	2	10	3	10001	4	70900704	10000
		67	2	10	3	10001	4	70900705
6000		1	67	2	10	3	10002	2
70900706	10000			5	1	10	3	10001
6	70900801	10000			5	1	10	3
10001	6	70900802	300			2		12
3	50001	1	70900803	10000			67	2
10	3	10001	4	70900804	10000			67
2	10	3	10001	4	70900805	6000		1
67	2	10	3	10002	2	70900806	10000	
	5	1	10	3	10001	6	70900901	10000
		5	1	10	3	10001	6	70900902
300			2		10	3	40001	1
70900903	10000			67	2	10	3	10001
4	70900904	10000			67	2	10	3
10001	4	70900905	6000		1	67	2	10
3	10002	2	70900906	10000			5	1
10	3	10001	6	70901001	10000			5
1	10	3	10001	6	70901002	300		
2		10	3	40001	1	70901003	10000	
	67	2	10	3	10001	4	70901004	10000
		67	2	10	3	10001	4	70901005
6000		1	67	2	10	3	10002	2
70901006	10000			5	1	10	3	10001
6	70901101	10000			5	1	10	3
10001	6	70901102	10000			2		10
3	40001	1	70901103	300			2	
10	3	40001	1	70901104	10000			67
2	10	3	10001	4	70901105	6000		1
67	2	10	3	10002	2	70901106	10000	
	5	1	10	3	10001	6	70901107	10000
		67	2	10	3	10001	4	70901201
10000			5	1	10	3	10001	6
70901202	10000			2		12	3	50001
1	70901203	500			2		10	3
40001	1	70901204	10000			67	2	10
3	10001	4	70901205	6000		1	67	2
10	3	10002	2	70901206	10000			5
1	10	3	10001	6	70901207	10000		
67	2	10	3	10001	4	70901301	10000	
	5	1	10	3	10001	6	70901302	500
		2		10	3	40001	1	70901303
500			2		10	3	40001	1
70901304	10000			67	2	10	3	10001
4	70901305	6000		1	67	2	10	3
10002	2	70901306	10000			5	1	10
3	10001	6	70901307	10000			67	2
10	3	10001	4	70901401	10000			5
1	10	3	10001	6	70901402	500		
2		10	3	40001	1	70901403	500	
	2		12	3	50001	1	70901404	10000
		67	2	10	3	10001	4	70901405
6000		1	67	2	10	3	10002	2
70901406	10000			5	1	10	3	10001
6	70901407	10000			67	2	10	3
10001	4	70901501	10000			5	1	10
3	10001	6	70901502	500			2	
10	3	40001	1	70901503	500			2
	10	3	40001	1	70901504	10000		
67	2	10	3	10001	4	70901505	6000	
1	67	2	10	3	10002	2	70901506	10000
		5	1	10	3	10001	6	70901507
10000			67	2	10	3	10001	4
70901601	10000			2		10	3	40001
1	70901602	500			2		10	3
40001	1	70901603	10000			2		12
3	50001	1	70901604	10000			67	2
10	3	10001	4	70901605	6000		1	67
2	10	3	10002	2	70901606	10000		
5	1	10	3	10001	6	70901607	10000	
	5	1	10	3	10001	6	70901608	10000
		67	2	10	3	10001	4	70901701
500			2		10	3	40001	1
70901702	500			2		10	3	40001
1	70901703	500			2		12	3
40001	1	70901704	10000			67	2	10
3	10001	4	70901705	6000		1	67	2
10	3	10002	2	70901706	10000			5
1	10	3	10001	6	70901707	10000		
5	1	10	3	10001	6	70901708	10000	
	67	2	10	3	10001	4	70901801	500
		2		10	3	40001	1	70901802
500			2		12	3	50001	1
70901803	500			2		12	3	40001
1	70901804	10000			67	2	10	3
10001	4	70901805	6000		1	67	2	10
3	10002	2	70901806	10000			5	1
10	3	10001	6	70901807	10000			5
1	10	3	10001	6	70901808	10000		
67	2	10	3	10001	4	70901901	750	
	2		10	3	40001	1	70901902	750
		2		10	3	40001	1	70901903
750			2		10	3	40001	1
70901904	10000			67	2	10	3	10001
4	70901905	6000		1	67	2	10	3
10002	2	70901906	10000			5	1	10
3	10001	6	70901907	10000			5	1
10	3	10001	6	70901908	10000			67
2	10	3	10001	4	70902001	750		
2		10	3	40001	1	70902002	750	
	2		10	3	40001	1	70902003	750
		2		12	3	40001	1	70902004
10000			67	2	10	3	10001	4
70902005	6000		1	67	2	10	3	10002
2	70902006	10000			5	1	10	3
10001	6	70902007	10000			5	1	10
3	10001	6	70902008	10000			67	2
10	3	10001	4	71000101	10000			67
2	10	3	10002	2	71000102	10000		
67	2	10	3	10002	2	71000103	10000	
	5	1	10	3	10001	6	71000104	10000
		67	2	12	3	20003	1	71000201
10000			67	2	10	3	10002	2
71000202	10000			67	2	10	3	10002
2	71000203	10000			5	1	10	3
10001	6	71000204	10000			67	2	12
3	20003	1	71000301	10000			67	2
10	3	10002	2	71000302	10000			67
2	10	3	10002	2	71000303	10000		
5	1	10	3	10001	6	71000304	10000	
	67	2	12	3	20003	1	71000401	10000
		67	2	10	3	10002	2	71000402
10000			67	2	10	3	10002	2
71000403	10000			5	1	10	3	10001
6	71000404	10000			67	2	12	3
20003	1	71000501	10000			67	2	10
3	10002	2	71000502	10000			67	2
10	3	10002	2	71000503	500	1		1
	10	3	10004	1	71000504	10000		
67	2	12	3	20003	1	71000601	10000	
	67	2	10	3	10002	2	71000602	10000
		67	2	10	3	10002	2	71000603
10000			5	1	10	3	10001	6
71000604	10000			67	2	12	3	20003
1	71000701	10000			67	2	10	3
10002	2	71000702	10000			67	2	10
3	10002	2	71000703	10000			5	1
10	3	10001	6	71000704	10000			67
2	12	3	20003	1	71000801	10000		
67	2	10	3	10002	2	71000802	10000	
	67	2	10	3	10002	2	71000803	10000
		5	1	10	3	10001	6	71000804
10000			67	2	12	3	20003	1
71000901	10000			67	2	10	3	10002
2	71000902	10000			67	2	10	3
10002	2	71000903	10000			5	1	10
3	10001	6	71000904	10000			67	2
12	3	20003	1	71001001	10000			67
2	10	3	10002	2	71001002	10000		
67	2	10	3	10002	2	71001003	10000	
	5	1	10	3	10001	6	71001004	10000
		67	2	12	3	20003	1	71001101
10000			67	2	10	3	10002	2
71001102	10000			67	2	10	3	10002
2	71001103	10000			5	1	10	3
10001	6	71001104	10000			67	2	12
3	20003	1	71001201	10000			67	2
10	3	10002	2	71001202	10000			67
2	10	3	10002	2	71001203	10000		
5	1	10	3	10001	6	71001204	10000	
	67	2	12	3	20003	1	71001301	10000
		67	2	10	3	10002	2	71001302
10000			67	2	10	3	10002	2
71001303	10000			5	1	10	3	10001
6	71001304	10000			67	2	12	3
20003	1	71001401	10000			67	2	10
3	10002	2	71001402	10000			67	2
10	3	10002	2	71001403	10000			5
1	10	3	10001	6	71001404	10000		
67	2	12	3	20003	1	71001501	10000	
	67	2	10	3	10002	2	71001502	10000
		67	2	10	3	10002	2	71001503
10000			5	1	10	3	10001	6
71001504	10000			67	2	12	3	20003
1	71001601	10000			67	2	10	3
10002	2	71001602	10000			67	2	10
3	10002	2	71001603	10000			5	1
10	3	10001	6	71001604	10000			67
2	12	3	20003	1	71001701	10000		
67	2	10	3	10002	2	71001702	10000	
	67	2	10	3	10002	2	71001703	10000
		5	1	10	3	10001	6	71001704
10000			67	2	12	3	20003	1
71001801	10000			67	2	10	3	10002
2	71001802	10000			67	2	10	3
10002	2	71001803	10000			5	1	10
3	10001	6	71001804	10000			67	2
12	3	20003	1	71001901	10000			67
2	10	3	10002	2	71001902	10000		
67	2	10	3	10002	2	71001903	10000	
	5	1	10	3	10001	6	71001904	10000
		67	2	12	3	20003	1	71002001
10000			67	2	10	3	10002	2
71002002	10000			67	2	10	3	10002
2	71002003	10000			5	1	10	3
10001	6	71002004	10000			67	2	12
3	20003	1	71100101	10000			67	2
10	3	10002	2	71100102	10000			67
2	10	3	10002	2	71100103	10000		
5	1	10	3	10001	6	71100104	10000	
	67	2	10	3	10001	4	71100105	5000
	1	83	2	12	3	30003	2	71100106
6000		1	67	2	10	3	10002	2
71100201	10000			67	2	10	3	10002
2	71100202	10000			67	2	10	3
10002	2	71100203	10000			5	1	10
3	10001	6	71100204	10000			67	2
10	3	10001	4	71100205	5000		1	83
2	12	3	30003	2	71100206	6000		1
67	2	10	3	10002	2	71100301	10000	
	67	2	10	3	10002	2	71100302	10000
		67	2	10	3	10002	2	71100303
10000			5	1	10	3	10001	6
71100304	10000			67	2	10	3	10001
4	71100305	5000		1	83	2	12	3
30003	2	71100306	6000		1	67	2	10
3	10002	2	71100401	10000			67	2
10	3	10002	2	71100402	10000			67
2	10	3	10002	2	71100403	10000		
5	1	10	3	10001	6	71100404	10000	
	67	2	10	3	10001	4	71100405	5000
	1	83	2	12	3	30003	2	71100406
6000		1	67	2	10	3	10002	2
71100501	10000			67	2	10	3	10002
2	71100502	10000			67	2	10	3
10002	2	71100503	10000			5	1	10
3	10001	6	71100504	10000			67	2
10	3	10001	4	71100505	5000		1	83
2	12	3	30003	2	71100506	6000		1
67	2	10	3	10002	2	71100601	10000	
	67	2	10	3	10002	2	71100602	10000
		67	2	10	3	10002	2	71100603
10000			5	1	10	3	10001	6
71100604	10000			67	2	10	3	10001
4	71100605	5000		1	83	2	12	3
30003	2	71100606	6000		1	67	2	10
3	10002	2	71100701	10000			67	2
10	3	10002	2	71100702	10000			67
2	10	3	10002	2	71100703	10000		
5	1	10	3	10001	6	71100704	10000	
	67	2	10	3	10001	4	71100705	5000
	1	83	2	12	3	30003	2	71100706
6000		1	67	2	10	3	10002	2
71100801	10000			67	2	10	3	10002
2	71100802	10000			67	2	10	3
10002	2	71100803	10000			5	1	10
3	10001	6	71100804	10000			67	2
10	3	10001	4	71100805	5000		1	83
2	12	3	30003	2	71100806	6000		1
67	2	10	3	10002	2	71100901	10000	
	67	2	10	3	10002	2	71100902	10000
		67	2	10	3	10002	2	71100903
10000			5	1	10	3	10001	6
71100904	5000		1	83	2	12	3	30003
2	71100905	5000		1	83	2	12	3
30003	2	71100906	6000		1	83	2	12
3	30003	1	71100907	6000		1	67	2
10	3	10002	2	71101001	10000			67
2	10	3	10002	2	71101002	10000		
67	2	10	3	10002	2	71101003	10000	
	5	1	10	3	10001	6	71101004	5000
	1	83	2	12	3	30003	2	71101005
5000		1	83	2	12	3	30003	2
71101006	6000		1	83	2	12	3	30003
1	71101007	6000		1	67	2	10	3
10002	2	71101101	10000			67	2	10
3	10002	2	71101102	10000			67	2
10	3	10002	2	71101103	10000			5
1	10	3	10001	6	71101104	5000		1
83	2	12	3	30003	2	71101105	5000	
1	83	2	12	3	30003	2	71101106	6000
	1	83	2	12	3	30003	1	71101107
6000		1	67	2	10	3	10002	2
71101201	10000			67	2	10	3	10002
2	71101202	10000			67	2	10	3
10002	2	71101203	10000			5	1	10
3	10001	6	71101204	5000		1	83	2
12	3	30003	2	71101205	5000		1	83
2	12	3	30003	2	71101206	6000		1
83	2	12	3	30003	1	71101207	6000	
1	67	2	10	3	10002	2	71101301	10000
		67	2	10	3	10002	2	71101302
10000			67	2	10	3	10002	2
71101303	10000			5	1	10	3	10001
6	71101304	5000		1	83	2	12	3
30003	2	71101305	5000		1	83	2	12
3	30003	2	71101306	6000		1	83	2
12	3	30003	1	71101307	6000		1	67
2	10	3	10002	2	71101401	10000		
67	2	10	3	10002	2	71101402	10000	
	67	2	10	3	10002	2	71101403	10000
		5	1	10	3	10001	6	71101404
5000		1	83	2	12	3	30003	2
71101405	5000		1	83	2	12	3	30003
2	71101406	6000		1	83	2	12	3
30003	1	71101407	6000		1	67	2	10
3	10002	2	71101501	10000			67	2
10	3	10002	2	71101502	10000			67
2	10	3	10002	2	71101503	10000		
5	1	10	3	10001	6	71101504	5000	
1	83	2	12	3	30003	2	71101505	5000
	1	83	2	12	3	30003	2	71101506
6000		1	83	2	12	3	30003	1
71101507	6000		1	67	2	10	3	10002
2	71101601	10000			67	2	10	3
10002	2	71101602	10000			67	2	10
3	10002	2	71101603	10000			5	1
10	3	10001	6	71101604	5000		1	83
2	12	3	30003	2	71101605	5000		1
83	2	12	3	30003	2	71101606	6000	
1	83	2	12	3	30003	1	71101607	6000
	1	67	2	10	3	10002	2	71101701
10000			67	2	10	3	10002	2
71101702	10000			67	2	10	3	10002
2	71101703	10000			5	1	10	3
10001	6	71101704	10000			67	2	10
3	10001	4	71101705	5000		1	83	2
12	3	30003	2	71101706	7000		1	67
2	12	3	20003	1	71101801	10000		
67	2	10	3	10002	2	71101802	10000	
	67	2	10	3	10002	2	71101803	10000
		5	1	10	3	10001	6	71101804
10000			67	2	10	3	10001	4
71101805	5000		1	83	2	12	3	30003
2	71101806	7000		1	67	2	12	3
20003	1	71101901	10000			67	2	10
3	10002	2	71101902	10000			67	2
10	3	10002	2	71101903	10000			5
1	10	3	10001	6	71101904	10000		
67	2	10	3	10001	4	71101905	5000	
1	83	2	12	3	30003	2	71101906	7000
	1	67	2	12	3	20003	1	71102001
10000			67	2	10	3	10002	2
71102002	10000			67	2	10	3	10002
2	71102003	10000			5	1	10	3
10001	6	71102004	10000			67	2	10
3	10001	4	71102005	5000		1	83	2
12	3	30003	2	71102006	7000		1	67
2	12	3	20003	1	71200101	10000		
5	1	10	3	10001	6	71200102	10000	
	5	1	10	3	10001	6	71200103	10000
		67	2	10	3	10001	4	71200104
10000			67	2	10	3	10001	4
71200105	6000		1	67	2	10	3	10002
2	71200106	3000		1	2		10	3
40001	1	71200201	10000			5	1	10
3	10001	6	71200202	10000			5	1
10	3	10001	6	71200203	10000			67
2	10	3	10001	4	71200204	10000		
67	2	10	3	10001	4	71200205	6000	
1	67	2	10	3	10002	2	71200206	3000
	1	2		10	3	40001	1	71200301
10000			5	1	10	3	10001	6
71200302	10000			5	1	10	3	10001
6	71200303	10000			67	2	10	3
10001	4	71200304	10000			67	2	10
3	10001	4	71200305	6000		1	67	2
10	3	10002	2	71200306	3000		1	2
	10	3	40001	1	71200401	10000		
5	1	10	3	10001	6	71200402	10000	
	5	1	10	3	10001	6	71200403	10000
		67	2	10	3	10001	4	71200404
10000			67	2	10	3	10001	4
71200405	6000		1	67	2	10	3	10002
2	71200406	3000		1	2		10	3
40001	1	71200501	10000			5	1	10
3	10001	6	71200502	10000			5	1
10	3	10001	6	71200503	10000			67
2	10	3	10001	4	71200504	10000		
67	2	10	3	10001	4	71200505	6000	
1	67	2	10	3	10002	2	71200506	3000
	1	2		10	3	40001	1	71200601
10000			5	1	10	3	10001	6
71200602	10000			5	1	10	3	10001
6	71200603	10000			67	2	10	3
10001	4	71200604	10000			67	2	10
3	10001	4	71200605	6000		1	67	2
10	3	10002	2	71200606	3000		1	2
	10	3	40001	1	71200701	10000		
5	1	10	3	10001	6	71200702	10000	
	5	1	10	3	10001	6	71200703	10000
		67	2	10	3	10001	4	71200704
10000			67	2	10	3	10001	4
71200705	6000		1	67	2	10	3	10002
2	71200706	3000		1	2		10	3
40001	1	71200801	10000			5	1	10
3	10001	6	71200802	10000			5	1
10	3	10001	6	71200803	10000			67
2	10	3	10001	4	71200804	10000		
67	2	10	3	10001	4	71200805	6000	
1	67	2	10	3	10002	2	71200806	3000
	1	2		10	3	40001	1	71200901
10000			5	1	10	3	10001	6
71200902	10000			5	1	10	3	10001
6	71200903	10000			67	2	10	3
10001	4	71200904	10000			67	2	10
3	10001	4	71200905	6000		1	67	2
10	3	10002	2	71200906	3000		1	2
	10	3	40001	1	71201001	10000		
5	1	10	3	10001	6	71201002	10000	
	5	1	10	3	10001	6	71201003	10000
		67	2	10	3	10001	4	71201004
10000			67	2	10	3	10001	4
71201005	6000		1	67	2	10	3	10002
2	71201006	3000		1	2		10	3
40001	1	71201101	10000			5	1	10
3	10001	6	71201102	10000			5	1
10	3	10001	6	71201103	10000			67
2	10	3	10001	4	71201104	10000		
67	2	10	3	10001	4	71201105	6000	
1	67	2	10	3	10002	2	71201106	3000
	1	2		10	3	40001	1	71201107
3000		1	2		10	3	40001	1
71201201	10000			5	1	10	3	10001
6	71201202	10000			5	1	10	3
10001	6	71201203	10000			67	2	10
3	10001	4	71201204	10000			67	2
10	3	10001	4	71201205	6000		1	67
2	10	3	10002	2	71201206	3000		1
2		10	3	40001	1	71201207	3000	
1	2		10	3	40001	1	71201301	10000
		5	1	10	3	10001	6	71201302
10000			5	1	10	3	10001	6
71201303	10000			67	2	10	3	10001
4	71201304	10000			67	2	10	3
10001	4	71201305	6000		1	67	2	10
3	10002	2	71201306	3000		1	2	
10	3	40001	1	71201307	3000		1	2
	10	3	40001	1	71201401	10000		
5	1	10	3	10001	6	71201402	10000	
	5	1	10	3	10001	6	71201403	10000
		67	2	10	3	10001	4	71201404
10000			67	2	10	3	10001	4
71201405	6000		1	67	2	10	3	10002
2	71201406	3000		1	2		10	3
40001	1	71201407	3000		1	2		10
3	40001	1	71201501	10000			5	1
10	3	10001	6	71201502	10000			5
1	10	3	10001	6	71201503	10000		
67	2	10	3	10001	4	71201504	10000	
	67	2	10	3	10001	4	71201505	6000
	1	67	2	10	3	10002	2	71201506
3000		1	2		10	3	40001	1
71201507	3000		1	2		10	3	40001
1	71201601	10000			5	1	10	3
10001	6	71201602	10000			5	1	10
3	10001	6	71201603	10000			67	2
10	3	10001	4	71201604	10000			67
2	10	3	10001	4	71201605	6000		1
67	2	10	3	10002	2	71201606	3000	
1	2		10	3	40001	1	71201607	3000
	1	2		10	3	40001	1	71201608
4000		1	2		12	3	50001	1
71201701	10000			5	1	10	3	10001
6	71201702	10000			5	1	10	3
10001	6	71201703	10000			67	2	10
3	10001	4	71201704	10000			67	2
10	3	10001	4	71201705	6000		1	67
2	10	3	10002	2	71201706	3000		1
2		10	3	40001	1	71201707	3000	
1	2		10	3	40001	1	71201708	4000
	1	2		12	3	50001	1	71201801
10000			5	1	10	3	10001	6
71201802	10000			5	1	10	3	10001
6	71201803	10000			67	2	10	3
10001	4	71201804	10000			67	2	10
3	10001	4	71201805	6000		1	67	2
10	3	10002	2	71201806	3000		1	2
	10	3	40001	1	71201807	3000		1
2		10	3	40001	1	71201808	4000	
1	2		12	3	50001	1	71201901	10000
		5	1	10	3	10001	6	71201902
10000			5	1	10	3	10001	6
71201903	10000			67	2	10	3	10001
4	71201904	10000			67	2	10	3
10001	4	71201905	6000		1	67	2	10
3	10002	2	71201906	3000		1	2	
10	3	40001	1	71201907	3000		1	2
	10	3	40001	1	71201908	4000		1
2		12	3	50001	1	71202001	10000	
	5	1	10	3	10001	6	71202002	10000
		5	1	10	3	10001	6	71202003
10000			67	2	10	3	10001	4
71202004	10000			67	2	10	3	10001
4	71202005	6000		1	67	2	10	3
10002	2	71202006	3000		1	2		10
3	40001	1	71202007	3000		1	2	
10	3	40001	1	71202008	4000		1	2
	12	3	50001	1	80100101	10000		
1		10	3	10001	3	80100102	10000	
	1		10	3	10001	3	80100103	10000
		2		10	3	10001	3	80100104
8000		1	167	2	12	3	20001	1
80100105	7000		1	167	2	12	3	30001
2	80100201	10000			1		10	3
10001	3	80100202	10000			1		10
3	10001	3	80100203	10000			133	2
10	3	10001	2	80100204	8000		1	167
2	12	3	20001	1	80100205	7000		1
167	2	12	3	30001	2	80100301	10000	
	1		10	3	10001	3	80100302	10000
		1		10	3	10001	3	80100303
10000			133	2	10	3	10001	2
80100304	8000		1	167	2	12	3	20001
1	80100305	7000		1	167	2	12	3
30001	2	80100401	10000			1		10
3	10001	3	80100402	10000			133	2
10	3	10001	2	80100403	6000		1	133
2	10	3	10002	2	80100404	8000		1
167	2	12	3	20001	1	80100405	4000	
1	2		12	3	30001	1	80100501	10000
		1		10	3	10001	3	80100502
10000			133	2	10	3	10001	2
80100503	6000		1	133	2	10	3	10002
2	80100504	8000		1	167	2	12	3
20001	1	80100505	4000		1	2		12
3	30001	1	80200101	10000			1	
10	3	10001	3	80200102	10000			1
	10	3	10001	3	80200103	10000		
133	2	10	3	10002	2	80200104	7000	
1	167	2	12	3	30001	2	80200201	10000
		1		10	3	10001	3	80200202
10000			1		10	3	10001	3
80200203	10000			133	2	10	3	10002
2	80200204	7000		1	167	2	12	3
30001	2	80200301	10000			1		10
3	10001	3	80200302	10000			1	
10	3	10001	3	80200303	10000			133
2	10	3	10002	2	80200304	7000		1
167	2	12	3	30001	2	80200401	10000	
	1		10	3	10001	3	80200402	10000
		1		10	3	10001	3	80200403
10000			133	2	10	3	10002	2
80200404	7000		1	167	2	12	3	30001
2	80200501	10000			1		10	3
10001	3	80200502	10000			1		10
3	10001	3	80200503	10000			133	2
10	3	10002	2	80200504	7000		1	167
2	12	3	30001	2	80200601	10000		
1		10	3	10001	3	80200602	10000	
	1		10	3	10001	3	80200603	10000
		133	2	10	3	10002	2	80200604
7000		1	167	2	12	3	30001	2
80200701	10000			1		10	3	10001
3	80200702	10000			1		10	3
10001	3	80200703	10000			133	2	10
3	10002	2	80200704	7000		1	167	2
12	3	30001	2	80200801	10000			133
2	10	3	10002	2	80200802	7000		1
167	2	12	3	30001	2	80200803	6000	
1	133	2	10	3	10002	2	80300101	10000
		1		10	3	10001	3	80300102
10000			1		10	3	10001	3
80300103	10000			133	2	10	3	10002
2	80300104	8000		1	167	2	12	3
20001	1	80300201	10000			1		10
3	10001	3	80300202	10000			1	
10	3	10001	3	80300203	10000			133
2	10	3	10002	2	80300204	8000		1
167	2	12	3	20001	1	80300301	10000	
	1		10	3	10001	3	80300302	10000
		1		10	3	10001	3	80300303
10000			133	2	10	3	10002	2
80300304	8000		1	167	2	12	3	20001
1	80300401	10000			1		10	3
10001	3	80300402	10000			1		10
3	10001	3	80300403	10000			133	2
10	3	10002	2	80300404	8000		1	167
2	12	3	20001	1	80300501	10000		
1		10	3	10001	3	80300502	10000	
	1		10	3	10001	3	80300503	10000
		133	2	10	3	10002	2	80300504
8000		1	167	2	12	3	20001	1
80300601	10000			1		10	3	10001
3	80300602	10000			133	2	10	3
10002	2	80300603	10000			133	2	12
3	20001	1	80300604	6000		1	133	2
10	3	10002	2	80300701	10000			1
	10	3	10001	3	80300702	10000		
133	2	10	3	10002	2	80300703	10000	
	133	2	12	3	20001	1	80300704	6000
	1	133	2	10	3	10002	2	80300801
10000			1		10	3	10001	3
80300802	10000			133	2	10	3	10002
2	80300803	10000			133	2	12	3
20001	1	80300804	6000		1	133	2	10
3	10002	2	80300901	10000			1	
10	3	10001	3	80300902	10000			133
2	10	3	10002	2	80300903	8000		1
167	2	12	3	20001	1	80300904	6000	
1	167	2	12	3	30002	1	80301001	10000
		1		10	3	10001	3	80301002
10000			133	2	10	3	10002	2
80301003	8000		1	167	2	12	3	20001
1	80301004	6000		1	167	2	12	3
30002	1	80400101	10000			75	2	10
3	10001	3	80400102	10000			75	2
10	3	10001	3	80400103	10000			1
	10	3	10002	2	80400104	10000		
1		10	3	10002	2	80400105	10000	
	1		10	3	10001	2	80400201	10000
		75	2	10	3	10001	3	80400202
10000			75	2	10	3	10001	3
80400203	10000			1		10	3	10002
2	80400204	10000			1		10	3
10002	2	80400205	10000			1		10
3	10001	2	80400301	10000			75	2
10	3	10001	3	80400302	10000			75
2	10	3	10001	3	80400303	10000		
1		10	3	10002	2	80400304	10000	
	1		10	3	10002	2	80400305	10000
		1		10	3	10001	2	80400401
10000			75	2	10	3	10001	3
80400402	10000			75	2	10	3	10001
3	80400403	10000			1		10	3
10002	2	80400404	10000			1		10
3	10002	2	80400405	10000			1	
10	3	10001	2	80400501	10000			75
2	10	3	10001	3	80400502	10000		
75	2	10	3	10001	3	80400503	10000	
	1		10	3	10002	2	80400504	10000
		1		10	3	10002	2	80400505
10000			1		10	3	10001	2
80400601	10000			75	2	10	3	10001
3	80400602	10000			75	2	10	3
10001	3	80400603	10000			1		10
3	10002	2	80400604	10000			1	
10	3	10002	2	80400605	10000			1
	10	3	10001	2	80400701	10000		
75	2	10	3	10001	3	80400702	10000	
	75	2	10	3	10001	3	80400703	10000
		1		10	3	10002	2	80400704
10000			1		10	3	10002	2
80400705	10000			1		10	3	10001
2	80400801	10000			75	2	10	3
10001	3	80400802	10000			75	2	10
3	10001	3	80400803	10000			1	
10	3	10002	2	80400804	10000			1
	10	3	10002	2	80400805	10000		
1		10	3	10001	2	80400901	10000	
	75	2	10	3	10001	3	80400902	10000
		75	2	10	3	10001	3	80400903
10000			1		10	3	10002	2
80400904	10000			1		10	3	10002
2	80400905	6000		1	1		10	3
10002	2	80400906	10000			3		10
3	40001	1	80401001	10000			75	2
10	3	10001	3	80401002	10000			75
2	10	3	10001	3	80401003	10000		
1		10	3	10002	2	80401004	10000	
	1		10	3	10002	2	80401005	6000
	1	1		10	3	10002	2	80401006
10000			3		10	3	40001	1
80500101	10000			75	2	10	3	10001
4	80500102	10000			75	2	10	3
10001	4	80500103	10000			1		10
3	10002	2	80500104	10000			1	
12	3	20001	1	80500105	7000		1	125
2	12	3	20002	1	80500201	10000		
75	2	10	3	10001	4	80500202	10000	
	75	2	10	3	10001	4	80500203	10000
		1		10	3	10002	2	80500204
10000			1		12	3	20001	1
80500205	7000		1	125	2	12	3	20002
1	80500301	10000			75	2	10	3
10001	4	80500302	10000			75	2	10
3	10001	4	80500303	10000			1	
10	3	10002	2	80500304	10000			1
	12	3	20001	1	80500305	7000		1
125	2	12	3	20002	1	80500401	10000	
	75	2	10	3	10001	4	80500402	10000
		75	2	10	3	10001	4	80500403
10000			1		10	3	10002	2
80500404	10000			1		12	3	20001
1	80500405	7000		1	125	2	12	3
20002	1	80500501	10000			75	2	10
3	10001	4	80500502	10000			75	2
10	3	10001	4	80500503	10000			1
	10	3	10002	2	80500504	10000		
1		12	3	20001	1	80500505	7000	
1	125	2	12	3	20002	1	80500601	10000
		75	2	10	3	10001	4	80500602
10000			75	2	10	3	10001	4
80500603	10000			1		10	3	10002
2	80500604	10000			1		12	3
20001	1	80500605	7000		1	125	2	12
3	20002	1	80500701	10000			75	2
10	3	10001	4	80500702	10000			1
	10	3	10002	2	80500703	10000		
1		10	3	10002	2	80500704	8000	
1	125	2	12	3	20001	1	80500705	7000
	1	125	2	12	3	20002	1	80500706
6000		1	125	2	12	3	30002	1
80500801	10000			75	2	10	3	10001
4	80500802	10000			1		10	3
10002	2	80500803	10000			1		10
3	10002	2	80500804	8000		1	125	2
12	3	20001	1	80500805	7000		1	125
2	12	3	20002	1	80500806	6000		1
125	2	12	3	30002	1	80500901	10000	
	75	2	10	3	10001	4	80500902	10000
		1		10	3	10002	2	80500903
10000			1		10	3	10002	2
80500904	8000		1	125	2	12	3	20001
1	80500905	7000		1	125	2	12	3
20002	1	80500906	6000		1	125	2	12
3	30002	1	80501001	10000			75	2
10	3	10001	4	80501002	10000			1
	10	3	10002	2	80501003	10000		
1		10	3	10002	2	80501004	8000	
1	125	2	12	3	20001	1	80501005	7000
	1	125	2	12	3	20002	1	80501006
6000		1	125	2	12	3	30002	1
80600101	10000			75	2	10	3	10001
4	80600102	10000			1		10	3
10001	3	80600103	6000		1	75	2	10
3	10003	3	80600104	6000		1	75	2
10	3	10003	3	80600105	8000		1	1
	10	3	10003	2	80600106	5000		1
125	2	12	3	30003	2	80600107	6000	
1	15	1	12	3	20001	1	80600201	10000
		75	2	10	3	10001	4	80600202
10000			1		10	3	10001	3
80600203	6000		1	75	2	10	3	10003
3	80600204	6000		1	75	2	10	3
10003	3	80600205	8000		1	1		10
3	10003	2	80600206	5000		1	125	2
12	3	30003	2	80600207	6000		1	15
1	12	3	20001	1	80600301	10000		
75	2	10	3	10001	4	80600302	10000	
	1		10	3	10001	3	80600303	6000
	1	75	2	10	3	10003	3	80600304
6000		1	75	2	10	3	10003	3
80600305	8000		1	1		10	3	10003
2	80600306	5000		1	125	2	12	3
30003	2	80600307	6000		1	15	1	12
3	20001	1	80600401	10000			75	2
10	3	10001	4	80600402	10000			1
	10	3	10001	3	80600403	6000		1
75	2	10	3	10003	3	80600404	6000	
1	75	2	10	3	10003	3	80600405	8000
	1	1		10	3	10003	2	80600406
5000		1	125	2	12	3	30003	2
80600407	6000		1	15	1	12	3	20001
1	80600501	10000			75	2	10	3
10001	4	80600502	500	1		1		10
3	10004	1	80600503	6000		1	75	2
10	3	10003	3	80600504	6000		1	75
2	10	3	10003	3	80600505	8000		1
1		10	3	10003	2	80600506	5000	
1	125	2	12	3	30003	2	80600507	6000
	1	15	1	12	3	20001	1	80600601
10000			75	2	10	3	10001	4
80600602	10000			1		10	3	10001
3	80600603	6000		1	75	2	10	3
10003	3	80600604	6000		1	75	2	10
3	10003	3	80600605	8000		1	1	
10	3	10003	2	80600606	5000		1	125
2	12	3	30003	2	80600607	6000		1
15	1	12	3	20001	1	80600701	10000	
	75	2	10	3	10001	4	80600702	10000
		1		10	3	10001	3	80600703
6000		1	75	2	10	3	10003	3
80600704	6000		1	75	2	10	3	10003
3	80600705	8000		1	1		10	3
10003	2	80600706	5000		1	125	2	12
3	30003	2	80600707	6000		1	15	1
12	3	20001	1	80600801	10000			75
2	10	3	10001	4	80600802	10000		
1		10	3	10001	3	80600803	6000	
1	75	2	10	3	10003	3	80600804	6000
	1	75	2	10	3	10003	3	80600805
8000		1	1		10	3	10003	2
80600806	5000		1	125	2	12	3	30003
2	80600807	6000		1	15	1	12	3
20001	1	80600901	10000			75	2	10
3	10001	4	80600902	10000			1	
10	3	10001	3	80600903	6000		1	75
2	10	3	10003	3	80600904	6000		1
75	2	10	3	10003	3	80600905	8000	
1	1		10	3	10003	2	80600906	5000
	1	125	2	12	3	30003	2	80600907
6000		1	15	1	12	3	20001	1
80600908	5000		1	125	2	12	3	30003
2	80601001	10000			75	2	10	3
10001	4	80601002	10000			1		10
3	10001	3	80601003	6000		1	75	2
10	3	10003	3	80601004	6000		1	75
2	10	3	10003	3	80601005	8000		1
1		10	3	10003	2	80601006	5000	
1	125	2	12	3	30003	2	80601007	6000
	1	15	1	12	3	20001	1	80601008
5000		1	125	2	12	3	30003	2
80601101	10000			75	2	10	3	10001
4	80601102	10000			1		10	3
10001	3	80601103	6000		1	75	2	10
3	10003	3	80601104	6000		1	75	2
10	3	10003	3	80601105	8000		1	1
	10	3	10003	2	80601106	5000		1
125	2	12	3	30003	2	80601107	6000	
1	15	1	12	3	20001	1	80601108	5000
	1	125	2	12	3	30003	2	80601201
10000			75	2	10	3	10001	4
80601202	10000			1		10	3	10001
3	80601203	6000		1	75	2	10	3
10003	3	80601204	6000		1	75	2	10
3	10003	3	80601205	8000		1	1	
10	3	10003	2	80601206	5000		1	125
2	12	3	30003	2	80601207	6000		1
15	1	12	3	20001	1	80601208	5000	
1	125	2	12	3	30003	2	80601301	6000
	1	75	2	10	3	10003	3	80601302
10000			1		10	3	10001	3
80601303	5000		1	125	2	12	3	30003
2	80700101	10000			75	2	10	3
10001	4	80700102	10000			75	2	10
3	10001	4	80700103	10000			1	
10	3	10002	2	80700104	10000			1
	10	3	10001	3	80700105	6000		1
1		10	3	10002	2	80700201	10000	
	75	2	10	3	10001	4	80700202	10000
		75	2	10	3	10001	4	80700203
10000			1		10	3	10002	2
80700204	10000			1		10	3	10001
3	80700301	10000			75	2	10	3
10001	4	80700302	10000			75	2	10
3	10001	4	80700303	10000			1	
10	3	10002	2	80700304	10000			1
	10	3	10001	3	80700305	6000		1
1		10	3	10002	2	80700401	10000	
	75	2	10	3	10001	4	80700402	10000
		75	2	10	3	10001	4	80700403
10000			1		10	3	10002	2
80700404	10000			1		10	3	10001
3	80700501	10000			75	2	10	3
10001	4	80700502	10000			75	2	10
3	10001	4	80700503	10000			1	
10	3	10002	2	80700504	10000			1
	10	3	10001	3	80700505	6000		1
1		10	3	10002	2	80700601	10000	
	75	2	10	3	10001	4	80700602	10000
		75	2	10	3	10001	4	80700603
10000			1		10	3	10002	2
80700604	10000			1		10	3	10001
3	80700701	10000			75	2	10	3
10001	4	80700702	10000			75	2	10
3	10001	4	80700703	10000			1	
10	3	10002	2	80700704	10000			1
	10	3	10001	3	80700705	6000		1
1		10	3	10002	2	80700801	10000	
	75	2	10	3	10001	4	80700802	10000
		75	2	10	3	10001	4	80700803
10000			1		10	3	10002	2
80700804	10000			1		10	3	10001
3	80700901	10000			75	2	10	3
10001	4	80700902	10000			75	2	10
3	10001	4	80700903	10000			1	
10	3	10002	2	80700904	10000			1
	10	3	10001	3	80700905	6000		1
1		10	3	10002	2	80701001	10000	
	75	2	10	3	10001	4	80701002	10000
		75	2	10	3	10001	4	80701003
10000			1		10	3	10002	2
80701004	10000			1		10	3	10001
3	80701101	10000			75	2	10	3
10001	4	80701102	10000			75	2	10
3	10001	4	80701103	10000			1	
10	3	10002	2	80701104	10000			1
	10	3	10001	3	80701105	6000		1
1		10	3	10002	2	80701201	10000	
	75	2	10	3	10001	4	80701202	10000
		75	2	10	3	10001	4	80701203
10000			1		10	3	10002	2
80701204	10000			1		10	3	10001
3	80701301	10000			75	2	10	3
10001	4	80701302	10000			75	2	10
3	10001	4	80701303	10000			1	
10	3	10002	2	80701304	10000			1
	10	3	10001	3	80701305	10000		
3		12	3	50001	1	80701401	10000	
	75	2	10	3	10001	4	80701402	10000
		75	2	10	3	10001	4	80701403
10000			1		10	3	10002	2
80701404	10000			1		10	3	10001
3	80701405	10000			3		12	3
50001	1	80701501	10000			75	2	10
3	10001	4	80701502	10000			75	2
10	3	10001	4	80701503	10000			1
	10	3	10002	2	80701504	10000		
1		10	3	10001	3	80701505	10000	
	3		12	3	50001	1	80800101	10000
		5	1	10	3	10001	6	80800102
10000			5	1	10	3	10001	6
80800103	10000			67	2	10	3	10002
2	80800104	10000			67	2	10	3
10002	2	80800105	10000			67	2	10
3	10001	4	80800201	10000			5	1
10	3	10001	6	80800202	10000			5
1	10	3	10001	6	80800203	10000		
67	2	10	3	10002	2	80800204	10000	
	67	2	10	3	10002	2	80800205	10000
		67	2	10	3	10001	4	80800301
10000			5	1	10	3	10001	6
80800302	10000			5	1	10	3	10001
6	80800303	10000			67	2	10	3
10002	2	80800304	10000			67	2	10
3	10002	2	80800305	10000			67	2
10	3	10001	4	80800401	10000			5
1	10	3	10001	6	80800402	10000		
5	1	10	3	10001	6	80800403	10000	
	67	2	10	3	10002	2	80800404	10000
		67	2	10	3	10002	2	80800405
10000			67	2	10	3	10001	4
80800501	10000			5	1	10	3	10001
6	80800502	10000			2		10	3
60001	1	80800503	10000			67	2	10
3	10002	2	80800504	10000			67	2
10	3	10002	2	80800505	10000			67
2	10	3	10001	4	80800601	10000		
