Id	Name	Icon	SimpleDes	Des	StarLevel	AddScore	Condition	BuffIds	MutexId	TeamLimit	FightEventIds
1001	秩序	Assets/Product/Texture/Image/IconAffix/AffixIconZhufu.png	友好单位	不会攻击的友好单位		50		[777205]			
1002	中立	Assets/Product/Texture/Image/IconAffix/AffixIconTongling.png	中立单位	不会主动攻击的单位，但是被攻击后会反击。		50		[777207]			
1003	邪恶	Assets/Product/Texture/Image/IconAffix/AffixIconDudou.png	敌对单位	会主动攻击玩家的单位。		150		[777209]			
1004	混沌恶	Assets/Product/Texture/Image/IconAffix/AffixIconBaozou.png	额外增强的敌对单位	额外增加血量和伤害的敌对单位		200	97390	[777299]			
2001	秩序	Assets/Product/Texture/Image/IconAffix/AffixIconZhufu.png	友好单位	不会攻击的友好单位		50		[777205]			
2002	中立	Assets/Product/Texture/Image/IconAffix/AffixIconTongling.png	中立单位	不会主动攻击的单位，但是被攻击后会反击。		50		[777207]			
2003	邪恶	Assets/Product/Texture/Image/IconAffix/AffixIconDudou.png	敌对单位	会主动攻击玩家的单位。		150		[777209]			
2004	混沌恶	Assets/Product/Texture/Image/IconAffix/AffixIconBaozou.png	额外增强的敌对单位	额外增加血量和伤害的敌对单位		200	97391	[777299]			
3001	红	Assets/Product/Texture/Image/IconAffix/AffixIconHuoyan.png	获得火焰力量	攻击附带20%的物理伤害，有20%几率造成燃烧状态，每秒造成20%的物理伤害，持续3秒。如果有同色队友会获得新的能力		50		[777288]			
3002	黄	Assets/Product/Texture/Image/IconAffix/AffixIconBingdu.png	获得电磁操作能力	造成伤害时，每秒对目标造成2%的物理伤害，并引发其它伤害型词缀的效果，持续4秒。如果有同色队友会获得新的能力		50		[777289]			
3003	蓝	Assets/Product/Texture/Image/IconAffix/AffixIconDongjie.png	获得寒冰力量	攻击附带20%的物理伤害，减少目标25%移动速度，有20%几率造成冻结状态，持续0.7秒。如果有同色队友会获得新的能力		50		[777290]			
3004	绿	Assets/Product/Texture/Image/IconAffix/AffixIconLiejie.png	变成绿色，并且强化属性	变成绿色，获得暴走效果，且增强基础属性，如果有同色队友会获得新的能力		50	97392	[777291]			
4001	红	Assets/Product/Texture/Image/IconAffix/AffixIconHuoyan.png	获得火焰力量	攻击附带20%的物理伤害，有20%几率造成燃烧状态，每秒造成20%的物理伤害，持续3秒。如果有同色队友会获得新的能力		100		[777288]			
4002	黄	Assets/Product/Texture/Image/IconAffix/AffixIconBingdu.png	获得电磁操作能力	造成伤害时，每秒对目标造成2%的物理伤害，并引发其它伤害型词缀的效果，持续4秒。如果有同色队友会获得新的能力		100		[777289]			
4003	蓝	Assets/Product/Texture/Image/IconAffix/AffixIconDongjie.png	获得寒冰力量	攻击附带20%的物理伤害，减少目标25%移动速度，有20%几率造成冻结状态，持续0.7秒。如果有同色队友会获得新的能力		100		[777290]			
4004	绿	Assets/Product/Texture/Image/IconAffix/AffixIconLiejie.png	变成绿色，并且强化属性	变成绿色，获得暴走效果，且增强基础属性，如果有同色队友会获得新的能力		100	97393	[777291]			
5001	金刚	Assets/Product/Texture/Image/IconAffix/AffixIconHudun.png	获得霸体效果，但是受到额外伤害	怪物获得霸体效果，但是受到伤害时会额外受到300点伤害。		100		[774511]			
5002	防近身	Assets/Product/Texture/Image/IconAffix/AffixIconhaiqiao.png	针对近战角色，但被远程角色克制	受到近战角色的伤害降低，但是受到远程角色伤害提高。		50		[774526]			
5003	防远程	Assets/Product/Texture/Image/IconAffix/AffixIconShexian.png	针对远程角色，但被近战角色克制	受到远程角色的伤害降低，但是受到近战角色伤害提高。		50		[774521]			
5004	快氪诺科提	Assets/Product/Texture/Image/IconAffix/AffixIconShanxian2.png	提升血量，但是增强诺克提角色	怪物增加50%血量，但是受到诺科提伤害提升800%。		50		[774531]			
5005	强化	Assets/Product/Texture/Image/IconAffix/AffixIconQianggong.png	怪物的属性会获得大幅强化	怪物的属性会获得大幅强化		100	97394	[777027]			
5006	不坏	Assets/Product/Texture/Image/IconAffix/AffixIconShanxian2.png	获得护盾，在失去护盾后大幅弱化	获得血量90%的护盾，但在失去护盾后受到的任何伤害都会翻5倍		75		[777048]			
6001	金刚	Assets/Product/Texture/Image/IconAffix/AffixIconHudun.png	获得霸体效果，但是受到额外伤害	怪物获得霸体效果，但是受到伤害时会额外受到300点伤害。		100		[774511]			
6002	防近身	Assets/Product/Texture/Image/IconAffix/AffixIconhaiqiao.png	针对近战角色，但被远程角色克制	受到近战角色的伤害降低，但是受到远程角色伤害提高。		50		[774526]			
6003	防远程	Assets/Product/Texture/Image/IconAffix/AffixIconShexian.png	针对远程角色，但被近战角色克制	受到远程角色的伤害降低，但是受到近战角色伤害提高。		50		[774521]			
6004	快氪诺科提	Assets/Product/Texture/Image/IconAffix/AffixIconShanxian2.png	提升血量，但是增强诺克提角色	怪物增加50%血量，但是受到诺科提伤害提升800%。		50		[774531]			
6005	强化	Assets/Product/Texture/Image/IconAffix/AffixIconQianggong.png	怪物的属性会获得大幅强化	怪物的属性会获得大幅强化		100	97395	[777027]			
6006	不坏	Assets/Product/Texture/Image/IconAffix/AffixIconShanxian2.png	获得护盾，在失去护盾后大幅弱化	获得血量90%的护盾，但在失去护盾后受到的任何伤害都会翻5倍		75		[777048]			
7001	立场	Assets/Product/Texture/Image/IconAffix/AffixIconMianshang.png	抵抗较低的伤害，超出限度的伤害会提高	怪物受到到低于7000的伤害时，伤害降低，受到高于7000的伤害时，伤害大幅提高。		100		[774561]			
7002	分裂	Assets/Product/Texture/Image/IconAffix/AffixIconLiejie.png	怪物半血后分裂出两个半血怪物	怪物血量低于一半时会分裂出两个只有原怪物一半血量上限的单位。		50		[777044]			
7003	支援	Assets/Product/Texture/Image/IconAffix/AffixIconShanxian2.png	不定期召唤同类	每隔一段时间会召唤一个和自己一模一样的单位，召唤间隔会越来越长。		100		[749347]			
7004	守护	Assets/Product/Texture/Image/IconAffix/AffixIconBilei.png	获得护盾	怪物获得30%最大血量的护盾。		50		[777045]			
7005	强化	Assets/Product/Texture/Image/IconAffix/AffixIconQianggong.png	怪物的属性会获得大幅强化	怪物的属性会获得大幅强化。		100	97396	[777027]			
8001	立场	Assets/Product/Texture/Image/IconAffix/AffixIconMianshang.png	抵抗较低的伤害，超出限度的伤害会提高	怪物受到到低于7000的伤害时，伤害降低，受到高于7000的伤害时，伤害大幅提高。		100		[774561]			
8002	分裂	Assets/Product/Texture/Image/IconAffix/AffixIconLiejie.png	怪物半血后分裂出两个半血怪物	怪物血量低于一半时会分裂出两个只有原怪物一半血量上限的单位。		50		[777044]			
8003	支援	Assets/Product/Texture/Image/IconAffix/AffixIconShanxian2.png	不定期召唤同类	每隔一段时间会召唤一个和自己一模一样的单位，召唤间隔会越来越长。		100		[749347]			
8004	守护	Assets/Product/Texture/Image/IconAffix/AffixIconBilei.png	获得护盾	怪物获得30%最大血量的护盾。		50		[777045]			
8005	强化	Assets/Product/Texture/Image/IconAffix/AffixIconQianggong.png	怪物的属性会获得大幅强化	怪物的属性会获得大幅强化。		100	97397	[777027]			
9001	复仇	Assets/Product/Texture/Image/IconAffix/AffixIconQianggong.png	队友死后，获得暴走效果，但失去抗性	队友死后，获得攻击加成且攻击频率增加，但是抗变为0。		150		[777054]			
9002	诅咒	Assets/Product/Texture/Image/IconAffix/AffixIconZuzhou.png	死亡后诅咒玩家，支付代价提升伤害	死亡后诅咒玩家角色，伤害提升1000%但是在10秒后就必定死亡。		150		[777055]			
9003	成长	Assets/Product/Texture/Image/IconAffix/AffixIconQianghua.png	随着时间增加伤害和降低抗性	存在队友场合，怪物每10秒钟获得5%的伤害加成，并降低10%的抗性。		100		[777057]			
9004	贯通	Assets/Product/Texture/Image/IconAffix/AffixIconGuanchuan.png	获得护盾，并且攻击将降低玩家的额外伤害减免	存在队友场合，怪物获得20%最大生命值的护盾，并且怪物的攻击会降低玩家角色3%的额外伤害减免，可叠加10层，效果持续10秒。		100		[777060]			
9005	电盾	Assets/Product/Texture/Image/IconAffix/AffixIconDiandun.png	受击有概率召唤雷电	存在队友的场合，受击时，有15%-25%的几率在攻击者的位置释放雷电，造成25%的雷属性伤害，冷却时间2.5秒，与目标距离越远，概率越高		100		[777061]			
9006	主宰	Assets/Product/Texture/Image/IconAffix/AffixIconShexian.png	免疫超算效果，并且获得属性加成	免疫超算和大招的限制效果，并且获得属性加成		200	97398	[777070]			
10001	复仇	Assets/Product/Texture/Image/IconAffix/AffixIconQianggong.png	队友死后，获得暴走效果，但失去抗性	队友死后，获得攻击加成且攻击频率增加，但是抗变为0		150		[777054]			
10002	诅咒	Assets/Product/Texture/Image/IconAffix/AffixIconZuzhou.png	死亡后诅咒玩家，支付代价提升伤害	死亡后诅咒玩家角色，伤害提升1000%但是在10秒后就必定死亡。		150		[777055]			
10003	成长	Assets/Product/Texture/Image/IconAffix/AffixIconQianghua.png	随着时间增加伤害和降低抗性	存在队友场合，怪物每10秒钟获得5%的伤害加成，并降低10%的抗性。		100		[777057]			
10004	贯通	Assets/Product/Texture/Image/IconAffix/AffixIconGuanchuan.png	获得护盾，并且攻击将降低玩家的额外伤害减免	存在队友场合，怪物获得20%最大生命值的护盾，并且怪物的攻击会降低玩家角色3%的额外伤害减免，可叠加10层，效果持续10秒。		100		[777060]			
10005	电盾	Assets/Product/Texture/Image/IconAffix/AffixIconDiandun.png	受击有概率召唤雷电	存在队友的场合，受击时，有15%-25%的几率在攻击者的位置释放雷电，造成25%的雷属性伤害，冷却时间2.5秒，与目标距离越远，概率越高		100		[777061]			
10006	主宰	Assets/Product/Texture/Image/IconAffix/AffixIconShexian.png	免疫超算效果，并且获得属性加成	免疫超算和大招的限制效果，并且获得属性加成		200	97399	[777070]			
11001	劣化	Assets/Product/Texture/Image/IconAffix/AffixIconMianshang.png	造成伤害时，使目标受到的治疗量减少	造成伤害时，使目标受到的治疗量减少60%，持续5秒		100		[760632]			
11002	黑洞	Assets/Product/Texture/Image/IconAffix/AffixIconLiejie.png	在自身位置释放吸力较强的黑洞	每隔8秒，在自身位置释放吸力较强的黑洞		100		[780413]			
11003	埋雷	Assets/Product/Texture/Image/IconAffix/AffixIconMailei.png	攻击时在目标身上留下炸弹	攻击时在目标身上留下能造成20%的物理伤害的炸弹		100		[760372]			
11004	辐射	Assets/Product/Texture/Image/IconAffix/AffixIconBilei.png	持续对附近敌人造成物理伤害	持续对附近敌人造成6%的物理伤害		100		[760291]			
11005	壁垒	Assets/Product/Texture/Image/IconAffix/AffixIconQianggong.png	持续获得护盾	获得当前生命值15%的永久护盾。护盾存在时免疫受击状态，承受足够伤害时移除护盾，15秒后护盾会重新生效		200		[760281]			
11006	主宰	Assets/Product/Texture/Image/IconAffix/AffixIconQianggong.png	免疫超算效果，并且获得属性加成	免疫超算和大招的限制效果，并且获得属性加成		500	97340	[777062]			
12001	劣化	Assets/Product/Texture/Image/IconAffix/AffixIconMianshang.png	造成伤害时，使目标受到的治疗量减少	造成伤害时，使目标受到的治疗量减少60%，持续5秒		100		[760632]			
12002	黑洞	Assets/Product/Texture/Image/IconAffix/AffixIconLiejie.png	在自身位置释放吸力较强的黑洞	每隔8秒，在自身位置释放吸力较强的黑洞		100		[780413]			
12003	埋雷	Assets/Product/Texture/Image/IconAffix/AffixIconMailei.png	攻击时在目标身上留下炸弹	攻击时在目标身上留下能造成20%的物理伤害的炸弹		100		[760372]			
12004	辐射	Assets/Product/Texture/Image/IconAffix/AffixIconBilei.png	持续对附近敌人造成物理伤害	持续对附近敌人造成6%的物理伤害		100		[760291]			
12005	壁垒	Assets/Product/Texture/Image/IconAffix/AffixIconQianggong.png	持续获得护盾	获得当前生命值15%的永久护盾。护盾存在时免疫受击状态，承受足够伤害时移除护盾，15秒后护盾会重新生效		200		[760281]			
12006	主宰	Assets/Product/Texture/Image/IconAffix/AffixIconQianggong.png	免疫超算效果，并且获得属性加成	免疫超算和大招的限制效果，并且获得属性加成		500	97341	[777062]			
20101	识别	Assets/Product/Texture/Image/IconAffix/AffixIconZhufu.png	三消才能触发击飞	角色使用与敌人同色的三消才能将其击飞		50		[781905]			
20102	置换	Assets/Product/Texture/Image/IconAffix/AffixIconTongling.png	每20秒变换一次颜色	敌人每隔20秒会更改一次自身的颜色		50		[781906]			
20103	浸染	Assets/Product/Texture/Image/IconAffix/AffixIconDudou.png	敌人攻击附带染色，角色可被同色敌人击飞	敌人的攻击也会导致角色被染色，且能被同色敌人被击飞		50		[781907]			
20104	净源	Assets/Product/Texture/Image/IconAffix/AffixIconBaozou.png	敌人失去额外抗性，但是伤害大幅提升	敌人失去额外抗性，但是伤害大幅提升		10		[781910]			
20201	冲锋	Assets/Product/Texture/Image/IconAffix/AffixIconShexian.png	专注冲刺技能	敌人专注于施展冲刺技能，如果没对应有则会变得困惑		100		[732097]	1		
20202	射击	Assets/Product/Texture/Image/IconAffix/AffixIconDudou.png	专注远程技能	敌人专注于施展远程技能，如果没对应有则会变得困惑		100		[732098]	1		
20203	搏斗	Assets/Product/Texture/Image/IconAffix/AffixIconTongling.png	专注近战技能	敌人专注于使用近战技能，如果没对应有则会变得困惑		100		[732099]	1		
20204	瞬击	Assets/Product/Texture/Image/IconAffix/AffixIconShanxian2.png	瞬移接近角色	敌人每隔一段时间会闪现接近角色		50		[732085]			
20205	禁锢	Assets/Product/Texture/Image/IconAffix/AffixIconBingdu.png	攻击降低移速	敌人攻击会削减角色的移速		50		[732086]			
20206	滞算	Assets/Product/Texture/Image/IconAffix/AffixIconLiejie.png	攻击削减闪避值	敌人攻击会削减角色的闪避值		50		[732087]			
20301	轰拳	Assets/Product/Texture/Image/IconAffix/AffixIconTongling.png	额外击飞攻击	敌人攻击时能额外召唤拳头从地下击飞角色		100		[781915]	2		
20302	空斩	Assets/Product/Texture/Image/IconAffix/AffixIconDudou.png	额外远程攻击	敌人攻击时能额外召唤剑气远程攻击角色		100		[781916]	2		
20303	追伐	Assets/Product/Texture/Image/IconAffix/AffixIconHuoyan.png	额外追踪攻击	敌人攻击时能额外召唤拳头对角色当前位置进行攻击		100		[781917]	2		
20305	破势	Assets/Product/Texture/Image/IconAffix/AffixIconBingdu.png	额外攻击削减能量	敌人的额外攻击会削减角色的必杀技能量		100		[781921]			
20306	暴走	Assets/Product/Texture/Image/IconAffix/AffixIconBaozou.png	攻击频率增加	敌人攻击频率增加		50		[760252]			
20401	轰拳	Assets/Product/Texture/Image/IconAffix/AffixIconTongling.png	额外击飞攻击	敌人攻击时能额外召唤拳头从地下击飞角色		100		[781915]	3		
20402	空斩	Assets/Product/Texture/Image/IconAffix/AffixIconDudou.png	额外远程攻击	敌人攻击时能额外召唤剑气远程攻击角色		100		[781916]	3		
20403	追伐	Assets/Product/Texture/Image/IconAffix/AffixIconHuoyan.png	额外追踪攻击	敌人攻击时能额外召唤拳头对角色当前位置进行攻击		100		[781917]	3		
20405	破势	Assets/Product/Texture/Image/IconAffix/AffixIconBingdu.png	额外攻击削减能量	敌人的额外攻击会削减角色的必杀技能量		100		[781921]			
20406	暴走	Assets/Product/Texture/Image/IconAffix/AffixIconBaozou.png	攻击频率增加	敌人攻击频率增加		50		[760253]			
20501	缚限	Assets/Product/Texture/Image/IconAffix/AffixIconBingdu.png	玩家只上阵1人，敌人减抗	玩家最多上阵1个角色，敌人额外伤害减免降低50%		150		[732040]	4	1	
20502	顽抗	Assets/Product/Texture/Image/IconAffix/AffixIconQianggong.png	角色必杀伤害降低	角色必杀技伤害降低25%		100		[732041]	4		
20503	逆算	Assets/Product/Texture/Image/IconAffix/AffixIconShexian.png	主宰且超算期间额外增伤	敌人无视超算空间效果，且在超算空间中伤害提升20%		100		[732043]	4		
20504	战狂	Assets/Product/Texture/Image/IconAffix/AffixIconTongling.png	角色满暴击，但伤害减免降低至0	角色暴击率提升100%，但额外伤害减免降低至0		50		[732045]			
20505	暴走·极	Assets/Product/Texture/Image/IconAffix/AffixIconBaozou.png	回球速度提升，敌人获得暴走	角色信号球恢复速度提升100%，敌人攻击频率大幅提高		50		[732046]			
20506	机巧	Assets/Product/Texture/Image/IconAffix/AffixIconDudou.png	角色除必杀外的伤害提升，敌人定时获得护盾	角色除必杀外的伤害提升50%，敌人每隔30秒获得5%血量护盾		50		[732048]			
20507	连闪	Assets/Product/Texture/Image/IconAffix/AffixIconShanxian2.png	角色无限闪避，但最大生命值减少	角色的闪避值无限，但是角色最大生命值减少20%		50		[732050]			
20601	缚限	Assets/Product/Texture/Image/IconAffix/AffixIconBingdu.png	玩家只上阵1人，敌人减抗	玩家最多上阵1个角色，敌人额外伤害减免降低50%		150		[732040]	5	1	
20602	顽抗	Assets/Product/Texture/Image/IconAffix/AffixIconQianggong.png	角色必杀伤害降低	角色必杀伤害降低40%		100		[732042]	5		
20603	逆算	Assets/Product/Texture/Image/IconAffix/AffixIconShexian.png	主宰且超算期间额外增伤	敌人无视超算空间效果，且在超算空间中伤害提升50%		100		[732044]	5		
20604	战狂	Assets/Product/Texture/Image/IconAffix/AffixIconTongling.png	角色满暴击，但伤害减免降低至0	角色暴击率提升100%，但额外伤害减免降低至0		50		[732045]			
20605	暴走·极	Assets/Product/Texture/Image/IconAffix/AffixIconBaozou.png	回球速度提升，敌人获得暴走·极与劣化	角色信号球恢复速度提升100%，敌人获得暴走和攻击减治疗效果		50		[732047]			
20606	机巧	Assets/Product/Texture/Image/IconAffix/AffixIconDudou.png	角色除必杀外的伤害提升，敌人定时获得护盾	角色除必杀外的伤害提升50%，敌人每隔30秒获得10%血量护盾		50		[732049]			
20607	连闪	Assets/Product/Texture/Image/IconAffix/AffixIconShanxian2.png	角色无限闪避，但最大生命值减少	角色的闪避值无限，但是角色最大生命值减少50%		50		[732051]			
20701	汲能	Assets/Product/Texture/Image/UiBabelTower/UiBabelTowerChallengeIcon10044.png	丝线会吸取能量	被马德拉挂上丝线期间会被吸取大招能量		100		[781926]	6		
20702	缠丝	Assets/Product/Texture/Image/UiBabelTower/UiBabelTowerChallengeIcon33281.png	丝线会减少移速和回血	被马德拉挂上丝线期间都会减少移速和回血率		100		[781928]	6		
20703	抑止	Assets/Product/Texture/Image/UiBabelTower/UiBabelTowerChallengeIcon33123.png	丝线会降低伤害	被马德拉挂上丝线期间角色伤害减低20%		100		[781931]	6		
20704	暴走	Assets/Product/Texture/Image/IconAffix/AffixIconBaozou.png	攻击频率增加	敌人的攻击频率增加		50		[760252]			
20705	雷盾	Assets/Product/Texture/Image/UiBabelTower/UiBabelTowerChallengeIcon13061.png	受击时，中概率朝攻击者所处位置召雷	受击时，中概率朝攻击者所处位置召雷		50		[760352]			
20706	超荷	Assets/Product/Texture/Image/UiBabelTower/UiBabelTowerChallengeIcon22110.png	血量大幅提升，但有流血效果	敌人血量大幅提升，但会随着时间损失血量		50		[781934]			
20707	浴血	Assets/Product/Texture/Image/UiBabelTower/UiBabelTowerChallengeIcon22041.png	敌人失去额外抗性，但是伤害大幅提升	敌人失去额外抗性，但是伤害大幅提升		10		[781936]			
20801	汲能	Assets/Product/Texture/Image/UiBabelTower/UiBabelTowerChallengeIcon10044.png	丝线会吸取能量	被马德拉挂上丝线期间会被吸取大招能量		100		[781926]	7		
20802	缠丝	Assets/Product/Texture/Image/UiBabelTower/UiBabelTowerChallengeIcon33281.png	丝线会减少移速和回血	被马德拉挂上丝线期间都会减少移速和回血率		100		[781928]	7		
20803	抑止	Assets/Product/Texture/Image/UiBabelTower/UiBabelTowerChallengeIcon33123.png	丝线会降低伤害	被马德拉挂上丝线期间角色伤害减低40%		100		[781931]	7		
20804	暴走	Assets/Product/Texture/Image/IconAffix/AffixIconBaozou.png	攻击频率增加	敌人的攻击频率增加		50		[760253]			
20805	雷盾	Assets/Product/Texture/Image/UiBabelTower/UiBabelTowerChallengeIcon13061.png	受击时，大概率朝攻击者所处位置召雷	受击时，大概率朝攻击者所处位置召雷		50		[760353]			
20806	超荷	Assets/Product/Texture/Image/UiBabelTower/UiBabelTowerChallengeIcon22110.png	血量大幅提升，但有流血效果	敌人血量大幅提升，但会随着时间损失血量		50		[781934]			
20807	浴血	Assets/Product/Texture/Image/UiBabelTower/UiBabelTowerChallengeIcon22041.png	敌人失去额外抗性，但是伤害大幅提升	敌人失去额外抗性，但是伤害大幅提升		10		[781936]			
20901	强袭行军	Assets/Product/Texture/Image/UiBabelTower/UiBabelTowerChallengeIcon22041.png	召唤光辉行进者	召唤光辉行进者		100			8	1	
20902	荆棘之吻	Assets/Product/Texture/Image/UiBabelTower/UiBabelTowerChallengeIcon22060.png	召唤提法	召唤提法		100			8	1	
20903	猩红剑斩	Assets/Product/Texture/Image/UiBabelTower/UiBabelTowerChallengeIcon21011.png	召唤露西亚	召唤露西亚		100			8	1	
20904	灼炎暗戏	Assets/Product/Texture/Image/UiBabelTower/UiBabelTowerChallengeIcon22110.png	召唤罗兰	召唤罗兰		100			8	1	
20905	罪行惩戒	Assets/Product/Texture/Image/UiBabelTower/UiBabelTowerChallengeIcon1.png	召唤加百列	召唤加百列		100			8	1	
20906	杀意匿藏	Assets/Product/Texture/Image/UiBabelTower/UiBabelTowerChallengeIcon33123.png	召唤物会在露娜被击败后出现	召唤物会在露娜被击败后出现并攻击角色		50		[732031]			
20907	渴斗	Assets/Product/Texture/Image/UiBabelTower/UiBabelTowerChallengeIcon13011.png	召唤物会更加主动发动攻击	召唤物会更加主动发动攻击		50		[732032]			
20908	迷彩	Assets/Product/Texture/Image/UiBabelTower/UiBabelTowerChallengeIcon33091.png	召唤物变成半透明	召唤物变成半透明		50		[732033]			
20909	萃能	Assets/Product/Texture/Image/UiBabelTower/UiBabelTowerChallengeIcon22090.png	召唤物攻击会吸取必杀能量	召唤物的攻击会吸取角色较少的必杀能量		100		[732039]			
21001	强袭行军	Assets/Product/Texture/Image/UiBabelTower/UiBabelTowerChallengeIcon22041.png	召唤光辉行进者	召唤光辉行进者		100			9	1	
21002	荆棘之吻	Assets/Product/Texture/Image/UiBabelTower/UiBabelTowerChallengeIcon22060.png	召唤提法	召唤提法		100			9	1	
21003	猩红剑斩	Assets/Product/Texture/Image/UiBabelTower/UiBabelTowerChallengeIcon22110.png	召唤露西亚	召唤露西亚		100			9	1	
21004	灼炎暗戏	Assets/Product/Texture/Image/UiBabelTower/UiBabelTowerChallengeIcon13011.png	召唤罗兰	召唤罗兰		100			9	1	
21005	罪行惩戒	Assets/Product/Texture/Image/UiBabelTower/UiBabelTowerChallengeIcon1.png	召唤加百列	召唤加百列		100			9	1	
21006	杀意匿藏	Assets/Product/Texture/Image/UiBabelTower/UiBabelTowerChallengeIcon33123.png	召唤物会在露娜被击败后出现	召唤物会在露娜被击败后出现并攻击角色		50		[732031]			
21007	渴斗	Assets/Product/Texture/Image/UiBabelTower/UiBabelTowerChallengeIcon13011.png	召唤物会更加主动发动攻击	召唤物会更加主动发动攻击		50		[732032]			
21008	迷彩	Assets/Product/Texture/Image/UiBabelTower/UiBabelTowerChallengeIcon33091.png	召唤物变成半透明	召唤物变成半透明		50		[732033]			
21009	萃能	Assets/Product/Texture/Image/UiBabelTower/UiBabelTowerChallengeIcon22090.png	召唤物攻击会吸取必杀能量	召唤物的攻击会吸取角色较少的必杀能量		100		[732038]			
30001	猩核爆裂	Assets/Product/Texture/Image/UiBabelTower/UiBabelTowerChallengeIcon13001.png	敌人<color=#B14722>生命增加</color>，<color=#00b48a>被攻击弱点</color>触发范围真伤	敌人<color=#B14722>生命增加20w</color>，<color=#00b48a>被攻击弱点</color>触发7.5w真伤		200					[2230110]
30002	绯红业火	Assets/Product/Texture/Image/IconAffix/AffixIconZengshangFuzhuHuo.png	敌人<color=#B14722>增伤</color>，角色攻击附带<color=#00b48a>火伤</color>	敌人<color=#B14722>增伤30%</color>，角色攻击附带<color=#00b48a>15%火伤</color>		100					[2230112]
30003	叛逆烙印	Assets/Product/Texture/Image/IconAffix/AffixIconZengshangFuzhuWuli.png	敌人<color=#B14722>增伤</color>，角色攻击附带<color=#00b48a>物理伤害</color>	敌人<color=#B14722>增伤30%</color>，角色攻击附带<color=#00b48a>15%物理伤害</color>		100					[2230113]
30004	虚空侵蚀	Assets/Product/Texture/Image/IconAffix/AffixIconZengshangFuzhuAn.png	敌人<color=#B14722>增伤</color>，角色攻击附带<color=#00b48a>暗伤</color>	敌人<color=#B14722>增伤30%</color>，角色攻击附带<color=#00b48a>15%暗伤</color>		100					[2230114]
30005	幻影代价	Assets/Product/Texture/Image/UiBabelTower/UiBabelTowerChallengeIcon33001.png	敌人<color=#B14722>增伤</color>，攻击被<color=#00b48a>闪避</color>时短暂消除，并降低抗性	敌人<color=#B14722>增伤30%</color>，攻击被<color=#00b48a>闪避</color>时短暂消除，并降低10%抗性		150					[2230116]
30006	双刃诅咒	Assets/Product/Texture/Image/UiBabelTower/UiBabelTowerChallengeIcon32121.png	角色<color=#00b48a>增伤</color>，<color=#B14722>受击</color>叠加抗性降低	角色<color=#00b48a>增伤20%</color>，<color=#B14722>受击</color>时抗性降低5%，可叠加		150					[2230117]
30007	焚化协议	Assets/Product/Texture/Image/IconAffix/AffixIconZengshangXiaoyingHuo.png	敌人受到<color=#00b48a>焚烧伤害</color>增加，<color=#B14722>其他伤害</color>降低	敌人受到<color=#00b48a>焚烧伤害</color>增加30%，<color=#B14722>其他伤害</color>降低10%		150					[2230118]
30008	狂暴代价	Assets/Product/Texture/Image/IconAffix/AffixIconBaozou2.png	敌人获得<color=#B14722>暴走3</color>，角色<color=#00b48a>增伤</color>	敌人获得<color=#B14722>暴走3</color>，角色<color=#00b48a>增伤20%</color>		150					[2230119]
30009	濒死尊严	Assets/Product/Texture/Image/UiBabelTower/UiBabelTowerChallengeIcon22011.png	敌人血量越低，增加<color=#B14722>伤害</color>与<color=#B14722>抗性</color>	敌人血量每下降10%，<color=#B14722>增加伤害10%</color>，<color=#B14722>抗性5%</color>，最大4层		500					[2230120]
30010	连击共鸣	Assets/Product/Texture/Image/UiBabelTower/UiBabelTowerChallengeIcon22031.png	敌人<color=#B14722>生命增加</color>，角色攻击附加<color=#00b48a>连击</color>伤害	敌人<color=#B14722>生命增加300w</color>，角色攻击附加<color=#00b48a>连击数*30</color>的伤害		100					[2230122]
30011	噩梦增殖	Assets/Product/Texture/Image/IconAffix/AffixIconhaiqiao2.png	<color=#00b48a>所有召唤物</color>生命增加，并获得暴走3	<color=#00b48a>所有召唤物</color>生命增加20w，并获得暴走3		100					[2230123]
30012	白刃协议	Assets/Product/Texture/Image/IconAffix/AffixIconZengshangXiaoyingWuli.png	敌人受到<color=#00b48a>真意斩伤害</color>增加，<color=#B14722>其他伤害</color>降低	敌人受到<color=#00b48a>真意斩伤害</color>增加30%，<color=#B14722>其他伤害</color>降低10%		100					[2230124]
30013	从影交响	Assets/Product/Texture/Image/UiFight/FightSkillIconLure4.png	敌人<color=#B14722>增伤</color>，角色一定连击后<color=#00b48a>召唤随机单位</color>	敌人<color=#B14722>增伤25%</color>，角色每300连击后<color=#00b48a>召唤随机单位</color>		100					[2230125]
30014	混沌滋生	Assets/Product/Texture/Image/UiBabelTower/UiBabelTowerChallengeIcon11121.png	敌方召唤物<color=#B14722>上限增加</color>，但放技能<color=#00b48a>对友方</color>造成范围伤害	敌方召唤物<color=#B14722>上限增加2</color>，但放技能<color=#00b48a>对友方</color>造成范围伤害		100					[2230147]
30015	混沌共生	Assets/Product/Texture/Image/UiBabelTower/UiBabelTowerChallengeIcon12101.png	敌方召唤物<color=#B14722>伤害增加</color>，但受伤<color=#00b48a>传导至本体</color>	敌方召唤物<color=#B14722>伤害增加25%</color>，但受伤<color=#00b48a>传导30%至本体</color>		100					[2230148]
30016	受折磨者	Assets/Product/Texture/Image/UiBabelTower/UiBabelTowerChallengeIcon11021.png	敌人受到单次伤害<color=#B14722>存在上限</color>	敌人单次受到伤害<color=#B14722>不超过0.7%最大生命</color>		500					[2230126]
30017	无限冲锋	Assets/Product/Texture/Image/UiBabelTower/UiBabelTowerChallengeIcon21071.png	怪物<color=#B14722>冲锋频率增加</color>，冲锋会<color=#00b48a>伤害友方</color>	怪物<color=#B14722>冲锋频率增加</color>，冲锋会<color=#00b48a>伤害友方</color>		150					[2230149]
30018	死亡竞速	Assets/Product/Texture/Image/UiBabelTower/UiBabelTowerChallengeIcon22011.png	敌人冲锋暂时<color=#B14722>增伤</color>，并<color=#00b48a>降低抗性</color>	敌人冲锋暂时<color=#B14722>增伤30%</color>，并<color=#00b48a>降低抗性20%</color>		150					[2230128]
30019	三消特权	Assets/Product/Texture/Image/UiBabelTower/UiBabelTowerChallengeIcon22120.png	仅<color=#B14722>三消</color>可触发特殊状态	仅<color=#B14722>三消</color>可触发特殊状态		300					[2230129]
30020	生死时速	Assets/Product/Texture/Image/IconAffix/AffixIconTime.png	<color=#B14722>180秒</color>后，游戏失败	<color=#B14722>180秒</color>后，游戏失败		300					[2230150]
30021	虹彩轮盘	Assets/Product/Texture/Image/UiBabelTower/UiBabelTowerChallengeIcon12151.png	敌人被<color=#B14722>不同颜色</color>攻击时，暂时无法进入特殊状态	敌人被<color=#B14722>不同颜色</color>攻击时，5秒内无法进入特殊状态		800					[2230130]
30022	暴走代价	Assets/Product/Texture/Image/IconAffix/AffixIconBaozou2.png	敌人增加<color=#B14722>暴走3</color>，但放技能<color=#00b48a>扣除生命</color>	敌人增加<color=#B14722>暴走3</color>，但放技能<color=#00b48a>扣除5%当前生命</color>		150					[2230133]
30023	躲避球！	Assets/Product/Texture/Image/IconAffix/AffixIconKangan2.png	角色<color=#B14722>受到攻击</color>时，消除1个球	角色<color=#B14722>受到攻击</color>时，消除1个球		150					[2230134]
30024	越闪越勇	Assets/Product/Texture/Image/UiBabelTower/UiBabelTowerChallengeIcon33001.png	角色<color=#B14722>伤害降低</color>，<color=#00b48a>极限闪避</color>越多，伤害越高，受击重置	角色<color=#B14722>伤害降低5%</color>，<color=#00b48a>极限闪避</color>后增伤10%，最大4层，持续8秒，受击重置		150					[2230135]
30025	自爆虫巢·我	Assets/Product/Texture/Image/UiBabelTower/UiBabelTowerChallengeIcon32151.png	角色攻击时召唤1个不移动的中立自爆虫	角色攻击时召唤1个不移动的中立自爆虫		150					[2230136]
30026	自爆虫巢·敌	Assets/Product/Texture/Image/UiBabelTower/UiBabelTowerChallengeIcon32041.png	敌人<color=#B14722>放技能时</color>召唤1个自爆虫	敌人<color=#B14722>放技能时</color>召唤1个自爆虫		300					[2230137]
30027	狂爆计时	Assets/Product/Texture/Image/UiBabelTower/UiBabelTowerChallengeIcon22130.png	敌人<color=#B14722>不断重生</color>，关卡生成自爆虫，<color=#00b48a>存活60秒</color>后胜利	敌人<color=#B14722>不断重生</color>，关卡生成自爆虫，<color=#00b48a>存活60秒</color>后胜利		500					[2230151]
30028	手残税	Assets/Product/Texture/Image/IconAffix/AffixIconXuruo2.png	敌人攻击<color=#B14722>削减角色闪避</color>	敌人攻击<color=#B14722>削减角色100点闪避</color>		150					[2230140]
30029	接力虚弱	Assets/Product/Texture/Image/UiBabelTower/UiBabelTowerChallengeIcon12091.png	角色周期叠加<color=#B14722>伤害降低</color>，<color=#00b48a>离场</color>消除	角色每5秒，<color=#B14722>伤害降低2.5%</color>，最大8层，<color=#00b48a>离场</color>消除		300					[2230141]
30030	背刺诱惑	Assets/Product/Texture/Image/IconAffix/AffixIconMianshang2.png	敌人周期定身，<color=#B14722>正面</color>受到伤害降低，<color=#00b48a>背面</color>受到伤害增加	敌人每8秒定身，<color=#B14722>正面</color>受到伤害降低10%，<color=#00b48a>背面</color>受到伤害增加20%		150					[2230142]
30031	暴君复苏	Assets/Product/Texture/Image/IconAffix/AffixIconBaozou2.png	敌人获得<color=#B14722>暴走3</color>，治疗增加	敌人获得<color=#B14722>暴走3</color>，治疗增加10%		150					[2230143]
30032	穿洞装甲	Assets/Product/Texture/Image/UiBabelTower/UiBabelTowerChallengeIcon12101.png	敌人<color=#B14722>生命增加</color>，护盾减少时受到<color=#00b48a>额外伤害</color>	敌人<color=#B14722>生命增加1000</color>，护盾减少受到<color=#00b48a>10%额外伤害</color>		150					[2230144]
30033	带甲撞击	Assets/Product/Texture/Image/UiBabelTower/UiBabelTowerChallengeIcon12141.png	敌人攻击命中造成<color=#B14722>基于护盾</color>的伤害，存在CD	敌人攻击命中造成<color=#B14722>护盾的5%</color>伤害，冷却10秒		300					[2230145]
30034	永劫命契	Assets/Product/Texture/Image/IconAffix/AffixIconLuehua2.png	场上角色<color=#B14722>生命缓慢流失</color>，无法治疗	每3秒，角色<color=#B14722>受到10点伤害</color>，无法治疗		500					[2230146]
101011101	迅捷I	Assets/Product/Texture/Image/IconAffix/AffixIconShanxian2.png				100		[760211]			
101011102	强攻I	Assets/Product/Texture/Image/UiBabelTower/UiBabelTowerChallengeIcon12111.png				100		[760131]			
101011103	闪现I	Assets/Product/Texture/Image/UiBabelTower/UiBabelTowerChallengeIcon22090.png	发动瞬移接近目标，间隔较长			300		[760391]			
101011201	迅捷I	Assets/Product/Texture/Image/IconAffix/AffixIconShanxian2.png				100		[760211]			
101011202	强攻I	Assets/Product/Texture/Image/UiBabelTower/UiBabelTowerChallengeIcon12111.png				100		[760131]			
101011203	闪现I	Assets/Product/Texture/Image/UiBabelTower/UiBabelTowerChallengeIcon22090.png	发动瞬移接近目标，间隔较长			300		[760391]			
101011301	迅捷I	Assets/Product/Texture/Image/IconAffix/AffixIconShanxian2.png				100		[760211]			
101011302	强攻I	Assets/Product/Texture/Image/UiBabelTower/UiBabelTowerChallengeIcon12111.png				100		[760131]			
101011303	闪现I	Assets/Product/Texture/Image/UiBabelTower/UiBabelTowerChallengeIcon22090.png	发动瞬移接近目标，间隔较长			300		[760391]			
101012101	迅捷I	Assets/Product/Texture/Image/IconAffix/AffixIconShanxian2.png				100		[760211]			
101012102	强攻I	Assets/Product/Texture/Image/IconAffix/AffixIconShanxian2.png				100		[760131]			
101012103	闪现I	Assets/Product/Texture/Image/IconAffix/AffixIconShanxian2.png	发动瞬移接近目标，间隔较长			300		[760391]			
101012201	迅捷I	Assets/Product/Texture/Image/IconAffix/AffixIconShanxian2.png				100		[760211]			
101012202	强攻I	Assets/Product/Texture/Image/IconAffix/AffixIconShanxian2.png				100		[760131]			
101012203	闪现I	Assets/Product/Texture/Image/IconAffix/AffixIconShanxian2.png	发动瞬移接近目标，间隔较长			300		[760391]			
101012301	迅捷I	Assets/Product/Texture/Image/IconAffix/AffixIconShanxian2.png				100		[760211]			
101012302	强攻I	Assets/Product/Texture/Image/IconAffix/AffixIconShanxian2.png				100		[760131]			
101012303	闪现I	Assets/Product/Texture/Image/IconAffix/AffixIconShanxian2.png	发动瞬移接近目标，间隔较长			300		[760391]			
101013101	迅捷I	Assets/Product/Texture/Image/IconAffix/AffixIconShanxian2.png				40		[760211]			
101013102	强攻I	Assets/Product/Texture/Image/IconAffix/AffixIconShanxian2.png				40		[760131]			
101013103	转移I	Assets/Product/Texture/Image/IconAffix/AffixIconShanxian2.png	发动瞬移远离目标，间隔较长			60		[760394]			
101013201	迅捷I	Assets/Product/Texture/Image/IconAffix/AffixIconShanxian2.png				40		[760211]			
101013202	强攻I	Assets/Product/Texture/Image/IconAffix/AffixIconShanxian2.png				40		[760131]			
101013203	转移I	Assets/Product/Texture/Image/IconAffix/AffixIconShanxian2.png	发动瞬移远离目标，间隔较长			60		[760394]			
101021101	迅捷II	Assets/Product/Texture/Image/IconAffix/AffixIconShanxian2.png				100		[760212]			
101021102	强攻II	Assets/Product/Texture/Image/IconAffix/AffixIconShanxian2.png				100		[760132]			
101021103	闪现I	Assets/Product/Texture/Image/IconAffix/AffixIconShanxian2.png	发动瞬移接近目标，间隔较长			200		[760391]			
101021201	迅捷II	Assets/Product/Texture/Image/IconAffix/AffixIconShanxian2.png				100		[760212]			
101021202	强攻II	Assets/Product/Texture/Image/IconAffix/AffixIconShanxian2.png				100		[760132]			
101021203	闪现I	Assets/Product/Texture/Image/IconAffix/AffixIconShanxian2.png	发动瞬移接近目标，间隔较长			200		[760391]			
101022101	迅捷I	Assets/Product/Texture/Image/IconAffix/AffixIconShanxian2.png				75		[760211]			
101022102	强攻I	Assets/Product/Texture/Image/IconAffix/AffixIconShanxian2.png				75		[760131]			
101022103	转移I	Assets/Product/Texture/Image/IconAffix/AffixIconShanxian2.png	发动瞬移远离目标，间隔较长			125		[760394]			
101022201	迅捷I	Assets/Product/Texture/Image/IconAffix/AffixIconShanxian2.png				75		[760211]			
101022202	强攻I	Assets/Product/Texture/Image/IconAffix/AffixIconShanxian2.png				75		[760131]			
101022203	转移I	Assets/Product/Texture/Image/IconAffix/AffixIconShanxian2.png	发动瞬移远离目标，间隔较长			125		[760394]			
102011101	迅捷II	Assets/Product/Texture/Image/IconAffix/AffixIconShanxian2.png				50		[760212]			
102011102	抗物理I	Assets/Product/Texture/Image/IconAffix/AffixIconShanxian2.png				50		[760181]			
102011103	独狼I	Assets/Product/Texture/Image/IconAffix/AffixIconShanxian2.png				100	97391	[760321]			
102011201	迅捷II	Assets/Product/Texture/Image/IconAffix/AffixIconShanxian2.png				50		[760212]			
102011202	抗物理I	Assets/Product/Texture/Image/IconAffix/AffixIconShanxian2.png				50		[760181]			
102011203	独狼I	Assets/Product/Texture/Image/IconAffix/AffixIconShanxian2.png				100		[760321]			
102011301	迅捷II	Assets/Product/Texture/Image/IconAffix/AffixIconShanxian2.png				50		[760212]			
102011302	抗物理I	Assets/Product/Texture/Image/IconAffix/AffixIconShanxian2.png				50		[760181]			
102011303	独狼I	Assets/Product/Texture/Image/IconAffix/AffixIconShanxian2.png				100		[760321]			
102012101	贯穿I	Assets/Product/Texture/Image/IconAffix/AffixIconShanxian2.png				50		[760341]			
102012102	抗物理I	Assets/Product/Texture/Image/IconAffix/AffixIconShanxian2.png				50		[760181]			
102012103	闭环I	Assets/Product/Texture/Image/IconAffix/AffixIconShanxian2.png				100		[760301]			
102012201	贯穿I	Assets/Product/Texture/Image/IconAffix/AffixIconShanxian2.png				50		[760341]			
102012202	抗物理I	Assets/Product/Texture/Image/IconAffix/AffixIconShanxian2.png				50		[760181]			
102012203	闭环I	Assets/Product/Texture/Image/IconAffix/AffixIconShanxian2.png				100		[760301]			
102012301	贯穿I	Assets/Product/Texture/Image/IconAffix/AffixIconShanxian2.png				50		[760341]			
102012302	抗物理I	Assets/Product/Texture/Image/IconAffix/AffixIconShanxian2.png				50		[760181]			
102012303	闭环I	Assets/Product/Texture/Image/IconAffix/AffixIconShanxian2.png				100		[760301]			
102013101	贯穿I	Assets/Product/Texture/Image/IconAffix/AffixIconShanxian2.png				50		[760341]			
102013102	抗物理I	Assets/Product/Texture/Image/IconAffix/AffixIconShanxian2.png				50		[760181]			
102013103	闭环I	Assets/Product/Texture/Image/IconAffix/AffixIconShanxian2.png				100		[760301]			
102013201	贯穿I	Assets/Product/Texture/Image/IconAffix/AffixIconShanxian2.png				50		[760341]			
102013202	抗物理I	Assets/Product/Texture/Image/IconAffix/AffixIconShanxian2.png				50		[760181]			
102013203	闭环I	Assets/Product/Texture/Image/IconAffix/AffixIconShanxian2.png				100		[760301]			
102021101	迅捷II	Assets/Product/Texture/Image/IconAffix/AffixIconShanxian2.png				75		[760212]			
102021102	免伤I	Assets/Product/Texture/Image/IconAffix/AffixIconShanxian2.png				75		[760201]			
102021103	独狼I	Assets/Product/Texture/Image/IconAffix/AffixIconShanxian2.png				125		[760321]			
102021201	迅捷II	Assets/Product/Texture/Image/IconAffix/AffixIconShanxian2.png				75		[760212]			
102021202	免伤I	Assets/Product/Texture/Image/IconAffix/AffixIconShanxian2.png				75		[760201]			
102021203	独狼I	Assets/Product/Texture/Image/IconAffix/AffixIconShanxian2.png				125		[760321]			
102022101	免伤I	Assets/Product/Texture/Image/IconAffix/AffixIconShanxian2.png				75		[760201]			
102022102	独狼I	Assets/Product/Texture/Image/IconAffix/AffixIconShanxian2.png				75		[760321]			
102022103	暴走I	Assets/Product/Texture/Image/IconAffix/AffixIconShanxian2.png				100		[760251]			
102022201	免伤I	Assets/Product/Texture/Image/IconAffix/AffixIconShanxian2.png				75		[760201]			
102022202	独狼I	Assets/Product/Texture/Image/IconAffix/AffixIconShanxian2.png				75		[760321]			
102022203	暴走I	Assets/Product/Texture/Image/IconAffix/AffixIconShanxian2.png				100		[760251]			
102023101	免伤I	Assets/Product/Texture/Image/IconAffix/AffixIconShanxian2.png				75		[760201]			
102023102	独狼I	Assets/Product/Texture/Image/IconAffix/AffixIconShanxian2.png				75		[760321]			
102023103	暴走I	Assets/Product/Texture/Image/IconAffix/AffixIconShanxian2.png				100		[760251]			
102023201	免伤I	Assets/Product/Texture/Image/IconAffix/AffixIconShanxian2.png				75		[760201]			
102023202	独狼I	Assets/Product/Texture/Image/IconAffix/AffixIconShanxian2.png				75		[760321]			
102023203	暴走I	Assets/Product/Texture/Image/IconAffix/AffixIconShanxian2.png				100		[760251]			
103011101	入侵I	Assets/Product/Texture/Image/IconAffix/AffixIconShanxian2.png	攻击附加少量持续伤害，伤害可触发其他伤害类型词缀			50		[760670]			
103011102	薪火	Assets/Product/Texture/Image/IconAffix/AffixIconShanxian2.png				50		[772593]			
103011103	闪现II	Assets/Product/Texture/Image/IconAffix/AffixIconShanxian2.png	发动瞬移接近目标，间隔一般			100	97392	[760392]			
103011201	入侵I	Assets/Product/Texture/Image/IconAffix/AffixIconShanxian2.png	攻击附加少量持续伤害，伤害可触发其他伤害类型词缀			50		[760670]			
103011202	薪火	Assets/Product/Texture/Image/IconAffix/AffixIconShanxian2.png				50		[772593]			
103011203	闪现II	Assets/Product/Texture/Image/IconAffix/AffixIconShanxian2.png	发动瞬移接近目标，间隔一般			100		[760392]			
103011301	入侵I	Assets/Product/Texture/Image/IconAffix/AffixIconShanxian2.png	攻击附加少量持续伤害，伤害可触发其他伤害类型词缀			50		[760670]			
103011302	薪火	Assets/Product/Texture/Image/IconAffix/AffixIconShanxian2.png				50		[772593]			
103011303	闪现II	Assets/Product/Texture/Image/IconAffix/AffixIconShanxian2.png	发动瞬移接近目标，间隔一般			100		[760392]			
103012101	入侵I	Assets/Product/Texture/Image/IconAffix/AffixIconShanxian2.png	攻击附加少量持续伤害，伤害可触发其他伤害类型词缀			50		[760670]			
103012102	薪火	Assets/Product/Texture/Image/IconAffix/AffixIconShanxian2.png				50		[772593]			
103012103	闪现II	Assets/Product/Texture/Image/IconAffix/AffixIconShanxian2.png	发动瞬移接近目标，间隔一般			100		[760392]			
103012201	入侵I	Assets/Product/Texture/Image/IconAffix/AffixIconShanxian2.png	攻击附加少量持续伤害，伤害可触发其他伤害类型词缀			50		[760670]			
103012202	薪火	Assets/Product/Texture/Image/IconAffix/AffixIconShanxian2.png				50		[772593]			
103012203	闪现II	Assets/Product/Texture/Image/IconAffix/AffixIconShanxian2.png	发动瞬移接近目标，间隔一般			100		[760392]			
103012301	入侵I	Assets/Product/Texture/Image/IconAffix/AffixIconShanxian2.png	攻击附加少量持续伤害，伤害可触发其他伤害类型词缀			50		[760670]			
103012302	薪火	Assets/Product/Texture/Image/IconAffix/AffixIconShanxian2.png				50		[772593]			
103012303	闪现II	Assets/Product/Texture/Image/IconAffix/AffixIconShanxian2.png	发动瞬移接近目标，间隔一般			100		[760392]			
103013101	入侵I	Assets/Product/Texture/Image/IconAffix/AffixIconShanxian2.png	攻击附加少量持续伤害，伤害可触发其他伤害类型词缀			50		[760670]			
103013102	冻结I	Assets/Product/Texture/Image/IconAffix/AffixIconShanxian2.png	攻击附带冰属性伤害和减速效果，小概率冻结目标			50		[760451]			
103013103	闪现II	Assets/Product/Texture/Image/IconAffix/AffixIconShanxian2.png	发动瞬移接近目标，间隔一般			100		[760392]			
103013201	入侵I	Assets/Product/Texture/Image/IconAffix/AffixIconShanxian2.png	攻击附加少量持续伤害，伤害可触发其他伤害类型词缀			50		[760670]			
103013202	冻结I	Assets/Product/Texture/Image/IconAffix/AffixIconShanxian2.png	攻击附带冰属性伤害和减速效果，小概率冻结目标			50		[760451]			
103013203	闪现II	Assets/Product/Texture/Image/IconAffix/AffixIconShanxian2.png	发动瞬移接近目标，间隔一般			100		[760392]			
103013301	入侵I	Assets/Product/Texture/Image/IconAffix/AffixIconShanxian2.png	攻击附加少量持续伤害，伤害可触发其他伤害类型词缀			50		[760670]			
103013302	冻结I	Assets/Product/Texture/Image/IconAffix/AffixIconShanxian2.png	攻击附带冰属性伤害和减速效果，小概率冻结目标			50		[760451]			
103013303	闪现II	Assets/Product/Texture/Image/IconAffix/AffixIconShanxian2.png	发动瞬移接近目标，间隔一般			100		[760392]			
103021101	入侵I	Assets/Product/Texture/Image/IconAffix/AffixIconShanxian2.png	攻击附加少量持续伤害，伤害可触发其他伤害类型词缀			75		[760670]			
103021102	薪火	Assets/Product/Texture/Image/IconAffix/AffixIconShanxian2.png				75		[772593]			
103021103	闪现II	Assets/Product/Texture/Image/IconAffix/AffixIconShanxian2.png	发动瞬移接近目标，间隔一般			125		[760392]			
103021201	入侵I	Assets/Product/Texture/Image/IconAffix/AffixIconShanxian2.png	攻击附加少量持续伤害，伤害可触发其他伤害类型词缀			75		[760670]			
103021202	薪火	Assets/Product/Texture/Image/IconAffix/AffixIconShanxian2.png				75		[772593]			
103021203	闪现II	Assets/Product/Texture/Image/IconAffix/AffixIconShanxian2.png	发动瞬移接近目标，间隔一般			125		[760392]			
103021301	入侵I	Assets/Product/Texture/Image/IconAffix/AffixIconShanxian2.png	攻击附加少量持续伤害，伤害可触发其他伤害类型词缀			75		[760670]			
103021302	冻结I	Assets/Product/Texture/Image/IconAffix/AffixIconShanxian2.png	攻击附带冰属性伤害和减速效果，小概率冻结目标			75		[760451]			
103021303	转移II	Assets/Product/Texture/Image/IconAffix/AffixIconShanxian2.png	发动瞬移远离目标，间隔一般			125		[760395]			
103022101	入侵I	Assets/Product/Texture/Image/IconAffix/AffixIconShanxian2.png	攻击附加少量持续伤害，伤害可触发其他伤害类型词缀			75		[760670]			
103022102	薪火	Assets/Product/Texture/Image/IconAffix/AffixIconShanxian2.png				75		[772593]			
103022103	闪现II	Assets/Product/Texture/Image/IconAffix/AffixIconShanxian2.png	发动瞬移接近目标，间隔一般			125		[760392]			
103022201	入侵I	Assets/Product/Texture/Image/IconAffix/AffixIconShanxian2.png	攻击附加少量持续伤害，伤害可触发其他伤害类型词缀			75		[760670]			
103022202	薪火	Assets/Product/Texture/Image/IconAffix/AffixIconShanxian2.png				75		[772593]			
103022203	闪现II	Assets/Product/Texture/Image/IconAffix/AffixIconShanxian2.png	发动瞬移接近目标，间隔一般			125		[760392]			
103022301	入侵I	Assets/Product/Texture/Image/IconAffix/AffixIconShanxian2.png	攻击附加少量持续伤害，伤害可触发其他伤害类型词缀			75		[760670]			
103022302	冻结I	Assets/Product/Texture/Image/IconAffix/AffixIconShanxian2.png	攻击附带冰属性伤害和减速效果，小概率冻结目标			75		[760451]			
103022303	转移II	Assets/Product/Texture/Image/IconAffix/AffixIconShanxian2.png	发动瞬移远离目标，间隔一般			125		[760395]			
103023101	入侵I	Assets/Product/Texture/Image/IconAffix/AffixIconShanxian2.png	攻击附加少量持续伤害，伤害可触发其他伤害类型词缀			150		[760670]			
103023102	冻结I	Assets/Product/Texture/Image/IconAffix/AffixIconShanxian2.png	攻击附带冰属性伤害和减速效果，小概率冻结目标			150		[760451]			
103023103	闪现II	Assets/Product/Texture/Image/IconAffix/AffixIconShanxian2.png	发动瞬移接近目标，间隔一般			200		[760392]			
103023201	入侵I	Assets/Product/Texture/Image/IconAffix/AffixIconShanxian2.png	攻击附加少量持续伤害，伤害可触发其他伤害类型词缀			150		[760670]			
103023202	冻结I	Assets/Product/Texture/Image/IconAffix/AffixIconShanxian2.png	攻击附带冰属性伤害和减速效果，小概率冻结目标			150		[760451]			
103023203	闪现II	Assets/Product/Texture/Image/IconAffix/AffixIconShanxian2.png	发动瞬移接近目标，间隔一般			200		[760392]			
103023301	统领I	Assets/Product/Texture/Image/IconAffix/AffixIconShanxian2.png				150		[760331]			
103023302	护盾I	Assets/Product/Texture/Image/IconAffix/AffixIconShanxian2.png				150		[760241]			
103023303	暴走I	Assets/Product/Texture/Image/IconAffix/AffixIconShanxian2.png				200		[760251]			
104011101	火焰I	Assets/Product/Texture/Image/IconAffix/AffixIconShanxian2.png	攻击附带火伤，小概率点燃目标，造成持续伤害			50		[760431]			
104011102	闭环II	Assets/Product/Texture/Image/IconAffix/AffixIconShanxian2.png				50		[760302]			
104011103	电盾I	Assets/Product/Texture/Image/IconAffix/AffixIconShanxian2.png	受击时，小概率朝攻击者所处位置召雷			75	97393	[760351]			
104011201	火焰I	Assets/Product/Texture/Image/IconAffix/AffixIconShanxian2.png	攻击附带火伤，小概率点燃目标，造成持续伤害			50		[760431]			
104011202	闭环II	Assets/Product/Texture/Image/IconAffix/AffixIconShanxian2.png				50		[760302]			
104011203	电盾I	Assets/Product/Texture/Image/IconAffix/AffixIconShanxian2.png	受击时，小概率朝攻击者所处位置召雷			75		[760351]			
104011301	火焰I	Assets/Product/Texture/Image/IconAffix/AffixIconShanxian2.png	攻击附带火伤，小概率点燃目标，造成持续伤害			50		[760431]			
104011302	闭环II	Assets/Product/Texture/Image/IconAffix/AffixIconShanxian2.png				50		[760302]			
104011303	电盾I	Assets/Product/Texture/Image/IconAffix/AffixIconShanxian2.png	受击时，小概率朝攻击者所处位置召雷			75		[760351]			
104012101	火焰I	Assets/Product/Texture/Image/IconAffix/AffixIconShanxian2.png	攻击附带火伤，小概率点燃目标，造成持续伤害			50		[760431]			
104012102	闭环II	Assets/Product/Texture/Image/IconAffix/AffixIconShanxian2.png				50		[760302]			
104012103	电盾I	Assets/Product/Texture/Image/IconAffix/AffixIconShanxian2.png	受击时，小概率朝攻击者所处位置召雷			75		[760351]			
104012201	火焰I	Assets/Product/Texture/Image/IconAffix/AffixIconShanxian2.png	攻击附带火伤，小概率点燃目标，造成持续伤害			50		[760431]			
104012202	闭环II	Assets/Product/Texture/Image/IconAffix/AffixIconShanxian2.png				50		[760302]			
104012203	电盾I	Assets/Product/Texture/Image/IconAffix/AffixIconShanxian2.png	受击时，小概率朝攻击者所处位置召雷			75		[760351]			
104012301	火焰I	Assets/Product/Texture/Image/IconAffix/AffixIconShanxian2.png	攻击附带火伤，小概率点燃目标，造成持续伤害			50		[760431]			
104012302	闭环II	Assets/Product/Texture/Image/IconAffix/AffixIconShanxian2.png				50		[760302]			
104012303	电盾I	Assets/Product/Texture/Image/IconAffix/AffixIconShanxian2.png	受击时，小概率朝攻击者所处位置召雷			75		[760351]			
104013101	火焰I	Assets/Product/Texture/Image/IconAffix/AffixIconShanxian2.png	攻击附带火伤，小概率点燃目标，造成持续伤害			50		[760431]			
104013102	入侵I	Assets/Product/Texture/Image/IconAffix/AffixIconShanxian2.png	攻击附加少量持续伤害，伤害可触发其他伤害类型词缀			50		[760670]			
104013103	祝福I	Assets/Product/Texture/Image/IconAffix/AffixIconShanxian2.png				75		[760311]			
104013201	火焰I	Assets/Product/Texture/Image/IconAffix/AffixIconShanxian2.png	攻击附带火伤，小概率点燃目标，造成持续伤害			50		[760431]			
104013202	入侵I	Assets/Product/Texture/Image/IconAffix/AffixIconShanxian2.png	攻击附加少量持续伤害，伤害可触发其他伤害类型词缀			50		[760670]			
104013203	祝福I	Assets/Product/Texture/Image/IconAffix/AffixIconShanxian2.png				75		[760311]			
104014101	火焰I	Assets/Product/Texture/Image/IconAffix/AffixIconShanxian2.png	攻击附带火伤，小概率点燃目标，造成持续伤害			50		[760431]			
104014102	入侵I	Assets/Product/Texture/Image/IconAffix/AffixIconShanxian2.png	攻击附加少量持续伤害，伤害可触发其他伤害类型词缀			50		[760670]			
104014103	祝福I	Assets/Product/Texture/Image/IconAffix/AffixIconShanxian2.png				75		[760311]			
104014201	火焰I	Assets/Product/Texture/Image/IconAffix/AffixIconShanxian2.png	攻击附带火伤，小概率点燃目标，造成持续伤害			50		[760431]			
104014202	入侵I	Assets/Product/Texture/Image/IconAffix/AffixIconShanxian2.png	攻击附加少量持续伤害，伤害可触发其他伤害类型词缀			50		[760670]			
104014203	祝福I	Assets/Product/Texture/Image/IconAffix/AffixIconShanxian2.png				75		[760311]			
104021101	炸弹I	Assets/Product/Texture/Image/IconAffix/AffixIconShanxian2.png				75		[760261]			
104021102	劣化I	Assets/Product/Texture/Image/IconAffix/AffixIconShanxian2.png				75		[760630]			
104021103	祝福I	Assets/Product/Texture/Image/IconAffix/AffixIconShanxian2.png				125		[760311]			
104021201	炸弹I	Assets/Product/Texture/Image/IconAffix/AffixIconShanxian2.png				75		[760261]			
104021202	劣化I	Assets/Product/Texture/Image/IconAffix/AffixIconShanxian2.png				75		[760630]			
104021203	祝福I	Assets/Product/Texture/Image/IconAffix/AffixIconShanxian2.png				125		[760311]			
104022101	炸弹I	Assets/Product/Texture/Image/IconAffix/AffixIconShanxian2.png				75		[760261]			
104022102	劣化I	Assets/Product/Texture/Image/IconAffix/AffixIconShanxian2.png				75		[760630]			
104022103	祝福I	Assets/Product/Texture/Image/IconAffix/AffixIconShanxian2.png				125		[760311]			
104022201	炸弹I	Assets/Product/Texture/Image/IconAffix/AffixIconShanxian2.png				75		[760261]			
104022202	劣化I	Assets/Product/Texture/Image/IconAffix/AffixIconShanxian2.png				75		[760630]			
104022203	祝福I	Assets/Product/Texture/Image/IconAffix/AffixIconShanxian2.png				125		[760311]			
104023101	迅捷II	Assets/Product/Texture/Image/IconAffix/AffixIconShanxian2.png				100		[760212]			
104023102	统领II	Assets/Product/Texture/Image/IconAffix/AffixIconShanxian2.png				100		[760332]			
104023103	不动	Assets/Product/Texture/Image/IconAffix/AffixIconShanxian2.png				200		[760221]			
104023201	迅捷II	Assets/Product/Texture/Image/IconAffix/AffixIconShanxian2.png				100		[760212]			
104023202	统领II	Assets/Product/Texture/Image/IconAffix/AffixIconShanxian2.png				100		[760332]			
104023203	不动	Assets/Product/Texture/Image/IconAffix/AffixIconShanxian2.png				200		[760221]			
105011101	抗红	Assets/Product/Texture/Image/IconAffix/AffixIconShanxian2.png				40		[778052]			
105011102	暴走I	Assets/Product/Texture/Image/IconAffix/AffixIconShanxian2.png				40		[760251]			
105011103	炎盾	Assets/Product/Texture/Image/IconAffix/AffixIconShanxian2.png	生成环绕炎球，被触碰时对敌方造成伤害并恢复自身血量			60	97394	[712005]			
105011201	抗红	Assets/Product/Texture/Image/IconAffix/AffixIconShanxian2.png				40		[778052]			
105011202	暴走I	Assets/Product/Texture/Image/IconAffix/AffixIconShanxian2.png				40		[760251]			
105011203	炎盾	Assets/Product/Texture/Image/IconAffix/AffixIconShanxian2.png	生成环绕炎球，被触碰时对敌方造成伤害并恢复自身血量			60		[712005]			
105011301	抗红	Assets/Product/Texture/Image/IconAffix/AffixIconShanxian2.png				40		[778052]			
105011302	暴走I	Assets/Product/Texture/Image/IconAffix/AffixIconShanxian2.png				40		[760251]			
105011303	炎盾	Assets/Product/Texture/Image/IconAffix/AffixIconShanxian2.png	生成环绕炎球，被触碰时对敌方造成伤害并恢复自身血量			60		[712005]			
105012101	抗蓝	Assets/Product/Texture/Image/IconAffix/AffixIconShanxian2.png				40		[778053]			
105012102	暴走I	Assets/Product/Texture/Image/IconAffix/AffixIconShanxian2.png				40		[760251]			
105012103	炎盾	Assets/Product/Texture/Image/IconAffix/AffixIconShanxian2.png	生成环绕炎球，被触碰时对敌方造成伤害并恢复自身血量			60		[712005]			
105012201	抗蓝	Assets/Product/Texture/Image/IconAffix/AffixIconShanxian2.png				40		[778053]			
105012202	暴走I	Assets/Product/Texture/Image/IconAffix/AffixIconShanxian2.png				40		[760251]			
105012203	炎盾	Assets/Product/Texture/Image/IconAffix/AffixIconShanxian2.png	生成环绕炎球，被触碰时对敌方造成伤害并恢复自身血量			60		[712005]			
105012301	抗蓝	Assets/Product/Texture/Image/IconAffix/AffixIconShanxian2.png				40		[778053]			
105012302	暴走I	Assets/Product/Texture/Image/IconAffix/AffixIconShanxian2.png				40		[760251]			
105012303	炎盾	Assets/Product/Texture/Image/IconAffix/AffixIconShanxian2.png	生成环绕炎球，被触碰时对敌方造成伤害并恢复自身血量			60		[712005]			
105013101	抗黄	Assets/Product/Texture/Image/IconAffix/AffixIconShanxian2.png				40		[778054]			
105013102	隐身I	Assets/Product/Texture/Image/IconAffix/AffixIconShanxian2.png	每隔一段时间会进入隐身状态			40		[760381]			
105013103	霜盾	Assets/Product/Texture/Image/IconAffix/AffixIconShanxian2.png	受到伤害降低，受到普通攻击时降低攻击者移速			60		[712004]			
105013201	抗黄	Assets/Product/Texture/Image/IconAffix/AffixIconShanxian2.png				40		[778054]			
105013202	隐身I	Assets/Product/Texture/Image/IconAffix/AffixIconShanxian2.png	每隔一段时间会进入隐身状态			40		[760381]			
105013203	霜盾	Assets/Product/Texture/Image/IconAffix/AffixIconShanxian2.png	受到伤害降低，受到普通攻击时降低攻击者移速			60		[712004]			
105014101	抗黄	Assets/Product/Texture/Image/IconAffix/AffixIconShanxian2.png				40		[778054]			
105014102	隐身I	Assets/Product/Texture/Image/IconAffix/AffixIconShanxian2.png	每隔一段时间会进入隐身状态			40		[760381]			
105014103	霜盾	Assets/Product/Texture/Image/IconAffix/AffixIconShanxian2.png	受到伤害降低，受到普通攻击时降低攻击者移速			60		[712004]			
105014201	抗黄	Assets/Product/Texture/Image/IconAffix/AffixIconShanxian2.png				40		[778054]			
105014202	隐身I	Assets/Product/Texture/Image/IconAffix/AffixIconShanxian2.png	每隔一段时间会进入隐身状态			40		[760381]			
105014203	霜盾	Assets/Product/Texture/Image/IconAffix/AffixIconShanxian2.png	受到伤害降低，受到普通攻击时降低攻击者移速			60		[712004]			
105021101	抗红	Assets/Product/Texture/Image/IconAffix/AffixIconShanxian2.png				75		[778052]			
105021102	隐身I	Assets/Product/Texture/Image/IconAffix/AffixIconShanxian2.png	每隔一段时间会进入隐身状态			75		[760381]			
105021103	霜盾	Assets/Product/Texture/Image/IconAffix/AffixIconShanxian2.png	受到伤害降低，受到普通攻击时降低攻击者移速			125		[712004]			
105021201	抗红	Assets/Product/Texture/Image/IconAffix/AffixIconShanxian2.png				75		[778052]			
105021202	隐身I	Assets/Product/Texture/Image/IconAffix/AffixIconShanxian2.png	每隔一段时间会进入隐身状态			75		[760381]			
105021203	霜盾	Assets/Product/Texture/Image/IconAffix/AffixIconShanxian2.png	受到伤害降低，受到普通攻击时降低攻击者移速			125		[712004]			
105021301	抗红	Assets/Product/Texture/Image/IconAffix/AffixIconShanxian2.png				75		[778052]			
105021302	隐身I	Assets/Product/Texture/Image/IconAffix/AffixIconShanxian2.png	每隔一段时间会进入隐身状态			75		[760381]			
105021303	霜盾	Assets/Product/Texture/Image/IconAffix/AffixIconShanxian2.png	受到伤害降低，受到普通攻击时降低攻击者移速			125		[712004]			
105022101	抗蓝	Assets/Product/Texture/Image/IconAffix/AffixIconShanxian2.png				75		[778053]			
105022102	暴走I	Assets/Product/Texture/Image/IconAffix/AffixIconShanxian2.png				75		[760251]			
105022103	炎盾	Assets/Product/Texture/Image/IconAffix/AffixIconShanxian2.png	生成环绕炎球，被触碰时对敌方造成伤害并恢复自身血量			125		[712005]			
105022201	抗蓝	Assets/Product/Texture/Image/IconAffix/AffixIconShanxian2.png				75		[778053]			
105022202	暴走I	Assets/Product/Texture/Image/IconAffix/AffixIconShanxian2.png				75		[760251]			
105022203	炎盾	Assets/Product/Texture/Image/IconAffix/AffixIconShanxian2.png	生成环绕炎球，被触碰时对敌方造成伤害并恢复自身血量			125		[712005]			
105023101	抗黄	Assets/Product/Texture/Image/IconAffix/AffixIconShanxian2.png				75		[778054]			
105023102	暴走I	Assets/Product/Texture/Image/IconAffix/AffixIconShanxian2.png				75		[760251]			
105023103	炎盾	Assets/Product/Texture/Image/IconAffix/AffixIconShanxian2.png	生成环绕炎球，被触碰时对敌方造成伤害并恢复自身血量			125		[712005]			
105023201	抗黄	Assets/Product/Texture/Image/IconAffix/AffixIconShanxian2.png				75		[778054]			
105023202	暴走I	Assets/Product/Texture/Image/IconAffix/AffixIconShanxian2.png				75		[760251]			
105023203	炎盾	Assets/Product/Texture/Image/IconAffix/AffixIconShanxian2.png	生成环绕炎球，被触碰时对敌方造成伤害并恢复自身血量			125		[712005]			
105031101	祝福II	Assets/Product/Texture/Image/IconAffix/AffixIconShanxian2.png				75		[760312]			
105031102	隐身I	Assets/Product/Texture/Image/IconAffix/AffixIconShanxian2.png	每隔一段时间会进入隐身状态			75		[760381]			
105031103	庇护	Assets/Product/Texture/Image/IconAffix/AffixIconShanxian2.png	每过一段时间给自身和周边友方单位添加护盾			125		[772595]			
105031201	祝福II	Assets/Product/Texture/Image/IconAffix/AffixIconShanxian2.png				75		[760312]			
105031202	隐身I	Assets/Product/Texture/Image/IconAffix/AffixIconShanxian2.png	每隔一段时间会进入隐身状态			75		[760381]			
105031203	庇护	Assets/Product/Texture/Image/IconAffix/AffixIconShanxian2.png	每过一段时间给自身和周边友方单位添加护盾			125		[772595]			
105032101	抗红	Assets/Product/Texture/Image/IconAffix/AffixIconShanxian2.png				150		[778052]			
105032102	抗蓝	Assets/Product/Texture/Image/IconAffix/AffixIconShanxian2.png				150		[778053]			
105032103	抗黄	Assets/Product/Texture/Image/IconAffix/AffixIconShanxian2.png				150		[778054]			
105032201	抗红	Assets/Product/Texture/Image/IconAffix/AffixIconShanxian2.png				150		[778052]			
105032202	抗蓝	Assets/Product/Texture/Image/IconAffix/AffixIconShanxian2.png				150		[778053]			
105032203	抗黄	Assets/Product/Texture/Image/IconAffix/AffixIconShanxian2.png				150		[778054]			
106011101	迅捷III	Assets/Product/Texture/Image/IconAffix/AffixIconShanxian2.png				40		[760213]			
106011102	祝福II	Assets/Product/Texture/Image/IconAffix/AffixIconShanxian2.png				60		[760312]			
106011103	射线I	Assets/Product/Texture/Image/IconAffix/AffixIconShanxian2.png				60		[760421]			
106011104	护盾II	Assets/Product/Texture/Image/IconAffix/AffixIconShanxian2.png				80	97395	[760242]			
106011201	迅捷III	Assets/Product/Texture/Image/IconAffix/AffixIconShanxian2.png				40		[760213]			
106011202	祝福II	Assets/Product/Texture/Image/IconAffix/AffixIconShanxian2.png				60		[760312]			
106011203	射线I	Assets/Product/Texture/Image/IconAffix/AffixIconShanxian2.png				60		[760421]			
106011204	护盾II	Assets/Product/Texture/Image/IconAffix/AffixIconShanxian2.png				80		[760242]			
106011301	迅捷III	Assets/Product/Texture/Image/IconAffix/AffixIconShanxian2.png				40		[760213]			
106011302	祝福II	Assets/Product/Texture/Image/IconAffix/AffixIconShanxian2.png				60		[760312]			
106011303	射线I	Assets/Product/Texture/Image/IconAffix/AffixIconShanxian2.png				60		[760421]			
106011304	护盾II	Assets/Product/Texture/Image/IconAffix/AffixIconShanxian2.png				80		[760242]			
106012101	迅捷III	Assets/Product/Texture/Image/IconAffix/AffixIconShanxian2.png				40		[760213]			
106012102	祝福II	Assets/Product/Texture/Image/IconAffix/AffixIconShanxian2.png				60		[760312]			
106012103	射线I	Assets/Product/Texture/Image/IconAffix/AffixIconShanxian2.png				60		[760421]			
106012104	护盾II	Assets/Product/Texture/Image/IconAffix/AffixIconShanxian2.png				80		[760242]			
106012201	迅捷III	Assets/Product/Texture/Image/IconAffix/AffixIconShanxian2.png				40		[760213]			
106012202	祝福II	Assets/Product/Texture/Image/IconAffix/AffixIconShanxian2.png				60		[760312]			
106012203	射线I	Assets/Product/Texture/Image/IconAffix/AffixIconShanxian2.png				60		[760421]			
106012204	护盾II	Assets/Product/Texture/Image/IconAffix/AffixIconShanxian2.png				80		[760242]			
106012301	迅捷III	Assets/Product/Texture/Image/IconAffix/AffixIconShanxian2.png				40		[760213]			
106012302	祝福II	Assets/Product/Texture/Image/IconAffix/AffixIconShanxian2.png				60		[760312]			
106012303	射线I	Assets/Product/Texture/Image/IconAffix/AffixIconShanxian2.png				60		[760421]			
106012304	护盾II	Assets/Product/Texture/Image/IconAffix/AffixIconShanxian2.png				80		[760242]			
106013101	迅捷III	Assets/Product/Texture/Image/IconAffix/AffixIconShanxian2.png				40		[760213]			
106013102	雷鸣II	Assets/Product/Texture/Image/IconAffix/AffixIconShanxian2.png	攻击附带雷伤，小概率造成引雷效果			60		[760492]			
106013103	黑洞I	Assets/Product/Texture/Image/IconAffix/AffixIconShanxian2.png				60		[760411]			
106013104	壁垒II	Assets/Product/Texture/Image/IconAffix/AffixIconShanxian2.png	基于生命值获得少量护盾，护盾存在期间免疫受击			80		[760282]			
106013201	迅捷III	Assets/Product/Texture/Image/IconAffix/AffixIconShanxian2.png				40		[760213]			
106013202	雷鸣II	Assets/Product/Texture/Image/IconAffix/AffixIconShanxian2.png	攻击附带雷伤，小概率造成引雷效果			60		[760492]			
106013203	黑洞I	Assets/Product/Texture/Image/IconAffix/AffixIconShanxian2.png				60		[760411]			
106013204	壁垒II	Assets/Product/Texture/Image/IconAffix/AffixIconShanxian2.png	基于生命值获得少量护盾，护盾存在期间免疫受击			80		[760282]			
106013301	迅捷III	Assets/Product/Texture/Image/IconAffix/AffixIconShanxian2.png				40		[760213]			
106013302	雷鸣II	Assets/Product/Texture/Image/IconAffix/AffixIconShanxian2.png	攻击附带雷伤，小概率造成引雷效果			60		[760492]			
106013303	黑洞I	Assets/Product/Texture/Image/IconAffix/AffixIconShanxian2.png				60		[760411]			
106013304	壁垒II	Assets/Product/Texture/Image/IconAffix/AffixIconShanxian2.png	基于生命值获得少量护盾，护盾存在期间免疫受击			80		[760282]			
106021101	迅捷III	Assets/Product/Texture/Image/IconAffix/AffixIconShanxian2.png				40		[760213]			
106021102	祝福II	Assets/Product/Texture/Image/IconAffix/AffixIconShanxian2.png				60		[760312]			
106021103	射线I	Assets/Product/Texture/Image/IconAffix/AffixIconShanxian2.png				60		[760421]			
106021104	护盾II	Assets/Product/Texture/Image/IconAffix/AffixIconShanxian2.png				80		[760242]			
106021201	迅捷III	Assets/Product/Texture/Image/IconAffix/AffixIconShanxian2.png				40		[760213]			
106021202	祝福II	Assets/Product/Texture/Image/IconAffix/AffixIconShanxian2.png				60		[760312]			
106021203	射线I	Assets/Product/Texture/Image/IconAffix/AffixIconShanxian2.png				60		[760421]			
106021204	护盾II	Assets/Product/Texture/Image/IconAffix/AffixIconShanxian2.png				80		[760242]			
106021301	迅捷III	Assets/Product/Texture/Image/IconAffix/AffixIconShanxian2.png				40		[760213]			
106021302	祝福II	Assets/Product/Texture/Image/IconAffix/AffixIconShanxian2.png				60		[760312]			
106021303	射线I	Assets/Product/Texture/Image/IconAffix/AffixIconShanxian2.png				60		[760421]			
106021304	护盾II	Assets/Product/Texture/Image/IconAffix/AffixIconShanxian2.png				80		[760242]			
106022101	迅捷III	Assets/Product/Texture/Image/IconAffix/AffixIconShanxian2.png				40		[760213]			
106022102	祝福II	Assets/Product/Texture/Image/IconAffix/AffixIconShanxian2.png				60		[760312]			
106022103	射线I	Assets/Product/Texture/Image/IconAffix/AffixIconShanxian2.png				60		[760421]			
106022104	护盾II	Assets/Product/Texture/Image/IconAffix/AffixIconShanxian2.png				80		[760242]			
106022201	迅捷III	Assets/Product/Texture/Image/IconAffix/AffixIconShanxian2.png				40		[760213]			
106022202	祝福II	Assets/Product/Texture/Image/IconAffix/AffixIconShanxian2.png				60		[760312]			
106022203	射线I	Assets/Product/Texture/Image/IconAffix/AffixIconShanxian2.png				60		[760421]			
106022204	护盾II	Assets/Product/Texture/Image/IconAffix/AffixIconShanxian2.png				80		[760242]			
106022301	迅捷III	Assets/Product/Texture/Image/IconAffix/AffixIconShanxian2.png				40		[760213]			
106022302	祝福II	Assets/Product/Texture/Image/IconAffix/AffixIconShanxian2.png				60		[760312]			
106022303	射线I	Assets/Product/Texture/Image/IconAffix/AffixIconShanxian2.png				60		[760421]			
106022304	护盾II	Assets/Product/Texture/Image/IconAffix/AffixIconShanxian2.png				80		[760242]			
106023101	迅捷III	Assets/Product/Texture/Image/IconAffix/AffixIconShanxian2.png				50		[760213]			
106023102	雷鸣II	Assets/Product/Texture/Image/IconAffix/AffixIconShanxian2.png	攻击附带雷伤，小概率造成引雷效果			75		[760492]			
106023103	黑洞I	Assets/Product/Texture/Image/IconAffix/AffixIconShanxian2.png				75		[760411]			
106023104	壁垒II	Assets/Product/Texture/Image/IconAffix/AffixIconShanxian2.png	基于生命值获得少量护盾，护盾存在期间免疫受击			100		[760282]			
106023201	迅捷III	Assets/Product/Texture/Image/IconAffix/AffixIconShanxian2.png				50		[760213]			
106023202	雷鸣II	Assets/Product/Texture/Image/IconAffix/AffixIconShanxian2.png	攻击附带雷伤，小概率造成引雷效果			75		[760492]			
106023203	黑洞I	Assets/Product/Texture/Image/IconAffix/AffixIconShanxian2.png				75		[760411]			
106023204	壁垒II	Assets/Product/Texture/Image/IconAffix/AffixIconShanxian2.png	基于生命值获得少量护盾，护盾存在期间免疫受击			100		[760282]			
106023301	迅捷III	Assets/Product/Texture/Image/IconAffix/AffixIconShanxian2.png				50		[760213]			
106023302	雷鸣II	Assets/Product/Texture/Image/IconAffix/AffixIconShanxian2.png	攻击附带雷伤，小概率造成引雷效果			75		[760492]			
106023303	黑洞I	Assets/Product/Texture/Image/IconAffix/AffixIconShanxian2.png				75		[760411]			
106023304	壁垒II	Assets/Product/Texture/Image/IconAffix/AffixIconShanxian2.png	基于生命值获得少量护盾，护盾存在期间免疫受击			100		[760282]			
106024101	迅捷III	Assets/Product/Texture/Image/IconAffix/AffixIconShanxian2.png				50		[760213]			
106024102	雷鸣II	Assets/Product/Texture/Image/IconAffix/AffixIconShanxian2.png	攻击附带雷伤，小概率造成引雷效果			75		[760492]			
106024103	黑洞I	Assets/Product/Texture/Image/IconAffix/AffixIconShanxian2.png				75		[760411]			
106024104	壁垒II	Assets/Product/Texture/Image/IconAffix/AffixIconShanxian2.png	基于生命值获得少量护盾，护盾存在期间免疫受击			100		[760282]			
106024201	迅捷III	Assets/Product/Texture/Image/IconAffix/AffixIconShanxian2.png				50		[760213]			
106024202	雷鸣II	Assets/Product/Texture/Image/IconAffix/AffixIconShanxian2.png	攻击附带雷伤，小概率造成引雷效果			75		[760492]			
106024203	黑洞I	Assets/Product/Texture/Image/IconAffix/AffixIconShanxian2.png				75		[760411]			
106024204	壁垒II	Assets/Product/Texture/Image/IconAffix/AffixIconShanxian2.png	基于生命值获得少量护盾，护盾存在期间免疫受击			100		[760282]			
106024301	迅捷III	Assets/Product/Texture/Image/IconAffix/AffixIconShanxian2.png				50		[760213]			
106024302	雷鸣II	Assets/Product/Texture/Image/IconAffix/AffixIconShanxian2.png	攻击附带雷伤，小概率造成引雷效果			75		[760492]			
106024303	黑洞I	Assets/Product/Texture/Image/IconAffix/AffixIconShanxian2.png				75		[760411]			
106024304	壁垒II	Assets/Product/Texture/Image/IconAffix/AffixIconShanxian2.png	基于生命值获得少量护盾，护盾存在期间免疫受击			100		[760282]			
107011101	辐射I	Assets/Product/Texture/Image/IconAffix/AffixIconShanxian2.png				40		[760291]			
107011102	复苏I	Assets/Product/Texture/Image/IconAffix/AffixIconShanxian2.png				60		[760231]			
107011103	入侵II	Assets/Product/Texture/Image/IconAffix/AffixIconShanxian2.png	攻击附加持续伤害，伤害可触发其他伤害类型词缀			60		[760671]			
107011104	庇护	Assets/Product/Texture/Image/IconAffix/AffixIconShanxian2.png	每过一段时间给自身和周边友方单位添加护盾			80	97396	[772595]			
107011201	辐射I	Assets/Product/Texture/Image/IconAffix/AffixIconShanxian2.png				40		[760291]			
107011202	复苏I	Assets/Product/Texture/Image/IconAffix/AffixIconShanxian2.png				60		[760231]			
107011203	入侵II	Assets/Product/Texture/Image/IconAffix/AffixIconShanxian2.png	攻击附加持续伤害，伤害可触发其他伤害类型词缀			60		[760671]			
107011204	庇护	Assets/Product/Texture/Image/IconAffix/AffixIconShanxian2.png	每过一段时间给自身和周边友方单位添加护盾			80		[772595]			
107011301	辐射I	Assets/Product/Texture/Image/IconAffix/AffixIconShanxian2.png				40		[760291]			
107011302	复苏I	Assets/Product/Texture/Image/IconAffix/AffixIconShanxian2.png				60		[760231]			
107011303	入侵II	Assets/Product/Texture/Image/IconAffix/AffixIconShanxian2.png	攻击附加持续伤害，伤害可触发其他伤害类型词缀			60		[760671]			
107011304	庇护	Assets/Product/Texture/Image/IconAffix/AffixIconShanxian2.png	每过一段时间给自身和周边友方单位添加护盾			80		[772595]			
107012101	辐射I	Assets/Product/Texture/Image/IconAffix/AffixIconShanxian2.png				40		[760291]			
107012102	复苏I	Assets/Product/Texture/Image/IconAffix/AffixIconShanxian2.png				60		[760231]			
107012103	入侵II	Assets/Product/Texture/Image/IconAffix/AffixIconShanxian2.png	攻击附加持续伤害，伤害可触发其他伤害类型词缀			60		[760671]			
107012104	庇护	Assets/Product/Texture/Image/IconAffix/AffixIconShanxian2.png	每过一段时间给自身和周边友方单位添加护盾			80		[772595]			
107012201	辐射I	Assets/Product/Texture/Image/IconAffix/AffixIconShanxian2.png				40		[760291]			
107012202	复苏I	Assets/Product/Texture/Image/IconAffix/AffixIconShanxian2.png				60		[760231]			
107012203	入侵II	Assets/Product/Texture/Image/IconAffix/AffixIconShanxian2.png	攻击附加持续伤害，伤害可触发其他伤害类型词缀			60		[760671]			
107012204	庇护	Assets/Product/Texture/Image/IconAffix/AffixIconShanxian2.png	每过一段时间给自身和周边友方单位添加护盾			80		[772595]			
107012301	辐射I	Assets/Product/Texture/Image/IconAffix/AffixIconShanxian2.png				40		[760291]			
107012302	复苏I	Assets/Product/Texture/Image/IconAffix/AffixIconShanxian2.png				60		[760231]			
107012303	入侵II	Assets/Product/Texture/Image/IconAffix/AffixIconShanxian2.png	攻击附加持续伤害，伤害可触发其他伤害类型词缀			60		[760671]			
107012304	庇护	Assets/Product/Texture/Image/IconAffix/AffixIconShanxian2.png	每过一段时间给自身和周边友方单位添加护盾			80		[772595]			
107013101	辐射I	Assets/Product/Texture/Image/IconAffix/AffixIconShanxian2.png				40		[760291]			
107013102	复苏I	Assets/Product/Texture/Image/IconAffix/AffixIconShanxian2.png				60		[760231]			
107013103	火焰III	Assets/Product/Texture/Image/IconAffix/AffixIconShanxian2.png	攻击附带火伤，大概率点燃目标，造成持续伤害			60		[760433]			
107013104	入侵II	Assets/Product/Texture/Image/IconAffix/AffixIconShanxian2.png	攻击附加持续伤害，伤害可触发其他伤害类型词缀			80		[760671]			
107013201	辐射I	Assets/Product/Texture/Image/IconAffix/AffixIconShanxian2.png				40		[760291]			
107013202	复苏I	Assets/Product/Texture/Image/IconAffix/AffixIconShanxian2.png				60		[760231]			
107013203	火焰III	Assets/Product/Texture/Image/IconAffix/AffixIconShanxian2.png	攻击附带火伤，大概率点燃目标，造成持续伤害			60		[760433]			
107013204	入侵II	Assets/Product/Texture/Image/IconAffix/AffixIconShanxian2.png	攻击附加持续伤害，伤害可触发其他伤害类型词缀			80		[760671]			
107013301	辐射I	Assets/Product/Texture/Image/IconAffix/AffixIconShanxian2.png				40		[760291]			
107013302	复苏I	Assets/Product/Texture/Image/IconAffix/AffixIconShanxian2.png				60		[760231]			
107013303	火焰III	Assets/Product/Texture/Image/IconAffix/AffixIconShanxian2.png	攻击附带火伤，大概率点燃目标，造成持续伤害			60		[760433]			
107013304	入侵II	Assets/Product/Texture/Image/IconAffix/AffixIconShanxian2.png	攻击附加持续伤害，伤害可触发其他伤害类型词缀			80		[760671]			
107014101	辐射I	Assets/Product/Texture/Image/IconAffix/AffixIconShanxian2.png				40		[760291]			
107014102	复苏I	Assets/Product/Texture/Image/IconAffix/AffixIconShanxian2.png				60		[760231]			
107014103	火焰III	Assets/Product/Texture/Image/IconAffix/AffixIconShanxian2.png	攻击附带火伤，大概率点燃目标，造成持续伤害			60		[760433]			
107014104	入侵II	Assets/Product/Texture/Image/IconAffix/AffixIconShanxian2.png	攻击附加持续伤害，伤害可触发其他伤害类型词缀			80		[760671]			
107014201	辐射I	Assets/Product/Texture/Image/IconAffix/AffixIconShanxian2.png				40		[760291]			
107014202	复苏I	Assets/Product/Texture/Image/IconAffix/AffixIconShanxian2.png				60		[760231]			
107014203	火焰III	Assets/Product/Texture/Image/IconAffix/AffixIconShanxian2.png	攻击附带火伤，大概率点燃目标，造成持续伤害			60		[760433]			
107014204	入侵II	Assets/Product/Texture/Image/IconAffix/AffixIconShanxian2.png	攻击附加持续伤害，伤害可触发其他伤害类型词缀			80		[760671]			
107014301	辐射I	Assets/Product/Texture/Image/IconAffix/AffixIconShanxian2.png				40		[760291]			
107014302	复苏I	Assets/Product/Texture/Image/IconAffix/AffixIconShanxian2.png				60		[760231]			
107014303	火焰III	Assets/Product/Texture/Image/IconAffix/AffixIconShanxian2.png	攻击附带火伤，大概率点燃目标，造成持续伤害			60		[760433]			
107014304	入侵II	Assets/Product/Texture/Image/IconAffix/AffixIconShanxian2.png	攻击附加持续伤害，伤害可触发其他伤害类型词缀			80		[760671]			
107021101	辐射I	Assets/Product/Texture/Image/IconAffix/AffixIconShanxian2.png				50		[760291]			
107021102	复苏I	Assets/Product/Texture/Image/IconAffix/AffixIconShanxian2.png				75		[760231]			
107021103	火焰III	Assets/Product/Texture/Image/IconAffix/AffixIconShanxian2.png	攻击附带火伤，大概率点燃目标，造成持续伤害			75		[760433]			
107021104	入侵II	Assets/Product/Texture/Image/IconAffix/AffixIconShanxian2.png	攻击附加持续伤害，伤害可触发其他伤害类型词缀			150		[760671]			
107021201	辐射I	Assets/Product/Texture/Image/IconAffix/AffixIconShanxian2.png				50		[760291]			
107021202	复苏I	Assets/Product/Texture/Image/IconAffix/AffixIconShanxian2.png				75		[760231]			
107021203	火焰III	Assets/Product/Texture/Image/IconAffix/AffixIconShanxian2.png	攻击附带火伤，大概率点燃目标，造成持续伤害			75		[760433]			
107021204	入侵II	Assets/Product/Texture/Image/IconAffix/AffixIconShanxian2.png	攻击附加持续伤害，伤害可触发其他伤害类型词缀			150		[760671]			
107021301	辐射I	Assets/Product/Texture/Image/IconAffix/AffixIconShanxian2.png				50		[760291]			
107021302	复苏I	Assets/Product/Texture/Image/IconAffix/AffixIconShanxian2.png				75		[760231]			
107021303	火焰III	Assets/Product/Texture/Image/IconAffix/AffixIconShanxian2.png	攻击附带火伤，大概率点燃目标，造成持续伤害			75		[760433]			
107021304	入侵II	Assets/Product/Texture/Image/IconAffix/AffixIconShanxian2.png	攻击附加持续伤害，伤害可触发其他伤害类型词缀			150		[760671]			
107022101	辐射I	Assets/Product/Texture/Image/IconAffix/AffixIconShanxian2.png				50		[760291]			
107022102	复苏I	Assets/Product/Texture/Image/IconAffix/AffixIconShanxian2.png				75		[760231]			
107022103	火焰III	Assets/Product/Texture/Image/IconAffix/AffixIconShanxian2.png	攻击附带火伤，大概率点燃目标，造成持续伤害			75		[760433]			
107022104	入侵II	Assets/Product/Texture/Image/IconAffix/AffixIconShanxian2.png	攻击附加持续伤害，伤害可触发其他伤害类型词缀			150		[760671]			
107022201	辐射I	Assets/Product/Texture/Image/IconAffix/AffixIconShanxian2.png				50		[760291]			
107022202	复苏I	Assets/Product/Texture/Image/IconAffix/AffixIconShanxian2.png				75		[760231]			
107022203	火焰III	Assets/Product/Texture/Image/IconAffix/AffixIconShanxian2.png	攻击附带火伤，大概率点燃目标，造成持续伤害			75		[760433]			
107022204	入侵II	Assets/Product/Texture/Image/IconAffix/AffixIconShanxian2.png	攻击附加持续伤害，伤害可触发其他伤害类型词缀			150		[760671]			
107022301	辐射I	Assets/Product/Texture/Image/IconAffix/AffixIconShanxian2.png				50		[760291]			
107022302	复苏I	Assets/Product/Texture/Image/IconAffix/AffixIconShanxian2.png				75		[760231]			
107022303	火焰III	Assets/Product/Texture/Image/IconAffix/AffixIconShanxian2.png	攻击附带火伤，大概率点燃目标，造成持续伤害			75		[760433]			
107022304	入侵II	Assets/Product/Texture/Image/IconAffix/AffixIconShanxian2.png	攻击附加持续伤害，伤害可触发其他伤害类型词缀			150		[760671]			
107023101	辐射I	Assets/Product/Texture/Image/IconAffix/AffixIconShanxian2.png				50		[760291]			
107023102	复苏I	Assets/Product/Texture/Image/IconAffix/AffixIconShanxian2.png				100		[760231]			
107023103	入侵II	Assets/Product/Texture/Image/IconAffix/AffixIconShanxian2.png	攻击附加持续伤害，伤害可触发其他伤害类型词缀			100		[760671]			
107023104	冻结III	Assets/Product/Texture/Image/IconAffix/AffixIconShanxian2.png	攻击附带冰属性伤害和减速效果，大概率冻结目标			200		[760453]			
107023201	辐射I	Assets/Product/Texture/Image/IconAffix/AffixIconShanxian2.png				50		[760291]			
107023202	复苏I	Assets/Product/Texture/Image/IconAffix/AffixIconShanxian2.png				100		[760231]			
107023203	入侵II	Assets/Product/Texture/Image/IconAffix/AffixIconShanxian2.png	攻击附加持续伤害，伤害可触发其他伤害类型词缀			100		[760671]			
107023204	冻结III	Assets/Product/Texture/Image/IconAffix/AffixIconShanxian2.png	攻击附带冰属性伤害和减速效果，大概率冻结目标			200		[760453]			
107023301	辐射I	Assets/Product/Texture/Image/IconAffix/AffixIconShanxian2.png				50		[760291]			
107023302	复苏I	Assets/Product/Texture/Image/IconAffix/AffixIconShanxian2.png				100		[760231]			
107023303	入侵II	Assets/Product/Texture/Image/IconAffix/AffixIconShanxian2.png	攻击附加持续伤害，伤害可触发其他伤害类型词缀			100		[760671]			
107023304	冻结III	Assets/Product/Texture/Image/IconAffix/AffixIconShanxian2.png	攻击附带冰属性伤害和减速效果，大概率冻结目标			200		[760453]			
108011101	刚体I	Assets/Product/Texture/Image/IconAffix/AffixIconShanxian2.png				40		[760271]			
108011102	冻结III	Assets/Product/Texture/Image/IconAffix/AffixIconShanxian2.png	攻击附带冰属性伤害和减速效果，大概率冻结目标			60		[760453]			
108011103	入侵II	Assets/Product/Texture/Image/IconAffix/AffixIconShanxian2.png	攻击附加持续伤害，伤害可触发其他伤害类型词缀			60		[760671]			
108011104	暴走II	Assets/Product/Texture/Image/IconAffix/AffixIconShanxian2.png				80	97397	[760252]			
108011201	刚体I	Assets/Product/Texture/Image/IconAffix/AffixIconShanxian2.png				40		[760271]			
108011202	冻结III	Assets/Product/Texture/Image/IconAffix/AffixIconShanxian2.png	攻击附带冰属性伤害和减速效果，大概率冻结目标			60		[760453]			
108011203	入侵II	Assets/Product/Texture/Image/IconAffix/AffixIconShanxian2.png	攻击附加持续伤害，伤害可触发其他伤害类型词缀			60		[760671]			
108011204	暴走II	Assets/Product/Texture/Image/IconAffix/AffixIconShanxian2.png				80		[760252]			
108011301	刚体I	Assets/Product/Texture/Image/IconAffix/AffixIconShanxian2.png				40		[760271]			
108011302	冻结III	Assets/Product/Texture/Image/IconAffix/AffixIconShanxian2.png	攻击附带冰属性伤害和减速效果，大概率冻结目标			60		[760453]			
108011303	入侵II	Assets/Product/Texture/Image/IconAffix/AffixIconShanxian2.png	攻击附加持续伤害，伤害可触发其他伤害类型词缀			60		[760671]			
108011304	暴走II	Assets/Product/Texture/Image/IconAffix/AffixIconShanxian2.png				80		[760252]			
108012101	刚体I	Assets/Product/Texture/Image/IconAffix/AffixIconShanxian2.png				40		[760271]			
108012102	冻结III	Assets/Product/Texture/Image/IconAffix/AffixIconShanxian2.png	攻击附带冰属性伤害和减速效果，大概率冻结目标			60		[760453]			
108012103	入侵II	Assets/Product/Texture/Image/IconAffix/AffixIconShanxian2.png	攻击附加持续伤害，伤害可触发其他伤害类型词缀			60		[760671]			
108012104	暴走II	Assets/Product/Texture/Image/IconAffix/AffixIconShanxian2.png				80		[760252]			
108012201	刚体I	Assets/Product/Texture/Image/IconAffix/AffixIconShanxian2.png				40		[760271]			
108012202	冻结III	Assets/Product/Texture/Image/IconAffix/AffixIconShanxian2.png	攻击附带冰属性伤害和减速效果，大概率冻结目标			60		[760453]			
108012203	入侵II	Assets/Product/Texture/Image/IconAffix/AffixIconShanxian2.png	攻击附加持续伤害，伤害可触发其他伤害类型词缀			60		[760671]			
108012204	暴走II	Assets/Product/Texture/Image/IconAffix/AffixIconShanxian2.png				80		[760252]			
108012301	刚体I	Assets/Product/Texture/Image/IconAffix/AffixIconShanxian2.png				40		[760271]			
108012302	冻结III	Assets/Product/Texture/Image/IconAffix/AffixIconShanxian2.png	攻击附带冰属性伤害和减速效果，大概率冻结目标			60		[760453]			
108012303	入侵II	Assets/Product/Texture/Image/IconAffix/AffixIconShanxian2.png	攻击附加持续伤害，伤害可触发其他伤害类型词缀			60		[760671]			
108012304	暴走II	Assets/Product/Texture/Image/IconAffix/AffixIconShanxian2.png				80		[760252]			
108013101	冻结III	Assets/Product/Texture/Image/IconAffix/AffixIconShanxian2.png	攻击附带冰属性伤害和减速效果，大概率冻结目标			40		[760453]			
108013102	统领III	Assets/Product/Texture/Image/IconAffix/AffixIconShanxian2.png				60		[760333]			
108013103	暴走II	Assets/Product/Texture/Image/IconAffix/AffixIconShanxian2.png				60		[760252]			
108013104	霜盾	Assets/Product/Texture/Image/IconAffix/AffixIconShanxian2.png	受到伤害降低，受到普通攻击时降低攻击者移速			80		[712004]			
108013201	冻结III	Assets/Product/Texture/Image/IconAffix/AffixIconShanxian2.png	攻击附带冰属性伤害和减速效果，大概率冻结目标			40		[760453]			
108013202	统领III	Assets/Product/Texture/Image/IconAffix/AffixIconShanxian2.png				60		[760333]			
108013203	暴走II	Assets/Product/Texture/Image/IconAffix/AffixIconShanxian2.png				60		[760252]			
108013204	霜盾	Assets/Product/Texture/Image/IconAffix/AffixIconShanxian2.png	受到伤害降低，受到普通攻击时降低攻击者移速			80		[712004]			
108013301	冻结III	Assets/Product/Texture/Image/IconAffix/AffixIconShanxian2.png	攻击附带冰属性伤害和减速效果，大概率冻结目标			40		[760453]			
108013302	统领III	Assets/Product/Texture/Image/IconAffix/AffixIconShanxian2.png				60		[760333]			
108013303	暴走II	Assets/Product/Texture/Image/IconAffix/AffixIconShanxian2.png				60		[760252]			
108013304	霜盾	Assets/Product/Texture/Image/IconAffix/AffixIconShanxian2.png	受到伤害降低，受到普通攻击时降低攻击者移速			80		[712004]			
108021101	刚体I	Assets/Product/Texture/Image/IconAffix/AffixIconShanxian2.png				40		[760271]			
108021102	冻结III	Assets/Product/Texture/Image/IconAffix/AffixIconShanxian2.png	攻击附带冰属性伤害和减速效果，大概率冻结目标			60		[760453]			
108021103	入侵II	Assets/Product/Texture/Image/IconAffix/AffixIconShanxian2.png	攻击附加持续伤害，伤害可触发其他伤害类型词缀			60		[760671]			
108021104	暴走II	Assets/Product/Texture/Image/IconAffix/AffixIconShanxian2.png				80		[760252]			
108021201	刚体I	Assets/Product/Texture/Image/IconAffix/AffixIconShanxian2.png				40		[760271]			
108021202	冻结III	Assets/Product/Texture/Image/IconAffix/AffixIconShanxian2.png	攻击附带冰属性伤害和减速效果，大概率冻结目标			60		[760453]			
108021203	入侵II	Assets/Product/Texture/Image/IconAffix/AffixIconShanxian2.png	攻击附加持续伤害，伤害可触发其他伤害类型词缀			60		[760671]			
108021204	暴走II	Assets/Product/Texture/Image/IconAffix/AffixIconShanxian2.png				80		[760252]			
108021301	刚体I	Assets/Product/Texture/Image/IconAffix/AffixIconShanxian2.png				40		[760271]			
108021302	冻结III	Assets/Product/Texture/Image/IconAffix/AffixIconShanxian2.png	攻击附带冰属性伤害和减速效果，大概率冻结目标			60		[760453]			
108021303	入侵II	Assets/Product/Texture/Image/IconAffix/AffixIconShanxian2.png	攻击附加持续伤害，伤害可触发其他伤害类型词缀			60		[760671]			
108021304	暴走II	Assets/Product/Texture/Image/IconAffix/AffixIconShanxian2.png				80		[760252]			
108021401	刚体I	Assets/Product/Texture/Image/IconAffix/AffixIconShanxian2.png				40		[760271]			
108021402	冻结III	Assets/Product/Texture/Image/IconAffix/AffixIconShanxian2.png	攻击附带冰属性伤害和减速效果，大概率冻结目标			60		[760453]			
108021403	入侵II	Assets/Product/Texture/Image/IconAffix/AffixIconShanxian2.png	攻击附加持续伤害，伤害可触发其他伤害类型词缀			60		[760671]			
108021404	暴走II	Assets/Product/Texture/Image/IconAffix/AffixIconShanxian2.png				80		[760252]			
108022101	刚体I	Assets/Product/Texture/Image/IconAffix/AffixIconShanxian2.png				40		[760271]			
108022102	冻结III	Assets/Product/Texture/Image/IconAffix/AffixIconShanxian2.png	攻击附带冰属性伤害和减速效果，大概率冻结目标			60		[760453]			
108022103	入侵II	Assets/Product/Texture/Image/IconAffix/AffixIconShanxian2.png	攻击附加持续伤害，伤害可触发其他伤害类型词缀			60		[760671]			
108022104	暴走II	Assets/Product/Texture/Image/IconAffix/AffixIconShanxian2.png				80		[760252]			
108022201	刚体I	Assets/Product/Texture/Image/IconAffix/AffixIconShanxian2.png				40		[760271]			
108022202	冻结III	Assets/Product/Texture/Image/IconAffix/AffixIconShanxian2.png	攻击附带冰属性伤害和减速效果，大概率冻结目标			60		[760453]			
108022203	入侵II	Assets/Product/Texture/Image/IconAffix/AffixIconShanxian2.png	攻击附加持续伤害，伤害可触发其他伤害类型词缀			60		[760671]			
108022204	暴走II	Assets/Product/Texture/Image/IconAffix/AffixIconShanxian2.png				80		[760252]			
108022301	刚体I	Assets/Product/Texture/Image/IconAffix/AffixIconShanxian2.png				40		[760271]			
108022302	冻结III	Assets/Product/Texture/Image/IconAffix/AffixIconShanxian2.png	攻击附带冰属性伤害和减速效果，大概率冻结目标			60		[760453]			
108022303	入侵II	Assets/Product/Texture/Image/IconAffix/AffixIconShanxian2.png	攻击附加持续伤害，伤害可触发其他伤害类型词缀			60		[760671]			
108022304	暴走II	Assets/Product/Texture/Image/IconAffix/AffixIconShanxian2.png				80		[760252]			
108023101	冻结III	Assets/Product/Texture/Image/IconAffix/AffixIconShanxian2.png	攻击附带冰属性伤害和减速效果，大概率冻结目标			40		[760453]			
108023102	统领III	Assets/Product/Texture/Image/IconAffix/AffixIconShanxian2.png				60		[760333]			
108023103	暴走II	Assets/Product/Texture/Image/IconAffix/AffixIconShanxian2.png				60		[760252]			
108023104	霜盾	Assets/Product/Texture/Image/IconAffix/AffixIconShanxian2.png	受到伤害降低，受到普通攻击时降低攻击者移速			80		[712004]			
108023201	冻结III	Assets/Product/Texture/Image/IconAffix/AffixIconShanxian2.png	攻击附带冰属性伤害和减速效果，大概率冻结目标			40		[760453]			
108023202	统领III	Assets/Product/Texture/Image/IconAffix/AffixIconShanxian2.png				60		[760333]			
108023203	暴走II	Assets/Product/Texture/Image/IconAffix/AffixIconShanxian2.png				60		[760252]			
108023204	霜盾	Assets/Product/Texture/Image/IconAffix/AffixIconShanxian2.png	受到伤害降低，受到普通攻击时降低攻击者移速			80		[712004]			
108023301	冻结III	Assets/Product/Texture/Image/IconAffix/AffixIconShanxian2.png	攻击附带冰属性伤害和减速效果，大概率冻结目标			40		[760453]			
108023302	统领III	Assets/Product/Texture/Image/IconAffix/AffixIconShanxian2.png				60		[760333]			
108023303	暴走II	Assets/Product/Texture/Image/IconAffix/AffixIconShanxian2.png				60		[760252]			
108023304	霜盾	Assets/Product/Texture/Image/IconAffix/AffixIconShanxian2.png	受到伤害降低，受到普通攻击时降低攻击者移速			80		[712004]			
108024101	冻结III	Assets/Product/Texture/Image/IconAffix/AffixIconShanxian2.png	攻击附带冰属性伤害和减速效果，大概率冻结目标			40		[760453]			
108024102	统领III	Assets/Product/Texture/Image/IconAffix/AffixIconShanxian2.png				60		[760333]			
108024103	暴走II	Assets/Product/Texture/Image/IconAffix/AffixIconShanxian2.png				60		[760252]			
108024104	霜盾	Assets/Product/Texture/Image/IconAffix/AffixIconShanxian2.png	受到伤害降低，受到普通攻击时降低攻击者移速			80		[712004]			
108024201	冻结III	Assets/Product/Texture/Image/IconAffix/AffixIconShanxian2.png	攻击附带冰属性伤害和减速效果，大概率冻结目标			40		[760453]			
108024202	统领III	Assets/Product/Texture/Image/IconAffix/AffixIconShanxian2.png				60		[760333]			
108024203	暴走II	Assets/Product/Texture/Image/IconAffix/AffixIconShanxian2.png				60		[760252]			
108024204	霜盾	Assets/Product/Texture/Image/IconAffix/AffixIconShanxian2.png	受到伤害降低，受到普通攻击时降低攻击者移速			80		[712004]			
108024301	冻结III	Assets/Product/Texture/Image/IconAffix/AffixIconShanxian2.png	攻击附带冰属性伤害和减速效果，大概率冻结目标			40		[760453]			
108024302	统领III	Assets/Product/Texture/Image/IconAffix/AffixIconShanxian2.png				60		[760333]			
108024303	暴走II	Assets/Product/Texture/Image/IconAffix/AffixIconShanxian2.png				60		[760252]			
108024304	霜盾	Assets/Product/Texture/Image/IconAffix/AffixIconShanxian2.png	受到伤害降低，受到普通攻击时降低攻击者移速			80		[712004]			
108031101	自暴虫	Assets/Product/Texture/Image/IconAffix/AffixIconShanxian2.png				50		[772601]			
108031102	治愈	Assets/Product/Texture/Image/IconAffix/AffixIconShanxian2.png				75		[772587]			
108031103	祝福III	Assets/Product/Texture/Image/IconAffix/AffixIconShanxian2.png				75		[760313]			
108031104	致命	Assets/Product/Texture/Image/IconAffix/AffixIconShanxian2.png				150		[776102]			
108031201	自暴虫	Assets/Product/Texture/Image/IconAffix/AffixIconShanxian2.png				50		[772601]			
108031202	治愈	Assets/Product/Texture/Image/IconAffix/AffixIconShanxian2.png				75		[772587]			
108031203	祝福III	Assets/Product/Texture/Image/IconAffix/AffixIconShanxian2.png				75		[760313]			
108031204	致命	Assets/Product/Texture/Image/IconAffix/AffixIconShanxian2.png				150		[776102]			
108032101	破甲II	Assets/Product/Texture/Image/IconAffix/AffixIconShanxian2.png				100		[760072]			
108032102	统领III	Assets/Product/Texture/Image/IconAffix/AffixIconShanxian2.png				150		[760333]			
108032103	护盾II	Assets/Product/Texture/Image/IconAffix/AffixIconShanxian2.png				150		[760242]			
108032104	暴走II	Assets/Product/Texture/Image/IconAffix/AffixIconShanxian2.png				200		[760252]			
108032201	破甲II	Assets/Product/Texture/Image/IconAffix/AffixIconShanxian2.png				100		[760072]			
108032202	统领III	Assets/Product/Texture/Image/IconAffix/AffixIconShanxian2.png				150		[760333]			
108032203	护盾II	Assets/Product/Texture/Image/IconAffix/AffixIconShanxian2.png				150		[760242]			
108032204	暴走II	Assets/Product/Texture/Image/IconAffix/AffixIconShanxian2.png				200		[760252]			
109011101	虚弱III	Assets/Product/Texture/Image/IconAffix/AffixIconShanxian2.png				40		[760093]			
109011102	炸弹III	Assets/Product/Texture/Image/IconAffix/AffixIconShanxian2.png				60		[760263]			
109011103	迅捷III	Assets/Product/Texture/Image/IconAffix/AffixIconShanxian2.png				60		[760213]			
109011104	不动	Assets/Product/Texture/Image/IconAffix/AffixIconShanxian2.png				80	97398	[760221]			
109011201	虚弱III	Assets/Product/Texture/Image/IconAffix/AffixIconShanxian2.png				40		[760093]			
109011202	炸弹III	Assets/Product/Texture/Image/IconAffix/AffixIconShanxian2.png				60		[760263]			
109011203	迅捷III	Assets/Product/Texture/Image/IconAffix/AffixIconShanxian2.png				60		[760213]			
109011204	不动	Assets/Product/Texture/Image/IconAffix/AffixIconShanxian2.png				80		[760221]			
109011301	虚弱III	Assets/Product/Texture/Image/IconAffix/AffixIconShanxian2.png				40		[760093]			
109011302	炸弹III	Assets/Product/Texture/Image/IconAffix/AffixIconShanxian2.png				60		[760263]			
109011303	迅捷III	Assets/Product/Texture/Image/IconAffix/AffixIconShanxian2.png				60		[760213]			
109011304	不动	Assets/Product/Texture/Image/IconAffix/AffixIconShanxian2.png				80		[760221]			
109012101	虚弱III	Assets/Product/Texture/Image/IconAffix/AffixIconShanxian2.png				40		[760093]			
109012102	炸弹III	Assets/Product/Texture/Image/IconAffix/AffixIconShanxian2.png				60		[760263]			
109012103	迅捷III	Assets/Product/Texture/Image/IconAffix/AffixIconShanxian2.png				60		[760213]			
109012104	不动	Assets/Product/Texture/Image/IconAffix/AffixIconShanxian2.png				80		[760221]			
109012201	虚弱III	Assets/Product/Texture/Image/IconAffix/AffixIconShanxian2.png				40		[760093]			
109012202	炸弹III	Assets/Product/Texture/Image/IconAffix/AffixIconShanxian2.png				60		[760263]			
109012203	迅捷III	Assets/Product/Texture/Image/IconAffix/AffixIconShanxian2.png				60		[760213]			
109012204	不动	Assets/Product/Texture/Image/IconAffix/AffixIconShanxian2.png				80		[760221]			
109012301	虚弱III	Assets/Product/Texture/Image/IconAffix/AffixIconShanxian2.png				40		[760093]			
109012302	炸弹III	Assets/Product/Texture/Image/IconAffix/AffixIconShanxian2.png				60		[760263]			
109012303	迅捷III	Assets/Product/Texture/Image/IconAffix/AffixIconShanxian2.png				60		[760213]			
109012304	不动	Assets/Product/Texture/Image/IconAffix/AffixIconShanxian2.png				80		[760221]			
109013101	虚弱III	Assets/Product/Texture/Image/IconAffix/AffixIconShanxian2.png				40		[760093]			
109013102	炸弹III	Assets/Product/Texture/Image/IconAffix/AffixIconShanxian2.png				60		[760263]			
109013103	闪现I	Assets/Product/Texture/Image/IconAffix/AffixIconShanxian2.png	发动瞬移接近目标，间隔较长			60		[760391]			
109013104	不动	Assets/Product/Texture/Image/IconAffix/AffixIconShanxian2.png				80		[760221]			
109013201	虚弱III	Assets/Product/Texture/Image/IconAffix/AffixIconShanxian2.png				40		[760093]			
109013202	炸弹III	Assets/Product/Texture/Image/IconAffix/AffixIconShanxian2.png				60		[760263]			
109013203	闪现I	Assets/Product/Texture/Image/IconAffix/AffixIconShanxian2.png	发动瞬移接近目标，间隔较长			60		[760391]			
109013204	不动	Assets/Product/Texture/Image/IconAffix/AffixIconShanxian2.png				80		[760221]			
109013301	虚弱III	Assets/Product/Texture/Image/IconAffix/AffixIconShanxian2.png				40		[760093]			
109013302	炸弹III	Assets/Product/Texture/Image/IconAffix/AffixIconShanxian2.png				60		[760263]			
109013303	闪现I	Assets/Product/Texture/Image/IconAffix/AffixIconShanxian2.png	发动瞬移接近目标，间隔较长			60		[760391]			
109013304	不动	Assets/Product/Texture/Image/IconAffix/AffixIconShanxian2.png				80		[760221]			
109014101	虚弱III	Assets/Product/Texture/Image/IconAffix/AffixIconShanxian2.png				40		[760093]			
109014102	炸弹III	Assets/Product/Texture/Image/IconAffix/AffixIconShanxian2.png				60		[760263]			
109014103	闪现I	Assets/Product/Texture/Image/IconAffix/AffixIconShanxian2.png	发动瞬移接近目标，间隔较长			60		[760391]			
109014104	不动	Assets/Product/Texture/Image/IconAffix/AffixIconShanxian2.png				80		[760221]			
109014201	虚弱III	Assets/Product/Texture/Image/IconAffix/AffixIconShanxian2.png				40		[760093]			
109014202	炸弹III	Assets/Product/Texture/Image/IconAffix/AffixIconShanxian2.png				60		[760263]			
109014203	闪现I	Assets/Product/Texture/Image/IconAffix/AffixIconShanxian2.png	发动瞬移接近目标，间隔较长			60		[760391]			
109014204	不动	Assets/Product/Texture/Image/IconAffix/AffixIconShanxian2.png				80		[760221]			
109014301	虚弱III	Assets/Product/Texture/Image/IconAffix/AffixIconShanxian2.png				40		[760093]			
109014302	炸弹III	Assets/Product/Texture/Image/IconAffix/AffixIconShanxian2.png				60		[760263]			
109014303	闪现I	Assets/Product/Texture/Image/IconAffix/AffixIconShanxian2.png	发动瞬移接近目标，间隔较长			60		[760391]			
109014304	不动	Assets/Product/Texture/Image/IconAffix/AffixIconShanxian2.png				80		[760221]			
109021101	虚弱III	Assets/Product/Texture/Image/IconAffix/AffixIconShanxian2.png				50		[760093]			
109021102	炸弹III	Assets/Product/Texture/Image/IconAffix/AffixIconShanxian2.png				75		[760263]			
109021103	迅捷III	Assets/Product/Texture/Image/IconAffix/AffixIconShanxian2.png				75		[760213]			
109021104	不动	Assets/Product/Texture/Image/IconAffix/AffixIconShanxian2.png				150		[760221]			
109021201	虚弱III	Assets/Product/Texture/Image/IconAffix/AffixIconShanxian2.png				50		[760093]			
109021202	炸弹III	Assets/Product/Texture/Image/IconAffix/AffixIconShanxian2.png				75		[760263]			
109021203	迅捷III	Assets/Product/Texture/Image/IconAffix/AffixIconShanxian2.png				75		[760213]			
109021204	不动	Assets/Product/Texture/Image/IconAffix/AffixIconShanxian2.png				150		[760221]			
109021301	虚弱III	Assets/Product/Texture/Image/IconAffix/AffixIconShanxian2.png				50		[760093]			
109021302	炸弹III	Assets/Product/Texture/Image/IconAffix/AffixIconShanxian2.png				75		[760263]			
109021303	迅捷III	Assets/Product/Texture/Image/IconAffix/AffixIconShanxian2.png				75		[760213]			
109021304	不动	Assets/Product/Texture/Image/IconAffix/AffixIconShanxian2.png				150		[760221]			
109022101	虚弱III	Assets/Product/Texture/Image/IconAffix/AffixIconShanxian2.png				50		[760093]			
109022102	炸弹III	Assets/Product/Texture/Image/IconAffix/AffixIconShanxian2.png				75		[760263]			
109022103	迅捷III	Assets/Product/Texture/Image/IconAffix/AffixIconShanxian2.png				75		[760213]			
109022104	不动	Assets/Product/Texture/Image/IconAffix/AffixIconShanxian2.png				150		[760221]			
109022201	虚弱III	Assets/Product/Texture/Image/IconAffix/AffixIconShanxian2.png				50		[760093]			
109022202	炸弹III	Assets/Product/Texture/Image/IconAffix/AffixIconShanxian2.png				75		[760263]			
109022203	迅捷III	Assets/Product/Texture/Image/IconAffix/AffixIconShanxian2.png				75		[760213]			
109022204	不动	Assets/Product/Texture/Image/IconAffix/AffixIconShanxian2.png				150		[760221]			
109022301	虚弱III	Assets/Product/Texture/Image/IconAffix/AffixIconShanxian2.png				50		[760093]			
109022302	炸弹III	Assets/Product/Texture/Image/IconAffix/AffixIconShanxian2.png				75		[760263]			
109022303	迅捷III	Assets/Product/Texture/Image/IconAffix/AffixIconShanxian2.png				75		[760213]			
109022304	不动	Assets/Product/Texture/Image/IconAffix/AffixIconShanxian2.png				150		[760221]			
109023101	虚弱III	Assets/Product/Texture/Image/IconAffix/AffixIconShanxian2.png				50		[760093]			
109023102	炸弹III	Assets/Product/Texture/Image/IconAffix/AffixIconShanxian2.png				100		[760263]			
109023103	迅捷III	Assets/Product/Texture/Image/IconAffix/AffixIconShanxian2.png				100		[760213]			
109023104	不动	Assets/Product/Texture/Image/IconAffix/AffixIconShanxian2.png				200		[760221]			
109023201	虚弱III	Assets/Product/Texture/Image/IconAffix/AffixIconShanxian2.png				50		[760093]			
109023202	炸弹III	Assets/Product/Texture/Image/IconAffix/AffixIconShanxian2.png				100		[760263]			
109023203	迅捷III	Assets/Product/Texture/Image/IconAffix/AffixIconShanxian2.png				100		[760213]			
109023204	不动	Assets/Product/Texture/Image/IconAffix/AffixIconShanxian2.png				200		[760221]			
109023301	虚弱III	Assets/Product/Texture/Image/IconAffix/AffixIconShanxian2.png				50		[760093]			
109023302	炸弹III	Assets/Product/Texture/Image/IconAffix/AffixIconShanxian2.png				100		[760263]			
109023303	迅捷III	Assets/Product/Texture/Image/IconAffix/AffixIconShanxian2.png				100		[760213]			
109023304	不动	Assets/Product/Texture/Image/IconAffix/AffixIconShanxian2.png				200		[760221]			
109024101	虚弱III	Assets/Product/Texture/Image/IconAffix/AffixIconShanxian2.png				50		[760093]			
109024102	炸弹III	Assets/Product/Texture/Image/IconAffix/AffixIconShanxian2.png				100		[760263]			
109024103	迅捷III	Assets/Product/Texture/Image/IconAffix/AffixIconShanxian2.png				100		[760213]			
109024104	不动	Assets/Product/Texture/Image/IconAffix/AffixIconShanxian2.png				200		[760221]			
109024201	虚弱III	Assets/Product/Texture/Image/IconAffix/AffixIconShanxian2.png				50		[760093]			
109024202	炸弹III	Assets/Product/Texture/Image/IconAffix/AffixIconShanxian2.png				100		[760263]			
109024203	迅捷III	Assets/Product/Texture/Image/IconAffix/AffixIconShanxian2.png				100		[760213]			
109024204	不动	Assets/Product/Texture/Image/IconAffix/AffixIconShanxian2.png				200		[760221]			
109024301	虚弱III	Assets/Product/Texture/Image/IconAffix/AffixIconShanxian2.png				50		[760093]			
109024302	炸弹III	Assets/Product/Texture/Image/IconAffix/AffixIconShanxian2.png				100		[760263]			
109024303	迅捷III	Assets/Product/Texture/Image/IconAffix/AffixIconShanxian2.png				100		[760213]			
109024304	不动	Assets/Product/Texture/Image/IconAffix/AffixIconShanxian2.png				200		[760221]			
110011101	电盾II	Assets/Product/Texture/Image/IconAffix/AffixIconShanxian2.png	受击时，中概率朝攻击者所处位置召雷			40		[760352]			
110011102	护盾III	Assets/Product/Texture/Image/IconAffix/AffixIconShanxian2.png				60		[760243]			
110011103	黑洞I	Assets/Product/Texture/Image/IconAffix/AffixIconShanxian2.png				60		[760411]			
110011104	闪现II	Assets/Product/Texture/Image/IconAffix/AffixIconShanxian2.png	发动瞬移接近目标，间隔一般			80	97399	[760392]			
110011201	电盾II	Assets/Product/Texture/Image/IconAffix/AffixIconShanxian2.png	受击时，中概率朝攻击者所处位置召雷			40		[760352]			
110011202	护盾III	Assets/Product/Texture/Image/IconAffix/AffixIconShanxian2.png				60		[760243]			
110011203	黑洞I	Assets/Product/Texture/Image/IconAffix/AffixIconShanxian2.png				60		[760411]			
110011204	闪现II	Assets/Product/Texture/Image/IconAffix/AffixIconShanxian2.png	发动瞬移接近目标，间隔一般			80		[760392]			
110011301	电盾II	Assets/Product/Texture/Image/IconAffix/AffixIconShanxian2.png	受击时，中概率朝攻击者所处位置召雷			40		[760352]			
110011302	护盾III	Assets/Product/Texture/Image/IconAffix/AffixIconShanxian2.png				60		[760243]			
110011303	黑洞I	Assets/Product/Texture/Image/IconAffix/AffixIconShanxian2.png				60		[760411]			
110011304	闪现II	Assets/Product/Texture/Image/IconAffix/AffixIconShanxian2.png	发动瞬移接近目标，间隔一般			80		[760392]			
110012101	电盾II	Assets/Product/Texture/Image/IconAffix/AffixIconShanxian2.png	受击时，中概率朝攻击者所处位置召雷			40		[760352]			
110012102	护盾III	Assets/Product/Texture/Image/IconAffix/AffixIconShanxian2.png				60		[760243]			
110012103	黑洞I	Assets/Product/Texture/Image/IconAffix/AffixIconShanxian2.png				60		[760411]			
110012104	闪现II	Assets/Product/Texture/Image/IconAffix/AffixIconShanxian2.png	发动瞬移接近目标，间隔一般			80		[760392]			
110012201	电盾II	Assets/Product/Texture/Image/IconAffix/AffixIconShanxian2.png	受击时，中概率朝攻击者所处位置召雷			40		[760352]			
110012202	护盾III	Assets/Product/Texture/Image/IconAffix/AffixIconShanxian2.png				60		[760243]			
110012203	黑洞I	Assets/Product/Texture/Image/IconAffix/AffixIconShanxian2.png				60		[760411]			
110012204	闪现II	Assets/Product/Texture/Image/IconAffix/AffixIconShanxian2.png	发动瞬移接近目标，间隔一般			80		[760392]			
110012301	电盾II	Assets/Product/Texture/Image/IconAffix/AffixIconShanxian2.png	受击时，中概率朝攻击者所处位置召雷			40		[760352]			
110012302	护盾III	Assets/Product/Texture/Image/IconAffix/AffixIconShanxian2.png				60		[760243]			
110012303	黑洞I	Assets/Product/Texture/Image/IconAffix/AffixIconShanxian2.png				60		[760411]			
110012304	闪现II	Assets/Product/Texture/Image/IconAffix/AffixIconShanxian2.png	发动瞬移接近目标，间隔一般			80		[760392]			
110013101	电盾II	Assets/Product/Texture/Image/IconAffix/AffixIconShanxian2.png	受击时，中概率朝攻击者所处位置召雷			40		[760352]			
110013102	护盾III	Assets/Product/Texture/Image/IconAffix/AffixIconShanxian2.png				60		[760243]			
110013103	黑洞I	Assets/Product/Texture/Image/IconAffix/AffixIconShanxian2.png				60		[760411]			
110013104	闪现II	Assets/Product/Texture/Image/IconAffix/AffixIconShanxian2.png	发动瞬移接近目标，间隔一般			80		[760392]			
110013201	电盾II	Assets/Product/Texture/Image/IconAffix/AffixIconShanxian2.png	受击时，中概率朝攻击者所处位置召雷			40		[760352]			
110013202	护盾III	Assets/Product/Texture/Image/IconAffix/AffixIconShanxian2.png				60		[760243]			
110013203	黑洞I	Assets/Product/Texture/Image/IconAffix/AffixIconShanxian2.png				60		[760411]			
110013204	闪现II	Assets/Product/Texture/Image/IconAffix/AffixIconShanxian2.png	发动瞬移接近目标，间隔一般			80		[760392]			
110013301	电盾II	Assets/Product/Texture/Image/IconAffix/AffixIconShanxian2.png	受击时，中概率朝攻击者所处位置召雷			40		[760352]			
110013302	护盾III	Assets/Product/Texture/Image/IconAffix/AffixIconShanxian2.png				60		[760243]			
110013303	黑洞I	Assets/Product/Texture/Image/IconAffix/AffixIconShanxian2.png				60		[760411]			
110013304	闪现II	Assets/Product/Texture/Image/IconAffix/AffixIconShanxian2.png	发动瞬移接近目标，间隔一般			80		[760392]			
110014101	电盾II	Assets/Product/Texture/Image/IconAffix/AffixIconShanxian2.png	受击时，中概率朝攻击者所处位置召雷			50		[760352]			
110014102	护盾III	Assets/Product/Texture/Image/IconAffix/AffixIconShanxian2.png				75		[760243]			
110014103	闪现II	Assets/Product/Texture/Image/IconAffix/AffixIconShanxian2.png	发动瞬移接近目标，间隔一般			75		[760392]			
110014104	霜盾	Assets/Product/Texture/Image/IconAffix/AffixIconShanxian2.png	受到伤害降低，受到普通攻击时降低攻击者移速			100		[712004]			
110014201	电盾II	Assets/Product/Texture/Image/IconAffix/AffixIconShanxian2.png	受击时，中概率朝攻击者所处位置召雷			50		[760352]			
110014202	护盾III	Assets/Product/Texture/Image/IconAffix/AffixIconShanxian2.png				75		[760243]			
110014203	闪现II	Assets/Product/Texture/Image/IconAffix/AffixIconShanxian2.png	发动瞬移接近目标，间隔一般			75		[760392]			
110014204	霜盾	Assets/Product/Texture/Image/IconAffix/AffixIconShanxian2.png	受到伤害降低，受到普通攻击时降低攻击者移速			100		[712004]			
110014301	电盾II	Assets/Product/Texture/Image/IconAffix/AffixIconShanxian2.png	受击时，中概率朝攻击者所处位置召雷			50		[760352]			
110014302	护盾III	Assets/Product/Texture/Image/IconAffix/AffixIconShanxian2.png				75		[760243]			
110014303	闪现II	Assets/Product/Texture/Image/IconAffix/AffixIconShanxian2.png	发动瞬移接近目标，间隔一般			75		[760392]			
110014304	霜盾	Assets/Product/Texture/Image/IconAffix/AffixIconShanxian2.png	受到伤害降低，受到普通攻击时降低攻击者移速			100		[712004]			
110015101	电盾II	Assets/Product/Texture/Image/IconAffix/AffixIconShanxian2.png	受击时，中概率朝攻击者所处位置召雷			50		[760352]			
110015102	护盾III	Assets/Product/Texture/Image/IconAffix/AffixIconShanxian2.png				75		[760243]			
110015103	闪现II	Assets/Product/Texture/Image/IconAffix/AffixIconShanxian2.png	发动瞬移接近目标，间隔一般			75		[760392]			
110015104	霜盾	Assets/Product/Texture/Image/IconAffix/AffixIconShanxian2.png	受到伤害降低，受到普通攻击时降低攻击者移速			100		[712004]			
110015201	电盾II	Assets/Product/Texture/Image/IconAffix/AffixIconShanxian2.png	受击时，中概率朝攻击者所处位置召雷			50		[760352]			
110015202	护盾III	Assets/Product/Texture/Image/IconAffix/AffixIconShanxian2.png				75		[760243]			
110015203	闪现II	Assets/Product/Texture/Image/IconAffix/AffixIconShanxian2.png	发动瞬移接近目标，间隔一般			75		[760392]			
110015204	霜盾	Assets/Product/Texture/Image/IconAffix/AffixIconShanxian2.png	受到伤害降低，受到普通攻击时降低攻击者移速			100		[712004]			
110015301	电盾II	Assets/Product/Texture/Image/IconAffix/AffixIconShanxian2.png	受击时，中概率朝攻击者所处位置召雷			50		[760352]			
110015302	护盾III	Assets/Product/Texture/Image/IconAffix/AffixIconShanxian2.png				75		[760243]			
110015303	闪现II	Assets/Product/Texture/Image/IconAffix/AffixIconShanxian2.png	发动瞬移接近目标，间隔一般			75		[760392]			
110015304	霜盾	Assets/Product/Texture/Image/IconAffix/AffixIconShanxian2.png	受到伤害降低，受到普通攻击时降低攻击者移速			100		[712004]			
110021101	电盾II	Assets/Product/Texture/Image/IconAffix/AffixIconShanxian2.png	受击时，中概率朝攻击者所处位置召雷			50		[760352]			
110021102	护盾III	Assets/Product/Texture/Image/IconAffix/AffixIconShanxian2.png				75		[760243]			
110021103	黑洞I	Assets/Product/Texture/Image/IconAffix/AffixIconShanxian2.png				75		[760411]			
110021104	闪现II	Assets/Product/Texture/Image/IconAffix/AffixIconShanxian2.png	发动瞬移接近目标，间隔一般			150		[760392]			
110021201	电盾II	Assets/Product/Texture/Image/IconAffix/AffixIconShanxian2.png	受击时，中概率朝攻击者所处位置召雷			50		[760352]			
110021202	护盾III	Assets/Product/Texture/Image/IconAffix/AffixIconShanxian2.png				75		[760243]			
110021203	黑洞I	Assets/Product/Texture/Image/IconAffix/AffixIconShanxian2.png				75		[760411]			
110021204	闪现II	Assets/Product/Texture/Image/IconAffix/AffixIconShanxian2.png	发动瞬移接近目标，间隔一般			150		[760392]			
110021301	电盾II	Assets/Product/Texture/Image/IconAffix/AffixIconShanxian2.png	受击时，中概率朝攻击者所处位置召雷			50		[760352]			
110021302	护盾III	Assets/Product/Texture/Image/IconAffix/AffixIconShanxian2.png				75		[760243]			
110021303	黑洞I	Assets/Product/Texture/Image/IconAffix/AffixIconShanxian2.png				75		[760411]			
110021304	闪现II	Assets/Product/Texture/Image/IconAffix/AffixIconShanxian2.png	发动瞬移接近目标，间隔一般			150		[760392]			
110022101	电盾II	Assets/Product/Texture/Image/IconAffix/AffixIconShanxian2.png	受击时，中概率朝攻击者所处位置召雷			50		[760352]			
110022102	护盾III	Assets/Product/Texture/Image/IconAffix/AffixIconShanxian2.png				75		[760243]			
110022103	黑洞I	Assets/Product/Texture/Image/IconAffix/AffixIconShanxian2.png				75		[760411]			
110022104	闪现II	Assets/Product/Texture/Image/IconAffix/AffixIconShanxian2.png	发动瞬移接近目标，间隔一般			150		[760392]			
110022201	电盾II	Assets/Product/Texture/Image/IconAffix/AffixIconShanxian2.png	受击时，中概率朝攻击者所处位置召雷			50		[760352]			
110022202	护盾III	Assets/Product/Texture/Image/IconAffix/AffixIconShanxian2.png				75		[760243]			
110022203	黑洞I	Assets/Product/Texture/Image/IconAffix/AffixIconShanxian2.png				75		[760411]			
110022204	闪现II	Assets/Product/Texture/Image/IconAffix/AffixIconShanxian2.png	发动瞬移接近目标，间隔一般			150		[760392]			
110022301	电盾II	Assets/Product/Texture/Image/IconAffix/AffixIconShanxian2.png	受击时，中概率朝攻击者所处位置召雷			50		[760352]			
110022302	护盾III	Assets/Product/Texture/Image/IconAffix/AffixIconShanxian2.png				75		[760243]			
110022303	黑洞I	Assets/Product/Texture/Image/IconAffix/AffixIconShanxian2.png				75		[760411]			
110022304	闪现II	Assets/Product/Texture/Image/IconAffix/AffixIconShanxian2.png	发动瞬移接近目标，间隔一般			150		[760392]			
110023101	电盾II	Assets/Product/Texture/Image/IconAffix/AffixIconShanxian2.png	受击时，中概率朝攻击者所处位置召雷			50		[760352]			
110023102	护盾III	Assets/Product/Texture/Image/IconAffix/AffixIconShanxian2.png				75		[760243]			
110023103	黑洞I	Assets/Product/Texture/Image/IconAffix/AffixIconShanxian2.png				75		[760411]			
110023104	闪现II	Assets/Product/Texture/Image/IconAffix/AffixIconShanxian2.png	发动瞬移接近目标，间隔一般			150		[760392]			
110023201	电盾II	Assets/Product/Texture/Image/IconAffix/AffixIconShanxian2.png	受击时，中概率朝攻击者所处位置召雷			50		[760352]			
110023202	护盾III	Assets/Product/Texture/Image/IconAffix/AffixIconShanxian2.png				75		[760243]			
110023203	黑洞I	Assets/Product/Texture/Image/IconAffix/AffixIconShanxian2.png				75		[760411]			
110023204	闪现II	Assets/Product/Texture/Image/IconAffix/AffixIconShanxian2.png	发动瞬移接近目标，间隔一般			150		[760392]			
110023301	电盾II	Assets/Product/Texture/Image/IconAffix/AffixIconShanxian2.png	受击时，中概率朝攻击者所处位置召雷			50		[760352]			
110023302	护盾III	Assets/Product/Texture/Image/IconAffix/AffixIconShanxian2.png				75		[760243]			
110023303	黑洞I	Assets/Product/Texture/Image/IconAffix/AffixIconShanxian2.png				75		[760411]			
110023304	闪现II	Assets/Product/Texture/Image/IconAffix/AffixIconShanxian2.png	发动瞬移接近目标，间隔一般			150		[760392]			
111011101	迅捷III	Assets/Product/Texture/Image/IconAffix/AffixIconShanxian2.png				50		[760213]			
111011102	复苏II	Assets/Product/Texture/Image/IconAffix/AffixIconShanxian2.png				50		[760232]			
111011103	暴走I	Assets/Product/Texture/Image/IconAffix/AffixIconShanxian2.png				100		[760251]			
111011201	迅捷III	Assets/Product/Texture/Image/IconAffix/AffixIconShanxian2.png				50		[760213]			
111011202	复苏II	Assets/Product/Texture/Image/IconAffix/AffixIconShanxian2.png				50		[760232]			
111011203	暴走I	Assets/Product/Texture/Image/IconAffix/AffixIconShanxian2.png				100		[760251]			
111012101	迅捷III	Assets/Product/Texture/Image/IconAffix/AffixIconShanxian2.png				50		[760213]			
111012102	复苏II	Assets/Product/Texture/Image/IconAffix/AffixIconShanxian2.png				50		[760232]			
111012103	暴走I	Assets/Product/Texture/Image/IconAffix/AffixIconShanxian2.png				100	97400	[760251]			
111012201	迅捷III	Assets/Product/Texture/Image/IconAffix/AffixIconShanxian2.png				50		[760213]			
111012202	复苏II	Assets/Product/Texture/Image/IconAffix/AffixIconShanxian2.png				50		[760232]			
111012203	暴走I	Assets/Product/Texture/Image/IconAffix/AffixIconShanxian2.png				100		[760251]			
111013101	迅捷III	Assets/Product/Texture/Image/IconAffix/AffixIconShanxian2.png				50		[760213]			
111013102	复苏II	Assets/Product/Texture/Image/IconAffix/AffixIconShanxian2.png				50		[760232]			
111013103	暴走I	Assets/Product/Texture/Image/IconAffix/AffixIconShanxian2.png				100		[760251]			
111013201	迅捷III	Assets/Product/Texture/Image/IconAffix/AffixIconShanxian2.png				50		[760213]			
111013202	复苏II	Assets/Product/Texture/Image/IconAffix/AffixIconShanxian2.png				50		[760232]			
111013203	暴走I	Assets/Product/Texture/Image/IconAffix/AffixIconShanxian2.png				100		[760251]			
111021101	迅捷III	Assets/Product/Texture/Image/IconAffix/AffixIconShanxian2.png				75		[760213]			
111021102	复苏II	Assets/Product/Texture/Image/IconAffix/AffixIconShanxian2.png				75		[760232]			
111021103	暴走I	Assets/Product/Texture/Image/IconAffix/AffixIconShanxian2.png				125		[760251]			
111021201	迅捷III	Assets/Product/Texture/Image/IconAffix/AffixIconShanxian2.png				75		[760213]			
111021202	复苏II	Assets/Product/Texture/Image/IconAffix/AffixIconShanxian2.png				75		[760232]			
111021203	暴走I	Assets/Product/Texture/Image/IconAffix/AffixIconShanxian2.png				125		[760251]			
111022101	迅捷III	Assets/Product/Texture/Image/IconAffix/AffixIconShanxian2.png				75		[760213]			
111022102	复苏II	Assets/Product/Texture/Image/IconAffix/AffixIconShanxian2.png				75		[760232]			
111022103	暴走I	Assets/Product/Texture/Image/IconAffix/AffixIconShanxian2.png				125		[760251]			
111022201	迅捷III	Assets/Product/Texture/Image/IconAffix/AffixIconShanxian2.png				75		[760213]			
111022202	复苏II	Assets/Product/Texture/Image/IconAffix/AffixIconShanxian2.png				75		[760232]			
111022203	暴走I	Assets/Product/Texture/Image/IconAffix/AffixIconShanxian2.png				125		[760251]			
111023101	迅捷III	Assets/Product/Texture/Image/IconAffix/AffixIconShanxian2.png				150		[760213]			
111023102	复苏II	Assets/Product/Texture/Image/IconAffix/AffixIconShanxian2.png				150		[760232]			
111023103	暴走I	Assets/Product/Texture/Image/IconAffix/AffixIconShanxian2.png				200		[760251]			
111023201	迅捷III	Assets/Product/Texture/Image/IconAffix/AffixIconShanxian2.png				150		[760213]			
111023202	复苏II	Assets/Product/Texture/Image/IconAffix/AffixIconShanxian2.png				150		[760232]			
111023203	暴走I	Assets/Product/Texture/Image/IconAffix/AffixIconShanxian2.png				200		[760251]			
112011101	贯穿II	Assets/Product/Texture/Image/IconAffix/AffixIconShanxian2.png				50		[760342]			
112011102	火焰III	Assets/Product/Texture/Image/IconAffix/AffixIconShanxian2.png	攻击附带火伤，大概率点燃目标，造成持续伤害			75		[760433]			
112011103	祝福III	Assets/Product/Texture/Image/IconAffix/AffixIconShanxian2.png				75		[760313]			
112011104	复仇	Assets/Product/Texture/Image/IconAffix/AffixIconShanxian2.png				100		[772591]			
112011201	贯穿II	Assets/Product/Texture/Image/IconAffix/AffixIconShanxian2.png				50		[760342]			
112011202	火焰III	Assets/Product/Texture/Image/IconAffix/AffixIconShanxian2.png	攻击附带火伤，大概率点燃目标，造成持续伤害			75		[760433]			
112011203	祝福III	Assets/Product/Texture/Image/IconAffix/AffixIconShanxian2.png				75		[760313]			
112011204	复仇	Assets/Product/Texture/Image/IconAffix/AffixIconShanxian2.png				100		[772591]			
112011301	贯穿II	Assets/Product/Texture/Image/IconAffix/AffixIconShanxian2.png				50		[760342]			
112011302	火焰III	Assets/Product/Texture/Image/IconAffix/AffixIconShanxian2.png	攻击附带火伤，大概率点燃目标，造成持续伤害			75		[760433]			
112011303	祝福III	Assets/Product/Texture/Image/IconAffix/AffixIconShanxian2.png				75		[760313]			
112011304	复仇	Assets/Product/Texture/Image/IconAffix/AffixIconShanxian2.png				100	97401	[772591]			
112012101	迅捷III	Assets/Product/Texture/Image/IconAffix/AffixIconShanxian2.png				50		[760213]			
112012102	冻结III	Assets/Product/Texture/Image/IconAffix/AffixIconShanxian2.png	攻击附带冰属性伤害和减速效果，大概率冻结目标			75		[760453]			
112012103	庇护	Assets/Product/Texture/Image/IconAffix/AffixIconShanxian2.png	每过一段时间给自身和周边友方单位添加护盾			75		[772595]			
112012104	散失	Assets/Product/Texture/Image/IconAffix/AffixIconShanxian2.png				100		[772583]			
112012201	迅捷III	Assets/Product/Texture/Image/IconAffix/AffixIconShanxian2.png				50		[760213]			
112012202	冻结III	Assets/Product/Texture/Image/IconAffix/AffixIconShanxian2.png	攻击附带冰属性伤害和减速效果，大概率冻结目标			75		[760453]			
112012203	庇护	Assets/Product/Texture/Image/IconAffix/AffixIconShanxian2.png	每过一段时间给自身和周边友方单位添加护盾			75		[772595]			
112012204	散失	Assets/Product/Texture/Image/IconAffix/AffixIconShanxian2.png				100		[772583]			
112012301	迅捷III	Assets/Product/Texture/Image/IconAffix/AffixIconShanxian2.png				50		[760213]			
112012302	冻结III	Assets/Product/Texture/Image/IconAffix/AffixIconShanxian2.png	攻击附带冰属性伤害和减速效果，大概率冻结目标			75		[760453]			
112012303	庇护	Assets/Product/Texture/Image/IconAffix/AffixIconShanxian2.png	每过一段时间给自身和周边友方单位添加护盾			75		[772595]			
112012304	散失	Assets/Product/Texture/Image/IconAffix/AffixIconShanxian2.png				100		[772583]			
112013101	迅捷III	Assets/Product/Texture/Image/IconAffix/AffixIconShanxian2.png				50		[760213]			
112013102	冻结III	Assets/Product/Texture/Image/IconAffix/AffixIconShanxian2.png	攻击附带冰属性伤害和减速效果，大概率冻结目标			75		[760453]			
112013103	庇护	Assets/Product/Texture/Image/IconAffix/AffixIconShanxian2.png	每过一段时间给自身和周边友方单位添加护盾			75		[772595]			
112013104	散失	Assets/Product/Texture/Image/IconAffix/AffixIconShanxian2.png				100		[772583]			
112013201	迅捷III	Assets/Product/Texture/Image/IconAffix/AffixIconShanxian2.png				50		[760213]			
112013202	冻结III	Assets/Product/Texture/Image/IconAffix/AffixIconShanxian2.png	攻击附带冰属性伤害和减速效果，大概率冻结目标			75		[760453]			
112013203	庇护	Assets/Product/Texture/Image/IconAffix/AffixIconShanxian2.png	每过一段时间给自身和周边友方单位添加护盾			75		[772595]			
112013204	散失	Assets/Product/Texture/Image/IconAffix/AffixIconShanxian2.png				100		[772583]			
112013301	迅捷III	Assets/Product/Texture/Image/IconAffix/AffixIconShanxian2.png				50		[760213]			
112013302	冻结III	Assets/Product/Texture/Image/IconAffix/AffixIconShanxian2.png	攻击附带冰属性伤害和减速效果，大概率冻结目标			75		[760453]			
112013303	庇护	Assets/Product/Texture/Image/IconAffix/AffixIconShanxian2.png	每过一段时间给自身和周边友方单位添加护盾			75		[772595]			
112013304	散失	Assets/Product/Texture/Image/IconAffix/AffixIconShanxian2.png				100		[772583]			
112021101	贯穿II	Assets/Product/Texture/Image/IconAffix/AffixIconShanxian2.png				50		[760342]			
112021102	火焰III	Assets/Product/Texture/Image/IconAffix/AffixIconShanxian2.png	攻击附带火伤，大概率点燃目标，造成持续伤害			75		[760433]			
112021103	祝福III	Assets/Product/Texture/Image/IconAffix/AffixIconShanxian2.png				75		[760313]			
112021104	复仇	Assets/Product/Texture/Image/IconAffix/AffixIconShanxian2.png				100		[772591]			
112021201	贯穿II	Assets/Product/Texture/Image/IconAffix/AffixIconShanxian2.png				50		[760342]			
112021202	火焰III	Assets/Product/Texture/Image/IconAffix/AffixIconShanxian2.png	攻击附带火伤，大概率点燃目标，造成持续伤害			75		[760433]			
112021203	祝福III	Assets/Product/Texture/Image/IconAffix/AffixIconShanxian2.png				75		[760313]			
112021204	复仇	Assets/Product/Texture/Image/IconAffix/AffixIconShanxian2.png				100		[772591]			
112021301	贯穿II	Assets/Product/Texture/Image/IconAffix/AffixIconShanxian2.png				50		[760342]			
112021302	火焰III	Assets/Product/Texture/Image/IconAffix/AffixIconShanxian2.png	攻击附带火伤，大概率点燃目标，造成持续伤害			75		[760433]			
112021303	祝福III	Assets/Product/Texture/Image/IconAffix/AffixIconShanxian2.png				75		[760313]			
112021304	复仇	Assets/Product/Texture/Image/IconAffix/AffixIconShanxian2.png				100		[772591]			
112022101	贯穿II	Assets/Product/Texture/Image/IconAffix/AffixIconShanxian2.png				50		[760342]			
112022102	火焰III	Assets/Product/Texture/Image/IconAffix/AffixIconShanxian2.png	攻击附带火伤，大概率点燃目标，造成持续伤害			75		[760433]			
112022103	祝福III	Assets/Product/Texture/Image/IconAffix/AffixIconShanxian2.png				75		[760313]			
112022104	复仇	Assets/Product/Texture/Image/IconAffix/AffixIconShanxian2.png				150		[772591]			
112022201	贯穿II	Assets/Product/Texture/Image/IconAffix/AffixIconShanxian2.png				50		[760342]			
112022202	火焰III	Assets/Product/Texture/Image/IconAffix/AffixIconShanxian2.png	攻击附带火伤，大概率点燃目标，造成持续伤害			75		[760433]			
112022203	祝福III	Assets/Product/Texture/Image/IconAffix/AffixIconShanxian2.png				75		[760313]			
112022204	复仇	Assets/Product/Texture/Image/IconAffix/AffixIconShanxian2.png				150		[772591]			
112022301	贯穿II	Assets/Product/Texture/Image/IconAffix/AffixIconShanxian2.png				50		[760342]			
112022302	火焰III	Assets/Product/Texture/Image/IconAffix/AffixIconShanxian2.png	攻击附带火伤，大概率点燃目标，造成持续伤害			75		[760433]			
112022303	祝福III	Assets/Product/Texture/Image/IconAffix/AffixIconShanxian2.png				75		[760313]			
112022304	复仇	Assets/Product/Texture/Image/IconAffix/AffixIconShanxian2.png				150		[772591]			
112023101	贯穿II	Assets/Product/Texture/Image/IconAffix/AffixIconShanxian2.png				50		[760342]			
112023102	火焰III	Assets/Product/Texture/Image/IconAffix/AffixIconShanxian2.png	攻击附带火伤，大概率点燃目标，造成持续伤害			75		[760433]			
112023103	祝福III	Assets/Product/Texture/Image/IconAffix/AffixIconShanxian2.png				75		[760313]			
112023104	复仇	Assets/Product/Texture/Image/IconAffix/AffixIconShanxian2.png				150		[772591]			
112023201	贯穿II	Assets/Product/Texture/Image/IconAffix/AffixIconShanxian2.png				50		[760342]			
112023202	火焰III	Assets/Product/Texture/Image/IconAffix/AffixIconShanxian2.png	攻击附带火伤，大概率点燃目标，造成持续伤害			75		[760433]			
112023203	祝福III	Assets/Product/Texture/Image/IconAffix/AffixIconShanxian2.png				75		[760313]			
112023204	复仇	Assets/Product/Texture/Image/IconAffix/AffixIconShanxian2.png				150		[772591]			
112023301	贯穿II	Assets/Product/Texture/Image/IconAffix/AffixIconShanxian2.png				50		[760342]			
112023302	火焰III	Assets/Product/Texture/Image/IconAffix/AffixIconShanxian2.png	攻击附带火伤，大概率点燃目标，造成持续伤害			75		[760433]			
112023303	祝福III	Assets/Product/Texture/Image/IconAffix/AffixIconShanxian2.png				75		[760313]			
112023304	复仇	Assets/Product/Texture/Image/IconAffix/AffixIconShanxian2.png				150		[772591]			
112031101	弱攻II	Assets/Product/Texture/Image/IconAffix/AffixIconShanxian2.png				50		[760062]			
112031102	破甲II	Assets/Product/Texture/Image/IconAffix/AffixIconShanxian2.png				100		[760072]			
112031103	电盾II	Assets/Product/Texture/Image/IconAffix/AffixIconShanxian2.png	受击时，中概率朝攻击者所处位置召雷			100		[760352]			
112031104	暴走II	Assets/Product/Texture/Image/IconAffix/AffixIconShanxian2.png				200		[760252]			
112031201	弱攻II	Assets/Product/Texture/Image/IconAffix/AffixIconShanxian2.png				50		[760062]			
112031202	破甲II	Assets/Product/Texture/Image/IconAffix/AffixIconShanxian2.png				100		[760072]			
112031203	电盾II	Assets/Product/Texture/Image/IconAffix/AffixIconShanxian2.png	受击时，中概率朝攻击者所处位置召雷			100		[760352]			
112031204	暴走II	Assets/Product/Texture/Image/IconAffix/AffixIconShanxian2.png				200		[760252]			
113011101	雷鸣II	Assets/Product/Texture/Image/IconAffix/AffixIconShanxian2.png	攻击附带雷伤，小概率造成引雷效果			50		[760492]			
113011102	劣化III	Assets/Product/Texture/Image/IconAffix/AffixIconShanxian2.png				75		[760632]			
113011103	护盾II	Assets/Product/Texture/Image/IconAffix/AffixIconShanxian2.png				75		[760242]			
113011104	散失	Assets/Product/Texture/Image/IconAffix/AffixIconShanxian2.png				100		[772583]			
113011201	雷鸣II	Assets/Product/Texture/Image/IconAffix/AffixIconShanxian2.png	攻击附带雷伤，小概率造成引雷效果			50		[760492]			
113011202	劣化III	Assets/Product/Texture/Image/IconAffix/AffixIconShanxian2.png				75		[760632]			
113011203	护盾II	Assets/Product/Texture/Image/IconAffix/AffixIconShanxian2.png				75		[760242]			
113011204	散失	Assets/Product/Texture/Image/IconAffix/AffixIconShanxian2.png				100		[772583]			
113011301	雷鸣II	Assets/Product/Texture/Image/IconAffix/AffixIconShanxian2.png	攻击附带雷伤，小概率造成引雷效果			50		[760492]			
113011302	劣化III	Assets/Product/Texture/Image/IconAffix/AffixIconShanxian2.png				75		[760632]			
113011303	护盾II	Assets/Product/Texture/Image/IconAffix/AffixIconShanxian2.png				75		[760242]			
113011304	散失	Assets/Product/Texture/Image/IconAffix/AffixIconShanxian2.png				100		[772583]			
113012101	雷鸣II	Assets/Product/Texture/Image/IconAffix/AffixIconShanxian2.png	攻击附带雷伤，小概率造成引雷效果			50		[760492]			
113012102	劣化III	Assets/Product/Texture/Image/IconAffix/AffixIconShanxian2.png				75		[760632]			
113012103	护盾II	Assets/Product/Texture/Image/IconAffix/AffixIconShanxian2.png				75		[760242]			
113012104	散失	Assets/Product/Texture/Image/IconAffix/AffixIconShanxian2.png				100		[772583]			
113012201	雷鸣II	Assets/Product/Texture/Image/IconAffix/AffixIconShanxian2.png	攻击附带雷伤，小概率造成引雷效果			50		[760492]			
113012202	劣化III	Assets/Product/Texture/Image/IconAffix/AffixIconShanxian2.png				75		[760632]			
113012203	护盾II	Assets/Product/Texture/Image/IconAffix/AffixIconShanxian2.png				75		[760242]			
113012204	散失	Assets/Product/Texture/Image/IconAffix/AffixIconShanxian2.png				100		[772583]			
113012301	雷鸣II	Assets/Product/Texture/Image/IconAffix/AffixIconShanxian2.png	攻击附带雷伤，小概率造成引雷效果			50		[760492]			
113012302	劣化III	Assets/Product/Texture/Image/IconAffix/AffixIconShanxian2.png				75		[760632]			
113012303	护盾II	Assets/Product/Texture/Image/IconAffix/AffixIconShanxian2.png				75		[760242]			
113012304	散失	Assets/Product/Texture/Image/IconAffix/AffixIconShanxian2.png				100		[772583]			
113013101	辐射II	Assets/Product/Texture/Image/IconAffix/AffixIconShanxian2.png				50		[760292]			
113013102	独狼III	Assets/Product/Texture/Image/IconAffix/AffixIconShanxian2.png				75		[760323]			
113013103	自爆虫	Assets/Product/Texture/Image/IconAffix/AffixIconShanxian2.png				75		[772601]			
113013104	炎盾	Assets/Product/Texture/Image/IconAffix/AffixIconShanxian2.png	生成环绕炎球，被触碰时对敌方造成伤害并恢复自身血量			150		[712005]			
113013201	辐射II	Assets/Product/Texture/Image/IconAffix/AffixIconShanxian2.png				50		[760292]			
113013202	独狼III	Assets/Product/Texture/Image/IconAffix/AffixIconShanxian2.png				75		[760323]			
113013203	自爆虫	Assets/Product/Texture/Image/IconAffix/AffixIconShanxian2.png				75		[772601]			
113013204	炎盾	Assets/Product/Texture/Image/IconAffix/AffixIconShanxian2.png	生成环绕炎球，被触碰时对敌方造成伤害并恢复自身血量			150		[712005]			
113013301	辐射II	Assets/Product/Texture/Image/IconAffix/AffixIconShanxian2.png				50		[760292]			
113013302	独狼III	Assets/Product/Texture/Image/IconAffix/AffixIconShanxian2.png				75		[760323]			
113013303	自爆虫	Assets/Product/Texture/Image/IconAffix/AffixIconShanxian2.png				75		[772601]			
113013304	炎盾	Assets/Product/Texture/Image/IconAffix/AffixIconShanxian2.png	生成环绕炎球，被触碰时对敌方造成伤害并恢复自身血量			150		[712005]			
113014101	辐射II	Assets/Product/Texture/Image/IconAffix/AffixIconShanxian2.png				50		[760292]			
113014102	独狼III	Assets/Product/Texture/Image/IconAffix/AffixIconShanxian2.png				75		[760323]			
113014103	自爆虫	Assets/Product/Texture/Image/IconAffix/AffixIconShanxian2.png				75		[772601]			
113014104	炎盾	Assets/Product/Texture/Image/IconAffix/AffixIconShanxian2.png	生成环绕炎球，被触碰时对敌方造成伤害并恢复自身血量			150		[712005]			
113014201	辐射II	Assets/Product/Texture/Image/IconAffix/AffixIconShanxian2.png				50		[760292]			
113014202	独狼III	Assets/Product/Texture/Image/IconAffix/AffixIconShanxian2.png				75		[760323]			
113014203	自爆虫	Assets/Product/Texture/Image/IconAffix/AffixIconShanxian2.png				75		[772601]			
113014204	炎盾	Assets/Product/Texture/Image/IconAffix/AffixIconShanxian2.png	生成环绕炎球，被触碰时对敌方造成伤害并恢复自身血量			150		[712005]			
113014301	辐射II	Assets/Product/Texture/Image/IconAffix/AffixIconShanxian2.png				50		[760292]			
113014302	独狼III	Assets/Product/Texture/Image/IconAffix/AffixIconShanxian2.png				75		[760323]			
113014303	自爆虫	Assets/Product/Texture/Image/IconAffix/AffixIconShanxian2.png				75		[772601]			
113014304	炎盾	Assets/Product/Texture/Image/IconAffix/AffixIconShanxian2.png	生成环绕炎球，被触碰时对敌方造成伤害并恢复自身血量			150		[712005]			
113021101	辐射II	Assets/Product/Texture/Image/IconAffix/AffixIconShanxian2.png				50		[760292]			
113021102	独狼III	Assets/Product/Texture/Image/IconAffix/AffixIconShanxian2.png				75		[760323]			
113021103	自爆虫	Assets/Product/Texture/Image/IconAffix/AffixIconShanxian2.png				75		[772601]			
113021104	炎盾	Assets/Product/Texture/Image/IconAffix/AffixIconShanxian2.png	生成环绕炎球，被触碰时对敌方造成伤害并恢复自身血量			150		[712005]			
113021201	辐射II	Assets/Product/Texture/Image/IconAffix/AffixIconShanxian2.png				50		[760292]			
113021202	独狼III	Assets/Product/Texture/Image/IconAffix/AffixIconShanxian2.png				75		[760323]			
113021203	自爆虫	Assets/Product/Texture/Image/IconAffix/AffixIconShanxian2.png				75		[772601]			
113021204	炎盾	Assets/Product/Texture/Image/IconAffix/AffixIconShanxian2.png	生成环绕炎球，被触碰时对敌方造成伤害并恢复自身血量			150		[712005]			
113021301	辐射II	Assets/Product/Texture/Image/IconAffix/AffixIconShanxian2.png				50		[760292]			
113021302	独狼III	Assets/Product/Texture/Image/IconAffix/AffixIconShanxian2.png				75		[760323]			
113021303	自爆虫	Assets/Product/Texture/Image/IconAffix/AffixIconShanxian2.png				75		[772601]			
113021304	炎盾	Assets/Product/Texture/Image/IconAffix/AffixIconShanxian2.png	生成环绕炎球，被触碰时对敌方造成伤害并恢复自身血量			150		[712005]			
113022101	雷鸣II	Assets/Product/Texture/Image/IconAffix/AffixIconShanxian2.png	攻击附带雷伤，小概率造成引雷效果			50		[760492]			
113022102	劣化III	Assets/Product/Texture/Image/IconAffix/AffixIconShanxian2.png				100		[760632]			
113022103	护盾II	Assets/Product/Texture/Image/IconAffix/AffixIconShanxian2.png				100		[760242]			
113022104	散失	Assets/Product/Texture/Image/IconAffix/AffixIconShanxian2.png				200		[772583]			
113022201	雷鸣II	Assets/Product/Texture/Image/IconAffix/AffixIconShanxian2.png	攻击附带雷伤，小概率造成引雷效果			50		[760492]			
113022202	劣化III	Assets/Product/Texture/Image/IconAffix/AffixIconShanxian2.png				100		[760632]			
113022203	护盾II	Assets/Product/Texture/Image/IconAffix/AffixIconShanxian2.png				100		[760242]			
113022204	散失	Assets/Product/Texture/Image/IconAffix/AffixIconShanxian2.png				200		[772583]			
113022301	雷鸣II	Assets/Product/Texture/Image/IconAffix/AffixIconShanxian2.png	攻击附带雷伤，小概率造成引雷效果			50		[760492]			
113022302	劣化III	Assets/Product/Texture/Image/IconAffix/AffixIconShanxian2.png				100		[760632]			
113022303	护盾II	Assets/Product/Texture/Image/IconAffix/AffixIconShanxian2.png				100		[760242]			
113022304	散失	Assets/Product/Texture/Image/IconAffix/AffixIconShanxian2.png				200		[772583]			
113023101	雷鸣II	Assets/Product/Texture/Image/IconAffix/AffixIconShanxian2.png	攻击附带雷伤，小概率造成引雷效果			50		[760492]			
113023102	劣化III	Assets/Product/Texture/Image/IconAffix/AffixIconShanxian2.png				100		[760632]			
113023103	护盾II	Assets/Product/Texture/Image/IconAffix/AffixIconShanxian2.png				100		[760242]			
113023104	散失	Assets/Product/Texture/Image/IconAffix/AffixIconShanxian2.png				200		[772583]			
113023201	雷鸣II	Assets/Product/Texture/Image/IconAffix/AffixIconShanxian2.png	攻击附带雷伤，小概率造成引雷效果			50		[760492]			
113023202	劣化III	Assets/Product/Texture/Image/IconAffix/AffixIconShanxian2.png				100		[760632]			
113023203	护盾II	Assets/Product/Texture/Image/IconAffix/AffixIconShanxian2.png				100		[760242]			
113023204	散失	Assets/Product/Texture/Image/IconAffix/AffixIconShanxian2.png				200		[772583]			
113023301	雷鸣II	Assets/Product/Texture/Image/IconAffix/AffixIconShanxian2.png	攻击附带雷伤，小概率造成引雷效果			50		[760492]			
113023302	劣化III	Assets/Product/Texture/Image/IconAffix/AffixIconShanxian2.png				100		[760632]			
113023303	护盾II	Assets/Product/Texture/Image/IconAffix/AffixIconShanxian2.png				100		[760242]			
113023304	散失	Assets/Product/Texture/Image/IconAffix/AffixIconShanxian2.png				200		[772583]			
114011101	破甲II	Assets/Product/Texture/Image/IconAffix/AffixIconShanxian2.png				200		[760072]			
114011102	火焰III	Assets/Product/Texture/Image/IconAffix/AffixIconShanxian2.png	攻击附带火伤，大概率点燃目标，造成持续伤害			300		[760433]			
114011103	暴走II	Assets/Product/Texture/Image/IconAffix/AffixIconShanxian2.png				300		[760252]			
114011104	炎盾	Assets/Product/Texture/Image/IconAffix/AffixIconShanxian2.png	生成环绕炎球，被触碰时对敌方造成伤害并恢复自身血量			300		[712005]			
114011201	破甲II	Assets/Product/Texture/Image/IconAffix/AffixIconShanxian2.png				200		[760072]			
114011202	火焰III	Assets/Product/Texture/Image/IconAffix/AffixIconShanxian2.png	攻击附带火伤，大概率点燃目标，造成持续伤害			300		[760433]			
114011203	暴走II	Assets/Product/Texture/Image/IconAffix/AffixIconShanxian2.png				300		[760252]			
114011204	炎盾	Assets/Product/Texture/Image/IconAffix/AffixIconShanxian2.png	生成环绕炎球，被触碰时对敌方造成伤害并恢复自身血量			300		[712005]			
114011301	破甲II	Assets/Product/Texture/Image/IconAffix/AffixIconShanxian2.png				200		[760072]			
114011302	火焰III	Assets/Product/Texture/Image/IconAffix/AffixIconShanxian2.png	攻击附带火伤，大概率点燃目标，造成持续伤害			300		[760433]			
114011303	暴走II	Assets/Product/Texture/Image/IconAffix/AffixIconShanxian2.png				300		[760252]			
114011304	炎盾	Assets/Product/Texture/Image/IconAffix/AffixIconShanxian2.png	生成环绕炎球，被触碰时对敌方造成伤害并恢复自身血量			300		[712005]			
114012101	破甲II	Assets/Product/Texture/Image/IconAffix/AffixIconShanxian2.png				200		[760072]			
114012102	冻结III	Assets/Product/Texture/Image/IconAffix/AffixIconShanxian2.png	攻击附带冰属性伤害和减速效果，大概率冻结目标			300		[760453]			
114012103	暴走II	Assets/Product/Texture/Image/IconAffix/AffixIconShanxian2.png				300		[760252]			
114012104	霜盾	Assets/Product/Texture/Image/IconAffix/AffixIconShanxian2.png	受到伤害降低，受到普通攻击时降低攻击者移速			300		[712004]			
114012201	破甲II	Assets/Product/Texture/Image/IconAffix/AffixIconShanxian2.png				200		[760072]			
114012202	冻结III	Assets/Product/Texture/Image/IconAffix/AffixIconShanxian2.png	攻击附带冰属性伤害和减速效果，大概率冻结目标			300		[760453]			
114012203	暴走II	Assets/Product/Texture/Image/IconAffix/AffixIconShanxian2.png				300		[760252]			
114012204	霜盾	Assets/Product/Texture/Image/IconAffix/AffixIconShanxian2.png	受到伤害降低，受到普通攻击时降低攻击者移速			300		[712004]			
115011101	迅捷III	Assets/Product/Texture/Image/IconAffix/AffixIconShanxian2.png				50		[760213]			
115011102	祝福III	Assets/Product/Texture/Image/IconAffix/AffixIconShanxian2.png				75		[760313]			
115011103	辐射III	Assets/Product/Texture/Image/IconAffix/AffixIconShanxian2.png				75		[760293]			
115011104	闪现III	Assets/Product/Texture/Image/IconAffix/AffixIconShanxian2.png	发动瞬移接近目标，间隔较短			150		[760393]			
115011201	迅捷III	Assets/Product/Texture/Image/IconAffix/AffixIconShanxian2.png				50		[760213]			
115011202	祝福III	Assets/Product/Texture/Image/IconAffix/AffixIconShanxian2.png				75		[760313]			
115011203	辐射III	Assets/Product/Texture/Image/IconAffix/AffixIconShanxian2.png				75		[760293]			
115011204	闪现III	Assets/Product/Texture/Image/IconAffix/AffixIconShanxian2.png	发动瞬移接近目标，间隔较短			150		[760393]			
115011301	迅捷III	Assets/Product/Texture/Image/IconAffix/AffixIconShanxian2.png				50		[760213]			
115011302	祝福III	Assets/Product/Texture/Image/IconAffix/AffixIconShanxian2.png				75		[760313]			
115011303	辐射III	Assets/Product/Texture/Image/IconAffix/AffixIconShanxian2.png				75		[760293]			
115011304	闪现III	Assets/Product/Texture/Image/IconAffix/AffixIconShanxian2.png	发动瞬移接近目标，间隔较短			150		[760393]			
115012101	迅捷III	Assets/Product/Texture/Image/IconAffix/AffixIconShanxian2.png				50		[760213]			
115012102	祝福III	Assets/Product/Texture/Image/IconAffix/AffixIconShanxian2.png				75		[760313]			
115012103	辐射III	Assets/Product/Texture/Image/IconAffix/AffixIconShanxian2.png				75		[760293]			
115012104	闪现III	Assets/Product/Texture/Image/IconAffix/AffixIconShanxian2.png	发动瞬移接近目标，间隔较短			150		[760393]			
115012201	迅捷III	Assets/Product/Texture/Image/IconAffix/AffixIconShanxian2.png				50		[760213]			
115012202	祝福III	Assets/Product/Texture/Image/IconAffix/AffixIconShanxian2.png				75		[760313]			
115012203	辐射III	Assets/Product/Texture/Image/IconAffix/AffixIconShanxian2.png				75		[760293]			
115012204	闪现III	Assets/Product/Texture/Image/IconAffix/AffixIconShanxian2.png	发动瞬移接近目标，间隔较短			150		[760393]			
115012301	迅捷III	Assets/Product/Texture/Image/IconAffix/AffixIconShanxian2.png				50		[760213]			
115012302	祝福III	Assets/Product/Texture/Image/IconAffix/AffixIconShanxian2.png				75		[760313]			
115012303	辐射III	Assets/Product/Texture/Image/IconAffix/AffixIconShanxian2.png				75		[760293]			
115012304	闪现III	Assets/Product/Texture/Image/IconAffix/AffixIconShanxian2.png	发动瞬移接近目标，间隔较短			150		[760393]			
115013101	迅捷III	Assets/Product/Texture/Image/IconAffix/AffixIconShanxian2.png				50		[760213]			
115013102	祝福III	Assets/Product/Texture/Image/IconAffix/AffixIconShanxian2.png				75		[760313]			
115013103	辐射III	Assets/Product/Texture/Image/IconAffix/AffixIconShanxian2.png				75		[760293]			
115013104	闪现III	Assets/Product/Texture/Image/IconAffix/AffixIconShanxian2.png	发动瞬移接近目标，间隔较短			150		[760393]			
115013201	迅捷III	Assets/Product/Texture/Image/IconAffix/AffixIconShanxian2.png				50		[760213]			
115013202	祝福III	Assets/Product/Texture/Image/IconAffix/AffixIconShanxian2.png				75		[760313]			
115013203	辐射III	Assets/Product/Texture/Image/IconAffix/AffixIconShanxian2.png				75		[760293]			
115013204	闪现III	Assets/Product/Texture/Image/IconAffix/AffixIconShanxian2.png	发动瞬移接近目标，间隔较短			150		[760393]			
115013301	迅捷III	Assets/Product/Texture/Image/IconAffix/AffixIconShanxian2.png				50		[760213]			
115013302	祝福III	Assets/Product/Texture/Image/IconAffix/AffixIconShanxian2.png				75		[760313]			
115013303	辐射III	Assets/Product/Texture/Image/IconAffix/AffixIconShanxian2.png				75		[760293]			
115013304	闪现III	Assets/Product/Texture/Image/IconAffix/AffixIconShanxian2.png	发动瞬移接近目标，间隔较短			150		[760393]			
115014101	迅捷III	Assets/Product/Texture/Image/IconAffix/AffixIconShanxian2.png				50		[760213]			
115014102	黑洞II	Assets/Product/Texture/Image/IconAffix/AffixIconShanxian2.png				100		[760412]			
115014103	闪现III	Assets/Product/Texture/Image/IconAffix/AffixIconShanxian2.png	发动瞬移接近目标，间隔较短			100		[760393]			
115014104	致命	Assets/Product/Texture/Image/IconAffix/AffixIconShanxian2.png				150		[776102]			
115014201	迅捷III	Assets/Product/Texture/Image/IconAffix/AffixIconShanxian2.png				50		[760213]			
115014202	黑洞II	Assets/Product/Texture/Image/IconAffix/AffixIconShanxian2.png				100		[760412]			
115014203	闪现III	Assets/Product/Texture/Image/IconAffix/AffixIconShanxian2.png	发动瞬移接近目标，间隔较短			100		[760393]			
115014204	致命	Assets/Product/Texture/Image/IconAffix/AffixIconShanxian2.png				150		[776102]			
115014301	迅捷III	Assets/Product/Texture/Image/IconAffix/AffixIconShanxian2.png				50		[760213]			
115014302	黑洞II	Assets/Product/Texture/Image/IconAffix/AffixIconShanxian2.png				100		[760412]			
115014303	闪现III	Assets/Product/Texture/Image/IconAffix/AffixIconShanxian2.png	发动瞬移接近目标，间隔较短			100		[760393]			
115014304	致命	Assets/Product/Texture/Image/IconAffix/AffixIconShanxian2.png				150		[776102]			
115015101	迅捷III	Assets/Product/Texture/Image/IconAffix/AffixIconShanxian2.png				50		[760213]			
115015102	黑洞II	Assets/Product/Texture/Image/IconAffix/AffixIconShanxian2.png				100		[760412]			
115015103	闪现III	Assets/Product/Texture/Image/IconAffix/AffixIconShanxian2.png	发动瞬移接近目标，间隔较短			100		[760393]			
115015104	致命	Assets/Product/Texture/Image/IconAffix/AffixIconShanxian2.png				150		[776102]			
115015201	迅捷III	Assets/Product/Texture/Image/IconAffix/AffixIconShanxian2.png				50		[760213]			
115015202	黑洞II	Assets/Product/Texture/Image/IconAffix/AffixIconShanxian2.png				100		[760412]			
115015203	闪现III	Assets/Product/Texture/Image/IconAffix/AffixIconShanxian2.png	发动瞬移接近目标，间隔较短			100		[760393]			
115015204	致命	Assets/Product/Texture/Image/IconAffix/AffixIconShanxian2.png				150		[776102]			
115015301	迅捷III	Assets/Product/Texture/Image/IconAffix/AffixIconShanxian2.png				50		[760213]			
115015302	黑洞II	Assets/Product/Texture/Image/IconAffix/AffixIconShanxian2.png				100		[760412]			
115015303	闪现III	Assets/Product/Texture/Image/IconAffix/AffixIconShanxian2.png	发动瞬移接近目标，间隔较短			100		[760393]			
115015304	致命	Assets/Product/Texture/Image/IconAffix/AffixIconShanxian2.png				150		[776102]			
115021101	迅捷III	Assets/Product/Texture/Image/IconAffix/AffixIconShanxian2.png				50		[760213]			
115021102	遗言者	Assets/Product/Texture/Image/IconAffix/AffixIconShanxian2.png				100		[742151]			
115021103	闪现III	Assets/Product/Texture/Image/IconAffix/AffixIconShanxian2.png	发动瞬移接近目标，间隔较短			100		[760393]			
115021104	暴走III	Assets/Product/Texture/Image/IconAffix/AffixIconShanxian2.png				200		[760253]			
115021201	迅捷III	Assets/Product/Texture/Image/IconAffix/AffixIconShanxian2.png				50		[760213]			
115021202	遗言者	Assets/Product/Texture/Image/IconAffix/AffixIconShanxian2.png				100		[742151]			
115021203	闪现III	Assets/Product/Texture/Image/IconAffix/AffixIconShanxian2.png	发动瞬移接近目标，间隔较短			100		[760393]			
115021204	暴走III	Assets/Product/Texture/Image/IconAffix/AffixIconShanxian2.png				200		[760253]			
115021301	迅捷III	Assets/Product/Texture/Image/IconAffix/AffixIconShanxian2.png				50		[760213]			
115021302	遗言者	Assets/Product/Texture/Image/IconAffix/AffixIconShanxian2.png				100		[742151]			
115021303	闪现III	Assets/Product/Texture/Image/IconAffix/AffixIconShanxian2.png	发动瞬移接近目标，间隔较短			100		[760393]			
115021304	暴走III	Assets/Product/Texture/Image/IconAffix/AffixIconShanxian2.png				200		[760253]			
115022101	迅捷III	Assets/Product/Texture/Image/IconAffix/AffixIconShanxian2.png				50		[760213]			
115022102	遗言者	Assets/Product/Texture/Image/IconAffix/AffixIconShanxian2.png				100		[742151]			
115022103	闪现III	Assets/Product/Texture/Image/IconAffix/AffixIconShanxian2.png	发动瞬移接近目标，间隔较短			100		[760393]			
115022104	暴走III	Assets/Product/Texture/Image/IconAffix/AffixIconShanxian2.png				200		[760253]			
115022201	迅捷III	Assets/Product/Texture/Image/IconAffix/AffixIconShanxian2.png				50		[760213]			
115022202	遗言者	Assets/Product/Texture/Image/IconAffix/AffixIconShanxian2.png				100		[742151]			
115022203	闪现III	Assets/Product/Texture/Image/IconAffix/AffixIconShanxian2.png	发动瞬移接近目标，间隔较短			100		[760393]			
115022204	暴走III	Assets/Product/Texture/Image/IconAffix/AffixIconShanxian2.png				200		[760253]			
115022301	迅捷III	Assets/Product/Texture/Image/IconAffix/AffixIconShanxian2.png				50		[760213]			
115022302	遗言者	Assets/Product/Texture/Image/IconAffix/AffixIconShanxian2.png				100		[742151]			
115022303	闪现III	Assets/Product/Texture/Image/IconAffix/AffixIconShanxian2.png	发动瞬移接近目标，间隔较短			100		[760393]			
115022304	暴走III	Assets/Product/Texture/Image/IconAffix/AffixIconShanxian2.png				200		[760253]			
115023101	迅捷III	Assets/Product/Texture/Image/IconAffix/AffixIconShanxian2.png				50		[760213]			
115023102	遗言者	Assets/Product/Texture/Image/IconAffix/AffixIconShanxian2.png				100		[742151]			
115023103	闪现III	Assets/Product/Texture/Image/IconAffix/AffixIconShanxian2.png	发动瞬移接近目标，间隔较短			100		[760393]			
115023104	暴走III	Assets/Product/Texture/Image/IconAffix/AffixIconShanxian2.png				200		[760253]			
115023201	迅捷III	Assets/Product/Texture/Image/IconAffix/AffixIconShanxian2.png				50		[760213]			
115023202	遗言者	Assets/Product/Texture/Image/IconAffix/AffixIconShanxian2.png				100		[742151]			
115023203	闪现III	Assets/Product/Texture/Image/IconAffix/AffixIconShanxian2.png	发动瞬移接近目标，间隔较短			100		[760393]			
115023204	暴走III	Assets/Product/Texture/Image/IconAffix/AffixIconShanxian2.png				200		[760253]			
115023301	迅捷III	Assets/Product/Texture/Image/IconAffix/AffixIconShanxian2.png				50		[760213]			
115023302	遗言者	Assets/Product/Texture/Image/IconAffix/AffixIconShanxian2.png				100		[742151]			
115023303	闪现III	Assets/Product/Texture/Image/IconAffix/AffixIconShanxian2.png	发动瞬移接近目标，间隔较短			100		[760393]			
115023304	暴走III	Assets/Product/Texture/Image/IconAffix/AffixIconShanxian2.png				200		[760253]			
116011101	暗影III	Assets/Product/Texture/Image/IconAffix/AffixIconShanxian2.png	攻击附带暗属性伤害，小概率附加眩晕效果			50		[760473]			
116011102	庇护	Assets/Product/Texture/Image/IconAffix/AffixIconShanxian2.png	每过一段时间给自身和周边友方单位添加护盾			75		[772595]			
116011103	默哀	Assets/Product/Texture/Image/IconAffix/AffixIconShanxian2.png				75		[778091]			
116011104	暴走III	Assets/Product/Texture/Image/IconAffix/AffixIconShanxian2.png				150		[760253]			
116011201	暗影III	Assets/Product/Texture/Image/IconAffix/AffixIconShanxian2.png	攻击附带暗属性伤害，小概率附加眩晕效果			50		[760473]			
116011202	庇护	Assets/Product/Texture/Image/IconAffix/AffixIconShanxian2.png	每过一段时间给自身和周边友方单位添加护盾			75		[772595]			
116011203	默哀	Assets/Product/Texture/Image/IconAffix/AffixIconShanxian2.png				75		[778091]			
116011204	暴走III	Assets/Product/Texture/Image/IconAffix/AffixIconShanxian2.png				150		[760253]			
116011301	暗影III	Assets/Product/Texture/Image/IconAffix/AffixIconShanxian2.png	攻击附带暗属性伤害，小概率附加眩晕效果			50		[760473]			
116011302	庇护	Assets/Product/Texture/Image/IconAffix/AffixIconShanxian2.png	每过一段时间给自身和周边友方单位添加护盾			75		[772595]			
116011303	默哀	Assets/Product/Texture/Image/IconAffix/AffixIconShanxian2.png				75		[778091]			
116011304	暴走III	Assets/Product/Texture/Image/IconAffix/AffixIconShanxian2.png				150		[760253]			
116012101	闭环II	Assets/Product/Texture/Image/IconAffix/AffixIconShanxian2.png				50		[760302]			
116012102	贯穿III	Assets/Product/Texture/Image/IconAffix/AffixIconShanxian2.png				100		[760343]			
116012103	暴走III	Assets/Product/Texture/Image/IconAffix/AffixIconShanxian2.png				100		[760253]			
116012104	散失	Assets/Product/Texture/Image/IconAffix/AffixIconShanxian2.png				150		[772583]			
116012201	闭环II	Assets/Product/Texture/Image/IconAffix/AffixIconShanxian2.png				50		[760302]			
116012202	贯穿III	Assets/Product/Texture/Image/IconAffix/AffixIconShanxian2.png				100		[760343]			
116012203	暴走III	Assets/Product/Texture/Image/IconAffix/AffixIconShanxian2.png				100		[760253]			
116012204	散失	Assets/Product/Texture/Image/IconAffix/AffixIconShanxian2.png				150		[772583]			
116012301	闭环II	Assets/Product/Texture/Image/IconAffix/AffixIconShanxian2.png				50		[760302]			
116012302	贯穿III	Assets/Product/Texture/Image/IconAffix/AffixIconShanxian2.png				100		[760343]			
116012303	暴走III	Assets/Product/Texture/Image/IconAffix/AffixIconShanxian2.png				100		[760253]			
116012304	散失	Assets/Product/Texture/Image/IconAffix/AffixIconShanxian2.png				150		[772583]			
116013101	闭环II	Assets/Product/Texture/Image/IconAffix/AffixIconShanxian2.png				50		[760302]			
116013102	贯穿III	Assets/Product/Texture/Image/IconAffix/AffixIconShanxian2.png				100		[760343]			
116013103	暴走III	Assets/Product/Texture/Image/IconAffix/AffixIconShanxian2.png				100		[760253]			
116013104	散失	Assets/Product/Texture/Image/IconAffix/AffixIconShanxian2.png				150		[772583]			
116013201	闭环II	Assets/Product/Texture/Image/IconAffix/AffixIconShanxian2.png				50		[760302]			
116013202	贯穿III	Assets/Product/Texture/Image/IconAffix/AffixIconShanxian2.png				100		[760343]			
116013203	暴走III	Assets/Product/Texture/Image/IconAffix/AffixIconShanxian2.png				100		[760253]			
116013204	散失	Assets/Product/Texture/Image/IconAffix/AffixIconShanxian2.png				150		[772583]			
116013301	闭环II	Assets/Product/Texture/Image/IconAffix/AffixIconShanxian2.png				50		[760302]			
116013302	贯穿III	Assets/Product/Texture/Image/IconAffix/AffixIconShanxian2.png				100		[760343]			
116013303	暴走III	Assets/Product/Texture/Image/IconAffix/AffixIconShanxian2.png				100		[760253]			
116013304	散失	Assets/Product/Texture/Image/IconAffix/AffixIconShanxian2.png				150		[772583]			
116021101	暗影III	Assets/Product/Texture/Image/IconAffix/AffixIconShanxian2.png	攻击附带暗属性伤害，小概率附加眩晕效果			50		[760473]			
116021102	庇护	Assets/Product/Texture/Image/IconAffix/AffixIconShanxian2.png	每过一段时间给自身和周边友方单位添加护盾			100		[772595]			
116021103	贯穿III	Assets/Product/Texture/Image/IconAffix/AffixIconShanxian2.png				100		[760343]			
116021104	暴走III	Assets/Product/Texture/Image/IconAffix/AffixIconShanxian2.png				200		[760253]			
116021201	暗影III	Assets/Product/Texture/Image/IconAffix/AffixIconShanxian2.png	攻击附带暗属性伤害，小概率附加眩晕效果			50		[760473]			
116021202	庇护	Assets/Product/Texture/Image/IconAffix/AffixIconShanxian2.png	每过一段时间给自身和周边友方单位添加护盾			100		[772595]			
116021203	贯穿III	Assets/Product/Texture/Image/IconAffix/AffixIconShanxian2.png				100		[760343]			
116021204	暴走III	Assets/Product/Texture/Image/IconAffix/AffixIconShanxian2.png				200		[760253]			
116021301	暗影III	Assets/Product/Texture/Image/IconAffix/AffixIconShanxian2.png	攻击附带暗属性伤害，小概率附加眩晕效果			50		[760473]			
116021302	庇护	Assets/Product/Texture/Image/IconAffix/AffixIconShanxian2.png	每过一段时间给自身和周边友方单位添加护盾			100		[772595]			
116021303	贯穿III	Assets/Product/Texture/Image/IconAffix/AffixIconShanxian2.png				100		[760343]			
116021304	暴走III	Assets/Product/Texture/Image/IconAffix/AffixIconShanxian2.png				200		[760253]			
116022101	闭环II	Assets/Product/Texture/Image/IconAffix/AffixIconShanxian2.png				50		[760302]			
116022102	冻结III	Assets/Product/Texture/Image/IconAffix/AffixIconShanxian2.png	攻击附带冰属性伤害和减速效果，大概率冻结目标			100		[760453]			
116022103	贯穿III	Assets/Product/Texture/Image/IconAffix/AffixIconShanxian2.png				100		[760343]			
116022104	暴走III	Assets/Product/Texture/Image/IconAffix/AffixIconShanxian2.png				200		[760253]			
116022201	闭环II	Assets/Product/Texture/Image/IconAffix/AffixIconShanxian2.png				50		[760302]			
116022202	冻结III	Assets/Product/Texture/Image/IconAffix/AffixIconShanxian2.png	攻击附带冰属性伤害和减速效果，大概率冻结目标			100		[760453]			
116022203	贯穿III	Assets/Product/Texture/Image/IconAffix/AffixIconShanxian2.png				100		[760343]			
116022204	暴走III	Assets/Product/Texture/Image/IconAffix/AffixIconShanxian2.png				200		[760253]			
116022301	闭环II	Assets/Product/Texture/Image/IconAffix/AffixIconShanxian2.png				50		[760302]			
116022302	冻结III	Assets/Product/Texture/Image/IconAffix/AffixIconShanxian2.png	攻击附带冰属性伤害和减速效果，大概率冻结目标			100		[760453]			
116022303	贯穿III	Assets/Product/Texture/Image/IconAffix/AffixIconShanxian2.png				100		[760343]			
116022304	暴走III	Assets/Product/Texture/Image/IconAffix/AffixIconShanxian2.png				200		[760253]			
116031101	火焰III	Assets/Product/Texture/Image/IconAffix/AffixIconShanxian2.png	攻击附带火伤，大概率点燃目标，造成持续伤害			100		[760433]			
116031102	自爆虫	Assets/Product/Texture/Image/IconAffix/AffixIconShanxian2.png				150		[772601]			
116031103	贯穿III	Assets/Product/Texture/Image/IconAffix/AffixIconShanxian2.png				150		[760343]			
116031104	暴走III	Assets/Product/Texture/Image/IconAffix/AffixIconShanxian2.png				300		[760253]			
116031201	暗影III	Assets/Product/Texture/Image/IconAffix/AffixIconShanxian2.png	攻击附带暗属性伤害，小概率附加眩晕效果			100		[760473]			
116031202	自爆虫	Assets/Product/Texture/Image/IconAffix/AffixIconShanxian2.png				150		[772601]			
116031203	贯穿III	Assets/Product/Texture/Image/IconAffix/AffixIconShanxian2.png				150		[760343]			
116031204	暴走III	Assets/Product/Texture/Image/IconAffix/AffixIconShanxian2.png				300		[760253]			
117011101	劣化III	Assets/Product/Texture/Image/IconAffix/AffixIconShanxian2.png				50		[760632]			
117011102	复苏III	Assets/Product/Texture/Image/IconAffix/AffixIconShanxian2.png				75		[760233]			
117011103	主宰	Assets/Product/Texture/Image/IconAffix/AffixIconShanxian2.png				75		[715713]			
117011104	犹豫	Assets/Product/Texture/Image/IconAffix/AffixIconShanxian2.png	未受伤害时，会恢复自身终结值			150		[779305]			
117011201	劣化III	Assets/Product/Texture/Image/IconAffix/AffixIconShanxian2.png				50		[760632]			
117011202	复苏III	Assets/Product/Texture/Image/IconAffix/AffixIconShanxian2.png				75		[760233]			
117011203	主宰	Assets/Product/Texture/Image/IconAffix/AffixIconShanxian2.png				75		[715713]			
117011204	犹豫	Assets/Product/Texture/Image/IconAffix/AffixIconShanxian2.png	未受伤害时，会恢复自身终结值			150		[779305]			
117011301	劣化III	Assets/Product/Texture/Image/IconAffix/AffixIconShanxian2.png				50		[760632]			
117011302	复苏III	Assets/Product/Texture/Image/IconAffix/AffixIconShanxian2.png				75		[760233]			
117011303	主宰	Assets/Product/Texture/Image/IconAffix/AffixIconShanxian2.png				75		[715713]			
117011304	犹豫	Assets/Product/Texture/Image/IconAffix/AffixIconShanxian2.png	未受伤害时，会恢复自身终结值			150		[779305]			
117012101	劣化III	Assets/Product/Texture/Image/IconAffix/AffixIconShanxian2.png				50		[760632]			
117012102	复苏III	Assets/Product/Texture/Image/IconAffix/AffixIconShanxian2.png				100		[760233]			
117012103	主宰	Assets/Product/Texture/Image/IconAffix/AffixIconShanxian2.png				100		[715713]			
117012104	犹豫	Assets/Product/Texture/Image/IconAffix/AffixIconShanxian2.png	未受伤害时，会恢复自身终结值			150		[779305]			
117012201	劣化III	Assets/Product/Texture/Image/IconAffix/AffixIconShanxian2.png				50		[760632]			
117012202	复苏III	Assets/Product/Texture/Image/IconAffix/AffixIconShanxian2.png				100		[760233]			
117012203	主宰	Assets/Product/Texture/Image/IconAffix/AffixIconShanxian2.png				100		[715713]			
117012204	犹豫	Assets/Product/Texture/Image/IconAffix/AffixIconShanxian2.png	未受伤害时，会恢复自身终结值			150		[779305]			
117012301	劣化III	Assets/Product/Texture/Image/IconAffix/AffixIconShanxian2.png				50		[760632]			
117012302	复苏III	Assets/Product/Texture/Image/IconAffix/AffixIconShanxian2.png				100		[760233]			
117012303	主宰	Assets/Product/Texture/Image/IconAffix/AffixIconShanxian2.png				100		[715713]			
117012304	犹豫	Assets/Product/Texture/Image/IconAffix/AffixIconShanxian2.png	未受伤害时，会恢复自身终结值			150		[779305]			
117013101	劣化III	Assets/Product/Texture/Image/IconAffix/AffixIconShanxian2.png				50		[760632]			
117013102	复苏III	Assets/Product/Texture/Image/IconAffix/AffixIconShanxian2.png				100		[760233]			
117013103	主宰	Assets/Product/Texture/Image/IconAffix/AffixIconShanxian2.png				100		[715713]			
117013104	犹豫	Assets/Product/Texture/Image/IconAffix/AffixIconShanxian2.png	未受伤害时，会恢复自身终结值			150		[779305]			
117013201	劣化III	Assets/Product/Texture/Image/IconAffix/AffixIconShanxian2.png				50		[760632]			
117013202	复苏III	Assets/Product/Texture/Image/IconAffix/AffixIconShanxian2.png				100		[760233]			
117013203	主宰	Assets/Product/Texture/Image/IconAffix/AffixIconShanxian2.png				100		[715713]			
117013204	犹豫	Assets/Product/Texture/Image/IconAffix/AffixIconShanxian2.png	未受伤害时，会恢复自身终结值			150		[779305]			
117013301	劣化III	Assets/Product/Texture/Image/IconAffix/AffixIconShanxian2.png				50		[760632]			
117013302	复苏III	Assets/Product/Texture/Image/IconAffix/AffixIconShanxian2.png				100		[760233]			
117013303	主宰	Assets/Product/Texture/Image/IconAffix/AffixIconShanxian2.png				100		[715713]			
117013304	犹豫	Assets/Product/Texture/Image/IconAffix/AffixIconShanxian2.png	未受伤害时，会恢复自身终结值			150		[779305]			
117021101	劣化III	Assets/Product/Texture/Image/IconAffix/AffixIconShanxian2.png				50		[760632]			
117021102	复苏III	Assets/Product/Texture/Image/IconAffix/AffixIconShanxian2.png				100		[760233]			
117021103	主宰	Assets/Product/Texture/Image/IconAffix/AffixIconShanxian2.png				100		[715713]			
117021104	犹豫	Assets/Product/Texture/Image/IconAffix/AffixIconShanxian2.png	未受伤害时，会恢复自身终结值			200		[779305]			
117021201	劣化III	Assets/Product/Texture/Image/IconAffix/AffixIconShanxian2.png				50		[760632]			
117021202	复苏III	Assets/Product/Texture/Image/IconAffix/AffixIconShanxian2.png				100		[760233]			
117021203	主宰	Assets/Product/Texture/Image/IconAffix/AffixIconShanxian2.png				100		[715713]			
117021204	犹豫	Assets/Product/Texture/Image/IconAffix/AffixIconShanxian2.png	未受伤害时，会恢复自身终结值			200		[779305]			
117021301	劣化III	Assets/Product/Texture/Image/IconAffix/AffixIconShanxian2.png				50		[760632]			
117021302	复苏III	Assets/Product/Texture/Image/IconAffix/AffixIconShanxian2.png				100		[760233]			
117021303	主宰	Assets/Product/Texture/Image/IconAffix/AffixIconShanxian2.png				100		[715713]			
117021304	犹豫	Assets/Product/Texture/Image/IconAffix/AffixIconShanxian2.png	未受伤害时，会恢复自身终结值			200		[779305]			
117022101	劣化III	Assets/Product/Texture/Image/IconAffix/AffixIconShanxian2.png				50		[760632]			
117022102	复苏III	Assets/Product/Texture/Image/IconAffix/AffixIconShanxian2.png				100		[760233]			
117022103	主宰	Assets/Product/Texture/Image/IconAffix/AffixIconShanxian2.png				100		[715713]			
117022104	犹豫	Assets/Product/Texture/Image/IconAffix/AffixIconShanxian2.png	未受伤害时，会恢复自身终结值			200		[779305]			
117022201	劣化III	Assets/Product/Texture/Image/IconAffix/AffixIconShanxian2.png				50		[760632]			
117022202	复苏III	Assets/Product/Texture/Image/IconAffix/AffixIconShanxian2.png				100		[760233]			
117022203	主宰	Assets/Product/Texture/Image/IconAffix/AffixIconShanxian2.png				100		[715713]			
117022204	犹豫	Assets/Product/Texture/Image/IconAffix/AffixIconShanxian2.png	未受伤害时，会恢复自身终结值			200		[779305]			
117022301	劣化III	Assets/Product/Texture/Image/IconAffix/AffixIconShanxian2.png				50		[760632]			
117022302	复苏III	Assets/Product/Texture/Image/IconAffix/AffixIconShanxian2.png				100		[760233]			
117022303	主宰	Assets/Product/Texture/Image/IconAffix/AffixIconShanxian2.png				100		[715713]			
117022304	犹豫	Assets/Product/Texture/Image/IconAffix/AffixIconShanxian2.png	未受伤害时，会恢复自身终结值			200		[779305]			
117031101	劣化III	Assets/Product/Texture/Image/IconAffix/AffixIconShanxian2.png				100		[760632]			
117031102	复苏III	Assets/Product/Texture/Image/IconAffix/AffixIconShanxian2.png				150		[760233]			
117031103	主宰	Assets/Product/Texture/Image/IconAffix/AffixIconShanxian2.png				150		[715713]			
117031104	犹豫	Assets/Product/Texture/Image/IconAffix/AffixIconShanxian2.png	未受伤害时，会恢复自身终结值			300		[779305]			
117031201	劣化III	Assets/Product/Texture/Image/IconAffix/AffixIconShanxian2.png				100		[760632]			
117031202	复苏III	Assets/Product/Texture/Image/IconAffix/AffixIconShanxian2.png				150		[760233]			
117031203	主宰	Assets/Product/Texture/Image/IconAffix/AffixIconShanxian2.png				150		[715713]			
117031204	犹豫	Assets/Product/Texture/Image/IconAffix/AffixIconShanxian2.png	未受伤害时，会恢复自身终结值			300		[779305]			
118011101	迅捷III	Assets/Product/Texture/Image/IconAffix/AffixIconShanxian2.png				50		[760213]			
118011102	暗影III	Assets/Product/Texture/Image/IconAffix/AffixIconShanxian2.png	攻击附带暗属性伤害，小概率附加眩晕效果			75		[760473]			
118011103	庇护	Assets/Product/Texture/Image/IconAffix/AffixIconShanxian2.png	每过一段时间给自身和周边友方单位添加护盾			75		[772595]			
118011104	暴走III	Assets/Product/Texture/Image/IconAffix/AffixIconShanxian2.png				150		[760253]			
118011201	迅捷III	Assets/Product/Texture/Image/IconAffix/AffixIconShanxian2.png				50		[760213]			
118011202	暗影III	Assets/Product/Texture/Image/IconAffix/AffixIconShanxian2.png	攻击附带暗属性伤害，小概率附加眩晕效果			75		[760473]			
118011203	庇护	Assets/Product/Texture/Image/IconAffix/AffixIconShanxian2.png	每过一段时间给自身和周边友方单位添加护盾			75		[772595]			
118011204	暴走III	Assets/Product/Texture/Image/IconAffix/AffixIconShanxian2.png				150		[760253]			
118011301	迅捷III	Assets/Product/Texture/Image/IconAffix/AffixIconShanxian2.png				50		[760213]			
118011302	暗影III	Assets/Product/Texture/Image/IconAffix/AffixIconShanxian2.png	攻击附带暗属性伤害，小概率附加眩晕效果			75		[760473]			
118011303	庇护	Assets/Product/Texture/Image/IconAffix/AffixIconShanxian2.png	每过一段时间给自身和周边友方单位添加护盾			75		[772595]			
118011304	暴走III	Assets/Product/Texture/Image/IconAffix/AffixIconShanxian2.png				150		[760253]			
118012101	迅捷III	Assets/Product/Texture/Image/IconAffix/AffixIconShanxian2.png				50		[760213]			
118012102	暗影III	Assets/Product/Texture/Image/IconAffix/AffixIconShanxian2.png	攻击附带暗属性伤害，小概率附加眩晕效果			100		[760473]			
118012103	庇护	Assets/Product/Texture/Image/IconAffix/AffixIconShanxian2.png	每过一段时间给自身和周边友方单位添加护盾			100		[772595]			
118012104	暴走III	Assets/Product/Texture/Image/IconAffix/AffixIconShanxian2.png				150		[760253]			
118012201	迅捷III	Assets/Product/Texture/Image/IconAffix/AffixIconShanxian2.png				50		[760213]			
118012202	暗影III	Assets/Product/Texture/Image/IconAffix/AffixIconShanxian2.png	攻击附带暗属性伤害，小概率附加眩晕效果			100		[760473]			
118012203	庇护	Assets/Product/Texture/Image/IconAffix/AffixIconShanxian2.png	每过一段时间给自身和周边友方单位添加护盾			100		[772595]			
118012204	暴走III	Assets/Product/Texture/Image/IconAffix/AffixIconShanxian2.png				150		[760253]			
118013101	迅捷III	Assets/Product/Texture/Image/IconAffix/AffixIconShanxian2.png				50		[760213]			
118013102	暗影III	Assets/Product/Texture/Image/IconAffix/AffixIconShanxian2.png	攻击附带暗属性伤害，小概率附加眩晕效果			100		[760473]			
118013103	庇护	Assets/Product/Texture/Image/IconAffix/AffixIconShanxian2.png	每过一段时间给自身和周边友方单位添加护盾			100		[772595]			
118013104	暴走III	Assets/Product/Texture/Image/IconAffix/AffixIconShanxian2.png				150		[760253]			
118013201	迅捷III	Assets/Product/Texture/Image/IconAffix/AffixIconShanxian2.png				50		[760213]			
118013202	暗影III	Assets/Product/Texture/Image/IconAffix/AffixIconShanxian2.png	攻击附带暗属性伤害，小概率附加眩晕效果			100		[760473]			
118013203	庇护	Assets/Product/Texture/Image/IconAffix/AffixIconShanxian2.png	每过一段时间给自身和周边友方单位添加护盾			100		[772595]			
118013204	暴走III	Assets/Product/Texture/Image/IconAffix/AffixIconShanxian2.png				150		[760253]			
118021101	迅捷III	Assets/Product/Texture/Image/IconAffix/AffixIconShanxian2.png				50		[760213]			
118021102	暗影III	Assets/Product/Texture/Image/IconAffix/AffixIconShanxian2.png	攻击附带暗属性伤害，小概率附加眩晕效果			100		[760473]			
118021103	庇护	Assets/Product/Texture/Image/IconAffix/AffixIconShanxian2.png	每过一段时间给自身和周边友方单位添加护盾			100		[772595]			
118021104	暴走III	Assets/Product/Texture/Image/IconAffix/AffixIconShanxian2.png				200		[760253]			
118021201	迅捷III	Assets/Product/Texture/Image/IconAffix/AffixIconShanxian2.png				50		[760213]			
118021202	暗影III	Assets/Product/Texture/Image/IconAffix/AffixIconShanxian2.png	攻击附带暗属性伤害，小概率附加眩晕效果			100		[760473]			
118021203	庇护	Assets/Product/Texture/Image/IconAffix/AffixIconShanxian2.png	每过一段时间给自身和周边友方单位添加护盾			100		[772595]			
118021204	暴走III	Assets/Product/Texture/Image/IconAffix/AffixIconShanxian2.png				200		[760253]			
118022101	迅捷III	Assets/Product/Texture/Image/IconAffix/AffixIconShanxian2.png				50		[760213]			
118022102	暗影III	Assets/Product/Texture/Image/IconAffix/AffixIconShanxian2.png	攻击附带暗属性伤害，小概率附加眩晕效果			100		[760473]			
118022103	壁垒III	Assets/Product/Texture/Image/IconAffix/AffixIconShanxian2.png	基于生命值获得大量护盾，护盾存在期间免疫受击			100		[760283]			
118022104	暴走III	Assets/Product/Texture/Image/IconAffix/AffixIconShanxian2.png				200		[760253]			
118022201	迅捷III	Assets/Product/Texture/Image/IconAffix/AffixIconShanxian2.png				50		[760213]			
118022202	暗影III	Assets/Product/Texture/Image/IconAffix/AffixIconShanxian2.png	攻击附带暗属性伤害，小概率附加眩晕效果			100		[760473]			
118022203	壁垒III	Assets/Product/Texture/Image/IconAffix/AffixIconShanxian2.png	基于生命值获得大量护盾，护盾存在期间免疫受击			100		[760283]			
118022204	暴走III	Assets/Product/Texture/Image/IconAffix/AffixIconShanxian2.png				200		[760253]			
119011101	虚弱III	Assets/Product/Texture/Image/IconAffix/AffixIconShanxian2.png				300		[760093]			
119011102	劣化III	Assets/Product/Texture/Image/IconAffix/AffixIconShanxian2.png				600		[760632]			
119011103	强攻II	Assets/Product/Texture/Image/IconAffix/AffixIconShanxian2.png				600		[760132]			
119011104	免伤I	Assets/Product/Texture/Image/IconAffix/AffixIconShanxian2.png				1200		[760201]			
119011201	虚弱III	Assets/Product/Texture/Image/IconAffix/AffixIconShanxian2.png				300		[760093]			
119011202	劣化III	Assets/Product/Texture/Image/IconAffix/AffixIconShanxian2.png				600		[760632]			
119011203	强攻II	Assets/Product/Texture/Image/IconAffix/AffixIconShanxian2.png				600		[760132]			
119011204	免伤I	Assets/Product/Texture/Image/IconAffix/AffixIconShanxian2.png				1200		[760201]			
120011101	畏物理II	Assets/Product/Texture/Image/IconAffix/AffixIconShanxian2.png				400		[760042]			
120011102	畏元素II	Assets/Product/Texture/Image/IconAffix/AffixIconShanxian2.png				400		[760052]			
120011103	电盾III	Assets/Product/Texture/Image/IconAffix/AffixIconShanxian2.png	受击时，大概率朝攻击者所处位置召雷			600		[760353]			
120011104	暴走III	Assets/Product/Texture/Image/IconAffix/AffixIconShanxian2.png				1000		[760253]			
120011201	畏物理II	Assets/Product/Texture/Image/IconAffix/AffixIconShanxian2.png				400		[760042]			
120011202	畏元素II	Assets/Product/Texture/Image/IconAffix/AffixIconShanxian2.png				400		[760052]			
120011203	电盾III	Assets/Product/Texture/Image/IconAffix/AffixIconShanxian2.png	受击时，大概率朝攻击者所处位置召雷			600		[760353]			
120011204	暴走III	Assets/Product/Texture/Image/IconAffix/AffixIconShanxian2.png				1000		[760253]			
120021101	畏物理II	Assets/Product/Texture/Image/IconAffix/AffixIconShanxian2.png				500		[760042]			
120021102	畏元素II	Assets/Product/Texture/Image/IconAffix/AffixIconShanxian2.png				500		[760052]			
120021103	电盾III	Assets/Product/Texture/Image/IconAffix/AffixIconShanxian2.png	受击时，大概率朝攻击者所处位置召雷			800		[760353]			
120021104	暴走III	Assets/Product/Texture/Image/IconAffix/AffixIconShanxian2.png				1200		[760253]			
120021201	畏物理II	Assets/Product/Texture/Image/IconAffix/AffixIconShanxian2.png				500		[760042]			
120021202	畏元素II	Assets/Product/Texture/Image/IconAffix/AffixIconShanxian2.png				500		[760052]			
120021203	电盾III	Assets/Product/Texture/Image/IconAffix/AffixIconShanxian2.png	受击时，大概率朝攻击者所处位置召雷			800		[760353]			
120021204	暴走III	Assets/Product/Texture/Image/IconAffix/AffixIconShanxian2.png				1200		[760253]			
