Id	Note	TemplateId	StageId	Weight	Mode	ModeParams	TimeLimit	MonsterGroupId	GroupOrder	IsQubitStage	QubitMonsterGroup	QubitValue	QubitEquipBoxGroup	QubitItemBoxGroup	QubitGoldGroup	FightEventIds	SuggestAbility	ExtraWaveGroupId	ExtraWaveRate	ExtraWaveTime	BaseHp
11111	第一章-首节点特制	1111	30062806	100	1	[0]		[111111]										111	100	30	130270
11112	第一章-首节点特制	1111	30062806	100	1	[0]		[111121]										112	100	30	130270
11113	第一章-首节点特制	1111	30062806	100	1	[0]		[111131]										111	100	30	130270
11121	第一章-首节点特制	1112	30062806	100	1	[0]		[111211]										112	100	30	130270
11122	第一章-首节点特制	1112	30062806	100	1	[0]		[111221]										111	100	30	130270
11123	第一章-首节点特制	1112	30062806	100	1	[0]		[111231]										112	100	30	130270
11211	第一章-普通刷怪	1121	30062806	100	1	[0, 30]		[112111, 112112]										111	100	30	65135
11212	第一章-普通刷怪	1121	30062806	100	1	[0, 30]		[112121, 112122]										112	100	30	65135
11213	第一章-普通刷怪	1121	30062806	100	1	[0, 30]		[112131, 112132]										111	100	30	65135
11221	第一章-普通刷怪	1122	30062820	100	1	[0, 30]		[112211, 112212]										112	100	30	65135
11222	第一章-普通刷怪	1122	30062820	100	1	[0, 30]		[112221, 112222]										111	100	30	65135
11223	第一章-普通刷怪	1122	30062820	100	1	[0, 30]		[112231, 112232]										112	100	30	65135
13111	第一章-普通割草	1311	30062807	100	3	[20]		[131111]										111	100	30	21712
13112	第一章-普通割草	1311	30062807	100	3	[20]		[131121]										112	100	30	21712
13113	第一章-普通割草	1311	30062807	100	3	[20]		[131131]										111	100	30	21712
16211	第一章-困难刷怪	1621	30062806	100	1	[0, 30]		[162111, 162112]										112	200	30	97702
16212	第一章-困难刷怪	1621	30062820	100	1	[0, 30]		[162121, 162122]										111	200	30	97702
16213	第一章-困难刷怪	1621	30062807	100	1	[0, 30]		[162131, 162132]										112	200	30	97702
21211	第二章-普通刷怪-前段	2121	30062821	100	1	[0, 30]		[212111, 212112]	2		[1231231, 1231231]	['2|30', '2|60']		[1001, 1002]		[2251401]		121	200	30	399122
21212	第二章-普通刷怪-前段	2121	30062821	100	1	[0, 30]		[212121, 212122]	2		[1231231, 1231231]	['2|30', '2|60']		[1001, 1002]		[2251401]		122	200	30	399122
21213	第二章-普通刷怪-前段	2121	30062821	100	1	[0, 30]		[212131, 212132]	2		[1231231, 1231231]	['2|30', '2|60']		[1002]	[103]	[2251401]		121	200	30	399122
21214	第二章-普通刷怪-前段	2121	30062814	100	1	[0, 30]		[212141, 212142]	2		[1231231, 1231231]	['2|30', '2|60']		[1001, 1002]		[2251401]		122	200	30	399122
21215	第二章-普通刷怪-前段	2121	30062814	100	1	[0, 30]		[212151, 212152]	2		[1231231, 1231231]	['2|30', '2|60']		[1001, 1002]		[2251401]		121	200	30	399122
21221	第二章-普通刷怪-后段	2122	30062814	100	1	[0, 30]		[212211, 212212]	2		[1231231, 1231231]	['2|30', '2|60']		[1002]	[103]	[2251401]		122	200	30	399122
21222	第二章-普通刷怪-后段	2122	30062814	100	1	[0, 30]		[212221, 212222]	2		[1231231, 1231231]	['2|30', '2|60']		[1001, 1002]		[2251401]		121	200	30	399122
21223	第二章-普通刷怪-后段	2122	30062812	100	1	[0, 30]		[212231, 212232]	2		[1231231, 1231231]	['2|30', '2|60']		[1001, 1002]		[2251401]		122	200	30	399122
21224	第二章-普通刷怪-后段	2122	30062812	100	1	[0, 30]		[212241, 212242]	2		[1231231, 1231231]	['2|30', '2|60']		[1002]	[103]	[2251401]		121	200	30	399122
21225	第二章-普通刷怪-后段	2122	30062812	100	1	[0, 30]		[212251, 212252]	2		[1231231, 1231231]	['2|30', '2|60']		[1001, 1002]		[2251401]		121	200	30	399122
23111	第二章-普通割草-前段	2311	30062821	100	3	[20]		[231111]	1		[1231121, 1231121]	['2|30', '2|60']		[1001, 1002]		[2251401]		122	200	30	133041
23112	第二章-普通割草-前段	2311	30062821	100	3	[20]		[231121]	1		[1231121, 1231121]	['2|30', '2|60']		[1002]	[103]	[2251401]		121	200	30	133041
23113	第二章-普通割草-前段	2311	30062814	100	3	[20]		[231131]	1		[1231121, 1231121]	['2|30', '2|60']		[1001, 1002]		[2251401]		122	200	30	133041
23211	第二章-普通割草-后段	2312	30062814	100	3	[20]		[231211]	1		[1231121, 1231121]	['2|30', '2|60']		[1001, 1002]		[2251401]		121	200	30	133041
23212	第二章-普通割草-后段	2312	30062812	100	3	[20]		[231221]	1		[1231121, 1231121]	['2|30', '2|60']		[1002]	[103]	[2251401]		122	200	30	133041
23213	第二章-普通割草-后段	2312	30062812	100	3	[20]		[231231]	1		[1231121, 1231121]	['2|30', '2|60']		[1001, 1002]		[2251401]		122	200	30	133041
24111	第二章-普通伤害-前段	2411	30062821	100	4	[798245]		[241111]	1		[1241111, 1241111]	['2|30', '2|60']		[1001, 1002]		[2251401]					1596490
24112	第二章-普通伤害-前段	2411	30062821	100	4	[798245]		[241121]	1		[1241111, 1241111]	['2|30', '2|60']		[1002]	[103]	[2251401]					1596490
24121	第二章-普通伤害-后段	2412	30062814	100	4	[798245]		[241211]	1		[1241111, 1241111]	['2|30', '2|60']		[1001, 1002]		[2251401]					1596490
24122	第二章-普通伤害-后段	2412	30062812	100	4	[798245]		[241221]	1		[1241111, 1241111]	['2|30', '2|60']		[1001, 1002]		[2251401]					1596490
25221	第二章-竞速奖励-后段	2522	30062821	100	6	[60, 2, 5]		[212211]	1		[1212151, 1212151]	['2|30', '2|60']		[1002]	[103]	[2251401]					399122
25222	第二章-竞速奖励-后段	2522	30062814	100	6	[60, 2, 5]		[212221]	1		[1212151, 1212151]	['2|30', '2|60']		[1001, 1002]		[2251401]					399122
25223	第二章-竞速奖励-后段	2522	30062812	100	6	[60, 2, 5]		[212231]	1		[1212151, 1212151]	['2|30', '2|60']		[1001, 1002]		[2251401]					399122
25224	第二章-竞速奖励-后段	2522	30062814	100	6	[60, 2, 5]		[212241]	1		[1212151, 1212151]	['2|30', '2|60']		[1002]	[103]	[2251401]					399122
25225	第二章-竞速奖励-后段	2522	30062812	100	6	[60, 2, 5]		[212251]	1		[1212151, 1212151]	['2|30', '2|60']		[1001, 1002]		[2251401]					399122
26211	第二章-困难刷怪-前段	2621	30062821	100	1	[0, 30]		[262111, 262112]	2		[1262111, 1262111]	['2|30', '2|60']		[1001, 1003]	[103, 104]	[2251401]		122	300	30	598683
26212	第二章-困难刷怪-前段	2621	30062821	100	1	[0, 30]		[262121, 262122]	2		[1262111, 1262111]	['2|30', '2|60']		[1001, 1003]	[103, 104]	[2251401]		121	300	30	598683
26221	第二章-困难刷怪-后段	2622	30062814	100	1	[0, 30]		[262211, 262212]	2		[1262111, 1262111]	['2|30', '2|60']		[1001, 1003]	[103, 104]	[2251401]		122	300	30	598683
26222	第二章-困难刷怪-后段	2622	30062812	100	1	[0, 30]		[262221, 262222]	2		[1262111, 1262111]	['2|30', '2|60']		[1001, 1003]	[103, 104]	[2251401]		121	300	30	598683
27111	第二章-困难生存-前段	2711	30062821	100	2	[60]		[271111]	1		[1271111, 1271111]	['2|30', '2|60']		[1001, 1003]	[103, 104]	[2251401, 2251214]					1197368
27112	第二章-困难生存-前段	2711	30062821	100	2	[60]		[271121]	1		[1271111, 1271111]	['2|30', '2|60']		[1001, 1003]	[103, 104]	[2251401, 2251214]					1197368
27121	第二章-困难生存-后段	2712	30062814	100	2	[60]		[271211]	1		[1271111, 1271111]	['2|30', '2|60']		[1001, 1003]	[103, 104]	[2251401, 2251214]					1197368
27122	第二章-困难生存-后段	2712	30062812	100	2	[60]		[271221]	1		[1271111, 1271111]	['2|30', '2|60']		[1001, 1003]	[103, 104]	[2251401, 2251214]					1197368
28111	第二章-保卫萝卜-前段	2811	30062821	100	5	[200, 30, 500]		[281111]	1		[1281111, 1281111]	['2|30', '2|60']		[1001, 1003]	[103, 104]	[2251401]		121	300	30	199561
28112	第二章-保卫萝卜-前段	2811	30062821	100	5	[200, 30, 500]		[281121]	1		[1281111, 1281111]	['2|30', '2|60']		[1001, 1003]	[103, 104]	[2251401]		122	300	30	199561
28121	第二章-保卫萝卜-后段	2812	30062814	100	5	[200, 30, 500]		[281211]	1		[1281111, 1281111]	['2|30', '2|60']		[1001, 1003]	[103, 104]	[2251401]		121	300	30	199561
28122	第二章-保卫萝卜-后段	2812	30062812	100	5	[200, 30, 500]		[281221]	1		[1281111, 1281111]	['2|30', '2|60']		[1001, 1003]	[103, 104]	[2251401]		122	300	30	199561
29111	第二章-困难伤害-前段	2911	30062821	100	4	[1197368]		[291111]	1		[1291211, 1291211]	['2|30', '2|60']		[1001, 1003]	[103, 104]	[2251401]					2394735
29112	第二章-困难伤害-前段	2911	30062821	100	4	[1197368]		[291121]	1		[1291211, 1291211]	['2|30', '2|60']		[1001, 1003]	[103, 104]	[2251401]					2394735
29121	第二章-困难伤害-后段	2912	30062814	100	4	[1197368]		[291211]	1		[1291211, 1291211]	['2|30', '2|60']		[1001, 1003]	[103, 104]	[2251401]					2394735
29122	第二章-困难伤害-后段	2912	30062812	100	4	[1197368]		[291221]	1		[1291211, 1291211]	['2|30', '2|60']		[1001, 1003]	[103, 104]	[2251401]					2394735
26261	第二章-困难刷怪-前段-α线量子值困难保底	2626	30062821	100	1	[0, 30]		[262111, 262112]	2		[1262111, 1262111]	['2|30', '2|60']		[1001, 1003]	[103, 104]	[2251401]		122	300	30	598683
26262	第二章-困难刷怪-前段-α线量子值困难保底	2626	30062821	100	1	[0, 30]		[262121, 262122]	2		[1262111, 1262111]	['2|30', '2|60']		[1001, 1003]	[103, 104]	[2251401]		121	300	30	598683
26271	第二章-困难刷怪-后段-α线量子值困难保底	2627	30062814	100	1	[0, 30]		[262211, 262212]	2		[1262111, 1262111]	['2|30', '2|60']		[1001, 1003]	[103, 104]	[2251401]		122	300	30	598683
26272	第二章-困难刷怪-后段-α线量子值困难保底	2627	30062812	100	1	[0, 30]		[262221, 262222]	2		[1262111, 1262111]	['2|30', '2|60']		[1001, 1003]	[103, 104]	[2251401]		121	300	30	598683
27161	第二章-困难生存-前段-α线量子值困难保底	2716	30062821	100	2	[60]		[271111]	1		[1271111, 1271111]	['2|30', '2|60']		[1001, 1003]	[103, 104]	[2251401, 2251214]					1197368
27162	第二章-困难生存-前段-α线量子值困难保底	2716	30062821	100	2	[60]		[271121]	1		[1271111, 1271111]	['2|30', '2|60']		[1001, 1003]	[103, 104]	[2251401, 2251214]					1197368
27171	第二章-困难生存-后段-α线量子值困难保底	2717	30062814	100	2	[60]		[271211]	1		[1271111, 1271111]	['2|30', '2|60']		[1001, 1003]	[103, 104]	[2251401, 2251214]					1197368
27172	第二章-困难生存-后段-α线量子值困难保底	2717	30062812	100	2	[60]		[271221]	1		[1271111, 1271111]	['2|30', '2|60']		[1001, 1003]	[103, 104]	[2251401, 2251214]					1197368
28161	第二章-保卫萝卜-前段-α线量子值困难保底	2816	30062821	100	5	[200, 30, 500]		[281111]	1		[1281111, 1281111]	['2|30', '2|60']		[1001, 1003]	[103, 104]	[2251401]		121	300	30	199561
28162	第二章-保卫萝卜-前段-α线量子值困难保底	2816	30062821	100	5	[200, 30, 500]		[281121]	1		[1281111, 1281111]	['2|30', '2|60']		[1001, 1003]	[103, 104]	[2251401]		122	300	30	199561
28171	第二章-保卫萝卜-后段-α线量子值困难保底	2817	30062814	100	5	[200, 30, 500]		[281211]	1		[1281111, 1281111]	['2|30', '2|60']		[1001, 1003]	[103, 104]	[2251401]		121	300	30	199561
28172	第二章-保卫萝卜-后段-α线量子值困难保底	2817	30062812	100	5	[200, 30, 500]		[281221]	1		[1281111, 1281111]	['2|30', '2|60']		[1001, 1003]	[103, 104]	[2251401]		122	300	30	199561
29161	第二章-困难伤害-前段-α线量子值困难保底	2916	30062821	100	4	[1197368]		[291111]	1		[1291211, 1291211]	['2|30', '2|60']		[1001, 1003]	[103, 104]	[2251401]					2394735
29162	第二章-困难伤害-前段-α线量子值困难保底	2916	30062821	100	4	[1197368]		[291121]	1		[1291211, 1291211]	['2|30', '2|60']		[1001, 1003]	[103, 104]	[2251401]					2394735
29171	第二章-困难伤害-后段-α线量子值困难保底	2917	30062814	100	4	[1197368]		[291211]	1		[1291211, 1291211]	['2|30', '2|60']		[1001, 1003]	[103, 104]	[2251401]					2394735
29172	第二章-困难伤害-后段-α线量子值困难保底	2917	30062812	100	4	[1197368]		[291221]	1		[1291211, 1291211]	['2|30', '2|60']		[1001, 1003]	[103, 104]	[2251401]					2394735
31211	第三章-普通刷怪-前段	3121	30062817	100	1	[0, 30]		[312111, 312112]	2		[1331211, 1331211]	['2|30', '2|60']		[1001, 1002]		[2251401, 2251402, 2251406]		131	300	30	992512
31212	第三章-普通刷怪-前段	3121	30062817	100	1	[0, 30]		[312121, 312122]	2		[1331211, 1331211]	['2|30', '2|60']		[1001, 1002]		[2251401, 2251402, 2251406]		132	300	30	992512
31213	第三章-普通刷怪-前段	3121	30062817	100	1	[0, 30]		[312131, 312132]	2		[1331211, 1331211]	['2|30', '2|60']		[1002]	[103]	[2251401, 2251402, 2251406]		131	300	30	992512
31221	第三章-普通刷怪-前段	3122	30062822	100	1	[0, 30]		[312211, 312212]	2		[1331211, 1331211]	['2|30', '2|60']		[1001, 1002]		[2251401, 2251402, 2251406]		132	300	30	992512
31222	第三章-普通刷怪-前段	3122	30062822	100	1	[0, 30]		[312221, 312222]	2		[1331211, 1331211]	['2|30', '2|60']		[1001, 1002]		[2251401, 2251402, 2251406]		131	300	30	992512
31223	第三章-普通刷怪-前段	3122	30062822	100	1	[0, 30]		[312231, 312232]	2		[1331211, 1331211]	['2|30', '2|60']		[1002]	[103]	[2251401, 2251402, 2251406]		132	300	30	992512
31231	第三章-普通刷怪-中段	3123	30062823	100	1	[0, 30]		[312311, 312312]	2		[1331211, 1331211]	['2|30', '2|60']		[1001, 1002]		[2251401, 2251402, 2251406]		131	300	30	992512
31232	第三章-普通刷怪-中段	3123	30062823	100	1	[0, 30]		[312321, 312322]	2		[1331211, 1331211]	['2|30', '2|60']		[1001, 1002]		[2251401, 2251402, 2251406]		132	300	30	992512
31233	第三章-普通刷怪-中段	3123	30062823	100	1	[0, 30]		[312331, 312332]	2		[1331211, 1331211]	['2|30', '2|60']		[1002]	[103]	[2251401, 2251402, 2251406]		131	300	30	992512
31241	第三章-普通刷怪-中段	3124	30062824	100	1	[0, 30]		[312411, 312412]	2		[1331211, 1331211]	['2|30', '2|60']		[1001, 1002]		[2251401, 2251402, 2251406]		131	300	30	992512
31242	第三章-普通刷怪-中段	3124	30062824	100	1	[0, 30]		[312421, 312422]	2		[1331211, 1331211]	['2|30', '2|60']		[1001, 1002]		[2251401, 2251402, 2251406]		132	300	30	992512
31243	第三章-普通刷怪-中段	3124	30062824	100	1	[0, 30]		[312431, 312432]	2		[1331211, 1331211]	['2|30', '2|60']		[1002]	[103]	[2251401, 2251402, 2251406]		131	300	30	992512
31311	第三章-普通刷怪-后段	3131	30062825	100	1	[0, 30, 60]		[313111, 313112, 313113]	2		[1331211, 1331211]	['2|30', '2|60']		[1001, 1002]		[2251401, 2251402, 2251406]		132	300	30	661675
31312	第三章-普通刷怪-后段	3131	30062825	100	1	[0, 30, 60]		[313121, 313122, 313123]	2		[1331211, 1331211]	['2|30', '2|60']		[1001, 1002]		[2251401, 2251402, 2251406]		131	300	30	661675
31313	第三章-普通刷怪-后段	3131	30062825	100	1	[0, 30, 60]		[313131, 313132, 313133]	2		[1331211, 1331211]	['2|30', '2|60']		[1002]	[103]	[2251401, 2251402, 2251406]		132	300	30	661675
31321	第三章-普通刷怪-后段	3132	30062823	100	1	[0, 30, 60]		[313211, 313212, 313213]	2		[1331211, 1331211]	['2|30', '2|60']		[1001, 1002]		[2251401, 2251402, 2251406]		131	300	30	661675
31322	第三章-普通刷怪-后段	3132	30062824	100	1	[0, 30, 60]		[313221, 313222, 313223]	2		[1331211, 1331211]	['2|30', '2|60']		[1001, 1002]		[2251401, 2251402, 2251406]		132	300	30	661675
31323	第三章-普通刷怪-后段	3132	30062825	100	1	[0, 30, 60]		[313231, 313232, 313233]	2		[1331211, 1331211]	['2|30', '2|60']		[1002]	[103]	[2251401, 2251402, 2251406]		131	300	30	661675
33111	第三章-普通割草-前段	3311	30062817	100	3	[20]		[331111]	1		[1331111, 1331111]	['2|30', '2|60']		[1001, 1002]		[2251401, 2251402, 2251406]		131	300	30	330838
33112	第三章-普通割草-前段	3311	30062817	100	3	[20]		[331121]	1		[1331111, 1331111]	['2|30', '2|60']		[1001, 1002]		[2251401, 2251402, 2251406]		132	300	30	330838
33113	第三章-普通割草-前段	3311	30062822	100	3	[20]		[331131]	1		[1331111, 1331111]	['2|30', '2|60']		[1002]	[103]	[2251401, 2251402, 2251406]		131	300	30	330838
33121	第三章-普通割草-中段	3312	30062822	100	3	[20]		[331211]	1		[1331111, 1331111]	['2|30', '2|60']		[1001, 1002]		[2251401, 2251402, 2251406]		132	300	30	330838
33122	第三章-普通割草-中段	3312	30062823	100	3	[20]		[331221]	1		[1331111, 1331111]	['2|30', '2|60']		[1001, 1002]		[2251401, 2251402, 2251406]		131	300	30	330838
33123	第三章-普通割草-中段	3312	30062823	100	3	[20]		[331231]	1		[1331111, 1331111]	['2|30', '2|60']		[1002]	[103]	[2251401, 2251402, 2251406]		132	300	30	330838
33131	第三章-普通割草-后段	3313	30062824	100	3	[20]		[331311]	1		[1331111, 1331111]	['2|30', '2|60']		[1001, 1002]		[2251401, 2251402, 2251406]		131	300	30	330838
33132	第三章-普通割草-后段	3313	30062824	100	3	[20]		[331321]	1		[1331111, 1331111]	['2|30', '2|60']		[1001, 1002]		[2251401, 2251402, 2251406]		132	300	30	330838
33133	第三章-普通割草-后段	3313	30062825	100	3	[20]		[331331]	1		[1331111, 1331111]	['2|30', '2|60']		[1002]	[103]	[2251401, 2251402, 2251406]		132	300	30	330838
34111	第三章-普通伤害-前段	3411	30062817	100	4	[1985025]		[341111]	1		[1341211, 1341211]	['2|30', '2|60']		[1001, 1002]		[2251401, 2251402, 2251406]					3970050
34112	第三章-普通伤害-前段	3411	30062822	100	4	[1985025]		[341121]	1		[1341211, 1341211]	['2|30', '2|60']		[1001, 1002]		[2251401, 2251402, 2251406]					3970050
34121	第三章-普通伤害-中段	3412	30062823	100	4	[1985025]		[341211]	1		[1341211, 1341211]	['2|30', '2|60']		[1002]	[103]	[2251401, 2251402, 2251406]					3970050
34122	第三章-普通伤害-中段	3412	30062824	100	4	[1985025]		[341221]	1		[1341211, 1341211]	['2|30', '2|60']		[1001, 1002]		[2251401, 2251402, 2251406]					3970050
34131	第三章-普通伤害-后段	3413	30062825	100	4	[1985025]		[341311]	1		[1341211, 1341211]	['2|30', '2|60']		[1001, 1002]		[2251401, 2251402, 2251406]					3970050
34132	第三章-普通伤害-后段	3413	30062825	100	4	[1985025]		[341321]	1		[1341211, 1341211]	['2|30', '2|60']		[1002]	[103]	[2251401, 2251402, 2251406]					3970050
35231	第三章-竞速奖励-中段	3523	30062822	100	6	[60, 2, 5]		[312311]	1		[1312332, 1312332]	['2|30', '2|60']		[1001, 1002]		[2251401, 2251402, 2251406]					1985024
35232	第三章-竞速奖励-中段	3523	30062823	100	6	[60, 2, 5]		[312321]	1		[1312332, 1312332]	['2|30', '2|60']		[1001, 1002]		[2251401, 2251402, 2251406]					1985024
35233	第三章-竞速奖励-中段	3523	30062824	100	6	[60, 2, 5]		[312331]	1		[1312332, 1312332]	['2|30', '2|60']		[1002]	[103]	[2251401, 2251402, 2251406]					1985024
35241	第三章-竞速奖励-中段	3524	30062825	100	6	[60, 2, 5]		[312411]	1		[1312332, 1312332]	['2|30', '2|60']		[1001, 1002]		[2251401, 2251402, 2251406]					1985024
35242	第三章-竞速奖励-中段	3524	30062822	100	6	[60, 2, 5]		[312421]	1		[1312332, 1312332]	['2|30', '2|60']		[1001, 1002]		[2251401, 2251402, 2251406]					1985024
35243	第三章-竞速奖励-中段	3524	30062823	100	6	[60, 2, 5]		[312431]	1		[1312332, 1312332]	['2|30', '2|60']		[1002]	[103]	[2251401, 2251402, 2251406]					1985024
36311	第三章-困难刷怪-前段	3631	30062817	100	1	[0, 30, 60]		[363111, 363112, 363113]	2		[1363321, 1363321]	['2|30', '2|60']		[1001, 1003]	[103, 104]	[2251401, 2251402, 2251406]		132	500	30	992512
36312	第三章-困难刷怪-前段	3631	30062822	100	1	[0, 30, 60]		[363121, 363122, 363123]	2		[1363321, 1363321]	['2|30', '2|60']		[1001, 1003]	[103, 104]	[2251401, 2251402, 2251406]		131	500	30	992512
36321	第三章-困难刷怪-中段	3632	30062823	100	1	[0, 30, 60]		[363211, 363212, 363213]	2		[1363321, 1363321]	['2|30', '2|60']		[1001, 1003]	[103, 104]	[2251401, 2251402, 2251406]		132	500	30	992512
36322	第三章-困难刷怪-中段	3632	30062824	100	1	[0, 30, 60]		[363221, 363222, 363223]	2		[1363321, 1363321]	['2|30', '2|60']		[1001, 1003]	[103, 104]	[2251401, 2251402, 2251406]		131	500	30	992512
36331	第三章-困难刷怪-后段	3633	30062825	100	1	[0, 30, 60]		[363311, 363312, 363313]	2		[1363321, 1363321]	['2|30', '2|60']		[1001, 1003]	[103, 104]	[2251401, 2251402, 2251406]		132	500	30	992512
36332	第三章-困难刷怪-后段	3633	30062825	100	1	[0, 30, 60]		[363321, 363322, 363323]	2		[1363321, 1363321]	['2|30', '2|60']		[1001, 1003]	[103, 104]	[2251401, 2251402, 2251406]		132	500	30	992512
37111	第三章-困难生存-前段	3711	30062817	100	2	[60]		[371111]	1		[1371111, 1371111]	['2|30', '2|60']		[1001, 1003]	[103, 104]	[2251401, 2251402, 2251406, 2251214]					2977538
37112	第三章-困难生存-前段	3711	30062822	100	2	[60]		[371121]	1		[1371111, 1371111]	['2|30', '2|60']		[1001, 1003]	[103, 104]	[2251401, 2251402, 2251406, 2251214]					2977538
37121	第三章-困难生存-中段	3712	30062823	100	2	[60]		[371211]	1		[1371111, 1371111]	['2|30', '2|60']		[1001, 1003]	[103, 104]	[2251401, 2251402, 2251406, 2251214]					2977538
37122	第三章-困难生存-中段	3712	30062824	100	2	[60]		[371221]	1		[1371111, 1371111]	['2|30', '2|60']		[1001, 1003]	[103, 104]	[2251401, 2251402, 2251406, 2251214]					2977538
37131	第三章-困难生存-后段	3713	30062825	100	2	[60]		[371311]	1		[1371111, 1371111]	['2|30', '2|60']		[1001, 1003]	[103, 104]	[2251401, 2251402, 2251406, 2251214]					2977538
37132	第三章-困难生存-后段	3713	30062825	100	2	[60]		[371321]	1		[1371111, 1371111]	['2|30', '2|60']		[1001, 1003]	[103, 104]	[2251401, 2251402, 2251406, 2251214]					2977538
38111	第三章-保卫萝卜-前段	3811	30062817	100	5	[200, 30, 500]		[381111]	1		[1381311, 1381311]	['2|30', '2|60']		[1001, 1003]	[103, 104]	[2251401, 2251402, 2251406]		131	500	30	496256
38112	第三章-保卫萝卜-前段	3811	30062822	100	5	[200, 30, 500]		[381121]	1		[1381311, 1381311]	['2|30', '2|60']		[1001, 1003]	[103, 104]	[2251401, 2251402, 2251406]		132	500	30	496256
38121	第三章-保卫萝卜-中段	3812	30062823	100	5	[200, 30, 500]		[381211]	1		[1381311, 1381311]	['2|30', '2|60']		[1001, 1003]	[103, 104]	[2251401, 2251402, 2251406]		131	500	30	496256
38122	第三章-保卫萝卜-中段	3812	30062824	100	5	[200, 30, 500]		[381221]	1		[1381311, 1381311]	['2|30', '2|60']		[1001, 1003]	[103, 104]	[2251401, 2251402, 2251406]		132	500	30	496256
38131	第三章-保卫萝卜-后段	3813	30062825	100	5	[200, 30, 500]		[381311]	1		[1381311, 1381311]	['2|30', '2|60']		[1001, 1003]	[103, 104]	[2251401, 2251402, 2251406]		131	500	30	496256
38132	第三章-保卫萝卜-后段	3813	30062825	100	5	[200, 30, 500]		[381321]	1		[1381311, 1381311]	['2|30', '2|60']		[1001, 1003]	[103, 104]	[2251401, 2251402, 2251406]		132	500	30	496256
39111	第三章-困难伤害-前段	3911	30062817	100	4	[2977538]		[391111]	1		[1391121, 1391121]	['2|30', '2|60']		[1001, 1003]	[103, 104]	[2251401, 2251402, 2251406]					5955075
39112	第三章-困难伤害-前段	3911	30062822	100	4	[2977538]		[391121]	1		[1391121, 1391121]	['2|30', '2|60']		[1001, 1003]	[103, 104]	[2251401, 2251402, 2251406]					5955075
39121	第三章-困难伤害-中段	3912	30062823	100	4	[2977538]		[391211]	1		[1391121, 1391121]	['2|30', '2|60']		[1001, 1003]	[103, 104]	[2251401, 2251402, 2251406]					5955075
39122	第三章-困难伤害-中段	3912	30062824	100	4	[2977538]		[391221]	1		[1391121, 1391121]	['2|30', '2|60']		[1001, 1003]	[103, 104]	[2251401, 2251402, 2251406]					5955075
39131	第三章-困难伤害-后段	3913	30062825	100	4	[2977538]		[391311]	1		[1391121, 1391121]	['2|30', '2|60']		[1001, 1003]	[103, 104]	[2251401, 2251402, 2251406]					5955075
39132	第三章-困难伤害-后段	3913	30062825	100	4	[2977538]		[391321]	1		[1391121, 1391121]	['2|30', '2|60']		[1001, 1003]	[103, 104]	[2251401, 2251402, 2251406]					5955075
36361	第三章-困难刷怪-前段-α线量子值困难保底	3636	30062817	100	1	[0, 30, 60]		[363111, 363112, 363113]	2		[1363321, 1363321]	['2|30', '2|60']		[1001, 1003]	[103, 104]	[2251401, 2251402, 2251406]		132	500	30	992512
36362	第三章-困难刷怪-前段-α线量子值困难保底	3636	30062822	100	1	[0, 30, 60]		[363121, 363122, 363123]	2		[1363321, 1363321]	['2|30', '2|60']		[1001, 1003]	[103, 104]	[2251401, 2251402, 2251406]		131	500	30	992512
36371	第三章-困难刷怪-中段-α线量子值困难保底	3637	30062823	100	1	[0, 30, 60]		[363211, 363212, 363213]	2		[1363321, 1363321]	['2|30', '2|60']		[1001, 1003]	[103, 104]	[2251401, 2251402, 2251406]		132	500	30	992512
36372	第三章-困难刷怪-中段-α线量子值困难保底	3637	30062824	100	1	[0, 30, 60]		[363221, 363222, 363223]	2		[1363321, 1363321]	['2|30', '2|60']		[1001, 1003]	[103, 104]	[2251401, 2251402, 2251406]		131	500	30	992512
36381	第三章-困难刷怪-后段-α线量子值困难保底	3638	30062825	100	1	[0, 30, 60]		[363311, 363312, 363313]	2		[1363321, 1363321]	['2|30', '2|60']		[1001, 1003]	[103, 104]	[2251401, 2251402, 2251406]		132	500	30	992512
36382	第三章-困难刷怪-后段-α线量子值困难保底	3638	30062825	100	1	[0, 30, 60]		[363321, 363322, 363323]	2		[1363321, 1363321]	['2|30', '2|60']		[1001, 1003]	[103, 104]	[2251401, 2251402, 2251406]		132	500	30	992512
37161	第三章-困难生存-前段-α线量子值困难保底	3716	30062817	100	2	[60]		[371111]	1		[1371111, 1371111]	['2|30', '2|60']		[1001, 1003]	[103, 104]	[2251401, 2251402, 2251406, 2251214]					2977538
37162	第三章-困难生存-前段-α线量子值困难保底	3716	30062822	100	2	[60]		[371121]	1		[1371111, 1371111]	['2|30', '2|60']		[1001, 1003]	[103, 104]	[2251401, 2251402, 2251406, 2251214]					2977538
37171	第三章-困难生存-中段-α线量子值困难保底	3717	30062823	100	2	[60]		[371211]	1		[1371111, 1371111]	['2|30', '2|60']		[1001, 1003]	[103, 104]	[2251401, 2251402, 2251406, 2251214]					2977538
37172	第三章-困难生存-中段-α线量子值困难保底	3717	30062824	100	2	[60]		[371221]	1		[1371111, 1371111]	['2|30', '2|60']		[1001, 1003]	[103, 104]	[2251401, 2251402, 2251406, 2251214]					2977538
37181	第三章-困难生存-后段-α线量子值困难保底	3718	30062825	100	2	[60]		[371311]	1		[1371111, 1371111]	['2|30', '2|60']		[1001, 1003]	[103, 104]	[2251401, 2251402, 2251406, 2251214]					2977538
37182	第三章-困难生存-后段-α线量子值困难保底	3718	30062825	100	2	[60]		[371321]	1		[1371111, 1371111]	['2|30', '2|60']		[1001, 1003]	[103, 104]	[2251401, 2251402, 2251406, 2251214]					2977538
38161	第三章-保卫萝卜-前段-α线量子值困难保底	3816	30062817	100	5	[200, 30, 500]		[381111]	1		[1381311, 1381311]	['2|30', '2|60']		[1001, 1003]	[103, 104]	[2251401, 2251402, 2251406]		131	500	30	496256
38162	第三章-保卫萝卜-前段-α线量子值困难保底	3816	30062822	100	5	[200, 30, 500]		[381121]	1		[1381311, 1381311]	['2|30', '2|60']		[1001, 1003]	[103, 104]	[2251401, 2251402, 2251406]		132	500	30	496256
38171	第三章-保卫萝卜-中段-α线量子值困难保底	3817	30062823	100	5	[200, 30, 500]		[381211]	1		[1381311, 1381311]	['2|30', '2|60']		[1001, 1003]	[103, 104]	[2251401, 2251402, 2251406]		131	500	30	496256
38172	第三章-保卫萝卜-中段-α线量子值困难保底	3817	30062824	100	5	[200, 30, 500]		[381221]	1		[1381311, 1381311]	['2|30', '2|60']		[1001, 1003]	[103, 104]	[2251401, 2251402, 2251406]		132	500	30	496256
38181	第三章-保卫萝卜-后段-α线量子值困难保底	3818	30062825	100	5	[200, 30, 500]		[381311]	1		[1381311, 1381311]	['2|30', '2|60']		[1001, 1003]	[103, 104]	[2251401, 2251402, 2251406]		131	500	30	496256
38182	第三章-保卫萝卜-后段-α线量子值困难保底	3818	30062825	100	5	[200, 30, 500]		[381321]	1		[1381311, 1381311]	['2|30', '2|60']		[1001, 1003]	[103, 104]	[2251401, 2251402, 2251406]		132	500	30	496256
39161	第三章-困难伤害-前段-α线量子值困难保底	3916	30062817	100	4	[2977538]		[391111]	1		[1391121, 1391121]	['2|30', '2|60']		[1001, 1003]	[103, 104]	[2251401, 2251402, 2251406]					5955075
39162	第三章-困难伤害-前段-α线量子值困难保底	3916	30062822	100	4	[2977538]		[391121]	1		[1391121, 1391121]	['2|30', '2|60']		[1001, 1003]	[103, 104]	[2251401, 2251402, 2251406]					5955075
39171	第三章-困难伤害-中段-α线量子值困难保底	3917	30062823	100	4	[2977538]		[391211]	1		[1391121, 1391121]	['2|30', '2|60']		[1001, 1003]	[103, 104]	[2251401, 2251402, 2251406]					5955075
39172	第三章-困难伤害-中段-α线量子值困难保底	3917	30062824	100	4	[2977538]		[391221]	1		[1391121, 1391121]	['2|30', '2|60']		[1001, 1003]	[103, 104]	[2251401, 2251402, 2251406]					5955075
39181	第三章-困难伤害-后段-α线量子值困难保底	3918	30062825	100	4	[2977538]		[391311]	1		[1391121, 1391121]	['2|30', '2|60']		[1001, 1003]	[103, 104]	[2251401, 2251402, 2251406]					5955075
39182	第三章-困难伤害-后段-α线量子值困难保底	3918	30062825	100	4	[2977538]		[391321]	1		[1391121, 1391121]	['2|30', '2|60']		[1001, 1003]	[103, 104]	[2251401, 2251402, 2251406]					5955075
41211	第四章-普通刷怪-前段	4121	30062813	100	1	[0, 30]		[412111, 412112]	2		[1412221, 1412221]	['2|30', '2|60']		[1001, 1002]		[2251401, 2251403, 2251406]		141	300	30	10757512
41212	第四章-普通刷怪-前段	4121	30062813	100	1	[0, 30]		[412121, 412122]	2		[1412221, 1412221]	['2|30', '2|60']		[1001, 1002]		[2251401, 2251403, 2251406]		142	300	30	10757512
41213	第四章-普通刷怪-前段	4121	30062813	100	1	[0, 30]		[412131, 412132]	2		[1412221, 1412221]	['2|30', '2|60']		[1002]	[103]	[2251401, 2251403, 2251406]		141	300	30	10757512
41214	第四章-普通刷怪-前段	4121	30062813	100	1	[0, 30]		[412141, 412142]	2		[1412221, 1412221]	['2|30', '2|60']		[1001, 1002]		[2251401, 2251403, 2251406]		141	300	30	10757512
41221	第四章-普通刷怪-中段	4122	30062826	100	1	[0, 30]		[412211, 412212]	2		[1412221, 1412221]	['2|30', '2|60']		[1001, 1002]		[2251401, 2251403, 2251406]		142	300	30	10757512
41222	第四章-普通刷怪-中段	4122	30062826	100	1	[0, 30]		[412221, 412222]	2		[1412221, 1412221]	['2|30', '2|60']		[1002]	[103]	[2251401, 2251403, 2251406]		141	300	30	10757512
41223	第四章-普通刷怪-中段	4122	30062826	100	1	[0, 30]		[412231, 412232]	2		[1412221, 1412221]	['2|30', '2|60']		[1001, 1002]		[2251401, 2251403, 2251406]		142	300	30	10757512
41224	第四章-普通刷怪-中段	4122	30062826	100	1	[0, 30]		[412241, 412242]	2		[1412221, 1412221]	['2|30', '2|60']		[1001, 1002]		[2251401, 2251403, 2251406]		141	300	30	10757512
41311	第四章-普通刷怪-后段	4131	30062827	100	1	[0, 30, 60]		[413111, 413112, 413113]	2		[1412221, 1412221]	['2|30', '2|60']		[1002]	[103]	[2251401, 2251403, 2251406]		142	300	30	7171675
41312	第四章-普通刷怪-后段	4131	30062827	100	1	[0, 30, 60]		[413121, 413122, 413123]	2		[1412221, 1412221]	['2|30', '2|60']		[1001, 1002]		[2251401, 2251403, 2251406]		141	300	30	7171675
41313	第四章-普通刷怪-后段	4131	30062827	100	1	[0, 30, 60]		[413131, 413132, 413133]	2		[1412221, 1412221]	['2|30', '2|60']		[1001, 1002]		[2251401, 2251403, 2251406]		142	300	30	7171675
41314	第四章-普通刷怪-后段	4131	30062827	100	1	[0, 30, 60]		[413141, 413142, 413143]	2		[1412221, 1412221]	['2|30', '2|60']		[1002]	[103]	[2251401, 2251403, 2251406]		141	300	30	7171675
43111	第四章-普通割草-前段	4311	30062813	100	3	[20]		[431111]	1		[1431321, 1431321]	['2|30', '2|60']		[1001, 1002]		[2251401, 2251403, 2251406]		142	300	30	3585838
43112	第四章-普通割草-前段	4311	30062813	100	3	[20]		[431121]	1		[1431321, 1431321]	['2|30', '2|60']		[1001, 1002]		[2251401, 2251403, 2251406]		141	300	30	3585838
43121	第四章-普通割草-中段	4312	30062826	100	3	[20]		[431211]	1		[1431321, 1431321]	['2|30', '2|60']		[1002]	[103]	[2251401, 2251403, 2251406]		142	300	30	3585838
43122	第四章-普通割草-中段	4312	30062826	100	3	[20]		[431221]	1		[1431321, 1431321]	['2|30', '2|60']		[1001, 1002]		[2251401, 2251403, 2251406]		141	300	30	3585838
43131	第四章-普通割草-后段	4313	30062827	100	3	[20]		[431311]	1		[1431321, 1431321]	['2|30', '2|60']		[1001, 1002]		[2251401, 2251403, 2251406]		142	300	30	3585838
43132	第四章-普通割草-后段	4313	30062827	100	3	[20]		[431321]	1		[1431321, 1431321]	['2|30', '2|60']		[1002]	[103]	[2251401, 2251403, 2251406]		142	300	30	3585838
44111	第四章-普通伤害-前段	4411	30062813	100	4	[21515025]		[441111]	1		[1431222, 1431222]	['2|30', '2|60']		[1001, 1002]		[2251401, 2251403, 2251406]					43030050
44112	第四章-普通伤害-前段	4411	30062813	100	4	[21515025]		[441121]	1		[1431222, 1431222]	['2|30', '2|60']		[1001, 1002]		[2251401, 2251403, 2251406]					43030050
44121	第四章-普通伤害-中段	4412	30062826	100	4	[21515025]		[441211]	1		[1431222, 1431222]	['2|30', '2|60']		[1002]	[103]	[2251401, 2251403, 2251406]					43030050
44122	第四章-普通伤害-中段	4412	30062826	100	4	[21515025]		[441221]	1		[1431222, 1431222]	['2|30', '2|60']		[1001, 1002]		[2251401, 2251403, 2251406]					43030050
44131	第四章-普通伤害-后段	4413	30062827	100	4	[21515025]		[441311]	1		[1431222, 1431222]	['2|30', '2|60']		[1001, 1002]		[2251401, 2251403, 2251406]					43030050
44132	第四章-普通伤害-后段	4413	30062827	100	4	[21515025]		[441321]	1		[1431222, 1431222]	['2|30', '2|60']		[1002]	[103]	[2251401, 2251403, 2251406]					43030050
45321	第四章-竞速奖励-中段	4532	30062826	100	6	[60, 1, 5]		[463211]	1		[1463113, 1463113]	['2|30', '2|60']		[1001, 1002]		[2251401, 2251403, 2251406]					32272536
45322	第四章-竞速奖励-中段	4532	30062826	100	6	[60, 1, 5]		[463221]	1		[1463113, 1463113]	['2|30', '2|60']		[1001, 1002]		[2251401, 2251403, 2251406]					32272536
45323	第四章-竞速奖励-中段	4532	30062826	100	6	[60, 1, 5]		[463231]	1		[1463113, 1463113]	['2|30', '2|60']		[1002]	[103]	[2251401, 2251403, 2251406]					32272536
45331	第四章-竞速奖励-后段	4533	30062827	100	6	[60, 1, 5]		[463311]	1		[1463113, 1463113]	['2|30', '2|60']		[1001, 1002]		[2251401, 2251403, 2251406]					32272536
45332	第四章-竞速奖励-后段	4533	30062827	100	6	[60, 1, 5]		[463321]	1		[1463113, 1463113]	['2|30', '2|60']		[1001, 1002]		[2251401, 2251403, 2251406]					32272536
45333	第四章-竞速奖励-后段	4533	30062827	100	6	[60, 1, 5]		[463331]	1		[1463113, 1463113]	['2|30', '2|60']		[1002]	[103]	[2251401, 2251403, 2251406]					32272536
46311	第四章-困难刷怪-前段	4631	30062813	100	1	[0, 30, 60]		[463111, 463112, 463113]	2		[1463223, 1463223]	['2|30', '2|60']		[1001, 1003]	[103, 104]	[2251401, 2251403, 2251406]		141	500	30	10757512
46312	第四章-困难刷怪-前段	4631	30062813	100	1	[0, 30, 60]		[463121, 463122, 463123]	2		[1463223, 1463223]	['2|30', '2|60']		[1001, 1003]	[103, 104]	[2251401, 2251403, 2251406]		142	500	30	10757512
46313	第四章-困难刷怪-前段	4631	30062813	100	1	[0, 30, 60]		[463131, 463132, 463133]	2		[1463223, 1463223]	['2|30', '2|60']		[1001, 1003]	[103, 104]	[2251401, 2251403, 2251406]		141	500	30	10757512
46321	第四章-困难刷怪-中段	4632	30062826	100	1	[0, 30, 60]		[463211, 463212, 463213]	2		[1463223, 1463223]	['2|30', '2|60']		[1001, 1003]	[103, 104]	[2251401, 2251403, 2251406]		142	500	30	10757512
46322	第四章-困难刷怪-中段	4632	30062826	100	1	[0, 30, 60]		[463221, 463222, 463223]	2		[1463223, 1463223]	['2|30', '2|60']		[1001, 1003]	[103, 104]	[2251401, 2251403, 2251406]		141	500	30	10757512
46323	第四章-困难刷怪-中段	4632	30062826	100	1	[0, 30, 60]		[463231, 463232, 463233]	2		[1463223, 1463223]	['2|30', '2|60']		[1001, 1003]	[103, 104]	[2251401, 2251403, 2251406]		142	500	30	10757512
46331	第四章-困难刷怪-后段	4633	30062827	100	1	[0, 30, 60]		[463311, 463312, 463313]	2		[1463223, 1463223]	['2|30', '2|60']		[1001, 1003]	[103, 104]	[2251401, 2251403, 2251406]		142	500	30	10757512
46332	第四章-困难刷怪-后段	4633	30062827	100	1	[0, 30, 60]		[463321, 463322, 463323]	2		[1463223, 1463223]	['2|30', '2|60']		[1001, 1003]	[103, 104]	[2251401, 2251403, 2251406]		141	500	30	10757512
46333	第四章-困难刷怪-后段	4633	30062827	100	1	[0, 30, 60]		[463331, 463332, 463333]	2		[1463223, 1463223]	['2|30', '2|60']		[1001, 1003]	[103, 104]	[2251401, 2251403, 2251406]		142	500	30	10757512
47111	第四章-困难生存-前段	4711	30062813	100	2	[60]		[471111]	1		[1471311, 1471311]	['2|30', '2|60']		[1001, 1003]	[103, 104]	[2251401, 2251403, 2251406, 2251214]					32272538
47112	第四章-困难生存-前段	4711	30062813	100	2	[60]		[471121]	1		[1471311, 1471311]	['2|30', '2|60']		[1001, 1003]	[103, 104]	[2251401, 2251403, 2251406, 2251214]					32272538
47121	第四章-困难生存-中段	4712	30062826	100	2	[60]		[471211]	1		[1471311, 1471311]	['2|30', '2|60']		[1001, 1003]	[103, 104]	[2251401, 2251403, 2251406, 2251214]					32272538
47122	第四章-困难生存-中段	4712	30062826	100	2	[60]		[471221]	1		[1471311, 1471311]	['2|30', '2|60']		[1001, 1003]	[103, 104]	[2251401, 2251403, 2251406, 2251214]					32272538
47131	第四章-困难生存-后段	4713	30062827	100	2	[60]		[471311]	1		[1471311, 1471311]	['2|30', '2|60']		[1001, 1003]	[103, 104]	[2251401, 2251403, 2251406, 2251214]					32272538
47132	第四章-困难生存-后段	4713	30062827	100	2	[60]		[471321]	1		[1471311, 1471311]	['2|30', '2|60']		[1001, 1003]	[103, 104]	[2251401, 2251403, 2251406, 2251214]					32272538
48111	第四章-保卫萝卜-前段	4811	30062813	100	5	[200, 30, 500]		[481111]	1		[1481321, 1481321]	['2|30', '2|60']		[1001, 1003]	[103, 104]	[2251401, 2251403, 2251406]		131	500	30	5378756
48112	第四章-保卫萝卜-前段	4811	30062813	100	5	[200, 30, 500]		[481121]	1		[1481321, 1481321]	['2|30', '2|60']		[1001, 1003]	[103, 104]	[2251401, 2251403, 2251406]		132	500	30	5378756
48121	第四章-保卫萝卜-中段	4812	30062826	100	5	[200, 30, 500]		[481211]	1		[1481321, 1481321]	['2|30', '2|60']		[1001, 1003]	[103, 104]	[2251401, 2251403, 2251406]		131	500	30	5378756
48122	第四章-保卫萝卜-中段	4812	30062826	100	5	[200, 30, 500]		[481221]	1		[1481321, 1481321]	['2|30', '2|60']		[1001, 1003]	[103, 104]	[2251401, 2251403, 2251406]		132	500	30	5378756
48131	第四章-保卫萝卜-后段	4813	30062827	100	5	[200, 30, 500]		[481311]	1		[1481321, 1481321]	['2|30', '2|60']		[1001, 1003]	[103, 104]	[2251401, 2251403, 2251406]		131	500	30	5378756
48132	第四章-保卫萝卜-后段	4813	30062827	100	5	[200, 30, 500]		[481321]	1		[1481321, 1481321]	['2|30', '2|60']		[1001, 1003]	[103, 104]	[2251401, 2251403, 2251406]		132	500	30	5378756
49111	第四章-困难伤害-前段	4911	30062813	100	4	[32272538]		[491111]	1		[1491311, 1491311]	['2|30', '2|60']		[1001, 1003]	[103, 104]	[2251401, 2251403, 2251406]					64545075
49112	第四章-困难伤害-前段	4911	30062813	100	4	[32272538]		[491121]	1		[1491311, 1491311]	['2|30', '2|60']		[1001, 1003]	[103, 104]	[2251401, 2251403, 2251406]					64545075
49121	第四章-困难伤害-中段	4912	30062826	100	4	[32272538]		[491211]	1		[1491311, 1491311]	['2|30', '2|60']		[1001, 1003]	[103, 104]	[2251401, 2251403, 2251406]					64545075
49122	第四章-困难伤害-中段	4912	30062826	100	4	[32272538]		[491221]	1		[1491311, 1491311]	['2|30', '2|60']		[1001, 1003]	[103, 104]	[2251401, 2251403, 2251406]					64545075
49131	第四章-困难伤害-后段	4913	30062827	100	4	[32272538]		[491311]	1		[1491311, 1491311]	['2|30', '2|60']		[1001, 1003]	[103, 104]	[2251401, 2251403, 2251406]					64545075
49132	第四章-困难伤害-后段	4913	30062827	100	4	[32272538]		[491321]	1		[1491311, 1491311]	['2|30', '2|60']		[1001, 1003]	[103, 104]	[2251401, 2251403, 2251406]					64545075
46361	第四章-困难刷怪-前段-α线量子值困难保底	4636	30062813	100	1	[0, 30, 60]		[463111, 463112, 463113]	2		[1463223, 1463223]	['2|30', '2|60']		[1001, 1003]	[103, 104]	[2251401, 2251403, 2251406]		141	500	30	10757512
46362	第四章-困难刷怪-前段-α线量子值困难保底	4636	30062813	100	1	[0, 30, 60]		[463121, 463122, 463123]	2		[1463223, 1463223]	['2|30', '2|60']		[1001, 1003]	[103, 104]	[2251401, 2251403, 2251406]		142	500	30	10757512
46363	第四章-困难刷怪-前段-α线量子值困难保底	4636	30062813	100	1	[0, 30, 60]		[463131, 463132, 463133]	2		[1463223, 1463223]	['2|30', '2|60']		[1001, 1003]	[103, 104]	[2251401, 2251403, 2251406]		141	500	30	10757512
46371	第四章-困难刷怪-中段-α线量子值困难保底	4637	30062826	100	1	[0, 30, 60]		[463211, 463212, 463213]	2		[1463223, 1463223]	['2|30', '2|60']		[1001, 1003]	[103, 104]	[2251401, 2251403, 2251406]		142	500	30	10757512
46372	第四章-困难刷怪-中段-α线量子值困难保底	4637	30062826	100	1	[0, 30, 60]		[463221, 463222, 463223]	2		[1463223, 1463223]	['2|30', '2|60']		[1001, 1003]	[103, 104]	[2251401, 2251403, 2251406]		141	500	30	10757512
46373	第四章-困难刷怪-中段-α线量子值困难保底	4637	30062826	100	1	[0, 30, 60]		[463231, 463232, 463233]	2		[1463223, 1463223]	['2|30', '2|60']		[1001, 1003]	[103, 104]	[2251401, 2251403, 2251406]		142	500	30	10757512
46381	第四章-困难刷怪-后段-α线量子值困难保底	4638	30062827	100	1	[0, 30, 60]		[463311, 463312, 463313]	2		[1463223, 1463223]	['2|30', '2|60']		[1001, 1003]	[103, 104]	[2251401, 2251403, 2251406]		142	500	30	10757512
46382	第四章-困难刷怪-后段-α线量子值困难保底	4638	30062827	100	1	[0, 30, 60]		[463321, 463322, 463323]	2		[1463223, 1463223]	['2|30', '2|60']		[1001, 1003]	[103, 104]	[2251401, 2251403, 2251406]		141	500	30	10757512
46383	第四章-困难刷怪-后段-α线量子值困难保底	4638	30062827	100	1	[0, 30, 60]		[463331, 463332, 463333]	2		[1463223, 1463223]	['2|30', '2|60']		[1001, 1003]	[103, 104]	[2251401, 2251403, 2251406]		142	500	30	10757512
47161	第四章-困难生存-前段-α线量子值困难保底	4716	30062813	100	2	[60]		[471111]	1		[1471311, 1471311]	['2|30', '2|60']		[1001, 1003]	[103, 104]	[2251401, 2251403, 2251406, 2251214]					32272538
47162	第四章-困难生存-前段-α线量子值困难保底	4716	30062813	100	2	[60]		[471121]	1		[1471311, 1471311]	['2|30', '2|60']		[1001, 1003]	[103, 104]	[2251401, 2251403, 2251406, 2251214]					32272538
47171	第四章-困难生存-中段-α线量子值困难保底	4717	30062826	100	2	[60]		[471211]	1		[1471311, 1471311]	['2|30', '2|60']		[1001, 1003]	[103, 104]	[2251401, 2251403, 2251406, 2251214]					32272538
47172	第四章-困难生存-中段-α线量子值困难保底	4717	30062826	100	2	[60]		[471221]	1		[1471311, 1471311]	['2|30', '2|60']		[1001, 1003]	[103, 104]	[2251401, 2251403, 2251406, 2251214]					32272538
47181	第四章-困难生存-后段-α线量子值困难保底	4718	30062827	100	2	[60]		[471311]	1		[1471311, 1471311]	['2|30', '2|60']		[1001, 1003]	[103, 104]	[2251401, 2251403, 2251406, 2251214]					32272538
47182	第四章-困难生存-后段-α线量子值困难保底	4718	30062827	100	2	[60]		[471321]	1		[1471311, 1471311]	['2|30', '2|60']		[1001, 1003]	[103, 104]	[2251401, 2251403, 2251406, 2251214]					32272538
48161	第四章-保卫萝卜-前段-α线量子值困难保底	4816	30062813	100	5	[200, 30, 500]		[481111]	1		[1481321, 1481321]	['2|30', '2|60']		[1001, 1003]	[103, 104]	[2251401, 2251403, 2251406]		131	500	30	5378756
48162	第四章-保卫萝卜-前段-α线量子值困难保底	4816	30062813	100	5	[200, 30, 500]		[481121]	1		[1481321, 1481321]	['2|30', '2|60']		[1001, 1003]	[103, 104]	[2251401, 2251403, 2251406]		132	500	30	5378756
48171	第四章-保卫萝卜-中段-α线量子值困难保底	4817	30062826	100	5	[200, 30, 500]		[481211]	1		[1481321, 1481321]	['2|30', '2|60']		[1001, 1003]	[103, 104]	[2251401, 2251403, 2251406]		131	500	30	5378756
48172	第四章-保卫萝卜-中段-α线量子值困难保底	4817	30062826	100	5	[200, 30, 500]		[481221]	1		[1481321, 1481321]	['2|30', '2|60']		[1001, 1003]	[103, 104]	[2251401, 2251403, 2251406]		132	500	30	5378756
48181	第四章-保卫萝卜-后段-α线量子值困难保底	4818	30062827	100	5	[200, 30, 500]		[481311]	1		[1481321, 1481321]	['2|30', '2|60']		[1001, 1003]	[103, 104]	[2251401, 2251403, 2251406]		131	500	30	5378756
48182	第四章-保卫萝卜-后段-α线量子值困难保底	4818	30062827	100	5	[200, 30, 500]		[481321]	1		[1481321, 1481321]	['2|30', '2|60']		[1001, 1003]	[103, 104]	[2251401, 2251403, 2251406]		132	500	30	5378756
49161	第四章-困难伤害-前段-α线量子值困难保底	4916	30062813	100	4	[32272538]		[491111]	1		[1491311, 1491311]	['2|30', '2|60']		[1001, 1003]	[103, 104]	[2251401, 2251403, 2251406]					64545075
49162	第四章-困难伤害-前段-α线量子值困难保底	4916	30062813	100	4	[32272538]		[491121]	1		[1491311, 1491311]	['2|30', '2|60']		[1001, 1003]	[103, 104]	[2251401, 2251403, 2251406]					64545075
49171	第四章-困难伤害-中段-α线量子值困难保底	4917	30062826	100	4	[32272538]		[491211]	1		[1491311, 1491311]	['2|30', '2|60']		[1001, 1003]	[103, 104]	[2251401, 2251403, 2251406]					64545075
49172	第四章-困难伤害-中段-α线量子值困难保底	4917	30062826	100	4	[32272538]		[491221]	1		[1491311, 1491311]	['2|30', '2|60']		[1001, 1003]	[103, 104]	[2251401, 2251403, 2251406]					64545075
49181	第四章-困难伤害-后段-α线量子值困难保底	4918	30062827	100	4	[32272538]		[491311]	1		[1491311, 1491311]	['2|30', '2|60']		[1001, 1003]	[103, 104]	[2251401, 2251403, 2251406]					64545075
49182	第四章-困难伤害-后段-α线量子值困难保底	4918	30062827	100	4	[32272538]		[491321]	1		[1491311, 1491311]	['2|30', '2|60']		[1001, 1003]	[103, 104]	[2251401, 2251403, 2251406]					64545075
51311	第五章-普通刷怪-前段	5131	30062828	100	1	[0, 30, 60]		[513111, 513112, 513113]	2		[1564222, 1564222]	['2|30', '2|60']		[1001, 1002]		[2251401, 2251404, 2251407]		151	100	30	14053387
51312	第五章-普通刷怪-前段	5131	30062828	100	1	[0, 30, 60]		[513121, 513122, 513123]	2		[1564222, 1564222]	['2|30', '2|60']		[1001, 1002]		[2251401, 2251404, 2251407]		152	400	30	14053387
51313	第五章-普通刷怪-前段	5131	30062828	100	1	[0, 30, 60]		[513131, 513132, 513133]	2		[1564222, 1564222]	['2|30', '2|60']		[1002]	[103]	[2251401, 2251404, 2251407]		151	100	30	14053387
51321	第五章-普通刷怪-前段	5132	30062828	100	1	[0, 30, 60]		[513211, 513212, 513213]	2		[1564222, 1564222]	['2|30', '2|60']		[1001, 1002]		[2251401, 2251404, 2251407]		152	400	30	14053387
51322	第五章-普通刷怪-前段	5132	30062828	100	1	[0, 30, 60]		[513221, 513222, 513223]	2		[1564222, 1564222]	['2|30', '2|60']		[1001, 1002]		[2251401, 2251404, 2251407]		151	100	30	14053387
51323	第五章-普通刷怪-前段	5132	30062828	100	1	[0, 30, 60]		[513231, 513232, 513233]	2		[1564222, 1564222]	['2|30', '2|60']		[1002]	[103]	[2251401, 2251404, 2251407]		152	400	30	14053387
51411	第五章-普通刷怪-中段	5141	30062829	100	1	[0, 20, 40, 60]		[514111, 514112, 514113, 514114]	2		[1564222, 1564222]	['2|30', '2|60']		[1001, 1002]		[2251401, 2251404, 2251407]		151	100	30	10540040
51412	第五章-普通刷怪-中段	5141	30062829	100	1	[0, 20, 40, 60]		[514121, 514122, 514123, 514124]	2		[1564222, 1564222]	['2|30', '2|60']		[1001, 1002]		[2251401, 2251404, 2251407]		152	400	30	10540040
51413	第五章-普通刷怪-中段	5141	30062829	100	1	[0, 20, 40, 60]		[514131, 514132, 514133, 514134]	2		[1564222, 1564222]	['2|30', '2|60']		[1002]	[103]	[2251401, 2251404, 2251407]		151	100	30	10540040
51421	第五章-普通刷怪-中段	5142	30062829	100	1	[0, 20, 40, 60]		[514211, 514212, 514213, 514214]	2		[1564222, 1564222]	['2|30', '2|60']		[1001, 1002]		[2251401, 2251404, 2251407]		152	400	30	10540040
51422	第五章-普通刷怪-中段	5142	30062829	100	1	[0, 20, 40, 60]		[514221, 514222, 514223, 514224]	2		[1564222, 1564222]	['2|30', '2|60']		[1001, 1002]		[2251401, 2251404, 2251407]		151	100	30	10540040
51423	第五章-普通刷怪-中段	5142	30062829	100	1	[0, 20, 40, 60]		[514231, 514232, 514233, 514234]	2		[1564222, 1564222]	['2|30', '2|60']		[1002]	[103]	[2251401, 2251404, 2251407]		152	400	30	10540040
51431	第五章-普通刷怪-中段	5143	30062829	100	1	[0, 20, 40, 60]		[514311, 514312, 514313, 514314]	2		[1564222, 1564222]	['2|30', '2|60']		[1001, 1002]		[2251401, 2251404, 2251407]		151	100	30	10540040
51432	第五章-普通刷怪-中段	5143	30062829	100	1	[0, 20, 40, 60]		[514321, 514322, 514323, 514324]	2		[1564222, 1564222]	['2|30', '2|60']		[1001, 1002]		[2251401, 2251404, 2251407]		152	400	30	10540040
51433	第五章-普通刷怪-中段	5143	30062829	100	1	[0, 20, 40, 60]		[514331, 514332, 514333, 514334]	2		[1564222, 1564222]	['2|30', '2|60']		[1002]	[103]	[2251401, 2251404, 2251407]		151	100	30	10540040
51441	第五章-普通刷怪-后段	5144	30062831	100	1	[0, 20, 40, 60]		[514411, 514412, 514413, 514414]	2		[1564222, 1564222]	['2|30', '2|60']		[1001, 1002]		[2251401, 2251404, 2251407]		152	400	30	10540040
51442	第五章-普通刷怪-后段	5144	30062831	100	1	[0, 20, 40, 60]		[514421, 514422, 514423, 514424]	2		[1564222, 1564222]	['2|30', '2|60']		[1001, 1002]		[2251401, 2251404, 2251407]		151	100	30	10540040
51443	第五章-普通刷怪-后段	5144	30062831	100	1	[0, 20, 40, 60]		[514431, 514432, 514433, 514434]	2		[1564222, 1564222]	['2|30', '2|60']		[1002]	[103]	[2251401, 2251404, 2251407]		152	400	30	10540040
51451	第五章-普通刷怪-后段	5145	30062831	100	1	[0, 20, 40, 60]		[514511, 514512, 514513, 514514]	2		[1564222, 1564222]	['2|30', '2|60']		[1001, 1002]		[2251401, 2251404, 2251407]		151	100	30	10540040
51452	第五章-普通刷怪-后段	5145	30062831	100	1	[0, 20, 40, 60]		[514521, 514522, 514523, 514524]	2		[1564222, 1564222]	['2|30', '2|60']		[1001, 1002]		[2251401, 2251404, 2251407]		152	400	30	10540040
51453	第五章-普通刷怪-后段	5145	30062831	100	1	[0, 20, 40, 60]		[514531, 514532, 514533, 514534]	2		[1564222, 1564222]	['2|30', '2|60']		[1002]	[103]	[2251401, 2251404, 2251407]		151	100	30	10540040
53111	第五章-普通割草-前段	5311	30062828	100	3	[20]		[531111]	1		[1531311, 1531311]	['2|30', '2|60']		[1001, 1002]		[2251401, 2251404, 2251407]		152	400	30	7026693
53112	第五章-普通割草-前段	5311	30062828	100	3	[20]		[531121]	1		[1531311, 1531311]	['2|30', '2|60']		[1001, 1002]		[2251401, 2251404, 2251407]		151	100	30	7026693
53113	第五章-普通割草-前段	5311	30062828	100	3	[20]		[531131]	1		[1531311, 1531311]	['2|30', '2|60']		[1002]	[103]	[2251401, 2251404, 2251407]		152	400	30	7026693
53121	第五章-普通割草-中段	5312	30062829	100	3	[20]		[531211]	1		[1531311, 1531311]	['2|30', '2|60']		[1001, 1002]		[2251401, 2251404, 2251407]		151	100	30	7026693
53122	第五章-普通割草-中段	5312	30062829	100	3	[20]		[531221]	1		[1531311, 1531311]	['2|30', '2|60']		[1001, 1002]		[2251401, 2251404, 2251407]		152	400	30	7026693
53123	第五章-普通割草-中段	5312	30062829	100	3	[20]		[531231]	1		[1531311, 1531311]	['2|30', '2|60']		[1002]	[103]	[2251401, 2251404, 2251407]		151	100	30	7026693
53131	第五章-普通割草-后段	5313	30062831	100	3	[20]		[531311]	1		[1531311, 1531311]	['2|30', '2|60']		[1001, 1002]		[2251401, 2251404, 2251407]		152	400	30	7026693
53132	第五章-普通割草-后段	5313	30062831	100	3	[20]		[531321]	1		[1531311, 1531311]	['2|30', '2|60']		[1001, 1002]		[2251401, 2251404, 2251407]		151	100	30	7026693
53133	第五章-普通割草-后段	5313	30062831	100	3	[20]		[531331]	1		[1531311, 1531311]	['2|30', '2|60']		[1002]	[103]	[2251401, 2251404, 2251407]		152	400	30	7026693
54111	第五章-普通伤害-前段	5411	30062828	100	4	[42160160]		[541111]	1		[1541111, 1541111]	['2|30', '2|60']		[1001, 1002]		[2251401, 2251404, 2251407]					84320320
54112	第五章-普通伤害-前段	5411	30062828	100	4	[42160160]		[541121]	1		[1541111, 1541111]	['2|30', '2|60']		[1001, 1002]		[2251401, 2251404, 2251407]					84320320
54121	第五章-普通伤害-中段	5412	30062829	100	4	[42160160]		[541211]	1		[1541111, 1541111]	['2|30', '2|60']		[1002]	[103]	[2251401, 2251404, 2251407]					84320320
54122	第五章-普通伤害-中段	5412	30062829	100	4	[42160160]		[541221]	1		[1541111, 1541111]	['2|30', '2|60']		[1001, 1002]		[2251401, 2251404, 2251407]					84320320
54131	第五章-普通伤害-后段	5413	30062831	100	4	[42160160]		[541311]	1		[1541111, 1541111]	['2|30', '2|60']		[1001, 1002]		[2251401, 2251404, 2251407]					84320320
54132	第五章-普通伤害-后段	5413	30062831	100	4	[42160160]		[541321]	1		[1541111, 1541111]	['2|30', '2|60']		[1002]	[103]	[2251401, 2251404, 2251407]					84320320
55411	第五章-竞速奖励-前段	5541	30062828	100	6	[60, 1, 5]		[564111]	1		[1564114, 1564114]	['2|30', '2|60']		[1001, 1002]		[2251401, 2251404, 2251407]					63240240
55412	第五章-竞速奖励-前段	5541	30062828	100	6	[60, 1, 5]		[564121]	1		[1564114, 1564114]	['2|30', '2|60']		[1001, 1002]		[2251401, 2251404, 2251407]					63240240
55413	第五章-竞速奖励-前段	5541	30062828	100	6	[60, 1, 5]		[564131]	1		[1564114, 1564114]	['2|30', '2|60']		[1002]	[103]	[2251401, 2251404, 2251407]					63240240
55421	第五章-竞速奖励-中段	5542	30062829	100	6	[60, 1, 5]		[564211]	1		[1564114, 1564114]	['2|30', '2|60']		[1001, 1002]		[2251401, 2251404, 2251407]					63240240
55422	第五章-竞速奖励-中段	5542	30062829	100	6	[60, 1, 5]		[564221]	1		[1564114, 1564114]	['2|30', '2|60']		[1001, 1002]		[2251401, 2251404, 2251407]					63240240
55423	第五章-竞速奖励-中段	5542	30062829	100	6	[60, 1, 5]		[564231]	1		[1564114, 1564114]	['2|30', '2|60']		[1002]	[103]	[2251401, 2251404, 2251407]					63240240
56411	第五章-困难刷怪-前段	5641	30062828	100	1	[0, 20, 40, 60]		[564111, 564112, 564113, 564114]	2		[1564121, 1564121]	['2|30', '2|60']		[1001, 1003]	[103, 104]	[2251401, 2251404, 2251407]		152	600	30	15810060
56412	第五章-困难刷怪-前段	5641	30062828	100	1	[0, 20, 40, 60]		[564121, 564122, 564123, 564124]	2		[1564121, 1564121]	['2|30', '2|60']		[1001, 1003]	[103, 104]	[2251401, 2251404, 2251407]		151	100	30	15810060
56413	第五章-困难刷怪-前段	5641	30062828	100	1	[0, 20, 40, 60]		[564131, 564132, 564133, 564134]	2		[1564121, 1564121]	['2|30', '2|60']		[1001, 1003]	[103, 104]	[2251401, 2251404, 2251407]		152	600	30	15810060
56421	第五章-困难刷怪-中段	5642	30062829	100	1	[0, 20, 40, 60]		[564211, 564212, 564213, 564214]	2		[1564121, 1564121]	['2|30', '2|60']		[1001, 1003]	[103, 104]	[2251401, 2251404, 2251407]		151	100	30	15810060
56422	第五章-困难刷怪-中段	5642	30062829	100	1	[0, 20, 40, 60]		[564221, 564222, 564223, 564224]	2		[1564121, 1564121]	['2|30', '2|60']		[1001, 1003]	[103, 104]	[2251401, 2251404, 2251407]		152	600	30	15810060
56423	第五章-困难刷怪-中段	5642	30062829	100	1	[0, 20, 40, 60]		[564231, 564232, 564233, 564234]	2		[1564121, 1564121]	['2|30', '2|60']		[1001, 1003]	[103, 104]	[2251401, 2251404, 2251407]		151	100	30	15810060
56431	第五章-困难刷怪-后段	5643	30062831	100	1	[0, 20, 40, 60]		[564311, 564312, 564313, 564314]	2		[1564121, 1564121]	['2|30', '2|60']		[1001, 1003]	[103, 104]	[2251401, 2251404, 2251407]		151	100	30	15810060
56432	第五章-困难刷怪-后段	5643	30062831	100	1	[0, 20, 40, 60]		[564321, 564322, 564323]	2		[1564121, 1564121]	['2|30', '2|60']		[1001, 1003]	[103, 104]	[2251401, 2251404, 2251407]		152	600	30	21080080
56433	第五章-困难刷怪-后段	5643	30062831	100	1	[0, 20, 40, 60]		[564331, 564332, 564333, 564334]	2		[1564121, 1564121]	['2|30', '2|60']		[1001, 1003]	[103, 104]	[2251401, 2251404, 2251407]		151	100	30	15810060
57111	第五章-困难生存-前段	5711	30062828	100	2	[60]		[571111]	1		[1571111, 1571111]	['2|30', '2|60']		[1001, 1003]	[103, 104]	[2251401, 2251404, 2251407, 2251214]					63240240
57112	第五章-困难生存-前段	5711	30062828	100	2	[60]		[571121]	1		[1571111, 1571111]	['2|30', '2|60']		[1001, 1003]	[103, 104]	[2251401, 2251404, 2251407, 2251214]					63240240
57121	第五章-困难生存-中段	5712	30062829	100	2	[60]		[571211]	1		[1571111, 1571111]	['2|30', '2|60']		[1001, 1003]	[103, 104]	[2251401, 2251404, 2251407, 2251214]					63240240
57122	第五章-困难生存-中段	5712	30062829	100	2	[60]		[571221]	1		[1571111, 1571111]	['2|30', '2|60']		[1001, 1003]	[103, 104]	[2251401, 2251404, 2251407, 2251214]					63240240
57131	第五章-困难生存-后段	5713	30062831	100	2	[60]		[571311]	1		[1571111, 1571111]	['2|30', '2|60']		[1001, 1003]	[103, 104]	[2251401, 2251404, 2251407, 2251214]					63240240
57132	第五章-困难生存-后段	5713	30062831	100	2	[60]		[571321]	1		[1571111, 1571111]	['2|30', '2|60']		[1001, 1003]	[103, 104]	[2251401, 2251404, 2251407, 2251214]					63240240
58111	第五章-保卫萝卜-前段	5811	30062828	100	5	[200, 30, 500]		[581111]	1		[1581121, 1581121]	['2|30', '2|60']		[1001, 1003]	[103, 104]	[2251401, 2251404, 2251407]		151	100	30	10540040
58112	第五章-保卫萝卜-前段	5811	30062828	100	5	[200, 30, 500]		[581121]	1		[1581121, 1581121]	['2|30', '2|60']		[1001, 1003]	[103, 104]	[2251401, 2251404, 2251407]		152	600	30	10540040
58121	第五章-保卫萝卜-中段	5812	30062829	100	5	[200, 30, 500]		[581211]	1		[1581121, 1581121]	['2|30', '2|60']		[1001, 1003]	[103, 104]	[2251401, 2251404, 2251407]		151	100	30	10540040
58122	第五章-保卫萝卜-中段	5812	30062829	100	5	[200, 30, 500]		[581221]	1		[1581121, 1581121]	['2|30', '2|60']		[1001, 1003]	[103, 104]	[2251401, 2251404, 2251407]		152	600	30	10540040
58131	第五章-保卫萝卜-后段	5813	30062831	100	5	[200, 30, 500]		[581311]	1		[1581121, 1581121]	['2|30', '2|60']		[1001, 1003]	[103, 104]	[2251401, 2251404, 2251407]		151	100	30	10540040
58132	第五章-保卫萝卜-后段	5813	30062831	100	5	[200, 30, 500]		[581321]	1		[1581121, 1581121]	['2|30', '2|60']		[1001, 1003]	[103, 104]	[2251401, 2251404, 2251407]		152	600	30	10540040
59111	第五章-困难伤害-前段	5911	30062828	100	4	[63240240]		[591111]	1		[1591121, 1591121]	['2|30', '2|60']		[1001, 1003]	[103, 104]	[2251401, 2251404, 2251407]					126480480
59112	第五章-困难伤害-前段	5911	30062828	100	4	[63240240]		[591121]	1		[1591121, 1591121]	['2|30', '2|60']		[1001, 1003]	[103, 104]	[2251401, 2251404, 2251407]					126480480
59121	第五章-困难伤害-中段	5912	30062829	100	4	[63240240]		[591211]	1		[1591121, 1591121]	['2|30', '2|60']		[1001, 1003]	[103, 104]	[2251401, 2251404, 2251407]					126480480
59122	第五章-困难伤害-中段	5912	30062829	100	4	[63240240]		[591221]	1		[1591121, 1591121]	['2|30', '2|60']		[1001, 1003]	[103, 104]	[2251401, 2251404, 2251407]					126480480
59131	第五章-困难伤害-后段	5913	30062831	100	4	[63240240]		[591311]	1		[1591121, 1591121]	['2|30', '2|60']		[1001, 1003]	[103, 104]	[2251401, 2251404, 2251407]					126480480
59132	第五章-困难伤害-后段	5913	30062831	100	4	[63240240]		[591321]	1		[1591121, 1591121]	['2|30', '2|60']		[1001, 1003]	[103, 104]	[2251401, 2251404, 2251407]					126480480
56461	第五章-困难刷怪-前段-α线量子值困难保底	5646	30062828	100	1	[0, 20, 40, 60]		[564111, 564112, 564113, 564114]	2		[1564121, 1564121]	['2|30', '2|60']		[1001, 1003]	[103, 104]	[2251401, 2251404, 2251407]		152	600	30	15810060
56462	第五章-困难刷怪-前段-α线量子值困难保底	5646	30062828	100	1	[0, 20, 40, 60]		[564121, 564122, 564123, 564124]	2		[1564121, 1564121]	['2|30', '2|60']		[1001, 1003]	[103, 104]	[2251401, 2251404, 2251407]		151	100	30	15810060
56463	第五章-困难刷怪-前段-α线量子值困难保底	5646	30062828	100	1	[0, 20, 40, 60]		[564131, 564132, 564133, 564134]	2		[1564121, 1564121]	['2|30', '2|60']		[1001, 1003]	[103, 104]	[2251401, 2251404, 2251407]		152	600	30	15810060
56471	第五章-困难刷怪-中段-α线量子值困难保底	5647	30062829	100	1	[0, 20, 40, 60]		[564211, 564212, 564213, 564214]	2		[1564121, 1564121]	['2|30', '2|60']		[1001, 1003]	[103, 104]	[2251401, 2251404, 2251407]		151	100	30	15810060
56472	第五章-困难刷怪-中段-α线量子值困难保底	5647	30062829	100	1	[0, 20, 40, 60]		[564221, 564222, 564223, 564224]	2		[1564121, 1564121]	['2|30', '2|60']		[1001, 1003]	[103, 104]	[2251401, 2251404, 2251407]		152	600	30	15810060
56473	第五章-困难刷怪-中段-α线量子值困难保底	5647	30062829	100	1	[0, 20, 40, 60]		[564231, 564232, 564233, 564234]	2		[1564121, 1564121]	['2|30', '2|60']		[1001, 1003]	[103, 104]	[2251401, 2251404, 2251407]		151	100	30	15810060
56481	第五章-困难刷怪-后段-α线量子值困难保底	5648	30062831	100	1	[0, 20, 40, 60]		[564311, 564312, 564313, 564314]	2		[1564121, 1564121]	['2|30', '2|60']		[1001, 1003]	[103, 104]	[2251401, 2251404, 2251407]		151	100	30	15810060
56482	第五章-困难刷怪-后段-α线量子值困难保底	5648	30062831	100	1	[0, 20, 40, 60]		[564321, 564322, 564323]	2		[1564121, 1564121]	['2|30', '2|60']		[1001, 1003]	[103, 104]	[2251401, 2251404, 2251407]		152	600	30	21080080
56483	第五章-困难刷怪-后段-α线量子值困难保底	5648	30062831	100	1	[0, 20, 40, 60]		[564331, 564332, 564333, 564334]	2		[1564121, 1564121]	['2|30', '2|60']		[1001, 1003]	[103, 104]	[2251401, 2251404, 2251407]		151	100	30	15810060
57161	第五章-困难生存-前段-α线量子值困难保底	5716	30062828	100	2	[60]		[571111]	1		[1571111, 1571111]	['2|30', '2|60']		[1001, 1003]	[103, 104]	[2251401, 2251404, 2251407, 2251214]					63240240
57162	第五章-困难生存-前段-α线量子值困难保底	5716	30062828	100	2	[60]		[571121]	1		[1571111, 1571111]	['2|30', '2|60']		[1001, 1003]	[103, 104]	[2251401, 2251404, 2251407, 2251214]					63240240
57171	第五章-困难生存-中段-α线量子值困难保底	5717	30062829	100	2	[60]		[571211]	1		[1571111, 1571111]	['2|30', '2|60']		[1001, 1003]	[103, 104]	[2251401, 2251404, 2251407, 2251214]					63240240
57172	第五章-困难生存-中段-α线量子值困难保底	5717	30062829	100	2	[60]		[571221]	1		[1571111, 1571111]	['2|30', '2|60']		[1001, 1003]	[103, 104]	[2251401, 2251404, 2251407, 2251214]					63240240
57181	第五章-困难生存-后段-α线量子值困难保底	5718	30062831	100	2	[60]		[571311]	1		[1571111, 1571111]	['2|30', '2|60']		[1001, 1003]	[103, 104]	[2251401, 2251404, 2251407, 2251214]					63240240
57182	第五章-困难生存-后段-α线量子值困难保底	5718	30062831	100	2	[60]		[571321]	1		[1571111, 1571111]	['2|30', '2|60']		[1001, 1003]	[103, 104]	[2251401, 2251404, 2251407, 2251214]					63240240
58161	第五章-保卫萝卜-前段-α线量子值困难保底	5816	30062828	100	5	[200, 30, 500]		[581111]	1		[1581121, 1581121]	['2|30', '2|60']		[1001, 1003]	[103, 104]	[2251401, 2251404, 2251407]		151	100	30	10540040
58162	第五章-保卫萝卜-前段-α线量子值困难保底	5816	30062828	100	5	[200, 30, 500]		[581121]	1		[1581121, 1581121]	['2|30', '2|60']		[1001, 1003]	[103, 104]	[2251401, 2251404, 2251407]		152	600	30	10540040
58171	第五章-保卫萝卜-中段-α线量子值困难保底	5817	30062829	100	5	[200, 30, 500]		[581211]	1		[1581121, 1581121]	['2|30', '2|60']		[1001, 1003]	[103, 104]	[2251401, 2251404, 2251407]		151	100	30	10540040
58172	第五章-保卫萝卜-中段-α线量子值困难保底	5817	30062829	100	5	[200, 30, 500]		[581221]	1		[1581121, 1581121]	['2|30', '2|60']		[1001, 1003]	[103, 104]	[2251401, 2251404, 2251407]		152	600	30	10540040
58181	第五章-保卫萝卜-后段-α线量子值困难保底	5818	30062831	100	5	[200, 30, 500]		[581311]	1		[1581121, 1581121]	['2|30', '2|60']		[1001, 1003]	[103, 104]	[2251401, 2251404, 2251407]		151	100	30	10540040
58182	第五章-保卫萝卜-后段-α线量子值困难保底	5818	30062831	100	5	[200, 30, 500]		[581321]	1		[1581121, 1581121]	['2|30', '2|60']		[1001, 1003]	[103, 104]	[2251401, 2251404, 2251407]		152	600	30	10540040
59161	第五章-困难伤害-前段-α线量子值困难保底	5916	30062828	100	4	[63240240]		[591111]	1		[1591121, 1591121]	['2|30', '2|60']		[1001, 1003]	[103, 104]	[2251401, 2251404, 2251407]					126480480
59162	第五章-困难伤害-前段-α线量子值困难保底	5916	30062828	100	4	[63240240]		[591121]	1		[1591121, 1591121]	['2|30', '2|60']		[1001, 1003]	[103, 104]	[2251401, 2251404, 2251407]					126480480
59171	第五章-困难伤害-中段-α线量子值困难保底	5917	30062829	100	4	[63240240]		[591211]	1		[1591121, 1591121]	['2|30', '2|60']		[1001, 1003]	[103, 104]	[2251401, 2251404, 2251407]					126480480
59172	第五章-困难伤害-中段-α线量子值困难保底	5917	30062829	100	4	[63240240]		[591221]	1		[1591121, 1591121]	['2|30', '2|60']		[1001, 1003]	[103, 104]	[2251401, 2251404, 2251407]					126480480
59181	第五章-困难伤害-后段-α线量子值困难保底	5918	30062831	100	4	[63240240]		[591311]	1		[1591121, 1591121]	['2|30', '2|60']		[1001, 1003]	[103, 104]	[2251401, 2251404, 2251407]					126480480
59182	第五章-困难伤害-后段-α线量子值困难保底	5918	30062831	100	4	[63240240]		[591321]	1		[1591121, 1591121]	['2|30', '2|60']		[1001, 1003]	[103, 104]	[2251401, 2251404, 2251407]					126480480
30711	第三章-boss战-哈姆雷特	3071	30062858	100	1	[0, 20, 40, 60]		[564111]								[2251426, 2251205]		152	600	30	1985025
30721	第三章-boss战-安博莉亚	3072	30062857	100	1	[0, 20, 40, 60]		[564121]								[2251426, 2251206]		151	100	30	1985025
50711	第五章-boss战-结局1-芬里尔	5071	30062855	100	1	[0, 20, 40, 60]		[564111]								[2251426, 2251207]		152	600	30	42160160
50721	第五章-boss战-结局2-莉莉丝	5072	30062854	100	1	[0, 20, 40, 60]		[564121]								[2251426, 2251208]		151	100	30	42160160
70001	三章事件boss-暴动	7001	30062859	100	1	[0, 20, 40, 60]		[564121]								[2251426, 2251209, 2251402]		151	100	30	798245
70002	五章事件boss-苦刑之女	7002	30062860	100	1	[0, 20, 40, 60]		[564121]								[2251426, 2251210, 2251404]		151	100	30	798245
70003	五章事件boss-蔷薇之剑	7003	30062861	100	1	[0, 20, 40, 60]		[564121]								[2251426, 2251211, 2251404]		151	100	30	798245
70004	二章事件boss-构造体杂鱼	7004	30062862	100	1	[0, 20, 40, 60]		[564121]								[2251426, 2251212]		151	100	30	798245
70005	四章事件boss-白毛	7005	30062863	100	1	[0, 20, 40, 60]		[564121]								[2251426, 2251213, 2251403]		151	100	30	798245
70006	三章新事件boss-抽象生物	7006	30062864	100	1	[0, 20, 40, 60]		[564121]								[2251426, 2251215, 2251402]		151	100	30	798245
70007	五章新事件boss-旧苦刑	7007	30062865	100	1	[0, 20, 40, 60]		[564121]								[2251426, 2251216, 2251404]		151	100	30	798245
70008	α5事件boss-枢蛉后	7008	30062879	100	1	[0, 20, 40, 60]		[564121]								[2251426, 2251222, 2251404]		151	100	30	798245
70009	α3事件精英-重型收割机	7009	30062885	100	1	[0, 20, 40, 60]		[564121]								[2251426, 2251228, 2251402]		151	100	30	798245
61411	第六章-普通刷怪-前段	6141	30062832	100	1	[0, 20, 40, 60]		[614111, 614112, 614113, 614114]	2		[1664314, 1664314]	['2|30', '2|60']		[1001, 1002]		[2251401, 2251406, 2251407]		151	100	30	32965166
61421	第六章-普通刷怪-前段	6142	30062832	100	1	[0, 20, 40, 60]		[614211, 614212, 614213, 614214]	2		[1664314, 1664314]	['2|30', '2|60']		[1002]	[103]	[2251401, 2251406, 2251407]		152	600	30	32965166
61431	第六章-普通刷怪-前段	6143	30062832	100	1	[0, 20, 40, 60]		[614311, 614312, 614313, 614314]	2		[1664314, 1664314]	['2|30', '2|60']		[1001, 1002]		[2251401, 2251406, 2251407]		151	100	30	32965166
61441	第六章-普通刷怪-前段	6144	30062832	100	1	[0, 20, 40, 60]		[614411, 614412, 614413, 614414]	2		[1664314, 1664314]	['2|30', '2|60']		[1002]	[103]	[2251401, 2251406, 2251407]		152	600	30	32965166
66411	第六章-困难刷怪-中段	6641	30062832	100	1	[0, 20, 40, 60]		[664111, 664112, 664113, 664114]	2		[1664413, 1664413]	['2|30', '2|60']		[1001, 1003]	[103, 104]	[2251401, 2251406, 2251407]		151	100	30	49447749
66421	第六章-困难刷怪-后段	6642	30062832	100	1	[0, 20, 40, 60]		[664211, 664212, 664213, 664214]	2		[1664413, 1664413]	['2|30', '2|60']		[1001, 1003]	[103, 104]	[2251401, 2251406, 2251407]		151	100	30	49447749
66431	第六章-困难刷怪-后段	6643	30062832	100	1	[0, 20, 40, 60]		[664311, 664312, 664313, 664314]	2		[1664413, 1664413]	['2|30', '2|60']		[1001, 1003]	[103, 104]	[2251401, 2251406, 2251407]		152	600	30	49447749
66441	第六章-困难刷怪-后段	6644	30062832	100	1	[0, 20, 40, 60]		[664411, 664412, 664413, 664414]	2		[1664413, 1664413]	['2|30', '2|60']		[1001, 1003]	[103, 104]	[2251401, 2251406, 2251407]		151	100	30	49447749
921211	第二章-普通刷怪-前段-DLC-β线	92121	30062833	100	1	[0, 30]		[1212111, 1212112]	2	1	[212141, 212141]	['1|30', '1|60']	[1001, 1002]			[2251401]		1121		30	399122
921212	第二章-普通刷怪-前段-DLC-β线	92121	30062833	100	1	[0, 30]		[1212121, 1212122]	2	1	[212141, 212141]	['1|30', '1|60']	[1001, 1002]			[2251401]		1122		30	399122
921213	第二章-普通刷怪-前段-DLC-β线	92121	30062834	100	1	[0, 30]		[1212131, 1212132]	2	1	[212141, 212141]	['1|30', '1|60']	[1002]		[101]	[2251401]		1121		30	399122
921214	第二章-普通刷怪-前段-DLC-β线	92121	30062834	100	1	[0, 30]		[1212141, 1212142]	2	1	[212141, 212141]	['1|30', '1|60']	[1001, 1002]			[2251401]		1122		30	399122
921215	第二章-普通刷怪-前段-DLC-β线	92121	30062835	100	1	[0, 30]		[1212151, 1212152]	2	1	[212141, 212141]	['1|30', '1|60']	[1001, 1002]			[2251401]		1121		30	399122
921221	第二章-普通刷怪-后段-DLC-β线	92122	30062835	100	1	[0, 30]		[1212211, 1212212]	2	1	[212141, 212141]	['1|30', '1|60']	[1002]		[101]	[2251401]		1122		30	399122
921222	第二章-普通刷怪-后段-DLC-β线	92122	30062836	100	1	[0, 30]		[1212221, 1212222]	2	1	[212141, 212141]	['1|30', '1|60']	[1001, 1002]			[2251401]		1121		30	399122
921223	第二章-普通刷怪-后段-DLC-β线	92122	30062836	100	1	[0, 30]		[1212231, 1212232]	2	1	[212141, 212141]	['1|30', '1|60']	[1001, 1002]			[2251401]		1122		30	399122
921224	第二章-普通刷怪-后段-DLC-β线	92122	30062837	100	1	[0, 30]		[1212241, 1212242]	2	1	[212141, 212141]	['1|30', '1|60']	[1002]		[101]	[2251401]		1121		30	399122
921225	第二章-普通刷怪-后段-DLC-β线	92122	30062837	100	1	[0, 30]		[1212251, 1212252]	2	1	[212141, 212141]	['1|30', '1|60']	[1001, 1002]			[2251401]		1121		30	399122
923111	第二章-普通割草改-前段-DLC-β线	92311	30062833	100	8	[5]		[1231112, 1231111]	2	1	[231211, 231211]	['1|30', '1|60']	[1001, 1002]			[2251401]		1122		30	133041
923112	第二章-普通割草改-前段-DLC-β线	92311	30062833	100	8	[5]		[1231122, 1231121]	2	1	[231211, 231211]	['1|30', '1|60']	[1002]		[101]	[2251401]		1121		30	133041
923113	第二章-普通割草改-前段-DLC-β线	92311	30062834	100	8	[5]		[1231132, 1231131]	2	1	[231211, 231211]	['1|30', '1|60']	[1001, 1002]			[2251401]		1122		30	133041
923211	第二章-普通割草改-后段-DLC-β线	92312	30062835	100	8	[5]		[1231212, 1231211]	2	1	[231211, 231211]	['1|30', '1|60']	[1001, 1002]			[2251401]		1121		30	133041
923212	第二章-普通割草改-后段-DLC-β线	92312	30062836	100	8	[5]		[1231222, 1231221]	2	1	[231211, 231211]	['1|30', '1|60']	[1002]		[101]	[2251401]		1122		30	133041
923213	第二章-普通割草改-后段-DLC-β线	92312	30062837	100	8	[5]		[1231232, 1231231]	2	1	[231211, 231211]	['1|30', '1|60']	[1001, 1002]			[2251401]		1122		30	133041
924111	第二章-普通伤害-前段-DLC-β线	92411	30062834	100	9	[30, 239473, 5000, 399122, 3000]		[1241222, 1241111]	2	1	[241111, 241111]	['1|30', '1|60']	[1001, 1002]			[2251401]					718419
924112	第二章-普通伤害-前段-DLC-β线	92411	30062835	100	9	[30, 239473, 5000, 399122, 3000]		[1241222, 1241121]	2	1	[241111, 241111]	['1|30', '1|60']	[1002]		[101]	[2251401]					718419
924121	第二章-普通伤害-后段-DLC-β线	92412	30062836	100	9	[30, 239473, 5000, 399122, 3000]		[1241222, 1241211]	2	1	[241111, 241111]	['1|30', '1|60']	[1001, 1002]			[2251401]					718419
924122	第二章-普通伤害-后段-DLC-β线	92412	30062837	100	9	[30, 239473, 5000, 399122, 3000]		[1241222, 1241221]	2	1	[241111, 241111]	['1|30', '1|60']	[1001, 1002]			[2251401]					718419
925221	第二章-竞速奖励-后段-DLC-β线	92522	30062834	100	6	[60, 2, 5]		[1212211]	1	1	[212121, 212121]	['1|30', '1|60']	[1002]		[101]	[2251401]					399122
925222	第二章-竞速奖励-后段-DLC-β线	92522	30062834	100	6	[60, 2, 5]		[1212221]	1	1	[212121, 212121]	['1|30', '1|60']	[1001, 1002]			[2251401]					399122
925223	第二章-竞速奖励-后段-DLC-β线	92522	30062835	100	6	[60, 2, 5]		[1212231]	1	1	[212121, 212121]	['1|30', '1|60']	[1001, 1002]			[2251401]					399122
925224	第二章-竞速奖励-后段-DLC-β线	92522	30062836	100	6	[60, 2, 5]		[1212241]	1	1	[212121, 212121]	['1|30', '1|60']	[1002]		[101]	[2251401]					399122
925225	第二章-竞速奖励-后段-DLC-β线	92522	30062837	100	6	[60, 2, 5]		[1212251]	1	1	[212121, 212121]	['1|30', '1|60']	[1001, 1002]			[2251401]					399122
926211	第二章-困难刷怪-前段-DLC-β线	92621	30062833	100	1	[0, 30]		[1262111, 1262112]	2	1	[262212, 262212]	['1|30', '1|60']	[1001, 1003]		[101, 102]	[2251401]		1122		30	598683
926212	第二章-困难刷怪-前段-DLC-β线	92621	30062834	100	1	[0, 30]		[1262121, 1262122]	2	1	[262212, 262212]	['1|30', '1|60']	[1001, 1003]		[101, 102]	[2251401]		1121		30	598683
926221	第二章-困难刷怪-后段-DLC-β线	92622	30062835	100	1	[0, 30]		[1262211, 1262212]	2	1	[262212, 262212]	['1|30', '1|60']	[1001, 1003]		[101, 102]	[2251401]		1122		30	598683
926222	第二章-困难刷怪-后段-DLC-β线	92622	30062836	100	1	[0, 30]		[1262221, 1262222]	2	1	[262212, 262212]	['1|30', '1|60']	[1001, 1003]		[101, 102]	[2251401]		1121		30	598683
927111	第二章-困难生存-前段-DLC-β线	92711	30062834	100	2	[60]		[1271111]	1	1	[271221, 271221]	['1|30', '1|60']	[1001, 1003]		[101, 102]	[2251401, 2251214]					1197368
927112	第二章-困难生存-前段-DLC-β线	92711	30062835	100	2	[60]		[1271121]	1	1	[271221, 271221]	['1|30', '1|60']	[1001, 1003]		[101, 102]	[2251401, 2251214]					1197368
927121	第二章-困难生存-后段-DLC-β线	92712	30062836	100	2	[60]		[1271211]	1	1	[271221, 271221]	['1|30', '1|60']	[1001, 1003]		[101, 102]	[2251401, 2251214]					1197368
927122	第二章-困难生存-后段-DLC-β线	92712	30062837	100	2	[60]		[1271221]	1	1	[271221, 271221]	['1|30', '1|60']	[1001, 1003]		[101, 102]	[2251401, 2251214]					1197368
928111	第二章-保卫萝卜-前段-DLC-β线	92811	30062833	100	7	[8000, 5000, 2000]		[1291223, 1281111]	2	1	[281111, 281111]	['1|30', '1|60']	[1001, 1003]		[101, 102]	[2251401]		1121		30	199561
928112	第二章-保卫萝卜-前段-DLC-β线	92811	30062834	100	7	[8000, 5000, 2000]		[1291223, 1281121]	2	1	[281111, 281111]	['1|30', '1|60']	[1001, 1003]		[101, 102]	[2251401]		1122		30	199561
928121	第二章-保卫萝卜-后段-DLC-β线	92812	30062835	100	7	[8000, 5000, 2000]		[1291223, 1281211]	2	1	[281111, 281111]	['1|30', '1|60']	[1001, 1003]		[101, 102]	[2251401]		1121		30	199561
928122	第二章-保卫萝卜-后段-DLC-β线	92812	30062836	100	7	[8000, 5000, 2000]		[1291223, 1281221]	2	1	[281111, 281111]	['1|30', '1|60']	[1001, 1003]		[101, 102]	[2251401]		1122		30	199561
929111	第二章-困难伤害-前段-DLC-β线	92911	30062834	100	9	[20, 359210, 7000, 718420, 4000]		[1291222, 1291111]	2	1	[291221, 291221]	['1|30', '1|60']	[1001, 1003]		[101, 102]	[2251401]					769735
929112	第二章-困难伤害-前段-DLC-β线	92911	30062835	100	9	[20, 359210, 7000, 718420, 4000]		[1291222, 1291121]	2	1	[291221, 291221]	['1|30', '1|60']	[1001, 1003]		[101, 102]	[2251401]					769735
929121	第二章-困难伤害-后段-DLC-β线	92912	30062836	100	9	[20, 359210, 7000, 718420, 4000]		[1291222, 1291211]	2	1	[291221, 291221]	['1|30', '1|60']	[1001, 1003]		[101, 102]	[2251401]					769735
929122	第二章-困难伤害-后段-DLC-β线	92912	30062837	100	9	[20, 359210, 7000, 718420, 4000]		[1291222, 1291221]	2	1	[291221, 291221]	['1|30', '1|60']	[1001, 1003]		[101, 102]	[2251401]					769735
926261	第二章-困难刷怪-前段-DLC-β线量子值保底	92626	30062833	100	1	[0, 30]		[1262111, 1262112]	2	1	[262212, 262212]	['1|30', '1|60']	[1001, 1003]		[101, 102]	[2251401]		1122		30	598683
926262	第二章-困难刷怪-前段-DLC-β线量子值保底	92626	30062834	100	1	[0, 30]		[1262121, 1262122]	2	1	[262212, 262212]	['1|30', '1|60']	[1001, 1003]		[101, 102]	[2251401]		1121		30	598683
926271	第二章-困难刷怪-后段-DLC-β线量子值保底	92627	30062835	100	1	[0, 30]		[1262211, 1262212]	2	1	[262212, 262212]	['1|30', '1|60']	[1001, 1003]		[101, 102]	[2251401]		1122		30	598683
926272	第二章-困难刷怪-后段-DLC-β线量子值保底	92627	30062836	100	1	[0, 30]		[1262221, 1262222]	2	1	[262212, 262212]	['1|30', '1|60']	[1001, 1003]		[101, 102]	[2251401]		1121		30	598683
927161	第二章-困难生存-前段-DLC-β线量子值保底	92716	30062834	100	2	[60]		[1271111]	1	1	[271221, 271221]	['1|30', '1|60']	[1001, 1003]		[101, 102]	[2251401, 2251214]					1197368
927162	第二章-困难生存-前段-DLC-β线量子值保底	92716	30062835	100	2	[60]		[1271121]	1	1	[271221, 271221]	['1|30', '1|60']	[1001, 1003]		[101, 102]	[2251401, 2251214]					1197368
927171	第二章-困难生存-后段-DLC-β线量子值保底	92717	30062836	100	2	[60]		[1271211]	1	1	[271221, 271221]	['1|30', '1|60']	[1001, 1003]		[101, 102]	[2251401, 2251214]					1197368
927172	第二章-困难生存-后段-DLC-β线量子值保底	92717	30062837	100	2	[60]		[1271221]	1	1	[271221, 271221]	['1|30', '1|60']	[1001, 1003]		[101, 102]	[2251401, 2251214]					1197368
928161	第二章-保卫萝卜-前段-DLC-β线量子值保底	92816	30062833	100	7	[8000, 5000, 2000]		[1291223, 1281111]	2	1	[281111, 281111]	['1|30', '1|60']	[1001, 1003]		[101, 102]	[2251401]		1121		30	199561
928162	第二章-保卫萝卜-前段-DLC-β线量子值保底	92816	30062834	100	7	[8000, 5000, 2000]		[1291223, 1281121]	2	1	[281111, 281111]	['1|30', '1|60']	[1001, 1003]		[101, 102]	[2251401]		1122		30	199561
928171	第二章-保卫萝卜-后段-DLC-β线量子值保底	92817	30062835	100	7	[8000, 5000, 2000]		[1291223, 1281211]	2	1	[281111, 281111]	['1|30', '1|60']	[1001, 1003]		[101, 102]	[2251401]		1121		30	199561
928172	第二章-保卫萝卜-后段-DLC-β线量子值保底	92817	30062836	100	7	[8000, 5000, 2000]		[1291223, 1281221]	2	1	[281111, 281111]	['1|30', '1|60']	[1001, 1003]		[101, 102]	[2251401]		1122		30	199561
929161	第二章-困难伤害-前段-DLC-β线量子值保底	92916	30062834	100	9	[20, 359210, 7000, 718420, 4000]		[1291222, 1291111]	2	1	[291221, 291221]	['1|30', '1|60']	[1001, 1003]		[101, 102]	[2251401]					769735
929162	第二章-困难伤害-前段-DLC-β线量子值保底	92916	30062835	100	9	[20, 359210, 7000, 718420, 4000]		[1291222, 1291121]	2	1	[291221, 291221]	['1|30', '1|60']	[1001, 1003]		[101, 102]	[2251401]					769735
929171	第二章-困难伤害-后段-DLC-β线量子值保底	92917	30062836	100	9	[20, 359210, 7000, 718420, 4000]		[1291222, 1291211]	2	1	[291221, 291221]	['1|30', '1|60']	[1001, 1003]		[101, 102]	[2251401]					769735
929172	第二章-困难伤害-后段-DLC-β线量子值保底	92917	30062837	100	9	[20, 359210, 7000, 718420, 4000]		[1291222, 1291221]	2	1	[291221, 291221]	['1|30', '1|60']	[1001, 1003]		[101, 102]	[2251401]					769735
931211	第三章-普通刷怪-前段-DLC-β线	93121	30062838	100	1	[0, 30]		[1312111, 1312112]	2	1	[312332, 312332]	['1|30', '1|60']	[1001, 1002]			[2251401, 2251422, 2251402]		1131		30	992512
931212	第三章-普通刷怪-前段-DLC-β线	93121	30062838	100	1	[0, 30]		[1312121, 1312122]	2	1	[312332, 312332]	['1|30', '1|60']	[1001, 1002]			[2251401, 2251422, 2251402]		1132		30	992512
931213	第三章-普通刷怪-前段-DLC-β线	93121	30062838	100	1	[0, 30]		[1312131, 1312132]	2	1	[312332, 312332]	['1|30', '1|60']	[1002]		[101]	[2251401, 2251422, 2251402]		1131		30	992512
931221	第三章-普通刷怪-前段-DLC-β线	93122	30062839	100	1	[0, 30]		[1312211, 1312212]	2	1	[312332, 312332]	['1|30', '1|60']	[1001, 1002]			[2251401, 2251422, 2251402]		1132		30	992512
931222	第三章-普通刷怪-前段-DLC-β线	93122	30062839	100	1	[0, 30]		[1312221, 1312222]	2	1	[312332, 312332]	['1|30', '1|60']	[1001, 1002]			[2251401, 2251422, 2251402]		1131		30	992512
931223	第三章-普通刷怪-前段-DLC-β线	93122	30062839	100	1	[0, 30]		[1312231, 1312232]	2	1	[312332, 312332]	['1|30', '1|60']	[1002]		[101]	[2251401, 2251422, 2251402]		1132		30	992512
931231	第三章-普通刷怪-中段-DLC-β线	93123	30062840	100	1	[0, 30]		[1312311, 1312312]	2	1	[312332, 312332]	['1|30', '1|60']	[1001, 1002]			[2251401, 2251422, 2251402]		1131		30	992512
931232	第三章-普通刷怪-中段-DLC-β线	93123	30062840	100	1	[0, 30]		[1312321, 1312322]	2	1	[312332, 312332]	['1|30', '1|60']	[1001, 1002]			[2251401, 2251422, 2251402]		1132		30	992512
931233	第三章-普通刷怪-中段-DLC-β线	93123	30062840	100	1	[0, 30]		[1312331, 1312332]	2	1	[312332, 312332]	['1|30', '1|60']	[1002]		[101]	[2251401, 2251422, 2251402]		1131		30	992512
931241	第三章-普通刷怪-中段-DLC-β线	93124	30062841	100	1	[0, 30]		[1312411, 1312412]	2	1	[312332, 312332]	['1|30', '1|60']	[1001, 1002]			[2251401, 2251422, 2251402]		1131		30	992512
931242	第三章-普通刷怪-中段-DLC-β线	93124	30062841	100	1	[0, 30]		[1312421, 1312422]	2	1	[312332, 312332]	['1|30', '1|60']	[1001, 1002]			[2251401, 2251422, 2251402]		1132		30	992512
931243	第三章-普通刷怪-中段-DLC-β线	93124	30062841	100	1	[0, 30]		[1312431, 1312432]	2	1	[312332, 312332]	['1|30', '1|60']	[1002]		[101]	[2251401, 2251422, 2251402]		1131		30	992512
931311	第三章-普通刷怪-后段-DLC-β线	93131	30062842	100	1	[0, 30, 60]		[1313111, 1313112, 1313113]	2	1	[312332, 312332]	['1|30', '1|60']	[1001, 1002]			[2251401, 2251422, 2251402]		1132		30	661675
931312	第三章-普通刷怪-后段-DLC-β线	93131	30062842	100	1	[0, 30, 60]		[1313121, 1313122, 1313123]	2	1	[312332, 312332]	['1|30', '1|60']	[1001, 1002]			[2251401, 2251422, 2251402]		1131		30	661675
931313	第三章-普通刷怪-后段-DLC-β线	93131	30062842	100	1	[0, 30, 60]		[1313131, 1313132, 1313133]	2	1	[312332, 312332]	['1|30', '1|60']	[1002]		[101]	[2251401, 2251422, 2251402]		1132		30	661675
931321	第三章-普通刷怪-后段-DLC-β线	93132	30062843	100	1	[0, 30, 60]		[1313211, 1313212, 1313213]	2	1	[312332, 312332]	['1|30', '1|60']	[1001, 1002]			[2251401, 2251422, 2251402]		1131		30	661675
931322	第三章-普通刷怪-后段-DLC-β线	93132	30062843	100	1	[0, 30, 60]		[1313221, 1313222, 1313223]	2	1	[312332, 312332]	['1|30', '1|60']	[1001, 1002]			[2251401, 2251422, 2251402]		1132		30	661675
931323	第三章-普通刷怪-后段-DLC-β线	93132	30062843	100	1	[0, 30, 60]		[1313231, 1313232, 1313233]	2	1	[312332, 312332]	['1|30', '1|60']	[1002]		[101]	[2251401, 2251422, 2251402]		1131		30	661675
933111	第三章-普通割草-前段-DLC-β线	93311	30062838	100	8	[5]		[1331112, 1331111]	2	1	[331231, 331231]	['1|30', '1|60']	[1001, 1002]			[2251401, 2251422, 2251402]		1131		30	330838
933112	第三章-普通割草-前段-DLC-β线	93311	30062839	100	8	[5]		[1331122, 1331121]	2	1	[331231, 331231]	['1|30', '1|60']	[1001, 1002]			[2251401, 2251422, 2251402]		1132		30	330838
933113	第三章-普通割草-前段-DLC-β线	93311	30062839	100	8	[5]		[1331132, 1331131]	2	1	[331231, 331231]	['1|30', '1|60']	[1002]		[101]	[2251401, 2251422, 2251402]		1131		30	330838
933121	第三章-普通割草-中段-DLC-β线	93312	30062840	100	8	[5]		[1331212, 1331211]	2	1	[331231, 331231]	['1|30', '1|60']	[1001, 1002]			[2251401, 2251422, 2251402]		1132		30	330838
933122	第三章-普通割草-中段-DLC-β线	93312	30062840	100	8	[5]		[1331222, 1331221]	2	1	[331231, 331231]	['1|30', '1|60']	[1001, 1002]			[2251401, 2251422, 2251402]		1131		30	330838
933123	第三章-普通割草-中段-DLC-β线	93312	30062841	100	8	[5]		[1331232, 1331231]	2	1	[331231, 331231]	['1|30', '1|60']	[1002]		[101]	[2251401, 2251422, 2251402]		1132		30	330838
933131	第三章-普通割草-后段-DLC-β线	93313	30062842	100	8	[5]		[1331312, 1331311]	2	1	[331231, 331231]	['1|30', '1|60']	[1001, 1002]			[2251401, 2251422, 2251402]		1131		30	330838
933132	第三章-普通割草-后段-DLC-β线	93313	30062843	100	8	[5]		[1331322, 1331321]	2	1	[331231, 331231]	['1|30', '1|60']	[1001, 1002]			[2251401, 2251422, 2251402]		1132		30	330838
933133	第三章-普通割草-后段-DLC-β线	93313	30062843	100	8	[5]		[1331332, 1331331]	2	1	[331231, 331231]	['1|30', '1|60']	[1002]		[101]	[2251401, 2251422, 2251402]		1132		30	330838
934111	第三章-普通伤害-前段-DLC-β线	93411	30062838	100	9	[30, 595507, 5000, 992512, 3000]		[1341322, 1341111]	2	1	[341121, 341121]	['1|30', '1|60']	[1001, 1002]			[2251401, 2251422, 2251402]					1786521
934112	第三章-普通伤害-前段-DLC-β线	93411	30062839	100	9	[30, 595507, 5000, 992512, 3000]		[1341322, 1341121]	2	1	[341121, 341121]	['1|30', '1|60']	[1001, 1002]			[2251401, 2251422, 2251402]					1786521
934121	第三章-普通伤害-中段-DLC-β线	93412	30062840	100	9	[30, 595507, 5000, 992512, 3000]		[1341322, 1341211]	2	1	[341121, 341121]	['1|30', '1|60']	[1002]		[101]	[2251401, 2251422, 2251402]					1786521
934122	第三章-普通伤害-中段-DLC-β线	93412	30062841	100	9	[30, 595507, 5000, 992512, 3000]		[1341322, 1341221]	2	1	[341121, 341121]	['1|30', '1|60']	[1001, 1002]			[2251401, 2251422, 2251402]					1786521
934131	第三章-普通伤害-后段-DLC-β线	93413	30062842	100	9	[30, 595507, 5000, 992512, 3000]		[1341322, 1341311]	2	1	[341121, 341121]	['1|30', '1|60']	[1001, 1002]			[2251401, 2251422, 2251402]					1786521
934132	第三章-普通伤害-后段-DLC-β线	93413	30062843	100	9	[30, 595507, 5000, 992512, 3000]		[1341322, 1341321]	2	1	[341121, 341121]	['1|30', '1|60']	[1002]		[101]	[2251401, 2251422, 2251402]					1786521
935231	第三章-竞速奖励-中段-DLC-β线	93523	30062838	100	6	[60, 2, 5]		[1312311]	1	1	[313113, 313113]	['1|30', '1|60']	[1001, 1002]			[2251401, 2251422, 2251402]					1985024
935232	第三章-竞速奖励-中段-DLC-β线	93523	30062839	100	6	[60, 2, 5]		[1312321]	1	1	[313113, 313113]	['1|30', '1|60']	[1001, 1002]			[2251401, 2251422, 2251402]					1985024
935233	第三章-竞速奖励-中段-DLC-β线	93523	30062840	100	6	[60, 2, 5]		[1312331]	1	1	[313113, 313113]	['1|30', '1|60']	[1002]		[101]	[2251401, 2251422, 2251402]					1985024
935241	第三章-竞速奖励-中段-DLC-β线	93524	30062841	100	6	[60, 2, 5]		[1312411]	1	1	[313113, 313113]	['1|30', '1|60']	[1001, 1002]			[2251401, 2251422, 2251402]					1985024
935242	第三章-竞速奖励-中段-DLC-β线	93524	30062842	100	6	[60, 2, 5]		[1312421]	1	1	[313113, 313113]	['1|30', '1|60']	[1001, 1002]			[2251401, 2251422, 2251402]					1985024
935243	第三章-竞速奖励-中段-DLC-β线	93524	30062843	100	6	[60, 2, 5]		[1312431]	1	1	[313113, 313113]	['1|30', '1|60']	[1002]		[101]	[2251401, 2251422, 2251402]					1985024
936311	第三章-困难刷怪-前段-DLC-β线	93631	30062838	100	1	[0, 30, 60]		[1363111, 1363112, 1363113]	2	1	[363312, 363312]	['1|30', '1|60']	[1001, 1003]		[101, 102]	[2251401, 2251422, 2251402]		1132		30	992512
936312	第三章-困难刷怪-前段-DLC-β线	93631	30062839	100	1	[0, 30, 60]		[1363121, 1363122, 1363123]	2	1	[363312, 363312]	['1|30', '1|60']	[1001, 1003]		[101, 102]	[2251401, 2251422, 2251402]		1131		30	992512
936321	第三章-困难刷怪-中段-DLC-β线	93632	30062840	100	1	[0, 30, 60]		[1363211, 1363212, 1363213]	2	1	[363312, 363312]	['1|30', '1|60']	[1001, 1003]		[101, 102]	[2251401, 2251422, 2251402]		1132		30	992512
936322	第三章-困难刷怪-中段-DLC-β线	93632	30062841	100	1	[0, 30, 60]		[1363221, 1363222, 1363223]	2	1	[363312, 363312]	['1|30', '1|60']	[1001, 1003]		[101, 102]	[2251401, 2251422, 2251402]		1131		30	992512
936331	第三章-困难刷怪-后段-DLC-β线	93633	30062842	100	1	[0, 30, 60]		[1363311, 1363312, 1363313]	2	1	[363312, 363312]	['1|30', '1|60']	[1001, 1003]		[101, 102]	[2251401, 2251422, 2251402]		1132		30	992512
936332	第三章-困难刷怪-后段-DLC-β线	93633	30062843	100	1	[0, 30, 60]		[1363321, 1363322, 1363323]	2	1	[363312, 363312]	['1|30', '1|60']	[1001, 1003]		[101, 102]	[2251401, 2251422, 2251402]		1132		30	992512
937111	第三章-困难生存-前段-DLC-β线	93711	30062838	100	2	[60]		[1371111]	1	1	[371211, 371211]	['1|30', '1|60']	[1001, 1003]		[101, 102]	[2251401, 2251422, 2251402, 2251214]					2977538
937112	第三章-困难生存-前段-DLC-β线	93711	30062839	100	2	[60]		[1371121]	1	1	[371211, 371211]	['1|30', '1|60']	[1001, 1003]		[101, 102]	[2251401, 2251422, 2251402, 2251214]					2977538
937121	第三章-困难生存-中段-DLC-β线	93712	30062840	100	2	[60]		[1371211]	1	1	[371211, 371211]	['1|30', '1|60']	[1001, 1003]		[101, 102]	[2251401, 2251422, 2251402, 2251214]					2977538
937122	第三章-困难生存-中段-DLC-β线	93712	30062841	100	2	[60]		[1371221]	1	1	[371211, 371211]	['1|30', '1|60']	[1001, 1003]		[101, 102]	[2251401, 2251422, 2251402, 2251214]					2977538
937131	第三章-困难生存-后段-DLC-β线	93713	30062842	100	2	[60]		[1371311]	1	1	[371211, 371211]	['1|30', '1|60']	[1001, 1003]		[101, 102]	[2251401, 2251422, 2251402, 2251214]					2977538
937132	第三章-困难生存-后段-DLC-β线	93713	30062843	100	2	[60]		[1371321]	1	1	[371211, 371211]	['1|30', '1|60']	[1001, 1003]		[101, 102]	[2251401, 2251422, 2251402, 2251214]					2977538
938111	第三章-保卫萝卜-前段-DLC-β线	93811	30062838	100	7	[8000, 5000, 2000]		[1391323, 1381111]	2	1	[381121, 381121]	['1|30', '1|60']	[1001, 1003]		[101, 102]	[2251401, 2251422, 2251402]		1131		30	496256
938112	第三章-保卫萝卜-前段-DLC-β线	93811	30062839	100	7	[8000, 5000, 2000]		[1391323, 1381121]	2	1	[381121, 381121]	['1|30', '1|60']	[1001, 1003]		[101, 102]	[2251401, 2251422, 2251402]		1132		30	496256
938121	第三章-保卫萝卜-中段-DLC-β线	93812	30062840	100	7	[8000, 5000, 2000]		[1391323, 1381211]	2	1	[381121, 381121]	['1|30', '1|60']	[1001, 1003]		[101, 102]	[2251401, 2251422, 2251402]		1131		30	496256
938122	第三章-保卫萝卜-中段-DLC-β线	93812	30062841	100	7	[8000, 5000, 2000]		[1391323, 1381221]	2	1	[381121, 381121]	['1|30', '1|60']	[1001, 1003]		[101, 102]	[2251401, 2251422, 2251402]		1132		30	496256
938131	第三章-保卫萝卜-后段-DLC-β线	93813	30062842	100	7	[8000, 5000, 2000]		[1391323, 1381311]	2	1	[381121, 381121]	['1|30', '1|60']	[1001, 1003]		[101, 102]	[2251401, 2251422, 2251402]		1131		30	496256
938132	第三章-保卫萝卜-后段-DLC-β线	93813	30062843	100	7	[8000, 5000, 2000]		[1391323, 1381321]	2	1	[381121, 381121]	['1|30', '1|60']	[1001, 1003]		[101, 102]	[2251401, 2251422, 2251402]		1132		30	496256
939111	第三章-困难伤害-前段-DLC-β线	93911	30062838	100	9	[20, 893261, 7000, 1786522, 4000]		[1391322, 1391111]	2	1	[391111, 391111]	['1|30', '1|60']	[1001, 1003]		[101, 102]	[2251401, 2251422, 2251402]					1914130
939112	第三章-困难伤害-前段-DLC-β线	93911	30062839	100	9	[20, 893261, 7000, 1786522, 4000]		[1391322, 1391121]	2	1	[391111, 391111]	['1|30', '1|60']	[1001, 1003]		[101, 102]	[2251401, 2251422, 2251402]					1914130
939121	第三章-困难伤害-中段-DLC-β线	93912	30062840	100	9	[20, 893261, 7000, 1786522, 4000]		[1391322, 1391211]	2	1	[391111, 391111]	['1|30', '1|60']	[1001, 1003]		[101, 102]	[2251401, 2251422, 2251402]					1914130
939122	第三章-困难伤害-中段-DLC-β线	93912	30062841	100	9	[20, 893261, 7000, 1786522, 4000]		[1391322, 1391221]	2	1	[391111, 391111]	['1|30', '1|60']	[1001, 1003]		[101, 102]	[2251401, 2251422, 2251402]					1914130
939131	第三章-困难伤害-后段-DLC-β线	93913	30062842	100	9	[20, 893261, 7000, 1786522, 4000]		[1391322, 1391311]	2	1	[391111, 391111]	['1|30', '1|60']	[1001, 1003]		[101, 102]	[2251401, 2251422, 2251402]					1914130
939132	第三章-困难伤害-后段-DLC-β线	93913	30062843	100	9	[20, 893261, 7000, 1786522, 4000]		[1391322, 1391321]	2	1	[391111, 391111]	['1|30', '1|60']	[1001, 1003]		[101, 102]	[2251401, 2251422, 2251402]					1914130
936361	第三章-困难刷怪-前段-DLC-β线量子值保底	93636	30062838	100	1	[0, 30, 60]		[1363111, 1363112, 1363113]	2	1	[363312, 363312]	['1|30', '1|60']	[1001, 1003]		[101, 102]	[2251401, 2251422, 2251402]		1132		30	992512
936362	第三章-困难刷怪-前段-DLC-β线量子值保底	93636	30062839	100	1	[0, 30, 60]		[1363121, 1363122, 1363123]	2	1	[363312, 363312]	['1|30', '1|60']	[1001, 1003]		[101, 102]	[2251401, 2251422, 2251402]		1131		30	992512
936371	第三章-困难刷怪-中段-DLC-β线量子值保底	93637	30062840	100	1	[0, 30, 60]		[1363211, 1363212, 1363213]	2	1	[363312, 363312]	['1|30', '1|60']	[1001, 1003]		[101, 102]	[2251401, 2251422, 2251402]		1132		30	992512
936372	第三章-困难刷怪-中段-DLC-β线量子值保底	93637	30062841	100	1	[0, 30, 60]		[1363221, 1363222, 1363223]	2	1	[363312, 363312]	['1|30', '1|60']	[1001, 1003]		[101, 102]	[2251401, 2251422, 2251402]		1131		30	992512
936381	第三章-困难刷怪-后段-DLC-β线量子值保底	93638	30062842	100	1	[0, 30, 60]		[1363311, 1363312, 1363313]	2	1	[363312, 363312]	['1|30', '1|60']	[1001, 1003]		[101, 102]	[2251401, 2251422, 2251402]		1132		30	992512
936382	第三章-困难刷怪-后段-DLC-β线量子值保底	93638	30062843	100	1	[0, 30, 60]		[1363321, 1363322, 1363323]	2	1	[363312, 363312]	['1|30', '1|60']	[1001, 1003]		[101, 102]	[2251401, 2251422, 2251402]		1132		30	992512
937161	第三章-困难生存-前段-DLC-β线量子值保底	93716	30062838	100	2	[60]		[1371111]	1	1	[371211, 371211]	['1|30', '1|60']	[1001, 1003]		[101, 102]	[2251401, 2251422, 2251402, 2251214]					2977538
937162	第三章-困难生存-前段-DLC-β线量子值保底	93716	30062839	100	2	[60]		[1371121]	1	1	[371211, 371211]	['1|30', '1|60']	[1001, 1003]		[101, 102]	[2251401, 2251422, 2251402, 2251214]					2977538
937171	第三章-困难生存-中段-DLC-β线量子值保底	93717	30062840	100	2	[60]		[1371211]	1	1	[371211, 371211]	['1|30', '1|60']	[1001, 1003]		[101, 102]	[2251401, 2251422, 2251402, 2251214]					2977538
937172	第三章-困难生存-中段-DLC-β线量子值保底	93717	30062841	100	2	[60]		[1371221]	1	1	[371211, 371211]	['1|30', '1|60']	[1001, 1003]		[101, 102]	[2251401, 2251422, 2251402, 2251214]					2977538
937181	第三章-困难生存-后段-DLC-β线量子值保底	93718	30062842	100	2	[60]		[1371311]	1	1	[371211, 371211]	['1|30', '1|60']	[1001, 1003]		[101, 102]	[2251401, 2251422, 2251402, 2251214]					2977538
937182	第三章-困难生存-后段-DLC-β线量子值保底	93718	30062843	100	2	[60]		[1371321]	1	1	[371211, 371211]	['1|30', '1|60']	[1001, 1003]		[101, 102]	[2251401, 2251422, 2251402, 2251214]					2977538
938161	第三章-保卫萝卜-前段-DLC-β线量子值保底	93816	30062838	100	7	[8000, 5000, 2000]		[1391323, 1381111]	2	1	[381121, 381121]	['1|30', '1|60']	[1001, 1003]		[101, 102]	[2251401, 2251422, 2251402]		1131		30	496256
938162	第三章-保卫萝卜-前段-DLC-β线量子值保底	93816	30062839	100	7	[8000, 5000, 2000]		[1391323, 1381121]	2	1	[381121, 381121]	['1|30', '1|60']	[1001, 1003]		[101, 102]	[2251401, 2251422, 2251402]		1132		30	496256
938171	第三章-保卫萝卜-中段-DLC-β线量子值保底	93817	30062840	100	7	[8000, 5000, 2000]		[1391323, 1381211]	2	1	[381121, 381121]	['1|30', '1|60']	[1001, 1003]		[101, 102]	[2251401, 2251422, 2251402]		1131		30	496256
938172	第三章-保卫萝卜-中段-DLC-β线量子值保底	93817	30062841	100	7	[8000, 5000, 2000]		[1391323, 1381221]	2	1	[381121, 381121]	['1|30', '1|60']	[1001, 1003]		[101, 102]	[2251401, 2251422, 2251402]		1132		30	496256
938181	第三章-保卫萝卜-后段-DLC-β线量子值保底	93818	30062842	100	7	[8000, 5000, 2000]		[1391323, 1381311]	2	1	[381121, 381121]	['1|30', '1|60']	[1001, 1003]		[101, 102]	[2251401, 2251422, 2251402]		1131		30	496256
938182	第三章-保卫萝卜-后段-DLC-β线量子值保底	93818	30062843	100	7	[8000, 5000, 2000]		[1391323, 1381321]	2	1	[381121, 381121]	['1|30', '1|60']	[1001, 1003]		[101, 102]	[2251401, 2251422, 2251402]		1132		30	496256
939161	第三章-困难伤害-前段-DLC-β线量子值保底	93916	30062838	100	9	[20, 893261, 7000, 1786522, 4000]		[1391322, 1391111]	2	1	[391111, 391111]	['1|30', '1|60']	[1001, 1003]		[101, 102]	[2251401, 2251422, 2251402]					1914130
939162	第三章-困难伤害-前段-DLC-β线量子值保底	93916	30062839	100	9	[20, 893261, 7000, 1786522, 4000]		[1391322, 1391121]	2	1	[391111, 391111]	['1|30', '1|60']	[1001, 1003]		[101, 102]	[2251401, 2251422, 2251402]					1914130
939171	第三章-困难伤害-中段-DLC-β线量子值保底	93917	30062840	100	9	[20, 893261, 7000, 1786522, 4000]		[1391322, 1391211]	2	1	[391111, 391111]	['1|30', '1|60']	[1001, 1003]		[101, 102]	[2251401, 2251422, 2251402]					1914130
939172	第三章-困难伤害-中段-DLC-β线量子值保底	93917	30062841	100	9	[20, 893261, 7000, 1786522, 4000]		[1391322, 1391221]	2	1	[391111, 391111]	['1|30', '1|60']	[1001, 1003]		[101, 102]	[2251401, 2251422, 2251402]					1914130
939181	第三章-困难伤害-后段-DLC-β线量子值保底	93918	30062842	100	9	[20, 893261, 7000, 1786522, 4000]		[1391322, 1391311]	2	1	[391111, 391111]	['1|30', '1|60']	[1001, 1003]		[101, 102]	[2251401, 2251422, 2251402]					1914130
939182	第三章-困难伤害-后段-DLC-β线量子值保底	93918	30062843	100	9	[20, 893261, 7000, 1786522, 4000]		[1391322, 1391321]	2	1	[391111, 391111]	['1|30', '1|60']	[1001, 1003]		[101, 102]	[2251401, 2251422, 2251402]					1914130
941211	第四章-普通刷怪-前段-DLC-β线	94121	30062844	100	1	[0, 30]		[1412111, 1412112]	2	1	[463313, 463313]	['1|30', '1|60']	[1001, 1002]			[2251401, 2251423, 2251403]		1141		30	10757512
941212	第四章-普通刷怪-前段-DLC-β线	94121	30062844	100	1	[0, 30]		[1412121, 1412122]	2	1	[463313, 463313]	['1|30', '1|60']	[1001, 1002]			[2251401, 2251423, 2251403]		1142		30	10757512
941213	第四章-普通刷怪-前段-DLC-β线	94121	30062844	100	1	[0, 30]		[1412131, 1412132]	2	1	[463313, 463313]	['1|30', '1|60']	[1002]		[101]	[2251401, 2251423, 2251403]		1141		30	10757512
941214	第四章-普通刷怪-前段-DLC-β线	94121	30062845	100	1	[0, 30]		[1412141, 1412142]	2	1	[463313, 463313]	['1|30', '1|60']	[1001, 1002]			[2251401, 2251423, 2251403]		1141		30	10757512
941221	第四章-普通刷怪-中段-DLC-β线	94122	30062845	100	1	[0, 30]		[1412211, 1412212]	2	1	[463313, 463313]	['1|30', '1|60']	[1001, 1002]			[2251401, 2251423, 2251403]		1142		30	10757512
941222	第四章-普通刷怪-中段-DLC-β线	94122	30062845	100	1	[0, 30]		[1412221, 1412222]	2	1	[463313, 463313]	['1|30', '1|60']	[1002]		[101]	[2251401, 2251423, 2251403]		1141		30	10757512
941223	第四章-普通刷怪-中段-DLC-β线	94122	30062846	100	1	[0, 30]		[1412231, 1412232]	2	1	[463313, 463313]	['1|30', '1|60']	[1001, 1002]			[2251401, 2251423, 2251403]		1142		30	10757512
941224	第四章-普通刷怪-中段-DLC-β线	94122	30062846	100	1	[0, 30]		[1412241, 1412242]	2	1	[463313, 463313]	['1|30', '1|60']	[1001, 1002]			[2251401, 2251423, 2251403]		1141		30	10757512
941311	第四章-普通刷怪-后段-DLC-β线	94131	30062846	100	1	[0, 30, 60]		[1413111, 1413112, 1413113]	2	1	[463313, 463313]	['1|30', '1|60']	[1002]		[101]	[2251401, 2251423, 2251403]		1142		30	7171675
941312	第四章-普通刷怪-后段-DLC-β线	94131	30062847	100	1	[0, 30, 60]		[1413121, 1413122, 1413123]	2	1	[463313, 463313]	['1|30', '1|60']	[1001, 1002]			[2251401, 2251423, 2251403]		1141		30	7171675
941313	第四章-普通刷怪-后段-DLC-β线	94131	30062847	100	1	[0, 30, 60]		[1413131, 1413132, 1413133]	2	1	[463313, 463313]	['1|30', '1|60']	[1001, 1002]			[2251401, 2251423, 2251403]		1142		30	7171675
941314	第四章-普通刷怪-后段-DLC-β线	94131	30062847	100	1	[0, 30, 60]		[1413141, 1413142, 1413143]	2	1	[463313, 463313]	['1|30', '1|60']	[1002]		[101]	[2251401, 2251423, 2251403]		1141		30	7171675
943111	第四章-普通割草-前段-DLC-β线	94311	30062844	100	8	[5]		[1431112, 1431111]	2	1	[431221, 431221]	['1|30', '1|60']	[1001, 1002]			[2251401, 2251423, 2251403]		1142		30	3585838
943112	第四章-普通割草-前段-DLC-β线	94311	30062844	100	8	[5]		[1431122, 1431121]	2	1	[431221, 431221]	['1|30', '1|60']	[1001, 1002]			[2251401, 2251423, 2251403]		1141		30	3585838
943121	第四章-普通割草-中段-DLC-β线	94312	30062845	100	8	[5]		[1431212, 1431211]	2	1	[431221, 431221]	['1|30', '1|60']	[1002]		[101]	[2251401, 2251423, 2251403]		1142		30	3585838
943122	第四章-普通割草-中段-DLC-β线	94312	30062845	100	8	[5]		[1431222, 1431221]	2	1	[431221, 431221]	['1|30', '1|60']	[1001, 1002]			[2251401, 2251423, 2251403]		1141		30	3585838
943131	第四章-普通割草-后段-DLC-β线	94313	30062846	100	8	[5]		[1431312, 1431311]	2	1	[431221, 431221]	['1|30', '1|60']	[1001, 1002]			[2251401, 2251423, 2251403]		1142		30	3585838
943132	第四章-普通割草-后段-DLC-β线	94313	30062847	100	8	[5]		[1431322, 1431321]	2	1	[431221, 431221]	['1|30', '1|60']	[1002]		[101]	[2251401, 2251423, 2251403]		1142		30	3585838
944111	第四章-普通伤害-前段-DLC-β线	94411	30062844	100	9	[30, 6454507, 5000, 10757512, 3000]		[1441322, 1441111]	2	1	[441111, 441111]	['1|30', '1|60']	[1001, 1002]			[2251401, 2251423, 2251403]					19363521
944112	第四章-普通伤害-前段-DLC-β线	94411	30062845	100	9	[30, 6454507, 5000, 10757512, 3000]		[1441322, 1441121]	2	1	[441111, 441111]	['1|30', '1|60']	[1001, 1002]			[2251401, 2251423, 2251403]					19363521
944121	第四章-普通伤害-中段-DLC-β线	94412	30062846	100	9	[30, 6454507, 5000, 10757512, 3000]		[1441322, 1441211]	2	1	[441111, 441111]	['1|30', '1|60']	[1002]		[101]	[2251401, 2251423, 2251403]					19363521
944122	第四章-普通伤害-中段-DLC-β线	94412	30062846	100	9	[30, 6454507, 5000, 10757512, 3000]		[1441322, 1441221]	2	1	[441111, 441111]	['1|30', '1|60']	[1001, 1002]			[2251401, 2251423, 2251403]					19363521
944131	第四章-普通伤害-后段-DLC-β线	94413	30062847	100	9	[30, 6454507, 5000, 10757512, 3000]		[1441322, 1441311]	2	1	[441111, 441111]	['1|30', '1|60']	[1001, 1002]			[2251401, 2251423, 2251403]					19363521
944132	第四章-普通伤害-后段-DLC-β线	94413	30062847	100	9	[30, 6454507, 5000, 10757512, 3000]		[1441322, 1441321]	2	1	[441111, 441111]	['1|30', '1|60']	[1002]		[101]	[2251401, 2251423, 2251403]					19363521
945321	第四章-竞速奖励-中段-DLC-β线	94532	30062844	100	6	[60, 1, 5]		[1463211]	1	1	[463233, 463233]	['1|30', '1|60']	[1001, 1002]			[2251401, 2251423, 2251403]					32272536
945322	第四章-竞速奖励-中段-DLC-β线	94532	30062845	100	6	[60, 1, 5]		[1463221]	1	1	[463233, 463233]	['1|30', '1|60']	[1001, 1002]			[2251401, 2251423, 2251403]					32272536
945323	第四章-竞速奖励-中段-DLC-β线	94532	30062845	100	6	[60, 1, 5]		[1463231]	1	1	[463233, 463233]	['1|30', '1|60']	[1002]		[101]	[2251401, 2251423, 2251403]					32272536
945331	第四章-竞速奖励-后段-DLC-β线	94533	30062846	100	6	[60, 1, 5]		[1463311]	1	1	[463233, 463233]	['1|30', '1|60']	[1001, 1002]			[2251401, 2251423, 2251403]					32272536
945332	第四章-竞速奖励-后段-DLC-β线	94533	30062846	100	6	[60, 1, 5]		[1463321]	1	1	[463233, 463233]	['1|30', '1|60']	[1001, 1002]			[2251401, 2251423, 2251403]					32272536
945333	第四章-竞速奖励-后段-DLC-β线	94533	30062847	100	6	[60, 1, 5]		[1463331]	1	1	[463233, 463233]	['1|30', '1|60']	[1002]		[101]	[2251401, 2251423, 2251403]					32272536
946311	第四章-困难刷怪-前段-DLC-β线	94631	30062844	100	1	[0, 30, 60]		[1463111, 1463112]	2	1	[463111, 463111]	['1|30', '1|60']	[1001, 1003]		[101, 102]	[2251401, 2251423, 2251403]		1141		30	14614081
946312	第四章-困难刷怪-前段-DLC-β线	94631	30062844	100	1	[0, 30, 60]		[1463121, 1463122]	2	1	[463111, 463111]	['1|30', '1|60']	[1001, 1003]		[101, 102]	[2251401, 2251423, 2251403]		1142		30	14614081
946313	第四章-困难刷怪-前段-DLC-β线	94631	30062845	100	1	[0, 30, 60]		[1463131, 1463132]	2	1	[463111, 463111]	['1|30', '1|60']	[1001, 1003]		[101, 102]	[2251401, 2251423, 2251403]		1141		30	14614081
946321	第四章-困难刷怪-中段-DLC-β线	94632	30062845	100	1	[0, 30, 60]		[1463211, 1463212]	2	1	[463111, 463111]	['1|30', '1|60']	[1001, 1003]		[101, 102]	[2251401, 2251423, 2251403]		1142		30	14614081
946322	第四章-困难刷怪-中段-DLC-β线	94632	30062846	100	1	[0, 30, 60]		[1463221, 1463222]	2	1	[463111, 463111]	['1|30', '1|60']	[1001, 1003]		[101, 102]	[2251401, 2251423, 2251403]		1141		30	14614081
946323	第四章-困难刷怪-中段-DLC-β线	94632	30062846	100	1	[0, 30, 60]		[1463231, 1463232]	2	1	[463111, 463111]	['1|30', '1|60']	[1001, 1003]		[101, 102]	[2251401, 2251423, 2251403]		1142		30	14614081
946331	第四章-困难刷怪-后段-DLC-β线	94633	30062847	100	1	[0, 30, 60]		[1463311, 1463312]	2	1	[463111, 463111]	['1|30', '1|60']	[1001, 1003]		[101, 102]	[2251401, 2251423, 2251403]		1142		30	14614081
946332	第四章-困难刷怪-后段-DLC-β线	94633	30062847	100	1	[0, 30, 60]		[1463321, 1463322]	2	1	[463111, 463111]	['1|30', '1|60']	[1001, 1003]		[101, 102]	[2251401, 2251423, 2251403]		1141		30	14614081
946333	第四章-困难刷怪-后段-DLC-β线	94633	30062847	100	1	[0, 30, 60]		[1463331, 1463332]	2	1	[463111, 463111]	['1|30', '1|60']	[1001, 1003]		[101, 102]	[2251401, 2251423, 2251403]		1142		30	14614081
947111	第四章-困难生存-前段-DLC-β线	94711	30062844	100	2	[60]		[1471111]	1	1	[471121, 471121]	['1|30', '1|60']	[1001, 1003]		[101, 102]	[2251401, 2251423, 2251403, 2251214]					32272538
947112	第四章-困难生存-前段-DLC-β线	94711	30062844	100	2	[60]		[1471121]	1	1	[471121, 471121]	['1|30', '1|60']	[1001, 1003]		[101, 102]	[2251401, 2251423, 2251403, 2251214]					32272538
947121	第四章-困难生存-中段-DLC-β线	94712	30062845	100	2	[60]		[1471211]	1	1	[471121, 471121]	['1|30', '1|60']	[1001, 1003]		[101, 102]	[2251401, 2251423, 2251403, 2251214]					32272538
947122	第四章-困难生存-中段-DLC-β线	94712	30062845	100	2	[60]		[1471221]	1	1	[471121, 471121]	['1|30', '1|60']	[1001, 1003]		[101, 102]	[2251401, 2251423, 2251403, 2251214]					32272538
947131	第四章-困难生存-后段-DLC-β线	94713	30062846	100	2	[60]		[1471311]	1	1	[471121, 471121]	['1|30', '1|60']	[1001, 1003]		[101, 102]	[2251401, 2251423, 2251403, 2251214]					32272538
947132	第四章-困难生存-后段-DLC-β线	94713	30062847	100	2	[60]		[1471321]	1	1	[471121, 471121]	['1|30', '1|60']	[1001, 1003]		[101, 102]	[2251401, 2251423, 2251403, 2251214]					32272538
948111	第四章-保卫萝卜-前段-DLC-β线	94811	30062844	100	7	[8000, 5000, 2000]		[1491323, 1481111]	2	1	[481321, 481321]	['1|30', '1|60']	[1001, 1003]		[101, 102]	[2251401, 2251423, 2251403]		1131		30	5378756
948112	第四章-保卫萝卜-前段-DLC-β线	94811	30062844	100	7	[8000, 5000, 2000]		[1491323, 1481121]	2	1	[481321, 481321]	['1|30', '1|60']	[1001, 1003]		[101, 102]	[2251401, 2251423, 2251403]		1132		30	5378756
948121	第四章-保卫萝卜-中段-DLC-β线	94812	30062845	100	7	[8000, 5000, 2000]		[1491323, 1481211]	2	1	[481321, 481321]	['1|30', '1|60']	[1001, 1003]		[101, 102]	[2251401, 2251423, 2251403]		1131		30	5378756
948122	第四章-保卫萝卜-中段-DLC-β线	94812	30062845	100	7	[8000, 5000, 2000]		[1491323, 1481221]	2	1	[481321, 481321]	['1|30', '1|60']	[1001, 1003]		[101, 102]	[2251401, 2251423, 2251403]		1132		30	5378756
948131	第四章-保卫萝卜-后段-DLC-β线	94813	30062846	100	7	[8000, 5000, 2000]		[1491323, 1481311]	2	1	[481321, 481321]	['1|30', '1|60']	[1001, 1003]		[101, 102]	[2251401, 2251423, 2251403]		1131		30	5378756
948132	第四章-保卫萝卜-后段-DLC-β线	94813	30062847	100	7	[8000, 5000, 2000]		[1491323, 1481321]	2	1	[481321, 481321]	['1|30', '1|60']	[1001, 1003]		[101, 102]	[2251401, 2251423, 2251403]		1132		30	5378756
949111	第四章-困难伤害-前段-DLC-β线	94911	30062844	100	9	[20, 9681761, 7000, 19363522, 4000]		[1491322, 1491111]	2	1	[491221, 491221]	['1|30', '1|60']	[1001, 1003]		[101, 102]	[2251401, 2251423, 2251403]					20746630
949112	第四章-困难伤害-前段-DLC-β线	94911	30062845	100	9	[20, 9681761, 7000, 19363522, 4000]		[1491322, 1491121]	2	1	[491221, 491221]	['1|30', '1|60']	[1001, 1003]		[101, 102]	[2251401, 2251423, 2251403]					20746630
949121	第四章-困难伤害-中段-DLC-β线	94912	30062846	100	9	[20, 9681761, 7000, 19363522, 4000]		[1491322, 1491211]	2	1	[491221, 491221]	['1|30', '1|60']	[1001, 1003]		[101, 102]	[2251401, 2251423, 2251403]					20746630
949122	第四章-困难伤害-中段-DLC-β线	94912	30062846	100	9	[20, 9681761, 7000, 19363522, 4000]		[1491322, 1491221]	2	1	[491221, 491221]	['1|30', '1|60']	[1001, 1003]		[101, 102]	[2251401, 2251423, 2251403]					20746630
949131	第四章-困难伤害-后段-DLC-β线	94913	30062847	100	9	[20, 9681761, 7000, 19363522, 4000]		[1491322, 1491311]	2	1	[491221, 491221]	['1|30', '1|60']	[1001, 1003]		[101, 102]	[2251401, 2251423, 2251403]					20746630
949132	第四章-困难伤害-后段-DLC-β线	94913	30062847	100	9	[20, 9681761, 7000, 19363522, 4000]		[1491322, 1491321]	2	1	[491221, 491221]	['1|30', '1|60']	[1001, 1003]		[101, 102]	[2251401, 2251423, 2251403]					20746630
946361	第四章-困难刷怪-前段-DLC-β线量子值保底	94636	30062844	100	1	[0, 30, 60]		[1463111, 1463112]	2	1	[463111, 463111]	['1|30', '1|60']	[1001, 1003]		[101, 102]	[2251401, 2251423, 2251403]		1141		30	14614081
946362	第四章-困难刷怪-前段-DLC-β线量子值保底	94636	30062844	100	1	[0, 30, 60]		[1463121, 1463122]	2	1	[463111, 463111]	['1|30', '1|60']	[1001, 1003]		[101, 102]	[2251401, 2251423, 2251403]		1142		30	14614081
946363	第四章-困难刷怪-前段-DLC-β线量子值保底	94636	30062845	100	1	[0, 30, 60]		[1463131, 1463132]	2	1	[463111, 463111]	['1|30', '1|60']	[1001, 1003]		[101, 102]	[2251401, 2251423, 2251403]		1141		30	14614081
946371	第四章-困难刷怪-中段-DLC-β线量子值保底	94637	30062845	100	1	[0, 30, 60]		[1463211, 1463212]	2	1	[463111, 463111]	['1|30', '1|60']	[1001, 1003]		[101, 102]	[2251401, 2251423, 2251403]		1142		30	14614081
946372	第四章-困难刷怪-中段-DLC-β线量子值保底	94637	30062846	100	1	[0, 30, 60]		[1463221, 1463222]	2	1	[463111, 463111]	['1|30', '1|60']	[1001, 1003]		[101, 102]	[2251401, 2251423, 2251403]		1141		30	14614081
946373	第四章-困难刷怪-中段-DLC-β线量子值保底	94637	30062846	100	1	[0, 30, 60]		[1463231, 1463232]	2	1	[463111, 463111]	['1|30', '1|60']	[1001, 1003]		[101, 102]	[2251401, 2251423, 2251403]		1142		30	14614081
946381	第四章-困难刷怪-后段-DLC-β线量子值保底	94638	30062847	100	1	[0, 30, 60]		[1463311, 1463312]	2	1	[463111, 463111]	['1|30', '1|60']	[1001, 1003]		[101, 102]	[2251401, 2251423, 2251403]		1142		30	14614081
946382	第四章-困难刷怪-后段-DLC-β线量子值保底	94638	30062847	100	1	[0, 30, 60]		[1463321, 1463322]	2	1	[463111, 463111]	['1|30', '1|60']	[1001, 1003]		[101, 102]	[2251401, 2251423, 2251403]		1141		30	14614081
946383	第四章-困难刷怪-后段-DLC-β线量子值保底	94638	30062847	100	1	[0, 30, 60]		[1463331, 1463332]	2	1	[463111, 463111]	['1|30', '1|60']	[1001, 1003]		[101, 102]	[2251401, 2251423, 2251403]		1142		30	14614081
947161	第四章-困难生存-前段-DLC-β线量子值保底	94716	30062844	100	2	[60]		[1471111]	1	1	[471121, 471121]	['1|30', '1|60']	[1001, 1003]		[101, 102]	[2251401, 2251423, 2251403, 2251214]					32272538
947162	第四章-困难生存-前段-DLC-β线量子值保底	94716	30062844	100	2	[60]		[1471121]	1	1	[471121, 471121]	['1|30', '1|60']	[1001, 1003]		[101, 102]	[2251401, 2251423, 2251403, 2251214]					32272538
947171	第四章-困难生存-中段-DLC-β线量子值保底	94717	30062845	100	2	[60]		[1471211]	1	1	[471121, 471121]	['1|30', '1|60']	[1001, 1003]		[101, 102]	[2251401, 2251423, 2251403, 2251214]					32272538
947172	第四章-困难生存-中段-DLC-β线量子值保底	94717	30062845	100	2	[60]		[1471221]	1	1	[471121, 471121]	['1|30', '1|60']	[1001, 1003]		[101, 102]	[2251401, 2251423, 2251403, 2251214]					32272538
947181	第四章-困难生存-后段-DLC-β线量子值保底	94718	30062846	100	2	[60]		[1471311]	1	1	[471121, 471121]	['1|30', '1|60']	[1001, 1003]		[101, 102]	[2251401, 2251423, 2251403, 2251214]					32272538
947182	第四章-困难生存-后段-DLC-β线量子值保底	94718	30062847	100	2	[60]		[1471321]	1	1	[471121, 471121]	['1|30', '1|60']	[1001, 1003]		[101, 102]	[2251401, 2251423, 2251403, 2251214]					32272538
948161	第四章-保卫萝卜-前段-DLC-β线量子值保底	94816	30062844	100	7	[8000, 5000, 2000]		[1491323, 1481111]	2	1	[481321, 481321]	['1|30', '1|60']	[1001, 1003]		[101, 102]	[2251401, 2251423, 2251403]		1131		30	5378756
948162	第四章-保卫萝卜-前段-DLC-β线量子值保底	94816	30062844	100	7	[8000, 5000, 2000]		[1491323, 1481121]	2	1	[481321, 481321]	['1|30', '1|60']	[1001, 1003]		[101, 102]	[2251401, 2251423, 2251403]		1132		30	5378756
948171	第四章-保卫萝卜-中段-DLC-β线量子值保底	94817	30062845	100	7	[8000, 5000, 2000]		[1491323, 1481211]	2	1	[481321, 481321]	['1|30', '1|60']	[1001, 1003]		[101, 102]	[2251401, 2251423, 2251403]		1131		30	5378756
948172	第四章-保卫萝卜-中段-DLC-β线量子值保底	94817	30062845	100	7	[8000, 5000, 2000]		[1491323, 1481221]	2	1	[481321, 481321]	['1|30', '1|60']	[1001, 1003]		[101, 102]	[2251401, 2251423, 2251403]		1132		30	5378756
948181	第四章-保卫萝卜-后段-DLC-β线量子值保底	94818	30062846	100	7	[8000, 5000, 2000]		[1491323, 1481311]	2	1	[481321, 481321]	['1|30', '1|60']	[1001, 1003]		[101, 102]	[2251401, 2251423, 2251403]		1131		30	5378756
948182	第四章-保卫萝卜-后段-DLC-β线量子值保底	94818	30062847	100	7	[8000, 5000, 2000]		[1491323, 1481321]	2	1	[481321, 481321]	['1|30', '1|60']	[1001, 1003]		[101, 102]	[2251401, 2251423, 2251403]		1132		30	5378756
949161	第四章-困难伤害-前段-DLC-β线量子值保底	94916	30062844	100	9	[20, 9681761, 7000, 19363522, 4000]		[1491322, 1491111]	2	1	[491221, 491221]	['1|30', '1|60']	[1001, 1003]		[101, 102]	[2251401, 2251423, 2251403]					20746630
949162	第四章-困难伤害-前段-DLC-β线量子值保底	94916	30062845	100	9	[20, 9681761, 7000, 19363522, 4000]		[1491322, 1491121]	2	1	[491221, 491221]	['1|30', '1|60']	[1001, 1003]		[101, 102]	[2251401, 2251423, 2251403]					20746630
949171	第四章-困难伤害-中段-DLC-β线量子值保底	94917	30062846	100	9	[20, 9681761, 7000, 19363522, 4000]		[1491322, 1491211]	2	1	[491221, 491221]	['1|30', '1|60']	[1001, 1003]		[101, 102]	[2251401, 2251423, 2251403]					20746630
949172	第四章-困难伤害-中段-DLC-β线量子值保底	94917	30062846	100	9	[20, 9681761, 7000, 19363522, 4000]		[1491322, 1491221]	2	1	[491221, 491221]	['1|30', '1|60']	[1001, 1003]		[101, 102]	[2251401, 2251423, 2251403]					20746630
949181	第四章-困难伤害-后段-DLC-β线量子值保底	94918	30062847	100	9	[20, 9681761, 7000, 19363522, 4000]		[1491322, 1491311]	2	1	[491221, 491221]	['1|30', '1|60']	[1001, 1003]		[101, 102]	[2251401, 2251423, 2251403]					20746630
949182	第四章-困难伤害-后段-DLC-β线量子值保底	94918	30062847	100	9	[20, 9681761, 7000, 19363522, 4000]		[1491322, 1491321]	2	1	[491221, 491221]	['1|30', '1|60']	[1001, 1003]		[101, 102]	[2251401, 2251423, 2251403]					20746630
951311	第五章-普通刷怪-前段-DLC-β线	95131	30062848	100	1	[0, 30, 60]		[1513111, 1513112, 1513113]	2	1	[564114, 564114]	['1|30', '1|60']	[1001, 1002]			[2251401, 2251424, 2251404]		1151		30	14053387
951312	第五章-普通刷怪-前段-DLC-β线	95131	30062848	100	1	[0, 30, 60]		[1513121, 1513122, 1513123]	2	1	[564114, 564114]	['1|30', '1|60']	[1001, 1002]			[2251401, 2251424, 2251404]		1152		30	14053387
951313	第五章-普通刷怪-前段-DLC-β线	95131	30062848	100	1	[0, 30, 60]		[1513131, 1513132, 1513133]	2	1	[564114, 564114]	['1|30', '1|60']	[1002]		[101]	[2251401, 2251424, 2251404]		1151		30	14053387
951321	第五章-普通刷怪-前段-DLC-β线	95132	30062848	100	1	[0, 30, 60]		[1513211, 1513212, 1513213]	2	1	[564114, 564114]	['1|30', '1|60']	[1001, 1002]			[2251401, 2251424, 2251404]		1152		30	14053387
951322	第五章-普通刷怪-前段-DLC-β线	95132	30062866	100	1	[0, 30, 60]		[1513221, 1513222, 1513223]	2	1	[564114, 564114]	['1|30', '1|60']	[1001, 1002]			[2251401, 2251424, 2251404]		1151		30	14053387
951323	第五章-普通刷怪-前段-DLC-β线	95132	30062866	100	1	[0, 30, 60]		[1513231, 1513232, 1513233]	2	1	[564114, 564114]	['1|30', '1|60']	[1002]		[101]	[2251401, 2251424, 2251404]		1152		30	14053387
951411	第五章-普通刷怪-中段-DLC-β线	95141	30062866	100	1	[0, 20, 40, 60]		[1514111, 1514112, 1514113, 1514114]	2	1	[564114, 564114]	['1|30', '1|60']	[1001, 1002]			[2251401, 2251424, 2251404]		1151		30	10540040
951412	第五章-普通刷怪-中段-DLC-β线	95141	30062866	100	1	[0, 20, 40, 60]		[1514121, 1514122, 1514123, 1514124]	2	1	[564114, 564114]	['1|30', '1|60']	[1001, 1002]			[2251401, 2251424, 2251404]		1152		30	10540040
951413	第五章-普通刷怪-中段-DLC-β线	95141	30062867	100	1	[0, 20, 40, 60]		[1514131, 1514132, 1514133, 1514134]	2	1	[564114, 564114]	['1|30', '1|60']	[1002]		[101]	[2251401, 2251424, 2251404]		1151		30	10540040
951421	第五章-普通刷怪-中段-DLC-β线	95142	30062867	100	1	[0, 20, 40, 60]		[1514211, 1514212, 1514213, 1514214]	2	1	[564114, 564114]	['1|30', '1|60']	[1001, 1002]			[2251401, 2251424, 2251404]		1152		30	10540040
951422	第五章-普通刷怪-中段-DLC-β线	95142	30062867	100	1	[0, 20, 40, 60]		[1514221, 1514222, 1514223, 1514224]	2	1	[564114, 564114]	['1|30', '1|60']	[1001, 1002]			[2251401, 2251424, 2251404]		1151		30	10540040
951423	第五章-普通刷怪-中段-DLC-β线	95142	30062867	100	1	[0, 20, 40, 60]		[1514231, 1514232, 1514233, 1514234]	2	1	[564114, 564114]	['1|30', '1|60']	[1002]		[101]	[2251401, 2251424, 2251404]		1152		30	10540040
951431	第五章-普通刷怪-中段-DLC-β线	95143	30062868	100	1	[0, 20, 40, 60]		[1514311, 1514312, 1514313, 1514314]	2	1	[564114, 564114]	['1|30', '1|60']	[1001, 1002]			[2251401, 2251424, 2251404]		1151		30	10540040
951432	第五章-普通刷怪-中段-DLC-β线	95143	30062868	100	1	[0, 20, 40, 60]		[1514321, 1514322, 1514323, 1514324]	2	1	[564114, 564114]	['1|30', '1|60']	[1001, 1002]			[2251401, 2251424, 2251404]		1152		30	10540040
951433	第五章-普通刷怪-中段-DLC-β线	95143	30062868	100	1	[0, 20, 40, 60]		[1514331, 1514332, 1514333, 1514334]	2	1	[564114, 564114]	['1|30', '1|60']	[1002]		[101]	[2251401, 2251424, 2251404]		1151		30	10540040
951441	第五章-普通刷怪-后段-DLC-β线	95144	30062869	100	1	[0, 20, 40, 60]		[1514411, 1514412, 1514413, 1514414]	2	1	[564114, 564114]	['1|30', '1|60']	[1001, 1002]			[2251401, 2251424, 2251404]		1152		30	10540040
951442	第五章-普通刷怪-后段-DLC-β线	95144	30062869	100	1	[0, 20, 40, 60]		[1514421, 1514422, 1514423, 1514424]	2	1	[564114, 564114]	['1|30', '1|60']	[1001, 1002]			[2251401, 2251424, 2251404]		1151		30	10540040
951443	第五章-普通刷怪-后段-DLC-β线	95144	30062869	100	1	[0, 20, 40, 60]		[1514431, 1514432, 1514433, 1514434]	2	1	[564114, 564114]	['1|30', '1|60']	[1002]		[101]	[2251401, 2251424, 2251404]		1152		30	10540040
951451	第五章-普通刷怪-后段-DLC-β线	95145	30062870	100	1	[0, 20, 40, 60]		[1514511, 1514512, 1514513, 1514514]	2	1	[564114, 564114]	['1|30', '1|60']	[1001, 1002]			[2251401, 2251424, 2251404]		1151		30	10540040
951452	第五章-普通刷怪-后段-DLC-β线	95145	30062870	100	1	[0, 20, 40, 60]		[1514521, 1514522, 1514523, 1514524]	2	1	[564114, 564114]	['1|30', '1|60']	[1001, 1002]			[2251401, 2251424, 2251404]		1152		30	10540040
951453	第五章-普通刷怪-后段-DLC-β线	95145	30062870	100	1	[0, 20, 40, 60]		[1514531, 1514532, 1514533, 1514534]	2	1	[564114, 564114]	['1|30', '1|60']	[1002]		[101]	[2251401, 2251424, 2251404]		1151		30	10540040
953111	第五章-普通割草-前段-DLC-β线	95311	30062848	100	8	[5]		[1531112, 1531111]	2	1	[531331, 531331]	['1|30', '1|60']	[1001, 1002]			[2251401, 2251424, 2251404]		1152		30	7026693
953112	第五章-普通割草-前段-DLC-β线	95311	30062866	100	8	[5]		[1531122, 1531121]	2	1	[531331, 531331]	['1|30', '1|60']	[1001, 1002]			[2251401, 2251424, 2251404]		1151		30	7026693
953113	第五章-普通割草-前段-DLC-β线	95311	30062867	100	8	[5]		[1531132, 1531131]	2	1	[531331, 531331]	['1|30', '1|60']	[1002]		[101]	[2251401, 2251424, 2251404]		1152		30	7026693
953121	第五章-普通割草-中段-DLC-β线	95312	30062868	100	8	[5]		[1531212, 1531211]	2	1	[531331, 531331]	['1|30', '1|60']	[1001, 1002]			[2251401, 2251424, 2251404]		1151		30	7026693
953122	第五章-普通割草-中段-DLC-β线	95312	30062868	100	8	[5]		[1531222, 1531221]	2	1	[531331, 531331]	['1|30', '1|60']	[1001, 1002]			[2251401, 2251424, 2251404]		1152		30	7026693
953123	第五章-普通割草-中段-DLC-β线	95312	30062869	100	8	[5]		[1531232, 1531231]	2	1	[531331, 531331]	['1|30', '1|60']	[1002]		[101]	[2251401, 2251424, 2251404]		1151		30	7026693
953131	第五章-普通割草-后段-DLC-β线	95313	30062869	100	8	[5]		[1531312, 1531311]	2	1	[531331, 531331]	['1|30', '1|60']	[1001, 1002]			[2251401, 2251424, 2251404]		1152		30	7026693
953132	第五章-普通割草-后段-DLC-β线	95313	30062870	100	8	[5]		[1531322, 1531321]	2	1	[531331, 531331]	['1|30', '1|60']	[1001, 1002]			[2251401, 2251424, 2251404]		1151		30	7026693
953133	第五章-普通割草-后段-DLC-β线	95313	30062870	100	8	[5]		[1531332, 1531331]	2	1	[531331, 531331]	['1|30', '1|60']	[1002]		[101]	[2251401, 2251424, 2251404]		1152		30	7026693
954111	第五章-普通伤害-前段-DLC-β线	95411	30062848	100	9	[30, 12648048, 5000, 21080080, 3000]		[1541322, 1541111]	2	1	[541221, 541221]	['1|30', '1|60']	[1001, 1002]			[2251401, 2251424, 2251404]					22766487
954112	第五章-普通伤害-前段-DLC-β线	95411	30062866	100	9	[30, 12648048, 5000, 21080080, 3000]		[1541322, 1541121]	2	1	[541221, 541221]	['1|30', '1|60']	[1001, 1002]			[2251401, 2251424, 2251404]					22766487
954121	第五章-普通伤害-中段-DLC-β线	95412	30062867	100	9	[30, 12648048, 5000, 21080080, 3000]		[1541322, 1541211]	2	1	[541221, 541221]	['1|30', '1|60']	[1002]		[101]	[2251401, 2251424, 2251404]					22766487
954122	第五章-普通伤害-中段-DLC-β线	95412	30062868	100	9	[30, 12648048, 5000, 21080080, 3000]		[1541322, 1541221]	2	1	[541221, 541221]	['1|30', '1|60']	[1001, 1002]			[2251401, 2251424, 2251404]					22766487
954131	第五章-普通伤害-后段-DLC-β线	95413	30062869	100	9	[30, 12648048, 5000, 21080080, 3000]		[1541322, 1541311]	2	1	[541221, 541221]	['1|30', '1|60']	[1001, 1002]			[2251401, 2251424, 2251404]					22766487
954132	第五章-普通伤害-后段-DLC-β线	95413	30062870	100	9	[30, 12648048, 5000, 21080080, 3000]		[1541322, 1541321]	2	1	[541221, 541221]	['1|30', '1|60']	[1002]		[101]	[2251401, 2251424, 2251404]					22766487
955411	第五章-竞速奖励-前段-DLC-β线	95541	30062848	100	6	[60, 1, 5]		[1564111]	1	1	[571321, 571321]	['1|30', '1|60']	[1001, 1002]			[2251401, 2251424, 2251404]					63240240
955412	第五章-竞速奖励-前段-DLC-β线	95541	30062866	100	6	[60, 1, 5]		[1564121]	1	1	[571321, 571321]	['1|30', '1|60']	[1001, 1002]			[2251401, 2251424, 2251404]					63240240
955413	第五章-竞速奖励-前段-DLC-β线	95541	30062867	100	6	[60, 1, 5]		[1564131]	1	1	[571321, 571321]	['1|30', '1|60']	[1002]		[101]	[2251401, 2251424, 2251404]					63240240
955421	第五章-竞速奖励-中段-DLC-β线	95542	30062868	100	6	[60, 1, 5]		[1564211]	1	1	[571321, 571321]	['1|30', '1|60']	[1001, 1002]			[2251401, 2251424, 2251404]					63240240
955422	第五章-竞速奖励-中段-DLC-β线	95542	30062869	100	6	[60, 1, 5]		[1564221]	1	1	[571321, 571321]	['1|30', '1|60']	[1001, 1002]			[2251401, 2251424, 2251404]					63240240
955423	第五章-竞速奖励-中段-DLC-β线	95542	30062870	100	6	[60, 1, 5]		[1564231]	1	1	[571321, 571321]	['1|30', '1|60']	[1002]		[101]	[2251401, 2251424, 2251404]					63240240
956411	第五章-困难刷怪-前段-DLC-β线	95641	30062848	100	1	[0, 20, 40, 60]		[1564111, 1564112]	2	1	[564334, 564334]	['1|30', '1|60']	[1001, 1003]		[101, 102]	[2251401, 2251424, 2251404]		1152		30	19825816
956412	第五章-困难刷怪-前段-DLC-β线	95641	30062848	100	1	[0, 20, 40, 60]		[1564121, 1564122]	2	1	[564334, 564334]	['1|30', '1|60']	[1001, 1003]		[101, 102]	[2251401, 2251424, 2251404]		1151		30	19825816
956413	第五章-困难刷怪-前段-DLC-β线	95641	30062866	100	1	[0, 20, 40, 60]		[1564131, 1564132]	2	1	[564334, 564334]	['1|30', '1|60']	[1001, 1003]		[101, 102]	[2251401, 2251424, 2251404]		1152		30	19825816
956421	第五章-困难刷怪-中段-DLC-β线	95642	30062866	100	1	[0, 20, 40, 60]		[1564211, 1564212]	2	1	[564334, 564334]	['1|30', '1|60']	[1001, 1003]		[101, 102]	[2251401, 2251424, 2251404]		1151		30	19825816
956422	第五章-困难刷怪-中段-DLC-β线	95642	30062867	100	1	[0, 20, 40, 60]		[1564221, 1564222]	2	1	[564334, 564334]	['1|30', '1|60']	[1001, 1003]		[101, 102]	[2251401, 2251424, 2251404]		1152		30	19825816
956423	第五章-困难刷怪-中段-DLC-β线	95642	30062867	100	1	[0, 20, 40, 60]		[1564231, 1564232]	2	1	[564334, 564334]	['1|30', '1|60']	[1001, 1003]		[101, 102]	[2251401, 2251424, 2251404]		1151		30	19825816
956431	第五章-困难刷怪-后段-DLC-β线	95643	30062868	100	1	[0, 20, 40, 60]		[1564311, 1564312]	2	1	[564334, 564334]	['1|30', '1|60']	[1001, 1003]		[101, 102]	[2251401, 2251424, 2251404]		1151		30	19825816
956432	第五章-困难刷怪-后段-DLC-β线	95643	30062869	100	1	[0, 20, 40, 60]		[1564321, 1564322]	2	1	[564334, 564334]	['1|30', '1|60']	[1001, 1003]		[101, 102]	[2251401, 2251424, 2251404]		1152		30	26434421
956433	第五章-困难刷怪-后段-DLC-β线	95643	30062870	100	1	[0, 20, 40, 60]		[1564331, 1564332]	2	1	[564334, 564334]	['1|30', '1|60']	[1001, 1003]		[101, 102]	[2251401, 2251424, 2251404]		1151		30	19825816
957111	第五章-困难生存-前段-DLC-β线	95711	30062848	100	2	[60]		[1571111]	1	1	[571211, 571211]	['1|30', '1|60']	[1001, 1003]		[101, 102]	[2251401, 2251424, 2251404, 2251214]					63240240
957112	第五章-困难生存-前段-DLC-β线	95711	30062866	100	2	[60]		[1571121]	1	1	[571211, 571211]	['1|30', '1|60']	[1001, 1003]		[101, 102]	[2251401, 2251424, 2251404, 2251214]					63240240
957121	第五章-困难生存-中段-DLC-β线	95712	30062867	100	2	[60]		[1571211]	1	1	[571211, 571211]	['1|30', '1|60']	[1001, 1003]		[101, 102]	[2251401, 2251424, 2251404, 2251214]					63240240
957122	第五章-困难生存-中段-DLC-β线	95712	30062868	100	2	[60]		[1571221]	1	1	[571211, 571211]	['1|30', '1|60']	[1001, 1003]		[101, 102]	[2251401, 2251424, 2251404, 2251214]					63240240
957131	第五章-困难生存-后段-DLC-β线	95713	30062869	100	2	[60]		[1571311]	1	1	[571211, 571211]	['1|30', '1|60']	[1001, 1003]		[101, 102]	[2251401, 2251424, 2251404, 2251214]					63240240
957132	第五章-困难生存-后段-DLC-β线	95713	30062870	100	2	[60]		[1571321]	1	1	[571211, 571211]	['1|30', '1|60']	[1001, 1003]		[101, 102]	[2251401, 2251424, 2251404, 2251214]					63240240
958111	第五章-保卫萝卜-前段-DLC-β线	95811	30062848	100	7	[8000, 5000, 2000]		[1591323, 1581111]	2	1	[581311, 581311]	['1|30', '1|60']	[1001, 1003]		[101, 102]	[2251401, 2251424, 2251404]		1151		30	10540040
958112	第五章-保卫萝卜-前段-DLC-β线	95811	30062866	100	7	[8000, 5000, 2000]		[1591323, 1581121]	2	1	[581311, 581311]	['1|30', '1|60']	[1001, 1003]		[101, 102]	[2251401, 2251424, 2251404]		1152		30	10540040
958121	第五章-保卫萝卜-中段-DLC-β线	95812	30062867	100	7	[8000, 5000, 2000]		[1591323, 1581211]	2	1	[581311, 581311]	['1|30', '1|60']	[1001, 1003]		[101, 102]	[2251401, 2251424, 2251404]		1151		30	10540040
958122	第五章-保卫萝卜-中段-DLC-β线	95812	30062868	100	7	[8000, 5000, 2000]		[1591323, 1581221]	2	1	[581311, 581311]	['1|30', '1|60']	[1001, 1003]		[101, 102]	[2251401, 2251424, 2251404]		1152		30	10540040
958131	第五章-保卫萝卜-后段-DLC-β线	95813	30062869	100	7	[8000, 5000, 2000]		[1591323, 1581311]	2	1	[581311, 581311]	['1|30', '1|60']	[1001, 1003]		[101, 102]	[2251401, 2251424, 2251404]		1151		30	10540040
958132	第五章-保卫萝卜-后段-DLC-β线	95813	30062870	100	7	[8000, 5000, 2000]		[1591323, 1581321]	2	1	[581311, 581311]	['1|30', '1|60']	[1001, 1003]		[101, 102]	[2251401, 2251424, 2251404]		1152		30	10540040
959111	第五章-困难伤害-前段-DLC-β线	95911	30062848	100	9	[20, 18972072, 7000, 37944144, 4000]		[1591322, 1591111]	2	1	[591311, 591311]	['1|30', '1|60']	[1001, 1003]		[101, 102]	[2251401, 2251424, 2251404]					24392664
959112	第五章-困难伤害-前段-DLC-β线	95911	30062866	100	9	[20, 18972072, 7000, 37944144, 4000]		[1591322, 1591121]	2	1	[591311, 591311]	['1|30', '1|60']	[1001, 1003]		[101, 102]	[2251401, 2251424, 2251404]					24392664
959121	第五章-困难伤害-中段-DLC-β线	95912	30062867	100	9	[20, 18972072, 7000, 37944144, 4000]		[1591322, 1591211]	2	1	[591311, 591311]	['1|30', '1|60']	[1001, 1003]		[101, 102]	[2251401, 2251424, 2251404]					24392664
959122	第五章-困难伤害-中段-DLC-β线	95912	30062868	100	9	[20, 18972072, 7000, 37944144, 4000]		[1591322, 1591221]	2	1	[591311, 591311]	['1|30', '1|60']	[1001, 1003]		[101, 102]	[2251401, 2251424, 2251404]					24392664
959131	第五章-困难伤害-后段-DLC-β线	95913	30062869	100	9	[20, 18972072, 7000, 37944144, 4000]		[1591322, 1591311]	2	1	[591311, 591311]	['1|30', '1|60']	[1001, 1003]		[101, 102]	[2251401, 2251424, 2251404]					24392664
959132	第五章-困难伤害-后段-DLC-β线	95913	30062870	100	9	[20, 18972072, 7000, 37944144, 4000]		[1591322, 1591321]	2	1	[591311, 591311]	['1|30', '1|60']	[1001, 1003]		[101, 102]	[2251401, 2251424, 2251404]					24392664
956461	第五章-困难刷怪-前段-DLC-β线量子值保底	95646	30062848	100	1	[0, 20, 40, 60]		[1564111, 1564112]	2	1	[564334, 564334]	['1|30', '1|60']	[1001, 1003]		[101, 102]	[2251401, 2251424, 2251404]		1152		30	19825816
956462	第五章-困难刷怪-前段-DLC-β线量子值保底	95646	30062848	100	1	[0, 20, 40, 60]		[1564121, 1564122]	2	1	[564334, 564334]	['1|30', '1|60']	[1001, 1003]		[101, 102]	[2251401, 2251424, 2251404]		1151		30	19825816
956463	第五章-困难刷怪-前段-DLC-β线量子值保底	95646	30062866	100	1	[0, 20, 40, 60]		[1564131, 1564132]	2	1	[564334, 564334]	['1|30', '1|60']	[1001, 1003]		[101, 102]	[2251401, 2251424, 2251404]		1152		30	19825816
956471	第五章-困难刷怪-中段-DLC-β线量子值保底	95647	30062866	100	1	[0, 20, 40, 60]		[1564211, 1564212]	2	1	[564334, 564334]	['1|30', '1|60']	[1001, 1003]		[101, 102]	[2251401, 2251424, 2251404]		1151		30	19825816
956472	第五章-困难刷怪-中段-DLC-β线量子值保底	95647	30062867	100	1	[0, 20, 40, 60]		[1564221, 1564222]	2	1	[564334, 564334]	['1|30', '1|60']	[1001, 1003]		[101, 102]	[2251401, 2251424, 2251404]		1152		30	19825816
956473	第五章-困难刷怪-中段-DLC-β线量子值保底	95647	30062867	100	1	[0, 20, 40, 60]		[1564231, 1564232]	2	1	[564334, 564334]	['1|30', '1|60']	[1001, 1003]		[101, 102]	[2251401, 2251424, 2251404]		1151		30	19825816
956481	第五章-困难刷怪-后段-DLC-β线量子值保底	95648	30062868	100	1	[0, 20, 40, 60]		[1564311, 1564312]	2	1	[564334, 564334]	['1|30', '1|60']	[1001, 1003]		[101, 102]	[2251401, 2251424, 2251404]		1151		30	19825816
956482	第五章-困难刷怪-后段-DLC-β线量子值保底	95648	30062869	100	1	[0, 20, 40, 60]		[1564321, 1564322]	2	1	[564334, 564334]	['1|30', '1|60']	[1001, 1003]		[101, 102]	[2251401, 2251424, 2251404]		1152		30	26434421
956483	第五章-困难刷怪-后段-DLC-β线量子值保底	95648	30062870	100	1	[0, 20, 40, 60]		[1564331, 1564332]	2	1	[564334, 564334]	['1|30', '1|60']	[1001, 1003]		[101, 102]	[2251401, 2251424, 2251404]		1151		30	19825816
957161	第五章-困难生存-前段-DLC-β线量子值保底	95716	30062848	100	2	[60]		[1571111]	1	1	[571211, 571211]	['1|30', '1|60']	[1001, 1003]		[101, 102]	[2251401, 2251424, 2251404, 2251214]					63240240
957162	第五章-困难生存-前段-DLC-β线量子值保底	95716	30062866	100	2	[60]		[1571121]	1	1	[571211, 571211]	['1|30', '1|60']	[1001, 1003]		[101, 102]	[2251401, 2251424, 2251404, 2251214]					63240240
957171	第五章-困难生存-中段-DLC-β线量子值保底	95717	30062867	100	2	[60]		[1571211]	1	1	[571211, 571211]	['1|30', '1|60']	[1001, 1003]		[101, 102]	[2251401, 2251424, 2251404, 2251214]					63240240
957172	第五章-困难生存-中段-DLC-β线量子值保底	95717	30062868	100	2	[60]		[1571221]	1	1	[571211, 571211]	['1|30', '1|60']	[1001, 1003]		[101, 102]	[2251401, 2251424, 2251404, 2251214]					63240240
957181	第五章-困难生存-后段-DLC-β线量子值保底	95718	30062869	100	2	[60]		[1571311]	1	1	[571211, 571211]	['1|30', '1|60']	[1001, 1003]		[101, 102]	[2251401, 2251424, 2251404, 2251214]					63240240
957182	第五章-困难生存-后段-DLC-β线量子值保底	95718	30062870	100	2	[60]		[1571321]	1	1	[571211, 571211]	['1|30', '1|60']	[1001, 1003]		[101, 102]	[2251401, 2251424, 2251404, 2251214]					63240240
958161	第五章-保卫萝卜-前段-DLC-β线量子值保底	95816	30062848	100	7	[8000, 5000, 2000]		[1591323, 1581111]	2	1	[581311, 581311]	['1|30', '1|60']	[1001, 1003]		[101, 102]	[2251401, 2251424, 2251404]		1151		30	10540040
958162	第五章-保卫萝卜-前段-DLC-β线量子值保底	95816	30062866	100	7	[8000, 5000, 2000]		[1591323, 1581121]	2	1	[581311, 581311]	['1|30', '1|60']	[1001, 1003]		[101, 102]	[2251401, 2251424, 2251404]		1152		30	10540040
958171	第五章-保卫萝卜-中段-DLC-β线量子值保底	95817	30062867	100	7	[8000, 5000, 2000]		[1591323, 1581211]	2	1	[581311, 581311]	['1|30', '1|60']	[1001, 1003]		[101, 102]	[2251401, 2251424, 2251404]		1151		30	10540040
958172	第五章-保卫萝卜-中段-DLC-β线量子值保底	95817	30062868	100	7	[8000, 5000, 2000]		[1591323, 1581221]	2	1	[581311, 581311]	['1|30', '1|60']	[1001, 1003]		[101, 102]	[2251401, 2251424, 2251404]		1152		30	10540040
958181	第五章-保卫萝卜-后段-DLC-β线量子值保底	95818	30062869	100	7	[8000, 5000, 2000]		[1591323, 1581311]	2	1	[581311, 581311]	['1|30', '1|60']	[1001, 1003]		[101, 102]	[2251401, 2251424, 2251404]		1151		30	10540040
958182	第五章-保卫萝卜-后段-DLC-β线量子值保底	95818	30062870	100	7	[8000, 5000, 2000]		[1591323, 1581321]	2	1	[581311, 581311]	['1|30', '1|60']	[1001, 1003]		[101, 102]	[2251401, 2251424, 2251404]		1152		30	10540040
959161	第五章-困难伤害-前段-DLC-β线量子值保底	95916	30062848	100	9	[20, 18972072, 7000, 37944144, 4000]		[1591322, 1591111]	2	1	[591311, 591311]	['1|30', '1|60']	[1001, 1003]		[101, 102]	[2251401, 2251424, 2251404]					24392664
959162	第五章-困难伤害-前段-DLC-β线量子值保底	95916	30062866	100	9	[20, 18972072, 7000, 37944144, 4000]		[1591322, 1591121]	2	1	[591311, 591311]	['1|30', '1|60']	[1001, 1003]		[101, 102]	[2251401, 2251424, 2251404]					24392664
959171	第五章-困难伤害-中段-DLC-β线量子值保底	95917	30062867	100	9	[20, 18972072, 7000, 37944144, 4000]		[1591322, 1591211]	2	1	[591311, 591311]	['1|30', '1|60']	[1001, 1003]		[101, 102]	[2251401, 2251424, 2251404]					24392664
959172	第五章-困难伤害-中段-DLC-β线量子值保底	95917	30062868	100	9	[20, 18972072, 7000, 37944144, 4000]		[1591322, 1591221]	2	1	[591311, 591311]	['1|30', '1|60']	[1001, 1003]		[101, 102]	[2251401, 2251424, 2251404]					24392664
959181	第五章-困难伤害-后段-DLC-β线量子值保底	95918	30062869	100	9	[20, 18972072, 7000, 37944144, 4000]		[1591322, 1591311]	2	1	[591311, 591311]	['1|30', '1|60']	[1001, 1003]		[101, 102]	[2251401, 2251424, 2251404]					24392664
959182	第五章-困难伤害-后段-DLC-β线量子值保底	95918	30062870	100	9	[20, 18972072, 7000, 37944144, 4000]		[1591322, 1591321]	2	1	[591311, 591311]	['1|30', '1|60']	[1001, 1003]		[101, 102]	[2251401, 2251424, 2251404]					24392664
961411	第六章-普通刷怪-DLC-β线	96141	30062871	100	1	[0, 20, 40, 60]		[1614111, 1614112, 1614113, 1614114]	2	1	[664112, 664112]	['1|30', '1|60']	[1001, 1002]			[2251401, 2251425]		1151		30	32965166
961421	第六章-普通刷怪-DLC-β线	96142	30062871	100	1	[0, 20, 40, 60]		[1614211, 1614212, 1614213, 1614214]	2	1	[664112, 664112]	['1|30', '1|60']	[1002]		[101]	[2251401, 2251425]		1152		30	32965166
961431	第六章-普通刷怪-DLC-β线	96143	30062872	100	1	[0, 20, 40, 60]		[1614311, 1614312, 1614313, 1614314]	2	1	[664112, 664112]	['1|30', '1|60']	[1001, 1002]			[2251401, 2251425]		1151		30	32965166
961441	第六章-普通刷怪-DLC-β线	96144	30062872	100	1	[0, 20, 40, 60]		[1614411, 1614412, 1614413, 1614414]	2	1	[664112, 664112]	['1|30', '1|60']	[1002]		[101]	[2251401, 2251425]		1152		30	32965166
966411	第六章-困难刷怪-DLC-β线	96641	30062871	100	1	[0, 20, 40, 60]		[1664111, 1664112, 1664113, 1664114]	2	1	[664211, 664211]	['1|30', '1|60']	[1001, 1003]		[101, 102]	[2251401, 2251425]		1151		30	49447749
966421	第六章-困难刷怪-DLC-β线	96642	30062871	100	1	[0, 20, 40, 60]		[1664211, 1664212, 1664213, 1664214]	2	1	[664211, 664211]	['1|30', '1|60']	[1001, 1003]		[101, 102]	[2251401, 2251425]		1151		30	49447749
966431	第六章-困难刷怪-DLC-β线	96643	30062872	100	1	[0, 20, 40, 60]		[1664311, 1664312, 1664313, 1664314]	2	1	[664211, 664211]	['1|30', '1|60']	[1001, 1003]		[101, 102]	[2251401, 2251425]		1152		30	49447749
966441	第六章-困难刷怪-DLC-β线	96644	30062872	100	1	[0, 20, 40, 60]		[1664411, 1664412, 1664413, 1664414]	2	1	[664211, 664211]	['1|30', '1|60']	[1001, 1003]		[101, 102]	[2251401, 2251425]		1151		30	49447749
930711	第三章-boss战-莉莉丝改-结局3	93071	30062875	100	1	[0, 20, 40, 60]		[564111]								[2251426, 2251218]		152		30	1985025
930721	第三章-boss战-柯蕾多尔-结局4	93072	30062876	100	1	[0, 20, 40, 60]		[564121]								[2251426, 2251217]		151		30	1985025
930731	矩阵循生-结局5-道中boss-母体	93073	30062888	100	1	[0, 20, 40, 60]		[564121]								[2251426, 2251231]		151		30	1985025
930741	矩阵循生-结局6-道中boss-巴拉德	93074	30062891	100	1	[0, 20, 40, 60]		[564121]								[2251426, 2251232]		151		30	1985025
950711	第五章-boss战-结局3-麻鸡改	95071	30062874	100	1	[0, 20, 40, 60]		[564111]								[2251426, 2251219]		152		30	42160160
950721	第五章-boss战-结局4-奈捷尔	95072	30062873	100	1	[0, 20, 40, 60]		[564121]								[2251426, 2251220]		151		30	42160160
950731	矩阵循生-结局5-最终boss-未元一阶	95073	30062890	100	1	[0, 20, 40, 60]		[564121]								[2251426, 2251233]		151		30	42160160
950741	矩阵循生-结局6-表面最终boss-国王	95074	30062893	100	1	[0, 20, 40, 60]		[564121]								[2251426, 2251234]		151		30	42160160
950751	矩阵循生-结局6-最终boss-未元一阶	95075	30062894	100	1	[0, 20, 40, 60]		[564121]								[2251426, 2251235]		151		30	42160160
950761	矩阵循生-结局6-真最终boss-未元全阶	95076	30062895	100	1	[0, 20, 40, 60]		[564121]								[2251426, 2251236]		151		30	42160160
970001	β5事件boss-管家	97001	30062878	100	1	[0, 20, 40, 60]		[564121]								[2251426, 2251221]		151		30	798245
970002	β2事件boss-苦刑	97002	30062880	100	1	[0, 20, 40, 60]		[564121]								[2251426, 2251223]		151		30	798245
970003	β4事件boss-修女	97003	30062881	100	1	[0, 20, 40, 60]		[564121]								[2251426, 2251224]		151		30	798245
970004	β4事件boss-加百列	97004	30062882	100	1	[0, 20, 40, 60]		[564121]								[2251426, 2251225]		151		30	798245
970005	β5事件boss-异种	97005	30062883	100	1	[0, 20, 40, 60]		[564121]								[2251426, 2251226]		151		30	798245
970006	β3事件精英-心象	97006	30062884	100	1	[0, 20, 40, 60]		[564121]								[2251426, 2251227]		151		30	798245
970007	β5事件精英-异合巨象	97007	30062886	100	1	[0, 20, 40, 60]		[564121]								[2251426, 2251229]		151		30	798245
970008	β5事件boss-皮克曼	97008	30062887	100	1	[0, 20, 40, 60]		[564121]								[2251426, 2251230]		151		30	798245
970009	矩阵循生-结局5-4章boss-红华胥	97009	30062889	100	1	[0, 20, 40, 60]		[564121]								[2251426, 2251237]		151		30	798245
970010	矩阵循生-结局6-4章boss-绿华胥	97010	30062892	100	1	[0, 20, 40, 60]		[564121]								[2251426, 2251238]		151		30	798245
970011	矩阵循生-结局6-连战boss-幻影麻鸡	97011	30062896	100	1	[0, 20, 40, 60]		[564121]								[2251426, 2251239]		151		30	798245
970012	矩阵循生-结局6-连战boss-安博莉亚	97012	30062897	100	1	[0, 20, 40, 60]		[564121]								[2251426, 2251240]		151		30	798245
970013	矩阵循生-结局6-连战boss-芬里尔	97013	30062898	100	1	[0, 20, 40, 60]		[564121]								[2251426, 2251241]		151		30	798245
970014	矩阵循生-结局6-连战boss-幻影莉莉丝	97014	30062899	100	1	[0, 20, 40, 60]		[564121]								[2251426, 2251242]		151		30	798245
970015	矩阵循生-结局6-连战boss-新苦刑	97015	30062900	100	1	[0, 20, 40, 60]		[564121]								[2251426, 2251243]		151		30	798245
970016	矩阵循生-结局6-连战boss-奈捷尔	97016	30062901	100	1	[0, 20, 40, 60]		[564121]								[2251426, 2251244]		151		30	798245
970017	矩阵循生-结局6-连战boss-巴拉德	97017	30062902	100	1	[0, 20, 40, 60]		[564121]								[2251426, 2251245]		151		30	798245
970018	矩阵循生-结局6-连战boss-国王	97018	30062903	100	1	[0, 20, 40, 60]		[564121]								[2251426, 2251246]		151		30	798245
