Id	Type	UiType	Name	Icon	Text	PrefabPath	Duration	IsMask	MaskTarget	ClickKey	Params
1	1	1	LJZ备注	500703			0				
10	1	1	左边的人	500703	这里是一个对话1		0				
11	1	1	<color=#7FFF00>左边的人</color>	500703	<color=#7FFF00>这里是一个对话1（立绘反转）</color>		0				{3: '1'}
12	1	1	<size=30>左边的人</size>	500703	<size=30>这里是一个对话1（开启playalone）</size>		0				{2: '1'}
13	1	1	左边的人	500703	这里是一个对话1（立绘反转·开启playalone）		0				{2: '1', 3: '1'}
14	1	1	右边的人	500703	这里是一个对话2		0				{1: '1'}
15	1	1	右边的人	500703	这里是一个对话2（立绘反转）		0				{1: '1', 3: '1'}
16	1	1	插入一个左边的人	500703	这里是一个对话3（开启playalone）		0				{2: '1'}
17	1	1	插入一个右边的人	500703	这里是一个对话4（开启playalone）		0				{1: '1', 2: '1'}
20	2	1		Assets/Product/Texture/Image/RoleCharacter/V250ylsNormal01.png	<color=#7FFF00>左上角对话1</color>		0				
21	2	1		Assets/Product/Texture/Image/RoleCharacter/V250ylsNormal01.png	<size=30>左上角对话2</size>		0				
22	2	1		Assets/Product/Texture/Image/RoleCharacter/V250ylsNormal01.png	左上角对话3（1秒）		1				
23	2	1		Assets/Product/Texture/Image/RoleCharacter/V250ylsNormal01.png	左上角对话4（3秒）		3				
30	3	1	<color=#7FFF00>过场动画1</color>		<color=#7FFF00>这里是一个对话1</color>		0				
31	3	1	<size=30>过场动画2</size>		<size=30>这里是一个对话2</size>		0				
32	3	1	过场动画3		这里是一个对话3（3s）		3				
40	4	1	<color=#7FFF00>连线对话A</color>		<color=#7FFF00>连线对话123</color>		0				
41	4	1			连线对话234（3s）		3				
42	4	1	只有名字的连线对话				0				
50	5	1	<color=#7FFF00>自定义对话框</color>	Assets/Product/Texture/Image/RoleCharacter/V250ylsNormal01.png	<size=30>自定义对话框1</size>		0				
51	5	1	<size=30>自定义对话框</size>	Assets/Product/Texture/Image/RoleCharacter/V250ylsNormal01.png	<color=#7FFF00>自定义对话框2</color>		0				
52	5	1	自定义对话框	Assets/Product/Texture/Image/RoleCharacter/V250ylsNormal01.png	自定义对话框3（3s）		3				
60	6	1					0				{1: '100', 2: '100'}
61	6	1	恢复率			Assets/Product/Ui/UiFightPrefab/UiFightTips/PanelFightScanbar.prefab	0				{1: '5000', 2: '500'}
62	6	1					0				
63	6	1	进度条			Assets/Product/Ui/UiFightPrefab/UiFightTips/PanelFightScanbar.prefab	0				{1: '0', 2: '0'}
999198000	2	1		Assets/Product/Texture/Image/RoleCharacter/V250ylsNormal01.png	这是一个左上角的对话		0				
999198001	1	1	左边的人	500703	这里是一个对话1		0				
999198002	1	1	左边的人	500703	这里是一个对话2（立绘反转·开启playalone）		0				{2: '1', 3: '1'}
999198003	2	1		Assets/Product/Texture/Image/RoleCharacter/V250ylsNormal01.png	这是一个3s左上角的对话		3				
999198004	1	1	左边的人	500703	这里是一个3s中下的对话		3				
999198005	3	1	【kuroname】		这里是一个对话3（3s）		3				
999198006	4	1			连线对话234（3s）		3				
999198007	3	1	【kuroname】		这里是一个长显示の字幕		3				
999198998	3	1					0.1				
999198999	2	1					0.1				
1025010601	2	1		Assets/Product/Texture/Image/RoleCharacter/V250ylsNormal01.png	需要重置进度的话再次点击我头像就行了		5				
1025010602	2	1		Assets/Product/Texture/Image/RoleCharacter/V250ylsNormal01.png	那么现在就开始重置进度		3				
1025	3	1	2.5主线		■■■■■■■■■■■■■■■■■■■■■■■■■■■■■■■■■■■■■■■■■■■■■■■■■■■■■■■■■■■■■■■■■■■■■■■■■■■■■■■■■■■■■■■■■■■■■■■■		0				
250106000	1	1	回音	500703	这是……曾经的乌托邦实验室？		0				
250106001	1	1	塞西莉	500717	……回音。		0				{1: '1'}
250106002	1	1	回音	500703	……姐姐！是你吗？！		0				{3: '1'}
250106003	1	1	塞西莉	500711	嘘……时间不多，让我告诉你一些，意识海内部的小秘密。		0				{1: '1'}
250106010	1	1	塞西莉	500711	意识海结构复杂，你可以通过这里，获取一些已经遗忘的信息。		0				{1: '1'}
250106011	1	1	塞西莉	500711	迷失方向的时候，记得从这里寻找路途。		0				{1: '1'}
250106012	1	1	塞西莉	500711	在效果持续期间，你可以通过<color=#FF0000>主动攻击，强行和意识海中的人战斗</color>，找到出去的方法。		0				{1: '1'}
250106013	1	1	塞西莉	500711	但，一定要小心，这里毕竟是你的意识海深处，强行战斗，很容易发生意识海塌陷的情况。		0				{1: '1'}
250106014	1	1	回音	500703	姐姐，我……		0				{3: '1'}
250106015	1	1	塞西莉	500711	嘘……去吧，姐姐永远都会陪在你的身边。		0				{1: '1'}
250106020	1	1	塞西莉	500711	……意识海稳定下来了呢，回音，看来你已经脱离危险情况了。		0				{1: '1'}
250106021	1	1	塞西莉	500711	意识海稳定之后，可以跟随你的意愿，选择回忆某段<color=#1E90FF>特定时间</color>，或者<color=#00FF00>特定位置</color>的记忆。		0				{1: '1'}
250106022	1	1	回音	500703	居然还可以做到这样的事情……		0				{3: '1'}
250106023	1	1	塞西莉	500711	这里毕竟是你的意识海……放心吧，姐姐会保护你的。		0				{1: '1'}
250106024	1	1	塞西莉	500711	尽情做你想做的事情吧。		0				{1: '1'}
250106030	1	1	回音	500703	天真的想法……意识海？		0				{3: '1'}
250106031	1	1	回音	500703	满意的答卷……是指什么？姐姐吗？		0				{3: '1'}
250106032	1	1	回音	500703	……最出色的？		0				{3: '1'}
250106033	1	1	回音	500703	这就是你说的‘出色’吗，父亲……？		0				{3: '1'}
250106034	1	1	回音	500703	克希拉计划？‘她’？		0				{3: '1'}
250106035	1	1	回音	500703	父亲……究竟还隐藏着多少秘密。		0				{3: '1'}
250106040	1	1	塞西莉	500711	……这些应该就是你意识海这个区域中，记忆最深刻的内容了。		0				{1: '1'}
250106041	1	1	塞西莉	500711	灰鸦指挥官的意识链接稳定住了你的意识海，还可以在这里停留一段时间。		0				{1: '1'}
250106042	1	1	塞西莉	500711	要离开吗，还是要继续留在意识海中，探索更多信息？		0				{1: '1'}
250106043	1	1	回音	500703	外面还有很重要的事情，还是先离开吧。		0				{3: '1'}
250106050	1	1	回音	500703	……这里的大门被封锁了，或许在<color=#1E90FF>其他时间</color>过来会有所不同。		0				{3: '1'}
250106051	1	1	回音	500703	外面还有很重要的事情，还是先离开吧。		0				{3: '1'}
250106060	1	1	小孩	500677	大姐姐，那个帆船模型，可以给我玩一会儿吗？		0				{1: '1'}
250106061	1	1	小孩	500677	之前有另一个大姐姐和我说，想去外面看看的时候，就去找小船……会是这个小船吗？		0				{1: '1'}
250106062	1	1	女构造体	500405	希望这样……能帮到他们一点。		0				{1: '1'}
250106063	1	1	女构造体	500405	嗯？有什么事情？		0				{1: '1'}
250106064	1	1	女构造体	500405	……别碰这个，这不是你能动的东西。		0				{1: '1'}
250106065	1	1	构造体	500019	怎么会这样……怎么会出现这样大的偏差啊……		0				
250106066	1	1	构造体	500019	明明按照之前的推算，这边的排异概率应该只有56.98%，怎么会跟推算相差这么多啊！		0				
250106067	1	1	女构造体	500405	是不是那条数据代入错了？		0				{1: '1'}
250106068	1	1	女构造体	500405	我来看看这边……		0				{1: '1'}
250106069	1	1	女构造体	500405	……数据问题？之前不是已经推演过一次了吗？不应该出现其他问题的。		0				{1: '1'}
250106070	1	1	女构造体	500405	……算了，看在他帮过我一次的份上，我再去帮他看看。		0				{1: '1'}
250106071	1	1	女构造体	500405	……你的这组数据代入错误，所以才会和推演结果有很大区别。		0				{1: '1'}
250106072	1	1	构造体	500019	啊啊啊原来是这样！谢，谢谢你！		0				
250106073	1	1	构造体	500019	今天<color=#1E90FF>深夜的视察</color>，总算可以交差了……呼……		0				
250106074	1	1	构造体	500019	今晚……千万不要再出什么岔子啊……		0				
250106075	1	1	回音	500703	……这是什么？是谁的权限卡？		0				
250106076	1	1	回音	500703	塑料卡面上，隐隐有尖锐物体划出的<color=#00FF00>【0451】</color>四个数字。		0				
250106077	1	1	塞西莉	500711	在你的意识海中，只要出现实质化的，应当都是比较重要的东西。		0				{1: '1'}
250106078	1	1	回音	500703	……先把它收起来吧。		0				{3: '1'}
250106079	1	1	女构造体	500405	希望■■■■……帆船■■■■■■……		0				{1: '1'}
250106080	1	1	塞西莉	500711	帆船不在了，在这段记忆中，她的存在出现了冲突，还是不要再和她交流了，以防出现问题。		0				
250106081	1	1	女构造体	500405	帆船■■■■■■……■■■啊啊啊啊■■■不能被■■发现！		0				{1: '1'}
250106082	1	1	女构造体	500405	……		0				{1: '1'}
250106083	2	1	回音	Assets/Product/Texture/Image/RoleCharacter/V250ylsNormal01.png	可以<color=#00FF00>通过地图进行快速移动</color>了。		5				
250106084	1	1	塞西莉	500711	……那边似乎有什么重要的信息……		0				{3: '1'}
250106085	4	1	构造体		喂！		5				
250106086	1	1	回音	500703	啊，对，对不起。		0				
250106087	1	1	构造体	500019	算了算了，放在那边，我来清理吧。		0				{1: '1'}
250106088	1	1	构造体	500019	这种东西，可千万要小心……		0				{1: '1'}
250106089	4	1	回音		我来清理吧。		4				
250106090	1	1	回音	500703	这是什么……小纸条？		0				
250106091	1	1	回音	500703	小纸条上用什么尖锐物品划出了<color=#00FF00>【0451】</color>的刻痕。		0				
250106092	1	1	回音	500703	<color=#00FF00>【0451】</color>……看起来像是什么地方的密码……		0				
250106093	1	1	回音	500703	……		0				
250106094	1	1	构造体	500019	留神点！乌托邦守则说了，实验室不许奔跑打闹！		0				{1: '1'}
250106095	1	1	回音	500703	啊……		0				{3: '1'}
250106096	1	1	回音	500703	……先清理一下吧。		0				{3: '1'}
250106100	2	1	回音	Assets/Product/Texture/Image/RoleCharacter/V250ylsNormal01.png	……这是什么？是谁的权限卡？		4				
250106101	2	1	回音	Assets/Product/Texture/Image/RoleCharacter/V250ylsNormal01.png	塑料卡面上，隐隐有尖锐物体划出的…		4				
250106102	2	1	回音	Assets/Product/Texture/Image/RoleCharacter/V250ylsNormal01.png	<color=#00FF00>【0451】</color>四个数字。		4				
250106103	2	1	塞西莉	Assets/Product/Texture/Image/UiFight/FightSkillMovieSaixili.png	在你的意识海中		4				
250106104	2	1	塞西莉	Assets/Product/Texture/Image/UiFight/FightSkillMovieSaixili.png	只要出现实质化的		4				
250106105	2	1	塞西莉	Assets/Product/Texture/Image/UiFight/FightSkillMovieSaixili.png	应当都是比较重要的东西。		4				
250106106	2	1	回音	Assets/Product/Texture/Image/RoleCharacter/V250ylsNormal01.png	……先把它收起来吧。		4				
250106107	2	1	回音	Assets/Product/Texture/Image/RoleCharacter/V250ylsNormal01.png	先收起来吧。		4				
250106108	1	1	小孩	500677	是小船！可以给我吗？谢谢大姐姐~		0				{1: '1'}
250106109	1	1	小孩	500677	大姐姐，我先去吃午饭了，晚点再见~		0				{1: '1'}
250106110	1	1	提示	500703	请输入密码。		0				
250106111	2	1	回音	Assets/Product/Texture/Image/RoleCharacter/V250ylsNormal01.png	密码是……<color=#00FF00>【0451】</color>		0				
250106112	1	1	提示	500703	请注意，权限不足。		0				
250106113	1	1	提示	500703	请寻找<color=#FF0000>基地守卫</color>获取权限卡及密码，方可通行。		0				
250106114	2	1	回音	Assets/Product/Texture/Image/RoleCharacter/V250ylsNormal01.png	获得了【权限卡】。		4				
250106115	2	1	回音	Assets/Product/Texture/Image/RoleCharacter/V250ylsNormal01.png	权限卡的背面，用什么尖锐物品划出了…		4				
250106116	2	1	回音	Assets/Product/Texture/Image/RoleCharacter/V250ylsNormal01.png	<color=#00FF00>【0451】</color>四个数字。		4				
250106117	1	1	回音	500703	权限卡和……密码。		0				
250106118	1	1	回音	500703	密码应该是……<color=#00FF00>【0451】</color>。		0				
250106119	1	1	塞西莉	500711	……长期停留在意识海中，你会迷失在这里。是时候离开了，回音。		0				
250106200	2	1	回音	Assets/Product/Texture/Image/RoleCharacter/V250ylsNormal01.png	从那边出去，好像是一处<color=#00FF00>雪原</color>……		5				
250106201	2	1	回音	Assets/Product/Texture/Image/RoleCharacter/V250ylsNormal01.png	<color=#00FF00>乌托邦二层</color>，是生活区域。		5				
250106202	2	1	回音	Assets/Product/Texture/Image/RoleCharacter/V250ylsNormal01.png	那扇<color=#00FF00>大门</color>……我曾经进去过吗？		5				
250106203	2	1	回音	Assets/Product/Texture/Image/RoleCharacter/V250ylsNormal01.png	意识海中仿佛浮现出了一段埋藏更深的记忆。		5				
250106204	2	1	回音	Assets/Product/Texture/Image/RoleCharacter/V250ylsNormal01.png	会是……什么时间的记忆？		5				
250106205	1	1	回音	500703	从那边出去，好像是一处<color=#00FF00>雪原</color>……		0				
250106206	1	1	回音	500703	<color=#00FF00>乌托邦二层</color>，是生活区域。		0				
250106207	1	1	回音	500703	那扇<color=#00FF00>大门</color>……我曾经进去过吗？		0				
250106208	2	1	回音	Assets/Product/Texture/Image/RoleCharacter/V250ylsNormal01.png	<color=#1E90FF>深夜的实验室</color>……会有新的线索吗？		5				
250106300	1	1	回音	500703	这些……原来是双面玻璃……		0				{3: '1'}
250106301	1	1	痛苦的构造体	Assets/Product/Texture/Image/RoleStory/GanrangouzaotiNomal02.png	呃……意识海……我是……我……		0				{1: '1'}
250106302	1	1	痛苦的构造体	Assets/Product/Texture/Image/RoleStory/GanrangouzaotiNomal02.png	不……呃……痛……好痛……		0				{1: '1'}
250106303	1	1	回音	500703	……		0				{3: '1'}
250106304	1	1	回音	500703	为什么我会遗忘这些记忆……		0				{3: '1'}
250106305	1	1	塞西莉	500711	不怪你，回音，那时候，你还太小了。		0				{1: '1'}
250106306	1	1	回音	500703	这个意识融合的实验体……没有气息了。		0				{3: '1'}
250106307	1	1	塞西莉	500711	是啊……她原来在这里。		0				{1: '1'}
250106308	1	1	回音	500703	……对不起，姐姐，我不知道这是……		0				{3: '1'}
250106309	1	1	塞西莉	500711	不是你的错，回音。		0				{1: '1'}
250106310	1	1	回音	500703	！！！		0				{3: '1'}
250106311	1	1	回音	500703	这……是什么？我曾经见过这个实验体吗？		0				{3: '1'}
250106312	1	1	塞西莉	500711	这是曾经皮克曼医生实验的失败品……		0				{1: '1'}
250106313	1	1	塞西莉	500711	……没想到，会在这里再次见到她。		0				{1: '1'}
250106314	1	1	乌托邦守则	500703	为善良和爱奉献一切，永勿欺枉公理。		0				
250106315	1	1	乌托邦守则	500703	明鉴智慧，不骄不懈。		0				
250106316	1	1	乌托邦守则	500703	谦卑守己，公平正义。		0				
250106900	3	1	回音		父亲……皮克曼医生曾经坐在这里的时候，会想些什么呢？		5				
250106901	3	1	回音		……唉。		3				
250106902	3	1	回音		还是先去其他地方看看吧。		5				
250106903	2	1	回音	Assets/Product/Texture/Image/RoleCharacter/V250ylsNormal01.png	<color=#1E90FF>中午</color>的实验室……会有新的线索吗？		0				
250106904	2	1	回音	Assets/Product/Texture/Image/RoleCharacter/RoleHeadR3Yalisha1.png	现在已经是<color=#1E90FF>中午</color>了		3				
250106905	2	1	回音	Assets/Product/Texture/Image/RoleCharacter/RoleHeadR3Yalisha1.png	现在已经是<color=#1E90FF>傍晚</color>了		3				
250106906	2	1	回音	Assets/Product/Texture/Image/RoleCharacter/RoleHeadR3Yalisha1.png	现在已经是<color=#1E90FF>深夜</color>了		3				
250106907	4	1	喂！		小心点！		3				
250106908	4	1	嘿！		实验室不许奔跑！		3				
250106909	4	1	■■■		■■■■■■		3				
250106910	4	1	■■■		这里的物资可真充足。		4				
250106911	4	1	■■■		可比叛逃的时候过得舒服多了……		4				
250106912	4	1	■■■		哎……不愧是乌托邦啊。		4				
250106913	4	1	构造体		这里已经是验算过的排异概率了吧？		4				
250106914	4	1	女构造体		这条数据还是有些问题……		4				
250106915	4	1	构造体		嗯，最好再重新复核一遍……		4				
250106916	4	1	女构造体		嗯……		4				
250106917	4	1	■■■		你听说了吗，皮克曼医生那边的实验……		4				
250106918	4	1	■■■		实验？什么实验？		4				
250106919	4	1	■■■		嘿，你怎么可能没听说过，别跟我装傻。		4				
250106920	4	1	快跟我说说，那实验究竟是怎么个说法？		听说被选上之后，能获得更加丰厚的物资……		4				
250106922	4	1	小孩		外面的世界，会是什么样子？		4				
250106923	4	1	构造体		测试通过，身体素质良好，可以继续下一项测试。		4				
250106924	4	1	小孩		大……哥哥？		4				
250106925	4	1	构造体		……算了，你先去领取午饭吧，下一项测试可以再等一会儿。		4				
250106926	4	1	小孩		前些日子有人想逃出去，你知道吗？		4				
250106927	4	1	■■■		空中花园来的那几个构造体，听说是聚集了好些人。		4				
250106928	4	1	■■■		嗨，有什么用，最后不还是被抓回来了。		4				
250106929	4	1	■■■		为什么要逃出去呢？这里明明这么舒服……		4				
250106930	4	1	■■■		真是不懂他们。		4				
250106931	4	1	■■■		嗯……不应该是这样，还是再复核一遍吧。		4				
250106932	4	1	■■■		按照皮克曼医生的思路，这条数据应该至少在50%以上才对。		4				
250106933	4	1	小孩		昨晚，我在墙角听到有个大姐姐在哭……		4				
250106934	4	1	大人		大概是你做噩梦了吧。乌托邦这样好的地方，怎么会有人在哭呢？		4				
250106935	4	1	小孩		可是……		4				
250106936	4	1	好啦，就要到晚饭时间了。		领取过物资之后，今晚要按照乌托邦守则，早点睡觉才是乖孩子哦。		5				
250106937	4	1	女构造体		怎么这玩意都能出现故障……		4				
250106938	4	1	构造体		据说是之前那些构造体逃走的时候做的手脚。		4				
250106939	4	1	女构造体		唉……还是快点修好吧，不然又要抄乌托邦守则了。		4				
250106940	4	1	构造体		他们利用这个东西来传递信息……到底是怎么做到的？		4				
250106941	4	1	大人		喂！按照乌托邦守则，走廊里不允许随意追逐跑闹！		4				
250106942	4	1	小孩		我才不要管什么乌托邦守则！我，我要离开这里！		4				
250106943	4	1	大人		你说什么胡话！离开这里，你上哪里找吃的？		4				
250106944	4	1	小孩		我不管！总会有办法的！		4				
250106945	4	1	基地守卫		啊……真是讨厌守门的工作。		4				
250106946	4	1	基地守卫		又要提起精神，又要小心谨慎……什么乌托邦守则，真麻烦。		4				
250106947	4	1	基地守卫		下次还是想办法和别人换个工作好了……		4				
250106948	4	1	汇报构造体		二队的布防情况大概就是这样。		4				
250106949	4	1	女构造体		火力铺设情况怎么样？像是有构造体逃走那种情况，不能再发生了。		4				
250106950	4	1	汇报构造体		已经加强了后续守卫安排，不可能再出现之前那样的事情了。		4				
250106951	4	1	女构造体		他们到底是怎么逃出去的……		4				
250106952	4	1	构造体A		前些日子有人想逃出去，你知道吗？		4				
250106953	4	1	构造体B		空中花园来的那几个构造体，听说是聚集了好些人。		4				
250106954	4	1	构造体A		嗨，有什么用，最后不还是被抓回来了。		4				
250106955	4	1	真是不懂他们。		为什么要逃出去呢？这里明明这么舒服……		4				
250106956	4	1	■■■		你好，有什么事情吗？		4				
250206000	4	1	■■■		……前些日子有人想逃出去……		4				
250206001	4	1	■■■		嗨，有什么用，最后不还是被抓回来了。		4				
250206002	4	1	■■■		真是不懂他们。		4				
250206003	4	1	■■■		为什么要逃出去呢？这里明明这么舒服……		4				
250206004	4	1	■■■		……什么乌托邦守则，真麻烦……		4				
250206005	4	1	■■■		……		4				
250206006	4	1	■■■		你听说了吗，皮克曼医生那边的实验……		4				
250206007	4	1	■■■		实验？什么实验？		4				
250206008	4	1	■■■		听说被选上之后，能获得更加丰厚的物资……		4				
250206009	4	1	■■■		……快跟我说说……		4				
250206010	4	1	■■■		……不能再发生了。		4				
250206011	4	1	■■■		……		4				
250206012	4	1	■■■		他们到底是怎么逃出去的……		4				
250206013	4	1	■■■		……		4				
250206014	1	1	回音	500703	这是……莱娜留下的标记！		0				
250206015	1	1	回音	500703	要想办法进去看看才行……		0				
250206016	1	1	塞西莉	500711	……意识海结构复杂，也许是时间出了差错，<color=#1E90FF>换个时间</color>再来看看吧。		0				{1: '1'}
250206100	1	1	回音	500703	……		0				
250206101	1	1	回音	500703	……		0				
250206102	1	1	塞西莉	500711	周围有人……尽管是在你的意识海中，还是小心为上。		0				{1: '1'}
250206103	1	1	回音	500703	嗯……现在不是进去的最好时机。		0				
250206104	1	1	回音	500703	莱娜……你究竟想告诉我什么？		0				
250206105	1	1	塞西莉	500711	外界传来的意识链接增强了……你可以在这里离开意识海深处。		0				
250206106	1	1	塞西莉	500711	要离开吗，还是要继续留在意识海中，探索更多信息？		0				
250206107	3	1	回音		……这条通风管道，会通向哪里呢？		5				
250206108	1	1	回音	500703	门打不开……		0				
250206109	1	1	塞西莉	500711	前面的区域，并不在这部分意识海的记忆中。		0				{1: '1'}
250206110	1	1	塞西莉	500711	<color=#1E90FF>换个时间</color>再来试试吧。		0				{1: '1'}
250206111	1	1	<color=#DC143C>实验体（试做型）</color>	500566	<color=#DC143C>嘶……呃……意识海……痛……呃……我……</color>		0				
250206112	1	1	<color=#DC143C>实验体（试做型）</color>	500566	<color=#DC143C>杀……杀光一切……</color>		0				
250306000	1	1	看护人	500616	啊，这可是难得的吹风时间，乌托邦真是一个很好的地方……		0				{1: '1'}
250306001	1	1	看护人	500616	哎，现在是孩子们的游戏时间，你也要一起参与进来吗？		0				{1: '1'}
250306002	1	1	看护人	500616	你找到三个孩子了吗？		0				{1: '1'}
250306003	1	1	看护人	500616	嘿，真是很敏锐，不愧是乌托邦的构造体。		0				
250306004	1	1	看护人	500616	那么，孩子们，今天的游戏时间就到这里了……		0				
250306005	1	1	米诺儿	500260	不行不行，大姐姐完成游戏，要得到奖励才好！		0				{1: '1'}
250306006	1	1	看护人	500616	哎？这么麻烦吗，可我没有东西奖励给这个大姐姐……		0				
250306007	1	1	米诺儿	500260	我有我有！大姐姐，我前些天翻乌托邦守则那本书的时候，在童话书里找到了这一幅画！		0				{1: '1'}
250306008	1	1	米诺儿	500260	我就把这幅画送给你，作为今天获胜者的奖励！		0				{1: '1'}
250306009	1	1	回音	500703	这……这是……		0				{3: '1'}
250306010	1	1	回音	500703	我曾经……送给父亲的画？		0				{3: '1'}
250306011	1	1	看护人	500616	一起来玩吧~		0				{1: '1'}
250306012	1	1	米诺儿	500260	哎呀，被发现了！		0				{1: '1'}
250306013	1	1	塞西莉	500711	还是很有童心啊，回音。		0				
250306014	1	1	杰尔	500259	呜啊啊！大姐姐是怎么发现我的！		0				{1: '1'}
250306015	1	1	回音	500703	……应该还有一个。		0				
250306016	1	1	弗雷特	500259	大姐姐，好厉害！		0				{1: '1', 3: '1'}
250306017	1	1	回音	500703	……这样就找齐了。		0				
250306018	1	1	米诺儿	500260	嘘……		0				{1: '1'}
250306019	1	1	杰尔	500259	……不要出声……		0				{1: '1'}
250306020	1	1	弗雷特	500259	嘘……		0				{1: '1', 3: '1'}
250306300	1	1	女构造体	500405	今晚的素材……米诺儿？你在这里吗？不要躲了，快跟我回去……		0				{1: '1'}
250306301	1	1	回音	500703	你是在找谁吗？		0				{3: '1'}
250306302	1	1	女构造体	500405	……！怎么又跑出来一个……		0				{1: '1'}
250306303	1	1	女构造体	500405	……休息时间已经结束了，你还是早点回乌托邦去吧。		0				{1: '1'}
250306304	1	1	女构造体	500405	这个时间……外面并不安全。		0				{1: '1'}
250306305	1	1	回音	500703	……		0				{3: '1'}
250306306	1	1	回音	500703	记忆中的星空……原来是这个样子。		0				{3: '1'}
250306307	1	1	塞西莉	500711	是啊……还记得我们的许愿星吗，回音？		0				{1: '1'}
250306308	1	1	回音	500703	……我当然记得。		0				{3: '1'}
250306309	1	1	回音	500703	当流星再次划过天空……		0				{3: '1'}
250306600	1	1	回音	500703	深夜的乌托邦……有这么多人的吗？		0				
250306601	4	1	基地守卫		……素材……		4				
250306602	4	1	基地守卫		……处理……		4				
250306603	4	1	基地守卫		……抱歉……		4				
250306604	4	1	基地守卫		……抱歉，但我只能这么做，再见吧。		4				
250306605	1	1	回音	500703	这张纸片……		0				{3: '1'}
250306606	1	1	回音	500703	……		0				{3: '1'}
250306607	1	1	回音	500703	是……那些捉迷藏的孩子……		0				{3: '1'}
250306608	1	1	实验体（试做型）	500622	大……姐姐……		0				{1: '1'}
250306609	1	1	实验体（试做型）	500622	呜……啊……		0				{1: '1'}
250306610	4	1	实验体（试做型）		大……姐姐……		4				
250306611	4	1	实验体（试做型）		呜……啊……		4				
250406000	1	1	回音	500703	这里是……离开实验室的路？		0				
250406001	1	1	米诺儿	500260	■■把这幅画送■■，作为■■获胜者■■■■！		0				{1: '1'}
250406002	1	1	回音	500703	意识海出现了冲突……		0				
250406003	4	1	米诺儿		■■■姐姐……		3				
250406004	4	1	杰尔		好厉害■■■……		3				
250406005	1	1	回音	500703	……这就是意识海融合实验的‘真相’吗。		0				
250406006	1	1	回音	500703	……睡吧。		0				
250406007	1	1	回音	500703	等再醒来的时候，天就亮了……		0				
250406008	1	1	回音	500703	……是你们？		0				
250406009	1	1	弗雷特	500259	大姐姐，你好……我们在找米诺儿和杰尔，你看到他们了吗？		0				{1: '1'}
250406010	1	1	回音	500703	……我……		0				
250406011	1	1	弗雷特	500259	没有见到吗？叔叔，我们去那边找找看好了。		0				{1: '1'}
250406012	4	1	弗雷特		■■■你好……■■■在找米诺儿■■■尔，你■■■看到他们■■■？		5				
250406013	1	1	回音	500703	安眠吧。		0				
250406014	1	1	回音	500703	我会原原本本地记下这些……		0				
250406015	1	1	回音	500703	我一定会……彻底摧毁这里。		0				
250406016	1	1	回音	500703	是那个藏着权限卡的帆船……		0				
250406017	1	1	回音	500703	怎么会出现在这里……		0				
250406018	4	1	■■■		■■■■■■■■■■■■		4				
250406019	1	1	回音	500703	……		0				{3: '1'}
250406020	1	1	塞西莉	500711	都已经过去了，回音。		0				{1: '1'}
250406021	1	1	回音	500703	不，我会永远铭记这一切的。		0				{3: '1'}
250406022	1	1	回音	500703	这一切……血色的罪恶。		0				{3: '1'}
250406023	1	1	回音	500703	电梯可以进入……		0				{3: '1'}
250406024	1	1	回音	500703	它又会带着我通向哪一段记忆？		0				{3: '1'}
250506000	1	1	回音	500703	……最出色的……		0				
250506001	1	1	塞西莉	500711	……是时候离开了，回音。		0				
250111000	1	1	回音	500703	呃……		0				{3: '1'}
250111001	1	1	塞西莉	500711	冷静下来，亚里莎。		0				{1: '1'}
250111002	1	1	回音	500703	姐姐……		0				{3: '1'}
250111003	1	1	塞西莉	500711	灰鸦指挥官在外界帮你稳定意识海，也许你可以借机在这里找到更多的线索。		0				{1: '1'}
250111004	1	1	塞西莉	500711	意识海中的这个区域……也许拥有那扇大门后的记忆。		0				{1: '1'}
250111005	1	1	回音	500703	去那边看看吧。		0				{3: '1'}
250111006	1	1	回音	500703	果然，这扇大门能够打开了。		0				
250111007	1	1	回音	500703	那边是什么？		0				
250111008	1	1	回音	500703	这个高度……应该可以从这里直接跳下去。		0				
250111009	1	1	塞西莉	500711	当心。		0				
250111010	1	1	塞西莉	500711	在你的记忆中，这些守卫会攻击外来者。所以他们会主动攻击你。		0				{1: '1'}
250111011	1	1	回音	500703	……我已经不再是曾经那个无力抉择的亚里莎了。		0				{3: '1'}
250111012	1	1	回音	500703	……就让我看清楚这些被曾经的我遗忘的东西吧。		0				{3: '1'}
250111013	1	1	回音	500703	……这些是……		0				{3: '1'}
250111014	1	1	塞西莉	500711	不要看，回音，不要看。		0				{1: '1'}
250111015	1	1	回音	500703	不……我要把这些，全部刻在我的记忆中。		0				{3: '1'}
250111016	1	1	塞西莉	500711	回音……你成长了很多。		0				{1: '1'}
250111017	1	1	塞西莉	500711	时间不多了。		0				{1: '1'}
250111018	1	1	塞西莉	500711	离开这里吧，外面还有人在等着你……		0				{1: '1'}
250111019	1	1	塞西莉	500711	……前面的信息已经搜集过了。		0				
250111020	1	1	回音	500703	……		0				
250111021	1	1	回音	500703	……时间有限，还是先去寻找那些曾经被遗忘的信息吧。		0				
250111022	1	1	塞西莉	500711	呵，这份档案里有很多连我自己都不知道的信息。		0				{1: '1'}
250111023	1	1	回音	500703	姐姐……没关系吗？		0				{3: '1'}
250111024	1	1	塞西莉	500711	没关系，这也是你需要了解的全部真相。		0				{1: '1'}
250111025	1	1	回音	500703	……是娜塔姐姐的……		0				{3: '1'}
250111026	1	1	塞西莉	500711	……		0				{1: '1'}
250111027	1	1	回音	500703	我是什么时候……把它烧毁的呢？		0				
250111028	1	1	塞西莉	500711	回音，当心。		0				
250111029	1	1	回音	500703	……他们都是无辜的。		0				{3: '1'}
250111030	1	1	塞西莉	500711	……不要多想，这只是意识海内的幻象。		0				{1: '1'}
250111031	1	1	回音	500703	可他们……也都曾经是真实存在过的生命。		0				{3: '1'}
250111032	1	1	回音	500703	我会记住这一切，为他们……讨还回来这份公正。		0				{3: '1'}
250111033	1	1	回音	500703	下面好像放着什么机器……		0				{3: '1'}
250111034	1	1	塞西莉	500711	先过去看看吧。		0				{1: '1'}
250117000	3	1	<color=#DC143C>皮克曼</color>		<color=#DC143C>力量……无与伦比的力量……</color>		5				
250117001	3	1	<color=#DC143C>皮克曼</color>		<color=#DC143C>这样的力量……真是美妙啊。</color>		5				
250117002	3	1	<color=#DC143C>皮克曼</color>		<color=#DC143C>来吧……亚里莎，和父亲……一起……</color>		5				
250117003	3	1	<color=#DC143C>皮克曼</color>		<color=#DC143C>你无法战胜我……们……</color>		5				
250117004	3	1	<color=#DC143C>皮克曼</color>		<color=#DC143C>出来吧……同伴们，和我一起进入真正的乌托邦……</color>		5				
250117005	3	1	<color=#DC143C>皮克曼</color>		<color=#DC143C>生命会在这里停下前进的步伐……所有人都会拥有无与伦比的力量……</color>		5				
2026	3	1	2.6诺安角色塔		■■■■■■■■■■■■■■■■■■■■■■■■■■■■■■■■■■■■■■■■■■■■■■■■■■■■■■■■■■■■■■■■■■■■■■■■■■■■■■■■■■■■■■■■■■■■■■■■		0				
2100012000	2	1		Assets/Product/Texture/Image/RoleCharacter/V210aefNormal04.png	（打晕他们就好了吧）		5				
2100012001	1	1	构造体	500019	强行动手也要让你跟我们走一趟！		0				{1: '1'}
2100012002	1	1	诺安	500506	原来如此……既然你们连灰鸦指挥官的安危都不顾，目的也就不言而明了。		0				{3: '1'}
2100012003	2	1	诺安	Assets/Product/Texture/Image/RoleCharacter/RoleHeadNuoan1.png	（没必要灭口）		3				
2100012004	2	1	诺安	Assets/Product/Texture/Image/RoleCharacter/RoleHeadNuoan1.png	（之后的调查就留给正常的清理部队了）		3				
2100012005	2	1	诺安	Assets/Product/Texture/Image/RoleCharacter/RoleHeadNuoan1.png	（继续打下去会把不知道真相的巡逻构造体也引来）		5				
2100012006	2	1	诺安	Assets/Product/Texture/Image/RoleCharacter/RoleHeadNuoan1.png	（尽快离开这里）		5				
2100012007	1	1	诺安	500506	这里有近道，穿过这栋房子就能到下一条街了。		0				
2100012008	2	1	构造体	Assets/Product/Texture/Image/RoleCharacter/TongyonggouzaotiNomal01.png	他在那里！不要让他跑了		5				
2100012009	2	1	构造体	Assets/Product/Texture/Image/RoleCharacter/TongyonggouzaotiNomal01.png	喂！你要带着灰鸦的指挥官去哪？！		5				
2100012010	2	1	构造体	Assets/Product/Texture/Image/RoleCharacter/TongyonggouzaotiNomal02.png	拦住他！要是被抢先了我们就没有筹码了！		5				
2100012011	2	1	诺安	Assets/Product/Texture/Image/RoleCharacter/RoleHeadNuoan1.png	被谁抢先……贝特还是惑砂，或者都一样？		5				
2100012012	2	1	构造体	Assets/Product/Texture/Image/RoleCharacter/TongyonggouzaotiNomal02.png	啧！		5				
2100012013	1	1	诺安	500506	接下来的路很危险，如果你一定要去，至少叫上灰鸦小队。		0				{3: '1'}
2100012014	1	1	指挥官		你是不是打算趁我低头联系灰鸦，自己转身就跑？		0				{1: '1'}
2100012015	1	1	诺安	500506	嗯……我说不会，你相信吗？		0				{3: '1'}
2100012016	1	1	指挥官		我相信，可你打伤他们又私自离开，会被彻底被当成叛逃者。		0				{1: '1'}
2100012017	1	1	指挥官		至少我在，还能帮你作证。		0				{1: '1'}
2100012018	1	1	指挥官		别告诉我你不需要，难道你打算完成这些事后就去投奔渡边吗？		0				{1: '1'}
2100012019	1	1	诺安	500506	…………		0				{3: '1'}
2100012020	1	1	诺安	500506	……谢谢，那我们走吧。		0				{3: '1'}
2100012021	2	1	诺安	Assets/Product/Texture/Image/RoleCharacter/RoleHeadNuoan1.png	（继续打下去的话…)		5				
2100012022	2	1	诺安	Assets/Product/Texture/Image/RoleCharacter/RoleHeadNuoan1.png	（…会把不知道真相的巡逻构造体也引来…）		5				
2100012023	1	1	构造体	500019	强行动手也要让你跟我们走一趟！		0				{1: '1'}
2100012024	1	1	诺安	500506	原来如此，这才是你们真正的目的……又想重复之前那种把戏来“检查”意识海？		0				{3: '1'}
2100012025	1	1	构造体	500019	少废话！		0				{1: '1'}
2100012200	6	1	视觉模块重启进度			Assets/Product/Ui/UiFightPrefab/UiFightTips/PanelFightScanbar.prefab	0				{1: '500', 2: '5000'}
2100012201	1	1	诺安	500506	视觉模块被干扰了……好的是手环还在发挥作用，还能自由行动。		0				{3: '1'}
2100012202	1	1	构造体	500019	用这种东西，我们也会受到影响……！		0				{1: '1'}
2100012203	1	1	诺安	500506	必须重启视觉模块，再增强手环的效能。		0				{3: '1'}
2100012204	1	1	诺安	500506	负荷会增大，但只有这个办法了。		0				{3: '1'}
2100012205	1	1	构造体	500019	趁现在抓住他！		0				{1: '1'}
2100012206	1	1	诺安	500506	（晚上的战斗要以闪避攻击为主，让他们先动手。）		0				{3: '1'}
2100012207	2	1	诺安	Assets/Product/Texture/Image/RoleCharacter/RoleHeadNuoan1.png	走廊上血滴的声音轻到听不见了。		5				
2100012208	2	1	诺安	Assets/Product/Texture/Image/RoleCharacter/RoleHeadNuoan1.png	那个位置有人。		5				
2100012209	2	1	构造体	Assets/Product/Texture/Image/RoleCharacter/TongyonggouzaotiNomal02.png	把惑砂留下的那些东西也放出来！快！		5				
2100012210	2	1	诺安	Assets/Product/Texture/Image/RoleCharacter/RoleHeadNuoan1.png	视野还没有恢复，先以闪避为主……		4				
2100012211	2	1	诺安	Assets/Product/Texture/Image/RoleCharacter/RoleHeadNuoan1.png	记住他们的声音特征和攻击方式。		5				
2100012212	2	1	诺安	Assets/Product/Texture/Image/RoleCharacter/RoleHeadNuoan1.png	差不多认清他们的套路了。		3				
2100012213	2	1	诺安	Assets/Product/Texture/Image/RoleCharacter/RoleHeadNuoan1.png	试着迎击吧。		4				
2100012214	2	1	诺安	Assets/Product/Texture/Image/RoleCharacter/RoleHeadNuoan1.png	速战速决。		3				
2100012215	2	1	诺安	Assets/Product/Texture/Image/RoleCharacter/RoleHeadNuoan1.png	视野恢复了，那些家伙……		4				
2100012216	2	1	贝特	Assets/Product/Texture/Image/RoleStory/ChangyuHaoganNPCNormal01.png	不愧是……咳咳……蕾切尔养出来的疯狗。		4				
2100012217	2	1	贝特	Assets/Product/Texture/Image/RoleStory/ChangyuHaoganNPCNormal01.png	你就和残骸一起被埋在这间废料实验室里吧。		5				
2100012218	2	1	诺安	Assets/Product/Texture/Image/RoleCharacter/RoleHeadNuoan1.png	直接破坏吧，再等下去贝特也会让这里坍塌。		4				
2100012219	2	1	诺安	Assets/Product/Texture/Image/RoleCharacter/RoleHeadNuoan1.png	站住！		4				
2100012220	4	1	贝特		啧……！！		3				
2100012221	4	1	贝特		作为黑市的武器商，我活这么久可不是全靠运气。		5				
2100012222	2	1	诺安	Assets/Product/Texture/Image/RoleCharacter/RoleHeadNuoan1.png	唯独这一点，我认可。		4				
2100012223	2	1	贝特	Assets/Product/Texture/Image/RoleStory/ChangyuHaoganNPCNormal01.png	快去！惑砂的小娃娃们。		4				
2100012224	2	1	贝特	Assets/Product/Texture/Image/RoleStory/ChangyuHaoganNPCNormal01.png	蕾切尔他们在跟你招手呢，别让他们等太久~		5				
2100012225	2	1	贝特	Assets/Product/Texture/Image/RoleStory/ChangyuHaoganNPCNormal01.png	差不多得了，别纠缠不休！		4				
2100012226	2	1	贝特	Assets/Product/Texture/Image/RoleStory/ChangyuHaoganNPCNormal01.png	诺安！诺安你听得到吗？		5				
2100012227	2	1	诺安	Assets/Product/Texture/Image/RoleCharacter/RoleHeadNuoan1.png	你在叫谁……？		4				
2100012228	2	1	诺安	Assets/Product/Texture/Image/RoleCharacter/RoleHeadNuoan1.png	大门的控制终端在……那边。		4				
2100012229	2	1	诺安	Assets/Product/Texture/Image/RoleCharacter/RoleHeadNuoan1.png	这里就快塌了……		4				
2100012230	4	1	……啧！诺安！快过来帮忙！		你的“复制体”闯进来添了不少麻烦！		5				
2100012231	2	1	诺安	Assets/Product/Texture/Image/RoleCharacter/RoleHeadNuoan1.png	想让“那个我”过来救你？		5				
2100012232	2	1	诺安	Assets/Product/Texture/Image/RoleCharacter/RoleHeadNuoan1.png	……还差最后一步！		5				
2100012233	2	1	诺安	Assets/Product/Texture/Image/RoleCharacter/RoleHeadNuoan1.png	但不能再拖时间了，直接破坏吧。		4				
1028	3	1	2.9主线		■■■■■■■■■■■■■■■■■■■■■■■■■■■■■■■■■■■■■■■■■■■■■■■■■■■■■■■■■■■■■■■■■■■■■■■■■■■■■■■■■■■■■■■■■■■■■■■■		0				
280101000	1	1	蒲牢	500445	准备好了吗？		0				{5: '1', 6: '1'}
280101001	2	1	蒲牢	Assets/Product/Texture/Image/RoleCharacter/PulaoNormal05.png	啊？这边原来可以走过来的吗？		3				
280101002	2	1	枳实	Assets/Product/Texture/Image/UiFight/FightBtnZhishiIcon.png	啊这……		3				
280101003	2	1	蒲牢	Assets/Product/Texture/Image/RoleCharacter/PulaoNormal05.png	继续前进吧！		3				
280101004	2	1	蒲牢	Assets/Product/Texture/Image/RoleCharacter/PulaoNormal05.png	就快到了。		2				
280101005	2	1	蒲牢	Assets/Product/Texture/Image/RoleCharacter/PulaoNormal05.png	当心！		3				
280101006	2	1	蒲牢	Assets/Product/Texture/Image/RoleCharacter/PulaoNormal05.png	不要放松警惕！		3				
280101007	2	1	蒲牢	Assets/Product/Texture/Image/RoleCharacter/PulaoNormal05.png	得尽快前往广播站！		3				
280101008	2	1	蒲牢	Assets/Product/Texture/Image/RoleCharacter/PulaoNormal05.png	大门的开关在…那边！		3				
280101009	2	1	蒲牢	Assets/Product/Texture/Image/RoleCharacter/PulaoNormal05.png	接下来就是守点是吧，交给我吧		3				
280101010	2	1	蒲牢	Assets/Product/Texture/Image/RoleCharacter/PulaoNormal05.png	他们来了！		3				
280101011	1	1	蒲牢	500445	通信中心…是这个方向没错吧？		0				
280101012	1	1	枳实	500823	纸质地图不会出错。		0				{1: '1'}
280101013	1	1	蒲牢	500445	走这条小路确实不会正面接敌。		0				
280101014	1	1	枳实	500823	但是现在还是不知道通信中心里面究竟什么情况。		0				{1: '1'}
280101015	2	1	枳实	Assets/Product/Texture/Image/UiFight/FightBtnZhishiIcon.png	蒲牢大人，有什么事吗？		3				
280101016	2	1	枳实	Assets/Product/Texture/Image/UiFight/FightBtnZhishiIcon.png	尽量保持安静，避免吸引敌人。		3				
280101017	2	1	枳实	Assets/Product/Texture/Image/UiFight/FightBtnZhishiIcon.png	嘘……		3				
280101018	1	1	蒲牢	500445	按照地图，这边应该是死路，去另一边看看。		0				
280101019	2	1	蒲牢	Assets/Product/Texture/Image/RoleCharacter/PulaoNormal05.png	对了，就是这边！去通信中心的方向！		5				
280101020	2	1	枳实	Assets/Product/Texture/Image/UiFight/FightBtnZhishiIcon.png	还需要再检查一遍装备吗？		4				
280101021	1	1	蒲牢	500445	这边果然可以走过来！合理！		0				
280101022	1	1	枳实	500823	这障碍还有什么意义……		0				{1: '1'}
280101023	2	1	蒲牢	Assets/Product/Texture/Image/RoleCharacter/PulaoNormal05.png	跟我来！		3				
280101024	2	1	蒲牢	Assets/Product/Texture/Image/RoleCharacter/PulaoNormal05.png	继续前进吧！		3				
280101025	2	1	蒲牢	Assets/Product/Texture/Image/RoleCharacter/PulaoNormal05.png	我可以跳过去！		0				
280101026	2	1	蒲牢	Assets/Product/Texture/Image/RoleCharacter/PulaoNormal05.png	又近了一步。		3				
280101027	2	1	蒲牢	Assets/Product/Texture/Image/RoleCharacter/PulaoNormal05.png	就快到了。		3				
280101028	2	1	蒲牢	Assets/Product/Texture/Image/RoleCharacter/PulaoNormal05.png	翻过来！		3				
280101029	2	1	枳实	Assets/Product/Texture/Image/UiFight/FightBtnZhishiIcon.png	喝啊！看我撞开它！		3				
280101030	2	1	蒲牢	Assets/Product/Texture/Image/RoleCharacter/PulaoNormal05.png	…通信机房，就在前面了！		4				
280101031	2	1	蒲牢	Assets/Product/Texture/Image/RoleCharacter/PulaoNormal05.png	小心！		3				
280101032	2	1	蒲牢	Assets/Product/Texture/Image/RoleCharacter/PulaoNormal05.png	这地形…我或许可以利用钩锁将他们丢出去。		5				
280101033	2	1	蒲牢	Assets/Product/Texture/Image/RoleCharacter/PulaoNormal05.png	…不要放松警惕，还没完。		4				
280101034	2	1	蒲牢	Assets/Product/Texture/Image/RoleCharacter/PulaoNormal05.png	…不能继续耽搁了，向前！		4				
280101035	2	1	枳实	Assets/Product/Texture/Image/UiFight/FightBtnZhishiIcon.png	蒲牢大人！我来了！		3				
280101036	1	1	蒲牢	500445	这就是大门，接下来就是找发信终端然后守住这里。		0				
280101037	1	1	枳实	500823	我们快要没时间了，伤员在增加……		0				{1: '1'}
280101038	2	1	蒲牢	Assets/Product/Texture/Image/RoleCharacter/PulaoNormal05.png	发信终端在…那边！		5				
280101039	2	1	蒲牢	Assets/Product/Texture/Image/RoleCharacter/PulaoNormal05.png	所有还能动起来的，跟紧我！		5				
280101040	2	1	蒲牢	Assets/Product/Texture/Image/RoleCharacter/PulaoNormal05.png	准备战斗！		5				
280101041	2	1	枳实	Assets/Product/Texture/Image/UiFight/FightBtnZhishiIcon.png	呃啊……		5				
280101042	2	1	蒲牢	Assets/Product/Texture/Image/RoleCharacter/PulaoNormal05.png	枳实！		5				
280101043	1	1	蒲牢	500445	...太多了，不行，太多了！		0				
280101044	1	1	枳实	500823	敌人数量太多了！帕弥什……全是帕弥什！		0				{1: '1'}
280101045	1	1	蒲牢	500445	小心！		0				
280101046	1	1	枳实	500823	呃啊……		0				{1: '1'}
280101047	1	1	蒲牢	500445	枳实！		0				
280101048	2	1	枳实	Assets/Product/Texture/Image/UiFight/FightBtnZhishiIcon.png	……蒲牢大人，有什么事吗？		3				
280101049	2	1	枳实	Assets/Product/Texture/Image/UiFight/FightBtnZhishiIcon.png	尽量保持安静，避免吸引敌人。		3				
280101050	2	1	枳实	Assets/Product/Texture/Image/UiFight/FightBtnZhishiIcon.png	嘘……		3				
280101051	2	1	枳实	Assets/Product/Texture/Image/UiFight/FightBtnZhishiIcon.png	蒲牢大人！我来了！		3				
280102000	1	1	枳实	500823	那我们是先在附近再走走还是直接去巡逻？		0				{5: '1', 6: '1'}
280102001	2	1	蒲牢	Assets/Product/Texture/Image/RoleCharacter/PulaoNormal05.png	虽然有显示但不能跳		3				
280102002	2	1	蒲牢	Assets/Product/Texture/Image/RoleCharacter/PulaoNormal05.png	这可不兴跳啊阿sir		3				
280102003	1	1	枳实	500823	今天交接表上我们还要再去一趟南站，蒲牢大人要继续跟我们去吗？		0				{5: '1', 6: '1'}
280102004	2	1	蒲牢	Assets/Product/Texture/Image/RoleCharacter/PulaoNormal05.png	这是！巡逻的士兵！		3				
280102005	2	1	蒲牢	Assets/Product/Texture/Image/RoleCharacter/PulaoNormal05.png	敌袭！		3				
280102006	2	1	蒲牢	Assets/Product/Texture/Image/RoleCharacter/PulaoNormal05.png	敌人数量太多了，这样下去不是办法！		3				
280102007	2	1	蒲牢	Assets/Product/Texture/Image/RoleCharacter/PulaoNormal05.png	得找机会撤退！		3				
280102008	2	1	蒲牢	Assets/Product/Texture/Image/RoleCharacter/PulaoNormal05.png	乘现在！		3				
280102009	2	1	蒲牢	Assets/Product/Texture/Image/RoleCharacter/PulaoNormal05.png	先跑吧，回头再说		3				
280102010	2	1	蒲牢	Assets/Product/Texture/Image/RoleCharacter/PulaoNormal05.png	你还跑的挺快的		3				
280102011	2	1	蒲牢	Assets/Product/Texture/Image/RoleCharacter/PulaoNormal05.png	先避开战斗，朝目标点撤退！		0				
280102012	1	1	蒲牢	500445	呼……果然还是家里的感觉更舒服。		0				{1: '1'}
280102013	1	1	枳实	500823	空中花园上这么糟糕吗？		0				
280102014	1	1	枳实	500823	那我们是先在附近再走走还是直接去巡逻？		0				
280102015	1	1	蒲牢	500445	时间还早，那就在这附近走走吧。		0				{1: '1'}
280102016	1	1	枳实	500823	好的。		0				
280102017	1	1	蒲牢	500445	时间不早了，我们直接去巡逻吧。		0				{1: '1'}
280102018	1	1	枳实	500823	准备出发。		0				
280102019	1	1	蒲牢	500445	辅城虽然挺大的，但好像总是没什么人呢。		0				{1: '1'}
280102020	1	1	枳实	500823	不在港口的中心地带是这样的。		0				
280102021	2	1	枳实	Assets/Product/Texture/Image/UiFight/FightBtnZhishiIcon.png	嗯？有什么事吗？		3				
280102022	2	1	枳实	Assets/Product/Texture/Image/UiFight/FightBtnZhishiIcon.png	希望今天也平安无事。		3				
280102023	2	1	枳实	Assets/Product/Texture/Image/UiFight/FightBtnZhishiIcon.png	人好少啊……		3				
280102024	2	1	枳实	Assets/Product/Texture/Image/UiFight/FightBtnZhishiIcon.png	蒲牢大人！		3				
280102025	2	1	枳实	Assets/Product/Texture/Image/UiFight/FightBtnZhishiIcon.png	等等我！		3				
280102026	4	1	九龙众构造体		夜航船啊……		4				{1: '1'}
280102027	4	1	九龙众构造体		蓝蓝的天空银河里……		4				{1: '1'}
280102028	1	1	蒲牢	500445	夜航船可不是白色的！		0				{3: '1'}
280102029	1	1	构造体	500019	啊这！蒲牢大人……		0				{1: '1'}
280102030	4	1	九龙众构造体		今天天气真不错。		4				
280102031	4	1	九龙众构造体		该摸了。		4				
280102032	4	1	九龙众构造体		才修好几天怎么就坏了？		4				
280102033	4	1	拾荒者		就加班搬了几十次钢材而已……		4				
280102034	4	1	九龙众构造体		那不是你们用得有问题？		4				
280102035	1	1	拾荒者	500136	不可能！绝对不可能！		0				{1: '1'}
280102036	1	1	拾荒者	500136	之前其他的力士还用得好好的呢……		0				{1: '1'}
280102037	1	1	九龙众构造体	500019	真是乱来，机械也不能连轴转啊。		0				{3: '1'}
280102038	1	1	九龙众构造体	500019	连点机油当下午茶都舍不得么？		0				{3: '1'}
280102039	2	1	枳实	Assets/Product/Texture/Image/UiFight/FightBtnZhishiIcon.png	这个缺口还没修缮好么……		3				
280102040	2	1	蒲牢	Assets/Product/Texture/Image/RoleCharacter/PulaoNormal05.png	…好像过不去…		3				
280102041	1	1	枳实	500823	今天交接表上我们还要再去一趟南站，蒲牢大人要继续跟我们去吗？		0				
280102042	1	1	蒲牢	500445	嗯哼，当然啦。		0				{1: '1'}
280102043	1	1	蒲牢	500445	走吧，我们现在就过去。		0				{1: '1'}
280102044	1	1	枳实	500823	那我+1		0				
280102045	1	1	蒲牢众交接人	500019	枳实？还有蒲牢大人也在！		0				{1: '1'}
280102046	1	1	蒲牢众交接人	500019	枳实，上一班的巡逻人现在还没有回来…		0				{1: '1'}
280102047	1	1	蒲牢众交接人	500019	我这边也联系不上他们…		0				{1: '1'}
280102048	1	1	枳实	500823	那么…巡逻接班的人正好也在南站那边…		0				
280102049	1	1	蒲牢	500445	事不宜迟，我们走吧。		0				{1: '1'}
280102050	2	1	枳实	Assets/Product/Texture/Image/UiFight/FightBtnZhishiIcon.png	唔……蒲牢大人？		3				
280102051	2	1	枳实	Assets/Product/Texture/Image/UiFight/FightBtnZhishiIcon.png	现在是工作时间！		3				
280102052	2	1	蒲牢	Assets/Product/Texture/Image/RoleCharacter/PulaoNormal05.png	等等，那是我们的人！		4				
280102053	2	1	枳实	Assets/Product/Texture/Image/UiFight/FightBtnZhishiIcon.png	蒲牢大人，小心！		4				
280102054	2	1	枳实	Assets/Product/Texture/Image/UiFight/FightBtnZhishiIcon.png	喝啊！！		3				
280102055	2	1	蒲牢	Assets/Product/Texture/Image/RoleCharacter/PulaoNormal05.png	这些怪物都是从哪儿冒出来的！		5				
280102056	2	1	蒲牢	Assets/Product/Texture/Image/RoleCharacter/PulaoNormal05.png	简直就像是涨潮一样！		5				
280102057	2	1	蒲牢	Assets/Product/Texture/Image/RoleCharacter/PulaoNormal05.png	...太多了，不行，太多了！		5				
280102058	2	1	蒲牢	Assets/Product/Texture/Image/RoleCharacter/PulaoNormal05.png	避免接敌，朝目标点撤退！		0				
280102059	2	1	枳实	Assets/Product/Texture/Image/UiFight/FightBtnZhishiIcon.png	去货运站！那边有高地可以据守！		5				
280102060	2	1	枳实	Assets/Product/Texture/Image/UiFight/FightBtnZhishiIcon.png	敌人数量太多了！帕弥什……全是帕弥什！		5				
280102061	4	1	拾荒者		…		4				
280102900	2	1	枳实	Assets/Product/Texture/Image/UiFight/FightBtnZhishiIcon.png	互动对话1		4				
280102901	2	1	枳实	Assets/Product/Texture/Image/UiFight/FightBtnZhishiIcon.png	互动对话2		4				
280102902	2	1	枳实	Assets/Product/Texture/Image/UiFight/FightBtnZhishiIcon.png	互动对话3		4				
280103000	3	1	曲		…时候不早了。		3				
280103001	1	1	曲	500150	带路吧（继续流程）or再逛逛		0				{1: '1', 5: '1', 6: '1'}
280103002	1	1			曲大人，元宵节的准备都差不多了。		0				
280103003	1	1			嘲风众负责规划今年的灯会，不过您也可以找蒲牢众的含英小姐询问一些细节。		0				
280103004	1	1			含英……这名字有些耳熟。		0				
280103005	1	1			蒲牢那里还有些事要做，我去那边看看。		0				
280103006	1	1			蒲牢那里还有些事要做，我去那边看看。		0				
280103007	4	1	墨鸢		今年的灯市，应该还够大吧……		5				
280103008	4	1	戏院老板		常羽那小子怎么还没回来……老于，你去找找？		5				
280103009	4	1	蒲牢		烟花和灯笼都准备好了吗？		5				
280103010	1	1			一切准备就绪！		0				
280103011	1	1			好！等下我们一起放烟花吧！		0				
280103012	1	1	墨鸢		看来没什么问题……		0				
280103013	1	1			几百年过去，这水车，还在转动……		0				
280103014	3	1	含英		曲大人，您来了。		5				
280103015	3	1	曲		你就是含英吗？		5				
280103016	3	1	含英		是的，接下来就由我带您去灯街上逛逛吧。		5				
280103017	3	1	曲		好吧……麻烦你了。		3				
280103018	1	1			是的，接下来就由我带您去灯街上逛逛吧。		0				
280103019	1	1	曲		好吧……麻烦你了。		0				
280103020	3	1	含英		九龙城还是这样繁华热闹，又足够宽广，是我们每个人的家……		8				
280103021	3	1	含英		这是最好的时代，曲大人，也是最好的九龙。		6				
280103022	3	1	曲		是啊……灯火烟花都准备妥当了吗？		6				
280103023	3	1	含英		悠悠和阿一她们两个在制作烟花，不过这事也不必您亲自查看了，还挺危险的……		9				
280103024	3	1	曲		既然是九龙的节日，自然就要显示出九龙该有的气氛。		6.5				
280103025	3	1	含英		这是当然。		3				
280103026	1	1			曲大人，您想在这里四处走走吗？		0				
280103027	1	1	常羽		嚯！差点忘了院长和老于还等着我的酒呢……		0				
280103028	3	1	含英		秦城楼阁烟花里，汉主山河锦绣中……		8				
280103029	3	1	曲		……春去春来洞庭阔，白苹愁杀白头翁。		8				
280103030	3	1	蒲牢		哇~阿一你是不是火药放多了？		7				
280103031	3	1	太阿		……?不是你给的量吗？		3				
280103032	3	1	常羽		诶嘿，院长，你看这都到了上元佳节，明儿……？		8.5				
280103033	3	1	老板		你小子……别跑太远啊！		6				
280103034	3	1	曲		你好像一点也不在乎我的身份？		3.5				
280103035	3	1	含英		因为您一直站在九龙的大家身边呀，曲大人。		7				
280103036	3	1	曲		该让墨鸢教教你何为敬畏了……		6				
280103037	3	1	含英		可这样一直一直轻松，热闹地生活下去，不也挺好吗？		9				
280103038	3	1	曲(?)		这样的九龙，不正是你期望看到的吗？		6				
280103039	1	1			三千七百五十二万多个计算循环过去了，只有你还觉得，我们没有赢下那场战争，甚至连她们都已经忘记了你的名字。		0				
280103040	1	1			留下吧，我们一起让九龙永世繁荣下去。		0				
280103041	3	1	曲(?)		你难道想让这样的九龙，真正地淹没在战火和猩红之中吗？		6				
280103042	3	1	曲(?)		你难道想让这样的九龙，被你亲手毁掉吗？		6				
280103043	3	1	曲		不，不对……		4				
280103044	3	1	曲		你在掩盖真相。		4				
280103045	3	1	曲		九龙城……不。		4				
280103046	3	1	曲		九龙城……那场战争……		4				
280103047	3	1	曲		我……没能守住……		5				
280103048	3	1	曲		子民们那么信任我……可我却没能……		6				
280103049	3	1	曲(?)		xxxxxxxx		6				
280103050	3	1	曲(?)		九龙的子民，也在这里。		4				
280103051	3	1	曲(?)		他们也都在这里安居乐业，幸福美满，享受着九龙真正的荫蔽。		8				
280103052	3	1	曲(?)		你还不愿意醒来吗？		5				
280103053	3	1	墨鸢		该回家了，■■■		3.5				
280103054	3	1	睚眦		我们还都指望着你呢，■■■		4				
280103055	3	1	常羽		院长，明儿唱什么？《黄粱梦》？咱什么时候能把戏台子搭到商会里头去啊！		9				
280103056	3	1	院长		瞧把你能的，挣的钱都不够让你吹牛的！		7				
280103057	3	1	蒲牢		阿一！你看！那个就是商会的高塔啦，是螭吻众的大厦哦。		8				
280103058	3	1	太阿		唔……好圆的月亮啊……		6				
280103059	3	1	蒲牢		是吧！我还从来没去过他们螭吻的楼顶呢！		6				
280103060	3	1	含英		明天……明天我们去哪儿玩呢？		5				
280103061	3	1	蒲牢		去戏院听戏怎么样？		4				
280103062	3	1	太阿		好哦\(^o^)/~		3				
280103063	1	1			烟花和灯笼都准备好了吗？		0				
280103064	1	1			一切准备就绪！		0				
280103065	1	1			好！等下我们一起放烟花吧！		0				
280103066	1	1			看来没什么问题……		0				
280103067	3	1	■■■		哎，小二……		3				
280103068	3	1	■■■		来啦！您几位来点什么？		3				
280103069	3	1	曲(?)		无休止的斗争已经结束了。		6				
280103070	3	1	曲(?)		接受现实吧，你的挣扎，毫无意义——		6				
280103071	3	1	曲(?)		你还不愿意认清真相吗？		5				
280103072	3	1	曲		这样的九龙，已经倒在三十二年前的那场战争里了。		6				
280103073	3	1	曲		……不，不是这样。		4				
280103074	3	1	曲		虽然这是我所期盼的九龙，也是子民们期盼的九龙。		6.5				
280103075	3	1	曲		但真正的九龙，绝不是现在这个样子……		6				
280103076	3	1	曲		即便……它满目疮痍、饱经战火、满是痛苦、死亡、离别与悲伤……		14				
280103077	3	1	曲		即便他们的情感所言非虚，即便所有的真相都被黑暗掩埋……		10				
280103078	3	1	曲		我会看到这样的九龙，承担这样的九龙，但不是今天，不是现在。		11				
280103079	3	1	曲		绝不是。		2.5				
280103080	3	1	曲(?)		这是你最后的机会了，月亮马上就要落下去了，马上，星星也要黯淡。		12				
280103081	3	1	曲		但太阳还会再升起来的。		3.5				
280103082	3	1	曲		明天的太阳，还会再升起来的。		6.5				
280103500	3	1	背景声		烟花爆炸的声音		5				
280103501	3	1	背景声		人声鼎沸		5				
280103502	3	1	含英		看来，烟花已经放起来了呢。		6				
280103503	1	1	灯谜		这里是灯谜的谜面		0				{5: '1', 6: '1'}
280103504	1	1			（时候不早了）		0				
280103505	1	1			墙上贴着一些小广告		0				
280103506	1	1			（影响市容，霸下为什么不赶紧来清理一下！）		0				
280103507	1	1			…临近元宵节，快递包裹也太多了吧！		0				
280103508	4	1	构造体送货员		这堆包裹该咋处理啊…?		4				
280103509	1	1			堆积如山的包裹		0				
280103510	1	1			（晚点找人过来处理一下吧）		0				
280103511	1	1			灯谜的谜面是：烟锁池塘柳		0				
280103512	1	1			工笔上佳，堪称绝对		0				
280103513	1	1			典出原诗，仅得其中		0				
280103514	1	1			工整有余，意境不足		0				
280103515	1	1			灯谜的谜面是：品尝杜康樽半空		0				
280103516	1	1			灯笼，灯笼啊……挂这些灯谜真的好累。		0				
280103517	1	1			看来这里的灯谜还未完成。		0				
280103518	1	1			灯谜的谜面是：烟锁池塘柳		0				{5: '1', 6: '1'}
280103519	1	1			灯谜的谜面是：品尝杜康樽半空		0				{5: '1', 6: '1'}
280103520	1	1			常羽那小子怎么还没回来……老于，你去找找？		0				
280103521	1	1			嗯？嗯……嗯？		0				
280103522	1	1			（还是先去找含英吧）		0				
280103523	1	1			（现在不是回去的时候）		0				
280103524	4	1	推销小哥		瞧一瞧看一看咧~武馆开业大酬宾~		4				
280103525	4	1	无忧无虑的小孩		喝啊！我发动场地魔法……		4				
280103526	1	1			（这个秋千有些眼熟）		0				
280103527	4	1	太阿二号		睚眦姐姐弹得真好听~		4				
280103528	1	1			（这边还有垃圾…真是的）		0				
280103529	1	1			抱歉，曲大人，这边还没装修好……		0				
280103530	1	1			嚯！差点忘了院长和老于还等着我的酒呢……		0				
280203500	4	1	修理工		这玩意可不好修啊，得加钱。		4				
280203501	4	1	包工头		诶诶诶！你怎么能坐地起价呢？		4				
280203502	4	1	修理工		俺们这都是手艺活，赚的都是良心钱！咋的，你敢欺负俺们工人？		5				
280203503	4	1	包工头		诶诶诶？		3				
280203504	4	1	骁卫		我的战斗协议已经好久没有激活过了啊……		4				
280203505	4	1	吊人		你想试一试吗？我可以申请在这里试用一下。		4				
280203506	4	1	骁卫		不行，当裁判的不能亲自入场。		4				
280203507	4	1	吊人		…		3				
280203508	4	1	小孩		你~慢~点		3				
280203509	4	1	舞轮		滴滴滴，滴滴滴~		3				
280203510	4	1	小孩		你~慢~点		3				
280203511	4	1	舞轮		滴滴滴，滴滴滴~		3				
280203512	1	1			（时候不早了，要回去吗？）		0				
280203513	1	1			（时候不早了，要回去吗？）		0				{5: '1', 6: '1'}
280203514	1	1			曲大人，武馆刚刚开场，欢迎您莅临指导。		0				
280203515	1	1			...武馆也在城外准备了放灯，您有兴趣也可以去那边参观指导。		0				
280203516	1	1			武馆的镇馆之宝，非常切合武馆的气质		0				
280203517	1	1			有些奇妙的雕塑，不明所以		0				
280203518	1	1			完好无损的大鼓，敲上去应该会很响		0				
280203519	1	1			习武之人切记仁者无敌~		0				
280203520	4	1	扫地僧		元宵节啊…		4				
280203521	4	1	扫地僧		天气真不错。		4				
280203522	1	1			啊，这栏杆怎么断了？得早点和上面报告找人来修一下。		0				
280203523	4	1	吊人		举到这个位置吗？		4				
280203524	4	1	九龙居民		再往下一点，哦不对，再往上一点，往左，往左……		4				
280203525	4	1	吊人		这里？		4				
280203526	4	1	九龙居民		往左，往左……		4				
280203527	4	1	老头瓮		孔明灯~就快放了吧~		4				
280203528	4	1	小孩		啊~这~飞一般~的感觉~		4				
280203529	4	1	力士		不要跑太快啊，当心摔倒……		4				
280203530	4	1	小孩		~~~		4				
280203531	4	1	力士		当心摔倒……		4				
280203532	1	1			曲大人，这边还在装修，请注意安全。		0				
280203533	1	1			抄录古本的经卷，似乎半路搁笔。		0				
280203534	1	1			有人还没有写完就离开了。		0				
280203535	1	1			（在我儿时的印象里，它就已经这么大了，或许千年有余了吧）		0				
280203536	1	1			过节享受气氛，还须在九龙城		0				
280203537	1	1			装酒的木桶，螭吻为元宵节庆额外预备的物资。		0				
280203538	1	1			曲大人，这边孔明灯已经准备就绪了。		0				
5006	3	1	首席自控怪		■■■■■■■■■■■■■■■■■■■■■■■■■■■■■■■■■■■■■■■■■■■■■■■■■■■■■■■■■■■■■■■■■■■■■■■■■■■■■■■■■■■■■■■■■■■■■■■■		0				
500600	7	1			\n<size=27><color=#4169E1>>>>授权验证中…已通过\n>>>火力部署中…已完成\n>>>饱和式轰炸…执行中</color></size>		6				{1: '5'}
1030	3	1	2.11主线		■■■■■■■■■■■■■■■■■■■■■■■■■■■■■■■■■■■■■■■■■■■■■■■■■■■■■■■■■■■■■■■■■■■■■■■■■■■■■■■■■■■■■■■■■■■■■■■■		0				
300110000	7	1			<size=27><color=#4169E1>>>>接收到待处理的通讯请求...\n>>>通讯链路稳定，正在同步数据...\n>>>信号解码成功，连接建立中...\n>>>连接成功，呼叫标识：里.</color></size>		7				{1: '5'}
300110001	1	1	【kuroname】		收到，我们即刻出发。持续监视目标，注意安全，结束。		0				
300110002	1	1	露西亚	500166	收到里发来的坐标，随时可以出发。		0				{1: '1', 3: '1'}
300110003	1	1	【kuroname】		露娜那边呢？		0				
300110004	1	1	露娜	500238	看来，他们的任务已经完成了。		5				{1: '1', 3: '1', 5: '1', 6: '1'}
300110005	1	1	露娜	500238	准备出发吧。		3				{1: '1', 3: '1', 5: '1', 6: '1'}
300110006	2	1	露西亚	Assets/Product/Texture/Image/RoleCharacter/RoleHeadR4Luxiya2.png	感染体！小心！		4				
300110007	2	1	露娜	Assets/Product/Texture/Image/RoleCharacter/RoleHeadLuna2.png	它们……在抗拒我的命令？		5				
300110008	2	1	阿尔法	Assets/Product/Texture/Image/RoleCharacter/RoleHeadR5Luxiya3.png	没必要在这里浪费时间，速战速决。		5				
300110009	2	1	提示	Assets/Product/Texture/Image/RoleCharacter/TongyonggouzaotiUnknown02.png	提示：<color=#33ccff>普通攻击</color>为<color=#33ccff>单点射击</color>		5				
300110010	2	1	提示	Assets/Product/Texture/Image/RoleCharacter/TongyonggouzaotiUnknown02.png	提示：点击<color=#33ccff>切换武器</color>		0				
300110011	2	1	提示	Assets/Product/Texture/Image/RoleCharacter/TongyonggouzaotiUnknown02.png	提示：点击<color=#33ccff>主动换弹</color>		0				
300110012	2	1	露娜	Assets/Product/Texture/Image/RoleCharacter/RoleHeadLuna2.png	这些感染体…收到了其他命令。		5				
300110013	2	1	露娜	Assets/Product/Texture/Image/RoleCharacter/RoleHeadLuna2.png	呃……		3				
300110014	2	1	阿尔法	Assets/Product/Texture/Image/RoleCharacter/RoleHeadR5Luxiya3.png	露娜？！		3				
300110015	2	1	露娜	Assets/Product/Texture/Image/RoleCharacter/RoleHeadLuna2.png	姐姐，没关系……		3				
300110016	2	1	露西亚	Assets/Product/Texture/Image/RoleCharacter/RoleHeadR4Luxiya2.png	...感染体的信号已被全部消灭，战斗结束。		5				
300110017	1	1	露娜	500238	……		0				{1: '1', 3: '1'}
300110018	3	1	露娜		……你应该不需要我来提醒……这只是临时合作。		6				
300110019	3	1	【kuroname】		…当然。		3				
300110020	2	1	露西亚	Assets/Product/Texture/Image/RoleCharacter/RoleHeadR4Luxiya2.png	小心，那片雾气具有强腐蚀性！		5				
300110021	2	1	阿尔法	Assets/Product/Texture/Image/RoleCharacter/RoleHeadR5Luxiya3.png	当心。		3				
300110022	2	1	露西亚	Assets/Product/Texture/Image/RoleCharacter/RoleHeadR4Luxiya2.png	雾气……消散了。		5				
300110023	2	1	【kuroname】	Assets/Product/Texture/Image/RoleCharacter/TongyonggouzaotiUnknown02.png	继续前进。		3				
300110024	2	1	露西亚	Assets/Product/Texture/Image/RoleCharacter/RoleHeadR4Luxiya2.png	指挥官！离雾远一点！		10				
300110025	5	1	<color=#ff0000>警告</color>	Assets/Product/Texture/Image/RoleCharacter/TongyonggouzaotiUnknown02.png	<color=#ff0000><size=30>正在与强腐蚀性物质接触！</size></color>		3				
300110026	5	1	<color=#ff0000>警告</color>	Assets/Product/Texture/Image/RoleCharacter/TongyonggouzaotiUnknown02.png	<color=#ff0000><size=30>装甲结构受损！！</size></color>		3				
300110027	1	1			（继续前进吗？）		0				
300110028	2	1	露西亚	Assets/Product/Texture/Image/RoleCharacter/RoleHeadR4Luxiya2.png	指挥官，不要离我太远。		4				
300110029	2	1	露娜	Assets/Product/Texture/Image/RoleCharacter/RoleHeadLuna2.png	升格网络的波动在加剧…我们该加快速度了。		4				
300110030	2	1	阿尔法	Assets/Product/Texture/Image/RoleCharacter/RoleHeadR5Luxiya3.png	我们会有交手的时候，但不是现在。		4				
300110031	2	1	阿尔法	Assets/Product/Texture/Image/RoleCharacter/RoleHeadR5Luxiya3.png	……		4				
300210000	2	1	露娜	Assets/Product/Texture/Image/RoleCharacter/RoleHeadLuna2.png	……我能感受到某种视线，小心。		5				
300210001	2	1	露西亚	Assets/Product/Texture/Image/RoleCharacter/RoleHeadR4Luxiya2.png	通讯链路受到了干扰……		4				
300210002	2	1	露西亚	Assets/Product/Texture/Image/RoleCharacter/RoleHeadR4Luxiya2.png	指挥官，不要离我太远。		4				
300210003	2	1	阿尔法	Assets/Product/Texture/Image/RoleCharacter/RoleHeadR5Luxiya3.png	……往后站一点。		4				
300210004	2	1	阿尔法	Assets/Product/Texture/Image/RoleCharacter/RoleHeadR5Luxiya3.png	集中队伍，不要分散。		4				
300210005	2	1	露娜	Assets/Product/Texture/Image/RoleCharacter/RoleHeadLuna2.png	……		4				
300210006	2	1	露娜	Assets/Product/Texture/Image/RoleCharacter/RoleHeadLuna2.png	……危险在靠近。		4				
300210007	1	1	露娜	500238	这种高度，你能过去吗？		0				{1: '1', 3: '1'}
300210008	1	1	阿尔法	500610	需要帮忙就说一声。		0				
300210009	1	1	露西亚	500166	鸦羽具备飞行能力，指挥官，我可以带着你过去。		0				{1: '1', 3: '1'}
300210010	1	1	【kuroname】		不用为我担心。		0				
300210011	2	1	提示	Assets/Product/Texture/Image/RoleCharacter/TongyonggouzaotiUnknown02.png	提示：<color=#33ccff>长按闪避</color>可以进入<color=#33ccff>奔跑状态</color>		6				
300210012	2	1	提示	Assets/Product/Texture/Image/RoleCharacter/TongyonggouzaotiUnknown02.png	提示：点击使用<color=#33ccff>钩锁</color>		0				
300210013	2	1	提示	Assets/Product/Texture/Image/RoleCharacter/TongyonggouzaotiUnknown02.png	提示：<color=#33ccff>在空中时按闪避</color>可以进行<color=#33ccff>二段跳</color>		0				
300210014	2	1	【kuroname】	Assets/Product/Texture/Image/RoleCharacter/TongyonggouzaotiUnknown02.png	这是！？		4				
300210015	3	1	露娜		……		3				
300210016	3	1	露娜		我…没事……		5				
300210017	1	1	【kuroname】		……露西亚和阿尔法不见了。		0				
300210018	1	1	露娜	500238	……她们在其他地方，距离不远，正在战斗。		5				{1: '1', 3: '1', 5: '1', 6: '1'}
300210019	1	1	露娜	500238	敌人并不强，但足够暂时拖住她们。		5				{1: '1', 3: '1', 5: '1', 6: '1'}
300210020	2	1	【kuroname】	Assets/Product/Texture/Image/RoleCharacter/TongyonggouzaotiUnknown02.png	…是柯蕾多尔吗？她这么做是为了什么？		4				
300210021	2	1	露娜	Assets/Product/Texture/Image/RoleCharacter/RoleHeadLuna2.png	也许，是在为你创造一个机会。		5				
300210022	2	1	【kuroname】	Assets/Product/Texture/Image/RoleCharacter/TongyonggouzaotiUnknown02.png	机会？		4				
300210023	2	1	露娜	Assets/Product/Texture/Image/RoleCharacter/RoleHeadLuna2.png	你不觉得这是个很好的机会吗？		5				
300210024	2	1	露娜	Assets/Product/Texture/Image/RoleCharacter/RoleHeadLuna2.png	除掉我的机会，我现在无法反抗。		5				
300210025	2	1	【kuroname】	Assets/Product/Texture/Image/RoleCharacter/TongyonggouzaotiUnknown02.png	……		4				
300210026	2	1	露娜	Assets/Product/Texture/Image/RoleCharacter/RoleHeadLuna2.png	现在，你只需要朝着我的心脏开枪。		5				
300210027	2	1	露娜	Assets/Product/Texture/Image/RoleCharacter/RoleHeadLuna2.png	就能将升格网络的代行者杀死。		7				
300210028	2	1	露娜	Assets/Product/Texture/Image/RoleCharacter/RoleHeadLuna2.png	我死后，罗兰和拉弥亚会变回普通的感染体。		7				
300210029	2	1	露娜	Assets/Product/Texture/Image/RoleCharacter/RoleHeadLuna2.png	对你们有威胁的只剩下姐姐。		5				
300210030	2	1	露娜	Assets/Product/Texture/Image/RoleCharacter/RoleHeadLuna2.png	你完全可以利用姐姐对你的些许‘信任’……		4.5				
300210031	2	1	露娜	Assets/Product/Texture/Image/RoleCharacter/RoleHeadLuna2.png	说凶手是柯蕾多尔。		5				
300210032	2	1	露娜	Assets/Product/Texture/Image/RoleCharacter/RoleHeadLuna2.png	等到姐姐和柯蕾多尔两败俱伤后……		4.8				
300210033	2	1	露娜	Assets/Product/Texture/Image/RoleCharacter/RoleHeadLuna2.png	你们便可以轻松取得最后的胜利。		5				
300210034	2	1	【kuroname】	Assets/Product/Texture/Image/RoleCharacter/TongyonggouzaotiUnknown02.png	杀了你，然后呢？		3				
300210035	2	1	【kuroname】	Assets/Product/Texture/Image/RoleCharacter/TongyonggouzaotiUnknown02.png	让灰鸦小队独自面对塞勒涅与污染模因？		3				
300210036	2	1	【kuroname】	Assets/Product/Texture/Image/RoleCharacter/TongyonggouzaotiUnknown02.png	露娜，我想我也不需要提醒你。		3				
300210037	2	1	【kuroname】	Assets/Product/Texture/Image/RoleCharacter/TongyonggouzaotiUnknown02.png	在消灭真正的敌人之前、我们仍是合作关系。		3				
300210038	2	1	提示	Assets/Product/Texture/Image/RoleCharacter/TongyonggouzaotiUnknown02.png	提示：<color=#33ccff>使用钩锁从高处</color>通过毒雾区域		0				
300210039	2	1	【kuroname】	Assets/Product/Texture/Image/RoleCharacter/TongyonggouzaotiUnknown02.png	这是！？哪里来的毒雾？		3				
300210040	2	1	【kuroname】	Assets/Product/Texture/Image/RoleCharacter/TongyonggouzaotiUnknown02.png	呃……		3				
300210041	2	1	提示	Assets/Product/Texture/Image/RoleCharacter/TongyonggouzaotiUnknown02.png	<color=#ff0000>提示：尽快离开毒雾区域</color>		10				
300210042	2	1	露娜	Assets/Product/Texture/Image/RoleCharacter/RoleHeadLuna2.png	她们就在前面。		4				
300210043	2	1	【kuroname】	Assets/Product/Texture/Image/RoleCharacter/TongyonggouzaotiUnknown02.png	三点钟方向！		3				
300210044	2	1	露西亚	Assets/Product/Texture/Image/RoleCharacter/RoleHeadR4Luxiya2.png	……！		3				
300210045	2	1	露西亚	Assets/Product/Texture/Image/RoleCharacter/RoleHeadR4Luxiya2.png	明白！		3				
300210046	2	1	露西亚	Assets/Product/Texture/Image/RoleCharacter/RoleHeadR4Luxiya2.png	指挥官！没受伤吧！		4				
300210047	2	1	【kuroname】	Assets/Product/Texture/Image/RoleCharacter/TongyonggouzaotiUnknown02.png	不要紧，只是些外层装甲上的损伤。		4				
300210048	2	1	【kuroname】	Assets/Product/Texture/Image/RoleCharacter/TongyonggouzaotiUnknown02.png	倒是露西亚……		3				
300210049	2	1	【kuroname】	Assets/Product/Texture/Image/RoleCharacter/TongyonggouzaotiUnknown02.png	鸦羽机体已经不能再这样连续高强度作战了。		5				
300210050	1	1	露西亚	500416	我没问题，继续前进吧。		0				
300210051	1	1	露娜	500238	……就当是我的提议和需要吧。		0				{1: '1', 3: '1'}
300210052	1	1	露西亚	500416	…………		0				
300210053	1	1	露娜	500238	我能感受到，姐姐现在没问题，还有时间把准备做得更周全。		0				{1: '1', 3: '1'}
300210054	1	1	【kuroname】		……休整一下再出发，露西亚。		0				
300210055	2	1	露娜	Assets/Product/Texture/Image/RoleCharacter/RoleHeadLuna2.png	……！		3				
300210056	2	1	露西亚	Assets/Product/Texture/Image/RoleCharacter/RoleHeadR4Luxiya2.png	又是那种干涉？！		5				
300210057	3	1	露娜		……你做什么？		4				
300210058	3	1	【kuroname】		意识链接。		3				
300210059	3	1	露娜		……随你好了，只是，这只限于合作期间。		5				
300210060	1	1	【kuroname】		周围的帕弥什浓度逐渐稳定下来了。		0				
300210061	1	1	露娜	500238	看来……我找回了一部分控制它的权能……		0				{1: '1', 3: '1'}
300210062	1	1	露娜	500238	是因为意识海稳定下来了吗？		0				{1: '1', 3: '1'}
300210063	2	1	【kuroname】	Assets/Product/Texture/Image/RoleCharacter/TongyonggouzaotiUnknown02.png	提示：外装甲<color=#33ccff>能力已解锁：消球技能</color>		5				
300210064	4	1	提示		<color=#33ccff>利用钩锁从高处通过</color>毒雾区域		0				
300210065	1	1	露娜	500238	姐姐……		0				{1: '1', 3: '1'}
300210066	1	1	阿尔法	500610	你还好吗？		0				
300210067	1	1	露娜	500238	那个指挥官用意识链接帮了我稳定了下来。		0				{1: '1', 3: '1'}
300210068	1	1	阿尔法	500610	谢谢。		0				{1: '1', 2: '1', 3: '1'}
300210069	1	1	【kuroname】		不必，暂时合作是也为了我们自己。		0				
300210070	1	1	阿尔法	500610	我来警戒，你们先休息。周围的环境正在逐渐恢复，确认了状况再行动。		0				{1: '1', 3: '1'}
300210071	2	1	【kuroname】	Assets/Product/Texture/Image/RoleCharacter/TongyonggouzaotiUnknown02.png	（那是？异合生物的尸体？）		5				
300210072	2	1	【kuroname】	Assets/Product/Texture/Image/RoleCharacter/TongyonggouzaotiUnknown02.png	如果我猜的没错的话		6				
300210073	2	1	【kuroname】	Assets/Product/Texture/Image/RoleCharacter/TongyonggouzaotiUnknown02.png	环境的变化与露娜的意识海稳定程度相关。		6				
300210074	7	1			<size=27><color=#4169E1>>>>接收到待处理的通讯请求...\n>>>通讯链路稳定，正在同步数据...\n>>>信号解码成功，连接建立中...\n>>>连接成功，呼叫标识：里.</color></size>		5				{1: '3'}
300210075	2	1	里	Assets/Product/Texture/Image/RoleCharacter/RoleHeadR4Li3.png	指挥官。		3				
300210076	2	1	里	Assets/Product/Texture/Image/RoleCharacter/RoleHeadR4Li3.png	刚刚通讯链路受到了强烈干扰…		5				
300210077	2	1	里	Assets/Product/Texture/Image/RoleCharacter/RoleHeadR4Li3.png	情况如何，需要支援吗？		5				
300210078	2	1	【kuroname】	Assets/Product/Texture/Image/RoleCharacter/TongyonggouzaotiUnknown02.png	出现了一些小意外，已经解决了。		4				
300210079	2	1	【kuroname】	Assets/Product/Texture/Image/RoleCharacter/TongyonggouzaotiUnknown02.png	我们稍作休息再出发和你们汇合。		4				
300210080	2	1	里	Assets/Product/Texture/Image/RoleCharacter/RoleHeadR4Li3.png	明白，保持通讯。		4				
300210081	1	1	里	500568	指挥官，刚刚通讯链路受到了强烈干扰，情况如何，需要支援吗？		0				{1: '1', 3: '1'}
300210082	1	1	【kuroname】		出现了一些小意外，已经解决了。我们稍作休息再出发和你们汇合。		0				
300210083	1	1	里	500568	明白，保持通讯。		0				{1: '1', 3: '1'}
300210900	5	1	<color=#ff0000>警告</color>	Assets/Product/Texture/Image/RoleCharacter/TongyonggouzaotiUnknown02.png	<color=#ff0000><size=30>正在与强腐蚀性物质接触！</size></color>		3				
300210901	5	1	<color=#ff0000>警告</color>	Assets/Product/Texture/Image/RoleCharacter/TongyonggouzaotiUnknown02.png	<color=#ff0000><size=30>正#与*#%！&质接触%</size></color>		3				
300210902	5	1	<color=#ff0000>警告</color>	Assets/Product/Texture/Image/RoleCharacter/TongyonggouzaotiUnknown02.png	<color=#ff0000><size=30>@#%￥腐*%物质接触！</size></color>		3				
300210903	5	1	<color=#ff0000>警告</color>	Assets/Product/Texture/Image/RoleCharacter/TongyonggouzaotiUnknown02.png	<color=#ff0000><size=30>正……&强%*&#%……触</size></color>		3				
300210904	5	1	<color=#ff0000>警告</color>	Assets/Product/Texture/Image/RoleCharacter/TongyonggouzaotiUnknown02.png	<color=#ff0000><size=30>正……%#@蚀%&*</size></color>		3				
300210905	5	1	<color=#ff0000>警告</color>	Assets/Product/Texture/Image/RoleCharacter/TongyonggouzaotiUnknown02.png	<color=#ff0000><size=30>#&@%^$物$%@#触！</size></color>		3				
300210906	5	1	<color=#ff0000>警告</color>	Assets/Product/Texture/Image/RoleCharacter/TongyonggouzaotiUnknown02.png	<color=#ff0000><size=30>^%……%#@@%&*</size></color>		3				
300209000	7	1			<size=27><color=#4169E1>>>>通讯中...\n>>>已接通\n>>>联系人：【kuroname】</color></size>		5				{1: '3'}
300110900	2	1		Assets/Product/Texture/Image/RoleCharacter/V250ylsNormal01.png	看来我们休息的太久了		3				
300110901	2	1		Assets/Product/Texture/Image/RoleCharacter/V250ylsNormal01.png	攻击带范围自瞄		5				
300110902	2	1		Assets/Product/Texture/Image/RoleCharacter/V250ylsNormal01.png	跳跃，带二段跳		5				
300110903	2	1		Assets/Product/Texture/Image/RoleCharacter/V250ylsNormal01.png	长按闪避可进行冲刺		5				
300110904	2	1		Assets/Product/Texture/Image/RoleCharacter/V250ylsNormal01.png	继续前进。		5				
300110905	2	1		Assets/Product/Texture/Image/RoleCharacter/RoleHeadR4Li3.png	里的对话		3				
300110906	2	1		Assets/Product/Texture/Image/RoleCharacter/RoleHeadLuolan2.png	罗兰的对话		3				
300110907	2	1		Assets/Product/Texture/Image/RoleCharacter/RoleHeadR3Lamiya3.png	拉弥亚的对话		3				
300110908	2	1		Assets/Product/Texture/Image/RoleCharacter/RoleHeadLifu1.png	丽芙的对话		3				
300110909	2	1		Assets/Product/Texture/Image/RoleCharacter/RoleHeadR4Luxiya2.png	露西亚的对话		3				
300110910	2	1		Assets/Product/Texture/Image/RoleCharacter/RoleHeadR5Luxiya3.png	阿尔法的对话		3				
300110911	2	1		Assets/Product/Texture/Image/RoleCharacter/RoleHeadLuna2.png	露娜的对话		3				
300110912	1	1		700002	这种高度，能过去吗？-开始的对话		0				
300110913	2	1		Assets/Product/Texture/Image/RoleCharacter/KuruoruoNormal01.png	（无配音）此处应有露西亚和白毛跳过障碍的演出		3				
300110914	2	1		Assets/Product/Texture/Image/RoleCharacter/KuruoruoNormal01.png	玩家的台词		3				
300110915	1	1		700002	（无配音）此处应有场景变化波动演出		3				
300110916	3	1	露娜		此处应有台词		5				
300110917	3	1	露西亚		此处应有台词		5				
300110918	3	1	阿尔法		此处应有台词		5				
300110919	3	1	【kuroname】		（打开手电筒）		3				
300110920	1	1		700002	此处是露娜和首席的对话		0				
300110921	2	1		Assets/Product/Texture/Image/RoleCharacter/KuruoruoNormal01.png	找露西亚路上可以潜行也可以直接打过去		3				
300110922	2	1		Assets/Product/Texture/Image/RoleCharacter/RoleHeadR4Luxiya2.png	战斗中：明白！		3				
300110923	1	1		700002	此处是露西亚和首席的对话：指挥官！没受伤吧		0				
300110924	1	1		700002	此处是露娜&首席的摸头Timeline演出，参见附件视频		3				
300110925	1	1		700002	（黑屏交代）此处是露西亚和首席的对话：森林正在逐渐恢复…		0				
300110926	1	1		700002	此处应有简单的转身演出：阿尔法与露娜、首席的对话。		0				
300110927	1	1		700002	（黑屏交代）指挥官与里哥通讯：刚刚…		0				
300110928	1	1		700002	随后一行人往森林最深处走去，关卡结束		0				
300110929	1	1		700002	你们听过农夫和蛇的故事吗…到少说废话		6				
300110930	1	1		700002	别这么着急，里先生…到对雾气进行分析		0				
300110931	2	1		Assets/Product/Texture/Image/RoleCharacter/RoleHeadLifu1.png	丽芙：异合生物！小心		3				
300110932	2	1		Assets/Product/Texture/Image/RoleCharacter/RoleHeadR3Lamiya3.png	拉弥亚：雾气消散了		3				
300110933	1	1		700002	此处是里&罗兰的timeline演出（说回农夫和蛇），参见参考视频，最后双方开枪打中对方身后的敌人，随后进入战斗		5				
300110934	2	1		Assets/Product/Texture/Image/RoleCharacter/RoleHeadLuolan2.png	喜欢这个故事吗		3				
300110935	2	1		Assets/Product/Texture/Image/RoleCharacter/RoleHeadR4Li3.png	下不为例		3				
300110936	2	1		Assets/Product/Texture/Image/RoleCharacter/RoleHeadR3Lamiya3.png	我…我觉得我可以驱散这片雾气……		5				
300110937	2	1		Assets/Product/Texture/Image/RoleCharacter/RoleHeadR3Lamiya3.png	应该，应该可以做到……		5				
300110938	2	1		Assets/Product/Texture/Image/RoleCharacter/RoleHeadR4Li3.png	已经记录了雾气的相关数据		3				
300110939	2	1		Assets/Product/Texture/Image/RoleCharacter/RoleHeadLifu1.png	请离雾远一些！		3				
300110940	1	1		700002	柯蕾多尔还在更深处……修整一下再出发……到后面里说：出发		0				
300110941	1	1		700002	检测到柯蕾多尔的信号，就在前方！		0				
300110942	1	1		700002	丽芙，持续监视目标，我去联络指挥官。		0				
300110943	1	1		700002	需要找到一个合适的位置来设置远程通讯设备。		3				
300110944	1	1		700002	怎么了？是不知道怎样给你们的指挥官汇报吗？		0				
300110945	1	1		700002	噫！你，你别过来…我什么都不知道，真的什么都不知道……		0				
300110946	1	1		700002	远程通讯设备已建立。		3				
300110947	1	1		700002	指挥官，这里是先遣队。柯蕾多尔坐标已确认，等待进一步指令……		0				
300110948	1	1		700002	需要找到一个合适的位置来设置远程通讯设备。		0				
300110949	1	1		700002	收到里发来的坐标，随时可以出发。		3				
300110950	1	1		700002	很好，你们做的不错，继续盯梢。		3				
300110951	1	1		700002	既然准备好了，那就出发。		3				
300110952	2	1		Assets/Product/Texture/Image/RoleCharacter/RoleHeadR4Luxiya2.png	感染体！小心！		3				
300110953	2	1		Assets/Product/Texture/Image/RoleCharacter/RoleHeadLuna2.png	它们……在抗拒我的命令？		3				
300110954	2	1		Assets/Product/Texture/Image/RoleCharacter/RoleHeadR5Luxiya3.png	没必要在这里浪费时间，速战速决。		3				
300110955	2	1		Assets/Product/Texture/Image/RoleCharacter/RoleHeadR4Luxiya2.png	感染体的信号已被全部消灭…到待客之道		5				
300110956	1	1		700002	露娜头疼		0				
300110957	3	1	露娜		不需要建立意识链接，我没事。		5				
300110958	2	1		Assets/Product/Texture/Image/RoleCharacter/RoleHeadR4Luxiya2.png	小心，那片雾气具有强腐蚀性！		5				
300110959	2	1		Assets/Product/Texture/Image/RoleCharacter/RoleHeadR5Luxiya3.png	当心。		3				
300110960	2	1		Assets/Product/Texture/Image/RoleCharacter/RoleHeadR4Luxiya2.png	雾气……消散了。		5				
300110961	2	1		Assets/Product/Texture/Image/RoleCharacter/RoleHeadLuna2.png	无聊的把戏，继续前进。		5				
300110962	1	1		700002	我感受到了她的视线。注意些，接下来可能会有预料之外的事情发生。		0				
300110963	2	1		Assets/Product/Texture/Image/RoleCharacter/KuruoruoNormal01.png	引导人：这里有我的台词		3				
300111000	1	1	【kuroname】		这就是露娜的意识海吗？看起来...是她的家？		0				
300111001	3	1	？？？		来玩捉迷藏吧~		4				
300111002	3	1	？？？		你能找到我吗？		4				
300111003	3	1	【kuroname】		是谁？		3				
300111004	3	1	【kuroname】		…		3				
300111005	1	1			？？？：生日快乐！		0				
300111006	1	1			？？？：我们在卧室里给你准备了个小惊喜~		0				
300111007	1	1			？？？：偷偷告诉你，钥匙藏在二楼那幅画中。		0				
300111008	1	1			？？？：你喜欢的《月光》乐谱我们放在桌子上了。		0				
300111009	1	1			？？？：最后，再次祝你……		0				
300111010	1	1			一台坏掉的留声机。		0				
300111011	3	1	？？？		哪边才是<color=#33ccff>梦</color>？		3				
300111012	3	1	？？？		门口的帆船，我想坐上它，去海里看看。		6				
300111013	1	1			？？？：里面空空的……		0				
300111014	1	1			？？？：也许那边有东西？		0				
300111015	1	1			？？？：在<color=#33ccff>梦的那一边</color>，还是<color=#33ccff>醒着的那一边</color>？		0				
300111016	2	1	【kuroname】	Assets/Product/Texture/Image/RoleCharacter/TongyonggouzaotiUnknown02.png	提示：已获得<color=#33ccff>切换梦境/现实</color>的能力。		4				
300111017	2	1	【kuroname】	Assets/Product/Texture/Image/RoleCharacter/TongyonggouzaotiUnknown02.png	（现在不是去这边的时候）		3				
300111018	1	1			一台电视。		0				
300111019	1	1			？？？：感觉，很厉害。		0				
300111020	3	1	？？？		这把钥匙，是楼上的那个小房间…		5				
300111021	2	1	【kuroname】	Assets/Product/Texture/Image/RoleCharacter/TongyonggouzaotiUnknown02.png	（应该用的到，先拿着吧）		3				
300111022	1	1			地上有灰尘…		0				
300111023	2	1	【kuroname】	Assets/Product/Texture/Image/RoleCharacter/TongyonggouzaotiUnknown02.png	干净多了。		3				
300111024	1	1			桌上布满了灰尘。		0				
300111025	1	1			桌上零散地摆着一些琴谱。		0				
300111026	2	1	【kuroname】	Assets/Product/Texture/Image/RoleCharacter/TongyonggouzaotiUnknown02.png	（应该用的到，先拿着吧）		3				
300111027	1	1			窗外风和日丽。		0				
300111028	1	1			窗外阴森可怖。		0				
300111029	1	1			一台钢琴。		0				
300111030	1	1			一台坏掉的钢琴。		0				
300111031	3	1	【kuroname】		（Do-Re-Mi-）		3				
300111032	3	1	【kuroname】		（视奏乐谱）		6				
300111033	1	1			？？？：很好听。		0				
300111034	1	1			？？？：这是...<color=#33ccff>琴房的钥匙</color>？		0				
300111035	1	1			长桌上摆了一些零食。		0				
300111036	1	1			长桌上布满了灰尘。		0				
300111037	1	1			壁炉里的火燃烧着，很温暖。		0				
300111038	1	1			壁炉里只剩下燃尽的薪柴。		0				
300111039	1	1			料理台上有一些面粉，看起来能做<color=#33ccff>蛋糕</color>。		0				
300111040	1	1			料理台上布满了灰尘。		0				
300111041	2	1	【kuroname】	Assets/Product/Texture/Image/RoleCharacter/TongyonggouzaotiUnknown02.png	…		3				
300111042	2	1	【kuroname】	Assets/Product/Texture/Image/RoleCharacter/TongyonggouzaotiUnknown02.png	提示：小成功，再来一次！		5				
300111043	2	1	【kuroname】	Assets/Product/Texture/Image/RoleCharacter/TongyonggouzaotiUnknown02.png	提示：完美！		3				
300111044	1	1			？？？：看上去很好吃~		0				
300111045	1	1			料理台上残留着一些面粉。		0				
300111046	2	1	【kuroname】	Assets/Product/Texture/Image/RoleCharacter/TongyonggouzaotiUnknown02.png	（端到<color=#33ccff>餐桌</color>上吧。）		5				
300111047	1	1			备餐台上整齐地摆放着餐具。		0				
300111048	1	1			备餐台上布满了灰尘。		0				
300111049	2	1	【kuroname】	Assets/Product/Texture/Image/RoleCharacter/TongyonggouzaotiUnknown02.png	（应该用的到，先拿着吧）		3				
300111050	1	1			备餐台上整齐地摆放着各式各样的调料。		0				
300111051	1	1			备餐台上布满了灰尘。		0				
300111052	1	1			虽然餐桌上摆满了丰盛的食物，但好像<color=#33ccff>缺了什么</color>。		0				
300111053	1	1			？？？：看上去很好吃。		0				
300111054	1	1			？？？：...我想起来了，<color=#33ccff>和姐姐的合照</color>…后面有什么…		0				
300111055	1	1			？？？：<color=#33ccff>蛋糕</color>…坏掉了…		0				
300111056	1	1			完好的相框中，一对姐妹正幸福地微笑。		0				
300111057	1	1			破碎的相框。		0				
300111058	2	1	【kuroname】	Assets/Product/Texture/Image/RoleCharacter/TongyonggouzaotiUnknown02.png	！？		3				
300111059	2	1	【kuroname】	Assets/Product/Texture/Image/RoleCharacter/TongyonggouzaotiUnknown02.png	似乎被传送到了某个地方…		5				
300111060	1	1			书桌上遗留着<color=#33ccff>钥匙</color>。		0				
300111061	1	1			书桌上一尘不染。		0				
300111062	1	1			原本书桌的位置已然空无一物。		0				
300111063	1	1			？？？：跳格子……我记得这个很好玩。		0				
300111064	2	1	【kuroname】	Assets/Product/Texture/Image/RoleCharacter/TongyonggouzaotiUnknown02.png	提示：跳对了。		3				
300111065	2	1	【kuroname】	Assets/Product/Texture/Image/RoleCharacter/TongyonggouzaotiUnknown02.png	提示：跳错了……		3				
300111066	1	1			毛茸茸的阿呆蛙，看上去十分可爱。		0				
300111067	1	1			阴森森的阿呆蛙，看上去十分诡异。		0				
300111068	1	1			一副普通的画作。		0				
300111069	1	1			一副普通的画作，上面布满了灰尘。		0				
300111070	1	1			过道柜上零散地摆放着一些杂物。		0				
300111071	1	1			过道柜上布满了灰尘。		0				
300111072	1	1			一副普通的画作，上面布满了灰尘。		0				
300111073	1	1			？？？：在<color=#33ccff>梦的那一边</color>，还是<color=#33ccff>醒着的那一边</color>？		0				
300111074	1	1			一副普通的画作。		0				
300111075	1	1			？？？：是<color=#33ccff>大房间的钥匙</color>…		0				
300111076	1	1			一副普通的画作，上面布满了灰尘。		0				
300111077	1	1			（这幅画，原本是挂在<color=#33ccff>这个位置</color>的吗？）		0				
300111078	1	1			一副普通的画作。		0				
300111079	1	1			（这幅画，原本是挂在<color=#33ccff>这个位置</color>的吗？）		0				
300111080	1	1			画作后面，藏着一把<color=#33ccff>钥匙</color>。		0				
300111081	1	1			（要去一楼吗？）		0				
300111082	1	1			（诡异的迷雾阻挡了去路）		0				
300111083	1	1			（缺少<color=#33ccff>钥匙</color>，无法打开）		0				
300111084	1	1			（使用<color=#33ccff>琴房的钥匙</color>）		0				
300111085	1	1			（使用<color=#33ccff>次卧的钥匙</color>）		0				
300111086	1	1			（使用<color=#33ccff>主卧的钥匙</color>）		0				
300111087	1	1			一扇门。		0				
300111088	1	1			一面镜子。		0				
300111089	1	1			干净的书桌上，摆着几本书，以及一对姐妹的合照。		0				
300111090	1	1			破旧的书桌上，诡异的烛火摇曳着。		0				
300111091	1	1			那对姐妹的合照早已不知去向。		0				
300111092	2	1	？？？	Assets/Product/Texture/Image/RoleCharacter/TongyonggouzaotiUnknown02.png	？？？：又要，<color=#33ccff>做梦或醒来</color>吗？		4				
300111093	1	1			书架上整齐地摆满了各式各样的书籍。		0				
300111094	1	1			书架上布满了灰尘和蜘蛛网。		0				
300111095	1	1			（这种程度的障碍…可以过去。）		0				
300111096	1	1			（<color=#ff0033>门被锁死了</color>，即使有钥匙也<color=#ff0033>无法打开</color>。）		0				
300111097	1	1			？？？：又要，<color=#33ccff>做梦或醒来</color>吗？		0				
300111098	3	1	？？？		感觉，很厉害。		4				
300111099	1	1			一台古老而优雅的三角钢琴。		0				
300111100	1	1			一台已经损毁的三角钢琴。		0				
300111101	1	1			？？？：门开了……		0				
300111102	1	1			一台已经损毁的三角钢琴。		0				
300111103	1	1			？？？：在<color=#33ccff>梦的那一边</color>，还是<color=#33ccff>醒着的那一边</color>？		0				
300111104	3	1	露娜		你找到我啦。		5				
300111105	3	1	【kuroname】		…该出去了。		4				
300111106	3	1	？？？		蓝色的海…		5				
300111107	3	1	？？？		红色的塔…		5				
300111108	3	1	？？？		紫色的森林…		5				
300111109	3	1	？？？		坏人的家…		5				
300111110	3	1	？？？		摔倒的屋子…		5				
300111111	3	1	？？？		书本里的花朵…		5				
300111112	1	1			一台坏掉的电视。		0				
300111113	2	1	提示	Assets/Product/Texture/Image/RoleCharacter/TongyonggouzaotiUnknown02.png	提示：已获得<color=#33ccff>琴房的钥匙</color>。		4				
300111114	2	1	提示	Assets/Product/Texture/Image/RoleCharacter/TongyonggouzaotiUnknown02.png	提示：已获得<color=#33ccff>主卧室的钥匙</color>。		4				
300111115	2	1	提示	Assets/Product/Texture/Image/RoleCharacter/TongyonggouzaotiUnknown02.png	提示：已获得<color=#33ccff>次卧室的钥匙</color>。		4				
300111116	1	1			（外面的意识空间并不稳定…）		0				
300111117	1	1			提示：继续前进，将会导致<color=#ff0033>关卡失败</color>。		0				
300111118	1	1			（要上楼吗？）		0				
300111119	1	1			？？？：前面，有怪物。		0				
300111120	1	1			提示：前往地下室，将<color=#33ccff>跳过解谜</color>，<color=#ff0033>进入战斗</color>。		0				
300111121	2	1	提示	Assets/Product/Texture/Image/RoleCharacter/TongyonggouzaotiUnknown02.png	（<color=#33ccff>帆船底部</color>似乎有什么东西）		0				
300111122	2	1	【kuroname】	Assets/Product/Texture/Image/RoleCharacter/TongyonggouzaotiUnknown02.png	（屋子变大了…？还是…我变小了？）		4				
300109300	2	1		Assets/Product/Texture/Image/RoleCharacter/V250ylsNormal01.png	沉没在~这片海底~		3				
300109000	3	1	罗兰	500334	你们听说过‘农夫和蛇’的故事吗？		5				
100003982	1	1	罗兰	500334	那是在一个寒冷的冬天，一位善良的农夫在路边发现了一条冻僵了的蛇，他决定帮助蛇，于是把蛇放在怀里……		0				
100003983	1	1	里	500568	废话少说，柯蕾多尔的藏身地具体在哪个方向？		0				{1: '1', 3: '1'}
100003984	1	1	罗兰	500334	别这么着急，里先生，先听我把故事讲完如何？		0				
100003985	1	1	罗兰	500334	我可是由衷地，想向灰鸦的几位表达感谢呢。		0				
100003986	1	1	罗兰	500334	毕竟要没有诸位‘农夫’的帮助，我们这些可怜的升格者，大概率是要冻死在这个难熬的冬季了。		0				
100003987	1	1	里	500568	同样的话别让我重复第二遍。		0				{1: '1', 3: '1'}
100003988	1	1	罗兰	500334	好吧，好吧……柯蕾多尔的藏身地就在前方，要经过那片看起来很可疑的雾气。		0				
100003989	1	1	罗兰	500334	需要我去看看雾气里有什么危险吗？我很乐意为你效劳。		0				
100003990	1	1	里	500568	待在这里，别想耍什么花招……		0				{1: '1', 3: '1'}
100003991	1	1	里	500568	（丽芙，能分析出雾气的成分与特性吗？）		0				{1: '1', 3: '1'}
100003992	1	1	丽芙	1031001	（需要再靠近些，最好能拿到一点样本。）		0				
100003993	1	1	里	500568	（明白，看紧他们两个，保持警惕，确定安全的情况下，再对雾气进行分析。）		0				{1: '1', 3: '1'}
100003994	2	1	丽芙	Assets/Product/Texture/Image/RoleCharacter/RoleHeadLifu1.png	（我有些在意，罗兰刚刚讲的那个故事……）		6				
100003995	2	1	丽芙	Assets/Product/Texture/Image/RoleCharacter/RoleHeadLifu1.png	<size=20>（拉弥亚在偷偷靠近，但她看起来……很害怕周围？）</size>		6				
100003996	2	1	丽芙	Assets/Product/Texture/Image/RoleCharacter/RoleHeadLifu1.png	异合生物！小心！		4				
100003997	2	1	丽芙	Assets/Product/Texture/Image/RoleCharacter/RoleHeadLifu1.png	正在对雾气进行分析。		4				
100003998	2	1	拉弥亚	Assets/Product/Texture/Image/RoleCharacter/RoleHeadR3Lamiya3.png	雾气…消散了？		6				
100003999	2	1	丽芙	Assets/Product/Texture/Image/RoleCharacter/RoleHeadLifu1.png	<size=20>这些雾气在高浓度时会表现出强腐蚀性，请小心些。</size>		8				
300109001	3	1	罗兰		……说回农夫和蛇。		2.5				
300109002	3	1	罗兰		在农夫用身体的热气将蛇温暖后，蛇苏醒过来…		6				
300109003	3	1	罗兰		...接着却露出残忍的本性，用致命的毒牙狠狠咬了农夫一口！		9				
300109004	3	1	里		……！？		3				
100004001	2	1	罗兰	Assets/Product/Texture/Image/RoleCharacter/RoleHeadLuolan2.png	喜欢这个故事吗？		6				
100004002	2	1	里	Assets/Product/Texture/Image/RoleCharacter/RoleHeadR4Li3.png	多此一举。		5				
100004003	2	1	丽芙	Assets/Product/Texture/Image/RoleCharacter/RoleHeadLifu1.png	请离雾远一些！		4				
100004004	2	1	拉弥亚	Assets/Product/Texture/Image/RoleCharacter/RoleHeadR3Lamiya3.png	<size=20>我觉得我可以驱散这片雾气……应该，应该可以……</size>		8				
300109005	2	1	里	Assets/Product/Texture/Image/RoleCharacter/RoleHeadR4Li3.png	已经记录了雾气的相关数据。		5				
300109006	2	1	里	Assets/Product/Texture/Image/RoleCharacter/RoleHeadR4Li3.png	找机会汇报给指挥官，继续前进。		5				
100004006	1	1	罗兰	500334	为了表达善意，让我们来协助进行调查吧。		0				
100004007	1	1	罗兰	500334	嗯…拉弥亚，你游到那边，帮善良的灰鸦小队取一些样本回来。		0				
100004008	1	1	拉弥亚	500739	我…我才不要！		0				{1: '1', 3: '1'}
100004009	1	1	拉弥亚	500739	这就是孵化异合生物的地方？		0				
100004010	1	1	里	500568	异灾区已经在极高浓度的帕弥什中形成了独特且复杂的生态系统。		0				
100004011	1	1	里	500568	这也是纯净区和那座反异聚塔带来的副作用吗……		0				
100004012	1	1	里	500568	柯蕾多尔还在更深处……修整一下再出发……		0				
100004013	1	1	丽芙	1031001	机会难得，可以利用这段时间对异合森林进行一番调查。		0				{1: '1', 3: '1'}
100004014	1	1	里	500568	嗯，但切记要小心。		0				
300109007	2	1	【kuroname】	Assets/Product/Texture/Image/RoleCharacter/TongyonggouzaotiUnknown02.png	提示：<color=#33ccff>拉弥亚的二段大招</color>似乎可以清除毒雾。		0				
300109008	2	1	里	Assets/Product/Texture/Image/RoleCharacter/RoleHeadR4Li3.png	<size=20>柯蕾多尔还在更深处，修整一下再出发。</size>		6				
100004015	1	1	里	500568	出发。		0				
100004016	1	1	丽芙	1031001	检测到极高浓度的帕弥什信号，就在前方！		0				{1: '1', 3: '1'}
100004017	1	1	里	500568	丽芙，持续监视目标，我去联络指挥官。		0				
100004018	1	1	丽芙	1031001	嗯，我明白了。		0				{1: '1', 3: '1'}
100004019	1	1	罗兰	500334	我们在那边等你们，有什么需要帮助请尽管吩咐，千万不要客气。		0				
100004020	1	1	里	500568	（需要找到一个合适的位置来设置远程通讯设备。）		0				
100004021	1	1	丽芙	1031001	柯蕾多尔的信号一直停留在原地，没有表现出任何移动的迹象。		0				
100004022	1	1	丽芙	1031001	罗兰和拉弥亚没有什么可疑的表现。		0				
100004023	1	1	罗兰	500334	要不要把终端借我，让我也和你们那位亲爱的指挥官说几句？		0				
100004024	1	1	罗兰	500334	我会将我们一路上相亲相爱，团结友善的美好经历讲给那位指挥官听，保证精彩。		0				
100004025	1	1	拉弥亚	500739	噫！你，你别过来…我什么都不知道，真的什么都不知道……		0				
300109009	2	1	里	Assets/Product/Texture/Image/RoleCharacter/RoleHeadR4Li3.png	<size=20>需要找到一个合适的位置来设置远程通讯设备。</size>		5				
300109010	2	1	丽芙	Assets/Product/Texture/Image/RoleCharacter/RoleHeadLifu1.png	柯蕾多尔的信号一直停留在原地…		3				
300109011	2	1	丽芙	Assets/Product/Texture/Image/RoleCharacter/RoleHeadLifu1.png	…没有表现出任何移动的迹象。		5				
300109012	2	1	丽芙	Assets/Product/Texture/Image/RoleCharacter/RoleHeadLifu1.png	罗兰和拉弥亚没有什么可疑的表现。		5				
100004026	1	1	里	500568	远程通讯设备已建立。		4				{5: '1', 6: '1'}
300109013	7	1			<size=27><color=#4169E1>>>> 启动通讯发射序列...\n>>> 通讯链路建立中...\n>>> 发射信号锁定，正在发送联络请求...\n>>> 信号已发出，等待响应...</color></size>		5				{1: '3'}
100004027	1	1	里	500568	指挥官，柯蕾多尔坐标已确认，等待进一步指令。		0				
100004117	1	1	里	500568	指挥官，这边！		0				
100004118	1	1	丽芙	1031001	指挥官，你有哪里受伤了吗？我这就为你进行检查。		0				
300113000	1	1	【kuroname】		别担心，我没什么大碍，反倒是露西亚……		0				
300113001	1	1	【kuroname】		她一直在持续进行高强度的作战，优先维护露西亚的机体。		0				
100004119	1	1	丽芙	1031001	好！交给我吧。		0				
300113002	1	1	【kuroname】		里，柯蕾多尔情况如何？		0				
100004120	1	1	里	500568	从开始到现在一动不动，安静到有些反常。		0				
100004121	1	1	里	500568	这个任务的危险性比最初预估的更高，我不建议我们再分开行动。		0				
100004122	1	1	里	500568	柯蕾多尔在红潮演化的生态系统中扮演着关键角色。要想彻底根除红潮，必须找到一个有效的方法来消除她。		0				
100004123	1	1	里	500568	虽然我们目前与露娜保持着合作，但不能放松对他们的警惕。		0				
100004124	1	1	露西亚	500166	异合森林里发生的诡异变化……和升格网络有关吗？		0				{1: '1', 3: '1'}
100004125	1	1	露西亚	500166	红潮，帕弥什，升格网络……它们之间的联系，可能不止是表面那样。		0				{1: '1', 3: '1'}
100004126	1	1	丽芙	1031001	露西亚的机体已经修复完成，指挥官不要动，也让我检查一下。		0				{1: '1', 3: '1'}
100004127	1	1	丽芙	1031001	柯蕾多尔的信号依然保持着静止。		0				{1: '1', 3: '1'}
100004128	2	1	里	Assets/Product/Texture/Image/RoleCharacter/RoleHeadR4Li3.png	保持阵型，提高警惕。		4				
300113003	2	1	丽芙	Assets/Product/Texture/Image/RoleCharacter/RoleHeadLifu1.png	指挥官，即使有动力甲的保护…		3				
300113004	2	1	丽芙	Assets/Product/Texture/Image/RoleCharacter/RoleHeadLifu1.png	遇到危险情况也不可以冒进。		5				
300113005	2	1	露西亚	Assets/Product/Texture/Image/RoleCharacter/RoleHeadR4Luxiya2.png	这里还很危险，集中精神。		3				
300113006	2	1	露西亚	Assets/Product/Texture/Image/RoleCharacter/RoleHeadR4Luxiya2.png	……我是说，不用这样担心地看着我。		7				
100004131	2	1	露西亚	Assets/Product/Texture/Image/RoleCharacter/RoleHeadR4Luxiya2.png	<size=20>机体损伤已经被丽芙修复了，我没事，指挥官。</size>		5				
100004132	1	1	拉弥亚	500739	我？……我没事呀。我还好，那个……你呢？		0				
100004133	1	1	罗兰	500334	你是来慰问我的吗？这怎么好意思，作为交换，那我也来打探一下你的情报好了。		0				
100004134	1	1	阿尔法	500610	小心点，那个家伙感兴趣的对象不只是露娜，还有你。		0				
100004135	1	1	露娜	500238	准备好了？		0				{1: '1', 3: '1'}
100004136	1	1	露娜	500238	去找她吧。		3				{1: '1', 3: '1', 5: '1', 6: '1'}
100004137	1	1	露娜	500238	柯蕾多尔……纯粹由帕弥什凝聚的造物也逃不出人类的形态吗？		0				{1: '1', 3: '1'}
100004138	1	1	露娜	500238	走吧。		0				{1: '1', 3: '1'}
100004139	2	1	露娜	Assets/Product/Texture/Image/RoleCharacter/RoleHeadLuna2.png	红潮的“意志”……		4				
300113007	2	1	露娜	Assets/Product/Texture/Image/RoleCharacter/RoleHeadLuna2.png	那时在加百列手中不堪一击的东西…		4				
300113008	2	1	露娜	Assets/Product/Texture/Image/RoleCharacter/RoleHeadLuna2.png	脱离他后，就出现这种形态……		8				
100004141	1	1	露西亚	500166	你相信那个异合生物？		0				
100004142	1	1	露娜	500238	只是互相利用而已，我会留心她的目的和手段。		0				{1: '1', 3: '1'}
100004143	1	1	阿尔法	500610	就算是现在，我依然不赞成你的计划…太危险了。		0				
100004144	1	1	露娜	500238	相信我，姐姐。		0				{1: '1', 3: '1'}
100004145	1	1	阿尔法	500610	……仅此一次，一旦发生任何意外，我都会强行将你带回来。		0				
100004146	1	1	露娜	500238	当然……在这一点上，我相信你。		0				{1: '1', 3: '1'}
100004147	1	1	里	500568	我会紧密监视他们的每一步，无论是柯蕾多尔还是升格者。		0				
100004148	1	1	丽芙	1031001	她就是柯蕾多尔……指挥官，一定要小心一些。		0				
100004149	1	1	罗兰	500334	表情是演员最好的妆容，看看那位小姐，她笑得多么亲切友善。		0				
100004150	1	1	拉弥亚	500739	我们人多，怕的应该是她……对吧？		0				
100004151	1	1	柯蕾多尔	500540	各位特意前来，未能按照人类文明的礼节好好招待，还请见谅。		0				
300311000	4	1	提示		<color=#33ccff>靠近墙体向前闪避</color>，可以触发<color=#33ccff>爬墙</color>。		0				
300311001	4	1	提示		<color=#33ccff>使用钩锁</color>，可以<color=#33ccff>无视地形</color>。		0				
300311002	4	1	提示		在<color=#33ccff>钩锁过程中点击闪避</color>，可以进行<color=#33ccff>强化二段跳</color>。		0				
300311003	1	1			？？？：要回去吗？		0				
300311004	1	1			提示：已获取到足够的信息，可以<color=#33ccff>返回</color>。		0				
300311005	1	1			提示：<color=#ff0033>继续前进，难度较高，请谨慎选择。</color>		0				
300311006	1	1			要返回吗？		0				{5: '1', 6: '1'}
300311007	3	1	？？？		加油！		3				
300311008	3	1	？？？		在<color=#33ccff>梦的那一边</color>，还是<color=#33ccff>醒着的那一边</color>？		6				
300311009	2	1	提示	Assets/Product/Texture/Image/RoleCharacter/TongyonggouzaotiUnknown02.png	提示：<color=#33ccff>蓝色的数据乱流</color>，<color=#ff0033>无法触发爬墙</color>。		6				
300311010	2	1	提示	Assets/Product/Texture/Image/RoleCharacter/TongyonggouzaotiUnknown02.png	目标：前往<color=#33ccff>意识海最深处</color>		6				
1031	3	1	2.14主线		■■■■■■■■■■■■■■■■■■■■■■■■■■■■■■■■■■■■■■■■■■■■■■■■■■■■■■■■■■■■■■■■■■■■■■■■■■■■■■■■■■■■■■■■■■■■■■■■		0				
152001000	7	1			<size=27><color=#4169E1>>>>时间：21:09\n>>>地点：保育区边缘\n>>>万事 军医\n>>>执行临时救援任务</color></size>		7				{1: '5'}
152001001	3	1	万事		全是感染体……		3				
152001002	3	1	万事		最好不要惊动它们。		5				
152001003	2	1	万事	Assets/Product/Texture/Image/RoleCharacter/WanshiNormal02.png	也可以试试正面突破……让神威他们注意到这里。		3				
152001004	1	1	万事	500289	还好吗？能行动吗？		0				
152001005	3	1	万事		……停在这里不是办法，先跟我走→开始		3				
152001006	3	1	汤普森		正在搜救……（滋滋啦啦）万事跟着难民撤离了吗？		5				
152001007	3	1	万事		……唔？！（惊醒）这是……重来了一次？		5				
152001008	2	1	汤普森	Assets/Product/Texture/Image/RoleCharacter/Mo1GztcaptainMd010001.png	汇报，东边的感染体解决完毕。		3				
152001009	3	1	汤普森		为什么不跟撤离队伍走？		5				
152001010	2	1	万事	Assets/Product/Texture/Image/RoleCharacter/WanshiNormal02.png	要挨个找过去吗……		4				
152001011	1	1	汤普森	500567	（拍门）里面还有人吗？		0				
152001012	2	1	尤安	Assets/Product/Texture/Image/RoleCharacter/TongyonggouzaotiNomal04.png	——喂！怎么连这种感染体都冒出来了？！		3				
152001013	2	1	尤安	Assets/Product/Texture/Image/RoleCharacter/TongyonggouzaotiNomal04.png	（开枪）（惨叫）呃啊——啊——！		3				
152001014	2	1	尤安	Assets/Product/Texture/Image/RoleCharacter/TongyonggouzaotiNomal04.png	你俩往后撤……我已经……呼……		3				
152001015	3	1	尤安		没用的……呼……没用的，还不如用这个办法。		5				
152001016	1	1	万事	500289	唔……又来一次……		0				
152001017	1	1	万事	500289	那个难民还活着……这次……都救下来了吗……？		0				
152001018	1	1	女孩	700002	外面好像有人……		0				
152001019	2	1	万事	Assets/Product/Texture/Image/RoleCharacter/WanshiNormal02.png	得先把感染体解决掉。		3				
152001020	1	1	万事	500289	……这就是我梦寐以求的“重来一次”。		0				
152001021	1	1	尤安	500019	继续搜下一个区域，抓紧时间。		0				
152001022	3	1	尤安		（咬牙）什么玩意——（被撕咬）呃！		5				
152001023	3	1	万事		……尤安？		3				
152001024	3	1	汤普森		你要干什么？！别犯傻！！		3				
152001025	2	1	万事	Assets/Product/Texture/Image/RoleCharacter/WanshiNormal02.png	先去找那些难民。		4				
150291900	1	1	万事	500289	我先去帮伤员！神威，前面靠你了！		0				
150291901	1	1	神威	1081001	没问题，交给我！		0				{1: '1', 3: '1'}
150291902	1	1	神威	1081001	呼啊——总算清理完了，刚刚真的好险！		0				{1: '1', 3: '1'}
150291903	1	1	万事	500289	外围的感染体还有很多，别松懈，抓紧把前面的伤员带到后面来，前面的防护门也需要加固。		0				
150291904	1	1	神威	1081001	没问题，我和你一起。		0				{1: '1', 3: '1'}
150291905	1	1	万事	500289	防护门损毁得太严重了……		0				
150291906	1	1	神威	1081001	我来吧。		0				{1: '1', 3: '1'}
150291907	1	1	神威	1081001	嗯！这样就好了！		0				{1: '1', 3: '1'}
150291908	1	1	万事	500289	神威，帮我抬一下他，他伤得很重。		0				
150291909	1	1	万事	500289	循环系统都受损了……		0				
150291910	1	1	神威	1081001	还有救吗？		0				{1: '1', 3: '1'}
150291911	1	1	万事	500289	……也许有，先把他带回去。		0				
150291912	1	1	神威	1081001	辛苦了，汤普森，刚才多亏你一直守在这里。		0				
150291913	1	1	汤普森	500567	……不，幸好你和万事过来了，我的维护工具已经没用了。		0				{1: '1', 3: '1'}
150291914	1	1	万事	500289	神威，把维护套组里的……神威？		8				{5: '1', 6: '1'}
150291915	1	1	万事	500289	……神威？汤普森？		0				
150291916	3	1	？？？		■■%■■■■■■#■■■■■■￥*■■￥@		6				
150291917	2	1	神威	Assets/Product/Texture/Image/RoleCharacter/RoleHeadShenwei1.png	万事！打起精神来！又来了一波感染体！		5				
150291918	2	1	神威	Assets/Product/Texture/Image/RoleCharacter/RoleHeadShenwei1.png	带着伤员到我身后去！		5				
150291919	2	1	万事	Assets/Product/Texture/Image/RoleCharacter/WanshiNormal02.png	神威，你听到了吗？		3.5				
150291920	2	1	神威	Assets/Product/Texture/Image/RoleCharacter/RoleHeadShenwei1.png	啊？听到什么？		4				
150291921	2	1	万事	Assets/Product/Texture/Image/RoleCharacter/WanshiNormal02.png	这个声音……刚才在那边我也听到了。		5.5				
150291922	2	1	万事	Assets/Product/Texture/Image/RoleCharacter/WanshiNormal02.png	是谁在叫我……？		4				
150291923	1	1	万事	500289	应该安全了。		0				
150291924	1	1	伤员	500019	……		0				{1: '1', 3: '1'}
150291925	1	1	万事	500289	（循环系统都受损了……）		0				
150291926	1	1	万事	500289	又出现了……唔！		0				
150291927	1	1	万事	500289	什么东西……它……是在等我？		0				
150291928	3	1	？？？		■■%■■■■■■#■■■■■■￥*■■￥@		6				
150291929	3	1	万事		唔！！		3				
150291930	3	1	万事		唔啊……不对……这是什么……		8				
150291931	3	1	？？？		记住这些……必须去验证……替我……		8				
150291932	2	1	神威	Assets/Product/Texture/Image/RoleCharacter/RoleHeadShenwei1.png	你怎么了？刚才也是，忽然就不走了。		5				
150291933	2	1	修特罗尔（通讯中）	Assets/Product/Texture/Image/RoleCharacter/V260xtleNormal02.png	喂！万事！神威说你出了些状况？		5				
150291934	2	1	万事	Assets/Product/Texture/Image/RoleCharacter/WanshiNormal02.png	……幻听吧，应该是幻听了。		4				
150291935	1	1	神威	1081001	万事，你要不要去修特罗尔那边？		0				
150291936	1	1	修特罗尔（通讯中）	500730	处理完前面的伤员就退后吧，你是军医，是个人，站在前线不是你的任务。		0				{1: '1', 3: '1'}
150291937	1	1	万事	500289	不……是我的任务……！我没事。		0				
150291938	1	1	万事	500289	……哈啊……		3				{5: '1', 6: '1'}
150291939	1	1	万事	500289	是感染体？感染体……在喊我的名字？		0				
150291940	3	1	？？？		记住这些……必须去验证……替我……		8				
150291941	3	1	？？？		继续走……往前走……万事……		6				
150291942	2	1	修特罗尔（通讯中）	Assets/Product/Texture/Image/RoleCharacter/V260xtleNormal02.png	当心！后方也出现了感染体！		4				
150291943	2	1	修特罗尔（通讯中）	Assets/Product/Texture/Image/RoleCharacter/V260xtleNormal02.png	……天杀的！到底从哪儿冒出来这么多！		6				
150291944	2	1	万事	Assets/Product/Texture/Image/RoleCharacter/WanshiNormal02.png	呼……呼……神威，我没子弹了。		8				
150291945	2	1	神威	Assets/Product/Texture/Image/RoleCharacter/RoleHeadShenwei1.png	呃！我和汤普森还能撑住		5				
150291946	2	1	神威	Assets/Product/Texture/Image/RoleCharacter/RoleHeadShenwei1.png	万事，你还能把他们带回去吗？		5				
150291947	2	1	万事	Assets/Product/Texture/Image/RoleCharacter/WanshiNormal02.png	可以……我还可以……我去把他们带回去。		6.5				
150291948	1	1	万事	500289	呼……核心已经被破坏了……		0				
150291949	1	1	万事	500289	尼尔森……醒醒……哈……		0				
150291950	1	1	万事	500289	最后一个……一定要活着……		0				
150291951	1	1	万事	500289	为什么……连抢救的机会都不给……		0				
150291952	3	1	？？？		只要“它们”还有一息尚存，你就一定会去那里。		6				
150291953	2	1	神威	Assets/Product/Texture/Image/RoleCharacter/RoleHeadShenwei1.png	喝啊——！		3				
150291954	2	1	神威	Assets/Product/Texture/Image/RoleCharacter/RoleHeadShenwei1.png	数量太多了……万事！撤退！		5				
150291955	3	1	万事		不……我想起来了……		4				
150291956	3	1	？？？		不能忘记……如果忘记了……		4				
150291957	3	1	？？？		我会帮你记起来。		4				
150291958	2	1	神威	Assets/Product/Texture/Image/RoleCharacter/RoleHeadShenwei1.png	万事趴下！前面要炸了！！		4				
150291959	1	1	？？？		想起来了吗？万事。		0				{1: '1', 3: '1'}
150291960	1	1	万事	500289	……呼……我都想起来了。		0				
150291800	3	1	万事		全是感染体……		4				
150291801	3	1	万事		那边还有难民……？没来得及撤离吗 ？		6				
150291802	3	1	万事		优先去找难民。		5				
150291803	3	1	万事		最好不要惊动它们。		5				
150291804	3	1	万事		也可以试试正面突破……让神威他们注意到这里。		6				
150291805	2	1	万事	Assets/Product/Texture/Image/RoleCharacter/WanshiNormal02.png	<size=20>可以去上面……多亏了修特罗尔给的军用钩索。</size>		5				
150291806	2	1	万事	Assets/Product/Texture/Image/RoleCharacter/WanshiNormal02.png	应该安全了。		4				
150291807	2	1	万事	Assets/Product/Texture/Image/RoleCharacter/WanshiNormal02.png	被发现了。		3				
150291808	2	1	万事	Assets/Product/Texture/Image/RoleCharacter/WanshiNormal02.png	想办法把队友引来吧。		5				
150291809	2	1	万事	Assets/Product/Texture/Image/RoleCharacter/WanshiNormal02.png	呼……先去确认那个人的情况。		5				
150291810	1	1	万事	500289	还好吗？能行动吗？		0				
150291811	1	1	难民	500792	他们都死了……就剩我一个了！		0				{1: '1', 3: '1'}
150291812	2	1	万事	Assets/Product/Texture/Image/RoleCharacter/WanshiNormal02.png	先去找那些难民。		5				
150291813	3	1	汤普森		（轻轻敲门）		1.2				
150291814	3	1	万事		（轻轻敲门）		2				
100004702	3	1	万事		……停在这里不是办法，先跟我走。		3.5				
100004703	3	1	难民		怎么突然又让我走？		3.5				
100004704	3	1	难民		刚才那个构造体让我先躲在这里……		4				
100004705	3	1	万事		有构造体来过？长什么样子？		4				
100004706	3	1	难民		不记得了，手腕上好像有个投影装置……		4				
100004707	3	1	难民		啊！小心！		1				
100004708	3	1	万事		——唔！		2				
100004709	1	1	汤普森	500567	正在搜救……万事跟着难民撤离了吗？		0				
100004710	1	1	神威	1081001	不清楚，和他的通讯中断了！		0				{1: '1', 3: '1'}
100004711	1	1	修特罗尔	500730	我先往里面靠，找你们汇合。		0				{1: '1', 3: '1'}
100004712	1	1	汤普森	500567	呼……感染体太多了，需要火力支援——！		0				
100004713	1	1	万事	500289	……唔？！这是……重来了一次？		6				{5: '1', 6: '1'}
100004714	2	1	汤普森	Assets/Product/Texture/Image/RoleCharacter/Mo1GztcaptainMd010001.png	<size=20>万事？！你怎么跑上面去了？刚才我们还在找你！</size>		6				
100004715	2	1	尤安	Assets/Product/Texture/Image/RoleCharacter/TongyonggouzaotiNomal04.png	你真的是军医吗？瞄这么准！		4				
100004716	2	1	汤普森	Assets/Product/Texture/Image/RoleCharacter/Mo1GztcaptainMd010001.png	汇报，东边的感染体解决完毕。		4				
100004718	2	1	尤安	Assets/Product/Texture/Image/RoleCharacter/TongyonggouzaotiNomal04.png	总算结束了……幸好有万事。		4				
100004719	2	1	汤普森	Assets/Product/Texture/Image/RoleCharacter/Mo1GztcaptainMd010001.png	万事，先下来吧，我们一起行动。		4				
100004720	3	1	汤普森		为什么不跟撤离队伍走？		3				
100004721	3	1	万事		……有孩子不见了。		3				
100004722	3	1	尤安		分头找吧，你俩一个辅助型一个军医，你们一起。		4				
100004723	1	1	尤安	500019	我自己去那边看看。		0				
100004724	1	1	汤普森	500567	好，注意安全。		0				{1: '1', 3: '1'}
100004725	2	1	万事	Assets/Product/Texture/Image/RoleCharacter/WanshiNormal02.png	挨个找过去吧。		5				
100004726	1	1	汤普森	500567	里面还有人吗？		0				
100004727	1	1	修特罗尔（通讯中）	500730	你们在干什么？找到万事了吗？		0				{1: '1', 3: '1'}
100004728	1	1	万事	500289	我没事，现在我和汤普森在一起找几个孩子。		0				
100004729	1	1	汤普森	500567	……没回应，看来不在这里，走，万事，下一个。		0				{1: '1', 3: '1'}
100004730	1	1	汤普森	500567	这里也没人。		0				
100004731	1	1	万事	500289	尤安，你那边有线索吗？		0				
100004732	1	1	尤安（通讯中）	500019	没有，都撤走了。		0				{1: '1', 3: '1'}
100004733	1	1	尤安	500019	继续搜下一个区域，抓紧时间。		0				
100004734	2	1	尤安	Assets/Product/Texture/Image/RoleCharacter/TongyonggouzaotiNomal04.png	——喂！怎么连这种感染体都冒出来了？！		4.5				
100004735	2	1	汤普森	Assets/Product/Texture/Image/RoleCharacter/Mo1GztcaptainMd010001.png	尤安？！		2				
100004736	2	1	尤安	Assets/Product/Texture/Image/RoleCharacter/TongyonggouzaotiNomal04.png	呃啊——啊——！		2				
100004737	3	1	尤安		什么玩意——呃！		6				
100004738	2	1	汤普森	Assets/Product/Texture/Image/RoleCharacter/Mo1GztcaptainMd010001.png	尤安？！		2				
100004739	2	1	万事	Assets/Product/Texture/Image/RoleCharacter/WanshiNormal02.png	……为什么……会出现这种感染体……		4				
100004740	2	1	尤安	Assets/Product/Texture/Image/RoleCharacter/TongyonggouzaotiNomal04.png	你俩往后撤……我已经……呼……		6				
100004741	3	1	万事		先不要动，小心行动模块受损！我马上来救你！		4				
100004742	3	1	汤普森		先一起把这家伙解决掉！		3				
100004743	3	1	尤安		没用的……呼……还不如用这个办法。		7.5				
100004744	3	1	万事		……尤安？		1				
100004745	3	1	汤普森		你要干什么？！别犯傻！！		3				
100004746	1	1	万事	500289	唔……又来一次……		0				
100004747	1	1	汤普森	500567	总算醒了，刚才那只感染体差点把你和里面的难民都干掉。		0				{1: '1', 3: '1'}
100004748	1	1	万事	500289	那个难民还活着……这次……都救下来了吗……？		0				
100004749	1	1	汤普森	500567	我找到那几个孩子的位置了，来，我拉你起来，我们得快点过去。		0				{1: '1', 3: '1'}
100004750	1	1	难民	500792	快走吧，再待下去，又要引来别的感染体了！		0				{1: '1', 3: '1'}
100004751	2	1	难民	Assets/Product/Texture/Image/RoleCharacter/V280npcNormal03.png	为什么还要往里面走，快撤离啊！		3.5				
100004752	2	1	万事	Assets/Product/Texture/Image/RoleCharacter/WanshiNormal02.png	……里面还有孩子。		2.5				
100004753	2	1	难民	Assets/Product/Texture/Image/RoleCharacter/V280npcNormal03.png	找他们干什么？！早就被杀干净了！！		4				
100004754	2	1	汤普森	Assets/Product/Texture/Image/RoleCharacter/Mo1GztcaptainMd010001.png	也有我们的队友，我们必须汇合。		4				
100004755	2	1	万事	Assets/Product/Texture/Image/RoleCharacter/WanshiNormal02.png	少说几句吧。		3				
100004756	1	1	女孩	500260	外面好像有人……		0				
100004757	1	1	男孩	500259	嘘——别出声，藏好。		0				{1: '1', 3: '1'}
100004758	1	1	万事	500289	纳森？是你们在里面吗？		0				
100004759	1	1	女孩	500260	啊……是医生哥哥！		0				{1: '1', 3: '1'}
100004760	1	1	万事	500289	……暂时还不能出来，藏好。		0				
100004761	1	1	万事	500289	得先把感染体解决掉。		2.5				{5: '1', 6: '1'}
100004762	1	1	万事	500289	……这就是我梦寐以求的“重来一次”。		0				
100004763	1	1	万事	500289	哪怕以构造体的身份来做这场梦……		0				
100004764	1	1	万事	500289	不还是……什么都没变吗……？		0				
1032	3	1	2.17主线		■■■■■■■■■■■■■■■■■■■■■■■■■■■■■■■■■■■■■■■■■■■■■■■■■■■■■■■■■■■■■■■■■■■■■■■■■■■■■■■■■■■■■■■■■■■■■■■■		0				
320119000	5	1	七实	Assets/Product/Texture/Image/RoleCharacter/RoleHeadR6Yongyechao3.png	这里可真有意思~		3				
320119001	5	1	七实	Assets/Product/Texture/Image/RoleCharacter/RoleHeadR6Yongyechao3.png	满分一百分的话，七实可以给九十分的喜欢！		4				
320119002	5	1	七实	Assets/Product/Texture/Image/RoleCharacter/RoleHeadR6Yongyechao3.png	指挥官——那边好像有好玩儿的东西！		4				
320119010	1	1	七实	501070	哦——是星舰！		0				
320119011	1	1	【kuroname】		星舰？你来过这里吗？		0				{1: '1', 3: '1'}
320119012	1	1	七实	501070	嘘……别担心，指挥官，这里是安全的……不过，在他们发现我们之前，先四处看看吧？		0				
320119013	1	1			这里的空间可真大……指挥官！我们去那边看看吧！		0				
320119014	1	1	七实	501070	哦哦哦——！是七实的最爱！这里居然也有这个游戏！		0				
320119015	1	1	七实	501070	指挥官！再玩一次嘛~		0				
320119016	1	1	七实	501070	哇！指挥官居然冲破了这次记录！		0				
320119017	1	1	七实	501070	不算不算，指挥官一定可以的！再来一次吧！		0				
320119018	5	1	七实	Assets/Product/Texture/Image/RoleCharacter/RoleHeadR6Yongyechao3.png	哎呀，哈卡玛在那边……嗨！哈卡玛！		5				
320119019	1	1	哈卡玛	501084	七实，指挥官，你们好。		0				{3: '1'}
320119020	1	1	哈卡玛	501084	欢迎来到Delorean-发现号，有人正在等待你们的到来。要现在就出发去和她会面吗？		0				{3: '1'}
320119021	1	1	七实	501070	七实也还想再玩一会儿！		0				{1: '1'}
320119022	1	1	哈卡玛	501084	不着急，等你们准备好了，再来这里找我吧。		0				{3: '1'}
320119023	1	1	哈卡玛	501084	请随我来，她已经等待你们很长时间了。		0				{3: '1'}
320119024	1	1	【kuroname】		（还是先去找七实吧）		2.5				{5: '1', 6: '1'}
320119901	3	1	提示		这之后是玩家跟着七实&哈卡玛走向目的地的散步，过程约45s。到目的地后直接接过场动画演出，结束关卡		0				
320119902	3	1	七实		这里可真有趣，七实挺喜欢这里的！		5.5				
320119903	3	1	七实		但是好像少了很多同伴……他们都在忙别的事情吗？		7.5				
320119904	3	1	哈卡玛		……是的，在这艘星舰上，大家都有各自的事情忙碌着。		7.5				
320119905	3	1	七实		哦哦！原来是这样！		4.5				
320119906	3	1	七实		果然更换了骑士的机体，七实就能找到新的出口！哼哼~		6				
320119907	3	1	哈卡玛		……请进，就在前面了。		5				
320119908	4	1	研究员		下一个虫洞的位置在哪里？		4				
320119909	4	1	研究员		如果能回去就好了……		4				
320119910	4	1	研究员		——最喜欢吧台那边的小游戏了。		4				
320119911	4	1	机器人		今日植物生长数据记录：温室温度达标，湿度达标，CO2浓度达标……		4				
320119912	4	1	萨乌		这里实在太无聊啦——		4				
320119913	4	1	机器人		死亡植物全息扫描数据已上传至灰塔终端。		4				
320119101	1	1	七实	501070	居然还有喝饮料的地方！指挥官！快来快来！		0				
320119102	1	1	【kuroname】		（要陪七实一起吗？）		0				{1: '1', 3: '1'}
320119103	1	1			没想到图书馆外面是这个样子的，这里好大啊……		0				
320119104	1	1			嘿嘿，这是个秘密哦！		0				
320119105	1	1			七实可以说的只有，这里大概就是我们这一次的目的地了！		0				
320119106	1	1			等一下见到她，指挥官有什么想问她的吗？		0				
320119107	1	1			指挥官早就猜到了嘛~当然是“七实”啦！		0				
320119108	1	1			如果我也能这么厉害，指挥官应该就不用这么辛苦了吧……		0				
320119109	1	1			嘿嘿，七实也这么觉得！		0				
320119110	4	1	七实		没想到图书馆外面是这个样子的，这里好大啊……		8				
320119111	4	1	七实		如果我也能这么厉害，指挥官应该就不用这么辛苦了吧……		8				
320119112	1	1			呼…啊！七实都差点睡着了！我们还是去别的地方看看吧~		8				{5: '1', 6: '1'}
320119113	1	1	七实	501070	指挥官，那边好像有好玩儿的东西！		0				
320119114	1	1	【kuroname】		（要陪七实一起吗？）		0				{1: '1', 3: '1'}
320119115	1	1			是全息数据保存的植物……		6				{5: '1', 6: '1'}
320119116	1	1			七实没有见过这样的星空……		6				{5: '1', 6: '1'}
320119117	3	1			一、二、三、嘿！		4				
320119118	3	1			——锵锵！		3				
320119119	1	1	七实	501070	指挥官指挥官！七实要在那边拍照！		0				
320119120	3	1			嘿咻嘿咻——呼~啊~		6				
320119121	3	1			耶——~~		6				
320119122	3	1			嗯……这样呢？指挥官，这个拍照动作可爱吗！		8				
320119123	1	1	哈卡玛	501084	……请进，就在前面了。		0				
320119201	1	1	七实	501070	哇！是SEF21-5687和SED-35-4512！		0				
320119202	1	1	售SEF21-5687		七实——好久不见。		0				{1: '1', 3: '1'}
320119203	1	1	售SED-35-4512		七实——好久——21-5687，你为什么要抢我的话。		0				
320119204	1	1	售SEF21-5687		21-5687早已经学会了这句打招呼方式，并不是在模仿35-4512——		0				{1: '1', 3: '1'}
320119205	1	1	七实	501070	不要吵架不要吵架——		0				
320119206	1	1	白-CYI65-9812		嘀——开始记录工作时间。		0				
320119207	1	1	白-CYI65-9812		您好，今天是65-9812为您服务。		0				
320119208	1	1	白-CYI65-9812		请问需要什么数据套餐？		0				
320119209	1	1	凯西-CYI70-3000：		您好！您好！这里是【七实之家】！		0				
320119210	1	1	凯西-CYI70-3000：		请让70-3000来为您介绍这里的基础功能！		0				
320119211	1	1	凯西-CYI70-3000：		中间是大家快乐游玩的【bongbong休息厅】！工作过载的同胞可以在那边休息！		0				
320119212	1	1	凯西-CYI70-3000：		后面！是【7070快乐广场】！同胞们会在那里聚会！		0				
320119213	1	1	凯西-CYI70-3000：		最后！是同胞们的【呼呼休眠区】！有轮休的同胞们在休眠，不要随意打扰哦！		0				
320119214	1	1	凯西-CYI70-3000：		哦！广场左边那个区域，是图书馆，和伟大先哲大人的休息区域，不要随意打扰先哲大人噢！要进去的话，需要提前告知哈卡玛。		0				
320119215	1	1	凯西-CYI70-3000：		以上！就是【七实之家】的所有介绍！		0				
320119216	1	1	萨乌		抱歉，这里是同胞们的【呼呼休眠区】，有同胞正在休眠，暂时不开放参观。		0				
320119217	1	1	阿尔杰		还是找不到原因吗？		0				
320119218	1	1	波-ILG25-4879		叽——		0				{1: '1', 3: '1'}
320119219	1	1	葛梅		嗯……只能排除基础故障，剩下的要等机械同胞……		0				
320119220	1	1	葛梅		啊，是新来的客人，已经参观到这里了吗？		0				
320119221	1	1	葛梅		原本应该是机械同胞波-ILG25-4879带领你们进行参观拍照环节，但她不知道为什么出深层故障。		0				
320119222	1	1	葛梅		我们现在只能提供拍留影工具供你们参观留念，请尽情游玩。		0				
320119223	1	1			书架上散乱堆叠着一些书籍和影像资料		0				
320119224	1	1			《歌舞时代》电影		0				
320119225	1	1			《碟中谍之空中花园的阴影001》电影调酒配方一览		0				
320119226	1	1			《卡面骑士与再创造的世界重逢》漫画书		0				
320119227	1	1			……		0				
320119228	1	1	阿尔杰		还是找不到原因吗？		0				
320119229	1	1	波-ILG25-4879		叽——		0				{1: '1', 3: '1'}
320119230	1	1	葛梅		嗯……只能排除基础故障，剩下的要等机械同胞……		0				
320119231	1	1	葛梅		啊，是新来的客人，已经参观到这里了吗？		0				
320119232	1	1	葛梅		原本应该是机械同胞波-ILG25-4879带领你们进行参观拍照环节，但她不知道为什么出深层故障。		0				
320119233	1	1	葛梅		我们现在只能提供拍留影工具供你们参观留念，请尽情游玩。		0				
320119234	1	1			提示：已解锁<color=#66ccff>留影工具</color>。		0				
1033	3	1	3.0FPS		■■■■■■■■■■■■■■■■■■■■■■■■■■■■■■■■■■■■■■■■■■■■■■■■■■■■■■■■■■■■■■■■■■■■■■■■■■■■■■■■■■■■■■■■■■■■■■■■		0				
110307000	5	1	<color=#3399ff>罗兰</color>		需要我去看看雾气里有什么危险吗？我很乐意为你效劳。	Assets/Product/Ui/UiFightPrefab/UiFightMovieTalkNew/PanelFightMovieFreeCountDown.prefab	6				
110307001	5	1	<color=#3399ff>丽芙</color>		请离雾远一些！	Assets/Product/Ui/UiFightPrefab/UiFightMovieTalkNew/PanelFightMovieFreeCountDown.prefab	4				
110307002	5	1	<color=#3399ff>拉弥亚</color>		我觉得我可以驱散这片雾气……应该，应该可以……	Assets/Product/Ui/UiFightPrefab/UiFightMovieTalkNew/PanelFightMovieFreeCountDown.prefab	8				
110307003	5	1	<color=#3399ff>露娜</color>		走吧。	Assets/Product/Ui/UiFightPrefab/UiFightMovieTalkNew/PanelFightMovieFreeCountDown.prefab	3				
110307004	5	1	<color=#3399ff>露娜</color>		准备好了？	Assets/Product/Ui/UiFightPrefab/UiFightMovieTalkNew/PanelFightMovieFreeCountDown.prefab	4				
110307005	5	1	<color=#3399ff>阿尔法</color>		没必要在这里浪费时间，速战速决。	Assets/Product/Ui/UiFightPrefab/UiFightMovieTalkNew/PanelFightMovieFreeCountDown.prefab	5				
110307006	5	1	<color=#3399ff>里</color>		保持阵型，提高警惕。	Assets/Product/Ui/UiFightPrefab/UiFightMovieTalkNew/PanelFightMovieFreeCountDown.prefab	4				
110307007	5	1	<color=#3399ff>阿尔法</color>		当心。	Assets/Product/Ui/UiFightPrefab/UiFightMovieTalkNew/PanelFightMovieFreeCountDown.prefab	3				
110307008	5	1	<color=#3399ff>七实</color>		嗯？怎么是这个样子……？	Assets/Product/Ui/UiFightPrefab/UiFightMovieTalkNew/PanelFightMovieFreeCountDown.prefab	5				
110307009	5	1	<color=#3399ff>七实</color>		七实来啰——冲鸭！	Assets/Product/Ui/UiFightPrefab/UiFightMovieTalkNew/PanelFightMovieFreeCountDown.prefab	5				
110307010	5	1	<color=#3399ff>阿尔法</color>		……往后站一点。	Assets/Product/Ui/UiFightPrefab/UiFightMovieTalkNew/PanelFightMovieFreeCountDown.prefab	4				
110307011	5	1	<color=#3399ff>露娜</color>		道路，出现了。	Assets/Product/Ui/UiFightPrefab/UiFightMovieTalkNew/PanelFightMovieFreeCountDown.prefab	2.5				
110307012	5	1	<color=#3399ff>露娜</color>		嗯…？	Assets/Product/Ui/UiFightPrefab/UiFightMovieTalkNew/PanelFightMovieFreeCountDown.prefab	1				
110307013	5	1	<color=#3399ff>阿尔法</color>		……集中队伍，不要分散。	Assets/Product/Ui/UiFightPrefab/UiFightMovieTalkNew/PanelFightMovieFreeCountDown.prefab	4				
110307014	5	1	<color=#3399ff>七实</color>		欸，居然被挡住了……看七实的！	Assets/Product/Ui/UiFightPrefab/UiFightMovieTalkNew/PanelFightMovieFreeCountDown.prefab	5				
110307100	3	1	<color=#3399ff>罗兰</color>		毕竟在大决战之前拖戏也不是我们的风格，干净地解决掉吧。		7				
110307101	3	1	<color=#3399ff>拉弥亚</color>		噫…虽然很不想靠近这里...但是既然你们需要我的力量……！		8				
110307102	3	1	<color=#3399ff>露娜</color>		拉弥亚，这次可要给我拿出真本事，要是敢偷懒可饶不了你。		7				
110307103	5	1	<color=#3399ff>阿尔法</color>		真是碍眼……有形无神之物，都给我消散吧！	Assets/Product/Ui/UiFightPrefab/UiFightMovieTalkNew/PanelFightMovieFreeCountDown.prefab	6				
110307104	3	1	<color=#3399ff>七实</color>		还有小辉辉也在？！怎么回事，这里到底是哪个宇宙呀？		6				
110307105	3	1	<color=#3399ff>阿尔法</color>		别忘了你自己许下的诺言，还有人……在等着你回来。		6				
110307106	3	1	<color=#3399ff>七实</color>		露西亚小姐！一定要顺利回到我们大家身边哦！		6				
110307107	3	1	<color=#3399ff>里</color>		露西亚的信号就在这道光壁后面！全力破坏这道光壁！		6				
110307108	3	1	<color=#3399ff>丽芙</color>		已经将输出功率调到最高了……不行，光壁依然没有任何变化！		10				
110307109	3	1	<color=#3399ff>伊什梅尔</color>		光壁……快要裂开了，大家都后退，我来打开这道缝隙！		8.5				
110307110	3	1	<color=#3399ff>露西亚</color>		不，我没事，只是想确认一下你的状态。		6				
110307200	5	1	<color=#3399ff>【kuroname】</color>		（看起来，要突破这片扇区，才能找到露西亚…）	Assets/Product/Ui/UiFightPrefab/UiFightMovieTalkNew/PanelFightMovieFreeCountDown.prefab	4				
110307201	5	1	<color=#3399ff>【kuroname】</color>		无法突破！？	Assets/Product/Ui/UiFightPrefab/UiFightMovieTalkNew/PanelFightMovieFreeCountDown.prefab	3				
110307202	5	1	<color=#3399ff>【kuroname】</color>		看起来我们离露西亚不远了。	Assets/Product/Ui/UiFightPrefab/UiFightMovieTalkNew/PanelFightMovieFreeCountDown.prefab	5				
110307203	5	1	<color=#3399ff>【kuroname】</color>		…啧，没完没了！	Assets/Product/Ui/UiFightPrefab/UiFightMovieTalkNew/PanelFightMovieFreeCountDown.prefab	3				
110307204	5	1	<color=#3399ff>【kuroname】</color>		…露西亚！	Assets/Product/Ui/UiFightPrefab/UiFightMovieTalkNew/PanelFightMovieFreeCountDown.prefab	3				
110307205	7	1			\n<size=27><color=#4169E1>>>>授权验证中…已通过\n>>>武器模块装载中…100%\n>>>坐标记录中…即将完成</color></size>		6				{1: '5'}
110307206	5	1	<color=#3399ff>【kuroname】</color>		继续前进！	Assets/Product/Ui/UiFightPrefab/UiFightMovieTalkNew/PanelFightMovieFreeCountDown.prefab	3				
110307207	5	1	<color=#3399ff>【kuroname】</color>		（这个位置，可以用钩锁过去）	Assets/Product/Ui/UiFightPrefab/UiFightMovieTalkNew/PanelFightMovieFreeCountDown.prefab	0				
110307208	5	1	<color=#3399ff>【kuroname】</color>		露西亚！	Assets/Product/Ui/UiFightPrefab/UiFightMovieTalkNew/PanelFightMovieFreeCountDown.prefab	3				
110307209	5	1	<color=#3399ff>【kuroname】</color>		破绽就在这，里！	Assets/Product/Ui/UiFightPrefab/UiFightMovieTalkNew/PanelFightMovieFreeCountDown.prefab	3				
110307210	5	1	<color=#3399ff>【kuroname】</color>		…果然，将火力集中在一点就能突破封锁！丽芙！	Assets/Product/Ui/UiFightPrefab/UiFightMovieTalkNew/PanelFightMovieFreeCountDown.prefab	5				
110307211	5	1	<color=#3399ff>【kuroname】</color>		数据乱流！？	Assets/Product/Ui/UiFightPrefab/UiFightMovieTalkNew/PanelFightMovieFreeCountDown.prefab	5				
110307212	5	1	<color=#ff0000>警告</color>	Assets/Product/Texture/Image/RoleCharacter/TongyonggouzaotiUnknown02.png	<color=#ff0000><size=30>遭遇不明数据乱流！</size></color>		3				
110307213	5	1	<color=#ff0000>警告</color>	Assets/Product/Texture/Image/RoleCharacter/TongyonggouzaotiUnknown02.png	<color=#ff0000><size=30>正#与*#%！&数%流</size></color>		3				
110307214	5	1	<color=#ff0000>警告</color>	Assets/Product/Texture/Image/RoleCharacter/TongyonggouzaotiUnknown02.png	<color=#ff0000><size=30>@#%￥据*%乱*&！</size></color>		3				
110307215	5	1	<color=#ff0000>警告</color>	Assets/Product/Texture/Image/RoleCharacter/TongyonggouzaotiUnknown02.png	<color=#ff0000><size=30>…#￥……&乱%*&#%……触</size></color>		3				
110307216	5	1	<color=#ff0000>警告</color>	Assets/Product/Texture/Image/RoleCharacter/TongyonggouzaotiUnknown02.png	<color=#ff0000><size=30>正……%#@蚀%&*</size></color>		3				
110307217	5	1	<color=#ff0000>警告</color>	Assets/Product/Texture/Image/RoleCharacter/TongyonggouzaotiUnknown02.png	<color=#ff0000><size=30>#&@%^$乱$%@#！</size></color>		3				
110307218	5	1	<color=#ff0000>警告</color>	Assets/Product/Texture/Image/RoleCharacter/TongyonggouzaotiUnknown02.png	<color=#ff0000><size=30>^%……%#@@%&*</size></color>		3				
110307219	5	1	<color=#3399ff>【kuroname】</color>		...通讯连接都断开了，接下来只能靠我自己了。	Assets/Product/Ui/UiFightPrefab/UiFightMovieTalkNew/PanelFightMovieFreeCountDown.prefab	5				
110307220	5	1	<color=#ff0000>警告</color>	Assets/Product/Texture/Image/RoleCharacter/TongyonggouzaotiUnknown02.png	<color=#ff0000><size=30>弓箭已损毁</size></color>		5				
110307221	5	1	<color=#ff0000>警告</color>	Assets/Product/Texture/Image/RoleCharacter/TongyonggouzaotiUnknown02.png	<color=#ff0000><size=30>双枪已损毁</size></color>		5				
110307222	5	1	<color=#ff0000>警告</color>	Assets/Product/Texture/Image/RoleCharacter/TongyonggouzaotiUnknown02.png	<color=#ff0000><size=30>太刀已损毁</size></color>		5				
110307223	5	1	<color=#ff0000>警告</color>	Assets/Product/Texture/Image/RoleCharacter/TongyonggouzaotiUnknown02.png	<color=#ff0000><size=30>动力甲损毁严重！</size></color>		5				
110307224	5	1	<color=#3399ff>【kuroname】</color>		别挡路！	Assets/Product/Ui/UiFightPrefab/UiFightMovieTalkNew/PanelFightMovieFreeCountDown.prefab	5				
110307225	5	1	<color=#3399ff>【kuroname】</color>		别挡路！！	Assets/Product/Ui/UiFightPrefab/UiFightMovieTalkNew/PanelFightMovieFreeCountDown.prefab	5				
110307226	5	1	<color=#3399ff>【kuroname】</color>		露西亚！	Assets/Product/Ui/UiFightPrefab/UiFightMovieTalkNew/PanelFightMovieFreeCountDown.prefab	3				
110307227	5	1	<color=#3399ff>【kuroname】</color>		露西亚！！	Assets/Product/Ui/UiFightPrefab/UiFightMovieTalkNew/PanelFightMovieFreeCountDown.prefab	3				
110307228	5	1	<color=#3399ff>【kuroname】</color>		露西亚！！！——	Assets/Product/Ui/UiFightPrefab/UiFightMovieTalkNew/PanelFightMovieFreeCountDown.prefab	5				
110307229	5	1	<color=#ff0000>警告</color>	Assets/Product/Texture/Image/RoleCharacter/TongyonggouzaotiUnknown02.png	<color=#ff0000><size=30>制式枪已损毁</size></color>		4				
110307230	2	1	提示	Assets/Product/Texture/Image/RoleCharacter/TongyonggouzaotiUnknown02.png	提示：使用<color=#33ccff>弓箭</color>进行雷属性攻击。		0				
110307231	2	1	提示	Assets/Product/Texture/Image/RoleCharacter/TongyonggouzaotiUnknown02.png	提示：使用<color=#33ccff>双枪</color>进行火属性攻击。		0				
110307232	2	1	提示	Assets/Product/Texture/Image/RoleCharacter/TongyonggouzaotiUnknown02.png	提示：进行物理攻击。		0				
110307233	3	1	<color=#3399ff>【kuroname】</color>		露西亚…		3				
102001	3	1	数据乱流		灰鸦小队队长，个体名是露西亚。 请多指教，指挥官。		10				
102041	3	1	数据乱流		指挥官如此命令的话， 那我就绝对不会输。		10				
102051	3	1	数据乱流		指挥官是我们的指挥官真是太好了。		10				
102169	3	1	数据乱流		露西亚，出击！		7				
1022002	3	1	数据乱流		熟悉原本的数据并非易事， 但我会努力的。		10				
1022012	3	1	数据乱流		灰鸦小队…没想到会重新熟悉一个小队三次，真是奇妙的感觉。		10				
1022042	3	1	数据乱流		等你很久了，指挥官。		8				
1022043	3	1	数据乱流		我一直在这里等着，出发吧，指挥官。		9				
152029	3	1	数据乱流		要是心意也能像思维链接那样绑在一起就好了。		10				
152010	3	1	数据乱流		只要你在，灰鸦小队也在，就没什么迈不过去的困难——我们向来如此。		11				
152085	3	1	数据乱流		无论发生了什么，灰鸦都会再次聚到一起——这也是我对你的誓言。		11				
110304000	5	1	<color=#ff3300>罗兰</color>		你的动作很快，但是这一带的怪物已经全部被我抢先清理掉了。	Assets/Product/Ui/UiFightPrefab/UiFightMovieTalkNew/PanelFightMovieFreeCountDown.prefab	7				
110304001	5	1	<color=#ff3300>罗兰</color>		但让你白来一趟也不太好……嗯，我想到了，那我们就来玩个竞速游戏吧。	Assets/Product/Ui/UiFightPrefab/UiFightMovieTalkNew/PanelFightMovieFreeCountDown.prefab	10				
110304002	5	1	<color=#ff3300>罗兰</color>		很好，真是足够值得实况转播的精彩表现！看来你已经完全掌握了这个游戏的规则。	Assets/Product/Ui/UiFightPrefab/UiFightMovieTalkNew/PanelFightMovieFreeCountDown.prefab	10				
110304003	5	1	<color=#ff3300>罗兰</color>		终点已经就在前方，不知道你认为，由在下罗兰担当的这个引导是否称职？	Assets/Product/Ui/UiFightPrefab/UiFightMovieTalkNew/PanelFightMovieFreeCountDown.prefab	8				
110304004	1	1	<color=#3399ff>罗兰</color>	500334	任务完成，来，报酬只有一朵毫无意义的机械小红花……哈哈，开玩笑，开玩笑而已。		0				
110303000	5	1	<color=#ff3300>露娜</color>		虽然不知道你们为什么会来到这里……但这是我的战斗，与你们无关。	Assets/Product/Ui/UiFightPrefab/UiFightMovieTalkNew/PanelFightMovieFreeCountDown.prefab	8				
110303001	5	1	<color=#3399ff>露娜</color>		看来你们是不打算离开，那就拼尽全力跟上我的脚步吧。	Assets/Product/Ui/UiFightPrefab/UiFightMovieTalkNew/PanelFightMovieFreeCountDown.prefab	7				
110303002	1	1	<color=#3399ff>露娜</color>	500884	又一次受到了你们的帮助呢。放心，这份恩情，我记住了。		0				
110305000	5	1	<color=#3399ff>七实</color>		咦，指挥官和大家都变成游戏里的角色了？！	Assets/Product/Ui/UiFightPrefab/UiFightMovieTalkNew/PanelFightMovieFreeCountDown.prefab	5				
110305001	5	1	<color=#3399ff>七实</color>		原来七实也是游戏里的角色，这下有趣起来了！	Assets/Product/Ui/UiFightPrefab/UiFightMovieTalkNew/PanelFightMovieFreeCountDown.prefab	6				
110305002	5	1	<color=#3399ff>七实</color>		那指挥官，我们一口气~上吧！	Assets/Product/Ui/UiFightPrefab/UiFightMovieTalkNew/PanelFightMovieFreeCountDown.prefab	4				
110306000	5	1	<color=#ff3300>阿尔法</color>		……还真是令人怀念的重逢啊。	Assets/Product/Ui/UiFightPrefab/UiFightMovieTalkNew/PanelFightMovieFreeCountDown.prefab	5				
110306001	5	1	<color=#ff3300>阿尔法</color>		不过很可惜，现在我可没有叙旧的兴致。	Assets/Product/Ui/UiFightPrefab/UiFightMovieTalkNew/PanelFightMovieFreeCountDown.prefab	6				
110306002	1	1	<color=#3399ff>阿尔法</color>	500610	我也累了，今天就到此为止。		0				
110303100	1	1	<color=#3399ff>丽芙</color>	500400	露西亚，指挥官……我……在……		0				
110303101	1	1	<color=#3399ff>露西亚</color>	500994	通讯中断了，但是根据坐标方位，丽芙肯定就在这片区域里面。		0				
110303102	1	1	<color=#3399ff>露西亚</color>	500994	但是这一带的信息密度太高了，短时间内很难分析出信号消失的准确位置。		0				
110303103	1	1	<color=#3399ff>伊什梅尔</color>	501095	交给我吧。这片区域是由我采集的地表数据还原而成的，只需要传给我频段样本就能逆推出发送地点。		0				{1: '1', 3: '1'}
110303104	1	1	<color=#3399ff>露西亚</color>	500994	居然能记住地图上包含的所有信息吗……那么，时间紧迫，数据分析这一环就交给伊什梅尔小姐了。		0				
110303105	1	1	<color=#3399ff>伊什梅尔</color>	501095	嗯。顺带一提，有敌对信号从前方接近了，注意提前避险。		0				{1: '1', 3: '1'}
110307901	1	1	<color=#3399ff>里</color>	500568	指挥官，露西亚应该是被敌人带走之后，快速移动了一段时间，然后现在进入了一个无法探测的区域。		0				
110307902	1	1	<color=#3399ff>里</color>	500568	而且从信号消失前激烈波动的频率看来，她应该经历过剧烈的交战……		0				
110307903	1	1	<color=#3399ff>丽芙</color>	500400	我们得马上赶过去帮露西亚。要是有什么办法，可以打破这面空气墙就好了……		0				{1: '1', 3: '1'}
110307904	1	1	<color=#3399ff>伊什梅尔</color>	501095	我能通过重构这片区域的信息，打破这面空气墙。		0				
110307905	1	1	<color=#3399ff>伊什梅尔</color>	501095	但是，我只能在地图边缘创造一丝空隙，你们会因此落入本不应该进入的区域。		0				
110307906	1	1	<color=#3399ff>伊什梅尔</color>	501095	而且为了保证你们能顺利返回，需要由我一直在这里维持着这道缝隙不会关闭。		0				
110307907	1	1	<color=#3399ff>丽芙</color>	500400	明白，我们进入之后一定会小心行动的。谢谢你，伊什梅尔小姐。		0				{1: '1', 3: '1'}
110307908	1	1	<color=#3399ff>伊什梅尔</color>	501095	客套的话就等大家齐聚了之后再说吧。那么，我现在要打开“缝隙”了。		0				
110307909	1	1	<color=#3399ff>伊什梅尔</color>	501095	祝你们顺利归来，灰鸦小队。		0				
1001	3	1	简单重置序章		■■■■■■■■■■■■■■■■■■■■■■■■■■■■■■■■■■■■■■■■■■■■■■■■■■■■■■■■■■■■■■■■■■■■■■■■■■■■■■■■■■■■■■■■■■■■■■■■		0				
10010100	7	1			<size=27><color=#ffffff>>>>系统重载中…\n>>>重启控制模块\n>>>重启战斗模块\n>>>重启状态模块\n</color><color=#ff3300>警告：信号模块存在异常！</color></size>		7				{1: '5'}
10010101	1	1	露西亚	1021001	指挥官，没事吧？		0				
10010102	1	1	露西亚	1021001	好惊人的能量……大部分感染体失去了作战能力。		0				
10010103	1	1	露西亚	1021001	指挥官，从刚刚的战斗中发现了初始化未完成的部分。		0				
10010104	1	1	露西亚	1021001	恐怕对接下来的作战有影响，需要指挥官确认一下信号指令的部分。		0				
10010105	1	1	露西亚	1021001	果然还是没法完全瘫痪吗。		0				
10010106	1	1	露西亚	1021001	...感染体的信号已被全部消灭，战斗结束。		0				
10010107	1	1	露西亚	1021001	指挥官，跟紧我。		0				
10010108	3	1	感染机械体		检测到未知对象，执行消灭指令。		4.5				
10010109	1	1	露西亚	1021001	指挥官，果然信号指令出现了一些问题。		0				
10010110	1	1	露西亚	1021001	目前只有红球指令是正常的。		0				
10010111	1	1	露西亚	1021001	现在只有先穿过这片街区和丽芙她们汇合，再考虑休整了。		0				
10010112	1	1	里	1011001	这里很安静，不过……		0				
10010113	1	1	丽芙	1031001	还是有一些感染体潜伏在角落。		0				
10010114	1	1	露西亚	1021001	没关系，我们争取一次性通过这里，不要再被分散了。		0				
10010115	1	1	丽芙	1031001	感染体行动了！		0				
10010116	1	1	露西亚	1021001	丽芙，这次你就暂时退到后面吧。		0				
10010117	1	1	丽芙	1031001	嗯……		0				
10010118	1	1	露西亚	1021001	战斗很顺利……接下来只要通过这扇大门，就接近汇合点了。		0				
10010119	1	1	里	1011001	等等！有脚步声！		0				
10010120	1	1	不明构造体α	500066	……		0				{1: '1', 3: '1'}
10010121	1	1	丽芙	1031001	那是……？		0				
10010122	1	1	不明构造体α	500066	露西亚……		0				{1: '1', 3: '1'}
10010123	1	1	里	1011001	居然不理会我的攻击，啧。		0				
10010124	1	1	丽芙	1031001	她好像只对露西亚感兴趣，可露西亚现在……		0				
10010125	1	1	露西亚	1021001	我没关系……你们不要离开指挥官……		0				
10010126	1	1	不明构造体α	500066	……		0				{1: '1', 3: '1'}
10010127	5	1	<color=#ff3300>不明构造体α</color>		这就是你现在的实力吗，露西亚……	Assets/Product/Ui/UiFightPrefab/UiFightMovieTalkNew/PanelFightMovieFreeCountDown.prefab	3				
10010128	5	1	露西亚		……！？	Assets/Product/Ui/UiFightPrefab/UiFightMovieTalkNew/PanelFightMovieFreeCountDown.prefab	3				
10010129	5	1	<color=#ff3300>不明构造体α</color>		这份熟悉的执着……	Assets/Product/Ui/UiFightPrefab/UiFightMovieTalkNew/PanelFightMovieFreeCountDown.prefab	3				
10010130	5	1	<color=#ff3300>不明构造体α</color>		原来也可以建立在这样不堪一击的“过去”之上……	Assets/Product/Ui/UiFightPrefab/UiFightMovieTalkNew/PanelFightMovieFreeCountDown.prefab	3				
10010131	5	1	露西亚		什么……过去？	Assets/Product/Ui/UiFightPrefab/UiFightMovieTalkNew/PanelFightMovieFreeCountDown.prefab	3				
10010132	5	1	<color=#ff3300>不明构造体α</color>		露西亚，你早该察觉到了……不是吗？	Assets/Product/Ui/UiFightPrefab/UiFightMovieTalkNew/PanelFightMovieFreeCountDown.prefab	3				
