Id	ConditionId	Name	Desc	Icon	Priority	Trigger	Duration	Overlay	Type	Params
10001		信物1		Assets/Product/Texture/Image/UiRogueSim/IconRogueSimBuff0211.png					20	[1, 1000]
10002		信物1		Assets/Product/Texture/Image/UiRogueSim/IconRogueSimBuff0211.png					20	[2, 1000]
10003		信物1		Assets/Product/Texture/Image/UiRogueSim/IconRogueSimBuff0211.png					20	[3, 1000]
10004		信物2的<color=#969190>零件</color>固定售价		Assets/Product/Texture/Image/UiRogueSim/IconRogueSimBuff0211.png					7	[2, 1002, 1]
10005		信物2		Assets/Product/Texture/Image/UiRogueSim/IconRogueSimBuff0211.png					9	[2, 2, 2003, 2, 1000]
10009		信物2		Assets/Product/Texture/Image/UiRogueSim/IconRogueSimBuff0211.png					9	[3, 2, 2003, 2, 1000]
10010		信物2		Assets/Product/Texture/Image/UiRogueSim/IconRogueSimBuff0211.png					9	[4, 2, 2003, 2, 1000]
10011		信物2		Assets/Product/Texture/Image/UiRogueSim/IconRogueSimBuff0211.png					9	[6, 2, 2003, 2, 1000]
10006		信物2的<color=#cd934a>工艺品</color>波动下限		Assets/Product/Texture/Image/UiRogueSim/IconRogueSimBuff0211.png					7	[3, 1008, 1000]
10007		信物2		Assets/Product/Texture/Image/UiRogueSim/IconRogueSimBuff0211.png					9	[2, 3, 2003, 2, 1000]
10012		信物2		Assets/Product/Texture/Image/UiRogueSim/IconRogueSimBuff0211.png					9	[3, 3, 2003, 2, 1000]
10013		信物2		Assets/Product/Texture/Image/UiRogueSim/IconRogueSimBuff0211.png					9	[4, 3, 2003, 2, 1000]
10014		信物2		Assets/Product/Texture/Image/UiRogueSim/IconRogueSimBuff0211.png					9	[6, 3, 2003, 2, 1000]
10008		信物4		Assets/Product/Texture/Image/UiRogueSim/IconRogueSimBuff0211.png					20	[6, 1]
10015		信物5		Assets/Product/Texture/Image/UiRogueSim/IconRogueSimBuff0211.png					3	[200000]
10021		测试buff	所有区域购买价格-50%						22	[0, 5000]
10022		测试buff	1号区域购买价格-50%						22	[1412, 10000]
10023		测试buff	所有建筑建造价格-90%						23	[0, 9000]
10024		测试buff	临时10点生产力（1回合）				1		24	[10]
10025		测试buff	同时生产3种商品，所有商品生产效率+1000%						25	[3, 2003, 100000]
10026		测试buff	城邦每星，所有商品生产效率+10%						26	[0, 1000, 2003]
10027		测试buff	波动放大1000%						27	[1, 100000]
10028		测试buff	地图上所有建造的建筑，每个为所有商品提供+10%生产效率						28	[1, 0, 1000, 2003, 0]
10029		测试buff	同时销售3种商品，所有商品销售暴击+100%						31	[3, -1, 1005, 10000]
10030		测试buff	生产上回合没有生产的商品时，生产效率+100%						32	[1, 2003, 10000]
10031		测试buff	销售上回合没有销售的商品时，售价+100%						32	[2, 1003, 10000]
10032		测试buff	<color=#a46800>椰子</color>的波动下限锁死为100%						33	[2, 10000, 1]
10033		测试buff	增加两次免费建造建筑次数						34	[2]
60001		负面事件3	2季度内，<b>所有商品</b>售价<color=#16D100>-20%</color>	Assets/Product/Texture/Image/UiRogueSim/IconRogueSimBuff0212.png			2		7	[1, 1003, -2000, 2, 1003, -2000, 3, 1003, -2000]
60004		负面事件3	2季度内，<b>所有商品</b>售价<color=#16D100>-30%</color>	Assets/Product/Texture/Image/UiRogueSim/IconRogueSimBuff0212.png			2		7	[2, 1003, -3000]
60005		负面事件3	2季度内，<b>所有商品</b>售价<color=#16D100>-30%</color>	Assets/Product/Texture/Image/UiRogueSim/IconRogueSimBuff0212.png			2		7	[3, 1003, -3000]
60002		负面事件4	2季度内，<b>所有商品</b>生产效率<color=#16D100>-20%</color>	Assets/Product/Texture/Image/UiRogueSim/IconRogueSimBuff0112.png			2		7	[1, 2003, -2000, 2, 2003, -2000, 3, 2003, -2000]
60006		负面事件4	2季度内，<b>所有商品</b>生产效率<color=#16D100>-30%</color>	Assets/Product/Texture/Image/UiRogueSim/IconRogueSimBuff0112.png			2		7	[2, 2003, -3000]
60007		负面事件4	2季度内，<b>所有商品</b>生产效率<color=#16D100>-30%</color>	Assets/Product/Texture/Image/UiRogueSim/IconRogueSimBuff0112.png			2		7	[3, 2003, -3000]
60101		旅行者的帮助	2季度内，<b>所有商品</b>售价<color=#FF0000>+15%</color>	Assets/Product/Texture/Image/UiRogueSim/IconRogueSimBuff0211.png			2		7	[1, 1003, 1500, 2, 1003, 1500, 3, 1003, 1500]
60102		小商贩的小计划	2季度内，<b>所有商品</b>售价+10%	Assets/Product/Texture/Image/UiRogueSim/IconRogueSimBuff0211.png			2		7	[1, 1003, 1000, 2, 1003, 1000, 3, 1003, 1000]
60103		小商贩的大计划	2季度内，<b>所有商品</b>售价+10%	Assets/Product/Texture/Image/UiRogueSim/IconRogueSimBuff0211.png			2		7	[1, 1003, 1000, 2, 1003, 1000, 3, 1003, 1000]
60104		口碑上升	2季度内，<b>所有商品</b>售价+15%	Assets/Product/Texture/Image/UiRogueSim/IconRogueSimBuff0211.png			2		7	[1, 1003, 1500, 2, 1003, 1500, 3, 1003, 1500]
60105		口碑下降	2季度内，<b>所有商品</b>售价-10%	Assets/Product/Texture/Image/UiRogueSim/IconRogueSimBuff0212.png			2		7	[1, 1003, -1000, 2, 1003, -1000, 3, 1003, -1000]
60501		帮助小乞丐	2季度内，<b>所有商品</b>生产效率<color=#16D100>-10%</color>	Assets/Product/Texture/Image/UiRogueSim/IconRogueSimBuff0112.png			2		7	[1, 2003, -1000, 2, 2003, -1000, 3, 2003, -1000]
60502		小乞丐的报恩	4季度内，<b>所有商品</b>售价<color=#FF0000>+5%</color>	Assets/Product/Texture/Image/UiRogueSim/IconRogueSimBuff0211.png			4		7	[1, 1003, 500, 2, 1003, 500, 3, 1003, 500]
60503		加班加点	2季度内，<b>所有商品</b>生产效率<color=#FF0000>+10%</color>	Assets/Product/Texture/Image/UiRogueSim/IconRogueSimBuff0111.png			2		7	[1, 1003, 1000, 2, 1003, 1000, 3, 1003, 1000]
60504		大获成功	3季度内，<b>所有商品</b>售价<color=#FF0000>+25%</color>	Assets/Product/Texture/Image/UiRogueSim/IconRogueSimBuff0211.png			3		7	[1, 1003, 2500, 2, 1003, 2500, 3, 1003, 2500]
60505		小有收获	3季度内，<b>所有商品</b>售价<color=#FF0000>+10%</color>	Assets/Product/Texture/Image/UiRogueSim/IconRogueSimBuff0211.png			3		7	[1, 1003, 1000, 2, 1003, 1000, 3, 1003, 1000]
60506		有得有失	3季度内，<b>所有商品</b>生产效率<color=#FF0000>+10%</color>	Assets/Product/Texture/Image/UiRogueSim/IconRogueSimBuff0111.png			3		7	[1, 2003, 1000, 2, 2003, 1000, 3, 2003, 1000]
60507		备受赞誉	3季度内，<b>所有商品</b>售价<color=#FF0000>+25%</color>	Assets/Product/Texture/Image/UiRogueSim/IconRogueSimBuff0211.png			3		7	[1, 1003, 2500, 2, 1003, 2500, 3, 1003, 2500]
60508		付出代价	1季度内，<b>所有商品</b>售价<color=#16D100>-10%</color>	Assets/Product/Texture/Image/UiRogueSim/IconRogueSimBuff0211.png			1		7	[1, 1003, -1000, 2, 1003, -1000, 3, 1003, -1000]
60509		赞美追梦人	3季度内，<b>所有商品</b>售价<color=#FF0000>+15%</color>	Assets/Product/Texture/Image/UiRogueSim/IconRogueSimBuff0211.png			3		7	[1, 1003, 1500, 2, 1003, 1500, 3, 1003, 1500]
60510		老人的报恩	3季度内，<b>所有商品</b>售价<color=#FF0000>+10%</color>	Assets/Product/Texture/Image/UiRogueSim/IconRogueSimBuff0211.png			3		7	[1, 1003, 1000, 2, 1003, 1000, 3, 1003, 1000]
60511		安全第一	3季度内，<b>所有商品</b>售价<color=#FF0000>+15%</color>	Assets/Product/Texture/Image/UiRogueSim/IconRogueSimBuff0211.png			3		7	[1, 1003, 1500, 2, 1003, 1500, 3, 1003, 1500]
60512		看破一切	3季度内，<b>所有商品</b>生产效率<color=#FF0000>+15%</color>	Assets/Product/Texture/Image/UiRogueSim/IconRogueSimBuff0111.png			3		7	[1, 2003, 1500, 2, 2003, 1500, 3, 2003, 1500]
60514		赌神绝学	2季度内，<b>所有商品</b>销售暴击概率<color=#FF0000>+10%</color>	Assets/Product/Texture/Image/UiRogueSim/IconRogueSimBuff0511.png			2		7	[1, 1005, 1000, 2, 1005, 1000, 3, 1005, 1000]
60517		冥冥天意	2季度内，<b>所有商品</b>生产暴击概率<color=#FF0000>+10%</color>	Assets/Product/Texture/Image/UiRogueSim/IconRogueSimBuff0311.png			2		7	[1, 2005, 1000, 2, 2005, 1000, 3, 2005, 1000]
60518		快意恩仇	3季度内，<b>所有商品</b>售价<color=#FF0000>+15%</color>	Assets/Product/Texture/Image/UiRogueSim/IconRogueSimBuff0211.png			3		7	[1, 1003, 1500, 2, 1003, 1500, 3, 1003, 1500]
61003		市场繁荣	2季度内，<b>所有商品</b>售价<color=#FF0000>+15%</color>	Assets/Product/Texture/Image/UiRogueSim/IconRogueSimBuff0211.png			2		7	[1, 1003, 1500, 2, 1003, 1500, 3, 1003, 1500]
61004		效果平平	2季度内，<b>所有商品</b>售价<color=#FF0000>+5%</color>	Assets/Product/Texture/Image/UiRogueSim/IconRogueSimBuff0211.png			2		7	[1, 1003, 500, 2, 1003, 500, 3, 1003, 500]
61005		市场稳定	2季度内，<b>所有商品</b>季度价格波动上限和下限+10%	Assets/Product/Texture/Image/UiRogueSim/IconRogueSimBuff0211.png			2		7	[1, 1007, 1000, 2, 1007, 1000, 3, 1007, 1000, 1, 1008, 1000, 2, 1008, 1000, 3, 1008, 1000]
61006		市场稳定	2季度内，<b>所有商品</b>季度价格波动上限和下限+5%	Assets/Product/Texture/Image/UiRogueSim/IconRogueSimBuff0211.png			2		7	[1, 1007, 500, 2, 1007, 500, 3, 1007, 500, 1, 1008, 500, 2, 1008, 500, 3, 1008, 500]
61007		合作愉快	2季度内，<b>所有商品</b>销售暴击概率<color=#FF0000>+10%</color>	Assets/Product/Texture/Image/UiRogueSim/IconRogueSimBuff0511.png			2		7	[1, 1005, 1000, 2, 1005, 1000, 3, 1005, 1000]
61008		合作愉快	2季度内，<b>所有商品</b>销售暴击概率<color=#FF0000>+5%</color>	Assets/Product/Texture/Image/UiRogueSim/IconRogueSimBuff0511.png			2		7	[1, 1005, 500, 2, 1005, 500, 3, 1005, 500]
61009		合作倡议	2季度内，<b>所有商品</b>的最终售价额外<color=#FF0000>+5</color>	Assets/Product/Texture/Image/UiRogueSim/IconRogueSimBuff0211.png			2		7	[1, 1002, 5, 2, 1002, 5, 3, 1002, 5]
61010		合作倡议	2季度内，<b>所有商品</b>的最终售价额外<color=#FF0000>+2</color>	Assets/Product/Texture/Image/UiRogueSim/IconRogueSimBuff0211.png			2		7	[1, 1002, 2, 2, 1002, 2, 3, 1002, 2]
61011		检定事件5-不通过1废弃	2季度内，<b>所有商品</b>生产暴击概率<color=#16D100>-10%</color>	Assets/Product/Texture/Image/UiRogueSim/IconRogueSimBuff0312.png			2		7	[1, 2005, -1000, 2, 2005, -1000, 3, 2005, -1000]
61012		检定事件5-不通过2废弃	2季度内，<b>所有商品</b>生产基础值<color=#16D100>-5</color>	Assets/Product/Texture/Image/UiRogueSim/IconRogueSimBuff0312.png			2		7	[1, 2002, -5, 2, 2002, -5, 3, 2002, -5]
61013		检定事件2-通过1	2季度内，<b>所有商品</b>售价<color=#FF0000>+60%</color>	Assets/Product/Texture/Image/UiRogueSim/IconRogueSimBuff0211.png			2		7	[1, 2002, -5]
61014		检定事件2-通过1	2季度内，<b>所有商品</b>售价<color=#FF0000>+60%</color>	Assets/Product/Texture/Image/UiRogueSim/IconRogueSimBuff0211.png			2		7	[1, 2002, -5]
61015		检定事件2-不通过1	2季度内，<b>所有商品</b>售价<color=#16D100>-40%</color>	Assets/Product/Texture/Image/UiRogueSim/IconRogueSimBuff0212.png			2		7	[2, 1003, -4000]
61016		检定事件2-不通过1	2季度内，<b>所有商品</b>售价<color=#16D100>-40%</color>	Assets/Product/Texture/Image/UiRogueSim/IconRogueSimBuff0212.png			2		7	[3, 1003, -4000]
61017		检定事件2-通过2	2季度内，<b>所有商品</b>季度价格波动<color=#FF0000>+40%</color>	Assets/Product/Texture/Image/UiRogueSim/IconRogueSimBuff0211.png			2		7	[2, 1004, 4000]
61018		检定事件2-通过2	2季度内，<b>所有商品</b>季度价格波动<color=#FF0000>+40%</color>	Assets/Product/Texture/Image/UiRogueSim/IconRogueSimBuff0211.png			2		7	[3, 1004, 4000]
61019		检定事件2-不通过2	2季度内，<b>所有商品</b>季度价格波动<color=#16D100>-20%</color>	Assets/Product/Texture/Image/UiRogueSim/IconRogueSimBuff0312.png			2		7	[2, 1004, -2000]
61020		检定事件2-不通过2	2季度内，<b>所有商品</b>季度价格波动<color=#16D100>-20%</color>	Assets/Product/Texture/Image/UiRogueSim/IconRogueSimBuff0312.png			2		7	[3, 1004, -2000]
61021		检定事件3-通过1	2季度内，<b>所有商品</b>暴击<color=#FF0000>+100%</color>	Assets/Product/Texture/Image/UiRogueSim/IconRogueSimBuff0211.png			2		7	[2, 1005, 10000]
61022		检定事件3-通过1	2季度内，<b>所有商品</b>暴击<color=#FF0000>+100%</color>	Assets/Product/Texture/Image/UiRogueSim/IconRogueSimBuff0211.png			2		7	[3, 1005, 10000]
61023		检定事件3-不通过1	2季度内，<b>所有商品</b>暴击<color=#16D100>-100%</color>	Assets/Product/Texture/Image/UiRogueSim/IconRogueSimBuff0312.png			2		7	[2, 1005, -10000]
61024		检定事件3-不通过1	2季度内，<b>所有商品</b>暴击<color=#16D100>-100%</color>	Assets/Product/Texture/Image/UiRogueSim/IconRogueSimBuff0312.png			2		7	[3, 1005, -10000]
61025		检定事件3-通过2	2季度内，<b>所有商品</b>基础售价<color=#FF0000>+10</color>	Assets/Product/Texture/Image/UiRogueSim/IconRogueSimBuff0211.png			2		7	[2, 1002, 10]
61026		检定事件3-通过2	2季度内，<b>所有商品</b>基础售价<color=#FF0000>+10</color>	Assets/Product/Texture/Image/UiRogueSim/IconRogueSimBuff0211.png			2		7	[3, 1002, 10]
61027		检定事件3-不通过2	2季度内，<b>所有商品</b>基础售价<color=#16D100>-5</color>	Assets/Product/Texture/Image/UiRogueSim/IconRogueSimBuff0312.png			2		7	[2, 1002, -5]
61028		检定事件3-不通过2	2季度内，<b>所有商品</b>基础售价<color=#16D100>-5</color>	Assets/Product/Texture/Image/UiRogueSim/IconRogueSimBuff0312.png			2		7	[3, 1002, -5]
61029		检定事件5-不通过1	2季度内，<b>所有商品</b>生产暴击概率<color=#16D100>-10%</color>	Assets/Product/Texture/Image/UiRogueSim/IconRogueSimBuff0312.png			2		7	[2, 2005, -1000]
61030		检定事件5-不通过1	2季度内，<b>所有商品</b>生产暴击概率<color=#16D100>-10%</color>	Assets/Product/Texture/Image/UiRogueSim/IconRogueSimBuff0312.png			2		7	[3, 2005, -1000]
61031		检定事件5-不通过2	2季度内，<b>所有商品</b>生产基础值<color=#16D100>-5</color>	Assets/Product/Texture/Image/UiRogueSim/IconRogueSimBuff0312.png			2		7	[2, 2002, -5]
61032		检定事件5-不通过2	2季度内，<b>所有商品</b>生产基础值<color=#16D100>-5</color>	Assets/Product/Texture/Image/UiRogueSim/IconRogueSimBuff0312.png			2		7	[3, 2002, -5]
64001		生产风口	2季度内，<color=#a46800>椰子</color>的生产效率<color=#FF0000>+15%</color>	Assets/Product/Texture/Image/UiRogueSim/IconRogueSimBuff0121.png			2		7	[1, 2003, 1500]
64002		生产风口	2季度内，<color=#a46800>木材</color>的生产效率<color=#FF0000>+15%</color>	Assets/Product/Texture/Image/UiRogueSim/IconRogueSimBuff0131.png			2		7	[2, 2003, 1500]
64003		生产风口	2季度内，<color=#a46800>石油</color>的生产效率<color=#FF0000>+15%</color>	Assets/Product/Texture/Image/UiRogueSim/IconRogueSimBuff0141.png			2		7	[3, 2003, 1500]
64004		市场风向	2季度内，<color=#a46800>椰子</color>的售价<color=#FF0000>+15%</color>	Assets/Product/Texture/Image/UiRogueSim/IconRogueSimBuff0221.png			2		7	[1, 1003, 1500]
64005		市场风向	2季度内，<color=#a46800>木材</color>的售价<color=#FF0000>+15%</color>	Assets/Product/Texture/Image/UiRogueSim/IconRogueSimBuff0231.png			2		7	[2, 1003, 1500]
64006		市场风向	2季度内，<color=#a46800>石油</color>的售价<color=#FF0000>+15%</color>	Assets/Product/Texture/Image/UiRogueSim/IconRogueSimBuff0241.png			2		7	[3, 1003, 1500]
64101		生产风口	2季度内，<color=#a46800>椰子</color>生产效率<color=#FF0000>+20%</color>	Assets/Product/Texture/Image/UiRogueSim/IconRogueSimBuff0121.png			2		7	[1, 2003, 2000]
64102		生产风口	2季度内，<color=#a46800>石油</color>生产效率<color=#FF0000>+10%</color>	Assets/Product/Texture/Image/UiRogueSim/IconRogueSimBuff0131.png			2		7	[3, 2003, 1000]
64111		生产风口	2季度内，<color=#a46800>木材</color>生产效率<color=#FF0000>+20%</color>	Assets/Product/Texture/Image/UiRogueSim/IconRogueSimBuff0141.png			2		7	[2, 2003, 2000]
64112		生产风口	2季度内，<color=#a46800>椰子</color>生产效率<color=#FF0000>+10%</color>	Assets/Product/Texture/Image/UiRogueSim/IconRogueSimBuff0121.png			2		7	[1, 2003, 1000]
64121		生产风口	2季度内，<color=#a46800>石油</color>生产效率<color=#FF0000>+20%</color>	Assets/Product/Texture/Image/UiRogueSim/IconRogueSimBuff0131.png			2		7	[3, 2003, 2000]
64122		生产风口	2季度内，<color=#a46800>木材</color>生产效率<color=#FF0000>+10%</color>	Assets/Product/Texture/Image/UiRogueSim/IconRogueSimBuff0141.png			2		7	[2, 2003, 1000]
64131		市场风向	2季度内，<color=#a46800>椰子</color>售价<color=#FF0000>+15%</color>	Assets/Product/Texture/Image/UiRogueSim/IconRogueSimBuff0221.png			2		7	[1, 1003, 1500]
64132		市场风向	2季度内，<color=#a46800>石油</color>售价<color=#FF0000>+10%</color>	Assets/Product/Texture/Image/UiRogueSim/IconRogueSimBuff0231.png			2		7	[3, 1003, 1000]
64141		市场风向	2季度内，<color=#a46800>木材</color>售价<color=#FF0000>+15%</color>	Assets/Product/Texture/Image/UiRogueSim/IconRogueSimBuff0241.png			2		7	[2, 1003, 1500]
64142		市场风向	2季度内，<color=#a46800>椰子</color>售价<color=#FF0000>+10%</color>	Assets/Product/Texture/Image/UiRogueSim/IconRogueSimBuff0221.png			2		7	[1, 1003, 1000]
64151		市场风向	2季度内，<color=#a46800>石油</color>售价<color=#FF0000>+15%</color>	Assets/Product/Texture/Image/UiRogueSim/IconRogueSimBuff0231.png			2		7	[3, 1003, 1500]
64152		市场风向	2季度内，<color=#a46800>木材</color>售价<color=#FF0000>+10%</color>	Assets/Product/Texture/Image/UiRogueSim/IconRogueSimBuff0241.png			2		7	[2, 1003, 1000]
64201		干劲爆棚	3季度内，<color=#a46800>椰子</color>的生产效率<color=#FF0000>+25%</color>	Assets/Product/Texture/Image/UiRogueSim/IconRogueSimBuff0121.png			3		7	[1, 2003, 2500]
64202		干劲爆棚	3季度内，<color=#a46800>木材</color>的生产效率<color=#FF0000>+25%</color>	Assets/Product/Texture/Image/UiRogueSim/IconRogueSimBuff0131.png			3		7	[2, 2003, 2500]
64203		干劲爆棚	3季度内，<color=#a46800>石油</color>的生产效率<color=#FF0000>+25%</color>	Assets/Product/Texture/Image/UiRogueSim/IconRogueSimBuff0141.png			3		7	[3, 2003, 2500]
64204		干劲提升	2季度内，<b>所有商品</b>的生产效率<color=#FF0000>+10%</color>	Assets/Product/Texture/Image/UiRogueSim/IconRogueSimBuff0121.png			2		7	[1, 2003, 1000, 2, 2003, 1000, 3, 2003, 1000]
64211		合作共赢	3季度内，<color=#a46800>椰子</color>售价<color=#FF0000>+25%</color>，<color=#a46800>木材</color>、<color=#a46800>石油</color>售价<color=#16D100>-10%</color>	Assets/Product/Texture/Image/UiRogueSim/IconRogueSimBuff0231.png			3		7	[1, 1003, 2500, 2, 1003, -1000, 3, 1003, -1000]
64212		合作共赢	3季度内，<color=#a46800>椰子</color>、<color=#a46800>石油</color>售价<color=#16D100>-10%</color>	Assets/Product/Texture/Image/UiRogueSim/IconRogueSimBuff0241.png			3		7	[2, 1003, -1000, 3, 1003, -1000]
64213		合作共赢	3季度内，<color=#a46800>木材</color>售价<color=#FF0000>+25%</color>，<color=#a46800>椰子</color>、<color=#a46800>石油</color>售价<color=#16D100>-10%</color>	Assets/Product/Texture/Image/UiRogueSim/IconRogueSimBuff0221.png			3		7	[2, 1003, 2500, 1, 1003, -1000, 3, 1003, -1000]
64214		合作共赢	3季度内，<color=#a46800>椰子</color>、<color=#a46800>石油</color>售价<color=#16D100>-10%</color>	Assets/Product/Texture/Image/UiRogueSim/IconRogueSimBuff0231.png			3		7	[1, 1003, -1000, 3, 1003, -1000]
64215		合作共赢	3季度内，<color=#a46800>石油</color>售价<color=#FF0000>+25%</color>，<color=#a46800>椰子</color>、<color=#a46800>木材</color>售价<color=#16D100>-10%</color>	Assets/Product/Texture/Image/UiRogueSim/IconRogueSimBuff0241.png			3		7	[3, 1003, 2500, 1, 1003, -1000, 2, 1003, -1000]
64216		合作共赢	3季度内，<color=#a46800>椰子</color>、<color=#a46800>木材</color>售价<color=#16D100>-10%</color>	Assets/Product/Texture/Image/UiRogueSim/IconRogueSimBuff0222.png			3		7	[1, 1003, -1000, 2, 1003, -1000]
64217		合作共赢	3季度内，<b>所有商品</b>售价<color=#FF0000>+5%</color>	Assets/Product/Texture/Image/UiRogueSim/IconRogueSimBuff0211.png			3		7	[1, 1003, 500, 2, 1003, 500, 3, 1003, 500]
64218		特殊设备	2季度内，生产力<color=#FF0000>+2</color>	Assets/Product/Texture/Image/UiRogueSim/IconRogueSimBuff0311.png			2		24	[2]
72001		市场波动	2季度内，<color=#a46800>椰子</color>季度价格波动+20%	Assets/Product/Texture/Image/UiRogueSim/IconRogueSimBuff0211.png			2		7	[1, 1004, 2000]
72002		市场波动	2季度内，<color=#a46800>椰子</color>季度价格波动-20%	Assets/Product/Texture/Image/UiRogueSim/IconRogueSimBuff0312.png			2		7	[1, 1004, -2000]
72003		市场波动	2季度内，<color=#a46800>木材</color>季度价格波动+20%	Assets/Product/Texture/Image/UiRogueSim/IconRogueSimBuff0211.png			2		7	[2, 1004, 2000]
72004		市场波动	2季度内，<color=#a46800>木材</color>季度价格波动-20%	Assets/Product/Texture/Image/UiRogueSim/IconRogueSimBuff0312.png			2		7	[2, 1004, -2000]
72005		市场波动	2季度内，<color=#a46800>石油</color>季度价格波动+20%	Assets/Product/Texture/Image/UiRogueSim/IconRogueSimBuff0211.png			2		7	[3, 1004, 2000]
72006		市场波动	2季度内，<color=#a46800>石油</color>季度价格波动-20%	Assets/Product/Texture/Image/UiRogueSim/IconRogueSimBuff0312.png			2		7	[3, 1004, -2000]
73001		市场波动	2季度内，<color=#a46800>椰子</color>季度价格波动+20%	Assets/Product/Texture/Image/UiRogueSim/IconRogueSimBuff0211.png			2		7	[1, 1004, 2000]
73002		市场波动	2季度内，<color=#a46800>椰子</color>季度价格波动-20%	Assets/Product/Texture/Image/UiRogueSim/IconRogueSimBuff0312.png			2		7	[1, 1004, -2000]
73003		市场波动	2季度内，<color=#a46800>木材</color>季度价格波动+20%	Assets/Product/Texture/Image/UiRogueSim/IconRogueSimBuff0211.png			2		7	[2, 1004, 2000]
73004		市场波动	2季度内，<color=#a46800>木材</color>季度价格波动-20%	Assets/Product/Texture/Image/UiRogueSim/IconRogueSimBuff0312.png			2		7	[2, 1004, -2000]
73005		市场波动	2季度内，<color=#a46800>石油</color>季度价格波动+20%	Assets/Product/Texture/Image/UiRogueSim/IconRogueSimBuff0211.png			2		7	[3, 1004, 2000]
73006		市场波动	2季度内，<color=#a46800>石油</color>季度价格波动-20%	Assets/Product/Texture/Image/UiRogueSim/IconRogueSimBuff0312.png			2		7	[3, 1004, -2000]
74001		市场波动	2季度内，<color=#a46800>椰子</color>季度价格波动+20%	Assets/Product/Texture/Image/UiRogueSim/IconRogueSimBuff0211.png			2		7	[1, 1004, 2000]
74002		市场波动	2季度内，<color=#a46800>椰子</color>季度价格波动-20%	Assets/Product/Texture/Image/UiRogueSim/IconRogueSimBuff0312.png			2		7	[1, 1004, -2000]
74003		市场波动	2季度内，<color=#a46800>木材</color>季度价格波动+20%	Assets/Product/Texture/Image/UiRogueSim/IconRogueSimBuff0211.png			2		7	[2, 1004, 2000]
74004		市场波动	2季度内，<color=#a46800>木材</color>季度价格波动-20%	Assets/Product/Texture/Image/UiRogueSim/IconRogueSimBuff0312.png			2		7	[2, 1004, -2000]
74005		市场波动	2季度内，<color=#a46800>石油</color>季度价格波动+20%	Assets/Product/Texture/Image/UiRogueSim/IconRogueSimBuff0211.png			2		7	[3, 1004, 2000]
74006		市场波动	2季度内，<color=#a46800>石油</color>季度价格波动-20%	Assets/Product/Texture/Image/UiRogueSim/IconRogueSimBuff0312.png			2		7	[3, 1004, -2000]
75001		市场波动	2季度内，<color=#a46800>椰子</color>季度价格波动+20%	Assets/Product/Texture/Image/UiRogueSim/IconRogueSimBuff0211.png			2		7	[1, 1004, 2000]
75002		市场波动	2季度内，<color=#a46800>椰子</color>季度价格波动-20%	Assets/Product/Texture/Image/UiRogueSim/IconRogueSimBuff0312.png			2		7	[1, 1004, -2000]
75003		市场波动	2季度内，<color=#a46800>木材</color>季度价格波动+20%	Assets/Product/Texture/Image/UiRogueSim/IconRogueSimBuff0211.png			2		7	[2, 1004, 2000]
75004		市场波动	2季度内，<color=#a46800>木材</color>季度价格波动-20%	Assets/Product/Texture/Image/UiRogueSim/IconRogueSimBuff0312.png			2		7	[2, 1004, -2000]
75005		市场波动	2季度内，<color=#a46800>石油</color>季度价格波动+20%	Assets/Product/Texture/Image/UiRogueSim/IconRogueSimBuff0211.png			2		7	[3, 1004, 2000]
75006		市场波动	2季度内，<color=#a46800>石油</color>季度价格波动-20%	Assets/Product/Texture/Image/UiRogueSim/IconRogueSimBuff0312.png			2		7	[3, 1004, -2000]
76001		市场波动	2季度内，<color=#a46800>椰子</color>季度价格波动+20%	Assets/Product/Texture/Image/UiRogueSim/IconRogueSimBuff0211.png			2		7	[1, 1004, 2000]
76002		市场波动	2季度内，<color=#a46800>椰子</color>季度价格波动-20%	Assets/Product/Texture/Image/UiRogueSim/IconRogueSimBuff0312.png			2		7	[1, 1004, -2000]
76003		市场波动	2季度内，<color=#a46800>木材</color>季度价格波动+20%	Assets/Product/Texture/Image/UiRogueSim/IconRogueSimBuff0211.png			2		7	[2, 1004, 2000]
76004		市场波动	2季度内，<color=#a46800>木材</color>季度价格波动-20%	Assets/Product/Texture/Image/UiRogueSim/IconRogueSimBuff0312.png			2		7	[2, 1004, -2000]
76005		市场波动	2季度内，<color=#a46800>石油</color>季度价格波动+20%	Assets/Product/Texture/Image/UiRogueSim/IconRogueSimBuff0211.png			2		7	[3, 1004, 2000]
76006		市场波动	2季度内，<color=#a46800>石油</color>季度价格波动-20%	Assets/Product/Texture/Image/UiRogueSim/IconRogueSimBuff0312.png			2		7	[3, 1004, -2000]
50001		顶级道具7-特殊事件投放	全部金贝消耗-40%	Assets/Product/Texture/Image/UiRogueSim/IconRogueSimBuff0211.png					20	[1, 4000]
50002		顶级道具7-特殊事件投放	全部金贝消耗-40%	Assets/Product/Texture/Image/UiRogueSim/IconRogueSimBuff0211.png					20	[2, 4000]
50003		顶级道具7-特殊事件投放	全部金贝消耗-40%	Assets/Product/Texture/Image/UiRogueSim/IconRogueSimBuff0211.png					20	[3, 4000]
50004		顶级道具10-特殊事件投放	每次【探索】获得秘藏时，随机再获得一个	Assets/Product/Texture/Image/UiRogueSim/IconRogueSimBuff0211.png					11	[200000]
50005		顶级道具1	每季度开始，拥有的【金贝】+20%	Assets/Product/Texture/Image/UiRogueSim/IconRogueSimBuff0211.png					12	[2, 2, 2, 2000]
50007		顶级道具3	<color=#a46800>石油</color>出售时，必定采用自身的季度价格波动上限值	Assets/Product/Texture/Image/UiRogueSim/IconRogueSimBuff0211.png					13	[3]
50008		顶级道具4	每累计出售1000单位<color=#a46800>木材</color>，<color=#a46800>木材</color>的售价+20%	Assets/Product/Texture/Image/UiRogueSim/IconRogueSimBuff0211.png					8	[1, 2, 1000, 1003, 2000, 100]
50009		顶级道具5	每级主城等级+10%<b>所有商品</b>生产效率	Assets/Product/Texture/Image/UiRogueSim/IconRogueSimBuff0211.png					15	[1, 2003, 500]
50010		顶级道具6	每个完成的城邦任务+10%<b>所有商品</b>售价	Assets/Product/Texture/Image/UiRogueSim/IconRogueSimBuff0211.png					16	[1, 1003, 500]
50013		顶级道具5	每级主城等级+10%<b>所有商品</b>生产效率	Assets/Product/Texture/Image/UiRogueSim/IconRogueSimBuff0211.png					15	[2, 2003, 500]
50014		顶级道具5	每级主城等级+10%<b>所有商品</b>生产效率	Assets/Product/Texture/Image/UiRogueSim/IconRogueSimBuff0211.png					15	[3, 2003, 500]
50015		顶级道具6	每个完成的城邦任务+10%<b>所有商品</b>售价	Assets/Product/Texture/Image/UiRogueSim/IconRogueSimBuff0211.png					16	[2, 1003, 500]
50016		顶级道具6	每个完成的城邦任务+10%<b>所有商品</b>售价	Assets/Product/Texture/Image/UiRogueSim/IconRogueSimBuff0211.png					16	[3, 1003, 500]
50017		顶级道具8-特殊事件投放	<b>所有商品</b>生产效率的修改+20%-秘藏	Assets/Product/Texture/Image/UiRogueSim/IconRogueSimBuff0211.png					9	[2, 1, 2003, 2, 1000]
50018		顶级道具8-特殊事件投放	<b>所有商品</b>生产效率的修改+20%-秘藏	Assets/Product/Texture/Image/UiRogueSim/IconRogueSimBuff0211.png					9	[2, 2, 2003, 2, 1000]
50019		顶级道具8-特殊事件投放	<b>所有商品</b>生产效率的修改+20%-秘藏	Assets/Product/Texture/Image/UiRogueSim/IconRogueSimBuff0211.png					9	[2, 3, 2003, 2, 1000]
50020		顶级道具9-特殊事件投放	<b>所有商品</b>售价的修改+20%-秘藏	Assets/Product/Texture/Image/UiRogueSim/IconRogueSimBuff0211.png					9	[2, 1, 1003, 2, 1000]
50021		顶级道具9-特殊事件投放	<b>所有商品</b>售价的修改+20%-秘藏	Assets/Product/Texture/Image/UiRogueSim/IconRogueSimBuff0211.png					9	[2, 2, 1003, 2, 1000]
50022		顶级道具9-特殊事件投放	<b>所有商品</b>售价的修改+20%-秘藏	Assets/Product/Texture/Image/UiRogueSim/IconRogueSimBuff0211.png					9	[2, 3, 1003, 2, 1000]
50023		顶级数值道具13	<b>所有商品</b>生产暴击概率+30%	Assets/Product/Texture/Image/UiRogueSim/IconRogueSimBuff0211.png					7	[1, 2005, 3000]
50024		顶级数值道具13	<b>所有商品</b>生产暴击概率+30%	Assets/Product/Texture/Image/UiRogueSim/IconRogueSimBuff0211.png					7	[2, 2005, 3000]
50025		顶级数值道具13	<b>所有商品</b>生产暴击概率+30%	Assets/Product/Texture/Image/UiRogueSim/IconRogueSimBuff0211.png					7	[3, 2005, 3000]
50026		顶级数值道具14	<b>所有商品</b>销售暴击概率+30%	Assets/Product/Texture/Image/UiRogueSim/IconRogueSimBuff0211.png					7	[1, 1005, 3000]
50027		顶级数值道具14	<b>所有商品</b>销售暴击概率+30%	Assets/Product/Texture/Image/UiRogueSim/IconRogueSimBuff0211.png					7	[2, 1005, 3000]
50028		顶级数值道具14	<b>所有商品</b>销售暴击概率+30%	Assets/Product/Texture/Image/UiRogueSim/IconRogueSimBuff0211.png					7	[3, 1005, 3000]
50029		顶级道具8-特殊事件投放	<b>所有商品</b>生产效率的修改+20%-建筑	Assets/Product/Texture/Image/UiRogueSim/IconRogueSimBuff0211.png					9	[5, 1, 2003, 2, 1000]
50030		顶级道具8-特殊事件投放	<b>所有商品</b>生产效率的修改+20%-建筑	Assets/Product/Texture/Image/UiRogueSim/IconRogueSimBuff0211.png					9	[5, 2, 2003, 2, 1000]
50031		顶级道具8-特殊事件投放	<b>所有商品</b>生产效率的修改+20%-建筑	Assets/Product/Texture/Image/UiRogueSim/IconRogueSimBuff0211.png					9	[5, 3, 2003, 2, 1000]
50032		顶级道具8-特殊事件投放	<b>所有商品</b>生产效率的修改+20%-城邦	Assets/Product/Texture/Image/UiRogueSim/IconRogueSimBuff0211.png					9	[4, 1, 2003, 2, 1000]
50033		顶级道具8-特殊事件投放	<b>所有商品</b>生产效率的修改+20%-城邦	Assets/Product/Texture/Image/UiRogueSim/IconRogueSimBuff0211.png					9	[4, 2, 2003, 2, 1000]
50034		顶级道具8-特殊事件投放	<b>所有商品</b>生产效率的修改+20%-城邦	Assets/Product/Texture/Image/UiRogueSim/IconRogueSimBuff0211.png					9	[4, 3, 2003, 2, 1000]
50035		顶级道具8-特殊事件投放	<b>所有商品</b>生产效率的修改+20%-事件	Assets/Product/Texture/Image/UiRogueSim/IconRogueSimBuff0211.png					9	[6, 1, 2003, 2, 1000]
50036		顶级道具8-特殊事件投放	<b>所有商品</b>生产效率的修改+20%-事件	Assets/Product/Texture/Image/UiRogueSim/IconRogueSimBuff0211.png					9	[6, 2, 2003, 2, 1000]
50037		顶级道具8-特殊事件投放	<b>所有商品</b>生产效率的修改+20%-事件	Assets/Product/Texture/Image/UiRogueSim/IconRogueSimBuff0211.png					9	[6, 3, 2003, 2, 1000]
50038		顶级道具9-特殊事件投放	<b>所有商品</b>售价的修改+20%-建筑	Assets/Product/Texture/Image/UiRogueSim/IconRogueSimBuff0211.png					9	[5, 1, 1003, 2, 1000]
50039		顶级道具9-特殊事件投放	<b>所有商品</b>售价的修改+20%-建筑	Assets/Product/Texture/Image/UiRogueSim/IconRogueSimBuff0211.png					9	[5, 2, 1003, 2, 1000]
50040		顶级道具9-特殊事件投放	<b>所有商品</b>售价的修改+20%-建筑	Assets/Product/Texture/Image/UiRogueSim/IconRogueSimBuff0211.png					9	[5, 3, 1003, 2, 1000]
50041		顶级道具9-特殊事件投放	<b>所有商品</b>售价的修改+20%-城邦	Assets/Product/Texture/Image/UiRogueSim/IconRogueSimBuff0211.png					9	[4, 1, 1003, 2, 1000]
50042		顶级道具9-特殊事件投放	<b>所有商品</b>售价的修改+20%-城邦	Assets/Product/Texture/Image/UiRogueSim/IconRogueSimBuff0211.png					9	[4, 2, 1003, 2, 1000]
50043		顶级道具9-特殊事件投放	<b>所有商品</b>售价的修改+20%-城邦	Assets/Product/Texture/Image/UiRogueSim/IconRogueSimBuff0211.png					9	[4, 3, 1003, 2, 1000]
50044		顶级道具9-特殊事件投放	<b>所有商品</b>售价的修改+20%-事件	Assets/Product/Texture/Image/UiRogueSim/IconRogueSimBuff0211.png					9	[6, 1, 1003, 2, 1000]
50045		顶级道具9-特殊事件投放	<b>所有商品</b>售价的修改+20%-事件	Assets/Product/Texture/Image/UiRogueSim/IconRogueSimBuff0211.png					9	[6, 2, 1003, 2, 1000]
50046		顶级道具9-特殊事件投放	<b>所有商品</b>售价的修改+20%-事件	Assets/Product/Texture/Image/UiRogueSim/IconRogueSimBuff0211.png					9	[6, 3, 1003, 2, 1000]
50047		顶级道具11-特殊事件投放	获得高品质秘藏的概率大幅增加	Assets/Product/Texture/Image/UiRogueSim/IconRogueSimBuff0211.png					10	[1, -5]
50048		顶级道具11-特殊事件投放	获得高品质秘藏的概率大幅增加	Assets/Product/Texture/Image/UiRogueSim/IconRogueSimBuff0211.png					10	[2, -10]
50049		顶级道具11-特殊事件投放	获得高品质秘藏的概率大幅增加	Assets/Product/Texture/Image/UiRogueSim/IconRogueSimBuff0211.png					10	[3, 25]
50101		顶级数值道具1	<color=#a46800>椰子</color>、<color=#a46800>木材</color>的库存上限+99999	Assets/Product/Texture/Image/UiRogueSim/IconRogueSimBuff0211.png					7	[1, 2, 99999]
50102		顶级数值道具1	<color=#a46800>椰子</color>、<color=#a46800>木材</color>的库存上限+99999	Assets/Product/Texture/Image/UiRogueSim/IconRogueSimBuff0211.png					7	[2, 2, 99999]
50103		顶级数值道具2	<color=#a46800>木材</color>、<color=#a46800>石油</color>的库存上限+99999	Assets/Product/Texture/Image/UiRogueSim/IconRogueSimBuff0211.png					7	[2, 2, 99999]
50104		顶级数值道具2	<color=#a46800>木材</color>、<color=#a46800>石油</color>的库存上限+99999	Assets/Product/Texture/Image/UiRogueSim/IconRogueSimBuff0211.png					7	[3, 2, 99999]
50105		顶级数值道具3	<color=#a46800>石油</color>、<color=#a46800>椰子</color>的库存上限+99999	Assets/Product/Texture/Image/UiRogueSim/IconRogueSimBuff0211.png					7	[3, 2, 99999]
50106		顶级数值道具3	<color=#a46800>石油</color>、<color=#a46800>椰子</color>的库存上限+99999	Assets/Product/Texture/Image/UiRogueSim/IconRogueSimBuff0211.png					7	[1, 2, 99999]
50107		顶级数值道具4	<color=#a46800>椰子</color>、<color=#a46800>木材</color>的生产效率+100%	Assets/Product/Texture/Image/UiRogueSim/IconRogueSimBuff0211.png					7	[1, 2003, 10000]
50108		顶级数值道具4	<color=#a46800>椰子</color>、<color=#a46800>木材</color>的生产效率+100%	Assets/Product/Texture/Image/UiRogueSim/IconRogueSimBuff0211.png					7	[2, 2003, 10000]
50109		顶级数值道具5	<color=#a46800>木材</color>、<color=#a46800>石油</color>的生产效率+100%	Assets/Product/Texture/Image/UiRogueSim/IconRogueSimBuff0211.png					7	[2, 2003, 10000]
50110		顶级数值道具5	<color=#a46800>木材</color>、<color=#a46800>石油</color>的生产效率+100%	Assets/Product/Texture/Image/UiRogueSim/IconRogueSimBuff0211.png					7	[3, 2003, 10000]
50111		顶级数值道具6	<color=#a46800>石油</color>、<color=#a46800>椰子</color>的生产效率+100%	Assets/Product/Texture/Image/UiRogueSim/IconRogueSimBuff0211.png					7	[3, 2003, 10000]
50112		顶级数值道具6	<color=#a46800>石油</color>、<color=#a46800>椰子</color>的生产效率+100%	Assets/Product/Texture/Image/UiRogueSim/IconRogueSimBuff0211.png					7	[1, 2003, 10000]
50113		顶级数值道具7	<color=#a46800>椰子</color>、<color=#a46800>木材</color>的售价+100%	Assets/Product/Texture/Image/UiRogueSim/IconRogueSimBuff0211.png					7	[1, 1003, 10000]
50114		顶级数值道具7	<color=#a46800>椰子</color>、<color=#a46800>木材</color>的售价+100%	Assets/Product/Texture/Image/UiRogueSim/IconRogueSimBuff0211.png					7	[2, 1003, 10000]
50115		顶级数值道具8	<color=#a46800>木材</color>、<color=#a46800>石油</color>的售价+100%	Assets/Product/Texture/Image/UiRogueSim/IconRogueSimBuff0211.png					7	[2, 1003, 10000]
50116		顶级数值道具8	<color=#a46800>木材</color>、<color=#a46800>石油</color>的售价+100%	Assets/Product/Texture/Image/UiRogueSim/IconRogueSimBuff0211.png					7	[3, 1003, 10000]
50117		顶级数值道具9	<color=#a46800>石油</color>、<color=#a46800>椰子</color>的售价+100%	Assets/Product/Texture/Image/UiRogueSim/IconRogueSimBuff0211.png					7	[3, 1003, 10000]
50118		顶级数值道具9	<color=#a46800>石油</color>、<color=#a46800>椰子</color>的售价+100%	Assets/Product/Texture/Image/UiRogueSim/IconRogueSimBuff0211.png					7	[1, 1003, 10000]
50119		顶级数值道具10	建筑金贝收益+100%	Assets/Product/Texture/Image/UiRogueSim/IconRogueSimBuff0211.png					20	[7, 10000]
50120		顶级数值道具11	科技树属性加成+100%	Assets/Product/Texture/Image/UiRogueSim/IconRogueSimBuff0211.png					9	[3, 1, 2, 2, 10000]
50121		顶级数值道具11	科技树属性加成+100%	Assets/Product/Texture/Image/UiRogueSim/IconRogueSimBuff0211.png					9	[3, 1, 2003, 2, 10000]
50122		顶级数值道具11	科技树属性加成+100%	Assets/Product/Texture/Image/UiRogueSim/IconRogueSimBuff0211.png					9	[3, 1, 2005, 2, 10000]
50123		顶级数值道具11	科技树属性加成+100%	Assets/Product/Texture/Image/UiRogueSim/IconRogueSimBuff0211.png					9	[3, 2, 2, 2, 10000]
50124		顶级数值道具11	科技树属性加成+100%	Assets/Product/Texture/Image/UiRogueSim/IconRogueSimBuff0211.png					9	[3, 2, 2003, 2, 10000]
50125		顶级数值道具11	科技树属性加成+100%	Assets/Product/Texture/Image/UiRogueSim/IconRogueSimBuff0211.png					9	[3, 2, 2005, 2, 10000]
50126		顶级数值道具11	科技树属性加成+100%	Assets/Product/Texture/Image/UiRogueSim/IconRogueSimBuff0211.png					9	[3, 3, 2, 2, 10000]
50127		顶级数值道具11	科技树属性加成+100%	Assets/Product/Texture/Image/UiRogueSim/IconRogueSimBuff0211.png					9	[3, 3, 2003, 2, 10000]
50128		顶级数值道具11	科技树属性加成+100%	Assets/Product/Texture/Image/UiRogueSim/IconRogueSimBuff0211.png					9	[3, 3, 2005, 2, 10000]
50129		顶级数值道具12	城邦属性加成+50%	Assets/Product/Texture/Image/UiRogueSim/IconRogueSimBuff0211.png					9	[4, 1, 1003, 2, 5000]
50130		顶级数值道具12	城邦属性加成+50%	Assets/Product/Texture/Image/UiRogueSim/IconRogueSimBuff0211.png					9	[4, 1, 1002, 2, 5000]
50131		顶级数值道具12	城邦属性加成+50%	Assets/Product/Texture/Image/UiRogueSim/IconRogueSimBuff0211.png					9	[4, 1, 1004, 2, 5000]
50132		顶级数值道具12	城邦属性加成+50%	Assets/Product/Texture/Image/UiRogueSim/IconRogueSimBuff0211.png					9	[4, 1, 1005, 2, 5000]
50133		顶级数值道具12	城邦属性加成+50%	Assets/Product/Texture/Image/UiRogueSim/IconRogueSimBuff0211.png					9	[4, 1, 1006, 2, 5000]
50134		顶级数值道具12	城邦属性加成+50%	Assets/Product/Texture/Image/UiRogueSim/IconRogueSimBuff0211.png					9	[4, 2, 1003, 2, 5000]
50135		顶级数值道具12	城邦属性加成+50%	Assets/Product/Texture/Image/UiRogueSim/IconRogueSimBuff0211.png					9	[4, 2, 1002, 2, 5000]
50136		顶级数值道具12	城邦属性加成+50%	Assets/Product/Texture/Image/UiRogueSim/IconRogueSimBuff0211.png					9	[4, 2, 1004, 2, 5000]
50137		顶级数值道具12	城邦属性加成+50%	Assets/Product/Texture/Image/UiRogueSim/IconRogueSimBuff0211.png					9	[4, 2, 1005, 2, 5000]
50138		顶级数值道具12	城邦属性加成+50%	Assets/Product/Texture/Image/UiRogueSim/IconRogueSimBuff0211.png					9	[4, 2, 1006, 2, 5000]
50139		顶级数值道具12	城邦属性加成+50%	Assets/Product/Texture/Image/UiRogueSim/IconRogueSimBuff0211.png					9	[4, 3, 1003, 2, 5000]
50140		顶级数值道具12	城邦属性加成+50%	Assets/Product/Texture/Image/UiRogueSim/IconRogueSimBuff0211.png					9	[4, 3, 1002, 2, 5000]
50141		顶级数值道具12	城邦属性加成+50%	Assets/Product/Texture/Image/UiRogueSim/IconRogueSimBuff0211.png					9	[4, 3, 1004, 2, 5000]
50142		顶级数值道具12	城邦属性加成+50%	Assets/Product/Texture/Image/UiRogueSim/IconRogueSimBuff0211.png					9	[4, 3, 1005, 2, 5000]
50143		顶级数值道具12	城邦属性加成+50%	Assets/Product/Texture/Image/UiRogueSim/IconRogueSimBuff0211.png					9	[4, 3, 1006, 2, 5000]
50144		顶级数值道具11	科技树属性加成+100%	Assets/Product/Texture/Image/UiRogueSim/IconRogueSimBuff0211.png					9	[3, 1, 2006, 2, 10000]
50145		顶级数值道具11	科技树属性加成+100%	Assets/Product/Texture/Image/UiRogueSim/IconRogueSimBuff0211.png					9	[3, 2, 2006, 2, 10000]
50146		顶级数值道具11	科技树属性加成+100%	Assets/Product/Texture/Image/UiRogueSim/IconRogueSimBuff0211.png					9	[3, 3, 2006, 2, 10000]
51001		高级道具1	升级主城时，随机激活一个当前等级的科技	Assets/Product/Texture/Image/UiRogueSim/IconRogueSimBuff0211.png					17	[1]
51003		高级道具3	季度价格波动不会为负	Assets/Product/Texture/Image/UiRogueSim/IconRogueSimBuff0211.png					19	[1]
51005		高级道具5	探索获得的行商经验+20%	Assets/Product/Texture/Image/UiRogueSim/IconRogueSimBuff0211.png					20	[5, 2000]
51006		高级道具6	建筑消耗金贝-20%	Assets/Product/Texture/Image/UiRogueSim/IconRogueSimBuff0211.png					20	[1, 2000]
51008		高级道具8	主城升级消耗金贝-15%	Assets/Product/Texture/Image/UiRogueSim/IconRogueSimBuff0211.png					20	[3, 1500]
51101		高级成长道具1	<color=#a46800>椰子</color>的生产暴击概率会+等量生产效率	Assets/Product/Texture/Image/UiRogueSim/IconRogueSimBuff0211.png					14	[1, 2005, 100, 2003, 50]
51102		高级成长道具2	每过1季度，<color=#a46800>椰子</color>的生产效率+5%	Assets/Product/Texture/Image/UiRogueSim/IconRogueSimBuff0211.png					21	[0, 1, 51103]
51103		成长道具2效果	生产效率+5%	Assets/Product/Texture/Image/UiRogueSim/IconRogueSimBuff0211.png					7	[1, 2003, 500]
51104		高级成长道具3	<color=#a46800>木材</color>的生产暴击概率会+等量生产效率	Assets/Product/Texture/Image/UiRogueSim/IconRogueSimBuff0211.png					14	[2, 2005, 100, 2003, 50]
51105		高级成长道具4	每过1季度，<color=#a46800>木材</color>的生产效率+5%	Assets/Product/Texture/Image/UiRogueSim/IconRogueSimBuff0211.png					21	[0, 1, 51106]
51106		成长道具4效果	生产效率+5%	Assets/Product/Texture/Image/UiRogueSim/IconRogueSimBuff0211.png					7	[2, 2003, 500]
51107		高级成长道具5	<color=#a46800>石油</color>的生产暴击概率会+等量生产效率	Assets/Product/Texture/Image/UiRogueSim/IconRogueSimBuff0211.png					14	[3, 2005, 100, 2003, 50]
51108		高级成长道具6	每过1季度，<color=#a46800>石油</color>的生产效率+5%	Assets/Product/Texture/Image/UiRogueSim/IconRogueSimBuff0211.png					21	[0, 1, 51109]
51109		成长道具6效果	生产效率+5%	Assets/Product/Texture/Image/UiRogueSim/IconRogueSimBuff0211.png					7	[3, 2003, 500]
51110		高级成长道具7	每一级主城等级，+5%<color=#a46800>椰子</color>的生产效率	Assets/Product/Texture/Image/UiRogueSim/IconRogueSimBuff0211.png					15	[1, 2003, 500]
51111		高级成长道具8	每一级主城等级，+5%<color=#a46800>木材</color>的生产效率	Assets/Product/Texture/Image/UiRogueSim/IconRogueSimBuff0211.png					15	[2, 2003, 500]
51112		高级成长道具9	每一级主城等级，+5%<color=#a46800>石油</color>的生产效率	Assets/Product/Texture/Image/UiRogueSim/IconRogueSimBuff0211.png					15	[3, 2003, 500]
51113		高级成长道具10	<color=#a46800>椰子</color>的售价+10%；激活城邦超过5个，额外+40%	Assets/Product/Texture/Image/UiRogueSim/IconRogueSimBuff0211.png					7	[1, 1003, 1000]
51114	51001	高级成长道具10	满足条件额外+40%	Assets/Product/Texture/Image/UiRogueSim/IconRogueSimBuff0211.png					7	[1, 1003, 4000]
51115		高级成长道具11	<color=#a46800>木材</color>的售价+10%；激活城邦超过5个，额外+40%	Assets/Product/Texture/Image/UiRogueSim/IconRogueSimBuff0211.png					7	[2, 1003, 1000]
51116	51001	高级成长道具11	满足条件额外+40%	Assets/Product/Texture/Image/UiRogueSim/IconRogueSimBuff0211.png					7	[2, 1003, 4000]
51117		高级成长道具12	<color=#a46800>石油</color>的售价+10%；激活城邦超过5个，额外+40%	Assets/Product/Texture/Image/UiRogueSim/IconRogueSimBuff0211.png					7	[3, 1003, 1000]
51118	51001	高级成长道具12	满足条件额外+40%	Assets/Product/Texture/Image/UiRogueSim/IconRogueSimBuff0211.png					7	[3, 1003, 4000]
51119		高级道具	<color=#a46800>椰子</color>的销售暴击概率会+等量售价	Assets/Product/Texture/Image/UiRogueSim/IconRogueSimBuff0211.png					14	[1, 1005, 100, 1003, 50]
51120		高级道具	<color=#a46800>木材</color>的销售暴击概率会+等量售价	Assets/Product/Texture/Image/UiRogueSim/IconRogueSimBuff0211.png					14	[2, 1005, 100, 1003, 50]
51121		高级道具	<color=#a46800>石油</color>的销售暴击概率会+等量售价	Assets/Product/Texture/Image/UiRogueSim/IconRogueSimBuff0211.png					14	[3, 1005, 100, 1003, 50]
51201		高级数值道具1	<color=#a46800>木材</color>的季度价格波动+60%	Assets/Product/Texture/Image/UiRogueSim/IconRogueSimBuff0211.png					7	[2, 1004, 6000]
51202		高级数值道具2	<color=#a46800>石油</color>的基础售价+2	Assets/Product/Texture/Image/UiRogueSim/IconRogueSimBuff0211.png					7	[3, 1002, 2]
51203		高级数值道具3	<color=#a46800>椰子</color>的生产效率+60%	Assets/Product/Texture/Image/UiRogueSim/IconRogueSimBuff0211.png					7	[1, 2003, 6000]
51204		高级数值道具4	<color=#a46800>木材</color>的生产效率+60%	Assets/Product/Texture/Image/UiRogueSim/IconRogueSimBuff0211.png					7	[2, 2003, 6000]
51205		高级数值道具5	<color=#a46800>石油</color>的生产效率+60%	Assets/Product/Texture/Image/UiRogueSim/IconRogueSimBuff0211.png					7	[3, 2003, 6000]
51206		高级数值道具6	<color=#a46800>椰子</color>的售价+60%	Assets/Product/Texture/Image/UiRogueSim/IconRogueSimBuff0211.png					7	[1, 1003, 6000]
51207		高级数值道具7	<color=#a46800>木材</color>的售价+60%	Assets/Product/Texture/Image/UiRogueSim/IconRogueSimBuff0211.png					7	[2, 1003, 6000]
51208		高级数值道具8	<color=#a46800>石油</color>的售价+60%	Assets/Product/Texture/Image/UiRogueSim/IconRogueSimBuff0211.png					7	[3, 1003, 6000]
51210		高级数值道具9	<color=#a46800>椰子</color>的售价+20%	Assets/Product/Texture/Image/UiRogueSim/IconRogueSimBuff0211.png					7	[1, 1003, 2000]
51211		高级数值道具9	<color=#a46800>木材</color>的售价+20%	Assets/Product/Texture/Image/UiRogueSim/IconRogueSimBuff0211.png					7	[2, 1003, 2000]
51212		高级数值道具9	<color=#a46800>石油</color>的售价+20%	Assets/Product/Texture/Image/UiRogueSim/IconRogueSimBuff0211.png					7	[3, 1003, 2000]
51214		高级数值道具10	<color=#a46800>椰子</color>的库存上限+5000	Assets/Product/Texture/Image/UiRogueSim/IconRogueSimBuff0211.png					7	[1, 2, 5000]
51215		高级数值道具10	<color=#a46800>木材</color>的库存上限+5000	Assets/Product/Texture/Image/UiRogueSim/IconRogueSimBuff0211.png					7	[2, 2, 5000]
51216		高级数值道具10	<color=#a46800>石油</color>的库存上限+5000	Assets/Product/Texture/Image/UiRogueSim/IconRogueSimBuff0211.png					7	[3, 2, 5000]
51218		高级数值道具11	<color=#a46800>椰子</color>的生产效率+20%	Assets/Product/Texture/Image/UiRogueSim/IconRogueSimBuff0211.png					7	[1, 2003, 2000]
51219		高级数值道具11	<color=#a46800>木材</color>的生产效率+20%	Assets/Product/Texture/Image/UiRogueSim/IconRogueSimBuff0211.png					7	[2, 2003, 2000]
51220		高级数值道具11	<color=#a46800>石油</color>的生产效率+20%	Assets/Product/Texture/Image/UiRogueSim/IconRogueSimBuff0211.png					7	[3, 2003, 2000]
51221		高级数值道具12	<color=#a46800>椰子</color>的生产效率+80%	Assets/Product/Texture/Image/UiRogueSim/IconRogueSimBuff0211.png					7	[1, 2003, 8000]
51222		高级数值道具12	<color=#a46800>木材</color>的季度价格波动-40%	Assets/Product/Texture/Image/UiRogueSim/IconRogueSimBuff0211.png					7	[2, 1004, -4000]
51223		高级数值道具13	<color=#a46800>木材</color>的生产效率+80%	Assets/Product/Texture/Image/UiRogueSim/IconRogueSimBuff0211.png					7	[2, 2003, 8000]
51224		高级数值道具13	<color=#a46800>石油</color>的基础售价-1	Assets/Product/Texture/Image/UiRogueSim/IconRogueSimBuff0211.png					7	[3, 1002, -1]
51225		高级数值道具14	<color=#a46800>石油</color>的生产效率+80%	Assets/Product/Texture/Image/UiRogueSim/IconRogueSimBuff0211.png					7	[3, 2003, 8000]
51226		高级数值道具14	<color=#a46800>椰子</color>的售价-20%	Assets/Product/Texture/Image/UiRogueSim/IconRogueSimBuff0211.png					7	[1, 1003, -2000]
52001		普通数值道具1	<color=#a46800>椰子</color>的生产效率+30%	Assets/Product/Texture/Image/UiRogueSim/IconRogueSimBuff0211.png					7	[1, 2003, 3000]
52002		普通数值道具2	<color=#a46800>木材</color>的生产效率+30%	Assets/Product/Texture/Image/UiRogueSim/IconRogueSimBuff0211.png					7	[2, 2003, 3000]
52003		普通数值道具3	<color=#a46800>石油</color>的生产效率+30%	Assets/Product/Texture/Image/UiRogueSim/IconRogueSimBuff0211.png					7	[3, 2003, 3000]
52004		普通数值道具4	<color=#a46800>椰子</color>的售价+30%	Assets/Product/Texture/Image/UiRogueSim/IconRogueSimBuff0211.png					7	[1, 1003, 3000]
52005		普通数值道具5	<color=#a46800>木材</color>的售价+30%	Assets/Product/Texture/Image/UiRogueSim/IconRogueSimBuff0211.png					7	[2, 1003, 3000]
52006		普通数值道具6	<color=#a46800>石油</color>的售价+30%	Assets/Product/Texture/Image/UiRogueSim/IconRogueSimBuff0211.png					7	[3, 1003, 3000]
52007		普通数值道具7	<color=#a46800>椰子</color>的生产效率+40%	Assets/Product/Texture/Image/UiRogueSim/IconRogueSimBuff0211.png					7	[1, 2003, 4000]
52008		普通数值道具7	<color=#a46800>木材</color>的生产效率-10%	Assets/Product/Texture/Image/UiRogueSim/IconRogueSimBuff0211.png					7	[2, 2003, -1000]
52009		普通数值道具8	<color=#a46800>椰子</color>的生产效率+20%	Assets/Product/Texture/Image/UiRogueSim/IconRogueSimBuff0211.png					7	[1, 2003, 2000]
52010		普通数值道具8	<color=#a46800>椰子</color>的售价+10%	Assets/Product/Texture/Image/UiRogueSim/IconRogueSimBuff0211.png					7	[1, 1003, 1000]
52011		普通数值道具9	<color=#a46800>椰子</color>的生产效率+20%	Assets/Product/Texture/Image/UiRogueSim/IconRogueSimBuff0211.png					7	[1, 2003, 2000]
52012		普通数值道具9	<color=#a46800>木材</color>的生产效率+10%	Assets/Product/Texture/Image/UiRogueSim/IconRogueSimBuff0211.png					7	[2, 2003, 1000]
52013		普通数值道具10	<color=#a46800>椰子</color>的生产效率+10%	Assets/Product/Texture/Image/UiRogueSim/IconRogueSimBuff0211.png					7	[1, 2003, 1000]
52014		普通数值道具10	<color=#a46800>石油</color>的生产效率+20%	Assets/Product/Texture/Image/UiRogueSim/IconRogueSimBuff0211.png					7	[3, 2003, 2000]
52015		普通数值道具11	<color=#a46800>石油</color>的生产效率+20%	Assets/Product/Texture/Image/UiRogueSim/IconRogueSimBuff0211.png					7	[3, 2003, 2000]
52016		普通数值道具11	<color=#a46800>石油</color>的售价+10%	Assets/Product/Texture/Image/UiRogueSim/IconRogueSimBuff0211.png					7	[3, 1003, 2000]
52017		普通数值道具12	<color=#a46800>椰子</color>的生产效率-10%	Assets/Product/Texture/Image/UiRogueSim/IconRogueSimBuff0211.png					7	[1, 2003, -1000]
52018		普通数值道具12	<color=#a46800>石油</color>的生产效率+40%	Assets/Product/Texture/Image/UiRogueSim/IconRogueSimBuff0211.png					7	[3, 2003, 4000]
52019		普通数值道具13	<color=#a46800>木材</color>的生产效率+40%	Assets/Product/Texture/Image/UiRogueSim/IconRogueSimBuff0211.png					7	[2, 2003, 4000]
52020		普通数值道具13	<color=#a46800>石油</color>的生产效率-10%	Assets/Product/Texture/Image/UiRogueSim/IconRogueSimBuff0211.png					7	[3, 2003, -1000]
52021		普通数值道具14	<color=#a46800>木材</color>的生产效率+20%	Assets/Product/Texture/Image/UiRogueSim/IconRogueSimBuff0211.png					7	[2, 2003, 2000]
52022		普通数值道具14	<color=#a46800>木材</color>的售价+10%	Assets/Product/Texture/Image/UiRogueSim/IconRogueSimBuff0211.png					7	[2, 1003, 1000]
52023		普通数值道具15	<color=#a46800>木材</color>的生产效率+20%	Assets/Product/Texture/Image/UiRogueSim/IconRogueSimBuff0211.png					7	[2, 2003, 2000]
52024		普通数值道具15	<color=#a46800>石油</color>的生产效率+10%	Assets/Product/Texture/Image/UiRogueSim/IconRogueSimBuff0211.png					7	[3, 2003, 1000]
52101		普通道具1	探索获得的金贝量+30%	Assets/Product/Texture/Image/UiRogueSim/IconRogueSimBuff0211.png					20	[8, 3000]
52102		普通道具2	探索获得的行商经验+20%	Assets/Product/Texture/Image/UiRogueSim/IconRogueSimBuff0211.png					20	[5, 2000]
52104		普通道具3	<color=#a46800>椰子</color>的库存上限+2000	Assets/Product/Texture/Image/UiRogueSim/IconRogueSimBuff0211.png					7	[1, 2, 2000]
52106		普通道具4	<color=#a46800>木材</color>的库存上限+2000	Assets/Product/Texture/Image/UiRogueSim/IconRogueSimBuff0211.png					7	[2, 2, 2000]
52108		普通道具5	<color=#a46800>石油</color>的库存上限+2000	Assets/Product/Texture/Image/UiRogueSim/IconRogueSimBuff0211.png					7	[3, 2, 2000]
52109		数值修改:中级道具21	每过1季度，<b>所有商品</b>的库存上限+100	Assets/Product/Texture/Image/UiRogueSim/IconRogueSimBuff0211.png					21	[0, 1, 52112]
52110		数值修改:中级道具21	每过1季度，<b>所有商品</b>的库存上限+100	Assets/Product/Texture/Image/UiRogueSim/IconRogueSimBuff0211.png					21	[0, 1, 52113]
52111		数值修改:中级道具21	每过1季度，<b>所有商品</b>的库存上限+100	Assets/Product/Texture/Image/UiRogueSim/IconRogueSimBuff0211.png					21	[0, 1, 52114]
52112		普通道具6效果	<color=#a46800>椰子</color>的库存上限+100	Assets/Product/Texture/Image/UiRogueSim/IconRogueSimBuff0211.png					7	[1, 2, 100]
52113		普通道具6效果	<color=#a46800>木材</color>的库存上限+100	Assets/Product/Texture/Image/UiRogueSim/IconRogueSimBuff0211.png					7	[2, 2, 100]
52114		普通道具6效果	<color=#a46800>石油</color>的库存上限+100	Assets/Product/Texture/Image/UiRogueSim/IconRogueSimBuff0211.png					7	[3, 2, 100]
52115		普通道具7	椰子的售价+5%；完成城邦任务超过3个，额外+8%	Assets/Product/Texture/Image/UiRogueSim/IconRogueSimBuff0211.png					7	[1, 1003, 500]
52116	51002	普通道具7	满足条件额外+8%	Assets/Product/Texture/Image/UiRogueSim/IconRogueSimBuff0211.png					7	[1, 1003, 800]
52117		普通道具8	木材的售价+5%；完成城邦任务超过3个，额外+8%	Assets/Product/Texture/Image/UiRogueSim/IconRogueSimBuff0211.png					7	[2, 1003, 500]
52118	51002	普通道具8	满足条件额外+8%	Assets/Product/Texture/Image/UiRogueSim/IconRogueSimBuff0211.png					7	[2, 1003, 800]
52119		普通道具9	石油的售价+5%；完成城邦任务超过3个，额外+8%	Assets/Product/Texture/Image/UiRogueSim/IconRogueSimBuff0211.png					7	[3, 1003, 500]
52120	51002	普通道具9	满足条件额外+8%	Assets/Product/Texture/Image/UiRogueSim/IconRogueSimBuff0211.png					7	[3, 1003, 500]
52121		普通道具10	椰子的生产效率加成+5%；主城超过5级，额外+8%	Assets/Product/Texture/Image/UiRogueSim/IconRogueSimBuff0211.png					7	[1, 2003, 500]
52122	51003	普通道具10	满足条件额外+8%	Assets/Product/Texture/Image/UiRogueSim/IconRogueSimBuff0211.png					7	[1, 2003, 1000]
52123		普通道具11	木材的生产效率加成+5%；主城超过5级，额外+8%	Assets/Product/Texture/Image/UiRogueSim/IconRogueSimBuff0211.png					7	[2, 2003, 500]
52124	51003	普通道具11	满足条件额外+8%	Assets/Product/Texture/Image/UiRogueSim/IconRogueSimBuff0211.png					7	[2, 2003, 1000]
52125		普通道具12	石油的生产效率加成+5%；主城超过5级，额外+8%	Assets/Product/Texture/Image/UiRogueSim/IconRogueSimBuff0211.png					7	[3, 2003, 500]
52126	51003	普通道具12	满足条件额外+8%	Assets/Product/Texture/Image/UiRogueSim/IconRogueSimBuff0211.png					7	[3, 2003, 800]
53001		数值新增:低级数值道具1	<color=#a46800>椰子</color>的生产效率+10%	Assets/Product/Texture/Image/UiRogueSim/IconRogueSimBuff0211.png					7	[1, 2003, 1000]
53002		数值新增:低级数值道具2	<color=#a46800>木材</color>的生产效率+10%	Assets/Product/Texture/Image/UiRogueSim/IconRogueSimBuff0211.png					7	[2, 2003, 1000]
53003		数值新增:低级数值道具3	<color=#a46800>石油</color>的生产效率+10%	Assets/Product/Texture/Image/UiRogueSim/IconRogueSimBuff0211.png					7	[3, 2003, 1000]
53004		数值新增:低级数值道具4	<color=#a46800>椰子</color>的售价+10%	Assets/Product/Texture/Image/UiRogueSim/IconRogueSimBuff0211.png					7	[1, 1003, 1000]
53005		数值新增:低级数值道具5	<color=#a46800>木材</color>的售价+10%	Assets/Product/Texture/Image/UiRogueSim/IconRogueSimBuff0211.png					7	[2, 1003, 1000]
53006		数值新增:低级数值道具6	<color=#a46800>石油</color>的售价+10%	Assets/Product/Texture/Image/UiRogueSim/IconRogueSimBuff0211.png					7	[3, 1003, 1000]
53007		数值新增:低级数值道具7	<color=#a46800>椰子</color>的库存上限+500	Assets/Product/Texture/Image/UiRogueSim/IconRogueSimBuff0211.png					7	[1, 2, 500]
53008		数值新增:低级数值道具8	<color=#a46800>木材</color>的库存上限+5000	Assets/Product/Texture/Image/UiRogueSim/IconRogueSimBuff0211.png					7	[2, 2, 5000]
53009		数值新增:低级数值道具9	<color=#a46800>石油</color>的库存上限+250	Assets/Product/Texture/Image/UiRogueSim/IconRogueSimBuff0211.png					7	[3, 2, 250]
53010		数值新增:低级数值道具10	<color=#a46800>椰子</color>的生产效率+15%，但售价-5%	Assets/Product/Texture/Image/UiRogueSim/IconRogueSimBuff0211.png					7	[1, 2003, 1500, 1, 1003, -500]
53011		数值新增:低级数值道具11	<color=#a46800>木材</color>的生产效率+15%，但售价-5%	Assets/Product/Texture/Image/UiRogueSim/IconRogueSimBuff0211.png					7	[2, 2003, 1500, 2, 1003, -500]
53012		数值新增:低级数值道具12	<color=#a46800>石油</color>的生产效率+15%，但售价-5%	Assets/Product/Texture/Image/UiRogueSim/IconRogueSimBuff0211.png					7	[3, 2003, 1500, 3, 1003, -500]
53013		数值新增:低级数值道具13	<color=#a46800>椰子</color>的生产效率<color=#FF0000>+15%</color>，但库存上限<color=#16D100>-200</color>	Assets/Product/Texture/Image/UiRogueSim/IconRogueSimBuff0211.png					7	[1, 2003, 1500, 1, 2, -1000]
53014		数值新增:低级数值道具14	<color=#a46800>木材</color>的生产效率<color=#FF0000>+15%</color>，但库存上限<color=#16D100>-1600</color>	Assets/Product/Texture/Image/UiRogueSim/IconRogueSimBuff0211.png					7	[2, 2003, 1500, 2, 2, -1000]
53015		数值新增:低级数值道具15	<color=#a46800>石油</color>的生产效率<color=#FF0000>+15%</color>，但库存上限<color=#16D100>-90</color>	Assets/Product/Texture/Image/UiRogueSim/IconRogueSimBuff0211.png					7	[3, 2003, 1500, 3, 2, -1000]
53016		数值新增:低级数值道具16	2季度内，<color=#a46800>椰子</color>的生产效率+40%	Assets/Product/Texture/Image/UiRogueSim/IconRogueSimBuff0211.png					7	[1, 2003, 4000]
53017		数值新增:低级数值道具17	2季度内，<color=#a46800>木材</color>的生产效率+40%	Assets/Product/Texture/Image/UiRogueSim/IconRogueSimBuff0211.png					7	[2, 2003, 4000]
53018		数值新增:低级数值道具18	2季度内，<color=#a46800>石油</color>的生产效率+40%	Assets/Product/Texture/Image/UiRogueSim/IconRogueSimBuff0211.png					7	[3, 2003, 4000]
53019		数值新增:低级数值道具19	2季度内，<color=#a46800>椰子</color>的售价+40%	Assets/Product/Texture/Image/UiRogueSim/IconRogueSimBuff0211.png					7	[1, 1003, 4000]
53020		数值新增:低级数值道具20	2季度内，<color=#a46800>木材</color>的售价+40%	Assets/Product/Texture/Image/UiRogueSim/IconRogueSimBuff0211.png					7	[2, 1003, 4000]
53021		数值新增:低级数值道具21	2季度内，<color=#a46800>石油</color>的售价+40%	Assets/Product/Texture/Image/UiRogueSim/IconRogueSimBuff0211.png					7	[3, 1003, 4000]
53022		数值新增:低级数值道具22	<b>所有商品</b>的季度价格波动上限+10%	Assets/Product/Texture/Image/UiRogueSim/IconRogueSimBuff0211.png					7	[1, 1007, 1000, 2, 1007, 1000, 3, 1007, 1000]
53023		数值新增:低级数值道具23	<b>所有商品</b>的季度价格波动上限+15%，下限-15%	Assets/Product/Texture/Image/UiRogueSim/IconRogueSimBuff0211.png					7	[1, 1007, 1500, 1, 1008, -1500, 2, 1007, 1500, 2, 1008, -1500, 3, 1007, 1500, 3, 1008, -1500]
53024		数值新增:低级数值道具24	<b>所有商品</b>的季度价格波动下限+10%	Assets/Product/Texture/Image/UiRogueSim/IconRogueSimBuff0211.png					7	[1, 1008, 1000, 2, 1008, 1000, 3, 1008, 1000]
53025		数值新增:低级数值道具14	<b>所有商品</b>的最终售价额外+2，此加成可以暴击	Assets/Product/Texture/Image/UiRogueSim/IconRogueSimBuff0211.png					7	[1, 1002, 2, 2, 1002, 2, 3, 1002, 2]
54001		数值新增:中级数值道具1	<color=#a46800>椰子</color>的生产效率+20%	Assets/Product/Texture/Image/UiRogueSim/IconRogueSimBuff0211.png					7	[1, 2003, 2000]
54002		数值新增:中级数值道具2	<color=#a46800>木材</color>的生产效率+20%	Assets/Product/Texture/Image/UiRogueSim/IconRogueSimBuff0211.png					7	[2, 2003, 2000]
54003		数值新增:中级数值道具3	<color=#a46800>石油</color>的生产效率+20%	Assets/Product/Texture/Image/UiRogueSim/IconRogueSimBuff0211.png					7	[3, 2003, 2000]
54004		数值新增:中级数值道具4	<color=#a46800>椰子</color>的售价+20%	Assets/Product/Texture/Image/UiRogueSim/IconRogueSimBuff0211.png					7	[1, 1003, 2000]
54005		数值新增:中级数值道具5	<color=#a46800>木材</color>的售价+20%	Assets/Product/Texture/Image/UiRogueSim/IconRogueSimBuff0211.png					7	[2, 1003, 2000]
54006		数值新增:中级数值道具6	<color=#a46800>石油</color>的售价+20%	Assets/Product/Texture/Image/UiRogueSim/IconRogueSimBuff0211.png					7	[3, 1003, 2000]
54007		数值新增:中级数值道具7	<color=#a46800>椰子</color>的库存上限+1000	Assets/Product/Texture/Image/UiRogueSim/IconRogueSimBuff0211.png					7	[1, 2, 1000]
54008		数值新增:中级数值道具8	<color=#a46800>木材</color>的库存上限+10000	Assets/Product/Texture/Image/UiRogueSim/IconRogueSimBuff0211.png					7	[2, 2, 10000]
54009		数值新增:中级数值道具9	<color=#a46800>石油</color>的库存上限+500	Assets/Product/Texture/Image/UiRogueSim/IconRogueSimBuff0211.png					7	[3, 2, 500]
54010		数值新增:中级数值道具10	<color=#a46800>椰子</color>的生产效率+50%，但售价-10%	Assets/Product/Texture/Image/UiRogueSim/IconRogueSimBuff0211.png					7	[1, 2003, 2500, 1, 1003, -1000]
54011		数值新增:中级数值道具11	<color=#a46800>木材</color>的生产效率+50%，但售价-10%	Assets/Product/Texture/Image/UiRogueSim/IconRogueSimBuff0211.png					7	[2, 2003, 2500, 2, 1003, -1000]
54012		数值新增:中级数值道具12	<color=#a46800>石油</color>的生产效率+50%，但售价-10%	Assets/Product/Texture/Image/UiRogueSim/IconRogueSimBuff0211.png					7	[3, 2003, 2500, 3, 1003, -1000]
54013		数值新增:中级数值道具13	<color=#a46800>椰子</color>的生产效率<color=#FF0000>+30%</color>，且库存上限<color=#FF0000>+200</color>	Assets/Product/Texture/Image/UiRogueSim/IconRogueSimBuff0211.png					7	[1, 2003, 1500, 1, 1002, 2]
54014		数值新增:中级数值道具14	<color=#a46800>木材</color>的生产效率<color=#FF0000>+30%</color>，且库存上限<color=#FF0000>+1600</color>	Assets/Product/Texture/Image/UiRogueSim/IconRogueSimBuff0211.png					7	[2, 2003, 1500, 2, 1002, 1]
54015		数值新增:中级数值道具15	<color=#a46800>石油</color>的生产效率<color=#FF0000>+30%</color>，且库存上限<color=#FF0000>+90</color>	Assets/Product/Texture/Image/UiRogueSim/IconRogueSimBuff0211.png					7	[3, 2003, 1500, 3, 1002, 4]
54016		数值新增:中级数值道具16	3季度内，<color=#a46800>椰子</color>的生产效率+60%	Assets/Product/Texture/Image/UiRogueSim/IconRogueSimBuff0211.png					7	[1, 2003, 6000]
54017		数值新增:中级数值道具17	3季度内，<color=#a46800>木材</color>的生产效率+60%	Assets/Product/Texture/Image/UiRogueSim/IconRogueSimBuff0211.png					7	[2, 2003, 6000]
54018		数值新增:中级数值道具18	3季度内，<color=#a46800>石油</color>的生产效率+60%	Assets/Product/Texture/Image/UiRogueSim/IconRogueSimBuff0211.png					7	[3, 2003, 6000]
54019		数值新增:中级数值道具19	3季度内，<color=#a46800>椰子</color>的售价+60%	Assets/Product/Texture/Image/UiRogueSim/IconRogueSimBuff0211.png					7	[1, 1003, 6000]
54020		数值新增:中级数值道具20	3季度内，<color=#a46800>木材</color>的售价+60%	Assets/Product/Texture/Image/UiRogueSim/IconRogueSimBuff0211.png					7	[2, 1003, 6000]
54021		数值新增:中级数值道具21	3季度内，<color=#a46800>石油</color>的售价+60%	Assets/Product/Texture/Image/UiRogueSim/IconRogueSimBuff0211.png					7	[3, 1003, 6000]
54022		数值新增:中级数值道具22	<b>所有商品</b>的季度价格波动上限+5%，下限+5%	Assets/Product/Texture/Image/UiRogueSim/IconRogueSimBuff0211.png					7	[1, 1007, 500, 2, 1007, 500, 3, 1007, 500, 1, 1008, 500, 2, 1008, 500, 3, 1008, 500]
54023		数值新增:中级数值道具23	<b>所有商品</b>的季度价格波动上限+25%，下限-10%	Assets/Product/Texture/Image/UiRogueSim/IconRogueSimBuff0211.png					7	[1, 1007, 1500, 1, 1008, -800, 2, 1007, 1500, 2, 1008, -800, 3, 1007, 1500, 3, 1008, -800]
54024		数值新增:中级数值道具24	<b>所有商品</b>的季度价格波动下限+15%	Assets/Product/Texture/Image/UiRogueSim/IconRogueSimBuff0211.png					7	[1, 1008, 1500, 2, 1008, 1500, 3, 1008, 1500]
54025		数值新增:中级数值道具25	<color=#a46800>椰子</color>的生产暴击概率+10%	Assets/Product/Texture/Image/UiRogueSim/IconRogueSimBuff0211.png					7	[1, 2005, 500]
54026		数值新增:中级数值道具26	<color=#a46800>木材</color>的生产暴击概率+10%	Assets/Product/Texture/Image/UiRogueSim/IconRogueSimBuff0211.png					7	[2, 2005, 500]
54027		数值新增:中级数值道具27	<color=#a46800>石油</color>的生产暴击概率+10%	Assets/Product/Texture/Image/UiRogueSim/IconRogueSimBuff0211.png					7	[3, 2005, 500]
54028		数值新增:中级数值道具28	<color=#a46800>椰子</color>的销售暴击概率+10%	Assets/Product/Texture/Image/UiRogueSim/IconRogueSimBuff0211.png					7	[1, 1005, 500]
54029		数值新增:中级数值道具29	<color=#a46800>木材</color>的销售暴击概率+10%	Assets/Product/Texture/Image/UiRogueSim/IconRogueSimBuff0211.png					7	[2, 1005, 500]
54030		数值新增:中级数值道具30	<color=#a46800>石油</color>的销售暴击概率+10%	Assets/Product/Texture/Image/UiRogueSim/IconRogueSimBuff0211.png					7	[3, 1005, 500]
54031		数值新增:中级数值道具30	<b>所有商品</b>的最终售价额外+4，此加成可以暴击	Assets/Product/Texture/Image/UiRogueSim/IconRogueSimBuff0211.png					7	[1, 1002, 4, 2, 1002, 4, 3, 1002, 4]
55001		数值新增:高级数值道具1	<b>所有商品</b>的生产效率+30%	Assets/Product/Texture/Image/UiRogueSim/IconRogueSimBuff0211.png					7	[1, 2003, 3000, 2, 2003, 3000, 3, 2003, 3000]
55002		数值新增:高级数值道具2	<b>所有商品</b>的售价+30%	Assets/Product/Texture/Image/UiRogueSim/IconRogueSimBuff0211.png					7	[1, 1003, 3000, 2, 1003, 3000, 3, 1003, 3000]
55003		数值新增:高级数值道具3	<b>所有商品</b>的库存上限+99999	Assets/Product/Texture/Image/UiRogueSim/IconRogueSimBuff0211.png					7	[1, 2, 99999, 2, 2, 99999, 3, 2, 99999]
55004		数值新增:高级数值道具4	<b>所有商品</b>生产暴击概率+10%	Assets/Product/Texture/Image/UiRogueSim/IconRogueSimBuff0211.png					7	[1, 2005, 1000, 2, 2005, 1000, 3, 2005, 1000]
55005		数值新增:高级数值道具5	<b>所有商品</b>销售暴击概率+10%	Assets/Product/Texture/Image/UiRogueSim/IconRogueSimBuff0211.png					7	[1, 1005, 1000, 2, 1005, 1000, 3, 1005, 1000]
55006		数值新增:高级数值道具6	<color=#a46800>椰子</color>的生产效率+8%，售价+8%，生产暴击概率+5%，销售暴击概率+5%	Assets/Product/Texture/Image/UiRogueSim/IconRogueSimBuff0211.png					7	[1, 2003, 800, 1, 1003, 800, 1, 2005, 500, 1, 1005, 500]
55007		数值新增:高级数值道具7	<color=#a46800>木材</color>的生产效率+8%，售价+8%，生产暴击概率+5%，销售暴击概率+5%	Assets/Product/Texture/Image/UiRogueSim/IconRogueSimBuff0211.png					7	[2, 2003, 800, 2, 1003, 800, 2, 2005, 500, 2, 1005, 500]
55008		数值新增:高级数值道具8	<color=#a46800>石油</color>的生产效率+8%，售价+8%，生产暴击概率+5%，销售暴击概率+5%	Assets/Product/Texture/Image/UiRogueSim/IconRogueSimBuff0211.png					7	[3, 2003, 800, 3, 1003, 800, 3, 2005, 500, 3, 1005, 500]
55009		数值新增:高级数值道具9	<b>所有商品</b>的季度价格波动上限+15%，且下限+15%	Assets/Product/Texture/Image/UiRogueSim/IconRogueSimBuff0211.png					7	[1, 1007, 1500, 2, 1007, 1500, 3, 1007, 1500, 1, 1008, 1500, 2, 1008, 1500, 3, 1008, 1500]
55010		数值新增:高级数值道具10	<b>所有商品</b>的季度价格波动下限+30%	Assets/Product/Texture/Image/UiRogueSim/IconRogueSimBuff0211.png					7	[1, 1008, 3000, 2, 1008, 3000, 3, 1008, 3000]
55011		数值新增:高级数值道具11	<b>所有商品</b>的季度价格波动上限+50%，下限-30%	Assets/Product/Texture/Image/UiRogueSim/IconRogueSimBuff0211.png					7	[1, 1007, 5000, 1, 1008, -3000, 2, 1007, 5000, 2, 1008, -3000, 3, 1007, 5000, 3, 1008, -3000]
55012		数值新增:高级数值道具12	<b>所有商品</b>的最终售价额外+8，此加成可以暴击	Assets/Product/Texture/Image/UiRogueSim/IconRogueSimBuff0211.png					7	[1, 1002, 8, 2, 1002, 8, 3, 1002, 8]
56001		数值保留:高级道具6	<color=#a46800>椰子</color>出售时，必定采用自身的季度价格波动上限值	Assets/Product/Texture/Image/UiRogueSim/IconRogueSimBuff0211.png					13	[1]
56002		数值保留:高级道具6	<color=#a46800>木材</color>出售时，必定采用自身的季度价格波动上限值	Assets/Product/Texture/Image/UiRogueSim/IconRogueSimBuff0211.png					13	[2]
56003		数值保留:高级道具6	<color=#a46800>石油</color>出售时，必定采用自身的季度价格波动上限值	Assets/Product/Texture/Image/UiRogueSim/IconRogueSimBuff0211.png					13	[3]
56004		数值保留:高级道具7	每累计出售1000单位<color=#a46800>椰子</color>，<color=#a46800>椰子</color>的售价+3%	Assets/Product/Texture/Image/UiRogueSim/IconRogueSimBuff0211.png					8	[1, 1, 1000, 1003, 300, 100]
56005		数值保留:高级道具7	每累计出售1000单位<color=#a46800>木材</color>，<color=#a46800>木材</color>的售价+3%	Assets/Product/Texture/Image/UiRogueSim/IconRogueSimBuff0211.png					8	[1, 2, 1000, 1003, 300, 100]
56006		数值保留:高级道具7	每累计出售1000单位<color=#a46800>石油</color>，<color=#a46800>石油</color>的售价+3%	Assets/Product/Texture/Image/UiRogueSim/IconRogueSimBuff0211.png					8	[1, 3, 1000, 1003, 300, 100]
56007		数值保留:高级道具8	每累计生产1000单位<color=#a46800>椰子</color>，<color=#a46800>椰子</color>的生产效率+3%	Assets/Product/Texture/Image/UiRogueSim/IconRogueSimBuff0211.png					8	[2, 1, 1000, 2003, 300, 100]
56008		数值保留:高级道具8	每累计生产1000单位<color=#a46800>木材</color>，<color=#a46800>木材</color>的生产效率+3%	Assets/Product/Texture/Image/UiRogueSim/IconRogueSimBuff0211.png					8	[2, 2, 1000, 2003, 300, 100]
56009		数值保留:高级道具8	每累计生产1000单位<color=#a46800>石油</color>，<color=#a46800>石油</color>的生产效率+3%	Assets/Product/Texture/Image/UiRogueSim/IconRogueSimBuff0211.png					8	[2, 3, 1000, 2003, 300, 100]
56010		数值保留:高级道具9	<color=#a46800>椰子</color>的生产暴击概率会为<color=#a46800>椰子</color>+等量销售暴击概率	Assets/Product/Texture/Image/UiRogueSim/IconRogueSimBuff0211.png					14	[1, 2005, 100, 1005, 50]
56011		数值保留:高级道具10	<color=#a46800>木材</color>的生产暴击概率会为<color=#a46800>木材</color>+等量销售暴击概率	Assets/Product/Texture/Image/UiRogueSim/IconRogueSimBuff0211.png					14	[2, 2005, 100, 1005, 50]
56012		数值保留:高级道具11	<color=#a46800>石油</color>的生产暴击概率会为<color=#a46800>石油</color>+等量销售暴击概率	Assets/Product/Texture/Image/UiRogueSim/IconRogueSimBuff0211.png					14	[3, 2005, 100, 1005, 50]
56015		数值保留:高级道具13	主城消耗金贝-20%	Assets/Product/Texture/Image/UiRogueSim/IconRogueSimBuff0211.png					20	[3, 2000]
56016		高级道具	<color=#a46800>椰子</color>的销售暴击概率会为<color=#a46800>椰子</color>+等量生产暴击概率	Assets/Product/Texture/Image/UiRogueSim/IconRogueSimBuff0211.png					14	[1, 1005, 100, 2005, 50]
56017		高级道具	<color=#a46800>木材</color>的销售暴击概率会为<color=#a46800>木材</color>+等量生产暴击概率	Assets/Product/Texture/Image/UiRogueSim/IconRogueSimBuff0211.png					14	[2, 1005, 100, 2005, 50]
56018		高级道具	<color=#a46800>石油</color>的销售暴击概率会为<color=#a46800>石油</color>+等量生产暴击概率	Assets/Product/Texture/Image/UiRogueSim/IconRogueSimBuff0211.png					14	[3, 1005, 100, 2005, 50]
57001		数值修改:高级道具1-特殊事件投放	每季度开始，当前<color=#a46800>椰子</color>数量点<color=#FF0000>+10%</color>	Assets/Product/Texture/Image/UiRogueSim/IconRogueSimBuff0211.png					12	[1, 1, 2, 500]
57002		数值修改:高级道具1-特殊事件投放	每季度开始，当前<color=#a46800>木材</color>数量点<color=#FF0000>+10%</color>	Assets/Product/Texture/Image/UiRogueSim/IconRogueSimBuff0211.png					12	[1, 2, 2, 500]
57003		数值修改:高级道具1-特殊事件投放	每季度开始，当前<color=#a46800>石油</color>数量点<color=#FF0000>+10%</color>	Assets/Product/Texture/Image/UiRogueSim/IconRogueSimBuff0211.png					12	[1, 3, 2, 500]
100001		精灵祝福	2季度内，<color=#a46800>椰子</color>的生产效率+10%，售价+10%	Assets/Product/Texture/Image/UiRogueSim/IconRogueSimBuff0121.png			2		7	[1, 2003, 1000, 1, 1003, 1000]
100002		精灵祝福	2季度内，<color=#a46800>木材</color>的生产效率+10%，售价+10%	Assets/Product/Texture/Image/UiRogueSim/IconRogueSimBuff0131.png			2		7	[2, 2003, 1000, 2, 1003, 1000]
100003		精灵祝福	2季度内，<color=#a46800>石油</color>的生产效率+10%，售价+10%	Assets/Product/Texture/Image/UiRogueSim/IconRogueSimBuff0141.png			2		7	[3, 2003, 1000, 3, 1003, 1000]
100004		精灵祝福	2季度内，<b>所有商品</b>的季度价格波动上限+10%，下限+10%	Assets/Product/Texture/Image/UiRogueSim/IconRogueSimBuff0211.png			2		7	[1, 1007, 1000, 2, 1007, 1000, 3, 1007, 1000, 1, 1008, 1000, 2, 1008, 1000, 3, 1008, 1000]
100006		精灵祝福	下季度开始时，<color=#a46800>椰子</color>的库存数量增加10%	Assets/Product/Texture/Image/UiRogueSim/IconRogueSimBuff0021.png			2		12	[1, 1, 2, 1000]
100007		精灵祝福	下季度开始时，<color=#a46800>木材</color>的库存数量增加10%	Assets/Product/Texture/Image/UiRogueSim/IconRogueSimBuff0031.png			2		12	[1, 2, 2, 1000]
100008		精灵祝福	下季度开始时，<color=#a46800>石油</color>的库存数量增加10%	Assets/Product/Texture/Image/UiRogueSim/IconRogueSimBuff0041.png			2		12	[1, 3, 2, 1000]
100009		精灵祝福	本季度内，<b>所有商品</b>的生产销售均必定暴击	Assets/Product/Texture/Image/UiRogueSim/IconRogueSimBuff0311.png			1		7	[1, 2005, 10000, 1, 1005, 10000, 2, 2005, 10000, 2, 1005, 10000, 3, 2005, 10000, 3, 1005, 10000]
100011		精灵祝福	下季度开始时，<color=#a46800>椰子</color>的库存数量增加10%	Assets/Product/Texture/Image/UiRogueSim/IconRogueSimBuff0021.png			1		21	[0, 50, 100006]
100012		精灵祝福	下季度开始时，<color=#a46800>木材</color>的库存数量增加10%	Assets/Product/Texture/Image/UiRogueSim/IconRogueSimBuff0031.png			1		21	[0, 50, 100007]
100013		精灵祝福	下季度开始时，<color=#a46800>石油</color>的库存数量增加10%	Assets/Product/Texture/Image/UiRogueSim/IconRogueSimBuff0041.png			1		21	[0, 50, 100008]
51020401		声名远扬	2个季度内，<b>所有商品</b>售价+20%	Assets/Product/Texture/Image/UiRogueSim/IconRogueSimBuff0211.png			2		7	[1, 1003, 2000, 2, 1003, 2000, 3, 1003, 2000]
51020501		内部团结	2个季度内，<b>所有商品</b>生产效率+20%	Assets/Product/Texture/Image/UiRogueSim/IconRogueSimBuff0111.png			2		7	[1, 2003, 2000, 2, 2003, 2000, 3, 2003, 2000]
51020701		内部团结	2个季度内，<b>所有商品</b>生产效率+20%	Assets/Product/Texture/Image/UiRogueSim/IconRogueSimBuff0111.png			2		7	[1, 2003, 2000, 2, 2003, 2000, 3, 2003, 2000]
51020801		潜龙之助	5个季度内，<b>所有商品</b>生产效率+20%	Assets/Product/Texture/Image/UiRogueSim/IconRogueSimBuff0111.png			5		7	[1, 2003, 2000, 2, 2003, 2000, 3, 2003, 2000]
51120101		废弃效果	1个季度内，<b>所有商品</b>生产效率-10%，售价-10%	Assets/Product/Texture/Image/UiRogueSim/IconRogueSimBuff0111.png			2		7	[1, 2003, -1000, 2, 2003, -1000, 3, 2003, -1000, 1, 1003, -1000, 2, 1003, -1000, 3, 1003, -1000]
51120201		内部团结	2个季度内，<b>所有商品</b>生产效率+20%	Assets/Product/Texture/Image/UiRogueSim/IconRogueSimBuff0111.png			2		7	[1, 2003, 2000, 2, 2003, 2000, 3, 2003, 2000]
51120401		内部团结	2个季度内，<b>所有商品</b>生产效率+20%	Assets/Product/Texture/Image/UiRogueSim/IconRogueSimBuff0111.png			2		7	[1, 2003, 2000, 2, 2003, 2000, 3, 2003, 2000]
51120501		潜龙之助	5个季度内，<b>所有商品</b>生产效率+20%	Assets/Product/Texture/Image/UiRogueSim/IconRogueSimBuff0111.png			5		7	[1, 2003, 2000, 2, 2003, 2000, 3, 2003, 2000]
51030201		潜龙之助	5个季度内，<b>所有商品</b>生产效率+30%	Assets/Product/Texture/Image/UiRogueSim/IconRogueSimBuff0111.png			5		7	[1, 2003, 3000, 2, 2003, 3000, 3, 2003, 3000]
51030401		潜龙在握	5个季度内，<b>所有商品</b>生产效率+50%	Assets/Product/Texture/Image/UiRogueSim/IconRogueSimBuff0111.png			5		7	[1, 2003, 5000, 2, 2003, 5000, 3, 2003, 5000]
51130201		潜龙在握	5个季度内，<b>所有商品</b>生产效率+30%	Assets/Product/Texture/Image/UiRogueSim/IconRogueSimBuff0111.png			5		7	[1, 2003, 3000, 2, 2003, 3000, 3, 2003, 3000]
61010201		谨慎	1个季度内，<b>所有商品</b>的生产效率-10%，售价+10%	Assets/Product/Texture/Image/UiRogueSim/IconRogueSimBuff0211.png			1		7	[1, 2003, -1000, 2, 2003, -1000, 3, 2003, -1000, 1, 1003, 1000, 2, 1003, 1000, 3, 1003, 1000]
61010202		谨慎	1个季度内，<b>所有商品</b>的生产效率-10%，售价+10%	Assets/Product/Texture/Image/UiRogueSim/IconRogueSimBuff0211.png			1		7	[1, 2003, -1000, 2, 2003, -1000, 3, 2003, -1000, 1, 1003, 1000, 2, 1003, 1000, 3, 1003, 1000]
61020202		梁上有人	2个季度内，<b>所有商品</b>生产效率-20%	Assets/Product/Texture/Image/UiRogueSim/IconRogueSimBuff0112.png			2		7	[1, 2003, -2000, 2, 2003, -2000, 3, 2003, -2000]
61020301		梁上有人	2个季度内，<b>所有商品</b>生产效率-20%	Assets/Product/Texture/Image/UiRogueSim/IconRogueSimBuff0112.png			2		7	[1, 2003, -2000, 2, 2003, -2000, 3, 2003, -2000]
61020501		梁上有人	2个季度内，<b>所有商品</b>生产效率-20%	Assets/Product/Texture/Image/UiRogueSim/IconRogueSimBuff0112.png			2		7	[1, 2003, -2000, 2, 2003, -2000, 3, 2003, -2000]
200001		市场波动	2季度内，<color=#a46800>椰子</color>季度价格波动上下限<color=#FF0000>+15%</color>	Assets/Product/Texture/Image/UiRogueSim/IconRogueSimBuff0211.png			2		7	[1, 1007, 1500, 1, 1008, 1500]
200002		市场波动	2季度内，<color=#a46800>椰子</color>季度价格波动上下限<color=#FF0000>+10%</color>，<color=#a46800>木材</color>季度价格波动上下限<color=#FF0000>+5%</color>	Assets/Product/Texture/Image/UiRogueSim/IconRogueSimBuff0211.png			2		7	[1, 1007, 1000, 2, 1008, 500, 1, 1007, 1000, 2, 1008, 500]
200003		市场波动	2季度内，<color=#a46800>椰子</color>季度价格波动上下限<color=#FF0000>+10%</color>，<color=#a46800>石油</color>季度价格波动上下限<color=#FF0000>+5%</color>	Assets/Product/Texture/Image/UiRogueSim/IconRogueSimBuff0211.png			2		7	[1, 1007, 1000, 3, 1008, 500, 1, 1007, 1000, 3, 1008, 500]
200004		市场波动	2季度内，<color=#a46800>椰子</color>季度价格波动上下限<color=#FF0000>+5%</color>，<color=#a46800>木材</color>季度价格波动上下限<color=#FF0000>+5%</color>	Assets/Product/Texture/Image/UiRogueSim/IconRogueSimBuff0211.png			2		7	[1, 1007, 500, 2, 1008, 500, 1, 1007, 500, 2, 1008, 500]
200005		市场波动	2季度内，<color=#a46800>椰子</color>季度价格波动上下限<color=#FF0000>+5%</color>，<color=#a46800>石油</color>季度价格波动上下限<color=#FF0000>+5%</color>	Assets/Product/Texture/Image/UiRogueSim/IconRogueSimBuff0211.png			2		7	[1, 1007, 500, 3, 1008, 500, 1, 1007, 500, 3, 1008, 500]
200006		市场波动	2季度内，<color=#a46800>椰子</color>季度价格波动上下限<color=#16D100>-5%</color>	Assets/Product/Texture/Image/UiRogueSim/IconRogueSimBuff0312.png			2		7	[1, 1007, -500, 1, 1008, -500]
200011		市场波动	2季度内，<color=#a46800>木材</color>季度价格波动上下限<color=#FF0000>+15%</color>	Assets/Product/Texture/Image/UiRogueSim/IconRogueSimBuff0211.png			2		7	[2, 1007, 1500, 2, 1008, 1500]
200012		市场波动	2季度内，<color=#a46800>木材</color>季度价格波动上下限<color=#FF0000>+10%</color>，<color=#a46800>椰子</color>季度价格波动上下限<color=#FF0000>+5%</color>	Assets/Product/Texture/Image/UiRogueSim/IconRogueSimBuff0211.png			2		7	[2, 1007, 1000, 1, 1008, 500, 2, 1007, 1000, 1, 1008, 500]
200013		市场波动	2季度内，<color=#a46800>木材</color>季度价格波动上下限<color=#FF0000>+10%</color>，<color=#a46800>石油</color>季度价格波动上下限<color=#FF0000>+5%</color>	Assets/Product/Texture/Image/UiRogueSim/IconRogueSimBuff0211.png			2		7	[2, 1007, 1000, 3, 1008, 500, 2, 1007, 1000, 3, 1008, 500]
200014		市场波动	2季度内，<color=#a46800>木材</color>季度价格波动上下限<color=#FF0000>+5%</color>，<color=#a46800>椰子</color>季度价格波动上下限<color=#FF0000>+5%</color>	Assets/Product/Texture/Image/UiRogueSim/IconRogueSimBuff0211.png			2		7	[2, 1007, 500, 1, 1008, 500, 2, 1007, 500, 1, 1008, 500]
200015		市场波动	2季度内，<color=#a46800>木材</color>季度价格波动上下限<color=#FF0000>+5%</color>，<color=#a46800>石油</color>季度价格波动上下限<color=#FF0000>+5%</color>	Assets/Product/Texture/Image/UiRogueSim/IconRogueSimBuff0211.png			2		7	[2, 1007, 500, 3, 1008, 500, 2, 1007, 500, 3, 1008, 500]
200016		市场波动	2季度内，<color=#a46800>木材</color>季度价格波动上下限<color=#16D100>-5%</color>	Assets/Product/Texture/Image/UiRogueSim/IconRogueSimBuff0312.png			2		7	[2, 1007, -500, 2, 1008, -500]
200021		市场波动	2季度内，<color=#a46800>石油</color>季度价格波动上下限<color=#FF0000>+15%</color>	Assets/Product/Texture/Image/UiRogueSim/IconRogueSimBuff0211.png			2		7	[3, 1007, 1500, 3, 1008, 1500]
200022		市场波动	2季度内，<color=#a46800>石油</color>季度价格波动上下限<color=#FF0000>+10%</color>，<color=#a46800>椰子</color>季度价格波动上下限<color=#FF0000>+5%</color>	Assets/Product/Texture/Image/UiRogueSim/IconRogueSimBuff0211.png			2		7	[3, 1007, 1000, 1, 1008, 500, 3, 1007, 1000, 1, 1008, 500]
200023		市场波动	2季度内，<color=#a46800>石油</color>季度价格波动上下限<color=#FF0000>+10%</color>，<color=#a46800>木材</color>季度价格波动上下限<color=#FF0000>+5%</color>	Assets/Product/Texture/Image/UiRogueSim/IconRogueSimBuff0211.png			2		7	[3, 1007, 1000, 2, 1008, 500, 3, 1007, 1000, 2, 1008, 500]
200024		市场波动	2季度内，<color=#a46800>石油</color>季度价格波动上下限<color=#FF0000>+5%</color>，<color=#a46800>椰子</color>季度价格波动上下限<color=#FF0000>+5%</color>	Assets/Product/Texture/Image/UiRogueSim/IconRogueSimBuff0211.png			2		7	[3, 1007, 500, 1, 1008, 500, 3, 1007, 500, 1, 1008, 500]
200025		市场波动	2季度内，<color=#a46800>石油</color>季度价格波动上下限<color=#FF0000>+5%</color>，<color=#a46800>木材</color>季度价格波动上下限<color=#FF0000>+5%</color>	Assets/Product/Texture/Image/UiRogueSim/IconRogueSimBuff0211.png			2		7	[3, 1007, 500, 2, 1008, 500, 3, 1007, 500, 2, 1008, 500]
200026		市场波动	2季度内，<color=#a46800>石油</color>季度价格波动上下限<color=#16D100>-5%</color>	Assets/Product/Texture/Image/UiRogueSim/IconRogueSimBuff0312.png			2		7	[3, 1007, -500, 3, 1008, -500]
200101		<color=#a46800>椰子</color>狂欢	2季度内，<color=#a46800>椰子</color>季度价格波动上下限<color=#FF0000>+20%</color>	Assets/Product/Texture/Image/UiRogueSim/IconRogueSimBuff0221.png			2		7	[1, 1007, 2000, 1, 1008, 2000]
200201		<color=#a46800>椰子</color>增长	2季度内，<color=#a46800>椰子</color>季度价格波动上下限<color=#FF0000>+20%</color>	Assets/Product/Texture/Image/UiRogueSim/IconRogueSimBuff0221.png			2		7	[1, 1007, 2000, 1, 1008, 2000]
200202		<color=#a46800>木材</color>增长	2季度内，<color=#a46800>木材</color>季度价格波动上下限<color=#FF0000>+20%</color>	Assets/Product/Texture/Image/UiRogueSim/IconRogueSimBuff0231.png			2		7	[2, 1007, 2000, 2, 1008, 2000]
200203		<color=#a46800>石油</color>增长	2季度内，<color=#a46800>石油</color>季度价格波动上下限<color=#FF0000>+20%</color>	Assets/Product/Texture/Image/UiRogueSim/IconRogueSimBuff0241.png			2		7	[3, 1007, 2000, 3, 1008, 2000]
200204		椰木增长	2季度内，<color=#a46800>椰子</color>季度价格波动上下限<color=#FF0000>+20%</color>，<color=#a46800>木材</color>季度价格波动上下限<color=#FF0000>+10%</color>	Assets/Product/Texture/Image/UiRogueSim/IconRogueSimBuff0021.png			2		7	[1, 1007, 2000, 1, 1008, 2000, 2, 1007, 1000, 2, 1008, 1000]
200205		木油增长	2季度内，<color=#a46800>木材</color>季度价格波动上下限<color=#FF0000>+20%</color>，<color=#a46800>石油</color>季度价格波动上下限<color=#FF0000>+10%</color>	Assets/Product/Texture/Image/UiRogueSim/IconRogueSimBuff0031.png			2		7	[2, 1007, 2000, 2, 1008, 2000, 3, 1007, 1000, 3, 1008, 1000]
200206		油椰增长	2季度内，<color=#a46800>石油</color>季度价格波动上下限<color=#FF0000>+20%</color>，<color=#a46800>椰子</color>季度价格波动上下限<color=#FF0000>+10%</color>	Assets/Product/Texture/Image/UiRogueSim/IconRogueSimBuff0041.png			2		7	[3, 1007, 2000, 3, 1008, 2000, 1, 1007, 1000, 1, 1008, 1000]
200207		市场蓬勃	2季度内，<b>所有商品</b>波动上下限<color=#FF0000>+30%</color>	Assets/Product/Texture/Image/UiRogueSim/IconRogueSimBuff0211.png			2		7	[1, 1007, 3000, 1, 1008, 3000, 2, 1007, 3000, 2, 1008, 3000, 3, 1007, 3000, 3, 1008, 3000]
200208		市场蓬勃	2季度内，<b>所有商品</b>波动上下限<color=#FF0000>+30%</color>	Assets/Product/Texture/Image/UiRogueSim/IconRogueSimBuff0211.png			2		7	[1, 1007, 3000, 1, 1008, 3000, 2, 1007, 3000, 2, 1008, 3000, 3, 1007, 3000, 3, 1008, 3000]
200209		市场蓬勃	2季度内，<b>所有商品</b>波动上下限<color=#FF0000>+30%</color>	Assets/Product/Texture/Image/UiRogueSim/IconRogueSimBuff0211.png			2		7	[1, 1007, 3000, 1, 1008, 3000, 2, 1007, 3000, 2, 1008, 3000, 3, 1007, 3000, 3, 1008, 3000]
200301		<color=#a46800>椰子</color>增长	2季度内，<color=#a46800>椰子</color>季度价格波动上下限<color=#FF0000>+20%</color>	Assets/Product/Texture/Image/UiRogueSim/IconRogueSimBuff0221.png			2		7	[1, 1007, 2000, 1, 1008, 2000]
200302		<color=#a46800>木材</color>增长	2季度内，<color=#a46800>木材</color>季度价格波动上下限<color=#FF0000>+20%</color>	Assets/Product/Texture/Image/UiRogueSim/IconRogueSimBuff0231.png			2		7	[2, 1007, 2000, 2, 1008, 2000]
200303		<color=#a46800>石油</color>增长	2季度内，<color=#a46800>石油</color>季度价格波动上下限<color=#FF0000>+20%</color>	Assets/Product/Texture/Image/UiRogueSim/IconRogueSimBuff0241.png			2		7	[3, 1007, 2000, 3, 1008, 2000]
200304		椰木增长	2季度内，<color=#a46800>椰子</color>季度价格波动上下限<color=#FF0000>+20%</color>，<color=#a46800>木材</color>季度价格波动上下限<color=#FF0000>+10%</color>	Assets/Product/Texture/Image/UiRogueSim/IconRogueSimBuff0021.png			2		7	[1, 1007, 2000, 1, 1008, 2000, 2, 1007, 1000, 2, 1008, 1000]
200305		木油增长	2季度内，<color=#a46800>木材</color>季度价格波动上下限<color=#FF0000>+20%</color>，<color=#a46800>石油</color>季度价格波动上下限<color=#FF0000>+10%</color>	Assets/Product/Texture/Image/UiRogueSim/IconRogueSimBuff0031.png			2		7	[2, 1007, 2000, 2, 1008, 2000, 3, 1007, 1000, 3, 1008, 1000]
200306		油椰增长	2季度内，<color=#a46800>石油</color>季度价格波动上下限<color=#FF0000>+20%</color>，<color=#a46800>椰子</color>季度价格波动上下限<color=#FF0000>+10%</color>	Assets/Product/Texture/Image/UiRogueSim/IconRogueSimBuff0041.png			2		7	[3, 1007, 2000, 3, 1008, 2000, 1, 1007, 1000, 1, 1008, 1000]
200307		市场蓬勃	2季度内，<b>所有商品</b>波动上下限<color=#FF0000>+30%</color>	Assets/Product/Texture/Image/UiRogueSim/IconRogueSimBuff0211.png			2		7	[1, 1007, 3000, 1, 1008, 3000, 2, 1007, 3000, 2, 1008, 3000, 3, 1007, 3000, 3, 1008, 3000]
200308		市场蓬勃	2季度内，<b>所有商品</b>波动上下限<color=#FF0000>+30%</color>	Assets/Product/Texture/Image/UiRogueSim/IconRogueSimBuff0211.png			2		7	[1, 1007, 3000, 1, 1008, 3000, 2, 1007, 3000, 2, 1008, 3000, 3, 1007, 3000, 3, 1008, 3000]
200309		市场蓬勃	2季度内，<b>所有商品</b>波动上下限<color=#FF0000>+30%</color>	Assets/Product/Texture/Image/UiRogueSim/IconRogueSimBuff0211.png			2		7	[1, 1007, 3000, 1, 1008, 3000, 2, 1007, 3000, 2, 1008, 3000, 3, 1007, 3000, 3, 1008, 3000]
200401		<color=#a46800>椰子</color>增长	2季度内，<color=#a46800>椰子</color>季度价格波动上下限<color=#FF0000>+20%</color>	Assets/Product/Texture/Image/UiRogueSim/IconRogueSimBuff0221.png			2		7	[1, 1007, 2000, 1, 1008, 2000]
200402		<color=#a46800>木材</color>增长	2季度内，<color=#a46800>木材</color>季度价格波动上下限<color=#FF0000>+20%</color>	Assets/Product/Texture/Image/UiRogueSim/IconRogueSimBuff0231.png			2		7	[2, 1007, 2000, 2, 1008, 2000]
200403		<color=#a46800>石油</color>增长	2季度内，<color=#a46800>石油</color>季度价格波动上下限<color=#FF0000>+20%</color>	Assets/Product/Texture/Image/UiRogueSim/IconRogueSimBuff0241.png			2		7	[3, 1007, 2000, 3, 1008, 2000]
200404		椰木增长	2季度内，<color=#a46800>椰子</color>季度价格波动上下限<color=#FF0000>+20%</color>，<color=#a46800>木材</color>季度价格波动上下限<color=#FF0000>+10%</color>	Assets/Product/Texture/Image/UiRogueSim/IconRogueSimBuff0021.png			2		7	[1, 1007, 2000, 1, 1008, 2000, 2, 1007, 1000, 2, 1008, 1000]
200405		木油增长	2季度内，<color=#a46800>木材</color>季度价格波动上下限<color=#FF0000>+20%</color>，<color=#a46800>石油</color>季度价格波动上下限<color=#FF0000>+10%</color>	Assets/Product/Texture/Image/UiRogueSim/IconRogueSimBuff0031.png			2		7	[2, 1007, 2000, 2, 1008, 2000, 3, 1007, 1000, 3, 1008, 1000]
200406		油椰增长	2季度内，<color=#a46800>石油</color>季度价格波动上下限<color=#FF0000>+20%</color>，<color=#a46800>椰子</color>季度价格波动上下限<color=#FF0000>+10%</color>	Assets/Product/Texture/Image/UiRogueSim/IconRogueSimBuff0041.png			2		7	[3, 1007, 2000, 3, 1008, 2000, 1, 1007, 1000, 1, 1008, 1000]
200407		椰木萎缩	1季度内，<color=#a46800>椰子</color>季度生产效率<color=#16D100>-20%</color>，<color=#a46800>木材</color>季度生产效率<color=#16D100>-10%</color>	Assets/Product/Texture/Image/UiRogueSim/IconRogueSimBuff0122.png			1		7	[1, 2003, -2000, 2, 2003, -1000]
200408		木油萎缩	1季度内，<color=#a46800>木材</color>季度生产效率<color=#16D100>-20%</color>，<color=#a46800>石油</color>季度生产效率<color=#16D100>-10%</color>	Assets/Product/Texture/Image/UiRogueSim/IconRogueSimBuff0132.png			1		7	[2, 2003, -2000, 3, 2003, -1000]
200409		油椰萎缩	1季度内，<color=#a46800>石油</color>季度生产效率<color=#16D100>-20%</color>，<color=#a46800>椰子</color>季度生产效率<color=#16D100>-10%</color>	Assets/Product/Texture/Image/UiRogueSim/IconRogueSimBuff0142.png			1		7	[3, 2003, -2000, 1, 2003, -1000]
200410		市场波动	1季度内，<b>所有商品</b>波动上下范围提升<color=#FF0000>+100%</color>	Assets/Product/Texture/Image/UiRogueSim/IconRogueSimBuff0311.png			1		27	[1, 10000]
200411		市场波动	1季度内，<b>所有商品</b>波动上下范围提升<color=#FF0000>+100%</color>	Assets/Product/Texture/Image/UiRogueSim/IconRogueSimBuff0311.png			1		27	[1, 10000]
200412		市场波动	1季度内，<b>所有商品</b>波动上下范围提升<color=#FF0000>+100%</color>	Assets/Product/Texture/Image/UiRogueSim/IconRogueSimBuff0311.png			1		27	[1, 10000]
200413		市场蓬勃	2季度内，<b>所有商品</b>波动上下限<color=#FF0000>+30%</color>	Assets/Product/Texture/Image/UiRogueSim/IconRogueSimBuff0211.png			2		7	[1, 1007, 3000, 1, 1008, 3000, 2, 1007, 3000, 2, 1008, 3000, 3, 1007, 3000, 3, 1008, 3000]
200414		市场蓬勃	2季度内，<b>所有商品</b>波动上下限<color=#FF0000>+30%</color>	Assets/Product/Texture/Image/UiRogueSim/IconRogueSimBuff0211.png			2		7	[1, 1007, 3000, 1, 1008, 3000, 2, 1007, 3000, 2, 1008, 3000, 3, 1007, 3000, 3, 1008, 3000]
200415		市场蓬勃	2季度内，<b>所有商品</b>波动上下限<color=#FF0000>+30%</color>	Assets/Product/Texture/Image/UiRogueSim/IconRogueSimBuff0211.png			2		7	[1, 1007, 3000, 1, 1008, 3000, 2, 1007, 3000, 2, 1008, 3000, 3, 1007, 3000, 3, 1008, 3000]
200416		俺寻思	所有商品商品库存<color=#FF0000>+1000%</color>	Assets/Product/Texture/Image/UiRogueSim/IconRogueSimBuff0311.png			2		7	[1, 2, 100000, 2, 2, 100000, 3, 2, 100000]
200501		<color=#a46800>椰子</color>增长	2季度内，<color=#a46800>椰子</color>季度价格波动上下限<color=#FF0000>+20%</color>	Assets/Product/Texture/Image/UiRogueSim/IconRogueSimBuff0221.png			2		7	[1, 1007, 2000, 1, 1008, 2000]
200502		<color=#a46800>木材</color>增长	2季度内，<color=#a46800>木材</color>季度价格波动上下限<color=#FF0000>+20%</color>	Assets/Product/Texture/Image/UiRogueSim/IconRogueSimBuff0231.png			2		7	[2, 1007, 2000, 1, 1008, 2000]
200503		<color=#a46800>石油</color>增长	2季度内，<color=#a46800>石油</color>季度价格波动上下限<color=#FF0000>+20%</color>	Assets/Product/Texture/Image/UiRogueSim/IconRogueSimBuff0241.png			2		7	[3, 1007, 2000, 1, 1008, 2000]
200504		椰木增长	2季度内，<color=#a46800>椰子</color>季度价格波动上下限<color=#FF0000>+20%</color>，<color=#a46800>木材</color>季度价格波动上下限<color=#FF0000>+10%</color>	Assets/Product/Texture/Image/UiRogueSim/IconRogueSimBuff0021.png			2		7	[1, 1007, 2000, 1, 1008, 2000, 2, 1007, 1000, 2, 1008, 1000]
200505		木油增长	2季度内，<color=#a46800>木材</color>季度价格波动上下限<color=#FF0000>+20%</color>，<color=#a46800>石油</color>季度价格波动上下限<color=#FF0000>+10%</color>	Assets/Product/Texture/Image/UiRogueSim/IconRogueSimBuff0031.png			2		7	[2, 1007, 2000, 2, 1008, 2000, 3, 1007, 1000, 3, 1008, 1000]
200506		油椰增长	2季度内，<color=#a46800>石油</color>季度价格波动上下限<color=#FF0000>+20%</color>，<color=#a46800>椰子</color>季度价格波动上下限<color=#FF0000>+10%</color>	Assets/Product/Texture/Image/UiRogueSim/IconRogueSimBuff0041.png			2		7	[3, 1007, 2000, 3, 1008, 2000, 1, 1007, 1000, 1, 1008, 1000]
200507		椰木萎缩	1季度内，<color=#a46800>椰子</color>季度生产效率<color=#16D100>-20%</color>，<color=#a46800>木材</color>季度生产效率<color=#16D100>-10%</color>	Assets/Product/Texture/Image/UiRogueSim/IconRogueSimBuff0122.png			1		7	[1, 2003, -2000, 2, 2003, -1000]
200508		木油萎缩	1季度内，<color=#a46800>木材</color>季度生产效率<color=#16D100>-20%</color>，<color=#a46800>石油</color>季度生产效率<color=#16D100>-10%</color>	Assets/Product/Texture/Image/UiRogueSim/IconRogueSimBuff0132.png			1		7	[2, 2003, -2000, 3, 2003, -1000]
200509		油椰萎缩	1季度内，<color=#a46800>石油</color>季度生产效率<color=#16D100>-20%</color>，<color=#a46800>椰子</color>季度生产效率<color=#16D100>-10%</color>	Assets/Product/Texture/Image/UiRogueSim/IconRogueSimBuff0142.png			1		7	[3, 2003, -2000, 1, 2003, -1000]
200510		市场波动	1季度内，<b>所有商品</b>波动上下范围提升<color=#FF0000>+100%</color>	Assets/Product/Texture/Image/UiRogueSim/IconRogueSimBuff0311.png			1		27	[1, 10000]
200511		市场波动	1季度内，<b>所有商品</b>波动上下范围提升<color=#FF0000>+100%</color>	Assets/Product/Texture/Image/UiRogueSim/IconRogueSimBuff0311.png			1		27	[1, 10000]
200512		市场波动	1季度内，<b>所有商品</b>波动上下范围提升<color=#FF0000>+100%</color>	Assets/Product/Texture/Image/UiRogueSim/IconRogueSimBuff0311.png			1		27	[1, 10000]
200513		市场蓬勃	2季度内，<b>所有商品</b>波动上下限<color=#FF0000>+30%</color>	Assets/Product/Texture/Image/UiRogueSim/IconRogueSimBuff0211.png			2		7	[1, 1007, 3000, 1, 1008, 3000, 2, 1007, 3000, 2, 1008, 3000, 3, 1007, 3000, 3, 1008, 3000]
200514		市场蓬勃	2季度内，<b>所有商品</b>波动上下限<color=#FF0000>+30%</color>	Assets/Product/Texture/Image/UiRogueSim/IconRogueSimBuff0211.png			2		7	[1, 1007, 3000, 1, 1008, 3000, 2, 1007, 3000, 2, 1008, 3000, 3, 1007, 3000, 3, 1008, 3000]
200515		市场蓬勃	2季度内，<b>所有商品</b>波动上下限<color=#FF0000>+30%</color>	Assets/Product/Texture/Image/UiRogueSim/IconRogueSimBuff0211.png			2		7	[1, 1007, 3000, 1, 1008, 3000, 2, 1007, 3000, 2, 1008, 3000, 3, 1007, 3000, 3, 1008, 3000]
200516		俺寻思	所有商品商品库存<color=#FF0000>+1000%</color>	Assets/Product/Texture/Image/UiRogueSim/IconRogueSimBuff0311.png			2		7	[1, 2, 100000, 2, 2, 100000, 3, 2, 100000]
200601		市场波动	1季度内，<b>所有商品</b>波动上下范围提升<color=#FF0000>+100%</color>	Assets/Product/Texture/Image/UiRogueSim/IconRogueSimBuff0311.png			1		27	[1, 10000]
200602		市场波动	1季度内，<b>所有商品</b>波动上下范围提升<color=#FF0000>+100%</color>	Assets/Product/Texture/Image/UiRogueSim/IconRogueSimBuff0311.png			1		27	[1, 10000]
200603		市场波动	1季度内，<b>所有商品</b>波动上下范围提升<color=#FF0000>+100%</color>	Assets/Product/Texture/Image/UiRogueSim/IconRogueSimBuff0311.png			1		27	[1, 10000]
1101		Ch1-城邦1-1星	<color=#a46800>椰子</color>售价+10%	Assets/Product/Texture/Image/UiRogueSim/IconRogueSimBuff0211.png					7	[1, 1003, 1000]
1102		Ch1-城邦1-2星	<color=#a46800>椰子</color>售价+20%	Assets/Product/Texture/Image/UiRogueSim/IconRogueSimBuff0211.png					7	[1, 1003, 2000]
1103		Ch1-城邦1-3星	<color=#a46800>椰子</color>售价+40%	Assets/Product/Texture/Image/UiRogueSim/IconRogueSimBuff0211.png					7	[1, 1003, 4000]
1201		Ch1-城邦2-1星	<color=#a46800>椰子</color>售价+10%	Assets/Product/Texture/Image/UiRogueSim/IconRogueSimBuff0211.png					7	[1, 1003, 1000]
1202		Ch1-城邦2-2星	<color=#a46800>椰子</color>售价+20%	Assets/Product/Texture/Image/UiRogueSim/IconRogueSimBuff0211.png					7	[1, 1003, 2000]
1203		Ch1-城邦2-3星	<color=#a46800>椰子</color>售价+40%	Assets/Product/Texture/Image/UiRogueSim/IconRogueSimBuff0211.png					7	[1, 1003, 4000]
2101		Ch2-城邦1-1星	所有商品售价+5%	Assets/Product/Texture/Image/UiRogueSim/IconRogueSimBuff0211.png					7	[1, 1003, 500, 2, 1003, 500, 3, 1003, 500]
2111		Ch2-城邦1-2星	所有商品售价+10%	Assets/Product/Texture/Image/UiRogueSim/IconRogueSimBuff0211.png					7	[1, 1003, 1000, 2, 1003, 1000, 3, 1003, 1000]
2121		Ch2-城邦1-3星	所有商品售价+20%	Assets/Product/Texture/Image/UiRogueSim/IconRogueSimBuff0211.png					7	[1, 1003, 2000, 2, 1003, 2000, 3, 1003, 2000]
2201		Ch2-城邦2-1星	所有商品波动上下限+5%	Assets/Product/Texture/Image/UiRogueSim/IconRogueSimBuff0211.png					7	[1, 1007, 500, 2, 1007, 500, 3, 1007, 500, 1, 1008, 500, 2, 1008, 500, 3, 1008, 500]
2211		Ch2-城邦2-2星	所有商品波动上下限+10%	Assets/Product/Texture/Image/UiRogueSim/IconRogueSimBuff0211.png					7	[1, 1007, 1000, 2, 1007, 1000, 3, 1007, 1000, 1, 1008, 1000, 2, 1008, 1000, 3, 1008, 1000]
2221		Ch2-城邦2-3星	所有商品波动上下限+15%	Assets/Product/Texture/Image/UiRogueSim/IconRogueSimBuff0211.png					7	[1, 1007, 1500, 2, 1007, 1500, 3, 1007, 1500, 1, 1008, 1500, 2, 1008, 1500, 3, 1008, 1500]
2301		Ch2-城邦3-1星	所有商品销售暴击率+5%	Assets/Product/Texture/Image/UiRogueSim/IconRogueSimBuff0211.png					7	[1, 1005, 500, 2, 1005, 500, 3, 1005, 500]
2311		Ch2-城邦3-2星	所有商品销售暴击率+8%	Assets/Product/Texture/Image/UiRogueSim/IconRogueSimBuff0211.png					7	[1, 1005, 800, 2, 1005, 800, 3, 1005, 800]
2321		Ch2-城邦3-3星	所有商品销售暴击率+12%	Assets/Product/Texture/Image/UiRogueSim/IconRogueSimBuff0211.png					7	[1, 1005, 1200, 2, 1005, 1200, 3, 1005, 1200]
2401		Ch2-城邦4-1星	所有商品销售暴击效果+10%	Assets/Product/Texture/Image/UiRogueSim/IconRogueSimBuff0211.png					7	[1, 1006, 1000, 2, 1006, 1000, 3, 1006, 1000]
2411		Ch2-城邦4-2星	所有商品销售暴击效果+16%	Assets/Product/Texture/Image/UiRogueSim/IconRogueSimBuff0211.png					7	[1, 1006, 1600, 2, 1006, 1600, 3, 1006, 1600]
2421		Ch2-城邦4-3星	所有商品销售暴击效果+24%	Assets/Product/Texture/Image/UiRogueSim/IconRogueSimBuff0211.png					7	[1, 1006, 2400, 2, 1006, 2400, 3, 1006, 2400]
3101		Ch3-城邦1-1星	所有商品售价+5%	Assets/Product/Texture/Image/UiRogueSim/IconRogueSimBuff0211.png					7	[1, 1003, 500, 2, 1003, 500, 3, 1003, 500]
3102		Ch3-城邦1-2星	所有商品售价+10%	Assets/Product/Texture/Image/UiRogueSim/IconRogueSimBuff0211.png					7	[1, 1003, 1000, 2, 1003, 1000, 3, 1003, 1000]
3103		Ch3-城邦1-3星	所有商品售价+20%	Assets/Product/Texture/Image/UiRogueSim/IconRogueSimBuff0211.png					7	[1, 1003, 2000, 2, 1003, 2000, 3, 1003, 2000]
3201		Ch3-城邦2-1星	<color=#a46800>椰子</color>和<color=#a46800>木材</color>的销售暴击率+5%	Assets/Product/Texture/Image/UiRogueSim/IconRogueSimBuff0211.png					7	[1, 1005, 500, 2, 1005, 500]
3202		Ch3-城邦2-2星	<color=#a46800>椰子</color>和<color=#a46800>木材</color>的销售暴击率+8%	Assets/Product/Texture/Image/UiRogueSim/IconRogueSimBuff0211.png					7	[1, 1005, 800, 2, 1005, 800]
3203		Ch3-城邦2-3星	所有商品销售暴击效果+24%	Assets/Product/Texture/Image/UiRogueSim/IconRogueSimBuff0211.png					7	[1, 1006, 2400, 2, 1006, 2400, 3, 1006, 2400]
3301		Ch3-城邦3-1星-1	<color=#a46800>石油</color>商品售价+3%，	Assets/Product/Texture/Image/UiRogueSim/IconRogueSimBuff0211.png					7	[3, 1003, 300]
3302		Ch3-城邦3-1星-2	<color=#a46800>石油</color>销售暴击效果+6%	Assets/Product/Texture/Image/UiRogueSim/IconRogueSimBuff0211.png					7	[3, 1006, 600]
3303		Ch3-城邦3-2星-1	<color=#a46800>石油</color>售价+6%，	Assets/Product/Texture/Image/UiRogueSim/IconRogueSimBuff0211.png					7	[3, 1003, 600]
3304		Ch3-城邦3-2星-2	<color=#a46800>石油</color>销售暴击效果+10%	Assets/Product/Texture/Image/UiRogueSim/IconRogueSimBuff0211.png					7	[3, 1006, 1000]
3305		Ch3-城邦3-3星-1	所有商品售价+12%，	Assets/Product/Texture/Image/UiRogueSim/IconRogueSimBuff0211.png					7	[1, 1003, 1200, 2, 1003, 1200, 3, 1003, 1200]
3306		Ch3-城邦3-3星-2	所有商品销售暴击效果+14%	Assets/Product/Texture/Image/UiRogueSim/IconRogueSimBuff0211.png					7	[1, 1006, 1400, 2, 1006, 1400, 3, 1006, 1400]
3401		Ch3-城邦4-1星	免费建造次数+1	Assets/Product/Texture/Image/UiRogueSim/IconRogueSimBuff0211.png			1		34	[1]
3402		Ch3-城邦4-2星	免费建造次数+2	Assets/Product/Texture/Image/UiRogueSim/IconRogueSimBuff0211.png			1		34	[2]
3403		Ch3-城邦4-3星	所有已建造的建筑效果+30%【走建筑BUFF自身通过condition激活，本BUFF仅作参考记录】	Assets/Product/Texture/Image/UiRogueSim/IconRogueSimBuff0211.png					7	[1, 1003, 1]
4101		Ch4-城邦1-1星	所有商品售价+5%	Assets/Product/Texture/Image/UiRogueSim/IconRogueSimBuff0211.png					7	[1, 1003, 500, 2, 1003, 500, 3, 1003, 500]
4111		Ch4-城邦1-2星	所有商品售价+10%	Assets/Product/Texture/Image/UiRogueSim/IconRogueSimBuff0211.png					7	[1, 1003, 1000, 2, 1003, 1000, 3, 1003, 1000]
4121		Ch4-城邦1-3星	所有商品售价+20%	Assets/Product/Texture/Image/UiRogueSim/IconRogueSimBuff0211.png					7	[1, 1003, 2000, 2, 1003, 2000, 3, 1003, 2000]
4201		Ch4-城邦2-1星	所有商品波动上下限+5%	Assets/Product/Texture/Image/UiRogueSim/IconRogueSimBuff0211.png					7	[1, 1007, 500, 2, 1007, 500, 3, 1007, 500, 1, 1008, 500, 2, 1008, 500, 3, 1008, 500]
4211		Ch4-城邦2-2星	所有商品波动上下限+10%	Assets/Product/Texture/Image/UiRogueSim/IconRogueSimBuff0211.png					7	[1, 1007, 1000, 2, 1007, 1000, 3, 1007, 1000, 1, 1008, 1000, 2, 1008, 1000, 3, 1008, 1000]
4221		Ch4-城邦2-3星	所有商品波动上下限+15%	Assets/Product/Texture/Image/UiRogueSim/IconRogueSimBuff0211.png					7	[1, 1007, 1500, 2, 1007, 1500, 3, 1007, 1500, 1, 1008, 1500, 2, 1008, 1500, 3, 1008, 1500]
4301		Ch4-城邦3-1星	所有商品销售暴击率+5%	Assets/Product/Texture/Image/UiRogueSim/IconRogueSimBuff0211.png					7	[1, 1005, 500, 2, 1005, 500, 3, 1005, 500]
4311		Ch4-城邦3-2星	所有商品销售暴击率+8%	Assets/Product/Texture/Image/UiRogueSim/IconRogueSimBuff0211.png					7	[1, 1005, 800, 2, 1005, 800, 3, 1005, 800]
4321		Ch4-城邦3-3星	所有商品销售暴击率+12%	Assets/Product/Texture/Image/UiRogueSim/IconRogueSimBuff0211.png					7	[1, 1005, 1200, 2, 1005, 1200, 3, 1005, 1200]
4401		Ch4-城邦4-1星	所有商品销售暴击效果+10%	Assets/Product/Texture/Image/UiRogueSim/IconRogueSimBuff0211.png					7	[1, 1006, 1000, 2, 1006, 1000, 3, 1006, 1000]
4411		Ch4-城邦4-2星	所有商品销售暴击效果+16%	Assets/Product/Texture/Image/UiRogueSim/IconRogueSimBuff0211.png					7	[1, 1006, 1600, 2, 1006, 1600, 3, 1006, 1600]
4421		Ch4-城邦4-3星	所有商品销售暴击效果+24%	Assets/Product/Texture/Image/UiRogueSim/IconRogueSimBuff0211.png					7	[1, 1006, 2400, 2, 1006, 2400, 3, 1006, 2400]
4501		Ch4-城邦5-1星-1	所有商品售价+3%，	Assets/Product/Texture/Image/UiRogueSim/IconRogueSimBuff0211.png					7	[1, 1003, 300, 2, 1003, 300, 3, 1003, 300]
4502		Ch4-城邦5-1星-2	波动上下限+3%	Assets/Product/Texture/Image/UiRogueSim/IconRogueSimBuff0211.png					7	[1, 1007, 300, 2, 1007, 300, 3, 1007, 300, 1, 1008, 300, 2, 1008, 300, 3, 1008, 300]
4511		Ch4-城邦5-2星-1	所有商品售价+6%，	Assets/Product/Texture/Image/UiRogueSim/IconRogueSimBuff0211.png					7	[1, 1003, 600, 2, 1003, 600, 3, 1003, 600]
4512		Ch4-城邦5-2星-2	销售暴击+5%	Assets/Product/Texture/Image/UiRogueSim/IconRogueSimBuff0211.png					7	[1, 1005, 500, 2, 1005, 500, 3, 1005, 500]
4521		Ch4-城邦5-3星-1	所有商品售价+12%，	Assets/Product/Texture/Image/UiRogueSim/IconRogueSimBuff0211.png					7	[1, 1003, 1200, 2, 1003, 1200, 3, 1003, 1200]
4522		Ch4-城邦5-3星-2	销售暴击效果+15%	Assets/Product/Texture/Image/UiRogueSim/IconRogueSimBuff0211.png					7	[1, 1006, 1500, 2, 1006, 1500, 3, 1006, 1500]
4601		Ch4-城邦6-1星	所有商品销售暴击率+3%，销售暴击效果+6%	Assets/Product/Texture/Image/UiRogueSim/IconRogueSimBuff0211.png					7	[1, 1005, 300, 2, 1005, 300, 3, 1005, 300, 1, 1006, 600, 2, 1006, 600, 3, 1006, 600]
4611		Ch4-城邦6-2星	所有商品销售暴击率+5%，销售暴击效果+10%	Assets/Product/Texture/Image/UiRogueSim/IconRogueSimBuff0211.png					7	[1, 1005, 500, 2, 1005, 500, 3, 1005, 500, 1, 1006, 1000, 2, 1006, 1000, 3, 1006, 1000]
4621		Ch4-城邦6-3星	所有商品销售暴击率+7%，销售暴击效果+14%	Assets/Product/Texture/Image/UiRogueSim/IconRogueSimBuff0211.png					7	[1, 1005, 700, 2, 1005, 700, 3, 1005, 700, 1, 1006, 1400, 2, 1006, 1400, 3, 1006, 1400]
5101		Ch5-城邦1-1星	所有商品销售暴击效果+10%	Assets/Product/Texture/Image/UiRogueSim/IconRogueSimBuff0211.png					7	[1, 1006, 1000, 2, 1006, 1000, 3, 1006, 1000]
5102		Ch5-城邦1-2星	所有商品销售暴击效果+16%	Assets/Product/Texture/Image/UiRogueSim/IconRogueSimBuff0211.png					7	[1, 1006, 1600, 2, 1006, 1600, 3, 1006, 1600]
5103		Ch5-城邦1-3星	所有商品销售暴击效果+24%	Assets/Product/Texture/Image/UiRogueSim/IconRogueSimBuff0211.png					7	[1, 1006, 2400, 2, 1006, 2400, 3, 1006, 2400]
5201		Ch5-城邦2-1星	<color=#a46800>石油</color>的商品销售暴击率+5%	Assets/Product/Texture/Image/UiRogueSim/IconRogueSimBuff0211.png					7	[3, 1005, 500]
5202		Ch5-城邦2-2星	<color=#a46800>石油</color>的商品销售暴击率+8%	Assets/Product/Texture/Image/UiRogueSim/IconRogueSimBuff0211.png					7	[3, 1005, 800]
5203		Ch5-城邦2-3星	所有商品销售暴击率+12%	Assets/Product/Texture/Image/UiRogueSim/IconRogueSimBuff0211.png					7	[1, 1005, 1200, 2, 1005, 1200, 3, 1005, 1200]
5301		Ch5-城邦3-1星	<color=#a46800>椰子</color>和<color=#a46800>木材</color>的售价+1	Assets/Product/Texture/Image/UiRogueSim/IconRogueSimBuff0211.png					7	[1, 1002, 1, 2, 1002, 1]
5302		Ch5-城邦3-2星	<color=#a46800>椰子</color>和<color=#a46800>木材</color>的售价+2	Assets/Product/Texture/Image/UiRogueSim/IconRogueSimBuff0211.png					7	[1, 1002, 2, 2, 1002, 2]
5303		Ch5-城邦3-3星	所有商品的售价+3	Assets/Product/Texture/Image/UiRogueSim/IconRogueSimBuff0211.png					7	[1, 1002, 3, 2, 1002, 3, 3, 1002, 3]
5401		Ch5-城邦4-1星	所有商品波动上限+5%	Assets/Product/Texture/Image/UiRogueSim/IconRogueSimBuff0211.png					7	[1, 1007, 500, 2, 1007, 500, 3, 1007, 500]
5402		Ch5-城邦4-2星	所有商品波动上限+10%	Assets/Product/Texture/Image/UiRogueSim/IconRogueSimBuff0211.png					7	[1, 1007, 1000, 2, 1007, 1000, 3, 1007, 1000]
5403		Ch5-城邦4-3星	所有商品波动上限+15%	Assets/Product/Texture/Image/UiRogueSim/IconRogueSimBuff0211.png					7	[1, 1007, 1500, 2, 1007, 1500, 3, 1007, 1500]
5501		Ch5-城邦5-1星	所有商品售价+5%	Assets/Product/Texture/Image/UiRogueSim/IconRogueSimBuff0211.png					7	[1, 1003, 500, 2, 1003, 500, 3, 1003, 500]
5502		Ch5-城邦5-2星	所有商品售价+10%	Assets/Product/Texture/Image/UiRogueSim/IconRogueSimBuff0211.png					7	[1, 1003, 1000, 2, 1003, 1000, 3, 1003, 1000]
5503		Ch5-城邦5-3星	所有商品售价+20%	Assets/Product/Texture/Image/UiRogueSim/IconRogueSimBuff0211.png					7	[1, 1003, 2000, 2, 1003, 2000, 3, 1003, 2000]
5601		Ch5-城邦6-1星	所有商品销售暴击率+3%，销售暴击效果+6%	Assets/Product/Texture/Image/UiRogueSim/IconRogueSimBuff0211.png					7	[1, 1005, 300, 2, 1005, 300, 3, 1005, 300, 1, 1006, 600, 2, 1006, 600, 3, 1006, 600]
5602		Ch5-城邦6-2星	所有商品销售暴击率+5%，销售暴击效果+10%	Assets/Product/Texture/Image/UiRogueSim/IconRogueSimBuff0211.png					7	[1, 1005, 500, 2, 1005, 500, 3, 1005, 500, 1, 1006, 1000, 2, 1006, 1000, 3, 1006, 1000]
5603		Ch5-城邦6-3星	所有商品销售暴击率+7%，销售暴击效果+14%	Assets/Product/Texture/Image/UiRogueSim/IconRogueSimBuff0211.png					7	[1, 1005, 700, 2, 1005, 700, 3, 1005, 700, 1, 1006, 1400, 2, 1006, 1400, 3, 1006, 1400]
6101		Ch6-城邦1-1星	所有商品售价+5%	Assets/Product/Texture/Image/UiRogueSim/IconRogueSimBuff0211.png					7	[1, 1003, 500, 2, 1003, 500, 3, 1003, 500]
6111		Ch6-城邦1-2星	所有商品售价+10%	Assets/Product/Texture/Image/UiRogueSim/IconRogueSimBuff0211.png					7	[1, 1003, 1000, 2, 1003, 1000, 3, 1003, 1000]
6121		Ch6-城邦1-3星	所有商品售价+20%	Assets/Product/Texture/Image/UiRogueSim/IconRogueSimBuff0211.png					7	[1, 1003, 2000, 2, 1003, 2000, 3, 1003, 2000]
6201		Ch6-城邦2-1星	所有商品波动上下限+5%	Assets/Product/Texture/Image/UiRogueSim/IconRogueSimBuff0211.png					7	[1, 1007, 500, 2, 1007, 500, 3, 1007, 500, 1, 1008, 500, 2, 1008, 500, 3, 1008, 500]
6211		Ch6-城邦2-2星	所有商品波动上下限+10%	Assets/Product/Texture/Image/UiRogueSim/IconRogueSimBuff0211.png					7	[1, 1007, 1000, 2, 1007, 1000, 3, 1007, 1000, 1, 1008, 1000, 2, 1008, 1000, 3, 1008, 1000]
6221		Ch6-城邦2-3星	所有商品波动上下限+15%	Assets/Product/Texture/Image/UiRogueSim/IconRogueSimBuff0211.png					7	[1, 1007, 1500, 2, 1007, 1500, 3, 1007, 1500, 1, 1008, 1500, 2, 1008, 1500, 3, 1008, 1500]
6301		Ch6-城邦3-1星	所有商品销售暴击率+5%	Assets/Product/Texture/Image/UiRogueSim/IconRogueSimBuff0211.png					7	[1, 1005, 500, 2, 1005, 500, 3, 1005, 500]
6311		Ch6-城邦3-2星	所有商品销售暴击率+8%	Assets/Product/Texture/Image/UiRogueSim/IconRogueSimBuff0211.png					7	[1, 1005, 800, 2, 1005, 800, 3, 1005, 800]
6321		Ch6-城邦3-3星	所有商品销售暴击率+12%	Assets/Product/Texture/Image/UiRogueSim/IconRogueSimBuff0211.png					7	[1, 1005, 1200, 2, 1005, 1200, 3, 1005, 1200]
6401		Ch6-城邦4-1星	所有商品销售暴击效果+10%	Assets/Product/Texture/Image/UiRogueSim/IconRogueSimBuff0211.png					7	[1, 1006, 1000, 2, 1006, 1000, 3, 1006, 1000]
6411		Ch6-城邦4-2星	所有商品销售暴击效果+16%	Assets/Product/Texture/Image/UiRogueSim/IconRogueSimBuff0211.png					7	[1, 1006, 1600, 2, 1006, 1600, 3, 1006, 1600]
6421		Ch6-城邦4-3星	所有商品销售暴击效果+24%	Assets/Product/Texture/Image/UiRogueSim/IconRogueSimBuff0211.png					7	[1, 1006, 2400, 2, 1006, 2400, 3, 1006, 2400]
6501		Ch6-城邦3-1星-1	所有商品售价+3%，	Assets/Product/Texture/Image/UiRogueSim/IconRogueSimBuff0211.png					7	[1, 1003, 300, 2, 1003, 300, 3, 1003, 300]
6502		Ch6-城邦3-1星-2	波动上下限+3%	Assets/Product/Texture/Image/UiRogueSim/IconRogueSimBuff0211.png					7	[1, 1007, 300, 2, 1007, 300, 3, 1007, 300, 1, 1008, 300, 2, 1008, 300, 3, 1008, 300]
6511		Ch6-城邦3-2星-1	所有商品售价+6%，	Assets/Product/Texture/Image/UiRogueSim/IconRogueSimBuff0211.png					7	[1, 1003, 600, 2, 1003, 600, 3, 1003, 600]
6512		Ch6-城邦3-2星-2	销售暴击+5%	Assets/Product/Texture/Image/UiRogueSim/IconRogueSimBuff0211.png					7	[1, 1005, 500, 2, 1005, 500, 3, 1005, 500]
6521		Ch6-城邦3-3星-1	所有商品售价+12%，	Assets/Product/Texture/Image/UiRogueSim/IconRogueSimBuff0211.png					7	[1, 1003, 1200, 2, 1003, 1200, 3, 1003, 1200]
6522		Ch6-城邦3-3星-2	销售暴击效果+15%	Assets/Product/Texture/Image/UiRogueSim/IconRogueSimBuff0211.png					7	[1, 1006, 1500, 2, 1006, 1500, 3, 1006, 1500]
6601		Ch6-城邦6-1星	所有商品销售暴击率+3%，销售暴击效果+6%	Assets/Product/Texture/Image/UiRogueSim/IconRogueSimBuff0211.png					7	[1, 1005, 300, 2, 1005, 300, 3, 1005, 300, 1, 1006, 600, 2, 1006, 600, 3, 1006, 600]
6611		Ch6-城邦6-2星	所有商品销售暴击率+5%，销售暴击效果+10%	Assets/Product/Texture/Image/UiRogueSim/IconRogueSimBuff0211.png					7	[1, 1005, 500, 2, 1005, 500, 3, 1005, 500, 1, 1006, 1000, 2, 1006, 1000, 3, 1006, 1000]
6621		Ch6-城邦6-3星	所有商品销售暴击率+7%，销售暴击效果+14%	Assets/Product/Texture/Image/UiRogueSim/IconRogueSimBuff0211.png					7	[1, 1005, 700, 2, 1005, 700, 3, 1005, 700, 1, 1006, 1400, 2, 1006, 1400, 3, 1006, 1400]
101		自建-仓库扩容【小】	商品库存+20%	Assets/Product/Texture/Image/UiRogueSim/IconRogueSimBuff0211.png					7	[1, 2, 2000, 2, 2, 2000, 3, 2, 2000]
102		自建-区域打折【小】	购买区域打折	Assets/Product/Texture/Image/UiRogueSim/IconRogueSimBuff0211.png					22	[0, 1000]
103		自建-生产暴击	生产暴击率+	Assets/Product/Texture/Image/UiRogueSim/IconRogueSimBuff0211.png					7	[1, 2005, 500, 2, 2005, 500, 3, 2005, 500]
104		自建-生产暴击效果	生产暴击效果+	Assets/Product/Texture/Image/UiRogueSim/IconRogueSimBuff0211.png					7	[1, 2006, 1000, 2, 2006, 1000, 3, 2006, 1000]
105		自建-幸运物暴击	生产暴击率+	Assets/Product/Texture/Image/UiRogueSim/IconRogueSimBuff0211.png					7	[1, 2005, 500, 2, 2005, 500, 3, 2005, 500]
106		自建-幸运物暴击效果	销售暴击率+	Assets/Product/Texture/Image/UiRogueSim/IconRogueSimBuff0211.png					7	[1, 1005, 500, 2, 1005, 500, 3, 1005, 500]
111	9001	自建-仓库扩容-额外强化	所有商品库存上限+1000	Assets/Product/Texture/Image/UiRogueSim/IconRogueSimBuff0211.png					7	[1, 2, 600, 2, 2, 600, 3, 2, 600]
112	9001	自建-区域打折-额外强化	购买区域打折	Assets/Product/Texture/Image/UiRogueSim/IconRogueSimBuff0211.png					22	[0, 300]
113	9001	自建-生产暴击-额外强化	生产暴击率+	Assets/Product/Texture/Image/UiRogueSim/IconRogueSimBuff0211.png					7	[1, 2005, 150, 2, 2005, 150, 3, 2005, 150]
114	9001	自建-生产暴击效果-额外强化	生产暴击效果+	Assets/Product/Texture/Image/UiRogueSim/IconRogueSimBuff0211.png					7	[1, 2006, 300, 2, 2006, 300, 3, 2006, 300]
115	9001	自建-幸运物暴击-额外强化	生产暴击率+	Assets/Product/Texture/Image/UiRogueSim/IconRogueSimBuff0211.png					7	[1, 2005, 150, 2, 2005, 150, 3, 2005, 150]
116	9001	自建-幸运物暴击效果-额外强化	销售暴击率+	Assets/Product/Texture/Image/UiRogueSim/IconRogueSimBuff0211.png					7	[1, 1005, 150, 2, 1005, 150, 3, 1005, 150]
11		CH1-初始BUFF		Assets/Product/Texture/Image/UiRogueSim/IconRogueSimBuff0211.png					7	[1, 1003, 3000]
12		CH2-初始BUFF		Assets/Product/Texture/Image/UiRogueSim/IconRogueSimBuff0211.png					20	[19, 2000]
13		CH3-初始BUFF		Assets/Product/Texture/Image/UiRogueSim/IconRogueSimBuff0211.png					7	[1, 1005, 2000, 2, 1005, 2000, 3, 1005, 2000]
14		CH4-初始BUFF		Assets/Product/Texture/Image/UiRogueSim/IconRogueSimBuff0211.png					34	[2]
21		教学关锁波动	教学关锁<color=#a46800>椰子</color>波动不跌	Assets/Product/Texture/Image/UiRogueSim/IconRogueSimBuff0211.png					33	[2, 0, 1]
22		教学关锁波动	教学关锁<color=#a46800>木材</color>波动不跌	Assets/Product/Texture/Image/UiRogueSim/IconRogueSimBuff0211.png					33	[2, 0, 2]
23		教学关锁波动	教学关锁<color=#a46800>石油</color>波动不跌	Assets/Product/Texture/Image/UiRogueSim/IconRogueSimBuff0211.png					33	[2, 0, 3]
201		自建-仓库扩容【中】	商品库存+50%	Assets/Product/Texture/Image/UiRogueSim/IconRogueSimBuff0211.png					7	[1, 2, 5000, 2, 2, 5000, 3, 2, 5000]
202		自建-生产暴击【中】	生产暴击率+	Assets/Product/Texture/Image/UiRogueSim/IconRogueSimBuff0211.png					7	[1, 2005, 1000, 2, 2005, 1000, 3, 2005, 1000]
203		自建-生产暴击效果【中】	生产暴击效果+	Assets/Product/Texture/Image/UiRogueSim/IconRogueSimBuff0211.png					7	[1, 2006, 2000, 2, 2006, 2000, 3, 2006, 2000]
204		自建-收菜放大【中】	收菜+30%	Assets/Product/Texture/Image/UiRogueSim/IconRogueSimBuff0211.png					20	[19, 3000]
205		自建-区域打折【中】	购买区域打折	Assets/Product/Texture/Image/UiRogueSim/IconRogueSimBuff0211.png					22	[0, 3000]
301		自建-仓库扩容【大】	商品库存+100%	Assets/Product/Texture/Image/UiRogueSim/IconRogueSimBuff0211.png					7	[1, 2, 10000, 2, 2, 10000, 3, 2, 10000]
302		自建-生产暴击【大】	生产暴击率+	Assets/Product/Texture/Image/UiRogueSim/IconRogueSimBuff0211.png					7	[1, 2005, 1500, 2, 2005, 1500, 3, 2005, 1500]
303		自建-生产暴击效果【大】	生产暴击效果+	Assets/Product/Texture/Image/UiRogueSim/IconRogueSimBuff0211.png					7	[1, 2006, 3000, 2, 2006, 3000, 3, 2006, 3000]
304		自建-收菜放大【大】	收菜+60%	Assets/Product/Texture/Image/UiRogueSim/IconRogueSimBuff0211.png					20	[19, 6000]
211	9001	自建-仓库扩容【中】-额外强化	商品库存+10%	Assets/Product/Texture/Image/UiRogueSim/IconRogueSimBuff0211.png					7	[1, 2, 1500, 2, 2, 1500, 3, 2, 1500]
212	9001	自建-生产暴击【中】-额外强化	生产暴击率+	Assets/Product/Texture/Image/UiRogueSim/IconRogueSimBuff0211.png					7	[1, 2005, 300, 2, 2005, 300, 3, 2005, 300]
213	9001	自建-生产暴击效果【中】-额外强化	生产暴击效果+	Assets/Product/Texture/Image/UiRogueSim/IconRogueSimBuff0211.png					7	[1, 2006, 600, 2, 2006, 600, 3, 2006, 600]
214	9001	自建-收菜放大【中】-额外强化	收菜+	Assets/Product/Texture/Image/UiRogueSim/IconRogueSimBuff0211.png					20	[19, 1000]
215	9001	自建-区域打折【中】-额外强化	购买区域打折	Assets/Product/Texture/Image/UiRogueSim/IconRogueSimBuff0211.png					22	[0, 1000]
311	9001	自建-仓库扩容【大】-额外强化	商品库存+20%	Assets/Product/Texture/Image/UiRogueSim/IconRogueSimBuff0211.png					7	[1, 2, 3000, 2, 2, 3000, 3, 2, 3000]
312	9001	自建-生产暴击【大】-额外强化	生产暴击率+	Assets/Product/Texture/Image/UiRogueSim/IconRogueSimBuff0211.png					7	[1, 2005, 600, 2, 2005, 600, 3, 2005, 600]
313	9001	自建-生产暴击效果【大】-额外强化	生产暴击效果+	Assets/Product/Texture/Image/UiRogueSim/IconRogueSimBuff0211.png					7	[1, 2006, 1200, 2, 2006, 1200, 3, 2006, 1200]
314	9001	自建-收菜放大【大】-额外强化	收菜+	Assets/Product/Texture/Image/UiRogueSim/IconRogueSimBuff0211.png					20	[19, 1800]
58001		1级道具-建造打折	建造价格-15%	Assets/Product/Texture/Image/UiRogueSim/IconRogueSimBuff0211.png					23	[0, 1500]
58002		1级道具-建造打折2	每过一个季度，建造价格-5%	Assets/Product/Texture/Image/UiRogueSim/IconRogueSimBuff0211.png					21	[0, 1, 58003]
58003		1级道具-建造打折2-附属	建造价格-5%	Assets/Product/Texture/Image/UiRogueSim/IconRogueSimBuff0211.png					23	[0, 500]
58004		1级道具-免费建造	免费建造次数+1	Assets/Product/Texture/Image/UiRogueSim/IconRogueSimBuff0211.png			1		35	[1]
58005		1级道具-<color=#a46800>椰子</color>城邦星级生产加成	<color=#a46800>椰子</color>的生产效率+(城邦星级总数*2)%	Assets/Product/Texture/Image/UiRogueSim/IconRogueSimBuff0211.png					26	[1, 200, 2003]
58006		1级道具-<color=#a46800>木材</color>城邦星级生产加成	<color=#a46800>木材</color>的生产效率+(城邦星级总数*2)%	Assets/Product/Texture/Image/UiRogueSim/IconRogueSimBuff0211.png					26	[2, 200, 2003]
58007		1级道具-<color=#a46800>石油</color>城邦星级生产加成	<color=#a46800>石油</color>的生产效率+(城邦星级总数*2)%	Assets/Product/Texture/Image/UiRogueSim/IconRogueSimBuff0211.png					26	[3, 200, 2003]
58101		2级道具-区域打折	购买区域折扣-15%	Assets/Product/Texture/Image/UiRogueSim/IconRogueSimBuff0211.png					22	[0, 1500]
58102		2级道具-免费建造2	免费建造次数+2	Assets/Product/Texture/Image/UiRogueSim/IconRogueSimBuff0211.png			1		35	[2]
58103		2级道具-<color=#a46800>椰子</color>城邦星售价	<color=#a46800>椰子</color>的售价+(城邦星级总数*3)%	Assets/Product/Texture/Image/UiRogueSim/IconRogueSimBuff0211.png					26	[1, 300, 1003]
58104		2级道具-<color=#a46800>木材</color>城邦星售价	<color=#a46800>木材</color>的售价+(城邦星级总数*3)%	Assets/Product/Texture/Image/UiRogueSim/IconRogueSimBuff0211.png					26	[2, 300, 1003]
58105		2级道具-<color=#a46800>石油</color>城邦星售价	<color=#a46800>石油</color>的售价+(城邦星级总数*3)%	Assets/Product/Texture/Image/UiRogueSim/IconRogueSimBuff0211.png					26	[3, 300, 1003]
58106		2级道具-双刃爆伤	所有商品销售暴击率-20%，销售暴击效果+40%	Assets/Product/Texture/Image/UiRogueSim/IconRogueSimBuff0211.png					7	[1, 1005, -2000, 2, 1005, -2000, 3, 1005, -2000]
58107		2级道具-双刃爆伤-附属	附属上方	Assets/Product/Texture/Image/UiRogueSim/IconRogueSimBuff0211.png					7	[1, 1006, 4000, 2, 1006, 4000, 3, 1006, 4000]
58108		2级道具-双刃暴击	所有商品销售暴击效果-40%，销售暴击率+20%	Assets/Product/Texture/Image/UiRogueSim/IconRogueSimBuff0211.png					7	[1, 1005, 2000, 2, 1005, 2000, 3, 1005, 2000]
58109		2级道具-双刃暴击-附属	附属上方	Assets/Product/Texture/Image/UiRogueSim/IconRogueSimBuff0211.png					7	[1, 1006, -4000, 2, 1006, -4000, 3, 1006, -4000]
58110		2级道具-季度销冠售价+	每过3个季度，销售收入最多的商品售价+30%	Assets/Product/Texture/Image/UiRogueSim/IconRogueSimBuff0211.png					21	[0, 3, 58111]
58111	2001	2级道具-季度销冠售价+-附属	附属上方	Assets/Product/Texture/Image/UiRogueSim/IconRogueSimBuff0211.png			1		7	[1, 1003, 3000]
58112		2级道具-季度销冠售价+	每过3个季度，销售收入最多的商品售价+30%	Assets/Product/Texture/Image/UiRogueSim/IconRogueSimBuff0211.png					21	[0, 3, 58113]
58113	2002	2级道具-季度销冠售价+-附属	附属上方	Assets/Product/Texture/Image/UiRogueSim/IconRogueSimBuff0211.png			1		7	[2, 1003, 3000]
58114		2级道具-季度销冠售价+	每过3个季度，销售收入最多的商品售价+30%	Assets/Product/Texture/Image/UiRogueSim/IconRogueSimBuff0211.png					21	[0, 3, 58115]
58115	2003	2级道具-季度销冠售价+-附属	附属上方	Assets/Product/Texture/Image/UiRogueSim/IconRogueSimBuff0211.png			1		7	[3, 1003, 3000]
58116		2级道具-单季度收入爆米	季度收入超过5万金贝时，所有商品基础售价+1	Assets/Product/Texture/Image/UiRogueSim/IconRogueSimBuff0211.png					21	[0, 1, 58221]
58117	2004	2级道具-单季度收入爆米-附属	附属上方	Assets/Product/Texture/Image/UiRogueSim/IconRogueSimBuff0211.png					7	[1, 1002, 3, 2, 1002, 3, 3, 1002, 3]
58118		2级道具-负波动加生产-<color=#a46800>椰子</color>	商品价格波动<0时，商品生产效率+15%	Assets/Product/Texture/Image/UiRogueSim/IconRogueSimBuff0211.png					21	[0, 1, 58119]
58119	2005	2级道具-负波动加生产-附属	附属上方	Assets/Product/Texture/Image/UiRogueSim/IconRogueSimBuff0211.png			1		7	[1, 2003, 1500]
58120		2级道具-负波动加生产-<color=#a46800>木材</color>	商品价格波动<0时，商品生产效率+15%	Assets/Product/Texture/Image/UiRogueSim/IconRogueSimBuff0211.png					21	[0, 1, 58121]
58121	2006	2级道具-负波动加生产-附属	附属上方	Assets/Product/Texture/Image/UiRogueSim/IconRogueSimBuff0211.png			1		7	[2, 2003, 1500]
58122		2级道具-负波动加生产-<color=#a46800>石油</color>	商品价格波动<0时，商品生产效率+15%	Assets/Product/Texture/Image/UiRogueSim/IconRogueSimBuff0211.png					21	[0, 1, 58123]
58123	2007	2级道具-负波动加生产-附属	附属上方	Assets/Product/Texture/Image/UiRogueSim/IconRogueSimBuff0211.png			1		7	[3, 2003, 1500]
58124		2级道具-正波动加销暴击-<color=#a46800>椰子</color>	商品价格波动>0时，商品销售暴击率+10%	Assets/Product/Texture/Image/UiRogueSim/IconRogueSimBuff0211.png					21	[0, 1, 58125]
58125	2008	2级道具-正波动加销暴击-附属	附属上方	Assets/Product/Texture/Image/UiRogueSim/IconRogueSimBuff0211.png			1		7	[1, 1005, 1000]
58126		2级道具-正波动加销暴击-<color=#a46800>木材</color>	商品价格波动>0时，商品销售暴击率+10%	Assets/Product/Texture/Image/UiRogueSim/IconRogueSimBuff0211.png					21	[0, 1, 58127]
58127	2009	2级道具-正波动加销暴击-附属	附属上方	Assets/Product/Texture/Image/UiRogueSim/IconRogueSimBuff0211.png			1		7	[2, 1005, 1000]
58128		2级道具-正波动加销暴击-<color=#a46800>石油</color>	商品价格波动>0时，商品销售暴击率+10%	Assets/Product/Texture/Image/UiRogueSim/IconRogueSimBuff0211.png					21	[0, 1, 58129]
58129	2010	2级道具-正波动加销暴击-附属	附属上方	Assets/Product/Texture/Image/UiRogueSim/IconRogueSimBuff0211.png			1		7	[3, 1005, 1000]
58130		2级道具-同销2种售价加成	同时销售超过2种商品时，其中一种在本次销售时售价+30%	Assets/Product/Texture/Image/UiRogueSim/IconRogueSimBuff0211.png					31	[2, 0, 1003, 3000]
58131		2级道具-上季度未生产商品加成	生产上一回合未生产的商品时，生产效率+40%	Assets/Product/Texture/Image/UiRogueSim/IconRogueSimBuff0211.png					32	[1, 2003, 4000]
58132		2级道具-累产<color=#a46800>椰子</color>+生产	每累计生产500<color=#a46800>椰子</color>，<color=#a46800>椰子</color>生产效率+10%，最多叠加至50%	Assets/Product/Texture/Image/UiRogueSim/IconRogueSimBuff0211.png					8	[2, 1, 500, 2003, 1000, 5]
58133		2级道具-累产<color=#a46800>木材</color>+生产	每累计生产1000<color=#a46800>木材</color>，<color=#a46800>木材</color>生产效率+10%，最多叠加至50%	Assets/Product/Texture/Image/UiRogueSim/IconRogueSimBuff0211.png					8	[2, 2, 1000, 2003, 1000, 5]
58134		2级道具-累产<color=#a46800>石油</color>+生产	每累计生产100<color=#a46800>石油</color>，<color=#a46800>石油</color>生产效率+10%，最多叠加至50%	Assets/Product/Texture/Image/UiRogueSim/IconRogueSimBuff0211.png					8	[2, 3, 100, 2003, 1000, 5]
58135		2级道具-累销<color=#a46800>椰子</color>+生产	每累计销售500<color=#a46800>椰子</color>，<color=#a46800>椰子</color>售价+10%，最多叠加至50%	Assets/Product/Texture/Image/UiRogueSim/IconRogueSimBuff0211.png					8	[1, 1, 500, 1003, 1000, 5]
58136		2级道具-累销<color=#a46800>木材</color>+生产	每累计销售1000<color=#a46800>木材</color>，<color=#a46800>木材</color>售价+10%，最多叠加至50%	Assets/Product/Texture/Image/UiRogueSim/IconRogueSimBuff0211.png					8	[1, 2, 1000, 1003, 1000, 5]
58137		2级道具-累销<color=#a46800>石油</color>+生产	每累计销售100<color=#a46800>石油</color>，<color=#a46800>石油</color>售价+10%，最多叠加至50%	Assets/Product/Texture/Image/UiRogueSim/IconRogueSimBuff0211.png					8	[1, 3, 100, 1003, 1000, 5]
58201		3级道具-所有商品城邦星生产+	所有商品生产效率+(城邦星级总数*4)%	Assets/Product/Texture/Image/UiRogueSim/IconRogueSimBuff0211.png					26	[0, 400, 2003]
58202		3级道具-所有商品城邦星售价+	所有商品售价+(城邦星级总数*4)%	Assets/Product/Texture/Image/UiRogueSim/IconRogueSimBuff0211.png					26	[0, 400, 1003]
58203		3级道具-区域打折2	购买区域折扣-30%	Assets/Product/Texture/Image/UiRogueSim/IconRogueSimBuff0211.png					22	[0, 3000]
58204		3级道具-波动上限锁死-<color=#a46800>椰子</color>	所有商品的波动上限锁定为50%	Assets/Product/Texture/Image/UiRogueSim/IconRogueSimBuff0211.png					33	[1, 5000, 1]
58205		3级道具-波动上限锁死-<color=#a46800>木材</color>	所有商品的波动上限锁定为50%	Assets/Product/Texture/Image/UiRogueSim/IconRogueSimBuff0211.png					33	[1, 5000, 2]
58206		3级道具-波动上限锁死-<color=#a46800>石油</color>	所有商品的波动上限锁定为50%	Assets/Product/Texture/Image/UiRogueSim/IconRogueSimBuff0211.png					33	[1, 5000, 3]
58207		3级道具-生产效率额外+-<color=#a46800>椰子</color>	所有其他来源的商品生产率加成额外提升20%	Assets/Product/Texture/Image/UiRogueSim/IconRogueSimBuff0211.png					9	[2, 1, 2003, 2, 2000]
58208		3级道具-生产效率额外+-<color=#a46800>木材</color>	所有其他来源的商品生产率加成额外提升20%	Assets/Product/Texture/Image/UiRogueSim/IconRogueSimBuff0211.png					9	[2, 2, 2003, 2, 2000]
58209		3级道具-生产效率额外+-<color=#a46800>石油</color>	所有其他来源的商品生产率加成额外提升20%	Assets/Product/Texture/Image/UiRogueSim/IconRogueSimBuff0211.png					9	[2, 3, 2003, 2, 2000]
58210		3级道具-售价额外+-<color=#a46800>椰子</color>	所有其他来源的商品售价加成额外提升20%	Assets/Product/Texture/Image/UiRogueSim/IconRogueSimBuff0211.png					9	[2, 1, 1003, 2, 2000]
58211		3级道具-售价额外+-<color=#a46800>木材</color>	所有其他来源的商品售价加成额外提升20%	Assets/Product/Texture/Image/UiRogueSim/IconRogueSimBuff0211.png					9	[2, 2, 1003, 2, 2000]
58212		3级道具-售价额外+-<color=#a46800>石油</color>	所有其他来源的商品售价加成额外提升20%	Assets/Product/Texture/Image/UiRogueSim/IconRogueSimBuff0211.png					9	[2, 3, 1003, 2, 2000]
58213		3级道具-同销3种1种必爆	同时销售三种商品时，其中一种在本次销售结算时必定暴击（销售暴击+100%）	Assets/Product/Texture/Image/UiRogueSim/IconRogueSimBuff0211.png					31	[3, 0, 1005, 10000]
58214		3级道具-上季度未生产商品必爆	生产上一回合未生产的商品时，必定生产暴击（生产暴击率+100%）	Assets/Product/Texture/Image/UiRogueSim/IconRogueSimBuff0211.png					32	[1, 2005, 10000]
58215		3级道具-建造+生产	每建造一个建筑，所有商品的生产效率+3%	Assets/Product/Texture/Image/UiRogueSim/IconRogueSimBuff0211.png					28	[1, 0, 300, 2003, 0]
58216		3级道具-建造+售价	每建造一个建筑，所有商品的售价+3%	Assets/Product/Texture/Image/UiRogueSim/IconRogueSimBuff0211.png					28	[1, 0, 300, 1003, 0]
58217		3级道具-回合产点	每过2回合，获得1生产力	Assets/Product/Texture/Image/UiRogueSim/IconRogueSimBuff0211.png					21	[0, 2, 58218]
58218		3级道具-回合产点-附属	附属上方	Assets/Product/Texture/Image/UiRogueSim/IconRogueSimBuff0211.png					24	[1]
58219		3级道具-回合必爆	每过3回合，所有商品生产必定触发暴击	Assets/Product/Texture/Image/UiRogueSim/IconRogueSimBuff0211.png					21	[0, 3, 58220]
58220		3级道具-回合必爆-附属	附属上方	Assets/Product/Texture/Image/UiRogueSim/IconRogueSimBuff0211.png			1		7	[1, 2005, 10000, 2, 2005, 10000, 3, 2005, 10000]
58221	2004	2级道具-单季度收入爆米	季度收入超过5万金贝时，所有商品基础售价+1	Assets/Product/Texture/Image/UiRogueSim/IconRogueSimBuff0211.png			1		21	[0, 1, 58117]
58222		3级道具-信念	生产力+3	Assets/Product/Texture/Image/UiRogueSim/IconRogueSimBuff0211.png					24	[3]
58223		3级道具-友谊小船	<color=#a46800>石油</color>暴击效果+50%	Assets/Product/Texture/Image/UiRogueSim/IconRogueSimBuff0211.png					7	[3, 2006, 5000]
58224		3级道具-友谊小船	<color=#a46800>椰子</color>和<color=#a46800>木材</color>暴击率+30%	Assets/Product/Texture/Image/UiRogueSim/IconRogueSimBuff0211.png					7	[1, 2005, 3000, 2, 2005, 3000]
58225		3级道具-信念	生产力+1	Assets/Product/Texture/Image/UiRogueSim/IconRogueSimBuff0211.png					24	[1]
58226		3级道具-吉他乐谱	商品生产效率+30%	Assets/Product/Texture/Image/UiRogueSim/IconRogueSimBuff0211.png					7	[1, 2003, 5000, 2, 2003, 5000, 3, 2003, 5000]
58227		3级道具-生产效率额外+-<color=#a46800>椰子</color>	所有其他来源的商品生产率加成额外提升20%	Assets/Product/Texture/Image/UiRogueSim/IconRogueSimBuff0211.png					9	[4, 1, 2003, 2, 2000]
58228		3级道具-生产效率额外+-<color=#a46800>木材</color>	所有其他来源的商品生产率加成额外提升20%	Assets/Product/Texture/Image/UiRogueSim/IconRogueSimBuff0211.png					9	[4, 2, 2003, 2, 2000]
58229		3级道具-生产效率额外+-<color=#a46800>石油</color>	所有其他来源的商品生产率加成额外提升20%	Assets/Product/Texture/Image/UiRogueSim/IconRogueSimBuff0211.png					9	[4, 3, 2003, 2, 2000]
58230		3级道具-生产效率额外+-<color=#a46800>椰子</color>	所有其他来源的商品生产率加成额外提升20%	Assets/Product/Texture/Image/UiRogueSim/IconRogueSimBuff0211.png					9	[5, 1, 2003, 2, 2000]
58231		3级道具-生产效率额外+-<color=#a46800>木材</color>	所有其他来源的商品生产率加成额外提升20%	Assets/Product/Texture/Image/UiRogueSim/IconRogueSimBuff0211.png					9	[5, 2, 2003, 2, 2000]
58232		3级道具-生产效率额外+-<color=#a46800>石油</color>	所有其他来源的商品生产率加成额外提升20%	Assets/Product/Texture/Image/UiRogueSim/IconRogueSimBuff0211.png					9	[5, 3, 2003, 2, 2000]
58233		3级道具-生产效率额外+-<color=#a46800>椰子</color>	所有其他来源的商品生产率加成额外提升20%	Assets/Product/Texture/Image/UiRogueSim/IconRogueSimBuff0211.png					9	[6, 1, 2003, 2, 2000]
58234		3级道具-生产效率额外+-<color=#a46800>木材</color>	所有其他来源的商品生产率加成额外提升20%	Assets/Product/Texture/Image/UiRogueSim/IconRogueSimBuff0211.png					9	[6, 2, 2003, 2, 2000]
58235		3级道具-生产效率额外+-<color=#a46800>石油</color>	所有其他来源的商品生产率加成额外提升20%	Assets/Product/Texture/Image/UiRogueSim/IconRogueSimBuff0211.png					9	[6, 3, 2003, 2, 2000]
58236		3级道具-售价额外+-<color=#a46800>椰子</color>	所有其他来源的商品售价加成额外提升20%	Assets/Product/Texture/Image/UiRogueSim/IconRogueSimBuff0211.png					9	[4, 1, 1003, 2, 2000]
58237		3级道具-售价额外+-<color=#a46800>木材</color>	所有其他来源的商品售价加成额外提升20%	Assets/Product/Texture/Image/UiRogueSim/IconRogueSimBuff0211.png					9	[4, 2, 1003, 2, 2000]
58238		3级道具-售价额外+-<color=#a46800>石油</color>	所有其他来源的商品售价加成额外提升20%	Assets/Product/Texture/Image/UiRogueSim/IconRogueSimBuff0211.png					9	[4, 3, 1003, 2, 2000]
58239		3级道具-售价额外+-<color=#a46800>椰子</color>	所有其他来源的商品售价加成额外提升20%	Assets/Product/Texture/Image/UiRogueSim/IconRogueSimBuff0211.png					9	[5, 1, 1003, 2, 2000]
58240		3级道具-售价额外+-<color=#a46800>木材</color>	所有其他来源的商品售价加成额外提升20%	Assets/Product/Texture/Image/UiRogueSim/IconRogueSimBuff0211.png					9	[5, 2, 1003, 2, 2000]
58241		3级道具-售价额外+-<color=#a46800>石油</color>	所有其他来源的商品售价加成额外提升20%	Assets/Product/Texture/Image/UiRogueSim/IconRogueSimBuff0211.png					9	[5, 3, 1003, 2, 2000]
58242		3级道具-售价额外+-<color=#a46800>椰子</color>	所有其他来源的商品售价加成额外提升20%	Assets/Product/Texture/Image/UiRogueSim/IconRogueSimBuff0211.png					9	[6, 1, 1003, 2, 2000]
58243		3级道具-售价额外+-<color=#a46800>木材</color>	所有其他来源的商品售价加成额外提升20%	Assets/Product/Texture/Image/UiRogueSim/IconRogueSimBuff0211.png					9	[6, 2, 1003, 2, 2000]
58244		3级道具-售价额外+-<color=#a46800>石油</color>	所有其他来源的商品售价加成额外提升20%	Assets/Product/Texture/Image/UiRogueSim/IconRogueSimBuff0211.png					9	[6, 3, 1003, 2, 2000]
80011		售价	商品售价+20%	Assets/Product/Texture/Image/UiRogueSim/IconRogueSimBuff0211.png			2		7	[1, 1003, 2000, 2, 1003, 2000, 3, 1003, 2000]
80012		生产	商品生产效率+30%	Assets/Product/Texture/Image/UiRogueSim/IconRogueSimBuff0211.png			2		7	[1, 2003, 3000, 2, 2003, 3000, 3, 2003, 3000]
80013		售价	商品售价-10%	Assets/Product/Texture/Image/UiRogueSim/IconRogueSimBuff0211.png			2		7	[1, 1003, -1000, 2, 1003, -1000, 3, 1003, -1000]
80021		生产	商品生产效率+30%	Assets/Product/Texture/Image/UiRogueSim/IconRogueSimBuff0211.png			3		7	[1, 2003, 3000, 2, 2003, 3000, 3, 2003, 3000]
80022		生产	商品生产效率+15%	Assets/Product/Texture/Image/UiRogueSim/IconRogueSimBuff0211.png			3		7	[1, 2003, 1500, 2, 2003, 1500, 3, 2003, 1500]
80023		销售暴击	商品销售暴击率+20%	Assets/Product/Texture/Image/UiRogueSim/IconRogueSimBuff0211.png			2		7	[1, 1005, 2000, 2, 1005, 2000, 3, 1005, 2000]
80024		生产	<color=#a46800>椰子</color>和<color=#a46800>木材</color>的生产效率+40%	Assets/Product/Texture/Image/UiRogueSim/IconRogueSimBuff0211.png			2		7	[1, 2003, 4000, 2, 2003, 4000]
80025		生产	商品生产效率-30%	Assets/Product/Texture/Image/UiRogueSim/IconRogueSimBuff0211.png			1		7	[1, 2003, -3000, 2, 2003, -3000, 3, 2003, -3000]
80026		售价	商品售价+30%	Assets/Product/Texture/Image/UiRogueSim/IconRogueSimBuff0211.png					7	[1, 1003, 3000, 2, 1003, 3000, 3, 1003, 3000]
80027		生产力	生产力+1	Assets/Product/Texture/Image/UiRogueSim/IconRogueSimBuff0211.png			2		24	[1]
80028		生产力	生产力+1	Assets/Product/Texture/Image/UiRogueSim/IconRogueSimBuff0211.png			3		24	[1]
80029		生产	<color=#a46800>石油</color>生产效率+20%	Assets/Product/Texture/Image/UiRogueSim/IconRogueSimBuff0211.png			2		7	[3, 2003, 2000]
80030		生产	商品生产效率+30%	Assets/Product/Texture/Image/UiRogueSim/IconRogueSimBuff0211.png					7	[1, 2003, 3000, 2, 2003, 3000, 3, 2003, 3000]
80031		生产	<color=#a46800>椰子</color>生产效率+30%	Assets/Product/Texture/Image/UiRogueSim/IconRogueSimBuff0211.png			2		7	[1, 2003, 3000]
80032		售价	商品售价+20%	Assets/Product/Texture/Image/UiRogueSim/IconRogueSimBuff0211.png			2		7	[1, 1003, 2000, 2, 1003, 2000, 3, 1003, 2000]
80033		工程队	建筑生产的商品数量+20%	Assets/Product/Texture/Image/UiRogueSim/IconRogueSimBuff0211.png					20	[19, 2000]
80034		销售暴击效果	商品销售暴击效果+30%	Assets/Product/Texture/Image/UiRogueSim/IconRogueSimBuff0211.png			3		7	[1, 1006, 3000, 2, 1006, 3000, 3, 1006, 3000]
80035		销售暴击	商品销售暴击率+30%	Assets/Product/Texture/Image/UiRogueSim/IconRogueSimBuff0211.png			2		7	[1, 1005, 3000, 2, 1005, 3000, 3, 1005, 3000]
80036		销售暴击效果	商品销售暴击效果+50%	Assets/Product/Texture/Image/UiRogueSim/IconRogueSimBuff0211.png			2		7	[1, 1006, 5000, 2, 1006, 5000, 3, 1006, 5000]
80037		生产暴击	椰子和木材生产暴击率+20%	Assets/Product/Texture/Image/UiRogueSim/IconRogueSimBuff0211.png			2		7	[1, 2005, 2000, 2, 2005, 2000]
80038		生产暴击	椰子和木材生产暴击率+30%	Assets/Product/Texture/Image/UiRogueSim/IconRogueSimBuff0211.png			3		7	[1, 2005, 3000, 2, 2005, 3000]
80039		销售暴击	椰子和木材销售暴击率+30%	Assets/Product/Texture/Image/UiRogueSim/IconRogueSimBuff0211.png			3		7	[1, 1005, 3000, 2, 1005, 3000]
80040		销售暴击效果	石油销售暴击效果+40%	Assets/Product/Texture/Image/UiRogueSim/IconRogueSimBuff0211.png			3		7	[3, 1006, 4000]
80041		生产	商品生产效率+40%	Assets/Product/Texture/Image/UiRogueSim/IconRogueSimBuff0211.png			2		7	[1, 2003, 4000, 2, 2003, 4000, 3, 2003, 4000]
80042		售价	商品售价+30%	Assets/Product/Texture/Image/UiRogueSim/IconRogueSimBuff0211.png			3		7	[1, 1003, 3000, 2, 1003, 3000, 3, 1003, 3000]
80043		售价	商品售价+15%	Assets/Product/Texture/Image/UiRogueSim/IconRogueSimBuff0211.png			3		7	[1, 1003, 1500, 2, 1003, 1500, 3, 1003, 1500]
80044		售价	商品售价+30%	Assets/Product/Texture/Image/UiRogueSim/IconRogueSimBuff0211.png			2		7	[1, 1003, 3000, 2, 1003, 3000, 3, 1003, 3000]
80045		售价	商品售价-30%	Assets/Product/Texture/Image/UiRogueSim/IconRogueSimBuff0211.png			2		7	[1, 1003, -3000, 2, 1003, -3000, 3, 1003, -3000]
80046		生产	商品生产效率-10%	Assets/Product/Texture/Image/UiRogueSim/IconRogueSimBuff0211.png			2		7	[1, 2003, -1000, 2, 2003, -1000, 3, 2003, -1000]
80047		销售暴击	商品销售暴击率+30%	Assets/Product/Texture/Image/UiRogueSim/IconRogueSimBuff0211.png			3		7	[1, 1005, 3000, 2, 1005, 3000, 3, 1005, 3000]
80048		销售暴击效果	商品销售暴击效果+50%	Assets/Product/Texture/Image/UiRogueSim/IconRogueSimBuff0211.png			3		7	[1, 1006, 5000, 2, 1006, 5000, 3, 1006, 5000]
