Key	CellX	CellY	Type	CollisionEffect	CollisionEffectName
VisibleObstacle					
	363	552			
	364	552			
	362	552			
	363	553			
	363	551			
	364	553			
	364	551			
	362	553			
	362	551			
	363	554			
	365	552			
	363	550			
	361	552			
	364	550			
	362	550			
	365	551			
	363	549			
	361	551			
	364	549			
	362	549			
	365	550			
	363	548			
	361	550			
	364	548			
	362	548			
	365	549			
	363	547			
	361	549			
	364	547			
	362	547			
	363	546			
	364	546			
	362	546			
	365	547			
	363	545			
	361	547			
	364	545			
	362	545			
	365	546			
	363	544			
	361	546			
	364	544			
	362	544			
	365	545			
	363	543			
	361	545			
	364	543			
	362	543			
	365	544			
	363	542			
	361	544			
	364	542			
	362	542			
	365	543			
	363	541			
	361	543			
	364	541			
	362	541			
	365	542			
	363	540			
	361	542			
	364	540			
	362	540			
	365	541			
	363	539			
	361	541			
	364	539			
	362	539			
	365	540			
	363	538			
	361	540			
	364	538			
	362	538			
	365	539			
	363	537			
	361	539			
	361	538			
	362	537			
	360	539			
	361	537			
	362	536			
	360	538			
	363	536			
	361	536			
	364	537			
	362	535			
	360	537			
	363	535			
	361	535			
	364	536			
	362	534			
	360	536			
	363	534			
	361	534			
	364	535			
	362	533			
	360	535			
	363	533			
	361	533			
	364	534			
	362	532			
	360	534			
	363	532			
	361	532			
	364	533			
	362	531			
	360	533			
	363	531			
	361	531			
	364	532			
	362	530			
	360	532			
	363	530			
	361	530			
	364	531			
	362	529			
	360	531			
	363	529			
	361	529			
	364	530			
	362	528			
	360	530			
	363	528			
	361	528			
	364	529			
	362	527			
	360	529			
	363	527			
	361	527			
	364	528			
	362	526			
	360	528			
	363	526			
	361	526			
	364	527			
	362	525			
	360	527			
	363	525			
	361	525			
	364	526			
	362	524			
	360	526			
	360	525			
	361	524			
	359	526			
	359	527			
	359	525			
	360	524			
	358	526			
	358	527			
	358	525			
	359	528			
	359	524			
	357	526			
	357	527			
	357	525			
	358	528			
	358	524			
	356	526			
	356	527			
	356	525			
	357	528			
	357	524			
	355	526			
	355	527			
	355	525			
	356	528			
	356	524			
	354	526			
	354	527			
	354	525			
	355	528			
	355	524			
	353	526			
	353	527			
	353	525			
	354	528			
	354	524			
	352	526			
	353	524			
	354	523			
	352	525			
	352	524			
	353	523			
	351	525			
	351	526			
	351	524			
	352	527			
	352	523			
	350	525			
	350	526			
	350	524			
	351	527			
	351	523			
	349	525			
	348	525			
	349	526			
	349	524			
	348	526			
	348	524			
	349	527			
	349	523			
	347	525			
	347	526			
	347	524			
	348	527			
	348	523			
	346	525			
	346	524			
	347	523			
	346	523			
	347	522			
	345	524			
	345	525			
	345	523			
	346	526			
	346	522			
	344	524			
	344	525			
	344	523			
	345	526			
	345	522			
	343	524			
	343	523			
	344	522			
	343	522			
	344	521			
	342	523			
	342	524			
	342	522			
	343	525			
	343	521			
	341	523			
	342	521			
	343	520			
	341	522			
	341	521			
	342	520			
	340	522			
	340	523			
	340	521			
	341	524			
	341	520			
	339	522			
	339	521			
	340	520			
	339	520			
	340	519			
	338	521			
	338	520			
	337	520			
	338	519			
	339	519			
	337	521			
	337	519			
	338	522			
	338	518			
	336	520			
	336	519			
	337	518			
	336	518			
	337	517			
	335	519			
	335	520			
	335	518			
	336	521			
	336	517			
	334	519			
	334	518			
	335	517			
	334	517			
	335	516			
	333	518			
	333	519			
	333	517			
	334	520			
	334	516			
	332	518			
	332	519			
	332	517			
	333	520			
	333	516			
	331	518			
	332	516			
	333	515			
	331	517			
	331	516			
	332	515			
	330	517			
	330	516			
	331	515			
	330	515			
	331	514			
	329	516			
	329	515			
	330	514			
	329	514			
	330	513			
	328	515			
	328	516			
	328	514			
	329	517			
	329	513			
	327	515			
	327	514			
	328	513			
	327	513			
	328	512			
	326	514			
	326	515			
	326	513			
	327	516			
	327	512			
	325	514			
	325	513			
	326	512			
	325	512			
	326	511			
	324	513			
	324	512			
	325	511			
	324	511			
	325	510			
	323	512			
	323	511			
	324	510			
	323	510			
	324	509			
	322	511			
	322	510			
	321	510			
	322	509			
	323	509			
	321	511			
	321	509			
	322	512			
	322	508			
	320	510			
	320	509			
	321	508			
	320	508			
	321	507			
	319	509			
	319	510			
	319	508			
	320	511			
	320	507			
	318	509			
	319	507			
	320	506			
	318	508			
	318	507			
	319	506			
	317	508			
	317	507			
	318	506			
	317	506			
	318	505			
	316	507			
	319	505			
	317	505			
	318	504			
	316	506			
	316	505			
	317	504			
	316	504			
	317	503			
	315	505			
	315	504			
	316	503			
	315	503			
	316	502			
	314	504			
	314	503			
	315	502			
	314	502			
	315	501			
	313	503			
	313	502			
	314	501			
	313	501			
	314	500			
	312	502			
	315	500			
	313	500			
	316	501			
	314	499			
	312	501			
	312	500			
	313	499			
	312	499			
	313	498			
	311	500			
	312	498			
	311	498			
	312	497			
	313	497			
	311	499			
	311	497			
	314	498			
	312	496			
	310	498			
	310	497			
	311	496			
	310	496			
	311	495			
	309	497			
	312	495			
	310	495			
	313	496			
	311	494			
	309	496			
	309	495			
	310	494			
	308	496			
	309	494			
	310	493			
	308	495			
	308	494			
	309	493			
	308	493			
	309	492			
	307	494			
	310	492			
	308	492			
	311	493			
	309	491			
	307	493			
	307	492			
	308	491			
	307	491			
	308	490			
	306	492			
	309	490			
	307	490			
	310	491			
	308	489			
	306	491			
	306	490			
	307	489			
	306	489			
	307	488			
	305	490			
	305	489			
	306	488			
	305	488			
	306	487			
	304	489			
	307	487			
	305	487			
	308	488			
	306	486			
	304	488			
	304	487			
	305	486			
	303	488			
	304	486			
	305	485			
	303	487			
	306	485			
	304	485			
	307	486			
	305	484			
	303	486			
	303	485			
	304	484			
	303	484			
	304	483			
	302	485			
	305	483			
	303	483			
	306	484			
	304	482			
	302	484			
	303	482			
	302	482			
	303	481			
	304	481			
	302	483			
	302	481			
	305	482			
	303	480			
	301	482			
	304	480			
	302	480			
	305	481			
	303	479			
	301	481			
	304	479			
	302	479			
	303	478			
	304	478			
	302	478			
	305	479			
	303	477			
	301	479			
	301	480			
	301	478			
	302	477			
	300	479			
	301	477			
	302	476			
	300	478			
	303	476			
	301	476			
	304	477			
	302	475			
	300	477			
	303	475			
	301	475			
	304	476			
	302	474			
	300	476			
	303	474			
	301	474			
	304	475			
	302	473			
	300	475			
	303	473			
	301	473			
	304	474			
	302	472			
	300	474			
	301	472			
	300	472			
	301	471			
	302	471			
	300	473			
	300	471			
	303	472			
	301	470			
	299	472			
	302	470			
	300	470			
	303	471			
	301	469			
	299	471			
	302	469			
	300	469			
	301	468			
	302	468			
	300	468			
	303	469			
	301	467			
	299	469			
	302	467			
	300	467			
	303	468			
	301	466			
	299	468			
	302	466			
	300	466			
	303	467			
	301	465			
	299	467			
	302	465			
	300	465			
	303	466			
	301	464			
	299	466			
	302	464			
	300	464			
	303	465			
	301	463			
	299	465			
	302	463			
	300	463			
	303	464			
	301	462			
	299	464			
	302	462			
	300	462			
	303	463			
	301	461			
	299	463			
	302	461			
	300	461			
	303	462			
	301	460			
	299	462			
	302	460			
	300	460			
	303	461			
	301	459			
	299	461			
	302	459			
	300	459			
	303	460			
	301	458			
	299	460			
	302	458			
	300	458			
	303	459			
	301	457			
	299	459			
	302	457			
	300	457			
	303	458			
	301	456			
	299	458			
	302	456			
	300	456			
	303	457			
	301	455			
	299	457			
	302	455			
	300	455			
	303	456			
	301	454			
	299	456			
	302	454			
	300	454			
	301	453			
	302	453			
	300	453			
	303	454			
	301	452			
	299	454			
	302	452			
	300	452			
	303	453			
	301	451			
	299	453			
	302	451			
	300	451			
	303	452			
	301	450			
	299	452			
	302	450			
	300	450			
	303	451			
	301	449			
	299	451			
	302	449			
	300	449			
	303	450			
	301	448			
	299	450			
	302	448			
	300	448			
	303	449			
	301	447			
	299	449			
	302	447			
	300	447			
	303	448			
	301	446			
	299	448			
	302	446			
	300	446			
	303	447			
	301	445			
	299	447			
	302	445			
	300	445			
	303	446			
	301	444			
	299	446			
	302	444			
	300	444			
	303	445			
	301	443			
	299	445			
	302	443			
	303	443			
	302	442			
	303	444			
	303	442			
	301	442			
	304	443			
	302	441			
	300	443			
	303	441			
	301	441			
	304	442			
	302	440			
	300	442			
	303	440			
	301	440			
	304	441			
	302	439			
	300	441			
	304	440			
	303	439			
	304	439			
	305	440			
	303	438			
	304	438			
	302	438			
	305	439			
	303	437			
	301	439			
	304	437			
	302	437			
	305	438			
	303	436			
	301	438			
	305	437			
	304	436			
	305	436			
	306	437			
	304	435			
	305	435			
	303	435			
	306	436			
	304	434			
	302	436			
	305	434			
	303	434			
	306	435			
	304	433			
	302	435			
	305	433			
	306	433			
	305	432			
	306	434			
	306	432			
	304	432			
	307	433			
	305	431			
	303	433			
	307	432			
	306	431			
	307	431			
	308	432			
	306	430			
	307	430			
	305	430			
	308	431			
	306	429			
	304	431			
	307	429			
	305	429			
	308	430			
	306	428			
	304	430			
	307	428			
	308	428			
	307	427			
	308	429			
	308	427			
	306	427			
	309	428			
	307	426			
	305	428			
	309	427			
	308	426			
	309	426			
	310	427			
	308	425			
	309	425			
	307	425			
	310	426			
	308	424			
	306	426			
	310	425			
	309	424			
	310	424			
	311	425			
	309	423			
	310	423			
	308	423			
	311	424			
	309	422			
	307	424			
	311	423			
	312	424			
	310	422			
	311	422			
	312	423			
	310	421			
	312	421			
	313	421			
	311	421			
	312	422			
	312	420			
	313	422			
	313	420			
	311	420			
	314	421			
	312	419			
	314	420			
	313	419			
	314	419			
	315	420			
	313	418			
	314	418			
	312	418			
	315	419			
	313	417			
	311	419			
	315	418			
	314	417			
	315	417			
	316	418			
	314	416			
	315	416			
	313	416			
	316	417			
	314	415			
	312	417			
	316	416			
	315	415			
	316	415			
	317	416			
	315	414			
	317	415			
	316	414			
	317	414			
	318	415			
	316	413			
	317	413			
	315	413			
	318	414			
	316	412			
	314	414			
	318	413			
	319	414			
	317	412			
	319	413			
	318	412			
	319	412			
	320	413			
	318	411			
	319	411			
	317	411			
	320	412			
	318	410			
	320	411			
	319	410			
	320	410			
	321	411			
	319	409			
	321	410			
	320	409			
	321	409			
	322	410			
	320	408			
	321	408			
	319	408			
	322	409			
	320	407			
	318	409			
	322	408			
	323	409			
	321	407			
	322	407			
	323	408			
	321	406			
	323	406			
	324	406			
	322	406			
	323	407			
	323	405			
	324	407			
	324	405			
	322	405			
	325	406			
	323	404			
	325	405			
	324	404			
	325	404			
	326	405			
	324	403			
	326	404			
	325	403			
	326	403			
	327	404			
	325	402			
	327	403			
	326	402			
	327	402			
	328	403			
	326	401			
	328	404			
	328	402			
	327	405			
	329	403			
	327	401			
	329	402			
	328	401			
	329	401			
	330	402			
	328	400			
	330	401			
	329	400			
	330	400			
	331	401			
	329	399			
	331	402			
	331	400			
	330	403			
	332	401			
	330	399			
	332	400			
	331	399			
	332	399			
	333	400			
	331	398			
	333	399			
	332	398			
	333	398			
	334	399			
	332	397			
	334	398			
	333	397			
	334	397			
	335	398			
	333	396			
	335	399			
	335	397			
	334	400			
	336	398			
	334	396			
	336	397			
	335	396			
	336	396			
	337	397			
	335	395			
	337	396			
	336	395			
	337	395			
	338	396			
	336	394			
	338	395			
	337	394			
	338	394			
	339	395			
	337	393			
	339	396			
	339	394			
	338	397			
	340	395			
	338	393			
	340	394			
	339	393			
	340	393			
	341	394			
	339	392			
	341	393			
	340	392			
	341	392			
	342	393			
	340	391			
	342	394			
	342	392			
	341	395			
	343	393			
	341	391			
	343	392			
	342	391			
	343	391			
	344	392			
	342	390			
	344	391			
	343	390			
	344	390			
	345	391			
	343	389			
	345	392			
	345	390			
	344	393			
	346	391			
	344	389			
	346	390			
	345	389			
	346	389			
	347	390			
	345	388			
	347	389			
	346	388			
	347	388			
	348	389			
	346	387			
	348	390			
	348	388			
	347	391			
	349	389			
	347	387			
	349	390			
	349	388			
	348	391			
	350	389			
	348	387			
	350	388			
	349	387			
	350	387			
	351	388			
	349	386			
	351	389			
	351	387			
	350	390			
	352	388			
	350	386			
	352	387			
	351	386			
	352	386			
	353	387			
	351	385			
	353	388			
	353	386			
	352	389			
	354	387			
	352	385			
	353	385			
	354	386			
	352	384			
	354	385			
	355	386			
	353	384			
	355	387			
	355	385			
	354	388			
	356	386			
	354	384			
	356	387			
	356	385			
	355	388			
	357	386			
	355	384			
	357	387			
	357	385			
	356	388			
	358	386			
	356	384			
	358	387			
	358	385			
	357	388			
	359	386			
	357	384			
	359	387			
	359	385			
	358	388			
	360	386			
	358	384			
	360	387			
	360	385			
	359	388			
	361	386			
	359	384			
	361	387			
	361	385			
	360	388			
	362	386			
	360	384			
	362	387			
	362	385			
	361	388			
	363	386			
	361	384			
	362	384			
	363	385			
	361	383			
	363	384			
	364	385			
	362	383			
	364	386			
	364	384			
	363	387			
	365	385			
	363	383			
	364	383			
	365	384			
	363	382			
	365	383			
	366	384			
	364	382			
	365	382			
	366	383			
	364	381			
	366	382			
	367	383			
	365	381			
	366	381			
	367	382			
	365	380			
	366	380			
	364	380			
	367	381			
	365	379			
	363	381			
	367	380			
	368	381			
	366	379			
	367	379			
	368	380			
	366	378			
	392	552			
	393	552			
	391	552			
	392	553			
	392	551			
	393	553			
	393	551			
	391	553			
	391	551			
	392	554			
	394	552			
	392	550			
	390	552			
	393	550			
	391	550			
	392	549			
	393	549			
	391	549			
	394	550			
	392	548			
	390	550			
	393	548			
	391	548			
	394	549			
	392	547			
	390	549			
	393	547			
	391	547			
	394	548			
	392	546			
	390	548			
	393	546			
	391	546			
	392	545			
	393	545			
	391	545			
	394	546			
	392	544			
	390	546			
	392	543			
	393	543			
	391	543			
	392	542			
	393	544			
	393	542			
	391	544			
	391	542			
	394	543			
	392	541			
	390	543			
	393	541			
	391	541			
	394	542			
	392	540			
	390	542			
	393	540			
	391	540			
	392	539			
	393	539			
	391	539			
	394	540			
	392	538			
	390	540			
	393	538			
	391	538			
	394	539			
	392	537			
	390	539			
	393	537			
	391	537			
	392	536			
	393	536			
	391	536			
	394	537			
	392	535			
	390	537			
	393	535			
	391	535			
	394	536			
	392	534			
	390	536			
	393	534			
	391	534			
	392	533			
	393	533			
	391	533			
	394	534			
	392	532			
	390	534			
	393	532			
	391	532			
	394	533			
	392	531			
	390	533			
	393	531			
	391	531			
	394	532			
	392	530			
	390	532			
	393	530			
	391	530			
	394	531			
	392	529			
	390	531			
	393	529			
	391	529			
	394	530			
	392	528			
	390	530			
	393	528			
	391	528			
	392	527			
	393	527			
	391	527			
	394	528			
	392	526			
	390	528			
	393	526			
	391	526			
	394	527			
	392	525			
	390	527			
	393	525			
	391	525			
	392	524			
	393	524			
	391	524			
	394	525			
	392	523			
	390	525			
	393	523			
	391	523			
	394	524			
	392	522			
	390	524			
	393	522			
	391	522			
	394	523			
	392	521			
	390	523			
	390	522			
	391	521			
	390	521			
	391	520			
	389	522			
	392	520			
	390	520			
	393	521			
	391	519			
	389	521			
	392	519			
	390	519			
	393	520			
	391	518			
	389	520			
	392	518			
	390	518			
	393	519			
	391	517			
	389	519			
	392	517			
	390	517			
	393	518			
	391	516			
	389	518			
	392	516			
	390	516			
	393	517			
	391	515			
	389	517			
	392	515			
	390	515			
	393	516			
	391	514			
	389	516			
	392	514			
	390	514			
	393	515			
	391	513			
	389	515			
	392	513			
	390	513			
	393	514			
	391	512			
	389	514			
	393	513			
	392	512			
	393	512			
	394	513			
	392	511			
	394	512			
	393	511			
	394	511			
	395	512			
	393	510			
	395	513			
	395	511			
	394	514			
	396	512			
	394	510			
	396	511			
	395	510			
	396	510			
	397	511			
	395	509			
	397	512			
	397	510			
	396	513			
	398	511			
	396	509			
	398	510			
	397	509			
	398	509			
	399	510			
	397	508			
	399	509			
	398	508			
	399	508			
	400	509			
	398	507			
	400	508			
	399	507			
	400	507			
	401	508			
	399	506			
	401	509			
	401	507			
	400	510			
	402	508			
	400	506			
	402	506			
	403	506			
	401	506			
	402	507			
	402	505			
	403	507			
	403	505			
	401	505			
	404	506			
	402	504			
	404	505			
	403	504			
	404	504			
	405	505			
	403	503			
	406	505			
	405	506			
	405	504			
	406	506			
	406	504			
	405	507			
	407	505			
	405	503			
	407	504			
	406	503			
	407	503			
	408	504			
	406	502			
	408	503			
	407	502			
	408	502			
	409	503			
	407	501			
	409	504			
	409	502			
	408	505			
	410	503			
	408	501			
	409	501			
	410	502			
	408	500			
	410	500			
	411	500			
	409	500			
	410	501			
	410	499			
	411	501			
	411	499			
	409	499			
	412	500			
	410	498			
	412	501			
	412	499			
	411	502			
	413	500			
	411	498			
	413	498			
	414	498			
	412	498			
	413	499			
	413	497			
	414	499			
	414	497			
	412	497			
	415	498			
	413	496			
	415	497			
	416	497			
	415	496			
	416	498			
	416	496			
	414	496			
	415	499			
	417	497			
	415	495			
	416	495			
	414	495			
	417	496			
	415	494			
	417	494			
	418	494			
	416	494			
	417	495			
	417	493			
	418	495			
	418	493			
	416	493			
	419	494			
	417	492			
	419	493			
	418	492			
	419	492			
	420	493			
	418	491			
	419	491			
	420	491			
	419	490			
	420	492			
	420	490			
	418	490			
	421	491			
	419	489			
	417	491			
	421	490			
	420	489			
	421	489			
	422	490			
	420	488			
	421	488			
	422	488			
	421	487			
	422	489			
	422	487			
	420	487			
	423	488			
	421	486			
	419	488			
	423	487			
	422	486			
	423	486			
	424	487			
	422	485			
	423	485			
	424	485			
	423	484			
	424	486			
	424	484			
	422	484			
	425	485			
	423	483			
	421	485			
	425	484			
	424	483			
	425	483			
	426	484			
	424	482			
	425	482			
	423	482			
	426	483			
	424	481			
	422	483			
	426	482			
	425	481			
	426	481			
	427	482			
	425	480			
	427	483			
	427	481			
	428	482			
	426	480			
	427	480			
	428	481			
	426	479			
	428	480			
	427	479			
	428	479			
	429	480			
	427	478			
	428	478			
	426	478			
	429	479			
	427	477			
	425	479			
	429	478			
	428	477			
	429	477			
	430	478			
	428	476			
	430	477			
	429	476			
	430	476			
	431	477			
	429	475			
	430	475			
	428	475			
	431	476			
	429	474			
	427	476			
	431	475			
	432	476			
	430	474			
	431	474			
	432	474			
	431	473			
	432	475			
	432	473			
	430	473			
	433	474			
	431	472			
	432	472			
	430	472			
	433	473			
	431	471			
	429	473			
	433	471			
	434	471			
	432	471			
	433	472			
	433	470			
	434	472			
	434	470			
	432	470			
	435	471			
	433	469			
	434	469			
	432	469			
	433	468			
	434	468			
	432	468			
	435	469			
	433	467			
	431	469			
	434	467			
	435	467			
	434	466			
	435	468			
	435	466			
	433	466			
	436	467			
	434	465			
	432	467			
	435	465			
	433	465			
	436	466			
	434	464			
	432	466			
	435	464			
	433	464			
	434	463			
	435	463			
	433	463			
	436	464			
	434	462			
	432	464			
	436	463			
	435	462			
	436	462			
	437	463			
	435	461			
	436	461			
	434	461			
	435	460			
	436	460			
	434	460			
	437	461			
	435	459			
	433	461			
	436	459			
	434	459			
	437	460			
	435	458			
	433	460			
	437	459			
	438	460			
	436	458			
	437	458			
	438	459			
	436	457			
	437	457			
	435	457			
	438	458			
	436	456			
	434	458			
	437	456			
	435	456			
	438	457			
	436	455			
	434	457			
	437	455			
	435	455			
	438	456			
	436	454			
	434	456			
	437	454			
	435	454			
	438	455			
	436	453			
	434	455			
	437	453			
	435	453			
	436	452			
	437	452			
	435	452			
	438	453			
	436	451			
	434	453			
	437	451			
	435	451			
	438	452			
	436	450			
	434	452			
	437	450			
	435	450			
	436	449			
	437	449			
	435	449			
	438	450			
	436	448			
	434	450			
	437	448			
	435	448			
	438	449			
	436	447			
	434	449			
	437	447			
	435	447			
	438	448			
	436	446			
	434	448			
	437	446			
	435	446			
	438	447			
	436	445			
	434	447			
	437	445			
	435	445			
	438	446			
	436	444			
	434	446			
	437	444			
	435	444			
	438	445			
	436	443			
	434	445			
	437	443			
	435	443			
	438	444			
	436	442			
	434	444			
	437	442			
	435	442			
	438	443			
	436	441			
	434	443			
	437	441			
	435	441			
	438	442			
	436	440			
	434	442			
	435	440			
	434	440			
	435	439			
	436	439			
	434	441			
	434	439			
	437	440			
	435	438			
	433	440			
	436	438			
	434	438			
	435	437			
	436	437			
	434	437			
	437	438			
	435	436			
	433	438			
	436	436			
	434	436			
	437	437			
	435	435			
	433	437			
	434	434			
	435	434			
	433	434			
	434	435			
	434	433			
	435	433			
	433	435			
	433	433			
	436	434			
	434	432			
	432	434			
	432	433			
	433	432			
	432	432			
	433	431			
	431	433			
	434	431			
	432	431			
	435	432			
	433	430			
	431	432			
	434	430			
	432	430			
	433	429			
	434	429			
	432	429			
	435	430			
	433	428			
	431	430			
	431	429			
	432	428			
	431	428			
	432	427			
	430	429			
	433	427			
	431	427			
	434	428			
	432	426			
	430	428			
	430	427			
	431	426			
	430	426			
	431	425			
	429	427			
	432	425			
	430	425			
	433	426			
	431	424			
	429	426			
	432	424			
	430	424			
	433	425			
	431	423			
	429	425			
	429	424			
	430	423			
	428	425			
	429	423			
	430	422			
	428	424			
	428	423			
	429	422			
	428	422			
	429	421			
	427	423			
	427	422			
	428	421			
	427	421			
	428	420			
	426	422			
	429	420			
	427	420			
	430	421			
	428	419			
	426	421			
	426	420			
	427	419			
	426	419			
	427	418			
	425	420			
	425	419			
	426	418			
	425	418			
	426	417			
	424	419			
	427	417			
	425	417			
	428	418			
	426	416			
	424	418			
	424	417			
	425	416			
	424	416			
	425	415			
	423	417			
	423	416			
	424	415			
	423	415			
	424	414			
	422	416			
	422	415			
	423	414			
	422	414			
	423	413			
	421	415			
	424	413			
	422	413			
	425	414			
	423	412			
	421	414			
	421	413			
	422	412			
	421	412			
	422	411			
	420	413			
	423	411			
	421	411			
	424	412			
	422	410			
	420	412			
	420	411			
	421	410			
	419	412			
	419	411			
	420	410			
	419	410			
	420	409			
	418	411			
	421	409			
	419	409			
	420	408			
	418	410			
	418	409			
	419	408			
	417	410			
	417	411			
	417	409			
	418	412			
	418	408			
	416	410			
	417	408			
	418	407			
	416	409			
	416	408			
	417	407			
	415	409			
	415	408			
	416	407			
	415	407			
	416	406			
	414	408			
	414	407			
	415	406			
	414	406			
	415	405			
	413	407			
	413	408			
	413	406			
	414	409			
	414	405			
	412	407			
	413	405			
	414	404			
	412	406			
	412	405			
	413	404			
	411	406			
	411	407			
	411	405			
	412	408			
	412	404			
	410	406			
	410	407			
	410	405			
	411	408			
	411	404			
	409	406			
	409	405			
	410	404			
	409	404			
	410	403			
	408	405			
	408	406			
	408	404			
	409	407			
	409	403			
	407	405			
	407	406			
	407	404			
	408	407			
	408	403			
	406	405			
	406	406			
	406	404			
	407	407			
	407	403			
	405	405			
	405	406			
	405	404			
	406	407			
	406	403			
	404	405			
	404	406			
	404	404			
	405	407			
	405	403			
	403	405			
	403	406			
	403	404			
	404	407			
	404	403			
	402	405			
	403	403			
	404	402			
	402	404			
	402	403			
	403	402			
	401	404			
	401	405			
	401	403			
	402	406			
	402	402			
	400	404			
	400	405			
	400	403			
	401	406			
	401	402			
	399	404			
	400	402			
	401	401			
	399	403			
	399	402			
	400	401			
	398	403			
	398	404			
	398	402			
	399	405			
	399	401			
	397	403			
	397	404			
	397	402			
	398	405			
	398	401			
	396	403			
	397	401			
	398	400			
	396	402			
	396	401			
	397	400			
	395	402			
	396	400			
	397	399			
	395	401			
	395	400			
	396	399			
	394	401			
	395	399			
	396	398			
	394	400			
	397	398			
	395	398			
	398	399			
	396	397			
	394	399			
	394	398			
	395	397			
	394	397			
	395	396			
	393	398			
	396	396			
	394	396			
	397	397			
	395	395			
	393	397			
	397	396			
	398	397			
	396	395			
	397	395			
	398	396			
	396	394			
	397	394			
	395	394			
	398	395			
	396	393			
	394	395			
	394	394			
	395	393			
	394	393			
	395	392			
	393	394			
	396	392			
	394	392			
	397	393			
	395	391			
	393	393			
	396	391			
	394	391			
	397	392			
	395	390			
	393	392			
	396	390			
	394	390			
	397	391			
	395	389			
	393	391			
	396	389			
	394	389			
	397	390			
	395	388			
	393	390			
	396	388			
	394	388			
	397	389			
	395	387			
	393	389			
	396	387			
	397	387			
	396	386			
	397	388			
	397	386			
	395	386			
	398	387			
	396	385			
	394	387			
	397	385			
	395	385			
	398	386			
	396	384			
	394	386			
	397	384			
	395	384			
	398	385			
	396	383			
	394	385			
	397	383			
	395	383			
	398	384			
	396	382			
	394	384			
	397	382			
	395	382			
	398	383			
	396	381			
	394	383			
	394	382			
	395	381			
	393	383			
	394	381			
	395	380			
	393	382			
	396	380			
	394	380			
	397	381			
	395	379			
	393	381			
	393	380			
	394	379			
	393	379			
	394	378			
	392	380			
	395	378			
	393	378			
	396	379			
	394	377			
	392	379			
	395	377			
	393	377			
	396	378			
	394	376			
	392	378			
	392	377			
	393	376			
	391	378			
	397	379			
	397	380			
	397	378			
	398	379			
	396	377			
	395	376			
	394	375			
	392	376			
	393	375			
	391	377			
	391	376			
	392	375			
	390	377			
	390	378			
	390	376			
	391	379			
	391	375			
	389	377			
	389	378			
	389	376			
	390	379			
	390	375			
	388	377			
	388	378			
	388	376			
	389	379			
	389	375			
	387	377			
	386	377			
	387	378			
	387	376			
	386	378			
	386	376			
	387	379			
	387	375			
	385	377			
	385	378			
	385	376			
	386	379			
	386	375			
	384	377			
	384	378			
	384	376			
	385	379			
	385	375			
	383	377			
	383	378			
	384	379			
	383	379			
	384	380			
	382	378			
	382	379			
	382	377			
	383	380			
	383	376			
	381	378			
	380	378			
	381	379			
	381	377			
	380	379			
	380	377			
	381	380			
	381	376			
	379	378			
	379	379			
	380	380			
	379	380			
	380	381			
	378	379			
	377	379			
	378	380			
	378	378			
	377	380			
	377	378			
	378	381			
	378	377			
	376	379			
	376	380			
	376	378			
	377	381			
	377	377			
	375	379			
	375	380			
	374	380			
	375	381			
	376	381			
	374	381			
	374	379			
	375	382			
	375	378			
	373	380			
	373	381			
	373	379			
	374	382			
	374	378			
	372	380			
	372	381			
	372	379			
	373	382			
	373	378			
	371	380			
	370	380			
	371	381			
	371	379			
	370	381			
	370	379			
	371	382			
	371	378			
	369	380			
	369	381			
	369	379			
	370	382			
	370	378			
	368	379			
	369	382			
	369	378			
	368	382			
	368	378			
	367	378			
	364	379			
	365	378			
	363	380			
	363	379			
	364	378			
	362	380			
	372	382			
	372	378			
	376	382			
	377	382			
	375	377			
	376	377			
	382	380			
	382	381			
	385	380			
	384	381			
	386	380			
	385	381			
	387	380			
	386	381			
	388	379			
	388	380			
	389	380			
	601	147			
	602	147			
	600	147			
	601	148			
	601	146			
	602	148			
	602	146			
	600	148			
	600	146			
	601	149			
	603	147			
	601	145			
	599	147			
	603	148			
	603	146			
	602	149			
	604	147			
	602	145			
	603	149			
	602	150			
	604	148			
	604	149			
	603	150			
	604	150			
	603	151			
	605	149			
	604	151			
	602	151			
	603	152			
	605	150			
	601	150			
	605	151			
	604	152			
	605	152			
	604	153			
	606	151			
	606	152			
	605	153			
	606	153			
	605	154			
	607	152			
	606	154			
	604	154			
	605	155			
	607	153			
	603	153			
	607	154			
	606	155			
	608	153			
	607	155			
	606	156			
	608	154			
	608	155			
	607	156			
	608	156			
	607	157			
	609	155			
	609	156			
	608	157			
	609	157			
	608	158			
	610	156			
	610	157			
	609	158			
	610	158			
	609	159			
	611	157			
	611	158			
	611	156			
	610	159			
	612	157			
	610	155			
	611	159			
	610	160			
	612	158			
	612	159			
	611	160			
	613	158			
	613	159			
	612	160			
	613	160			
	612	161			
	614	159			
	614	160			
	613	161			
	614	161			
	613	162			
	615	160			
	615	161			
	615	159			
	614	162			
	616	160			
	614	158			
	615	162			
	614	163			
	616	161			
	616	162			
	615	163			
	617	161			
	617	162			
	618	162			
	617	163			
	618	163			
	618	161			
	616	163			
	617	164			
	619	162			
	617	160			
	619	163			
	619	161			
	618	164			
	620	162			
	618	160			
	619	164			
	618	165			
	620	163			
	620	164			
	619	165			
	621	163			
	621	164			
	621	162			
	620	165			
	622	163			
	620	161			
	623	163			
	622	164			
	622	162			
	623	164			
	623	162			
	622	165			
	624	163			
	622	161			
	624	164			
	624	162			
	623	165			
	625	163			
	623	161			
	625	164			
	625	162			
	624	165			
	626	163			
	624	161			
	626	164			
	625	165			
	626	165			
	625	166			
	627	164			
	627	165			
	627	163			
	626	166			
	628	164			
	626	162			
	628	165			
	628	163			
	627	166			
	629	164			
	627	162			
	629	165			
	629	163			
	628	166			
	630	164			
	628	162			
	630	165			
	630	163			
	629	166			
	631	164			
	629	162			
	631	165			
	631	163			
	630	166			
	632	164			
	630	162			
	633	164			
	632	165			
	632	163			
	633	165			
	633	163			
	632	166			
	634	164			
	632	162			
	634	165			
	634	163			
	633	166			
	635	164			
	633	162			
	635	165			
	635	163			
	634	166			
	636	164			
	634	162			
	636	165			
	636	163			
	635	166			
	637	164			
	635	162			
	637	165			
	637	163			
	636	166			
	638	164			
	636	162			
	638	165			
	638	163			
	637	166			
	639	164			
	637	162			
	639	165			
	639	163			
	638	166			
	640	164			
	638	162			
	640	165			
	640	163			
	639	166			
	641	164			
	639	162			
	641	163			
	640	162			
	641	162			
	642	163			
	640	161			
	642	164			
	642	162			
	641	165			
	643	163			
	641	161			
	643	164			
	643	162			
	642	165			
	644	163			
	642	161			
	644	164			
	644	162			
	643	165			
	645	163			
	643	161			
	645	162			
	644	161			
	645	161			
	646	162			
	644	160			
	646	163			
	646	161			
	645	164			
	647	162			
	645	160			
	647	163			
	647	161			
	646	164			
	648	162			
	646	160			
	647	160			
	648	161			
	646	159			
	648	160			
	649	161			
	647	159			
	648	159			
	649	160			
	647	158			
	649	159			
	650	160			
	648	158			
	649	158			
	650	159			
	648	157			
	650	158			
	651	159			
	649	157			
	650	157			
	651	158			
	649	156			
	651	157			
	650	156			
	651	156			
	652	157			
	650	155			
	652	156			
	651	155			
	652	155			
	653	156			
	651	154			
	653	155			
	652	154			
	653	154			
	654	155			
	652	153			
	653	153			
	651	153			
	654	154			
	652	152			
	650	154			
	654	153			
	655	154			
	653	152			
	654	152			
	655	153			
	653	151			
	655	152			
	656	153			
	654	151			
	655	151			
	656	152			
	654	150			
	656	151			
	657	152			
	655	150			
	656	150			
	657	151			
	655	149			
	657	150			
	656	149			
	657	149			
	658	150			
	656	148			
	657	148			
	655	148			
	658	149			
	656	147			
	654	149			
	658	148			
	659	149			
	657	147			
	658	147			
	659	148			
	657	146			
	658	146			
	656	146			
	659	147			
	657	145			
	655	147			
	658	145			
	656	145			
	659	146			
	657	144			
	655	146			
	658	144			
	656	144			
	659	145			
	657	143			
	655	145			
	658	143			
	656	143			
	659	144			
	657	142			
	655	144			
	658	142			
	656	142			
	659	143			
	657	141			
	655	143			
	659	142			
	658	141			
	659	141			
	660	142			
	658	140			
	659	140			
	657	140			
	660	141			
	658	139			
	656	141			
	659	139			
	657	139			
	660	140			
	658	138			
	656	140			
	659	138			
	657	138			
	660	139			
	658	137			
	656	139			
	659	137			
	657	137			
	660	138			
	658	136			
	656	138			
	659	136			
	657	136			
	660	137			
	658	135			
	656	137			
	659	135			
	657	135			
	660	136			
	658	134			
	656	136			
	660	135			
	659	134			
	660	134			
	661	135			
	659	133			
	660	133			
	658	133			
	659	132			
	660	132			
	658	132			
	661	133			
	659	131			
	657	133			
	660	131			
	658	131			
	661	132			
	659	130			
	657	132			
	660	130			
	658	130			
	661	131			
	659	129			
	657	131			
	660	129			
	658	129			
	661	130			
	659	128			
	657	130			
	660	128			
	658	128			
	661	129			
	659	127			
	657	129			
	660	127			
	658	127			
	661	128			
	659	126			
	657	128			
	660	126			
	658	126			
	661	127			
	659	125			
	657	127			
	660	125			
	658	125			
	661	126			
	659	124			
	657	126			
	660	124			
	658	124			
	661	125			
	659	123			
	657	125			
	660	123			
	658	123			
	661	124			
	659	122			
	657	124			
	660	122			
	658	122			
	661	123			
	659	121			
	657	123			
	657	122			
	658	121			
	657	121			
	658	120			
	656	122			
	659	120			
	657	120			
	660	121			
	658	119			
	656	121			
	659	119			
	657	119			
	660	120			
	658	118			
	656	120			
	659	118			
	657	118			
	660	119			
	658	117			
	656	119			
	656	118			
	657	117			
	655	119			
	656	117			
	657	116			
	655	118			
	655	117			
	656	116			
	655	116			
	656	115			
	654	117			
	654	116			
	655	115			
	654	115			
	655	114			
	653	116			
	656	114			
	654	114			
	657	115			
	655	113			
	653	115			
	653	114			
	654	113			
	653	113			
	654	112			
	652	114			
	652	113			
	653	112			
	652	112			
	653	111			
	651	113			
	651	112			
	652	111			
	651	111			
	652	110			
	650	112			
	650	113			
	650	111			
	651	114			
	651	110			
	649	112			
	649	111			
	650	110			
	649	110			
	650	109			
	648	111			
	648	110			
	649	109			
	648	109			
	649	108			
	647	110			
	647	111			
	647	109			
	648	112			
	648	108			
	646	110			
	646	109			
	647	108			
	646	108			
	647	107			
	645	109			
	645	110			
	645	108			
	646	111			
	646	107			
	644	109			
	644	110			
	644	108			
	645	111			
	645	107			
	643	109			
	644	107			
	645	106			
	643	108			
	643	107			
	644	106			
	642	108			
	642	109			
	642	107			
	643	110			
	643	106			
	641	108			
	641	109			
	641	107			
	642	110			
	642	106			
	640	108			
	640	109			
	640	107			
	641	110			
	641	106			
	639	108			
	639	109			
	639	107			
	640	110			
	640	106			
	638	108			
	638	109			
	638	107			
	639	110			
	639	106			
	637	108			
	637	109			
	637	107			
	638	110			
	638	106			
	636	108			
	636	109			
	636	107			
	637	110			
	637	106			
	635	108			
	635	109			
	635	107			
	636	110			
	636	106			
	634	108			
	634	109			
	634	107			
	635	110			
	635	106			
	633	108			
	633	109			
	633	107			
	634	110			
	634	106			
	632	108			
	632	109			
	632	107			
	633	110			
	633	106			
	631	108			
	631	109			
	631	107			
	632	110			
	632	106			
	630	108			
	630	109			
	630	107			
	631	110			
	631	106			
	629	108			
	629	109			
	629	107			
	630	110			
	630	106			
	628	108			
	627	108			
	628	109			
	628	107			
	627	109			
	627	107			
	628	110			
	628	106			
	626	108			
	626	109			
	626	107			
	627	110			
	627	106			
	625	108			
	625	109			
	625	107			
	626	110			
	626	106			
	624	108			
	624	109			
	625	110			
	624	110			
	625	111			
	623	109			
	622	109			
	623	110			
	623	108			
	622	110			
	622	108			
	623	111			
	623	107			
	621	109			
	620	109			
	621	110			
	621	108			
	620	110			
	620	108			
	621	111			
	621	107			
	619	109			
	622	111			
	620	111			
	621	112			
	619	110			
	619	111			
	620	112			
	618	110			
	618	111			
	618	109			
	619	112			
	619	108			
	617	110			
	617	111			
	617	109			
	618	112			
	618	108			
	616	110			
	616	111			
	617	112			
	616	112			
	617	113			
	615	111			
	615	112			
	615	110			
	616	113			
	616	109			
	614	111			
	614	112			
	614	110			
	615	113			
	615	109			
	613	111			
	613	112			
	614	113			
	613	113			
	614	114			
	612	112			
	612	113			
	613	114			
	612	114			
	613	115			
	611	113			
	611	114			
	611	112			
	612	115			
	612	111			
	610	113			
	610	114			
	611	115			
	610	115			
	611	116			
	609	114			
	609	115			
	609	113			
	610	116			
	610	112			
	608	114			
	609	116			
	610	117			
	608	115			
	608	116			
	609	117			
	607	115			
	607	116			
	519	142			
	608	117			
	608	113			
	519	140			
	606	116			
	607	117			
	606	117			
	607	118			
	519	141			
	605	117			
	606	118			
	605	118			
	606	119			
	604	117			
	607	119			
	605	119			
	606	120			
	608	118			
	604	118			
	604	119			
	605	120			
	603	118			
	603	119			
	603	117			
	604	120			
	517	141			
	602	118			
	654	148			
	653	149			
	654	147			
	653	148			
	654	146			
	653	147			
	654	145			
	653	146			
	654	144			
	655	142			
	654	143			
	655	141			
	654	142			
	655	140			
	654	141			
	655	139			
	654	140			
	655	138			
	655	137			
	656	135			
	657	134			
	655	136			
	656	134			
	655	135			
	656	133			
	655	134			
	655	133			
	656	132			
	655	132			
	656	131			
	654	133			
	655	131			
	656	130			
	654	132			
	655	130			
	656	129			
	654	131			
	655	129			
	656	128			
	654	130			
	655	128			
	656	127			
	654	129			
	654	128			
	655	127			
	654	127			
	655	126			
	653	128			
	656	126			
	654	126			
	655	125			
	653	127			
	656	125			
	654	125			
	655	124			
	653	126			
	656	124			
	654	124			
	655	123			
	653	125			
	653	124			
	654	123			
	653	123			
	654	122			
	652	124			
	655	122			
	653	122			
	656	123			
	654	121			
	652	123			
	655	121			
	653	121			
	654	120			
	652	122			
	655	120			
	653	120			
	654	119			
	652	121			
	652	120			
	653	119			
	652	119			
	653	118			
	651	120			
	654	118			
	652	118			
	653	117			
	651	119			
	651	118			
	652	117			
	650	119			
	651	117			
	652	116			
	650	118			
	651	116			
	652	115			
	650	117			
	650	116			
	651	115			
	650	115			
	649	116			
	649	115			
	650	114			
	649	114			
	648	115			
	648	114			
	649	113			
	648	113			
	647	114			
	647	113			
	647	112			
	646	113			
	646	112			
	645	112			
	645	113			
	646	114			
	644	112			
	644	111			
	643	111			
	642	111			
	641	111			
	640	111			
	629	110			
	629	106			
	626	111			
	624	111			
	624	107			
	622	107			
	622	112			
	618	113			
	613	110			
	614	109			
	611	111			
	612	110			
	609	112			
	610	111			
	608	112			
	609	111			
	520	141			
	520	139			
	521	139			
	607	112			
	519	138			
	518	139			
	521	138			
	520	140			
	519	139			
	518	140			
	518	143			
	517	143			
	518	141			
	520	138			
	518	142			
	518	144			
	517	144			
	516	143			
	511	153			
	514	149			
	515	147			
	512	152			
	516	144			
	513	151			
	515	146			
	517	142			
	517	145			
	514	147			
	516	146			
	515	148			
	513	148			
	515	145			
	602	119			
	512	149			
	514	148			
	513	150			
	513	149			
	603	120			
	512	151			
	602	117			
	511	152			
	517	146			
	504	156			
	601	119			
	603	116			
	601	117			
	601	118			
	504	154			
	602	116			
	511	151			
	602	120			
	516	145			
	505	153			
	504	155			
	512	150			
	600	118			
	516	147			
	505	154			
	602	121			
	601	120			
	600	120			
	601	121			
	600	119			
	601	122			
	599	120			
	600	121			
	599	119			
	503	155			
	600	122			
	598	120			
	503	156			
	599	121			
	501	158			
	598	122			
	599	123			
	599	122			
	597	121			
	600	123			
	597	122			
	602	122			
	599	124			
	598	123			
	598	121			
	604	116			
	605	116			
	603	121			
	601	123			
	502	157			
	603	122			
	602	123			
	604	121			
	605	115			
	503	157			
	598	124			
	596	122			
	597	123			
	601	124			
	606	115			
	597	120			
	595	122			
	597	124			
	596	123			
	600	124			
	595	123			
	595	124			
	597	125			
	596	124			
	596	121			
	595	121			
	594	121			
	596	125			
	595	120			
	594	123			
	593	121			
	592	123			
	593	123			
	593	122			
	594	122			
	591	122			
	594	120			
	593	120			
	592	121			
	592	122			
	591	120			
	592	119			
	591	121			
	592	120			
	593	124			
	590	120			
	591	123			
	590	122			
	590	121			
	593	119			
	589	122			
	589	120			
	591	119			
	588	122			
	589	121			
	587	121			
	586	120			
	589	119			
	588	120			
	588	121			
	586	119			
	587	119			
	586	121			
	587	120			
	589	123			
	586	118			
	584	120			
	586	122			
	585	121			
	585	120			
	583	121			
	583	119			
	584	119			
	583	120			
	585	119			
	582	121			
	582	119			
	582	120			
	584	122			
	584	121			
	506	152			
	507	153			
	509	153			
	583	122			
	584	118			
	509	154			
	508	154			
	507	151			
	581	120			
	583	118			
	510	152			
	508	153			
	507	152			
	582	118			
	581	119			
	580	120			
	580	118			
	579	119			
	582	117			
	581	118			
	580	117			
	578	119			
	580	121			
	579	120			
	580	119			
	510	153			
	508	156			
	579	121			
	578	120			
	579	118			
	507	155			
	506	156			
	579	117			
	506	153			
	578	118			
	507	154			
	507	156			
	506	155			
	508	155			
	577	119			
	576	119			
	576	118			
	578	117			
	577	118			
	577	120			
	575	118			
	574	118			
	577	116			
	577	117			
	578	121			
	574	117			
	575	120			
	574	119			
	575	119			
	576	117			
	507	158			
	505	155			
	509	155			
	575	116			
	575	117			
	505	158			
	505	157			
	506	157			
	573	119			
	573	118			
	506	158			
	507	157			
	506	154			
	574	120			
	573	117			
	573	120			
	573	116			
	572	117			
	572	118			
	574	116			
	571	117			
	571	116			
	573	115			
	571	118			
	572	119			
	570	116			
	571	119			
	570	118			
	572	115			
	572	116			
	569	116			
	570	119			
	569	118			
	571	115			
	570	117			
	567	117			
	568	115			
	569	115			
	570	115			
	569	117			
	567	115			
	566	117			
	566	116			
	569	114			
	569	119			
	565	116			
	564	116			
	567	114			
	566	115			
	567	116			
	564	115			
	565	118			
	564	117			
	565	117			
	567	118			
	563	117			
	508	157			
	563	116			
	565	114			
	565	115			
	564	118			
	504	158			
	505	160			
	503	158			
	504	157			
	505	156			
	504	159			
	562	116			
	505	159			
	563	115			
	562	117			
	562	115			
	561	116			
	506	159			
	564	114			
	562	114			
	560	116			
	561	117			
	560	117			
	561	115			
	559	116			
	559	117			
	561	114			
	560	115			
	562	118			
	558	116			
	557	116			
	560	114			
	559	115			
	561	118			
	557	117			
	557	115			
	558	115			
	558	117			
	560	118			
	556	117			
	556	115			
	558	118			
	557	118			
	558	114			
	556	118			
	555	118			
	555	117			
	557	114			
	556	116			
	554	116			
	504	161			
	554	118			
	556	119			
	555	116			
	555	115			
	503	161			
	555	119			
	506	160			
	554	117			
	553	118			
	502	160			
	505	161			
	504	160			
	504	162			
	503	159			
	554	115			
	552	117			
	554	119			
	503	160			
	553	117			
	553	119			
	552	118			
	553	116			
	553	115			
	551	117			
	552	116			
	550	119			
	550	117			
	550	118			
	551	119			
	551	118			
	550	116			
	548	118			
	550	120			
	549	119			
	549	118			
	543	119			
	544	120			
	545	119			
	544	119			
	549	117			
	543	120			
	543	118			
	544	118			
	544	121			
	545	120			
	542	119			
	540	120			
	544	117			
	546	119			
	545	118			
	540	119			
	541	121			
	541	120			
	541	119			
	539	120			
	540	122			
	542	120			
	539	119			
	539	121			
	540	121			
	538	119			
	539	122			
	540	118			
	501	162			
	538	120			
	537	120			
	502	163			
	539	118			
	501	163			
	538	121			
	538	122			
	502	162			
	501	161			
	503	163			
	502	161			
	538	123			
	536	121			
	537	122			
	503	162			
	537	121			
	537	119			
	535	121			
	536	122			
	535	122			
	536	120			
	536	119			
	534	121			
	536	123			
	535	120			
	537	123			
	535	124			
	533	122			
	534	122			
	533	123			
	535	123			
	534	124			
	534	120			
	533	121			
	500	163			
	534	123			
	532	123			
	532	121			
	499	164			
	500	162			
	498	165			
	533	120			
	531	122			
	533	124			
	500	161			
	532	122			
	532	120			
	500	160			
	502	159			
	530	122			
	498	166			
	502	158			
	541	122			
	542	123			
	543	122			
	499	161			
	532	124			
	546	121			
	547	120			
	497	167			
	547	122			
	549	120			
	548	120			
	568	119			
	576	116			
	565	119			
	547	118			
	548	119			
	559	118			
	575	115			
	549	121			
	560	119			
	559	119			
	576	115			
	541	118			
	542	118			
	560	120			
	541	117			
	555	120			
	530	125			
	531	125			
	529	124			
	538	118			
	546	117			
	527	125			
	529	125			
	539	117			
	527	127			
	528	127			
	529	123			
	525	129			
	526	127			
	530	126			
	526	130			
	524	128			
	527	128			
	522	131			
	524	129			
	527	126			
	523	132			
	522	132			
	525	130			
	521	130			
	519	132			
	523	133			
	519	133			
	521	131			
	518	136			
	518	137			
	520	134			
	514	137			
	516	135			
	517	136			
	519	134			
	515	138			
	514	136			
	516	136			
	514	141			
	520	135			
	514	138			
	516	134			
	521	132			
	512	139			
	518	132			
	515	139			
	519	131			
	513	137			
	514	142			
	517	137			
	519	137			
	516	139			
	518	133			
	513	142			
	514	143			
	518	138			
	514	145			
	512	141			
	520	136			
	512	145			
	514	139			
	515	143			
	517	139			
	517	133			
	513	146			
	515	144			
	513	143			
	510	146			
	511	144			
	514	144			
	510	147			
	511	148			
	512	146			
	510	148			
	511	146			
	509	150			
	516	142			
	511	149			
	512	147			
	516	140			
	508	150			
	509	151			
	509	147			
	511	150			
	510	151			
	509	148			
	507	150			
	501	159			
	542	121			
	531	123			
	546	120			
	543	121			
	501	160			
	547	121			
	552	119			
	547	119			
	542	122			
	552	120			
	548	121			
	531	121			
	578	116			
	579	116			
	561	119			
	581	117			
	566	118			
	554	120			
	553	120			
	580	116			
	551	120			
	581	116			
	537	118			
	533	125			
	552	121			
	531	124			
	551	121			
	528	124			
	528	125			
	532	125			
	529	126			
	530	123			
	528	128			
	546	118			
	528	126			
	530	124			
	569	120			
	526	128			
	526	126			
	529	127			
	527	129			
	568	118			
	523	129			
	525	127			
	524	131			
	525	128			
	568	116			
	523	131			
	523	130			
	526	129			
	568	117			
	522	134			
	520	132			
	521	133			
	524	132			
	518	134			
	519	135			
	520	133			
	518	135			
	520	131			
	522	130			
	519	136			
	521	134			
	515	135			
	516	137			
	517	134			
	517	138			
	517	135			
	515	140			
	513	138			
	515	136			
	513	139			
	515	137			
	515	141			
	514	140			
	516	141			
	512	138			
	512	142			
	515	142			
	512	143			
	517	140			
	513	140			
	513	144			
	513	141			
	516	138			
	513	147			
	511	147			
	512	144			
	511	145			
	513	145			
	510	149			
	509	149			
	512	148			
	510	150			
	514	146			
	508	151			
	508	148			
	509	152			
	502	164			
	503	164			
	501	164			
	508	149			
	502	165			
	511	143			
	508	152			
	501	165			
	500	165			
	501	166			
	502	166			
	500	166			
	500	164			
	501	167			
	503	165			
	499	165			
	502	167			
	500	167			
	501	168			
	503	166			
	499	166			
	499	167			
	500	168			
	499	168			
	500	169			
	498	167			
	498	168			
	499	169			
	498	169			
	499	170			
	497	168			
	498	170			
	497	170			
	498	171			
	499	171			
	497	171			
	497	169			
	498	172			
	500	170			
	496	170			
	499	172			
	497	172			
	498	173			
	500	171			
	496	171			
	499	173			
	497	173			
	498	174			
	499	174			
	497	174			
	498	175			
	500	173			
	496	173			
	496	174			
	496	172			
	497	175			
	495	173			
	496	175			
	497	176			
	495	174			
	498	176			
	496	176			
	497	177			
	499	175			
	495	175			
	498	177			
	496	177			
	497	178			
	498	178			
	496	178			
	497	179			
	499	177			
	495	177			
	495	178			
	495	176			
	496	179			
	494	177			
	495	179			
	496	180			
	497	180			
	495	180			
	496	181			
	498	179			
	494	179			
	494	180			
	495	181			
	494	181			
	495	182			
	493	180			
	496	182			
	494	182			
	495	183			
	497	181			
	493	181			
	496	183			
	494	183			
	495	184			
	497	182			
	493	182			
	496	184			
	494	184			
	495	185			
	497	183			
	493	183			
	496	185			
	494	185			
	495	186			
	497	184			
	493	184			
	493	185			
	494	186			
	492	184			
	493	186			
	494	187			
	492	185			
	495	187			
	493	187			
	494	188			
	495	188			
	493	188			
	494	189			
	496	187			
	492	187			
	495	189			
	493	189			
	494	190			
	496	188			
	492	188			
	495	190			
	493	190			
	494	191			
	495	191			
	493	191			
	494	192			
	496	190			
	492	190			
	492	191			
	493	192			
	492	192			
	493	193			
	491	191			
	494	193			
	492	193			
	493	194			
	495	192			
	491	192			
	494	194			
	492	194			
	493	195			
	495	193			
	491	193			
	494	195			
	492	195			
	493	196			
	495	194			
	491	194			
	495	195			
	494	196			
	495	196			
	494	197			
	496	195			
	495	197			
	493	197			
	494	198			
	496	196			
	492	196			
	495	198			
	493	198			
	494	199			
	496	197			
	492	197			
	496	198			
	495	199			
	496	199			
	495	200			
	497	198			
	496	200			
	494	200			
	495	201			
	497	199			
	493	199			
	496	201			
	494	201			
	495	202			
	497	200			
	493	200			
	496	202			
	494	202			
	495	203			
	497	201			
	493	201			
	497	202			
	496	203			
	497	203			
	496	204			
	498	202			
	497	204			
	495	204			
	496	205			
	498	203			
	494	203			
	497	205			
	495	205			
	496	206			
	498	204			
	494	204			
	497	206			
	495	206			
	496	207			
	498	205			
	494	205			
	497	207			
	495	207			
	496	208			
	498	206			
	494	206			
	497	208			
	495	208			
	496	209			
	497	209			
	495	209			
	496	210			
	498	208			
	494	208			
	513	203			
	514	203			
	512	203			
	513	204			
	513	202			
	514	204			
	514	202			
	512	204			
	512	202			
	513	205			
	515	203			
	513	201			
	511	203			
	515	202			
	514	201			
	515	201			
	516	202			
	514	200			
	515	200			
	513	200			
	516	201			
	514	199			
	512	201			
	515	199			
	513	199			
	516	200			
	514	198			
	512	200			
	515	198			
	513	198			
	516	199			
	514	197			
	512	199			
	515	197			
	513	197			
	516	198			
	514	196			
	512	198			
	515	196			
	513	196			
	514	195			
	515	195			
	513	195			
	516	196			
	514	194			
	512	196			
	516	197			
	516	195			
	517	196			
	515	194			
	516	194			
	517	195			
	515	193			
	516	193			
	514	193			
	517	194			
	515	192			
	513	194			
	516	192			
	514	192			
	517	193			
	515	191			
	513	193			
	516	191			
	514	191			
	517	192			
	515	190			
	513	192			
	517	191			
	516	190			
	517	190			
	518	191			
	516	189			
	517	189			
	515	189			
	518	190			
	516	188			
	514	190			
	517	188			
	515	188			
	518	189			
	516	187			
	514	189			
	517	187			
	515	187			
	518	188			
	516	186			
	514	188			
	518	187			
	517	186			
	518	186			
	519	187			
	517	185			
	518	185			
	516	185			
	519	186			
	517	184			
	515	186			
	511	201			
	511	202			
	511	200			
	510	201			
	511	199			
	510	200			
	511	198			
	512	197			
	510	199			
	511	197			
	512	195			
	512	194			
	511	195			
	512	193			
	512	192			
	513	191			
	511	193			
	512	191			
	513	190			
	511	192			
	513	189			
	512	190			
	513	188			
	514	187			
	512	189			
	513	187			
	514	186			
	512	188			
	513	186			
	514	185			
	512	187			
	515	185			
	513	185			
	514	184			
	512	186			
	515	184			
	513	184			
	514	183			
	512	185			
	515	183			
	516	183			
	515	182			
	516	184			
	516	182			
	514	182			
	517	183			
	515	181			
	513	183			
	516	181			
	514	181			
	517	182			
	515	180			
	513	182			
	516	180			
	514	180			
	517	181			
	515	179			
	513	181			
	517	180			
	516	179			
	517	179			
	518	180			
	516	178			
	517	178			
	515	178			
	518	179			
	516	177			
	514	179			
	517	177			
	515	177			
	518	178			
	516	176			
	514	178			
	518	177			
	517	176			
	518	176			
	519	177			
	517	175			
	518	175			
	516	175			
	519	176			
	517	174			
	515	176			
	518	174			
	516	174			
	519	175			
	517	173			
	515	175			
	518	173			
	516	173			
	519	174			
	517	172			
	515	174			
	519	173			
	520	174			
	518	172			
	519	172			
	520	173			
	518	171			
	519	171			
	517	171			
	520	172			
	518	170			
	516	172			
	520	171			
	521	172			
	519	170			
	520	170			
	521	171			
	519	169			
	521	170			
	522	171			
	520	169			
	521	169			
	522	170			
	520	168			
	522	169			
	523	170			
	521	168			
	522	168			
	523	169			
	521	167			
	522	167			
	520	167			
	523	168			
	521	166			
	519	168			
	523	167			
	522	166			
	523	166			
	524	167			
	522	165			
	524	166			
	523	165			
	524	165			
	525	166			
	523	164			
	524	164			
	522	164			
	525	165			
	523	163			
	521	165			
	525	164			
	526	165			
	524	163			
	525	163			
	526	164			
	524	162			
	526	163			
	525	162			
	526	162			
	527	163			
	525	161			
	527	164			
	527	162			
	528	163			
	526	161			
	528	162			
	527	161			
	528	161			
	529	162			
	527	160			
	528	160			
	526	160			
	529	161			
	527	159			
	529	160			
	530	161			
	528	159			
	529	159			
	530	160			
	528	158			
	530	159			
	531	160			
	529	158			
	531	159			
	530	158			
	531	158			
	532	159			
	530	157			
	532	160			
	532	158			
	531	161			
	533	159			
	531	157			
	533	160			
	533	158			
	532	161			
	534	159			
	532	157			
	534	158			
	533	157			
	540	161			
	540	160			
	539	164			
	542	160			
	546	160			
	548	161			
	547	160			
	549	161			
	548	160			
	550	161			
	549	160			
	552	161			
	553	162			
	551	160			
	553	161			
	554	162			
	552	160			
	554	163			
	553	164			
	553	160			
	555	163			
	554	164			
	554	160			
	555	164			
	557	163			
	556	164			
	558	162			
	558	163			
	557	164			
	559	162			
	559	161			
	558	160			
	559	160			
	560	161			
	558	159			
	560	162			
	559	163			
	561	161			
	561	162			
	561	160			
	560	163			
	562	161			
	562	160			
	562	159			
	563	160			
	563	161			
	563	159			
	562	162			
	564	160			
	564	159			
	563	158			
	570	154			
	571	154			
	570	153			
	571	155			
	571	153			
	570	156			
	572	154			
	571	152			
	572	152			
	571	151			
	572	155			
	572	151			
	573	151			
	576	151			
	577	151			
	577	152			
	577	150			
	578	151			
	578	152			
	578	150			
	579	151			
	579	150			
	578	149			
	579	149			
	580	150			
	578	148			
	580	151			
	580	149			
	579	152			
	581	150			
	579	148			
	581	149			
	580	148			
	584	150			
	584	146			
	586	146			
	587	147			
	585	145			
	587	146			
	588	147			
	586	145			
	588	148			
	588	146			
	589	147			
	587	145			
	589	148			
	589	146			
	588	149			
	590	147			
	588	145			
	590	146			
	591	146			
	590	145			
	591	147			
	591	145			
	589	145			
	590	148			
	592	146			
	590	144			
	592	147			
	592	145			
	591	148			
	593	146			
	591	144			
	593	147			
	593	145			
	592	148			
	594	146			
	592	144			
	595	146			
	594	147			
	594	145			
	595	147			
	595	145			
	594	148			
	596	146			
	594	144			
	596	147			
	596	145			
	595	148			
	597	146			
	595	144			
	597	147			
	597	145			
	596	148			
	598	146			
	596	144			
	598	147			
	598	145			
	597	148			
	599	146			
	597	144			
	598	148			
	599	148			
	598	149			
	599	149			
	599	145			
	600	149			
	600	145			
	598	144			
	593	144			
	593	143			
	592	143			
	591	143			
	589	144			
	590	143			
	588	144			
	589	143			
	587	144			
	586	144			
	587	143			
	585	144			
	586	143			
	584	145			
	583	145			
	584	144			
	583	144			
	584	143			
	582	144			
	581	144			
	578	147			
	577	147			
	573	150			
	572	149			
	572	150			
	571	150			
	570	151			
	566	154			
	563	151			
	564	154			
	564	150			
	563	150			
	561	151			
	562	150			
	560	152			
	560	154			
	561	155			
	559	153			
	559	154			
	559	152			
	560	155			
	560	151			
	558	153			
	558	152			
	557	152			
	558	155			
	558	151			
	557	156			
	554	155			
	554	153			
	555	156			
	555	152			
	553	154			
	554	156			
	555	157			
	553	155			
	553	156			
	554	157			
	552	155			
	552	156			
	552	154			
	553	157			
	553	153			
	551	155			
	552	158			
	548	156			
	547	156			
	548	158			
	549	159			
	547	157			
	547	158			
	548	159			
	546	157			
	546	158			
	547	159			
	546	159			
	545	158			
	545	159			
	543	159			
	532	162			
	531	162			
	534	157			
	551	159			
	552	159			
	553	158			
	554	158			
	555	158			
	554	159			
	556	157			
	556	158			
	555	159			
	557	157			
	558	156			
	558	157			
	557	158			
	559	156			
	559	155			
	561	156			
	563	155			
	562	156			
	563	156			
	562	157			
	564	155			
	516	203			
	515	204			
	517	202			
	517	203			
	517	201			
	516	204			
	518	202			
	518	203			
	517	204			
	518	204			
	517	205			
	519	203			
	519	204			
	519	202			
	518	205			
	520	203			
	518	201			
	520	204			
	520	202			
	519	205			
	521	203			
	519	201			
	521	204			
	520	205			
	521	205			
	520	206			
	522	204			
	522	205			
	522	203			
	521	206			
	523	204			
	521	202			
	523	205			
	523	203			
	522	206			
	524	204			
	522	202			
	524	205			
	523	206			
	524	206			
	523	207			
	525	205			
	525	206			
	525	204			
	524	207			
	526	205			
	524	203			
	525	207			
	524	208			
	526	206			
	526	207			
	525	208			
	527	206			
	527	207			
	526	208			
	527	208			
	526	209			
	528	207			
	528	208			
	528	206			
	527	209			
	529	207			
	527	205			
	528	209			
	527	210			
	529	208			
	528	210			
	526	210			
	527	211			
	529	209			
	525	209			
	529	210			
	528	211			
	529	211			
	528	212			
	530	210			
	530	211			
	529	212			
	530	212			
	529	213			
	531	211			
	530	213			
	528	213			
	529	214			
	531	212			
	527	212			
	530	214			
	528	214			
	529	215			
	531	213			
	527	213			
	531	214			
	530	215			
	531	215			
	530	216			
	532	214			
	532	215			
	531	216			
	532	216			
	531	217			
	533	215			
	532	217			
	530	217			
	531	218			
	533	216			
	529	216			
	533	217			
	532	218			
	533	218			
	532	219			
	534	217			
	533	219			
	531	219			
	532	220			
	534	218			
	530	218			
	533	220			
	531	220			
	532	221			
	534	219			
	530	219			
	533	221			
	531	221			
	532	222			
	534	220			
	530	220			
	533	222			
	531	222			
	532	223			
	533	223			
	531	223			
	532	224			
	534	222			
	530	222			
	533	224			
	531	224			
	532	225			
	534	223			
	530	223			
	533	225			
	531	225			
	532	226			
	534	224			
	530	224			
	530	225			
	531	226			
	530	226			
	531	227			
	529	225			
	532	227			
	530	227			
	531	228			
	532	228			
	530	228			
	531	229			
	533	227			
	529	227			
	529	228			
	530	229			
	529	229			
	530	230			
	528	228			
	531	230			
	529	230			
	530	231			
	532	229			
	528	229			
	531	231			
	529	231			
	530	232			
	532	230			
	528	230			
	531	232			
	529	232			
	530	233			
	531	233			
	529	233			
	530	234			
	532	232			
	528	232			
	528	233			
	529	234			
	528	234			
	529	235			
	527	233			
	530	235			
	528	235			
	529	236			
	531	234			
	527	234			
	530	236			
	528	236			
	529	237			
	531	235			
	527	235			
	527	236			
	528	237			
	527	237			
	528	238			
	526	236			
	526	237			
	526	235			
	527	238			
	525	236			
	525	237			
	525	235			
	526	238			
	526	234			
	524	236			
	525	234			
	526	233			
	524	235			
	524	234			
	525	233			
	523	235			
	523	236			
	523	234			
	524	237			
	524	233			
	522	235			
	522	236			
	522	234			
	523	237			
	523	233			
	521	235			
	521	236			
	521	234			
	522	237			
	522	233			
	520	235			
	520	236			
	521	237			
	520	237			
	521	238			
	519	236			
	519	237			
	520	238			
	519	238			
	520	239			
	518	237			
	518	238			
	518	236			
	519	239			
	519	235			
	517	237			
	517	238			
	518	239			
	517	239			
	518	240			
	516	238			
	516	239			
	516	237			
	517	240			
	517	236			
	515	238			
	516	240			
	517	241			
	515	239			
	515	240			
	516	241			
	514	239			
	514	240			
	515	241			
	514	241			
	515	242			
	513	240			
	513	241			
	513	239			
	514	242			
	514	238			
	512	240			
	512	241			
	513	242			
	512	242			
	513	243			
	511	241			
	511	242			
	511	240			
	512	243			
	512	239			
	510	241			
	510	242			
	510	240			
	511	243			
	511	239			
	509	241			
	509	242			
	509	240			
	510	243			
	510	239			
	508	241			
	508	242			
	508	240			
	509	243			
	509	239			
	507	241			
	507	242			
	507	240			
	508	243			
	508	239			
	506	241			
	507	243			
	508	244			
	506	242			
	506	243			
	507	244			
	505	242			
	506	244			
	507	245			
	505	243			
	505	244			
	506	245			
	505	245			
	506	246			
	504	244			
	507	246			
	505	246			
	506	247			
	508	245			
	504	245			
	504	247			
	505	247			
	503	247			
	504	248			
	504	246			
	505	248			
	503	248			
	503	246			
	504	249			
	502	247			
	505	249			
	503	249			
	504	250			
	505	250			
	503	250			
	504	251			
	506	249			
	502	249			
	505	251			
	503	251			
	504	252			
	506	250			
	502	250			
	505	252			
	503	252			
	504	253			
	506	251			
	502	251			
	505	253			
	503	253			
	504	254			
	505	254			
	503	254			
	504	255			
	506	253			
	502	253			
	505	255			
	503	255			
	504	256			
	506	254			
	502	254			
	502	255			
	503	256			
	502	256			
	503	257			
	501	255			
	504	257			
	502	257			
	503	258			
	504	258			
	502	258			
	503	259			
	505	257			
	501	257			
	503	260			
	504	260			
	502	260			
	503	261			
	504	261			
	504	259			
	502	261			
	502	259			
	503	262			
	505	260			
	501	260			
	502	262			
	501	262			
	502	263			
	503	263			
	501	263			
	501	261			
	502	264			
	504	262			
	500	262			
	503	264			
	501	264			
	502	265			
	503	265			
	501	265			
	502	266			
	504	264			
	500	264			
	501	266			
	500	266			
	501	267			
	502	267			
	500	267			
	500	265			
	501	268			
	503	266			
	499	266			
	499	267			
	500	268			
	499	268			
	500	269			
	498	267			
	501	269			
	499	269			
	500	270			
	502	268			
	498	268			
	501	270			
	499	270			
	500	271			
	502	269			
	498	269			
	501	271			
	499	271			
	500	272			
	502	270			
	498	270			
	501	272			
	499	272			
	500	273			
	502	271			
	498	271			
	501	273			
	499	273			
	500	274			
	502	272			
	498	272			
	501	274			
	499	274			
	500	275			
	502	273			
	498	273			
	501	275			
	499	275			
	500	276			
	502	274			
	498	274			
	503	269			
	503	267			
	504	265			
	504	263			
	500	263			
	505	262			
	505	258			
	501	258			
	505	256			
	506	256			
	506	252			
	507	251			
	507	250			
	506	248			
	507	248			
	507	247			
	508	247			
	508	246			
	509	244			
	503	273			
	502	275			
	501	276			
	503	274			
	499	276			
	500	277			
	501	277			
	499	277			
	500	278			
	502	276			
	498	276			
	501	278			
	499	278			
	500	279			
	502	277			
	498	277			
	498	278			
	499	279			
	498	279			
	499	280			
	497	278			
	497	279			
	498	280			
	497	280			
	498	281			
	496	279			
	499	281			
	497	281			
	498	282			
	500	280			
	496	280			
	496	281			
	497	282			
	495	280			
	495	281			
	495	279			
	496	282			
	496	278			
	494	280			
	494	281			
	495	282			
	494	282			
	495	283			
	493	281			
	493	282			
	493	280			
	494	283			
	494	279			
	492	281			
	492	282			
	492	280			
	493	283			
	493	279			
	491	281			
	490	281			
	491	282			
	491	280			
	490	282			
	490	280			
	491	283			
	491	279			
	489	281			
	488	281			
	489	282			
	489	280			
	488	282			
	488	280			
	489	283			
	489	279			
	487	281			
	487	282			
	486	282			
	487	283			
	488	283			
	486	283			
	486	281			
	487	284			
	487	280			
	485	282			
	485	283			
	485	281			
	486	284			
	486	280			
	484	282			
	483	282			
	484	283			
	484	281			
	483	283			
	483	281			
	484	284			
	484	280			
	482	282			
	482	283			
	483	284			
	482	284			
	483	285			
	481	283			
	480	283			
	481	284			
	481	282			
	480	284			
	480	282			
	481	285			
	481	281			
	479	283			
	479	284			
	478	284			
	479	285			
	480	285			
	478	285			
	478	283			
	479	286			
	479	282			
	477	284			
	477	285			
	477	283			
	478	286			
	478	282			
	476	284			
	476	285			
	476	283			
	477	286			
	477	282			
	475	284			
	475	285			
	476	286			
	475	286			
	476	287			
	474	285			
	474	286			
	475	287			
	474	287			
	475	288			
	473	286			
	473	287			
	473	285			
	474	288			
	474	284			
	472	286			
	471	286			
	472	287			
	472	285			
	471	287			
	471	285			
	472	288			
	472	284			
	470	286			
	470	287			
	471	288			
	470	288			
	471	289			
	469	287			
	469	288			
	470	289			
	469	289			
	470	290			
	468	288			
	468	289			
	469	290			
	468	290			
	469	291			
	467	289			
	467	290			
	467	288			
	468	291			
	468	287			
	466	289			
	466	290			
	467	291			
	466	291			
	467	292			
	465	290			
	465	291			
	465	289			
	466	292			
	466	288			
	464	290			
	465	292			
	466	293			
	464	291			
	464	292			
	465	293			
	463	291			
	463	292			
	464	293			
	463	293			
	464	294			
	462	292			
	462	293			
	462	291			
	463	294			
	463	290			
	461	292			
	462	294			
	463	295			
	461	293			
	461	294			
	462	295			
	460	293			
	461	295			
	462	296			
	460	294			
	460	295			
	461	296			
	459	294			
	459	295			
	459	293			
	460	296			
	460	292			
	458	294			
	458	295			
	458	293			
	459	296			
	459	292			
	457	294			
	457	295			
	458	296			
	457	296			
	458	297			
	456	295			
	456	296			
	456	294			
	457	297			
	457	293			
	455	295			
	455	296			
	455	294			
	456	297			
	456	293			
	454	295			
	454	296			
	454	294			
	455	297			
	455	293			
	453	295			
	453	296			
	453	294			
	454	297			
	454	293			
	452	295			
	452	296			
	452	294			
	453	297			
	453	293			
	451	295			
	452	293			
	451	293			
	452	292			
	453	292			
	451	294			
	451	292			
	452	291			
	450	293			
	453	291			
	451	291			
	454	292			
	452	290			
	450	292			
	450	291			
	451	290			
	450	290			
	451	289			
	449	291			
	450	289			
	449	289			
	450	288			
	451	288			
	449	290			
	449	288			
	452	289			
	450	287			
	448	289			
	449	287			
	448	287			
	449	286			
	450	286			
	448	288			
	448	286			
	451	287			
	449	285			
	447	287			
	447	286			
	448	285			
	447	285			
	448	284			
	446	286			
	446	285			
	445	285			
	446	284			
	447	284			
	445	286			
	445	284			
	446	287			
	446	283			
	444	285			
	447	283			
	445	283			
	446	282			
	444	284			
	444	283			
	445	282			
	444	282			
	445	281			
	443	283			
	446	281			
	444	281			
	447	282			
	445	280			
	443	282			
	446	280			
	444	280			
	447	281			
	445	279			
	443	281			
	443	280			
	444	279			
	443	279			
	444	278			
	442	280			
	446	279			
	445	278			
	446	278			
	447	279			
	445	277			
	446	277			
	444	277			
	447	278			
	445	276			
	443	278			
	446	276			
	444	276			
	447	277			
	445	275			
	443	277			
	446	275			
	444	275			
	447	276			
	445	274			
	443	276			
	447	275			
	446	274			
	447	274			
	448	275			
	446	273			
	447	273			
	445	273			
	448	274			
	446	272			
	444	274			
	448	273			
	447	272			
	448	272			
	449	273			
	447	271			
	448	271			
	446	271			
	449	272			
	447	270			
	445	272			
	448	270			
	446	270			
	449	271			
	447	269			
	445	271			
	448	269			
	449	269			
	448	268			
	449	270			
	449	268			
	447	268			
	450	269			
	448	267			
	446	269			
	449	267			
	447	267			
	450	268			
	448	266			
	446	268			
	450	267			
	449	266			
	450	266			
	451	267			
	449	265			
	451	268			
	451	266			
	452	267			
	450	265			
	451	265			
	452	266			
	450	264			
	452	265			
	451	264			
	452	264			
	453	265			
	451	263			
	452	263			
	453	263			
	452	262			
	453	264			
	453	262			
	451	262			
	454	263			
	452	261			
	450	263			
	453	261			
	451	261			
	454	262			
	452	260			
	450	262			
	454	261			
	455	262			
	453	260			
	454	260			
	455	261			
	453	259			
	455	260			
	454	259			
	455	259			
	456	260			
	454	258			
	455	258			
	453	258			
	456	259			
	454	257			
	452	259			
	456	258			
	455	257			
	456	257			
	457	258			
	455	256			
	456	256			
	457	256			
	456	255			
	457	257			
	457	255			
	455	255			
	458	256			
	456	254			
	454	256			
	457	254			
	455	254			
	458	255			
	456	253			
	454	255			
	457	253			
	458	253			
	457	252			
	458	254			
	458	252			
	456	252			
	459	253			
	457	251			
	455	253			
	458	251			
	456	251			
	459	252			
	457	250			
	455	252			
	458	250			
	456	250			
	459	251			
	457	249			
	455	251			
	458	249			
	456	249			
	459	250			
	457	248			
	455	250			
	459	249			
	458	248			
	459	248			
	460	249			
	458	247			
	459	247			
	457	247			
	460	248			
	458	246			
	456	248			
	459	246			
	457	246			
	458	245			
	459	245			
	457	245			
	460	246			
	458	244			
	456	246			
	460	245			
	459	244			
	460	244			
	461	245			
	459	243			
	460	243			
	458	243			
	461	244			
	459	242			
	457	244			
	460	242			
	458	242			
	461	243			
	459	241			
	457	243			
	460	241			
	458	241			
	461	242			
	459	240			
	457	242			
	460	240			
	458	240			
	461	241			
	459	239			
	457	241			
	460	239			
	458	239			
	461	240			
	459	238			
	457	240			
	460	238			
	458	238			
	461	239			
	459	237			
	457	239			
	460	237			
	458	237			
	461	238			
	459	236			
	457	238			
	460	236			
	458	236			
	461	237			
	459	235			
	457	237			
	457	236			
	458	235			
	457	235			
	458	234			
	456	236			
	459	234			
	457	234			
	460	235			
	458	233			
	456	235			
	456	234			
	457	233			
	455	235			
	455	233			
	456	233			
	454	233			
	455	234			
	455	232			
	456	232			
	454	234			
	454	232			
	455	231			
	453	233			
	453	232			
	452	232			
	453	231			
	454	231			
	452	233			
	452	231			
	453	234			
	453	230			
	451	232			
	451	231			
	452	230			
	451	230			
	452	229			
	450	231			
	450	230			
	451	229			
	450	229			
	451	228			
	449	230			
	449	229			
	448	229			
	449	228			
	450	228			
	448	230			
	448	228			
	449	231			
	449	227			
	447	229			
	447	228			
	448	227			
	447	227			
	448	226			
	446	228			
	446	227			
	447	226			
	446	226			
	447	225			
	445	227			
	445	228			
	445	226			
	446	229			
	446	225			
	444	227			
	445	225			
	446	224			
	444	226			
	444	225			
	445	224			
	443	226			
	444	224			
	445	223			
	443	225			
	443	224			
	444	223			
	442	225			
	443	223			
	444	222			
	442	224			
	445	222			
	443	222			
	446	223			
	444	221			
	442	223			
	446	222			
	447	223			
	445	221			
	446	221			
	447	222			
	445	220			
	446	220			
	444	220			
	447	221			
	445	219			
	443	221			
	447	220			
	448	221			
	446	219			
	447	219			
	448	220			
	446	218			
	447	218			
	445	218			
	448	219			
	446	217			
	444	219			
	448	218			
	449	218			
	448	217			
	449	219			
	449	217			
	447	217			
	450	218			
	448	216			
	449	216			
	447	216			
	450	217			
	448	215			
	449	215			
	450	215			
	449	214			
	450	216			
	450	214			
	448	214			
	451	215			
	449	213			
	447	215			
	451	214			
	452	214			
	451	213			
	452	215			
	452	213			
	450	213			
	451	216			
	453	214			
	451	212			
	453	213			
	452	212			
	453	212			
	454	213			
	452	211			
	454	212			
	453	211			
	454	211			
	455	212			
	453	210			
	455	211			
	454	210			
	455	210			
	456	211			
	454	209			
	456	210			
	455	209			
	456	209			
	457	210			
	455	208			
	456	208			
	454	208			
	457	209			
	455	207			
	453	209			
	458	209			
	457	208			
	458	210			
	458	208			
	457	211			
	459	209			
	457	207			
	459	208			
	458	207			
	459	207			
	460	208			
	458	206			
	459	206			
	460	206			
	459	205			
	460	207			
	460	205			
	458	205			
	461	206			
	459	204			
	457	206			
	461	207			
	461	205			
	462	206			
	460	204			
	462	205			
	461	204			
	462	204			
	463	205			
	461	203			
	463	204			
	462	203			
	463	203			
	464	204			
	462	202			
	464	203			
	463	202			
	464	202			
	465	203			
	463	201			
	465	202			
	464	201			
	465	201			
	466	202			
	464	200			
	466	203			
	466	201			
	465	204			
	467	202			
	465	200			
	466	200			
	467	201			
	465	199			
	467	200			
	468	201			
	466	199			
	468	202			
	468	200			
	467	203			
	469	201			
	467	199			
	469	202			
	469	200			
	468	203			
	470	201			
	468	199			
	469	203			
	468	204			
	470	202			
	470	203			
	469	204			
	471	202			
	471	203			
	471	201			
	470	204			
	472	202			
	470	200			
	471	204			
	470	205			
	472	203			
	472	204			
	471	205			
	473	203			
	473	204			
	473	202			
	472	205			
	474	203			
	472	201			
	474	204			
	474	202			
	473	205			
	475	203			
	473	201			
	475	204			
	474	205			
	475	205			
	474	206			
	476	204			
	476	205			
	476	203			
	475	206			
	477	204			
	475	202			
	476	206			
	475	207			
	477	205			
	477	206			
	476	207			
	478	205			
	478	206			
	478	204			
	477	207			
	479	205			
	477	203			
	479	206			
	478	207			
	479	207			
	478	208			
	480	206			
	481	206			
	480	207			
	480	205			
	481	207			
	481	205			
	480	208			
	482	206			
	480	204			
	483	206			
	482	207			
	482	205			
	483	207			
	483	205			
	482	208			
	484	206			
	482	204			
	484	207			
	483	208			
	484	208			
	483	209			
	485	207			
	486	207			
	485	208			
	485	206			
	486	208			
	486	206			
	485	209			
	487	207			
	485	205			
	488	207			
	487	208			
	487	206			
	488	208			
	488	206			
	487	209			
	489	207			
	487	205			
	489	208			
	490	208			
	489	209			
	490	209			
	490	207			
	488	209			
	489	210			
	491	208			
	489	206			
	492	208			
	493	208			
	492	209			
	492	207			
	493	209			
	493	207			
	491	209			
	491	207			
	492	210			
	492	206			
	494	209			
	495	210			
	494	210			
	495	211			
	497	210			
	496	211			
	498	209			
	494	207			
	493	210			
	493	206			
	490	210			
	490	206			
	488	205			
	486	209			
	486	205			
	484	205			
	484	204			
	483	204			
	481	204			
	481	203			
	479	204			
	479	203			
	478	203			
	477	202			
	476	202			
	344	73			
	338	71			
	345	76			
	344	74			
	342	75			
	342	72			
	342	71			
	344	77			
	341	75			
	343	75			
	340	71			
	343	74			
	344	80			
	342	69			
	341	70			
	341	73			
	339	69			
	340	73			
	340	70			
	338	68			
	339	72			
	340	68			
	341	64			
	341	69			
	340	66			
	339	66			
	341	67			
	340	62			
	337	66			
	339	64			
	338	64			
	338	66			
	337	60			
	340	65			
	338	62			
	337	62			
	337	64			
	312	44			
	339	63			
	301	34			
	308	38			
	338	60			
	301	35			
	336	61			
	311	39			
	336	62			
	304	37			
	310	42			
	305	36			
	303	33			
	309	43			
	300	30			
	300	27			
	308	39			
	302	35			
	299	32			
	301	31			
	305	38			
	302	27			
	298	26			
	309	39			
	306	37			
	300	33			
	301	30			
	305	39			
	300	28			
	299	27			
	303	35			
	301	32			
	300	26			
	298	29			
	301	28			
	303	37			
	301	33			
	299	25			
	301	26			
	309	41			
	303	34			
	302	29			
	305	35			
	304	33			
	303	38			
	304	36			
	299	30			
	301	27			
	311	42			
	300	31			
	314	42			
	307	37			
	313	44			
	306	40			
	314	43			
	315	44			
	309	40			
	317	48			
	309	42			
	318	45			
	315	42			
	317	45			
	315	43			
	317	46			
	316	47			
	310	41			
	314	44			
	324	49			
	300	34			
	319	46			
	320	46			
	315	46			
	319	45			
	318	48			
	316	44			
	315	45			
	322	49			
	308	41			
	320	49			
	325	51			
	320	48			
	324	50			
	325	53			
	320	50			
	322	47			
	325	52			
	323	48			
	326	50			
	327	49			
	327	50			
	322	50			
	329	53			
	326	53			
	327	53			
	328	51			
	329	51			
	331	53			
	322	48			
	324	51			
	333	56			
	322	51			
	329	54			
	332	57			
	328	52			
	333	54			
	332	54			
	327	54			
	331	52			
	332	59			
	321	49			
	331	57			
	335	60			
	332	53			
	334	57			
	330	54			
	333	57			
	330	57			
	331	55			
	331	54			
	362	60			
	334	61			
	335	64			
	358	60			
	334	59			
	359	62			
	335	62			
	359	61			
	333	59			
	360	60			
	360	61			
	332	55			
	335	63			
	362	63			
	335	59			
	358	62			
	361	63			
	361	60			
	364	64			
	363	63			
	336	59			
	359	60			
	343	180			
	334	62			
	343	181			
	344	181			
	343	182			
	344	182			
	344	180			
	362	62			
	343	183			
	345	181			
	343	179			
	344	183			
	345	183			
	344	184			
	345	184			
	345	182			
	343	184			
	344	185			
	346	183			
	360	64			
	346	184			
	345	185			
	346	185			
	345	186			
	347	184			
	347	185			
	346	186			
	347	186			
	346	187			
	348	185			
	348	186			
	349	186			
	348	187			
	349	187			
	349	185			
	347	187			
	348	188			
	350	186			
	348	184			
	350	187			
	349	188			
	350	188			
	349	189			
	351	187			
	351	188			
	352	188			
	351	189			
	352	189			
	352	187			
	350	189			
	351	190			
	353	188			
	351	186			
	353	189			
	352	190			
	353	190			
	352	191			
	354	189			
	354	190			
	355	190			
	354	191			
	355	191			
	355	189			
	353	191			
	354	192			
	356	190			
	354	188			
	356	191			
	357	191			
	356	192			
	357	192			
	357	190			
	355	192			
	356	193			
	358	191			
	356	189			
	358	192			
	359	192			
	358	193			
	359	193			
	359	191			
	357	193			
	358	194			
	360	192			
	358	190			
	360	193			
	361	193			
	360	194			
	361	194			
	361	192			
	359	194			
	360	195			
	362	193			
	360	191			
	362	194			
	361	195			
	362	195			
	361	196			
	363	194			
	363	195			
	364	195			
	363	196			
	364	196			
	364	194			
	362	196			
	363	197			
	365	195			
	363	193			
	365	196			
	365	194			
	364	197			
	366	195			
	364	193			
	366	196			
	365	197			
	366	197			
	365	198			
	367	196			
	367	197			
	367	195			
	366	198			
	368	196			
	366	194			
	368	197			
	367	198			
	368	198			
	367	199			
	369	197			
	370	197			
	369	198			
	369	196			
	370	198			
	370	196			
	369	199			
	371	197			
	369	195			
	371	198			
	370	199			
	371	199			
	370	200			
	372	198			
	372	199			
	372	197			
	371	200			
	373	198			
	371	196			
	374	198			
	373	199			
	373	197			
	374	199			
	374	197			
	373	200			
	375	198			
	373	196			
	375	199			
	375	197			
	374	200			
	376	198			
	374	196			
	376	199			
	377	199			
	376	200			
	377	200			
	377	198			
	375	200			
	376	201			
	378	199			
	376	197			
	378	200			
	378	198			
	377	201			
	379	199			
	377	197			
	379	200			
	379	198			
	378	201			
	380	199			
	378	197			
	381	199			
	380	200			
	380	198			
	381	200			
	381	198			
	380	201			
	382	199			
	380	197			
	382	200			
	382	198			
	381	201			
	383	199			
	381	197			
	383	200			
	383	198			
	382	201			
	384	199			
	382	197			
	385	199			
	384	200			
	384	198			
	385	200			
	385	198			
	384	201			
	386	199			
	384	197			
	386	200			
	386	198			
	385	201			
	387	199			
	385	197			
	387	200			
	387	198			
	386	201			
	388	199			
	386	197			
	389	199			
	388	200			
	388	198			
	389	200			
	389	198			
	388	201			
	390	199			
	388	197			
	390	198			
	389	197			
	390	197			
	391	198			
	389	196			
	392	198			
	391	199			
	391	197			
	392	199			
	392	197			
	391	200			
	393	198			
	391	196			
	393	197			
	394	197			
	393	196			
	394	198			
	394	196			
	392	196			
	393	199			
	395	197			
	393	195			
	395	196			
	394	195			
	395	195			
	396	196			
	394	194			
	397	196			
	396	197			
	396	195			
	397	197			
	397	195			
	396	198			
	398	196			
	396	194			
	398	195			
	397	194			
	398	194			
	399	195			
	397	193			
	399	196			
	399	194			
	398	197			
	400	195			
	398	193			
	400	194			
	401	194			
	400	193			
	401	195			
	401	193			
	399	193			
	400	196			
	402	194			
	400	192			
	402	195			
	402	193			
	401	196			
	403	194			
	401	192			
	403	193			
	402	192			
	403	192			
	404	193			
	402	191			
	404	192			
	403	191			
	404	191			
	405	192			
	403	190			
	406	191			
	407	191			
	405	191			
	406	192			
	406	190			
	407	192			
	407	190			
	405	190			
	406	193			
	408	191			
	406	189			
	408	190			
	407	189			
	408	189			
	409	190			
	407	188			
	409	189			
	408	188			
	409	188			
	410	189			
	408	187			
	410	188			
	411	188			
	410	187			
	411	189			
	411	187			
	409	187			
	410	190			
	412	188			
	410	186			
	412	187			
	411	186			
	412	186			
	413	187			
	411	185			
	413	186			
	414	186			
	413	185			
	414	187			
	414	185			
	412	185			
	413	188			
	415	186			
	413	184			
	414	184			
	412	184			
	413	183			
	414	183			
	412	183			
	415	184			
	413	182			
	411	184			
	415	183			
	414	182			
	415	182			
	416	183			
	414	181			
	416	182			
	415	181			
	416	181			
	417	182			
	415	180			
	417	181			
	416	180			
	417	180			
	418	181			
	416	179			
	417	179			
	415	179			
	418	180			
	416	178			
	414	180			
	418	179			
	417	178			
	418	178			
	419	179			
	417	177			
	418	177			
	419	177			
	418	176			
	419	178			
	419	176			
	417	176			
	420	177			
	418	175			
	416	177			
	419	175			
	420	175			
	419	174			
	420	176			
	420	174			
	418	174			
	421	175			
	419	173			
	417	175			
	421	174			
	420	173			
	421	173			
	422	174			
	420	172			
	421	172			
	419	172			
	420	171			
	421	171			
	419	171			
	422	172			
	420	170			
	418	172			
	421	170			
	419	170			
	420	169			
	421	169			
	419	169			
	422	170			
	420	168			
	418	170			
	421	168			
	422	168			
	421	167			
	422	169			
	422	167			
	420	167			
	423	168			
	421	166			
	419	168			
	422	166			
	420	166			
	421	165			
	422	165			
	420	165			
	423	166			
	421	164			
	419	166			
	422	164			
	420	164			
	423	165			
	421	163			
	419	165			
	422	163			
	420	163			
	423	164			
	421	162			
	419	164			
	422	162			
	420	162			
	421	161			
	422	161			
	420	161			
	423	162			
	421	160			
	419	162			
	422	160			
	420	160			
	423	161			
	421	159			
	419	161			
	421	158			
	422	158			
	420	158			
	421	157			
	422	159			
	422	157			
	420	159			
	420	157			
	423	158			
	421	156			
	419	158			
	422	156			
	420	156			
	423	157			
	421	155			
	419	157			
	422	155			
	420	155			
	423	156			
	421	154			
	419	156			
	422	154			
	420	154			
	421	153			
	422	153			
	420	153			
	423	154			
	421	152			
	419	154			
	422	152			
	420	152			
	423	153			
	421	151			
	419	153			
	422	151			
	420	151			
	421	150			
	422	150			
	420	150			
	423	151			
	421	149			
	419	151			
	419	150			
	420	149			
	419	149			
	420	148			
	418	150			
	421	148			
	419	148			
	420	147			
	421	147			
	419	147			
	422	148			
	420	146			
	418	148			
	421	146			
	419	146			
	422	147			
	420	145			
	418	147			
	419	144			
	420	144			
	418	144			
	419	145			
	419	143			
	420	143			
	418	145			
	418	143			
	421	144			
	419	142			
	417	144			
	420	142			
	418	142			
	421	143			
	419	141			
	417	143			
	420	141			
	418	141			
	419	140			
	420	140			
	418	140			
	421	141			
	419	139			
	417	141			
	420	139			
	418	139			
	421	140			
	419	138			
	417	140			
	420	138			
	418	138			
	421	139			
	419	137			
	417	139			
	420	137			
	418	137			
	421	138			
	419	136			
	417	138			
	417	137			
	418	136			
	417	136			
	418	135			
	416	137			
	416	136			
	417	135			
	416	135			
	417	134			
	415	136			
	416	134			
	415	134			
	416	133			
	417	133			
	415	135			
	415	133			
	418	134			
	416	132			
	414	134			
	414	133			
	415	132			
	414	132			
	415	131			
	413	133			
	413	132			
	414	131			
	413	131			
	414	130			
	412	132			
	412	131			
	413	130			
	412	130			
	413	129			
	411	131			
	411	132			
	411	130			
	412	133			
	412	129			
	410	131			
	410	130			
	411	129			
	410	129			
	411	128			
	409	130			
	409	131			
	409	129			
	410	132			
	410	128			
	408	130			
	409	128			
	410	127			
	408	129			
	408	128			
	409	127			
	407	129			
	407	130			
	407	128			
	408	131			
	408	127			
	406	129			
	407	127			
	408	126			
	406	128			
	406	127			
	407	126			
	405	128			
	406	126			
	407	125			
	405	127			
	405	126			
	406	125			
	404	127			
	404	126			
	405	125			
	404	125			
	405	124			
	403	126			
	403	125			
	404	124			
	403	124			
	404	123			
	402	125			
	402	126			
	402	124			
	403	127			
	403	123			
	401	125			
	401	124			
	402	123			
	401	123			
	402	122			
	400	124			
	400	125			
	400	123			
	401	126			
	401	122			
	399	124			
	399	123			
	400	122			
	399	122			
	400	121			
	402	130			
	399	125			
	400	126			
	398	126			
	399	126			
	400	127			
	398	125			
	401	127			
	402	127			
	401	128			
	402	128			
	403	128			
	402	129			
	404	128			
	403	129			
	404	129			
	403	130			
	405	129			
	404	130			
	406	130			
	405	130			
	406	131			
	407	131			
	405	131			
	406	132			
	407	132			
	408	132			
	409	132			
	408	133			
	409	133			
	410	133			
	409	134			
	411	134			
	412	134			
	410	134			
	411	135			
	411	133			
	412	135			
	410	135			
	411	136			
	413	134			
	413	135			
	414	135			
	413	136			
	414	136			
	412	136			
	413	137			
	415	137			
	414	137			
	415	138			
	416	138			
	397	125			
	399	127			
	396	126			
	396	125			
	396	123			
	398	123			
	397	122			
	395	125			
	396	124			
	398	127			
	395	122			
	391	119			
	393	120			
	388	120			
	390	119			
	390	120			
	391	122			
	392	121			
	388	118			
	390	118			
	391	118			
	394	121			
	390	121			
	389	116			
	388	116			
	385	116			
	387	117			
	389	118			
	386	115			
	386	116			
	387	118			
	388	117			
	384	116			
	384	114			
	386	114			
	387	115			
	386	117			
	383	115			
	383	113			
	385	113			
	385	114			
	386	118			
	383	112			
	380	111			
	379	111			
	381	110			
	381	111			
	381	114			
	382	112			
	379	110			
	381	109			
	379	112			
	380	112			
	378	108			
	379	106			
	379	108			
	378	105			
	377	108			
	381	108			
	378	109			
	376	107			
	377	106			
	377	107			
	378	107			
	375	107			
	375	106			
	377	105			
	376	108			
	378	106			
	374	104			
	377	104			
	375	103			
	375	104			
	375	102			
	374	103			
	376	103			
	374	106			
	373	102			
	373	100			
	374	101			
	374	102			
	371	102			
	372	101			
	372	103			
	373	103			
	371	101			
	372	99			
	373	99			
	374	100			
	373	101			
	373	98			
	371	100			
	372	98			
	371	99			
	375	101			
	373	97			
	371	96			
	371	97			
	370	99			
	370	96			
	370	98			
	374	98			
	372	97			
	370	95			
	373	95			
	373	96			
	370	97			
	371	93			
	370	94			
	371	94			
	372	95			
	370	93			
	373	94			
	372	93			
	369	95			
	372	94			
	370	92			
	368	94			
	369	91			
	369	92			
	371	92			
	370	90			
	371	91			
	370	91			
	369	93			
	370	89			
	370	88			
	368	91			
	372	91			
	368	90			
	369	88			
	369	89			
	369	90			
	367	89			
	370	87			
	368	88			
	368	87			
	371	89			
	367	86			
	368	85			
	368	86			
	371	88			
	369	87			
	370	86			
	368	84			
	368	83			
	366	86			
	369	85			
	366	85			
	370	85			
	369	84			
	367	85			
	367	83			
	367	80			
	367	81			
	366	82			
	365	82			
	369	82			
	368	81			
	368	82			
	367	79			
	365	81			
	369	81			
	368	80			
	366	81			
	367	78			
	367	77			
	365	80			
	369	80			
	365	79			
	369	79			
	368	78			
	366	79			
	369	78			
	367	76			
	364	77			
	365	78			
	368	77			
	367	75			
	366	75			
	365	77			
	366	77			
	364	76			
	367	74			
	366	74			
	365	75			
	365	76			
	364	75			
	364	74			
	366	73			
	365	74			
	368	76			
	363	74			
	366	72			
	365	72			
	365	73			
	368	75			
	365	71			
	366	76			
	366	78			
	368	79			
	366	80			
	367	84			
	367	82			
	367	88			
	367	87			
	369	86			
	368	89			
	371	90			
	368	93			
	369	94			
	371	95			
	369	96			
	371	98			
	372	96			
	372	100			
	376	105			
	375	105			
	379	107			
	380	109			
	377	109			
	379	109			
	381	112			
	384	112			
	382	115			
	382	114			
	382	110			
	382	111			
	383	114			
	385	117			
	384	115			
	387	116			
	389	121			
	390	117			
	391	121			
	389	120			
	392	120			
	389	117			
	389	119			
	393	121			
	394	120			
	392	123			
	391	120			
	395	121			
	395	124			
	393	123			
	394	122			
	395	123			
	393	124			
	397	127			
	396	122			
	398	124			
	397	126			
	399	128			
	397	123			
	397	124			
	400	128			
	399	129			
	401	129			
	366	83			
	363	73			
	367	73			
	364	72			
	364	73			
	367	72			
	365	70			
	366	71			
	363	72			
	364	71			
	363	70			
	363	69			
	364	69			
	364	70			
	362	69			
	362	70			
	362	71			
	363	71			
	364	68			
	361	69			
	362	68			
	361	70			
	364	67			
	363	67			
	365	69			
	363	68			
	361	68			
	362	66			
	362	67			
	361	66			
	365	68			
	361	67			
	361	65			
	363	65			
	362	65			
	363	66			
	360	66			
	363	64			
	364	66			
	361	64			
	362	64			
	360	62			
	334	60			
	361	61			
	361	62			
	358	61			
	362	61			
	359	63			
	360	63			
	334	56			
	333	60			
	336	65			
	336	58			
	334	58			
	333	61			
	331	56			
	336	64			
	335	58			
	332	58			
	333	58			
	330	55			
	334	63			
	332	56			
	335	57			
	329	55			
	333	55			
	330	53			
	330	56			
	331	58			
	329	52			
	327	51			
	328	50			
	328	54			
	330	52			
	326	49			
	325	50			
	327	52			
	328	53			
	326	52			
	324	52			
	321	48			
	326	51			
	321	50			
	325	49			
	319	49			
	321	46			
	319	48			
	323	49			
	323	51			
	318	46			
	318	47			
	317	47			
	321	47			
	323	50			
	316	45			
	316	46			
	317	44			
	319	47			
	320	47			
	311	40			
	314	46			
	314	45			
	313	45			
	316	43			
	306	38			
	306	39			
	307	38			
	312	42			
	313	43			
	302	32			
	299	31			
	303	32			
	308	42			
	312	41			
	302	31			
	304	35			
	300	29			
	303	31			
	301	29			
	299	26			
	299	29			
	300	32			
	303	30			
	303	36			
	304	34			
	298	25			
	299	28			
	302	37			
	298	27			
	308	40			
	306	36			
	302	34			
	302	36			
	300	25			
	304	39			
	312	40			
	307	41			
	302	30			
	305	37			
	310	40			
	305	40			
	313	41			
	307	40			
	304	38			
	337	61			
	302	33			
	307	39			
	311	41			
	311	43			
	335	61			
	339	62			
	339	61			
	338	61			
	336	60			
	336	63			
	340	64			
	340	63			
	338	63			
	337	63			
	338	67			
	339	68			
	340	67			
	339	65			
	338	65			
	341	68			
	337	68			
	339	70			
	341	66			
	339	67			
	338	70			
	342	70			
	338	69			
	340	72			
	340	69			
	343	72			
	343	73			
	341	74			
	341	72			
	339	71			
	345	74			
	344	76			
	343	76			
	342	74			
	342	73			
	345	78			
	343	78			
	346	76			
	342	76			
	344	75			
	345	80			
	346	79			
	344	78			
	342	78			
	345	77			
	347	82			
	345	82			
	348	80			
	346	80			
	346	78			
	346	84			
	347	85			
	348	82			
	346	83			
	346	82			
	348	86			
	346	86			
	345	84			
	349	83			
	348	84			
	347	89			
	345	86			
	346	88			
	349	86			
	349	84			
	347	91			
	346	90			
	348	89			
	347	88			
	349	92			
	348	93			
	348	92			
	349	89			
	348	88			
	347	94			
	349	94			
	349	98			
	346	92			
	345	90			
	349	96			
	348	97			
	348	95			
	350	92			
	349	100			
	348	99			
	350	97			
	350	99			
	349	97			
	347	100			
	350	102			
	351	100			
	350	100			
	347	97			
	350	104			
	347	102			
	349	102			
	351	102			
	348	101			
	350	106			
	348	106			
	347	104			
	348	104			
	349	104			
	348	108			
	350	108			
	351	104			
	347	106			
	349	106			
	347	110			
	348	110			
	351	106			
	347	108			
	349	108			
	347	112			
	346	110			
	351	108			
	350	110			
	349	110			
	348	115			
	346	115			
	347	115			
	346	112			
	348	112			
	346	118			
	345	117			
	345	112			
	346	117			
	349	112			
	346	122			
	346	120			
	345	120			
	347	118			
	345	115			
	344	124			
	345	122			
	349	115			
	346	124			
	343	122			
	344	121			
	522	138			
	346	121			
	343	125			
	345	124			
	345	127			
	344	123			
	345	121			
	521	136			
	344	126			
	347	117			
	346	123			
	343	129			
	345	129			
	346	126			
	342	127			
	343	124			
	342	130			
	346	127			
	344	132			
	344	129			
	347	124			
	342	132			
	343	132			
	343	121			
	343	128			
	344	135			
	341	133			
	342	131			
	345	133			
	343	131			
	342	138			
	345	128			
	343	135			
	345	126			
	342	129			
	344	138			
	343	138			
	342	134			
	342	137			
	344	134			
	340	139			
	344	139			
	344	137			
	342	141			
	341	135			
	343	144			
	341	138			
	344	143			
	341	140			
	345	135			
	342	143			
	345	141			
	343	134			
	343	140			
	341	147			
	343	147			
	343	143			
	342	147			
	344	142			
	343	150			
	340	148			
	341	144			
	344	148			
	345	144			
	344	151			
	343	142			
	342	150			
	343	146			
	344	141			
	341	149			
	342	140			
	342	145			
	342	153			
	343	149			
	343	152			
	340	147			
	344	145			
	341	152			
	340	150			
	340	140			
	344	147			
	343	155			
	340	153			
	344	150			
	344	153			
	342	152			
	340	156			
	342	155			
	342	158			
	341	154			
	341	151			
	344	156			
	341	157			
	342	149			
	343	154			
	340	159			
	344	159			
	343	157			
	342	161			
	340	155			
	343	162			
	341	164			
	341	160			
	340	163			
	343	160			
	340	166			
	344	155			
	342	163			
	340	152			
	340	158			
	342	166			
	339	164			
	339	161			
	343	164			
	341	163			
	341	169			
	344	158			
	341	166			
	342	157			
	340	162			
	340	168			
	342	168			
	340	165			
	339	166			
	342	165			
	340	171			
	337	67			
	341	71			
	343	79			
	345	75			
	345	79			
	343	77			
	346	81			
	347	80			
	347	83			
	347	79			
	344	79			
	348	83			
	344	81			
	347	81			
	345	81			
	346	85			
	347	86			
	348	85			
	347	84			
	348	81			
	348	87			
	345	85			
	347	90			
	349	85			
	345	83			
	348	90			
	346	89			
	346	87			
	347	87			
	346	91			
	347	93			
	347	92			
	348	91			
	348	94			
	349	91			
	349	90			
	345	89			
	350	94			
	348	96			
	348	98			
	347	95			
	349	93			
	349	99			
	350	96			
	346	94			
	349	95			
	347	99			
	350	101			
	351	99			
	351	97			
	350	98			
	348	103			
	350	103			
	349	101			
	349	103			
	348	100			
	350	105			
	347	103			
	350	107			
	351	103			
	348	102			
	348	107			
	347	105			
	348	105			
	349	105			
	348	109			
	347	107			
	351	105			
	347	111			
	350	109			
	351	107			
	349	107			
	347	109			
	349	111			
	349	109			
	346	111			
	346	113			
	348	114			
	348	113			
	348	111			
	346	116			
	348	116			
	347	114			
	347	113			
	346	119			
	348	117			
	345	116			
	346	114			
	347	116			
	347	121			
	345	119			
	345	123			
	344	117			
	345	118			
	346	125			
	343	123			
	344	120			
	347	123			
	344	122			
	343	127			
	344	128			
	344	127			
	344	125			
	345	125			
	343	130			
	344	131			
	345	130			
	342	126			
	343	126			
	341	131			
	344	133			
	345	131			
	521	135			
	344	130			
	344	136			
	342	136			
	343	136			
	342	133			
	343	133			
	341	137			
	342	139			
	345	137			
	343	137			
	342	135			
	342	142			
	344	140			
	341	141			
	341	139			
	343	139			
	342	144			
	344	144			
	343	148			
	341	142			
	343	141			
	341	148			
	342	146			
	343	145			
	345	142			
	344	149			
	340	149			
	342	151			
	341	146			
	342	148			
	341	153			
	342	154			
	343	153			
	343	151			
	341	150			
	344	154			
	340	154			
	342	156			
	344	152			
	340	151			
	342	159			
	343	159			
	341	158			
	343	156			
	341	155			
	344	160			
	340	160			
	342	162			
	341	159			
	343	158			
	341	165			
	343	163			
	340	164			
	340	161			
	341	161			
	342	167			
	340	167			
	339	165			
	339	163			
	342	164			
	341	170			
	343	171			
	343	168			
	340	169			
	343	169			
	339	170			
	339	168			
	342	169			
	343	174			
	345	139			
	344	166			
	524	134			
	345	138			
	345	140			
	344	163			
	344	168			
	524	133			
	347	126			
	345	136			
	347	181			
	341	143			
	587	117			
	545	117			
	532	126			
	349	114			
	520	137			
	531	155			
	348	120			
	529	157			
	352	112			
	351	112			
	563	118			
	532	155			
	531	127			
	535	153			
	544	150			
	537	150			
	551	147			
	543	150			
	548	145			
	548	147			
	557	145			
	563	144			
	566	146			
	580	142			
	585	142			
	589	142			
	568	146			
	568	145			
	588	142			
	491	216			
	492	216			
	487	213			
	492	220			
	491	213			
	552	148			
	491	219			
	493	217			
	489	215			
	491	221			
	493	219			
	488	214			
	550	148			
	492	219			
	587	142			
	490	214			
	490	219			
	487	212			
	554	147			
	492	218			
	491	212			
	551	148			
	493	218			
	489	216			
	588	143			
	489	214			
	495	219			
	556	146			
	491	214			
	488	213			
	558	141			
	493	216			
	586	142			
	490	213			
	494	220			
	491	218			
	487	211			
	490	215			
	584	142			
	489	213			
	493	220			
	585	143			
	570	141			
	582	142			
	583	143			
	488	212			
	576	141			
	490	217			
	581	142			
	489	212			
	492	215			
	580	143			
	566	145			
	579	142			
	578	142			
	560	145			
	588	141			
	562	145			
	564	146			
	555	146			
	546	149			
	563	142			
	547	148			
	551	146			
	544	149			
	549	148			
	536	151			
	537	151			
	533	153			
	536	152			
	534	154			
	533	154			
	350	113			
	534	155			
	351	113			
	532	154			
	557	119			
	530	156			
	535	152			
	531	156			
	534	156			
	350	114			
	545	121			
	556	120			
	521	137			
	533	156			
	533	155			
	570	120			
	349	116			
	566	119			
	531	126			
	547	117			
	522	137			
	526	159			
	522	135			
	524	161			
	532	156			
	587	118			
	543	117			
	351	111			
	525	167			
	529	128			
	588	119			
	590	119			
	525	160			
	526	131			
	596	120			
	525	133			
	346	128			
	588	118			
	522	136			
	523	136			
	341	132			
	571	120			
	568	120			
	345	132			
	527	130			
	341	134			
	345	149			
	525	132			
	345	151			
	345	134			
	340	157			
	341	178			
	341	136			
	345	176			
	341	179			
	344	146			
	342	179			
	344	157			
	342	180			
	346	179			
	344	161			
	345	178			
	347	183			
	345	180			
	341	175			
	347	182			
	344	177			
	345	175			
	340	173			
	345	179			
	344	173			
	343	177			
	342	175			
	344	170			
	342	176			
	343	172			
	342	172			
	343	175			
	342	170			
	341	174			
	340	170			
	342	173			
	341	171			
	344	171			
	341	168			
	343	166			
	342	171			
	342	160			
	341	156			
	341	162			
	344	175			
	343	173			
	342	177			
	343	178			
	346	181			
	341	176			
	345	146			
	350	115			
	558	119			
	349	113			
	534	153			
	535	156			
	545	149			
	543	151			
	549	146			
	545	148			
	547	144			
	549	147			
	553	146			
	550	147			
	553	147			
	563	145			
	564	145			
	570	145			
	563	146			
	571	145			
	569	146			
	565	146			
	491	210			
	553	142			
	492	211			
	552	147			
	491	211			
	490	211			
	583	142			
	581	143			
	489	211			
	490	212			
	584	141			
	488	210			
	490	216			
	582	143			
	488	211			
	491	217			
	491	215			
	492	217			
	490	218			
	494	219			
	495	218			
	494	217			
	491	222			
	489	220			
	493	221			
	489	221			
	490	222			
	491	220			
	489	222			
	492	221			
	490	223			
	488	221			
	490	220			
	491	223			
	489	223			
	490	221			
	494	218			
	490	224			
	350	112			
	562	119			
	567	119			
	528	129			
	564	119			
	523	135			
	530	127			
	523	134			
	342	128			
	524	168			
	589	118			
	345	172			
	346	180			
	345	143			
	345	177			
	344	176			
	341	177			
	342	178			
	344	174			
	343	176			
	346	182			
	344	179			
	344	172			
	344	178			
	343	170			
	340	172			
	342	174			
	341	172			
	341	173			
	343	165			
	339	167			
	341	167			
	343	167			
	339	162			
	343	161			
	374	99			
	372	102			
	374	105			
	373	104			
	376	106			
	376	104			
	378	110			
	383	111			
	380	107			
	380	110			
	380	108			
	381	113			
	380	113			
	384	113			
	382	113			
	385	115			
	388	119			
	387	119			
	392	122			
	394	125			
	392	119			
	394	123			
	394	124			
	393	122			
	388	115			
	524	130			
	525	131			
	522	133			
	486	224			
	488	226			
	487	225			
	488	225			
	487	224			
	487	223			
	489	225			
	488	224			
	489	224			
	488	223			
	488	222			
	492	222			
	489	226			
	487	226			
	488	227			
	490	225			
	486	225			
	489	227			
	487	227			
	488	228			
	490	226			
	486	226			
	489	228			
	487	228			
	488	229			
	490	227			
	486	227			
	486	228			
	487	229			
	485	227			
	485	226			
	486	223			
	487	222			
	485	224			
	486	222			
	487	221			
	486	221			
	487	220			
	485	222			
	488	220			
	486	220			
	487	219			
	485	221			
	485	223			
	484	222			
	483	222			
	484	223			
	484	221			
	483	223			
	483	221			
	484	224			
	484	220			
	482	222			
	482	223			
	481	223			
	482	224			
	483	224			
	481	224			
	481	222			
	482	225			
	482	221			
	480	223			
	480	224			
	480	222			
	481	225			
	481	221			
	479	223			
	479	224			
	479	222			
	480	225			
	480	221			
	478	223			
	478	224			
	478	222			
	479	225			
	479	221			
	477	223			
	477	224			
	477	222			
	478	225			
	478	221			
	476	223			
	476	224			
	476	222			
	477	225			
	477	221			
	475	223			
	476	221			
	477	220			
	475	222			
	478	220			
	476	220			
	477	219			
	475	221			
	475	220			
	476	219			
	475	219			
	476	218			
	474	220			
	477	218			
	475	218			
	478	219			
	476	217			
	474	219			
	477	217			
	475	217			
	478	218			
	476	216			
	474	218			
	478	217			
	477	216			
	478	216			
	479	217			
	477	215			
	479	215			
	480	215			
	478	215			
	479	216			
	479	214			
	480	216			
	480	214			
	478	214			
	481	215			
	479	213			
	481	213			
	482	213			
	480	213			
	481	214			
	481	212			
	482	214			
	482	212			
	480	212			
	483	213			
	481	211			
	482	211			
	483	211			
	482	210			
	483	212			
	483	210			
	481	210			
	484	211			
	482	209			
	480	211			
	484	210			
	484	209			
	485	210			
	483	214			
	482	215			
	484	213			
	477	214			
	478	213			
	476	215			
	475	216			
	476	214			
	477	213			
	475	215			
	476	213			
	477	212			
	475	214			
	475	213			
	476	212			
	474	214			
	475	212			
	476	211			
	474	213			
	477	211			
	475	211			
	478	212			
	476	210			
	474	212			
	479	212			
	478	211			
	479	211			
	478	210			
	479	210			
	477	210			
	478	209			
	480	210			
	479	209			
	480	209			
	479	208			
	481	209			
	477	209			
	481	208			
	481	216			
	480	217			
	481	217			
	480	218			
	482	216			
	481	218			
	479	218			
	480	219			
	481	219			
	479	219			
	480	220			
	482	218			
	481	220			
	479	220			
	482	219			
	482	217			
	483	217			
	483	216			
	483	215			
	484	216			
	483	219			
	482	220			
	483	220			
	483	218			
	484	219			
	485	220			
	485	218			
	486	218			
	484	218			
	485	219			
	485	217			
	486	219			
	486	217			
	484	217			
	487	218			
	485	216			
	487	217			
	488	218			
	486	216			
	488	219			
	488	217			
	489	218			
	487	216			
	489	219			
	489	217			
	488	216			
	487	215			
	488	215			
	486	215			
	487	214			
	486	214			
	485	215			
	485	213			
	484	214			
	484	212			
	485	214			
	485	212			
	484	215			
	486	213			
	485	211			
	474	216			
	473	216			
	474	217			
	474	215			
	473	217			
	473	215			
	472	216			
	473	218			
	472	217			
	472	218			
	473	219			
	471	217			
	486	210			
	487	210			
	486	211			
	486	212			
	534	152			
	533	152			
	534	151			
	532	153			
	535	151			
	533	151			
	534	150			
	535	150			
	533	150			
	534	149			
	532	151			
	535	149			
	533	149			
	536	150			
	534	148			
	532	150			
	532	149			
	533	148			
	531	150			
	532	148			
	533	147			
	531	149			
	534	147			
	532	147			
	535	148			
	533	146			
	531	148			
	535	147			
	534	146			
	535	146			
	536	147			
	534	145			
	535	145			
	533	145			
	536	146			
	534	144			
	532	146			
	536	145			
	535	144			
	536	144			
	537	145			
	535	143			
	537	144			
	536	143			
	537	143			
	538	144			
	536	142			
	538	143			
	539	143			
	538	142			
	539	144			
	539	142			
	537	142			
	538	145			
	540	143			
	538	141			
	539	141			
	537	141			
	540	142			
	538	140			
	540	141			
	541	141			
	540	140			
	541	142			
	541	140			
	539	140			
	542	141			
	540	139			
	541	139			
	539	139			
	542	140			
	540	138			
	542	139			
	543	140			
	541	138			
	543	139			
	542	138			
	543	138			
	544	139			
	542	137			
	544	138			
	543	137			
	544	137			
	545	138			
	543	136			
	545	139			
	545	137			
	544	140			
	546	138			
	544	136			
	546	137			
	545	136			
	546	136			
	547	137			
	545	135			
	547	138			
	547	136			
	546	139			
	548	137			
	546	135			
	548	138			
	548	136			
	547	139			
	549	137			
	547	135			
	550	137			
	549	138			
	549	136			
	550	138			
	550	136			
	549	139			
	551	137			
	549	135			
	552	137			
	551	138			
	551	136			
	552	138			
	552	136			
	551	139			
	553	137			
	551	135			
	553	138			
	553	136			
	552	139			
	554	137			
	552	135			
	554	138			
	555	138			
	554	139			
	555	139			
	555	137			
	553	139			
	554	140			
	556	138			
	554	136			
	556	139			
	556	137			
	555	140			
	557	138			
	555	136			
	557	139			
	557	137			
	556	140			
	558	138			
	556	136			
	558	139			
	558	137			
	557	140			
	559	138			
	557	136			
	559	137			
	558	136			
	559	136			
	560	137			
	558	135			
	560	138			
	560	136			
	559	139			
	561	137			
	559	135			
	561	138			
	561	136			
	560	139			
	562	137			
	560	135			
	562	136			
	561	135			
	562	135			
	563	136			
	561	134			
	563	137			
	563	135			
	562	138			
	564	136			
	562	134			
	564	137			
	564	135			
	563	138			
	565	136			
	563	134			
	565	137			
	565	135			
	564	138			
	566	136			
	564	134			
	566	137			
	566	135			
	565	138			
	567	136			
	565	134			
	566	134			
	567	135			
	565	133			
	567	134			
	568	135			
	566	133			
	568	136			
	568	134			
	567	137			
	569	135			
	567	133			
	569	136			
	569	134			
	568	137			
	570	135			
	568	133			
	570	136			
	570	134			
	569	137			
	571	135			
	569	133			
	571	136			
	572	136			
	571	137			
	572	137			
	572	135			
	570	137			
	571	138			
	573	136			
	571	134			
	574	138			
	575	138			
	573	138			
	574	139			
	574	137			
	575	139			
	575	137			
	573	139			
	573	137			
	574	140			
	576	138			
	574	136			
	572	138			
	577	139			
	578	139			
	576	139			
	577	140			
	577	138			
	578	140			
	578	138			
	576	140			
	577	141			
	579	139			
	577	137			
	580	140			
	581	140			
	579	140			
	580	141			
	580	139			
	581	141			
	581	139			
	579	141			
	582	140			
	580	138			
	582	141			
	583	141			
	583	140			
	582	139			
	584	140			
	585	141			
	583	139			
	586	141			
	585	140			
	587	141			
	299	24			
	297	26			
	300	24			
	298	24			
	299	23			
	300	23			
	298	23			
	301	24			
	299	22			
	297	24			
	300	22			
	298	22			
	301	23			
	299	21			
	297	23			
	328	55			
	327	55			
	328	56			
	329	56			
	327	56			
	328	57			
	326	55			
	326	54			
	325	54			
	325	48			
	322	46			
	323	46			
	322	45			
	323	47			
	323	45			
	321	45			
	324	46			
	322	44			
	323	44			
	321	44			
	322	43			
	323	43			
	321	43			
	324	44			
	322	42			
	320	44			
	320	43			
	321	42			
	320	42			
	321	41			
	319	43			
	319	42			
	320	41			
	319	41			
	320	40			
	318	42			
	321	40			
	319	40			
	322	41			
	320	39			
	318	41			
	318	40			
	319	39			
	317	41			
	318	39			
	319	38			
	317	40			
	317	39			
	318	38			
	317	38			
	318	37			
	316	39			
	316	38			
	317	37			
	316	37			
	317	36			
	315	38			
	315	37			
	316	36			
	315	36			
	316	35			
	314	37			
	314	36			
	315	35			
	314	35			
	315	34			
	313	36			
	316	34			
	314	34			
	315	33			
	316	33			
	314	33			
	317	34			
	315	32			
	313	34			
	313	35			
	313	33			
	314	32			
	312	34			
	313	32			
	314	31			
	312	33			
	312	29			
	313	29			
	311	29			
	312	30			
	312	28			
	313	30			
	313	28			
	311	30			
	311	28			
	312	31			
	314	29			
	312	27			
	310	29			
	310	28			
	311	27			
	310	27			
	311	26			
	309	28			
	312	26			
	310	26			
	313	27			
	311	25			
	309	27			
	309	26			
	310	25			
	308	27			
	309	25			
	310	24			
	308	26			
	308	25			
	309	24			
	307	26			
	308	24			
	309	23			
	307	25			
	310	23			
	308	23			
	311	24			
	309	22			
	307	24			
	307	23			
	308	22			
	306	24			
	307	22			
	308	21			
	306	23			
	309	21			
	307	21			
	310	22			
	308	20			
	306	22			
	306	21			
	307	20			
	305	22			
	306	20			
	307	19			
	305	21			
	308	19			
	306	19			
	309	20			
	307	18			
	305	20			
	307	27			
	308	28			
	306	26			
	307	28			
	308	29			
	306	27			
	309	29			
	307	29			
	308	30			
	306	28			
	309	30			
	310	30			
	309	31			
	310	31			
	308	31			
	309	32			
	307	30			
	311	31			
	310	32			
	311	32			
	310	33			
	311	33			
	309	33			
	310	34			
	312	32			
	308	32			
	311	34			
	311	35			
	312	35			
	310	35			
	311	36			
	309	34			
	312	37			
	313	37			
	311	37			
	312	38			
	312	36			
	313	38			
	311	38			
	312	39			
	310	37			
	314	38			
	313	39			
	314	39			
	313	40			
	315	39			
	314	40			
	315	40			
	314	41			
	315	41			
	316	40			
	316	41			
	316	42			
	317	42			
	317	43			
	318	43			
	318	44			
	319	44			
	318	49			
	319	50			
	320	51			
	321	51			
	322	52			
	323	52			
	324	53			
	324	48			
	324	47			
	320	45			
	306	29			
	306	25			
	305	26			
	305	25			
	305	24			
	304	25			
	305	23			
	304	24			
	304	23			
	304	22			
	303	23			
	304	21			
	303	22			
	303	21			
	304	20			
	302	22			
	303	20			
	304	19			
	302	21			
	305	19			
	303	19			
	304	18			
	302	20			
	305	18			
	303	18			
	304	17			
	302	19			
	305	17			
	303	17			
	306	18			
	304	16			
	302	18			
	305	16			
	303	16			
	306	17			
	304	15			
	302	17			
	305	15			
	303	15			
	306	16			
	304	14			
	302	16			
	305	14			
	303	14			
	306	15			
	304	13			
	302	15			
	302	14			
	303	13			
	302	13			
	303	12			
	301	14			
	304	12			
	302	12			
	305	13			
	303	11			
	301	13			
	304	11			
	302	11			
	305	12			
	303	10			
	301	12			
	304	10			
	302	10			
	305	11			
	303	9			
	301	11			
	305	10			
	306	11			
	304	9			
	305	9			
	306	10			
	304	8			
	305	8			
	303	8			
	306	9			
	304	7			
	302	9			
	305	7			
	303	7			
	306	8			
	304	6			
	302	8			
	305	6			
	303	6			
	306	7			
	304	5			
	302	7			
	305	5			
	303	5			
	306	6			
	304	4			
	302	6			
	306	5			
	307	6			
	305	4			
	306	4			
	307	5			
	305	3			
	307	4			
	308	5			
	306	3			
	307	3			
	308	4			
	306	2			
	308	3			
	309	4			
	307	2			
	309	3			
	308	2			
	309	2			
	310	3			
	308	1			
	310	4			
	310	2			
	309	5			
	311	3			
	309	1			
	310	1			
	311	2			
	309				
	311	1			
	312	2			
	310				
	313	2			
	312	3			
	312	1			
	313	3			
	313	1			
	312	4			
	314	2			
	312				
	314	3			
	314	1			
	313	4			
	315	2			
	313				
	315	3			
	315	1			
	314	4			
	316	2			
	314				
	316	1			
	315				
	316				
	317	1			
	318	1			
	317	2			
	317				
	318	2			
	318				
	317	3			
	319	1			
	319	2			
	319				
	318	3			
	320	1			
	320	2			
	320				
	319	3			
	321	1			
	321	2			
	321				
	320	3			
	322	1			
	322	2			
	322				
	321	3			
	323	1			
	323	2			
	323				
	322	3			
	324	1			
	324	2			
	324				
	323	3			
	325	1			
	325	2			
	325				
	324	3			
	326	1			
	326	2			
	326				
	325	3			
	327	1			
	327	2			
	327				
	326	3			
	328	1			
	328	2			
	328				
	327	3			
	329	1			
	329	2			
	329				
	328	3			
	330	1			
	330	2			
	329	3			
	330	3			
	329	4			
	331	2			
	331	3			
	331	1			
	330	4			
	332	2			
	330				
	328	4			
	327	4			
	322	4			
	321	4			
	320	4			
	316	3			
	317	4			
	315	4			
	316	4			
	315	5			
	314	5			
	313	5			
	311	4			
	312	5			
	311	5			
	310	5			
	309	6			
	308	6			
	307	7			
	301	8			
	301	9			
	301	7			
	300	8			
	308	7			
	311	6			
	313	6			
	319	4			
	318	4			
	319	5			
	323	4			
	325	4			
	326	4			
	328	5			
	329	5			
	330	5			
	329	6			
	331	4			
	331	5			
	330	6			
	331	6			
	330	7			
	332	5			
	332	7			
	333	7			
	331	7			
	332	8			
	332	6			
	333	8			
	333	6			
	331	8			
	332	9			
	334	7			
	333	9			
	331	9			
	332	10			
	334	8			
	330	8			
	334	9			
	333	10			
	335	8			
	334	10			
	333	11			
	335	9			
	335	10			
	334	11			
	336	9			
	335	11			
	334	12			
	336	10			
	336	11			
	335	12			
	336	12			
	335	13			
	337	11			
	336	13			
	334	13			
	335	14			
	337	12			
	333	12			
	337	13			
	336	14			
	338	12			
	337	14			
	336	15			
	338	13			
	337	15			
	338	15			
	337	16			
	338	16			
	338	14			
	336	16			
	337	17			
	339	15			
	335	15			
	338	17			
	339	17			
	338	18			
	339	18			
	339	16			
	337	18			
	338	19			
	340	17			
	336	17			
	339	19			
	337	19			
	338	20			
	340	18			
	336	18			
	340	19			
	339	20			
	341	18			
	340	20			
	339	21			
	341	19			
	340	21			
	338	21			
	339	22			
	341	20			
	337	20			
	341	21			
	340	22			
	342	20			
	341	22			
	340	23			
	342	21			
	342	22			
	341	23			
	342	23			
	341	24			
	343	22			
	343	23			
	342	24			
	343	24			
	342	25			
	344	23			
	343	25			
	341	25			
	342	26			
	344	24			
	340	24			
	344	25			
	343	26			
	344	26			
	343	27			
	345	25			
	344	27			
	342	27			
	343	28			
	345	26			
	341	26			
	345	27			
	344	28			
	345	28			
	344	29			
	346	27			
	346	28			
	345	29			
	346	29			
	345	30			
	347	28			
	347	29			
	346	30			
	347	30			
	346	31			
	348	29			
	347	31			
	345	31			
	346	32			
	348	30			
	344	30			
	348	31			
	347	32			
	349	30			
	348	32			
	347	33			
	349	31			
	348	33			
	346	33			
	347	34			
	349	32			
	345	32			
	349	33			
	348	34			
	350	32			
	349	34			
	348	35			
	350	33			
	350	34			
	349	35			
	351	33			
	350	35			
	349	36			
	351	34			
	351	35			
	350	36			
	351	36			
	350	37			
	352	35			
	351	37			
	349	37			
	350	38			
	352	36			
	348	36			
	352	37			
	351	38			
	352	38			
	351	39			
	353	37			
	353	38			
	352	39			
	353	39			
	352	40			
	354	38			
	353	40			
	351	40			
	352	41			
	354	39			
	350	39			
	353	41			
	351	41			
	352	42			
	354	40			
	350	40			
	354	41			
	353	42			
	355	40			
	354	42			
	353	43			
	355	41			
	354	43			
	352	43			
	353	44			
	355	42			
	351	42			
	355	43			
	354	44			
	356	42			
	355	44			
	354	45			
	356	43			
	355	45			
	353	45			
	354	46			
	356	44			
	352	44			
	356	45			
	355	46			
	357	44			
	356	46			
	355	47			
	357	45			
	356	47			
	354	47			
	355	48			
	357	46			
	353	46			
	356	48			
	354	48			
	355	49			
	357	47			
	353	47			
	357	48			
	356	49			
	358	47			
	357	49			
	356	50			
	357	50			
	355	50			
	356	51			
	358	49			
	354	49			
	357	51			
	355	51			
	356	52			
	358	50			
	354	50			
	357	52			
	355	52			
	356	53			
	358	51			
	354	51			
	358	52			
	357	53			
	358	53			
	357	54			
	359	52			
	359	53			
	358	54			
	359	54			
	358	55			
	360	53			
	359	55			
	357	55			
	358	56			
	360	54			
	356	54			
	359	56			
	357	56			
	358	57			
	360	55			
	356	55			
	360	56			
	359	57			
	361	55			
	360	57			
	359	58			
	361	56			
	360	58			
	358	58			
	359	59			
	361	57			
	357	57			
	360	59			
	358	59			
	361	58			
	357	58			
	361	59			
	362	59			
	363	62			
	363	61			
	363	60			
	308	18			
	309	19			
	307	17			
	308	17			
	309	18			
	307	16			
	309	16			
	310	16			
	308	16			
	309	17			
	309	15			
	310	17			
	310	15			
	308	15			
	311	16			
	309	14			
	311	14			
	312	14			
	310	14			
	311	15			
	311	13			
	312	15			
	312	13			
	310	13			
	313	14			
	311	12			
	312	12			
	313	12			
	312	11			
	313	13			
	313	11			
	311	11			
	314	12			
	312	10			
	310	12			
	314	11			
	315	11			
	314	10			
	315	12			
	315	10			
	313	10			
	314	13			
	316	11			
	314	9			
	318	10			
	319	10			
	317	10			
	318	11			
	318	9			
	319	11			
	319	9			
	317	11			
	317	9			
	318	12			
	320	10			
	318	8			
	316	10			
	320	9			
	321	9			
	320	8			
	321	10			
	321	8			
	319	8			
	320	11			
	322	9			
	320	7			
	323	9			
	322	10			
	322	8			
	323	10			
	323	8			
	322	11			
	324	9			
	322	7			
	324	8			
	325	8			
	324	7			
	325	9			
	325	7			
	323	7			
	324	10			
	326	8			
	324	6			
	327	8			
	326	9			
	326	7			
	327	9			
	327	7			
	326	10			
	328	8			
	326	6			
	329	8			
	328	9			
	328	7			
	329	9			
	329	7			
	328	10			
	328	6			
	330	9			
	330	10			
	331	10			
	332	11			
	331	11			
	329	10			
	329	11			
	327	10			
	327	6			
	325	10			
	325	6			
	321	7			
	319	7			
	320	6			
	321	6			
	319	6			
	320	5			
	318	7			
	318	6			
	317	7			
	317	8			
	317	6			
	318	5			
	316	7			
	316	8			
	316	6			
	317	5			
	315	7			
	314	7			
	315	8			
	315	6			
	314	8			
	314	6			
	315	9			
	313	7			
	313	8			
	312	8			
	313	9			
	312	9			
	312	7			
	311	8			
	311	9			
	310	9			
	311	10			
	310	10			
	310	8			
	311	7			
	309	9			
	309	10			
	309	8			
	310	11			
	310	7			
	308	9			
	308	10			
	309	11			
	308	11			
	309	12			
	307	10			
	307	11			
	308	12			
	307	12			
	308	13			
	309	13			
	307	13			
	308	14			
	306	12			
	306	13			
	307	14			
	306	14			
	307	15			
	316	9			
	316	5			
	322	6			
	323	6			
	322	5			
	323	5			
	321	5			
	324	5			
	325	5			
	324	4			
	326	5			
	327	5			
	557	135			
	556	135			
	557	134			
	558	134			
	559	134			
	560	134			
	559	133			
	560	133			
	562	133			
	564	133			
	567	132			
	568	132			
	566	132			
	567	131			
	569	132			
	570	133			
	568	131			
	570	132			
	571	133			
	569	131			
	538	139			
	539	138			
	537	140			
	540	137			
	541	137			
	541	136			
	542	136			
	542	135			
	543	135			
	541	135			
	542	134			
	540	136			
	544	135			
	543	134			
	544	134			
	545	134			
	532	152			
	531	151			
	531	152			
	531	153			
	531	154			
	530	154			
	530	155			
	496	186			
	497	185			
	497	186			
	498	185			
	497	187			
	498	186			
	498	187			
	497	188			
	499	186			
	498	188			
	497	189			
	499	187			
	499	188			
	498	189			
	500	187			
	499	185			
	500	186			
	498	184			
	500	185			
	501	186			
	499	184			
	500	184			
	501	185			
	499	183			
	498	183			
	524	232			
	525	232			
	523	232			
	524	231			
	526	232			
	525	231			
	526	231			
	527	232			
	525	230			
	526	230			
	524	230			
	527	231			
	525	229			
	523	231			
	509	238			
	510	238			
	508	238			
	509	237			
	507	239			
	511	238			
	510	237			
	487	230			
	487	231			
	486	231			
	488	230			
	489	231			
	489	232			
	488	231			
	489	230			
	489	229			
	490	231			
	490	232			
	494	214			
	494	213			
	495	212			
	493	213			
	494	211			
	493	215			
	493	212			
	492	213			
	492	214			
	492	212			
	494	212			
	493	214			
	495	213			
	493	211			
	494	215			
	494	216			
	471	219			
	470	219			
	470	220			
	471	220			
	470	218			
	469	218			
	471	218			
	471	216			
	471	214			
	472	212			
	472	211			
	472	210			
	470	216			
	471	215			
	472	215			
	470	215			
	471	212			
	470	212			
	471	213			
	471	211			
	473	210			
	471	210			
	472	209			
	473	209			
	471	209			
	472	208			
	472	214			
	472	213			
	473	213			
	473	212			
	473	214			
	457	232			
	456	231			
	455	230			
	474	209			
	473	208			
	474	208			
	473	207			
	474	207			
	473	206			
	474	211			
	473	211			
	474	210			
	475	209			
	476	209			
	475	210			
	475	208			
	476	208			
	477	208			
	448	225			
	447	224			
	450	226			
	451	226			
	449	226			
	450	227			
	450	225			
	453	226			
	454	226			
	452	226			
	453	227			
	453	225			
	454	227			
	452	227			
	453	228			
	451	227			
	452	228			
	449	225			
	448	224			
	449	224			
	448	223			
	452	225			
	449	223			
	450	223			
	449	222			
	448	222			
	451	225			
	450	224			
	453	229			
	454	229			
	454	230			
	459	233			
	458	232			
	460	234			
	460	233			
	459	232			
	457	231			
	498	275			
	497	277			
	501	247			
	502	248			
	502	246			
	501	246			
	502	245			
	502	244			
	503	244			
	501	244			
	502	243			
	503	245			
	503	243			
	504	243			
	503	242			
	504	242			
	502	242			
	503	241			
	504	241			
	502	241			
	503	240			
	504	240			
	502	240			
	503	239			
	505	240			
	504	239			
	505	241			
	485	228			
	486	229			
	484	227			
	483	227			
	484	228			
	484	226			
	483	226			
	484	225			
	482	226			
	483	225			
	507	202			
	508	202			
	506	202			
	507	203			
	507	201			
	508	201			
	506	201			
	507	200			
	508	200			
	509	200			
	508	199			
	509	199			
	509	198			
	510	198			
	508	198			
	509	197			
	510	197			
	510	196			
	511	196			
	509	196			
	510	195			
	509	195			
	510	194			
	511	194			
	510	193			
	508	197			
	507	198			
	507	199			
	506	200			
	506	199			
	507	197			
	508	196			
	507	196			
	508	195			
	509	194			
	508	194			
	509	193			
	395	134			
	396	134			
	394	134			
	395	135			
	395	133			
	396	133			
	397	133			
	396	132			
	397	131			
	398	131			
	396	131			
	397	132			
	397	130			
	398	130			
	399	130			
	398	129			
	396	130			
	397	129			
	396	129			
	395	129			
	396	128			
	394	129			
	395	130			
	395	128			
	394	128			
	395	127			
	396	127			
	394	127			
	395	126			
	399	132			
	400	132			
	398	132			
	399	133			
	399	131			
	402	133			
	403	133			
	401	133			
	402	134			
	402	132			
	404	133			
	403	134			
	403	132			
	404	132			
	403	131			
	401	132			
	402	131			
	401	131			
	400	133			
	400	131			
	398	128			
	397	128			
	401	130			
	400	130			
	400	129			
	394	126			
	394	133			
	395	132			
	394	130			
	395	131			
	398	133			
	397	134			
	398	134			
	400	134			
	401	134			
	399	134			
	398	135			
	400	135			
	401	135			
	402	135			
	404	131			
	405	132			
	304	456			
	303	455			
	304	455			
	305	455			
	304	454			
	305	453			
	306	453			
	304	453			
	305	454			
	305	452			
	306	452			
	304	452			
	305	451			
	306	451			
	304	451			
	305	450			
	304	450			
	304	449			
	304	448			
	304	446			
	304	447			
	305	447			
	305	446			
	304	445			
	305	445			
	304	444			
	305	448			
	305	449			
	306	449			
	306	450			
	307	451			
	345	393			
	344	394			
	345	394			
	346	394			
	345	395			
	347	394			
	346	395			
	346	393			
	348	394			
	347	395			
	347	393			
	348	393			
	347	392			
	348	392			
	346	392			
	431	422			
	429	428			
	430	432			
	431	431			
	431	434			
	432	435			
	433	439			
	390	547			
	390	545			
	390	544			
	390	541			
	389	539			
	390	538			
	389	536			
	390	535			
	389	535			
	389	533			
	388	533			
	389	534			
	389	532			
	388	532			
	389	531			
	389	530			
	388	530			
	389	529			
	390	529			
	388	529			
	389	528			
	389	527			
	388	527			
	389	526			
	389	524			
	388	524			
	389	525			
	389	523			
	388	522			
	388	520			
	388	519			
	388	518			
	387	518			
	388	517			
	388	521			
	390	526			
	388	526			
	390	551			
	389	550			
	389	546			
	389	543			
	389	541			
	389	538			
	389	537			
	388	538			
	388	537			
	388	535			
	388	534			
	388	531			
	387	531			
	388	528			
	387	529			
	387	528			
	387	526			
	388	525			
	387	527			
	387	525			
	386	526			
	387	524			
	388	523			
	386	525			
	387	523			
	386	524			
	386	523			
	387	522			
	386	522			
	387	521			
	385	523			
	386	521			
	387	520			
	385	522			
	386	520			
	387	519			
	385	521			
	386	519			
	385	520			
	386	518			
	387	517			
	385	519			
	386	517			
	387	516			
	385	518			
	385	517			
	386	516			
	384	518			
	385	516			
	386	515			
	384	517			
	388	516			
	387	515			
	388	515			
	388	514			
	389	513			
	390	512			
	394	515			
	387	514			
	388	513			
	389	512			
	390	511			
A1				True	
	598	144			
	599	144			
	597	144			
	598	145			
	598	143			
	599	145			
	599	143			
	597	145			
	597	143			
	598	146			
	600	144			
	598	142			
	596	144			
	599	142			
	597	142			
	600	143			
	598	141			
	596	143			
	597	141			
	596	141			
	597	140			
	598	140			
	596	142			
	596	140			
	599	141			
	597	139			
	595	141			
	598	139			
	596	139			
	597	138			
	598	138			
	596	138			
	599	139			
	597	137			
	595	139			
	598	137			
	596	137			
	597	136			
	598	136			
	596	136			
	599	137			
	597	135			
	595	137			
	598	135			
	596	135			
	597	134			
	598	134			
	596	134			
	599	135			
	597	133			
	595	135			
	598	133			
	596	133			
	599	134			
	597	132			
	595	134			
	598	132			
	596	132			
	599	133			
	597	131			
	595	133			
	599	132			
	598	131			
	599	131			
	600	132			
	598	130			
	599	130			
	597	130			
	600	131			
	598	129			
	596	131			
	599	129			
	597	129			
	598	128			
	599	128			
	597	128			
	600	129			
	598	127			
	596	129			
	599	127			
	597	127			
	600	128			
	598	126			
	596	128			
	600	127			
	599	126			
	600	126			
	601	127			
	599	125			
	600	125			
	598	125			
	601	126			
	599	124			
	597	126			
	600	124			
	598	124			
	601	125			
	599	123			
	597	125			
	600	123			
	598	123			
	601	124			
	599	122			
	597	124			
	600	122			
	598	122			
	601	123			
	599	121			
	597	123			
	596	127			
	596	130			
	595	130			
	595	132			
	595	136			
	594	135			
	595	138			
	594	137			
	594	138			
	595	140			
	594	139			
	594	140			
	595	142			
	594	141			
	595	143			
	594	142			
	595	144			
	596	145			
	594	143			
	595	145			
	596	146			
	594	144			
	597	146			
	599	140			
	599	138			
	599	136			
	595	131			
	596	126			
	596	125			
A2				True	
	498	208			
	499	208			
	497	208			
	498	209			
	498	207			
	499	209			
	499	207			
	497	209			
	497	207			
	498	210			
	500	208			
	498	206			
	496	208			
	500	209			
	500	207			
	499	210			
	501	208			
	499	206			
	501	209			
	501	207			
	500	210			
	502	208			
	500	206			
	502	207			
	501	206			
	502	206			
	503	207			
	501	205			
	503	206			
	504	206			
	503	205			
	504	207			
	504	205			
	502	205			
	503	208			
	505	206			
	503	204			
	505	205			
	504	204			
	505	204			
	506	205			
	504	203			
	506	204			
	507	204			
	506	203			
	507	205			
	507	203			
	505	203			
	506	206			
	508	204			
	506	202			
	508	203			
	507	202			
	508	202			
	509	203			
	507	201			
	509	202			
	508	201			
	509	201			
	510	202			
	508	200			
	510	203			
	510	201			
	509	204			
	511	202			
	509	200			
	511	203			
	511	201			
	510	204			
	512	202			
	510	200			
A3				True	
	327	160			
	328	160			
	326	160			
	327	161			
	327	159			
	328	161			
	328	159			
	326	161			
	326	159			
	327	162			
	329	160			
	327	158			
	325	160			
	328	158			
	326	158			
	329	159			
	327	157			
	325	159			
	328	156			
	329	156			
	327	156			
	328	157			
	328	155			
	329	157			
	329	155			
	327	155			
	330	156			
	328	154			
	326	156			
	328	153			
	329	153			
	327	153			
	328	152			
	329	154			
	329	152			
	327	154			
	327	152			
	330	153			
	328	151			
	326	153			
	329	151			
	327	151			
	330	152			
	328	150			
	326	152			
	329	150			
	330	150			
	329	149			
	330	151			
	330	149			
	328	149			
	331	150			
	329	148			
	327	150			
	330	148			
	328	148			
	329	147			
	330	147			
	328	147			
	331	148			
	329	146			
	327	148			
	331	147			
	330	146			
	331	146			
	332	147			
	330	145			
	331	145			
	329	145			
	330	144			
	331	144			
	329	144			
	332	145			
	330	143			
	328	145			
	331	143			
	332	143			
	331	142			
	332	144			
	332	142			
	330	142			
	333	143			
	331	141			
	329	143			
	332	141			
	330	141			
	331	140			
	332	140			
	330	140			
	333	141			
	331	139			
	329	141			
	332	139			
	333	139			
	332	138			
	333	140			
	333	138			
	331	138			
	334	139			
	332	137			
	330	139			
	334	138			
	333	137			
	334	137			
	335	138			
	333	136			
	334	136			
	332	136			
	333	135			
	334	135			
	332	135			
	335	136			
	333	134			
	331	136			
	335	135			
	334	134			
	335	134			
	336	135			
	334	133			
	335	137			
	336	136			
	336	137			
	334	140			
	329	142			
	328	142			
	328	143			
	328	146			
	328	144			
	327	145			
	327	147			
	327	146			
	326	147			
	327	149			
	326	148			
	326	149			
	326	150			
	325	149			
	326	151			
	325	151			
	325	152			
	326	154			
	325	153			
	326	155			
	325	154			
	325	155			
	325	156			
	326	157			
	324	155			
	325	157			
	324	156			
	325	158			
	324	157			
A4				True	
	366	411			
	367	411			
	365	411			
	366	412			
	366	410			
	367	412			
	367	410			
	365	412			
	365	410			
	366	409			
	367	409			
	365	409			
	366	408			
	367	408			
	365	408			
	366	407			
	367	407			
	365	407			
	366	406			
	367	406			
	365	406			
	366	405			
	367	405			
	365	405			
	366	404			
	367	404			
	365	404			
	366	403			
	367	403			
	365	403			
	366	402			
	367	402			
	365	402			
	366	401			
	367	401			
	365	401			
	366	400			
	367	400			
	365	400			
	366	399			
	367	399			
	365	399			
	366	398			
	367	398			
	365	398			
	366	397			
	367	397			
	365	397			
	366	396			
	367	396			
	365	396			
	364	396			
	365	395			
	366	395			
	364	397			
	364	395			
	365	394			
	366	394			
	364	394			
	365	393			
	366	393			
	364	393			
	365	392			
	366	392			
	364	392			
	365	391			
	366	391			
	364	391			
	365	390			
	366	390			
	364	390			
	365	389			
	366	389			
	364	389			
	365	388			
	366	388			
	364	388			
	365	387			
	366	387			
	364	387			
	365	386			
	366	386			
	364	386			
	365	385			
	366	385			
	364	385			
	365	384			
	366	384			
	364	384			
	365	383			
	366	383			
	364	383			
	367	395			
	367	394			
	367	393			
	367	392			
	367	391			
	367	390			
	367	389			
	367	388			
	367	387			
	367	386			
	367	385			
	367	384			
	368	410			
	369	410			
	368	411			
	368	409			
	369	411			
	369	409			
	370	410			
	370	411			
	370	409			
	371	410			
	371	411			
	371	409			
	372	410			
	372	411			
	372	409			
	373	410			
	373	411			
	373	409			
	374	410			
	374	411			
	374	409			
	375	410			
	375	411			
	375	409			
	376	410			
	376	411			
	376	409			
	377	410			
	377	411			
	377	409			
	378	410			
	378	411			
	378	409			
	379	410			
	379	411			
	379	409			
	380	410			
	380	411			
	380	409			
	381	410			
	381	411			
	381	409			
	382	410			
	382	411			
	382	409			
	383	410			
	383	411			
	383	409			
	384	410			
	384	411			
	384	409			
	385	410			
	385	411			
	385	409			
	386	409			
	385	408			
	386	410			
	386	408			
	384	408			
	387	409			
	387	410			
	387	408			
	388	409			
	388	410			
	388	408			
	389	409			
	389	410			
	389	408			
	390	409			
	390	410			
	390	408			
	389	407			
	390	407			
	388	407			
	391	408			
	391	409			
	391	407			
	392	408			
	392	409			
	392	407			
	391	406			
	392	406			
	390	406			
	393	407			
	393	408			
	393	406			
	392	405			
	393	405			
	391	405			
	394	406			
	394	407			
	394	405			
	393	404			
	394	404			
	392	404			
	395	405			
	395	406			
	395	404			
	394	403			
	395	403			
	393	403			
	396	404			
	396	405			
	396	403			
	395	402			
	396	402			
	394	402			
	357	524			
	358	524			
	356	524			
	357	525			
	357	523			
	358	525			
	358	523			
	356	525			
	356	523			
	357	526			
	359	524			
	357	522			
	355	524			
	359	525			
	359	523			
	358	526			
	360	524			
	358	522			
	360	523			
	359	522			
	360	522			
	361	523			
	359	521			
	361	524			
	361	522			
	360	525			
	362	523			
	360	521			
	361	521			
	362	522			
	360	520			
	362	521			
	363	522			
	361	520			
	363	523			
	363	521			
	362	524			
	364	522			
	362	520			
	364	521			
	363	520			
	364	520			
	365	521			
	363	519			
	365	522			
	365	520			
	364	523			
	366	521			
	364	519			
	366	522			
	366	520			
	365	523			
	367	521			
	365	519			
	367	520			
	366	519			
	367	519			
	368	520			
	366	518			
	368	521			
	368	519			
	367	522			
	369	520			
	367	518			
	369	521			
	369	519			
	368	522			
	370	520			
	368	518			
	369	518			
	370	519			
	368	517			
	370	518			
	371	519			
	369	517			
	371	520			
	371	518			
	370	521			
	372	519			
	370	517			
	372	518			
	371	517			
	372	517			
	373	518			
	371	516			
	373	519			
	373	517			
	372	520			
	374	518			
	372	516			
	374	517			
	373	516			
	374	516			
	375	517			
	373	515			
	375	516			
	376	516			
	375	515			
	376	517			
	376	515			
	374	515			
	375	518			
	377	516			
	375	514			
	377	514			
	378	514			
	376	514			
	377	515			
	377	513			
	378	515			
	378	513			
	376	513			
	379	514			
	377	512			
	379	515			
	379	513			
	378	516			
	380	514			
	378	512			
	380	513			
	379	512			
	380	512			
	381	513			
	379	511			
	381	512			
	382	512			
	381	511			
	382	513			
	382	511			
	380	511			
	381	514			
	383	512			
	381	510			
	383	511			
	382	510			
	383	510			
	384	511			
	382	509			
	384	512			
	384	510			
	383	513			
	385	511			
	383	509			
	385	512			
	385	510			
	384	513			
	386	511			
	384	509			
	386	512			
	385	513			
	386	513			
	385	514			
	387	512			
	387	513			
	386	514			
	387	514			
	386	515			
	388	513			
	388	514			
	388	512			
	387	515			
	389	513			
	387	511			
	389	514			
	388	515			
	389	515			
	388	516			
	390	514			
	390	515			
	390	513			
	389	516			
	391	514			
	389	512			
