Id	ActionId	ModelName	HideNodes	ShowNodes
10001	UiStand1	R2NuoketiMd010011	['R2NuoketiMd010011Body01', 'R2NuoketiMd010011Upper01']	
10002	UiStand1	R2NuoketiMd010021	['R2NuoketiMd010021Body01', 'R2NuoketiMd010021Upper01']	
10003	UiStand1	R2NuoketiMd010031	['R2NuoketiMd010031Body01', 'R2NuoketiMd010031Upper01']	
10004	UiStand1	R2NuoketiMd019091	['R2NuoketiMd019091Body01', 'R2NuoketiMd019091Up01']	
10005	UiStand1	R3LamiyaMd010011	['R3LamiyaMd010011Body02', 'R3LamiyaMd010011Cloth02']	
20005	StandAct0101	R3LamiyaMd010011	['R3LamiyaMd010011Body02', 'R3LamiyaMd010011Cloth02']	
30005	BoardAct0201	R3LamiyaMd010011	['R3LamiyaMd010011Body02', 'R3LamiyaMd010011Cloth02']	
40005	BoardAct0202	R3LamiyaMd010011	['R3LamiyaMd010011Body02', 'R3LamiyaMd010011Cloth02']	
50005	BoardAct0203	R3LamiyaMd010011	['R3LamiyaMd010011Body02', 'R3LamiyaMd010011Cloth02']	
60005	BoardAct1001	R3LamiyaMd010011	['R3LamiyaMd010011Body02', 'R3LamiyaMd010011Cloth02']	
70005	BoardAct1002	R3LamiyaMd010011	['R3LamiyaMd010011Body02', 'R3LamiyaMd010011Cloth02']	
80005	BoardAct1003	R3LamiyaMd010011	['R3LamiyaMd010011Body02', 'R3LamiyaMd010011Cloth02']	
90005	BoardAct1004	R3LamiyaMd010011	['R3LamiyaMd010011Body02', 'R3LamiyaMd010011Cloth02']	
100005	BoardAct1005	R3LamiyaMd010011	['R3LamiyaMd010011Body02', 'R3LamiyaMd010011Cloth02']	
110005	BoardAct1006	R3LamiyaMd010011	['R3LamiyaMd010011Body02', 'R3LamiyaMd010011Cloth02']	
120005	BoardAct1007	R3LamiyaMd010011	['R3LamiyaMd010011Body02', 'R3LamiyaMd010011Cloth02']	
10006	UiStand1	R3LamiyaMd010021	['R3LamiyaMd010011Body02', 'R3LamiyaMd010011Cloth02']	
20006	StandAct0101	R3LamiyaMd010021	['R3LamiyaMd010011Body02', 'R3LamiyaMd010011Cloth02']	
30006	BoardAct0201	R3LamiyaMd010021	['R3LamiyaMd010011Body02', 'R3LamiyaMd010011Cloth02']	
40006	BoardAct0202	R3LamiyaMd010021	['R3LamiyaMd010011Body02', 'R3LamiyaMd010011Cloth02']	
50006	BoardAct0203	R3LamiyaMd010021	['R3LamiyaMd010011Body02', 'R3LamiyaMd010011Cloth02']	
60006	BoardAct1001	R3LamiyaMd010021	['R3LamiyaMd010011Body02', 'R3LamiyaMd010011Cloth02']	
70006	BoardAct1002	R3LamiyaMd010021	['R3LamiyaMd010011Body02', 'R3LamiyaMd010011Cloth02']	
80006	BoardAct1003	R3LamiyaMd010021	['R3LamiyaMd010011Body02', 'R3LamiyaMd010011Cloth02']	
90006	BoardAct1004	R3LamiyaMd010021	['R3LamiyaMd010011Body02', 'R3LamiyaMd010011Cloth02']	
100006	BoardAct1005	R3LamiyaMd010021	['R3LamiyaMd010011Body02', 'R3LamiyaMd010011Cloth02']	
110006	BoardAct1006	R3LamiyaMd010021	['R3LamiyaMd010011Body02', 'R3LamiyaMd010011Cloth02']	
120006	BoardAct1007	R3LamiyaMd010021	['R3LamiyaMd010011Body02', 'R3LamiyaMd010011Cloth02']	
10007	UiStand1	R3LamiyaMd010031	['R3LamiyaMd010011Body02', 'R3LamiyaMd010011Cloth02']	
20007	StandAct0101	R3LamiyaMd010031	['R3LamiyaMd010011Body02', 'R3LamiyaMd010011Cloth02']	
30007	BoardAct0201	R3LamiyaMd010031	['R3LamiyaMd010011Body02', 'R3LamiyaMd010011Cloth02']	
40007	BoardAct0202	R3LamiyaMd010031	['R3LamiyaMd010011Body02', 'R3LamiyaMd010011Cloth02']	
50007	BoardAct0203	R3LamiyaMd010031	['R3LamiyaMd010011Body02', 'R3LamiyaMd010011Cloth02']	
60007	BoardAct1001	R3LamiyaMd010031	['R3LamiyaMd010011Body02', 'R3LamiyaMd010011Cloth02']	
70007	BoardAct1002	R3LamiyaMd010031	['R3LamiyaMd010011Body02', 'R3LamiyaMd010011Cloth02']	
80007	BoardAct1003	R3LamiyaMd010031	['R3LamiyaMd010011Body02', 'R3LamiyaMd010011Cloth02']	
90007	BoardAct1004	R3LamiyaMd010031	['R3LamiyaMd010011Body02', 'R3LamiyaMd010011Cloth02']	
100007	BoardAct1005	R3LamiyaMd010031	['R3LamiyaMd010011Body02', 'R3LamiyaMd010011Cloth02']	
110007	BoardAct1006	R3LamiyaMd010031	['R3LamiyaMd010011Body02', 'R3LamiyaMd010011Cloth02']	
120007	BoardAct1007	R3LamiyaMd010031	['R3LamiyaMd010011Body02', 'R3LamiyaMd010011Cloth02']	
20008	StandAct0101	R3LamiyaMd019091	['R3LamiyaMd019091Body02', 'R3LamiyaMd019091Cloth02']	
30008	BoardAct0201	R3LamiyaMd019091	['R3LamiyaMd019091Body02', 'R3LamiyaMd019091Cloth02']	
40008	BoardAct0202	R3LamiyaMd019091	['R3LamiyaMd019091Body02', 'R3LamiyaMd019091Cloth02']	
50008	BoardAct0203	R3LamiyaMd019091	['R3LamiyaMd019091Body02', 'R3LamiyaMd019091Cloth02']	
60008	BoardAct1001	R3LamiyaMd019091	['R3LamiyaMd019091Body02', 'R3LamiyaMd019091Cloth02']	
70008	BoardAct1002	R3LamiyaMd019091	['R3LamiyaMd019091Body02', 'R3LamiyaMd019091Cloth02']	
80008	BoardAct1003	R3LamiyaMd019091	['R3LamiyaMd019091Body02', 'R3LamiyaMd019091Cloth02']	
90008	BoardAct1004	R3LamiyaMd019091	['R3LamiyaMd019091Body02', 'R3LamiyaMd019091Cloth02']	
100008	BoardAct1005	R3LamiyaMd019091	['R3LamiyaMd019091Body02', 'R3LamiyaMd019091Cloth02']	
110008	BoardAct1006	R3LamiyaMd019091	['R3LamiyaMd019091Body02', 'R3LamiyaMd019091Cloth02']	
120008	BoardAct1007	R3LamiyaMd019091	['R3LamiyaMd019091Body02', 'R3LamiyaMd019091Cloth02']	
20009	StandAct0101	R4DubianMd010011	['E3BlunderbussMd010011']	
20010	StandAct0101	R4DubianMd010021	['E3BlunderbussMd010011']	
20011	StandAct0101	R4DubianMd010031	['E3BlunderbussMd010011']	
20012	StandAct0101	R4DubianMd019091	['E3BlunderbussMd010011']	
90009	BoardAct1004	R4DubianMd010011	['E3BlunderbussMd010011']	
90010	BoardAct1004	R4DubianMd010021	['E3BlunderbussMd010011']	
90011	BoardAct1004	R4DubianMd010031	['E3BlunderbussMd010011']	
90012	BoardAct1004	R4DubianMd019091	['E3BlunderbussMd010011']	
40009	BoardAct0202	R4DubianMd010011	['E3BlunderbussMd010011']	
40010	BoardAct0202	R4DubianMd010021	['E3BlunderbussMd010011']	
40011	BoardAct0202	R4DubianMd010031	['E3BlunderbussMd010011']	
40012	BoardAct0202	R4DubianMd019091	['E3BlunderbussMd010011']	
10013	UiStand1	R2NuoketiMd019141	['R2NuoketiMd019141Body01', 'R2NuoketiMd019141Upper01']	
20014	StandAct0101	R3LamiyaMd019371	['R3LamiyaMd019371Body02', 'R3LamiyaMd019371Cloth02', 'R3LamiyaMd019371Alpha02']	
30014	BoardAct0201	R3LamiyaMd019371	['R3LamiyaMd019371Body02', 'R3LamiyaMd019371Cloth02', 'R3LamiyaMd019371Alpha02']	
40014	BoardAct0202	R3LamiyaMd019371	['R3LamiyaMd019371Body02', 'R3LamiyaMd019371Cloth02', 'R3LamiyaMd019371Alpha02']	
50014	BoardAct0203	R3LamiyaMd019371	['R3LamiyaMd019371Body02', 'R3LamiyaMd019371Cloth02', 'R3LamiyaMd019371Alpha02']	
60014	BoardAct1001	R3LamiyaMd019371	['R3LamiyaMd019371Body02', 'R3LamiyaMd019371Cloth02', 'R3LamiyaMd019371Alpha02']	
70014	BoardAct1002	R3LamiyaMd019371	['R3LamiyaMd019371Body02', 'R3LamiyaMd019371Cloth02', 'R3LamiyaMd019371Alpha02']	
80014	BoardAct1003	R3LamiyaMd019371	['R3LamiyaMd019371Body02', 'R3LamiyaMd019371Cloth02', 'R3LamiyaMd019371Alpha02']	
90014	BoardAct1004	R3LamiyaMd019371	['R3LamiyaMd019371Body02', 'R3LamiyaMd019371Cloth02', 'R3LamiyaMd019371Alpha02']	
100014	BoardAct1005	R3LamiyaMd019371	['R3LamiyaMd019371Body02', 'R3LamiyaMd019371Cloth02', 'R3LamiyaMd019371Alpha02']	
110014	BoardAct1006	R3LamiyaMd019371	['R3LamiyaMd019371Body02', 'R3LamiyaMd019371Cloth02', 'R3LamiyaMd019371Alpha02']	
120014	BoardAct1007	R3LamiyaMd019371	['R3LamiyaMd019371Body02', 'R3LamiyaMd019371Cloth02', 'R3LamiyaMd019371Alpha02']	
130014	BoardAct10041	R3LamiyaMd019371	['R3LamiyaMd019371Body02', 'R3LamiyaMd019371Cloth02', 'R3LamiyaMd019371Alpha02']	
10014	UiStand1	R3LamiyaMd019371	['E3LamiyatridentMd030011']	
10015	UiStand1	R3HanyingMd010011	['R3HanyingMd010011Hair03']	
10016	UiStand1	R3HanyingMd010021	['R3HanyingMd010011Hair03']	
10017	UiStand1	R3HanyingMd010031	['R3HanyingMd010011Hair03']	
20015	StandAct0101	R3HanyingMd010011	['R3HanyingMd010011Hair03']	
30015	BoardAct0201	R3HanyingMd010011	['R3HanyingMd010011Hair03']	
40015	BoardAct0202	R3HanyingMd010011	['R3HanyingMd010011Hair03']	
50015	BoardAct0203	R3HanyingMd010011	['R3HanyingMd010011Hair03']	
60015	BoardAct1001	R3HanyingMd010011	['R3HanyingMd010011Hair03']	
70015	BoardAct1002	R3HanyingMd010011	['R3HanyingMd010011Hair03']	
80015	BoardAct1003	R3HanyingMd010011	['R3HanyingMd010011Hair03']	
90015	BoardAct1004	R3HanyingMd010011	['R3HanyingMd010011Hair03']	
100015	BoardAct1005	R3HanyingMd010011	['R3HanyingMd010011Hair03']	
110015	BoardAct1006	R3HanyingMd010011	['R3HanyingMd010011Hair03']	
120015	BoardAct1007	R3HanyingMd010011	['R3HanyingMd010011Hair03']	
130015	BoardAct10041	R3HanyingMd010011	['R3HanyingMd010011Hair03']	
20016	StandAct0101	R3HanyingMd010021	['R3HanyingMd010011Hair03']	
30016	BoardAct0201	R3HanyingMd010021	['R3HanyingMd010011Hair03']	
40016	BoardAct0202	R3HanyingMd010021	['R3HanyingMd010011Hair03']	
50016	BoardAct0203	R3HanyingMd010021	['R3HanyingMd010011Hair03']	
60016	BoardAct1001	R3HanyingMd010021	['R3HanyingMd010011Hair03']	
70016	BoardAct1002	R3HanyingMd010021	['R3HanyingMd010011Hair03']	
80016	BoardAct1003	R3HanyingMd010021	['R3HanyingMd010011Hair03']	
90016	BoardAct1004	R3HanyingMd010021	['R3HanyingMd010011Hair03']	
100016	BoardAct1005	R3HanyingMd010021	['R3HanyingMd010011Hair03']	
110016	BoardAct1006	R3HanyingMd010021	['R3HanyingMd010011Hair03']	
120016	BoardAct1007	R3HanyingMd010021	['R3HanyingMd010011Hair03']	
130016	BoardAct10041	R3HanyingMd010021	['R3HanyingMd010011Hair03']	
20017	StandAct0101	R3HanyingMd010031	['R3HanyingMd010011Hair03']	
30017	BoardAct0201	R3HanyingMd010031	['R3HanyingMd010011Hair03']	
40017	BoardAct0202	R3HanyingMd010031	['R3HanyingMd010011Hair03']	
50017	BoardAct0203	R3HanyingMd010031	['R3HanyingMd010011Hair03']	
60017	BoardAct1001	R3HanyingMd010031	['R3HanyingMd010011Hair03']	
70017	BoardAct1002	R3HanyingMd010031	['R3HanyingMd010011Hair03']	
80017	BoardAct1003	R3HanyingMd010031	['R3HanyingMd010011Hair03']	
90017	BoardAct1004	R3HanyingMd010031	['R3HanyingMd010011Hair03']	
100017	BoardAct1005	R3HanyingMd010031	['R3HanyingMd010011Hair03']	
110017	BoardAct1006	R3HanyingMd010031	['R3HanyingMd010011Hair03']	
120017	BoardAct1007	R3HanyingMd010031	['R3HanyingMd010011Hair03']	
130017	BoardAct10041	R3HanyingMd010031	['R3HanyingMd010011Hair03']	
10018	UiStand1	R3HanyingMd019011	['R3HanyingMd010011Hair03']	
30018	BoardAct0201	R3HanyingMd019011	['R3HanyingMd010011Hair03']	
40018	BoardAct0202	R3HanyingMd019011	['R3HanyingMd010011Hair03']	
50018	BoardAct0203	R3HanyingMd019011	['R3HanyingMd010011Hair03']	
60018	BoardAct1001	R3HanyingMd019011	['R3HanyingMd010011Hair03']	
70018	BoardAct1002	R3HanyingMd019011	['R3HanyingMd010011Hair03']	
80018	BoardAct1003	R3HanyingMd019011	['R3HanyingMd010011Hair03']	
90018	BoardAct1004	R3HanyingMd019011	['R3HanyingMd010011Hair03']	
100018	BoardAct1005	R3HanyingMd019011	['R3HanyingMd010011Hair03']	
110018	BoardAct1006	R3HanyingMd019011	['R3HanyingMd010011Hair03']	
120018	BoardAct1007	R3HanyingMd019011	['R3HanyingMd010011Hair03']	
130018	BoardAct10041	R3HanyingMd019011	['R3HanyingMd010011Hair03']	
20018	StandAct0101	R3HanyingMd019011	['R3HanyingMd010011Hair03']	
10019	UiStand1	R3HanyingMd019021	['R3HanyingMd010011Hair03']	
30019	BoardAct0201	R3HanyingMd019021	['R3HanyingMd010011Hair03']	
40019	BoardAct0202	R3HanyingMd019021	['R3HanyingMd010011Hair03']	
50019	BoardAct0203	R3HanyingMd019021	['R3HanyingMd010011Hair03']	
60019	BoardAct1001	R3HanyingMd019021	['R3HanyingMd010011Hair03']	
70019	BoardAct1002	R3HanyingMd019021	['R3HanyingMd010011Hair03']	
80019	BoardAct1003	R3HanyingMd019021	['R3HanyingMd010011Hair03']	
90019	BoardAct1004	R3HanyingMd019021	['R3HanyingMd010011Hair03']	
100019	BoardAct1005	R3HanyingMd019021	['R3HanyingMd010011Hair03']	
110019	BoardAct1006	R3HanyingMd019021	['R3HanyingMd010011Hair03']	
120019	BoardAct1007	R3HanyingMd019021	['R3HanyingMd010011Hair03']	
130019	BoardAct10041	R3HanyingMd019021	['R3HanyingMd010011Hair03']	
20019	StandAct0101	R3HanyingMd019021	['R3HanyingMd010011Hair03']	
30020	BoardAct0201	R2BazhiMd010011	['R2BazhiMd010011Tube']	
40020	BoardAct0202	R2BazhiMd010011	['R2BazhiMd010011Tube']	
60020	BoardAct1001	R2BazhiMd010011	['R2BazhiMd010011Tube']	
70020	BoardAct1002	R2BazhiMd010011	['R2BazhiMd010011Tube']	
80020	BoardAct1003	R2BazhiMd010011	['R2BazhiMd010011Tube']	
90020	BoardAct1004	R2BazhiMd010011	['R2BazhiMd010011Tube']	
100020	BoardAct1005	R2BazhiMd010011	['R2BazhiMd010011Tube']	
110020	BoardAct1006	R2BazhiMd010011	['R2BazhiMd010011Tube']	
120020	BoardAct1007	R2BazhiMd010011	['R2BazhiMd010011Tube']	
20020	StandAct0101	R2BazhiMd010011	['R2BazhiMd010011Tube']	
30021	BoardAct0201	R2BazhiMd010021	['R2BazhiMd010011Tube']	
40021	BoardAct0202	R2BazhiMd010021	['R2BazhiMd010011Tube']	
60021	BoardAct1001	R2BazhiMd010021	['R2BazhiMd010011Tube']	
70021	BoardAct1002	R2BazhiMd010021	['R2BazhiMd010011Tube']	
80021	BoardAct1003	R2BazhiMd010021	['R2BazhiMd010011Tube']	
90021	BoardAct1004	R2BazhiMd010021	['R2BazhiMd010011Tube']	
100021	BoardAct1005	R2BazhiMd010021	['R2BazhiMd010011Tube']	
110021	BoardAct1006	R2BazhiMd010021	['R2BazhiMd010011Tube']	
120021	BoardAct1007	R2BazhiMd010021	['R2BazhiMd010011Tube']	
20021	StandAct0101	R2BazhiMd010021	['R2BazhiMd010011Tube']	
30022	BoardAct0201	R2BazhiMd010031	['R2BazhiMd010011Tube']	
40022	BoardAct0202	R2BazhiMd010031	['R2BazhiMd010011Tube']	
60022	BoardAct1001	R2BazhiMd010031	['R2BazhiMd010011Tube']	
70022	BoardAct1002	R2BazhiMd010031	['R2BazhiMd010011Tube']	
80022	BoardAct1003	R2BazhiMd010031	['R2BazhiMd010011Tube']	
90022	BoardAct1004	R2BazhiMd010031	['R2BazhiMd010011Tube']	
100022	BoardAct1005	R2BazhiMd010031	['R2BazhiMd010011Tube']	
110022	BoardAct1006	R2BazhiMd010031	['R2BazhiMd010011Tube']	
120022	BoardAct1007	R2BazhiMd010031	['R2BazhiMd010011Tube']	
20022	StandAct0101	R2BazhiMd010031	['R2BazhiMd010011Tube']	
30023	BoardAct0201	R2BazhiMd019091	['R2BazhiMd019091Tube']	
40023	BoardAct0202	R2BazhiMd019091	['R2BazhiMd019091Tube']	
60023	BoardAct1001	R2BazhiMd019091	['R2BazhiMd019091Tube']	
70023	BoardAct1002	R2BazhiMd019091	['R2BazhiMd019091Tube']	
80023	BoardAct1003	R2BazhiMd019091	['R2BazhiMd019091Tube']	
90023	BoardAct1004	R2BazhiMd019091	['R2BazhiMd019091Tube']	
100023	BoardAct1005	R2BazhiMd019091	['R2BazhiMd019091Tube']	
110023	BoardAct1006	R2BazhiMd019091	['R2BazhiMd019091Tube']	
120023	BoardAct1007	R2BazhiMd019091	['R2BazhiMd019091Tube']	
20023	StandAct0101	R2BazhiMd019091	['R2BazhiMd019091Tube']	
30024	BoardAct0201	R5YongyechaoMd010011	['R5YongyechaoMd010011Armor', 'R5YongyechaoMd010011Alpha', 'R5YongyechaoMd010011Armor01', 'R5YongyechaoMd010011Armor02', 'R5YongyechaoMd010011Armor03', 'R5YongyechaoMd010011Armor04', 'R5YongyechaoMd010011Armor05', 'R5YongyechaoMd010011Moon', 'R5YongyechaoMd010011Nebula', 'R5YongyechaoMd010011Sun']	
50024	BoardAct0203	R5YongyechaoMd010011	['R5YongyechaoMd010011Armor', 'R5YongyechaoMd010011Alpha', 'R5YongyechaoMd010011Armor01', 'R5YongyechaoMd010011Armor02', 'R5YongyechaoMd010011Armor03', 'R5YongyechaoMd010011Armor04', 'R5YongyechaoMd010011Armor05', 'R5YongyechaoMd010011Moon', 'R5YongyechaoMd010011Nebula', 'R5YongyechaoMd010011Sun']	
60024	BoardAct1001	R5YongyechaoMd010011	['R5YongyechaoMd010011Armor', 'R5YongyechaoMd010011Alpha', 'R5YongyechaoMd010011Armor01', 'R5YongyechaoMd010011Armor02', 'R5YongyechaoMd010011Armor03', 'R5YongyechaoMd010011Armor04', 'R5YongyechaoMd010011Armor05', 'R5YongyechaoMd010011Moon', 'R5YongyechaoMd010011Nebula', 'R5YongyechaoMd010011Sun']	
70024	BoardAct1002	R5YongyechaoMd010011	['R5YongyechaoMd010011Armor', 'R5YongyechaoMd010011Alpha', 'R5YongyechaoMd010011Armor01', 'R5YongyechaoMd010011Armor02', 'R5YongyechaoMd010011Armor03', 'R5YongyechaoMd010011Armor04', 'R5YongyechaoMd010011Armor05', 'R5YongyechaoMd010011Moon', 'R5YongyechaoMd010011Nebula', 'R5YongyechaoMd010011Sun']	
80024	BoardAct1003	R5YongyechaoMd010011	['R5YongyechaoMd010011Armor', 'R5YongyechaoMd010011Alpha', 'R5YongyechaoMd010011Armor01', 'R5YongyechaoMd010011Armor02', 'R5YongyechaoMd010011Armor03', 'R5YongyechaoMd010011Armor04', 'R5YongyechaoMd010011Armor05', 'R5YongyechaoMd010011Moon', 'R5YongyechaoMd010011Nebula', 'R5YongyechaoMd010011Sun']	
90024	BoardAct1004	R5YongyechaoMd010011	['R5YongyechaoMd010011Armor', 'R5YongyechaoMd010011Alpha', 'R5YongyechaoMd010011Armor01', 'R5YongyechaoMd010011Armor02', 'R5YongyechaoMd010011Armor03', 'R5YongyechaoMd010011Armor04', 'R5YongyechaoMd010011Armor05', 'R5YongyechaoMd010011Moon', 'R5YongyechaoMd010011Nebula', 'R5YongyechaoMd010011Sun']	
100024	BoardAct1005	R5YongyechaoMd010011	['R5YongyechaoMd010011Armor', 'R5YongyechaoMd010011Alpha', 'R5YongyechaoMd010011Armor01', 'R5YongyechaoMd010011Armor02', 'R5YongyechaoMd010011Armor03', 'R5YongyechaoMd010011Armor04', 'R5YongyechaoMd010011Armor05', 'R5YongyechaoMd010011Moon', 'R5YongyechaoMd010011Nebula', 'R5YongyechaoMd010011Sun']	
120024	BoardAct1007	R5YongyechaoMd010011	['R5YongyechaoMd010011Armor', 'R5YongyechaoMd010011Alpha', 'R5YongyechaoMd010011Armor01', 'R5YongyechaoMd010011Armor02', 'R5YongyechaoMd010011Armor03', 'R5YongyechaoMd010011Armor04', 'R5YongyechaoMd010011Armor05', 'R5YongyechaoMd010011Moon', 'R5YongyechaoMd010011Nebula', 'R5YongyechaoMd010011Sun']	
20024	StandAct0101	R5YongyechaoMd010011	['R5YongyechaoMd010011Armor', 'R5YongyechaoMd010011Alpha', 'R5YongyechaoMd010011Armor01', 'R5YongyechaoMd010011Armor02', 'R5YongyechaoMd010011Armor03', 'R5YongyechaoMd010011Armor04', 'R5YongyechaoMd010011Armor05', 'R5YongyechaoMd010011Moon', 'R5YongyechaoMd010011Nebula', 'R5YongyechaoMd010011Sun']	
10024	UiStand1	R5YongyechaoMd010011	['R5YongyechaoMd010011Upper02', 'R5YongyechaoMd010011Moon', 'R5YongyechaoMd010011Body02']	
30025	BoardAct0201	R5YongyechaoMd010021	['R5YongyechaoMd010021Armor', 'R5YongyechaoMd010011Alpha', 'R5YongyechaoMd010021Armor01', 'R5YongyechaoMd010021Armor02', 'R5YongyechaoMd010021Armor03', 'R5YongyechaoMd010021Armor04', 'R5YongyechaoMd010021Armor05', 'R5YongyechaoMd010011Moon', 'R5YongyechaoMd010011Nebula', 'R5YongyechaoMd010011Sun']	
50025	BoardAct0203	R5YongyechaoMd010021	['R5YongyechaoMd010021Armor', 'R5YongyechaoMd010011Alpha', 'R5YongyechaoMd010021Armor01', 'R5YongyechaoMd010021Armor02', 'R5YongyechaoMd010021Armor03', 'R5YongyechaoMd010021Armor04', 'R5YongyechaoMd010021Armor05', 'R5YongyechaoMd010011Moon', 'R5YongyechaoMd010011Nebula', 'R5YongyechaoMd010011Sun']	
60025	BoardAct1001	R5YongyechaoMd010021	['R5YongyechaoMd010021Armor', 'R5YongyechaoMd010011Alpha', 'R5YongyechaoMd010021Armor01', 'R5YongyechaoMd010021Armor02', 'R5YongyechaoMd010021Armor03', 'R5YongyechaoMd010021Armor04', 'R5YongyechaoMd010021Armor05', 'R5YongyechaoMd010011Moon', 'R5YongyechaoMd010011Nebula', 'R5YongyechaoMd010011Sun']	
70025	BoardAct1002	R5YongyechaoMd010021	['R5YongyechaoMd010021Armor', 'R5YongyechaoMd010011Alpha', 'R5YongyechaoMd010021Armor01', 'R5YongyechaoMd010021Armor02', 'R5YongyechaoMd010021Armor03', 'R5YongyechaoMd010021Armor04', 'R5YongyechaoMd010021Armor05', 'R5YongyechaoMd010011Moon', 'R5YongyechaoMd010011Nebula', 'R5YongyechaoMd010011Sun']	
80025	BoardAct1003	R5YongyechaoMd010021	['R5YongyechaoMd010021Armor', 'R5YongyechaoMd010011Alpha', 'R5YongyechaoMd010021Armor01', 'R5YongyechaoMd010021Armor02', 'R5YongyechaoMd010021Armor03', 'R5YongyechaoMd010021Armor04', 'R5YongyechaoMd010021Armor05', 'R5YongyechaoMd010011Moon', 'R5YongyechaoMd010011Nebula', 'R5YongyechaoMd010011Sun']	
90025	BoardAct1004	R5YongyechaoMd010021	['R5YongyechaoMd010021Armor', 'R5YongyechaoMd010011Alpha', 'R5YongyechaoMd010021Armor01', 'R5YongyechaoMd010021Armor02', 'R5YongyechaoMd010021Armor03', 'R5YongyechaoMd010021Armor04', 'R5YongyechaoMd010021Armor05', 'R5YongyechaoMd010011Moon', 'R5YongyechaoMd010011Nebula', 'R5YongyechaoMd010011Sun']	
100025	BoardAct1005	R5YongyechaoMd010021	['R5YongyechaoMd010021Armor', 'R5YongyechaoMd010011Alpha', 'R5YongyechaoMd010021Armor01', 'R5YongyechaoMd010021Armor02', 'R5YongyechaoMd010021Armor03', 'R5YongyechaoMd010021Armor04', 'R5YongyechaoMd010021Armor05', 'R5YongyechaoMd010011Moon', 'R5YongyechaoMd010011Nebula', 'R5YongyechaoMd010011Sun']	
120025	BoardAct1007	R5YongyechaoMd010021	['R5YongyechaoMd010021Armor', 'R5YongyechaoMd010011Alpha', 'R5YongyechaoMd010021Armor01', 'R5YongyechaoMd010021Armor02', 'R5YongyechaoMd010021Armor03', 'R5YongyechaoMd010021Armor04', 'R5YongyechaoMd010021Armor05', 'R5YongyechaoMd010011Moon', 'R5YongyechaoMd010011Nebula', 'R5YongyechaoMd010011Sun']	
20025	StandAct0101	R5YongyechaoMd010021	['R5YongyechaoMd010021Armor', 'R5YongyechaoMd010011Alpha', 'R5YongyechaoMd010021Armor01', 'R5YongyechaoMd010021Armor02', 'R5YongyechaoMd010021Armor03', 'R5YongyechaoMd010021Armor04', 'R5YongyechaoMd010021Armor05', 'R5YongyechaoMd010011Moon', 'R5YongyechaoMd010011Nebula', 'R5YongyechaoMd010011Sun']	
10025	UiStand1	R5YongyechaoMd010021	['R5YongyechaoMd010011Upper02', 'R5YongyechaoMd010011Moon', 'R5YongyechaoMd010011Body02']	
30026	BoardAct0201	R5YongyechaoMd010031	['R5YongyechaoMd010031Armor', 'R5YongyechaoMd010011Alpha', 'R5YongyechaoMd010031Armor01', 'R5YongyechaoMd010031Armor02', 'R5YongyechaoMd010031Armor03', 'R5YongyechaoMd010031Armor04', 'R5YongyechaoMd010031Armor05', 'R5YongyechaoMd010011Moon', 'R5YongyechaoMd010011Nebula', 'R5YongyechaoMd010011Sun']	
50026	BoardAct0203	R5YongyechaoMd010031	['R5YongyechaoMd010031Armor', 'R5YongyechaoMd010011Alpha', 'R5YongyechaoMd010031Armor01', 'R5YongyechaoMd010031Armor02', 'R5YongyechaoMd010031Armor03', 'R5YongyechaoMd010031Armor04', 'R5YongyechaoMd010031Armor05', 'R5YongyechaoMd010011Moon', 'R5YongyechaoMd010011Nebula', 'R5YongyechaoMd010011Sun']	
60026	BoardAct1001	R5YongyechaoMd010031	['R5YongyechaoMd010031Armor', 'R5YongyechaoMd010011Alpha', 'R5YongyechaoMd010031Armor01', 'R5YongyechaoMd010031Armor02', 'R5YongyechaoMd010031Armor03', 'R5YongyechaoMd010031Armor04', 'R5YongyechaoMd010031Armor05', 'R5YongyechaoMd010011Moon', 'R5YongyechaoMd010011Nebula', 'R5YongyechaoMd010011Sun']	
70026	BoardAct1002	R5YongyechaoMd010031	['R5YongyechaoMd010031Armor', 'R5YongyechaoMd010011Alpha', 'R5YongyechaoMd010031Armor01', 'R5YongyechaoMd010031Armor02', 'R5YongyechaoMd010031Armor03', 'R5YongyechaoMd010031Armor04', 'R5YongyechaoMd010031Armor05', 'R5YongyechaoMd010011Moon', 'R5YongyechaoMd010011Nebula', 'R5YongyechaoMd010011Sun']	
80026	BoardAct1003	R5YongyechaoMd010031	['R5YongyechaoMd010031Armor', 'R5YongyechaoMd010011Alpha', 'R5YongyechaoMd010031Armor01', 'R5YongyechaoMd010031Armor02', 'R5YongyechaoMd010031Armor03', 'R5YongyechaoMd010031Armor04', 'R5YongyechaoMd010031Armor05', 'R5YongyechaoMd010011Moon', 'R5YongyechaoMd010011Nebula', 'R5YongyechaoMd010011Sun']	
90026	BoardAct1004	R5YongyechaoMd010031	['R5YongyechaoMd010031Armor', 'R5YongyechaoMd010011Alpha', 'R5YongyechaoMd010031Armor01', 'R5YongyechaoMd010031Armor02', 'R5YongyechaoMd010031Armor03', 'R5YongyechaoMd010031Armor04', 'R5YongyechaoMd010031Armor05', 'R5YongyechaoMd010011Moon', 'R5YongyechaoMd010011Nebula', 'R5YongyechaoMd010011Sun']	
100026	BoardAct1005	R5YongyechaoMd010031	['R5YongyechaoMd010031Armor', 'R5YongyechaoMd010011Alpha', 'R5YongyechaoMd010031Armor01', 'R5YongyechaoMd010031Armor02', 'R5YongyechaoMd010031Armor03', 'R5YongyechaoMd010031Armor04', 'R5YongyechaoMd010031Armor05', 'R5YongyechaoMd010011Moon', 'R5YongyechaoMd010011Nebula', 'R5YongyechaoMd010011Sun']	
120026	BoardAct1007	R5YongyechaoMd010031	['R5YongyechaoMd010031Armor', 'R5YongyechaoMd010011Alpha', 'R5YongyechaoMd010031Armor01', 'R5YongyechaoMd010031Armor02', 'R5YongyechaoMd010031Armor03', 'R5YongyechaoMd010031Armor04', 'R5YongyechaoMd010031Armor05', 'R5YongyechaoMd010011Moon', 'R5YongyechaoMd010011Nebula', 'R5YongyechaoMd010011Sun']	
20026	StandAct0101	R5YongyechaoMd010031	['R5YongyechaoMd010031Armor', 'R5YongyechaoMd010011Alpha', 'R5YongyechaoMd010031Armor01', 'R5YongyechaoMd010031Armor02', 'R5YongyechaoMd010031Armor03', 'R5YongyechaoMd010031Armor04', 'R5YongyechaoMd010031Armor05', 'R5YongyechaoMd010011Moon', 'R5YongyechaoMd010011Nebula', 'R5YongyechaoMd010011Sun']	
10026	UiStand1	R5YongyechaoMd010031	['R5YongyechaoMd010011Upper02', 'R5YongyechaoMd010011Moon', 'R5YongyechaoMd010011Body02']	
30027	BoardAct0201	R5YongyechaoMd019011	['R5YongyechaoMd019011Armor01', 'R5YongyechaoMd019011Armor03', 'R5YongyechaoMd019011Armor04', 'R5YongyechaoMd019011Nebula']	
50027	BoardAct0203	R5YongyechaoMd019011	['R5YongyechaoMd019011Armor01', 'R5YongyechaoMd019011Armor03', 'R5YongyechaoMd019011Armor04', 'R5YongyechaoMd019011Nebula']	
60027	BoardAct1001	R5YongyechaoMd019011	['R5YongyechaoMd019011Armor01', 'R5YongyechaoMd019011Armor03', 'R5YongyechaoMd019011Armor04', 'R5YongyechaoMd019011Nebula']	
70027	BoardAct1002	R5YongyechaoMd019011	['R5YongyechaoMd019011Armor01', 'R5YongyechaoMd019011Armor03', 'R5YongyechaoMd019011Armor04', 'R5YongyechaoMd019011Nebula']	
80027	BoardAct1003	R5YongyechaoMd019011	['R5YongyechaoMd019011Armor01', 'R5YongyechaoMd019011Armor03', 'R5YongyechaoMd019011Armor04', 'R5YongyechaoMd019011Nebula']	
90027	BoardAct1004	R5YongyechaoMd019011	['R5YongyechaoMd019011Armor01', 'R5YongyechaoMd019011Armor03', 'R5YongyechaoMd019011Armor04', 'R5YongyechaoMd019011Nebula']	
100027	BoardAct1005	R5YongyechaoMd019011	['R5YongyechaoMd019011Armor01', 'R5YongyechaoMd019011Armor03', 'R5YongyechaoMd019011Armor04', 'R5YongyechaoMd019011Nebula']	
120027	BoardAct1007	R5YongyechaoMd019011	['R5YongyechaoMd019011Armor01', 'R5YongyechaoMd019011Armor03', 'R5YongyechaoMd019011Armor04', 'R5YongyechaoMd019011Nebula']	
20027	StandAct0101	R5YongyechaoMd019011	['R5YongyechaoMd019011Armor01', 'R5YongyechaoMd019011Armor03', 'R5YongyechaoMd019011Armor04', 'R5YongyechaoMd019011Nebula']	
10027	UiStand1	R5YongyechaoMd019011	['R5YongyechaoMd019011Down']	
20028	StandAct0101	R4DubianMd019071	['E3BlunderbussMd010011']	
90028	BoardAct1004	R4DubianMd019071	['E3BlunderbussMd010011']	
40028	BoardAct0202	R4DubianMd019071	['E3BlunderbussMd010011']	
30029	BoardAct0201	R3CibeizheMd010011	['R3CibeizheMd010021AlphaEX', 'R3CibeizheMd010021BodyEX', 'R3CibeizheMd010021ClothEX', 'R3CibeizheMd010021Crystal02EX', 'R3CibeizheMd010021CrystalEX', 'R3CibeizheMd010021StarEX', 'R3CibeizheMd010021UpperEX']	
40029	BoardAct0202	R3CibeizheMd010011	['R3CibeizheMd010021AlphaEX', 'R3CibeizheMd010021BodyEX', 'R3CibeizheMd010021ClothEX', 'R3CibeizheMd010021Crystal02EX', 'R3CibeizheMd010021CrystalEX', 'R3CibeizheMd010021StarEX', 'R3CibeizheMd010021UpperEX']	
50029	BoardAct0203	R3CibeizheMd010011	['R3CibeizheMd010021AlphaEX', 'R3CibeizheMd010021BodyEX', 'R3CibeizheMd010021ClothEX', 'R3CibeizheMd010021Crystal02EX', 'R3CibeizheMd010021CrystalEX', 'R3CibeizheMd010021StarEX', 'R3CibeizheMd010021UpperEX']	
60029	BoardAct1001	R3CibeizheMd010011	['R3CibeizheMd010021AlphaEX', 'R3CibeizheMd010021BodyEX', 'R3CibeizheMd010021ClothEX', 'R3CibeizheMd010021Crystal02EX', 'R3CibeizheMd010021CrystalEX', 'R3CibeizheMd010021StarEX', 'R3CibeizheMd010021UpperEX']	
70029	BoardAct1002	R3CibeizheMd010011	['R3CibeizheMd010021AlphaEX', 'R3CibeizheMd010021BodyEX', 'R3CibeizheMd010021ClothEX', 'R3CibeizheMd010021Crystal02EX', 'R3CibeizheMd010021CrystalEX', 'R3CibeizheMd010021StarEX', 'R3CibeizheMd010021UpperEX']	
80029	BoardAct1003	R3CibeizheMd010011	['R3CibeizheMd010021AlphaEX', 'R3CibeizheMd010021BodyEX', 'R3CibeizheMd010021ClothEX', 'R3CibeizheMd010021Crystal02EX', 'R3CibeizheMd010021CrystalEX', 'R3CibeizheMd010021StarEX', 'R3CibeizheMd010021UpperEX']	
90029	BoardAct1004	R3CibeizheMd010011	['R3CibeizheMd010021AlphaEX', 'R3CibeizheMd010021BodyEX', 'R3CibeizheMd010021ClothEX', 'R3CibeizheMd010021Crystal02EX', 'R3CibeizheMd010021CrystalEX', 'R3CibeizheMd010021StarEX', 'R3CibeizheMd010021UpperEX']	
100029	BoardAct1005	R3CibeizheMd010011	['R3CibeizheMd010021AlphaEX', 'R3CibeizheMd010021BodyEX', 'R3CibeizheMd010021ClothEX', 'R3CibeizheMd010021Crystal02EX', 'R3CibeizheMd010021CrystalEX', 'R3CibeizheMd010021StarEX', 'R3CibeizheMd010021UpperEX']	
110029	BoardAct1006	R3CibeizheMd010011	['R3CibeizheMd010021AlphaEX', 'R3CibeizheMd010021BodyEX', 'R3CibeizheMd010021ClothEX', 'R3CibeizheMd010021Crystal02EX', 'R3CibeizheMd010021CrystalEX', 'R3CibeizheMd010021StarEX', 'R3CibeizheMd010021UpperEX']	
120029	BoardAct1007	R3CibeizheMd010011	['R3CibeizheMd010021AlphaEX', 'R3CibeizheMd010021BodyEX', 'R3CibeizheMd010021ClothEX', 'R3CibeizheMd010021Crystal02EX', 'R3CibeizheMd010021CrystalEX', 'R3CibeizheMd010021StarEX', 'R3CibeizheMd010021UpperEX']	
20029	StandAct0101	R3CibeizheMd010011	['R3CibeizheMd010021AlphaEX', 'R3CibeizheMd010021BodyEX', 'R3CibeizheMd010021ClothEX', 'R3CibeizheMd010021Crystal02EX', 'R3CibeizheMd010021CrystalEX', 'R3CibeizheMd010021StarEX', 'R3CibeizheMd010021UpperEX']	
10029	UiStand1	R3CibeizheMd010011	['R3CibeizheMd010021AlphaEX', 'R3CibeizheMd010021BodyEX', 'R3CibeizheMd010021ClothEX', 'R3CibeizheMd010021Crystal02EX', 'R3CibeizheMd010021CrystalEX', 'R3CibeizheMd010021StarEX', 'R3CibeizheMd010021UpperEX']	
30030	BoardAct0201	R3CibeizheMd010021	['R3CibeizheMd010021AlphaEX', 'R3CibeizheMd010021BodyEX', 'R3CibeizheMd010021ClothEX', 'R3CibeizheMd010021Crystal02EX', 'R3CibeizheMd010021CrystalEX', 'R3CibeizheMd010021StarEX', 'R3CibeizheMd010021UpperEX']	
40030	BoardAct0202	R3CibeizheMd010021	['R3CibeizheMd010021AlphaEX', 'R3CibeizheMd010021BodyEX', 'R3CibeizheMd010021ClothEX', 'R3CibeizheMd010021Crystal02EX', 'R3CibeizheMd010021CrystalEX', 'R3CibeizheMd010021StarEX', 'R3CibeizheMd010021UpperEX']	
50030	BoardAct0203	R3CibeizheMd010021	['R3CibeizheMd010021AlphaEX', 'R3CibeizheMd010021BodyEX', 'R3CibeizheMd010021ClothEX', 'R3CibeizheMd010021Crystal02EX', 'R3CibeizheMd010021CrystalEX', 'R3CibeizheMd010021StarEX', 'R3CibeizheMd010021UpperEX']	
60030	BoardAct1001	R3CibeizheMd010021	['R3CibeizheMd010021AlphaEX', 'R3CibeizheMd010021BodyEX', 'R3CibeizheMd010021ClothEX', 'R3CibeizheMd010021Crystal02EX', 'R3CibeizheMd010021CrystalEX', 'R3CibeizheMd010021StarEX', 'R3CibeizheMd010021UpperEX']	
70030	BoardAct1002	R3CibeizheMd010021	['R3CibeizheMd010021AlphaEX', 'R3CibeizheMd010021BodyEX', 'R3CibeizheMd010021ClothEX', 'R3CibeizheMd010021Crystal02EX', 'R3CibeizheMd010021CrystalEX', 'R3CibeizheMd010021StarEX', 'R3CibeizheMd010021UpperEX']	
80030	BoardAct1003	R3CibeizheMd010021	['R3CibeizheMd010021AlphaEX', 'R3CibeizheMd010021BodyEX', 'R3CibeizheMd010021ClothEX', 'R3CibeizheMd010021Crystal02EX', 'R3CibeizheMd010021CrystalEX', 'R3CibeizheMd010021StarEX', 'R3CibeizheMd010021UpperEX']	
90030	BoardAct1004	R3CibeizheMd010021	['R3CibeizheMd010021AlphaEX', 'R3CibeizheMd010021BodyEX', 'R3CibeizheMd010021ClothEX', 'R3CibeizheMd010021Crystal02EX', 'R3CibeizheMd010021CrystalEX', 'R3CibeizheMd010021StarEX', 'R3CibeizheMd010021UpperEX']	
100030	BoardAct1005	R3CibeizheMd010021	['R3CibeizheMd010021AlphaEX', 'R3CibeizheMd010021BodyEX', 'R3CibeizheMd010021ClothEX', 'R3CibeizheMd010021Crystal02EX', 'R3CibeizheMd010021CrystalEX', 'R3CibeizheMd010021StarEX', 'R3CibeizheMd010021UpperEX']	
110030	BoardAct1006	R3CibeizheMd010021	['R3CibeizheMd010021AlphaEX', 'R3CibeizheMd010021BodyEX', 'R3CibeizheMd010021ClothEX', 'R3CibeizheMd010021Crystal02EX', 'R3CibeizheMd010021CrystalEX', 'R3CibeizheMd010021StarEX', 'R3CibeizheMd010021UpperEX']	
120030	BoardAct1007	R3CibeizheMd010021	['R3CibeizheMd010021AlphaEX', 'R3CibeizheMd010021BodyEX', 'R3CibeizheMd010021ClothEX', 'R3CibeizheMd010021Crystal02EX', 'R3CibeizheMd010021CrystalEX', 'R3CibeizheMd010021StarEX', 'R3CibeizheMd010021UpperEX']	
20030	StandAct0101	R3CibeizheMd010021	['R3CibeizheMd010021AlphaEX', 'R3CibeizheMd010021BodyEX', 'R3CibeizheMd010021ClothEX', 'R3CibeizheMd010021Crystal02EX', 'R3CibeizheMd010021CrystalEX', 'R3CibeizheMd010021StarEX', 'R3CibeizheMd010021UpperEX']	
10030	UiStand1	R3CibeizheMd010021	['R3CibeizheMd010021AlphaEX', 'R3CibeizheMd010021BodyEX', 'R3CibeizheMd010021ClothEX', 'R3CibeizheMd010021Crystal02EX', 'R3CibeizheMd010021CrystalEX', 'R3CibeizheMd010021StarEX', 'R3CibeizheMd010021UpperEX']	
30031	BoardAct0201	R3CibeizheMd010031	['R3CibeizheMd010021AlphaEX', 'R3CibeizheMd010021BodyEX', 'R3CibeizheMd010021ClothEX', 'R3CibeizheMd010021Crystal02EX', 'R3CibeizheMd010021CrystalEX', 'R3CibeizheMd010021StarEX', 'R3CibeizheMd010021UpperEX']	
40031	BoardAct0202	R3CibeizheMd010031	['R3CibeizheMd010021AlphaEX', 'R3CibeizheMd010021BodyEX', 'R3CibeizheMd010021ClothEX', 'R3CibeizheMd010021Crystal02EX', 'R3CibeizheMd010021CrystalEX', 'R3CibeizheMd010021StarEX', 'R3CibeizheMd010021UpperEX']	
50031	BoardAct0203	R3CibeizheMd010031	['R3CibeizheMd010021AlphaEX', 'R3CibeizheMd010021BodyEX', 'R3CibeizheMd010021ClothEX', 'R3CibeizheMd010021Crystal02EX', 'R3CibeizheMd010021CrystalEX', 'R3CibeizheMd010021StarEX', 'R3CibeizheMd010021UpperEX']	
60031	BoardAct1001	R3CibeizheMd010031	['R3CibeizheMd010021AlphaEX', 'R3CibeizheMd010021BodyEX', 'R3CibeizheMd010021ClothEX', 'R3CibeizheMd010021Crystal02EX', 'R3CibeizheMd010021CrystalEX', 'R3CibeizheMd010021StarEX', 'R3CibeizheMd010021UpperEX']	
70031	BoardAct1002	R3CibeizheMd010031	['R3CibeizheMd010021AlphaEX', 'R3CibeizheMd010021BodyEX', 'R3CibeizheMd010021ClothEX', 'R3CibeizheMd010021Crystal02EX', 'R3CibeizheMd010021CrystalEX', 'R3CibeizheMd010021StarEX', 'R3CibeizheMd010021UpperEX']	
80031	BoardAct1003	R3CibeizheMd010031	['R3CibeizheMd010021AlphaEX', 'R3CibeizheMd010021BodyEX', 'R3CibeizheMd010021ClothEX', 'R3CibeizheMd010021Crystal02EX', 'R3CibeizheMd010021CrystalEX', 'R3CibeizheMd010021StarEX', 'R3CibeizheMd010021UpperEX']	
90031	BoardAct1004	R3CibeizheMd010031	['R3CibeizheMd010021AlphaEX', 'R3CibeizheMd010021BodyEX', 'R3CibeizheMd010021ClothEX', 'R3CibeizheMd010021Crystal02EX', 'R3CibeizheMd010021CrystalEX', 'R3CibeizheMd010021StarEX', 'R3CibeizheMd010021UpperEX']	
100031	BoardAct1005	R3CibeizheMd010031	['R3CibeizheMd010021AlphaEX', 'R3CibeizheMd010021BodyEX', 'R3CibeizheMd010021ClothEX', 'R3CibeizheMd010021Crystal02EX', 'R3CibeizheMd010021CrystalEX', 'R3CibeizheMd010021StarEX', 'R3CibeizheMd010021UpperEX']	
110031	BoardAct1006	R3CibeizheMd010031	['R3CibeizheMd010021AlphaEX', 'R3CibeizheMd010021BodyEX', 'R3CibeizheMd010021ClothEX', 'R3CibeizheMd010021Crystal02EX', 'R3CibeizheMd010021CrystalEX', 'R3CibeizheMd010021StarEX', 'R3CibeizheMd010021UpperEX']	
120031	BoardAct1007	R3CibeizheMd010031	['R3CibeizheMd010021AlphaEX', 'R3CibeizheMd010021BodyEX', 'R3CibeizheMd010021ClothEX', 'R3CibeizheMd010021Crystal02EX', 'R3CibeizheMd010021CrystalEX', 'R3CibeizheMd010021StarEX', 'R3CibeizheMd010021UpperEX']	
20031	StandAct0101	R3CibeizheMd010031	['R3CibeizheMd010021AlphaEX', 'R3CibeizheMd010021BodyEX', 'R3CibeizheMd010021ClothEX', 'R3CibeizheMd010021Crystal02EX', 'R3CibeizheMd010021CrystalEX', 'R3CibeizheMd010021StarEX', 'R3CibeizheMd010021UpperEX']	
10031	UiStand1	R3CibeizheMd010031	['R3CibeizheMd010021AlphaEX', 'R3CibeizheMd010021BodyEX', 'R3CibeizheMd010021ClothEX', 'R3CibeizheMd010021Crystal02EX', 'R3CibeizheMd010021CrystalEX', 'R3CibeizheMd010021StarEX', 'R3CibeizheMd010021UpperEX']	
30032	BoardAct0201	R3LamiyaMd019141	['R3LamiyaMd019141Alpha01', 'R3LamiyaMd019141Body02', 'R3LamiyaMd019141Down']	
40032	BoardAct0202	R3LamiyaMd019141	['R3LamiyaMd019141Alpha01', 'R3LamiyaMd019141Body02', 'R3LamiyaMd019141Down']	
50032	BoardAct0203	R3LamiyaMd019141	['R3LamiyaMd019141Alpha01', 'R3LamiyaMd019141Body02', 'R3LamiyaMd019141Down']	
60032	BoardAct1001	R3LamiyaMd019141	['R3LamiyaMd019141Alpha01', 'R3LamiyaMd019141Body02', 'R3LamiyaMd019141Down']	
70032	BoardAct1002	R3LamiyaMd019141	['R3LamiyaMd019141Alpha01', 'R3LamiyaMd019141Body02', 'R3LamiyaMd019141Down']	
80032	BoardAct1003	R3LamiyaMd019141	['R3LamiyaMd019141Alpha01', 'R3LamiyaMd019141Body02', 'R3LamiyaMd019141Down']	
90032	BoardAct1004	R3LamiyaMd019141	['R3LamiyaMd019141Alpha01', 'R3LamiyaMd019141Body02', 'R3LamiyaMd019141Down']	
100032	BoardAct1005	R3LamiyaMd019141	['R3LamiyaMd019141Alpha01', 'R3LamiyaMd019141Body02', 'R3LamiyaMd019141Down']	
110032	BoardAct1006	R3LamiyaMd019141	['R3LamiyaMd019141Alpha01', 'R3LamiyaMd019141Body02', 'R3LamiyaMd019141Down']	
120032	BoardAct1007	R3LamiyaMd019141	['R3LamiyaMd019141Alpha01', 'R3LamiyaMd019141Body02', 'R3LamiyaMd019141Down']	
20032	StandAct0101	R3LamiyaMd019141	['R3LamiyaMd019141Alpha01', 'R3LamiyaMd019141Body02', 'R3LamiyaMd019141Down']	
30033	BoardAct0201	R3CibeizheMd019291	['R3CibeizheMd019291Alpha02EX', 'R3CibeizheMd019291Body02EX', 'R3CibeizheMd019291Cloth02EX', 'R3CibeizheMd019291Star02EX', 'R3CibeizheMd019291CloudEX']	
40033	BoardAct0202	R3CibeizheMd019291	['R3CibeizheMd019291Alpha02EX', 'R3CibeizheMd019291Body02EX', 'R3CibeizheMd019291Cloth02EX', 'R3CibeizheMd019291Star02EX', 'R3CibeizheMd019291CloudEX']	
50033	BoardAct0203	R3CibeizheMd019291	['R3CibeizheMd019291Alpha02EX', 'R3CibeizheMd019291Body02EX', 'R3CibeizheMd019291Cloth02EX', 'R3CibeizheMd019291Star02EX', 'R3CibeizheMd019291CloudEX']	
60033	BoardAct1001	R3CibeizheMd019291	['R3CibeizheMd019291Alpha02EX', 'R3CibeizheMd019291Body02EX', 'R3CibeizheMd019291Cloth02EX', 'R3CibeizheMd019291Star02EX', 'R3CibeizheMd019291CloudEX']	
70033	BoardAct1002	R3CibeizheMd019291	['R3CibeizheMd019291Alpha02EX', 'R3CibeizheMd019291Body02EX', 'R3CibeizheMd019291Cloth02EX', 'R3CibeizheMd019291Star02EX', 'R3CibeizheMd019291CloudEX']	
80033	BoardAct1003	R3CibeizheMd019291	['R3CibeizheMd019291Alpha02EX', 'R3CibeizheMd019291Body02EX', 'R3CibeizheMd019291Cloth02EX', 'R3CibeizheMd019291Star02EX', 'R3CibeizheMd019291CloudEX']	
90033	BoardAct1004	R3CibeizheMd019291	['R3CibeizheMd019291Alpha02EX', 'R3CibeizheMd019291Body02EX', 'R3CibeizheMd019291Cloth02EX', 'R3CibeizheMd019291Star02EX', 'R3CibeizheMd019291CloudEX']	
100033	BoardAct1005	R3CibeizheMd019291	['R3CibeizheMd019291Alpha02EX', 'R3CibeizheMd019291Body02EX', 'R3CibeizheMd019291Cloth02EX', 'R3CibeizheMd019291Star02EX', 'R3CibeizheMd019291CloudEX']	
110033	BoardAct1006	R3CibeizheMd019291	['R3CibeizheMd019291Alpha02EX', 'R3CibeizheMd019291Body02EX', 'R3CibeizheMd019291Cloth02EX', 'R3CibeizheMd019291Star02EX', 'R3CibeizheMd019291CloudEX']	
120033	BoardAct1007	R3CibeizheMd019291	['R3CibeizheMd019291Alpha02EX', 'R3CibeizheMd019291Body02EX', 'R3CibeizheMd019291Cloth02EX', 'R3CibeizheMd019291Star02EX', 'R3CibeizheMd019291CloudEX']	
20033	StandAct0101	R3CibeizheMd019291	['R3CibeizheMd019291Alpha02EX', 'R3CibeizheMd019291Body02EX', 'R3CibeizheMd019291Cloth02EX', 'R3CibeizheMd019291Star02EX', 'R3CibeizheMd019291CloudEX']	
10033	UiStand1	R3CibeizheMd019291	['R3CibeizheMd019291Alpha02EX', 'R3CibeizheMd019291Body02EX', 'R3CibeizheMd019291Cloth02EX', 'R3CibeizheMd019291CloudEX', 'R3CibeizheMd019291Star02EX']	
30034	BoardAct0201	R5SailinnaMd010011	['R5SailinnaMd010011BodyEx', 'R5SailinnaMd010011BodyEx01', 'R5SailinnaMd010011DownEx', 'R5SailinnaMd010011DownEx01', 'R5SailinnaMd010011UpperEx', 'R5SailinnaMd010011Hair01eff', 'R5SailinnaMd010011Hair02eff']	
40034	BoardAct0202	R5SailinnaMd010011	['R5SailinnaMd010011BodyEx', 'R5SailinnaMd010011BodyEx01', 'R5SailinnaMd010011DownEx', 'R5SailinnaMd010011DownEx01', 'R5SailinnaMd010011UpperEx', 'R5SailinnaMd010011Hair01eff', 'R5SailinnaMd010011Hair02eff']	
50034	BoardAct0203	R5SailinnaMd010011	['R5SailinnaMd010011BodyEx', 'R5SailinnaMd010011BodyEx01', 'R5SailinnaMd010011DownEx', 'R5SailinnaMd010011DownEx01', 'R5SailinnaMd010011UpperEx', 'R5SailinnaMd010011Hair01eff', 'R5SailinnaMd010011Hair02eff']	
60034	BoardAct1001	R5SailinnaMd010011	['R5SailinnaMd010011BodyEx', 'R5SailinnaMd010011BodyEx01', 'R5SailinnaMd010011DownEx', 'R5SailinnaMd010011DownEx01', 'R5SailinnaMd010011UpperEx', 'R5SailinnaMd010011Hair01eff', 'R5SailinnaMd010011Hair02eff']	
70034	BoardAct1002	R5SailinnaMd010011	['R5SailinnaMd010011BodyEx', 'R5SailinnaMd010011BodyEx01', 'R5SailinnaMd010011DownEx', 'R5SailinnaMd010011DownEx01', 'R5SailinnaMd010011UpperEx', 'R5SailinnaMd010011Hair01eff', 'R5SailinnaMd010011Hair02eff']	
80034	BoardAct1003	R5SailinnaMd010011	['R5SailinnaMd010011BodyEx', 'R5SailinnaMd010011BodyEx01', 'R5SailinnaMd010011DownEx', 'R5SailinnaMd010011DownEx01', 'R5SailinnaMd010011UpperEx', 'R5SailinnaMd010011Hair01eff', 'R5SailinnaMd010011Hair02eff']	
90034	BoardAct1004	R5SailinnaMd010011	['R5SailinnaMd010011BodyEx', 'R5SailinnaMd010011BodyEx01', 'R5SailinnaMd010011DownEx', 'R5SailinnaMd010011DownEx01', 'R5SailinnaMd010011UpperEx', 'R5SailinnaMd010011Hair01eff', 'R5SailinnaMd010011Hair02eff']	
100034	BoardAct1005	R5SailinnaMd010011	['R5SailinnaMd010011BodyEx', 'R5SailinnaMd010011BodyEx01', 'R5SailinnaMd010011DownEx', 'R5SailinnaMd010011DownEx01', 'R5SailinnaMd010011UpperEx', 'R5SailinnaMd010011Hair01eff', 'R5SailinnaMd010011Hair02eff']	
110034	BoardAct1006	R5SailinnaMd010011	['R5SailinnaMd010011BodyEx', 'R5SailinnaMd010011BodyEx01', 'R5SailinnaMd010011DownEx', 'R5SailinnaMd010011DownEx01', 'R5SailinnaMd010011UpperEx', 'R5SailinnaMd010011Hair01eff', 'R5SailinnaMd010011Hair02eff']	
120034	BoardAct1007	R5SailinnaMd010011	['R5SailinnaMd010011BodyEx', 'R5SailinnaMd010011BodyEx01', 'R5SailinnaMd010011DownEx', 'R5SailinnaMd010011DownEx01', 'R5SailinnaMd010011UpperEx', 'R5SailinnaMd010011Hair01eff', 'R5SailinnaMd010011Hair02eff']	
20034	StandAct0101	R5SailinnaMd010011	['R5SailinnaMd010011BodyEx', 'R5SailinnaMd010011BodyEx01', 'R5SailinnaMd010011DownEx', 'R5SailinnaMd010011DownEx01', 'R5SailinnaMd010011UpperEx', 'R5SailinnaMd010011Hair01eff', 'R5SailinnaMd010011Hair02eff']	
10034	UiStand1	R5SailinnaMd010011	['R5SailinnaMd010011BodyEx', 'R5SailinnaMd010011BodyEx01', 'R5SailinnaMd010011DownEx', 'R5SailinnaMd010011DownEx01', 'R5SailinnaMd010011UpperEx', 'R5SailinnaMd010011Hair01eff', 'R5SailinnaMd010011Hair02eff']	
30035	BoardAct0201	R5SailinnaMd010021	['R5SailinnaMd010011BodyEx', 'R5SailinnaMd010011BodyEx01', 'R5SailinnaMd010011DownEx', 'R5SailinnaMd010011DownEx01', 'R5SailinnaMd010011UpperEx', 'R5SailinnaMd010011Hair01eff', 'R5SailinnaMd010011Hair02eff']	
40035	BoardAct0202	R5SailinnaMd010021	['R5SailinnaMd010011BodyEx', 'R5SailinnaMd010011BodyEx01', 'R5SailinnaMd010011DownEx', 'R5SailinnaMd010011DownEx01', 'R5SailinnaMd010011UpperEx', 'R5SailinnaMd010011Hair01eff', 'R5SailinnaMd010011Hair02eff']	
50035	BoardAct0203	R5SailinnaMd010021	['R5SailinnaMd010011BodyEx', 'R5SailinnaMd010011BodyEx01', 'R5SailinnaMd010011DownEx', 'R5SailinnaMd010011DownEx01', 'R5SailinnaMd010011UpperEx', 'R5SailinnaMd010011Hair01eff', 'R5SailinnaMd010011Hair02eff']	
60035	BoardAct1001	R5SailinnaMd010021	['R5SailinnaMd010011BodyEx', 'R5SailinnaMd010011BodyEx01', 'R5SailinnaMd010011DownEx', 'R5SailinnaMd010011DownEx01', 'R5SailinnaMd010011UpperEx', 'R5SailinnaMd010011Hair01eff', 'R5SailinnaMd010011Hair02eff']	
70035	BoardAct1002	R5SailinnaMd010021	['R5SailinnaMd010011BodyEx', 'R5SailinnaMd010011BodyEx01', 'R5SailinnaMd010011DownEx', 'R5SailinnaMd010011DownEx01', 'R5SailinnaMd010011UpperEx', 'R5SailinnaMd010011Hair01eff', 'R5SailinnaMd010011Hair02eff']	
80035	BoardAct1003	R5SailinnaMd010021	['R5SailinnaMd010011BodyEx', 'R5SailinnaMd010011BodyEx01', 'R5SailinnaMd010011DownEx', 'R5SailinnaMd010011DownEx01', 'R5SailinnaMd010011UpperEx', 'R5SailinnaMd010011Hair01eff', 'R5SailinnaMd010011Hair02eff']	
90035	BoardAct1004	R5SailinnaMd010021	['R5SailinnaMd010011BodyEx', 'R5SailinnaMd010011BodyEx01', 'R5SailinnaMd010011DownEx', 'R5SailinnaMd010011DownEx01', 'R5SailinnaMd010011UpperEx', 'R5SailinnaMd010011Hair01eff', 'R5SailinnaMd010011Hair02eff']	
100035	BoardAct1005	R5SailinnaMd010021	['R5SailinnaMd010011BodyEx', 'R5SailinnaMd010011BodyEx01', 'R5SailinnaMd010011DownEx', 'R5SailinnaMd010011DownEx01', 'R5SailinnaMd010011UpperEx', 'R5SailinnaMd010011Hair01eff', 'R5SailinnaMd010011Hair02eff']	
110035	BoardAct1006	R5SailinnaMd010021	['R5SailinnaMd010011BodyEx', 'R5SailinnaMd010011BodyEx01', 'R5SailinnaMd010011DownEx', 'R5SailinnaMd010011DownEx01', 'R5SailinnaMd010011UpperEx', 'R5SailinnaMd010011Hair01eff', 'R5SailinnaMd010011Hair02eff']	
120035	BoardAct1007	R5SailinnaMd010021	['R5SailinnaMd010011BodyEx', 'R5SailinnaMd010011BodyEx01', 'R5SailinnaMd010011DownEx', 'R5SailinnaMd010011DownEx01', 'R5SailinnaMd010011UpperEx', 'R5SailinnaMd010011Hair01eff', 'R5SailinnaMd010011Hair02eff']	
20035	StandAct0101	R5SailinnaMd010021	['R5SailinnaMd010011BodyEx', 'R5SailinnaMd010011BodyEx01', 'R5SailinnaMd010011DownEx', 'R5SailinnaMd010011DownEx01', 'R5SailinnaMd010011UpperEx', 'R5SailinnaMd010011Hair01eff', 'R5SailinnaMd010011Hair02eff']	
10035	UiStand1	R5SailinnaMd010021	['R5SailinnaMd010011BodyEx', 'R5SailinnaMd010011BodyEx01', 'R5SailinnaMd010011DownEx', 'R5SailinnaMd010011DownEx01', 'R5SailinnaMd010011UpperEx', 'R5SailinnaMd010011Hair01eff', 'R5SailinnaMd010011Hair02eff']	
30036	BoardAct0201	R5SailinnaMd010031	['R5SailinnaMd010011BodyEx', 'R5SailinnaMd010011BodyEx01', 'R5SailinnaMd010011DownEx', 'R5SailinnaMd010011DownEx01', 'R5SailinnaMd010011UpperEx', 'R5SailinnaMd010011Hair01eff', 'R5SailinnaMd010011Hair02eff']	
40036	BoardAct0202	R5SailinnaMd010031	['R5SailinnaMd010011BodyEx', 'R5SailinnaMd010011BodyEx01', 'R5SailinnaMd010011DownEx', 'R5SailinnaMd010011DownEx01', 'R5SailinnaMd010011UpperEx', 'R5SailinnaMd010011Hair01eff', 'R5SailinnaMd010011Hair02eff']	
50036	BoardAct0203	R5SailinnaMd010031	['R5SailinnaMd010011BodyEx', 'R5SailinnaMd010011BodyEx01', 'R5SailinnaMd010011DownEx', 'R5SailinnaMd010011DownEx01', 'R5SailinnaMd010011UpperEx', 'R5SailinnaMd010011Hair01eff', 'R5SailinnaMd010011Hair02eff']	
60036	BoardAct1001	R5SailinnaMd010031	['R5SailinnaMd010011BodyEx', 'R5SailinnaMd010011BodyEx01', 'R5SailinnaMd010011DownEx', 'R5SailinnaMd010011DownEx01', 'R5SailinnaMd010011UpperEx', 'R5SailinnaMd010011Hair01eff', 'R5SailinnaMd010011Hair02eff']	
70036	BoardAct1002	R5SailinnaMd010031	['R5SailinnaMd010011BodyEx', 'R5SailinnaMd010011BodyEx01', 'R5SailinnaMd010011DownEx', 'R5SailinnaMd010011DownEx01', 'R5SailinnaMd010011UpperEx', 'R5SailinnaMd010011Hair01eff', 'R5SailinnaMd010011Hair02eff']	
80036	BoardAct1003	R5SailinnaMd010031	['R5SailinnaMd010011BodyEx', 'R5SailinnaMd010011BodyEx01', 'R5SailinnaMd010011DownEx', 'R5SailinnaMd010011DownEx01', 'R5SailinnaMd010011UpperEx', 'R5SailinnaMd010011Hair01eff', 'R5SailinnaMd010011Hair02eff']	
90036	BoardAct1004	R5SailinnaMd010031	['R5SailinnaMd010011BodyEx', 'R5SailinnaMd010011BodyEx01', 'R5SailinnaMd010011DownEx', 'R5SailinnaMd010011DownEx01', 'R5SailinnaMd010011UpperEx', 'R5SailinnaMd010011Hair01eff', 'R5SailinnaMd010011Hair02eff']	
100036	BoardAct1005	R5SailinnaMd010031	['R5SailinnaMd010011BodyEx', 'R5SailinnaMd010011BodyEx01', 'R5SailinnaMd010011DownEx', 'R5SailinnaMd010011DownEx01', 'R5SailinnaMd010011UpperEx', 'R5SailinnaMd010011Hair01eff', 'R5SailinnaMd010011Hair02eff']	
110036	BoardAct1006	R5SailinnaMd010031	['R5SailinnaMd010011BodyEx', 'R5SailinnaMd010011BodyEx01', 'R5SailinnaMd010011DownEx', 'R5SailinnaMd010011DownEx01', 'R5SailinnaMd010011UpperEx', 'R5SailinnaMd010011Hair01eff', 'R5SailinnaMd010011Hair02eff']	
120036	BoardAct1007	R5SailinnaMd010031	['R5SailinnaMd010011BodyEx', 'R5SailinnaMd010011BodyEx01', 'R5SailinnaMd010011DownEx', 'R5SailinnaMd010011DownEx01', 'R5SailinnaMd010011UpperEx', 'R5SailinnaMd010011Hair01eff', 'R5SailinnaMd010011Hair02eff']	
20036	StandAct0101	R5SailinnaMd010031	['R5SailinnaMd010011BodyEx', 'R5SailinnaMd010011BodyEx01', 'R5SailinnaMd010011DownEx', 'R5SailinnaMd010011DownEx01', 'R5SailinnaMd010011UpperEx', 'R5SailinnaMd010011Hair01eff', 'R5SailinnaMd010011Hair02eff']	
10036	UiStand1	R5SailinnaMd010031	['R5SailinnaMd010011BodyEx', 'R5SailinnaMd010011BodyEx01', 'R5SailinnaMd010011DownEx', 'R5SailinnaMd010011DownEx01', 'R5SailinnaMd010011UpperEx', 'R5SailinnaMd010011Hair01eff', 'R5SailinnaMd010011Hair02eff']	
30037	BoardAct0201	R5SailinnaMd019011	['R5SailinnaMd019011AlphaEX', 'R5SailinnaMd019011BodyEX', 'R5SailinnaMd019011DownEX', 'R5SailinnaMd019011UpperEX', 'R5SailinnaMd019011Haireff', 'R5SailinnaMd019011JewelryEX']	
40037	BoardAct0202	R5SailinnaMd019011	['R5SailinnaMd019011AlphaEX', 'R5SailinnaMd019011BodyEX', 'R5SailinnaMd019011DownEX', 'R5SailinnaMd019011UpperEX', 'R5SailinnaMd019011Haireff', 'R5SailinnaMd019011JewelryEX']	
50037	BoardAct0203	R5SailinnaMd019011	['R5SailinnaMd019011AlphaEX', 'R5SailinnaMd019011BodyEX', 'R5SailinnaMd019011DownEX', 'R5SailinnaMd019011UpperEX', 'R5SailinnaMd019011Haireff', 'R5SailinnaMd019011JewelryEX']	
60037	BoardAct1001	R5SailinnaMd019011	['R5SailinnaMd019011AlphaEX', 'R5SailinnaMd019011BodyEX', 'R5SailinnaMd019011DownEX', 'R5SailinnaMd019011UpperEX', 'R5SailinnaMd019011Haireff', 'R5SailinnaMd019011JewelryEX']	
70037	BoardAct1002	R5SailinnaMd019011	['R5SailinnaMd019011AlphaEX', 'R5SailinnaMd019011BodyEX', 'R5SailinnaMd019011DownEX', 'R5SailinnaMd019011UpperEX', 'R5SailinnaMd019011Haireff', 'R5SailinnaMd019011JewelryEX']	
80037	BoardAct1003	R5SailinnaMd019011	['R5SailinnaMd019011AlphaEX', 'R5SailinnaMd019011BodyEX', 'R5SailinnaMd019011DownEX', 'R5SailinnaMd019011UpperEX', 'R5SailinnaMd019011Haireff', 'R5SailinnaMd019011JewelryEX']	
90037	BoardAct1004	R5SailinnaMd019011	['R5SailinnaMd019011AlphaEX', 'R5SailinnaMd019011BodyEX', 'R5SailinnaMd019011DownEX', 'R5SailinnaMd019011UpperEX', 'R5SailinnaMd019011Haireff', 'R5SailinnaMd019011JewelryEX']	
100037	BoardAct1005	R5SailinnaMd019011	['R5SailinnaMd019011AlphaEX', 'R5SailinnaMd019011BodyEX', 'R5SailinnaMd019011DownEX', 'R5SailinnaMd019011UpperEX', 'R5SailinnaMd019011Haireff', 'R5SailinnaMd019011JewelryEX']	
110037	BoardAct1006	R5SailinnaMd019011	['R5SailinnaMd019011AlphaEX', 'R5SailinnaMd019011BodyEX', 'R5SailinnaMd019011DownEX', 'R5SailinnaMd019011UpperEX', 'R5SailinnaMd019011Haireff', 'R5SailinnaMd019011JewelryEX']	
120037	BoardAct1007	R5SailinnaMd019011	['R5SailinnaMd019011AlphaEX', 'R5SailinnaMd019011BodyEX', 'R5SailinnaMd019011DownEX', 'R5SailinnaMd019011UpperEX', 'R5SailinnaMd019011Haireff', 'R5SailinnaMd019011JewelryEX']	
20037	StandAct0101	R5SailinnaMd019011	['R5SailinnaMd019011AlphaEX', 'R5SailinnaMd019011BodyEX', 'R5SailinnaMd019011DownEX', 'R5SailinnaMd019011UpperEX', 'R5SailinnaMd019011Haireff', 'R5SailinnaMd019011JewelryEX']	
10037	UiStand1	R5SailinnaMd019011	['R5SailinnaMd019011AlphaEX', 'R5SailinnaMd019011BodyEX', 'R5SailinnaMd019011DownEX', 'R5SailinnaMd019011UpperEX', 'R5SailinnaMd019011Haireff', 'R5SailinnaMd019011JewelryEX']	
30038	BoardAct0201	R3HanyingMd019141	['R3HanyingMd010011Hair03']	
40038	BoardAct0202	R3HanyingMd019141	['R3HanyingMd010011Hair03']	
50038	BoardAct0203	R3HanyingMd019141	['R3HanyingMd010011Hair03']	
60038	BoardAct1001	R3HanyingMd019141	['R3HanyingMd010011Hair03']	
70038	BoardAct1002	R3HanyingMd019141	['R3HanyingMd010011Hair03']	
80038	BoardAct1003	R3HanyingMd019141	['R3HanyingMd010011Hair03']	
90038	BoardAct1004	R3HanyingMd019141	['R3HanyingMd010011Hair03']	
100038	BoardAct1005	R3HanyingMd019141	['R3HanyingMd010011Hair03']	
110038	BoardAct1006	R3HanyingMd019141	['R3HanyingMd010011Hair03']	
120038	BoardAct1007	R3HanyingMd019141	['R3HanyingMd010011Hair03']	
130038	BoardAct10041	R3HanyingMd019141	['R3HanyingMd010011Hair03']	
20038	StandAct0101	R3HanyingMd019141	['R3HanyingMd010011Hair03']	
10038	UiStand1	R3HanyingMd019141	['R3HanyingMd010011Hair03']	
30039	BoardAct0201	R6LuxiyaMd019371	['R6LuxiyaMd019371Engine01', 'R6LuxiyaMd019371Engine02', 'E3TachibMd030011Low01', 'E3TachibMd030011Low02', 'E3TachibMd030011Low03', 'E3TachibMd030011Low04']	
40039	BoardAct0202	R6LuxiyaMd019371	['R6LuxiyaMd019371Engine01', 'R6LuxiyaMd019371Engine02', 'E3TachibMd030011Low01', 'E3TachibMd030011Low02', 'E3TachibMd030011Low03', 'E3TachibMd030011Low04']	
50039	BoardAct0203	R6LuxiyaMd019371	['R6LuxiyaMd019371Engine01', 'R6LuxiyaMd019371Engine02', 'E3TachibMd030011Low01', 'E3TachibMd030011Low02', 'E3TachibMd030011Low03', 'E3TachibMd030011Low04']	
60039	BoardAct1001	R6LuxiyaMd019371	['R6LuxiyaMd019371Engine01', 'R6LuxiyaMd019371Engine02', 'E3TachibMd030011Low01', 'E3TachibMd030011Low02', 'E3TachibMd030011Low03', 'E3TachibMd030011Low04']	
70039	BoardAct1002	R6LuxiyaMd019371	['R6LuxiyaMd019371Engine01', 'R6LuxiyaMd019371Engine02', 'E3TachibMd030011Low01', 'E3TachibMd030011Low02', 'E3TachibMd030011Low03', 'E3TachibMd030011Low04']	
90039	BoardAct1004	R6LuxiyaMd019371	['R6LuxiyaMd019371Engine01', 'R6LuxiyaMd019371Engine02', 'E3TachibMd030011Low01', 'E3TachibMd030011Low02', 'E3TachibMd030011Low03', 'E3TachibMd030011Low04']	
100039	BoardAct1005	R6LuxiyaMd019371	['R6LuxiyaMd019371Engine01', 'R6LuxiyaMd019371Engine02', 'E3TachibMd030011Low01', 'E3TachibMd030011Low02', 'E3TachibMd030011Low03', 'E3TachibMd030011Low04']	
120039	BoardAct1007	R6LuxiyaMd019371	['R6LuxiyaMd019371Engine01', 'R6LuxiyaMd019371Engine02', 'E3TachibMd030011Low01', 'E3TachibMd030011Low02', 'E3TachibMd030011Low03', 'E3TachibMd030011Low04']	
80039	BoardAct1003	R6LuxiyaMd019371	['R6LuxiyaMd019371Engine01', 'R6LuxiyaMd019371Engine02', 'E3TachibMd030011Low01', 'E3TachibMd030011Low02', 'E3TachibMd030011Low03', 'E3TachibMd030011Low04']	
110039	BoardAct1006	R6LuxiyaMd019371	['R6LuxiyaMd019371Engine01', 'R6LuxiyaMd019371Engine02', 'E3TachibMd030011Low01', 'E3TachibMd030011Low02', 'E3TachibMd030011Low03', 'E3TachibMd030011Low04']	
140039	BoardAct0204	R6LuxiyaMd019371	['R6LuxiyaMd019371Engine01', 'R6LuxiyaMd019371Engine02', 'E3TachibMd030011Low01', 'E3TachibMd030011Low02', 'E3TachibMd030011Low03', 'E3TachibMd030011Low04']	
150039	BoardAct0205	R6LuxiyaMd019371	['R6LuxiyaMd019371Engine01', 'R6LuxiyaMd019371Engine02', 'E3TachibMd030011Low01', 'E3TachibMd030011Low02', 'E3TachibMd030011Low03', 'E3TachibMd030011Low04']	
20039	StandAct0101	R6LuxiyaMd019371	['R6LuxiyaMd019371Engine01', 'R6LuxiyaMd019371Engine02', 'E3TachibMd030011Low01', 'E3TachibMd030011Low02', 'E3TachibMd030011Low03', 'E3TachibMd030011Low04']	
30040	BoardAct0201	R2JietaweiMd010011	['E3JswordMd010011']	
40040	BoardAct0202	R2JietaweiMd010011	['E3JswordMd010011']	
50040	BoardAct0203	R2JietaweiMd010011	['E3JswordMd010011']	
60040	BoardAct1001	R2JietaweiMd010011	['E3JswordMd010011']	
70040	BoardAct1002	R2JietaweiMd010011	['E3JswordMd010011']	
90040	BoardAct1004	R2JietaweiMd010011	['E3JswordMd010011']	
100040	BoardAct1005	R2JietaweiMd010011	['E3JswordMd010011']	
120040	BoardAct1007	R2JietaweiMd010011	['E3JswordMd010011']	
80040	BoardAct1003	R2JietaweiMd010011	['E3JswordMd010011']	
110040	BoardAct1006	R2JietaweiMd010011	['E3JswordMd010011']	
140040	BoardAct0204	R2JietaweiMd010011	['E3JswordMd010011']	
150040	BoardAct0205	R2JietaweiMd010011	['E3JswordMd010011']	
20040	StandAct0101	R2JietaweiMd010011	['E3JswordMd010011']	
10040	UiStand1	R2JietaweiMd010011	['E3JswordMd010011']	
30041	BoardAct0201	R2JietaweiMd010021	['E3JswordMd010011']	
40041	BoardAct0202	R2JietaweiMd010021	['E3JswordMd010011']	
50041	BoardAct0203	R2JietaweiMd010021	['E3JswordMd010011']	
60041	BoardAct1001	R2JietaweiMd010021	['E3JswordMd010011']	
70041	BoardAct1002	R2JietaweiMd010021	['E3JswordMd010011']	
90041	BoardAct1004	R2JietaweiMd010021	['E3JswordMd010011']	
100041	BoardAct1005	R2JietaweiMd010021	['E3JswordMd010011']	
120041	BoardAct1007	R2JietaweiMd010021	['E3JswordMd010011']	
80041	BoardAct1003	R2JietaweiMd010021	['E3JswordMd010011']	
110041	BoardAct1006	R2JietaweiMd010021	['E3JswordMd010011']	
140041	BoardAct0204	R2JietaweiMd010021	['E3JswordMd010011']	
150041	BoardAct0205	R2JietaweiMd010021	['E3JswordMd010011']	
20041	StandAct0101	R2JietaweiMd010021	['E3JswordMd010011']	
10041	UiStand1	R2JietaweiMd010021	['E3JswordMd010011']	
30042	BoardAct0201	R2JietaweiMd010031	['E3JswordMd010011']	
40042	BoardAct0202	R2JietaweiMd010031	['E3JswordMd010011']	
50042	BoardAct0203	R2JietaweiMd010031	['E3JswordMd010011']	
60042	BoardAct1001	R2JietaweiMd010031	['E3JswordMd010011']	
70042	BoardAct1002	R2JietaweiMd010031	['E3JswordMd010011']	
90042	BoardAct1004	R2JietaweiMd010031	['E3JswordMd010011']	
100042	BoardAct1005	R2JietaweiMd010031	['E3JswordMd010011']	
120042	BoardAct1007	R2JietaweiMd010031	['E3JswordMd010011']	
80042	BoardAct1003	R2JietaweiMd010031	['E3JswordMd010011']	
110042	BoardAct1006	R2JietaweiMd010031	['E3JswordMd010011']	
140042	BoardAct0204	R2JietaweiMd010031	['E3JswordMd010011']	
150042	BoardAct0205	R2JietaweiMd010031	['E3JswordMd010011']	
20042	StandAct0101	R2JietaweiMd010031	['E3JswordMd010011']	
10042	UiStand1	R2JietaweiMd010031	['E3JswordMd010011']	
10043	UiStand1	R3VergilMd010011	['R3VergilonMd010011Body', 'R3VergilonMd010011Effect', 'R3VergilonMd010011Head', 'R3VergilonMd010011Tail', 'R3VergilonMd010011Wing', 'R3VergilonMd010011Down', 'R3VergilonMd010011Down01', 'R3VergilonMd010011Down02', 'R3VergilonMd010011Up', 'E3VbeowulfMd010011Shoes', 'E3VbeowulfMd010011Gloves', 'WeaponCase4', 'BoneProp3']	
30043	BoardAct0201	R3VergilMd010011	['R3VergilonMd010011Body', 'R3VergilonMd010011Effect', 'R3VergilonMd010011Head', 'R3VergilonMd010011Tail', 'R3VergilonMd010011Wing', 'R3VergilonMd010011Down', 'R3VergilonMd010011Down01', 'R3VergilonMd010011Down02', 'R3VergilonMd010011Up', 'E3VbeowulfMd010011Shoes', 'E3VbeowulfMd010011Gloves', 'WeaponCase4', 'BoneProp3']	
40043	BoardAct0202	R3VergilMd010011	['R3VergilonMd010011Body', 'R3VergilonMd010011Effect', 'R3VergilonMd010011Head', 'R3VergilonMd010011Tail', 'R3VergilonMd010011Wing', 'R3VergilonMd010011Down', 'R3VergilonMd010011Down01', 'R3VergilonMd010011Down02', 'R3VergilonMd010011Up', 'E3VbeowulfMd010011Shoes', 'E3VbeowulfMd010011Gloves', 'WeaponCase4', 'BoneProp3']	
50043	BoardAct0203	R3VergilMd010011	['R3VergilonMd010011Body', 'R3VergilonMd010011Effect', 'R3VergilonMd010011Head', 'R3VergilonMd010011Tail', 'R3VergilonMd010011Wing', 'R3VergilonMd010011Down', 'R3VergilonMd010011Down01', 'R3VergilonMd010011Down02', 'R3VergilonMd010011Up', 'E3VbeowulfMd010011Shoes', 'E3VbeowulfMd010011Gloves', 'WeaponCase4', 'BoneProp3']	
60043	BoardAct1001	R3VergilMd010011	['R3VergilonMd010011Body', 'R3VergilonMd010011Effect', 'R3VergilonMd010011Head', 'R3VergilonMd010011Tail', 'R3VergilonMd010011Wing', 'R3VergilonMd010011Down', 'R3VergilonMd010011Down01', 'R3VergilonMd010011Down02', 'R3VergilonMd010011Up', 'E3VbeowulfMd010011Shoes', 'E3VbeowulfMd010011Gloves', 'WeaponCase4', 'BoneProp3']	
70043	BoardAct1002	R3VergilMd010011	['R3VergilonMd010011Body', 'R3VergilonMd010011Effect', 'R3VergilonMd010011Head', 'R3VergilonMd010011Tail', 'R3VergilonMd010011Wing', 'R3VergilonMd010011Down', 'R3VergilonMd010011Down01', 'R3VergilonMd010011Down02', 'R3VergilonMd010011Up', 'E3VbeowulfMd010011Shoes', 'E3VbeowulfMd010011Gloves', 'WeaponCase4', 'BoneProp3']	
80043	BoardAct1003	R3VergilMd010011	['R3VergilonMd010011Body', 'R3VergilonMd010011Effect', 'R3VergilonMd010011Head', 'R3VergilonMd010011Tail', 'R3VergilonMd010011Wing', 'R3VergilonMd010011Down', 'R3VergilonMd010011Down01', 'R3VergilonMd010011Down02', 'R3VergilonMd010011Up', 'E3VbeowulfMd010011Shoes', 'E3VbeowulfMd010011Gloves', 'WeaponCase4', 'BoneProp3']	
90043	BoardAct1004	R3VergilMd010011	['R3VergilonMd010011Body', 'R3VergilonMd010011Effect', 'R3VergilonMd010011Head', 'R3VergilonMd010011Tail', 'R3VergilonMd010011Wing', 'R3VergilonMd010011Down', 'R3VergilonMd010011Down01', 'R3VergilonMd010011Down02', 'R3VergilonMd010011Up', 'E3VbeowulfMd010011Shoes', 'E3VbeowulfMd010011Gloves', 'WeaponCase4', 'BoneProp3']	
100043	BoardAct1005	R3VergilMd010011	['R3VergilonMd010011Body', 'R3VergilonMd010011Effect', 'R3VergilonMd010011Head', 'R3VergilonMd010011Tail', 'R3VergilonMd010011Wing', 'R3VergilonMd010011Down', 'R3VergilonMd010011Down01', 'R3VergilonMd010011Down02', 'R3VergilonMd010011Up', 'E3VbeowulfMd010011Shoes', 'E3VbeowulfMd010011Gloves', 'WeaponCase4', 'BoneProp3']	
110043	BoardAct1006	R3VergilMd010011	['R3VergilonMd010011Body', 'R3VergilonMd010011Effect', 'R3VergilonMd010011Head', 'R3VergilonMd010011Tail', 'R3VergilonMd010011Wing', 'R3VergilonMd010011Down', 'R3VergilonMd010011Down01', 'R3VergilonMd010011Down02', 'R3VergilonMd010011Up', 'E3VbeowulfMd010011Shoes', 'E3VbeowulfMd010011Gloves', 'WeaponCase4', 'BoneProp3']	
120043	BoardAct1007	R3VergilMd010011	['R3VergilonMd010011Body', 'R3VergilonMd010011Effect', 'R3VergilonMd010011Head', 'R3VergilonMd010011Tail', 'R3VergilonMd010011Wing', 'R3VergilonMd010011Down', 'R3VergilonMd010011Down01', 'R3VergilonMd010011Down02', 'R3VergilonMd010011Up', 'E3VbeowulfMd010011Shoes', 'E3VbeowulfMd010011Gloves', 'WeaponCase4', 'BoneProp3']	
20043	StandAct0101	R3VergilMd010011	['R3VergilonMd010011Body', 'R3VergilonMd010011Effect', 'R3VergilonMd010011Head', 'R3VergilonMd010011Tail', 'R3VergilonMd010011Wing', 'R3VergilonMd010011Down', 'R3VergilonMd010011Down01', 'R3VergilonMd010011Down02', 'R3VergilonMd010011Up', 'E3VbeowulfMd010011Shoes', 'E3VbeowulfMd010011Gloves', 'WeaponCase4', 'BoneProp3']	
10044	UiStand1	R3DanteMd010011	['R3DanteonMd010011Head', 'R3DanteonMd010011Body', 'R3DanteonMd010011Foot', 'R3DanteonMd010011Wing', 'E3DbalrogMd010011Shoulder', 'E3DbalrogMd010011', 'E3DfaustMd010011', 'WeaponCase2', 'WeaponCase3', 'WeaponCase4', 'R3VergiloffMd010011Hair']	
30044	BoardAct0201	R3DanteMd010011	['R3DanteonMd010011Head', 'R3DanteonMd010011Body', 'R3DanteonMd010011Foot', 'R3DanteonMd010011Wing', 'E3DbalrogMd010011Shoulder', 'E3DbalrogMd010011', 'E3DfaustMd010011', 'WeaponCase2', 'WeaponCase4', 'R3VergiloffMd010011Hair']	
40044	BoardAct0202	R3DanteMd010011	['R3DanteonMd010011Head', 'R3DanteonMd010011Body', 'R3DanteonMd010011Foot', 'R3DanteonMd010011Wing', 'E3DbalrogMd010011Shoulder', 'E3DbalrogMd010011', 'E3DfaustMd010011', 'WeaponCase2', 'WeaponCase4', 'R3VergiloffMd010011Hair']	
50044	BoardAct0203	R3DanteMd010011	['R3DanteonMd010011Head', 'R3DanteonMd010011Body', 'R3DanteonMd010011Foot', 'R3DanteonMd010011Wing', 'E3DbalrogMd010011Shoulder', 'E3DbalrogMd010011', 'E3DfaustMd010011', 'WeaponCase2', 'WeaponCase4', 'R3VergiloffMd010011Hair']	
60044	BoardAct1001	R3DanteMd010011	['R3DanteonMd010011Head', 'R3DanteonMd010011Body', 'R3DanteonMd010011Foot', 'R3DanteonMd010011Wing', 'E3DbalrogMd010011Shoulder', 'E3DbalrogMd010011', 'E3DfaustMd010011', 'WeaponCase2', 'WeaponCase4', 'R3VergiloffMd010011Hair']	
70044	BoardAct1002	R3DanteMd010011	['R3DanteonMd010011Head', 'R3DanteonMd010011Body', 'R3DanteonMd010011Foot', 'R3DanteonMd010011Wing', 'E3DbalrogMd010011Shoulder', 'E3DbalrogMd010011', 'E3DfaustMd010011', 'WeaponCase2', 'WeaponCase4', 'R3VergiloffMd010011Hair']	
80044	BoardAct1003	R3DanteMd010011	['R3DanteonMd010011Head', 'R3DanteonMd010011Body', 'R3DanteonMd010011Foot', 'R3DanteonMd010011Wing', 'E3DbalrogMd010011Shoulder', 'E3DbalrogMd010011', 'E3DfaustMd010011', 'WeaponCase2', 'WeaponCase4', 'R3VergiloffMd010011Hair']	
90044	BoardAct1004	R3DanteMd010011	['R3DanteonMd010011Head', 'R3DanteonMd010011Body', 'R3DanteonMd010011Foot', 'R3DanteonMd010011Wing', 'E3DbalrogMd010011Shoulder', 'E3DbalrogMd010011', 'E3DfaustMd010011', 'WeaponCase2', 'WeaponCase4', 'R3VergiloffMd010011Hair']	
100044	BoardAct1005	R3DanteMd010011	['R3DanteonMd010011Head', 'R3DanteonMd010011Body', 'R3DanteonMd010011Foot', 'R3DanteonMd010011Wing', 'E3DbalrogMd010011Shoulder', 'E3DbalrogMd010011', 'E3DfaustMd010011', 'WeaponCase2', 'WeaponCase4', 'R3VergiloffMd010011Hair']	
110044	BoardAct1006	R3DanteMd010011	['R3DanteonMd010011Head', 'R3DanteonMd010011Body', 'R3DanteonMd010011Foot', 'R3DanteonMd010011Wing', 'E3DbalrogMd010011Shoulder', 'E3DbalrogMd010011', 'E3DfaustMd010011', 'WeaponCase2', 'WeaponCase4', 'R3VergiloffMd010011Hair']	
120044	BoardAct1007	R3DanteMd010011	['R3DanteonMd010011Head', 'R3DanteonMd010011Body', 'R3DanteonMd010011Foot', 'R3DanteonMd010011Wing', 'E3DbalrogMd010011Shoulder', 'E3DbalrogMd010011', 'E3DfaustMd010011', 'WeaponCase2', 'WeaponCase4', 'R3VergiloffMd010011Hair']	
20044	StandAct0101	R3DanteMd010011	['R3DanteonMd010011Head', 'R3DanteonMd010011Body', 'R3DanteonMd010011Foot', 'R3DanteonMd010011Wing', 'E3DbalrogMd010011Shoulder', 'E3DbalrogMd010011', 'E3DfaustMd010011', 'WeaponCase2', 'WeaponCase4', 'R3VergiloffMd010011Hair']	
10045	UiStand1	R5YongyechaoMd019071	['R5YongyechaoMd019071Alpha02', 'R5YongyechaoMd019071Body02', 'R5YongyechaoMd019071Clothing02', 'R5YongyechaoMd019071Armor01', 'R5YongyechaoMd019071Armor02', 'R5YongyechaoMd019071Armor03', 'R5YongyechaoMd019071Armor04', 'R5YongyechaoMd019071Armor05']	
30045	BoardAct0201	R5YongyechaoMd019071	['R5YongyechaoMd019071Alpha03', 'R5YongyechaoMd019071Armor', 'R5YongyechaoMd019071Armor01', 'R5YongyechaoMd019071Armor02', 'R5YongyechaoMd019071Armor03', 'R5YongyechaoMd019071Armor04', 'R5YongyechaoMd019071Armor05', 'R5YongyechaoMd019071Wing', 'FxR5YongyechaoBip001HeadFumo']	
50045	BoardAct0203	R5YongyechaoMd019071	['R5YongyechaoMd019071Alpha03', 'R5YongyechaoMd019071Armor', 'R5YongyechaoMd019071Armor01', 'R5YongyechaoMd019071Armor02', 'R5YongyechaoMd019071Armor03', 'R5YongyechaoMd019071Armor04', 'R5YongyechaoMd019071Armor05', 'R5YongyechaoMd019071Wing', 'FxR5YongyechaoBip001HeadFumo']	
60045	BoardAct1001	R5YongyechaoMd019071	['R5YongyechaoMd019071Alpha03', 'R5YongyechaoMd019071Armor', 'R5YongyechaoMd019071Armor01', 'R5YongyechaoMd019071Armor02', 'R5YongyechaoMd019071Armor03', 'R5YongyechaoMd019071Armor04', 'R5YongyechaoMd019071Armor05', 'R5YongyechaoMd019071Wing', 'FxR5YongyechaoBip001HeadFumo']	
70045	BoardAct1002	R5YongyechaoMd019071	['R5YongyechaoMd019071Alpha03', 'R5YongyechaoMd019071Armor', 'R5YongyechaoMd019071Armor01', 'R5YongyechaoMd019071Armor02', 'R5YongyechaoMd019071Armor03', 'R5YongyechaoMd019071Armor04', 'R5YongyechaoMd019071Armor05', 'R5YongyechaoMd019071Wing', 'FxR5YongyechaoBip001HeadFumo']	
90045	BoardAct1004	R5YongyechaoMd019071	['R5YongyechaoMd019071Alpha03', 'R5YongyechaoMd019071Armor', 'R5YongyechaoMd019071Armor01', 'R5YongyechaoMd019071Armor02', 'R5YongyechaoMd019071Armor03', 'R5YongyechaoMd019071Armor04', 'R5YongyechaoMd019071Armor05', 'R5YongyechaoMd019071Wing', 'FxR5YongyechaoBip001HeadFumo']	
100045	BoardAct1005	R5YongyechaoMd019071	['R5YongyechaoMd019071Alpha03', 'R5YongyechaoMd019071Armor', 'R5YongyechaoMd019071Armor01', 'R5YongyechaoMd019071Armor02', 'R5YongyechaoMd019071Armor03', 'R5YongyechaoMd019071Armor04', 'R5YongyechaoMd019071Armor05', 'R5YongyechaoMd019071Wing', 'FxR5YongyechaoBip001HeadFumo']	
120045	BoardAct1007	R5YongyechaoMd019071	['R5YongyechaoMd019071Alpha03', 'R5YongyechaoMd019071Armor', 'R5YongyechaoMd019071Armor01', 'R5YongyechaoMd019071Armor02', 'R5YongyechaoMd019071Armor03', 'R5YongyechaoMd019071Armor04', 'R5YongyechaoMd019071Armor05', 'R5YongyechaoMd019071Wing', 'FxR5YongyechaoBip001HeadFumo']	
80045	BoardAct1003	R5YongyechaoMd019071	['R5YongyechaoMd019071Alpha03', 'R5YongyechaoMd019071Armor', 'R5YongyechaoMd019071Armor01', 'R5YongyechaoMd019071Armor02', 'R5YongyechaoMd019071Armor03', 'R5YongyechaoMd019071Armor04', 'R5YongyechaoMd019071Armor05', 'R5YongyechaoMd019071Wing', 'FxR5YongyechaoBip001HeadFumo']	
20045	StandAct0101	R5YongyechaoMd019071	['R5YongyechaoMd019071Alpha03', 'R5YongyechaoMd019071Armor', 'R5YongyechaoMd019071Armor01', 'R5YongyechaoMd019071Armor02', 'R5YongyechaoMd019071Armor03', 'R5YongyechaoMd019071Armor04', 'R5YongyechaoMd019071Armor05', 'R5YongyechaoMd019071Wing', 'FxR5YongyechaoBip001HeadFumo']	
30046	BoardAct0201	R4WeilaMd010011	['R4WeilaMd010011Face02']	
40046	BoardAct0202	R4WeilaMd010011	['R4WeilaMd010011Face02']	
50046	BoardAct0203	R4WeilaMd010011	['R4WeilaMd010011Face02']	
60046	BoardAct1001	R4WeilaMd010011	['R4WeilaMd010011Face02']	
70046	BoardAct1002	R4WeilaMd010011	['R4WeilaMd010011Face02']	
90046	BoardAct1004	R4WeilaMd010011	['R4WeilaMd010011Face02']	
100046	BoardAct1005	R4WeilaMd010011	['R4WeilaMd010011Face02']	
120046	BoardAct1007	R4WeilaMd010011	['R4WeilaMd010011Face02']	
80046	BoardAct1003	R4WeilaMd010011	['R4WeilaMd010011Face02']	
110046	BoardAct1006	R4WeilaMd010011	['R4WeilaMd010011Face02']	
140046	BoardAct0204	R4WeilaMd010011	['R4WeilaMd010011Face02']	
150046	BoardAct0205	R4WeilaMd010011	['R4WeilaMd010011Face02']	
20046	StandAct0101	R4WeilaMd010011	['R4WeilaMd010011Face02']	
30047	BoardAct0201	R4WeilaMd010021	['R4WeilaMd010011Face02']	
40047	BoardAct0202	R4WeilaMd010021	['R4WeilaMd010011Face02']	
50047	BoardAct0203	R4WeilaMd010021	['R4WeilaMd010011Face02']	
60047	BoardAct1001	R4WeilaMd010021	['R4WeilaMd010011Face02']	
70047	BoardAct1002	R4WeilaMd010021	['R4WeilaMd010011Face02']	
90047	BoardAct1004	R4WeilaMd010021	['R4WeilaMd010011Face02']	
100047	BoardAct1005	R4WeilaMd010021	['R4WeilaMd010011Face02']	
120047	BoardAct1007	R4WeilaMd010021	['R4WeilaMd010011Face02']	
80047	BoardAct1003	R4WeilaMd010021	['R4WeilaMd010011Face02']	
110047	BoardAct1006	R4WeilaMd010021	['R4WeilaMd010011Face02']	
140047	BoardAct0204	R4WeilaMd010021	['R4WeilaMd010011Face02']	
150047	BoardAct0205	R4WeilaMd010021	['R4WeilaMd010011Face02']	
20047	StandAct0101	R4WeilaMd010021	['R4WeilaMd010011Face02']	
30048	BoardAct0201	R4WeilaMd010031	['R4WeilaMd010011Face02']	
40048	BoardAct0202	R4WeilaMd010031	['R4WeilaMd010011Face02']	
50048	BoardAct0203	R4WeilaMd010031	['R4WeilaMd010011Face02']	
60048	BoardAct1001	R4WeilaMd010031	['R4WeilaMd010011Face02']	
70048	BoardAct1002	R4WeilaMd010031	['R4WeilaMd010011Face02']	
90048	BoardAct1004	R4WeilaMd010031	['R4WeilaMd010011Face02']	
100048	BoardAct1005	R4WeilaMd010031	['R4WeilaMd010011Face02']	
120048	BoardAct1007	R4WeilaMd010031	['R4WeilaMd010011Face02']	
80048	BoardAct1003	R4WeilaMd010031	['R4WeilaMd010011Face02']	
110048	BoardAct1006	R4WeilaMd010031	['R4WeilaMd010011Face02']	
140048	BoardAct0204	R4WeilaMd010031	['R4WeilaMd010011Face02']	
150048	BoardAct0205	R4WeilaMd010031	['R4WeilaMd010011Face02']	
20048	StandAct0101	R4WeilaMd010031	['R4WeilaMd010011Face02']	
30049	BoardAct0201	R4WeilaMd019011	['R4WeilaMd010011Face02']	
40049	BoardAct0202	R4WeilaMd019011	['R4WeilaMd010011Face02']	
50049	BoardAct0203	R4WeilaMd019011	['R4WeilaMd010011Face02']	
60049	BoardAct1001	R4WeilaMd019011	['R4WeilaMd010011Face02']	
70049	BoardAct1002	R4WeilaMd019011	['R4WeilaMd010011Face02']	
90049	BoardAct1004	R4WeilaMd019011	['R4WeilaMd010011Face02']	
100049	BoardAct1005	R4WeilaMd019011	['R4WeilaMd010011Face02']	
120049	BoardAct1007	R4WeilaMd019011	['R4WeilaMd010011Face02']	
80049	BoardAct1003	R4WeilaMd019011	['R4WeilaMd010011Face02']	
110049	BoardAct1006	R4WeilaMd019011	['R4WeilaMd010011Face02']	
140049	BoardAct0204	R4WeilaMd019011	['R4WeilaMd010011Face02']	
150049	BoardAct0205	R4WeilaMd019011	['R4WeilaMd010011Face02']	
20049	StandAct0101	R4WeilaMd019011	['R4WeilaMd010011Face02']	
10049	UiStand1	R4WeilaMd019011	['R4WeilaMd010011Face02']	
110045	BoardAct1006	R5YongyechaoMd019071	['FxR5YongyechaoBip001HeadFumo']	
40045	BoardAct0202	R5YongyechaoMd019071	['FxR5YongyechaoBip001HeadFumo']	
10050	UiStand1	R3CibeizheMd019141	['R3CibeizheMd019141AlphaEX', 'R3CibeizheMd019141BodyEX', 'R3CibeizheMd019141CrystalEX', 'R3CibeizheMd019141DownEX', 'R3CibeizheMd019141Hair03EX', 'R3CibeizheMd019141UpperEX']	
30050	BoardAct0201	R3CibeizheMd019141	['R3CibeizheMd019141AlphaEX', 'R3CibeizheMd019141BodyEX', 'R3CibeizheMd019141CrystalEX', 'R3CibeizheMd019141DownEX', 'R3CibeizheMd019141Hair03EX', 'R3CibeizheMd019141UpperEX']	
40050	BoardAct0202	R3CibeizheMd019141	['R3CibeizheMd019141AlphaEX', 'R3CibeizheMd019141BodyEX', 'R3CibeizheMd019141CrystalEX', 'R3CibeizheMd019141DownEX', 'R3CibeizheMd019141Hair03EX', 'R3CibeizheMd019141UpperEX']	
50050	BoardAct0203	R3CibeizheMd019141	['R3CibeizheMd019141AlphaEX', 'R3CibeizheMd019141BodyEX', 'R3CibeizheMd019141CrystalEX', 'R3CibeizheMd019141DownEX', 'R3CibeizheMd019141Hair03EX', 'R3CibeizheMd019141UpperEX']	
60050	BoardAct1001	R3CibeizheMd019141	['R3CibeizheMd019141AlphaEX', 'R3CibeizheMd019141BodyEX', 'R3CibeizheMd019141CrystalEX', 'R3CibeizheMd019141DownEX', 'R3CibeizheMd019141Hair03EX', 'R3CibeizheMd019141UpperEX']	
70050	BoardAct1002	R3CibeizheMd019141	['R3CibeizheMd019141AlphaEX', 'R3CibeizheMd019141BodyEX', 'R3CibeizheMd019141CrystalEX', 'R3CibeizheMd019141DownEX', 'R3CibeizheMd019141Hair03EX', 'R3CibeizheMd019141UpperEX']	
80050	BoardAct1003	R3CibeizheMd019141	['R3CibeizheMd019141AlphaEX', 'R3CibeizheMd019141BodyEX', 'R3CibeizheMd019141CrystalEX', 'R3CibeizheMd019141DownEX', 'R3CibeizheMd019141Hair03EX', 'R3CibeizheMd019141UpperEX']	
90050	BoardAct1004	R3CibeizheMd019141	['R3CibeizheMd019141AlphaEX', 'R3CibeizheMd019141BodyEX', 'R3CibeizheMd019141CrystalEX', 'R3CibeizheMd019141DownEX', 'R3CibeizheMd019141Hair03EX', 'R3CibeizheMd019141UpperEX']	
100050	BoardAct1005	R3CibeizheMd019141	['R3CibeizheMd019141AlphaEX', 'R3CibeizheMd019141BodyEX', 'R3CibeizheMd019141CrystalEX', 'R3CibeizheMd019141DownEX', 'R3CibeizheMd019141Hair03EX', 'R3CibeizheMd019141UpperEX']	
110050	BoardAct1006	R3CibeizheMd019141	['R3CibeizheMd019141AlphaEX', 'R3CibeizheMd019141BodyEX', 'R3CibeizheMd019141CrystalEX', 'R3CibeizheMd019141DownEX', 'R3CibeizheMd019141Hair03EX', 'R3CibeizheMd019141UpperEX']	
120050	BoardAct1007	R3CibeizheMd019141	['R3CibeizheMd019141AlphaEX', 'R3CibeizheMd019141BodyEX', 'R3CibeizheMd019141CrystalEX', 'R3CibeizheMd019141DownEX', 'R3CibeizheMd019141Hair03EX', 'R3CibeizheMd019141UpperEX']	
20050	StandAct0101	R3CibeizheMd019141	['R3CibeizheMd019141AlphaEX', 'R3CibeizheMd019141BodyEX', 'R3CibeizheMd019141CrystalEX', 'R3CibeizheMd019141DownEX', 'R3CibeizheMd019141Hair03EX', 'R3CibeizheMd019141UpperEX']	
10051	UiStand1	R5BiankaMd010011	['R5BiankaMd010011BodyEX02', 'R5BiankaMd010011AlphaEX', 'R5BiankaMd010011AlphaEX01']	
30051	BoardAct0201	R5BiankaMd010011	['R5BiankaMd010011Alpha', 'R5BiankaMd010011Alpha01', 'R5BiankaMd010011FaceEX', 'R5BiankaMd010011Body', 'R5BiankaMd010011BodyEX02']	
40051	BoardAct0202	R5BiankaMd010011	['R5BiankaMd010011Alpha', 'R5BiankaMd010011Alpha01', 'R5BiankaMd010011FaceEX', 'R5BiankaMd010011Body', 'R5BiankaMd010011BodyEX02']	
50051	BoardAct0203	R5BiankaMd010011	['R5BiankaMd010011Alpha', 'R5BiankaMd010011Alpha01', 'R5BiankaMd010011FaceEX', 'R5BiankaMd010011Body', 'R5BiankaMd010011BodyEX02']	
60051	BoardAct1001	R5BiankaMd010011	['R5BiankaMd010011Alpha', 'R5BiankaMd010011Alpha01', 'R5BiankaMd010011FaceEX', 'R5BiankaMd010011Body', 'R5BiankaMd010011BodyEX02']	
70051	BoardAct1002	R5BiankaMd010011	['R5BiankaMd010011Alpha', 'R5BiankaMd010011Alpha01', 'R5BiankaMd010011FaceEX', 'R5BiankaMd010011Body', 'R5BiankaMd010011BodyEX02']	
80051	BoardAct1003	R5BiankaMd010011	['R5BiankaMd010011Alpha', 'R5BiankaMd010011Alpha01', 'R5BiankaMd010011FaceEX', 'R5BiankaMd010011Body', 'R5BiankaMd010011BodyEX02']	
90051	BoardAct1004	R5BiankaMd010011	['R5BiankaMd010011Alpha', 'R5BiankaMd010011Alpha01', 'R5BiankaMd010011FaceEX', 'R5BiankaMd010011Body', 'R5BiankaMd010011BodyEX02']	
100051	BoardAct1005	R5BiankaMd010011	['R5BiankaMd010011Alpha', 'R5BiankaMd010011Alpha01', 'R5BiankaMd010011FaceEX', 'R5BiankaMd010011Body', 'R5BiankaMd010011BodyEX02']	
110051	BoardAct1006	R5BiankaMd010011	['R5BiankaMd010011Alpha', 'R5BiankaMd010011Alpha01', 'R5BiankaMd010011FaceEX', 'R5BiankaMd010011Body', 'R5BiankaMd010011BodyEX02']	
120051	BoardAct1007	R5BiankaMd010011	['R5BiankaMd010011Alpha', 'R5BiankaMd010011Alpha01', 'R5BiankaMd010011FaceEX', 'R5BiankaMd010011Body', 'R5BiankaMd010011BodyEX02']	
20051	StandAct0101	R5BiankaMd010011	['R5BiankaMd010011Alpha', 'R5BiankaMd010011Alpha01', 'R5BiankaMd010011FaceEX', 'R5BiankaMd010011Body', 'R5BiankaMd010011BodyEX02']	
10052	UiStand1	R5BiankaMd010021	['R5BiankaMd010011BodyEX02', 'R5BiankaMd010011AlphaEX', 'R5BiankaMd010011AlphaEX01']	
30052	BoardAct0201	R5BiankaMd010021	['R5BiankaMd010011Alpha', 'R5BiankaMd010011Alpha01', 'R5BiankaMd010011FaceEX', 'R5BiankaMd010011Body', 'R5BiankaMd010011BodyEX02']	
40052	BoardAct0202	R5BiankaMd010021	['R5BiankaMd010011Alpha', 'R5BiankaMd010011Alpha01', 'R5BiankaMd010011FaceEX', 'R5BiankaMd010011Body', 'R5BiankaMd010011BodyEX02']	
50052	BoardAct0203	R5BiankaMd010021	['R5BiankaMd010011Alpha', 'R5BiankaMd010011Alpha01', 'R5BiankaMd010011FaceEX', 'R5BiankaMd010011Body', 'R5BiankaMd010011BodyEX02']	
60052	BoardAct1001	R5BiankaMd010021	['R5BiankaMd010011Alpha', 'R5BiankaMd010011Alpha01', 'R5BiankaMd010011FaceEX', 'R5BiankaMd010011Body', 'R5BiankaMd010011BodyEX02']	
70052	BoardAct1002	R5BiankaMd010021	['R5BiankaMd010011Alpha', 'R5BiankaMd010011Alpha01', 'R5BiankaMd010011FaceEX', 'R5BiankaMd010011Body', 'R5BiankaMd010011BodyEX02']	
80052	BoardAct1003	R5BiankaMd010021	['R5BiankaMd010011Alpha', 'R5BiankaMd010011Alpha01', 'R5BiankaMd010011FaceEX', 'R5BiankaMd010011Body', 'R5BiankaMd010011BodyEX02']	
90052	BoardAct1004	R5BiankaMd010021	['R5BiankaMd010011Alpha', 'R5BiankaMd010011Alpha01', 'R5BiankaMd010011FaceEX', 'R5BiankaMd010011Body', 'R5BiankaMd010011BodyEX02']	
100052	BoardAct1005	R5BiankaMd010021	['R5BiankaMd010011Alpha', 'R5BiankaMd010011Alpha01', 'R5BiankaMd010011FaceEX', 'R5BiankaMd010011Body', 'R5BiankaMd010011BodyEX02']	
110052	BoardAct1006	R5BiankaMd010021	['R5BiankaMd010011Alpha', 'R5BiankaMd010011Alpha01', 'R5BiankaMd010011FaceEX', 'R5BiankaMd010011Body', 'R5BiankaMd010011BodyEX02']	
120052	BoardAct1007	R5BiankaMd010021	['R5BiankaMd010011Alpha', 'R5BiankaMd010011Alpha01', 'R5BiankaMd010011FaceEX', 'R5BiankaMd010011Body', 'R5BiankaMd010011BodyEX02']	
20052	StandAct0101	R5BiankaMd010021	['R5BiankaMd010011Alpha', 'R5BiankaMd010011Alpha01', 'R5BiankaMd010011FaceEX', 'R5BiankaMd010011Body', 'R5BiankaMd010011BodyEX02']	
10053	UiStand1	R5BiankaMd010031	['R5BiankaMd010011BodyEX02', 'R5BiankaMd010011AlphaEX', 'R5BiankaMd010011AlphaEX01']	
30053	BoardAct0201	R5BiankaMd010031	['R5BiankaMd010011Alpha', 'R5BiankaMd010011Alpha01', 'R5BiankaMd010011FaceEX', 'R5BiankaMd010011Body', 'R5BiankaMd010011BodyEX02']	
40053	BoardAct0202	R5BiankaMd010031	['R5BiankaMd010011Alpha', 'R5BiankaMd010011Alpha01', 'R5BiankaMd010011FaceEX', 'R5BiankaMd010011Body', 'R5BiankaMd010011BodyEX02']	
50053	BoardAct0203	R5BiankaMd010031	['R5BiankaMd010011Alpha', 'R5BiankaMd010011Alpha01', 'R5BiankaMd010011FaceEX', 'R5BiankaMd010011Body', 'R5BiankaMd010011BodyEX02']	
60053	BoardAct1001	R5BiankaMd010031	['R5BiankaMd010011Alpha', 'R5BiankaMd010011Alpha01', 'R5BiankaMd010011FaceEX', 'R5BiankaMd010011Body', 'R5BiankaMd010011BodyEX02']	
70053	BoardAct1002	R5BiankaMd010031	['R5BiankaMd010011Alpha', 'R5BiankaMd010011Alpha01', 'R5BiankaMd010011FaceEX', 'R5BiankaMd010011Body', 'R5BiankaMd010011BodyEX02']	
80053	BoardAct1003	R5BiankaMd010031	['R5BiankaMd010011Alpha', 'R5BiankaMd010011Alpha01', 'R5BiankaMd010011FaceEX', 'R5BiankaMd010011Body', 'R5BiankaMd010011BodyEX02']	
90053	BoardAct1004	R5BiankaMd010031	['R5BiankaMd010011Alpha', 'R5BiankaMd010011Alpha01', 'R5BiankaMd010011FaceEX', 'R5BiankaMd010011Body', 'R5BiankaMd010011BodyEX02']	
100053	BoardAct1005	R5BiankaMd010031	['R5BiankaMd010011Alpha', 'R5BiankaMd010011Alpha01', 'R5BiankaMd010011FaceEX', 'R5BiankaMd010011Body', 'R5BiankaMd010011BodyEX02']	
110053	BoardAct1006	R5BiankaMd010031	['R5BiankaMd010011Alpha', 'R5BiankaMd010011Alpha01', 'R5BiankaMd010011FaceEX', 'R5BiankaMd010011Body', 'R5BiankaMd010011BodyEX02']	
120053	BoardAct1007	R5BiankaMd010031	['R5BiankaMd010011Alpha', 'R5BiankaMd010011Alpha01', 'R5BiankaMd010011FaceEX', 'R5BiankaMd010011Body', 'R5BiankaMd010011BodyEX02']	
20053	StandAct0101	R5BiankaMd010031	['R5BiankaMd010011Alpha', 'R5BiankaMd010011Alpha01', 'R5BiankaMd010011FaceEX', 'R5BiankaMd010011Body', 'R5BiankaMd010011BodyEX02']	
10054	UiStand1	R5SailinnaMd019371	['R5SailinnaMd019371Alpha03EX', 'R5SailinnaMd019371Alpha05EX', 'R5SailinnaMd019371Alpha06EX', 'R5SailinnaMd019371Alpha08EX', 'R5SailinnaMd019371Alpha09EX', 'R5SailinnaMd019371Hair01eff', 'R5SailinnaMd019371Hair02eff', 'R5SailinnaMd019371BodyEX']	
30054	BoardAct0201	R5SailinnaMd019371	['R5SailinnaMd019371Alpha03EX', 'R5SailinnaMd019371Alpha05EX', 'R5SailinnaMd019371Alpha06EX', 'R5SailinnaMd019371Alpha08EX', 'R5SailinnaMd019371Alpha09EX', 'R5SailinnaMd019371Hair01eff', 'R5SailinnaMd019371Hair02eff', 'R5SailinnaMd019371BodyEX']	
40054	BoardAct0202	R5SailinnaMd019371	['R5SailinnaMd019371Alpha03EX', 'R5SailinnaMd019371Alpha05EX', 'R5SailinnaMd019371Alpha06EX', 'R5SailinnaMd019371Alpha08EX', 'R5SailinnaMd019371Alpha09EX', 'R5SailinnaMd019371Hair01eff', 'R5SailinnaMd019371Hair02eff', 'R5SailinnaMd019371BodyEX']	
50054	BoardAct0203	R5SailinnaMd019371	['R5SailinnaMd019371Alpha03EX', 'R5SailinnaMd019371Alpha05EX', 'R5SailinnaMd019371Alpha06EX', 'R5SailinnaMd019371Alpha08EX', 'R5SailinnaMd019371Alpha09EX', 'R5SailinnaMd019371Hair01eff', 'R5SailinnaMd019371Hair02eff', 'R5SailinnaMd019371BodyEX']	
60054	BoardAct1001	R5SailinnaMd019371	['R5SailinnaMd019371Alpha03EX', 'R5SailinnaMd019371Alpha05EX', 'R5SailinnaMd019371Alpha06EX', 'R5SailinnaMd019371Alpha08EX', 'R5SailinnaMd019371Alpha09EX', 'R5SailinnaMd019371Hair01eff', 'R5SailinnaMd019371Hair02eff', 'R5SailinnaMd019371BodyEX']	
70054	BoardAct1002	R5SailinnaMd019371	['R5SailinnaMd019371Alpha03EX', 'R5SailinnaMd019371Alpha05EX', 'R5SailinnaMd019371Alpha06EX', 'R5SailinnaMd019371Alpha08EX', 'R5SailinnaMd019371Alpha09EX', 'R5SailinnaMd019371Hair01eff', 'R5SailinnaMd019371Hair02eff', 'R5SailinnaMd019371BodyEX']	
80054	BoardAct1003	R5SailinnaMd019371	['R5SailinnaMd019371Alpha03EX', 'R5SailinnaMd019371Alpha05EX', 'R5SailinnaMd019371Alpha06EX', 'R5SailinnaMd019371Alpha08EX', 'R5SailinnaMd019371Alpha09EX', 'R5SailinnaMd019371Hair01eff', 'R5SailinnaMd019371Hair02eff', 'R5SailinnaMd019371BodyEX']	
90054	BoardAct1004	R5SailinnaMd019371	['R5SailinnaMd019371Alpha03EX', 'R5SailinnaMd019371Alpha05EX', 'R5SailinnaMd019371Alpha06EX', 'R5SailinnaMd019371Alpha08EX', 'R5SailinnaMd019371Alpha09EX', 'R5SailinnaMd019371Hair01eff', 'R5SailinnaMd019371Hair02eff', 'R5SailinnaMd019371BodyEX']	
100054	BoardAct1005	R5SailinnaMd019371	['R5SailinnaMd019371Alpha03EX', 'R5SailinnaMd019371Alpha05EX', 'R5SailinnaMd019371Alpha06EX', 'R5SailinnaMd019371Alpha08EX', 'R5SailinnaMd019371Alpha09EX', 'R5SailinnaMd019371Hair01eff', 'R5SailinnaMd019371Hair02eff', 'R5SailinnaMd019371BodyEX']	
110054	BoardAct1006	R5SailinnaMd019371	['R5SailinnaMd019371Alpha03EX', 'R5SailinnaMd019371Alpha05EX', 'R5SailinnaMd019371Alpha06EX', 'R5SailinnaMd019371Alpha08EX', 'R5SailinnaMd019371Alpha09EX', 'R5SailinnaMd019371Hair01eff', 'R5SailinnaMd019371Hair02eff', 'R5SailinnaMd019371BodyEX']	
120054	BoardAct1007	R5SailinnaMd019371	['R5SailinnaMd019371Alpha03EX', 'R5SailinnaMd019371Alpha05EX', 'R5SailinnaMd019371Alpha06EX', 'R5SailinnaMd019371Alpha08EX', 'R5SailinnaMd019371Alpha09EX', 'R5SailinnaMd019371Hair01eff', 'R5SailinnaMd019371Hair02eff', 'R5SailinnaMd019371BodyEX']	
20054	StandAct0101	R5SailinnaMd019371	['R5SailinnaMd019371Alpha03EX', 'R5SailinnaMd019371Alpha05EX', 'R5SailinnaMd019371Alpha06EX', 'R5SailinnaMd019371Alpha08EX', 'R5SailinnaMd019371Alpha09EX', 'R5SailinnaMd019371Hair01eff', 'R5SailinnaMd019371Hair02eff', 'R5SailinnaMd019371BodyEX']	
10055	UiStand1	R5BiankaMd019011	['R5BiankaMd019011Alpha01', 'R5BiankaMd019011Hat', 'R5BiankaMd010011FaceEX']	
30055	BoardAct0201	R5BiankaMd019011	['R5BiankaMd019011Alpha01', 'R5BiankaMd019011Hat', 'R5BiankaMd010011FaceEX']	
40055	BoardAct0202	R5BiankaMd019011	['R5BiankaMd019011Alpha01', 'R5BiankaMd019011Hat', 'R5BiankaMd010011FaceEX']	
50055	BoardAct0203	R5BiankaMd019011	['R5BiankaMd019011Alpha01', 'R5BiankaMd019011Hat', 'R5BiankaMd010011FaceEX']	
60055	BoardAct1001	R5BiankaMd019011	['R5BiankaMd019011Alpha01', 'R5BiankaMd019011Hat', 'R5BiankaMd010011FaceEX']	
70055	BoardAct1002	R5BiankaMd019011	['R5BiankaMd019011Alpha01', 'R5BiankaMd019011Hat', 'R5BiankaMd010011FaceEX']	
80055	BoardAct1003	R5BiankaMd019011	['R5BiankaMd019011Alpha01', 'R5BiankaMd019011Hat', 'R5BiankaMd010011FaceEX']	
90055	BoardAct1004	R5BiankaMd019011	['R5BiankaMd019011Alpha01', 'R5BiankaMd019011Hat', 'R5BiankaMd010011FaceEX']	
100055	BoardAct1005	R5BiankaMd019011	['R5BiankaMd019011Alpha01', 'R5BiankaMd019011Hat', 'R5BiankaMd010011FaceEX']	
110055	BoardAct1006	R5BiankaMd019011	['R5BiankaMd019011Alpha01', 'R5BiankaMd019011Hat', 'R5BiankaMd010011FaceEX']	
120055	BoardAct1007	R5BiankaMd019011	['R5BiankaMd019011Alpha01', 'R5BiankaMd019011Hat', 'R5BiankaMd010011FaceEX']	
20055	StandAct0101	R5BiankaMd019011	['R5BiankaMd019011Alpha01', 'R5BiankaMd019011Hat', 'R5BiankaMd010011FaceEX']	
140054	BoardAct0204	R5SailinnaMd019371	['R5SailinnaMd019371Alpha03EX', 'R5SailinnaMd019371Alpha05EX', 'R5SailinnaMd019371Alpha06EX', 'R5SailinnaMd019371Alpha08EX', 'R5SailinnaMd019371Alpha09EX', 'R5SailinnaMd019371Hair01eff', 'R5SailinnaMd019371Hair02eff', 'R5SailinnaMd019371BodyEX']	
150054	BoardAct0205	R5SailinnaMd019371	['R5SailinnaMd019371Alpha03EX', 'R5SailinnaMd019371Alpha05EX', 'R5SailinnaMd019371Alpha06EX', 'R5SailinnaMd019371Alpha08EX', 'R5SailinnaMd019371Alpha09EX', 'R5SailinnaMd019371Hair01eff', 'R5SailinnaMd019371Hair02eff', 'R5SailinnaMd019371BodyEX']	
30056	BoardAct0201	R2XiezouMd010011	['R2XiezouMd010021Mask', 'R2XiezouMd010021Grille']	
40056	BoardAct0202	R2XiezouMd010011	['R2XiezouMd010021Mask', 'R2XiezouMd010021Grille']	
50056	BoardAct0203	R2XiezouMd010011	['R2XiezouMd010021Mask', 'R2XiezouMd010021Grille']	
60056	BoardAct1001	R2XiezouMd010011	['R2XiezouMd010021Mask', 'R2XiezouMd010021Grille']	
70056	BoardAct1002	R2XiezouMd010011	['R2XiezouMd010021Mask', 'R2XiezouMd010021Grille']	
90056	BoardAct1004	R2XiezouMd010011	['R2XiezouMd010021Mask', 'R2XiezouMd010021Grille']	
110056	BoardAct1006	R2XiezouMd010011	['R2XiezouMd010021Mask', 'R2XiezouMd010021Grille']	
120056	BoardAct1007	R2XiezouMd010011	['R2XiezouMd010021Mask', 'R2XiezouMd010021Grille']	
20056	StandAct0101	R2XiezouMd010011	['R2XiezouMd010021Mask', 'R2XiezouMd010021Grille']	
30057	BoardAct0201	R2XiezouMd010021	['R2XiezouMd010021Mask', 'R2XiezouMd010021Grille']	
40057	BoardAct0202	R2XiezouMd010021	['R2XiezouMd010021Mask', 'R2XiezouMd010021Grille']	
50057	BoardAct0203	R2XiezouMd010021	['R2XiezouMd010021Mask', 'R2XiezouMd010021Grille']	
60057	BoardAct1001	R2XiezouMd010021	['R2XiezouMd010021Mask', 'R2XiezouMd010021Grille']	
70057	BoardAct1002	R2XiezouMd010021	['R2XiezouMd010021Mask', 'R2XiezouMd010021Grille']	
90057	BoardAct1004	R2XiezouMd010021	['R2XiezouMd010021Mask', 'R2XiezouMd010021Grille']	
110057	BoardAct1006	R2XiezouMd010021	['R2XiezouMd010021Mask', 'R2XiezouMd010021Grille']	
120057	BoardAct1007	R2XiezouMd010021	['R2XiezouMd010021Mask', 'R2XiezouMd010021Grille']	
20057	StandAct0101	R2XiezouMd010021	['R2XiezouMd010021Mask', 'R2XiezouMd010021Grille']	
30058	BoardAct0201	R2XiezouMd010031	['R2XiezouMd010021Mask', 'R2XiezouMd010021Grille']	
40058	BoardAct0202	R2XiezouMd010031	['R2XiezouMd010021Mask', 'R2XiezouMd010021Grille']	
50058	BoardAct0203	R2XiezouMd010031	['R2XiezouMd010021Mask', 'R2XiezouMd010021Grille']	
60058	BoardAct1001	R2XiezouMd010031	['R2XiezouMd010021Mask', 'R2XiezouMd010021Grille']	
70058	BoardAct1002	R2XiezouMd010031	['R2XiezouMd010021Mask', 'R2XiezouMd010021Grille']	
90058	BoardAct1004	R2XiezouMd010031	['R2XiezouMd010021Mask', 'R2XiezouMd010021Grille']	
110058	BoardAct1006	R2XiezouMd010031	['R2XiezouMd010021Mask', 'R2XiezouMd010021Grille']	
120058	BoardAct1007	R2XiezouMd010031	['R2XiezouMd010021Mask', 'R2XiezouMd010021Grille']	
20058	StandAct0101	R2XiezouMd010031	['R2XiezouMd010021Mask', 'R2XiezouMd010021Grille']	
30059	BoardAct0201	R2XiezouMd019011	['R2XiezouMd019011Mask']	
40059	BoardAct0202	R2XiezouMd019011	['R2XiezouMd019011Mask']	
50059	BoardAct0203	R2XiezouMd019011	['R2XiezouMd019011Mask']	
60059	BoardAct1001	R2XiezouMd019011	['R2XiezouMd019011Mask']	
70059	BoardAct1002	R2XiezouMd019011	['R2XiezouMd019011Mask']	
90059	BoardAct1004	R2XiezouMd019011	['R2XiezouMd019011Mask']	
110059	BoardAct1006	R2XiezouMd019011	['R2XiezouMd019011Mask']	
120059	BoardAct1007	R2XiezouMd019011	['R2XiezouMd019011Mask']	
20059	StandAct0101	R2XiezouMd019011	['R2XiezouMd019011Mask']	
10060	UiStand1	R3WeiluonikaMd019011	['R3WeiluonikaMd019011Wing', 'R3WeiluonikaMd019011WingAlpha']	
10061	UiStand1	R5LifuMd010011	['R5LifuMd010011Alpha04', 'R5LifuMd010011Alpha02EX', 'R5LifuMd010011Body02', 'R5LifuMd010011Effect01', 'R5LifuMd010011Effect02', 'R5LifuMd010011Effect03', 'R5LifuMd010011Effect04', 'R5LifuMd010011Hair01EX', 'R5LifuMd010011Hair02EX']	
30061	BoardAct0201	R5LifuMd010011	['R5LifuMd010011Alpha04', 'R5LifuMd010011Alpha02EX', 'R5LifuMd010011Body02', 'R5LifuMd010011Effect01', 'R5LifuMd010011Effect02', 'R5LifuMd010011Effect03', 'R5LifuMd010011Effect04', 'R5LifuMd010011Hair01EX', 'R5LifuMd010011Hair02EX']	
40061	BoardAct0202	R5LifuMd010011	['R5LifuMd010011Alpha04', 'R5LifuMd010011Alpha02EX', 'R5LifuMd010011Body02', 'R5LifuMd010011Effect01', 'R5LifuMd010011Effect02', 'R5LifuMd010011Effect03', 'R5LifuMd010011Effect04', 'R5LifuMd010011Hair01EX', 'R5LifuMd010011Hair02EX']	
50061	BoardAct0203	R5LifuMd010011	['R5LifuMd010011Alpha04', 'R5LifuMd010011Alpha02EX', 'R5LifuMd010011Body02', 'R5LifuMd010011Effect01', 'R5LifuMd010011Effect02', 'R5LifuMd010011Effect03', 'R5LifuMd010011Effect04', 'R5LifuMd010011Hair01EX', 'R5LifuMd010011Hair02EX']	
60061	BoardAct1001	R5LifuMd010011	['R5LifuMd010011Alpha04', 'R5LifuMd010011Alpha02EX', 'R5LifuMd010011Body02', 'R5LifuMd010011Effect01', 'R5LifuMd010011Effect02', 'R5LifuMd010011Effect03', 'R5LifuMd010011Effect04', 'R5LifuMd010011Hair01EX', 'R5LifuMd010011Hair02EX']	
70061	BoardAct1002	R5LifuMd010011	['R5LifuMd010011Alpha04', 'R5LifuMd010011Alpha02EX', 'R5LifuMd010011Body02', 'R5LifuMd010011Effect01', 'R5LifuMd010011Effect02', 'R5LifuMd010011Effect03', 'R5LifuMd010011Effect04', 'R5LifuMd010011Hair01EX', 'R5LifuMd010011Hair02EX']	
80061	BoardAct1003	R5LifuMd010011	['R5LifuMd010011Alpha04', 'R5LifuMd010011Alpha02EX', 'R5LifuMd010011Body02', 'R5LifuMd010011Effect01', 'R5LifuMd010011Effect02', 'R5LifuMd010011Effect03', 'R5LifuMd010011Effect04', 'R5LifuMd010011Hair01EX', 'R5LifuMd010011Hair02EX']	
90061	BoardAct1004	R5LifuMd010011	['R5LifuMd010011Alpha04', 'R5LifuMd010011Alpha02EX', 'R5LifuMd010011Body02', 'R5LifuMd010011Effect01', 'R5LifuMd010011Effect02', 'R5LifuMd010011Effect03', 'R5LifuMd010011Effect04', 'R5LifuMd010011Hair01EX', 'R5LifuMd010011Hair02EX']	
100061	BoardAct1005	R5LifuMd010011	['R5LifuMd010011Alpha04', 'R5LifuMd010011Alpha02EX', 'R5LifuMd010011Body02', 'R5LifuMd010011Effect01', 'R5LifuMd010011Effect02', 'R5LifuMd010011Effect03', 'R5LifuMd010011Effect04', 'R5LifuMd010011Hair01EX', 'R5LifuMd010011Hair02EX']	
110061	BoardAct1006	R5LifuMd010011	['R5LifuMd010011Alpha04', 'R5LifuMd010011Alpha02EX', 'R5LifuMd010011Body02', 'R5LifuMd010011Effect01', 'R5LifuMd010011Effect02', 'R5LifuMd010011Effect03', 'R5LifuMd010011Effect04', 'R5LifuMd010011Hair01EX', 'R5LifuMd010011Hair02EX']	
120061	BoardAct1007	R5LifuMd010011	['R5LifuMd010011Alpha04', 'R5LifuMd010011Alpha02EX', 'R5LifuMd010011Body02', 'R5LifuMd010011Effect01', 'R5LifuMd010011Effect02', 'R5LifuMd010011Effect03', 'R5LifuMd010011Effect04', 'R5LifuMd010011Hair01EX', 'R5LifuMd010011Hair02EX']	
20061	StandAct0101	R5LifuMd010011	['R5LifuMd010011Alpha04', 'R5LifuMd010011Alpha02EX', 'R5LifuMd010011Body02', 'R5LifuMd010011Effect01', 'R5LifuMd010011Effect02', 'R5LifuMd010011Effect03', 'R5LifuMd010011Effect04', 'R5LifuMd010011Hair01EX', 'R5LifuMd010011Hair02EX']	
10062	UiStand1	R5LifuMd010021	['R5LifuMd010011Alpha04', 'R5LifuMd010011Alpha02EX', 'R5LifuMd010011Body02', 'R5LifuMd010011Effect01', 'R5LifuMd010011Effect02', 'R5LifuMd010011Effect03', 'R5LifuMd010011Effect04', 'R5LifuMd010011Hair01EX', 'R5LifuMd010011Hair02EX']	
30062	BoardAct0201	R5LifuMd010021	['R5LifuMd010011Alpha04', 'R5LifuMd010011Alpha02EX', 'R5LifuMd010011Body02', 'R5LifuMd010011Effect01', 'R5LifuMd010011Effect02', 'R5LifuMd010011Effect03', 'R5LifuMd010011Effect04', 'R5LifuMd010011Hair01EX', 'R5LifuMd010011Hair02EX']	
40062	BoardAct0202	R5LifuMd010021	['R5LifuMd010011Alpha04', 'R5LifuMd010011Alpha02EX', 'R5LifuMd010011Body02', 'R5LifuMd010011Effect01', 'R5LifuMd010011Effect02', 'R5LifuMd010011Effect03', 'R5LifuMd010011Effect04', 'R5LifuMd010011Hair01EX', 'R5LifuMd010011Hair02EX']	
50062	BoardAct0203	R5LifuMd010021	['R5LifuMd010011Alpha04', 'R5LifuMd010011Alpha02EX', 'R5LifuMd010011Body02', 'R5LifuMd010011Effect01', 'R5LifuMd010011Effect02', 'R5LifuMd010011Effect03', 'R5LifuMd010011Effect04', 'R5LifuMd010011Hair01EX', 'R5LifuMd010011Hair02EX']	
60062	BoardAct1001	R5LifuMd010021	['R5LifuMd010011Alpha04', 'R5LifuMd010011Alpha02EX', 'R5LifuMd010011Body02', 'R5LifuMd010011Effect01', 'R5LifuMd010011Effect02', 'R5LifuMd010011Effect03', 'R5LifuMd010011Effect04', 'R5LifuMd010011Hair01EX', 'R5LifuMd010011Hair02EX']	
70062	BoardAct1002	R5LifuMd010021	['R5LifuMd010011Alpha04', 'R5LifuMd010011Alpha02EX', 'R5LifuMd010011Body02', 'R5LifuMd010011Effect01', 'R5LifuMd010011Effect02', 'R5LifuMd010011Effect03', 'R5LifuMd010011Effect04', 'R5LifuMd010011Hair01EX', 'R5LifuMd010011Hair02EX']	
80062	BoardAct1003	R5LifuMd010021	['R5LifuMd010011Alpha04', 'R5LifuMd010011Alpha02EX', 'R5LifuMd010011Body02', 'R5LifuMd010011Effect01', 'R5LifuMd010011Effect02', 'R5LifuMd010011Effect03', 'R5LifuMd010011Effect04', 'R5LifuMd010011Hair01EX', 'R5LifuMd010011Hair02EX']	
90062	BoardAct1004	R5LifuMd010021	['R5LifuMd010011Alpha04', 'R5LifuMd010011Alpha02EX', 'R5LifuMd010011Body02', 'R5LifuMd010011Effect01', 'R5LifuMd010011Effect02', 'R5LifuMd010011Effect03', 'R5LifuMd010011Effect04', 'R5LifuMd010011Hair01EX', 'R5LifuMd010011Hair02EX']	
100062	BoardAct1005	R5LifuMd010021	['R5LifuMd010011Alpha04', 'R5LifuMd010011Alpha02EX', 'R5LifuMd010011Body02', 'R5LifuMd010011Effect01', 'R5LifuMd010011Effect02', 'R5LifuMd010011Effect03', 'R5LifuMd010011Effect04', 'R5LifuMd010011Hair01EX', 'R5LifuMd010011Hair02EX']	
110062	BoardAct1006	R5LifuMd010021	['R5LifuMd010011Alpha04', 'R5LifuMd010011Alpha02EX', 'R5LifuMd010011Body02', 'R5LifuMd010011Effect01', 'R5LifuMd010011Effect02', 'R5LifuMd010011Effect03', 'R5LifuMd010011Effect04', 'R5LifuMd010011Hair01EX', 'R5LifuMd010011Hair02EX']	
120062	BoardAct1007	R5LifuMd010021	['R5LifuMd010011Alpha04', 'R5LifuMd010011Alpha02EX', 'R5LifuMd010011Body02', 'R5LifuMd010011Effect01', 'R5LifuMd010011Effect02', 'R5LifuMd010011Effect03', 'R5LifuMd010011Effect04', 'R5LifuMd010011Hair01EX', 'R5LifuMd010011Hair02EX']	
20062	StandAct0101	R5LifuMd010021	['R5LifuMd010011Alpha04', 'R5LifuMd010011Alpha02EX', 'R5LifuMd010011Body02', 'R5LifuMd010011Effect01', 'R5LifuMd010011Effect02', 'R5LifuMd010011Effect03', 'R5LifuMd010011Effect04', 'R5LifuMd010011Hair01EX', 'R5LifuMd010011Hair02EX']	
10063	UiStand1	R5LifuMd010031	['R5LifuMd010011Alpha04', 'R5LifuMd010011Alpha02EX', 'R5LifuMd010031Body02', 'R5LifuMd010011Effect01', 'R5LifuMd010011Effect02', 'R5LifuMd010011Effect03', 'R5LifuMd010011Effect04', 'R5LifuMd010011Hair01EX', 'R5LifuMd010011Hair02EX']	
30063	BoardAct0201	R5LifuMd010031	['R5LifuMd010011Alpha04', 'R5LifuMd010011Alpha02EX', 'R5LifuMd010031Body02', 'R5LifuMd010011Effect01', 'R5LifuMd010011Effect02', 'R5LifuMd010011Effect03', 'R5LifuMd010011Effect04', 'R5LifuMd010011Hair01EX', 'R5LifuMd010011Hair02EX']	
40063	BoardAct0202	R5LifuMd010031	['R5LifuMd010011Alpha04', 'R5LifuMd010011Alpha02EX', 'R5LifuMd010031Body02', 'R5LifuMd010011Effect01', 'R5LifuMd010011Effect02', 'R5LifuMd010011Effect03', 'R5LifuMd010011Effect04', 'R5LifuMd010011Hair01EX', 'R5LifuMd010011Hair02EX']	
50063	BoardAct0203	R5LifuMd010031	['R5LifuMd010011Alpha04', 'R5LifuMd010011Alpha02EX', 'R5LifuMd010031Body02', 'R5LifuMd010011Effect01', 'R5LifuMd010011Effect02', 'R5LifuMd010011Effect03', 'R5LifuMd010011Effect04', 'R5LifuMd010011Hair01EX', 'R5LifuMd010011Hair02EX']	
60063	BoardAct1001	R5LifuMd010031	['R5LifuMd010011Alpha04', 'R5LifuMd010011Alpha02EX', 'R5LifuMd010031Body02', 'R5LifuMd010011Effect01', 'R5LifuMd010011Effect02', 'R5LifuMd010011Effect03', 'R5LifuMd010011Effect04', 'R5LifuMd010011Hair01EX', 'R5LifuMd010011Hair02EX']	
70063	BoardAct1002	R5LifuMd010031	['R5LifuMd010011Alpha04', 'R5LifuMd010011Alpha02EX', 'R5LifuMd010031Body02', 'R5LifuMd010011Effect01', 'R5LifuMd010011Effect02', 'R5LifuMd010011Effect03', 'R5LifuMd010011Effect04', 'R5LifuMd010011Hair01EX', 'R5LifuMd010011Hair02EX']	
80063	BoardAct1003	R5LifuMd010031	['R5LifuMd010011Alpha04', 'R5LifuMd010011Alpha02EX', 'R5LifuMd010031Body02', 'R5LifuMd010011Effect01', 'R5LifuMd010011Effect02', 'R5LifuMd010011Effect03', 'R5LifuMd010011Effect04', 'R5LifuMd010011Hair01EX', 'R5LifuMd010011Hair02EX']	
90063	BoardAct1004	R5LifuMd010031	['R5LifuMd010011Alpha04', 'R5LifuMd010011Alpha02EX', 'R5LifuMd010031Body02', 'R5LifuMd010011Effect01', 'R5LifuMd010011Effect02', 'R5LifuMd010011Effect03', 'R5LifuMd010011Effect04', 'R5LifuMd010011Hair01EX', 'R5LifuMd010011Hair02EX']	
100063	BoardAct1005	R5LifuMd010031	['R5LifuMd010011Alpha04', 'R5LifuMd010011Alpha02EX', 'R5LifuMd010031Body02', 'R5LifuMd010011Effect01', 'R5LifuMd010011Effect02', 'R5LifuMd010011Effect03', 'R5LifuMd010011Effect04', 'R5LifuMd010011Hair01EX', 'R5LifuMd010011Hair02EX']	
110063	BoardAct1006	R5LifuMd010031	['R5LifuMd010011Alpha04', 'R5LifuMd010011Alpha02EX', 'R5LifuMd010031Body02', 'R5LifuMd010011Effect01', 'R5LifuMd010011Effect02', 'R5LifuMd010011Effect03', 'R5LifuMd010011Effect04', 'R5LifuMd010011Hair01EX', 'R5LifuMd010011Hair02EX']	
120063	BoardAct1007	R5LifuMd010031	['R5LifuMd010011Alpha04', 'R5LifuMd010011Alpha02EX', 'R5LifuMd010031Body02', 'R5LifuMd010011Effect01', 'R5LifuMd010011Effect02', 'R5LifuMd010011Effect03', 'R5LifuMd010011Effect04', 'R5LifuMd010011Hair01EX', 'R5LifuMd010011Hair02EX']	
20063	StandAct0101	R5LifuMd010031	['R5LifuMd010011Alpha04', 'R5LifuMd010011Alpha02EX', 'R5LifuMd010031Body02', 'R5LifuMd010011Effect01', 'R5LifuMd010011Effect02', 'R5LifuMd010011Effect03', 'R5LifuMd010011Effect04', 'R5LifuMd010011Hair01EX', 'R5LifuMd010011Hair02EX']	
10064	UiStand1	R3CibeizheMd019231	['R3CibeizheMd019231Alpha01EX', 'R3CibeizheMd019231Alpha01EX_1', 'R3CibeizheMd019231Alpha02EX', 'R3CibeizheMd019231Alpha02EX_1', 'R3CibeizheMd019231Alpha03EX', 'R3CibeizheMd019231Alpha03EX_1', 'R3CibeizheMd019231AlphaEX', 'R3CibeizheMd019231AlphaEX_1', 'R3CibeizheMd019231BodyEX', 'R3CibeizheMd019231ClothEX', 'R3CibeizheMd019231MetalEX', 'R3CibeizheMd019231DownEX', 'R3CibeizheMd019231CrystalEX']	
30064	BoardAct0201	R3CibeizheMd019231	['R3CibeizheMd019231Alpha01EX', 'R3CibeizheMd019231Alpha01EX_1', 'R3CibeizheMd019231Alpha02EX', 'R3CibeizheMd019231Alpha02EX_1', 'R3CibeizheMd019231Alpha03EX', 'R3CibeizheMd019231Alpha03EX_1', 'R3CibeizheMd019231AlphaEX', 'R3CibeizheMd019231AlphaEX_1', 'R3CibeizheMd019231BodyEX', 'R3CibeizheMd019231ClothEX', 'R3CibeizheMd019231MetalEX', 'R3CibeizheMd019231DownEX', 'R3CibeizheMd019231CrystalEX']	
40064	BoardAct0202	R3CibeizheMd019231	['R3CibeizheMd019231Alpha01EX', 'R3CibeizheMd019231Alpha01EX_1', 'R3CibeizheMd019231Alpha02EX', 'R3CibeizheMd019231Alpha02EX_1', 'R3CibeizheMd019231Alpha03EX', 'R3CibeizheMd019231Alpha03EX_1', 'R3CibeizheMd019231AlphaEX', 'R3CibeizheMd019231AlphaEX_1', 'R3CibeizheMd019231BodyEX', 'R3CibeizheMd019231ClothEX', 'R3CibeizheMd019231MetalEX', 'R3CibeizheMd019231DownEX', 'R3CibeizheMd019231CrystalEX']	
50064	BoardAct0203	R3CibeizheMd019231	['R3CibeizheMd019231Alpha01EX', 'R3CibeizheMd019231Alpha01EX_1', 'R3CibeizheMd019231Alpha02EX', 'R3CibeizheMd019231Alpha02EX_1', 'R3CibeizheMd019231Alpha03EX', 'R3CibeizheMd019231Alpha03EX_1', 'R3CibeizheMd019231AlphaEX', 'R3CibeizheMd019231AlphaEX_1', 'R3CibeizheMd019231BodyEX', 'R3CibeizheMd019231ClothEX', 'R3CibeizheMd019231MetalEX', 'R3CibeizheMd019231DownEX', 'R3CibeizheMd019231CrystalEX']	
60064	BoardAct1001	R3CibeizheMd019231	['R3CibeizheMd019231Alpha01EX', 'R3CibeizheMd019231Alpha01EX_1', 'R3CibeizheMd019231Alpha02EX', 'R3CibeizheMd019231Alpha02EX_1', 'R3CibeizheMd019231Alpha03EX', 'R3CibeizheMd019231Alpha03EX_1', 'R3CibeizheMd019231AlphaEX', 'R3CibeizheMd019231AlphaEX_1', 'R3CibeizheMd019231BodyEX', 'R3CibeizheMd019231ClothEX', 'R3CibeizheMd019231MetalEX', 'R3CibeizheMd019231DownEX', 'R3CibeizheMd019231CrystalEX']	
70064	BoardAct1002	R3CibeizheMd019231	['R3CibeizheMd019231Alpha01EX', 'R3CibeizheMd019231Alpha01EX_1', 'R3CibeizheMd019231Alpha02EX', 'R3CibeizheMd019231Alpha02EX_1', 'R3CibeizheMd019231Alpha03EX', 'R3CibeizheMd019231Alpha03EX_1', 'R3CibeizheMd019231AlphaEX', 'R3CibeizheMd019231AlphaEX_1', 'R3CibeizheMd019231BodyEX', 'R3CibeizheMd019231ClothEX', 'R3CibeizheMd019231MetalEX', 'R3CibeizheMd019231DownEX', 'R3CibeizheMd019231CrystalEX']	
80064	BoardAct1003	R3CibeizheMd019231	['R3CibeizheMd019231Alpha01EX', 'R3CibeizheMd019231Alpha01EX_1', 'R3CibeizheMd019231Alpha02EX', 'R3CibeizheMd019231Alpha02EX_1', 'R3CibeizheMd019231Alpha03EX', 'R3CibeizheMd019231Alpha03EX_1', 'R3CibeizheMd019231AlphaEX', 'R3CibeizheMd019231AlphaEX_1', 'R3CibeizheMd019231BodyEX', 'R3CibeizheMd019231ClothEX', 'R3CibeizheMd019231MetalEX', 'R3CibeizheMd019231DownEX', 'R3CibeizheMd019231CrystalEX']	
90064	BoardAct1004	R3CibeizheMd019231	['R3CibeizheMd019231Alpha01EX', 'R3CibeizheMd019231Alpha01EX_1', 'R3CibeizheMd019231Alpha02EX', 'R3CibeizheMd019231Alpha02EX_1', 'R3CibeizheMd019231Alpha03EX', 'R3CibeizheMd019231Alpha03EX_1', 'R3CibeizheMd019231AlphaEX', 'R3CibeizheMd019231AlphaEX_1', 'R3CibeizheMd019231BodyEX', 'R3CibeizheMd019231ClothEX', 'R3CibeizheMd019231MetalEX', 'R3CibeizheMd019231DownEX', 'R3CibeizheMd019231CrystalEX']	
100064	BoardAct1005	R3CibeizheMd019231	['R3CibeizheMd019231Alpha01EX', 'R3CibeizheMd019231Alpha01EX_1', 'R3CibeizheMd019231Alpha02EX', 'R3CibeizheMd019231Alpha02EX_1', 'R3CibeizheMd019231Alpha03EX', 'R3CibeizheMd019231Alpha03EX_1', 'R3CibeizheMd019231AlphaEX', 'R3CibeizheMd019231AlphaEX_1', 'R3CibeizheMd019231BodyEX', 'R3CibeizheMd019231ClothEX', 'R3CibeizheMd019231MetalEX', 'R3CibeizheMd019231DownEX', 'R3CibeizheMd019231CrystalEX']	
110064	BoardAct1006	R3CibeizheMd019231	['R3CibeizheMd019231Alpha01EX', 'R3CibeizheMd019231Alpha01EX_1', 'R3CibeizheMd019231Alpha02EX', 'R3CibeizheMd019231Alpha02EX_1', 'R3CibeizheMd019231Alpha03EX', 'R3CibeizheMd019231Alpha03EX_1', 'R3CibeizheMd019231AlphaEX', 'R3CibeizheMd019231AlphaEX_1', 'R3CibeizheMd019231BodyEX', 'R3CibeizheMd019231ClothEX', 'R3CibeizheMd019231MetalEX', 'R3CibeizheMd019231DownEX', 'R3CibeizheMd019231CrystalEX']	
120064	BoardAct1007	R3CibeizheMd019231	['R3CibeizheMd019231Alpha01EX', 'R3CibeizheMd019231Alpha01EX_1', 'R3CibeizheMd019231Alpha02EX', 'R3CibeizheMd019231Alpha02EX_1', 'R3CibeizheMd019231Alpha03EX', 'R3CibeizheMd019231Alpha03EX_1', 'R3CibeizheMd019231AlphaEX', 'R3CibeizheMd019231AlphaEX_1', 'R3CibeizheMd019231BodyEX', 'R3CibeizheMd019231ClothEX', 'R3CibeizheMd019231MetalEX', 'R3CibeizheMd019231DownEX', 'R3CibeizheMd019231CrystalEX']	
20064	StandAct0101	R3CibeizheMd019231	['R3CibeizheMd019231Alpha01EX', 'R3CibeizheMd019231Alpha01EX_1', 'R3CibeizheMd019231Alpha02EX', 'R3CibeizheMd019231Alpha02EX_1', 'R3CibeizheMd019231Alpha03EX', 'R3CibeizheMd019231Alpha03EX_1', 'R3CibeizheMd019231AlphaEX', 'R3CibeizheMd019231AlphaEX_1', 'R3CibeizheMd019231BodyEX', 'R3CibeizheMd019231ClothEX', 'R3CibeizheMd019231MetalEX', 'R3CibeizheMd019231DownEX', 'R3CibeizheMd019231CrystalEX']	
10065	UiStand1	R5LifuMd019011	['R5LifuMd019011BodyEX', 'R5LifuMd019011BodyEX02', 'R5LifuMd019011BodyEX03', 'R5LifuMd019011BodyEX04', 'R5LifuMd019011Hair01EX', 'R5LifuMd019011Hair02EX', 'R5LifuMd019011Alpha05', 'R5LifuMd019011Alpha09']	
30065	BoardAct0201	R5LifuMd019011	['R5LifuMd019011BodyEX', 'R5LifuMd019011BodyEX02', 'R5LifuMd019011BodyEX03', 'R5LifuMd019011BodyEX04', 'R5LifuMd019011Hair01EX', 'R5LifuMd019011Hair02EX', 'R5LifuMd019011Alpha05', 'R5LifuMd019011Alpha09']	
40065	BoardAct0202	R5LifuMd019011	['R5LifuMd019011BodyEX', 'R5LifuMd019011BodyEX02', 'R5LifuMd019011BodyEX03', 'R5LifuMd019011BodyEX04', 'R5LifuMd019011Hair01EX', 'R5LifuMd019011Hair02EX', 'R5LifuMd019011Alpha05', 'R5LifuMd019011Alpha09']	
50065	BoardAct0203	R5LifuMd019011	['R5LifuMd019011BodyEX', 'R5LifuMd019011BodyEX02', 'R5LifuMd019011BodyEX03', 'R5LifuMd019011BodyEX04', 'R5LifuMd019011Hair01EX', 'R5LifuMd019011Hair02EX', 'R5LifuMd019011Alpha05', 'R5LifuMd019011Alpha09']	
60065	BoardAct1001	R5LifuMd019011	['R5LifuMd019011BodyEX', 'R5LifuMd019011BodyEX02', 'R5LifuMd019011BodyEX03', 'R5LifuMd019011BodyEX04', 'R5LifuMd019011Hair01EX', 'R5LifuMd019011Hair02EX', 'R5LifuMd019011Alpha05', 'R5LifuMd019011Alpha09']	
70065	BoardAct1002	R5LifuMd019011	['R5LifuMd019011BodyEX', 'R5LifuMd019011BodyEX02', 'R5LifuMd019011BodyEX03', 'R5LifuMd019011BodyEX04', 'R5LifuMd019011Hair01EX', 'R5LifuMd019011Hair02EX', 'R5LifuMd019011Alpha05', 'R5LifuMd019011Alpha09']	
80065	BoardAct1003	R5LifuMd019011	['R5LifuMd019011BodyEX', 'R5LifuMd019011BodyEX02', 'R5LifuMd019011BodyEX03', 'R5LifuMd019011BodyEX04', 'R5LifuMd019011Hair01EX', 'R5LifuMd019011Hair02EX', 'R5LifuMd019011Alpha05', 'R5LifuMd019011Alpha09']	
90065	BoardAct1004	R5LifuMd019011	['R5LifuMd019011BodyEX', 'R5LifuMd019011BodyEX02', 'R5LifuMd019011BodyEX03', 'R5LifuMd019011BodyEX04', 'R5LifuMd019011Hair01EX', 'R5LifuMd019011Hair02EX', 'R5LifuMd019011Alpha05', 'R5LifuMd019011Alpha09']	
100065	BoardAct1005	R5LifuMd019011	['R5LifuMd019011BodyEX', 'R5LifuMd019011BodyEX02', 'R5LifuMd019011BodyEX03', 'R5LifuMd019011BodyEX04', 'R5LifuMd019011Hair01EX', 'R5LifuMd019011Hair02EX', 'R5LifuMd019011Alpha05', 'R5LifuMd019011Alpha09']	
110065	BoardAct1006	R5LifuMd019011	['R5LifuMd019011BodyEX', 'R5LifuMd019011BodyEX02', 'R5LifuMd019011BodyEX03', 'R5LifuMd019011BodyEX04', 'R5LifuMd019011Hair01EX', 'R5LifuMd019011Hair02EX', 'R5LifuMd019011Alpha05', 'R5LifuMd019011Alpha09']	
120065	BoardAct1007	R5LifuMd019011	['R5LifuMd019011BodyEX', 'R5LifuMd019011BodyEX02', 'R5LifuMd019011BodyEX03', 'R5LifuMd019011BodyEX04', 'R5LifuMd019011Hair01EX', 'R5LifuMd019011Hair02EX', 'R5LifuMd019011Alpha05', 'R5LifuMd019011Alpha09']	
20065	StandAct0101	R5LifuMd019011	['R5LifuMd019011BodyEX', 'R5LifuMd019011BodyEX02', 'R5LifuMd019011BodyEX03', 'R5LifuMd019011BodyEX04', 'R5LifuMd019011Hair01EX', 'R5LifuMd019011Hair02EX', 'R5LifuMd019011Alpha05', 'R5LifuMd019011Alpha09']	
140064	BoardAct0204	R3CibeizheMd019231	['R3CibeizheMd019231Alpha01EX', 'R3CibeizheMd019231Alpha01EX_1', 'R3CibeizheMd019231Alpha02EX', 'R3CibeizheMd019231Alpha02EX_1', 'R3CibeizheMd019231Alpha03EX', 'R3CibeizheMd019231Alpha03EX_1', 'R3CibeizheMd019231AlphaEX', 'R3CibeizheMd019231AlphaEX_1', 'R3CibeizheMd019231BodyEX', 'R3CibeizheMd019231ClothEX', 'R3CibeizheMd019231MetalEX', 'R3CibeizheMd019231DownEX', 'R3CibeizheMd019231CrystalEX']	
30066	BoardAct0201	R3BuouxiongMd010011	['R3BuouxiongMd010011Goggles']	
40066	BoardAct0202	R3BuouxiongMd010011	['R3BuouxiongMd010011Goggles']	
50066	BoardAct0203	R3BuouxiongMd010011	['R3BuouxiongMd010011Goggles']	
60066	BoardAct1001	R3BuouxiongMd010011	['R3BuouxiongMd010011Goggles']	
70066	BoardAct1002	R3BuouxiongMd010011	['R3BuouxiongMd010011Goggles']	
80066	BoardAct1003	R3BuouxiongMd010011	['R3BuouxiongMd010011Goggles']	
90066	BoardAct1004	R3BuouxiongMd010011	['R3BuouxiongMd010011Goggles']	
100066	BoardAct1005	R3BuouxiongMd010011	['R3BuouxiongMd010011Goggles']	
110066	BoardAct1006	R3BuouxiongMd010011	['R3BuouxiongMd010011Goggles']	
120066	BoardAct1007	R3BuouxiongMd010011	['R3BuouxiongMd010011Goggles']	
10066	UiStand1	R3BuouxiongMd010011	['R3BuouxiongMd010011Down02']	
20066	StandAct0101	R3BuouxiongMd010011	['R3BuouxiongMd010011Goggles']	
10067	UiStand1	R3BuouxiongMd019011	['R3BuouxiongMd019011Down02']	
30068	BoardAct0201	R3BuouxiongMd010021	['R3BuouxiongMd010011Goggles']	
40068	BoardAct0202	R3BuouxiongMd010021	['R3BuouxiongMd010011Goggles']	
50068	BoardAct0203	R3BuouxiongMd010021	['R3BuouxiongMd010011Goggles']	
60068	BoardAct1001	R3BuouxiongMd010021	['R3BuouxiongMd010011Goggles']	
70068	BoardAct1002	R3BuouxiongMd010021	['R3BuouxiongMd010011Goggles']	
80068	BoardAct1003	R3BuouxiongMd010021	['R3BuouxiongMd010011Goggles']	
90068	BoardAct1004	R3BuouxiongMd010021	['R3BuouxiongMd010011Goggles']	
100068	BoardAct1005	R3BuouxiongMd010021	['R3BuouxiongMd010011Goggles']	
110068	BoardAct1006	R3BuouxiongMd010021	['R3BuouxiongMd010011Goggles']	
120068	BoardAct1007	R3BuouxiongMd010021	['R3BuouxiongMd010011Goggles']	
10068	UiStand1	R3BuouxiongMd010021	['R3BuouxiongMd010011Down02']	
30069	BoardAct0201	R3BuouxiongMd010031	['R3BuouxiongMd010011Goggles']	
40069	BoardAct0202	R3BuouxiongMd010031	['R3BuouxiongMd010011Goggles']	
50069	BoardAct0203	R3BuouxiongMd010031	['R3BuouxiongMd010011Goggles']	
60069	BoardAct1001	R3BuouxiongMd010031	['R3BuouxiongMd010011Goggles']	
70069	BoardAct1002	R3BuouxiongMd010031	['R3BuouxiongMd010011Goggles']	
80069	BoardAct1003	R3BuouxiongMd010031	['R3BuouxiongMd010011Goggles']	
90069	BoardAct1004	R3BuouxiongMd010031	['R3BuouxiongMd010011Goggles']	
100069	BoardAct1005	R3BuouxiongMd010031	['R3BuouxiongMd010011Goggles']	
110069	BoardAct1006	R3BuouxiongMd010031	['R3BuouxiongMd010011Goggles']	
120069	BoardAct1007	R3BuouxiongMd010031	['R3BuouxiongMd010011Goggles']	
10069	UiStand1	R3BuouxiongMd010031	['R3BuouxiongMd010011Down02']	
20068	StandAct0101	R3BuouxiongMd010021	['R3BuouxiongMd010011Goggles']	
20069	StandAct0101	R3BuouxiongMd010031	['R3BuouxiongMd010011Goggles']	
10070	UiStand1	R5BiankaMd019241	['R5BiankaMd010011EyeEX', 'R5BiankaMd010011FaceEX', 'R5BiankaMd019241Alpha01EX', 'R5BiankaMd019241Alpha07EX', 'R5BiankaMd019241Alpha02EX', 'R5BiankaMd019241Alpha03EX', 'R5BiankaMd019241Alpha03_1EX', 'R5BiankaMd019241Alpha04EX', 'R5BiankaMd019241Alpha05EX', 'R5BiankaMd019241Alpha05_1EX', 'R5BiankaMd019241Alpha06EX', 'R5BiankaMd019241Alpha06_1EX', 'R5BiankaMd019241BodyEX', 'R5BiankaMd019241DownEX', 'R5BiankaMd019241Hair02EX', 'R5BiankaMd019241MetalEX', 'R5BiankaMd019241Skirt01EX', 'R5BiankaMd019241Skirt02EX', 'R5BiankaMd019241UpperEX', 'R5BiankaMd019241BandEX', 'R5BiankaMd019241Alpha07_1EX']	
10071	UiStand1	R5YongyechaoMd019031	['R5YongyechaoMd019031Down02']	
30071	BoardAct0201	R5YongyechaoMd019031	['R5YongyechaoMd019031Alpha01', 'R5YongyechaoMd019031Alpha02', 'R5YongyechaoMd019031Alpha03', 'R5YongyechaoMd019031Alpha04', 'R5YongyechaoMd019031Armor01', 'R5YongyechaoMd019031Armor02', 'R5YongyechaoMd019031Armor03', 'R5YongyechaoMd019031Armor04', 'R5YongyechaoMd019031Effect', 'R5YongyechaoMd019031Tail']	
50071	BoardAct0203	R5YongyechaoMd019031	['R5YongyechaoMd019031Alpha01', 'R5YongyechaoMd019031Alpha02', 'R5YongyechaoMd019031Alpha03', 'R5YongyechaoMd019031Alpha04', 'R5YongyechaoMd019031Armor01', 'R5YongyechaoMd019031Armor02', 'R5YongyechaoMd019031Armor03', 'R5YongyechaoMd019031Armor04', 'R5YongyechaoMd019031Effect', 'R5YongyechaoMd019031Tail']	
60071	BoardAct1001	R5YongyechaoMd019031	['R5YongyechaoMd019031Alpha01', 'R5YongyechaoMd019031Alpha02', 'R5YongyechaoMd019031Alpha03', 'R5YongyechaoMd019031Alpha04', 'R5YongyechaoMd019031Armor01', 'R5YongyechaoMd019031Armor02', 'R5YongyechaoMd019031Armor03', 'R5YongyechaoMd019031Armor04', 'R5YongyechaoMd019031Effect', 'R5YongyechaoMd019031Tail']	
70071	BoardAct1002	R5YongyechaoMd019031	['R5YongyechaoMd019031Alpha01', 'R5YongyechaoMd019031Alpha02', 'R5YongyechaoMd019031Alpha03', 'R5YongyechaoMd019031Alpha04', 'R5YongyechaoMd019031Armor01', 'R5YongyechaoMd019031Armor02', 'R5YongyechaoMd019031Armor03', 'R5YongyechaoMd019031Armor04', 'R5YongyechaoMd019031Effect', 'R5YongyechaoMd019031Tail']	
80071	BoardAct1003	R5YongyechaoMd019031	['R5YongyechaoMd019031Alpha01', 'R5YongyechaoMd019031Alpha02', 'R5YongyechaoMd019031Alpha03', 'R5YongyechaoMd019031Alpha04', 'R5YongyechaoMd019031Armor01', 'R5YongyechaoMd019031Armor02', 'R5YongyechaoMd019031Armor03', 'R5YongyechaoMd019031Armor04', 'R5YongyechaoMd019031Effect', 'R5YongyechaoMd019031Tail']	
90071	BoardAct1004	R5YongyechaoMd019031	['R5YongyechaoMd019031Alpha01', 'R5YongyechaoMd019031Alpha02', 'R5YongyechaoMd019031Alpha03', 'R5YongyechaoMd019031Alpha04', 'R5YongyechaoMd019031Armor01', 'R5YongyechaoMd019031Armor02', 'R5YongyechaoMd019031Armor03', 'R5YongyechaoMd019031Armor04', 'R5YongyechaoMd019031Effect', 'R5YongyechaoMd019031Tail']	
100071	BoardAct1005	R5YongyechaoMd019031	['R5YongyechaoMd019031Alpha01', 'R5YongyechaoMd019031Alpha02', 'R5YongyechaoMd019031Alpha03', 'R5YongyechaoMd019031Alpha04', 'R5YongyechaoMd019031Armor01', 'R5YongyechaoMd019031Armor02', 'R5YongyechaoMd019031Armor03', 'R5YongyechaoMd019031Armor04', 'R5YongyechaoMd019031Effect', 'R5YongyechaoMd019031Tail']	
120071	BoardAct1007	R5YongyechaoMd019031	['R5YongyechaoMd019031Alpha01', 'R5YongyechaoMd019031Alpha02', 'R5YongyechaoMd019031Alpha03', 'R5YongyechaoMd019031Alpha04', 'R5YongyechaoMd019031Armor01', 'R5YongyechaoMd019031Armor02', 'R5YongyechaoMd019031Armor03', 'R5YongyechaoMd019031Armor04', 'R5YongyechaoMd019031Effect', 'R5YongyechaoMd019031Tail']	
20071	StandAct0101	R5YongyechaoMd019031	['R5YongyechaoMd019031Alpha01', 'R5YongyechaoMd019031Alpha02', 'R5YongyechaoMd019031Alpha03', 'R5YongyechaoMd019031Alpha04', 'R5YongyechaoMd019031Armor01', 'R5YongyechaoMd019031Armor02', 'R5YongyechaoMd019031Armor03', 'R5YongyechaoMd019031Armor04', 'R5YongyechaoMd019031Effect', 'R5YongyechaoMd019031Tail']	
10072	UiStand1	R2XiezouMd019141		
30072	BoardAct0201	R2XiezouMd019141	['R2XiezouMd019141Mask']	
40072	BoardAct0202	R2XiezouMd019141	['R2XiezouMd019141Mask']	
50072	BoardAct0203	R2XiezouMd019141	['R2XiezouMd019141Mask']	
60072	BoardAct1001	R2XiezouMd019141	['R2XiezouMd019141Mask']	
70072	BoardAct1002	R2XiezouMd019141	['R2XiezouMd019141Mask']	
80072	BoardAct1003	R2XiezouMd019141		
90072	BoardAct1004	R2XiezouMd019141	['R2XiezouMd019141Mask']	
100072	BoardAct1005	R2XiezouMd019141		
110072	BoardAct1006	R2XiezouMd019141	['R2XiezouMd019141Mask']	
120072	BoardAct1007	R2XiezouMd019141	['R2XiezouMd019141Mask']	
20072	StandAct0101	R2XiezouMd019141	['R2XiezouMd019141Mask']	
30073	BoardAct0201	R4LuosaitaMd010011	['R4LuosaitaMd010021FeijiL', 'R4LuosaitaMd010021FeijiLAlpha', 'R4LuosaitaMd010021FeijiR', 'R4LuosaitaMd010021FeijiRAlpha', 'R4LuosaitaMd010021Tail']	
40073	BoardAct0202	R4LuosaitaMd010011	['R4LuosaitaMd010021FeijiL', 'R4LuosaitaMd010021FeijiLAlpha', 'R4LuosaitaMd010021FeijiR', 'R4LuosaitaMd010021FeijiRAlpha', 'R4LuosaitaMd010021Tail']	
50073	BoardAct0203	R4LuosaitaMd010011	['R4LuosaitaMd010021FeijiL', 'R4LuosaitaMd010021FeijiLAlpha', 'R4LuosaitaMd010021FeijiR', 'R4LuosaitaMd010021FeijiRAlpha', 'R4LuosaitaMd010021Tail']	
60073	BoardAct1001	R4LuosaitaMd010011	['R4LuosaitaMd010021FeijiL', 'R4LuosaitaMd010021FeijiLAlpha', 'R4LuosaitaMd010021FeijiR', 'R4LuosaitaMd010021FeijiRAlpha', 'R4LuosaitaMd010021Tail']	
70073	BoardAct1002	R4LuosaitaMd010011	['R4LuosaitaMd010021FeijiL', 'R4LuosaitaMd010021FeijiLAlpha', 'R4LuosaitaMd010021FeijiR', 'R4LuosaitaMd010021FeijiRAlpha', 'R4LuosaitaMd010021Tail']	
80073	BoardAct1003	R4LuosaitaMd010011	['R4LuosaitaMd010021FeijiL', 'R4LuosaitaMd010021FeijiLAlpha', 'R4LuosaitaMd010021FeijiR', 'R4LuosaitaMd010021FeijiRAlpha', 'R4LuosaitaMd010021Tail']	
90073	BoardAct1004	R4LuosaitaMd010011	['R4LuosaitaMd010021FeijiL', 'R4LuosaitaMd010021FeijiLAlpha', 'R4LuosaitaMd010021FeijiR', 'R4LuosaitaMd010021FeijiRAlpha', 'R4LuosaitaMd010021Tail']	
100073	BoardAct1005	R4LuosaitaMd010011	['R4LuosaitaMd010021FeijiL', 'R4LuosaitaMd010021FeijiLAlpha', 'R4LuosaitaMd010021FeijiR', 'R4LuosaitaMd010021FeijiRAlpha', 'R4LuosaitaMd010021Tail']	
110073	BoardAct1006	R4LuosaitaMd010011	['R4LuosaitaMd010021FeijiL', 'R4LuosaitaMd010021FeijiLAlpha', 'R4LuosaitaMd010021FeijiR', 'R4LuosaitaMd010021FeijiRAlpha', 'R4LuosaitaMd010021Tail']	
120073	BoardAct1007	R4LuosaitaMd010011	['R4LuosaitaMd010021FeijiL', 'R4LuosaitaMd010021FeijiLAlpha', 'R4LuosaitaMd010021FeijiR', 'R4LuosaitaMd010021FeijiRAlpha', 'R4LuosaitaMd010021Tail']	
20073	StandAct0101	R4LuosaitaMd010011	['R4LuosaitaMd010021FeijiL', 'R4LuosaitaMd010021FeijiLAlpha', 'R4LuosaitaMd010021FeijiR', 'R4LuosaitaMd010021FeijiRAlpha', 'R4LuosaitaMd010021Tail']	
30074	BoardAct0201	R4LuosaitaMd010021	['R4LuosaitaMd010021FeijiL', 'R4LuosaitaMd010021FeijiLAlpha', 'R4LuosaitaMd010021FeijiR', 'R4LuosaitaMd010021FeijiRAlpha', 'R4LuosaitaMd010021Tail']	
40074	BoardAct0202	R4LuosaitaMd010021	['R4LuosaitaMd010021FeijiL', 'R4LuosaitaMd010021FeijiLAlpha', 'R4LuosaitaMd010021FeijiR', 'R4LuosaitaMd010021FeijiRAlpha', 'R4LuosaitaMd010021Tail']	
50074	BoardAct0203	R4LuosaitaMd010021	['R4LuosaitaMd010021FeijiL', 'R4LuosaitaMd010021FeijiLAlpha', 'R4LuosaitaMd010021FeijiR', 'R4LuosaitaMd010021FeijiRAlpha', 'R4LuosaitaMd010021Tail']	
60074	BoardAct1001	R4LuosaitaMd010021	['R4LuosaitaMd010021FeijiL', 'R4LuosaitaMd010021FeijiLAlpha', 'R4LuosaitaMd010021FeijiR', 'R4LuosaitaMd010021FeijiRAlpha', 'R4LuosaitaMd010021Tail']	
70074	BoardAct1002	R4LuosaitaMd010021	['R4LuosaitaMd010021FeijiL', 'R4LuosaitaMd010021FeijiLAlpha', 'R4LuosaitaMd010021FeijiR', 'R4LuosaitaMd010021FeijiRAlpha', 'R4LuosaitaMd010021Tail']	
80074	BoardAct1003	R4LuosaitaMd010021	['R4LuosaitaMd010021FeijiL', 'R4LuosaitaMd010021FeijiLAlpha', 'R4LuosaitaMd010021FeijiR', 'R4LuosaitaMd010021FeijiRAlpha', 'R4LuosaitaMd010021Tail']	
90074	BoardAct1004	R4LuosaitaMd010021	['R4LuosaitaMd010021FeijiL', 'R4LuosaitaMd010021FeijiLAlpha', 'R4LuosaitaMd010021FeijiR', 'R4LuosaitaMd010021FeijiRAlpha', 'R4LuosaitaMd010021Tail']	
100074	BoardAct1005	R4LuosaitaMd010021	['R4LuosaitaMd010021FeijiL', 'R4LuosaitaMd010021FeijiLAlpha', 'R4LuosaitaMd010021FeijiR', 'R4LuosaitaMd010021FeijiRAlpha', 'R4LuosaitaMd010021Tail']	
110074	BoardAct1006	R4LuosaitaMd010021	['R4LuosaitaMd010021FeijiL', 'R4LuosaitaMd010021FeijiLAlpha', 'R4LuosaitaMd010021FeijiR', 'R4LuosaitaMd010021FeijiRAlpha', 'R4LuosaitaMd010021Tail']	
120074	BoardAct1007	R4LuosaitaMd010021	['R4LuosaitaMd010021FeijiL', 'R4LuosaitaMd010021FeijiLAlpha', 'R4LuosaitaMd010021FeijiR', 'R4LuosaitaMd010021FeijiRAlpha', 'R4LuosaitaMd010021Tail']	
20074	StandAct0101	R4LuosaitaMd010021	['R4LuosaitaMd010021FeijiL', 'R4LuosaitaMd010021FeijiLAlpha', 'R4LuosaitaMd010021FeijiR', 'R4LuosaitaMd010021FeijiRAlpha', 'R4LuosaitaMd010021Tail']	
30075	BoardAct0201	R4LuosaitaMd010031	['R4LuosaitaMd010021FeijiL', 'R4LuosaitaMd010021FeijiLAlpha', 'R4LuosaitaMd010021FeijiR', 'R4LuosaitaMd010021FeijiRAlpha', 'R4LuosaitaMd010021Tail']	
40075	BoardAct0202	R4LuosaitaMd010031	['R4LuosaitaMd010021FeijiL', 'R4LuosaitaMd010021FeijiLAlpha', 'R4LuosaitaMd010021FeijiR', 'R4LuosaitaMd010021FeijiRAlpha', 'R4LuosaitaMd010021Tail']	
50075	BoardAct0203	R4LuosaitaMd010031	['R4LuosaitaMd010021FeijiL', 'R4LuosaitaMd010021FeijiLAlpha', 'R4LuosaitaMd010021FeijiR', 'R4LuosaitaMd010021FeijiRAlpha', 'R4LuosaitaMd010021Tail']	
60075	BoardAct1001	R4LuosaitaMd010031	['R4LuosaitaMd010021FeijiL', 'R4LuosaitaMd010021FeijiLAlpha', 'R4LuosaitaMd010021FeijiR', 'R4LuosaitaMd010021FeijiRAlpha', 'R4LuosaitaMd010021Tail']	
70075	BoardAct1002	R4LuosaitaMd010031	['R4LuosaitaMd010021FeijiL', 'R4LuosaitaMd010021FeijiLAlpha', 'R4LuosaitaMd010021FeijiR', 'R4LuosaitaMd010021FeijiRAlpha', 'R4LuosaitaMd010021Tail']	
80075	BoardAct1003	R4LuosaitaMd010031	['R4LuosaitaMd010021FeijiL', 'R4LuosaitaMd010021FeijiLAlpha', 'R4LuosaitaMd010021FeijiR', 'R4LuosaitaMd010021FeijiRAlpha', 'R4LuosaitaMd010021Tail']	
90075	BoardAct1004	R4LuosaitaMd010031	['R4LuosaitaMd010021FeijiL', 'R4LuosaitaMd010021FeijiLAlpha', 'R4LuosaitaMd010021FeijiR', 'R4LuosaitaMd010021FeijiRAlpha', 'R4LuosaitaMd010021Tail']	
100075	BoardAct1005	R4LuosaitaMd010031	['R4LuosaitaMd010021FeijiL', 'R4LuosaitaMd010021FeijiLAlpha', 'R4LuosaitaMd010021FeijiR', 'R4LuosaitaMd010021FeijiRAlpha', 'R4LuosaitaMd010021Tail']	
110075	BoardAct1006	R4LuosaitaMd010031	['R4LuosaitaMd010021FeijiL', 'R4LuosaitaMd010021FeijiLAlpha', 'R4LuosaitaMd010021FeijiR', 'R4LuosaitaMd010021FeijiRAlpha', 'R4LuosaitaMd010021Tail']	
120075	BoardAct1007	R4LuosaitaMd010031	['R4LuosaitaMd010021FeijiL', 'R4LuosaitaMd010021FeijiLAlpha', 'R4LuosaitaMd010021FeijiR', 'R4LuosaitaMd010021FeijiRAlpha', 'R4LuosaitaMd010021Tail']	
20075	StandAct0101	R4LuosaitaMd010031	['R4LuosaitaMd010021FeijiL', 'R4LuosaitaMd010021FeijiLAlpha', 'R4LuosaitaMd010021FeijiR', 'R4LuosaitaMd010021FeijiRAlpha', 'R4LuosaitaMd010021Tail']	
30070	BoardAct0201	R5BiankaMd019241	['R5BiankaMd010011Eye', 'R5BiankaMd010011FaceEX', 'R5BiankaMd019241Alpha01', 'R5BiankaMd019241Alpha07', 'R5BiankaMd019241Alpha02', 'R5BiankaMd019241Alpha03', 'R5BiankaMd019241Alpha03_1', 'R5BiankaMd019241Alpha04', 'R5BiankaMd019241Alpha05', 'R5BiankaMd019241Alpha05_1', 'R5BiankaMd019241Alpha06', 'R5BiankaMd019241Alpha06_1', 'R5BiankaMd019241Body', 'R5BiankaMd019241Down', 'R5BiankaMd019241Hair02', 'R5BiankaMd019241Metal', 'R5BiankaMd019241Skirt01', 'R5BiankaMd019241Skirt02', 'R5BiankaMd019241Upper', 'R5BiankaMd019241BandEX', 'R5BiankaMd019241Alpha07_1']	
40070	BoardAct0202	R5BiankaMd019241	['R5BiankaMd010011Eye', 'R5BiankaMd010011FaceEX', 'R5BiankaMd019241Alpha01', 'R5BiankaMd019241Alpha07', 'R5BiankaMd019241Alpha02', 'R5BiankaMd019241Alpha03', 'R5BiankaMd019241Alpha03_1', 'R5BiankaMd019241Alpha04', 'R5BiankaMd019241Alpha05', 'R5BiankaMd019241Alpha05_1', 'R5BiankaMd019241Alpha06', 'R5BiankaMd019241Alpha06_1', 'R5BiankaMd019241Body', 'R5BiankaMd019241Down', 'R5BiankaMd019241Hair02', 'R5BiankaMd019241Metal', 'R5BiankaMd019241Skirt01', 'R5BiankaMd019241Skirt02', 'R5BiankaMd019241Upper', 'R5BiankaMd019241BandEX', 'R5BiankaMd019241Alpha07_1']	
50070	BoardAct0203	R5BiankaMd019241	['R5BiankaMd010011Eye', 'R5BiankaMd010011FaceEX', 'R5BiankaMd019241Alpha01', 'R5BiankaMd019241Alpha07', 'R5BiankaMd019241Alpha02', 'R5BiankaMd019241Alpha03', 'R5BiankaMd019241Alpha03_1', 'R5BiankaMd019241Alpha04', 'R5BiankaMd019241Alpha05', 'R5BiankaMd019241Alpha05_1', 'R5BiankaMd019241Alpha06', 'R5BiankaMd019241Alpha06_1', 'R5BiankaMd019241Body', 'R5BiankaMd019241Down', 'R5BiankaMd019241Hair02', 'R5BiankaMd019241Metal', 'R5BiankaMd019241Skirt01', 'R5BiankaMd019241Skirt02', 'R5BiankaMd019241Upper', 'R5BiankaMd019241BandEX', 'R5BiankaMd019241Alpha07_1']	
60070	BoardAct1001	R5BiankaMd019241	['R5BiankaMd010011Eye', 'R5BiankaMd010011FaceEX', 'R5BiankaMd019241Alpha01', 'R5BiankaMd019241Alpha07', 'R5BiankaMd019241Alpha02', 'R5BiankaMd019241Alpha03', 'R5BiankaMd019241Alpha03_1', 'R5BiankaMd019241Alpha04', 'R5BiankaMd019241Alpha05', 'R5BiankaMd019241Alpha05_1', 'R5BiankaMd019241Alpha06', 'R5BiankaMd019241Alpha06_1', 'R5BiankaMd019241Body', 'R5BiankaMd019241Down', 'R5BiankaMd019241Hair02', 'R5BiankaMd019241Metal', 'R5BiankaMd019241Skirt01', 'R5BiankaMd019241Skirt02', 'R5BiankaMd019241Upper', 'R5BiankaMd019241BandEX', 'R5BiankaMd019241Alpha07_1']	
70070	BoardAct1002	R5BiankaMd019241	['R5BiankaMd010011Eye', 'R5BiankaMd010011FaceEX', 'R5BiankaMd019241Alpha01', 'R5BiankaMd019241Alpha07', 'R5BiankaMd019241Alpha02', 'R5BiankaMd019241Alpha03', 'R5BiankaMd019241Alpha03_1', 'R5BiankaMd019241Alpha04', 'R5BiankaMd019241Alpha05', 'R5BiankaMd019241Alpha05_1', 'R5BiankaMd019241Alpha06', 'R5BiankaMd019241Alpha06_1', 'R5BiankaMd019241Body', 'R5BiankaMd019241Down', 'R5BiankaMd019241Hair02', 'R5BiankaMd019241Metal', 'R5BiankaMd019241Skirt01', 'R5BiankaMd019241Skirt02', 'R5BiankaMd019241Upper', 'R5BiankaMd019241BandEX', 'R5BiankaMd019241Alpha07_1']	
80070	BoardAct1003	R5BiankaMd019241	['R5BiankaMd010011Eye', 'R5BiankaMd010011FaceEX', 'R5BiankaMd019241Alpha01', 'R5BiankaMd019241Alpha07', 'R5BiankaMd019241Alpha02', 'R5BiankaMd019241Alpha03', 'R5BiankaMd019241Alpha03_1', 'R5BiankaMd019241Alpha04', 'R5BiankaMd019241Alpha05', 'R5BiankaMd019241Alpha05_1', 'R5BiankaMd019241Alpha06', 'R5BiankaMd019241Alpha06_1', 'R5BiankaMd019241Body', 'R5BiankaMd019241Down', 'R5BiankaMd019241Hair02', 'R5BiankaMd019241Metal', 'R5BiankaMd019241Skirt01', 'R5BiankaMd019241Skirt02', 'R5BiankaMd019241Upper', 'R5BiankaMd019241BandEX', 'R5BiankaMd019241Alpha07_1']	
90070	BoardAct1004	R5BiankaMd019241	['R5BiankaMd010011Eye', 'R5BiankaMd010011FaceEX', 'R5BiankaMd019241Alpha01', 'R5BiankaMd019241Alpha07', 'R5BiankaMd019241Alpha02', 'R5BiankaMd019241Alpha03', 'R5BiankaMd019241Alpha03_1', 'R5BiankaMd019241Alpha04', 'R5BiankaMd019241Alpha05', 'R5BiankaMd019241Alpha05_1', 'R5BiankaMd019241Alpha06', 'R5BiankaMd019241Alpha06_1', 'R5BiankaMd019241Body', 'R5BiankaMd019241Down', 'R5BiankaMd019241Hair02', 'R5BiankaMd019241Metal', 'R5BiankaMd019241Skirt01', 'R5BiankaMd019241Skirt02', 'R5BiankaMd019241Upper', 'R5BiankaMd019241BandEX', 'R5BiankaMd019241Alpha07_1']	
100070	BoardAct1005	R5BiankaMd019241	['R5BiankaMd010011Eye', 'R5BiankaMd010011FaceEX', 'R5BiankaMd019241Alpha01', 'R5BiankaMd019241Alpha07', 'R5BiankaMd019241Alpha02', 'R5BiankaMd019241Alpha03', 'R5BiankaMd019241Alpha03_1', 'R5BiankaMd019241Alpha04', 'R5BiankaMd019241Alpha05', 'R5BiankaMd019241Alpha05_1', 'R5BiankaMd019241Alpha06', 'R5BiankaMd019241Alpha06_1', 'R5BiankaMd019241Body', 'R5BiankaMd019241Down', 'R5BiankaMd019241Hair02', 'R5BiankaMd019241Metal', 'R5BiankaMd019241Skirt01', 'R5BiankaMd019241Skirt02', 'R5BiankaMd019241Upper', 'R5BiankaMd019241BandEX', 'R5BiankaMd019241Alpha07_1']	
110070	BoardAct1006	R5BiankaMd019241	['R5BiankaMd010011Eye', 'R5BiankaMd010011FaceEX', 'R5BiankaMd019241Alpha01', 'R5BiankaMd019241Alpha07', 'R5BiankaMd019241Alpha02', 'R5BiankaMd019241Alpha03', 'R5BiankaMd019241Alpha03_1', 'R5BiankaMd019241Alpha04', 'R5BiankaMd019241Alpha05', 'R5BiankaMd019241Alpha05_1', 'R5BiankaMd019241Alpha06', 'R5BiankaMd019241Alpha06_1', 'R5BiankaMd019241Body', 'R5BiankaMd019241Down', 'R5BiankaMd019241Hair02', 'R5BiankaMd019241Metal', 'R5BiankaMd019241Skirt01', 'R5BiankaMd019241Skirt02', 'R5BiankaMd019241Upper', 'R5BiankaMd019241BandEX', 'R5BiankaMd019241Alpha07_1']	
120070	BoardAct1007	R5BiankaMd019241	['R5BiankaMd010011Eye', 'R5BiankaMd010011FaceEX', 'R5BiankaMd019241Alpha01', 'R5BiankaMd019241Alpha07', 'R5BiankaMd019241Alpha02', 'R5BiankaMd019241Alpha03', 'R5BiankaMd019241Alpha03_1', 'R5BiankaMd019241Alpha04', 'R5BiankaMd019241Alpha05', 'R5BiankaMd019241Alpha05_1', 'R5BiankaMd019241Alpha06', 'R5BiankaMd019241Alpha06_1', 'R5BiankaMd019241Body', 'R5BiankaMd019241Down', 'R5BiankaMd019241Hair02', 'R5BiankaMd019241Metal', 'R5BiankaMd019241Skirt01', 'R5BiankaMd019241Skirt02', 'R5BiankaMd019241Upper', 'R5BiankaMd019241BandEX', 'R5BiankaMd019241Alpha07_1']	
20070	StandAct0101	R5BiankaMd019241	['R5BiankaMd010011Eye', 'R5BiankaMd010011FaceEX', 'R5BiankaMd019241Alpha01', 'R5BiankaMd019241Alpha07', 'R5BiankaMd019241Alpha02', 'R5BiankaMd019241Alpha03', 'R5BiankaMd019241Alpha03_1', 'R5BiankaMd019241Alpha04', 'R5BiankaMd019241Alpha05', 'R5BiankaMd019241Alpha05_1', 'R5BiankaMd019241Alpha06', 'R5BiankaMd019241Alpha06_1', 'R5BiankaMd019241Body', 'R5BiankaMd019241Down', 'R5BiankaMd019241Hair02', 'R5BiankaMd019241Metal', 'R5BiankaMd019241Skirt01', 'R5BiankaMd019241Skirt02', 'R5BiankaMd019241Upper', 'R5BiankaMd019241BandEX', 'R5BiankaMd019241Alpha07_1']	
30076	BoardAct0201	R4LuosaitaMd019011	['R4LuosaitaMd019011Feiji01', 'R4LuosaitaMd019011Feiji02', 'R4LuosaitaMd019011Tail']	
40076	BoardAct0202	R4LuosaitaMd019011	['R4LuosaitaMd019011Feiji01', 'R4LuosaitaMd019011Feiji02', 'R4LuosaitaMd019011Tail']	
50076	BoardAct0203	R4LuosaitaMd019011	['R4LuosaitaMd019011Feiji01', 'R4LuosaitaMd019011Feiji02', 'R4LuosaitaMd019011Tail']	
60076	BoardAct1001	R4LuosaitaMd019011	['R4LuosaitaMd019011Feiji01', 'R4LuosaitaMd019011Feiji02', 'R4LuosaitaMd019011Tail']	
70076	BoardAct1002	R4LuosaitaMd019011	['R4LuosaitaMd019011Feiji01', 'R4LuosaitaMd019011Feiji02', 'R4LuosaitaMd019011Tail']	
80076	BoardAct1003	R4LuosaitaMd019011	['R4LuosaitaMd019011Feiji01', 'R4LuosaitaMd019011Feiji02', 'R4LuosaitaMd019011Tail']	
90076	BoardAct1004	R4LuosaitaMd019011	['R4LuosaitaMd019011Feiji01', 'R4LuosaitaMd019011Feiji02', 'R4LuosaitaMd019011Tail']	
100076	BoardAct1005	R4LuosaitaMd019011	['R4LuosaitaMd019011Feiji01', 'R4LuosaitaMd019011Feiji02', 'R4LuosaitaMd019011Tail']	
110076	BoardAct1006	R4LuosaitaMd019011	['R4LuosaitaMd019011Feiji01', 'R4LuosaitaMd019011Feiji02', 'R4LuosaitaMd019011Tail']	
120076	BoardAct1007	R4LuosaitaMd019011	['R4LuosaitaMd019011Feiji01', 'R4LuosaitaMd019011Feiji02', 'R4LuosaitaMd019011Tail']	
20076	StandAct0101	R4LuosaitaMd019011	['R4LuosaitaMd019011Feiji01', 'R4LuosaitaMd019011Feiji02', 'R4LuosaitaMd019011Tail']	
140070	BoardAct0204	R5BiankaMd019241	['R5BiankaMd010011Eye', 'R5BiankaMd010011FaceEX', 'R5BiankaMd019241Alpha01', 'R5BiankaMd019241Alpha07', 'R5BiankaMd019241Alpha02', 'R5BiankaMd019241Alpha03', 'R5BiankaMd019241Alpha03_1', 'R5BiankaMd019241Alpha04', 'R5BiankaMd019241Alpha05', 'R5BiankaMd019241Alpha05_1', 'R5BiankaMd019241Alpha06', 'R5BiankaMd019241Alpha06_1', 'R5BiankaMd019241Body', 'R5BiankaMd019241Down', 'R5BiankaMd019241Hair02', 'R5BiankaMd019241Metal', 'R5BiankaMd019241Skirt01', 'R5BiankaMd019241Skirt02', 'R5BiankaMd019241Upper', 'R5BiankaMd019241BandEX', 'R5BiankaMd019241Alpha07_1']	
150070	BoardAct0205	R5BiankaMd019241	['R5BiankaMd010011Eye', 'R5BiankaMd010011FaceEX', 'R5BiankaMd019241Alpha01', 'R5BiankaMd019241Alpha07', 'R5BiankaMd019241Alpha02', 'R5BiankaMd019241Alpha03', 'R5BiankaMd019241Alpha03_1', 'R5BiankaMd019241Alpha04', 'R5BiankaMd019241Alpha05', 'R5BiankaMd019241Alpha05_1', 'R5BiankaMd019241Alpha06', 'R5BiankaMd019241Alpha06_1', 'R5BiankaMd019241Body', 'R5BiankaMd019241Down', 'R5BiankaMd019241Hair02', 'R5BiankaMd019241Metal', 'R5BiankaMd019241Skirt01', 'R5BiankaMd019241Skirt02', 'R5BiankaMd019241Upper', 'R5BiankaMd019241BandEX', 'R5BiankaMd019241Alpha07_1']	
30077	BoardAct0201	R4WeilaMd019101	['R4WeilaMd019101Face02']	
40077	BoardAct0202	R4WeilaMd019101	['R4WeilaMd019101Face02']	
50077	BoardAct0203	R4WeilaMd019101	['R4WeilaMd019101Face02']	
60077	BoardAct1001	R4WeilaMd019101	['R4WeilaMd019101Face02']	
70077	BoardAct1002	R4WeilaMd019101	['R4WeilaMd019101Face02']	
90077	BoardAct1004	R4WeilaMd019101	['R4WeilaMd019101Face02']	
100077	BoardAct1005	R4WeilaMd019101	['R4WeilaMd019101Face02']	
120077	BoardAct1007	R4WeilaMd019101	['R4WeilaMd019101Face02']	
80077	BoardAct1003	R4WeilaMd019101	['R4WeilaMd019101Face02']	
110077	BoardAct1006	R4WeilaMd019101	['R4WeilaMd019101Face02']	
140077	BoardAct0204	R4WeilaMd019101	['R4WeilaMd019101Face02']	
150077	BoardAct0205	R4WeilaMd019101	['R4WeilaMd019101Face02']	
20077	StandAct0101	R4WeilaMd019101	['R4WeilaMd019101Face02']	
10077	UiStand1	R4WeilaMd019101	['R4WeilaMd019101Face02']	
10032	UiStand1	R3LamiyaMd019141	['WeaponCase2']	
30078	BoardAct0201	R4ShenweiMd010011	['R4ShenweiMd010021Cuirass01', 'R4ShenweiMd010021Knee02']	
40078	BoardAct0202	R4ShenweiMd010011	['R4ShenweiMd010021Cuirass01', 'R4ShenweiMd010021Knee02']	
50078	BoardAct0203	R4ShenweiMd010011	['R4ShenweiMd010021Cuirass01', 'R4ShenweiMd010021Knee02']	
60078	BoardAct1001	R4ShenweiMd010011	['R4ShenweiMd010021Cuirass01', 'R4ShenweiMd010021Knee02']	
70078	BoardAct1002	R4ShenweiMd010011	['R4ShenweiMd010021Cuirass01', 'R4ShenweiMd010021Knee02']	
90078	BoardAct1004	R4ShenweiMd010011	['R4ShenweiMd010021Cuirass01', 'R4ShenweiMd010021Knee02']	
100078	BoardAct1005	R4ShenweiMd010011	['R4ShenweiMd010021Cuirass01', 'R4ShenweiMd010021Knee02']	
120078	BoardAct1007	R4ShenweiMd010011	['R4ShenweiMd010021Cuirass01', 'R4ShenweiMd010021Knee02']	
80078	BoardAct1003	R4ShenweiMd010011	['R4ShenweiMd010021Cuirass01', 'R4ShenweiMd010021Knee02']	
110078	BoardAct1006	R4ShenweiMd010011	['R4ShenweiMd010021Cuirass01', 'R4ShenweiMd010021Knee02']	
20078	StandAct0101	R4ShenweiMd010011	['R4ShenweiMd010021Cuirass01', 'R4ShenweiMd010021Knee02']	
10078	UiStand1	R4ShenweiMd010011	['R4ShenweiMd010021Cuirass01', 'R4ShenweiMd010021Knee02']	
30079	BoardAct0201	R4ShenweiMd010021	['R4ShenweiMd010021Cuirass01', 'R4ShenweiMd010021Knee02']	
40079	BoardAct0202	R4ShenweiMd010021	['R4ShenweiMd010021Cuirass01', 'R4ShenweiMd010021Knee02']	
50079	BoardAct0203	R4ShenweiMd010021	['R4ShenweiMd010021Cuirass01', 'R4ShenweiMd010021Knee02']	
60079	BoardAct1001	R4ShenweiMd010021	['R4ShenweiMd010021Cuirass01', 'R4ShenweiMd010021Knee02']	
70079	BoardAct1002	R4ShenweiMd010021	['R4ShenweiMd010021Cuirass01', 'R4ShenweiMd010021Knee02']	
90079	BoardAct1004	R4ShenweiMd010021	['R4ShenweiMd010021Cuirass01', 'R4ShenweiMd010021Knee02']	
100079	BoardAct1005	R4ShenweiMd010021	['R4ShenweiMd010021Cuirass01', 'R4ShenweiMd010021Knee02']	
120079	BoardAct1007	R4ShenweiMd010021	['R4ShenweiMd010021Cuirass01', 'R4ShenweiMd010021Knee02']	
80079	BoardAct1003	R4ShenweiMd010021	['R4ShenweiMd010021Cuirass01', 'R4ShenweiMd010021Knee02']	
110079	BoardAct1006	R4ShenweiMd010021	['R4ShenweiMd010021Cuirass01', 'R4ShenweiMd010021Knee02']	
20079	StandAct0101	R4ShenweiMd010021	['R4ShenweiMd010021Cuirass01', 'R4ShenweiMd010021Knee02']	
10079	UiStand1	R4ShenweiMd010021	['R4ShenweiMd010021Cuirass01', 'R4ShenweiMd010021Knee02']	
30080	BoardAct0201	R4ShenweiMd010031	['R4ShenweiMd010021Cuirass01', 'R4ShenweiMd010021Knee02']	
40080	BoardAct0202	R4ShenweiMd010031	['R4ShenweiMd010021Cuirass01', 'R4ShenweiMd010021Knee02']	
50080	BoardAct0203	R4ShenweiMd010031	['R4ShenweiMd010021Cuirass01', 'R4ShenweiMd010021Knee02']	
60080	BoardAct1001	R4ShenweiMd010031	['R4ShenweiMd010021Cuirass01', 'R4ShenweiMd010021Knee02']	
70080	BoardAct1002	R4ShenweiMd010031	['R4ShenweiMd010021Cuirass01', 'R4ShenweiMd010021Knee02']	
90080	BoardAct1004	R4ShenweiMd010031	['R4ShenweiMd010021Cuirass01', 'R4ShenweiMd010021Knee02']	
100080	BoardAct1005	R4ShenweiMd010031	['R4ShenweiMd010021Cuirass01', 'R4ShenweiMd010021Knee02']	
120080	BoardAct1007	R4ShenweiMd010031	['R4ShenweiMd010021Cuirass01', 'R4ShenweiMd010021Knee02']	
80080	BoardAct1003	R4ShenweiMd010031	['R4ShenweiMd010021Cuirass01', 'R4ShenweiMd010021Knee02']	
110080	BoardAct1006	R4ShenweiMd010031	['R4ShenweiMd010021Cuirass01', 'R4ShenweiMd010021Knee02']	
20080	StandAct0101	R4ShenweiMd010031	['R4ShenweiMd010021Cuirass01', 'R4ShenweiMd010021Knee02']	
10080	UiStand1	R4ShenweiMd010031	['R4ShenweiMd010021Cuirass01', 'R4ShenweiMd010021Knee02']	
