Id	Disposeable	SingleDisposeable	RecordGroupId	Type	Param	Order	Name	Icon	IconR	MiniIcon	ConvertCardId	FightDes	QuickFightDes	ShowTag	MovieId
1001011				1		Virtual process	【阻挡】	Assets/Product/Texture/Atlas/UiTRPG/UiTRPGStageBg1000Sp.png	Assets/Product/Texture/Image/UiTRPG/UiTRPGStageBg1000.png						
1001021				2		Data corruption	【前进】	Assets/Product/Texture/Atlas/UiTRPG/UiTRPGStageBg2000Sp.png	Assets/Product/Texture/Image/UiTRPG/UiTRPGStageBg2000.png						
1001041	1		3	4	['ZX01601BA']	Story	伊甸陷落	Assets/Product/Texture/Atlas/UiTRPG/UiTRPGStageBg3001Sp.png	Assets/Product/Texture/Image/UiTRPG/UiTRPGStageBg3001.png	Assets/Product/Texture/Atlas/UiTRPG/UiTRPGIconMaze02.png	1001021			1	
1001051	1		2	5	['1001051', '1', '0']	Test	记录：X-779	Assets/Product/Texture/Atlas/UiTRPG/UiTRPGStageBg5000Sp.png	Assets/Product/Texture/Image/UiTRPG/UiTRPGStageBg5000.png	Assets/Product/Texture/Atlas/UiTRPG/UiTRPGIconMaze06.png	1001021				
1001101				10		Out	离开	Assets/Product/Texture/Atlas/UiTRPG/UiTRPGStageBg7001Sp.png	Assets/Product/Texture/Image/UiTRPG/UiTRPGStageBg7001.png	Assets/Product/Texture/Atlas/UiTRPG/UiTRPGIconMaze09.png					
1021011				1		Data corruption	破碎数据	Assets/Product/Texture/Atlas/UiTRPG/UiTRPGStageBg1000Sp.png	Assets/Product/Texture/Image/UiTRPG/UiTRPGStageBg1000.png						
1021012				1		Data corruption	破碎数据	Assets/Product/Texture/Atlas/UiTRPG/UiTRPGStageBg1001Sp.png	Assets/Product/Texture/Image/UiTRPG/UiTRPGStageBg1001.png						
1021021				2		Virtual process	虚拟进程	Assets/Product/Texture/Atlas/UiTRPG/UiTRPGStageBg2000Sp.png	Assets/Product/Texture/Image/UiTRPG/UiTRPGStageBg2000.png						
1021022				2		Virtual process	虚拟进程	Assets/Product/Texture/Atlas/UiTRPG/UiTRPGStageBg2001Sp.png	Assets/Product/Texture/Image/UiTRPG/UiTRPGStageBg2001.png						
1021031	1		3	3	['10130102']	Story	既视风景	Assets/Product/Texture/Atlas/UiTRPG/UiTRPGStageBg3000Sp.png	Assets/Product/Texture/Image/UiTRPG/UiTRPGStageBg3000.png	Assets/Product/Texture/Atlas/UiTRPG/UiTRPGIconMaze02.png	1021021	伪造的数据空间内一如往常，却暗藏着某种东西。		1	ZX01602EA
1021051	1		2	5	['1021051', '1', '0']	Test	区域过载	Assets/Product/Texture/Atlas/UiTRPG/UiTRPGStageBg5001Sp.png	Assets/Product/Texture/Image/UiTRPG/UiTRPGStageBg5001.png	Assets/Product/Texture/Atlas/UiTRPG/UiTRPGIconMaze06.png	1021021				
1021052	1		2	5	['1021052', '1', '0']	Over	缺失性封闭	Assets/Product/Texture/Atlas/UiTRPG/UiTRPGStageBg5001Sp.png	Assets/Product/Texture/Image/UiTRPG/UiTRPGStageBg5001.png	Assets/Product/Texture/Atlas/UiTRPG/UiTRPGIconMaze06.png	1021021				
1021061	1		1	6	['400502']	Unexpected discovery	残存物资	Assets/Product/Texture/Atlas/UiTRPG/UiTRPGStageBg6000Sp.png	Assets/Product/Texture/Image/UiTRPG/UiTRPGStageBg6000.png	Assets/Product/Texture/Atlas/UiTRPG/UiTRPGIconMaze04.png	1021021				
1021062	1		1	6	['400516']	Unexpected discovery	残存物资	Assets/Product/Texture/Atlas/UiTRPG/UiTRPGStageBg6000Sp.png	Assets/Product/Texture/Image/UiTRPG/UiTRPGStageBg6000.png	Assets/Product/Texture/Atlas/UiTRPG/UiTRPGIconMaze04.png	1021021				
1021063	1		1	6	['400652']	Unexpected discovery	贵重物资	Assets/Product/Texture/Atlas/UiTRPG/UiTRPGStageBg6001Sp.png	Assets/Product/Texture/Image/UiTRPG/UiTRPGStageBg6001.png	Assets/Product/Texture/Atlas/UiTRPG/UiTRPGIconMaze04.png	1021021				
1021071		1		7	['1021021', '200', '1021061', '50', '1021091', '50']	???	随机事件	Assets/Product/Texture/Atlas/UiTRPG/UiTRPGStageBg00Sp.png	Assets/Product/Texture/Image/UiTRPG/UiTRPGStageBg00.png		1021021				
1021072		1		7	['1021021', '200', '1021062', '50', '1021091', '50']	???	随机事件	Assets/Product/Texture/Atlas/UiTRPG/UiTRPGStageBg00Sp.png	Assets/Product/Texture/Image/UiTRPG/UiTRPGStageBg00.png		1021021				
1021081				8	['1022', '26', '2']	Down	第2区域	Assets/Product/Texture/Atlas/UiTRPG/UiTRPGStageBg7000Sp.png	Assets/Product/Texture/Image/UiTRPG/UiTRPGStageBg7000.png	Assets/Product/Texture/Atlas/UiTRPG/UiTRPGIconMaze08.png					
1021091		1		9	['2', '30200001', '400530', '1021031']	Fight	防御程序	Assets/Product/Texture/Atlas/UiTRPG/UiTRPGStageBg9000Sp.png	Assets/Product/Texture/Image/UiTRPG/UiTRPGStageBg9000.png	Assets/Product/Texture/Atlas/UiTRPG/UiTRPGIconMaze01.png	1021021	格式塔内置的标准防御程序感应到你们的行为未经格式塔授权，向你们发起进攻。虽然它们的敌意是正当的，但是你们的任务是解决更大的危机，所以，进攻行为必须被击退。	目前的实力可以迅速解决这场战斗。		
1021092		1		9	['2', '30200002', '400530', '1021031']	Fight	防御程序	Assets/Product/Texture/Atlas/UiTRPG/UiTRPGStageBg9001Sp.png	Assets/Product/Texture/Image/UiTRPG/UiTRPGStageBg9001.png	Assets/Product/Texture/Atlas/UiTRPG/UiTRPGIconMaze01.png	1021021	格式塔内置的标准防御程序感应到你们的行为未经格式塔授权，向你们发起进攻。虽然它们的敌意是正当的，但是你们的任务是解决更大的危机，所以，进攻行为必须被击退。	目前的实力可以迅速解决这场战斗。		
1021101				10		Out	离开	Assets/Product/Texture/Atlas/UiTRPG/UiTRPGStageBg7001Sp.png	Assets/Product/Texture/Image/UiTRPG/UiTRPGStageBg7001.png	Assets/Product/Texture/Atlas/UiTRPG/UiTRPGIconMaze09.png					
1022011				1		Data corruption	破碎数据	Assets/Product/Texture/Atlas/UiTRPG/UiTRPGStageBg1000Sp.png	Assets/Product/Texture/Image/UiTRPG/UiTRPGStageBg1000.png						
1022012				1		Data corruption	破碎数据	Assets/Product/Texture/Atlas/UiTRPG/UiTRPGStageBg1001Sp.png	Assets/Product/Texture/Image/UiTRPG/UiTRPGStageBg1001.png						
1022021				2		Virtual process	虚拟进程	Assets/Product/Texture/Atlas/UiTRPG/UiTRPGStageBg2000Sp.png	Assets/Product/Texture/Image/UiTRPG/UiTRPGStageBg2000.png						
1022022				2		Virtual process	虚拟进程	Assets/Product/Texture/Atlas/UiTRPG/UiTRPGStageBg2001Sp.png	Assets/Product/Texture/Image/UiTRPG/UiTRPGStageBg2001.png						
1022041	1		4	4	['FZ01603BB']	Story	攀援	Assets/Product/Texture/Atlas/UiTRPG/UiTRPGStageBg3037Sp.png	Assets/Product/Texture/Image/UiTRPG/UiTRPGStageBg3037.png	Assets/Product/Texture/Atlas/UiTRPG/UiTRPGIconMaze02_2.png	1022021			1	
1022042	1		4	4	['FZ01602BB']	Story	“大天线”	Assets/Product/Texture/Atlas/UiTRPG/UiTRPGStageBg3037Sp.png	Assets/Product/Texture/Image/UiTRPG/UiTRPGStageBg3037.png	Assets/Product/Texture/Atlas/UiTRPG/UiTRPGIconMaze02_2.png	1022021			1	
1022051	1		2	5	['1022051', '1', '0']	Test	异常敌对	Assets/Product/Texture/Atlas/UiTRPG/UiTRPGStageBg5001Sp.png	Assets/Product/Texture/Image/UiTRPG/UiTRPGStageBg5001.png	Assets/Product/Texture/Atlas/UiTRPG/UiTRPGIconMaze06.png	1022021				
1022052	1		2	5	['1022052', '1', '0']	Test	干扰区块	Assets/Product/Texture/Atlas/UiTRPG/UiTRPGStageBg5001Sp.png	Assets/Product/Texture/Image/UiTRPG/UiTRPGStageBg5001.png	Assets/Product/Texture/Atlas/UiTRPG/UiTRPGIconMaze06.png	1022021				
1022053	1		2	5	['1022053', '1', '0']	Over	封锁道具6	Assets/Product/Texture/Atlas/UiTRPG/UiTRPGStageBg5001Sp.png	Assets/Product/Texture/Image/UiTRPG/UiTRPGStageBg5001.png	Assets/Product/Texture/Atlas/UiTRPG/UiTRPGIconMaze06.png	1022021				
1022054	1		2	5	['1022054', '1', '0']	Over	固化软件	Assets/Product/Texture/Atlas/UiTRPG/UiTRPGStageBg5001Sp.png	Assets/Product/Texture/Image/UiTRPG/UiTRPGStageBg5001.png	Assets/Product/Texture/Atlas/UiTRPG/UiTRPGIconMaze06.png	1022021				
1022055	1		2	5	['1022055', '1', '0']	Over	数据读取	Assets/Product/Texture/Atlas/UiTRPG/UiTRPGStageBg5001Sp.png	Assets/Product/Texture/Image/UiTRPG/UiTRPGStageBg5001.png	Assets/Product/Texture/Atlas/UiTRPG/UiTRPGIconMaze06.png	1022021				
1022061	1		1	6	['400604']	Unexpected discovery	贵重物资	Assets/Product/Texture/Atlas/UiTRPG/UiTRPGStageBg6001Sp.png	Assets/Product/Texture/Image/UiTRPG/UiTRPGStageBg6001.png	Assets/Product/Texture/Atlas/UiTRPG/UiTRPGIconMaze04.png	1022021				
1022062	1		1	6	['400601']	Unexpected discovery	贵重物资	Assets/Product/Texture/Atlas/UiTRPG/UiTRPGStageBg6001Sp.png	Assets/Product/Texture/Image/UiTRPG/UiTRPGStageBg6001.png	Assets/Product/Texture/Atlas/UiTRPG/UiTRPGIconMaze04.png	1022021				
1022063	1		1	6	['400520']	Unexpected discovery	残存物资	Assets/Product/Texture/Atlas/UiTRPG/UiTRPGStageBg6000Sp.png	Assets/Product/Texture/Image/UiTRPG/UiTRPGStageBg6000.png	Assets/Product/Texture/Atlas/UiTRPG/UiTRPGIconMaze04.png	1022021				
1022064	1		1	6	['400502']	Unexpected discovery	残存物资	Assets/Product/Texture/Atlas/UiTRPG/UiTRPGStageBg6000Sp.png	Assets/Product/Texture/Image/UiTRPG/UiTRPGStageBg6000.png	Assets/Product/Texture/Atlas/UiTRPG/UiTRPGIconMaze04.png	1022021				
1022065	1		1	6	['400516']	Unexpected discovery	残存物资	Assets/Product/Texture/Atlas/UiTRPG/UiTRPGStageBg6000Sp.png	Assets/Product/Texture/Image/UiTRPG/UiTRPGStageBg6000.png	Assets/Product/Texture/Atlas/UiTRPG/UiTRPGIconMaze04.png	1022021				
1022066	1		1	6	['400520']	Unexpected discovery	残存物资	Assets/Product/Texture/Atlas/UiTRPG/UiTRPGStageBg6000Sp.png	Assets/Product/Texture/Image/UiTRPG/UiTRPGStageBg6000.png	Assets/Product/Texture/Atlas/UiTRPG/UiTRPGIconMaze04.png	1022021				
1022071		1		7	['1022021', '200', '1022063', '50', '1022091', '50']	???	随机事件	Assets/Product/Texture/Atlas/UiTRPG/UiTRPGStageBg00Sp.png	Assets/Product/Texture/Image/UiTRPG/UiTRPGStageBg00.png		1022021				
1022072		1		7	['1022021', '200', '1022064', '50', '1022091', '50']	???	随机事件	Assets/Product/Texture/Atlas/UiTRPG/UiTRPGStageBg00Sp.png	Assets/Product/Texture/Image/UiTRPG/UiTRPGStageBg00.png		1022021				
1022073		1		7	['1022021', '200', '1022065', '50', '1022091', '50']	???	随机事件	Assets/Product/Texture/Atlas/UiTRPG/UiTRPGStageBg00Sp.png	Assets/Product/Texture/Image/UiTRPG/UiTRPGStageBg00.png		1022021				
1022074		1		7	['1022021', '200', '1022066', '50', '1022091', '50']	???	随机事件	Assets/Product/Texture/Atlas/UiTRPG/UiTRPGStageBg00Sp.png	Assets/Product/Texture/Image/UiTRPG/UiTRPGStageBg00.png		1022021				
1022081				8	['1023', '26', '3']	Down	第3区域	Assets/Product/Texture/Atlas/UiTRPG/UiTRPGStageBg7000Sp.png	Assets/Product/Texture/Image/UiTRPG/UiTRPGStageBg7000.png	Assets/Product/Texture/Atlas/UiTRPG/UiTRPGIconMaze08.png					
1022082				8	['1021', '10', '1']	Up	第1区域	Assets/Product/Texture/Atlas/UiTRPG/UiTRPGStageBg7000Sp.png	Assets/Product/Texture/Image/UiTRPG/UiTRPGStageBg7000.png	Assets/Product/Texture/Atlas/UiTRPG/UiTRPGIconMaze07.png					
1022091		1		9	['2', '30200001', '400530', '1022031']	Fight	防御程序	Assets/Product/Texture/Atlas/UiTRPG/UiTRPGStageBg9000Sp.png	Assets/Product/Texture/Image/UiTRPG/UiTRPGStageBg9000.png	Assets/Product/Texture/Atlas/UiTRPG/UiTRPGIconMaze01.png	1022021	格式塔内置的标准防御程序感应到你们的行为未经格式塔授权，向你们发起进攻。虽然它们的敌意是正当的，但是你们的任务是解决更大的危机，所以，进攻行为必须被击退。	目前的实力可以迅速解决这场战斗。		
1022092		1		9	['2', '30200002', '400530', '1022031']	Fight	防御程序	Assets/Product/Texture/Atlas/UiTRPG/UiTRPGStageBg9001Sp.png	Assets/Product/Texture/Image/UiTRPG/UiTRPGStageBg9001.png	Assets/Product/Texture/Atlas/UiTRPG/UiTRPGIconMaze01.png	1022021	格式塔内置的标准防御程序感应到你们的行为未经格式塔授权，向你们发起进攻。虽然它们的敌意是正当的，但是你们的任务是解决更大的危机，所以，进攻行为必须被击退。	目前的实力可以迅速解决这场战斗。		
1022093		1		9	['2', '30200001', '400530', '1022031']	Fight	防御程序	Assets/Product/Texture/Atlas/UiTRPG/UiTRPGStageBg9000Sp.png	Assets/Product/Texture/Image/UiTRPG/UiTRPGStageBg9000.png	Assets/Product/Texture/Atlas/UiTRPG/UiTRPGIconMaze01.png	1022021	格式塔内置的标准防御程序感应到你们的行为未经格式塔授权，向你们发起进攻。虽然它们的敌意是正当的，但是你们的任务是解决更大的危机，所以，进攻行为必须被击退。	目前的实力可以迅速解决这场战斗。		
1022094		1		9	['2', '30200002', '400530', '1022031']	Fight	防御程序	Assets/Product/Texture/Atlas/UiTRPG/UiTRPGStageBg9001Sp.png	Assets/Product/Texture/Image/UiTRPG/UiTRPGStageBg9001.png	Assets/Product/Texture/Atlas/UiTRPG/UiTRPGIconMaze01.png	1022021	格式塔内置的标准防御程序感应到你们的行为未经格式塔授权，向你们发起进攻。虽然它们的敌意是正当的，但是你们的任务是解决更大的危机，所以，进攻行为必须被击退。	目前的实力可以迅速解决这场战斗。		
1022095		1		9	['2', '30200001', '400530', '1022031']	Fight	防御程序	Assets/Product/Texture/Atlas/UiTRPG/UiTRPGStageBg9000Sp.png	Assets/Product/Texture/Image/UiTRPG/UiTRPGStageBg9000.png	Assets/Product/Texture/Atlas/UiTRPG/UiTRPGIconMaze01.png	1022021	格式塔内置的标准防御程序感应到你们的行为未经格式塔授权，向你们发起进攻。虽然它们的敌意是正当的，但是你们的任务是解决更大的危机，所以，进攻行为必须被击退。	目前的实力可以迅速解决这场战斗。		
1022096		1		9	['2', '30200002', '400530', '1022031']	Fight	防御程序	Assets/Product/Texture/Atlas/UiTRPG/UiTRPGStageBg9001Sp.png	Assets/Product/Texture/Image/UiTRPG/UiTRPGStageBg9001.png	Assets/Product/Texture/Atlas/UiTRPG/UiTRPGIconMaze01.png	1022021	格式塔内置的标准防御程序感应到你们的行为未经格式塔授权，向你们发起进攻。虽然它们的敌意是正当的，但是你们的任务是解决更大的危机，所以，进攻行为必须被击退。	目前的实力可以迅速解决这场战斗。		
1022097		1		9	['2', '30200001', '400530', '1022031']	Fight	防御程序	Assets/Product/Texture/Atlas/UiTRPG/UiTRPGStageBg9000Sp.png	Assets/Product/Texture/Image/UiTRPG/UiTRPGStageBg9000.png	Assets/Product/Texture/Atlas/UiTRPG/UiTRPGIconMaze01.png	1022021	格式塔内置的标准防御程序感应到你们的行为未经格式塔授权，向你们发起进攻。虽然它们的敌意是正当的，但是你们的任务是解决更大的危机，所以，进攻行为必须被击退。	目前的实力可以迅速解决这场战斗。		
1023011				1		Data corruption	破碎数据	Assets/Product/Texture/Atlas/UiTRPG/UiTRPGStageBg1000Sp.png	Assets/Product/Texture/Image/UiTRPG/UiTRPGStageBg1000.png						
1023012				1		Data corruption	破碎数据	Assets/Product/Texture/Atlas/UiTRPG/UiTRPGStageBg1001Sp.png	Assets/Product/Texture/Image/UiTRPG/UiTRPGStageBg1001.png						
1023021				2		Virtual process	虚拟进程	Assets/Product/Texture/Atlas/UiTRPG/UiTRPGStageBg2000Sp.png	Assets/Product/Texture/Image/UiTRPG/UiTRPGStageBg2000.png						
1023022				2		Virtual process	虚拟进程	Assets/Product/Texture/Atlas/UiTRPG/UiTRPGStageBg2001Sp.png	Assets/Product/Texture/Image/UiTRPG/UiTRPGStageBg2001.png						
1023041	1		4	4	['FZ01602BD']	Story	继续旅途	Assets/Product/Texture/Atlas/UiTRPG/UiTRPGStageBg3037Sp.png	Assets/Product/Texture/Image/UiTRPG/UiTRPGStageBg3037.png	Assets/Product/Texture/Atlas/UiTRPG/UiTRPGIconMaze02_2.png	1023021			1	
1023051	1		2	5	['1023051', '1', '0']	Test	异常敌对	Assets/Product/Texture/Atlas/UiTRPG/UiTRPGStageBg5001Sp.png	Assets/Product/Texture/Image/UiTRPG/UiTRPGStageBg5001.png	Assets/Product/Texture/Atlas/UiTRPG/UiTRPGIconMaze06.png	1023021				
1023052	1		2	5	['1023052', '1', '0']	Test	干扰区块	Assets/Product/Texture/Atlas/UiTRPG/UiTRPGStageBg5001Sp.png	Assets/Product/Texture/Image/UiTRPG/UiTRPGStageBg5001.png	Assets/Product/Texture/Atlas/UiTRPG/UiTRPGIconMaze06.png	1023021				
1023061	1		1	6	['400502']	Unexpected discovery	残存物资	Assets/Product/Texture/Atlas/UiTRPG/UiTRPGStageBg6000Sp.png	Assets/Product/Texture/Image/UiTRPG/UiTRPGStageBg6000.png	Assets/Product/Texture/Atlas/UiTRPG/UiTRPGIconMaze04.png	1023021				
1023062	1		1	6	['400516']	Unexpected discovery	残存物资	Assets/Product/Texture/Atlas/UiTRPG/UiTRPGStageBg6000Sp.png	Assets/Product/Texture/Image/UiTRPG/UiTRPGStageBg6000.png	Assets/Product/Texture/Atlas/UiTRPG/UiTRPGIconMaze04.png	1023021				
1023063	1		1	6	['400520']	Unexpected discovery	残存物资	Assets/Product/Texture/Atlas/UiTRPG/UiTRPGStageBg6000Sp.png	Assets/Product/Texture/Image/UiTRPG/UiTRPGStageBg6000.png	Assets/Product/Texture/Atlas/UiTRPG/UiTRPGIconMaze04.png	1023021				
1023064	1		1	6	['400502']	Unexpected discovery	残存物资	Assets/Product/Texture/Atlas/UiTRPG/UiTRPGStageBg6000Sp.png	Assets/Product/Texture/Image/UiTRPG/UiTRPGStageBg6000.png	Assets/Product/Texture/Atlas/UiTRPG/UiTRPGIconMaze04.png	1023021				
1023065	1		1	6	['400516']	Unexpected discovery	残存物资	Assets/Product/Texture/Atlas/UiTRPG/UiTRPGStageBg6000Sp.png	Assets/Product/Texture/Image/UiTRPG/UiTRPGStageBg6000.png	Assets/Product/Texture/Atlas/UiTRPG/UiTRPGIconMaze04.png	1023021				
1023066	1		1	6	['400652']	Unexpected discovery	贵重物资	Assets/Product/Texture/Atlas/UiTRPG/UiTRPGStageBg6001Sp.png	Assets/Product/Texture/Image/UiTRPG/UiTRPGStageBg6001.png	Assets/Product/Texture/Atlas/UiTRPG/UiTRPGIconMaze04.png	1023021				
1023071		1		7	['1023021', '200', '1023061', '50', '1023091', '50']	???	随机事件	Assets/Product/Texture/Atlas/UiTRPG/UiTRPGStageBg00Sp.png	Assets/Product/Texture/Image/UiTRPG/UiTRPGStageBg00.png		1023021				
1023072		1		7	['1023021', '200', '1023062', '50', '1023091', '50']	???	随机事件	Assets/Product/Texture/Atlas/UiTRPG/UiTRPGStageBg00Sp.png	Assets/Product/Texture/Image/UiTRPG/UiTRPGStageBg00.png		1023021				
1023073		1		7	['1023021', '200', '1023063', '50', '1023091', '50']	???	随机事件	Assets/Product/Texture/Atlas/UiTRPG/UiTRPGStageBg00Sp.png	Assets/Product/Texture/Image/UiTRPG/UiTRPGStageBg00.png		1023021				
1023074		1		7	['1023021', '200', '1023064', '50', '1023091', '50']	???	随机事件	Assets/Product/Texture/Atlas/UiTRPG/UiTRPGStageBg00Sp.png	Assets/Product/Texture/Image/UiTRPG/UiTRPGStageBg00.png		1023021				
1023075		1		7	['1023021', '200', '1023065', '50', '1023091', '50']	???	随机事件	Assets/Product/Texture/Atlas/UiTRPG/UiTRPGStageBg00Sp.png	Assets/Product/Texture/Image/UiTRPG/UiTRPGStageBg00.png		1023021				
1023081				8	['1022', '26', '5']	Up	第2区域	Assets/Product/Texture/Atlas/UiTRPG/UiTRPGStageBg7000Sp.png	Assets/Product/Texture/Image/UiTRPG/UiTRPGStageBg7000.png	Assets/Product/Texture/Atlas/UiTRPG/UiTRPGIconMaze07.png					
1023091		1		9	['2', '30200001', '400530', '1023031']	Fight	防御程序	Assets/Product/Texture/Atlas/UiTRPG/UiTRPGStageBg9000Sp.png	Assets/Product/Texture/Image/UiTRPG/UiTRPGStageBg9000.png	Assets/Product/Texture/Atlas/UiTRPG/UiTRPGIconMaze01.png	1023021	格式塔内置的标准防御程序感应到你们的行为未经格式塔授权，向你们发起进攻。虽然它们的敌意是正当的，但是你们的任务是解决更大的危机，所以，进攻行为必须被击退。	目前的实力可以迅速解决这场战斗。		
1023092		1		9	['2', '30200002', '400530', '1023031']	Fight	防御程序	Assets/Product/Texture/Atlas/UiTRPG/UiTRPGStageBg9001Sp.png	Assets/Product/Texture/Image/UiTRPG/UiTRPGStageBg9001.png	Assets/Product/Texture/Atlas/UiTRPG/UiTRPGIconMaze01.png	1023021	格式塔内置的标准防御程序感应到你们的行为未经格式塔授权，向你们发起进攻。虽然它们的敌意是正当的，但是你们的任务是解决更大的危机，所以，进攻行为必须被击退。	目前的实力可以迅速解决这场战斗。		
1023093		1		9	['2', '30200001', '400530', '1023031']	Fight	防御程序	Assets/Product/Texture/Atlas/UiTRPG/UiTRPGStageBg9000Sp.png	Assets/Product/Texture/Image/UiTRPG/UiTRPGStageBg9000.png	Assets/Product/Texture/Atlas/UiTRPG/UiTRPGIconMaze01.png	1023021	格式塔内置的标准防御程序感应到你们的行为未经格式塔授权，向你们发起进攻。虽然它们的敌意是正当的，但是你们的任务是解决更大的危机，所以，进攻行为必须被击退。	目前的实力可以迅速解决这场战斗。		
1023094		1		9	['2', '30200002', '400530', '1023031']	Fight	防御程序	Assets/Product/Texture/Atlas/UiTRPG/UiTRPGStageBg9001Sp.png	Assets/Product/Texture/Image/UiTRPG/UiTRPGStageBg9001.png	Assets/Product/Texture/Atlas/UiTRPG/UiTRPGIconMaze01.png	1023021	格式塔内置的标准防御程序感应到你们的行为未经格式塔授权，向你们发起进攻。虽然它们的敌意是正当的，但是你们的任务是解决更大的危机，所以，进攻行为必须被击退。	目前的实力可以迅速解决这场战斗。		
1023095		1		9	['2', '30200001', '400530', '1023031']	Fight	防御程序	Assets/Product/Texture/Atlas/UiTRPG/UiTRPGStageBg9000Sp.png	Assets/Product/Texture/Image/UiTRPG/UiTRPGStageBg9000.png	Assets/Product/Texture/Atlas/UiTRPG/UiTRPGIconMaze01.png	1023021	格式塔内置的标准防御程序感应到你们的行为未经格式塔授权，向你们发起进攻。虽然它们的敌意是正当的，但是你们的任务是解决更大的危机，所以，进攻行为必须被击退。	目前的实力可以迅速解决这场战斗。		
1023096		1		9	['2', '30200002', '400530', '1023031']	Fight	防御程序	Assets/Product/Texture/Atlas/UiTRPG/UiTRPGStageBg9001Sp.png	Assets/Product/Texture/Image/UiTRPG/UiTRPGStageBg9001.png	Assets/Product/Texture/Atlas/UiTRPG/UiTRPGIconMaze01.png	1023021	格式塔内置的标准防御程序感应到你们的行为未经格式塔授权，向你们发起进攻。虽然它们的敌意是正当的，但是你们的任务是解决更大的危机，所以，进攻行为必须被击退。	目前的实力可以迅速解决这场战斗。		
1023097		1		9	['2', '30200002', '400530', '1023031']	Fight	防御程序	Assets/Product/Texture/Atlas/UiTRPG/UiTRPGStageBg9001Sp.png	Assets/Product/Texture/Image/UiTRPG/UiTRPGStageBg9001.png	Assets/Product/Texture/Atlas/UiTRPG/UiTRPGIconMaze01.png	1023021	格式塔内置的标准防御程序感应到你们的行为未经格式塔授权，向你们发起进攻。虽然它们的敌意是正当的，但是你们的任务是解决更大的危机，所以，进攻行为必须被击退。	目前的实力可以迅速解决这场战斗。		
1031011				1		Data corruption	破碎数据	Assets/Product/Texture/Atlas/UiTRPG/UiTRPGStageBg1003Sp.png	Assets/Product/Texture/Image/UiTRPG/UiTRPGStageBg1003.png						
1031012				1		Data corruption	破碎数据	Assets/Product/Texture/Atlas/UiTRPG/UiTRPGStageBg1004Sp.png	Assets/Product/Texture/Image/UiTRPG/UiTRPGStageBg1004.png						
1031021				2		Virtual process	虚拟进程	Assets/Product/Texture/Atlas/UiTRPG/UiTRPGStageBg2002Sp.png	Assets/Product/Texture/Image/UiTRPG/UiTRPGStageBg2002.png						
1031022				2		Virtual process	虚拟进程	Assets/Product/Texture/Atlas/UiTRPG/UiTRPGStageBg2003Sp.png	Assets/Product/Texture/Image/UiTRPG/UiTRPGStageBg2003.png						
1031031	1		3	3	['10130103']	Story	意外的矢弹	Assets/Product/Texture/Atlas/UiTRPG/UiTRPGStageBg3002Sp.png	Assets/Product/Texture/Image/UiTRPG/UiTRPGStageBg3002.png	Assets/Product/Texture/Atlas/UiTRPG/UiTRPGIconMaze02.png	1031021	意外丛生，有善意的，也有恶意的；有奉命行事，也有自我发挥。		1	ZX01603EA
1031042	1		3	4	['ZX01604BA']	Story	虚伪的友人	Assets/Product/Texture/Atlas/UiTRPG/UiTRPGStageBg3003Sp.png	Assets/Product/Texture/Image/UiTRPG/UiTRPGStageBg3003.png	Assets/Product/Texture/Atlas/UiTRPG/UiTRPGIconMaze02.png	1031021			1	
1031050	1		2	5	['1031050', '1', '0']	Test	扫描计划	Assets/Product/Texture/Atlas/UiTRPG/UiTRPGStageBg5002Sp.png	Assets/Product/Texture/Image/UiTRPG/UiTRPGStageBg5002.png	Assets/Product/Texture/Atlas/UiTRPG/UiTRPGIconMaze06.png	1031021				
1031051	1		2	5	['1031051', '1', '0']	Test	垃圾数据	Assets/Product/Texture/Atlas/UiTRPG/UiTRPGStageBg5003Sp.png	Assets/Product/Texture/Image/UiTRPG/UiTRPGStageBg5003.png	Assets/Product/Texture/Atlas/UiTRPG/UiTRPGIconMaze06.png	1031021				
1031061	1		1	6	['400502']	Reward	残存物资	Assets/Product/Texture/Atlas/UiTRPG/UiTRPGStageBg6000Sp.png	Assets/Product/Texture/Image/UiTRPG/UiTRPGStageBg6000.png	Assets/Product/Texture/Atlas/UiTRPG/UiTRPGIconMaze04.png	1031021				
1031062	1		1	6	['400513']	Reward	残存物资	Assets/Product/Texture/Atlas/UiTRPG/UiTRPGStageBg6000Sp.png	Assets/Product/Texture/Image/UiTRPG/UiTRPGStageBg6000.png	Assets/Product/Texture/Atlas/UiTRPG/UiTRPGIconMaze04.png	1031021				
1031063	1		1	6	['400508']	Reward	残存物资	Assets/Product/Texture/Atlas/UiTRPG/UiTRPGStageBg6000Sp.png	Assets/Product/Texture/Image/UiTRPG/UiTRPGStageBg6000.png	Assets/Product/Texture/Atlas/UiTRPG/UiTRPGIconMaze04.png	1031021				
1031064	1		1	6	['400516']	Reward	残存物资	Assets/Product/Texture/Atlas/UiTRPG/UiTRPGStageBg6000Sp.png	Assets/Product/Texture/Image/UiTRPG/UiTRPGStageBg6000.png	Assets/Product/Texture/Atlas/UiTRPG/UiTRPGIconMaze04.png	1031021				
1031071		1		7	['1031021', '200', '1031061', '50', '1031091', '50']	???	随机事件	Assets/Product/Texture/Atlas/UiTRPG/UiTRPGStageBg00Sp.png	Assets/Product/Texture/Image/UiTRPG/UiTRPGStageBg00.png		1031021				
1031072		1		7	['1031021', '200', '1031062', '50', '1031091', '50']	???	随机事件	Assets/Product/Texture/Atlas/UiTRPG/UiTRPGStageBg00Sp.png	Assets/Product/Texture/Image/UiTRPG/UiTRPGStageBg00.png		1031021				
1031081				8	['1032', '23', '3']	Down	第2区域	Assets/Product/Texture/Atlas/UiTRPG/UiTRPGStageBg7002Sp.png	Assets/Product/Texture/Image/UiTRPG/UiTRPGStageBg7002.png	Assets/Product/Texture/Atlas/UiTRPG/UiTRPGIconMaze08.png					
1031091		1		9	['3', '30200003', '400530', '1031031']	Fight	防御程序	Assets/Product/Texture/Atlas/UiTRPG/UiTRPGStageBg9000Sp.png	Assets/Product/Texture/Image/UiTRPG/UiTRPGStageBg9000.png	Assets/Product/Texture/Atlas/UiTRPG/UiTRPGIconMaze01.png	1031021	格式塔内置的标准防御程序感应到你们的行为未经格式塔授权，向你们发起进攻。虽然它们的敌意是正当的，但是你们的任务是解决更大的危机，所以，进攻行为必须被击退。	目前的实力可以迅速解决这场战斗。		
1031092		1		9	['3', '30200004', '400530', '1031031']	Fight	防御程序	Assets/Product/Texture/Atlas/UiTRPG/UiTRPGStageBg9001Sp.png	Assets/Product/Texture/Image/UiTRPG/UiTRPGStageBg9001.png	Assets/Product/Texture/Atlas/UiTRPG/UiTRPGIconMaze01.png	1031021	格式塔内置的标准防御程序感应到你们的行为未经格式塔授权，向你们发起进攻。虽然它们的敌意是正当的，但是你们的任务是解决更大的危机，所以，进攻行为必须被击退。	目前的实力可以迅速解决这场战斗。		
1031093		1		9	['3', '30200003', '400530', '1031031']	Fight	防御程序	Assets/Product/Texture/Atlas/UiTRPG/UiTRPGStageBg9000Sp.png	Assets/Product/Texture/Image/UiTRPG/UiTRPGStageBg9000.png	Assets/Product/Texture/Atlas/UiTRPG/UiTRPGIconMaze01.png	1031021	格式塔内置的标准防御程序感应到你们的行为未经格式塔授权，向你们发起进攻。虽然它们的敌意是正当的，但是你们的任务是解决更大的危机，所以，进攻行为必须被击退。	目前的实力可以迅速解决这场战斗。		
1031094		1		9	['3', '30200004', '400530', '1031031']	Fight	防御程序	Assets/Product/Texture/Atlas/UiTRPG/UiTRPGStageBg9001Sp.png	Assets/Product/Texture/Image/UiTRPG/UiTRPGStageBg9001.png	Assets/Product/Texture/Atlas/UiTRPG/UiTRPGIconMaze01.png	1031021	格式塔内置的标准防御程序感应到你们的行为未经格式塔授权，向你们发起进攻。虽然它们的敌意是正当的，但是你们的任务是解决更大的危机，所以，进攻行为必须被击退。	目前的实力可以迅速解决这场战斗。		
1031095		1		9	['3', '30200003', '400530', '1031031']	Fight	防御程序	Assets/Product/Texture/Atlas/UiTRPG/UiTRPGStageBg9001Sp.png	Assets/Product/Texture/Image/UiTRPG/UiTRPGStageBg9001.png	Assets/Product/Texture/Atlas/UiTRPG/UiTRPGIconMaze01.png	1031021	格式塔内置的标准防御程序感应到你们的行为未经格式塔授权，向你们发起进攻。虽然它们的敌意是正当的，但是你们的任务是解决更大的危机，所以，进攻行为必须被击退。	目前的实力可以迅速解决这场战斗。		
1031101				10		Out	离开	Assets/Product/Texture/Atlas/UiTRPG/UiTRPGStageBg7003Sp.png	Assets/Product/Texture/Image/UiTRPG/UiTRPGStageBg7003.png	Assets/Product/Texture/Atlas/UiTRPG/UiTRPGIconMaze09.png					
1032011				1		Data corruption	破碎数据	Assets/Product/Texture/Atlas/UiTRPG/UiTRPGStageBg1003Sp.png	Assets/Product/Texture/Image/UiTRPG/UiTRPGStageBg1003.png						
1032012				1		Data corruption	破碎数据	Assets/Product/Texture/Atlas/UiTRPG/UiTRPGStageBg1004Sp.png	Assets/Product/Texture/Image/UiTRPG/UiTRPGStageBg1004.png						
1032021				2		Virtual process	虚拟进程	Assets/Product/Texture/Atlas/UiTRPG/UiTRPGStageBg2002Sp.png	Assets/Product/Texture/Image/UiTRPG/UiTRPGStageBg2002.png						
1032022				2		Virtual process	虚拟进程	Assets/Product/Texture/Atlas/UiTRPG/UiTRPGStageBg2003Sp.png	Assets/Product/Texture/Image/UiTRPG/UiTRPGStageBg2003.png						
1032041	1		3	4	['ZX01605BA']	Story	诱饵侧写	Assets/Product/Texture/Atlas/UiTRPG/UiTRPGStageBg3004Sp.png	Assets/Product/Texture/Image/UiTRPG/UiTRPGStageBg3004.png	Assets/Product/Texture/Atlas/UiTRPG/UiTRPGIconMaze02.png	1031021			1	
1032045	1		3	4	['ZX01606BA']	Story	脆弱的维系	Assets/Product/Texture/Atlas/UiTRPG/UiTRPGStageBg3005Sp.png	Assets/Product/Texture/Image/UiTRPG/UiTRPGStageBg3005.png	Assets/Product/Texture/Atlas/UiTRPG/UiTRPGIconMaze02.png	1031021			1	
1032051	1		2	5	['1032051', '1', '0']	Over	合而为一	Assets/Product/Texture/Atlas/UiTRPG/UiTRPGStageBg5004Sp.png	Assets/Product/Texture/Image/UiTRPG/UiTRPGStageBg5004.png	Assets/Product/Texture/Atlas/UiTRPG/UiTRPGIconMaze06.png	1032021				
1032052	1		2	5	['1032052', '1', '0']	Over	紊乱通道	Assets/Product/Texture/Atlas/UiTRPG/UiTRPGStageBg5004Sp.png	Assets/Product/Texture/Image/UiTRPG/UiTRPGStageBg5004.png	Assets/Product/Texture/Atlas/UiTRPG/UiTRPGIconMaze06.png	1032021				
1032053	1		2	5	['1032053', '1', '0']	Test	加密漏洞	Assets/Product/Texture/Atlas/UiTRPG/UiTRPGStageBg5002Sp.png	Assets/Product/Texture/Image/UiTRPG/UiTRPGStageBg5002.png	Assets/Product/Texture/Atlas/UiTRPG/UiTRPGIconMaze06.png	1032021				
1032054	1		2	5	['1032054', '1', '0']	Test	加密漏洞	Assets/Product/Texture/Atlas/UiTRPG/UiTRPGStageBg5002Sp.png	Assets/Product/Texture/Image/UiTRPG/UiTRPGStageBg5002.png	Assets/Product/Texture/Atlas/UiTRPG/UiTRPGIconMaze06.png	1032021				
1032055	1		2	5	['1032055', '1', '400522']	Test	加密漏洞	Assets/Product/Texture/Atlas/UiTRPG/UiTRPGStageBg5004Sp.png	Assets/Product/Texture/Image/UiTRPG/UiTRPGStageBg5004.png	Assets/Product/Texture/Atlas/UiTRPG/UiTRPGIconMaze06.png	1032021			1	
1032056		1		5	['1032056', '0', '0']	Trap	突发故障	Assets/Product/Texture/Atlas/UiTRPG/UiTRPGStageBg8000Sp.png	Assets/Product/Texture/Image/UiTRPG/UiTRPGStageBg8000.png	Assets/Product/Texture/Atlas/UiTRPG/UiTRPGIconMaze05.png	1032021				
1032057		1		5	['1032057', '0', '0']	Trap	突发故障	Assets/Product/Texture/Atlas/UiTRPG/UiTRPGStageBg8001Sp.png	Assets/Product/Texture/Image/UiTRPG/UiTRPGStageBg8001.png	Assets/Product/Texture/Atlas/UiTRPG/UiTRPGIconMaze05.png	1032021				
1032061	1		1	6	['400513']	Reward	残存物资	Assets/Product/Texture/Atlas/UiTRPG/UiTRPGStageBg6000Sp.png	Assets/Product/Texture/Image/UiTRPG/UiTRPGStageBg6000.png	Assets/Product/Texture/Atlas/UiTRPG/UiTRPGIconMaze04.png	1032021				
1032062	1		1	6	['400516']	Reward	残存物资	Assets/Product/Texture/Atlas/UiTRPG/UiTRPGStageBg6000Sp.png	Assets/Product/Texture/Image/UiTRPG/UiTRPGStageBg6000.png	Assets/Product/Texture/Atlas/UiTRPG/UiTRPGIconMaze04.png	1032021				
1032063	1		1	6	['400513']	Reward	残存物资	Assets/Product/Texture/Atlas/UiTRPG/UiTRPGStageBg6000Sp.png	Assets/Product/Texture/Image/UiTRPG/UiTRPGStageBg6000.png	Assets/Product/Texture/Atlas/UiTRPG/UiTRPGIconMaze04.png	1032021				
1032064	1		1	6	['400516']	Reward	残存物资	Assets/Product/Texture/Atlas/UiTRPG/UiTRPGStageBg6000Sp.png	Assets/Product/Texture/Image/UiTRPG/UiTRPGStageBg6000.png	Assets/Product/Texture/Atlas/UiTRPG/UiTRPGIconMaze04.png	1032021				
1032065	1		1	6	['400513']	Reward	残存物资	Assets/Product/Texture/Atlas/UiTRPG/UiTRPGStageBg6000Sp.png	Assets/Product/Texture/Image/UiTRPG/UiTRPGStageBg6000.png	Assets/Product/Texture/Atlas/UiTRPG/UiTRPGIconMaze04.png	1032021				
1032071		1		7	['1032021', '200', '1032061', '50', '1032091', '50']	???	随机事件	Assets/Product/Texture/Atlas/UiTRPG/UiTRPGStageBg00Sp.png	Assets/Product/Texture/Image/UiTRPG/UiTRPGStageBg00.png		1032021				
1032072		1		7	['1032021', '200', '1032062', '50', '1032091', '50']	???	随机事件	Assets/Product/Texture/Atlas/UiTRPG/UiTRPGStageBg00Sp.png	Assets/Product/Texture/Image/UiTRPG/UiTRPGStageBg00.png		1032021				
1032073		1		7	['1032021', '200', '1032063', '50', '1032091', '50']	???	随机事件	Assets/Product/Texture/Atlas/UiTRPG/UiTRPGStageBg00Sp.png	Assets/Product/Texture/Image/UiTRPG/UiTRPGStageBg00.png		1032021				
1032081				8	['1031', '17', '1']	Up	第1区域	Assets/Product/Texture/Atlas/UiTRPG/UiTRPGStageBg7003Sp.png	Assets/Product/Texture/Image/UiTRPG/UiTRPGStageBg7003.png	Assets/Product/Texture/Atlas/UiTRPG/UiTRPGIconMaze07.png					
1032082				8	['1033', '26', '2']	Down	第2区域	Assets/Product/Texture/Atlas/UiTRPG/UiTRPGStageBg7002Sp.png	Assets/Product/Texture/Image/UiTRPG/UiTRPGStageBg7002.png	Assets/Product/Texture/Atlas/UiTRPG/UiTRPGIconMaze08.png					
1032091		1		9	['3', '30200005', '400530', '1032031']	Fight-01	防御程序	Assets/Product/Texture/Atlas/UiTRPG/UiTRPGStageBg9000Sp.png	Assets/Product/Texture/Image/UiTRPG/UiTRPGStageBg9000.png	Assets/Product/Texture/Atlas/UiTRPG/UiTRPGIconMaze01.png	1032021	格式塔内置的标准防御程序感应到你们的行为未经格式塔授权，向你们发起进攻。虽然它们的敌意是正当的，但是你们的任务是解决更大的危机，所以，进攻行为必须被击退。	目前的实力可以迅速解决这场战斗。		
1032092		1		9	['3', '30200006', '400530', '1032031']	Fight-02	防御程序	Assets/Product/Texture/Atlas/UiTRPG/UiTRPGStageBg9001Sp.png	Assets/Product/Texture/Image/UiTRPG/UiTRPGStageBg9001.png	Assets/Product/Texture/Atlas/UiTRPG/UiTRPGIconMaze01.png	1032021	格式塔内置的标准防御程序感应到你们的行为未经格式塔授权，向你们发起进攻。虽然它们的敌意是正当的，但是你们的任务是解决更大的危机，所以，进攻行为必须被击退。	目前的实力可以迅速解决这场战斗。		
1032093		1		9	['3', '30200005', '400530', '1032031']	Fight-03	防御程序	Assets/Product/Texture/Atlas/UiTRPG/UiTRPGStageBg9000Sp.png	Assets/Product/Texture/Image/UiTRPG/UiTRPGStageBg9000.png	Assets/Product/Texture/Atlas/UiTRPG/UiTRPGIconMaze01.png	1032021	格式塔内置的标准防御程序感应到你们的行为未经格式塔授权，向你们发起进攻。虽然它们的敌意是正当的，但是你们的任务是解决更大的危机，所以，进攻行为必须被击退。	目前的实力可以迅速解决这场战斗。		
1032094		1		9	['3', '30200006', '400530', '1032031']	Fight-04	防御程序	Assets/Product/Texture/Atlas/UiTRPG/UiTRPGStageBg9001Sp.png	Assets/Product/Texture/Image/UiTRPG/UiTRPGStageBg9001.png	Assets/Product/Texture/Atlas/UiTRPG/UiTRPGIconMaze01.png	1032021	格式塔内置的标准防御程序感应到你们的行为未经格式塔授权，向你们发起进攻。虽然它们的敌意是正当的，但是你们的任务是解决更大的危机，所以，进攻行为必须被击退。	目前的实力可以迅速解决这场战斗。		
1032095		1		9	['3', '30200005', '400530', '1032031']	Fight-05	防御程序	Assets/Product/Texture/Atlas/UiTRPG/UiTRPGStageBg9000Sp.png	Assets/Product/Texture/Image/UiTRPG/UiTRPGStageBg9000.png	Assets/Product/Texture/Atlas/UiTRPG/UiTRPGIconMaze01.png	1032021	格式塔内置的标准防御程序感应到你们的行为未经格式塔授权，向你们发起进攻。虽然它们的敌意是正当的，但是你们的任务是解决更大的危机，所以，进攻行为必须被击退。	目前的实力可以迅速解决这场战斗。		
1032096		1		9	['3', '30200006', '400530', '1032031']	Fight-06	防御程序	Assets/Product/Texture/Atlas/UiTRPG/UiTRPGStageBg9001Sp.png	Assets/Product/Texture/Image/UiTRPG/UiTRPGStageBg9001.png	Assets/Product/Texture/Atlas/UiTRPG/UiTRPGIconMaze01.png	1032021	格式塔内置的标准防御程序感应到你们的行为未经格式塔授权，向你们发起进攻。虽然它们的敌意是正当的，但是你们的任务是解决更大的危机，所以，进攻行为必须被击退。	目前的实力可以迅速解决这场战斗。		
1033011				1		Data corruption	破碎数据	Assets/Product/Texture/Atlas/UiTRPG/UiTRPGStageBg1003Sp.png	Assets/Product/Texture/Image/UiTRPG/UiTRPGStageBg1003.png						
1033012				1		Data corruption	破碎数据	Assets/Product/Texture/Atlas/UiTRPG/UiTRPGStageBg1004Sp.png	Assets/Product/Texture/Image/UiTRPG/UiTRPGStageBg1004.png						
1033021				2		Virtual process	虚拟进程	Assets/Product/Texture/Atlas/UiTRPG/UiTRPGStageBg2002Sp.png	Assets/Product/Texture/Image/UiTRPG/UiTRPGStageBg2002.png						
1033022				2		Virtual process	虚拟进程	Assets/Product/Texture/Atlas/UiTRPG/UiTRPGStageBg2003Sp.png	Assets/Product/Texture/Image/UiTRPG/UiTRPGStageBg2003.png						
1033041	1		4	4	['FZ01602BA']	Story	旅行者	Assets/Product/Texture/Atlas/UiTRPG/UiTRPGStageBg3037Sp.png	Assets/Product/Texture/Image/UiTRPG/UiTRPGStageBg3037.png	Assets/Product/Texture/Atlas/UiTRPG/UiTRPGIconMaze02_2.png	1031021			1	
1033042	1		4	4	['FZ01601BA']	Story	入侵者	Assets/Product/Texture/Atlas/UiTRPG/UiTRPGStageBg3037Sp.png	Assets/Product/Texture/Image/UiTRPG/UiTRPGStageBg3037.png	Assets/Product/Texture/Atlas/UiTRPG/UiTRPGIconMaze02_2.png	1031021			1	
1033051	1		2	5	['1033051', '1', '0']	Test	数据迷宫	Assets/Product/Texture/Atlas/UiTRPG/UiTRPGStageBg5004Sp.png	Assets/Product/Texture/Image/UiTRPG/UiTRPGStageBg5004.png	Assets/Product/Texture/Atlas/UiTRPG/UiTRPGIconMaze06.png	1033021				
1033052	1		2	5	['1033052', '1', '0']	Test	干扰区块	Assets/Product/Texture/Atlas/UiTRPG/UiTRPGStageBg5004Sp.png	Assets/Product/Texture/Image/UiTRPG/UiTRPGStageBg5004.png	Assets/Product/Texture/Atlas/UiTRPG/UiTRPGIconMaze06.png	1033021				
1033061	1		1	6	['400524']	Reward	贵重物资	Assets/Product/Texture/Atlas/UiTRPG/UiTRPGStageBg6001Sp.png	Assets/Product/Texture/Image/UiTRPG/UiTRPGStageBg6001.png	Assets/Product/Texture/Atlas/UiTRPG/UiTRPGIconMaze04.png	1033021				
1033062	1		1	6	['400606']	Reward	贵重物资	Assets/Product/Texture/Atlas/UiTRPG/UiTRPGStageBg6001Sp.png	Assets/Product/Texture/Image/UiTRPG/UiTRPGStageBg6001.png	Assets/Product/Texture/Atlas/UiTRPG/UiTRPGIconMaze04.png	1033021				
1033063	1		1	6	['400652']	Reward	贵重物资	Assets/Product/Texture/Atlas/UiTRPG/UiTRPGStageBg6001Sp.png	Assets/Product/Texture/Image/UiTRPG/UiTRPGStageBg6001.png	Assets/Product/Texture/Atlas/UiTRPG/UiTRPGIconMaze04.png	1033021				
1033064	1		1	6	['400516']	Reward	残存物资	Assets/Product/Texture/Atlas/UiTRPG/UiTRPGStageBg6000Sp.png	Assets/Product/Texture/Image/UiTRPG/UiTRPGStageBg6000.png	Assets/Product/Texture/Atlas/UiTRPG/UiTRPGIconMaze04.png	1033021				
1033065	1		1	6	['400513']	Reward	残存物资	Assets/Product/Texture/Atlas/UiTRPG/UiTRPGStageBg6000Sp.png	Assets/Product/Texture/Image/UiTRPG/UiTRPGStageBg6000.png	Assets/Product/Texture/Atlas/UiTRPG/UiTRPGIconMaze04.png	1033021				
1033066	1		1	6	['400516']	Reward	残存物资	Assets/Product/Texture/Atlas/UiTRPG/UiTRPGStageBg6000Sp.png	Assets/Product/Texture/Image/UiTRPG/UiTRPGStageBg6000.png	Assets/Product/Texture/Atlas/UiTRPG/UiTRPGIconMaze04.png	1033021				
1033067	1		1	6	['400513']	Reward	残存物资	Assets/Product/Texture/Atlas/UiTRPG/UiTRPGStageBg6000Sp.png	Assets/Product/Texture/Image/UiTRPG/UiTRPGStageBg6000.png	Assets/Product/Texture/Atlas/UiTRPG/UiTRPGIconMaze04.png	1033021				
1033071		1		7	['1033021', '200', '1033067', '50', '1033091', '50']	???	随机事件	Assets/Product/Texture/Atlas/UiTRPG/UiTRPGStageBg00Sp.png	Assets/Product/Texture/Image/UiTRPG/UiTRPGStageBg00.png		1033021				
1033072		1		7	['1033021', '200', '1033064', '50', '1033091', '50']	???	随机事件	Assets/Product/Texture/Atlas/UiTRPG/UiTRPGStageBg00Sp.png	Assets/Product/Texture/Image/UiTRPG/UiTRPGStageBg00.png		1033021				
1033073		1		7	['1033021', '200', '1033065', '50', '1033091', '50']	???	随机事件	Assets/Product/Texture/Atlas/UiTRPG/UiTRPGStageBg00Sp.png	Assets/Product/Texture/Image/UiTRPG/UiTRPGStageBg00.png		1033021				
1033074		1		7	['1033021', '200', '1033066', '50', '1033091', '50']	???	随机事件	Assets/Product/Texture/Atlas/UiTRPG/UiTRPGStageBg00Sp.png	Assets/Product/Texture/Image/UiTRPG/UiTRPGStageBg00.png		1033021				
1033081				8	['1031', '38', '3']	Up	第1区域	Assets/Product/Texture/Atlas/UiTRPG/UiTRPGStageBg7003Sp.png	Assets/Product/Texture/Image/UiTRPG/UiTRPGStageBg7003.png	Assets/Product/Texture/Atlas/UiTRPG/UiTRPGIconMaze07.png					
1033091		1		9	['3', '30200005', '400530', '1033031']	Fight-01	防御程序	Assets/Product/Texture/Atlas/UiTRPG/UiTRPGStageBg9000Sp.png	Assets/Product/Texture/Image/UiTRPG/UiTRPGStageBg9000.png	Assets/Product/Texture/Atlas/UiTRPG/UiTRPGIconMaze01.png	1033021	格式塔内置的标准防御程序感应到你们的行为未经格式塔授权，向你们发起进攻。虽然它们的敌意是正当的，但是你们的任务是解决更大的危机，所以，进攻行为必须被击退。	目前的实力可以迅速解决这场战斗。		
1033092		1		9	['3', '30200006', '400530', '1033031']	Fight-02	防御程序	Assets/Product/Texture/Atlas/UiTRPG/UiTRPGStageBg9001Sp.png	Assets/Product/Texture/Image/UiTRPG/UiTRPGStageBg9001.png	Assets/Product/Texture/Atlas/UiTRPG/UiTRPGIconMaze01.png	1033021	格式塔内置的标准防御程序感应到你们的行为未经格式塔授权，向你们发起进攻。虽然它们的敌意是正当的，但是你们的任务是解决更大的危机，所以，进攻行为必须被击退。	目前的实力可以迅速解决这场战斗。		
1033093		1		9	['3', '30200005', '400530', '1033031']	Fight-03	防御程序	Assets/Product/Texture/Atlas/UiTRPG/UiTRPGStageBg9000Sp.png	Assets/Product/Texture/Image/UiTRPG/UiTRPGStageBg9000.png	Assets/Product/Texture/Atlas/UiTRPG/UiTRPGIconMaze01.png	1033021	格式塔内置的标准防御程序感应到你们的行为未经格式塔授权，向你们发起进攻。虽然它们的敌意是正当的，但是你们的任务是解决更大的危机，所以，进攻行为必须被击退。	目前的实力可以迅速解决这场战斗。		
1033094		1		9	['3', '30200006', '400530', '1033031']	Fight-04	防御程序	Assets/Product/Texture/Atlas/UiTRPG/UiTRPGStageBg9001Sp.png	Assets/Product/Texture/Image/UiTRPG/UiTRPGStageBg9001.png	Assets/Product/Texture/Atlas/UiTRPG/UiTRPGIconMaze01.png	1033021	格式塔内置的标准防御程序感应到你们的行为未经格式塔授权，向你们发起进攻。虽然它们的敌意是正当的，但是你们的任务是解决更大的危机，所以，进攻行为必须被击退。	目前的实力可以迅速解决这场战斗。		
1033095		1		9	['3', '30200005', '400530', '1033031']	Fight-05	防御程序	Assets/Product/Texture/Atlas/UiTRPG/UiTRPGStageBg9000Sp.png	Assets/Product/Texture/Image/UiTRPG/UiTRPGStageBg9000.png	Assets/Product/Texture/Atlas/UiTRPG/UiTRPGIconMaze01.png	1033021	格式塔内置的标准防御程序感应到你们的行为未经格式塔授权，向你们发起进攻。虽然它们的敌意是正当的，但是你们的任务是解决更大的危机，所以，进攻行为必须被击退。	目前的实力可以迅速解决这场战斗。		
1033096		1		9	['3', '30200006', '400530', '1033031']	Fight-06	防御程序	Assets/Product/Texture/Atlas/UiTRPG/UiTRPGStageBg9001Sp.png	Assets/Product/Texture/Image/UiTRPG/UiTRPGStageBg9001.png	Assets/Product/Texture/Atlas/UiTRPG/UiTRPGIconMaze01.png	1033021	格式塔内置的标准防御程序感应到你们的行为未经格式塔授权，向你们发起进攻。虽然它们的敌意是正当的，但是你们的任务是解决更大的危机，所以，进攻行为必须被击退。	目前的实力可以迅速解决这场战斗。		
1033097		1		9	['3', '30200005', '400530', '1033031']	Fight-05	防御程序	Assets/Product/Texture/Atlas/UiTRPG/UiTRPGStageBg9000Sp.png	Assets/Product/Texture/Image/UiTRPG/UiTRPGStageBg9000.png	Assets/Product/Texture/Atlas/UiTRPG/UiTRPGIconMaze01.png	1033021	格式塔内置的标准防御程序感应到你们的行为未经格式塔授权，向你们发起进攻。虽然它们的敌意是正当的，但是你们的任务是解决更大的危机，所以，进攻行为必须被击退。	目前的实力可以迅速解决这场战斗。		
1041011				1		Data corruption	破碎数据	Assets/Product/Texture/Atlas/UiTRPG/UiTRPGStageBg1006Sp.png	Assets/Product/Texture/Image/UiTRPG/UiTRPGStageBg1006.png						
1041012				1		Data corruption	破碎数据	Assets/Product/Texture/Atlas/UiTRPG/UiTRPGStageBg1007Sp.png	Assets/Product/Texture/Image/UiTRPG/UiTRPGStageBg1007.png						
1041021				2		Virtual process	虚拟进程	Assets/Product/Texture/Atlas/UiTRPG/UiTRPGStageBg2004Sp.png	Assets/Product/Texture/Image/UiTRPG/UiTRPGStageBg2004.png						
1041022				2		Virtual process	虚拟进程	Assets/Product/Texture/Atlas/UiTRPG/UiTRPGStageBg2005Sp.png	Assets/Product/Texture/Image/UiTRPG/UiTRPGStageBg2005.png						
1041031	1		3	3	['10130105']	Story	打破僵局	Assets/Product/Texture/Atlas/UiTRPG/UiTRPGStageBg3006Sp.png	Assets/Product/Texture/Image/UiTRPG/UiTRPGStageBg3006.png	Assets/Product/Texture/Atlas/UiTRPG/UiTRPGIconMaze02.png	1041021	终于，你们面前的迷局有了打破的希望。		1	ZX01607EA
1041051	1		2	5	['1041051', '1', '0']	Test	劫持路径点	Assets/Product/Texture/Atlas/UiTRPG/UiTRPGStageBg5006Sp.png	Assets/Product/Texture/Image/UiTRPG/UiTRPGStageBg5006.png	Assets/Product/Texture/Atlas/UiTRPG/UiTRPGIconMaze06.png	1041021				
1041052	1		2	5	['1041052', '1', '0']	Test	桥接痕迹	Assets/Product/Texture/Atlas/UiTRPG/UiTRPGStageBg5005Sp.png	Assets/Product/Texture/Image/UiTRPG/UiTRPGStageBg5005.png	Assets/Product/Texture/Atlas/UiTRPG/UiTRPGIconMaze06.png	1041021				
1041053	1		2	5	['1041053', '1', '0']	Test	劫持路径点	Assets/Product/Texture/Atlas/UiTRPG/UiTRPGStageBg5006Sp.png	Assets/Product/Texture/Image/UiTRPG/UiTRPGStageBg5006.png	Assets/Product/Texture/Atlas/UiTRPG/UiTRPGIconMaze06.png	1041021				
1041054	1		2	5	['1041052', '1', '0']	Test	桥接痕迹	Assets/Product/Texture/Atlas/UiTRPG/UiTRPGStageBg5006Sp.png	Assets/Product/Texture/Image/UiTRPG/UiTRPGStageBg5006.png	Assets/Product/Texture/Atlas/UiTRPG/UiTRPGIconMaze06.png	1041021				
1041055	1		2	5	['1041055', '1', '0']	Test	劫持路径点	Assets/Product/Texture/Atlas/UiTRPG/UiTRPGStageBg5006Sp.png	Assets/Product/Texture/Image/UiTRPG/UiTRPGStageBg5006.png	Assets/Product/Texture/Atlas/UiTRPG/UiTRPGIconMaze06.png	1041021				
1041056	1		2	5	['1041052', '1', '0']	Test	桥接痕迹	Assets/Product/Texture/Atlas/UiTRPG/UiTRPGStageBg5006Sp.png	Assets/Product/Texture/Image/UiTRPG/UiTRPGStageBg5006.png	Assets/Product/Texture/Atlas/UiTRPG/UiTRPGIconMaze06.png	1041021				
1041057	1		2	5	['1041051', '1', '0']	Test	劫持路径点	Assets/Product/Texture/Atlas/UiTRPG/UiTRPGStageBg5006Sp.png	Assets/Product/Texture/Image/UiTRPG/UiTRPGStageBg5006.png	Assets/Product/Texture/Atlas/UiTRPG/UiTRPGIconMaze06.png	1041021				
1041058	1		2	5	['1041052', '1', '0']	Test	桥接痕迹	Assets/Product/Texture/Atlas/UiTRPG/UiTRPGStageBg5006Sp.png	Assets/Product/Texture/Image/UiTRPG/UiTRPGStageBg5006.png	Assets/Product/Texture/Atlas/UiTRPG/UiTRPGIconMaze06.png	1041021				
1041061	1		1	6	['400502']	Reward	残存物资	Assets/Product/Texture/Atlas/UiTRPG/UiTRPGStageBg6000Sp.png	Assets/Product/Texture/Image/UiTRPG/UiTRPGStageBg6000.png	Assets/Product/Texture/Atlas/UiTRPG/UiTRPGIconMaze04.png	1041021				
1041062	1		1	6	['400520']	Reward	残存物资	Assets/Product/Texture/Atlas/UiTRPG/UiTRPGStageBg6000Sp.png	Assets/Product/Texture/Image/UiTRPG/UiTRPGStageBg6000.png	Assets/Product/Texture/Atlas/UiTRPG/UiTRPGIconMaze04.png	1041021				
1041063	1		1	6	['400519']	Reward	残存物资	Assets/Product/Texture/Atlas/UiTRPG/UiTRPGStageBg6000Sp.png	Assets/Product/Texture/Image/UiTRPG/UiTRPGStageBg6000.png	Assets/Product/Texture/Atlas/UiTRPG/UiTRPGIconMaze04.png	1041021				
1041064	1		1	6	['400506']	Reward	残存物资	Assets/Product/Texture/Atlas/UiTRPG/UiTRPGStageBg6000Sp.png	Assets/Product/Texture/Image/UiTRPG/UiTRPGStageBg6000.png	Assets/Product/Texture/Atlas/UiTRPG/UiTRPGIconMaze04.png	1041021				
1041065	1		1	6	['400503']	Reward	残存物资	Assets/Product/Texture/Atlas/UiTRPG/UiTRPGStageBg6000Sp.png	Assets/Product/Texture/Image/UiTRPG/UiTRPGStageBg6000.png	Assets/Product/Texture/Atlas/UiTRPG/UiTRPGIconMaze04.png	1041021				
1041071		1		7	['1041021', '200', '1041061', '50', '1041091', '50']	???	随机事件	Assets/Product/Texture/Atlas/UiTRPG/UiTRPGStageBg00Sp.png	Assets/Product/Texture/Image/UiTRPG/UiTRPGStageBg00.png		1041021				
1041072		1		7	['1041021', '200', '1041062', '50', '1041091', '50']	???	随机事件	Assets/Product/Texture/Atlas/UiTRPG/UiTRPGStageBg00Sp.png	Assets/Product/Texture/Image/UiTRPG/UiTRPGStageBg00.png		1041021				
1041073		1		7	['1041021', '200', '1041063', '50', '1041091', '50']	???	随机事件	Assets/Product/Texture/Atlas/UiTRPG/UiTRPGStageBg00Sp.png	Assets/Product/Texture/Image/UiTRPG/UiTRPGStageBg00.png		1041021				
1041081				8	['1042', '26', '3']	down	第1区域	Assets/Product/Texture/Atlas/UiTRPG/UiTRPGStageBg7004Sp.png	Assets/Product/Texture/Image/UiTRPG/UiTRPGStageBg7004.png	Assets/Product/Texture/Atlas/UiTRPG/UiTRPGIconMaze08.png					
1041091		1		9	['4', '30200007', '400530', '1041031']	Fight	异常程序	Assets/Product/Texture/Atlas/UiTRPG/UiTRPGStageBg9000Sp.png	Assets/Product/Texture/Image/UiTRPG/UiTRPGStageBg9000.png	Assets/Product/Texture/Atlas/UiTRPG/UiTRPGIconMaze01.png	1041021	格式塔内置的标准防御程序发生了数据改写的迹象，这些异常的防御程序现在会无差别攻击所有活动的信号源。阻止它们，或者被它们阻止。	目前的实力可以迅速解决这场战斗。		
1041092		1		9	['4', '30200008', '400530', '1041031']	Fight	异常程序	Assets/Product/Texture/Atlas/UiTRPG/UiTRPGStageBg9001Sp.png	Assets/Product/Texture/Image/UiTRPG/UiTRPGStageBg9001.png	Assets/Product/Texture/Atlas/UiTRPG/UiTRPGIconMaze01.png	1041021	格式塔内置的标准防御程序发生了数据改写的迹象，这些异常的防御程序现在会无差别攻击所有活动的信号源。阻止它们，或者被它们阻止。	目前的实力可以迅速解决这场战斗。		
1041093		1		9	['4', '30200007', '400530', '1041031']	Fight	异常程序	Assets/Product/Texture/Atlas/UiTRPG/UiTRPGStageBg9000Sp.png	Assets/Product/Texture/Image/UiTRPG/UiTRPGStageBg9000.png	Assets/Product/Texture/Atlas/UiTRPG/UiTRPGIconMaze01.png	1041021	格式塔内置的标准防御程序发生了数据改写的迹象，这些异常的防御程序现在会无差别攻击所有活动的信号源。阻止它们，或者被它们阻止。	目前的实力可以迅速解决这场战斗。		
1041094		1		9	['4', '30200008', '400530', '1041031']	Fight	异常程序	Assets/Product/Texture/Atlas/UiTRPG/UiTRPGStageBg9001Sp.png	Assets/Product/Texture/Image/UiTRPG/UiTRPGStageBg9001.png	Assets/Product/Texture/Atlas/UiTRPG/UiTRPGIconMaze01.png	1041021	格式塔内置的标准防御程序发生了数据改写的迹象，这些异常的防御程序现在会无差别攻击所有活动的信号源。阻止它们，或者被它们阻止。	目前的实力可以迅速解决这场战斗。		
1041095		1		9	['4', '30200007', '400530', '1041031']	Fight	异常程序	Assets/Product/Texture/Atlas/UiTRPG/UiTRPGStageBg9000Sp.png	Assets/Product/Texture/Image/UiTRPG/UiTRPGStageBg9000.png	Assets/Product/Texture/Atlas/UiTRPG/UiTRPGIconMaze01.png	1041021	格式塔内置的标准防御程序发生了数据改写的迹象，这些异常的防御程序现在会无差别攻击所有活动的信号源。阻止它们，或者被它们阻止。	目前的实力可以迅速解决这场战斗。		
1041096		1		9	['4', '30200008', '400530', '1041031']	Fight	异常程序	Assets/Product/Texture/Atlas/UiTRPG/UiTRPGStageBg9001Sp.png	Assets/Product/Texture/Image/UiTRPG/UiTRPGStageBg9001.png	Assets/Product/Texture/Atlas/UiTRPG/UiTRPGIconMaze01.png	1041021	格式塔内置的标准防御程序发生了数据改写的迹象，这些异常的防御程序现在会无差别攻击所有活动的信号源。阻止它们，或者被它们阻止。	目前的实力可以迅速解决这场战斗。		
1041097		1		9	['4', '30200007', '400530', '1041031']	Fight	异常程序	Assets/Product/Texture/Atlas/UiTRPG/UiTRPGStageBg9000Sp.png	Assets/Product/Texture/Image/UiTRPG/UiTRPGStageBg9000.png	Assets/Product/Texture/Atlas/UiTRPG/UiTRPGIconMaze01.png	1041021	格式塔内置的标准防御程序发生了数据改写的迹象，这些异常的防御程序现在会无差别攻击所有活动的信号源。阻止它们，或者被它们阻止。	目前的实力可以迅速解决这场战斗。		
1041098		1		9	['4', '30200008', '400530', '1041031']	Fight	异常程序	Assets/Product/Texture/Atlas/UiTRPG/UiTRPGStageBg9001Sp.png	Assets/Product/Texture/Image/UiTRPG/UiTRPGStageBg9001.png	Assets/Product/Texture/Atlas/UiTRPG/UiTRPGIconMaze01.png	1041021	格式塔内置的标准防御程序发生了数据改写的迹象，这些异常的防御程序现在会无差别攻击所有活动的信号源。阻止它们，或者被它们阻止。	目前的实力可以迅速解决这场战斗。		
1041099		1		9	['4', '30200008', '400530', '1041031']	Fight	异常程序	Assets/Product/Texture/Atlas/UiTRPG/UiTRPGStageBg9001Sp.png	Assets/Product/Texture/Image/UiTRPG/UiTRPGStageBg9001.png	Assets/Product/Texture/Atlas/UiTRPG/UiTRPGIconMaze01.png	1041021	格式塔内置的标准防御程序发生了数据改写的迹象，这些异常的防御程序现在会无差别攻击所有活动的信号源。阻止它们，或者被它们阻止。	目前的实力可以迅速解决这场战斗。		
1041101				10		Out	离开	Assets/Product/Texture/Atlas/UiTRPG/UiTRPGStageBg7005Sp.png	Assets/Product/Texture/Image/UiTRPG/UiTRPGStageBg7005.png	Assets/Product/Texture/Atlas/UiTRPG/UiTRPGIconMaze09.png					
1042011				1		Data corruption	破碎数据	Assets/Product/Texture/Atlas/UiTRPG/UiTRPGStageBg1006Sp.png	Assets/Product/Texture/Image/UiTRPG/UiTRPGStageBg1006.png						
1042012				1		Data corruption	破碎数据	Assets/Product/Texture/Atlas/UiTRPG/UiTRPGStageBg1007Sp.png	Assets/Product/Texture/Image/UiTRPG/UiTRPGStageBg1007.png						
1042021				2		Virtual process	虚拟进程	Assets/Product/Texture/Atlas/UiTRPG/UiTRPGStageBg2004Sp.png	Assets/Product/Texture/Image/UiTRPG/UiTRPGStageBg2004.png						
1042022				2		Virtual process	虚拟进程	Assets/Product/Texture/Atlas/UiTRPG/UiTRPGStageBg2005Sp.png	Assets/Product/Texture/Image/UiTRPG/UiTRPGStageBg2005.png						
1042041	1		3	4	['ZX01608BA']	Story	闭锁	Assets/Product/Texture/Atlas/UiTRPG/UiTRPGStageBg3007Sp.png	Assets/Product/Texture/Image/UiTRPG/UiTRPGStageBg3007.png	Assets/Product/Texture/Atlas/UiTRPG/UiTRPGIconMaze02.png	1042021			1	
1042051	1		2	5	['1042051', '1', '0']	Over	遗落记录	Assets/Product/Texture/Atlas/UiTRPG/UiTRPGStageBg5009Sp.png	Assets/Product/Texture/Image/UiTRPG/UiTRPGStageBg5009.png	Assets/Product/Texture/Atlas/UiTRPG/UiTRPGIconMaze06.png	1042021				
1042052	1		2	5	['1042052', '1', '0']	Test	线路异常	Assets/Product/Texture/Atlas/UiTRPG/UiTRPGStageBg5008Sp.png	Assets/Product/Texture/Image/UiTRPG/UiTRPGStageBg5008.png	Assets/Product/Texture/Atlas/UiTRPG/UiTRPGIconMaze06.png	1042021				
1042053	1		2	5	['1042053', '1', '0']	Test	未知端口	Assets/Product/Texture/Atlas/UiTRPG/UiTRPGStageBg5007Sp.png	Assets/Product/Texture/Image/UiTRPG/UiTRPGStageBg5007.png	Assets/Product/Texture/Atlas/UiTRPG/UiTRPGIconMaze06.png	1042021				
1042054	1		2	5	['1042052', '1', '0']	Test	线路异常	Assets/Product/Texture/Atlas/UiTRPG/UiTRPGStageBg5008Sp.png	Assets/Product/Texture/Image/UiTRPG/UiTRPGStageBg5008.png	Assets/Product/Texture/Atlas/UiTRPG/UiTRPGIconMaze06.png	1042021				
1042055	1		2	5	['1042055', '1', '0']	Test	未知端口	Assets/Product/Texture/Atlas/UiTRPG/UiTRPGStageBg5007Sp.png	Assets/Product/Texture/Image/UiTRPG/UiTRPGStageBg5007.png	Assets/Product/Texture/Atlas/UiTRPG/UiTRPGIconMaze06.png	1042021				
1042056	1		2	5	['1042052', '1', '0']	Test	线路异常	Assets/Product/Texture/Atlas/UiTRPG/UiTRPGStageBg5008Sp.png	Assets/Product/Texture/Image/UiTRPG/UiTRPGStageBg5008.png	Assets/Product/Texture/Atlas/UiTRPG/UiTRPGIconMaze06.png	1042021				
1042057	1		2	5	['1042057', '1', '0']	Test	未知端口	Assets/Product/Texture/Atlas/UiTRPG/UiTRPGStageBg5007Sp.png	Assets/Product/Texture/Image/UiTRPG/UiTRPGStageBg5007.png	Assets/Product/Texture/Atlas/UiTRPG/UiTRPGIconMaze06.png	1042021				
1042061	1		1	6	['400510']	Reward	残存物资	Assets/Product/Texture/Atlas/UiTRPG/UiTRPGStageBg6000Sp.png	Assets/Product/Texture/Image/UiTRPG/UiTRPGStageBg6000.png	Assets/Product/Texture/Atlas/UiTRPG/UiTRPGIconMaze04.png	1042021				
1042062	1		1	6	['400516']	Reward	残存物资	Assets/Product/Texture/Atlas/UiTRPG/UiTRPGStageBg6000Sp.png	Assets/Product/Texture/Image/UiTRPG/UiTRPGStageBg6000.png	Assets/Product/Texture/Atlas/UiTRPG/UiTRPGIconMaze04.png	1042021				
1042063	1		1	6	['400510']	Reward	残存物资	Assets/Product/Texture/Atlas/UiTRPG/UiTRPGStageBg6000Sp.png	Assets/Product/Texture/Image/UiTRPG/UiTRPGStageBg6000.png	Assets/Product/Texture/Atlas/UiTRPG/UiTRPGIconMaze04.png	1042021				
1042064	1		1	6	['400516']	Reward	残存物资	Assets/Product/Texture/Atlas/UiTRPG/UiTRPGStageBg6000Sp.png	Assets/Product/Texture/Image/UiTRPG/UiTRPGStageBg6000.png	Assets/Product/Texture/Atlas/UiTRPG/UiTRPGIconMaze04.png	1042021				
1042065	1		1	6	['400504']	Reward	残存物资	Assets/Product/Texture/Atlas/UiTRPG/UiTRPGStageBg6000Sp.png	Assets/Product/Texture/Image/UiTRPG/UiTRPGStageBg6000.png	Assets/Product/Texture/Atlas/UiTRPG/UiTRPGIconMaze04.png	1042021				
1042066	1		1	6	['400502']	Reward	残存物资	Assets/Product/Texture/Atlas/UiTRPG/UiTRPGStageBg6000Sp.png	Assets/Product/Texture/Image/UiTRPG/UiTRPGStageBg6000.png	Assets/Product/Texture/Atlas/UiTRPG/UiTRPGIconMaze04.png	1042021				
1042071		1		7	['1042021', '200', '1042061', '50', '1042091', '50']	???	随机事件	Assets/Product/Texture/Atlas/UiTRPG/UiTRPGStageBg00Sp.png	Assets/Product/Texture/Image/UiTRPG/UiTRPGStageBg00.png		1042021				
1042072		1		7	['1042021', '200', '1042062', '50', '1042091', '50']	???	随机事件	Assets/Product/Texture/Atlas/UiTRPG/UiTRPGStageBg00Sp.png	Assets/Product/Texture/Image/UiTRPG/UiTRPGStageBg00.png		1042021				
1042073		1		7	['1042021', '200', '1042063', '50', '1042091', '50']	???	随机事件	Assets/Product/Texture/Atlas/UiTRPG/UiTRPGStageBg00Sp.png	Assets/Product/Texture/Image/UiTRPG/UiTRPGStageBg00.png		1042021				
1042074		1		7	['1042021', '200', '1042064', '50', '1042091', '50']	???	随机事件	Assets/Product/Texture/Atlas/UiTRPG/UiTRPGStageBg00Sp.png	Assets/Product/Texture/Image/UiTRPG/UiTRPGStageBg00.png		1042021				
1042081				8	['1041', '28', '2']	Up	第1区域	Assets/Product/Texture/Atlas/UiTRPG/UiTRPGStageBg7005Sp.png	Assets/Product/Texture/Image/UiTRPG/UiTRPGStageBg7005.png	Assets/Product/Texture/Atlas/UiTRPG/UiTRPGIconMaze07.png					
1042082				8	['1043', '26', '3']	Down	第2区域	Assets/Product/Texture/Atlas/UiTRPG/UiTRPGStageBg7004Sp.png	Assets/Product/Texture/Image/UiTRPG/UiTRPGStageBg7004.png	Assets/Product/Texture/Atlas/UiTRPG/UiTRPGIconMaze08.png					
1042091		1		9	['4', '30200009', '400530', '1042031']	Fight	异常程序	Assets/Product/Texture/Atlas/UiTRPG/UiTRPGStageBg9000Sp.png	Assets/Product/Texture/Image/UiTRPG/UiTRPGStageBg9000.png	Assets/Product/Texture/Atlas/UiTRPG/UiTRPGIconMaze01.png	1042021	格式塔内置的标准防御程序发生了数据改写的迹象，这些异常的防御程序现在会无差别攻击所有活动的信号源。阻止它们，或者被它们阻止。	目前的实力可以迅速解决这场战斗。		
1042092		1		9	['4', '30200010', '400530', '1042031']	Fight	异常程序	Assets/Product/Texture/Atlas/UiTRPG/UiTRPGStageBg9001Sp.png	Assets/Product/Texture/Image/UiTRPG/UiTRPGStageBg9001.png	Assets/Product/Texture/Atlas/UiTRPG/UiTRPGIconMaze01.png	1042021	格式塔内置的标准防御程序发生了数据改写的迹象，这些异常的防御程序现在会无差别攻击所有活动的信号源。阻止它们，或者被它们阻止。	目前的实力可以迅速解决这场战斗。		
1042093		1		9	['4', '30200009', '400530', '1042031']	Fight	异常程序	Assets/Product/Texture/Atlas/UiTRPG/UiTRPGStageBg9000Sp.png	Assets/Product/Texture/Image/UiTRPG/UiTRPGStageBg9000.png	Assets/Product/Texture/Atlas/UiTRPG/UiTRPGIconMaze01.png	1042021	格式塔内置的标准防御程序发生了数据改写的迹象，这些异常的防御程序现在会无差别攻击所有活动的信号源。阻止它们，或者被它们阻止。	目前的实力可以迅速解决这场战斗。		
1042094		1		9	['4', '30200010', '400530', '1042031']	Fight	异常程序	Assets/Product/Texture/Atlas/UiTRPG/UiTRPGStageBg9001Sp.png	Assets/Product/Texture/Image/UiTRPG/UiTRPGStageBg9001.png	Assets/Product/Texture/Atlas/UiTRPG/UiTRPGIconMaze01.png	1042021	格式塔内置的标准防御程序发生了数据改写的迹象，这些异常的防御程序现在会无差别攻击所有活动的信号源。阻止它们，或者被它们阻止。	目前的实力可以迅速解决这场战斗。		
1042095		1		9	['4', '30200009', '400530', '1042031']	Fight	异常程序	Assets/Product/Texture/Atlas/UiTRPG/UiTRPGStageBg9000Sp.png	Assets/Product/Texture/Image/UiTRPG/UiTRPGStageBg9000.png	Assets/Product/Texture/Atlas/UiTRPG/UiTRPGIconMaze01.png	1042021	格式塔内置的标准防御程序发生了数据改写的迹象，这些异常的防御程序现在会无差别攻击所有活动的信号源。阻止它们，或者被它们阻止。	目前的实力可以迅速解决这场战斗。		
1042096		1		9	['4', '30200010', '400530', '1042031']	Fight	异常程序	Assets/Product/Texture/Atlas/UiTRPG/UiTRPGStageBg9001Sp.png	Assets/Product/Texture/Image/UiTRPG/UiTRPGStageBg9001.png	Assets/Product/Texture/Atlas/UiTRPG/UiTRPGIconMaze01.png	1042021	格式塔内置的标准防御程序发生了数据改写的迹象，这些异常的防御程序现在会无差别攻击所有活动的信号源。阻止它们，或者被它们阻止。	目前的实力可以迅速解决这场战斗。		
1042097		1		9	['4', '30200009', '400530', '1042031']	Fight	异常程序	Assets/Product/Texture/Atlas/UiTRPG/UiTRPGStageBg9000Sp.png	Assets/Product/Texture/Image/UiTRPG/UiTRPGStageBg9000.png	Assets/Product/Texture/Atlas/UiTRPG/UiTRPGIconMaze01.png	1042021	格式塔内置的标准防御程序发生了数据改写的迹象，这些异常的防御程序现在会无差别攻击所有活动的信号源。阻止它们，或者被它们阻止。	目前的实力可以迅速解决这场战斗。		
1043011				1		Data corruption	破碎数据	Assets/Product/Texture/Atlas/UiTRPG/UiTRPGStageBg1006Sp.png	Assets/Product/Texture/Image/UiTRPG/UiTRPGStageBg1006.png						
1043012				1		Data corruption	破碎数据	Assets/Product/Texture/Atlas/UiTRPG/UiTRPGStageBg1007Sp.png	Assets/Product/Texture/Image/UiTRPG/UiTRPGStageBg1007.png						
1043021				2		Virtual process	虚拟进程	Assets/Product/Texture/Atlas/UiTRPG/UiTRPGStageBg2004Sp.png	Assets/Product/Texture/Image/UiTRPG/UiTRPGStageBg2004.png						
1043022				2		Virtual process	虚拟进程	Assets/Product/Texture/Atlas/UiTRPG/UiTRPGStageBg2005Sp.png	Assets/Product/Texture/Image/UiTRPG/UiTRPGStageBg2005.png						
1043041	1		4	4	['FZ01601BB']	Story	多线行动	Assets/Product/Texture/Atlas/UiTRPG/UiTRPGStageBg3037Sp.png	Assets/Product/Texture/Image/UiTRPG/UiTRPGStageBg3037.png	Assets/Product/Texture/Atlas/UiTRPG/UiTRPGIconMaze02_2.png	1043021			1	
1043042	1		4	4	['FZ01603BC']	Story	“坏小子”	Assets/Product/Texture/Atlas/UiTRPG/UiTRPGStageBg3037Sp.png	Assets/Product/Texture/Image/UiTRPG/UiTRPGStageBg3037.png	Assets/Product/Texture/Atlas/UiTRPG/UiTRPGIconMaze02_2.png	1043021			1	
1043051	1		2	5	['1043051', '1', '0']	Test	异常敌对	Assets/Product/Texture/Atlas/UiTRPG/UiTRPGStageBg5005Sp.png	Assets/Product/Texture/Image/UiTRPG/UiTRPGStageBg5005.png	Assets/Product/Texture/Atlas/UiTRPG/UiTRPGIconMaze06.png	1043021				
1043052	1		2	5	['1043052', '1', '0']	Test	数据迷宫	Assets/Product/Texture/Atlas/UiTRPG/UiTRPGStageBg5005Sp.png	Assets/Product/Texture/Image/UiTRPG/UiTRPGStageBg5005.png	Assets/Product/Texture/Atlas/UiTRPG/UiTRPGIconMaze06.png	1043021				
1043053	1		2	5	['1043053', '1', '0']	Over	隐蔽节点	Assets/Product/Texture/Atlas/UiTRPG/UiTRPGStageBg5009Sp.png	Assets/Product/Texture/Image/UiTRPG/UiTRPGStageBg5009.png	Assets/Product/Texture/Atlas/UiTRPG/UiTRPGIconMaze06.png	1043021				
1043054	1		2	5	['1043054', '1', '0']	Over	遗忘记录	Assets/Product/Texture/Atlas/UiTRPG/UiTRPGStageBg5009Sp.png	Assets/Product/Texture/Image/UiTRPG/UiTRPGStageBg5009.png	Assets/Product/Texture/Atlas/UiTRPG/UiTRPGIconMaze06.png	1043021				
1043055	1		2	5	['1043055', '1', '0']	Over	通讯装置	Assets/Product/Texture/Atlas/UiTRPG/UiTRPGStageBg5009Sp.png	Assets/Product/Texture/Image/UiTRPG/UiTRPGStageBg5009.png	Assets/Product/Texture/Atlas/UiTRPG/UiTRPGIconMaze06.png	1043021				
1043061	1		1	6	['400605']	Reward	贵重物资	Assets/Product/Texture/Atlas/UiTRPG/UiTRPGStageBg6001Sp.png	Assets/Product/Texture/Image/UiTRPG/UiTRPGStageBg6001.png	Assets/Product/Texture/Atlas/UiTRPG/UiTRPGIconMaze04.png	1043021				
1043062	1		1	6	['400526']	Reward	贵重物资	Assets/Product/Texture/Atlas/UiTRPG/UiTRPGStageBg6001Sp.png	Assets/Product/Texture/Image/UiTRPG/UiTRPGStageBg6001.png	Assets/Product/Texture/Atlas/UiTRPG/UiTRPGIconMaze04.png	1043021				
1043063	1		1	6	['400510']	Reward	残存物资	Assets/Product/Texture/Atlas/UiTRPG/UiTRPGStageBg6000Sp.png	Assets/Product/Texture/Image/UiTRPG/UiTRPGStageBg6000.png	Assets/Product/Texture/Atlas/UiTRPG/UiTRPGIconMaze04.png	1043021				
1043064	1		1	6	['400516']	Reward	残存物资	Assets/Product/Texture/Atlas/UiTRPG/UiTRPGStageBg6000Sp.png	Assets/Product/Texture/Image/UiTRPG/UiTRPGStageBg6000.png	Assets/Product/Texture/Atlas/UiTRPG/UiTRPGIconMaze04.png	1043021				
1043065	1		1	6	['400504']	Reward	残存物资	Assets/Product/Texture/Atlas/UiTRPG/UiTRPGStageBg6000Sp.png	Assets/Product/Texture/Image/UiTRPG/UiTRPGStageBg6000.png	Assets/Product/Texture/Atlas/UiTRPG/UiTRPGIconMaze04.png	1043021				
1043066	1		1	6	['400502']	Reward	残存物资	Assets/Product/Texture/Atlas/UiTRPG/UiTRPGStageBg6000Sp.png	Assets/Product/Texture/Image/UiTRPG/UiTRPGStageBg6000.png	Assets/Product/Texture/Atlas/UiTRPG/UiTRPGIconMaze04.png	1043021				
1043071		1		7	['1043021', '200', '1043063', '50', '1043091', '50']	???	随机事件	Assets/Product/Texture/Atlas/UiTRPG/UiTRPGStageBg00Sp.png	Assets/Product/Texture/Image/UiTRPG/UiTRPGStageBg00.png		1043021				
1043072		1		7	['1043021', '200', '1043064', '50', '1043091', '50']	???	随机事件	Assets/Product/Texture/Atlas/UiTRPG/UiTRPGStageBg00Sp.png	Assets/Product/Texture/Image/UiTRPG/UiTRPGStageBg00.png		1043021				
1043073		1		7	['1043021', '200', '1043065', '50', '1043091', '50']	???	随机事件	Assets/Product/Texture/Atlas/UiTRPG/UiTRPGStageBg00Sp.png	Assets/Product/Texture/Image/UiTRPG/UiTRPGStageBg00.png		1043021				
1043074		1		7	['1043021', '200', '1043066', '50', '1043091', '50']	???	随机事件	Assets/Product/Texture/Atlas/UiTRPG/UiTRPGStageBg00Sp.png	Assets/Product/Texture/Image/UiTRPG/UiTRPGStageBg00.png		1043021				
1043081				8	['1041', '50', '1']	Up	第1区域	Assets/Product/Texture/Atlas/UiTRPG/UiTRPGStageBg7005Sp.png	Assets/Product/Texture/Image/UiTRPG/UiTRPGStageBg7005.png	Assets/Product/Texture/Atlas/UiTRPG/UiTRPGIconMaze07.png					
1043082				8	['1044', '26', '3']	Down	第3区域	Assets/Product/Texture/Atlas/UiTRPG/UiTRPGStageBg7004Sp.png	Assets/Product/Texture/Image/UiTRPG/UiTRPGStageBg7004.png	Assets/Product/Texture/Atlas/UiTRPG/UiTRPGIconMaze08.png					
1043091		1		9	['4', '30200009', '400530', '1043031']	Fight	异常程序	Assets/Product/Texture/Atlas/UiTRPG/UiTRPGStageBg9000Sp.png	Assets/Product/Texture/Image/UiTRPG/UiTRPGStageBg9000.png	Assets/Product/Texture/Atlas/UiTRPG/UiTRPGIconMaze01.png	1043021	格式塔内置的标准防御程序发生了数据改写的迹象，这些异常的防御程序现在会无差别攻击所有活动的信号源。阻止它们，或者被它们阻止。	目前的实力可以迅速解决这场战斗。		
1043092		1		9	['4', '30200010', '400530', '1043031']	Fight	异常程序	Assets/Product/Texture/Atlas/UiTRPG/UiTRPGStageBg9001Sp.png	Assets/Product/Texture/Image/UiTRPG/UiTRPGStageBg9001.png	Assets/Product/Texture/Atlas/UiTRPG/UiTRPGIconMaze01.png	1043021	格式塔内置的标准防御程序发生了数据改写的迹象，这些异常的防御程序现在会无差别攻击所有活动的信号源。阻止它们，或者被它们阻止。	目前的实力可以迅速解决这场战斗。		
1043093		1		9	['4', '30200009', '400530', '1043031']	Fight	异常程序	Assets/Product/Texture/Atlas/UiTRPG/UiTRPGStageBg9000Sp.png	Assets/Product/Texture/Image/UiTRPG/UiTRPGStageBg9000.png	Assets/Product/Texture/Atlas/UiTRPG/UiTRPGIconMaze01.png	1043021	格式塔内置的标准防御程序发生了数据改写的迹象，这些异常的防御程序现在会无差别攻击所有活动的信号源。阻止它们，或者被它们阻止。	目前的实力可以迅速解决这场战斗。		
1043094		1		9	['4', '30200010', '400530', '1043031']	Fight	异常程序	Assets/Product/Texture/Atlas/UiTRPG/UiTRPGStageBg9001Sp.png	Assets/Product/Texture/Image/UiTRPG/UiTRPGStageBg9001.png	Assets/Product/Texture/Atlas/UiTRPG/UiTRPGIconMaze01.png	1043021	格式塔内置的标准防御程序发生了数据改写的迹象，这些异常的防御程序现在会无差别攻击所有活动的信号源。阻止它们，或者被它们阻止。	目前的实力可以迅速解决这场战斗。		
1043095		1		9	['4', '30200009', '400530', '1043031']	Fight	异常程序	Assets/Product/Texture/Atlas/UiTRPG/UiTRPGStageBg9000Sp.png	Assets/Product/Texture/Image/UiTRPG/UiTRPGStageBg9000.png	Assets/Product/Texture/Atlas/UiTRPG/UiTRPGIconMaze01.png	1043021	格式塔内置的标准防御程序发生了数据改写的迹象，这些异常的防御程序现在会无差别攻击所有活动的信号源。阻止它们，或者被它们阻止。	目前的实力可以迅速解决这场战斗。		
1044011				1		Data corruption	破碎数据	Assets/Product/Texture/Atlas/UiTRPG/UiTRPGStageBg1006Sp.png	Assets/Product/Texture/Image/UiTRPG/UiTRPGStageBg1006.png						
1044012				1		Data corruption	破碎数据	Assets/Product/Texture/Atlas/UiTRPG/UiTRPGStageBg1007Sp.png	Assets/Product/Texture/Image/UiTRPG/UiTRPGStageBg1007.png						
1044021				2		Virtual process	虚拟进程	Assets/Product/Texture/Atlas/UiTRPG/UiTRPGStageBg2004Sp.png	Assets/Product/Texture/Image/UiTRPG/UiTRPGStageBg2004.png						
1044022				2		Virtual process	虚拟进程	Assets/Product/Texture/Atlas/UiTRPG/UiTRPGStageBg2005Sp.png	Assets/Product/Texture/Image/UiTRPG/UiTRPGStageBg2005.png						
1044041	1		4	4	['FZ01603BD']	Story	诱饵	Assets/Product/Texture/Atlas/UiTRPG/UiTRPGStageBg3037Sp.png	Assets/Product/Texture/Image/UiTRPG/UiTRPGStageBg3037.png	Assets/Product/Texture/Atlas/UiTRPG/UiTRPGIconMaze02_2.png	1044021			1	
1044042	1		4	4	['FZ01603BE']	Story	疑问	Assets/Product/Texture/Atlas/UiTRPG/UiTRPGStageBg3037Sp.png	Assets/Product/Texture/Image/UiTRPG/UiTRPGStageBg3037.png	Assets/Product/Texture/Atlas/UiTRPG/UiTRPGIconMaze02_2.png	1044021			1	
1044043	1		4	4	['FZ01601BE']	Story	粗糙的痕迹	Assets/Product/Texture/Atlas/UiTRPG/UiTRPGStageBg3037Sp.png	Assets/Product/Texture/Image/UiTRPG/UiTRPGStageBg3037.png	Assets/Product/Texture/Atlas/UiTRPG/UiTRPGIconMaze02_2.png	1044021			1	
1044044	1		4	4	['FZ01601BF']	Story	猫鼠游戏	Assets/Product/Texture/Atlas/UiTRPG/UiTRPGStageBg3037Sp.png	Assets/Product/Texture/Image/UiTRPG/UiTRPGStageBg3037.png	Assets/Product/Texture/Atlas/UiTRPG/UiTRPGIconMaze02_2.png	1044021			1	
1044051	1		2	5	['1044051', '1', '0']	Test	异常敌对	Assets/Product/Texture/Atlas/UiTRPG/UiTRPGStageBg5005Sp.png	Assets/Product/Texture/Image/UiTRPG/UiTRPGStageBg5005.png	Assets/Product/Texture/Atlas/UiTRPG/UiTRPGIconMaze06.png	1044021				
1044052	1		2	5	['1044052', '1', '0']	Test	数据迷宫	Assets/Product/Texture/Atlas/UiTRPG/UiTRPGStageBg5005Sp.png	Assets/Product/Texture/Image/UiTRPG/UiTRPGStageBg5005.png	Assets/Product/Texture/Atlas/UiTRPG/UiTRPGIconMaze06.png	1044021				
1044053	1		2	5	['1044053', '1', '0']	Test	干扰区块	Assets/Product/Texture/Atlas/UiTRPG/UiTRPGStageBg5005Sp.png	Assets/Product/Texture/Image/UiTRPG/UiTRPGStageBg5005.png	Assets/Product/Texture/Atlas/UiTRPG/UiTRPGIconMaze06.png	1044021				
1044054	1		2	5	['1044054', '1', '0']	Test	异常敌对	Assets/Product/Texture/Atlas/UiTRPG/UiTRPGStageBg5009Sp.png	Assets/Product/Texture/Image/UiTRPG/UiTRPGStageBg5009.png	Assets/Product/Texture/Atlas/UiTRPG/UiTRPGIconMaze06.png	1044021				
1044055	1		2	5	['1044055', '1', '0']	Over	虚化数据	Assets/Product/Texture/Atlas/UiTRPG/UiTRPGStageBg5005Sp.png	Assets/Product/Texture/Image/UiTRPG/UiTRPGStageBg5005.png	Assets/Product/Texture/Atlas/UiTRPG/UiTRPGIconMaze06.png	1044021				
1044061	1		1	6	['400603']	Reward	贵重物资	Assets/Product/Texture/Atlas/UiTRPG/UiTRPGStageBg6001Sp.png	Assets/Product/Texture/Image/UiTRPG/UiTRPGStageBg6001.png	Assets/Product/Texture/Atlas/UiTRPG/UiTRPGIconMaze04.png	1044021				
1044062	1		1	6	['400652']	Reward	贵重物资	Assets/Product/Texture/Atlas/UiTRPG/UiTRPGStageBg6001Sp.png	Assets/Product/Texture/Image/UiTRPG/UiTRPGStageBg6001.png	Assets/Product/Texture/Atlas/UiTRPG/UiTRPGIconMaze04.png	1044021				
1044063	1		1	6	['400510']	Reward	残存物资	Assets/Product/Texture/Atlas/UiTRPG/UiTRPGStageBg6000Sp.png	Assets/Product/Texture/Image/UiTRPG/UiTRPGStageBg6000.png	Assets/Product/Texture/Atlas/UiTRPG/UiTRPGIconMaze04.png	1044021				
1044064	1		1	6	['400516']	Reward	残存物资	Assets/Product/Texture/Atlas/UiTRPG/UiTRPGStageBg6000Sp.png	Assets/Product/Texture/Image/UiTRPG/UiTRPGStageBg6000.png	Assets/Product/Texture/Atlas/UiTRPG/UiTRPGIconMaze04.png	1044021				
1044065	1		1	6	['400504']	Reward	残存物资	Assets/Product/Texture/Atlas/UiTRPG/UiTRPGStageBg6000Sp.png	Assets/Product/Texture/Image/UiTRPG/UiTRPGStageBg6000.png	Assets/Product/Texture/Atlas/UiTRPG/UiTRPGIconMaze04.png	1044021				
1044066	1		1	6	['400606']	Reward	贵重物资	Assets/Product/Texture/Atlas/UiTRPG/UiTRPGStageBg6001Sp.png	Assets/Product/Texture/Image/UiTRPG/UiTRPGStageBg6001.png	Assets/Product/Texture/Atlas/UiTRPG/UiTRPGIconMaze04.png	1044021				
1044071		1		7	['1044021', '200', '1044063', '50', '1044091', '50']	???	随机事件	Assets/Product/Texture/Atlas/UiTRPG/UiTRPGStageBg00Sp.png	Assets/Product/Texture/Image/UiTRPG/UiTRPGStageBg00.png		1044021				
1044072		1		7	['1044021', '200', '1044063', '50', '1044091', '50']	???	随机事件	Assets/Product/Texture/Atlas/UiTRPG/UiTRPGStageBg00Sp.png	Assets/Product/Texture/Image/UiTRPG/UiTRPGStageBg00.png		1044021				
1044073		1		7	['1044021', '200', '1044064', '50', '1044091', '50']	???	随机事件	Assets/Product/Texture/Atlas/UiTRPG/UiTRPGStageBg00Sp.png	Assets/Product/Texture/Image/UiTRPG/UiTRPGStageBg00.png		1044021				
1044074		1		7	['1044021', '200', '1044065', '50', '1044091', '50']	???	随机事件	Assets/Product/Texture/Atlas/UiTRPG/UiTRPGStageBg00Sp.png	Assets/Product/Texture/Image/UiTRPG/UiTRPGStageBg00.png		1044021				
1044081				8	['1043', '26', '5']	Up	第2区域	Assets/Product/Texture/Atlas/UiTRPG/UiTRPGStageBg7000Sp.png	Assets/Product/Texture/Image/UiTRPG/UiTRPGStageBg7005.png	Assets/Product/Texture/Atlas/UiTRPG/UiTRPGIconMaze07.png					
1044091		1		9	['4', '30200009', '400530', '1044031']	Fight	异常程序	Assets/Product/Texture/Atlas/UiTRPG/UiTRPGStageBg9000Sp.png	Assets/Product/Texture/Image/UiTRPG/UiTRPGStageBg9000.png	Assets/Product/Texture/Atlas/UiTRPG/UiTRPGIconMaze01.png	1044021	格式塔内置的标准防御程序发生了数据改写的迹象，这些异常的防御程序现在会无差别攻击所有活动的信号源。阻止它们，或者被它们阻止。	目前的实力可以迅速解决这场战斗。		
1044092		1		9	['4', '30200010', '400530', '1044031']	Fight	异常程序	Assets/Product/Texture/Atlas/UiTRPG/UiTRPGStageBg9001Sp.png	Assets/Product/Texture/Image/UiTRPG/UiTRPGStageBg9001.png	Assets/Product/Texture/Atlas/UiTRPG/UiTRPGIconMaze01.png	1044021	格式塔内置的标准防御程序发生了数据改写的迹象，这些异常的防御程序现在会无差别攻击所有活动的信号源。阻止它们，或者被它们阻止。	目前的实力可以迅速解决这场战斗。		
1044093		1		9	['4', '30200009', '400530', '1044031']	Fight	异常程序	Assets/Product/Texture/Atlas/UiTRPG/UiTRPGStageBg9000Sp.png	Assets/Product/Texture/Image/UiTRPG/UiTRPGStageBg9000.png	Assets/Product/Texture/Atlas/UiTRPG/UiTRPGIconMaze01.png	1044021	格式塔内置的标准防御程序发生了数据改写的迹象，这些异常的防御程序现在会无差别攻击所有活动的信号源。阻止它们，或者被它们阻止。	目前的实力可以迅速解决这场战斗。		
1044094		1		9	['4', '30200010', '400530', '1044031']	Fight	异常程序	Assets/Product/Texture/Atlas/UiTRPG/UiTRPGStageBg9001Sp.png	Assets/Product/Texture/Image/UiTRPG/UiTRPGStageBg9001.png	Assets/Product/Texture/Atlas/UiTRPG/UiTRPGIconMaze01.png	1044021	格式塔内置的标准防御程序发生了数据改写的迹象，这些异常的防御程序现在会无差别攻击所有活动的信号源。阻止它们，或者被它们阻止。	目前的实力可以迅速解决这场战斗。		
1044095		1		9	['4', '30200009', '400530', '1044031']	Fight	异常程序	Assets/Product/Texture/Atlas/UiTRPG/UiTRPGStageBg9000Sp.png	Assets/Product/Texture/Image/UiTRPG/UiTRPGStageBg9000.png	Assets/Product/Texture/Atlas/UiTRPG/UiTRPGIconMaze01.png	1044021	格式塔内置的标准防御程序发生了数据改写的迹象，这些异常的防御程序现在会无差别攻击所有活动的信号源。阻止它们，或者被它们阻止。	目前的实力可以迅速解决这场战斗。		
1044096		1		9	['4', '30200009', '400530', '1044031']	Fight	异常程序	Assets/Product/Texture/Atlas/UiTRPG/UiTRPGStageBg9000Sp.png	Assets/Product/Texture/Image/UiTRPG/UiTRPGStageBg9000.png	Assets/Product/Texture/Atlas/UiTRPG/UiTRPGIconMaze01.png	1044021	格式塔内置的标准防御程序发生了数据改写的迹象，这些异常的防御程序现在会无差别攻击所有活动的信号源。阻止它们，或者被它们阻止。	目前的实力可以迅速解决这场战斗。		
1044097		1		9	['4', '30200010', '400530', '1044031']	Fight	异常程序	Assets/Product/Texture/Atlas/UiTRPG/UiTRPGStageBg9001Sp.png	Assets/Product/Texture/Image/UiTRPG/UiTRPGStageBg9001.png	Assets/Product/Texture/Atlas/UiTRPG/UiTRPGIconMaze01.png	1044021	格式塔内置的标准防御程序发生了数据改写的迹象，这些异常的防御程序现在会无差别攻击所有活动的信号源。阻止它们，或者被它们阻止。	目前的实力可以迅速解决这场战斗。		
1051011				1		Data corruption	破碎数据	Assets/Product/Texture/Atlas/UiTRPG/UiTRPGStageBg1008Sp.png	Assets/Product/Texture/Image/UiTRPG/UiTRPGStageBg1008.png						
1051012				1		Data corruption	破碎数据	Assets/Product/Texture/Atlas/UiTRPG/UiTRPGStageBg1008Sp.png	Assets/Product/Texture/Image/UiTRPG/UiTRPGStageBg1008.png						
1051021				2		Virtual process	虚拟进程	Assets/Product/Texture/Atlas/UiTRPG/UiTRPGStageBg2006Sp.png	Assets/Product/Texture/Image/UiTRPG/UiTRPGStageBg2006.png						
1051022				2		Virtual process	虚拟进程	Assets/Product/Texture/Atlas/UiTRPG/UiTRPGStageBg2007Sp.png	Assets/Product/Texture/Image/UiTRPG/UiTRPGStageBg2007.png						
1051031	1		3	3	['10130107']	Story	‘华胥’	Assets/Product/Texture/Atlas/UiTRPG/UiTRPGStageBg3008Sp.png	Assets/Product/Texture/Image/UiTRPG/UiTRPGStageBg3008.png	Assets/Product/Texture/Atlas/UiTRPG/UiTRPGIconMaze02.png	1051021	不管‘它’为哪一方服务，你们都要让‘它’停下来。		1	ZX01609EA
1051051	1		2	5	['1051051', '1', '0']	Over	损坏电梯	Assets/Product/Texture/Atlas/UiTRPG/UiTRPGStageBg5010Sp.png	Assets/Product/Texture/Image/UiTRPG/UiTRPGStageBg5010.png	Assets/Product/Texture/Atlas/UiTRPG/UiTRPGIconMaze06.png	1051021				
1051052	1		2	5	['1051051', '1', '0']	Over	损坏电梯	Assets/Product/Texture/Atlas/UiTRPG/UiTRPGStageBg5010Sp.png	Assets/Product/Texture/Image/UiTRPG/UiTRPGStageBg5010.png	Assets/Product/Texture/Atlas/UiTRPG/UiTRPGIconMaze06.png	1051021				
1051053	1		2	5	['1051051', '1', '0']	Over	损坏电梯	Assets/Product/Texture/Atlas/UiTRPG/UiTRPGStageBg5010Sp.png	Assets/Product/Texture/Image/UiTRPG/UiTRPGStageBg5010.png	Assets/Product/Texture/Atlas/UiTRPG/UiTRPGIconMaze06.png	1051021				
1051054	1		2	5	['1051051', '1', '0']	Over	损坏电梯	Assets/Product/Texture/Atlas/UiTRPG/UiTRPGStageBg5010Sp.png	Assets/Product/Texture/Image/UiTRPG/UiTRPGStageBg5010.png	Assets/Product/Texture/Atlas/UiTRPG/UiTRPGIconMaze06.png	1051021				
1051055	1		2	5	['1051051', '1', '0']	Over	损坏电梯	Assets/Product/Texture/Atlas/UiTRPG/UiTRPGStageBg5010Sp.png	Assets/Product/Texture/Image/UiTRPG/UiTRPGStageBg5010.png	Assets/Product/Texture/Atlas/UiTRPG/UiTRPGIconMaze06.png	1051021				
1051056	1		2	5	['1051051', '1', '0']	Over	损坏电梯	Assets/Product/Texture/Atlas/UiTRPG/UiTRPGStageBg5010Sp.png	Assets/Product/Texture/Image/UiTRPG/UiTRPGStageBg5010.png	Assets/Product/Texture/Atlas/UiTRPG/UiTRPGIconMaze06.png	1051021				
1051057	1		2	5	['1051051', '1', '0']	Over	损坏电梯	Assets/Product/Texture/Atlas/UiTRPG/UiTRPGStageBg5010Sp.png	Assets/Product/Texture/Image/UiTRPG/UiTRPGStageBg5010.png	Assets/Product/Texture/Atlas/UiTRPG/UiTRPGIconMaze06.png	1051021				
1051058		1		5	['1051052', '0', '0']	Trap	突发故障	Assets/Product/Texture/Atlas/UiTRPG/UiTRPGStageBg8000Sp.png	Assets/Product/Texture/Image/UiTRPG/UiTRPGStageBg8000.png	Assets/Product/Texture/Atlas/UiTRPG/UiTRPGIconMaze06.png	1051021				
1051059		1		5	['1051053', '0', '0']	Trap	瘫痪机雷	Assets/Product/Texture/Atlas/UiTRPG/UiTRPGStageBg8001Sp.png	Assets/Product/Texture/Image/UiTRPG/UiTRPGStageBg8001.png	Assets/Product/Texture/Atlas/UiTRPG/UiTRPGIconMaze06.png	1051021				
1051060	1		2	5	['1051054', '1', '0']	Over	机械封锁	Assets/Product/Texture/Atlas/UiTRPG/UiTRPGStageBg5010Sp.png	Assets/Product/Texture/Image/UiTRPG/UiTRPGStageBg5010.png	Assets/Product/Texture/Atlas/UiTRPG/UiTRPGIconMaze06.png	1051021				
1051951	1		2	5	['1051055', '1', '400525']	Test	伪装节点	Assets/Product/Texture/Atlas/UiTRPG/UiTRPGStageBg5010Sp.png	Assets/Product/Texture/Image/UiTRPG/UiTRPGStageBg5010.png	Assets/Product/Texture/Atlas/UiTRPG/UiTRPGIconMaze06.png	1051021				
1051952	1		2	5	['1051056', '1', '400525']	Test	异附节点	Assets/Product/Texture/Atlas/UiTRPG/UiTRPGStageBg5010Sp.png	Assets/Product/Texture/Image/UiTRPG/UiTRPGStageBg5010.png	Assets/Product/Texture/Atlas/UiTRPG/UiTRPGIconMaze06.png	1051021				
1051953	1		2	5	['1051057', '1', '400525']	Test	拒止节点	Assets/Product/Texture/Atlas/UiTRPG/UiTRPGStageBg5010Sp.png	Assets/Product/Texture/Image/UiTRPG/UiTRPGStageBg5010.png	Assets/Product/Texture/Atlas/UiTRPG/UiTRPGIconMaze06.png	1051021				
1051954	1		2	5	['1051058', '1', '400525']	Test	复杂节点	Assets/Product/Texture/Atlas/UiTRPG/UiTRPGStageBg5010Sp.png	Assets/Product/Texture/Image/UiTRPG/UiTRPGStageBg5010.png	Assets/Product/Texture/Atlas/UiTRPG/UiTRPGIconMaze06.png	1051021				
1051955	1		2	5	['1051059', '1', '400525']	Test	闭锁节点	Assets/Product/Texture/Atlas/UiTRPG/UiTRPGStageBg5010Sp.png	Assets/Product/Texture/Image/UiTRPG/UiTRPGStageBg5010.png	Assets/Product/Texture/Atlas/UiTRPG/UiTRPGIconMaze06.png	1051021				
1051956	1		2	5	['1051055', '1', '400525']	Test	故障回路	Assets/Product/Texture/Atlas/UiTRPG/UiTRPGStageBg5010Sp.png	Assets/Product/Texture/Image/UiTRPG/UiTRPGStageBg5010.png	Assets/Product/Texture/Atlas/UiTRPG/UiTRPGIconMaze06.png	1051021				
1051957	1		2	5	['1051055', '1', '400525']	Test	故障回路	Assets/Product/Texture/Atlas/UiTRPG/UiTRPGStageBg5010Sp.png	Assets/Product/Texture/Image/UiTRPG/UiTRPGStageBg5010.png	Assets/Product/Texture/Atlas/UiTRPG/UiTRPGIconMaze06.png	1051021				
1051061	1		1	6	['400509']	Reward	残存物资	Assets/Product/Texture/Atlas/UiTRPG/UiTRPGStageBg6000Sp.png	Assets/Product/Texture/Image/UiTRPG/UiTRPGStageBg6000.png	Assets/Product/Texture/Atlas/UiTRPG/UiTRPGIconMaze04.png	1051021				
1051062	1		1	6	['400517']	Reward	残存物资	Assets/Product/Texture/Atlas/UiTRPG/UiTRPGStageBg6000Sp.png	Assets/Product/Texture/Image/UiTRPG/UiTRPGStageBg6000.png	Assets/Product/Texture/Atlas/UiTRPG/UiTRPGIconMaze04.png	1051021				
1051063	1		1	6	['400502']	Reward	残存物资	Assets/Product/Texture/Atlas/UiTRPG/UiTRPGStageBg6000Sp.png	Assets/Product/Texture/Image/UiTRPG/UiTRPGStageBg6000.png	Assets/Product/Texture/Atlas/UiTRPG/UiTRPGIconMaze04.png	1051021				
1051064	1		1	6	['400516']	Reward	残存物资	Assets/Product/Texture/Atlas/UiTRPG/UiTRPGStageBg6000Sp.png	Assets/Product/Texture/Image/UiTRPG/UiTRPGStageBg6000.png	Assets/Product/Texture/Atlas/UiTRPG/UiTRPGIconMaze04.png	1051021				
1051065	1		1	6	['400520']	Reward	残存物资	Assets/Product/Texture/Atlas/UiTRPG/UiTRPGStageBg6000Sp.png	Assets/Product/Texture/Image/UiTRPG/UiTRPGStageBg6000.png	Assets/Product/Texture/Atlas/UiTRPG/UiTRPGIconMaze04.png	1051021				
1051066	1		1	6	['400502']	Reward	残存物资	Assets/Product/Texture/Atlas/UiTRPG/UiTRPGStageBg6000Sp.png	Assets/Product/Texture/Image/UiTRPG/UiTRPGStageBg6000.png	Assets/Product/Texture/Atlas/UiTRPG/UiTRPGIconMaze04.png	1051021				
1051067	1		1	6	['400503']	Reward	残存物资	Assets/Product/Texture/Atlas/UiTRPG/UiTRPGStageBg6000Sp.png	Assets/Product/Texture/Image/UiTRPG/UiTRPGStageBg6000.png	Assets/Product/Texture/Atlas/UiTRPG/UiTRPGIconMaze04.png	1051021				
1051081				8	['1052', '26', '3']	Down	第2区域	Assets/Product/Texture/Atlas/UiTRPG/UiTRPGStageBg7000Sp.png	Assets/Product/Texture/Image/UiTRPG/UiTRPGStageBg7007.png	Assets/Product/Texture/Atlas/UiTRPG/UiTRPGIconMaze08.png					
1051091		1		9	['5', '30200011', '400530', '1051031']	Fight-01	异常程序	Assets/Product/Texture/Atlas/UiTRPG/UiTRPGStageBg9000Sp.png	Assets/Product/Texture/Image/UiTRPG/UiTRPGStageBg9000.png	Assets/Product/Texture/Atlas/UiTRPG/UiTRPGIconMaze01.png	1051021	格式塔内置的标准防御程序发生了数据改写的迹象，这些异常的防御程序现在会无差别攻击所有活动的信号源。阻止它们，或者被它们阻止。	目前的实力可以迅速解决这场战斗。		
1051092		1		9	['5', '30200012', '400530', '1051031']	Fight-02	异常程序	Assets/Product/Texture/Atlas/UiTRPG/UiTRPGStageBg9001Sp.png	Assets/Product/Texture/Image/UiTRPG/UiTRPGStageBg9001.png	Assets/Product/Texture/Atlas/UiTRPG/UiTRPGIconMaze01.png	1051021	格式塔内置的标准防御程序发生了数据改写的迹象，这些异常的防御程序现在会无差别攻击所有活动的信号源。阻止它们，或者被它们阻止。	目前的实力可以迅速解决这场战斗。		
1051093		1		9	['5', '30200011', '400530', '1051031']	Fight-03	异常程序	Assets/Product/Texture/Atlas/UiTRPG/UiTRPGStageBg9000Sp.png	Assets/Product/Texture/Image/UiTRPG/UiTRPGStageBg9000.png	Assets/Product/Texture/Atlas/UiTRPG/UiTRPGIconMaze01.png	1051021	格式塔内置的标准防御程序发生了数据改写的迹象，这些异常的防御程序现在会无差别攻击所有活动的信号源。阻止它们，或者被它们阻止。	目前的实力可以迅速解决这场战斗。		
1051094		1		9	['5', '30200012', '400530', '1051031']	Fight-04	异常程序	Assets/Product/Texture/Atlas/UiTRPG/UiTRPGStageBg9001Sp.png	Assets/Product/Texture/Image/UiTRPG/UiTRPGStageBg9001.png	Assets/Product/Texture/Atlas/UiTRPG/UiTRPGIconMaze01.png	1051021	格式塔内置的标准防御程序发生了数据改写的迹象，这些异常的防御程序现在会无差别攻击所有活动的信号源。阻止它们，或者被它们阻止。	目前的实力可以迅速解决这场战斗。		
1051095		1		9	['5', '30200011', '400530', '1051031']	Fight-05	异常程序	Assets/Product/Texture/Atlas/UiTRPG/UiTRPGStageBg9000Sp.png	Assets/Product/Texture/Image/UiTRPG/UiTRPGStageBg9000.png	Assets/Product/Texture/Atlas/UiTRPG/UiTRPGIconMaze01.png	1051021	格式塔内置的标准防御程序发生了数据改写的迹象，这些异常的防御程序现在会无差别攻击所有活动的信号源。阻止它们，或者被它们阻止。	目前的实力可以迅速解决这场战斗。		
1051096		1		9	['5', '30200012', '400530', '1051031']	Fight-06	异常程序	Assets/Product/Texture/Atlas/UiTRPG/UiTRPGStageBg9001Sp.png	Assets/Product/Texture/Image/UiTRPG/UiTRPGStageBg9001.png	Assets/Product/Texture/Atlas/UiTRPG/UiTRPGIconMaze01.png	1051021	格式塔内置的标准防御程序发生了数据改写的迹象，这些异常的防御程序现在会无差别攻击所有活动的信号源。阻止它们，或者被它们阻止。	目前的实力可以迅速解决这场战斗。		
1051097		1		9	['5', '30200011', '400530', '1051031']	Fight-07	异常程序	Assets/Product/Texture/Atlas/UiTRPG/UiTRPGStageBg9000Sp.png	Assets/Product/Texture/Image/UiTRPG/UiTRPGStageBg9000.png	Assets/Product/Texture/Atlas/UiTRPG/UiTRPGIconMaze01.png	1051021	格式塔内置的标准防御程序发生了数据改写的迹象，这些异常的防御程序现在会无差别攻击所有活动的信号源。阻止它们，或者被它们阻止。	目前的实力可以迅速解决这场战斗。		
1051098		1		9	['5', '30200012', '400530', '1051031']	Fight-08	异常程序	Assets/Product/Texture/Atlas/UiTRPG/UiTRPGStageBg9001Sp.png	Assets/Product/Texture/Image/UiTRPG/UiTRPGStageBg9001.png	Assets/Product/Texture/Atlas/UiTRPG/UiTRPGIconMaze01.png	1051021	格式塔内置的标准防御程序发生了数据改写的迹象，这些异常的防御程序现在会无差别攻击所有活动的信号源。阻止它们，或者被它们阻止。	目前的实力可以迅速解决这场战斗。		
1051099		1		9	['5', '30200011', '400530', '1051031']	Fight-09	异常程序	Assets/Product/Texture/Atlas/UiTRPG/UiTRPGStageBg9000Sp.png	Assets/Product/Texture/Image/UiTRPG/UiTRPGStageBg9000.png	Assets/Product/Texture/Atlas/UiTRPG/UiTRPGIconMaze01.png	1051021	格式塔内置的标准防御程序发生了数据改写的迹象，这些异常的防御程序现在会无差别攻击所有活动的信号源。阻止它们，或者被它们阻止。	目前的实力可以迅速解决这场战斗。		
1051100		1		9	['5', '30200012', '400530', '1051031']	Fight-10	异常程序	Assets/Product/Texture/Atlas/UiTRPG/UiTRPGStageBg9001Sp.png	Assets/Product/Texture/Image/UiTRPG/UiTRPGStageBg9001.png	Assets/Product/Texture/Atlas/UiTRPG/UiTRPGIconMaze01.png	1051021	格式塔内置的标准防御程序发生了数据改写的迹象，这些异常的防御程序现在会无差别攻击所有活动的信号源。阻止它们，或者被它们阻止。	目前的实力可以迅速解决这场战斗。		
1051101				10		Out	离开	Assets/Product/Texture/Atlas/UiTRPG/UiTRPGStageBg7001Sp.png	Assets/Product/Texture/Image/UiTRPG/UiTRPGStageBg7006.png	Assets/Product/Texture/Atlas/UiTRPG/UiTRPGIconMaze09.png					
1052011				1		Data corruption	破碎数据	Assets/Product/Texture/Atlas/UiTRPG/UiTRPGStageBg1008Sp.png	Assets/Product/Texture/Image/UiTRPG/UiTRPGStageBg1008.png						
1052012				1		Data corruption	破碎数据	Assets/Product/Texture/Atlas/UiTRPG/UiTRPGStageBg1008Sp.png	Assets/Product/Texture/Image/UiTRPG/UiTRPGStageBg1008.png						
1052021				2		Virtual process	虚拟进程	Assets/Product/Texture/Atlas/UiTRPG/UiTRPGStageBg2006Sp.png	Assets/Product/Texture/Image/UiTRPG/UiTRPGStageBg2006.png						
1052022				2		Virtual process	虚拟进程	Assets/Product/Texture/Atlas/UiTRPG/UiTRPGStageBg2007Sp.png	Assets/Product/Texture/Image/UiTRPG/UiTRPGStageBg2007.png						
1052041	1		4	4	['FZ01601BC']	Story	诡局	Assets/Product/Texture/Atlas/UiTRPG/UiTRPGStageBg3037Sp.png	Assets/Product/Texture/Image/UiTRPG/UiTRPGStageBg3037.png	Assets/Product/Texture/Atlas/UiTRPG/UiTRPGIconMaze02_2.png	1052021			1	
1052042	1		4	4	['FZ01601BD']	Story	地球的支点	Assets/Product/Texture/Atlas/UiTRPG/UiTRPGStageBg3037Sp.png	Assets/Product/Texture/Image/UiTRPG/UiTRPGStageBg3037.png	Assets/Product/Texture/Atlas/UiTRPG/UiTRPGIconMaze02_2.png	1052021			1	
1052043	1		4	4	['FZ01603BA']	Story	圣甲虫	Assets/Product/Texture/Atlas/UiTRPG/UiTRPGStageBg3037Sp.png	Assets/Product/Texture/Image/UiTRPG/UiTRPGStageBg3037.png	Assets/Product/Texture/Atlas/UiTRPG/UiTRPGIconMaze02_2.png	1052021			1	
1052051	1		2	5	['1052051', '1', '0']	Test	异常敌对	Assets/Product/Texture/Atlas/UiTRPG/UiTRPGStageBg5010Sp.png	Assets/Product/Texture/Image/UiTRPG/UiTRPGStageBg5010.png	Assets/Product/Texture/Atlas/UiTRPG/UiTRPGIconMaze06.png	1052021				
1052052	1		2	5	['1052052', '1', '0']	Test	数据迷宫	Assets/Product/Texture/Atlas/UiTRPG/UiTRPGStageBg5010Sp.png	Assets/Product/Texture/Image/UiTRPG/UiTRPGStageBg5010.png	Assets/Product/Texture/Atlas/UiTRPG/UiTRPGIconMaze06.png	1052021				
1052053	1		2	5	['1052053', '1', '0']	Test	干扰区块	Assets/Product/Texture/Atlas/UiTRPG/UiTRPGStageBg5010Sp.png	Assets/Product/Texture/Image/UiTRPG/UiTRPGStageBg5010.png	Assets/Product/Texture/Atlas/UiTRPG/UiTRPGIconMaze06.png	1052021				
1052054	1		2	5	['1052054', '1', '0']	Over	防御装置	Assets/Product/Texture/Atlas/UiTRPG/UiTRPGStageBg5010Sp.png	Assets/Product/Texture/Image/UiTRPG/UiTRPGStageBg5010.png	Assets/Product/Texture/Atlas/UiTRPG/UiTRPGIconMaze06.png	1052021				
1052055	1		2	5	['1052055', '1', '0']	Over	监控装置	Assets/Product/Texture/Atlas/UiTRPG/UiTRPGStageBg5010Sp.png	Assets/Product/Texture/Image/UiTRPG/UiTRPGStageBg5010.png	Assets/Product/Texture/Atlas/UiTRPG/UiTRPGIconMaze06.png	1052021				
1052061	1		1	6	['400521']	Reward	贵重物资	Assets/Product/Texture/Atlas/UiTRPG/UiTRPGStageBg6001Sp.png	Assets/Product/Texture/Image/UiTRPG/UiTRPGStageBg6001.png	Assets/Product/Texture/Atlas/UiTRPG/UiTRPGIconMaze04.png	1052021				
1052062	1		1	6	['400602']	Reward	贵重物资	Assets/Product/Texture/Atlas/UiTRPG/UiTRPGStageBg6001Sp.png	Assets/Product/Texture/Image/UiTRPG/UiTRPGStageBg6001.png	Assets/Product/Texture/Atlas/UiTRPG/UiTRPGIconMaze04.png	1052021				
1052063	1		1	6	['400517']	Reward	残存物资	Assets/Product/Texture/Atlas/UiTRPG/UiTRPGStageBg6000Sp.png	Assets/Product/Texture/Image/UiTRPG/UiTRPGStageBg6000.png	Assets/Product/Texture/Atlas/UiTRPG/UiTRPGIconMaze04.png	1052021				
1052064	1		1	6	['400516']	Reward	残存物资	Assets/Product/Texture/Atlas/UiTRPG/UiTRPGStageBg6000Sp.png	Assets/Product/Texture/Image/UiTRPG/UiTRPGStageBg6000.png	Assets/Product/Texture/Atlas/UiTRPG/UiTRPGIconMaze04.png	1052021				
1052065	1		1	6	['400520']	Reward	残存物资	Assets/Product/Texture/Atlas/UiTRPG/UiTRPGStageBg6000Sp.png	Assets/Product/Texture/Image/UiTRPG/UiTRPGStageBg6000.png	Assets/Product/Texture/Atlas/UiTRPG/UiTRPGIconMaze04.png	1052021				
1052066	1		1	6	['400502']	Reward	残存物资	Assets/Product/Texture/Atlas/UiTRPG/UiTRPGStageBg6000Sp.png	Assets/Product/Texture/Image/UiTRPG/UiTRPGStageBg6000.png	Assets/Product/Texture/Atlas/UiTRPG/UiTRPGIconMaze04.png	1052021				
1052067	1		1	6	['400503']	Reward	残存物资	Assets/Product/Texture/Atlas/UiTRPG/UiTRPGStageBg6000Sp.png	Assets/Product/Texture/Image/UiTRPG/UiTRPGStageBg6000.png	Assets/Product/Texture/Atlas/UiTRPG/UiTRPGIconMaze04.png	1052021				
1052071		1		7	['1052021', '200', '1052063', '50', '1052091', '50']	???	随机事件	Assets/Product/Texture/Atlas/UiTRPG/UiTRPGStageBg00Sp.png	Assets/Product/Texture/Image/UiTRPG/UiTRPGStageBg00.png		1052021				
1052072		1		7	['1052021', '200', '1052064', '50', '1052091', '50']	???	随机事件	Assets/Product/Texture/Atlas/UiTRPG/UiTRPGStageBg00Sp.png	Assets/Product/Texture/Image/UiTRPG/UiTRPGStageBg00.png		1052021				
1052073		1		7	['1052021', '200', '1052065', '50', '1052091', '50']	???	随机事件	Assets/Product/Texture/Atlas/UiTRPG/UiTRPGStageBg00Sp.png	Assets/Product/Texture/Image/UiTRPG/UiTRPGStageBg00.png		1052021				
1052074		1		7	['1052021', '200', '1052066', '50', '1052091', '50']	???	随机事件	Assets/Product/Texture/Atlas/UiTRPG/UiTRPGStageBg00Sp.png	Assets/Product/Texture/Image/UiTRPG/UiTRPGStageBg00.png		1052021				
1052075		1		7	['1052021', '200', '1052063', '50', '1052091', '50']	???	随机事件	Assets/Product/Texture/Atlas/UiTRPG/UiTRPGStageBg00Sp.png	Assets/Product/Texture/Image/UiTRPG/UiTRPGStageBg00.png		1052021				
1052076		1		7	['1052021', '200', '1052064', '50', '1052091', '50']	???	随机事件	Assets/Product/Texture/Atlas/UiTRPG/UiTRPGStageBg00Sp.png	Assets/Product/Texture/Image/UiTRPG/UiTRPGStageBg00.png		1052021				
1052077		1		7	['1052021', '200', '1052065', '50', '1052091', '50']	???	随机事件	Assets/Product/Texture/Atlas/UiTRPG/UiTRPGStageBg00Sp.png	Assets/Product/Texture/Image/UiTRPG/UiTRPGStageBg00.png		1052021				
1052078		1		7	['1052021', '200', '1052066', '50', '1052091', '50']	???	随机事件	Assets/Product/Texture/Atlas/UiTRPG/UiTRPGStageBg00Sp.png	Assets/Product/Texture/Image/UiTRPG/UiTRPGStageBg00.png		1052021				
1052081				8	['1053', '26', '3']	Down	第3区域	Assets/Product/Texture/Atlas/UiTRPG/UiTRPGStageBg7000Sp.png	Assets/Product/Texture/Image/UiTRPG/UiTRPGStageBg7007.png	Assets/Product/Texture/Atlas/UiTRPG/UiTRPGIconMaze08.png					
1052082				8	['1051', '19', '4']	Up	第1区域	Assets/Product/Texture/Atlas/UiTRPG/UiTRPGStageBg7000Sp.png	Assets/Product/Texture/Image/UiTRPG/UiTRPGStageBg7006.png	Assets/Product/Texture/Atlas/UiTRPG/UiTRPGIconMaze07.png					
1052091		1		9	['5', '30200011', '400530', '1052031']	Fight-01	异常程序	Assets/Product/Texture/Atlas/UiTRPG/UiTRPGStageBg9000Sp.png	Assets/Product/Texture/Image/UiTRPG/UiTRPGStageBg9000.png	Assets/Product/Texture/Atlas/UiTRPG/UiTRPGIconMaze01.png	1052021	格式塔内置的标准防御程序发生了数据改写的迹象，这些异常的防御程序现在会无差别攻击所有活动的信号源。阻止它们，或者被它们阻止。	目前的实力可以迅速解决这场战斗。		
1052092		1		9	['5', '30200012', '400530', '1052031']	Fight-02	异常程序	Assets/Product/Texture/Atlas/UiTRPG/UiTRPGStageBg9001Sp.png	Assets/Product/Texture/Image/UiTRPG/UiTRPGStageBg9001.png	Assets/Product/Texture/Atlas/UiTRPG/UiTRPGIconMaze01.png	1052021	格式塔内置的标准防御程序发生了数据改写的迹象，这些异常的防御程序现在会无差别攻击所有活动的信号源。阻止它们，或者被它们阻止。	目前的实力可以迅速解决这场战斗。		
1052093		1		9	['5', '30200011', '400530', '1052031']	Fight-03	异常程序	Assets/Product/Texture/Atlas/UiTRPG/UiTRPGStageBg9000Sp.png	Assets/Product/Texture/Image/UiTRPG/UiTRPGStageBg9000.png	Assets/Product/Texture/Atlas/UiTRPG/UiTRPGIconMaze01.png	1052021	格式塔内置的标准防御程序发生了数据改写的迹象，这些异常的防御程序现在会无差别攻击所有活动的信号源。阻止它们，或者被它们阻止。	目前的实力可以迅速解决这场战斗。		
1052094		1		9	['5', '30200012', '400530', '1052031']	Fight-04	异常程序	Assets/Product/Texture/Atlas/UiTRPG/UiTRPGStageBg9001Sp.png	Assets/Product/Texture/Image/UiTRPG/UiTRPGStageBg9001.png	Assets/Product/Texture/Atlas/UiTRPG/UiTRPGIconMaze01.png	1052021	格式塔内置的标准防御程序发生了数据改写的迹象，这些异常的防御程序现在会无差别攻击所有活动的信号源。阻止它们，或者被它们阻止。	目前的实力可以迅速解决这场战斗。		
1052095		1		9	['5', '30200011', '400530', '1052031']	Fight-05	异常程序	Assets/Product/Texture/Atlas/UiTRPG/UiTRPGStageBg9000Sp.png	Assets/Product/Texture/Image/UiTRPG/UiTRPGStageBg9000.png	Assets/Product/Texture/Atlas/UiTRPG/UiTRPGIconMaze01.png	1052021	格式塔内置的标准防御程序发生了数据改写的迹象，这些异常的防御程序现在会无差别攻击所有活动的信号源。阻止它们，或者被它们阻止。	目前的实力可以迅速解决这场战斗。		
1052096		1		9	['5', '30200012', '400530', '1052031']	Fight-06	异常程序	Assets/Product/Texture/Atlas/UiTRPG/UiTRPGStageBg9001Sp.png	Assets/Product/Texture/Image/UiTRPG/UiTRPGStageBg9001.png	Assets/Product/Texture/Atlas/UiTRPG/UiTRPGIconMaze01.png	1052021	格式塔内置的标准防御程序发生了数据改写的迹象，这些异常的防御程序现在会无差别攻击所有活动的信号源。阻止它们，或者被它们阻止。	目前的实力可以迅速解决这场战斗。		
1052097		1		9	['5', '30200011', '400530', '1052031']	Fight-07	异常程序	Assets/Product/Texture/Atlas/UiTRPG/UiTRPGStageBg9000Sp.png	Assets/Product/Texture/Image/UiTRPG/UiTRPGStageBg9000.png	Assets/Product/Texture/Atlas/UiTRPG/UiTRPGIconMaze01.png	1052021	格式塔内置的标准防御程序发生了数据改写的迹象，这些异常的防御程序现在会无差别攻击所有活动的信号源。阻止它们，或者被它们阻止。	目前的实力可以迅速解决这场战斗。		
1052098		1		9	['5', '30200012', '400530', '1052031']	Fight-08	异常程序	Assets/Product/Texture/Atlas/UiTRPG/UiTRPGStageBg9001Sp.png	Assets/Product/Texture/Image/UiTRPG/UiTRPGStageBg9001.png	Assets/Product/Texture/Atlas/UiTRPG/UiTRPGIconMaze01.png	1052021	格式塔内置的标准防御程序发生了数据改写的迹象，这些异常的防御程序现在会无差别攻击所有活动的信号源。阻止它们，或者被它们阻止。	目前的实力可以迅速解决这场战斗。		
1052099		1		9	['5', '30200011', '400530', '1052031']	Fight-09	异常程序	Assets/Product/Texture/Atlas/UiTRPG/UiTRPGStageBg9000Sp.png	Assets/Product/Texture/Image/UiTRPG/UiTRPGStageBg9000.png	Assets/Product/Texture/Atlas/UiTRPG/UiTRPGIconMaze01.png	1052021	格式塔内置的标准防御程序发生了数据改写的迹象，这些异常的防御程序现在会无差别攻击所有活动的信号源。阻止它们，或者被它们阻止。	目前的实力可以迅速解决这场战斗。		
1053011				1		Data corruption	破碎数据	Assets/Product/Texture/Atlas/UiTRPG/UiTRPGStageBg1008Sp.png	Assets/Product/Texture/Image/UiTRPG/UiTRPGStageBg1008.png						
1053012				1		Data corruption	破碎数据	Assets/Product/Texture/Atlas/UiTRPG/UiTRPGStageBg1008Sp.png	Assets/Product/Texture/Image/UiTRPG/UiTRPGStageBg1008.png						
1053021				2		Virtual process	虚拟进程	Assets/Product/Texture/Atlas/UiTRPG/UiTRPGStageBg2006Sp.png	Assets/Product/Texture/Image/UiTRPG/UiTRPGStageBg2006.png						
1053022				2		Virtual process	虚拟进程	Assets/Product/Texture/Atlas/UiTRPG/UiTRPGStageBg2007Sp.png	Assets/Product/Texture/Image/UiTRPG/UiTRPGStageBg2007.png						
1053041	1		4	4	['FZ01602BC']	Story	对谈	Assets/Product/Texture/Atlas/UiTRPG/UiTRPGStageBg3037Sp.png	Assets/Product/Texture/Image/UiTRPG/UiTRPGStageBg3037.png	Assets/Product/Texture/Atlas/UiTRPG/UiTRPGIconMaze02_2.png	1053021			1	
1053051	1		2	5	['1053051', '1', '0']	Test	异常敌对	Assets/Product/Texture/Atlas/UiTRPG/UiTRPGStageBg5010Sp.png	Assets/Product/Texture/Image/UiTRPG/UiTRPGStageBg5010.png	Assets/Product/Texture/Atlas/UiTRPG/UiTRPGIconMaze06.png	1053021				
1053061	1		1	6	['400607']	Reward	贵重物资	Assets/Product/Texture/Atlas/UiTRPG/UiTRPGStageBg6001Sp.png	Assets/Product/Texture/Image/UiTRPG/UiTRPGStageBg6001.png	Assets/Product/Texture/Atlas/UiTRPG/UiTRPGIconMaze04.png	1053021				
1053062	1		1	6	['400517']	Reward	残存物资	Assets/Product/Texture/Atlas/UiTRPG/UiTRPGStageBg6000Sp.png	Assets/Product/Texture/Image/UiTRPG/UiTRPGStageBg6000.png	Assets/Product/Texture/Atlas/UiTRPG/UiTRPGIconMaze04.png	1053021				
1053063	1		1	6	['400502']	Reward	残存物资	Assets/Product/Texture/Atlas/UiTRPG/UiTRPGStageBg6000Sp.png	Assets/Product/Texture/Image/UiTRPG/UiTRPGStageBg6000.png	Assets/Product/Texture/Atlas/UiTRPG/UiTRPGIconMaze04.png	1053021				
1053064	1		1	6	['400516']	Reward	残存物资	Assets/Product/Texture/Atlas/UiTRPG/UiTRPGStageBg6000Sp.png	Assets/Product/Texture/Image/UiTRPG/UiTRPGStageBg6000.png	Assets/Product/Texture/Atlas/UiTRPG/UiTRPGIconMaze04.png	1053021				
1053065	1		1	6	['400520']	Reward	残存物资	Assets/Product/Texture/Atlas/UiTRPG/UiTRPGStageBg6000Sp.png	Assets/Product/Texture/Image/UiTRPG/UiTRPGStageBg6000.png	Assets/Product/Texture/Atlas/UiTRPG/UiTRPGIconMaze04.png	1053021				
1053066	1		1	6	['400502']	Reward	残存物资	Assets/Product/Texture/Atlas/UiTRPG/UiTRPGStageBg6000Sp.png	Assets/Product/Texture/Image/UiTRPG/UiTRPGStageBg6000.png	Assets/Product/Texture/Atlas/UiTRPG/UiTRPGIconMaze04.png	1053021				
1053067	1		1	6	['400503']	Reward	残存物资	Assets/Product/Texture/Atlas/UiTRPG/UiTRPGStageBg6000Sp.png	Assets/Product/Texture/Image/UiTRPG/UiTRPGStageBg6000.png	Assets/Product/Texture/Atlas/UiTRPG/UiTRPGIconMaze04.png	1053021				
1053071		1		7	['1053021', '200', '1053062', '50', '1053091', '50']	???	随机事件	Assets/Product/Texture/Atlas/UiTRPG/UiTRPGStageBg00Sp.png	Assets/Product/Texture/Image/UiTRPG/UiTRPGStageBg00.png		1053021				
1053072		1		7	['1053021', '200', '1053063', '50', '1053091', '50']	???	随机事件	Assets/Product/Texture/Atlas/UiTRPG/UiTRPGStageBg00Sp.png	Assets/Product/Texture/Image/UiTRPG/UiTRPGStageBg00.png		1053021				
1053073		1		7	['1053021', '200', '1053064', '50', '1053091', '50']	???	随机事件	Assets/Product/Texture/Atlas/UiTRPG/UiTRPGStageBg00Sp.png	Assets/Product/Texture/Image/UiTRPG/UiTRPGStageBg00.png		1053021				
1053074		1		7	['1053021', '200', '1053062', '50', '1053091', '50']	???	随机事件	Assets/Product/Texture/Atlas/UiTRPG/UiTRPGStageBg00Sp.png	Assets/Product/Texture/Image/UiTRPG/UiTRPGStageBg00.png		1053021				
1053075		1		7	['1053021', '200', '1053063', '50', '1053091', '50']	???	随机事件	Assets/Product/Texture/Atlas/UiTRPG/UiTRPGStageBg00Sp.png	Assets/Product/Texture/Image/UiTRPG/UiTRPGStageBg00.png		1053021				
1053081				8	['1052', '26', '5']	Up	第2区域	Assets/Product/Texture/Atlas/UiTRPG/UiTRPGStageBg7000Sp.png	Assets/Product/Texture/Image/UiTRPG/UiTRPGStageBg7006.png	Assets/Product/Texture/Atlas/UiTRPG/UiTRPGIconMaze07.png					
1053091		1		9	['5', '30200011', '400530', '1053031']	Fight-01	异常程序	Assets/Product/Texture/Atlas/UiTRPG/UiTRPGStageBg9000Sp.png	Assets/Product/Texture/Image/UiTRPG/UiTRPGStageBg9000.png	Assets/Product/Texture/Atlas/UiTRPG/UiTRPGIconMaze01.png	1053021	格式塔内置的标准防御程序发生了数据改写的迹象，这些异常的防御程序现在会无差别攻击所有活动的信号源。阻止它们，或者被它们阻止。	目前的实力可以迅速解决这场战斗。		
1053092		1		9	['5', '30200012', '400530', '1053031']	Fight-02	异常程序	Assets/Product/Texture/Atlas/UiTRPG/UiTRPGStageBg9001Sp.png	Assets/Product/Texture/Image/UiTRPG/UiTRPGStageBg9001.png	Assets/Product/Texture/Atlas/UiTRPG/UiTRPGIconMaze01.png	1053021	格式塔内置的标准防御程序发生了数据改写的迹象，这些异常的防御程序现在会无差别攻击所有活动的信号源。阻止它们，或者被它们阻止。	目前的实力可以迅速解决这场战斗。		
1053093		1		9	['5', '30200011', '400530', '1053031']	Fight-03	异常程序	Assets/Product/Texture/Atlas/UiTRPG/UiTRPGStageBg9000Sp.png	Assets/Product/Texture/Image/UiTRPG/UiTRPGStageBg9000.png	Assets/Product/Texture/Atlas/UiTRPG/UiTRPGIconMaze01.png	1053021	格式塔内置的标准防御程序发生了数据改写的迹象，这些异常的防御程序现在会无差别攻击所有活动的信号源。阻止它们，或者被它们阻止。	目前的实力可以迅速解决这场战斗。		
1053094		1		9	['5', '30200012', '400530', '1053031']	Fight-04	异常程序	Assets/Product/Texture/Atlas/UiTRPG/UiTRPGStageBg9001Sp.png	Assets/Product/Texture/Image/UiTRPG/UiTRPGStageBg9001.png	Assets/Product/Texture/Atlas/UiTRPG/UiTRPGIconMaze01.png	1053021	格式塔内置的标准防御程序发生了数据改写的迹象，这些异常的防御程序现在会无差别攻击所有活动的信号源。阻止它们，或者被它们阻止。	目前的实力可以迅速解决这场战斗。		
1053095		1		9	['5', '30200011', '400530', '1053031']	Fight-05	异常程序	Assets/Product/Texture/Atlas/UiTRPG/UiTRPGStageBg9000Sp.png	Assets/Product/Texture/Image/UiTRPG/UiTRPGStageBg9000.png	Assets/Product/Texture/Atlas/UiTRPG/UiTRPGIconMaze01.png	1053021	格式塔内置的标准防御程序发生了数据改写的迹象，这些异常的防御程序现在会无差别攻击所有活动的信号源。阻止它们，或者被它们阻止。	目前的实力可以迅速解决这场战斗。		
1053096		1		9	['5', '30200012', '400530', '1053031']	Fight-06	异常程序	Assets/Product/Texture/Atlas/UiTRPG/UiTRPGStageBg9001Sp.png	Assets/Product/Texture/Image/UiTRPG/UiTRPGStageBg9001.png	Assets/Product/Texture/Atlas/UiTRPG/UiTRPGIconMaze01.png	1053021	格式塔内置的标准防御程序发生了数据改写的迹象，这些异常的防御程序现在会无差别攻击所有活动的信号源。阻止它们，或者被它们阻止。	目前的实力可以迅速解决这场战斗。		
1053097		1		9	['5', '30200011', '400530', '1053031']	Fight-01	异常程序	Assets/Product/Texture/Atlas/UiTRPG/UiTRPGStageBg9000Sp.png	Assets/Product/Texture/Image/UiTRPG/UiTRPGStageBg9000.png	Assets/Product/Texture/Atlas/UiTRPG/UiTRPGIconMaze01.png	1053021	格式塔内置的标准防御程序发生了数据改写的迹象，这些异常的防御程序现在会无差别攻击所有活动的信号源。阻止它们，或者被它们阻止。	目前的实力可以迅速解决这场战斗。		
2021011				1		Danger zone	危险地区	Assets/Product/Texture/Atlas/UiTRPG/UiTRPGStageBg1009Sp.png	Assets/Product/Texture/Image/UiTRPG/UiTRPGStageBg1009.png						
2021012				1		Danger zone	危险地区	Assets/Product/Texture/Atlas/UiTRPG/UiTRPGStageBg1011Sp.png	Assets/Product/Texture/Image/UiTRPG/UiTRPGStageBg1011.png						
2021021				2		Security zone	安全通路	Assets/Product/Texture/Atlas/UiTRPG/UiTRPGStageBg2008Sp.png	Assets/Product/Texture/Image/UiTRPG/UiTRPGStageBg2008.png						
2021022				2		Security zone	安全通路	Assets/Product/Texture/Atlas/UiTRPG/UiTRPGStageBg2009Sp.png	Assets/Product/Texture/Image/UiTRPG/UiTRPGStageBg2009.png						
2021031	1		3	3	['10130110']	Story	赤色狂潮	Assets/Product/Texture/Atlas/UiTRPG/UiTRPGStageBg3009Sp.png	Assets/Product/Texture/Image/UiTRPG/UiTRPGStageBg3009.png	Assets/Product/Texture/Atlas/UiTRPG/UiTRPGIconMaze02.png	2021021	汇聚了生与死的红潮静静地注视着四人，正如同此刻，四人注视着它。		1	ZX01613EA
2021041	1		3	4	['ZX01612BA']	Story-01	危机四伏	Assets/Product/Texture/Atlas/UiTRPG/UiTRPGStageBg3010Sp.png	Assets/Product/Texture/Image/UiTRPG/UiTRPGStageBg3010.png	Assets/Product/Texture/Atlas/UiTRPG/UiTRPGIconMaze02.png	2021021			1	
2021042	1		4	4	['FZ01605BB']	Story	血缘余音	Assets/Product/Texture/Atlas/UiTRPG/UiTRPGStageBg3014Sp.png	Assets/Product/Texture/Image/UiTRPG/UiTRPGStageBg3014.png	Assets/Product/Texture/Atlas/UiTRPG/UiTRPGIconMaze02_2.png	2021021			1	
2021051	1		2	5	['2021051', '1', '400608']	Test-01	狂潮之源	Assets/Product/Texture/Atlas/UiTRPG/UiTRPGStageBg5011Sp.png	Assets/Product/Texture/Image/UiTRPG/UiTRPGStageBg5011.png	Assets/Product/Texture/Atlas/UiTRPG/UiTRPGIconMaze06.png	2021021	检定剧情			
2021052	1		2	5	['2021052', '1', '0']	Test-02	战无不胜	Assets/Product/Texture/Atlas/UiTRPG/UiTRPGStageBg5011Sp.png	Assets/Product/Texture/Image/UiTRPG/UiTRPGStageBg5011.png	Assets/Product/Texture/Atlas/UiTRPG/UiTRPGIconMaze06.png	2021021	封锁1			
2021053	1		2	5	['2021053', '1', '0']	Test-03	另辟蹊径	Assets/Product/Texture/Atlas/UiTRPG/UiTRPGStageBg5011Sp.png	Assets/Product/Texture/Image/UiTRPG/UiTRPGStageBg5011.png	Assets/Product/Texture/Atlas/UiTRPG/UiTRPGIconMaze06.png	2021021	封锁2			
2021054	1		2	5	['2021054', '1', '0']	Test-04	拾取数据	Assets/Product/Texture/Atlas/UiTRPG/UiTRPGStageBg5011Sp.png	Assets/Product/Texture/Image/UiTRPG/UiTRPGStageBg5011.png	Assets/Product/Texture/Atlas/UiTRPG/UiTRPGIconMaze06.png	2021021	封锁3			
2021055	1		2	5	['2021055', '1', '0']	Test-05	坍塌废墟	Assets/Product/Texture/Atlas/UiTRPG/UiTRPGStageBg5011Sp.png	Assets/Product/Texture/Image/UiTRPG/UiTRPGStageBg5011.png	Assets/Product/Texture/Atlas/UiTRPG/UiTRPGIconMaze06.png	2021021	封锁4			
2021056		1		5	['2021056', '0', '0']	Trap-01	局部重灾区	Assets/Product/Texture/Atlas/UiTRPG/UiTRPGStageBg8000Sp.png	Assets/Product/Texture/Image/UiTRPG/UiTRPGStageBg8000.png	Assets/Product/Texture/Atlas/UiTRPG/UiTRPGIconMaze05.png	2021021	陷阱牌1			
2021057		1		5	['2021057', '0', '0']	Trap-02	局部重灾区	Assets/Product/Texture/Atlas/UiTRPG/UiTRPGStageBg8000Sp.png	Assets/Product/Texture/Image/UiTRPG/UiTRPGStageBg8000.png	Assets/Product/Texture/Atlas/UiTRPG/UiTRPGIconMaze05.png	2021021	陷阱牌2			
2021058		1		5	['2021058', '0', '0']	Trap-03	局部重灾区	Assets/Product/Texture/Atlas/UiTRPG/UiTRPGStageBg8000Sp.png	Assets/Product/Texture/Image/UiTRPG/UiTRPGStageBg8000.png	Assets/Product/Texture/Atlas/UiTRPG/UiTRPGIconMaze05.png	2021021	陷阱牌3			
2021061	1		1	6	['400502']	Reward-01	残存物资	Assets/Product/Texture/Atlas/UiTRPG/UiTRPGStageBg6000Sp.png	Assets/Product/Texture/Image/UiTRPG/UiTRPGStageBg6000.png	Assets/Product/Texture/Atlas/UiTRPG/UiTRPGIconMaze04.png	2021021	奖励（道具1）			
2021062	1		1	6	['400510']	Reward-02	残存物资	Assets/Product/Texture/Atlas/UiTRPG/UiTRPGStageBg6000Sp.png	Assets/Product/Texture/Image/UiTRPG/UiTRPGStageBg6000.png	Assets/Product/Texture/Atlas/UiTRPG/UiTRPGIconMaze04.png	2021021	奖励（道具2）			
2021063	1		1	6	['400502']	Reward-03	贵重物资	Assets/Product/Texture/Atlas/UiTRPG/UiTRPGStageBg6001Sp.png	Assets/Product/Texture/Image/UiTRPG/UiTRPGStageBg6001.png	Assets/Product/Texture/Atlas/UiTRPG/UiTRPGIconMaze04.png	2021021	奖励（封锁1）			
2021064	1		1	6	['400609']	Reward-04	贵重物资	Assets/Product/Texture/Atlas/UiTRPG/UiTRPGStageBg6001Sp.png	Assets/Product/Texture/Image/UiTRPG/UiTRPGStageBg6001.png	Assets/Product/Texture/Atlas/UiTRPG/UiTRPGIconMaze04.png	2021021	奖励（封锁2）			
2021065	1		1	6	['400502']	Reward-05	贵重物资	Assets/Product/Texture/Atlas/UiTRPG/UiTRPGStageBg6001Sp.png	Assets/Product/Texture/Image/UiTRPG/UiTRPGStageBg6001.png	Assets/Product/Texture/Atlas/UiTRPG/UiTRPGIconMaze04.png	2021021	奖励（封锁3）			
2021066	1		1	6	['400510']	Reward-06	贵重物资	Assets/Product/Texture/Atlas/UiTRPG/UiTRPGStageBg6001Sp.png	Assets/Product/Texture/Image/UiTRPG/UiTRPGStageBg6001.png	Assets/Product/Texture/Atlas/UiTRPG/UiTRPGIconMaze04.png	2021021	奖励（封锁4）			
2021071		1		7	['2021021', '200', '2021061', '50', '2021091', '50']	???-01	随机事件	Assets/Product/Texture/Atlas/UiTRPG/UiTRPGStageBg00Sp.png	Assets/Product/Texture/Image/UiTRPG/UiTRPGStageBg00.png		2021021				
2021072		1		7	['2021021', '200', '2021061', '50', '2021091', '50']	???-02	随机事件	Assets/Product/Texture/Atlas/UiTRPG/UiTRPGStageBg00Sp.png	Assets/Product/Texture/Image/UiTRPG/UiTRPGStageBg00.png		2021021				
2021073		1		7	['2021021', '200', '2021061', '50', '2021091', '50']	???-03	随机事件	Assets/Product/Texture/Atlas/UiTRPG/UiTRPGStageBg00Sp.png	Assets/Product/Texture/Image/UiTRPG/UiTRPGStageBg00.png		2021021				
2021074		1		7	['2021021', '200', '2021061', '50', '2021091', '50']	???-04	随机事件	Assets/Product/Texture/Atlas/UiTRPG/UiTRPGStageBg00Sp.png	Assets/Product/Texture/Image/UiTRPG/UiTRPGStageBg00.png		2021021				
2021075		1		7	['2021021', '200', '2021061', '50', '2021091', '50']	???-05	随机事件	Assets/Product/Texture/Atlas/UiTRPG/UiTRPGStageBg00Sp.png	Assets/Product/Texture/Image/UiTRPG/UiTRPGStageBg00.png		2021021				
2021076		1		7	['2021021', '200', '2021061', '50', '2021091', '50']	???-06	随机事件	Assets/Product/Texture/Atlas/UiTRPG/UiTRPGStageBg00Sp.png	Assets/Product/Texture/Image/UiTRPG/UiTRPGStageBg00.png		2021021				
2021077		1		7	['2021021', '200', '2021061', '50', '2021091', '50']	???-07	随机事件	Assets/Product/Texture/Atlas/UiTRPG/UiTRPGStageBg00Sp.png	Assets/Product/Texture/Image/UiTRPG/UiTRPGStageBg00.png		2021021				
2021078		1		7	['2021021', '200', '2021061', '50', '2021091', '50']	???-08	随机事件	Assets/Product/Texture/Atlas/UiTRPG/UiTRPGStageBg00Sp.png	Assets/Product/Texture/Image/UiTRPG/UiTRPGStageBg00.png		2021021				
2021079		1		7	['2021021', '200', '2021061', '50', '2021091', '50']	???-09	随机事件	Assets/Product/Texture/Atlas/UiTRPG/UiTRPGStageBg00Sp.png	Assets/Product/Texture/Image/UiTRPG/UiTRPGStageBg00.png		2021021				
2021081				8	['2022', '1', '4']	Go-01	第2区域	Assets/Product/Texture/Atlas/UiTRPG/UiTRPGStageBg7009Sp.png	Assets/Product/Texture/Image/UiTRPG/UiTRPGStageBg7009.png	Assets/Product/Texture/Atlas/UiTRPG/UiTRPGIconMaze07.png					
2021091		1		9	['6', '30200013', '400530', '2021031']	Fight-01	感染体狂潮	Assets/Product/Texture/Atlas/UiTRPG/UiTRPGStageBg9000Sp.png	Assets/Product/Texture/Image/UiTRPG/UiTRPGStageBg9000.png	Assets/Product/Texture/Atlas/UiTRPG/UiTRPGIconMaze01.png	2021021	在此地游荡的感染体发出了怪异的叫声，向你们扑来。	目前的实力可以迅速解决这场战斗。		
2021092		1		9	['6', '30200014', '400530', '2021031']	Fight-02	感染体狂潮	Assets/Product/Texture/Atlas/UiTRPG/UiTRPGStageBg9000Sp.png	Assets/Product/Texture/Image/UiTRPG/UiTRPGStageBg9000.png	Assets/Product/Texture/Atlas/UiTRPG/UiTRPGIconMaze01.png	2021021	在此地游荡的感染体发出了怪异的叫声，向你们扑来。	目前的实力可以迅速解决这场战斗。		
2021093		1		9	['6', '30200013', '400530', '2021031']	Fight-03	感染体狂潮	Assets/Product/Texture/Atlas/UiTRPG/UiTRPGStageBg9000Sp.png	Assets/Product/Texture/Image/UiTRPG/UiTRPGStageBg9000.png	Assets/Product/Texture/Atlas/UiTRPG/UiTRPGIconMaze01.png	2021021	在此地游荡的感染体发出了怪异的叫声，向你们扑来。	目前的实力可以迅速解决这场战斗。		
2021094		1		9	['6', '30200014', '400530', '2021031']	Fight-04	感染体狂潮	Assets/Product/Texture/Atlas/UiTRPG/UiTRPGStageBg9000Sp.png	Assets/Product/Texture/Image/UiTRPG/UiTRPGStageBg9000.png	Assets/Product/Texture/Atlas/UiTRPG/UiTRPGIconMaze01.png	2021021	在此地游荡的感染体发出了怪异的叫声，向你们扑来。	目前的实力可以迅速解决这场战斗。		
2021095		1		9	['6', '30200013', '400530', '2021031']	Fight-05	感染体狂潮	Assets/Product/Texture/Atlas/UiTRPG/UiTRPGStageBg9000Sp.png	Assets/Product/Texture/Image/UiTRPG/UiTRPGStageBg9000.png	Assets/Product/Texture/Atlas/UiTRPG/UiTRPGIconMaze01.png	2021021	在此地游荡的感染体发出了怪异的叫声，向你们扑来。	目前的实力可以迅速解决这场战斗。		
2021096		1		9	['6', '30200014', '400530', '2021031']	Fight-06	感染体狂潮	Assets/Product/Texture/Atlas/UiTRPG/UiTRPGStageBg9000Sp.png	Assets/Product/Texture/Image/UiTRPG/UiTRPGStageBg9000.png	Assets/Product/Texture/Atlas/UiTRPG/UiTRPGIconMaze01.png	2021021	在此地游荡的感染体发出了怪异的叫声，向你们扑来。	目前的实力可以迅速解决这场战斗。		
2021097		1		9	['6', '30200013', '400530', '2021031']	Fight-07	感染体狂潮	Assets/Product/Texture/Atlas/UiTRPG/UiTRPGStageBg9000Sp.png	Assets/Product/Texture/Image/UiTRPG/UiTRPGStageBg9000.png	Assets/Product/Texture/Atlas/UiTRPG/UiTRPGIconMaze01.png	2021021	在此地游荡的感染体发出了怪异的叫声，向你们扑来。	目前的实力可以迅速解决这场战斗。		
2021098		1		9	['6', '30200014', '400530', '2021031']	Fight-08	感染体狂潮	Assets/Product/Texture/Atlas/UiTRPG/UiTRPGStageBg9000Sp.png	Assets/Product/Texture/Image/UiTRPG/UiTRPGStageBg9000.png	Assets/Product/Texture/Atlas/UiTRPG/UiTRPGIconMaze01.png	2021021	在此地游荡的感染体发出了怪异的叫声，向你们扑来。	目前的实力可以迅速解决这场战斗。		
2021099		1		9	['6', '30200013', '400530', '2021031']	Fight-09	感染体狂潮	Assets/Product/Texture/Atlas/UiTRPG/UiTRPGStageBg9000Sp.png	Assets/Product/Texture/Image/UiTRPG/UiTRPGStageBg9000.png	Assets/Product/Texture/Atlas/UiTRPG/UiTRPGIconMaze01.png	2021021	在此地游荡的感染体发出了怪异的叫声，向你们扑来。	目前的实力可以迅速解决这场战斗。		
2021101				10		Out	离开	Assets/Product/Texture/Atlas/UiTRPG/UiTRPGStageBg7008Sp.png	Assets/Product/Texture/Image/UiTRPG/UiTRPGStageBg7008.png	Assets/Product/Texture/Atlas/UiTRPG/UiTRPGIconMaze09.png					
2022011				1		Danger zone	危险地区	Assets/Product/Texture/Atlas/UiTRPG/UiTRPGStageBg1012Sp.png	Assets/Product/Texture/Image/UiTRPG/UiTRPGStageBg1012.png						
2022012				1		Danger zone	危险地区	Assets/Product/Texture/Atlas/UiTRPG/UiTRPGStageBg1013Sp.png	Assets/Product/Texture/Image/UiTRPG/UiTRPGStageBg1013.png						
2022021				2		Security zone	安全通路	Assets/Product/Texture/Atlas/UiTRPG/UiTRPGStageBg2010Sp.png	Assets/Product/Texture/Image/UiTRPG/UiTRPGStageBg2010.png						
2022022				2		Security zone	安全通路	Assets/Product/Texture/Atlas/UiTRPG/UiTRPGStageBg2010Sp.png	Assets/Product/Texture/Image/UiTRPG/UiTRPGStageBg2010.png						
2022041	1		3	4	['ZX01614BA']	Story-01	旧日残影	Assets/Product/Texture/Atlas/UiTRPG/UiTRPGStageBg3010Sp.png	Assets/Product/Texture/Image/UiTRPG/UiTRPGStageBg3010.png	Assets/Product/Texture/Atlas/UiTRPG/UiTRPGIconMaze02.png	2022021	文本剧情1		1	
2022042	1		3	4	['ZX01615BA']	Story-01	吹笛人	Assets/Product/Texture/Atlas/UiTRPG/UiTRPGStageBg3010Sp.png	Assets/Product/Texture/Image/UiTRPG/UiTRPGStageBg3010.png	Assets/Product/Texture/Atlas/UiTRPG/UiTRPGIconMaze02.png	2022021	文本剧情2		1	
2022051	1		2	5	['2022051', '1', '0']	Test-01	杂乱脚印	Assets/Product/Texture/Atlas/UiTRPG/UiTRPGStageBg5011Sp.png	Assets/Product/Texture/Image/UiTRPG/UiTRPGStageBg5011.png	Assets/Product/Texture/Atlas/UiTRPG/UiTRPGIconMaze06.png	2022021	检定剧情1			
2022052	1		2	5	['2022052', '1', '0']	Test-02	坍塌暗门	Assets/Product/Texture/Atlas/UiTRPG/UiTRPGStageBg5011Sp.png	Assets/Product/Texture/Image/UiTRPG/UiTRPGStageBg5011.png	Assets/Product/Texture/Atlas/UiTRPG/UiTRPGIconMaze06.png	2022021	检定剧情2			
2022053	1		2	5	['2022053', '1', '0']	Test-01	通过暗门	Assets/Product/Texture/Atlas/UiTRPG/UiTRPGStageBg5011Sp.png	Assets/Product/Texture/Image/UiTRPG/UiTRPGStageBg5011.png	Assets/Product/Texture/Atlas/UiTRPG/UiTRPGIconMaze06.png	2022021	封锁1-1			
2022054	1		2	5	['2022054', '1', '0']	Test-02	通过暗门	Assets/Product/Texture/Atlas/UiTRPG/UiTRPGStageBg5011Sp.png	Assets/Product/Texture/Image/UiTRPG/UiTRPGStageBg5011.png	Assets/Product/Texture/Atlas/UiTRPG/UiTRPGIconMaze06.png	2022021	封锁1-2			
2022055	1		2	5	['2022055', '1', '0']	Test-03	通过暗门	Assets/Product/Texture/Atlas/UiTRPG/UiTRPGStageBg5011Sp.png	Assets/Product/Texture/Image/UiTRPG/UiTRPGStageBg5011.png	Assets/Product/Texture/Atlas/UiTRPG/UiTRPGIconMaze06.png	2022021	封锁1-3			
2022056	1		2	5	['2022056', '1', '0']	Test-04	通过暗门	Assets/Product/Texture/Atlas/UiTRPG/UiTRPGStageBg5011Sp.png	Assets/Product/Texture/Image/UiTRPG/UiTRPGStageBg5011.png	Assets/Product/Texture/Atlas/UiTRPG/UiTRPGIconMaze06.png	2022021	封锁1-4			
2022057	1		2	5	['2022057', '1', '0']	Test-05	数据芯片	Assets/Product/Texture/Atlas/UiTRPG/UiTRPGStageBg5011Sp.png	Assets/Product/Texture/Image/UiTRPG/UiTRPGStageBg5011.png	Assets/Product/Texture/Atlas/UiTRPG/UiTRPGIconMaze06.png	2022021	封锁2-1			
2022058	1		2	5	['2022058', '1', '0']	Test-06	数据芯片	Assets/Product/Texture/Atlas/UiTRPG/UiTRPGStageBg5011Sp.png	Assets/Product/Texture/Image/UiTRPG/UiTRPGStageBg5011.png	Assets/Product/Texture/Atlas/UiTRPG/UiTRPGIconMaze06.png	2022021	封锁2-2			
2022059	1		2	5	['2022059', '1', '0']	Test-07	数据芯片	Assets/Product/Texture/Atlas/UiTRPG/UiTRPGStageBg5011Sp.png	Assets/Product/Texture/Image/UiTRPG/UiTRPGStageBg5011.png	Assets/Product/Texture/Atlas/UiTRPG/UiTRPGIconMaze06.png	2022021	封锁2-3			
2022851	1		2	5	['2022851', '1', '0']	Test-08	数据芯片	Assets/Product/Texture/Atlas/UiTRPG/UiTRPGStageBg5011Sp.png	Assets/Product/Texture/Image/UiTRPG/UiTRPGStageBg5011.png	Assets/Product/Texture/Atlas/UiTRPG/UiTRPGIconMaze06.png	2022021	封锁2-4			
2022852	1		2	5	['2022852', '1', '0']	Test-09	数据芯片	Assets/Product/Texture/Atlas/UiTRPG/UiTRPGStageBg5011Sp.png	Assets/Product/Texture/Image/UiTRPG/UiTRPGStageBg5011.png	Assets/Product/Texture/Atlas/UiTRPG/UiTRPGIconMaze06.png	2022021	封锁2-5			
2022853		1		5	['2022853', '0', '0']	Trap-01	局部重灾区	Assets/Product/Texture/Atlas/UiTRPG/UiTRPGStageBg8000Sp.png	Assets/Product/Texture/Image/UiTRPG/UiTRPGStageBg8000.png	Assets/Product/Texture/Atlas/UiTRPG/UiTRPGIconMaze05.png	2022021	陷阱牌1			
2022854		1		5	['2022854', '0', '0']	Trap-02	局部重灾区	Assets/Product/Texture/Atlas/UiTRPG/UiTRPGStageBg8000Sp.png	Assets/Product/Texture/Image/UiTRPG/UiTRPGStageBg8000.png	Assets/Product/Texture/Atlas/UiTRPG/UiTRPGIconMaze05.png	2022021	陷阱牌2			
2022855		1		5	['2022855', '0', '0']	Trap-03	局部重灾区	Assets/Product/Texture/Atlas/UiTRPG/UiTRPGStageBg8000Sp.png	Assets/Product/Texture/Image/UiTRPG/UiTRPGStageBg8000.png	Assets/Product/Texture/Atlas/UiTRPG/UiTRPGIconMaze05.png	2022021	陷阱牌3			
2022061	1		1	6	['400502']	Reward-01	残存物资	Assets/Product/Texture/Atlas/UiTRPG/UiTRPGStageBg6000Sp.png	Assets/Product/Texture/Image/UiTRPG/UiTRPGStageBg6000.png	Assets/Product/Texture/Atlas/UiTRPG/UiTRPGIconMaze04.png	2022021	奖励（道具1）			
2022062	1		1	6	['400510']	Reward-02	残存物资	Assets/Product/Texture/Atlas/UiTRPG/UiTRPGStageBg6000Sp.png	Assets/Product/Texture/Image/UiTRPG/UiTRPGStageBg6000.png	Assets/Product/Texture/Atlas/UiTRPG/UiTRPGIconMaze04.png	2022021	奖励（道具2）			
2022063	1		1	6	['400502']	Reward-03	残存物资	Assets/Product/Texture/Atlas/UiTRPG/UiTRPGStageBg6000Sp.png	Assets/Product/Texture/Image/UiTRPG/UiTRPGStageBg6000.png	Assets/Product/Texture/Atlas/UiTRPG/UiTRPGIconMaze04.png	2022021	奖励（道具3）			
2022064	1		1	6	['400510']	Reward-04	残存物资	Assets/Product/Texture/Atlas/UiTRPG/UiTRPGStageBg6000Sp.png	Assets/Product/Texture/Image/UiTRPG/UiTRPGStageBg6000.png	Assets/Product/Texture/Atlas/UiTRPG/UiTRPGIconMaze04.png	2022021	奖励（道具4）			
2022065	1		1	6	['400611']	Reward-05	贵重物资	Assets/Product/Texture/Atlas/UiTRPG/UiTRPGStageBg6001Sp.png	Assets/Product/Texture/Image/UiTRPG/UiTRPGStageBg6001.png	Assets/Product/Texture/Atlas/UiTRPG/UiTRPGIconMaze04.png	2022021	奖励（封锁1）			
2022066	1		1	6	['400612']	Reward-06	贵重物资	Assets/Product/Texture/Atlas/UiTRPG/UiTRPGStageBg6001Sp.png	Assets/Product/Texture/Image/UiTRPG/UiTRPGStageBg6001.png	Assets/Product/Texture/Atlas/UiTRPG/UiTRPGIconMaze04.png	2022021	奖励（封锁2）			
2022071		1		7	['2022021', '200', '2022061', '50', '2022091', '50']	???-01	随机事件	Assets/Product/Texture/Atlas/UiTRPG/UiTRPGStageBg00Sp.png	Assets/Product/Texture/Image/UiTRPG/UiTRPGStageBg00.png		2022021				
2022072		1		7	['2022021', '200', '2022061', '50', '2022091', '50']	???-02	随机事件	Assets/Product/Texture/Atlas/UiTRPG/UiTRPGStageBg00Sp.png	Assets/Product/Texture/Image/UiTRPG/UiTRPGStageBg00.png		2022021				
2022073		1		7	['2022021', '200', '2022061', '50', '2022091', '50']	???-03	随机事件	Assets/Product/Texture/Atlas/UiTRPG/UiTRPGStageBg00Sp.png	Assets/Product/Texture/Image/UiTRPG/UiTRPGStageBg00.png		2022021				
2022074		1		7	['2022021', '200', '2022061', '50', '2022091', '50']	???-04	随机事件	Assets/Product/Texture/Atlas/UiTRPG/UiTRPGStageBg00Sp.png	Assets/Product/Texture/Image/UiTRPG/UiTRPGStageBg00.png		2022021				
2022075		1		7	['2022021', '200', '2022061', '50', '2022091', '50']	???-05	随机事件	Assets/Product/Texture/Atlas/UiTRPG/UiTRPGStageBg00Sp.png	Assets/Product/Texture/Image/UiTRPG/UiTRPGStageBg00.png		2022021				
2022076		1		7	['2022021', '200', '2022061', '50', '2022091', '50']	???-06	随机事件	Assets/Product/Texture/Atlas/UiTRPG/UiTRPGStageBg00Sp.png	Assets/Product/Texture/Image/UiTRPG/UiTRPGStageBg00.png		2022021				
2022077		1		7	['2022021', '200', '2022061', '50', '2022091', '50']	???-07	随机事件	Assets/Product/Texture/Atlas/UiTRPG/UiTRPGStageBg00Sp.png	Assets/Product/Texture/Image/UiTRPG/UiTRPGStageBg00.png		2022021				
2022078		1		7	['2022021', '200', '2022061', '50', '2022091', '50']	???-08	随机事件	Assets/Product/Texture/Atlas/UiTRPG/UiTRPGStageBg00Sp.png	Assets/Product/Texture/Image/UiTRPG/UiTRPGStageBg00.png		2022021				
2022079		1		7	['2022021', '200', '2022061', '50', '2022091', '50']	???-09	随机事件	Assets/Product/Texture/Atlas/UiTRPG/UiTRPGStageBg00Sp.png	Assets/Product/Texture/Image/UiTRPG/UiTRPGStageBg00.png		2022021				
2022081				8	['2022', '1', '2']	Go-01	第3区域	Assets/Product/Texture/Atlas/UiTRPG/UiTRPGStageBg7010Sp.png	Assets/Product/Texture/Image/UiTRPG/UiTRPGStageBg7010.png	Assets/Product/Texture/Atlas/UiTRPG/UiTRPGIconMaze07.png					
2022091		1		9	['6', '30200015', '400530', '2022031']	Fight-01	感染体狂潮	Assets/Product/Texture/Atlas/UiTRPG/UiTRPGStageBg9000Sp.png	Assets/Product/Texture/Image/UiTRPG/UiTRPGStageBg9000.png	Assets/Product/Texture/Atlas/UiTRPG/UiTRPGIconMaze01.png	2022021	在此地游荡的感染体发出了怪异的叫声，向你们扑来。	目前的实力可以迅速解决这场战斗。		
2022092		1		9	['6', '30200016', '400530', '2022031']	Fight-02	感染体狂潮	Assets/Product/Texture/Atlas/UiTRPG/UiTRPGStageBg9001Sp.png	Assets/Product/Texture/Image/UiTRPG/UiTRPGStageBg9001.png	Assets/Product/Texture/Atlas/UiTRPG/UiTRPGIconMaze01.png	2022021	在此地游荡的感染体发出了怪异的叫声，向你们扑来。	目前的实力可以迅速解决这场战斗。		
2022093		1		9	['6', '30200015', '400530', '2022031']	Fight-03	感染体狂潮	Assets/Product/Texture/Atlas/UiTRPG/UiTRPGStageBg9001Sp.png	Assets/Product/Texture/Image/UiTRPG/UiTRPGStageBg9001.png	Assets/Product/Texture/Atlas/UiTRPG/UiTRPGIconMaze01.png	2022021	在此地游荡的感染体发出了怪异的叫声，向你们扑来。	目前的实力可以迅速解决这场战斗。		
2022094		1		9	['6', '30200016', '400530', '2022031']	Fight-04	感染体狂潮	Assets/Product/Texture/Atlas/UiTRPG/UiTRPGStageBg9001Sp.png	Assets/Product/Texture/Image/UiTRPG/UiTRPGStageBg9001.png	Assets/Product/Texture/Atlas/UiTRPG/UiTRPGIconMaze01.png	2022021	在此地游荡的感染体发出了怪异的叫声，向你们扑来。	目前的实力可以迅速解决这场战斗。		
2022095		1		9	['6', '30200015', '400530', '2022031']	Fight-05	感染体狂潮	Assets/Product/Texture/Atlas/UiTRPG/UiTRPGStageBg9001Sp.png	Assets/Product/Texture/Image/UiTRPG/UiTRPGStageBg9001.png	Assets/Product/Texture/Atlas/UiTRPG/UiTRPGIconMaze01.png	2022021	在此地游荡的感染体发出了怪异的叫声，向你们扑来。	目前的实力可以迅速解决这场战斗。		
2022096		1		9	['6', '30200016', '400530', '2022031']	Fight-06	感染体狂潮	Assets/Product/Texture/Atlas/UiTRPG/UiTRPGStageBg9001Sp.png	Assets/Product/Texture/Image/UiTRPG/UiTRPGStageBg9001.png	Assets/Product/Texture/Atlas/UiTRPG/UiTRPGIconMaze01.png	2022021	在此地游荡的感染体发出了怪异的叫声，向你们扑来。	目前的实力可以迅速解决这场战斗。		
2022097		1		9	['6', '30200015', '400530', '2022031']	Fight-07	感染体狂潮	Assets/Product/Texture/Atlas/UiTRPG/UiTRPGStageBg9001Sp.png	Assets/Product/Texture/Image/UiTRPG/UiTRPGStageBg9001.png	Assets/Product/Texture/Atlas/UiTRPG/UiTRPGIconMaze01.png	2022021	在此地游荡的感染体发出了怪异的叫声，向你们扑来。	目前的实力可以迅速解决这场战斗。		
2022098		1		9	['6', '30200016', '400530', '2022031']	Fight-08	感染体狂潮	Assets/Product/Texture/Atlas/UiTRPG/UiTRPGStageBg9001Sp.png	Assets/Product/Texture/Image/UiTRPG/UiTRPGStageBg9001.png	Assets/Product/Texture/Atlas/UiTRPG/UiTRPGIconMaze01.png	2022021	在此地游荡的感染体发出了怪异的叫声，向你们扑来。	目前的实力可以迅速解决这场战斗。		
2022099		1		9	['6', '30200015', '400530', '2022031']	Fight-09	感染体狂潮	Assets/Product/Texture/Atlas/UiTRPG/UiTRPGStageBg9001Sp.png	Assets/Product/Texture/Image/UiTRPG/UiTRPGStageBg9001.png	Assets/Product/Texture/Atlas/UiTRPG/UiTRPGIconMaze01.png	2022021	在此地游荡的感染体发出了怪异的叫声，向你们扑来。	目前的实力可以迅速解决这场战斗。		
2022891		1		9	['6', '30200016', '400530', '2022031']	Fight-10	感染体狂潮	Assets/Product/Texture/Atlas/UiTRPG/UiTRPGStageBg9001Sp.png	Assets/Product/Texture/Image/UiTRPG/UiTRPGStageBg9001.png	Assets/Product/Texture/Atlas/UiTRPG/UiTRPGIconMaze01.png	2022021	在此地游荡的感染体发出了怪异的叫声，向你们扑来。	目前的实力可以迅速解决这场战斗。		
2022892		1		9	['6', '30200015', '400530', '2022031']	Fight-11	感染体狂潮	Assets/Product/Texture/Atlas/UiTRPG/UiTRPGStageBg9001Sp.png	Assets/Product/Texture/Image/UiTRPG/UiTRPGStageBg9001.png	Assets/Product/Texture/Atlas/UiTRPG/UiTRPGIconMaze01.png	2022021	在此地游荡的感染体发出了怪异的叫声，向你们扑来。	目前的实力可以迅速解决这场战斗。		
2022893		1		9	['6', '30200016', '400530', '2022031']	Fight-12	感染体狂潮	Assets/Product/Texture/Atlas/UiTRPG/UiTRPGStageBg9001Sp.png	Assets/Product/Texture/Image/UiTRPG/UiTRPGStageBg9001.png	Assets/Product/Texture/Atlas/UiTRPG/UiTRPGIconMaze01.png	2022021	在此地游荡的感染体发出了怪异的叫声，向你们扑来。	目前的实力可以迅速解决这场战斗。		
2022894		1		9	['6', '30200015', '400530', '2022031']	Fight-13	感染体狂潮	Assets/Product/Texture/Atlas/UiTRPG/UiTRPGStageBg9001Sp.png	Assets/Product/Texture/Image/UiTRPG/UiTRPGStageBg9001.png	Assets/Product/Texture/Atlas/UiTRPG/UiTRPGIconMaze01.png	2022021	在此地游荡的感染体发出了怪异的叫声，向你们扑来。	目前的实力可以迅速解决这场战斗。		
2022895		1		9	['6', '30200016', '400530', '2022031']	Fight-14	感染体狂潮	Assets/Product/Texture/Atlas/UiTRPG/UiTRPGStageBg9001Sp.png	Assets/Product/Texture/Image/UiTRPG/UiTRPGStageBg9001.png	Assets/Product/Texture/Atlas/UiTRPG/UiTRPGIconMaze01.png	2022021	在此地游荡的感染体发出了怪异的叫声，向你们扑来。	目前的实力可以迅速解决这场战斗。		
2022101				10		Out	离开	Assets/Product/Texture/Atlas/UiTRPG/UiTRPGStageBg7010Sp.png	Assets/Product/Texture/Image/UiTRPG/UiTRPGStageBg7010.png	Assets/Product/Texture/Atlas/UiTRPG/UiTRPGIconMaze09.png					
2031011				1		Danger zone	危险地区	Assets/Product/Texture/Atlas/UiTRPG/UiTRPGStageBg1014Sp.png	Assets/Product/Texture/Image/UiTRPG/UiTRPGStageBg1014.png						
2031012				1		Danger zone	危险地区	Assets/Product/Texture/Atlas/UiTRPG/UiTRPGStageBg1015Sp.png	Assets/Product/Texture/Image/UiTRPG/UiTRPGStageBg1015.png						
2031021				2		Security zone	安全通路	Assets/Product/Texture/Atlas/UiTRPG/UiTRPGStageBg2011Sp.png	Assets/Product/Texture/Image/UiTRPG/UiTRPGStageBg2011.png						
2031022				2		Security zone	安全通路	Assets/Product/Texture/Atlas/UiTRPG/UiTRPGStageBg2012Sp.png	Assets/Product/Texture/Image/UiTRPG/UiTRPGStageBg2012.png						
2031031	1		3	3	['10130112']	Story	异合生物	Assets/Product/Texture/Atlas/UiTRPG/UiTRPGStageBg3013Sp.png	Assets/Product/Texture/Image/UiTRPG/UiTRPGStageBg3013.png	Assets/Product/Texture/Atlas/UiTRPG/UiTRPGIconMaze02.png	2031021	这些感染体看上去已经出现了生物化趋向，再叫它为感染体不太合适。		1	ZX01617BA
2031041	1		3	4	['ZX01616BA']	Story-01	搜查路线A	Assets/Product/Texture/Atlas/UiTRPG/UiTRPGStageBg3001Sp.png	Assets/Product/Texture/Image/UiTRPG/UiTRPGStageBg3001.png	Assets/Product/Texture/Atlas/UiTRPG/UiTRPGIconMaze02.png	2031021	文本剧情1-1		1	
2031042	1		3	4	['ZX01616BB']	Story-01	搜查路线B	Assets/Product/Texture/Atlas/UiTRPG/UiTRPGStageBg3001Sp.png	Assets/Product/Texture/Image/UiTRPG/UiTRPGStageBg3001.png	Assets/Product/Texture/Atlas/UiTRPG/UiTRPGIconMaze02.png	2031021	文本剧情1-2		1	
2031043	1		3	4	['ZX01616BC']	Story-01	搜查路线C	Assets/Product/Texture/Atlas/UiTRPG/UiTRPGStageBg3001Sp.png	Assets/Product/Texture/Image/UiTRPG/UiTRPGStageBg3001.png	Assets/Product/Texture/Atlas/UiTRPG/UiTRPGIconMaze02.png	2031021	文本剧情1-3		1	
2031044	1		3	4	['ZX01616BD']	Story-01	剿灭路线A	Assets/Product/Texture/Atlas/UiTRPG/UiTRPGStageBg3001Sp.png	Assets/Product/Texture/Image/UiTRPG/UiTRPGStageBg3001.png	Assets/Product/Texture/Atlas/UiTRPG/UiTRPGIconMaze02.png	2031021	文本剧情2-1		1	
2031045	1		3	4	['ZX01616BE']	Story-01	剿灭路线B	Assets/Product/Texture/Atlas/UiTRPG/UiTRPGStageBg3001Sp.png	Assets/Product/Texture/Image/UiTRPG/UiTRPGStageBg3001.png	Assets/Product/Texture/Atlas/UiTRPG/UiTRPGIconMaze02.png	2031021	文本剧情2-2		1	
2031046	1		3	4	['ZX01616BF']	Story-01	剿灭路线C	Assets/Product/Texture/Atlas/UiTRPG/UiTRPGStageBg3001Sp.png	Assets/Product/Texture/Image/UiTRPG/UiTRPGStageBg3001.png	Assets/Product/Texture/Atlas/UiTRPG/UiTRPGIconMaze02.png	2031021	文本剧情2-3		1	
2031051	1		2	5	['2031051', '1', '0']	Test-01	长路漫漫	Assets/Product/Texture/Atlas/UiTRPG/UiTRPGStageBg5012Sp.png	Assets/Product/Texture/Image/UiTRPG/UiTRPGStageBg5012.png	Assets/Product/Texture/Atlas/UiTRPG/UiTRPGIconMaze06.png	2031021	检定剧情1			
2031052	1		2	5	['2031052', '1', '0']	Test-02	一封遗书	Assets/Product/Texture/Atlas/UiTRPG/UiTRPGStageBg5012Sp.png	Assets/Product/Texture/Image/UiTRPG/UiTRPGStageBg5012.png	Assets/Product/Texture/Atlas/UiTRPG/UiTRPGIconMaze06.png	2031021	检定剧情2			
2031053	1		2	5	['2031053', '1', '0']	Test-01	狂信徒之音	Assets/Product/Texture/Atlas/UiTRPG/UiTRPGStageBg5012Sp.png	Assets/Product/Texture/Image/UiTRPG/UiTRPGStageBg5012.png	Assets/Product/Texture/Atlas/UiTRPG/UiTRPGIconMaze06.png	2031021	检定剧情3			
2031054	1		2	5	['2031054', '1', '0']	Test-101	留言记录	Assets/Product/Texture/Atlas/UiTRPG/UiTRPGStageBg5012Sp.png	Assets/Product/Texture/Image/UiTRPG/UiTRPGStageBg5012.png	Assets/Product/Texture/Atlas/UiTRPG/UiTRPGIconMaze06.png	2031021	封锁1-1			
2031055	1		2	5	['2031055', '1', '0']	Test-102	废弃	Assets/Product/Texture/Atlas/UiTRPG/UiTRPGStageBg5012Sp.png	Assets/Product/Texture/Image/UiTRPG/UiTRPGStageBg5012.png	Assets/Product/Texture/Atlas/UiTRPG/UiTRPGIconMaze06.png	2031021	封锁1-2			
2031056	1		2	5	['2031056', '1', '0']	Test-103	废弃	Assets/Product/Texture/Atlas/UiTRPG/UiTRPGStageBg5012Sp.png	Assets/Product/Texture/Image/UiTRPG/UiTRPGStageBg5012.png	Assets/Product/Texture/Atlas/UiTRPG/UiTRPGIconMaze06.png	2031021	封锁1-3			
2031057	1		2	5	['2031057', '1', '0']	Test-201	废弃	Assets/Product/Texture/Atlas/UiTRPG/UiTRPGStageBg5012Sp.png	Assets/Product/Texture/Image/UiTRPG/UiTRPGStageBg5012.png	Assets/Product/Texture/Atlas/UiTRPG/UiTRPGIconMaze06.png	2031021	封锁2-1			
2031058	1		2	5	['2031058', '1', '0']	Test-202	废弃	Assets/Product/Texture/Atlas/UiTRPG/UiTRPGStageBg5012Sp.png	Assets/Product/Texture/Image/UiTRPG/UiTRPGStageBg5012.png	Assets/Product/Texture/Atlas/UiTRPG/UiTRPGIconMaze06.png	2031021	封锁2-2			
2031059	1		2	5	['2031059', '1', '0']	Test-203	废弃	Assets/Product/Texture/Atlas/UiTRPG/UiTRPGStageBg5012Sp.png	Assets/Product/Texture/Image/UiTRPG/UiTRPGStageBg5012.png	Assets/Product/Texture/Atlas/UiTRPG/UiTRPGIconMaze06.png	2031021	封锁2-3			
2031851	1		2	5	['2031851', '1', '0']	Test-101	最后的线索	Assets/Product/Texture/Atlas/UiTRPG/UiTRPGStageBg5012Sp.png	Assets/Product/Texture/Image/UiTRPG/UiTRPGStageBg5012.png	Assets/Product/Texture/Atlas/UiTRPG/UiTRPGIconMaze06.png	2031021	封锁3-1			
2031852	1		2	5	['2031852', '1', '0']	Test-102	最后的线索	Assets/Product/Texture/Atlas/UiTRPG/UiTRPGStageBg5012Sp.png	Assets/Product/Texture/Image/UiTRPG/UiTRPGStageBg5012.png	Assets/Product/Texture/Atlas/UiTRPG/UiTRPGIconMaze06.png	2031021	封锁3-2			
2031853	1		2	5	['2031853', '1', '0']	Test-103	最后的线索	Assets/Product/Texture/Atlas/UiTRPG/UiTRPGStageBg5012Sp.png	Assets/Product/Texture/Image/UiTRPG/UiTRPGStageBg5012.png	Assets/Product/Texture/Atlas/UiTRPG/UiTRPGIconMaze06.png	2031021	封锁3-3			
2031854	1		2	5	['2031854', '1', '0']	Test-201	最后的线索	Assets/Product/Texture/Atlas/UiTRPG/UiTRPGStageBg5012Sp.png	Assets/Product/Texture/Image/UiTRPG/UiTRPGStageBg5012.png	Assets/Product/Texture/Atlas/UiTRPG/UiTRPGIconMaze06.png	2031021	封锁4-1			
2031855	1		2	5	['2031855', '1', '0']	Test-202	最后的线索	Assets/Product/Texture/Atlas/UiTRPG/UiTRPGStageBg5012Sp.png	Assets/Product/Texture/Image/UiTRPG/UiTRPGStageBg5012.png	Assets/Product/Texture/Atlas/UiTRPG/UiTRPGIconMaze06.png	2031021	封锁4-2			
2031856	1		2	5	['2031856', '1', '0']	Test-203	最后的线索	Assets/Product/Texture/Atlas/UiTRPG/UiTRPGStageBg5012Sp.png	Assets/Product/Texture/Image/UiTRPG/UiTRPGStageBg5012.png	Assets/Product/Texture/Atlas/UiTRPG/UiTRPGIconMaze06.png	2031021	封锁4-3			
2031061	1		1	6	['400502']	Reward-01	残存物资	Assets/Product/Texture/Atlas/UiTRPG/UiTRPGStageBg6000Sp.png	Assets/Product/Texture/Image/UiTRPG/UiTRPGStageBg6000.png	Assets/Product/Texture/Atlas/UiTRPG/UiTRPGIconMaze04.png	2031021	奖励（道具1）			
2031062	1		1	6	['400652']	Reward-02	贵重物资	Assets/Product/Texture/Atlas/UiTRPG/UiTRPGStageBg6001Sp.png	Assets/Product/Texture/Image/UiTRPG/UiTRPGStageBg6001.png	Assets/Product/Texture/Atlas/UiTRPG/UiTRPGIconMaze04.png	2031021	奖励（道具2）			
2031063	1		1	6	['400613']	Reward-03	贵重物资	Assets/Product/Texture/Atlas/UiTRPG/UiTRPGStageBg6001Sp.png	Assets/Product/Texture/Image/UiTRPG/UiTRPGStageBg6001.png	Assets/Product/Texture/Atlas/UiTRPG/UiTRPGIconMaze04.png	2031021	奖励（封锁3-1）			
2031064	1		1	6	['400614']	Reward-04	贵重物资	Assets/Product/Texture/Atlas/UiTRPG/UiTRPGStageBg6001Sp.png	Assets/Product/Texture/Image/UiTRPG/UiTRPGStageBg6001.png	Assets/Product/Texture/Atlas/UiTRPG/UiTRPGIconMaze04.png	2031021	奖励（封锁3-2）			
2031065	1		1	6	['400615']	Reward-05	贵重物资	Assets/Product/Texture/Atlas/UiTRPG/UiTRPGStageBg6001Sp.png	Assets/Product/Texture/Image/UiTRPG/UiTRPGStageBg6001.png	Assets/Product/Texture/Atlas/UiTRPG/UiTRPGIconMaze04.png	2031021	奖励（封锁3-3）			
2031066	1		1	6	['400613']	Reward-06	贵重物资	Assets/Product/Texture/Atlas/UiTRPG/UiTRPGStageBg6001Sp.png	Assets/Product/Texture/Image/UiTRPG/UiTRPGStageBg6001.png	Assets/Product/Texture/Atlas/UiTRPG/UiTRPGIconMaze04.png	2031021	奖励（封锁4-1）			
2031067	1		1	6	['400614']	Reward-07	贵重物资	Assets/Product/Texture/Atlas/UiTRPG/UiTRPGStageBg6001Sp.png	Assets/Product/Texture/Image/UiTRPG/UiTRPGStageBg6001.png	Assets/Product/Texture/Atlas/UiTRPG/UiTRPGIconMaze04.png	2031021	奖励（封锁4-2）			
2031068	1		1	6	['400615']	Reward-08	贵重物资	Assets/Product/Texture/Atlas/UiTRPG/UiTRPGStageBg6001Sp.png	Assets/Product/Texture/Image/UiTRPG/UiTRPGStageBg6001.png	Assets/Product/Texture/Atlas/UiTRPG/UiTRPGIconMaze04.png	2031021	奖励（封锁4-3）			
2031071		1		7	['2031021', '200', '2031061', '50', '2031091', '50']	???-01	随机事件	Assets/Product/Texture/Atlas/UiTRPG/UiTRPGStageBg00Sp.png	Assets/Product/Texture/Image/UiTRPG/UiTRPGStageBg00.png		2031021				
2031072		1		7	['2031021', '200', '2031061', '50', '2031091', '50']	???-01	随机事件	Assets/Product/Texture/Atlas/UiTRPG/UiTRPGStageBg00Sp.png	Assets/Product/Texture/Image/UiTRPG/UiTRPGStageBg00.png		2031021				
2031073		1		7	['2031021', '200', '2031061', '50', '2031091', '50']	???-01	随机事件	Assets/Product/Texture/Atlas/UiTRPG/UiTRPGStageBg00Sp.png	Assets/Product/Texture/Image/UiTRPG/UiTRPGStageBg00.png		2031021				
2031074		1		7	['2031021', '200', '2031061', '50', '2031091', '50']	???-01	随机事件	Assets/Product/Texture/Atlas/UiTRPG/UiTRPGStageBg00Sp.png	Assets/Product/Texture/Image/UiTRPG/UiTRPGStageBg00.png		2031021				
2031075		1		7	['2031021', '200', '2031061', '50', '2031091', '50']	???-01	随机事件	Assets/Product/Texture/Atlas/UiTRPG/UiTRPGStageBg00Sp.png	Assets/Product/Texture/Image/UiTRPG/UiTRPGStageBg00.png		2031021				
2031076		1		7	['2031021', '200', '2031061', '50', '2031091', '50']	???-01	随机事件	Assets/Product/Texture/Atlas/UiTRPG/UiTRPGStageBg00Sp.png	Assets/Product/Texture/Image/UiTRPG/UiTRPGStageBg00.png		2031021				
2031077		1		7	['2031021', '200', '2031061', '50', '2031091', '50']	???-01	随机事件	Assets/Product/Texture/Atlas/UiTRPG/UiTRPGStageBg00Sp.png	Assets/Product/Texture/Image/UiTRPG/UiTRPGStageBg00.png		2031021				
2031078		1		7	['2031021', '200', '2031061', '50', '2031091', '50']	???-01	随机事件	Assets/Product/Texture/Atlas/UiTRPG/UiTRPGStageBg00Sp.png	Assets/Product/Texture/Image/UiTRPG/UiTRPGStageBg00.png		2031021				
2031079		1		7	['2031021', '200', '2031061', '50', '2031091', '50']	???-01	随机事件	Assets/Product/Texture/Atlas/UiTRPG/UiTRPGStageBg00Sp.png	Assets/Product/Texture/Image/UiTRPG/UiTRPGStageBg00.png		2031021				
2031081				8	['2032', '1', '4']	Go-01	第2区域	Assets/Product/Texture/Atlas/UiTRPG/UiTRPGStageBg7011Sp.png	Assets/Product/Texture/Image/UiTRPG/UiTRPGStageBg7011.png	Assets/Product/Texture/Atlas/UiTRPG/UiTRPGIconMaze07.png					
2031091		1		9	['8', '30200017', '400530', '2031031']	Fight-01	感染体狂潮	Assets/Product/Texture/Atlas/UiTRPG/UiTRPGStageBg9000Sp.png	Assets/Product/Texture/Image/UiTRPG/UiTRPGStageBg9000.png	Assets/Product/Texture/Atlas/UiTRPG/UiTRPGIconMaze01.png	2031021	在此地游荡的感染体发出了怪异的叫声，向你们扑来。	目前的实力可以迅速解决这场战斗。		
2031092		1		9	['8', '30200018', '400530', '2031031']	Fight-02	感染体狂潮	Assets/Product/Texture/Atlas/UiTRPG/UiTRPGStageBg9000Sp.png	Assets/Product/Texture/Image/UiTRPG/UiTRPGStageBg9000.png	Assets/Product/Texture/Atlas/UiTRPG/UiTRPGIconMaze01.png	2031021	在此地游荡的感染体发出了怪异的叫声，向你们扑来。	目前的实力可以迅速解决这场战斗。		
2031093		1		9	['8', '30200017', '400530', '2031031']	Fight-03	感染体狂潮	Assets/Product/Texture/Atlas/UiTRPG/UiTRPGStageBg9000Sp.png	Assets/Product/Texture/Image/UiTRPG/UiTRPGStageBg9000.png	Assets/Product/Texture/Atlas/UiTRPG/UiTRPGIconMaze01.png	2031021	在此地游荡的感染体发出了怪异的叫声，向你们扑来。	目前的实力可以迅速解决这场战斗。		
2031094		1		9	['8', '30200018', '400530', '2031031']	Fight-04	感染体狂潮	Assets/Product/Texture/Atlas/UiTRPG/UiTRPGStageBg9000Sp.png	Assets/Product/Texture/Image/UiTRPG/UiTRPGStageBg9000.png	Assets/Product/Texture/Atlas/UiTRPG/UiTRPGIconMaze01.png	2031021	在此地游荡的感染体发出了怪异的叫声，向你们扑来。	目前的实力可以迅速解决这场战斗。		
2031095		1		9	['8', '30200017', '400530', '2031031']	Fight-05	感染体狂潮	Assets/Product/Texture/Atlas/UiTRPG/UiTRPGStageBg9000Sp.png	Assets/Product/Texture/Image/UiTRPG/UiTRPGStageBg9000.png	Assets/Product/Texture/Atlas/UiTRPG/UiTRPGIconMaze01.png	2031021	在此地游荡的感染体发出了怪异的叫声，向你们扑来。	目前的实力可以迅速解决这场战斗。		
2031096		1		9	['8', '30200018', '400530', '2031031']	Fight-06	感染体狂潮	Assets/Product/Texture/Atlas/UiTRPG/UiTRPGStageBg9000Sp.png	Assets/Product/Texture/Image/UiTRPG/UiTRPGStageBg9000.png	Assets/Product/Texture/Atlas/UiTRPG/UiTRPGIconMaze01.png	2031021	在此地游荡的感染体发出了怪异的叫声，向你们扑来。	目前的实力可以迅速解决这场战斗。		
2031097		1		9	['8', '30200017', '400530', '2031031']	Fight-07	感染体狂潮	Assets/Product/Texture/Atlas/UiTRPG/UiTRPGStageBg9000Sp.png	Assets/Product/Texture/Image/UiTRPG/UiTRPGStageBg9000.png	Assets/Product/Texture/Atlas/UiTRPG/UiTRPGIconMaze01.png	2031021	在此地游荡的感染体发出了怪异的叫声，向你们扑来。	目前的实力可以迅速解决这场战斗。		
2031098		1		9	['8', '30200018', '400530', '2031031']	Fight-08	感染体狂潮	Assets/Product/Texture/Atlas/UiTRPG/UiTRPGStageBg9000Sp.png	Assets/Product/Texture/Image/UiTRPG/UiTRPGStageBg9000.png	Assets/Product/Texture/Atlas/UiTRPG/UiTRPGIconMaze01.png	2031021	在此地游荡的感染体发出了怪异的叫声，向你们扑来。	目前的实力可以迅速解决这场战斗。		
2031099		1		9	['8', '30200017', '400530', '2031031']	Fight-09	感染体狂潮	Assets/Product/Texture/Atlas/UiTRPG/UiTRPGStageBg9000Sp.png	Assets/Product/Texture/Image/UiTRPG/UiTRPGStageBg9000.png	Assets/Product/Texture/Atlas/UiTRPG/UiTRPGIconMaze01.png	2031021	在此地游荡的感染体发出了怪异的叫声，向你们扑来。	目前的实力可以迅速解决这场战斗。		
2031101				10		Out	离开	Assets/Product/Texture/Atlas/UiTRPG/UiTRPGStageBg7011Sp.png	Assets/Product/Texture/Image/UiTRPG/UiTRPGStageBg7011.png	Assets/Product/Texture/Atlas/UiTRPG/UiTRPGIconMaze09.png					
2032011				1		Danger zone	危险地区	Assets/Product/Texture/Atlas/UiTRPG/UiTRPGStageBg1014Sp.png	Assets/Product/Texture/Image/UiTRPG/UiTRPGStageBg1014.png						
2032012				1		Danger zone	危险地区	Assets/Product/Texture/Atlas/UiTRPG/UiTRPGStageBg1015Sp.png	Assets/Product/Texture/Image/UiTRPG/UiTRPGStageBg1015.png						
2032021				2		Security zone	安全通路	Assets/Product/Texture/Atlas/UiTRPG/UiTRPGStageBg2011Sp.png	Assets/Product/Texture/Image/UiTRPG/UiTRPGStageBg2011.png						
2032022				2		Security zone	安全通路	Assets/Product/Texture/Atlas/UiTRPG/UiTRPGStageBg2012Sp.png	Assets/Product/Texture/Image/UiTRPG/UiTRPGStageBg2012.png						
2032041	1		3	4	['ZX01618BA']	Story-01	掠夺与牺牲	Assets/Product/Texture/Atlas/UiTRPG/UiTRPGStageBg3013Sp.png	Assets/Product/Texture/Image/UiTRPG/UiTRPGStageBg3013.png	Assets/Product/Texture/Atlas/UiTRPG/UiTRPGIconMaze02.png	2032021	文本剧情1		1	
2032042	1		3	4	['ZX01619BA']	Story-02	过去与未来	Assets/Product/Texture/Atlas/UiTRPG/UiTRPGStageBg3013Sp.png	Assets/Product/Texture/Image/UiTRPG/UiTRPGStageBg3013.png	Assets/Product/Texture/Atlas/UiTRPG/UiTRPGIconMaze02.png	2032021	文本剧情2		1	
2032051	1		2	5	['2032051', '1', '400616']	Test-1	少年踪迹	Assets/Product/Texture/Atlas/UiTRPG/UiTRPGStageBg5012Sp.png	Assets/Product/Texture/Image/UiTRPG/UiTRPGStageBg5012.png	Assets/Product/Texture/Atlas/UiTRPG/UiTRPGIconMaze06.png	2032021	检定1			
2032052	1		2	5	['2032052', '1', '0']	Test-2	拾光落影	Assets/Product/Texture/Atlas/UiTRPG/UiTRPGStageBg5012Sp.png	Assets/Product/Texture/Image/UiTRPG/UiTRPGStageBg5012.png	Assets/Product/Texture/Atlas/UiTRPG/UiTRPGIconMaze06.png	2032021	检定2			
2032053	1		2	5	['2032053', '1', '0']	Test-1	残余数据	Assets/Product/Texture/Atlas/UiTRPG/UiTRPGStageBg5012Sp.png	Assets/Product/Texture/Image/UiTRPG/UiTRPGStageBg5012.png	Assets/Product/Texture/Atlas/UiTRPG/UiTRPGIconMaze06.png	2032021	封锁1			
2032054	1		2	5	['2032054', '1', '0']	Test-2	墙角掠影	Assets/Product/Texture/Atlas/UiTRPG/UiTRPGStageBg5012Sp.png	Assets/Product/Texture/Image/UiTRPG/UiTRPGStageBg5012.png	Assets/Product/Texture/Atlas/UiTRPG/UiTRPGIconMaze06.png	2032021	封锁2			
2032055		1		5	['2032055', '0', '0']	Trap-1	局部重灾区	Assets/Product/Texture/Atlas/UiTRPG/UiTRPGStageBg8000Sp.png	Assets/Product/Texture/Image/UiTRPG/UiTRPGStageBg8000.png	Assets/Product/Texture/Atlas/UiTRPG/UiTRPGIconMaze05.png	2032021	陷阱牌1			
2032056		1		5	['2032056', '0', '0']	Trap-2	局部重灾区	Assets/Product/Texture/Atlas/UiTRPG/UiTRPGStageBg8000Sp.png	Assets/Product/Texture/Image/UiTRPG/UiTRPGStageBg8000.png	Assets/Product/Texture/Atlas/UiTRPG/UiTRPGIconMaze05.png	2032021	陷阱牌2			
2032057		1		5	['2032057', '0', '0']	Trap-3	局部重灾区	Assets/Product/Texture/Atlas/UiTRPG/UiTRPGStageBg8000Sp.png	Assets/Product/Texture/Image/UiTRPG/UiTRPGStageBg8000.png	Assets/Product/Texture/Atlas/UiTRPG/UiTRPGIconMaze05.png	2032021	陷阱牌3			
2032058		1		5	['2032058', '0', '0']	Trap-4	局部重灾区	Assets/Product/Texture/Atlas/UiTRPG/UiTRPGStageBg8000Sp.png	Assets/Product/Texture/Image/UiTRPG/UiTRPGStageBg8000.png	Assets/Product/Texture/Atlas/UiTRPG/UiTRPGIconMaze05.png	2032021	陷阱牌4			
2032059		1		5	['2032059', '0', '0']	Trap-5	局部重灾区	Assets/Product/Texture/Atlas/UiTRPG/UiTRPGStageBg8000Sp.png	Assets/Product/Texture/Image/UiTRPG/UiTRPGStageBg8000.png	Assets/Product/Texture/Atlas/UiTRPG/UiTRPGIconMaze05.png	2032021	陷阱牌5			
2032851		1		5	['2032851', '0', '0']	Trap-6	局部重灾区	Assets/Product/Texture/Atlas/UiTRPG/UiTRPGStageBg8000Sp.png	Assets/Product/Texture/Image/UiTRPG/UiTRPGStageBg8000.png	Assets/Product/Texture/Atlas/UiTRPG/UiTRPGIconMaze05.png	2032021	陷阱牌6			
2032852		1		5	['2032852', '0', '0']	Trap-7	局部重灾区	Assets/Product/Texture/Atlas/UiTRPG/UiTRPGStageBg8000Sp.png	Assets/Product/Texture/Image/UiTRPG/UiTRPGStageBg8000.png	Assets/Product/Texture/Atlas/UiTRPG/UiTRPGIconMaze05.png	2032021	陷阱牌7			
2032853		1		5	['2032853', '0', '0']	Trap-8	局部重灾区	Assets/Product/Texture/Atlas/UiTRPG/UiTRPGStageBg8000Sp.png	Assets/Product/Texture/Image/UiTRPG/UiTRPGStageBg8000.png	Assets/Product/Texture/Atlas/UiTRPG/UiTRPGIconMaze05.png	2032021	陷阱牌8			
2032061	1		1	6	['400502']	Reward-01	残存物资	Assets/Product/Texture/Atlas/UiTRPG/UiTRPGStageBg6000Sp.png	Assets/Product/Texture/Image/UiTRPG/UiTRPGStageBg6000.png	Assets/Product/Texture/Atlas/UiTRPG/UiTRPGIconMaze04.png	2032021	奖励（道具1）			
2032062	1		1	6	['400652']	Reward-02	贵重物资	Assets/Product/Texture/Atlas/UiTRPG/UiTRPGStageBg6001Sp.png	Assets/Product/Texture/Image/UiTRPG/UiTRPGStageBg6001.png	Assets/Product/Texture/Atlas/UiTRPG/UiTRPGIconMaze04.png	2032021	奖励（道具2）			
2032063	1		1	6	['400617']	Reward-03	贵重物资	Assets/Product/Texture/Atlas/UiTRPG/UiTRPGStageBg6001Sp.png	Assets/Product/Texture/Image/UiTRPG/UiTRPGStageBg6001.png	Assets/Product/Texture/Atlas/UiTRPG/UiTRPGIconMaze04.png	2032021	奖励（封锁2）			
2032071		1		7	['2032021', '200', '2032061', '50', '2032091', '50']	???-01	随机事件	Assets/Product/Texture/Atlas/UiTRPG/UiTRPGStageBg00Sp.png	Assets/Product/Texture/Image/UiTRPG/UiTRPGStageBg00.png		2032021				
2032072		1		7	['2032021', '200', '2032061', '50', '2032091', '50']	???-01	随机事件	Assets/Product/Texture/Atlas/UiTRPG/UiTRPGStageBg00Sp.png	Assets/Product/Texture/Image/UiTRPG/UiTRPGStageBg00.png		2032021				
2032073		1		7	['2032021', '200', '2032061', '50', '2032091', '50']	???-01	随机事件	Assets/Product/Texture/Atlas/UiTRPG/UiTRPGStageBg00Sp.png	Assets/Product/Texture/Image/UiTRPG/UiTRPGStageBg00.png		2032021				
2032074		1		7	['2032021', '200', '2032061', '50', '2032091', '50']	???-01	随机事件	Assets/Product/Texture/Atlas/UiTRPG/UiTRPGStageBg00Sp.png	Assets/Product/Texture/Image/UiTRPG/UiTRPGStageBg00.png		2032021				
2032075		1		7	['2032021', '200', '2032061', '50', '2032091', '50']	???-01	随机事件	Assets/Product/Texture/Atlas/UiTRPG/UiTRPGStageBg00Sp.png	Assets/Product/Texture/Image/UiTRPG/UiTRPGStageBg00.png		2032021				
2032076		1		7	['2032021', '200', '2032061', '50', '2032091', '50']	???-01	随机事件	Assets/Product/Texture/Atlas/UiTRPG/UiTRPGStageBg00Sp.png	Assets/Product/Texture/Image/UiTRPG/UiTRPGStageBg00.png		2032021				
2032077		1		7	['2032021', '200', '2032061', '50', '2032091', '50']	???-01	随机事件	Assets/Product/Texture/Atlas/UiTRPG/UiTRPGStageBg00Sp.png	Assets/Product/Texture/Image/UiTRPG/UiTRPGStageBg00.png		2032021				
2032078		1		7	['2032021', '200', '2032061', '50', '2032091', '50']	???-01	随机事件	Assets/Product/Texture/Atlas/UiTRPG/UiTRPGStageBg00Sp.png	Assets/Product/Texture/Image/UiTRPG/UiTRPGStageBg00.png		2032021				
2032079		1		7	['2032021', '200', '2032061', '50', '2032091', '50']	???-01	随机事件	Assets/Product/Texture/Atlas/UiTRPG/UiTRPGStageBg00Sp.png	Assets/Product/Texture/Image/UiTRPG/UiTRPGStageBg00.png		2032021				
2032081				8	['2033', '1', '5']	Go-01	第3区域	Assets/Product/Texture/Atlas/UiTRPG/UiTRPGStageBg7011Sp.png	Assets/Product/Texture/Image/UiTRPG/UiTRPGStageBg7011.png	Assets/Product/Texture/Atlas/UiTRPG/UiTRPGIconMaze07.png					
2032082				8	['2032', '1', '7']	Go-01	返回起点	Assets/Product/Texture/Atlas/UiTRPG/UiTRPGStageBg7011Sp.png	Assets/Product/Texture/Image/UiTRPG/UiTRPGStageBg7011.png	Assets/Product/Texture/Atlas/UiTRPG/UiTRPGIconMaze07.png					
2032091		1		9	['8', '30200019', '400530', '2032031']	Fight-01	感染体狂潮	Assets/Product/Texture/Atlas/UiTRPG/UiTRPGStageBg9000Sp.png	Assets/Product/Texture/Image/UiTRPG/UiTRPGStageBg9000.png	Assets/Product/Texture/Atlas/UiTRPG/UiTRPGIconMaze01.png	2032021	在此地游荡的感染体发出了怪异的叫声，向你们扑来。	目前的实力可以迅速解决这场战斗。		
2032092		1		9	['8', '30200020', '400530', '2032031']	Fight-02	感染体狂潮	Assets/Product/Texture/Atlas/UiTRPG/UiTRPGStageBg9000Sp.png	Assets/Product/Texture/Image/UiTRPG/UiTRPGStageBg9000.png	Assets/Product/Texture/Atlas/UiTRPG/UiTRPGIconMaze01.png	2032021	在此地游荡的感染体发出了怪异的叫声，向你们扑来。	目前的实力可以迅速解决这场战斗。		
2032093		1		9	['8', '30200019', '400530', '2032031']	Fight-03	感染体狂潮	Assets/Product/Texture/Atlas/UiTRPG/UiTRPGStageBg9000Sp.png	Assets/Product/Texture/Image/UiTRPG/UiTRPGStageBg9000.png	Assets/Product/Texture/Atlas/UiTRPG/UiTRPGIconMaze01.png	2032021	在此地游荡的感染体发出了怪异的叫声，向你们扑来。	目前的实力可以迅速解决这场战斗。		
2032094		1		9	['8', '30200020', '400530', '2032031']	Fight-04	感染体狂潮	Assets/Product/Texture/Atlas/UiTRPG/UiTRPGStageBg9000Sp.png	Assets/Product/Texture/Image/UiTRPG/UiTRPGStageBg9000.png	Assets/Product/Texture/Atlas/UiTRPG/UiTRPGIconMaze01.png	2032021	在此地游荡的感染体发出了怪异的叫声，向你们扑来。	目前的实力可以迅速解决这场战斗。		
2032095		1		9	['8', '30200019', '400530', '2032031']	Fight-05	感染体狂潮	Assets/Product/Texture/Atlas/UiTRPG/UiTRPGStageBg9000Sp.png	Assets/Product/Texture/Image/UiTRPG/UiTRPGStageBg9000.png	Assets/Product/Texture/Atlas/UiTRPG/UiTRPGIconMaze01.png	2032021	在此地游荡的感染体发出了怪异的叫声，向你们扑来。	目前的实力可以迅速解决这场战斗。		
2032096		1		9	['8', '30200020', '400530', '2032031']	Fight-06	感染体狂潮	Assets/Product/Texture/Atlas/UiTRPG/UiTRPGStageBg9000Sp.png	Assets/Product/Texture/Image/UiTRPG/UiTRPGStageBg9000.png	Assets/Product/Texture/Atlas/UiTRPG/UiTRPGIconMaze01.png	2032021	在此地游荡的感染体发出了怪异的叫声，向你们扑来。	目前的实力可以迅速解决这场战斗。		
2032097		1		9	['8', '30200019', '400530', '2032031']	Fight-07	感染体狂潮	Assets/Product/Texture/Atlas/UiTRPG/UiTRPGStageBg9000Sp.png	Assets/Product/Texture/Image/UiTRPG/UiTRPGStageBg9000.png	Assets/Product/Texture/Atlas/UiTRPG/UiTRPGIconMaze01.png	2032021	在此地游荡的感染体发出了怪异的叫声，向你们扑来。	目前的实力可以迅速解决这场战斗。		
2032098		1		9	['8', '30200020', '400530', '2032031']	Fight-08	感染体狂潮	Assets/Product/Texture/Atlas/UiTRPG/UiTRPGStageBg9000Sp.png	Assets/Product/Texture/Image/UiTRPG/UiTRPGStageBg9000.png	Assets/Product/Texture/Atlas/UiTRPG/UiTRPGIconMaze01.png	2032021	在此地游荡的感染体发出了怪异的叫声，向你们扑来。	目前的实力可以迅速解决这场战斗。		
2032099		1		9	['8', '30200019', '400530', '2032031']	Fight-09	感染体狂潮	Assets/Product/Texture/Atlas/UiTRPG/UiTRPGStageBg9000Sp.png	Assets/Product/Texture/Image/UiTRPG/UiTRPGStageBg9000.png	Assets/Product/Texture/Atlas/UiTRPG/UiTRPGIconMaze01.png	2032021	在此地游荡的感染体发出了怪异的叫声，向你们扑来。	目前的实力可以迅速解决这场战斗。		
2032101				10		Out	离开	Assets/Product/Texture/Atlas/UiTRPG/UiTRPGStageBg7011Sp.png	Assets/Product/Texture/Image/UiTRPG/UiTRPGStageBg7011.png	Assets/Product/Texture/Atlas/UiTRPG/UiTRPGIconMaze09.png					
2033011				1		Danger zone	危险地区	Assets/Product/Texture/Atlas/UiTRPG/UiTRPGStageBg1014Sp.png	Assets/Product/Texture/Image/UiTRPG/UiTRPGStageBg1014.png						
2033012				1		Danger zone	危险地区	Assets/Product/Texture/Atlas/UiTRPG/UiTRPGStageBg1015Sp.png	Assets/Product/Texture/Image/UiTRPG/UiTRPGStageBg1015.png						
2033021				2		Security zone	安全通路	Assets/Product/Texture/Atlas/UiTRPG/UiTRPGStageBg2011Sp.png	Assets/Product/Texture/Image/UiTRPG/UiTRPGStageBg2011.png						
2033022				2		Security zone	安全通路	Assets/Product/Texture/Atlas/UiTRPG/UiTRPGStageBg2012Sp.png	Assets/Product/Texture/Image/UiTRPG/UiTRPGStageBg2012.png						
2033041	1		3	4	['ZX01620BA']	Story-01	血缘连结	Assets/Product/Texture/Atlas/UiTRPG/UiTRPGStageBg3014Sp.png	Assets/Product/Texture/Image/UiTRPG/UiTRPGStageBg3014.png	Assets/Product/Texture/Atlas/UiTRPG/UiTRPGIconMaze02.png	2033021	文本剧情1		1	
2033042	1		3	4	['ZX01620BA']	Story-02	文本剧情废用	Assets/Product/Texture/Atlas/UiTRPG/UiTRPGStageBg3001Sp.png	Assets/Product/Texture/Image/UiTRPG/UiTRPGStageBg3001.png	Assets/Product/Texture/Atlas/UiTRPG/UiTRPGIconMaze02.png	2033021	文本剧情2		1	
2033043	1		4	4	['FZ01605BA']	Story	“素材”	Assets/Product/Texture/Atlas/UiTRPG/UiTRPGStageBg3014Sp.png	Assets/Product/Texture/Image/UiTRPG/UiTRPGStageBg3014.png	Assets/Product/Texture/Atlas/UiTRPG/UiTRPGIconMaze02_2.png	2033021			1	
2033051	1		2	5	['2033051', '1', '0']	Test-1	拾荒者	Assets/Product/Texture/Atlas/UiTRPG/UiTRPGStageBg5012Sp.png	Assets/Product/Texture/Image/UiTRPG/UiTRPGStageBg5012.png	Assets/Product/Texture/Atlas/UiTRPG/UiTRPGIconMaze06.png	2033021	检定1			
2033052	1		2	5	['2033052', '1', '400619']	Test-2	片羽余音	Assets/Product/Texture/Atlas/UiTRPG/UiTRPGStageBg5012Sp.png	Assets/Product/Texture/Image/UiTRPG/UiTRPGStageBg5012.png	Assets/Product/Texture/Atlas/UiTRPG/UiTRPGIconMaze06.png	2033021	检定剧情1			
2033053	1		2	5	['2033053', '1', '0']	Test-1	一线希望	Assets/Product/Texture/Atlas/UiTRPG/UiTRPGStageBg5012Sp.png	Assets/Product/Texture/Image/UiTRPG/UiTRPGStageBg5012.png	Assets/Product/Texture/Atlas/UiTRPG/UiTRPGIconMaze06.png	2033021	封锁1			
2033054	1		2	5	['2033054', '1', '0']	Test-2	残余数据	Assets/Product/Texture/Atlas/UiTRPG/UiTRPGStageBg5012Sp.png	Assets/Product/Texture/Image/UiTRPG/UiTRPGStageBg5012.png	Assets/Product/Texture/Atlas/UiTRPG/UiTRPGIconMaze06.png	2033021	封锁2			
2033055		1		5	['2033055', '0', '0']	Trap-1	局部重灾区	Assets/Product/Texture/Atlas/UiTRPG/UiTRPGStageBg8000Sp.png	Assets/Product/Texture/Image/UiTRPG/UiTRPGStageBg8000.png	Assets/Product/Texture/Atlas/UiTRPG/UiTRPGIconMaze05.png	2033021	陷阱牌1			
2033061	1		1	6	['400502']	Reward-01	残存物资	Assets/Product/Texture/Atlas/UiTRPG/UiTRPGStageBg6000Sp.png	Assets/Product/Texture/Image/UiTRPG/UiTRPGStageBg6000.png	Assets/Product/Texture/Atlas/UiTRPG/UiTRPGIconMaze04.png	2033021	奖励（道具1）			
2033062	1		1	6	['400510']	Reward-02	残存物资	Assets/Product/Texture/Atlas/UiTRPG/UiTRPGStageBg6000Sp.png	Assets/Product/Texture/Image/UiTRPG/UiTRPGStageBg6000.png	Assets/Product/Texture/Atlas/UiTRPG/UiTRPGIconMaze04.png	2033021	奖励（道具2）			
2033063	1		1	6	['400618']	Reward-03	贵重物资	Assets/Product/Texture/Atlas/UiTRPG/UiTRPGStageBg6001Sp.png	Assets/Product/Texture/Image/UiTRPG/UiTRPGStageBg6001.png	Assets/Product/Texture/Atlas/UiTRPG/UiTRPGIconMaze04.png	2033021	奖励（封锁1）			
2033064	1		1	6	['400610']	Reward-03	贵重物资	Assets/Product/Texture/Atlas/UiTRPG/UiTRPGStageBg6001Sp.png	Assets/Product/Texture/Image/UiTRPG/UiTRPGStageBg6001.png	Assets/Product/Texture/Atlas/UiTRPG/UiTRPGIconMaze04.png	2033021	奖励（封锁3）			
2033071		1		7	['2033021', '200', '2033061', '50', '2033091', '50']	???-01	随机事件	Assets/Product/Texture/Atlas/UiTRPG/UiTRPGStageBg00Sp.png	Assets/Product/Texture/Image/UiTRPG/UiTRPGStageBg00.png		2033021				
2033072		1		7	['2033021', '200', '2033061', '50', '2033091', '50']	???-01	随机事件	Assets/Product/Texture/Atlas/UiTRPG/UiTRPGStageBg00Sp.png	Assets/Product/Texture/Image/UiTRPG/UiTRPGStageBg00.png		2033021				
2033073		1		7	['2033021', '200', '2033061', '50', '2033091', '50']	???-01	随机事件	Assets/Product/Texture/Atlas/UiTRPG/UiTRPGStageBg00Sp.png	Assets/Product/Texture/Image/UiTRPG/UiTRPGStageBg00.png		2033021				
2033074		1		7	['2033021', '200', '2033061', '50', '2033091', '50']	???-01	随机事件	Assets/Product/Texture/Atlas/UiTRPG/UiTRPGStageBg00Sp.png	Assets/Product/Texture/Image/UiTRPG/UiTRPGStageBg00.png		2033021				
2033075		1		7	['2033021', '200', '2033061', '50', '2033091', '50']	???-01	随机事件	Assets/Product/Texture/Atlas/UiTRPG/UiTRPGStageBg00Sp.png	Assets/Product/Texture/Image/UiTRPG/UiTRPGStageBg00.png		2033021				
2033076		1		7	['2033021', '200', '2033061', '50', '2033091', '50']	???-01	随机事件	Assets/Product/Texture/Atlas/UiTRPG/UiTRPGStageBg00Sp.png	Assets/Product/Texture/Image/UiTRPG/UiTRPGStageBg00.png		2033021				
2033077		1		7	['2033021', '200', '2033061', '50', '2033091', '50']	???-01	随机事件	Assets/Product/Texture/Atlas/UiTRPG/UiTRPGStageBg00Sp.png	Assets/Product/Texture/Image/UiTRPG/UiTRPGStageBg00.png		2033021				
2033078		1		7	['2033021', '200', '2033061', '50', '2033091', '50']	???-01	随机事件	Assets/Product/Texture/Atlas/UiTRPG/UiTRPGStageBg00Sp.png	Assets/Product/Texture/Image/UiTRPG/UiTRPGStageBg00.png		2033021				
2033079		1		7	['2033021', '200', '2033061', '50', '2033091', '50']	???-01	随机事件	Assets/Product/Texture/Atlas/UiTRPG/UiTRPGStageBg00Sp.png	Assets/Product/Texture/Image/UiTRPG/UiTRPGStageBg00.png		2033021				
2033081				8	['2033', '1', '5']	Go-01	第4区域	Assets/Product/Texture/Atlas/UiTRPG/UiTRPGStageBg7011Sp.png	Assets/Product/Texture/Image/UiTRPG/UiTRPGStageBg7011.png	Assets/Product/Texture/Atlas/UiTRPG/UiTRPGIconMaze07.png					
2033091		1		9	['8', '30200021', '400530', '2033031']	Fight-01	感染体狂潮	Assets/Product/Texture/Atlas/UiTRPG/UiTRPGStageBg9000Sp.png	Assets/Product/Texture/Image/UiTRPG/UiTRPGStageBg9000.png	Assets/Product/Texture/Atlas/UiTRPG/UiTRPGIconMaze01.png	2033021	在此地游荡的感染体发出了怪异的叫声，向你们扑来。	目前的实力可以迅速解决这场战斗。		
2033092		1		9	['8', '30200022', '400530', '2033031']	Fight-02	感染体狂潮	Assets/Product/Texture/Atlas/UiTRPG/UiTRPGStageBg9000Sp.png	Assets/Product/Texture/Image/UiTRPG/UiTRPGStageBg9000.png	Assets/Product/Texture/Atlas/UiTRPG/UiTRPGIconMaze01.png	2033021	在此地游荡的感染体发出了怪异的叫声，向你们扑来。	目前的实力可以迅速解决这场战斗。		
2033093		1		9	['8', '30200021', '400530', '2033031']	Fight-03	感染体狂潮	Assets/Product/Texture/Atlas/UiTRPG/UiTRPGStageBg9000Sp.png	Assets/Product/Texture/Image/UiTRPG/UiTRPGStageBg9000.png	Assets/Product/Texture/Atlas/UiTRPG/UiTRPGIconMaze01.png	2033021	在此地游荡的感染体发出了怪异的叫声，向你们扑来。	目前的实力可以迅速解决这场战斗。		
2033094		1		9	['8', '30200022', '400530', '2033031']	Fight-04	感染体狂潮	Assets/Product/Texture/Atlas/UiTRPG/UiTRPGStageBg9000Sp.png	Assets/Product/Texture/Image/UiTRPG/UiTRPGStageBg9000.png	Assets/Product/Texture/Atlas/UiTRPG/UiTRPGIconMaze01.png	2033021	在此地游荡的感染体发出了怪异的叫声，向你们扑来。	目前的实力可以迅速解决这场战斗。		
2033095		1		9	['8', '30200021', '400530', '2033031']	Fight-05	感染体狂潮	Assets/Product/Texture/Atlas/UiTRPG/UiTRPGStageBg9000Sp.png	Assets/Product/Texture/Image/UiTRPG/UiTRPGStageBg9000.png	Assets/Product/Texture/Atlas/UiTRPG/UiTRPGIconMaze01.png	2033021	在此地游荡的感染体发出了怪异的叫声，向你们扑来。	目前的实力可以迅速解决这场战斗。		
2033096		1		9	['8', '30200022', '400530', '2033031']	Fight-06	感染体狂潮	Assets/Product/Texture/Atlas/UiTRPG/UiTRPGStageBg9000Sp.png	Assets/Product/Texture/Image/UiTRPG/UiTRPGStageBg9000.png	Assets/Product/Texture/Atlas/UiTRPG/UiTRPGIconMaze01.png	2033021	在此地游荡的感染体发出了怪异的叫声，向你们扑来。	目前的实力可以迅速解决这场战斗。		
2033097		1		9	['8', '30200021', '400530', '2033031']	Fight-07	感染体狂潮	Assets/Product/Texture/Atlas/UiTRPG/UiTRPGStageBg9000Sp.png	Assets/Product/Texture/Image/UiTRPG/UiTRPGStageBg9000.png	Assets/Product/Texture/Atlas/UiTRPG/UiTRPGIconMaze01.png	2033021	在此地游荡的感染体发出了怪异的叫声，向你们扑来。	目前的实力可以迅速解决这场战斗。		
2033098		1		9	['8', '30200022', '400530', '2033031']	Fight-08	感染体狂潮	Assets/Product/Texture/Atlas/UiTRPG/UiTRPGStageBg9000Sp.png	Assets/Product/Texture/Image/UiTRPG/UiTRPGStageBg9000.png	Assets/Product/Texture/Atlas/UiTRPG/UiTRPGIconMaze01.png	2033021	在此地游荡的感染体发出了怪异的叫声，向你们扑来。	目前的实力可以迅速解决这场战斗。		
2033099		1		9	['8', '30200021', '400530', '2033031']	Fight-09	感染体狂潮	Assets/Product/Texture/Atlas/UiTRPG/UiTRPGStageBg9000Sp.png	Assets/Product/Texture/Image/UiTRPG/UiTRPGStageBg9000.png	Assets/Product/Texture/Atlas/UiTRPG/UiTRPGIconMaze01.png	2033021	在此地游荡的感染体发出了怪异的叫声，向你们扑来。	目前的实力可以迅速解决这场战斗。		
2033101				10		Out	出去外面	Assets/Product/Texture/Atlas/UiTRPG/UiTRPGStageBg7001Sp.png	Assets/Product/Texture/Image/UiTRPG/UiTRPGStageBg7001.png	Assets/Product/Texture/Atlas/UiTRPG/UiTRPGIconMaze09.png					
2041011				1		Danger zone	危险地区	Assets/Product/Texture/Atlas/UiTRPG/UiTRPGStageBg1016Sp.png	Assets/Product/Texture/Image/UiTRPG/UiTRPGStageBg1016.png						
2041012				1		Danger zone	危险地区	Assets/Product/Texture/Atlas/UiTRPG/UiTRPGStageBg1017Sp.png	Assets/Product/Texture/Image/UiTRPG/UiTRPGStageBg1017.png						
2041021				2		Security zone	安全通路	Assets/Product/Texture/Atlas/UiTRPG/UiTRPGStageBg2013Sp.png	Assets/Product/Texture/Image/UiTRPG/UiTRPGStageBg2013.png						
2041022				2		Security zone	安全通路	Assets/Product/Texture/Atlas/UiTRPG/UiTRPGStageBg2013Sp.png	Assets/Product/Texture/Image/UiTRPG/UiTRPGStageBg2013.png						
2041041	1		3	4	['ZX01621BA']	Story-01	一路前行	Assets/Product/Texture/Atlas/UiTRPG/UiTRPGStageBg3015Sp.png	Assets/Product/Texture/Image/UiTRPG/UiTRPGStageBg3015.png	Assets/Product/Texture/Atlas/UiTRPG/UiTRPGIconMaze02.png	2041021	文本剧情1		1	
2041051	1		2	5	['2041051', '1', '0']	Test-1	封锁地区	Assets/Product/Texture/Atlas/UiTRPG/UiTRPGStageBg5013Sp.png	Assets/Product/Texture/Image/UiTRPG/UiTRPGStageBg5013.png	Assets/Product/Texture/Atlas/UiTRPG/UiTRPGIconMaze06.png	2041021	检定1			
2041052	1		2	5	['2041052', '1', '0']	Test-2	防护措施	Assets/Product/Texture/Atlas/UiTRPG/UiTRPGStageBg5013Sp.png	Assets/Product/Texture/Image/UiTRPG/UiTRPGStageBg5013.png	Assets/Product/Texture/Atlas/UiTRPG/UiTRPGIconMaze06.png	2041021	封锁1-1			
2041053	1		2	5	['2041053', '1', '0']	Test-1	防护措施	Assets/Product/Texture/Atlas/UiTRPG/UiTRPGStageBg5013Sp.png	Assets/Product/Texture/Image/UiTRPG/UiTRPGStageBg5013.png	Assets/Product/Texture/Atlas/UiTRPG/UiTRPGIconMaze06.png	2041021	封锁1-2			
2041054	1		2	5	['2041054', '1', '0']	Test-2	往昔记录	Assets/Product/Texture/Atlas/UiTRPG/UiTRPGStageBg5013Sp.png	Assets/Product/Texture/Image/UiTRPG/UiTRPGStageBg5013.png	Assets/Product/Texture/Atlas/UiTRPG/UiTRPGIconMaze06.png	2041021	封锁2			
2041055		1		5	['2041055', '0', '0']	Trap-1	局部重灾区	Assets/Product/Texture/Atlas/UiTRPG/UiTRPGStageBg8000Sp.png	Assets/Product/Texture/Image/UiTRPG/UiTRPGStageBg8000.png	Assets/Product/Texture/Atlas/UiTRPG/UiTRPGIconMaze05.png	2041021	陷阱牌1			
2041061	1		1	6	['400620']	Reward-01	贵重物资	Assets/Product/Texture/Atlas/UiTRPG/UiTRPGStageBg6001Sp.png	Assets/Product/Texture/Image/UiTRPG/UiTRPGStageBg6001.png	Assets/Product/Texture/Atlas/UiTRPG/UiTRPGIconMaze04.png	2041021	奖励（封锁1）			
2041062	1		1	6	['400621']	Reward-02	贵重物资	Assets/Product/Texture/Atlas/UiTRPG/UiTRPGStageBg6001Sp.png	Assets/Product/Texture/Image/UiTRPG/UiTRPGStageBg6001.png	Assets/Product/Texture/Atlas/UiTRPG/UiTRPGIconMaze04.png	2041021	奖励（封锁2）			
2041071		1		7	['2041021', '200', '2041091', '50']	???-01	随机事件	Assets/Product/Texture/Atlas/UiTRPG/UiTRPGStageBg00Sp.png	Assets/Product/Texture/Image/UiTRPG/UiTRPGStageBg00.png		2041021				
2041072		1		7	['2041021', '200', '2041091', '50']	???-01	随机事件	Assets/Product/Texture/Atlas/UiTRPG/UiTRPGStageBg00Sp.png	Assets/Product/Texture/Image/UiTRPG/UiTRPGStageBg00.png		2041021				
2041073		1		7	['2041021', '200', '2041091', '50']	???-01	随机事件	Assets/Product/Texture/Atlas/UiTRPG/UiTRPGStageBg00Sp.png	Assets/Product/Texture/Image/UiTRPG/UiTRPGStageBg00.png		2041021				
2041074		1		7	['2041021', '200', '2041091', '50']	???-01	随机事件	Assets/Product/Texture/Atlas/UiTRPG/UiTRPGStageBg00Sp.png	Assets/Product/Texture/Image/UiTRPG/UiTRPGStageBg00.png		2041021				
2041075		1		7	['2041021', '200', '2041091', '50']	???-01	随机事件	Assets/Product/Texture/Atlas/UiTRPG/UiTRPGStageBg00Sp.png	Assets/Product/Texture/Image/UiTRPG/UiTRPGStageBg00.png		2041021				
2041076		1		7	['2041021', '200', '2041091', '50']	???-01	随机事件	Assets/Product/Texture/Atlas/UiTRPG/UiTRPGStageBg00Sp.png	Assets/Product/Texture/Image/UiTRPG/UiTRPGStageBg00.png		2041021				
2041077		1		7	['2041021', '200', '2041091', '50']	???-01	随机事件	Assets/Product/Texture/Atlas/UiTRPG/UiTRPGStageBg00Sp.png	Assets/Product/Texture/Image/UiTRPG/UiTRPGStageBg00.png		2041021				
2041078		1		7	['2041021', '200', '2041091', '50']	???-01	随机事件	Assets/Product/Texture/Atlas/UiTRPG/UiTRPGStageBg00Sp.png	Assets/Product/Texture/Image/UiTRPG/UiTRPGStageBg00.png		2041021				
2041079		1		7	['2041021', '200', '2041091', '50']	???-01	随机事件	Assets/Product/Texture/Atlas/UiTRPG/UiTRPGStageBg00Sp.png	Assets/Product/Texture/Image/UiTRPG/UiTRPGStageBg00.png		2041021				
2041081				8	['2042', '1', '4']	Go-01	作业区	Assets/Product/Texture/Atlas/UiTRPG/UiTRPGStageBg7026Sp.png	Assets/Product/Texture/Image/UiTRPG/UiTRPGStageBg7026.png	Assets/Product/Texture/Atlas/UiTRPG/UiTRPGIconMaze07.png					
2041091		1		9	['11', '30200023', '400530', '2041031']	Fight-01	感染体狂潮	Assets/Product/Texture/Atlas/UiTRPG/UiTRPGStageBg9000Sp.png	Assets/Product/Texture/Image/UiTRPG/UiTRPGStageBg9000.png	Assets/Product/Texture/Atlas/UiTRPG/UiTRPGIconMaze01.png	2041021	在此地游荡的感染体发出了怪异的叫声，向你们扑来。	目前的实力可以迅速解决这场战斗。		
2041092		1		9	['11', '30200024', '400530', '2041031']	Fight-02	感染体狂潮	Assets/Product/Texture/Atlas/UiTRPG/UiTRPGStageBg9000Sp.png	Assets/Product/Texture/Image/UiTRPG/UiTRPGStageBg9000.png	Assets/Product/Texture/Atlas/UiTRPG/UiTRPGIconMaze01.png	2041021	在此地游荡的感染体发出了怪异的叫声，向你们扑来。	目前的实力可以迅速解决这场战斗。		
2041093		1		9	['11', '30200023', '400530', '2041031']	Fight-03	感染体狂潮	Assets/Product/Texture/Atlas/UiTRPG/UiTRPGStageBg9000Sp.png	Assets/Product/Texture/Image/UiTRPG/UiTRPGStageBg9000.png	Assets/Product/Texture/Atlas/UiTRPG/UiTRPGIconMaze01.png	2041021	在此地游荡的感染体发出了怪异的叫声，向你们扑来。	目前的实力可以迅速解决这场战斗。		
2041094		1		9	['11', '30200024', '400530', '2041031']	Fight-04	感染体狂潮	Assets/Product/Texture/Atlas/UiTRPG/UiTRPGStageBg9000Sp.png	Assets/Product/Texture/Image/UiTRPG/UiTRPGStageBg9000.png	Assets/Product/Texture/Atlas/UiTRPG/UiTRPGIconMaze01.png	2041021	在此地游荡的感染体发出了怪异的叫声，向你们扑来。	目前的实力可以迅速解决这场战斗。		
2041095		1		9	['11', '30200023', '400530', '2041031']	Fight-05	感染体狂潮	Assets/Product/Texture/Atlas/UiTRPG/UiTRPGStageBg9000Sp.png	Assets/Product/Texture/Image/UiTRPG/UiTRPGStageBg9000.png	Assets/Product/Texture/Atlas/UiTRPG/UiTRPGIconMaze01.png	2041021	在此地游荡的感染体发出了怪异的叫声，向你们扑来。	目前的实力可以迅速解决这场战斗。		
2041096		1		9	['11', '30200024', '400530', '2041031']	Fight-06	感染体狂潮	Assets/Product/Texture/Atlas/UiTRPG/UiTRPGStageBg9000Sp.png	Assets/Product/Texture/Image/UiTRPG/UiTRPGStageBg9000.png	Assets/Product/Texture/Atlas/UiTRPG/UiTRPGIconMaze01.png	2041021	在此地游荡的感染体发出了怪异的叫声，向你们扑来。	目前的实力可以迅速解决这场战斗。		
2041097		1		9	['11', '30200023', '400530', '2041031']	Fight-07	感染体狂潮	Assets/Product/Texture/Atlas/UiTRPG/UiTRPGStageBg9000Sp.png	Assets/Product/Texture/Image/UiTRPG/UiTRPGStageBg9000.png	Assets/Product/Texture/Atlas/UiTRPG/UiTRPGIconMaze01.png	2041021	在此地游荡的感染体发出了怪异的叫声，向你们扑来。	目前的实力可以迅速解决这场战斗。		
2041098		1		9	['11', '30200024', '400530', '2041031']	Fight-08	感染体狂潮	Assets/Product/Texture/Atlas/UiTRPG/UiTRPGStageBg9000Sp.png	Assets/Product/Texture/Image/UiTRPG/UiTRPGStageBg9000.png	Assets/Product/Texture/Atlas/UiTRPG/UiTRPGIconMaze01.png	2041021	在此地游荡的感染体发出了怪异的叫声，向你们扑来。	目前的实力可以迅速解决这场战斗。		
2041099		1		9	['11', '30200023', '400530', '2041031']	Fight-09	感染体狂潮	Assets/Product/Texture/Atlas/UiTRPG/UiTRPGStageBg9000Sp.png	Assets/Product/Texture/Image/UiTRPG/UiTRPGStageBg9000.png	Assets/Product/Texture/Atlas/UiTRPG/UiTRPGIconMaze01.png	2041021	在此地游荡的感染体发出了怪异的叫声，向你们扑来。	目前的实力可以迅速解决这场战斗。		
2041101				10		Out	离开	Assets/Product/Texture/Atlas/UiTRPG/UiTRPGStageBg7026Sp.png	Assets/Product/Texture/Image/UiTRPG/UiTRPGStageBg7026.png	Assets/Product/Texture/Atlas/UiTRPG/UiTRPGIconMaze09.png					
2042011				1		Danger zone	危险地区	Assets/Product/Texture/Atlas/UiTRPG/UiTRPGStageBg1016Sp.png	Assets/Product/Texture/Image/UiTRPG/UiTRPGStageBg1016.png						
2042012				1		Danger zone	危险地区	Assets/Product/Texture/Atlas/UiTRPG/UiTRPGStageBg1017Sp.png	Assets/Product/Texture/Image/UiTRPG/UiTRPGStageBg1017.png						
2042021				2		Security zone	安全通路	Assets/Product/Texture/Atlas/UiTRPG/UiTRPGStageBg2013Sp.png	Assets/Product/Texture/Image/UiTRPG/UiTRPGStageBg2013.png						
2042022				2		Security zone	安全通路	Assets/Product/Texture/Atlas/UiTRPG/UiTRPGStageBg2013Sp.png	Assets/Product/Texture/Image/UiTRPG/UiTRPGStageBg2013.png						
2042031	1		3	3	['10130115']	Story	曾在此处	Assets/Product/Texture/Atlas/UiTRPG/UiTRPGStageBg3017Sp.png	Assets/Product/Texture/Image/UiTRPG/UiTRPGStageBg3017.png	Assets/Product/Texture/Atlas/UiTRPG/UiTRPGIconMaze02.png	2042021	如果没有发生那件事，我或许还会对此抱着愚蠢的希望。		1	
2042041	1		3	4	['ZX01622BA']	Story-01	布满荆棘	Assets/Product/Texture/Atlas/UiTRPG/UiTRPGStageBg3015Sp.png	Assets/Product/Texture/Image/UiTRPG/UiTRPGStageBg3015.png	Assets/Product/Texture/Atlas/UiTRPG/UiTRPGIconMaze02.png	2042021	文本剧情1		1	
2042042	1		3	4	['ZX01624BA']	Story-02	零落碎片	Assets/Product/Texture/Atlas/UiTRPG/UiTRPGStageBg3016Sp.png	Assets/Product/Texture/Image/UiTRPG/UiTRPGStageBg3016.png	Assets/Product/Texture/Atlas/UiTRPG/UiTRPGIconMaze02.png	2042021	文本剧情2		1	
2042043	1		4	4	['FZ01606BA']	Story	未知天堂	Assets/Product/Texture/Atlas/UiTRPG/UiTRPGStageBg3015Sp.png	Assets/Product/Texture/Image/UiTRPG/UiTRPGStageBg3015.png	Assets/Product/Texture/Atlas/UiTRPG/UiTRPGIconMaze02_2.png	2042021			1	
2042044	1		4	4	['FZ01606BB']	Story	从众效应	Assets/Product/Texture/Atlas/UiTRPG/UiTRPGStageBg3015Sp.png	Assets/Product/Texture/Image/UiTRPG/UiTRPGStageBg3015.png	Assets/Product/Texture/Atlas/UiTRPG/UiTRPGIconMaze02_2.png	2043021			1	
2042045	1		4	4	['FZ01606BC']	Story	燃尽一切	Assets/Product/Texture/Atlas/UiTRPG/UiTRPGStageBg3015Sp.png	Assets/Product/Texture/Image/UiTRPG/UiTRPGStageBg3015.png	Assets/Product/Texture/Atlas/UiTRPG/UiTRPGIconMaze02_2.png	2042021			1	
2042046	1		4	4	['FZ01606BD']	Story	无声自我	Assets/Product/Texture/Atlas/UiTRPG/UiTRPGStageBg3015Sp.png	Assets/Product/Texture/Image/UiTRPG/UiTRPGStageBg3015.png	Assets/Product/Texture/Atlas/UiTRPG/UiTRPGIconMaze02_2.png	2042021			1	
2042051	1		2	5	['2042051', '1', '0']	Test-1	拦路箱	Assets/Product/Texture/Atlas/UiTRPG/UiTRPGStageBg5013Sp.png	Assets/Product/Texture/Image/UiTRPG/UiTRPGStageBg5013.png	Assets/Product/Texture/Atlas/UiTRPG/UiTRPGIconMaze06.png	2042021	检定1			
2042052	1		2	5	['2042052', '1', '0']	Test-2	红色裂痕	Assets/Product/Texture/Atlas/UiTRPG/UiTRPGStageBg5013Sp.png	Assets/Product/Texture/Image/UiTRPG/UiTRPGStageBg5013.png	Assets/Product/Texture/Atlas/UiTRPG/UiTRPGIconMaze06.png	2042021	检定2			
2042053	1		2	5	['2042053', '1', '0']	Test-1	防护措施	Assets/Product/Texture/Atlas/UiTRPG/UiTRPGStageBg5013Sp.png	Assets/Product/Texture/Image/UiTRPG/UiTRPGStageBg5013.png	Assets/Product/Texture/Atlas/UiTRPG/UiTRPGIconMaze06.png	2042021	封锁1			
2042054	1		2	5	['2042054', '1', '0']	Test-2	记忆碎片	Assets/Product/Texture/Atlas/UiTRPG/UiTRPGStageBg5013Sp.png	Assets/Product/Texture/Image/UiTRPG/UiTRPGStageBg5013.png	Assets/Product/Texture/Atlas/UiTRPG/UiTRPGIconMaze06.png	2042021	封锁2			
2042055	1		2	5	['2042055', '1', '0']	Test-3	既视感	Assets/Product/Texture/Atlas/UiTRPG/UiTRPGStageBg5013Sp.png	Assets/Product/Texture/Image/UiTRPG/UiTRPGStageBg5013.png	Assets/Product/Texture/Atlas/UiTRPG/UiTRPGIconMaze06.png	2042021	检定剧情1			
2042056		1		5	['2042056', '0', '0']	Trap-1	局部重灾区	Assets/Product/Texture/Atlas/UiTRPG/UiTRPGStageBg8000Sp.png	Assets/Product/Texture/Image/UiTRPG/UiTRPGStageBg8000.png	Assets/Product/Texture/Atlas/UiTRPG/UiTRPGIconMaze05.png	2042021	陷阱牌1			
2042057		1		5	['2042057', '0', '0']	Trap-2	局部重灾区	Assets/Product/Texture/Atlas/UiTRPG/UiTRPGStageBg8000Sp.png	Assets/Product/Texture/Image/UiTRPG/UiTRPGStageBg8000.png	Assets/Product/Texture/Atlas/UiTRPG/UiTRPGIconMaze05.png	2042021	陷阱牌2			
2042058		1		5	['2042058', '0', '0']	Trap-3	局部重灾区	Assets/Product/Texture/Atlas/UiTRPG/UiTRPGStageBg8000Sp.png	Assets/Product/Texture/Image/UiTRPG/UiTRPGStageBg8000.png	Assets/Product/Texture/Atlas/UiTRPG/UiTRPGIconMaze05.png	2042021	陷阱牌3			
2042059		1		5	['2042059', '0', '0']	Trap-4	局部重灾区	Assets/Product/Texture/Atlas/UiTRPG/UiTRPGStageBg8000Sp.png	Assets/Product/Texture/Image/UiTRPG/UiTRPGStageBg8000.png	Assets/Product/Texture/Atlas/UiTRPG/UiTRPGIconMaze05.png	2042021	陷阱牌4			
2042851		1		5	['2042851', '0', '0']	Trap-5	局部重灾区	Assets/Product/Texture/Atlas/UiTRPG/UiTRPGStageBg8000Sp.png	Assets/Product/Texture/Image/UiTRPG/UiTRPGStageBg8000.png	Assets/Product/Texture/Atlas/UiTRPG/UiTRPGIconMaze05.png	2042021	陷阱牌5			
2042852		1		5	['2042852', '0', '0']	Trap-6	局部重灾区	Assets/Product/Texture/Atlas/UiTRPG/UiTRPGStageBg8000Sp.png	Assets/Product/Texture/Image/UiTRPG/UiTRPGStageBg8000.png	Assets/Product/Texture/Atlas/UiTRPG/UiTRPGIconMaze05.png	2042021	陷阱牌6			
2042853		1		5	['2042853', '0', '0']	Trap-7	局部重灾区	Assets/Product/Texture/Atlas/UiTRPG/UiTRPGStageBg8000Sp.png	Assets/Product/Texture/Image/UiTRPG/UiTRPGStageBg8000.png	Assets/Product/Texture/Atlas/UiTRPG/UiTRPGIconMaze05.png	2042021	陷阱牌7			
2042854		1		5	['2042854', '0', '0']	Trap-8	局部重灾区	Assets/Product/Texture/Atlas/UiTRPG/UiTRPGStageBg8000Sp.png	Assets/Product/Texture/Image/UiTRPG/UiTRPGStageBg8000.png	Assets/Product/Texture/Atlas/UiTRPG/UiTRPGIconMaze05.png	2042021	陷阱牌8			
2042855	1		2	5	['2042855', '0', '0']	Test-3	勿回首	Assets/Product/Texture/Atlas/UiTRPG/UiTRPGStageBg5000Sp.png	Assets/Product/Texture/Image/UiTRPG/UiTRPGStageBg5000.png	Assets/Product/Texture/Atlas/UiTRPG/UiTRPGIconMaze06.png	2042021	检定3			
2042856	1		2	5	['2042856', '0', '0']	Test-4	封底的赠言	Assets/Product/Texture/Atlas/UiTRPG/UiTRPGStageBg5000Sp.png	Assets/Product/Texture/Image/UiTRPG/UiTRPGStageBg5000.png	Assets/Product/Texture/Atlas/UiTRPG/UiTRPGIconMaze06.png	2042021	封锁3			
2042857	1		2	5	['2042857', '0', '0']	Test-5	天台钥匙	Assets/Product/Texture/Atlas/UiTRPG/UiTRPGStageBg5000Sp.png	Assets/Product/Texture/Image/UiTRPG/UiTRPGStageBg5000.png	Assets/Product/Texture/Atlas/UiTRPG/UiTRPGIconMaze06.png	2042021	封锁4			
2042858	1		2	5	['2042858', '0', '0']	Test-6	漫画残页	Assets/Product/Texture/Atlas/UiTRPG/UiTRPGStageBg5000Sp.png	Assets/Product/Texture/Image/UiTRPG/UiTRPGStageBg5000.png	Assets/Product/Texture/Atlas/UiTRPG/UiTRPGIconMaze06.png	2042021	封锁5			
2042061	1		1	6	['400653']	Reward-01	贵重物资	Assets/Product/Texture/Atlas/UiTRPG/UiTRPGStageBg6001Sp.png	Assets/Product/Texture/Image/UiTRPG/UiTRPGStageBg6001.png	Assets/Product/Texture/Atlas/UiTRPG/UiTRPGIconMaze04.png	2042021	奖励（道具1）			
2042062	1		1	6	['400502']	Reward-02	残存物资	Assets/Product/Texture/Atlas/UiTRPG/UiTRPGStageBg6000Sp.png	Assets/Product/Texture/Image/UiTRPG/UiTRPGStageBg6000.png	Assets/Product/Texture/Atlas/UiTRPG/UiTRPGIconMaze04.png	2042021	奖励（道具2）			
2042063	1		1	6	['400627']	Reward-03	贵重物资	Assets/Product/Texture/Atlas/UiTRPG/UiTRPGStageBg6001Sp.png	Assets/Product/Texture/Image/UiTRPG/UiTRPGStageBg6001.png	Assets/Product/Texture/Atlas/UiTRPG/UiTRPGIconMaze04.png	2042021	奖励（封锁1-1）			
2042064	1		1	6	['400653']	Reward-04	贵重物资	Assets/Product/Texture/Atlas/UiTRPG/UiTRPGStageBg6001Sp.png	Assets/Product/Texture/Image/UiTRPG/UiTRPGStageBg6001.png	Assets/Product/Texture/Atlas/UiTRPG/UiTRPGIconMaze04.png	2042021	奖励（道具4）			
2042065	1		1	6	['400622']	Reward-01	贵重物资	Assets/Product/Texture/Atlas/UiTRPG/UiTRPGStageBg6001Sp.png	Assets/Product/Texture/Image/UiTRPG/UiTRPGStageBg6001.png	Assets/Product/Texture/Atlas/UiTRPG/UiTRPGIconMaze04.png	2042021	奖励（封锁1）			
2042066	1		1	6	['400623']	Reward-02	贵重物资	Assets/Product/Texture/Atlas/UiTRPG/UiTRPGStageBg6001Sp.png	Assets/Product/Texture/Image/UiTRPG/UiTRPGStageBg6001.png	Assets/Product/Texture/Atlas/UiTRPG/UiTRPGIconMaze04.png	2042021	奖励（封锁2）			
2042067	1		1	6	['400624']	Reward-03	贵重物资	Assets/Product/Texture/Atlas/UiTRPG/UiTRPGStageBg6001Sp.png	Assets/Product/Texture/Image/UiTRPG/UiTRPGStageBg6001.png	Assets/Product/Texture/Atlas/UiTRPG/UiTRPGIconMaze04.png	2042021	奖励（封锁3）			
2042068	1		1	6	['400625']	Reward-03	贵重物资	Assets/Product/Texture/Atlas/UiTRPG/UiTRPGStageBg6001Sp.png	Assets/Product/Texture/Image/UiTRPG/UiTRPGStageBg6001.png	Assets/Product/Texture/Atlas/UiTRPG/UiTRPGIconMaze04.png	2042021	奖励（封锁4）			
2042071		1		7	['2042021', '200', '2042062', '50', '2042091', '50']	???-01	随机事件	Assets/Product/Texture/Atlas/UiTRPG/UiTRPGStageBg00Sp.png	Assets/Product/Texture/Image/UiTRPG/UiTRPGStageBg00.png		2042021				
2042072		1		7	['2042021', '200', '2042062', '50', '2042091', '50']	???-01	随机事件	Assets/Product/Texture/Atlas/UiTRPG/UiTRPGStageBg00Sp.png	Assets/Product/Texture/Image/UiTRPG/UiTRPGStageBg00.png		2042021				
2042073		1		7	['2042021', '200', '2042062', '50', '2042091', '50']	???-01	随机事件	Assets/Product/Texture/Atlas/UiTRPG/UiTRPGStageBg00Sp.png	Assets/Product/Texture/Image/UiTRPG/UiTRPGStageBg00.png		2042021				
2042074		1		7	['2042021', '200', '2042062', '50', '2042091', '50']	???-01	随机事件	Assets/Product/Texture/Atlas/UiTRPG/UiTRPGStageBg00Sp.png	Assets/Product/Texture/Image/UiTRPG/UiTRPGStageBg00.png		2042021				
2042075		1		7	['2042021', '200', '2042062', '50', '2042091', '50']	???-01	随机事件	Assets/Product/Texture/Atlas/UiTRPG/UiTRPGStageBg00Sp.png	Assets/Product/Texture/Image/UiTRPG/UiTRPGStageBg00.png		2042021				
2042076		1		7	['2042021', '200', '2042062', '50', '2042091', '50']	???-01	随机事件	Assets/Product/Texture/Atlas/UiTRPG/UiTRPGStageBg00Sp.png	Assets/Product/Texture/Image/UiTRPG/UiTRPGStageBg00.png		2042021				
2042077		1		7	['2042021', '200', '2042062', '50', '2042091', '50']	???-01	随机事件	Assets/Product/Texture/Atlas/UiTRPG/UiTRPGStageBg00Sp.png	Assets/Product/Texture/Image/UiTRPG/UiTRPGStageBg00.png		2042021				
2042078		1		7	['2042021', '200', '2042062', '50', '2042091', '50']	???-01	随机事件	Assets/Product/Texture/Atlas/UiTRPG/UiTRPGStageBg00Sp.png	Assets/Product/Texture/Image/UiTRPG/UiTRPGStageBg00.png		2042021				
2042079		1		7	['2042021', '200', '2042062', '50', '2042091', '50']	???-01	随机事件	Assets/Product/Texture/Atlas/UiTRPG/UiTRPGStageBg00Sp.png	Assets/Product/Texture/Image/UiTRPG/UiTRPGStageBg00.png		2042021				
2042081				8	['2043', '1', '4']	Go-01	第3区域	Assets/Product/Texture/Atlas/UiTRPG/UiTRPGStageBg7026Sp.png	Assets/Product/Texture/Image/UiTRPG/UiTRPGStageBg7026.png	Assets/Product/Texture/Atlas/UiTRPG/UiTRPGIconMaze07.png					
2042082				8	['2042', '1', '4']	Go-01	返回起点	Assets/Product/Texture/Atlas/UiTRPG/UiTRPGStageBg7026Sp.png	Assets/Product/Texture/Image/UiTRPG/UiTRPGStageBg7026.png	Assets/Product/Texture/Atlas/UiTRPG/UiTRPGIconMaze07.png					
2042091		1		9	['11', '30200025', '400530', '2042031']	Fight-01	感染体狂潮	Assets/Product/Texture/Atlas/UiTRPG/UiTRPGStageBg9000Sp.png	Assets/Product/Texture/Image/UiTRPG/UiTRPGStageBg9000.png	Assets/Product/Texture/Atlas/UiTRPG/UiTRPGIconMaze01.png	2042021	在此地游荡的感染体发出了怪异的叫声，向你们扑来。	目前的实力可以迅速解决这场战斗。		
2042092		1		9	['11', '30200026', '400530', '2042031']	Fight-02	感染体狂潮	Assets/Product/Texture/Atlas/UiTRPG/UiTRPGStageBg9000Sp.png	Assets/Product/Texture/Image/UiTRPG/UiTRPGStageBg9000.png	Assets/Product/Texture/Atlas/UiTRPG/UiTRPGIconMaze01.png	2042021	在此地游荡的感染体发出了怪异的叫声，向你们扑来。	目前的实力可以迅速解决这场战斗。		
2042093		1		9	['11', '30200025', '400530', '2042031']	Fight-03	感染体狂潮	Assets/Product/Texture/Atlas/UiTRPG/UiTRPGStageBg9000Sp.png	Assets/Product/Texture/Image/UiTRPG/UiTRPGStageBg9000.png	Assets/Product/Texture/Atlas/UiTRPG/UiTRPGIconMaze01.png	2042021	在此地游荡的感染体发出了怪异的叫声，向你们扑来。	目前的实力可以迅速解决这场战斗。		
2042094		1		9	['11', '30200026', '400530', '2042031']	Fight-04	感染体狂潮	Assets/Product/Texture/Atlas/UiTRPG/UiTRPGStageBg9000Sp.png	Assets/Product/Texture/Image/UiTRPG/UiTRPGStageBg9000.png	Assets/Product/Texture/Atlas/UiTRPG/UiTRPGIconMaze01.png	2042021	在此地游荡的感染体发出了怪异的叫声，向你们扑来。	目前的实力可以迅速解决这场战斗。		
2042095		1		9	['11', '30200025', '400530', '2042031']	Fight-05	感染体狂潮	Assets/Product/Texture/Atlas/UiTRPG/UiTRPGStageBg9000Sp.png	Assets/Product/Texture/Image/UiTRPG/UiTRPGStageBg9000.png	Assets/Product/Texture/Atlas/UiTRPG/UiTRPGIconMaze01.png	2042021	在此地游荡的感染体发出了怪异的叫声，向你们扑来。	目前的实力可以迅速解决这场战斗。		
2042096		1		9	['11', '30200026', '400530', '2042031']	Fight-06	感染体狂潮	Assets/Product/Texture/Atlas/UiTRPG/UiTRPGStageBg9000Sp.png	Assets/Product/Texture/Image/UiTRPG/UiTRPGStageBg9000.png	Assets/Product/Texture/Atlas/UiTRPG/UiTRPGIconMaze01.png	2042021	在此地游荡的感染体发出了怪异的叫声，向你们扑来。	目前的实力可以迅速解决这场战斗。		
2042097		1		9	['11', '30200025', '400530', '2042031']	Fight-07	感染体狂潮	Assets/Product/Texture/Atlas/UiTRPG/UiTRPGStageBg9000Sp.png	Assets/Product/Texture/Image/UiTRPG/UiTRPGStageBg9000.png	Assets/Product/Texture/Atlas/UiTRPG/UiTRPGIconMaze01.png	2042021	在此地游荡的感染体发出了怪异的叫声，向你们扑来。	目前的实力可以迅速解决这场战斗。		
2042098		1		9	['11', '30200026', '400530', '2042031']	Fight-08	感染体狂潮	Assets/Product/Texture/Atlas/UiTRPG/UiTRPGStageBg9000Sp.png	Assets/Product/Texture/Image/UiTRPG/UiTRPGStageBg9000.png	Assets/Product/Texture/Atlas/UiTRPG/UiTRPGIconMaze01.png	2042021	在此地游荡的感染体发出了怪异的叫声，向你们扑来。	目前的实力可以迅速解决这场战斗。		
2042099		1		9	['11', '30200025', '400530', '2042031']	Fight-09	感染体狂潮	Assets/Product/Texture/Atlas/UiTRPG/UiTRPGStageBg9000Sp.png	Assets/Product/Texture/Image/UiTRPG/UiTRPGStageBg9000.png	Assets/Product/Texture/Atlas/UiTRPG/UiTRPGIconMaze01.png	2042021	在此地游荡的感染体发出了怪异的叫声，向你们扑来。	目前的实力可以迅速解决这场战斗。		
2042101				10		Out	离开	Assets/Product/Texture/Atlas/UiTRPG/UiTRPGStageBg7026Sp.png	Assets/Product/Texture/Image/UiTRPG/UiTRPGStageBg7026.png	Assets/Product/Texture/Atlas/UiTRPG/UiTRPGIconMaze09.png					
2043011				1		Danger zone	危险地区	Assets/Product/Texture/Atlas/UiTRPG/UiTRPGStageBg1014Sp.png	Assets/Product/Texture/Image/UiTRPG/UiTRPGStageBg1014.png						
2043012				1		Danger zone	危险地区	Assets/Product/Texture/Atlas/UiTRPG/UiTRPGStageBg1015Sp.png	Assets/Product/Texture/Image/UiTRPG/UiTRPGStageBg1015.png						
2043021				2		Security zone	安全通路	Assets/Product/Texture/Atlas/UiTRPG/UiTRPGStageBg2011Sp.png	Assets/Product/Texture/Image/UiTRPG/UiTRPGStageBg2011.png						
2043022				2		Security zone	安全通路	Assets/Product/Texture/Atlas/UiTRPG/UiTRPGStageBg2012Sp.png	Assets/Product/Texture/Image/UiTRPG/UiTRPGStageBg2012.png						
2043031	1		3	3	['10130115']	Story	阿尔法	Assets/Product/Texture/Atlas/UiTRPG/UiTRPGStageBg3000Sp.png	Assets/Product/Texture/Image/UiTRPG/UiTRPGStageBg3000.png	Assets/Product/Texture/Atlas/UiTRPG/UiTRPGIconMaze02.png	2043021	搜查后，三人在此地看到了阿尔法的幻影，她和露娜在此地谈起“最后一天”的事，引起了露西亚的动摇，跟随阿尔法的讲述，三人向前走了一小段路，露西亚的回忆和地面上的幻影皆说明了一件事：她最后一天的战役，正是在此地发生的。看来，她也和丽芙与里一样，曾在此处相遇。与旧队友的幻影一起再次经历这段战役。		1	
2043041	1		3	4	['ZX01622BA']	Story-01	废弃	Assets/Product/Texture/Atlas/UiTRPG/UiTRPGStageBg3015Sp.png	Assets/Product/Texture/Image/UiTRPG/UiTRPGStageBg3015.png	Assets/Product/Texture/Atlas/UiTRPG/UiTRPGIconMaze02.png	2043021	文本剧情1		1	
2043051	1		2	5	['2043051', '1', '0']	Test-1	异合狂潮	Assets/Product/Texture/Atlas/UiTRPG/UiTRPGStageBg5012Sp.png	Assets/Product/Texture/Image/UiTRPG/UiTRPGStageBg5012.png	Assets/Product/Texture/Atlas/UiTRPG/UiTRPGIconMaze06.png	2043021	检定1			
2043052	1		2	5	['2043052', '1', '0']	Test-2	隐藏数据	Assets/Product/Texture/Atlas/UiTRPG/UiTRPGStageBg5012Sp.png	Assets/Product/Texture/Image/UiTRPG/UiTRPGStageBg5012.png	Assets/Product/Texture/Atlas/UiTRPG/UiTRPGIconMaze06.png	2043021	检定2			
2043061	1		1	6	['400626']	Reward-01	贵重物资	Assets/Product/Texture/Atlas/UiTRPG/UiTRPGStageBg6001Sp.png	Assets/Product/Texture/Image/UiTRPG/UiTRPGStageBg6001.png	Assets/Product/Texture/Atlas/UiTRPG/UiTRPGIconMaze04.png	2043021	奖励（封锁5）			
2043062	1		1	6	['400652']	Reward-02	贵重物资	Assets/Product/Texture/Atlas/UiTRPG/UiTRPGStageBg6000Sp.png	Assets/Product/Texture/Image/UiTRPG/UiTRPGStageBg6000.png	Assets/Product/Texture/Atlas/UiTRPG/UiTRPGIconMaze04.png	2043021	奖励（道具1）			
2043063	1		1	6	['400653']	Reward-03	贵重物资	Assets/Product/Texture/Atlas/UiTRPG/UiTRPGStageBg6000Sp.png	Assets/Product/Texture/Image/UiTRPG/UiTRPGStageBg6000.png	Assets/Product/Texture/Atlas/UiTRPG/UiTRPGIconMaze04.png	2043021	奖励（道具2）			
2043071		1		7	['2043021', '200', '2043091', '50']	???-01	随机事件	Assets/Product/Texture/Atlas/UiTRPG/UiTRPGStageBg00Sp.png	Assets/Product/Texture/Image/UiTRPG/UiTRPGStageBg00.png		2043021				
2043072		1		7	['2043021', '200', '2043091', '50']	???-01	随机事件	Assets/Product/Texture/Atlas/UiTRPG/UiTRPGStageBg00Sp.png	Assets/Product/Texture/Image/UiTRPG/UiTRPGStageBg00.png		2043021				
2043073		1		7	['2043021', '200', '2043091', '50']	???-01	随机事件	Assets/Product/Texture/Atlas/UiTRPG/UiTRPGStageBg00Sp.png	Assets/Product/Texture/Image/UiTRPG/UiTRPGStageBg00.png		2043021				
2043074		1		7	['2043021', '200', '2043091', '50']	???-01	随机事件	Assets/Product/Texture/Atlas/UiTRPG/UiTRPGStageBg00Sp.png	Assets/Product/Texture/Image/UiTRPG/UiTRPGStageBg00.png		2043021				
2043075		1		7	['2043021', '200', '2043091', '50']	???-01	随机事件	Assets/Product/Texture/Atlas/UiTRPG/UiTRPGStageBg00Sp.png	Assets/Product/Texture/Image/UiTRPG/UiTRPGStageBg00.png		2043021				
2043076		1		7	['2043021', '200', '2043091', '50']	???-01	随机事件	Assets/Product/Texture/Atlas/UiTRPG/UiTRPGStageBg00Sp.png	Assets/Product/Texture/Image/UiTRPG/UiTRPGStageBg00.png		2043021				
2043077		1		7	['2043021', '200', '2043091', '50']	???-01	随机事件	Assets/Product/Texture/Atlas/UiTRPG/UiTRPGStageBg00Sp.png	Assets/Product/Texture/Image/UiTRPG/UiTRPGStageBg00.png		2043021				
2043078		1		7	['2043021', '200', '2043091', '50']	???-01	随机事件	Assets/Product/Texture/Atlas/UiTRPG/UiTRPGStageBg00Sp.png	Assets/Product/Texture/Image/UiTRPG/UiTRPGStageBg00.png		2043021				
2043079		1		7	['2043021', '200', '2043091', '50']	???-01	随机事件	Assets/Product/Texture/Atlas/UiTRPG/UiTRPGStageBg00Sp.png	Assets/Product/Texture/Image/UiTRPG/UiTRPGStageBg00.png		2043021				
2043081				8	['2042', '1', '4']	Go-01	第2区域	Assets/Product/Texture/Atlas/UiTRPG/UiTRPGStageBg7011Sp.png	Assets/Product/Texture/Image/UiTRPG/UiTRPGStageBg7011.png	Assets/Product/Texture/Atlas/UiTRPG/UiTRPGIconMaze07.png					
2043091		1		9	['9', '30200025', '400530', '2043031']	Fight-01	感染体狂潮	Assets/Product/Texture/Atlas/UiTRPG/UiTRPGStageBg9000Sp.png	Assets/Product/Texture/Image/UiTRPG/UiTRPGStageBg9000.png	Assets/Product/Texture/Atlas/UiTRPG/UiTRPGIconMaze01.png	2043021	在此地游荡的感染体发出了怪异的叫声，向你们扑来。	目前的实力可以迅速解决这场战斗。		
2043092		1		9	['9', '30200026', '400530', '2043031']	Fight-02	感染体狂潮	Assets/Product/Texture/Atlas/UiTRPG/UiTRPGStageBg9000Sp.png	Assets/Product/Texture/Image/UiTRPG/UiTRPGStageBg9000.png	Assets/Product/Texture/Atlas/UiTRPG/UiTRPGIconMaze01.png	2043021	在此地游荡的感染体发出了怪异的叫声，向你们扑来。	目前的实力可以迅速解决这场战斗。		
2043093		1		9	['9', '30200025', '400530', '2043031']	Fight-03	感染体狂潮	Assets/Product/Texture/Atlas/UiTRPG/UiTRPGStageBg9000Sp.png	Assets/Product/Texture/Image/UiTRPG/UiTRPGStageBg9000.png	Assets/Product/Texture/Atlas/UiTRPG/UiTRPGIconMaze01.png	2043021	在此地游荡的感染体发出了怪异的叫声，向你们扑来。	目前的实力可以迅速解决这场战斗。		
2043094		1		9	['9', '30200026', '400530', '2043031']	Fight-04	感染体狂潮	Assets/Product/Texture/Atlas/UiTRPG/UiTRPGStageBg9000Sp.png	Assets/Product/Texture/Image/UiTRPG/UiTRPGStageBg9000.png	Assets/Product/Texture/Atlas/UiTRPG/UiTRPGIconMaze01.png	2043021	在此地游荡的感染体发出了怪异的叫声，向你们扑来。	目前的实力可以迅速解决这场战斗。		
2043095		1		9	['9', '30200025', '400530', '2043031']	Fight-05	感染体狂潮	Assets/Product/Texture/Atlas/UiTRPG/UiTRPGStageBg9000Sp.png	Assets/Product/Texture/Image/UiTRPG/UiTRPGStageBg9000.png	Assets/Product/Texture/Atlas/UiTRPG/UiTRPGIconMaze01.png	2043021	在此地游荡的感染体发出了怪异的叫声，向你们扑来。	目前的实力可以迅速解决这场战斗。		
2043096		1		9	['9', '30200026', '400530', '2043031']	Fight-06	感染体狂潮	Assets/Product/Texture/Atlas/UiTRPG/UiTRPGStageBg9000Sp.png	Assets/Product/Texture/Image/UiTRPG/UiTRPGStageBg9000.png	Assets/Product/Texture/Atlas/UiTRPG/UiTRPGIconMaze01.png	2043021	在此地游荡的感染体发出了怪异的叫声，向你们扑来。	目前的实力可以迅速解决这场战斗。		
2043097		1		9	['9', '30200025', '400530', '2043031']	Fight-07	感染体狂潮	Assets/Product/Texture/Atlas/UiTRPG/UiTRPGStageBg9000Sp.png	Assets/Product/Texture/Image/UiTRPG/UiTRPGStageBg9000.png	Assets/Product/Texture/Atlas/UiTRPG/UiTRPGIconMaze01.png	2043021	在此地游荡的感染体发出了怪异的叫声，向你们扑来。	目前的实力可以迅速解决这场战斗。		
2043098		1		9	['9', '30200026', '400530', '2043031']	Fight-08	感染体狂潮	Assets/Product/Texture/Atlas/UiTRPG/UiTRPGStageBg9000Sp.png	Assets/Product/Texture/Image/UiTRPG/UiTRPGStageBg9000.png	Assets/Product/Texture/Atlas/UiTRPG/UiTRPGIconMaze01.png	2043021	在此地游荡的感染体发出了怪异的叫声，向你们扑来。	目前的实力可以迅速解决这场战斗。		
2043099		1		9	['9', '30200025', '400530', '2043031']	Fight-09	感染体狂潮	Assets/Product/Texture/Atlas/UiTRPG/UiTRPGStageBg9000Sp.png	Assets/Product/Texture/Image/UiTRPG/UiTRPGStageBg9000.png	Assets/Product/Texture/Atlas/UiTRPG/UiTRPGIconMaze01.png	2043021	在此地游荡的感染体发出了怪异的叫声，向你们扑来。	目前的实力可以迅速解决这场战斗。		
2043101				10		Out	离开	Assets/Product/Texture/Atlas/UiTRPG/UiTRPGStageBg7011Sp.png	Assets/Product/Texture/Image/UiTRPG/UiTRPGStageBg7011.png	Assets/Product/Texture/Atlas/UiTRPG/UiTRPGIconMaze09.png					
3021011				1		Blockade zone	封闭区域	Assets/Product/Texture/Atlas/UiTRPG/UiTRPGStageBg1000Sp.png	Assets/Product/Texture/Image/UiTRPG/UiTRPGStageBg1000.png						
3021012				1		Blockade zone	封闭区域	Assets/Product/Texture/Atlas/UiTRPG/UiTRPGStageBg1001Sp.png	Assets/Product/Texture/Image/UiTRPG/UiTRPGStageBg1001.png						
3021021				2		Open ground	开放区域	Assets/Product/Texture/Atlas/UiTRPG/UiTRPGStageBg2000Sp.png	Assets/Product/Texture/Image/UiTRPG/UiTRPGStageBg2000.png						
3021022				2		Open ground	开放区域	Assets/Product/Texture/Atlas/UiTRPG/UiTRPGStageBg2001Sp.png	Assets/Product/Texture/Image/UiTRPG/UiTRPGStageBg2001.png						
3021041	1		3	4	['ZX00105BA']	SKtory-01	文本	Assets/Product/Texture/Atlas/UiTRPG/UiTRPGStageBg3001Sp.png	Assets/Product/Texture/Image/UiTRPG/UiTRPGStageBg3001.png	Assets/Product/Texture/Atlas/UiTRPG/UiTRPGIconMaze02.png	3021021			1	
3021051	1		2	5	['3021051', '1', '0']	Test-01	检定牌1	Assets/Product/Texture/Atlas/UiTRPG/UiTRPGStageBg5000Sp.png	Assets/Product/Texture/Image/UiTRPG/UiTRPGStageBg5000.png	Assets/Product/Texture/Atlas/UiTRPG/UiTRPGIconMaze06.png	3021021				
3021061	1		1	6	['400502']	Reward-01	残存物资	Assets/Product/Texture/Atlas/UiTRPG/UiTRPGStageBg6000Sp.png	Assets/Product/Texture/Image/UiTRPG/UiTRPGStageBg6000.png	Assets/Product/Texture/Atlas/UiTRPG/UiTRPGIconMaze04.png	3021021				
3021062	1		1	6	['400510']	Reward-02	残存物资	Assets/Product/Texture/Atlas/UiTRPG/UiTRPGStageBg6000Sp.png	Assets/Product/Texture/Image/UiTRPG/UiTRPGStageBg6000.png	Assets/Product/Texture/Atlas/UiTRPG/UiTRPGIconMaze04.png	3021021				
3021063	1		1	6	['400510']	Reward-03	残存物资	Assets/Product/Texture/Atlas/UiTRPG/UiTRPGStageBg6000Sp.png	Assets/Product/Texture/Image/UiTRPG/UiTRPGStageBg6000.png	Assets/Product/Texture/Atlas/UiTRPG/UiTRPGIconMaze04.png	3021021				
3021071		1		7	['3021021', '200', '3021061', '50', '3021091', '50']	???-01	随机事件	Assets/Product/Texture/Atlas/UiTRPG/UiTRPGStageBg00Sp.png	Assets/Product/Texture/Image/UiTRPG/UiTRPGStageBg00.png		3021021				
3021072		1		7	['3021021', '200', '3021062', '50', '3021091', '50']	???-02	随机事件	Assets/Product/Texture/Atlas/UiTRPG/UiTRPGStageBg00Sp.png	Assets/Product/Texture/Image/UiTRPG/UiTRPGStageBg00.png		3021021				
3021081				8	['3022', '24', '3']	Go-01	移动牌1	Assets/Product/Texture/Atlas/UiTRPG/UiTRPGStageBg7000Sp.png	Assets/Product/Texture/Image/UiTRPG/UiTRPGStageBg7012.png	Assets/Product/Texture/Atlas/UiTRPG/UiTRPGIconMaze08.png					
3021091		1		9	['12', '30200027', '400530', '3021031']	Fight-01	暗影侵蚀	Assets/Product/Texture/Atlas/UiTRPG/UiTRPGStageBg9000Sp.png	Assets/Product/Texture/Image/UiTRPG/UiTRPGStageBg9000.png	Assets/Product/Texture/Atlas/UiTRPG/UiTRPGIconMaze01.png	3021021	在地下空洞的深处，你们被隐藏在黑暗中的感染体与异合生物挡住了去路。你们要做的，只有一直前行。	目前的实力可以迅速解决这场战斗。		
3021092		1		9	['12', '30200028', '400530', '3021031']	Fight-02	暗影侵蚀	Assets/Product/Texture/Atlas/UiTRPG/UiTRPGStageBg9001Sp.png	Assets/Product/Texture/Image/UiTRPG/UiTRPGStageBg9001.png	Assets/Product/Texture/Atlas/UiTRPG/UiTRPGIconMaze01.png	3021021	在地下空洞的深处，你们被隐藏在黑暗中的感染体与异合生物挡住了去路。你们要做的，只有一直前行。	目前的实力可以迅速解决这场战斗。		
3021093		1		9	['12', '30200027', '400530', '3021031']	Fight-03	暗影侵蚀	Assets/Product/Texture/Atlas/UiTRPG/UiTRPGStageBg9000Sp.png	Assets/Product/Texture/Image/UiTRPG/UiTRPGStageBg9000.png	Assets/Product/Texture/Atlas/UiTRPG/UiTRPGIconMaze01.png	3021021	在地下空洞的深处，你们被隐藏在黑暗中的感染体与异合生物挡住了去路。你们要做的，只有一直前行。	目前的实力可以迅速解决这场战斗。		
3021101				10		Out	离开	Assets/Product/Texture/Atlas/UiTRPG/UiTRPGStageBg7001Sp.png	Assets/Product/Texture/Image/UiTRPG/UiTRPGStageBg7013.png	Assets/Product/Texture/Atlas/UiTRPG/UiTRPGIconMaze09.png					
3022011				1		Blockade zone	封闭区域	Assets/Product/Texture/Atlas/UiTRPG/UiTRPGStageBg1018Sp.png	Assets/Product/Texture/Image/UiTRPG/UiTRPGStageBg1018.png						
3022012				1		Blockade zone	封闭区域	Assets/Product/Texture/Atlas/UiTRPG/UiTRPGStageBg1020Sp.png	Assets/Product/Texture/Image/UiTRPG/UiTRPGStageBg1020.png						
3022021				2		Open ground	开放区域	Assets/Product/Texture/Atlas/UiTRPG/UiTRPGStageBg2014Sp.png	Assets/Product/Texture/Image/UiTRPG/UiTRPGStageBg2014.png						
3022022				2		Open ground	开放区域	Assets/Product/Texture/Atlas/UiTRPG/UiTRPGStageBg2015Sp.png	Assets/Product/Texture/Image/UiTRPG/UiTRPGStageBg2015.png						
3022031	1		3	3	['10130119']	Story	欢迎仪式	Assets/Product/Texture/Atlas/UiTRPG/UiTRPGStageBg3018Sp.png	Assets/Product/Texture/Image/UiTRPG/UiTRPGStageBg3018.png	Assets/Product/Texture/Atlas/UiTRPG/UiTRPGIconMaze02.png	3022021	这些随意堆放的破碎机体，令人联想到‘尸骸’。		1	ZX01627EA
3022042	1		3	4	['ZX01628BA']	Story	帷幕	Assets/Product/Texture/Atlas/UiTRPG/UiTRPGStageBg3019Sp.png	Assets/Product/Texture/Image/UiTRPG/UiTRPGStageBg3019.png	Assets/Product/Texture/Atlas/UiTRPG/UiTRPGIconMaze02.png	3022021			1	
3022051	1		2	5	['3022051', '1', '0']	Test	暗渊的残骸	Assets/Product/Texture/Atlas/UiTRPG/UiTRPGStageBg5014Sp.png	Assets/Product/Texture/Image/UiTRPG/UiTRPGStageBg5014.png	Assets/Product/Texture/Atlas/UiTRPG/UiTRPGIconMaze06.png	3022021				
3022061	1		1	6	['400502']	Reward	残存物资	Assets/Product/Texture/Atlas/UiTRPG/UiTRPGStageBg6000Sp.png	Assets/Product/Texture/Image/UiTRPG/UiTRPGStageBg6000.png	Assets/Product/Texture/Atlas/UiTRPG/UiTRPGIconMaze04.png	3022021				
3022062	1		1	6	['400510']	Reward	残存物资	Assets/Product/Texture/Atlas/UiTRPG/UiTRPGStageBg6000Sp.png	Assets/Product/Texture/Image/UiTRPG/UiTRPGStageBg6000.png	Assets/Product/Texture/Atlas/UiTRPG/UiTRPGIconMaze04.png	3022021				
3022063	1		1	6	['400502']	Reward	残存物资	Assets/Product/Texture/Atlas/UiTRPG/UiTRPGStageBg6000Sp.png	Assets/Product/Texture/Image/UiTRPG/UiTRPGStageBg6000.png	Assets/Product/Texture/Atlas/UiTRPG/UiTRPGIconMaze04.png	3022021				
3022064	1		1	6	['400510']	Reward	残存物资	Assets/Product/Texture/Atlas/UiTRPG/UiTRPGStageBg6000Sp.png	Assets/Product/Texture/Image/UiTRPG/UiTRPGStageBg6000.png	Assets/Product/Texture/Atlas/UiTRPG/UiTRPGIconMaze04.png	3022021				
3022065	1		1	6	['400502']	Reward	残存物资	Assets/Product/Texture/Atlas/UiTRPG/UiTRPGStageBg6000Sp.png	Assets/Product/Texture/Image/UiTRPG/UiTRPGStageBg6000.png	Assets/Product/Texture/Atlas/UiTRPG/UiTRPGIconMaze04.png	3022021				
3022066	1		1	6	['400510']	Reward	残存物资	Assets/Product/Texture/Atlas/UiTRPG/UiTRPGStageBg6000Sp.png	Assets/Product/Texture/Image/UiTRPG/UiTRPGStageBg6000.png	Assets/Product/Texture/Atlas/UiTRPG/UiTRPGIconMaze04.png	3022021				
3022067	1		1	6	['400652']	Reward	贵重物资	Assets/Product/Texture/Atlas/UiTRPG/UiTRPGStageBg6001Sp.png	Assets/Product/Texture/Image/UiTRPG/UiTRPGStageBg6001.png	Assets/Product/Texture/Atlas/UiTRPG/UiTRPGIconMaze04.png	3022021				
3022071		1		7	['3022021', '200', '3022061', '50', '3022091', '50']	???	随机事件	Assets/Product/Texture/Atlas/UiTRPG/UiTRPGStageBg00Sp.png	Assets/Product/Texture/Image/UiTRPG/UiTRPGStageBg00.png		3022021				
3022072		1		7	['3022021', '200', '3022062', '50', '3022091', '50']	???	随机事件	Assets/Product/Texture/Atlas/UiTRPG/UiTRPGStageBg00Sp.png	Assets/Product/Texture/Image/UiTRPG/UiTRPGStageBg00.png		3022021				
3022073		1		7	['3022021', '200', '3022063', '50', '3022091', '50']	???	随机事件	Assets/Product/Texture/Atlas/UiTRPG/UiTRPGStageBg00Sp.png	Assets/Product/Texture/Image/UiTRPG/UiTRPGStageBg00.png		3022021				
3022074		1		7	['3022021', '200', '3022064', '50', '3022091', '50']	???	随机事件	Assets/Product/Texture/Atlas/UiTRPG/UiTRPGStageBg00Sp.png	Assets/Product/Texture/Image/UiTRPG/UiTRPGStageBg00.png		3022021				
3022081				10		Out	离开	Assets/Product/Texture/Atlas/UiTRPG/UiTRPGStageBg7010Sp.png	Assets/Product/Texture/Image/UiTRPG/UiTRPGStageBg7012.png	Assets/Product/Texture/Atlas/UiTRPG/UiTRPGIconMaze09.png					
3022082				8	['3023', '24', '3']	Down	第2区域	Assets/Product/Texture/Atlas/UiTRPG/UiTRPGStageBg7011Sp.png	Assets/Product/Texture/Image/UiTRPG/UiTRPGStageBg7013.png	Assets/Product/Texture/Atlas/UiTRPG/UiTRPGIconMaze08.png					
3022091		1		9	['13', '30200029', '400530', '3022031']	Fight-01	暗影侵蚀	Assets/Product/Texture/Atlas/UiTRPG/UiTRPGStageBg9000Sp.png	Assets/Product/Texture/Image/UiTRPG/UiTRPGStageBg9000.png	Assets/Product/Texture/Atlas/UiTRPG/UiTRPGIconMaze01.png	3022021	在地下空洞的深处，你们被隐藏在黑暗中的感染体与异合生物挡住了去路。你们要做的，只有一直前行。	目前的实力可以迅速解决这场战斗。		
3022092		1		9	['13', '30200030', '400530', '3022031']	Fight-02	暗影侵蚀	Assets/Product/Texture/Atlas/UiTRPG/UiTRPGStageBg9001Sp.png	Assets/Product/Texture/Image/UiTRPG/UiTRPGStageBg9001.png	Assets/Product/Texture/Atlas/UiTRPG/UiTRPGIconMaze01.png	3022021	在地下空洞的深处，你们被隐藏在黑暗中的感染体与异合生物挡住了去路。你们要做的，只有一直前行。	目前的实力可以迅速解决这场战斗。		
3022093		1		9	['13', '30200029', '400530', '3022031']	Fight-03	暗影侵蚀	Assets/Product/Texture/Atlas/UiTRPG/UiTRPGStageBg9000Sp.png	Assets/Product/Texture/Image/UiTRPG/UiTRPGStageBg9000.png	Assets/Product/Texture/Atlas/UiTRPG/UiTRPGIconMaze01.png	3022021	在地下空洞的深处，你们被隐藏在黑暗中的感染体与异合生物挡住了去路。你们要做的，只有一直前行。	目前的实力可以迅速解决这场战斗。		
3022094		1		9	['13', '30200030', '400530', '3022031']	Fight-04	暗影侵蚀	Assets/Product/Texture/Atlas/UiTRPG/UiTRPGStageBg9000Sp.png	Assets/Product/Texture/Image/UiTRPG/UiTRPGStageBg9000.png	Assets/Product/Texture/Atlas/UiTRPG/UiTRPGIconMaze01.png	3022021	在地下空洞的深处，你们被隐藏在黑暗中的感染体与异合生物挡住了去路。你们要做的，只有一直前行。	目前的实力可以迅速解决这场战斗。		
3022095		1		9	['13', '30200029', '400530', '3022031']	Fight-05	暗影侵蚀	Assets/Product/Texture/Atlas/UiTRPG/UiTRPGStageBg9001Sp.png	Assets/Product/Texture/Image/UiTRPG/UiTRPGStageBg9001.png	Assets/Product/Texture/Atlas/UiTRPG/UiTRPGIconMaze01.png	3022021	在地下空洞的深处，你们被隐藏在黑暗中的感染体与异合生物挡住了去路。你们要做的，只有一直前行。	目前的实力可以迅速解决这场战斗。		
3022096		1		9	['13', '30200030', '400530', '3022031']	Fight-06	暗影侵蚀	Assets/Product/Texture/Atlas/UiTRPG/UiTRPGStageBg9000Sp.png	Assets/Product/Texture/Image/UiTRPG/UiTRPGStageBg9000.png	Assets/Product/Texture/Atlas/UiTRPG/UiTRPGIconMaze01.png	3022021	在地下空洞的深处，你们被隐藏在黑暗中的感染体与异合生物挡住了去路。你们要做的，只有一直前行。	目前的实力可以迅速解决这场战斗。		
3022097		1		9	['13', '30200029', '400530', '3022031']	Fight-07	暗影侵蚀	Assets/Product/Texture/Atlas/UiTRPG/UiTRPGStageBg9000Sp.png	Assets/Product/Texture/Image/UiTRPG/UiTRPGStageBg9000.png	Assets/Product/Texture/Atlas/UiTRPG/UiTRPGIconMaze01.png	3022021	在地下空洞的深处，你们被隐藏在黑暗中的感染体与异合生物挡住了去路。你们要做的，只有一直前行。	目前的实力可以迅速解决这场战斗。		
3022098		1		9	['13', '30200030', '400530', '3022031']	Fight-08	暗影侵蚀	Assets/Product/Texture/Atlas/UiTRPG/UiTRPGStageBg9001Sp.png	Assets/Product/Texture/Image/UiTRPG/UiTRPGStageBg9001.png	Assets/Product/Texture/Atlas/UiTRPG/UiTRPGIconMaze01.png	3022021	在地下空洞的深处，你们被隐藏在黑暗中的感染体与异合生物挡住了去路。你们要做的，只有一直前行。	目前的实力可以迅速解决这场战斗。		
3022099		1		9	['13', '30200029', '400530', '3022031']	Fight-09	暗影侵蚀	Assets/Product/Texture/Atlas/UiTRPG/UiTRPGStageBg9001Sp.png	Assets/Product/Texture/Image/UiTRPG/UiTRPGStageBg9001.png	Assets/Product/Texture/Atlas/UiTRPG/UiTRPGIconMaze01.png	3022021	在地下空洞的深处，你们被隐藏在黑暗中的感染体与异合生物挡住了去路。你们要做的，只有一直前行。	目前的实力可以迅速解决这场战斗。		
3023011				1		Blockade zone	封闭区域	Assets/Product/Texture/Atlas/UiTRPG/UiTRPGStageBg1018Sp.png	Assets/Product/Texture/Image/UiTRPG/UiTRPGStageBg1018.png						
3023012				1		Blockade zone	封闭区域	Assets/Product/Texture/Atlas/UiTRPG/UiTRPGStageBg1020Sp.png	Assets/Product/Texture/Image/UiTRPG/UiTRPGStageBg1020.png						
3023021				2		Open ground	开放区域	Assets/Product/Texture/Atlas/UiTRPG/UiTRPGStageBg2014Sp.png	Assets/Product/Texture/Image/UiTRPG/UiTRPGStageBg2014.png						
3023022				2		Open ground	开放区域	Assets/Product/Texture/Atlas/UiTRPG/UiTRPGStageBg2015Sp.png	Assets/Product/Texture/Image/UiTRPG/UiTRPGStageBg2015.png						
3023031	1		3	3	['10130121']	Story	升格秘闻	Assets/Product/Texture/Atlas/UiTRPG/UiTRPGStageBg3020Sp.png	Assets/Product/Texture/Image/UiTRPG/UiTRPGStageBg3020.png	Assets/Product/Texture/Atlas/UiTRPG/UiTRPGIconMaze02.png	3023021	蒙眼的王，谏臣与野兽。		1	ZX01630EA
3023041	1		2	5	['3023041', '1', '0']	Test	意外的援助	Assets/Product/Texture/Atlas/UiTRPG/UiTRPGStageBg5014Sp.png	Assets/Product/Texture/Image/UiTRPG/UiTRPGStageBg5014.png	Assets/Product/Texture/Atlas/UiTRPG/UiTRPGIconMaze06.png	3023021				
3023052	1		2	5	['3023052', '1', '0']	Over	记忆箱庭	Assets/Product/Texture/Atlas/UiTRPG/UiTRPGStageBg5014Sp.png	Assets/Product/Texture/Image/UiTRPG/UiTRPGStageBg5014.png	Assets/Product/Texture/Atlas/UiTRPG/UiTRPGIconMaze06.png	3023021				
3023061	1		1	6	['400502']	Reward-01	残存物资	Assets/Product/Texture/Atlas/UiTRPG/UiTRPGStageBg6000Sp.png	Assets/Product/Texture/Image/UiTRPG/UiTRPGStageBg6000.png	Assets/Product/Texture/Atlas/UiTRPG/UiTRPGIconMaze04.png	3023021				
3023062	1		1	6	['400510']	Reward-02	残存物资	Assets/Product/Texture/Atlas/UiTRPG/UiTRPGStageBg6000Sp.png	Assets/Product/Texture/Image/UiTRPG/UiTRPGStageBg6000.png	Assets/Product/Texture/Atlas/UiTRPG/UiTRPGIconMaze04.png	3023021				
3023063	1		1	6	['400502']	Reward-03	残存物资	Assets/Product/Texture/Atlas/UiTRPG/UiTRPGStageBg6000Sp.png	Assets/Product/Texture/Image/UiTRPG/UiTRPGStageBg6000.png	Assets/Product/Texture/Atlas/UiTRPG/UiTRPGIconMaze04.png	3023021				
3023064	1		1	6	['400510']	Reward-04	残存物资	Assets/Product/Texture/Atlas/UiTRPG/UiTRPGStageBg6000Sp.png	Assets/Product/Texture/Image/UiTRPG/UiTRPGStageBg6000.png	Assets/Product/Texture/Atlas/UiTRPG/UiTRPGIconMaze04.png	3023021				
3023065	1		1	6	['400653']	Reward-02	贵重物资	Assets/Product/Texture/Atlas/UiTRPG/UiTRPGStageBg6001Sp.png	Assets/Product/Texture/Image/UiTRPG/UiTRPGStageBg6001.png	Assets/Product/Texture/Atlas/UiTRPG/UiTRPGIconMaze04.png	3023021				
3023071		1		7	['3023021', '200', '3023061', '50', '3023091', '50']	???	随机事件	Assets/Product/Texture/Atlas/UiTRPG/UiTRPGStageBg00Sp.png	Assets/Product/Texture/Image/UiTRPG/UiTRPGStageBg00.png		3023021				
3023072		1		7	['3023021', '200', '3023062', '50', '3023091', '50']	???	随机事件	Assets/Product/Texture/Atlas/UiTRPG/UiTRPGStageBg00Sp.png	Assets/Product/Texture/Image/UiTRPG/UiTRPGStageBg00.png		3023021				
3023073		1		7	['3023021', '200', '3023063', '50', '3023091', '50']	???	随机事件	Assets/Product/Texture/Atlas/UiTRPG/UiTRPGStageBg00Sp.png	Assets/Product/Texture/Image/UiTRPG/UiTRPGStageBg00.png		3023021				
3023074		1		7	['3023021', '200', '3023061', '50', '3023091', '50']	???	随机事件	Assets/Product/Texture/Atlas/UiTRPG/UiTRPGStageBg00Sp.png	Assets/Product/Texture/Image/UiTRPG/UiTRPGStageBg00.png		3023021				
3023075		1		7	['3023021', '200', '3023062', '50', '3023091', '50']	???	随机事件	Assets/Product/Texture/Atlas/UiTRPG/UiTRPGStageBg00Sp.png	Assets/Product/Texture/Image/UiTRPG/UiTRPGStageBg00.png		3023021				
3023076		1		7	['3023021', '200', '3023063', '50', '3023091', '50']	???	随机事件	Assets/Product/Texture/Atlas/UiTRPG/UiTRPGStageBg00Sp.png	Assets/Product/Texture/Image/UiTRPG/UiTRPGStageBg00.png		3023021				
3023081				8	['3022', '24', '1']	Up	第1区域	Assets/Product/Texture/Atlas/UiTRPG/UiTRPGStageBg7010Sp.png	Assets/Product/Texture/Image/UiTRPG/UiTRPGStageBg7012.png	Assets/Product/Texture/Atlas/UiTRPG/UiTRPGIconMaze08.png					
3023082				8	['3024', '26', '2']	Down	第3区域	Assets/Product/Texture/Atlas/UiTRPG/UiTRPGStageBg7011Sp.png	Assets/Product/Texture/Image/UiTRPG/UiTRPGStageBg7013.png	Assets/Product/Texture/Atlas/UiTRPG/UiTRPGIconMaze08.png					
3023091		1		9	['13', '30200031', '400530', '3023031']	Fight	暗影侵蚀	Assets/Product/Texture/Atlas/UiTRPG/UiTRPGStageBg9000Sp.png	Assets/Product/Texture/Image/UiTRPG/UiTRPGStageBg9000.png	Assets/Product/Texture/Atlas/UiTRPG/UiTRPGIconMaze01.png	3023021	在地下空洞的深处，你们被隐藏在黑暗中的感染体与异合生物挡住了去路。你们要做的，只有一直前行。	目前的实力可以迅速解决这场战斗。		
3023092		1		9	['13', '30200032', '400530', '3023031']	Fight	暗影侵蚀	Assets/Product/Texture/Atlas/UiTRPG/UiTRPGStageBg9001Sp.png	Assets/Product/Texture/Image/UiTRPG/UiTRPGStageBg9001.png	Assets/Product/Texture/Atlas/UiTRPG/UiTRPGIconMaze01.png	3023021	在地下空洞的深处，你们被隐藏在黑暗中的感染体与异合生物挡住了去路。你们要做的，只有一直前行。	目前的实力可以迅速解决这场战斗。		
3023093		1		9	['13', '30200031', '400530', '3023031']	Fight	暗影侵蚀	Assets/Product/Texture/Atlas/UiTRPG/UiTRPGStageBg9000Sp.png	Assets/Product/Texture/Image/UiTRPG/UiTRPGStageBg9000.png	Assets/Product/Texture/Atlas/UiTRPG/UiTRPGIconMaze01.png	3023021	在地下空洞的深处，你们被隐藏在黑暗中的感染体与异合生物挡住了去路。你们要做的，只有一直前行。	目前的实力可以迅速解决这场战斗。		
3023094		1		9	['13', '30200032', '400530', '3023031']	Fight	暗影侵蚀	Assets/Product/Texture/Atlas/UiTRPG/UiTRPGStageBg9000Sp.png	Assets/Product/Texture/Image/UiTRPG/UiTRPGStageBg9000.png	Assets/Product/Texture/Atlas/UiTRPG/UiTRPGIconMaze01.png	3023021	在地下空洞的深处，你们被隐藏在黑暗中的感染体与异合生物挡住了去路。你们要做的，只有一直前行。	目前的实力可以迅速解决这场战斗。		
3023095		1		9	['13', '30200031', '400530', '3023031']	Fight	暗影侵蚀	Assets/Product/Texture/Atlas/UiTRPG/UiTRPGStageBg9001Sp.png	Assets/Product/Texture/Image/UiTRPG/UiTRPGStageBg9001.png	Assets/Product/Texture/Atlas/UiTRPG/UiTRPGIconMaze01.png	3023021	在地下空洞的深处，你们被隐藏在黑暗中的感染体与异合生物挡住了去路。你们要做的，只有一直前行。	目前的实力可以迅速解决这场战斗。		
3023096		1		9	['13', '30200032', '400530', '3023031']	Fight	暗影侵蚀	Assets/Product/Texture/Atlas/UiTRPG/UiTRPGStageBg9000Sp.png	Assets/Product/Texture/Image/UiTRPG/UiTRPGStageBg9000.png	Assets/Product/Texture/Atlas/UiTRPG/UiTRPGIconMaze01.png	3023021	在地下空洞的深处，你们被隐藏在黑暗中的感染体与异合生物挡住了去路。你们要做的，只有一直前行。	目前的实力可以迅速解决这场战斗。		
3023097		1		9	['13', '30200031', '400530', '3023031']	Fight	暗影侵蚀	Assets/Product/Texture/Atlas/UiTRPG/UiTRPGStageBg9000Sp.png	Assets/Product/Texture/Image/UiTRPG/UiTRPGStageBg9000.png	Assets/Product/Texture/Atlas/UiTRPG/UiTRPGIconMaze01.png	3023021	在地下空洞的深处，你们被隐藏在黑暗中的感染体与异合生物挡住了去路。你们要做的，只有一直前行。	目前的实力可以迅速解决这场战斗。		
3024011				1		Data corruption	封闭区域	Assets/Product/Texture/Atlas/UiTRPG/UiTRPGStageBg1018Sp.png	Assets/Product/Texture/Image/UiTRPG/UiTRPGStageBg1018.png						
3024012				1		Data corruption	封闭区域	Assets/Product/Texture/Atlas/UiTRPG/UiTRPGStageBg1020Sp.png	Assets/Product/Texture/Image/UiTRPG/UiTRPGStageBg1020.png						
3024021				2		Virtual process	开放区域	Assets/Product/Texture/Atlas/UiTRPG/UiTRPGStageBg2014Sp.png	Assets/Product/Texture/Image/UiTRPG/UiTRPGStageBg2014.png						
3024022				2		Virtual process	开放区域	Assets/Product/Texture/Atlas/UiTRPG/UiTRPGStageBg2015Sp.png	Assets/Product/Texture/Image/UiTRPG/UiTRPGStageBg2015.png						
3024041	1		4	4	['FZ01608BB']	Story	最后的礼物	Assets/Product/Texture/Atlas/UiTRPG/UiTRPGStageBg3037Sp.png	Assets/Product/Texture/Image/UiTRPG/UiTRPGStageBg3037.png	Assets/Product/Texture/Atlas/UiTRPG/UiTRPGIconMaze02_2.png	3024021			1	
3024051	1		2	5	['3024051', '1', '0']	Test	异合群聚	Assets/Product/Texture/Atlas/UiTRPG/UiTRPGStageBg5014Sp.png	Assets/Product/Texture/Image/UiTRPG/UiTRPGStageBg5014.png	Assets/Product/Texture/Atlas/UiTRPG/UiTRPGIconMaze06.png	3024021				
3024052	1		2	5	['3024052', '1', '0']	Test	干扰信号	Assets/Product/Texture/Atlas/UiTRPG/UiTRPGStageBg5014Sp.png	Assets/Product/Texture/Image/UiTRPG/UiTRPGStageBg5014.png	Assets/Product/Texture/Atlas/UiTRPG/UiTRPGIconMaze06.png	3024021				
3024053	1		2	5	['3024053', '1', '0']	Test	异常隔断	Assets/Product/Texture/Atlas/UiTRPG/UiTRPGStageBg5014Sp.png	Assets/Product/Texture/Image/UiTRPG/UiTRPGStageBg5014.png	Assets/Product/Texture/Atlas/UiTRPG/UiTRPGIconMaze06.png	3024021				
3024061	1		1	6	['400502']	Unexpected discovery	残存物资	Assets/Product/Texture/Atlas/UiTRPG/UiTRPGStageBg6000Sp.png	Assets/Product/Texture/Image/UiTRPG/UiTRPGStageBg6000.png	Assets/Product/Texture/Atlas/UiTRPG/UiTRPGIconMaze04.png	3024021				
3024062	1		1	6	['400516']	Unexpected discovery	残存物资	Assets/Product/Texture/Atlas/UiTRPG/UiTRPGStageBg6000Sp.png	Assets/Product/Texture/Image/UiTRPG/UiTRPGStageBg6000.png	Assets/Product/Texture/Atlas/UiTRPG/UiTRPGIconMaze04.png	3024021				
3024063	1		1	6	['400520']	Unexpected discovery	残存物资	Assets/Product/Texture/Atlas/UiTRPG/UiTRPGStageBg6000Sp.png	Assets/Product/Texture/Image/UiTRPG/UiTRPGStageBg6000.png	Assets/Product/Texture/Atlas/UiTRPG/UiTRPGIconMaze04.png	3024021				
3024064	1		1	6	['400502']	Unexpected discovery	残存物资	Assets/Product/Texture/Atlas/UiTRPG/UiTRPGStageBg6000Sp.png	Assets/Product/Texture/Image/UiTRPG/UiTRPGStageBg6000.png	Assets/Product/Texture/Atlas/UiTRPG/UiTRPGIconMaze04.png	3024021				
3024065	1		1	6	['400653']	Unexpected discovery	贵重物资	Assets/Product/Texture/Atlas/UiTRPG/UiTRPGStageBg6001Sp.png	Assets/Product/Texture/Image/UiTRPG/UiTRPGStageBg6001.png	Assets/Product/Texture/Atlas/UiTRPG/UiTRPGIconMaze04.png	3024021				
3024066	1		1	6	['400520']	Unexpected discovery	残存物资	Assets/Product/Texture/Atlas/UiTRPG/UiTRPGStageBg6000Sp.png	Assets/Product/Texture/Image/UiTRPG/UiTRPGStageBg6000.png	Assets/Product/Texture/Atlas/UiTRPG/UiTRPGIconMaze04.png	3024021				
3024071		1		7	['3024021', '200', '3024061', '50', '3024091', '50']	???	随机事件	Assets/Product/Texture/Atlas/UiTRPG/UiTRPGStageBg00Sp.png	Assets/Product/Texture/Image/UiTRPG/UiTRPGStageBg00.png		3024021				
3024072		1		7	['3024021', '200', '3024062', '50', '3024091', '50']	???	随机事件	Assets/Product/Texture/Atlas/UiTRPG/UiTRPGStageBg00Sp.png	Assets/Product/Texture/Image/UiTRPG/UiTRPGStageBg00.png		3024021				
3024073		1		7	['3024021', '200', '3024063', '50', '3024091', '50']	???	随机事件	Assets/Product/Texture/Atlas/UiTRPG/UiTRPGStageBg00Sp.png	Assets/Product/Texture/Image/UiTRPG/UiTRPGStageBg00.png		3024021				
3024074		1		7	['3024021', '200', '3024064', '50', '3024091', '50']	???	随机事件	Assets/Product/Texture/Atlas/UiTRPG/UiTRPGStageBg00Sp.png	Assets/Product/Texture/Image/UiTRPG/UiTRPGStageBg00.png		3024021				
3024075		1		7	['3024021', '200', '3024066', '50', '3024091', '50']	???	随机事件	Assets/Product/Texture/Atlas/UiTRPG/UiTRPGStageBg00Sp.png	Assets/Product/Texture/Image/UiTRPG/UiTRPGStageBg00.png		3024021				
3024081				8	['3023', '24', '1']	Up	第2区域	Assets/Product/Texture/Atlas/UiTRPG/UiTRPGStageBg7010Sp.png	Assets/Product/Texture/Image/UiTRPG/UiTRPGStageBg7012.png	Assets/Product/Texture/Atlas/UiTRPG/UiTRPGIconMaze08.png					
3024091		1		9	['2', '30200032', '400530', '3024031']	Fight	暗影侵蚀	Assets/Product/Texture/Atlas/UiTRPG/UiTRPGStageBg9000Sp.png	Assets/Product/Texture/Image/UiTRPG/UiTRPGStageBg9000.png	Assets/Product/Texture/Atlas/UiTRPG/UiTRPGIconMaze01.png	3024021	在地下空洞的深处，你们被隐藏在黑暗中的感染体与异合生物挡住了去路。你们要做的，只有一直前行。	目前的实力可以迅速解决这场战斗。		
3024092		1		9	['2', '30200031', '400530', '3024031']	Fight	暗影侵蚀	Assets/Product/Texture/Atlas/UiTRPG/UiTRPGStageBg9001Sp.png	Assets/Product/Texture/Image/UiTRPG/UiTRPGStageBg9001.png	Assets/Product/Texture/Atlas/UiTRPG/UiTRPGIconMaze01.png	3024021	在地下空洞的深处，你们被隐藏在黑暗中的感染体与异合生物挡住了去路。你们要做的，只有一直前行。	目前的实力可以迅速解决这场战斗。		
3024093		1		9	['2', '30200032', '400530', '3024031']	Fight	暗影侵蚀	Assets/Product/Texture/Atlas/UiTRPG/UiTRPGStageBg9000Sp.png	Assets/Product/Texture/Image/UiTRPG/UiTRPGStageBg9000.png	Assets/Product/Texture/Atlas/UiTRPG/UiTRPGIconMaze01.png	3024021	在地下空洞的深处，你们被隐藏在黑暗中的感染体与异合生物挡住了去路。你们要做的，只有一直前行。	目前的实力可以迅速解决这场战斗。		
3024094		1		9	['2', '30200031', '400530', '3024031']	Fight	暗影侵蚀	Assets/Product/Texture/Atlas/UiTRPG/UiTRPGStageBg9001Sp.png	Assets/Product/Texture/Image/UiTRPG/UiTRPGStageBg9001.png	Assets/Product/Texture/Atlas/UiTRPG/UiTRPGIconMaze01.png	3024021	在地下空洞的深处，你们被隐藏在黑暗中的感染体与异合生物挡住了去路。你们要做的，只有一直前行。	目前的实力可以迅速解决这场战斗。		
3024095		1		9	['2', '30200032', '400530', '3024031']	Fight	暗影侵蚀	Assets/Product/Texture/Atlas/UiTRPG/UiTRPGStageBg9000Sp.png	Assets/Product/Texture/Image/UiTRPG/UiTRPGStageBg9000.png	Assets/Product/Texture/Atlas/UiTRPG/UiTRPGIconMaze01.png	3024021	在地下空洞的深处，你们被隐藏在黑暗中的感染体与异合生物挡住了去路。你们要做的，只有一直前行。	目前的实力可以迅速解决这场战斗。		
3024096		1		9	['2', '30200031', '400530', '3024031']	Fight	暗影侵蚀	Assets/Product/Texture/Atlas/UiTRPG/UiTRPGStageBg9001Sp.png	Assets/Product/Texture/Image/UiTRPG/UiTRPGStageBg9001.png	Assets/Product/Texture/Atlas/UiTRPG/UiTRPGIconMaze01.png	3024021	在地下空洞的深处，你们被隐藏在黑暗中的感染体与异合生物挡住了去路。你们要做的，只有一直前行。	目前的实力可以迅速解决这场战斗。		
3024097		1		9	['2', '30200032', '400530', '3024031']	Fight	暗影侵蚀	Assets/Product/Texture/Atlas/UiTRPG/UiTRPGStageBg9000Sp.png	Assets/Product/Texture/Image/UiTRPG/UiTRPGStageBg9000.png	Assets/Product/Texture/Atlas/UiTRPG/UiTRPGIconMaze01.png	3024021	在地下空洞的深处，你们被隐藏在黑暗中的感染体与异合生物挡住了去路。你们要做的，只有一直前行。	目前的实力可以迅速解决这场战斗。		
3031011				1		Blockade zone	封闭区域	Assets/Product/Texture/Atlas/UiTRPG/UiTRPGStageBg1020Sp.png	Assets/Product/Texture/Image/UiTRPG/UiTRPGStageBg1020.png						
3031012				1		Blockade zone	封闭区域	Assets/Product/Texture/Atlas/UiTRPG/UiTRPGStageBg1022Sp.png	Assets/Product/Texture/Image/UiTRPG/UiTRPGStageBg1022.png						
3031021				2		Open ground	开放区域	Assets/Product/Texture/Atlas/UiTRPG/UiTRPGStageBg2016Sp.png	Assets/Product/Texture/Image/UiTRPG/UiTRPGStageBg2016.png						
3031022				2		Open ground	开放区域	Assets/Product/Texture/Atlas/UiTRPG/UiTRPGStageBg2017Sp.png	Assets/Product/Texture/Image/UiTRPG/UiTRPGStageBg2017.png						
3031031	1		3	3	['10130123']	Story	问句	Assets/Product/Texture/Atlas/UiTRPG/UiTRPGStageBg3023Sp.png	Assets/Product/Texture/Image/UiTRPG/UiTRPGStageBg3023.png	Assets/Product/Texture/Atlas/UiTRPG/UiTRPGIconMaze02.png	3031021	你真的能——用手中的这把刀，刺穿露娜的心脏？		1	ZX01632EA
3031041	1		3	4	['ZX01631BA']	Story	试探	Assets/Product/Texture/Atlas/UiTRPG/UiTRPGStageBg3022Sp.png	Assets/Product/Texture/Image/UiTRPG/UiTRPGStageBg3022.png	Assets/Product/Texture/Atlas/UiTRPG/UiTRPGIconMaze02.png	3031021			1	
3031051	1		2	5	['3031051', '1', '0']	Test	连接堵塞	Assets/Product/Texture/Atlas/UiTRPG/UiTRPGStageBg5015Sp.png	Assets/Product/Texture/Image/UiTRPG/UiTRPGStageBg5015.png	Assets/Product/Texture/Atlas/UiTRPG/UiTRPGIconMaze06.png	3031021				
3031052		1		5	['3031052', '0', '0']	Trap	垂死挣扎	Assets/Product/Texture/Atlas/UiTRPG/UiTRPGStageBg8000Sp.png	Assets/Product/Texture/Image/UiTRPG/UiTRPGStageBg8000.png	Assets/Product/Texture/Atlas/UiTRPG/UiTRPGIconMaze05.png	3031021				
3031061	1		1	6	['400502']	Reward	残存物资	Assets/Product/Texture/Atlas/UiTRPG/UiTRPGStageBg6000Sp.png	Assets/Product/Texture/Image/UiTRPG/UiTRPGStageBg6000.png	Assets/Product/Texture/Atlas/UiTRPG/UiTRPGIconMaze04.png	3031021				
3031062	1		1	6	['400510']	Reward	残存物资	Assets/Product/Texture/Atlas/UiTRPG/UiTRPGStageBg6000Sp.png	Assets/Product/Texture/Image/UiTRPG/UiTRPGStageBg6000.png	Assets/Product/Texture/Atlas/UiTRPG/UiTRPGIconMaze04.png	3031021				
3031063	1		1	6	['400510']	Reward	残存物资	Assets/Product/Texture/Atlas/UiTRPG/UiTRPGStageBg6000Sp.png	Assets/Product/Texture/Image/UiTRPG/UiTRPGStageBg6000.png	Assets/Product/Texture/Atlas/UiTRPG/UiTRPGIconMaze04.png	3031021				
3031064	1		1	6	['400652']	Reward	贵重物资	Assets/Product/Texture/Atlas/UiTRPG/UiTRPGStageBg6001Sp.png	Assets/Product/Texture/Image/UiTRPG/UiTRPGStageBg6001.png	Assets/Product/Texture/Atlas/UiTRPG/UiTRPGIconMaze04.png	3031021				
3031071		1		7	['3031021', '200', '3031061', '50', '3031091', '50']	???	随机事件	Assets/Product/Texture/Atlas/UiTRPG/UiTRPGStageBg00Sp.png	Assets/Product/Texture/Image/UiTRPG/UiTRPGStageBg00.png		3031021				
3031072		1		7	['3031021', '200', '3031062', '50', '3031091', '50']	???	随机事件	Assets/Product/Texture/Atlas/UiTRPG/UiTRPGStageBg00Sp.png	Assets/Product/Texture/Image/UiTRPG/UiTRPGStageBg00.png		3031021				
3031081				8	['3032', '21', '3']	Down	第2区域	Assets/Product/Texture/Atlas/UiTRPG/UiTRPGStageBg7014Sp.png	Assets/Product/Texture/Image/UiTRPG/UiTRPGStageBg7014.png	Assets/Product/Texture/Atlas/UiTRPG/UiTRPGIconMaze08.png					
3031091		1		9	['13', '30200033', '400530', '3031031']	Fight	暗影侵蚀	Assets/Product/Texture/Atlas/UiTRPG/UiTRPGStageBg9000Sp.png	Assets/Product/Texture/Image/UiTRPG/UiTRPGStageBg9000.png	Assets/Product/Texture/Atlas/UiTRPG/UiTRPGIconMaze01.png	3031021	在地下空洞的深处，你们被隐藏在黑暗中的感染体与异合生物挡住了去路。你们要做的，只有一直前行。	目前的实力可以迅速解决这场战斗。		
3031092		1		9	['13', '30200034', '400530', '3031031']	Fight	暗影侵蚀	Assets/Product/Texture/Atlas/UiTRPG/UiTRPGStageBg9001Sp.png	Assets/Product/Texture/Image/UiTRPG/UiTRPGStageBg9001.png	Assets/Product/Texture/Atlas/UiTRPG/UiTRPGIconMaze01.png	3031021	在地下空洞的深处，你们被隐藏在黑暗中的感染体与异合生物挡住了去路。你们要做的，只有一直前行。	目前的实力可以迅速解决这场战斗。		
3031093		1		9	['13', '30200033', '400530', '3031031']	Fight	暗影侵蚀	Assets/Product/Texture/Atlas/UiTRPG/UiTRPGStageBg9000Sp.png	Assets/Product/Texture/Image/UiTRPG/UiTRPGStageBg9000.png	Assets/Product/Texture/Atlas/UiTRPG/UiTRPGIconMaze01.png	3031021	在地下空洞的深处，你们被隐藏在黑暗中的感染体与异合生物挡住了去路。你们要做的，只有一直前行。	目前的实力可以迅速解决这场战斗。		
3031094		1		9	['13', '30200034', '400530', '3031031']	Fight	暗影侵蚀	Assets/Product/Texture/Atlas/UiTRPG/UiTRPGStageBg9001Sp.png	Assets/Product/Texture/Image/UiTRPG/UiTRPGStageBg9001.png	Assets/Product/Texture/Atlas/UiTRPG/UiTRPGIconMaze01.png	3031021	在地下空洞的深处，你们被隐藏在黑暗中的感染体与异合生物挡住了去路。你们要做的，只有一直前行。	目前的实力可以迅速解决这场战斗。		
3031095		1		9	['13', '30200033', '400530', '3031031']	Fight	暗影侵蚀	Assets/Product/Texture/Atlas/UiTRPG/UiTRPGStageBg9001Sp.png	Assets/Product/Texture/Image/UiTRPG/UiTRPGStageBg9001.png	Assets/Product/Texture/Atlas/UiTRPG/UiTRPGIconMaze01.png	3031021	在地下空洞的深处，你们被隐藏在黑暗中的感染体与异合生物挡住了去路。你们要做的，只有一直前行。	目前的实力可以迅速解决这场战斗。		
3031101				10		Out	离开	Assets/Product/Texture/Atlas/UiTRPG/UiTRPGStageBg7015Sp.png	Assets/Product/Texture/Image/UiTRPG/UiTRPGStageBg7015.png	Assets/Product/Texture/Atlas/UiTRPG/UiTRPGIconMaze09.png					
3032011				1		Blockade zone	封闭区域	Assets/Product/Texture/Atlas/UiTRPG/UiTRPGStageBg1020Sp.png	Assets/Product/Texture/Image/UiTRPG/UiTRPGStageBg1020.png						
3032012				1		Blockade zone	封闭区域	Assets/Product/Texture/Atlas/UiTRPG/UiTRPGStageBg1022Sp.png	Assets/Product/Texture/Image/UiTRPG/UiTRPGStageBg1022.png						
3032021				2		Open ground	开放区域	Assets/Product/Texture/Atlas/UiTRPG/UiTRPGStageBg2016Sp.png	Assets/Product/Texture/Image/UiTRPG/UiTRPGStageBg2016.png						
3032022				2		Open ground	开放区域	Assets/Product/Texture/Atlas/UiTRPG/UiTRPGStageBg2017Sp.png	Assets/Product/Texture/Image/UiTRPG/UiTRPGStageBg2017.png						
3032031	1		3	3	['10130124']	Story	代行者之怒	Assets/Product/Texture/Atlas/UiTRPG/UiTRPGStageBg3024Sp.png	Assets/Product/Texture/Image/UiTRPG/UiTRPGStageBg3024.png	Assets/Product/Texture/Atlas/UiTRPG/UiTRPGIconMaze02.png	3032021	如果这些软弱无力的造物就是你所谓的‘最终计划’……那么我很失望。		1	ZX01633EA
3032041	1		3	4	['ZX01634BA']	Story	报幕人	Assets/Product/Texture/Atlas/UiTRPG/UiTRPGStageBg3025Sp.png	Assets/Product/Texture/Image/UiTRPG/UiTRPGStageBg3025.png	Assets/Product/Texture/Atlas/UiTRPG/UiTRPGIconMaze02.png	3032021			1	
3032051	1		2	5	['3032051', '1', '0']	Over	核心回路	Assets/Product/Texture/Atlas/UiTRPG/UiTRPGStageBg5015Sp.png	Assets/Product/Texture/Image/UiTRPG/UiTRPGStageBg5015.png	Assets/Product/Texture/Atlas/UiTRPG/UiTRPGIconMaze06.png	3032021				
3032052		1		5	['3032052', '0', '0']	Trap	垂死挣扎	Assets/Product/Texture/Atlas/UiTRPG/UiTRPGStageBg8000Sp.png	Assets/Product/Texture/Image/UiTRPG/UiTRPGStageBg8000.png	Assets/Product/Texture/Atlas/UiTRPG/UiTRPGIconMaze05.png	3032021				
3032053		1		5	['3032053', '0', '0']	Trap	突发重灾	Assets/Product/Texture/Atlas/UiTRPG/UiTRPGStageBg8001Sp.png	Assets/Product/Texture/Image/UiTRPG/UiTRPGStageBg8001.png	Assets/Product/Texture/Atlas/UiTRPG/UiTRPGIconMaze05.png	3032021				
3032061	1		1	6	['400502']	Reward	残存物资	Assets/Product/Texture/Atlas/UiTRPG/UiTRPGStageBg6000Sp.png	Assets/Product/Texture/Image/UiTRPG/UiTRPGStageBg6000.png	Assets/Product/Texture/Atlas/UiTRPG/UiTRPGIconMaze04.png	3032021				
3032062	1		1	6	['400510']	Reward	残存物资	Assets/Product/Texture/Atlas/UiTRPG/UiTRPGStageBg6000Sp.png	Assets/Product/Texture/Image/UiTRPG/UiTRPGStageBg6000.png	Assets/Product/Texture/Atlas/UiTRPG/UiTRPGIconMaze04.png	3032021				
3032063	1		1	6	['400510']	Reward	残存物资	Assets/Product/Texture/Atlas/UiTRPG/UiTRPGStageBg6000Sp.png	Assets/Product/Texture/Image/UiTRPG/UiTRPGStageBg6000.png	Assets/Product/Texture/Atlas/UiTRPG/UiTRPGIconMaze04.png	3032021				
3032071		1		7	['3032021', '200', '3032061', '50', '3032091', '50']	???	随机事件	Assets/Product/Texture/Atlas/UiTRPG/UiTRPGStageBg00Sp.png	Assets/Product/Texture/Image/UiTRPG/UiTRPGStageBg00.png		3032021				
3032072		1		7	['3032021', '200', '3032062', '50', '3032091', '50']	???	随机事件	Assets/Product/Texture/Atlas/UiTRPG/UiTRPGStageBg00Sp.png	Assets/Product/Texture/Image/UiTRPG/UiTRPGStageBg00.png		3032021				
3032073		1		7	['3032021', '200', '3032063', '50', '3032091', '50']	???	随机事件	Assets/Product/Texture/Atlas/UiTRPG/UiTRPGStageBg00Sp.png	Assets/Product/Texture/Image/UiTRPG/UiTRPGStageBg00.png		3032021				
3032081				8	['3031', '20', '2']	Up	第1区域	Assets/Product/Texture/Atlas/UiTRPG/UiTRPGStageBg7014Sp.png	Assets/Product/Texture/Image/UiTRPG/UiTRPGStageBg7014.png	Assets/Product/Texture/Atlas/UiTRPG/UiTRPGIconMaze08.png					
3032082				8	['3033', '13', '2']	Down	第3区域	Assets/Product/Texture/Atlas/UiTRPG/UiTRPGStageBg7015Sp.png	Assets/Product/Texture/Image/UiTRPG/UiTRPGStageBg7015.png	Assets/Product/Texture/Atlas/UiTRPG/UiTRPGIconMaze08.png					
3032091		1		9	['14', '30200035', '400530', '3032031']	Fight	暗影侵蚀	Assets/Product/Texture/Atlas/UiTRPG/UiTRPGStageBg9000Sp.png	Assets/Product/Texture/Image/UiTRPG/UiTRPGStageBg9000.png	Assets/Product/Texture/Atlas/UiTRPG/UiTRPGIconMaze01.png	3032021	在地下空洞的深处，你们被隐藏在黑暗中的感染体与异合生物挡住了去路。你们要做的，只有一直前行。	目前的实力可以迅速解决这场战斗。		
3032092		1		9	['14', '30200036', '400530', '3032031']	Fight	暗影侵蚀	Assets/Product/Texture/Atlas/UiTRPG/UiTRPGStageBg9001Sp.png	Assets/Product/Texture/Image/UiTRPG/UiTRPGStageBg9001.png	Assets/Product/Texture/Atlas/UiTRPG/UiTRPGIconMaze01.png	3032021	在地下空洞的深处，你们被隐藏在黑暗中的感染体与异合生物挡住了去路。你们要做的，只有一直前行。	目前的实力可以迅速解决这场战斗。		
3032093		1		9	['14', '30200035', '400530', '3032031']	Fight	暗影侵蚀	Assets/Product/Texture/Atlas/UiTRPG/UiTRPGStageBg9000Sp.png	Assets/Product/Texture/Image/UiTRPG/UiTRPGStageBg9000.png	Assets/Product/Texture/Atlas/UiTRPG/UiTRPGIconMaze01.png	3032021	在地下空洞的深处，你们被隐藏在黑暗中的感染体与异合生物挡住了去路。你们要做的，只有一直前行。	目前的实力可以迅速解决这场战斗。		
3032094		1		9	['14', '30200036', '400530', '3032031']	Fight	暗影侵蚀	Assets/Product/Texture/Atlas/UiTRPG/UiTRPGStageBg9001Sp.png	Assets/Product/Texture/Image/UiTRPG/UiTRPGStageBg9001.png	Assets/Product/Texture/Atlas/UiTRPG/UiTRPGIconMaze01.png	3032021	在地下空洞的深处，你们被隐藏在黑暗中的感染体与异合生物挡住了去路。你们要做的，只有一直前行。	目前的实力可以迅速解决这场战斗。		
3032095		1		9	['14', '30200035', '400530', '3032031']	Fight	暗影侵蚀	Assets/Product/Texture/Atlas/UiTRPG/UiTRPGStageBg9000Sp.png	Assets/Product/Texture/Image/UiTRPG/UiTRPGStageBg9000.png	Assets/Product/Texture/Atlas/UiTRPG/UiTRPGIconMaze01.png	3032021	在地下空洞的深处，你们被隐藏在黑暗中的感染体与异合生物挡住了去路。你们要做的，只有一直前行。	目前的实力可以迅速解决这场战斗。		
3033011				1		Blockade zone	封闭区域	Assets/Product/Texture/Atlas/UiTRPG/UiTRPGStageBg1020Sp.png	Assets/Product/Texture/Image/UiTRPG/UiTRPGStageBg1020.png						
3033012				1		Blockade zone	封闭区域	Assets/Product/Texture/Atlas/UiTRPG/UiTRPGStageBg1022Sp.png	Assets/Product/Texture/Image/UiTRPG/UiTRPGStageBg1022.png						
3033021				2		Open ground	开放区域	Assets/Product/Texture/Atlas/UiTRPG/UiTRPGStageBg2016Sp.png	Assets/Product/Texture/Image/UiTRPG/UiTRPGStageBg2016.png						
3033022				2		Open ground	开放区域	Assets/Product/Texture/Atlas/UiTRPG/UiTRPGStageBg2017Sp.png	Assets/Product/Texture/Image/UiTRPG/UiTRPGStageBg2017.png						
3033041	1		3	4	['ZX01636BA']	Story	华胥虚影	Assets/Product/Texture/Atlas/UiTRPG/UiTRPGStageBg3026Sp.png	Assets/Product/Texture/Image/UiTRPG/UiTRPGStageBg3026.png	Assets/Product/Texture/Atlas/UiTRPG/UiTRPGIconMaze02.png	3033021			1	
3033051	1		2	5	['3033051', '1', '0']	Over	记忆箱庭	Assets/Product/Texture/Atlas/UiTRPG/UiTRPGStageBg5015Sp.png	Assets/Product/Texture/Image/UiTRPG/UiTRPGStageBg5015.png	Assets/Product/Texture/Atlas/UiTRPG/UiTRPGIconMaze06.png	3033021				
3033061	1		1	6	['400502']	Reward	残存物资	Assets/Product/Texture/Atlas/UiTRPG/UiTRPGStageBg6000Sp.png	Assets/Product/Texture/Image/UiTRPG/UiTRPGStageBg6000.png	Assets/Product/Texture/Atlas/UiTRPG/UiTRPGIconMaze04.png	3033021				
3033062	1		1	6	['400510']	Reward	残存物资	Assets/Product/Texture/Atlas/UiTRPG/UiTRPGStageBg6000Sp.png	Assets/Product/Texture/Image/UiTRPG/UiTRPGStageBg6000.png	Assets/Product/Texture/Atlas/UiTRPG/UiTRPGIconMaze04.png	3033021				
3033063	1		1	6	['400653']	Reward	贵重物资	Assets/Product/Texture/Atlas/UiTRPG/UiTRPGStageBg6001Sp.png	Assets/Product/Texture/Image/UiTRPG/UiTRPGStageBg6001.png	Assets/Product/Texture/Atlas/UiTRPG/UiTRPGIconMaze04.png	3031021				
3033071		1		7	['3033021', '200', '3033061', '50', '3033091', '50']	???	随机事件	Assets/Product/Texture/Atlas/UiTRPG/UiTRPGStageBg00Sp.png	Assets/Product/Texture/Image/UiTRPG/UiTRPGStageBg00.png		3033021				
3033072		1		7	['3033021', '200', '3033062', '50', '3033091', '50']	???	随机事件	Assets/Product/Texture/Atlas/UiTRPG/UiTRPGStageBg00Sp.png	Assets/Product/Texture/Image/UiTRPG/UiTRPGStageBg00.png		3033021				
3033081				8	['3032', '20', '4']	Up	第2区域	Assets/Product/Texture/Atlas/UiTRPG/UiTRPGStageBg7014Sp.png	Assets/Product/Texture/Image/UiTRPG/UiTRPGStageBg7014.png	Assets/Product/Texture/Atlas/UiTRPG/UiTRPGIconMaze08.png					
3033082				8	['3034', '24', '2']	Down	第4区域	Assets/Product/Texture/Atlas/UiTRPG/UiTRPGStageBg7015Sp.png	Assets/Product/Texture/Image/UiTRPG/UiTRPGStageBg7015.png	Assets/Product/Texture/Atlas/UiTRPG/UiTRPGIconMaze08.png					
3033091		1		9	['14', '30200037', '400530', '3033031']	Fight-01	暗影侵蚀	Assets/Product/Texture/Atlas/UiTRPG/UiTRPGStageBg9000Sp.png	Assets/Product/Texture/Image/UiTRPG/UiTRPGStageBg9000.png	Assets/Product/Texture/Atlas/UiTRPG/UiTRPGIconMaze01.png	3033021	在地下空洞的深处，你们被隐藏在黑暗中的感染体与异合生物挡住了去路。你们要做的，只有一直前行。	目前的实力可以迅速解决这场战斗。		
3033092		1		9	['14', '30200038', '400530', '3033031']	Fight-02	暗影侵蚀	Assets/Product/Texture/Atlas/UiTRPG/UiTRPGStageBg9001Sp.png	Assets/Product/Texture/Image/UiTRPG/UiTRPGStageBg9001.png	Assets/Product/Texture/Atlas/UiTRPG/UiTRPGIconMaze01.png	3033021	在地下空洞的深处，你们被隐藏在黑暗中的感染体与异合生物挡住了去路。你们要做的，只有一直前行。	目前的实力可以迅速解决这场战斗。		
3033093		1		9	['14', '30200037', '400530', '3033031']	Fight-03	暗影侵蚀	Assets/Product/Texture/Atlas/UiTRPG/UiTRPGStageBg9000Sp.png	Assets/Product/Texture/Image/UiTRPG/UiTRPGStageBg9000.png	Assets/Product/Texture/Atlas/UiTRPG/UiTRPGIconMaze01.png	3033021	在地下空洞的深处，你们被隐藏在黑暗中的感染体与异合生物挡住了去路。你们要做的，只有一直前行。	目前的实力可以迅速解决这场战斗。		
3034011				1		Data corruption	封闭区域	Assets/Product/Texture/Atlas/UiTRPG/UiTRPGStageBg1020Sp.png	Assets/Product/Texture/Image/UiTRPG/UiTRPGStageBg1020.png						
3034012				1		Data corruption	封闭区域	Assets/Product/Texture/Atlas/UiTRPG/UiTRPGStageBg1022Sp.png	Assets/Product/Texture/Image/UiTRPG/UiTRPGStageBg1022.png						
3034021				2		Virtual process	开放区域	Assets/Product/Texture/Atlas/UiTRPG/UiTRPGStageBg2016Sp.png	Assets/Product/Texture/Image/UiTRPG/UiTRPGStageBg2016.png						
3034022				2		Virtual process	开放区域	Assets/Product/Texture/Atlas/UiTRPG/UiTRPGStageBg2017Sp.png	Assets/Product/Texture/Image/UiTRPG/UiTRPGStageBg2017.png						
3034041	1		4	4	['FZ01607BC']	Story	猎物	Assets/Product/Texture/Atlas/UiTRPG/UiTRPGStageBg3037Sp.png	Assets/Product/Texture/Image/UiTRPG/UiTRPGStageBg3037.png	Assets/Product/Texture/Atlas/UiTRPG/UiTRPGIconMaze02_2.png	3034021			1	
3034042	1		4	4	['FZ01607BD']	Story	帷幕之外	Assets/Product/Texture/Atlas/UiTRPG/UiTRPGStageBg3037Sp.png	Assets/Product/Texture/Image/UiTRPG/UiTRPGStageBg3037.png	Assets/Product/Texture/Atlas/UiTRPG/UiTRPGIconMaze02_2.png	3034021			1	
3034051	1		2	5	['3034051', '1', '0']	Test	异合群聚	Assets/Product/Texture/Atlas/UiTRPG/UiTRPGStageBg5015Sp.png	Assets/Product/Texture/Image/UiTRPG/UiTRPGStageBg5015.png	Assets/Product/Texture/Atlas/UiTRPG/UiTRPGIconMaze06.png	3034021				
3034052	1		2	5	['3034052', '1', '0']	Test	干扰信号	Assets/Product/Texture/Atlas/UiTRPG/UiTRPGStageBg5015Sp.png	Assets/Product/Texture/Image/UiTRPG/UiTRPGStageBg5015.png	Assets/Product/Texture/Atlas/UiTRPG/UiTRPGIconMaze06.png	3034021				
3034053	1		2	5	['3034053', '1', '0']	Test	异常隔断	Assets/Product/Texture/Atlas/UiTRPG/UiTRPGStageBg5015Sp.png	Assets/Product/Texture/Image/UiTRPG/UiTRPGStageBg5015.png	Assets/Product/Texture/Atlas/UiTRPG/UiTRPGIconMaze06.png	3034021				
3034054	1		2	5	['3034053', '1', '0']	Test	异合群聚	Assets/Product/Texture/Atlas/UiTRPG/UiTRPGStageBg5015Sp.png	Assets/Product/Texture/Image/UiTRPG/UiTRPGStageBg5015.png	Assets/Product/Texture/Atlas/UiTRPG/UiTRPGIconMaze06.png	3034021				
3034061	1		1	6	['400509']	Reward	残存物资	Assets/Product/Texture/Atlas/UiTRPG/UiTRPGStageBg6000Sp.png	Assets/Product/Texture/Image/UiTRPG/UiTRPGStageBg6000.png	Assets/Product/Texture/Atlas/UiTRPG/UiTRPGIconMaze04.png	3034021				
3034062	1		1	6	['400517']	Reward	残存物资	Assets/Product/Texture/Atlas/UiTRPG/UiTRPGStageBg6000Sp.png	Assets/Product/Texture/Image/UiTRPG/UiTRPGStageBg6000.png	Assets/Product/Texture/Atlas/UiTRPG/UiTRPGIconMaze04.png	3034021				
3034063	1		1	6	['400502']	Reward	残存物资	Assets/Product/Texture/Atlas/UiTRPG/UiTRPGStageBg6000Sp.png	Assets/Product/Texture/Image/UiTRPG/UiTRPGStageBg6000.png	Assets/Product/Texture/Atlas/UiTRPG/UiTRPGIconMaze04.png	3034021				
3034064	1		1	6	['400516']	Reward	残存物资	Assets/Product/Texture/Atlas/UiTRPG/UiTRPGStageBg6000Sp.png	Assets/Product/Texture/Image/UiTRPG/UiTRPGStageBg6000.png	Assets/Product/Texture/Atlas/UiTRPG/UiTRPGIconMaze04.png	3034021				
3034065	1		1	6	['400520']	Reward	残存物资	Assets/Product/Texture/Atlas/UiTRPG/UiTRPGStageBg6000Sp.png	Assets/Product/Texture/Image/UiTRPG/UiTRPGStageBg6000.png	Assets/Product/Texture/Atlas/UiTRPG/UiTRPGIconMaze04.png	3034021				
3034066	1		1	6	['400502']	Reward	残存物资	Assets/Product/Texture/Atlas/UiTRPG/UiTRPGStageBg6000Sp.png	Assets/Product/Texture/Image/UiTRPG/UiTRPGStageBg6000.png	Assets/Product/Texture/Atlas/UiTRPG/UiTRPGIconMaze04.png	3034021				
3034067	1		1	6	['400503']	Reward	残存物资	Assets/Product/Texture/Atlas/UiTRPG/UiTRPGStageBg6000Sp.png	Assets/Product/Texture/Image/UiTRPG/UiTRPGStageBg6000.png	Assets/Product/Texture/Atlas/UiTRPG/UiTRPGIconMaze04.png	3034021				
3034071		1		7	['3034021', '200', '3034061', '50', '3034091', '50']	???	随机事件	Assets/Product/Texture/Atlas/UiTRPG/UiTRPGStageBg00Sp.png	Assets/Product/Texture/Image/UiTRPG/UiTRPGStageBg00.png		3034021				
3034072		1		7	['3034021', '200', '3034062', '50', '3034091', '50']	???	随机事件	Assets/Product/Texture/Atlas/UiTRPG/UiTRPGStageBg00Sp.png	Assets/Product/Texture/Image/UiTRPG/UiTRPGStageBg00.png		3034021				
3034073		1		7	['3034021', '200', '3034063', '50', '3034091', '50']	???	随机事件	Assets/Product/Texture/Atlas/UiTRPG/UiTRPGStageBg00Sp.png	Assets/Product/Texture/Image/UiTRPG/UiTRPGStageBg00.png		3034021				
3034074		1		7	['3034021', '200', '3034064', '50', '3034091', '50']	???	随机事件	Assets/Product/Texture/Atlas/UiTRPG/UiTRPGStageBg00Sp.png	Assets/Product/Texture/Image/UiTRPG/UiTRPGStageBg00.png		3034021				
3034075		1		7	['3034021', '200', '3034061', '50', '3034091', '50']	???	随机事件	Assets/Product/Texture/Atlas/UiTRPG/UiTRPGStageBg00Sp.png	Assets/Product/Texture/Image/UiTRPG/UiTRPGStageBg00.png		3034021				
3034076		1		7	['3034021', '200', '3034062', '50', '3034091', '50']	???	随机事件	Assets/Product/Texture/Atlas/UiTRPG/UiTRPGStageBg00Sp.png	Assets/Product/Texture/Image/UiTRPG/UiTRPGStageBg00.png		3034021				
3034077		1		7	['3034021', '200', '3034063', '50', '3034091', '50']	???	随机事件	Assets/Product/Texture/Atlas/UiTRPG/UiTRPGStageBg00Sp.png	Assets/Product/Texture/Image/UiTRPG/UiTRPGStageBg00.png		3034021				
3034078		1		7	['3034021', '200', '3034064', '50', '3034091', '50']	???	随机事件	Assets/Product/Texture/Atlas/UiTRPG/UiTRPGStageBg00Sp.png	Assets/Product/Texture/Image/UiTRPG/UiTRPGStageBg00.png		3034021				
3034081				8	['3033', '12', '1']	Up	第3区域	Assets/Product/Texture/Atlas/UiTRPG/UiTRPGStageBg7000Sp.png	Assets/Product/Texture/Image/UiTRPG/UiTRPGStageBg7014.png	Assets/Product/Texture/Atlas/UiTRPG/UiTRPGIconMaze08.png					
3034091		1		9	['7', '30200037', '400530', '3034031']	Fight-01	暗影侵蚀	Assets/Product/Texture/Atlas/UiTRPG/UiTRPGStageBg9000Sp.png	Assets/Product/Texture/Image/UiTRPG/UiTRPGStageBg9000.png	Assets/Product/Texture/Atlas/UiTRPG/UiTRPGIconMaze01.png	3034021	在地下空洞的深处，你们被隐藏在黑暗中的感染体与异合生物挡住了去路。你们要做的，只有一直前行。	目前的实力可以迅速解决这场战斗。		
3034092		1		9	['7', '30200038', '400530', '3034031']	Fight-02	暗影侵蚀	Assets/Product/Texture/Atlas/UiTRPG/UiTRPGStageBg9001Sp.png	Assets/Product/Texture/Image/UiTRPG/UiTRPGStageBg9001.png	Assets/Product/Texture/Atlas/UiTRPG/UiTRPGIconMaze01.png	3034021	在地下空洞的深处，你们被隐藏在黑暗中的感染体与异合生物挡住了去路。你们要做的，只有一直前行。	目前的实力可以迅速解决这场战斗。		
3034093		1		9	['7', '30200037', '400530', '3034031']	Fight-03	暗影侵蚀	Assets/Product/Texture/Atlas/UiTRPG/UiTRPGStageBg9000Sp.png	Assets/Product/Texture/Image/UiTRPG/UiTRPGStageBg9000.png	Assets/Product/Texture/Atlas/UiTRPG/UiTRPGIconMaze01.png	3034021	在地下空洞的深处，你们被隐藏在黑暗中的感染体与异合生物挡住了去路。你们要做的，只有一直前行。	目前的实力可以迅速解决这场战斗。		
3034094		1		9	['7', '30200038', '400530', '3034031']	Fight-04	暗影侵蚀	Assets/Product/Texture/Atlas/UiTRPG/UiTRPGStageBg9001Sp.png	Assets/Product/Texture/Image/UiTRPG/UiTRPGStageBg9001.png	Assets/Product/Texture/Atlas/UiTRPG/UiTRPGIconMaze01.png	3034021	在地下空洞的深处，你们被隐藏在黑暗中的感染体与异合生物挡住了去路。你们要做的，只有一直前行。	目前的实力可以迅速解决这场战斗。		
3034095		1		9	['7', '30200037', '400530', '3034031']	Fight-05	暗影侵蚀	Assets/Product/Texture/Atlas/UiTRPG/UiTRPGStageBg9000Sp.png	Assets/Product/Texture/Image/UiTRPG/UiTRPGStageBg9000.png	Assets/Product/Texture/Atlas/UiTRPG/UiTRPGIconMaze01.png	3034021	在地下空洞的深处，你们被隐藏在黑暗中的感染体与异合生物挡住了去路。你们要做的，只有一直前行。	目前的实力可以迅速解决这场战斗。		
3034096		1		9	['7', '30200038', '400530', '3034031']	Fight-06	暗影侵蚀	Assets/Product/Texture/Atlas/UiTRPG/UiTRPGStageBg9001Sp.png	Assets/Product/Texture/Image/UiTRPG/UiTRPGStageBg9001.png	Assets/Product/Texture/Atlas/UiTRPG/UiTRPGIconMaze01.png	3034021	在地下空洞的深处，你们被隐藏在黑暗中的感染体与异合生物挡住了去路。你们要做的，只有一直前行。	目前的实力可以迅速解决这场战斗。		
3034097		1		9	['7', '30200037', '400530', '3034031']	Fight-07	暗影侵蚀	Assets/Product/Texture/Atlas/UiTRPG/UiTRPGStageBg9000Sp.png	Assets/Product/Texture/Image/UiTRPG/UiTRPGStageBg9000.png	Assets/Product/Texture/Atlas/UiTRPG/UiTRPGIconMaze01.png	3034021	在地下空洞的深处，你们被隐藏在黑暗中的感染体与异合生物挡住了去路。你们要做的，只有一直前行。	目前的实力可以迅速解决这场战斗。		
3034098		1		9	['7', '30200038', '400530', '3034031']	Fight-08	暗影侵蚀	Assets/Product/Texture/Atlas/UiTRPG/UiTRPGStageBg9001Sp.png	Assets/Product/Texture/Image/UiTRPG/UiTRPGStageBg9001.png	Assets/Product/Texture/Atlas/UiTRPG/UiTRPGIconMaze01.png	3034021	在地下空洞的深处，你们被隐藏在黑暗中的感染体与异合生物挡住了去路。你们要做的，只有一直前行。	目前的实力可以迅速解决这场战斗。		
3034099		1		9	['7', '30200037', '400530', '3034031']	Fight-09	暗影侵蚀	Assets/Product/Texture/Atlas/UiTRPG/UiTRPGStageBg9000Sp.png	Assets/Product/Texture/Image/UiTRPG/UiTRPGStageBg9000.png	Assets/Product/Texture/Atlas/UiTRPG/UiTRPGIconMaze01.png	3034021	在地下空洞的深处，你们被隐藏在黑暗中的感染体与异合生物挡住了去路。你们要做的，只有一直前行。	目前的实力可以迅速解决这场战斗。		
3041011				1		Blockade zone	封闭区域	Assets/Product/Texture/Atlas/UiTRPG/UiTRPGStageBg1018Sp.png	Assets/Product/Texture/Image/UiTRPG/UiTRPGStageBg1018.png						
3041012				1		Blockade zone	封闭区域	Assets/Product/Texture/Atlas/UiTRPG/UiTRPGStageBg1020Sp.png	Assets/Product/Texture/Image/UiTRPG/UiTRPGStageBg1020.png						
3041021				2		Open ground	开放区域	Assets/Product/Texture/Atlas/UiTRPG/UiTRPGStageBg2018Sp.png	Assets/Product/Texture/Image/UiTRPG/UiTRPGStageBg2018.png						
3041022				2		Open ground	开放区域	Assets/Product/Texture/Atlas/UiTRPG/UiTRPGStageBg2019Sp.png	Assets/Product/Texture/Image/UiTRPG/UiTRPGStageBg2019.png						
3041041	1		3	5	['3041041', '1', '0']	Story	造访者	Assets/Product/Texture/Atlas/UiTRPG/UiTRPGStageBg5016Sp.png	Assets/Product/Texture/Image/UiTRPG/UiTRPGStageBg5016.png	Assets/Product/Texture/Atlas/UiTRPG/UiTRPGIconMaze02.png	3041021				
3041042	1		3	4	['ZX01638BA']	Story	真红决意	Assets/Product/Texture/Atlas/UiTRPG/UiTRPGStageBg3027Sp.png	Assets/Product/Texture/Image/UiTRPG/UiTRPGStageBg3027.png	Assets/Product/Texture/Atlas/UiTRPG/UiTRPGIconMaze02.png	3041021			1	
3041051	1		2	5	['3041051', '1', '0']	Over	战斗意志	Assets/Product/Texture/Atlas/UiTRPG/UiTRPGStageBg5016Sp.png	Assets/Product/Texture/Image/UiTRPG/UiTRPGStageBg5016.png	Assets/Product/Texture/Atlas/UiTRPG/UiTRPGIconMaze06.png	3041021				
3041052		1		5	['3041052', '0', '0']	Trap	突发故障	Assets/Product/Texture/Atlas/UiTRPG/UiTRPGStageBg8000Sp.png	Assets/Product/Texture/Image/UiTRPG/UiTRPGStageBg8000.png	Assets/Product/Texture/Atlas/UiTRPG/UiTRPGIconMaze05.png	3041021				
3041053		1		5	['3041053', '0', '0']	Trap	垂死挣扎	Assets/Product/Texture/Atlas/UiTRPG/UiTRPGStageBg8001Sp.png	Assets/Product/Texture/Image/UiTRPG/UiTRPGStageBg8001.png	Assets/Product/Texture/Atlas/UiTRPG/UiTRPGIconMaze05.png	3041021				
3041061	1		1	6	['400502']	Reward	残存物资	Assets/Product/Texture/Atlas/UiTRPG/UiTRPGStageBg6000Sp.png	Assets/Product/Texture/Image/UiTRPG/UiTRPGStageBg6000.png	Assets/Product/Texture/Atlas/UiTRPG/UiTRPGIconMaze04.png	3041021				
3041062	1		1	6	['400510']	Reward	残存物资	Assets/Product/Texture/Atlas/UiTRPG/UiTRPGStageBg6000Sp.png	Assets/Product/Texture/Image/UiTRPG/UiTRPGStageBg6000.png	Assets/Product/Texture/Atlas/UiTRPG/UiTRPGIconMaze04.png	3041021				
3041063	1		1	6	['400510']	Reward	残存物资	Assets/Product/Texture/Atlas/UiTRPG/UiTRPGStageBg6000Sp.png	Assets/Product/Texture/Image/UiTRPG/UiTRPGStageBg6000.png	Assets/Product/Texture/Atlas/UiTRPG/UiTRPGIconMaze04.png	3041021				
3041064	1		1	6	['400510']	Reward	残存物资	Assets/Product/Texture/Atlas/UiTRPG/UiTRPGStageBg6000Sp.png	Assets/Product/Texture/Image/UiTRPG/UiTRPGStageBg6000.png	Assets/Product/Texture/Atlas/UiTRPG/UiTRPGIconMaze04.png	3041021				
3041071		1		7	['3041021', '200', '3041061', '50', '3041091', '50']	???	随机事件	Assets/Product/Texture/Atlas/UiTRPG/UiTRPGStageBg00Sp.png	Assets/Product/Texture/Image/UiTRPG/UiTRPGStageBg00.png		3041021				
3041072		1		7	['3041021', '200', '3041062', '50', '3041091', '50']	???	随机事件	Assets/Product/Texture/Atlas/UiTRPG/UiTRPGStageBg00Sp.png	Assets/Product/Texture/Image/UiTRPG/UiTRPGStageBg00.png		3041021				
3041073		1		7	['3041021', '200', '3041063', '50', '3041091', '50']	???	随机事件	Assets/Product/Texture/Atlas/UiTRPG/UiTRPGStageBg00Sp.png	Assets/Product/Texture/Image/UiTRPG/UiTRPGStageBg00.png		3041021				
3041074		1		7	['3041021', '200', '3041064', '50', '3041091', '50']	???	随机事件	Assets/Product/Texture/Atlas/UiTRPG/UiTRPGStageBg00Sp.png	Assets/Product/Texture/Image/UiTRPG/UiTRPGStageBg00.png		3041021				
3041075		1		7	['3041021', '200', '3041061', '50', '3041091', '50']	???	随机事件	Assets/Product/Texture/Atlas/UiTRPG/UiTRPGStageBg00Sp.png	Assets/Product/Texture/Image/UiTRPG/UiTRPGStageBg00.png		3041021				
3041081				8	['3042', '20', '2']	Down	核心区-动力室	Assets/Product/Texture/Atlas/UiTRPG/UiTRPGStageBg7016Sp.png	Assets/Product/Texture/Image/UiTRPG/UiTRPGStageBg7016.png	Assets/Product/Texture/Atlas/UiTRPG/UiTRPGIconMaze08.png					
3041091		1		9	['14', '30200039', '400530', '3041031']	Fight	暗影侵蚀	Assets/Product/Texture/Atlas/UiTRPG/UiTRPGStageBg9000Sp.png	Assets/Product/Texture/Image/UiTRPG/UiTRPGStageBg9000.png	Assets/Product/Texture/Atlas/UiTRPG/UiTRPGIconMaze01.png	3041021	在地下空洞的深处，你们被隐藏在黑暗中的感染体与异合生物挡住了去路。你们要做的，只有一直前行。	目前的实力可以迅速解决这场战斗。		
3041092		1		9	['14', '30200040', '400530', '3041031']	Fight	暗影侵蚀	Assets/Product/Texture/Atlas/UiTRPG/UiTRPGStageBg9001Sp.png	Assets/Product/Texture/Image/UiTRPG/UiTRPGStageBg9001.png	Assets/Product/Texture/Atlas/UiTRPG/UiTRPGIconMaze01.png	3041021	在地下空洞的深处，你们被隐藏在黑暗中的感染体与异合生物挡住了去路。你们要做的，只有一直前行。	目前的实力可以迅速解决这场战斗。		
3041093		1		9	['14', '30200039', '400530', '3041031']	Fight	暗影侵蚀	Assets/Product/Texture/Atlas/UiTRPG/UiTRPGStageBg9000Sp.png	Assets/Product/Texture/Image/UiTRPG/UiTRPGStageBg9000.png	Assets/Product/Texture/Atlas/UiTRPG/UiTRPGIconMaze01.png	3041021	在地下空洞的深处，你们被隐藏在黑暗中的感染体与异合生物挡住了去路。你们要做的，只有一直前行。	目前的实力可以迅速解决这场战斗。		
3041094		1		9	['14', '30200040', '400530', '3041031']	Fight	暗影侵蚀	Assets/Product/Texture/Atlas/UiTRPG/UiTRPGStageBg9001Sp.png	Assets/Product/Texture/Image/UiTRPG/UiTRPGStageBg9001.png	Assets/Product/Texture/Atlas/UiTRPG/UiTRPGIconMaze01.png	3041021	在地下空洞的深处，你们被隐藏在黑暗中的感染体与异合生物挡住了去路。你们要做的，只有一直前行。	目前的实力可以迅速解决这场战斗。		
3041095		1		9	['14', '30200039', '400530', '3041031']	Fight	暗影侵蚀	Assets/Product/Texture/Atlas/UiTRPG/UiTRPGStageBg9000Sp.png	Assets/Product/Texture/Image/UiTRPG/UiTRPGStageBg9000.png	Assets/Product/Texture/Atlas/UiTRPG/UiTRPGIconMaze01.png	3041021	在地下空洞的深处，你们被隐藏在黑暗中的感染体与异合生物挡住了去路。你们要做的，只有一直前行。	目前的实力可以迅速解决这场战斗。		
3041096		1		9	['14', '30200040', '400530', '3041031']	Fight	暗影侵蚀	Assets/Product/Texture/Atlas/UiTRPG/UiTRPGStageBg9001Sp.png	Assets/Product/Texture/Image/UiTRPG/UiTRPGStageBg9001.png	Assets/Product/Texture/Atlas/UiTRPG/UiTRPGIconMaze01.png	3041021	在地下空洞的深处，你们被隐藏在黑暗中的感染体与异合生物挡住了去路。你们要做的，只有一直前行。	目前的实力可以迅速解决这场战斗。		
3041097		1		9	['14', '30200039', '400530', '3041031']	Fight	暗影侵蚀	Assets/Product/Texture/Atlas/UiTRPG/UiTRPGStageBg9001Sp.png	Assets/Product/Texture/Image/UiTRPG/UiTRPGStageBg9001.png	Assets/Product/Texture/Atlas/UiTRPG/UiTRPGIconMaze01.png	3041021	在地下空洞的深处，你们被隐藏在黑暗中的感染体与异合生物挡住了去路。你们要做的，只有一直前行。	目前的实力可以迅速解决这场战斗。		
3041101				10		Out	离开	Assets/Product/Texture/Atlas/UiTRPG/UiTRPGStageBg7017Sp.png	Assets/Product/Texture/Image/UiTRPG/UiTRPGStageBg7017.png	Assets/Product/Texture/Atlas/UiTRPG/UiTRPGIconMaze09.png					
3042011				1		Blockade zone	封闭区域	Assets/Product/Texture/Atlas/UiTRPG/UiTRPGStageBg1018Sp.png	Assets/Product/Texture/Image/UiTRPG/UiTRPGStageBg1018.png						
3042012				1		Blockade zone	封闭区域	Assets/Product/Texture/Atlas/UiTRPG/UiTRPGStageBg1020Sp.png	Assets/Product/Texture/Image/UiTRPG/UiTRPGStageBg1020.png						
3042021				2		Open ground	开放区域	Assets/Product/Texture/Atlas/UiTRPG/UiTRPGStageBg2018Sp.png	Assets/Product/Texture/Image/UiTRPG/UiTRPGStageBg2018.png						
3042022				2		Open ground	开放区域	Assets/Product/Texture/Atlas/UiTRPG/UiTRPGStageBg2019Sp.png	Assets/Product/Texture/Image/UiTRPG/UiTRPGStageBg2019.png						
3042041	1		3	4	['ZX01645BA']	Story	迈向未来	Assets/Product/Texture/Atlas/UiTRPG/UiTRPGStageBg3028Sp.png	Assets/Product/Texture/Image/UiTRPG/UiTRPGStageBg3028.png	Assets/Product/Texture/Atlas/UiTRPG/UiTRPGIconMaze02.png	3042021			1	
3042042	1		4	4	['FZ01607BA']	Story	蔓延	Assets/Product/Texture/Atlas/UiTRPG/UiTRPGStageBg3037Sp.png	Assets/Product/Texture/Image/UiTRPG/UiTRPGStageBg3037.png	Assets/Product/Texture/Atlas/UiTRPG/UiTRPGIconMaze02_2.png	3042021			1	
3042051		1		5	['3042051', '0', '0']	Trap	垂死挣扎	Assets/Product/Texture/Atlas/UiTRPG/UiTRPGStageBg8000Sp.png	Assets/Product/Texture/Image/UiTRPG/UiTRPGStageBg8000.png	Assets/Product/Texture/Atlas/UiTRPG/UiTRPGIconMaze05.png	3042021				
3042052	1		2	5	['3042052', '1', '0']	Test	异常隔断	Assets/Product/Texture/Atlas/UiTRPG/UiTRPGStageBg5016Sp.png	Assets/Product/Texture/Image/UiTRPG/UiTRPGStageBg5016.png	Assets/Product/Texture/Atlas/UiTRPG/UiTRPGIconMaze06.png	3042021				
3042061	1		1	6	['400502']	Reward	残存物资	Assets/Product/Texture/Atlas/UiTRPG/UiTRPGStageBg6000Sp.png	Assets/Product/Texture/Image/UiTRPG/UiTRPGStageBg6000.png	Assets/Product/Texture/Atlas/UiTRPG/UiTRPGIconMaze04.png	3042021				
3042062	1		1	6	['400510']	Reward	残存物资	Assets/Product/Texture/Atlas/UiTRPG/UiTRPGStageBg6000Sp.png	Assets/Product/Texture/Image/UiTRPG/UiTRPGStageBg6000.png	Assets/Product/Texture/Atlas/UiTRPG/UiTRPGIconMaze04.png	3042021				
3042063	1		1	6	['400510']	Reward	残存物资	Assets/Product/Texture/Atlas/UiTRPG/UiTRPGStageBg6000Sp.png	Assets/Product/Texture/Image/UiTRPG/UiTRPGStageBg6000.png	Assets/Product/Texture/Atlas/UiTRPG/UiTRPGIconMaze04.png	3042021				
3042064	1		1	6	['400510']	Reward	残存物资	Assets/Product/Texture/Atlas/UiTRPG/UiTRPGStageBg6000Sp.png	Assets/Product/Texture/Image/UiTRPG/UiTRPGStageBg6000.png	Assets/Product/Texture/Atlas/UiTRPG/UiTRPGIconMaze04.png	3042021				
3042065	1		1	6	['400510']	Reward	残存物资	Assets/Product/Texture/Atlas/UiTRPG/UiTRPGStageBg6000Sp.png	Assets/Product/Texture/Image/UiTRPG/UiTRPGStageBg6000.png	Assets/Product/Texture/Atlas/UiTRPG/UiTRPGIconMaze04.png	3042021				
3042066	1		1	6	['400510']	Reward	残存物资	Assets/Product/Texture/Atlas/UiTRPG/UiTRPGStageBg6000Sp.png	Assets/Product/Texture/Image/UiTRPG/UiTRPGStageBg6000.png	Assets/Product/Texture/Atlas/UiTRPG/UiTRPGIconMaze04.png	3042021				
3042067	1		1	6	['400652']	Reward	贵重物资	Assets/Product/Texture/Atlas/UiTRPG/UiTRPGStageBg6001Sp.png	Assets/Product/Texture/Image/UiTRPG/UiTRPGStageBg6001.png	Assets/Product/Texture/Atlas/UiTRPG/UiTRPGIconMaze04.png	3042021				
3042071		1		7	['3042021', '200', '3042061', '50', '3042091', '50']	???	随机事件	Assets/Product/Texture/Atlas/UiTRPG/UiTRPGStageBg00Sp.png	Assets/Product/Texture/Image/UiTRPG/UiTRPGStageBg00.png		3042021				
3042072		1		7	['3042021', '200', '3042062', '50', '3042091', '50']	???	随机事件	Assets/Product/Texture/Atlas/UiTRPG/UiTRPGStageBg00Sp.png	Assets/Product/Texture/Image/UiTRPG/UiTRPGStageBg00.png		3042021				
3042073		1		7	['3042021', '200', '3042063', '50', '3042091', '50']	???	随机事件	Assets/Product/Texture/Atlas/UiTRPG/UiTRPGStageBg00Sp.png	Assets/Product/Texture/Image/UiTRPG/UiTRPGStageBg00.png		3042021				
3042074		1		7	['3042021', '200', '3042064', '50', '3042091', '50']	???	随机事件	Assets/Product/Texture/Atlas/UiTRPG/UiTRPGStageBg00Sp.png	Assets/Product/Texture/Image/UiTRPG/UiTRPGStageBg00.png		3042021				
3042081				8	['3041', '21', '5']	Up	核心区-升降梯	Assets/Product/Texture/Atlas/UiTRPG/UiTRPGStageBg7016Sp.png	Assets/Product/Texture/Image/UiTRPG/UiTRPGStageBg7016.png	Assets/Product/Texture/Atlas/UiTRPG/UiTRPGIconMaze08.png					
3042082				8	['3043', '26', '6']	Down	核心区-控制中枢	Assets/Product/Texture/Atlas/UiTRPG/UiTRPGStageBg7017Sp.png	Assets/Product/Texture/Image/UiTRPG/UiTRPGStageBg7017.png	Assets/Product/Texture/Atlas/UiTRPG/UiTRPGIconMaze08.png					
3042091		1		9	['15', '30200041', '400530', '3042031']	Fight	暗影侵蚀	Assets/Product/Texture/Atlas/UiTRPG/UiTRPGStageBg9000Sp.png	Assets/Product/Texture/Image/UiTRPG/UiTRPGStageBg9000.png	Assets/Product/Texture/Atlas/UiTRPG/UiTRPGIconMaze01.png	3042021	在地下空洞的深处，你们被隐藏在黑暗中的感染体与异合生物挡住了去路。你们要做的，只有一直前行。	目前的实力可以迅速解决这场战斗。		
3042092		1		9	['15', '30200042', '400530', '3042031']	Fight	暗影侵蚀	Assets/Product/Texture/Atlas/UiTRPG/UiTRPGStageBg9001Sp.png	Assets/Product/Texture/Image/UiTRPG/UiTRPGStageBg9001.png	Assets/Product/Texture/Atlas/UiTRPG/UiTRPGIconMaze01.png	3042021	在地下空洞的深处，你们被隐藏在黑暗中的感染体与异合生物挡住了去路。你们要做的，只有一直前行。	目前的实力可以迅速解决这场战斗。		
3042093		1		9	['15', '30200041', '400530', '3042031']	Fight	暗影侵蚀	Assets/Product/Texture/Atlas/UiTRPG/UiTRPGStageBg9000Sp.png	Assets/Product/Texture/Image/UiTRPG/UiTRPGStageBg9000.png	Assets/Product/Texture/Atlas/UiTRPG/UiTRPGIconMaze01.png	3042021	在地下空洞的深处，你们被隐藏在黑暗中的感染体与异合生物挡住了去路。你们要做的，只有一直前行。	目前的实力可以迅速解决这场战斗。		
3042094		1		9	['15', '30200042', '400530', '3042031']	Fight	暗影侵蚀	Assets/Product/Texture/Atlas/UiTRPG/UiTRPGStageBg9001Sp.png	Assets/Product/Texture/Image/UiTRPG/UiTRPGStageBg9001.png	Assets/Product/Texture/Atlas/UiTRPG/UiTRPGIconMaze01.png	3042021	在地下空洞的深处，你们被隐藏在黑暗中的感染体与异合生物挡住了去路。你们要做的，只有一直前行。	目前的实力可以迅速解决这场战斗。		
3042095		1		9	['15', '30200041', '400530', '3042031']	Fight	暗影侵蚀	Assets/Product/Texture/Atlas/UiTRPG/UiTRPGStageBg9000Sp.png	Assets/Product/Texture/Image/UiTRPG/UiTRPGStageBg9000.png	Assets/Product/Texture/Atlas/UiTRPG/UiTRPGIconMaze01.png	3042021	在地下空洞的深处，你们被隐藏在黑暗中的感染体与异合生物挡住了去路。你们要做的，只有一直前行。	目前的实力可以迅速解决这场战斗。		
3042096		1		9	['15', '30200042', '400530', '3042031']	Fight	暗影侵蚀	Assets/Product/Texture/Atlas/UiTRPG/UiTRPGStageBg9001Sp.png	Assets/Product/Texture/Image/UiTRPG/UiTRPGStageBg9001.png	Assets/Product/Texture/Atlas/UiTRPG/UiTRPGIconMaze01.png	3042021	在地下空洞的深处，你们被隐藏在黑暗中的感染体与异合生物挡住了去路。你们要做的，只有一直前行。	目前的实力可以迅速解决这场战斗。		
3043011				1		Data corruption	封闭区域	Assets/Product/Texture/Atlas/UiTRPG/UiTRPGStageBg1018Sp.png	Assets/Product/Texture/Image/UiTRPG/UiTRPGStageBg1018.png						
3043012				1		Data corruption	封闭区域	Assets/Product/Texture/Atlas/UiTRPG/UiTRPGStageBg1020Sp.png	Assets/Product/Texture/Image/UiTRPG/UiTRPGStageBg1020.png						
3043021				2		Virtual process	开放区域	Assets/Product/Texture/Atlas/UiTRPG/UiTRPGStageBg2018Sp.png	Assets/Product/Texture/Image/UiTRPG/UiTRPGStageBg2018.png						
3043022				2		Virtual process	开放区域	Assets/Product/Texture/Atlas/UiTRPG/UiTRPGStageBg2019Sp.png	Assets/Product/Texture/Image/UiTRPG/UiTRPGStageBg2019.png						
3043041	1		4	4	['FZ01607BB']	Story	涨潮	Assets/Product/Texture/Atlas/UiTRPG/UiTRPGStageBg3037Sp.png	Assets/Product/Texture/Image/UiTRPG/UiTRPGStageBg3037.png	Assets/Product/Texture/Atlas/UiTRPG/UiTRPGIconMaze02_2.png	3043021			1	
3043051	1		2	5	['3043051', '1', '0']	Test	异合群聚	Assets/Product/Texture/Atlas/UiTRPG/UiTRPGStageBg5016Sp.png	Assets/Product/Texture/Image/UiTRPG/UiTRPGStageBg5016.png	Assets/Product/Texture/Atlas/UiTRPG/UiTRPGIconMaze06.png	3043021				
3043052	1		2	5	['3043052', '1', '0']	Test	干扰信号	Assets/Product/Texture/Atlas/UiTRPG/UiTRPGStageBg5016Sp.png	Assets/Product/Texture/Image/UiTRPG/UiTRPGStageBg5016.png	Assets/Product/Texture/Atlas/UiTRPG/UiTRPGIconMaze06.png	3043021				
3043053	1		2	5	['3043053', '1', '0']	Test	异常隔断	Assets/Product/Texture/Atlas/UiTRPG/UiTRPGStageBg5016Sp.png	Assets/Product/Texture/Image/UiTRPG/UiTRPGStageBg5016.png	Assets/Product/Texture/Atlas/UiTRPG/UiTRPGIconMaze06.png	3043021				
3043054	1		2	5	['3043053', '1', '0']	Test	异合群聚	Assets/Product/Texture/Atlas/UiTRPG/UiTRPGStageBg5016Sp.png	Assets/Product/Texture/Image/UiTRPG/UiTRPGStageBg5016.png	Assets/Product/Texture/Atlas/UiTRPG/UiTRPGIconMaze06.png	3043021				
3043061	1		1	6	['400509']	Reward	残存物资	Assets/Product/Texture/Atlas/UiTRPG/UiTRPGStageBg6000Sp.png	Assets/Product/Texture/Image/UiTRPG/UiTRPGStageBg6000.png	Assets/Product/Texture/Atlas/UiTRPG/UiTRPGIconMaze04.png	3043021				
3043062	1		1	6	['400517']	Reward	残存物资	Assets/Product/Texture/Atlas/UiTRPG/UiTRPGStageBg6000Sp.png	Assets/Product/Texture/Image/UiTRPG/UiTRPGStageBg6000.png	Assets/Product/Texture/Atlas/UiTRPG/UiTRPGIconMaze04.png	3043021				
3043063	1		1	6	['400502']	Reward	残存物资	Assets/Product/Texture/Atlas/UiTRPG/UiTRPGStageBg6000Sp.png	Assets/Product/Texture/Image/UiTRPG/UiTRPGStageBg6000.png	Assets/Product/Texture/Atlas/UiTRPG/UiTRPGIconMaze04.png	3043021				
3043064	1		1	6	['400516']	Reward	残存物资	Assets/Product/Texture/Atlas/UiTRPG/UiTRPGStageBg6000Sp.png	Assets/Product/Texture/Image/UiTRPG/UiTRPGStageBg6000.png	Assets/Product/Texture/Atlas/UiTRPG/UiTRPGIconMaze04.png	3043021				
3043065	1		1	6	['400520']	Reward	残存物资	Assets/Product/Texture/Atlas/UiTRPG/UiTRPGStageBg6000Sp.png	Assets/Product/Texture/Image/UiTRPG/UiTRPGStageBg6000.png	Assets/Product/Texture/Atlas/UiTRPG/UiTRPGIconMaze04.png	3043021				
3043066	1		1	6	['400653']	Reward	贵重物资	Assets/Product/Texture/Atlas/UiTRPG/UiTRPGStageBg6001Sp.png	Assets/Product/Texture/Image/UiTRPG/UiTRPGStageBg6001.png	Assets/Product/Texture/Atlas/UiTRPG/UiTRPGIconMaze04.png	3043021				
3043067	1		1	6	['400633']	Reward	贵重物资	Assets/Product/Texture/Atlas/UiTRPG/UiTRPGStageBg6001Sp.png	Assets/Product/Texture/Image/UiTRPG/UiTRPGStageBg6001.png	Assets/Product/Texture/Atlas/UiTRPG/UiTRPGIconMaze04.png	3043021				
3043071		1		7	['3043021', '200', '3043061', '50', '3043091', '50']	???	随机事件	Assets/Product/Texture/Atlas/UiTRPG/UiTRPGStageBg00Sp.png	Assets/Product/Texture/Image/UiTRPG/UiTRPGStageBg00.png		3043021				
3043072		1		7	['3043021', '200', '3043062', '50', '3043091', '50']	???	随机事件	Assets/Product/Texture/Atlas/UiTRPG/UiTRPGStageBg00Sp.png	Assets/Product/Texture/Image/UiTRPG/UiTRPGStageBg00.png		3043021				
3043073		1		7	['3043021', '200', '3043063', '50', '3043091', '50']	???	随机事件	Assets/Product/Texture/Atlas/UiTRPG/UiTRPGStageBg00Sp.png	Assets/Product/Texture/Image/UiTRPG/UiTRPGStageBg00.png		3043021				
3043074		1		7	['3043021', '200', '3043064', '50', '3043091', '50']	???	随机事件	Assets/Product/Texture/Atlas/UiTRPG/UiTRPGStageBg00Sp.png	Assets/Product/Texture/Image/UiTRPG/UiTRPGStageBg00.png		3043021				
3043075		1		7	['3043021', '200', '3043061', '50', '3043091', '50']	???	随机事件	Assets/Product/Texture/Atlas/UiTRPG/UiTRPGStageBg00Sp.png	Assets/Product/Texture/Image/UiTRPG/UiTRPGStageBg00.png		3043021				
3043076		1		7	['3043021', '200', '3043062', '50', '3043091', '50']	???	随机事件	Assets/Product/Texture/Atlas/UiTRPG/UiTRPGStageBg00Sp.png	Assets/Product/Texture/Image/UiTRPG/UiTRPGStageBg00.png		3043021				
3043077		1		7	['3043021', '200', '3043063', '50', '3043091', '50']	???	随机事件	Assets/Product/Texture/Atlas/UiTRPG/UiTRPGStageBg00Sp.png	Assets/Product/Texture/Image/UiTRPG/UiTRPGStageBg00.png		3043021				
3043078		1		7	['3043021', '200', '3043064', '50', '3043091', '50']	???	随机事件	Assets/Product/Texture/Atlas/UiTRPG/UiTRPGStageBg00Sp.png	Assets/Product/Texture/Image/UiTRPG/UiTRPGStageBg00.png		3043021				
3043081				8	['3042', '20', '1']	Up	核心区-动力室	Assets/Product/Texture/Atlas/UiTRPG/UiTRPGStageBg7016Sp.png	Assets/Product/Texture/Image/UiTRPG/UiTRPGStageBg7016.png	Assets/Product/Texture/Atlas/UiTRPG/UiTRPGIconMaze08.png					
3043091		1		9	['7', '30200041', '400530', '3043031']	Fight-01	暗影侵蚀	Assets/Product/Texture/Atlas/UiTRPG/UiTRPGStageBg9000Sp.png	Assets/Product/Texture/Image/UiTRPG/UiTRPGStageBg9000.png	Assets/Product/Texture/Atlas/UiTRPG/UiTRPGIconMaze01.png	3043021	在地下空洞的深处，你们被隐藏在黑暗中的感染体与异合生物挡住了去路。你们要做的，只有一直前行。	目前的实力可以迅速解决这场战斗。		
3043092		1		9	['7', '30200042', '400530', '3043031']	Fight-02	暗影侵蚀	Assets/Product/Texture/Atlas/UiTRPG/UiTRPGStageBg9001Sp.png	Assets/Product/Texture/Image/UiTRPG/UiTRPGStageBg9001.png	Assets/Product/Texture/Atlas/UiTRPG/UiTRPGIconMaze01.png	3043021	在地下空洞的深处，你们被隐藏在黑暗中的感染体与异合生物挡住了去路。你们要做的，只有一直前行。	目前的实力可以迅速解决这场战斗。		
3043093		1		9	['7', '30200041', '400530', '3043031']	Fight-03	暗影侵蚀	Assets/Product/Texture/Atlas/UiTRPG/UiTRPGStageBg9000Sp.png	Assets/Product/Texture/Image/UiTRPG/UiTRPGStageBg9000.png	Assets/Product/Texture/Atlas/UiTRPG/UiTRPGIconMaze01.png	3043021	在地下空洞的深处，你们被隐藏在黑暗中的感染体与异合生物挡住了去路。你们要做的，只有一直前行。	目前的实力可以迅速解决这场战斗。		
3043094		1		9	['7', '30200042', '400530', '3043031']	Fight-04	暗影侵蚀	Assets/Product/Texture/Atlas/UiTRPG/UiTRPGStageBg9001Sp.png	Assets/Product/Texture/Image/UiTRPG/UiTRPGStageBg9001.png	Assets/Product/Texture/Atlas/UiTRPG/UiTRPGIconMaze01.png	3043021	在地下空洞的深处，你们被隐藏在黑暗中的感染体与异合生物挡住了去路。你们要做的，只有一直前行。	目前的实力可以迅速解决这场战斗。		
3043095		1		9	['7', '30200041', '400530', '3043031']	Fight-05	暗影侵蚀	Assets/Product/Texture/Atlas/UiTRPG/UiTRPGStageBg9000Sp.png	Assets/Product/Texture/Image/UiTRPG/UiTRPGStageBg9000.png	Assets/Product/Texture/Atlas/UiTRPG/UiTRPGIconMaze01.png	3043021	在地下空洞的深处，你们被隐藏在黑暗中的感染体与异合生物挡住了去路。你们要做的，只有一直前行。	目前的实力可以迅速解决这场战斗。		
3043096		1		9	['7', '30200042', '400530', '3043031']	Fight-06	暗影侵蚀	Assets/Product/Texture/Atlas/UiTRPG/UiTRPGStageBg9001Sp.png	Assets/Product/Texture/Image/UiTRPG/UiTRPGStageBg9001.png	Assets/Product/Texture/Atlas/UiTRPG/UiTRPGIconMaze01.png	3043021	在地下空洞的深处，你们被隐藏在黑暗中的感染体与异合生物挡住了去路。你们要做的，只有一直前行。	目前的实力可以迅速解决这场战斗。		
3043097		1		9	['7', '30200041', '400530', '3043031']	Fight-07	暗影侵蚀	Assets/Product/Texture/Atlas/UiTRPG/UiTRPGStageBg9000Sp.png	Assets/Product/Texture/Image/UiTRPG/UiTRPGStageBg9000.png	Assets/Product/Texture/Atlas/UiTRPG/UiTRPGIconMaze01.png	3043021	在地下空洞的深处，你们被隐藏在黑暗中的感染体与异合生物挡住了去路。你们要做的，只有一直前行。	目前的实力可以迅速解决这场战斗。		
3043098		1		9	['7', '30200042', '400530', '3043031']	Fight-08	暗影侵蚀	Assets/Product/Texture/Atlas/UiTRPG/UiTRPGStageBg9001Sp.png	Assets/Product/Texture/Image/UiTRPG/UiTRPGStageBg9001.png	Assets/Product/Texture/Atlas/UiTRPG/UiTRPGIconMaze01.png	3043021	在地下空洞的深处，你们被隐藏在黑暗中的感染体与异合生物挡住了去路。你们要做的，只有一直前行。	目前的实力可以迅速解决这场战斗。		
3043099		1		9	['7', '30200041', '400530', '3043031']	Fight-09	暗影侵蚀	Assets/Product/Texture/Atlas/UiTRPG/UiTRPGStageBg9000Sp.png	Assets/Product/Texture/Image/UiTRPG/UiTRPGStageBg9000.png	Assets/Product/Texture/Atlas/UiTRPG/UiTRPGIconMaze01.png	3043021	在地下空洞的深处，你们被隐藏在黑暗中的感染体与异合生物挡住了去路。你们要做的，只有一直前行。	目前的实力可以迅速解决这场战斗。		
3051011				1		Access denied	禁止访问	Assets/Product/Texture/Atlas/UiTRPG/UiTRPGStageBg1021Sp.png	Assets/Product/Texture/Image/UiTRPG/UiTRPGStageBg1021.png						
3051012				1		Access denied	禁止访问	Assets/Product/Texture/Atlas/UiTRPG/UiTRPGStageBg1021Sp.png	Assets/Product/Texture/Image/UiTRPG/UiTRPGStageBg1021.png						
3051021				2		Memory modules	思念模块	Assets/Product/Texture/Atlas/UiTRPG/UiTRPGStageBg2020Sp.png	Assets/Product/Texture/Image/UiTRPG/UiTRPGStageBg2020.png						
3051022				2		Memory modules	思念模块	Assets/Product/Texture/Atlas/UiTRPG/UiTRPGStageBg2021Sp.png	Assets/Product/Texture/Image/UiTRPG/UiTRPGStageBg2021.png						
3051041	1		3	4	['ZX01639BA']	Story	分歧点	Assets/Product/Texture/Atlas/UiTRPG/UiTRPGStageBg3029Sp.png	Assets/Product/Texture/Image/UiTRPG/UiTRPGStageBg3029.png	Assets/Product/Texture/Atlas/UiTRPG/UiTRPGIconMaze02.png	3051021			1	
3051042	1		3	4	['ZX01640BA']	Story	往事尘封	Assets/Product/Texture/Atlas/UiTRPG/UiTRPGStageBg3030Sp.png	Assets/Product/Texture/Image/UiTRPG/UiTRPGStageBg3030.png	Assets/Product/Texture/Atlas/UiTRPG/UiTRPGIconMaze02.png	3051021			1	
3051043	1		3	4	['ZX01641BA']	Story	悔恨的残片	Assets/Product/Texture/Atlas/UiTRPG/UiTRPGStageBg3030Sp.png	Assets/Product/Texture/Image/UiTRPG/UiTRPGStageBg3030.png	Assets/Product/Texture/Atlas/UiTRPG/UiTRPGIconMaze02.png	3051021			1	
3051051	1		2	5	['3051051', '1', '0']	Test	解开过去的记忆	Assets/Product/Texture/Atlas/UiTRPG/UiTRPGStageBg5017Sp.png	Assets/Product/Texture/Image/UiTRPG/UiTRPGStageBg5017.png	Assets/Product/Texture/Atlas/UiTRPG/UiTRPGIconMaze06.png	3051021				
3051061	1		1	6	['400502']	Reward-01	残存物资	Assets/Product/Texture/Atlas/UiTRPG/UiTRPGStageBg6000Sp.png	Assets/Product/Texture/Image/UiTRPG/UiTRPGStageBg6000.png	Assets/Product/Texture/Atlas/UiTRPG/UiTRPGIconMaze04.png	3051021				
3051062	1		1	6	['400510']	Reward-02	残存物资	Assets/Product/Texture/Atlas/UiTRPG/UiTRPGStageBg6000Sp.png	Assets/Product/Texture/Image/UiTRPG/UiTRPGStageBg6000.png	Assets/Product/Texture/Atlas/UiTRPG/UiTRPGIconMaze04.png	3051021				
3051081				8	['3052', '30', '2']	Down	深入意识	Assets/Product/Texture/Atlas/UiTRPG/UiTRPGStageBg7018Sp.png	Assets/Product/Texture/Image/UiTRPG/UiTRPGStageBg7018.png	Assets/Product/Texture/Atlas/UiTRPG/UiTRPGIconMaze08.png					
3051091		1		9	['15', '30200045', '400530', '3051031']	Fight	战斗记忆	Assets/Product/Texture/Atlas/UiTRPG/UiTRPGStageBg9000Sp.png	Assets/Product/Texture/Image/UiTRPG/UiTRPGStageBg9000.png	Assets/Product/Texture/Atlas/UiTRPG/UiTRPGIconMaze01.png	3051021	在意识海的深层，仍然残留着那一天的战斗记忆，已经记不清斩杀了多少敌人，也记不得自己受过多少伤……只留下无比空虚的记忆残片。	目前的实力可以迅速解决这场战斗。		
3051092		1		9	['15', '30200046', '400530', '3051031']	Fight	战斗记忆	Assets/Product/Texture/Atlas/UiTRPG/UiTRPGStageBg9001Sp.png	Assets/Product/Texture/Image/UiTRPG/UiTRPGStageBg9001.png	Assets/Product/Texture/Atlas/UiTRPG/UiTRPGIconMaze01.png	3051021	在意识海的深层，仍然残留着那一天的战斗记忆，已经记不清斩杀了多少敌人，也记不得自己受过多少伤……只留下无比空虚的记忆残片。	目前的实力可以迅速解决这场战斗。		
3051093		1		9	['15', '30200045', '400530', '3051031']	Fight	战斗记忆	Assets/Product/Texture/Atlas/UiTRPG/UiTRPGStageBg9000Sp.png	Assets/Product/Texture/Image/UiTRPG/UiTRPGStageBg9000.png	Assets/Product/Texture/Atlas/UiTRPG/UiTRPGIconMaze01.png	3051021	在意识海的深层，仍然残留着那一天的战斗记忆，已经记不清斩杀了多少敌人，也记不得自己受过多少伤……只留下无比空虚的记忆残片。	目前的实力可以迅速解决这场战斗。		
3051094		1		9	['15', '30200046', '400530', '3051031']	Fight	战斗记忆	Assets/Product/Texture/Atlas/UiTRPG/UiTRPGStageBg9001Sp.png	Assets/Product/Texture/Image/UiTRPG/UiTRPGStageBg9001.png	Assets/Product/Texture/Atlas/UiTRPG/UiTRPGIconMaze01.png	3051021	在意识海的深层，仍然残留着那一天的战斗记忆，已经记不清斩杀了多少敌人，也记不得自己受过多少伤……只留下无比空虚的记忆残片。	目前的实力可以迅速解决这场战斗。		
3051095		1		9	['15', '30200045', '400530', '3051031']	Fight	战斗记忆	Assets/Product/Texture/Atlas/UiTRPG/UiTRPGStageBg9000Sp.png	Assets/Product/Texture/Image/UiTRPG/UiTRPGStageBg9000.png	Assets/Product/Texture/Atlas/UiTRPG/UiTRPGIconMaze01.png	3051021	在意识海的深层，仍然残留着那一天的战斗记忆，已经记不清斩杀了多少敌人，也记不得自己受过多少伤……只留下无比空虚的记忆残片。	目前的实力可以迅速解决这场战斗。		
3051096		1		9	['15', '30200046', '400530', '3051031']	Fight	战斗记忆	Assets/Product/Texture/Atlas/UiTRPG/UiTRPGStageBg9001Sp.png	Assets/Product/Texture/Image/UiTRPG/UiTRPGStageBg9001.png	Assets/Product/Texture/Atlas/UiTRPG/UiTRPGIconMaze01.png	3051021	在意识海的深层，仍然残留着那一天的战斗记忆，已经记不清斩杀了多少敌人，也记不得自己受过多少伤……只留下无比空虚的记忆残片。	目前的实力可以迅速解决这场战斗。		
3051097		1		9	['15', '30200045', '400530', '3051031']	Fight	战斗记忆	Assets/Product/Texture/Atlas/UiTRPG/UiTRPGStageBg9000Sp.png	Assets/Product/Texture/Image/UiTRPG/UiTRPGStageBg9000.png	Assets/Product/Texture/Atlas/UiTRPG/UiTRPGIconMaze01.png	3051021	在意识海的深层，仍然残留着那一天的战斗记忆，已经记不清斩杀了多少敌人，也记不得自己受过多少伤……只留下无比空虚的记忆残片。	目前的实力可以迅速解决这场战斗。		
3051098		1		9	['15', '30200046', '400530', '3051031']	Fight	战斗记忆	Assets/Product/Texture/Atlas/UiTRPG/UiTRPGStageBg9001Sp.png	Assets/Product/Texture/Image/UiTRPG/UiTRPGStageBg9001.png	Assets/Product/Texture/Atlas/UiTRPG/UiTRPGIconMaze01.png	3051021	在意识海的深层，仍然残留着那一天的战斗记忆，已经记不清斩杀了多少敌人，也记不得自己受过多少伤……只留下无比空虚的记忆残片。	目前的实力可以迅速解决这场战斗。		
3051101				10		Out	离开意识海	Assets/Product/Texture/Atlas/UiTRPG/UiTRPGStageBg7019Sp.png	Assets/Product/Texture/Image/UiTRPG/UiTRPGStageBg7019.png	Assets/Product/Texture/Atlas/UiTRPG/UiTRPGIconMaze09.png					
3052011				1		Access denied	禁止访问	Assets/Product/Texture/Atlas/UiTRPG/UiTRPGStageBg1021Sp.png	Assets/Product/Texture/Image/UiTRPG/UiTRPGStageBg1021.png						
3052012				1		Access denied	禁止访问	Assets/Product/Texture/Atlas/UiTRPG/UiTRPGStageBg1021Sp.png	Assets/Product/Texture/Image/UiTRPG/UiTRPGStageBg1021.png						
3052021				2		Memory modules	思念模块	Assets/Product/Texture/Atlas/UiTRPG/UiTRPGStageBg2020Sp.png	Assets/Product/Texture/Image/UiTRPG/UiTRPGStageBg2020.png						
3052022				2		Memory modules	思念模块	Assets/Product/Texture/Atlas/UiTRPG/UiTRPGStageBg2021Sp.png	Assets/Product/Texture/Image/UiTRPG/UiTRPGStageBg2021.png						
3052041	1		3	4	['ZX01642BA']	Story	回忆乱流	Assets/Product/Texture/Atlas/UiTRPG/UiTRPGStageBg3031Sp.png	Assets/Product/Texture/Image/UiTRPG/UiTRPGStageBg3031.png	Assets/Product/Texture/Atlas/UiTRPG/UiTRPGIconMaze02.png	3051021			1	
3052042	1		3	4	['ZX01643BA']	Story	迷茫之心	Assets/Product/Texture/Atlas/UiTRPG/UiTRPGStageBg3031Sp.png	Assets/Product/Texture/Image/UiTRPG/UiTRPGStageBg3031.png	Assets/Product/Texture/Atlas/UiTRPG/UiTRPGIconMaze02.png	3051021			1	
3052032	1		3	3	['10130126']	Story	露西亚	Assets/Product/Texture/Atlas/UiTRPG/UiTRPGStageBg3032Sp.png	Assets/Product/Texture/Image/UiTRPG/UiTRPGStageBg3032.png	Assets/Product/Texture/Atlas/UiTRPG/UiTRPGIconMaze02.png	3052021	这是作为你没有逃避任何回忆，直面一切的报答。		1	ZX01644EA
3052051	1		2	5	['3052051', '1', '0']	Test	深红战意	Assets/Product/Texture/Atlas/UiTRPG/UiTRPGStageBg5017Sp.png	Assets/Product/Texture/Image/UiTRPG/UiTRPGStageBg5017.png	Assets/Product/Texture/Atlas/UiTRPG/UiTRPGIconMaze06.png	3052021				
3052053	1		2	5	['3052053', '1', '0']	Test	遥远之声	Assets/Product/Texture/Atlas/UiTRPG/UiTRPGStageBg5018Sp.png	Assets/Product/Texture/Image/UiTRPG/UiTRPGStageBg5018.png	Assets/Product/Texture/Atlas/UiTRPG/UiTRPGIconMaze06.png	3052021				
3052054	1		2	5	['3052054', '1', '0']	Test	黑羊	Assets/Product/Texture/Atlas/UiTRPG/UiTRPGStageBg5018Sp.png	Assets/Product/Texture/Image/UiTRPG/UiTRPGStageBg5018.png	Assets/Product/Texture/Atlas/UiTRPG/UiTRPGIconMaze06.png	3052021				
3052055	1		2	5	['3052055', '1', '0']	Test	孤独的魔王	Assets/Product/Texture/Atlas/UiTRPG/UiTRPGStageBg5018Sp.png	Assets/Product/Texture/Image/UiTRPG/UiTRPGStageBg5018.png	Assets/Product/Texture/Atlas/UiTRPG/UiTRPGIconMaze06.png	3052021				
3052061	1		1	6	['400502']	Reward	残存物资	Assets/Product/Texture/Atlas/UiTRPG/UiTRPGStageBg6000Sp.png	Assets/Product/Texture/Image/UiTRPG/UiTRPGStageBg6000.png	Assets/Product/Texture/Atlas/UiTRPG/UiTRPGIconMaze04.png	3052021				
3052062	1		1	6	['400510']	Reward	残存物资	Assets/Product/Texture/Atlas/UiTRPG/UiTRPGStageBg6000Sp.png	Assets/Product/Texture/Image/UiTRPG/UiTRPGStageBg6000.png	Assets/Product/Texture/Atlas/UiTRPG/UiTRPGIconMaze04.png	3052021				
3052063	1		1	6	['400502']	Reward	残存物资	Assets/Product/Texture/Atlas/UiTRPG/UiTRPGStageBg6000Sp.png	Assets/Product/Texture/Image/UiTRPG/UiTRPGStageBg6000.png	Assets/Product/Texture/Atlas/UiTRPG/UiTRPGIconMaze04.png	3052021				
3052064	1		1	6	['400510']	Reward	残存物资	Assets/Product/Texture/Atlas/UiTRPG/UiTRPGStageBg6000Sp.png	Assets/Product/Texture/Image/UiTRPG/UiTRPGStageBg6000.png	Assets/Product/Texture/Atlas/UiTRPG/UiTRPGIconMaze04.png	3052021				
3052065	1		1	6	['400632']	Reward	贵重物资	Assets/Product/Texture/Atlas/UiTRPG/UiTRPGStageBg6001Sp.png	Assets/Product/Texture/Image/UiTRPG/UiTRPGStageBg6001.png	Assets/Product/Texture/Atlas/UiTRPG/UiTRPGIconMaze04.png	3052021				
3052071		1		7	['3052021', '200', '3052061', '50', '3052091', '50']	???	随机事件	Assets/Product/Texture/Atlas/UiTRPG/UiTRPGStageBg00Sp.png	Assets/Product/Texture/Image/UiTRPG/UiTRPGStageBg00.png		3052021				
3052072		1		7	['3052021', '200', '3052062', '50', '3052091', '50']	???	随机事件	Assets/Product/Texture/Atlas/UiTRPG/UiTRPGStageBg00Sp.png	Assets/Product/Texture/Image/UiTRPG/UiTRPGStageBg00.png		3052021				
3052073		1		7	['3052021', '200', '3052063', '50', '3052091', '50']	???	随机事件	Assets/Product/Texture/Atlas/UiTRPG/UiTRPGStageBg00Sp.png	Assets/Product/Texture/Image/UiTRPG/UiTRPGStageBg00.png		3052021				
3052081				8	['3053', '3', '2']	Down	深入意识	Assets/Product/Texture/Atlas/UiTRPG/UiTRPGStageBg7018Sp.png	Assets/Product/Texture/Image/UiTRPG/UiTRPGStageBg7018.png	Assets/Product/Texture/Atlas/UiTRPG/UiTRPGIconMaze08.png					
3052082				8	['3051', '20', '3']	Up	淡出意识	Assets/Product/Texture/Atlas/UiTRPG/UiTRPGStageBg7019Sp.png	Assets/Product/Texture/Image/UiTRPG/UiTRPGStageBg7019.png	Assets/Product/Texture/Atlas/UiTRPG/UiTRPGIconMaze08.png					
3052101				10		Out	离开意识海	Assets/Product/Texture/Atlas/UiTRPG/UiTRPGStageBg7019Sp.png	Assets/Product/Texture/Image/UiTRPG/UiTRPGStageBg7019.png	Assets/Product/Texture/Atlas/UiTRPG/UiTRPGIconMaze09.png					
3052091		1		9	['15', '30200047', '400530', '3052031']	Fight	战斗记忆	Assets/Product/Texture/Atlas/UiTRPG/UiTRPGStageBg9000Sp.png	Assets/Product/Texture/Image/UiTRPG/UiTRPGStageBg9000.png	Assets/Product/Texture/Atlas/UiTRPG/UiTRPGIconMaze01.png	3052021	在意识海的深层，仍然残留着那一天的战斗记忆，已经记不清斩杀了多少敌人，也记不得自己受过多少伤……只留下无比空虚的记忆残片。	目前的实力可以迅速解决这场战斗。		
3052092		1		9	['15', '30200048', '400530', '3052031']	Fight	战斗记忆	Assets/Product/Texture/Atlas/UiTRPG/UiTRPGStageBg9001Sp.png	Assets/Product/Texture/Image/UiTRPG/UiTRPGStageBg9001.png	Assets/Product/Texture/Atlas/UiTRPG/UiTRPGIconMaze01.png	3052021	在意识海的深层，仍然残留着那一天的战斗记忆，已经记不清斩杀了多少敌人，也记不得自己受过多少伤……只留下无比空虚的记忆残片。	目前的实力可以迅速解决这场战斗。		
3052093		1		9	['15', '30200047', '400530', '3052031']	Fight	战斗记忆	Assets/Product/Texture/Atlas/UiTRPG/UiTRPGStageBg9000Sp.png	Assets/Product/Texture/Image/UiTRPG/UiTRPGStageBg9000.png	Assets/Product/Texture/Atlas/UiTRPG/UiTRPGIconMaze01.png	3052021	在意识海的深层，仍然残留着那一天的战斗记忆，已经记不清斩杀了多少敌人，也记不得自己受过多少伤……只留下无比空虚的记忆残片。	目前的实力可以迅速解决这场战斗。		
3052094		1		9	['15', '30200048', '400530', '3052031']	Fight	战斗记忆	Assets/Product/Texture/Atlas/UiTRPG/UiTRPGStageBg9001Sp.png	Assets/Product/Texture/Image/UiTRPG/UiTRPGStageBg9001.png	Assets/Product/Texture/Atlas/UiTRPG/UiTRPGIconMaze01.png	3052021	在意识海的深层，仍然残留着那一天的战斗记忆，已经记不清斩杀了多少敌人，也记不得自己受过多少伤……只留下无比空虚的记忆残片。	目前的实力可以迅速解决这场战斗。		
3052095		1		9	['15', '30200047', '400530', '3052031']	Fight	战斗记忆	Assets/Product/Texture/Atlas/UiTRPG/UiTRPGStageBg9000Sp.png	Assets/Product/Texture/Image/UiTRPG/UiTRPGStageBg9000.png	Assets/Product/Texture/Atlas/UiTRPG/UiTRPGIconMaze01.png	3052021	在意识海的深层，仍然残留着那一天的战斗记忆，已经记不清斩杀了多少敌人，也记不得自己受过多少伤……只留下无比空虚的记忆残片。	目前的实力可以迅速解决这场战斗。		
3052096		1		9	['15', '30200048', '400530', '3052031']	Fight	战斗记忆	Assets/Product/Texture/Atlas/UiTRPG/UiTRPGStageBg9001Sp.png	Assets/Product/Texture/Image/UiTRPG/UiTRPGStageBg9001.png	Assets/Product/Texture/Atlas/UiTRPG/UiTRPGIconMaze01.png	3052021	在意识海的深层，仍然残留着那一天的战斗记忆，已经记不清斩杀了多少敌人，也记不得自己受过多少伤……只留下无比空虚的记忆残片。	目前的实力可以迅速解决这场战斗。		
3052097		1		9	['15', '30200047', '400530', '3052031']	Fight	战斗记忆	Assets/Product/Texture/Atlas/UiTRPG/UiTRPGStageBg9000Sp.png	Assets/Product/Texture/Image/UiTRPG/UiTRPGStageBg9000.png	Assets/Product/Texture/Atlas/UiTRPG/UiTRPGIconMaze01.png	3052021	在意识海的深层，仍然残留着那一天的战斗记忆，已经记不清斩杀了多少敌人，也记不得自己受过多少伤……只留下无比空虚的记忆残片。	目前的实力可以迅速解决这场战斗。		
3052098		1		9	['15', '30200048', '400530', '3052031']	Fight	战斗记忆	Assets/Product/Texture/Atlas/UiTRPG/UiTRPGStageBg9001Sp.png	Assets/Product/Texture/Image/UiTRPG/UiTRPGStageBg9001.png	Assets/Product/Texture/Atlas/UiTRPG/UiTRPGIconMaze01.png	3052021	在意识海的深层，仍然残留着那一天的战斗记忆，已经记不清斩杀了多少敌人，也记不得自己受过多少伤……只留下无比空虚的记忆残片。	目前的实力可以迅速解决这场战斗。		
3052099		1		9	['15', '30200047', '400530', '3052031']	Fight	战斗记忆	Assets/Product/Texture/Atlas/UiTRPG/UiTRPGStageBg9001Sp.png	Assets/Product/Texture/Image/UiTRPG/UiTRPGStageBg9001.png	Assets/Product/Texture/Atlas/UiTRPG/UiTRPGIconMaze01.png	3052021	在意识海的深层，仍然残留着那一天的战斗记忆，已经记不清斩杀了多少敌人，也记不得自己受过多少伤……只留下无比空虚的记忆残片。	目前的实力可以迅速解决这场战斗。		
3052891		1		9	['15', '30200048', '400530', '3052031']	Fight	战斗记忆	Assets/Product/Texture/Atlas/UiTRPG/UiTRPGStageBg9001Sp.png	Assets/Product/Texture/Image/UiTRPG/UiTRPGStageBg9001.png	Assets/Product/Texture/Atlas/UiTRPG/UiTRPGIconMaze01.png	3052021	在意识海的深层，仍然残留着那一天的战斗记忆，已经记不清斩杀了多少敌人，也记不得自己受过多少伤……只留下无比空虚的记忆残片。	目前的实力可以迅速解决这场战斗。		
3052892		1		9	['15', '30200047', '400530', '3052031']	Fight	战斗记忆	Assets/Product/Texture/Atlas/UiTRPG/UiTRPGStageBg9001Sp.png	Assets/Product/Texture/Image/UiTRPG/UiTRPGStageBg9001.png	Assets/Product/Texture/Atlas/UiTRPG/UiTRPGIconMaze01.png	3052021	在意识海的深层，仍然残留着那一天的战斗记忆，已经记不清斩杀了多少敌人，也记不得自己受过多少伤……只留下无比空虚的记忆残片。	目前的实力可以迅速解决这场战斗。		
3053011				1		Access denied	禁止访问	Assets/Product/Texture/Atlas/UiTRPG/UiTRPGStageBg1021Sp.png	Assets/Product/Texture/Image/UiTRPG/UiTRPGStageBg1021.png						
3053012				1		Access denied	禁止访问	Assets/Product/Texture/Atlas/UiTRPG/UiTRPGStageBg1021Sp.png	Assets/Product/Texture/Image/UiTRPG/UiTRPGStageBg1021.png						
3053021				2		Memory modules	思念模块	Assets/Product/Texture/Atlas/UiTRPG/UiTRPGStageBg2020Sp.png	Assets/Product/Texture/Image/UiTRPG/UiTRPGStageBg2020.png						
3053022				2		Memory modules	思念模块	Assets/Product/Texture/Atlas/UiTRPG/UiTRPGStageBg2021Sp.png	Assets/Product/Texture/Image/UiTRPG/UiTRPGStageBg2021.png						
3053081				8	['3052', '30', '1']	Up	淡出意识	Assets/Product/Texture/Atlas/UiTRPG/UiTRPGStageBg7019Sp.png	Assets/Product/Texture/Image/UiTRPG/UiTRPGStageBg7019.png	Assets/Product/Texture/Atlas/UiTRPG/UiTRPGIconMaze08.png					
4021011				1		Cliff path	断崖平台	Assets/Product/Texture/Atlas/UiTRPG/UiTRPGStageBg1022Sp.png	Assets/Product/Texture/Image/UiTRPG/UiTRPGStageBg1022.png						
4021012				1		Cliff path	断崖平台	Assets/Product/Texture/Atlas/UiTRPG/UiTRPGStageBg1024Sp.png	Assets/Product/Texture/Image/UiTRPG/UiTRPGStageBg1024.png						
4021021				2		Xeno-cliff	异聚石壁	Assets/Product/Texture/Atlas/UiTRPG/UiTRPGStageBg2022Sp.png	Assets/Product/Texture/Image/UiTRPG/UiTRPGStageBg2022.png						
4021022				2		Xeno-cliff	异聚石壁	Assets/Product/Texture/Atlas/UiTRPG/UiTRPGStageBg2023Sp.png	Assets/Product/Texture/Image/UiTRPG/UiTRPGStageBg2023.png						
4021041	1		3	4	['ZX01647BA']	Story-01	音频分析	Assets/Product/Texture/Atlas/UiTRPG/UiTRPGStageBg3033Sp.png	Assets/Product/Texture/Image/UiTRPG/UiTRPGStageBg3033.png	Assets/Product/Texture/Atlas/UiTRPG/UiTRPGIconMaze02.png	4021021	文本剧情1		1	
4021042	1		3	4	['ZX01648BA']	Story-A	人鱼的礼物	Assets/Product/Texture/Atlas/UiTRPG/UiTRPGStageBg3033Sp.png	Assets/Product/Texture/Image/UiTRPG/UiTRPGStageBg3033.png	Assets/Product/Texture/Atlas/UiTRPG/UiTRPGIconMaze02.png	4021021	文本剧情A		1	
4021043	1		3	4	['ZX01648BA']	Story-B	人鱼的礼物	Assets/Product/Texture/Atlas/UiTRPG/UiTRPGStageBg3033Sp.png	Assets/Product/Texture/Image/UiTRPG/UiTRPGStageBg3033.png	Assets/Product/Texture/Atlas/UiTRPG/UiTRPGIconMaze02.png	4021021	文本剧情B		1	
4021044	1		3	4	['ZX01649BA']	Story-C	被捕的人鱼	Assets/Product/Texture/Atlas/UiTRPG/UiTRPGStageBg3033Sp.png	Assets/Product/Texture/Image/UiTRPG/UiTRPGStageBg3033.png	Assets/Product/Texture/Atlas/UiTRPG/UiTRPGIconMaze02.png	4021021	文本剧情C		1	
4021051	1		2	5	['4021051', '1', '0']	Test-A	搜寻拉弥亚	Assets/Product/Texture/Atlas/UiTRPG/UiTRPGStageBg5022Sp.png	Assets/Product/Texture/Image/UiTRPG/UiTRPGStageBg5022.png	Assets/Product/Texture/Atlas/UiTRPG/UiTRPGIconMaze06.png	4021021	检定剧情A			
4021052	1		2	5	['4021052', '1', '0']	Test-B	搜寻拉弥亚	Assets/Product/Texture/Atlas/UiTRPG/UiTRPGStageBg5022Sp.png	Assets/Product/Texture/Image/UiTRPG/UiTRPGStageBg5022.png	Assets/Product/Texture/Atlas/UiTRPG/UiTRPGIconMaze06.png	4021021	检定剧情B			
4021053	1		2	5	['4021053', '1', '0']	Test-C	搜寻拉弥亚	Assets/Product/Texture/Atlas/UiTRPG/UiTRPGStageBg5022Sp.png	Assets/Product/Texture/Image/UiTRPG/UiTRPGStageBg5022.png	Assets/Product/Texture/Atlas/UiTRPG/UiTRPGIconMaze06.png	4021021	检定剧情C			
4021054	1		2	5	['4021054', '1', '0']	Test-04	拉弥亚	Assets/Product/Texture/Atlas/UiTRPG/UiTRPGStageBg5022Sp.png	Assets/Product/Texture/Image/UiTRPG/UiTRPGStageBg5022.png	Assets/Product/Texture/Atlas/UiTRPG/UiTRPGIconMaze06.png	4021021	封锁1			
4021055		1		5	['4021055', '0', '0']	Trap-01	垂死挣扎	Assets/Product/Texture/Atlas/UiTRPG/UiTRPGStageBg8000Sp.png	Assets/Product/Texture/Image/UiTRPG/UiTRPGStageBg8000.png	Assets/Product/Texture/Atlas/UiTRPG/UiTRPGIconMaze05.png	4021021	陷阱牌1			
4021056		1		5	['4021056', '0', '0']	Trap-02	垂死挣扎	Assets/Product/Texture/Atlas/UiTRPG/UiTRPGStageBg8000Sp.png	Assets/Product/Texture/Image/UiTRPG/UiTRPGStageBg8000.png	Assets/Product/Texture/Atlas/UiTRPG/UiTRPGIconMaze05.png	4021021	陷阱牌2			
4021057		1		5	['4021057', '0', '0']	Trap-03	垂死挣扎	Assets/Product/Texture/Atlas/UiTRPG/UiTRPGStageBg8000Sp.png	Assets/Product/Texture/Image/UiTRPG/UiTRPGStageBg8000.png	Assets/Product/Texture/Atlas/UiTRPG/UiTRPGIconMaze05.png	4021021	陷阱牌3			
4021058		1		5	['4021058', '0', '0']	Trap-04	垂死挣扎	Assets/Product/Texture/Atlas/UiTRPG/UiTRPGStageBg8000Sp.png	Assets/Product/Texture/Image/UiTRPG/UiTRPGStageBg8000.png	Assets/Product/Texture/Atlas/UiTRPG/UiTRPGIconMaze05.png	4021021	陷阱牌4			
4021059		1		5	['4021059', '0', '0']	Trap-05	垂死挣扎	Assets/Product/Texture/Atlas/UiTRPG/UiTRPGStageBg8000Sp.png	Assets/Product/Texture/Image/UiTRPG/UiTRPGStageBg8000.png	Assets/Product/Texture/Atlas/UiTRPG/UiTRPGIconMaze05.png	4021021	陷阱牌A			
4021851		1		5	['4021851', '0', '0']	Trap-06	垂死挣扎	Assets/Product/Texture/Atlas/UiTRPG/UiTRPGStageBg8000Sp.png	Assets/Product/Texture/Image/UiTRPG/UiTRPGStageBg8000.png	Assets/Product/Texture/Atlas/UiTRPG/UiTRPGIconMaze05.png	4021021	陷阱牌B			
4021061	1		1	6	['400502']	Reward-01	残存物资	Assets/Product/Texture/Atlas/UiTRPG/UiTRPGStageBg6000Sp.png	Assets/Product/Texture/Image/UiTRPG/UiTRPGStageBg6000.png	Assets/Product/Texture/Atlas/UiTRPG/UiTRPGIconMaze04.png	4021021				
4021062	1		1	6	['400510']	Reward-02	残存物资	Assets/Product/Texture/Atlas/UiTRPG/UiTRPGStageBg6000Sp.png	Assets/Product/Texture/Image/UiTRPG/UiTRPGStageBg6000.png	Assets/Product/Texture/Atlas/UiTRPG/UiTRPGIconMaze04.png	4021021				
4021063	1		1	6	['400502']	Reward-03	残存物资	Assets/Product/Texture/Atlas/UiTRPG/UiTRPGStageBg6000Sp.png	Assets/Product/Texture/Image/UiTRPG/UiTRPGStageBg6000.png	Assets/Product/Texture/Atlas/UiTRPG/UiTRPGIconMaze04.png	4021021				
4021064	1		1	6	['400513']	Reward-03	残存物资	Assets/Product/Texture/Atlas/UiTRPG/UiTRPGStageBg6000Sp.png	Assets/Product/Texture/Image/UiTRPG/UiTRPGStageBg6000.png	Assets/Product/Texture/Atlas/UiTRPG/UiTRPGIconMaze04.png	4021021				
4021065	1		1	6	['400510']	Reward-04	残存物资	Assets/Product/Texture/Atlas/UiTRPG/UiTRPGStageBg6000Sp.png	Assets/Product/Texture/Image/UiTRPG/UiTRPGStageBg6000.png	Assets/Product/Texture/Atlas/UiTRPG/UiTRPGIconMaze04.png	4021021				
4021071		1		7	['4021021', '200', '4021061', '50', '4021091', '50']	???-A	随机牌A	Assets/Product/Texture/Atlas/UiTRPG/UiTRPGStageBg00Sp.png	Assets/Product/Texture/Image/UiTRPG/UiTRPGStageBg00.png		4021021				
4021072		1		7	['4021021', '200', '4021061', '50', '4021091', '50']	???-B	随机牌B	Assets/Product/Texture/Atlas/UiTRPG/UiTRPGStageBg00Sp.png	Assets/Product/Texture/Image/UiTRPG/UiTRPGStageBg00.png		4021021				
4021073		1		7	['4021021', '200', '4021061', '50', '4021091', '50']	???-C	随机牌C	Assets/Product/Texture/Atlas/UiTRPG/UiTRPGStageBg00Sp.png	Assets/Product/Texture/Image/UiTRPG/UiTRPGStageBg00.png		4021021				
4021074		1		7	['4021021', '200', '4021061', '50', '4021091', '50']	???-01	随机事件	Assets/Product/Texture/Atlas/UiTRPG/UiTRPGStageBg00Sp.png	Assets/Product/Texture/Image/UiTRPG/UiTRPGStageBg00.png		4021021				
4021075		1		7	['4021021', '200', '4021061', '50', '4021091', '50']	???-02	随机事件	Assets/Product/Texture/Atlas/UiTRPG/UiTRPGStageBg00Sp.png	Assets/Product/Texture/Image/UiTRPG/UiTRPGStageBg00.png		4021021				
4021076		1		7	['4021021', '200', '4021061', '50', '4021091', '50']	???-03	随机事件	Assets/Product/Texture/Atlas/UiTRPG/UiTRPGStageBg00Sp.png	Assets/Product/Texture/Image/UiTRPG/UiTRPGStageBg00.png		4021021				
4021077		1		7	['4021021', '200', '4021061', '50', '4021091', '50']	???-04	随机事件	Assets/Product/Texture/Atlas/UiTRPG/UiTRPGStageBg00Sp.png	Assets/Product/Texture/Image/UiTRPG/UiTRPGStageBg00.png		4021021				
4021078		1		7	['4021021', '200', '4021061', '50', '4021091', '50']	???-05	随机事件	Assets/Product/Texture/Atlas/UiTRPG/UiTRPGStageBg00Sp.png	Assets/Product/Texture/Image/UiTRPG/UiTRPGStageBg00.png		4021021				
4021079		1		7	['4021021', '200', '4021061', '50', '4021091', '50']	???-06	随机事件	Assets/Product/Texture/Atlas/UiTRPG/UiTRPGStageBg00Sp.png	Assets/Product/Texture/Image/UiTRPG/UiTRPGStageBg00.png		4021021				
4021871		1		7	['4021021', '200', '4021061', '50', '4021091', '50']	???-07	随机事件	Assets/Product/Texture/Atlas/UiTRPG/UiTRPGStageBg00Sp.png	Assets/Product/Texture/Image/UiTRPG/UiTRPGStageBg00.png		4021021				
4021872		1		7	['4021021', '200', '4021061', '50', '4021091', '50']	???-08	随机事件	Assets/Product/Texture/Atlas/UiTRPG/UiTRPGStageBg00Sp.png	Assets/Product/Texture/Image/UiTRPG/UiTRPGStageBg00.png		4021021				
4021873		1		7	['4021021', '200', '4021061', '50', '4021091', '50']	???-09	随机事件	Assets/Product/Texture/Atlas/UiTRPG/UiTRPGStageBg00Sp.png	Assets/Product/Texture/Image/UiTRPG/UiTRPGStageBg00.png		4021021				
4021874		1		7	['4021021', '200', '4021061', '50', '4021091', '50']	???-10	随机事件	Assets/Product/Texture/Atlas/UiTRPG/UiTRPGStageBg00Sp.png	Assets/Product/Texture/Image/UiTRPG/UiTRPGStageBg00.png		4021021				
4021875		1		7	['4021021', '200', '4021061', '50', '4021091', '50']	???-11	随机事件	Assets/Product/Texture/Atlas/UiTRPG/UiTRPGStageBg00Sp.png	Assets/Product/Texture/Image/UiTRPG/UiTRPGStageBg00.png		4021021				
4021876		1		7	['4021021', '200', '4021061', '50', '4021091', '50']	???-12	随机事件	Assets/Product/Texture/Atlas/UiTRPG/UiTRPGStageBg00Sp.png	Assets/Product/Texture/Image/UiTRPG/UiTRPGStageBg00.png		4021021				
4021081				8	['4022', '1', '3']	Go-01	第2区域	Assets/Product/Texture/Atlas/UiTRPG/UiTRPGStageBg7021Sp.png	Assets/Product/Texture/Image/UiTRPG/UiTRPGStageBg7021.png	Assets/Product/Texture/Atlas/UiTRPG/UiTRPGIconMaze07.png					
4021082				8	['4021', '1', '4']	Go-01	返回起点	Assets/Product/Texture/Atlas/UiTRPG/UiTRPGStageBg7021Sp.png	Assets/Product/Texture/Image/UiTRPG/UiTRPGStageBg7021.png	Assets/Product/Texture/Atlas/UiTRPG/UiTRPGIconMaze07.png					
4021091		1		9	['16', '30200049', '400530', '4021031']	Fight-01	异合生物群聚	Assets/Product/Texture/Atlas/UiTRPG/UiTRPGStageBg9000Sp.png	Assets/Product/Texture/Image/UiTRPG/UiTRPGStageBg9000.png	Assets/Product/Texture/Atlas/UiTRPG/UiTRPGIconMaze01.png	4021021	在断片裂谷里形成的异合生物群聚，甚至形成了一定的生态系统，这也是模仿生物得来的结果还是只是某种指令使然……现在还没有定论。	目前的实力可以迅速解决这场战斗。		
4021092		1		9	['16', '30200050', '400530', '4021031']	Fight-02	异合生物群聚	Assets/Product/Texture/Atlas/UiTRPG/UiTRPGStageBg9000Sp.png	Assets/Product/Texture/Image/UiTRPG/UiTRPGStageBg9000.png	Assets/Product/Texture/Atlas/UiTRPG/UiTRPGIconMaze01.png	4021021	在断片裂谷里形成的异合生物群聚，甚至形成了一定的生态系统，这也是模仿生物得来的结果还是只是某种指令使然……现在还没有定论。	目前的实力可以迅速解决这场战斗。		
4021093		1		9	['16', '30200049', '400530', '4021031']	Fight-03	异合生物群聚	Assets/Product/Texture/Atlas/UiTRPG/UiTRPGStageBg9000Sp.png	Assets/Product/Texture/Image/UiTRPG/UiTRPGStageBg9000.png	Assets/Product/Texture/Atlas/UiTRPG/UiTRPGIconMaze01.png	4021021	在断片裂谷里形成的异合生物群聚，甚至形成了一定的生态系统，这也是模仿生物得来的结果还是只是某种指令使然……现在还没有定论。	目前的实力可以迅速解决这场战斗。		
4021094		1		9	['16', '30200050', '400530', '4021031']	Fight-04	异合生物群聚	Assets/Product/Texture/Atlas/UiTRPG/UiTRPGStageBg9000Sp.png	Assets/Product/Texture/Image/UiTRPG/UiTRPGStageBg9000.png	Assets/Product/Texture/Atlas/UiTRPG/UiTRPGIconMaze01.png	4021021	在断片裂谷里形成的异合生物群聚，甚至形成了一定的生态系统，这也是模仿生物得来的结果还是只是某种指令使然……现在还没有定论。	目前的实力可以迅速解决这场战斗。		
4021095		1		9	['16', '30200049', '400530', '4021031']	Fight-05	异合生物群聚	Assets/Product/Texture/Atlas/UiTRPG/UiTRPGStageBg9000Sp.png	Assets/Product/Texture/Image/UiTRPG/UiTRPGStageBg9000.png	Assets/Product/Texture/Atlas/UiTRPG/UiTRPGIconMaze01.png	4021021	在断片裂谷里形成的异合生物群聚，甚至形成了一定的生态系统，这也是模仿生物得来的结果还是只是某种指令使然……现在还没有定论。	目前的实力可以迅速解决这场战斗。		
4021096		1		9	['16', '30200050', '400530', '4021031']	Fight-06	异合生物群聚	Assets/Product/Texture/Atlas/UiTRPG/UiTRPGStageBg9000Sp.png	Assets/Product/Texture/Image/UiTRPG/UiTRPGStageBg9000.png	Assets/Product/Texture/Atlas/UiTRPG/UiTRPGIconMaze01.png	4021021	在断片裂谷里形成的异合生物群聚，甚至形成了一定的生态系统，这也是模仿生物得来的结果还是只是某种指令使然……现在还没有定论。	目前的实力可以迅速解决这场战斗。		
4021097		1		9	['16', '30200049', '400530', '4021031']	Fight-07	异合生物群聚	Assets/Product/Texture/Atlas/UiTRPG/UiTRPGStageBg9000Sp.png	Assets/Product/Texture/Image/UiTRPG/UiTRPGStageBg9000.png	Assets/Product/Texture/Atlas/UiTRPG/UiTRPGIconMaze01.png	4021021	在断片裂谷里形成的异合生物群聚，甚至形成了一定的生态系统，这也是模仿生物得来的结果还是只是某种指令使然……现在还没有定论。	目前的实力可以迅速解决这场战斗。		
4021098		1		9	['16', '30200050', '400530', '4021031']	Fight-08	异合生物群聚	Assets/Product/Texture/Atlas/UiTRPG/UiTRPGStageBg9000Sp.png	Assets/Product/Texture/Image/UiTRPG/UiTRPGStageBg9000.png	Assets/Product/Texture/Atlas/UiTRPG/UiTRPGIconMaze01.png	4021021	在断片裂谷里形成的异合生物群聚，甚至形成了一定的生态系统，这也是模仿生物得来的结果还是只是某种指令使然……现在还没有定论。	目前的实力可以迅速解决这场战斗。		
4021099		1		9	['16', '30200049', '400530', '4021031']	Fight-09	异合生物群聚	Assets/Product/Texture/Atlas/UiTRPG/UiTRPGStageBg9000Sp.png	Assets/Product/Texture/Image/UiTRPG/UiTRPGStageBg9000.png	Assets/Product/Texture/Atlas/UiTRPG/UiTRPGIconMaze01.png	4021021	在断片裂谷里形成的异合生物群聚，甚至形成了一定的生态系统，这也是模仿生物得来的结果还是只是某种指令使然……现在还没有定论。	目前的实力可以迅速解决这场战斗。		
4021891		1		9	['16', '30200050', '400530', '4021031']	Fight-10	异合生物群聚	Assets/Product/Texture/Atlas/UiTRPG/UiTRPGStageBg9000Sp.png	Assets/Product/Texture/Image/UiTRPG/UiTRPGStageBg9000.png	Assets/Product/Texture/Atlas/UiTRPG/UiTRPGIconMaze01.png	4021021	在断片裂谷里形成的异合生物群聚，甚至形成了一定的生态系统，这也是模仿生物得来的结果还是只是某种指令使然……现在还没有定论。	目前的实力可以迅速解决这场战斗。		
4021892		1		9	['16', '30200049', '400530', '4021031']	Fight-11	异合生物群聚	Assets/Product/Texture/Atlas/UiTRPG/UiTRPGStageBg9000Sp.png	Assets/Product/Texture/Image/UiTRPG/UiTRPGStageBg9000.png	Assets/Product/Texture/Atlas/UiTRPG/UiTRPGIconMaze01.png	4021021	在断片裂谷里形成的异合生物群聚，甚至形成了一定的生态系统，这也是模仿生物得来的结果还是只是某种指令使然……现在还没有定论。	目前的实力可以迅速解决这场战斗。		
4021893		1		9	['16', '30200050', '400530', '4021031']	Fight-12	异合生物群聚	Assets/Product/Texture/Atlas/UiTRPG/UiTRPGStageBg9000Sp.png	Assets/Product/Texture/Image/UiTRPG/UiTRPGStageBg9000.png	Assets/Product/Texture/Atlas/UiTRPG/UiTRPGIconMaze01.png	4021021	在断片裂谷里形成的异合生物群聚，甚至形成了一定的生态系统，这也是模仿生物得来的结果还是只是某种指令使然……现在还没有定论。	目前的实力可以迅速解决这场战斗。		
4021894		1		9	['16', '30200049', '400530', '4021031']	Fight-13	异合生物群聚	Assets/Product/Texture/Atlas/UiTRPG/UiTRPGStageBg9000Sp.png	Assets/Product/Texture/Image/UiTRPG/UiTRPGStageBg9000.png	Assets/Product/Texture/Atlas/UiTRPG/UiTRPGIconMaze01.png	4021021	在断片裂谷里形成的异合生物群聚，甚至形成了一定的生态系统，这也是模仿生物得来的结果还是只是某种指令使然……现在还没有定论。	目前的实力可以迅速解决这场战斗。		
4021101				10		Out	出去外面	Assets/Product/Texture/Atlas/UiTRPG/UiTRPGStageBg7021Sp.png	Assets/Product/Texture/Image/UiTRPG/UiTRPGStageBg7021.png	Assets/Product/Texture/Atlas/UiTRPG/UiTRPGIconMaze09.png					
4022011				1		Cliff path	断崖平台	Assets/Product/Texture/Atlas/UiTRPG/UiTRPGStageBg1022Sp.png	Assets/Product/Texture/Image/UiTRPG/UiTRPGStageBg1022.png						
4022012				1		Cliff path	断崖平台	Assets/Product/Texture/Atlas/UiTRPG/UiTRPGStageBg1024Sp.png	Assets/Product/Texture/Image/UiTRPG/UiTRPGStageBg1024.png						
4022021				2		Xeno-cliff	异聚石壁	Assets/Product/Texture/Atlas/UiTRPG/UiTRPGStageBg2022Sp.png	Assets/Product/Texture/Image/UiTRPG/UiTRPGStageBg2022.png						
4022022				2		Xeno-cliff	异聚石壁	Assets/Product/Texture/Atlas/UiTRPG/UiTRPGStageBg2023Sp.png	Assets/Product/Texture/Image/UiTRPG/UiTRPGStageBg2023.png						
4022031	1		3	3	['10130127']	Story	升格互噬	Assets/Product/Texture/Atlas/UiTRPG/UiTRPGStageBg3034Sp.png	Assets/Product/Texture/Image/UiTRPG/UiTRPGStageBg3034.png	Assets/Product/Texture/Atlas/UiTRPG/UiTRPGIconMaze02.png	4022021	露娜小姐……请你履行作为代行者最后的职责……		1	ZX01651EA
4022032	1		3	3	['30200055']	???-01	异合生物	Assets/Product/Texture/Atlas/UiTRPG/UiTRPGStageBg3033Sp.png	Assets/Product/Texture/Image/UiTRPG/UiTRPGStageBg3033.png	Assets/Product/Texture/Atlas/UiTRPG/UiTRPGIconMaze02.png	4022021	异合生物就在此地		1	
4022033	1		3	3	['30200056']	Fight-01	异合生物	Assets/Product/Texture/Atlas/UiTRPG/UiTRPGStageBg3033Sp.png	Assets/Product/Texture/Image/UiTRPG/UiTRPGStageBg3033.png	Assets/Product/Texture/Atlas/UiTRPG/UiTRPGIconMaze02.png	4022021	异合生物就在此地		1	
4022041	1		3	4	['ZX01650BA']	Story-01	恐怖的痕迹	Assets/Product/Texture/Atlas/UiTRPG/UiTRPGStageBg3033Sp.png	Assets/Product/Texture/Image/UiTRPG/UiTRPGStageBg3033.png	Assets/Product/Texture/Atlas/UiTRPG/UiTRPGIconMaze02.png	4022021	文本剧情1废弃		1	
4022051	1		2	5	['4022051', '1', '0']	Test-01	恐怖的痕迹	Assets/Product/Texture/Atlas/UiTRPG/UiTRPGStageBg5023Sp.png	Assets/Product/Texture/Image/UiTRPG/UiTRPGStageBg5023.png	Assets/Product/Texture/Atlas/UiTRPG/UiTRPGIconMaze06.png	4022021	检定剧情1			
4022052	1		2	5	['4022052', '1', '0']	Test-02	捕抓异合生物	Assets/Product/Texture/Atlas/UiTRPG/UiTRPGStageBg5023Sp.png	Assets/Product/Texture/Image/UiTRPG/UiTRPGStageBg5023.png	Assets/Product/Texture/Atlas/UiTRPG/UiTRPGIconMaze06.png	4022021	封锁1			
4022053	1		2	5	['4022053', '1', '0']	Test-03	捕抓异合生物	Assets/Product/Texture/Atlas/UiTRPG/UiTRPGStageBg5023Sp.png	Assets/Product/Texture/Image/UiTRPG/UiTRPGStageBg5023.png	Assets/Product/Texture/Atlas/UiTRPG/UiTRPGIconMaze06.png	4022021	封锁2			
4022054	1		2	5	['4022054', '1', '0']	Test-04	封锁3废弃	Assets/Product/Texture/Atlas/UiTRPG/UiTRPGStageBg5000Sp.png	Assets/Product/Texture/Image/UiTRPG/UiTRPGStageBg5000.png	Assets/Product/Texture/Atlas/UiTRPG/UiTRPGIconMaze06.png	4022021	封锁3			
4022055	1		2	5	['4022055', '1', '0']	Test-05	封锁4废弃	Assets/Product/Texture/Atlas/UiTRPG/UiTRPGStageBg5000Sp.png	Assets/Product/Texture/Image/UiTRPG/UiTRPGStageBg5000.png	Assets/Product/Texture/Atlas/UiTRPG/UiTRPGIconMaze06.png	4022021	封锁4			
4022056		1		5	['4022056', '0', '0']	Trap-01	垂死挣扎	Assets/Product/Texture/Atlas/UiTRPG/UiTRPGStageBg8000Sp.png	Assets/Product/Texture/Image/UiTRPG/UiTRPGStageBg8000.png	Assets/Product/Texture/Atlas/UiTRPG/UiTRPGIconMaze05.png	4022021	陷阱牌1			
4022061	1		1	6	['400502']	Reward-01	残存物资	Assets/Product/Texture/Atlas/UiTRPG/UiTRPGStageBg6000Sp.png	Assets/Product/Texture/Image/UiTRPG/UiTRPGStageBg6000.png	Assets/Product/Texture/Atlas/UiTRPG/UiTRPGIconMaze04.png	4022021				
4022062	1		1	6	['400510']	Reward-02	残存物资	Assets/Product/Texture/Atlas/UiTRPG/UiTRPGStageBg6000Sp.png	Assets/Product/Texture/Image/UiTRPG/UiTRPGStageBg6000.png	Assets/Product/Texture/Atlas/UiTRPG/UiTRPGIconMaze04.png	4022021				
4022063	1		1	6	['400502']	Reward-03	残存物资	Assets/Product/Texture/Atlas/UiTRPG/UiTRPGStageBg6000Sp.png	Assets/Product/Texture/Image/UiTRPG/UiTRPGStageBg6000.png	Assets/Product/Texture/Atlas/UiTRPG/UiTRPGIconMaze04.png	4022021				
4022064	1		1	6	['400502']	Reward-03	残存物资	Assets/Product/Texture/Atlas/UiTRPG/UiTRPGStageBg6000Sp.png	Assets/Product/Texture/Image/UiTRPG/UiTRPGStageBg6000.png	Assets/Product/Texture/Atlas/UiTRPG/UiTRPGIconMaze04.png	4022021				
4022065	1		1	6	['400510']	Reward-04	残存物资	Assets/Product/Texture/Atlas/UiTRPG/UiTRPGStageBg6000Sp.png	Assets/Product/Texture/Image/UiTRPG/UiTRPGStageBg6000.png	Assets/Product/Texture/Atlas/UiTRPG/UiTRPGIconMaze04.png	4022021				
4022071		1		7	['4022091', '200']	???-01	随机事件废弃	Assets/Product/Texture/Atlas/UiTRPG/UiTRPGStageBg00Sp.png	Assets/Product/Texture/Image/UiTRPG/UiTRPGStageBg00.png		4022021				
4022072		1		7	['4022021', '200', '4022061', '50', '4022091', '50']	???-02	随机事件	Assets/Product/Texture/Atlas/UiTRPG/UiTRPGStageBg00Sp.png	Assets/Product/Texture/Image/UiTRPG/UiTRPGStageBg00.png		4022021				
4022073		1		7	['4022021', '200', '4022061', '50', '4022091', '50']	???-03	随机事件	Assets/Product/Texture/Atlas/UiTRPG/UiTRPGStageBg00Sp.png	Assets/Product/Texture/Image/UiTRPG/UiTRPGStageBg00.png		4022021				
4022074		1		7	['4022021', '200', '4022061', '50', '4022091', '50']	???-04	随机事件	Assets/Product/Texture/Atlas/UiTRPG/UiTRPGStageBg00Sp.png	Assets/Product/Texture/Image/UiTRPG/UiTRPGStageBg00.png		4022021				
4022075		1		7	['4022021', '200', '4022061', '50', '4022091', '50']	???-05	随机事件	Assets/Product/Texture/Atlas/UiTRPG/UiTRPGStageBg00Sp.png	Assets/Product/Texture/Image/UiTRPG/UiTRPGStageBg00.png		4022021				
4022076		1		7	['4022021', '200', '4022061', '50', '4022091', '50']	???-06	随机事件	Assets/Product/Texture/Atlas/UiTRPG/UiTRPGStageBg00Sp.png	Assets/Product/Texture/Image/UiTRPG/UiTRPGStageBg00.png		4022021				
4022077		1		7	['4022021', '200', '4022061', '50', '4022091', '50']	???-07	随机事件	Assets/Product/Texture/Atlas/UiTRPG/UiTRPGStageBg00Sp.png	Assets/Product/Texture/Image/UiTRPG/UiTRPGStageBg00.png		4022021				
4022078		1		7	['4022021', '200', '4022061', '50', '4022091', '50']	???-08	随机事件	Assets/Product/Texture/Atlas/UiTRPG/UiTRPGStageBg00Sp.png	Assets/Product/Texture/Image/UiTRPG/UiTRPGStageBg00.png		4022021				
4022079		1		7	['4022021', '200', '4022061', '50', '4022091', '50']	???-09	随机事件	Assets/Product/Texture/Atlas/UiTRPG/UiTRPGStageBg00Sp.png	Assets/Product/Texture/Image/UiTRPG/UiTRPGStageBg00.png		4022021				
4022871		1		7	['4022021', '200', '4022061', '50', '4022091', '50']	???-10	随机事件0	Assets/Product/Texture/Atlas/UiTRPG/UiTRPGStageBg00Sp.png	Assets/Product/Texture/Image/UiTRPG/UiTRPGStageBg00.png		4022021				
4022872		1		7	['4022021', '200', '4022061', '50', '4022091', '50']	???-11	随机事件1	Assets/Product/Texture/Atlas/UiTRPG/UiTRPGStageBg00Sp.png	Assets/Product/Texture/Image/UiTRPG/UiTRPGStageBg00.png		4022021				
4022873		1		7	['4022021', '200', '4022061', '50', '4022091', '50']	???-12	随机事件2	Assets/Product/Texture/Atlas/UiTRPG/UiTRPGStageBg00Sp.png	Assets/Product/Texture/Image/UiTRPG/UiTRPGStageBg00.png		4022021				
4022874		1		7	['4022021', '200', '4022061', '50', '4022091', '50']	???-13	随机事件3	Assets/Product/Texture/Atlas/UiTRPG/UiTRPGStageBg00Sp.png	Assets/Product/Texture/Image/UiTRPG/UiTRPGStageBg00.png		4022021				
4022875		1		7	['4022021', '200', '4022061', '50', '4022091', '50']	???-14	随机事件4	Assets/Product/Texture/Atlas/UiTRPG/UiTRPGStageBg00Sp.png	Assets/Product/Texture/Image/UiTRPG/UiTRPGStageBg00.png		4022021				
4022876		1		7	['4022021', '200', '4022061', '50', '4022091', '50']	???-15	随机事件5	Assets/Product/Texture/Atlas/UiTRPG/UiTRPGStageBg00Sp.png	Assets/Product/Texture/Image/UiTRPG/UiTRPGStageBg00.png		4022021				
4022081				8	['4023', '1', '4']	Go-01	第3区域	Assets/Product/Texture/Atlas/UiTRPG/UiTRPGStageBg7021Sp.png	Assets/Product/Texture/Image/UiTRPG/UiTRPGStageBg7021.png	Assets/Product/Texture/Atlas/UiTRPG/UiTRPGIconMaze07.png					
4022082				8	['4021', '1', '6']	Go-02	第1区域	Assets/Product/Texture/Atlas/UiTRPG/UiTRPGStageBg7021Sp.png	Assets/Product/Texture/Image/UiTRPG/UiTRPGStageBg7021.png	Assets/Product/Texture/Atlas/UiTRPG/UiTRPGIconMaze07.png					
4022091		1		9	['16', '30200051', '400530', '4022031']	Fight-01	异合生物群聚	Assets/Product/Texture/Atlas/UiTRPG/UiTRPGStageBg9000Sp.png	Assets/Product/Texture/Image/UiTRPG/UiTRPGStageBg9000.png	Assets/Product/Texture/Atlas/UiTRPG/UiTRPGIconMaze01.png	4022021	在断片裂谷里形成的异合生物群聚，甚至形成了一定的生态系统，这也是模仿生物得来的结果还是只是某种指令使然……现在还没有定论。	目前的实力可以迅速解决这场战斗。		
4022092		1		9	['16', '30200052', '400530', '4022031']	Fight-02	异合生物群聚	Assets/Product/Texture/Atlas/UiTRPG/UiTRPGStageBg9000Sp.png	Assets/Product/Texture/Image/UiTRPG/UiTRPGStageBg9000.png	Assets/Product/Texture/Atlas/UiTRPG/UiTRPGIconMaze01.png	4022021	在断片裂谷里形成的异合生物群聚，甚至形成了一定的生态系统，这也是模仿生物得来的结果还是只是某种指令使然……现在还没有定论。	目前的实力可以迅速解决这场战斗。		
4022093		1		9	['16', '30200051', '400530', '4022031']	Fight-03	异合生物群聚	Assets/Product/Texture/Atlas/UiTRPG/UiTRPGStageBg9000Sp.png	Assets/Product/Texture/Image/UiTRPG/UiTRPGStageBg9000.png	Assets/Product/Texture/Atlas/UiTRPG/UiTRPGIconMaze01.png	4022021	在断片裂谷里形成的异合生物群聚，甚至形成了一定的生态系统，这也是模仿生物得来的结果还是只是某种指令使然……现在还没有定论。	目前的实力可以迅速解决这场战斗。		
4022094		1		9	['16', '30200052', '400530', '4022031']	Fight-04	异合生物群聚	Assets/Product/Texture/Atlas/UiTRPG/UiTRPGStageBg9000Sp.png	Assets/Product/Texture/Image/UiTRPG/UiTRPGStageBg9000.png	Assets/Product/Texture/Atlas/UiTRPG/UiTRPGIconMaze01.png	4022021	在断片裂谷里形成的异合生物群聚，甚至形成了一定的生态系统，这也是模仿生物得来的结果还是只是某种指令使然……现在还没有定论。	目前的实力可以迅速解决这场战斗。		
4022095		1		9	['16', '30200051', '400530', '4022031']	Fight-05	异合生物群聚	Assets/Product/Texture/Atlas/UiTRPG/UiTRPGStageBg9000Sp.png	Assets/Product/Texture/Image/UiTRPG/UiTRPGStageBg9000.png	Assets/Product/Texture/Atlas/UiTRPG/UiTRPGIconMaze01.png	4022021	在断片裂谷里形成的异合生物群聚，甚至形成了一定的生态系统，这也是模仿生物得来的结果还是只是某种指令使然……现在还没有定论。	目前的实力可以迅速解决这场战斗。		
4022096		1		9	['16', '30200052', '400530', '4022031']	Fight-06	异合生物群聚	Assets/Product/Texture/Atlas/UiTRPG/UiTRPGStageBg9000Sp.png	Assets/Product/Texture/Image/UiTRPG/UiTRPGStageBg9000.png	Assets/Product/Texture/Atlas/UiTRPG/UiTRPGIconMaze01.png	4022021	在断片裂谷里形成的异合生物群聚，甚至形成了一定的生态系统，这也是模仿生物得来的结果还是只是某种指令使然……现在还没有定论。	目前的实力可以迅速解决这场战斗。		
4022097		1		9	['16', '30200051', '400530', '4022031']	Fight-07	异合生物群聚	Assets/Product/Texture/Atlas/UiTRPG/UiTRPGStageBg9000Sp.png	Assets/Product/Texture/Image/UiTRPG/UiTRPGStageBg9000.png	Assets/Product/Texture/Atlas/UiTRPG/UiTRPGIconMaze01.png	4022021	在断片裂谷里形成的异合生物群聚，甚至形成了一定的生态系统，这也是模仿生物得来的结果还是只是某种指令使然……现在还没有定论。	目前的实力可以迅速解决这场战斗。		
4022098		1		9	['16', '30200052', '400530', '4022031']	Fight-08	异合生物群聚	Assets/Product/Texture/Atlas/UiTRPG/UiTRPGStageBg9000Sp.png	Assets/Product/Texture/Image/UiTRPG/UiTRPGStageBg9000.png	Assets/Product/Texture/Atlas/UiTRPG/UiTRPGIconMaze01.png	4022021	在断片裂谷里形成的异合生物群聚，甚至形成了一定的生态系统，这也是模仿生物得来的结果还是只是某种指令使然……现在还没有定论。	目前的实力可以迅速解决这场战斗。		
4022099		1		9	['16', '30200051', '400530', '4022031']	Fight-09	异合生物群聚	Assets/Product/Texture/Atlas/UiTRPG/UiTRPGStageBg9000Sp.png	Assets/Product/Texture/Image/UiTRPG/UiTRPGStageBg9000.png	Assets/Product/Texture/Atlas/UiTRPG/UiTRPGIconMaze01.png	4022021	在断片裂谷里形成的异合生物群聚，甚至形成了一定的生态系统，这也是模仿生物得来的结果还是只是某种指令使然……现在还没有定论。	目前的实力可以迅速解决这场战斗。		
4022891		1		9	['16', '30200052', '400530', '4022031']	Fight-10	异合生物群聚	Assets/Product/Texture/Atlas/UiTRPG/UiTRPGStageBg9000Sp.png	Assets/Product/Texture/Image/UiTRPG/UiTRPGStageBg9000.png	Assets/Product/Texture/Atlas/UiTRPG/UiTRPGIconMaze01.png	4022021	在断片裂谷里形成的异合生物群聚，甚至形成了一定的生态系统，这也是模仿生物得来的结果还是只是某种指令使然……现在还没有定论。	目前的实力可以迅速解决这场战斗。		
4022892		1		9	['16', '30200051', '400530', '4022031']	Fight-11	异合生物群聚	Assets/Product/Texture/Atlas/UiTRPG/UiTRPGStageBg9000Sp.png	Assets/Product/Texture/Image/UiTRPG/UiTRPGStageBg9000.png	Assets/Product/Texture/Atlas/UiTRPG/UiTRPGIconMaze01.png	4022021	在断片裂谷里形成的异合生物群聚，甚至形成了一定的生态系统，这也是模仿生物得来的结果还是只是某种指令使然……现在还没有定论。	目前的实力可以迅速解决这场战斗。		
4022893		1		9	['16', '30200052', '400530', '4022031']	Fight-12	异合生物群聚	Assets/Product/Texture/Atlas/UiTRPG/UiTRPGStageBg9000Sp.png	Assets/Product/Texture/Image/UiTRPG/UiTRPGStageBg9000.png	Assets/Product/Texture/Atlas/UiTRPG/UiTRPGIconMaze01.png	4022021	在断片裂谷里形成的异合生物群聚，甚至形成了一定的生态系统，这也是模仿生物得来的结果还是只是某种指令使然……现在还没有定论。	目前的实力可以迅速解决这场战斗。		
4022894		1		9	['16', '30200051', '400530', '4022031']	Fight-13	异合生物群聚	Assets/Product/Texture/Atlas/UiTRPG/UiTRPGStageBg9000Sp.png	Assets/Product/Texture/Image/UiTRPG/UiTRPGStageBg9000.png	Assets/Product/Texture/Atlas/UiTRPG/UiTRPGIconMaze01.png	4022021	在断片裂谷里形成的异合生物群聚，甚至形成了一定的生态系统，这也是模仿生物得来的结果还是只是某种指令使然……现在还没有定论。	目前的实力可以迅速解决这场战斗。		
4022895		1		9	['16', '30200052', '400530', '4022031']	Fight-14	异合生物群聚	Assets/Product/Texture/Atlas/UiTRPG/UiTRPGStageBg9000Sp.png	Assets/Product/Texture/Image/UiTRPG/UiTRPGStageBg9000.png	Assets/Product/Texture/Atlas/UiTRPG/UiTRPGIconMaze01.png	4022021	在断片裂谷里形成的异合生物群聚，甚至形成了一定的生态系统，这也是模仿生物得来的结果还是只是某种指令使然……现在还没有定论。	目前的实力可以迅速解决这场战斗。		
4022896		1		9	['16', '30200051', '400530', '4022031']	Fight-15	异合生物群聚	Assets/Product/Texture/Atlas/UiTRPG/UiTRPGStageBg9000Sp.png	Assets/Product/Texture/Image/UiTRPG/UiTRPGStageBg9000.png	Assets/Product/Texture/Atlas/UiTRPG/UiTRPGIconMaze01.png	4022021	在断片裂谷里形成的异合生物群聚，甚至形成了一定的生态系统，这也是模仿生物得来的结果还是只是某种指令使然……现在还没有定论。	目前的实力可以迅速解决这场战斗。		
4022101				10		Out	出去外面	Assets/Product/Texture/Atlas/UiTRPG/UiTRPGStageBg7021Sp.png	Assets/Product/Texture/Image/UiTRPG/UiTRPGStageBg7021.png	Assets/Product/Texture/Atlas/UiTRPG/UiTRPGIconMaze09.png					
4023011				1		Cliff path	断崖平台	Assets/Product/Texture/Atlas/UiTRPG/UiTRPGStageBg1022Sp.png	Assets/Product/Texture/Image/UiTRPG/UiTRPGStageBg1022.png						
4023012				1		Cliff path	断崖平台	Assets/Product/Texture/Atlas/UiTRPG/UiTRPGStageBg1024Sp.png	Assets/Product/Texture/Image/UiTRPG/UiTRPGStageBg1024.png						
4023021				2		Xeno-cliff	异聚石壁	Assets/Product/Texture/Atlas/UiTRPG/UiTRPGStageBg2022Sp.png	Assets/Product/Texture/Image/UiTRPG/UiTRPGStageBg2022.png						
4023022				2		Xeno-cliff	异聚石壁	Assets/Product/Texture/Atlas/UiTRPG/UiTRPGStageBg2023Sp.png	Assets/Product/Texture/Image/UiTRPG/UiTRPGStageBg2023.png						
4023041	1		3	4	['ZX01652BA']	Story-01	决意	Assets/Product/Texture/Atlas/UiTRPG/UiTRPGStageBg3033Sp.png	Assets/Product/Texture/Image/UiTRPG/UiTRPGStageBg3033.png	Assets/Product/Texture/Atlas/UiTRPG/UiTRPGIconMaze02.png	4023021	文本剧情1		1	
4023042	1		3	4	['ZX01653BA']	Story-02	人鱼的目的	Assets/Product/Texture/Atlas/UiTRPG/UiTRPGStageBg3033Sp.png	Assets/Product/Texture/Image/UiTRPG/UiTRPGStageBg3033.png	Assets/Product/Texture/Atlas/UiTRPG/UiTRPGIconMaze02.png	4023021	文本剧情2废弃		1	
4023051	1		2	5	['4023051', '1', '0']	Test-01	人鱼的目的	Assets/Product/Texture/Atlas/UiTRPG/UiTRPGStageBg5022Sp.png	Assets/Product/Texture/Image/UiTRPG/UiTRPGStageBg5022.png	Assets/Product/Texture/Atlas/UiTRPG/UiTRPGIconMaze06.png	4023021	检定剧情1			
4023052	1		2	5	['4023052', '1', '0']	Test-02	决意	Assets/Product/Texture/Atlas/UiTRPG/UiTRPGStageBg5020Sp.png	Assets/Product/Texture/Image/UiTRPG/UiTRPGStageBg5020.png	Assets/Product/Texture/Atlas/UiTRPG/UiTRPGIconMaze06.png	4023021	检定1			
4023053	1		2	5	['4023053', '1', '0']	Test-03	检定2废弃	Assets/Product/Texture/Atlas/UiTRPG/UiTRPGStageBg5020Sp.png	Assets/Product/Texture/Image/UiTRPG/UiTRPGStageBg5020.png	Assets/Product/Texture/Atlas/UiTRPG/UiTRPGIconMaze06.png	4023021	检定3废弃			
4023054	1		2	5	['4023054', '1', '0']	Test-02	追赶拉弥亚	Assets/Product/Texture/Atlas/UiTRPG/UiTRPGStageBg5022Sp.png	Assets/Product/Texture/Image/UiTRPG/UiTRPGStageBg5022.png	Assets/Product/Texture/Atlas/UiTRPG/UiTRPGIconMaze06.png	4023021	封锁1			
4023055	1		2	5	['4023055', '1', '0']	Test-03	封锁废弃	Assets/Product/Texture/Atlas/UiTRPG/UiTRPGStageBg5000Sp.png	Assets/Product/Texture/Image/UiTRPG/UiTRPGStageBg5000.png	Assets/Product/Texture/Atlas/UiTRPG/UiTRPGIconMaze06.png	4023021	封锁2			
4023056		1		5	['4023056', '0', '0']	Trap-01	垂死挣扎	Assets/Product/Texture/Atlas/UiTRPG/UiTRPGStageBg8000Sp.png	Assets/Product/Texture/Image/UiTRPG/UiTRPGStageBg8000.png	Assets/Product/Texture/Atlas/UiTRPG/UiTRPGIconMaze05.png	4023021	陷阱牌1			
4023057		1		5	['4023057', '0', '0']	Trap-02	垂死挣扎	Assets/Product/Texture/Atlas/UiTRPG/UiTRPGStageBg8000Sp.png	Assets/Product/Texture/Image/UiTRPG/UiTRPGStageBg8000.png	Assets/Product/Texture/Atlas/UiTRPG/UiTRPGIconMaze05.png	4023021	陷阱牌2			
4023058		1		5	['4023058', '0', '0']	Trap-03	垂死挣扎	Assets/Product/Texture/Atlas/UiTRPG/UiTRPGStageBg8000Sp.png	Assets/Product/Texture/Image/UiTRPG/UiTRPGStageBg8000.png	Assets/Product/Texture/Atlas/UiTRPG/UiTRPGIconMaze05.png	4023021	陷阱牌3			
4023061	1		1	6	['400502']	Reward-01	残存物资	Assets/Product/Texture/Atlas/UiTRPG/UiTRPGStageBg6000Sp.png	Assets/Product/Texture/Image/UiTRPG/UiTRPGStageBg6000.png	Assets/Product/Texture/Atlas/UiTRPG/UiTRPGIconMaze04.png	4023021				
4023062	1		1	6	['400510']	Reward-02	残存物资	Assets/Product/Texture/Atlas/UiTRPG/UiTRPGStageBg6000Sp.png	Assets/Product/Texture/Image/UiTRPG/UiTRPGStageBg6000.png	Assets/Product/Texture/Atlas/UiTRPG/UiTRPGIconMaze04.png	4023021				
4023063	1		1	6	['400502']	Reward-03	残存物资	Assets/Product/Texture/Atlas/UiTRPG/UiTRPGStageBg6000Sp.png	Assets/Product/Texture/Image/UiTRPG/UiTRPGStageBg6000.png	Assets/Product/Texture/Atlas/UiTRPG/UiTRPGIconMaze04.png	4023021				
4023064	1		1	6	['400637']	Reward-04	贵重物资	Assets/Product/Texture/Atlas/UiTRPG/UiTRPGStageBg6001Sp.png	Assets/Product/Texture/Image/UiTRPG/UiTRPGStageBg6001.png	Assets/Product/Texture/Atlas/UiTRPG/UiTRPGIconMaze04.png	4023021				
4023071		1		7	['4023021', '200', '4023061', '50', '4023091', '50']	???-01	随机事件	Assets/Product/Texture/Atlas/UiTRPG/UiTRPGStageBg00Sp.png	Assets/Product/Texture/Image/UiTRPG/UiTRPGStageBg00.png		4023021				
4023072		1		7	['4023021', '200', '4023061', '50', '4023091', '50']	???-02	随机事件	Assets/Product/Texture/Atlas/UiTRPG/UiTRPGStageBg00Sp.png	Assets/Product/Texture/Image/UiTRPG/UiTRPGStageBg00.png		4023021				
4023073		1		7	['4023021', '200', '4023061', '50', '4023091', '50']	???-03	随机事件	Assets/Product/Texture/Atlas/UiTRPG/UiTRPGStageBg00Sp.png	Assets/Product/Texture/Image/UiTRPG/UiTRPGStageBg00.png		4023021				
4023074		1		7	['4023021', '200', '4023061', '50', '4023091', '50']	???-04	随机事件	Assets/Product/Texture/Atlas/UiTRPG/UiTRPGStageBg00Sp.png	Assets/Product/Texture/Image/UiTRPG/UiTRPGStageBg00.png		4023021				
4023075		1		7	['4023021', '200', '4023061', '50', '4023091', '50']	???-05	随机事件	Assets/Product/Texture/Atlas/UiTRPG/UiTRPGStageBg00Sp.png	Assets/Product/Texture/Image/UiTRPG/UiTRPGStageBg00.png		4023021				
4023081				8	['4024', '1', '6']	Go-01	第4区域	Assets/Product/Texture/Atlas/UiTRPG/UiTRPGStageBg7021Sp.png	Assets/Product/Texture/Image/UiTRPG/UiTRPGStageBg7021.png	Assets/Product/Texture/Atlas/UiTRPG/UiTRPGIconMaze07.png					
4023082				8	['4022', '1', '3']	Go-02	第2区域	Assets/Product/Texture/Atlas/UiTRPG/UiTRPGStageBg7021Sp.png	Assets/Product/Texture/Image/UiTRPG/UiTRPGStageBg7021.png	Assets/Product/Texture/Atlas/UiTRPG/UiTRPGIconMaze07.png					
4023091		1		9	['16', '30200053', '400530', '4023031']	Fight-01	异合生物群聚	Assets/Product/Texture/Atlas/UiTRPG/UiTRPGStageBg9000Sp.png	Assets/Product/Texture/Image/UiTRPG/UiTRPGStageBg9000.png	Assets/Product/Texture/Atlas/UiTRPG/UiTRPGIconMaze01.png	4023021	在断片裂谷里形成的异合生物群聚，甚至形成了一定的生态系统，这也是模仿生物得来的结果还是只是某种指令使然……现在还没有定论。	目前的实力可以迅速解决这场战斗。		
4023092		1		9	['16', '30200054', '400530', '4023031']	Fight-02	异合生物群聚	Assets/Product/Texture/Atlas/UiTRPG/UiTRPGStageBg9000Sp.png	Assets/Product/Texture/Image/UiTRPG/UiTRPGStageBg9000.png	Assets/Product/Texture/Atlas/UiTRPG/UiTRPGIconMaze01.png	4023021	在断片裂谷里形成的异合生物群聚，甚至形成了一定的生态系统，这也是模仿生物得来的结果还是只是某种指令使然……现在还没有定论。	目前的实力可以迅速解决这场战斗。		
4023093		1		9	['16', '30200053', '400530', '4023031']	Fight-03	异合生物群聚	Assets/Product/Texture/Atlas/UiTRPG/UiTRPGStageBg9000Sp.png	Assets/Product/Texture/Image/UiTRPG/UiTRPGStageBg9000.png	Assets/Product/Texture/Atlas/UiTRPG/UiTRPGIconMaze01.png	4023021	在断片裂谷里形成的异合生物群聚，甚至形成了一定的生态系统，这也是模仿生物得来的结果还是只是某种指令使然……现在还没有定论。	目前的实力可以迅速解决这场战斗。		
4023094		1		9	['16', '30200054', '400530', '4023031']	Fight-04	异合生物群聚	Assets/Product/Texture/Atlas/UiTRPG/UiTRPGStageBg9000Sp.png	Assets/Product/Texture/Image/UiTRPG/UiTRPGStageBg9000.png	Assets/Product/Texture/Atlas/UiTRPG/UiTRPGIconMaze01.png	4023021	在断片裂谷里形成的异合生物群聚，甚至形成了一定的生态系统，这也是模仿生物得来的结果还是只是某种指令使然……现在还没有定论。	目前的实力可以迅速解决这场战斗。		
4023095		1		9	['16', '30200053', '400530', '4023031']	Fight-05	异合生物群聚	Assets/Product/Texture/Atlas/UiTRPG/UiTRPGStageBg9000Sp.png	Assets/Product/Texture/Image/UiTRPG/UiTRPGStageBg9000.png	Assets/Product/Texture/Atlas/UiTRPG/UiTRPGIconMaze01.png	4023021	在断片裂谷里形成的异合生物群聚，甚至形成了一定的生态系统，这也是模仿生物得来的结果还是只是某种指令使然……现在还没有定论。	目前的实力可以迅速解决这场战斗。		
4023101				10		Out	出去外面	Assets/Product/Texture/Atlas/UiTRPG/UiTRPGStageBg7021Sp.png	Assets/Product/Texture/Image/UiTRPG/UiTRPGStageBg7021.png	Assets/Product/Texture/Atlas/UiTRPG/UiTRPGIconMaze09.png					
4024011				1		Cliff path	断崖平台	Assets/Product/Texture/Atlas/UiTRPG/UiTRPGStageBg1022Sp.png	Assets/Product/Texture/Image/UiTRPG/UiTRPGStageBg1022.png						
4024012				1		Cliff path	断崖平台	Assets/Product/Texture/Atlas/UiTRPG/UiTRPGStageBg1024Sp.png	Assets/Product/Texture/Image/UiTRPG/UiTRPGStageBg1024.png						
4024021				2		Xeno-cliff	异聚石壁	Assets/Product/Texture/Atlas/UiTRPG/UiTRPGStageBg2022Sp.png	Assets/Product/Texture/Image/UiTRPG/UiTRPGStageBg2022.png						
4024022				2		Xeno-cliff	异聚石壁	Assets/Product/Texture/Atlas/UiTRPG/UiTRPGStageBg2023Sp.png	Assets/Product/Texture/Image/UiTRPG/UiTRPGStageBg2023.png						
4024031	1		3	3	['10130128']	Story	巨大的威胁	Assets/Product/Texture/Atlas/UiTRPG/UiTRPGStageBg3033Sp.png	Assets/Product/Texture/Image/UiTRPG/UiTRPGStageBg3033.png	Assets/Product/Texture/Atlas/UiTRPG/UiTRPGIconMaze02.png	4024021	直面聚噬体的咆哮，除了战斗，无处可逃。		1	ZX01654EA
4024041	1		4	4	['FZ01610BA']	Story	背光	Assets/Product/Texture/Atlas/UiTRPG/UiTRPGStageBg3037Sp.png	Assets/Product/Texture/Image/UiTRPG/UiTRPGStageBg3037.png	Assets/Product/Texture/Atlas/UiTRPG/UiTRPGIconMaze02_2.png	4024021	渎神1		1	
4024051	1		2	5	['4024051', '1', '0']	Test-01	聚噬体的咆哮	Assets/Product/Texture/Atlas/UiTRPG/UiTRPGStageBg5021Sp.png	Assets/Product/Texture/Image/UiTRPG/UiTRPGStageBg5021.png	Assets/Product/Texture/Atlas/UiTRPG/UiTRPGIconMaze06.png	4024021	检定1			
4024052	1		2	5	['4024052', '1', '0']	Test-02	攀登平台	Assets/Product/Texture/Atlas/UiTRPG/UiTRPGStageBg5020Sp.png	Assets/Product/Texture/Image/UiTRPG/UiTRPGStageBg5020.png	Assets/Product/Texture/Atlas/UiTRPG/UiTRPGIconMaze06.png	4024021	检定2			
4024053	1		2	5	['4024053', '1', '0']	Test-03	聚噬体	Assets/Product/Texture/Atlas/UiTRPG/UiTRPGStageBg5021Sp.png	Assets/Product/Texture/Image/UiTRPG/UiTRPGStageBg5021.png	Assets/Product/Texture/Atlas/UiTRPG/UiTRPGIconMaze06.png	4024021	封锁1-1			
4024054	1		2	5	['4024054', '1', '0']	Test-04	聚噬体	Assets/Product/Texture/Atlas/UiTRPG/UiTRPGStageBg5021Sp.png	Assets/Product/Texture/Image/UiTRPG/UiTRPGStageBg5021.png	Assets/Product/Texture/Atlas/UiTRPG/UiTRPGIconMaze06.png	4024021	封锁1-2			
4024055	1		2	5	['4024055', '1', '0']	Test-05	聚噬体	Assets/Product/Texture/Atlas/UiTRPG/UiTRPGStageBg5021Sp.png	Assets/Product/Texture/Image/UiTRPG/UiTRPGStageBg5021.png	Assets/Product/Texture/Atlas/UiTRPG/UiTRPGIconMaze06.png	4024021	封锁1-3			
4024056	1		2	5	['4024056', '1', '0']	Test-06	聚噬体	Assets/Product/Texture/Atlas/UiTRPG/UiTRPGStageBg5021Sp.png	Assets/Product/Texture/Image/UiTRPG/UiTRPGStageBg5021.png	Assets/Product/Texture/Atlas/UiTRPG/UiTRPGIconMaze06.png	4024021	封锁1-4			
4024057	1		2	5	['4024057', '1', '0']	Test-07	右手秘钥	Assets/Product/Texture/Atlas/UiTRPG/UiTRPGStageBg5020Sp.png	Assets/Product/Texture/Image/UiTRPG/UiTRPGStageBg5020.png	Assets/Product/Texture/Atlas/UiTRPG/UiTRPGIconMaze06.png	4024021	封锁2			
4024058	1		2	5	['4024058', '1', '0']	Test-08	数据碎片-渎神	Assets/Product/Texture/Atlas/UiTRPG/UiTRPGStageBg5020Sp.png	Assets/Product/Texture/Image/UiTRPG/UiTRPGStageBg5020.png	Assets/Product/Texture/Atlas/UiTRPG/UiTRPGIconMaze06.png	4024021	封锁3-1			
4024059		1		5	['4024059', '0', '0']	Trap-01	垂死挣扎	Assets/Product/Texture/Atlas/UiTRPG/UiTRPGStageBg8000Sp.png	Assets/Product/Texture/Image/UiTRPG/UiTRPGStageBg8000.png	Assets/Product/Texture/Atlas/UiTRPG/UiTRPGIconMaze05.png	4024021	陷阱牌1			
4024851		1		5	['4024851', '0', '0']	Trap-02	垂死挣扎	Assets/Product/Texture/Atlas/UiTRPG/UiTRPGStageBg8000Sp.png	Assets/Product/Texture/Image/UiTRPG/UiTRPGStageBg8000.png	Assets/Product/Texture/Atlas/UiTRPG/UiTRPGIconMaze05.png	4024021	陷阱牌2			
4024852		1		5	['4024852', '0', '0']	Trap-03	垂死挣扎	Assets/Product/Texture/Atlas/UiTRPG/UiTRPGStageBg8000Sp.png	Assets/Product/Texture/Image/UiTRPG/UiTRPGStageBg8000.png	Assets/Product/Texture/Atlas/UiTRPG/UiTRPGIconMaze05.png	4024021	陷阱牌3			
4024853		1		5	['4024853', '0', '0']	Trap-04	垂死挣扎	Assets/Product/Texture/Atlas/UiTRPG/UiTRPGStageBg8000Sp.png	Assets/Product/Texture/Image/UiTRPG/UiTRPGStageBg8000.png	Assets/Product/Texture/Atlas/UiTRPG/UiTRPGIconMaze05.png	4024021	陷阱牌4			
4024854	1		2	5	['4024854', '1', '0']	Test-08	数据碎片-渎神	Assets/Product/Texture/Atlas/UiTRPG/UiTRPGStageBg5020Sp.png	Assets/Product/Texture/Image/UiTRPG/UiTRPGStageBg5020.png	Assets/Product/Texture/Atlas/UiTRPG/UiTRPGIconMaze06.png	4024021	封锁3-2			
4024855	1		2	5	['4024855', '1', '0']	Test-08	数据碎片-渎神	Assets/Product/Texture/Atlas/UiTRPG/UiTRPGStageBg5020Sp.png	Assets/Product/Texture/Image/UiTRPG/UiTRPGStageBg5020.png	Assets/Product/Texture/Atlas/UiTRPG/UiTRPGIconMaze06.png	4024021	封锁3-3			
4024061	1		1	6	['400502']	Reward-01	残存物资	Assets/Product/Texture/Atlas/UiTRPG/UiTRPGStageBg6000Sp.png	Assets/Product/Texture/Image/UiTRPG/UiTRPGStageBg6000.png	Assets/Product/Texture/Atlas/UiTRPG/UiTRPGIconMaze04.png	4024021				
4024062	1		1	6	['400502']	Reward-02	残存物资	Assets/Product/Texture/Atlas/UiTRPG/UiTRPGStageBg6000Sp.png	Assets/Product/Texture/Image/UiTRPG/UiTRPGStageBg6000.png	Assets/Product/Texture/Atlas/UiTRPG/UiTRPGIconMaze04.png	4024021				
4024063	1		1	6	['400502']	Reward-03	残存物资	Assets/Product/Texture/Atlas/UiTRPG/UiTRPGStageBg6000Sp.png	Assets/Product/Texture/Image/UiTRPG/UiTRPGStageBg6000.png	Assets/Product/Texture/Atlas/UiTRPG/UiTRPGIconMaze04.png	4024021				
4024064	1		1	6	['400638']	Reward-03	贵重物资	Assets/Product/Texture/Atlas/UiTRPG/UiTRPGStageBg6001Sp.png	Assets/Product/Texture/Image/UiTRPG/UiTRPGStageBg6001.png	Assets/Product/Texture/Atlas/UiTRPG/UiTRPGIconMaze04.png	4024021				
4024065	1		1	6	['400513']	Reward-04	残存物资	Assets/Product/Texture/Atlas/UiTRPG/UiTRPGStageBg6001Sp.png	Assets/Product/Texture/Image/UiTRPG/UiTRPGStageBg6001.png	Assets/Product/Texture/Atlas/UiTRPG/UiTRPGIconMaze04.png	4024021				
4024066	1		1	6	['400644']	Reward-05	贵重物资	Assets/Product/Texture/Atlas/UiTRPG/UiTRPGStageBg6001Sp.png	Assets/Product/Texture/Image/UiTRPG/UiTRPGStageBg6001.png	Assets/Product/Texture/Atlas/UiTRPG/UiTRPGIconMaze04.png	4024021				
4024071		1		7	['4024021', '200', '4024061', '50', '4024091', '50']	???-01	随机事件	Assets/Product/Texture/Atlas/UiTRPG/UiTRPGStageBg00Sp.png	Assets/Product/Texture/Image/UiTRPG/UiTRPGStageBg00.png		4024021				
4024072		1		7	['4024021', '200', '4024061', '50', '4024091', '50']	???-02	随机事件	Assets/Product/Texture/Atlas/UiTRPG/UiTRPGStageBg00Sp.png	Assets/Product/Texture/Image/UiTRPG/UiTRPGStageBg00.png		4024021				
4024073		1		7	['4024021', '200', '4024061', '50', '4024091', '50']	???-03	随机事件	Assets/Product/Texture/Atlas/UiTRPG/UiTRPGStageBg00Sp.png	Assets/Product/Texture/Image/UiTRPG/UiTRPGStageBg00.png		4024021				
4024074		1		7	['4024021', '200', '4024061', '50', '4024091', '50']	???-04	随机事件	Assets/Product/Texture/Atlas/UiTRPG/UiTRPGStageBg00Sp.png	Assets/Product/Texture/Image/UiTRPG/UiTRPGStageBg00.png		4024021				
4024075		1		7	['4024021', '200', '4024061', '50', '4024091', '50']	???-05	随机事件	Assets/Product/Texture/Atlas/UiTRPG/UiTRPGStageBg00Sp.png	Assets/Product/Texture/Image/UiTRPG/UiTRPGStageBg00.png		4024021				
4024076		1		7	['4024021', '200', '4024061', '50', '4024091', '50']	???-06	随机事件	Assets/Product/Texture/Atlas/UiTRPG/UiTRPGStageBg00Sp.png	Assets/Product/Texture/Image/UiTRPG/UiTRPGStageBg00.png		4024021				
4024077		1		7	['4024021', '200', '4024061', '50', '4024091', '50']	???-07	随机事件	Assets/Product/Texture/Atlas/UiTRPG/UiTRPGStageBg00Sp.png	Assets/Product/Texture/Image/UiTRPG/UiTRPGStageBg00.png		4024021				
4024078		1		7	['4024021', '200', '4024061', '50', '4024091', '50']	???-08	随机事件	Assets/Product/Texture/Atlas/UiTRPG/UiTRPGStageBg00Sp.png	Assets/Product/Texture/Image/UiTRPG/UiTRPGStageBg00.png		4024021				
4024081				8	['4023', '1', '4']	Go-01	第3区域	Assets/Product/Texture/Atlas/UiTRPG/UiTRPGStageBg7021Sp.png	Assets/Product/Texture/Image/UiTRPG/UiTRPGStageBg7021.png	Assets/Product/Texture/Atlas/UiTRPG/UiTRPGIconMaze07.png					
4024082				8	['4023', '1', '4']	Go-02	第3区域	Assets/Product/Texture/Atlas/UiTRPG/UiTRPGStageBg7021Sp.png	Assets/Product/Texture/Image/UiTRPG/UiTRPGStageBg7021.png	Assets/Product/Texture/Atlas/UiTRPG/UiTRPGIconMaze07.png					
4024091		1		9	['17', '30200055', '400530', '4024031']	Fight-01	异合生物群聚	Assets/Product/Texture/Atlas/UiTRPG/UiTRPGStageBg9000Sp.png	Assets/Product/Texture/Image/UiTRPG/UiTRPGStageBg9000.png	Assets/Product/Texture/Atlas/UiTRPG/UiTRPGIconMaze01.png	4024021	在断片裂谷里形成的异合生物群聚，甚至形成了一定的生态系统，这也是模仿生物得来的结果还是只是某种指令使然……现在还没有定论。	目前的实力可以迅速解决这场战斗。		
4024092		1		9	['17', '30200056', '400530', '4024031']	Fight-02	异合生物群聚	Assets/Product/Texture/Atlas/UiTRPG/UiTRPGStageBg9000Sp.png	Assets/Product/Texture/Image/UiTRPG/UiTRPGStageBg9000.png	Assets/Product/Texture/Atlas/UiTRPG/UiTRPGIconMaze01.png	4024021	在断片裂谷里形成的异合生物群聚，甚至形成了一定的生态系统，这也是模仿生物得来的结果还是只是某种指令使然……现在还没有定论。	目前的实力可以迅速解决这场战斗。		
4024093		1		9	['17', '30200055', '400530', '4024031']	Fight-03	异合生物群聚	Assets/Product/Texture/Atlas/UiTRPG/UiTRPGStageBg9000Sp.png	Assets/Product/Texture/Image/UiTRPG/UiTRPGStageBg9000.png	Assets/Product/Texture/Atlas/UiTRPG/UiTRPGIconMaze01.png	4024021	在断片裂谷里形成的异合生物群聚，甚至形成了一定的生态系统，这也是模仿生物得来的结果还是只是某种指令使然……现在还没有定论。	目前的实力可以迅速解决这场战斗。		
4024094		1		9	['17', '30200056', '400530', '4024031']	Fight-04	异合生物群聚	Assets/Product/Texture/Atlas/UiTRPG/UiTRPGStageBg9000Sp.png	Assets/Product/Texture/Image/UiTRPG/UiTRPGStageBg9000.png	Assets/Product/Texture/Atlas/UiTRPG/UiTRPGIconMaze01.png	4024021	在断片裂谷里形成的异合生物群聚，甚至形成了一定的生态系统，这也是模仿生物得来的结果还是只是某种指令使然……现在还没有定论。	目前的实力可以迅速解决这场战斗。		
4024095		1		9	['17', '30200055', '400530', '4024031']	Fight-05	异合生物群聚	Assets/Product/Texture/Atlas/UiTRPG/UiTRPGStageBg9000Sp.png	Assets/Product/Texture/Image/UiTRPG/UiTRPGStageBg9000.png	Assets/Product/Texture/Atlas/UiTRPG/UiTRPGIconMaze01.png	4024021	在断片裂谷里形成的异合生物群聚，甚至形成了一定的生态系统，这也是模仿生物得来的结果还是只是某种指令使然……现在还没有定论。	目前的实力可以迅速解决这场战斗。		
4024096		1		9	['17', '30200056', '400530', '4024031']	Fight-06	异合生物群聚	Assets/Product/Texture/Atlas/UiTRPG/UiTRPGStageBg9000Sp.png	Assets/Product/Texture/Image/UiTRPG/UiTRPGStageBg9000.png	Assets/Product/Texture/Atlas/UiTRPG/UiTRPGIconMaze01.png	4024021	在断片裂谷里形成的异合生物群聚，甚至形成了一定的生态系统，这也是模仿生物得来的结果还是只是某种指令使然……现在还没有定论。	目前的实力可以迅速解决这场战斗。		
4024097		1		9	['17', '30200055', '400530', '4024031']	Fight-07	异合生物群聚	Assets/Product/Texture/Atlas/UiTRPG/UiTRPGStageBg9000Sp.png	Assets/Product/Texture/Image/UiTRPG/UiTRPGStageBg9000.png	Assets/Product/Texture/Atlas/UiTRPG/UiTRPGIconMaze01.png	4024021	在断片裂谷里形成的异合生物群聚，甚至形成了一定的生态系统，这也是模仿生物得来的结果还是只是某种指令使然……现在还没有定论。	目前的实力可以迅速解决这场战斗。		
4024098		1		9	['17', '30200056', '400530', '4024031']	Fight-08	异合生物群聚	Assets/Product/Texture/Atlas/UiTRPG/UiTRPGStageBg9000Sp.png	Assets/Product/Texture/Image/UiTRPG/UiTRPGStageBg9000.png	Assets/Product/Texture/Atlas/UiTRPG/UiTRPGIconMaze01.png	4024021	在断片裂谷里形成的异合生物群聚，甚至形成了一定的生态系统，这也是模仿生物得来的结果还是只是某种指令使然……现在还没有定论。	目前的实力可以迅速解决这场战斗。		
4024099		1		9	['17', '30200055', '400530', '4024031']	Fight-09	异合生物群聚	Assets/Product/Texture/Atlas/UiTRPG/UiTRPGStageBg9000Sp.png	Assets/Product/Texture/Image/UiTRPG/UiTRPGStageBg9000.png	Assets/Product/Texture/Atlas/UiTRPG/UiTRPGIconMaze01.png	4024021	在断片裂谷里形成的异合生物群聚，甚至形成了一定的生态系统，这也是模仿生物得来的结果还是只是某种指令使然……现在还没有定论。	目前的实力可以迅速解决这场战斗。		
4024101				10		Out	出去外面	Assets/Product/Texture/Atlas/UiTRPG/UiTRPGStageBg7021Sp.png	Assets/Product/Texture/Image/UiTRPG/UiTRPGStageBg7021.png	Assets/Product/Texture/Atlas/UiTRPG/UiTRPGIconMaze09.png					
4031011				1		Cliff path	断崖平台	Assets/Product/Texture/Atlas/UiTRPG/UiTRPGStageBg1022Sp.png	Assets/Product/Texture/Image/UiTRPG/UiTRPGStageBg1022.png						
4031012				1		Cliff path	断崖平台	Assets/Product/Texture/Atlas/UiTRPG/UiTRPGStageBg1024Sp.png	Assets/Product/Texture/Image/UiTRPG/UiTRPGStageBg1024.png						
4031021				2		Xeno-cliff	异聚石壁	Assets/Product/Texture/Atlas/UiTRPG/UiTRPGStageBg2024Sp.png	Assets/Product/Texture/Image/UiTRPG/UiTRPGStageBg2024.png						
4031022				2		Xeno-cliff	异聚石壁	Assets/Product/Texture/Atlas/UiTRPG/UiTRPGStageBg2025Sp.png	Assets/Product/Texture/Image/UiTRPG/UiTRPGStageBg2025.png						
4031031	1		3	3	['10130129']	Story	分秒必争	Assets/Product/Texture/Atlas/UiTRPG/UiTRPGStageBg3035Sp.png	Assets/Product/Texture/Image/UiTRPG/UiTRPGStageBg3035.png	Assets/Product/Texture/Atlas/UiTRPG/UiTRPGIconMaze02.png	4031021	虽然面前有着无数的敌人，但是露西亚相信，这来自背后的子弹和光束，将为自己扫平所有的障碍。		1	ZX01656EA
4031041	1		3	4	['ZX01655BA']	Story-01	自白	Assets/Product/Texture/Atlas/UiTRPG/UiTRPGStageBg3035Sp.png	Assets/Product/Texture/Image/UiTRPG/UiTRPGStageBg3035.png	Assets/Product/Texture/Atlas/UiTRPG/UiTRPGIconMaze02.png	4031021			1	
4031042	1		4	4	['FZ01609BA']	Story	交易	Assets/Product/Texture/Atlas/UiTRPG/UiTRPGStageBg3037Sp.png	Assets/Product/Texture/Image/UiTRPG/UiTRPGStageBg3037.png	Assets/Product/Texture/Atlas/UiTRPG/UiTRPGIconMaze02_2.png	4031021	池鱼1		1	
4031051	1		2	5	['4031051', '1', '400639']	Test-01	突破围攻	Assets/Product/Texture/Atlas/UiTRPG/UiTRPGStageBg5026Sp.png	Assets/Product/Texture/Image/UiTRPG/UiTRPGStageBg5026.png	Assets/Product/Texture/Atlas/UiTRPG/UiTRPGIconMaze06.png	4031021	检定1			
4031052	1		2	5	['4031052', '1', '0']	Test-02	入侵系统	Assets/Product/Texture/Atlas/UiTRPG/UiTRPGStageBg5024Sp.png	Assets/Product/Texture/Image/UiTRPG/UiTRPGStageBg5024.png	Assets/Product/Texture/Atlas/UiTRPG/UiTRPGIconMaze06.png	4031021	检定2			
4031053	1		2	5	['4031053', '1', '0']	Test-03	包围圈	Assets/Product/Texture/Atlas/UiTRPG/UiTRPGStageBg5025Sp.png	Assets/Product/Texture/Image/UiTRPG/UiTRPGStageBg5025.png	Assets/Product/Texture/Atlas/UiTRPG/UiTRPGIconMaze06.png	4031021	封锁1			
4031054	1		2	5	['4031054', '1', '0']	Test-04	防护破坏	Assets/Product/Texture/Atlas/UiTRPG/UiTRPGStageBg5024Sp.png	Assets/Product/Texture/Image/UiTRPG/UiTRPGStageBg5024.png	Assets/Product/Texture/Atlas/UiTRPG/UiTRPGIconMaze06.png	4031021	封锁2			
4031055	1		2	5	['4031055', '1', '0']	Test-05	数据碎片-池鱼	Assets/Product/Texture/Atlas/UiTRPG/UiTRPGStageBg5026Sp.png	Assets/Product/Texture/Image/UiTRPG/UiTRPGStageBg5026.png	Assets/Product/Texture/Atlas/UiTRPG/UiTRPGIconMaze06.png	4031021	封锁3			
4031056		1		5	['4031056', '0', '0']	Test-05	垂死挣扎	Assets/Product/Texture/Atlas/UiTRPG/UiTRPGStageBg8000Sp.png	Assets/Product/Texture/Image/UiTRPG/UiTRPGStageBg8000.png	Assets/Product/Texture/Atlas/UiTRPG/UiTRPGIconMaze05.png	4031021	陷阱牌1			
4031057		1		5	['4031057', '0', '0']	Test-06	垂死挣扎	Assets/Product/Texture/Atlas/UiTRPG/UiTRPGStageBg8000Sp.png	Assets/Product/Texture/Image/UiTRPG/UiTRPGStageBg8000.png	Assets/Product/Texture/Atlas/UiTRPG/UiTRPGIconMaze05.png	4031021	陷阱牌2			
4031058		1		5	['4031058', '0', '0']	Test-07	垂死挣扎	Assets/Product/Texture/Atlas/UiTRPG/UiTRPGStageBg8000Sp.png	Assets/Product/Texture/Image/UiTRPG/UiTRPGStageBg8000.png	Assets/Product/Texture/Atlas/UiTRPG/UiTRPGIconMaze05.png	4031021	陷阱牌3			
4031059		1		5	['4031059', '0', '0']	Test-08	垂死挣扎	Assets/Product/Texture/Atlas/UiTRPG/UiTRPGStageBg8000Sp.png	Assets/Product/Texture/Image/UiTRPG/UiTRPGStageBg8000.png	Assets/Product/Texture/Atlas/UiTRPG/UiTRPGIconMaze05.png	4031021	陷阱牌4			
4031851		1		5	['4031851', '0', '0']	Trap-01	垂死挣扎	Assets/Product/Texture/Atlas/UiTRPG/UiTRPGStageBg8000Sp.png	Assets/Product/Texture/Image/UiTRPG/UiTRPGStageBg8000.png	Assets/Product/Texture/Atlas/UiTRPG/UiTRPGIconMaze05.png	4031021	陷阱牌5			
4031852		1		5	['4031852', '0', '0']	Trap-02	垂死挣扎	Assets/Product/Texture/Atlas/UiTRPG/UiTRPGStageBg8000Sp.png	Assets/Product/Texture/Image/UiTRPG/UiTRPGStageBg8000.png	Assets/Product/Texture/Atlas/UiTRPG/UiTRPGIconMaze05.png	4031021	陷阱牌6			
4031061	1		1	6	['400653']	Reward-01	贵重物资	Assets/Product/Texture/Atlas/UiTRPG/UiTRPGStageBg6001Sp.png	Assets/Product/Texture/Image/UiTRPG/UiTRPGStageBg6001.png	Assets/Product/Texture/Atlas/UiTRPG/UiTRPGIconMaze04.png	4031021				
4031062	1		1	6	['400502']	Reward-02	残存物资	Assets/Product/Texture/Atlas/UiTRPG/UiTRPGStageBg6000Sp.png	Assets/Product/Texture/Image/UiTRPG/UiTRPGStageBg6000.png	Assets/Product/Texture/Atlas/UiTRPG/UiTRPGIconMaze04.png	4031021				
4031063	1		1	6	['400502']	Reward-03	残存物资	Assets/Product/Texture/Atlas/UiTRPG/UiTRPGStageBg6000Sp.png	Assets/Product/Texture/Image/UiTRPG/UiTRPGStageBg6000.png	Assets/Product/Texture/Atlas/UiTRPG/UiTRPGIconMaze04.png	4031021				
4031064	1		1	6	['400516']	Reward-03	残存物资	Assets/Product/Texture/Atlas/UiTRPG/UiTRPGStageBg6001Sp.png	Assets/Product/Texture/Image/UiTRPG/UiTRPGStageBg6001.png	Assets/Product/Texture/Atlas/UiTRPG/UiTRPGIconMaze04.png	4031021				
4031065	1		1	6	['400640']	Reward-04	贵重物资	Assets/Product/Texture/Atlas/UiTRPG/UiTRPGStageBg6001Sp.png	Assets/Product/Texture/Image/UiTRPG/UiTRPGStageBg6001.png	Assets/Product/Texture/Atlas/UiTRPG/UiTRPGIconMaze04.png	4031021				
4031066	1		1	6	['400645']	Reward-05	贵重物资	Assets/Product/Texture/Atlas/UiTRPG/UiTRPGStageBg6001Sp.png	Assets/Product/Texture/Image/UiTRPG/UiTRPGStageBg6001.png	Assets/Product/Texture/Atlas/UiTRPG/UiTRPGIconMaze04.png	4031021				
4031071		1		7	['4031021', '200', '4031062', '50', '4031091', '50']	???-01	随机事件	Assets/Product/Texture/Atlas/UiTRPG/UiTRPGStageBg00Sp.png	Assets/Product/Texture/Image/UiTRPG/UiTRPGStageBg00.png		4031021				
4031072		1		7	['4031021', '200', '4031062', '50', '4031091', '50']	???-02	随机事件	Assets/Product/Texture/Atlas/UiTRPG/UiTRPGStageBg00Sp.png	Assets/Product/Texture/Image/UiTRPG/UiTRPGStageBg00.png		4031021				
4031073		1		7	['4031021', '200', '4031062', '50', '4031091', '50']	???-03	随机事件	Assets/Product/Texture/Atlas/UiTRPG/UiTRPGStageBg00Sp.png	Assets/Product/Texture/Image/UiTRPG/UiTRPGStageBg00.png		4031021				
4031074		1		7	['4031021', '200', '4031062', '50', '4031091', '50']	???-04	随机事件	Assets/Product/Texture/Atlas/UiTRPG/UiTRPGStageBg00Sp.png	Assets/Product/Texture/Image/UiTRPG/UiTRPGStageBg00.png		4031021				
4031081				8	['4032', '1', '1']	Go-01	第2区域	Assets/Product/Texture/Atlas/UiTRPG/UiTRPGStageBg7023Sp.png	Assets/Product/Texture/Image/UiTRPG/UiTRPGStageBg7023.png	Assets/Product/Texture/Atlas/UiTRPG/UiTRPGIconMaze07.png					
4031082				8	['4031', '17', '2']	Go-01	跳转	Assets/Product/Texture/Atlas/UiTRPG/UiTRPGStageBg7023Sp.png	Assets/Product/Texture/Image/UiTRPG/UiTRPGStageBg7023.png	Assets/Product/Texture/Atlas/UiTRPG/UiTRPGIconMaze07.png					
4031091		1		9	['17', '30200057', '400530', '4031031']	Fight-01	聚噬巢穴	Assets/Product/Texture/Atlas/UiTRPG/UiTRPGStageBg9000Sp.png	Assets/Product/Texture/Image/UiTRPG/UiTRPGStageBg9000.png	Assets/Product/Texture/Atlas/UiTRPG/UiTRPGIconMaze01.png	4031021	聚噬体自身作为巨大的母巢，里面同样生活着无数异合生物，当聚噬体遭遇危险的时候，它们也会源源不断出现并攻击入侵者。	目前的实力可以迅速解决这场战斗。		
4031092		1		9	['17', '30200058', '400530', '4031031']	Fight-02	聚噬巢穴	Assets/Product/Texture/Atlas/UiTRPG/UiTRPGStageBg9000Sp.png	Assets/Product/Texture/Image/UiTRPG/UiTRPGStageBg9000.png	Assets/Product/Texture/Atlas/UiTRPG/UiTRPGIconMaze01.png	4031021	聚噬体自身作为巨大的母巢，里面同样生活着无数异合生物，当聚噬体遭遇危险的时候，它们也会源源不断出现并攻击入侵者。	目前的实力可以迅速解决这场战斗。		
4031093		1		9	['17', '30200057', '400530', '4031031']	Fight-03	聚噬巢穴	Assets/Product/Texture/Atlas/UiTRPG/UiTRPGStageBg9000Sp.png	Assets/Product/Texture/Image/UiTRPG/UiTRPGStageBg9000.png	Assets/Product/Texture/Atlas/UiTRPG/UiTRPGIconMaze01.png	4031021	聚噬体自身作为巨大的母巢，里面同样生活着无数异合生物，当聚噬体遭遇危险的时候，它们也会源源不断出现并攻击入侵者。	目前的实力可以迅速解决这场战斗。		
4031094		1		9	['17', '30200058', '400530', '4031031']	Fight-04	聚噬巢穴	Assets/Product/Texture/Atlas/UiTRPG/UiTRPGStageBg9000Sp.png	Assets/Product/Texture/Image/UiTRPG/UiTRPGStageBg9000.png	Assets/Product/Texture/Atlas/UiTRPG/UiTRPGIconMaze01.png	4031021	聚噬体自身作为巨大的母巢，里面同样生活着无数异合生物，当聚噬体遭遇危险的时候，它们也会源源不断出现并攻击入侵者。	目前的实力可以迅速解决这场战斗。		
4031095		1		9	['17', '30200057', '400530', '4031031']	Fight-05	聚噬巢穴	Assets/Product/Texture/Atlas/UiTRPG/UiTRPGStageBg9000Sp.png	Assets/Product/Texture/Image/UiTRPG/UiTRPGStageBg9000.png	Assets/Product/Texture/Atlas/UiTRPG/UiTRPGIconMaze01.png	4031021	聚噬体自身作为巨大的母巢，里面同样生活着无数异合生物，当聚噬体遭遇危险的时候，它们也会源源不断出现并攻击入侵者。	目前的实力可以迅速解决这场战斗。		
4031096		1		9	['17', '30200058', '400530', '4031031']	Fight-06	聚噬巢穴	Assets/Product/Texture/Atlas/UiTRPG/UiTRPGStageBg9000Sp.png	Assets/Product/Texture/Image/UiTRPG/UiTRPGStageBg9000.png	Assets/Product/Texture/Atlas/UiTRPG/UiTRPGIconMaze01.png	4031021	聚噬体自身作为巨大的母巢，里面同样生活着无数异合生物，当聚噬体遭遇危险的时候，它们也会源源不断出现并攻击入侵者。	目前的实力可以迅速解决这场战斗。		
4031097		1		9	['17', '30200057', '400530', '4031031']	Fight-07	聚噬巢穴	Assets/Product/Texture/Atlas/UiTRPG/UiTRPGStageBg9000Sp.png	Assets/Product/Texture/Image/UiTRPG/UiTRPGStageBg9000.png	Assets/Product/Texture/Atlas/UiTRPG/UiTRPGIconMaze01.png	4031021	聚噬体自身作为巨大的母巢，里面同样生活着无数异合生物，当聚噬体遭遇危险的时候，它们也会源源不断出现并攻击入侵者。	目前的实力可以迅速解决这场战斗。		
4031098		1		9	['17', '30200058', '400530', '4031031']	Fight-08	聚噬巢穴	Assets/Product/Texture/Atlas/UiTRPG/UiTRPGStageBg9000Sp.png	Assets/Product/Texture/Image/UiTRPG/UiTRPGStageBg9000.png	Assets/Product/Texture/Atlas/UiTRPG/UiTRPGIconMaze01.png	4031021	聚噬体自身作为巨大的母巢，里面同样生活着无数异合生物，当聚噬体遭遇危险的时候，它们也会源源不断出现并攻击入侵者。	目前的实力可以迅速解决这场战斗。		
4031099		1		9	['17', '30200057', '400530', '4031031']	Fight-09	聚噬巢穴	Assets/Product/Texture/Atlas/UiTRPG/UiTRPGStageBg9000Sp.png	Assets/Product/Texture/Image/UiTRPG/UiTRPGStageBg9000.png	Assets/Product/Texture/Atlas/UiTRPG/UiTRPGIconMaze01.png	4031021	聚噬体自身作为巨大的母巢，里面同样生活着无数异合生物，当聚噬体遭遇危险的时候，它们也会源源不断出现并攻击入侵者。	目前的实力可以迅速解决这场战斗。		
4031891		1		9	['17', '30200058', '400530', '4031031']	Fight-10	聚噬巢穴	Assets/Product/Texture/Atlas/UiTRPG/UiTRPGStageBg9000Sp.png	Assets/Product/Texture/Image/UiTRPG/UiTRPGStageBg9000.png	Assets/Product/Texture/Atlas/UiTRPG/UiTRPGIconMaze01.png	4031021	聚噬体自身作为巨大的母巢，里面同样生活着无数异合生物，当聚噬体遭遇危险的时候，它们也会源源不断出现并攻击入侵者。	目前的实力可以迅速解决这场战斗。		
4031892		1		9	['17', '30200057', '400530', '4031031']	Fight-11	聚噬巢穴	Assets/Product/Texture/Atlas/UiTRPG/UiTRPGStageBg9000Sp.png	Assets/Product/Texture/Image/UiTRPG/UiTRPGStageBg9000.png	Assets/Product/Texture/Atlas/UiTRPG/UiTRPGIconMaze01.png	4031021	聚噬体自身作为巨大的母巢，里面同样生活着无数异合生物，当聚噬体遭遇危险的时候，它们也会源源不断出现并攻击入侵者。	目前的实力可以迅速解决这场战斗。		
4031893		1		9	['17', '30200058', '400530', '4031031']	Fight-12	聚噬巢穴	Assets/Product/Texture/Atlas/UiTRPG/UiTRPGStageBg9000Sp.png	Assets/Product/Texture/Image/UiTRPG/UiTRPGStageBg9000.png	Assets/Product/Texture/Atlas/UiTRPG/UiTRPGIconMaze01.png	4031021	聚噬体自身作为巨大的母巢，里面同样生活着无数异合生物，当聚噬体遭遇危险的时候，它们也会源源不断出现并攻击入侵者。	目前的实力可以迅速解决这场战斗。		
4031894		1		9	['17', '30200057', '400530', '4031031']	Fight-13	聚噬巢穴	Assets/Product/Texture/Atlas/UiTRPG/UiTRPGStageBg9000Sp.png	Assets/Product/Texture/Image/UiTRPG/UiTRPGStageBg9000.png	Assets/Product/Texture/Atlas/UiTRPG/UiTRPGIconMaze01.png	4031021	聚噬体自身作为巨大的母巢，里面同样生活着无数异合生物，当聚噬体遭遇危险的时候，它们也会源源不断出现并攻击入侵者。	目前的实力可以迅速解决这场战斗。		
4031895		1		9	['17', '30200058', '400530', '4031031']	Fight-14	聚噬巢穴	Assets/Product/Texture/Atlas/UiTRPG/UiTRPGStageBg9000Sp.png	Assets/Product/Texture/Image/UiTRPG/UiTRPGStageBg9000.png	Assets/Product/Texture/Atlas/UiTRPG/UiTRPGIconMaze01.png	4031021	聚噬体自身作为巨大的母巢，里面同样生活着无数异合生物，当聚噬体遭遇危险的时候，它们也会源源不断出现并攻击入侵者。	目前的实力可以迅速解决这场战斗。		
4031101				10		Out	出去外面	Assets/Product/Texture/Atlas/UiTRPG/UiTRPGStageBg7023Sp.png	Assets/Product/Texture/Image/UiTRPG/UiTRPGStageBg7023.png	Assets/Product/Texture/Atlas/UiTRPG/UiTRPGIconMaze09.png					
4032011				1		Cliff path	断崖平台	Assets/Product/Texture/Atlas/UiTRPG/UiTRPGStageBg1022Sp.png	Assets/Product/Texture/Image/UiTRPG/UiTRPGStageBg1022.png						
4032012				1		Cliff path	断崖平台	Assets/Product/Texture/Atlas/UiTRPG/UiTRPGStageBg1024Sp.png	Assets/Product/Texture/Image/UiTRPG/UiTRPGStageBg1024.png						
4032021				2		Xeno-cliff	异聚石壁	Assets/Product/Texture/Atlas/UiTRPG/UiTRPGStageBg2024Sp.png	Assets/Product/Texture/Image/UiTRPG/UiTRPGStageBg2024.png						
4032022				2		Xeno-cliff	异聚石壁	Assets/Product/Texture/Atlas/UiTRPG/UiTRPGStageBg2025Sp.png	Assets/Product/Texture/Image/UiTRPG/UiTRPGStageBg2025.png						
4032041	1		4	4	['FZ01609BB']	Story	条件	Assets/Product/Texture/Atlas/UiTRPG/UiTRPGStageBg3037Sp.png	Assets/Product/Texture/Image/UiTRPG/UiTRPGStageBg3037.png	Assets/Product/Texture/Atlas/UiTRPG/UiTRPGIconMaze02_2.png	4031021			1	
4032061	1		1	6	['400647']	Reward-01	贵重物资	Assets/Product/Texture/Atlas/UiTRPG/UiTRPGStageBg6001Sp.png	Assets/Product/Texture/Image/UiTRPG/UiTRPGStageBg6001.png	Assets/Product/Texture/Atlas/UiTRPG/UiTRPGIconMaze04.png	4031021				
4032081				8	['4032', '2', '1']	Go-01	至西南	Assets/Product/Texture/Atlas/UiTRPG/UiTRPGStageBg7022Sp.png	Assets/Product/Texture/Image/UiTRPG/UiTRPGStageBg7022.png	Assets/Product/Texture/Atlas/UiTRPG/UiTRPGIconMaze08.png					
4032082				8	['4032', '2', '5']	Go-01	至东南	Assets/Product/Texture/Atlas/UiTRPG/UiTRPGStageBg7022Sp.png	Assets/Product/Texture/Image/UiTRPG/UiTRPGStageBg7022.png	Assets/Product/Texture/Atlas/UiTRPG/UiTRPGIconMaze08.png					
4032083				8	['4032', '8', '1']	Go-01	至西北	Assets/Product/Texture/Atlas/UiTRPG/UiTRPGStageBg7022Sp.png	Assets/Product/Texture/Image/UiTRPG/UiTRPGStageBg7022.png	Assets/Product/Texture/Atlas/UiTRPG/UiTRPGIconMaze08.png					
4032084				8	['4032', '8', '5']	Go-01	至东北	Assets/Product/Texture/Atlas/UiTRPG/UiTRPGStageBg7022Sp.png	Assets/Product/Texture/Image/UiTRPG/UiTRPGStageBg7022.png	Assets/Product/Texture/Atlas/UiTRPG/UiTRPGIconMaze08.png					
4032085				8	['4032', '4', '3']	Go-01	至池鱼	Assets/Product/Texture/Atlas/UiTRPG/UiTRPGStageBg7022Sp.png	Assets/Product/Texture/Image/UiTRPG/UiTRPGStageBg7022.png	Assets/Product/Texture/Atlas/UiTRPG/UiTRPGIconMaze08.png					
4032101				10		Out	离开	Assets/Product/Texture/Atlas/UiTRPG/UiTRPGStageBg7023Sp.png	Assets/Product/Texture/Image/UiTRPG/UiTRPGStageBg7023.png	Assets/Product/Texture/Atlas/UiTRPG/UiTRPGIconMaze09.png					
4041011				1		Cliff path	断崖平台	Assets/Product/Texture/Atlas/UiTRPG/UiTRPGStageBg1022Sp.png	Assets/Product/Texture/Image/UiTRPG/UiTRPGStageBg1022.png						
4041012				1		Cliff path	断崖平台	Assets/Product/Texture/Atlas/UiTRPG/UiTRPGStageBg1024Sp.png	Assets/Product/Texture/Image/UiTRPG/UiTRPGStageBg1024.png						
4041021				2		Xeno-cliff	异聚石壁	Assets/Product/Texture/Atlas/UiTRPG/UiTRPGStageBg2026Sp.png	Assets/Product/Texture/Image/UiTRPG/UiTRPGStageBg2026.png						
4041022				2		Xeno-cliff	异聚石壁	Assets/Product/Texture/Atlas/UiTRPG/UiTRPGStageBg2027Sp.png	Assets/Product/Texture/Image/UiTRPG/UiTRPGStageBg2027.png						
4041031	1		3	3	['10130130']	Story	苏醒与毁灭	Assets/Product/Texture/Atlas/UiTRPG/UiTRPGStageBg3036Sp.png	Assets/Product/Texture/Image/UiTRPG/UiTRPGStageBg3036.png	Assets/Product/Texture/Atlas/UiTRPG/UiTRPGIconMaze02.png	4041021	终焉将……在此降临！		1	ZX01658EA
4041041	1		4	4	['FZ01611BA']	Story	“佳音”	Assets/Product/Texture/Atlas/UiTRPG/UiTRPGStageBg3037Sp.png	Assets/Product/Texture/Image/UiTRPG/UiTRPGStageBg3037.png	Assets/Product/Texture/Atlas/UiTRPG/UiTRPGIconMaze02_2.png	4041021	信仰赞歌1		1	
4041051	1		2	5	['4041051', '1', '0']	Test-01	剧烈震动	Assets/Product/Texture/Atlas/UiTRPG/UiTRPGStageBg5028Sp.png	Assets/Product/Texture/Image/UiTRPG/UiTRPGStageBg5028.png	Assets/Product/Texture/Atlas/UiTRPG/UiTRPGIconMaze06.png	4041021	检定1			
4041052	1		2	5	['4041052', '1', '0']	Test-02	天降阴影	Assets/Product/Texture/Atlas/UiTRPG/UiTRPGStageBg5029Sp.png	Assets/Product/Texture/Image/UiTRPG/UiTRPGStageBg5029.png	Assets/Product/Texture/Atlas/UiTRPG/UiTRPGIconMaze06.png	4041021	检定2			
4041053	1		2	5	['4041053', '1', '0']	Test-03	残军	Assets/Product/Texture/Atlas/UiTRPG/UiTRPGStageBg5029Sp.png	Assets/Product/Texture/Image/UiTRPG/UiTRPGStageBg5029.png	Assets/Product/Texture/Atlas/UiTRPG/UiTRPGIconMaze06.png	4041021	检定3			
4041054	1		2	5	['4041054', '1', '0']	Test-04	应急保护	Assets/Product/Texture/Atlas/UiTRPG/UiTRPGStageBg5029Sp.png	Assets/Product/Texture/Image/UiTRPG/UiTRPGStageBg5029.png	Assets/Product/Texture/Atlas/UiTRPG/UiTRPGIconMaze06.png	4041021	检定4			
4041055	1		2	5	['4041055', '1', '0']	Test-05	检定5废弃	Assets/Product/Texture/Atlas/UiTRPG/UiTRPGStageBg5029Sp.png	Assets/Product/Texture/Image/UiTRPG/UiTRPGStageBg5029.png	Assets/Product/Texture/Atlas/UiTRPG/UiTRPGIconMaze06.png	4041021	检定5			
4041056	1		2	5	['4041056', '1', '0']	Test-01	继续前进	Assets/Product/Texture/Atlas/UiTRPG/UiTRPGStageBg5027Sp.png	Assets/Product/Texture/Image/UiTRPG/UiTRPGStageBg5027.png	Assets/Product/Texture/Atlas/UiTRPG/UiTRPGIconMaze06.png	4041021	封锁1-1			
4041057	1		2	5	['4041057', '1', '0']	Test-02	继续前进	Assets/Product/Texture/Atlas/UiTRPG/UiTRPGStageBg5027Sp.png	Assets/Product/Texture/Image/UiTRPG/UiTRPGStageBg5027.png	Assets/Product/Texture/Atlas/UiTRPG/UiTRPGIconMaze06.png	4041021	封锁1-2			
4041058	1		2	5	['4041058', '1', '0']	Test-03	继续前进	Assets/Product/Texture/Atlas/UiTRPG/UiTRPGStageBg5027Sp.png	Assets/Product/Texture/Image/UiTRPG/UiTRPGStageBg5027.png	Assets/Product/Texture/Atlas/UiTRPG/UiTRPGIconMaze06.png	4041021	封锁1-3			
4041059	1		2	5	['4041059', '1', '0']	Test-04	继续前进	Assets/Product/Texture/Atlas/UiTRPG/UiTRPGStageBg5027Sp.png	Assets/Product/Texture/Image/UiTRPG/UiTRPGStageBg5027.png	Assets/Product/Texture/Atlas/UiTRPG/UiTRPGIconMaze06.png	4041021	封锁1-4			
4041851	1		2	5	['4041851', '1', '0']	Test-05	继续前进	Assets/Product/Texture/Atlas/UiTRPG/UiTRPGStageBg5027Sp.png	Assets/Product/Texture/Image/UiTRPG/UiTRPGStageBg5027.png	Assets/Product/Texture/Atlas/UiTRPG/UiTRPGIconMaze06.png	4041021	封锁1-5			
4041852	1		2	5	['4041852', '1', '0']	Test-06	继续前进	Assets/Product/Texture/Atlas/UiTRPG/UiTRPGStageBg5027Sp.png	Assets/Product/Texture/Image/UiTRPG/UiTRPGStageBg5027.png	Assets/Product/Texture/Atlas/UiTRPG/UiTRPGIconMaze06.png	4041021	封锁1-6			
4041853	1		2	5	['4041853', '1', '0']	Test-07	聚噬体核心	Assets/Product/Texture/Atlas/UiTRPG/UiTRPGStageBg5029Sp.png	Assets/Product/Texture/Image/UiTRPG/UiTRPGStageBg5029.png	Assets/Product/Texture/Atlas/UiTRPG/UiTRPGIconMaze06.png	4041021	封锁2-1			
4041854	1		2	5	['4041854', '1', '0']	Test-08	聚噬体核心	Assets/Product/Texture/Atlas/UiTRPG/UiTRPGStageBg5029Sp.png	Assets/Product/Texture/Image/UiTRPG/UiTRPGStageBg5029.png	Assets/Product/Texture/Atlas/UiTRPG/UiTRPGIconMaze06.png	4041021	封锁2-2			
4041855	1		2	5	['4041855', '1', '0']	Test-09	聚噬体核心	Assets/Product/Texture/Atlas/UiTRPG/UiTRPGStageBg5029Sp.png	Assets/Product/Texture/Image/UiTRPG/UiTRPGStageBg5029.png	Assets/Product/Texture/Atlas/UiTRPG/UiTRPGIconMaze06.png	4041021	封锁2-3			
4041856	1		2	5	['4041856', '1', '0']	Test-10	聚噬体核心	Assets/Product/Texture/Atlas/UiTRPG/UiTRPGStageBg5029Sp.png	Assets/Product/Texture/Image/UiTRPG/UiTRPGStageBg5029.png	Assets/Product/Texture/Atlas/UiTRPG/UiTRPGIconMaze06.png	4041021	封锁3-1			
4041857	1		2	5	['4041857', '1', '0']	Test-11	聚噬体核心	Assets/Product/Texture/Atlas/UiTRPG/UiTRPGStageBg5029Sp.png	Assets/Product/Texture/Image/UiTRPG/UiTRPGStageBg5029.png	Assets/Product/Texture/Atlas/UiTRPG/UiTRPGIconMaze06.png	4041021	封锁3-2			
4041858	1		2	5	['4041858', '1', '0']	Test-12	聚噬体核心	Assets/Product/Texture/Atlas/UiTRPG/UiTRPGStageBg5029Sp.png	Assets/Product/Texture/Image/UiTRPG/UiTRPGStageBg5029.png	Assets/Product/Texture/Atlas/UiTRPG/UiTRPGIconMaze06.png	4041021	封锁4-1			
4041859	1		2	5	['4041859', '1', '0']	Test-13	聚噬体核心	Assets/Product/Texture/Atlas/UiTRPG/UiTRPGStageBg5029Sp.png	Assets/Product/Texture/Image/UiTRPG/UiTRPGStageBg5029.png	Assets/Product/Texture/Atlas/UiTRPG/UiTRPGIconMaze06.png	4041021	封锁4-2			
4041751	1		2	5	['4041751', '1', '0']	Test-14	断片录音N1	Assets/Product/Texture/Atlas/UiTRPG/UiTRPGStageBg5029Sp.png	Assets/Product/Texture/Image/UiTRPG/UiTRPGStageBg5029.png	Assets/Product/Texture/Atlas/UiTRPG/UiTRPGIconMaze06.png	4041021	封锁5			
4041752	1		2	5	['4041752', '1', '0']	Test-15	封锁6	Assets/Product/Texture/Atlas/UiTRPG/UiTRPGStageBg5029Sp.png	Assets/Product/Texture/Image/UiTRPG/UiTRPGStageBg5029.png	Assets/Product/Texture/Atlas/UiTRPG/UiTRPGIconMaze06.png	4041021	封锁6			
4041753	1		2	5	['4041753', '1', '0']	Test-16	废弃	Assets/Product/Texture/Atlas/UiTRPG/UiTRPGStageBg5000Sp.png	Assets/Product/Texture/Image/UiTRPG/UiTRPGStageBg5000.png	Assets/Product/Texture/Atlas/UiTRPG/UiTRPGIconMaze06.png	4041021	废弃			
4041754		1		5	['4041753', '0', '0']	Trap-01	垂死挣扎	Assets/Product/Texture/Atlas/UiTRPG/UiTRPGStageBg8000Sp.png	Assets/Product/Texture/Image/UiTRPG/UiTRPGStageBg8000.png	Assets/Product/Texture/Atlas/UiTRPG/UiTRPGIconMaze05.png	4041021	陷阱牌1			
4041755		1		5	['4041754', '0', '0']	Trap-02	垂死挣扎	Assets/Product/Texture/Atlas/UiTRPG/UiTRPGStageBg8000Sp.png	Assets/Product/Texture/Image/UiTRPG/UiTRPGStageBg8000.png	Assets/Product/Texture/Atlas/UiTRPG/UiTRPGIconMaze05.png	4041021	陷阱牌2			
4041756		1		5	['4041755', '0', '0']	Trap-03	垂死挣扎	Assets/Product/Texture/Atlas/UiTRPG/UiTRPGStageBg8000Sp.png	Assets/Product/Texture/Image/UiTRPG/UiTRPGStageBg8000.png	Assets/Product/Texture/Atlas/UiTRPG/UiTRPGIconMaze05.png	4041021	陷阱牌3			
4041757		1		5	['4041756', '0', '0']	Trap-04	垂死挣扎	Assets/Product/Texture/Atlas/UiTRPG/UiTRPGStageBg8000Sp.png	Assets/Product/Texture/Image/UiTRPG/UiTRPGStageBg8000.png	Assets/Product/Texture/Atlas/UiTRPG/UiTRPGIconMaze05.png	4041021	陷阱牌4			
4041758		1		5	['4041757', '0', '0']	Trap-05	垂死挣扎	Assets/Product/Texture/Atlas/UiTRPG/UiTRPGStageBg8000Sp.png	Assets/Product/Texture/Image/UiTRPG/UiTRPGStageBg8000.png	Assets/Product/Texture/Atlas/UiTRPG/UiTRPGIconMaze05.png	4041021	陷阱牌5			
4041759		1		5	['4041758', '0', '0']	Trap-06	垂死挣扎	Assets/Product/Texture/Atlas/UiTRPG/UiTRPGStageBg8000Sp.png	Assets/Product/Texture/Image/UiTRPG/UiTRPGStageBg8000.png	Assets/Product/Texture/Atlas/UiTRPG/UiTRPGIconMaze05.png	4041021	陷阱牌6			
4041061	1		1	6	['400653']	Reward-01	贵重物资	Assets/Product/Texture/Atlas/UiTRPG/UiTRPGStageBg6001Sp.png	Assets/Product/Texture/Image/UiTRPG/UiTRPGStageBg6001.png	Assets/Product/Texture/Atlas/UiTRPG/UiTRPGIconMaze04.png	4041021				
4041062	1		1	6	['400502']	Reward-02	残存物资	Assets/Product/Texture/Atlas/UiTRPG/UiTRPGStageBg6000Sp.png	Assets/Product/Texture/Image/UiTRPG/UiTRPGStageBg6000.png	Assets/Product/Texture/Atlas/UiTRPG/UiTRPGIconMaze04.png	4041021				
4041063	1		1	6	['400502']	Reward-03	残存物资	Assets/Product/Texture/Atlas/UiTRPG/UiTRPGStageBg6000Sp.png	Assets/Product/Texture/Image/UiTRPG/UiTRPGStageBg6000.png	Assets/Product/Texture/Atlas/UiTRPG/UiTRPGIconMaze04.png	4041021				
4041064	1		1	6	['400641']	Reward-03	贵重物资	Assets/Product/Texture/Atlas/UiTRPG/UiTRPGStageBg6001Sp.png	Assets/Product/Texture/Image/UiTRPG/UiTRPGStageBg6001.png	Assets/Product/Texture/Atlas/UiTRPG/UiTRPGIconMaze04.png	4041021				
4041065	1		1	6	['400642']	Reward-04	贵重物资	Assets/Product/Texture/Atlas/UiTRPG/UiTRPGStageBg6001Sp.png	Assets/Product/Texture/Image/UiTRPG/UiTRPGStageBg6001.png	Assets/Product/Texture/Atlas/UiTRPG/UiTRPGIconMaze04.png	4041021				
4041066	1		1	6	['400502']	Reward-05	残存物资	Assets/Product/Texture/Atlas/UiTRPG/UiTRPGStageBg6001Sp.png	Assets/Product/Texture/Image/UiTRPG/UiTRPGStageBg6001.png	Assets/Product/Texture/Atlas/UiTRPG/UiTRPGIconMaze04.png	4041021				
4041067	1		1	6	['400510']	Reward-06	残存物资	Assets/Product/Texture/Atlas/UiTRPG/UiTRPGStageBg6001Sp.png	Assets/Product/Texture/Image/UiTRPG/UiTRPGStageBg6001.png	Assets/Product/Texture/Atlas/UiTRPG/UiTRPGIconMaze04.png	4041021				
4041068	1		1	6	['400646']	Reward-07	贵重物资	Assets/Product/Texture/Atlas/UiTRPG/UiTRPGStageBg6001Sp.png	Assets/Product/Texture/Image/UiTRPG/UiTRPGStageBg6001.png	Assets/Product/Texture/Atlas/UiTRPG/UiTRPGIconMaze04.png	4041021				
4041071		1		7	['4041021', '200', '4041062', '50', '4041091', '50']	???-01	随机事件	Assets/Product/Texture/Atlas/UiTRPG/UiTRPGStageBg00Sp.png	Assets/Product/Texture/Image/UiTRPG/UiTRPGStageBg00.png		4041021				
4041072		1		7	['4041021', '200', '4041062', '50', '4041091', '50']	???-02	随机事件	Assets/Product/Texture/Atlas/UiTRPG/UiTRPGStageBg00Sp.png	Assets/Product/Texture/Image/UiTRPG/UiTRPGStageBg00.png		4041021				
4041073		1		7	['4041021', '200', '4041062', '50', '4041091', '50']	???-03	随机事件	Assets/Product/Texture/Atlas/UiTRPG/UiTRPGStageBg00Sp.png	Assets/Product/Texture/Image/UiTRPG/UiTRPGStageBg00.png		4041021				
4041074		1		7	['4041021', '200', '4041062', '50', '4041091', '50']	???-04	随机事件	Assets/Product/Texture/Atlas/UiTRPG/UiTRPGStageBg00Sp.png	Assets/Product/Texture/Image/UiTRPG/UiTRPGStageBg00.png		4041021				
4041081				8	['4042', '1', '2']	Go-01	第2区域	Assets/Product/Texture/Atlas/UiTRPG/UiTRPGStageBg7024Sp.png	Assets/Product/Texture/Image/UiTRPG/UiTRPGStageBg7024.png	Assets/Product/Texture/Atlas/UiTRPG/UiTRPGIconMaze07.png					
4041091		1		9	['17', '30200059', '400530', '4041031']	Fight-01	聚噬巢穴	Assets/Product/Texture/Atlas/UiTRPG/UiTRPGStageBg9000Sp.png	Assets/Product/Texture/Image/UiTRPG/UiTRPGStageBg9000.png	Assets/Product/Texture/Atlas/UiTRPG/UiTRPGIconMaze01.png	4041021	聚噬体自身作为巨大的母巢，里面同样生活着无数异合生物，当聚噬体遭遇危险的时候，它们也会源源不断出现并攻击入侵者。	目前的实力可以迅速解决这场战斗。		
4041092		1		9	['17', '30200060', '400530', '4041031']	Fight-02	聚噬巢穴	Assets/Product/Texture/Atlas/UiTRPG/UiTRPGStageBg9000Sp.png	Assets/Product/Texture/Image/UiTRPG/UiTRPGStageBg9000.png	Assets/Product/Texture/Atlas/UiTRPG/UiTRPGIconMaze01.png	4041021	聚噬体自身作为巨大的母巢，里面同样生活着无数异合生物，当聚噬体遭遇危险的时候，它们也会源源不断出现并攻击入侵者。	目前的实力可以迅速解决这场战斗。		
4041093		1		9	['17', '30200059', '400530', '4041031']	Fight-03	聚噬巢穴	Assets/Product/Texture/Atlas/UiTRPG/UiTRPGStageBg9000Sp.png	Assets/Product/Texture/Image/UiTRPG/UiTRPGStageBg9000.png	Assets/Product/Texture/Atlas/UiTRPG/UiTRPGIconMaze01.png	4041021	聚噬体自身作为巨大的母巢，里面同样生活着无数异合生物，当聚噬体遭遇危险的时候，它们也会源源不断出现并攻击入侵者。	目前的实力可以迅速解决这场战斗。		
4041094		1		9	['17', '30200060', '400530', '4041031']	Fight-04	聚噬巢穴	Assets/Product/Texture/Atlas/UiTRPG/UiTRPGStageBg9000Sp.png	Assets/Product/Texture/Image/UiTRPG/UiTRPGStageBg9000.png	Assets/Product/Texture/Atlas/UiTRPG/UiTRPGIconMaze01.png	4041021	聚噬体自身作为巨大的母巢，里面同样生活着无数异合生物，当聚噬体遭遇危险的时候，它们也会源源不断出现并攻击入侵者。	目前的实力可以迅速解决这场战斗。		
4041095		1		9	['17', '30200059', '400530', '4041031']	Fight-05	聚噬巢穴	Assets/Product/Texture/Atlas/UiTRPG/UiTRPGStageBg9000Sp.png	Assets/Product/Texture/Image/UiTRPG/UiTRPGStageBg9000.png	Assets/Product/Texture/Atlas/UiTRPG/UiTRPGIconMaze01.png	4041021	聚噬体自身作为巨大的母巢，里面同样生活着无数异合生物，当聚噬体遭遇危险的时候，它们也会源源不断出现并攻击入侵者。	目前的实力可以迅速解决这场战斗。		
4041096		1		9	['17', '30200060', '400530', '4041031']	Fight-06	聚噬巢穴	Assets/Product/Texture/Atlas/UiTRPG/UiTRPGStageBg9000Sp.png	Assets/Product/Texture/Image/UiTRPG/UiTRPGStageBg9000.png	Assets/Product/Texture/Atlas/UiTRPG/UiTRPGIconMaze01.png	4041021	聚噬体自身作为巨大的母巢，里面同样生活着无数异合生物，当聚噬体遭遇危险的时候，它们也会源源不断出现并攻击入侵者。	目前的实力可以迅速解决这场战斗。		
4041097		1		9	['17', '30200059', '400530', '4041031']	Fight-07	聚噬巢穴	Assets/Product/Texture/Atlas/UiTRPG/UiTRPGStageBg9000Sp.png	Assets/Product/Texture/Image/UiTRPG/UiTRPGStageBg9000.png	Assets/Product/Texture/Atlas/UiTRPG/UiTRPGIconMaze01.png	4041021	聚噬体自身作为巨大的母巢，里面同样生活着无数异合生物，当聚噬体遭遇危险的时候，它们也会源源不断出现并攻击入侵者。	目前的实力可以迅速解决这场战斗。		
4041098		1		9	['17', '30200060', '400530', '4041031']	Fight-08	聚噬巢穴	Assets/Product/Texture/Atlas/UiTRPG/UiTRPGStageBg9000Sp.png	Assets/Product/Texture/Image/UiTRPG/UiTRPGStageBg9000.png	Assets/Product/Texture/Atlas/UiTRPG/UiTRPGIconMaze01.png	4041021	聚噬体自身作为巨大的母巢，里面同样生活着无数异合生物，当聚噬体遭遇危险的时候，它们也会源源不断出现并攻击入侵者。	目前的实力可以迅速解决这场战斗。		
4041099		1		9	['17', '30200059', '400530', '4041031']	Fight-09	聚噬巢穴	Assets/Product/Texture/Atlas/UiTRPG/UiTRPGStageBg9000Sp.png	Assets/Product/Texture/Image/UiTRPG/UiTRPGStageBg9000.png	Assets/Product/Texture/Atlas/UiTRPG/UiTRPGIconMaze01.png	4041021	聚噬体自身作为巨大的母巢，里面同样生活着无数异合生物，当聚噬体遭遇危险的时候，它们也会源源不断出现并攻击入侵者。	目前的实力可以迅速解决这场战斗。		
4041891		1		9	['17', '30200060', '400530', '4041031']	Fight-10	聚噬巢穴	Assets/Product/Texture/Atlas/UiTRPG/UiTRPGStageBg9000Sp.png	Assets/Product/Texture/Image/UiTRPG/UiTRPGStageBg9000.png	Assets/Product/Texture/Atlas/UiTRPG/UiTRPGIconMaze01.png	4041021	聚噬体自身作为巨大的母巢，里面同样生活着无数异合生物，当聚噬体遭遇危险的时候，它们也会源源不断出现并攻击入侵者。	目前的实力可以迅速解决这场战斗。		
4041892		1		9	['17', '30200059', '400530', '4041031']	Fight-11	聚噬巢穴	Assets/Product/Texture/Atlas/UiTRPG/UiTRPGStageBg9000Sp.png	Assets/Product/Texture/Image/UiTRPG/UiTRPGStageBg9000.png	Assets/Product/Texture/Atlas/UiTRPG/UiTRPGIconMaze01.png	4041021	聚噬体自身作为巨大的母巢，里面同样生活着无数异合生物，当聚噬体遭遇危险的时候，它们也会源源不断出现并攻击入侵者。	目前的实力可以迅速解决这场战斗。		
4041893		1		9	['17', '30200060', '400530', '4041031']	Fight-12	聚噬巢穴	Assets/Product/Texture/Atlas/UiTRPG/UiTRPGStageBg9000Sp.png	Assets/Product/Texture/Image/UiTRPG/UiTRPGStageBg9000.png	Assets/Product/Texture/Atlas/UiTRPG/UiTRPGIconMaze01.png	4041021	聚噬体自身作为巨大的母巢，里面同样生活着无数异合生物，当聚噬体遭遇危险的时候，它们也会源源不断出现并攻击入侵者。	目前的实力可以迅速解决这场战斗。		
4041894		1		9	['17', '30200059', '400530', '4041031']	Fight-13	聚噬巢穴	Assets/Product/Texture/Atlas/UiTRPG/UiTRPGStageBg9000Sp.png	Assets/Product/Texture/Image/UiTRPG/UiTRPGStageBg9000.png	Assets/Product/Texture/Atlas/UiTRPG/UiTRPGIconMaze01.png	4041021	聚噬体自身作为巨大的母巢，里面同样生活着无数异合生物，当聚噬体遭遇危险的时候，它们也会源源不断出现并攻击入侵者。	目前的实力可以迅速解决这场战斗。		
4041895		1		9	['17', '30200060', '400530', '4041031']	Fight-14	聚噬巢穴	Assets/Product/Texture/Atlas/UiTRPG/UiTRPGStageBg9000Sp.png	Assets/Product/Texture/Image/UiTRPG/UiTRPGStageBg9000.png	Assets/Product/Texture/Atlas/UiTRPG/UiTRPGIconMaze01.png	4041021	聚噬体自身作为巨大的母巢，里面同样生活着无数异合生物，当聚噬体遭遇危险的时候，它们也会源源不断出现并攻击入侵者。	目前的实力可以迅速解决这场战斗。		
4041896		1		9	['17', '30200059', '400530', '4041031']	Fight-15	聚噬巢穴	Assets/Product/Texture/Atlas/UiTRPG/UiTRPGStageBg9000Sp.png	Assets/Product/Texture/Image/UiTRPG/UiTRPGStageBg9000.png	Assets/Product/Texture/Atlas/UiTRPG/UiTRPGIconMaze01.png	4041021	聚噬体自身作为巨大的母巢，里面同样生活着无数异合生物，当聚噬体遭遇危险的时候，它们也会源源不断出现并攻击入侵者。	目前的实力可以迅速解决这场战斗。		
4041897		1		9	['17', '30200060', '400530', '4041031']	Fight-16	聚噬巢穴	Assets/Product/Texture/Atlas/UiTRPG/UiTRPGStageBg9000Sp.png	Assets/Product/Texture/Image/UiTRPG/UiTRPGStageBg9000.png	Assets/Product/Texture/Atlas/UiTRPG/UiTRPGIconMaze01.png	4041021	聚噬体自身作为巨大的母巢，里面同样生活着无数异合生物，当聚噬体遭遇危险的时候，它们也会源源不断出现并攻击入侵者。	目前的实力可以迅速解决这场战斗。		
4041101				10		Out	出去外面	Assets/Product/Texture/Atlas/UiTRPG/UiTRPGStageBg7024Sp.png	Assets/Product/Texture/Image/UiTRPG/UiTRPGStageBg7024.png	Assets/Product/Texture/Atlas/UiTRPG/UiTRPGIconMaze09.png					
4042011				1		Cliff path	断崖平台	Assets/Product/Texture/Atlas/UiTRPG/UiTRPGStageBg1022Sp.png	Assets/Product/Texture/Image/UiTRPG/UiTRPGStageBg1022.png						
4042012				1		Cliff path	断崖平台	Assets/Product/Texture/Atlas/UiTRPG/UiTRPGStageBg1024Sp.png	Assets/Product/Texture/Image/UiTRPG/UiTRPGStageBg1024.png						
4042021				2		Xeno-cliff	异聚石壁	Assets/Product/Texture/Atlas/UiTRPG/UiTRPGStageBg2026Sp.png	Assets/Product/Texture/Image/UiTRPG/UiTRPGStageBg2026.png						
4042022				2		Xeno-cliff	异聚石壁	Assets/Product/Texture/Atlas/UiTRPG/UiTRPGStageBg2027Sp.png	Assets/Product/Texture/Image/UiTRPG/UiTRPGStageBg2027.png						
4042041	1		4	4	['FZ01611BC']	Story	信仰赞歌	Assets/Product/Texture/Atlas/UiTRPG/UiTRPGStageBg3037Sp.png	Assets/Product/Texture/Image/UiTRPG/UiTRPGStageBg3037.png	Assets/Product/Texture/Atlas/UiTRPG/UiTRPGIconMaze02_2.png	4042021	信仰赞歌3		1	
4042042	1		4	4	['FZ01604BB']	Story	计划	Assets/Product/Texture/Atlas/UiTRPG/UiTRPGStageBg3037Sp.png	Assets/Product/Texture/Image/UiTRPG/UiTRPGStageBg3037.png	Assets/Product/Texture/Atlas/UiTRPG/UiTRPGIconMaze02_2.png	4042021	锲2		1	
4042051	1		2	5	['4042051', '1', '0']	Test-01	深渊破片	Assets/Product/Texture/Atlas/UiTRPG/UiTRPGStageBg5027Sp.png	Assets/Product/Texture/Image/UiTRPG/UiTRPGStageBg5027.png	Assets/Product/Texture/Atlas/UiTRPG/UiTRPGIconMaze06.png	4042021				
4042052	1		2	5	['4042052', '1', '0']	Test-02	模糊信号	Assets/Product/Texture/Atlas/UiTRPG/UiTRPGStageBg5027Sp.png	Assets/Product/Texture/Image/UiTRPG/UiTRPGStageBg5027.png	Assets/Product/Texture/Atlas/UiTRPG/UiTRPGIconMaze06.png	4042021				
4042053	1		2	5	['4042053', '1', '0']	Test-02	聚噬平台	Assets/Product/Texture/Atlas/UiTRPG/UiTRPGStageBg5027Sp.png	Assets/Product/Texture/Image/UiTRPG/UiTRPGStageBg5027.png	Assets/Product/Texture/Atlas/UiTRPG/UiTRPGIconMaze06.png	4042021				
4042054	1		2	5	['4042054', '1', '0']	Test-03	断片录音N2	Assets/Product/Texture/Atlas/UiTRPG/UiTRPGStageBg5027Sp.png	Assets/Product/Texture/Image/UiTRPG/UiTRPGStageBg5027.png	Assets/Product/Texture/Atlas/UiTRPG/UiTRPGIconMaze06.png	4042021				
4042055	1		2	5	['4042055', '1', '0']	Test-04	断片录音N2	Assets/Product/Texture/Atlas/UiTRPG/UiTRPGStageBg5027Sp.png	Assets/Product/Texture/Image/UiTRPG/UiTRPGStageBg5027.png	Assets/Product/Texture/Atlas/UiTRPG/UiTRPGIconMaze06.png	4042021				
4042056	1		2	5	['4042056', '1', '0']	Test-05	断片录音N2	Assets/Product/Texture/Atlas/UiTRPG/UiTRPGStageBg5027Sp.png	Assets/Product/Texture/Image/UiTRPG/UiTRPGStageBg5027.png	Assets/Product/Texture/Atlas/UiTRPG/UiTRPGIconMaze06.png	4042021				
4042057	1		2	5	['4042057', '1', '0']	Test-01	断片录音N2	Assets/Product/Texture/Atlas/UiTRPG/UiTRPGStageBg5027Sp.png	Assets/Product/Texture/Image/UiTRPG/UiTRPGStageBg5027.png	Assets/Product/Texture/Atlas/UiTRPG/UiTRPGIconMaze06.png	4042021				
4042058	1		2	5	['4042058', '1', '0']	Test-02	断片录音N2	Assets/Product/Texture/Atlas/UiTRPG/UiTRPGStageBg5027Sp.png	Assets/Product/Texture/Image/UiTRPG/UiTRPGStageBg5027.png	Assets/Product/Texture/Atlas/UiTRPG/UiTRPGIconMaze06.png	4042021				
4042059	1		2	5	['4042059', '1', '0']	Test-03	隐藏录像-锲	Assets/Product/Texture/Atlas/UiTRPG/UiTRPGStageBg5027Sp.png	Assets/Product/Texture/Image/UiTRPG/UiTRPGStageBg5027.png	Assets/Product/Texture/Atlas/UiTRPG/UiTRPGIconMaze06.png	4042021				
4042061	1		1	6	['400653']	Reward-01	贵重物资	Assets/Product/Texture/Atlas/UiTRPG/UiTRPGStageBg6001Sp.png	Assets/Product/Texture/Image/UiTRPG/UiTRPGStageBg6001.png	Assets/Product/Texture/Atlas/UiTRPG/UiTRPGIconMaze04.png	4042021				
4042071		1		7	['4042021', '200', '4042091', '50']	???-01	随机事件	Assets/Product/Texture/Atlas/UiTRPG/UiTRPGStageBg00Sp.png	Assets/Product/Texture/Image/UiTRPG/UiTRPGStageBg00.png		4042021				
4042072		1		7	['4042021', '200', '4042091', '50']	???-02	随机事件	Assets/Product/Texture/Atlas/UiTRPG/UiTRPGStageBg00Sp.png	Assets/Product/Texture/Image/UiTRPG/UiTRPGStageBg00.png		4042021				
4042073		1		7	['4042021', '200', '4042091', '50']	???-03	随机事件	Assets/Product/Texture/Atlas/UiTRPG/UiTRPGStageBg00Sp.png	Assets/Product/Texture/Image/UiTRPG/UiTRPGStageBg00.png		4042021				
4042074		1		7	['4042021', '200', '4042091', '50']	???-04	随机事件	Assets/Product/Texture/Atlas/UiTRPG/UiTRPGStageBg00Sp.png	Assets/Product/Texture/Image/UiTRPG/UiTRPGStageBg00.png		4042021				
4042075		1		7	['4042021', '200', '4042091', '50']	???-05	随机事件	Assets/Product/Texture/Atlas/UiTRPG/UiTRPGStageBg00Sp.png	Assets/Product/Texture/Image/UiTRPG/UiTRPGStageBg00.png		4042021				
4042076		1		7	['4042021', '200', '4042091', '50']	???-06	随机事件	Assets/Product/Texture/Atlas/UiTRPG/UiTRPGStageBg00Sp.png	Assets/Product/Texture/Image/UiTRPG/UiTRPGStageBg00.png		4042021				
4042081				8	['4043', '1', '2']	Go-01	第3区域(西)	Assets/Product/Texture/Atlas/UiTRPG/UiTRPGStageBg7024Sp.png	Assets/Product/Texture/Image/UiTRPG/UiTRPGStageBg7024.png	Assets/Product/Texture/Atlas/UiTRPG/UiTRPGIconMaze07.png					
4042082				8	['4043', '1', '6']	Go-01	第3区域(东)	Assets/Product/Texture/Atlas/UiTRPG/UiTRPGStageBg7024Sp.png	Assets/Product/Texture/Image/UiTRPG/UiTRPGStageBg7024.png	Assets/Product/Texture/Atlas/UiTRPG/UiTRPGIconMaze07.png					
4042091		1		9	['17', '30200059', '400530', '4042031']	Fight-01	聚噬巢穴	Assets/Product/Texture/Atlas/UiTRPG/UiTRPGStageBg9000Sp.png	Assets/Product/Texture/Image/UiTRPG/UiTRPGStageBg9000.png	Assets/Product/Texture/Atlas/UiTRPG/UiTRPGIconMaze01.png	4042021	聚噬体自身作为巨大的母巢，里面同样生活着无数异合生物，当聚噬体遭遇危险的时候，它们也会源源不断出现并攻击入侵者。	目前的实力可以迅速解决这场战斗。		
4042092		1		9	['17', '30200060', '400530', '4042031']	Fight-02	聚噬巢穴	Assets/Product/Texture/Atlas/UiTRPG/UiTRPGStageBg9000Sp.png	Assets/Product/Texture/Image/UiTRPG/UiTRPGStageBg9000.png	Assets/Product/Texture/Atlas/UiTRPG/UiTRPGIconMaze01.png	4042021	聚噬体自身作为巨大的母巢，里面同样生活着无数异合生物，当聚噬体遭遇危险的时候，它们也会源源不断出现并攻击入侵者。	目前的实力可以迅速解决这场战斗。		
4042093		1		9	['17', '30200059', '400530', '4042031']	Fight-03	聚噬巢穴	Assets/Product/Texture/Atlas/UiTRPG/UiTRPGStageBg9000Sp.png	Assets/Product/Texture/Image/UiTRPG/UiTRPGStageBg9000.png	Assets/Product/Texture/Atlas/UiTRPG/UiTRPGIconMaze01.png	4042021	聚噬体自身作为巨大的母巢，里面同样生活着无数异合生物，当聚噬体遭遇危险的时候，它们也会源源不断出现并攻击入侵者。	目前的实力可以迅速解决这场战斗。		
4042094		1		9	['17', '30200060', '400530', '4042031']	Fight-04	聚噬巢穴	Assets/Product/Texture/Atlas/UiTRPG/UiTRPGStageBg9000Sp.png	Assets/Product/Texture/Image/UiTRPG/UiTRPGStageBg9000.png	Assets/Product/Texture/Atlas/UiTRPG/UiTRPGIconMaze01.png	4042021	聚噬体自身作为巨大的母巢，里面同样生活着无数异合生物，当聚噬体遭遇危险的时候，它们也会源源不断出现并攻击入侵者。	目前的实力可以迅速解决这场战斗。		
4042095		1		9	['17', '30200059', '400530', '4042031']	Fight-05	聚噬巢穴	Assets/Product/Texture/Atlas/UiTRPG/UiTRPGStageBg9000Sp.png	Assets/Product/Texture/Image/UiTRPG/UiTRPGStageBg9000.png	Assets/Product/Texture/Atlas/UiTRPG/UiTRPGIconMaze01.png	4042021	聚噬体自身作为巨大的母巢，里面同样生活着无数异合生物，当聚噬体遭遇危险的时候，它们也会源源不断出现并攻击入侵者。	目前的实力可以迅速解决这场战斗。		
4042096		1		9	['17', '30200060', '400530', '4042031']	Fight-06	聚噬巢穴	Assets/Product/Texture/Atlas/UiTRPG/UiTRPGStageBg9000Sp.png	Assets/Product/Texture/Image/UiTRPG/UiTRPGStageBg9000.png	Assets/Product/Texture/Atlas/UiTRPG/UiTRPGIconMaze01.png	4042021	聚噬体自身作为巨大的母巢，里面同样生活着无数异合生物，当聚噬体遭遇危险的时候，它们也会源源不断出现并攻击入侵者。	目前的实力可以迅速解决这场战斗。		
4042097		1		9	['17', '30200059', '400530', '4042031']	Fight-07	聚噬巢穴	Assets/Product/Texture/Atlas/UiTRPG/UiTRPGStageBg9000Sp.png	Assets/Product/Texture/Image/UiTRPG/UiTRPGStageBg9000.png	Assets/Product/Texture/Atlas/UiTRPG/UiTRPGIconMaze01.png	4042021	聚噬体自身作为巨大的母巢，里面同样生活着无数异合生物，当聚噬体遭遇危险的时候，它们也会源源不断出现并攻击入侵者。	目前的实力可以迅速解决这场战斗。		
4042098		1		9	['17', '30200060', '400530', '4042031']	Fight-08	聚噬巢穴	Assets/Product/Texture/Atlas/UiTRPG/UiTRPGStageBg9000Sp.png	Assets/Product/Texture/Image/UiTRPG/UiTRPGStageBg9000.png	Assets/Product/Texture/Atlas/UiTRPG/UiTRPGIconMaze01.png	4042021	聚噬体自身作为巨大的母巢，里面同样生活着无数异合生物，当聚噬体遭遇危险的时候，它们也会源源不断出现并攻击入侵者。	目前的实力可以迅速解决这场战斗。		
4042101				10		Out	离开	Assets/Product/Texture/Atlas/UiTRPG/UiTRPGStageBg7024Sp.png	Assets/Product/Texture/Image/UiTRPG/UiTRPGStageBg7024.png	Assets/Product/Texture/Atlas/UiTRPG/UiTRPGIconMaze09.png					
4043011				1		Cliff path	断崖平台	Assets/Product/Texture/Atlas/UiTRPG/UiTRPGStageBg1022Sp.png	Assets/Product/Texture/Image/UiTRPG/UiTRPGStageBg1022.png						
4043012				1		Cliff path	断崖平台	Assets/Product/Texture/Atlas/UiTRPG/UiTRPGStageBg1024Sp.png	Assets/Product/Texture/Image/UiTRPG/UiTRPGStageBg1024.png						
4043021				2		Xeno-cliff	异聚石壁	Assets/Product/Texture/Atlas/UiTRPG/UiTRPGStageBg2026Sp.png	Assets/Product/Texture/Image/UiTRPG/UiTRPGStageBg2026.png						
4043022				2		Xeno-cliff	异聚石壁	Assets/Product/Texture/Atlas/UiTRPG/UiTRPGStageBg2027Sp.png	Assets/Product/Texture/Image/UiTRPG/UiTRPGStageBg2027.png						
4043041	1		4	4	['FZ01611BB']	Story	祈祷	Assets/Product/Texture/Atlas/UiTRPG/UiTRPGStageBg3037Sp.png	Assets/Product/Texture/Image/UiTRPG/UiTRPGStageBg3037.png	Assets/Product/Texture/Atlas/UiTRPG/UiTRPGIconMaze02_2.png	4043021	信仰赞歌2		1	
4043042	1		4	4	['FZ01604BA']	Story	幕后	Assets/Product/Texture/Atlas/UiTRPG/UiTRPGStageBg3037Sp.png	Assets/Product/Texture/Image/UiTRPG/UiTRPGStageBg3037.png	Assets/Product/Texture/Atlas/UiTRPG/UiTRPGIconMaze02_2.png	4043021	锲1		1	
4043051	1		2	5	['4043051', '1', '0']	Test-01	深渊破片	Assets/Product/Texture/Atlas/UiTRPG/UiTRPGStageBg5027Sp.png	Assets/Product/Texture/Image/UiTRPG/UiTRPGStageBg5027.png	Assets/Product/Texture/Atlas/UiTRPG/UiTRPGIconMaze06.png	4043021	检定1			
4043061	1		1	6	['400502']	Reward-01	残存物资	Assets/Product/Texture/Atlas/UiTRPG/UiTRPGStageBg6000Sp.png	Assets/Product/Texture/Image/UiTRPG/UiTRPGStageBg6000.png	Assets/Product/Texture/Atlas/UiTRPG/UiTRPGIconMaze04.png	4043021	奖励（道具1）			
4043062	1		1	6	['400502']	Reward-02	残存物资	Assets/Product/Texture/Atlas/UiTRPG/UiTRPGStageBg6000Sp.png	Assets/Product/Texture/Image/UiTRPG/UiTRPGStageBg6000.png	Assets/Product/Texture/Atlas/UiTRPG/UiTRPGIconMaze04.png	4043021	奖励（道具2）			
4043063	1		1	6	['400651']	Reward-03	贵重物资	Assets/Product/Texture/Atlas/UiTRPG/UiTRPGStageBg6001Sp.png	Assets/Product/Texture/Image/UiTRPG/UiTRPGStageBg6001.png	Assets/Product/Texture/Atlas/UiTRPG/UiTRPGIconMaze04.png	4043021	奖励（开封锁3）			
4043071		1		7	['4043021', '200', '4043061', '50', '4043091', '50']	???-01	随机事件	Assets/Product/Texture/Atlas/UiTRPG/UiTRPGStageBg00Sp.png	Assets/Product/Texture/Image/UiTRPG/UiTRPGStageBg00.png		4043021	随机事件			
4043072		1		7	['4043021', '200', '4043061', '50', '4043091', '50']	???-02	随机事件	Assets/Product/Texture/Atlas/UiTRPG/UiTRPGStageBg00Sp.png	Assets/Product/Texture/Image/UiTRPG/UiTRPGStageBg00.png		4043021	随机事件			
4043073		1		7	['4043021', '200', '4043061', '50', '4043091', '50']	???-03	随机事件	Assets/Product/Texture/Atlas/UiTRPG/UiTRPGStageBg00Sp.png	Assets/Product/Texture/Image/UiTRPG/UiTRPGStageBg00.png		4043021	随机事件			
4043074		1		7	['4043021', '200', '4043061', '50', '4043091', '50']	???-04	随机事件	Assets/Product/Texture/Atlas/UiTRPG/UiTRPGStageBg00Sp.png	Assets/Product/Texture/Image/UiTRPG/UiTRPGStageBg00.png		4043021	随机事件			
4043075		1		7	['4043021', '200', '4043061', '50', '4043091', '50']	???-05	随机事件	Assets/Product/Texture/Atlas/UiTRPG/UiTRPGStageBg00Sp.png	Assets/Product/Texture/Image/UiTRPG/UiTRPGStageBg00.png		4043021	随机事件			
4043076		1		7	['4043021', '200', '4043061', '50', '4043091', '50']	???-06	随机事件	Assets/Product/Texture/Atlas/UiTRPG/UiTRPGStageBg00Sp.png	Assets/Product/Texture/Image/UiTRPG/UiTRPGStageBg00.png		4043021	随机事件			
4043077		1		7	['4043021', '200', '4043061', '50', '4043091', '50']	???-07	随机事件	Assets/Product/Texture/Atlas/UiTRPG/UiTRPGStageBg00Sp.png	Assets/Product/Texture/Image/UiTRPG/UiTRPGStageBg00.png		4043021	随机事件			
4043078		1		7	['4043021', '200', '4043061', '50', '4043091', '50']	???-08	随机事件	Assets/Product/Texture/Atlas/UiTRPG/UiTRPGStageBg00Sp.png	Assets/Product/Texture/Image/UiTRPG/UiTRPGStageBg00.png		4043021	随机事件			
4043079		1		7	['4043021', '200', '4043061', '50', '4043091', '50']	???-09	随机事件	Assets/Product/Texture/Atlas/UiTRPG/UiTRPGStageBg00Sp.png	Assets/Product/Texture/Image/UiTRPG/UiTRPGStageBg00.png		4043021	随机事件			
4043081				8	['4042', '1', '2']	Go-01	第2区域（西）	Assets/Product/Texture/Atlas/UiTRPG/UiTRPGStageBg7024Sp.png	Assets/Product/Texture/Image/UiTRPG/UiTRPGStageBg7024.png	Assets/Product/Texture/Atlas/UiTRPG/UiTRPGIconMaze07.png					
4043082				8	['4042', '1', '5']	Go-01	第2区域（东）	Assets/Product/Texture/Atlas/UiTRPG/UiTRPGStageBg7024Sp.png	Assets/Product/Texture/Image/UiTRPG/UiTRPGStageBg7024.png	Assets/Product/Texture/Atlas/UiTRPG/UiTRPGIconMaze07.png					
4043091		1		9	['17', '30200059', '400530', '4043031']	Fight-01	聚噬巢穴	Assets/Product/Texture/Atlas/UiTRPG/UiTRPGStageBg9000Sp.png	Assets/Product/Texture/Image/UiTRPG/UiTRPGStageBg9000.png	Assets/Product/Texture/Atlas/UiTRPG/UiTRPGIconMaze01.png	4043021	聚噬体自身作为巨大的母巢，里面同样生活着无数异合生物，当聚噬体遭遇危险的时候，它们也会源源不断出现并攻击入侵者。	目前的实力可以迅速解决这场战斗。		
4043092		1		9	['17', '30200060', '400530', '4043031']	Fight-02	聚噬巢穴	Assets/Product/Texture/Atlas/UiTRPG/UiTRPGStageBg9000Sp.png	Assets/Product/Texture/Image/UiTRPG/UiTRPGStageBg9000.png	Assets/Product/Texture/Atlas/UiTRPG/UiTRPGIconMaze01.png	4043021	聚噬体自身作为巨大的母巢，里面同样生活着无数异合生物，当聚噬体遭遇危险的时候，它们也会源源不断出现并攻击入侵者。	目前的实力可以迅速解决这场战斗。		
4043093		1		9	['17', '30200059', '400530', '4043031']	Fight-03	聚噬巢穴	Assets/Product/Texture/Atlas/UiTRPG/UiTRPGStageBg9000Sp.png	Assets/Product/Texture/Image/UiTRPG/UiTRPGStageBg9000.png	Assets/Product/Texture/Atlas/UiTRPG/UiTRPGIconMaze01.png	4043021	聚噬体自身作为巨大的母巢，里面同样生活着无数异合生物，当聚噬体遭遇危险的时候，它们也会源源不断出现并攻击入侵者。	目前的实力可以迅速解决这场战斗。		
4043094		1		9	['17', '30200060', '400530', '4043031']	Fight-04	聚噬巢穴	Assets/Product/Texture/Atlas/UiTRPG/UiTRPGStageBg9000Sp.png	Assets/Product/Texture/Image/UiTRPG/UiTRPGStageBg9000.png	Assets/Product/Texture/Atlas/UiTRPG/UiTRPGIconMaze01.png	4043021	聚噬体自身作为巨大的母巢，里面同样生活着无数异合生物，当聚噬体遭遇危险的时候，它们也会源源不断出现并攻击入侵者。	目前的实力可以迅速解决这场战斗。		
4043095		1		9	['17', '30200059', '400530', '4043031']	Fight-05	聚噬巢穴	Assets/Product/Texture/Atlas/UiTRPG/UiTRPGStageBg9000Sp.png	Assets/Product/Texture/Image/UiTRPG/UiTRPGStageBg9000.png	Assets/Product/Texture/Atlas/UiTRPG/UiTRPGIconMaze01.png	4043021	聚噬体自身作为巨大的母巢，里面同样生活着无数异合生物，当聚噬体遭遇危险的时候，它们也会源源不断出现并攻击入侵者。	目前的实力可以迅速解决这场战斗。		
4043096		1		9	['17', '30200060', '400530', '4043031']	Fight-06	聚噬巢穴	Assets/Product/Texture/Atlas/UiTRPG/UiTRPGStageBg9000Sp.png	Assets/Product/Texture/Image/UiTRPG/UiTRPGStageBg9000.png	Assets/Product/Texture/Atlas/UiTRPG/UiTRPGIconMaze01.png	4043021	聚噬体自身作为巨大的母巢，里面同样生活着无数异合生物，当聚噬体遭遇危险的时候，它们也会源源不断出现并攻击入侵者。	目前的实力可以迅速解决这场战斗。		
4043097		1		9	['17', '30200059', '400530', '4043031']	Fight-07	聚噬巢穴	Assets/Product/Texture/Atlas/UiTRPG/UiTRPGStageBg9000Sp.png	Assets/Product/Texture/Image/UiTRPG/UiTRPGStageBg9000.png	Assets/Product/Texture/Atlas/UiTRPG/UiTRPGIconMaze01.png	4043021	聚噬体自身作为巨大的母巢，里面同样生活着无数异合生物，当聚噬体遭遇危险的时候，它们也会源源不断出现并攻击入侵者。	目前的实力可以迅速解决这场战斗。		
4043098		1		9	['17', '30200060', '400530', '4043031']	Fight-08	聚噬巢穴	Assets/Product/Texture/Atlas/UiTRPG/UiTRPGStageBg9000Sp.png	Assets/Product/Texture/Image/UiTRPG/UiTRPGStageBg9000.png	Assets/Product/Texture/Atlas/UiTRPG/UiTRPGIconMaze01.png	4043021	聚噬体自身作为巨大的母巢，里面同样生活着无数异合生物，当聚噬体遭遇危险的时候，它们也会源源不断出现并攻击入侵者。	目前的实力可以迅速解决这场战斗。		
4043101				10		Out	离开	Assets/Product/Texture/Atlas/UiTRPG/UiTRPGStageBg7024Sp.png	Assets/Product/Texture/Image/UiTRPG/UiTRPGStageBg7024.png	Assets/Product/Texture/Atlas/UiTRPG/UiTRPGIconMaze09.png					
