Id	Name	Content
102006	谜之少女	你已经提交了完成报告。现在来为队员更换一下【意识】装备。
103006	谜之少女	你已经提交了完成报告。现在来为队员更换一下【意识】装备。
103030	谜之少女	选择需要强化的【意识】装备。
202006	谜之少女	一切就绪，准备前往作战地点。
104014	谜之少女	准备工作已经完成，你的小队可以继续进行作战。
202111006	谜之少女	一切就绪，准备前往作战地点。
201006	谜之少女	现在来尝试一下新装备吧。
201038	谜之少女	两件同名【意识】即可触发二件套效果。
201045	谜之少女	【意识】根据不同位置会有不同属性加成。
201046	谜之少女	装备的同名的【意识】，可触发套装效果。
301004	谜之少女	副本通关后可以获取装备奖励。
301005	谜之少女	继续挑战接下来的副本吧。
401009	谜之少女	让我们来领取一下任务奖励。
401014	谜之少女	留意下方，领取【主线任务奖励】。
50000001	露西亚	指挥官，哈桑议长安排了对过往任务的拟真回顾，我们需要出发了。
50000002	露西亚	一切准备就绪，出发吧！
20211006	谜之少女	一切就绪，准备前往作战地点。
402007	谜之少女	新的构造体已苏醒，请做好必要的战前准备。
402009	谜之少女	进入【成员】选择新的构造体。
402020	谜之少女	选取足够的【经验材料】。
403006	谜之少女	一切就绪，准备前往作战地点。
403029	谜之少女	将新成员编入作战队伍。
50101009	赛利卡	作战成功，进入【任务库】进行确认。
50101020	赛利卡	留意【可领取】的任务奖励。
50102101	赛利卡	尝试配置小队中的泛用机体【装备】
50102110	赛利卡	每个泛用机体可配备6件【意识】。
50103103	赛利卡	你那边也受到帕弥什的干扰，网络中断了吗？还好我们恢复链接了。赶紧去装备意识套装吧。
50103115	赛利卡	尝试配置第二件意识，选中【2号位】。
50103125	谜之少女	装备【同名意识】，可触发套装效果。
50103131	谜之少女	装备【同名意识】，可触发套装效果。
715343744	谜之少女	已成功装备1件意识，装备2件相同的意识，可以获得套装效果哦
715343750	谜之少女	套装效果已生效，赶紧进行下一个任务吧
50201001	露西亚	请进入<color=#57f0fb>章节任务</color>进行确认。
50201002	露西亚	留意下方，可以领取<color=#57f0fb>通关历程</color>奖励。
50201003	露西亚	泛用机体<color=#57f0fb>丽芙·蚀暗</color>已成功加入小队。
50203001	露西亚	将丽芙编入队伍的<color=#57f0fb>蓝色位置</color>。
50203002	露西亚	点击职业图标可查看丽芙·蚀暗的<color=#57f0fb>职业</color>信息。
50203003	露西亚	丽芙·蚀暗是<color=#57f0fb>辅助型</color>构造体，能够为小队成员<color=#57f0fb>回复血量</color>。
50203004	露西亚	其他职业构造体的特性可后续在此处查看。
50203005	露西亚	将丽芙·蚀暗编入队伍。
50203006	露西亚	作战开始！
50202009	赛利卡	丽芙的战斗经验不足，建议先进行调试。
50202073	赛利卡	选择足够的【经验材料】。
50202082	赛利卡	选中泛用机体【丽芙】。
50301001	露西亚	提升成员属性，可以提高成员战斗力。
50301002	露西亚	选中<color=#57f0fb>成员</color>。
50301003	露西亚	点击<color=#57f0fb>升级</color>，可以提高成员等级。
50301004	露西亚	选择足够的<color=#57f0fb>经验材料</color>后，点击为成员添加对应经验值。
50301005	露西亚	点击<color=#57f0fb>晋升</color>页签，可以提高成员军衔。
50301006	露西亚	达到以下条件时，可以进行晋升。
50301007	露西亚	点击<color=#57f0fb>技能</color>页签，可以提高角色各个技能等级。
50301008	露西亚	选择需要提升的<color=#57f0fb>技能类别</color>。
40111009	谜之少女	让我们来领取一下任务奖励。
40111014	谜之少女	留意下方，领取【主线任务奖励】。
50800005	赛利卡	现在来尝试一下【基准研发】。
50800047	赛利卡	指挥官可以选择任意A级泛用机体进行狙击，本次狙击请指挥官选择基准研发。
50800055	赛利卡	点击空白处，回到研发界面。
50800058	赛利卡	点击<color=#57f0fb>研发</color>按钮，即可进行研发。
50800076	赛利卡	指挥官，现在可以点击拖动进度条，完成研发吧！
50701008	赛利卡	<color=#57f0fb>研发</color>系统已开启，指挥官可以通过研发获取新的<color=#57f0fb>成员</color>和<color=#57f0fb>武器</color>。
50701025	赛利卡	指挥官，我这里有一些<color=#57f0fb>基准研发券</color>，你先拿着吧。
50801005	赛利卡	研发系统还可以进行<color=#57f0fb>武器研发</color>。
50801039	赛利卡	根据成员需求，指挥官可以选择狙击不同的武器。
50801042	赛利卡	拥有足够的<color=#57f0fb>狙击武器研发券</color>时，即可选择研发。
50801048	赛利卡	根据成员需求，指挥官可以选择狙击不同的武器。
50801050	赛利卡	点击空白处，回到研发界面。
50801054	赛利卡	拥有足够的<color=#57f0fb>狙击武器研发券</color>时，即可选择研发。
50801061	赛利卡	基准研发还可以进行<color=#57f0fb>武器研发</color>。
50901005	赛利卡	让我们先了解一下新获取的成员吧！
50901033	赛利卡	<color=#57f0fb>涂装</color>可以查看并替换对应成员的涂装及装备的武器的涂装。
50901036	赛利卡	<color=#57f0fb>详情</color>可以查看对应成员的详细信息。
50901039	赛利卡	<color=#57f0fb>教学</color>可以了解新成员的战斗技巧。
50931001	赛利卡	作战区域<color=#57f0fb>拟战场域</color>已经开启。
50931002	赛利卡	指挥官可以在拟战场域中获得各类<color=#57f0fb>角色养成材料</color>。
50931003	赛利卡	点击此处可设置为最大挑战次数。
50931004	赛利卡	<color=#57f0fb>消耗血清</color>可挑战拟战场域，<color=#57f0fb>获取商店代币</color>，血清会随时间恢复。
50931005	赛利卡	使用<color=#57f0fb>代币</color>可在商店兑换所需材料。
50931006	赛利卡	指挥官，先进行拟战场域的作战吧。
50932001	赛利卡	在<color=#57f0fb>拟战场域</color>作战，并获得代币后，可在拟战商店获得<color=#57f0fb>意识和养成材料</color>。
50932002	赛利卡	材料商店可兑换角色养成材料。
50932003	赛利卡	意识商店可兑换角色所需意识。
50932004	赛利卡	<color=#57f0fb>狄瑟尔</color>可以提高深红囚影的输出能力，优先进行购买吧。
50932005	赛利卡	点击购买。
51201014	赛利卡	【战技演习】已经开启。
51201018	赛利卡	通过演习可获得大量【技能点】。
51301020	赛利卡	【螺母大作战】已经开启。
51301028	赛利卡	通过作战可获得大量【螺母】。
51401020	赛利卡	【后勤保养】已经开启。
51401028	赛利卡	通过作战可获得大量【装备经验】。
51501020	赛利卡	【军备突破】已经开启。
51501028	赛利卡	通过作战可获得大量【突破材料】。
51601020	赛利卡	<color=#57f0fb>意识营救战</color>已开启。
51601044	赛利卡	<color=#57f0fb>意识营救战</color>共有两个阶段的救援任务，完成阶段所有关卡可以获取<color=#57f0fb>6星意识</color>奖励。
51601046	赛利卡	每个阶段的关卡均有一定的挑战难度，提升作战能力完成挑战可以获得丰厚的奖励！
51701006	赛利卡	<color=#57f0fb>隐藏剧情</color>已经开启。
51701042	赛利卡	当隐藏剧情解锁后，点击右上角可以切换<color=#57f0fb>隐藏剧情</color>。
51701043	赛利卡	隐藏剧情将包含新的主线剧情及关卡。
51801021	谜之少女	首次通关后，可进行【自动作战】，等待完成后即可获取奖励。
51801048	赛利卡	【自动作战】已开启。
51901020	赛利卡	【作战补给】已经开启
51901028	赛利卡	通过作战可获得5-6★【武器】和【意识】。
52001005	赛利卡	想要更加了解每个成员，可查看【详情】
52001014	赛利卡	尝试查看泛用机体【仰光】
52101005	赛利卡	查看一下【成员】的收集进度吧。
52101016	赛利卡	点击左下方的【成员】。
52101020	赛利卡	在这里，会显示你收集到的成员
52101025	赛利卡	完成解放条件后可获得丰富奖励。
52201005	赛利卡	【协同作战】已经开启。
52201047	赛利卡	作战成功后有机会获得【高级装备】
52201050	赛利卡	【协同作战】中需要和其他指挥官同时作战。
52301005	赛利卡	<color=#57f0fb>支援系统</color>已开启。
52301050	赛利卡	点击右侧的支援按钮，可切换是否使用助战。
52501033	赛利卡	<color=#57f0fb>角色碎片</color>资源副本已经开启。
52501034	赛利卡	<color=#57f0fb>角色碎片</color>资源副本已经开启。
52501043	赛利卡	这里可以获取A级泛用机体的逆元碎片，每个关卡每日有<color=#57f0fb>2次</color>挑战次数。
52401005	赛利卡	<color=#57f0fb>间章旧闻</color>剧情已经开启。
52401053	赛利卡	<color=#57f0fb>间章旧闻</color>可以了解到对应角色的故事。
52601005	赛利卡	【赏金任务】已经开启。
52601021	赛利卡	选择1个任务
52701014	赛利卡	<color=#57f0fb>宿舍</color>已开启。
52701029	赛利卡	进入1号宿舍。
52701036	赛利卡	更多的细节，请查看<color=#57f0fb>图文说明</color>。
52701043	赛利卡	宿舍是模拟成员生活的场景。
52901030	赛利卡	<color=#57f0fb>幻痛囚笼</color>已开启。
52901067	赛利卡	此处为本周挑战所有Boss获取的<color=#57f0fb>总讨伐值</color>，讨伐值越高，获得奖励越丰厚。讨伐值将每周重置。
52901069	赛利卡	每天将有一定的<color=#57f0fb>挑战次数</color>，每次作战后选择保存数据将消耗一次挑战次数。
52901071	赛利卡	<color=#57f0fb>80级</color>可晋升<color=#57f0fb>高级区</color>，每周重置后根据总讨伐值进行结算，结算获得的幻痛伤痕可在商店兑换物品
52901073	赛利卡	幻痛囚笼将每周刷新不同的Boss，Boss的数量与指挥官等级有关。
53101041	赛利卡	<color=#57f0fb>据点</color>已开启。
50601001	赛利卡	指挥官，武器性能有时也是左右作战成败的关键。
50601002	赛利卡	为此补给中心特意准备了一把特制武器，请尽快接收。
50602001	赛利卡	装备系统由<color=#57f0fb>武器</color>和<color=#57f0fb>意识</color>构成。
50602002	赛利卡	现在来装备刚刚获得的特制武器吧。
50602003	赛利卡	装备后，无铭的武器技能已生效。
50602004	赛利卡	武器本身也提供了基础属性加成。
50602005	赛利卡	培养武器来获得更高的属性加成。
50602006	赛利卡	<color=#57f0fb>武器的升级材料可在新手任务中大量获取</color>，这次请将无铭强化到最高等级吧！
50603038	赛利卡	装备培养后，能产生更高的伤害。
50603065	赛利卡	拖动或选择目标等级，可将当前武器强化至对应等级。
50604001	赛利卡	接下来一起测试新武器的威力吧，指挥官。
50604002	赛利卡	<color=#57f0fb>快速模式</color>已就绪，开启后可不探索剧情关卡，直接挑战怪物，快速通关。
53001030	赛利卡	<color=#57f0fb>黄金之涡</color>已开启。
53001055	赛利卡	这里的地形比较复杂，请小心选择线路。
80901001	赛利卡	<color=#57f0fb>时间轴剧情线</color>功能已解锁。
80901002	赛利卡	点击分章节页签可以查看分章节总完成进度以及<color=#57f0fb>快速切换至对应分章节</color>。
80901003	赛利卡	喜欢探寻角色背景故事的指挥官，可以通过<color=#57f0fb>角色剧情</color>按钮前往查看。
80901004	赛利卡	若指挥官在体验关卡剧情时使用<color=#57f0fb>加入书签</color>操作，可通过该书签按钮快速进入到对应剧情中段。
80901005	赛利卡	新版时间轴不再包含2~8章剧情，若指挥官想体验2~8章剧情可进入旧版界面查看。
80901006	赛利卡	若指挥官想查看整个时间轴剧情线走向，可以尝试<color=#57f0fb>双指或者鼠标滚轮进行缩放</color>。
80902001	赛利卡	后续剧情已全部解锁，下载完整分包后可体验最新章节。
80902002	赛利卡	点击定位按钮，可快速定位至当前剧情通关进度。
80902003	赛利卡	让我们踏上征程吧。
80903001	赛利卡	点击定位按钮，可快速定位至当前剧情通关进度。
80903002	赛利卡	后续剧情已全部解锁，查看最新章节剧情吧！
80903003	赛利卡	让我们踏上征程吧。
990901006	赛利卡	你还有奖励没领取呢~赶紧来看看吧
990901012	赛利卡	每次通关主线章节后，都记得回来领取奖励哦
990901016	赛利卡	点击右上角可以返回主界面
51001025	赛利卡	商店系统可以看到所有类型商店，对应花费的货币也有所不同。
51001050	赛利卡	<color=#57f0fb>商店</color>已开放，请前往查看。
1319098414	赛利卡	你还有奖励没领取呢~赶紧来看看吧
1319098420	赛利卡	每次通关主线章节后，都记得回来领取奖励哦
1319098424	赛利卡	点击右上角可以返回主界面
60000006	谜之少女	别管我是谁了，露西亚还在战斗中，赶紧与她链接吧！
60000048	谜之少女	我们已经做好了与露西亚链接的准备，请指挥官点击“作战开始”
60000049	谜之少女	请点击左侧，进入第一章
60000050	谜之少女	请点击左侧1-1
60000051	谜之少女	这里可查看本关卡的详细信息，请点击下方按钮
52031008	赛利卡	在挑战区域中有一个【试玩区】请查看一下。
52031016	赛利卡	点击右上角进入
52031026	赛利卡	这里的训练并非正式内容，请谨慎考虑进入。
52702014	赛利卡	进入1号宿舍
52702031	赛利卡	帮露西亚入住宿舍
52703046	赛利卡	有任务奖励可领取。
52704050	赛利卡	制造一件家具。
52704066	赛利卡	选择家具类型，并投入一定的家具币，即可建造。
52705005	赛利卡	家具可以改装，获得不同的属性
52705043	赛利卡	改装需要家具和图纸，先送一份吧。
52705044	赛利卡	分别选择家具和图纸。
52705049	赛利卡	家具可以改装，获得不同的属性
52931042	赛利卡	【勋章墙】已开启。
52706005	赛利卡	可随时点击上方按钮，查看图文教程
52706049	赛利卡	可随时点击上方按钮，查看图文教程
52731011	赛利卡	指挥官可选择加入到其他玩家创建的指挥局中。
52731016	赛利卡	也可以创建1个自己独有的指挥局。
52731028	赛利卡	你已经加入指挥局，那么继续努力吧！
52731042	赛利卡	指挥官可选择加入到其他玩家创建的指挥局中。
52731044	赛利卡	也可以创建1个自己独有的指挥局。
52731047	赛利卡	更多的细节，请查看<color=#57f0fb>图文说明</color>。
52731049	赛利卡	更多的细节，请查看<color=#57f0fb>图文说明</color>。
52731056	赛利卡	<color=#57f0fb>公会</color>已开启。
52961026	赛利卡	检查到有新型机体加入，指挥官请进入任务库。
52961044	赛利卡	<color=#57f0fb>独域机体</color>卡穆加入新成员，他有独立的战斗方式，不适合与泛用机体共同战斗。
52961049	赛利卡	选中独域机体<color=#57f0fb>卡穆</color>。
52961051	赛利卡	<color=#57f0fb>独域机体</color>的培养材料与泛用机体所需的培养材料相同。
52961053	赛利卡	独域机体的武器与意识均为专属，无法与泛用机体通用。
52961072	赛利卡	空中花园为指挥官提供了属于卡穆的机体与培养素材。
52961078	赛利卡	请选择独域机体页签。
52991020	赛利卡	<color=#57f0fb>资源商店</color>已开启。
52991039	赛利卡	通关AE-5将掉落<color=#57f0fb>特殊支援信物</color>。
52991043	赛利卡	点击<color=#57f0fb>切换套装</color>即可更换不同意识套装的商品。
52991054	赛利卡	<color=#57f0fb>资源商店</color>已开启。
52991060	赛利卡	特殊支援信物可用于<color=#57f0fb>资源商店</color>兑换<color=#57f0fb>高星意识</color>。
53002006	赛利卡	虚像地平线将使用特殊的数据成员，首先让我们先进行招募
53002031	赛利卡	首先让我们刷新一下，看模拟系统提供的数据成员
53002072	赛利卡	数据成员具有不同的战术等级，等级越高能力越强
53002081	赛利卡	点击【招募】按钮即可招募对应成员，指挥官可在稍后尝试下
53002083	赛利卡	查看图文教学，进行挑战吧。
52602067	赛利卡	<color=#57f0fb>维系者行动</color>每周进行重置。
52602070	赛利卡	指挥官有3张巡逻计划，每张对应1-6间的前进距离。使用1张后还将随机补充1张。
52602074	赛利卡	更多规则，请查看图文教学。
52602076	赛利卡	这是你的本周任务，你需要合理安排巡逻计划完成所有任务。
52602081	赛利卡	<color=#57f0fb>维系者行动</color>已经开启。
53003006	阿西莫夫	首先我来进行简单的说明
53003134	阿西莫夫	正在执行的任务会显示在你视野的左上角位置，任务进度也会根据你的行动实时匹配更新
53003135	阿西莫夫	我们需要在格式塔构建的虚拟空间中探索，以此找到并解决让格式塔发生异变的‘病源’所在
53003137	阿西莫夫	时间不多，让我们尽快完成冗余区块22-16的调查吧
53003138	阿西莫夫	现在展现在你面前的就是经由法奥斯之矛最优战术分析、并数据化后的战术界面……
53003140	阿西莫夫	【前进】即是法奥斯之矛在分析现场环境后计算出的相对安全路线，沿着这一通路向前探索吧
53003143	阿西莫夫	并时刻阻止你进入该区域，虽然措施有点强硬，但也是为了大家的安全
53003145	阿西莫夫	遇到这种情况时绕过【阻挡】即可
53003146	阿西莫夫	系统中也会出现无法识别的数据盲区，踏足其中会发生意外，法奥斯之矛将这些盲区标记为【阻挡】
53003149	阿西莫夫	适应得很快嘛。接下来，就由灰鸦指挥官自己进行战术上的抉择吧
53003153	阿西莫夫	不确定事件构成了战场上的隐患，系统将这些隐患标注为橙色的区块显示出来
53003157	阿西莫夫	在处理这些不确定因素前先派出合适的【链接者】进行【推演】
53003158	阿西莫夫	法奥斯之矛会将【链接者】的优势能力进行解析归类、简单分为三种类型
53003160	阿西莫夫	不同的战术类型伴随着不同的风险等级，这些风险等级被标注在推演的最下方
53003161	阿西莫夫	根据法奥斯之矛的计算，当前事件用【感知】进行推演的话，会产生较高的风险
53003162	阿西莫夫	这么说可能有点抽象，拿你遇到的情况举例吧
53003163	阿西莫夫	决定策略后，选择【确定】，进入推演环节
53003164	阿西莫夫	这里显示的是战术执行时的风险等级
53003165	阿西莫夫	以里为例，法奥斯之矛将其分析归类为以【运算】为优势的链接者……嗯，还真是准确呢
53003166	阿西莫夫	方案评分轻易地就超过风险等级了吗？还不赖
53003167	阿西莫夫	确定好链接者后点击【开始投点】，进行战术方案的拟定
53003168	阿西莫夫	接下来【确认结果】，看看按照推演中的战术方案执行后会发生什么事吧
53003170	阿西莫夫	嗯，这片区域快到尽头了，暂时没有异常
53003172	阿西莫夫	……意义不明的数据，但看起来不是造成格式塔异常的元凶
53003174	阿西莫夫	我先把这条数据记录下来，之后再研究，现在先点击【确认结果】完成本次推演
53003176	阿西莫夫	不错，你适应得很快。这为我们争取到不少时间
53003178	阿西莫夫	但情况依旧紧急，确认这里最后一部分没有异常后，就立刻去下一个区域探查吧
53003179	阿西莫夫	比起理论，实际体验更能让你快速适应法奥斯之矛
53003180	阿西莫夫	先从距离你浸入位置最近的冗余区块22-16开始调查吧
53003183	阿西莫夫	从一旁相对安全的区域【前进】吧
53003185	阿西莫夫	推演即拟定战术方案，法奥斯之矛会对拟定的方案进行评估，并推算执行该方案产生的可能结果
53003187	阿西莫夫	分别是【作战】、【感知】、【运算】
53003189	阿西莫夫	那么还是以【运算】为核心，进行推演吧
53003191	阿西莫夫	现在在你面前的是一片数据断层，那么想要以【运算】为核心推演的话……
53003192	阿西莫夫	只需要用合适的公式计算出断层的生成序列，根据排布规律得出起始点，然后激活序列即可
53003193	阿西莫夫	这一行动必须成功，因为一旦失败就极可能被格式塔判定为异常入侵，从而将你排除
53003199	阿西莫夫	所以在执行战术前先利用推演得出最佳的【运算】公式比较稳妥
53003202	阿西莫夫	法奥斯之矛还会为链接者使用的战术方案进行数值化评分，以此来判断方案的可行性
53003204	阿西莫夫	试着推演出大于风险等级的战术方案吧
53003205	阿西莫夫	片刻后法奥斯之矛会将我们拟定的方案进行评分，并与风险等级进行比较
53004006	赛利卡	指挥官，解锁场景之后可以进入拍照模式进行场景更换
53004031	赛利卡	在这里可以选择不同的主界面场景
53004072	赛利卡	点击同步后，主界面的显示会根据当前选择变化。
53004081	赛利卡	拍照模式中，指挥官也可以选择不同的成员，切换涂装及拍照动作。
53004083	赛利卡	选择之后，按下快门，拍摄下记忆瞬间。
53005006	赛利卡	<color=#57f0fb>指导</color>计划已开启，请指挥官前往查阅。
53005031	赛利卡	在这里可以寻找合适的教官。
53005072	赛利卡	学员每周完成指导任务可以获得高额小队经验。
53005083	赛利卡	更多规则请在相应界面的图文说明中查看。祝指挥官协作愉快！
53005088	赛利卡	完成协助补给的任务也可以领取丰厚的奖励。
53006006	赛利卡	基伽勒档案每轮持续时间为1周，共计4轮，开启新一轮时将重置关卡
53006031	赛利卡	点击“刷新”按钮，模拟系统将刷新出三个可招募成员，同时会消耗刷新次数
53006072	赛利卡	星数代表该成员本次招募可累计的星级，点击招募按钮会显示其相关信息
53006081	赛利卡	点击此处可查看所有成员组合效果，该效果非常强大，建议围绕其进行成员招募
53006083	赛利卡	查看图文教学，了解规则细节后再进行挑战吧
53006085	赛利卡	每轮会拥有不同的全域变量，同时包含增益与减益效果，会显著影响到战斗
53006086	赛利卡	该玩法将使用系统提供的角色进行战斗，点击这里进入招募界面
53007006	未知	现在进行辅助教学导入。
53007072	未知	注意选择使用需要的POD技能，进入战斗。
53007085	未知	选择需要进行破译的档案区域。
53007094	未知	选择第一关开始挑战
53008006	七实	空想环廊每轮持续时间为1周，共有两轮，开启新一轮时将重置关卡记录与机械体小队培养记录。
53008098	七实	空中花园运来的物资补给会随着时间不断累积，若超过24h未领取，将达到累积上限。
53008100	七实	点击该处可领取物资补给，强化己方机械体小队。
53008102	七实	接下来，就开始训练我们的机械体小队，为战斗做准备吧。
53008111	七实	训练成功！接下来，率领大家去征服这座高塔吧！
53008112	七实	试试点击“升级”
53008117	七实	选择第1关开始挑战！
53008121	七实	选定一个机械体,点击它将自动上阵！
53008124	七实	准备就绪，开始作战吧！
53008128	七实	就让我们先收下武藏九型，再开始战斗。
53008138	七实	七实军团，出发！
53009128	赛利卡	在本玩法中己方回合和敌方回合将交错进行，玩法目标为驻扎部队与主目标战斗从而击杀主目标
53009140	赛利卡	右上方显示本局玩法主目标信息，包括与主目标战斗次数以及主目标单次最大受到多少伤害
53009142	赛利卡	点击当前手牌中的战术卡牌，不同的战术卡牌会有不同的效果和可使用目标。
53009145	赛利卡	该战术卡牌的使用目标为驻扎部队，对其使用可在战斗中加强驻扎部队
53009146	赛利卡	战术卡牌已布置完毕，现在让我们进入敌方回合，让主目标开始移动同时让卡牌生效吧！
53010006	未知	了解寄叶遗档，有助于提高破译进度。
53010094	未知	当前已解锁A2，请查看。
53010100	未知	提升等级有助于提升A2的基础战斗力。
53010105	未知	选中A2相关的记录副本，获取对应的经验值和奖励。
53010109	未知	所需消耗将会在次日5:00自动恢复3个。
53011006	未知	EX关卡已解锁，建议优先通关，可激活新能力。
53012006	赛利卡	抑制拟算中指挥官将根据具有的算子数目，权衡选择并通过挑战。
53012031	赛利卡	每个关卡将提供不同的成员，且可使用2种算子进行招募，本次挑战让我们使用基础算子。
53012072	赛利卡	接下来请选择本次挑战要使用的成员：万事，露西亚，薇拉。
53012084	赛利卡	首先让我们来挑战第1关
53012093	赛利卡	选择完毕后即可进行招募确认。
53012095	赛利卡	除了招募成员，指挥官还可选择加成来强化队伍。
53012097	赛利卡	选择与成员能形成的配合的加成可大幅提升队伍战力。
53012099	赛利卡	接下来就请指挥官自行探索了，如有疑问请记得查看图文教学哦。
54021006	赛利卡	<color=#57f0fb>作战开始前</color>通关任意关卡后进入作战阶段（或活动4天后自动进入），<color=#57f0fb>作战阶段</color>固定为10天
54021072	赛利卡	选择红岩矿区
54021084	赛利卡	直接进入战斗吧
54021102	赛利卡	这是<color=#57f0fb>资源关卡</color>，通关后可以获得基础奖励
54021104	赛利卡	进入战斗吧
54022102	赛利卡	这是<color=#57f0fb>链接关卡</color>，通关后可以消除矿区深巢的一个<color=#57f0fb>词缀</color>
54022104	赛利卡	进入战斗吧
54023102	赛利卡	点击前往<color=#57f0fb>矿区深巢</color>
54023104	赛利卡	通关矿区深巢后可以一次性<color=#57f0fb>通关矿区的所有关卡</color>，获得所有通关奖励，快试试吧。
54023111	赛利卡	生产的电力可以用于<color=#57f0fb>配置插件</color>
54024129	赛利卡	<color=#57f0fb>自律矿工</color>每天结算时产出钽铁合矿，并<color=#57f0fb>增殖</color>50%矿工总数。越早获得自律矿工，奖励越多
54031006	赛利卡	为协助意识海稳定而研制的<color=#57f0fb>辅助型无人机</color>已开启。
54031041	赛利卡	前往辅助机系统看看吧。
54031051	赛利卡	点击<color=#57f0fb>辅助机携带</color>入口。
54031053	赛利卡	点击<color=#57f0fb>携带</color>。
54031055	赛利卡	首位为辅助机携带的<color=#57f0fb>主动技能</color>，可以选择辅助机在战斗内使用的主动技能。
54031072	赛利卡	空中花园为指挥官提供了第一版辅助机——<color=#57f0fb>元谒</color>。
54031081	赛利卡	以及为指挥官提供了属于该辅助机的<color=#57f0fb>培养素材</color>。
54031096	赛利卡	点击<color=#57f0fb>进化</color>页签。
54031098	赛利卡	通过消耗<color=#57f0fb>相同辅助机</color>或<color=#57f0fb>碎片</color>进行进化；进化后可解锁额外被动技能栏位，携带更多的被动技能。
54031101	赛利卡	点击<color=#57f0fb>技能</color>页签。
54031102	赛利卡	选择所需提升的对应技能。
54031111	赛利卡	点击返回，赛利卡带你了解辅助机的技能佩戴
54031120	赛利卡	根据携带的成员<color=#57f0fb>属性</color>不同，会产生不同属性的技能效果。
54031121	赛利卡	每个辅助机共有两套不同类型主动技能，指挥官可以选择想使用的主动技能。
54031123	赛利卡	此处可以查看每个主动技能对应的不同属性效果。
54031126	赛利卡	属性技能根据携带成员属性的不同，会<color=#57f0fb>自动变换</color>，无需手动选择。
54031129	赛利卡	点击返回。
54031132	赛利卡	成员携带<color=#57f0fb>辅助机</color>后可在作战过程中给予短时间战斗支援。
54031141	赛利卡	指挥官可以根据需要选择需要装备的被动技能。
54031145	赛利卡	辅助机品质越高，当前辅助机可装备的被动技能<color=#57f0fb>数量越多</color>。
54031155	赛利卡	点击<color=#57f0fb>被动技能</color>位置，可选择带入战斗的被动技能。
54031169	赛利卡	让我们进行<color=#57f0fb>元谒</color>的合成。
54031170	赛利卡	<color=#57f0fb>培养</color>对应辅助机可以提升其作战能力。
54031173	赛利卡	请选择<color=#57f0fb>元谒</color>。
54031185	赛利卡	选中需要培养的辅助机<color=#57f0fb>元谒</color>。
54031186	赛利卡	根据不同的战斗需要可以在此处替换辅助机的携带的<color=#57f0fb>主动技能</color>和<color=#57f0fb>被动技能</color>。
54031189	赛利卡	消耗<color=#57f0fb>支援经验集成</color>可以提高对应辅助机的等级。
54031192	赛利卡	消耗一定的<color=#57f0fb>支援技能元件</color>可以提升对应技能等级。
54031199	赛利卡	拥有足够的辅助机碎片时，可在辅助机系统内合成。
53013006	赛利卡	挑战模式已开启，请跟随指引查看
53013084	赛利卡	通关挑战关卡可获得大量拟定算子，首先让我们查看第1关。
53013088	赛利卡	挑战模式可自选本次挑战的星级难度，难度越高奖励越好。
53013089	赛利卡	试着勾选下第1条难度。勾选星级并通关即可获得关卡星级评价，收集星数可兑换星级奖励。
53013091	赛利卡	挑战模式的算子奖励每日只能获得3次，奖励领取次数使用完毕后依旧可挑战关卡获得星级奖励。
54041006	赛利卡	每个地点均会随机刷新一些地点事件，点击事件可以查看事件详情和需求
54041095	赛利卡	随着地点开启还可以邀请心仪的角色到活动中一起参与事件
54041101	赛利卡	在事件详情中可以选择角色一同完成
54041102	赛利卡	选择事件所需要的属性的角色完成会激活增益，降低事件需要的完成时间，增加事件奖励
54041103	赛利卡	选择事件所需要的属性的角色完成会激活增益，降低事件需要的完成事件，增加事件奖励
54042006	赛利卡	恭喜队伍等级提升，获得了改造点数。现在让我们来试试特别的改造系统吧！
54042101	赛利卡	让我们来特性化改造吧！点击改造按钮进入改造系统。
54042103	赛利卡	右上角为当前角色拥有的改造点数，请选择一个已解锁的改造点位进行改造。
54051006	赛利卡	欢迎来到伊甸文化纪
54051101	赛利卡	印花可从文化纪筹备玩法中获得
54051103	赛利卡	此处可查看本次文化纪选手的介绍和指挥官们的投票热度榜
54051107	赛利卡	在文化纪中，使用各类印花可对各个选手进行热度支援投票
54051110	赛利卡	请记得查看相关的图文说明哦
54052006	赛利卡	达到每日筹备回馈要求，可领取每日档位奖励
54052103	赛利卡	点击此处选择协助者
54052107	赛利卡	点击进入关卡
54052110	赛利卡	编入队伍
54052116	赛利卡	根据条件满足情况，有额外真爱印花奖励
54052118	赛利卡	点击前往筹备
54053006	赛利卡	拥有联络终端后，就可以联络协助啦
54053103	赛利卡	选择需求的协助者，进行联络吧~
54054006	赛利卡	投票获得的欢愉货币，可以在茶歇小摊中抽取盲盒哦
54054101	赛利卡	先来试试手气吧
54054107	赛利卡	获得当前盲盒机所有核心奖励后，可开启后续盲盒机
54020155	赛利卡	请根据奖励和目标档位谨慎选择分区
54020158	赛利卡	诺曼复兴战85级后具有2个难度供指挥官选择，一旦选定后本期则无法更换。
54020160	赛利卡	让我们先查看下常规作战的挑战奖励详情
54032006	赛利卡	辅助机相关教学已开启，指挥官可以了解到<color=#57f0fb>辅助机的使用方式</color>。
55011006	赛利卡	界限构解由一系列关卡构成，每个关卡将随时间逐步开启
55011101	赛利卡	首先让我们先来挑战第1关-扳手乐园
55011103	赛利卡	通关基础模板即可解锁改造难度，挑战改造难度可获得挑战积分
55011109	赛利卡	接下来让我们直接开始挑战吧！
55012101	赛利卡	已解锁第1关-扳手乐园的改造内容，让我们去编辑修改吧。
55012103	赛利卡	选择【改造】按钮
55012109	赛利卡	若挑战较难，可以选择新增成员来构建全新队伍。
55012112	赛利卡	每个关卡有3项改造难度：通用改造、高级改造、极限改造。需要前置难度达到标准分数后才能解锁后续改造。
55012114	赛利卡	敌兵、环境、加成、成员这4项进行改造，当前只解锁了敌兵和成员，先对敌兵进行改造说明。
55012116	赛利卡	敌兵的危险等级越高，提供的挑战积分越多
55012118	赛利卡	接下来让我们再对成员进行改动。
55012120	赛利卡	成员改造将扣除挑战积分，当关卡容易时就不用改造。
55012122	赛利卡	不再对内容进行修改后，可点选【确认改造】来确定目标
55012124	赛利卡	更多的玩法信息请查看图文教学
55021006	赛利卡	链携推演玩法每周重置，需要使用系统角色进行挑战。
55021101	赛利卡	点击进入验算增益系统，来强化成员吧。
55021109	赛利卡	随着等级的提升，最多可应用3个增益效果，让我们先应用第一个增益吧。
55021111	赛利卡	我们先领取【门票】
55021117	赛利卡	点击已解锁的增益效果查看增益详情。
55021119	赛利卡	将此增益效果应用生效吧！
55021121	赛利卡	更多玩法规则请查看图文教学
55031006	赛利卡	欢迎来到夺宝谜粽。本次行动中，你将操纵构造体破解谜题，完成任务。
55031109	赛利卡	选择不同的的机体，将会变更关卡中显示的角色形象，但是不会对实际行动有所影响。
55031117	赛利卡	指挥官现在先进入行动吧
55031124	赛利卡	行动的具体规则，将通过具体关卡进行详细说明。请先选择行动记录关卡。
55031129	赛利卡	点击这里可以选择章节。不同章节的关卡，主要机制不同，解法思路也不同。
55032006	赛利卡	指挥官，行动开始！
55032109	赛利卡	这是本关的终点。现在是关闭的状态。在它开启之前，可以随意通过。
55032124	赛利卡	这是你所控制的构造体。
55032129	赛利卡	滑动屏幕，构造体会向指定方向一直移动，直到撞上阻挡物才会停止。
55032136	赛利卡	身上挂着标记的库洛洛是本关的【关键】。撞到它之后可以将它消除，终点也会随之开启。
55032141	赛利卡	后续的详情请查看图文教学
55041006	赛利卡	欢迎来到深蓝战域。深蓝战域共有5块区域，随时间开放
55041107	赛利卡	完成一个区域后才可挑战下一区域。现在先前往第一个区域吧
55041110	赛利卡	挑战每个区域的无垠心渊，可获得插件，和战术补给所需的数据痕迹
55041114	赛利卡	获得的插件，可在挑战目标关卡时消耗。挑战成功才会消耗插件并获得奖励哦
55041119	赛利卡	更多特权功能，会随着目标关卡挑战进度开放
55041120	赛利卡	更多信息请查看图文教学
55042006	赛利卡	无垠心渊可以重复挑战，获得插件和战术补给所需道具
55042107	赛利卡	无垠心渊共有多层，开始冒险后无法更换成员，直到冒险结束
55042110	赛利卡	在冒险过程中，每层开始前，都可以选择一个增益
55042114	赛利卡	每通关5层，可以获得一次插件抽取的机会。在冒险结束后才会发放哦
55042124	赛利卡	现在开始一次冒险吧
55043006	赛利卡	挑战无垠心渊和目标关卡获得的数据痕迹，可以在战术补给中进行补给哦
55043110	赛利卡	获得当前补给箱所有核心奖励后，可开启后续补给箱
55043124	赛利卡	先来试试手气吧
55043139	赛利卡	让我们先打开【黄金时代】
55043143	赛利卡	挑战无垠心渊和目标关卡获得的数据痕迹，可以在战术补给中进行补给哦
55044110	赛利卡	可刷新融聚所可购买的插件。刷新次数随时间恢复，也可用螺母手动刷新
55044129	赛利卡	插件融聚已开启，可在此处购买插件
55044132	赛利卡	使用插件基质可购买插件。插件基质可通过分解插件获得
55045129	赛利卡	模拟超限已开启，可在此处进行角色模拟超限
55045132	赛利卡	提升超限等级，可增强角色属性。自己的角色和试用角色超限等级共享
55045134	赛利卡	消耗插件，即可提升角色超限等级
55046129	赛利卡	特种增幅已开启，可在此处进入
55046132	赛利卡	消耗该角色指定6星插件，可永久解锁特种增幅效果
55046134	赛利卡	注意角色指定6星插件只会在无垠深渊肆和伍中掉落哦
56011006	赛利卡	欢迎来到踏桂寻兔。本次行动中，你将操纵角色破解谜题，完成任务。
56011109	赛利卡	选择不同的的机体，将会变更关卡中显示的角色形象，但是不会对实际行动有所影响。
56011117	赛利卡	现在先进入行动吧，指挥官。
56011124	赛利卡	行动的具体规则，将通过具体关卡进行详细说明。请先选择行动关卡。
56011129	赛利卡	点击这里可以选择章节。不同章节的关卡，主要机制不同，解法思路也不同。
56012006	赛利卡	行动开始，指挥官。
56012109	赛利卡	这是本关的终点。现在是关闭的状态。在它开启之前，可以随意通过。
56012124	赛利卡	这是你所控制的角色。
56012129	赛利卡	滑动屏幕，角色会向指定方向一直移动，直到撞上阻挡物才会停止。
56012136	赛利卡	身上挂着标记的库洛洛是本关的【关键】。撞到它之后可以将它消除，终点也会随之开启。
56012141	赛利卡	后续的详情，可查看图文教学。
56021006	赛利卡	欢迎来到<color=#57f0fb>链合回路·聚磁释能</color>！在这里通过消除信号球对Boss造成伤害，消除越多，分数越高。
56021132	赛利卡	选择一个Boss进入战斗准备。
56021136	赛利卡	查看详情可查看对应Boss的局内技能，可以针对Boss的<color=#57f0fb>技能特性</color>决定策略。
56021138	赛利卡	点击更换角色，可以更换上场角色，完成活动任务获得<color=#57f0fb>信号锚标</color>可以在活动商店购买更多角色。
56021140	赛利卡	每个角色都有特殊的<color=#57f0fb>终结技能</color>，适当的时机释放可以产生极大收益。
56021142	赛利卡	除此之外，每个角色的信号球将有不同的<color=#57f0fb>伤害系数</color>，针对Boss弱点可以选择合适的上场角色。
56021147	赛利卡	进入下一步战斗准备。
56021149	赛利卡	角色可携带最多3个<color=#57f0fb>副技能</color>。完成每日任务获取<color=#57f0fb>信号扩散装置</color>，在活动商店可以购买更多副技能。
56021153	赛利卡	更多内容请查阅<color=#57f0fb>图文说明</color>。
56022006	赛利卡	点击两个<color=red>相邻</color>信号球进行交换，三个以上同色信号球连成线时可以消除，获得伤害分数。
56022131	赛利卡	每个角色拥有固有技能，也可以提前在商店购买技能。
56022133	赛利卡	可以随时查看boss的技能倒计时和buff效果。
56022135	赛利卡	剩余步数为0时本局结束，根据伤害分数获得评级。
56022137	赛利卡	更多内容，请看图文说明。
57012140	赛利卡	<size=38>此处可以配置队伍，但挑战成功后队伍角色将被锁定，需在选择编队时清除记录以解锁。请注意战术分配噢！</size>
57012142	赛利卡	<size=38>搭配合适的队员后，可以获得支援点并选择支援增益，之后就尽情战斗吧。</size>
57011006	赛利卡	欢迎来到<color=#57f0fb>巴别塔</color>行动！本次共有<color=#57f0fb>3个</color>极具挑战性的关卡，不同关卡的主要机制不同。
57011145	赛利卡	<size=38>此外，往期巴别塔将一同开放。</size>
57011147	赛利卡	<size=38>进入这个关卡看看吧。</size>
57011155	赛利卡	<size=38>每个关卡都可以用3组队伍挑战，所有关卡的编队1挑战完毕后才能解锁编队2，让我们先选择编队1。</size>
57011162	赛利卡	<size=38>每个关卡有5个难度可供选择，请各位指挥官量力而行噢！</size>
57011164	赛利卡	<size=38>当前整体难度适中，点击任意位置进一步配置。</size>
57011170	赛利卡	<size=38>点击此处可以选择不同的<color=#57f0fb>词缀</color>，左侧为对应词缀的描述，不同词缀<color=#57f0fb>等级加成不同</color>，部分词缀将在更高难度解锁</size>
57011172	赛利卡	<size=38>环境详情包含着许多重要情报，挑战前不妨做好准备，指挥官遇到难以解决的难题时，需要加以关注。</size>
57031006	赛利卡	欢迎来到全境特遣-纯白破晓全服活动。
57031142	赛利卡	大家齐心协力击破沦陷之城，失落列车、神宇圣堂、意识湍流四个区域，迎战高危暗区。
57031143	赛利卡	攻破不同类型的区块，还可获得不同的全服奖励。详细可见战况。
57031145	赛利卡	随着不同区块被攻破，还有更多特权将会解锁。
57031146	赛利卡	进行区块攻略获得的试作原型，可在特遣补给站中兑换奖励哦。
57031149	赛利卡	更多内容，请看图文说明。
57031155	赛利卡	攻破地图上的区块，能解锁与之相邻的区块。
57032006	赛利卡	在战况总览中，可以查看当前区块攻略情况。
57032142	赛利卡	攻破物资区，全服可获得试做原型，用于奖励兑换。
57032143	赛利卡	攻破增幅区，全服可获得增幅序列，提升增幅等级，提升全队基础属性，并且获得特殊关卡增益。
57032145	赛利卡	攻破该区域基站区，不仅可以推进目标任务、解锁该区域暗区的挑战，并且该区域所有路线将显示。
57032146	赛利卡	齐心协力抵达并攻破各个区域暗区，达成所有目标任务吧！
57032148	赛利卡	攻破支援区，全服可获得对应角色的试玩，并且该角色获得强力作战增幅。
57033142	赛利卡	消耗特制血清可参与战斗，关卡内评分越高，获得贡献和货币越多。
57033143	赛利卡	同样可以进行派遣，获得固定贡献和货币。
57033145	赛利卡	全服攻破进度达到100%后，即可获得全服奖励。
57033148	赛利卡	特制血清会随时间恢复。请指挥官记得及时参与攻略哦！
57033149	赛利卡	无论作战还是派遣，提供的贡献将提升全服攻破进度。全服进度每5分钟刷新。
57034142	赛利卡	攻破对应角色的支援区，即可解锁该特遣角色。
57034143	赛利卡	解锁后，不仅可获得该角色试玩，并且该角色将获得强力作战增幅。
57034145	赛利卡	攻破越多的支援区、解锁更多的特遣角色，还可获得货币奖励。
57035142	赛利卡	攻破增幅区，获得增幅序列，可提升增幅等级。
57035143	赛利卡	增幅等级提升，全队可获得基础属性加成。
57035145	赛利卡	增幅等级提升，还可解锁特殊关卡增益。
57035147	赛利卡	应对不同关卡，装备适配的关卡增益，可以事半功倍哦！
57035149	赛利卡	更多内容，请看图文说明。
57036142	赛利卡	整点将进行一次结算，获得当前效率的货币奖励。
57036149	赛利卡	更多内容，请看图文说明。
57036151	赛利卡	随着四个区域的暗区被攻破，产出货币的效率将提升。
57041006	赛利卡	界限构解由一系列关卡构成，每个关卡将随时间逐步开启
57041101	赛利卡	首先让我们先来挑战第1关-正面冲突
57041103	赛利卡	通关基础模板即可解锁改造难度，挑战改造难度可获得挑战积分
57041109	赛利卡	接下来让我们直接开始挑战吧！
57042101	赛利卡	已解锁第1关-正面冲突的改造内容，让我们去编辑修改吧。
57042103	赛利卡	选择【改造】按钮
57042109	赛利卡	若挑战较难，可以选择新增成员来构建全新队伍。
57042112	赛利卡	<size=37>每个关卡最多有3项改造难度：通用改造、高级改造、极限改造。需要前置难度达到标准分数后才能解锁后续改造。</size>
57042114	赛利卡	敌兵、环境、加成、成员这4项进行改造，当前只解锁了敌兵和成员，先对敌兵进行改造说明。
57042116	赛利卡	敌兵的危险等级越高，提供的挑战积分越多
57042118	赛利卡	接下来让我们再对成员进行改动。
57042120	赛利卡	成员改造将扣除挑战积分，当关卡容易时就不用改造。
57042122	赛利卡	不再对内容进行修改后，可点选【确认改造】来确定目标
57042124	赛利卡	更多的玩法信息请查看图文教学
58011101	赛利卡	欢迎来到宣叙妄响，指挥官。让我来为你介绍我们本次的特色玩法！
58011107	赛利卡	如果不清楚下一步该如何进行，可以在左上角查看任务界面。
58011109	赛利卡	点击<color=#57f0fb>揭开帷幕</color>，让我们现在就进入挑战吧！
58011115	赛利卡	在正式开始前可以选择适合自己的挑战难度，这次先让我们选择<color=#57f0fb>入门</color>难度吧！
58011117	赛利卡	选择难度之后，可以在这浏览关于对应难度的详细说明。
58011119	赛利卡	不同难度获取的活动奖励将会存在差异，难度越高奖励越丰富。
58011121	赛利卡	确认无误后，让我们点击进入下一步。
58012101	赛利卡	在出发前，需要先招募本局游戏的初始角色，每次都会随机展示三名角色。
58012107	赛利卡	如果对三名随机展示的角色不满意，可以花费刷新次数重新抽取。
58012109	赛利卡	每次招募都会消耗一次招募次数，请谨慎选择自己招募的角色。
58012111	赛利卡	消耗完所有的招募次数后，即可点击右下角进入挑战。
58021101	赛利卡	指挥官，欢迎来到异构阵线玩法。
58021107	赛利卡	本次关卡将分为三个难度，这里可以选择进入已开放的关卡进行挑战。
58021109	赛利卡	让我们点击<color=red>角色</color>了解本次玩法专属角色培养。
58021112	赛利卡	点击这里可以培养角色等级，并解锁相应的武器权限。
58013101	赛利卡	每次挑战中，将遇到随机组合的剧本。不断完成剧本，推进故事进展吧！
58013107	赛利卡	不同剧本的战利品都是随机生成分配的，点击奖励图标即可查看战利品介绍。
58013109	赛利卡	后续的剧本难度将会逐渐升高。合理选择战利品，提升自己队伍的强度将是冒险进度推进的关键。
58013111	赛利卡	在挑战剧本时，如果因为失误导致挑战失败时，可以消耗一次重开次数再次进行挑战。
58013115	赛利卡	请注意，一旦重开次数使用完毕，再次挑战失败时，本轮挑战将会直接中断并进行结算。
58013118	赛利卡	了解以上的规则后，让我们正式进入一场战斗剧本吧！
58013126	赛利卡	每次挑战中，将遇到随机组合的剧本。不断完成剧本，推进故事进展吧！
58014101	赛利卡	恭喜指挥官获得全队能力提升，当平均战力提升至7200时，即可解锁自己的角色进行使用。
58016107	赛利卡	点击对应的流派进入详情的界面查看。
58016114	赛利卡	右侧为对应流派达到不同等级的好感度可以解锁对应的奖励。
58016116	赛利卡	在冒险中获得的华彩段可以在这里提升不同流派的好感度。
58016118	赛利卡	排演场可以提高各流派的好感度，获得更强的能力。
58015101	赛利卡	完成增益关卡则获得技能增益的机会。不同流派的技能都有自己的特点。合理搭配是推进剧本的关键。
58015107	赛利卡	指挥官可以在右侧展示的三个能力中选择一项获得。
58015110	赛利卡	让我们点击“当前增益”进一步了解增益相关内容。
58015116	赛利卡	冒险中一共有四类能力槽：职业技/信号球/必杀/核心被动，只有能力槽可以安置对应能力。
58015118	赛利卡	当相应的能力槽被占用时，再次选择相同槽位的能力时，只会有提升/更改能力效果，不会叠加。
58015121	赛利卡	技能对应副能力则显示在下方，副能力不会被替换，可以强化技能能力或其他特殊效果。
58017123	赛利卡	帷幕之后的强化部分主要为三大类：协奏曲、叙事曲、进行曲。
58017125	赛利卡	协奏曲主要是战斗向的增益，让剧本闯关更加轻松愉快。
58017127	赛利卡	叙事曲主要是开启全新的冒险章节/剧情，完整的故事必须要通过该部分进行解锁。
58017129	赛利卡	进行曲主要为冒险中全局向的增益，可以获取更多刷新次数或更多货币。
58031101	赛利卡	欢迎来到《免疫之城》。本次行动中，你将成为拾荒者首领，带领人们存活到最后，完成任务。
58031107	赛利卡	<size=39>点击这里选择关卡。本次活动共5个关卡。通过前置关卡并到达关卡开放时间时，可以进入下一个关卡。</size>
58031109	赛利卡	坚持一定天数并完成关卡目标后，即可完成关卡。完成额外目标，则可以获得额外奖励。
58031112	赛利卡	点击此处开始第一关。中途退出关卡时，关卡进度将保存，可以从保存点继续本局游戏。
58032123	赛利卡	关卡中，每天可能发生不同的事件。它们或许可能带来资源的变化，或许有更深远的影响。
58032125	赛利卡	事件的不同选项将显示在下方。
58032127	赛利卡	点击【选择】，即可选择选项。
58032136	赛利卡	<size=38>拾荒者们的健康、饱腹等属性会在每天结束时固定下降。分配食物和药物，可以帮助拾荒者恢复这些属性。</size>
58032138	赛利卡	决定分配方式后，点击【确定】确认选择。
58032151	赛利卡	这是你的营地。百废待兴。你需要安排空闲拾荒者们开始工作。
58032153	赛利卡	这是废墟。安排足够的人手在废墟中工作，可以获得木材与钢材。
58032155	赛利卡	点击空地即可选择要建造的建筑。花费一定数量的材料和时间完成建筑，带来资源或其他收益。
58032157	赛利卡	建造哨站之后，即可解锁探索功能。
58032159	赛利卡	这里显示了今天的重要事件及提示信息等。<color=red>新的重要事件</color>为必做事件，完成后才允许结束今天。
58032161	赛利卡	点击按钮结束这一天的工作，推进时间。当今天是<color=red>最后一天</color>时，点击按钮将进入结算。
58033123	赛利卡	营地之外，还有广阔的探索空间。
58033125	赛利卡	需要先组建探索小队，才能开始探索。
58033127	赛利卡	消耗一定数量的物资和拾荒者，即可组成探索队伍。
58033136	赛利卡	队伍组建后，再次打开界面，可以查看队伍背包，或 <color=red>指挥队伍回到营地</color>，回收资源。
58034123	赛利卡	点击地点，可查看地点详情。
58034127	赛利卡	<size=38>每个探索地点有不同物资。这些物资会在首次探索中被<color=red>全部收集</color>。已经探索过的地点仍可以进行探索，但<color=red>不会再获得资源</color>。</size>
58034136	赛利卡	<size=38>选择队伍后，即可开始探索。探索队伍将在<color=red>下一天</color>到达指定地点，并触发地点中的事件，采集资源。</size>
59011006	赛利卡	点击两个<color=red>相邻</color>信号球进行交换，三个以上同色信号球连成线时可以消除，获得伤害分数。
59011131	赛利卡	每个角色拥有固有技能，也可以提前在商店购买技能。
59011133	赛利卡	消球可以获得能量，可以使用能量发动增幅技能。点击此处可以查看能量说明。
59011135	赛利卡	剩余步数为0时本局结束，根据伤害分数获得评级。
59011151	赛利卡	可以随时查看boss的技能倒计时和buff效果。
59011153	赛利卡	更多内容，请看图文说明。
59021006	赛利卡	欢迎来到噬潮逃生！本次行动中，你将努力逃脱病毒的追捕，在限定时间内通关整个章节。
59021131	赛利卡	同一时间只能挑战一个章节。点击此处开始挑战。
59021135	赛利卡	<size=39>每层可选择简单/困难两种关卡。困难关卡可获得更高的积分，尝试在通关的基础上，获得更高的分数吧！</size>
59022006	赛利卡	<size=38>每章挑战只能选择一次队伍。突破关卡后，将记录时间、各角色的生命及必杀能量值，请谨慎选择成员应战。</size>
52962022	赛利卡	<color=#57f0fb>独域机体相关教学</color>已开启，指挥官可以提前了解独域机体的作战方式。
59031006	赛利卡	欢迎来到<color=#57f0fb>独域特攻</color>！本次作战由3个周边作战区域及1个中枢区域组成
59031131	赛利卡	让我们点击第一个周边作战区域，
59031135	赛利卡	进入战斗前，让我们先了解本次作战特有的评级机制。
59032006	赛利卡	完成区域关卡时，区域的供能等级会提高
59032135	赛利卡	区域供能等级越高，<color=#57f0fb>中枢区域的积分加成越高</color>。完成区域内所有关卡，区域供能可达到最大等级
59033006	赛利卡	中心区域作战会以积分形式进行结算。让我们先进入关卡教学熟悉一下
60001006	赛利卡	<size=38>欢迎来到<color=red>落梅融雪</color>行动，你将操纵角色破解谜题，完成任务。行动开始前，点击这里可以选择章节。</size>
60001109	赛利卡	不同角色可能拥有不同的特殊技能。详情看描述与图释
60001137	赛利卡	这是你所控制的角色
60001140	赛利卡	滑动屏幕，角色会向指定方向一直移动，直到撞上阻挡物才会停止
60001145	赛利卡	这是本关的终点。现在是关闭的状态。在它开启之前，可以随意通过
60001149	赛利卡	身上挂着标记的库洛洛是本关的<color=#57f0fb>关键</color>。撞到它之后可以将它消除，终点也会随之开启
60001154	赛利卡	更多内容请查阅图文教程
60001157	赛利卡	行动的具体规则，将通过具体关卡进行详细说明。请先选择行动关卡
60001158	赛利卡	行动开始，指挥官！
60011006	赛利卡	<size=34>欢迎来到<color=#57f0fb>凛冬序列</color>。本次行动更依赖于指挥官对关卡内战术资源的调配。培养并利用<color=#57f0fb>防御装置</color>与<color=#57f0fb>助战单位</color>，阻止并剿灭感染体吧！</size>
60011136	赛利卡	空中花园将<color=#57f0fb>定时投放</color>强化用补给，未及时领取会造成浪费。让我们先领取第一份补给
60011137	赛利卡	获得足够的补给后，可用于作战部署内进行培养消耗
60012006	赛利卡	天赋栏可为机体选择一项作战天赋
60012137	赛利卡	让我们进行关于<color=#57f0fb>助战单位--狩猎者</color>的配置
60012139	赛利卡	防御部署栏内可培养并选择两枚<color=#57f0fb>防御装置</color>以辅助战斗
60012144	赛利卡	指挥官可以选择1名<color=#57f0fb>助战单位</color>并肩作战
60012147	赛利卡	狩猎强化栏可为<color=#57f0fb>助战单位</color>培养并选择3枚狩猎插件，以强化能力
60012149	赛利卡	更多内容请查阅图文教程
60021006	赛利卡	<size=36>欢迎来到<color=#57f0fb>迈锡尼协议-未然观测</color>行动！本次行动包含50个难度递进的关卡，需要使用固定的试玩角色进行编队挑战</size>
60021136	赛利卡	这里可以查看敌人的各种能力，点击图标可以查看词缀详情
60021144	赛利卡	通关可获得<color=#57f0fb>晋升许可</color>，提升队伍等级。
60022006	赛利卡	队伍等级提升后，可通过<color=#57f0fb>成员改造</color>进行能力强化
60022136	赛利卡	队伍等级提升会提升所有成员的基础属性与技能等级，还可以获得额外的强化能力
60022144	赛利卡	<size=38>每个角色都有<color=#57f0fb>单人作战</color>与<color=#57f0fb>轮换作战</color>两种改造方向，分别对应不同的战斗风格。本次先选择<color=#57f0fb>单人作战</color></size>
60022150	赛利卡	<size=34>达到需求的等级后，即可解锁强力的角色强化效果。角色强化需要消耗<color=#57f0fb>改造点数</color>，<color=#57f0fb>改造点数</color>仅能通过提升队伍等级获得</size>
60022155	赛利卡	<size=38>点击<color=#57f0fb>激活</color>即可获得对应的强化能力；能力激活后可随时进行重置调整，对应的改造点数会全额返还</size>
60101149	赛利卡	更多内容请查阅图文教程
60101176	赛利卡	欢迎来到<color=#57f0fb>分光双星</color>。本次行动共包含五个章节，每个章节会随着挑战进度及时间逐一开放
60101179	赛利卡	本次行动中，每个职业都额外拥有<color=#57f0fb>特殊技能</color>，指挥官可自行选择切换不同的技能。
60101181	赛利卡	让我们先点击第一章节
60101185	赛利卡	<size=34>前三章节的关卡分设成<color=#57f0fb>两条路线</color>，不同线路的关卡机制会有所不同，两条线路均通关后才可解锁最后一关</size>
60101194	赛利卡	点击选中关卡，可以查看该关卡的机制说明
60101199	赛利卡	关卡介绍中会详细说明本关卡中所包含的特殊机制，请注意查看
60111176	赛利卡	指挥官，这里是空中花园举行的特别派对——<color=#57f0fb>劲舞帕尼尼</color>！在这里可以：听歌！打碟！跳舞！
60111179	赛利卡	派对内的不同曲目将随时间逐一开放，指挥官可以随时随地进行游玩
60111181	赛利卡	接下来先为指挥官讲解一下派对的指引，希望你能更快融入这个派对中
60112176	赛利卡	这一次，还为指挥官准备了一些工具，你可以按需使用
60112179	赛利卡	<size=34>这是绝对少不了的校准器，在这里可以随时调整节奏校准。当前默认数值是我们为指挥官预设好的设定。数值的变化，将影响指挥官游戏体验</size>
60112181	赛利卡	如果需要调整，可以随时在这个工具界面或者评判偏移关卡内进行调试
60121176	赛利卡	欢迎来到<color=#57f0fb>极域协作</color>。本次行动需要三名指挥官同心协力，在最短时间内击杀BOSS
60121179	赛利卡	玩法共分为3个主题，将随活动时间依次开启，各主题有完全不同的挑战机制
60121181	赛利卡	各主题独有组队/个人排行榜，在活动结束时，根据指挥官的表现发放排行奖励
60122176	赛利卡	天赋技能分为主动、被动以及进攻核心三种
60122179	赛利卡	进攻核心关联玩法中的FEVER状态，进入状态后，将根据职业类型给予全队加成
60123176	赛利卡	点击此处可查看机制说明
60123179	赛利卡	熟练掌握机制，三星通关后即可获取本关全部算力
60124176	赛利卡	多人副本现已开启
60124179	赛利卡	<size=36>每个主题共有<color=#57f0fb>5个</color>等阶难度，通关后将依次解锁下一难度，仅难度5可参与冲榜，建议指挥官尽力尝试</size>
60124184	赛利卡	此处可选择期望匹配的职业，进场后将优先选择期望职业
60131006	赛利卡	欢迎来到<color=#57f0fb>独域特攻</color>！本次作战由3个周边作战区域及1个中枢区域组成
60132135	赛利卡	进入战斗前，让我们先了解本次作战特有的评级机制。
60201006	赛利卡	欢迎来到<color=#57f0fb>伊甸文化纪（2022）</color>！
60201101	赛利卡	<color=#57f0fb>印花</color>可从<color=#57f0fb>文化纪筹备</color>赛事中获得
60201103	赛利卡	此处可查看本次文化纪<color=#57f0fb>选手</color>的介绍和指挥官们的<color=#57f0fb>投票热度榜</color>
60201107	赛利卡	在文化纪中，使用各类<color=#57f0fb>印花</color>可对各个选手进行热度<color=#57f0fb>支援投票</color>
60201110	赛利卡	更多内容请查阅<color=#57f0fb>图文说明</color>
60202103	赛利卡	点击此处选择<color=#57f0fb>协助角色</color>
60202107	赛利卡	让我们先点击<color=#57f0fb>前往</color>进入关卡
60202110	赛利卡	编入队伍
60202116	赛利卡	满足<color=#57f0fb>最佳帮手条件</color>时，有额外<color=#57f0fb>真爱印花</color>奖励
60202120	赛利卡	本次文化纪可直接消耗<color=#57f0fb>角色心情值</color>，来派遣角色完成对应<color=#57f0fb>筹备事项</color>
60202124	赛利卡	点击联络协助，可以联络更多的<color=#57f0fb>角色</color>或赠送<color=#57f0fb>应援补给</color>恢复心情值
60202128	赛利卡	选择需求的协助角色，进行联络吧！
60203006	赛利卡	投票获得的<color=#57f0fb>欢愉货币</color>，可以在茶歇小摊中抽取盲盒哦
60203101	赛利卡	先来试试手气吧
60203107	赛利卡	获得当前盲盒机所有核心奖励后，可开启后续盲盒机
60204006	赛利卡	在<color=#57f0fb>试速挑战</color>中，每日可获得限额的<color=#57f0fb>纪典印花</color>
60204101	赛利卡	试速挑战中，只能使用在<color=#57f0fb>联络协助</color>中获得的角色
60204107	赛利卡	先熟悉本次挑战规则吧
60204118	赛利卡	选择角色后可进入挑战
60211006	赛利卡	<size=38>欢迎访问<color=#57f0fb>基伽勒档案</color>，该行动中指挥官需要募集一支精英小队，围绕队伍<color=#57f0fb>构筑并培养羁绊</color>，以应对沿途的挑战</size>
60211107	赛利卡	让我们先招募一组<color=#57f0fb>核心成员</color>
60211147	赛利卡	<size=34>每组核心成员都拥有1个强力技能，选择后<color=#57f0fb>至少上阵1名核心成员才能生效</color>，核心成员后续可<color=#57f0fb>随时切换</color>，切换时将解雇当前核心成员</size>
60211153	赛利卡	每次招募成员前需先刷新成员，<color=#57f0fb>刷新次数</color>通过<color=#57f0fb>时间/通关</color>获得
60211155	赛利卡	<size=40>招募到的成员点击头像栏可查看详情并<color=#57f0fb>更换涂装（需先拥有角色）</color></size>
60211157	赛利卡	<size=36>此处可查看<color=#57f0fb>当前羁绊</color>的基本状态。招募成员时需注意<color=#57f0fb>目标成员与当前队伍羁绊是否匹配</color>，以更有效地提升小队战力</size>
60211159	赛利卡	基本状态包含<color=#57f0fb>升阶所需星数，激活所需成员数</color>等。点击任意模块的羁绊图标都可查看详情
60211163	赛利卡	羁绊成员需要<color=#57f0fb>凑齐才可激活羁绊</color>，激活后需要注意<color=#57f0fb>羁绊生效</color>、<color=#57f0fb>升阶所需条件</color>
60211165	赛利卡	那么之后就请自由招募成员，建立羁绊并灵活应对挑战吧
60211170	赛利卡	更多内容请查阅<color=#57f0fb>图文说明</color>
60221006	赛利卡	欢迎来到<color=#57f0fb>联合指挥局大厅</color>。在这里可以操控自己的角色，与其他指挥官进行交流
60221107	赛利卡	使用<color=#57f0fb>摇杆</color>可以控制角色<color=#57f0fb>移动</color>
60221140	赛利卡	点击此处可以<color=#57f0fb>更换操控的角色</color>
60221142	赛利卡	点击此处可以<color=#57f0fb>使用特殊动作</color>
60221144	赛利卡	这里显示了当前频道的<color=#57f0fb>人数</color>信息。点击此处可以<color=#57f0fb>更换不同的频道</color>
60221146	赛利卡	原指挥局相关功能进行了整合，指挥官可以通过<color=#57f0fb>快捷按钮</color>进行操作
60221148	赛利卡	目前，指挥局大厅仍在测试阶段。指挥官可以通过点击这里，<color=#57f0fb>切换到旧版指挥局界面</color>
60221150	赛利卡	更多内容请查阅<color=#57f0fb>图文说明</color>
60231006	赛利卡	欢迎来到<color=#57f0fb>超限乱斗</color>，指挥官可点击解锁<color=#57f0fb>新赛区</color>
60231153	赛利卡	这里是新赛区的<color=#57f0fb>具体规则</color>
60231156	赛利卡	每个赛区开放时会<color=#57f0fb>解锁1个新的超数核心</color>，每个角色可<color=#57f0fb>装载1个超数核心并获得对应的强力技能</color>
60231182	赛利卡	这里可以对各赛区<color=#57f0fb>解锁的超数核心进行培养</color>
60232006	赛利卡	这里可切换本次对战的<color=#57f0fb>地图</color>
60232158	赛利卡	此处可以提前预览场景，<color=#57f0fb>不同的场景可能带有不同的效果</color>
60233006	赛利卡	这里可以选择添加本次对战<color=#57f0fb>我方出场选手</color>
60233156	赛利卡	这里可以自选本次对战的对手，<color=#57f0fb>不选择则会随机生成对手</color>
60233158	赛利卡	战斗前点击<color=#57f0fb>成员整备</color>，可以为我方选手<color=#57f0fb>装载超数核心</color>
60234006	赛利卡	这里可以为当前角色<color=#57f0fb>装载1个已解锁的超数核心</color>
60234156	赛利卡	更多内容请查阅<color=#57f0fb>图文说明</color>
57021006	赛利卡	<size=38>欢迎来到超限乱斗，指挥官可点击解锁新赛区。</size>
57021153	赛利卡	<size=38>这里是新赛区的具体规则。</size>
57021156	赛利卡	<size=38>每个赛区开放时会解锁1个新的超数核心，每个角色可装载1个超数核心并获得对应的强力技能。</size>
57022160	赛利卡	<size=38>每次挑战对手可汲取能量源，每日会补给一定数量的待汲取能量源，能量源可用于增幅超数核心，首战对手还可以额外获得核心进化材料。</size>
57022162	赛利卡	<size=38>这里可以对各赛区解锁的超数核心进行培养。</size>
57022166	赛利卡	<size=38>让我们参加对战吧，指挥官！</size>
57024006	赛利卡	<size=38>这里可以选择添加本次对战我方出场选手。</size>
57024156	赛利卡	<size=38>这里可以自选本次对战的对手，不选择则会随机生成对手。</size>
57024158	赛利卡	<size=38>现在点击这里，为我方选手装载超数核心吧！</size>
57023006	赛利卡	<size=38>这里可选择本次对战的地图。</size>
57023156	赛利卡	<size=38>点击这里可选择环境作用于本次对战。</size>
57023158	赛利卡	<size=38>环境会影响本次对战的难度，但会提高对战胜利时汲取能量源的数量。</size>
57023160	赛利卡	<size=38>指挥官，让我们进一步了解吧！</size>
57025006	赛利卡	<size=38>这里可以为当前角色装载1个已解锁的超数核心。</size>
57025156	赛利卡	<size=38>详细内容，可查看图文教学。</size>
60301006	赛利卡	<color=#57f0fb>拟真围剿</color>由周边区域及中央区域组合而成，让我们先从周边区域开始了解
60301163	赛利卡	首次保存作战数据后<color=#57f0fb>触发对应技能</color>，指挥局共用触发次数。当次数用完后，将不再触发
60301165	赛利卡	成功保存作战数据后，除了能触发技能外，还能直接对围剿目标造成<color=#57f0fb>同等伤害</color>
60301167	赛利卡	同一个区域中，每轮活动最多可以在对局结束界面保存<color=#57f0fb>3次</color>作战数据，建议指挥官谨慎选择
60301170	赛利卡	点击中央区域可以直达本次的<color=#57f0fb>围剿目标</color>
60301175	赛利卡	击破围剿目标后，指挥局全体成员可获<color=#57f0fb>额外积分加成</color>
60302181	赛利卡	根据指挥局的<color=#57f0fb>历史最高分</color>，解锁更高难度的挑战
60302182	赛利卡	总指挥、副总指挥可设置下期挑战难度。难度越高则BOSS越难，获得<color=#57f0fb>积分效率加成</color>也将更高
60311101	赛利卡	欢迎来到<color=#57f0fb>免疫之城</color>。本次行动中，你将成为拾荒者首领，带领人们存活到最后，完成任务
60311107	赛利卡	点击这里选择关卡。本次活动共<color=#57f0fb>6个关卡</color>。随着关卡进度与时间逐一开放
60311109	赛利卡	完成关卡<color=#57f0fb>主要目标</color>，即可通过关卡
60311112	赛利卡	点击此处开始第一关。中途退出关卡时，<color=#57f0fb>关卡进度将保存</color>，可以从保存点继续本局游戏
60312123	赛利卡	关卡中，每天可能发生<color=#57f0fb>不同的事件</color>。它们或许可能带来资源的变化，或许有更深远的影响
60312125	赛利卡	事件的不同选项将显示在下方。点击<color=#57f0fb>选择</color>，即可选择选项，完成当前事件
60312151	赛利卡	这是你的<color=#57f0fb>营地</color>。百废待兴。你需要安排空闲拾荒者们开始工作
60312153	赛利卡	这是<color=#57f0fb>废墟</color>。安排足够的人手清除废墟，可以获得木材与钢材
60312155	赛利卡	点击<color=#57f0fb>空地</color>即可选择要建造的建筑。花费一定数量的材料和时间完成建筑，带来资源或其他收益
60312157	赛利卡	建造<color=#57f0fb>前哨站</color>后，即可解锁左下方的探索功能
60312174	赛利卡	让我们到营地外探索一下吧！
60313125	赛利卡	需要先<color=#57f0fb>组建探索小队</color>，才能开始探索
60313127	赛利卡	消耗一定数量的<color=#57f0fb>物资和拾荒者</color>，即可组成探索队伍
60313136	赛利卡	队伍组建后，再次打开界面，可以查看队伍背包，或指挥队伍回到营地，<color=#57f0fb>回收资源</color>
60314123	赛利卡	点击<color=#57f0fb>可探索的地点</color>，可查看地点详情
60314127	赛利卡	每个探索地点<color=#57f0fb>有几率</color>出现不同物资。这些物资会在首次探索中被<color=#57f0fb>全部收集</color>
60314136	赛利卡	根据<color=#57f0fb>队伍状态</color>合理分配队伍前往对应探索点
60314138	赛利卡	选择队伍后，点击<color=#57f0fb>前往探索</color>。队伍将在<color=#57f0fb>下一天</color>到达指定地点，并触发地点中的事件，采集资源
60321006	赛利卡	指挥官，欢迎来到<color=#57f0fb>界限构解</color>！点击这里可以选择查看各个关卡
60321101	赛利卡	点击<color=#57f0fb>改造</color>，可以对当前关卡内容进行改造。通关后将根据改造内容获取<color=#57f0fb>积分</color>
60322101	赛利卡	点击这里，可以更换关卡内出现的<color=#57f0fb>敌人</color>
60322107	赛利卡	敌人危险程度越高，挑战可以获取的<color=#57f0fb>积分</color>越高
60322115	赛利卡	接下来将介绍<color=#57f0fb>词缀改造</color>
60322116	赛利卡	点击敌人，可以为关卡内对应敌人添加词缀。<color=#57f0fb>词缀效果越强，积分价值越高</color>
60322119	赛利卡	接下来，让我们看看<color=#57f0fb>环境</color>改造
60322121	赛利卡	点击这里可以选择<color=#57f0fb>关卡环境</color>，关卡环境会对作战产生全局影响
60322125	赛利卡	完成改造后，点击这里<color=#57f0fb>保存改造内容</color>
60323006	赛利卡	这里可以查看，当前关卡改造的积分和累计获取的积分
60323107	赛利卡	更多内容请查阅<color=#57f0fb>图文说明</color>
60324110	赛利卡	点击这里，可以增加关卡内的<color=#57f0fb>额外波次</color>
60324112	赛利卡	点击这里可以增加关卡里对应波次的<color=#57f0fb>额外敌人数量</color>
60324118	赛利卡	<color=#57f0fb>界限-2</color>已解锁，对应开启了新的改造方式
54026072	赛利卡	你已满足了矿区作战的扫荡条件，在后续作战中将开启扫荡功能
54026102	赛利卡	直达深巢进行扫荡作战
54026104	赛利卡	红岩矿区、南部矿区（第一、第二矿区）在通关后即可扫荡，指挥官在后续的作战中无需再亲自对付这些小麻烦了
54026107	赛利卡	若指挥官完成了所有的【挑战任务】，还将解锁库尼矿区（第三矿区）的扫荡功能
54025072	赛利卡	点击此处可查看本期诺曼复兴战的<color=#57f0fb>任务奖励</color>
54025102	赛利卡	但矿石产出本身仍然会受到<color=#57f0fb>参与时间</color>的影响，还请指挥官注意
54025117	赛利卡	供电站会提供<color=#57f0fb>电能</color>，电能可以在队伍界面中用于提升战力
54025120	赛利卡	通过布置<color=#57f0fb>援助成员</color>，可以提升额外电能负载，但援助成员不能再上场战斗
54025122	赛利卡	更多内容请查看<color=#57f0fb>图文说明</color>
54025126	赛利卡	电能被区分为<color=#57f0fb>系统供电</color>与<color=#57f0fb>角色发电</color>，挑战任务中会限制<color=#57f0fb>系统供电</color>的使用，但<color=#57f0fb>角色发电</color>则不受影响
54025127	赛利卡	任务中，所有的任务条件只与<color=#57f0fb>关卡通关</color>相关，指挥官不用担心因参与不及时而损失任务奖励
60331101	赛利卡	欢迎来到<color=#57f0fb>心象风景</color>，共包含<color=#57f0fb>五个章节</color>，随着章节进度与时间逐一开放
60331109	赛利卡	每一章都包含了<color=#57f0fb>两个阶段</color>，完成顺流而下阶段后，再挑战逆流而上阶段
60331112	赛利卡	每章需连续挑战多个关卡，每个关卡包含<color=#57f0fb>两场</color>独立战斗
60331121	赛利卡	任选一场战斗进行挑战后，另一场将保留至下一阶段
60331123	赛利卡	每组敌人还会具有一个弱点属性，点击可以查看详细
60332101	赛利卡	逆流而上阶段需要沿关卡倒序进行挑战
60332121	赛利卡	每个关卡都是之前对应关卡<color=#57f0fb>未挑战</color>的敌人
60333101	赛利卡	逆流而上阶段每次通关可获得<color=#57f0fb>构想点</color>，章节构想点达到任务要求时可领取奖励
60333121	赛利卡	每关敌人将获得同阶段<color=#57f0fb>所有前置关卡的幻象特性</color>
60333126	赛利卡	如果觉得关卡难度过高，可以点击这里<color=#57f0fb>屏蔽</color>其中一些特性
60333128	赛利卡	屏蔽特性将影响通关获得构想点，但每关均可<color=#57f0fb>免费</color>屏蔽1个特性
60315161	赛利卡	当今日工作全部处理完后，即可点击<color=#57f0fb>结束今天</color>，推进时间
60315173	赛利卡	更多内容请查阅<color=#57f0fb>图文说明</color>
60315175	赛利卡	这里可查看今日及未来4天的<color=#57f0fb>天气预报</color>，当天气不同时，将带来不同的属性及资源变化速度
60303192	赛利卡	根据操作倾向，可选择<color=#57f0fb>联动、个体</color>两种作战风格
60303194	赛利卡	选定流派后，可依据喜好选择技能，由于算力所限，最多可携带<color=#57f0fb>3个技能</color>进行作战
50401001	赛利卡	<color=#57f0fb>新手任务系统</color>已开启，完成任务可以领取<color=#57f0fb>大量黑卡和资源</color>。
50401002	赛利卡	<color=#57f0fb>入门</color>任务中可以领取<color=#57f0fb>升级经验</color>、高级装备及<color=#57f0fb>自选角色</color>。
50401003	赛利卡	完成21个任务，即可领取<color=#57f0fb>S级自选角色礼包</color>。
50401004	赛利卡	完成指定任务后，即可领取对应奖励。
50401005	赛利卡	点击此处切换至<color=#57f0fb>目标</color>。
50401006	赛利卡	完成<color=#57f0fb>目标</color>任务可以领取黑卡，<color=#57f0fb>黑卡是重要货币之一</color>。
50402001	赛利卡	每日任务已解锁。
50402002	赛利卡	每日任务是获取黑卡的主要途径之一。
50402003	赛利卡	达到指定活跃度后，可领取对应奖励。
50501001	赛利卡	<color=#57f0fb>意识</color>能够显著提升成员的作战能力，先了解一下成员的意识配置。
50501002	赛利卡	装备系统由<color=#57f0fb>武器</color>和<color=#57f0fb>意识</color>构成。
50501003	赛利卡	点击意识页签。
50501004	赛利卡	每个机体可配备<color=#57f0fb>6件意识</color>。
50501005	赛利卡	不同的意识有不同的<color=#57f0fb>套装效果</color>，需要达到指定数量才可生效。
50501006	赛利卡	意识本身也提供了<color=#57f0fb>基础属性加成</color>。
50501007	赛利卡	培养意识可以获得更高的基础属性加成。
50501008	赛利卡	<color=#57f0fb>意识的升级材料可在拟战场域中大量获取</color>，将意识强化到最高等级吧！
50802005	赛利卡	七实的战斗经验不足，建议先进行调试。
50802024	谜之少女	选取足够的【经验材料】。
50803028	谜之少女	成员新增了七实，将她编入队伍的【黄色位置】
50804001	露西亚	指挥官，请将新构造体加入队伍，开始作战吧。
50804002	七实	七实，申请出战！
51101001	赛利卡	现在是<color=#57f0fb>赛利卡补习班</color>时间~可以选择任意机体了解其战斗技巧。
51101002	赛利卡	每个角色都有专属自身的教学关卡，点击即可学习角色特点与技巧。
52802058	赛利卡	每个区域均有不同的<color=#57f0fb>环境效果</color>。
52802108	赛利卡	每期纷争战区将随机开启两个区域，指挥官，请点击区域进入。
52802112	赛利卡	<color=#57f0fb>全境支援</color>针对机体提供了特殊的强化，请指挥官合理安排机体进行作战。
52801058	赛利卡	<color=#57f0fb>纷争战区</color>已开启。
52801117	赛利卡	在<color=#57f0fb>纷争战区</color>中，你将与其他指挥官竞争队内排名，<color=#57f0fb>排名越高，奖励越丰富</color>。
52801123	赛利卡	更多细节，请查看<color=#57f0fb>图文说明</color>。
53201020	赛利卡	<color=#57f0fb>法奥斯评级委员会</color>已开启。
53201051	赛利卡	欢迎来到<color=#57f0fb>法奥斯评级委员会</color>，这里可以学习各类战斗技巧，请先点击<color=#57f0fb>基础操作课程</color>。
53202020	赛利卡	课程都会包含多个小节，根据完成情况，每个小节都会获得一定的<color=#57f0fb>绩点</color>。
53202051	赛利卡	积攒足够的绩点才能解锁战斗执照考核，以及领取<color=#57f0fb>绩点奖励</color>。
53202061	赛利卡	累计对应数量绩点后，即可领取<color=#57f0fb>A级泛用机体字体自选礼包</color>。
53203020	赛利卡	这里可以预览<color=#57f0fb>考核奖励</color>，完成考核，提升执照评级可以领取对应的奖励。
53203051	赛利卡	执照升阶考核将<color=#57f0fb>按顺序解锁</color>，点击可以查看对应考核介绍。
53203055	赛利卡	课程中获得足够的<color=#57f0fb>绩点</color>可以参与指定考级。
53203058	赛利卡	每个升阶考核将包含<color=#57f0fb>三个科目</color>。
53203060	赛利卡	完成考核<color=#57f0fb>所有科目的所有挑战</color>，将通过对应升阶考核。
53203062	赛利卡	欢迎来到评级晋升模块，在这里可以参与<color=#57f0fb>晋升考核</color>，提升<color=#57f0fb>执照评级</color>。
53204020	赛利卡	升阶考核将包含<color=#57f0fb>三个科目</color>，每个科目将包含<color=#57f0fb>三个挑战</color>。
53204051	赛利卡	完成所有科目的所有挑战，则视为通过考核。
53204055	赛利卡	根据累计获取的目标数，可以领取相应的奖励。
53204058	赛利卡	指挥官，准备好接受挑战了吗？
53401001	赛利卡	<color=#57f0fb>装备推荐</color>功能可以简化机体的养成流程。
53401002	赛利卡	选中深红囚影机体。
53401003	赛利卡	获得成员后，解锁对应成员<color=#57f0fb>装备推荐</color>功能，辅助指挥官进行装备培养。
53401004	赛利卡	这里可以查看成员的装备推荐，包括<color=#57f0fb>武器和意识</color>。
53401005	赛利卡	选择任一合适的推荐<color=#57f0fb>设为装备目标</color>吧。
53402001	赛利卡	六星武器可通过<color=#57f0fb>武器研发</color>获得。
53402002	赛利卡	每日消耗血清，并完成<color=#57f0fb>拟战场域作战</color>后，即可购买六星意识。
53402003	赛利卡	先获得意识狄瑟尔吧。
53402004	赛利卡	点击前往拟战场域商店，指挥官，我这里有一些拟战绩分，请先收下吧。
60411101	赛利卡	欢迎来到<color=#57f0fb>夕语论星</color>，点击<color=#57f0fb>新的一局</color>，即可开始挑战。
60411109	赛利卡	指挥官需要猜测下一张扑克牌比右侧当前目标<color=#57f0fb>大</color>或是<color=#57f0fb>小</color>。
60411112	赛利卡	每<color=#57f0fb>猜测3次</color>后可以获得<color=#57f0fb>1个可用提示</color>，使用提示后即可直接知道下一张扑克牌的大小。
60411121	赛利卡	完成活动任务可以获得<color=#57f0fb>星语盲盒</color>。
60411123	赛利卡	在角色剧情中可以给对应角色赠送星语盲盒，解锁角色的<color=#57f0fb>七夕剧情</color>。
60401101	???	欢迎光临，外来者！
60401126	???	话不多说，让我们开始这场旅途吧。
60402101	???	根据你当前的能力来选择<color=#57f0fb>旅途难度</color>，难度越高，奖励也会越丰厚的捏。
60402111	???	这一次先从简单难度开始叭。
60402125	???	首先，让我们<color=#57f0fb>组建下调查团</color>吧，这能给我们的旅途带来不小的帮助。
60402146	???	一个人旅途可能有点过于冷清，让我们<color=#57f0fb>邀请更多伙伴</color>加入旅途吧。
60403101	???	现在我们可以<color=#57f0fb>招募伙伴</color>。
60403126	???	如果对当前可选的伙伴不太满意，点击<color=#57f0fb>刷新</color>可以更换一批伙伴喔。
60403127	???	让我们选择一位伙伴。
60403134	???	招募伙伴可激活羁绊增益。<color=#57f0fb>增益不受上阵限制</color>，激活后伙伴不上阵仍然生效。
60403137	???	重复招募相同的伙伴，可以提高伙伴星级。
60404101	???	点击这里可以触发<color=#57f0fb>节点事件</color>，推进旅途的进度。
60404127	???	完成节点事件会概率获得<color=#57f0fb>秘藏品</color>，秘藏品会提供特殊效果，携带的秘藏品越多，对旅途帮助越大。
60405101	???	旅途结算后，可以在这里领取<color=#57f0fb>任务奖励</color>。
60405127	???	旅途和任务获取的<color=#57f0fb>注厄结晶</color>可以<color=#57f0fb>提高进度等级</color>，领取丰厚奖励。
60406101	???	消耗旅途结算获取的<color=#57f0fb>解咒残章</color>，可在这里激活能力，能力会为旅途提供<color=#57f0fb>额外增益</color>。
60421006	赛利卡	<color=#57f0fb>众志行征</color>行动共<color=#57f0fb>分为3轮战斗</color>。若在当前轮次作战时期加入指挥局的指挥官，将无法参与当前轮次
60421152	赛利卡	直至作战开始前，<color=#57f0fb>会长或副会长</color>可调整难度。<color=#57f0fb>成员战力</color>及<color=#57f0fb>活跃度要求</color>随难度提升，请谨慎选择。
60421154	赛利卡	此处可查看对应难度的<color=#57f0fb>地图布局</color>。
60421176	赛利卡	<color=#57f0fb>众志行征</color>行动共<color=#57f0fb>分为3轮战斗</color>。若在当前轮次作战时期加入指挥局的指挥官，将无法参与当前轮次
60422149	赛利卡	更多内容请查阅图文教程
60422165	赛利卡	抵达作战区域前，指挥官需消耗对应物资前往对应区域。
60422172	赛利卡	到达作战区域后，消耗物资可参与作战。通关时间越短，对敌人造成伤害越高
60422181	赛利卡	<size=38>此处为资源保障区，在进攻危险区域时需时刻留意并保护己方的资源保障区。</size>
60422184	赛利卡	点击相邻的危险区域，可向前行进。
60422186	赛利卡	<size=38>每次作战将对敌人造成一定伤害，对应区域敌人的剩余血量将在这里显示，完全击杀敌人则可前往下个区域</size>
60423181	赛利卡	本次行征可设定支援角色，协助指挥局其余玩家参与作战！
60423185	赛利卡	选择适合本次行征的角色设定支援，可在支援面板中直接调整武器和意识。
60423190	赛利卡	支援设定完毕后，根据支援时间及被使用次数可获得行征补给，指挥官注意及时领取。
60424181	赛利卡	本次高危绝壁有两只鲨鲨镇守，把她们全部击破才可攻略此节点。
60424185	赛利卡	鲨鲨血量低于50%或死亡时，弱点会发生转移。若鲨鲨身上带有弱点，可触发<color=#57f0fb>弱点效果</color>，对作战更为有利！
60424190	赛利卡	所有近卫区击破后，鲨鲨会开始倒计时。倒计时结束后将会<color=#57f0fb>直击基地</color>！
60501006	赛利卡	点击两个<color=#57f0fb>相邻信号球</color>进行交换，三个及以上同色信号球连成线时可以消除。
60501131	赛利卡	消除达成Combo可以获得<color=#57f0fb>终结能量</color>，存储足够的终结能量可释放终结技能，释放后将短暂冷却。
60501135	赛利卡	剩余步数为<color=#57f0fb>0</color>时则本局结束。
60501151	赛利卡	此处可以随时查看Boss<color=#57f0fb>下一个技能倒计回合数及Buff效果</color>。
60511006	神秘机械体	<size=36>哟！我知道你有很多疑问，但是<color=#57f0fb>选择队员，并对队员机体进行专精改造，去经历一段冒险</color>正是你现在应该做的！让我指点指点你吧！</size>
60511147	神秘机械体	<size=36>可不要忘了领取<color=#57f0fb>每日补给</color>，补给和战斗都能获得队伍经验并提升队伍等级，先领今天的份吧，明儿就过期了。</size>
60511158	神秘机械体	队伍等级提升后将提升所有机体的战斗力并获得<color=#57f0fb>改造点</color>！
60511159	神秘机械体	可以在<color=#57f0fb>机体专精中分配改造点</color>并进行其他调整，进去看看！
60511164	神秘机械体	重点来了！这儿可以选择并改造机体的<color=#57f0fb>专精方向</color>！遇到难关不妨进来切换试试。
60511166	神秘机械体	<color=#57f0fb>专精方向可以随时重置并切换</color>，每台机体都有2个风格迥异战斗风格，之后就先自由开发机体潜力吧！
60511168	神秘机械体	更多内容请查阅<color=#57f0fb>图文说明</color>
60601176	赛利卡	欢迎来到<color=#57f0fb>分光双星</color>。本次行动共包含三个章节，会随时间逐一开放。
60601179	赛利卡	本次行动中，每个职业都额外拥有<color=#57f0fb>连携技能</color>，点击此处可以查看对应的技能效果。
60602176	赛利卡	指挥官可以随意挑战章节内的<color=#57f0fb>任意关卡</color>，每个关卡都包含有不同的机制。
60602179	赛利卡	点击选择一个关卡。
60602207	赛利卡	关卡介绍中会详细说明本关卡包含的<color=#57f0fb>特殊机制</color>，请注意查看。
60611005	赛利卡	<color=#57f0fb>本我回廊</color>已经开启。
60612005	赛利卡	<color=#57f0fb>心锁试炼</color>中包含多个包含特殊机制的挑战关卡，指挥官需要带领对应构造体突破这些关卡。
60612064	赛利卡	完成<color=#57f0fb>源望契约</color>可以为这些挑战提供助力。
60612067	赛利卡	完成下列<color=#57f0fb>契约目标</color>可以解锁锲约。
60612069	赛利卡	若需要解锁对应内容，点击此处解锁。
60612073	赛利卡	通关心锁试炼可获得<color=#57f0fb>丰厚奖励</color>。
60612078	赛利卡	完成通关目标提升累计星级，还可获得<color=#57f0fb>特殊奖励</color>。
60612081	赛利卡	解锁内容包括<color=#57f0fb>源望契约</color>等级和角色<color=#57f0fb>秘密通讯</color>。
60612083	赛利卡	点击此处返回上级。
60613001	赛利卡	当指挥官想对编队预设进行调整，可通过右下方快速进入<color=#57f0fb>编队调整</color>界面。
60613002	赛利卡	点击<color=#57f0fb>编队调整</color>按钮进入，提前做好战斗准备。
60621005	赛利卡	远程链接成功，很好，听得见我说话吗指挥官？
60621065	赛利卡	这里是混乱的意识空间，由潜到深共分为<color=#57f0fb>6层区域</color>。让我们先查看下第一个层区的情况吧。
60621067	赛利卡	这里可以查看层区的具体信息。
60621068	赛利卡	让我们先进入对应层区吧。
60621070	赛利卡	每个意识层包含多个不稳定区域。区域稳定后才能链接到下一区域，区域所处<color=#57f0fb>位置越深</color>，遇到的<color=#57f0fb>敌人越强</color>。
60621072	赛利卡	让我们先稳定1km区域的情况吧。
60621079	赛利卡	清理区域内所有不稳定节点后，区域将进入稳定状态。
60621081	赛利卡	若遇到难以对付的敌人，可以在此处尝试重构节点。
60621083	赛利卡	已稳定的区域，可消耗派遣次数快速通关获取奖励。派遣次数每日<color=#57f0fb>定时重置</color>。
60622005	赛利卡	此处可为当前角色<color=#57f0fb>装载插件</color>，插件会为角色提供强力的战斗效果，但也会占用角色负载。
60622065	赛利卡	清理不稳定区域可以获得道具<color=#57f0fb>提高负载</color>。
60623069	赛利卡	消耗作战获得的<color=#57f0fb>意识突触</color>，提高全队属性。
60623072	赛利卡	每项增幅属性点的上限相同，通过清理不稳定区域获取道具，可以提高点数上限。
60623074	赛利卡	<color=#57f0fb>模板配置</color>可将当前增幅方案保存为模板，通过套用模板可快速替换增幅方案。
60623076	赛利卡	选中角色后，下方<color=#57f0fb>属性详情</color>面板将统计角色属性调整（包含角色携带插件）。
60623078	赛利卡	<color=#57f0fb>知觉增幅</color>装置已修复，让我们赶紧看看吧，指挥官！
60624005	赛利卡	<color=#57f0fb>益想映像</color>达到100%时，点击将在区域内生成<color=#57f0fb>特殊关卡</color>。
60624069	赛利卡	挑战特殊关卡可获取<color=#57f0fb>大量插件奖励</color>，详情可点击此处查看。
60625005	赛利卡	<color=#57f0fb>聚融所</color>也修复完成，让我们看看吧！
60625069	赛利卡	聚融所可以消耗<color=#57f0fb>意识突触</color>兑换任意未获得的插件。
60701005	度尔茜内娅	指挥官，欢迎参与<color=#57f0fb>调色板战争</color>，接下来将由我给您讲解玩法规则。
60701070	度尔茜内娅	让我们先进入<color=#57f0fb>喧闹盛典</color>。
60701078	度尔茜内娅	进入<color=#57f0fb>康斯塔雷耶</color>，开始作战！
60702005	度尔茜内娅	本玩法将按回合形式进行。每回合有5个<color=#57f0fb>行动点</color>，可用于移动或执行建筑操作。
60702070	度尔茜内娅	点击此处可查看各类效果，以及本关的胜利条件。
60702080	度尔茜内娅	<color=#57f0fb>作战的目标</color>是提升对艺术的理解，将<color=#57f0fb>所有作品展览提升至6级</color>。
60702081	度尔茜内娅	黄标提示点为<color=#57f0fb>当前所在位置</color>。
60702083	度尔茜内娅	提升绿色作品展览等级需要颜料，<color=#57f0fb>可在工坊获得绿色颜料</color>。
60702085	度尔茜内娅	可<color=#57f0fb>消耗行动点</color>前往指定地点。我们前往<color=#57f0fb>颜料工坊</color>，获取<color=#57f0fb>绿色颜料</color>。
60702089	度尔茜内娅	到达地点后，可以执行对应地点的操作。
60702090	度尔茜内娅	在颜料工坊上，每回合<color=#57f0fb>可获得3到5点颜料</color>。
60702096	度尔茜内娅	各颜色<color=#57f0fb>最多可储存7点颜料</color>，收集7点后，可前往作品展览提升流派等级。
60702099	度尔茜内娅	消耗7点颜料，可提升作品展览等级。<color=#57f0fb>全部作品展览到达6级后</color>，<color=#57f0fb>作战胜利</color>。
60702101	度尔茜内娅	点击此处，可<color=#57f0fb>前往并执行</color>地点效果，尝试提升作品展览等级吧！
60702106	度尔茜内娅	<color=#57f0fb>行动力耗尽</color>，点击回合结束进入下一回合吧！
60702112	度尔茜内娅	每回合结束时，大师的等级将提升。
60702117	度尔茜内娅	每回合可获取一次各色颜料，<color=#57f0fb>颜料</color>是<color=#57f0fb>提升作品展览等级</color>的重要道具。
60702122	度尔茜内娅	前往<color=#57f0fb>颜料工坊</color>并<color=#57f0fb>获取颜料</color>！
60702127	度尔茜内娅	派系大师等级快到6啦，可进行<color=#57f0fb>艺术点评</color>，<color=#57f0fb>降低</color>大师的<color=#57f0fb>等级</color>。
60702130	度尔茜内娅	<color=#57f0fb>瑕疵抨击</color>额外消耗1点颜料，<color=#57f0fb>可降低大师2级</color>，常规点评仅能降低1级。
60702135	度尔茜内娅	更多详情，可查阅图文教程。
60702138	度尔茜内娅	接下来介绍如何提升作品展览等级。
60702140	度尔茜内娅	每次结束回合前，都要确保大师等级别超过6级。
60702151	度尔茜内娅	尝试在大师等级到达6之前，<color=#57f0fb>把作品展览提升到6级</color>吧！
60702158	度尔茜内娅	若<color=#57f0fb>所有派系大师到达6级</color>，则本次挑战<color=#57f0fb>失败</color>。
60703089	度尔茜内娅	活动共有三种画派大师，<color=#57f0fb>设施仅对各自颜色产生效果</color>。
60703093	度尔茜内娅	<color=#57f0fb>三种画派大师都到达6级</color>时，机械艺术遍布康斯塔雷耶，<color=#57f0fb>挑战失败</color>！
60703096	度尔茜内娅	<color=#57f0fb>红色颜料到达7点</color>，可尝试<color=#57f0fb>提升作品展览</color>等级。
60703098	度尔茜内娅	作品展览到达6级后，<color=#57f0fb>点评变得更加强力</color>！
60703105	度尔茜内娅	使用点评，指出红方大师的致命缺陷！
60703108	度尔茜内娅	执行后，可将红方大师<color=#57f0fb>降低至为1级</color>。
60703113	度尔茜内娅	当前回合行动点已用尽，点击结束回合。
60703118	度尔茜内娅	大师的艺术<color=#57f0fb>超过6级</color>，将<color=#57f0fb>触发大师时代</color>，其余大师均提升1级。
60703122	度尔茜内娅	进度条可查看<color=#57f0fb>未来5回合</color>的情况。点击可查看时间点数说明。
60703132	度尔茜内娅	三色作品展览到达6级后，可获得挑战胜利！
60703137	度尔茜内娅	指挥官请自行应对蓝方大师吧！
60703141	度尔茜内娅	绿色颜料数量已足够，前往<color=#57f0fb>提升作品展览等级</color>。
60703143	度尔茜内娅	再次提升作品展览等级，<color=#57f0fb>强化点评</color>！
60703145	度尔茜内娅	指出<color=#57f0fb>致命缺陷</color>！将大师等级<color=#57f0fb>降低至1级</color>！
60703153	度尔茜内娅	红、绿方大师料理完毕，接下来我们蓝方画派。
60703155	度尔茜内娅	点击此处，前往蓝色区域，准备后续作战。
60703158	度尔茜内娅	回合结束前，建议<color=#57f0fb>再次确认大师等级，避免意外失败</color>。
60711041	赛利卡	<color=#57f0fb>序列公约</color>已开启。
60711098	赛利卡	<color=#57f0fb>序列公约</color>与成员意识相关联，通关后派遣成员<color=#57f0fb>扼守</color>，可在满足一定条件后提升成员额外伤害加成。
60711103	赛利卡	公约中包含六个章节序列，每个章节序列与对应编号的意识相关联。指挥官可以按照任意顺序挑战，建议先挑战序列四至六。
60711108	赛利卡	无需消耗血清即可挑战，点击按钮进入编队界面。
60712041	赛利卡	每个序列包含三个连续关卡，全部通关后才能完成对应序列.
60712112	赛利卡	指挥官可以点击<color=#57f0fb>挑战</color>按钮，对每个小关卡进行单独挑战。通关后将压制对应区域并保存进度。
60712114	赛利卡	若指挥官上阵的所有成员都满足战斗参数推荐，在战斗中所有成员阵亡后还可重启成员继续挑战。
60713041	赛利卡	指挥官已经完成了<color=#57f0fb>角色超阶</color>，可将其派遣至<color=#57f0fb>序列公约</color>中进行<color=#57f0fb>扼守</color>。
60713120	赛利卡	完成扼守后，所有成员<color=#57f0fb>对应编号</color>位置每有一个穿戴中的<color=#57f0fb>超频意识</color>，即可获得1%额外伤害加成。
60713122	赛利卡	点击这里选择或切换扼守成员。
60713126	赛利卡	每个序列位与对应编号的<color=#57f0fb>意识超频</color>相关联。
60713132	赛利卡	每个序列位与对应编号的<color=#57f0fb>意识超频</color>相关联。
60721036	赛利卡	点击解放，查看成员<color=#57f0fb>终阶解放</color>。
60721047	赛利卡	选择<color=#57f0fb>终阶</color>。
60721049	赛利卡	满足<color=#57f0fb>对应条件</color>时，指挥官可以在当前界面对成员进行终阶解放。
60721051	赛利卡	完成终阶解放后，可解锁成员<color=#57f0fb>终阶头像和光环型装置</color>。
60721053	赛利卡	获得光环型装置的成员，每场战斗首次登场时将获取<color=#57f0fb>3个同色信号球</color>。
60721058	赛利卡	成员<color=#57f0fb>终阶解放</color>已解锁。
60722036	赛利卡	点击解放。
60722049	赛利卡	满足成员<color=#57f0fb>超阶解放条件</color>，指挥官可以在此处对成员进行超阶解放。
60722051	赛利卡	完成超阶解放后，可解锁<color=#57f0fb>自定义信号球</color>功能。
60722057	赛利卡	选择<color=#57f0fb>超阶</color>。
60722062	赛利卡	成员培养新增了<color=#57f0fb>超阶解放</color>阶段，进入成员界面查看。
60704005	度尔茜内娅	康城的冒险指引到此结束啦！后续看各位队长了。
60704070	薇拉	行吧！我有<color=#57f0fb>自己的策略</color>，希望指挥官你能跟上。
60704073	薇拉	在寻求我的建议吗？我建议指挥官认真研读我的技能！
52707029	赛利卡	<color=#57f0fb>委托系统</color>已开启。本系统会自动从任务作战中心拦截可由构造体独立完成的任务，进行下发。
52707060	赛利卡	在委托系统中，指挥官可以在此处自由接取由各势力发布的<color=#57f0fb>委托任务</color>。
52707062	赛利卡	似乎出现了<color=#57f0fb>特殊的委托</color>。点击查看详情，并接取委托。
52707067	赛利卡	委托的<color=#57f0fb>简报</color>及<color=#57f0fb>推荐属性</color>均提示了推荐成员。派遣<color=#57f0fb>合适的成员</color>执行任务，可获得<color=#57f0fb>额外的奖励</color>。
52707072	赛利卡	点击按钮，<color=#57f0fb>接取委托</color>。
52707076	赛利卡	选择成员进行派遣。
52707078	赛利卡	确认派遣成员。
52707082	赛利卡	等待委托完成后，即可领取奖励。
60741005	赛利卡	获得新的战备部署室投影，让我为指挥官介绍如何切换新界面。
60741059	赛利卡	点击该入口打开主界面终端。
60741061	赛利卡	打开拍照模式。
60741063	赛利卡	点击选择新解锁的场景<color=#57f0fb>耀阳映画</color>。
60741084	赛利卡	点击同步主界面，即可同步更换主界面场景。
60741088	赛利卡	点击返回至主界面。
60741091	赛利卡	场景已同步更新为<color=#57f0fb>耀阳映画</color>。
60700005	赛利卡	指挥官，由我来说明下主界面的相关修改。
60700057	赛利卡	点击或者上划该区域可以展开其他功能按钮。
60700059	赛利卡	点击该入口可以打开终端。
60700061	赛利卡	终端中包含CD机、设置、好友、拍照等功能。
60700063	赛利卡	点击终端按钮或者空白处，可以退出终端。
60700065	赛利卡	本次调整还对公告活动及福利模块进行整合，指挥官可以进入活动界面进行确认。
60700074	赛利卡	此处功能面板可以通过右侧按钮点击展开或收起。
60700077	赛利卡	宿舍、公会、商店、仓库、辅助机功能入口将会展开。
60705005	薇拉	探索途中，偶尔会出现遭遇事件。可根据具体效果，选择合适的应对策略。
52708091	赛利卡	委托中获得的文件，将被收录在<color=#57f0fb>文件柜</color>中。指挥官可以随时前往查看。
52708095	赛利卡	累计完成<color=#57f0fb>一定数量</color>的委托后，便可升级系统，解锁更多<color=#57f0fb>队伍及委托</color>栏位，并<color=#57f0fb>提高报酬</color>。
52708099	赛利卡	更多规则，请查看图文详情。
60731005	光辉行进者	指挥官，欢迎来到光辉同行，先让我们从<color=#57f0fb>行进回首</color>开始，了解我的故事吧。
60731082	光辉行进者	<color=#57f0fb>行进回首</color>中一共有4个章节，通关当前章节后即可解锁下一章节。
60731087	光辉行进者	先从第一个关卡开始挑战吧。
60732005	光辉行进者	通过刚才的关卡，我解锁不少改造内容，来尝试对我进行<color=#57f0fb>改造</color>吧。
60732082	光辉行进者	先来尝试安装一个<color=#57f0fb>模块</color>吧。
60732088	光辉行进者	不同的模块对应<color=#57f0fb>不同的战斗风格</color>。聚焦逻辑是专注于单一武器作战的模块，请点击它。
60732090	光辉行进者	点击<color=#57f0fb>启用模块</color>按钮。
60732092	光辉行进者	启用模块后，可以为模块中的技能连接电路，为技能提供<color=#57f0fb>额外效果</color>。
60732104	光辉行进者	点击确认按钮，占用一个接口来连接电路。
60732108	光辉行进者	电路连接完毕。每个已连接的电路都会占用接口，接口存在使用上限。接下来请您自行改造吧！
60803006	赛利卡	此处可为当前角色<color=#57f0fb>装载1个已解锁的超数核心</color>。
60802006	赛利卡	这里可切换本次对战的<color=#57f0fb>地图</color>。
60802158	赛利卡	此处可以提前预览场景，<color=#57f0fb>不同的场景可能带有不同的效果</color>
60802165	赛利卡	这里可以选择添加本次对战<color=#57f0fb>我方出场选手</color>
60802167	赛利卡	这里可以自选本次对战的对手，<color=#57f0fb>不选择则会随机生成对手</color>
60802169	赛利卡	战斗前点击<color=#57f0fb>成员整备</color>，可以为我方选手<color=#57f0fb>装载超数核心</color>。
60802171	赛利卡	先尝试选择当前场景作战。
60801006	赛利卡	欢迎来到<color=#57f0fb>超限乱斗</color>，指挥官可点击解锁<color=#57f0fb>新赛区</color>。
60801153	赛利卡	这里是新赛区的<color=#57f0fb>具体规则</color>。
60801156	赛利卡	每个赛区开放时会<color=#57f0fb>解锁1个新的超数核心</color>，每个角色可<color=#57f0fb>装载1个超数核心并获得对应的强力技能</color>。
60801182	赛利卡	指挥官每天都可以领取一份空中花园发放的<color=#57f0fb>支援物资</color>，提升队伍等级。
60801185	赛利卡	让我们先了解古典对决。
60804006	赛利卡	<color=#57f0fb>紧急抽调</color>模式已解锁。
60804193	赛利卡	紧急抽调中可以选择支援单位与出战构造体一同进入战斗。
60804199	赛利卡	可以从系统提供的援助角色中选择一位作为<color=#57f0fb>援助单位</color>。
60804201	赛利卡	不同单位拥有不同的<color=#57f0fb>援助技能</color>，在战斗中点击支援单位的头像将会释放一次。
60804221	赛利卡	紧急抽调中可以选择支援单位与出战构造体一同进入战斗。
60811101	赛利卡	指挥官，欢迎来到<color=#57f0fb>异构阵线</color>。在这里您将挑战全新的玩法关卡。
60811107	赛利卡	点击这里可以进入章节界面，进行关卡挑战。
60812101	赛利卡	点击关卡图标，可查看关卡详情。
60812112	赛利卡	前往作战，进入关卡。
60813101	赛利卡	点击此处，可以查看角色的<color=#57f0fb>心智分配</color>。
60813112	赛利卡	点击此处，可查看心智天赋效果并将其激活。
60813114	赛利卡	此处可以查看当前<color=#57f0fb>已激活</color>的天赋汇总。
60813116	赛利卡	此处可<color=#57f0fb>重新分配</color>角色心智天赋。
60813118	赛利卡	此处可以更换成员查看他们拥有的心智天赋。
60814158	赛利卡	最新解锁的章节将在每日五点刷新限时每日关卡。
60814161	赛利卡	完成关卡后即可获得相应奖励。
60821006	赛利卡	欢迎来到<color=#57f0fb>亚卡数界</color>，指挥官，这次行动是全新的特殊战斗。
60821189	赛利卡	正式作战前，先让我们了解下玩法的特殊机制吧。
60821192	赛利卡	装备<color=#57f0fb>支援芯片</color>，可获得额外的能力加成。
60821198	赛利卡	点击选中支援芯片。
60821205	赛利卡	现在开始作战演习吧！
60822006	赛利卡	指挥官，现在可以参与异常数据体清除作战了。
60822173	赛利卡	左侧可以选择不同的章节。
60822178	赛利卡	此处可以查看关卡提示即关卡奖励。
60822182	赛利卡	准备完毕后，即可与其余指挥官并肩作战吧！
60831006	露西亚	指挥官一起经营露记大排档吧！您可以<color=#57f0fb>烹饪菜肴、准备食材、售卖菜肴</color>，感受别样餐厅氛围！
60831189	露西亚	从<color=#57f0fb>烹饪菜肴</color>开始介绍吧，请点击烹饪台。
60831192	露西亚	选择需要烹饪的<color=#57f0fb>菜肴</color>。
60831194	露西亚	点击<color=#57f0fb>确认</color>。
60831196	露西亚	请指派<color=#57f0fb>员工</color>进行烹饪工作。
60831198	露西亚	点击<color=#57f0fb>确认</color>。
60831200	露西亚	再次<color=#57f0fb>确认</color>开始烹饪。
60831204	露西亚	太好了！我们开始烹饪美味佳肴了。等您闲下来，露西亚亲手做美味菜肴给您尝尝！
60831213	露西亚	这里有员工在工作了，指挥官已经学会安排员工进行烹饪工作。
60832006	露西亚	菜肴的原材料快要不足了，指挥官快移步到<color=#57f0fb>食材区</color>进行工作分配。
60832192	露西亚	<color=#57f0fb>准备食材</color>需要点击备菜台。
60832194	露西亚	点击<color=#57f0fb>确认</color>。
60832196	露西亚	请指派<color=#57f0fb>员工</color>进行食材准备工作。
60832198	露西亚	点击<color=#57f0fb>确认</color>。
60832200	露西亚	再次<color=#57f0fb>确认</color>开始工作。
60832211	露西亚	选择需要处理的<color=#57f0fb>食材</color>。
60832218	露西亚	这里有员工在工作了，指挥官已经学会安排员工进行备菜工作。
60833006	露西亚	到饭点了，我们去<color=#57f0fb>售卖区</color>准备开始营业吧。
60833192	露西亚	开始<color=#57f0fb>售卖菜肴</color>了，请点击售卖台。
60833194	露西亚	点击<color=#57f0fb>确认</color>。
60833196	露西亚	目前人手不足，请指挥官指派露西亚进行售卖吧。
60833198	露西亚	点击<color=#57f0fb>确认</color>。
60833200	露西亚	再次<color=#57f0fb>确认</color>开始售卖。
60833211	露西亚	选择需要售卖的<color=#57f0fb>菜肴</color>。
60833214	露西亚	移步到<color=#57f0fb>售卖区</color>进行工作分配。
60833216	露西亚	后续指挥官也需要关注<color=#57f0fb>收银台</color>的收入哦，需要<color=#57f0fb>手动领取</color>才能获得营收呢。
60833219	露西亚	更多详细说明请看图文教程。
60833224	露西亚	到饭点了，我们去<color=#57f0fb>售卖区</color>准备开始营业吧。
60833234	露西亚	这里有员工在工作了，指挥官已经学会安排员工进行售卖工作。
60834006	露西亚	餐厅员工有自己的技能，升级他们能加快产出时间。当然也有例外......就不细说了。
60834189	露西亚	指挥官可以在这里使用<color=#57f0fb>露记硬通货</color>雇佣/升级员工。
60834192	露西亚	餐厅拥有的员工数量是有<color=#57f0fb>上限</color>的，指挥官可以<color=#57f0fb>升级餐厅</color>等级提高上限。
60805212	赛利卡	紧急抽调中现在可以选择不同的敌人进行挑战。
60805217	赛利卡	强大的敌人需要先磨炼后才可选择，先挑战比较简单的怪物吧！
60835006	露西亚	恭喜指挥官发现了<color=#57f0fb>热销菜单</color>！菜单会每天更换，售卖当天推荐的菜肴可获<color=#57f0fb>更多收入</color>哦！
60836006	露西亚	指挥官，升级餐厅等级可以解锁更多效果。每升级1次餐厅也会<color=#57f0fb>装修翻新</color>一遍！
60836189	露西亚	点击<color=#57f0fb>等级页签</color>可查看下一级效果。
60836192	露西亚	满足升级条件，花费一定的<color=#57f0fb>露记硬通货</color>即可升级。
60836194	露西亚	听说高级餐厅的装潢连艾拉都要赞叹。一起期待我们的餐厅变成金碧辉煌的样子吧！
60823006	赛利卡	拥有芯片后，可以进入<color=#57f0fb>芯片组</color>编辑芯片。
60823173	赛利卡	每个芯片组有<color=#57f0fb>1</color>个主控芯片槽，<color=#57f0fb>8</color>个从属芯片槽，主控/从属芯片只能装备在主控/从属芯片槽上。
60823178	赛利卡	选择主控芯片。
60823182	赛利卡	点击装备。
60823184	赛利卡	点击主控芯片槽。
60823189	赛利卡	点击芯片组按钮。
60823191	赛利卡	同一个芯片可以同时装备在不同的芯片组中，每个角色可以自由切换使用不同的芯片组，点击即可切换芯片组。
60032149	赛利卡	更多内容请查阅图文教程
60032160	赛利卡	<size=38>每次作战将对敌人造成一定伤害，对应区域敌人的剩余血量将在这里显示，完全击杀敌人则可前往下个区域</size>
60032165	赛利卡	抵达作战区域前，指挥官需消耗对应物资前往对应区域
60032172	赛利卡	到达作战区域后，消耗物资可参与作战。通关时间越短，对敌人造成伤害越高
60032181	赛利卡	<size=38>此处为资源保障区，在进攻危险区域时需时刻留意并保护己方的资源保障区。</size>
60032184	赛利卡	点击相邻的危险区域，可向前行进。
60032186	赛利卡	<size=38>每次作战将对敌人造成一定伤害，对应区域敌人的剩余血量将在这里显示，完全击杀敌人则可前往下个区域</size>
60032190	赛利卡	进攻危险区域，需选择其他区域入口。
60031006	赛利卡	<size=38><color=#57f0fb>众志行征</color>行动正式开始！本次行动共<color=#57f0fb>分为3轮战斗</color>。若在当前轮次作战时期加入指挥局的指挥官，将无法参与当前轮次</size>
60031152	赛利卡	<size=38>每轮开始时，由<color=#57f0fb>会长</color>选择难度。<color=#57f0fb>成员战力</color>及<color=#57f0fb>活跃度要求</color>依次提升，请谨慎选择。若未能及时处理，<color=#57f0fb>23点</color>时将<color=#57f0fb>自动选择难度</color></size>
60031154	赛利卡	此处可查看对应难度的<color=#57f0fb>地图布局</color>
60425181	赛利卡	本次高危绝壁由混沌圣士、黄眼盾卫镇守。<color=#57f0fb>击破其中之一将出现合体BOSS！</color>
60425185	赛利卡	合体前，两节点剩余血量越少，合体后的血量也会减少。<color=#57f0fb>尽量同时击杀，是本次作战的关键。</color>
60425190	赛利卡	两人合体后触发合体技。倒计时结束若仍未击败他们，则会回复伏兵血量！
60425198	赛利卡	圣士、盾卫融合召唤钢铁探戈！抓紧击破避免BOSS回复伏兵血量。
60425204	赛利卡	合体技能生效，注意在限时内击破BOSS！
60426181	赛利卡	本次作战新增隐藏节点！根据60秒内造成的伤害，获得指挥局积分。
60426190	赛利卡	节点中共有三个关卡。各关卡<color=#57f0fb>锁定挑战队员</color>，且单次挑战中，<color=#57f0fb>仅能使用2次支援角色</color>。
60426196	赛利卡	此处可查看出现的怪物和机制提示，<color=#57f0fb>根据环境调整队伍进行应对</color>。
60426198	赛利卡	获得满意的积分后可在关卡结算上传记录，<color=#57f0fb>仅可上传刷新记录的积分</color>。
60426202	赛利卡	点击进入作战。
60407101	???	<color=#57f0fb>溯潮之帐</color>已经解锁，快快点击看看有什么新内容吧!
60407114	???	请仔细阅读左侧的要求，完成这些条目吧。
60407118	???	当你完成足够数量的条目后，可以获得各类特殊的嘉奖哦。
60408101	???	你…终于感受到了<color=#FF0000>猩红灵智</color>…让我来告诉你…关于它的<color=#FF0000>秘密</color>……
60408114	???	猩红灵智，会让你更接近…真实…<color=#FF0000>获得更多秘藏品</color>…但也有代价，你感知的<color=#FF0000>敌人也会更强</color>…
60408118	???	这里就是灵智的影响效果…一旦感受到灵智，便<color=#FF0000>不能再摆脱它</color>的影响。<color=#FF0000>除非…再次苏醒……</color>
60408122	???	点击这里，可以观察目前灵智对<color=#FF0000>冒险的影响</color>。冒险中部分遭遇会提升你的灵智，深化灵智对你的影响。
60901006	艾拉	指挥官，欢迎来到<color=#57f0fb>谜境誓彩</color>展馆，从这里就可以进入展馆啦!
60901173	艾拉	在这里，可以选择一起进入谜境的<color=#57f0fb>同伴</color>哦~
60901183	艾拉	请注意，每次进入谜境，都需要消耗<color=#57f0fb>1张谜境通行票</color>~
60901184	艾拉	嗯…好像还有<color=#57f0fb>快速通关</color>的功能，点击这个感叹号可以查看哦~ 祝指挥官玩得开心~
60911006	赛利卡	在<color=#57f0fb>迈锡尼协议·拾叶载梦</color>中，指挥官可以从多名可进行专精改造的成员中进行选择，完成诸多挑战。
60911147	赛利卡	领取<color=#57f0fb>每日补给</color>可获得队伍勋功，补给和战斗获得的队伍勋功可提升<color=#57f0fb>队伍等级</color>，指挥官记得每日领取。
60911158	赛利卡	队伍等级提升后将提升所有机体的战斗力并获得<color=#57f0fb>专精点</color>！
60911159	赛利卡	队伍等级提升后获得的<color=#57f0fb>专精点</color>用于机体改造，来看看吧。
60911164	赛利卡	这里可以选择并切换机体的专精方向，遇到难关时不妨尝试切换后再进行挑战。
60911166	赛利卡	<size=40><color=#57f0fb>专精方向可以随时重置并切换</color>，每台机体都有2个风格迥异战斗风格，之后就先自由开发机体潜力吧。</size>
60911168	赛利卡	更多内容请查阅<color=#57f0fb>图文说明</color>
60922101	赛利卡	逆流而上阶段需要沿关卡倒序进行挑战
60922121	赛利卡	每个关卡都是之前对应关卡<color=#57f0fb>未挑战</color>的敌人。
60922138	赛利卡	在逆流而上阶段中，关卡成绩将影响当前章节评分。
60921101	赛利卡	欢迎来到<color=#57f0fb>心象风景</color>，共包含<color=#57f0fb>五个章节</color>，随着章节进度与时间逐一开放。
60921109	赛利卡	每一章都包含了<color=#57f0fb>两个阶段</color>，完成顺流而下阶段后，再挑战逆流而上阶段。
60921112	赛利卡	每章需连续挑战多个关卡，每个关卡包含<color=#57f0fb>两场</color>独立战斗。
60921121	赛利卡	任选一场战斗进行挑战后，另一场将保留至下一阶段。
60921123	赛利卡	每组敌人还会具有一个弱点属性，点击可以查看详细。
60921130	赛利卡	可以在特性总览中查看本章节的关卡特性。
60931006	赛利卡	欢迎来到<color=#57f0fb>觅迹寻踪</color>行动，你将操纵角色破解谜题，完成任务。
60931157	赛利卡	行动的具体规则，将通过具体关卡进行详细说明。请先选择行动关卡。
60931161	赛利卡	不同关卡将限制上场角色，本次所有解谜将由本体与影子共同参与！
60931165	赛利卡	准备就绪，让我们直接进入关卡了解吧！
60931170	赛利卡	这是你所控制的角色。
60931174	赛利卡	滑动屏幕，角色会向指定方向一直移动，直到撞上阻挡物才会停止。
60931179	赛利卡	这是本关的终点。现在是关闭的状态。在它开启之前，可以随意通过。
60931183	赛利卡	身上挂着标记的库洛洛是本关的<color=#57f0fb>关键</color>。撞到它之后可以将它消除，终点也会随之开启。
60931191	赛利卡	这是影子，将跟随本体朝相同方向移动。
60932161	赛利卡	在新的章节中，角色本体及影子还会携带不同的特殊属性。
60932163	赛利卡	对应的属性能使他们在关卡内发挥不同的作用，具体可以查看技能图释。
61010006	赛利卡	欢迎来到<color=#57f0fb>链合回路·幽林竞狩</color>！通过消除信号球对Boss造成伤害，消除越多，分数越高。
61010132	赛利卡	选择一个BOSS进入战斗准备。
61010138	赛利卡	点击更换角色，可以更换上场角色，完成活动任务获得<color=#57f0fb>信号锚标</color>可以在活动商店购买更多角色。
61010140	赛利卡	每个角色都有特殊的<color=#57f0fb>终结技能</color>，适当的时机释放可以产生极大收益。
61010142	赛利卡	除此之外，每个角色的信号球将有不同的<color=#57f0fb>伤害系数</color>，针对BOSS弱点可以选择合适的上场角色。
61010147	赛利卡	进入下一步战斗准备。
61010149	赛利卡	角色可携带最多3个<color=#57f0fb>副技能</color>。完成每日任务获取<color=#57f0fb>信号扩散装置</color>，在活动商店可以购买更多副技能。
61010153	赛利卡	更多内容请查阅<color=#57f0fb>图文说明</color>。
61010156	赛利卡	查看详情可查看对应BOSS的局内技能，可以针对Boss的<color=#57f0fb>技能特性</color>决定策略。
61011006	赛利卡	点击两个<color=#57f0fb>相邻信号球</color>进行交换，三个及以上同色信号球连成线时可以消除。
61011131	赛利卡	消除达成Combo可以获得<color=#57f0fb>终结能量</color>，存储足够的终结能量可释放终结技能，释放后将短暂冷却。
61011135	赛利卡	留意此处，<color=#57f0fb>剩余条件为0</color>时则本局结束。
61011151	赛利卡	此处可以随时查看BOSS<color=#57f0fb>下一个技能倒计回合数及Buff效果</color>。
61012006	赛利卡	<color=#57f0fb>特殊挑战</color>已开启！指挥官现在可以点击进入挑战。
61012147	赛利卡	特殊挑战里，鲨士碧儿的行动单位为<color=#57f0fb>时间</color>，在关卡时间内可<color=#57f0fb>自由行动</color>。
61012156	赛利卡	点击查看BOSS详情。
61020006	赛利卡	指挥官，欢迎来到<color=#57f0fb>拟聚纷争</color>。在这里您将挑战全新的玩法关卡。
61020147	赛利卡	点击这里进入关卡挑战。
61020156	赛利卡	本次活动，指挥官将获得独特的支援单位，点击<color=#57f0fb>章节说明</color>查看当前章节解锁的<color=#57f0fb>援助单位</color>。
61020159	赛利卡	本次玩法共有4个章节，让我们先点击进入<color=#57f0fb>风暴猎场</color>。
61021006	赛利卡	点击按钮，将援助单位编入作战队伍。
61021156	赛利卡	点击将M4-医疗机编入作战队伍。
61021173	赛利卡	接下来将进行角色选择。
61021178	赛利卡	森息与M4-医疗机存在羁绊关系，同时携带进入编队将触发强力效果。
61021181	赛利卡	使用援助单位将消耗负载值，此处可以查看对应怪物消耗的负载值。
61021186	赛利卡	将森息编入队伍。
61021189	赛利卡	准备完毕，开始战斗！
61021191	赛利卡	此处可以查看对应援助单位的<color=#57f0fb>主动技能与被动效果</color>。
61021194	赛利卡	当援助单位与指定<color=#57f0fb>羁绊角色</color>同时上场时，可以激活其<color=#57f0fb>羁绊技能</color>。
61030006	21号	欢迎来到21号的<color=#57f0fb>行星环游记</color>！作为故事的主人公，21号有责任向读者介绍故事的内容。
61030165	21号	那么，先和21号一起开始旅程吧。
61030166	21号	在这里，是21号的旅行星图。每个星球，都会随着21号的到访被逐一点亮。
61030168	21号	先让我们前往第一颗星球，这里是小狼旅程的开始。
61030173	21号	每个行星都有不同的空间，21号，先带你从第一个开始探索。
61030180	21号	每个星球都拥有对应的数个<color=#57f0fb>星球领主</color>。只有战胜他们，小狼才能继续前进。
61030183	21号	21号可以拥有自己的探索小队。点击这里能配置小队成员，最多只能有<color=#57f0fb>三名同伴</color>。
61030185	21号	这里可以配置带入星球的<color=#57f0fb>建筑设施</color>。想要战胜各个星球的领主，这些准备非常重要。
61030187	21号	好，是时候出发了。
61035006	21号	……星球的<color=#57f0fb>环境</color>发生了变化，21号闻到了不一样的气息，要小心。
61035161	21号	让我们前往下一区域。
61034006	21号	这里是只属于21号的<color=#57f0fb>领地</color>。
61034165	21号	在领地中<color=#57f0fb>放置建筑</color>，可在探索行星时获得更多<color=#57f0fb>增益</color>。对领地的改造会使21号变得更加强大。
61034166	21号	完成星球领主的挑战后，获得的<color=#57f0fb>星币</color>能用于建设领地。每个建成的设施都会为探索提供增益。
61034171	21号	21号的领地，连天气都能够随意改变。
61036108	21号	首先，和21号一起建造这个建筑吧。
61036115	21号	部分地形与特定建筑<color=#57f0fb>相邻</color>时，可激活<color=#57f0fb>特殊效果</color>。
61036120	21号	再建造另一个建筑。这样一来，就算是做好了出发前的准备。
61036121	21号	在每个星球上，21号会获得<color=#57f0fb>行星专属</color>的<color=#57f0fb>地形图纸</color>。
61036125	21号	<color=#57f0fb>拖动</color>地形图纸至指定位置。
61033006	21号	道路上会有阻挡21号的敌人，相遇后会进入战斗。<color=#57f0fb>击败敌人</color>后，才能继续前进。
61037113	21号	有些建筑<color=#57f0fb>相邻</color>时，也会激活特殊效果。可通过效果上的<color=#57f0fb>激活标记</color>确认。
61037122	21号	有同伴受伤了，这样下去不行……！在训练场的旁边放置<color=#57f0fb>“曙光”水吧</color>，为同伴恢复生命值。
61032006	21号	经过<color=#57f0fb>诺曼星际矿场</color>时会获得<color=#57f0fb>星矿</color>，可用来建造新的建筑。
61032189	21号	为了击败领主，21号需要变得更强，点击建造一个<color=#57f0fb>星域训练场</color>为小队<color=#57f0fb>提升属性</color>。
61031006	21号	……接下来，21号会告诉你怎么做。
61031189	21号	21号会在星球上环游，每次环游会更新整个星球的<color=#57f0fb>进度</color>。这里会记录已完成的<color=#57f0fb>环游圈数</color>。
61031190	21号	这是<color=#57f0fb>星球领主</color>的<color=#57f0fb>降临进度</color>，进度随环游圈数增加。进度满时，将会降临在环游的<color=#57f0fb>起点</color>。
61031195	21号	这里可查看<color=#57f0fb>领主</color>的实力、属性以及降临时间。当小队实力满足推荐实力时，可<color=#57f0fb>提前召唤</color>领主。
61031199	21号	这里可以查看小队成员的实力信息。
61031202	21号	同时要注意同伴状态，当同伴<color=#57f0fb>生命值</color>不足时，将被强制遣返。全员被遣返时则<color=#57f0fb>旅途结束</color>。
61031204	21号	这里是<color=#57f0fb>建筑图纸</color>，将建筑放置在<color=#57f0fb>空地块</color>上即可完成建造。部分图纸是有<color=#57f0fb>数量限制</color>。
61031207	21号	点击建筑图纸或星球上的建筑模型，即可查看建筑的<color=#57f0fb>具体效果</color>。
61031210	21号	这里会展示不同建筑的效果，在建造前，可以先在这里确认建筑的详细信息。
61031213	21号	点击<color=#57f0fb>建筑图纸</color>将演示拖动建造的过程。
61031216	21号	如果不太清楚所在的星球适合建造哪些内容，就优先参考这里的<color=#57f0fb>建造推荐</color>。
61031218	21号	点击<color=#57f0fb>出发</color>，21号就会开始<color=#57f0fb>环游星球</color>。再次点击则会原地待命。那么，让我们出发吧！
61031224	21号	<color=#57f0fb>双指滑动屏幕</color>可调整视野范围，便于观察全局情况。
61038006	21号	这个星球的<color=#57f0fb>天气</color>……和之前的星球不一样。点击这里查看<color=#57f0fb>天气效果</color>。
61038113	21号	每个星球的<color=#57f0fb>天气效果</color>不同，同时天气会随着星球<color=#57f0fb>环游圈数</color>不断改变。
61039006	21号	星象馆的馆主似乎留下了礼物。
61039113	21号	点击图标查看<color=#57f0fb>道具效果</color>，<color=#57f0fb>拖动</color>即可使用。
61110121	赛利卡	欢迎来到<color=#57f0fb>余尘三重奏</color>，本次作战将由诺克提带领小队成员进行一次特殊冒险。
61110123	赛利卡	作战开始前，先了解本次新增的小队专属羁绊<color=#57f0fb>连携切换</color>系统，点击此处了解详情。
61110127	赛利卡	本次作战新增<color=#57f0fb>连携切换</color>的设定，特定时机触发，可召唤队友增援！
61110129	赛利卡	此外，三头犬小队成员都有不同的效果，点击此处可切换查看具体成员的技能。
61110133	赛利卡	<color=#57f0fb>浪行记事</color>可以了解三头犬小队的冒险故事。
61111121	赛利卡	<color=#57f0fb>悍野狂沙</color>已开启，可与不同BOSS进行对战。
61111125	赛利卡	点击芬里尔，即可进入挑战。
61120121	赛利卡	欢迎来到<color=#57f0fb>界限构解</color>。本次行动中，你将自己定制挑战关卡来挑战自己。
61120127	赛利卡	挑战关卡的时候要留意关卡的主题效果及特殊目标。
61121121	赛利卡	定制关卡难度，可以提升<color=#57f0fb>当前压力值</color>。
61121127	赛利卡	选择敌人可以增加对应压力值，还可以自行选择是否添加词缀。
61121134	赛利卡	当压力值满足特殊目标时可以获得活动积分，用于兑换本次活动玩法<color=#57f0fb>奖励</color>。
61121135	赛利卡	开始构建本次的挑战吧。
61122140	赛利卡	当关卡达成<color=#57f0fb>2积分</color>通关后，可以解锁关卡的<color=#57f0fb>困难模式</color>。
61122143	赛利卡	困难模式下可以选择<color=#57f0fb>更高难度</color>的敌人及词缀，获得<color=#57f0fb>更多积分</color>。
61130006	赛利卡	欢迎挑战<color=#57f0fb>噬潮逃生：时隙之潮</color>，本次挑战一共分为六个章节。
61130131	赛利卡	点击此处进入第一章。
61130163	赛利卡	注意观察这里的<color=#57f0fb>关卡机制</color>说明，后续关卡都会有各种机制，灵活<color=#57f0fb>运用机制</color>是通关的关键！
61130164	赛利卡	点击这里，可以开始本章节的挑战。
61131006	赛利卡	部分层数将设置<color=#57f0fb>策略节点</color>，不同类型的策略节点将提供不同种类的<color=#57f0fb>加成</color>。
61131160	赛利卡	在此处可以从<color=#57f0fb>三种策略中选择其一</color>，选择合适的策略将会使挑战事半功倍。
61210058	赛利卡	<color=#57f0fb>6星武器</color>可进行谐振，请选中武器。
61210066	赛利卡	提升谐振能级可开启<color=#57f0fb>谐振吸收</color>，选择一个<color=#57f0fb>意识套装</color>，计算<color=#57f0fb>套装效果时计数+2</color>。
61210068	赛利卡	点击此处可预览<color=#57f0fb>意识套装</color>的选择范围。
61210072	赛利卡	谐振所需素材可通过<color=#57f0fb>历战映射</color>玩法获得，点击<color=#57f0fb>谐振</color>，可以提升谐振能级。
61210079	赛利卡	<color=#57f0fb>6星武器</color>可进行谐振。
61210097	赛利卡	提升谐振能级可开启<color=#57f0fb>谐振吸收</color>，选择一个<color=#57f0fb>意识套装</color>，计算<color=#57f0fb>套装效果时计数+2</color>。
61210099	赛利卡	点击此处可预览<color=#57f0fb>意识套装</color>的选择范围。
61210101	赛利卡	谐振所需素材可通过<color=#57f0fb>历战映射</color>玩法获得，点击<color=#57f0fb>谐振</color>，可以提升谐振能级。
61220006	赛利卡	指挥官，欢迎来到<color=#57f0fb>远歌深潜</color>。在这里您将面对大量敌人，挑战全新的关卡。
61220160	赛利卡	点击对应插件，可查看各等级的<color=#57f0fb>插件效果</color>以及<color=#57f0fb>解锁、升级插件</color>所需求的道具数量。
61220163	赛利卡	首先介绍<color=#57f0fb>插件编辑功能</color>。
61220164	赛利卡	此处可查看当前<color=#57f0fb>已装备的插件</color>和剩余可使用的<color=#57f0fb>插件槽位</color>。
61221006	赛利卡	<color=#57f0fb>数据乱流</color>将在<color=#57f0fb>每日</color>于最新章节处刷新，每日均有<color=#57f0fb>1次</color>挑战机会。
61221163	赛利卡	数据乱流关卡内，达成通关条件即可通关，首次通关将获得<color=#57f0fb>远歌残片</color>。
61221165	赛利卡	本次活动分为数据乱流及常规挑战。所有关卡均只可携带<color=#57f0fb>1个角色</color>出战，且战斗内<color=#57f0fb>屏蔽伤害数字</color>。
61222006	赛利卡	常规关卡具有<color=#57f0fb>三星通关</color>条件，完成条件可以获得对应星级奖励。
61222163	赛利卡	达成领取条件后，可在此领取<color=#57f0fb>活动奖励以及远歌残片</color>。
61222165	赛利卡	完成三星条件累计星数，可以达成<color=#57f0fb>星级奖励</color>。
61230006	赛利卡	欢迎来到<color=#57f0fb>全境特遣·沙盘拟算</color>。本次行动将与全服指挥官们共同攻破区块，推进进度。
61230142	赛利卡	本次作战地图由若干个区块组合而成，当区块贡献度满足条件时将被攻破，从而解锁<color=#57f0fb>相邻区块</color>。
61230149	赛利卡	更多内容，请查看图文说明。
61230158	赛利卡	攻破不同类型的区块，可以获得不同的<color=#57f0fb>全服奖励</color>，对本次作战有更高的收益。
61230160	赛利卡	此外，每日区块作战、完成活动任务均可获得<color=#57f0fb>试作原型</color>，可以在<color=#57f0fb>特遣补给</color>兑换丰厚的奖励。
61231142	赛利卡	当区块进度为100%时将被攻破，区块攻破后，可获得对应<color=#57f0fb>全服奖励</color>。
61231143	赛利卡	消耗浮点算力可参与战斗，关卡内<color=#57f0fb>评分越高</color>，获得<color=#57f0fb>奖励越丰富</color>。
61231149	赛利卡	选择派遣的指挥官，可以<color=#57f0fb>无需参与作战</color>，消耗浮点算力，获得<color=#57f0fb>固定奖励</color>。
61232142	赛利卡	成功攻破对应<color=#57f0fb>角色区块</color>后，可获得对应<color=#57f0fb>特遣角色和角色作战增幅</color>。
61232143	赛利卡	解锁收集更多的特遣角色，可以额外获得更多的<color=#57f0fb>试作原型</color>。
61233142	赛利卡	攻破<color=#57f0fb>增幅区块</color>，获得增幅序列，将提升<color=#57f0fb>增幅等级</color>。
61233143	赛利卡	增幅等级提升，全队可获得对应<color=#57f0fb>基础属性加成</color>。
61233145	赛利卡	同时可以解锁特殊<color=#57f0fb>关卡增益</color>，将在后续区块关卡中提供作战能力。
61234142	赛利卡	<color=#57f0fb>阶段战果</color>内将产出一定数量的试作原型，<color=#57f0fb>将随时间逐渐增长</color>。
61234151	赛利卡	随着四个区域的暗区被攻破，产出货币的<color=#57f0fb>效率</color>将提升。
61240041	赛利卡	欢迎来到<color=#57f0fb>历战映射</color>，每期活动将持续14天。
61240112	赛利卡	系统会根据指挥官等级将指挥官分配到对应的区域。
61240114	赛利卡	请点击前往作战。
61241041	赛利卡	此处显示当前作战需要挑战的<color=#57f0fb>一系列敌人</color>。
61241112	赛利卡	此处可提前查看作战关卡内的敌人词缀。
61241114	赛利卡	组建队伍进行挑战后将<color=#57f0fb>不可更换队伍配置</color>，队伍在每场战斗中的<color=#57f0fb>血量与必杀能量</color>都将被继承。
61241125	赛利卡	在玩法中可以<color=#57f0fb>手动重置关卡</color>，<color=#57f0fb>结算</color>已获得的累计算符后，关卡设置恢复<color=#57f0fb>初始状态</color>。
61241127	赛利卡	重置后再次挑战关卡，<color=#57f0fb>仍然可以获得算符奖励</color>。
61242041	赛利卡	根据关卡挑战后获得的<color=#57f0fb>累计算符</color>，可以领取对应奖励，<color=#57f0fb>活动重置后奖励也将刷新</color>。
61242112	赛利卡	每一组关卡会拥有独特的<color=#57f0fb>成就奖励</color>，完成关卡挑战后即可领取，<color=#57f0fb>成就奖励不会被重置</color>。
61235156	赛利卡	当前为<color=#57f0fb>重复演练</color>时间，仍可消耗浮点算力作战，但不再提供区块贡献。
61235159	赛利卡	重复演练时参与作战，战斗结算将获得<color=#57f0fb>定额的</color>试作原型。
61300101	赛利卡	欢迎来到<color=#57f0fb>鹊巧祈星</color>，点击<color=#57f0fb>新的一局</color>，即可开始挑战。
61300109	赛利卡	指挥官需要猜测下一张扑克牌比右侧当前目标<color=#57f0fb>大</color>或是<color=#57f0fb>小</color>。
61300112	赛利卡	每<color=#57f0fb>猜测3次</color>后可以获得<color=#57f0fb>1个可用提示</color>，使用提示后即可直接知道下一张扑克牌的大小。
61300121	赛利卡	完成活动任务可以获得<color=#57f0fb>鹊梁偕守</color>。
61300123	赛利卡	在角色剧情中可以给对应角色赠送鹊梁偕守，解锁角色的<color=#57f0fb>专属剧情</color>。
61310101	碧碧	碧碧知道你很迷惑，但是你已经没有<color=#57f0fb>时间</color>了嗷呜。
61310126	碧碧	必须立刻开始一次模拟<color=#57f0fb>演算</color>嗷呜。
61310141	碧碧	根据你当前的能力来选择演算难度，难度越大，获得的回报也会越丰厚嗷呜。
61310143	碧碧	先挑简单的试试手吧嗷呜。
61319101	碧碧	演算中<color=#57f0fb>出战过的成员</color>会获得<color=#57f0fb>影印经验</color>，获得经验可以提升他们的影印等级嗷呜。
61319112	碧碧	<color=#57f0fb>调制解调器</color>可在潜质抉择激活能力，为演算提供增益嗷呜~
61319114	碧碧	角色精通等级提升可获得<color=#57f0fb>调制解调器</color>，不同角色可以获取的调制解调器总数也不同嗷呜。
61319117	碧碧	<color=#57f0fb>潜质抉择</color>的节点需要消耗<color=#57f0fb>调制解调器</color>激活，激活后可为后续演算提供各种增益嗷呜。
61318101	碧碧	这里有演算过程中设定的各种目标，达成后可以获得<color=#57f0fb>数据储存器</color>嗷呜。
61318112	碧碧	<color=#57f0fb>数据储存器</color>可以提升<color=#57f0fb>虚像逸闻</color>等级，等级提升后可获得其中对应的奖励嗷呜~
61317101	碧碧	这里是<color=#57f0fb>鲨士多</color>，你可以用宝贵的<color=#57f0fb>算力单元</color>跟我交换想要的东西嗷呜。
61316101	碧碧	获得了一件<color=#57f0fb>秘藏品</color>嗷呜，秘藏品会提供对演算有益的各种增幅效果，而且<color=#57f0fb>对全队所有成员</color>生效。
61316111	碧碧	根据当前队伍成员的需要，灵活选择吧。
61315101	碧碧	获得了更多<color=#57f0fb>招募能量</color>，可以招募更多角色了嗷呜。
61315157	碧碧	招募能量可以将已有成员替换成消耗更高的<color=#57f0fb>其他成员</color>，或者招募<color=#57f0fb>更多成员</color>嗷呜。
61315159	碧碧	还有招募能量时，可以选择空位<color=#57f0fb>招募更多成员</color>嗷呜。
61315164	碧碧	差点忘了，这里可以<color=#57f0fb>调整出战队伍</color>的队长和位置嗷呜。
61314101	碧碧	你现在可以选择一件<color=#57f0fb>装备</color>，装备能够为穿戴的角色提供各种强大增益嗷呜。
61314157	碧碧	每件装备都属于一个<color=#57f0fb>套装</color>，集齐一个套装中的<color=#57f0fb>所有</color>装备后还可获得<color=#57f0fb>套装增益</color>嗷呜。
61314159	碧碧	每个角色身上穿戴的<color=#57f0fb>套装数目</color>有一定限制，同一套装的单件装备不受该限制。谨慎选择吧嗷呜。
61311151	碧碧	完成演算需要更多成员的帮助，招募成员加入吧嗷呜。
61311153	碧碧	招募成员后再<color=#57f0fb>开始演算</color>吧嗷呜。
61313101	碧碧	这里可以查看当前成员的<color=#57f0fb>装备详情</color>嗷呜。什么是装备嗷呜？待会你就知道了嗷呜。
61313157	碧碧	点击这里可以触发<color=#57f0fb>节点事件</color>，推进演算的进度嗷呜。
61312101	碧碧	招募成员需要消耗<color=#57f0fb>招募能量</color>，不同成员消耗的<color=#57f0fb>招募能量</color>也不同嗷呜。
61312157	碧碧	<color=#57f0fb>招募能量</color>有一定上限，在演算过程中可以持续获得嗷呜。
61312159	碧碧	演算过程中可以<color=#57f0fb>随时更换</color>招募成员，成员离开时会<color=#57f0fb>全额返还</color>招募能量。先选择一名同伴吧嗷呜。
61325006	露西亚	指挥官，升级餐厅等级可以解锁更多效果。每升级1次餐厅也会<color=#57f0fb>装修翻新</color>一遍！
61325189	露西亚	点击<color=#57f0fb>等级页签</color>可查看下一级效果。
61325192	露西亚	满足升级条件，花费一定的<color=#57f0fb>冰城纪念币</color>即可升级。
61324006	露西亚	热销菜品售卖单价会比基础单价高，<color=#57f0fb>售卖当日热销菜品</color>可获得更多<color=#57f0fb>冰城纪念币</color>。
61323006	露西亚	餐厅员工有自己的技能，<color=#57f0fb>升级员工</color>能<color=#57f0fb>缩短产出时间/提高售卖价格</color>。
61323189	露西亚	指挥官可以在这里使用<color=#57f0fb>冰城纪念币</color>雇佣/升级员工。
61323192	露西亚	餐厅拥有的员工数量是有<color=#57f0fb>上限</color>的，指挥官可以<color=#57f0fb>升级餐厅</color>等级提高上限。
61322006	露西亚	到饭点了，我们去<color=#57f0fb>售卖区</color>准备开始营业吧。
61322192	露西亚	准备<color=#57f0fb>售卖菜肴</color>了，请点击售卖台。
61322211	露西亚	选择想要售卖的菜肴，为了赚取更多<color=#57f0fb>冰城纪念币</color>，优先选择带有<color=#57f0fb>热销</color>标记的菜肴。
61322214	露西亚	移步到<color=#57f0fb>售卖区</color>进行工作分配。
61322216	露西亚	收银台存放的冰城纪念币<color=#57f0fb>达到上限</color>后，售卖区将停止工作，指挥官要记得<color=#57f0fb>手动领取</color>收银台的收入。
61322219	露西亚	更多详细说明请看图文教程。
61322224	露西亚	到饭点了，我们去<color=#57f0fb>售卖区</color>准备开始营业吧。
61322234	露西亚	这里有员工在工作了，指挥官已经学会安排员工进行售卖工作。
61322237	露西亚	菜肴被成功售出后，冰城纪念币将被<color=#57f0fb>临时存放在收银台</color>，接下来介绍收银台功能。
61321006	露西亚	菜肴的食材快要不足了，需要安排员工<color=#57f0fb>准备食材</color>，指挥官快移步到<color=#57f0fb>备菜区</color>进行员工安排。
61321192	露西亚	<color=#57f0fb>准备食材</color>需要点击备菜台。
61321211	露西亚	<color=#57f0fb>急需</color>标志代表该食材6小时后将被<color=#57f0fb>消耗</color>完，我们<color=#57f0fb>优先制作</color>【急需】食材。
61321218	露西亚	这里有员工在工作了，指挥官已经学会安排员工进行备菜工作。
61320006	露西亚	<color=#57f0fb>露记冰城</color>开业啦，露记冰城指挥官，进店看看吧~
61320192	露西亚	选择需要烹饪的<color=#57f0fb>菜肴</color>。
61320194	露西亚	点击<color=#57f0fb>确认</color>。
61320200	露西亚	请指派合适的<color=#57f0fb>员工</color>进行烹饪工作。
61320213	露西亚	这里有员工在工作了，指挥官已经学会安排员工进行烹饪工作。
61320215	露西亚	这是<color=#57f0fb>休憩</color>功能，点击即可终止所有工作，方便更换<color=#57f0fb>餐厅员工布局</color>。
61320217	露西亚	一开业就消极怠工可不对，别偷懒了，指挥官，要担负起振兴店铺的责任啊。
61320219	露西亚	从<color=#57f0fb>烹饪菜肴</color>开始介绍吧，请点击烹饪台。
61320230	露西亚	<color=#57f0fb>色味俱佳</color>是员工技能加成，选择对当前菜肴有技能加成的员工，可以提高菜肴的产出速度。
61320232	露西亚	丽芙很擅长烹饪，选择丽芙。
61320233	露西亚	点击<color=#57f0fb>确认</color>，确定选择该员工工作。
61320235	露西亚	再次确认，员工就开始工作啦！
61320238	露西亚	从<color=#57f0fb>烹饪菜肴</color>开始介绍吧，请点击烹饪台。
61320243	露西亚	从<color=#57f0fb>烹饪菜肴</color>开始介绍吧，请点击烹饪台。
61326006	露西亚	<color=#57f0fb>增益</color>功能开启啦，合理分配各个区域增益，可以大幅提高餐厅产出速度和收益。
61326201	露西亚	这里显示备菜区<color=#57f0fb>正在生效的增益和工作中的员工</color>。
61326203	露西亚	点击<color=#57f0fb>更换增益</color>，打开增益列表。
61326207	露西亚	不同增益的<color=#57f0fb>小队组合</color>对<color=#57f0fb>特定食材/菜肴</color>有额外<color=#57f0fb>加成效果</color>。
61326209	露西亚	这里显示当前增益的<color=#57f0fb>生效员工</color>，<color=#57f0fb>员工选择界面</color>会显示当前生效的增益加成。
61326211	露西亚	这里显示当前增益的<color=#57f0fb>生效食材/菜肴</color>以及<color=#57f0fb>加成效果</color>。只要<color=#57f0fb>工作员工是当前增益小队成员</color>，即可生效。
61326213	露西亚	<color=#57f0fb>升级餐厅/消耗冰城纪念币</color>可以解锁更多增益。
61326216	露西亚	这里显示当前增益对<color=#57f0fb>功能区的生效预览</color>，合理选择增益，使<color=#57f0fb>增益尽量覆盖更多的员工</color>。
61333181	赛利卡	本次行征可设定<color=#57f0fb>支援角色</color>协助指挥局其余玩家参与作战！
61333185	赛利卡	选择适合本次行征的角色设定支援，可在支援面板中直接调整武器和意识。
61333190	赛利卡	支援设定完毕后，根据支援时间及被使用次数可获得行征补给，指挥官注意及时领取。
61334198	赛利卡	本次BOSS被击败后，将会<color=#57f0fb>复活并升级</color>，可再次挑战获得奖励。
61334204	赛利卡	战斗内击破BOSS霸体后，全队可以获得强化。
61335108	赛利卡	BOSS等级达到3级后，可以<color=#57f0fb>自选模式</color>进行挑战！
61332149	赛利卡	更多内容请查阅图文教程
61332165	赛利卡	抵达作战区域前，指挥官需消耗对应物资前往对应区域。
61332172	赛利卡	到达作战区域后，消耗物资可参与作战。通关时间越短，对敌人造成伤害越高。
61332181	赛利卡	此处为资源保障区，在进攻危险区域时需时刻留意并保护己方的资源保障区。
61332184	赛利卡	点击相邻的危险区域，可向前行进。
61332186	赛利卡	<size=38>每次作战将对敌人造成一定伤害，对应区域敌人的剩余血量将在这里显示，完全击杀敌人则可前往下个区域。</size>
61332218	赛利卡	点击返回上一层。
61332221	赛利卡	本次作战还新增<color=#57f0fb>孤崖关塞</color>节点，通关后才可挑战后续节点，根据击杀怪物波次，获得积分。
61331152	赛利卡	每轮开始时，由<color=#57f0fb>会长</color>选择难度<color=#57f0fb>成员战力</color>及<color=#57f0fb>活跃度</color>要求依次提升，请谨慎选择。
61331154	赛利卡	若未能及时处理，系统将<color=#57f0fb>自动选择</color>难度。
61331168	赛利卡	点击可以查看<color=#57f0fb>地图布局</color>。
61330006	赛利卡	<color=#57f0fb>众志行征</color>共<color=#57f0fb>3轮战斗</color>，须在各<color=#57f0fb>轮次开启前</color>进入，才<color=#57f0fb>可参与</color>对应轮次的战斗。
61330185	赛利卡	<color=#57f0fb>众志行征</color>共<color=#57f0fb>3轮战斗</color>，须在各<color=#57f0fb>轮次开启前</color>进入，才<color=#57f0fb>可参与</color>对应轮次的战斗。
50610001	赛利卡	成员进化，可以提高成员战斗力。
50610002	赛利卡	选中露西亚·红莲。
50610003	赛利卡	当前红莲机体的品质为B级。
50610004	赛利卡	选中<color=#57f0fb>品质球</color>。
50610005	赛利卡	每个品质包含若干<color=#57f0fb>阶段</color>，可展开查看对应阶段激活后的<color=#57f0fb>效果</color>。
50610006	赛利卡	消耗该成员的<color=#57f0fb>逆元碎片</color>，可激活阶段效果。解锁当前所有阶段，可进化品质。
50610007	赛利卡	可通过<color=#57f0fb>研发</color>获取更多成员的逆元碎片，来进一步提升成员品质。
50612001	露西亚	指挥官，我感觉到机体性能得到了不小的提升。一起来测试下机体升级后的性能吧。
50613001	赛利卡	S级构造体<color=#57f0fb>露西亚·深红囚影</color>已解锁。
50613002	赛利卡	一键领取第一阶段的任务奖励。
50614001	赛利卡	已获得<color=#57f0fb>深红囚影</color>机体。
50614002	赛利卡	接下来是特训时间！
61340108	赛利卡	指挥官，我们对成员系统进行了调整，让我为您介绍本次更新。
61340111	赛利卡	此处可收起及展开成员筛选列表，展开时可根据能量进行分类。
61340112	赛利卡	成员培养功能进行拆分，成员进化及解放可在外部直接进入。
61340114	赛利卡	<color=#57f1fb>意识</color>入口放入折叠页签，指挥官可以随时点击展开页签查看当前成员携带的意识详情。
61410108	蕾奥妮	欢迎来到<color=#57f0fb>箱庭棋域</color>。本次行动将以回合制形式进行。
61410111	蕾奥妮	使用BRS迎战白方棋子，<color=#57f0fb>击败白方国王</color>取得对局胜利！
61410112	蕾奥妮	移动完毕后，点选图标释放攻击。
61410114	蕾奥妮	点击<color=#57f0fb>蓝色区域可调整攻击位置</color>。
61410118	蕾奥妮	点击<color=#57f0fb>高亮区域可进行移动。</color>\n进入<color=#57f0fb>红色区域，回合结束时会受到敌人攻击</color>，进入时请谨慎考虑。
61410120	蕾奥妮	<color=#57f0fb>岩石炮可对目标中心点造成更多伤害</color>，通过调整位置来攻击更多单位。
61410123	蕾奥妮	点击“确定”执行攻击！
61410124	蕾奥妮	调整站位，从侧翼攻击白方棋子。
61410134	蕾奥妮	尝试击败白方国王！
61411108	蕾奥妮	本关将介绍白方棋子的基本信息和应对策略。
61411111	蕾奥妮	在移动状态时，点击白方棋子，可查看该棋子的移动范围和行动倒计时。
61411112	蕾奥妮	红色区域代表棋子的移动范围&攻击区域，若<color=#57f0fb>BRS在回合结束时位于红色区域，则会被白方棋子吃掉</color>。
61411118	蕾奥妮	棋子右下角表示棋子多少回合后移动，如变成<color=#57f0fb>移动标记时，代表即将移动</color>。
61411119	蕾奥妮	再次击败白方国王，获得对局胜利！
61412108	蕾奥妮	BRS解锁了新的能力——能量值，屏幕右下角可查看剩余能量值。
61412150	蕾奥妮	回合开始时回复一点，每击杀一个单位也可以回复一点能量。
61413108	蕾奥妮	能量到达4点，点击释放闪光射击！
61413150	蕾奥妮	闪光射击中心点可造成更多伤害，溅射地带伤害可击杀骑士。
61413155	蕾奥妮	继续完成本次作战吧！
61414108	蕾奥妮	盘面过于复杂时，可以尝试使用顶视模式，更好的查看战局！
61415108	蕾奥妮	白方主教加入战团！
61415151	蕾奥妮	点击可查看主教特性&移动区域，请谨慎应对。
61416108	蕾奥妮	BRS获得了新技能，消耗8点能量释放全弹爆发！
61416150	蕾奥妮	全弹爆发大招中心点可秒杀城堡，溅射区域可秒杀主教。
61416155	蕾奥妮	继续完成本次作战吧！
61417108	蕾奥妮	BRS得到了漆黑之刃，灵活的斩击可对单体敌人造成大量伤害。
61417150	蕾奥妮	前往主教身前，进行近战斩击。
61417153	蕾奥妮	漆黑之刃的攻击命中敌人后，可获得一个额外回合。
61417155	蕾奥妮	切换成黑刃后，移动距离获得提升，更加灵活。
61417161	蕾奥妮	漆黑之刃的普攻可秒杀主教，发动进攻！
61417163	蕾奥妮	<color=#57f0fb>额外回合造成的伤害将下降3点</color>，继续发起进攻。
61417172	蕾奥妮	焰燃我心为增益技能，释放后本回合伤害提升1，且可以越过前排敌方棋子，直接攻击后排棋子。
61417175	蕾奥妮	利用漆黑之刃，穿越白方棋子，直击国王！
61418108	蕾奥妮	白方城堡加入战团！
61418155	蕾奥妮	城堡血量为7，十字方向移动，可被焰气动斩秒杀。
61418161	蕾奥妮	注意靠近棋盘底线的士兵。
61418178	蕾奥妮	当士兵到达底线时，会升变为除国王外的任意单位，请谨慎应对！
61419108	蕾奥妮	BRS获得了焰气动斩，快切换武器试试吧！
61430101	赛利卡	欢迎来到<color=#57f0fb>奔行日夜</color>。在本次活动中，指挥官的选择将影响<color=#57f0fb>终末关卡的挑战</color>。
61430136	赛利卡	本次活动将分为超频裂缝、本我牢笼两部分，首先进入<color=#57f0fb>超频裂缝</color>。
61430140	赛利卡	超频裂缝中，指挥官将面对不同的章节环境，点击页签进入章节。
61431109	赛利卡	每个章节拥有若干节点关卡，需要<color=#57f0fb>优先突破节点关卡</color>，才能解锁终末关卡。
61431112	赛利卡	指挥官需要为突破节点<color=#57f0fb>选择合适的节点效果</color>。在此可以查看节点的环境效果。
61431121	赛利卡	指挥官可在此选择节点效果，<color=#57f0fb>节点效果将带入关卡中</color>。合理选择对自己有利的效果进行攻略。
61431139	赛利卡	首次进入章节，将显示本章拥有的<color=#57f0fb>所有特性效果</color>。
61432138	赛利卡	突破节点后，<color=#57f0fb>成功突破的节点效果将继承至终末关卡</color>。点击此处可查看终末关卡获得的节点效果。
61433138	赛利卡	<color=#57f0fb>突破所有节点后将解锁终末关卡突破节点后</color>，此时指挥官可进行挑战终末关卡。
61433140	赛利卡	指挥官也可使用<color=#57f0fb>重置章节</color>按钮，重置章节进度，重新选择节点效果。已通关的节点可使用“自动作战”通关。
61433142	赛利卡	指挥官还可点击节点，<color=#57f0fb>重置单个节点通关进度</color>，重新选择节点效果。
61420108	蕾奥妮	进入困难对局后，<color=#57f0fb>部分棋子带有词缀</color>。
61420110	蕾奥妮	点击右上角带有标记的棋子，可查看词缀效果。
61420112	蕾奥妮	从本关开始，白方棋子会呼叫<color=#57f0fb>增援</color>。
61420115	蕾奥妮	倒计时结束后，增援的棋子会出现在棋盘中，请小心应对。
61421108	蕾奥妮	本关卡中，主教不会受到伤害。
61421115	蕾奥妮	可使用闪光射击、全弹爆发的眩晕效果进行控制！
61440176	露西亚	指挥官，欢迎来到特别派对——<color=#57f0fb>舞动绮音</color>！
61440179	露西亚	活动内的不同曲目将随时间逐一开放，指挥官可以随时随地进行游玩。
61440181	露西亚	接下来先为指挥官讲解一下本次指引，希望您能更快融入这个派对中！
61440184	露西亚	本次派对需要根据当前曲目要求，满足对应的上阵成员数量哦！
61512006	赛利卡	<color=#57f0fb>特殊挑战</color>已开启！指挥官现在可以点击进入挑战。
61512147	赛利卡	特殊挑战里，鲨士碧儿的行动单位为<color=#57f0fb>时间</color>，在关卡时间内可<color=#57f0fb>自由行动</color>。
61512156	赛利卡	点击查看BOSS详情。
61511006	赛利卡	点击两个<color=#57f0fb>相邻信号球</color>进行交换，三个及以上同色信号球连成线时可以消除。
61511131	赛利卡	消除达成Combo可以获得<color=#57f0fb>终结能量</color>，存储足够的终结能量可释放终结技能，释放后将短暂冷却。
61511135	赛利卡	留意此处，<color=#57f0fb>剩余条件为0</color>时则本局结束。
61511151	赛利卡	此处可以随时查看BOSS<color=#57f0fb>下一个技能倒计回合数及Buff效果</color>。
61510006	赛利卡	欢迎来到<color=#57f0fb>链合回路·移风破斗</color>！通过消除信号球对Boss造成伤害，消除越多，分数越高。
61510132	赛利卡	选择一个BOSS进入战斗准备。
61510138	赛利卡	点击更换角色，可以更换上场角色。
61510140	赛利卡	此处可查看每个角色不同的<color=#57f0fb>技能效果</color>。
61510142	赛利卡	此外，每个角色携带的<color=#57f0fb>能量属性</color>，与对战的BOSS弱点属性对应时，将造成额外伤害。
61510147	赛利卡	进入下一步战斗准备。
61510149	赛利卡	角色可携带最多3个<color=#57f0fb>副技能</color>。完成每日任务获取<color=#57f0fb>信号扩散装置</color>，在活动商店可以购买更多副技能。
61510153	赛利卡	更多内容请查阅<color=#57f0fb>图文说明</color>。
61510156	赛利卡	点击可查看对应BOSS详情，可以针对Boss的<color=#57f0fb>特性</color>决定策略。
61523005	赛利卡	<color=#57f0fb>益想映像</color>达到100%时，点击将在区域内生成<color=#57f0fb>特殊关卡</color>。
61523069	赛利卡	完成区域作战会累计<color=#57f0fb>福音值</color>。当福音值<color=#57f0fb>达到上限</color>后可以进入福音映像关卡。
61523078	赛利卡	福音映像中<color=#57f0fb>稀有插件的获取概率</color>更高，点击此处可以查看奖励信息。
61522069	赛利卡	可消耗作战获得的<color=#57f0fb>意识突触</color>增幅<color=#57f0fb>全队属性</color>。每项增幅属性点的上限相同，可以通过清理不稳定区域获取道具来提高点数上限。
61522072	赛利卡	点击这里，可将当前增幅方案保存为<color=#57f0fb>模板</color>。通过套用模板可快速替换增幅方案。
61522074	赛利卡	每项增幅属性点都对应有一种<color=#57f0fb>特殊属性</color>，辅助您继续向深处探索。
61522076	赛利卡	当增幅属性点达到<color=#57f0fb>指定等级</color>后，即可获得特殊属性。
61522078	赛利卡	<color=#57f0fb>知觉增幅</color>装置已修复，让我们赶紧看看吧，指挥官！
61522082	赛利卡	更多内容请查阅<color=#57f0fb>图文说明</color>。
61521005	赛利卡	点击这里，可以为当前角色<color=#57f0fb>装载插件</color>。
61521065	赛利卡	插件会为角色提供强力的<color=#57f0fb>战斗效果</color>，但也会占用角色<color=#57f0fb>负载</color>。
61521068	赛利卡	刚才的作战中获得了一些插件，可以为角色进行装载。
61521076	赛利卡	<color=#57f0fb>负载</color>可通过清理不稳定区域获得道具来<color=#57f0fb>提高</color>。
61521079	赛利卡	更多内容请查阅<color=#57f0fb>图文说明</color>。
61520005	赛利卡	远程链接成功，很好，听得见我说话吗指挥官？
61520067	赛利卡	这里是混乱的意识空间，由浅到深共分为<color=#57f0fb>6层</color>区域。这里可以查看层区的具体信息。通过探测让区域稳定后，才能<color=#57f0fb>链接到下一区域</color>。
61520068	赛利卡	让我们先进入对应层区吧。
61520070	赛利卡	每个意识层包含多个不稳定区域。区域稳定后才能链接到下一区域，区域所处<color=#57f0fb>位置越深</color>，遇到的<color=#57f0fb>敌人越强</color>。
61520072	赛利卡	让我们先稳定1km区域的情况吧。
61520079	赛利卡	大部分区域的敌人都是随机生成并具有随机词缀。点击可以查看各个敌人身上的<color=#57f0fb>词缀效果</color>。
61520081	赛利卡	如果遇到比较难以对付敌人和词缀，建议尝试<color=#57f0fb>重构</color>该区域。
61520083	赛利卡	基础说明已经完毕，请开始清理1km区域吧，指挥官。
61520089	赛利卡	完成区域探测可以获得各种<color=#57f0fb>奖励</color>，点击这里可以查看。
61524005	赛利卡	<color=#57f0fb>聚融所</color>也修复完成，让我们看看吧！
61524069	赛利卡	在聚融所中，可以消耗意识突触兑换任意<color=#57f0fb>未获得</color>的插件。
61524074	赛利卡	点击这里进入聚融所。
61524078	赛利卡	在聚融所购买6星插件时也有概率获得对应的<color=#57f0fb>超源插件</color>。并且获得超源插件前都可以<color=#57f0fb>反复购买</color>。
61525005	赛利卡	<color=#57f0fb>收集指定星级的插件</color>达到一定数量后，即可激活对应的强化效果。每个星级的插件收集都对应有五个强化效果，点击可以查看详细。
61525068	赛利卡	指挥官，收集不同类型的插件可以获得<color=#57f0fb>集权升阶</color>的强化，请在这里查看一下。
61525075	赛利卡	点击这里可以查看当前生效的所有<color=#57f0fb>已生效</color>集权升阶效果的总和。
52902030	赛利卡	离群点的BOSS不会重置，挑战不消耗<color=#57f0fb>挑战次数</color>和<color=#57f0fb>角色耐力</color>
52902085	赛利卡	挑战BOSS可完成相关成就任务，可获得<color=#57f0fb>幻痛伤痕</color>奖励，点击可查看成就任务完成情况
61526005	赛利卡	指挥官，真质映层中开启新的<color=#57f0fb>时序</color>了，让我们一起来看看吧！
61526070	赛利卡	真质映层中的关卡都需要通过<color=#57f0fb>90km</color>的跃升来解锁，我们先来看看90km。
61526079	赛利卡	真质映层中，关卡会根据<color=#57f0fb>时序</color>不同而具有不同的<color=#57f0fb>关卡特性</color>。
61526081	赛利卡	时序会随着活动时间变化，每次开启<color=#57f0fb>新时序</color>时还会解锁<color=#57f0fb>新的插件、任务、商品</color>。
61527030	蒲牢	指挥官，这是九龙时下流行的行商游戏——<color=#57f0fb>九龙一商</color>，现在就由蒲牢我来带你走上富商之路吧！
61527088	蒲牢	还不知道怎么玩没关系，我来教你，指挥官这么聪明，肯定一下子就能学会的。
61527098	蒲牢	先点击这里开始吧。
61527103	蒲牢	每个关卡有一定数量<color=#57f0fb>季度限制</color>，完成规定季度的经营后，视为通关关卡，可获得首通奖励。
61527106	蒲牢	达成<color=#57f0fb>挑战目标</color>即可获得额外的一次性奖励。
61527108	蒲牢	让我们正式开始吧~
61528030	蒲牢	这是<color=#57f0fb>主城</color>，我们的旅程就从这里开始！
61528134	蒲牢	指挥官，先以这个<color=#57f0fb>城邦</color>为目标前进吧，如果能顺利到达城邦，后续的贸易就能获得<color=#57f0fb>更高收益</color>。
61528135	蒲牢	出发吧指挥官，先踏出行商之旅的第一步！
61529030	蒲牢	接下来是经营的核心环节，每个季度主城都会<color=#57f0fb>生产货物</color>，我们一起安排本季度的生产规划吧。
61529114	蒲牢	总共有<color=#57f0fb>三种商品</color>，商品各有特色但每个季度只能<color=#57f0fb>生产其中一种</color>。
61529116	蒲牢	这里会展示单件商品<color=#57f0fb>售价</color>，商品售价会受到多方面的影响，指挥官可以<color=#57f0fb>点击图标</color>查看详细内容。
61529131	蒲牢	这里会展示商品<color=#57f0fb>每个季度的产量</color>，要查看更详细的信息也同样是点击<color=#57f0fb>感叹号</color>哦。
61529133	蒲牢	<color=#57f0fb>生产力</color>对每个季度产量的影响最大，每增加一点生产力，都会增加一倍的产量。
61529135	蒲牢	这里会根据商品的单价与产量<color=#57f0fb>估算</color>每个季度生产该商品的<color=#57f0fb>总价值</color>。
61529137	蒲牢	工艺品虽然看着一般，但如果产生暴击就会获得超高收益，是我最喜欢的商品，就先试试它吧。
61529139	蒲牢	作为新手福利，我会帮指挥官把前两个季度的暴击率调高，敬请期待吧！
61529144	蒲牢	该做的都已经做了，<color=#57f0fb>探索点</color>也不够了，需要到<color=#57f0fb>下个季度</color>才会恢复。
61529147	蒲牢	先休息一下，等待下个季度<color=#57f0fb>回复探索点</color>吧。
61530030	蒲牢	成功暴击！生产暴击会大幅提高本季度的产量，大量的<color=#57f0fb>工艺品</color>已经入库，这个季度可以进行<color=#57f0fb>贸易</color>了。
61530112	蒲牢	贸易前需要注意，各种商品的售价每个季度都会有<color=#57f0fb>波动</color>，在波动较高时售出能赚到更多铜钱
61530120	蒲牢	贸易前需要注意，各种商品的售价每个季度都会有<color=#57f0fb>波动</color>，在波动较高时售出能赚到更多铜钱
61531030	蒲牢	点击<color=#57f0fb>贸易</color>按钮就可以制定这个季度<color=#57f0fb>出售商品</color>的计划。
61531112	蒲牢	拖动这里可以调整<color=#57f0fb>出售数目</color>。
61531129	蒲牢	前面提到过的每<color=#57f0fb>季度价格波动</color>等多种因素都会影响商品的<color=#57f0fb>售价</color>，同样是<color=#57f0fb>点击图标</color>可以查看详细。
61531136	蒲牢	这里会展示本次出售工艺品的<color=#57f0fb>预计收入</color>，自动计算真是帮大忙了。
61531138	蒲牢	将规划好要出售的商品装车，就会在<color=#57f0fb>回合结束</color>时统一进行<color=#57f0fb>出售</color>，如果有需要也可以随时修改。
61531141	蒲牢	除了在价格较高时出售外，如果商品的<color=#57f0fb>库存</color>快到<color=#57f0fb>上限</color>了也需要及时出售，避免损失。
61531142	蒲牢	想要查看商品的<color=#57f0fb>库存情况</color>就点这里吧！
61531151	蒲牢	好，触发暴击了！<color=#57f0fb>生产暴击</color>会大幅<color=#57f0fb>提高本季度产量</color>，大量工艺品入库，可以准备去进行<color=#57f0fb>贸易</color>了。
61531153	蒲牢	差点忘记说了，商品的<color=#57f0fb>售价</color>每个季度都会在<color=#57f0fb>一定范围</color>内发生<color=#57f0fb>波动</color>，记得在波动值较高时售出哦。
61531157	蒲牢	正好这个季度工艺品的价格波动就处于比较高的水准，这就去尝试一下贸易吧！
61531162	蒲牢	本季度工艺品的销售<color=#57f0fb>必定暴击</color>，建议<color=#57f0fb>全部出售</color>。
61532030	蒲牢	探索过程中遇到秘藏格子可以获得<color=#57f0fb>秘藏</color>，为我们的经商和旅行提供各类<color=#57f0fb>加成效果</color>。
61532129	蒲牢	根据<color=#57f0fb>想要生产的商品</color>和<color=#57f0fb>已经获得的秘藏</color>，选择指挥官喜欢的秘藏吧！
61533030	蒲牢	指挥官，<color=#57f0fb>主城升级</color>所需要的<color=#57f0fb>行商经验</color>足够啦，我们可以准备升级主城了！
61533092	蒲牢	点击<color=#57f0fb>后续等级</color>可预览主城升级后的<color=#57f0fb>加成效果</color>。
61533095	蒲牢	<color=#57f0fb>行商经验</color>主要通过旅途中的<color=#57f0fb>探索</color>获取。
61533098	蒲牢	<color=#57f0fb>铜钱</color>的话，就要通过出售货物获取。
61533108	蒲牢	提升主城等级的好处可多了，能提升<color=#57f0fb>生产力</color>和<color=#57f0fb>探索点上限</color>、还能<color=#57f0fb>解锁新的可探索区域</color>。
61533111	蒲牢	指挥官如果有不确定如何行动的时候，就<color=#57f0fb>以升级主城</color>为目标吧！
61534030	蒲牢	到达<color=#57f0fb>新的城邦</color>了，跟他们建立贸易可以立即获得大量<color=#57f0fb>商品售价加成</color>。
61534112	蒲牢	每个城邦还有自己的<color=#57f0fb>城邦任务</color>，完成任务取得信任后，他们还会提供更多的<color=#57f0fb>额外加成</color>。
61534129	蒲牢	能探索到的<color=#57f0fb>城邦位置</color>我都帮指挥官标记出来啦。探索时记得<color=#57f0fb>优先以城邦为目标</color>前进哦。
61535030	蒲牢	生产或销售货物时，有一定概率可触发<color=#57f0fb>暴击</color>，大幅提升产量或销售额。
61535129	蒲牢	部分稀有遗物会提升<color=#57f0fb>暴击属性</color>，遇见时建议不要错过。
61535131	蒲牢	生产或销售货物时，有一定概率可触发<color=#57f0fb>暴击</color>，大幅提升产量或销售额。
61536030	蒲牢	指挥官你遇到的这个是....<color=#57f0fb>建筑</color>！在<color=#57f0fb>花费铜钱</color>建造后就能提供<color=#57f0fb>特殊功能</color>。
61536131	蒲牢	发现了建筑就要尽早完成建造，指挥官，我们也<color=#57f0fb>筹集铜钱进行建造</color>吧！
61536133	蒲牢	除了许愿井外还有<color=#57f0fb>另外两种</color>建筑，指挥官玩到后面就知道了。
61537030	蒲牢	指挥官，建造许愿井的过程里，我悄悄去打听了，许愿井建好之后<color=#57f0fb>每隔几个季度</color>就能进行许愿。
61537137	蒲牢	如果有<color=#57f0fb>未使用</color>的许愿机会时，这里会有<color=#57f0fb>提示</color>。指挥官，我能许个一夜暴富的愿望吗。
61538136	蒲牢	恭喜指挥官完成测试，关卡里的<color=#57f0fb>挑战目标</color>都顺利完成了，可以获得<color=#57f0fb>一次性的奖励</color>。
61538140	蒲牢	<color=#57f0fb>游戏结束</color>时，会根据<color=#57f0fb>累计获得铜钱、主城等级、城邦探索</color>等指标结算<color=#57f0fb>积分</color>。
61538141	蒲牢	结算后的<color=#57f0fb>总积分</color>会展示在这里，不愧是指挥官，比我第一次玩的分数高了好多。
61538142	蒲牢	积分会<color=#57f0fb>根据一定规则转化为钱币</color>，钱币可以在外面的<color=#57f0fb>商店兑换奖励</color>，记得去兑换哦。
61539136	蒲牢	指挥官这么快就已经开启<color=#57f0fb>科技功能</color>啦，这里面的每项科技都能帮指挥官提供<color=#57f0fb>全局效果</color>。
61539144	蒲牢	只需要<color=#57f0fb>消耗铜钱</color>就能<color=#57f0fb>解锁科技</color>，感觉非常划算呢！
61539145	蒲牢	可惜后面更厉害的科技暂时还不能解锁，等指挥官<color=#57f0fb>提升主城等级</color>之后再回来看吧。
61540136	蒲牢	指挥官，从初露锋芒关卡开始，不同关卡就会有不同的<color=#57f0fb>初始秘藏</color>了！
61540147	蒲牢	根据初始秘藏的效果<color=#57f0fb>调整经营策略</color>会取得更好的收益，指挥官，准备好了就开始吧。
61541136	蒲牢	这次商品出售也触发了暴击，<color=#57f0fb>销售暴击</color>会大幅<color=#57f0fb>提高</color>本次销售的<color=#57f0fb>收益</color>，大量铜钱入账了！
61541147	蒲牢	铜钱可以用于<color=#57f0fb>升级主城</color>，九龙玩家们还会比赛<color=#57f0fb>累计获得的铜钱</color>数量，指挥官尽量多赚铜钱吧！
61542136	赛利卡	指挥官，欢迎来到<color=#57f0fb>魔方弹跳乐</color>！冲刺、跳跃、躲障碍，三色信号炸BOSS！
61542147	赛利卡	共有<color=#57f0fb>两个难度模式</color>，困难模式随时间开放，开放后可通过切换模式进行对应难度的创房或匹配。
61542149	赛利卡	指挥官随时都可以进入<color=#57f0fb>教学模式</color>，了解本次挑战的<color=#57f0fb>玩法规则</color>。
61542153	赛利卡	事不宜迟，让我们进入教学关卡了解吧！
61542159	赛利卡	共有<color=#57f0fb>两个难度模式</color>，困难模式随时间开放，开放后可通过切换模式进行对应难度的创房或匹配。
61543136	赛利卡	欢迎来到<color=#57f0fb>御电携鸣</color>。本次行动将由薇拉带队，进行一次新的冒险。
61543147	赛利卡	本次作战中，连携技能获得加强，点击此处查看<color=#57f0fb>小队战术</color>。
61543149	赛利卡	本次作战仍然可以使用连携切换，切换时可触发时滞演算，并召唤队友增援！
61543151	赛利卡	三头犬小队成员都有不同的效果，点击此处可查看他们的技能。
61543158	赛利卡	<color=#57f0fb>本次冒险存在挑战时限</color>，请指挥官及时挑战。
61544136	赛利卡	<color=#57f0fb>本次冒险存在挑战时限</color>，请指挥官及时挑战。
61545136	赛利卡	指挥官，欢迎来到<color=#57f0fb>诺曼复兴战</color>。想要压制这里的各个矿区，需要指挥官同时带领多个队伍挑战。
61545147	赛利卡	点击章节进入矿区关卡
61545155	赛利卡	<color=#57f0fb>诺曼复兴战</color>已开启。
61546136	赛利卡	挑战深巢关卡即可一次性通关本矿区
61546147	赛利卡	挑战链接关卡就会削弱深巢关卡的难度
61547136	赛利卡	不同属性场地，会有对应的主属性加成。没有对应属性场地的队伍，会获得较弱加成。
61547138	赛利卡	每个队伍可以设置不同的能量场特殊效果，获得特殊增益。
61547140	赛利卡	梯队全部满编时，只要平均战力达到完美战术的条件，就能获得完美战术增益效果。
61547142	赛利卡	消耗电力可以增加队伍的战斗力。不过要注意部分关卡和任务会有电力限制。
61548136	赛利卡	矿区的战斗会需要让不同属性的队伍在合适的关卡进行挑战，最好事先准备好不同属性的梯队。
61548147	赛利卡	这里点击一键上阵，可以快速配置队伍。
61600136	布偶熊	欢迎来到<color=#57f0fb>熊熊破坏王</color>哦，指挥官。
61600139	布偶熊	选中一个关卡进入吧。
61600142	布偶熊	此处显示当前关卡的<color=#57f0fb>行动回合限制</color>。
61600149	布偶熊	此处可查看对局内随机掉落的<color=#57f0fb>道具类型</color>。
61600151	布偶熊	事不宜迟，开始挑战吧。
61601136	布偶熊	选中方块后，当方块<color=#57f0fb>左右</color>相邻有空位，可进行<color=#57f0fb>横向移动</color>。
61601139	布偶熊	刚刚的消除获得了<color=#57f0fb>道具</color>，点击可以查看对应道具效果并使用。
61601153	布偶熊	当方块下方空位大于或等于方块长度，方块会<color=#57f0fb>自动下落填充</color>，方块<color=#57f0fb>填满</color>整行将自动消除。
61601155	布偶熊	每次行动后整体方块会<color=#57f0fb>向上移动</color>，此处可以提前<color=#57f0fb>预览下次</color>生成的方块组合。
61601157	布偶熊	每次移动方块消耗1回合，当<color=#57f0fb>剩余回合为0</color>时，对局将结算。
61601159	布偶熊	当方块上升<color=#57f0fb>超过顶部</color>时，也将进行结算。
61601170	布偶熊	道具最多仅可储存<color=#57f0fb>4个</color>，溢出将不再继续获得，指挥官记得及时使用哦！
61601172	布偶熊	此处可以<color=#57f0fb>查阅道具效果</color>，使用道具<color=#57f0fb>不消耗回合数</color>。
61610136	蒲牢	哼哼~指挥官~欢迎开启<color=#57f0fb>蒲牢大冒险</color>~
61610157	蒲牢	在这里选择句式的<color=#57f0fb>空白</color>
61610159	蒲牢	选择词语填入句式的<color=#57f0fb>空白处</color>补全故事。
61610162	蒲牢	指挥官可以点击<color=#57f0fb>卸下按钮</color>，把已填入词汇单独卸下来。
61610163	蒲牢	点击<color=#57f0fb>重置</color>，可以把句式重置为初始状态。
61611136	蒲牢	这里显示句式对应的<color=#57f0fb>句式效果</color>。尝试组合不同的效果，让蒲牢变得更强大吧！
61611157	蒲牢	点击<color=#57f0fb>确定</color>跟蒲牢一起进入冒险吧！顺便说一句，<color=#57f0fb>蒲牢天下无敌</color>！
61612136	蒲牢	有时候敌人太强大了，指挥官可以选择敌方<color=#57f0fb>默认的词语</color>。
61612157	蒲牢	尝试更换敌方的<color=#57f0fb>句式效果</color>，让蒲牢可以更轻松的暴打敌人！
61700136	露西亚	欢迎来到<color=#57f0fb>新岁游园</color>，指挥官。
61700167	露西亚	游园会共分为<color=#57f0fb>新岁、华灯、元夕3个章节</color>，在不同的时间开启，选中<color=#57f0fb>新岁</color>章节进入吧。
61701136	露西亚	选择第一个关卡【教学·岁】
61701172	露西亚	此处预览展示了庙会的<color=#57f0fb>初始地形</color>。
61701179	露西亚	这里显示庙会布置目标，获得<color=#57f0fb>1颗星</color>即可通关，尽可能获得更多星数。
61701181	露西亚	事不宜迟，让我们正式开始这次的庙会布置吧~
61702192	露西亚	我们先了解<color=#57f0fb>关卡规则</color>，摆放地块需要满足规则才能获得奖励分数。<color=#57f0fb>点击规则，可查看规则详情。</color>
61702197	露西亚	根据<color=#57f0fb>摆置·桃树</color>和<color=#57f0fb>相邻·桃花流水</color>规则，我们需要在<color=#57f0fb>地块区</color>选择一个<color=#57f0fb>桃树</color>地块。
61702199	露西亚	<color=#57f0fb>点击桃树地块</color>，地块将生成在<color=#57f0fb>布置区</color>。
61702201	露西亚	根据左侧的<color=#57f0fb>得分提示</color>可以看到地块摆放在当前位置<color=#57f0fb>满足的规则</color>，以及获得的<color=#57f0fb>分数</color>。
61702203	露西亚	点击<color=#57f0fb>确认按钮</color>放置地块。确认放置后，分数计入<color=#57f0fb>总得分</color>
61703007	露西亚	这里有一些特殊初始地块，地块上显示了<color=#57f0fb>分数标记</color>。
61703020	露西亚	点击地块查看初始地块的<color=#57f0fb>得分条件</color>，满足得分条件可获得对应分数。
61703022	露西亚	地块区会刷出<color=#57f0fb>自带分数</color>的地块，放置此类地块后，可直接获得对应分数。
61703024	露西亚	布置过程中，尽可能选择<color=#57f0fb>自带分数</color>的地块吧。
61710108	赛利卡	欢迎来到<color=#57f0fb>幻弈棋踪</color>。本次行动将以回合制形式进行。
61710111	赛利卡	使用露娜迎战白方棋子，<color=#57f0fb>击败白方国王</color>取得对局胜利！
61710112	赛利卡	移动完毕后，点选图标释放攻击。
61710114	赛利卡	点击<color=#57f0fb>蓝色区域可调整攻击位置</color>。
61710118	赛利卡	点击<color=#57f0fb>高亮区域可进行移动</color>。\n进入<color=#57f0fb>红色区域，回合结束时会受到敌人攻击</color>，进入时请谨慎考虑。
61710123	赛利卡	点击“确定”执行攻击！
61710134	赛利卡	击败白方国王，获取对局胜利！
61710151	赛利卡	露娜攻击时，露西亚会在边缘进行剑气支援，<color=#57f0fb>可对中心点造成更多伤害</color>。
61710153	赛利卡	棋子头顶展示攻击后的剩余血量，地板显示实际伤害值，确认无误后执行攻击。
61711108	赛利卡	本关将介绍白方棋子的基本信息和应对策略。
61711111	赛利卡	在移动状态时，点击白方棋子，可查看该棋子的移动范围和行动倒计时。
61711112	赛利卡	红色区域代表棋子的移动范围&攻击区域，<color=#57f0fb>露娜在回合结束时位于红色区域，会被白方棋子吃掉</color>。
61711118	赛利卡	棋子右下角表示棋子多少回合后移动，如变成<color=#57f0fb>移动标记时，代表即将移动</color>。
61711136	赛利卡	再次使用露娜击败白方国王，获得对局胜利！
61712108	赛利卡	露娜解锁了绯空月轮，可以在3格范围内跳跃，躲避危险！
61712150	赛利卡	使用绯空月轮后，可对起点、终点周围的棋子造成伤害。
61712153	赛利卡	点击确定释放技能！
61712155	赛利卡	继续完成本次作战吧！
61713108	赛利卡	盘面过于复杂时，可以尝试使用顶视模式，更好的查看战局！
61714108	赛利卡	白方主教加入战团！
61714151	赛利卡	点击可查看主教特性&移动区域，请谨慎应对。
61714156	赛利卡	露娜解锁了湮灭低语！中心区域秒杀主教，溅射区域秒杀骑士，并可呼唤露西亚进行横排攻击。
61714158	赛利卡	再次使用露娜击败白方国王，获得对局胜利！
61714163	赛利卡	另外，本次对局新增“悔棋”功能，使用后可恢复至上一回合的初始状态。
61715108	赛利卡	露娜解锁了终月降临，消耗15点能量释放，强化自身且可以召唤露西亚下场作战！
61715150	赛利卡	击杀棋子、回合结束都能恢复能量，释放湮灭低语获取能量！
61715153	赛利卡	露西亚不会受到敌方棋子攻击，可行动2回合。
61715155	赛利卡	使用露西亚直取国王！
61715160	赛利卡	点击确认释放技能。
61715165	赛利卡	往前一格，寻找最佳攻击位置。
61715166	赛利卡	释放终月降临，露西亚，加入战场！
61716108	赛利卡	白方城堡加入战团！
61716155	赛利卡	城堡血量为7，十字方向移动，可被露西亚大招秒杀。
61716161	赛利卡	注意靠近棋盘底线的士兵。
61716178	赛利卡	当士兵到达底线时，会升变为除国王外的任意单位，请谨慎应对！
61717108	赛利卡	盘面偶尔会出现增援虚影，倒计时结束后会入场战斗，小心应对！
61718108	赛利卡	露西亚解锁了曳影掠光，使用后可与露娜换位并造成伤害。
61718111	赛利卡	继续完成本次作战吧。
61719108	赛利卡	进入困难对局后，<color=#57f0fb>部分棋子带有词缀</color>。
61719110	赛利卡	点击右上角带有标记的棋子，可查看词缀效果。
61720108	赛利卡	白方皇后加入战团！
61720110	赛利卡	皇后血量为10，米字型移动，她是白方顶级单位，请小心应对！
61721108	赛利卡	拓展对局中新增棋盘效果，指挥官可拨动左侧栏目查看。
61721110	赛利卡	利用黑白格效果获得对局胜利！
61704007	里	指挥官，如你所见，这个关卡新增了<color=#57f0fb>时间段机制</color>。我来给你解释一下吧。
61704021	里	关卡回合被拆分成4个时间段，分别是<color=#57f0fb>晨、午、暮、宵。</color>
61704022	里	下方的回合数代表<color=#57f0fb>当前时间段的回合数</color>，回合数<color=#57f0fb>消耗完</color>后，将<color=#57f0fb>切换到下一时间段。</color>
61704024	里	这里显示规则<color=#57f0fb>生效时间段</color>，规则亮起时，说明正在生效。
61704027	里	现在是<color=#57f0fb>【晨】</color>时间段，按照<color=#57f0fb>在【晨】生效的规则</color>来布置庙会，选择市肆地块。
61704043	里	确定<color=#57f0fb>放置</color>地块。
61704050	里	时间切换到<color=#57f0fb>【午】</color>，<color=#57f0fb>现在摆放的地块只能获得在【午】时间段生效的规则分数了。</color>
61704052	里	能在两个时间段生效的规则，他的得分会<color=#57f0fb>分别计入对应两个时间段</color>。
61704054	里	总得分=<color=#57f0fb>当前时间段的得分</color>+<color=#57f0fb>已结算的时间段得分</color>。
61704056	里	介绍到此结束，接下来我们一起完成这次的庙会布置吧。
61705007	邦比娜塔	邦比娜塔想告诉指挥官，有时候<color=#57f0fb>跳过</color>也是不错的选择。
61730101	碧碧	在演算中通过<color=#57f0fb>战斗节点</color>时会积累<color=#57f0fb>溢出值</color>，溢出值满后会触发<color=#57f0fb>迭变投影</color>嗷呜。
61730126	碧碧	听不懂也没关系，碧碧也不是很懂嗷呜。总之先来试试就知道了嗷呜。
61730141	碧碧	选择合适的难度嗷呜，碧碧可不敢乱选嗷呜。
61731101	碧碧	迭变投影会随机抽取三名角色，可选择其中一名在<color=#57f0fb>当次演算</color>中<color=#57f0fb>获得强大的特殊效果</color>嗷呜
61731126	碧碧	这个效果看起来好像还挺厉害的，合理选择<color=#57f0fb>迭变投影</color>的角色吧嗷呜
61732101	鲨鲨	入侵者…欢迎来到…<color=#57f0fb>这个世界</color>…
61732155	鲨鲨	你应该已经发现了…这个世界存在…<color=#57f0fb>熵值</color>的概念…它会对这个世界…产生各种影响…
61732157	鲨鲨	这个世界的…<color=#57f0fb>藏品</color>…都受到了熵值的影响…产生了变化…最好多多收集…
61732159	鲨鲨	你应该已经发现了…这个世界存在…<color=#57f0fb>熵值</color>的概念…它会对这个世界…产生各种影响…
61733101	鲨鲨	入侵者…又见面了…不过这次…似乎有些变化…
61733153	鲨鲨	或许是高位存在的那位大人…又做了些什么…
61733155	鲨鲨	现在这个世界和另一个世界…产生了纠缠…两个世界的<color=#57f0fb>熵值</color>…都将对对方产生影响…
61733157	鲨鲨	你似乎还可以在…两个世界之间<color=#57f0fb>自由穿梭</color>了…真是不可思议…这也是那位大人的手段吗…
61742152	赛利卡	每轮开始时，由<color=#57f0fb>会长</color>选择难度<color=#57f0fb>。成员战力</color>及<color=#57f0fb>活跃度</color>要求依次提升，请谨慎选择。
61742154	赛利卡	若未能及时处理，系统将<color=#57f0fb>自动选择</color>难度。
61742168	赛利卡	点击可以查看<color=#57f0fb>地图布局</color>。
61741181	赛利卡	<color=#57f0fb>活动攻略</color>就在此处，点开查看节点详情及攻略吧！
61741189	赛利卡	本次作战还新增<color=#57f0fb>资源保障区</color>节点，每隔一段时间领主将远程炮击资源保障区，指挥官可以进入资源保障区进行<color=#57f0fb>防御</color>。
61741192	赛利卡	进入<color=#57f1fb>资源保障区</color>节点，点击<color=#57f1fb>进入驻守</color>即可防守节点。
61741195	赛利卡	<color=#57f1fb>防守人数最多</color>的资源保障区将抵御一次领主炮击，节点关卡中会提示领主下一次进攻的资源点。
61740006	赛利卡	<color=#57f0fb>众志行征</color>共<color=#57f0fb>3轮战斗</color>，须在各<color=#57f0fb>轮次开启前</color>进入，才<color=#57f0fb>可参与</color>对应轮次的战斗。
61740185	赛利卡	<color=#57f0fb>众志行征</color>共<color=#57f0fb>3轮战斗</color>，须在各<color=#57f0fb>轮次开启前</color>进入，才<color=#57f0fb>可参与</color>对应轮次的战斗。
61744181	赛利卡	本次行征可设定<color=#57f0fb>支援角色</color>协助指挥局其余玩家参与作战！
61744185	赛利卡	选择适合本次行征的角色设定支援，可在支援面板中直接调整武器和意识。
61744190	赛利卡	支援设定完毕后，根据支援时间及被使用次数可获得行征补给，指挥官注意及时领取。
61746108	赛利卡	BOSS等级达到3级后，可以<color=#57f0fb>自选模式</color>进行挑战！
61745198	赛利卡	本次BOSS被击败后，将会<color=#57f0fb>复活并升级</color>，可再次挑战获得奖励。
61745204	赛利卡	战斗内限时击杀<color=#57f0fb>异合袭狼</color>，全队获得强化！
61743152	赛利卡	点击可消耗物资前往区域。仅可前往<color=#57f0fb>没被阻挡</color>的区域噢。
61750198	赛利卡	这里是排行榜，分为总榜和3个关卡的分榜。
61750200	赛利卡	总榜是由所有挑战队伍的等级相加后，再根据各关卡高分通关记录里最短时间的总和来排序。
61750202	赛利卡	分榜在计算对应关卡里队伍等级的总和后，根据最高分数队伍里最短的时间来进行排序。
61750204	赛利卡	排行榜数据每隔10分钟刷新一次。
61751198	赛利卡	巴别塔选择不同的词缀，会提升关卡的难度和获得的奖励。
61751200	赛利卡	如果发现关卡难度相对较难，可以降低关卡的等级，并用其他队伍进行多次挑战。
61706206	露西亚	确定放置地块后，会<color=#57f0fb>消耗对应回合数</color>。
61706208	露西亚	此处显示放置该地块<color=#57f0fb>消耗的回合数</color>。
61706212	露西亚	<color=#57f0fb>回合数消耗完后，结算本关关卡分数</color>，会将时间段分数加到<color=#57f0fb>总分数</color>里。
61706214	露西亚	根据<color=#57f0fb>当前生效的地块摆放规则</color>，尽可能获得更高分数吧~
61707136	赛利卡	指挥官，这是庙会推出的<color=#57f0fb>华灯——双人拼图</color>活动！点进第一关。
61707172	赛利卡	点击角色<color=#57f0fb>打开成员列表</color>。选择心仪的成员完成游戏，完成任意关卡都可<color=#57f0fb>解锁情人节专属留言</color>。
61707179	赛利卡	点击开始，一起完成这张【爱心】拼图吧。
61707185	赛利卡	拼图游戏由<color=#57f0fb>构造体选择地块并摆放</color>，指挥官对地块进行<color=#57f0fb>移动、删除、旋转、确认放置</color>。
61707187	赛利卡	消耗完所有回合视为完成关卡，可解锁角色留言，收集3张留言后可解锁快速结算功能。
61707189	赛利卡	游戏没有唯一的解法，摆出你心中想要的图案吧。
61747154	赛利卡	消耗物资可参与作战。作战限时<color=#57f0fb>4分钟</color>，<color=#57f0fb>越快通关</color>获得积分及对节点的伤害越高。
61801136	赛利卡	欢迎来到<color=#57f0fb>联界枢行</color>，本次探索将使用火队，围绕焚烧机制执行行动。
61801167	赛利卡	点击此处进入挑战！开始焚烧效应的教学。
61802136	赛利卡	再次进入挑战！进行火焰轮回link教学。
61803136	赛利卡	解锁<color=#57f0fb>功率补偿</color>，点击此处执行装配！
61803168	赛利卡	<color=#57f0fb>攻击类技能可附带易燃</color>，且触发下个格子的攻击技能。
61803170	赛利卡	<color=#57f0fb>增益类技能</color>可<color=#57f0fb>加强</color>后方所有格子的<color=#57f0fb>攻击技能</color>。
61803172	赛利卡	将功率补偿装配到link中。
61803176	赛利卡	随着挑战深入，将逐步解锁更多的link技能！
61803178	赛利卡	返回作战。
61803182	赛利卡	使用新的link开始作战！
61803188	赛利卡	增益技能可对下方的攻击技能产生加成，<color=#57f0fb>建议放在攻击技能的上方</color>。
61811006	赛利卡	欢迎来到<color=#57f0fb>链合回路</color>！通过消除信号球对Boss造成伤害，消除越多，分数越高。
61811132	赛利卡	选择一个BOSS进入战斗准备。
61811138	赛利卡	点击更换角色，可以更换上场角色。
61811140	赛利卡	此处可查看每个角色不同的<color=#57f0fb>技能效果</color>。
61811147	赛利卡	点击战斗开始即可开始挑战。
61811149	赛利卡	更多内容请查阅<color=#57f0fb>图文说明</color>。
61811156	赛利卡	点击可查看对应BOSS详情，可以针对Boss的<color=#57f0fb>特性</color>决定策略。
61811159	赛利卡	此外，每个角色携带的<color=#57f0fb>能量属性</color>，与对战的BOSS弱点属性对应时，将造成额外伤害。
61812006	赛利卡	点击两个<color=#57f0fb>相邻信号球</color>进行交换，三个及以上同色信号球连成线时可以被消除。
61812135	赛利卡	留意此处，剩余回合数为0时则本局结束。
61812151	赛利卡	此处可以随时查看BOSS<color=#57f0fb>下一个技能倒计回合数及Buff效果</color>。
61812162	赛利卡	完成<color=#57f0fb>特定方式的消除</color>即可在球盘上出现道具，多多利用道具系统来获得更高的分数吧。
61812164	赛利卡	点击此处，可以查看<color=#57f0fb>道具系统</color>详情。
61812165	赛利卡	消除达成Combo可以获得<color=#57f0fb>终结能量</color>，存储足够的终结能量可释放终结技能，释放后将短暂冷却。
61813112	赛利卡	场上出现了可以使用的道具，让<color=#57f0fb>道具球与相邻信号球交换</color>，或者<color=#57f0fb>双击道具球</color>，都可以使用道具。
61813113	赛利卡	被道具球效果或者角色技能<color=#57f0fb>消除的道具球</color>也会触发它的效果。
61814006	赛利卡	BOSS的技能能够在场上召唤自己专属的<color=#57f0fb>召唤物</color>。
61814165	赛利卡	在召唤物<color=#57f0fb>相邻4格内消除</color>，或使用道具球效果与角色技能<color=#57f0fb>直接命中</color>召唤物，可对召唤物造成伤害。
61814166	赛利卡	召唤物受到<color=#57f0fb>一定次数伤害</color>后就会被消除，消除时会<color=#57f0fb>触发消除效果</color>，优先击破召唤物吧！
61821121	赛利卡	欢迎来到<color=#57f0fb>界限构解</color>。本次行动需要指挥官合理决策敌方的能力，突破层层难关，解锁丰厚奖励。
61821133	赛利卡	选择第一个关卡进行挑战！
61822121	赛利卡	点击空白处可以添加本关卡的敌人并为其装配强化词缀效果。
61822133	赛利卡	选择的怪物组合会提供压力值，压力值越高，本关获得的积分越高。
61822137	赛利卡	此处预览显示了当前组合下将会获得的积分。
61822139	赛利卡	关卡提供了一键配置功能，不过还是更推荐指挥官自己进行决策。
61822143	赛利卡	此处展示了关卡的环境情报，定制关卡时请记得考虑。
61822147	赛利卡	环境情报可点击此处查看。
61823121	赛利卡	从本关开始，每名敌人都需要从3个互斥的词缀中选择1个进行装配。
61823142	赛利卡	选择一名敌人。
61823144	赛利卡	三个词缀互斥，请指挥官选择一个词缀进行挑战！
61824121	赛利卡	困难模式已解锁，挑战困难模式的关卡可以获取额外的积分。
61824133	赛利卡	尝试进行挑战吧！
61900136	露西亚	指挥官，欢迎来到<color=#57f0fb>卧猫藏鼠</color>派对游戏！本次派对共有两张地图，将于每日凌晨05:00<color=#57f0fb>自动更换</color>。
61900167	露西亚	对局结算时将获得<color=#57f0fb>玩法货币</color>，当日获取货币达到<color=#57f0fb>上限</color>后不再产出，每日凌晨05:00更新。
61900168	露西亚	点击匹配，将直接进入匹配队列寻找对局，<color=#57f0fb>匹配成功后立即进入战斗</color>。
61900170	露西亚	可以邀请自己的好友一同游玩（小队最多容纳3人）。<color=#57f0fb>小队准备就绪</color>后，将<color=#57f0fb>共同匹配</color>进入战斗~
61910136	蒲牢	指挥官~欢迎开启<color=#57f0fb>蒲牢修仙记</color>~
61910157	蒲牢	在这里选择句式的<color=#57f0fb>空白</color>
61910159	蒲牢	选择词语填入句式的<color=#57f0fb>空白处</color>。
61910162	蒲牢	继续填入词语，<color=#57f0fb>补全故事</color>。
61910163	蒲牢	点击<color=#57f0fb>进入冒险</color>，查看<color=#57f0fb>句式效果</color>。
61911136	蒲牢	这里显示句式对应的<color=#57f0fb>句式效果</color>。尝试组合不同的效果，让蒲牢变得更强大吧！
61911157	蒲牢	点击<color=#57f0fb>确定</color>跟蒲牢一起成为传奇吧！
61920136	赛利卡	本次渊山矿区更新了新的<color=#57f0fb>基础能力</color>和<color=#57f0fb>链接增强效果</color>。
61920147	赛利卡	点击此处查看<color=#57f0fb>基础能力</color>。
61920151	赛利卡	敌人和指挥官在战斗中均会获得强化能力，使用正确的方式可以更有效的击败敌人。
61921136	赛利卡	针对本次的战场环境，我们定制了新的<color=#57f0fb>完美战术</color>效果，请指挥官善加利用，开启矿区的挑战吧！
61930101	鲨鲨	天选者，按照那位大人吩咐，我们为演算添加一点新东西嗷。
61930126	鲨鲨	选择<color=#57f0fb>迭变藏品</color>后，局内会出现<color=#57f0fb>坍塌点</color>，商店可获得提高演算难度的道具，并累计<color=#57f0fb>演算峰值</color>。
61930128	鲨鲨	每局结算后，会在这里记录<color=#57f0fb>历史最高</color>的<color=#57f0fb>演算峰值</color>，并解锁更高难度<color=#57f0fb>迭变藏品</color>。加油嗷，天选者！
61912136	蒲牢	我们刚刚获得了<color=#57f0fb>宗门神器</color>，来看看神器有什么效果吧。
61912159	蒲牢	点击不同颜色的句子，可以<color=#57f0fb>删除句子对应的效果</color>。
61912167	蒲牢	使用神器可以<color=#57f0fb>删除故事中的句子</color>，并删除句子对应的效果<color=#57f0fb>削弱敌人</color>。
61913136	蒲牢	关卡中有时存在<color=#57f0fb>未解锁</color>的词语，使用神器<color=#57f0fb>删除某些句子</color>后会将其<color=#57f0fb>解锁</color>。
61913159	蒲牢	使用<color=#57f0fb>解锁的词语</color>通关，将会解锁<color=#57f0fb>隐藏的关卡故事</color>哦。
61913171	蒲牢	点击<color=#57f0fb>删除句子</color>来<color=#57f0fb>解锁词语</color>。
61940006	露西亚	指挥官，好久不见，这次露记开到九龙来了，快进店看看吧。
61940215	露西亚	之前就有意和九龙达成合作，开一家当地特色的露记，这次终于实现了。
61940247	露西亚	这次店铺的负责人是<color=#57f0fb>含英</color>，不过我有空也会来看看。事不宜迟，让我们听听她们正在商量什么。
61941249	含英	首先确定我们今天要<color=#57f0fb>售卖</color>的手作。
61941251	含英	请选择需要售卖的手作。
61941255	含英	再安排员工进行售卖活动，<color=#57f0fb>带加成</color>的员工收益更多呢。
61941260	含英	我们先来熟悉下制作一件<color=#57f0fb>手作</color>的流程吧。
61941270	含英	欢迎指挥官回到露记工房~
61942006	含英	我这里有一个秘籍要分享给指挥官。
61942249	含英	在<color=#57f0fb>每日任务</color>里可以获得<color=#57f0fb>特制日晷</color>，使用日晷可减少时间。
61943251	蒲牢	<color=#57f1fb>升级店铺</color>能解锁更多热销手作哦！指挥官一定要多多赚取收益 (=′ω｀=)
61944006	蒲牢	指挥官，偷偷告诉你，点击这里的更换按钮，可以快速更换员工。
61944255	蒲牢	点击这个更换按钮，可以快速更换手作/材料哦~
61946006	蒲牢	指挥官，通过拍照的方式记录这个忙碌的时刻吧！
61946169	蒲牢	一起去<color=#57f1fb>备材区</color>看看！
61946173	蒲牢	看看我们的拍摄目标，要全部打上勾勾哦！
61946174	蒲牢	使用摇杆可以改变视野。
61946176	蒲牢	按下快门记录下来吧。
61946185	蒲牢	欢迎指挥官回到露记工房~
61945006	含英	指挥官，我们开启了<color=#57f1fb>增益</color>功能。
61945256	含英	这里可以查看增益的生效员工和应用详情，合理搭配<color=#57f1fb>员工</color>技能，可以获得更多<color=#57f1fb>收益</color>。
61945265	含英	欢迎指挥官回到露记工房~
61947006	含英	升级店铺可以解锁更多<color=#57f1fb>效果</color>、<color=#57f1fb>手作</color>和<color=#57f1fb>装修</color>，还有更多店铺事件或订单哦。
61947261	含英	满足升级条件，花费一定<color=#57f1fb>露记龙币</color>就能升级了！
61948006	含英	指挥官，这里是露西亚的<color=#57f1fb>订单</color>需求，需要我们制作交付。
61948259	含英	完成顾客们的订单，可获得<color=#57f1fb>隐藏手作</color>哦。
61931101	鲨鲨	在坍塌点可获取提高演算难度的藏品，购入后可获得<color=#57f0fb>算力单元</color>和<color=#57f0fb>演算峰值</color>嗷。
61949261	含英	往里走是<color=#57f0fb>制作区</color>。
61949264	含英	我们开始安排<color=#57f0fb>制作</color>吧。
61949268	含英	选择需要制作的手作。
61949273	含英	选择对该手作有加成效果的员工吧。
61949279	含英	最里面是我们的<color=#57f0fb>备材区</color>，生产材料的关键是速度。
61949281	含英	这是制作手作的最后一个流程。
61949283	含英	我建议您选择<color=#57f0fb>正在消耗的</color>材料，常言道，有备无患。
61949287	含英	露记金牌员工不会让我们失望。
61949298	含英	欢迎指挥官回到露记工房~
62001006	赛利卡	欢迎来到<color=#57f0fb>全境特遣·协阵绎演</color>。本次行动将与全服指挥官们共同攻破区块，解锁丰厚奖励。
62001142	赛利卡	攻破区块可获得<color=#57f0fb>全服奖励</color>，并解锁<color=#57f0fb>相邻区块</color>。不同类型区块的<color=#57f0fb>全服奖励</color>各不相同。
62001149	赛利卡	更多内容，请查看图文说明。
62001160	赛利卡	此外，每日区块作战、完成活动任务均可获得<color=#57f0fb>试作原型</color>，可以在<color=#57f0fb>特遣补给</color>兑换丰厚的奖励。
62001220	赛利卡	本次作战新增<color=#57f0fb>特派任务</color>，需要玩家<color=#57f0fb>独立完成</color>。完成后可获得成长经验，逐步解锁能力加成。
62001221	赛利卡	其他玩家的队伍在探索地区时会遭遇危险，玩家可以派遣角色进行<color=#57f0fb>援护</color>。
62001222	赛利卡	<color=#57f0fb>特派任务</color>和<color=#57f0fb>援护任务</color>每天凌晨5点刷新。
62021167	赛利卡	指挥官，欢迎来到<color=#57f0fb>安梦小憩</color>。为万事安排好行动日程，让他达成完美的睡眠吧。
62021169	赛利卡	先从午间的短休开始规划行动。
62021171	赛利卡	点击即选中可持续入睡的时间，再次点击则会取消选中。
62021173	赛利卡	选中<color=#57f0fb>时间起点</color>后，可点击十字相邻的时间选中，或以<color=#57f0fb>按住滑动</color>的方式进行选中。
62021175	赛利卡	现在凑齐<color=#57f0fb>2单位时间</color>了，试试开始执行这个日程规划。
62022171	赛利卡	<color=#57f0fb>超出</color>睡眠计划预定需求的时间会在<color=#57f0fb>移动后保留</color>。从左到右选中时间连到万事，即可开始入睡。
62022190	赛利卡	继续完成剩余日程规划吧。
62023171	赛利卡	神威在房间内的时候会反复前来确认万事是否睡着了，显然这会产生相反的效果。
62023173	赛利卡	预期睡眠计划<color=#57f0fb>增加3单位时间</color>。需要注意安排更多的时间来完成万事的睡眠计划。
62023197	赛利卡	继续完成剩余日程规划吧。
62024185	赛利卡	选中时间连接到库洛姆，时间会直接消除，但库洛姆会留出<color=#57f0fb>1单位时间</color>给万事休息。
62024186	赛利卡	库洛姆可以帮助调整其它角色事件的位置。觉得事件位置不合适时，不妨尝试移动事件格位置。
62024187	赛利卡	不是所有的角色事件都必须触发，合理安排日程，完美地利用所有时间吧。
62002142	赛利卡	当区块进度为100%时将被攻破，区块攻破后，可获得对应<color=#57f0fb>全服奖励</color>。
62002143	赛利卡	消耗浮点算力可参与战斗，关卡内<color=#57f0fb>评分越高</color>，获得<color=#57f0fb>奖励越丰富</color>。
62002149	赛利卡	选择派遣的指挥官，可以<color=#57f0fb>无需参与作战</color>，消耗浮点算力，获得<color=#57f0fb>固定奖励</color>。
62003142	赛利卡	挑战<color=#57f0fb>特派任务</color>可获得<color=#57f0fb>行动录盘</color>、<color=#57f0fb>拟战录盘</color>，提升个人与全服特遣等级。
62004142	赛利卡	其他玩家的队伍在探索地区时会遭遇危险，玩家可以派遣角色进行<color=#57f0fb>援护</color>。
62004157	赛利卡	进行援护可获得<color=#57f0fb>调度申请</color>，消耗<color=#57f0fb>调度申请</color>可直接完成<color=#57f0fb>特派任务</color>。每天仅能获取<color=#57f0fb>两次</color>援护奖励。
62006142	赛利卡	成功攻破对应<color=#57f0fb>角色区块</color>后，可获得对应<color=#57f0fb>特遣角色和角色作战增幅</color>。
62006143	赛利卡	解锁收集更多的特遣角色，可以额外获得更多的<color=#57f0fb>试作原型</color>。
62005142	赛利卡	如果前一天的探索中受到了其他玩家的援护，可以<color=#57f0fb>直接获取</color>特派任务奖励。
62005157	赛利卡	领取奖励时，别忘了对提供帮助的玩家表达感谢~
62007142	赛利卡	参与<color=#57f0fb>特派任务</color>、<color=#57f0fb>援护任务</color>，可提升个人<color=#57f0fb>特遣记录</color>等级、全服<color=#57f0fb>全境记录</color>等级。
62007157	赛利卡	提升个人特遣记录等级，可解锁<color=#57f0fb>战斗加成</color>以及<color=#57f0fb>多重挑战</color>能力。
62007161	赛利卡	全服全境记录等级由全服玩家共享，可以为所有玩家提供<color=#57f0fb>属性加成</color>。
62008142	赛利卡	<color=#57f0fb>阶段战果</color>内将产出一定数量的试作原型，<color=#57f0fb>将随时间逐渐增长</color>。
62008151	赛利卡	随着四个区域的暗区被攻破，产出货币的<color=#57f0fb>效率</color>将提升。
62009156	赛利卡	当前为<color=#57f0fb>重复演练</color>时间，仍可消耗浮点算力作战，但不再提供区块贡献。
62009159	赛利卡	重复演练时参与作战，战斗结算将获得<color=#57f0fb>定额的</color>试作原型。
62031136	赛利卡	欢迎来到<color=#57f0fb>衍变测算</color>。玩法内成员将获得各种<color=#57f0fb>效应</color>增幅，应对各个关卡挑战。
62031167	赛利卡	玩法内有两个章节，章节随时间开放。先进入<color=#57f0fb>真意斩</color>章节-极意融彻。
62031170	赛利卡	章节内限制成员上场，每个成员都有<color=#57f0fb>真意斩强化buff</color>；这些强化效果将随关卡通关逐步解锁。
62031176	赛利卡	点击成员头像或buff图标，可查看<color=#57f0fb>buff效果详情</color>。
52803058	赛利卡	<color=#57f0fb>熵钟异数</color>区域存在多种环境，指挥官可在本区域任选一个环境词缀进行挑战。
52803108	赛利卡	<color=#57f0fb>熵钟异数</color>区域已开放。
52803112	赛利卡	机体受到的<color=#57f0fb>全境支援</color>强化在当前区域的所有环境词缀下生效。
52803117	赛利卡	本区域作战积分由指挥官在不同环境词缀下<color=#57f0fb>最高的作战积分</color>决定，请合理安排作战机体。
62025185	赛利卡	超出当前日程安排的时间不会流逝。<color=#57f0fb>剩余时间</color>会停留在移动后的位置上，留给其它日程利用。
62026185	赛利卡	"在""艺术熏陶""前<color=#57f0fb>选中的时间格子</color>增加1单位时间。"
62026202	赛利卡	艺术的熏陶可以让人安稳入睡。
62027185	赛利卡	营地是在野外想安稳入睡的第一步。
62027186	赛利卡	触发“降噪工程”可以让万事<color=#57f0fb>所有</color>的预期睡眠计划<color=#57f0fb>减少2单位时间</color>。
62028185	赛利卡	疲惫会让睡眠质量大打折扣。
62028186	赛利卡	在“支援申请”前<color=#57f0fb>选中的时间格子</color>降低1单位时间。
62029167	赛利卡	进行过<color=#57f0fb>重置操作</color>或关卡通关后，可以点击此处进入赛利卡补习班查看提示。
63003202	罗塞塔	此处是前线基地的临时驻扎点，也是今后每一片地区的<color=#57f0fb>初始行动起点</color>。
63003203	罗塞塔	处于行动范围外的区域则不可探索。
63003204	罗塞塔	区域颜色代表该区域能够获取的<color=#57f0fb>资源类型</color>，红色代表军事资源。先让我们踏出探索的第一步吧。
63003205	罗塞塔	优秀的指挥。这样我们就获取了第一批军事资源，<color=#57f0fb>每日</color>获取到的资源将在此处展示。
63003206	罗塞塔	此处就是我们选定的登陆港口了。
63003207	罗塞塔	和已探索区域<color=#57f0fb>十字相连</color>的新区域处于行动范围，可以通过点击前往探索。
63003208	罗塞塔	根据先遣队回报，前方的区域可以获得基建资源。继续向前探索吧。
63003209	罗塞塔	提前出发的先遣队已经在此等候多时了，和他们对话，获取情报吧。
63003229	罗塞塔	引导异常...恢复中...
63002165	罗塞塔	欢迎来到新苏菲亚城，一场崭新的旅途马上启程，希望您已经做好了准备。
63004166	罗塞塔	此处展示的是本地区的<color=#57f0fb>作战目标</color>。
63004169	罗塞塔	挑战作战目标之前有一定的<color=#57f0fb>发展指数要求</color>，需要达到后才能进行挑战。
63004170	罗塞塔	挑战有时间限制，需要在<color=#57f0fb>规定天数</color>内完成。
63004177	罗塞塔	时间轴上同样显示了规定天数的剩余时间。
63004181	罗塞塔	每日结算时，三种资源都将会清零，并折算为<color=#57f0fb>发展指数</color>。
63004183	罗塞塔	<color=#57f0fb>每日可进行三次行动</color>，行动点为0后需要休整。休整结束后时间推进至<color=#57f0fb>下一天并回满行动点</color>。
63004193	罗塞塔	今天的行动点已耗尽，点击进行休整吧。
63004195	罗塞塔	……嗯，这么做是为了便于掌握敌我实力差距。
63004211	罗塞塔	否则，驻扎点则会<color=#57f0fb>持续损失防御值</color>。防御值为0时，作战失败。
63004213	罗塞塔	在地图上也可以查看作战目标的相关信息。
63007170	罗塞塔	三色建设度相加的总和即为发展指数。
63007181	罗塞塔	颜色资源在结算后会被清空。
63007193	罗塞塔	休整时，颜色资源和颜色倍率相乘并加成于对应颜色建设度上，此处展示今日的建设度<color=#57f0fb>增长量</color>。
63007195	罗塞塔	但是颜色倍率不会被清空，通过多多招募作战成员，来提高颜色倍率吧。
63006166	罗塞塔	使用报名函即可招募作战成员。
63006169	罗塞塔	作战成员能提供不同的<color=#57f0fb>颜色倍率</color>。
63006170	罗塞塔	每日结算时，颜色倍率将和颜色资源<color=#57f0fb>相乘</color>，并为对应颜色提供建设度。
63006177	罗塞塔	颜色倍率一旦选择后<color=#57f0fb>永久叠加</color>，请仔细考虑后作出选择。
63006181	罗塞塔	选择任一作战成员，完成招募吧。
63005166	罗塞塔	前方区域即将与感染体交战，点击区域查看交战情报。
63005169	罗塞塔	<color=#57f0fb>进行作战需要消耗行动点</color>，请在准备充裕后开始作战吧!
63041167	赛利卡	欢迎来到<color=#57f0fb>拟像试炼</color>。空中花园将过往经历过的强大敌人数据化后加入了训练系统中。
63041171	赛利卡	指挥官们可以选择敌人将其化为实体进行训练。
63041176	赛利卡	试炼中的敌人拥有与曾经不同的技能，点击按钮<color=#57f0fb>可切换</color>查看怪物技能。
63041178	赛利卡	部分技能可进行单独练习，点击<color=#57f0fb>练习按钮</color>可进入联系对应技能的练习关卡。
63041180	赛利卡	在进入试炼前先在教学关卡中了解本次试炼与常规挑战的差别吧。
63041185	赛利卡	点击进入教学。
63041187	赛利卡	在试炼中角色可以使用独特的天赋，天赋需要挑战试炼后才会解锁。
63041189	赛利卡	让我们先进行教学作战吧。
63042167	赛利卡	每个角色都会激活一个固定的强力天赋。
63042170	赛利卡	此外，使用对应角色挑战试炼获得<color=#57f0fb>试炼评级积分</color>还能额外获得可选天赋。
63008166	罗塞塔	地区的作战目标需要在达到一定的发展指数后才能进行挑战。
63008200	罗塞塔	如果发展指数不足，不妨主动探索其他未抵达的区域，采取多种方式增强实力。
63008201	罗塞塔	除了发展指数之外，探索获得的资源还能用于获得<color=#57f0fb>营地支援</color>。
63008203	罗塞塔	点击左侧面板，查看营地中的成员们提供的支援效果。
63009208	罗塞塔	同一分支不同节点提供的营地支援效果不同，<color=#57f0fb>探索对应颜色区域，解锁强力营地支援</color>！
63009210	罗塞塔	营地支援共有三个分支，<color=#57f0fb>探索对应颜色的区域，获得对应分支的资源 </color>。
63009215	罗塞塔	此处显示了当前分支累计的支援点数和进度。
63010210	罗塞塔	战胜本地区的作战目标即可进入下一地区。
63010211	罗塞塔	<color=#57f0fb>挑战作战目标不会消耗行动点</color>，一口气上吧！
63011210	罗塞塔	建筑系统能提供强力的作战效果加成，点击此处查看详细情报。
63011211	罗塞塔	建造建筑需要消耗施工许可。<color=#57f0fb>每日结算的时候，会提供1点施工许可</color>。
63011216	罗塞塔	基建支援等级提升后，可以解锁更多强力建筑。
63011222	罗塞塔	此外，每日结算也能得到新苏菲亚币资源。<color=#57f0fb>每10新苏菲亚币提供1点利息加成</color>。
63011225	罗塞塔	采取多种方式增强实力，向着地区作战目标前进吧！
63011230	罗塞塔	点击驻扎点可以查看有关利息的详细信息。
63030005	赛利卡	本次渊山矿区更新了新的<color=#57f0fb>基础能力</color>和<color=#57f0fb>链接增强效果</color>。
63030008	赛利卡	点击此处查看<color=#57f0fb>基础能力</color>。
63030010	赛利卡	敌人在战斗中会<color=#57f0fb>积蓄能量并进入强化状态</color>，请注意观察敌人的状态，灵活调整自身进攻策略。
63050136	布偶熊	欢迎来到<color=#57f0fb>阿呆破坏王</color>哦，指挥官。
63050139	布偶熊	先从拉弥亚开始挑战吧。
63050158	布偶熊	选中一个关卡进入吧。
63050163	布偶熊	此处显示当前关卡的<color=#57f0fb>行动回合限制</color>。
63050165	布偶熊	此处可查看对局内随机掉落的<color=#57f0fb>道具类型</color>。
63050167	布偶熊	事不宜迟，开始挑战吧。
63051136	布偶熊	选中方块后，当方块<color=#57f0fb>左右</color>相邻有空位，可对齐进行<color=#57f0fb>横向移动</color>。
63051177	布偶熊	当方块下方空位不小于方块长度，方块会<color=#57f0fb>自动下落</color>，若方块<color=#57f0fb>填满</color>整行，则自动消除并获得分数。
63051179	布偶熊	每次行动后整体方块会<color=#57f0fb>向上移动</color>，此处可以提前<color=#57f0fb>预览下次</color>生成的方块组合。
63051181	布偶熊	当方块上升<color=#57f0fb>超过顶部</color>时，也将进行结算。
63051183	布偶熊	那么，消除更多的方块，朝更高的积分前进吧！
63052136	布偶熊	点击此处可查看<color=#57f0fb>新增</color>机制内容及其它教程。
63053181	布偶熊	当<color=#57f0fb>上方</color>出现方块预览时，本次行动后将会生成一块预览所示的方块<color=#57f0fb>掉落</color>到方块上层。
63060181	赛利卡	本期众志行征击破<color=#57f0fb>孤崖关塞</color>节点后，将派出<color=#57f0fb>攻坚战车</color>协助通关。
63060189	赛利卡	点击攻坚战车可查看攻坚战车<color=#57f0fb>详细信息</color>。
63060210	赛利卡	此处显示攻坚战车当前<color=#57f0fb>生命值</color>。
63060212	赛利卡	<color=#57f0fb>援助攻坚战车</color>后，可提升攻坚战车<color=#57f0fb>生命值</color>，每次援助需要消耗<color=#57f0fb>20物资</color>。
63060214	赛利卡	点击按钮<color=#57f0fb>援助攻坚战车</color>，每个攻坚战车只能<color=#57f0fb>援助一次</color>。
63060216	赛利卡	战车<color=#57f0fb>攻击节点</color>后，援助的玩家可获得通关节点一次<color=#57f0fb>最高可获得的积分</color>。
63060218	赛利卡	战车阵亡时，可将自身携带<color=#57f0fb>增益</color>继承到节点中，为进攻节点的玩家提供<color=#57f0fb>增益</color>效果。
63101136	八咫	欢迎来到<color=#57f0fb>学园放课后</color>，指挥官。
63101161	八咫	本次活动需要前往三个区域收集学生用品。先从<color=#57f0fb>自习室</color>开始吧。
63101163	八咫	先来学习下怎么收集用品吧。
63101167	八咫	点击<color=#57f0fb>【开始整理】</color>进入第一幕。
63102172	八咫	点击按钮，<color=#57f0fb>确认回收</color>用品。
63102176	八咫	按住可将用品拖动到背包的<color=#57f0fb>可用空间</color>内。
63102177	八咫	点击此处可将用品加入背包。
63102179	八咫	<color=#57f0fb>回收完毕</color>，点击按钮即可进行结算。
63103172	八咫	点击按钮，<color=#57f0fb>确认回收</color>用品。
63103176	八咫	需要保护的部位会有<color=#57f0fb>特殊格子</color>提示。
63103177	八咫	部分用品极为脆弱，需要用<color=#57f0fb>填充垫</color>填充<color=#57f0fb>脆弱部位</color>防止破碎。
63103179	八咫	在脆弱保护部位<color=#57f0fb>放置缓冲垫</color>，即可完整回收该用品。未完成保护的用品<color=#57f0fb>无法获得绩点</color>。
63104176	八咫	放置同颜色用品达到<color=#57f0fb>两个</color>时该颜色系列用品绩点增加50%，<color=#57f0fb>三个及以上</color>时增加75%。
63104177	八咫	回收<color=#57f0fb>相同颜色</color>的用品可获得额外绩点。
63111167	赛利卡	欢迎来到<color=#57f0fb>复沓厄息</color>，指挥官。
63111171	赛利卡	每个章节需要使用一个编队<color=#57f0fb>连续挑战三名敌人</color>，每名敌人会有一个特殊词缀。
63111195	赛利卡	本次挑战包含3个章节，每个章节需要使用一个编队<color=#57f0fb>连续挑战三名敌人</color>。先从第一章开始尝试吧。
63111196	赛利卡	挑战开始前，还需要手动选择一个<color=#57f0fb>章节弱点</color>，来决定指挥官倾向的战斗编队。
63111201	赛利卡	弱点选择后，本次挑战期间<color=#57f0fb>不可更改</color>。选择弱点后就开始战斗吧。
63111205	赛利卡	所有词缀都将<color=#57f0fb>继承至后续战斗</color>，可以点击这里进行查看。
63112201	赛利卡	战胜敌人后需要<color=#57f0fb>驻守</color>一名角色，驻守角色<color=#57f0fb>无法在后续战斗出战</color>，但会提供强力的<color=#57f0fb>加成效果</color>。
63114201	赛利卡	本章节中，指挥官可以从六名敌人中<color=#57f0fb>任意选择三名</color>完成章节挑战。
63114202	赛利卡	每场战斗的<color=#57f0fb>难度独立</color>，可自由选择难度进行挑战。
63114204	赛利卡	每名敌人有4个难度，需要<color=#57f0fb>通关或扫荡</color>前一难度后才能解锁后续难度。
63114206	赛利卡	每个难度有对应的<color=#57f0fb>积分</color>和<color=#57f0fb>额外词缀</color>，谨慎应战获取更高分数吧。
63113201	赛利卡	<color=#57f0fb>boss级敌人</color>都拥有一个<color=#57f0fb>特殊技能</color>，在后续战斗中会在特定时机<color=#57f0fb>释放该技能为敌人助战</color>。
63115167	赛利卡	完成<color=#57f0fb>章节结算</color>后，可通过任务领取丰厚奖励。
63121136	八咫	欢迎来到<color=#57f0fb>花见游园</color>，指挥官。
63121161	八咫	游园庆典共分为<color=#57f0fb>花见和夕游2个章节</color>，在不同的时间开启，选中<color=#57f0fb>花见</color>章节进入吧。
63122136	八咫	我想想，该从哪里开始……就先讲讲基础的地块放置吧。
63122220	八咫	选中第一个地块。
63122221	八咫	把红色游戏机<color=#57f0fb>拖动</color>至高亮区域。
63122222	八咫	点击确认完成布置。
63122223	八咫	同色的地块相连接，便会组合成一个更大的地块。
63122224	八咫	点击<color=#57f0fb>分数模式</color>，可以查看当前的分数情况。
63122226	八咫	观察一下目前的人流预判线……看来完全不会经过我们摆放的区域呢。
63122227	八咫	这种时候可以用点强硬手段。
63122228	八咫	将红色游戏机摆放到这里。
63122229	八咫	然后，直接进行一个旋转，把路堵上。
63122230	八咫	点击确认，这样就大功告成了。
63122233	指挥官	有点简单粗暴……话说，我发现这里好像有一个特殊的商家。
63122235	八咫	这是御田炊，御园学院的特色小吃。如果是我的话，也许会<color=#57f0fb>为了去那里吃点东西绕个路</color>吧。
63122237	指挥官	那我把它也放到庆典场地里吧。
63122240	指挥官	放在这里的话，总觉得会堵住参观路线呢...
63122242	指挥官	点击先前放置的游戏机，重新调整位置，避免堵路。
63122245	指挥官	摆放在这里吧。
63122250	八咫	这样想吃御田炊的话，不就必须要绕路了吗？……你还挺有商业头脑的。
63122259	八咫	场上存在角色喜好的特殊地块时，角色就会优先前往那里。
63122261	八咫	角色前往<color=#57f0fb>喜好的特殊地块之前游览的所有地块会再次提供特殊得分</color>。
63122263	八咫	要是准备好了的话，就让庆典开幕吧。
63122275	八咫	此处是庆典游客参观路线的起点。
63122277	八咫	这样参观庆典的游客们就会经过我们摆放的地块了。
63122283	指挥官	然后再摆放特殊地块。
63123136	八咫	看起来游客完全没有注意到上面的房间呢。
63123223	八咫	继续摆放地块，向着更高的庆典分数前进吧！
63123282	八咫	点击游戏地块。
63123284	八咫	选中蓝色游戏机。
63123286	八咫	只要合理摆放地块，<color=#57f0fb>改变游客的游览路线</color>，就可以得到更高的庆典分数。
63124136	八咫	真是拥挤的房间，看起来游客完全不会参观呢。
63124223	八咫	确认放置。
63124284	八咫	选中角色喜好的<color=#57f0fb>特殊地块</color>。
63124286	八咫	摆放在合适的位置。
63124290	八咫	场上存在角色喜好的<color=#57f0fb>特殊地块</color>时，角色就会<color=#57f0fb>优先绕路前往那里</color>。
63124292	八咫	角色前往<color=#57f0fb>特殊地块之前游览的所有地块会再次提供特殊得分</color>。
63124294	八咫	不同邀约对象喜好的特殊地块不同，<color=#57f0fb>摆放特殊地块，角色经过后将解锁额外专属剧情</color>。
63124296	八咫	既然游客被特殊地块吸引过来了，放置剩下的地块来提高庆典分数吧！
63125136	八咫	本场庆典会在<color=#57f0fb>舞台</color>举行表演。
63125290	八咫	舞台一旦被放置，便会成为本场庆典新的<color=#57f0fb>终点</color>。
63126136	八咫	点击花卉地块。
63126284	八咫	地块存在<color=#57f0fb>特殊规则</color>，可在此处查看。
63126286	八咫	向着更高的得分...等等，刚刚那个雕像是不是动了一下。
63126299	八咫	以前的御园学院，也流传着类似的都市传说——“御园七大不可思议”。
63126301	八咫	雕像周围要是聚集了很多学生，它就会突然自己动起来……之类的。
63126303	八咫	把“不可思议”与庆典结合起来……感觉也是个很好的卖点。
63126305	八咫	"据说在<color=#57f0fb>""不可思议""十字区域内存在10分及以上的格子,角色经过</color>后就会有神奇的事发生。"
63127136	八咫	不同庆典场地存在不同的计分规则。
63127161	八咫	利用计分规则，向着更高的庆典得分前进！
63127185	八咫	另外，不同邀约对象喜好的特殊地块不同，<color=#57f0fb>和邀约对象完成一场庆典后将解锁角色的专属剧情</color>。
63116167	赛利卡	第三章的<color=#57f0fb>前两场战斗</color>中，达成特定条件后可进行<color=#57f0fb>扫荡作战</color>。
63116168	赛利卡	<color=#57f0fb>激活扫荡作战</color>需要满足条件：\n完成<color=#57f0fb>所选怪物首通</color>；\n达成<color=#57f0fb>关联难度的特定总分</color>。
63116170	赛利卡	满足条件后，点击<color=#57f0fb>扫荡按钮</color>即可进行当前关卡的扫荡作战。
63128181	八咫	我们先来看看庆典的场地。
63200005	七实	欢迎来到<color=#57f0fb>寰维逐星</color>。本次将与七实一起推演不同的未来，让我们先尝试一次推演吧。
63200067	七实	不同的未来会获得<color=#57f0fb>不同的插件</color>，插件会改变角色的使用方式，帮助指挥官更好的进行推演~
63200068	七实	让我们出发吧！指挥官！
63201005	七实	通关维域后<color=#57f0fb>掉落的插件</color>需要<color=#57f0fb>装备</color>给角色才能生效，指挥官请跟着我一起尝试下装备插件。
63201118	七实	点击这里即可给角色装备插件。
63201125	七实	<color=#57f0fb>点击</color>插件列表中的插件即可给角色装备。
63201131	七实	如果要<color=#57f0fb>卸载</color>则需要先选中已装备的插件。
63201133	七实	再点击<color=#57f0fb>卸载按钮</color>。
63201135	七实	也可以使用<color=#57f0fb>推荐装备</color>的功能，自动挑选插件进行装备。
63201138	七实	另外，每个角色都有<color=#57f0fb>负载限制</color>，如果负载不足，就无法装备更多插件。
63201140	七实	在这里可以看到装备插件所需要的<color=#57f0fb>负载</color>。
63201142	七实	角色<color=#57f0fb>负载</color>会在后续推演过程中得到<color=#57f0fb>提升</color>。
63202005	七实	指挥官，这里还有一些辅助功能需要向您说明。
63202134	七实	在“很能吃”这里，<color=#57f0fb>每天</color>可以执行<color=#57f0fb>一次</color>云端回溯，直接获得插件奖励。
63202135	七实	当<color=#57f0fb>超维值达到100%</color>后可进入超维奇点，挑战后会获得<color=#57f0fb>大量插件</color>。
63203005	七实	收集一定数量的插件后，可以在<color=#57f0fb>漫游指南</color>中获得强化。
63203134	七实	<color=#57f0fb>收集指定星级的插件</color>达到一定数量后，即可激活对应的强化效果。
63203140	七实	点击这里可以查看当前所有<color=#57f0fb>已生效</color>的漫游指南强化效果总和。
63203150	七实	在<color=#57f0fb>插件图鉴</color>中可以<color=#57f0fb>购买</color>已通关章节可能掉落的插件。
63203153	七实	让我们选中其中一个插件。
63203156	七实	消耗<color=#57f0fb>推演晶流</color>可直接<color=#57f0fb>解锁</color>对应插件。
63203164	七实	每个星级的插件收集都对应有五个强化效果，点击可以查看详细。
63204069	七实	这里可以随时<color=#57f0fb>调整强化属性点</color>的分配。每项强化属性点的上限相同，会随着推演的进度提升。
63204072	七实	调整完毕后，点击<color=#57f0fb>确认保存</color>即可让调整生效。
63204074	七实	点击这里，可将当前强化方案保存为<color=#57f0fb>模板</color>。通过套用模板可快速替换强化方案。
63204078	七实	指挥官！这里可以让指挥官变得更强噢！在这里可以消耗作战获得的<color=#57f0fb>推演晶流</color>强化<color=#57f0fb>全队属性</color>！
63204084	七实	每项强化属性点都对应有一种<color=#57f0fb>特殊属性</color>，辅助您继续向深处探索。
63204086	七实	当强化属性点达到<color=#57f0fb>指定等级</color>后，即可获得特殊属性。
63210128	七实	欢迎来到<color=#57f0fb>觅星奇旅</color>，指挥官。
63210130	七实	本次活动需要指挥官帮助七实收集星际旅行所需的物资。这就让我们<color=#57f0fb>启程</color>吧！
63210132	七实	让我们从基础的操作开始吧！
63210136	七实	点击<color=#57f0fb>开始</color>，进入第一关。
63211128	七实	划动棋盘区域，可移动<color=#57f0fb>物资方块</color>。两个相同的方块可以<color=#57f0fb>合成</color>更高级别的方块。
63211141	七实	当物资方块合成至<color=#57f0fb>16级</color>时，该方块与其十字范围内的物资方块会被<color=#57f0fb>消除</color>，并<color=#57f0fb>记录分数</color>。
63211145	七实	请指挥官在有限的步数内，合成尽可能多的16级方块吧！
63212128	七实	当多个相同的方块出现时，可以触发<color=#57f0fb>连续合成</color>，让我们先将它们调整到同一行。
63212141	七实	此时可以横向滑动，进行<color=#57f0fb>连续合成</color>，直接获得16级的方块。
63213128	七实	探索途中可能会遇到<color=#57f0fb>储能陨石</color>，这些陨石不会移动，但会阻挡物资方块的移动。
63213141	七实	不过也没关系！阻挡其他方块移动时，<color=#57f0fb>储能陨石</color>会消耗自身一点耐久度，耐久度耗尽后就会碎裂。
63214128	七实	旅行的过程中会解锁各种道具，帮助七实完成物资收集。
63214141	七实	道具<color=#57f0fb>拟态复造</color>可以复制棋盘中分数最高的方块，请使用技能破解当前的局面吧！
63214146	七实	储能陨石会被16级方块直接击碎，同时会为道具<color=#57f0fb>增加</color>充能进度，请善加利用。
63215128	七实	16级方块合成时会激活相邻的<color=#57f0fb>“清道夫”</color>，被激活的“清道夫”会<color=#57f0fb>消除</color>自身周围的方块。
63216128	七实	七实的新能力<color=#57f0fb>相位挪移</color>可以交换任意两个格子上的方块，或者将方块转移至指定空位。
63217128	七实	<color=#57f0fb>星际雷暴</color>会瞄准高级物资方块，并在下一回合将其降低至最低等级。
63217139	七实	请在雷暴预警出现时，尽快转移该位置的高级物资方块。
63220169	赛利卡	为了满足不同玩家的操作习惯，影袭有两种触发方式，点击按钮可以<color=#57f0fb>切换技能的输入模式</color>。
63220172	赛利卡	第二种方式是<color=#57f0fb>长按普攻触发</color>，释放殛跃挑击期间保持长按普攻，会自动进入影袭流程。
63220174	赛利卡	<color=#57f0fb>影袭期间长按/连点普攻均可自动消除特殊信号球</color>。
63220175	赛利卡	但摩托连携攻击后仍需手动消特殊信号球，才能进入影袭流程。
63220179	赛利卡	第一种方式是<color=#57f0fb>常规的消特殊球进入</color>。
63220181	赛利卡	释放殛跃挑击期间，<color=#57f0fb>红黄信号球转换为特殊球，手动消除信号球进入影袭流程</color>。
63220183	赛利卡	在进入影袭状态后，也可以长按/连点普攻消除特殊信号球。
63220185	赛利卡	长按普攻的方式让整个流程更丝滑，推荐打<color=#57f0fb>黯衍效应时优先选择</color>。
63220187	赛利卡	此操作模式能够避免打雷流程时发生长按误操作的情况，推荐打<color=#57f0fb>雷流程时优先选择</color>。
63218141	七实	我们解锁了<color=#57f0fb>无尽挑战</color>关卡，<color=#57f0fb>无尽挑战</color>没有步数限制和分数目标。
63218143	七实	但是关卡会随步数提升逐渐提高难度，指挥官可以挑战自我，不断创造新的记录。
63205005	七实	指挥官，可能你已经注意到了，6星插件有独特的量态词缀系统。
63205149	七实	点击这里即可解锁量态词缀。
63205150	七实	消耗推演晶流可以解锁量态词缀，也可以重置已解锁的词缀。
63206070	七实	推演途中不可以停下来哦，要通关所有维域才可完成推演~
63206072	七实	如果挑战失败了，七实会帮指挥官保存进度，再次挑战会接续之前的进度，要小心哦，指挥官！
63206104	七实	让我们进入维域吧。
63206109	七实	不同推演中插件的<color=#57f0fb>掉落概率</color>不同，某些关卡通关后会获得<color=#57f0fb>首通插件</color>，剩下的就交给指挥官啦！
63301169	赛利卡	指挥官，<color=#57f0fb>S级自选礼包</color>已存放在仓库中。
63301178	赛利卡	点击进入仓库。
63301180	赛利卡	打开道具界面。
63301183	赛利卡	选择S级自选礼包。
63301188	赛利卡	点击礼包即可使用。
63301193	赛利卡	指挥官，<color=#57f0fb>S级自选礼包</color>已存放在仓库中。
63312139	七实	指挥官，这就给主城<color=#57f0fb>升级</color>吧！
63312140	七实	这是<color=#57f0fb>主城</color>，我们征服星辰大海的第一步！
63312141	七实	主城什么都没有可不行，看七实的<color=#57f0fb>升级</color>魔法——
63311030	七实	指挥官，七实发现了一款新游戏——<color=#57f0fb>海沙奇旅</color>！来和七实一起玩吧！
63311112	七实	不熟悉玩法没关系，七实不会错过任何求助的声音！这次的“新手教学”，也由七实来担任！
63311113	七实	先点击这里开始吧。
63311114	七实	每个关卡有一定数量<color=#57f0fb>季度限制</color>，完成规定季度的经营后，视为通关关卡，可获得首通奖励。
63311115	七实	达成<color=#57f0fb>挑战目标</color>即可获得额外的一次性奖励。
63311116	七实	让我们正式开始吧~
63313136	七实	哼哼哼，这才对嘛！指挥官，<color=#57f0fb>主城升级</color>后，我们有<color=#57f0fb>可探索地块</color>了！
63313148	七实	另外，指挥官刚才应该也看见了，我们发现了新的<color=#57f0fb>可购买区域</color>！七实觉得应该赶紧把它买下来！
63313149	七实	不过现在还没有足够的金贝...回来看看探索能不能发现什么好东西吧！<color=#57f0fb>探索没有任何消耗</color>。
63314136	七实	金贝还是不够的样子，没办法了，我们来<color=#57f0fb>季度规划</color>看看吧！
63314152	七实	这里是<color=#57f0fb>生产力</color>，可以自由分配用于生产<color=#57f0fb>三种商品</color>上。七实建议<color=#57f0fb>每种商品</color>都生产一些！
63314154	七实	不过现在生产力只有1点，不用纠结，来生产<color=#57f0fb>椰子</color>吧！
63314156	七实	七实偷偷调高了椰子的<color=#57f0fb>价格</color>！
63314158	七实	分配生产力就可以看到<color=#57f0fb>商品预期收入</color>了。
63314160	七实	在这里还可以看到<color=#57f0fb>总收入</color>~
63314162	七实	对了，我们刚刚探索获得了一些椰子，赶紧来<color=#57f0fb>出售</color>吧！
63314164	七实	统统~<color=#57f0fb>出售</color>！
63314166	七实	这样应该就有足够的金贝了，稍微休息一下吧~
63315136	七实	快来呀指挥官，我们可以购买<color=#57f0fb>新的区域</color>了！
63315148	七实	这个区域包含一个<color=#57f0fb>城邦</color>，买下来就可以获得它的加成！
63315149	七实	这里也有新的探索地块噢~不过我们先看看<color=#57f0fb>城邦任务</color>吧！
63315154	七实	好椰！<color=#57f0fb>椰子</color>的售价提升了！
63315156	七实	城邦还会给我们发出<color=#57f0fb>城邦任务</color>，完成任务还能进一步提升城邦加成！
63316136	七实	不知道指挥官有没有发现，<color=#57f0fb>购买区域</color>和<color=#57f0fb>城邦升级</color>，都可以提供<color=#57f0fb>行商经验</color>！
63316148	七实	<color=#57f0fb>升级主城</color>，就可以获得更多生产力，并且开放新的购买区域啦！不要忘记升级哦！
63317136	常羽	指挥官，我们现在可以<color=#57f0fb>建造建筑</color>了。
63317159	常羽	建造建筑需要<color=#57f0fb>施工地块</color>、<color=#57f0fb>建筑图纸</color>和一定数目的金贝；这就是施工地块，探索时可要多加留意。
63317160	常羽	<color=#57f0fb>建筑图纸</color>主要通过<color=#57f0fb>主城升级</color>获得，至于金贝...作为老主顾，这次算我送你的！
63317162	常羽	建筑建造后可以持续产生效果，事不宜迟，赶紧建造吧！
63330122	蕾奥妮	欢迎来到<color=#57f0fb>拟论区行动</color>。本次行动指挥官将会亲身上阵，参与到行动中。
63330123	蕾奥妮	点击此处即可了解我们《拟论地球3.0试作版》的游戏规则。
63331122	蕾奥妮	本次行动提供了<color=#57f0fb>自瞄功能</color>。\n只要展示锁定按钮，长按就可触发！
63331123	蕾奥妮	在其他页签中，将锁定设置设定<color=#57f0fb>为进阶/手动锁定</color>。\n并勾选<color=#57f0fb>显示锁定按钮</color>就可以啦！
63332125	蕾奥妮	点击此处可查看武器详情。
63332126	蕾奥妮	不同武器能提供不同的属性效果，因地制宜，选择最利于当下的武器作战方可最速通关哦！
63332127	蕾奥妮	通过调试来设置最适合自己手感的参数吧！
63332128	蕾奥妮	这里可以按照指挥官的操作习惯，设置灵敏度。
50611001	赛利卡	疾雷手册已开启。
50611002	赛利卡	完成第一阶段任务，可获得强力S角色<color=#57f0fb>露西亚·深红囚影</color>。
50611003	赛利卡	点击查看第一阶段任务。
50611004	赛利卡	完成第一章，即可完成任务。
50611005	赛利卡	现在，继续完成主线剧情吧！
63340129	赛利卡	欢迎来到布局设置界面。<color=#57f0fb>按住</color>可拖动调整该模块显示位置。
63340130	赛利卡	<color=#57f0fb>双击</color>任一功能模块可对其显隐、大小、透明等内容进行设置。
63340135	赛利卡	欢迎来到布局设置界面。<color=#57f0fb>按住</color>可拖动调整该模块显示位置。
63340137	赛利卡	<color=#57f0fb>双击</color>任一功能模块可对其显隐、大小、透明等内容进行设置。
63350129	赛利卡	指挥官，您的专属手册入口转移到<color=#57f0fb>活动</color>中，请前往查看。
53300049	赛利卡	<color=#57f0fb>端域公约</color>已开启。
53300065	赛利卡	<color=#57f0fb>端域公约</color>分为两个公约区域，能够为角色提供<color=#57f0fb>永久的加成效果</color>。
53300069	赛利卡	<color=#57f0fb>边界公约</color>能够永久提升角色的<color=#57f0fb>技能等级</color>。
53300071	赛利卡	<color=#57f0fb>序列公约</color>能够永久提升角色的<color=#57f0fb>额外伤害加成</color>。
53300076	赛利卡	请指挥官对基亚兰塔港进行攻占。
53300079	赛利卡	攻占完毕后，安排角色驻守，即可获得对应加成。
53301020	赛利卡	当前区域攻占后，可以选择<color=#57f0fb>驻守成员</color>。
53301028	赛利卡	驻守的成员需<color=#57f0fb>满足以下条件</color>。
53301037	赛利卡	分配驻守成员后，将触发<color=#57f0fb>驻守效果</color>。
53301044	赛利卡	点击这里选择或切换驻守成员。
50902047	赛利卡	<color=#57f0fb>检定研发</color>已开启。
50902055	赛利卡	指挥官可检定<color=#57f0fb>S级角色</color>。
50902058	赛利卡	检定完成后，该角色占S级出率<color=#57f0fb>100%</color>，且<color=#57f0fb>40次研发必定获得</color>。
50902096	赛利卡	检定机会只有<color=#57f0fb>1</color>次，请指挥官谨慎选择。
63318165	常羽	指挥官，建造的椰椰坊产出了额外的<color=#57f0fb>椰子</color>，点击这里就可以领取啦。
63318166	常羽	椰椰坊每回合都会产出，要记得领取！其他建筑也各有作用，有<color=#57f0fb>可建造地块</color>就积极建造吧。
63319165	常羽	指挥官，再悄悄告诉你一些多赚金贝的秘诀吧。
63319170	常羽	生产效率、售价、波动等所有的货物属性最终都会影响<color=#57f0fb>货物评分</color>。
63319171	常羽	如果指挥官暂时想不到生产计划，参考现在<color=#57f0fb>货物评分</color>的高低能帮上你大忙。
63320165	常羽	指挥官，主城升级后，我们获得了额外的<color=#57f0fb>生产力</color>。
63320171	常羽	细心的指挥官可能已经看出来了，每点<color=#57f0fb>生产力</color>给<color=#57f0fb>同一货物</color>的<color=#57f0fb>生产数量</color>加成也是不一样的。
63320173	常羽	后续投入的<color=#57f0fb>生产力</color>，一般是无法达到第一次投入那么高的收益的。
63320175	常羽	如果对生产力分配感到头疼，参考<color=#57f0fb>预计总收入</color>就能大致摸清现在的经营状况啦！
63320178	常羽	所以，多尝试不同的搭配，适当拓宽经营品类才是稳妥的选择。
63321165	常羽	指挥官，上次的销售触发了<color=#57f0fb>销售暴击</color>！
63321171	常羽	什么是暴击？生产、销售都有概率<color=#57f0fb>暴击</color>，触发暴击时会根据对应的<color=#57f0fb>暴击效果</color>提供大量额外收益。
63321173	常羽	在其他属性都获取加成之后，提升<color=#57f0fb>暴击</color>属性的收益会很高。所以不要忘了提升各种属性！
63322165	常羽	这是该藏品的<color=#57f0fb>货物评分</color>，值越高代表其对该商品的增益效果越有利！
63333122	蕾奥妮	事不宜迟，选择关卡开始本次行动！
63401125	赛利卡	欢迎来到<color=#57f0fb>异构阵线·绝境先锋</color>。本次行动需要合理利用角色新能力，完成关卡挑战。
63401126	赛利卡	点击此处可查看角色详情和切换出战角色。
63401127	赛利卡	先让我们从<color=#57f0fb>教学关</color>开始吧，指挥官。
63401144	赛利卡	点击此处可进入战备界面选择需要带入行动的<color=#57f0fb>兵装和枢核</color>。
63401146	赛利卡	开始挑战前调整带入行动的枢核、兵装，可以提升作战效率。
63402125	赛利卡	空中花园<color=#57f0fb>每日</color>会发放一定量弹匣，可以用于提升角色战力，记得领取哦。
63402147	赛利卡	正式开始本次行动吧，指挥官。
63411122	莉莉丝	欢迎来到洛普拉多斯娱乐城，这是我们推出的最新游戏<color=#57f0fb>星罗棋布</color>，一场运气与脑力的对决。
63411124	莉莉丝	幸运女神会垂青于你吗？接下来就由我来讲解游戏规则。
63411126	莉莉丝	我们先进行一些热身训练吧，选择<color=#57f0fb>开局·教学Ⅰ</color>。
63411130	莉莉丝	这里展示本局游戏的<color=#57f0fb>初始棋子</color>。
63411132	莉莉丝	这里展示本局游戏内的<color=#57f0fb>挑战任务总数量以及通关目标</color>。
63411134	莉莉丝	点击<color=#57f0fb>开始</color>，开始第一局关于运气的考验吧。
63412122	莉莉丝	游戏规则很简单，<color=#57f0fb>合理选择</color>摆放在棋盘上的<color=#57f0fb>棋子</color>，<color=#57f0fb>获得更多分数</color>，完成挑战任务。
63412124	莉莉丝	这是分数棋盘，<color=#57f0fb>只有出现在棋盘上的棋子才能参与这一回合的分数统计</color>。
63412132	莉莉丝	棋子左上角是<color=#57f0fb>基础分数</color>，每次布置完棋盘，棋子的基础分数将记入本局得分。
63412133	莉莉丝	点击棋子，可以查看<color=#57f0fb>棋子详细信息</color>。
63412136	莉莉丝	这里记录<color=#57f0fb>本局游戏得分</color>，每次布置棋盘后，你获得的分数将被<color=#57f0fb>累加于此</color>。
63412137	莉莉丝	这是挑战任务，在<color=#57f0fb>第2回合布置棋盘后，游戏得分需要≥15</color>，否则挑战失败。
63412140	莉莉丝	挑战成功可以获得1个刷新币。
63413122	莉莉丝	每回合开始前，你将获得<color=#57f0fb>1次补棋机会</color>，只能从3枚棋子中选出1枚。
63413137	莉莉丝	我们选择<color=#57f0fb>基础分数高的【专家型辅助机】</color>，这样每回合分数统计结束时，可以获得更多分数。
63413141	莉莉丝	每补充一次新棋子后，<color=#57f0fb>游戏回合数+1</color>。
63413143	莉莉丝	点击<color=#57f0fb>【重新布置】</color>，进行本回合的棋盘重置和分数统计。
63413167	莉莉丝	布置棋盘后，系统会<color=#57f0fb>将棋盘上棋子的基础分数计入当前得分</color>。
63414122	莉莉丝	这一局，我们来看看棋子技能各有怎样的奇效。
63414124	莉莉丝	在选棋时，我们可以查看<color=#57f0fb>背包内已有棋子</color>，点开背包。
63414138	莉莉丝	选择金币，查看金币棋子的详细信息。
63414140	莉莉丝	这里显示金币棋子<color=#57f0fb>被消除后可获得的分数</color>，如果<color=#57f0fb>金币被消除</color>，我们可以<color=#57f0fb>获得2分</color>。
63414142	莉莉丝	<color=#57f0fb>每个回合金币都有一定概率再增加一枚金币</color>，<color=#57f0fb>为了不让金币占满棋盘，我们要尽快消除它们</color>。
63414144	莉莉丝	点击返回，让我们看看有没有能够<color=#57f0fb>消除金币的棋子</color>。
63414148	莉莉丝	苏菲亚可以<color=#57f0fb>消除相邻金币</color>。以苏菲亚为中心点，<color=#57f0fb>周围一圈</color>的位置都被视作与苏菲亚<color=#57f0fb>相邻</color>。
63414158	莉莉丝	点击<color=#57f0fb>布置棋盘</color>。
63414175	莉莉丝	苏菲亚<color=#57f0fb>消除金币获得了大量分数</color>，常羽可以增加金币棋子，选择他<color=#57f0fb>补充更多金币给苏菲亚消除</color>。
63414178	莉莉丝	选择苏菲亚。
63415122	莉莉丝	每个棋子拥有<color=#57f0fb>1-3个标签</color>，拥有<color=#57f0fb>同一标签</color>的棋子的<color=#57f0fb>技能会相互关联</color>。
63415133	莉莉丝	这里显示某一标签下的<color=#57f0fb>棋子数量</color>，一般情况下，<color=#57f0fb>棋子数量最多的标签</color>作为主流派。
63415135	莉莉丝	那我们要选择<color=#57f0fb>带有对应标签的棋子</color>，指挥官也可以通过<color=#57f0fb>调控棋子数量来改变主流派</color>。
63415137	莉莉丝	补充棋子前记得查看<color=#57f0fb>背包里的棋子</color>，注意各个棋子之间的技能搭配。
63416122	莉莉丝	这么快就到第四关了，这一局的初始棋子是赛琳娜和布偶熊。
63416133	莉莉丝	作弊指令，在每回合结算分数时，可以使赛琳娜和布偶熊在结算阶段<color=#57f0fb>额外获得3分</color>。
63416137	莉莉丝	作弊指令在<color=#57f0fb>背包内就可以生效</color>！只要拥有它，无论它是否出现在棋盘，它的效果都会生效！
63416140	莉莉丝	点击布置棋盘。
63416148	莉莉丝	直接开挂，每回合都能使赛琳娜和布偶熊的基础分数<color=#57f0fb>永久+2</color>。
63416150	莉莉丝	就是这个了！
63416158	莉莉丝	开启加速功能，可以加速算分过程。
63417122	莉莉丝	出现了，非鸦指挥官，这就是你的幸运棋子吗？它的技能是有<color=#57f0fb>一定概率变成欧皇指挥官</color>。
63417153	莉莉丝	嗯？你在期待什么？选它准没错。
63417156	莉莉丝	点击布置棋盘，看看你的运势。
63417161	莉莉丝	嗯？竟然变成<color=#57f0fb>欧皇指挥官</color>了，运气不错~继续享受属于你的好运加成吧。
63418122	莉莉丝	棋子竟然占满了整个棋盘，难道是游戏机出问题了？可别去拍动机箱，如果你不想被我惩罚的话~
63418134	莉莉丝	是新增【删除棋子】选项！我们可以在<color=#57f0fb>补充1个棋子和删除1个棋子两种操作之间二选一</color>。
63418136	莉莉丝	那我们现在就去看看删除棋子的功能，选择<color=#57f0fb>删除棋子</color>分页。
63418161	莉莉丝	在删除棋子界面，我们能<color=#57f0fb>任选1个棋子进行删除</color>。
63418164	莉莉丝	灰鸦的标志！跟灰鸦有关呢，让我们看看它有什么效果。
63418166	莉莉丝	当<color=#57f0fb>灰鸦小队与灰鸦的标志同时存在于棋盘上时，可以获得大量分数</color>。
63418168	莉莉丝	背包有21个棋子，<color=#57f0fb>棋盘只有20个位置</color>，为保证灰鸦小队与灰鸦标志出现在棋盘上，需<color=#57f0fb>删除1个棋子</color>。
63418170	莉莉丝	螺母基础分数比较低，<color=#57f0fb>删除1个螺母</color>吧。
63418173	莉莉丝	点击删除。
63418176	莉莉丝	确认删除。
63418180	莉莉丝	现在少了1个棋子，我们也可以直接在背包里<color=#57f0fb>使用删除币来删除棋子</color>。
63418184	莉莉丝	在背包里需要消耗1枚删除币删除棋子，<color=#57f0fb>完成局内挑战任务，可以获得删除币</color>。
63419124	莉莉丝	<color=#57f0fb>辅助机</color>越来越多了，小东西的技能正好可以消除辅助机。
63419126	莉莉丝	选择<color=#57f0fb>小东西</color>。
63420124	莉莉丝	呵，<color=#57f0fb>赛利卡</color>出现了。她的技能十分强力，或许今天真的是你的幸运日。
63420126	莉莉丝	这枚棋子的出现概率是很低的哦！找出其中的奥妙吧，指挥官阁下。
63421124	莉莉丝	鲨士碧儿？看着很强势，但只要棋盘上存在<color=#57f0fb>基础价值≥15的战斗角色</color>，就可以击败它！
63421126	莉莉丝	我们需要使战斗角色的基础分数≥15分，棋盘上有很多武器，<color=#57f0fb>武器可以提升战斗角色的基础分数</color>。
63421136	莉莉丝	刚好有一名<color=#57f0fb>战斗角色阿尔法</color>，就让它来消除棋盘上的武器，提升基础分数。
63421138	莉莉丝	选择阿尔法。
63421140	莉莉丝	接下来，我们尽可能<color=#57f0fb>选择武器</color>，来提升阿尔法的基础分数吧。
63422124	莉莉丝	棋盘上有很多<color=#57f0fb>铁憨憨</color>，<color=#57f0fb>铁憨憨与病毒相邻</color>后，可以<color=#57f0fb>立即转化成低级怪物</color>。
63422133	莉莉丝	被怪物吓到了吗？有时候<color=#57f0fb>利用敌人</color>也可以达到一个满意的结果，让我来教你如何利用他们吧。
63422135	莉莉丝	<color=#57f0fb>母体可以吞噬低级怪物来提升自己的基础分数</color>，创造低级怪物给母体供奉养料吧。
63422141	莉莉丝	那我们就选择<color=#57f0fb>帕弥什病毒</color>，为母体提供更多低级怪物吧。
63423124	莉莉丝	背包里的铁憨憨太多了，帕弥什病毒不太够用了，<color=#57f0fb>小辉辉</color>可以消除铁憨憨，获得额外分数。
63423126	莉莉丝	我们需要<color=#57f0fb>小辉辉</color>来消除铁憨憨！选择小辉辉。
63442001	赛利卡	<color=#57f0fb>妄婪研发</color>已开启，可<color=#57f0fb>免费获得S级增幅型构造体莉莉丝·缪影</color>。
63442002	赛利卡	选中妄婪研发页签。
63442003	赛利卡	完成任务，即可获得<color=#57f0fb>妄婪常规研发券</color>。
63441129	赛利卡	指挥官，<color=#57f0fb>妄婪研发·限时</color>已开启，请前往查看。
63403147	赛利卡	可以解锁新的<color=#57f0fb>战备</color>内容啦。快去看看吧指挥官。
63403150	赛利卡	<color=#57f0fb>兵装</color>可以改变默认的枪术或强力的增益效果。
63403152	赛利卡	通关循迹旅途特定关卡可解锁激活相应的战备购买权限。
63403153	赛利卡	<color=#57f0fb>枢核</color>为强力的主动技能，消耗必杀能量释放。
63403155	赛利卡	消耗<color=#57f0fb>弹匣</color>可购买已解锁的战备。战备可通过角色界面打开战备界面或随时在战备界面替换。
63404150	赛利卡	<color=#57f0fb>兵装</color>可以改变默认的枪术或强力的增益效果。
63404152	赛利卡	通关循迹旅途特定关卡可解锁激活相应的战备购买权限。
63404153	赛利卡	<color=#57f0fb>枢核</color>为强力的主动技能，消耗必杀能量释放。
63404155	赛利卡	消耗<color=#57f0fb>弹匣</color>可购买已解锁的战备。战备可通过角色界面打开战备界面或随时在战备界面替换。
63424156	莉莉丝	看来，你对这一组棋子的基础分数并不满意呢。<color=#57f0fb>使用</color>挑战任务奖励的<color=#57f0fb>刷新币</color>，刷新棋子组。
63424158	莉莉丝	刷新成功，<color=#57f0fb>苏菲亚</color>的基础分数是4分。
63424164	莉莉丝	点击<color=#57f0fb>布置棋盘</color>，进行第三回合的分数计算吧。
63424170	莉莉丝	选择<color=#57f0fb>苏菲亚</color>吧。
63012167	罗塞塔	行动点已回复，向着地区作战目标前进吧！
63013202	罗塞塔	谨慎思考行动的顺序，通过不同事件获取足够的银币，清理Boss即可通过。
63013206	罗塞塔	欢迎来到<color=#57f0fb>失落的白银城</color>。受到女王的诅咒，这里的怪物只能使用代理作战进行清理。
63013207	罗塞塔	持有银币数量不足时，可保留若干行动点进行结算，结算时<color=#57f0fb>每1点行动点将转化为100银币</color>。
63013229	罗塞塔	引导异常...恢复中...
63014202	罗塞塔	谨慎思考行动的顺序，通过不同事件获取足够的银币，清理Boss即可通过。
63014206	罗塞塔	欢迎来到<color=#57f0fb>失落的白银城</color>。受到女王的诅咒，这里的怪物只能使用代理作战进行清理。
63014207	罗塞塔	持有银币数量不足时，可保留若干行动点进行结算，结算时<color=#57f0fb>每1点行动点将转化为100银币</color>。
63014229	罗塞塔	引导异常...恢复中...
63501129	赛利卡	欢迎来到<color=#57f0fb>恋谱绘奏</color>。在此指挥官需要和构造体配合与对手进行纸牌比大小游戏。
63501131	赛利卡	在此处可以查看<color=#57f0fb>对局规则</color>，伴随着对局的进行，规则也会改变。
63501132	赛利卡	在此处可以<color=#57f0fb>更改对局助手</color>，助手可以在对局中给予提示。
63501134	赛利卡	在此处可以查看<color=#57f0fb>对局对手和奖励</color>，对局获胜后，则可获得相应的对局奖励。
63501136	赛利卡	对方的话中会包含<color=#57f0fb>对局策略</color>，可以参考对手的话进行出牌。
63501138	赛利卡	指挥官，我们现在就开始对局吧。
63502129	赛利卡	对局中，双方的<color=#57f0fb>手牌相同</color>，双方各自进行出牌，最后翻开进行比对。
63502138	赛利卡	<color=#57f0fb>对手的表情会透露出牌想法</color>，看来这个对手想要求稳呢，应该不会出大牌。
63502140	赛利卡	将纸牌<color=#57f0fb>拖拽</color>到此处可以<color=#57f0fb>出牌</color>。
63502142	赛利卡	这一次打出红桃4吧。
63502145	赛利卡	出牌后，点击确认则<color=#57f0fb>确认出牌</color>，翻牌进行比对啦。
63503129	赛利卡	向助手<color=#57f0fb>求助</color>，可以预测对手出牌，不过一局只能<color=#57f0fb>求助一次</color>哦！
63503130	赛利卡	接下来请指挥官<color=#57f0fb>获取分数，取得胜利</color>吧！
63503134	赛利卡	指挥官可以根据提示进行出牌。
63511167	赛利卡	欢迎来到<color=#57f0fb>拟像试炼</color>。空中花园将过往经历过的强大敌人数据化后加入了训练系统中。
63511171	赛利卡	指挥官们可以选择敌人将其化为实体进行训练。
63511176	赛利卡	试炼中的敌人拥有与曾经不同的技能，点击按钮<color=#57f0fb>可切换</color>查看怪物技能。
63511178	赛利卡	部分技能可进行单独练习，点击<color=#57f0fb>练习按钮</color>可进入联系对应技能的练习关卡。
63511180	赛利卡	在进入试炼前先在教学关卡中了解本次试炼与常规挑战的差别吧。
63511187	赛利卡	在试炼中角色可以使用独特的天赋，天赋需要挑战试炼后才会解锁。
63511189	赛利卡	让我们先进行教学作战吧。
63512167	赛利卡	每个角色都会激活一个固定的强力天赋。
63512170	赛利卡	此外，使用对应角色挑战试炼获得<color=#57f0fb>试炼评级积分</color>还能额外获得可选天赋。
63521181	赛利卡	<color=#57f0fb>红潮值满</color>后，部分节点将变为<color=#57f0fb>残垣断壁</color>节点。
63521189	赛利卡	本期众志行征击破<color=#57f0fb>孤崖关塞</color>节点后，将解锁<color=#57f0fb>红潮爆发功能</color>。通关关卡将提升红潮值。
63521209	赛利卡	更多信息，请查看<color=#57f0fb>图文教学</color>。
63522189	赛利卡	<color=#57f0fb>残垣断壁</color>节点中的怪物将获得大幅强化。
63522190	赛利卡	<color=#57f0fb>残垣断壁效果</color>持续一段时间后消失，通关残垣断壁节点可加速移除残垣断壁效果。
63523189	赛利卡	当前红潮值会继承进入<color=#57f0fb>领主关卡</color>中。
63523190	赛利卡	关卡内攻击领主可<color=#57f0fb>积累红潮值</color>，红潮值满时领主进入<color=#57f0fb>暴走状态</color>。
63524189	赛利卡	击破领主节点后，开启<color=#57f0fb>新周目</color>，新周目中的关卡获得强化，通关获得<color=#57f0fb>积分增加</color>。
63531136	赛琳娜	指挥官，欢迎来到<color=#57f0fb>卧猫藏鼠</color>派对游戏！本次派对共有三张地图，将于每日凌晨05:00<color=#57f0fb>自动更换</color>。
63531167	赛琳娜	对局结算时将获得<color=#57f0fb>声望经验</color>，当日获取经验达到<color=#57f0fb>上限</color>后不再产出，每日凌晨05:00更新。
63531168	赛琳娜	本次活动新增话题投票玩法，参与投票可额外获得<color=#57f0fb>声望经验</color>，投票话题每4天更新一次。
63531170	赛琳娜	获得声望经验可提升<color=#57f0fb>声望等级</color>，解锁丰富<color=#57f0fb>奖励</color>，也可以在投票玩法中获得<color=#57f0fb>更多票数</color>。
63531177	赛琳娜	更多新增内容，请点击图文教程查看。
63532136	赛琳娜	点击匹配，将直接进入匹配队列寻找对局，<color=#57f0fb>匹配成功后立即进入战斗</color>。
63533136	赛琳娜	更多<color=#57f0fb>主动技能</color>已经解锁，请指挥官尝试携带不同的技能进行游戏吧！
63541129	赛利卡	指挥官，欢迎来到<color=#57f0fb>寰格牌律</color>。本玩法中，指挥官需要规划出牌，带领小队战胜强敌。
63541132	赛利卡	在此处可以查看<color=#57f0fb>关卡胜利条件及星级目标</color>。
63541134	赛利卡	事不宜迟，让我们开始挑战吧。
63541142	赛利卡	首先从<color=#57f0fb>单兵作战</color>开始，尝试与露西亚共同作战吧。
63542129	赛利卡	<color=#57f0fb>胜利目标</color>会出现在中间，<color=#57f0fb>行动预览</color>将显示在怪物头像上方。下回合怪物将造成共计<color=#57f0fb>15点伤害</color>！
63542132	赛利卡	<color=#57f0fb>长按并拖动手牌</color>至场中即可打出，<color=#57f0fb>相邻的同色牌将连消强化打出效果</color>，试试打出3张蓝球牌吧！
63542142	赛利卡	首先，让我们点击怪物头像<color=#57f0fb>切换攻击目标</color>，优先击败<color=#57f0fb>生命值更少</color>的怪物。
63542146	赛利卡	露西亚出场时，三消造成攻击伤害，并触发<color=#57f0fb>核心被动</color>，长按构造体头像，可以查看<color=#57f0fb>技能详情</color>。
63542149	赛利卡	露西亚·红莲的核心被动能在<color=#57f0fb>三消后额外抽牌，并使本回合内的后续伤害翻倍</color>！
63542153	赛利卡	每次出牌需要<color=#57f0fb>消耗行动点</color>，此处可查看剩余行动点，接下来请自由行动，完成本次作战吧。
63543129	赛利卡	除色球牌外，每个角色会对应一张独特的<color=#57f0fb>必杀牌</color>，打出消耗行动点，必杀牌无法进行连消。
63543132	赛利卡	现在切换攻击目标，即可<color=#57f0fb>打出必杀牌将怪物秒杀</color>！接下来请指挥官自行行动，完成本次作战吧。
63543142	赛利卡	打出三消色球牌，使露西亚进入[双刀术]状态，可以<color=#57f0fb>翻倍必杀牌伤害</color>。
63544129	赛利卡	进攻型外的构造体初始处于后台，切人操作需要<color=#57f0fb>消耗行动点</color>。点击头像，将七实切换出场吧。
63544142	赛利卡	风暴的核心被动能在<color=#57f0fb>三消后额外抽牌，并使指挥官获得护甲：一回合内代替生命值承受伤害</color>。
63544163	赛利卡	与核心被动相对，<color=#57f0fb>角色处于后台时，打出相同颜色的三消将触发角色QTE技能</color>。
63544165	赛利卡	红色角色的QTE技能<color=#57f0fb>能够回复行动点</color>，黄色角色的QTE技能则<color=#57f0fb>能够获得护甲和额外抽牌</color>。
63544168	赛利卡	此时打出三消红球牌，能够在<color=#57f0fb>触发风暴核心被动效果的同时，触发红色角色的QTE技能</color>。
63544171	赛利卡	触发QTE技能后，<color=#57f0fb>直接进行切人，可以不消耗行动点将其切换出场</color>，点击切换露西亚出场。
63545129	赛利卡	打出角色必杀牌时，<color=#57f0fb>若角色不处于出场状态，将切换出场</color>，打出七实必杀牌，完成本次作战吧。
63546129	赛利卡	部分关卡怪物较多时，<color=#57f0fb>需要依靠部分构造体的群体伤害能力</color>。
63546132	赛利卡	首先，打出三消蓝球牌，丽芙·蚀暗出场时，三消蓝\黄球牌将<color=#57f0fb>对指挥官进行治疗</color>。
63546142	赛利卡	丽芙·蚀暗的核心被动，能在<color=#57f0fb>任意三消后造成可观的群体伤害</color>，将其切换出场吧。
63546159	赛利卡	再次打出<color=#57f0fb>三消牌</color>，就可以击败威胁最高的怪物了，接下来请指挥官继续行动，完成本次作战吧。
63547129	赛利卡	修理机工下回合将进行<color=#57f0fb>特殊行动</color>，长按头像可<color=#57f0fb>查看详情</color>。
63548129	赛利卡	一些怪物在战斗中会获得<color=#57f0fb>特殊标记</color>，长按头像可以<color=#57f0fb>查看详情</color>。
63548144	赛利卡	怪物处于[刚体]状态时，所受伤害恒为1，需要打出<color=#57f0fb>足够多点数的牌</color>来移除标记。
63548146	赛利卡	本关卡开始，指挥官可以使用<color=#57f0fb>首席的实力</color>技能来<color=#57f0fb>调整任一手牌的位置</color>，点击尝试使用技能吧。
63548150	赛利卡	<color=#57f0fb>调整牌序，打出三消蓝即可抵消怪物的【刚体】</color>，接下来请指挥官继续行动，完成本次作战吧。
63549129	赛利卡	长按<color=#57f0fb>怪物目标</color>，可以查看挑战关卡<color=#57f0fb>特殊标记</color>。
63549144	赛利卡	点击<color=#57f0fb>推荐组队</color>，可以一键上阵推荐的阵容搭配。
63550129	赛利卡	解锁新角色后，可以在此处<color=#57f0fb>替换上阵角色</color>。
63550144	赛利卡	根据职业类型，角色有自己对应的<color=#57f0fb>颜色位置</color>，<color=#57f0fb>不同角色组合</color>可以打出更多有趣的配合！
63551129	赛利卡	无尽关卡中，指挥官被击败时将<color=#57f0fb>不能重启，并结算完成的波次和积分</color>。
63551146	赛利卡	关卡机制<color=#57f0fb>将随波次轮转</color>，在无尽挑战中磨砺技巧，尽可能多地击败怪物吧！
63504138	赛利卡	这次对手想先出大牌，不知道具体牌的情况下，使用小牌进行应对吧。
63504142	赛利卡	使用<color=#57f0fb>红桃A</color>进行应对，<color=#57f0fb>保留大牌</color>来击败对手吧。
63601136	洁塔薇	指挥官，欢迎来到<color=#57f0fb>永封裂隙</color>。点击进入碎凌凝川章节。
63601180	洁塔薇	此处展示了当前冰场的<color=#57f0fb>优势作战属性</color>。
63601183	洁塔薇	使用<color=#57f0fb>一键上阵</color>功能，快速上阵推荐角色。
63601185	洁塔薇	事不宜迟，立即开启挑战！
63602136	洁塔薇	点击查看当前冰层的敌人。
63602180	洁塔薇	在<color=#57f0fb>永封裂隙</color>内可以装备插件提升成员能力。
63602185	洁塔薇	马上开始战斗吧！
63602189	洁塔薇	本关插件是免费的，点击选中。
63603136	洁塔薇	通关第一层后，让我们进入第二层。
63603180	洁塔薇	本层由三个<color=#57f0fb>点数关</color>和一个<color=#57f0fb>BOSS关</color>组成，先点击点数关。
63603185	洁塔薇	<color=#57f0fb>点数关可以提供插件点数</color>，合理选择上阵角色完成作战，获取插件点数吧。
63603195	洁塔薇	点击按钮，查看可用角色。
63603197	洁塔薇	优先选择带有推荐标签的角色，尽量获得更多的插件点数。
63604136	洁塔薇	通过点数关获得的璨芒点已在此处展示。
63604180	洁塔薇	选择插件会消耗璨芒点，提升成员在BOSS关卡内的能力。
63604203	洁塔薇	<color=#57f0fb>本层消耗的所有璨芒点会在下一层返还</color>，合理消耗璨芒点提升角色的能力吧！
63604205	洁塔薇	完成本层所有点数关作战后，才可以挑战BOSS关卡。
63605136	洁塔薇	通关第二层后，进入第三层。
63605180	洁塔薇	在冰场<color=#57f0fb>顶层</color>时，关卡BOSS将带有可挑战的<color=#57f0fb>星级目标</color>。
63605195	洁塔薇	<color=#57f0fb>最终BOSS关卡的分数越高，下个冰场可一键扫荡的层数越多</color>。
63605197	洁塔薇	向着更高的分数发起挑战吧！
63606136	洁塔薇	本作战章节共有两个冰场，完成<color=#57f0fb>浅层冰场的挑战才可以挑战核心冰场</color>。
63606180	洁塔薇	<color=#57f0fb>核心冰场的最终BOSS的得分即为本章节的得分。</color>
63606183	洁塔薇	根据冰场的<color=#57f0fb>优势作战属性</color>选择合适的作战成员吧。
63607136	洁塔薇	当前关卡为作战小队提供了环境增益，可点击查看。
63607200	洁塔薇	指挥官也可以加入小队，再次与洁塔薇并肩作战。
63621180	小露	<color=#57f0fb>点击或按住拖动</color>可将货物放入箱子。
63621186	小露	点击按钮，<color=#57f0fb>旋转</color>货物可调整货物方向。
63621187	小露	点击按钮，确认<color=#57f0fb>放置</color>货物。
63621188	小露	<color=#57f0fb>打包完毕</color>，点击按钮即可进行结算。
63620136	小露	欢迎来到<color=#57f0fb>偷闲专递</color>，指挥官。
63620169	小露	本次需要帮助事务所完成经营目标。我们先从<color=#57f0fb>入门培训</color>开始吧。
63620171	小露	先来学习下怎么<color=#57f0fb>打包货物</color>吧。
63622180	芙芙	正式经营开始啦！从现在开始我们会接到<color=#57f0fb>多个订单</color>。先来完成<color=#57f0fb>第一个订单</color>吧。
63622189	芙芙	再放入一个货物，完成这个订单吧。
63622193	芙芙	点击按钮，确认<color=#57f0fb>放置</color>货物。
63622194	芙芙	点击按钮，<color=#57f0fb>提交当前订单</color>。
63622195	芙芙	还剩部分货物需要打包。接下来自行操作吧，指挥官。
63623180	芙芙	有些订单货物内容较多，可以选择<color=#57f0fb>更大的箱子</color>来整理。
63623195	芙芙	货物上会提示其更适合放置的箱子，注意<color=#57f0fb>颜色</color>。
63623196	芙芙	接下来自行操作吧，指挥官。
63624180	里哥	旺季经营需要<color=#57f0fb>及时</color>的处理现有订单。未及时完成的订单会<color=#57f0fb>自动退单</color>，注意<color=#57f0fb>效率</color>！
63624199	里哥	指挥官做好准备了吗？
63624202	里哥	游戏中会有随机事件触发，<color=#57f0fb>根据事件选项可获得不同的增益buff</color>。
63624205	里哥	事件过程中，游戏会暂停。点击空白位置关闭事件后，游戏会立即开始，一口气上吧！
63608136	洁塔薇	点击进入点数关。
63608200	洁塔薇	每个点数关<color=#57f0fb>可获得的璨芒点存在上限</color>。
63608205	洁塔薇	即使上阵成员已满足所有条件，也只可获得点数的上限。
63608207	洁塔薇	尝试<color=#57f0fb>使用洁塔薇来进行BOSS作战</color>吧！
63609136	洁塔薇	BOSS词缀过于棘手时，可<color=#57f0fb>选择插件移除对应词缀</color>。
63610136	洁塔薇	天赋系统已开启。
63610180	洁塔薇	通关对应章节，即可解锁新的天赋模块。
63610182	洁塔薇	每个<color=#57f0fb>天赋可升级三次</color>，升级所消耗的<color=#57f0fb>代币可通过探索冰场获得</color>。
63610184	洁塔薇	解锁或升级天赋，<color=#57f0fb>不仅提供作战增益，也可额外提升成员战力值</color>。
63611136	洁塔薇	灯油可在天赋系统中进行角色强化。
63611180	洁塔薇	天赋系统可<color=#57f0fb>提升成员战力，帮助指挥官快速扫荡点数关</color>。
63700128	薇拉	欢迎来到<color=#57f0fb>烬锋破浪</color>，指挥官。
63700140	薇拉	本次活动需要指挥官帮助薇拉收集远洋航行所需的物资。这就让我们即刻进入<color=#57f0fb>迷雾</color>。
63700141	薇拉	让我们从基础的操作和规则开始。
63700142	薇拉	点击<color=#57f0fb>开始</color>，进入第一关。
63701128	薇拉	上下左右滑动屏幕或者WASD可移动方块。
63701141	薇拉	相同数字的方块之间可以合成，合成<color=#57f0fb>目标方块-星图解析</color>后盘面可以升级。
63701143	薇拉	向左滑动方块，相同数字的方块之间可以合成。
63701145	薇拉	棋盘升级时保留最大方块、消除其他方块和获得<color=#57f0fb>强化步数</color>，强化步数中生成的方块数字会<color=#57f0fb>更大</color>。
63701149	薇拉	强化步数在每次数字方块生成后会<color=#57f0fb>减1</color>，当强化步数为0时，生成的方块数字会<color=#57f0fb>恢复默认</color>。
63701151	薇拉	当盘面等级到达最高等级且合成了该等级下的星图解析，游戏结束。
63701153	薇拉	请指挥官在有限的步数内，尽快合成目标方块吧！
63702128	薇拉	该效果为生成特定的<color=#57f0fb>特殊方块-定向罗盘</color>，数字标记为特殊方块生成的冷却步数。
63702143	薇拉	定向罗盘方块可以和<color=#57f0fb>任意有数字的方块发生一次合成</color>。
63703128	薇拉	该效果为生成特定的<color=#57f0fb>特殊方块-测距道标</color>。
63703143	薇拉	测距道标的效果是参与合成后使其<color=#57f0fb>上下左右的方块数字翻倍</color>。
63704128	薇拉	该效果为生成特定的<color=#57f0fb>特殊方块-航道中枢</color>。
63704143	薇拉	当航道中枢方块的上下左右有方块受到测距道标效果而翻倍时，<color=#57f0fb>航道中枢的数字也翻倍</color>。
63705128	薇拉	该效果为生成特定的<color=#57f0fb>特殊方块-蓄能核心</color>。
63705143	薇拉	蓄能核心每参与一次合成或翻倍后，下方<color=#57f0fb>数字标记+1</color>。
63706128	薇拉	该效果为生成特定的<color=#57f0fb>特殊方块-压舱货物</color>。
63706143	薇拉	压舱货物<color=#57f0fb>不可移动</color>，当压舱货物参与合成或翻倍后，将<color=#57f0fb>变成蓄能核心</color>。
63015166	罗塞塔	新增开局效果【代理讨伐】，可在对局中消耗军事建设度进行代理作战。
63016166	罗塞塔	跋涉印迹新增了【觉醒】相关天赋，解锁后即可在对局内获得更多力量。
63016169	罗塞塔	解锁对应天赋，能在对局中获得新资源<color=#57f0fb>觉醒值</color>，收集更多觉醒值，可解锁全新结局。
63016172	罗塞塔	新增机制<color=#57f0fb>沙盘重构</color>，在对局中使用可回到几天前并获得期间消耗的部分资源。
63017202	罗塞塔	在寒境曙光的特定路线中，会出现<color=#57f0fb>“沙盘崩落”</color>机制。
63017231	罗塞塔	一定回合后，有坠毁倒计时的地块会<color=#57f0fb>永久崩落，无法再次进入</color>，谨慎规划好行动路线吧。
63720108	薇拉	欢迎来到<color=#57f0fb>步步荆棋</color>。让我们先开启棋局吧。
63720138	薇拉	先选择一个章节吧。
63720142	薇拉	开始战斗吧！
63721108	薇拉	目标是与我一起<color=#57f0fb>消灭对方的国王</color>。有时它们会藏在幕后，<color=#57f0fb>通过消灭随从棋子让它现形</color>吧！
63721138	薇拉	有敌人棋子锁定了我，让我看看怎么规避它！
63721140	薇拉	周边有些绿色的格子，应该是些安全的地方。
63721142	薇拉	点击这里可以<color=#57f0fb>释放技能</color>攻击敌人。
63721144	薇拉	造成伤害后我会获得<color=#57f0fb>怒气</color>，累计后<color=#57f0fb>可强化技能和移动</color>，不过使用强化技能会消耗怒气。
63721147	薇拉	闲话少说，让我们先<color=#57f0fb>规避敌人</color>攻击吧！
63721150	薇拉	双指滑动屏幕可调整视角高低，点击这里可切换视角。
63733167	赛利卡	第三章的<color=#57f0fb>前两场战斗</color>中，达成特定条件后可进行<color=#57f0fb>扫荡作战</color>。
63733168	赛利卡	<color=#57f0fb>激活扫荡作战</color>需要满足条件：\n完成<color=#57f0fb>所选怪物首通</color>；\n达成<color=#57f0fb>关联难度的特定总分</color>。
63733170	赛利卡	满足条件后，点击<color=#57f0fb>扫荡按钮</color>即可进行当前关卡的扫荡作战。
63732201	赛利卡	本章节中，指挥官可以从六名敌人中<color=#57f0fb>任意选择三名</color>完成章节挑战。
63732202	赛利卡	每场战斗的<color=#57f0fb>难度独立</color>，可自由选择难度进行挑战。
63732204	赛利卡	每名敌人有4个难度，需要<color=#57f0fb>通关或扫荡</color>前一难度后才能解锁后续难度。
63732206	赛利卡	每个难度有对应的<color=#57f0fb>积分</color>和<color=#57f0fb>额外词缀</color>，谨慎应战获取更高分数吧。
63731201	赛利卡	战胜敌人后需要<color=#57f0fb>驻守</color>一名角色，驻守角色<color=#57f0fb>无法在后续战斗出战</color>，但会提供强力的<color=#57f0fb>加成效果</color>。
63730167	赛利卡	欢迎来到<color=#57f0fb>擐甲执械</color>，指挥官。
63730171	赛利卡	每个章节需要使用一个编队<color=#57f0fb>连续挑战三名敌人</color>，每名敌人会有一个特殊词缀。
63730195	赛利卡	本次挑战包含3个章节，每个章节需要使用一个编队<color=#57f0fb>连续挑战三名敌人</color>。先从第一章开始尝试吧。
63730196	赛利卡	挑战开始前，还需要手动选择一个<color=#57f0fb>章节弱点</color>，来决定指挥官倾向的战斗编队。
63730201	赛利卡	弱点选择后，本次挑战期间<color=#57f0fb>不可更改</color>。选择弱点后就开始战斗吧。
63730205	赛利卡	所有词缀都将<color=#57f0fb>继承至后续战斗</color>，可以点击这里进行查看。
63730211	赛利卡	<color=#57f0fb>Boss级敌人</color>都拥有一个<color=#57f0fb>特殊技能</color>，在后续战斗中会在特定时机<color=#57f0fb>释放该技能为敌人助战</color>。
63707128	薇拉	本关为<color=#57f0fb>无尽关</color>，没有步数限制。
63708128	薇拉	本关为<color=#57f0fb>无尽关</color>，没有步数限制。
63709128	薇拉	本关为<color=#57f0fb>无尽关</color>，没有步数限制。
63710128	薇拉	当盘面升级时，累计的数字会<color=#57f0fb>加到强化步数</color>，从而获得更多强化步数。
63722138	薇拉	陷入包围了，先脱离包围圈吧。
63722140	薇拉	解锁了新技能，使用<color=#57f0fb>格挡</color>可以<color=#57f0fb>免疫</color>即将到来的伤害，格挡成功时会<color=#57f0fb>获得额外怒气值</color>。
63722142	薇拉	灵活运用格挡，可以有效化解危机，让我们继续作战吧。
63723138	薇拉	遭遇大波敌人，让我试试新技能。
63724138	薇拉	遇到首领级的敌人了，点击它侦察下信息吧。
63724140	薇拉	这里可以看到它的当前意图。
63724153	薇拉	点击这里，可以查看它的技能信息，首领冷却完毕的技能会被优先释放，注意提前规避。
63725138	薇拉	敌方BOSS准备释放技能了！点击查看技能信息，首领只会在<color=#57f0fb>我们行动之后</color>才会行动。
63725140	薇拉	在技能即将释放时<color=#57f0fb>棋盘地面</color>会有<color=#57f0fb>预警</color>提示，注意躲避技能！
63725153	薇拉	战胜敌人吧！
63725165	薇拉	此处提示了BOSS<color=#57f0fb>技能生效</color>的时机，<color=#57f0fb>即将释放</color>代表下回合生效。
63726108	薇拉	完成正式章节后，点击这里解锁困难模式，挑战没有奖励但可获取更高的结算分数。
63741108	薇拉	指挥官，来帮我一个小忙，帮我<color=#57f0fb>连接</color>过去和现在的记忆。
63741147	薇拉	准备好就开始吧。
63741151	薇拉	将<color=#57f0fb>相同的图案相连</color>，可以帮我整理思绪。
63800121	赛利卡	欢迎指挥官来到<color=#57f0fb>界限构解</color>，点击此处进入新的章节。
63800138	赛利卡	环境情报中，将会展示当前关卡的<color=#57f0fb>环境效果</color>。
63800148	赛利卡	点击右上角按钮或空白处关闭环境情报界面。
63800151	赛利卡	本次界限构解中，指挥官所选择的词缀将会对<color=#57f0fb>所有敌人</color>生效。
63800153	赛利卡	关卡等级关联敌人与词缀的<color=#57f0fb>解析度</color>，通关后可在<color=#57f0fb>活动任务</color>内领取奖励。
63800158	赛利卡	进入关卡前，先让我们选择敌人与词缀效果吧。
63801138	赛利卡	部分关卡会<color=#57f0fb>限制上阵角色</color>，请指挥官根据角色特性，选择合适的敌人与词缀。
63802121	赛利卡	指挥官成功通关简单模式下所有关卡，现已解锁<color=#57f0fb>困难模式</color>，点此处可进行模式切换。
63802123	赛利卡	困难模式中，将会有<color=#57f0fb>额外的等级</color>获取，同时难度也会更高，向着更多的奖励发起挑战吧！
63810121	赛利卡	欢迎来到<color=#57f0fb>算力吞吞怪</color>，指挥官。
63810138	赛利卡	先选择一个章节吧。
63810148	赛利卡	我们需要尽可能多的收集算力结晶，并成功逃离获得高分。
63810164	赛利卡	在开始行动前，我们可以了解本关的道具和怪物情况。
63810166	赛利卡	本关可拾取跑鞋，利用它提高移动速度！穿越怪物可进一步提高跑鞋速度并刷新持续时间。
63810169	赛利卡	这一关的怪物好像平平无奇，以后或许会有强大的怪物出现，要留意啊!
63810172	赛利卡	现在让我们开始逃亡吧！
63820201	赛利卡	欢迎来到活动：<color=#57f0fb>除魔者不朽</color>。本次角色试玩活动包含<color=#57f0fb>两位联动角色</color>。
63820203	赛利卡	点击切换按钮，切换至<color=#57f0fb>“但丁”</color>角色试玩活动界面。
63820205	赛利卡	再次点击切换按钮，回到<color=#57f0fb>“维吉尔”</color>角色试玩活动界面。
63900185	涅缇娅	灰鸦，你醒了。
63900187	涅缇娅	这里是诡魇客栈，是我创造的一方净土，也是你旅途的休憩之所。
63900188	灰鸦	这里是……？
63900190	涅缇娅	你看起来有些困惑，是忘记了什么东西吗？
63900192	涅缇娅	触碰我的吊坠吧，它能帮你拾起过往的回忆
63900194	涅缇娅	不必心急，留给我们的时间……还有很多。
63940136	鲨鲨	欢迎来到鲨鲨破坏王嗷呜~
63940138	鲨鲨	先从幕后试演开始吧嗷呜~
63940145	鲨鲨	事不宜迟，开始挑战吧嗷呜~
63941136	赛琳娜	指挥，我们的目标是这里！方块<color=#57f0fb>填满整行，会自动消除并获得分数</color>。
63941177	赛琳娜	<color=#57f0fb>狂热槽充满后进入狂热状态</color>。尽情开始演奏吧~
63941181	赛琳娜	<color=#57f0fb>进入狂热</color>状态时和进入狂热状态后的<color=#57f0fb>每次操作</color>，都会让<color=#57f0fb>方块提高至八行</color>。
63941192	赛琳娜	选中方块！当方块<color=#57f0fb>左右</color>相邻有空位时，可对其进行<color=#57f0fb>横向移动</color>。
63941195	赛琳娜	每次狂热会获得<color=#57f0fb>强化步数，强化接下来的三次操作</color>。
63941199	鲨鲨	<color=#57f0fb>但鲨鲨会阻止方块超过八行</color>，指挥官可以放心嗷呜!
63942136	赛琳娜	<color=#57f0fb>退出狂热</color>状态时，鲨鲨会将<color=#57f0fb>方块回退至两行</color>，并重置棋盘下的所有方块。
63943136	鲨鲨	点击此处，可查看本局游戏会出现的方块嗷呜~
63943149	鲨鲨	点击此处，可更换本局游戏的角色，决定好了就开始游戏嗷呜~
63944136	赛琳娜	当<color=#57f0fb>上方</color>出现方块预览时，本次行动后将会生成一块预览所示的方块<color=#57f0fb>掉落</color>到方块上层。
63944192	赛琳娜	看起来是个大挑战呢，指挥，我们做好准备一起面对吧！
63944204	赛琳娜	是红符方块！<color=#57f0fb>消除后可获得谱长缩减道具哦！</color>
63945136	赛琳娜	有时方块会<color=#57f0fb>一次性上升两行</color>，指挥需要提前注意规划。
63945192	赛琳娜	我们试试操作这一块。
63945204	赛琳娜	进入狂热状态时，<color=#57f0fb>消耗强化步数可以强化道具</color>的效果，不妨实际操作体验一下吧。
63946136	比安卡	阁下，本关新增了一个特殊方块，名为<color=#57f0fb>连奏方块</color>。点击此处我们一起看看说明吧。
63910009	涅缇娅	在旅途中，你可以用自己的选择来决定事件的走向。
63910011	涅缇娅	首次遭遇的事件会有额外的奖励，多留意那些没有处理过的事件吧。
63911121	涅缇娅	<color=#57f0fb>神寂启示录</color>采用全自动战斗，你需要为角色配置合适的<color=#57f0fb>技能</color>和<color=#57f0fb>符纹</color>，从而迎战强敌。
63911162	涅缇娅	开始行动后，首先会进入整备环节，你可以在此阶段为角色装备<color=#57f0fb>技能</color>以及<color=#57f0fb>符纹</color>。
63911165	涅缇娅	点击<color=#57f0fb>选择</color>可获取技能，也可以将技能直接<color=#57f0fb>拖拽</color>至技能栏位。
63911169	涅缇娅	角色最多可装备3个<color=#57f0fb>技能</color>。
63911184	涅缇娅	首次战斗之前，你需要在三个技能中进行一次选择。
63911186	涅缇娅	技能选择环节中，必须选择一个技能，才能进入下一阶段。
63911188	涅缇娅	随后每进行若干次战斗，即可额外选择一个技能。
63912121	涅缇娅	灰鸦，你可以在我这使用<color=#57f0fb>金币</color>购买符纹。
63912189	涅缇娅	角色初始状态下可装备3个符纹，可花费金币解锁更多栏位，最多同时可装备10个符纹。
63912191	涅缇娅	点击尚未解锁的栏位即可解锁栏位上限。每进行一次战斗，栏位解锁价格会<color=#57f0fb>降低</color>3枚金币。
63912193	涅缇娅	点击符纹，可以查看符纹详细介绍。
63912196	涅缇娅	所有符纹都会提供基础的攻击与生命属性。
63912198	涅缇娅	符纹分为4个稀有度，分别为<color=#4da27b>绿</color>、<color=#437cad>蓝</color>、<color=#d65fb3>紫</color>、<color=#ee762e>橙</color>。稀有度越高，符纹提供的属性与效果越强。
63912200	涅缇娅	此外符纹还会提供特殊效果，提升角色的战斗能力。
63912202	涅缇娅	在烬土边疆，人们将符纹划分了不同的<color=#57f0fb>流派</color>。
63912205	涅缇娅	如果发现了心仪的符纹，但是囊中羞涩，也可以选择<color=#57f0fb>冻结</color>这些符纹。
63912207	涅缇娅	如果这里没有适合你的，也可以选择<color=#57f0fb>刷新</color>，我会为你再搜罗一些新的符纹。
63912209	涅缇娅	完成整备后，点击<color=#57f0fb>开战</color>即可进行战斗。
63912211	涅缇娅	装备符纹可提升角色属性、获得额外被动技能，合理搭配符纹是克敌制胜的关键。
63912213	涅缇娅	随着你旅途的进行，诡魇客栈中可能会出现对整个流派进行增幅的符纹。
63912215	涅缇娅	即便开战之后，被冻结的符纹也不会消失。
63913009	涅缇娅	对战胜利后，可根据结算数据获得奖励玛门铂金币，可用于商店兑换道具。
63914011	灰鸦	列车上的战斗很顺利，但在那之后发生了什么？
63915011	灰鸦	涅缇娅，是你救了我？
63915014	涅缇娅	身体感觉好些了吗？
63915016	涅缇娅	嗯，你的伤势很重。下次……不要这么勉强自己了。
63915018	灰鸦	我回想起了一些事情，但还是有些模糊。
63915020	涅缇娅	毕竟你昏迷了很久，身体还需要适应。
63915022	涅缇娅	稍稍休息一下吧，我来带你了解下这座客栈。
63916014	涅缇娅	烬土上游荡着无数渴望着财富与荣耀的冒险者，你可以选择参与亡命死竞，和他们一较高下。
63916017	涅缇娅	或者，你也可以选择继续留在客栈之中，踏上启示之路，和你的伙伴们继续讨伐神明的征程。
63917014	涅缇娅	去和同伴们聊聊吧，也许能帮助你更好地恢复记忆。
63918014	涅缇娅	「战争骑士」渡边，他是一位出色的战士，与他一起踏上旅途，去揭晓属于你与他的过去吧。
63918019	涅缇娅	调查事件可以收集线索，线索集齐后即可开始情报分析环节。
63918022	涅缇娅	所以，尽可能探索新的事件，集齐所有线索吧。
63919184	涅缇娅	现在已经收集了足够的线索，去推演分析出你与他的过去吧。
63919186	涅缇娅	点击核心线索。
63919194	涅缇娅	选择最合适的回答，揭开事件的真相。
63919196	涅缇娅	选择你满意的答案后，点击推演，即可回答问题。
63920014	涅缇娅	欢迎来到<color=#57f0fb>亡命死竞</color>模式，灰鸦。
63920018	涅缇娅	在<color=#57f0fb>亡命死竞</color>中，你可以选择一名角色，搭配技能与符纹，挑战其他冒险者。
63920021	涅缇娅	请选择本次挑战使用的角色。
63920022	涅缇娅	每个角色拥有独立的积分，参与<color=#57f0fb>亡命死竞</color>，战胜敌人可获得积分并提升<color=#57f0fb>段位</color>。
63920031	涅缇娅	亡命死竞模式共有5个段位，活动持续期间，提升段位可以获得荣誉奖励。
63920033	涅缇娅	让我们尝试进行一次挑战。
63920036	涅缇娅	点击开始行动，寻找你的对手吧。
63920038	涅缇娅	获取战斗的胜利可以提升自身排名，从而获得丰厚的报偿。
63921162	涅缇娅	战斗胜利后可获得1枚<color=#57f0fb>徽章</color>，累积获得10枚徽章即可挑战成功。
63921169	涅缇娅	战斗失败则会扣除1点<color=#57f0fb>生命</color>，损失5点生命后则会提前结束挑战。
63921188	涅缇娅	提前结束挑战也会根据战斗表现获得分数，不要畏惧失败，荣耀属于那些勇于挑战的人。
63922001	涅缇娅	灰鸦，你已经征集齐了四位与你并肩作战的骑士。时间到了，让天使们都看到我们揭起的反旗吧。
64000001	赛利卡	比安卡·晖暮拥有双形态机制。
64000002	赛利卡	可根据需求，自行设置比安卡·晖暮的首发登场形态。
64010001	赛利卡	<color=#57f0fb>纫纺裁艺</color>隆重开张！一起协助斜奏完成制衣委托吧~让我们先从<color=#57f0fb>凝思构想</color>开始。
64010002	赛利卡	先来制作丽芙的委托1吧。
64011001	赛利卡	点击能选中线团。再次点击，或点击空白处则会取消选中。
64011002	赛利卡	选中<color=#57f0fb>线团</color>后，可点击其十字相邻的线团连续选中，或以<color=#57f0fb>按住滑动</color>的方式进行连续选中。
64011003	赛利卡	不同颜色的线团<color=#57f0fb>分数不同</color>，进入篮子后，就能获得线团对应的分数。
64011004	赛利卡	点击此处可以<color=#57f0fb>重置关卡</color>。
64011005	赛利卡	点击此处可以获得<color=#57f0fb>提示</color>。
64011006	赛利卡	用<color=#57f0fb>按住滑动</color>来选中4个线团吧。
64011007	赛利卡	凑齐了<color=#57f0fb>4个线团</color>，正好等于篮子可容纳的<color=#57f0fb>线团数量</color>。
64011008	赛利卡	连接所有线团到篮子，委托就完成了。
64012001	赛利卡	<color=#57f0fb>纺织染剂</color>可以将普通线团染成相对应的颜色。
64012002	赛利卡	将紫色的纺织染剂放进篮子吧。
64012003	赛利卡	这里显示了染料可以<color=#57f0fb>使用的次数</color>。
64012004	赛利卡	这里显示了<color=#57f0fb>篮子的容量</color>。
64012005	赛利卡	点击进入终点的<color=#57f0fb>纺织染剂</color>并向一个方向<color=#57f0fb>拖动</color>可以把颜料发射出去。
64012006	赛利卡	点击笔刷并向左发射，就能对蓝色的线团进行染色。染色后线团的<color=#57f0fb>分值会提高</color>。
64013001	赛利卡	先将紫色的纺织染剂放进篮子。
64013002	赛利卡	此时向右发射染料可以染出更多的紫色线团，获取更多分值。
64014001	赛利卡	先将红色的原棉筒线放进篮子。
64014002	赛利卡	向右拖动进入终点的原棉筒线，可以使发射方向上的<color=#57f0fb>所有空格填充</color>红色的线团。
64015001	赛利卡	先将紫色的绽彩染料放进篮子。
64015002	赛利卡	向右拖动进入终点的绽彩染料，可以使发射方向上的<color=#57f0fb>所有线团</color>及其相连且同色的线团都染色。
64016001	赛利卡	灰色的线团<color=#57f0fb>不能被染色</color>。
64016002	赛利卡	<color=#57f0fb>纺织染剂</color>可以<color=#57f0fb>隔空染色</color>，但是灰色线团会<color=#57f0fb>挡住</color>发射方向。
64016003	赛利卡	先<color=#57f0fb>挪开灰色线团</color>给发射让路才是关键
64017001	赛利卡	<color=#57f0fb>相同颜色且相邻</color>的线团才能一起染色。
64017002	赛利卡	这里的3个线团<color=#57f0fb>落单啦。
64017003	赛利卡	移动它们，让它们<color=#57f0fb>和左边线团们相邻</color>才能一次染出更多紫色线团。
64018001	赛利卡	这里的<color=#57f0fb>纺织染剂</color>可以进行<color=#57f0fb>2次染色</color>。
64020001	赛利卡	指挥官，欢迎来到<color=#57f0fb>瞬时恋语</color>。这一次会和大家一起度过怎样的时光呢？
64020002	赛利卡	在此处可以查看<color=#57f0fb>对局规则</color>，伴随着对局的进行，规则也会改变。
64020003	赛利卡	在此处可以<color=#57f0fb>更改对局助手</color>，助手可以在对局中给予援助。
64020004	赛利卡	在此处可以查看<color=#57f0fb>对局对手和奖励</color>，对局获胜后，则可获得相应的对局奖励。
64020005	赛利卡	指挥官，我们现在就开始对局吧。
64021001	赛利卡	对局中，双方的<color=#57f0fb>手牌相同</color>，双方各自进行出牌，最后翻开进行比对。
64021002	赛利卡	<color=#57f0fb>对手的反应会透露出牌想法</color>，皱眉表情应该是出了小牌。
64021003	赛利卡	将纸牌<color=#57f0fb>拖拽</color>到此处可以<color=#57f0fb>出牌</color>。
64021004	赛利卡	打出桃心3应对吧。
64021005	赛利卡	打出纸牌，点击<color=#57f0fb>确认出牌</color>后，即可翻牌进行比对啦。
64022001	赛利卡	<color=#57f0fb>对手的表情有些自信呢</color>，应该是出了大牌。
64022002	赛利卡	每场对局<color=#57f0fb>各有一次更改自己或对手出牌</color>的机会，我们来给对手意外一击吧。
64022003	赛利卡	把对手的牌修改为<color=#57f0fb>桃心A</color>吧。
64022004	赛利卡	打出<color=#57f0fb>桃心2</color>，击败对手。
64022005	赛利卡	接下来请指挥官<color=#57f0fb>赢取分数，取得胜利</color>！
64030001	赛利卡	指挥官，欢迎来到<color=#57f0fb>作战覆写</color>，点击此处进入角色章节，每个章节只能使用<color=#57f0fb>指定角色</color>挑战。
64030002	赛利卡	章节内将会对角色增加<color=#57f0fb>超频增益效果</color>，每通关一个难度都会<color=#57f0fb>解锁</color>新的超频效果。
64030003	赛利卡	挑战过程中，完成<color=#57f0fb>焓变核验</color>，即可在活动界面<color=#57f0fb>领取奖励</color>。
64030004	赛利卡	在每个章节的<color=#57f0fb>第一关</color>内，都将<color=#57f0fb>教学</color>超频内容，点此<color=#57f0fb>准备战斗</color>。
64101001	赛利卡	欢迎来到<color=#57f0fb>觅迹寻踪</color>行动，你将操纵角色破解谜题，完成任务。
64101002	赛利卡	行动的具体规则，将通过具体关卡进行详细说明。请先选择行动关卡。
64101003	赛利卡	点击战斗准备进入准备界面。
64101004	赛利卡	本期行动角色是维罗妮卡，在不同章节维罗妮卡可解锁不同的能力！
64101005	赛利卡	准备就绪，让我们直接进入关卡了解吧！
64102001	赛利卡	这是你所操控的角色。
64102002	赛利卡	滑动屏幕，角色会向指定方向一直移动，直到撞上阻挡物才会停止。
64102003	赛利卡	这是藤球，使用角色<color=#57f0fb>撞击</color>藤球可使其移动，并通过<color=#57f0fb>撞击</color>间接交互其他单位或地块。
64102004	赛利卡	在新的章节中，解锁不同能力的维罗妮卡可与藤球或其他单位产生不同的交互效果。
64102005	赛利卡	这是本关的终点。现在是关闭的状态。在它开启之前，可以随意通过。
64102006	赛利卡	身上挂着标记的库洛洛是本关的<color=#57f0fb>关键</color>。撞到它之后可以将其消除，终点也会随之开启。
64102007	赛利卡	通关如果遇到困难，可以呼叫我获得提示哦！
64103001	赛利卡	本章维罗妮卡拥有<color=#57f0fb>物理和火</color>两种属性，初始为<color=#57f0fb>物理</color>，可通过关卡内的<color=#57f0fb>换属性阵</color>改变自身属性。
64104001	赛利卡	这是维罗妮卡的<color=#57f0fb>影子</color>，它拥有<color=#57f0fb>火属性</color>能力，它将跟随本体朝相同方向移动。
64111001	赛利卡	欢迎来到<color=#57f0fb>葬愿穷途</color>。本次将在不同的竞斗中挑战各式敌人，先开启第一场竞斗吧。
64111002	赛利卡	在竞斗中不同的场次会获得<color=#57f0fb>不同的插件</color>，装备插件将会改变角色的使用方式。
64111003	赛利卡	使用适合的插件将会帮助指挥官更好地竞斗，让我们开启第一场竞斗吧！
64111004	赛利卡	通关竞斗内所有竞技场挑战，才可以开启下一场竞斗。
64111005	赛利卡	让我们进入竞技场吧。
64111006	赛利卡	不同竞技场插件<color=#57f0fb>掉落概率</color>不同，某些竞技场通关后会获得<color=#57f0fb>首通插件</color>，选择合适的队伍挑战吧。
64112001	赛利卡	<color=#57f0fb>掉落的插件</color>需要<color=#57f0fb>装备</color>给角色才能生效，接下来请指挥官尝试给角色装备插件吧。
64112002	赛利卡	点击这里即可给角色装备插件。
64112003	赛利卡	<color=#57f0fb>点击</color>插件列表中的插件即可给角色装备。
64112004	赛利卡	如果要<color=#57f0fb>卸载</color>则需要先选中已装备的插件。
64112005	赛利卡	再点击<color=#57f0fb>卸载按钮</color>。
64112006	赛利卡	也可以使用<color=#57f0fb>推荐装备</color>的功能，自动挑选插件进行装备。
64112007	赛利卡	另外，每个角色都有<color=#57f0fb>负载限制</color>，如果负载不足，就无法装备更多插件。
64112008	赛利卡	在这里可以看到装备插件所需要的<color=#57f0fb>负载</color>。
64112009	赛利卡	角色<color=#57f0fb>负载</color>会在完成更多竞斗后得到<color=#57f0fb>提升</color>。
64113001	赛利卡	通关竞技场或者随着时间流逝，都会进行充能，充能值过半可开启<color=#57f0fb>一次</color>充能宝箱，获得插件奖励。
64113002	赛利卡	充能值最多可储存360点，指挥官记得在完成竞斗后，及时来开启充能宝箱哦。
64114001	赛利卡	在<color=#57f0fb>插件图鉴</color>中可以<color=#57f0fb>购买</color>已通关竞斗中可能掉落的插件。
64114002	赛利卡	让我们选中其中一个插件。
64114003	赛利卡	消耗<color=#57f0fb>黑金票券</color>可直接<color=#57f0fb>解锁</color>对应插件。
64114004	赛利卡	收集一定数量的插件后，可以在<color=#57f0fb>竞斗指南</color>中获得强化。
64114005	赛利卡	<color=#57f0fb>收集指定星级的插件</color>达到一定数量后，即可激活对应的强化效果。
64114006	赛利卡	每个星级的插件收集都对应有五个强化效果，点击可以查看详细。
64114007	赛利卡	点击这里可以查看当前所有<color=#57f0fb>已生效</color>的竞斗指南强化效果总和。
64115001	赛利卡	指挥官，欢迎来到竞技强化，在这里可以消耗作战获得的<color=#57f0fb>血战原晶</color>强化<color=#57f0fb>全队属性</color>。
64115002	赛利卡	这里可以随时<color=#57f0fb>调整强化属性点</color>的分配。每项强化属性点的上限相同，会随着竞斗的进度提升。
64115003	赛利卡	调整完毕后，点击<color=#57f0fb>确认保存</color>即可让调整生效。
64115004	赛利卡	点击这里，可将当前强化方案保存为<color=#57f0fb>模板</color>。通过套用模板可快速替换强化方案。
64115005	赛利卡	每项强化属性点都对应有一种<color=#57f0fb>特殊属性</color>，辅助您继续向深处探索。
64115006	赛利卡	当强化属性点达到<color=#57f0fb>指定等级</color>后，即可获得特殊属性。
64116001	赛利卡	指挥官，可能你已经发现了，6星插件有独特的量态词缀系统，获得时会默认解锁2条量态词缀。
64116002	赛利卡	点击已解锁的词缀，可以消耗<color=#57f0fb>黑金票券</color>重置词缀。
64116003	赛利卡	消耗更多<color=#57f0fb>黑金票券</color>进行定向重置，词缀必定会重置为与当前词缀同类型的不同数值的新词缀。
64116004	赛利卡	点击这里即可解锁更多量态词缀。
64116005	赛利卡	消耗推演晶流可以解锁量态词缀，也可以重置已解锁的词缀。
64121001	赛利卡	指挥官，欢迎来到<color=#57f0fb>喵星淘金</color>，本次淘金行动中飞船改造能力获得巨幅提升，请开始淘金吧。
64121002	赛利卡	飞船可以进行<color=#57f0fb>结构改造</color>，结构改造可以赋予飞船强大的能力，新的结构本身也可以拓展升级。
64121003	赛利卡	单次淘金行动中，飞船可以进行<color=#57f0fb>至多4次结构改造</color>。指挥官，本次请先选择一个结构改造吧。
64121004	赛利卡	选择完毕后点击<color=#57f0fb>确认改造</color>，选中的改造即可生效。
64122001	赛利卡	飞船也可以进行<color=#57f0fb>通用改造</color>，通用改造会随机出现，并可以使飞船获得多种多样的淘金增益。
64122002	赛利卡	点击<color=#57f0fb>刷新</color>可以重新随机通用改造列表。没有心仪的通用改造时，就刷新下试试吧。
64122003	赛利卡	<color=#57f0fb>通用改造的选择次数会跟随淘金进度增加</color>。指挥官，本次请先选择一个通用改造吧。
64123001	赛利卡	再次选择结构改造时，可以<color=#57f0fb>升级已经选择的结构改造</color>，升级可以提升结构改造能力。
64123002	赛利卡	同时也可以<color=#57f0fb>选择新的结构改造</color>，<color=#57f0fb>多个结构改造将会同时生效</color>。
64123003	赛利卡	此处可以查看<color=#57f0fb>已经选择的结构改造和通用改造</color>，点击此处也可以<color=#57f0fb>查看改造详情</color>。
64123004	赛利卡	结构改造和通用改造的效果均可同时生效。指挥官，搭配出最强力的改造组合，完成淘金吧。
64200001	丽芙	欢迎来到<color=#57f0fb>绵绵眠梦</color>，指挥官。
64200002	丽芙	本次活动需要指挥官进入丽芙的梦境，帮助迷路的绵羊归笼，为丽芙舒缓压力。这就让我们即刻进入<color=#57f0fb>浅梦</color>。
64200003	丽芙	让我们从基础的操作和规则开始。
64200004	丽芙	点击<color=#57f0fb>开始</color>，进入第一关。
64201001	丽芙	上下左右滑动屏幕或者使用WASD按键可移动方块，使相同数字的方块之间可以合成。
64201002	丽芙	<color=#57f0fb>泡泡方块</color>合成<color=#57f0fb>目标方块-深眠波长</color>后盘面可以升级。
64201003	丽芙	<color=#57f0fb>泡泡方块</color>合成<color=#57f0fb>目标方块-深眠波长</color>后盘面可以升级。
64201004	丽芙	升级后触发<color=#57f0fb>清除</color>，根据发生清除时<color=#57f0fb>泡泡方块的箭头方向</color>，确定清除范围。
64201005	丽芙	升级后，泡泡方块则<color=#57f0fb>留下</color>。
64201006	丽芙	小于4的方块会变成<color=#57f0fb>坨坨方块</color>，坨坨方块需要碰撞后才能消失。
64201007	丽芙	向下移动方块，进行一次合成。
64201008	丽芙	随后升级、发生清除，并获得强化步数，期间生成的<color=#57f0fb>数字更大</color>，每生成一次强化步数<color=#57f0fb>减一</color>。
64201009	丽芙	升级后泡泡方块的<color=#57f0fb>箭头会刷新方向</color>。
64201010	丽芙	当盘面等级-入梦层级到达最高等级且合成了该等级下的深眠波长，游戏结束。
64201011	丽芙	请指挥官在有限的步数内，尽快合成目标方块吧！
64202001	丽芙	该效果为生成特定的<color=#57f0fb>特殊方块-星星方块</color>，数字标记为特殊方块生成的冷却步数。
64202002	丽芙	星星方块可以和<color=#57f0fb>有数字的方块（除泡泡方块）发生一次合成</color>。
64203001	丽芙	此为无尽关，无步数限制。
64204001	丽芙	该效果为生成特定的<color=#57f0fb>特殊方块-心心方块</color>。
64204002	丽芙	心心方块的效果是参与<color=#57f0fb>合成3次后泡泡方块直接翻倍到目标大小</color>，并触发升级。
64204003	丽芙	向下合成3次，点亮心心方块。
64205001	丽芙	此为无尽关，无步数限制。
64206001	丽芙	该效果为生成特定的<color=#57f0fb>特殊方块-热热方块和凉凉方块</color>。
64206002	丽芙	两种特殊方块无合成类型限制，异种方块合成将随机生成方块属性。
64206003	丽芙	触发升级时，选择一种方块（热热方块或凉凉方块）进行消除，留下的方块将变成星星方块。
64207001	丽芙	此为无尽关，无步数限制。
63923001	涅缇娅	在全新的赛季中，我为客人准备了一些有趣的新玩意……“<color=#57f0fb>饰品</color>”。
63923002	涅缇娅	进入对局后即可选择第一个饰品，饰品中有强大的力量，可助你获得<color=#57f0fb>战力增长</color>效果，或者丰厚的<color=#57f0fb>经济收益</color>。
63923003	涅缇娅	如果不满意当前货架上的商品，可点击此处刷新。
63924001	涅缇娅	骑士们可以通过战斗获得<color=#57f0fb>经验</color>，提升等级。
63924002	涅缇娅	提升等级可提升骑士的<color=#57f0fb>攻击与生命</color>值，还可在第5、9级额外获得<color=#57f0fb>饰品</color>。
63925001	涅缇娅	当然，我也为客人准备了另外的服务。
63925002	涅缇娅	在诡魇客栈中，也可花费玛门金币购买升级所需的经验，将骑士的实力直接提升至下一级。
64211001	赛利卡	指挥官，欢迎来到<color=#57f0fb>星间飞驰</color>的比赛现场。
64211002	赛利卡	我们每天都会举办一场<color=#57f0fb>赛车比赛</color>，在这里可以查看比赛时间，比赛开始时进入活动界面即可观看比赛直播。
64211003	赛利卡	在本场比赛开始前，可点此进行<color=#57f0fb>本场预测</color>。
64211004	赛利卡	指挥官可以点击列表中的预测项，切换当前所选择的<color=#57f0fb>预测内容</color>。
64211005	赛利卡	此处可以查看角色的<color=#57f0fb>属性</color>与<color=#57f0fb>技能</color>，必杀技能需要在比赛中获得对应数量的<color=#57f0fb>信号球</color>后才可释放。
64211006	赛利卡	点击此处进行角色预测，在比赛直播结束后，若<color=#57f0fb>预测成功</color>，将会获得代币奖励。
64211007	赛利卡	让我们先回到比赛现场。
64211008	赛利卡	比赛分为<color=#57f0fb>积分赛</color>和<color=#57f0fb>淘汰赛</color>，可以在这里查看整个比赛的赛程安排。
64211009	赛利卡	积分赛结束前，可以在这里对<color=#57f0fb>赛事整体</color>的内容进行预测。
64211010	赛利卡	<color=#57f0fb>派对助力</color>里包含任务和商店，通过预测和完成任务获得货币后，可以在商店里兑换奖励。
64212001	赛利卡	指挥官，欢迎来到<color=#57f0fb>星间飞驰</color>的比赛现场。
64212002	赛利卡	我们的赛程已经结束，指挥官可以在这里查看整个赛程的<color=#57f0fb>比赛回放</color>。
64212003	赛利卡	<color=#57f0fb>派对助力</color>里包含任务和商店，通过观看回放完成任务获得货币后，可以在商店里兑换奖励。
64212004	赛利卡	指挥官可以在这里领取免费<color=#57f0fb>特效涂装</color>与<color=#57f0fb>武器涂装</color>。
64213001	赛利卡	在这里可以看到<color=#57f0fb>角色属性</color>的具体说明。
64213002	赛利卡	让我们先进入<color=#57f0fb>积分赛</color>的赛程。
64213003	赛利卡	在赛程安排中，可以查看已经结束比赛的<color=#57f0fb>回放内容</color>。
64213004	赛利卡	让我们再次回到比赛现场。
50615001	赛利卡	再完成少量任务，可获得深红囚影队友<color=#57f0fb>21号·森息</color>。
50615002	赛利卡	21号·森息在队伍中，可<color=#57f0fb>增强</color>深红囚影的<color=#57f0fb>输出</color>
50615003	赛利卡	完成任务，加快获得<color=#57f0fb>21号·森息</color>
50616001	赛利卡	任务完成啦，为<color=#57f0fb>露西亚·深红囚影</color>领取队友吧。
50616002	赛利卡	领取奖励
50616003	赛利卡	领取<color=#57f0fb>21号·森息</color>
50617001	赛利卡	已获得<color=#57f0fb>21号·森息</color>机体。
50617002	赛利卡	接下来是特训时间！
50618001	赛利卡	查看更多重磅奖励
50618002	赛利卡	完成二阶段任务，可获深红囚影<color=#57f0fb>6星专武</color>和<color=#57f0fb>6星意识</color>
50618003	赛利卡	完成升级任务吧
50619001	赛利卡	别忘了重要奖励
50619002	赛利卡	深红囚影<color=#57f0fb>6星专武</color>和<color=#57f0fb>6星意识</color>近在咫尺。
50619003	赛利卡	查看剩余任务
64301001	布偶熊	很意外吗，这里是<color=#57f0fb>抢险敲敲敲</color>的代码世界，我对其进行了一些可视化改造。
64301002	布偶熊	先从选择一个工程开始。
64301003	布偶熊	这些工程中的报错小怪会不断吞噬代码块，我们需要尽可能多地抢救那些良性代码块，并成功修好工程，获得高分。
64301004	布偶熊	在工程开始前，我们可以提前了解本关可用的指令，以及报错情况。
64301005	布偶熊	这是我留下的排障接口，当代码块累计被吞噬和抢救达到一定数目时，接口将会启用。
64301006	布偶熊	接入接口后可在持续时间内击杀那些报错怪物，尽情追击那些落荒而逃的报错，抢回代码块吧。
64301007	布偶熊	这项工程的报错只能说是入门级别，轻松解决他们吧。以后还会有更复杂的报错，我很期待你之后的表现。
64301008	布偶熊	现在，就让我们启动工程吧。
64301109	布偶熊	我们的任务是清理这些项目工程里的报错，把这些维护得稀烂的代码抢险回来。
64311001	赛利卡	欢迎来到<color=#57f0fb>全境特遣·墟市猎商</color>。本次行动将与全服指挥官们共同攻破区块，解锁丰厚奖励。
64311002	赛利卡	攻破区块可获得<color=#57f0fb>全服奖励</color>，并解锁<color=#57f0fb>相邻区块</color>。不同类型区块的<color=#57f0fb>全服奖励</color>各不相同。
64311003	赛利卡	本次作战会刷新<color=#57f0fb>特派任务</color>，需要玩家<color=#57f0fb>独立完成</color>。完成后可获得行商货币和试做原型奖励。
64311004	赛利卡	其他玩家的队伍在探索地区时会遭遇危险，玩家可以派遣角色进行<color=#57f0fb>援护</color>。
64311005	赛利卡	<color=#57f0fb>特派任务</color>和<color=#57f0fb>援护任务</color>每天凌晨5点刷新。
64311006	赛利卡	此外，每日区块作战、完成活动任务均可获得<color=#57f0fb>试作原型</color>，可以在<color=#57f0fb>特遣补给</color>兑换丰厚的奖励。
64311007	赛利卡	更多内容，请查看图文说明。
64312001	赛利卡	当区块进度为100%时将被攻破，区块攻破后，可获得对应<color=#57f0fb>全服奖励</color>。
64312002	赛利卡	消耗浮点算力可参与战斗，关卡内<color=#57f0fb>评分越高</color>，获得<color=#57f0fb>奖励越丰富</color>。
64312003	赛利卡	选择派遣的指挥官，可以<color=#57f0fb>无需参与作战</color>，消耗浮点算力，获得<color=#57f0fb>固定奖励</color>。
64312004	赛利卡	本期通关关卡会额外<color=#57f0fb>掉落藏品</color>，点击藏品图标可查看藏品列表。
64312005	赛利卡	通关关卡会根据当前藏品室等级，掉落<color=#57f0fb>已解锁的藏品</color>，<color=#57f0fb>品质越高</color>掉落<color=#57f0fb>概率越低</color>。
64312006	赛利卡	勾选消耗类道具可提升本次通关掉落<color=#57f0fb>红、橙品质藏品</color>的概率，<color=#57f0fb>勾选</color>后每次通关<color=#57f0fb>自动消耗1个</color>，不同品质道具可同时勾选<color=#57f0fb>叠加概率</color>。
64312007	赛利卡	拥有<color=#57f0fb>橙色藏品</color>可提升通关获得的<color=#57f0fb>试作原型</color>倍率，点击此处可查看具体生效的<color=#57f0fb>橙色藏品</color>。
64313001	赛利卡	挑战<color=#57f0fb>特派任务</color>可获得<color=#57f0fb>行商货币</color>、<color=#57f0fb>试做原型</color>。
64314001	赛利卡	其他玩家的队伍在探索地区时会遭遇危险，玩家可以派遣角色进行<color=#57f0fb>援护</color>。
64314002	赛利卡	进行援护可获得<color=#57f0fb>调度申请</color>，消耗<color=#57f0fb>调度申请</color>可直接完成<color=#57f0fb>特派任务</color>。每天仅能获取<color=#57f0fb>两次</color>援护奖励。
64315001	赛利卡	如果前一天的探索中受到了其他玩家的援护，可以<color=#57f0fb>直接获取</color>特派任务奖励。
64315002	赛利卡	领取奖励时，别忘了对提供帮助的玩家表达感谢~
64319001	赛利卡	本期新增藏品室功能，点击进入<color=#57f0fb>藏品室</color>界面。
64319002	赛利卡	通关<color=#57f0fb>关卡</color>或通过<color=#57f0fb>拍卖行</color>购买可获得藏品，可在藏品室中查看拥有的所有藏品。
64319003	赛利卡	消耗指定藏品<color=#57f0fb>升级藏品室</color>可获得属性加成效果。
64319004	赛利卡	点击需求物资可打开物品详情界面。
64319005	赛利卡	可选择具体途径快速前往获取道具。
64320001	赛利卡	消耗<color=#57f0fb>1个红色品质藏品</color>可点亮珍稀藏品模型。
64320002	赛利卡	点亮藏品可获得丰厚奖励。
64321001	赛利卡	本期玩法新增<color=#57f0fb>拍卖行</color>系统，玩家可以在拍卖行中购买已解锁藏品或出售多余藏品来获取<color=#57f0fb>行商货币</color>。
64321002	赛利卡	点击商品可打开购买界面。
64321003	赛利卡	拍卖行会显示当前道具的<color=#57f0fb>行情价格</color>，道具价格会随行情改变，在价格低时购入获利更多！
64322001	赛利卡	在拍卖行中可以选择要出售的藏品进行出售，点击要出售的道具可打开具体出售界面。
64322002	赛利卡	此处显示<color=#57f0fb>出售单价</color>，可手动调整藏品的<color=#57f0fb>出售单价</color>。
64322003	赛利卡	此处显示<color=#57f0fb>出售数量</color>，可手动设置藏品的<color=#57f0fb>出售数量</color>。
64322004	赛利卡	此处显示出售藏品的<color=#57f0fb>预期收入</color>，每出售一件藏品拍卖行会收取<color=#57f0fb>5%的手续费</color>。
64322005	赛利卡	每次上架的道具出售时间为<color=#57f0fb>24小时</color>，超过24小时藏品会被<color=#57f0fb>退回</color>，出售<color=#57f0fb>单价越贵出售时间越长</color>。
64322006	赛利卡	点击上架按钮上架当前藏品。
64322007	赛利卡	此处显示当前正在出售中的藏品。
64322008	赛利卡	正在出售的藏品可以点击按钮<color=#57f0fb>取消上架</color>。
64322009	赛利卡	如果有大量藏品需要出售，可以使用<color=#57f0fb>批量上架</color>功能，注意：批量上架功能无法修改道具出售价格，只能使用默认价格出售。
54101001	赛利卡	<color=#57f0fb>衣橱</color>功能已开放。
54101002	赛利卡	可通过点击入口，进入查看。
64331001	赛利卡	指挥官，欢迎来到<color=#57f0fb>疾速追缉</color>，点击此处进入第一个挑战关卡。
64331002	赛利卡	每个挑战关卡拥有四个难度，请指挥官先切换至<color=#57f0fb>困难难度</color>。
64331003	赛利卡	部分难度只能使用<color=#57f0fb>指定机体</color>作战，请指挥官多加注意。
64331004	赛利卡	指挥官完成不同难度的任务，即可获得<color=#57f0fb>丰厚奖励</color>，点击此处可以查看<color=#57f0fb>提示</color>。
63926001	涅缇娅	神寂启示录终章剧情已更新，点击前往，即可体验全新剧情内容。
63926002	涅缇娅	前往体验启示之路的终章剧情，见证这片大陆的终局吧。
63927001	涅缇娅	故事就此迎来完结……吗？不，你清楚这一切还有别的可能。
63927002	涅缇娅	纵使往日不可回溯，但我们仍有从时间之砂里面摘出另一种可能性的机会。
63927003	涅缇娅	想必你也会有一丝好奇，就在这里见证未曾选择的道路会通向何方吧。
64341001	赛利卡	欢迎使用调讯设施，这里会不定期收到一些神秘讯号！
64341002	赛利卡	转动旋钮或点击+、-按钮，可进行信号调频
64341003	赛利卡	这里可以查看当前信号频率，接近正确信号时下放的信号灯会逐渐点亮
64341004	赛利卡	观察屏幕，正确接收信号时，会播放视频并收到奖励
64400001	赛利卡	空中花园已解锁。
64400002	赛利卡	点击挑战。
64400003	赛利卡	点击空中花园。
64400004	赛利卡	点击入口，即可进入空中花园。
64411001	赛利卡	欢迎加入<color=#57f0fb>联机玩法</color>超链协阵的作战！
64411002	赛利卡	准备好作战了吗，让我们先<color=#57f0fb>开始链接</color>吧！
64412001	赛利卡	战前，让我们先熟悉下新的作战环境。
64413001	赛利卡	点击这里可选择<color=#57f0fb>出战角色</color>。
64413002	赛利卡	点击这里可选择<color=#57f0fb>作战目标</color>。
64413003	赛利卡	<color=#57f0fb>匹配时间较长</color>或者需要<color=#57f0fb>邀请其他玩家</color>可选择创建房间。
64413004	赛利卡	在这可提高<color=#57f0fb>研发等级</color>增加所有角色属性，经验可通过<color=#57f0fb>作战</color>或消耗<color=#57f0fb>数据储集盒</color>获取。
64414001	赛利卡	在这可调整<color=#57f0fb>角色装备</color>和查看<color=#57f0fb>技能详情</color>。
64414002	赛利卡	点击这里可切换<color=#57f0fb>角色形态</color>，不同形态下角色<color=#57f0fb>技能和侧重方向</color>会发生变化。
64415001	赛利卡	多个同名<color=#57f0fb>装备特性</color>叠加提升等级，等级影响特性对应的<color=#57f0fb>效果加成</color>，也影响<color=#57f0fb>装备等级</color>。
64415002	赛利卡	点击可总览持有的<color=#57f0fb>特性</color>和对应<color=#57f0fb>等级效果</color>。
64415003	赛利卡	可对装备进行<color=#57f0fb>强化</color>，嵌入更多<color=#57f0fb>特性</color>。
64415004	赛利卡	这里可消耗<color=#57f0fb>数据储集盒</color>铸造装备
64416001	赛利卡	<color=#57f0fb>开放房间</color>时，其他玩家可通过匹配加入房间。
63928001	涅缇娅	本次赛季新增<color=#57f0fb>委托系统</color>，客人将分别在启示之路的第1回合、亡命死竞的第2回合接取委托。
63928002	涅缇娅	每项委托需要满足一定<color=#57f0fb>条件</color>后方能结算，在委托结算后，可领取该委托对应的<color=#57f0fb>嘉赏</color>。
63928003	涅缇娅	委托过程中可<color=#57f0fb>升阶</color>嘉赏。此处会展示嘉赏在<color=#57f0fb>不同阶的效果差异</color>，及每次<color=#57f0fb>升阶</color>的消耗。
63928004	涅缇娅	当然，若对提出的价码不满意，客人可点击<color=#57f0fb>刷新按钮</color>，每个位置<color=#57f0fb>至多刷新一次</color>，刷新后将重置委托条件与嘉赏。
63929001	涅缇娅	在商店的右上角，可查看当前委托的大致进度。
63929002	涅缇娅	<color=#57f0fb>点击嘉赏</color>，即可回顾委托信息。
63929003	涅缇娅	消耗金币可<color=#57f0fb>升阶嘉赏</color>，每回合<color=#57f0fb>最多一次</color>，升阶机会不会继承到下一回合，请充分注意。
63929004	涅缇娅	在商店界面中，若已满足委托条件，将自动触发<color=#57f0fb>委托结算</color>。结算完成后，不可再升阶嘉赏。
64420001	罗塞塔	没想到竟然会变成这样的状况，指挥官，从战略地图上看，冰心皇的军队已经冲出城门逼近我们的大本营。
64420002	罗塞塔	虽然想要立刻加入战斗，但我们还需要一段时间才能到达战场……
64420003	罗塞塔	对了，在正式出击之前，指挥官要不要回顾一下之前发生过的事情？
64422001	罗塞塔	这次的战斗……不，战争的参加者除了我们以外还有各种优秀人物所带领的“部队”。
64422002	罗塞塔	现在在最前线的队伍是塔季扬娜队，她是一位优秀的战士，队伍里也是些勇敢的极地民。
64422003	罗塞塔	趁这个机会，再和指挥官说明一下战略地图上的各种项目吧。
64422004	罗塞塔	每支部队如你所见都有两个基准数值，
64422005	罗塞塔	一是<color=#57f0fb>部队强度</color>，代表部队的综合战斗力。
64422006	罗塞塔	二是<color=#57f0fb>部队耐久</color>，相当于部队的生命，少于零的话，部队就只能撤退。
64422007	罗塞塔	然后塔季扬娜队现在脚下的蓝色代表的是她正位于我们控制的区域。
64422008	罗塞塔	而相对，红色的区域就代表是被敌人控制的，这场战争的关键也在于我们能控制多少区域。
64422009	罗塞塔	另外，这是敌人的<color=#57f0fb>防御值</color>，只要我们的<color=#57f0fb>强度比对方高</color>，而且<color=#57f0fb>双方部队区域之间相邻</color>的时候。
64422010	罗塞塔	我们就可以让部队去进攻敌人，击败敌人并且夺取敌人的区域。
64423001	罗塞塔	我们已经联系上了塔季扬娜，现在是让塔季扬娜出击的好时机，拖拽军队单位，让他们前进，然后击败敌人吧。
64423002	未知	这里可以预览战斗结果
64423003	未知	在本篇章中，解锁关卡需要让军队消灭指定敌人，取得战果，再解锁关卡线，持续让部队发起攻击吧。
64423004	罗塞塔	指挥官，部队的战斗是存在损耗的，而<color=#57f0fb>敌人的强度</color>就对应了我们的损耗。
64423005	罗塞塔	如你所见，刚刚攻击了强度2的敌人后，塔季扬娜队就失去了两点耐久，注意部队的耐久，谨慎进击吧。
64423006	罗塞塔	除了能够直辖的各个部队，我们其他参加者的都被标记在了地图上面，指挥官你可以随时查看各人的状态。
64423007	未知	关卡入口解锁，点击进行关卡，完成关卡可推进剧情。
64424001	未知	关卡结束后可能会触发事件或获得文件。
64424002	未知	获得文件后可前往文件回顾查看。
64424003	未知	消灭敌人，推进关卡，然后通过完成关卡就能推进战争到下一阶段，妥善部署部队，发起进攻，取得这场战争的胜利吧。
64425001	未知	触发事件，军队获得增益
64426001	未知	完成上一阶段地图上最后一关后，自动下一阶段地图
64431001	罗塞塔	指挥官，欢迎来到<color=#57f0fb>卧猫藏鼠</color>派对游戏！本次派对共有四张地图，将于每日05:00和17:00<color=#57f0fb>自动更换</color>。
64431002	罗塞塔	对局结算时将获得<color=#57f0fb>声望经验</color>，当日获取经验达到<color=#57f0fb>上限</color>后不再产出，每日凌晨05:00更新。
64431003	罗塞塔	参与投票可额外获得<color=#57f0fb>声望经验</color>，投票话题每4天更新一次。
64431004	罗塞塔	获得声望经验可提升<color=#57f0fb>声望等级</color>，解锁丰富<color=#57f0fb>奖励</color>，也可以在投票玩法中获得<color=#57f0fb>更多票数</color>。
64431005	罗塞塔	更多新增内容，请点击图文教程查看。
64431006	罗塞塔	本次新增奶酪机制，鼠鼠阵营收集3块奶酪后主动丢弃，可短时间进入<color=#57f0fb>隐身</color>状态。
64431007	罗塞塔	猫猫阵营收集指定数量的奶酪后，每名玩家可随机标记一名鼠鼠的位置
64432001	罗塞塔	点击<color=#57f0fb>技能</color>按钮可更换携带的技能，请指挥官尝试携带不同的技能进行游戏吧！
64432002	罗塞塔	本次活动，每个阵营可携带两个<color=#57f0fb>主动技能</color>进入对局，技能拥有使用<color=#57f0fb>次数限制</color>，在对局内拾取<color=#57f0fb>道具箱</color>可补充使用次数。
64432003	罗塞塔	点击<color=#57f0fb>更换技能</color>，可快速修改进入对局携带的技能。
64432004	罗塞塔	点击高亮状态的技能图标，可取消装备该技能。
64432005	罗塞塔	此时点击其他技能图标，可装备新的技能。
64432006	罗塞塔	点击<color=#57f0fb>确定更换</color>，即可保存装备的技能。
64432007	罗塞塔	完成技能调整后，让我们开始进行游戏吧。
64432008	罗塞塔	点击匹配，将直接进入匹配队列寻找对局，<color=#57f0fb>匹配成功后立即进入战斗</color>。
64441001	赛利卡	通关节点后，可在节点驻扎自己的角色。
64441002	赛利卡	在<color=#57f0fb>下周目刷新时</color>，节点将根据公会成员驻扎的<color=#57f0fb>角色总数</color>，削减对应的血量上限。
64441003	赛利卡	驻扎的角色将<color=#57f0fb>无法在后续战斗中上场</color>，需要指挥官合理安排出战角色与驻扎角色。
64451001	赛利卡	<color=#57f0fb>装甲/破甲型角色</color>拥有降低敌人抗性以及伤害减免的能力。
64451002	赛利卡	在技能界面可以查看角色技能的详情。
64451003	赛利卡	<color=#57f0fb>装甲/破甲型角色</color>施加的降低抗性效果以及伤害减免效果详情请查看图文教程。
64417001	赛利卡	达到指定研发等级后，穿戴<color=#57f0fb>职业装备</color>可解锁此处的<color=#57f0fb>装备槽</color>
64417002	赛利卡	在该装备槽穿戴与职业装备槽<color=#57f0fb>相同职业类型</color>的装备可获得<color=#57f0fb>主特性等级提升</color>
