Key	Text
HeroSdkLoginFailed	用户账号登录失败(3)
CommonNotOpen	暂未开放
ServerChecking	检测中
ServerFail	失败
ServerHigh	爆满
PremissionDesc	请设置权限
PremissionCameraDesc	请前往设备的设置界面打开访问相册权限
PremissionWriteDesc	请前往设备的设置界面打开写存储权限
PremissionReadDesc	请前往设备的设置界面打开读存储权限
PermissionTitle	权限申请
PermissionContent	为了正常使用拍照截图保存本地功能，我们需要获取你设备相册的权限
PermissionOkText	进行授权
LoginLimitTip	系统检测到您的账号存在异常行为，需要正确回答所有问题才能继续游戏。回答错误将会被强制登出。
LoginLimitProgress	第{0}/{1}题，共{1}题
LoginLimitNoSelection	请选择一个选项
LoginLimitRightAnswer	回答正确
LoginLimitWrongAnswer	回答错误，即将强制登出
LoginLimitPass	答题成功
TeamManagerCheckCaptainNil	队长不能为空
TeamManagerCheckFirstFightNil	首发位不能为空
TeamDoNotChooseCaptain	未选择队长
EquipLevelUpItemEmpty	请选择材料
EquipLevelUpMaxLevel	已达到等级上限
EquipLevelUpItemNotEnough	材料不足
EquipFunctionNotOpen	暂未开放
EquipBreakMax	已突破最大次数
EquipBreakMinLevel	等级不足，无法突破
EquipBreakItemNotEnough	材料不足
EquipBreakCoinNotEnough	螺母不足
EquipMultiStrengthenTips	因选中的强化材料范围经验溢出，确认培养后的目标等级将会超出选择的目标等级
EquipMultiStrengthenNotSelectLevel	请选择培养的目标等级
EquipMultiStrengthenItemNotEnough	材料不足
EquipMultiStrengthenCoinNotEnough	螺母不足
CharacterManagerItemNotEnough	材料不足
CharacterManagerCoinNotEnough	螺母不足
CharacterCheckTeamNil	队伍不能为空
CharacterPromotePartItemLimit	能力提升失败，条件不足
CharacterPromotePartCoinLimit	能力提升失败，螺母不足
CharacterUpgradeSkillConsumeTitle	需要：
CostCoin	消耗螺母:
FightAssistClose	支援信号已关闭
FightAssistOpen	已向最近的小队发出支援请求
CharacterUngradeSkillCoinNotEnough	螺母不足
CharacterUngradeSkillSkillPointNotEnough	技能点不足
CharacterUngradeSkillComplete	成功升级技能
CharacterUnlockSkillComplete	成功解锁技能
CharacterUnlockNewCharacter	解锁新成员
CharacterUpgradeComplete	晋升成功
CharacterLiberateShouldFollowOrder	需先解放上一个等级
CharacterLiberateSuccess	{0}解放达成
CharacterFullName	{0} · {1}
CharacterFullName2	{0}·{1}
CharacterLackDps	缺少{0}名进攻型角色
CharacterLackTank	缺少{0}名装甲型角色
CharacterLackCure	缺少{0}名辅助型角色
TipTitle	提示
EquipReplaceTip	该武器已被{0}装备，继续装备会将此装备从原始角色上卸下，是否继续?
EquipAwarenessReplaceTip	该意识已被{0}装备，继续装备会将此装备从原始角色上卸下，是否继续?
EquipPutOnNotChar	卡牌不存在
EquipPutOnEquipTypeError	强化素材不可装备
EquipTakeOffNotChar	该装备未装备
EquipWeaponMax	武器已满级
EquipChipMax	意识已满级
EquipStrengthenPreciousTipTitle	强化提示
EquipStrengthenPreciousTipContent	强化材料中包含5★或以上装备，是否继续。
EquipResonancePreciousTipTitle	共鸣提示
EquipResonancePreciousTipContent	共鸣材料中包含5★或以上装备，是否继续。
EquipAwakeTipTitle	超频共振提示
EquipAwakeTipContent	是否要对<color=#0E70BD>【{0}】</color>进行超频共振。
EquipResonancePosText	位置{0}
EquipSuitPrefabCount	<color=#ff4e4e>{0}</color>/{1}
EquipSuitPrefabCountMax	{0}/{1}
EquipSuitPrefabCurName	当前组合
EquipSuitPrefabRenameLengthError	请输入组合名称
EquipSuitPrefabSaveNotEquipIds	组合内没有装备意识
EquipSuitPrefabSaveNotName	请输入组合名称
EquipSuitPrefabSaveOverMaxNum	组合数量超过上限
EquipSuitPrefabEquipSame	已装备相同意识
EquipSuitPrefabRenameSuc	组合改名成功
EquipSuitPrefabDeleteSuc	组合删除成功
EquipSuitPrefabSaveSuc	组合保存成功
EquipSuitPrefabEquipSuc	组合装备成功
EquipSuitPrefabNum	{0}/{1}
EquipGridUsingWords	装备中
EquipGridInPrefabWords	预设中
StoryReviewTip	选项
OnlineInstanceQuitRoom	确定退出联机组队房间？
OnlineInstanceCancelMatch	确定取消匹配？
OnlineInstanceCancelMatchAndQuit	确定取消匹配并退出联机组队房间？
OnlineRoomLeastPlayer	最少需要%s名队员
OnlineInstanceMatching	正在匹配中
OnlineInstanceReconnect	是否断线重连？
SingleModeCanNotSelectDifficulty	单人模式无法更改关卡难度
MultiplayerRoomCanNotSelectDifficulty	仅队长可选择难度
MultiplayerRoomCanNotChangeAutoMatch	仅队长可修改快速匹配
MultiplayerRoomCanNotSetAbilityLimit	仅队长可设置战力限制
MultiplayerRoomActionPointNotEnough	道具数量不足
MultiplayerRoomTeamHasSameCharacter	队伍中有相同角色
MultiplayerRoomRecommendAbility	推荐战斗参数{0}
MultiplayerRoomAbilityNotLegal	战斗参数不合法
DailyActiveRewardTitle	奖励详情
SettingCheckSave	当前更改尚未保存，是否保存？
SettingSave	设置已保存
SettingHighFrameRateTips	空中花园高分辨率模式下设备性能负载较高\n可能出现严重发热/卡顿现象，建议您调整画质设置
TeamLevelToOpen	指挥官等级达到{0}级开启
CopyToOpen	通关关卡{0}后开启
FunctionNotDuringOpening	功能不在开放时间
FunctionOpenStage	关卡  <color=#ff7e4b>{0}</color>  已开启
FunctionOpen	功能系统  <color=#ff7e4b>{0}</color>  已开启
WeaponSkill	武器技能
LoginPhoneEmpty	请输入手机号
LoginSignOut	是否确定登出当前账号
NetworkError	网络错误
WeaponBagFull	武器已达到上限
ChipBagFull	意识已达到上限
CharacterLevelFull	不能超过指挥官等级
CharacterSignTip	请多多指教
FubenPreMainLineStage	请先通关前置主线关卡【{0}】
FubenPreExtraChapterStage	请先通关前置外章关卡【{0}】
FubenPreShortStoryChapterStage	请先通关前置故事集关卡【{0}】
FubenPreStage	请先通关前置关卡【{0}】
FubenPreStageNotPass	请先通关前置关卡
FubenBossPreStage	请先通关前置关卡
Finish	活跃度:已完成
DifficultMode	难度:
Difficult1	普通
Difficult2	隐藏
Difficult3	据点
FubenDifficultyNormal	普通剧情{0}-{1}
FubenDifficultyHard	隐藏剧情{0}-{1}
FubenDifficultyNightmare	据点模式{0}-{1}
FubenNotUnlock	副本未解锁
FubenNeedLevel	指挥官等级需达到{0}级
FubenActionPointNotEnough	免疫力下降
FubenChallengeCountNotEnough	挑战次数不足
FubenChallengeResetTime	重置时间
FubenNeedComplatePreChapter	需完成该难度前置章节
FightExitMsg	是否退出本次战斗?
FightRestartMsg	是否重新开始战斗?
FightOnlineMsgCdText	{0}s
Award	奖励
Zero	零
One	一
Two	二
Three	三
Four	四
Five	五
Six	六
Seven	七
Eight	八
Nine	九
Ten	十
Hundred	百
Thousand	千
TenThousand	万
AHundredMillion	亿
Diary	日
Mouth	个月
Monthly	月
Week	周
Year	年
Day	天
Second	秒
Minute	分
Minutes	分钟
Snap	折
QuantifiersA	个
Hour	小时
Aha	啊哈
IsExpire	已到期
Diamond	黑卡
UpperLimit	上限
Recycle	回收
Residue	剩余
Buy	购买
Success	成功
Acquire	获得
AtPresent	已拥有
ComingSoon	敬请期待
NotUnlock	未解锁
ComeFrom	来自
CharacterNotMoreLevel	已达等级上限
AssetsBuyConsumeNotEnough	{0}不足
MailGetRewardEmpty	没有可领取邮件
ToolMonthBefore	月前
ToolDayBrfore	天前
ToolHourBefore	小时前
ToolMinuteBefore	分钟前
FriendCount	好友数
FriendDayCharge	今日收取
FriendMyId	我的识别码 :
FriendLatelyLogin	最近登录 :
FriendRemoveTip	删除好友后，与该玩家的羁绊值和聊天记录都会被清除，确定删除？
FriendSelectRemoveTip	请选择要删除的好友
ChatSystemMsg	系统消息
ChatWorldMsg	广域聊天
ChatGuildMsg	指挥局聊天
ChatPrivateMsg	私聊
ChatWorldNewMsg	有【<color=#34aff9>{0}</color>】条新的消息
ChatManagerGetGiftNotGift	当前没有可以收取的礼物
CurrentlyHas	当前拥有:{0}
DifferentRefreshTimes	刷新次数不足
RefreshShopItemNotEnough	重置需要的物资不足
BuyNeedItemInsufficient	购买所需材料不足
CanBuy	可购: {0}
DayCanBuy	本日可购: {0}
MonthCanBuy	本月可购: {0}
GainCount	获得 x {0}
TimeLimit	限时
RecommendLevelDesc	推荐等级：{0}
Recommend	推荐
HotSell	热销
TimeSoldOut	距离下架：{0}
UseSuccess	更换成功
BuySuccess	购买成功
EmojiText	[表情]
FashionNoGet	此【涂装】暂未解锁
CharacterLock	角色暂未解锁
ApplyForTip	无法向对方发送好友请求，请在{0}小时后再发送
ApplyButtonName1	申请
ApplyButtonName2	好友
ActiveTime	<size=26><color=#626c78>开放剩余时间：</color></size>{0}
BuyCount	<size=26><color=#626c78>可购次数：</color></size>{0}/{1}
ShopResetTimes	<size=26><color=#626c78>次数：</color></size>{0}/{1}
AlreadyFriends	对方已经是你的好友
FriendNotAddSelf	无法将自己加为好友
PleaseEnterPlayerID	请输入玩家识别码
EquipReformSelectItemDisplay	x{0}
GiftMoneySendNotReceive	你给{0}丢了一箱螺母，你们之间产生了{1}点羁绊
GiftMoneySendHaveReceive	{0}收到了你丢的{1}个螺母
GiftMoneyReceiveNotReceive	{0}给你丢了一箱螺母，你们之间产生了{1}点羁绊
GiftMoneyReceiveHaveReceive	领取了{0}丢来的{1}个螺母
TowerStage	行
TowerTimes	次
TowerStageInfo	第<color=red>{0}</color>行
TowerCannotEnter	已经达到本段位最高层
ShopActivityItemCount	{0}
ShopNoGoodsDesc	暂无商品可购买
ShopHaveNotBuyCount	超过商店可购买的数量
ShopGridCommonCount	x{0}
HostelFloorLock	【区域未解锁】
HostelFullElectric	已满
HostelFullVitality	已满
ChallengeRewardIsGetted	奖励已领取
HostelMaxElectric	储存上限
HostelPerElectric	产量
HostelWorkElectric	执勤产量
HostelWorkSlot	槽位数量
HostelDeviceUp	提升到
HostelDeviceLevel	等级
HostelDeviceNeedEle	需要{0}个{1}作为能源
HostelSelectCharWork	请先选择伙伴
CharacterVitality	集中力{0}
HostelProductElectric	产出粒子
HostelSlotProduct	产出{0}
HostelWorkReward	完成生产获得
HostelPerSlot	{0}/人
HostelWorkSlotLock	执勤位未解锁
CanChallegeCount	可挑战次数:
BuyChallegeDesc	挑战机会
BattleWinSelectStage	返 回
BattleWinAgain	再 次 挑 战
BattleWinNext	进 入 下 一 关
BattleWinMain	主 界 面
BattleWinArenaOnlineAgain	维 持 本 队
BattleWinArenaOnlineBack	退 出 队 伍
BattleWinMainCannotEnter	无法进入下一关
NewRoomSingleCannotSetRobot	无法编辑试玩队伍
CharacterShowLevel	{0}<color=#000000FF><size=40>/{1}</size></color>
World	世界
Team	部队
System	系统
Mentor	指导
None	无
Attack	攻击
Defense	防御
Life	生命
Blast	暴击
Score	评分
PutOn	装备
Obtain	获取
CountDownTips	还有({0}S)可发送
Clipboard	已复制到剪贴板
WrongDate	输入日期错误
Birthday	{0}月{1}日
CopySuccess	复制成功
BossSingleChallengeCount	<size=58><color=#0E70BDFF>{0}</color></size>/{1}
BossSingleScore	讨伐值{0}
BossSingleNoNeedScore	全部获得
BossSingleScore2	当前讨伐值：{0}
BossSingleMinute	<color=#0E70BDFF>{0}分钟</color>
BossSingleMinuteHideBoss	<color=#e53632>{0}分钟</color>
BossSingleLevel	<color=#FFFFFF>{0}</color>
BossSingleLevelHideBoss	<color=#FFFFFF>{0}</color>
BossSingleBossScore	<size=50><color=#0E70BDFF>{0}</color></size>/{1}
BossSingleBossScoreHb	<size=50><color=#e53632>{0}</color></size>/{1}
BossSinglePercentDesc	{0}<size=42>%</size>
BossSingleRankDesc	等级：{0} - {1}
BossSingleLeftTime	<size=34><color=#000000FF>距离重置还有:</color></size>{0}
BossSingleLeftTimeIos	(ios榜单)
BossSingleLeftTimeWin	(win榜单)
BossSingleLeftTimeAndroid	(Android榜单)
BossSingleLeftTimeAll	(全平台榜单)
RoomStamina	耐力：{0}/{1}
BossSingleNoStamina	{0}耐力值不足
BossSingleBossNotEnough	Boss尚未开启
BossSingleBossRankScore	<size=22>讨伐值 </size>{0}
BossSingleAllRankScore	<size=22>讨伐总值 </size>{0}
BossSingleLeftTimeIcon	距离重置还有:{0}
BossSingleChooseLevelTypeEmpty	请先选择难度分区
BossSingleProgressChooseable	暂未选区
BossSingleBossSectionLeftTime	作战维持：{0}
BossSingleProgress	进度：{0}/{1}
BossSingleModeTips	讨伐总值达到180w后开启鏖战点
BossSingleModeExit	退出
BossSingleModeClash	{0}已在<color=#0E70BDFF>{1}</color>中出战，保存将清除该记录。 操作后<color=#ff3838>20分钟内所有记录中成员</color>无法出战其它关卡，是否继续保存？
BossSingleModeMoreCharacterClash	部分成员
BossSingleModeMoreStageClash	其他关卡
BossSingleModeSaveAndExit	保存并退出
BossSignleBufenTip	达到指定分数，所有前置难度讨伐值自动变更为满分
BossSingleModeSaveTip	记录保存成功
BossSingleModeEnterFightTip	{0}已在{1}中记录，是否继续使用该成员出战
BossSingleChallengeRecordCD	（记录队伍成员锁定中）
BossSingleCharacterClash	{0}、{1}
BossSingleCharacterClashDesc	{0}在其它关卡中已锁定，暂时无法出战
BossSingleSettleTips1	不额外扣除角色耐力及挑战次数
BossSingleSettleTips2	扣除角色耐力
BossSingleChangeMember	出战阵容与记录角色不一致，是否继续作战？保存新纪录需要消耗角色耐力。
CoureDesc	完成关卡<color=#0E70BDFF>{0}</color>即可获得奖励
IsSureDelete	是否确认删除？
OnlineInviteFriend	{0}正在挑战{1},请求您的支援,<color=#0F70BC>{2}</color>
OnlineInviteLink	<a href={0}>[立即前往]</a>
OnlineSendWorldSuccess	发送成功
OnlineFightSuccess	出战成功
OnlineInstanceEnterRoom	成功进入队伍
OnlineCancelReadyBeforeSelectCharacter	准备中不可修改角色
OnlineRoomOnDisconnet	与房间断开连接
OnlineRoomClose	房间已关闭
BuyCountIsNotEnough	购买次数不足
SocialGiftTips	全部收取<color=#34aff8>({0}/{1})</color>
DrawTotalCount	<size=30><color=#000000FF>已研发：</color></size>{0}回
DrawCount	{0}回研发
DrawTargetActivityUpdate	检定活动已更新
DrawTargetActivityOpen	检定活动已开始
DrawTargetActivityClose	检定活动已结束
DrawTargetFirstTitle	请选择目标
DrawTargetSecondTitle	本次检定活动剩余<color=#0F70BCFF>{0}次</color>机会
DrawPercentA	占A级出率
DrawPercentS	占S级出率
DrawPercentSUp	100%
ServerError	连接服务器错误
ServerShutdown	服务器关闭
HeartbeatTimeout	与服务器失去连接
LoginTimeOut	登录超时，是否重试?
ShieldFunctionTip	玩法已临时关闭，详情请查阅游戏公告
FubenNotTime	副本已过期
FubenDailyIsAlreadyReset	副本已重置
FubenDailyOpenRemark	周{0}开放
FubenDailyOpenHint	仅在周{0}开放
FubenDailyAllDayOpen	全天开放
DailyActive	每日活跃度
LevelActionPoint	{0}(+{1})
OnlineBossTimeOut	协同作战已刷新
FlopRewardSelect	请选择奖励
FlopRewardWait	等待确认
FlopRewardWaitClose	面板即将关闭
FlopRewardGetReward	<color=#6EAC45>已选择</color>
DrawVoucherNotEnough	{0}不足
DrawBuyVoucherQuery	是否使用<color=#0f70bc>{0}</color>【{1}】购买<color=#0f70bc>{2}</color>张【{3}】
DrawOwnVoucherAmount	<size=34><color=#838383FF>拥有：</color></size>{0}
DrawResetTime	<size=40><color=#FFFFFFFF>距离重置还有:</color></size>{0}
Fract	{0}<size=30>/{1}</size>
RoomHrefDisabled	支援消息已过期
GetAssistFail	支援失效：当前未遇到其他小队。
ChatManagerNotSendCoinToNotFriend	不能给非好友发送螺母
CharacterExpItemsUse	使用成功
CharacterActivation	激活成功
ExpAdd	经验+{0}
BountyTaskRefreshCountNotEnough	刷新次数不足
BountyTaskAccetpTaskSuccess	接受赏金任务成功
BountyTaskRewardTipTitle	赏金任务奖励
BountyTaskTipTitle	赏金任务提示
BountyRankDescContent	每周一5:00，通过邮件发送奖励
BountyTaskTipContent	任务每周1凌晨5点刷新。\n接取任务后周期内无法删除。\n每日可刷新心仪任务7次。
UiFubenCoinSkillReward	上次收益 <size=42><color=#{0}>{1}</color></size>
UiFubenCoinSkillChallenge	<color=#{0}>{1}</color>
MissionSendSuccess	派遣成功
MissionConditionMemberLimit	派遣队伍人数不足
MissionConditionNotEnough	派遣条件不足
MissionGiveupSuccess	放弃派遣任务成功
MissionRefreshSuccess	刷新成功
MissionAutoSelectFail	当前没有符合派遣条件的成员
MissionTeamCountTipTile	提示
MissionGiveupTaskContent	确认放弃当前任务？
MissionRefreshTaskContent	确认花费%s%s刷新任务
MissionCurContent	(当前)
MissionTaskTeamMember	要求上阵%s个角色
MissionTaskCountContent	任务数上限提升至%s
MissionTaskTeamCountContent	派遣队伍上限提升至%s
UiPanelRefitConsume	消耗家具币
UiPanelRefitSelectDrawing	选择图纸
BfrtFightEchelonTitle	作战梯队【{0}】
BfrtLogisticEchelonTitle	后勤梯队【{0}】
BfrtLogisticEchelonTitleSimple	后勤 {0}
BfrtFightEchelonTitleSimple	作战 {0}
BaseEquipRecycleNotSelected	请先选择装备
FightTeamConditionLimit	作战队伍不符合要求
LogisticsTeamConditionLimit	后勤队伍不符合要求
BfrtInfoTeamName	梯队{0}
BfrtDeployTipContent	是否让{0}从{1}更换至{2}。
BfrtDeployTipTitle	编队提示
BfrtChapterProgressMainLine	（{0}/{1}）
BfrtAllChapterProgress	章节完成度：{0}/{1}
BfrtChpaterLocked	未开启
BfrtChapterUnlockCondition	通关上一章节后开启
BfrtAutoTeamNoMember	当前没有符合条件的队员
BfrtBanChangeTeam	已通过该据点，不可更改编队
BfrtHaveStageRecord	已有关卡记录{0} - {1}，是否清除记录？
BfrtCourseProcess	进度({0}/{1}):
BfrtCurAbilityProcess	一键通关战力：{0}/{1}
WeaponLevel	{0}(共鸣+{1})
CharUnlockTips	成员： {0}
FavorabilityNoStrangeNewsData	暂无秘闻数据
FavorabilityNoInfoData	暂无资料数据
FavorabilityNoAudioData	暂无语音数据
FavorabilityNoActionData	暂无动作数据
FavorabilityAddExp	【{0}】增加{1}点信赖度!
FavorabilityCurrSelected	当前
FavorabilityCast	配音：
FavorabilityNotOwnChar	当前选中的角色未拥有!
FavorabilityChooseAGift	请选择一种礼物!
FavorabilitySetChiefAssistSucc	设置【{0}】为首席助理成功
FavorabilityNotRemoveOnlyAssist	不可以取消唯一一名助理
FavorabilityRemoveAssistSucc	成功移除【{0}】助理
EquipStrengthenMaxLevel	已达上限等级
EquipStrengthenCurLevel	{0}/<color=#28CFFFFF>{1}</color>
EquipLevelText	<color=#0E70BDFF>{0}</color><size=30>/{1}</size>
EquipMultiStrengthenSuc	装备培养成功
EquipStrengthenSuc	装备强化成功
EquipPutOnSuc	装备穿戴成功
EquipTakeOffSuc	装备脱下成功
EquipResonanceNoWeaponTip	暂无武器选择
EquipResonanceNoAwarenessTip	暂无意识选择
EquipResonanceNoItemTip	暂无道具选择
CustomUiTip	<color=#ffffff>点击需要调整的按钮，拖动调整位置</color>
CustomUiConflict	<color=#ffffff>有按钮重叠，请重新检查</color>
CustomUiSaved	<color=#ffffff>方案保存成功</color>
CustomUiUnsave	按键方案尚未保存，确定要退出吗？
AwarenessDetailTitle	意识属性
WeaponDetailTitle	武器属性
CustomLoadingRemoveTip	是否将对应图片移出加载图随机使用？
CustomLoadingMaxTip	自定义loading图已达上限，请先清理不需要的图片！
FocusType1	智能锁定：直接拉动摇杆并使用技能可自动锁定摇杆方向上的敌人。
FocusType2	手动锁定：轻触屏幕空白区域（不包含摇杆区域）切换锁定目标，长按解锁。<color=#0e70bd>若勾选「显示锁定按钮」，则战斗中点击「锁定」按钮切换目标</color>
FocusType3	进阶锁定：可实时切换智能锁定模式和手动锁定模式。 默认为<color=#0e70bd>智能锁定模式</color>，拉动摇杆并使用技能可锁定摇杆方向上的敌人；轻触屏幕空白区域可进入<color=#0e70bd>手动锁定模式</color>，再次轻触可切换锁定目标，长按解锁并回到智能锁定模式。 <color=#0e70bd>若勾选【显示锁定按钮】，则操作改变为轻触按钮和长按按钮。</color>
FocusTypeDlcHunt1	智能锁定：直接拉动摇杆并使用技能可自动锁定摇杆方向上的怪物部位
FocusTypeDlcHunt2	手动锁定：单击「锁定」按钮切换敌人。 长按「锁定」按钮可呼出部位锁定栏，精确锁定怪物部位。
FocusTypeDlcHunt3	
FocusTypeDlcHuntTeaching	教学关卡禁止修改锁定模式
WeaponTransType1	关闭：界面中武器装备在成员身上展示时，<color=#0e70bd>武器不播放变形动作，直接展示变形后形态</color>
WeaponTransType2	开启：界面中武器装备在成员身上展示时，<color=#0e70bd>武器播放对应的变形动作</color>
RechargeType1	关闭：累计充值界面将不显示当前充值金额信息
RechargeType2	开启：累计充值界面将显示当前充值金额信息，玩家可以通过按钮切换是否显示详细数值
CaptionType1	关闭：主界面构造体在播放动作时，不显示字幕
CaptionType2	开启：主界面构造体在播放动作时，显示字幕
EquipIsLock	装备处于锁定状态
EquipPutOnSpecialCharacterIdNotEqual	此装备为{0}·{1}专属
ArenaActivityBeginCountDown	组队中:
ArenaActivityResultCountDown	结算中:
ArenaActivityEndCountDown	进行中:{0}
ArenaOverDescription	结算期
ArenaTeamDescription	组队期
ArenaFightNotJoinDescription	任务奖励已刷新
ArenaFightJoinDescription	战斗期
ArenaWaveRate	波动指数{0}
ArenaPlayerLevelRange	等级段：{0}-{1}
ArenaActivityUpRegion	晋级区
ArenaActivityKeepRegion	保级区
ArenaActivityDownRegion	降级区
ArenaActivityUpRegionColor	<color=#20bb61>晋级区</color>
ArenaActivityKeepRegionColor	<color=#2086bb>保级区</color>
ArenaActivityDownRegionColor	<color=#bb204f>降级区</color>
ArenaActivityNotUpRegionDesc	该组小队不会晋级
ArenaActivityNotDownRegionDesc	该组小队不会降级
ArenaActivityNotKeepRegionDesc	该组小队不会保级
ArenaActivityRegionDesc	No.{0}~No.{1}
ArenaActivityUpRegionContributeScoreDes	除传奇小队外，其他小队可消耗2点声誉值抵消降级惩罚，当期战区积分为0时不论排名高低，无法获得声誉值。
ArenaActivityStage	第{0}区域
ArenaActivityResultUp	恭喜你在纷争战区提升到 <color=#0f70bc><size=60>{0}小队</size></color>
ArenaActivityResultDown	很遗憾你在纷争战区下降至 <color=#0f70bc><size=60>{0}小队</size></color>
ArenaActivityResultKeep	你在纷争战区英勇奋战保留在 <color=#0f70bc><size=60>{0}小队</size></color>
ArenaActivityResultNotContributeScore	因为功勋值不足{0}，在纷争战区中保留在 <color=#0f70bc><size=60>{1}小队</size></color>
ArenaActivityProtected	<color=#30aa17>降级保护</color>使你保留在 <color=#0f70bc><size=60>{0}小队</size></color>
ArenaActivityAreaIsNotOpen	此战区本周期内锁定，无法挑战
ArenaMaxSingleScore	最高可获取{0}分
ArenaMaxSingleNoScore	最高分无上限
ArenaMaxAllScore	{0}<size=40>最高</size>
ArenaMaxAllHistoryScore	{0}<size=30>最高</size>
ArenaGrouplScore	第 {0} 波
ArenaOnlineLeftTimeOver	副本已经重置
ArenaOnlineSectionLeftTime	解锁时间   <color=#0F70BC><size=42>{0}</size></color>
ArenaOnlineStarDesc	收集进度{0}
ArenaOnlinePassDesc	进度：{0}/{1}
ArenaOnlineChapterLevel	(等级段：{0}-{1})
ArenaOnlineChapterLeftTime	{0}
ArenaOnlineSectionLeftTime1	{0}
ArenaOnlineSectionLeftTime2	{0}
ArenaOnlineStageDetailHintOnline	消耗角色耐力
ArenaOnlineStageDetailHintSingle	消耗出战角色耐力
ArenaOnlineCreateRoomOnline	创建房间
ArenaOnlineCreateRoomSingle	单人战斗
ArenaOnlineStageDropDesc	累计{0}次翻牌必出超频催化剂·极({1}/{2}）
ArenaOnlineTimeOut	该活动已经刷新
ArenaOnlineDayTimeOut	该区域已经刷新
ArenaOnlineActiveBuffDesc	同调状态({0}/{1})
ArenaOnlineStageChangeTip	是否将当前关卡调整为：<color=#FEE82A>{0}</color>
ArenaOnlineStageInfoTip	当前目标关卡为：<color=#FEE82A>{0}【{1}】</color>
ArenaOnlineStageChangeInfo	房主已将目标切换为：<color=#FEE82A>{0}</color>
ArenaOnlineCharEnduranceTip	角色耐力不足无法作战
ArenaOnlineInviteShow	【{0}】
ArenaOnlineSettleAssist	{0} <size=32><color=#D58216>+1</color></size>
ArenaOnlineInstanceQuitRoom	确定退出组队房间？
ArenaOnlineSectionClose	当前区域尚未解锁
ArenaOnlineRoomConnectTimeOut	连接房间超时
ArenaOnlineCanNotSwitchToUnopenedSingleStage	该关卡无法使用单人模式
ArenaTaskTitle	战区任务-{0}等级{1}-{2}
ArenaMeritPoints	功勋值
ArenaReputationPoints	声誉值
ArenaRankNo	{0}
ArenaPlayerLevelRangeNotDesc	{0}-{1}
ArenaContributeScore	{0}/{1} +{2}
ArenaRankStatisticalTime	{0}-{1}
ArenaLevelPeopleNumber	人数：{0}
ArenaProtectedNumber	声誉值：{0}/{1}
ArenaChargePointsDesc	每期挑战完成可获得1点声誉值，当前{0}/{1}
ArenaRankConversionDesc	战区段位发生变动，您的新段位是<color=#0f70bc><size=77> {0} </size></color>小队
ComeAcrossTips	每天可偶遇3次，24点重置次数
ComeAcrossStart	开始！
ComeAcrossRight	<color=#8cfa7a>正确！</color>
ComeAcrossWrong	<color=#fd6e6e>错误！</color>
ComeAcrossEnd	%s秒后自动退出
ComeAcrossTimeout	<color=#fd6e6e>时间到！</color>
NewbieDayTab1	第0{0}天
NewbieDayTab2	第{0}天
NewbieDayUnlock	目标尚未开启
ComeAcrossNext	%s秒后开始下一题
ComeAcrossGameEnd	<color=#2abdfc>游戏结束</color>
FavorabilityStorySectionName	第{0}章
EquipDecomposionCapacityDes	可分解武器
EquipRecycleCapacityDes	可回收武器
EquipCapacityDes	拥有的武器
AwarenessDecomposionCapacityDes	可分解意识
AwarenessRecycleCapacityDes	可回收意识
AwarenessCapacityDes	拥有的意识
SuitCapacityDes	拥有的套装
MaterialCapacityDes	拥有的道具
FragmentCapacityDes	拥有的碎片
DecomposeTitle	分解预览
RecycleTitle	回收预览
ConverseTitle	转化预览
SellTitle	出售预览
DecomposeConfirmTip	当前选中<color=#0E70BD>包含4★或以上的装备</color>。\n分解返还70%左右所有培养材料（返还不包括共鸣材料，返还计算出现非整数数量时，向下取整）
DecomposeConfirmTitle	装备分解二次确认
EquipRecycleConfirmTip	当前选中<color=#0E70BD>包含5★或以上的装备</color>，是否确认回收
EquipRecycleConfirmTitle	装备回收二次确认
SellConfirmTip	选中物品为高品质物品
SellConfirmTitle	物品出售二次确认
ItemDeadLine	（{0}后过期）
SelectGiftCount	(请选择<color=#FF0000FF>{0}</color>个奖励)
SelectGiftMaxCount	可选礼包选满了
SelectReplicatedGiftCount	(可自由选择<color=#FF0000FF>{0}</color>个奖励)
PrequelChapterTimes	次数：{0}
TrialIllustration	玩法分为前段与后段，每段各5关。\n关卡可复刷，复刷没有任何奖励。\n每通关5关即可领取装备奖励。
AwarenessTfPos	{0}号位
AwarenessTfMaterialMainError	请先选择主要材料
AwarenessTfMaterialError	材料不足
AwarenessTfConfirmTitle	重要提示
AwarenessTfConfirmContent	装备改造后将保留当前等级。
AwarenessTfConfirmContentResonance	当前装备带有共鸣技能，改造后将会清空！
AwarenessTfMaterialSelectError	已达到选择上限
PrequelChallangeTab	挑战模式
PrequelCompletion	完成度：{0}/{1}
PrequelFragmentTimeReset	重置时间：{0}
PrequelChapterNotOpen	此间章暂未开放
TrialFinish	已完成关卡
TrialUnLock	未解锁关卡
AbilityInsufficient	战力不足
AvgInsufficient	目前关卡极度危险，建议{0}个上阵成员战力提升至{1}，是否强行挑战
Insufficient	目前关卡极度危险，建议提升成员战力至{0}，是否强行挑战
RenameLengthError	昵称不能为空
DrawRuleHint	占<color=#36cdff>{0}</color>{1}出率<color=#36cdff>{2}</color>
DrawBottomTimes	剩余<color=#36cdff>{0}</color>回必出
AbilityCurrentSufficientTips	<color=#0e70bd>{0}(已有最高战力：{1})</color>
AbilityCurrentInSufficientTips	<color=#e84c4c>{0}(已有最高战力：{1})</color>
TrialForPro	前段进度{0}/{1}
TrialBackEndPro	后段进度{0}/{1}
TrialName	意识营救战
TrialLevelFinish	解锁意识{0}/{1}
NoticeTag1	活动
NoticeTag2	补给
NoticeTag3	重要
NoticeTypeTitle1	活动公告
NoticeTypeTitle2	游戏公告
ShopAutoRefresh	<size=26><color=#626c78>自动刷新：</color></size>
PrequelUnTrigger	未完成触发条件
DrawResetTimeShort	{0}
TrialNoFinishTips	请先通过阿斯麦
NoActivities	当前没有活动公告
NoInGameNotice	当前没有公告
ItemCanConvert	溢出
DrawCardResetTime	<size=28><color=#AFAFAFFF>距离重置还有:</color></size>{0}
ArenaActivityStatusWrong	当前状态无法执行此操作
EmailExpireTime	剩余时间：{0}
EmailForever	剩余时间：永久
ArenaActivityStatusChange	竞技场状态已经改变
Rank1Color	<color=#ff3f3f>{0}</color>
Rank2Color	<color=#0e70bd>{0}</color>
Rank3Color	<color=#30aa17>{0}</color>
RankOtherColor	<color=#636363>{0}</color>
RankOtherColor2	<color=#ffffff>{0}</color>
FriendApplySuccess	您已经向对方发送好友申请
FrienRefreshSuccess	好友刷新成功
FriendAgree	已同意好友请求
FriendRefuse	已拒绝好友请求
FriendThrowSuccess	群体投掷成功
AutoFightStageMainType	主线剧情
AutoFightStagePrequelType	间章挑战
DormTemplateTargetFinished	暂无需要改装的家具
DormMaxPutFurnitureCountHit	超过最大家具摆放数量
DormAllDesc	全选
FurnitureDontRemakeTip	由于分配的点数小于原家具点数，以下家具不会被重制：
FurnitureRemakeNone	暂无需要重制的家具
DormFurnitureRecycelNull	尚未选择家具
DormDraftRecycelComfirm	确认回收选中的家具（或图纸）吗？
DormDraftRecycelGreaterAComfirm	回收道具中包含<color=#0E70BD>A级或以上的家具</color>，确认回收选中的家具吗？
DormRecycleConfirmTitle	家具回收
DormFurnitureRecycelComfirm	确认回收选中的家具？
DormFurnitureRecycelUsingComfirm	有家具正在使用，确认继续回收？
DormFurnitureRecycelUsingTip	无法回收使用中的家具
DormFurnitureNotSuit	无套装属性
DormCharacterLevel	阶段{0}
DormCharacterHpLeft	<color=#0E70BD><size=40>{0}</size></color>/{1}
DormCharacterHpSpeed	每小时恢复{0}点体力
DormCharacterMoodSpeed	每小时恢复{0}点心情
DormFurnitureEffectDescNull	无特殊效果
DormFurnitureSelectNull	尚未选择
DormFurnitureSelectSuitNull	尚未选择套装
DormFurnitureScoreDesc	<size=24>{0}</size>{1}
DormSelectAllCount	全部选择<size=38><color=#0E70BD>{0}</color></size>
DormSelectCount	已筛选<size=38><color=#0E70BD>{0}</color></size>
DormPerson	人员
DormWork	执勤
DormLove	超爱
DormLike	喜好
DormTotalScore	总评分
DormTask	任务
DormDes	说明
DormReName	改名
DormMyFriend	我的好友
DormMember	舰队成员
DormStranger	未知访客
DormWorking	执勤中
DormWorked	完成执勤
DormPunk	朋克
DormDesSecond	宿舍舒适度由：美观、舒适、实用组成，不同的伙伴喜欢的属性各不相同。\n进入仓库可查看构造体/授格者/侵蚀体/人类喜欢的属性。舒适度可提升构造体的体力恢复速度（ps.伙伴喜欢的属性高的话，还可以恢复心情值）。\n初始解锁一间宿舍，可使用家具币不断解锁其他宿舍。每个宿舍最多放置3个伙伴。\n\n家具可通过商店购买（ps.商店内的家具属性固定）/建造/改装获取。\n建造仅可建造“基础套”家具，但可以自定义家具属性。\n改装可以通过消耗图纸，更改家具的样子（还会出现特殊效果）。\n\n心情值很高的伙伴会定期赠送指挥官礼物，不断提高伙伴的心情值吧！
DormDesWork	通过消耗伙伴体力进行执勤，可获取家具币。\n每次执勤会消耗伙伴几乎全部的体力。\n体力与可获取家具币的比例成固定值。\n执勤的座次数量可通过解锁宿舍房间提升。\n每日凌晨5:00的执勤座次。
DormReNameSuccess	改名成功
ExploreChapterName	{0}章记录
ExploreNotOpenError	请先通关前面章节
DormOnline	在线
DormOffline	离线
DormNoCount	没有宿舍
DormBagFurnitureCount	<size=26><color=#000000FF>拥有的家具   </color></size><size=52><color={0}>{1}</color>/<color=#0f70bc>{2}</color></size>
DormBagEmneyCount	<size=26><color=#000000FF>拥有的侵蚀体   </color></size><size=52><color=#0f70bc>{0}</color></size>/{1}
DormBagCharacterCount	<size=26><color=#000000FF>拥有的泛用机体   </color></size><size=52><color=#0f70bc>{0}</color></size>/{1}
DormBagHumanrCount	<size=26><color=#000000FF>拥有的人类   </color></size><size=52><color=#0f70bc>{0}</color></size>/{1}
DormBagInfestorCount	<size=26><color=#000000FF>拥有的独域机体   </color></size><size=52><color=#0f70bc>{0}</color></size>/{1}
DormBagNiErCount	<size=26><color=#000000FF>拥有的联动   </color></size><size=52><color=#0f70bc>{0}</color></size>/{1}
DormBagDraftCount	<size=26><color=#000000FF>拥有的图纸   </color></size><size=52><color=#0f70bc>{0}</color></size>
DormNotBuyDrawing	暂无图纸可购买
DormSelectHint	已选 <size=34><color=#{0}>{1}</color></size>
DormHight	<color=#{0}>{1}(高)</color>
DormFondleCount	抚摸次数  <color=#34AFF8FF><size=66>{0}</size></color>/{1}
DormFondleRecovey	{0}恢复中
DormMiddle	<color=#{0}>{1}(中)</color>
DormHightDescription	<color=#0f70bcff>超爱</color>
DormMiddleDescription	<color=#0f70bcff>喜爱</color>
DormObtainLevelSRecovery	本次回收中包含<color=#D2B53C><size=80>S</size></color>级家具\n是否回收
DormObtainLevelSReset	本次重制中包含<color=#D2B53C><size=80>S</size></color>级家具\n是否重新建造
DormObtainLevelSRefit	本次选择家具中包含<color=#D2B53C><size=80>S</size></color>级家具\n是否重新改造
DormObtainRecovery	可获得家具币
DormObtainReset	需要补充家具币
DormBuildEnoughDesc	请投入<color=#0E70BD>3-10</color>枚家具币
DormBuildNoEnoughDesc	请投入<color=#C6403A>3-10</color>枚家具币
DormResetEnoughDesc	分配<color=#0E70BDFF>3-10</color>点点数，重置属性分布
DormResetNoEnoughDesc	分配<color=#C6403AFF>3-10</color>点点数，重置属性分布
DormRefitEnoughCount	<color=#000000CC>x{0}</color>
DormRefitNoEnoughCount	<color=#C6403A>x{0}</color>
DormBuildEnoughCount	<color=#000000FF>{0}</color>
DormBuildNoEnoughCount	<color=#C6403A>{0}</color>
DormBuildEnoughCountWhite	<color=#FFFFFFFF>{0}</color>
DormBuildMinCount	已经是最小值
DormBuildNotChangeCount	制造需求中包含多个地板、墙或天花板家具。\n确定要批量制造吗？
DormBuildNotCount	请选择建造数量
DormBuildCountDesc	数量
DormBuildMaxCount	家具批量制造总数每次最多{0}个
DormTemplateTitle	公示图
DormTemplateTitlePrecnt	目标达成<color=#0E70BD>{0}%</color>
DormTemplateTarget	设定目标
DormTemplateCountEnough	<color=#0E70BD>{0}</color><color=#767676>/{1}</color>
DormTemplateCountNotEnough	<color=#C6403A>{0}</color><color=#767676>/{1}</color>
DormRefitCountEnough	<color=#0E70BD>{0}</color><color=#000000>/{1}</color>
DormRefitCountNotEnough	<color=#C6403A>{0}</color><color=#000000>/{1}</color>
DormTemplateSelectTip	已经绑定当前选择宿舍
DormTemplateSelectHaveTip1	是否要解除<color=#C6403A>{0}</color>宿舍的绑定，并且将模板与此宿舍绑定
DormTemplateSelectHaveTip2	是否要解除当前宿舍以及<color=#C6403A>{0}</color>宿舍的绑定，并且将模板与此宿舍绑定
DormTemplateSelectCancelTip	是否取消当前绑定
DormTemplateSelectSuccess	绑定成功
DormTemplateUnSelectSuccess	解除绑定成功
DormTemplateSelectNoneTip	请选择绑定宿舍
DormTemplateSaveSuccess	模板保存成功
DormTemplateSaveTip	是否要覆盖当前记录
DormTemplateSaveTipName	请输入收藏模板名字
DormTemplateSaveNoneTip	请选择任意记录进行保存
DormTemplateEncondeNoneID	请输导入的分享的ID
DormTemplateEncondeTip	导入将覆盖当前场景，是否继续导入
DormTemplateShareTip	已将编码复制进入粘贴板，今日剩余分享次数：{0}
DormTemplateShareCuptrue	已成功保存于手机相册
DormTemplateOneKeyTip	是否要将<color=#C6403A>{0}</color>中家具全部卸下，替换为模板中家具（仅替换当前拥有家具）
DormTemplateOneKeySuccesss	替换成功
DormTemplateOneKeyNone	暂无家具可以替换
DormTemplateNoneTip	是否保存到模板
DormExceptionItemConvert	无效家具图纸已按照1:15转换成家具币
DormPutTemplateTitle	一键摆放模板
DormPutTemplateContent	一键替换模板装扮后，您将丢失当前的宿舍装扮，是否将当前的装扮保存至收藏模板里?
DormPutTemplateNegativeTxt	不、直接替换
DormPutTemplatePositiveTxt	保存模板
DormSaveDressUp	保存装扮
DormSaveDirectly	直接保存
DormQuickBuild	快捷制作
DormNoFurnitureOnPut	检测到场景中有未拥有的家具，若直接保存装扮，将不保存未拥有的家具，是否前往快速制造?
DormSetTemplateTxt	成功将【{0}】的装修目标设成【{1}】
DormChangeTemplateTxt	要从【{0}】切换到【{1}】吗
DormQuestAutoAccept	一 键\n派 遣
DormQuestAutoQuestTeamPosNotEnough	暂无空闲的队伍位置
DormQuestAutoQuestCanNotAcceptQuest	暂无空闲成员或可接取委托
DormEventAutoHasNotDormEvent	没有事件可以处理了
DormEventAutoRewardCountFormatStr	数量：{0}
BaseEquipNeedLevel	指挥官等级需达到{0}级
BaseEquipType1	进攻专属
BaseEquipType2	装甲专属
BaseEquipType3	辅助专属
ExploreBuffUnlock	通关{0}解锁
ExploreBuffUnlockSeparate	、
ExploreRewardError	奖励已领取
ExploreRewardTitle	奖励详情
ExploreExplain	完成章节所有的关卡后，可解锁章节奖励，并解锁下一章节。\n\n每个章节成员的体力有限，注意成员的使用。\n\n成员的体力进入新章节后重置。
FurnitureChooseFurniture	请选择一个家具
FurnitureChooseDraft	请选择一个图纸
FurnitureNotMatchDraft	该图纸不能改装当前选中的家具
FurniturePlaceNotCorrect	请先摆放好家具
FurnitureOutOfLimit	不能放置家具，该类型的家具已经达到上限
FurniturePetOutOfLimit	不能摆放家具，携带宠物家具已经达到上限
FurnitureChooseAType	请选择一个家具类型
FurnitureAllTypeText	全部家具
FurnitureContainNonBasic	待改装家具包含非基础家具
FurnitureOrDrawingNotEnough	改装家具或图纸不足
FurnitureContainNonBasicTip	所选家具包含 非基础家具 ，是否继续改装？
FurnitureOverMaxCount	超过最大选择数量
FurnitureAtLeastSelectOne	请至少选择一个家具
ExploreBannerProgress	最新章节：
ExploreBannerProgressEnd	全部完成
DormWorkTips	选择执勤位不得超过最大数量
DormWorkCount	执勤位 <size=66><color=#0f70bc>{0}</color></size>/{1}
DormActiveTips	是否花费{0}个{1}激活该宿舍（宿舍币商店购买）
FurnitureInvestment	至少投入<color={0}> {1} </color>家具币，最多投入<color={2}> {3} </color>家具币
DormActiveSuccessTips	宿舍激活成功
DormVisitStrangeEmptyTips	没有访客
DormVisitFriendEmptyTips	暂无好友
FurnitureSelectAType	请先选择一个家具类型
DormRewardText	奖励已领取
FurnitureSaveSuccess	家具保存成功
FunitureCannotCompound	选中的图纸不能合成家具
FurnitureTips	提示
FurnitureIsSave	是否要保存修改？
DormFurnitureCreateDetailTips	当前仓库家具过多，制造功能受到限制，请先回收部分家具
DormFurnitureCreateLimitTips	家具总数将超出限制（{0}/{1}）
DormWorkNoRewardTips	无可收取奖励
ExhibitionNotObtainCharacter	尚未获取该成员
ExhibitionUnknownCharacter	暂无该成员信息
ExhibitionExplain	收集到的成员会点亮对应的成员头像。\n提升了成员战力、等级后，可以解锁成员专属奖励。
DormFullPersonTips	超过宿舍最大数量
DormVisitorFirend	是否添加{0}为好友
BossOnlineProcess	拾荒者剩余：{0}
BossOnlineKillCount	击杀构造体：{0}
BossOnlineConsumeTips	拾荒者已消耗完毕，结算时将失去【拾荒者奖励】选择权，是否继续。
BossOnlineNotUnlock	请完成上一难度关卡
BossOnlineConsumeFinish	拾荒者已消耗完毕
BossOnlineInvade1	应露娜小姐之命
BossOnlineInvade2	加百列
BossOnlineInvade3	于此恭候多时！
BossOnlineInvade4	很抱歉
BossOnlineInvade5	你们必须在这里停下脚步了
ActivityBranchCurLevelDes	{0} - {1}级
ActivityBranchLevelDes	{0} - {1}级
ActivityBranchFightLeftTime	活动剩余时间：
ActivityBranchShopLeftTime	兑换时间剩余：
ActivityBranchChallengeBeginTime	挑战开启时间：{0}
PayAcceptTips	充值已受理，请耐心等待
PaySuccess	充值成功
PayFail	充值失败
ActivityMainLineEnd	活动已结束
ActivityBranchFightEnd	战斗时间已结束
FurnitureCleanRoom	是否全部收起？
FurnitureRevertRoom	是否重置修改
DormReNameTips	名字中不能有空格
ActivityAlreadyOver	活动已结束
ActivityAlreadyClose	活动已关闭
DormPersonTxt	人员
DormRemouldTxt	装扮宿舍
DormMenTxt	菜 单
ActivityBossSingleProcess	进度：{0}/{1}
ActivityBossSinglePreStage	通关前置关卡{0}
DormVisitNameStyle	{0}<size=28>（{1}）</size>
DormFieldGuildeCountText	<size=52><color=#0f70bc>{0}</color></size>/{1}
DormWorkRefreshTime	每日<size=66><color=#0f70bc>{0}</color></size>刷新
DormWorkVitNotEn	执勤体力不足
DormWorkPosUnLockTips	请开启新宿舍
FurntiureBuildCreateCH	制造
FurntiureBuildCreateEN	基础家具
FurnitureBuildRefitCH	改装
FurnitureBuildRefitEN	家具改造
FurnitureBuildResetCN	重制
FurnitureBuildResetEN	重制家具
FurnitureRefitScore	评分   <size=26><color=#000000CC>{0}</color></size>
ActivityBranchNotOpen	活动未开启
ActivityBranchOver	活动已结束
ActivityBossSingleNotOpen	活动未开启
ActivityBossSingleOver	活动已结束
ActivityRepeatChallengeOver	活动已结束
ActivityBossOnlineOver	活动期间：每天中午11:00-14:00,晚上20:00-23:00开启
BossOnlineOver	Boss已刷新
FurnitureWholeText	全部
FurnitureAddType	添加类型
FurnitureAddItem	选择家具
MaxRecommendFight	需有角色战力高于
AvgRecommendFight	需角色战力均高于
RecommendFight	推荐战力
CancelText	取消
DormWorkStart	开始执勤
DormFurnitureName	{0} <size=28>{1}·{2}</size>
EquipResonanceAwakeExplainTitle	超频共振说明
EquipResonanceAwakeExplain	1.意识进行超频共振的条件-\n  ·需要为6★意识\n  ·意识需要满突破满级\n  ·意识需要已经进行共鸣\n2.超频共振加成属性的规则-\n  ·只对共鸣绑定角色生效\n  ·加成属性固定不随机\n  ·加成属性永久生效，更换共鸣不影响已获得的加成属性
EquipStrengthenBtnTxt1	强化
EquipStrengthenBtnTxt2	提升等级
EquipBreakthroughBtnTxt1	突破
EquipBreakthroughBtnTxt2	等级上限
PusrchaseBuyTips	将使用<color=#2275FF>{0}元</color>购买【{1}】，是否确定
PurchaseYK	月卡
PurchaseErrorCantMultiplyWithDiscount	购买失败，批量购买不可以和打折券同时使用
ReportFinish	已举报该玩家
ReportError	{0}秒后才能再次举报
PurchaseYKExChangeTab	兑换
PurchaseYKShopTab	黑卡商店
ReportSelectTypeError	请完善举报信息
ReportTemplate	该玩家在【{0}】中疑似作弊。
RecommendFriendError	刷新操作过于频繁，请稍后再试
SetAppearanceSuccess	保存成功
PurchaseAddHide	*****
PurchaseRestTypeDay	每日限购{0}/{1}
PurchaseRestTypeWeek	每周限购{0}/{1}
PurchaseRestTypeMonth	每月限购{0}/{1}
PurchaseRestTypeInterval	每隔{0}天限购{1}/{2}
PurchaseFirstPayTips	首次购买另赠{0}{1}
PurchaseYKDes	月卡购买后，持续30日，每日5:00，可领取100黑卡。\n月卡最多购买2张，时间叠加，每天只能领取一次100黑卡奖励。\n购买后可立即获取300黑卡。
SaveShowSetting	是否保存展示设置修改？
ArenaHighDesc	{0}<size=32><color=#000000FF>（本期历史最高）</color></size>
IsNotFriend	未成为好友
PurchaseBuySuccessTips	购买成功
BagNoOverFragment	暂无溢出的碎片
DormWorkNoPerson	未选择角色
DormVisitBtn	随机访问
FavorabilityMaxLevel	信赖等级已经达到最高
DormReNameErrorText	宿舍名称不能留空
DormWorkNoPerson1	无可执勤人员
PurchaseLiSellOut	礼包已售罄
PurchaseSetOffTime	{0}后下架
PurchaseSetOnTime	{0}后上架
PurchaseBuyNotSet	还没有上架
PurchaseYKBuyLimt	月卡限购：{0}/{1}
PurchaseYKSurplusDay	剩余天数：{0}天
PurchaseYKGetTips	立即获得<color=#ff8338><size=30>{0}</size></color>{1}
PurchaseYKDayGet	连续{0}天每天可获得<color=#59f5ff>{1}</color>{2}
FavorabilityMaxGiftNum	已经达到最大值
PurchaseYKBuyText1	<color=#ffea00>{0}</color>{1}          购买
PurchaseYKBuyText2	点击续购
PurchaseYKBuyText3	不可续购
PurchaseGiftValitimeTips1	礼包即将过期
PurchaseGiftValitimeTips2	多个礼包即将过期
BossSingleCannotReward	尚未达到可领取积分
PurchaseNotBuy	无法进行购买
BossSingleRepeartDesc	重复挑战boss仅刷新最高讨伐值\n讨伐值不会累计
BossSingleScoreDesc	在<size=30><color=#BA2A2A>{0}</color></size>难度获得<size=30><color=#BA2A2A>{1}</color></size>讨伐值时\n所有前置关卡的讨伐值\n将自动变更为满分
BossSingleAutoFightDesc1	无记录保存
BossSingleAutoFightDesc2	{0}难度无自动战斗
BossSingleAutoFightDesc3	<color=#0E70BDFF>{0}</color>/{1}
BossSingleAutoFightDesc4	{0}<size=26><color=#000000FF>/{1}</color></size>
BossSingleAutoFightDesc5	<color=#0E70BDFF>{0}</color>/{1}
BossSingleAutoFightDesc6	<color=red>{0}</color>/{1}
BossSingleAutoFightDesc7	该成员无耐力，无法替换记录
BossSingleAutoFightDesc8	挑战次数不足，无法替换记录
BossSingleAutoFightDesc9	替换记录将消耗阵容耐力及每日次数各1点，是否挑战
BossSingleAutoFightDesc10	{0}
BossSingleAutoFightDesc11	替换记录将消耗阵容耐力及每日次数各1点，并将讨伐值更新为保存记录的80%，是否挑战
BossSingleAutoFightDesc12	自动战斗讨伐值低于目前讨伐值，无法自动战斗
BossSingleNameHideDesc	<color=#e53632>{0}</color>
BossSingleNameNotHideDesc	{0}
BossSingleNameHidePassDesc1	当前{0}秒
BossSingleNameHidePassDesc2	尚未通关
BossSingleFightCharCount	<color=#0E70BDFF>成员数量≥{0}</color>
BossSingleFightCharCountHB	<color=#e53632>成员数量≥{0}</color>
BossSingleChallgeCount	<color=#0E70BDFF>{0}/{1}</color>
BossSingleChallgeCountHB	<color=#e53632>{0}/{1}</color>
BossSingleChallgeUnlimitedTimes	不限
DrawNotEnoughError	您的货币不足
CdKeyIsEmpty	请输入兑换码
MaxCurRecommendFight	(当前角色最高战力{0})
AvgCurRecommendFight	(还有{0}个角色未达到)
TaskLeftHour	剩余<color=#0e70bd> {0} </color>小时
TaskLeftMin	剩余<color=#0e70bd> {0} </color>分钟
TaskBeginHour	距离开始<color=#0e70bd> {0} </color>小时
TaskBeginMin	距离开始<color=#0e70bd> {0} </color>分钟
FightConditionError	未达到关卡开始条件
TaskStateUnopen	未开启
TaskStateOverdue	已过期
TaskStateSkip	前往
FightUiCustomConflict	当前战斗UI有重叠，请先调整战斗UI！
PurchaseDirGet	直接获得
PurchaseFreeText	免费
PurchaseLBSettOff	下架了
PurchaseDiscount	*捆绑包比单独购买<color=#4851A3>优惠{0}%</color>
BattleLoseActorNum	投入成员：{0}
PurchasePayGetText	购买额外赠送{0}{1}
BossSingleAutoSuccess	自动战斗成功
DormDrawNoOpenTips	卡池未开启
DormWorkText	执勤
DormPersonText	人员
DormTaskText	任务
DormShopText	商 店
DormWareHouseText	仓 库
DormBuidText	制 造
DormEntrustText	委托
BossSingleReslutDesc	目前讨伐值已超过历史最高，是否取消
DormDisable	宿舍未开放
PurchaseLBBuySuccessTips	购买成功
PurchaseSettOff	礼包已下架
DormNoRoomsTips	无可切换宿舍
DormComfortLevelTips	提升伙伴喜欢的舒适度属性，可增加体力/心情恢复速度
ConfirmText	确定
FurnitureColorS	#daa10d
FurnitureColorA	#a029c9
FurnitureColorB	#0e70bd
FurnitureColorC	#42a306
FurnitureQualityS	S
FurnitureQualityA	A
FurnitureQualityB	B
FurnitureQualityC	C
DormWorkingText	执勤中
DormNoPerson	无泛用机体
DormWorkSeleCount	执勤位 <size=42><color=#0f70bc>{0}/{1}</color></size>
GradeStarNum	<size=42><color=#0f70bc>{0}</color></size>/{1}
FurnitureCreateSuccess	制造成功
FurnitureRefitSuccess	改装成功
FurnitureRemakeSuccess	重制成功
MainFubenProgress	{0}%
DormTaskDText	宿舍成就
DormTaskNText	成就任务
DormTouchDesc	来回抚摸
DormTouchTimeOut	<color=#0E70BDFF>{0}</color>秒后可继续抚摸
FurnitureMaxCoin	已达到最大值
FurnitureColorAttrA	#ff8a8f
FurnitureColorAttrB	#ffc259
FurnitureColorAttrC	#87afff
DormWorkVitTxt	体力<color=#000000FF><size=32>{0}/{1}</size></color>
BossSingleAutoFightDesc	使用自动战斗可还原最高纪录的80%。\n自动战斗将会扣除记录中编队成员耐力，并消耗当日次数。\n自动战斗刷新周期内可使用3次。
BossSingleAutoFightRateDesc	该处讨伐值为原记录的<color=#0E70BDFF>{0}</color>
BossSingleAutoFightCount2	自动作战       {0}/{1}
BossSingleAutoFightCount1	自动作战
BossSingleAutoFightCount3	自动作战次数不足
BossSingleTipReset	使用重置挑战可返还记录中编队成员耐力。\n重置挑战将会清除当前关卡讨伐值，可重新挑战。\n重置挑战会清除相关的排行榜分数。\n重置挑战不会影响已达成的讨伐值奖励
BossSingleTitleReset	重置说明
DormVilityTxt	<color=#FFFFFFFF>体力: <size=20>{0}/{1}</size></color>
FurnitureZeroCoin	家具币不足
InTeamCantLookExhibition	联机房间中不能进入成员军团
InTeamCantLookDorm	联机房间中不能进入宿舍
InTeamCantLookFashion	联机房间中不能查看涂装详情
DormNullFurniture	暂无家具
DormNullEnmey	暂无侵蚀体
DormNullCharacter	暂无泛用机体
DormNullHumman	暂无人类
DormNullNiEr	暂无联动
DormNullInfestor	暂无独域机体
DormNullDraft	暂无图纸
DormNotEnoughDraft	图纸不足
DormTextCharType1	泛用机体
DormTextCharType2	侵蚀体
DormTextCharType3	人类
DormTextCharType4	独域机体
DormTextCharType5	联动
LoginNetworkError	登录网络错误，请点击确定后重试
LoginHttpError	登录网络错误，请点击确定后重试
DormVitalityRecovery	体力恢复 <color=#0E70BDFF>+{0}/h</color>
DormMoodRecovery	心情恢复 <color=#0E70BDFF>+{0}/h</color>
DormNextRecovery	下级条件
DormMaxRecovery	顶级
DormNextRecovery2	下级效果
DormVitalityRecovery1	体力恢复 <color=#B04141FF>-{0}/h</color>
DormMoodRecovery1	心情恢复 <color=#B04141FF>-{0}/h</color>
DormRecovery1	<color=#0E70BDFF>{0}</color>
DormRecovery2	<color=#B04141FF>{0}</color>
DayOfGetMedal	嘉奖日：{0}
RemainTimeMedal	有效时间：{0}
MedalOverdue	已过期
AccumulateMonyDes	{0}
ChangeNameLimitHour	改名冷却时间还剩 {0} 小时
ChangeNameLimitHourMin	改名冷却时间还剩 {0} 小时 {1} 分钟
TaskLeftDay	剩余<color=#0e70bd> {0} </color>天
TypeItem	道具
TypeCharacter	泛用机体
TypeIsomer	独域机体
TypeWeapon	武器
TypeWafer	意识
TypeFashion	涂装
TypeFurniture	家具
TypeHeadPortrait	头像
TypeChatEmoji	表情
TypePartner	辅助机
TypeBackground	场景
ToOtherThing	(已转为{0})
DrawLogCpunt	仅显示最近{0}条记录
FightQualityLowest	偏低
FightQualityMiddle	中等
FightQualityLow	一般
FightQualityHight	高
FightQualityHightest	最佳
ActivityBriefAloneTime	活动开启时间：{0}
ActivityBriefFightTime	{0}-{1}
ActivityBriefLeftTime	剩余时间：{0}
ActivityBriefShopLeftTime	限购道具剩余兑换时间：{0}
ActivityBriefTaskLeftTime	（任务剩余：{0}）
ActivityBriefNoTask	当前暂无任务
ActivityBriefMainlineNotInTime	活动已关闭
ActivityBriefTaskMissionInfo	任务详情
ActivityBriefTaskDesc	可通过以下途径获取【龙阗玉】\n\n百炼：章节奖励\n匹敌：关卡首通奖励
ActivityBriefRichTime	<size=28>{0}</size>.{1}
ChannelLabel	频道
ChannelRecruit	招募频道
ChannelRecruitIdStr	招募
ChannelNumberLabel	（{0}人）
ChannelChanged	进入 [ <color=#78e1ff>{0}</color> ] 频道
DrawNewHandCount	当前次数：{0}
PurchasePayFirstGetText	首次双倍
BfrtStateNotPassed	占领中
FurnitureBuildingListFull	家具制造队列已满
SetInputStart	请输入按键(支持组合按键)
SetInputFirstKey	(松开即可录入)
DormVistorFriend	好友列表
DormVistorStranger	访客列表
UseBattery	请选择血清组
RecActPoint	({0}后恢复1毫升血清)
Forever	永久
DormReNameErrorNoChange	宿舍名称与之前相同
AutoFightDialogTitle	自动作战
AutoFightDialogDescription	可获得对应等级的资源副本中50%-80%性价比的资源材料。
TaskDoNotFinish	任务未完成
TaskAlreadyFinish	奖励已领取
DrawResetTimeActivity	<size=40><color=#FFFFFFFF>活动结束剩余:</color></size>{0}
DrawResetTimeOldActivity	<size=40><color=#FFFFFFFF>活动结束剩余:</color></size>{0}
DisableKeyboardTip	教学关卡暂不支持键盘模式
DisableJoystickTip	教学关卡暂不支持手柄模式
FubenDialogTitle	行动说明
MailCountText	容量:<size=40><color=#0e70bd>{0}</color></size>/{1}
SetJoyStickSuccess	设置成功
SetJoyStickError	设置失败，有重复按键
SignLengthError	签名不能为空
PurchaseSettOut	已售罄
HideStageIsOpen	隐藏关卡[{0}]已开启
ItemOverLimit	超过储存上限的物品已发送至邮箱
OverLimitCanNotUse	使用后血清数量将会超出上限，暂无法使用
FunctionalMaintain	功能维护中
MaxNameLengthTips	名字长度超过{0}个字符
DormNameMaxNameLengthTips	宿舍名字长度超过{0}个字符
MaxSignLengthTips	签名长度超过{0}个字符
DormScoreAttrADes	<size=28><color=#AD3434FF>{0}</color></size>
DormScoreAttrBDes	<size=28><color=#D58216FF>{0}</color></size>
DormScoreAttrCDes	<size=28><color=#0A77b9FF>{0}</color></size>
DormWorkNoMoodTips	心情值不足，无法使用代工
DormDaiGongWarnTips	无法一键代工
DormTxtDaigongDes	消耗<color=#0f70bc>60</color>点心情值寻找代工，可额外获得<color=#0f70bc>10</color>家具币
BatteryLeftTime	血清组剩余时间：{0}
TimeLimitItemLeftTime	(物品过期：{0})
MailBoxIsFull	邮箱已满，以防溢出物品邮件覆盖原有邮件请先清理邮箱后再行操作
WaferBoxIsFull	意识仓库已满，请先清理仓库后再行操作
WeaponBoxIsFull	武器仓库已满，请先清理仓库后再行操作
WaferBoxWillBeFull	仓库中意识数量将超过上限
WeaponBoxWillBeFull	仓库中武器数量将超过上限
ItemBoxWillBeFull	该道具的持有数将到达上限
BabelTowerSelectDifficultAbility	推荐战力：{0}
BabelTowerUiBaseRatio	（难度加成系数{0}）
BabelTowerSelectDifficultRatio	加成系数：{0}
BabelTowerNewRoomBtnName	确认
BabelTowerTeamOrder	编队0{0}
BabelTowerTeamLock	当所有关卡均有编队{0}通关记录时解锁编队{1}
BabelTowerNoneFight	巴别塔计划挑战阶段已经结束
BabelTowerNoneOpen	巴别塔计划已经全部结束
BabelTowerStageNotOpen	{0}后开启挑战
BabelTowerStageEnd	关卡已关闭
BabelTowerNotEnoughScore	{0}分数达到{1}开启
BabelTowerCurMaxScore	(最高{0})
BabelTowerLeftTimeDesc	剩余时间：
BabelTowerLevelDesc	Lv:{0}
BabelTowerResetDesc	清除记录
BabelTowerIsResetDesc	清除操作将会清除本编队在本关获得的战略等级，同时解锁被使用的角色\n是否清除关卡【{0}】的当前编队记录
BabelTowerCharacterLock	出战阵容中有成员已被锁定
BabelTowerPleaseSelectALeader	需要选择一位成员作为队长
BabelTowerPleaseSelectAFirstFight	需要选择一位成员首发出场
BabelTowerPassLastGuide	通关上一等级阶段解锁
BabelTowerGuideStageCanntSelect	当前目标战略选项已被锁定
BabelTowerStageLevelBuffChanged	由于变更难度部分词缀需要重新选择
BabelTowerSettleLevelTips	Lv.{0}
BabelTowerPresetTeamEntitiyIdLockTip	该预设队伍中部分角色已被其他作战梯队锁定，无法上阵
ResidueStockText	库存：{0}
AlreadyobtainedCount	<size=40><color=#0f70bc>{0}</color></size>/{1}
PurchaseLimitBuy	限购{0}/{1}
GachaIsNotOpen	功能开启时间：{0}-{1}
GachaIsClose	功能已关闭
GachaIsNotEnough	奖励库存不足
BabelTowerStageResetSucceed	关卡【{0}】清除记录成功
BabelTowerStageWipeOutSucceed	关卡【{0}】恢复记录成功
BabelTowerStageShowDesc	最高战略等级：{0}
BabelTowerStageUnlockDifficulty	巴别塔达到<color=#ff6347>{0}层</color>\n解锁本难度
XSocialNameEmpty	备注名不能为空
SocialRemarkIsSame	好友备注名不能相同
GuildDonationDes	今天可赠与次数
GuildDonationHaveDes	持有：<color=#0f70bc>{0}</color>
GuildDonationProDes	<color=#0f70bc>{0}</color>/{1}
GuildDonationDeleDes	委托人：<color=#0f70bc>{0}</color>
GuildDonationPosDes	职   位：{0}
GuildRankYoukuDes	成员{0}/{1}
GuildPersonCountDes	<color=#0F70BCFF>{0}</color>/{1}
GuildGoodsShopAuthorityTips	只有会长/副会长有购买权限
SocialDeleteRemarkSucceed	删除备注成功
GuildDetailsDes	1、榜单中的默认排名会根据各指挥局最近7日的成员总贡献进行排名。\n2、相同贡献的指挥局会根据先后上榜时间进行排序。\n3、指挥官也可通过切换按钮将榜单切换成等级排名。
GuidVistorRankBtnDes	排行
GuidVistorApplyBtnDes	申请
GuidVistorChannelBtnDes	频道
GuidVistorExitBtnDes	退出
GuildFullVistorGuildDes	该指挥局人数已满
GuildAnnouncementTitle	指挥局公告
GuildAnnouncementDes	请输入新的宣言
GuildInterComTitle	内部通讯
GuildInterComDes	可在此处编辑指挥局内部的联系方式
GuildNameTitle	指挥局名称
GuildInfoTextRange	（1-{0}字）
GuildShopCoinReachLimitTip	公会货币已达上限
ScreenAll	全部
ScreenOther	其他
ActivityRepeatChallengeExp	下一级:{0}/{1}
ActivityRepeatChallengeLevel	Lv.{0}
ActivityRepeatChallengeNextLevelDesc	Lv.{0} 效果
ActivityRepeatChallengeMaxLevelTip	已达到最高等级
ActivityRepeatChallengeAddExpTip	权限等级经验增加{0}
ActivityRepeatChallengeCostNotEnough	消耗不足无法战斗
ActivityRepeatChallengeChapterLock	剩余{0}开启
ItemHaveSelectedCount	<color=#0e70bd>{0}</color>/{1}
ItemSelectedCountOverLimit	数量超出限制
MailWillFull	(邮件将满)
MailIsFull	(邮件已满)
MailCantManulDelete	可删除邮件已清理，不能手动删除的已保留
CanBuyText	还可购买
MaxCanBuyText	仓库位置有限，还可购买
GuildGiftBtnDes	筛选
GuildGiftReqTxtDes	每日请求{0}/{1}
GuildRecommErrorTipsDes	请输入8位数字长度的指挥局ID
GuildGiftNameDes	【{0}】
GuildGiftEmptyDes	没有礼物
GuildDonationBtnDes	捐赠
GuildDonationrCountFormDes	{0}/{1}
ArchiveWeaponAchievementStoryUncollectedDesc	收集数量满足条件后，可观看相应剧情
ArchiveWeaponAchievementStoryCollectedDesc	点击播放剧情
ArchiveAwarenessFliterAll	全部
ArchiveAwarenessFliterTwoStar	2星
ArchiveAwarenessFliterThreeStar	3星
ArchiveAwarenessFliterFourStar	4星
ArchiveAwarenessFliterFiveStar	5星
ArchiveAwarenessFliterSixStar	6星
PurchaseYKExpireDes	月卡可续购
PurchaseWeekCardExpireDes	【{0}】礼包可续购
RogueLikeAddActionPoint	休息（消耗支援配额恢复小队血量）
RogueLikeIntensifyBuff	整备（消耗支援配额升级效果）
RogueLikeRestLeave	领取休息处补给并前往下一区域（需手动点击）
RogueLikeGetAssistRobot	获得支援角色{0}
RogueLikeCurretnActionPoint	行动次数：{0}/{1}
RogueLikeShopItemSellOut	该商品已售罄
RogueLikeNotEnoughActionPoint	行动次数不足，可使用支援角色挑战
RogueLikeCurrentNodeFinish	该关卡已完成
RogueLikeRandomRobotTitle	支援角色
RogueLikeRandomRobotDetails	随机获得一个支援角色。
RougeLikeNotInActivityTime	当前不在活动时间内
RogueLikeNotInActivityFightTime	当前不在活动挑战时间内
RogueLikeTeamMaxMember	出战成员不足3个
FubenRepeatNotInActivityTime	当前不在活动时间内
RogueLikeShopBuyTips	将消耗<color=#0E70BDFF>{0}点行动次数</color>购买【{1}】，是否购买?
ActivityBriefShopLock	车厢未开启
RogueLikeLeaveShopTitle	战术补给
RogueLikeLeaveShopContent	离开并前往下一个目的地，是否离开?
RogueLikeCostItemTips	完成事件所需的{1}不足{0}个
RogueLikeExchangeItemTips	完成事件所需的{1}不足{0}个
RogueLikeBuyNotEnough	购买所需的道具不足
RogueLikeSelectABuff	请先选择要强化的效果
RogueLikeOutOfDate	(已过期)
RogueLikeOutOfActionPoint	消耗所需行动次数不足{0}点
RogueLikeQuestResetTime	剩余重置时间：
RogueLikeLeaveRestTitle	休息点
RogueLikePurgatoryResetTitle	重置进度
RogueLikePurgatoryResetValue	1.每日只能重置1次进度\n2.单层重置和整体重置都会消耗重置次数
RogueLikeSetTeamTitleNormal	今日队伍
RogueLikeSetTeamTitlePurgatory	出战队伍
RogueLikeSetTeamPurRuleValue	<size=28>1.试炼模式下不再有行动次数限制。\n2.试炼模式通关即可获得独特收藏品，收藏品会记录通关积分。\n3.试炼模式下不可使用支援角色与支援终端。\n4.试炼模式下无法使用螺母复活。\n5.每日可重置1次进度，可自选单层重置或者全部重置。\n6.若选单层重置，那么会将关卡进度、BUFF、货币重置至刚达\n到本关卡时，同时出战队伍将清空。\n7.每次到达新的章节，都可以重新设置1次队伍</size>
ArchiveLockNameText	？？？
TimeOnSale	距离发售：{0}
ActivityBriefShopOnSaleLock	未开始发售
GuildNameMaxNameLengthTips	指挥局名称最多{0}个字
GuildNameSpecialTips	不能含有特殊字符
GuildDelarationMaxNameLengthTips	指挥局公告内容最多{0}个字
GuildDeclarationDefaultText	请输入新的公告
GuildDeclarationHintText	严禁包含各类违规词汇，否则将有被系统强制改名或解散公会的风险
GuildDeclarationSpecialTips	不能含有特殊字符
EquipWithSpecialCharacterIdCanNotBeReplaced	专属武器不可交换使用
EquipBreakThroughPopUpAttrPrefix	每级{0}成长
EquipSuitSkillPrefix2	二件套
EquipSuitSkillPrefix4	四件套
EquipSuitSkillPrefix6	六件套
EquipResonance5StarWeaponRepeatTip	该栏位已完成共鸣
EquipCanNotAwakeCondition	装备达到满级后可进行超频共振
EquipAwakenItemNotEnough	材料不足
EquipAwakenCoinNotEnough	螺母不足
EquipAutoTakeOffNotWearingEquip	当前没有可卸下的装备
EquipBreakthroughConfirmTiltle	装备突破确认
EquipBreakthroughConfirmContent	突破后提升等级，可大幅度提升属性。
ArchiveTagMaxText	最多只能选择3个标签
ArchiveMonsterKillText	击杀数         <size=38><color=#0E70BDFF>{0}</color></size>
BabelTowerMyRankLevel	<size=22> </size>%d
BabelTowerRankReset	<size=32><color=#000000FF>距离结束还有:</color></size>%s
BabelTowerRankItemLevel	<size=22><color=#000000FF>  </color></size>%d
BabelTowerRankRefresh	<size=32><color=#000000FF>距离刷新:</color></size>%s
Guild	指挥局
PlayStory	播放剧情
PlayBeforeStory	播放战前剧情
PlayAfterStory	播放战后剧情
MovieSkipTipTitle	剧情跳过提示
MovieSkipTipContent	完整观看剧情有助于了解故事发展，是否确认跳过？
RogueLikeTaskLeftTime	(剩余时间：{0})
RogueLikeNoneBuff	当前未获得效果
RogueLikeOptionLeave	离开
AimEquipSelectTitle	任选一组装备概率<size=60><color=#0F70BCFF>提升</color></size>
AimCharacterSelectTitle	任选一名成员概率<size=60><color=#0F70BCFF>提升</color></size>
AimPartnerSelectTitle	任选一个辅助机概率<size=60><color=#0F70BCFF>提升</color></size>
AimPartnerLinkSelectTitle	任选一个异界装备概率<size=60><color=#0F70BCFF>提升</color></size>
HeadLeftTimeText	剩余时间：{0}
DrawAimLeftTimeOver	卡池已过期
HeadValidTimeText	有效时长：{0}
AssignSkillPlus	全体{0}成员{1}等级+{2}
AssignDeployTipTitle	编队提示
AssignDeployTipContent	是否让{0}从{1}更换至{2}。
AssignTeamTitle	作战梯队【{0}】
AssignInfoTeamName	梯队{0}
AssignSelectNotMatch	该成员不符合条件
AssignSelectIsUsed	该成员已在其他区域驻守
AssignFightNoMember	部分队伍不满足上阵人数，或缺少首发/队长位设置
AssignStageUnlock	请先通关前置关卡
AssignBuffOccupyLock	未满足驻守条件，具体请在关卡中查看
AssignStageOccupyLock	未满足驻守条件
AssignOccupySelected	驻守成功
AssignOccupyUnselected	成员已撤回
AssignChapterProgressTxt	攻占区域：{0}
AssignChapterCanOccupy	【{0}】已可驻守！
AssignChapterPass	通关区域【{0}】
AssignChapterProgress	<color=#0f70bc>{0}</color><size=40>/{1}</size>
AssignName	边界公约
AssignOccupyProgress	边境公约驻守：{0}/{1}
AwarenessCoverOccupyProgress	序列公约扼守：{0}/{1}
RegressionTabTextTask	欢迎回来
RegressionTaskScheduleRewardHaveGet	奖励已领取
RegressionSendInvitationRewardNeedMore	奖励还不能领取，请邀请更多的小伙伴吧
RegressionSendInvitationShareFailed	分享失败，请检查网络情况及相关APP是否正确安装
RegressionAcceptInvitationDefaultText	请输入邀请码
RegressionAcceptInvitationCodeHaveUse	您已使用这个邀请码
RegressionAcceptInvitationCodeNotUseSelf	不能使用自己的邀请码
RegressionAcceptInvitationCodeCopy	邀请码已复制到剪切板中
RegressionAcceptInvitationUseCodeFrequently	操作过于频繁，请稍后再试
RegressionActivityOver	活动已结束
RegressionInvitationActivityOver	活动已结束
FuBenMainlineActivityNotReachChallengeTime	{0}后开启主线活动隐藏模式
FuBenMainlineActivityNotReachVariationsTime	{0}后开启主线活动异变模式
CharacterSkillLevelDetailResonanace	共鸣
CharacterSkillLevelDetailAssign	边界驻守
CharacterSkillLevelDetail	（+{0}）
CharacterSkillTypeText	【{0}】
RogueLikeShopBuyItemTips	将消耗<color=#0E70BDFF>{0}个{1}</color>购买【{2}】，是否购买?
RogueLikeNoneSupport	尚未获得支援角色
RogueLikeSupportCharFull	当前支援角色数量已达到上限，无法加入队伍
RogueLikeEventFullRobot	支援角色已满，无法加入队伍
RogueLikeDayReset	活动已重置，请重新设置队伍
RebootCostText	消耗{0}
FubenMainLineNoneOpen	当前章节未开放
RogueLikeSetTeamTitle	今日阵容
RogueLikeSetTeamContent	保存出战队伍后，队伍将会被锁定，确定保存？
OnlineFriendEffectMsg	关闭队友特效可获得更流畅的体验，是否关闭
RogueLikeSupportStationCost	行动次数不足，每日凌晨5点恢复16次行动次数。
RogueLikeBuySupportNotEnough	购买所需的{0}不足
PivotCombatRankTop	TOP{0}
ArchiveMonsterLock	资料不足，击杀怪物后开启
PurchaseBuyHongKaCountTips	虹卡数量不足。
GuildDialogTitle	指挥局
GuildShopIsCostBuy	是否花费{0}购买1个{1}
GuildShopNotEnoughBuyCount	购买次数不足
GuildTourstAccess	当前游客身份，没有该操作的权限
GuildInformationLimited	您没有修改{0}的权限
GuildChangeInformationIsSame	请确保两次修改的{0}不一致
GuildInformationOverCount	{1}长度超过{0}字
GuildInformationNotEmpty	{0}长度不能为空
GuildRankNameHasNotChanged	请修改自定义职位再保存
GuildNotAccessSetName	您不是{0}，不可使用该功能
GuildNotAdministor	您不具有管理层权限，不可使用该功能
GuildMemberLevel	等级 {0}
GuildMemberOnlineCount	在线：<color=#008FFF>{0}</color>
GuildMemberOnline	<color=#0E70BD>在线</color>
GuildGiftChangeGuildCondition	由于最近切换过指挥局，当前礼包不可领取
GuildGiftMaxLevel	礼包已经达到最高级
GuildGiftProgressNotEnough	进度未达成
GuildMainRefreshCountDown	刷新倒计时<color=#0f70bc>{0}</color>
GuildQuitContent	退出后需要等待8小时才可加入新的指挥局，同时联合绩点会被暂时扣除，加入指挥局后会全额返还。是否确认退出指挥局？
GuildBuildNotEnough	建设度不足
GuildNotAccessLevelUp	没有升级指挥局的权限
GuildLevelIsMax	当前指挥局等级已经达到最高
GuildLevelUpContent	升级成为{0}级指挥局，每日维护费用为{1}指挥局贡献，确定要升级吗？
GuildLevelUpHint	恭喜您所在的指挥局升到了 <color=#0f70bc>LV.{0}</color>
GuildUrgentMaintain	是否提交紧急维护费用？
GuildChannelTypeAll	【指挥局】
GuildLogItemType	【{0}】
GuildSendRequestSuccess	发送邀请成功
GuildApplyRequestSuccess	发送申请成功
GuildKickMemberSuccess	成功将该成员移出指挥局
GuildIsKickMember	是否将该玩家逐出指挥局？逐出后将扣除该名玩家在本轮拟真围剿挑战中的积分。
GuildRefreshRecruitInCd	刷新玩家操作冷却中，请{0}秒后重试
GuildNormalShopTitle	指挥局商店
GuildPurchaseShopTitle	采购商店
GuildPositionIsSame	当前职位已经是{0}
GuildPositionChangedContent	是否要将该玩家职位变为{0}？
GuildPositionChangeAdminContent	每个指挥局只能拥有1名该职位，是否将【{0}】职位和指挥局管理权限转让给该玩家？
GuildDonationPublishTips	心愿发布次数不足
GuildNewsAll	全部
GuildNewsGuild	指挥局
GuildNewsMember	成员
GuildRankLevelChangeNotify	当前职位变更为{0}
GuildKickOutByAdministor	您被管理员踢出指挥局!
GuildDonationNotEnoughCount	捐赠数量不足
GuildCustomRankSelectTitle	选择职位名称（单选）
GuildCustomRankTitle	自定义职位
GuildCustomRankHasSame	自定义职位中出现相同名字
GuildDonationSuccess	捐赠成功
PurchaseBuyKaCountTips	{0}数量不足。
GuildDonationPublishSuccessTips	心愿发布成功
GuildWelcomeWordSuccessTips	话术修改成功
GuildSetNameTitle	输入新的指挥局名称
GuildSetNameLength	（{0}-{1}字）
GuildSetNameFree	<b>*本次系统强制改名免费</b>
GuildSetNameHint	编辑名称时请避开敏感词，否则公会将可能被强制解散
GuildSetNameSuccessTips	公会名修改成功
GuildBuildSuccessTips	指挥局创建成功
GuildAllLevels	全部
GuildLevelDes	{0}级
GuildVistorModeDes	游客模式{0}/{1}
GuildNowVistorModeTips	当前在游客模式中
MainLineExploreChallengeCount	挑战次数：<size=42><color=#0F70BC>{0}</color></size>/{1}
OnlineBossEnterConfirmTitle	提示
OnlineBossEnterConfirmContent	当前战力过低，推荐战力{0}，是否继续进行挑战。
GuildWillRequestTips	提示
GuildWillRequestDesTips	是否要请求该道具
UiFashionUnlockName	涂装： {0}
GuildEmojiReplace	[表情]
MusicPlayerAlbumSetSuccess	设置成功
UiFashionBtnNameWeapon	武器
UiFashionBtnNameCharacter	角色
GuildNameMinNameLengthTips	指挥局名字最低{0}个字。
GuildHasSendRecruit	成功发出邀请
GuildAcceptSucceed	已接受{0}加入
UiFashionDetailTitleCharacter	涂装
UiFashionDetailTitleWeapon	武器涂装
UiFashionDetailTipTitleCharacter	涂装简介
UiFashionDetailTipTitleWeapon	武器涂装简介
GivenGiftText	已经收到过礼物的成员不会再触发特殊通讯了哟，指挥官确定要继续赠送礼物吗？
OverGiftText	送再多的礼物也只会触发一次特殊通讯哟，指挥官确定要继续赠送礼物吗？
GivenAndOverGiftText	该角色已赠送特殊礼物且信赖度已满
SelectMultiSpecialGiftText	特殊礼物每次只能赠送一个
WeaponFashionNotOwn	武器涂装已过期
AwakeCharacterName	当前超频共振效果加成仅对【{0}】有效
ExFullGiftText	信赖度已满，继续赠送不会增加信赖度，指挥官确定要继续赠送礼物吗？
GiftGiven	赠送成功
UnionDamageToBoss	对核心关BOSS造成的总伤害为
UnionHadFightEventStage	您已经挑战过该关卡
UnionEventStageOverLimited	每局匹配只能通关{0}个防区关卡
UnionBlackFightPoint	<size=22><color=#000000FF>作战积分 </color></size>{0}
UnionBlackPraiseNum	<size=22><color=#000000FF>被赞次数 </color></size>{0}
UnionRankLevel	等 级: {0} - {1}
UnionKillRankTitle	积分排行
UnionPraiseRankTitle	点赞排行
UnionUnRank	未上榜
UnionWhiteFightPoint	<size=22><color=#FFFFFF>作战积分 </color></size>{0}
UnionWhitePraiseNum	<size=22><color=#FFFFFF>被赞次数 </color></size>{0}
UnionSectionSureCount	确定（{0}s）
UnionGradeCountDown	倒计时：{0}
UnionMainOverdue	已过期
UnionMainRewardHasClick	该宝箱已领取
UnionMainKillLimited	击杀次数未达到
UnionKillMainNotInActivity	当前不在活动期内
UnionRoomHadReady	准备状态不可再次更换共享角色
UnionRoomEnvTitle	环境情报：{0}
UnionRoomDialogTitle	列阵
UnionRoomExitRoom	退出后将无法回到房间，是否继续？
UnionSelectSameRole	编队内无法上阵相同角色
UnionRoomExitStage	退出后将无法回到房间，是否继续？
UnionStageCondition	通关{0}次其他关卡后开启
UnionLeaveMiddle	本局匹配时间已经结束，挑战数据仍然会记录在匹配时的轮次中。
UnionLeaveTimeOver	本局战斗时间结束
UnionLeaveKickOut	您已经被移出队伍
UnionTipPraise	使用了您的<color=#25c4ec>{0}</color>通关关卡，并为你点了个赞~
UnionTipsFightBorrow	我借用了你的<color=#25c4ec>{0}</color>,万分感谢~
UnionTipsBorrowOthers	我借用了<color=#ff7e00>{0}</color>的<color=#25c4ec>{1}</color>
UnionTipHighestPoint	使用助战角色刷新了自己的最高分~
UnionInMatching	玩家已在匹配队列中
UnionKillExitRoom	确定退出列阵房间？
UnionMemberKickOut	您被移出队伍
UnionLeaderStayTooLong	您在房间内太久没操作
UnionKillResetDesc	<size=26>距离重置还有：{0}</size>
UnionKillRankDesc	只统计核心关作战积分
UnionPraiseRankDesc	统计时间：{0} ~ {1}
UnionSectionIsComing	{0}后来袭
UnionCantLeaveRoom	列阵中不可进行此操作
UnionMeFinishText	通关本关卡后生效
UnionEffectiveText	增益已生效
UnionInvalidText	增益已失效
UnionTeamFinishText	自身与1名队员都通关过本关卡后生效
UnionRewardResetTime	(奖励重置时间：{0})
UnionResetText	击退BOSS：{0}/{1}
BuyWeaponFashionIsTimeLimit	选中物品中包含尚有使用时间的武器涂装，获得后将会根据剩余时间转化为武器涂装设计图，是否继续
BuyWeaponFashionIsNotTimeLimit	选中物品中包含尚有使用时间的武器涂装，购买后将会根据购买时间叠加至武器涂装的剩余时间中
StoryArchiveErrorHint	未达成开启条件
UnionDamageMax	#ED6104
UnionDamageNotMax	#323232
ChatRoomChannelNotOpen	进入组队房间后开启
ChatGuildChannelNotOpen	加入指挥局后开启
UnionLeaveOffline	您的网络发生波动，自动离开了对局匹配。
UnionNetworkFluctuation	您的网络发生波动，自动离开了房间。
UnionCnFormatDate	yyyy年MM月dd日
TimeFormatMinute	MM月dd日HH:mm
ArchiveMonsterEvaluateHint	提交成功
GuildQuitRemovePosition	请先将作战总指挥职位转交给其他玩家后再退出指挥局
GuildQuitLastMember	退出后指挥局将会解散，8小时内将无法加入指挥局，在加入新的指挥局前，联合绩点会被暂时扣除，加入指挥局后会全额返还，是否继续？
GuildQuitMemberQuit	退出后需要等待8小时才可加入新的指挥局，同时联合绩点会被暂时扣除，加入指挥局后会全额返还。是否确认退出指挥局？
GuildTalentConditionLevel	指挥局等级达到{0}级
GuildTalentConditionPoint	任意前置信标等级>={0}级
GuildTalentUpgradeComplete	成功升级信标等级
GuildTalentPointNotEnough	信标点不足
GuildTalentPointProgress	信标点数  <color=#0e70bd><size=47>{0}</size></color>/{1}
GuildTalentGloryDescription	指 挥 局 经 验 达 到 满 值 会 自 动 提 升 荣 耀 等 级
GuildDissmissLeader	罢免作战总指挥
GuildDissmissDes	成功竞选作战总指挥后，罢免消耗会转交给原作战总指挥；若竞选失败，罢免消耗会返还给您。\n\n多人罢免作战总指挥时，按每人的职位与总贡献度来决定新作战总指挥的权限归属。
GuildDissmissCostNotEnough	罢免作战总指挥消耗不足
GuildApplyLessLevel	该指挥局的等级限制为{0}级
UiPrequelTitleProgressStrFormat	<color=#0f70bc><size=166>{0}</size></color>/{1}
GuildSendGiftSuccess	向玩家{0}送礼成功
ActivityBossSingleAttention	注意事项
UnionKillFightStatus	正在挑战：{0}
GuildSettingModifySucceed	申请设置修改成功
GuildContributeDesc	贡献值 <color=#1481B3>{0}</color>
FuBenExtraChapterActivityNotReachChallengeTime	{0}后开启外篇剧情隐藏模式
FuBenShortStoryChapterActivityNotReachChallengeTime	{0}后开启故事集剧情隐藏模式
GuildSortByContribute	七日贡献
GuildSortByLevel	等级
GuildSortByRankLevel	指挥局职位
GuildRecommendInCd	指挥局推荐刷新冷却中，请稍后继续
BuyAssetPanelTitle	是否花费
GuildSearchGuildNotFound	查找不到相关的指挥局
ActivityBossSingleSchedule	{0}/<color=#00000><size=20>{1}</size></color>
GuildSettingLevelLessThanZero	申请设置的等级小于0
GuildBossNotCurrentActivity	更换指挥局后，下周一重置后方可领取周贡献度奖励
GuildBossNotOpen	40级开放拟真围剿玩法
InfestorExploreSectionLeftTimeSection1	进入分析期剩余：{0}
InfestorExploreSectionLeftTimeSection2	剩余时间：{0}
InfestorExploreSectionLeftTime	剩余时间：{0}
InfestorExploreEnterSectionEnd	结算结束后即可进入探索
InfestorExploreName	异聚迷宫
InfestorExploreDiffLevelBorder	{0}-{1}
InfestorExploreChapterLockTip	前序区域尚未通关，请先肃清上一区域
InfestorExploreCharacterHpPercent	生命:{0}%
InfestorExploreActionPointDes	当前行动力：{0}
InfestorExploreTeamEmptyTip	尚未配置作战小队，无法探索该区域
InfestorExploreTeamChangeConfirmTitle	保存阵容
InfestorExploreTeamChangeConfirmContent	进入探索后只能在安全区内调整阵容，是否确认？
InfestorExploreNodeFogTip	无法探知扫描黑区的具体信息
InfestorExploreActionPointNotEnough	当前行动力不足，明日可回复<color=#0e70bd>14</color>点行动力
InfestorExploreTeamForbitReplaceCharacter	探索过程中无法替换小队成员
InfestorExploreRestNodeNotReach	到达该位置后可更换作战小队成员
InfestorExploreSupplyNodeNotReach	到达该位置后可选择补给
InfestorExploreSupplyNodePassed	补给已领取，无法重复探索
InfestorExploreSupplyNodeName	原料箱
InfestorExploreSupplyNodeDes	装满‘某些东西’的原料箱，里面的东西也许对你们有用。
InfestorExploreShopNodeName	插件终端
InfestorExploreShopNodeDes	用于补给插件的终端机，似乎需要用某种资源进行交换。(<color=#0e70bd>使用畸变方块购买插件单元</color>)
InfestorExploreShopNodeLeaveTitle	离开
InfestorExploreShopNodeLeaveContent	即将离开插件终端前往后续节点，是否确认？
InfestorExploreShopNodePassed	已经离开插件终端，无法再次进入
InfestorExploreShopNodeNotReach	到达该位置后可购买商品
InfestorExploreShopNodeCurrentFinshed	已经离开插件终端，无法再次进入
InfestorExploreShopNodeSellOut	插件终端商品售罄
InfestorExploreShopNodeBuyTips	将使用<color=#0E70BDFF>{0}</color>畸变方块购买<color=#0E70BDFF>{1}</color>，是否确认？
InfestorExploreShopNodeMoneyNotEnuoghRefresh	当前拥有的畸变方块数量不足，无法刷新
InfestorExploreShopNodeMoneyNotEnuogh	当前拥有的畸变方块数量不足，无法购买
InfestorExploreRewardNodeName	货运终端
InfestorExploreRewardNodeDes	在区块与区块间进行物资交换的货运机械，如果不放入一个物品，就无法将装载的物品取出的样子。
InfestorExploreRewardNodePassed	货运终端探索完毕，无法重复探索
InfestorExploreRewardNodeNotReach	到达该位置后可领取其他指挥官留下的补给
InfestorExploreRewardNodeDefaultPlayerName	赛利卡
InfestorExploreRewardNodeDefaultMessage	空中花园特别补给已经送达~
InfestorExploreCoreAutoDecomposeTitle	自动分解
InfestorExploreCoreAutoDecomposeContent	已经拥有满级的<color=#0E70BDFF>{0}·MAX</color>，重复获得的插件单元将被自动分解为：<color=#0E70BDFF>{1}</color>个畸变方块
InfestorExploreRewardNodeNotSelectReward	请先选择要封装的奖励
InfestorExploreRewardNodeSelectRewardSuc	封装奖励成功
InfestorExploreRewardNodeLastPlayerSelect	{0}的选择
InfestorExploreReset	异聚迷宫活动已重置
GuildBuildEnoughColor	#808080
GuildBuildNotEnoughColor	#ff0000
GuildBuildNotEnoughCosts	创建指挥局所需的道具不足
GuildBuildGuildTitle	创建指挥局
GuildBuildGuildContent	是否消耗{0}创建指挥局？
GuildAlreadyInGuild	您当前已经在指挥局中
AreaOnlineInvitationDes	收到组队邀请，是否前往查看？
GuildSettingLevelMoreThanMax	申请设置的等级大于最高等级{0}
GuildChangeScriptErrorLength	更改指挥局迎新语失败，话术长度不符合要求
GuildNoneWelcomeWord	自定义话术不能为空
InfestorExploreShopNodeActionPointNotEnuogh	当前拥有的行动力不足，无法购买
InfestorExploreContractBuyTips	将使用<color=#0E70BDFF>{0}行动力</color>购买模组，{1}，是否确认？
InfestorExploreSupplyNodeCurrent	原料箱奖励已领取
InfestorExploreTeamSaveSuc	异聚迷宫队伍保存成功
InfestorExploreRestNodePassed	已经离开安全区，无法再次进入
InfestorExploreRestNodeCurrent	通路已经阻断，无法前往该位置
InfestorExploreRestNodeSucTitle	回复生命
InfestorExploreRestNodeSucContent	作战小队稍作调整，回复了些许生命
InfestorExploreEventTypeTipTitle	探索结果
GuildNoneSelectPresent	未选中任何礼物
ArchiveNotUnLockTime	还未到达解锁时间
ActivityShortStoryChapterEnd	活动已结束
ActivityExtraChapterEnd	活动已结束
InfestorFightScoreName	
InfestorExploreLeftTime	进入分析期剩余时间:{0}
InfestorExploreCurActionPoint	当前行动力:{0}
InfestorExploreRestNodeName	安全区
InfestorExploreRestNodeDes	用于区隔建筑模块与建筑模块的一小片安全区域，因为没有设计用途，也就没有感染体。(<color=#0E70BDFF>可替换作战小队成员并回复生命值</color>)
InfestorExploreFightRewardMoneyLack	{0}不足无法购买
InfestorExploreFightRewardConfirmTitle	购买确认
InfestorExploreFightRewardConfirmContent	是否花费{0}{1}购买{2}？
InfestorExploreOutPostNodePassed	战术模拟结束，无法重复探索
InfestorExploreOutPostNodeNotReach	距离过远无法前往该位置
InfestorExploreOutPostNodeCurrent	通路已经阻断，无法前往该位置
InfestorExploreEventNodePassed	该位置已经探索完毕，无法重复探索
InfestorExploreEventNodeNotReach	距离过远无法前往该位置
InfestorExploreEventNodeCurrent	通路已经阻断，无法前往该位置
InfestorExploreFightNodePassed	已肃清的作战区无法重复探索
InfestorExploreFightNodeNotReach	距离过远无法前往该位置
InfestorExploreFightNodeCurrent	通路已经阻断，无法前往该位置
InfestorExploreChapterMessageEmpty	通讯内容不能为空
InfestorExploreChapterMessageSuc	通讯发送成功
InfestorExploreCoreDecomposeEmpty	请先选中需要分解的插件单元
InfestorExplorLeftTimeDesSection1	进入分析期剩余时间：
InfestorExplorLeftTimeDesSection2	活动剩余时间：
InfestorExploreCharacterReplaceTip	探索阶段可在安全区更换阵容
InfestorExploreRequestChapterLeaveMsgInCD	发送通讯过于频繁，{0}秒后可继续发送
InfestorExploreOutPostNodeName	战术模拟器
InfestorExploreRankScoreDes	{0}分
InfestorExploreUpDiff	段位提升为 <color=#34AFF9><size=77>{0}</size></color>
InfestorExploreUnchangeDiff	段位保持在 <color=#34AFF9><size=77>{0}</size></color>
InfestorExploreDownDiff	段位下降为 <color=#34AFF9><size=77>{0}</size></color>
InfestorExploreRewardNodeCloseTipTitle	离开
InfestorExploreRewardNodeCloseTipContent	离开后无法再为其他指挥官封装奖励，是否确认？
FubenExtraNotOpen	活动已结束
Eliminate	达成3消后获得
EliminateFlipItemLack	道具不足，每次翻牌需要消耗%s个%s
EliminateNotOpen	活动未开始
EliminateTimeOut	活动已结束
EliminateResetTitle	复位
EliminateResetContent	是否需要重置步数（回到上一次3消后的布局并返还已消耗的道具）
EliminateExchangeItemLack	交换次数不足，需要消耗%s个%s
EliminateResetSuccess	复位成功
EliminateCannotReset	请先进行移动
EliminateFlipEnd	翻牌阶段已结束
EliminateEnd	已完成所有阶段，请留意领取奖励
SpecialTrainNotOpen	当前不在活动时间内
SpecialTrainTimeOut	当前不在活动时间内
SpecialTrainHellModeLock	困难模式将于 {0} 开启
SpecialTrainTimeFormat	yyyy年MM月dd日 HH:mm
SpecialTrainBreakthroughDesc1	不同炸弹将发生不同区域爆炸
SpecialTrainBreakthroughDesc2	利用炸弹攻击boss获得积分
SpecialTrainBreakthroughDesc3	团队使用同色命中可造成暴击
SpecialTrainBreakthroughHellDesc1	<color=#57f0fb>友伤开启</color>：炸弹会伤害队友
SpecialTrainBreakthroughHellDesc2	<color=#57f0fb>提前胜利</color>：提前击杀额外加分
SpecialTrainBreakthroughHellDesc3	<color=#57f0fb>回合增加</color>：困难模式回合增加
SpecialTrainBreakthroughSettleRound	剩余回合加成：+{0}
SpecialTrainBreakthroughTimeHellMode	距离开放时间剩余：{0}
SpecialTrainBreakthroughSettleDesc1	剩余回合加成+{0}
SpecialTrainBreakthroughSettleDesc2	boss伤害-{0}
SpecialTrainBreakthroughSettleDesc3	个人命中+{0}
SpecialTrainBreakthroughSettleDesc4	友伤扣减 -{0}
ActivityBossOpenTip	通关上一关开启
GuildNoneJoinGuild	暂无加入指挥局
ExhibitionCollectionDefaultLable	总收集率
ExhibitionCollectionLable1	泛用机体总收集率
ExhibitionCollectionLable2	独域机体总收集率
ExhibitionCollectionLable3	联动总收集率
ExhibitionDefaultGroupName	无从属
ExhibitionDefaultGroupDescription	空中花园数据库未查询到该势力相关信息。
ExhibitionSelectAureoTitle	请选择超解手环
ExhibitionSelectAureoDesc	超解机体解锁的光环装置
ExhibitionSelectBallColorTitle	请选择信号球的颜色
ExhibitionSelectBallColorDesc	首次登场获得3个同色信号球
ExhibitionSuperLimit	超解后才可以解锁自定义功能
HeadFrameUse	装备
HeadFrameNonUse	卸下
HeadFrameNoSelectTitle	未选择
HeadFrameNoSelectHint	请选择左侧头像框查看详情
HeadPortraitNoSelectHint	请选择左侧头像查看详情
HeadMedalNoSelectHint	请选择左侧勋章查看详情
HeadNameplateNoSelectHint	请选择左侧铭牌查看详情
ChatBoardNoSelectHint	请选择左侧聊天框查看详情
GuildBossDeathDis	围剿目标血量降为0后，指挥局中所有成员增加%d作战积分
HeadFrameUsecomplete	装备成功
HeadPortraitUsecomplete	更换成功
ChatBoardOverdue	已过期
ChatBoardUsecomplete	更换成功
HeadFrameNonUsecomplete	卸下成功
EquipAwarenessSuitPrefabCharacterTypeWrong	当前组合中有不可装备意识，请选择其他组合
GuildBossLogLine1	<color=#00ae9d>%s </color> 挑战了<color=#00ae9d>[%s]</color>
GuildBossLogLine2	对围剿目标造成了<color=#f58220>%s</color>伤害
GuildBossLogLine3	区域触发次数达到<color=#f58220>%d</color>
GuildBossLogLine4	<color=#fdb933>（技能发动）</color>
GuildBossLogLine5	关卡技能造成了<color=#f58220>%s</color>伤害
GuildBossLogLine6	区域安稳度达到<color=#f58220>%d%%</color>
GuildBossDie	围剿目标血量降为0后，所有指挥局成员的个人积分记录增加{0}
GuildBossCount	(作战数据保存次数：{0}/{1})
GuildBossDiffLv	难度Lv.{0}
GuildBossDiffUnlock	{0}分
GuildBossDiffHp	血量{0}
GuildBossDiffScoreAdd	指挥局总作战积分统计值增加{0}%
GuildBossChangeGuildRankStr	切换为指挥局排名
GuildBossChangePlayerRankStr	切换为个人排名
GuildBossEnterWarningTitleStr	提示
GuildBossEnterWarningStyleStr	<color=#2a5caa>未选满流派技能</color>，选择后可大幅提升作战能力，建议前往选择
GuildBossStyleWarningCountinue	坚持作战
GuildBossStyleWarningGoSelect	选择流派
GuildBossEnterLowWarningStr	每轮活动每名指挥官只能选择1个<color=#2a5caa>[常序区]</color>关卡进行挑战，是否继续？
GuildBossEnterHighWarningStr	每轮活动每名指挥官只能选择1个<color=#c63c26>[特遣区]</color>关卡进行挑战，是否继续？
GuildBossDamage	对围剿目标造成{0}伤害
GuildBossStyleSelectSucceess	流派选择成功
GuildBossStyleSkillActiveSuccess	技能激活成功
GuildBossStyleSkillUninstallSuccess	技能卸下成功
GuildBossStyleSkillAllUninstall	成功卸下所有技能
GuildBossStyleSkillMax	激活数目已满，无法激活此技能
GuildBossStyleSkillHasActiveCore	只能同时激活一个核心技能
GuildBossStyleSelectLimit	待本轮作战结束后才可选择流派
ActivityGuildNotOpen	活动将于8月13号维护后开启
LoginUserAgree	请勾选同意下方各项协议，即可立即进入游戏
LoginUserAgreeToggle	我已详细阅读并同意<color=#34AFF8><link={0}><u>用户协议</u></link></color>、<color=#34AFF8><link={1}><u>儿童隐私协议</u></link></color>和<color=#34AFF8><link={2}><u>隐私协议</u></link></color>
LoginUserAgreeToggleSdk	我已详细阅读并同意
LoginUserAgreeItem	<color=#34AFF8><link={0}|{1}><u>{2}</u></link></color>
LoginUserAgreeItemAnd	、
UserCenterSetting	账号中心
UserAgreeSetting	隐私条款与设置
Agreement	协议
SpecialCollectionLevel	等级 {0}
GuildBossCountFull	挑战次数已用完
GuildBossLayoutRankLevelError	只有{0}和{1}能使用战术布局
GuildBossLayoutError	必须为全部关卡设置通关顺序后才可发布
GuildBossCountDown	{0}后重置
GuildBossHpNote	在您离开的这段时间，指挥局其他成员对围剿目标造成了{0}伤害
GuildBossContribute	工会贡献+{0}
GuildBossTipTitle	拟真围剿行动完美达成
GuildBossTipDesc	经过您与指挥局内成员的不懈努力，此次拟真围剿行动中的围剿目标被成功击败，您可以前往拟真围剿界面领取奖励。
GuildBossRankNone	暂无排名
GuildBossRank	排名: {0}
GuildBossRankRewardTitle	表情包奖励
GuildBossRankRewardDesc	所属公会处于对应排名区间时可获得表情包奖励
GuildBossTopPlayerScoreName	积分：{0}
GuildBossBuffActive	您挑战的关卡触发次数已达到最大值，建议您挑战其他触发次数未达到最大值的关卡，是否继续挑战？
GuildBossHpRewardName	围剿目标生命值降至<color=#3cd3ff>{0}%</color>可领取
GuildBossSkillProgress	触发次数：{0}/{1}
GuildBossStyleSelect	请选择流派
GuildBossStyleSkillLock	指挥局{0}级解锁
GuildBossStyleChangeTime	{0}后可切换流派
GuildBossStyleSelected	已选择
ShopItemPaidGemNotEnough	黑卡不足，不能购买
ShopItemHongKaNotEnough	虹卡不足，不能购买
WeaponFashionGetTitleInfo	武器涂装获得提示
WeaponFashionForeverGetAlreadyHaveForever	选项包含已拥有的永久武器涂装，确定获取之后，将会转化为对应数量的<color=#0E70BD>武器涂装设计图</color>，是否继续
WeaponFashionLimitGetAlreadyHaveForever	选项包含已拥有的永久武器涂装，确定获取之后，将会根据<color=#0E70BD>获得的武器涂装时间</color>转化为对应数量的<color=#0E70BD>武器涂装设计图</color>，是否继续
WeaponFashionForeverGetAlreadyHaveLimit	选项包含已有使用时间的武器涂装，确定获取之后，将会根据<color=#0E70BD>当前剩余时间</color>转化为对应数量的<color=#0E70BD>武器涂装设计图</color>，是否继续
WeaponFashionLimitGetAlreadyHaveLimit	【{0}】增加了使用时间{1}
NotHaveCollection	暂时没有收藏品
NotHaveMedal	暂时没有勋章
NotOpenCollection	功能暂未开启
TeamCharacterTypeNormalLimitText	实地指挥：仅可上阵泛用机体
TeamCharacterTypeIsomerLimitText	意识链接：仅可上阵独域机体
TeamCharacterTypeDebuffLv1LimitTextNoColor	协作干扰：独域机体攻击力下降30%
TeamCharacterTypeDebuffLv2LimitTextNoColor	战术混乱：独域机体攻击力下降60%
TeamCharacterTypeDebuffLv1LimitTextWithColor	协作干扰：<color=#D3242C> 独域机体</color>攻击力下降30%
TeamCharacterTypeDebuffLv2LimitTextWithColor	战术混乱：<color=#D3242C> 独域机体</color>攻击力下降60%
TeamCharacterTypeIsomerDebuffLimitDefaultText	常序区：推荐使用泛用机体
TeamCharacterTypeNormalDebuffLimitDefaultText	特遣区：推荐使用独域机体
TeamRequireCharacterNormalText	实地指挥：仅可上阵<color=#0D70BC> 泛用机体</color>
TeamRequireCharacterIsomerText	意识链接：仅可上阵<color=#D3242C> 独域机体</color>
TeamRequireCharacterIsomerDebuffDefaultText	常序区：推荐使用<color=#0D70BC>泛用机体</color>
TeamRequireCharacterNormalDebuffDefaultText	特遣区：推荐使用<color=#D3242C>独域机体</color>
TeamSelectCharacterTypeLimitTipNormal	仅可上阵泛用机体
TeamSelectCharacterTypeLimitTipIsomer	仅可上阵独域机体
TeamSelectCharacterTypeLimitTipIsomerDebuff	独域机体在常序区{0}，是否前往派遣独域机体出战(确认后将自动清空小队成员)？
TeamSelectCharacterTypeLimitTipNormalDebuff	泛用机体在特遣区{0}，是否前往派遣泛用机体出战(确认后将自动清空小队成员)？
TeamPrefabCharacterTypeLimitTipIsomerDebuff	独域机体在常序区{0}，是否前往派遣独域机体出战(确认后将自动清空小队成员)？
TeamPrefabCharacterTypeLimitTipNormalDebuff	泛用机体在特遣区{0}，是否前往派遣泛用机体出战(确认后将自动清空小队成员)？
TeamPrefabDefaultName	编队{0}
TeamPrefabWithoutName	请输入预设队伍名称
TeamPrefabRenameSuc	预设队伍改名成功
SwapCharacterTypeIsNotMatch	成员类型与副本类型不符，无法更换位置
SwapCharacterTypeIsDiffirent	泛用机体与独域机体无法组队，替换后将强制清空小队中的其他成员，是否确认？
CharacterTypeLimitNameNormal	实地指挥
CharacterTypeLimitNameIsomer	意识链接
CharacterTypeLimitNameIsomerDebuff	常序区
CharacterTypeLimitNameNormalDebuff	特遣区
ChapterCharacterTypeLimitNormal	实地指挥：仅可上阵<color=#0D70BC>泛用机体</color>探索区域
ChapterCharacterTypeLimitIsomer	意识链接：仅可上阵<color=#D3242C>独域机体</color>探索区域
ChapterCharacterTypeLimitIsomerDebuff	常序区：<color=#D3242C>独域机体</color> 攻击力下降9%
ChapterCharacterTypeLimitNormalDebuff	特遣区：<color=#0D70BC>泛用机体</color> 攻击力下降9%
TeamCharacterTypeNotSame	泛用机体与独域机体无法编为同一队伍，上阵该角色将清空队伍中其他成员，是否确认？
WorldBossAttributeAreaSchedule	清除进度
WorldBossBossAreaSchedule	剩余血量
WorldBossActionPoint	镇定剂
WorldBossLevelDamege	对安博莉亚造成伤害：{0}
WorldBossLevelAdvise	推荐战力：{0}
ActivityPuzzleNoItem	尚未拥有该拼图碎片
DormShareCountNotEnough	剩余分享次数不足
DormShareWaitTime	{0}S后可再次分享
ActivityShopOver	活动已结束
ActivityExpeditionOver	活动已结束
AddButton	AddButton
WorldBossBuffGeted	（已解锁）
WorldBossRobotGeted	（已解锁）
WorldBossBuffLevelLow	（已覆盖）
ExpeditionHaveCommented	已经对该成员进行过留言
ExpeditionNeedRecruitMember	请先招募成员
ExpeditionRecruitTimes	刷新次数*{0}
ExpeditionOnClose	活动已关闭
ExpeditionCoinNotEnoughBuyDraw	<color=red> {0}</color>
ExpeditionRoleListRoleButtonText	详情
ExpeditionDoLikeOverTime	已超过每日最多点赞次数
ExpeditionActivityEnd	活动已结束
ExpeditionRecruitTimeCountDown	后刷新次数<color=#0E70BD>+1</color>
ExpeditionCharaRecruited	该成员已被招募
ExpeditionHaveDoLike	已对该评论点赞
ExpeditionMaxRank	MAX
ExpeditionNoContentComment	不能输入空内容
ExpeditionIsPicked	已超过每轮招募上限
ExpeditionFullMember	可招募成员已满，无法继续招募
ExpeditionFireConfirmTitle	警告
ExpeditionFireConfirmContent	是否解雇该成员\n解雇后将<color=#ff3f3f>卸下并重置</color>该成员\n且<color=#ff3f3f>不返还招募次数</color>
ExpeditionDefaultTeamConfirmTitle	警告
ExpeditionDefaultTeamConfirmContent	<size=36>是否将\n<color=#ff3f3f>{0}、{1}</color>\n替换为\n<color=#0E70BD>{2}、{3}</color>\n当前核心成员将被<color=#ff3f3f>解雇重置（招募次数无返还）</color>\n新成员若<color=#0E70BD>已培养将继承当前已培养成员的星级</color></size>
ExpeditionComboTipsPhaseTitle	阶段-{0}
ExpeditionDrawPRRecruitTimes	刷新次数
ExpeditionNoRanking	无
ExpeditionPBTitle	{0}星成员
ExpeditionDrawPRTitle	招募等级：{0}
ExpeditionDrawPRPercent	{0}%
ExpeditionResetCountDown	<size=32><color=#000000>距活动结束剩余</color></size>{0}
ExpeditionWarningControlName	推荐星级：
ExpeditionWarningCurNumText	当前成员平均{0}星
ExpeditionRecruitLevelUp	招募等级提升
ExpeditionRecruitLevel	{0}级
ExpeditionTierLock	请先通过前置关卡
ExpeditionNormalNameFontColor	{0}
ExpeditionNormalTierFontColor	{0}
ExpeditionNightmareFontColor	<color=#943429>{0}</color>
ExpeditionResetTips	进度重置将会重置本层关卡进度，且已通关层的记录将被保留。重置后还可重新选择预设队伍，还原成员招募等级，并返还所有的成员抽取次数（已招募{0}次）
ExpeditionMemberLock	该成员已锁定，重置对应使用关卡后可使用
ExpeditionMaxLevel	该成员已满星
ExpeditionDefaultTeamTips	核心成员拥有专属技能，<color=#0E70BD>至少需上阵1名才可激活，该技能无法同时生效(点击图标查看详情)</color>\n预设队伍解锁后可随时切换，<color=#ff3f3f>切换后将解雇当前核心成员</color>，<color=#0E70BD>新成员继承已培养成员的星级</color>
ExpeditionDefaultTeamIsUnlock	抵达休憩点{0}
ExpeditionStageNotOpenTip	请等待计时结束后开启关卡
PlayerInfoCharacterEmpty	当前暂无成员展示
PlayerInfoWithoutPermission	这位指挥官设置了查阅权限
WorldBossBossChallengeText	挑战次数
WorldBossStageLockText	梦境节点 {0} 尚未清除完成
WorldBossAttributeChallengeText	区域挑战次数：
WorldBossExploreScheduleText	清除进度
WorldBossReportName	[赛利卡播报]
WorldBossNoPower	镇定剂不足，无法清除梦境节点
WorldBossNoChallengeCount	挑战次数不足
WorldBossNotInActivityTime	当前不在活动时间内
WorldBossFashionRule	1、在梦魇挽歌活动中，随着安博莉亚全服血量的下降，每下降到一个血量节点，“库洛姆特效涂装·旧日回想”将会解锁一个新的折扣。（涂装礼包上架即为7折168虹卡，此折扣会在7折的基础上再次打折！）\n\n2、如果梦魇挽歌活动结束时，安博莉亚未被击杀，则“库洛姆特效涂装·旧日回想”将在活动结束后上架，全服玩家折扣以安博莉亚剩余血量所在的折扣节点为准。\n\n3、如果安博莉亚在活动时间内被击杀，则“库洛姆特效涂装·旧日回想”立刻上架，全服玩家享受最高4折折扣！（7折之后再4折，最大折扣下只需68虹卡即可购买！）
WorldBossBossAreaUnLockHint	尚未开启（清除梦境节点<color=#FEE82A>{0}/{1}</color>个后开启）
WorldBossFinishStageFightHint	该梦境节点已清除完成，是否依然进行战斗？
WorldBossAttributeStageRewrdHint	清除所有节点领取 <color=#FEE82A>{0}/{1}</color>
WorldBossIsNotOpen	当前不在活动时间内
WorldBossFashionHint	涂装活动说明
StartGame	开始游戏
ShortStoryChapterFindNoChapterData	没找到章节数据
ExtraChapterFindNoChapterData	没找到章节数据
ActivityBriefExtraNotInTime	活动于2月4日10:00开启
ClickClearGameTaskProcess	<color=#00ffffff><size=64>{0}</size></color>/{1}
ClickClearGameOutHint	即将退出捉鬼啦小游戏，退出后<color=#0E70BDFF>游戏进度不会被保存</color>，是否确认？
ClickClearGameRewardProcess	{0}<size=30>/{1}</size>
ClickClearGameTouchWrongHeadTip	点击错误的构造体头像扣除时间
ClickClearGameUnlock1	通关“东将军”的捉鬼试炼后解锁
ClickClearGameUnlock2	通关“南将军”的捉鬼试炼后解锁
ClickClearGameUnlock3	通关“西将军”的捉鬼试炼后解锁
ClickClearGameOver	活动已结束
PurchaseFashionRepeatTipsTitle	涂装重复获取提示
PurchaseFashionRepeatTipsContent	选中礼包中包含已拥有的涂装，继续进行购买的话，礼包中的涂装会转化为对应数量的涂装设计图，是否继续？
BatteryOverSelectItemNum	超出该血清最大数量
PlayerLevelShort	等级
PlayerLevel	指挥官等级
HonorLevelShort	勋阶
HonorLevel	荣耀勋阶
Promote	提升
PurchaseLBHaveFashionCantBuy	*礼包中包含已永久拥有的道具，不能购买
PurchaseLBHaveFashion	*礼包中包含已永久拥有的道具
PurchaseLBDontNeed	无需
PurchaseRewardAllHaveErrorTips	您已拥有该礼包所有内容，无需购买
RogueLikeReFreshBlood	是否消耗{0}支援配额将队伍成员的血量恢复至{1}%？
RogueLikeNotActionPoint	您的行动次数不足，请等待明日恢复
WeaponFashionNotOwnTipMsg	限时武器涂装【{0}】已过期
WeaponFashionConverseTitle	武器涂装转化提示
OwnLimitBuyForeverWeaponFashionConverseText	当前该武器涂装剩余使用时间{0}，购买后将会根据剩余时间转化为<color=#0E70BD>武器涂装设计图</color>，是否继续？
OwnLimitBuyForeverWeaponFashionGiftConverseText	购买物品中包含已拥有的武器涂装剩余使用时间{0}，购买后将会根据剩余时间转化为<color=#0E70BD>武器涂装设计图</color>，是否继续？
OwnForeverBuyLimitWeaponFashionConverseText	购买物品中包含已永久拥有的武器涂装，购买后武器涂装的对应时长将会转化为<color=#0E70BD>武器涂装设计图</color>，是否继续？
RogueLikeTrialPoint	试炼积分：{0}
RpgTowerFinished	本活动已结束
RpgTowerLevelUpCostStr	<color=#0e70bd>{0}</color> /{1}
RpgTowerLevelUpCostNotEnoughStr	<color=#ff3f3f>{0}</color> /{1}
RpgTowerTalentPiecesDes	专精点{0}
RpgTowerCharaTalentIsAlreadyUnlock	该专精天赋已激活
RpgTowerEnd	活动已结束
RpgTowerNotStart	活动未开启
RpgTowerChallengeCountStr	{0}/{1}
RpgTowerRemainTime	剩余时间：{0}
RpgTowerNoUpgradeCondition	无升星条件
RpgTowerChapterProgressStr	进度：{0}/{1}
RpgTowerTalentPointsNotEnough	专精点不足
RpgTowerResetTalentConfirmTitle	重置该页天赋
RpgTowerResetTalentConfirmContent	确定重置后，该角色的专精页将重置为初始状态（返还所有已使用的专精点）。是否重置？
RpgTowerStageNotOpen	请先通过上一个关卡
RpgTowerTalentCannotUnlock	需先激活上一层任意天赋
RpgTowerNoNeedReset	不能重置星级为1的角色
RpgTowerCantGetSupply	今日补给已领取，请明日5:00后再来！
RpgTowerMaxLevel	已满级
RpgTowerStageDetialRecommendLevelTips	建议队伍等级达到{0}之后挑战
RpgTowerTalentLevelNotEnough	队伍等级需达到{0}才能解锁
RpgTowerTeamLevelNotEnoughTitle	队伍等级不足
RpgTowerTeamLevelNotEnoughContent	队伍等级不足，挑战可能会非常困难，确认要挑战吗（TIPS：每天可从每日奖励处领取队伍经验以提升队伍）
RpgTowerWarningControlName	推荐等级：
RpgTowerCurNumText	（当前队伍等级为{0}级）
RpgTowerNeedTeamLevel	<color=#FFFFFF>队伍至</color> <color=#fff21f><size=32>{0}</size></color> <color=#FFFFFF>级解锁</color>
RpgTowerUnlockTalent	激活
RpgTowerTalentLock	未解锁
RpgTowerTalentActive	已激活
RpgTowerCharacterNotExist	要重置天赋的角色不存在
RpgTowerTalentCannotActive	请先重置下一层天赋/重置所有天赋/切换机体专精
RpgTowerStageScoreStr2	积分：{0}w
RpgTowerResetOneTalentConfirmTitle	重置单个天赋
RpgTowerResetOneTalentConfirmContent	确认重置后将返还该天赋的专精点。是否确认？
RpgTowerPreLayerNotActive	要激活此天赋，需先激活上一层的任意天赋
RpgTowerTalentAlreadySet	使用中
RpgTowerTalentSet	切换机体专精
RpgTowerTalentTypeNotActive	要激活此天赋，需先<color=#0E70BD>切换机体专精</color>
RpgTowerChangeTalentTypeTips	是否需要将机体专精从<color=#0E70BD>{0}</color>切换为<color=#0E70BD>{1}</color>？切换后，会使用<color=#0E70BD>{2}</color>中的专精天赋
RpgTowerSetTalentTypeTitle	切换机体专精方向
RpgTowerStageDifficultTitle1	简  单
RpgTowerStageDifficultTitle2	普  通
RpgTowerStageDifficultTitle3	困  难
RpgTowerStageLock	请先通过{0} - {1}
RpgTowerTalentCompatibilityTips	请先<color=#0E70BD>切换机体专精</color>
PhotoModeNoFashion	尚未获得该涂装
PhotoModeSaveSuccess	保存照片成功
PhotoModeShareSuccess	分享成功
PhotoModeChangeFailedNotHasBackground	同步失败，该场景未拥有
PhotoModeChangeFailedNotHasCharacter	同步失败，该角色未拥有
PhotoModeChangeFailedNotHasFashion	同步失败，该涂装未拥有
PhotoModeChangeSuccess	同步至主界面成功
PhotoModeNotChooseText	暂未选择
PhotoModePartnerLocked	当前辅助机未解锁
PhotoModeLogoInfoMutex	Logo与名片不能在同一个角落!
PhotoModeCannotSyncTips	当前信息与主界面信息一致！
PhotoAlignmentLT	左上角
PhotoAlignmentRT	右上角
PhotoAlignmentLB	左下角
PhotoAlignmentRB	右下角
PhotoAlignmentDisable	不显示
DragPuzzleActivityNotOpen	活动未开始
DragPuzzleActivityEnd	活动已结束
DragPuzzleActivityPuzzleNotOpen	该拼图未解锁，请先完成之前的拼图
DragPuzzleActivityPuzzleProgress	{0}/{1}
DragPuzzleActivityAllPieceTaked	该拼图所需碎片全部换完
DragPuzzleActivityItemNotEnough	兑换碎片所需道具不足
DragPuzzleActivityTheBlockHasPiece	该格子上已有碎片
DragPuzzleActivityTheBlockHasCorrectPiece	该格子已经放入正确的碎片
DragPuzzleActivityCanTakeReward	未达到领取奖励要求
DragPuzzleActivityExchangePieceError	兑换拼图碎片错误
DragPuzzleActivityDercyptionTips	提示：【{0}】
DragPuzzleActivityDercyptionErrorPassword	密码不正确，注意拼图内容
DragPuzzleActivityTryDercyption	线索已经集齐，尝试破解密码吧
DragPuzzleActivityDercyptionNeedComplete	完成线索拼图才能进行解谜
MaintainerActionWinCount	战斗任务
MaintainerActionBoxCount	支援箱
MaintainerActionDayPower	每日行动次数
OwnForeverBuyForeverWeaponFashionConverseText	购买物品中包含已永久拥有的武器涂装，购买后对应武器涂装将会转化为<color=#0E70BD>武器涂装设计图</color>，是否继续？
MaintainerActionEventWeekUpdate	活动已更新
MaintainerActionEventDayUpdate	行动次数已重置
MaintainerActionEventOver	赏金任务已被替换为维系者行动
MaintainerActionPowerOver	每日行动次数已达上限
MaintainerActionFightReward	战斗任务：胜利后可以获得
MaintainerActionBoxReward	支援箱：可以获得支援物资
UnUsedCouponDiscount	未选择
DiscountCouponRemain	(剩余:{0})
NormalDiscountIsBetter	礼包当前折扣更低，无法使用
CouponCountInsufficient	打折券数量不足，需要{0}张
CouponEndTime	({0}后结束)
MaintainerActionNotStart	开启时间：{0}
MaintainerActionLeftTime	距离重置还有:{0}
MaintainerActionProgress	进度：{0}/{1}
MaintainerActionWinFightText	战斗胜利：{0}/{1}
MaintainerActionWinBoxText	支援箱：{0}/{1}
MaintainerActionFightCompleteText	本周战斗任务已完成
CaptainSkillLock	(队长技能未解锁)
MaintainerActionFightHint	开启支援箱次数未用完，确定要进入最后一次战斗吗？
WeaponFashionLimitGetInBag	【{0}】增加了使用时间{1}
MainLineMission	主线任务
SubLineMission	支线任务
TRPGDefaultMainLineTargetDesc	主线剧情已完成，有更多的神秘等待探索
TRPGDefaultTargetDesc	优秀的链接者，所有的隐秘都已不复存在。
TRPGEnduranceDesc	在【终焉福音】主线探索中，通过特定【推演】事件时将会消耗耐力\n即使作战小队链接者能力符合【推演】要求，缺少耐力也一样无法完成推演\n耐力每日5点进行恢复，每次恢复5点\n耐力具有最大上限，达到上限后将不会再恢复。
TRPGEnduranceTitle	耐力说明
ShopTitle	商店
TRPGShopTipsAlready	(已有：{0})
TRPGShopItemOversell	道具今日已全部卖完，请在明日5点刷新后再来购买
TRPGMemoryChip	回忆碎片：{0}/{1}
TRPGMemoryNotPlayTipsDesc	收集所有碎片后即可播放隐藏剧情
TRPGUseNum	数量：{0}
TRPGHaveDesc	持有：{0}
TRPGMainAreaCanOpenTime	逻辑回路架设等待：{0}
TRPGBossOpenTime	毁灭降临：{0}
TRPGMazeCardUnReach	迷宫卡牌不可点击
TRPGRoleUnlockTip	该链接者尚未获得无法查看
TRPGRoleTalentResetCostLack	物品不足无法重置天赋
TRPGRoleTalentResetNotTalentActive	没有已经激活的天赋，无法重置
TRPGRoleTalentNeedPreTalentActive	未激活前置天赋
TRPGRoleTalentActiveCostLack	天赋点不足无法激活天赋
TRPGExploreTalentResetTipsTitle	是否重置天赋？
TRPGExploreTalentResetTipsContent	将消耗{1}个{0}重置该链接者的天赋，是否继续？
TRPGItemCount	(拥有: {0})
TRPGItemCommited	已向大本营提交 {0}
MentorSystemPreStudentHint	功能未开启，尚未达到指导等级{0}
MentorSystemNoStudentHint	尚无学员
MentorSystemNoMentorHint	尚无教官
TRPGMazeCardRecord	{0}: {1}/{2}
TRPGMazeMapBtnName	第{0}区域
TRPGExploreExp	EXP：{0}/{1}
TRPGExploreEndurance	耐力：{0}/{1}
TRPGExploreEnduranceValue	{0}/{1}
TRPGExploreExmaineTotalRound	轮次x{0}
TRPGExploreExmaineUseItemReqValue	推演通过
TRPGExploreExmaineUseItemReqValueDeny	缺  失
TRPGExploreExmaineUseItem	使用道具
TRPGExploreExmaineLackEndurance	耐力不足无法开始推演，耐力值将在明日5点进行恢复。
TRPGExploreExmaineCostItemTips	确认使用{0}通过推演？
TRPGExploreExamineCostEnduranceTips	(推演通过则扣除{0}点耐力值，失败不扣但会触发其他事件）
TRPGExploreExmaineBackTipsTitle	确定结束推演吗？
TRPGExploreExmaineBackTipsContent	选择退出后将以当前推演结果结束本次推演。
TRPGExploreExmaineResetLackItem	推演重置道具不足，无法重置推演
TRPGExploreExmaineResetDoNotNeed	此链接者尚未进行投点，无需重置推演
TRPGExploreExmaineCantEnterNextRound	存在尚未投点的链接者，无法进入推演下一轮
TRPGExploreExmaineRoleAlreadyRolled	该链接者已经投过点了
TRPGExploreExmaineResetTipsTitle	是否进行再次推演？
TRPGExploreExmaineResetTipsContent	将使用{1}个{0}进行再次进行推演？\n当前持有{2}个{0}。
EquipResonanceIsExist	已共鸣{0}号位
EquipResonanceSelectEquipTips	请先选择一个装备消耗
EquipResonanceSelectTips	请先选择共鸣技能
EquipResonanceSelect	技能选择
TRPGBossCloseTime	作战时间剩余：{0}
ChatMentorMsg	指导频道
MentorShipApplyedText	已申请
MentorShipNotApplyedText	申请
MentorStudentFullText	学员已满
MentorTeacherFullText	您已有教官
MentorPlayerSearchText	请输入指挥官ID进行搜索
MentorStudentCountText	当前还可招募{0}名学员
MentorRecommendStudentText	推荐学员
MentorRecommendTeacherText	推荐教官
MentorLabelMaxText	已到达最大可选择数
MentorManifestoMaxText	点击编辑，{0}字以内
MentorPlayerIdErrorText	指挥官ID格式错误
MentorFinishManifestoText	宣言发布成功
NieREnd	不在活动时间内
NieRChapterProgressStr	主线关卡：{0}/{1}
NieRChapterPercentStr	{0}%
NieRChapterPhaseStr	第{0}阶段
ContributeScoreDesc	功勋值根据指挥官每期战区排名进行发放，功勋值累计达到100点后不再增长，英雄小队晋级传奇小队时需要消耗100点功勋值才可完成晋级。
ActivityNierShopLock	未开启
ActivityNierShopLeftTime	（商店剩余：{0}）
Monday	星期一
Tuesday	星期二
Wednesday	星期三
Thursday	星期四
Friday	星期五
Saturday	星期六
SaveAndClose	保存并关闭
Sunday	星期日
TRPGAlreadyobtainedCount	<size=32><color=#0f70bc>{0}</color></size>/{1}
FuBenExperimentProgress	{0}/{1}
FuBenExperimentRewardIsTaked	该奖励已领取
FuBenExperimentTakeRewardFaild	奖励领取失败
FuBenExperimentSkinTag	新涂装
NieRMaxSingleScore	最高可获取{0}分
NieRMaxSingleNoScore	最高分无上限
TRPGSwitchTargetComplete	开始追踪当前的任务目标
NieRPODSkillLevel	等级:{0}
NieRPODSkillUpLevelNeed	消耗{0}:
NieRRepeatTickNotEnough	消耗不足
NieRPODSkillUpLevelSuccess	升级成功
NieRChapterOtherRate	进度
ActivityConsumeRewardTime	{0}  --  {1}
ActivityConsumeRewardDialogTipTitle	累计消费活动
ActivityConsumeRewardDialogTipContent	新的累消奖励已激活，请前往活动界面领取
MentorTeacherPhasesRewardText	指导进度
MentorTeacherTaskHintText	该学员尚未完成挑战或者尚未毕业
MentorStudentCandApplyOfGraduationedText	建立协作已关闭
MentorStudentGraduateTipTittle	恭喜你完成全部阶段演练内容，获得毕业奖励
MentorStudentGraduateTipInfo	—毕业—
NieRActivityLeftTime	剩余{0}
NieRChapterBossRate	破译进度
NieRActivityChapterLock	{0}开启
FirstRewardTitle	首通奖励
DropRewardTitle	掉落奖励
NieRStageUnLockByPer	通过{0}后解锁
TRPGUseItemComplete	使用成功
SpecialPointRewardIsGet	奖励已领取
NieRActivityChapterEnd	当前区域已结束
AwarenessGroup	意识组合
AwarenessGroupWithName	{0}·意识组合
TRPGAreaAleardyOpen	【{0}】已开启，可进行探索
TRPGItemMaxNumCantBuy	道具已达到拥有的最大上限无法购买
MentorTeacherChangeTaskHint	学员每日可从中领取3个任务，教官可对任务进行更换
MentorTeacherDayCanChangeTask	今日可更换任务次数
MentorTeacherGiveItemHint	教官根据活跃度获得礼物（五星意识碎片*300），赠送给学员
MentorStudentWeekCanGetTask	本周可领取任务
MentorStudentDayCanGetTask	今日可领取任务
MentorStudentFinishTaskNoRewardHint	教官还未赠送意识碎片
MentorStudentFinishTaskHasRewardHint	教官{0}赠送
MentorCanNotUseChatText	指导频道未开放
MentorTeacherPhasesTaskText	指导任务进度
MentorTeacherEstablishText	教官宣言
MentorStudentEstablishText	学员宣言
MentorTeacherChangeTaskText	更换任务
MentorStudentSelectTaskText	领取任务
TRPGShopTipItemMaxNumCantBuy	当前购买的道具数目已超出该道具携带上限
TRPGTalent	{0}/{1}
TRPGTruthRoadAreaNotOpen	此区域的剧情回顾暂未开启，请先完成上一区域的主线剧情。
TRPGWorldBossOver	活动已结束！
TRPGGetRewardMaxTips	此道具已达上限，多余道具已自动销毁
TRPGExploreEnduranceForActivity	(耐力:{0}/{1})
TRPGYingdiDesc	每名链接者具有3种能力：作战，感知，运算\n当遇到【推演事件】时，需要验证链接者的能力是否符合要求\n链接者的能力还可通过使用辅助道具或天赋进行提升\n在探索过程中还会遭遇危险事件导致链接者受损，获得debuff降低能力
CollectionWallNoneShow	当前收藏品墙均未展示
CollectionWallUndo	是否重置修改？
CollectionWallPlaceNotCorrect	请先摆放好收藏品
CollectionWallEmpty	该玩家未展示收藏品墙
MentorSelectStudentGiveText	选择
MentorUnSelectStudentGiveText	取下
MentorGiftIsSelectedText	已选择
MentorPlayerStateNoneText	教官
MentorPlayerStateStudyText	修业中
MentorPlayerStateGraduateText	已毕业
MentorEmptyManifestoHint	宣言不能为空
MentorCantChangeTaskHint	每日可更换次数已用尽
MentorTeacherGiftEmpeyHint	至少含有一个意识
MentorShipComplete	协作关系建立成功
MentorShipDisconnectHint	协作关系已经终止
MentorShipBuildSendHint	协作申请已发送
MentorDoMentorShipDisconnectHint	对方3天内上线过，您终止协作将在12小时内不能建立协作，确定要终止协作吗？
MentorDoCancelDeclarationHint	有尚未提交的修改内容，确定要放弃修改吗？
TRPGShopItemForeverOversell	此唯一道具已售罄
TRPGYingdiDescTitle	链接者能力说明
TRPGMazeLeaveTipTitle	确定要离开该区域吗？
TRPGMazeLeaveTipContent	离开当前区域后\n再次进入时将从一级区域开始探索。
TRPGMazeTipCurrentPos	当前进入{1}
TRPGMazeGiveUpFightTipTitle	放弃战斗二次确认
TRPGMazeGiveUpFightTipContent	是否选择放弃本次战斗？\n放弃战斗后可继续前进，\n但会<color=#ff3f3f>丢失20点【战地配额】</color>
MentorRecommendStudentEmptyHint	暂无更多学员
MentorRecommendTeacherEmptyHint	暂无更多指挥官
TPRGWorldBossNotInActivityTime	当前不在活动时间内
PokemonUpgradeItemNotEnough	道具数量不足
PokemonMonsterMaxLevel	机械体达到最大等级
PokemonMonsterAutoLevelUpLackItem	机械体升级所需材料不足
PokemonMonsterAutoLevelUpTips	是否消耗{0}（物品名称）X{1}（物品数量）?
PokemonMonsterEnergyCost	消耗{0}
PokemonMonsterEnergyCostProgress	可消耗值: {0}/{1}
PokemonMonsterRecommendCareer	推荐 {0}
PokemonMonsterFormationMaxEnergyCost	消耗值已经达到上限，不能再上阵其他机械体
PokemonMonsterFormationTeamFull	当前队伍已满，不能再上阵其他机械体
PokemonMonsterFormationTeamWithoutBoss	未上阵团队核心，不能开始战斗
PokemonMonsterFormationTeamEmpty	当前队伍未上阵任何机械体，无需下阵
PokemonMonsterAllCareer	全部职业
PokemonCannotGetTimeSupply	奖励暂未累计至可领取状态，不可领取
PokemonRemainingTimeLimit	剩余次数不足
PokemonOver	当前不处于活动时间内
PokemonMonsterSwitchSkillUnlock	未达到技能解锁的星级
PokemonMonsterLevelUpTo	机械体已升级到{0}级
PokemonMonsterListEmpty	当前未获得小队成员
PokemonChapterProgress	完成度：{0}/{1}
PokemonSkipTimesNotEnough	陷阱人偶数量不足
PokemonSkipSuccessTips	使用陷阱人偶跳过了关卡
PokemonResetTipsTitle	等级重置确认
PokemonResetTipsContent	是否将机械体重置为1级，返还所有养成资源？
PokemonSpeedUpTipTitle	提示
PokemonSpeedUpTipContent	1、战斗中的动作、音效、背景音乐将以加速形式播放\n2、可在暂停界面关闭2倍速
GuardCampSupportTipsDesc	选择为【{0}】\n加注应援棒数量
GuardCampUnOpenTitle	队伍选择开启时间
GuardCampSupportOpenTitle	应援剩余倒计时
GuardCampSupportCloseTitle	开奖时间
GuardCampCloseTitle	结束时间
GuardCampCardPoolCaption	总奖池应援棒数量等于玩家应援投入总和+官方解锁额外奖池应援棒数量
GuardCampCardPoolDrawLotteryCaption	※胜利队伍获得黑卡奖励=应援正确队伍应援棒数量×2+总奖池×0.6÷队伍人数\n※失败队伍获得黑卡奖励=总奖池×0.4÷队伍人数\n※若(黑卡数÷人数)产生小数点，则向上取整\n——例：人均分得黑卡数为1234.1，则获得1235黑卡
GuardCampSupportCloseTipDesc	应援已结束
GuardCampSelectCampSuccess	队伍选择成功
GuardCampSupportCampSuccess	应援成功
GuardCampSupportCampMax	已达到个人应援上限
NotPurchaseData	没有可购买的物品
GuardCampUnopenTipDesc	应援活动于{0}开启
GuardCampSelectCampTipDesc	是否消耗<color=#0E70BD>【{1}】×{0}</color>\n加入【{2}】\n加入队伍后不可再改变
GuardCampMaxSupport	活动期间内最多可加注<color=#0E70BD>{0}支【{1}】</color>
GuardCampMinSupport	最小加注<color=#0E70BD>{0}支【{1}】</color>
GuardCampSupportInsufficientQuantity	应援棒数量不足，请修改数量
GuardCampSupportTipsBtnName	应援
NieREasterEggAgeStr	岁的
NieREasterEggLeftBtnStr	上一步
NieREasterEggRightBtnStr	下一步（{0}/{1}）
NieREasterEggOkBtnStr	确认提交
NieREasterEggReviveStr	【{0}】
CharacterFilterEmpty	没有符合筛选条件的成员
FestivalActivityNotInActivityTime	当前不在活动时间内
MentorStudentDeleteTaskHint	删除任务不会恢复领取任务次数，确定删除吗？
ChristmasTreeRemoveOrnamentHint	是否移除此物品？
ChristmasTreeSubItemInsufficientQuantity	【{0}】数目不足！
ChristmasTreeSaveAppearanceSuccess	保存成功！
ChristmasTreeRestoreHint	是否放弃更改？
ChristmasTreePartGroupFull	圣诞树已经没有可以添加装饰的空间了~
ChristmasTreeInPreviewMode	当前处于预览模式，请退出后操作
ChristmasTreeOrnamentDescHead	属性{0}总分{1}{2}
ChristmasTreeOrnamentFull	装饰品已经全部领取
ChristmasTreeOrnamentNotOwn	未拥有此道具
ChristmasTreeAttrDeltaPlus	<color=#25BF6D>+{0}</color>
ChristmasTreeAttrDeltaMinus	<color=#C62310>{0}</color>
NieREasterEggSaveToServer	你确认要牺牲自己的数据来帮助其他的指挥官么？
NieREasterEggLabelStr	{0}【{1}{2}{3}】
MaintainerActionBoxGetTitleText	支援物资
MaintainerActionAutoFightGetTitleText	战斗奖励
MaintainerActionBoxGetSubTitleText	本周支援物资领取次数
MaintainerActionAutoFightGetSubTitleText	本周战斗任务完成次数
NieRBtnTeamNameStr	寄叶遗档
NieRBtnPODNameStr	辅助机
NieRBtnRenWuNameStr	废渊行纪
NieRBtnShopNameStr	神秘的兑换处
NieRBtnRepeatNameStr	残响记录
NieRShopNameStr	神秘的兑换处
GachaNotEnoughSkipHint	货币不足，是否跳转至购买界面？
TRPGLevelUpTips	指挥官探索等级已提升获得更多天赋点
MentorMonthlyStudentCountHInt	本月已招募学员数：{0}
ChessPursuitStable	演  练  期
ChessPursuitFight	实  战  期
ChessPursuitTimeDesc	持续时间：{0}~{1}
ChessPursuitReplaceCharacterTip	该角色已在其他防御工事上阵
ChessPursuitBloodCount	血量：{0}%
ChessPursuitBuZhenEnterFailed	每个防御工事均需上阵角色才能进入下一阶段！
ChessPursuitMaxScore	最高分：{0}
ChessPursuitBuZhenEnterTip	是否完成布阵？\n（布阵之后整局玩法无法改变）
ChessPursuitBossHurMax	历史最高：{0}
ChessPursuitSaoDangIsFistOpen	是否使用压制功能？\n（主目标将会直接死亡，剩余战斗次数按主目标当前所在位置依次与所有驻扎部队按顺序自动战斗得出）
MentorStudentLevelLimitHInt	等级过高，指导任务已关闭。
BuyAssetHKNotEnoughTips	当前{0}余额不足，是否跳转{0}兑换界面购买？
LottoExtraRewardProcessText	进度
LottoTimeStr	{0}--{1}
LottoActivityOver	活动已结束
LottoKareninaNotOwnTip	尚未拥有【{0}·{1}】
ChessPursuitShopBuyTips	将使用<color=#0E70BDFF>{0}{1}</color>购买【{2}】，是否购买
ChessPursuitEveryRoundAddCoinTips	每回合增加 {0}
ChessPursuitCardMaxCount	<color=#0f70bc>{0}</color> /{1}
ChessPursuitMapGridNumText	{0}号防御工事
ChessPursuitMaxDamageHistory	历史最高伤害：{0}
ChessPursuitShopBuyCompleteTips	购买成功
ChessPursuitFinishDesc	当前玩法状态发生改变
ChessPursuitDrillItemCoinDesc	增加实战期初始{0}
ChessPursuitNotInTime	活动未开放
ChessPursuitNotRankReward	无排行奖励
NieRCharacterAbilityOpenTips	成功解锁 {0} {1}
NieRMainLineNewJieDuanOpenTips	进入第2阶段【破译】
NieRNewQuanXianStageOpenTips	获得一份无名的记录
NieRNewCharacterOpenTips	寄叶遗档：{0}已解锁
ComposeGameShopItemIsSelled	道具已被购买
ComposeGameNoCoinBuyDraw	<color=red> {0}</color>
ComposeShopRefreshCountDown	后可获得<color=#0E70BD>1</color>次刷新次数
ComposeGameEnd	活动已关闭
ComposeGameCoinNotEnough	代币不足
ComposeGameGridsNotEnough	背包位置不足
NewDrawMainBottomText	已研发
NewDrawSkipNotInTime	该研发尚未开放
MaintainerActionWarehouseGetTitleText	仓库物资
MaintainerActionWarehouseGetSubTitleText	本周仓库物资领取次数
MaintainerActionWarehouseReward	废弃仓库：可以获得仓库物资
MaintainerActionWinWarehouseText	仓库物资：{0}/{1}
DrawNotEnoughSkipText	您的货币不足，为您跳转至货币兑换界面
LottoDrawFreeText	免费
MaintainerActionMentorReward	交叉验证：当教官和学员都激活过此区域后，获得奖励
ChessPursuitResetTipContent	是否重置本局玩法？\n（会重置到布阵阶段，当前所有进度、战斗次数以及主目标血量将会重置到初始状态）
ChessPursuitAutoTipContent	是否以历史最高战斗记录（对主目标造成{0}%伤害）自动战斗？
ChessPursuitBossMaxRatio	每次最大受到伤害   {0}
ChessPursuitBossStep	每回合移动步数   {0}-{1}
ChessPursuitInfinite	无上限
ChessPursuitActualCombatItemCoinDesc	已增加初始{0}
ChessPursuitStageNotOpen	前置关卡击杀主目标后解锁
ChessPursuitHardOpen	精英作战模式已开启！！！
CommonInTheTeam	队伍中
CommonCoinNotEnough	货币不足
MaintainerActionMentorCount	交叉验证
MaintainerActionWarehouseCount	废弃仓库
MaintainerActionFinishHint	{0}已完成
MaintainerActionTaskCount	本周任务
CoupletGameNotOpen	完成对联【{0}】后才能解锁
CoupletGameActivityNotOpen	对联活动未开始
CoupletGameActivityEnd	对联活动已结束
CoupletGameCoupletUnlock	对联【{0}】已解锁
CoupletGameItemNotEnough	道具不足
CoupletGameTaskNumProcess	<size=40><color=#0f70bc>{0}</color></size>/{1}
CoupletGameConsumeCount	<color=#ff1b01>{0}</color>
EquipRecycleSetttingCancelConfirmTitle	设置提示
EquipRecycleSetttingCancelConfirmContent	当前的回收设置选项有修改，是否放弃修改退出界面？
EquipSetRecycleConfirmTitle	标记提示
EquipSetRecycleConfirmContent	标记的预设回收的意识为5★意识，是否确认标记该意识？
EquipSetRecycleConfirmContentExtra	按照当前设置，预设回收意识将在<color=#0f70bc>{0}天后</color>被转化为<color=#0f70bc>算力碎片</color>
EquipSetRecycleConfirmContentExtraNegative	按照当前设置，预设回收意识将不会被转化为<color=#0f70bc>算力碎片</color>
ChessPursuitRankNotRecord	无记录
ChessPursuitCantAuto	需要每个防御工事均有历史战斗记录，才可使用压制功能
SimulatedCombatMemberSelection	成员招募({0}/{1})
SimulatedCombatMemberSeleNotEnough	成员招募(<color=#ff4343>{0}</color>/{1})
SimulatedCombatNormalMode	[普通模式]
SimulatedCombatHardMode	[挑战模式]
SimulatedCombatStarChallenge	{0}星挑战
SimulatedCombatStarChallengeNotFinish	尚未完成挑战
SimulatedCombatStarChallengeFinish	已完成{0}星挑战
SimulatedCombatStarChallengeNoneConfirm	当前关卡难度选择为0星难度\n请确认是否继续进行战斗准备？
SimulatedCombatOverMaxChar	已选择三名成员，请先移除一名成员后再选择
SimulatedCombatNormalModeMinChar	招募三名成员后才可进入编队
SimulatedCombatHardModeMinChar	至少招募一名成员后才可进入编队
SimulatedCombatBuySucc	购买成功
SimulatedCombatBuyNothing	请至少勾选一个对象后才可购买
SimulatedCombatBuyFail	算子余额不足，完成每日任务或通关挑战难度即可获得拟定算子
SimulatedCombatBuffTipPrefix	加成效果：
SimulatedCombatRewardTime	总奖励次数 {0}
SimulatedCombatRewardStar	当前为{0}星挑战
SimulatedCombatFailTips	作战失败所有消耗的算子已返还
SimulatedCombatGetRewardSucc	已获得通关奖励，本日领奖次数减少1次
SimulatedCombatBackOrFailTip	2.返回或挑战失败则所有消耗全额返还
SimulatedCombatBackConfirm	是否退出当前关卡？\n相关购买信息已保存。
SimulatedCombatChallengeRewardHelpTitle	挑战奖励次数说明
SimulatedCombatChallengeRewardHelpContent	指挥官每日可获得3次挑战模式的奖励领取次数\n次数不可累加且每日重置\n挑战模式的关卡将根据挑战的星级数提供不同的奖励\n关卡星级越高、难度越高奖励越好
SimulatedCombatChallengeBuyMember	招募成员
SimulatedCombatChallengeBuyBuff	购买加成
SimulatedCombatChallengeMemberTip	招募三名成员才可进入编队
SimulatedCombatOverMaxCharUnableBuy	成员已招募满员，请至少移除一名成员后再进行招募
SimulatedCombatNoRewardTodayTip	本日已无奖励次数
FubenHackDailyTicket	门票
FubenHackDevelop	验算增益
FubenHackDevelopEn	LINK INSPECTION
FubenHackDevelopBtn	验算\n增益
FubenHackEquipBuffAvailable	可应用
FubenHackEquipBuffUsed	已应用
FubenHackEquipBuffLock	<color=#ff3f3f>增益等级达到{0}级解锁</color>
FubenHackEquipBuffApply	应用
FubenHackRepeatResume	重复挑战不消耗门票
FubenHackUnlockTip	三星通关前置关卡解锁
FubenHackEquipBuffSucc	成功应用增益效果
FubenHackBuffPosLockTip	此孔位在增益等级达到{0}级时解锁
FubenHackEquipBuffFail	增益应用已满，无法应用新的增益效果
FubenHackTakeOffBuffSucc	成功卸下增益效果
FubenHackTicketNotEnough	门票数量不足
FubenHackUnlockBuffFail	解锁失败，增益等级不足
FubenHackUnlockBuffSucc	解锁成功！
FubenHackLevelUpTitle	增益等级提升
FubenHackLevelUpDesc	解锁新增益效果！
FubenHackBuffDetailTitle	增益效果
FubenHackLevelName	增益等级
CoupleCombatTeamOverDoubleTip	该玩法无法编入第三名成员
CoupleCombatTeamLessDoubleTip	队伍中编入两名成员才可进入战斗
CoupleCombatRobotUsed	该成员已被锁定在其他关卡
CoupleCombatResetStageTip	重置后该关卡将视为未通过，相关角色也会解锁，是否确认？
CoupleCombatResetStageSucc	重置关卡成功
CoupleCombatSkillCareer	装备职业：{0}
CoupleCombatSkillActiveDesc	主动效果：{0}
CoupleCombatSkillPassiveDesc	被动效果：{0}
CoupleCombatSkillCareerTitle	携带角色
CoupleCombatSkillActiveTitle	主动效果
CoupleCombatSkillPassiveTitle	被动效果
PartnerListIsEmpty	尚未拥有辅助机
PartnerSkillFieldIsLock	辅助机进化至{0}解锁
SignGiftPackFree	免费购买
PartnerSyncPartnerError	操作过于频繁，请稍后再试
PartnerNameIsEmpty	请输入辅助机名称
PartnerRenameSuc	辅助机名称设置成功
SpringFestivalCollectCardGuildHelp	新春快乐，阖家安康，我在“熹年集春”活动中急需一个{0}字，希望大佬伸出宝贵的援手
SpringFestivalHasGetReward	已领取
SpringFestivalSmashEggsHighestScore	历史最高分：{0}
SpringFestivalItemNotEnough	道具数量不足，无法选择
SpringFestivalConvertItem	兑换成功，积分已经转换为压岁钱存入钱包
SpringFestivalSuccessHasItem	利是派发者被砸晕啦，运气不错，找到了{0}积分，以及一些道具
SpringFestivalFailWithProtect	利是派发者躲过了你的攻击！冥冥之中，七实给你的平安锁似乎起了作用，积分没有减少
SpringFestivalFailWithProtectAndItem	利是派发者躲过了你的攻击！不过在平安锁的保护下，积分没有减少，还捡到了一些道具
SpringFestivalFailNoItem	利是派发者狠狠地反击了你！积分都变成了压岁钱！
SpringFestivalSuccessNoItem	利是派发者被砸晕啦，找到了{0}积分
SpringFestivalFailHasItem	利是派发者狠狠地反击了你！积分都变成了压岁钱，但捡到了一些道具
SpringFestivalRequestFriendSuccess	求助发送成功，对方可以在熹年集春活动的赠送福字页面处理请求
SpringFestivalGuildRequestSuccess	求助成功
SpringFestivalGuildCdTip	还有{0}可以再次发送求助请求
SpringFestivalNotOpen	未在活动时间
SpringFestivalSequenceSuccessTip	已经连续成功{0}次，当前积分较高，砸利是失败将会导致积分清空，确定继续吗？
SpringFestivalCollectWordProcess	已领取：{0}/{1}
SpringFestivalRewardDesc1	每集齐“厌禳迎岁”四字可以兑换一次“厌禳迎岁”礼盒
SpringFestivalRewardDesc2	每集齐“屠苏暖春”四字可以兑换一次“屠苏暖春”礼盒
SpringFestivalRewardDesc3	“厌禳迎岁”及“屠苏暖春”各领取一次可以额外解锁一次贺年礼盒的领取机会
SpringFestivalNextGetRewardTime	领取次数刷新：次日05:00
SpringFestivalCanNotGetFinalReward	领取次数不足，需要领取“厌禳迎岁”及“屠苏暖春”奖励各一次解锁
SpringFestivalUniversalTips	需要消耗{0}个万能字兑换一次奖励，是否确认兑换？
SpringFestivalSendWordMessage	新春送福，礼到福到，送你一个{0}字，祝你新年好运！
SpringFestivalSendWordSuccess	赠送成功
SpringFestivalGetWordSuccess	领取成功
SpringFestivalItemCantSend	道具数量不足，无法赠送
SpringFestivalFromFriend	好友
SpringFestivalFromGuild	公会
SpringFestivalRequestWordTip	求助一个{0}字
SpringFestivalSendWordTip	赠送一个{0}字
SpringFestivalGetRewardTitle	获得
SpringFestivalOver	活动已结束
SpringFestivalGuildRequestRefresh	求助字符状态已刷新
StrongholdActivityNotOpen	诺曼复兴战未开启
StrongholdActivityTimeNotOpen	诺曼复兴战未开启
StrongholdActivityTimeActivityBegin	距离作战开启:{0}
StrongholdActivityTimeFightBegin	距离作战结束:{0}
StrongholdActivityTimeFightEnd	距离活动结束:{0}
StrongholdActivityProgress	进度：{0}/{1}
StrongholdActivityName	诺 曼 复 兴 战
StrongholdActivityNameFightNormal	驱 逐 作 战
StrongholdActivityNameFightHard	掩 护 作 战
StrongholdActivityChapterHardFirstOpen	掩护作战已开放
StrongholdEndurance	（作战点数：{0}）
StrongholdRecordAssist	{0}（获得螺母{1}）
StrongholdRewardProgress	<size=32><color=#0f70bc>{0}</color></size>/{1}
StrongholdUiMineActDes	1、矿业部门行动说明1。\n2、矿业部门行动说明2。\n3、指挥官也可通过切换按钮将榜单切换成等级排名。
StrongholdMineEfficiencyDesc	个体生产效率：{0}矿石/天
StrongholdMinerGrowRateDesc	矿工总数会每日增殖{0}%
StrongholdMinerExplainOne	擅长在矿业部门采挖钽铁合矿，会自我增殖的自律矿工。在废弃矿区完成驱逐作战后，会进入矿业部门工作。
StrongholdMinerExplainTwo	每天在结算时间后可以收取生产出的钽铁合矿，在任务结束后也会自动运送到指挥官的仓库中。
StrongholdJournalTips	每日矿石产出在次日{0}结算，后续天数的数据是推演值
StrongholdJournalTipsDelay	当日矿石产出延迟至{0}结算，后续天数的数据是推演值
StrongholdJournalDay	第{0}天
StrongholdSetAssistCharacterInCD	{0}秒后可进行支援角色重设
StrongholdRefershAssistCharacterInCD	{0}秒后可进行支援角色刷新
StrongholdSetAssistTips	编入支援的成员不会限制使用\n可被指挥局成员、好友在战斗中借用\n被借用成功通关后将获得螺母奖励\n每日结算相关奖励
StrongholdSetAssistRecordDuration	第{0}天，提供战斗支援{1}分钟，获得空中花园奖励，获得{2}*{3}
StrongholdEnterChapterConfirmTitle	高危区域提示
StrongholdEnterChapterConfirmContent	本矿区只能建立简易据点，电能使用上限将受到额外限制，且无法请求外部援助。
StrongholdPerfectStrategyNotActivate	当前队伍平均战力无法激活完美战术，已使用完美战术通关的区域进度将被重置，是否确认？
SettleLoseSkipConfirmTitle	提示
SettleLoseSkipConfirmContent	确认要退出当前关卡，跳转至指定界面吗？
PurchaseCanBuyText	还可购买 {0}
PartnerQualityUpEmpty	请选择辅助机
PartnerCoinNotEnough	螺母不足
PartnerLevelUpMaxLevel	已达到等级上限
PartnerLevelUpItemEmpty	请选择材料
PartnerBreakMax	已突破最大次数
PartnerItemNotEnough	材料不足
PartnerBreakMinLevel	等级不足，无法突破
PartnerClipNotEnough	碎片不够，无法进化
PartnerQualityMax	已进化至最高品质
PartnerAllStarActivate	所有节点都已激活
PartnerAllStarCanActivate	已足够激活所有节点
PartnerBackItem	返还素材
PartnerSkillLevelCN	等级  {0}
PartnerSkillLevelEN	等级：{0}
PartnerAllSkillLevelMax	所有技能都已达到最大等级
PartnerPartnerAndClipNotEnough	没有相同辅助机或对应碎片不足
SpecialFashionShopGiftTitle	道具展示
WhiteValenDateInvite	可邀请{0}次
WhiteValentineNoInviteChara	请选择一个角色进行邀约
WhiteValentineCharaIsDispatching	角色派遣中
WhiteValentinePercentAdd	+{0}%
WhiteValentinePercentMinus	-{0}%
WhiteValentineEnergyCountDown	每{0}恢复1点体力
WhiteValentineCostTimeStr	{0}秒
WhiteValentineNoSelectChara	请先选择角色
WhiteValentineCoinNotEnough	道具不足，还不能到处闲逛哦
WhiteValentineCoinNotEnoughStr	<color=red> {0}</color>
WhiteValentineCantInvite	邀请次数不足或已邀请全部角色
WhiteValentineCancelConfirm	取消约会
WhiteValentineCancelConfirmContent	真的要取消约会吗？取消不会获得奖励和返回已消耗的体力
WhiteValentineEnergyNotEnough	体力不足，请等待体力恢复后再试
WhiteValentineEncounterPreTip	你忙里偷闲，利用休息时间在乐园里闲逛了起来……
WhiteValentineEncounterNoMemberTip	你花费了一些印花券，度过了一个快乐的下午
WhiteValentineAlreadyFinishEvent	事件已经完成，请直接领取奖励吧
WhiteValentineMissionComplete	<color=#34AFF8>已完成所有任务</color>
WhiteValentineBlueStr	<color=#34AFF8>{0}</color>
WhiteValentinePlaceCountDownStr	{0}后完成
WhiteValentineAttrCharaComplete	该属性角色已经全部获得
PartnerSelectSkillFull	已到达可装备技能上限
PartnerNoBadyCarry	无
PartnerSkillLevelUp	技能升级成功
StrongholdSetAssistRecordLendCount	第{0}天，提供战斗支援{1}次，获得指挥局奖励，获得{2}*{3}
StrongholdUiElectricActDes	1、供电站行动说明1。\n2、供电站行动说明2。\n3、指挥官也可通过切换按钮将榜单切换成等级排名。
StrongholdUseElectricDes	已用电能：{0}
StrongholdTotalElectricDes	当前电能总上限：{0}+{1}（发电）
StrongholdElectricTimeTwo	下批蓄电池组到达时间：每日{0}
StrongholdElectricTimeTwoDelay	下批蓄电池组到达时间延迟至：{0}
StrongholdElectricAdd	下批蓄电池组提升电能上限：{0}
StrongholdElectricAbility	当前援助总战力：{0}
StrongholdChapterProgress	完成度：{0}/{1}
StrongholdChapterUnlockCondition	通关{0}解锁
StrongholdBuffConditionDes	解除条件：{0}
StrongholdTeamTitle	作战梯队【{0}】
StrongholdTeamTitle1	物理属性梯队
StrongholdTeamTitle2	火属性梯队
StrongholdTeamTitle3	冰属性梯队
StrongholdTeamTitle4	雷属性梯队
StrongholdTeamTitle5	暗属性梯队
StrongholdTeamIndex	梯队{0}
StrongholdPluginAddFail	已无更多电能可供分配
StrongholdPluginAddOverLimit	该插件使用数量已达上限
StrongholdTeamRestartConfirmTitle	撤退提示
StrongholdTeamRestartConfirmContent	撤退将清空当前关卡进度，已压制关卡需要重新挑战，是否确认撤退？
StrongholdTeamRestartConfirmContentOther	当前已在{0}拥有挑战进度，挑战本关将撤回相关梯队，已压制关卡需要重新挑战，是否确认撤退？
StrongholdElectricTeamMaxNum	供电援助人数已满，需撤回后重新编入
StrongholdElectricSupportInElectricTeam	该成员已在电能队伍中，不能编入供电援助
StrongholdElectricSupportInTeamList	该成员已在队伍预设中，不能编入供电援助
StrongholdElectricDeployInElectricTeam	该角色已编入供电援助，不能编入队伍
StrongholdElectricDeploySameCharacter	该角色已上阵相同型号，不能编入队伍
StrongholdElectricDeployInTeamLock	该角色已有关卡进度，不能编入队伍
StrongholdDeployTipTitle	编队提示
StrongholdDeployTipContent	是否让{0}从作战梯队{1}更换至作战梯队{2}。
StrongholdEnterFightElectricOver	当前电能已过载， 无法进入战斗
StrongholdEnterFightEnduranceLack	作战点数不足，请等待恢复
StrongholdEnterFightTeamListNoCaptain	部分队伍没有设队长位， 无法进入战斗
StrongholdEnterFightTeamListNoFirstPos	部分队伍没有设首发位， 无法进入战斗
StrongholdDeployAssistantTipTitle	支援角色提示
StrongholdDeployAssistantTipContent	使用该支援角色需要支付{0}{1}，是否确认使用？
PartnerAllComposeHint	是否合成所有可合成的辅助机
PartnerIsCarringHint	当前辅助机已被{0}携带，是否更换携带者？
StrongholdDeployQucikDeployEmpty	快捷编队队伍列表为空
PartnerComposeFinish	辅助机合成成功
PartnerComposeFinishLink	异界装备合成成功
PartnerComposeClipEmpty	支援架构零件不足
ElectricTeamCancelTipTitle	供电援助撤回提示
ElectricTeamCancelTipContent	撤回后电能将过载导致插件失效，是否确认？
DormCannotRecycleLockFurniture	不能回收锁定状态的家具
DormCannotRemakeLockFurniture	不能重制锁定状态的家具
StrongholdBorrowCountOver	每关共用一个支援角色名额
StrongholdBorrowMaxTimes	当日借用次数已达上限
StrongholdBorrowCostLack	螺母不足，无法借用支援
StrongholdRobotRefusePartner	无法查看试玩角色的伙伴
StrongholdRobotRefuseFashion	无法查看试玩角色的涂装
StrongholdRobotRefuseWeapon	无法查看试玩角色的武器
StrongholdRobotRefuseAwareness	无法查看试玩角色的意识
StrongholdQuickDeployTeamLock	该角色已有关卡进度，无法切换
StrongholdTipLastGroupDebuff	{0}已被削弱
StrongholdtipNewChapter	{0}已解锁
StrongholdAssistantFirstOpen	角色支援功能已解锁
MoeWarScheOpenCountdown	{0}后开启
MoeWarScheCloseCountdown	{0}后结束
MoeWarScheIsEnd	已结束
MoeWarRankPlayer	累计热度值
MoeWarRankDaily	今日累计热度值
MoeWarRankScore	<size=22><color=#000000FF>{0} </color></size>{1}
MoeWarMyRankScore	<size=22>{0}   </size>   {1}
MoeWarMatchVoteRefreshTimeSplit	、
MoeWarMatchVoteRefreshTimeUnit	{0}点
MoeWarMatchVoteRefresh	每日{0}刷新总热度值
MoeWarMatchVoteNoResult	统计中
MoeWarMatchVoteNotRefresh	暂未刷新
MoeWarMessageThank	投票感谢
MoeWarMessageIntro	投票介绍
MoeWarSkipAnimation	跳过动画
MoeWarSkipGift	屏蔽弹幕
MoeWarSupportTitle	投票{0}
MoeWarDailyVoteItemLimitTip	该伙伴已达今日纪典印花投票上限
MoeWarDailyVoteLimitTip	今日投票数已达上限
MoeWarDailyVoteLimitTip2	今日投票数将达上限
MoeWarMatchEnd	每日数据更新
MoeWarActivityOver	伊甸文化纪活动已结束
MoeWarGoVote	前 往 投 票
MoeWarVote	投票
MoeWarMyVote	我的投票:
MoeWarRankName	热度榜
MoeWarIntroduceName	选手介绍
MoeWarGameName	赛程一览
MoeWarDailyVoteItemNotEnoughTip	{0}数量不足
MoeWarParkourQuit	已退出“试速挑战”
MoeWarNotOpen	活动尚未开启
ChessPursuitQuickDeployTeamTitle	防御工事【{0}】
ChessPursuitDeploySwitchTipsContent	该角色已在防御工事【{0}】上阵，是否将其替换到当前防御工事？
ChessPursuitNotSwitchCharacter	同一防御工事只能上阵一个相同角色，无法替换
ChessPursuitNoCaptain	防御工事【{0}】没有队长，无法完成布阵
ChessPursuitNoFirst	防御工事【{0}】没有首发，无法完成布阵
PartnerUpLevelHint	强化成功
PartnerCanBreakthroughHint	开启突破
PartnerIsMaxHint	辅助机机位已达上限
PartnerCarrySuccess	携带成功
PartnerChangeSuccess	交换成功
PartnerPutdownSuccess	卸下成功
PartnerIsTrainingHint	经过培养的辅助机作为材料消耗后会返还部分培养道具，是否继续？
PartnerStrengthenAutoSelectEmpty	暂无可选择道具
UseNutPackage	请选择螺母包
ChoiseNutPackageOver	选中螺母包数量已达到上限
NutOverMaxCount	拥有螺母数量已达到上限
CommonActivityTimeStr	剩余时间：{0}
CommonRedText	<color=red> {0}</color>
FingerGuessingRuleTitle	{0} 局 {1} 胜
FingerGuessingStageNotSelect	请先选择关卡
FingerGuessingStageNotOpen	关卡未开启，请先完成前面的关卡
FingerGuessingEyeClose	心理预测已关闭
FingerGuessingScoreStr	得分: {0}
FingerGuessCoinNotEnough	【公正裁决】数目不足
FingerGuessingResultDraw	DRAW
FingerGuessingResultLose	LOSE
FingerGuessingResultWin	WIN
FingerGuessingOpenEyeRuleStr	开启心理预测，可以预测对手的{0}种行为
FingerGuessingHighScore	最高得分: {0}
FingerGuessingEyeOpenTipsTitle	开启心理预测
FingerGuessingEyeOpenTipsContent	是否要开启心理预测？
FingerGuessingTurnStr	回合数：{0}/{1}
FingerGuessingOpenEyeTips	挑战失败，建议开启心理预测再次挑战
PartnerUnequipped	当前未携带辅助机
PartnerSeatNotLock	当前技能栏位未解锁
PartnerSkillUnequipped	当前未装备技能
PartnerMainSkill	主动技能
CommonActivityEnd	活动已关闭
CommonActivityNotStart	活动未开启
CommonSlashStr	{0}/{1}
NameplateOutTime	已过期
NameplateIsHave	{0}<color=#0f70bc>（已拥有）</color>
NameplateGetTime	获得于{0}
NameplateLv	等级 {0}
GetNamepalteIsExpire	{0}<color=#0f70bc>（已过期）</color>
NameplateExp	{0}/{1}
NotHaveNameplate	暂时没有铭牌
MentorStudentCurLevelText	当前等级：{0}
MentorLevelText	{0}级
NameplateToItemStr	已转化为道具——{0}
StartInTime	{0}后开始
EndInTime	{0}后结束
TimeUp	已结束
MoeWarPreparationCount	筹备事项（{0}/{1}）
MoeWarLastRecruitCount	{0}<size=28><color=#4E4D4D>/{1}</color></size>
MoeWarHelperTimeLimit	期限：{0}
MoeWarAnswerRecordPerctnt	{0}<size=30><color=#525252>/{1}</color></size>
MoeWarAnswerRecordRightCount	（已答对<color=#1571BD>{0}</color>题）
MoeWarAssistanceRecoveryTime	{0}后恢复一次
MoeWarSupportVoteItemCount	累计投{0}\n{1}/{2}个
MoeWarPrepareFightNotCharcter	请先从左侧选择选手
MoeWarParkourFightNotCharacter	请先选择出战选手
MoeWarPrepareNotHelpter	无协助者，请先联络
MoeWarRecruitTipsDesc	是否开始通讯？
MoeWarGrandTotal	今日{0}
MoeWarConditionNotAllComplete	没有达到最高筹备度，是否前往？
MoeWarNotDailyLimitVoteTips	{0}没有每日限制
MoeWarDailyLimitVoteTips	{0}每日限制{1}/{2}
MoeWarSupportSuccess	感谢指挥官的成功参与~{0}在文化纪中举办的活动热度变得更高了
MoeWarVoteEffectTitle	可增加选手热度值
MoeWarVoteRewardTitle	可获得活动货币欢愉
ArchivePartnerLock	资料不足，获得该辅助机后解锁
MoeWarConditionDesc	条件描述{0}：{1}
PartnerSkillLevelOverFlow	不能超过总技能等级上限
MentorTaskCompletedHint	任务已经完成
TeamGridSameRole	编队中已有相同{0}
MoeWarBtnPrepareSmallTitle	获得投票印花
MaintainerActionNotOpen	维系者行动未开启
GachaOrganizeUnlockTips	在上一补给箱中获得所有\n<size=28><color=#FFF732>【特殊奖励】</color></size>后开启
GachaOrganizeLockNotDraw	需要在上一补给箱获得所有特殊奖励
GachaOrganizeSoldOutNotDraw	补给奖励已领取完毕
GachaOrganizeDrawCount	{0}次补给
GachaOrganizeDrawNotEnoughError	欢愉道具数量不足，参与文化纪，使用经典印花投票可获得
GachaOrganizeNotEnoughSkipHint	欢愉道具数量不足，参与文化纪，使用经典印花投票可获得，是否前往？
GachaOrganizeRankTip	补给箱
StrongholdBtnSkipDesc	前往 {0}
StrongholdStageClear	自律矿工数量增加
StrongholdAnimationClose	{0}秒后关闭
StrongholdElectricDeployUsePrefabSameCharacter	预设中包含已上阵的相同角色，无法编入队伍
ActivityStateChange	当前活动状态发生改变
MoeWarHelperOverExpired	当前角色已过期
MoeWarRespondItemMaxTitle	{0}数量达到上限
MoeWarRespondItemMaxDesc	请使用{0}支援后再进行操作
MoeWarGoToVote	前往投票
MoeWarMainText	全力协助，为爱支援，为喜爱的选手投票吧
MoeWarWebName	网页活动
MoeWarWebNameEng	WEB
MoeWarRewardName	忆念交谊厅
MoeWarRewardNameEng	SHOP
MoeWarGachaName	茶歇小摊
MoeWarGachaNameEng	REWARD
MoeWarTaskName	纪典手札
MoeWarTaskNameEng	TASK
MoeWarVoteButtonName	投票
StrongholdGridInPrefab	预设中
StrongholdAlreadySelectLevel	诺曼复兴战已经选择过分区
StrongholdTimeFormat	M月d日 HH:mm
StrongholdLevelLimit	(等级：{0}-{1})
StrongholdSetAssistRecordDelay	第{0}天，当日结算时间已延后，不发放支援相关奖励
StrongholdRewardTipTitle	{0}奖励
StrongholdRewardTipTitleDefault	本期奖励
StrongholdChooseLevelTypeEmpty	请先选择难度分区
DecomposePartnerConfirmTip	当前选中<color=#0E70BD>包含A级或以上的辅助机</color>。\n分解返还50%左右所有培养材料（返还计算出现非整数数量时，向下取整）
DecomposePartnerConfirmTitle	分解确认
PartnerDecomposionCapacityDes	可分解辅助机
PartnerCapacityDes	拥有的辅助机
MovieAssembleConditionDesc	解锁条件：{0}
StrongholdChooseLevelTypeOne	常规作战（难度较低，奖励一般）
StrongholdChooseLevelTypeTwo	拓荒作战（难度较高，奖励丰厚）
KoroCharacterActivityEnd	活动已结束
MoeWarRecruitSelectReply	选择回复
MoeWarRecruitContinueContact	继续联络
Close	关闭
CloseDirectly	直接关闭
MoeWarSupportViewTitle	赛 利 卡 应 援
ReformStageTimeLockTip	尚未到达关卡解锁时间
ReformStagePassLockTip	请先通过基础关卡才可进行改造
ReformAtivityTimeEnd	本次活动已结束
ReformMaxBuffCountTip	可选择的加成效果已达到上限，请先取消之前的选择
ReformMaxEnvCountTip	可选择的环境效果已达到上限，请先取消之前的选择
ReformScoreLimitTip	挑战积分不足，请先增加挑战积分
ReformCharDetailText	详情
ReformEvolvableStageUnlockTip	需要上一关最大分数达到{0}
ReformEvolvableEnemyNameText	敌兵和词缀
ReformEvolvableMemberNameText	成员
ReformEvolvableBuffNameText	加成
ReformEvolvableEnvNameText	环境
ReformBaseStageUnlockText	{0}后解锁
ReformScoreCancelLimitTip	取消选择后无法满足其他改造要求，请先处理增益改造内容
ReformPreviewLimitTip	请先通过基础关卡才可进行预览
ReformMaxScoreTitle	累计积分
ReformEvolvableStageName0	关卡
ReformEvolvableStageName1	通用改造
ReformEvolvableStageName2	高级改造
ReformEvolvableStageName3	极限改造
ReformBuffPanelTopTip	选择加成强化队伍，加成星级越高效果越强
ReformEnvPanelTopTip	提示:当前可选择环境的数量(<color={0}>{1}</color>/{2})
ReformEnemyPanelTopTip	提示：可以在词缀界面为敌人添加词缀
ReformMemberPanelTopTip	提示：可新增成员组建强力队伍
ReformMainBuffTipsTitle	关卡词缀
ReformEnemyBuffTipsTitle	敌人词缀
ReformEnemyLevelText	危险：{0}
ReformReadyTitleText	{0}—{1}
ReformSettleScoreText	获取积分：{0}
ReformListSaveBtnName	确认改造
ReformEnemyAddCountText	额外敌人：{0}
ReformMemberAddCountText	额外成员：{0}
ReformSaveEvolableStageTip	{0}-{1}的改造已保存可进行挑战
ReformMonsterOpenTip	图鉴功能开启后才可查看敌人详情
ReformSettleMaxScoreTip	未超过本关历史最高积分  <color=#828282>{0}</color>
ReformEvolvableDiffOpenTip	{0}-{1}难度已开启建议改造后再进行挑战
ReformMemberPanelTopEvolableTip	<color=#828282>重复点击可取消选择  </color>
ReformAffixMutex1	请至少选择一个互斥词缀
ReformAffixMutex2	只能选择一个互斥词缀
ReformLockDifficulty	通关所有普通关卡后解锁困难模式
ReformSelectFull	选择数量已达上限
MentorDoMentorShipDisconnectFailPassHint	对方超过3天不上线，可以直接终止协作，确定要终止吗？
MentorDoGraduateHint	超过80级的学员，解除协作后只能自行毕业，不能建立新协作。对方3天内上线过，您解除协作后12小时内不能建立协作。确定要自行毕业吗？
MentorDoGraduateFailPassHint	超过80级的学员，解除协作后只能自行毕业，不能建立新协作。确定要自行毕业吗？
MentorDoApplyTeachaeMaxHint	对方已有教官
MentorDoApplyLevelOverHint	对方已过建立协作等级
MentorMessageLengthTips	留言长度超过{0}个字符
MentorMessageIsEmpty	请输入留言内容
LastLoginTimeText	最近登录：{0}
MentorMessageSendCompleteHint	留言成功
MentorTeacherGiftEmptyHint	礼物不足
MentorTeacherGiftDesc	教官每天达到100任务活跃度，可获得3份礼物礼物可以送给完成指导任务的学员
MentorTeacherGiftHint	礼物可在本周内一次性领取，每周一5:00会清空礼物数量
PokerGuessingEmptyLibrayText	当前牌库已空，重新洗牌继续游戏
PokerGuessingCostItemText	消耗{0}
PokerGuessingRecordTitle	记牌器
PokerGuessingRecordTitle2	卡牌一览
PokerGuessingNewGame	新的一局
PokerGuessingTask	活动任务
PokerGuessingStory	角色剧情
PokerGuessingScoreOutRange	积分超出上限
PokerGuessingVictory	胜利
PokerGuessingFailed	失败
PokerGuessingDraw	平局
PokerGuessingVictoryEng	Victory
PokerGuessingFailedEng	Failed
PokerGuessingDrawEng	Draw
PokerGuessingStraightWins	连赢次数
PokerGuessingNotOpen	活动未开启
PokerGuessingActivityEnd	活动已结束
PokerGuessingPlayStory	播放剧情
PokerGuessingUnlockStory	解锁剧情
PokerGuessingSendTitle	邀请角色
PokerGuessingSendContent	使用{0}个鹊梁偕守邀请角色后，可以观看该角色的专属剧情。\n确定使用吗？
PokerGuessingGameNotStart	牌局未开始
PokerGuessingTipsCountDeficiency	提示次数不足
PokerGuessingCharacterSwitch	角色切换成功
PokerGuessingUnlockItemDeficiency	鹊梁偕守数量不足，请参与鹊巧祈星玩法获得
MentorStudentGiftCompletHint	礼物赠送成功
PartnerTeachingProgressRate	完成度：%s/%s
PartnerTeachingActivityLeftTime	活动时间剩余：%s
PartnerTeachingActivityEnd	活动已结束
PartnerTeachingTag	新辅助机
InvertCardGameNotHaveSeverData	游戏暂未开启，清稍等片刻
InvertCardGameTimeNotOpen	游戏时间未开启
InvertCardGameTimeEnd	游戏时间已过期
InvertCardGameStageNotOpen	完成【{0}】才能解锁
InvertCardGameMaxInvertConutTextBlue	累计翻牌 <color=#744EF1>{0}</color> 次后，翻牌不消耗鲸音存储器（<color=#744EF1>{1}</color>/{2}）
InvertCardGameMaxInvertConutTextNormal	累计翻牌 <color=#744EF1>{0}</color> 次后，翻牌不消耗鲸音存储器（{1}/{2}）
InvertCardGameCurInvertConutText	当前翻牌：<color=#744EF1>{0}/{1}</color>
InvertCardGameConstomCountBlue	<color=#744EF1>{0}</color> 可以翻开卡牌
InvertCardGameConstomCountRed	<color=#744EF1>{0}</color> 可以翻开卡牌
InvertCardGameHaveNotEnoughItem	【鲸音存储器】的数目不足，无法进行操作
ActivityBriefNotOpenTips	{0}开启
ScratchTicketSelectChoseTips	请点击选项按钮选择一列数字后兑换
ScratchTicketActivityLeftTime	活动剩余时间：
ScratchTicketAllFinishTips	指挥官已获得此活动的全部奖励，请期待下次开启
ScratchTicketGridAlreadyOpenTips	不能重复翻开格子
ScratchTicketMaxOpenTips	已到达最大翻开数
ActivityBaseTaskSkipNotInDuring	活动不在开启时间内
RpgMakerGameStageNotOpen	通过前置关卡 {0} {1} 解锁
MentorTeacherGiftCompletHint	礼物赠送成功
MentorTeacherSameMessageHint	请确认两次留言的内容不一样
STThemeUnlock	{0}解锁
STSingleWavePreUnlock	通关{0}解锁
STMultiWavePreUnlock	通关{0}第{1}波解锁
STBagPluginCapacity	占容  <color=#0e70bd><size=36>+{0}</size></color>
STBagDecomposionNum	数量:{0}
STBagDecomposionDataIsNull	请先选择要分解的插件
STStartTier	开始冒险
STContinueTier	继续冒险
STTpProgress	<size=55>{0}</size>/{1}
STTsHistoryFloorStr	{0}层
RpgMakerGamePlayMainQuickTipsDesc	退出关卡后，关卡将会重置。\n确认退出本关吗？
RpgMakerGamePlayMainIsUseHintDesc	这次行动需要提示吗？
RpgMakerGameCharacterLockName	未知机体
RpgMakerGameCharacterLockInfoTitle	机体信息
RpgMakerGameCharacterLockInfoDesc	信息加密中
MineSweepingNotOpenHint	活动未开启
MineSweepingOverTimeHint	活动结束
MineSweepingStageWinHint	胜利条件：翻开所有安全区域（{0}/{1}）
MineSweepingStageLoseHint	失败条件：踩到{0}次蛛网（{1}/{2}）
MineSweepingChapterWinHint	继续前进吧，指挥官，得到满意的结局之前，我们谁都不会放弃抗争，哪怕时序千疮百孔，世界苦暗不堪。
MineStageUnLockHint	通关STAGE{0}解锁
MineChapterLockHint	尚未解锁前置章节
KillZoneActivityNotOpen	活动未开始
KillZoneActivityEnd	活动已结束
KillZoneProcess	进度：{0}/{1}
KillZoneChapterLeftTime	{0}
KillZoneChapterUnlockLeftTime	此区域将在{0}后解锁
KillZoneStageUnlockTip	请先通关前置关卡{0}
KillZoneDiffHardLockTip	玩家挑战完成{0}-{1}后开启
KillZoneStageMaxScore	最高积分：{0}
KillZoneFarmRewardTipTitle	挑战奖励次数说明
KillZoneFarmRewardTipContent	指挥官每日可获得3次挑战模式的奖励领取次数\n次数不可累加且每日重置\n挑战模式的关卡将根据挑战的星级数提供不同的奖励\n关卡星级越高、难度越高奖励越好
KillZoneTotalStarProcess	{0}<size=30>/{1}</size>
KillZoneStarRewardProcess	<size=50><color=#0f70bc>{0}</color></size>/{1}
KillZoneTotalStarDescNormal	星级奖励
KillZoneTotalStarDescHard	挑战奖励
KillZoneSelectPlguinEmpty	请到【插件编辑】界面装备插件
KillZoneSelectPlguinEmptyOperate	请选择插件进行装备
KillZonePlguinMaxLevelSuffix	{0}级
KillZonePlguinMaxLevelStr	Max
KillZoneResetPlguinEmpty	暂无插件可重置
KillZoneResetPlguinTips	是否重置当前插件{0}-{1}级到未解锁状态？
KillZoneResetPlguinsTips	是否重置当前插件共{0}个到未解锁状态？
KillZonePlguinLevelUpCostLack	升级插件消耗不足
KillZonePlguinUnlockCostLack	解锁插件消耗不足
KillZonePlguinResetCostLack	重置插件消耗不足
KillZoneDailyRewardTips	每日奖励根据玩家普通和挑战难度的总星级来发放，且每日5点重置
KillZoneSettleWinKillEnemyCount	本次击败数目为：{0}
KillZoneSettleWinMaxScore	{0}<size=40></size>
KillZoneSettleWinMaxHistoryScore	{0}<size=30>MAX</size>
KillZoneTeamRoleLimitTip	只可携带单个角色出战
ScheOpenCountdown	{0}后开启
STThemeLayer	{0}层
STStageProgress	进度：{0}
MineSweepingNotCoinHint	【捕梦网】的数目不足，无法进行操作
STOverTimeHint	活动结束
STChooseEnhancerTit	请选择心渊增益
STChooseEnhancerText	（心渊增益在本次冒险中会累计生效。同一效果的高级增益将替换低级增益）
STGetPluginTit	插件奖励
STGetPluginText	（本次冒险结束时结算发放，无垠心渊每5层可获得插件，层数越高获得插件数量和品质越高）
FashionStoryActivityEnd	当前不在活动时间内
FashionStoryTrialStageLeftTime	活动时间剩余：{0}
FashionStoryTrialStageEnd	该涂装体验已结束
FashionStoryProcess	进度：{0}/{1}
SocialBlackTipsDesc	拉黑玩家后，将不再接收对方的消息，并清空羁绊值，自动解除好友关系。\n确定要拉黑吗？
SocialBlackRemoveDesc	已将指挥官移出黑名单
SocialBlackMaxCountDesc	容量    {0}/{1}
SocialBlackEnterSuccess	已将玩家拉黑
SocialBlackEnterOver	对方已在黑名单中
DrawSelectCountText	剩余次数：{0}
DrawSelectNotCountText	无可用次数
DrawSelectNormalHint	是否确认将UP组合切换为当前选中组合？本次活动期间还可选择<color=#ff0000>{0}</color>次。
DrawSelectRandomHint	当前选择的组合没有Up角色，确认选择该组合吗？
DrawSelectCountFullText	活动期间还可自选<color=#ff0000>{0}</color>次
DrawSelectNotCountFullText	<color=#ff0000>活动期间无法再切换up角色</color>
DrawBannerSelectCountText	活 动 期 间 可 自 选 <size=38px><color=#ffffff>{0} 次</color></size> U P 角 色
DrawBannerSelectNotCountText	活 动 期 间 无 法 再 替 换 U P 角 色
STFightFinishUsePluginText	消耗插件
STFightFinishUsePluginHint	确定领取奖励后消耗插件
STFightLoadingTeamText	作战梯队{0}
STTdEnhanceLock	未获得
STTdPluginLock	{0}层
StrongholdTeamAutoRuneConfirmTitle	能量场配置提示
StrongholdTeamAutoRuneConfirmContent	部分梯队尚未配置能量场，是否使用默认配置直接开始？
StrongholdTeamSelectSubRuneEmpty	未选择能量场模块，无法保存
StrongholdTeamSelectRuneConfirmTitle	能量场选择提示
StrongholdTeamSelectRuneConfirmContent	该能量场已被梯队{0}使用，是否确认替换至本梯队？
StrongholdTeamResetStageConfirmTitle	重置关卡提示
StrongholdTeamResetStageConfirmContent	重置后该关卡将视为未通过，需要重新挑战，是否确认？
StrongholdTeamRuneLockTip	已使用能量场不能替换到其他队伍
PassportLevelDesc	{0}级
PassportActivityTime	{0} - {1} 共{2}轮
PassportActivityCurrWeekly	当前第 {0} 轮
PassportSpendBuyDesc	<color=#0f70bc>{0}</color>购买
PassportBuyLevelUpDesc	使评定等级提升至<color=#0f70bc>{0}</color>级
PassportLevelUnLockSupplyDesc	<color=#0f70bc>{0}级</color>将解锁的补给
PassportLevelUnLockDesc	<color=#fee82a>{0}</color>级解锁
BuyConfirmTipsTitle	购买确认
PassportBuyPassportTipsDesc	是否花费{0}{1}购买<color=#0f70bc>{2}</color>
SuccessfulItemPurchase	购买{0}成功
PassportBuyLevelMaxDesc	本期评定等级已达到可购买等级的上限
PassportBtnBuyPassportDesc	<color=#ffea00>{0}</color>{1}    购买
AlreadyBuy	已购买
STMultiTeamTeamListNoCaptain	部分队伍没有设队长位， 无法进入战斗
STMultiTeamTeamListNoFirstPos	部分队伍没有设首发位， 无法进入战斗
STPcLockText	使用中
PassportBuyExpCompleate	购买等级成功
STShopRefreshTime	<size=26><color=#ffffff>次数补充：</color></size>{0}
STShopRefreshBtnText	刷新:{0}/{1}
STCostPluginNumberOver	超过了可装备的插件数量
STHonorNameText	已获得数据痕迹：
SuperTowerShopOwnerText	已拥有{0}
SuperSmashRollbackNothing	请选择需要撤回的记录
SuperSmashRoleHasSelected	P{0}已选择
SuperSmashProgressText	首战对手\n<color=#ff8e43>{0}/{1}</color>
SuperSmashTeamLevel	队伍等级：{0}
SuperSmashModeLock	【{0}】开启后解锁
SuperSmashTeamLevelMax	已达最大等级
SuperSmashTeamLV	LV.{0}
STPluginCountNotEnough	插件数量不满足
STMultiTeamInHint	梯队{0}
STTransfiniteMaxLevel	超限等级已到达最大
SameCharacterInTeamTip	上阵了同一个角色
IsomerLimitTip	没有独域机体
PassportAutoGetTipsTitle	系统自动领取
PassportAutoGetTipsDesc	部分评定任务已经刷新，系统自动为指挥官领取已完成评定任务的情报值奖励如下：
STTierCanNotPlayHint	主题{0}的无垠心渊正在进行中
STActivityTimeEnd	深蓝战域活动已关闭
STShopBuyItemNotEnoughTips	货币不足
STShopRefreshItemNotEnoughStyle	<color=#ff0000>{0}</color>
STPluginDetailsStarStr	<color=#0f70bc><size=34>{0}</size></color>
CommonRemainTime	剩余时间:{0}
STRoleLevelUpUsePluginTip	所选插件中包含{0}星或以上插件，是否继续
STRoleLevelUpNotPluginTip	请选择插件再升级
STTierScoreStr	{0}/{1}
STMainBtnBagName	插件背包
STMainBtnShopName	融聚所
STMainBtnRoleName	角  色
STMainBtnSpecialName	特典角色
STMainBtnGachaName	战术补给
STMainBtnMapName	地图
STNoStageType	不存在该类型关卡
STShopTitle	插件融聚所
STExpansionLevelTitle	超限
GachaAlreadyobtainedCount	{0}/{1}
GachaCoinNotEnough	扭蛋币不足
ST3DMainThemeStageLevel	关卡进度
ST3DMainThemeTierLevel	心渊进度
MineSweepingChallengePlusHint	已增加额外<color=#e6240a>{0}次</color>可用失败次数
STShopOverCapacity	不能购买超过剩余背包占容的插件
STTagetFunctionTitleText	特权目标
STPluginUnlockTipContent	是否消耗{0}星解锁{1}专属槽，解锁后，{1}在活动关卡中可生效专属槽效果
STBagPopText	已自动消耗扩容道具提升背包容量
STMultiTeamRewardTitle	队伍
STMultiWaveRewardTitle	波次
STRewardText	{0}奖励
STNoPlugin	暂无适配当前上阵角色的插件
ExchangeTeamMemberTitle	编队提示
ExchangeTeamMemberContent	是否让{0}从{1}更换至{2}。
BattleTeamTitle	作战梯队{0}
STSameCharacterNotInTeamTip	队伍里有相同角色
STNotSelectPlugin	本次挑战未选择插件
STNotUsePlugin	本次挑战不消耗插件
STSettleConfirmHint	是否确认消耗插件领取本次挑战奖励？
STSettleCancelHint	是否确认放弃挑战？（放弃挑战不会消耗插件，也无法获得奖励）
STTierPrepareEnhanceTip	根据上阵角色，每层开始时，可以选择一个心渊增益。所获增益在本次冒险中生效。
PartnerLongPressLevelUpSkill	技能升至<color=#0E70BDFF>{2}</color>级，需要消耗——\n螺母×<color=#0E70BDFF>{0}</color>    支援技能元件×<color=#0E70BDFF>{1}</color>\n \n是否确定升级技能
LongPressLevelUpSkill	升级所需材料螺母*<color=#0E70BDFF>{0}</color>    技能点*<color=#0E70BDFF>{1}</color>，\n升级后技能等级为：{2}\n是否要确定升级技能
SummerEpisodeMapSelectTitle	摄影场景选择
SummerEpisodeActivityEnd	盛夏纪念日活动已结束
STShopRefreshItemNotEnoughTips	螺母数量不足
STTierStageNotFullMemember	本关卡需要上阵3个队员
PassportExp	{0}/{1}
PassportMaxExpText	总情报值：
PassportBuyCaptionDesc	活动结束前<color=#0F70BC>{0}钟</color>停止购买
RpgMakerGameSecondHintTitle	需要我怎样帮你呢？
FunctionNotOpen	功能未开启
UiFashionIntroFashion	涂装简介
UiFashionIntroHeadPortrait	解锁条件
UiFashionHeadPortraitConditionDefault	获得成员后自动解锁
UiFashionHeadPortraitConditionLiberation	成员终阶解放后解锁
UiFashionHeadPortraitConditionFashion	获取涂装<{0}>后解锁
PartnerLongPressLevelUpSkillMax	技能升至<color=#0E70BDFF>{2}(Max)</color>级，需要消耗——\n螺母×<color=#0E70BDFF>{0}</color>    支援技能元件×<color=#0E70BDFF>{1}</color>\n \n是否确定升级技能
LongPressLevelUpSkillMax	升级所需材料螺母*<color=#0E70BDFF>{0}</color>    技能点*<color=#0E70BDFF>{1}</color>，\n升级后技能等级为：{2}（Max）\n是否要确定升级技能
SummerEpisodePhotoScore	拍照得分
SummerEpisodeMischiefScore	捣蛋得分
SummerEpisodeWorkingScore	合作得分
ReportGuildFinish	已举报该公会
DlcHasDownloaded	已下载
DlcCanDownload	可下载
DlcDownloadTitle	下载提示
DlcDownloadCompleteTitle	下载完成
DlcDownloadPreviewTip	1.下载所有必要资源后可体验完整游戏内容。\n2.资源下载时，可以体验其他游戏内容。\n3.勾选【WIFI下自动下载剩余资源】后，在WIFI状态下会自动开始下载勾选页签的资源至全部下载完毕。
DlcDownloadInBackgroundTip	后台下载期间可游玩其他内容，下载进度可前往终端-下载中查看
DlcDownloadingItemText	{0} 正在下载
DlcItemCompleteText	{0} 已经下载完成
DlcDownloadWIFIText	当前非Wifi状态，是否确认下载?
DlcDownloadNoDownloadTask	当前无内容正在下载
DlcDownloadReStartTip	当前资源已全部下载，需要重启游戏！
RpgMakerGameTipClose	{0}后关闭
LivWarmActivityUseItemCountText	消耗        <color=#ec4858>{1}</color> 可以移动一次头像位置
LivWarmActivityReminderLoseText	累计移动位置{0}次后，本关不再消耗代币 <color=#ec4858>（{1}/{2}）</color>
LivWarmActivityStageLockTips	完成【{0}】才能解锁
LivWarmActivityItemNoEnough	代币数量不足
LivWarmActivityClearStage	已通关
LivWarmTaskProgress	{0}/{1}
PassportExpText	情报值：
PassportRewardTxtBuy	<color=#0f70bc>{0}</color>，提升评定等级至<color=#0f70bc>{1}</color>级？
SSBMainPointGetText	{0}/{1}
SSBMainLeftMonsters	剩余首战对手：{0}
SSBMainLeftEnergy	待汲取能量源：{0}
SSBGainText	汲取能量提升{0}%
SSBCharaHeadCheck	P{0}选中
SSBSelectBan	此位置已禁用
SSBOnlyRandom	此位置固定为随机
SSBMonsterCanActive	{0}后参战
SSBMonsterLock	对手未解锁
SSBMonsterDisable	对手已禁用
SSBInfoCoreAtk	攻击<color=#0F70BC>+{0}</color>
SSBInfoCoreLife	生命<color=#0F70BC>+{0}</color>
SSBSelectCoreGain	增幅强度：{0}
SSBReadyRankNow	当前排行：<color=#31a2e7>{0}</color>
SSBReadyWinCount	当前连战次数：<color=#31a2e7>{0}</color>
SSBNeedSelectMonster	请先选择指定对手
SSBOtherModeIsPlaying	其他赛区正在进行中
SSBRobotCantEditEquip	试玩角色不能编辑装备
SSBEggRobotCantEditCore	彩蛋角色不能编辑超数核心
SSBCoreNotOpen	超数核心暂未开放
SSBNeedRoleMinPosition	本赛区最少需选择{0}名角色上场
SSBConfirmFight	确认结果
SSBStartFight	开始战斗
SSBNextFight	继续战斗
SSBNotReachOpenTime	该赛区未到开放时间，敬请期待！
SSBNoRanking	无
SSBRepeatColor	不同位置不能设置相同颜色
SSBNoCaptain	不能不设置队长
SSBMultyCharacterTypeInTeam	队伍对战时独域机体与泛用机体不能同时编入队伍
SSBRepeatCharacterInTeam	相同人物不能同时编入队伍
SSBStageNotClear	未通关
SSBClearTimeTitle	第{0}场
SSBBattleAbility	战斗参数  <color=#0da6ec>{0}</color>
SSBExitConfirmTitle	撤退提示
SSBExitConfirmContent	当前正处在对战中，是否保存对战进度
SSBClearTimeBtnName	通关记录
SSBCharacterBtnName	成员整备
SSBLockPos	此位置为锁定位置
SSBOrderSortBtnName	位置调整
SSBRewardCantGet	积分未达到
SSBRewardAlreadyGet	奖励已领取
SSBEnergyNotEnough	压缩能量源不足，无法增幅
SSBCurrentScore	当前赛区积分  {0}
SSBCoreUpgradeDes	同调角色攻击力增加{0}，生命增加{1}
SSBMainRewardLevel	{0}<color=#ffffff><size=36>/{1}</size></color>
SSBBossNumOver	本赛区中BOSS级对手不能多于{0}个
SSBMonsterNoWords	该对手没有词缀
TeachingActivityStageName	<size=26>{0}</size>      {1}
LoginCADPANoticTittle	《战双帕弥什》适龄提示
LoginCADPANoticDesc	1、本游戏是一款末世科幻题材的3D动作游戏。适用于年满12周岁以上的用户，建议未成年人在监护人的监护下使用游戏产品。\n \n2、本游戏设置了主线、角色剧情，通过游戏交互、人机对战等推进剧情。游戏中有少量基于文字的陌生人社交系统，该社交系统遵循相关法律法规进行管理。\n \n3、本游戏中有用户实名认证系统，认证为未成年的用户将受到以下游戏限制：\n \n·未满8周岁的用户不能充值；\n·8周岁以上未满16周岁的未成年用户，单次充值金额不得超过50元人民币，每月充值金额累计不得超过200元人民币；\n·16周岁以上的未成年用户，单次充值金额不得超过100元人民币，每月充值金额累计不得超过400元人民币。\n·游戏仅会在周五、周六、周日和法定节假日的20时至21时，向未成年人提供1小时游戏服务。\n \n4、本游戏基于架空世界展开剧情，讲述了“帕弥什”爆发后的末世地球，指挥官带领构造体们共同对抗被“帕弥什”侵蚀的机械大军，收复地球家园的故事。玩家在游戏中可以体验到风格鲜明的美术设计、精美的游戏画面和高质量的游戏配乐。
ReformAwarenessSuitText	{0}件套
ReformEnvBattlePreviewTitie	环境详情
ReformBattlePreviewTime	{0}秒后关闭
PracticeBossSettle	{0}·{1}
LivWarmExtActivityTime	剩余{0}
LivWarmExtActivityProgress	活动奖励：{0}/{1}
PracticeBossDangerous	危险系数：{0}
LivWarmExtActivityExpectation	敬请期待
LivWarmRaceStageProgress	进度:{0}/{1}
LivWarmRaceStageUnlockCondition	通关{0}解锁
LivWarmRaceRepeatChallengeText	重复挑战无消耗
PickFlipRuleDropItemTitle	掉落详情
PickFlipRuleGoodSwitchBtnName	掉落切换
PickFlipRuleProbabilitySwitchBtnName	概率切换
PickFlipRuleRewardLayerTitle	第{0}层奖励
PickFlipRuleDropItemLayerTitle	第{0}层概率
BabelTowerSettleTotalLevel	总等级{0}
PickFlipLayerTip	第{0}层
PickFlipDialogTip	以下奖励即将加入奖池，确认后再无法进行修改，确认选择这些奖励吗？
BabelTowerTeamLimitCount	超过最大成员数量
BabelTowerTeamSelectLimit	选择会超过最大成员数量
CoupleCombatRecommonTips	推荐使用试玩角色
RobotRefusePartner	无法查看试玩角色的伙伴
RobotRefuseWeapon	无法查看试玩角色的武器
RobotRefuseAwareness	无法查看试玩角色的意识
ElectricDeploySameCharacter	已上阵相同型号，不能编入队伍
CoupleCombatTeamNeedCount	上阵人数限定为：2人
TeamNeedCount	上阵人数限定为：{0}人
BuyAssetTotalLimitText	最大限购数量{0}
BuyAssetTotalLimitTip	已超过最大购买次数限制
BuyAssetTimeLimitTip	该物品不在限定购买时间内
BuyAssetDiscountText	{0}折
AreaWarActivityNotOpen	活动未开始
AreaWarActivityEnd	活动已结束
AreaWarActivityShopLeftTime	剩 余 时 间 : {0}
AreaWarHangUpTips	攻破区域暗区可提升收益
AreaWarHangUpLock	攻破区域一暗区解锁
AreaWarPurificationLevelLock	攻破任意增幅区后解锁
AreaWarSpecialRoleLock	攻破任意角色区后解锁
AreaWarSpecialRoleTips	成功攻破对应角色支援区后，可获得对应<color=#0e70bd>试玩角色</color> 和<color=#0e70bd>角色作战增幅</color>
AreaWarAreaUnlockLeftTime	{0}后开启区域
AreaWarAreaLock	未解锁
AreaWarAreaSpeicalRoleUnlockProgress	（{0}/{1}）
AreaWarAreaSpecialRoleRewardGot	奖励已领取
AreaWarAreaUnlockPluginPurificationLevel	增幅等级达到{0}级解锁
AreaWarWorldBossRankNotOpen	高危暗区未开放
AreaWarWorldBossUiTextNotOpen	未开放
AreaWarActionPointNotEnought	浮点算力不足
AreaWarWorldBossOpenHour	{0}~{1}时限时开放
AreaWarDisapatchEmptyTeam	请从左侧选择角色
AreaWarBlockLockTips	完成{0}后解锁
AreaWarBlockLockTipsOr	或完成{0}
AreaWarBlockUnlockTime	{0}解锁
AreaWarNoBlockFighting	暂无区块在战斗中
AreaWarBlockLock	未解锁
AreaWarBlockLockTimeFormat	M月d日h时
AreaWarBlockLockTime	{0}\n开启
SpecialTrainMusicMatchTipTitle	暂时无符合音乐条件的房间
SpecialTrainMusicMatchTipContent	是否进行所有音乐的匹配？
NewRegressionSignInTimeTip	战线复归后累计登录<color=#262626>3</color>天，可分别获得一份特殊礼品
NewRegressionSignInTimeTip2	<size=30><color=#262626>活动剩余时间：</color></size>{0}
LevelNotEnough	指挥官等级达到40级开启
NewRegressionSignInRewardTip1	奖励已领取
NewRegressionSignInRewardTip2	尚未达到奖励领取时间
NewRegressionGachaRewardTip1	奖励组未开启
NewRegressionGachaRewardTip2	奖励已全部领取完毕
MultiplayerRoomOnlyLeaderTip	仅房主可选
PickFlipSelectRewardTip1	选择奖励配置
PickFlipSelectRewardTip2	已选择
PickFlipWatchRewardTip1	查看奖励
PickFlipWatchRewardTip2	已获得
PickFlipMaxRewardCountTip1	已超过最大选择数量
PickFlipMaxRewardCountTip2	选择的数量未满足，请再选
NewRegressChildActivityTimeout	活动已过期
PickFlipRandomRewardTitle	随机奖励
PickFlipFixedRewardTitle	自选奖励
BuyAssetDailyExchangeTip	本日剩余兑换次数：
BuyAssetTotalExchangeTip	剩余兑换次数：
PickFlipLayerLimitBuyTip	本层剩余兑换次数：
BuyAssetTotalLeftCountTip	(剩余总次数：{0})
PickFlipConfigRewardTip	本次活动共有 5 层奖励。在每一层，指挥官都可以自选部分奖励，填入本层的奖池中。
PickFlipShopName	商店 · 生命之树
NewRegressChildActivityLeftTime	<size=30><color=#262626>活动剩余时间：</color></size>{0}
NewRegressFettersTime	可形成链接时间：{0}
NewRegressionSigninTimeTip3	累计登陆{0}天可领取
MemorySaveStageNotOpen	活动将在{0}开启
PickFlipNotConfigTip	请先完成自选奖励配置
NewRegressBindCodeSuccess	已接受{0}的回归邀请
PickFlipRewardLayerFinishedTip	已完成本层进度
PickFlipRewardLayerTip	完成本层进度后可获得
MainLine3dStagePrefixName	{0}-{1}
BirthdayFirstSetTips	<size=45>将指挥官生日设置为<color=#ff0000>{0}</color>月<color=#ff0000>{1}</color>日\n（生日每个账号只能设置一次）</size>
BirthdayChangeTips	<size=45>将指挥官生日由<color=#2e75b6>{0}</color>月<color=#2e75b6>{1}</color>日修改为<color=#ff0000>{2}</color>月<color=#ff0000>{3}</color>日\n（生日每个账号只能修改一次）</size>
BfrtNotCaptain	作战梯队{0}尚未设置队长
BfrtNotFirstFight	作战梯队{0}尚未设置首发成员
MainLine3DTaskGuide	通关主线关卡[{0}-{1}]
MainLine3DTaskGuideTitle	任务指引：
EmojiOverTime	表情已过期
MainLine3DTaskGuideComplete	<color=#804444>已完成任务指引</color>
ShopIsNotOpen	商店未开启
CoupleCombatChapterLockDesc	<size=28><color=#939393>{0}</color></size>\n进度达到{1}
CelicaTechDialogHintTip1	<size=36>检测到指挥官未拥有该成员，是否需要进行成员教学？</size>
CelicaTechDialogHintTip2	<size=36>检测到指挥官的该成员战力不足2000，且未通过赛利卡补习班教学，是否需要进行成员教学？</size>
CelicaTechTips	<size=36>检测到指挥官未拥有该角色或角色熟练度较低，是否需要先进行角色教学？</size>
CelicaTechTipsTitle	标记提示
AchvPanelDefaultName	成就
AchvPanelDefaultSubName	ACHIEVEMENT
AchievementCount	成就完成数：{0}
AchvReachPanelTitle	成就完成数
AchievementTips	恭喜您解锁成就！
HiddenAchievementTips	恭喜您解锁隐藏成就！
ReviewActivityNoGuild	暂无
ReviewActivityDefaultFavorName	陌生
ReviewActivityPanelName	生涯记录·
DiceGameNoEnoughCoinHint	需要<color=#ff0000>{0}</color>个红酣筹码才能进行操作
DiceGameCostFlagHint	消耗<color=#8DD4FF>{0}</color>个标记，转化为<color=#8DD4FF>{1}</color>积分。
DiceGameOperationTitleVerb	获得
DiceGameOperationTitleA	个数<color=#9EDCFF>×{0}</color>积分
DiceGameOperationTitleB	个数<color=#9EDCFF>×{0}</color> + 本项<color=#9EDCFF>选择次数</color>积分
DiceGameOperationTitleC	个数<color=#9EDCFF>×{0}</color>标记
DiceGameOperationResultAB	本次获得积分
DiceGameOperationResultC	本次获得标记
DiceGameOperationDescA	的数目越多，可获得积分越多。
DiceGameOperationDescB	选择本项次数越多，可获得积分越多。
DiceGameOperationDescC	累计<color=#8DD4FF>{0}</color>个标记，可获得<color=#8DD4FF>{1}</color>积分。
DiceGameOperationCountB	已选择该操作次数：
DiceGameOperationCountC	当前标记数目:
TheatreTxtOngoing	{0}进行中...
TheatreLeaveTipsDesc	是否确定暂时离开冒险？（本次冒险记录已自动保存，可继续本次冒险）
TheatreRecruitCountHasLeft	尚有招募次数剩余
NewRegressDiscountTitle	回归礼遇活动自指挥官回归登录起持续{0}天
MaverickActivityTitle	异  构  阵  线
MaverickActivityProgressStr	进度:{0}/{1}
MaverickEnd	活动已结束
MaverickNotStart	活动未开始
MaverickPatternEnd	{0}模式已结束
MaverickPatternTimeCondition	{0}后开放
MaverickStageScore	积分：{0}
MaverickRemainStartTime	{0}模式剩余{1}开启
MaverickRankScore	<size=22><color=#000000>积分 </color></size>{0}
MaverickMyRankScore	<size=22><color=#FFFFFF>积分 </color></size>{0}
MaverickSkillDescTitle	技能描述
ResetMaverickMemberConfirmTitle	重置角色
ResetMaverickMemberConfirmContent	是否重置角色？
MaverickUpgradeItemNotEnough	升级道具不足！
MaverickTalentUnlockLvCondition	角色等级达到{0}级后解锁
MaverickTalentUnlockPreTalentCondition	权限{0}激活后解锁
MaverickTalentActive	激活
MaverickTalentLock	未解锁
MaverickTalentInactive	取消激活
MaverickTalentDescTitle	权限详情
MaverickStageScoreMax	{0}
MaverickStageHistoryScoreMax	{0}
MaverickRankTip	*排行仅供展示
TheatreDecorationLevel	{0}<color=#867d7b>/{1}</color>
TheatreDecorationMaxLevel	MAX
TheatreDecorationTipsLevel	Lv.{0}
TheatreDecorationTipsLockDesc	<color=#F61414>未达成</color>
TheatreDecorationTipsUnLockDesc	<color=#14F64A>已达成</color>
CommonRestartBtnName	重新开始
TheatreRestartBtnName	重新开始({0})
TheatreNotRestartTips	重开次数已经不满足
TheatreAdventureShopBuyTips	是否确认花费<color=#6495ED>{0}{1}</color>，购买<color=#6495ED>{2}{3}</color>
TheatreTokenLevelUpConditionDesc	携带该作品战斗{0}/{1}场
TheatreReadyDesc	演出效果
TheatreDifficultyTip	确认选择{0}吗?
TheatreTeamCountTip	需要队伍数量{0}
TheatreSkillLevelDesc	{0}等级提升
TheatreGetSkillTip	获取技能成功
TheatreDifficultyRateTip	难度倍率{0}
TheatreChapterSettleSureTitle	提示
TheatreChapterSettleSureTip	是否结束当前章节{0}
TheatrePassNode	通过节点
TheatrePassFight	幕间战斗
TheatrePassEvent	事件演绎
TheatrePassBoss	幕终战斗
TheatrePassReopen	剩余返场
TheatreNotSelectTokenTip	确定不需要选择作品？<color=#6495ED>携带作品</color>可<color=#6495ED>提升</color>对应流派的<color=#6495ED>出现概率</color>
MemorySaveTreasureTip	完成当前章节关卡数量
TheatreDetailRoleMaxLevel	/{0}级
NotOwnCurRole	尚未拥有该角色
TheatreRestartCount	重开次数：{0}
TheatreRecruitRefreshNotEnough	剩余刷新次数不足
MemberLock	已锁定
TheatreUnlockOwnRoleDesc	战力达到 <color=#0f70bc><size=30>{0}</size></color> 可以使用自己的角色
TheatreUnlockOwnRoleTipsDesc	平均战力达到<color=#0f70bc>{0}</color>，编队时可使用<color=#0f70bc>自己的角色</color>进行挑战
TheatreWeekTaskRefresh	周期任务刷新重置
TheatreRecruitComplete	成员招募成功
TheatreRecruitRefreshComplete	成员刷新成功
TheatreEndShopTip	确定结束交易吗?
TheatreUpLevelSuccess	升级成功
TheatreNotSelectItem	请先选择选项
DoomsdayActivityNotOpen	活动未开始
DoomsdayActivityEnd	活动已结束
DoomsdayStageStartLeftDay	关卡{0}后开启
DoomsdayStagetDetailBtnEnter	进入关卡
DoomsdayStagetDetailBtnResume	从第 {0} 天启程
DoomsdayThemeTitle	第 {0} 天
DoomsdayFubenMainLeftDay	距离结束还有 {0} 天
DoomsdayFubenMainLeftDaySimple	{0} 天
DoomsdayEventTypeRemindDescMain	新的重要事件
DoomsdayEventTypeRemindDescNormal	提示信息
DoomsdayEventTypeRemindDescExplore	新的探索事件
DoomsdayFubenDetailTipsSelectBuilding	请先选择建筑
DoomsdayFubenDetailTipsLackInhabitantToWork	工作所需人手不足
DoomsdayFubenDetailTipsLackInhabitantToBuild	建造所需人手不足
DoomsdayFubenDetailTipsBuildDay	将在 {0} 天后建造完成
DoomsdayFubenDetailTipsWorkDayRuins	废墟将在 {0} 天后清理完毕
DoomsdayFubenDetailTipsBuildLeftDay	将在 {0} 天后建造完成
DoomsdayFubenDetailBuildingEmptyTitle	建造
DoomsdayFubenDetailBuildingEmptyContent	选择建筑物，将区域修复为指定建筑。\n建筑建造完成后，可以解锁相应功能，或在每一天获取数量稳定的物资。
DoomsdayFubenDetailBuildingInhabitantCount	<color=#0c65aa><size=36>{0}</size></color>/{1}
DoomsdayFubenDetailBuildingInhabitantCountLack	<color=#FF0100><size=36>{0}</size></color>/{1}
DoomsdayFubenDetailConsumeDaily	x{0}/天
DoomsdayRemoveBuildingConfirmTitle	拆除建筑
DoomsdayRemoveBuildingConfirmContent	确定要拆除这个建筑吗？（将会返还建造这个建筑花费的全部材料）
DoomsdayBuildingBuildDay	工期：{0}天
DoomsdayBuildingCountLimit	可建造：{0}/{1}
DoomsdayBuildingSelectLackResource	建造建筑所需材料不足
DoomsdayAttributeUpWithDaily	{0}上升   <color=#1873be><size=34>+{1}</size></color>/天
DoomsdayAttributeDownWithDaily	{0}下降   <color=#b32121><size=34>{1}</size></color>/天
DoomsdayUnitDaily	/天
DoomsdayUnitPeople	/人
DoomsdayNumberPositiveGrowth	<color=#1873be>{0}</color>
DoomsdayNumberNegativeGrowth	<color=#b32121>{0}</color>
DoomsdayInhabitantAttrBad	{0}：{1}
DoomsdayAllotTips	人们的健康、饱腹程度每天都会下降；当分配了物资时，则可以恢复这些属性。
DoomsdayAllotTipsNotFinish	请完成今天的资源分配
DoomsdayMainTargetProgress	<color=#0F70BC><size=38>{0}</size></color>/{1}
DoomsdayReportResource	{0}{1}
DoomsdayReportDay	第{0}/{1}天
DoomsdayInhabitantName	拾荒者
DoomsdayMainEventNotFinish	今天还有重要事件未处理
DoomsdayWin	我们坚持了下来……
DoomsdayFail	我们失败了……
DoomsdayTeamName	探索队伍-{0}
DoomsdayTeamTipsCreate	消耗物资创建探索小队
DoomsdayTeamTips	返回营地以回收物资
DoomsdayTeamDesc	队伍携带
DoomsdayTeamDescCreate	消耗物资
DoomsdayTeamBtn	返回营地
DoomsdayTeamBtnCreate	确认组队
DoomsdayDetailTeamBtn	选择
DoomsdayDetailTeamBtnCreate	组建队伍
DoomsdayExploreLock	建造【前哨站】后开放
DoomsdayTeamBusy	队伍正在事件中，请先完成事件
DoomsdayTeamLock	建造更多【前哨站】以解锁队伍
DoomsdayTaskMain	关卡目标
DoomsdayTaskSub	支线目标
DoomsdayNotSelectTeam	尚未选择队伍，无法进行探索
DoomsdayTeamInEvent	队伍正在事件中，无法移动
DoomsdayGoExplore	前往探索
DoomsdayBackCamp	返回营地
DoomsdayEndCurStage	结束本关
DoomsdayEndToday	结束今天
DoomsdayStageHasEnd	旅程已经结束，无法进行操作
RewardSuccess	领取成功
TheatreUse	使用
TheatreNotSelectSkill	请选择任意流派主义技能
DoomsdayRequireNumberDown	<color=#E1504F>{0}</color><color=#0F70BC>/{1}</color>
DoomsdayRequireNumberUp	<color=#0F70BC>{0}/{1}</color>
DoomsdayBackConfirmTitle	退出关卡
DoomsdayBackConfirmContent	确定要退出当前关卡？\n关卡进度会在<color=#0F70BC>每一天</color>初始时保存，退出后可以从<color=#0F70BC>这一天</color>继续游戏。
DoomsdayFinishEndTitle	结束
DoomsdayLoseReasonDieOut	营地里的最后一个人也死去了
DoomsdayLoseReasonCrazy	所有人都失去了希望
DoomsdayLoseReasonTimeOut	主要目标未达成
DoomsdayMakeTeamSuc	探索队伍组建成功
DoomsdayExploreTarget	探索小队正在前往【{0}】
DoomsdayMakeTeamFailInhabitantLack	探索队伍组建人手不足
DoomsdayMakeTeamFailInhabitantEqual	不能将营地的所有人都编入队伍
DoomsdayMakeTeamFailRssLack	探索队伍组建物资不足
DoomsDayDaysOfPersistence	坚持天数：{0}天
DoomsDayReStartDoubleCheckTips	确定要<color=#FF0033>重新开始</color>这一关吗？\n将从本关的第一天开始游戏。
DoomsDayTodayWeatherTips	今日天气：{0}
DoomsdayBuildReachLimit	到达最大建筑数量
DoomsdayPlaceUnLockTips	发现了新地点：{0}
SameColorGameSkillEnergy	能量{0}
SameColorGameColorSelect	请选择想要变换的颜色球
SameColorGameAutoEnergy	从本回合开始，回合结束时充能{0}
SameColorGameEnergyPlus	增加{0}
SameColorGameEnergyMinus	减少{0}
SameColorGameEnergyMultiply	增加当前能量的{0}
SameColorGameEnergyDivide	减少当前能量的{0}
SameColorGameRankTitle	分数档位-{0}
SameColorGameEnergyCount	<color={0}><size=52>{1}</size> </color>/{2}
SameColorGameEnergyNotEnough	能量不足
SameColorGameCancelSkill	您已的技能已经使用过{0}次，还可以继续使用，确定要退出（进入冷却）吗？
SameColorGameRoleTip1	型号：<color=#3DAAFF><size=40>{0}</size></color>
SameColorGameRoleTip2	冷却：{0}
SameColorGameRoleTip3	耗能：{0}
SameColorGameEnergyDescText	终结能量存储上限为50
SameColorGameForbidSkillTips	当前关卡不可使用增加步数
SameColorGameWeakSwap	无法和敌人的召唤物交换
SameColorGameWeakRule	击中召唤物或在其相邻4格消除，即可造成伤害
SameColorGameWeakHp	HP：{0}
SameColorGameTaskProgress	挑战进度：{0}%
SCBossOpenTimeTips	{0}后开启
SCBossActivityTimeOut	活动已结束
SCBossMaxScoreText	最高纪录：{0}
SCRoleMainSkillNotChangeTips	固有技能不可切换
SCRoleSkillUploadSuccess	装备成功
SCRoleOverMaxSkillCountTips	已超过最大技能数量{0}
SCRoleTimeLockTips	{0}后开启
SCRankEmptyText	无
SCRankTotalName	总榜
SCRankScoreTips	<size=22><color=#000000FF>伤害分数 </color></size>{0}
SameColorGameShuffleBallHint	棋盘陷入死局，重新初始化棋盘。
SCStepText	剩余回合：{0}
SCDamageText	伤害分数：{0}
SCBuffRoundText	{0}
SCTipBossSkillDetailName	技能详情
SCTipBossSkillDetailDesc	技能描述
SCWinDamageText	伤害分数：<color=#E3432A><size=40>{0}</size></color>
SCWinComboText	最高Combo：<color=#E3432A><size=40>{0}</size></color>
SCActivityTimeText	剩余时间：{0}{1}
SameColorRoundTitle	行动回合
SameColorTimeTitle	行动时间
WeekActivityEndTime	{0}后结束
WeekActivityTime	{0}-{1}
PivotCombatRankScore	<size=22>积分</size>   {0}
PivotCombatRankTime	<size=22>通关时间</size>   {0}
PivotCombatAreaEnergy	区域供能  {0}/{1}
PivotCombatAreaEnergyNotEnough	存在供能为0的区域，中枢反应堆无法启用！
PivotCombatAreaEnergyNotActive	区域供能未激活
PivotCombatProgress	进度：{0}/{1}
PivotCombatLockTimeTxt	{0}后解锁
PivotCombatRoleLockTips	该成员在其他场景被锁定
PivotCombatTeamLockTips	队伍中有成员被锁定在其他关卡
PivotCombatSameRegion	已在当前区域
PivotCombatRetreatContent	撤离驻守人员后，当前关卡重置为初始状态，供能将会中断
PivotCombatRetreatTitle	撤退提示
PivotCombatNoSpecialSkillTitle	标记提示
PivotCombatNoSpecialSkillContent	检测到当前角色没有学习独域技能，是否前往学习？
PivotCombatTeamPrefabLockCharacter	当前上阵队伍中存在驻守在其他区域的角色，上阵后将被移除
PivotCombatTeamPrefabLockTeam	当前队伍已驻守在其他区域无法上阵
PivotCombatSelectDifficultTittle	难度选择
PivotCombatSelectDifficultTips	难度选择后本期活动不能更改
PivotCombatSelectDifficultNoEnhanceSkill	未检测到解锁了独域技能的独域机体，深度作战会异常困难，推荐选择常规作战
PivotCombatSelectDifficultNoAbilityLimit	独域机体战斗参数低于6000，深度作战会异常困难，推荐选择常规作战或提高独域机体战斗参数
TeamRobotTips	队伍中有成员可替换为高战力的试用角色
RobotParnerTips	无法编辑试玩角色
EnhanceSkillUnLockHint	改造需要
EnhanceSkillLevelUpHint	升级需要
HitMousePreStageNotClear	前置关卡未通关
HitMouseStageLockText	x{0}解锁
HitMouseCantFindItem	未能读取到活动道具Id
HitMouseItemNotEnough	解锁道具不足
HitMouseComboString	<size=50>{1}</size>
NewDrawNewHand	初见专属福利
NewDrawCalibration	校准系统生效中
SnowNextGrade	下一段位
SnowHighestGrade	最高段位
SnowGradeScore	{0}/<color=#4b4b64><size=32>{1}</size></color>
SnowGameIncrease	(+{0})
SnowGameGetReward	系统自动为指挥官领取每日任务奖励：
SnowGameFightDataItemName1	得分
SnowGameFightDataItemName2	击杀数量
SnowGameFightDataItemName3	奖杯
SpecialTrainSnowMatchTipTitle	提示
SpecialTrainSnowMatchTipContent	当前匹配队列人数过多，是否直接创建房间？
MultiplayerRoomOnlyHomeownerTip	仅房主可操作
RoomTeamPrefabNotSupport	当前玩法或队伍中有试玩角色，无法覆盖
RoomTeamPrefabSameTeam	当前队伍信息与预设队伍一致
RoomTeamPrefabRoleEmptyTips	请先设置该位置成员
PartnerTeamPrefabEquipTips	携带成功
PartnerTeamPrefabUnloadTips	卸下成功
PartnerTeamPrefabExchangeTips	更换成功
PartnerTeamPrefabSkillSaveTips	技能预设成功
PartnerTeamPrefabSkillNotSaveTips	【{0}】的预设技能未保存
PartnerTeamPrefabCoverTips	【覆盖】后将上阵队伍替换掉预设阵容
PartnerTeamPrefabChooseTips	预设【辅助机】已被携带或技能有变更，是否确认上阵？
PartnerTeamPrefabNotCharacter	未设置成员，不可设置辅助机
TheatreDecorationCanLvUpTips	<color=#6495ED>点亮叙事曲</color>可以将故事翻篇，<color=#6495ED>进入下一个阶段</color>\n继续挑战只会经历重复的故事，是否确定就此揭开帷幕？
CharacterEnhanceSkillLevel	{0}
EscapeNotClearLayerDesc	通关第{0}层才可挑战
EscapeActivityTime	剩  余  时  间 ：{0}  {1}
EscapeStageTitleTxt	<color=#{0}>{1}</color>
EscapeTacticsSkipTitle	提示
EscapeTacticsSkipContent	确定要跳过策略选择，进入下一节点？
InChallenge	挑战中
EscapeLayer	{0}层
EscapeChapterEnglishId	STAGE   {0}
ClearStage	已通关
EscapeWinSettleDesc	我们安全了！
EscapeWinSettleRewardTitle	通关奖励
EscapeSettleWinTitle	逃出生天
EscapeSettleLoseTitle	在劫难逃
EscapeSettleLoseDesc	终究无法逃脱帕米什的追捕
EscapeTimeCondition	{0}开放
ExcapeInChallenge	正在挑战{0}，结束战斗后再来吧
EscapeTimeNotReached	尚未到达开启时间
EscapeResetStageTipsTitle	重置本关
EscapeResetStageTipsDesc	进度将重置，逃亡时间恢复成挑战前的状态\n确认重置？
EscapeInChallengeMode	正在挑战{0}模式，无法切换
EscapeGiveUpTipsTitle	撤出战场
EscapeGiveUpTipsDesc	将终止此次挑战，当前挑战进度将直接清除，确认撤退？
EscapeEnterFight	进入战斗
EscapeSelectRole	选择成员
NewYearLuckTipTitle1	“紫气东来”奖券公示
NewYearLuckTipTitle2	“赤云撩天”奖券公示
NewYearLuckItemNotEnough	【岁首币】数目不足！
NewYearLuckDrawTime	已开奖
NewYearLuckExpire	错过时间，无法领取奖券
EscapeCount	{0}次
EscapeSettleWinGrade	(评级：{0})
EscapeNotChallenge	尚未通关
EscapeCurScore	当前积分：{0}
SpEnhanceSkillTab	独域
EnhanceSkillTab	跃升
EnhanceSkillLevelUpFinishHint	跃升技能升级成功
SpSkillLevelUpFinishHint	独域技能升级成功
TeamPrefabHasRobotTips	当前队伍存在试用机体，覆盖失败
EscapeCurLayerClear	该层已通关
EscapeCurLayerSelectTacticsNode	该层已选择策略节点
YuanXiaoRandomMapTip	选择随机地图后不可创建房间
YuanXiaoNextGrade	下一段位
YuanXiaoHighestGrade	最高段位
YuanXiaoGradeScore	{0}/{1}
YuanXiaoGetReward	系统自动为指挥官领取每日任务奖励：
SpecialTrainYuanXiaoMatchTipTitle	提示
SpecialTrainYuanXiaoMatchTipContent	当前匹配队列人数过多，是否直接创建房间？
UpLevelSuccess	升级成功
GoldenMinerItemAlreadyMax	插件已满
GoldenMinerStopTipsTitle	暂停
GoldenMinerQuickTipsTitle	提示
GoldenMinerQuickTipsDesc	当前准备退出本次喵星淘金挑战，是否确认退出？
GoldenMinerPlayCurScore	当前资源点数:{0}
GoldenMinerPlayCurScoreRichTxt	当前资源点数:<color=#{0}>{1}</color>
GoldenMinerPlayTargetScore	目标点数:{0}
GoldenMinerCurStage	第{0}关
GoldenMinerSellSuccess	出售成功
GoldenMinerUseItemCd	冷却中
GoldenMinerReqportScore	{0}/{1}<color=#34AFF8><size=28>(+{2})</size></color>
GoldenMinerReqportObjScore	{0}<color=#34AFF8><size=32>(+{1})</size></color>
GoldenMinerReqportTotalScore	<color=#34AFF8><size=32>(+{0})</size></color>
GoldenMinerReqportRadarScore	掘金者<color=#34AFF8><size=32>(+{0})</size></color>
GoldenMinerKeepBattleTipsDesc	系统检测到最近游玩中的未结算挑战，已为指挥官保存至最近节点，可以继续挑战
GoldenMinerShopTextLv	Lv.{0}    Lv.{1}
GoldenMinerAlreadyMaxLv	已满级
GoldenMinerShopTargetScore	下一关目标点数:{0}
GoldenMinerRankTop	TOP100
GoldenMinerCantChangeRole	淘金还未结束，不能更换矿工
GoldenMinerGiveUpGameTitle	放弃淘金
GoldenMinerGiveUpGameContent	真的要放弃本次淘金？确认放弃将立刻结算本次淘金。
GoldenMinerSellItemTitle	出售道具
GoldenMinerSellItemContent	即将以{0}资源点数出售{1}
GoldenMinerBuyHookTitle	购买提醒
GoldenMinerBuyHookContent	即将花费{0}点数购买{1}！\n确认购买？
GoldenMinerExitBtnName	直接退出
GoldenMinerSaveBtnName	保存进度
GoldenMinerSkipStageTitle	离开本关
GoldenMinerSkipStageContent	当前点数尚不满足过关需求，是否确认离开本关？
GoldenMinerHookReplaceSuccess	钩爪替换成功！
GoldenMinerAlreadyEquipTip	该插件已装备！
GoldenMinerAlreadyMaxLvTip	该插件已满级！
GoldenMinerHideTaskShowTxt	隐藏任务:{0}<color=#ff872f>({1})</color>
GoldenMinerShopShipTitle	飞\n船
GoldenMinerShopItemTitle	插\n件
GoldenMinerHideTaskComplete	完成
GoldenMinerPleaseSelectHex	尚未选择改造方案！
GoldenMinerShipDetailTitle	飞船概况
GoldenMinerMainTitle1	最高资源点
GoldenMinerMainTitle2	当前资源点
GoldenMinerMainTimeTitle	<size=30>{0}</size>
EscapeFightingNotUpdateTeam	正在作战，无法变更成员
BodyCombineGameTaskProgress	{0}<size=30>/{1}</size>
BodyCombineGameLock1Tips	需要通关{0}才能解锁
BodyCombineGameLock2Tips	{0}数目不足，需要{1}个{2}才能解锁
BodyCombineGameWrongAnswer	答案错误，请仔细确认<color=#34AFF9>标签</color>、<color=#34AFF9>剪影</color>与问题的文字提示
BodyCombineGameCostTips	消耗<color={0}>{1}</color>个        解锁
BodyCombineGameStageName	区域{0}
GuildWarNotGuildMaster	总指挥或副总指挥才可选择难度
GuildWarNoInRound	未到达作战时间，请稍后再试
GuildWarIsSkip	创建公会错过开启时间，无法参加本轮行征
GuildWarActionPointNotEnough	驻扎物资不足
GuildWarRecommendActive	建议活跃度：{0}
GuildWarRecommendActiveNotEnough	建议活跃度：<color=#A52A2A>{0}</color>
GuildWarRoundLeftTime	本轮时间：<color=#34AFF9>{0}</color>
GuildWarRoundLeftTime2	下轮时间：<color=#34AFF9>{0}</color>
GuildWarRoundLeftTime3	活动关闭时间剩余：<color=#34AFF9>{0}</color>
GuildWarSelectDifficultAutoOpen	{0}后开启本难度
GuildWarAutoSelectDifficultComplete	已自动选择难度，请重新进入指挥局界面进入行征
GuildWarEntryDate	{0} - {1}
GuildWarSelectDifficultyConfirmTitle	难度选择确认
GuildWarSelectDifficulty	选择难度
GWSelectDifficultyConfirmContentNotRecommend	指挥局<color=#DC143C>暂无上轮活跃度</color>或<color=#DC143C>活跃度偏低</color>，建议根据成员活跃度谨慎选择难度\n注：作战正式开始前仍可修改
GuildWarSelectDifficultySuccess	成功选择难度
GuildWarCantKickMember	行征期间不能踢出成员
GuildWarIsOpening	活动开启中
GuildWarNextRoundTime	离下一轮开放还有{0}
GuildWarClose	活动已结束
GuildWarNodeRankingTitle	{0}进攻排行
GuildWarHomeRankingTitle	资源保障区成员
GuildWarEliteNodeRankingTitle	伏兵进攻排行
GuildWarAssistantLog	<color=#8d8d8d>{0}</color>  <color=#0f70bc>[{1}]</color>支援玩家<color=#0f70bc>[{2}]</color>执行行征作战，额外获得{3}补给。
GuildWarAssistantLogWithoutReward	<color=#8d8d8d>{0}</color>  <color=#0f70bc>[{1}]</color>支援玩家<color=#0f70bc>[{2}]</color>执行行征作战。
GuildWarAssistantSet	设定支援
GuildWarAssistantCD	支援冷却：{0}
GuildWarDamageTime	({0}后发动）
GuildWarDifficultySelect1	下轮选择
GuildWarDifficultySelect2	本轮选择
GuildWarRemindLastRound	已是最后一轮作战，无法选择难度
GuildWarNotQualify	曾在其他指挥局参与行征\n无法参与本轮作战
GuildWarNotQualifySupport	本轮开启才加入指挥局，无法执行操作
GuildWarCD	冷却中
GuildWarNotWeakness	此关卡<color=#DC143C>并未处于弱点</color>，<color=#DC143C>难度较高</color>建议挑战另一关卡，确认进行作战？
GuildWarSupplyLimit	{0}<size=24>（已达上限）</size>
GuildWarNotFighting	当前轮次已结束
GuildDormMainTopChannelName	{0}频道
GuildDormGiftInfoCurrentContribution	当前贡献值：{0}
GuildDormGiftButtonNormal	<color=#FFFFFF>{0}</color>
GuildDormGiftButtonCanReceive	<color=#34AFF8>{0}</color>
GuildDormRoleInteracting	角色正在交互中，不能进行此操作
GuildDormRolePlayingAction	正在播放动作，不能切换角色
GuildDormChannelName1	频道1
GuildDormChannelName2	频道2
GuildDormChannelName3	频道3
GuildDormChannelName4	频道4
GuildDormSwitchChannelTitle	即将切换到 {0}
GuildDormSwitchChannelContent	确认要切换频道吗？
GuildDormDefaultInteractButtonText	交互
GuildDormActionCDTip	交互正在冷却中
GuildDormSwitchSameChannelTip	已经在当前频道
GuildDormNetworkTimeOutTip	进入指挥局大厅请求超时，即将关闭新版指挥局入口，进入旧版指挥局。\n如果指挥官希望重新进入新版指挥局，请在重新登录后再次尝试。
GuildDormOverMaxReconnectTime	连接指挥局大厅服务器请求超时
GuildMusicEditDeleteTip	歌曲列表不能为空
GuildDormMusicPlayerEditTip	仅总指挥或副总指挥具有编辑权限
GuildDormMusicEditSaveSuccess	保存列表成功
GuildDormMusicEditCloseTitle	退出编辑
GuildDormMusicEditCloseContent	是否要保存列表修改？
GuildDormThemeChanged	指挥局特殊场景已过期
GuildDormBgmExperienceExpire	体验已到期，无法选择
GuildDormBgmEditExperienceExpire	列表中歌曲体验已到期
GuildDormSceneTrialTime	剩余时间:{0}
GuildDormSpecialThemeIdTips	特殊活动期间，无法手动更换场景
BabelTowerAffixLevelInadequateTitle	词缀等级不足
BabelTowerAffixLevelInadequateContent	本次挑战战略目标将无法增长，是否确认挑战
BabelTowerAbilityWarningTitle	警告
BabelTowerAbilityWarningContent	当前队伍战力大幅度低于推荐战力，<color=#ff6347>战斗将极为艰难</color>\n建议降低难度/词缀等级进行挑战
BabelTowerPermissionUnlockTitle	权限解锁
GuildWarNormalLog	成功击破{0}
GuildWarSentinelLog	成功击破{0}，伏击前哨暂不召唤伏兵
GuildWarBuffLog	成功击破{0}，获得BUFF提升
GuildWarGuardLog	成功击破{0}，移除高危绝壁词缀
GuildWarInfectLog	成功击破{0}，协助指挥局成功通关本次行征！
GuildWarCommonLog	挑战{0}并造成{1}%的伤害
GuildWarAreaTipDie	安全区域
GuildWarAreaTipRevive	重建中
GuildWarAreaTipAlive	危险区域
GuildWarSettleTipWin	指挥局成功击破此区域
GuildWarSettleTipLose	指挥局成功完成此次战斗
GuildWarBossSettleTip	BOSS转换形态复活，尝试继续击杀吧！
GuildWarRebuildTimeTip	{0}后重建
GuildWarMaxDamageTip	我的最高伤害:{0}%
GuildWarMonsterDetails	每天20点推进一格，到达基地时，根据剩余血量百分比，最多对基地造成<color=#ff6347>{0}%伤害</color>
GuildWarBornRebuildTimeTip	{0}后出生
GuildWarForwardTimeTip	{0}后向前推进
GuildWarRebuildMaxTimeTip	重建时间已达上限\n<color=#4169E1>{0}</color>后才可挑战
GuildWarSweepTip	根据历史最高伤害进行扫荡，消耗<color=#4169E1>{0}</color>物资，造成<color=#4169E1>{1}</color>%伤害（扫荡仅有<color=#4169E1>{2}</color>%收益）\n确认扫荡？
GuildWarSweepTipNotWeakness	根据历史最高伤害进行扫荡，消耗<color=#4169E1>{0}</color>物资，造成<color=#4169E1>{1}</color>%伤害（此关卡处于非弱点状态，扫荡仅有<color=#4169E1>{2}</color>%的收益）\n确认扫荡？
GuildWarResidueNameEn	CanLiuQu
GuildWarResidueName	待清理区域
GuildWarMyMaxRebuildTimeTip	我的最大重建时间:{0}
GuildWarSelectDifficultyPreTotalActive	上轮活跃：{0}
GuildWarSweepFinished	扫荡成功！
GuildWarNodeIsDead	节点已被攻破，无法继续作战
GuildWarTaskExpireName	已过期
GuildWarTaskDisableName	未完成
StageUnlockCondition	通关{0}解锁
DoubleTowersLevel	阶级{0}
DoubleTowersRankCountDown	<size=32><color=#000000>距活动结束剩余:</color></size>{0}
DoubleTowersNoChooseSlotTips	请先选择插槽
DoubleTowersMaxPluginTips	已满级
DoubleTowersMustLeftOne	无法卸除，请至少保留一枚装置
DoubleTowersPluginEquip	装载成功
DoubleTowersPluginTakeOff	卸除成功
DoubleTowersChooseTeamMember	请先指定出战队员
Upgrade	升级
Active	激活
Replace	替换
DoubleTowersStageLockCondition	{0}通关解锁
EquipEnable	可装备
GuildWarNowActionShow	当前战况…
GuildWarHistoryActionShow	历史战况…
GuildWarPathEditOverHint	标记成功
DoubleTowersPreconditionStageNotClear	请先通过：{0}
DoubleTowersAllStageNotClear	通过所有物资站开启
DoubleTowersStageTimeLimit	{0} 解除中
DoubleTowersPassed	已通过
DoubleTowersPreconditionGroupNotClear	请先通过：{0}
RpgMakerGameOpenTime	{0}开放
RpaMakerGameOnlyUseRole	无法编辑队伍
GuildWarLogCount	仅显示最近{0}条记录
GuildWarLogRefreshTimeText	每{0}分钟刷新
WeekChallengeLock	yyyy年MM月dd日解锁
ShopExchangeTip	将使用<color=#2275ff>{0}{1}</color>购买【{2}{3}】，是否确定
GuildWarSettleFinish	结算成功
GuildWarChangeNode	节点
GuildWarChangeMonster	伏兵
DoubleTowersGatherSuccess	道具领取成功
DoubleTowersGatherFail	道具产出中，暂无可领取道具
PurchaseYKTimeTip	剩余：{0}天
PurchaseYKLimitCountTip	限购：{0}/{1}
DoubleTowersLockRank	抵达观测者之塔后解锁
RpgMakerGameLastTime	活动时间：{0}
RpgMakerGameMapTitle	地图预览
RpgMakerGameClearHintTitle	玩法提示
RpgMakerGameNextChapter	下一章
ConsumeActivityMainCoatDesc	累计获得2000‘福气’免费领取
ConsumeActivityLuckyTime	活动时间{0}~{1}
ConsumeActivityShopTime	剩余时间{0}
ConsumeActivityMainTaskProgressText	<color=#cb613c><size=25>{0}</size></color>/{1}
GuildWarRoundTimeOut	休战中
ConsumeActivityNotOpen	活动未开启
ConsumeActivityOver	活动已结束
PurchaseBgText5	SUPPLYPACK
PurchaseBgText2	SUPPLYPACK
PurchaseBgText3	MONTHLYPASS
PurchaseBgText4	EXCHANGE
PurchaseBgText1	RECHARGE
GuildWarBuffPanelTip	每击破34%提升1级(共计3级)
AutoFightUnLock	自动作战已解锁
GuildWarBaseMarkHint	无法标记资源保障区，请尝试标记其他区域
GuildWarBattleStart	已开启下轮众志行征，进入并开启新的挑战！
GuildWarDeadSentinelLog	对前哨发起进攻，延缓重建进度
GuildWarDeadInfectLog	进攻待清理区域，获得{0}积分
UiBuyAssetHasNum	拥有  <color=#106dba><size=32>{0}</size></color>
FubenRepeatChallengeAutoFightOpenTip	通关一次关卡后解锁自动作战功能
ArenaNoGuildTips	暂无公会
MultiDimFeverDesc	解锁进度
MultiDimFightExitTipContent	辅助型角色可复活队友，等待队友救援或许还能继续战斗！\n确认退出？（返回至战场可查看战况）
MultiDimFightExitTipExit	退出副本
MultiDimFightExitTipWait	继续等待
MultiDimActivityEnd	活动已结束
MultiDimThemeOpenText	{0}\n开启
MultiDimThemeNotOpenTip	{0}尚未开启，请稍后再试
MultiDimTeamFubenOpenTimeText	{0}-次日{1}
MultiDimMainDetailTeamNumber	推 荐 人 数 ：{0}
MultiDimMainDetailNeedJobTypeTip	选择{0}进行匹配
MultiDimDifficultyAbilityText	推荐战力：{0}
MultiDimHighDifficultyAbilityText	推荐战力：{0} (积分计入榜单)
MultiDimDifficultySelectSucceed	等阶选择成功
MultiDimMainDetailMatchTipTitle	提示
MultiDimMainDetailMatchTipContent	当前匹配队列人数过多，是否直接创建房间？
MultiDimMainDetailNotTeamActivity	不在活动时间内，请在{0}点再试
MultiDimDifficultyLimitDescription	通关\n{0}后可挑战
MultiDimPresetRoleSaveSucceed	保存成功
MultiDimSingleStageOpenText	{0}可挑战
MultiDimTalentResetTitle	天赋重置
MultiDimTalentResetContent	重置后无损返还所有天赋点，允许指挥官尝试新的天赋。\n重置冷却时间24小时，确定重置天赋？
MultiDimChildTalentGrade	Lv.{0}
MultiDimCoreTalentGrade	<size=80>{0}</size>/3
MultiDimTalentNotItemCountTips	{0}数量不足，无法提升
MultiDimTalentUpgradeSucceed	提升成功
MultiDimTeamSingleRank	个人排行
MultiDimTeamMultiRank	组队排行
MultiDimTeamSettleRankTip	{0}结算排行
MultiDimTeamSingleRankPoint	<size=22><color=#000000FF>积分 </color></size>{0}
MultiDimTeamManyRankPoint	<size=22><color=#000000FF>队积分 </color></size>{0}
MultiDimTeamPercentDesc	<size=42>{0}%</size>
MultiDimTalentResetTimeText	{0}后可用
MultiDimThemeSelectDifficultyText	当前选择
MultiDimTeamNetworkPingTitle	网络检测
MultiDimTeamNetworkPingContent	网络不佳，坚持匹配可能会影响组队体验，确定继续参与组队玩法？
TaikoMasterDifficulty	困难
TaikoMasterEasy	普通
TaikoMasterDefeat	(击败了{0}%的玩家)
TaikoMasterFrame	{0}
TaikoMasterScore	<size=22>最高分数 </size>{0}
TaikoMasterCombo	<size=22>Combo</size>{0}
TaikoMasterAccuracy	<size=22>准确率 </size>{0}%
TaikoMasterLock	关卡将于{0}开放
TaikoMasterComboPerfect	完美Combo！
TaikoMasterComboFull	完全Combo！
TaikoMasterEmpty	- - -
TaikoMasterFightTeamCountTip	关卡限定上阵{0}名角色
MultiDimCareer1	进攻天赋
MultiDimCareer2	装甲天赋
MultiDimCareer3	辅助天赋
CharacterQualityStar	阶段{0}
CharacterQualityTip	{0}   {1}
CharacterQualitySkillTipText	{0}Lv{1}
MultiDimAddLike	好评+{0}
MultiDimOnlineInviteTitle	邀请公会好友
MultiDimOnlineInviteNoFriend	暂无公会好友
PurchaseYKIsOnBuyLimt	月卡数量已达购买上限
YuanXiaoText2	完成数量
YuanXiaoText3	奖杯
YuanXiaoText4	得分
YuanXiaoText5	特训之星
MoeWarGiftTipsDesc	当前赠送             可恢复协助者<color=#197dcb>{0}点</color>心情\n值，确定赠送吗？
MoeWarWinnerGroup	凯旋组
MoeWarFailGroup	逆袭组
MoeWarRecruitReplyAgain	再次挑战
MoeWarRecruitNotContact	默认成员无需联络
MoeWarPrepareOver	赛事已结束
MoeWarPrepareNotOpen	赛事未开启
MoeWarPrepareOverEn	END OF THE GAME
MoeWarPrepareNotOpenEn	START OF THE GAME
MoeWarVoteGainTitle	可获得金色时光
DormSelectTooMuch	单次最多回收{0}个家具
AlreadyInNewGuild	已经在新版公会
AlreadyInOldGuild	已经在旧版公会
MoeWarDispatchMoodLack	角色心情值不足无法进行派遣，是否前往恢复？
ReformChallengeScoreTip	已 获 得 积 分【改造分最高：{0}】
ReformRecommendScoreTip	{0} <color=#575757><size=32>(推荐：{1})</size></color>
ReformEnemyGroupName1	第一波
ReformEnemyGroupName2	第二波
ReformEnemyGroupName3	第三波
ReformEnemyCountTip	敌兵数量：{0}/{1}
ReformEnemyBuffTipsTitle2	已选择词缀{0}/{1}
ReformMaxScoreTip	总积分（最高{0}）
ReformRecommendScoreTip2	推荐积分：    {0}
ReformLockChallengeTip	累计积分低于{0}，无法开启
ReformEnemyBuffPanelTopTip	选择的敌兵越强，其携带的词缀积分越高
ReformStageTimeTip	调整关卡调整时间
ReformEvolvableTimeNameText	时间(超越界限专属)
ReformStageTimePreviewText	关卡时间
ReformMaxTimeCountTip	已达到选择上限
StrongholdNotAutoFightTipsDesc	当前区域已开放扫荡作战，是否确认进行手动作战？
StrongholdSuggestElectricTipsDesc	当前已使用电能高于章节推荐值：<color=#0e70bd>{0}（系统推荐值），</color>部分挑战任务无法完成，是否确认进入战斗？
StrongholdSuggestElectricTipsDesc2	当前使用电能：<color=#0e70bd>{0}</color>
StrongholdDeployTxtPjzl	推荐平均战力：<color=#{0}>{1}</color>/{2}
ShopOthersDescription405	武器强化素材
ShopOthersDescription404	螺母，强化素材
GameExitMsg	是否退出游戏?
CommonLockedTip	未解锁
CourseGPARewardTitle	绩点奖励
RewardPreview	奖励预览
EquipGuideEquipNotExist	暂未拥有可穿戴的装备
EquipGuideEquipCanEquips	该装备可穿戴
EquipGuideEquipGrowing	培养中
EquipGuideEquipFullLevel	装备满级
EquipGuideNotSetTarget	未设定目标
EquipGuideSetTarget	设定目标成功
EquipGuideCancelTarget	取消设定成功
EquipGuideChangeTargetIdenticalRoleTips	是否将装备目标【{0}组合】切换成【{1}组合】?
EquipGuideChangeTargetInequalityRoleTips	是否取消【{0}】的装备目标，并设定【{1}】的装备目标？
EquipGuideCancelTargetTips	是否取消【{0}】的装备目标？
EquipGuideNoTargetText	设定目标
EquipGuideDrawNoWeaponTip	该武器未开启研发活动
EquipGuideShopNoEquipTip	商店未有该类型的{0}
GuildBossHighAreaLvLimit	52级才可参与特遣区作战
GuildNoneJoinToPlay	加入指挥局后才可参加此玩法
SpecialTrainMatchTipTitle	提示
SpecialTrainMatchTipContent	当前匹配队列人数过多，是否直接创建房间？
SpecialTrainRandomMapTip	选择随机地图后不可创建房间
CurLevel	已降低等级
DecreaseLevel	降低等级
DrawFreeTicketCoolDown	{0}张研发券{1}后失效
SummerSignInDefault	请选择一封未拆开的信件
SummerSignInFinishSign	今日打开次数已用尽，请明天再来。
SummerSignInChoseMessage	来自{0}的信件和<color=#ff8105>免费研发</color>礼物
SummerSignInViewCountFinishTip	今日拆开信件次数已用尽，请明天再来。
BiancaTheatreRestartTipsDesc	仿生秘血不足
BiancaTheatreLockRollCount	受灵视影响无法上阵超过{0}个角色
BiancaTheatreAchievementLeft	已位于第一页
BiancaTheatreAchievementRight	已位于最后一页
NotOwn	未拥有{0}
AssistOnlyOne	当前助理队列里只有1名助理，不可随机
PurchaseLBOwnAll	已拥有礼包所有道具
RequestFrequentlyText	操作太频繁，请等待{0}秒后重试！
DlcHuntBecomeLeader	你已成为房主
RiftPluginLoad	{0}/<size=30>{1}</size>
RiftPluginLoadRed	<size=30><color=#ff1831>{0}</color></size>/{1}
RiftPluginLoadYellow	<size=30><color=#e85e03>{0}</color></size>/{1}
RiftPluginLoadBlue	<size=30><color=#34aff8>{0}</color></size>/{1}
RiftChapterDepthRange	{0}-{1}KM
RiftChapterPreLimit	前置竞技未完成
RiftChapterTimeLimit	未到开放时间
RiftDepth	{0}KM
RiftDepthSettle	深度{0}KM
RiftPluginLoadNoneLeft	插件剩余负载不足
RiftPluginCharLimit	该插件仅指定角色可穿戴
RiftPluginTypeLimit	无法装备相同类型的插件
RiftLoad	负载：{0}
RiftChapterFirstPassTip	本章竞斗已全部完成，是否前往下一竞斗
RiftRefreshRandomConfirm	确认要重置吗
RiftSweepConfirm	充能值已满，可直接获得插件奖励。\n是否确认开启？
RiftNodeEnterPreLock	请先通关前置关卡
RiftJumpFromTo	({0}km-{1}km)
RiftSweepTimesLimit	充能值未满，无法开启
RiftSweepFirstPassLimit	当前关卡未首通，无法执行云端回溯
RiftSweepDataLimit	当前已完成部分关卡节点，结算后才可进行派遣
RiftAttributeLimit	竞技强化功能未开放
RiftFinish	活动已结束
RiftLayerLimit1	该区域仅可通过90km区域跃升来解锁
RiftLayerLimit2	前置竞技未完成，无法继续
RiftLayerStartByAuto	注意：{0}km区域作战开启
RiftLayerStartByJump	<size=50><b>坍缩完成 </b></size><size=65><b>{0}</b></size><b>km 区域已开放</b>
RiftLuckValueTip	充能值已满，继续挑战无法获得充能值，确定继续吗
RiftMopup	云端回溯({0}/{1})
RiftCountDownDesc1	{0}开启：
RiftCountDownDesc2	时序剩余时间：
RiftCountDownDesc3	时序变更时间：
RiftCountDownDesc4	{0}后解锁
RiftLuckStageLock	超维值不足，无法前往
RiftSettlePeople	投入泛用机体：{0}
RiftMopupTime	{0}后可执行
RiftMopupRefresh	云端回溯可执行
RiftPluginAttrReset	黑金票劵不足，无法重置
RiftPluginAttrUnlock	黑金票劵不足，无法解锁
RiftPluginCannotBuy	黑金票劵不足，无法解锁
RiftLuckyTip1	完成关卡或{0}分钟后充能{1}点
RiftLuckyTip2	可领取
RiftChapterTimeDesc	0{0}通关时间
RiftChapterUnpass	暂未通关
RiftBestTime	最佳时间
RiftBestScore	最佳分数
UnKnown	未知
CollectionBoxFavorMailTime	时间：{0}
Common	通用
PartnerSkillUpConfirm	升级成功
CharacterTowerOpenTimeDesc	不在活动时间内
CharacterTowerChapterInActivityDesc	进行中：<color=#fee82a>{0}</color>
CharacterTowerChapterProgressDesc	进度:{0}/{1}
CharacterTowerChapterRewardProgressDesc	进度 <color=#a9a9a9>{0}</color>/{1}
CharacterTowerChapterRewardDesc	完成全部任务（{0}/{1}）可获得{2}的礼物
CharacterTowerChapterRewardFinishDesc	已获得{0}的礼物
CharacterTowerRelationLevelDesc	等级{0}：
CharacterTowerRelationActivatedDesc	已激活 <color=#ff3f3f> {0} </color>/ {1}
CharacterTowerRelationFinishDesc	完成{0}个契约目标
CharacterTowerRelationLockTips	完成{0}个契约目标解锁
GuildDormClose	({0}秒)
GuildSignNumberTex	日新又新
DlcHuntPercent	{0}%
DlcHuntChipName	芯片组
DlcHuntChipUndress	是否卸下此芯片组所有芯片
DlcHuntChipDecompose	分解后的芯片将消失，是否继续
DlcHuntChipDecomposeFull	碎片已满
DlcHuntChipUndressFromAllGroup	将从所有芯片组中卸下此芯片，是否继续
DlcHuntChipExpensive	选择的材料中包含6星芯片，是否继续
DlcHuntChipLevel	<color=#7ae4ec>{0}</color><size=30>/{1}</size>
DlcHuntTaskFinish	所有任务已完成
DlcHuntChipMaxLevel	等级已满
DlcHuntChipBreakthrough	突破{0}
DlcHuntChipBreakthrough0	暂无
DlcHuntChipSelect	已选择：<color=#00ffffff>{0}</color>/{1}
DlcHuntChipGroupPower	战力：<color=#58c5cd><size=32>{0}</size></color>
DlcHuntChipGroupLevel	等级<color=#1f494f><size=28>{0}</size></color>
DlcHuntChipAmount	（<color=#00ffffff>{0}</color>/{1}）
DlcHuntChipGroupEquipAmount	已装备 <color=#58c5cd><size=36>{0}</size></color>/{1}
DlcHuntChipGroupAmount	<color=#ffffff>{0}</color>/{1}
DlcHuntChipAssistantZero	无法获得
DlcHuntChipLevel3	等级：{0}
DlcHuntReconnectFail1	与小队链接断开时间过长，无法重连
DlcHuntReconnectFail2	关卡已通关，奖励将通过邮件发送
DlcHuntReconnectFail3	关卡通关失败， 无法重连
DlcHuntReconnectToRoom	是否直接回到锚链聚狩的联机房间继续作战？\n点击“取消”，后续可通过联机房间进行作战重连。
DlcHuntFightingPower	战力参数：<color=#58c5cd>{0}</color>
DlcHuntStrengthenSuccess	芯片强化成功
DlcHuntBreakthroughSelectMaterial	请选择突破材料
DlcHuntSelectAssistantChip	尚未选择支援芯片，未完成战前准备，是否前往选择支援芯片
DlcHuntWorldLock4Time	挑战开启时间：{0}
DlcHuntWorldLock4PreWorld	通关{0}后解锁
DlcHuntAssistPointReward	支援芯片借用奖励
DlcHuntAssistCreateRoom	匹配玩家过少，是否直接创建房间
DlcHuntReconnecting	作战链接中，无法进行此项操作
DlcHuntPopUpAttrPrefix	{0}成长
DlcHuntChipEquiped	芯片已装备
RiftAttributeTemplateName1	默认方案
RiftAttributeTemplateName2	方案一
RiftAttributeTemplateName3	方案二
RiftAttributeTemplateName4	方案三
RiftAttributeTemplateName5	方案四
RiftBuyAttrConst	加点消耗
RiftNextAttrConst	下级消耗：
GuildDormSetThemeCd	{0}后可以更换场景
ColorTableNoOpenTime	未到达开启时间，无法挑战
ColorTableNoPassStage	请完成前置关卡后再挑战
ColorTableBreakFight	正在挑战{0}，中断后将丢失进度并直接结算，确认中断？
ColorTableCurObtain	当前累计：{0}
ColorTableUnlockShopTips	收集{0}徽章开启
ColorTableRoundTxt	回合 {0}
ColorTableLvTxt	Lv: {0}
ColorTableNoEnoughCostTxt	<color=#ff3f3f> {0} </color>
ColorTableRollPointTxt	获得{0}色颜料+{1}
ColorTableStudyLevelMaxDes	{0}色作品展览满级
ColorTableStudyLevelMaxTip	满级后可指出大师的致命缺陷或压制
ColorTableStudyLevelMaxMassage	可将大师等级降至1级
ColorTableTipActionPoint	每回合5点，用于行动执行
ColorTableTipEsayModeTitle	开启后，点击建筑视作前往或执行建筑功能
ColorTableTipEsayMode	艺术点评建筑由于选项较多，仍然会打开建筑弹窗
ColorTableTipStudyData	三色颜料：\n最多可储存7点。在颜料工坊消耗行动力获得，用于提升点评等级，或降低画派大师的流派占比
ColorTableEndDialogTitle	确认结束
ColorTableEndDialogContext	存在未使用的行动点，是否确认结束
ColorTableStartBossBattle	挑战Boss
ColorTableRollBossNormalTitle	力作呈现
ColorTableRollBossExplodeTitle	灵感爆发
ColorTableRollBossEpidemicTitle	百家争鸣
ColorTableNewRoundTxt	回合{0}
ColorTableSettleWinTitle	<color=#{0}>{1}</color>
ColorTableSettleWinTip	<color=#{0}>点击确定后开启下一阶段</color>
ColorTableSettleLoseTitle	<color=#F8F8F8>大师等级均到达六级，挑战失败</color>
ColorTableSettleLoseTip	<color=#A1A1A1>是否将所有大师等级降回Lv4并继续挑战？\n(普通模式下通关奖励不会减少)</color>
ColorTableSettleHardLoseTip	<color=#F8F8F8>本次挑战失败\n(困难模式禁止复活)</color>
ColorTableShopTime	剩余时间  <size=32><color=#34aff8> {0}</color></size>
ColorTableChallengingTips	正在挑战中，无法进入选择其余关卡
BrilliantWalkChapterUnlock	通关{0}后解锁
BrilliantWalkStageUnlock	通关{0}后解锁
BrilliantWalkStagelockMsg	关卡未解锁
BrilliantWalkTrenchNotUnlock	改造内容未解锁
BrilliantWalkStageModuleActiveTipContent	当前模块未启动，是否启动该模块？
BrilliantWalkModuleActivated	模块已启动
BrilliantWalkModuleEquiped	该模块已在其他模块槽位中被启用
BrilliantWalkModuleDisactiveWarning	取消启用模块后，该模块上已连接的电路会全部<color=#c94141>取消连接</color>，确定要取消启用吗？
BrilliantWalkModuleActiveWarning	启用该模块会替换掉{0}，{1}上已连接的电路会全部<color=#c94141>取消连接</color>，确定要启用吗？
BrilliantWalkQuickChangeWarning	连接第二个{0}中的电路时，必须激活{1}
BrilliantWalkCancelChangeWarning	确定要放弃当前修改方案吗？
BrilliantWalkResultWords	光辉行进者
BrilliantWalkStageNotEnoughEnergy	可用的接口不足
BrilliantWalkStagePluginNotExist	改造内容不存在
BrilliantWalkStagePluginNotUnlock	改造内容未解锁
BrilliantWalkStagePluginHasntRelatedTrenchId	没有对应的模块插槽
BrilliantWalkBossGameSetDifficultNormal	普通
BrilliantWalkBossGameSetDifficultHard	困难
BrilliantWalkChapterTime	{0}后解锁
BrilliantWalkChapterTimeTip	尚未到达章节解锁时间
BrilliantWalkActivityNotOpen	活动未开启
BrilliantWalkMaxPoint	（最高可获取{0}）
AwarenessOccupyProgress	序列公约扼守进度：{0}/{1}
DormQuestTerminalLevelDesc	等级.{0}
DormQuestTerminalMaxLevel	已经达到最大等级
DormQuestTerminalNotUpgradeCondition	尚未满足升级条件
DormQuestTerminalNotUpgradeItem	升级所需道具不足
DormQuestTerminalStartUpgrade	系统升级开始
DormQuestTerminalUpgradeTime	剩余:{0}
DormQuestTerminalRecallTeamTitle	召回队伍
DormQuestTerminalRecallTeamContent	强制召回队伍将<color=#c94141>无法获得委托奖励</color>。\n确定要召回队伍吗？
DormQuestTerminalDetailMemberCount	需要 <color=#0F70BC>{0}</color> 名成员
DormQuestTerminalTeamMemberLimit	队伍已达上限
DormQuestTerminalMemberNumber	成员数量未满足要求
DormQuestTerminalQuestAccept	委托已接取
DormQuestTerminalSurpassTeamNumber	超过队伍要求人数
DormQuestTerminalMemberInTeam	成员在其他队伍中，无法选择
DormQuestTerminalQuestUpdate	当天委托已刷新
DormQuestTerminalTeamRegress	队伍回归
DormQuestTerminalTeamFree	队伍空闲
DormQuestTerminalMainTeamRegress	宿舍-委托系统：队伍回归({0})
DormQuestTerminalMainTeamFree	宿舍-委托系统：队伍空闲({0})
DormQuestTerminalFinishQuestCount	<size=80>{0}</size><color=#000000>/{1}</color>
DormQuestTerminalNextQuestRefreshTime	距离下次委托刷新：<color=#1482E4>{0}</color>
EquipResonancedLimit	需要先共鸣才可以解锁超频功能
FubenMainLineActionPointLackTitle	重映失败
FubenMainLineActionPointLackContent	体力不足，无法进行多维重映
RedColorValue	<color=#cb230f>({0}/{1})</color>
AwarenessHintText	若上阵成员<color=#ff0000>均满足</color>战斗参数推荐，战败时<color=#ff0000>可进行重启</color>（最多<color=#ff0000>10</color>次）
AwarenessTotalHarm	额外伤害加成{0}%
AssignOccypyProgress	边界公约驻守进度：{0}/{1}
AutoTeamLimit	该关卡已有进度，无法一键上阵
AwarenessSelectIsUsed	成员已扼守其他序列
AwarenessOccupySuccess	扼守成功
AwarenessOccupyDesc	挑战序列，扼守提升<color=#ff0000>额外伤害加成</color>
AwarenessOccupyProgressOnCover	扼守进度：
AssignSendMemberCalled	驻守条件
AwarenessSendMemberCalled	扼守条件
AwarenessFight	序列公约加成
VotingPeriod	投票期
StatisticalPeriod	公示期
SkinNameVoteNotSelectButConfirm	请先选择命名再点击确认按钮
SkinNameVoteSecondaryConfirmation	此次选择或许会决定该涂装的正式命名，不再考虑下吗？
SkinNameVoteTip	活动说明
AssignOccupyThisMember	当前驻守
AssignOccupyOtherMember	其他区域驻守
AwarenessOccupyThisMember	当前扼守
AwarenessOccupyOtherMember	其他区域扼守
SuperAwareness	意识满级且携带共鸣技能才可进行超频
SetKeyConflict	该按键与其他键位设置重复，是否对调两个键位的按键设置？\n冲突键位：{0}\n当前选中键位：{1}
GuildBossOpenLimit	活动关闭中，请稍后再试
FightDlcSosTips	等待救援：{0}
ColorTableStudyDataTxt	{0} / {1}
BuyItemCountLimit	{0}道具购买已达到上限
SuperSmashAssistance	后援
SuperSmashCareer	辅助/\n增幅型
SuperSmashProgress2	进度 <color=#0da6ec><size=42>{0}</size></color>
SuperSmashRollBack	是否撤销【挑战记录】\n撤销后挑战记录将被清除
SuperSmashRollBackTitle	重置提示
SuperSmashFinish	已完成
SuperSmashNotRipe	需要进度大于{0}
SuperSmashCanNotSelect	无法选择
Maverick2RemainUnitCount	待分配单元{0}
Maverick2UnitCountUnlock	累积分配 <color=#fff21f><size=32>{0}</size></color> 点心智单元解锁
Maverick2MentalLvUnlock	心智等级达到 <color=#fff21f><size=32>{0}</size></color> 级解锁
Maverick2TalentLv	Lv.{0}
Maverick2TalentLock	天赋激活条件不足
Maverick2TalentUnEffect	天赋已被锁定，无法生效
Maverick2HelpSkillName	{0} · Lv.{1}
Maverick2HelpSkillUnlock	支援技能解锁
Maverick2RobotlUnlock	新角色解锁
Maverick2TalentLvUpNoEnough	心智单元数量不足升级
Maverick2ChapterCompleteProgress	{0}%
GuildWarEditPathCantLink	无法连接至此节点，请重新尝试
GuildWarTwinsChildDetail	击破后合体，节点残余血量越少，合体血量越少
GuildWarTwinsRootDetail	BOSS可恢复伏兵10%的最大血量
RedText	<color=#ff1831>{0}</color>
GachaMinCount	特殊奖励保底：{0}/{1}
GuildWarTeamAreaResetDialogTitle	本次挑战记录高于上次记录，确认重置？
GuildWarTeamAreaMemberLocked	该角色已被锁定在其他编队中，无法上阵
GuildWarTeamAreaSelfMemberChange	角色已在编队{0}中，是否直接上阵？
GuildWarTeamAreaAssitantMemberChange	3场战斗最多只能使用2个支援角色
GuildWarTeamNumber	编队{0}
MovieSpeed	倍速 {0}
EpicGachaLayer0	核心层
EpicGachaLayer1	第一层
EpicGachaLayer2	第二层
BuySpeedLimit	兑换操作过快
ConfirmSpeedLimit	操作过快
GuildIsKickMemberInGuildWarTime	正处于众志行征作战期间，确认开除此成员？
GuildDialogKickMemberTitle	开除成员
DormSkipToNewDrawMainContent	即将离开宿舍，跳转至研发界面。确认进行跳转？
ClearMinimumGuarantee	已获得所有特殊奖励
GuildWarTeamAreaSetMemberSuccess	上阵成功
GuildWarTeamAreaTitle	上阵提示
GuildWarFormationTeamTitle	作战编队【{0}】
GuildWarTeamAreaFormationChangeError	编队中已经存在支援角色，无法切换
GuildWarTeamAreaUploadSuccess	记录上传成功
GuildWarTeamAreaUploadError	暂无更高挑战记录，无法上传
StartFight	开始战斗
StartPlay	开始播放
SetJoyStickNotSwap	该按键已被占用，无法被手动配置
SetSingleKeyConflict	当前组合键中的按键正被互斥行为占用，请先调整互斥行为的按键设置。\n被占用按键：{0}\n互斥行为：{1}
UiFubenQxmsSwitchRobotRole	切换试玩角色
UiFubenQxmsSwitchOwnRole	切换自有角色
UiFubenQxmsNotOwnRoleTips	无可用角色，无法切换至全悉视角
UiFubenTipTitleContent	在之前的{0}战斗中
UiFubenTipMainLineContent	主线剧情
EnterNoTips	进入不再提示
NewRecord	(新纪录!)
PcKeyBoardButtonNoCusTip	键鼠模式下不可修改该键位，请在键位2进行配置
MazeHasGetTicket	今日谜境通行票已发放
MazeCharacterNone	请先选择一同进入谜境的角色
MazeQuickPass	已开启快速通关
MazeQuickPassDesc	当指挥官与任意角色通关关卡后，再次与该角色进入关卡，会在关卡内开启快速通关传送点。\n当指挥官与3个构造体通关关卡后，和任意构造体进入关卡都会开启快速通关传送点。\n在关卡内进入快速通关传送点后，会直接传送至迷宫的终点。
MazeStoryBegin	云雀的歌声
MazeStoryUnlock	和{0}通关后解锁
MazeStoryLock	该剧情尚未解锁
MazeStoryStart	{0}\n<size=26>开场</size>
MazeStoryEnd	{0}\n<size=26>结束</size>
UiFubenStoryJumpPopupNextTitle	下一章节
UiFubenStoryJumpPopupHideTitle	隐藏剧情
UiFubenStoryJumpPopupPrequelTitle	简章
UiFubenStoryJumpPopupContent	{0}已开放！
RpgMakerGameStageInXf	测试服暂不开放
UiSetBtnTabTouchName	手机键位
UiSetPCBtnTabTouchName	界面布局
PlanetRunningTipHaveGame	已有一局游戏
PlanetRunningTipNoGame	尚未开始游戏
PlanetRunningNoCycle	该建筑不可回收
PlanetRunningCantBuild	该地块不可建造
PlanetRunningMaxBuild	建筑建造数量已达上限，无法建造
PlanetRunningTalentBuildHold	持有:{0}
PlanetRunningTalentCardLock	通关{0}后解锁
PlanetRunningNextWeather	{0}圈后进入
PlanetRunningStageNextWeather	{0}圈后
PlanetRunningStageCurTurn	已环游{0}圈
PlanetRunningRound	{0}圈
PlanetRunningTeamIsFull	队伍已满人
PlanetRunningIsInTeam	同伴已在队伍中
PlanetRunningCharacterIsLock	同伴未解锁
PlanetRunningChapterNoOpen	章节未开启
PlanetRunningInQuickBuild	快速回收模式中无法建造
PlanetRunningQuickBuildOpen	快速回收已开启
PlanetRunningQuickBuildClose	快速回收已关闭
PlanetRunningNoEnoughCoin	所需资源不足
PlanetRunningClearBuildTitle	确定回收?
PlanetRunningClearBuildContest	确定要回收星球上所有建筑吗
PlanetRunningTipSure	确认
PlanetRunningTipCancel	取消
CanNotClaimRewardsRepeatedly	无法重复领取奖励
DefaultKeyCodesTip	当前操作类型所有按键映射将恢复默认设置，是否继续？
PlanetRunningBossRound	{0}/{1} 圈
PlanetRunningNoLeader	当前队伍为空，请先设置队伍
PlanetLevelText	等级{0}
UiMonsterCombatChapterOpenTime	{0}开启
UiMonsterCombatChapterClearUnlock	通关{0}章节解锁
UiMonsterCombatChapterNotOpen	章节未开启
UiMonsterCombatChapterNotClear	{0}章节未通关
UiMonsterCombatStageNotClear	未通关
UiMonsterCombatStageDetailScoreDesc	最高作战记录：{0}
UiMonsterCombatCheckMonsterNil	怪物不能为空
UiMonsterCombatMonsterFightTimeDesc	{0}s
UiMonsterCombatMonsterCoolingTimeDesc	[冷却时间：{0}s]
UiMonsterCombatMaxAllScore	{0}
UiMonsterCombatMaxAllHistoryScore	{0}
UiMonsterCombatMonsterNotUnlock	未解锁
PlanetConfigChangeKickOutContext	内容更新，请重新登录！
PlanetConfigChangeKickOutTitle	提示
PlanetRunningBuildBanned	当前关卡不可携带该建筑图纸
PlanetRunningBuildSureBring	当前关卡必须携带该建筑图纸
PlanetRunningBuildBringInLimit	携带建筑图纸数量已达上限
PlanetRunningStageFullName	{0}：{1}
PcRechargeCloseTip	该功能无法使用，请前往移动端
PcPurchaseBuyHongKaCountTips	虹卡数量不足，请前往移动端
PcUnableFullScreen	当前仅支持2560×2048及以下分辨率开启全屏模式
PcControllerTypePollingIntervalTip	检测到使用了新的手柄设备，请在键位设置界面确认设备型号是否正确
JoystickSimulatedBehaviorClose	手柄虚拟指针功能已关闭
JoystickSimulatedBehaviorOpen	手柄虚拟指针功能已开启
FitterCharCareer	适配成员职业
FitterCharElement	适配成员能量
SlotMachineTimeNotOpen	活动未开放
SlotMachineTimeEnd	活动已结束
SlotMachineTimeTextDesc	倒计时：
SlotMachineTipsLock	鲨鲨冰车未启动
SlotMachineTipsUnLockDesc	10次抽取必定获得隐藏款
SlotMachineTipsUnLock	当前次数:{0}/{1}
SlotMachineBtnStartLockName	{0}次点单
SlotMachineBtnStartUnLockName	{0}次点单
SlotMachineIsLocked	「鲨鲨冰车」奖池抽取完毕后开放
SlotMachineIsFinish	冰车已清空
SlotMachineTaskNumProcess	<size=40><color=#0f70bc>{0}</color></size>/{1}
SlotMachineLogNameText	{0}  {1}  {2}
SlotMachineLogScoreText	积分+{0}
SlotMachineRecoveryEndTips	积分已达上限，回收多出的抽取道具
SlotMachineCoinNotEnough	点单所需的道具不足，可通过任务获取
ReformMob	第{0}波
ReformMobAmount	敌兵数量：{0}/{1}
ReformMobAmountCanSelect	剩余:{0}
ReformMobLevel	危险:{0}
ReformNextStar	距离下一个积分还差<color=#ff8340>{0}</color>压力值
ReformLockedTip	通关{0}解锁
ReformDiffUnlockedTip	{0}高难已解锁!
ReformTaskStarNumber	<size=50><color=#168bd2>{0}</color></size>/{1}
ReformPressureMax	达到压力值上限
ReformAffixMax	词缀数量超过上限
ReformExtraStar	特殊目标：{0}
ReformRoleRoomStar	当前积分：    <color=#2272BF>{0}</color>
ReformRoleRoomPressure	当前压力值：{0}
ReformReset	是否重置选择
ReformFullStar	达到最大积分
SceneSettingUsing	使用中
SceneSettingLock	未解锁
SceneSettingNormal	同步主界面
SceneSettingObtain	已获得场景——{0}
CheckPaidGemTip	本次购买将消耗黑卡，确认购买？
FubenRepeatchallengeEndFightTime	作战时间已结束
CerbrusGameStoryProgress	剧情进度：{0}
CerbrusGameChallengeProgress	挑战进度：{0}
CerbrusGameChallengeLimit	击破光辉行进者后解锁
CerbrusGameChallengeLimit1	未到达开启时间，无法挑战
CerbrusGameChapterLineNameStory	<color=#875461>S T O R Y</color>
CerbrusGameChapterLineNameFight	F I G H T
TransfiniteLevel	(等级:{0}-{1})
TransfiniteTime	本期剩余时间:<color=#0e70bd><size=32>{0}</size></color>
TransfiniteTimeFight	{0}
TransfiniteTimeReset	当前章节未完成，是否重置挑战
TransfiniteTimeLockTeam	开启挑战后将无法调整阵容，是否继续
TransfiniteTimeLockTeam2	无法修改阵容
TransfiniteTimeLowOnMember	所选成员不足三人，是否继续挑战？\n开启挑战后将无法调整阵容
TransfiniteSave	是否保存本关挑战成绩
TransfiniteSettle	结算
TransfiniteSave2	当前队伍中有角色<color=#0E70BD>死亡</color>，保存成绩后<color=#0E70BD>无法</color>在接下来的战斗中出场
TransfiniteStageNotStartAnchorTips	关卡不是起始锚点
CerbrusGameTeamLimit2	需要上阵{0}
EquipOverrun	武器谐振
EquipOverrunActiveTips	<color=#FF0000FF>（武器谐振吸收激活）</color>
EquipOverrunNotEquip	武器未装备
EquipOverrunActive2	当前武器穿戴成员可额外激活意识二件套效果
EquipOverrunActive4	当前武器穿戴成员可额外激活意识四件套效果
EquipOverrunActive6	当前武器穿戴成员可额外激活意识六件套效果
EquipOverrunNotActive	<color=#FF0000FF>当前武器穿戴成员无意识套装效果可额外激活</color>
EquipOverrunBlindNotMatchTips	该武器绑定意识套装与穿戴角色不匹配，谐振吸收效果无法生效，是否继续？
EquipOverrunActive	谐振激活
EquipOverrunLevelUpTips	是否要对<color=#0E70BD>【{0}】</color>进行谐振？
EquipOverrunActiveEffectTips1	可额外激活{0}件套意识套装效果，是否要激活并绑定<color=#0E70BD>【{1}】</color>?
EquipOverrunActiveEffectTips2	无意识套装效果可额外激活，是否要激活并绑定<color=#0E70BD>【{0}】</color>?
TransfiniteRewardReceive	已领取
TransfiniteTimeExtra	{0}秒内通关可获得额外算符
TransfiniteTimeExtra2	{0}秒内通关
TransfiniteTimeExtra3	<color=#ee2746>{0}秒内通过可获得额外奖励</color>
TransfiniteRewardCanReceive	可领取
TransfiniteNotRewardCanReceive	没有奖励可领取
TransfiniteLockGoOn	当前成绩未达标无法解锁下一关，是否要重新挑战
TransfiniteLockGoOn2	本关卡挑战未达成，是否重新挑战本关卡
TransfiniteLockGoOn3	当前队伍中有角色阵亡保存成绩后在接下来的战斗中无法再使用，本关卡挑战未达成，是否重新挑战本关卡
TransfiniteLockGoOn4	当前队伍中有角色阵亡保存成绩后在接下来的战斗中无法再使用，是否重新挑战本关卡
TransfiniteRechallenge	重新挑战
TransfiniteGoOn	继续挑战
TransfiniteResult	<b>指挥官<color=#0093df>{0}</color>于<color=#0093df>{1}</color>，进行了<color=#0093df>{2}</color>的挑战</b>
ItemRebackTips	每{0}分钟会自然恢复{1}点
EquipResonanceCharBlind	成员已绑定
EquipResonanceCharChange	更换成员
EquipResonanceCharSelect	绑定成员
EquipResonanceCharDisable	选择成员
EquipResonanceItemBlind	材料已选择
EquipResonanceItemSelect	消耗材料或武器
EquipResonanceItemSelect2	消耗材料或意识
EquipResonanceItemDisable	选择材料
EquipResonanceItemNoConsume	无材料消耗
EquipResonanceSkillBlind	技能已绑定
EquipResonanceSkillChange	更换技能
EquipResonanceSkillSelect	绑定技能
EquipResonanceSkillDisable	选择技能
EquipResonanceRandomSkill	随机技能
EquipLevel	等级
ItemOwn	拥有
ItemCost	消耗
EquipWeaponBtnName	共鸣&谐振
EquipAwarenessBtnName	共鸣&超频
EquipResonanceName	共鸣
EquipOverrunClickTips	谐振吸收功能未解锁，无法绑定意识
EquipOverrunUnlockTips	80级解锁谐振
EquipStrengthenExpOverflowTips	当前选中的强化材料经验溢出较多， 溢出经验无法保留，是否继续？
Theatre3EquipExchange	交换
Theatre3EquipExchangeSuitSite	请选择要更换位置的套装
Theatre3EquipCapcityTip	该位置容量已达上限
Theatre3EquipSiteTip	同个套装的装备只能装备在同个位置
Theatre3EquipExchangeSuitTip	确认将[{0}]与[{1}]位置交换
Theatre3EquipExchangeEmptySuitTip	确认将[{0}]置入空槽{1}
Theatre3EquipRebuildEquipTipBtn	选择
Theatre3EquipRebuildEquipTip	重铸后[{0}]将消失，是否继续
Theatre3EquipRebuildSuitComplete	已集齐的套装不可作为重铸目标
Theatre3SettlementTipTitle	藏品效果
Theatre3EquipRebuildTimes	重铸次数：
Theatre3EquipRebuildNoTimes	剩余次数不足
Theatre3EquipRebuildCloseTip	还有剩余次数，是否确定离开界面？
Theatre3SaveTeamSettingTip	尚未进行修改
Theatre3SetTeamBackTip	修改未保存，是否保存
Theatre3RoleJoin	编入
Theatre3RoleExit	下阵
Theatre3EnergyNoEnoughTip	招募能量不足
Theatre3AdventureOptionSelectTip	请先选择选项！
Theatre3AdventureSuitBtnName	套装
Theatre3AdventurePropBtnName	藏品
Theatre3AdventureBtnBattleName	出击
Theatre3AdventureBtnStartName	开始演算
Theatre3SettleRewardTip	是否暂停演算，回到主界面
Theatre3GiveUpTitle	提示
Theatre3GiveUpContent	是否确认终止演算？\n将<color=#998f72>重置正在进行的演算</color>并进入<color=#998f72>结算流程</color>重置正在进行的演算
Theatre3EndFightRewardTitle	提示
Theatre3EndFightRewardContent	有尚未领取的奖励，是否确认结束领取？
Theatre3EndShopTitle	提示
Theatre3EndShopContent	是否结束购物
Theatre3ShopItemBuyTip	该商品已售出
Theatre3PlayRoleNoEquipTip	该角色无装备
Theatre3RestartTipsDesc	算力单元不足
Theatre3EquipExchangeTimes	交换次数：
Theatre3EquipTimes	<color=#00487c><size=60>{0}</size></color>/{1}
Theatre3EnergyUnused	招募能量{0}
Theatre3EquipBackTip	是否离开演算？
Theatre3EquipShowTitle	成员套装
Theatre3EquipRebuildTitle	请选择装备进行重铸
Theatre3EquipEmptySlotTip	当前槽位暂无角色，是否继续选中？
Theatre3EnergyNum	<color=#356a91>{0}</color><size=55>/{1}</size>
Theatre3EnergyQuantumNum	<color=#ffffff>{0}</color><size=55>/{1}</size>
Theatre3EquipSuitNumNewLine	{0}
Theatre3SetBagBtnName	置入
Theatre3RoleRoomTitle	当前槽位套装配置
Theatre3ItemDetroy	经过{0}场战斗后销毁
Theatre3TxtFightResult	{0}W
Theatre3TxtFightResultEquipNumber	<color=#5A83AE>{0}</color>/{1}
Theatre3AchievementProcess	已完成数量：<color=#66b2ec>{0}</color>/{1}
Theatre3CantSwitchChapter	当前线路不可切换
Theatre3EquipQuantumSelectTitle	选择套装熵变
Theatre3EquipQuantumTimes	剩余次数：
Theatre3EquipQuantumTipContent	是否确定将[{0}]熵变？
Theatre3EquipQuantumTitle	熵变
Theatre3AlreadyQuantum	该装备已熵变！
Theatre3RefreshTimes	剩余次数 {0}/{1}
Theatre3RefreshBoxTip	算力单元不足
UnWearAwareness	未穿戴意识
UiCharacterUniframeBubbleV2P6Text	此类机体为特遣区使用的机体，拥有专属的独域技能(闪袭、终结技）
EmptyCharacter	暂无可选成员
EmptySupporter	暂未有好友/指挥局成员提供支援角色
UiCharacterCareerTipsV2P6	职业详情
UiCharacterElementDetail	能量详情
FashionHeadLiberation	泛用式·终阶
FilterAwarenessEmpty	暂未拥有该部位意识
CurrentFilterSuit	套装筛选：{0}
SummerEpisodeMapUnLock	{0}解锁
CharacterQualityActiveEnable	可进化
TurntableTime	剩余时间：{0}
TurntableTimes	已转动{0}次
TurntableNoItemTip	已抽取所有道具
TurntableRotateTimes	转动{0}次
TurntableRecordNum	仅显示最近{0}条记录
FashionStoryTrialPreStagePassTip	通过{0}关卡后解锁
FashionStoryTrialOutTime	{0}解锁
FavorabilityDropDownJPNCV	日语：
FavorabilityDropDownCNCV	普通话：
FavorabilityDropDownENCV	英语：
FavorabilityDropDownHKCV	粤语：
TransfiniteTeamMemberDead	当前成员已被淘汰
TransfiniteRepeatChallengeStage	重新挑战
TransfiniteBeginChallengeStage	开始挑战
EquipStrengthenNoItemTips	所选升级道具不足
RomanOne	Ⅰ
RomanTwo	Ⅱ
RomanThree	Ⅲ
RomanFour	Ⅳ
RomanFive	Ⅴ
RomanSix	Ⅵ
RomanSeven	Ⅶ
RomanEight	Ⅷ
RomanNine	Ⅸ
RomanTen	Ⅹ
FashionStoryGroupPassTip	通过{0}章节后解锁
FashionStoryGroupOutTime	未处于开启时间
CharacterExhibitionGroupNullText	Punishing
TransfiniteTimeExtra4	<color=#64EE64>{0}秒内通过可获得额外奖励（已达成）</color>
BlackRockChessMoveInterval	行动间隔：{0}
BlackRockChessStageUnlock	需要通关前置关卡才解锁
BlackRockChessPreStageUnlock	通关{0}解锁
BlackRockChessArchiveUnlock	剧情暂未解锁
BlackRockChessSkillUnlock	技能暂未解锁
BlackRockChessWeaponUnlock	武器暂未解锁
BlackRockChessChessUnlock	棋子暂未解锁
BlackRockChessOtherFightTip	正在挑战其他关卡
BlackRockChessCoinTip	金币不足
BlackRockChessShopRefreshTip	商店刷新次数已达上限
BlackRockChessPrepareLimitTip	备战栏棋子已达上限
BlackRockChessPrepareMoreTip	备战栏棋子已超上限
BlackRockChessLayoutLimitTip	上阵棋子已超上限
BlackRockChessPrepareBar	可上阵：{0}/{1}
BlackRockChessShopCloseCoinTip	当前还有可购买商品，结束交易后金币将清空，是否继续结束交易
BlackRockChessTipBtnText1	继续购买
BlackRockChessTipBtnText2	结束交易
BlackRockChessShopClosePieceTip	当前还有棋子可上阵，是否直接开始作战
BlackRockChessTipBtnText3	上阵并开始
BlackRockChessTipBtnText4	直接开始
BlackRockChessShopCloseClashTip	当前有棋子与其他棋子位置存在冲突
BlackRockChessShopSellOutTip	该商品已售罄
BlackRockChessFightNodeEnter	进入下一关
BlackRockChessSellPiece	暂无棋子可出售
BlackRockChessDontSwitchStage	挑战中无法切换
UiNewActivityCalendarBeginCountDown	准备中:{0}
UiNewActivityCalendarEndCountDown	进行中:{0}
FavorabilityCharacterSelectOverflowTips	最多可选4名助理
ExpensiveItemExpiration	珍稀道具到期
TransfiniteTimeExtra5	{0}秒内通关可开启14关挑战
TransfiniteTimeExtra6	<color=#64EE64>{0}秒内通关可开启14关挑战（已达成）</color>
TransfiniteTimeExtra7	<color=#ee2746>{0}秒内通关可开启14关挑战</color>
FavorabilityCharacterSelectChangeTips	您已做出修改，是否保存后退出？
PcMouseButtonAttack	攻击
PcMouseButtonDodge	闪避
RiftChapterPrivilegeTarget	权限解锁
RiftSeasonStart	{0}已开启
RiftLayerUnlockTip	通关{0}后解锁
FavorabilityStoryCharName	{0} {1}
FavorabilityStoryNoOne	暂无剧情数据
RiftReNameTitle	请输入预设模板名称
RiftReNameSuccess	预设模板改名成功
RiftPluginFilterTagName	{0}星
RiftGoldTagName	超源
RiftOneKeyEquipTip	一键装备会将当前装备的插件全部卸下，是否继续？
RiftPluginBuySuccess	解锁成功！
RiftSweepForbidTip	至少通关一个维域后才能执行云端回溯
RiftDropAddition	掉落加成
RiftExtraDrop	额外掉落
RiftChangeAddition	转化加成
ConnectingLineReset1	重置关卡
ConnectingLineReset2	是否重置当前关卡
ConnectingLineMoney	【黑金熊卡】不足，无法开启关卡
ConnectingLineStage	第{0}关：{1}
ConnectingLineTextReward	通关奖励
ConnectingLineHole	此地块无法通行，换条路吧。
ConnectingLineCompleteStage	已完成该关卡
ConnectingLineUnlockTime	{0} 解锁
LessThan	小于
RiftSeasonLock	{0}解锁
RiftChapterRankLock	{0}暂未开启
RiftPluginLock	{0}掉落
RiftPluginBuy	通关{0}可解锁
RiftHandbookTitle	{0}星图鉴
RiftHandbookNoEffect	暂未获得加成
RiftMopupForbid	当前竞技未首通，无法消耗充能值获取奖励
RiftAttrLimitMaxCanUnlockTip	已达属性点上限，完成更多竞技可解锁上限
RiftAttrLimitMaxTip	已达属性点上限
RiftFightError1	时序已变更，无法进入战斗
RiftFightError2	关卡未解锁
RiftPluginNoGain	未获得
RiftOneKeyEquipFail	没有适合当前角色的插件
CharNeedWearSixStarEquip	成员尚未穿戴6星意识或武器！
CharNeedWearSixStarEquip2	请先穿戴6星意识再进行操作！
SettleWinTutorialSyncTeaching	已同步通关赛利卡补习班：{0}
SettleWinTutorialSyncPractice	已同步{0}：{1}
PreloadIndexDownloadFail	预下载文件列表下载失败
PreloadPreIndexLoadFail	解析预下载文件列表失败
PreloadDisable	当前无需预下载
PreloadNone	预下载
PreloadStart	开始预下载
PreloadCheckIndex	检查预下载文件清单
PreloadResolveIndex	分析预下载文件列表
PreloadDownloading	正在预下载文件…
PreloadPausing	预下载暂停中…
PreloadPause	预下载已暂停
PreloadComplete	预下载完成
PreloadBtnLabelPreload	预下载
PreloadBtnLabelPause	暂停下载
PreloadBtnLabelPausing	暂停中
PreloadBtnLabelResume	恢复下载
PreloadBtnLabelDownloading	下载中
PreloadBtnLabelComplete	已完成预下载
PreloadBtnLabelFull	全速下载
PreloadBtnLabelFullExit	退出全速
PreloadNetworkTip	当前非wifi状态，是否继续下载？
PreloadScrollTip	正在预下载
PreloadPauseScrollTip	预下载暂停中…
PreloadHasScrollTip	有可预下载内容！
PreloadErrorTip	受网络波动影响，部分资源下载失败，点击确定可重新尝试下载
PreloadLeftTime	预计时间：
PreloadCheckSubPackage	当前游戏必要资源未下载，需要先下载必要资源包才可以进行预下载
PreloadSkipSubPackage	前往下载
PreloadFullDownloadTip	开启全速下载期间，需要停留在下载界面至所有已开始下载内容下载完成，期间可退出全速下载模式，是否要开始全速下载？
PreloadUnableToExit	需要退出全速下载模式才可以进行该操作，是否确认？
PreloadFixErrorDownload	检查文件中
FileChecking	检查中
QuitFullDownloadTip	已退出全速下载状态
NewCharActivity	进度：{0}/{1}
RandomFashionAllSelect	已全部编入
RandomFashionAllCancel	已恢复默认
RandomFashionLeastSelectOne	至少选中一个随机组合
RandomFashionSaveSuccess	预设保存成功
SingleStoryQuitText	确定退出生日剧情？\n单人邀约剧情可以在图鉴中查看。
SingleStoryInviteText	邀请{0}
SingleStoryInviteContentText	你确定要和【{0}】一起共度生日吗？
StrongholdPluginAddAttr	攻击力 <color=#03AE00>+{0}</color>
StrongholdTeamEmpty	请配置编队
StrongholdPowerCondition	上阵成员平均战力参数达到{0}/{1}
StrongholdQuickDeployTitle	当前修改未保存，是否退出
StrongholdQuickDeployBack	直接退出
StrongholdQuickDeploySave	保存并退出
AssistAndCoatingOnlyOne	单个助理且无可随机涂装
FubenBossSingleRankEmpty	晋升<color=#34AFF8>高级区</color>后开启排行榜
ResonanceBindCharNotCur	共鸣技能没有绑定当前角色
AwarenessNeedMaxLvAndResonance	需要意识满级并共鸣后才可进行超频操作
KickOutRestart	游戏资源已更新，请重新启动
DlcCasualDifficultyLocked	困难模式未解锁
DlcRubikCubeTeamScore	团队得分：<color=#0F70BC>{0}</color>
DlcRubikCubePlayerScore	得分：{0}
DlcCasualCubeTopRank	<color=#{0}>{1}</color>
DlcCasualPlayerRoomAutoCreate	当前匹配人数过多，已自动创建房间
DlcCasualPlayerRoomLevel	等级<color=#0F70BC><size=32>{0}</size></color>
DlcCasualPlayerRoomChangeWorld	已切换至{0}
DlcCasualTeamScore	团队积分<color=#00ffffff><size=34>{0}</size></color>
DlcCasualLoadingComplete	就绪
DlcRoomAddLikeSuccess	点赞成功
BossSingleDetailAllScore	<color=#0E70BDFF>{0}</color>
ActivityOpenMonthDayTime	{0}月{1}日开启
StartEnhance	{0}开启跃升
EnhanceTip	跃升提醒
AnniverReviewPlayDays	<color=#ffe1a6>{0}</color>
AnniverReviewSignUpDay	{0}天
ShopAlreadyHasCharacterTip	已拥有该角色
ShopAlreadyHasEquipTip	已拥有该武器
ShopAlreadyHasPartnerTip	已拥有该辅助机
FangKuaiStageCondition	{0}解锁
FangKuaiItemFull	道具已满，\n溢出道具转化为狂热值
FangKuaiReset	是否重置当前关卡
FangKuaiRankDetailsTitle	分数档位——{0}
FangKuaiResetTime	活动剩余时间：{0}
FangKuaiActivityEnd	活动已结束
FangKuaiOtherPlaying2	存在未结算的对局需处理
FangKuaiAbandonTip	是否放弃本局游戏？
FangKuaiPreStageLock	需要先通关{0}关卡
FangKuaiActivityProgress	进度:{0}/{1}
FangKuaiMaxFrozenTip	冻结已达上限，无法使用
FangKuaiRandomBlock1	所有
FangKuaiRandomBlock2	进行{0}效果
FangKuaiRandomLine1	随机一行，生效{0}效果
FangKuaiUseConvertTip	无生效对象，无法使用
FangKuaiDifficultLockTip	通关常规模式后解锁
FangKuaiGoToDifficult	前往拓展
FangKuaiRestart	重新开始
FangKuaiAdvanceSettle	是否以当前成绩提前结算
FangKuaiCollectionTitle	藏品已升级
AnniverReviewAwarenessProcess	{0}/{1} 序列位
AnniverReviewMainLineProcess	{0} {1}
AnniverReviewReportLoveLabel	好感度达{0}的成员数量
AnniverReviewSavePhotoSuccess	保存成功
AnniverReviewShareErrCodeUnInstalled	分享失败，应用未安装
AnniverReviewShareErrCodeInvalidParameter	分享失败，传递参数错误
AnniverReviewShareErrCodeImageExceedsTheSizeLimit	分享失败，图片大小超过限制
AnniverReviewShareErrCodeInvalid	分享失败，存在未知的错误
AnniverReviewShareErrCodeInPC	分享失败，应用平台不支持
AnniverReviewShareReward	首次分享可获{0}
ToolMoreThenThreeMonth	>3个月前
PayQuickBuyAmount	￥{0}
PayQuickBuyNumber	x{0}
PayQuickBuyDesc	充值<color=#0f70bc>{0}</color>元获得<color=#0f70bc>{1}</color>虹卡
MailInvalidation	已失效
MailCanCollect	收藏
MailCanReceive	领取
AccumulateExpendMaxProgress	{0}(MAX)
TempleScore	获得<color=#C84C00>{0}</color>分
TempleRow	行
TempleColumn	列
TempleStageLockPreStage	请先完成上一关卡，才可解锁本关卡
TempleStageLockTime	未到开放时间
TempleTimeUnlock	{0}后解锁
TempleAbandon	是否放弃当前关卡
TempleRestart	是否重新开始?
TempleStageContinue	有其他关卡正在进行中
TempleRechallengeStage	是否确认挑战此关卡?\n再次挑战，现有拼图将会被新的拼图覆盖掉
TempleTask1001	新禧任务
TempleTask1002	倾诺任务
TempleTask1003	宵晖任务
TempleFailInsert	摆放失败
TempleMessage1	新春贺言
TempleMessage3	元夕祝词
MailHyperLink	<color=#34AFF8><u>{0}</u></color>
GachaLamiyaFashionBtn	替换涂装
GachaLamiyaBgBtn	立即使用
GachaLamiyaRewardTitle1	已获得历程奖励——{0}
GachaLamiyaRewardTitle2	历程奖励——{0}
GachaLamiyaSettingSuccess	设置成功
GachaLamiyaTime	剩余：{0}
GachaLamiyaFashionDesc	* <color=#0E70BD>武器涂装</color>  可从【历程奖励】中获取
GachaLamiyaItemNoEnough	道具不足10个
HeroSdkNotInit	SDK初始化中，请稍后重试(3)
TeamEntityNoEnoughTip	本关卡需要上阵3名队员
BattleRoleRoomNoGeneralSkillTips	当前队伍无可激活效应
QuickResonanceCost	<color=#0F70BCFF>{0}</color>/{1}
QuickResonanceCostNoEnough	<color=#EE2323FF>{0}</color>/{1}
QuickResonanceNotSixStarEquipTips	需要装备6星意识才可以使用此功能！
QuickResonanceNotEnoughItemTips	6星意识自选共鸣材料不够！
GachaAlphaFashionBtn	替换涂装
GachaAlphaBgBtn	立即使用
GachaAlphaRewardTitle1	已获得历程奖励——{0}
GachaAlphaRewardTitle2	历程奖励——{0}
GachaAlphaSettingSuccess	设置成功
GachaAlphaTime	{0}
GachaAlphaFashionDesc	* <color=#0E70BD>武器涂装</color>  可从【历程奖励】中获取
GachaAlphaItemNoEnough	道具不足10个
GachaLuciaFashionBtn	替换涂装
GachaLuciaBgBtn	立即使用
GachaLuciaRewardTitle1	已获得历程奖励——{0}
GachaLuciaRewardTitle2	历程奖励——{0}
GachaLuciaSettingSuccess	设置成功
GachaLuciaTime	{0}
GachaLuciaFashionDesc	* <color=#0E70BD>武器涂装</color>  可从【历程奖励】中获取
GachaLuciaItemNoEnough	研发剩余不足10次
GachaSelenaFashionBtn	替换涂装
GachaSelenaBgBtn	立即使用
GachaSelenaRewardTitle1	已获得历程奖励——{0}
GachaSelenaRewardTitle2	历程奖励——{0}
GachaSelenaSettingSuccess	设置成功
GachaSelenaTime	{0}
GachaSelenaFashionDesc	* <color=#0E70BD>武器涂装</color>  可从【历程奖励】中获取
GachaSelenaItemNoEnough	研发剩余不足10次
GachaBiankaFashionBtn	替换涂装
GachaBiankaBgBtn	立即使用
GachaBiankaRewardTitle1	已获得历程奖励——{0}
GachaBiankaRewardTitle2	历程奖励——{0}
GachaBiankaSettingSuccess	设置成功
GachaBiankaTime	{0}
GachaBiankaFashionDesc	* <color=#0E70BD>武器涂装</color>  可从【历程奖励】中获取
GachaBiankaItemNoEnough	研发剩余不足10次
ResonanceSuccess	共鸣成功
AwarenessResonancePos1	上位共鸣
AwarenessResonancePos2	下位共鸣
AwarenessAwakePos1	上位超频
AwarenessAwakePos2	下位超频
ResonanceTokenCost	<color=#0E70BD>{0}</color>/{1}
ResonanceTokenCostNoEnough	<color=#EE2323>{0}</color>/{1}
ResonanceSelectTitleItem	选择1个消耗
ResonanceSelectTitleToken	选择1种消耗
ResonanceSameSkillTips	与目标共鸣技能相同，无需共鸣
ResonanceBackTips	返回将保存上次共鸣结果，是否确认？
RemainingBusinessTime	营业时间剩余：{0}
RemainingRedemptionTime	兑换时间剩余：{0}
RestaurantLevelText	店铺等级: {0}
QuickResonanceConfirmTips	消耗{0}个6星意识自选共鸣材料对{1}个部位进行快速共鸣，是否继续？
DlcMultiplayerInvitedLockedTips	指挥官{0}级解锁
DlcMultiplayerInvitedInRoomTips	已在房间内
DlcMultiplayerCurrencyReward	<color=#be4f2f>{0}</color>/{1} (+{2})
DlcMultiplayerCantInvitedTip	匹配中，无法邀请好友
DlcMultiplayerFullInvitedTip	房间已满，无法发送邀请
DlcMultiplayerInMatching	匹配状态下，无法查看好友详情
DlcMultiplayerInReady	准备状态下，无法查看好友详情
NameplateDescFormat	{0}\n\n{1}
HeadFrameOutTime	已过期
DunhuangSavePainting	尚未保存， 是否保存
DunhuangSaveSuccess	保存成功
DunhuangPaintingEmpty	请放置至少一张素材
DunhuangClear	确定清空？
BossInshotBossProgress	{0}/{1}
BossInshotTeamCharLimitTips	关卡最大上阵人数：{0}
BossInshotNextScoreLevelTips	{0}分可达到{1}等级
BossInshotFightTime	战斗时长:{0}
BossInshotBossUnlockTips	{0}后解锁
BossInshotSavePlaybackRepeat	该战斗录像已存在
BossInshotTalentUnlock	{0}天赋解锁
BossInshotDeletePlaybackConfirm	删除的录像不可恢复，是否确定删除？
BossInshotPlaybackDisabledTips	回放功能已禁用！
BossInshotFightTips	教学关尚未完成，是否立即前往？
DlcRoomKickOutTip	是否将该玩家踢出房间？
LottoKareninaRewardTitle1	获得武器涂装——{0}
LottoKareninaRewardTitle2	获得头像——{0}
LottoKareninaSettingSuccess	设置成功
LottoKareninaBgBtn	立即使用
LottoKareninaFashionBtn	替换涂装
LottoKareninaFashionDesc	* <color=#0E70BD>武器涂装</color>  可从【炸裂霓虹】活动中获取
LottoLunaFashionDesc	* <color=#0E70BD>武器涂装</color>  可从【罪妄月华】活动中获取
LottoVeraFashionDesc	* <color=#0E70BD>武器涂装</color>  可从【绮影凛然】活动中获取
LottoLifuFashionDesc	* <color=#0E70BD>武器涂装</color>  可从【绮愿稚梦】活动中获取
LottoCibeizheFashionDesc	* <color=#0E70BD>武器涂装</color>  可从【夜诏终章】活动中获取
DrawNeedChooseCharTip	需要先选择UP成员
CharacterGeneralSkillDesc1	效应：{0}
CharacterGeneralSkillDesc2	效应筛选：{0}
CharacterGeneralSkillAll	全部
CharacterGeneralSkillTip	点击选择无当前筛选效应的角色
LineArithmeticGoOnStage	有其它章节关卡正在挑战中，是否前往该关卡？
LineArithmeticChapterLock	章节未开放
LineArithmeticProgress	通关进度:{0}
LineArithmeticHasUnpassedGame	有其它关卡正在挑战中
LineArithmeticAbandon	是否放弃本关
LineArithmeticHelpText	又见面啦，欢迎来到赛利卡补习班。
LineArithmeticTarget	目标{0}
LineArithmeticStageLock	通关前置关卡可解锁
LineArithmeticManualSettle	是否结算当前关卡
LineArithmeticPassAll	已通关
LineArithmeticUnlockChapter	{0}后开放
LineArithmeticShotPlease	先进行发射操作
TutorialActivityLeftTime	<size=28>{0}</size>{1}
UIBattleRoleRoomBtnEnter	作战开始
UIBattleRoleRoomBtnConfirm	确定
DrawFreeTimeFormat	<size=24>({0}次)</size>\n免费
EquipNoEquip	未装备
EquipNoSixStar	非六星
EquipNoMaxLevel	未满级
EquipNoEquipTips	未装备意识，无法超频
EquipNoSixStarTips	非6星意识无法超频
EquipNoMaxLevelTips	未满级意识无法超频
EquipAwakeNoResonanceTips	需要先共鸣才可解锁超频功能
EquipAwakeSelectTips	请选择超频部位
EquipAwakeCostTips	消耗材料不足
EquipAwakeClickTips	已完成超频
GeneralSkillSupportFilterTip	支援角色不支持效应筛选
GeneralSkillCharacterEmpty	暂无角色拥有该效应
DrawOptionalPredictExpired	当前轮换预告已过期
WeekCardRoundName	第{0}轮
Theatre4SelectCollection	继承图纸
Theatre4PopupCommonTitle	提示
Theatre4ActionPointRemaining	尚有行动点未消耗，是否结束日程
Theatre4ActionPointZero	行动点不足，是否休息
Theatre4ExploreUnknownTip	未与<color=#D59D21>已探索区域相邻</color>，无法前往探索
Theatre4ExploreVisibleTip	无法前往
Theatre4ExploreObstacleGridTip	使用<color=#D59D21>【移平废墟】</color>对区域进行改造后可前往探索
Theatre4RetreatConfirm	是否确定终止战斗
Theatre4ExploreBtnName	开始探索
Theatre4EnterBattleBtnName	进入战斗
Theatre4RecruitBtnName	代理作战
Theatre4NotExploreBtnName	行动点不足
Theatre4ExploreVisibleBtnName	区域未连通
Theatre4GridHasExplored	区域已探索
Theatre4ChooseGeniusRefresh	刷新 （{0}/{1}）
Theatre4BuyAssetDiscountText	{0}折
Theatre4ShopRefresh	刷新({0}/{1})
Theatre4ShopStockNotEnough	库存不足
Theatre4RefreshTimesNotEnough	刷新次数不足
Theatre4ChoosePropLimitContent	图纸已满是否选择
Theatre4ShopBuyLimitContent	图纸已满是否购买
Theatre4GeniusSelectContent	选择{0}支援
Theatre4BuildSuccess	建造成功
Theatre4BuildSelectBlock	请选择地块
Theatre4BuildingCountLimited	当前建筑数量已达上限
Theatre4GridNotProcessed	区域未完成
Theatre4GridHasProcessed	区域已完成
Theatre4BuildingGridIsNotEmpty	区域未清空
Theatre4GridNotInView	区域未与已探索区域相邻
Theatre4ChangeGridTypeTypeNotSupport	不支持移除
Theatre4GridColorIsSame	区域颜色相同
Theatre4GridNotSupportChangeColor	该区域不可调整颜色
Theatre4AssetNotEnough	{0}资产不足
Theatre4ItemExpire	{0}图纸,已过期销毁
Theatre4ItemTimeLeft	剩余{0}天
Theatre4EventOptionNoSelect	请选择选项
Theatre4RestartTipsDesc	货币不足
Theatre4HistoryMapInoperable	旧地区无法返回
Theatre4DailySettleGoldLimitTips	（上限{0}）
Theatre4EventRemainTime	(剩余:{0}天)
MainLineChapterNewTag	新章节
MainLineChapterTimeLimitTag	限时开放
SetNumberEmptyTips	设置值不能为空
SetNumberOutRangeTips	设置值超出范围
LogUploadNoNeed	当前没有可上传的日志文件
LogUploadTimeLimit	上传次数过于频繁，请稍后再试
LogUploadProgress	日志上传中
LogUploadSuccess	上传成功
LogUploadFail	上传失败
LogUploadAgree	请勾选下方确认内容后开始上传
Password3GameLimitFail	输入已达上限
DrawFilterDefaultTagName	通过成员筛选
SucceedBossActivityNotOpen	不在活动时间内
SucceedBossChapterNotOpen	章节尚未解锁
SucceedBossOtherChapterInBattle	其他章节正在战斗中
SucceedBossChooseWeakness	尚未选择章节弱点
SucceedBossTeamInvalidCount	必须编入3名成员才能进行战斗
SucceedBossTeamInvalidFirstPosOrCaptain	首发成员与队长不能为空，请重新调整编队
SucceedBossCanNotChangeWeakness	章节正在战斗中，无法修改章节弱点
SucceedBossMonsterFought	已战胜该敌人
SucceedBossChooseGarrison	需要选择一位成员进行驻守
SucceedBossResetDialogContent	重置将会清空当前章节的挑战进度与编队记录，是否确认？
SucceedBossAlreadyGarrisoned	该成员已经驻守
SucceedBossChapterTimeEnd	不在活动时间内
SucceedBossChapterStageCanNotSweep	该章节当前关卡不可扫荡
SucceedBossCanNotSweepMonsterPass	当前敌人尚未首通，不可扫荡
SucceedBossCanNotSweepMonsterScore	单次挑战中章节最高分达到{0}才能扫荡本难度
SucceedBossCanSweep	可扫荡
SucceedBossCanNotSweep	{0}分可扫荡
SucceedBossChapterLockTimeTips	{0}月{1}日解锁
SucceedBossChapterLockTimeEnd	不在活动时间内
SucceedBossChapterLockPreTips	通关前置章节解锁
SucceedBossElementNotSelect	尚未选择属性弱点
SucceedBossLock	需通关上一难度解锁
SucceedBossWeaknessUnuseful	队伍中有与关卡弱点不一致的角色，是否继续进入战斗
SimulateTrainBossUnlockTips	{0}后解锁
Temple2StageOngoing	有关卡正在进行中
Temple2End	已结束
Temple2Start	开始
Temple2Path	游览
Temple2Grid	地块
Temple2ChapterStart	距离开始还有{0}
Temple2PathFail	路全被堵住了( ╯□╰ )，请调整放置的地块
Temple2PreStage	请先完成上一关
Temple2NoRecord	无历史记录
Temple2UnlockAfterTime	{0}后解锁
LinkICPFilingContent	<i><color=#0e70bd><a href=|{0}|>粤ICP备18069368号-7A</a></color></i>
LinkICPFilingContentCloudGame	<i><color=#0e70bd><a href=|{0}|>粤ICP备18069368号-17A</a></color></i>
PlayerGenderSetSuccessTips	角色性别设置成功
PlayerGenderSetFaultNoSelectTips	未选择性别类型
PlayerGenderSetWarningTips	设置性别{0}后可重新更改
PlayerGenderSetLeftTimeTips	性别修改冷却期还有【{0}】
PlayerGenderSetSameTips	性别选择重复，如需修改请重新选择
PlayerGenderNoSetDesc	-
PlayerGenderSetCheck	<size=48>请确认选择指挥官性别为 {0}</size>\n<size=36><color=#FF0101FF>性别选择将影响后续剧情体验，该信息仅自己可见</color></size>
FpsGameStoryProgress	剧情进度：{0}%
FpsGameChallengeProgress	挑战进度：{0}%
FpsGameProgressEnd	已完成
FpsGameResetTime	时间剩余：{0}
FpsGameActivityEnd	活动已结束
FpsGameChallengeTime	{0}后开放
FpsGameWeaponFull	武器编队已满，请先取消选择
FpsGameBattleNoWeapon	未选首发武器
FpsGameBattleNoCharacter	未选支援角色
FpsGameBattleFullWeapon	携带3把武器才可进入战斗
CommonShopClosedTips	商店已关闭
NonogramNeedCompleteLastChapter	需要解锁上一章CG才能继续
NonogramTextUnlockCGNum	<color=#ffdc9f>{0}</color>/{1}
NonogramCountDownTips	准备开始
NonogramSettlementTitleFinish	本次探索已结束
NonogramSettlementTitleAllFinish	恭喜完成所有夜幕探索
NonogramSettlementTitleExit	确定结束本次探索？
NonogramUnlockChapterItemNotEnough	【{0}】数量不足
BattleRoleRoomPosCannotEditTips	该位置不可编辑
BattleRoleRoomRoleCannotEditTips	该角色不可编辑
BattleRoleRoomMoveFromInvalid	该位置不可移动
BattleRoleRoomMoveToInvalid	目标位置不可更换
MainLine2BattleReadyTips	战斗准备
MainLine2BattleStartTips	出战
MemoryStageUnlock	{0}后开放
CommonActivityNotInTime	当前不在活动时间范围内
HoldRegressionInvitenumber	邀请成功人数：{0}
HoldRegressionInviteCode	邀请码：{0}
HoldRegressionInvite	不能使用自己的邀请码
HoldRegressionteam	加入了{0}的队伍
HoldRegressiontab1	邀请码
HoldRegressiontab2	邀请队伍
HoldRegressionInviteCodetip	回归指挥官可输入邀请码
PurchaseSelfChoiceTitle	自选礼包说明
PurchaseSelfChoiceDesc	·每个自选槽位仅可选择一个道具。\n\n·所有槽位的道具均选择后，礼包才可以购买。\n\n·自选部分不会影响整体礼包的售价。
PurchaseRandomSelectTitle	随机礼包说明
PurchaseRandomSelectDesc	·随机礼包需要指挥官选定足够数量的道具，购买礼包后，指挥官随机获得其中一个道具。\n\n<color=#DD1010>·不同道具均等概率抽取。</color>\n\n·选择足够数量的道具后，礼包才可以购买。\n\n·随机部分不会影响整体礼包的售价。
PurchaseSelfChoiceProgressTitle	自选获得 ( {0}/{1} )
PurchaseRandomDetailGotTips	已抽出
PurchaseRandomDetailUnGotTips	未抽出
PurchaseRandomDetailSelectTips	已选择
PurchaseRandomDetailNoSelectTips	未选择
PurchaseRandomBoxProgressTitle	选择{0}个，随机获得1个 ({1}/{2})
PurchaseRandomBoxInvalidSubmitTips	还需选择{0}个
PurchaseRandomBoxValidSubmitTips	确认选择
PurchaseRandomBoxSelectOverflowTips	选择不可超出上限
PurchaseContainOwnTips	购买已拥有道具时，会转化为对应道具碎片，是否确认购买？
PurchaseBuyTimesProgress	( {0}/{1} )
PurchaseHadBuyLabel	当前礼包：已购买
PurchaseNoBuyLabel	当前礼包：未购买
SetGenderTips	该剧情需要完成指挥官性别设置后才可阅览，是否前往进行性别设置？
NewCustomSchemeName	新界面-自定义
NewNoUiModeSchemeName	新界面-纯净模式
NewCustomSchemeNameTwo	新界面-自定义2
OldCustomSchemeName	旧界面-自定义
OldNoUiModeSchemeName	旧界面-纯净模式
OldCustomSchemeNameTwo	旧界面-自定义2
CustomSchemeNameNoUse	未使用
FightCustomBallDirection	信号球方向
FightCustomBallLeft	从右到左
FightCustomBallRight	从左到右
FightCustomInfo	显示信息
FightCustomInfoFPS	游戏帧率
FightCustomInfoNet	网络信号
CharacterTrustStoryBattleEnterTips	进入剧情
CharacterTrustStoryNoBattleEnterTips	播放剧情
Maverick3ResetTime	作战时间剩余：{0}
Maverick3ActivityEnd	活动已结束
Maverick3Normal	常规
Maverick3Hard	挑战
Maverick3DaliyRewardTip	今日奖励已领取
Maverick3DaliyRewardTime	{0}后可领取
Maverick3HardTime	{0}后解锁
Maverick3Progress	进度：{0}%
Maverick3PreStageUnlock1	通关常规·{0}解锁
Maverick3PreStageUnlock2	通关挑战·{0}解锁
Maverick3ChapterOpenTime	{0}后开启
Maverick3EquipSuccess	佩戴成功
Maverick3SlayHasEquipped	当前枢核已佩戴
Maverick3OrnamentsHasEquipped	当前兵装已佩戴
Maverick3GiveUp	是否放弃当前进度并重新开始
Maverick3RobotLock	角色未解锁
Maverick3UnlockTalentTip	所需物资不足
Maverick3RoleSwitchSuccess	出战角色切换成功
Maverick3TimeNotOpen	活动未开放
Maverick3TimeEnd	活动已结束
FightNoSetUiVersion	战中无法切换样式
FightCustomJoystick	摇杆设置
FightCustomStaticJoystick	固定摇杆
FightCustomDynamicJoystick	移动摇杆
FightCustomPortrait	QTE冷却提示
FightCustomPortraitSwitch	开关按钮
PurchasePrePurchaseBuyTips	请先购买《{0}》礼包
PurchasePrePurchaseEmptyTips	礼包未解锁
ReCallActivityNeedInputRightCode	请输入正确的邀请码
LuckyTenantPropNotEnough	道具数量不足
LuckyTenantUnlockAfterTime	{0}后解锁
LuckyTenantDeleteDenied	不可删除
LuckyTenantOtherStageIsPlaying	请先完成进行中的关卡
LuckyTenantSettlementDesc	本局结算
LuckyTenantNormalClear	普通通关
LuckyTenantFail	挑战失败
LuckyTenantPerfectClear	完美通关
LuckyTenantPreStageNotClear	普通通关上一关卡后解锁
LuckyTenantNormalClearDesc	恭喜指挥官完成普通通关目标！
LuckyTenantFailDesc	很遗憾，挑战失败，指挥官请继续加油！
LuckyTenantPerfectClearDesc	恭喜指挥官完成完美通关目标！
LuckyTenantBagPlaying	…
LuckyTenant2TotalTimes	第{0}回
LuckyTenant2Round	第{0}轮
LuckyTenant2TimesRemain	剩余{0}回
LuckyTenant2BondLevelDown	{0}羁绊等级下降
LuckyTenant2BondLevelUp	{0}羁绊等级提升
LuckyTenant2PopupSuccessRound	轮数: <color=#5089c6>{0}</color>/{1}
FavorabilityStoryUnlockProgressLabel	解锁剧情
FavorabilityStoryPassProgressLabel	通关剧情
NumStyleOld	伤害数字旧样式：根据伤害的来源、属性类型显示伤害类型图标和数字颜色
NumStyleNew	伤害数字新样式：保留旧样式根据伤害的来源、属性类型显示伤害类型图标和数字颜色；伤害数字大小会根据伤害情况变化
MultiMouseHunterVoteUnSelect	未选择
MultiMouseHunterVoteRemainTime	剩余：{0}
MultiMouseHunterVoteStatus	投票期
MultiMouseHunterDisplayStatus	展示期
MultiMouseHunterVoteBP	当前<color=#ffd370>声望</color>等级为 <color=#ffd370>{0}</color>级，可为选择阵营提供<color=#ffd370>{0}</color>点支持度，投票后声望提高可以为阵营提供更多支持度
MultiMouseHunterVoteCount	当前<color=#ffd370>声望</color>等级为 <color=#ffd370>{0}</color>级，已为选择阵营提供<color=#ffd370>{0}</color>点支持度，在比拼中获胜可获得更多<color=#ffd370>声望</color>经验
MultiMouseHunterUnVote	一键支持
MultiMouseHunterVote	确定支持{0}
MultiMouseHunterVoted	已支持{0}
MultiMouseHunterSubUnVote	一键支持！
MultiMouseHunterSubVote	确定支持{0}！
MultiMouseHunterSubVoted	支持！
MultiMouseHunterChoice	已支持
MultiMouseHunterVoteEnd	比拼已结束
MultiMouseHunterVoteVictory	恭喜“{0}”获胜
MultiMouseHunterVoteVictoryGet	胜方获得
MultiMouseHunterVoteFailGet	败方获得
MultiMouseHunterStatistics	统计中
MultiMouseHunterBpTask	任务
MultiMouseHunterBpReawrd	奖励
MultiMouseHunterBPLevel	等级
MultiMouseHunterBpDaily	每日
MultiMouseHunterBpChallenge	挑战
MultiMouseHunterBpGetReward	领取
MultiMouseHunterBpCanGetReward	可领取
MultiMouseHunterBpAlreadyGetReward	已领取
MultiMouseHunterBpNoneGetReward	未完成
MultiMouseHunterRoomReadySkillTips	准备状态时不准换技能
MultiMouseHunterSkillCatTitle	猫猫技能
MultiMouseHunterSkillMouseTitle	鼠鼠技能
MultiMouseHunterSkillSureChange	确认
MultiMouseHunterRoomMatchingSkillTips	匹配状态时不准换技能
ReadySkipTip	准备中无法跳转
MatchingSkipTip	匹配中无法跳转
InRoomSkipTip	联机房间中无法跳转
VersionGiftLeftTime	{0}
VersionGiftActivityTaskTab	版本活动
VersionGiftNormalTaskTab	常规挑战
VersionGiftDailyTaskTab	日常活跃
UiSceneRandomUnlock	随机场景功能开启后，才可设置场景涂装。是否开启随机场景并跳转至场景涂装设置？
UiSceneRandomOverLimit	随机场景数量已达到最大值
RandomBackgroundCharacterFashionCannotEmpty	暂无场景涂装，已设为首席助理当前涂装
RandomBackgroundPoolCannotEmpty	随机场景不能为空
RandomBackgroundAllFashionCannotEmpty	适配涂装不得为空，已恢复默认
RandomBackgroundCurCharFashionCannotEmpty	无适配涂装，已取消此助理
RandomBackgroundCannotJoinRandomCauseFashionUnSelect	此助理无适配涂装，请勾选下方涂装
UiShopFashionFilterSubmitFaultTips	未选中成员
PokerGuessing2GiveUp	对局中退出则视为放弃，确定要退出吗？
PokerGuessing2StoryInviteTitle	邀请角色
PokerGuessing2StoryInviteContent	使用一个情人节活动道具邀请角色后，可以观看该角色的专属剧情。确定使用吗?
PokerGuessing2StoryInviteNoEnoughTicket	情人节活动道具数量不足
PokerGuessing2UnknownName	神秘对手
PokerGuessing2CountDown	<color=#FFE381>{0}</color>后开启
PokerGuessing2PleaseSelectCard	指挥官，您还尚未出牌哦
PokerGuessing2ChangeSelfCardSkillOver	已经修改过我方的牌了
PokerGuessing2ChangeEnemyCardSkillOver	已经修改过对手的牌了
PokerGuessing2UseSkillInNoCardTips	请先打出想要修改的牌
PokerGuessing2GameLoseTips	尝试观察对手判断出牌或使用求助吧
LevelChinese	等级.{0}
PartnerMaxLevel	满级
ArenaRank	{0}
PacMan2StarTarget	抢救代码块{0}个
PacMan2NoNextStage	没有下一关了
PacMan2PreStage	通关前置关卡
PacMan2Unlock	解锁
BossInshotMaxLevel	已达到最高等级
DMCFestivalFightStageEnter	战斗准备
DMCFestivalStoryStageEnter	播放剧情
PercentAText	占A级出率
PercentSText	占S级出率
MissionComplete	完成作战任务
Continue	继 续
StageClear	完成关卡
UiVideoPreloadDownloadTipExitConfirm	关闭本界面将暂停视频下载，是否确认
ActivityEndLeftText	距离结束还有 {0}
NoDragToTempBag	不能拖拽到临时背包
SkyGardenProgressText	探索完成度: {0}%
ComicTips1	她或许早已清楚自己的死亡。只是……
BountyChallengeProgress	{0}<color=#FFFFFF><size=40>/{1}</size></color>
UiCharacterSkillSwitchTitle	战斗切换
DrawBannerRoleTypeText	{0}系{1}
UiGridVideoTipDownloadTitle	视频资源
UiGridVideoTipDownloadDesc	当前玩法或活动内演出所需要的视频资源
LackOfVideoRes	缺少视频资源
SoloReformTimeShowNoPass	--:--:--
SoloReformHardUnlock	通关{0}后解锁
SoloReformLastHardCompleted	通关上一关后解锁
SoloReformChallengeTarget	挑战目标
HelpCourseTipsLabel	TIPS{0}: {1}
SoloReformNoCharacterInTeam	队伍内未包含可上阵角色
CloudGameExitMsg	退出游戏
CloudGameLaunchErrMsg	云游戏启动失败，请稍后重试或联系客服
StorySkipDesc	是否跳过该剧情？”
BossSingleResetCooldown	重置冷却中
BPDailyUpdateText	每日评定任务在每日凌晨{0}更新
PurchaseBtnLaw1Text	資金決済法
PurchaseBtnLaw2Text	特定商取引法
DhItemName	{0}黑卡
CzItemName	{0}虹卡
USD	{0}$
CNY	￥{0}
JPY	{0}￥
KRW	韩文CLIENT_TEXT_KRW_TEXT
Eleven	十一
Twelve	十二
RaceCountDown	剩余时间：{0}
RaceMainCountDown	剩余时间：<color=#FFE800>{0}</color>
RaceRoundTimeTip1	距离预测结束还有{0}
RaceRoundTimeTip2	距离比赛开始还有{0}
RaceRoundTimeTip3	比赛进行中
RaceRoundTimeTip4	所有比赛已结束
RaceRoundStartTime	{0}开赛
RaceTimeFormat	M月d日
RaceAllGuessTime	{0}后截止
RaceAllGuessReward	已开奖
RaceOneGuessState1	预测本场
RaceOneGuessState2	前往观赛
RaceOneGuessState3	预测结果
RaceOneGuessState4	比赛已结束
RaceGuessBtn1	预测Ta
RaceGuessBtn2	已预测
RaceGuessBtn3	预测已结束
RaceGuessSuccessTip	成功预测
RaceGuessFailTip	预测时间已过
RaceGuessObsolete	此选手已淘汰，是否确认预测？
RaceDefault	默认
RaceSupport	支持率
RaceSpeed	速度
RaceSpeedDesc	自身在直线上的最大速度
RaceAcc	加速
RaceAccDesc	提升自身速度至最大的能力
RaceDrift	漂移
RaceDriftDesc	弯道速度与出弯后获得加速的能力
RaceLuck	运气
RaceLuckDesc	获得符合自身技能需求信号球的能力
RaceFightQuitContent	是否退出比赛
RaceMatchTimeLeft	预测剩余：{0}
RaceMatchTimePlaying	总决赛结束后开奖
RaceMatchGuessTip1	预测时间已过，无法进行预测
RaceMatchGuessTip2	请等待开奖
RaceMatchGuessTip3	未预测该项目，无可查看结果
RaceMatchGuessRange	预测范围：所有比赛
RaceScheduleRankTag11	第一场排名
RaceScheduleRankTag12	第一场时长
RaceScheduleRankTag21	第二场排名
RaceScheduleRankTag22	第二场时长
RaceReviewBtn1	第{0}场
RaceReviewBtn2	第{0}场：{1}
RaceReviewPopupTitle	是否确认查看本场回放
RaceGuessPropertyTimes	{0}次
RacePropertyName1	名次
RacePropertyName2	次数
RacePropertyName3	时间
RacePropertyName4	速度
RaceNotJoinGuildTIp	请先加入公会
RaceNotInGuessTimeTip	本场预测已结束
RaceResetTime	活动剩余时间：{0}
RaceActivityEnd	活动已结束
RaceRightMidStartTime	{0}分钟后开赛
RaceRightMidRunning	比赛进行中
RaceNotListed	未上榜
RaceNotGuild	暂无公会
RaceChooseSupport	支持率：{0}
RaceRankDesc	(每30分钟更新一次)
RaceGuessPropertyRank	第{0}名
RaceNotAchieved	未达成
RaceEndDesc	比赛已结束，即将返回星间飞驰主界面
RaceErrorDesc	直播异常，即将返回星间飞驰主界面
TeamPrefabMaxCountReached	预设数量已达上限
TeamPrefabCannotDeleteLast	预设编队数量不能为零，无法删除
TeamPrefabDeleteConfirm	是否删除当前编队 -{0}
TeamPrefabDeleteSuccess	删除编队成功
TeamPrefabNoCurrentTeam	当前没有编队
TeamPrefabCoverSuccess	覆盖成功
TeamPrefabNoMembers	当前编队无法使用
TeamPrefabApplySuccess	编队使用成功
TeamPrefabAdjustSuccess	调整成功
TeamPrefabEffectSwitchSuccess	效应修改成功
TeamPrefabCaptainSkillSetSuccess	队长技修改成功
TeamPrefabPleaseEnterName	请输入队伍名称
TeamPrefabWeaponUpdateSuccess	武器修改成功
TeamPrefabPositionFirst	该预设位置已在最上方，无法调整
TeamPrefabNoActivableEffect	当前队伍无可激活效应
TeamPrefabEquipModifySuccess	编队预设装备修改成功
TeamPrefabFirstFightAdjusted	首发修改完毕
TeamPrefabCreated	编队创建成功
TeamPrefabEquipConflictConfirm	当前编队存在预设冲突，是否使用实际装备效果覆盖当前预设
TeamPrefabWeaponReplaceTip	该武器已被{0}装备，继续装备会将此装备从原始角色上卸下，是否继续?
TeamPrefabAwarenessReplaceTip	该意识已被{0}装备，继续装备会将此装备从原始角色上卸下，是否继续?
TeamPrefabNoAwarenessOwned	尚未拥有意识
TeamPrefabNoMemberCannotSetWeapon	未设置成员，不可调整装备
TeamPrefabEquipmentInUse	当前预设预设编队内部分武器和意识正在被其他角色使用中，是否将对应装备从原始角色卸下
TeamPrefabAwarenessEquipSuccess	预设意识穿戴成功
Theatre5FashionOutOfDate	涂装已下架
GuildWarStageResultsBreak	成功突破如下节点
PurchaseMonthPlusDesc	1、规则说明：购买后可立刻获得1000活动研发券，并获得1份【黑卡月卡】（黑卡月卡共计可得3300黑卡奖励）。\n2、黑卡月卡说明：获得后立即发放300黑卡，从激活当日开始每日登录可领取100黑卡，持续30日。每日5:00后登录可自动领取当天黑卡奖励，或进入【主界面--活动】系统内找到【月卡】的页签，手动领取奖励。此页签也可查看指挥官当前黑卡月卡权限剩余天数。\n3、限购说明：【月卡研发劵组合包】限购1次，不受当前【黑卡月卡】购买数量限制的影响。例如：指挥官当前已激活2张月卡达到上限，此时仍可购买【月卡研发劵组合包】，购买后黑卡月卡剩余天数相应增加。
PurchaseComboTitle	补给捆绑包说明
PurchaseComboContent	1、规则说明:捆绑包内含多个补给包,购买时,将以折扣价获得多个补给包的内容。\n2、已单独购买的补给包不参与捆绑包的付费计算。\n3、购买后,捆绑包内包含的补给包将会全部售罄,不可再次购买。
PurchaseFirstRechargeTipTitle	首次采购说明
SuitAssistant	辅助
SuitEffect	效应
SuitAll	全部
SuitCommon	通用
EquipTakeOffSuccess	装备卸下成功
FashionSuitProgress	<color=#0F70BC>{0}</color>/{1}
FashionSuitWearTip	是否立即更换为该涂装？
TeamPrefabWeaponNotExistConflict	当前编队部分角色装备无法使用，请重新设置后上阵
UnChoose	未选择
TeamPrefabResonanceNeedUnlock	当前共鸣槽位无法使用
TeamPrefabOverrunNeedUnlock	谐振未解锁，无法使用
TeamPrefabWeaponEquippedByOtherInPreset	编队内其他角色使用了重复装备，无法上阵
NecessaryResourcesNotDownloaded	未下载必要资源
MainLineEventBoardInferredAllSuccess	事件都已推演完毕了，需要找到事件之间的关联
MainLineEventBoardConnectWrong	好像不太对
MainLineEventBoardNotCollected	线索还未收集齐哦
MainLineEventBoardUnLockName	？？？？
MainLineEventBoardNoSelectOption	请选择线索进行推演哦
FightTaskTipCurNum	当前<color={0}>{1}</color>次
XAreaWarDetail1	必定掉落
XAreaWarDetail2	必定掉落
XAreaWarDetail3	中概率
XAreaWarDetail4	小概率
XAreaWarDetail5	极小概率
SpeedRunTips	跳过包含<color=#28CFFFFF>剧情探索及互动</color>的常规关卡流程，击败所有敌人即可通关
PassportBuyTimeAlreadyEnd	本期战略评定手册购买时间已结束
FashionActivityFirstTag	活动
FashionActivitySecondTag	特惠
FashionActivityRemainDays	{0}天后恢复原价
FashionActivityRemainNotEnoughDay	不足1天恢复原价
FashionGroupSalesDesc	套装包含角色涂装、武器涂装和赠品头像
FashionDetailGroupSalesTitle1	涂装套装
FashionDetailGroupSalesTitle2	套装简介
FashionGroupSalesPopupTitle	是否确认花费{0}{1}购买{2}
FashionAddToRandomTip	已加入随机涂装
FashionSuitGroupSalesDesc	套装包含武器涂装、武器涂装和赠品头像。其中武器涂装不计入系列收集进度。
FashionGroupSalesPopupItem1	角色涂装
FashionGroupSalesPopupItem2	武器涂装
FashionGroupSalesPopupItem3	全套涂装
SwitchableScenePcTip	按住Alt键移动鼠标，可与场景交互
DrawCanLiverWeekTaskFinish	本周相关活动任务已全部完成
DrawCanLiverItemReachMax	勤务证明已达获取上限，无法领取其余任务
DlcMultiPlayerSkillTips1	技能未装配满，请继续装配
DlcMultiPlayerSkillTips2	技能已满，请先卸下其他技能
SubPackageDeleteConfirm	确认要删除分包{0}吗？
DlcRelinkMateForceExit	联机出现网络异常导致中断，请检查联网环境。
UiShopBtnActivityTagName	上新
DiscountActivityTip	<color=#626c78>折扣剩余时间：</color>{0}
UiNewDrawMainShopBubbleText	可直接兑换
UiBuyAssetHasCount	现有:{0}
UsePackageOverMaxCount	使用{0}已到达上限
