Name	Layer	ClipPath	RootMotionPath
CAM_Drama_Stand_02_End	BaseLayer	Assets/Product/Role/DlcAnimation/BigWorld/Common/Com1ChiefmMd03001SG/Com1ChiefmMd03001SG/CommonLayer/CAM_Drama_Stand_02_End.anim	Assets/Product/Role/DlcAnimation/BigWorld/Common/Com1ChiefmMd03001SG/Com1ChiefmMd03001SG/CommonLayer/CAM_Drama_Stand_02_End.asset
CAM_Drama_Stand_02_Loop	BaseLayer	Assets/Product/Role/DlcAnimation/BigWorld/Common/Com1ChiefmMd03001SG/Com1ChiefmMd03001SG/CommonLayer/CAM_Drama_Stand_02_Loop.anim	Assets/Product/Role/DlcAnimation/BigWorld/Common/Com1ChiefmMd03001SG/Com1ChiefmMd03001SG/CommonLayer/CAM_Drama_Stand_02_Loop.asset
CAM_Drama_Stand_02_Start	BaseLayer	Assets/Product/Role/DlcAnimation/BigWorld/Common/Com1ChiefmMd03001SG/Com1ChiefmMd03001SG/CommonLayer/CAM_Drama_Stand_02_Start.anim	Assets/Product/Role/DlcAnimation/BigWorld/Common/Com1ChiefmMd03001SG/Com1ChiefmMd03001SG/CommonLayer/CAM_Drama_Stand_02_Start.asset
CAM_Drama_Stand_03_End	BaseLayer	Assets/Product/Role/DlcAnimation/BigWorld/Common/Com1ChiefmMd03001SG/Com1ChiefmMd03001SG/CommonLayer/CAM_Drama_Stand_03_End.anim	Assets/Product/Role/DlcAnimation/BigWorld/Common/Com1ChiefmMd03001SG/Com1ChiefmMd03001SG/CommonLayer/CAM_Drama_Stand_03_End.asset
CAM_Drama_Stand_03_Loop	BaseLayer	Assets/Product/Role/DlcAnimation/BigWorld/Common/Com1ChiefmMd03001SG/Com1ChiefmMd03001SG/CommonLayer/CAM_Drama_Stand_03_Loop.anim	Assets/Product/Role/DlcAnimation/BigWorld/Common/Com1ChiefmMd03001SG/Com1ChiefmMd03001SG/CommonLayer/CAM_Drama_Stand_03_Loop.asset
CAM_Drama_Stand_03_Start	BaseLayer	Assets/Product/Role/DlcAnimation/BigWorld/Common/Com1ChiefmMd03001SG/Com1ChiefmMd03001SG/CommonLayer/CAM_Drama_Stand_03_Start.anim	Assets/Product/Role/DlcAnimation/BigWorld/Common/Com1ChiefmMd03001SG/Com1ChiefmMd03001SG/CommonLayer/CAM_Drama_Stand_03_Start.asset
CAM_Drama_Stand_04_End	BaseLayer	Assets/Product/Role/DlcAnimation/BigWorld/Common/Com1ChiefmMd03001SG/Com1ChiefmMd03001SG/CommonLayer/CAM_Drama_Stand_04_End.anim	Assets/Product/Role/DlcAnimation/BigWorld/Common/Com1ChiefmMd03001SG/Com1ChiefmMd03001SG/CommonLayer/CAM_Drama_Stand_04_End.asset
CAM_Drama_Stand_04_Loop	BaseLayer	Assets/Product/Role/DlcAnimation/BigWorld/Common/Com1ChiefmMd03001SG/Com1ChiefmMd03001SG/CommonLayer/CAM_Drama_Stand_04_Loop.anim	Assets/Product/Role/DlcAnimation/BigWorld/Common/Com1ChiefmMd03001SG/Com1ChiefmMd03001SG/CommonLayer/CAM_Drama_Stand_04_Loop.asset
CAM_Drama_Stand_04_Start	BaseLayer	Assets/Product/Role/DlcAnimation/BigWorld/Common/Com1ChiefmMd03001SG/Com1ChiefmMd03001SG/CommonLayer/CAM_Drama_Stand_04_Start.anim	Assets/Product/Role/DlcAnimation/BigWorld/Common/Com1ChiefmMd03001SG/Com1ChiefmMd03001SG/CommonLayer/CAM_Drama_Stand_04_Start.asset
CAM_Drama_Stand_05_End	BaseLayer	Assets/Product/Role/DlcAnimation/BigWorld/Common/Com1ChiefmMd03001SG/Com1ChiefmMd03001SG/CommonLayer/CAM_Drama_Stand_05_End.anim	Assets/Product/Role/DlcAnimation/BigWorld/Common/Com1ChiefmMd03001SG/Com1ChiefmMd03001SG/CommonLayer/CAM_Drama_Stand_05_End.asset
CAM_Drama_Stand_05_Loop	BaseLayer	Assets/Product/Role/DlcAnimation/BigWorld/Common/Com1ChiefmMd03001SG/Com1ChiefmMd03001SG/CommonLayer/CAM_Drama_Stand_05_Loop.anim	Assets/Product/Role/DlcAnimation/BigWorld/Common/Com1ChiefmMd03001SG/Com1ChiefmMd03001SG/CommonLayer/CAM_Drama_Stand_05_Loop.asset
CAM_Drama_Stand_05_Start	BaseLayer	Assets/Product/Role/DlcAnimation/BigWorld/Common/Com1ChiefmMd03001SG/Com1ChiefmMd03001SG/CommonLayer/CAM_Drama_Stand_05_Start.anim	Assets/Product/Role/DlcAnimation/BigWorld/Common/Com1ChiefmMd03001SG/Com1ChiefmMd03001SG/CommonLayer/CAM_Drama_Stand_05_Start.asset
Drama_ClassSit_Start	BaseLayer	Assets/Product/Role/DlcAnimation/BigWorld/Common/Com1ChiefmMd03001SG/Com1ChiefmMd03001SG/CommonLayer/Drama_ClassSit_Start.anim	Assets/Product/Role/DlcAnimation/BigWorld/Common/Com1ChiefmMd03001SG/Com1ChiefmMd03001SG/CommonLayer/Drama_ClassSit_Start.asset
Drama_Duobi_Shenwei	BaseLayer	Assets/Product/Role/DlcAnimation/BigWorld/Common/Com1ChiefmMd03001SG/Com1ChiefmMd03001SG/CommonLayer/Drama_Duobi_Shenwei.anim	Assets/Product/Role/DlcAnimation/BigWorld/Common/Com1ChiefmMd03001SG/Com1ChiefmMd03001SG/CommonLayer/Drama_Duobi_Shenwei.asset
Drama_Foundation_01_End	BaseLayer	Assets/Product/Role/DlcAnimation/BigWorld/Common/Com1ChiefmMd03001SG/Com1ChiefmMd03001SG/CommonLayer/Drama_Foundation_01_End.anim	Assets/Product/Role/DlcAnimation/BigWorld/Common/Com1ChiefmMd03001SG/Com1ChiefmMd03001SG/CommonLayer/Drama_Foundation_01_End.asset
Drama_Foundation_01_Loop	BaseLayer	Assets/Product/Role/DlcAnimation/BigWorld/Common/Com1ChiefmMd03001SG/Com1ChiefmMd03001SG/CommonLayer/Drama_Foundation_01_Loop.anim	Assets/Product/Role/DlcAnimation/BigWorld/Common/Com1ChiefmMd03001SG/Com1ChiefmMd03001SG/CommonLayer/Drama_Foundation_01_Loop.asset
Drama_Foundation_01_Start	BaseLayer	Assets/Product/Role/DlcAnimation/BigWorld/Common/Com1ChiefmMd03001SG/Com1ChiefmMd03001SG/CommonLayer/Drama_Foundation_01_Start.anim	Assets/Product/Role/DlcAnimation/BigWorld/Common/Com1ChiefmMd03001SG/Com1ChiefmMd03001SG/CommonLayer/Drama_Foundation_01_Start.asset
Drama_Foundation_02_End	BaseLayer	Assets/Product/Role/DlcAnimation/BigWorld/Common/Com1ChiefmMd03001SG/Com1ChiefmMd03001SG/CommonLayer/Drama_Foundation_02_End.anim	Assets/Product/Role/DlcAnimation/BigWorld/Common/Com1ChiefmMd03001SG/Com1ChiefmMd03001SG/CommonLayer/Drama_Foundation_02_End.asset
Drama_Foundation_02_Loop	BaseLayer	Assets/Product/Role/DlcAnimation/BigWorld/Common/Com1ChiefmMd03001SG/Com1ChiefmMd03001SG/CommonLayer/Drama_Foundation_02_Loop.anim	Assets/Product/Role/DlcAnimation/BigWorld/Common/Com1ChiefmMd03001SG/Com1ChiefmMd03001SG/CommonLayer/Drama_Foundation_02_Loop.asset
Drama_Foundation_02_Start	BaseLayer	Assets/Product/Role/DlcAnimation/BigWorld/Common/Com1ChiefmMd03001SG/Com1ChiefmMd03001SG/CommonLayer/Drama_Foundation_02_Start.anim	Assets/Product/Role/DlcAnimation/BigWorld/Common/Com1ChiefmMd03001SG/Com1ChiefmMd03001SG/CommonLayer/Drama_Foundation_02_Start.asset
Drama_Foundation_04	BaseLayer	Assets/Product/Role/DlcAnimation/BigWorld/Common/Com1ChiefmMd03001SG/Com1ChiefmMd03001SG/CommonLayer/Drama_Foundation_04.anim	Assets/Product/Role/DlcAnimation/BigWorld/Common/Com1ChiefmMd03001SG/Com1ChiefmMd03001SG/CommonLayer/Drama_Foundation_04.asset
Drama_Foundation_05	BaseLayer	Assets/Product/Role/DlcAnimation/BigWorld/Common/Com1ChiefmMd03001SG/Com1ChiefmMd03001SG/CommonLayer/Drama_Foundation_05.anim	Assets/Product/Role/DlcAnimation/BigWorld/Common/Com1ChiefmMd03001SG/Com1ChiefmMd03001SG/CommonLayer/Drama_Foundation_05.asset
Drama_GiveUp_Zhihuiguan_End	BaseLayer	Assets/Product/Role/DlcAnimation/BigWorld/Common/Com1ChiefmMd03001SG/Com1ChiefmMd03001SG/CommonLayer/Drama_GiveUp_Zhihuiguan_End.anim	Assets/Product/Role/DlcAnimation/BigWorld/Common/Com1ChiefmMd03001SG/Com1ChiefmMd03001SG/CommonLayer/Drama_GiveUp_Zhihuiguan_End.asset
Drama_GiveUp_Zhihuiguan_Loop	BaseLayer	Assets/Product/Role/DlcAnimation/BigWorld/Common/Com1ChiefmMd03001SG/Com1ChiefmMd03001SG/CommonLayer/Drama_GiveUp_Zhihuiguan_Loop.anim	Assets/Product/Role/DlcAnimation/BigWorld/Common/Com1ChiefmMd03001SG/Com1ChiefmMd03001SG/CommonLayer/Drama_GiveUp_Zhihuiguan_Loop.asset
Drama_GiveUp_Zhihuiguan_Start	BaseLayer	Assets/Product/Role/DlcAnimation/BigWorld/Common/Com1ChiefmMd03001SG/Com1ChiefmMd03001SG/CommonLayer/Drama_GiveUp_Zhihuiguan_Start.anim	Assets/Product/Role/DlcAnimation/BigWorld/Common/Com1ChiefmMd03001SG/Com1ChiefmMd03001SG/CommonLayer/Drama_GiveUp_Zhihuiguan_Start.asset
Drama_HandPoke_01_Loop	BaseLayer	Assets/Product/Role/DlcAnimation/BigWorld/Common/Com1ChiefmMd03001SG/Com1ChiefmMd03001SG/CommonLayer/Drama_HandPoke_01_Loop.anim	Assets/Product/Role/DlcAnimation/BigWorld/Common/Com1ChiefmMd03001SG/Com1ChiefmMd03001SG/CommonLayer/Drama_HandPoke_01_Loop.asset
Drama_HandPoke_01_Start	BaseLayer	Assets/Product/Role/DlcAnimation/BigWorld/Common/Com1ChiefmMd03001SG/Com1ChiefmMd03001SG/CommonLayer/Drama_HandPoke_01_Start.anim	Assets/Product/Role/DlcAnimation/BigWorld/Common/Com1ChiefmMd03001SG/Com1ChiefmMd03001SG/CommonLayer/Drama_HandPoke_01_Start.asset
Drama_HandPoke_02_End	BaseLayer	Assets/Product/Role/DlcAnimation/BigWorld/Common/Com1ChiefmMd03001SG/Com1ChiefmMd03001SG/CommonLayer/Drama_HandPoke_02_End.anim	Assets/Product/Role/DlcAnimation/BigWorld/Common/Com1ChiefmMd03001SG/Com1ChiefmMd03001SG/CommonLayer/Drama_HandPoke_02_End.asset
Drama_HandPoke_02_Loop	BaseLayer	Assets/Product/Role/DlcAnimation/BigWorld/Common/Com1ChiefmMd03001SG/Com1ChiefmMd03001SG/CommonLayer/Drama_HandPoke_02_Loop.anim	Assets/Product/Role/DlcAnimation/BigWorld/Common/Com1ChiefmMd03001SG/Com1ChiefmMd03001SG/CommonLayer/Drama_HandPoke_02_Loop.asset
Drama_HandPoke_02_Start	BaseLayer	Assets/Product/Role/DlcAnimation/BigWorld/Common/Com1ChiefmMd03001SG/Com1ChiefmMd03001SG/CommonLayer/Drama_HandPoke_02_Start.anim	Assets/Product/Role/DlcAnimation/BigWorld/Common/Com1ChiefmMd03001SG/Com1ChiefmMd03001SG/CommonLayer/Drama_HandPoke_02_Start.asset
Drama_HandPoke_Loop	BaseLayer	Assets/Product/Role/DlcAnimation/BigWorld/Common/Com1ChiefmMd03001SG/Com1ChiefmMd03001SG/CommonLayer/Drama_HandPoke_Loop.anim	Assets/Product/Role/DlcAnimation/BigWorld/Common/Com1ChiefmMd03001SG/Com1ChiefmMd03001SG/CommonLayer/Drama_HandPoke_Loop.asset
Drama_HandPoke_Start	BaseLayer	Assets/Product/Role/DlcAnimation/BigWorld/Common/Com1ChiefmMd03001SG/Com1ChiefmMd03001SG/CommonLayer/Drama_HandPoke_Start.anim	Assets/Product/Role/DlcAnimation/BigWorld/Common/Com1ChiefmMd03001SG/Com1ChiefmMd03001SG/CommonLayer/Drama_HandPoke_Start.asset
Drama_HoldHands_Zhihuiguan_01_Loop	BaseLayer	Assets/Product/Role/DlcAnimation/BigWorld/Common/Com1ChiefmMd03001SG/Com1ChiefmMd03001SG/CommonLayer/Drama_HoldHands_Zhihuiguan_01_Loop.anim	Assets/Product/Role/DlcAnimation/BigWorld/Common/Com1ChiefmMd03001SG/Com1ChiefmMd03001SG/CommonLayer/Drama_HoldHands_Zhihuiguan_01_Loop.asset
Drama_HoldHands_Zhihuiguan_01_Start	BaseLayer	Assets/Product/Role/DlcAnimation/BigWorld/Common/Com1ChiefmMd03001SG/Com1ChiefmMd03001SG/CommonLayer/Drama_HoldHands_Zhihuiguan_01_Start.anim	Assets/Product/Role/DlcAnimation/BigWorld/Common/Com1ChiefmMd03001SG/Com1ChiefmMd03001SG/CommonLayer/Drama_HoldHands_Zhihuiguan_01_Start.asset
Drama_HoldHands_Zhihuiguan_02_End	BaseLayer	Assets/Product/Role/DlcAnimation/BigWorld/Common/Com1ChiefmMd03001SG/Com1ChiefmMd03001SG/CommonLayer/Drama_HoldHands_Zhihuiguan_02_End.anim	Assets/Product/Role/DlcAnimation/BigWorld/Common/Com1ChiefmMd03001SG/Com1ChiefmMd03001SG/CommonLayer/Drama_HoldHands_Zhihuiguan_02_End.asset
Drama_HoldHands_Zhihuiguan_02_Loop	BaseLayer	Assets/Product/Role/DlcAnimation/BigWorld/Common/Com1ChiefmMd03001SG/Com1ChiefmMd03001SG/CommonLayer/Drama_HoldHands_Zhihuiguan_02_Loop.anim	Assets/Product/Role/DlcAnimation/BigWorld/Common/Com1ChiefmMd03001SG/Com1ChiefmMd03001SG/CommonLayer/Drama_HoldHands_Zhihuiguan_02_Loop.asset
Drama_HoldHands_Zhihuiguan_02_Start	BaseLayer	Assets/Product/Role/DlcAnimation/BigWorld/Common/Com1ChiefmMd03001SG/Com1ChiefmMd03001SG/CommonLayer/Drama_HoldHands_Zhihuiguan_02_Start.anim	Assets/Product/Role/DlcAnimation/BigWorld/Common/Com1ChiefmMd03001SG/Com1ChiefmMd03001SG/CommonLayer/Drama_HoldHands_Zhihuiguan_02_Start.asset
Drama_Kaozhe_Shenwei	BaseLayer	Assets/Product/Role/DlcAnimation/BigWorld/Common/Com1ChiefmMd03001SG/Com1ChiefmMd03001SG/CommonLayer/Drama_Kaozhe_Shenwei.anim	Assets/Product/Role/DlcAnimation/BigWorld/Common/Com1ChiefmMd03001SG/Com1ChiefmMd03001SG/CommonLayer/Drama_Kaozhe_Shenwei.asset
Drama_LedHand_Zhihuiguan_Loop	BaseLayer	Assets/Product/Role/DlcAnimation/BigWorld/Common/Com1ChiefmMd03001SG/Com1ChiefmMd03001SG/CommonLayer/Drama_LedHand_Zhihuiguan_Loop.anim	Assets/Product/Role/DlcAnimation/BigWorld/Common/Com1ChiefmMd03001SG/Com1ChiefmMd03001SG/CommonLayer/Drama_LedHand_Zhihuiguan_Loop.asset
Drama_LedHand_Zhihuiguan_Start	BaseLayer	Assets/Product/Role/DlcAnimation/BigWorld/Common/Com1ChiefmMd03001SG/Com1ChiefmMd03001SG/CommonLayer/Drama_LedHand_Zhihuiguan_Start.anim	Assets/Product/Role/DlcAnimation/BigWorld/Common/Com1ChiefmMd03001SG/Com1ChiefmMd03001SG/CommonLayer/Drama_LedHand_Zhihuiguan_Start.asset
Drama_Lifu_Sit01_Loop	BaseLayer	Assets/Product/Role/DlcAnimation/BigWorld/Common/Com1ChiefmMd03001SG/Com1ChiefmMd03001SG/CommonLayer/Drama_Lifu_Sit01_Loop.anim	Assets/Product/Role/DlcAnimation/BigWorld/Common/Com1ChiefmMd03001SG/Com1ChiefmMd03001SG/CommonLayer/Drama_Lifu_Sit01_Loop.asset
Drama_Lifu_Sit02_Loop	BaseLayer	Assets/Product/Role/DlcAnimation/BigWorld/Common/Com1ChiefmMd03001SG/Com1ChiefmMd03001SG/CommonLayer/Drama_Lifu_Sit02_Loop.anim	Assets/Product/Role/DlcAnimation/BigWorld/Common/Com1ChiefmMd03001SG/Com1ChiefmMd03001SG/CommonLayer/Drama_Lifu_Sit02_Loop.asset
Drama_Li_HoldHands	BaseLayer	Assets/Product/Role/DlcAnimation/BigWorld/Common/Com1ChiefmMd03001SG/Com1ChiefmMd03001SG/CommonLayer/Drama_Li_HoldHands.anim	Assets/Product/Role/DlcAnimation/BigWorld/Common/Com1ChiefmMd03001SG/Com1ChiefmMd03001SG/CommonLayer/Drama_Li_HoldHands.asset
Drama_Li_TouchHead	BaseLayer	Assets/Product/Role/DlcAnimation/BigWorld/Common/Com1ChiefmMd03001SG/Com1ChiefmMd03001SG/CommonLayer/Drama_Li_TouchHead.anim	Assets/Product/Role/DlcAnimation/BigWorld/Common/Com1ChiefmMd03001SG/Com1ChiefmMd03001SG/CommonLayer/Drama_Li_TouchHead.asset
Drama_Li_WallSlam_1	BaseLayer	Assets/Product/Role/DlcAnimation/BigWorld/Common/Com1ChiefmMd03001SG/Com1ChiefmMd03001SG/CommonLayer/Drama_Li_WallSlam_1.anim	Assets/Product/Role/DlcAnimation/BigWorld/Common/Com1ChiefmMd03001SG/Com1ChiefmMd03001SG/CommonLayer/Drama_Li_WallSlam_1.asset
Drama_Li_WallSlam_2	BaseLayer	Assets/Product/Role/DlcAnimation/BigWorld/Common/Com1ChiefmMd03001SG/Com1ChiefmMd03001SG/CommonLayer/Drama_Li_WallSlam_2.anim	Assets/Product/Role/DlcAnimation/BigWorld/Common/Com1ChiefmMd03001SG/Com1ChiefmMd03001SG/CommonLayer/Drama_Li_WallSlam_2.asset
Drama_Pazhe_Shenwei	BaseLayer	Assets/Product/Role/DlcAnimation/BigWorld/Common/Com1ChiefmMd03001SG/Com1ChiefmMd03001SG/CommonLayer/Drama_Pazhe_Shenwei.anim	
Drama_Photo	BaseLayer	Assets/Product/Role/DlcAnimation/BigWorld/Common/Com1ChiefmMd03001SG/Com1ChiefmMd03001SG/CommonLayer/Drama_Photo.anim	Assets/Product/Role/DlcAnimation/BigWorld/Common/Com1ChiefmMd03001SG/Com1ChiefmMd03001SG/CommonLayer/Drama_Photo.asset
Drama_Photo_Loop	BaseLayer	Assets/Product/Role/DlcAnimation/BigWorld/Common/Com1ChiefmMd03001SG/Com1ChiefmMd03001SG/CommonLayer/Drama_Photo_Loop.anim	Assets/Product/Role/DlcAnimation/BigWorld/Common/Com1ChiefmMd03001SG/Com1ChiefmMd03001SG/CommonLayer/Drama_Photo_Loop.asset
Drama_Photo_Start	BaseLayer	Assets/Product/Role/DlcAnimation/BigWorld/Common/Com1ChiefmMd03001SG/Com1ChiefmMd03001SG/CommonLayer/Drama_Photo_Start.anim	Assets/Product/Role/DlcAnimation/BigWorld/Common/Com1ChiefmMd03001SG/Com1ChiefmMd03001SG/CommonLayer/Drama_Photo_Start.asset
Drama_PinchFace_R_Zhihuiguani_End	BaseLayer	Assets/Product/Role/DlcAnimation/BigWorld/Common/Com1ChiefmMd03001SG/Com1ChiefmMd03001SG/CommonLayer/Drama_PinchFace_R_Zhihuiguani_End.anim	Assets/Product/Role/DlcAnimation/BigWorld/Common/Com1ChiefmMd03001SG/Com1ChiefmMd03001SG/CommonLayer/Drama_PinchFace_R_Zhihuiguani_End.asset
Drama_PinchFace_R_Zhihuiguani_Loop	BaseLayer	Assets/Product/Role/DlcAnimation/BigWorld/Common/Com1ChiefmMd03001SG/Com1ChiefmMd03001SG/CommonLayer/Drama_PinchFace_R_Zhihuiguani_Loop.anim	Assets/Product/Role/DlcAnimation/BigWorld/Common/Com1ChiefmMd03001SG/Com1ChiefmMd03001SG/CommonLayer/Drama_PinchFace_R_Zhihuiguani_Loop.asset
Drama_PinchFace_R_Zhihuiguani_Start	BaseLayer	Assets/Product/Role/DlcAnimation/BigWorld/Common/Com1ChiefmMd03001SG/Com1ChiefmMd03001SG/CommonLayer/Drama_PinchFace_R_Zhihuiguani_Start.anim	Assets/Product/Role/DlcAnimation/BigWorld/Common/Com1ChiefmMd03001SG/Com1ChiefmMd03001SG/CommonLayer/Drama_PinchFace_R_Zhihuiguani_Start.asset
Drama_Sailinna_Dierji	BaseLayer	Assets/Product/Role/DlcAnimation/BigWorld/Common/Com1ChiefmMd03001SG/Com1ChiefmMd03001SG/CommonLayer/Drama_Sailinna_Dierji.anim	Assets/Product/Role/DlcAnimation/BigWorld/Common/Com1ChiefmMd03001SG/Com1ChiefmMd03001SG/CommonLayer/Drama_Sailinna_Dierji.asset
Drama_Sailinna_Jieerji	BaseLayer	Assets/Product/Role/DlcAnimation/BigWorld/Common/Com1ChiefmMd03001SG/Com1ChiefmMd03001SG/CommonLayer/Drama_Sailinna_Jieerji.anim	Assets/Product/Role/DlcAnimation/BigWorld/Common/Com1ChiefmMd03001SG/Com1ChiefmMd03001SG/CommonLayer/Drama_Sailinna_Jieerji.asset
Drama_Sailinna_Music1	BaseLayer	Assets/Product/Role/DlcAnimation/BigWorld/Common/Com1ChiefmMd03001SG/Com1ChiefmMd03001SG/CommonLayer/Drama_Sailinna_Music1.anim	Assets/Product/Role/DlcAnimation/BigWorld/Common/Com1ChiefmMd03001SG/Com1ChiefmMd03001SG/CommonLayer/Drama_Sailinna_Music1.asset
Drama_Sailinna_Music1_Loop	BaseLayer	Assets/Product/Role/DlcAnimation/BigWorld/Common/Com1ChiefmMd03001SG/Com1ChiefmMd03001SG/CommonLayer/Drama_Sailinna_Music1_Loop.anim	Assets/Product/Role/DlcAnimation/BigWorld/Common/Com1ChiefmMd03001SG/Com1ChiefmMd03001SG/CommonLayer/Drama_Sailinna_Music1_Loop.asset
Drama_Sailinna_Music1_Loop01	BaseLayer	Assets/Product/Role/DlcAnimation/BigWorld/Common/Com1ChiefmMd03001SG/Com1ChiefmMd03001SG/CommonLayer/Drama_Sailinna_Music1_Loop01.anim	Assets/Product/Role/DlcAnimation/BigWorld/Common/Com1ChiefmMd03001SG/Com1ChiefmMd03001SG/CommonLayer/Drama_Sailinna_Music1_Loop01.asset
Drama_Sailinna_Music1_Loop02	BaseLayer	Assets/Product/Role/DlcAnimation/BigWorld/Common/Com1ChiefmMd03001SG/Com1ChiefmMd03001SG/CommonLayer/Drama_Sailinna_Music1_Loop02.anim	Assets/Product/Role/DlcAnimation/BigWorld/Common/Com1ChiefmMd03001SG/Com1ChiefmMd03001SG/CommonLayer/Drama_Sailinna_Music1_Loop02.asset
Drama_SitDown	BaseLayer	Assets/Product/Role/DlcAnimation/BigWorld/Common/Com1ChiefmMd03001SG/Com1ChiefmMd03001SG/CommonLayer/Drama_SitDown.anim	Assets/Product/Role/DlcAnimation/BigWorld/Common/Com1ChiefmMd03001SG/Com1ChiefmMd03001SG/CommonLayer/Drama_SitDown.asset
Drama_SitSurvey_end	BaseLayer	Assets/Product/Role/DlcAnimation/BigWorld/Common/Com1ChiefmMd03001SG/Com1ChiefmMd03001SG/CommonLayer/Drama_SitSurvey_end.anim	Assets/Product/Role/DlcAnimation/BigWorld/Common/Com1ChiefmMd03001SG/Com1ChiefmMd03001SG/CommonLayer/Drama_SitSurvey_end.asset
Drama_SitSurvey_Loop	BaseLayer	Assets/Product/Role/DlcAnimation/BigWorld/Common/Com1ChiefmMd03001SG/Com1ChiefmMd03001SG/CommonLayer/Drama_SitSurvey_Loop.anim	Assets/Product/Role/DlcAnimation/BigWorld/Common/Com1ChiefmMd03001SG/Com1ChiefmMd03001SG/CommonLayer/Drama_SitSurvey_Loop.asset
Drama_SitSurvey_Start	BaseLayer	Assets/Product/Role/DlcAnimation/BigWorld/Common/Com1ChiefmMd03001SG/Com1ChiefmMd03001SG/CommonLayer/Drama_SitSurvey_Start.anim	Assets/Product/Role/DlcAnimation/BigWorld/Common/Com1ChiefmMd03001SG/Com1ChiefmMd03001SG/CommonLayer/Drama_SitSurvey_Start.asset
Drama_Sit_01	BaseLayer	Assets/Product/Role/DlcAnimation/BigWorld/Common/Com1ChiefmMd03001SG/Com1ChiefmMd03001SG/CommonLayer/Drama_Sit_01.anim	Assets/Product/Role/DlcAnimation/BigWorld/Common/Com1ChiefmMd03001SG/Com1ChiefmMd03001SG/CommonLayer/Drama_Sit_01.asset
Drama_Sit_02	BaseLayer	Assets/Product/Role/DlcAnimation/BigWorld/Common/Com1ChiefmMd03001SG/Com1ChiefmMd03001SG/CommonLayer/Drama_Sit_02.anim	Assets/Product/Role/DlcAnimation/BigWorld/Common/Com1ChiefmMd03001SG/Com1ChiefmMd03001SG/CommonLayer/Drama_Sit_02.asset
Drama_Sit_02_End	BaseLayer	Assets/Product/Role/DlcAnimation/BigWorld/Common/Com1ChiefmMd03001SG/Com1ChiefmMd03001SG/CommonLayer/Drama_Sit_02_End.anim	Assets/Product/Role/DlcAnimation/BigWorld/Common/Com1ChiefmMd03001SG/Com1ChiefmMd03001SG/CommonLayer/Drama_Sit_02_End.asset
Drama_Sit_02_Loop	BaseLayer	Assets/Product/Role/DlcAnimation/BigWorld/Common/Com1ChiefmMd03001SG/Com1ChiefmMd03001SG/CommonLayer/Drama_Sit_02_Loop.anim	Assets/Product/Role/DlcAnimation/BigWorld/Common/Com1ChiefmMd03001SG/Com1ChiefmMd03001SG/CommonLayer/Drama_Sit_02_Loop.asset
Drama_Sit_02_Start	BaseLayer	Assets/Product/Role/DlcAnimation/BigWorld/Common/Com1ChiefmMd03001SG/Com1ChiefmMd03001SG/CommonLayer/Drama_Sit_02_Start.anim	Assets/Product/Role/DlcAnimation/BigWorld/Common/Com1ChiefmMd03001SG/Com1ChiefmMd03001SG/CommonLayer/Drama_Sit_02_Start.asset
Drama_Sit_03	BaseLayer	Assets/Product/Role/DlcAnimation/BigWorld/Common/Com1ChiefmMd03001SG/Com1ChiefmMd03001SG/CommonLayer/Drama_Sit_03.anim	Assets/Product/Role/DlcAnimation/BigWorld/Common/Com1ChiefmMd03001SG/Com1ChiefmMd03001SG/CommonLayer/Drama_Sit_03.asset
Drama_Sit_04	BaseLayer	Assets/Product/Role/DlcAnimation/BigWorld/Common/Com1ChiefmMd03001SG/Com1ChiefmMd03001SG/CommonLayer/Drama_Sit_04.anim	Assets/Product/Role/DlcAnimation/BigWorld/Common/Com1ChiefmMd03001SG/Com1ChiefmMd03001SG/CommonLayer/Drama_Sit_04.asset
Drama_Sit_04_End	BaseLayer	Assets/Product/Role/DlcAnimation/BigWorld/Common/Com1ChiefmMd03001SG/Com1ChiefmMd03001SG/CommonLayer/Drama_Sit_04_End.anim	Assets/Product/Role/DlcAnimation/BigWorld/Common/Com1ChiefmMd03001SG/Com1ChiefmMd03001SG/CommonLayer/Drama_Sit_04_End.asset
Drama_Sit_04_Loop	BaseLayer	Assets/Product/Role/DlcAnimation/BigWorld/Common/Com1ChiefmMd03001SG/Com1ChiefmMd03001SG/CommonLayer/Drama_Sit_04_Loop.anim	Assets/Product/Role/DlcAnimation/BigWorld/Common/Com1ChiefmMd03001SG/Com1ChiefmMd03001SG/CommonLayer/Drama_Sit_04_Loop.asset
Drama_Sit_04_Start	BaseLayer	Assets/Product/Role/DlcAnimation/BigWorld/Common/Com1ChiefmMd03001SG/Com1ChiefmMd03001SG/CommonLayer/Drama_Sit_04_Start.anim	Assets/Product/Role/DlcAnimation/BigWorld/Common/Com1ChiefmMd03001SG/Com1ChiefmMd03001SG/CommonLayer/Drama_Sit_04_Start.asset
Drama_Sit_05_End	BaseLayer	Assets/Product/Role/DlcAnimation/BigWorld/Common/Com1ChiefmMd03001SG/Com1ChiefmMd03001SG/CommonLayer/Drama_Sit_05_End.anim	Assets/Product/Role/DlcAnimation/BigWorld/Common/Com1ChiefmMd03001SG/Com1ChiefmMd03001SG/CommonLayer/Drama_Sit_05_End.asset
Drama_Sit_05_Loop	BaseLayer	Assets/Product/Role/DlcAnimation/BigWorld/Common/Com1ChiefmMd03001SG/Com1ChiefmMd03001SG/CommonLayer/Drama_Sit_05_Loop.anim	Assets/Product/Role/DlcAnimation/BigWorld/Common/Com1ChiefmMd03001SG/Com1ChiefmMd03001SG/CommonLayer/Drama_Sit_05_Loop.asset
Drama_Sit_05_Start	BaseLayer	Assets/Product/Role/DlcAnimation/BigWorld/Common/Com1ChiefmMd03001SG/Com1ChiefmMd03001SG/CommonLayer/Drama_Sit_05_Start.anim	Assets/Product/Role/DlcAnimation/BigWorld/Common/Com1ChiefmMd03001SG/Com1ChiefmMd03001SG/CommonLayer/Drama_Sit_05_Start.asset
Drama_Sit_06_End	BaseLayer	Assets/Product/Role/DlcAnimation/BigWorld/Common/Com1ChiefmMd03001SG/Com1ChiefmMd03001SG/CommonLayer/Drama_Sit_06_End.anim	Assets/Product/Role/DlcAnimation/BigWorld/Common/Com1ChiefmMd03001SG/Com1ChiefmMd03001SG/CommonLayer/Drama_Sit_06_End.asset
Drama_Sit_06_Loop	BaseLayer	Assets/Product/Role/DlcAnimation/BigWorld/Common/Com1ChiefmMd03001SG/Com1ChiefmMd03001SG/CommonLayer/Drama_Sit_06_Loop.anim	Assets/Product/Role/DlcAnimation/BigWorld/Common/Com1ChiefmMd03001SG/Com1ChiefmMd03001SG/CommonLayer/Drama_Sit_06_Loop.asset
Drama_Sit_06_Start	BaseLayer	Assets/Product/Role/DlcAnimation/BigWorld/Common/Com1ChiefmMd03001SG/Com1ChiefmMd03001SG/CommonLayer/Drama_Sit_06_Start.anim	Assets/Product/Role/DlcAnimation/BigWorld/Common/Com1ChiefmMd03001SG/Com1ChiefmMd03001SG/CommonLayer/Drama_Sit_06_Start.asset
Drama_Sit_07_End	BaseLayer	Assets/Product/Role/DlcAnimation/BigWorld/Common/Com1ChiefmMd03001SG/Com1ChiefmMd03001SG/CommonLayer/Drama_Sit_07_End.anim	Assets/Product/Role/DlcAnimation/BigWorld/Common/Com1ChiefmMd03001SG/Com1ChiefmMd03001SG/CommonLayer/Drama_Sit_07_End.asset
Drama_Sit_07_Loop	BaseLayer	Assets/Product/Role/DlcAnimation/BigWorld/Common/Com1ChiefmMd03001SG/Com1ChiefmMd03001SG/CommonLayer/Drama_Sit_07_Loop.anim	Assets/Product/Role/DlcAnimation/BigWorld/Common/Com1ChiefmMd03001SG/Com1ChiefmMd03001SG/CommonLayer/Drama_Sit_07_Loop.asset
Drama_Sit_07_Start	BaseLayer	Assets/Product/Role/DlcAnimation/BigWorld/Common/Com1ChiefmMd03001SG/Com1ChiefmMd03001SG/CommonLayer/Drama_Sit_07_Start.anim	Assets/Product/Role/DlcAnimation/BigWorld/Common/Com1ChiefmMd03001SG/Com1ChiefmMd03001SG/CommonLayer/Drama_Sit_07_Start.asset
Drama_Sit_Drinking_End	BaseLayer	Assets/Product/Role/DlcAnimation/BigWorld/Common/Com1ChiefmMd03001SG/Com1ChiefmMd03001SG/CommonLayer/Drama_Sit_Drinking_End.anim	Assets/Product/Role/DlcAnimation/BigWorld/Common/Com1ChiefmMd03001SG/Com1ChiefmMd03001SG/CommonLayer/Drama_Sit_Drinking_End.asset
Drama_Sit_Drinking_Loop	BaseLayer	Assets/Product/Role/DlcAnimation/BigWorld/Common/Com1ChiefmMd03001SG/Com1ChiefmMd03001SG/CommonLayer/Drama_Sit_Drinking_Loop.anim	Assets/Product/Role/DlcAnimation/BigWorld/Common/Com1ChiefmMd03001SG/Com1ChiefmMd03001SG/CommonLayer/Drama_Sit_Drinking_Loop.asset
Drama_Sit_Drinking_Start	BaseLayer	Assets/Product/Role/DlcAnimation/BigWorld/Common/Com1ChiefmMd03001SG/Com1ChiefmMd03001SG/CommonLayer/Drama_Sit_Drinking_Start.anim	Assets/Product/Role/DlcAnimation/BigWorld/Common/Com1ChiefmMd03001SG/Com1ChiefmMd03001SG/CommonLayer/Drama_Sit_Drinking_Start.asset
Drama_Sit_Sikao_End	BaseLayer	Assets/Product/Role/DlcAnimation/BigWorld/Common/Com1ChiefmMd03001SG/Com1ChiefmMd03001SG/CommonLayer/Drama_Sit_Sikao_End.anim	Assets/Product/Role/DlcAnimation/BigWorld/Common/Com1ChiefmMd03001SG/Com1ChiefmMd03001SG/CommonLayer/Drama_Sit_Sikao_End.asset
Drama_Sit_Sikao_Loop	BaseLayer	Assets/Product/Role/DlcAnimation/BigWorld/Common/Com1ChiefmMd03001SG/Com1ChiefmMd03001SG/CommonLayer/Drama_Sit_Sikao_Loop.anim	Assets/Product/Role/DlcAnimation/BigWorld/Common/Com1ChiefmMd03001SG/Com1ChiefmMd03001SG/CommonLayer/Drama_Sit_Sikao_Loop.asset
Drama_Sit_Sikao_Start	BaseLayer	Assets/Product/Role/DlcAnimation/BigWorld/Common/Com1ChiefmMd03001SG/Com1ChiefmMd03001SG/CommonLayer/Drama_Sit_Sikao_Start.anim	Assets/Product/Role/DlcAnimation/BigWorld/Common/Com1ChiefmMd03001SG/Com1ChiefmMd03001SG/CommonLayer/Drama_Sit_Sikao_Start.asset
Drama_Sit_Talk	BaseLayer	Assets/Product/Role/DlcAnimation/BigWorld/Common/Com1ChiefmMd03001SG/Com1ChiefmMd03001SG/CommonLayer/Drama_Sit_Talk.anim	Assets/Product/Role/DlcAnimation/BigWorld/Common/Com1ChiefmMd03001SG/Com1ChiefmMd03001SG/CommonLayer/Drama_Sit_Talk.asset
Drama_Sit_Work_01	BaseLayer	Assets/Product/Role/DlcAnimation/BigWorld/Common/Com1ChiefmMd03001SG/Com1ChiefmMd03001SG/CommonLayer/Drama_Sit_Work_01.anim	Assets/Product/Role/DlcAnimation/BigWorld/Common/Com1ChiefmMd03001SG/Com1ChiefmMd03001SG/CommonLayer/Drama_Sit_Work_01.asset
Drama_Sit_Work_02	BaseLayer	Assets/Product/Role/DlcAnimation/BigWorld/Common/Com1ChiefmMd03001SG/Com1ChiefmMd03001SG/CommonLayer/Drama_Sit_Work_02.anim	Assets/Product/Role/DlcAnimation/BigWorld/Common/Com1ChiefmMd03001SG/Com1ChiefmMd03001SG/CommonLayer/Drama_Sit_Work_02.asset
Drama_Sit_Work_03	BaseLayer	Assets/Product/Role/DlcAnimation/BigWorld/Common/Com1ChiefmMd03001SG/Com1ChiefmMd03001SG/CommonLayer/Drama_Sit_Work_03.anim	Assets/Product/Role/DlcAnimation/BigWorld/Common/Com1ChiefmMd03001SG/Com1ChiefmMd03001SG/CommonLayer/Drama_Sit_Work_03.asset
Drama_SqueezeHand_Zhihuiguan_End	BaseLayer	Assets/Product/Role/DlcAnimation/BigWorld/Common/Com1ChiefmMd03001SG/Com1ChiefmMd03001SG/CommonLayer/Drama_SqueezeHand_Zhihuiguan_End.anim	Assets/Product/Role/DlcAnimation/BigWorld/Common/Com1ChiefmMd03001SG/Com1ChiefmMd03001SG/CommonLayer/Drama_SqueezeHand_Zhihuiguan_End.asset
Drama_SqueezeHand_Zhihuiguan_Loop	BaseLayer	Assets/Product/Role/DlcAnimation/BigWorld/Common/Com1ChiefmMd03001SG/Com1ChiefmMd03001SG/CommonLayer/Drama_SqueezeHand_Zhihuiguan_Loop.anim	Assets/Product/Role/DlcAnimation/BigWorld/Common/Com1ChiefmMd03001SG/Com1ChiefmMd03001SG/CommonLayer/Drama_SqueezeHand_Zhihuiguan_Loop.asset
Drama_SqueezeHand_Zhihuiguan_Start	BaseLayer	Assets/Product/Role/DlcAnimation/BigWorld/Common/Com1ChiefmMd03001SG/Com1ChiefmMd03001SG/CommonLayer/Drama_SqueezeHand_Zhihuiguan_Start.anim	Assets/Product/Role/DlcAnimation/BigWorld/Common/Com1ChiefmMd03001SG/Com1ChiefmMd03001SG/CommonLayer/Drama_SqueezeHand_Zhihuiguan_Start.asset
Drama_StandUp	BaseLayer	Assets/Product/Role/DlcAnimation/BigWorld/Common/Com1ChiefmMd03001SG/Com1ChiefmMd03001SG/CommonLayer/Drama_StandUp.anim	Assets/Product/Role/DlcAnimation/BigWorld/Common/Com1ChiefmMd03001SG/Com1ChiefmMd03001SG/CommonLayer/Drama_StandUp.asset
Drama_Stand_01	BaseLayer	Assets/Product/Role/DlcAnimation/BigWorld/Common/Com1ChiefmMd03001SG/Com1ChiefmMd03001SG/CommonLayer/Drama_Stand_01.anim	Assets/Product/Role/DlcAnimation/BigWorld/Common/Com1ChiefmMd03001SG/Com1ChiefmMd03001SG/CommonLayer/Drama_Stand_01.asset
Drama_Stand_02_End	BaseLayer	Assets/Product/Role/DlcAnimation/BigWorld/Common/Com1ChiefmMd03001SG/Com1ChiefmMd03001SG/CommonLayer/Drama_Stand_02_End.anim	Assets/Product/Role/DlcAnimation/BigWorld/Common/Com1ChiefmMd03001SG/Com1ChiefmMd03001SG/CommonLayer/Drama_Stand_02_End.asset
Drama_Stand_02_Loop	BaseLayer	Assets/Product/Role/DlcAnimation/BigWorld/Common/Com1ChiefmMd03001SG/Com1ChiefmMd03001SG/CommonLayer/Drama_Stand_02_Loop.anim	Assets/Product/Role/DlcAnimation/BigWorld/Common/Com1ChiefmMd03001SG/Com1ChiefmMd03001SG/CommonLayer/Drama_Stand_02_Loop.asset
Drama_Stand_02_Start	BaseLayer	Assets/Product/Role/DlcAnimation/BigWorld/Common/Com1ChiefmMd03001SG/Com1ChiefmMd03001SG/CommonLayer/Drama_Stand_02_Start.anim	Assets/Product/Role/DlcAnimation/BigWorld/Common/Com1ChiefmMd03001SG/Com1ChiefmMd03001SG/CommonLayer/Drama_Stand_02_Start.asset
Drama_Stand_03_End	BaseLayer	Assets/Product/Role/DlcAnimation/BigWorld/Common/Com1ChiefmMd03001SG/Com1ChiefmMd03001SG/CommonLayer/Drama_Stand_03_End.anim	Assets/Product/Role/DlcAnimation/BigWorld/Common/Com1ChiefmMd03001SG/Com1ChiefmMd03001SG/CommonLayer/Drama_Stand_03_End.asset
Drama_Stand_03_Loop	BaseLayer	Assets/Product/Role/DlcAnimation/BigWorld/Common/Com1ChiefmMd03001SG/Com1ChiefmMd03001SG/CommonLayer/Drama_Stand_03_Loop.anim	Assets/Product/Role/DlcAnimation/BigWorld/Common/Com1ChiefmMd03001SG/Com1ChiefmMd03001SG/CommonLayer/Drama_Stand_03_Loop.asset
Drama_Stand_03_Start	BaseLayer	Assets/Product/Role/DlcAnimation/BigWorld/Common/Com1ChiefmMd03001SG/Com1ChiefmMd03001SG/CommonLayer/Drama_Stand_03_Start.anim	Assets/Product/Role/DlcAnimation/BigWorld/Common/Com1ChiefmMd03001SG/Com1ChiefmMd03001SG/CommonLayer/Drama_Stand_03_Start.asset
Drama_Stand_04_End	BaseLayer	Assets/Product/Role/DlcAnimation/BigWorld/Common/Com1ChiefmMd03001SG/Com1ChiefmMd03001SG/CommonLayer/Drama_Stand_04_End.anim	Assets/Product/Role/DlcAnimation/BigWorld/Common/Com1ChiefmMd03001SG/Com1ChiefmMd03001SG/CommonLayer/Drama_Stand_04_End.asset
Drama_Stand_04_Loop	BaseLayer	Assets/Product/Role/DlcAnimation/BigWorld/Common/Com1ChiefmMd03001SG/Com1ChiefmMd03001SG/CommonLayer/Drama_Stand_04_Loop.anim	Assets/Product/Role/DlcAnimation/BigWorld/Common/Com1ChiefmMd03001SG/Com1ChiefmMd03001SG/CommonLayer/Drama_Stand_04_Loop.asset
Drama_Stand_04_Start	BaseLayer	Assets/Product/Role/DlcAnimation/BigWorld/Common/Com1ChiefmMd03001SG/Com1ChiefmMd03001SG/CommonLayer/Drama_Stand_04_Start.anim	Assets/Product/Role/DlcAnimation/BigWorld/Common/Com1ChiefmMd03001SG/Com1ChiefmMd03001SG/CommonLayer/Drama_Stand_04_Start.asset
Drama_Stand_05_End	BaseLayer	Assets/Product/Role/DlcAnimation/BigWorld/Common/Com1ChiefmMd03001SG/Com1ChiefmMd03001SG/CommonLayer/Drama_Stand_05_End.anim	Assets/Product/Role/DlcAnimation/BigWorld/Common/Com1ChiefmMd03001SG/Com1ChiefmMd03001SG/CommonLayer/Drama_Stand_05_End.asset
Drama_Stand_05_Loop	BaseLayer	Assets/Product/Role/DlcAnimation/BigWorld/Common/Com1ChiefmMd03001SG/Com1ChiefmMd03001SG/CommonLayer/Drama_Stand_05_Loop.anim	Assets/Product/Role/DlcAnimation/BigWorld/Common/Com1ChiefmMd03001SG/Com1ChiefmMd03001SG/CommonLayer/Drama_Stand_05_Loop.asset
Drama_Stand_05_Start	BaseLayer	Assets/Product/Role/DlcAnimation/BigWorld/Common/Com1ChiefmMd03001SG/Com1ChiefmMd03001SG/CommonLayer/Drama_Stand_05_Start.anim	Assets/Product/Role/DlcAnimation/BigWorld/Common/Com1ChiefmMd03001SG/Com1ChiefmMd03001SG/CommonLayer/Drama_Stand_05_Start.asset
Drama_Stand_06_End	BaseLayer	Assets/Product/Role/DlcAnimation/BigWorld/Common/Com1ChiefmMd03001SG/Com1ChiefmMd03001SG/CommonLayer/Drama_Stand_06_End.anim	Assets/Product/Role/DlcAnimation/BigWorld/Common/Com1ChiefmMd03001SG/Com1ChiefmMd03001SG/CommonLayer/Drama_Stand_06_End.asset
Drama_Stand_06_Loop	BaseLayer	Assets/Product/Role/DlcAnimation/BigWorld/Common/Com1ChiefmMd03001SG/Com1ChiefmMd03001SG/CommonLayer/Drama_Stand_06_Loop.anim	Assets/Product/Role/DlcAnimation/BigWorld/Common/Com1ChiefmMd03001SG/Com1ChiefmMd03001SG/CommonLayer/Drama_Stand_06_Loop.asset
Drama_Stand_06_Start	BaseLayer	Assets/Product/Role/DlcAnimation/BigWorld/Common/Com1ChiefmMd03001SG/Com1ChiefmMd03001SG/CommonLayer/Drama_Stand_06_Start.anim	Assets/Product/Role/DlcAnimation/BigWorld/Common/Com1ChiefmMd03001SG/Com1ChiefmMd03001SG/CommonLayer/Drama_Stand_06_Start.asset
Drama_Stand_07_End	BaseLayer	Assets/Product/Role/DlcAnimation/BigWorld/Common/Com1ChiefmMd03001SG/Com1ChiefmMd03001SG/CommonLayer/Drama_Stand_07_End.anim	Assets/Product/Role/DlcAnimation/BigWorld/Common/Com1ChiefmMd03001SG/Com1ChiefmMd03001SG/CommonLayer/Drama_Stand_07_End.asset
Drama_Stand_07_Loop	BaseLayer	Assets/Product/Role/DlcAnimation/BigWorld/Common/Com1ChiefmMd03001SG/Com1ChiefmMd03001SG/CommonLayer/Drama_Stand_07_Loop.anim	Assets/Product/Role/DlcAnimation/BigWorld/Common/Com1ChiefmMd03001SG/Com1ChiefmMd03001SG/CommonLayer/Drama_Stand_07_Loop.asset
Drama_Stand_07_Start	BaseLayer	Assets/Product/Role/DlcAnimation/BigWorld/Common/Com1ChiefmMd03001SG/Com1ChiefmMd03001SG/CommonLayer/Drama_Stand_07_Start.anim	Assets/Product/Role/DlcAnimation/BigWorld/Common/Com1ChiefmMd03001SG/Com1ChiefmMd03001SG/CommonLayer/Drama_Stand_07_Start.asset
Drama_Stand_08_End	BaseLayer	Assets/Product/Role/DlcAnimation/BigWorld/Common/Com1ChiefmMd03001SG/Com1ChiefmMd03001SG/CommonLayer/Drama_Stand_08_End.anim	Assets/Product/Role/DlcAnimation/BigWorld/Common/Com1ChiefmMd03001SG/Com1ChiefmMd03001SG/CommonLayer/Drama_Stand_08_End.asset
Drama_Stand_08_Loop	BaseLayer	Assets/Product/Role/DlcAnimation/BigWorld/Common/Com1ChiefmMd03001SG/Com1ChiefmMd03001SG/CommonLayer/Drama_Stand_08_Loop.anim	Assets/Product/Role/DlcAnimation/BigWorld/Common/Com1ChiefmMd03001SG/Com1ChiefmMd03001SG/CommonLayer/Drama_Stand_08_Loop.asset
Drama_Stand_08_Start	BaseLayer	Assets/Product/Role/DlcAnimation/BigWorld/Common/Com1ChiefmMd03001SG/Com1ChiefmMd03001SG/CommonLayer/Drama_Stand_08_Start.anim	Assets/Product/Role/DlcAnimation/BigWorld/Common/Com1ChiefmMd03001SG/Com1ChiefmMd03001SG/CommonLayer/Drama_Stand_08_Start.asset
Drama_Stand_10	BaseLayer	Assets/Product/Role/DlcAnimation/BigWorld/Common/Com1ChiefmMd03001SG/Com1ChiefmMd03001SG/CommonLayer/Drama_Stand_10.anim	Assets/Product/Role/DlcAnimation/BigWorld/Common/Com1ChiefmMd03001SG/Com1ChiefmMd03001SG/CommonLayer/Drama_Stand_10.asset
Drama_Stand_11_End	BaseLayer	Assets/Product/Role/DlcAnimation/BigWorld/Common/Com1ChiefmMd03001SG/Com1ChiefmMd03001SG/CommonLayer/Drama_Stand_11_End.anim	Assets/Product/Role/DlcAnimation/BigWorld/Common/Com1ChiefmMd03001SG/Com1ChiefmMd03001SG/CommonLayer/Drama_Stand_11_End.asset
Drama_Stand_11_Loop	BaseLayer	Assets/Product/Role/DlcAnimation/BigWorld/Common/Com1ChiefmMd03001SG/Com1ChiefmMd03001SG/CommonLayer/Drama_Stand_11_Loop.anim	Assets/Product/Role/DlcAnimation/BigWorld/Common/Com1ChiefmMd03001SG/Com1ChiefmMd03001SG/CommonLayer/Drama_Stand_11_Loop.asset
Drama_Stand_11_Start	BaseLayer	Assets/Product/Role/DlcAnimation/BigWorld/Common/Com1ChiefmMd03001SG/Com1ChiefmMd03001SG/CommonLayer/Drama_Stand_11_Start.anim	Assets/Product/Role/DlcAnimation/BigWorld/Common/Com1ChiefmMd03001SG/Com1ChiefmMd03001SG/CommonLayer/Drama_Stand_11_Start.asset
Drama_Stand_12_End	BaseLayer	Assets/Product/Role/DlcAnimation/BigWorld/Common/Com1ChiefmMd03001SG/Com1ChiefmMd03001SG/CommonLayer/Drama_Stand_12_End.anim	Assets/Product/Role/DlcAnimation/BigWorld/Common/Com1ChiefmMd03001SG/Com1ChiefmMd03001SG/CommonLayer/Drama_Stand_12_End.asset
Drama_Stand_12_Loop	BaseLayer	Assets/Product/Role/DlcAnimation/BigWorld/Common/Com1ChiefmMd03001SG/Com1ChiefmMd03001SG/CommonLayer/Drama_Stand_12_Loop.anim	Assets/Product/Role/DlcAnimation/BigWorld/Common/Com1ChiefmMd03001SG/Com1ChiefmMd03001SG/CommonLayer/Drama_Stand_12_Loop.asset
Drama_Stand_12_Start	BaseLayer	Assets/Product/Role/DlcAnimation/BigWorld/Common/Com1ChiefmMd03001SG/Com1ChiefmMd03001SG/CommonLayer/Drama_Stand_12_Start.anim	Assets/Product/Role/DlcAnimation/BigWorld/Common/Com1ChiefmMd03001SG/Com1ChiefmMd03001SG/CommonLayer/Drama_Stand_12_Start.asset
Drama_Stand_16_End	BaseLayer	Assets/Product/Role/DlcAnimation/BigWorld/Common/Com1ChiefmMd03001SG/Com1ChiefmMd03001SG/CommonLayer/Drama_Stand_16_End.anim	Assets/Product/Role/DlcAnimation/BigWorld/Common/Com1ChiefmMd03001SG/Com1ChiefmMd03001SG/CommonLayer/Drama_Stand_16_End.asset
Drama_Stand_16_Loop	BaseLayer	Assets/Product/Role/DlcAnimation/BigWorld/Common/Com1ChiefmMd03001SG/Com1ChiefmMd03001SG/CommonLayer/Drama_Stand_16_Loop.anim	Assets/Product/Role/DlcAnimation/BigWorld/Common/Com1ChiefmMd03001SG/Com1ChiefmMd03001SG/CommonLayer/Drama_Stand_16_Loop.asset
Drama_Stand_16_Start	BaseLayer	Assets/Product/Role/DlcAnimation/BigWorld/Common/Com1ChiefmMd03001SG/Com1ChiefmMd03001SG/CommonLayer/Drama_Stand_16_Start.anim	Assets/Product/Role/DlcAnimation/BigWorld/Common/Com1ChiefmMd03001SG/Com1ChiefmMd03001SG/CommonLayer/Drama_Stand_16_Start.asset
Drama_Stand_18_End	BaseLayer	Assets/Product/Role/DlcAnimation/BigWorld/Common/Com1ChiefmMd03001SG/Com1ChiefmMd03001SG/CommonLayer/Drama_Stand_18_End.anim	Assets/Product/Role/DlcAnimation/BigWorld/Common/Com1ChiefmMd03001SG/Com1ChiefmMd03001SG/CommonLayer/Drama_Stand_18_End.asset
Drama_Stand_18_Loop	BaseLayer	Assets/Product/Role/DlcAnimation/BigWorld/Common/Com1ChiefmMd03001SG/Com1ChiefmMd03001SG/CommonLayer/Drama_Stand_18_Loop.anim	Assets/Product/Role/DlcAnimation/BigWorld/Common/Com1ChiefmMd03001SG/Com1ChiefmMd03001SG/CommonLayer/Drama_Stand_18_Loop.asset
Drama_Stand_18_Start	BaseLayer	Assets/Product/Role/DlcAnimation/BigWorld/Common/Com1ChiefmMd03001SG/Com1ChiefmMd03001SG/CommonLayer/Drama_Stand_18_Start.anim	Assets/Product/Role/DlcAnimation/BigWorld/Common/Com1ChiefmMd03001SG/Com1ChiefmMd03001SG/CommonLayer/Drama_Stand_18_Start.asset
Drama_Stand_22_End	BaseLayer	Assets/Product/Role/DlcAnimation/BigWorld/Common/Com1ChiefmMd03001SG/Com1ChiefmMd03001SG/CommonLayer/Drama_Stand_22_End.anim	Assets/Product/Role/DlcAnimation/BigWorld/Common/Com1ChiefmMd03001SG/Com1ChiefmMd03001SG/CommonLayer/Drama_Stand_22_End.asset
Drama_Stand_22_Loop	BaseLayer	Assets/Product/Role/DlcAnimation/BigWorld/Common/Com1ChiefmMd03001SG/Com1ChiefmMd03001SG/CommonLayer/Drama_Stand_22_Loop.anim	Assets/Product/Role/DlcAnimation/BigWorld/Common/Com1ChiefmMd03001SG/Com1ChiefmMd03001SG/CommonLayer/Drama_Stand_22_Loop.asset
Drama_Stand_22_Start	BaseLayer	Assets/Product/Role/DlcAnimation/BigWorld/Common/Com1ChiefmMd03001SG/Com1ChiefmMd03001SG/CommonLayer/Drama_Stand_22_Start.anim	Assets/Product/Role/DlcAnimation/BigWorld/Common/Com1ChiefmMd03001SG/Com1ChiefmMd03001SG/CommonLayer/Drama_Stand_22_Start.asset
Drama_Stand_9	BaseLayer	Assets/Product/Role/DlcAnimation/BigWorld/Common/Com1ChiefmMd03001SG/Com1ChiefmMd03001SG/CommonLayer/Drama_Stand_9.anim	Assets/Product/Role/DlcAnimation/BigWorld/Common/Com1ChiefmMd03001SG/Com1ChiefmMd03001SG/CommonLayer/Drama_Stand_9.asset
Drama_Takehand_End	BaseLayer	Assets/Product/Role/DlcAnimation/BigWorld/Common/Com1ChiefmMd03001SG/Com1ChiefmMd03001SG/CommonLayer/Drama_Takehand_End.anim	Assets/Product/Role/DlcAnimation/BigWorld/Common/Com1ChiefmMd03001SG/Com1ChiefmMd03001SG/CommonLayer/Drama_Takehand_End.asset
Drama_Takehand_Loop	BaseLayer	Assets/Product/Role/DlcAnimation/BigWorld/Common/Com1ChiefmMd03001SG/Com1ChiefmMd03001SG/CommonLayer/Drama_Takehand_Loop.anim	Assets/Product/Role/DlcAnimation/BigWorld/Common/Com1ChiefmMd03001SG/Com1ChiefmMd03001SG/CommonLayer/Drama_Takehand_Loop.asset
Drama_Takehand_Start	BaseLayer	Assets/Product/Role/DlcAnimation/BigWorld/Common/Com1ChiefmMd03001SG/Com1ChiefmMd03001SG/CommonLayer/Drama_Takehand_Start.anim	Assets/Product/Role/DlcAnimation/BigWorld/Common/Com1ChiefmMd03001SG/Com1ChiefmMd03001SG/CommonLayer/Drama_Takehand_Start.asset
Drama_Takehand_Zhihuiguan_Loop	BaseLayer	Assets/Product/Role/DlcAnimation/BigWorld/Common/Com1ChiefmMd03001SG/Com1ChiefmMd03001SG/CommonLayer/Drama_Takehand_Zhihuiguan_Loop.anim	Assets/Product/Role/DlcAnimation/BigWorld/Common/Com1ChiefmMd03001SG/Com1ChiefmMd03001SG/CommonLayer/Drama_Takehand_Zhihuiguan_Loop.asset
Drama_Takehand_Zhihuiguan_Start	BaseLayer	Assets/Product/Role/DlcAnimation/BigWorld/Common/Com1ChiefmMd03001SG/Com1ChiefmMd03001SG/CommonLayer/Drama_Takehand_Zhihuiguan_Start.anim	Assets/Product/Role/DlcAnimation/BigWorld/Common/Com1ChiefmMd03001SG/Com1ChiefmMd03001SG/CommonLayer/Drama_Takehand_Zhihuiguan_Start.asset
Drama_TouchHead_01_Loop	BaseLayer	Assets/Product/Role/DlcAnimation/BigWorld/Common/Com1ChiefmMd03001SG/Com1ChiefmMd03001SG/CommonLayer/Drama_TouchHead_01_Loop.anim	Assets/Product/Role/DlcAnimation/BigWorld/Common/Com1ChiefmMd03001SG/Com1ChiefmMd03001SG/CommonLayer/Drama_TouchHead_01_Loop.asset
Drama_TouchHead_01_Start	BaseLayer	Assets/Product/Role/DlcAnimation/BigWorld/Common/Com1ChiefmMd03001SG/Com1ChiefmMd03001SG/CommonLayer/Drama_TouchHead_01_Start.anim	Assets/Product/Role/DlcAnimation/BigWorld/Common/Com1ChiefmMd03001SG/Com1ChiefmMd03001SG/CommonLayer/Drama_TouchHead_01_Start.asset
Drama_TouchHead_02_End	BaseLayer	Assets/Product/Role/DlcAnimation/BigWorld/Common/Com1ChiefmMd03001SG/Com1ChiefmMd03001SG/CommonLayer/Drama_TouchHead_02_End.anim	Assets/Product/Role/DlcAnimation/BigWorld/Common/Com1ChiefmMd03001SG/Com1ChiefmMd03001SG/CommonLayer/Drama_TouchHead_02_End.asset
Drama_TouchHead_02_Loop	BaseLayer	Assets/Product/Role/DlcAnimation/BigWorld/Common/Com1ChiefmMd03001SG/Com1ChiefmMd03001SG/CommonLayer/Drama_TouchHead_02_Loop.anim	Assets/Product/Role/DlcAnimation/BigWorld/Common/Com1ChiefmMd03001SG/Com1ChiefmMd03001SG/CommonLayer/Drama_TouchHead_02_Loop.asset
Drama_TouchHead_02_Start	BaseLayer	Assets/Product/Role/DlcAnimation/BigWorld/Common/Com1ChiefmMd03001SG/Com1ChiefmMd03001SG/CommonLayer/Drama_TouchHead_02_Start.anim	Assets/Product/Role/DlcAnimation/BigWorld/Common/Com1ChiefmMd03001SG/Com1ChiefmMd03001SG/CommonLayer/Drama_TouchHead_02_Start.asset
Drama_TouchHead_Zhihuiguan_01_Loop	BaseLayer	Assets/Product/Role/DlcAnimation/BigWorld/Common/Com1ChiefmMd03001SG/Com1ChiefmMd03001SG/CommonLayer/Drama_TouchHead_Zhihuiguan_01_Loop.anim	Assets/Product/Role/DlcAnimation/BigWorld/Common/Com1ChiefmMd03001SG/Com1ChiefmMd03001SG/CommonLayer/Drama_TouchHead_Zhihuiguan_01_Loop.asset
Drama_TouchHead_Zhihuiguan_01_Start	BaseLayer	Assets/Product/Role/DlcAnimation/BigWorld/Common/Com1ChiefmMd03001SG/Com1ChiefmMd03001SG/CommonLayer/Drama_TouchHead_Zhihuiguan_01_Start.anim	Assets/Product/Role/DlcAnimation/BigWorld/Common/Com1ChiefmMd03001SG/Com1ChiefmMd03001SG/CommonLayer/Drama_TouchHead_Zhihuiguan_01_Start.asset
Drama_TouchHead_Zhihuiguan_02_End	BaseLayer	Assets/Product/Role/DlcAnimation/BigWorld/Common/Com1ChiefmMd03001SG/Com1ChiefmMd03001SG/CommonLayer/Drama_TouchHead_Zhihuiguan_02_End.anim	Assets/Product/Role/DlcAnimation/BigWorld/Common/Com1ChiefmMd03001SG/Com1ChiefmMd03001SG/CommonLayer/Drama_TouchHead_Zhihuiguan_02_End.asset
Drama_TouchHead_Zhihuiguan_02_Loop	BaseLayer	Assets/Product/Role/DlcAnimation/BigWorld/Common/Com1ChiefmMd03001SG/Com1ChiefmMd03001SG/CommonLayer/Drama_TouchHead_Zhihuiguan_02_Loop.anim	Assets/Product/Role/DlcAnimation/BigWorld/Common/Com1ChiefmMd03001SG/Com1ChiefmMd03001SG/CommonLayer/Drama_TouchHead_Zhihuiguan_02_Loop.asset
Drama_TouchHead_Zhihuiguan_02_Start	BaseLayer	Assets/Product/Role/DlcAnimation/BigWorld/Common/Com1ChiefmMd03001SG/Com1ChiefmMd03001SG/CommonLayer/Drama_TouchHead_Zhihuiguan_02_Start.anim	Assets/Product/Role/DlcAnimation/BigWorld/Common/Com1ChiefmMd03001SG/Com1ChiefmMd03001SG/CommonLayer/Drama_TouchHead_Zhihuiguan_02_Start.asset
Drama_TouchHead_Zhihuiguan_End	BaseLayer	Assets/Product/Role/DlcAnimation/BigWorld/Common/Com1ChiefmMd03001SG/Com1ChiefmMd03001SG/CommonLayer/Drama_TouchHead_Zhihuiguan_End.anim	Assets/Product/Role/DlcAnimation/BigWorld/Common/Com1ChiefmMd03001SG/Com1ChiefmMd03001SG/CommonLayer/Drama_TouchHead_Zhihuiguan_End.asset
Drama_TouchHead_Zhihuiguan_Loop	BaseLayer	Assets/Product/Role/DlcAnimation/BigWorld/Common/Com1ChiefmMd03001SG/Com1ChiefmMd03001SG/CommonLayer/Drama_TouchHead_Zhihuiguan_Loop.anim	Assets/Product/Role/DlcAnimation/BigWorld/Common/Com1ChiefmMd03001SG/Com1ChiefmMd03001SG/CommonLayer/Drama_TouchHead_Zhihuiguan_Loop.asset
Drama_TouchHead_Zhihuiguan_Start	BaseLayer	Assets/Product/Role/DlcAnimation/BigWorld/Common/Com1ChiefmMd03001SG/Com1ChiefmMd03001SG/CommonLayer/Drama_TouchHead_Zhihuiguan_Start.anim	Assets/Product/Role/DlcAnimation/BigWorld/Common/Com1ChiefmMd03001SG/Com1ChiefmMd03001SG/CommonLayer/Drama_TouchHead_Zhihuiguan_Start.asset
Drama_Unstable	BaseLayer	Assets/Product/Role/DlcAnimation/BigWorld/Common/Com1ChiefmMd03001SG/Com1ChiefmMd03001SG/CommonLayer/Drama_Unstable.anim	Assets/Product/Role/DlcAnimation/BigWorld/Common/Com1ChiefmMd03001SG/Com1ChiefmMd03001SG/CommonLayer/Drama_Unstable.asset
Drama_Unstable_Loop	BaseLayer	Assets/Product/Role/DlcAnimation/BigWorld/Common/Com1ChiefmMd03001SG/Com1ChiefmMd03001SG/CommonLayer/Drama_Unstable_Loop.anim	Assets/Product/Role/DlcAnimation/BigWorld/Common/Com1ChiefmMd03001SG/Com1ChiefmMd03001SG/CommonLayer/Drama_Unstable_Loop.asset
Drama_Unstable_Start	BaseLayer	Assets/Product/Role/DlcAnimation/BigWorld/Common/Com1ChiefmMd03001SG/Com1ChiefmMd03001SG/CommonLayer/Drama_Unstable_Start.anim	Assets/Product/Role/DlcAnimation/BigWorld/Common/Com1ChiefmMd03001SG/Com1ChiefmMd03001SG/CommonLayer/Drama_Unstable_Start.asset
Drama_Walk_Hand01_End	BaseLayer	Assets/Product/Role/DlcAnimation/BigWorld/Common/Com1ChiefmMd03001SG/Com1ChiefmMd03001SG/CommonLayer/Drama_Walk_Hand01_End.anim	Assets/Product/Role/DlcAnimation/BigWorld/Common/Com1ChiefmMd03001SG/Com1ChiefmMd03001SG/CommonLayer/Drama_Walk_Hand01_End.asset
Drama_Walk_Hand01_Loop	BaseLayer	Assets/Product/Role/DlcAnimation/BigWorld/Common/Com1ChiefmMd03001SG/Com1ChiefmMd03001SG/CommonLayer/Drama_Walk_Hand01_Loop.anim	Assets/Product/Role/DlcAnimation/BigWorld/Common/Com1ChiefmMd03001SG/Com1ChiefmMd03001SG/CommonLayer/Drama_Walk_Hand01_Loop.asset
Drama_Walk_Hand01_Start	BaseLayer	Assets/Product/Role/DlcAnimation/BigWorld/Common/Com1ChiefmMd03001SG/Com1ChiefmMd03001SG/CommonLayer/Drama_Walk_Hand01_Start.anim	Assets/Product/Role/DlcAnimation/BigWorld/Common/Com1ChiefmMd03001SG/Com1ChiefmMd03001SG/CommonLayer/Drama_Walk_Hand01_Start.asset
Drama_Walk_Hand02_End	BaseLayer	Assets/Product/Role/DlcAnimation/BigWorld/Common/Com1ChiefmMd03001SG/Com1ChiefmMd03001SG/CommonLayer/Drama_Walk_Hand02_End.anim	Assets/Product/Role/DlcAnimation/BigWorld/Common/Com1ChiefmMd03001SG/Com1ChiefmMd03001SG/CommonLayer/Drama_Walk_Hand02_End.asset
Drama_Walk_Hand02_Loop	BaseLayer	Assets/Product/Role/DlcAnimation/BigWorld/Common/Com1ChiefmMd03001SG/Com1ChiefmMd03001SG/CommonLayer/Drama_Walk_Hand02_Loop.anim	Assets/Product/Role/DlcAnimation/BigWorld/Common/Com1ChiefmMd03001SG/Com1ChiefmMd03001SG/CommonLayer/Drama_Walk_Hand02_Loop.asset
Drama_Walk_Hand02_Start	BaseLayer	Assets/Product/Role/DlcAnimation/BigWorld/Common/Com1ChiefmMd03001SG/Com1ChiefmMd03001SG/CommonLayer/Drama_Walk_Hand02_Start.anim	Assets/Product/Role/DlcAnimation/BigWorld/Common/Com1ChiefmMd03001SG/Com1ChiefmMd03001SG/CommonLayer/Drama_Walk_Hand02_Start.asset
Drama_Wearheadphones	BaseLayer	Assets/Product/Role/DlcAnimation/BigWorld/Common/Com1ChiefmMd03001SG/Com1ChiefmMd03001SG/CommonLayer/Drama_Wearheadphones.anim	Assets/Product/Role/DlcAnimation/BigWorld/Common/Com1ChiefmMd03001SG/Com1ChiefmMd03001SG/CommonLayer/Drama_Wearheadphones.asset
Drama_Ws_Touch	BaseLayer	Assets/Product/Role/DlcAnimation/BigWorld/Common/Com1ChiefmMd03001SG/Com1ChiefmMd03001SG/CommonLayer/Drama_Ws_Touch.anim	Assets/Product/Role/DlcAnimation/BigWorld/Common/Com1ChiefmMd03001SG/Com1ChiefmMd03001SG/CommonLayer/Drama_Ws_Touch.asset
Drama_Ws_Touch02_Loop	BaseLayer	Assets/Product/Role/DlcAnimation/BigWorld/Common/Com1ChiefmMd03001SG/Com1ChiefmMd03001SG/CommonLayer/Drama_Ws_Touch02_Loop.anim	Assets/Product/Role/DlcAnimation/BigWorld/Common/Com1ChiefmMd03001SG/Com1ChiefmMd03001SG/CommonLayer/Drama_Ws_Touch02_Loop.asset
Drama_Ws_Touch02_Start	BaseLayer	Assets/Product/Role/DlcAnimation/BigWorld/Common/Com1ChiefmMd03001SG/Com1ChiefmMd03001SG/CommonLayer/Drama_Ws_Touch02_Start.anim	Assets/Product/Role/DlcAnimation/BigWorld/Common/Com1ChiefmMd03001SG/Com1ChiefmMd03001SG/CommonLayer/Drama_Ws_Touch02_Start.asset
Drama_Ws_Touch03_Start	BaseLayer	Assets/Product/Role/DlcAnimation/BigWorld/Common/Com1ChiefmMd03001SG/Com1ChiefmMd03001SG/CommonLayer/Drama_Ws_Touch03_Start.anim	Assets/Product/Role/DlcAnimation/BigWorld/Common/Com1ChiefmMd03001SG/Com1ChiefmMd03001SG/CommonLayer/Drama_Ws_Touch03_Start.asset
Drama_Ws_Touch_End	BaseLayer	Assets/Product/Role/DlcAnimation/BigWorld/Common/Com1ChiefmMd03001SG/Com1ChiefmMd03001SG/CommonLayer/Drama_Ws_Touch_End.anim	Assets/Product/Role/DlcAnimation/BigWorld/Common/Com1ChiefmMd03001SG/Com1ChiefmMd03001SG/CommonLayer/Drama_Ws_Touch_End.asset
Drama_Ws_Touch_Loop	BaseLayer	Assets/Product/Role/DlcAnimation/BigWorld/Common/Com1ChiefmMd03001SG/Com1ChiefmMd03001SG/CommonLayer/Drama_Ws_Touch_Loop.anim	Assets/Product/Role/DlcAnimation/BigWorld/Common/Com1ChiefmMd03001SG/Com1ChiefmMd03001SG/CommonLayer/Drama_Ws_Touch_Loop.asset
Drama_Ws_Touch_Start	BaseLayer	Assets/Product/Role/DlcAnimation/BigWorld/Common/Com1ChiefmMd03001SG/Com1ChiefmMd03001SG/CommonLayer/Drama_Ws_Touch_Start.anim	Assets/Product/Role/DlcAnimation/BigWorld/Common/Com1ChiefmMd03001SG/Com1ChiefmMd03001SG/CommonLayer/Drama_Ws_Touch_Start.asset
Drama_ZHG_Huishou	BaseLayer	Assets/Product/Role/DlcAnimation/BigWorld/Common/Com1ChiefmMd03001SG/Com1ChiefmMd03001SG/CommonLayer/Drama_ZHG_Huishou.anim	Assets/Product/Role/DlcAnimation/BigWorld/Common/Com1ChiefmMd03001SG/Com1ChiefmMd03001SG/CommonLayer/Drama_ZHG_Huishou.asset
Drama_ZHG_QS01_Loop	BaseLayer	Assets/Product/Role/DlcAnimation/BigWorld/Common/Com1ChiefmMd03001SG/Com1ChiefmMd03001SG/CommonLayer/Drama_ZHG_QS01_Loop.anim	
Drama_ZHG_QS01_Start	BaseLayer	Assets/Product/Role/DlcAnimation/BigWorld/Common/Com1ChiefmMd03001SG/Com1ChiefmMd03001SG/CommonLayer/Drama_ZHG_QS01_Start.anim	
Drama_ZHG_Turn180	BaseLayer	Assets/Product/Role/DlcAnimation/BigWorld/Common/Com1ChiefmMd03001SG/Com1ChiefmMd03001SG/CommonLayer/Drama_ZHG_Turn180.anim	Assets/Product/Role/DlcAnimation/BigWorld/Common/Com1ChiefmMd03001SG/Com1ChiefmMd03001SG/CommonLayer/Drama_ZHG_Turn180.asset
Drama_ZHG_WQZ01_Loop	BaseLayer	Assets/Product/Role/DlcAnimation/BigWorld/Common/Com1ChiefmMd03001SG/Com1ChiefmMd03001SG/CommonLayer/Drama_ZHG_WQZ01_Loop.anim	
Drama_ZHG_ZS01_End	BaseLayer	Assets/Product/Role/DlcAnimation/BigWorld/Common/Com1ChiefmMd03001SG/Com1ChiefmMd03001SG/CommonLayer/Drama_ZHG_ZS01_End.anim	
Drama_ZHG_ZS01_Loop	BaseLayer	Assets/Product/Role/DlcAnimation/BigWorld/Common/Com1ChiefmMd03001SG/Com1ChiefmMd03001SG/CommonLayer/Drama_ZHG_ZS01_Loop.anim	
Drama_ZHG_ZS01_Start	BaseLayer	Assets/Product/Role/DlcAnimation/BigWorld/Common/Com1ChiefmMd03001SG/Com1ChiefmMd03001SG/CommonLayer/Drama_ZHG_ZS01_Start.anim	
Drama_Zhihuiguan_Protect_End	BaseLayer	Assets/Product/Role/DlcAnimation/BigWorld/Common/Com1ChiefmMd03001SG/Com1ChiefmMd03001SG/CommonLayer/Drama_Zhihuiguan_Protect_End.anim	Assets/Product/Role/DlcAnimation/BigWorld/Common/Com1ChiefmMd03001SG/Com1ChiefmMd03001SG/CommonLayer/Drama_Zhihuiguan_Protect_End.asset
Drama_Zhihuiguan_Protect_Loop	BaseLayer	Assets/Product/Role/DlcAnimation/BigWorld/Common/Com1ChiefmMd03001SG/Com1ChiefmMd03001SG/CommonLayer/Drama_Zhihuiguan_Protect_Loop.anim	Assets/Product/Role/DlcAnimation/BigWorld/Common/Com1ChiefmMd03001SG/Com1ChiefmMd03001SG/CommonLayer/Drama_Zhihuiguan_Protect_Loop.asset
Drama_Zhihuiguan_Protect_Start	BaseLayer	Assets/Product/Role/DlcAnimation/BigWorld/Common/Com1ChiefmMd03001SG/Com1ChiefmMd03001SG/CommonLayer/Drama_Zhihuiguan_Protect_Start.anim	Assets/Product/Role/DlcAnimation/BigWorld/Common/Com1ChiefmMd03001SG/Com1ChiefmMd03001SG/CommonLayer/Drama_Zhihuiguan_Protect_Start.asset
Drama_Zhihuiguan_Sit_Baoqian	BaseLayer	Assets/Product/Role/DlcAnimation/BigWorld/Common/Com1ChiefmMd03001SG/Com1ChiefmMd03001SG/CommonLayer/Drama_Zhihuiguan_Sit_Baoqian.anim	Assets/Product/Role/DlcAnimation/BigWorld/Common/Com1ChiefmMd03001SG/Com1ChiefmMd03001SG/CommonLayer/Drama_Zhihuiguan_Sit_Baoqian.asset
Jumpchange1	BaseLayer	Assets/Product/Role/DlcAnimation/BigWorld/Common/Com1ChiefmMd03001SG/Com1ChiefmMd03001SG/CommonLayer/Jumpchange1.anim	
Jumpchange2	BaseLayer	Assets/Product/Role/DlcAnimation/BigWorld/Common/Com1ChiefmMd03001SG/Com1ChiefmMd03001SG/CommonLayer/Jumpchange2.anim	
Jumpdown1	BaseLayer	Assets/Product/Role/DlcAnimation/BigWorld/Common/Com1ChiefmMd03001SG/Com1ChiefmMd03001SG/CommonLayer/Jumpdown1.anim	
Jumpdown11	BaseLayer	Assets/Product/Role/DlcAnimation/BigWorld/Common/Com1ChiefmMd03001SG/Com1ChiefmMd03001SG/CommonLayer/Jumpdown11.anim	Assets/Product/Role/DlcAnimation/BigWorld/Common/Com1ChiefmMd03001SG/Com1ChiefmMd03001SG/CommonLayer/Jumpdown11.asset
Jumpdown2	BaseLayer	Assets/Product/Role/DlcAnimation/BigWorld/Common/Com1ChiefmMd03001SG/Com1ChiefmMd03001SG/CommonLayer/Jumpdown2.anim	Assets/Product/Role/DlcAnimation/BigWorld/Common/Com1ChiefmMd03001SG/Com1ChiefmMd03001SG/CommonLayer/Jumpdown2.asset
Jumpdown21	BaseLayer	Assets/Product/Role/DlcAnimation/BigWorld/Common/Com1ChiefmMd03001SG/Com1ChiefmMd03001SG/CommonLayer/Jumpdown21.anim	Assets/Product/Role/DlcAnimation/BigWorld/Common/Com1ChiefmMd03001SG/Com1ChiefmMd03001SG/CommonLayer/Jumpdown21.asset
Jumpfall1	BaseLayer	Assets/Product/Role/DlcAnimation/BigWorld/Common/Com1ChiefmMd03001SG/Com1ChiefmMd03001SG/CommonLayer/Jumpfall1.anim	
Jumpfall2	BaseLayer	Assets/Product/Role/DlcAnimation/BigWorld/Common/Com1ChiefmMd03001SG/Com1ChiefmMd03001SG/CommonLayer/Jumpfall2.anim	
Jumpfalling1	BaseLayer	Assets/Product/Role/DlcAnimation/BigWorld/Common/Com1ChiefmMd03001SG/Com1ChiefmMd03001SG/CommonLayer/Jumpfalling1.anim	Assets/Product/Role/DlcAnimation/BigWorld/Common/Com1ChiefmMd03001SG/Com1ChiefmMd03001SG/CommonLayer/Jumpfalling1.asset
Jumprise1	BaseLayer	Assets/Product/Role/DlcAnimation/BigWorld/Common/Com1ChiefmMd03001SG/Com1ChiefmMd03001SG/CommonLayer/Jumprise1.anim	
Jumprise2	BaseLayer	Assets/Product/Role/DlcAnimation/BigWorld/Common/Com1ChiefmMd03001SG/Com1ChiefmMd03001SG/CommonLayer/Jumprise2.anim	
Jumpsquat1	BaseLayer	Assets/Product/Role/DlcAnimation/BigWorld/Common/Com1ChiefmMd03001SG/Com1ChiefmMd03001SG/CommonLayer/Jumpsquat1.anim	
Jumpsquat2	BaseLayer	Assets/Product/Role/DlcAnimation/BigWorld/Common/Com1ChiefmMd03001SG/Com1ChiefmMd03001SG/CommonLayer/Jumpsquat2.anim	Assets/Product/Role/DlcAnimation/BigWorld/Common/Com1ChiefmMd03001SG/Com1ChiefmMd03001SG/CommonLayer/Jumpsquat2.asset
photo	BaseLayer	Assets/Product/Role/DlcAnimation/BigWorld/Common/Com1ChiefmMd03001SG/Com1ChiefmMd03001SG/CommonLayer/photo.anim	Assets/Product/Role/DlcAnimation/BigWorld/Common/Com1ChiefmMd03001SG/Com1ChiefmMd03001SG/CommonLayer/photo.asset
Photo_01	BaseLayer	Assets/Product/Role/DlcAnimation/BigWorld/Common/Com1ChiefmMd03001SG/Com1ChiefmMd03001SG/CommonLayer/Photo_01.anim	Assets/Product/Role/DlcAnimation/BigWorld/Common/Com1ChiefmMd03001SG/Com1ChiefmMd03001SG/CommonLayer/Photo_01.asset
Photo_02	BaseLayer	Assets/Product/Role/DlcAnimation/BigWorld/Common/Com1ChiefmMd03001SG/Com1ChiefmMd03001SG/CommonLayer/Photo_02.anim	Assets/Product/Role/DlcAnimation/BigWorld/Common/Com1ChiefmMd03001SG/Com1ChiefmMd03001SG/CommonLayer/Photo_02.asset
Run	BaseLayer	Assets/Product/Role/DlcAnimation/BigWorld/Common/Com1ChiefmMd03001SG/Com1ChiefmMd03001SG/CommonLayer/Run.anim	Assets/Product/Role/DlcAnimation/BigWorld/Common/Com1ChiefmMd03001SG/Com1ChiefmMd03001SG/CommonLayer/Run.asset
RunLeanL	BaseLayer	Assets/Product/Role/DlcAnimation/BigWorld/Common/Com1ChiefmMd03001SG/Com1ChiefmMd03001SG/CommonLayer/RunLeanL.anim	Assets/Product/Role/DlcAnimation/BigWorld/Common/Com1ChiefmMd03001SG/Com1ChiefmMd03001SG/CommonLayer/RunLeanL.asset
RunLeanR	BaseLayer	Assets/Product/Role/DlcAnimation/BigWorld/Common/Com1ChiefmMd03001SG/Com1ChiefmMd03001SG/CommonLayer/RunLeanR.anim	Assets/Product/Role/DlcAnimation/BigWorld/Common/Com1ChiefmMd03001SG/Com1ChiefmMd03001SG/CommonLayer/RunLeanR.asset
RunStart	BaseLayer	Assets/Product/Role/DlcAnimation/BigWorld/Common/Com1ChiefmMd03001SG/Com1ChiefmMd03001SG/CommonLayer/RunStart.anim	Assets/Product/Role/DlcAnimation/BigWorld/Common/Com1ChiefmMd03001SG/Com1ChiefmMd03001SG/CommonLayer/RunStart.asset
RunStartEnd01_L	BaseLayer	Assets/Product/Role/DlcAnimation/BigWorld/Common/Com1ChiefmMd03001SG/Com1ChiefmMd03001SG/CommonLayer/RunStartEnd01_L.anim	Assets/Product/Role/DlcAnimation/BigWorld/Common/Com1ChiefmMd03001SG/Com1ChiefmMd03001SG/CommonLayer/RunStartEnd01_L.asset
RunStartEnd01_R	BaseLayer	Assets/Product/Role/DlcAnimation/BigWorld/Common/Com1ChiefmMd03001SG/Com1ChiefmMd03001SG/CommonLayer/RunStartEnd01_R.anim	Assets/Product/Role/DlcAnimation/BigWorld/Common/Com1ChiefmMd03001SG/Com1ChiefmMd03001SG/CommonLayer/RunStartEnd01_R.asset
Run_B	BaseLayer	Assets/Product/Role/DlcAnimation/BigWorld/Common/Com1ChiefmMd03001SG/Com1ChiefmMd03001SG/CommonLayer/Run_B.anim	Assets/Product/Role/DlcAnimation/BigWorld/Common/Com1ChiefmMd03001SG/Com1ChiefmMd03001SG/CommonLayer/Run_B.asset
Run_LF	BaseLayer	Assets/Product/Role/DlcAnimation/BigWorld/Common/Com1ChiefmMd03001SG/Com1ChiefmMd03001SG/CommonLayer/Run_LF.anim	Assets/Product/Role/DlcAnimation/BigWorld/Common/Com1ChiefmMd03001SG/Com1ChiefmMd03001SG/CommonLayer/Run_LF.asset
Run_RF	BaseLayer	Assets/Product/Role/DlcAnimation/BigWorld/Common/Com1ChiefmMd03001SG/Com1ChiefmMd03001SG/CommonLayer/Run_RF.anim	Assets/Product/Role/DlcAnimation/BigWorld/Common/Com1ChiefmMd03001SG/Com1ChiefmMd03001SG/CommonLayer/Run_RF.asset
Sit01_Loop	BaseLayer	Assets/Product/Role/DlcAnimation/BigWorld/Common/Com1ChiefmMd03001SG/Com1ChiefmMd03001SG/CommonLayer/Sit01_Loop.anim	Assets/Product/Role/DlcAnimation/BigWorld/Common/Com1ChiefmMd03001SG/Com1ChiefmMd03001SG/CommonLayer/Sit01_Loop.asset
Sit_Disposable	BaseLayer	Assets/Product/Role/DlcAnimation/BigWorld/Common/Com1ChiefmMd03001SG/Com1ChiefmMd03001SG/CommonLayer/Sit_Disposable.anim	Assets/Product/Role/DlcAnimation/BigWorld/Common/Com1ChiefmMd03001SG/Com1ChiefmMd03001SG/CommonLayer/Sit_Disposable.asset
Sprint	BaseLayer	Assets/Product/Role/DlcAnimation/BigWorld/Common/Com1ChiefmMd03001SG/Com1ChiefmMd03001SG/CommonLayer/Sprint.anim	Assets/Product/Role/DlcAnimation/BigWorld/Common/Com1ChiefmMd03001SG/Com1ChiefmMd03001SG/CommonLayer/Sprint.asset
SprintLeanL	BaseLayer	Assets/Product/Role/DlcAnimation/BigWorld/Common/Com1ChiefmMd03001SG/Com1ChiefmMd03001SG/CommonLayer/SprintLeanL.anim	Assets/Product/Role/DlcAnimation/BigWorld/Common/Com1ChiefmMd03001SG/Com1ChiefmMd03001SG/CommonLayer/SprintLeanL.asset
SprintLeanR	BaseLayer	Assets/Product/Role/DlcAnimation/BigWorld/Common/Com1ChiefmMd03001SG/Com1ChiefmMd03001SG/CommonLayer/SprintLeanR.anim	Assets/Product/Role/DlcAnimation/BigWorld/Common/Com1ChiefmMd03001SG/Com1ChiefmMd03001SG/CommonLayer/SprintLeanR.asset
Stand2	BaseLayer	Assets/Product/Role/DlcAnimation/BigWorld/Common/Com1ChiefmMd03001SG/Com1ChiefmMd03001SG/CommonLayer/Stand2.anim	Assets/Product/Role/DlcAnimation/BigWorld/Common/Com1ChiefmMd03001SG/Com1ChiefmMd03001SG/CommonLayer/Stand2.asset
Stop_Run_L	BaseLayer	Assets/Product/Role/DlcAnimation/BigWorld/Common/Com1ChiefmMd03001SG/Com1ChiefmMd03001SG/CommonLayer/Stop_Run_L.anim	Assets/Product/Role/DlcAnimation/BigWorld/Common/Com1ChiefmMd03001SG/Com1ChiefmMd03001SG/CommonLayer/Stop_Run_L.asset
Stop_Run_R	BaseLayer	Assets/Product/Role/DlcAnimation/BigWorld/Common/Com1ChiefmMd03001SG/Com1ChiefmMd03001SG/CommonLayer/Stop_Run_R.anim	Assets/Product/Role/DlcAnimation/BigWorld/Common/Com1ChiefmMd03001SG/Com1ChiefmMd03001SG/CommonLayer/Stop_Run_R.asset
Stop_Sprint_L	BaseLayer	Assets/Product/Role/DlcAnimation/BigWorld/Common/Com1ChiefmMd03001SG/Com1ChiefmMd03001SG/CommonLayer/Stop_Sprint_L.anim	Assets/Product/Role/DlcAnimation/BigWorld/Common/Com1ChiefmMd03001SG/Com1ChiefmMd03001SG/CommonLayer/Stop_Sprint_L.asset
Stop_Sprint_R	BaseLayer	Assets/Product/Role/DlcAnimation/BigWorld/Common/Com1ChiefmMd03001SG/Com1ChiefmMd03001SG/CommonLayer/Stop_Sprint_R.anim	Assets/Product/Role/DlcAnimation/BigWorld/Common/Com1ChiefmMd03001SG/Com1ChiefmMd03001SG/CommonLayer/Stop_Sprint_R.asset
Stop_Walk_L	BaseLayer	Assets/Product/Role/DlcAnimation/BigWorld/Common/Com1ChiefmMd03001SG/Com1ChiefmMd03001SG/CommonLayer/Stop_Walk_L.anim	Assets/Product/Role/DlcAnimation/BigWorld/Common/Com1ChiefmMd03001SG/Com1ChiefmMd03001SG/CommonLayer/Stop_Walk_L.asset
Stop_Walk_R	BaseLayer	Assets/Product/Role/DlcAnimation/BigWorld/Common/Com1ChiefmMd03001SG/Com1ChiefmMd03001SG/CommonLayer/Stop_Walk_R.anim	Assets/Product/Role/DlcAnimation/BigWorld/Common/Com1ChiefmMd03001SG/Com1ChiefmMd03001SG/CommonLayer/Stop_Walk_R.asset
Turn90L	BaseLayer	Assets/Product/Role/DlcAnimation/BigWorld/Common/Com1ChiefmMd03001SG/Com1ChiefmMd03001SG/CommonLayer/Turn90L.anim	Assets/Product/Role/DlcAnimation/BigWorld/Common/Com1ChiefmMd03001SG/Com1ChiefmMd03001SG/CommonLayer/Turn90L.asset
Turn90R	BaseLayer	Assets/Product/Role/DlcAnimation/BigWorld/Common/Com1ChiefmMd03001SG/Com1ChiefmMd03001SG/CommonLayer/Turn90R.anim	Assets/Product/Role/DlcAnimation/BigWorld/Common/Com1ChiefmMd03001SG/Com1ChiefmMd03001SG/CommonLayer/Turn90R.asset
UiBabyLoniaFace3dStand	BaseLayer	Assets/Product/Role/DlcAnimation/BigWorld/Common/Com1ChiefmMd03001SG/Com1ChiefmMd03001SG/CommonLayer/UiBabyLoniaFace3dStand.anim	Assets/Product/Role/DlcAnimation/BigWorld/Common/Com1ChiefmMd03001SG/Com1ChiefmMd03001SG/CommonLayer/UiBabyLoniaFace3dStand.asset
Walk	BaseLayer	Assets/Product/Role/DlcAnimation/BigWorld/Common/Com1ChiefmMd03001SG/Com1ChiefmMd03001SG/CommonLayer/Walk.anim	Assets/Product/Role/DlcAnimation/BigWorld/Common/Com1ChiefmMd03001SG/Com1ChiefmMd03001SG/CommonLayer/Walk.asset
WalkEnd	BaseLayer	Assets/Product/Role/DlcAnimation/BigWorld/Common/Com1ChiefmMd03001SG/Com1ChiefmMd03001SG/CommonLayer/WalkEnd.anim	Assets/Product/Role/DlcAnimation/BigWorld/Common/Com1ChiefmMd03001SG/Com1ChiefmMd03001SG/CommonLayer/WalkEnd.asset
WalkStart	BaseLayer	Assets/Product/Role/DlcAnimation/BigWorld/Common/Com1ChiefmMd03001SG/Com1ChiefmMd03001SG/CommonLayer/WalkStart.anim	Assets/Product/Role/DlcAnimation/BigWorld/Common/Com1ChiefmMd03001SG/Com1ChiefmMd03001SG/CommonLayer/WalkStart.asset
Walk_B	BaseLayer	Assets/Product/Role/DlcAnimation/BigWorld/Common/Com1ChiefmMd03001SG/Com1ChiefmMd03001SG/CommonLayer/Walk_B.anim	Assets/Product/Role/DlcAnimation/BigWorld/Common/Com1ChiefmMd03001SG/Com1ChiefmMd03001SG/CommonLayer/Walk_B.asset
Walk_LF	BaseLayer	Assets/Product/Role/DlcAnimation/BigWorld/Common/Com1ChiefmMd03001SG/Com1ChiefmMd03001SG/CommonLayer/Walk_LF.anim	Assets/Product/Role/DlcAnimation/BigWorld/Common/Com1ChiefmMd03001SG/Com1ChiefmMd03001SG/CommonLayer/Walk_LF.asset
Walk_RF	BaseLayer	Assets/Product/Role/DlcAnimation/BigWorld/Common/Com1ChiefmMd03001SG/Com1ChiefmMd03001SG/CommonLayer/Walk_RF.anim	Assets/Product/Role/DlcAnimation/BigWorld/Common/Com1ChiefmMd03001SG/Com1ChiefmMd03001SG/CommonLayer/Walk_RF.asset
ZHG_Drama_15001_Loop	BaseLayer	Assets/Product/Role/DlcAnimation/BigWorld/Common/Com1ChiefmMd03001SG/Com1ChiefmMd03001SG/CommonLayer/ZHG_Drama_15001_Loop.anim	
ZHG_Drama_15001_Start	BaseLayer	Assets/Product/Role/DlcAnimation/BigWorld/Common/Com1ChiefmMd03001SG/Com1ChiefmMd03001SG/CommonLayer/ZHG_Drama_15001_Start.anim	
ZHG_Drama_R_Talk_End	BaseLayer	Assets/Product/Role/DlcAnimation/BigWorld/Common/Com1ChiefmMd03001SG/Com1ChiefmMd03001SG/CommonLayer/ZHG_Drama_R_Talk_End.anim	
ZHG_Drama_R_Talk_Loop	BaseLayer	Assets/Product/Role/DlcAnimation/BigWorld/Common/Com1ChiefmMd03001SG/Com1ChiefmMd03001SG/CommonLayer/ZHG_Drama_R_Talk_Loop.anim	
ZHG_Drama_R_Talk_Start	BaseLayer	Assets/Product/Role/DlcAnimation/BigWorld/Common/Com1ChiefmMd03001SG/Com1ChiefmMd03001SG/CommonLayer/ZHG_Drama_R_Talk_Start.anim	
Drama_1001_001_Zhihuiguan_01	BaseLayer	Assets/Product/Role/DlcAnimation/BigWorld/Common/Com1ChiefmMd01001SG/Com1ChiefmMd01001SG/CommonLayer/Drama_1001_001_Zhihuiguan_01.anim	Assets/Product/Role/DlcAnimation/BigWorld/Common/Com1ChiefmMd01001SG/Com1ChiefmMd01001SG/CommonLayer/Drama_1001_001_Zhihuiguan_01.asset
Drama_1001_001_Zhihuiguan_02	BaseLayer	Assets/Product/Role/DlcAnimation/BigWorld/Common/Com1ChiefmMd01001SG/Com1ChiefmMd01001SG/CommonLayer/Drama_1001_001_Zhihuiguan_02.anim	Assets/Product/Role/DlcAnimation/BigWorld/Common/Com1ChiefmMd01001SG/Com1ChiefmMd01001SG/CommonLayer/Drama_1001_001_Zhihuiguan_02.asset
Drama_1001_001_Zhihuiguan_03	BaseLayer	Assets/Product/Role/DlcAnimation/BigWorld/Common/Com1ChiefmMd01001SG/Com1ChiefmMd01001SG/CommonLayer/Drama_1001_001_Zhihuiguan_03.anim	Assets/Product/Role/DlcAnimation/BigWorld/Common/Com1ChiefmMd01001SG/Com1ChiefmMd01001SG/CommonLayer/Drama_1001_001_Zhihuiguan_03.asset
Drama_1001_001_Zhihuiguan_04	BaseLayer	Assets/Product/Role/DlcAnimation/BigWorld/Common/Com1ChiefmMd01001SG/Com1ChiefmMd01001SG/CommonLayer/Drama_1001_001_Zhihuiguan_04.anim	Assets/Product/Role/DlcAnimation/BigWorld/Common/Com1ChiefmMd01001SG/Com1ChiefmMd01001SG/CommonLayer/Drama_1001_001_Zhihuiguan_04.asset
Drama_1001_001_Zhihuiguan_05	BaseLayer	Assets/Product/Role/DlcAnimation/BigWorld/Common/Com1ChiefmMd01001SG/Com1ChiefmMd01001SG/CommonLayer/Drama_1001_001_Zhihuiguan_05.anim	Assets/Product/Role/DlcAnimation/BigWorld/Common/Com1ChiefmMd01001SG/Com1ChiefmMd01001SG/CommonLayer/Drama_1001_001_Zhihuiguan_05.asset
Drama_1001_001_Zhihuiguan_06	BaseLayer	Assets/Product/Role/DlcAnimation/BigWorld/Common/Com1ChiefmMd01001SG/Com1ChiefmMd01001SG/CommonLayer/Drama_1001_001_Zhihuiguan_06.anim	Assets/Product/Role/DlcAnimation/BigWorld/Common/Com1ChiefmMd01001SG/Com1ChiefmMd01001SG/CommonLayer/Drama_1001_001_Zhihuiguan_06.asset
Drama_1001_001_Zhihuiguan_07	BaseLayer	Assets/Product/Role/DlcAnimation/BigWorld/Common/Com1ChiefmMd01001SG/Com1ChiefmMd01001SG/CommonLayer/Drama_1001_001_Zhihuiguan_07.anim	Assets/Product/Role/DlcAnimation/BigWorld/Common/Com1ChiefmMd01001SG/Com1ChiefmMd01001SG/CommonLayer/Drama_1001_001_Zhihuiguan_07.asset
Drama_1001_001_Zhihuiguan_08_Loop	BaseLayer	Assets/Product/Role/DlcAnimation/BigWorld/Common/Com1ChiefmMd01001SG/Com1ChiefmMd01001SG/CommonLayer/Drama_1001_001_Zhihuiguan_08_Loop.anim	Assets/Product/Role/DlcAnimation/BigWorld/Common/Com1ChiefmMd01001SG/Com1ChiefmMd01001SG/CommonLayer/Drama_1001_001_Zhihuiguan_08_Loop.asset
Drama_1001_001_Zhihuiguan_09	BaseLayer	Assets/Product/Role/DlcAnimation/BigWorld/Common/Com1ChiefmMd01001SG/Com1ChiefmMd01001SG/CommonLayer/Drama_1001_001_Zhihuiguan_09.anim	Assets/Product/Role/DlcAnimation/BigWorld/Common/Com1ChiefmMd01001SG/Com1ChiefmMd01001SG/CommonLayer/Drama_1001_001_Zhihuiguan_09.asset
Drama_1001_001_Zhihuiguan_10	BaseLayer	Assets/Product/Role/DlcAnimation/BigWorld/Common/Com1ChiefmMd01001SG/Com1ChiefmMd01001SG/CommonLayer/Drama_1001_001_Zhihuiguan_10.anim	Assets/Product/Role/DlcAnimation/BigWorld/Common/Com1ChiefmMd01001SG/Com1ChiefmMd01001SG/CommonLayer/Drama_1001_001_Zhihuiguan_10.asset
Drama_1001_001_Zhihuiguan_11	BaseLayer	Assets/Product/Role/DlcAnimation/BigWorld/Common/Com1ChiefmMd01001SG/Com1ChiefmMd01001SG/CommonLayer/Drama_1001_001_Zhihuiguan_11.anim	Assets/Product/Role/DlcAnimation/BigWorld/Common/Com1ChiefmMd01001SG/Com1ChiefmMd01001SG/CommonLayer/Drama_1001_001_Zhihuiguan_11.asset
Drama_1001_001_Zhihuiguan_12_Loop	BaseLayer	Assets/Product/Role/DlcAnimation/BigWorld/Common/Com1ChiefmMd01001SG/Com1ChiefmMd01001SG/CommonLayer/Drama_1001_001_Zhihuiguan_12_Loop.anim	Assets/Product/Role/DlcAnimation/BigWorld/Common/Com1ChiefmMd01001SG/Com1ChiefmMd01001SG/CommonLayer/Drama_1001_001_Zhihuiguan_12_Loop.asset
Drama_1001_001_Zhihuiguan_13	BaseLayer	Assets/Product/Role/DlcAnimation/BigWorld/Common/Com1ChiefmMd01001SG/Com1ChiefmMd01001SG/CommonLayer/Drama_1001_001_Zhihuiguan_13.anim	Assets/Product/Role/DlcAnimation/BigWorld/Common/Com1ChiefmMd01001SG/Com1ChiefmMd01001SG/CommonLayer/Drama_1001_001_Zhihuiguan_13.asset
Drama_1001_001_Zhihuiguan_14_Loop	BaseLayer	Assets/Product/Role/DlcAnimation/BigWorld/Common/Com1ChiefmMd01001SG/Com1ChiefmMd01001SG/CommonLayer/Drama_1001_001_Zhihuiguan_14_Loop.anim	Assets/Product/Role/DlcAnimation/BigWorld/Common/Com1ChiefmMd01001SG/Com1ChiefmMd01001SG/CommonLayer/Drama_1001_001_Zhihuiguan_14_Loop.asset
Drama_1001_001_Zhihuiguan_15	BaseLayer	Assets/Product/Role/DlcAnimation/BigWorld/Common/Com1ChiefmMd01001SG/Com1ChiefmMd01001SG/CommonLayer/Drama_1001_001_Zhihuiguan_15.anim	Assets/Product/Role/DlcAnimation/BigWorld/Common/Com1ChiefmMd01001SG/Com1ChiefmMd01001SG/CommonLayer/Drama_1001_001_Zhihuiguan_15.asset
Drama_1001_001_Zhihuiguan_16	BaseLayer	Assets/Product/Role/DlcAnimation/BigWorld/Common/Com1ChiefmMd01001SG/Com1ChiefmMd01001SG/CommonLayer/Drama_1001_001_Zhihuiguan_16.anim	Assets/Product/Role/DlcAnimation/BigWorld/Common/Com1ChiefmMd01001SG/Com1ChiefmMd01001SG/CommonLayer/Drama_1001_001_Zhihuiguan_16.asset
Drama_1001_001_Zhihuiguan_17_Loop	BaseLayer	Assets/Product/Role/DlcAnimation/BigWorld/Common/Com1ChiefmMd01001SG/Com1ChiefmMd01001SG/CommonLayer/Drama_1001_001_Zhihuiguan_17_Loop.anim	Assets/Product/Role/DlcAnimation/BigWorld/Common/Com1ChiefmMd01001SG/Com1ChiefmMd01001SG/CommonLayer/Drama_1001_001_Zhihuiguan_17_Loop.asset
Drama_1001_002_Zhihuiguan_01	BaseLayer	Assets/Product/Role/DlcAnimation/BigWorld/Common/Com1ChiefmMd01001SG/Com1ChiefmMd01001SG/CommonLayer/Drama_1001_002_Zhihuiguan_01.anim	Assets/Product/Role/DlcAnimation/BigWorld/Common/Com1ChiefmMd01001SG/Com1ChiefmMd01001SG/CommonLayer/Drama_1001_002_Zhihuiguan_01.asset
Drama_1001_002_Zhihuiguan_02	BaseLayer	Assets/Product/Role/DlcAnimation/BigWorld/Common/Com1ChiefmMd01001SG/Com1ChiefmMd01001SG/CommonLayer/Drama_1001_002_Zhihuiguan_02.anim	Assets/Product/Role/DlcAnimation/BigWorld/Common/Com1ChiefmMd01001SG/Com1ChiefmMd01001SG/CommonLayer/Drama_1001_002_Zhihuiguan_02.asset
Drama_1001_002_Zhihuiguan_03	BaseLayer	Assets/Product/Role/DlcAnimation/BigWorld/Common/Com1ChiefmMd01001SG/Com1ChiefmMd01001SG/CommonLayer/Drama_1001_002_Zhihuiguan_03.anim	Assets/Product/Role/DlcAnimation/BigWorld/Common/Com1ChiefmMd01001SG/Com1ChiefmMd01001SG/CommonLayer/Drama_1001_002_Zhihuiguan_03.asset
Drama_1001_002_Zhihuiguan_04	BaseLayer	Assets/Product/Role/DlcAnimation/BigWorld/Common/Com1ChiefmMd01001SG/Com1ChiefmMd01001SG/CommonLayer/Drama_1001_002_Zhihuiguan_04.anim	Assets/Product/Role/DlcAnimation/BigWorld/Common/Com1ChiefmMd01001SG/Com1ChiefmMd01001SG/CommonLayer/Drama_1001_002_Zhihuiguan_04.asset
Drama_1001_002_Zhihuiguan_05_Loop	BaseLayer	Assets/Product/Role/DlcAnimation/BigWorld/Common/Com1ChiefmMd01001SG/Com1ChiefmMd01001SG/CommonLayer/Drama_1001_002_Zhihuiguan_05_Loop.anim	Assets/Product/Role/DlcAnimation/BigWorld/Common/Com1ChiefmMd01001SG/Com1ChiefmMd01001SG/CommonLayer/Drama_1001_002_Zhihuiguan_05_Loop.asset
Drama_1001_002_Zhihuiguan_06	BaseLayer	Assets/Product/Role/DlcAnimation/BigWorld/Common/Com1ChiefmMd01001SG/Com1ChiefmMd01001SG/CommonLayer/Drama_1001_002_Zhihuiguan_06.anim	Assets/Product/Role/DlcAnimation/BigWorld/Common/Com1ChiefmMd01001SG/Com1ChiefmMd01001SG/CommonLayer/Drama_1001_002_Zhihuiguan_06.asset
Drama_1001_002_Zhihuiguan_07_Loop	BaseLayer	Assets/Product/Role/DlcAnimation/BigWorld/Common/Com1ChiefmMd01001SG/Com1ChiefmMd01001SG/CommonLayer/Drama_1001_002_Zhihuiguan_07_Loop.anim	Assets/Product/Role/DlcAnimation/BigWorld/Common/Com1ChiefmMd01001SG/Com1ChiefmMd01001SG/CommonLayer/Drama_1001_002_Zhihuiguan_07_Loop.asset
Drama_1001_002_Zhihuiguan_08	BaseLayer	Assets/Product/Role/DlcAnimation/BigWorld/Common/Com1ChiefmMd01001SG/Com1ChiefmMd01001SG/CommonLayer/Drama_1001_002_Zhihuiguan_08.anim	Assets/Product/Role/DlcAnimation/BigWorld/Common/Com1ChiefmMd01001SG/Com1ChiefmMd01001SG/CommonLayer/Drama_1001_002_Zhihuiguan_08.asset
Drama_1001_002_Zhihuiguan_09	BaseLayer	Assets/Product/Role/DlcAnimation/BigWorld/Common/Com1ChiefmMd01001SG/Com1ChiefmMd01001SG/CommonLayer/Drama_1001_002_Zhihuiguan_09.anim	Assets/Product/Role/DlcAnimation/BigWorld/Common/Com1ChiefmMd01001SG/Com1ChiefmMd01001SG/CommonLayer/Drama_1001_002_Zhihuiguan_09.asset
Drama_1001_002_Zhihuiguan_10_Loop	BaseLayer	Assets/Product/Role/DlcAnimation/BigWorld/Common/Com1ChiefmMd01001SG/Com1ChiefmMd01001SG/CommonLayer/Drama_1001_002_Zhihuiguan_10_Loop.anim	Assets/Product/Role/DlcAnimation/BigWorld/Common/Com1ChiefmMd01001SG/Com1ChiefmMd01001SG/CommonLayer/Drama_1001_002_Zhihuiguan_10_Loop.asset
Drama_1001_002_Zhihuiguan_11	BaseLayer	Assets/Product/Role/DlcAnimation/BigWorld/Common/Com1ChiefmMd01001SG/Com1ChiefmMd01001SG/CommonLayer/Drama_1001_002_Zhihuiguan_11.anim	Assets/Product/Role/DlcAnimation/BigWorld/Common/Com1ChiefmMd01001SG/Com1ChiefmMd01001SG/CommonLayer/Drama_1001_002_Zhihuiguan_11.asset
Drama_1001_002_Zhihuiguan_12_Loop	BaseLayer	Assets/Product/Role/DlcAnimation/BigWorld/Common/Com1ChiefmMd01001SG/Com1ChiefmMd01001SG/CommonLayer/Drama_1001_002_Zhihuiguan_12_Loop.anim	Assets/Product/Role/DlcAnimation/BigWorld/Common/Com1ChiefmMd01001SG/Com1ChiefmMd01001SG/CommonLayer/Drama_1001_002_Zhihuiguan_12_Loop.asset
Drama_1001_002_Zhihuiguan_13	BaseLayer	Assets/Product/Role/DlcAnimation/BigWorld/Common/Com1ChiefmMd01001SG/Com1ChiefmMd01001SG/CommonLayer/Drama_1001_002_Zhihuiguan_13.anim	Assets/Product/Role/DlcAnimation/BigWorld/Common/Com1ChiefmMd01001SG/Com1ChiefmMd01001SG/CommonLayer/Drama_1001_002_Zhihuiguan_13.asset
Drama_1001_002_Zhihuiguan_14	BaseLayer	Assets/Product/Role/DlcAnimation/BigWorld/Common/Com1ChiefmMd01001SG/Com1ChiefmMd01001SG/CommonLayer/Drama_1001_002_Zhihuiguan_14.anim	Assets/Product/Role/DlcAnimation/BigWorld/Common/Com1ChiefmMd01001SG/Com1ChiefmMd01001SG/CommonLayer/Drama_1001_002_Zhihuiguan_14.asset
Drama_1001_002_Zhihuiguan_15	BaseLayer	Assets/Product/Role/DlcAnimation/BigWorld/Common/Com1ChiefmMd01001SG/Com1ChiefmMd01001SG/CommonLayer/Drama_1001_002_Zhihuiguan_15.anim	Assets/Product/Role/DlcAnimation/BigWorld/Common/Com1ChiefmMd01001SG/Com1ChiefmMd01001SG/CommonLayer/Drama_1001_002_Zhihuiguan_15.asset
Drama_1001_002_Zhihuiguan_16	BaseLayer	Assets/Product/Role/DlcAnimation/BigWorld/Common/Com1ChiefmMd01001SG/Com1ChiefmMd01001SG/CommonLayer/Drama_1001_002_Zhihuiguan_16.anim	Assets/Product/Role/DlcAnimation/BigWorld/Common/Com1ChiefmMd01001SG/Com1ChiefmMd01001SG/CommonLayer/Drama_1001_002_Zhihuiguan_16.asset
Drama_1001_002_Zhihuiguan_17	BaseLayer	Assets/Product/Role/DlcAnimation/BigWorld/Common/Com1ChiefmMd01001SG/Com1ChiefmMd01001SG/CommonLayer/Drama_1001_002_Zhihuiguan_17.anim	Assets/Product/Role/DlcAnimation/BigWorld/Common/Com1ChiefmMd01001SG/Com1ChiefmMd01001SG/CommonLayer/Drama_1001_002_Zhihuiguan_17.asset
Drama_1001_002_Zhihuiguan_18_Loop	BaseLayer	Assets/Product/Role/DlcAnimation/BigWorld/Common/Com1ChiefmMd01001SG/Com1ChiefmMd01001SG/CommonLayer/Drama_1001_002_Zhihuiguan_18_Loop.anim	Assets/Product/Role/DlcAnimation/BigWorld/Common/Com1ChiefmMd01001SG/Com1ChiefmMd01001SG/CommonLayer/Drama_1001_002_Zhihuiguan_18_Loop.asset
Drama_1001_002_Zhihuiguan_19	BaseLayer	Assets/Product/Role/DlcAnimation/BigWorld/Common/Com1ChiefmMd01001SG/Com1ChiefmMd01001SG/CommonLayer/Drama_1001_002_Zhihuiguan_19.anim	Assets/Product/Role/DlcAnimation/BigWorld/Common/Com1ChiefmMd01001SG/Com1ChiefmMd01001SG/CommonLayer/Drama_1001_002_Zhihuiguan_19.asset
Drama_1001_002_Zhihuiguan_20_Loop	BaseLayer	Assets/Product/Role/DlcAnimation/BigWorld/Common/Com1ChiefmMd01001SG/Com1ChiefmMd01001SG/CommonLayer/Drama_1001_002_Zhihuiguan_20_Loop.anim	Assets/Product/Role/DlcAnimation/BigWorld/Common/Com1ChiefmMd01001SG/Com1ChiefmMd01001SG/CommonLayer/Drama_1001_002_Zhihuiguan_20_Loop.asset
Drama_1001_002_Zhihuiguan_21	BaseLayer	Assets/Product/Role/DlcAnimation/BigWorld/Common/Com1ChiefmMd01001SG/Com1ChiefmMd01001SG/CommonLayer/Drama_1001_002_Zhihuiguan_21.anim	Assets/Product/Role/DlcAnimation/BigWorld/Common/Com1ChiefmMd01001SG/Com1ChiefmMd01001SG/CommonLayer/Drama_1001_002_Zhihuiguan_21.asset
Drama_1001_002_Zhihuiguan_22_Loop	BaseLayer	Assets/Product/Role/DlcAnimation/BigWorld/Common/Com1ChiefmMd01001SG/Com1ChiefmMd01001SG/CommonLayer/Drama_1001_002_Zhihuiguan_22_Loop.anim	Assets/Product/Role/DlcAnimation/BigWorld/Common/Com1ChiefmMd01001SG/Com1ChiefmMd01001SG/CommonLayer/Drama_1001_002_Zhihuiguan_22_Loop.asset
Drama_1001_002_Zhihuiguan_23	BaseLayer	Assets/Product/Role/DlcAnimation/BigWorld/Common/Com1ChiefmMd01001SG/Com1ChiefmMd01001SG/CommonLayer/Drama_1001_002_Zhihuiguan_23.anim	Assets/Product/Role/DlcAnimation/BigWorld/Common/Com1ChiefmMd01001SG/Com1ChiefmMd01001SG/CommonLayer/Drama_1001_002_Zhihuiguan_23.asset
Drama_1001_002_Zhihuiguan_24	BaseLayer	Assets/Product/Role/DlcAnimation/BigWorld/Common/Com1ChiefmMd01001SG/Com1ChiefmMd01001SG/CommonLayer/Drama_1001_002_Zhihuiguan_24.anim	Assets/Product/Role/DlcAnimation/BigWorld/Common/Com1ChiefmMd01001SG/Com1ChiefmMd01001SG/CommonLayer/Drama_1001_002_Zhihuiguan_24.asset
Drama_1001_002_Zhihuiguan_25	BaseLayer	Assets/Product/Role/DlcAnimation/BigWorld/Common/Com1ChiefmMd01001SG/Com1ChiefmMd01001SG/CommonLayer/Drama_1001_002_Zhihuiguan_25.anim	Assets/Product/Role/DlcAnimation/BigWorld/Common/Com1ChiefmMd01001SG/Com1ChiefmMd01001SG/CommonLayer/Drama_1001_002_Zhihuiguan_25.asset
Drama_1001_002_Zhihuiguan_26_Loop	BaseLayer	Assets/Product/Role/DlcAnimation/BigWorld/Common/Com1ChiefmMd01001SG/Com1ChiefmMd01001SG/CommonLayer/Drama_1001_002_Zhihuiguan_26_Loop.anim	Assets/Product/Role/DlcAnimation/BigWorld/Common/Com1ChiefmMd01001SG/Com1ChiefmMd01001SG/CommonLayer/Drama_1001_002_Zhihuiguan_26_Loop.asset
Drama_1001_002_Zhihuiguan_27	BaseLayer	Assets/Product/Role/DlcAnimation/BigWorld/Common/Com1ChiefmMd01001SG/Com1ChiefmMd01001SG/CommonLayer/Drama_1001_002_Zhihuiguan_27.anim	Assets/Product/Role/DlcAnimation/BigWorld/Common/Com1ChiefmMd01001SG/Com1ChiefmMd01001SG/CommonLayer/Drama_1001_002_Zhihuiguan_27.asset
Drama_1001_002_Zhihuiguan_28_Loop	BaseLayer	Assets/Product/Role/DlcAnimation/BigWorld/Common/Com1ChiefmMd01001SG/Com1ChiefmMd01001SG/CommonLayer/Drama_1001_002_Zhihuiguan_28_Loop.anim	Assets/Product/Role/DlcAnimation/BigWorld/Common/Com1ChiefmMd01001SG/Com1ChiefmMd01001SG/CommonLayer/Drama_1001_002_Zhihuiguan_28_Loop.asset
Drama_1001_002_Zhihuiguan_29	BaseLayer	Assets/Product/Role/DlcAnimation/BigWorld/Common/Com1ChiefmMd01001SG/Com1ChiefmMd01001SG/CommonLayer/Drama_1001_002_Zhihuiguan_29.anim	Assets/Product/Role/DlcAnimation/BigWorld/Common/Com1ChiefmMd01001SG/Com1ChiefmMd01001SG/CommonLayer/Drama_1001_002_Zhihuiguan_29.asset
Drama_1001_002_Zhihuiguan_30_Loop	BaseLayer	Assets/Product/Role/DlcAnimation/BigWorld/Common/Com1ChiefmMd01001SG/Com1ChiefmMd01001SG/CommonLayer/Drama_1001_002_Zhihuiguan_30_Loop.anim	Assets/Product/Role/DlcAnimation/BigWorld/Common/Com1ChiefmMd01001SG/Com1ChiefmMd01001SG/CommonLayer/Drama_1001_002_Zhihuiguan_30_Loop.asset
Drama_1001_002_Zhihuiguan_31	BaseLayer	Assets/Product/Role/DlcAnimation/BigWorld/Common/Com1ChiefmMd01001SG/Com1ChiefmMd01001SG/CommonLayer/Drama_1001_002_Zhihuiguan_31.anim	Assets/Product/Role/DlcAnimation/BigWorld/Common/Com1ChiefmMd01001SG/Com1ChiefmMd01001SG/CommonLayer/Drama_1001_002_Zhihuiguan_31.asset
Drama_1001_002_Zhihuiguan_32	BaseLayer	Assets/Product/Role/DlcAnimation/BigWorld/Common/Com1ChiefmMd01001SG/Com1ChiefmMd01001SG/CommonLayer/Drama_1001_002_Zhihuiguan_32.anim	Assets/Product/Role/DlcAnimation/BigWorld/Common/Com1ChiefmMd01001SG/Com1ChiefmMd01001SG/CommonLayer/Drama_1001_002_Zhihuiguan_32.asset
Drama_1001_002_Zhihuiguan_33	BaseLayer	Assets/Product/Role/DlcAnimation/BigWorld/Common/Com1ChiefmMd01001SG/Com1ChiefmMd01001SG/CommonLayer/Drama_1001_002_Zhihuiguan_33.anim	Assets/Product/Role/DlcAnimation/BigWorld/Common/Com1ChiefmMd01001SG/Com1ChiefmMd01001SG/CommonLayer/Drama_1001_002_Zhihuiguan_33.asset
Drama_1001_004_Zhihuiguan_01	BaseLayer	Assets/Product/Role/DlcAnimation/BigWorld/Common/Com1ChiefmMd01001SG/Com1ChiefmMd01001SG/CommonLayer/Drama_1001_004_Zhihuiguan_01.anim	Assets/Product/Role/DlcAnimation/BigWorld/Common/Com1ChiefmMd01001SG/Com1ChiefmMd01001SG/CommonLayer/Drama_1001_004_Zhihuiguan_01.asset
Drama_1001_004_Zhihuiguan_02	BaseLayer	Assets/Product/Role/DlcAnimation/BigWorld/Common/Com1ChiefmMd01001SG/Com1ChiefmMd01001SG/CommonLayer/Drama_1001_004_Zhihuiguan_02.anim	Assets/Product/Role/DlcAnimation/BigWorld/Common/Com1ChiefmMd01001SG/Com1ChiefmMd01001SG/CommonLayer/Drama_1001_004_Zhihuiguan_02.asset
Drama_1001_004_Zhihuiguan_03_Loop	BaseLayer	Assets/Product/Role/DlcAnimation/BigWorld/Common/Com1ChiefmMd01001SG/Com1ChiefmMd01001SG/CommonLayer/Drama_1001_004_Zhihuiguan_03_Loop.anim	Assets/Product/Role/DlcAnimation/BigWorld/Common/Com1ChiefmMd01001SG/Com1ChiefmMd01001SG/CommonLayer/Drama_1001_004_Zhihuiguan_03_Loop.asset
Drama_1001_004_Zhihuiguan_04	BaseLayer	Assets/Product/Role/DlcAnimation/BigWorld/Common/Com1ChiefmMd01001SG/Com1ChiefmMd01001SG/CommonLayer/Drama_1001_004_Zhihuiguan_04.anim	Assets/Product/Role/DlcAnimation/BigWorld/Common/Com1ChiefmMd01001SG/Com1ChiefmMd01001SG/CommonLayer/Drama_1001_004_Zhihuiguan_04.asset
Drama_1001_004_Zhihuiguan_05_Loop	BaseLayer	Assets/Product/Role/DlcAnimation/BigWorld/Common/Com1ChiefmMd01001SG/Com1ChiefmMd01001SG/CommonLayer/Drama_1001_004_Zhihuiguan_05_Loop.anim	Assets/Product/Role/DlcAnimation/BigWorld/Common/Com1ChiefmMd01001SG/Com1ChiefmMd01001SG/CommonLayer/Drama_1001_004_Zhihuiguan_05_Loop.asset
Drama_1001_004_Zhihuiguan_06	BaseLayer	Assets/Product/Role/DlcAnimation/BigWorld/Common/Com1ChiefmMd01001SG/Com1ChiefmMd01001SG/CommonLayer/Drama_1001_004_Zhihuiguan_06.anim	Assets/Product/Role/DlcAnimation/BigWorld/Common/Com1ChiefmMd01001SG/Com1ChiefmMd01001SG/CommonLayer/Drama_1001_004_Zhihuiguan_06.asset
Drama_1001_004_Zhihuiguan_07	BaseLayer	Assets/Product/Role/DlcAnimation/BigWorld/Common/Com1ChiefmMd01001SG/Com1ChiefmMd01001SG/CommonLayer/Drama_1001_004_Zhihuiguan_07.anim	Assets/Product/Role/DlcAnimation/BigWorld/Common/Com1ChiefmMd01001SG/Com1ChiefmMd01001SG/CommonLayer/Drama_1001_004_Zhihuiguan_07.asset
Drama_1001_004_Zhihuiguan_08	BaseLayer	Assets/Product/Role/DlcAnimation/BigWorld/Common/Com1ChiefmMd01001SG/Com1ChiefmMd01001SG/CommonLayer/Drama_1001_004_Zhihuiguan_08.anim	Assets/Product/Role/DlcAnimation/BigWorld/Common/Com1ChiefmMd01001SG/Com1ChiefmMd01001SG/CommonLayer/Drama_1001_004_Zhihuiguan_08.asset
Drama_1001_004_Zhihuiguan_09	BaseLayer	Assets/Product/Role/DlcAnimation/BigWorld/Common/Com1ChiefmMd01001SG/Com1ChiefmMd01001SG/CommonLayer/Drama_1001_004_Zhihuiguan_09.anim	Assets/Product/Role/DlcAnimation/BigWorld/Common/Com1ChiefmMd01001SG/Com1ChiefmMd01001SG/CommonLayer/Drama_1001_004_Zhihuiguan_09.asset
Drama_1001_004_Zhihuiguan_10_Loop	BaseLayer	Assets/Product/Role/DlcAnimation/BigWorld/Common/Com1ChiefmMd01001SG/Com1ChiefmMd01001SG/CommonLayer/Drama_1001_004_Zhihuiguan_10_Loop.anim	Assets/Product/Role/DlcAnimation/BigWorld/Common/Com1ChiefmMd01001SG/Com1ChiefmMd01001SG/CommonLayer/Drama_1001_004_Zhihuiguan_10_Loop.asset
Drama_1001_004_Zhihuiguan_11	BaseLayer	Assets/Product/Role/DlcAnimation/BigWorld/Common/Com1ChiefmMd01001SG/Com1ChiefmMd01001SG/CommonLayer/Drama_1001_004_Zhihuiguan_11.anim	Assets/Product/Role/DlcAnimation/BigWorld/Common/Com1ChiefmMd01001SG/Com1ChiefmMd01001SG/CommonLayer/Drama_1001_004_Zhihuiguan_11.asset
Drama_1001_004_Zhihuiguan_12_Loop	BaseLayer	Assets/Product/Role/DlcAnimation/BigWorld/Common/Com1ChiefmMd01001SG/Com1ChiefmMd01001SG/CommonLayer/Drama_1001_004_Zhihuiguan_12_Loop.anim	Assets/Product/Role/DlcAnimation/BigWorld/Common/Com1ChiefmMd01001SG/Com1ChiefmMd01001SG/CommonLayer/Drama_1001_004_Zhihuiguan_12_Loop.asset
Drama_1001_004_Zhihuiguan_13	BaseLayer	Assets/Product/Role/DlcAnimation/BigWorld/Common/Com1ChiefmMd01001SG/Com1ChiefmMd01001SG/CommonLayer/Drama_1001_004_Zhihuiguan_13.anim	Assets/Product/Role/DlcAnimation/BigWorld/Common/Com1ChiefmMd01001SG/Com1ChiefmMd01001SG/CommonLayer/Drama_1001_004_Zhihuiguan_13.asset
Drama_1001_004_Zhihuiguan_14_Loop	BaseLayer	Assets/Product/Role/DlcAnimation/BigWorld/Common/Com1ChiefmMd01001SG/Com1ChiefmMd01001SG/CommonLayer/Drama_1001_004_Zhihuiguan_14_Loop.anim	Assets/Product/Role/DlcAnimation/BigWorld/Common/Com1ChiefmMd01001SG/Com1ChiefmMd01001SG/CommonLayer/Drama_1001_004_Zhihuiguan_14_Loop.asset
Drama_1001_004_Zhihuiguan_15	BaseLayer	Assets/Product/Role/DlcAnimation/BigWorld/Common/Com1ChiefmMd01001SG/Com1ChiefmMd01001SG/CommonLayer/Drama_1001_004_Zhihuiguan_15.anim	Assets/Product/Role/DlcAnimation/BigWorld/Common/Com1ChiefmMd01001SG/Com1ChiefmMd01001SG/CommonLayer/Drama_1001_004_Zhihuiguan_15.asset
Drama_1001_004_Zhihuiguan_16	BaseLayer	Assets/Product/Role/DlcAnimation/BigWorld/Common/Com1ChiefmMd01001SG/Com1ChiefmMd01001SG/CommonLayer/Drama_1001_004_Zhihuiguan_16.anim	Assets/Product/Role/DlcAnimation/BigWorld/Common/Com1ChiefmMd01001SG/Com1ChiefmMd01001SG/CommonLayer/Drama_1001_004_Zhihuiguan_16.asset
Drama_1001_004_Zhihuiguan_17	BaseLayer	Assets/Product/Role/DlcAnimation/BigWorld/Common/Com1ChiefmMd01001SG/Com1ChiefmMd01001SG/CommonLayer/Drama_1001_004_Zhihuiguan_17.anim	Assets/Product/Role/DlcAnimation/BigWorld/Common/Com1ChiefmMd01001SG/Com1ChiefmMd01001SG/CommonLayer/Drama_1001_004_Zhihuiguan_17.asset
Drama_1001_004_Zhihuiguan_18	BaseLayer	Assets/Product/Role/DlcAnimation/BigWorld/Common/Com1ChiefmMd01001SG/Com1ChiefmMd01001SG/CommonLayer/Drama_1001_004_Zhihuiguan_18.anim	Assets/Product/Role/DlcAnimation/BigWorld/Common/Com1ChiefmMd01001SG/Com1ChiefmMd01001SG/CommonLayer/Drama_1001_004_Zhihuiguan_18.asset
Drama_1001_004_Zhihuiguan_19_Loop	BaseLayer	Assets/Product/Role/DlcAnimation/BigWorld/Common/Com1ChiefmMd01001SG/Com1ChiefmMd01001SG/CommonLayer/Drama_1001_004_Zhihuiguan_19_Loop.anim	Assets/Product/Role/DlcAnimation/BigWorld/Common/Com1ChiefmMd01001SG/Com1ChiefmMd01001SG/CommonLayer/Drama_1001_004_Zhihuiguan_19_Loop.asset
Drama_1001_004_Zhihuiguan_20	BaseLayer	Assets/Product/Role/DlcAnimation/BigWorld/Common/Com1ChiefmMd01001SG/Com1ChiefmMd01001SG/CommonLayer/Drama_1001_004_Zhihuiguan_20.anim	Assets/Product/Role/DlcAnimation/BigWorld/Common/Com1ChiefmMd01001SG/Com1ChiefmMd01001SG/CommonLayer/Drama_1001_004_Zhihuiguan_20.asset
Drama_1001_004_Zhihuiguan_21	BaseLayer	Assets/Product/Role/DlcAnimation/BigWorld/Common/Com1ChiefmMd01001SG/Com1ChiefmMd01001SG/CommonLayer/Drama_1001_004_Zhihuiguan_21.anim	Assets/Product/Role/DlcAnimation/BigWorld/Common/Com1ChiefmMd01001SG/Com1ChiefmMd01001SG/CommonLayer/Drama_1001_004_Zhihuiguan_21.asset
Drama_1001_004_Zhihuiguan_22	BaseLayer	Assets/Product/Role/DlcAnimation/BigWorld/Common/Com1ChiefmMd01001SG/Com1ChiefmMd01001SG/CommonLayer/Drama_1001_004_Zhihuiguan_22.anim	Assets/Product/Role/DlcAnimation/BigWorld/Common/Com1ChiefmMd01001SG/Com1ChiefmMd01001SG/CommonLayer/Drama_1001_004_Zhihuiguan_22.asset
Drama_1001_004_Zhihuiguan_23_Loop	BaseLayer	Assets/Product/Role/DlcAnimation/BigWorld/Common/Com1ChiefmMd01001SG/Com1ChiefmMd01001SG/CommonLayer/Drama_1001_004_Zhihuiguan_23_Loop.anim	Assets/Product/Role/DlcAnimation/BigWorld/Common/Com1ChiefmMd01001SG/Com1ChiefmMd01001SG/CommonLayer/Drama_1001_004_Zhihuiguan_23_Loop.asset
Drama_1001_004_Zhihuiguan_24	BaseLayer	Assets/Product/Role/DlcAnimation/BigWorld/Common/Com1ChiefmMd01001SG/Com1ChiefmMd01001SG/CommonLayer/Drama_1001_004_Zhihuiguan_24.anim	Assets/Product/Role/DlcAnimation/BigWorld/Common/Com1ChiefmMd01001SG/Com1ChiefmMd01001SG/CommonLayer/Drama_1001_004_Zhihuiguan_24.asset
Drama_1001_004_Zhihuiguan_25	BaseLayer	Assets/Product/Role/DlcAnimation/BigWorld/Common/Com1ChiefmMd01001SG/Com1ChiefmMd01001SG/CommonLayer/Drama_1001_004_Zhihuiguan_25.anim	Assets/Product/Role/DlcAnimation/BigWorld/Common/Com1ChiefmMd01001SG/Com1ChiefmMd01001SG/CommonLayer/Drama_1001_004_Zhihuiguan_25.asset
Drama_1001_004_Zhihuiguan_26	BaseLayer	Assets/Product/Role/DlcAnimation/BigWorld/Common/Com1ChiefmMd01001SG/Com1ChiefmMd01001SG/CommonLayer/Drama_1001_004_Zhihuiguan_26.anim	Assets/Product/Role/DlcAnimation/BigWorld/Common/Com1ChiefmMd01001SG/Com1ChiefmMd01001SG/CommonLayer/Drama_1001_004_Zhihuiguan_26.asset
Drama_1001_004_Zhihuiguan_27	BaseLayer	Assets/Product/Role/DlcAnimation/BigWorld/Common/Com1ChiefmMd01001SG/Com1ChiefmMd01001SG/CommonLayer/Drama_1001_004_Zhihuiguan_27.anim	Assets/Product/Role/DlcAnimation/BigWorld/Common/Com1ChiefmMd01001SG/Com1ChiefmMd01001SG/CommonLayer/Drama_1001_004_Zhihuiguan_27.asset
Drama_1001_004_Zhihuiguan_28	BaseLayer	Assets/Product/Role/DlcAnimation/BigWorld/Common/Com1ChiefmMd01001SG/Com1ChiefmMd01001SG/CommonLayer/Drama_1001_004_Zhihuiguan_28.anim	Assets/Product/Role/DlcAnimation/BigWorld/Common/Com1ChiefmMd01001SG/Com1ChiefmMd01001SG/CommonLayer/Drama_1001_004_Zhihuiguan_28.asset
Drama_1001_004_Zhihuiguan_29_Loop	BaseLayer	Assets/Product/Role/DlcAnimation/BigWorld/Common/Com1ChiefmMd01001SG/Com1ChiefmMd01001SG/CommonLayer/Drama_1001_004_Zhihuiguan_29_Loop.anim	Assets/Product/Role/DlcAnimation/BigWorld/Common/Com1ChiefmMd01001SG/Com1ChiefmMd01001SG/CommonLayer/Drama_1001_004_Zhihuiguan_29_Loop.asset
Drama_1001_004_Zhihuiguan_30	BaseLayer	Assets/Product/Role/DlcAnimation/BigWorld/Common/Com1ChiefmMd01001SG/Com1ChiefmMd01001SG/CommonLayer/Drama_1001_004_Zhihuiguan_30.anim	Assets/Product/Role/DlcAnimation/BigWorld/Common/Com1ChiefmMd01001SG/Com1ChiefmMd01001SG/CommonLayer/Drama_1001_004_Zhihuiguan_30.asset
Drama_1001_004_Zhihuiguan_31	BaseLayer	Assets/Product/Role/DlcAnimation/BigWorld/Common/Com1ChiefmMd01001SG/Com1ChiefmMd01001SG/CommonLayer/Drama_1001_004_Zhihuiguan_31.anim	Assets/Product/Role/DlcAnimation/BigWorld/Common/Com1ChiefmMd01001SG/Com1ChiefmMd01001SG/CommonLayer/Drama_1001_004_Zhihuiguan_31.asset
Drama_1001_004_Zhihuiguan_32	BaseLayer	Assets/Product/Role/DlcAnimation/BigWorld/Common/Com1ChiefmMd01001SG/Com1ChiefmMd01001SG/CommonLayer/Drama_1001_004_Zhihuiguan_32.anim	Assets/Product/Role/DlcAnimation/BigWorld/Common/Com1ChiefmMd01001SG/Com1ChiefmMd01001SG/CommonLayer/Drama_1001_004_Zhihuiguan_32.asset
Drama_1001_004_Zhihuiguan_33_Loop	BaseLayer	Assets/Product/Role/DlcAnimation/BigWorld/Common/Com1ChiefmMd01001SG/Com1ChiefmMd01001SG/CommonLayer/Drama_1001_004_Zhihuiguan_33_Loop.anim	Assets/Product/Role/DlcAnimation/BigWorld/Common/Com1ChiefmMd01001SG/Com1ChiefmMd01001SG/CommonLayer/Drama_1001_004_Zhihuiguan_33_Loop.asset
Drama_1001_004_Zhihuiguan_34	BaseLayer	Assets/Product/Role/DlcAnimation/BigWorld/Common/Com1ChiefmMd01001SG/Com1ChiefmMd01001SG/CommonLayer/Drama_1001_004_Zhihuiguan_34.anim	Assets/Product/Role/DlcAnimation/BigWorld/Common/Com1ChiefmMd01001SG/Com1ChiefmMd01001SG/CommonLayer/Drama_1001_004_Zhihuiguan_34.asset
Drama_1001_004_Zhihuiguan_35	BaseLayer	Assets/Product/Role/DlcAnimation/BigWorld/Common/Com1ChiefmMd01001SG/Com1ChiefmMd01001SG/CommonLayer/Drama_1001_004_Zhihuiguan_35.anim	Assets/Product/Role/DlcAnimation/BigWorld/Common/Com1ChiefmMd01001SG/Com1ChiefmMd01001SG/CommonLayer/Drama_1001_004_Zhihuiguan_35.asset
Drama_1001_004_Zhihuiguan_36	BaseLayer	Assets/Product/Role/DlcAnimation/BigWorld/Common/Com1ChiefmMd01001SG/Com1ChiefmMd01001SG/CommonLayer/Drama_1001_004_Zhihuiguan_36.anim	Assets/Product/Role/DlcAnimation/BigWorld/Common/Com1ChiefmMd01001SG/Com1ChiefmMd01001SG/CommonLayer/Drama_1001_004_Zhihuiguan_36.asset
Drama_1001_007_Zhihuiguan_01	BaseLayer	Assets/Product/Role/DlcAnimation/BigWorld/Common/Com1ChiefmMd01001SG/Com1ChiefmMd01001SG/CommonLayer/Drama_1001_007_Zhihuiguan_01.anim	Assets/Product/Role/DlcAnimation/BigWorld/Common/Com1ChiefmMd01001SG/Com1ChiefmMd01001SG/CommonLayer/Drama_1001_007_Zhihuiguan_01.asset
Drama_1001_007_Zhihuiguan_025	BaseLayer	Assets/Product/Role/DlcAnimation/BigWorld/Common/Com1ChiefmMd01001SG/Com1ChiefmMd01001SG/CommonLayer/Drama_1001_007_Zhihuiguan_025.anim	Assets/Product/Role/DlcAnimation/BigWorld/Common/Com1ChiefmMd01001SG/Com1ChiefmMd01001SG/CommonLayer/Drama_1001_007_Zhihuiguan_025.asset
Drama_1001_007_Zhihuiguan_02_Loop	BaseLayer	Assets/Product/Role/DlcAnimation/BigWorld/Common/Com1ChiefmMd01001SG/Com1ChiefmMd01001SG/CommonLayer/Drama_1001_007_Zhihuiguan_02_Loop.anim	Assets/Product/Role/DlcAnimation/BigWorld/Common/Com1ChiefmMd01001SG/Com1ChiefmMd01001SG/CommonLayer/Drama_1001_007_Zhihuiguan_02_Loop.asset
Drama_1001_007_Zhihuiguan_03	BaseLayer	Assets/Product/Role/DlcAnimation/BigWorld/Common/Com1ChiefmMd01001SG/Com1ChiefmMd01001SG/CommonLayer/Drama_1001_007_Zhihuiguan_03.anim	Assets/Product/Role/DlcAnimation/BigWorld/Common/Com1ChiefmMd01001SG/Com1ChiefmMd01001SG/CommonLayer/Drama_1001_007_Zhihuiguan_03.asset
Drama_1001_007_Zhihuiguan_035	BaseLayer	Assets/Product/Role/DlcAnimation/BigWorld/Common/Com1ChiefmMd01001SG/Com1ChiefmMd01001SG/CommonLayer/Drama_1001_007_Zhihuiguan_035.anim	Assets/Product/Role/DlcAnimation/BigWorld/Common/Com1ChiefmMd01001SG/Com1ChiefmMd01001SG/CommonLayer/Drama_1001_007_Zhihuiguan_035.asset
Drama_1001_007_Zhihuiguan_04	BaseLayer	Assets/Product/Role/DlcAnimation/BigWorld/Common/Com1ChiefmMd01001SG/Com1ChiefmMd01001SG/CommonLayer/Drama_1001_007_Zhihuiguan_04.anim	Assets/Product/Role/DlcAnimation/BigWorld/Common/Com1ChiefmMd01001SG/Com1ChiefmMd01001SG/CommonLayer/Drama_1001_007_Zhihuiguan_04.asset
Drama_1001_007_Zhihuiguan_04_Loop	BaseLayer	Assets/Product/Role/DlcAnimation/BigWorld/Common/Com1ChiefmMd01001SG/Com1ChiefmMd01001SG/CommonLayer/Drama_1001_007_Zhihuiguan_04_Loop.anim	Assets/Product/Role/DlcAnimation/BigWorld/Common/Com1ChiefmMd01001SG/Com1ChiefmMd01001SG/CommonLayer/Drama_1001_007_Zhihuiguan_04_Loop.asset
Drama_1001_007_Zhihuiguan_05	BaseLayer	Assets/Product/Role/DlcAnimation/BigWorld/Common/Com1ChiefmMd01001SG/Com1ChiefmMd01001SG/CommonLayer/Drama_1001_007_Zhihuiguan_05.anim	Assets/Product/Role/DlcAnimation/BigWorld/Common/Com1ChiefmMd01001SG/Com1ChiefmMd01001SG/CommonLayer/Drama_1001_007_Zhihuiguan_05.asset
Drama_1001_007_Zhihuiguan_06_Loop	BaseLayer	Assets/Product/Role/DlcAnimation/BigWorld/Common/Com1ChiefmMd01001SG/Com1ChiefmMd01001SG/CommonLayer/Drama_1001_007_Zhihuiguan_06_Loop.anim	Assets/Product/Role/DlcAnimation/BigWorld/Common/Com1ChiefmMd01001SG/Com1ChiefmMd01001SG/CommonLayer/Drama_1001_007_Zhihuiguan_06_Loop.asset
Drama_1001_007_Zhihuiguan_07	BaseLayer	Assets/Product/Role/DlcAnimation/BigWorld/Common/Com1ChiefmMd01001SG/Com1ChiefmMd01001SG/CommonLayer/Drama_1001_007_Zhihuiguan_07.anim	Assets/Product/Role/DlcAnimation/BigWorld/Common/Com1ChiefmMd01001SG/Com1ChiefmMd01001SG/CommonLayer/Drama_1001_007_Zhihuiguan_07.asset
Drama_1001_007_Zhihuiguan_08	BaseLayer	Assets/Product/Role/DlcAnimation/BigWorld/Common/Com1ChiefmMd01001SG/Com1ChiefmMd01001SG/CommonLayer/Drama_1001_007_Zhihuiguan_08.anim	Assets/Product/Role/DlcAnimation/BigWorld/Common/Com1ChiefmMd01001SG/Com1ChiefmMd01001SG/CommonLayer/Drama_1001_007_Zhihuiguan_08.asset
Drama_1001_007_Zhihuiguan_09	BaseLayer	Assets/Product/Role/DlcAnimation/BigWorld/Common/Com1ChiefmMd01001SG/Com1ChiefmMd01001SG/CommonLayer/Drama_1001_007_Zhihuiguan_09.anim	Assets/Product/Role/DlcAnimation/BigWorld/Common/Com1ChiefmMd01001SG/Com1ChiefmMd01001SG/CommonLayer/Drama_1001_007_Zhihuiguan_09.asset
Drama_1001_007_Zhihuiguan_10	BaseLayer	Assets/Product/Role/DlcAnimation/BigWorld/Common/Com1ChiefmMd01001SG/Com1ChiefmMd01001SG/CommonLayer/Drama_1001_007_Zhihuiguan_10.anim	Assets/Product/Role/DlcAnimation/BigWorld/Common/Com1ChiefmMd01001SG/Com1ChiefmMd01001SG/CommonLayer/Drama_1001_007_Zhihuiguan_10.asset
Drama_1001_007_Zhihuiguan_11	BaseLayer	Assets/Product/Role/DlcAnimation/BigWorld/Common/Com1ChiefmMd01001SG/Com1ChiefmMd01001SG/CommonLayer/Drama_1001_007_Zhihuiguan_11.anim	Assets/Product/Role/DlcAnimation/BigWorld/Common/Com1ChiefmMd01001SG/Com1ChiefmMd01001SG/CommonLayer/Drama_1001_007_Zhihuiguan_11.asset
Drama_1001_007_Zhihuiguan_12_Loop	BaseLayer	Assets/Product/Role/DlcAnimation/BigWorld/Common/Com1ChiefmMd01001SG/Com1ChiefmMd01001SG/CommonLayer/Drama_1001_007_Zhihuiguan_12_Loop.anim	Assets/Product/Role/DlcAnimation/BigWorld/Common/Com1ChiefmMd01001SG/Com1ChiefmMd01001SG/CommonLayer/Drama_1001_007_Zhihuiguan_12_Loop.asset
Drama_1001_007_Zhihuiguan_13_Loop	BaseLayer	Assets/Product/Role/DlcAnimation/BigWorld/Common/Com1ChiefmMd01001SG/Com1ChiefmMd01001SG/CommonLayer/Drama_1001_007_Zhihuiguan_13_Loop.anim	Assets/Product/Role/DlcAnimation/BigWorld/Common/Com1ChiefmMd01001SG/Com1ChiefmMd01001SG/CommonLayer/Drama_1001_007_Zhihuiguan_13_Loop.asset
Drama_1001_007_Zhihuiguan_14	BaseLayer	Assets/Product/Role/DlcAnimation/BigWorld/Common/Com1ChiefmMd01001SG/Com1ChiefmMd01001SG/CommonLayer/Drama_1001_007_Zhihuiguan_14.anim	Assets/Product/Role/DlcAnimation/BigWorld/Common/Com1ChiefmMd01001SG/Com1ChiefmMd01001SG/CommonLayer/Drama_1001_007_Zhihuiguan_14.asset
Drama_1001_007_Zhihuiguan_15	BaseLayer	Assets/Product/Role/DlcAnimation/BigWorld/Common/Com1ChiefmMd01001SG/Com1ChiefmMd01001SG/CommonLayer/Drama_1001_007_Zhihuiguan_15.anim	Assets/Product/Role/DlcAnimation/BigWorld/Common/Com1ChiefmMd01001SG/Com1ChiefmMd01001SG/CommonLayer/Drama_1001_007_Zhihuiguan_15.asset
Drama_1001_007_Zhihuiguan_16_Loop	BaseLayer	Assets/Product/Role/DlcAnimation/BigWorld/Common/Com1ChiefmMd01001SG/Com1ChiefmMd01001SG/CommonLayer/Drama_1001_007_Zhihuiguan_16_Loop.anim	Assets/Product/Role/DlcAnimation/BigWorld/Common/Com1ChiefmMd01001SG/Com1ChiefmMd01001SG/CommonLayer/Drama_1001_007_Zhihuiguan_16_Loop.asset
Drama_1001_007_Zhihuiguan_17	BaseLayer	Assets/Product/Role/DlcAnimation/BigWorld/Common/Com1ChiefmMd01001SG/Com1ChiefmMd01001SG/CommonLayer/Drama_1001_007_Zhihuiguan_17.anim	Assets/Product/Role/DlcAnimation/BigWorld/Common/Com1ChiefmMd01001SG/Com1ChiefmMd01001SG/CommonLayer/Drama_1001_007_Zhihuiguan_17.asset
Drama_1001_007_Zhihuiguan_18_Loop	BaseLayer	Assets/Product/Role/DlcAnimation/BigWorld/Common/Com1ChiefmMd01001SG/Com1ChiefmMd01001SG/CommonLayer/Drama_1001_007_Zhihuiguan_18_Loop.anim	Assets/Product/Role/DlcAnimation/BigWorld/Common/Com1ChiefmMd01001SG/Com1ChiefmMd01001SG/CommonLayer/Drama_1001_007_Zhihuiguan_18_Loop.asset
Drama_1001_007_Zhihuiguan_19	BaseLayer	Assets/Product/Role/DlcAnimation/BigWorld/Common/Com1ChiefmMd01001SG/Com1ChiefmMd01001SG/CommonLayer/Drama_1001_007_Zhihuiguan_19.anim	Assets/Product/Role/DlcAnimation/BigWorld/Common/Com1ChiefmMd01001SG/Com1ChiefmMd01001SG/CommonLayer/Drama_1001_007_Zhihuiguan_19.asset
Drama_1001_007_Zhihuiguan_20	BaseLayer	Assets/Product/Role/DlcAnimation/BigWorld/Common/Com1ChiefmMd01001SG/Com1ChiefmMd01001SG/CommonLayer/Drama_1001_007_Zhihuiguan_20.anim	Assets/Product/Role/DlcAnimation/BigWorld/Common/Com1ChiefmMd01001SG/Com1ChiefmMd01001SG/CommonLayer/Drama_1001_007_Zhihuiguan_20.asset
Drama_1001_007_Zhihuiguan_21_Loop	BaseLayer	Assets/Product/Role/DlcAnimation/BigWorld/Common/Com1ChiefmMd01001SG/Com1ChiefmMd01001SG/CommonLayer/Drama_1001_007_Zhihuiguan_21_Loop.anim	Assets/Product/Role/DlcAnimation/BigWorld/Common/Com1ChiefmMd01001SG/Com1ChiefmMd01001SG/CommonLayer/Drama_1001_007_Zhihuiguan_21_Loop.asset
Drama_1001_007_Zhihuiguan_22	BaseLayer	Assets/Product/Role/DlcAnimation/BigWorld/Common/Com1ChiefmMd01001SG/Com1ChiefmMd01001SG/CommonLayer/Drama_1001_007_Zhihuiguan_22.anim	Assets/Product/Role/DlcAnimation/BigWorld/Common/Com1ChiefmMd01001SG/Com1ChiefmMd01001SG/CommonLayer/Drama_1001_007_Zhihuiguan_22.asset
Drama_1001_007_Zhihuiguan_23	BaseLayer	Assets/Product/Role/DlcAnimation/BigWorld/Common/Com1ChiefmMd01001SG/Com1ChiefmMd01001SG/CommonLayer/Drama_1001_007_Zhihuiguan_23.anim	Assets/Product/Role/DlcAnimation/BigWorld/Common/Com1ChiefmMd01001SG/Com1ChiefmMd01001SG/CommonLayer/Drama_1001_007_Zhihuiguan_23.asset
Drama_1001_007_Zhihuiguan_24	BaseLayer	Assets/Product/Role/DlcAnimation/BigWorld/Common/Com1ChiefmMd01001SG/Com1ChiefmMd01001SG/CommonLayer/Drama_1001_007_Zhihuiguan_24.anim	Assets/Product/Role/DlcAnimation/BigWorld/Common/Com1ChiefmMd01001SG/Com1ChiefmMd01001SG/CommonLayer/Drama_1001_007_Zhihuiguan_24.asset
Drama_1001_007_Zhihuiguan_25_Loop	BaseLayer	Assets/Product/Role/DlcAnimation/BigWorld/Common/Com1ChiefmMd01001SG/Com1ChiefmMd01001SG/CommonLayer/Drama_1001_007_Zhihuiguan_25_Loop.anim	Assets/Product/Role/DlcAnimation/BigWorld/Common/Com1ChiefmMd01001SG/Com1ChiefmMd01001SG/CommonLayer/Drama_1001_007_Zhihuiguan_25_Loop.asset
Drama_1001_007_Zhihuiguan_26	BaseLayer	Assets/Product/Role/DlcAnimation/BigWorld/Common/Com1ChiefmMd01001SG/Com1ChiefmMd01001SG/CommonLayer/Drama_1001_007_Zhihuiguan_26.anim	Assets/Product/Role/DlcAnimation/BigWorld/Common/Com1ChiefmMd01001SG/Com1ChiefmMd01001SG/CommonLayer/Drama_1001_007_Zhihuiguan_26.asset
Drama_1001_007_Zhihuiguan_27_Loop	BaseLayer	Assets/Product/Role/DlcAnimation/BigWorld/Common/Com1ChiefmMd01001SG/Com1ChiefmMd01001SG/CommonLayer/Drama_1001_007_Zhihuiguan_27_Loop.anim	Assets/Product/Role/DlcAnimation/BigWorld/Common/Com1ChiefmMd01001SG/Com1ChiefmMd01001SG/CommonLayer/Drama_1001_007_Zhihuiguan_27_Loop.asset
Drama_1001_007_Zhihuiguan_28	BaseLayer	Assets/Product/Role/DlcAnimation/BigWorld/Common/Com1ChiefmMd01001SG/Com1ChiefmMd01001SG/CommonLayer/Drama_1001_007_Zhihuiguan_28.anim	Assets/Product/Role/DlcAnimation/BigWorld/Common/Com1ChiefmMd01001SG/Com1ChiefmMd01001SG/CommonLayer/Drama_1001_007_Zhihuiguan_28.asset
Drama_1001_007_Zhihuiguan_29	BaseLayer	Assets/Product/Role/DlcAnimation/BigWorld/Common/Com1ChiefmMd01001SG/Com1ChiefmMd01001SG/CommonLayer/Drama_1001_007_Zhihuiguan_29.anim	Assets/Product/Role/DlcAnimation/BigWorld/Common/Com1ChiefmMd01001SG/Com1ChiefmMd01001SG/CommonLayer/Drama_1001_007_Zhihuiguan_29.asset
Drama_1001_007_Zhihuiguan_30	BaseLayer	Assets/Product/Role/DlcAnimation/BigWorld/Common/Com1ChiefmMd01001SG/Com1ChiefmMd01001SG/CommonLayer/Drama_1001_007_Zhihuiguan_30.anim	Assets/Product/Role/DlcAnimation/BigWorld/Common/Com1ChiefmMd01001SG/Com1ChiefmMd01001SG/CommonLayer/Drama_1001_007_Zhihuiguan_30.asset
Drama_1001_007_Zhihuiguan_31	BaseLayer	Assets/Product/Role/DlcAnimation/BigWorld/Common/Com1ChiefmMd01001SG/Com1ChiefmMd01001SG/CommonLayer/Drama_1001_007_Zhihuiguan_31.anim	Assets/Product/Role/DlcAnimation/BigWorld/Common/Com1ChiefmMd01001SG/Com1ChiefmMd01001SG/CommonLayer/Drama_1001_007_Zhihuiguan_31.asset
Drama_1001_007_Zhihuiguan_32	BaseLayer	Assets/Product/Role/DlcAnimation/BigWorld/Common/Com1ChiefmMd01001SG/Com1ChiefmMd01001SG/CommonLayer/Drama_1001_007_Zhihuiguan_32.anim	Assets/Product/Role/DlcAnimation/BigWorld/Common/Com1ChiefmMd01001SG/Com1ChiefmMd01001SG/CommonLayer/Drama_1001_007_Zhihuiguan_32.asset
Drama_1001_007_Zhihuiguan_33_Loop	BaseLayer	Assets/Product/Role/DlcAnimation/BigWorld/Common/Com1ChiefmMd01001SG/Com1ChiefmMd01001SG/CommonLayer/Drama_1001_007_Zhihuiguan_33_Loop.anim	Assets/Product/Role/DlcAnimation/BigWorld/Common/Com1ChiefmMd01001SG/Com1ChiefmMd01001SG/CommonLayer/Drama_1001_007_Zhihuiguan_33_Loop.asset
Drama_1001_007_Zhihuiguan_34	BaseLayer	Assets/Product/Role/DlcAnimation/BigWorld/Common/Com1ChiefmMd01001SG/Com1ChiefmMd01001SG/CommonLayer/Drama_1001_007_Zhihuiguan_34.anim	Assets/Product/Role/DlcAnimation/BigWorld/Common/Com1ChiefmMd01001SG/Com1ChiefmMd01001SG/CommonLayer/Drama_1001_007_Zhihuiguan_34.asset
Drama_1001_007_Zhihuiguan_35_Loop	BaseLayer	Assets/Product/Role/DlcAnimation/BigWorld/Common/Com1ChiefmMd01001SG/Com1ChiefmMd01001SG/CommonLayer/Drama_1001_007_Zhihuiguan_35_Loop.anim	Assets/Product/Role/DlcAnimation/BigWorld/Common/Com1ChiefmMd01001SG/Com1ChiefmMd01001SG/CommonLayer/Drama_1001_007_Zhihuiguan_35_Loop.asset
Drama_1001_007_Zhihuiguan_36	BaseLayer	Assets/Product/Role/DlcAnimation/BigWorld/Common/Com1ChiefmMd01001SG/Com1ChiefmMd01001SG/CommonLayer/Drama_1001_007_Zhihuiguan_36.anim	Assets/Product/Role/DlcAnimation/BigWorld/Common/Com1ChiefmMd01001SG/Com1ChiefmMd01001SG/CommonLayer/Drama_1001_007_Zhihuiguan_36.asset
Drama_1001_007_Zhihuiguan_37	BaseLayer	Assets/Product/Role/DlcAnimation/BigWorld/Common/Com1ChiefmMd01001SG/Com1ChiefmMd01001SG/CommonLayer/Drama_1001_007_Zhihuiguan_37.anim	Assets/Product/Role/DlcAnimation/BigWorld/Common/Com1ChiefmMd01001SG/Com1ChiefmMd01001SG/CommonLayer/Drama_1001_007_Zhihuiguan_37.asset
Drama_1001_007_Zhihuiguan_38_Loop	BaseLayer	Assets/Product/Role/DlcAnimation/BigWorld/Common/Com1ChiefmMd01001SG/Com1ChiefmMd01001SG/CommonLayer/Drama_1001_007_Zhihuiguan_38_Loop.anim	Assets/Product/Role/DlcAnimation/BigWorld/Common/Com1ChiefmMd01001SG/Com1ChiefmMd01001SG/CommonLayer/Drama_1001_007_Zhihuiguan_38_Loop.asset
Drama_1001_008_Zhihuiguan_01	BaseLayer	Assets/Product/Role/DlcAnimation/BigWorld/Common/Com1ChiefmMd01001SG/Com1ChiefmMd01001SG/CommonLayer/Drama_1001_008_Zhihuiguan_01.anim	Assets/Product/Role/DlcAnimation/BigWorld/Common/Com1ChiefmMd01001SG/Com1ChiefmMd01001SG/CommonLayer/Drama_1001_008_Zhihuiguan_01.asset
Drama_1001_008_Zhihuiguan_02	BaseLayer	Assets/Product/Role/DlcAnimation/BigWorld/Common/Com1ChiefmMd01001SG/Com1ChiefmMd01001SG/CommonLayer/Drama_1001_008_Zhihuiguan_02.anim	Assets/Product/Role/DlcAnimation/BigWorld/Common/Com1ChiefmMd01001SG/Com1ChiefmMd01001SG/CommonLayer/Drama_1001_008_Zhihuiguan_02.asset
Drama_1001_008_Zhihuiguan_03_Loop	BaseLayer	Assets/Product/Role/DlcAnimation/BigWorld/Common/Com1ChiefmMd01001SG/Com1ChiefmMd01001SG/CommonLayer/Drama_1001_008_Zhihuiguan_03_Loop.anim	Assets/Product/Role/DlcAnimation/BigWorld/Common/Com1ChiefmMd01001SG/Com1ChiefmMd01001SG/CommonLayer/Drama_1001_008_Zhihuiguan_03_Loop.asset
Drama_1001_008_Zhihuiguan_04	BaseLayer	Assets/Product/Role/DlcAnimation/BigWorld/Common/Com1ChiefmMd01001SG/Com1ChiefmMd01001SG/CommonLayer/Drama_1001_008_Zhihuiguan_04.anim	Assets/Product/Role/DlcAnimation/BigWorld/Common/Com1ChiefmMd01001SG/Com1ChiefmMd01001SG/CommonLayer/Drama_1001_008_Zhihuiguan_04.asset
Drama_1001_008_Zhihuiguan_05	BaseLayer	Assets/Product/Role/DlcAnimation/BigWorld/Common/Com1ChiefmMd01001SG/Com1ChiefmMd01001SG/CommonLayer/Drama_1001_008_Zhihuiguan_05.anim	Assets/Product/Role/DlcAnimation/BigWorld/Common/Com1ChiefmMd01001SG/Com1ChiefmMd01001SG/CommonLayer/Drama_1001_008_Zhihuiguan_05.asset
Drama_1001_008_Zhihuiguan_06	BaseLayer	Assets/Product/Role/DlcAnimation/BigWorld/Common/Com1ChiefmMd01001SG/Com1ChiefmMd01001SG/CommonLayer/Drama_1001_008_Zhihuiguan_06.anim	Assets/Product/Role/DlcAnimation/BigWorld/Common/Com1ChiefmMd01001SG/Com1ChiefmMd01001SG/CommonLayer/Drama_1001_008_Zhihuiguan_06.asset
Drama_1001_008_Zhihuiguan_07	BaseLayer	Assets/Product/Role/DlcAnimation/BigWorld/Common/Com1ChiefmMd01001SG/Com1ChiefmMd01001SG/CommonLayer/Drama_1001_008_Zhihuiguan_07.anim	Assets/Product/Role/DlcAnimation/BigWorld/Common/Com1ChiefmMd01001SG/Com1ChiefmMd01001SG/CommonLayer/Drama_1001_008_Zhihuiguan_07.asset
Drama_1001_008_Zhihuiguan_08_Loop	BaseLayer	Assets/Product/Role/DlcAnimation/BigWorld/Common/Com1ChiefmMd01001SG/Com1ChiefmMd01001SG/CommonLayer/Drama_1001_008_Zhihuiguan_08_Loop.anim	Assets/Product/Role/DlcAnimation/BigWorld/Common/Com1ChiefmMd01001SG/Com1ChiefmMd01001SG/CommonLayer/Drama_1001_008_Zhihuiguan_08_Loop.asset
Drama_1001_008_Zhihuiguan_09	BaseLayer	Assets/Product/Role/DlcAnimation/BigWorld/Common/Com1ChiefmMd01001SG/Com1ChiefmMd01001SG/CommonLayer/Drama_1001_008_Zhihuiguan_09.anim	Assets/Product/Role/DlcAnimation/BigWorld/Common/Com1ChiefmMd01001SG/Com1ChiefmMd01001SG/CommonLayer/Drama_1001_008_Zhihuiguan_09.asset
Drama_1001_008_Zhihuiguan_10	BaseLayer	Assets/Product/Role/DlcAnimation/BigWorld/Common/Com1ChiefmMd01001SG/Com1ChiefmMd01001SG/CommonLayer/Drama_1001_008_Zhihuiguan_10.anim	Assets/Product/Role/DlcAnimation/BigWorld/Common/Com1ChiefmMd01001SG/Com1ChiefmMd01001SG/CommonLayer/Drama_1001_008_Zhihuiguan_10.asset
Drama_1001_014_Zhihuiguan_01	BaseLayer	Assets/Product/Role/DlcAnimation/BigWorld/Common/Com1ChiefmMd01001SG/Com1ChiefmMd01001SG/CommonLayer/Drama_1001_014_Zhihuiguan_01.anim	Assets/Product/Role/DlcAnimation/BigWorld/Common/Com1ChiefmMd01001SG/Com1ChiefmMd01001SG/CommonLayer/Drama_1001_014_Zhihuiguan_01.asset
Drama_1001_014_Zhihuiguan_02_Loop	BaseLayer	Assets/Product/Role/DlcAnimation/BigWorld/Common/Com1ChiefmMd01001SG/Com1ChiefmMd01001SG/CommonLayer/Drama_1001_014_Zhihuiguan_02_Loop.anim	Assets/Product/Role/DlcAnimation/BigWorld/Common/Com1ChiefmMd01001SG/Com1ChiefmMd01001SG/CommonLayer/Drama_1001_014_Zhihuiguan_02_Loop.asset
Drama_1001_014_Zhihuiguan_03	BaseLayer	Assets/Product/Role/DlcAnimation/BigWorld/Common/Com1ChiefmMd01001SG/Com1ChiefmMd01001SG/CommonLayer/Drama_1001_014_Zhihuiguan_03.anim	Assets/Product/Role/DlcAnimation/BigWorld/Common/Com1ChiefmMd01001SG/Com1ChiefmMd01001SG/CommonLayer/Drama_1001_014_Zhihuiguan_03.asset
Drama_1001_014_Zhihuiguan_04_Loop	BaseLayer	Assets/Product/Role/DlcAnimation/BigWorld/Common/Com1ChiefmMd01001SG/Com1ChiefmMd01001SG/CommonLayer/Drama_1001_014_Zhihuiguan_04_Loop.anim	Assets/Product/Role/DlcAnimation/BigWorld/Common/Com1ChiefmMd01001SG/Com1ChiefmMd01001SG/CommonLayer/Drama_1001_014_Zhihuiguan_04_Loop.asset
Drama_1001_014_Zhihuiguan_05	BaseLayer	Assets/Product/Role/DlcAnimation/BigWorld/Common/Com1ChiefmMd01001SG/Com1ChiefmMd01001SG/CommonLayer/Drama_1001_014_Zhihuiguan_05.anim	Assets/Product/Role/DlcAnimation/BigWorld/Common/Com1ChiefmMd01001SG/Com1ChiefmMd01001SG/CommonLayer/Drama_1001_014_Zhihuiguan_05.asset
Drama_1001_014_Zhihuiguan_06_Loop	BaseLayer	Assets/Product/Role/DlcAnimation/BigWorld/Common/Com1ChiefmMd01001SG/Com1ChiefmMd01001SG/CommonLayer/Drama_1001_014_Zhihuiguan_06_Loop.anim	Assets/Product/Role/DlcAnimation/BigWorld/Common/Com1ChiefmMd01001SG/Com1ChiefmMd01001SG/CommonLayer/Drama_1001_014_Zhihuiguan_06_Loop.asset
Drama_1001_014_Zhihuiguan_07	BaseLayer	Assets/Product/Role/DlcAnimation/BigWorld/Common/Com1ChiefmMd01001SG/Com1ChiefmMd01001SG/CommonLayer/Drama_1001_014_Zhihuiguan_07.anim	Assets/Product/Role/DlcAnimation/BigWorld/Common/Com1ChiefmMd01001SG/Com1ChiefmMd01001SG/CommonLayer/Drama_1001_014_Zhihuiguan_07.asset
Drama_1001_014_Zhihuiguan_08_Loop	BaseLayer	Assets/Product/Role/DlcAnimation/BigWorld/Common/Com1ChiefmMd01001SG/Com1ChiefmMd01001SG/CommonLayer/Drama_1001_014_Zhihuiguan_08_Loop.anim	Assets/Product/Role/DlcAnimation/BigWorld/Common/Com1ChiefmMd01001SG/Com1ChiefmMd01001SG/CommonLayer/Drama_1001_014_Zhihuiguan_08_Loop.asset
Drama_1001_014_Zhihuiguan_09	BaseLayer	Assets/Product/Role/DlcAnimation/BigWorld/Common/Com1ChiefmMd01001SG/Com1ChiefmMd01001SG/CommonLayer/Drama_1001_014_Zhihuiguan_09.anim	Assets/Product/Role/DlcAnimation/BigWorld/Common/Com1ChiefmMd01001SG/Com1ChiefmMd01001SG/CommonLayer/Drama_1001_014_Zhihuiguan_09.asset
Drama_1001_014_Zhihuiguan_10_Loop	BaseLayer	Assets/Product/Role/DlcAnimation/BigWorld/Common/Com1ChiefmMd01001SG/Com1ChiefmMd01001SG/CommonLayer/Drama_1001_014_Zhihuiguan_10_Loop.anim	Assets/Product/Role/DlcAnimation/BigWorld/Common/Com1ChiefmMd01001SG/Com1ChiefmMd01001SG/CommonLayer/Drama_1001_014_Zhihuiguan_10_Loop.asset
Drama_1001_014_Zhihuiguan_11	BaseLayer	Assets/Product/Role/DlcAnimation/BigWorld/Common/Com1ChiefmMd01001SG/Com1ChiefmMd01001SG/CommonLayer/Drama_1001_014_Zhihuiguan_11.anim	Assets/Product/Role/DlcAnimation/BigWorld/Common/Com1ChiefmMd01001SG/Com1ChiefmMd01001SG/CommonLayer/Drama_1001_014_Zhihuiguan_11.asset
Drama_1001_014_Zhihuiguan_12_Loop	BaseLayer	Assets/Product/Role/DlcAnimation/BigWorld/Common/Com1ChiefmMd01001SG/Com1ChiefmMd01001SG/CommonLayer/Drama_1001_014_Zhihuiguan_12_Loop.anim	Assets/Product/Role/DlcAnimation/BigWorld/Common/Com1ChiefmMd01001SG/Com1ChiefmMd01001SG/CommonLayer/Drama_1001_014_Zhihuiguan_12_Loop.asset
Drama_1001_014_Zhihuiguan_13	BaseLayer	Assets/Product/Role/DlcAnimation/BigWorld/Common/Com1ChiefmMd01001SG/Com1ChiefmMd01001SG/CommonLayer/Drama_1001_014_Zhihuiguan_13.anim	Assets/Product/Role/DlcAnimation/BigWorld/Common/Com1ChiefmMd01001SG/Com1ChiefmMd01001SG/CommonLayer/Drama_1001_014_Zhihuiguan_13.asset
Drama_1001_014_Zhihuiguan_14_Loop	BaseLayer	Assets/Product/Role/DlcAnimation/BigWorld/Common/Com1ChiefmMd01001SG/Com1ChiefmMd01001SG/CommonLayer/Drama_1001_014_Zhihuiguan_14_Loop.anim	Assets/Product/Role/DlcAnimation/BigWorld/Common/Com1ChiefmMd01001SG/Com1ChiefmMd01001SG/CommonLayer/Drama_1001_014_Zhihuiguan_14_Loop.asset
Drama_1001_014_Zhihuiguan_15	BaseLayer	Assets/Product/Role/DlcAnimation/BigWorld/Common/Com1ChiefmMd01001SG/Com1ChiefmMd01001SG/CommonLayer/Drama_1001_014_Zhihuiguan_15.anim	Assets/Product/Role/DlcAnimation/BigWorld/Common/Com1ChiefmMd01001SG/Com1ChiefmMd01001SG/CommonLayer/Drama_1001_014_Zhihuiguan_15.asset
Drama_1001_014_Zhihuiguan_16_Loop	BaseLayer	Assets/Product/Role/DlcAnimation/BigWorld/Common/Com1ChiefmMd01001SG/Com1ChiefmMd01001SG/CommonLayer/Drama_1001_014_Zhihuiguan_16_Loop.anim	Assets/Product/Role/DlcAnimation/BigWorld/Common/Com1ChiefmMd01001SG/Com1ChiefmMd01001SG/CommonLayer/Drama_1001_014_Zhihuiguan_16_Loop.asset
Drama_1001_014_Zhihuiguan_17	BaseLayer	Assets/Product/Role/DlcAnimation/BigWorld/Common/Com1ChiefmMd01001SG/Com1ChiefmMd01001SG/CommonLayer/Drama_1001_014_Zhihuiguan_17.anim	Assets/Product/Role/DlcAnimation/BigWorld/Common/Com1ChiefmMd01001SG/Com1ChiefmMd01001SG/CommonLayer/Drama_1001_014_Zhihuiguan_17.asset
Drama_1001_014_Zhihuiguan_18_Loop	BaseLayer	Assets/Product/Role/DlcAnimation/BigWorld/Common/Com1ChiefmMd01001SG/Com1ChiefmMd01001SG/CommonLayer/Drama_1001_014_Zhihuiguan_18_Loop.anim	Assets/Product/Role/DlcAnimation/BigWorld/Common/Com1ChiefmMd01001SG/Com1ChiefmMd01001SG/CommonLayer/Drama_1001_014_Zhihuiguan_18_Loop.asset
Drama_1001_014_Zhihuiguan_19	BaseLayer	Assets/Product/Role/DlcAnimation/BigWorld/Common/Com1ChiefmMd01001SG/Com1ChiefmMd01001SG/CommonLayer/Drama_1001_014_Zhihuiguan_19.anim	Assets/Product/Role/DlcAnimation/BigWorld/Common/Com1ChiefmMd01001SG/Com1ChiefmMd01001SG/CommonLayer/Drama_1001_014_Zhihuiguan_19.asset
Drama_1001_015_Zhihuiguan_01	BaseLayer	Assets/Product/Role/DlcAnimation/BigWorld/Common/Com1ChiefmMd01001SG/Com1ChiefmMd01001SG/CommonLayer/Drama_1001_015_Zhihuiguan_01.anim	Assets/Product/Role/DlcAnimation/BigWorld/Common/Com1ChiefmMd01001SG/Com1ChiefmMd01001SG/CommonLayer/Drama_1001_015_Zhihuiguan_01.asset
Drama_1001_015_Zhihuiguan_02	BaseLayer	Assets/Product/Role/DlcAnimation/BigWorld/Common/Com1ChiefmMd01001SG/Com1ChiefmMd01001SG/CommonLayer/Drama_1001_015_Zhihuiguan_02.anim	Assets/Product/Role/DlcAnimation/BigWorld/Common/Com1ChiefmMd01001SG/Com1ChiefmMd01001SG/CommonLayer/Drama_1001_015_Zhihuiguan_02.asset
Drama_1001_015_Zhihuiguan_03	BaseLayer	Assets/Product/Role/DlcAnimation/BigWorld/Common/Com1ChiefmMd01001SG/Com1ChiefmMd01001SG/CommonLayer/Drama_1001_015_Zhihuiguan_03.anim	Assets/Product/Role/DlcAnimation/BigWorld/Common/Com1ChiefmMd01001SG/Com1ChiefmMd01001SG/CommonLayer/Drama_1001_015_Zhihuiguan_03.asset
Drama_1001_015_Zhihuiguan_04_Loop	BaseLayer	Assets/Product/Role/DlcAnimation/BigWorld/Common/Com1ChiefmMd01001SG/Com1ChiefmMd01001SG/CommonLayer/Drama_1001_015_Zhihuiguan_04_Loop.anim	Assets/Product/Role/DlcAnimation/BigWorld/Common/Com1ChiefmMd01001SG/Com1ChiefmMd01001SG/CommonLayer/Drama_1001_015_Zhihuiguan_04_Loop.asset
Drama_1001_015_Zhihuiguan_05	BaseLayer	Assets/Product/Role/DlcAnimation/BigWorld/Common/Com1ChiefmMd01001SG/Com1ChiefmMd01001SG/CommonLayer/Drama_1001_015_Zhihuiguan_05.anim	Assets/Product/Role/DlcAnimation/BigWorld/Common/Com1ChiefmMd01001SG/Com1ChiefmMd01001SG/CommonLayer/Drama_1001_015_Zhihuiguan_05.asset
Drama_1001_015_Zhihuiguan_06_Loop	BaseLayer	Assets/Product/Role/DlcAnimation/BigWorld/Common/Com1ChiefmMd01001SG/Com1ChiefmMd01001SG/CommonLayer/Drama_1001_015_Zhihuiguan_06_Loop.anim	Assets/Product/Role/DlcAnimation/BigWorld/Common/Com1ChiefmMd01001SG/Com1ChiefmMd01001SG/CommonLayer/Drama_1001_015_Zhihuiguan_06_Loop.asset
Drama_1001_015_Zhihuiguan_07	BaseLayer	Assets/Product/Role/DlcAnimation/BigWorld/Common/Com1ChiefmMd01001SG/Com1ChiefmMd01001SG/CommonLayer/Drama_1001_015_Zhihuiguan_07.anim	Assets/Product/Role/DlcAnimation/BigWorld/Common/Com1ChiefmMd01001SG/Com1ChiefmMd01001SG/CommonLayer/Drama_1001_015_Zhihuiguan_07.asset
Drama_1001_015_Zhihuiguan_08_Loop	BaseLayer	Assets/Product/Role/DlcAnimation/BigWorld/Common/Com1ChiefmMd01001SG/Com1ChiefmMd01001SG/CommonLayer/Drama_1001_015_Zhihuiguan_08_Loop.anim	Assets/Product/Role/DlcAnimation/BigWorld/Common/Com1ChiefmMd01001SG/Com1ChiefmMd01001SG/CommonLayer/Drama_1001_015_Zhihuiguan_08_Loop.asset
Drama_1001_015_Zhihuiguan_09	BaseLayer	Assets/Product/Role/DlcAnimation/BigWorld/Common/Com1ChiefmMd01001SG/Com1ChiefmMd01001SG/CommonLayer/Drama_1001_015_Zhihuiguan_09.anim	Assets/Product/Role/DlcAnimation/BigWorld/Common/Com1ChiefmMd01001SG/Com1ChiefmMd01001SG/CommonLayer/Drama_1001_015_Zhihuiguan_09.asset
Drama_1001_015_Zhihuiguan_10_Loop	BaseLayer	Assets/Product/Role/DlcAnimation/BigWorld/Common/Com1ChiefmMd01001SG/Com1ChiefmMd01001SG/CommonLayer/Drama_1001_015_Zhihuiguan_10_Loop.anim	Assets/Product/Role/DlcAnimation/BigWorld/Common/Com1ChiefmMd01001SG/Com1ChiefmMd01001SG/CommonLayer/Drama_1001_015_Zhihuiguan_10_Loop.asset
Drama_1001_015_Zhihuiguan_11	BaseLayer	Assets/Product/Role/DlcAnimation/BigWorld/Common/Com1ChiefmMd01001SG/Com1ChiefmMd01001SG/CommonLayer/Drama_1001_015_Zhihuiguan_11.anim	Assets/Product/Role/DlcAnimation/BigWorld/Common/Com1ChiefmMd01001SG/Com1ChiefmMd01001SG/CommonLayer/Drama_1001_015_Zhihuiguan_11.asset
Drama_1001_015_Zhihuiguan_12	BaseLayer	Assets/Product/Role/DlcAnimation/BigWorld/Common/Com1ChiefmMd01001SG/Com1ChiefmMd01001SG/CommonLayer/Drama_1001_015_Zhihuiguan_12.anim	Assets/Product/Role/DlcAnimation/BigWorld/Common/Com1ChiefmMd01001SG/Com1ChiefmMd01001SG/CommonLayer/Drama_1001_015_Zhihuiguan_12.asset
Drama_1001_015_Zhihuiguan_13_Loop	BaseLayer	Assets/Product/Role/DlcAnimation/BigWorld/Common/Com1ChiefmMd01001SG/Com1ChiefmMd01001SG/CommonLayer/Drama_1001_015_Zhihuiguan_13_Loop.anim	Assets/Product/Role/DlcAnimation/BigWorld/Common/Com1ChiefmMd01001SG/Com1ChiefmMd01001SG/CommonLayer/Drama_1001_015_Zhihuiguan_13_Loop.asset
Drama_1001_015_Zhihuiguan_14	BaseLayer	Assets/Product/Role/DlcAnimation/BigWorld/Common/Com1ChiefmMd01001SG/Com1ChiefmMd01001SG/CommonLayer/Drama_1001_015_Zhihuiguan_14.anim	Assets/Product/Role/DlcAnimation/BigWorld/Common/Com1ChiefmMd01001SG/Com1ChiefmMd01001SG/CommonLayer/Drama_1001_015_Zhihuiguan_14.asset
Drama_1001_015_Zhihuiguan_15_Loop	BaseLayer	Assets/Product/Role/DlcAnimation/BigWorld/Common/Com1ChiefmMd01001SG/Com1ChiefmMd01001SG/CommonLayer/Drama_1001_015_Zhihuiguan_15_Loop.anim	Assets/Product/Role/DlcAnimation/BigWorld/Common/Com1ChiefmMd01001SG/Com1ChiefmMd01001SG/CommonLayer/Drama_1001_015_Zhihuiguan_15_Loop.asset
Drama_1001_015_Zhihuiguan_16	BaseLayer	Assets/Product/Role/DlcAnimation/BigWorld/Common/Com1ChiefmMd01001SG/Com1ChiefmMd01001SG/CommonLayer/Drama_1001_015_Zhihuiguan_16.anim	Assets/Product/Role/DlcAnimation/BigWorld/Common/Com1ChiefmMd01001SG/Com1ChiefmMd01001SG/CommonLayer/Drama_1001_015_Zhihuiguan_16.asset
Drama_1001_017_Zhihuiguan_01	BaseLayer	Assets/Product/Role/DlcAnimation/BigWorld/Common/Com1ChiefmMd01001SG/Com1ChiefmMd01001SG/CommonLayer/Drama_1001_017_Zhihuiguan_01.anim	Assets/Product/Role/DlcAnimation/BigWorld/Common/Com1ChiefmMd01001SG/Com1ChiefmMd01001SG/CommonLayer/Drama_1001_017_Zhihuiguan_01.asset
Drama_1001_017_Zhihuiguan_02	BaseLayer	Assets/Product/Role/DlcAnimation/BigWorld/Common/Com1ChiefmMd01001SG/Com1ChiefmMd01001SG/CommonLayer/Drama_1001_017_Zhihuiguan_02.anim	Assets/Product/Role/DlcAnimation/BigWorld/Common/Com1ChiefmMd01001SG/Com1ChiefmMd01001SG/CommonLayer/Drama_1001_017_Zhihuiguan_02.asset
Drama_1001_017_Zhihuiguan_03	BaseLayer	Assets/Product/Role/DlcAnimation/BigWorld/Common/Com1ChiefmMd01001SG/Com1ChiefmMd01001SG/CommonLayer/Drama_1001_017_Zhihuiguan_03.anim	Assets/Product/Role/DlcAnimation/BigWorld/Common/Com1ChiefmMd01001SG/Com1ChiefmMd01001SG/CommonLayer/Drama_1001_017_Zhihuiguan_03.asset
Drama_1001_017_Zhihuiguan_04_Loop	BaseLayer	Assets/Product/Role/DlcAnimation/BigWorld/Common/Com1ChiefmMd01001SG/Com1ChiefmMd01001SG/CommonLayer/Drama_1001_017_Zhihuiguan_04_Loop.anim	Assets/Product/Role/DlcAnimation/BigWorld/Common/Com1ChiefmMd01001SG/Com1ChiefmMd01001SG/CommonLayer/Drama_1001_017_Zhihuiguan_04_Loop.asset
Drama_1001_017_Zhihuiguan_05	BaseLayer	Assets/Product/Role/DlcAnimation/BigWorld/Common/Com1ChiefmMd01001SG/Com1ChiefmMd01001SG/CommonLayer/Drama_1001_017_Zhihuiguan_05.anim	Assets/Product/Role/DlcAnimation/BigWorld/Common/Com1ChiefmMd01001SG/Com1ChiefmMd01001SG/CommonLayer/Drama_1001_017_Zhihuiguan_05.asset
Drama_1001_017_Zhihuiguan_06	BaseLayer	Assets/Product/Role/DlcAnimation/BigWorld/Common/Com1ChiefmMd01001SG/Com1ChiefmMd01001SG/CommonLayer/Drama_1001_017_Zhihuiguan_06.anim	Assets/Product/Role/DlcAnimation/BigWorld/Common/Com1ChiefmMd01001SG/Com1ChiefmMd01001SG/CommonLayer/Drama_1001_017_Zhihuiguan_06.asset
Drama_1001_017_Zhihuiguan_07	BaseLayer	Assets/Product/Role/DlcAnimation/BigWorld/Common/Com1ChiefmMd01001SG/Com1ChiefmMd01001SG/CommonLayer/Drama_1001_017_Zhihuiguan_07.anim	Assets/Product/Role/DlcAnimation/BigWorld/Common/Com1ChiefmMd01001SG/Com1ChiefmMd01001SG/CommonLayer/Drama_1001_017_Zhihuiguan_07.asset
Drama_1001_017_Zhihuiguan_08	BaseLayer	Assets/Product/Role/DlcAnimation/BigWorld/Common/Com1ChiefmMd01001SG/Com1ChiefmMd01001SG/CommonLayer/Drama_1001_017_Zhihuiguan_08.anim	Assets/Product/Role/DlcAnimation/BigWorld/Common/Com1ChiefmMd01001SG/Com1ChiefmMd01001SG/CommonLayer/Drama_1001_017_Zhihuiguan_08.asset
Drama_1001_017_Zhihuiguan_09_Loop	BaseLayer	Assets/Product/Role/DlcAnimation/BigWorld/Common/Com1ChiefmMd01001SG/Com1ChiefmMd01001SG/CommonLayer/Drama_1001_017_Zhihuiguan_09_Loop.anim	Assets/Product/Role/DlcAnimation/BigWorld/Common/Com1ChiefmMd01001SG/Com1ChiefmMd01001SG/CommonLayer/Drama_1001_017_Zhihuiguan_09_Loop.asset
Drama_1001_017_Zhihuiguan_10	BaseLayer	Assets/Product/Role/DlcAnimation/BigWorld/Common/Com1ChiefmMd01001SG/Com1ChiefmMd01001SG/CommonLayer/Drama_1001_017_Zhihuiguan_10.anim	Assets/Product/Role/DlcAnimation/BigWorld/Common/Com1ChiefmMd01001SG/Com1ChiefmMd01001SG/CommonLayer/Drama_1001_017_Zhihuiguan_10.asset
Drama_1001_017_Zhihuiguan_11	BaseLayer	Assets/Product/Role/DlcAnimation/BigWorld/Common/Com1ChiefmMd01001SG/Com1ChiefmMd01001SG/CommonLayer/Drama_1001_017_Zhihuiguan_11.anim	Assets/Product/Role/DlcAnimation/BigWorld/Common/Com1ChiefmMd01001SG/Com1ChiefmMd01001SG/CommonLayer/Drama_1001_017_Zhihuiguan_11.asset
Drama_1001_017_Zhihuiguan_12	BaseLayer	Assets/Product/Role/DlcAnimation/BigWorld/Common/Com1ChiefmMd01001SG/Com1ChiefmMd01001SG/CommonLayer/Drama_1001_017_Zhihuiguan_12.anim	Assets/Product/Role/DlcAnimation/BigWorld/Common/Com1ChiefmMd01001SG/Com1ChiefmMd01001SG/CommonLayer/Drama_1001_017_Zhihuiguan_12.asset
Drama_1001_017_Zhihuiguan_13	BaseLayer	Assets/Product/Role/DlcAnimation/BigWorld/Common/Com1ChiefmMd01001SG/Com1ChiefmMd01001SG/CommonLayer/Drama_1001_017_Zhihuiguan_13.anim	Assets/Product/Role/DlcAnimation/BigWorld/Common/Com1ChiefmMd01001SG/Com1ChiefmMd01001SG/CommonLayer/Drama_1001_017_Zhihuiguan_13.asset
Drama_1001_017_Zhihuiguan_14_Loop	BaseLayer	Assets/Product/Role/DlcAnimation/BigWorld/Common/Com1ChiefmMd01001SG/Com1ChiefmMd01001SG/CommonLayer/Drama_1001_017_Zhihuiguan_14_Loop.anim	Assets/Product/Role/DlcAnimation/BigWorld/Common/Com1ChiefmMd01001SG/Com1ChiefmMd01001SG/CommonLayer/Drama_1001_017_Zhihuiguan_14_Loop.asset
Drama_1001_017_Zhihuiguan_15	BaseLayer	Assets/Product/Role/DlcAnimation/BigWorld/Common/Com1ChiefmMd01001SG/Com1ChiefmMd01001SG/CommonLayer/Drama_1001_017_Zhihuiguan_15.anim	Assets/Product/Role/DlcAnimation/BigWorld/Common/Com1ChiefmMd01001SG/Com1ChiefmMd01001SG/CommonLayer/Drama_1001_017_Zhihuiguan_15.asset
Drama_1001_017_Zhihuiguan_16	BaseLayer	Assets/Product/Role/DlcAnimation/BigWorld/Common/Com1ChiefmMd01001SG/Com1ChiefmMd01001SG/CommonLayer/Drama_1001_017_Zhihuiguan_16.anim	Assets/Product/Role/DlcAnimation/BigWorld/Common/Com1ChiefmMd01001SG/Com1ChiefmMd01001SG/CommonLayer/Drama_1001_017_Zhihuiguan_16.asset
Drama_1001_017_Zhihuiguan_17	BaseLayer	Assets/Product/Role/DlcAnimation/BigWorld/Common/Com1ChiefmMd01001SG/Com1ChiefmMd01001SG/CommonLayer/Drama_1001_017_Zhihuiguan_17.anim	Assets/Product/Role/DlcAnimation/BigWorld/Common/Com1ChiefmMd01001SG/Com1ChiefmMd01001SG/CommonLayer/Drama_1001_017_Zhihuiguan_17.asset
Drama_1001_017_Zhihuiguan_18_Loop	BaseLayer	Assets/Product/Role/DlcAnimation/BigWorld/Common/Com1ChiefmMd01001SG/Com1ChiefmMd01001SG/CommonLayer/Drama_1001_017_Zhihuiguan_18_Loop.anim	Assets/Product/Role/DlcAnimation/BigWorld/Common/Com1ChiefmMd01001SG/Com1ChiefmMd01001SG/CommonLayer/Drama_1001_017_Zhihuiguan_18_Loop.asset
Drama_1001_017_Zhihuiguan_19	BaseLayer	Assets/Product/Role/DlcAnimation/BigWorld/Common/Com1ChiefmMd01001SG/Com1ChiefmMd01001SG/CommonLayer/Drama_1001_017_Zhihuiguan_19.anim	Assets/Product/Role/DlcAnimation/BigWorld/Common/Com1ChiefmMd01001SG/Com1ChiefmMd01001SG/CommonLayer/Drama_1001_017_Zhihuiguan_19.asset
Drama_1001_017_Zhihuiguan_20	BaseLayer	Assets/Product/Role/DlcAnimation/BigWorld/Common/Com1ChiefmMd01001SG/Com1ChiefmMd01001SG/CommonLayer/Drama_1001_017_Zhihuiguan_20.anim	Assets/Product/Role/DlcAnimation/BigWorld/Common/Com1ChiefmMd01001SG/Com1ChiefmMd01001SG/CommonLayer/Drama_1001_017_Zhihuiguan_20.asset
Drama_1001_017_Zhihuiguan_21_Loop	BaseLayer	Assets/Product/Role/DlcAnimation/BigWorld/Common/Com1ChiefmMd01001SG/Com1ChiefmMd01001SG/CommonLayer/Drama_1001_017_Zhihuiguan_21_Loop.anim	Assets/Product/Role/DlcAnimation/BigWorld/Common/Com1ChiefmMd01001SG/Com1ChiefmMd01001SG/CommonLayer/Drama_1001_017_Zhihuiguan_21_Loop.asset
Drama_1001_017_Zhihuiguan_22	BaseLayer	Assets/Product/Role/DlcAnimation/BigWorld/Common/Com1ChiefmMd01001SG/Com1ChiefmMd01001SG/CommonLayer/Drama_1001_017_Zhihuiguan_22.anim	Assets/Product/Role/DlcAnimation/BigWorld/Common/Com1ChiefmMd01001SG/Com1ChiefmMd01001SG/CommonLayer/Drama_1001_017_Zhihuiguan_22.asset
Drama_1001_017_Zhihuiguan_23	BaseLayer	Assets/Product/Role/DlcAnimation/BigWorld/Common/Com1ChiefmMd01001SG/Com1ChiefmMd01001SG/CommonLayer/Drama_1001_017_Zhihuiguan_23.anim	Assets/Product/Role/DlcAnimation/BigWorld/Common/Com1ChiefmMd01001SG/Com1ChiefmMd01001SG/CommonLayer/Drama_1001_017_Zhihuiguan_23.asset
Drama_1001_017_Zhihuiguan_24	BaseLayer	Assets/Product/Role/DlcAnimation/BigWorld/Common/Com1ChiefmMd01001SG/Com1ChiefmMd01001SG/CommonLayer/Drama_1001_017_Zhihuiguan_24.anim	Assets/Product/Role/DlcAnimation/BigWorld/Common/Com1ChiefmMd01001SG/Com1ChiefmMd01001SG/CommonLayer/Drama_1001_017_Zhihuiguan_24.asset
Drama_1001_017_Zhihuiguan_25_Loop	BaseLayer	Assets/Product/Role/DlcAnimation/BigWorld/Common/Com1ChiefmMd01001SG/Com1ChiefmMd01001SG/CommonLayer/Drama_1001_017_Zhihuiguan_25_Loop.anim	Assets/Product/Role/DlcAnimation/BigWorld/Common/Com1ChiefmMd01001SG/Com1ChiefmMd01001SG/CommonLayer/Drama_1001_017_Zhihuiguan_25_Loop.asset
Drama_1001_017_Zhihuiguan_26	BaseLayer	Assets/Product/Role/DlcAnimation/BigWorld/Common/Com1ChiefmMd01001SG/Com1ChiefmMd01001SG/CommonLayer/Drama_1001_017_Zhihuiguan_26.anim	Assets/Product/Role/DlcAnimation/BigWorld/Common/Com1ChiefmMd01001SG/Com1ChiefmMd01001SG/CommonLayer/Drama_1001_017_Zhihuiguan_26.asset
Drama_1001_017_Zhihuiguan_27	BaseLayer	Assets/Product/Role/DlcAnimation/BigWorld/Common/Com1ChiefmMd01001SG/Com1ChiefmMd01001SG/CommonLayer/Drama_1001_017_Zhihuiguan_27.anim	Assets/Product/Role/DlcAnimation/BigWorld/Common/Com1ChiefmMd01001SG/Com1ChiefmMd01001SG/CommonLayer/Drama_1001_017_Zhihuiguan_27.asset
Drama_1001_017_Zhihuiguan_28	BaseLayer	Assets/Product/Role/DlcAnimation/BigWorld/Common/Com1ChiefmMd01001SG/Com1ChiefmMd01001SG/CommonLayer/Drama_1001_017_Zhihuiguan_28.anim	Assets/Product/Role/DlcAnimation/BigWorld/Common/Com1ChiefmMd01001SG/Com1ChiefmMd01001SG/CommonLayer/Drama_1001_017_Zhihuiguan_28.asset
Drama_1001_017_Zhihuiguan_29_Loop	BaseLayer	Assets/Product/Role/DlcAnimation/BigWorld/Common/Com1ChiefmMd01001SG/Com1ChiefmMd01001SG/CommonLayer/Drama_1001_017_Zhihuiguan_29_Loop.anim	Assets/Product/Role/DlcAnimation/BigWorld/Common/Com1ChiefmMd01001SG/Com1ChiefmMd01001SG/CommonLayer/Drama_1001_017_Zhihuiguan_29_Loop.asset
Drama_1001_017_Zhihuiguan_30	BaseLayer	Assets/Product/Role/DlcAnimation/BigWorld/Common/Com1ChiefmMd01001SG/Com1ChiefmMd01001SG/CommonLayer/Drama_1001_017_Zhihuiguan_30.anim	Assets/Product/Role/DlcAnimation/BigWorld/Common/Com1ChiefmMd01001SG/Com1ChiefmMd01001SG/CommonLayer/Drama_1001_017_Zhihuiguan_30.asset
Drama_1001_017_Zhihuiguan_31	BaseLayer	Assets/Product/Role/DlcAnimation/BigWorld/Common/Com1ChiefmMd01001SG/Com1ChiefmMd01001SG/CommonLayer/Drama_1001_017_Zhihuiguan_31.anim	Assets/Product/Role/DlcAnimation/BigWorld/Common/Com1ChiefmMd01001SG/Com1ChiefmMd01001SG/CommonLayer/Drama_1001_017_Zhihuiguan_31.asset
Drama_1001_017_Zhihuiguan_32_Loop	BaseLayer	Assets/Product/Role/DlcAnimation/BigWorld/Common/Com1ChiefmMd01001SG/Com1ChiefmMd01001SG/CommonLayer/Drama_1001_017_Zhihuiguan_32_Loop.anim	Assets/Product/Role/DlcAnimation/BigWorld/Common/Com1ChiefmMd01001SG/Com1ChiefmMd01001SG/CommonLayer/Drama_1001_017_Zhihuiguan_32_Loop.asset
Drama_1001_017_Zhihuiguan_33	BaseLayer	Assets/Product/Role/DlcAnimation/BigWorld/Common/Com1ChiefmMd01001SG/Com1ChiefmMd01001SG/CommonLayer/Drama_1001_017_Zhihuiguan_33.anim	Assets/Product/Role/DlcAnimation/BigWorld/Common/Com1ChiefmMd01001SG/Com1ChiefmMd01001SG/CommonLayer/Drama_1001_017_Zhihuiguan_33.asset
Drama_1001_017_Zhihuiguan_34_Loop	BaseLayer	Assets/Product/Role/DlcAnimation/BigWorld/Common/Com1ChiefmMd01001SG/Com1ChiefmMd01001SG/CommonLayer/Drama_1001_017_Zhihuiguan_34_Loop.anim	Assets/Product/Role/DlcAnimation/BigWorld/Common/Com1ChiefmMd01001SG/Com1ChiefmMd01001SG/CommonLayer/Drama_1001_017_Zhihuiguan_34_Loop.asset
Drama_1001_017_Zhihuiguan_35	BaseLayer	Assets/Product/Role/DlcAnimation/BigWorld/Common/Com1ChiefmMd01001SG/Com1ChiefmMd01001SG/CommonLayer/Drama_1001_017_Zhihuiguan_35.anim	Assets/Product/Role/DlcAnimation/BigWorld/Common/Com1ChiefmMd01001SG/Com1ChiefmMd01001SG/CommonLayer/Drama_1001_017_Zhihuiguan_35.asset
Drama_1001_017_Zhihuiguan_36	BaseLayer	Assets/Product/Role/DlcAnimation/BigWorld/Common/Com1ChiefmMd01001SG/Com1ChiefmMd01001SG/CommonLayer/Drama_1001_017_Zhihuiguan_36.anim	Assets/Product/Role/DlcAnimation/BigWorld/Common/Com1ChiefmMd01001SG/Com1ChiefmMd01001SG/CommonLayer/Drama_1001_017_Zhihuiguan_36.asset
Drama_1001_017_Zhihuiguan_37_Loop	BaseLayer	Assets/Product/Role/DlcAnimation/BigWorld/Common/Com1ChiefmMd01001SG/Com1ChiefmMd01001SG/CommonLayer/Drama_1001_017_Zhihuiguan_37_Loop.anim	Assets/Product/Role/DlcAnimation/BigWorld/Common/Com1ChiefmMd01001SG/Com1ChiefmMd01001SG/CommonLayer/Drama_1001_017_Zhihuiguan_37_Loop.asset
Drama_1001_017_Zhihuiguan_38	BaseLayer	Assets/Product/Role/DlcAnimation/BigWorld/Common/Com1ChiefmMd01001SG/Com1ChiefmMd01001SG/CommonLayer/Drama_1001_017_Zhihuiguan_38.anim	Assets/Product/Role/DlcAnimation/BigWorld/Common/Com1ChiefmMd01001SG/Com1ChiefmMd01001SG/CommonLayer/Drama_1001_017_Zhihuiguan_38.asset
Drama_1001_022_zhihuiguan9	BaseLayer	Assets/Product/Role/DlcAnimation/BigWorld/Common/Com1ChiefmMd01001SG/Com1ChiefmMd01001SG/CommonLayer/Drama_1001_022_zhihuiguan9.anim	Assets/Product/Role/DlcAnimation/BigWorld/Common/Com1ChiefmMd01001SG/Com1ChiefmMd01001SG/CommonLayer/Drama_1001_022_zhihuiguan9.asset
Drama_1001_022_Zhihuiguan_01	BaseLayer	Assets/Product/Role/DlcAnimation/BigWorld/Common/Com1ChiefmMd01001SG/Com1ChiefmMd01001SG/CommonLayer/Drama_1001_022_Zhihuiguan_01.anim	Assets/Product/Role/DlcAnimation/BigWorld/Common/Com1ChiefmMd01001SG/Com1ChiefmMd01001SG/CommonLayer/Drama_1001_022_Zhihuiguan_01.asset
Drama_1001_022_Zhihuiguan_02	BaseLayer	Assets/Product/Role/DlcAnimation/BigWorld/Common/Com1ChiefmMd01001SG/Com1ChiefmMd01001SG/CommonLayer/Drama_1001_022_Zhihuiguan_02.anim	Assets/Product/Role/DlcAnimation/BigWorld/Common/Com1ChiefmMd01001SG/Com1ChiefmMd01001SG/CommonLayer/Drama_1001_022_Zhihuiguan_02.asset
Drama_1001_022_Zhihuiguan_03	BaseLayer	Assets/Product/Role/DlcAnimation/BigWorld/Common/Com1ChiefmMd01001SG/Com1ChiefmMd01001SG/CommonLayer/Drama_1001_022_Zhihuiguan_03.anim	Assets/Product/Role/DlcAnimation/BigWorld/Common/Com1ChiefmMd01001SG/Com1ChiefmMd01001SG/CommonLayer/Drama_1001_022_Zhihuiguan_03.asset
Drama_1001_022_Zhihuiguan_04	BaseLayer	Assets/Product/Role/DlcAnimation/BigWorld/Common/Com1ChiefmMd01001SG/Com1ChiefmMd01001SG/CommonLayer/Drama_1001_022_Zhihuiguan_04.anim	Assets/Product/Role/DlcAnimation/BigWorld/Common/Com1ChiefmMd01001SG/Com1ChiefmMd01001SG/CommonLayer/Drama_1001_022_Zhihuiguan_04.asset
Drama_1001_022_Zhihuiguan_05	BaseLayer	Assets/Product/Role/DlcAnimation/BigWorld/Common/Com1ChiefmMd01001SG/Com1ChiefmMd01001SG/CommonLayer/Drama_1001_022_Zhihuiguan_05.anim	Assets/Product/Role/DlcAnimation/BigWorld/Common/Com1ChiefmMd01001SG/Com1ChiefmMd01001SG/CommonLayer/Drama_1001_022_Zhihuiguan_05.asset
Drama_1001_023_Zhihuiguan_01	BaseLayer	Assets/Product/Role/DlcAnimation/BigWorld/Common/Com1ChiefmMd01001SG/Com1ChiefmMd01001SG/CommonLayer/Drama_1001_023_Zhihuiguan_01.anim	Assets/Product/Role/DlcAnimation/BigWorld/Common/Com1ChiefmMd01001SG/Com1ChiefmMd01001SG/CommonLayer/Drama_1001_023_Zhihuiguan_01.asset
Drama_1001_023_Zhihuiguan_02	BaseLayer	Assets/Product/Role/DlcAnimation/BigWorld/Common/Com1ChiefmMd01001SG/Com1ChiefmMd01001SG/CommonLayer/Drama_1001_023_Zhihuiguan_02.anim	Assets/Product/Role/DlcAnimation/BigWorld/Common/Com1ChiefmMd01001SG/Com1ChiefmMd01001SG/CommonLayer/Drama_1001_023_Zhihuiguan_02.asset
Drama_1001_024_Zhihuiguan_01	BaseLayer	Assets/Product/Role/DlcAnimation/BigWorld/Common/Com1ChiefmMd01001SG/Com1ChiefmMd01001SG/CommonLayer/Drama_1001_024_Zhihuiguan_01.anim	Assets/Product/Role/DlcAnimation/BigWorld/Common/Com1ChiefmMd01001SG/Com1ChiefmMd01001SG/CommonLayer/Drama_1001_024_Zhihuiguan_01.asset
Drama_1001_024_Zhihuiguan_02	BaseLayer	Assets/Product/Role/DlcAnimation/BigWorld/Common/Com1ChiefmMd01001SG/Com1ChiefmMd01001SG/CommonLayer/Drama_1001_024_Zhihuiguan_02.anim	Assets/Product/Role/DlcAnimation/BigWorld/Common/Com1ChiefmMd01001SG/Com1ChiefmMd01001SG/CommonLayer/Drama_1001_024_Zhihuiguan_02.asset
Drama_1001_024_Zhihuiguan_03	BaseLayer	Assets/Product/Role/DlcAnimation/BigWorld/Common/Com1ChiefmMd01001SG/Com1ChiefmMd01001SG/CommonLayer/Drama_1001_024_Zhihuiguan_03.anim	Assets/Product/Role/DlcAnimation/BigWorld/Common/Com1ChiefmMd01001SG/Com1ChiefmMd01001SG/CommonLayer/Drama_1001_024_Zhihuiguan_03.asset
Drama_1001_024_Zhihuiguan_09	BaseLayer	Assets/Product/Role/DlcAnimation/BigWorld/Common/Com1ChiefmMd01001SG/Com1ChiefmMd01001SG/CommonLayer/Drama_1001_024_Zhihuiguan_09.anim	Assets/Product/Role/DlcAnimation/BigWorld/Common/Com1ChiefmMd01001SG/Com1ChiefmMd01001SG/CommonLayer/Drama_1001_024_Zhihuiguan_09.asset
Drama_1001_028_Zhihuiguan_01	BaseLayer	Assets/Product/Role/DlcAnimation/BigWorld/Common/Com1ChiefmMd01001SG/Com1ChiefmMd01001SG/CommonLayer/Drama_1001_028_Zhihuiguan_01.anim	Assets/Product/Role/DlcAnimation/BigWorld/Common/Com1ChiefmMd01001SG/Com1ChiefmMd01001SG/CommonLayer/Drama_1001_028_Zhihuiguan_01.asset
Drama_1001_028_Zhihuiguan_02	BaseLayer	Assets/Product/Role/DlcAnimation/BigWorld/Common/Com1ChiefmMd01001SG/Com1ChiefmMd01001SG/CommonLayer/Drama_1001_028_Zhihuiguan_02.anim	Assets/Product/Role/DlcAnimation/BigWorld/Common/Com1ChiefmMd01001SG/Com1ChiefmMd01001SG/CommonLayer/Drama_1001_028_Zhihuiguan_02.asset
Drama_1001_028_Zhihuiguan_03	BaseLayer	Assets/Product/Role/DlcAnimation/BigWorld/Common/Com1ChiefmMd01001SG/Com1ChiefmMd01001SG/CommonLayer/Drama_1001_028_Zhihuiguan_03.anim	Assets/Product/Role/DlcAnimation/BigWorld/Common/Com1ChiefmMd01001SG/Com1ChiefmMd01001SG/CommonLayer/Drama_1001_028_Zhihuiguan_03.asset
Drama_1001_028_Zhihuiguan_04_Loop	BaseLayer	Assets/Product/Role/DlcAnimation/BigWorld/Common/Com1ChiefmMd01001SG/Com1ChiefmMd01001SG/CommonLayer/Drama_1001_028_Zhihuiguan_04_Loop.anim	Assets/Product/Role/DlcAnimation/BigWorld/Common/Com1ChiefmMd01001SG/Com1ChiefmMd01001SG/CommonLayer/Drama_1001_028_Zhihuiguan_04_Loop.asset
Drama_1001_028_Zhihuiguan_05	BaseLayer	Assets/Product/Role/DlcAnimation/BigWorld/Common/Com1ChiefmMd01001SG/Com1ChiefmMd01001SG/CommonLayer/Drama_1001_028_Zhihuiguan_05.anim	Assets/Product/Role/DlcAnimation/BigWorld/Common/Com1ChiefmMd01001SG/Com1ChiefmMd01001SG/CommonLayer/Drama_1001_028_Zhihuiguan_05.asset
Drama_1001_028_Zhihuiguan_06_Loop	BaseLayer	Assets/Product/Role/DlcAnimation/BigWorld/Common/Com1ChiefmMd01001SG/Com1ChiefmMd01001SG/CommonLayer/Drama_1001_028_Zhihuiguan_06_Loop.anim	Assets/Product/Role/DlcAnimation/BigWorld/Common/Com1ChiefmMd01001SG/Com1ChiefmMd01001SG/CommonLayer/Drama_1001_028_Zhihuiguan_06_Loop.asset
Drama_1001_028_Zhihuiguan_07	BaseLayer	Assets/Product/Role/DlcAnimation/BigWorld/Common/Com1ChiefmMd01001SG/Com1ChiefmMd01001SG/CommonLayer/Drama_1001_028_Zhihuiguan_07.anim	Assets/Product/Role/DlcAnimation/BigWorld/Common/Com1ChiefmMd01001SG/Com1ChiefmMd01001SG/CommonLayer/Drama_1001_028_Zhihuiguan_07.asset
Drama_1001_028_Zhihuiguan_08	BaseLayer	Assets/Product/Role/DlcAnimation/BigWorld/Common/Com1ChiefmMd01001SG/Com1ChiefmMd01001SG/CommonLayer/Drama_1001_028_Zhihuiguan_08.anim	Assets/Product/Role/DlcAnimation/BigWorld/Common/Com1ChiefmMd01001SG/Com1ChiefmMd01001SG/CommonLayer/Drama_1001_028_Zhihuiguan_08.asset
Drama_1001_028_Zhihuiguan_09	BaseLayer	Assets/Product/Role/DlcAnimation/BigWorld/Common/Com1ChiefmMd01001SG/Com1ChiefmMd01001SG/CommonLayer/Drama_1001_028_Zhihuiguan_09.anim	Assets/Product/Role/DlcAnimation/BigWorld/Common/Com1ChiefmMd01001SG/Com1ChiefmMd01001SG/CommonLayer/Drama_1001_028_Zhihuiguan_09.asset
Drama_1001_028_Zhihuiguan_10	BaseLayer	Assets/Product/Role/DlcAnimation/BigWorld/Common/Com1ChiefmMd01001SG/Com1ChiefmMd01001SG/CommonLayer/Drama_1001_028_Zhihuiguan_10.anim	Assets/Product/Role/DlcAnimation/BigWorld/Common/Com1ChiefmMd01001SG/Com1ChiefmMd01001SG/CommonLayer/Drama_1001_028_Zhihuiguan_10.asset
Drama_1001_028_Zhihuiguan_100	BaseLayer	Assets/Product/Role/DlcAnimation/BigWorld/Common/Com1ChiefmMd01001SG/Com1ChiefmMd01001SG/CommonLayer/Drama_1001_028_Zhihuiguan_100.anim	Assets/Product/Role/DlcAnimation/BigWorld/Common/Com1ChiefmMd01001SG/Com1ChiefmMd01001SG/CommonLayer/Drama_1001_028_Zhihuiguan_100.asset
Drama_1001_028_Zhihuiguan_101_Loop	BaseLayer	Assets/Product/Role/DlcAnimation/BigWorld/Common/Com1ChiefmMd01001SG/Com1ChiefmMd01001SG/CommonLayer/Drama_1001_028_Zhihuiguan_101_Loop.anim	Assets/Product/Role/DlcAnimation/BigWorld/Common/Com1ChiefmMd01001SG/Com1ChiefmMd01001SG/CommonLayer/Drama_1001_028_Zhihuiguan_101_Loop.asset
Drama_1001_028_Zhihuiguan_102	BaseLayer	Assets/Product/Role/DlcAnimation/BigWorld/Common/Com1ChiefmMd01001SG/Com1ChiefmMd01001SG/CommonLayer/Drama_1001_028_Zhihuiguan_102.anim	Assets/Product/Role/DlcAnimation/BigWorld/Common/Com1ChiefmMd01001SG/Com1ChiefmMd01001SG/CommonLayer/Drama_1001_028_Zhihuiguan_102.asset
Drama_1001_028_Zhihuiguan_11	BaseLayer	Assets/Product/Role/DlcAnimation/BigWorld/Common/Com1ChiefmMd01001SG/Com1ChiefmMd01001SG/CommonLayer/Drama_1001_028_Zhihuiguan_11.anim	Assets/Product/Role/DlcAnimation/BigWorld/Common/Com1ChiefmMd01001SG/Com1ChiefmMd01001SG/CommonLayer/Drama_1001_028_Zhihuiguan_11.asset
Drama_1001_028_Zhihuiguan_12	BaseLayer	Assets/Product/Role/DlcAnimation/BigWorld/Common/Com1ChiefmMd01001SG/Com1ChiefmMd01001SG/CommonLayer/Drama_1001_028_Zhihuiguan_12.anim	Assets/Product/Role/DlcAnimation/BigWorld/Common/Com1ChiefmMd01001SG/Com1ChiefmMd01001SG/CommonLayer/Drama_1001_028_Zhihuiguan_12.asset
Drama_1001_028_Zhihuiguan_13_Loop	BaseLayer	Assets/Product/Role/DlcAnimation/BigWorld/Common/Com1ChiefmMd01001SG/Com1ChiefmMd01001SG/CommonLayer/Drama_1001_028_Zhihuiguan_13_Loop.anim	Assets/Product/Role/DlcAnimation/BigWorld/Common/Com1ChiefmMd01001SG/Com1ChiefmMd01001SG/CommonLayer/Drama_1001_028_Zhihuiguan_13_Loop.asset
Drama_1001_028_Zhihuiguan_14_Loop	BaseLayer	Assets/Product/Role/DlcAnimation/BigWorld/Common/Com1ChiefmMd01001SG/Com1ChiefmMd01001SG/CommonLayer/Drama_1001_028_Zhihuiguan_14_Loop.anim	Assets/Product/Role/DlcAnimation/BigWorld/Common/Com1ChiefmMd01001SG/Com1ChiefmMd01001SG/CommonLayer/Drama_1001_028_Zhihuiguan_14_Loop.asset
Drama_1001_028_Zhihuiguan_15	BaseLayer	Assets/Product/Role/DlcAnimation/BigWorld/Common/Com1ChiefmMd01001SG/Com1ChiefmMd01001SG/CommonLayer/Drama_1001_028_Zhihuiguan_15.anim	Assets/Product/Role/DlcAnimation/BigWorld/Common/Com1ChiefmMd01001SG/Com1ChiefmMd01001SG/CommonLayer/Drama_1001_028_Zhihuiguan_15.asset
Drama_1001_028_Zhihuiguan_16	BaseLayer	Assets/Product/Role/DlcAnimation/BigWorld/Common/Com1ChiefmMd01001SG/Com1ChiefmMd01001SG/CommonLayer/Drama_1001_028_Zhihuiguan_16.anim	Assets/Product/Role/DlcAnimation/BigWorld/Common/Com1ChiefmMd01001SG/Com1ChiefmMd01001SG/CommonLayer/Drama_1001_028_Zhihuiguan_16.asset
Drama_1001_028_Zhihuiguan_17_Loop	BaseLayer	Assets/Product/Role/DlcAnimation/BigWorld/Common/Com1ChiefmMd01001SG/Com1ChiefmMd01001SG/CommonLayer/Drama_1001_028_Zhihuiguan_17_Loop.anim	Assets/Product/Role/DlcAnimation/BigWorld/Common/Com1ChiefmMd01001SG/Com1ChiefmMd01001SG/CommonLayer/Drama_1001_028_Zhihuiguan_17_Loop.asset
Drama_1001_028_Zhihuiguan_18	BaseLayer	Assets/Product/Role/DlcAnimation/BigWorld/Common/Com1ChiefmMd01001SG/Com1ChiefmMd01001SG/CommonLayer/Drama_1001_028_Zhihuiguan_18.anim	Assets/Product/Role/DlcAnimation/BigWorld/Common/Com1ChiefmMd01001SG/Com1ChiefmMd01001SG/CommonLayer/Drama_1001_028_Zhihuiguan_18.asset
Drama_1001_028_Zhihuiguan_19	BaseLayer	Assets/Product/Role/DlcAnimation/BigWorld/Common/Com1ChiefmMd01001SG/Com1ChiefmMd01001SG/CommonLayer/Drama_1001_028_Zhihuiguan_19.anim	Assets/Product/Role/DlcAnimation/BigWorld/Common/Com1ChiefmMd01001SG/Com1ChiefmMd01001SG/CommonLayer/Drama_1001_028_Zhihuiguan_19.asset
Drama_1001_028_Zhihuiguan_20_Loop	BaseLayer	Assets/Product/Role/DlcAnimation/BigWorld/Common/Com1ChiefmMd01001SG/Com1ChiefmMd01001SG/CommonLayer/Drama_1001_028_Zhihuiguan_20_Loop.anim	Assets/Product/Role/DlcAnimation/BigWorld/Common/Com1ChiefmMd01001SG/Com1ChiefmMd01001SG/CommonLayer/Drama_1001_028_Zhihuiguan_20_Loop.asset
Drama_1001_028_Zhihuiguan_21	BaseLayer	Assets/Product/Role/DlcAnimation/BigWorld/Common/Com1ChiefmMd01001SG/Com1ChiefmMd01001SG/CommonLayer/Drama_1001_028_Zhihuiguan_21.anim	Assets/Product/Role/DlcAnimation/BigWorld/Common/Com1ChiefmMd01001SG/Com1ChiefmMd01001SG/CommonLayer/Drama_1001_028_Zhihuiguan_21.asset
Drama_1001_028_Zhihuiguan_22	BaseLayer	Assets/Product/Role/DlcAnimation/BigWorld/Common/Com1ChiefmMd01001SG/Com1ChiefmMd01001SG/CommonLayer/Drama_1001_028_Zhihuiguan_22.anim	Assets/Product/Role/DlcAnimation/BigWorld/Common/Com1ChiefmMd01001SG/Com1ChiefmMd01001SG/CommonLayer/Drama_1001_028_Zhihuiguan_22.asset
Drama_1001_028_Zhihuiguan_23	BaseLayer	Assets/Product/Role/DlcAnimation/BigWorld/Common/Com1ChiefmMd01001SG/Com1ChiefmMd01001SG/CommonLayer/Drama_1001_028_Zhihuiguan_23.anim	Assets/Product/Role/DlcAnimation/BigWorld/Common/Com1ChiefmMd01001SG/Com1ChiefmMd01001SG/CommonLayer/Drama_1001_028_Zhihuiguan_23.asset
Drama_1001_028_Zhihuiguan_24	BaseLayer	Assets/Product/Role/DlcAnimation/BigWorld/Common/Com1ChiefmMd01001SG/Com1ChiefmMd01001SG/CommonLayer/Drama_1001_028_Zhihuiguan_24.anim	Assets/Product/Role/DlcAnimation/BigWorld/Common/Com1ChiefmMd01001SG/Com1ChiefmMd01001SG/CommonLayer/Drama_1001_028_Zhihuiguan_24.asset
Drama_1001_028_Zhihuiguan_25	BaseLayer	Assets/Product/Role/DlcAnimation/BigWorld/Common/Com1ChiefmMd01001SG/Com1ChiefmMd01001SG/CommonLayer/Drama_1001_028_Zhihuiguan_25.anim	Assets/Product/Role/DlcAnimation/BigWorld/Common/Com1ChiefmMd01001SG/Com1ChiefmMd01001SG/CommonLayer/Drama_1001_028_Zhihuiguan_25.asset
Drama_1001_028_Zhihuiguan_26	BaseLayer	Assets/Product/Role/DlcAnimation/BigWorld/Common/Com1ChiefmMd01001SG/Com1ChiefmMd01001SG/CommonLayer/Drama_1001_028_Zhihuiguan_26.anim	Assets/Product/Role/DlcAnimation/BigWorld/Common/Com1ChiefmMd01001SG/Com1ChiefmMd01001SG/CommonLayer/Drama_1001_028_Zhihuiguan_26.asset
Drama_1001_028_Zhihuiguan_27	BaseLayer	Assets/Product/Role/DlcAnimation/BigWorld/Common/Com1ChiefmMd01001SG/Com1ChiefmMd01001SG/CommonLayer/Drama_1001_028_Zhihuiguan_27.anim	Assets/Product/Role/DlcAnimation/BigWorld/Common/Com1ChiefmMd01001SG/Com1ChiefmMd01001SG/CommonLayer/Drama_1001_028_Zhihuiguan_27.asset
Drama_1001_028_Zhihuiguan_28	BaseLayer	Assets/Product/Role/DlcAnimation/BigWorld/Common/Com1ChiefmMd01001SG/Com1ChiefmMd01001SG/CommonLayer/Drama_1001_028_Zhihuiguan_28.anim	Assets/Product/Role/DlcAnimation/BigWorld/Common/Com1ChiefmMd01001SG/Com1ChiefmMd01001SG/CommonLayer/Drama_1001_028_Zhihuiguan_28.asset
Drama_1001_028_Zhihuiguan_29_Loop	BaseLayer	Assets/Product/Role/DlcAnimation/BigWorld/Common/Com1ChiefmMd01001SG/Com1ChiefmMd01001SG/CommonLayer/Drama_1001_028_Zhihuiguan_29_Loop.anim	Assets/Product/Role/DlcAnimation/BigWorld/Common/Com1ChiefmMd01001SG/Com1ChiefmMd01001SG/CommonLayer/Drama_1001_028_Zhihuiguan_29_Loop.asset
Drama_1001_028_Zhihuiguan_30	BaseLayer	Assets/Product/Role/DlcAnimation/BigWorld/Common/Com1ChiefmMd01001SG/Com1ChiefmMd01001SG/CommonLayer/Drama_1001_028_Zhihuiguan_30.anim	Assets/Product/Role/DlcAnimation/BigWorld/Common/Com1ChiefmMd01001SG/Com1ChiefmMd01001SG/CommonLayer/Drama_1001_028_Zhihuiguan_30.asset
Drama_1001_028_Zhihuiguan_31	BaseLayer	Assets/Product/Role/DlcAnimation/BigWorld/Common/Com1ChiefmMd01001SG/Com1ChiefmMd01001SG/CommonLayer/Drama_1001_028_Zhihuiguan_31.anim	Assets/Product/Role/DlcAnimation/BigWorld/Common/Com1ChiefmMd01001SG/Com1ChiefmMd01001SG/CommonLayer/Drama_1001_028_Zhihuiguan_31.asset
Drama_1001_028_Zhihuiguan_32	BaseLayer	Assets/Product/Role/DlcAnimation/BigWorld/Common/Com1ChiefmMd01001SG/Com1ChiefmMd01001SG/CommonLayer/Drama_1001_028_Zhihuiguan_32.anim	Assets/Product/Role/DlcAnimation/BigWorld/Common/Com1ChiefmMd01001SG/Com1ChiefmMd01001SG/CommonLayer/Drama_1001_028_Zhihuiguan_32.asset
Drama_1001_028_Zhihuiguan_33	BaseLayer	Assets/Product/Role/DlcAnimation/BigWorld/Common/Com1ChiefmMd01001SG/Com1ChiefmMd01001SG/CommonLayer/Drama_1001_028_Zhihuiguan_33.anim	Assets/Product/Role/DlcAnimation/BigWorld/Common/Com1ChiefmMd01001SG/Com1ChiefmMd01001SG/CommonLayer/Drama_1001_028_Zhihuiguan_33.asset
Drama_1001_028_Zhihuiguan_34	BaseLayer	Assets/Product/Role/DlcAnimation/BigWorld/Common/Com1ChiefmMd01001SG/Com1ChiefmMd01001SG/CommonLayer/Drama_1001_028_Zhihuiguan_34.anim	Assets/Product/Role/DlcAnimation/BigWorld/Common/Com1ChiefmMd01001SG/Com1ChiefmMd01001SG/CommonLayer/Drama_1001_028_Zhihuiguan_34.asset
Drama_1001_028_Zhihuiguan_35_Loop	BaseLayer	Assets/Product/Role/DlcAnimation/BigWorld/Common/Com1ChiefmMd01001SG/Com1ChiefmMd01001SG/CommonLayer/Drama_1001_028_Zhihuiguan_35_Loop.anim	Assets/Product/Role/DlcAnimation/BigWorld/Common/Com1ChiefmMd01001SG/Com1ChiefmMd01001SG/CommonLayer/Drama_1001_028_Zhihuiguan_35_Loop.asset
Drama_1001_028_Zhihuiguan_36	BaseLayer	Assets/Product/Role/DlcAnimation/BigWorld/Common/Com1ChiefmMd01001SG/Com1ChiefmMd01001SG/CommonLayer/Drama_1001_028_Zhihuiguan_36.anim	Assets/Product/Role/DlcAnimation/BigWorld/Common/Com1ChiefmMd01001SG/Com1ChiefmMd01001SG/CommonLayer/Drama_1001_028_Zhihuiguan_36.asset
Drama_1001_028_Zhihuiguan_37_Loop	BaseLayer	Assets/Product/Role/DlcAnimation/BigWorld/Common/Com1ChiefmMd01001SG/Com1ChiefmMd01001SG/CommonLayer/Drama_1001_028_Zhihuiguan_37_Loop.anim	Assets/Product/Role/DlcAnimation/BigWorld/Common/Com1ChiefmMd01001SG/Com1ChiefmMd01001SG/CommonLayer/Drama_1001_028_Zhihuiguan_37_Loop.asset
Drama_1001_028_Zhihuiguan_38	BaseLayer	Assets/Product/Role/DlcAnimation/BigWorld/Common/Com1ChiefmMd01001SG/Com1ChiefmMd01001SG/CommonLayer/Drama_1001_028_Zhihuiguan_38.anim	Assets/Product/Role/DlcAnimation/BigWorld/Common/Com1ChiefmMd01001SG/Com1ChiefmMd01001SG/CommonLayer/Drama_1001_028_Zhihuiguan_38.asset
Drama_1001_028_Zhihuiguan_39	BaseLayer	Assets/Product/Role/DlcAnimation/BigWorld/Common/Com1ChiefmMd01001SG/Com1ChiefmMd01001SG/CommonLayer/Drama_1001_028_Zhihuiguan_39.anim	Assets/Product/Role/DlcAnimation/BigWorld/Common/Com1ChiefmMd01001SG/Com1ChiefmMd01001SG/CommonLayer/Drama_1001_028_Zhihuiguan_39.asset
Drama_1001_028_Zhihuiguan_40_Loop	BaseLayer	Assets/Product/Role/DlcAnimation/BigWorld/Common/Com1ChiefmMd01001SG/Com1ChiefmMd01001SG/CommonLayer/Drama_1001_028_Zhihuiguan_40_Loop.anim	Assets/Product/Role/DlcAnimation/BigWorld/Common/Com1ChiefmMd01001SG/Com1ChiefmMd01001SG/CommonLayer/Drama_1001_028_Zhihuiguan_40_Loop.asset
Drama_1001_028_Zhihuiguan_41	BaseLayer	Assets/Product/Role/DlcAnimation/BigWorld/Common/Com1ChiefmMd01001SG/Com1ChiefmMd01001SG/CommonLayer/Drama_1001_028_Zhihuiguan_41.anim	Assets/Product/Role/DlcAnimation/BigWorld/Common/Com1ChiefmMd01001SG/Com1ChiefmMd01001SG/CommonLayer/Drama_1001_028_Zhihuiguan_41.asset
Drama_1001_028_Zhihuiguan_42	BaseLayer	Assets/Product/Role/DlcAnimation/BigWorld/Common/Com1ChiefmMd01001SG/Com1ChiefmMd01001SG/CommonLayer/Drama_1001_028_Zhihuiguan_42.anim	Assets/Product/Role/DlcAnimation/BigWorld/Common/Com1ChiefmMd01001SG/Com1ChiefmMd01001SG/CommonLayer/Drama_1001_028_Zhihuiguan_42.asset
Drama_1001_028_Zhihuiguan_43_Loop	BaseLayer	Assets/Product/Role/DlcAnimation/BigWorld/Common/Com1ChiefmMd01001SG/Com1ChiefmMd01001SG/CommonLayer/Drama_1001_028_Zhihuiguan_43_Loop.anim	Assets/Product/Role/DlcAnimation/BigWorld/Common/Com1ChiefmMd01001SG/Com1ChiefmMd01001SG/CommonLayer/Drama_1001_028_Zhihuiguan_43_Loop.asset
Drama_1001_028_Zhihuiguan_44	BaseLayer	Assets/Product/Role/DlcAnimation/BigWorld/Common/Com1ChiefmMd01001SG/Com1ChiefmMd01001SG/CommonLayer/Drama_1001_028_Zhihuiguan_44.anim	Assets/Product/Role/DlcAnimation/BigWorld/Common/Com1ChiefmMd01001SG/Com1ChiefmMd01001SG/CommonLayer/Drama_1001_028_Zhihuiguan_44.asset
Drama_1001_028_Zhihuiguan_45_Loop	BaseLayer	Assets/Product/Role/DlcAnimation/BigWorld/Common/Com1ChiefmMd01001SG/Com1ChiefmMd01001SG/CommonLayer/Drama_1001_028_Zhihuiguan_45_Loop.anim	Assets/Product/Role/DlcAnimation/BigWorld/Common/Com1ChiefmMd01001SG/Com1ChiefmMd01001SG/CommonLayer/Drama_1001_028_Zhihuiguan_45_Loop.asset
Drama_1001_028_Zhihuiguan_46	BaseLayer	Assets/Product/Role/DlcAnimation/BigWorld/Common/Com1ChiefmMd01001SG/Com1ChiefmMd01001SG/CommonLayer/Drama_1001_028_Zhihuiguan_46.anim	Assets/Product/Role/DlcAnimation/BigWorld/Common/Com1ChiefmMd01001SG/Com1ChiefmMd01001SG/CommonLayer/Drama_1001_028_Zhihuiguan_46.asset
Drama_1001_028_Zhihuiguan_47	BaseLayer	Assets/Product/Role/DlcAnimation/BigWorld/Common/Com1ChiefmMd01001SG/Com1ChiefmMd01001SG/CommonLayer/Drama_1001_028_Zhihuiguan_47.anim	Assets/Product/Role/DlcAnimation/BigWorld/Common/Com1ChiefmMd01001SG/Com1ChiefmMd01001SG/CommonLayer/Drama_1001_028_Zhihuiguan_47.asset
Drama_1001_028_Zhihuiguan_48	BaseLayer	Assets/Product/Role/DlcAnimation/BigWorld/Common/Com1ChiefmMd01001SG/Com1ChiefmMd01001SG/CommonLayer/Drama_1001_028_Zhihuiguan_48.anim	Assets/Product/Role/DlcAnimation/BigWorld/Common/Com1ChiefmMd01001SG/Com1ChiefmMd01001SG/CommonLayer/Drama_1001_028_Zhihuiguan_48.asset
Drama_1001_028_Zhihuiguan_49_Loop	BaseLayer	Assets/Product/Role/DlcAnimation/BigWorld/Common/Com1ChiefmMd01001SG/Com1ChiefmMd01001SG/CommonLayer/Drama_1001_028_Zhihuiguan_49_Loop.anim	Assets/Product/Role/DlcAnimation/BigWorld/Common/Com1ChiefmMd01001SG/Com1ChiefmMd01001SG/CommonLayer/Drama_1001_028_Zhihuiguan_49_Loop.asset
Drama_1001_028_Zhihuiguan_50	BaseLayer	Assets/Product/Role/DlcAnimation/BigWorld/Common/Com1ChiefmMd01001SG/Com1ChiefmMd01001SG/CommonLayer/Drama_1001_028_Zhihuiguan_50.anim	Assets/Product/Role/DlcAnimation/BigWorld/Common/Com1ChiefmMd01001SG/Com1ChiefmMd01001SG/CommonLayer/Drama_1001_028_Zhihuiguan_50.asset
Drama_1001_028_Zhihuiguan_51	BaseLayer	Assets/Product/Role/DlcAnimation/BigWorld/Common/Com1ChiefmMd01001SG/Com1ChiefmMd01001SG/CommonLayer/Drama_1001_028_Zhihuiguan_51.anim	Assets/Product/Role/DlcAnimation/BigWorld/Common/Com1ChiefmMd01001SG/Com1ChiefmMd01001SG/CommonLayer/Drama_1001_028_Zhihuiguan_51.asset
Drama_1001_028_Zhihuiguan_52_Loop	BaseLayer	Assets/Product/Role/DlcAnimation/BigWorld/Common/Com1ChiefmMd01001SG/Com1ChiefmMd01001SG/CommonLayer/Drama_1001_028_Zhihuiguan_52_Loop.anim	Assets/Product/Role/DlcAnimation/BigWorld/Common/Com1ChiefmMd01001SG/Com1ChiefmMd01001SG/CommonLayer/Drama_1001_028_Zhihuiguan_52_Loop.asset
Drama_1001_028_Zhihuiguan_53	BaseLayer	Assets/Product/Role/DlcAnimation/BigWorld/Common/Com1ChiefmMd01001SG/Com1ChiefmMd01001SG/CommonLayer/Drama_1001_028_Zhihuiguan_53.anim	Assets/Product/Role/DlcAnimation/BigWorld/Common/Com1ChiefmMd01001SG/Com1ChiefmMd01001SG/CommonLayer/Drama_1001_028_Zhihuiguan_53.asset
Drama_1001_028_Zhihuiguan_54_Loop	BaseLayer	Assets/Product/Role/DlcAnimation/BigWorld/Common/Com1ChiefmMd01001SG/Com1ChiefmMd01001SG/CommonLayer/Drama_1001_028_Zhihuiguan_54_Loop.anim	Assets/Product/Role/DlcAnimation/BigWorld/Common/Com1ChiefmMd01001SG/Com1ChiefmMd01001SG/CommonLayer/Drama_1001_028_Zhihuiguan_54_Loop.asset
Drama_1001_028_Zhihuiguan_55	BaseLayer	Assets/Product/Role/DlcAnimation/BigWorld/Common/Com1ChiefmMd01001SG/Com1ChiefmMd01001SG/CommonLayer/Drama_1001_028_Zhihuiguan_55.anim	Assets/Product/Role/DlcAnimation/BigWorld/Common/Com1ChiefmMd01001SG/Com1ChiefmMd01001SG/CommonLayer/Drama_1001_028_Zhihuiguan_55.asset
Drama_1001_028_Zhihuiguan_56_Loop	BaseLayer	Assets/Product/Role/DlcAnimation/BigWorld/Common/Com1ChiefmMd01001SG/Com1ChiefmMd01001SG/CommonLayer/Drama_1001_028_Zhihuiguan_56_Loop.anim	Assets/Product/Role/DlcAnimation/BigWorld/Common/Com1ChiefmMd01001SG/Com1ChiefmMd01001SG/CommonLayer/Drama_1001_028_Zhihuiguan_56_Loop.asset
Drama_1001_028_Zhihuiguan_57	BaseLayer	Assets/Product/Role/DlcAnimation/BigWorld/Common/Com1ChiefmMd01001SG/Com1ChiefmMd01001SG/CommonLayer/Drama_1001_028_Zhihuiguan_57.anim	Assets/Product/Role/DlcAnimation/BigWorld/Common/Com1ChiefmMd01001SG/Com1ChiefmMd01001SG/CommonLayer/Drama_1001_028_Zhihuiguan_57.asset
Drama_1001_028_Zhihuiguan_58	BaseLayer	Assets/Product/Role/DlcAnimation/BigWorld/Common/Com1ChiefmMd01001SG/Com1ChiefmMd01001SG/CommonLayer/Drama_1001_028_Zhihuiguan_58.anim	Assets/Product/Role/DlcAnimation/BigWorld/Common/Com1ChiefmMd01001SG/Com1ChiefmMd01001SG/CommonLayer/Drama_1001_028_Zhihuiguan_58.asset
Drama_1001_028_Zhihuiguan_59	BaseLayer	Assets/Product/Role/DlcAnimation/BigWorld/Common/Com1ChiefmMd01001SG/Com1ChiefmMd01001SG/CommonLayer/Drama_1001_028_Zhihuiguan_59.anim	Assets/Product/Role/DlcAnimation/BigWorld/Common/Com1ChiefmMd01001SG/Com1ChiefmMd01001SG/CommonLayer/Drama_1001_028_Zhihuiguan_59.asset
Drama_1001_028_Zhihuiguan_60	BaseLayer	Assets/Product/Role/DlcAnimation/BigWorld/Common/Com1ChiefmMd01001SG/Com1ChiefmMd01001SG/CommonLayer/Drama_1001_028_Zhihuiguan_60.anim	Assets/Product/Role/DlcAnimation/BigWorld/Common/Com1ChiefmMd01001SG/Com1ChiefmMd01001SG/CommonLayer/Drama_1001_028_Zhihuiguan_60.asset
Drama_1001_028_Zhihuiguan_61	BaseLayer	Assets/Product/Role/DlcAnimation/BigWorld/Common/Com1ChiefmMd01001SG/Com1ChiefmMd01001SG/CommonLayer/Drama_1001_028_Zhihuiguan_61.anim	Assets/Product/Role/DlcAnimation/BigWorld/Common/Com1ChiefmMd01001SG/Com1ChiefmMd01001SG/CommonLayer/Drama_1001_028_Zhihuiguan_61.asset
Drama_1001_028_Zhihuiguan_62_Loop	BaseLayer	Assets/Product/Role/DlcAnimation/BigWorld/Common/Com1ChiefmMd01001SG/Com1ChiefmMd01001SG/CommonLayer/Drama_1001_028_Zhihuiguan_62_Loop.anim	Assets/Product/Role/DlcAnimation/BigWorld/Common/Com1ChiefmMd01001SG/Com1ChiefmMd01001SG/CommonLayer/Drama_1001_028_Zhihuiguan_62_Loop.asset
Drama_1001_028_Zhihuiguan_63_Loop	BaseLayer	Assets/Product/Role/DlcAnimation/BigWorld/Common/Com1ChiefmMd01001SG/Com1ChiefmMd01001SG/CommonLayer/Drama_1001_028_Zhihuiguan_63_Loop.anim	Assets/Product/Role/DlcAnimation/BigWorld/Common/Com1ChiefmMd01001SG/Com1ChiefmMd01001SG/CommonLayer/Drama_1001_028_Zhihuiguan_63_Loop.asset
Drama_1001_028_Zhihuiguan_64	BaseLayer	Assets/Product/Role/DlcAnimation/BigWorld/Common/Com1ChiefmMd01001SG/Com1ChiefmMd01001SG/CommonLayer/Drama_1001_028_Zhihuiguan_64.anim	Assets/Product/Role/DlcAnimation/BigWorld/Common/Com1ChiefmMd01001SG/Com1ChiefmMd01001SG/CommonLayer/Drama_1001_028_Zhihuiguan_64.asset
Drama_1001_028_Zhihuiguan_65_Loop	BaseLayer	Assets/Product/Role/DlcAnimation/BigWorld/Common/Com1ChiefmMd01001SG/Com1ChiefmMd01001SG/CommonLayer/Drama_1001_028_Zhihuiguan_65_Loop.anim	Assets/Product/Role/DlcAnimation/BigWorld/Common/Com1ChiefmMd01001SG/Com1ChiefmMd01001SG/CommonLayer/Drama_1001_028_Zhihuiguan_65_Loop.asset
Drama_1001_028_Zhihuiguan_66	BaseLayer	Assets/Product/Role/DlcAnimation/BigWorld/Common/Com1ChiefmMd01001SG/Com1ChiefmMd01001SG/CommonLayer/Drama_1001_028_Zhihuiguan_66.anim	Assets/Product/Role/DlcAnimation/BigWorld/Common/Com1ChiefmMd01001SG/Com1ChiefmMd01001SG/CommonLayer/Drama_1001_028_Zhihuiguan_66.asset
Drama_1001_028_Zhihuiguan_67	BaseLayer	Assets/Product/Role/DlcAnimation/BigWorld/Common/Com1ChiefmMd01001SG/Com1ChiefmMd01001SG/CommonLayer/Drama_1001_028_Zhihuiguan_67.anim	Assets/Product/Role/DlcAnimation/BigWorld/Common/Com1ChiefmMd01001SG/Com1ChiefmMd01001SG/CommonLayer/Drama_1001_028_Zhihuiguan_67.asset
Drama_1001_028_Zhihuiguan_68	BaseLayer	Assets/Product/Role/DlcAnimation/BigWorld/Common/Com1ChiefmMd01001SG/Com1ChiefmMd01001SG/CommonLayer/Drama_1001_028_Zhihuiguan_68.anim	Assets/Product/Role/DlcAnimation/BigWorld/Common/Com1ChiefmMd01001SG/Com1ChiefmMd01001SG/CommonLayer/Drama_1001_028_Zhihuiguan_68.asset
Drama_1001_028_Zhihuiguan_69_Loop	BaseLayer	Assets/Product/Role/DlcAnimation/BigWorld/Common/Com1ChiefmMd01001SG/Com1ChiefmMd01001SG/CommonLayer/Drama_1001_028_Zhihuiguan_69_Loop.anim	Assets/Product/Role/DlcAnimation/BigWorld/Common/Com1ChiefmMd01001SG/Com1ChiefmMd01001SG/CommonLayer/Drama_1001_028_Zhihuiguan_69_Loop.asset
Drama_1001_028_Zhihuiguan_70	BaseLayer	Assets/Product/Role/DlcAnimation/BigWorld/Common/Com1ChiefmMd01001SG/Com1ChiefmMd01001SG/CommonLayer/Drama_1001_028_Zhihuiguan_70.anim	Assets/Product/Role/DlcAnimation/BigWorld/Common/Com1ChiefmMd01001SG/Com1ChiefmMd01001SG/CommonLayer/Drama_1001_028_Zhihuiguan_70.asset
Drama_1001_028_Zhihuiguan_71_Loop	BaseLayer	Assets/Product/Role/DlcAnimation/BigWorld/Common/Com1ChiefmMd01001SG/Com1ChiefmMd01001SG/CommonLayer/Drama_1001_028_Zhihuiguan_71_Loop.anim	Assets/Product/Role/DlcAnimation/BigWorld/Common/Com1ChiefmMd01001SG/Com1ChiefmMd01001SG/CommonLayer/Drama_1001_028_Zhihuiguan_71_Loop.asset
Drama_1001_028_Zhihuiguan_72	BaseLayer	Assets/Product/Role/DlcAnimation/BigWorld/Common/Com1ChiefmMd01001SG/Com1ChiefmMd01001SG/CommonLayer/Drama_1001_028_Zhihuiguan_72.anim	Assets/Product/Role/DlcAnimation/BigWorld/Common/Com1ChiefmMd01001SG/Com1ChiefmMd01001SG/CommonLayer/Drama_1001_028_Zhihuiguan_72.asset
Drama_1001_029_Zhihuiguan_01	BaseLayer	Assets/Product/Role/DlcAnimation/BigWorld/Common/Com1ChiefmMd01001SG/Com1ChiefmMd01001SG/CommonLayer/Drama_1001_029_Zhihuiguan_01.anim	Assets/Product/Role/DlcAnimation/BigWorld/Common/Com1ChiefmMd01001SG/Com1ChiefmMd01001SG/CommonLayer/Drama_1001_029_Zhihuiguan_01.asset
Drama_1001_029_Zhihuiguan_02_Loop	BaseLayer	Assets/Product/Role/DlcAnimation/BigWorld/Common/Com1ChiefmMd01001SG/Com1ChiefmMd01001SG/CommonLayer/Drama_1001_029_Zhihuiguan_02_Loop.anim	Assets/Product/Role/DlcAnimation/BigWorld/Common/Com1ChiefmMd01001SG/Com1ChiefmMd01001SG/CommonLayer/Drama_1001_029_Zhihuiguan_02_Loop.asset
Drama_1001_029_Zhihuiguan_03	BaseLayer	Assets/Product/Role/DlcAnimation/BigWorld/Common/Com1ChiefmMd01001SG/Com1ChiefmMd01001SG/CommonLayer/Drama_1001_029_Zhihuiguan_03.anim	Assets/Product/Role/DlcAnimation/BigWorld/Common/Com1ChiefmMd01001SG/Com1ChiefmMd01001SG/CommonLayer/Drama_1001_029_Zhihuiguan_03.asset
Drama_1001_029_Zhihuiguan_04	BaseLayer	Assets/Product/Role/DlcAnimation/BigWorld/Common/Com1ChiefmMd01001SG/Com1ChiefmMd01001SG/CommonLayer/Drama_1001_029_Zhihuiguan_04.anim	Assets/Product/Role/DlcAnimation/BigWorld/Common/Com1ChiefmMd01001SG/Com1ChiefmMd01001SG/CommonLayer/Drama_1001_029_Zhihuiguan_04.asset
Drama_1001_029_Zhihuiguan_05_Loop	BaseLayer	Assets/Product/Role/DlcAnimation/BigWorld/Common/Com1ChiefmMd01001SG/Com1ChiefmMd01001SG/CommonLayer/Drama_1001_029_Zhihuiguan_05_Loop.anim	Assets/Product/Role/DlcAnimation/BigWorld/Common/Com1ChiefmMd01001SG/Com1ChiefmMd01001SG/CommonLayer/Drama_1001_029_Zhihuiguan_05_Loop.asset
Drama_1001_029_Zhihuiguan_06	BaseLayer	Assets/Product/Role/DlcAnimation/BigWorld/Common/Com1ChiefmMd01001SG/Com1ChiefmMd01001SG/CommonLayer/Drama_1001_029_Zhihuiguan_06.anim	Assets/Product/Role/DlcAnimation/BigWorld/Common/Com1ChiefmMd01001SG/Com1ChiefmMd01001SG/CommonLayer/Drama_1001_029_Zhihuiguan_06.asset
Drama_1001_029_Zhihuiguan_07_Loop	BaseLayer	Assets/Product/Role/DlcAnimation/BigWorld/Common/Com1ChiefmMd01001SG/Com1ChiefmMd01001SG/CommonLayer/Drama_1001_029_Zhihuiguan_07_Loop.anim	Assets/Product/Role/DlcAnimation/BigWorld/Common/Com1ChiefmMd01001SG/Com1ChiefmMd01001SG/CommonLayer/Drama_1001_029_Zhihuiguan_07_Loop.asset
Drama_1001_029_Zhihuiguan_08	BaseLayer	Assets/Product/Role/DlcAnimation/BigWorld/Common/Com1ChiefmMd01001SG/Com1ChiefmMd01001SG/CommonLayer/Drama_1001_029_Zhihuiguan_08.anim	Assets/Product/Role/DlcAnimation/BigWorld/Common/Com1ChiefmMd01001SG/Com1ChiefmMd01001SG/CommonLayer/Drama_1001_029_Zhihuiguan_08.asset
Drama_1001_029_Zhihuiguan_09	BaseLayer	Assets/Product/Role/DlcAnimation/BigWorld/Common/Com1ChiefmMd01001SG/Com1ChiefmMd01001SG/CommonLayer/Drama_1001_029_Zhihuiguan_09.anim	Assets/Product/Role/DlcAnimation/BigWorld/Common/Com1ChiefmMd01001SG/Com1ChiefmMd01001SG/CommonLayer/Drama_1001_029_Zhihuiguan_09.asset
Drama_1001_029_Zhihuiguan_09_Loop	BaseLayer	Assets/Product/Role/DlcAnimation/BigWorld/Common/Com1ChiefmMd01001SG/Com1ChiefmMd01001SG/CommonLayer/Drama_1001_029_Zhihuiguan_09_Loop.anim	Assets/Product/Role/DlcAnimation/BigWorld/Common/Com1ChiefmMd01001SG/Com1ChiefmMd01001SG/CommonLayer/Drama_1001_029_Zhihuiguan_09_Loop.asset
Drama_1001_029_Zhihuiguan_10	BaseLayer	Assets/Product/Role/DlcAnimation/BigWorld/Common/Com1ChiefmMd01001SG/Com1ChiefmMd01001SG/CommonLayer/Drama_1001_029_Zhihuiguan_10.anim	Assets/Product/Role/DlcAnimation/BigWorld/Common/Com1ChiefmMd01001SG/Com1ChiefmMd01001SG/CommonLayer/Drama_1001_029_Zhihuiguan_10.asset
Drama_1001_029_Zhihuiguan_11_Loop	BaseLayer	Assets/Product/Role/DlcAnimation/BigWorld/Common/Com1ChiefmMd01001SG/Com1ChiefmMd01001SG/CommonLayer/Drama_1001_029_Zhihuiguan_11_Loop.anim	Assets/Product/Role/DlcAnimation/BigWorld/Common/Com1ChiefmMd01001SG/Com1ChiefmMd01001SG/CommonLayer/Drama_1001_029_Zhihuiguan_11_Loop.asset
Drama_1001_029_Zhihuiguan_12	BaseLayer	Assets/Product/Role/DlcAnimation/BigWorld/Common/Com1ChiefmMd01001SG/Com1ChiefmMd01001SG/CommonLayer/Drama_1001_029_Zhihuiguan_12.anim	Assets/Product/Role/DlcAnimation/BigWorld/Common/Com1ChiefmMd01001SG/Com1ChiefmMd01001SG/CommonLayer/Drama_1001_029_Zhihuiguan_12.asset
Drama_1001_029_Zhihuiguan_13_Loop	BaseLayer	Assets/Product/Role/DlcAnimation/BigWorld/Common/Com1ChiefmMd01001SG/Com1ChiefmMd01001SG/CommonLayer/Drama_1001_029_Zhihuiguan_13_Loop.anim	Assets/Product/Role/DlcAnimation/BigWorld/Common/Com1ChiefmMd01001SG/Com1ChiefmMd01001SG/CommonLayer/Drama_1001_029_Zhihuiguan_13_Loop.asset
Drama_1001_029_Zhihuiguan_14	BaseLayer	Assets/Product/Role/DlcAnimation/BigWorld/Common/Com1ChiefmMd01001SG/Com1ChiefmMd01001SG/CommonLayer/Drama_1001_029_Zhihuiguan_14.anim	Assets/Product/Role/DlcAnimation/BigWorld/Common/Com1ChiefmMd01001SG/Com1ChiefmMd01001SG/CommonLayer/Drama_1001_029_Zhihuiguan_14.asset
Drama_1001_029_Zhihuiguan_16	BaseLayer	Assets/Product/Role/DlcAnimation/BigWorld/Common/Com1ChiefmMd01001SG/Com1ChiefmMd01001SG/CommonLayer/Drama_1001_029_Zhihuiguan_16.anim	Assets/Product/Role/DlcAnimation/BigWorld/Common/Com1ChiefmMd01001SG/Com1ChiefmMd01001SG/CommonLayer/Drama_1001_029_Zhihuiguan_16.asset
Drama_1001_029_Zhihuiguan_17	BaseLayer	Assets/Product/Role/DlcAnimation/BigWorld/Common/Com1ChiefmMd01001SG/Com1ChiefmMd01001SG/CommonLayer/Drama_1001_029_Zhihuiguan_17.anim	Assets/Product/Role/DlcAnimation/BigWorld/Common/Com1ChiefmMd01001SG/Com1ChiefmMd01001SG/CommonLayer/Drama_1001_029_Zhihuiguan_17.asset
Drama_1001_029_Zhihuiguan_18	BaseLayer	Assets/Product/Role/DlcAnimation/BigWorld/Common/Com1ChiefmMd01001SG/Com1ChiefmMd01001SG/CommonLayer/Drama_1001_029_Zhihuiguan_18.anim	Assets/Product/Role/DlcAnimation/BigWorld/Common/Com1ChiefmMd01001SG/Com1ChiefmMd01001SG/CommonLayer/Drama_1001_029_Zhihuiguan_18.asset
Drama_1001_029_Zhihuiguan_19_Loop	BaseLayer	Assets/Product/Role/DlcAnimation/BigWorld/Common/Com1ChiefmMd01001SG/Com1ChiefmMd01001SG/CommonLayer/Drama_1001_029_Zhihuiguan_19_Loop.anim	Assets/Product/Role/DlcAnimation/BigWorld/Common/Com1ChiefmMd01001SG/Com1ChiefmMd01001SG/CommonLayer/Drama_1001_029_Zhihuiguan_19_Loop.asset
Drama_1001_029_Zhihuiguan_20	BaseLayer	Assets/Product/Role/DlcAnimation/BigWorld/Common/Com1ChiefmMd01001SG/Com1ChiefmMd01001SG/CommonLayer/Drama_1001_029_Zhihuiguan_20.anim	Assets/Product/Role/DlcAnimation/BigWorld/Common/Com1ChiefmMd01001SG/Com1ChiefmMd01001SG/CommonLayer/Drama_1001_029_Zhihuiguan_20.asset
Drama_1001_029_Zhihuiguan_21	BaseLayer	Assets/Product/Role/DlcAnimation/BigWorld/Common/Com1ChiefmMd01001SG/Com1ChiefmMd01001SG/CommonLayer/Drama_1001_029_Zhihuiguan_21.anim	Assets/Product/Role/DlcAnimation/BigWorld/Common/Com1ChiefmMd01001SG/Com1ChiefmMd01001SG/CommonLayer/Drama_1001_029_Zhihuiguan_21.asset
Drama_1001_029_Zhihuiguan_22	BaseLayer	Assets/Product/Role/DlcAnimation/BigWorld/Common/Com1ChiefmMd01001SG/Com1ChiefmMd01001SG/CommonLayer/Drama_1001_029_Zhihuiguan_22.anim	Assets/Product/Role/DlcAnimation/BigWorld/Common/Com1ChiefmMd01001SG/Com1ChiefmMd01001SG/CommonLayer/Drama_1001_029_Zhihuiguan_22.asset
Drama_1001_029_Zhihuiguan_23_Loop	BaseLayer	Assets/Product/Role/DlcAnimation/BigWorld/Common/Com1ChiefmMd01001SG/Com1ChiefmMd01001SG/CommonLayer/Drama_1001_029_Zhihuiguan_23_Loop.anim	Assets/Product/Role/DlcAnimation/BigWorld/Common/Com1ChiefmMd01001SG/Com1ChiefmMd01001SG/CommonLayer/Drama_1001_029_Zhihuiguan_23_Loop.asset
Drama_1001_029_Zhihuiguan_24	BaseLayer	Assets/Product/Role/DlcAnimation/BigWorld/Common/Com1ChiefmMd01001SG/Com1ChiefmMd01001SG/CommonLayer/Drama_1001_029_Zhihuiguan_24.anim	Assets/Product/Role/DlcAnimation/BigWorld/Common/Com1ChiefmMd01001SG/Com1ChiefmMd01001SG/CommonLayer/Drama_1001_029_Zhihuiguan_24.asset
Drama_1001_029_Zhihuiguan_25	BaseLayer	Assets/Product/Role/DlcAnimation/BigWorld/Common/Com1ChiefmMd01001SG/Com1ChiefmMd01001SG/CommonLayer/Drama_1001_029_Zhihuiguan_25.anim	Assets/Product/Role/DlcAnimation/BigWorld/Common/Com1ChiefmMd01001SG/Com1ChiefmMd01001SG/CommonLayer/Drama_1001_029_Zhihuiguan_25.asset
Drama_1001_029_Zhihuiguan_26	BaseLayer	Assets/Product/Role/DlcAnimation/BigWorld/Common/Com1ChiefmMd01001SG/Com1ChiefmMd01001SG/CommonLayer/Drama_1001_029_Zhihuiguan_26.anim	Assets/Product/Role/DlcAnimation/BigWorld/Common/Com1ChiefmMd01001SG/Com1ChiefmMd01001SG/CommonLayer/Drama_1001_029_Zhihuiguan_26.asset
Drama_1001_029_Zhihuiguan_27	BaseLayer	Assets/Product/Role/DlcAnimation/BigWorld/Common/Com1ChiefmMd01001SG/Com1ChiefmMd01001SG/CommonLayer/Drama_1001_029_Zhihuiguan_27.anim	Assets/Product/Role/DlcAnimation/BigWorld/Common/Com1ChiefmMd01001SG/Com1ChiefmMd01001SG/CommonLayer/Drama_1001_029_Zhihuiguan_27.asset
Drama_1001_029_Zhihuiguan_28	BaseLayer	Assets/Product/Role/DlcAnimation/BigWorld/Common/Com1ChiefmMd01001SG/Com1ChiefmMd01001SG/CommonLayer/Drama_1001_029_Zhihuiguan_28.anim	Assets/Product/Role/DlcAnimation/BigWorld/Common/Com1ChiefmMd01001SG/Com1ChiefmMd01001SG/CommonLayer/Drama_1001_029_Zhihuiguan_28.asset
Drama_1001_029_Zhihuiguan_29	BaseLayer	Assets/Product/Role/DlcAnimation/BigWorld/Common/Com1ChiefmMd01001SG/Com1ChiefmMd01001SG/CommonLayer/Drama_1001_029_Zhihuiguan_29.anim	Assets/Product/Role/DlcAnimation/BigWorld/Common/Com1ChiefmMd01001SG/Com1ChiefmMd01001SG/CommonLayer/Drama_1001_029_Zhihuiguan_29.asset
Drama_1001_029_Zhihuiguan_30	BaseLayer	Assets/Product/Role/DlcAnimation/BigWorld/Common/Com1ChiefmMd01001SG/Com1ChiefmMd01001SG/CommonLayer/Drama_1001_029_Zhihuiguan_30.anim	Assets/Product/Role/DlcAnimation/BigWorld/Common/Com1ChiefmMd01001SG/Com1ChiefmMd01001SG/CommonLayer/Drama_1001_029_Zhihuiguan_30.asset
Drama_1001_029_Zhihuiguan_31	BaseLayer	Assets/Product/Role/DlcAnimation/BigWorld/Common/Com1ChiefmMd01001SG/Com1ChiefmMd01001SG/CommonLayer/Drama_1001_029_Zhihuiguan_31.anim	Assets/Product/Role/DlcAnimation/BigWorld/Common/Com1ChiefmMd01001SG/Com1ChiefmMd01001SG/CommonLayer/Drama_1001_029_Zhihuiguan_31.asset
Drama_1001_031_Zhihuiguan_01	BaseLayer	Assets/Product/Role/DlcAnimation/BigWorld/Common/Com1ChiefmMd01001SG/Com1ChiefmMd01001SG/CommonLayer/Drama_1001_031_Zhihuiguan_01.anim	Assets/Product/Role/DlcAnimation/BigWorld/Common/Com1ChiefmMd01001SG/Com1ChiefmMd01001SG/CommonLayer/Drama_1001_031_Zhihuiguan_01.asset
Drama_1001_031_Zhihuiguan_02_Loop	BaseLayer	Assets/Product/Role/DlcAnimation/BigWorld/Common/Com1ChiefmMd01001SG/Com1ChiefmMd01001SG/CommonLayer/Drama_1001_031_Zhihuiguan_02_Loop.anim	Assets/Product/Role/DlcAnimation/BigWorld/Common/Com1ChiefmMd01001SG/Com1ChiefmMd01001SG/CommonLayer/Drama_1001_031_Zhihuiguan_02_Loop.asset
Drama_1001_031_Zhihuiguan_03	BaseLayer	Assets/Product/Role/DlcAnimation/BigWorld/Common/Com1ChiefmMd01001SG/Com1ChiefmMd01001SG/CommonLayer/Drama_1001_031_Zhihuiguan_03.anim	Assets/Product/Role/DlcAnimation/BigWorld/Common/Com1ChiefmMd01001SG/Com1ChiefmMd01001SG/CommonLayer/Drama_1001_031_Zhihuiguan_03.asset
Drama_1001_031_Zhihuiguan_04_Loop	BaseLayer	Assets/Product/Role/DlcAnimation/BigWorld/Common/Com1ChiefmMd01001SG/Com1ChiefmMd01001SG/CommonLayer/Drama_1001_031_Zhihuiguan_04_Loop.anim	Assets/Product/Role/DlcAnimation/BigWorld/Common/Com1ChiefmMd01001SG/Com1ChiefmMd01001SG/CommonLayer/Drama_1001_031_Zhihuiguan_04_Loop.asset
Drama_1001_031_Zhihuiguan_05	BaseLayer	Assets/Product/Role/DlcAnimation/BigWorld/Common/Com1ChiefmMd01001SG/Com1ChiefmMd01001SG/CommonLayer/Drama_1001_031_Zhihuiguan_05.anim	Assets/Product/Role/DlcAnimation/BigWorld/Common/Com1ChiefmMd01001SG/Com1ChiefmMd01001SG/CommonLayer/Drama_1001_031_Zhihuiguan_05.asset
Drama_1001_031_Zhihuiguan_06_Loop	BaseLayer	Assets/Product/Role/DlcAnimation/BigWorld/Common/Com1ChiefmMd01001SG/Com1ChiefmMd01001SG/CommonLayer/Drama_1001_031_Zhihuiguan_06_Loop.anim	Assets/Product/Role/DlcAnimation/BigWorld/Common/Com1ChiefmMd01001SG/Com1ChiefmMd01001SG/CommonLayer/Drama_1001_031_Zhihuiguan_06_Loop.asset
Drama_1001_031_Zhihuiguan_07	BaseLayer	Assets/Product/Role/DlcAnimation/BigWorld/Common/Com1ChiefmMd01001SG/Com1ChiefmMd01001SG/CommonLayer/Drama_1001_031_Zhihuiguan_07.anim	Assets/Product/Role/DlcAnimation/BigWorld/Common/Com1ChiefmMd01001SG/Com1ChiefmMd01001SG/CommonLayer/Drama_1001_031_Zhihuiguan_07.asset
Drama_1001_031_Zhihuiguan_08	BaseLayer	Assets/Product/Role/DlcAnimation/BigWorld/Common/Com1ChiefmMd01001SG/Com1ChiefmMd01001SG/CommonLayer/Drama_1001_031_Zhihuiguan_08.anim	Assets/Product/Role/DlcAnimation/BigWorld/Common/Com1ChiefmMd01001SG/Com1ChiefmMd01001SG/CommonLayer/Drama_1001_031_Zhihuiguan_08.asset
Drama_1001_031_Zhihuiguan_09	BaseLayer	Assets/Product/Role/DlcAnimation/BigWorld/Common/Com1ChiefmMd01001SG/Com1ChiefmMd01001SG/CommonLayer/Drama_1001_031_Zhihuiguan_09.anim	Assets/Product/Role/DlcAnimation/BigWorld/Common/Com1ChiefmMd01001SG/Com1ChiefmMd01001SG/CommonLayer/Drama_1001_031_Zhihuiguan_09.asset
Drama_1001_031_Zhihuiguan_10	BaseLayer	Assets/Product/Role/DlcAnimation/BigWorld/Common/Com1ChiefmMd01001SG/Com1ChiefmMd01001SG/CommonLayer/Drama_1001_031_Zhihuiguan_10.anim	Assets/Product/Role/DlcAnimation/BigWorld/Common/Com1ChiefmMd01001SG/Com1ChiefmMd01001SG/CommonLayer/Drama_1001_031_Zhihuiguan_10.asset
Drama_1001_031_Zhihuiguan_11_Loop	BaseLayer	Assets/Product/Role/DlcAnimation/BigWorld/Common/Com1ChiefmMd01001SG/Com1ChiefmMd01001SG/CommonLayer/Drama_1001_031_Zhihuiguan_11_Loop.anim	Assets/Product/Role/DlcAnimation/BigWorld/Common/Com1ChiefmMd01001SG/Com1ChiefmMd01001SG/CommonLayer/Drama_1001_031_Zhihuiguan_11_Loop.asset
Drama_1001_031_Zhihuiguan_12_Loop	BaseLayer	Assets/Product/Role/DlcAnimation/BigWorld/Common/Com1ChiefmMd01001SG/Com1ChiefmMd01001SG/CommonLayer/Drama_1001_031_Zhihuiguan_12_Loop.anim	Assets/Product/Role/DlcAnimation/BigWorld/Common/Com1ChiefmMd01001SG/Com1ChiefmMd01001SG/CommonLayer/Drama_1001_031_Zhihuiguan_12_Loop.asset
Drama_1001_031_Zhihuiguan_13	BaseLayer	Assets/Product/Role/DlcAnimation/BigWorld/Common/Com1ChiefmMd01001SG/Com1ChiefmMd01001SG/CommonLayer/Drama_1001_031_Zhihuiguan_13.anim	Assets/Product/Role/DlcAnimation/BigWorld/Common/Com1ChiefmMd01001SG/Com1ChiefmMd01001SG/CommonLayer/Drama_1001_031_Zhihuiguan_13.asset
Drama_1001_031_Zhihuiguan_14	BaseLayer	Assets/Product/Role/DlcAnimation/BigWorld/Common/Com1ChiefmMd01001SG/Com1ChiefmMd01001SG/CommonLayer/Drama_1001_031_Zhihuiguan_14.anim	Assets/Product/Role/DlcAnimation/BigWorld/Common/Com1ChiefmMd01001SG/Com1ChiefmMd01001SG/CommonLayer/Drama_1001_031_Zhihuiguan_14.asset
Drama_1001_031_Zhihuiguan_15_Loop	BaseLayer	Assets/Product/Role/DlcAnimation/BigWorld/Common/Com1ChiefmMd01001SG/Com1ChiefmMd01001SG/CommonLayer/Drama_1001_031_Zhihuiguan_15_Loop.anim	Assets/Product/Role/DlcAnimation/BigWorld/Common/Com1ChiefmMd01001SG/Com1ChiefmMd01001SG/CommonLayer/Drama_1001_031_Zhihuiguan_15_Loop.asset
Drama_1001_031_Zhihuiguan_16	BaseLayer	Assets/Product/Role/DlcAnimation/BigWorld/Common/Com1ChiefmMd01001SG/Com1ChiefmMd01001SG/CommonLayer/Drama_1001_031_Zhihuiguan_16.anim	Assets/Product/Role/DlcAnimation/BigWorld/Common/Com1ChiefmMd01001SG/Com1ChiefmMd01001SG/CommonLayer/Drama_1001_031_Zhihuiguan_16.asset
Drama_1001_031_Zhihuiguan_17	BaseLayer	Assets/Product/Role/DlcAnimation/BigWorld/Common/Com1ChiefmMd01001SG/Com1ChiefmMd01001SG/CommonLayer/Drama_1001_031_Zhihuiguan_17.anim	Assets/Product/Role/DlcAnimation/BigWorld/Common/Com1ChiefmMd01001SG/Com1ChiefmMd01001SG/CommonLayer/Drama_1001_031_Zhihuiguan_17.asset
Drama_1001_031_Zhihuiguan_18	BaseLayer	Assets/Product/Role/DlcAnimation/BigWorld/Common/Com1ChiefmMd01001SG/Com1ChiefmMd01001SG/CommonLayer/Drama_1001_031_Zhihuiguan_18.anim	Assets/Product/Role/DlcAnimation/BigWorld/Common/Com1ChiefmMd01001SG/Com1ChiefmMd01001SG/CommonLayer/Drama_1001_031_Zhihuiguan_18.asset
Drama_1001_044_Zhihuiguan_01	BaseLayer	Assets/Product/Role/DlcAnimation/BigWorld/Common/Com1ChiefmMd01001SG/Com1ChiefmMd01001SG/CommonLayer/Drama_1001_044_Zhihuiguan_01.anim	Assets/Product/Role/DlcAnimation/BigWorld/Common/Com1ChiefmMd01001SG/Com1ChiefmMd01001SG/CommonLayer/Drama_1001_044_Zhihuiguan_01.asset
Drama_1001_044_Zhihuiguan_02_Loop	BaseLayer	Assets/Product/Role/DlcAnimation/BigWorld/Common/Com1ChiefmMd01001SG/Com1ChiefmMd01001SG/CommonLayer/Drama_1001_044_Zhihuiguan_02_Loop.anim	Assets/Product/Role/DlcAnimation/BigWorld/Common/Com1ChiefmMd01001SG/Com1ChiefmMd01001SG/CommonLayer/Drama_1001_044_Zhihuiguan_02_Loop.asset
Drama_1001_044_Zhihuiguan_03	BaseLayer	Assets/Product/Role/DlcAnimation/BigWorld/Common/Com1ChiefmMd01001SG/Com1ChiefmMd01001SG/CommonLayer/Drama_1001_044_Zhihuiguan_03.anim	Assets/Product/Role/DlcAnimation/BigWorld/Common/Com1ChiefmMd01001SG/Com1ChiefmMd01001SG/CommonLayer/Drama_1001_044_Zhihuiguan_03.asset
Drama_1001_044_Zhihuiguan_04	BaseLayer	Assets/Product/Role/DlcAnimation/BigWorld/Common/Com1ChiefmMd01001SG/Com1ChiefmMd01001SG/CommonLayer/Drama_1001_044_Zhihuiguan_04.anim	Assets/Product/Role/DlcAnimation/BigWorld/Common/Com1ChiefmMd01001SG/Com1ChiefmMd01001SG/CommonLayer/Drama_1001_044_Zhihuiguan_04.asset
Drama_1001_044_Zhihuiguan_05_Loop	BaseLayer	Assets/Product/Role/DlcAnimation/BigWorld/Common/Com1ChiefmMd01001SG/Com1ChiefmMd01001SG/CommonLayer/Drama_1001_044_Zhihuiguan_05_Loop.anim	Assets/Product/Role/DlcAnimation/BigWorld/Common/Com1ChiefmMd01001SG/Com1ChiefmMd01001SG/CommonLayer/Drama_1001_044_Zhihuiguan_05_Loop.asset
Drama_1001_044_Zhihuiguan_06	BaseLayer	Assets/Product/Role/DlcAnimation/BigWorld/Common/Com1ChiefmMd01001SG/Com1ChiefmMd01001SG/CommonLayer/Drama_1001_044_Zhihuiguan_06.anim	Assets/Product/Role/DlcAnimation/BigWorld/Common/Com1ChiefmMd01001SG/Com1ChiefmMd01001SG/CommonLayer/Drama_1001_044_Zhihuiguan_06.asset
Drama_1001_044_Zhihuiguan_07	BaseLayer	Assets/Product/Role/DlcAnimation/BigWorld/Common/Com1ChiefmMd01001SG/Com1ChiefmMd01001SG/CommonLayer/Drama_1001_044_Zhihuiguan_07.anim	Assets/Product/Role/DlcAnimation/BigWorld/Common/Com1ChiefmMd01001SG/Com1ChiefmMd01001SG/CommonLayer/Drama_1001_044_Zhihuiguan_07.asset
Drama_1001_044_Zhihuiguan_08	BaseLayer	Assets/Product/Role/DlcAnimation/BigWorld/Common/Com1ChiefmMd01001SG/Com1ChiefmMd01001SG/CommonLayer/Drama_1001_044_Zhihuiguan_08.anim	Assets/Product/Role/DlcAnimation/BigWorld/Common/Com1ChiefmMd01001SG/Com1ChiefmMd01001SG/CommonLayer/Drama_1001_044_Zhihuiguan_08.asset
Drama_1001_044_Zhihuiguan_09_Loop	BaseLayer	Assets/Product/Role/DlcAnimation/BigWorld/Common/Com1ChiefmMd01001SG/Com1ChiefmMd01001SG/CommonLayer/Drama_1001_044_Zhihuiguan_09_Loop.anim	Assets/Product/Role/DlcAnimation/BigWorld/Common/Com1ChiefmMd01001SG/Com1ChiefmMd01001SG/CommonLayer/Drama_1001_044_Zhihuiguan_09_Loop.asset
Drama_1001_044_Zhihuiguan_10	BaseLayer	Assets/Product/Role/DlcAnimation/BigWorld/Common/Com1ChiefmMd01001SG/Com1ChiefmMd01001SG/CommonLayer/Drama_1001_044_Zhihuiguan_10.anim	Assets/Product/Role/DlcAnimation/BigWorld/Common/Com1ChiefmMd01001SG/Com1ChiefmMd01001SG/CommonLayer/Drama_1001_044_Zhihuiguan_10.asset
Drama_1001_044_Zhihuiguan_11_Loop	BaseLayer	Assets/Product/Role/DlcAnimation/BigWorld/Common/Com1ChiefmMd01001SG/Com1ChiefmMd01001SG/CommonLayer/Drama_1001_044_Zhihuiguan_11_Loop.anim	Assets/Product/Role/DlcAnimation/BigWorld/Common/Com1ChiefmMd01001SG/Com1ChiefmMd01001SG/CommonLayer/Drama_1001_044_Zhihuiguan_11_Loop.asset
Drama_1001_044_Zhihuiguan_12	BaseLayer	Assets/Product/Role/DlcAnimation/BigWorld/Common/Com1ChiefmMd01001SG/Com1ChiefmMd01001SG/CommonLayer/Drama_1001_044_Zhihuiguan_12.anim	Assets/Product/Role/DlcAnimation/BigWorld/Common/Com1ChiefmMd01001SG/Com1ChiefmMd01001SG/CommonLayer/Drama_1001_044_Zhihuiguan_12.asset
Drama_1001_044_Zhihuiguan_13_Loop	BaseLayer	Assets/Product/Role/DlcAnimation/BigWorld/Common/Com1ChiefmMd01001SG/Com1ChiefmMd01001SG/CommonLayer/Drama_1001_044_Zhihuiguan_13_Loop.anim	Assets/Product/Role/DlcAnimation/BigWorld/Common/Com1ChiefmMd01001SG/Com1ChiefmMd01001SG/CommonLayer/Drama_1001_044_Zhihuiguan_13_Loop.asset
Drama_1001_044_Zhihuiguan_14	BaseLayer	Assets/Product/Role/DlcAnimation/BigWorld/Common/Com1ChiefmMd01001SG/Com1ChiefmMd01001SG/CommonLayer/Drama_1001_044_Zhihuiguan_14.anim	Assets/Product/Role/DlcAnimation/BigWorld/Common/Com1ChiefmMd01001SG/Com1ChiefmMd01001SG/CommonLayer/Drama_1001_044_Zhihuiguan_14.asset
Drama_1001_044_Zhihuiguan_15	BaseLayer	Assets/Product/Role/DlcAnimation/BigWorld/Common/Com1ChiefmMd01001SG/Com1ChiefmMd01001SG/CommonLayer/Drama_1001_044_Zhihuiguan_15.anim	Assets/Product/Role/DlcAnimation/BigWorld/Common/Com1ChiefmMd01001SG/Com1ChiefmMd01001SG/CommonLayer/Drama_1001_044_Zhihuiguan_15.asset
Drama_1001_044_Zhihuiguan_16	BaseLayer	Assets/Product/Role/DlcAnimation/BigWorld/Common/Com1ChiefmMd01001SG/Com1ChiefmMd01001SG/CommonLayer/Drama_1001_044_Zhihuiguan_16.anim	Assets/Product/Role/DlcAnimation/BigWorld/Common/Com1ChiefmMd01001SG/Com1ChiefmMd01001SG/CommonLayer/Drama_1001_044_Zhihuiguan_16.asset
Drama_1001_044_Zhihuiguan_17_Loop	BaseLayer	Assets/Product/Role/DlcAnimation/BigWorld/Common/Com1ChiefmMd01001SG/Com1ChiefmMd01001SG/CommonLayer/Drama_1001_044_Zhihuiguan_17_Loop.anim	Assets/Product/Role/DlcAnimation/BigWorld/Common/Com1ChiefmMd01001SG/Com1ChiefmMd01001SG/CommonLayer/Drama_1001_044_Zhihuiguan_17_Loop.asset
Drama_1001_044_Zhihuiguan_18	BaseLayer	Assets/Product/Role/DlcAnimation/BigWorld/Common/Com1ChiefmMd01001SG/Com1ChiefmMd01001SG/CommonLayer/Drama_1001_044_Zhihuiguan_18.anim	Assets/Product/Role/DlcAnimation/BigWorld/Common/Com1ChiefmMd01001SG/Com1ChiefmMd01001SG/CommonLayer/Drama_1001_044_Zhihuiguan_18.asset
Drama_1001_044_Zhihuiguan_19_Loop	BaseLayer	Assets/Product/Role/DlcAnimation/BigWorld/Common/Com1ChiefmMd01001SG/Com1ChiefmMd01001SG/CommonLayer/Drama_1001_044_Zhihuiguan_19_Loop.anim	Assets/Product/Role/DlcAnimation/BigWorld/Common/Com1ChiefmMd01001SG/Com1ChiefmMd01001SG/CommonLayer/Drama_1001_044_Zhihuiguan_19_Loop.asset
Drama_1001_044_Zhihuiguan_20	BaseLayer	Assets/Product/Role/DlcAnimation/BigWorld/Common/Com1ChiefmMd01001SG/Com1ChiefmMd01001SG/CommonLayer/Drama_1001_044_Zhihuiguan_20.anim	Assets/Product/Role/DlcAnimation/BigWorld/Common/Com1ChiefmMd01001SG/Com1ChiefmMd01001SG/CommonLayer/Drama_1001_044_Zhihuiguan_20.asset
Drama_1001_044_Zhihuiguan_21_Loop	BaseLayer	Assets/Product/Role/DlcAnimation/BigWorld/Common/Com1ChiefmMd01001SG/Com1ChiefmMd01001SG/CommonLayer/Drama_1001_044_Zhihuiguan_21_Loop.anim	Assets/Product/Role/DlcAnimation/BigWorld/Common/Com1ChiefmMd01001SG/Com1ChiefmMd01001SG/CommonLayer/Drama_1001_044_Zhihuiguan_21_Loop.asset
Drama_1001_044_Zhihuiguan_22	BaseLayer	Assets/Product/Role/DlcAnimation/BigWorld/Common/Com1ChiefmMd01001SG/Com1ChiefmMd01001SG/CommonLayer/Drama_1001_044_Zhihuiguan_22.anim	Assets/Product/Role/DlcAnimation/BigWorld/Common/Com1ChiefmMd01001SG/Com1ChiefmMd01001SG/CommonLayer/Drama_1001_044_Zhihuiguan_22.asset
Drama_1001_044_Zhihuiguan_23_Loop	BaseLayer	Assets/Product/Role/DlcAnimation/BigWorld/Common/Com1ChiefmMd01001SG/Com1ChiefmMd01001SG/CommonLayer/Drama_1001_044_Zhihuiguan_23_Loop.anim	Assets/Product/Role/DlcAnimation/BigWorld/Common/Com1ChiefmMd01001SG/Com1ChiefmMd01001SG/CommonLayer/Drama_1001_044_Zhihuiguan_23_Loop.asset
Drama_1001_044_Zhihuiguan_24	BaseLayer	Assets/Product/Role/DlcAnimation/BigWorld/Common/Com1ChiefmMd01001SG/Com1ChiefmMd01001SG/CommonLayer/Drama_1001_044_Zhihuiguan_24.anim	Assets/Product/Role/DlcAnimation/BigWorld/Common/Com1ChiefmMd01001SG/Com1ChiefmMd01001SG/CommonLayer/Drama_1001_044_Zhihuiguan_24.asset
Drama_1001_044_Zhihuiguan_25_Loop	BaseLayer	Assets/Product/Role/DlcAnimation/BigWorld/Common/Com1ChiefmMd01001SG/Com1ChiefmMd01001SG/CommonLayer/Drama_1001_044_Zhihuiguan_25_Loop.anim	Assets/Product/Role/DlcAnimation/BigWorld/Common/Com1ChiefmMd01001SG/Com1ChiefmMd01001SG/CommonLayer/Drama_1001_044_Zhihuiguan_25_Loop.asset
Drama_1001_044_Zhihuiguan_26	BaseLayer	Assets/Product/Role/DlcAnimation/BigWorld/Common/Com1ChiefmMd01001SG/Com1ChiefmMd01001SG/CommonLayer/Drama_1001_044_Zhihuiguan_26.anim	Assets/Product/Role/DlcAnimation/BigWorld/Common/Com1ChiefmMd01001SG/Com1ChiefmMd01001SG/CommonLayer/Drama_1001_044_Zhihuiguan_26.asset
Drama_1001_044_Zhihuiguan_27_Loop	BaseLayer	Assets/Product/Role/DlcAnimation/BigWorld/Common/Com1ChiefmMd01001SG/Com1ChiefmMd01001SG/CommonLayer/Drama_1001_044_Zhihuiguan_27_Loop.anim	Assets/Product/Role/DlcAnimation/BigWorld/Common/Com1ChiefmMd01001SG/Com1ChiefmMd01001SG/CommonLayer/Drama_1001_044_Zhihuiguan_27_Loop.asset
Drama_1001_044_Zhihuiguan_28	BaseLayer	Assets/Product/Role/DlcAnimation/BigWorld/Common/Com1ChiefmMd01001SG/Com1ChiefmMd01001SG/CommonLayer/Drama_1001_044_Zhihuiguan_28.anim	Assets/Product/Role/DlcAnimation/BigWorld/Common/Com1ChiefmMd01001SG/Com1ChiefmMd01001SG/CommonLayer/Drama_1001_044_Zhihuiguan_28.asset
Drama_1001_044_Zhihuiguan_29	BaseLayer	Assets/Product/Role/DlcAnimation/BigWorld/Common/Com1ChiefmMd01001SG/Com1ChiefmMd01001SG/CommonLayer/Drama_1001_044_Zhihuiguan_29.anim	Assets/Product/Role/DlcAnimation/BigWorld/Common/Com1ChiefmMd01001SG/Com1ChiefmMd01001SG/CommonLayer/Drama_1001_044_Zhihuiguan_29.asset
Drama_1001_044_Zhihuiguan_30_Loop	BaseLayer	Assets/Product/Role/DlcAnimation/BigWorld/Common/Com1ChiefmMd01001SG/Com1ChiefmMd01001SG/CommonLayer/Drama_1001_044_Zhihuiguan_30_Loop.anim	Assets/Product/Role/DlcAnimation/BigWorld/Common/Com1ChiefmMd01001SG/Com1ChiefmMd01001SG/CommonLayer/Drama_1001_044_Zhihuiguan_30_Loop.asset
Drama_1001_044_Zhihuiguan_31	BaseLayer	Assets/Product/Role/DlcAnimation/BigWorld/Common/Com1ChiefmMd01001SG/Com1ChiefmMd01001SG/CommonLayer/Drama_1001_044_Zhihuiguan_31.anim	Assets/Product/Role/DlcAnimation/BigWorld/Common/Com1ChiefmMd01001SG/Com1ChiefmMd01001SG/CommonLayer/Drama_1001_044_Zhihuiguan_31.asset
Drama_1001_044_Zhihuiguan_32_Loop	BaseLayer	Assets/Product/Role/DlcAnimation/BigWorld/Common/Com1ChiefmMd01001SG/Com1ChiefmMd01001SG/CommonLayer/Drama_1001_044_Zhihuiguan_32_Loop.anim	Assets/Product/Role/DlcAnimation/BigWorld/Common/Com1ChiefmMd01001SG/Com1ChiefmMd01001SG/CommonLayer/Drama_1001_044_Zhihuiguan_32_Loop.asset
Drama_1001_044_Zhihuiguan_33	BaseLayer	Assets/Product/Role/DlcAnimation/BigWorld/Common/Com1ChiefmMd01001SG/Com1ChiefmMd01001SG/CommonLayer/Drama_1001_044_Zhihuiguan_33.anim	Assets/Product/Role/DlcAnimation/BigWorld/Common/Com1ChiefmMd01001SG/Com1ChiefmMd01001SG/CommonLayer/Drama_1001_044_Zhihuiguan_33.asset
Drama_1001_044_Zhihuiguan_34_Loop	BaseLayer	Assets/Product/Role/DlcAnimation/BigWorld/Common/Com1ChiefmMd01001SG/Com1ChiefmMd01001SG/CommonLayer/Drama_1001_044_Zhihuiguan_34_Loop.anim	Assets/Product/Role/DlcAnimation/BigWorld/Common/Com1ChiefmMd01001SG/Com1ChiefmMd01001SG/CommonLayer/Drama_1001_044_Zhihuiguan_34_Loop.asset
Drama_1001_044_Zhihuiguan_35	BaseLayer	Assets/Product/Role/DlcAnimation/BigWorld/Common/Com1ChiefmMd01001SG/Com1ChiefmMd01001SG/CommonLayer/Drama_1001_044_Zhihuiguan_35.anim	Assets/Product/Role/DlcAnimation/BigWorld/Common/Com1ChiefmMd01001SG/Com1ChiefmMd01001SG/CommonLayer/Drama_1001_044_Zhihuiguan_35.asset
Drama_1001_046_Zhihuiguan_01	BaseLayer	Assets/Product/Role/DlcAnimation/BigWorld/Common/Com1ChiefmMd01001SG/Com1ChiefmMd01001SG/CommonLayer/Drama_1001_046_Zhihuiguan_01.anim	Assets/Product/Role/DlcAnimation/BigWorld/Common/Com1ChiefmMd01001SG/Com1ChiefmMd01001SG/CommonLayer/Drama_1001_046_Zhihuiguan_01.asset
Drama_1002_001_Zhihuiguan_01	BaseLayer	Assets/Product/Role/DlcAnimation/BigWorld/Common/Com1ChiefmMd01001SG/Com1ChiefmMd01001SG/CommonLayer/Drama_1002_001_Zhihuiguan_01.anim	Assets/Product/Role/DlcAnimation/BigWorld/Common/Com1ChiefmMd01001SG/Com1ChiefmMd01001SG/CommonLayer/Drama_1002_001_Zhihuiguan_01.asset
Drama_1002_015_Zhihuiguan_01	BaseLayer	Assets/Product/Role/DlcAnimation/BigWorld/Common/Com1ChiefmMd01001SG/Com1ChiefmMd01001SG/CommonLayer/Drama_1002_015_Zhihuiguan_01.anim	Assets/Product/Role/DlcAnimation/BigWorld/Common/Com1ChiefmMd01001SG/Com1ChiefmMd01001SG/CommonLayer/Drama_1002_015_Zhihuiguan_01.asset
Drama_1002_017_Zhihuiguan_01	BaseLayer	Assets/Product/Role/DlcAnimation/BigWorld/Common/Com1ChiefmMd01001SG/Com1ChiefmMd01001SG/CommonLayer/Drama_1002_017_Zhihuiguan_01.anim	Assets/Product/Role/DlcAnimation/BigWorld/Common/Com1ChiefmMd01001SG/Com1ChiefmMd01001SG/CommonLayer/Drama_1002_017_Zhihuiguan_01.asset
Drama_1003_Zhihuiguan_001	BaseLayer	Assets/Product/Role/DlcAnimation/BigWorld/Common/Com1ChiefmMd01001SG/Com1ChiefmMd01001SG/CommonLayer/Drama_1003_Zhihuiguan_001.anim	Assets/Product/Role/DlcAnimation/BigWorld/Common/Com1ChiefmMd01001SG/Com1ChiefmMd01001SG/CommonLayer/Drama_1003_Zhihuiguan_001.asset
Drama_2006_003_Zhihuiguan_01	BaseLayer	Assets/Product/Role/DlcAnimation/BigWorld/Common/Com1ChiefmMd01001SG/Com1ChiefmMd01001SG/CommonLayer/Drama_2006_003_Zhihuiguan_01.anim	Assets/Product/Role/DlcAnimation/BigWorld/Common/Com1ChiefmMd01001SG/Com1ChiefmMd01001SG/CommonLayer/Drama_2006_003_Zhihuiguan_01.asset
Drama_2006_003_Zhihuiguan_02_Loop	BaseLayer	Assets/Product/Role/DlcAnimation/BigWorld/Common/Com1ChiefmMd01001SG/Com1ChiefmMd01001SG/CommonLayer/Drama_2006_003_Zhihuiguan_02_Loop.anim	Assets/Product/Role/DlcAnimation/BigWorld/Common/Com1ChiefmMd01001SG/Com1ChiefmMd01001SG/CommonLayer/Drama_2006_003_Zhihuiguan_02_Loop.asset
Drama_2006_003_Zhihuiguan_03	BaseLayer	Assets/Product/Role/DlcAnimation/BigWorld/Common/Com1ChiefmMd01001SG/Com1ChiefmMd01001SG/CommonLayer/Drama_2006_003_Zhihuiguan_03.anim	Assets/Product/Role/DlcAnimation/BigWorld/Common/Com1ChiefmMd01001SG/Com1ChiefmMd01001SG/CommonLayer/Drama_2006_003_Zhihuiguan_03.asset
Drama_2006_003_Zhihuiguan_04_Loop	BaseLayer	Assets/Product/Role/DlcAnimation/BigWorld/Common/Com1ChiefmMd01001SG/Com1ChiefmMd01001SG/CommonLayer/Drama_2006_003_Zhihuiguan_04_Loop.anim	Assets/Product/Role/DlcAnimation/BigWorld/Common/Com1ChiefmMd01001SG/Com1ChiefmMd01001SG/CommonLayer/Drama_2006_003_Zhihuiguan_04_Loop.asset
Drama_2006_003_Zhihuiguan_05	BaseLayer	Assets/Product/Role/DlcAnimation/BigWorld/Common/Com1ChiefmMd01001SG/Com1ChiefmMd01001SG/CommonLayer/Drama_2006_003_Zhihuiguan_05.anim	Assets/Product/Role/DlcAnimation/BigWorld/Common/Com1ChiefmMd01001SG/Com1ChiefmMd01001SG/CommonLayer/Drama_2006_003_Zhihuiguan_05.asset
Drama_2006_003_Zhihuiguan_06	BaseLayer	Assets/Product/Role/DlcAnimation/BigWorld/Common/Com1ChiefmMd01001SG/Com1ChiefmMd01001SG/CommonLayer/Drama_2006_003_Zhihuiguan_06.anim	Assets/Product/Role/DlcAnimation/BigWorld/Common/Com1ChiefmMd01001SG/Com1ChiefmMd01001SG/CommonLayer/Drama_2006_003_Zhihuiguan_06.asset
Drama_2006_003_Zhihuiguan_07	BaseLayer	Assets/Product/Role/DlcAnimation/BigWorld/Common/Com1ChiefmMd01001SG/Com1ChiefmMd01001SG/CommonLayer/Drama_2006_003_Zhihuiguan_07.anim	Assets/Product/Role/DlcAnimation/BigWorld/Common/Com1ChiefmMd01001SG/Com1ChiefmMd01001SG/CommonLayer/Drama_2006_003_Zhihuiguan_07.asset
Drama_2006_003_Zhihuiguan_08	BaseLayer	Assets/Product/Role/DlcAnimation/BigWorld/Common/Com1ChiefmMd01001SG/Com1ChiefmMd01001SG/CommonLayer/Drama_2006_003_Zhihuiguan_08.anim	Assets/Product/Role/DlcAnimation/BigWorld/Common/Com1ChiefmMd01001SG/Com1ChiefmMd01001SG/CommonLayer/Drama_2006_003_Zhihuiguan_08.asset
Drama_2006_003_Zhihuiguan_09	BaseLayer	Assets/Product/Role/DlcAnimation/BigWorld/Common/Com1ChiefmMd01001SG/Com1ChiefmMd01001SG/CommonLayer/Drama_2006_003_Zhihuiguan_09.anim	Assets/Product/Role/DlcAnimation/BigWorld/Common/Com1ChiefmMd01001SG/Com1ChiefmMd01001SG/CommonLayer/Drama_2006_003_Zhihuiguan_09.asset
Drama_2006_003_Zhihuiguan_10	BaseLayer	Assets/Product/Role/DlcAnimation/BigWorld/Common/Com1ChiefmMd01001SG/Com1ChiefmMd01001SG/CommonLayer/Drama_2006_003_Zhihuiguan_10.anim	Assets/Product/Role/DlcAnimation/BigWorld/Common/Com1ChiefmMd01001SG/Com1ChiefmMd01001SG/CommonLayer/Drama_2006_003_Zhihuiguan_10.asset
Drama_2006_003_Zhihuiguan_11	BaseLayer	Assets/Product/Role/DlcAnimation/BigWorld/Common/Com1ChiefmMd01001SG/Com1ChiefmMd01001SG/CommonLayer/Drama_2006_003_Zhihuiguan_11.anim	Assets/Product/Role/DlcAnimation/BigWorld/Common/Com1ChiefmMd01001SG/Com1ChiefmMd01001SG/CommonLayer/Drama_2006_003_Zhihuiguan_11.asset
Drama_2006_003_Zhihuiguan_12	BaseLayer	Assets/Product/Role/DlcAnimation/BigWorld/Common/Com1ChiefmMd01001SG/Com1ChiefmMd01001SG/CommonLayer/Drama_2006_003_Zhihuiguan_12.anim	Assets/Product/Role/DlcAnimation/BigWorld/Common/Com1ChiefmMd01001SG/Com1ChiefmMd01001SG/CommonLayer/Drama_2006_003_Zhihuiguan_12.asset
Drama_2006_003_Zhihuiguan_13	BaseLayer	Assets/Product/Role/DlcAnimation/BigWorld/Common/Com1ChiefmMd01001SG/Com1ChiefmMd01001SG/CommonLayer/Drama_2006_003_Zhihuiguan_13.anim	Assets/Product/Role/DlcAnimation/BigWorld/Common/Com1ChiefmMd01001SG/Com1ChiefmMd01001SG/CommonLayer/Drama_2006_003_Zhihuiguan_13.asset
Drama_2006_003_Zhihuiguan_14	BaseLayer	Assets/Product/Role/DlcAnimation/BigWorld/Common/Com1ChiefmMd01001SG/Com1ChiefmMd01001SG/CommonLayer/Drama_2006_003_Zhihuiguan_14.anim	Assets/Product/Role/DlcAnimation/BigWorld/Common/Com1ChiefmMd01001SG/Com1ChiefmMd01001SG/CommonLayer/Drama_2006_003_Zhihuiguan_14.asset
Drama_2006_003_Zhihuiguan_15	BaseLayer	Assets/Product/Role/DlcAnimation/BigWorld/Common/Com1ChiefmMd01001SG/Com1ChiefmMd01001SG/CommonLayer/Drama_2006_003_Zhihuiguan_15.anim	Assets/Product/Role/DlcAnimation/BigWorld/Common/Com1ChiefmMd01001SG/Com1ChiefmMd01001SG/CommonLayer/Drama_2006_003_Zhihuiguan_15.asset
Drama_2006_003_Zhihuiguan_16	BaseLayer	Assets/Product/Role/DlcAnimation/BigWorld/Common/Com1ChiefmMd01001SG/Com1ChiefmMd01001SG/CommonLayer/Drama_2006_003_Zhihuiguan_16.anim	Assets/Product/Role/DlcAnimation/BigWorld/Common/Com1ChiefmMd01001SG/Com1ChiefmMd01001SG/CommonLayer/Drama_2006_003_Zhihuiguan_16.asset
Drama_2006_003_Zhihuiguan_17	BaseLayer	Assets/Product/Role/DlcAnimation/BigWorld/Common/Com1ChiefmMd01001SG/Com1ChiefmMd01001SG/CommonLayer/Drama_2006_003_Zhihuiguan_17.anim	Assets/Product/Role/DlcAnimation/BigWorld/Common/Com1ChiefmMd01001SG/Com1ChiefmMd01001SG/CommonLayer/Drama_2006_003_Zhihuiguan_17.asset
Drama_2006_003_Zhihuiguan_18	BaseLayer	Assets/Product/Role/DlcAnimation/BigWorld/Common/Com1ChiefmMd01001SG/Com1ChiefmMd01001SG/CommonLayer/Drama_2006_003_Zhihuiguan_18.anim	Assets/Product/Role/DlcAnimation/BigWorld/Common/Com1ChiefmMd01001SG/Com1ChiefmMd01001SG/CommonLayer/Drama_2006_003_Zhihuiguan_18.asset
Drama_2006_003_Zhihuiguan_19	BaseLayer	Assets/Product/Role/DlcAnimation/BigWorld/Common/Com1ChiefmMd01001SG/Com1ChiefmMd01001SG/CommonLayer/Drama_2006_003_Zhihuiguan_19.anim	Assets/Product/Role/DlcAnimation/BigWorld/Common/Com1ChiefmMd01001SG/Com1ChiefmMd01001SG/CommonLayer/Drama_2006_003_Zhihuiguan_19.asset
Drama_2006_003_Zhihuiguan_20	BaseLayer	Assets/Product/Role/DlcAnimation/BigWorld/Common/Com1ChiefmMd01001SG/Com1ChiefmMd01001SG/CommonLayer/Drama_2006_003_Zhihuiguan_20.anim	Assets/Product/Role/DlcAnimation/BigWorld/Common/Com1ChiefmMd01001SG/Com1ChiefmMd01001SG/CommonLayer/Drama_2006_003_Zhihuiguan_20.asset
Drama_2006_003_Zhihuiguan_21	BaseLayer	Assets/Product/Role/DlcAnimation/BigWorld/Common/Com1ChiefmMd01001SG/Com1ChiefmMd01001SG/CommonLayer/Drama_2006_003_Zhihuiguan_21.anim	Assets/Product/Role/DlcAnimation/BigWorld/Common/Com1ChiefmMd01001SG/Com1ChiefmMd01001SG/CommonLayer/Drama_2006_003_Zhihuiguan_21.asset
Drama_2006_003_Zhihuiguan_22	BaseLayer	Assets/Product/Role/DlcAnimation/BigWorld/Common/Com1ChiefmMd01001SG/Com1ChiefmMd01001SG/CommonLayer/Drama_2006_003_Zhihuiguan_22.anim	Assets/Product/Role/DlcAnimation/BigWorld/Common/Com1ChiefmMd01001SG/Com1ChiefmMd01001SG/CommonLayer/Drama_2006_003_Zhihuiguan_22.asset
Drama_2006_003_Zhihuiguan_23	BaseLayer	Assets/Product/Role/DlcAnimation/BigWorld/Common/Com1ChiefmMd01001SG/Com1ChiefmMd01001SG/CommonLayer/Drama_2006_003_Zhihuiguan_23.anim	Assets/Product/Role/DlcAnimation/BigWorld/Common/Com1ChiefmMd01001SG/Com1ChiefmMd01001SG/CommonLayer/Drama_2006_003_Zhihuiguan_23.asset
Drama_2006_003_Zhihuiguan_24	BaseLayer	Assets/Product/Role/DlcAnimation/BigWorld/Common/Com1ChiefmMd01001SG/Com1ChiefmMd01001SG/CommonLayer/Drama_2006_003_Zhihuiguan_24.anim	Assets/Product/Role/DlcAnimation/BigWorld/Common/Com1ChiefmMd01001SG/Com1ChiefmMd01001SG/CommonLayer/Drama_2006_003_Zhihuiguan_24.asset
Drama_2006_003_Zhihuiguan_25	BaseLayer	Assets/Product/Role/DlcAnimation/BigWorld/Common/Com1ChiefmMd01001SG/Com1ChiefmMd01001SG/CommonLayer/Drama_2006_003_Zhihuiguan_25.anim	Assets/Product/Role/DlcAnimation/BigWorld/Common/Com1ChiefmMd01001SG/Com1ChiefmMd01001SG/CommonLayer/Drama_2006_003_Zhihuiguan_25.asset
Drama_2006_003_Zhihuiguan_26	BaseLayer	Assets/Product/Role/DlcAnimation/BigWorld/Common/Com1ChiefmMd01001SG/Com1ChiefmMd01001SG/CommonLayer/Drama_2006_003_Zhihuiguan_26.anim	Assets/Product/Role/DlcAnimation/BigWorld/Common/Com1ChiefmMd01001SG/Com1ChiefmMd01001SG/CommonLayer/Drama_2006_003_Zhihuiguan_26.asset
Drama_2006_003_Zhihuiguan_27	BaseLayer	Assets/Product/Role/DlcAnimation/BigWorld/Common/Com1ChiefmMd01001SG/Com1ChiefmMd01001SG/CommonLayer/Drama_2006_003_Zhihuiguan_27.anim	Assets/Product/Role/DlcAnimation/BigWorld/Common/Com1ChiefmMd01001SG/Com1ChiefmMd01001SG/CommonLayer/Drama_2006_003_Zhihuiguan_27.asset
Drama_2006_003_Zhihuiguan_28	BaseLayer	Assets/Product/Role/DlcAnimation/BigWorld/Common/Com1ChiefmMd01001SG/Com1ChiefmMd01001SG/CommonLayer/Drama_2006_003_Zhihuiguan_28.anim	Assets/Product/Role/DlcAnimation/BigWorld/Common/Com1ChiefmMd01001SG/Com1ChiefmMd01001SG/CommonLayer/Drama_2006_003_Zhihuiguan_28.asset
Drama_2006_003_Zhihuiguan_29	BaseLayer	Assets/Product/Role/DlcAnimation/BigWorld/Common/Com1ChiefmMd01001SG/Com1ChiefmMd01001SG/CommonLayer/Drama_2006_003_Zhihuiguan_29.anim	Assets/Product/Role/DlcAnimation/BigWorld/Common/Com1ChiefmMd01001SG/Com1ChiefmMd01001SG/CommonLayer/Drama_2006_003_Zhihuiguan_29.asset
Drama_2006_003_Zhihuiguan_30	BaseLayer	Assets/Product/Role/DlcAnimation/BigWorld/Common/Com1ChiefmMd01001SG/Com1ChiefmMd01001SG/CommonLayer/Drama_2006_003_Zhihuiguan_30.anim	Assets/Product/Role/DlcAnimation/BigWorld/Common/Com1ChiefmMd01001SG/Com1ChiefmMd01001SG/CommonLayer/Drama_2006_003_Zhihuiguan_30.asset
Drama_2006_003_Zhihuiguan_31_Loop	BaseLayer	Assets/Product/Role/DlcAnimation/BigWorld/Common/Com1ChiefmMd01001SG/Com1ChiefmMd01001SG/CommonLayer/Drama_2006_003_Zhihuiguan_31_Loop.anim	Assets/Product/Role/DlcAnimation/BigWorld/Common/Com1ChiefmMd01001SG/Com1ChiefmMd01001SG/CommonLayer/Drama_2006_003_Zhihuiguan_31_Loop.asset
Drama_2006_003_Zhihuiguan_32	BaseLayer	Assets/Product/Role/DlcAnimation/BigWorld/Common/Com1ChiefmMd01001SG/Com1ChiefmMd01001SG/CommonLayer/Drama_2006_003_Zhihuiguan_32.anim	Assets/Product/Role/DlcAnimation/BigWorld/Common/Com1ChiefmMd01001SG/Com1ChiefmMd01001SG/CommonLayer/Drama_2006_003_Zhihuiguan_32.asset
Drama_2006_003_Zhihuiguan_33_Loop	BaseLayer	Assets/Product/Role/DlcAnimation/BigWorld/Common/Com1ChiefmMd01001SG/Com1ChiefmMd01001SG/CommonLayer/Drama_2006_003_Zhihuiguan_33_Loop.anim	Assets/Product/Role/DlcAnimation/BigWorld/Common/Com1ChiefmMd01001SG/Com1ChiefmMd01001SG/CommonLayer/Drama_2006_003_Zhihuiguan_33_Loop.asset
Drama_2006_003_Zhihuiguan_34	BaseLayer	Assets/Product/Role/DlcAnimation/BigWorld/Common/Com1ChiefmMd01001SG/Com1ChiefmMd01001SG/CommonLayer/Drama_2006_003_Zhihuiguan_34.anim	Assets/Product/Role/DlcAnimation/BigWorld/Common/Com1ChiefmMd01001SG/Com1ChiefmMd01001SG/CommonLayer/Drama_2006_003_Zhihuiguan_34.asset
Drama_2006_04_Zhihuiguan_01	BaseLayer	Assets/Product/Role/DlcAnimation/BigWorld/Common/Com1ChiefmMd01001SG/Com1ChiefmMd01001SG/CommonLayer/Drama_2006_04_Zhihuiguan_01.anim	Assets/Product/Role/DlcAnimation/BigWorld/Common/Com1ChiefmMd01001SG/Com1ChiefmMd01001SG/CommonLayer/Drama_2006_04_Zhihuiguan_01.asset
Drama_2006_04_Zhihuiguan_02	BaseLayer	Assets/Product/Role/DlcAnimation/BigWorld/Common/Com1ChiefmMd01001SG/Com1ChiefmMd01001SG/CommonLayer/Drama_2006_04_Zhihuiguan_02.anim	Assets/Product/Role/DlcAnimation/BigWorld/Common/Com1ChiefmMd01001SG/Com1ChiefmMd01001SG/CommonLayer/Drama_2006_04_Zhihuiguan_02.asset
Drama_2006_04_Zhihuiguan_03	BaseLayer	Assets/Product/Role/DlcAnimation/BigWorld/Common/Com1ChiefmMd01001SG/Com1ChiefmMd01001SG/CommonLayer/Drama_2006_04_Zhihuiguan_03.anim	Assets/Product/Role/DlcAnimation/BigWorld/Common/Com1ChiefmMd01001SG/Com1ChiefmMd01001SG/CommonLayer/Drama_2006_04_Zhihuiguan_03.asset
Drama_2006_04_Zhihuiguan_04	BaseLayer	Assets/Product/Role/DlcAnimation/BigWorld/Common/Com1ChiefmMd01001SG/Com1ChiefmMd01001SG/CommonLayer/Drama_2006_04_Zhihuiguan_04.anim	Assets/Product/Role/DlcAnimation/BigWorld/Common/Com1ChiefmMd01001SG/Com1ChiefmMd01001SG/CommonLayer/Drama_2006_04_Zhihuiguan_04.asset
Drama_2006_04_Zhihuiguan_05_Loop	BaseLayer	Assets/Product/Role/DlcAnimation/BigWorld/Common/Com1ChiefmMd01001SG/Com1ChiefmMd01001SG/CommonLayer/Drama_2006_04_Zhihuiguan_05_Loop.anim	Assets/Product/Role/DlcAnimation/BigWorld/Common/Com1ChiefmMd01001SG/Com1ChiefmMd01001SG/CommonLayer/Drama_2006_04_Zhihuiguan_05_Loop.asset
Drama_2006_04_Zhihuiguan_06	BaseLayer	Assets/Product/Role/DlcAnimation/BigWorld/Common/Com1ChiefmMd01001SG/Com1ChiefmMd01001SG/CommonLayer/Drama_2006_04_Zhihuiguan_06.anim	Assets/Product/Role/DlcAnimation/BigWorld/Common/Com1ChiefmMd01001SG/Com1ChiefmMd01001SG/CommonLayer/Drama_2006_04_Zhihuiguan_06.asset
Drama_2006_04_Zhihuiguan_07_Loop	BaseLayer	Assets/Product/Role/DlcAnimation/BigWorld/Common/Com1ChiefmMd01001SG/Com1ChiefmMd01001SG/CommonLayer/Drama_2006_04_Zhihuiguan_07_Loop.anim	Assets/Product/Role/DlcAnimation/BigWorld/Common/Com1ChiefmMd01001SG/Com1ChiefmMd01001SG/CommonLayer/Drama_2006_04_Zhihuiguan_07_Loop.asset
Drama_2006_04_Zhihuiguan_08	BaseLayer	Assets/Product/Role/DlcAnimation/BigWorld/Common/Com1ChiefmMd01001SG/Com1ChiefmMd01001SG/CommonLayer/Drama_2006_04_Zhihuiguan_08.anim	Assets/Product/Role/DlcAnimation/BigWorld/Common/Com1ChiefmMd01001SG/Com1ChiefmMd01001SG/CommonLayer/Drama_2006_04_Zhihuiguan_08.asset
Drama_2006_04_Zhihuiguan_09_Loop	BaseLayer	Assets/Product/Role/DlcAnimation/BigWorld/Common/Com1ChiefmMd01001SG/Com1ChiefmMd01001SG/CommonLayer/Drama_2006_04_Zhihuiguan_09_Loop.anim	Assets/Product/Role/DlcAnimation/BigWorld/Common/Com1ChiefmMd01001SG/Com1ChiefmMd01001SG/CommonLayer/Drama_2006_04_Zhihuiguan_09_Loop.asset
Drama_2006_04_Zhihuiguan_10	BaseLayer	Assets/Product/Role/DlcAnimation/BigWorld/Common/Com1ChiefmMd01001SG/Com1ChiefmMd01001SG/CommonLayer/Drama_2006_04_Zhihuiguan_10.anim	Assets/Product/Role/DlcAnimation/BigWorld/Common/Com1ChiefmMd01001SG/Com1ChiefmMd01001SG/CommonLayer/Drama_2006_04_Zhihuiguan_10.asset
Drama_2006_04_Zhihuiguan_11	BaseLayer	Assets/Product/Role/DlcAnimation/BigWorld/Common/Com1ChiefmMd01001SG/Com1ChiefmMd01001SG/CommonLayer/Drama_2006_04_Zhihuiguan_11.anim	Assets/Product/Role/DlcAnimation/BigWorld/Common/Com1ChiefmMd01001SG/Com1ChiefmMd01001SG/CommonLayer/Drama_2006_04_Zhihuiguan_11.asset
Drama_2006_04_Zhihuiguan_12	BaseLayer	Assets/Product/Role/DlcAnimation/BigWorld/Common/Com1ChiefmMd01001SG/Com1ChiefmMd01001SG/CommonLayer/Drama_2006_04_Zhihuiguan_12.anim	Assets/Product/Role/DlcAnimation/BigWorld/Common/Com1ChiefmMd01001SG/Com1ChiefmMd01001SG/CommonLayer/Drama_2006_04_Zhihuiguan_12.asset
Drama_2006_04_Zhihuiguan_13	BaseLayer	Assets/Product/Role/DlcAnimation/BigWorld/Common/Com1ChiefmMd01001SG/Com1ChiefmMd01001SG/CommonLayer/Drama_2006_04_Zhihuiguan_13.anim	Assets/Product/Role/DlcAnimation/BigWorld/Common/Com1ChiefmMd01001SG/Com1ChiefmMd01001SG/CommonLayer/Drama_2006_04_Zhihuiguan_13.asset
Drama_2006_04_Zhihuiguan_14_Loop	BaseLayer	Assets/Product/Role/DlcAnimation/BigWorld/Common/Com1ChiefmMd01001SG/Com1ChiefmMd01001SG/CommonLayer/Drama_2006_04_Zhihuiguan_14_Loop.anim	Assets/Product/Role/DlcAnimation/BigWorld/Common/Com1ChiefmMd01001SG/Com1ChiefmMd01001SG/CommonLayer/Drama_2006_04_Zhihuiguan_14_Loop.asset
Drama_2006_04_Zhihuiguan_15	BaseLayer	Assets/Product/Role/DlcAnimation/BigWorld/Common/Com1ChiefmMd01001SG/Com1ChiefmMd01001SG/CommonLayer/Drama_2006_04_Zhihuiguan_15.anim	Assets/Product/Role/DlcAnimation/BigWorld/Common/Com1ChiefmMd01001SG/Com1ChiefmMd01001SG/CommonLayer/Drama_2006_04_Zhihuiguan_15.asset
Drama_2006_04_Zhihuiguan_16	BaseLayer	Assets/Product/Role/DlcAnimation/BigWorld/Common/Com1ChiefmMd01001SG/Com1ChiefmMd01001SG/CommonLayer/Drama_2006_04_Zhihuiguan_16.anim	Assets/Product/Role/DlcAnimation/BigWorld/Common/Com1ChiefmMd01001SG/Com1ChiefmMd01001SG/CommonLayer/Drama_2006_04_Zhihuiguan_16.asset
Drama_2006_04_Zhihuiguan_17	BaseLayer	Assets/Product/Role/DlcAnimation/BigWorld/Common/Com1ChiefmMd01001SG/Com1ChiefmMd01001SG/CommonLayer/Drama_2006_04_Zhihuiguan_17.anim	Assets/Product/Role/DlcAnimation/BigWorld/Common/Com1ChiefmMd01001SG/Com1ChiefmMd01001SG/CommonLayer/Drama_2006_04_Zhihuiguan_17.asset
Drama_2006_04_Zhihuiguan_18	BaseLayer	Assets/Product/Role/DlcAnimation/BigWorld/Common/Com1ChiefmMd01001SG/Com1ChiefmMd01001SG/CommonLayer/Drama_2006_04_Zhihuiguan_18.anim	Assets/Product/Role/DlcAnimation/BigWorld/Common/Com1ChiefmMd01001SG/Com1ChiefmMd01001SG/CommonLayer/Drama_2006_04_Zhihuiguan_18.asset
Drama_2006_04_Zhihuiguan_19	BaseLayer	Assets/Product/Role/DlcAnimation/BigWorld/Common/Com1ChiefmMd01001SG/Com1ChiefmMd01001SG/CommonLayer/Drama_2006_04_Zhihuiguan_19.anim	Assets/Product/Role/DlcAnimation/BigWorld/Common/Com1ChiefmMd01001SG/Com1ChiefmMd01001SG/CommonLayer/Drama_2006_04_Zhihuiguan_19.asset
Drama_2006_04_Zhihuiguan_20_Loop	BaseLayer	Assets/Product/Role/DlcAnimation/BigWorld/Common/Com1ChiefmMd01001SG/Com1ChiefmMd01001SG/CommonLayer/Drama_2006_04_Zhihuiguan_20_Loop.anim	Assets/Product/Role/DlcAnimation/BigWorld/Common/Com1ChiefmMd01001SG/Com1ChiefmMd01001SG/CommonLayer/Drama_2006_04_Zhihuiguan_20_Loop.asset
Drama_2006_04_Zhihuiguan_21	BaseLayer	Assets/Product/Role/DlcAnimation/BigWorld/Common/Com1ChiefmMd01001SG/Com1ChiefmMd01001SG/CommonLayer/Drama_2006_04_Zhihuiguan_21.anim	Assets/Product/Role/DlcAnimation/BigWorld/Common/Com1ChiefmMd01001SG/Com1ChiefmMd01001SG/CommonLayer/Drama_2006_04_Zhihuiguan_21.asset
Drama_2006_04_Zhihuiguan_22	BaseLayer	Assets/Product/Role/DlcAnimation/BigWorld/Common/Com1ChiefmMd01001SG/Com1ChiefmMd01001SG/CommonLayer/Drama_2006_04_Zhihuiguan_22.anim	Assets/Product/Role/DlcAnimation/BigWorld/Common/Com1ChiefmMd01001SG/Com1ChiefmMd01001SG/CommonLayer/Drama_2006_04_Zhihuiguan_22.asset
Drama_2006_04_Zhihuiguan_23	BaseLayer	Assets/Product/Role/DlcAnimation/BigWorld/Common/Com1ChiefmMd01001SG/Com1ChiefmMd01001SG/CommonLayer/Drama_2006_04_Zhihuiguan_23.anim	Assets/Product/Role/DlcAnimation/BigWorld/Common/Com1ChiefmMd01001SG/Com1ChiefmMd01001SG/CommonLayer/Drama_2006_04_Zhihuiguan_23.asset
Drama_2006_04_Zhihuiguan_24	BaseLayer	Assets/Product/Role/DlcAnimation/BigWorld/Common/Com1ChiefmMd01001SG/Com1ChiefmMd01001SG/CommonLayer/Drama_2006_04_Zhihuiguan_24.anim	Assets/Product/Role/DlcAnimation/BigWorld/Common/Com1ChiefmMd01001SG/Com1ChiefmMd01001SG/CommonLayer/Drama_2006_04_Zhihuiguan_24.asset
Drama_2006_04_Zhihuiguan_25_Loop	BaseLayer	Assets/Product/Role/DlcAnimation/BigWorld/Common/Com1ChiefmMd01001SG/Com1ChiefmMd01001SG/CommonLayer/Drama_2006_04_Zhihuiguan_25_Loop.anim	Assets/Product/Role/DlcAnimation/BigWorld/Common/Com1ChiefmMd01001SG/Com1ChiefmMd01001SG/CommonLayer/Drama_2006_04_Zhihuiguan_25_Loop.asset
Drama_2006_04_Zhihuiguan_26	BaseLayer	Assets/Product/Role/DlcAnimation/BigWorld/Common/Com1ChiefmMd01001SG/Com1ChiefmMd01001SG/CommonLayer/Drama_2006_04_Zhihuiguan_26.anim	Assets/Product/Role/DlcAnimation/BigWorld/Common/Com1ChiefmMd01001SG/Com1ChiefmMd01001SG/CommonLayer/Drama_2006_04_Zhihuiguan_26.asset
Drama_2006_04_Zhihuiguan_27	BaseLayer	Assets/Product/Role/DlcAnimation/BigWorld/Common/Com1ChiefmMd01001SG/Com1ChiefmMd01001SG/CommonLayer/Drama_2006_04_Zhihuiguan_27.anim	Assets/Product/Role/DlcAnimation/BigWorld/Common/Com1ChiefmMd01001SG/Com1ChiefmMd01001SG/CommonLayer/Drama_2006_04_Zhihuiguan_27.asset
Drama_2006_04_Zhihuiguan_28	BaseLayer	Assets/Product/Role/DlcAnimation/BigWorld/Common/Com1ChiefmMd01001SG/Com1ChiefmMd01001SG/CommonLayer/Drama_2006_04_Zhihuiguan_28.anim	Assets/Product/Role/DlcAnimation/BigWorld/Common/Com1ChiefmMd01001SG/Com1ChiefmMd01001SG/CommonLayer/Drama_2006_04_Zhihuiguan_28.asset
Drama_2006_04_Zhihuiguan_29	BaseLayer	Assets/Product/Role/DlcAnimation/BigWorld/Common/Com1ChiefmMd01001SG/Com1ChiefmMd01001SG/CommonLayer/Drama_2006_04_Zhihuiguan_29.anim	Assets/Product/Role/DlcAnimation/BigWorld/Common/Com1ChiefmMd01001SG/Com1ChiefmMd01001SG/CommonLayer/Drama_2006_04_Zhihuiguan_29.asset
Drama_2006_04_Zhihuiguan_30_Loop	BaseLayer	Assets/Product/Role/DlcAnimation/BigWorld/Common/Com1ChiefmMd01001SG/Com1ChiefmMd01001SG/CommonLayer/Drama_2006_04_Zhihuiguan_30_Loop.anim	Assets/Product/Role/DlcAnimation/BigWorld/Common/Com1ChiefmMd01001SG/Com1ChiefmMd01001SG/CommonLayer/Drama_2006_04_Zhihuiguan_30_Loop.asset
Drama_2006_04_Zhihuiguan_31	BaseLayer	Assets/Product/Role/DlcAnimation/BigWorld/Common/Com1ChiefmMd01001SG/Com1ChiefmMd01001SG/CommonLayer/Drama_2006_04_Zhihuiguan_31.anim	Assets/Product/Role/DlcAnimation/BigWorld/Common/Com1ChiefmMd01001SG/Com1ChiefmMd01001SG/CommonLayer/Drama_2006_04_Zhihuiguan_31.asset
Drama_2006_04_Zhihuiguan_32_Loop	BaseLayer	Assets/Product/Role/DlcAnimation/BigWorld/Common/Com1ChiefmMd01001SG/Com1ChiefmMd01001SG/CommonLayer/Drama_2006_04_Zhihuiguan_32_Loop.anim	Assets/Product/Role/DlcAnimation/BigWorld/Common/Com1ChiefmMd01001SG/Com1ChiefmMd01001SG/CommonLayer/Drama_2006_04_Zhihuiguan_32_Loop.asset
Drama_2006_04_Zhihuiguan_33	BaseLayer	Assets/Product/Role/DlcAnimation/BigWorld/Common/Com1ChiefmMd01001SG/Com1ChiefmMd01001SG/CommonLayer/Drama_2006_04_Zhihuiguan_33.anim	Assets/Product/Role/DlcAnimation/BigWorld/Common/Com1ChiefmMd01001SG/Com1ChiefmMd01001SG/CommonLayer/Drama_2006_04_Zhihuiguan_33.asset
Drama_2006_04_Zhihuiguan_34_Loop	BaseLayer	Assets/Product/Role/DlcAnimation/BigWorld/Common/Com1ChiefmMd01001SG/Com1ChiefmMd01001SG/CommonLayer/Drama_2006_04_Zhihuiguan_34_Loop.anim	Assets/Product/Role/DlcAnimation/BigWorld/Common/Com1ChiefmMd01001SG/Com1ChiefmMd01001SG/CommonLayer/Drama_2006_04_Zhihuiguan_34_Loop.asset
Drama_2006_04_Zhihuiguan_35	BaseLayer	Assets/Product/Role/DlcAnimation/BigWorld/Common/Com1ChiefmMd01001SG/Com1ChiefmMd01001SG/CommonLayer/Drama_2006_04_Zhihuiguan_35.anim	Assets/Product/Role/DlcAnimation/BigWorld/Common/Com1ChiefmMd01001SG/Com1ChiefmMd01001SG/CommonLayer/Drama_2006_04_Zhihuiguan_35.asset
Drama_2006_04_Zhihuiguan_36_Loop	BaseLayer	Assets/Product/Role/DlcAnimation/BigWorld/Common/Com1ChiefmMd01001SG/Com1ChiefmMd01001SG/CommonLayer/Drama_2006_04_Zhihuiguan_36_Loop.anim	Assets/Product/Role/DlcAnimation/BigWorld/Common/Com1ChiefmMd01001SG/Com1ChiefmMd01001SG/CommonLayer/Drama_2006_04_Zhihuiguan_36_Loop.asset
Drama_2006_04_Zhihuiguan_37	BaseLayer	Assets/Product/Role/DlcAnimation/BigWorld/Common/Com1ChiefmMd01001SG/Com1ChiefmMd01001SG/CommonLayer/Drama_2006_04_Zhihuiguan_37.anim	Assets/Product/Role/DlcAnimation/BigWorld/Common/Com1ChiefmMd01001SG/Com1ChiefmMd01001SG/CommonLayer/Drama_2006_04_Zhihuiguan_37.asset
Drama_7003_002_Zhihuiguan_01	BaseLayer	Assets/Product/Role/DlcAnimation/BigWorld/Common/Com1ChiefmMd03001SG/Com1ChiefmMd03001SG/CommonLayer/Drama_7003_002_Zhihuiguan_01.anim	Assets/Product/Role/DlcAnimation/BigWorld/Common/Com1ChiefmMd03001SG/Com1ChiefmMd03001SG/CommonLayer/Drama_7003_002_Zhihuiguan_01.asset
Drama_7003_002_Zhihuiguan_02	BaseLayer	Assets/Product/Role/DlcAnimation/BigWorld/Common/Com1ChiefmMd03001SG/Com1ChiefmMd03001SG/CommonLayer/Drama_7003_002_Zhihuiguan_02.anim	Assets/Product/Role/DlcAnimation/BigWorld/Common/Com1ChiefmMd03001SG/Com1ChiefmMd03001SG/CommonLayer/Drama_7003_002_Zhihuiguan_02.asset
Drama_7003_002_Zhihuiguan_03	BaseLayer	Assets/Product/Role/DlcAnimation/BigWorld/Common/Com1ChiefmMd03001SG/Com1ChiefmMd03001SG/CommonLayer/Drama_7003_002_Zhihuiguan_03.anim	Assets/Product/Role/DlcAnimation/BigWorld/Common/Com1ChiefmMd03001SG/Com1ChiefmMd03001SG/CommonLayer/Drama_7003_002_Zhihuiguan_03.asset
Drama_7003_002_Zhihuiguan_04	BaseLayer	Assets/Product/Role/DlcAnimation/BigWorld/Common/Com1ChiefmMd03001SG/Com1ChiefmMd03001SG/CommonLayer/Drama_7003_002_Zhihuiguan_04.anim	Assets/Product/Role/DlcAnimation/BigWorld/Common/Com1ChiefmMd03001SG/Com1ChiefmMd03001SG/CommonLayer/Drama_7003_002_Zhihuiguan_04.asset
Drama_7003_002_Zhihuiguan_05	BaseLayer	Assets/Product/Role/DlcAnimation/BigWorld/Common/Com1ChiefmMd03001SG/Com1ChiefmMd03001SG/CommonLayer/Drama_7003_002_Zhihuiguan_05.anim	Assets/Product/Role/DlcAnimation/BigWorld/Common/Com1ChiefmMd03001SG/Com1ChiefmMd03001SG/CommonLayer/Drama_7003_002_Zhihuiguan_05.asset
Drama_7003_002_Zhihuiguan_06	BaseLayer	Assets/Product/Role/DlcAnimation/BigWorld/Common/Com1ChiefmMd03001SG/Com1ChiefmMd03001SG/CommonLayer/Drama_7003_002_Zhihuiguan_06.anim	Assets/Product/Role/DlcAnimation/BigWorld/Common/Com1ChiefmMd03001SG/Com1ChiefmMd03001SG/CommonLayer/Drama_7003_002_Zhihuiguan_06.asset
Drama_7003_002_Zhihuiguan_07	BaseLayer	Assets/Product/Role/DlcAnimation/BigWorld/Common/Com1ChiefmMd03001SG/Com1ChiefmMd03001SG/CommonLayer/Drama_7003_002_Zhihuiguan_07.anim	Assets/Product/Role/DlcAnimation/BigWorld/Common/Com1ChiefmMd03001SG/Com1ChiefmMd03001SG/CommonLayer/Drama_7003_002_Zhihuiguan_07.asset
Drama_7003_002_Zhihuiguan_08	BaseLayer	Assets/Product/Role/DlcAnimation/BigWorld/Common/Com1ChiefmMd03001SG/Com1ChiefmMd03001SG/CommonLayer/Drama_7003_002_Zhihuiguan_08.anim	Assets/Product/Role/DlcAnimation/BigWorld/Common/Com1ChiefmMd03001SG/Com1ChiefmMd03001SG/CommonLayer/Drama_7003_002_Zhihuiguan_08.asset
Drama_7003_002_Zhihuiguan_09	BaseLayer	Assets/Product/Role/DlcAnimation/BigWorld/Common/Com1ChiefmMd03001SG/Com1ChiefmMd03001SG/CommonLayer/Drama_7003_002_Zhihuiguan_09.anim	Assets/Product/Role/DlcAnimation/BigWorld/Common/Com1ChiefmMd03001SG/Com1ChiefmMd03001SG/CommonLayer/Drama_7003_002_Zhihuiguan_09.asset
Drama_7003_002_Zhihuiguan_10	BaseLayer	Assets/Product/Role/DlcAnimation/BigWorld/Common/Com1ChiefmMd03001SG/Com1ChiefmMd03001SG/CommonLayer/Drama_7003_002_Zhihuiguan_10.anim	Assets/Product/Role/DlcAnimation/BigWorld/Common/Com1ChiefmMd03001SG/Com1ChiefmMd03001SG/CommonLayer/Drama_7003_002_Zhihuiguan_10.asset
Drama_7003_002_Zhihuiguan_11	BaseLayer	Assets/Product/Role/DlcAnimation/BigWorld/Common/Com1ChiefmMd03001SG/Com1ChiefmMd03001SG/CommonLayer/Drama_7003_002_Zhihuiguan_11.anim	Assets/Product/Role/DlcAnimation/BigWorld/Common/Com1ChiefmMd03001SG/Com1ChiefmMd03001SG/CommonLayer/Drama_7003_002_Zhihuiguan_11.asset
Drama_7003_002_Zhihuiguan_12	BaseLayer	Assets/Product/Role/DlcAnimation/BigWorld/Common/Com1ChiefmMd03001SG/Com1ChiefmMd03001SG/CommonLayer/Drama_7003_002_Zhihuiguan_12.anim	Assets/Product/Role/DlcAnimation/BigWorld/Common/Com1ChiefmMd03001SG/Com1ChiefmMd03001SG/CommonLayer/Drama_7003_002_Zhihuiguan_12.asset
Drama_7003_002_Zhihuiguan_13	BaseLayer	Assets/Product/Role/DlcAnimation/BigWorld/Common/Com1ChiefmMd01001SG/Com1ChiefmMd01001SG/CommonLayer/Drama_7003_002_Zhihuiguan_13.anim	Assets/Product/Role/DlcAnimation/BigWorld/Common/Com1ChiefmMd01001SG/Com1ChiefmMd01001SG/CommonLayer/Drama_7003_002_Zhihuiguan_13.asset
Drama_Fist_End	HandLayer	Assets/Product/Role/DlcAnimation/BigWorld/Common/Com1ChiefmMd01001SG/Com1ChiefmMd01001SG/HandLayer/Drama_Fist_End.anim	
Drama_Fist_Loop	HandLayer	Assets/Product/Role/DlcAnimation/BigWorld/Common/Com1ChiefmMd01001SG/Com1ChiefmMd01001SG/HandLayer/Drama_Fist_Loop.anim	
Drama_Fist_Start	HandLayer	Assets/Product/Role/DlcAnimation/BigWorld/Common/Com1ChiefmMd01001SG/Com1ChiefmMd01001SG/HandLayer/Drama_Fist_Start.anim	
Drama_Five_End	HandLayer	Assets/Product/Role/DlcAnimation/BigWorld/Common/Com1ChiefmMd01001SG/Com1ChiefmMd01001SG/HandLayer/Drama_Five_End.anim	
Drama_Five_Loop	HandLayer	Assets/Product/Role/DlcAnimation/BigWorld/Common/Com1ChiefmMd01001SG/Com1ChiefmMd01001SG/HandLayer/Drama_Five_Loop.anim	
Drama_Five_Start	HandLayer	Assets/Product/Role/DlcAnimation/BigWorld/Common/Com1ChiefmMd01001SG/Com1ChiefmMd01001SG/HandLayer/Drama_Five_Start.anim	
Drama_Four_End	HandLayer	Assets/Product/Role/DlcAnimation/BigWorld/Common/Com1ChiefmMd01001SG/Com1ChiefmMd01001SG/HandLayer/Drama_Four_End.anim	
Drama_Four_Loop	HandLayer	Assets/Product/Role/DlcAnimation/BigWorld/Common/Com1ChiefmMd01001SG/Com1ChiefmMd01001SG/HandLayer/Drama_Four_Loop.anim	
Drama_Four_Start	HandLayer	Assets/Product/Role/DlcAnimation/BigWorld/Common/Com1ChiefmMd01001SG/Com1ChiefmMd01001SG/HandLayer/Drama_Four_Start.anim	
Drama_Gun_End	HandLayer	Assets/Product/Role/DlcAnimation/BigWorld/Common/Com1ChiefmMd01001SG/Com1ChiefmMd01001SG/HandLayer/Drama_Gun_End.anim	
Drama_Gun_Loop	HandLayer	Assets/Product/Role/DlcAnimation/BigWorld/Common/Com1ChiefmMd01001SG/Com1ChiefmMd01001SG/HandLayer/Drama_Gun_Loop.anim	
Drama_Gun_Start	HandLayer	Assets/Product/Role/DlcAnimation/BigWorld/Common/Com1ChiefmMd01001SG/Com1ChiefmMd01001SG/HandLayer/Drama_Gun_Start.anim	
Drama_Hand_01	HandLayer	Assets/Product/Role/DlcAnimation/BigWorld/Common/Com1ChiefmMd01001SG/Com1ChiefmMd01001SG/HandLayer/Drama_Hand_01.anim	
Drama_OK_End	HandLayer	Assets/Product/Role/DlcAnimation/BigWorld/Common/Com1ChiefmMd01001SG/Com1ChiefmMd01001SG/HandLayer/Drama_OK_End.anim	
Drama_OK_Loop	HandLayer	Assets/Product/Role/DlcAnimation/BigWorld/Common/Com1ChiefmMd01001SG/Com1ChiefmMd01001SG/HandLayer/Drama_OK_Loop.anim	
Drama_OK_Start	HandLayer	Assets/Product/Role/DlcAnimation/BigWorld/Common/Com1ChiefmMd01001SG/Com1ChiefmMd01001SG/HandLayer/Drama_OK_Start.anim	
Drama_One_End	HandLayer	Assets/Product/Role/DlcAnimation/BigWorld/Common/Com1ChiefmMd01001SG/Com1ChiefmMd01001SG/HandLayer/Drama_One_End.anim	
Drama_One_Loop	HandLayer	Assets/Product/Role/DlcAnimation/BigWorld/Common/Com1ChiefmMd01001SG/Com1ChiefmMd01001SG/HandLayer/Drama_One_Loop.anim	
Drama_One_Start	HandLayer	Assets/Product/Role/DlcAnimation/BigWorld/Common/Com1ChiefmMd01001SG/Com1ChiefmMd01001SG/HandLayer/Drama_One_Start.anim	
Drama_PinkySwear_End	HandLayer	Assets/Product/Role/DlcAnimation/BigWorld/Common/Com1ChiefmMd01001SG/Com1ChiefmMd01001SG/HandLayer/Drama_PinkySwear_End.anim	
Drama_PinkySwear_Loop	HandLayer	Assets/Product/Role/DlcAnimation/BigWorld/Common/Com1ChiefmMd01001SG/Com1ChiefmMd01001SG/HandLayer/Drama_PinkySwear_Loop.anim	
Drama_PinkySwear_Start	HandLayer	Assets/Product/Role/DlcAnimation/BigWorld/Common/Com1ChiefmMd01001SG/Com1ChiefmMd01001SG/HandLayer/Drama_PinkySwear_Start.anim	
Drama_Three_End	HandLayer	Assets/Product/Role/DlcAnimation/BigWorld/Common/Com1ChiefmMd01001SG/Com1ChiefmMd01001SG/HandLayer/Drama_Three_End.anim	
Drama_Three_Loop	HandLayer	Assets/Product/Role/DlcAnimation/BigWorld/Common/Com1ChiefmMd01001SG/Com1ChiefmMd01001SG/HandLayer/Drama_Three_Loop.anim	
Drama_Three_Start	HandLayer	Assets/Product/Role/DlcAnimation/BigWorld/Common/Com1ChiefmMd01001SG/Com1ChiefmMd01001SG/HandLayer/Drama_Three_Start.anim	
Drama_ThumbsUp_End	HandLayer	Assets/Product/Role/DlcAnimation/BigWorld/Common/Com1ChiefmMd01001SG/Com1ChiefmMd01001SG/HandLayer/Drama_ThumbsUp_End.anim	
Drama_ThumbsUp_Loop	HandLayer	Assets/Product/Role/DlcAnimation/BigWorld/Common/Com1ChiefmMd01001SG/Com1ChiefmMd01001SG/HandLayer/Drama_ThumbsUp_Loop.anim	
Drama_ThumbsUp_Start	HandLayer	Assets/Product/Role/DlcAnimation/BigWorld/Common/Com1ChiefmMd01001SG/Com1ChiefmMd01001SG/HandLayer/Drama_ThumbsUp_Start.anim	
Drama_Tow_End	HandLayer	Assets/Product/Role/DlcAnimation/BigWorld/Common/Com1ChiefmMd01001SG/Com1ChiefmMd01001SG/HandLayer/Drama_Tow_End.anim	
Drama_Two_Loop	HandLayer	Assets/Product/Role/DlcAnimation/BigWorld/Common/Com1ChiefmMd01001SG/Com1ChiefmMd01001SG/HandLayer/Drama_Two_Loop.anim	
Drama_Two_Start	HandLayer	Assets/Product/Role/DlcAnimation/BigWorld/Common/Com1ChiefmMd01001SG/Com1ChiefmMd01001SG/HandLayer/Drama_Two_Start.anim	
Drama_Pazhe_Shenwei_Loop	BaseLayer	Assets/Product/Role/DlcAnimation/BigWorld/Common/Com1ChiefmMd01001SG/Com1ChiefmMd01001SG/CommonLayer/Drama_Pazhe_Shenwei_Loop.anim	
Drama_Pazhe_Shenwei_Start	BaseLayer	Assets/Product/Role/DlcAnimation/BigWorld/Common/Com1ChiefmMd01001SG/Com1ChiefmMd01001SG/CommonLayer/Drama_Pazhe_Shenwei_Start.anim	
Drama_zhihuiguan_turn180	BaseLayer	Assets/Product/Role/DlcAnimation/BigWorld/Common/Com1ChiefmMd01001SG/Com1ChiefmMd01001SG/CommonLayer/Drama_zhihuiguan_turn180.anim	
ZHG_Drama_15001_End	BaseLayer	Assets/Product/Role/DlcAnimation/BigWorld/Common/Com1ChiefmMd01001SG/Com1ChiefmMd01001SG/CommonLayer/ZHG_Drama_15001_End.anim	
ZHG_Drama_2015003_Jieshi	BaseLayer	Assets/Product/Role/DlcAnimation/BigWorld/Common/Com1ChiefmMd01001SG/Com1ChiefmMd01001SG/CommonLayer/ZHG_Drama_2015003_Jieshi.anim	
ZHG_Drama_2015003_La	BaseLayer	Assets/Product/Role/DlcAnimation/BigWorld/Common/Com1ChiefmMd01001SG/Com1ChiefmMd01001SG/CommonLayer/ZHG_Drama_2015003_La.anim	
ZHG_Drama_2015003_Zhanshi_End	BaseLayer	Assets/Product/Role/DlcAnimation/BigWorld/Common/Com1ChiefmMd01001SG/Com1ChiefmMd01001SG/CommonLayer/ZHG_Drama_2015003_Zhanshi_End.anim	
ZHG_Drama_2015003_Zhanshi_Loop	BaseLayer	Assets/Product/Role/DlcAnimation/BigWorld/Common/Com1ChiefmMd01001SG/Com1ChiefmMd01001SG/CommonLayer/ZHG_Drama_2015003_Zhanshi_Loop.anim	
ZHG_Drama_2015003_Zhanshi_Start	BaseLayer	Assets/Product/Role/DlcAnimation/BigWorld/Common/Com1ChiefmMd01001SG/Com1ChiefmMd01001SG/CommonLayer/ZHG_Drama_2015003_Zhanshi_Start.anim	
Drama_2016_004_Zhihuiguan_01	BaseLayer	Assets/Product/Role/DlcAnimation/BigWorld/Common/Com1ChiefmMd01001SG/Com1ChiefmMd01001SG/CommonLayer/Drama_2016_004_Zhihuiguan_01.anim	
Drama_2016_004_Zhihuiguan_02	BaseLayer	Assets/Product/Role/DlcAnimation/BigWorld/Common/Com1ChiefmMd01001SG/Com1ChiefmMd01001SG/CommonLayer/Drama_2016_004_Zhihuiguan_02.anim	
Drama_2016_004_Zhihuiguan_03	BaseLayer	Assets/Product/Role/DlcAnimation/BigWorld/Common/Com1ChiefmMd01001SG/Com1ChiefmMd01001SG/CommonLayer/Drama_2016_004_Zhihuiguan_03.anim	
Drama_2016_004_Zhihuiguan_04	BaseLayer	Assets/Product/Role/DlcAnimation/BigWorld/Common/Com1ChiefmMd01001SG/Com1ChiefmMd01001SG/CommonLayer/Drama_2016_004_Zhihuiguan_04.anim	
Drama_2016_004_Zhihuiguan_05	BaseLayer	Assets/Product/Role/DlcAnimation/BigWorld/Common/Com1ChiefmMd01001SG/Com1ChiefmMd01001SG/CommonLayer/Drama_2016_004_Zhihuiguan_05.anim	
Drama_2016_004_Zhihuiguan_06	BaseLayer	Assets/Product/Role/DlcAnimation/BigWorld/Common/Com1ChiefmMd01001SG/Com1ChiefmMd01001SG/CommonLayer/Drama_2016_004_Zhihuiguan_06.anim	
Drama_2016_004_Zhihuiguan_07	BaseLayer	Assets/Product/Role/DlcAnimation/BigWorld/Common/Com1ChiefmMd01001SG/Com1ChiefmMd01001SG/CommonLayer/Drama_2016_004_Zhihuiguan_07.anim	
Drama_2016_004_Zhihuiguan_08	BaseLayer	Assets/Product/Role/DlcAnimation/BigWorld/Common/Com1ChiefmMd01001SG/Com1ChiefmMd01001SG/CommonLayer/Drama_2016_004_Zhihuiguan_08.anim	
Drama_2016_004_Zhihuiguan_09	BaseLayer	Assets/Product/Role/DlcAnimation/BigWorld/Common/Com1ChiefmMd01001SG/Com1ChiefmMd01001SG/CommonLayer/Drama_2016_004_Zhihuiguan_09.anim	
Drama_2016_004_Zhihuiguan_09_Loop	BaseLayer	Assets/Product/Role/DlcAnimation/BigWorld/Common/Com1ChiefmMd01001SG/Com1ChiefmMd01001SG/CommonLayer/Drama_2016_004_Zhihuiguan_09_Loop.anim	Assets/Product/Role/DlcAnimation/BigWorld/Common/Com1ChiefmMd01001SG/Com1ChiefmMd01001SG/CommonLayer/Drama_2016_004_Zhihuiguan_09_Loop.asset
Drama_2016_004_Zhihuiguan_10	BaseLayer	Assets/Product/Role/DlcAnimation/BigWorld/Common/Com1ChiefmMd01001SG/Com1ChiefmMd01001SG/CommonLayer/Drama_2016_004_Zhihuiguan_10.anim	
Drama_2016_004_Zhihuiguan_11	BaseLayer	Assets/Product/Role/DlcAnimation/BigWorld/Common/Com1ChiefmMd01001SG/Com1ChiefmMd01001SG/CommonLayer/Drama_2016_004_Zhihuiguan_11.anim	
Drama_2016_004_Zhihuiguan_12	BaseLayer	Assets/Product/Role/DlcAnimation/BigWorld/Common/Com1ChiefmMd01001SG/Com1ChiefmMd01001SG/CommonLayer/Drama_2016_004_Zhihuiguan_12.anim	
Drama_2016_004_Zhihuiguan_13	BaseLayer	Assets/Product/Role/DlcAnimation/BigWorld/Common/Com1ChiefmMd01001SG/Com1ChiefmMd01001SG/CommonLayer/Drama_2016_004_Zhihuiguan_13.anim	
Drama_2016_004_Zhihuiguan_14	BaseLayer	Assets/Product/Role/DlcAnimation/BigWorld/Common/Com1ChiefmMd01001SG/Com1ChiefmMd01001SG/CommonLayer/Drama_2016_004_Zhihuiguan_14.anim	
Drama_2016_004_Zhihuiguan_15	BaseLayer	Assets/Product/Role/DlcAnimation/BigWorld/Common/Com1ChiefmMd01001SG/Com1ChiefmMd01001SG/CommonLayer/Drama_2016_004_Zhihuiguan_15.anim	
Drama_2016_004_Zhihuiguan_16	BaseLayer	Assets/Product/Role/DlcAnimation/BigWorld/Common/Com1ChiefmMd01001SG/Com1ChiefmMd01001SG/CommonLayer/Drama_2016_004_Zhihuiguan_16.anim	
Drama_2016_004_Zhihuiguan_17	BaseLayer	Assets/Product/Role/DlcAnimation/BigWorld/Common/Com1ChiefmMd01001SG/Com1ChiefmMd01001SG/CommonLayer/Drama_2016_004_Zhihuiguan_17.anim	
Drama_2016_004_Zhihuiguan_18	BaseLayer	Assets/Product/Role/DlcAnimation/BigWorld/Common/Com1ChiefmMd01001SG/Com1ChiefmMd01001SG/CommonLayer/Drama_2016_004_Zhihuiguan_18.anim	
Drama_2016_004_Zhihuiguan_19	BaseLayer	Assets/Product/Role/DlcAnimation/BigWorld/Common/Com1ChiefmMd01001SG/Com1ChiefmMd01001SG/CommonLayer/Drama_2016_004_Zhihuiguan_19.anim	
Drama_2016_004_Zhihuiguan_20	BaseLayer	Assets/Product/Role/DlcAnimation/BigWorld/Common/Com1ChiefmMd01001SG/Com1ChiefmMd01001SG/CommonLayer/Drama_2016_004_Zhihuiguan_20.anim	
Drama_2016_004_Zhihuiguan_21	BaseLayer	Assets/Product/Role/DlcAnimation/BigWorld/Common/Com1ChiefmMd01001SG/Com1ChiefmMd01001SG/CommonLayer/Drama_2016_004_Zhihuiguan_21.anim	
Drama_2016_004_Zhihuiguan_22	BaseLayer	Assets/Product/Role/DlcAnimation/BigWorld/Common/Com1ChiefmMd01001SG/Com1ChiefmMd01001SG/CommonLayer/Drama_2016_004_Zhihuiguan_22.anim	
Drama_2016_004_Zhihuiguan_23	BaseLayer	Assets/Product/Role/DlcAnimation/BigWorld/Common/Com1ChiefmMd01001SG/Com1ChiefmMd01001SG/CommonLayer/Drama_2016_004_Zhihuiguan_23.anim	
Drama_2016_004_Zhihuiguan_24	BaseLayer	Assets/Product/Role/DlcAnimation/BigWorld/Common/Com1ChiefmMd01001SG/Com1ChiefmMd01001SG/CommonLayer/Drama_2016_004_Zhihuiguan_24.anim	
Drama_2016_004_Zhihuiguan_25	BaseLayer	Assets/Product/Role/DlcAnimation/BigWorld/Common/Com1ChiefmMd01001SG/Com1ChiefmMd01001SG/CommonLayer/Drama_2016_004_Zhihuiguan_25.anim	
Drama_2016_004_Zhihuiguan_26	BaseLayer	Assets/Product/Role/DlcAnimation/BigWorld/Common/Com1ChiefmMd01001SG/Com1ChiefmMd01001SG/CommonLayer/Drama_2016_004_Zhihuiguan_26.anim	
Drama_ZHG_Walk_Start_che	BaseLayer	Assets/Product/Role/DlcAnimation/BigWorld/Common/Com1ChiefmMd01001SG/Com1ChiefmMd01001SG/CommonLayer/Drama_ZHG_Walk_Start_che.anim	
