Id	CvId	Cvs	Timing	Text
131001201	131001	2		逻辑思考回路检查……无异常。
131001202	131001	2	3800	情感模拟模块运行正常。
131001203	131001	2	7500	新的发令者，您好
131001204	131001	2	10800	请下达您的指令。
131003201	131003	2		“战车”认为阶级是管理的基础
131003202	131003	2	4700	您对此又是何种看法呢？
131004201	131004	2		机体稳定度上升……
131004202	131004	2	3300	这就是人类所说的“成长”吗？
131005201	131005	2		战术性回路得到提升。
131005202	131005	2	3108	感谢您的馈赠。
131006201	131006	2		已加载新组件数据。
131006202	131006	2	3300	拟合性能：优。
131009201	131009	2		我喜欢的东西？
131009202	131009	2	3590	不，我没有所谓的“喜好”。
131010201	131010	2		关于机械体是否“活着”这个问题
131010202	131010	2	4700	您有怎样的看法？
131011201	131011	2		请稍等，我正在自检数据库。
131011202	131011	2	4250	检测完成度42%……
131011203	131011	2	9600	已完成。
131012201	131012	2		您想知道我在地球上所经历的事？
131012202	131012	2	5440	不，这信息并没有被禁止对您公开
131012203	131012	2	10000	我只是在汇总能够令您快速了解的资料
131012204	131012	2	14550	汇总完成，一共1.8TB的视频素材
131012205	131012	2	19070	您可以通过实时渲染查阅。
131013201	131013	2		所谓的“心”只是人类擅自给出的定义
131013202	131013	2	5540	血肉所构筑的思考和芯片所构筑的思考
131013203	131013	2	10570	本质的区别又在哪里？
131014201	131014	2		我在旅途中见过一些高度模拟情感的机械，他们被伪装成人类，也被告知自己是人类
131014202	131014	2	11540	他们就那样深信着自己的身份……
131014203	131014	2	15424	直到帕弥什的到来。
131015201	131015	2		“感知”是万物的本能
131015202	131015	2	3780	“感叹”与“欲望”却是人类的特权。
131015203	131015	2	9000	人类的行为动机相当复杂
131015204	131015	2	12460	而机械只是针对输入的情报执行相应输出。
131015205	131015	2	18700	我们看到的世界，和您看到的始终是相异的。
131016201	131016	2		曾有谁说，我拥有“惊奇之心”
131016202	131016	2	4810	它是人类自我发展的必要不充分条件之一。
131016203	131016	2	9900	如果我能够理解它的意义
131016204	131016	2	13140	我是否能够拥有些微的“喜好”呢？
131017201	131017	2		在人类众多技术专家中，我认为皮格马利翁是尤其优秀的一名。
131017202	131017	2	7600	他掌握的技术，竟能够给予他的造物生命，与他相伴一生。
131017203	131017	2	14200	这在诸多记录中尤为特别……
131017204	131017	2	18400	您说，这是虚构情报？
131018201	131018	2		您应该清楚，我能够模拟人类定义中的大部分人格。
131018202	131018	2	6438	您认知中所谓可爱、严肃、反叛等表现
131018203	131018	2	15690	我的数据库中都有收录。
131018204	131018	2	18900	但真正的“我”应该是什么样
131018205	131018	2	23000	您又是如何认为的？
131019201	131019	2		即使明知所见不同，您却依然愿意与我保持交流。
131019202	131019	2	6000	您的行为，可以类比为采用穷举法解决色盲悖论……
131019203	131019	2	12732	是的，这是一句赞扬。
131019204	131019	2	16634	非常感谢您。
131020201	131020	2		请问……
131020202	131020	2	2173	这里是否有动物皮毛的模拟数据？
131020203	131020	2	6467	我希望能多接触一点这类数据。
131020204	131020	2	11048	因为机械非常……
131020205	131020	2	13388	冰冷刚硬。
131020206	131020	2	15783	而动物的皮毛，刚好相反。
131021201	131021	2		指挥官，请看外面，那些数以京计的天体。
131021202	131021	2	7310	那么多天体中，唯独您身后那颗行星孕育了生命
131021203	131021	2	13000	人类是被概率垂青的物种
131021204	131021	2	17000	而我又诞生于更渺茫的概率中。
131021205	131021	2	21000	我们相遇，本身已是奇迹。
131022201	131022	2		我“想要”留在你身边。
131022202	131022	2	5970	是的，我的数据库中充满了这个想法。
131022203	131022	2	12130	但我无法探明，为什么我会如此希望把这句话对您说出来。
131022204	131022	2	19448	以及
131022205	131022	2	21570	为什么我会如此顾虑
131022206	131022	2	25130	你是如何看待这想法的？
131023201	131023	2		比起数据刻印的记录
131023202	131023	2	3328	我现在更想要你的话语。
131023203	131023	2	7658	关于你，我需要更多的资料……
131023204	131023	2	12275	不，我想知道更多
131023205	131023	2	16068	我想要听你诉说这些。
131026201	131026	2		记录完毕
131026202	131026	2	1966	关于您的资料
131026203	131026	2	3984	有什么需要补充的吗？
131027201	131027	2		提问
131027202	131027	2	1670	我该如何处理这个？
131028201	131028	2		提问……
131028202	131028	2	1972	您这些行为，究竟有如何的动机？
131028203	131028	2	6666	或者……
131028204	131028	2	8468	没有明确动机？
131030201	131030	2		人类的赠礼，包含了所谓“心意”
131030202	131030	2	5243	属于物质难以回报的抽象事物……
131030203	131030	2	9650	我不明白，我应当如何应对。
131031201	131031	2		根据记录，归属权的转移往往也意味着索取权的获得。
131031202	131031	2	6558	您可以向我在一定范围内索取回礼。
131032201	131032	2		或许
131032202	131032	2	1954	能够回报“心意”的，也只有同样的“心意”。
131032203	131032	2	7560	我在这方面依然缺少资料
131032204	131032	2	10728	可以请您给予一些指导吗？
131033201	131033	2		再次强调
131033202	131033	2	2110	归属权的转移往往也意味着索取权的获得……
131033203	131033	2	6945	提问，您究竟希望怎样的回礼？
131034201	131034	2		我是否愿意试试其他样式的帽子……？
131034202	131034	2	4714	我不曾考虑过这样的方案
131034203	131034	2	8150	但您提出了，我也可以尝试。
131035201	131035	2		情感逻辑紊乱，自检无效。
131035202	131035	2	6100	提问……
131035203	131035	2	7900	这种异样的感觉，人类会如何命名？
131037201	131037	2		您醒过来了。
131037202	131037	2	2680	刚才我记录了您睡眠期间的梦话
131037203	131037	2	6939	需要现在播放吗？
131038201	131038	2		指挥官在非良好的环境中进行入睡，必须得执行搬运工作。
131038202	131038	2	8490	按照说明手册，第一步应该把头部抬起，然后把手……
131038203	131038	2	16000	指挥官，为什么您突然结束睡眠……
131038204	131038	2	21000	为什么要逃跑？
131039201	131039	2		ZZZ。
131039202	131039	2	4064	嗯？
131039203	131039	2	6091	这是在模拟睡眠程序，以配合您的睡眠
131039204	131039	2	10682	资料来源于……一些漫画。
131040201	131040	2		快速眼动睡眠。
131040202	131040	2	3762	可以推测，指挥官正在做梦……
131040203	131040	2	9498	那会是怎样的梦？
131040204	131040	2	13730	你的梦里……会不会有我的存在？
131040205	131040	2	22200	为什么，我现在会如此地“好奇”呢？
131041201	131041	2		检测疲劳值超过阈值
131041202	131041	2	2888	建议立即执行休眠。
131042201	131042	2		您的工作，完全可以交付给其他人分担
131042202	131042	2	4610	我建议这么做。
131043201	131043	2		人类总会用“机器”形容长时间持续高强度重复工作的人
131043202	131043	2	6500	根据记录，这种形容往往暗含“失去自我”的警示
131043203	131043	2	12550	您期望的是这样的结果吗？
131044201	131044	2		根据记录，人类普遍认为在极度疲惫下，能够产生类似战后经济繁荣的高效率
131044202	131044	2	8968	但那只是人类在激素变化下，对自我评价过高造成的错觉……
131044203	131044	2	15193	总之，您需要休息。
131045201	131045	2		检测到指挥官脑内激素分泌超过异常值
131045202	131045	2	6600	建议立即执行休眠……
131045203	131045	2	9900	不，不对……
131045204	131045	2	13000	嗯……
131045205	131045	2	15900	请您
131045206	131045	2	17600	到这边来
131045207	131045	2	20100	该睡觉了。
131048201	131048	2		“欢迎您的到来”
131048202	131048	2	3668	……不对
131048203	131048	2	5527	仅仅播出指定台词似乎
131048204	131048	2	8704	不够“亲密”。
131048205	131048	2	12060	指挥官，可否请您重启走进来的程序？
131048206	131048	2	16777	下次我会尝试不同的台词。
131049201	131049	2		早上好。
131049202	131049	2	3015	为什么要使用大音量打招呼？
131049203	131049	2	6647	这是一个实验，预期效果是增加您的精神状态。
131049204	131049	2	12565	结果显示在置信水平0.99上是可信的。
131050201	131050	2		请稍等，指挥官。
131050202	131050	2	2783	每当您的脚步声接近时，我的运算程序都会将站在这里列为优先事项。
131050203	131050	2	11048	无论几次自检，结果都如此。
131050204	131050	2	15366	我现在需要一段时间的深度自检。
131051201	131051	2		根据统计推测
131051202	131051	2	2245	您今天回到这里的概率是27.86%
131051203	131051	2	7735	欢迎回来，指挥官。
131052201	131052	2		今天我在这里等你，明天依然。
131052202	131052	2	6300	这类重复性活动，本该保持一致性与准确性。
131052203	131052	2	12200	但我却正在尝试让它出现部分差错
131052204	131052	2	17400	让我们每次见面都不一样。
131052205	131052	2	22000	那么，今天的相遇
131052206	131052	2	26000	对您而言是否特别？
131053201	131053	2		在这里等你的过程中，我不断重复作为管理程序的记录。
131053202	131053	2	6726	那时
131053203	131053	2	9000	我常对某个未来时间点反复推测，无法释怀。
131053204	131053	2	16000	我明白这就是人类所说的“期待”
131053205	131053	2	22300	因为现在
131053206	131053	2	24700	我就有同样的想法。
131054201	131054	2		您……
131054202	131054	2	5900	您回来了。
131054203	131054	2	9500	您离开的时间超过了我的推测值2.718……
131054204	131054	2	16000	不，超过了更多。
131054205	131054	2	21000	为什么我会出现这样的推测失误
131054206	131054	2	25000	请告诉我……
131054207	131054	2	27000	请您告诉我。
131055201	131055	2		不必担心
131055202	131055	2	2236	只要倾斜角度在72°以内
131055203	131055	2	5036	我都能够保持平衡。
131056201	131056	2		紧急事态，对指挥官采取保护措施
131056202	131056	2	4513	……修正
131056203	131056	2	6168	这只是一场试运行。
131057201	131057	2		……
131057202	131057	2	3503	人类的行为模式中，最重要的是平等的利益交互。
131057203	131057	2	8892	您这么做，就说明也希望被这么做。
131057204	131057	2	13803	请稍等，我正在加载宇航员训练相关数据……
131057205	131057	2	19308	确认到指挥官逃离视线，停止加载。
131058201	131058	2		……我明白了，请您稍等。
131058202	131058	2	5500	请看，这就是机械舞。
131058203	131058	2	9200	因为只要是机械体跳的舞，就是机械舞
131058204	131058	2	15000	是的，这是一个冷笑话。
131058205	131058	2	18900	您笑了
131058206	131058	2	21000	这果然是您期望的吗？
131059201	131059	2		嗯……
131059202	131059	2	2261	如果，能更加毛茸茸一点……
131059203	131059	2	8060	不，那刚刚只是运算过程中偶然泄露的缓存语句
131059204	131059	2	14142	请忘记吧。
131060201	131060	2		我很欢迎触碰形态的交流
131060202	131060	2	3645	但为什么您会采取这样高频度短时间的触碰策略？
131060203	131060	2	9466	是因为……
131060204	131060	2	11228	我的机体表面温度过高吗？
131077201	131077	2		战术性回路启动
131077202	131077	2	2405	开始作战。
131078201	131078	2		指令完成
131078202	131078	2	1714	机体状态无异常。
131094201	131094	2		我至今仍不大明白您这么做的意义与目的。
131094202	131094	2	5818	但我已经学会了不去解析
131094203	131094	2	9134	而去“感受”。
131095201	131095	2		提问
131095202	131095	2	1668	……不
131095203	131095	2	3153	请告诉我
131095204	131095	2	5615	指挥官在我身上投入的这些礼物
131095205	131095	2	9212	我究竟该如何回报？
131096201	131096	2		与你相处的每一刻，都备份在我的记忆体中。
131096202	131096	2	7205	只要我的意识还保持运行
131096203	131096	2	10541	这份记忆便会永久镌刻在世界某处，不会被遗忘
131096204	131096	2	17549	我向你保证。
131097201	131097	2		时至今日，我已经不再深究您所求的“回礼”。
131097202	131097	2	6207	或许像这样一直驻留在您身边
131097203	131097	2	9521	就是我能够做到的
131097204	131097	2	11706	最好的“回礼”。
131101201	131101	2		同步率提升
131101202	131101	2	1876	攻击。
131108201	131108	2		机体损伤率超出界限……停止运行……
131108202	131108	2	5000	快逃……指挥官……
131001101	131001	1		逻辑思考回路检查……无异常。
131001102	131001	1	4680	情感模拟模块运行正常。
131001103	131001	1	9913	新的发令者，您好
131001104	131001	1	13662	请下达您的指令。
131003101	131003	1		“战车”认为阶级是管理的基础
131003102	131003	1	4122	您对此又是何种看法呢？
131004101	131004	1		机体稳定度上升……
131004102	131004	1	3650	这就是人类所说的“成长”吗？
131005101	131005	1		战术性回路得到提升。
131005102	131005	1	2765	感谢您的馈赠。
131006101	131006	1		已加载新组件数据。
131006102	131006	1	3874	拟合性能：优。
131009101	131009	1		我喜欢的东西？
131009102	131009	1	3265	不，我没有所谓的“喜好”。
131010101	131010	1		关于机械体是否“活着”这个问题
131010102	131010	1	2716	您有怎样的看法？
131011101	131011	1		请稍等
131011102	131011	1	2595	我正在自检数据库。
131011103	131011	1	6569	检测完成度42%……
131011104	131011	1	11275	已完成。
131012101	131012	1		您想知道我在地球上所经历的事？
131012102	131012	1	5297	不，这信息并没有被禁止对您公开
131012103	131012	1	10230	我只是在汇总能够令您快速了解的资料
131012104	131012	1	14498	汇总完成
131012105	131012	1	16136	一共1.8TB的视频素材
131012106	131012	1	19485	您可以通过实时渲染查阅。
131013101	131013	1		所谓的“心”只是人类擅自给出的定义
131013102	131013	1	6005	血肉所构筑的思考和芯片所构筑的思考
131013103	131013	1	12405	本质的区别又在哪里？
131014101	131014	1		我在旅途中见过一些高度模拟情感的机械，他们被伪装成人类，也被告知自己是人类
131014102	131014	1	13418	他们就那样深信着自己的身份……
131014103	131014	1	17186	直到帕弥什的到来。
131015101	131015	1		“感知”是万物的本能
131015102	131015	1	2976	“感叹”与“欲望”却是人类的特权。
131015103	131015	1	7103	人类的行为动机相当复杂
131015104	131015	1	11702	而机械只是针对输入的情报执行相应输出。
131015105	131015	1	18863	我们看到的世界，和您看到的始终是相异的。
131016101	131016	1		曾有谁说，我拥有“惊奇之心”
131016102	131016	1	6610	它是人类自我发展的必要不充分条件之一。
131016103	131016	1	13258	如果我能够理解它的意义
131016104	131016	1	15933	我是否能够拥有些微的“喜好”呢？
131017101	131017	1		在人类众多技术专家中，我认为皮格马利翁是尤其优秀的一名。
131017102	131017	1	5230	他掌握的技术，竟能够给予他的造物生命，与他相伴一生。
131017103	131017	1	12224	这在诸多记录中尤为特别……
131017104	131017	1	15200	您说，这是虚构情报？
131018101	131018	1		您应该清楚
131018102	131018	1	1921	我能够模拟人类定义中的大部分人格。
131018103	131018	1	6267	您认知中所谓可爱、严肃、反叛等表现，我的数据库中都有收录。
131018104	131018	1	18820	但真正的“我”应该是什么样，您又是如何认为的？
131019101	131019	1		即使明知所见不同
131019102	131019	1	5269	您却依然愿意与我保持交流。
131019103	131019	1	9943	您的行为，可以类比为采用穷举法解决色盲悖论……
131019104	131019	1	15496	是的，这是一句赞扬。
131019105	131019	1	21137	非常感谢您。
131020101	131020	1		请问……
131020102	131020	1	1727	这里是否有动物皮毛的模拟数据？
131020103	131020	1	5581	我希望能多接触一点这类数据。
131020104	131020	1	9203	因为机械非常……冰冷刚硬。
131020105	131020	1	13015	而动物的皮毛，刚好相反。
131021101	131021	1		指挥官
131021102	131021	1	3258	请看外面，那些数以京计的天体。
131021103	131021	1	7362	那么多天体中，唯独您身后那颗行星孕育了生命
131021104	131021	1	13803	人类是被概率垂青的物种
131021105	131021	1	17372	而我又诞生于更渺茫的概率中。
131021106	131021	1	21772	我们相遇
131021107	131021	1	23709	本身已是奇迹。
131022101	131022	1		我“想要”留在你身边。
131022102	131022	1	7047	是的，我的数据库中充满了这个想法。
131022103	131022	1	14359	但我无法探明，为什么我会如此希望把这句话对您说出来。
131022104	131022	1	24720	以及，为什么我会如此顾虑
131022105	131022	1	29086	你是如何看待这想法的？
131023101	131023	1		比起数据刻印的记录
131023102	131023	1	2741	我现在更想要你的话语。
131023103	131023	1	5800	关于你，我需要更多的资料……
131023104	131023	1	9011	不，我想知道更多
131023105	131023	1	12399	我想要听你诉说这些。
131026101	131026	1		记录完毕
131026102	131026	1	4064	关于您的资料，有什么需要补充的吗？
131027101	131027	1		提问
131027102	131027	1	1236	我该如何处理这个？
131028101	131028	1		提问……
131028102	131028	1	2157	您这些行为，究竟有如何的动机？
131028103	131028	1	7143	或者……
131028104	131028	1	8646	没有明确动机？
131030101	131030	1		人类的赠礼，包含了所谓“心意”
131030102	131030	1	3767	属于物质难以回报的抽象事物……
131030103	131030	1	11543	我不明白，我应当如何应对。
131031101	131031	1		根据记录
131031102	131031	1	1930	归属权的转移往往也意味着索取权的获得。
131031103	131031	1	7440	您可以向我在一定范围内索取回礼。
131032101	131032	1		或许
131032102	131032	1	1858	能够回报“心意”的，也只有同样的“心意”。
131032103	131032	1	8318	我在这方面依然缺少资料，可以请您给予一些指导吗？
131033101	131033	1		再次强调
131033102	131033	1	2561	归属权的转移往往也意味着索取权的获得……
131033103	131033	1	9348	提问
131033104	131033	1	11168	您究竟希望怎样的回礼？
131034101	131034	1		我是否愿意试试其他样式的帽子……？
131034102	131034	1	5295	我不曾考虑过这样的方案
131034103	131034	1	8630	但您提出了，我也可以尝试。
131035101	131035	1		情感逻辑紊乱，自检无效。
131035102	131035	1	5925	提问……
131035103	131035	1	8014	这种异样的感觉
131035104	131035	1	10092	人类会如何命名？
131037101	131037	1		您醒过来了。
131037102	131037	1	2483	刚才我记录了您睡眠期间的梦话
131037103	131037	1	5207	需要现在播放吗？
131038101	131038	1		指挥官在非良好的环境中进行入睡，必须得执行搬运工作。
131038102	131038	1	8547	按照说明手册，第一步应该把头部抬起，然后把手……
131038103	131038	1	15885	指挥官，为什么您突然结束睡眠……
131038104	131038	1	20944	为什么要逃跑？
131039101	131039	1		ZZZ。
131039102	131039	1	6241	嗯？
131039103	131039	1	8673	这是在模拟睡眠程序，以配合您的睡眠
131039104	131039	1	14341	资料来源于……一些漫画。
131040101	131040	1		快速眼动睡眠。可以推测，指挥官正在做梦……
131040102	131040	1	7729	那会是怎样的梦？
131040103	131040	1	10369	你的梦里……会不会有我的存在？
131040104	131040	1	18280	为什么，我现在会如此地“好奇”呢？
131041101	131041	1		检测疲劳值超过阈值
131041102	131041	1	2744	建议立即执行休眠。
131043101	131043	1		人类总会用“机器”形容长时间持续高强度重复工作的人
131043102	131043	1	7299	根据记录，这种形容往往暗含“失去自我”的警示
131043103	131043	1	13833	您期望的是这样的结果吗？
131044101	131044	1		根据记录，人类普遍认为在极度疲惫下，能够产生类似战后经济繁荣的高效率
131044102	131044	1	10564	但那只是人类在激素变化下，对自我评价过高造成的错觉……
131044103	131044	1	18055	总之，您需要休息。
131045101	131045	1		检测到指挥官脑内激素分泌超过异常值
131045102	131045	1	6104	建议立即执行休眠……
131045103	131045	1	9693	不，不对……
131045104	131045	1	12981	嗯……
131045105	131045	1	15974	请您，到这边来
131045106	131045	1	20140	该睡觉了。
131048101	131048	1		“欢迎您的到来”……
131048102	131048	1	3573	不对，仅仅播出指定台词似乎，不够“亲密”。
131048103	131048	1	8838	指挥官，可否请您重启走进来的程序？
131048104	131048	1	13758	下次我会尝试不同的台词。
131049101	131049	1		早上好。
131049102	131049	1	5019	为什么要使用大音量打招呼？
131049103	131049	1	10066	这是一个实验，预期效果是增加您的精神状态。
131049104	131049	1	14477	结果显示在置信水平0.99上是可信的。
131050101	131050	1		请稍等，指挥官。
131050102	131050	1	4596	每当您的脚步声接近时，我的运算程序都会将站在这里列为优先事项。
131050103	131050	1	15111	无论几次自检，结果都如此。
131050104	131050	1	19747	我现在需要一段时间的深度自检。
131051101	131051	1		根据统计推测
131051102	131051	1	3130	您今天回到这里的概率是27.86%
131051103	131051	1	11959	欢迎回来，指挥官。
131052101	131052	1		今天我在这里等你，明天依然。
131052102	131052	1	6314	这类重复性活动，本该保持一致性与准确性。
131052103	131052	1	12246	但我却正在尝试让它出现部分差错，让我们每次见面都不一样。
131052104	131052	1	22111	那么，今天的相遇，对您而言是否特别？
131053101	131053	1		在这里等你的过程中，我不断重复作为管理程序的记录。
131053102	131053	1	7468	那时
131053103	131053	1	9319	我常对某个未来时间点反复推测，无法释怀。
131053104	131053	1	17756	我明白这就是人类所说的“期待”
131053105	131053	1	25135	因为现在，我就有同样的想法。
131054101	131054	1		您……您回来了。
131054102	131054	1	9587	您离开的时间超过了我的推测值2.718……
131054103	131054	1	16119	不，超过了更多。
131054104	131054	1	21201	为什么我会出现这样的推测失误
131054105	131054	1	25038	请告诉我……
131054106	131054	1	27399	请您告诉我。
131055101	131055	1		不必担心
131055102	131055	1	2360	只要倾斜角度在72°以内，我都能够保持平衡。
131056101	131056	1		紧急事态
131056102	131056	1	1856	对指挥官采取保护措施
131056103	131056	1	5932	……修正
131056104	131056	1	7405	这只是一场试运行。
131057101	131057	1		人类的行为模式中，最重要的是平等的利益交互。
131057102	131057	1	9592	您这么做，就说明也希望被这么做。
131057103	131057	1	14260	请稍等
131057104	131057	1	15829	我正在加载宇航员训练相关数据……
131057105	131057	1	19773	确认到指挥官逃离视线，停止加载。
131058101	131058	1		……我明白了，请您稍等。
131058102	131058	1	5321	请看，这就是机械舞。
131058103	131058	1	9033	因为只要是机械体跳的舞，就是机械舞
131058104	131058	1	14893	是的，这是一个冷笑话。
131058105	131058	1	18808	您笑了
131058106	131058	1	20888	这果然是您期望的吗？
131059101	131059	1		嗯……
131059102	131059	1	2064	如果，能更加毛茸茸一点……
131059103	131059	1	7101	不，那刚刚只是运算过程中偶然泄露的缓存语句
131059104	131059	1	13053	请忘记吧。
131060101	131060	1		我很欢迎触碰形态的交流
131060102	131060	1	3029	但为什么您会采取这样高频度短时间的触碰策略？
131060103	131060	1	10288	是因为……我的机体表面温度过高吗？
131061101	131061	1		任务进度已达到100%
131061102	131061	1	4660	恭喜您。
131062101	131062	1		今日的活跃度已超出标准值
131062102	131062	1	4037	感谢您的努力。
131077101	131077	1		战术性回路启动
131077102	131077	1	2643	开始作战。
131078101	131078	1		指令完成
131078102	131078	1	1858	机体状态无异常。
131094101	131094	1		我至今仍不大明白您这么做的意义与目的。
131094102	131094	1	4965	但我已经学会了不去解析
131094103	131094	1	8472	而去“感受”。
131095101	131095	1		提问
131095102	131095	1	1903	……不
131095103	131095	1	3000	请告诉我
131095104	131095	1	5384	指挥官在我身上投入的这些礼物
131095105	131095	1	10662	我究竟该如何回报？
131096101	131096	1		与你相处的每一刻，都备份在我的记忆体中。
131096102	131096	1	6758	只要我的意识还保持运行
131096103	131096	1	9984	这份记忆便会永久镌刻在世界某处，不会被遗忘，我向你保证。
131097101	131097	1		时至今日，我已经不再深究您所求的“回礼”。
131097102	131097	1	5621	或许像这样一直驻留在您身边，就是我能够做到的，最好的“回礼”。
131108101	131108	1		机体损伤率超出界限……
131108102	131108	1	4554	快逃……指挥官……
131110101	131110	1		援护模式已开启
131110102	131110	1	1931	您需要帮助是吗？
131001301	131001	3		逻辑思考回路检查……无异常。
131001302	131001	3	4348	情感模拟模块运行正常。
131001303	131001	3	7752	新的发令者，您好，请下达您的指令。
131003301	131003	3		“战车”认为阶级是管理的基础
131003302	131003	3	3161	您对此又是何种看法呢？
131004301	131004	3		机体稳定度上升……
131004302	131004	3	2580	这就是人类所说的“成长”吗？
131005301	131005	3		战术性回路得到提升。
131005302	131005	3	2327	感谢您的馈赠。
131006301	131006	3		已加载新组件数据。
131006302	131006	3	2405	拟合性能：优。
131009301	131009	3		我喜欢的东西？
131009302	131009	3	2723	不，我没有所谓的“喜好”。
131010301	131010	3		关于机械体是否“活着”这个问题
131010302	131010	3	3734	您有怎样的看法？
131011301	131011	3		请稍等，我正在自检数据库。
131011302	131011	3	3973	检测完成度42%……
131011303	131011	3	7336	已完成。
131012301	131012	3		您想知道我在地球上所经历的事？
131012302	131012	3	4945	不，这信息并没有被禁止对您公开，我只是在汇总能够令您快速了解的资料。
131012303	131012	3	13625	汇总完成，一共1.8TB的视频素材，您可以通过实时渲染查阅。
131013301	131013	3		所谓的“心”只是人类擅自给出的定义
131013302	131013	3	4274	血肉所构筑的思考和芯片所构筑的思考，本质的区别又在哪里？
131014301	131014	3		我在旅途中见过一些高度模拟情感的机械，他们被伪装成人类，也被告知自己是人类
131014302	131014	3	10519	他们就那样深信着自己的身份……
131014303	131014	3	14139	直到帕弥什的到来。
131015301	131015	3		“感知”是万物的本能
131015302	131015	3	2832	“感叹”与“欲望”却是人类的特权。
131015303	131015	3	6511	人类的行为动机相当复杂，而机械只是针对输入的情报执行相应输出。
131015304	131015	3	13721	我们看到的世界，和您看到的始终是相异的。
131016301	131016	3		曾有谁说，我拥有“惊奇之心”，它是人类自我发展的必要不充分条件之一
131016302	131016	3	9059	如果我能够理解它的意义
131016303	131016	3	12282	我是否能够拥有些微的“喜好”呢？
131017301	131017	3		在人类众多技术专家中，我认为皮格马利翁是尤其优秀的一名。
131017302	131017	3	7349	他掌握的技术，竟能够给予他的造物生命，与他相伴一生。
131017303	131017	3	14706	这在诸多记录中尤为特别……
131017304	131017	3	20444	您说，这是虚构情报？
131018301	131018	3		您应该清楚，我能够模拟人类定义中的大部分人格。
131018302	131018	3	6348	您认知中所谓可爱、严肃、反叛等表现，我的数据库中都有收录。
131018303	131018	3	17211	但真正的“我”应该是什么样，您又是如何认为的？
131019301	131019	3		即使明知所见不同，您却依然愿意与我保持交流。
131019302	131019	3	6323	您的行为，可以类比为采用穷举法解决色盲悖论……
131019303	131019	3	12012	是的，这是一句赞扬。
131019304	131019	3	14828	非常感谢您。
131020301	131020	3		请问……
131020302	131020	3	1530	这里是否有动物皮毛的模拟数据？
131020303	131020	3	5188	我希望能多接触一点这类数据。
131020304	131020	3	8335	因为机械非常……
131020305	131020	3	10214	冰冷刚硬。
131020306	131020	3	11761	而动物的皮毛，刚好相反。
131021301	131021	3		指挥官，请看外面，那些数以京计的天体。
131021302	131021	3	5560	那么多天体中，唯独您身后那颗行星孕育了生命
131021303	131021	3	10763	人类是被概率垂青的物种，而我又诞生于更渺茫的概率中。
131021304	131021	3	17973	我们相遇，本身已是奇迹。
131022301	131022	3		我“想要”留在你身边。
131022302	131022	3	2808	是的，我的数据库中充满了这个想法。
131022303	131022	3	7283	但我无法探明，为什么我会如此希望把这句话对您说出来。
131022304	131022	3	12791	以及
131022305	131022	3	14047	为什么我会如此顾虑，你是如何看待这想法的？
131023301	131023	3		比起数据刻印的记录
131023302	131023	3	2771	我现在更想要你的话语。
131023303	131023	3	4970	关于你
131023304	131023	3	6395	我需要更多的资料……
131023305	131023	3	8616	不，我想知道更多
131023306	131023	3	11947	我想要听你诉说这些。
131026301	131026	3		记录完毕
131026302	131026	3	1819	关于您的资料，有什么需要补充的吗？
131027301	131027	3		提问
131027302	131027	3	1514	我该如何处理这个？
131028301	131028	3		提问……您这些行为，究竟有如何的动机？
131028302	131028	3	4944	或者……
131028303	131028	3	6349	没有明确动机？
131030301	131030	3		人类的赠礼，包含了所谓“心意”，属于物质难以回报的抽象事物……
131030302	131030	3	6757	我不明白，我应当如何应对。
131031301	131031	3		根据记录，归属权的转移往往也意味着索取权的获得。
131031302	131031	3	5601	您可以向我在一定范围内索取回礼。
131032301	131032	3		或许，能够回报“心意”的，也只有同样的“心意”。
131032302	131032	3	5233	我在这方面依然缺少资料，可以请您给予一些指导吗？
131033301	131033	3		再次强调
131033302	131033	3	1864	归属权的转移往往也意味着索取权的获得……
131033303	131033	3	6317	提问，您究竟希望怎样的回礼？
131034301	131034	3		我是否愿意试试其他样式的帽子……？
131034302	131034	3	3965	我不曾考虑过这样的方案
131034303	131034	3	6174	但您提出了，我也可以尝试。
131035301	131035	3		情感逻辑紊乱，自检无效。
131035302	131035	3	5792	提问……
131035303	131035	3	7563	这种异样的感觉，人类会如何命名？
131037301	131037	3		您醒过来了。
131037302	131037	3	1745	刚才我记录了您睡眠期间的梦话
131037303	131037	3	5271	需要现在播放吗？
131038301	131038	3		指挥官在非良好的环境中进行入睡，必须得执行搬运工作。
131038302	131038	3	6417	按照说明手册，第一步应该把头部抬起，然后把手臂……
131038303	131038	3	14585	指挥官，为什么您突然结束睡眠……
131038304	131038	3	18709	为什么要逃跑？
131039301	131039	3		ZZZ。
131039302	131039	3	4424	嗯？
131039303	131039	3	5759	这是在模拟睡眠程序，以配合您的睡眠
131039304	131039	3	11255	资料来源于……一些漫画。
131040301	131040	3		快速眼动睡眠。
131040302	131040	3	2425	可以推测，指挥官正在做梦……
131040303	131040	3	6403	那会是怎样的梦？
131040304	131040	3	8919	你的梦里……会不会有我的存在？
131040305	131040	3	15263	为什么，我现在会如此地“好奇”呢？
131041301	131041	3		检测疲劳值超过阈值
131041302	131041	3	2854	建议立即执行休眠。
131042301	131042	3		您的工作，完全可以交付给其他人分担
131042302	131042	3	4730	我建议这么做。
131043301	131043	3		人类总会用“机器”形容长时间持续高强度重复工作的人
131043302	131043	3	5860	根据记录，这种形容往往暗含“失去自我”的警示
131043303	131043	3	10284	您期望的是这样的结果吗？
131044301	131044	3		根据记录，人类普遍认为在极度疲惫下，能够产生类似战后经济繁荣的高效率
131044302	131044	3	8870	但那只是人类在激素变化下，对自我评价过高造成的错觉……
131044303	131044	3	14771	总之，您需要休息。
131045301	131045	3		检测到指挥官脑内激素分泌超过异常值，建议立即执行休眠……
131045302	131045	3	6540	不，不对……
131045303	131045	3	8833	嗯……
131045304	131045	3	10598	请您，到这边来
131045305	131045	3	13084	该睡觉了。
131048301	131048	3		“欢迎您的到来”
131048302	131048	3	2545	……不对
131048303	131048	3	3998	仅仅播出指定台词似乎，不够“亲密”。
131048304	131048	3	9685	指挥官，可否请您重启走进来的程序？
131048305	131048	3	13363	下次我会尝试不同的台词。
131049301	131049	3		早上好。
131049302	131049	3	2797	为什么要使用大音量打招呼？
131049303	131049	3	5391	这是一个实验，预期效果是增加您的精神状态。
131049304	131049	3	11101	结果显示在置信水平0.99上是可信的。
131050301	131050	3		请稍等，指挥官。
131050302	131050	3	3858	每当您的脚步声接近时，我的运算程序都会将站在这里列为优先事项。
131050303	131050	3	11181	无论几次自检，结果都如此。
131050304	131050	3	15216	我现在需要一段时间的深度自检。
131051301	131051	3		根据统计推测
131051302	131051	3	2192	您今天回到这里的概率是27.86%
131051303	131051	3	6923	欢迎回来，指挥官。
131052301	131052	3		今天我在这里等你，明天依然。
131052302	131052	3	3992	这类重复性活动，本该保持一致性与准确性。
131052303	131052	3	9419	但我却正在尝试让它出现部分差错，让我们每次见面都不一样。
131052304	131052	3	16854	那么，今天的相遇，对您而言是否特别？
131053301	131053	3		在这里等你的过程中，我不断重复作为管理程序的记录。
131053302	131053	3	5561	那时，我常对某个未来时间点反复推测，无法释怀。
131053303	131053	3	11792	我明白这就是人类所说的“期待”
131053304	131053	3	16312	因为现在
131053305	131053	3	18187	我就有同样的想法。
131054301	131054	3		您……您回来了。
131054302	131054	3	3235	您离开的时间超过了我的推测值2.718……
131054303	131054	3	7952	不，超过了更多。
131054304	131054	3	10602	为什么我会出现这样的推测失误，请告诉我……
131054305	131054	3	15153	请您告诉我。
131055301	131055	3		不必担心，只要倾斜角度在72°以内
131055302	131055	3	3934	我都能够保持平衡。
131056301	131056	3		紧急事态，对指挥官采取保护措施
131056302	131056	3	4908	……修正
131056303	131056	3	6094	这只是一场试运行。
131057301	131057	3		人类的行为模式中，最重要的是平等的利益交互。
131057302	131057	3	5635	您这么做，就说明也希望被这么做。
131057303	131057	3	10808	请稍等，我正在加载宇航员训练相关数据……
131057304	131057	3	17265	确认到指挥官逃离视线，停止加载。
131058301	131058	3		……我明白了，请您稍等。
131058302	131058	3	6162	请看，这就是机械舞。
131058303	131058	3	9411	因为只要是机械体跳的舞，就是机械舞
131058304	131058	3	12602	是的，这是一个冷笑话。
131058305	131058	3	15411	您笑了，这果然是您期望的吗？
131059301	131059	3		嗯……如果，能更加毛茸茸一点……
131059302	131059	3	6836	不，那刚刚只是运算过程中偶然泄露的缓存语句
131059303	131059	3	12964	请忘记吧。
131060301	131060	3		我很欢迎触碰形态的交流
131060302	131060	3	3601	但为什么您会采取这样高频度短时间的触碰策略？
131060303	131060	3	8816	是因为……我的机体表面温度过高吗？
131077301	131077	3		战术性回路启动
131077302	131077	3	2528	开始作战。
131078301	131078	3		指令完成
131078302	131078	3	2012	机体状态无异常。
131094301	131094	3		我至今仍不大明白您这么做的意义与目的。
131094302	131094	3	5088	但我已经学会了不去解析
131094303	131094	3	7800	而去“感受”。
131095301	131095	3		提问
131095302	131095	3	2798	……不
131095303	131095	3	3850	请告诉我
131095304	131095	3	5540	指挥官在我身上投入的这些礼物
131095305	131095	3	8333	我究竟该如何回报？
131096301	131096	3		与你相处的每一刻，都备份在我的记忆体中。
131096302	131096	3	5577	只要我的意识还保持运行，这份记忆便会永久镌刻在世界某处，
131096303	131096	3	12254	不会被遗忘
131096304	131096	3	13715	我向你保证。
131097301	131097	3		时至今日，我已经不再深究您所求的“回礼”。
131097302	131097	3	5167	或许像这样一直驻留在您身边
131097303	131097	3	8578	就是我能够做到的，最好的“回礼”。
131101301	131101	3		同步率提升
131101302	131101	3	1788	攻击。
131108301	131108	3		机体损伤率超出界限……
131108302	131108	3	3218	快逃……指挥官……
131110301	131110	3		援护模式已开启
131110302	131110	3	2179	您需要帮助是吗？
130012201	130012	2		噔噔！七实要开始才艺表演了， 指挥官，呆在箱子里别动哦……
130012202	130012	2	5833	对，就这样，等会让小帕瓦切开箱子的时候才会更加……
130012203	130012	2	11461	咦？指挥官呢…
130012204	130012	2	15597	七实我还是第一次发现人类原来能够跑这么快！
130013201	130013	2		听说神不会掷硬币，但是七实会哦
130013202	130013	2	5059	这是不是说明七实更厉害呢？
130013203	130013	2	9046	那么指挥官，现在我手里的硬币， 是正面还是反面呢？
130014201	130014	2		嗅嗅~好怀念的香味啊！
130014202	130014	2	5800	那是丽芙做的糕点吗？
130014203	130014	2	8114	分我一个嘛指挥官~顶多七实把小帕瓦借给你玩一天吧？
130015201	130015	2		指挥官你知道宇宙的终极答案 是多少吗？
130015202	130015	2	5500	噗噗~答错了，是70才对！
130017201	130017	2		指挥官想要像游戏里面那样可以不断存档重来的能力吗？
130017202	130017	2	5494	这样的话无论如何都能够达成最完美的结局了……
130017203	130017	2	10786	不需要吗？
130017204	130017	2	13764	嗯，我想也是呢。
130018201	130018	2		七实已经成长了，不能整天都玩游戏嘛
130018202	130018	2	5601	不过偶尔的话， 陪一下指挥官来玩对战游戏也……
130018203	130018	2	10017	啊！指挥官你为什么偷偷先选角色了啊！好卑鄙！！
130019201	130019	2		只要是存在于世界上的东西，七实基本上都能把它们设计制造出来哦
130019202	130019	2	7198	但也有一些东西却是无论如何都无法造出来的。
130020201	130020	2		这个星球对宇宙来说是独一无二的存在
130020202	130020	2	4555	指挥官对七实来说也是独一无二的存在
130021201	130021	2		指挥官你知道吗？
130021202	130021	2	2195	空中花园原本是作为星际航行而设计的移民舰哦
130021203	130021	2	7430	人类真了不起啊……
130021204	130021	2	12338	如果他们真的花费无数的时间到达了星星的另一边，那时候是否也会感到有点寂寞呢？
130022201	130022	2		指挥官你看！ 窗外那边有颗星星特别的亮
130022202	130022	2	5561	你说上面会不会有人类存在呢？
130022203	130022	2	9700	说不定也有一个指挥官，和你一样
130022204	130022	2	13500	在悄悄注视着七实呢。
130023201	130023	2		七实今天要挑战一个人捉迷藏！
130023202	130023	2	5276	你说一个人怎么捉迷藏？
130023203	130023	2	8093	所以七实永远不会被找到嘛，这就是个只有七实必胜的作弊游戏啦……
130023204	130023	2	14100	指挥官你也要玩吗？
130023205	130023	2	17562	那……你答应一定要找到七实哦~
130027201	130027	2		现在的七实是大姐姐了
130027202	130027	2	3362	会礼貌地说“谢谢”了。
130028201	130028	2		和指挥官的关系变好了的话，是不是该夕阳下用拳头对决呢~
130028202	130028	2	6215	不对吗？
130028203	130028	2	7927	我看动画里都是这样的……
130035201	130035	2		七实最喜欢什么礼物？
130035202	130035	2	3508	七实最喜欢“指挥官送的礼物”！
130096201	130096	2		七实虽然是最强的
130096202	130096	2	2528	但和所有游戏里的最强角色一样都有着一个会受伤会痛的地方……
130096203	130096	2	8475	这个只交给指挥官保管的弱点
130096204	130096	2	11378	你一定要帮七实保护好它啊！
130097201	130097	2		能够成为“回忆”珍藏的礼物七实收到已经够多了啦
130097202	130097	2	6131	接下来就轮到七实送出回礼了
130097203	130097	2	9579	送给大家名为“未来”的礼物……
130037201	130037	2		七实知道！
130037202	130037	2	1035	这是“一二三木头人”游戏对吧？
130037203	130037	2	4043	这么说是七实负责当“鬼”吗？
130039201	130039	2		指挥官
130039202	130039	2	2581	如果还是不理七实的话
130039203	130039	2	4796	七实也是会生气的哦！嗯呜——！
130040201	130040	2		凑近来看的话
130040202	130040	2	2262	指挥官的眼睛好漂亮啊
130040203	130040	2	6234	还能看到眼睛里小小的七实
130040204	130040	2	10534	现在七实就是指挥官眼里的一切~
130040205	130040	2	14741	可不准眨眼哦！
130040206	130040	2	16505	因为说不定你一眨眼，七实就要消失了啦~
130044201	130044	2		如果一个人解决不了的难题的话
130044202	130044	2	2907	那就来求助于朋友们吧
130044203	130044	2	4900	七实永远都会有求必应的哦！
130045201	130045	2		来嘛，把工作暂停一下， 多看看七实不好吗？
130045202	130045	2	8400	七实可比工作有趣得多得多啦！
130047201	130047	2		七实猜对了呢
130047202	130047	2	1618	今天指挥官是左脚先踏入房间的， 真不愧是我。
130048201	130048	2		早早早上好！
130048202	130048	2	2022	指-挥-官
130048203	130048	2	3449	今天的-七实-是机器人-模式！
130049201	130049	2		指挥官快进来吧c
130049202	130049	2	1826	你问我为什么躲在桌子底下？
130049203	130049	2	4578	这个就不用在意了，等会如果看到超生气的卡列亲的话请告诉她七实还没来哦~
130050201	130050	2		早！上！好！指挥官！
130050202	130050	2	5600	渡边大叔告诉我，没有比在早上大吼更能让人振奋精神的了~
130050203	130050	2	10403	指挥官也要一起吗？
130051201	130051	2		指挥官，只要你还记得七实的话
130051202	130051	2	3561	七实也会每天在这里等着你的。
130052201	130052	2		不管在之前有多少烦心的事情
130052202	130052	2	2707	只要看到指挥官七实就会变得很开心呢
130052203	130052	2	6231	指挥官你是会施展让七实高兴的 法术吗？
130053201	130053	2		如果指挥官有窥视未来的能力但是只能看一件事的话
130053202	130053	2	5114	你会怎么选择呢？
130053203	130053	2	7000	如果是七实的话，会选择去看看未来的每一天里
130053204	130053	2	12338	待在这个熟悉的房间里，是不是都能等到指挥官的到来。
130056201	130056	2		……
130056202	130056	2	2561	要是七实晕了的话
130056203	130056	2	4632	你要负责把七实抱回去！
130057201	130057	2		空中花园的稳定器是坏掉了吗……
130057202	130057	2	5555	不过卡列亲告诉过我不能自己用手敲来修。
130001101	130001	1		嗨~指挥官，按照约定，七实回来了……
130001102	130001	1	6229	什么约定？嘘，那可是彩蛋内容哦~
130002101	130002	1		嘟~嘟嘟…嘟嘟嘟——！
130002102	130002	1	2141	七实的等级提升啦！
130010101	130010	1		要不要七实帮指挥官把你的椅子加装电浆反应炉呢？
130010102	130010	1	6389	最高时速可以达到126公里……
130010103	130010	1	10308	不需要吗？好可惜……
130012101	130012	1		噔噔！七实要开始才艺表演了， 指挥官，呆在箱子里别动哦……
130012102	130012	1	8043	对，就这样，等会让小帕瓦切开箱子的时候才会更加……
130012103	130012	1	17311	咦？指挥官呢…
130012104	130012	1	19776	七实我还是第一次发现人类原来能够跑这么快！
130013101	130013	1		听说神不会掷硬币
130013102	130013	1	2995	但是七实会哦
130013103	130013	1	5889	这是不是说明七实更厉害呢？
130013104	130013	1	11696	那么指挥官，现在我手里的硬币， 是正面还是反面呢？
130014101	130014	1		嗅嗅~好怀念的香味啊！
130014102	130014	1	3791	那是丽芙做的糕点吗？
130014103	130014	1	6039	分我一个嘛指挥官~顶多七实把小帕瓦借给你玩一天吧？
130015101	130015	1		指挥官你知道宇宙的终极答案 是多少吗？
130015102	130015	1	5494	噗噗~答错了，是70才对！
130017101	130017	1		指挥官想要像游戏里面那样可以不断存档重来的能力吗？
130017102	130017	1	6201	这样的话无论如何都能够达成最完美的结局了……
130017103	130017	1	10726	不需要吗？
130017104	130017	1	12050	嗯，我想也是呢。
130018101	130018	1		七实已经成长了，不能整天都玩游戏嘛
130018102	130018	1	6008	不过偶尔的话，陪一下指挥官来玩对战游戏也……
130018103	130018	1	11467	啊！指挥官你为什么偷偷先选角色了啊！好卑鄙！！
130019101	130019	1		只要是存在于世界上的东西，七实基本上都能把它们设计制造出来哦
130019102	130019	1	4809	但也有一些东西却是无论如何都无法造出来的。
130020101	130020	1		这个星球对宇宙来说是独一无二的存在
130020102	130020	1	4630	指挥官对七实来说也是独一无二的存在
130021101	130021	1		指挥官你知道吗？
130021102	130021	1	2365	空中花园原本是作为星际航行而设计的移民舰哦
130021103	130021	1	7848	人类真了不起啊……
130021104	130021	1	10853	如果他们真的花费无数的时间到达了星星的另一边，那时候是否也会感到有点寂寞呢？
130022101	130022	1		指挥官你看！
130022102	130022	1	2417	窗外那边有颗星星特别的亮
130022103	130022	1	6063	你说上面会不会有人类存在呢？
130022104	130022	1	9488	说不定也有一个指挥官， 和你一样
130022105	130022	1	12778	在悄悄注视着七实呢。
130023101	130023	1		七实今天要挑战一个人捉迷藏！
130023102	130023	1	4826	你说一个人怎么捉迷藏？
130023103	130023	1	7101	所以七实永远不会被找到嘛，这就是个只有七实必胜的作弊游戏啦……
130023104	130023	1	14539	指挥官你也要玩吗？
130023105	130023	1	16951	那……你答应一定要找到七实哦~
130028101	130028	1		和指挥官的关系变好了的话，是不是该夕阳下用拳头对决呢~
130028102	130028	1	5691	不对吗？
130028103	130028	1	7483	我看动画里都是这样的……
130033101	130033	1		那么多的礼物……
130033102	130033	1	2400	就算是驾驶着小帕瓦也拉不动啦！
130096101	130096	1		七实虽然是最强的
130096102	130096	1	2490	但和所有游戏里的最强角色一样都有着一个会受伤会痛的地方……
130096103	130096	1	7329	这个只交给指挥官保管的弱点，你一定要帮七实保护好它啊！
130097101	130097	1		能够成为“回忆”珍藏的礼物七实收到已经够多了啦
130097102	130097	1	6715	接下来就轮到七实送出回礼了
130097103	130097	1	9620	送给大家名为“未来”的礼物……
130037101	130037	1		七实知道！
130037102	130037	1	2005	这是“一二三木头人”游戏对吧？
130037103	130037	1	5171	这么说是七实负责当“鬼”吗？
130038101	130038	1		指挥官在思考着什么呢？
130038102	130038	1	3686	是想着七实的事情吗……
130038103	130038	1	6349	该不会之前的恶作剧被发现了吧！？
130039101	130039	1		指挥官
130039102	130039	1	2713	如果还是不理七实的话， 七实也是会生气的哦！嗯呜——！
130040101	130040	1		凑近来看的话，指挥官的眼睛好漂亮啊
130040102	130040	1	5308	还能看到眼睛里小小的七实
130040103	130040	1	8883	现在七实就是指挥官眼里的一切~
130040104	130040	1	13230	可不准眨眼哦！
130040105	130040	1	15787	因为说不定你一眨眼， 七实就要消失了啦~
130042101	130042	1		指挥官还没做完工作吗……
130042102	130042	1	4937	七实已经困了啦……
130043101	130043	1		七实发现指挥官越来越超越人类的极限了……！
130043102	130043	1	5444	尤其在加班方面。
130044101	130044	1		如果一个人解决不了的难题的话
130044102	130044	1	2221	那就来求助于朋友们吧
130044103	130044	1	4915	七实永远都会有求必应的哦！
130045101	130045	1		……
130045102	130045	1	1351	来嘛，把工作暂停一下， 多看看七实不好吗？
130045103	130045	1	8293	七实可比工作有趣得多得多啦！
130047101	130047	1		七实猜对了呢
130047102	130047	1	1829	今天指挥官是左脚先踏入房间的， 真不愧是我。
130048101	130048	1		早早早上好！
130048102	130048	1	2699	指-挥-官
130048103	130048	1	4368	今天的-七实-是机器人-模式！
130049101	130049	1		指挥官快进来吧……
130049102	130049	1	3279	你问我为什么躲在桌子底下？ 这个就不用在意了
130049103	130049	1	8862	等会如果看到超生气的卡列亲的话请告诉她七实还没来哦~
130050101	130050	1		早！上！好！指挥官！
130050102	130050	1	5032	渡边大叔告诉我，没有比在早上大吼更加能让人振奋精神的了~
130050103	130050	1	11036	指挥官也要一起吗？
130051101	130051	1		指挥官，只要你还记得七实的话
130051102	130051	1	3190	七实也会每天在这里等着你的。
130052101	130052	1		不管在之前有多少烦心的事情
130052102	130052	1	3258	只要看到指挥官七实就会变得很开心呢
130052103	130052	1	6616	指挥官你是会施展让七实高兴的 法术吗？
130053101	130053	1		如果指挥官有窥视未来的能力但是只能看一件事的话
130053102	130053	1	3319	你会怎么选择呢？
130053103	130053	1	6381	如果是七实的话，会选择去看看未来的每一天里，待在这个熟悉的房间里，是不是都能等到指挥官的到来。
130057101	130057	1		空中花园的稳定器是坏掉了吗……
130057102	130057	1	4078	不过卡列亲告诉过我不能自己用手敲 来修。
130001301	130001	3		嗨~指挥官，按照约定，七实回来了……
130001302	130001	3	4612	什么约定？
130001303	130001	3	6219	嘘
130001304	130001	3	7308	那可是彩蛋内容哦~
130002301	130002	3		嘟~嘟嘟…嘟嘟嘟——！
130002302	130002	3	2167	七实的等级提升啦！
130004301	130004	3		流逝的时间会让一切变化，就算是七实也可以变得和之前不一样…
130004302	130004	3	5615	指挥官请看好了，七实的进化！
130007301	130007	3		这次的七实……和大家在一起
130007302	130007	3	3041	不会再是孤军奋战了！
130008301	130008	3		接着出场的是七实队长哦！
130008302	130008	3	3402	大家的欢呼声在哪里呢~？
130009301	130009	3		嗯……这里好小啊
130009302	130009	3	2738	让帕瓦进来的话估计会把指挥官 压扁了吧。
130010301	130010	3		要不要七实帮指挥官把你的椅子加装电浆反应炉呢？
130010302	130010	3	4814	最高时速可以达到126公里……
130010303	130010	3	8495	不需要吗？好可惜……
130012301	130012	3		噔噔！七实要开始才艺表演了， 指挥官，呆在箱子里别动哦……
130012302	130012	3	7416	对，就这样，等会让小帕瓦切开箱子的时候才会更加…
130012303	130012	3	14261	咦？指挥官呢…
130012304	130012	3	17017	七实我还是第一次发现人类原来能够跑这么快！
130013301	130013	3		听说神不会掷硬币，但是七实会哦
130013302	130013	3	4773	这是不是说明七实更厉害呢？
130013303	130013	3	7814	那么指挥官
130013304	130013	3	10187	现在我手里的硬币， 是正面还是反面呢？
130014301	130014	3		嗅嗅~好怀念的香味啊！那是丽芙做的糕点吗？
130014302	130014	3	8297	分我一个嘛指挥官~顶多七实把小帕瓦借给你玩一天吧？
130015301	130015	3		指挥官你知道宇宙的终极答案 是多少吗？
130015302	130015	3	5236	噗噗~答错了
130015303	130015	3	8262	是70才对！
130016301	130016	3		如果整个宇宙都和七实成为朋友
130016302	130016	3	3754	那么是不是就意味着大家永远也不再需要争斗了呢？
130017301	130017	3		指挥官想要像游戏里面那样可以不断存档重来的能力吗？
130017302	130017	3	6496	这样的话无论如何都能够达成最完美的结局了
130017303	130017	3	9798	……不需要吗？
130017304	130017	3	11702	嗯，我想也是呢。
130018301	130018	3		七实已经成长了，不能整天都玩游戏嘛
130018302	130018	3	4723	不过偶尔的话，陪一下指挥官来玩对战游戏也……
130018303	130018	3	9556	啊！指挥官你为什么偷偷先选角色了啊！
130018304	130018	3	13714	好卑鄙！！
130019301	130019	3		只要是存在于世界上的东西，七实基本上都能把它们设计制造出来哦
130019302	130019	3	6507	但也有一些东西却是无论如何都无法造出来的。
130020301	130020	3		这个星球对宇宙来说是独一无二的存在
130020302	130020	3	4384	指挥官对七实来说也是独一无二的存在。
130021301	130021	3		指挥官你知道吗？
130021302	130021	3	2045	空中花园原本是作为星际航行而设计的移民舰哦
130021303	130021	3	6778	人类真了不起啊……
130021304	130021	3	9871	如果他们真的花费无数的时间到达了星星的另一边
130021305	130021	3	15118	那时候是否也会感到有点寂寞呢？
130022301	130022	3		指挥官你看！ 窗外那边有颗星星特别的亮
130022302	130022	3	5559	你说上面会不会有人类存在呢？
130022303	130022	3	8930	说不定也有一个指挥官， 和你一样
130022304	130022	3	13340	在悄悄注视着七实呢。
130023301	130023	3		七实今天要挑战一个人捉迷藏！
130023302	130023	3	4954	你说一个人怎么捉迷藏？ 所以七实永远不会被找到嘛，这就是个只有七实必胜的作弊游戏啦……
130023303	130023	3	14235	指挥官你也要玩吗？
130023304	130023	3	17029	那……你答应一定要找到七实哦~
130024301	130024	3		不小心应对的话，七实头上的炸弹可是会爆炸的哦！
130024302	130024	3	5131	嘀嗒嘀嗒……
130028301	130028	3		和指挥官的关系变好了的话，是不是该夕阳下用拳头对决呢~
130028302	130028	3	6713	不对吗？我看动画里都是这样的……
130029301	130029	3		谢谢指挥官……
130029302	130029	3	1629	不对！七实想要的是包含着“惊喜”的礼物啊！
130029303	130029	3	6082	重来重来，这次七实会装作什么都不知道的样子的。
130030301	130030	3		下次七实的旅行也带上指挥官吧
130030302	130030	3	3422	未曾见过的景色，肯定是两个人一起见证会更加有意义啦！
130032301	130032	3		100…400…1000…4000！
130032302	130032	3	5054	不可能，七实对指挥官的好感度居然还在上升！
130033301	130033	3		那么多的礼物……
130033302	130033	3	1856	就算是驾驶着小帕瓦也拉不动啦！
130034301	130034	3		七实可以破例让你坐到小帕瓦上面来
130034302	130034	3	3180	不过为了指挥官的安全起见，记得抱紧七实的腰哦！
130035301	130035	3		七实最喜欢什么礼物？
130035302	130035	3	2795	七实最喜欢“指挥官送的礼物”！
130094301	130094	3		七实会向着未来出发是因为喜爱着人类的大家
130094302	130094	3	4472	而七实会留在这里却是因为喜爱着指挥官你。
130095301	130095	3		指挥官的礼物和心意一样渐渐累积起来了呢
130095302	130095	3	3962	七实要被指挥官的爱淹没了啦~
130096301	130096	3		七实虽然是最强的
130096302	130096	3	2584	但和所有游戏里的最强角色一样都有着一个会受伤会痛的地方……
130096303	130096	3	9241	这个只交给指挥官保管的弱点
130096304	130096	3	12256	你一定要帮七实保护好它啊！
130097301	130097	3		能够成为“回忆”珍藏的礼物七实收到已经够多了啦
130097302	130097	3	5930	接下来就轮到七实送出回礼了， 送给大家名为“未来”的礼物……
130036301	130036	3		指挥官是死机了吗？
130036302	130036	3	2600	和旧电视一样拍一拍的话说不定能好吧……
130037301	130037	3		七实知道！这是“一二三木头人”游戏对吧？
130037302	130037	3	4000	这么说是七实负责当“鬼”吗？
130038301	130038	3		指挥官在思考着什么呢？
130038302	130038	3	3000	是想着七实的事情吗……
130038303	130038	3	5813	该不会之前的恶作剧被发现了吧！？
130040301	130040	3		凑近来看的话，指挥官的眼睛好漂亮啊
130040302	130040	3	4862	还能看到眼睛里小小的七实，现在七实就是指挥官眼里的一切~
130040303	130040	3	13481	可不准眨眼哦！因为说不定你一眨眼，七实就要消失了啦~
130042301	130042	3		指挥官还没做完工作吗……
130042302	130042	3	3271	七实已经困了啦……
130043301	130043	3		七实发现指挥官越来越超越人类的极限了……！
130043302	130043	3	4205	尤其在加班方面。
130045301	130045	3		来嘛，把工作暂停一下， 多看看七实不好吗？
130045302	130045	3	7803	七实可比工作有趣得多得多啦！
130048301	130048	3		早早早上好！指-挥-官
130048302	130048	3	3263	今天的-七实-是机器人-模式！
130049301	130049	3		指挥官快进来吧……
130049302	130049	3	2311	你问我为什么躲在桌子底下？
130049303	130049	3	4575	这个就不用在意了，等会如果看到超生气的卡列亲的话请告诉她七实还没来哦~
130050301	130050	3		早！上！好！指挥官！
130050302	130050	3	2291	渡边大叔告诉我，没有比在早上大吼更加能让人振奋精神的了~
130050303	130050	3	7299	指挥官也要一起吗？
130052301	130052	3		不管在之前有多少烦心的事情，只要看到指挥官七实就会变得很开心呢
130052302	130052	3	5437	指挥官你是会施展让七实高兴的法术吗？
130053301	130053	3		如果指挥官有窥视未来的能力但是只能看一件事的话，你会怎么选择呢？
130053302	130053	3	7665	如果是七实的话，会选择去看看未来的每一天里，待在这个熟悉的房间里，是不是都能等到指挥官的到来。
130057301	130057	3		空中花园的稳定器是坏掉了吗……
130057302	130057	3	3898	不过卡列亲告诉过我不能自己用手敲来修。
129001101	129001	1		哇……这里就是空中花园？
129001102	129001	1	5634	指挥官你知道要让它飞起来到底要花多少青蚨吗……
129001103	129001	1	11792	这、这是多少个零啊！？
129002101	129002	1		是错觉么……
129002102	129002	1	2490	感觉我好像变厉害了点。
129004101	129004	1		嗯，如果能够一直精进自身
129004102	129004	1	4520	那么无论是什么敌人也不用怕了吧。
129006101	129006	1		工欲善其事必先利其器
129006102	129006	1	8012	这可不能偷工减料哦。
129008101	129008	1		我要暂时作为领队吗……？
129008102	129008	1	4795	我明白了！
129009101	129009	1		嗯？我一直站在这里就行了吗？
129009102	129009	1	5082	为什么……？
129010101	129010	1		要负责整理数据吗……
129010102	129010	1	3340	这看起来好像很复杂的样子……
129010103	129010	1	6458	不过我会努力试试的！
129011101	129011	1		工作期间
129011102	129011	1	2233	感觉我们还是不要聊天比较好吧……
129012101	129012	1		指挥官的工作……
129012102	129012	1	2499	每天都要干些什么呀？
129013101	129013	1		现在我已经习惯这工作了
129013102	129013	1	4303	就算是之前最烦恼的算数也……
129013103	129013	1	8081	呜，抱歉，我说了大话……
129014101	129014	1		如果指挥官有需要帮忙的事情就尽管拜托我吧
129014102	129014	1	6154	别的不敢说，单论力气的话我还是很有自信的。
129015101	129015	1		在夜航船上，我的职责是保护那些想要好好过活的人们
129015102	129015	1	7803	现在就只需要保护你，这轻松多了。
129016101	129016	1		好像工作暂告一段落的样子……
129016102	129016	1	3345	要吃点糖果补充糖分吗？
129016103	129016	1	7447	丽芙她不知道为什么给了我很多呢……
129017101	129017	1		要不要休息一下？
129017102	129017	1	2291	虽然我还不累啦……
129017103	129017	1	6141	但如果指挥官想休息的话也可以吧
129017104	129017	1	9998	要来玩成语接龙吗？
129018101	129018	1		指挥官，你要一直待在我的身边，记得不要乱跑……
129018102	129018	1	5513	如果走丢了的话，很容易就会再也找不到回来的路了。
129019101	129019	1		指挥官你的衣服被勾破了……来来来快点脱下来，我帮你把破洞缝上吧！
129019102	129019	1	7780	报酬的话……
129019103	129019	1	12694	就要一句“蒲牢最棒！”好了。
129020101	129020	1		盘手、剑指，跳，转圈，嗯……
129020102	129020	1	9079	这是之前在船上曾经学习过的舞蹈，我想要重新练习一下
129020103	129020	1	17002	或许某天，我也能达到能表演给你看的水平呢，敬请期待吧！
129021101	129021	1		感觉空中花园也像是一艘承载着一切的大船——
129021102	129021	1	6866	人们离开，又回来，来来往往……
129021103	129021	1	12345	却也有离开了就再也无法回来的人
129021104	129021	1	16612	指挥官无论如何也一定要记得回来哦。
129022101	129022	1		指挥官，把手借给我一下下？
129022102	129022	1	5079	嗯嗯，你看，贴在一起的话就最能感受到指挥官的手是多么的温暖
129022103	129022	1	13886	上面那些大大小小的伤痕还会痛吗？
129022104	129022	1	18694	但既然伤口结成了伤疤，那就说明曾经的苦痛都已经过去了啦。
129023101	129023	1		我相信总有一天你的梦想会实现，大家都会平安无事地回到自己的家
129023102	129023	1	6020	到时候我就带着你，手牵着手一起乘着夜航船去到处拜访大家吧~
129024101	129024	1		……指挥官？
129024102	129024	1	2490	是这么叫的吗？
129026101	129026	1		指挥官
129026102	129026	1	1986	嗯，我记住啦。
129027101	129027	1		里面装的是什么……
129027102	129027	1	3666	嗯？不能摇的吗？？
129028101	129028	1		我这里可没什么好玩的东西……
129028102	129028	1	3824	要不一起掰手腕怎么样。
129032101	129032	1		“蒲牢”的职责是守护你，但是现在反而是受了你那么多的照顾……
129032102	129032	1	8521	这可不行，请让我多帮点忙吧！
129034101	129034	1		对了，我发现一件事情
129034102	129034	1	4431	和指挥官你在一起玩……不对，一起工作，好像总会特别开心！
129035101	129035	1		我会好好珍惜的……
129035102	129035	1	2097	用上等花梨木的匣子装起来怎么样？
129035103	129035	1	6454	开玩笑的……
129035104	129035	1	8600	呜……我可买不起啊……
129036101	129036	1		指挥官请你看看这……
129036102	129036	1	4397	指挥官？
129036103	129036	1	7617	咳嗯……
129036104	129036	1	9802	指——挥——官！
129037101	129037	1		睡着了啊
129037102	129037	1	3317	指挥官有时候真像个小孩子呢……
129037103	129037	1	9288	不过看着连我也有点困……困了……
129038101	129038	1		到底在看着哪里发呆啊……？
129038102	129038	1	3730	但如果是指挥官的话，会不会是某种冥想训练呢
129038103	129038	1	9804	我也来试试！
129039101	129039	1		指挥官时常绷着一根筋，感觉也就只有在睡着的时候才能放松一下……
129039102	129039	1	9869	但人类在这种地方睡着是会感冒的……我来给指挥官披上外套吧
129039103	129039	1	20615	嗯，这样起码就不用怕会着凉了。
129040101	129040	1		比起什么都有的高大厅堂，反而是这个看上去略显空旷的小房间里，更能让人放松……
129040102	129040	1	10533	这里除了指挥官你，挤一挤的话还能容下一个我，刚刚好~
129041101	129041	1		指挥官……
129041102	129041	1	2678	你工作的时间
129041103	129041	1	5079	是不是有点长过头了啊？
129042101	129042	1		“欲速则不达”
129042102	129042	1	2956	与其埋头工作，不如先来休息一下吧。
129043101	129043	1		这个玩偶呢，是一种叫“熊猫”的动物
129043102	129043	1	5170	虽然是很可爱……
129043103	129043	1	8053	但指挥官你可不能变成“熊猫眼”啊，快点给我去休息啦！
129044101	129044	1		肩膀僵硬的话，我来帮你捶捶肩吧？
129044102	129044	1	5857	放心吧，我一定会控制好力度的……
129044103	129044	1	12909	呃，指挥官你的表情……？
129044104	129044	1	16108	是我太用力了吗？！
129045101	129045	1		虽然我一点也不了解指挥官的工作有多重要
129045102	129045	1	5897	但如果你累倒下了的话，大家都会很伤心的……
129045103	129045	1	10684	尤其是我！
129046101	129046	1		指挥官你好
129046102	129046	1	3053	今天也准时到了啊。
129047101	129047	1		每次见到你那么努力去工作
129047102	129047	1	3817	我就会觉得自己也不能懒散呢。
129050101	129050	1		嗯，我先到了一会，所以把这桌面上乱七八糟的文件整理了一下
129050102	129050	1	7733	指挥官会不会不习惯呢？
129051101	129051	1		啊啊！那个玩偶不是别人的失物啦……是我放在那里的
129051102	129051	1	8693	我想说不定加点装饰的话……
129051103	129051	1	12504	可以么！？太好了~
129052101	129052	1		指挥官觉得我总是很有精神？
129052102	129052	1	3511	毕竟是重要的工作嘛……
129052103	129052	1	7452	而且，能见到指挥官，也是我每天到这里来的动力。
129053101	129053	1		指挥官来这边坐下！
129053102	129053	1	3602	锵锵！今天是蒲牢我负责秘书工作的第一百天哦，即将举行纪念大酬宾
129053103	129053	1	13431	今天指挥官就乖乖坐在这，什么都不用做，所有的事情都交给我吧……
129053104	129053	1	21356	诶！？我记错日期了！？
129053105	129053	1	26307	呜……不过没所谓啦，反正和指挥官在这里的每一天，都是值得纪念的一天，是吧！
129054101	129054	1		指挥官，你不在的时候
129054102	129054	1	2516	我也一直帮你保护着这里的一切，没有人敢乱动的。
129055101	129055	1		指挥官！快看我快看我
129055102	129055	1	3581	晃来晃去的样子像不像海里飘着的海草啊。
129094101	129094	1		指挥官，我觉得你差不多可以考考我了
129094102	129094	1	6763	考什么？嗯，我想想……
129094103	129094	1	13509	就例如考“指挥官的一百个隐藏小细节”吧，我很有信心能拿满分哦~
129095101	129095	1		俗话说礼物是谢意的代表
129095102	129095	1	4409	如果说这些礼物是代表我有帮助到指挥官，那我会感觉特别开心。
129096101	129096	1		以前我总觉得，只有握着武器的时候才能安心
129096102	129096	1	7678	但是现在，像这样握着指挥官的手，就好像能获得面对一切困难的勇气……
129096103	129096	1	18848	现在的我们，可是什么都能办到的！指挥官你说是不是啊？
129097101	129097	1		这份礼物，我想和指挥官你一起拆开
129097102	129097	1	4580	一份礼物只有一份快乐
129097103	129097	1	8735	但是与指挥官一起分享的话，就能变成双份的快乐，这是不是很划算啊~
129001201	129001	2		哇……这里就是空中花园？
129001202	129001	2	3387	指挥官你知道要让它飞起来到底要花多少青蚨吗……
129001203	129001	2	9139	这、这是多少个零啊！？
129002201	129002	2		是错觉么……
129002202	129002	2	1667	感觉我好像变厉害了点。
129004201	129004	2		嗯，如果能够一直精进自身
129004202	129004	2	3100	那么无论是什么敌人也不用怕了吧。
129005201	129005	2		不够强的话就愧对“蒲牢”之名了
129005202	129005	2	2636	所以招式还要再熟练一点！
129006201	129006	2		工欲善其事必先利其器
129006202	129006	2	2798	这可不能偷工减料哦。
129008201	129008	2		我要暂时作为领队吗……？
129008202	129008	2	2296	我明白了！
129009201	129009	2		嗯？我一直站在这里就行了吗？
129009202	129009	2	2886	为什么……？
129010201	129010	2		要负责整理数据吗……
129010202	129010	2	2288	这看起来好像很复杂的样子……
129010203	129010	2	5830	不过我会努力试试的！
129011201	129011	2		工作期间
129011202	129011	2	1435	感觉我们还是不要聊天比较好吧……
129012201	129012	2		指挥官的工作……
129012202	129012	2	1600	每天都要干些什么呀？
129013201	129013	2		现在我已经习惯这工作了
129013202	129013	2	2012	就算是之前最烦恼的算数也……
129013203	129013	2	4954	呜，抱歉，我说了大话……
129014201	129014	2		如果指挥官有需要帮忙的事情就尽管拜托我吧
129014202	129014	2	3400	别的不敢说，单论力气的话我还是很有自信的。
129015201	129015	2		在夜航船上，我的职责是保护那些想要好好过活的人们
129015202	129015	2	4498	现在就只需要保护你，这轻松多了。
129016201	129016	2		好像工作暂告一段落的样子……
129016202	129016	2	3492	要吃点糖果补充糖分吗？
129016203	129016	2	6918	丽芙她不知道为什么给了我很多呢……
129017201	129017	2		要不要休息一下？
129017202	129017	2	2062	虽然我还不累啦……但如果指挥官想休息的话也可以吧
129017203	129017	2	7496	要来玩成语接龙吗？
129018201	129018	2		指挥官，你要一直待在我的身边，记得不要乱跑……
129018202	129018	2	4217	如果走丢了的话，很容易就会再也找不到回来的路了。
129019201	129019	2		指挥官你的衣服被勾破了……来来来快点脱下来，我帮你把破洞缝上吧！
129019202	129019	2	6217	报酬的话……就要一句“蒲牢最棒！”好了。
129020201	129020	2		盘手、剑指，跳，转圈，嗯……
129020202	129020	2	7207	这是之前在船上曾经学习过的舞蹈，我想要重新练习一下
129020203	129020	2	14129	或许某天，我也能达到能表演给你看的水平呢，敬请期待吧！
129021201	129021	2		感觉空中花园也像是一艘承载着一切的大船——
129021202	129021	2	4977	人们离开，又回来，来来往往……却也有离开了就再也无法回来的人
129021203	129021	2	12479	指挥官无论如何也一定要记得回来哦。
129022201	129022	2		指挥官，把手借给我一下下？
129022202	129022	2	2341	嗯嗯，你看，贴在一起的话就最能感受到指挥官的手是多么的温暖
129022203	129022	2	9027	上面那些大大小小的伤痕还会痛吗？
129022204	129022	2	13709	但既然伤口结成了伤疤，那就说明曾经的苦痛都已经过去了啦。
129023201	129023	2		我相信总有一天你的梦想会实现
129023202	129023	2	3279	大家都会平安无事地回到自己的家
129023203	129023	2	6153	到时候我就带着你，手牵着手一起乘着夜航船去到处拜访大家吧~
129024201	129024	2		……指挥官？
129024202	129024	2	2087	是这么叫的吗？
129026201	129026	2		指挥官
129026202	129026	2	2067	嗯，我记住啦。
129027201	129027	2		里面装的是什么……
129027202	129027	2	1964	嗯？不能摇的吗？？
129028201	129028	2		我这里可没什么好玩的东西……
129028202	129028	2	2662	要不一起掰手腕怎么样。
129032201	129032	2		“蒲牢”的职责是守护你，但是现在反而是受了你那么多的照顾……
129032202	129032	2	5433	这可不行，请让我多帮点忙吧！
129034201	129034	2		对了，我发现一件事情
129034202	129034	2	2337	和指挥官你在一起玩……不对，一起工作，好像总会特别开心！
129035201	129035	2		我会好好珍惜的……用上等花梨木匣子装起来怎么样？
129035202	129035	2	5926	开玩笑的……呜……我可买不起啊……
129036201	129036	2		指挥官请你看看这……指挥官？
129036202	129036	2	8664	咳嗯……指——挥——官！
129037201	129037	2		睡着了啊，指挥官有时候真像个小孩子呢……
129037202	129037	2	6561	不过看着连我也有点困……困了……
129038201	129038	2		到底在看着哪里发呆啊……？
129038202	129038	2	3217	但如果是指挥官的话，会不会是某种冥想训练呢
129038203	129038	2	8569	我也来试试！
129039201	129039	2		指挥官时常绷着一根筋，感觉也就只有在睡着的时候才能放松一下……
129039202	129039	2	5662	但人类在这种地方睡着是会感冒的……我来给指挥官披上外套吧
129039203	129039	2	12092	嗯，这样起码就不用怕会着凉了。
129040201	129040	2		比起什么都有的高大厅堂，反而是这个看上去略显空旷的小房间里，更能让人放松……
129040202	129040	2	7097	这里除了指挥官你，挤一挤的话还能容下一个我，刚刚好~
129041201	129041	2		指挥官……你工作的时间
129041202	129041	2	3274	是不是有点长过头了啊？
129042201	129042	2		“欲速则不达”
129042202	129042	2	1590	与其埋头工作，不如先来休息一下吧。
129043201	129043	2		这个玩偶呢，是一种叫“熊猫”的动物
129043202	129043	2	3512	虽然是很可爱……但指挥官你可不能变成“熊猫眼”啊，快点给我去休息啦！
129044201	129044	2		肩膀僵硬的话，我来帮你捶捶肩吧？
129044202	129044	2	2631	放心吧，我一定会控制好力度的……
129044203	129044	2	6134	呃，指挥官你的表情……？
129044204	129044	2	9375	是我太用力了吗？！
129045201	129045	2		虽然我一点也不了解指挥官的工作有多重要
129045202	129045	2	4132	但如果你累倒下了的话，大家都会很伤心的……
129045203	129045	2	8754	尤其是我！
129046201	129046	2		指挥官你好
129046202	129046	2	1403	今天也准时到了啊。
129047201	129047	2		每次见到你那么努力去工作
129047202	129047	2	2507	我就会觉得自己也不能懒散呢。
129050201	129050	2		嗯，我先到了一会，所以把这桌面上乱七八糟的文件整理了一下
129050202	129050	2	5431	指挥官会不会不习惯呢？
129051201	129051	2		啊啊！那个玩偶不是别人的失物啦……是我放在那里的
129051202	129051	2	5321	我想说不定加点装饰的话……
129051203	129051	2	9053	可以么！？太好了~
129052201	129052	2		指挥官觉得我总是很有精神？
129052202	129052	2	2551	毕竟是重要的工作嘛……
129052203	129052	2	5555	而且，能见到指挥官，也是我每天到这里来的动力。
129053201	129053	2		指挥官来这边坐下！
129053202	129053	2	3289	锵锵！今天是蒲牢我负责秘书工作的第一百天哦
129053203	129053	2	7629	即将举行纪念大酬宾
129053204	129053	2	10186	今天指挥官就乖乖坐在这，什么都不用做，所有的事情都交给我吧……
129053205	129053	2	16021	诶！？我记错日期了！？
129053206	129053	2	18690	呜……不过没所谓啦，反正和指挥官在这里的每一天，都是值得纪念的一天，是吧！
129054201	129054	2		指挥官，你不在的时候
129054202	129054	2	2252	我也一直帮你保护着这里的一切，没有人敢乱动的。
129055201	129055	2		指挥官！快看我快看我
129055202	129055	2	2026	晃来晃去的样子像不像海里飘着的海草啊。
129094201	129094	2		指挥官，我觉得你差不多可以考考我了
129094202	129094	2	4601	考什么？嗯，我想想……
129094203	129094	2	9333	就例如考“指挥官的一百个隐藏小细节”吧，我很有信心能拿满分哦~
129095201	129095	2		俗话说礼物是谢意的代表
129095202	129095	2	3561	如果说这些礼物是代表我有帮助到指挥官，那我会感觉特别开心。
129096201	129096	2		以前我总觉得，只有握着武器的时候才能安心
129096202	129096	2	5092	但是现在，像这样握着指挥官的手，就好像能获得面对一切困难的勇气……
129096203	129096	2	13004	现在的我们，可是什么都能办到的！指挥官你说是不是啊？
129097201	129097	2		这份礼物，我想和指挥官你一起拆开
129097202	129097	2	3566	一份礼物只有一份快乐
129097203	129097	2	6320	但是与指挥官一起分享的话，就能变成双份的快乐，这是不是很划算啊~
129001301	129001	3		哇……这里就是空中花园？
129001302	129001	3	3630	指挥官你知道要让它飞起来到底要花多少青蚨吗……
129001303	129001	3	8168	这、这是多少个零啊！？
129002301	129002	3		是错觉么……
129002302	129002	3	2188	感觉我好像变厉害了点。
129004301	129004	3		嗯，如果能够一直精进自身
129004302	129004	3	3274	那么无论是什么敌人也不用怕了吧。
129005301	129005	3		不够强的话就愧对“蒲牢”之名了
129005302	129005	3	3194	所以招式还要再熟练一点！
129006301	129006	3		工欲善其事必先利其器
129006302	129006	3	3941	这可不能偷工减料哦。
129008301	129008	3		我要暂时作为领队吗……？
129008302	129008	3	2862	我明白了！
129010301	129010	3		要负责整理数据吗……
129010302	129010	3	3091	这看起来好像很复杂的样子……
129010303	129010	3	6151	不过我会努力试试的！
129013301	129013	3		现在我已经习惯这工作了
129013302	129013	3	2677	就算是之前最烦恼的算数也……
129013303	129013	3	5785	呜，抱歉，我说了大话……
129014301	129014	3		如果指挥官有需要帮忙的事情就尽管拜托我吧
129014302	129014	3	3942	别的不敢说，单论力气的话我还是很有自信的。
129015301	129015	3		在夜航船上，我的职责是保护那些想要好好过活的人们
129015302	129015	3	4601	现在就只需要保护你，这轻松多了。
129016301	129016	3		好像工作暂告一段落的样子……
129016302	129016	3	3495	要吃点糖果补充糖分吗？
129016303	129016	3	6292	丽芙她不知道为什么给了我很多呢……
129017301	129017	3		要不要休息一下？虽然我还不累啦……
129017302	129017	3	4199	但如果指挥官想休息的话也可以吧，要来玩成语接龙吗？
129018301	129018	3		指挥官，你要一直待在我的身边，记得不要乱跑……
129018302	129018	3	5182	如果走丢了的话，很容易就会再也找不到回来的路了。
129019301	129019	3		指挥官你的衣服被勾破了……
129019302	129019	3	2620	来来来快点脱下来，我帮你把破洞缝上吧！
129019303	129019	3	6119	报酬的话……就要一句“蒲牢最棒！”好了。
129020301	129020	3		盘手、剑指，跳，转圈
129020302	129020	3	4307	嗯……这是之前在船上曾经学习过的舞蹈，我想要重新练习一下
129020303	129020	3	9719	或许某天，我也能达到能表演给你看的水平呢，敬请期待吧！
129021301	129021	3		感觉空中花园也像是一艘承载着一切的大船——
129021302	129021	3	4772	人们离开，又回来，来来往往……
129021303	129021	3	9888	却也有离开了就再也无法回来的人
129021304	129021	3	14330	指挥官无论如何也一定要记得回来哦。
129022301	129022	3		指挥官，把手借给我一下下？
129022302	129022	3	3156	嗯嗯，你看，贴在一起的话就最能感受到指挥官的手是多么的温暖
129022303	129022	3	11298	上面那些大大小小的伤痕还会痛吗？
129022304	129022	3	16991	但既然伤口结成了伤疤，那就说明曾经的苦痛都已经过去了啦。
129023301	129023	3		我相信总有一天你的梦想会实现
129023302	129023	3	3335	大家都会平安无事地回到自己的家
129023303	129023	3	6801	到时候我就带着你，手牵着手一起乘着夜航船去到处拜访大家吧~
129024301	129024	3		……指挥官？
129024302	129024	3	2172	是这么叫的吗？
129027301	129027	3		里面装的是什么……
129027302	129027	3	2685	嗯？不能摇的吗？？
129028301	129028	3		我这里可没什么好玩的东西……
129028302	129028	3	2600	要不一起掰手腕怎么样。
129030301	129030	3		又见到你了
129030302	129030	3	1810	总感觉指挥官你也不是像大家说的那么忙嘛？
129032301	129032	3		“蒲牢”的职责是守护你
129032302	129032	3	2442	但是现在反而是受了你那么多的照顾…
129032303	129032	3	6717	这可不行，请让我多帮点忙吧！
129034301	129034	3		对了，我发现一件事情，和指挥官你在一起玩……
129034302	129034	3	4598	不对，一起工作，好像总会特别开心！
129035301	129035	3		我会好好珍惜的……
129035302	129035	3	2108	用上等花梨木的匣子装起来怎么样？
129035303	129035	3	5502	开玩笑的……呜……我可买不起啊……
129036301	129036	3		指挥官请你看看这……
129036302	129036	3	2807	指挥官？
129036303	129036	3	5503	咳嗯……指——挥——官！
129037301	129037	3		睡着了啊
129037302	129037	3	2054	指挥官有时候真像个小孩子呢……
129037303	129037	3	6426	不过看着连我也有点困……困了……
129038301	129038	3		到底在看着哪里发呆啊……？
129038302	129038	3	2301	但如果是指挥官的话，会不会是某种冥想训练呢
129038303	129038	3	8013	我也来试试！
129039301	129039	3		指挥官时常绷着一根筋，感觉也就只有在睡着的时候才能放松一下……
129039302	129039	3	6181	但人类在这种地方睡着是会感冒的……
129039303	129039	3	11042	我来给指挥官披上外套吧
129039304	129039	3	14237	嗯，这样起码就不用怕会着凉了。
129040301	129040	3		比起什么都有的高大厅堂
129040302	129040	3	3055	反而是这个看上去略显空旷的小房间里，更能让人放松……
129040303	129040	3	7892	这里除了指挥官你，挤一挤的话还能容下一个我
129040304	129040	3	12457	刚刚好~
129042301	129042	3		“欲速则不达”
129042302	129042	3	1758	与其埋头工作，不如先来休息一下吧。
129043301	129043	3		这个玩偶呢，是一种叫“熊猫”的动物
129043302	129043	3	3706	虽然是很可爱……
129043303	129043	3	6633	但指挥官你可不能变成“熊猫眼”啊
129043304	129043	3	10575	快点给我去休息啦！
129044301	129044	3		肩膀僵硬的话，我来帮你捶捶肩吧？
129044302	129044	3	4200	放心吧，我一定会控制好力度的……
129044303	129044	3	7472	呃，指挥官你的表情……？是我太用力了吗？！
129045301	129045	3		虽然我一点也不了解指挥官的工作有多重要
129045302	129045	3	4647	但如果你累倒下了的话，大家都会很伤心的……
129045303	129045	3	9767	尤其是我！
129049301	129049	3		你还没来之前，一个人等在这里有点无聊
129049302	129049	3	4323	总想找点什么事情做一下呢。
129050301	129050	3		嗯，我先到了一会，所以把这桌面上乱七八糟的文件整理了一下
129050302	129050	3	6063	指挥官会不会不习惯呢？
129051301	129051	3		啊啊！那个玩偶不是别人的失物啦……
129051302	129051	3	3443	是我放在那里的，我想说不定加点装饰的话……
129051303	129051	3	7195	可以么！？太好了~
129052301	129052	3		指挥官觉得我总是很有精神？
129052302	129052	3	3512	毕竟是重要的工作嘛……
129052303	129052	3	6455	而且，能见到指挥官，也是我每天到这里来的动力。
129053301	129053	3		指挥官来这边坐下！
129053302	129053	3	2355	锵锵！今天是蒲牢我负责秘书工作的第一百天哦
129053303	129053	3	7532	即将举行纪念大酬宾
129053304	129053	3	10301	今天指挥官就乖乖坐在这，什么都不用做，所有的事情都交给我吧……
129053305	129053	3	17193	诶！？我记错日期了！？
129053306	129053	3	20495	呜……不过没所谓啦，反正和指挥官在这里的每一天，都是值得纪念的一天，是吧！
129054301	129054	3		指挥官，你不在的时候，我也一直帮你保护着这里的一切
129054302	129054	3	5136	没有人敢乱动的。
129055301	129055	3		指挥官！快看我快看我
129055302	129055	3	2897	晃来晃去的样子像不像海里飘着的海草啊。
129094301	129094	3		指挥官，我觉得你差不多可以考考我了
129094302	129094	3	4403	考什么？
129094303	129094	3	6195	嗯，我想想……
129094304	129094	3	8434	就例如考“指挥官的一百个隐藏小细节”吧，我很有信心能拿满分哦~
129095301	129095	3		俗话说礼物是谢意的代表
129095302	129095	3	3472	如果说这些礼物是代表我有帮助到指挥官，那我会感觉特别开心。
129096301	129096	3		以前我总觉得，只有握着武器的时候才能安心
129096302	129096	3	5841	但是现在，像这样握着指挥官的手，就好像能获得面对一切困难的勇气……
129096303	129096	3	12434	现在的我们，可是什么都能办到的！
129096304	129096	3	16591	指挥官你说是不是啊？
129097301	129097	3		这份礼物，我想和指挥官你一起拆开
129097302	129097	3	3500	一份礼物只有一份快乐
129097303	129097	3	6291	但是与指挥官一起分享的话，就能变成双份的快乐
129097304	129097	3	10864	这是不是很划算啊~
126001101	126001	1		Hola　amigo！我是罗兰。
126001102	126001	1	4616	我出现在这里，你应该知道为什么吧?
126001103	126001	1	7990	哈哈，不，你当然不知道， 你什么都不知道。
126001104	126001	1	15280	无论如何，今天开始，我就随你使唤了
126001105	126001	1	18949	请多指教哦。
126003101	126003	1		晋升？用等级来给人戴上镣铐， 人类的兴趣可真奇特。
126003102	126003	1	9854	那么，作为能被分到这副高级镣铐的玩物，就让我期待期待你之后的做法吧。
126007101	126007	1		好好好，你的命令我都会严格执行。
126007102	126007	1	4354	不过，你可能得多多注意我有什么 小动作哦？
126010101	126010	1		我话说得太多了？
126010102	126010	1	3421	没问题，以后会控制。
126010103	126010	1	6396	只不过，嗯……以前也有人对我这么说过呢， 但是他已经……怎么样了呢？
126011101	126011	1		忠诚，真是个好词汇。
126011102	126011	1	3318	抛弃掉思考，把什么都交给别人，自己只要读读公文，听从命令就行，多轻松
126011103	126011	1	13550	哎呀？为什么这个表情？我只是在怀念我以前的一个“朋友”而已。
126012101	126012	1		Hola——
126012102	126012	1	4092	哈哈，不错的表情。
126012103	126012	1	7769	以前听我说出这话时候， 你可没什么好回忆吧？
126012104	126012	1	11122	不错，不错
126012105	126012	1	13489	从现在开始，你可能会有更多关于 这句话的回忆，还请期待哦。
126013101	126013	1		我在你面前可不会有隐瞒，有好奇的你大可问我，从升格网络的全部真相， 到我个人的诡怪兴趣都可以。
126013102	126013	1	14354	前提是，你真的能承担那个真相的代价
126013103	126013	1	19175	哈哈哈，开个玩笑。
126014101	126014	1		来玩个游戏如何？
126014102	126014	1	3171	想象一下这世界没有帕弥什，我们是被邪恶组织绑架欺骗的平民，现在休戚与共，约好了要一起逃出去。
126014103	126014	1	13166	想象完了吗？好，那现在就走出门外，重新面对现实吧。
126015101	126015	1		Hola　amigo！
126015102	126015	1	3507	哈哈，面具戴久了就容易长脸上。
126015103	126015	1	8582	以前用来伪装的口头禅， 现在一放松就会说出来了。
126015104	126015	1	13847	这样的弄臣，你会怎么看待呢？
126016101	126016	1		你听说过“诺尔莫团”吗？
126016102	126016	1	3904	黄金时代有一伙人，为了所谓理想， 罔顾他人甚至自己性命，造了不少乱。
126016103	126016	1	12113	你猜猜，我有没有参与其中呢——
126016104	126016	1	17511	哈哈，当然没有， 这只是我刚编的一个词。
126017101	126017	1		人类最擅长讲故事，我可读过不少。
126017102	126017	1	3394	明明是虚构的编纂，却因为寄托了作者的亲历或者妄想，就显得那么真实。
126017103	126017	1	10700	只要讲得够好，甚至能让别的人类把这虚构当做人生真理。不是吗？
126018101	126018	1		我说，空中花园这场收复地球的滑稽戏
126018102	126018	1	4601	我也看了太久。
126018103	126018	1	7821	主角们挣扎，堕落，疯狂， 可真有意思，也真是漫长。
126018104	126018	1	15114	漫长到把置之身外的观众都拉进戏里，不舍离去了啊。
126019101	126019	1		拥有活着的理由，我的愿望从未变过。
126019102	126019	1	7346	别人给我的理由，曾是某次演出， 又曾是升格网络。
126019103	126019	1	15369	但现在， 你竟然说我可以为自己找个理由？
126019104	126019	1	18539	对一个弄臣，这是何等残酷，何等……光荣啊。
126020101	126020	1		我读过那么多故事
126020102	126020	1	3207	其中乏味的多得是，但没有一个， 能像我的人生这么无聊。
126020103	126020	1	10048	可是，有你参与， 这烂故事居然还有那么点可看了。
126020104	126020	1	19043	哈哈，这可真是，真是…… 真是，什么呢？
126021101	126021	1		构造体的感官都是借由装置来模拟的，或许我眼里的你，并不是你真正的样子
126021102	126021	1	10227	而是被什么程序美化的结果……
126021103	126021	1	14012	呵，无所谓，无论如何， 你真正的样子，我已看得清清楚楚。
126022101	126022	1		演员无力改变戏剧安排， 也不该对此抱有期待。
126022102	126022	1	5678	可现在有个演员，竟期盼着你能在舞台上待得更久一点，期盼得几乎要在此时此地，就让这部剧迎来结局。
126022103	126022	1	19473	不，玩笑，玩笑罢了。
126023101	126023	1		“若是早点遇到你该多好”
126023102	126023	1	4063	人类总是在各种故事里抱着这种幻想。
126023103	126023	1	8093	但只要碰上适合的场景， 这无谓的台词又很容易脱口而出啊……
126023104	126023	1	15169	就比如，这一刻。
126024101	126024	1		我看看，按照你们的规矩， 我这个时候该怎么说…
126024102	126024	1	4784	“感谢您的深厚心意，在下罗兰会为 未来的战斗鞠躬尽瘁，义不容辞！”
126024103	126024	1	15481	…如何，满意吗？
126027101	126027	1		我当然不会拒绝你的任何礼物，也能接受你的任何要求，只要你一声令下，我什么都可以干哦。
126027102	126027	1	8481	只要你，能接受那结果。
126032101	126032	1		嗯……为什么我一直盯着你看？
126032102	126032	1	5669	没什么，我只是想好好观察观察你，看看你到底想要什么。
126032103	126032	1	12531	结果？当然是失败啦。
126033101	126033	1		每当看到你拿出些什么的时候，我就会情不自禁地笑出来。
126033102	126033	1	4718	什么？我平时也一直在笑？
126033103	126033	1	8107	哈哈哈，说的也是。
126034101	126034	1		你听说过吗？
126034102	126034	1	1773	越是观察一个人， 就越容易把心思放在那人上。
126034103	126034	1	6960	当那个人不在的时候， 观察者可是会非常非常苦恼困扰的。
126034104	126034	1	13951	哎呀哎呀， 我还有多少时间，能待你身边呢？
126035101	126035	1		不管别人送来什么， 我本来都不应该有意见的。
126035102	126035	1	3782	但到底为什么，对你送的礼物我却开始挑剔起来了呢……
126035103	126035	1	10008	还是说，是期待起来了？
126038101	126038	1		你要是这么悠哉下去，小心最后可能会落得跟某个感染体一样的下场哟……
126038102	126038	1	6027	哈哈，不过那个感染体， 这一刻过得也没多坏。
126040101	126040	1		睡得真香啊。
126040102	126040	1	3071	如果你知道我现在紧握着你的手， 你在梦中该如何做想？
126040103	126040	1	10630	当你醒来时， 我又该用什么样的玩笑搪塞过去呢？
126040104	126040	1	18374	还是说
126040105	126040	1	20407	你能允许我一直握着这只手……？
126042101	126042	1		我知道有大概几十种方法，可以让人类在长时间缺乏睡眠的状态下保持精神，不间断工作，亲测有效，要不要试试？
126042102	126042	1	14225	但不管哪个， 都会对人体造成永久性损伤。
126045101	126045	1		好，你已经累得失去判断力了， 我怎么能失去这个机会呢。
126045102	126045	1	6943	来来，稍微靠在这休息一会。
126045103	126045	1	11227	对，就在我旁边
126045104	126045	1	14276	把我错认成谁都可以， 我能扮演好那个能让你安睡的人……
126046101	126046	1		“长官贵安，罗兰随时听您指令！”
126046102	126046	1	5735	…哈哈，吓到你了吗？ 我还以为你会喜欢这么演。
126048101	126048	1		你能来，真叫人开心。
126048102	126048	1	2468	那么作为今天见面的纪念， 就让我来跟你拍个纪念照吧——
126048103	126048	1	10010	但我的成像功能好像偏偏映不出你呢，真可惜。
126051101	126051	1		我可仔细考虑过， 为了能让你再多来见见我，我该做什么
126051102	126051	1	9528	但是，哎呀，除了像这样跟你对话来 挽留你，我居然没有别的武器。
126053101	126053	1		早安，你肯来这儿，那看来今天我也不会虚度。
126053102	126053	1	6587	所以，有什么需要我们一起实现的目标吗？
126053103	126053	1	10794	嗯，我们一起。
126054101	126054	1		你离开的时候，一切都是虚假的， 静止的…
126054102	126054	1	6600	所以，虚假的时间，虚度就是了
126054103	126054	1	12487	又能有多漫长呢？
126055101	126055	1		哎哟喂呀，我摔倒啦，接下来我机体就要瘫痪，除了等你救助以外什么都做不了咯……
126055102	126055	1	10468	别装了？唉，我还以为你就期待这种剧情呢。
126056101	126056	1		哈哈，要不要再用力点？
126056102	126056	1	3757	说不定晃得差不多的时候，我内里的零件会跟黄金时代的某种汽水一样，一下全都喷发出来。
126056103	126056	1	8568	那场面，戏剧效果一定很棒，不是吗？
126059101	126059	1		老实说，被这么做还真有点痒
126059102	126059	1	4997	如果不是想仔细看看你的表情， 我可能会一下倒在地上扭动吧。
126059103	126059	1	13202	嗯，肯定会… 嗯，好了好了， 我投降了，请快停手。
126094101	126094	1		我本以为一个虚像不该再为言语感动，可你完全打破了我的念想。
126094102	126094	1	9655	真是讽刺，这有了多余感情的虚像， 你又打算要怎么处理？
126095101	126095	1		你这么热情，我或许也该坦率点吧。
126095102	126095	1	6773	我想要的礼物，是爱，正义，与梦想…
126095103	126095	1	12159	哈哈哈，开玩笑的，我不需要那些， 因为我早就找到替代品了。
126096101	126096	1		既然我猜不透你的心思， 那么，你有没有兴趣来猜猜我的？
126096102	126096	1	9506	你说，一介小丑，仅仅见到有人向自己展露善意，就一厢情愿地把自己当成了向主效忠的骑士。
126096103	126096	1	18586	这会是，因为什么呢？
126097101	126097	1		我来说个谎吧。
126097102	126097	1	3835	曾经很受欢迎的我，收到过很多礼物
126097103	126097	1	8972	里面有平凡得乏味的， 也有猎奇到吓人的。
126097104	126097	1	15678	而你送的，不属于任何一种——
126097105	126097	1	22922	那么，来猜猜哪句是谎言吧。
126001201	126001	2		Hola　amigo！我是罗兰。
126001202	126001	2	2709	我出现在这里，你应该知道为什么吧?
126001203	126001	2	6323	哈哈，不，你当然不知道， 你什么都不知道。
126001204	126001	2	12647	无论如何，今天开始，我就随你使唤了
126001205	126001	2	17103	请多指教哦。
126003201	126003	2		晋升？
126003202	126003	2	2198	用等级来给人戴上镣铐， 人类的兴趣可真奇特。
126003203	126003	2	7709	那么，作为能被分到这副高级镣铐的玩物，就让我期待期待你之后的做法吧。
126007201	126007	2		好好好，你的命令我都会严格执行。
126007202	126007	2	4057	不过，你可能得多多注意我有什么 小动作哦？
126010201	126010	2		我话说得太多了？
126010202	126010	2	3613	没问题，以后会控制。
126010203	126010	2	6516	只不过，嗯……以前也有人对我这么说过呢， 但是他已经……怎么样了呢？
126011201	126011	2		忠诚，真是个好词汇。
126011202	126011	2	3942	抛弃掉思考，把什么都交给别人，自己只要读读公文，听从命令就行，多轻松
126011203	126011	2	12635	哎呀？为什么这个表情？
126011204	126011	2	16354	我只是在怀念我以前的一个“朋友”而已
126012201	126012	2		Hola——哈哈，不错的表情。
126012202	126012	2	5385	以前听我说出这话时候， 你可没什么好回忆吧？
126012203	126012	2	9575	不错，不错，从现在开始， 你可能会有更多关于这句话的回忆
126012204	126012	2	15865	还请期待哦。
126013201	126013	2		我在你面前可不会有隐瞒，有好奇的你大可问我，从升格网络的全部真相， 到我个人的诡怪兴趣都可以。
126013202	126013	2	11759	前提是，你真的能承担那个真相的代价
126013203	126013	2	18070	哈哈哈，开个玩笑。
126014201	126014	2		来玩个游戏如何？
126014202	126014	2	1985	想象一下这世界没有帕弥什，我们是被邪恶组织绑架欺骗的平民，现在休戚与共，约好了要一起逃出去。
126014203	126014	2	12897	想象完了吗？好，那现在就走出门外，重新面对现实吧。
126015201	126015	2		Hola　amigo！哈哈， 面具戴久了就容易长脸上。
126015202	126015	2	8537	以前用来伪装的口头禅， 现在一放松就会说出来了。
126015203	126015	2	13828	这样的弄臣，你会怎么看待呢？
126016201	126016	2		你听说过“诺尔莫团”吗？
126016202	126016	2	2688	黄金时代有一伙人，为了所谓理想， 罔顾他人甚至自己性命，造了不少乱。
126016203	126016	2	11236	你猜猜，我有没有参与其中呢——
126016204	126016	2	15167	哈哈，当然没有， 这只是我刚编的一个词。
126017201	126017	2		人类最擅长讲故事，我可读过不少。
126017202	126017	2	4383	明明是虚构的编纂，却因为寄托了作者的亲历或者妄想，就显得那么真实。
126017203	126017	2	11843	只要讲得够好，甚至能让别的人类把这虚构当做人生真理。不是吗？
126018201	126018	2		我说，空中花园这场收复地球的 滑稽戏，我也看了太久。
126018202	126018	2	6122	主角们挣扎，堕落，疯狂， 可真有意思，也真是漫长。
126018203	126018	2	13431	漫长到把置之身外的观众都拉进戏里，不舍离去了啊。
126019201	126019	2		拥有活着的理由，我的愿望从未变过。
126019202	126019	2	4998	别人给我的理由，曾是某次演出， 又曾是升格网络。
126019203	126019	2	12202	但现在， 你竟然说我可以为自己找个理由？
126019204	126019	2	19540	对一个弄臣，这是何等残酷，何等……光荣啊。
126020201	126020	2		我读过那么多故事， 其中乏味的多得是
126020202	126020	2	5170	但没有一个，能像我的人生这么无聊。
126020203	126020	2	10540	可是，有你参与， 这烂故事居然还有那么点可看了。
126020204	126020	2	17529	哈哈，这可真是，真是…… 真是，什么呢？
126021201	126021	2		构造体的感官都是借由装置来模拟的，或许我眼里的你，并不是你真正的样子
126021202	126021	2	8174	而是被什么程序美化的结果……
126021203	126021	2	11747	呵，无所谓，无论如何， 你真正的样子，我已看得清清楚楚。
126022201	126022	2		演员无力改变戏剧安排， 也不该对此抱有期待。
126022202	126022	2	5788	可现在有个演员，竟期盼着你能在舞台上待得更久一点，期盼得几乎要在此时此地，就让这部剧迎来结局。
126022203	126022	2	17632	不，玩笑，玩笑罢了。
126023201	126023	2		“若是早点遇到你该多好”
126023202	126023	2	4189	人类总是在各种故事里抱着这种幻想。
126023203	126023	2	8377	但只要碰上适合的场景， 这无谓的台词又很容易脱口而出啊……
126023204	126023	2	15255	就比如，这一刻。
126024201	126024	2		我看看，按照你们的规矩， 我这个时候该怎么说…
126024202	126024	2	5419	“感谢您的深厚心意，在下罗兰会为 未来的战斗鞠躬尽瘁，义不容辞！”
126024203	126024	2	12238	…如何，满意吗？
126027201	126027	2		我当然不会拒绝你的任何礼物，也能接受你的任何要求，只要你一声令下，我什么都可以干哦。
126027202	126027	2	10088	只要你，能接受那结果。
126032201	126032	2		嗯……为什么我一直盯着你看？
126032202	126032	2	5477	没什么，我只是想好好观察观察你，看看你到底想要什么。
126032203	126032	2	13290	结果？当然是失败啦。
126033201	126033	2		每当看到你拿出些什么的时候，我就会情不自禁地笑出来。
126033202	126033	2	6111	什么？我平时也一直在笑？
126033203	126033	2	9161	哈哈哈，说的也是。
126034201	126034	2		你听说过吗？
126034202	126034	2	2088	越是观察一个人， 就越容易把心思放在那人上。
126034203	126034	2	7397	当那个人不在的时候， 观察者可是会非常非常苦恼困扰的。
126034204	126034	2	15611	哎呀哎呀， 我还有多少时间，能待你身边呢？
126035201	126035	2		不管别人送来什么， 我本来都不应该有意见的。
126035202	126035	2	4484	但到底为什么，对你送的礼物我却开始挑剔起来了呢……
126035203	126035	2	11085	还是说，是期待起来了？
126038201	126038	2		你要是这么悠哉下去，小心最后可能会落得跟某个感染体一样的下场哟……
126038202	126038	2	8377	哈哈，不过那个感染体， 这一刻过得也没多坏。
126040201	126040	2		睡得真香啊。
126040202	126040	2	4528	如果你知道我现在紧握着你的手， 你在梦中该如何做想？
126040203	126040	2	11642	当你醒来时， 我又该用什么样的玩笑搪塞过去呢？
126040204	126040	2	18496	还是说
126040205	126040	2	20489	你能允许我一直握着这只手……？
126042201	126042	2		我知道有大概几十种方法，可以让人类在长时间缺乏睡眠的状态下保持精神，不间断工作，亲测有效，要不要试试？
126042202	126042	2	12368	但不管哪个， 都会对人体造成永久性损伤。
126045201	126045	2		好，你已经累得失去判断力了， 我怎么能失去这个机会呢。
126045202	126045	2	6675	来来，稍微靠在这休息一会。
126045203	126045	2	11212	对，就在我旁边
126045204	126045	2	13987	把我错认成谁都可以， 我能扮演好那个能让你安睡的人……
126046201	126046	2		“长官贵安，罗兰随时听您指令！”
126046202	126046	2	4256	…哈哈，吓到你了吗？ 我还以为你会喜欢这么演。
126048201	126048	2		你能来，真叫人开心。
126048202	126048	2	3395	那么作为今天见面的纪念， 就让我来跟你拍个纪念照吧——
126048203	126048	2	9336	但我的成像功能好像偏偏映不出你呢，真可惜。
126051201	126051	2		我可仔细考虑过， 为了能让你再多来见见我，我该做什么
126051202	126051	2	7438	但是，哎呀，除了像这样跟你对话来 挽留你，我居然没有别的武器。
126053201	126053	2		早安，你肯来这儿，那看来今天我也不会虚度。
126053202	126053	2	6554	所以，有什么需要我们一起实现的目标吗？
126053203	126053	2	10908	嗯，我们一起。
126054201	126054	2		你离开的时候，一切都是虚假的， 静止的…
126054202	126054	2	6462	所以，虚假的时间，虚度就是了
126054203	126054	2	12381	又能有多漫长呢？
126055201	126055	2		哎哟喂呀，我摔倒啦，接下来我机体就要瘫痪，除了等你救助以外什么都做不了咯……
126055202	126055	2	11484	别装了？唉，我还以为你就期待这种剧情呢。
126056201	126056	2		哈哈，要不要再用力点？
126056202	126056	2	3792	说不定晃得差不多的时候，我内里的零件会跟黄金时代的某种汽水一样，一下全都喷发出来。
126056203	126056	2	12027	那场面，戏剧效果一定很棒，不是吗？
126059201	126059	2		老实说，被这么做还真有点痒
126059202	126059	2	4155	如果不是想仔细看看你的表情， 我可能会一下倒在地上扭动吧。
126059203	126059	2	10201	嗯，肯定会…
126059204	126059	2	13480	嗯，好了好了， 我投降了，请快停手。
126094201	126094	2		我本以为一个虚像不该再为言语感动，可你完全打破了我的念想。
126094202	126094	2	8417	真是讽刺，这有了多余感情的虚像， 你又打算要怎么处理？
126095201	126095	2		你这么热情，我或许也该坦率点吧。
126095202	126095	2	6753	我想要的礼物，是爱，正义，与梦想…
126095203	126095	2	12643	哈哈哈，开玩笑的，我不需要那些， 因为我早就找到替代品了。
126096201	126096	2		既然我猜不透你的心思， 那么，你有没有兴趣来猜猜我的？
126096202	126096	2	6677	你说，一介小丑，仅仅见到有人向自己展露善意，就一厢情愿地把自己当成了向主效忠的骑士。
126096203	126096	2	16953	这会是，因为什么呢？
126097201	126097	2		我来说个谎吧。
126097202	126097	2	2349	曾经很受欢迎的我，收到过很多礼物
126097203	126097	2	6593	里面有平凡得乏味的， 也有猎奇到吓人的。
126097204	126097	2	12626	而你送的，不属于任何一种——
126097205	126097	2	17944	那么，来猜猜哪句是谎言吧。
126001301	126001	3		Hola　amigo！我是罗兰。
126001302	126001	3	3314	我出现在这里，你应该知道为什么吧?
126001303	126001	3	6644	哈哈，不，你当然不知道， 你什么都不知道。
126001304	126001	3	12420	无论如何，今天开始，我就随你使唤了
126001305	126001	3	17832	请多指教哦。
126003301	126003	3		晋升？
126003302	126003	3	1762	用等级来给人戴上镣铐， 人类的兴趣可真奇特。
126003303	126003	3	7300	那么，作为能被分到这副高级镣铐的玩物，就让我期待期待你之后的做法吧。
126007301	126007	3		好好好，你的命令我都会严格执行。
126007302	126007	3	5568	不过，你可能得多多注意我有什么 小动作哦？
126010301	126010	3		我话说得太多了？
126010302	126010	3	3017	没问题，以后会控制。
126010303	126010	3	6660	只不过，嗯……以前也有人对我这么说过呢， 但是他已经……怎么样了呢？
126011301	126011	3		忠诚，真是个好词汇。
126011302	126011	3	3697	抛弃掉思考，把什么都交给别人，自己只要读读公文，听从命令就行，多轻松
126011303	126011	3	14264	哎呀？为什么这个表情？
126011304	126011	3	17950	我只是在怀念我以前的一个“朋友”而已
126012301	126012	3		Hola——哈哈，不错的表情。
126012302	126012	3	5458	以前听我说出这话时候， 你可没什么好回忆吧？
126012303	126012	3	11281	不错，不错，从现在开始， 你可能会有更多关于这句话的回忆
126012304	126012	3	18285	还请期待哦。
126013301	126013	3		我在你面前可不会有隐瞒，有好奇的你大可问我，从升格网络的全部真相， 到我个人的诡怪兴趣都可以。
126013302	126013	3	14674	前提是，你真的能承担那个真相的代价
126013303	126013	3	21316	哈哈哈，开个玩笑。
126014301	126014	3		来玩个游戏如何？
126014302	126014	3	2198	想象一下这世界没有帕弥什，我们是被邪恶组织绑架欺骗的平民，现在休戚与共，约好了要一起逃出去。
126014303	126014	3	13694	想象完了吗？好，那现在就走出门外，重新面对现实吧。
126015301	126015	3		Hola　amigo！
126015302	126015	3	2623	哈哈，面具戴久了就容易长脸上。
126015303	126015	3	7829	以前用来伪装的口头禅， 现在一放松就会说出来了。
126015304	126015	3	14059	这样的弄臣，你会怎么看待呢？
126016301	126016	3		你听说过“诺尔莫团”吗？
126016302	126016	3	4066	黄金时代有一伙人，为了所谓理想， 罔顾他人甚至自己性命，造了不少乱。
126016303	126016	3	12639	你猜猜，我有没有参与其中呢——
126016304	126016	3	15589	哈哈，当然没有， 这只是我刚编的一个词。
126017301	126017	3		人类最擅长讲故事，我可读过不少。
126017302	126017	3	5827	明明是虚构的编纂，却因为寄托了作者的亲历或者妄想，就显得那么真实。
126017303	126017	3	14279	只要讲得够好，甚至能让别的人类把这虚构当做人生真理。不是吗？
126018301	126018	3		我说，空中花园这场收复地球的 滑稽戏，我也看了太久。
126018302	126018	3	6940	主角们挣扎，堕落，疯狂
126018303	126018	3	12016	可真有意思，也真是漫长。
126018304	126018	3	17894	漫长到把置之身外的观众都拉进戏里，不舍离去了啊。
126019301	126019	3		拥有活着的理由，我的愿望从未变过。
126019302	126019	3	5029	别人给我的理由，曾是某次演出， 又曾是升格网络。
126019303	126019	3	11990	但现在， 你竟然说我可以为自己找个理由？
126019304	126019	3	19075	对一个弄臣，这是何等残酷，何等……光荣啊。
126020301	126020	3		我读过那么多故事， 其中乏味的多得是
126020302	126020	3	6541	但没有一个，能像我的人生这么无聊。
126020303	126020	3	10976	可是，有你参与， 这烂故事居然还有那么点可看了。
126020304	126020	3	18883	哈哈，这可真是，真是…… 真是，什么呢？
126021301	126021	3		构造体的感官都是借由装置来模拟的，或许我眼里的你，并不是你真正的样子
126021302	126021	3	8840	而是被什么程序美化的结果……
126021303	126021	3	12865	呵，无所谓，无论如何， 你真正的样子，我已看得清清楚楚。
126022301	126022	3		演员无力改变戏剧安排， 也不该对此抱有期待。
126022302	126022	3	6589	可现在有个演员，竟期盼着你能在舞台上待得更久一点，期盼得几乎要在此时此地，就让这部剧迎来结局。
126022303	126022	3	18942	不，玩笑，玩笑罢了。
126023301	126023	3		“若是早点遇到你该多好”
126023302	126023	3	4191	人类总是在各种故事里抱着这种幻想。
126023303	126023	3	8635	但只要碰上适合的场景， 这无谓的台词又很容易脱口而出啊……
126023304	126023	3	15467	就比如，这一刻。
126024301	126024	3		我看看，按照你们的规矩， 我这个时候该怎么说…
126024302	126024	3	7775	“感谢您的深厚心意，在下罗兰会为 未来的战斗鞠躬尽瘁，义不容辞！”
126024303	126024	3	16635	…如何，满意吗？
126027301	126027	3		我当然不会拒绝你的任何礼物，也能接受你的任何要求，只要你一声令下，我什么都可以干哦。
126027302	126027	3	10527	只要你，能接受那结果。
126032301	126032	3		嗯……为什么我一直盯着你看？
126032302	126032	3	4061	没什么，我只是想好好观察观察你，看看你到底想要什么。
126032303	126032	3	11124	结果？当然是失败啦。
126033301	126033	3		每当看到你拿出些什么的时候，我就会情不自禁地笑出来。
126033302	126033	3	4908	什么？我平时也一直在笑？
126033303	126033	3	7911	哈哈哈，说的也是。
126034301	126034	3		你听说过吗？
126034302	126034	3	2041	越是观察一个人， 就越容易把心思放在那人上。
126034303	126034	3	8609	当那个人不在的时候， 观察者可是会非常非常苦恼困扰的。
126034304	126034	3	16790	哎呀哎呀， 我还有多少时间，能待你身边呢？
126035301	126035	3		不管别人送来什么， 我本来都不应该有意见的。
126035302	126035	3	5106	但到底为什么，对你送的礼物我却开始挑剔起来了呢……
126035303	126035	3	10857	还是说，是期待起来了？
126038301	126038	3		你要是这么悠哉下去，小心最后可能会落得跟某个感染体一样的下场哟……
126038302	126038	3	6721	哈哈，不过那个感染体， 这一刻过得也没多坏。
126040301	126040	3		睡得真香啊。
126040302	126040	3	2705	如果你知道我现在紧握着你的手， 你在梦中该如何做想？
126040303	126040	3	8547	当你醒来时， 我又该用什么样的玩笑搪塞过去呢？
126040304	126040	3	13950	还是说
126040305	126040	3	15694	你能允许我一直握着这只手……？
126042301	126042	3		我知道有大概几十种方法，可以让人类在长时间缺乏睡眠的状态下保持精神，不间断工作，亲测有效，要不要试试？
126042302	126042	3	13373	但不管哪个， 都会对人体造成永久性损伤。
126045301	126045	3		好，你已经累得失去判断力了， 我怎么能失去这个机会呢。
126045302	126045	3	6440	来来，稍微靠在这休息一会。
126045303	126045	3	10622	对，就在我旁边
126045304	126045	3	13667	把我错认成谁都可以
126045305	126045	3	16638	我能扮演好那个能让你安睡的人……
126046301	126046	3		“长官贵安，罗兰随时听您指令！”
126046302	126046	3	5188	…哈哈，吓到你了吗？ 我还以为你会喜欢这么演。
126048301	126048	3		你能来，真叫人开心。
126048302	126048	3	2601	那么作为今天见面的纪念， 就让我来跟你拍个纪念照吧——
126048303	126048	3	7225	但我的成像功能好像偏偏映不出你呢，真可惜。
126051301	126051	3		我可仔细考虑过， 为了能让你再多来见见我，我该做什么
126051302	126051	3	6701	但是，哎呀，除了像这样跟你对话来 挽留你，我居然没有别的武器。
126053301	126053	3		早安，你肯来这儿，那看来今天我也不会虚度。
126053302	126053	3	7510	所以，有什么需要我们一起实现的目标吗？
126053303	126053	3	11478	嗯，我们一起。
126054301	126054	3		你离开的时候，一切都是虚假的， 静止的…
126054302	126054	3	6527	所以，虚假的时间，虚度就是了
126054303	126054	3	11372	又能有多漫长呢？
126055301	126055	3		哎哟喂呀，我摔倒啦，接下来我机体就要瘫痪，除了等你救助以外什么都做不了咯……
126055302	126055	3	9630	别装了？唉，我还以为你就期待这种剧情呢。
126056301	126056	3		哈哈，要不要再用力点？
126056302	126056	3	3138	说不定晃得差不多的时候，我内里的零件会跟黄金时代的某种汽水一样，一下全都喷发出来。
126056303	126056	3	11808	那场面，戏剧效果一定很棒，不是吗？
126059301	126059	3		老实说，被这么做还真有点痒
126059302	126059	3	4119	如果不是想仔细看看你的表情， 我可能会一下倒在地上扭动吧。
126059303	126059	3	8365	嗯，肯定会… 嗯，好了好了， 我投降了，请快停手。
126094301	126094	3		我本以为一个虚像不该再为言语感动，可你完全打破了我的念想。
126094302	126094	3	10007	真是讽刺，这有了多余感情的虚像， 你又打算要怎么处理？
126095301	126095	3		你这么热情，我或许也该坦率点吧。
126095302	126095	3	4404	我想要的礼物，是爱，正义，与梦想…
126095303	126095	3	10522	哈哈哈，开玩笑的，我不需要那些， 因为我早就找到替代品了。
126096301	126096	3		既然我猜不透你的心思， 那么，你有没有兴趣来猜猜我的？
126096302	126096	3	7994	你说，一介小丑，仅仅见到有人向自己展露善意，就一厢情愿地把自己当成了向主效忠的骑士。
126096303	126096	3	19062	这会是，因为什么呢？
126097301	126097	3		我来说个谎吧。
126097302	126097	3	2386	曾经很受欢迎的我，收到过很多礼物
126097303	126097	3	6967	里面有平凡得乏味的， 也有猎奇到吓人的。
126097304	126097	3	13700	而你送的，不属于任何一种——
126097305	126097	3	18157	那么，来猜猜哪句是谎言吧。
132010101	132010	1		对于烂到底的渣滓， 修修补补有什么用？
132010102	132010	1	2897	不如通通炸掉，重新来过。
132012101	132012	1		这里也没有位置， 那放在休眠舱附近好了……
132012102	132012	1	5905	你问我手里是什么？ 一点航空燃油和高能炸药而已。
132014101	132014	1		常见的接触不良而已
132014102	132014	1	3878	通常这种情况只需要踹上一脚……
132014103	132014	1	8740	嚯！你看，这不就修好了。
132017101	132017	1		和露西亚的那点小争执我早就放下了
132017102	132017	1	4619	现在我只专注于自己的强大……
132017103	132017	1	7981	哈，我怎么可能会是在怕输？ 露西亚在哪，快把她叫出来！
132018101	132018	1		这次的实战测试我是第一
132018102	132018	1	3942	不过也就那样吧……
132018103	132018	1	7573	喂喂，你就没有什么要对我说的？
132020101	132020	1		射击训练的成绩还是低了点， 去找比安卡请教下?
132020102	132020	1	5845	……等等
132020103	132020	1	7354	我记得你射击成绩似乎也不错？
132021101	132021	1		总是寄希望于他人是件愚蠢的事情，所以不论任何事我都喜欢自己解决。
132021102	132021	1	6955	不过对于你……倒也不是不能依靠下…… 不许偷笑！
132022101	132022	1		用不着为我说话， 你如果也被误解了该怎么办？
132022102	132022	1	5944	我……我是很感谢啦！
132022103	132022	1	9457	不过你也多考虑下自己……
132023101	132023	1		如果有一天，你面临这样的选择， 要为了未来的希望而牺牲现在，你会…
132023102	132023	1	14011	啊，不用回答了
132023103	132023	1	18453	你这笨蛋还真是好懂。
132034101	132034	1		这里这么窄， 稍微过来一点也没关系……
132034102	132034	1	4151	看着我干什么， 难道还要我主动靠过去？
132038101	132038	1		如果想要我以后还搭理你， 最好在三秒内回话。
132038102	132038	1	6972	1……2……
132038103	132038	1	13424	2.2……2.22……
132043101	132043	1		长期慢性疲劳状态， 会让患者面色无华， 脱发断发，皱纹早现……
132043102	132043	1	12452	我在念什么？
132043103	132043	1	16440	翻译过来就是：快去休息啦，笨蛋！
132048101	132048	1		你昨晚是不是侧躺着睡了……
132048102	132048	1	3137	我是怎么知道的？
132048103	132048	1	5323	这不是很明显的事吗，你的头发在这么说。
132053101	132053	1		我一直觉得就算一个人也没问题， 直到遇见了你才改变了想法。
132053102	132053	1	7960	这并不是我变脆弱了
132053103	132053	1	10716	相反，我比以往任何时候都要强大……
132053104	132053	1	15665	对，我就是在夸你，不许有意见！
132054101	132054	1		……
132054102	132054	1	4288	回来了？
132054103	132054	1	6472	哦，忘了提醒你
132054104	132054	1	9452	我看这里的防御体系太差， 所以在周围额外布置了26片雷区。
132054105	132054	1	17012	放心~磁感的，人类不会触发。
132010201	132010	2		对于烂到底的渣滓， 修修补补有什么用？
132010202	132010	2	3913	不如通通炸掉，重新来过。
132012201	132012	2		这里也没有位置， 那放在休眠舱附近好了……
132012202	132012	2	6026	你问我手里是什么？ 一点航空燃油和高能炸药而已。
132014201	132014	2		常见的接触不良而已
132014202	132014	2	2451	通常这种情况只需要踹上一脚……
132014203	132014	2	5696	嚯！你看，这不就修好了。
132017201	132017	2		和露西亚的那点小争执我早就放下了， 现在我只专注于自己的强大……
132017202	132017	2	8152	哈，我怎么可能会是在怕输？ 露西亚在哪，快把她叫出来！
132018201	132018	2		这次的实战测试我是第一
132018202	132018	2	3105	不过也就那样吧……
132018203	132018	2	9157	喂喂，你就没有什么要对我说的？
132020201	132020	2		射击训练的成绩还是低了点， 去找比安卡请教下?
132020202	132020	2	9631	……等等
132020203	132020	2	11023	我记得你射击成绩似乎也不错？
132021201	132021	2		总是寄希望于他人是件愚蠢的事情，所以不论任何事我都喜欢自己解决。
132021202	132021	2	8653	不过对于你……
132021203	132021	2	11651	倒也不是不能依靠下……
132021204	132021	2	15128	不许偷笑！
132022201	132022	2		用不着为我说话， 你如果也被误解了该怎么办？
132022202	132022	2	5912	我……我是很感谢啦！
132022203	132022	2	9318	不过你也多考虑下自己……
132023201	132023	2		如果有一天，你面临这样的选择
132023202	132023	2	7908	要为了未来的希望而牺牲现在，你会…
132023203	132023	2	13947	啊，不用回答了
132023204	132023	2	18880	你这笨蛋还真是好懂。
132034201	132034	2		这里这么窄， 稍微过来一点也没关系……
132034202	132034	2	5328	看着我干什么， 难道还要我主动靠过去？
132037201	132037	2		完成了！这是新基地布防图， 你觉得怎么样……
132037202	132037	2	6161	只是108个炮击点位算什么武装过度。
132038201	132038	2		如果想要我以后还搭理你， 最好在三秒内回话。
132038202	132038	2	5497	1……2……
132038203	132038	2	11011	2.2……2.22……
132043201	132043	2		长期慢性疲劳状态， 会让患者面色无华， 脱发断发，皱纹早现……
132043202	132043	2	12643	我在念什么？
132043203	132043	2	16380	翻译过来就是：快去休息啦，笨蛋！
132048201	132048	2		你昨晚是不是侧躺着睡了……
132048202	132048	2	3313	我是怎么知道的？
132048203	132048	2	5243	这不是很明显的事吗，你的头发在这么说。
132053201	132053	2		我一直觉得就算一个人也没问题， 直到遇见了你才改变了想法。
132053202	132053	2	7910	这并不是我变脆弱了, 相反，我比以往任何时候都要强大……
132053203	132053	2	15621	对，我就是在夸你，不许有意见！
132054201	132054	2		……
132054202	132054	2	4518	回来了？
132054203	132054	2	6520	哦，忘了提醒你
132054204	132054	2	9369	我看这里的防御体系太差， 所以在周围额外布置了26片雷区。
132054205	132054	2	16952	放心~磁感的，人类不会触发。
132010301	132010	3		对于烂到底的渣滓， 修修补补有什么用？
132010302	132010	3	4427	不如通通炸掉，重新来过。
132012301	132012	3		这里也没有位置， 那放在休眠舱附近好了……
132012302	132012	3	4903	你问我手里是什么？ 一点航空燃油和高能炸药而已。
132014301	132014	3		常见的接触不良而已
132014302	132014	3	2864	通常这种情况只需要踹上一脚……
132014303	132014	3	6245	嚯！你看，这不就修好了。
132017301	132017	3		和露西亚的那点小争执我早就放下了
132017302	132017	3	4003	现在我只专注于自己的强大……
132017303	132017	3	8013	哈，我怎么可能会是在怕输？ 露西亚在哪，快把她叫出来！
132018301	132018	3		这次的实战测试我是第一， 不过也就那样吧……
132018302	132018	3	6144	喂喂，你就没有什么要对我说的？
132020301	132020	3		射击训练的成绩还是低了点， 去找比安卡请教下?
132020302	132020	3	5759	……等等， 我记得你射击成绩似乎也不错？
132021301	132021	3		总是寄希望于他人是件愚蠢的事情，所以不论任何事我都喜欢自己解决。
132021302	132021	3	6684	不过对于你……倒也不是不能依靠下……
132021303	132021	3	13393	不许偷笑！
132022301	132022	3		用不着为我说话， 你如果也被误解了该怎么办？
132022302	132022	3	6380	我……我是很感谢啦！
132022303	132022	3	9448	不过你也多考虑下自己……
132023301	132023	3		如果有一天，你面临这样的选择
132023302	132023	3	8025	要为了未来的希望而牺牲现在，你会…
132023303	132023	3	13560	啊，不用回答了
132023304	132023	3	18780	你这笨蛋还真是好懂。
132034301	132034	3		这里这么窄， 稍微过来一点也没关系……
132034302	132034	3	5487	看着我干什么， 难道还要我主动靠过去？
132037301	132037	3		完成了！这是新基地布防图， 你觉得怎么样……
132037302	132037	3	5643	只是108个炮击点位算什么武装过度。
132038301	132038	3		如果想要我以后还搭理你， 最好在三秒内回话。
132038302	132038	3	4526	1……2……
132038303	132038	3	8433	2.2……2.22……
132043301	132043	3		长期慢性疲劳状态， 会让患者面色无华， 脱发断发，皱纹早现……
132043302	132043	3	12356	我在念什么？
132043303	132043	3	16459	翻译过来就是：快去休息啦，笨蛋！
132048301	132048	3		你昨晚是不是侧躺着睡了……
132048302	132048	3	3441	我是怎么知道的？
132048303	132048	3	5333	这不是很明显的事吗，你的头发在这么说。
132053301	132053	3		我一直觉得就算一个人也没问题， 直到遇见了你才改变了想法。
132053302	132053	3	7458	这并不是我变脆弱了, 相反，我比以往任何时候都要强大……
132053303	132053	3	14057	对，我就是在夸你，不许有意见！
132054301	132054	3		……
132054302	132054	3	4392	回来了？
132054303	132054	3	6703	哦，忘了提醒你
132054304	132054	3	9519	我看这里的防御体系太差， 所以在周围额外布置了26片雷区。
132054305	132054	3	17176	放心~磁感的，人类不会触发。
128012101	128012	1		调查旧艺术品时
128012102	128012	1	2955	我总是遐想过去时代的人们， 是如何生活，如何迎来日出日落……
128012103	128012	1	13422	那些转瞬即逝的瞬间，就这样凝聚在 古物上，被如今的我们捧在手心……
128012104	128012	1	22827	这很美，不是吗？
128051101	128051	1		哼嗯……
128051102	128051	1	2217	啊，指挥，抱歉，我在思考新的曲段…… 是的，是想之后……给你听的。
128009101	128009	1		在考古行动中， 我拜见过无数旧时代璀璨的光辉。
128009102	128009	1	8194	即使它们如今早已蒙尘，在看到它们的那一刻，我依然被天光冲刷。
128014101	128014	1		我钟情于这里， 这里能让我躲避那狂风骤雨。
128014102	128014	1	8551	但终有一天，我必须再一次直面它。
128018101	128018	1		歌剧，艺术， 这些在战场上，或许全无用处。
128018102	128018	1	9438	但仅仅是记录那些已故之人的故事， 叙述至今，就能给当下的人们以慰藉…
128018103	128018	1	21601	仅是如此，就有足够的意义了，对吗？
128012201	128012	2		调查旧艺术品时
128012202	128012	2	2909	我总是遐想过去时代的人们， 是如何生活，如何迎来日出日落……
128012203	128012	2	10791	那些转瞬即逝的瞬间，就这样凝聚在 古物上，被如今的我们捧在手心……
128012204	128012	2	19876	这很美，不是吗？
128051201	128051	2		哼嗯……
128051202	128051	2	4121	啊，指挥，抱歉，我在思考新的曲段…… 是的，是想之后……给你听的。
128009201	128009	2		在考古行动中， 我拜见过无数旧时代璀璨的光辉。
128009202	128009	2	6391	即使它们如今早已蒙尘，在看到它们的那一刻，我依然被天光冲刷。
128014201	128014	2		我钟情于这里， 这里能让我躲避那狂风骤雨。
128014202	128014	2	6884	但终有一天，我必须再一次直面它。
128018201	128018	2		歌剧，艺术， 这些在战场上，或许全无用处。
128018202	128018	2	9433	但仅仅是记录那些已故之人的故事， 叙述至今，就能给当下的人们以慰藉…
128018203	128018	2	17633	仅是如此，就有足够的意义了，对吗？
128012301	128012	3		调查旧艺术品时
128012302	128012	3	2871	我总是遐想过去时代的人们， 是如何生活，如何迎来日出日落……
128012303	128012	3	9342	那些转瞬即逝的瞬间，就这样凝聚在 古物上，被如今的我们捧在手心……
128012304	128012	3	18478	这很美，不是吗？
128051301	128051	3		哼嗯……
128051302	128051	3	3546	啊，指挥，抱歉，我在思考新的曲段…… 是的，是想之后……给你听的。
128009301	128009	3		在考古行动中， 我拜见过无数旧时代璀璨的光辉。
128009302	128009	3	6687	即使它们如今早已蒙尘，在看到它们的那一刻，我依然被天光冲刷。
128014301	128014	3		我钟情于这里， 这里能让我躲避那狂风骤雨。
128014302	128014	3	5753	但终有一天，我必须再一次直面它。
128018301	128018	3		歌剧，艺术， 这些在战场上，或许全无用处。
128018302	128018	3	6315	但仅仅是记录那些已故之人的故事， 叙述至今，就能给当下的人们以慰藉…
128018303	128018	3	15485	仅是如此，就有足够的意义了，对吗？
128019101	128019	1		要是这场战争终能迎来结束的那天， 你会希望看到如何的景象？
128019102	128019	1	8023	膏田，堤岸，薮丛，海滨……
128019103	128019	1	13689	那些我们不曾见过的地方， 我都能与你去一起见证。
128019201	128019	2		要是这场战争终能迎来结束的那天， 你会希望看到如何的景象？
128019202	128019	2	9244	膏田，堤岸，薮丛，海滨……
128019203	128019	2	17528	那些我们不曾见过的地方， 我都能与你去一起见证。
128019301	128019	3		要是这场战争终能迎来结束的那天， 你会希望看到如何的景象？
128019302	128019	3	6775	膏田，堤岸，薮丛，海滨……
128019303	128019	3	12924	那些我们不曾见过的地方， 我都能与你去一起见证。
128019401	128019	4		要是这场战争终能迎来结束的那天， 你会希望看到如何的景象？
128019402	128019	4	9185	膏田，堤岸，薮丛，海滨……
128019403	128019	4	17169	那些我们不曾见过的地方， 我都能与你去一起见证。
127017101	127017	1		虽然露西亚很少提起， 但其实她也很在乎你的评价，
127017102	127017	1	8160	里先生有时嘴上不饶人， 但他其实和我一样担心你。
127017103	127017	1	19333	只要你和大家都能平安无事地活下去， 我所做的一切就都是值得的。
127017201	127017	2		虽然露西亚很少提起， 但其实她也很在乎你的评价，
127017202	127017	2	5758	里先生有时嘴上不饶人， 但他其实和我一样担心你。
127017203	127017	2	11796	只要你和大家都能平安无事地活下去， 我所做的一切就都是值得的。
127017301	127017	3		虽然露西亚很少提起， 但其实她也很在乎你的评价，
127017302	127017	3	6438	里先生有时嘴上不饶人， 但他其实和我一样担心你。
127017303	127017	3	12806	只要你和大家都能平安无事地活下去， 我所做的一切就都是值得的。
127017401	127017	4		虽然露西亚很少提起， 但其实她也很在乎你的评价，
127017402	127017	4	6137	里先生有时嘴上不饶人， 但他其实和我一样担心你。
127017403	127017	4	11938	只要你和大家都能平安无事地活下去， 我所做的一切就都是值得的。
127054201	127054	2		好久不见，指挥官……
127054202	127054	2	3316	你不在的这段时间， 所有的噩梦又再次回到了这里。
127054203	127054	2	9414	但我却像你陷入沉睡那天一样， 只能在这里等待……
127054204	127054	2	14991	如果可以的话， 请不要再离开我这么久了，好吗？
127054301	127054	3		好久不见，指挥官……
127054302	127054	3	4332	你不在的这段时间， 所有的噩梦又再次回到了这里。
127054303	127054	3	10568	但我却像你陷入沉睡那天一样， 只能在这里等待……
127054304	127054	3	18755	如果可以的话， 请不要再离开我这么久了，好吗？
127054101	127054	1		好久不见，指挥官……
127054102	127054	1	3405	你不在的这段时间， 所有的噩梦又再次回到了这里。
127054103	127054	1	9178	但我却像你陷入沉睡那天一样， 只能在这里等待……
127054104	127054	1	20000	如果可以的话， 请不要再离开我这么久了，好吗？
127054401	127054	4		好久不见，指挥官……
127054402	127054	4	3630	你不在的这段时间， 所有的噩梦又再次回到了这里。
127054403	127054	4	9443	但我却像你陷入沉睡那天一样， 只能在这里等待……
127054404	127054	4	15007	如果可以的话， 请不要再离开我这么久了，好吗？
127015201	127015	2		在加入灰鸦小队之前， 我就一直渴望能有一个温馨的归处……
127015202	127015	2	6281	没错，这个梦想早就实现了， 在灰鸦小队度过的每一天，我都很幸福
127015203	127015	2	14688	所以，现在该轮到我去保护其他梦想了
127015101	127015	1		在加入灰鸦小队之前， 我就一直渴望能有一个温馨的归处……
127015102	127015	1	7905	没错，这个梦想早就实现了， 在灰鸦小队度过的每一天，我都很幸福
127015103	127015	1	18832	所以，现在该轮到我去保护其他梦想了
127015301	127015	3		在加入灰鸦小队之前， 我就一直渴望能有一个温馨的归处……
127015302	127015	3	7271	没错，这个梦想早就实现了， 在灰鸦小队度过的每一天，我都很幸福
127015303	127015	3	18157	所以，现在该轮到我去保护其他梦想了
127015401	127015	4		在加入灰鸦小队之前， 我就一直渴望能有一个温馨的归处……
127015402	127015	4	5620	没错，这个梦想早就实现了， 在灰鸦小队度过的每一天，我都很幸福
127015403	127015	4	14756	所以，现在该轮到我去保护其他梦想了
127022201	127022	2		“我明白”“我已经做好了准备”…… 虽然我已经把这些话说了无数遍，
127022202	127022	2	6819	却还是在看到你的时候…… 从心底产生出一丝微弱却难以磨灭的 感情，我想……那是对“生”的留恋。
127022301	127022	3		“我明白”“我已经做好了准备”…… 虽然我已经把这些话说了无数遍，
127022302	127022	3	10537	却还是在看到你的时候…… 从心底产生出一丝微弱却难以磨灭的 感情，我想……那是对“生”的留恋。
127022101	127022	1		“我明白”“我已经做好了准备”…… 虽然我已经把这些话说了无数遍，
127022102	127022	1	10758	却还是在看到你的时候…… 从心底产生出一丝微弱却难以磨灭的 感情，我想……那是对“生”的留恋。
127022401	127022	4		“我明白”“我已经做好了准备”…… 虽然我已经把这些话说了无数遍，
127022402	127022	4	7500	却还是在看到你的时候…… 从心底产生出一丝微弱却难以磨灭的 感情，我想……那是对“生”的留恋。
127048201	127048	2		你来了， 嗯？很意外没有在背后吓到我？
127048202	127048	2	5097	在灰鸦小队已经过了很久，就算你再 怎么放轻脚步，我也能感到你的气息。
127048301	127048	3		你来了， 嗯？很意外没有在背后吓到我？
127048302	127048	3	6049	在灰鸦小队已经过了很久，就算你再 怎么放轻脚步，我也能感到你的气息。
127048401	127048	4		你来了， 嗯？很意外没有在背后吓到我？
127048402	127048	4	6091	在灰鸦小队已经过了很久，就算你再 怎么放轻脚步，我也能感到你的气息。
127048101	127048	1		你来了， 嗯？很意外没有在背后吓到我？
127048102	127048	1	11755	在灰鸦小队已经过了很久，就算你再 怎么放轻脚步，我也能感到你的气息。
127051201	127051	2		早上好，休息的还好吗？ 是的……我一直留在这里等你。
127051202	127051	2	6997	不，没有任何紧急的任务， 我只是做了一个噩梦，梦里一切都好， 却唯独找不到你……就像那天一样。
127051301	127051	3		早上好，休息的还好吗？ 是的……我一直留在这里等你。
127051302	127051	3	10262	不，没有任何紧急的任务， 我只是做了一个噩梦，梦里一切都好， 却唯独找不到你……就像那天一样。
127051101	127051	1		早上好，休息的还好吗？
127051102	127051	1	6220	是的……我一直留在这里等你。
127051103	127051	1	14138	不，没有任何紧急的任务
127051104	127051	1	19381	我只是做了一个噩梦，梦里一切都好， 却唯独找不到你……就像那天一样。
127051401	127051	4		早上好，休息的还好吗？
127051402	127051	4	3129	是的……我一直留在这里等你。
127051403	127051	4	6542	不，没有任何紧急的任务
127051404	127051	4	9327	我只是做了一个噩梦，梦里一切都好， 却唯独找不到你……就像那天一样。
127039201	127039	2		既然你睡着了， 我悄悄地靠过来了也可以吧？
127039202	127039	2	5122	……啊！指挥官……！ 难道你一开始就醒着吗？
127039101	127039	1		既然你睡着了， 我悄悄地靠过来了也可以吧？
127039102	127039	1	5778	……啊！指挥官……！ 难道你一开始就醒着吗？
127039301	127039	3		既然你睡着了， 我悄悄地靠过来了也可以吧？
127039302	127039	3	6189	……啊！指挥官……！ 难道你一开始就醒着吗？
127039401	127039	4		既然你睡着了， 我悄悄地靠过来了也可以吧？
127039402	127039	4	5171	……啊！指挥官……！ 难道你一开始就醒着吗？
125096201	125096	2		我一直认为无论是什么都应该有 它的价格，不存在所谓的‘无价之宝’
125096202	125096	2	8994	我对你来说是这样的存在吗？
125096203	125096	2	13270	如果你敢回答说不是的话， 我可是会让你后悔长了这张嘴的。
125096101	125096	1		我一直认为无论是什么都应该有 它的价格，不存在所谓的‘无价之宝’
125096102	125096	1	8648	我对你来说是这样的存在吗？
125096103	125096	1	21698	如果你敢回答说不是的话， 我可是会让你后悔长了这张嘴的。
125096301	125096	3		我一直认为无论是什么都应该有 它的价格，不存在所谓的‘无价之宝’
125096302	125096	3	6984	我对你来说是这样的存在吗？
125096303	125096	3	12177	如果你敢回答说不是的话， 我可是会让你后悔长了这张嘴的。
125096401	125096	4		我一直认为无论是什么都应该有 它的价格，不存在所谓的‘无价之宝’
125096402	125096	4	9372	我对你来说是这样的存在吗？
125096403	125096	4	13792	如果你敢回答说不是的话， 我可是会让你后悔长了这张嘴的。
124014201	124014	2		这个小家伙的代号，是“呼噜”。
124014202	124014	2	3977	诺克提，曾经建议我称呼他为 “格奥尔基耶维奇·帕乌斯托夫斯基”
124014203	124014	2	11638	但我认为，还是“呼噜”适合他… 稍等。我想到了一个新代号…
124014101	124014	1		这个小家伙的代号，是“呼噜”。
124014102	124014	1	4281	诺克提，曾经建议我称呼他为 “格奥尔基耶维奇·帕乌斯托夫斯基”
124014103	124014	1	11328	但我认为，还是“呼噜”适合他… 稍等。我想到了一个新代号…
124014301	124014	3		这个小家伙的代号，是“呼噜”。
124014302	124014	3	3472	诺克提，曾经建议我称呼他为 “格奥尔基耶维奇·帕乌斯托夫斯基”
124014303	124014	3	9613	但我认为，还是“呼噜”适合他… 稍等。我想到了一个新代号…
124014401	124014	4		这个小家伙的代号，是“呼噜”。
124014402	124014	4	3841	诺克提，曾经建议我称呼他为 “格奥尔基耶维奇·帕乌斯托夫斯基”
124014403	124014	4	8966	但我认为，还是“呼噜”适合他… 稍等。我想到了一个新代号…
124019201	124019	2		你身上，有人类的味道… 有些人有，有些人没有。
124019202	124019	2	8545	薇拉就有，你身边的一些构造体也有。 他们是被你传染的吗？
124019203	124019	2	18273	我能靠你近一些吗？ 我也想被传染，人类的气味。
124019101	124019	1		你身上，有人类的味道… 有些人有，有些人没有。
124019102	124019	1	11774	薇拉就有，你身边的一些构造体也有。 他们是被你传染的吗？
124019103	124019	1	23779	我能靠你近一些吗？ 我也想被传染，人类的气味。
124019301	124019	3		你身上，有人类的味道… 有些人有，有些人没有。
124019302	124019	3	8329	薇拉就有，你身边的一些构造体也有。 他们是被你传染的吗？
124019303	124019	3	15673	我能靠你近一些吗？ 我也想被传染，人类的气味。
124019401	124019	4		你身上，有人类的味道… 有些人有，有些人没有。
124019402	124019	4	5532	薇拉就有，你身边的一些构造体也有。 他们是被你传染的吗？
124019403	124019	4	12635	我能靠你近一些吗？ 我也想被传染，人类的气味。
123015201	123015	2		法奥斯军事指挥学校，首席。
123015202	123015	2	6742	只是想起了一些过去的事情……
123015203	123015	2	9728	没关系的指挥官，人类时期的事情对现在的我来说不是不可触碰的禁忌
123015204	123015	2	17322	能与你如此相谈，甚至发觉…… 彼此的共同点，我很高兴，指挥官。
123015101	123015	1		法奥斯军事指挥学校，首席。
123015102	123015	1	5224	只是想起了一些过去的事情……
123015103	123015	1	11998	没关系的指挥官，人类时期的事情对现在的我来说不是不可触碰的禁忌
123015104	123015	1	22651	能与你如此相谈，甚至发觉…… 彼此的共同点，我很高兴，指挥官。
123015301	123015	3		法奥斯军事指挥学校，首席。
123015302	123015	3	6832	只是想起了一些过去的事情……
123015303	123015	3	9306	没关系的指挥官，人类时期的事情对现在的我来说不是不可触碰的禁忌
123015304	123015	3	16588	能与你如此相谈，甚至发觉…… 彼此的共同点，我很高兴，指挥官。
123015401	123015	4		法奥斯军事指挥学校，首席。
123015402	123015	4	6938	只是想起了一些过去的事情……
123015403	123015	4	10200	没关系的指挥官，人类时期的事情对现在的我来说不是不可触碰的禁忌
123015404	123015	4	17486	能与你如此相谈，甚至发觉…… 彼此的共同点，我很高兴，指挥官。
123006201	123006	2		气缸，扳机，检查完成， 切割力测试完毕。
123006202	123006	2	7128	这是攻守兼备的武器， 可以在战斗中发挥良好作用。
123006101	123006	1		气缸，扳机，检查完成， 切割力测试完毕。
123006102	123006	1	6089	这是攻守兼备的武器， 可以在战斗中发挥良好作用。
123006301	123006	3		气缸，扳机，检查完成， 切割力测试完毕。
123006302	123006	3	6134	这是攻守兼备的武器， 可以在战斗中发挥良好作用。
123011201	123011	2		本次的作战报告已经发送至指挥官的 终端……风格和以往不同？
123011202	123011	2	6658	嗯，不愧是指挥官， 一眼就能看出差别。
123011203	123011	2	11260	这次是由神威总结的，我觉得也是时候让他们掌握这些战斗之外的事务了， 毕竟我……
123011204	123011	2	21408	不，比起这个， 可以听听你对这份报告的评价吗？
123011101	123011	1		本次的作战报告已经发送至指挥官的 终端……风格和以往不同？
123011102	123011	1	10959	嗯，不愧是指挥官， 一眼就能看出差别。
123011103	123011	1	15846	这次是由神威总结的，我觉得也是时候让他们掌握这些战斗之外的事务了， 毕竟我……
123011104	123011	1	31399	不，比起这个， 可以听听你对这份报告的评价吗？
123011301	123011	3		本次的作战报告已经发送至指挥官的 终端……风格和以往不同？
123011302	123011	3	7536	嗯，不愧是指挥官， 一眼就能看出差别。
123011303	123011	3	11821	这次是由神威总结的，我觉得也是时候让他们掌握这些战斗之外的事务了， 毕竟我……
123011304	123011	3	20544	不，比起这个， 可以听听你对这份报告的评价吗？
123011401	123011	4		本次的作战报告已经发送至指挥官的 终端……风格和以往不同？
123011402	123011	4	5443	嗯，不愧是指挥官， 一眼就能看出差别。
123011403	123011	4	7336	这次是由神威总结的，我觉得也是时候让他们掌握这些战斗之外的事务了， 毕竟我……
123011404	123011	4	14667	不，比起这个， 可以听听你对这份报告的评价吗？
123017201	123017	2		你说这个？这不是工作，是黄金时代的读物，埃德加的短篇故事集。
123017202	123017	2	9173	指挥官也感兴趣吗？ 这可能不是什么能令人放松的故事……
123017203	123017	2	15567	但是如果你愿意和我交流感想， 我会很高兴。
123017101	123017	1		你说这个？这不是工作，是黄金时代的读物，埃德加的短篇故事集。
123017102	123017	1	9859	指挥官也感兴趣吗？ 这可能不是什么能令人放松的故事……
123017103	123017	1	17626	但是如果你愿意和我交流感想， 我会很高兴。
123017301	123017	3		你说这个？这不是工作，是黄金时代的读物，埃德加的短篇故事集。
123017302	123017	3	8562	指挥官也感兴趣吗？ 这可能不是什么能令人放松的故事……
123017303	123017	3	14182	但是如果你愿意和我交流感想， 我会很高兴。
123017401	123017	4		你说这个？这不是工作，是黄金时代的读物，埃德加的短篇故事集。
123017402	123017	4	6148	指挥官也感兴趣吗？ 这可能不是什么能令人放松的故事……
123017403	123017	4	11534	但是如果你愿意和我交流感想， 我会很高兴。
123019201	123019	2		指挥官是什么时候从法奥斯毕业的呢？ 抱歉，我只是有点好奇。
123019202	123019	2	7514	如果我还是人类， 指挥官就会是我的前辈了…… 或者，是后辈？
123019203	123019	2	16347	一想到你我曾经在同样的地方学习， 法奥斯的教室对我来说又有了…… 不同的意义。
123019101	123019	1		指挥官是什么时候从法奥斯毕业的呢？ 抱歉，我只是有点好奇。
123019102	123019	1	9329	如果我还是人类， 指挥官就会是我的前辈了…… 或者，是后辈？
123019103	123019	1	23445	一想到你我曾经在同样的地方学习， 法奥斯的教室对我来说又有了…… 不同的意义。
123019301	123019	3		指挥官是什么时候从法奥斯毕业的呢？ 抱歉，我只是有点好奇。
123019302	123019	3	6633	如果我还是人类， 指挥官就会是我的前辈了…… 或者，是后辈？
123019303	123019	3	12037	一想到你我曾经在同样的地方学习， 法奥斯的教室对我来说又有了…… 不同的意义。
123019401	123019	4		指挥官是什么时候从法奥斯毕业的呢？ 抱歉，我只是有点好奇。
123019402	123019	4	5496	如果我还是人类， 指挥官就会是我的前辈了…… 或者，是后辈？
123019403	123019	4	9808	一想到你我曾经在同样的地方学习， 法奥斯的教室对我来说又有了…… 不同的意义。
123026201	123026	2		很眼熟的战术安排？
123026202	123026	2	2603	当然，这是你曾经采取过的指挥战术， 非常出色。
123026203	123026	2	8016	我发现了另一种方向， 能让队员的调用更加灵活。
123026204	123026	2	12182	指挥官，任务结束之后，我想和你就此进行交流……会打扰到你休息吗？
123026101	123026	1		很眼熟的战术安排？
123026102	123026	1	2960	当然，这是你曾经采取过的指挥战术， 非常出色。
123026103	123026	1	10406	我发现了另一种方向， 能让队员的调用更加灵活。
123026104	123026	1	16527	指挥官，任务结束之后，我想和你就此进行交流……会打扰到你休息吗？
123026301	123026	3		很眼熟的战术安排？
123026302	123026	3	2749	当然，这是你曾经采取过的指挥战术， 非常出色。
123026303	123026	3	8189	我发现了另一种方向， 能让队员的调用更加灵活。
123026304	123026	3	13294	指挥官，任务结束之后，我想和你就此进行交流……会打扰到你休息吗？
123026401	123026	4		很眼熟的战术安排？
123026402	123026	4	2065	当然，这是你曾经采取过的指挥战术， 非常出色。
123026403	123026	4	5857	我发现了另一种方向， 能让队员的调用更加灵活。
123026404	123026	4	10220	指挥官，任务结束之后，我想和你就此进行交流……会打扰到你休息吗？
123028201	123028	2		我现在认为， 完美的“史密斯”或许是存在的。
123028202	123028	2	5463	但它并不是父亲为我规划的道路， 也不是以虚伪之物拼凑而成的光鲜外壳
123028203	123028	2	12267	而是我自己选择的， 独一无二的最终解答……
123028204	123028	2	18473	这么说，是否有些太过狂妄了呢。
123028101	123028	1		我现在认为， 完美的“史密斯”或许是存在的。
123028102	123028	1	8107	但它并不是父亲为我规划的道路， 也不是以虚伪之物拼凑而成的光鲜外壳
123028103	123028	1	18861	而是我自己选择的， 独一无二的最终解答……
123028104	123028	1	24361	这么说，是否有些太过狂妄了呢。
123028301	123028	3		我现在认为， 完美的“史密斯”或许是存在的。
123028302	123028	3	4233	但它并不是父亲为我规划的道路， 也不是以虚伪之物拼凑而成的光鲜外壳
123028303	123028	3	10212	而是我自己选择的， 独一无二的最终解答……
123028304	123028	3	14800	这么说，是否有些太过狂妄了呢。
123028401	123028	4		我现在认为， 完美的“史密斯”或许是存在的。
123028402	123028	4	2784	但它并不是父亲为我规划的道路， 也不是以虚伪之物拼凑而成的光鲜外壳
123028403	123028	4	10404	而是我自己选择的， 独一无二的最终解答……
123028404	123028	4	17100	这么说，是否有些太过狂妄了呢。
123094201	123094	2		“我并非舵手，但若你在辽远的海角，我也会越过风浪将你寻觅……”
123094202	123094	2	11045	抱歉，我不知道该…… 怎样表达我的心情。
123094101	123094	1		“我并非舵手，但若你在辽远的海角，我也会越过风浪将你寻觅……”
123094102	123094	1	14663	抱歉，我不知道该…… 怎样表达我的心情。
123094301	123094	3		“我并非舵手，但若你在辽远的海角，我也会越过风浪将你寻觅……”
123094302	123094	3	8071	抱歉，我不知道该…… 怎样表达我的心情。
123094401	123094	4		“我并非舵手，但若你在辽远的海角，我也会越过风浪将你寻觅……”
123094402	123094	4	11546	抱歉，我不知道该…… 怎样表达我的心情。
123052201	123052	2		曾经的我认为书本是我唯一的庇护所
123052202	123052	2	5624	那些被封存于文字间的思想是我的另一种导师，他们超乎想像却又沉稳可靠
123052203	123052	2	15547	和他们对话的时光让我不至于丢失自我
123052204	123052	2	20319	但书本永远无法回应…
123052205	123052	2	24542	不过现在，我有了你。
123052101	123052	1		曾经的我认为书本是我唯一的庇护所
123052102	123052	1	6628	那些被封存于文字间的思想是我的另一种导师，他们超乎想像却又沉稳可靠
123052103	123052	1	20068	和他们对话的时光让我不至于丢失自我
123052104	123052	1	25132	但书本永远无法回应…
123052105	123052	1	32241	不过现在，我有了你。
123052301	123052	3		曾经的我认为书本是我唯一的庇护所
123052302	123052	3	4510	那些被封存于文字间的思想是我的另一种导师，他们超乎想像却又沉稳可靠
123052303	123052	3	13443	和他们对话的时光让我不至于丢失自我
123052304	123052	3	18341	但书本永远无法回应…
123052305	123052	3	21308	不过现在，我有了你。
123052401	123052	4		曾经的我认为书本是我唯一的庇护所
123052402	123052	4	3063	那些被封存于文字间的思想是我的另一种导师，他们超乎想像却又沉稳可靠
123052403	123052	4	8372	和他们对话的时光让我不至于丢失自我
123052404	123052	4	11817	但书本永远无法回应…
123052405	123052	4	14525	不过现在，我有了你。
121023201	121023	2		我无法想象这场战争结束之后， 这个世界会变成什么模样，
121023202	121023	2	7599	但是我能想象得出， 你在那样和平安逸的世界里， 所绽放的笑容——
121023203	121023	2	18433	我想，这就是我奋战至今的全部意义。
121023101	121023	1		我无法想象这场战争结束之后， 这个世界会变成什么模样，
121023102	121023	1	7550	但是我能想象得出， 你在那样和平安逸的世界里， 所绽放的笑容——
121023103	121023	1	16442	我想，这就是我奋战至今的全部意义。
121023301	121023	3		我无法想象这场战争结束之后， 这个世界会变成什么模样，
121023302	121023	3	5629	但是我能想象得出， 你在那样和平安逸的世界里， 所绽放的笑容——
121023303	121023	3	12391	我想，这就是我奋战至今的全部意义。
121023401	121023	4		我无法想象这场战争结束之后， 这个世界会变成什么模样，
121023402	121023	4	8013	但是我能想象得出， 你在那样和平安逸的世界里， 所绽放的笑容——
121023403	121023	4	18350	我想，这就是我奋战至今的全部意义。
120011201	120011	2		为了达成目的不择手段，丢弃一切无用之物…这不是你们人类一贯的做法吗？
120011202	120011	2	9071	但是站在高处用虚伪得令人发笑的表情批判这种行为的也是人类呢， 你们想要的究竟是什么？
120011101	120011	1		为了达成目的不择手段，丢弃一切无用之物…这不是你们人类一贯的做法吗？
120011102	120011	1	14893	但是站在高处用虚伪得令人发笑的表情批判这种行为的也是人类呢， 你们想要的究竟是什么？
120011301	120011	3		为了达成目的不择手段，丢弃一切无用之物…这不是你们人类一贯的做法吗？
120011302	120011	3	10326	但是站在高处用虚伪得令人发笑的表情批判这种行为的也是人类呢， 你们想要的究竟是什么？
120011401	120011	4		为了达成目的不择手段，丢弃一切无用之物…这不是你们人类一贯的做法吗？
120011402	120011	4	9027	但是站在高处用虚伪得令人发笑的表情批判这种行为的也是人类呢， 你们想要的究竟是什么？
120014201	120014	2		与疏远的家人恢复和谐关系……
120014202	120014	2	4245	这是这里的人类写的书吗？ 让我见见这个人吧。
120014203	120014	2	9629	是吗……已经死了啊， 也是呢，这是……很正常的事情。
120014101	120014	1		与疏远的家人恢复和谐关系……
120014102	120014	1	4667	这是这里的人类写的书吗？ 让我见见这个人吧。
120014103	120014	1	14476	是吗……已经死了啊， 也是呢，这是……很正常的事情。
120014301	120014	3		与疏远的家人恢复和谐关系……
120014302	120014	3	3786	这是这里的人类写的书吗？ 让我见见这个人吧。
120014303	120014	3	9916	是吗……已经死了啊， 也是呢，这是……很正常的事情。
120014401	120014	4		与疏远的家人恢复和谐关系……
120014402	120014	4	4633	这是这里的人类写的书吗？ 让我见见这个人吧。
120014403	120014	4	9449	是吗……已经死了啊， 也是呢，这是……很正常的事情。
133014101	133014	1		最近散步的时候，总是一不留神就走到艺术协会附近。
133014102	133014	1	6532	要是将来和平了， 这样的协会也会出现在地球上吧？
133014103	133014	1	12067	到了那时，喜欢画画的人就可以依靠 画笔活下去了吗？……是吗，真好啊。
133014201	133014	2		最近散步的时候，总是一不留神就走到艺术协会附近。
133014202	133014	2	6770	要是将来和平了， 这样的协会也会出现在地球上吧？
133014203	133014	2	13832	到了那时，喜欢画画的人就可以依靠 画笔活下去了吗？……是吗，真好啊。
133014301	133014	3		最近散步的时候，总是一不留神就走到艺术协会附近。
133014302	133014	3	6274	要是将来和平了， 这样的协会也会出现在地球上吧？
133014303	133014	3	13094	到了那时，喜欢画画的人就可以依靠 画笔活下去了吗？……是吗，真好啊。
133014401	133014	4		最近散步的时候，总是一不留神就走到艺术协会附近。
133014402	133014	4	6436	要是将来和平了， 这样的协会也会出现在地球上吧？
133014403	133014	4	14891	到了那时，喜欢画画的人就可以依靠 画笔活下去了吗？……是吗，真好啊。
133020101	133020	1		你怎么看待广场上的牺牲者纪念碑？
133020102	133020	1	6701	嗯……嗯？我吗？我认为……能在这个 时代中挣扎着活下去的人也很伟大。
133020103	133020	1	16706	正因为目睹了太多死亡…… 才更加觉得活着是一件很了不起的事。
133020201	133020	2		你怎么看待广场上的牺牲者纪念碑？
133020202	133020	2	5985	嗯……嗯？我吗？我认为……能在这个 时代中挣扎着活下去的人也很伟大。
133020203	133020	2	15830	正因为目睹了太多死亡…… 才更加觉得活着是一件很了不起的事。
133020301	133020	3		你怎么看待广场上的牺牲者纪念碑？
133020302	133020	3	6118	嗯……嗯？我吗？我认为……能在这个 时代中挣扎着活下去的人也很伟大。
133020303	133020	3	15832	正因为目睹了太多死亡…… 才更加觉得活着是一件很了不起的事。
133020401	133020	4		……
133020402	133020	4	2302	你怎么看待广场上的牺牲者纪念碑？
133020403	133020	4	6014	嗯……嗯？我吗？我认为……能在这个 时代中挣扎着活下去的人也很伟大。
133020404	133020	4	13233	正因为目睹了太多死亡…… 才更加觉得活着是一件很了不起的事。
133054101	133054	1		现在才来，是睡过头了吗？ 梦到了一个平凡又安稳的世界？
133054102	133054	1	11921	如果你在那里找到了你的幸福…… 我也会希望这个梦能持续的更久一些。
133054103	133054	1	18746	没关系，在你回来之前， 我都会在这里等你。
133054201	133054	2		现在才来，是睡过头了吗？ 梦到了一个平凡又安稳的世界？
133054202	133054	2	11861	如果你在那里找到了你的幸福…… 我也会希望这个梦能持续的更久一些。
133054203	133054	2	19004	没关系，在你回来之前， 我都会在这里等你。
133054301	133054	3		现在才来，是睡过头了吗？ 梦到了一个平凡又安稳的世界？
133054302	133054	3	12347	如果你在那里找到了你的幸福…… 我也会希望这个梦能持续的更久一些。
133054303	133054	3	18950	没关系，在你回来之前， 我都会在这里等你。
133054401	133054	4		……
133054402	133054	4	2988	现在才来，是睡过头了吗？ 梦到了一个平凡又安稳的世界？
133054403	133054	4	11757	如果你在那里找到了你的幸福…… 我也会希望这个梦能持续的更久一些。
133054404	133054	4	18869	没关系，在你回来之前， 我都会在这里等你。
133013101	133013	1		听西蒙指挥官说你是法奥斯学院的首席毕业生，学校里一般都会教些什么？
133013102	133013	1	12190	地面上的学校大多都被废弃了， 出生在这个时代的人， 又有几个能走进真正的课堂呢？
133013201	133013	2		听西蒙指挥官说你是法奥斯学院的首席毕业生，学校里一般都会教些什么？
133013202	133013	2	7500	地面上的学校大多都被废弃了， 出生在这个时代的人， 又有几个能走进真正的课堂呢？
133013301	133013	3		听西蒙指挥官说你是法奥斯学院的首席毕业生，学校里一般都会教些什么？
133013302	133013	3	8854	地面上的学校大多都被废弃了， 出生在这个时代的人， 又有几个能走进真正的课堂呢？
133013401	133013	4		听西蒙指挥官说你是法奥斯学院的首席毕业生，学校里一般都会教些什么？
133013402	133013	4	7375	地面上的学校大多都被废弃了， 出生在这个时代的人， 又有几个能走进真正的课堂呢？
133017101	133017	1		小时候，人们总会憧憬着那种勇者改变黑暗时代的故事。
133017102	133017	1	5948	等长大了，就会发现这些都只是幻想。 一个人无论怎么努力都无法改变世界
133017103	133017	1	15422	所以……能站在这里， 为彼此做些力所能及的事，我很高兴。
133017201	133017	2		小时候，人们总会憧憬着那种勇者改变黑暗时代的故事。
133017202	133017	2	5350	等长大了，就会发现这些都只是幻想。 一个人无论怎么努力都无法改变世界
133017203	133017	2	13462	所以……能站在这里， 为彼此做些力所能及的事，我很高兴。
133017301	133017	3		小时候，人们总会憧憬着那种勇者改变黑暗时代的故事。
133017302	133017	3	5942	等长大了，就会发现这些都只是幻想。 一个人无论怎么努力都无法改变世界
133017303	133017	3	14394	所以……能站在这里， 为彼此做些力所能及的事，我很高兴。
133017401	133017	4		小时候，人们总会憧憬着那种勇者改变黑暗时代的故事。
133017402	133017	4	7620	等长大了，就会发现这些都只是幻想。 一个人无论怎么努力都无法改变世界
133017403	133017	4	17825	所以……能站在这里， 为彼此做些力所能及的事，我很高兴。
133018101	133018	1		即使要接受自己的平凡， 我也不后悔拒绝升格者的邀请， 因为那条路会背叛我自己的心。
133018102	133018	1	14335	放心吧，告诉你“诺安”这个名字 的时候，我就做好了心理准备， 绝不会因现在的处境而动摇。
133018201	133018	2		即使要接受自己的平凡， 我也不后悔拒绝升格者的邀请， 因为那条路会背叛我自己的心。
133018202	133018	2	10680	放心吧，告诉你“诺安”这个名字 的时候，我就做好了心理准备， 绝不会因现在的处境而动摇。
133018301	133018	3		即使要接受自己的平凡， 我也不后悔拒绝升格者的邀请， 因为那条路会背叛我自己的心。
133018302	133018	3	10327	放心吧，告诉你“诺安”这个名字 的时候，我就做好了心理准备， 绝不会因现在的处境而动摇。
133018401	133018	4		即使要接受自己的平凡， 我也不后悔拒绝升格者的邀请， 因为那条路会背叛我自己的心。
133018402	133018	4	11486	放心吧，告诉你“诺安”这个名字 的时候，我就做好了心理准备， 绝不会因现在的处境而动摇。
133023101	133023	1		我从来都没有放下过去的遗憾， 只是不再因此否定自己， 那些悲伤已经化为了我前进的动力……
133023102	133023	1	9092	为了和平的未来， 为了不再失去重要的人， 我会付出自己的全部。
133023201	133023	2		我从来都没有放下过去的遗憾， 只是不再因此否定自己， 那些悲伤已经化为了我前进的动力……
133023202	133023	2	13706	为了和平的未来， 为了不再失去重要的人， 我会付出自己的全部。
133023301	133023	3		我从来都没有放下过去的遗憾， 只是不再因此否定自己， 那些悲伤已经化为了我前进的动力……
133023302	133023	3	13872	为了和平的未来， 为了不再失去重要的人， 我会付出自己的全部。
133023401	133023	4		我从来都没有放下过去的遗憾， 只是不再因此否定自己， 那些悲伤已经化为了我前进的动力……
133023402	133023	4	11177	为了和平的未来， 为了不再失去重要的人， 我会付出自己的全部。
133044101	133044	1		稍等，让我看看你的眼睛，嗯……
133044102	133044	1	7361	张嘴？昨晚几点睡的？你啊……
133044201	133044	2		稍等，让我看看你的眼睛，嗯……
133044202	133044	2	7270	张嘴？昨晚几点睡的？你啊……
133044301	133044	3		稍等，让我看看你的眼睛，嗯……
133044302	133044	3	7478	张嘴？昨晚几点睡的？你啊……
133044401	133044	4		……
133044402	133044	4	1742	稍等，让我看看你的眼睛，嗯……
133044403	133044	4	7091	张嘴？昨晚几点睡的？
133044404	133044	4	11437	你啊……
133022101	133022	1		……
133022102	133022	1	6386	嗯？我在用你留下的笔画画……
133022103	133022	1	11668	没什么，只是一朵向日葵。
133022104	133022	1	15705	如果我说画下它是因为想到了你， 你会相信吗？
133022201	133022	2		……
133022202	133022	2	6560	嗯？我在用你留下的笔画画……
133022203	133022	2	11875	没什么，只是一朵向日葵。
133022204	133022	2	15980	如果我说画下它是因为想到了你， 你会相信吗？
133022301	133022	3		……
133022302	133022	3	6344	嗯？我在用你留下的笔画画……
133022303	133022	3	12245	没什么，只是一朵向日葵。
133022304	133022	3	15842	如果我说画下它是因为想到了你， 你会相信吗？
133022401	133022	4		……
133022402	133022	4	6587	嗯？我在用你留下的笔画画……
133022403	133022	4	12110	没什么，只是一朵向日葵。
133022404	133022	4	14727	如果我说画下它是因为想到了你， 你会相信吗？
116016101	116016	1		对“万世铭”无法苟同？
116016102	116016	1	3732	但你给你的队员许诺下虚幻的希望 与未来，才是最残忍且愚蠢的做法，
116016103	116016	1	16710	现在你也想对我做同样的事情吗？ 我可不像你那群小孩子一样好骗。
116016201	116016	2		对“万世铭”无法苟同？
116016202	116016	2	3520	但你给你的队员许诺下虚幻的希望 与未来，才是最残忍且愚蠢的做法，
116016203	116016	2	11171	现在你也想对我做同样的事情吗？ 我可不像你那群小孩子一样好骗。
116016301	116016	3		对“万世铭”无法苟同？
116016302	116016	3	2725	但你给你的队员许诺下虚幻的希望 与未来，才是最残忍且愚蠢的做法，
116016303	116016	3	9985	现在你也想对我做同样的事情吗？ 我可不像你那群小孩子一样好骗。
116016401	116016	4		对“万世铭”无法苟同？
116016402	116016	4	3173	但你给你的队员许诺下虚幻的希望 与未来，才是最残忍且愚蠢的做法，
116016403	116016	4	11315	现在你也想对我做同样的事情吗？ 我可不像你那群小孩子一样好骗。
116017101	116017	1		在这个时代最后一丝希望熄灭之前……
116017102	116017	1	3671	尽可能地留下我们存在过的痕迹
116017103	116017	1	8165	然后跨越无数岁月， 让那些东西以最完美的姿态成为永恒
116017104	116017	1	18244	这不是——最美的事情吗。
116017201	116017	2		在这个时代最后一丝希望熄灭之前……
116017202	116017	2	4609	尽可能地留下我们存在过的痕迹
116017203	116017	2	8249	然后跨越无数岁月， 让那些东西以最完美的姿态成为永恒
116017204	116017	2	14716	这不是——最美的事情吗。
116017301	116017	3		在这个时代最后一丝希望熄灭之前……
116017302	116017	3	4113	尽可能地留下我们存在过的痕迹
116017303	116017	3	8062	然后跨越无数岁月， 让那些东西以最完美的姿态成为永恒
116017304	116017	3	14326	这不是——最美的事情吗。
116017401	116017	4		在这个时代最后一丝希望熄灭之前……
116017402	116017	4	4806	尽可能地留下我们存在过的痕迹
116017403	116017	4	7797	然后跨越无数岁月， 让那些东西以最完美的姿态成为永恒
116017404	116017	4	14877	这不是——最美的事情吗。
134011101	134011	1		清理部队的其他成员？
134011102	134011	1	3672	指挥官阁下有兴趣的话， 我可以为您介绍。
134011103	134011	1	7850	只是……里面也有不少个性鲜明的人， 还请您事先做好心理准备。
134011201	134011	2		清理部队的其他成员？
134011202	134011	2	4071	指挥官阁下有兴趣的话， 我可以为您介绍。
134011203	134011	2	8380	只是……里面也有不少个性鲜明的人， 还请您事先做好心理准备。
134011301	134011	3		清理部队的其他成员？
134011302	134011	3	2746	指挥官阁下有兴趣的话， 我可以为您介绍。
134011303	134011	3	7341	只是……里面也有不少个性鲜明的人， 还请您事先做好心理准备。
134011401	134011	4		清理部队的其他成员？
134011402	134011	4	2175	指挥官阁下有兴趣的话， 我可以为您介绍。
134011403	134011	4	4591	只是……里面也有不少个性鲜明的人， 还请您事先做好心理准备。
134016101	134016	1		聚集在您周围的人， 似乎越来越多了。
134016102	134016	1	6790	这些信任和期待会成为力量， 但有时也会让人迷失方向……
134016103	134016	1	16228	不过，正如同您一贯相信我一样， 我也相信您内心的坚强。
134016201	134016	2		聚集在您周围的人， 似乎越来越多了。
134016202	134016	2	4969	这些信任和期待会成为力量， 但有时也会让人迷失方向……
134016203	134016	2	12523	不过，正如同您一贯相信我一样， 我也相信您内心的坚强。
134016301	134016	3		聚集在您周围的人， 似乎越来越多了。
134016302	134016	3	4767	这些信任和期待会成为力量， 但有时也会让人迷失方向……
134016303	134016	3	13497	不过，正如同您一贯相信我一样， 我也相信您内心的坚强。
134016401	134016	4		聚集在您周围的人， 似乎越来越多了。
134016402	134016	4	3018	这些信任和期待会成为力量， 但有时也会让人迷失方向……
134016403	134016	4	10122	不过，正如同您一贯相信我一样， 我也相信您内心的坚强。
134017101	134017	1		空闲时会做什么？
134017102	134017	1	4519	看电影、读书…… 偶尔也会和她一起……
134017103	134017	1	11232	听上去似乎有点无聊？
134017104	134017	1	14505	您呢？指挥官阁下， 您平时都会做些什么？
134017201	134017	2		空闲时会做什么？
134017202	134017	2	3477	看电影、读书…… 偶尔也会和她一起……
134017203	134017	2	10530	听上去似乎有点无聊？
134017204	134017	2	13268	您呢？指挥官阁下， 您平时都会做些什么？
134017301	134017	3		空闲时会做什么？
134017302	134017	3	3493	看电影、读书…… 偶尔也会和她一起……
134017303	134017	3	11210	听上去似乎有点无聊？
134017304	134017	3	13314	您呢？指挥官阁下， 您平时都会做些什么？
134017401	134017	4		空闲时会做什么？
134017402	134017	4	2674	看电影、读书…… 偶尔也会和她一起……
134017403	134017	4	8290	听上去似乎有点无聊？
134017404	134017	4	10081	您呢？指挥官阁下， 您平时都会做些什么？
134020101	134020	1		假如和您的相遇，能稍微提早一点……
134020102	134020	1	8092	不好意思，让您见笑了。 请忘记我刚才的痴言，这份软弱， 我不希望除您之外的人知晓。
134020201	134020	2		假如和您的相遇，能稍微提早一点……
134020202	134020	2	8606	不好意思，让您见笑了。
134020203	134020	2	11680	请忘记我刚才的痴言，这份软弱， 我不希望除您之外的人知晓。
134020301	134020	3		假如和您的相遇，能稍微提早一点……
134020302	134020	3	8782	不好意思，让您见笑了。
134020303	134020	3	11510	请忘记我刚才的痴言，这份软弱， 我不希望除您之外的人知晓。
134020401	134020	4		……
134020402	134020	4	2188	假如和您的相遇，能稍微提早一点……
134020403	134020	4	4822	不好意思，让您见笑了。
134020404	134020	4	8635	请忘记我刚才的痴言
134020405	134020	4	13671	这份软弱， 我不希望除您之外的人知晓。
134021101	134021	1		还在地球的时候， 我在雪原上度过了自己的童年
134021102	134021	1	6070	那里的雪景是我记忆中最美的风光， 直到……
134021103	134021	1	15572	如果有机会，等一切都结束之后， 要一起再去那儿看看吗，指挥官?
134021201	134021	2		还在地球的时候， 我在雪原上度过了自己的童年
134021202	134021	2	7043	那里的雪景是我记忆中最美的风光
134021203	134021	2	12766	直到……
134021204	134021	2	18648	如果有机会，等一切都结束之后， 要一起再去那儿看看吗，指挥官?
134021301	134021	3		还在地球的时候， 我在雪原上度过了自己的童年
134021302	134021	3	7582	那里的雪景是我记忆中最美的风光
134021303	134021	3	12853	直到……
134021304	134021	3	17432	如果有机会，等一切都结束之后， 要一起再去那儿看看吗，指挥官?
134021401	134021	4		还在地球的时候， 我在雪原上度过了自己的童年
134021402	134021	4	4631	那里的雪景是我记忆中最美的风光， 直到……
134021403	134021	4	9335	如果有机会，等一切都结束之后， 要一起再去那儿看看吗，指挥官?
134026101	134026	1		这是修改个人行程表的申请， 请您过目。
134026102	134026	1	4204	为了加强与指挥官阁下的默契， 我认为我们有必要进行更多接触。
134026201	134026	2		这是修改个人行程表的申请， 请您过目。
134026202	134026	2	4748	为了加强与指挥官阁下的默契， 我认为我们有必要进行更多接触。
134026301	134026	3		这是修改个人行程表的申请， 请您过目。
134026302	134026	3	4221	为了加强与指挥官阁下的默契， 我认为我们有必要进行更多接触。
134026401	134026	4		这是修改个人行程表的申请， 请您过目。
134026402	134026	4	5120	为了加强与指挥官阁下的默契， 我认为我们有必要进行更多接触。
134034101	134034	1		平时的敬语用得太多了？
134034102	134034	1	4203	不好意思， 这是从以前就留下来的习惯。
134034103	134034	1	8669	不过，以我们之间的关系， 礼仪似乎成了累赘呢。
134034104	134034	1	16955	如果直接叫您指挥官……
134034105	134034	1	21100	您不介意的话，以后就一直这么做吧。
134034201	134034	2		平时的敬语用得太多了？
134034202	134034	2	3756	不好意思， 这是从以前就留下来的习惯。
134034203	134034	2	8222	不过，以我们之间的关系， 礼仪似乎成了累赘呢。
134034204	134034	2	14920	如果直接叫您指挥官…… 您不介意的话，以后就一直这么做吧。
134034301	134034	3		平时的敬语用得太多了？
134034302	134034	3	3139	不好意思， 这是从以前就留下来的习惯。
134034303	134034	3	6761	不过，以我们之间的关系， 礼仪似乎成了累赘呢。
134034304	134034	3	14094	如果直接叫您指挥官……
134034305	134034	3	18383	您不介意的话，以后就一直这么做吧。
134034401	134034	4		平时的敬语用得太多了？
134034402	134034	4	2652	不好意思， 这是从以前就留下来的习惯。
134034403	134034	4	5425	不过，以我们之间的关系， 礼仪似乎成了累赘呢。
134034404	134034	4	10080	如果直接叫您指挥官…… 您不介意的话，以后就一直这么做吧。
134031101	134031	1		我曾在一些专业书籍中读到过
134031102	134031	1	3244	在互相给予中， 人和人才能建立更稳固的关系。
134031103	134031	1	8879	所以接下来，该由我为您回礼了， 指挥官阁下。
134031201	134031	2		我曾在一些专业书籍中读到过
134031202	134031	2	3296	在互相给予中， 人和人才能建立更稳固的关系。
134031203	134031	2	7944	所以接下来，该由我为您回礼了， 指挥官阁下。
134031301	134031	3		我曾在一些专业书籍中读到过
134031302	134031	3	3715	在互相给予中， 人和人才能建立更稳固的关系。
134031303	134031	3	11786	所以接下来，该由我为您回礼了， 指挥官阁下。
134031401	134031	4		我曾在一些专业书籍中读到过，在互相给予中， 人和人才能建立更稳固的关系
134031402	134031	4	6168	所以接下来，该由我为您回礼了， 指挥官阁下。
134043101	134043	1		要是您倒下了， 周围肯定会乱成一团吧。
134043102	134043	1	5713	不过请放心，只要我还待在这里， 就不会允许这种情况发生。
134043201	134043	2		要是您倒下了， 周围肯定会乱成一团吧。
134043202	134043	2	5178	不过请放心，只要我还待在这里， 就不会允许这种情况发生。
134043301	134043	3		要是您倒下了， 周围肯定会乱成一团吧。
134043302	134043	3	4724	不过请放心，只要我还待在这里， 就不会允许这种情况发生。
134043401	134043	4		要是您倒下了， 周围肯定会乱成一团吧。
134043402	134043	4	3618	不过请放心，只要我还待在这里， 就不会允许这种情况发生。
134051101	134051	1		……
134051102	134051	1	6515	指挥官……
134051103	134051	1	12994	指挥官阁下！抱歉， 没有注意到您已经来了，是我的失态。
134051201	134051	2		……
134051202	134051	2	6901	指挥官……
134051203	134051	2	13044	指挥官阁下！抱歉， 没有注意到您已经来了，是我的失态。
134051301	134051	3		……
134051302	134051	3	6646	指挥官……
134051303	134051	3	12926	指挥官阁下！抱歉， 没有注意到您已经来了，是我的失态。
134051401	134051	4		……
134051402	134051	4	6305	指挥官……
134051403	134051	4	8297	……
134051404	134051	4	12907	指挥官阁下！抱歉， 没有注意到您已经来了，是我的失态。
134053101	134053	1		哪怕到了即将分离， 走上各自征程的日子
134053102	134053	1	5461	指挥官，还请不要忘记
134053103	134053	1	10354	不论彼此身处何方， 我们的目光都会在同一个终点相聚。
134053201	134053	2		哪怕到了即将分离， 走上各自征程的日子
134053202	134053	2	4900	指挥官，还请不要忘记
134053203	134053	2	8564	不论彼此身处何方， 我们的目光都会在同一个终点相聚。
134053301	134053	3		哪怕到了即将分离， 走上各自征程的日子
134053302	134053	3	5286	指挥官，还请不要忘记
134053303	134053	3	8610	不论彼此身处何方， 我们的目光都会在同一个终点相聚。
134057101	134057	1		危险……！指挥官阁下。 快站到我的身——
134057102	134057	1	16221	嗯……算了……
134057201	134057	2		……啊
134057202	134057	2	3458	危险……！指挥官阁下。 快站到我的身后——
134057203	134057	2	16221	嗯……算了……
134057301	134057	3		……啊
134057302	134057	3	3136	危险……！指挥官阁下。 快站到我的身——
134057303	134057	3	16373	嗯……算了……
134057401	134057	4		……啊
134057402	134057	4	2862	危险……！指挥官阁下。 快站到我的身——
134057403	134057	4	6947	……
134057404	134057	4	16043	嗯……算了……
134022101	134022	1		信仰会成为人前行的动力， 可人最终要走向何处， 能叩问的，唯有自己的心。
134022102	134022	1	13801	我所得出的答案……此时正刻在我的眼眸里……您看到了吗？
134022201	134022	2		信仰会成为人前行的动力， 可人最终要走向何处， 能叩问的，唯有自己的心。
134022202	134022	2	14360	我所得出的答案……此时正刻在我的眼眸里……您看到了吗？
134022301	134022	3		信仰会成为人前行的动力， 可人最终要走向何处， 能叩问的，唯有自己的心。
134022302	134022	3	14764	我所得出的答案……此时正刻在我的眼眸里……您看到了吗？
134022401	134022	4		信仰会成为人前行的动力， 可人最终要走向何处， 能叩问的，唯有自己的心。
134022402	134022	4	14921	我所得出的答案……此时正刻在我的眼眸里……您看到了吗？
134039101	134039	1		在充满未知的环境里， 一瞬间的懈怠都会致命……
134039102	134039	1	10851	不过，说教您也听累了吧， 稍微偷个懒也没关系，我会替您保密。
134039201	134039	2		在充满未知的环境里， 一瞬间的懈怠都会致命……
134039202	134039	2	11152	不过，说教您也听累了吧， 稍微偷个懒也没关系，我会替您保密。
134039301	134039	3		在充满未知的环境里， 一瞬间的懈怠都会致命……
134039302	134039	3	11043	不过，说教您也听累了吧， 稍微偷个懒也没关系，我会替您保密。
134039401	134039	4		……
134039402	134039	4	3157	在充满未知的环境里， 一瞬间的懈怠都会致命……
134039403	134039	4	8182	……
134039404	134039	4	10858	不过，说教您也听累了吧， 稍微偷个懒也没关系，我会替您保密。
134033101	134033	1		该送指挥官阁下什么样的……
134033102	134033	1	5585	啊，没什么， 只是在琢磨关于礼物的事。
134033103	134033	1	10870	思考您可能会喜欢的东西， 意外地很有意思。
134033201	134033	2		该送指挥官阁下什么样的……
134033202	134033	2	5894	啊，没什么， 只是在琢磨关于礼物的事。
134033203	134033	2	11336	思考您可能会喜欢的东西， 意外地很有意思。
134033301	134033	3		该送指挥官阁下什么样的……
134033302	134033	3	5432	啊，没什么， 只是在琢磨关于礼物的事。
134033303	134033	3	11170	思考您可能会喜欢的东西， 意外地很有意思。
134033401	134033	4		……
134033402	134033	4	1805	该送指挥官阁下什么样的……
134033403	134033	4	5787	啊，没什么， 只是在琢磨关于礼物的事。
134033404	134033	4	13618	思考您可能会喜欢的东西， 意外地很有意思。
127019101	127019	1		祈愿、誓言、奇迹 就像是串联而成的因果
127019102	127019	1	7995	正因为那份曾留在我心底最强烈的愿望
127019103	127019	1	14150	我才能像现在这样暂留在你身边。
127019201	127019	2		祈愿、誓言、奇迹 就像是串联而成的因果
127019202	127019	2	7193	正因为那份曾留在我心底最强烈的愿望
127019203	127019	2	10892	我才能像现在这样暂留在你身边。
127019301	127019	3		祈愿、誓言、奇迹 就像是串联而成的因果
127019302	127019	3	8308	正因为那份曾留在我心底最强烈的愿望
127019303	127019	3	13372	我才能像现在这样暂留在你身边。
127019401	127019	4		祈愿、誓言、奇迹 就像是串联而成的因果
127019402	127019	4	8067	正因为那份曾留在我心底最强烈的愿 望，我才能像现在这样暂留在你身边。
135012101	135012	1		……熟识的人？
135012102	135012	1	3286	执行任务的时候，邦比娜塔会读取 并仔细确认队友的隶属信息。
135012103	135012	1	13352	唔……任务之外， 邦比娜塔只要记住主人就可以了。
135012201	135012	2		……熟识的人？
135012202	135012	2	3059	执行任务的时候，邦比娜塔会读取 并仔细确认队友的隶属信息。
135012203	135012	2	10232	唔……任务之外， 邦比娜塔只要记住主人就可以了。
135012301	135012	3		……熟识的人？
135012302	135012	3	5767	执行任务的时候，邦比娜塔会读取 并仔细确认队友的隶属信息。
135012303	135012	3	13610	唔……任务之外， 邦比娜塔只要记住主人就可以了。
135012401	135012	4		……熟识的人？
135012402	135012	4	2205	执行任务的时候，邦比娜塔会读取 并仔细确认队友的隶属信息。
135012403	135012	4	6318	唔……任务之外， 邦比娜塔只要记住主人就可以了。
135019101	135019	1		……
135019102	135019	1	12745	指挥官喜欢吗？
135019103	135019	1	17185	虽然意识海中没有明确的记忆数据
135019104	135019	1	22304	但邦比娜塔的机体对这种行为模式 非常熟悉。
135019105	135019	1	29567	如果您喜欢的话， 邦比娜塔可以一直、一直跳下去……
135019201	135019	2		……
135019202	135019	2	12807	指挥官喜欢吗？
135019203	135019	2	16566	虽然意识海中没有明确的记忆数据
135019204	135019	2	22606	但邦比娜塔的机体对这种行为模式 非常熟悉。
135019205	135019	2	29721	如果您喜欢的话， 邦比娜塔可以一直、一直跳下去……
135019301	135019	3		……
135019302	135019	3	12777	指挥官喜欢吗？
135019303	135019	3	16910	虽然意识海中没有明确的记忆数据
135019304	135019	3	22163	但邦比娜塔的机体对这种行为模式 非常熟悉。
135019305	135019	3	29957	如果您喜欢的话， 邦比娜塔可以一直、一直跳下去……
135019401	135019	4		……
135019402	135019	4	12513	指挥官喜欢吗？
135019403	135019	4	16267	虽然意识海中没有明确的记忆数据
135019404	135019	4	22242	但邦比娜塔的机体对这种行为模式 非常熟悉。
135019405	135019	4	29493	如果您喜欢的话， 邦比娜塔可以一直、一直跳下去……
135020101	135020	1		邦比娜塔的所有权已经渡让给 指挥官了？
135020102	135020	1	6361	唔……
135020103	135020	1	8478	那、那指挥官现在就是邦比娜塔的 新主人了……
135020104	135020	1	17225	诶？玩笑？呜……
135020201	135020	2		邦比娜塔的所有权已经渡让给 指挥官了？
135020202	135020	2	5490	唔……那、那指挥官现在就是 邦比娜塔的新主人了……
135020203	135020	2	12779	诶？玩笑？呜……
135020301	135020	3		邦比娜塔的所有权已经渡让给 指挥官了？
135020302	135020	3	4770	唔……那、那指挥官现在就是 邦比娜塔的新主人了……
135020303	135020	3	10850	诶？玩笑？呜……
135020401	135020	4		邦比娜塔的所有权已经渡让给 指挥官了？
135020402	135020	4	4718	唔……那、那指挥官现在就是 邦比娜塔的新主人了……
135020403	135020	4	9934	诶？玩笑？呜……
135021101	135021	1		打手游戏？
135021102	135021	1	5264	指挥官希望邦比娜塔怎么做呢？
135021103	135021	1	10381	唔……
135021104	135021	1	12350	把手像这样放在您的手掌上面？
135021105	135021	1	17742	啊！
135021106	135021	1	20948	……诶？邦比娜塔应该尝试躲避？
135021107	135021	1	24757	但……您的期望不是邦比娜塔 被打到吗？
135021201	135021	2		打手游戏？
135021202	135021	2	5871	指挥官希望邦比娜塔怎么做呢？
135021203	135021	2	10288	唔……
135021204	135021	2	12544	把手像这样放在您的手掌上面？
135021205	135021	2	17666	啊！
135021206	135021	2	19506	……诶？邦比娜塔应该尝试躲避？
135021207	135021	2	24948	但……您的期望不是邦比娜塔 被打到吗？
135021301	135021	3		打手游戏？
135021302	135021	3	5627	指挥官希望邦比娜塔怎么做呢？
135021303	135021	3	9593	唔……
135021304	135021	3	12146	把手像这样放在您的手掌上面？
135021305	135021	3	17658	啊！
135021306	135021	3	19699	……诶？邦比娜塔应该尝试躲避？
135021307	135021	3	25063	但……您的期望不是邦比娜塔 被打到吗？
135021401	135021	4		打手游戏？
135021402	135021	4	5876	指挥官希望邦比娜塔怎么做呢？
135021403	135021	4	10061	唔……
135021404	135021	4	12383	把手像这样放在您的手掌上面？
135021405	135021	4	17864	啊！
135021406	135021	4	21041	……诶？邦比娜塔应该尝试躲避？
135021407	135021	4	24892	但……您的期望不是邦比娜塔 被打到吗？
135022101	135022	1		收到命令，指挥官要求邦比娜塔在执行战斗任务的过程中更加爱护自己……
135022102	135022	1	11481	唔……
135022103	135022	1	13393	命令优先级提高……
135022104	135022	1	16627	呜呜，指挥官可以不要再用这么严肃的眼神看着邦比娜塔了吗……
135022201	135022	2		收到命令，指挥官要求邦比娜塔在执行战斗任务的过程中更加爱护自己……
135022202	135022	2	10161	唔……
135022203	135022	2	11926	命令优先级提高……
135022204	135022	2	15254	呜呜，指挥官可以不要再用这么严肃的眼神看着邦比娜塔了吗……
135022301	135022	3		收到命令，指挥官要求邦比娜塔在执行战斗任务的过程中更加爱护自己……
135022302	135022	3	9286	唔……
135022303	135022	3	10473	命令优先级提高……
135022304	135022	3	13712	呜呜，指挥官可以不要再用这么严肃的眼神看着邦比娜塔了吗……
135022401	135022	4		收到命令，指挥官要求邦比娜塔在执行战斗任务的过程中更加爱护自己……
135022402	135022	4	8414	唔……
135022403	135022	4	9354	命令优先级提高……
135022404	135022	4	12579	呜呜，指挥官可以不要再用这么严肃的眼神看着邦比娜塔了吗……
135023101	135023	1		指、指挥官……
135023102	135023	1	3389	今天邦比娜塔完成任务之后，您都没有像上次那样抚摸邦比娜塔的头发。
135023103	135023	1	13979	果然……这次邦比娜塔没有达到 您的期望吗？
135023201	135023	2		指、指挥官……
135023202	135023	2	4597	今天邦比娜塔完成任务之后，您都没有像上次那样抚摸邦比娜塔的头发。
135023203	135023	2	13935	果然……这次邦比娜塔没有达到 您的期望吗？
135023301	135023	3		指、指挥官……
135023302	135023	3	3263	今天邦比娜塔完成任务之后，您都没有像上次那样抚摸邦比娜塔的头发。
135023303	135023	3	13032	果然……这次邦比娜塔没有达到 您的期望吗？
135023401	135023	4		指、指挥官……
135023402	135023	4	1847	今天邦比娜塔完成任务之后，您都没有像上次那样抚摸邦比娜塔的头发。
135023403	135023	4	8354	果然……这次邦比娜塔没有达到 您的期望吗？
135094101	135094	1		指挥官会担心被遗忘吗？
135094102	135094	1	5998	那请您下达一个无限期的指令吧……
135094103	135094	1	11435	一切命令都会被写入外设模块中
135094104	135094	1	16918	即使被清空了意识数据， 邦比娜塔也能从中再次读取。
135094201	135094	2		指挥官会担心被遗忘吗？
135094202	135094	2	4809	那请您下达一个无限期的指令吧……
135094203	135094	2	9487	一切命令都会被写入外设模块中
135094204	135094	2	13454	即使被清空了意识数据， 邦比娜塔也能从中再次读取。
135094301	135094	3		指挥官会担心被遗忘吗？
135094302	135094	3	5546	那请您下达一个无限期的指令吧……
135094303	135094	3	9903	一切命令都会被写入外设模块中
135094304	135094	3	13666	即使被清空了意识数据， 邦比娜塔也能从中再次读取。
135094401	135094	4		指挥官会担心被遗忘吗？
135094402	135094	4	3063	那请您下达一个无限期的指令吧……
135094403	135094	4	6349	一切命令都会被写入外设模块中
135094404	135094	4	10358	即使被清空了意识数据， 邦比娜塔也能从中再次读取。
135096101	135096	1		主人赐予的，就是邦比娜塔的一切……
135096102	135096	1	6862	啊！指挥官，非常抱歉……
135096103	135096	1	11587	自然而然地这么称呼您了……
135096104	135096	1	15476	呜呜……
135096105	135096	1	17370	没、没关系吗？
135096201	135096	2		主人赐予的，就是邦比娜塔的一切……
135096202	135096	2	5350	啊！指挥官，非常抱歉……
135096203	135096	2	10534	自然而然地就这么称呼您了……
135096204	135096	2	15108	呜呜……
135096205	135096	2	16456	没、没关系吗？
135096301	135096	3		主人赐予的，就是邦比娜塔的一切……
135096302	135096	3	5752	啊！指挥官，非常抱歉…… 自然而然地这么称呼您了……
135096303	135096	3	13304	呜呜……
135096304	135096	3	15855	没、没关系吗？
135096401	135096	4		主人赐予的，就是邦比娜塔的一切……
135096402	135096	4	3739	啊！指挥官，非常抱歉…… 自然而然地这么称呼您了……
135096403	135096	4	7911	呜呜……
135096404	135096	4	8725	没、没关系吗？
135038101	135038	1		如、如果邦比娜塔有哪里让指挥官苦恼的话，请您随意处罚……
135038102	135038	1	10452	不是吗？
135038103	135038	1	13679	……还以为……毕竟指挥官已经保持这个凝重的表情很久了……
135038201	135038	2		如、如果邦比娜塔有哪里让指挥官苦恼的话，请您随意处罚……
135038202	135038	2	9229	不、不是吗？
135038203	135038	2	11737	还以为……
135038204	135038	2	16332	毕竟指挥官已经保持这个凝重的表情 很久了……
135038301	135038	3		如、如果邦比娜塔有哪里让指挥官苦恼的话，请您随意处罚……
135038302	135038	3	9228	不是吗？
135038303	135038	3	11810	还以为……
135038304	135038	3	13962	毕竟指挥官已经保持这个凝重的表情 很久了……
135038401	135038	4		如、如果邦比娜塔有哪里让指挥官苦恼的话，请您随意处罚……
135038402	135038	4	6657	不是吗？
135038403	135038	4	8065	还以为……
135038404	135038	4	10399	毕竟指挥官已经保持这个凝重的表情 很久了……
135040101	135040	1		唔……
135040102	135040	1	4998	睡着了吗？
135040103	135040	1	8208	您是温柔的主人， 这种时候用您常用的方式来对待……
135040104	135040	1	17373	应该没有弄错吧？
135040201	135040	2		唔……
135040202	135040	2	5476	睡着了吗？
135040203	135040	2	9532	您是温柔的主人， 这种时候用您常用的方式来对待……
135040204	135040	2	17371	应该没有弄错吧？
135040301	135040	3		唔……
135040302	135040	3	5138	睡着了吗？
135040303	135040	3	9081	您是温柔的主人， 这种时候用您常用的方式来对待……
135040304	135040	3	17094	应该没有弄错吧？
135040401	135040	4		唔……
135040402	135040	4	5696	睡着了吗？
135040403	135040	4	9604	您是温柔的主人， 这种时候用您常用的方式来对待……
135040404	135040	4	17763	应该没有弄错吧？
135042101	135042	1		主人说过， 识趣的人偶不可以打扰主人休息
135042102	135042	1	10209	这种时候邦比娜塔就会回到休整室待命
135042103	135042	1	16663	指挥官现在想要邦比娜塔暂时离开一会儿吗？
135042201	135042	2		主人说过， 识趣的人偶不可以打扰主人休息
135042202	135042	2	7108	这种时候邦比娜塔就会回到休整室待命
135042203	135042	2	12820	指挥官现在想要邦比娜塔暂时离开一会儿吗？
135042301	135042	3		主人说过， 识趣的人偶不可以打扰主人休息
135042302	135042	3	5805	这种时候邦比娜塔就会回到休整室待命
135042303	135042	3	11594	指挥官现在想要邦比娜塔暂时离开一会儿吗？
135042401	135042	4		主人说过， 识趣的人偶不可以打扰主人休息
135042402	135042	4	4655	这种时候邦比娜塔就会回到休整室待命
135042403	135042	4	10300	指挥官现在想要邦比娜塔暂时离开一会儿吗？
135044101	135044	1		嗯……
135044102	135044	1	3357	主人有的时候会这样抱住邦比娜塔……
135044103	135044	1	9980	呼……
135044104	135044	1	15440	咦，指挥官不会睡着吗？
135044105	135044	1	20574	主、主人经常会这样进入小憩…… 是邦比娜塔哪里没做对吗？
135044201	135044	2		嗯……
135044202	135044	2	4405	主人有的时候会这样抱住邦比娜塔……
135044203	135044	2	9593	呼……
135044204	135044	2	15067	咦，指挥官不会睡着吗？
135044205	135044	2	20861	主、主人经常会这样进入小憩…… 是邦比娜塔哪里没做对吗？
135044301	135044	3		嗯……
135044302	135044	3	4336	主人有的时候会这样抱住邦比娜塔……
135044303	135044	3	10600	呼……
135044304	135044	3	15621	咦，指挥官不会睡着吗？
135044305	135044	3	21683	主、主人经常会这样进入小憩…… 是邦比娜塔哪里没做对吗？
135044401	135044	4		嗯……
135044402	135044	4	3892	主人有的时候会这样抱住邦比娜塔……
135044403	135044	4	10905	呼……
135044404	135044	4	15760	咦，指挥官不会睡着吗？
135044405	135044	4	21293	主、主人经常会这样进入小憩…… 是邦比娜塔哪里没做对吗？
135045101	135045	1		让邦比娜塔去休息？
135045102	135045	1	3188	……是哪里让您失望了吗？
135045103	135045	1	7766	……命、命令？呜……
135045104	135045	1	12325	那，指挥官可以和邦比娜塔一起执行 休息的任务吗？
135045201	135045	2		让邦比娜塔去休息？
135045202	135045	2	4464	……是哪里让您失望了吗？
135045203	135045	2	8216	……命、命令？呜……
135045204	135045	2	13036	那，指挥官可以和邦比娜塔一起执行 休息的任务吗？
135045301	135045	3		让邦比娜塔去休息？
135045302	135045	3	4102	……是哪里让您失望了吗？
135045303	135045	3	7570	……命、命令？呜……
135045304	135045	3	10595	那，指挥官可以和邦比娜塔一起执行 休息的任务吗？
135045401	135045	4		让邦比娜塔去休息？
135045402	135045	4	2515	……是哪里让您失望了吗？
135045403	135045	4	5403	……命、命令？呜……
135045404	135045	4	8493	那，指挥官可以和邦比娜塔一起执行 休息的任务吗？
135049101	135049	1		指挥官，您昨天休息得好吗？
135049102	135049	1	4914	啊……
135049103	135049	1	6169	邦比娜塔这么问果然有些奇怪吗？
135049104	135049	1	11110	呜……是、是因为昨天指挥官询问了邦比娜塔休眠得如何，所以今天才……
135049201	135049	2		指挥官，您昨天休息得好吗？
135049202	135049	2	4917	啊……
135049203	135049	2	7163	邦比娜塔这么问果然有些奇怪吗？
135049204	135049	2	11852	呜……是、是因为昨天指挥官询问了邦比娜塔休眠得如何，所以今天才……
135049301	135049	3		指挥官，您昨天休息得好吗？
135049302	135049	3	5046	啊……
135049303	135049	3	6120	邦比娜塔这么问果然有些奇怪吗？
135049304	135049	3	9376	呜……是、是因为昨天指挥官询问了邦比娜塔休眠得如何，所以今天才……
135049401	135049	4		指挥官，您昨天休息得好吗？
135049402	135049	4	3404	啊……
135049403	135049	4	4045	邦比娜塔这么问果然有些奇怪吗？
135049404	135049	4	7810	呜……是、是因为昨天指挥官询问了邦比娜塔休眠得如何，所以今天才……
135051101	135051	1		指挥官， 有需要邦比娜塔外出的任务吗？
135051102	135051	1	5881	啊，不是的……
135051103	135051	1	8649	并不是不想呆在这里
135051104	135051	1	12090	只是……
135051105	135051	1	14150	请指挥官更多地使用邦比娜塔……
135051201	135051	2		指挥官， 有需要邦比娜塔外出的任务吗？
135051202	135051	2	6006	啊，不是的……
135051203	135051	2	8799	并不是不想呆在这里
135051204	135051	2	11811	只是……
135051205	135051	2	14220	请指挥官更多地使用邦比娜塔……
135051301	135051	3		指挥官， 有需要邦比娜塔外出的任务吗？
135051302	135051	3	5747	啊，不是的……
135051303	135051	3	8651	并不是不想呆在这里，只是……
135051304	135051	3	13909	请指挥官更多地使用邦比娜塔……
135051401	135051	4		……
135051402	135051	4	1370	指挥官， 有需要邦比娜塔外出的任务吗？
135051403	135051	4	5877	啊，不是的……
135051404	135051	4	9176	并不是不想呆在这里，只是……
135051405	135051	4	13801	请指挥官更多地使用邦比娜塔……
135053101	135053	1		相识的纪念日？
135053102	135053	1	3549	……邦比娜塔记忆数据中，第一次和您见面并不是今天……
135053103	135053	1	12263	但现有的记忆数据告诉邦比娜塔，指挥官也是如同主人一样的存在……
135053104	135053	1	23969	主人……您会因为邦比娜塔弄错了日期而生气吗……
135053201	135053	2		相识的纪念日？
135053202	135053	2	5111	……邦比娜塔记忆数据中，第一次和您见面并不是今天……
135053203	135053	2	13153	但现有的记忆数据告诉邦比娜塔，指挥官也是如同主人一样的存在……
135053204	135053	2	21316	主人……您会因为邦比娜塔弄错了日期而生气吗……
135053301	135053	3		相识的纪念日？
135053302	135053	3	3263	……邦比娜塔记忆数据中，第一次和您见面并不是今天……
135053303	135053	3	11423	但现有的记忆数据告诉邦比娜塔，指挥官也是如同主人一样的存在……
135053304	135053	3	19790	主人……您会因为邦比娜塔弄错了日期而生气吗……
135053401	135053	4		相识的纪念日？
135053402	135053	4	1939	……邦比娜塔记忆数据中，第一次和您见面并不是今天……
135053403	135053	4	6723	但现有的记忆数据告诉邦比娜塔，指挥官也是如同主人一样的存在……
135053404	135053	4	12248	主人……您会因为邦比娜塔弄错了日期而生气吗……
135055101	135055	1		……？
135055102	135055	1	10190	是要邦比娜塔为您跳一支舞吗？
135055201	135055	2		……？
135055202	135055	2	9710	是、是要邦比娜塔为您跳一支舞吗？
135055301	135055	3		……？
135055302	135055	3	10357	是要邦比娜塔为您跳一支舞吗？
135055401	135055	4		……？
135055402	135055	4	10178	是要邦比娜塔为您跳一支舞吗？
136018201	136018	2		第一次知道莫瑞要担任三头犬小队的指挥官真是吓了我一跳，非常担心他 能不能应付得来那群队员……
136018202	136018	2	10283	但看来是我想多了，他一直在成长。
136018203	136018	2	14285	不过比起三头犬，我还是更喜欢灰鸦。
136018204	136018	2	17730	哼，也许是因为你不会踩到会议桌上跳霹雳舞……
136018205	136018	2	23229	你不会，是吧？
136018101	136018	1		第一次知道莫瑞要担任三头犬小队的指挥官真是吓了我一跳，非常担心他 能不能应付得来那群队员……
136018102	136018	1	10358	但看来是我想多了，他一直在成长。
136018103	136018	1	14471	不过比起三头犬，我还是更喜欢灰鸦。
136018104	136018	1	18545	哼，也许是因为你不会踩在会议桌上跳霹雳舞……
136018105	136018	1	23493	你不会，是吧？
136018301	136018	3		第一次知道莫瑞要担任三头犬小队的指挥官真是吓了我一跳，非常担心他 能不能应付得来那群队员……
136018302	136018	3	10133	但看来是我想多了，他一直在成长。
136018303	136018	3	14398	不过比起三头犬，我还是更喜欢灰鸦。
136018304	136018	3	17990	哼，也许是因为你不会踩在会议桌上跳霹雳舞……
136018305	136018	3	22863	你不会，是吧？
136018401	136018	4		……
136018402	136018	4	3649	第一次知道莫瑞要担任三头犬小队的指挥官真是吓了我一跳，非常担心他 能不能应付得来那群队员……
136018403	136018	4	10627	但看来是我想多了，他一直在成长。
136018404	136018	4	15629	不过比起三头犬，我还是更喜欢灰鸦。
136018405	136018	4	19038	哼，也许是因为你不会踩在会议桌上跳霹雳舞……
136018406	136018	4	24552	你不会，是吧？
136020201	136020	2		很久以前的人类使用沙漏来计时， 虽然不精确，但对于时间的单向性是 最好的表现了。
136020202	136020	2	10842	是，对于处在三维的我们来说，时间无法倒流，人类没有后悔重来的机会……
136020203	136020	2	19033	我？我当然不会后悔，即使存在过无数种可能性的分支，但我最终都会选择 走向你。
136020101	136020	1		很久以前的人类使用沙漏来计时， 虽然不精确，但对于时间的单向性是 最好的表现了。
136020102	136020	1	10819	是，对处在三维的我们来说，时间无法倒流，人类没有后悔重来的机会……
136020103	136020	1	19615	我？我当然不会后悔，即使存在过无数种可能性的分支，但我最终都会选择 走向你。
136020301	136020	3		很久以前的人类使用沙漏来计时， 虽然不精确，但对于时间的单向性是 最好的表现了。
136020302	136020	3	10871	是，对处在三维的我们来说，时间无法倒流，人类没有后悔重来的机会……
136020303	136020	3	18806	我？我当然不会后悔，即使存在过无数种可能性的分支，但我最终都会选择 走向你。
136020401	136020	4		……
136020402	136020	4	2435	很久以前的人类使用沙漏来计时， 虽然不精确，但对于时间的单向性是 最好的表现了。
136020403	136020	4	11941	是，对处在三维的我们来说，时间无法倒流，人类没有后悔重来的机会……
136020404	136020	4	18850	我？我当然不会后悔，即使存在过无数种可能性的分支，但我最终都会选择 走向你。
136035101	136035	1		谢谢，正好需要这个，这样一来答应给你的辅助机器人就能完成了……
136035102	136035	1	11425	你说这是你送给我的礼物？ 需要分得那么清吗？
136035201	136035	2		谢谢，正好需要这个，这样一来答应给你的辅助机器人就能完成了……
136035202	136035	2	11528	你说这是你送给我的礼物？ 需要分得这么清吗？
136035301	136035	3		谢谢，正好需要这个，这样一来答应给你的辅助机器人就能完成了……
136035302	136035	3	11318	你说这是你送给我的礼物？ 需要分得那么清吗？
136035401	136035	4		……
136035402	136035	4	2914	谢谢，正好需要这个，这样一来答应给你的辅助机器人就能完成了……
136035403	136035	4	11303	你说这是你送给我的礼物？ 需要分得那么清吗？
136056101	136056	1		唔！指挥官！
136056102	136056	1	3997	……
136056103	136056	1	10986	你还真是玩不腻啊。
136056201	136056	2		唔！指挥官！
136056202	136056	2	3981	……
136056203	136056	2	11202	你还真是玩不腻啊。
136056301	136056	3		唔！指挥官！
136056302	136056	3	3494	……
136056303	136056	3	11129	你还真是玩不腻啊。
136056401	136056	4		……
136056402	136056	4	1852	唔！指挥官！
136056403	136056	4	4575	……
136056404	136056	4	11900	你还真是玩不腻啊。
136058101	136058	1		……
136058102	136058	1	4214	想不到灰鸦的基地里会出现胡闹的小孩
136058103	136058	1	7973	需要我立刻抱你去青少年培育中心吗？
136058201	136058	2		……
136058202	136058	2	3981	想不到灰鸦的基地里会出现胡闹的小孩
136058203	136058	2	7816	需要我立刻抱你去青少年培育中心吗？
136058301	136058	3		……
136058302	136058	3	3999	想不到灰鸦的基地里会出现胡闹的小孩
136058303	136058	3	8030	需要我立刻抱你去青少年培育中心吗？
136058401	136058	4		……
136058402	136058	4	5155	想不到灰鸦的基地里会出现胡闹的小孩
136058403	136058	4	9414	需要我立刻抱你去青少年培育中心吗？
136050101	136050	1		你来了。
136050102	136050	1	3640	如果有一天我不能在这个时间看到你， 恐怕会相当不习惯……
136050103	136050	1	9919	咳，没什么，有一些需要我们一起 完成的任务，要现在出发吗？
136050201	136050	2		你来了。
136050202	136050	2	3882	如果有一天我不能在这个时间看到你， 恐怕会相当不习惯……
136050203	136050	2	9013	咳，没什么，有一些需要我们一起 完成的任务，要现在出发吗？
136050301	136050	3		你来了。
136050302	136050	3	3677	如果有一天我不能在这个时间看到你， 恐怕会相当不习惯……
136050303	136050	3	9195	咳，没什么，有一些需要我们一起 完成的任务，要现在出发吗？
136050401	136050	4		……
136050402	136050	4	3099	你来了。
136050403	136050	4	4558	如果有一天我不能在这个时间看到你， 恐怕会相当不习惯……
136050404	136050	4	10154	咳，没什么，有一些需要我们一起 完成的任务，要现在出发吗？
136044101	136044	1		剩下的工作交给我， 你先去休息吧。
136044102	136044	1	5768	不许反驳！
136044103	136044	1	7703	我可不想看到我的指挥官顶着黑眼圈 出现在公共场合
136044104	136044	1	11590	影响舰船美化，有碍观瞻。
136044201	136044	2		剩下的工作交给我，你先去休息吧。
136044202	136044	2	5754	不许反驳！
136044203	136044	2	7703	我可不想看到我的指挥官顶着黑眼圈 出现在公共场合，影响舰船美化， 有碍观瞻。
136044301	136044	3		剩下的工作交给我，你先去休息吧。
136044302	136044	3	5710	不许反驳！
136044303	136044	3	7194	我可不想看到我的指挥官顶着黑眼圈 出现在公共场合，影响舰船美化， 有碍观瞻。
136044401	136044	4		……
136044402	136044	4	2614	剩下的工作交给我，你先去休息吧。
136044403	136044	4	5544	不许反驳！
136044404	136044	4	8549	我可不想看到我的指挥官顶着黑眼圈 出现在公共场合，影响舰船美化， 有碍观瞻。
136040201	136040	2		……
136040202	136040	2	3926	指挥官，指挥官！
136040203	136040	2	9010	唉……
136040204	136040	2	9891	……果然是累睡着了， 手还抓着战术终端不放
136040205	136040	2	15540	连睡着都这么不安稳……
136040206	136040	2	18239	至少换个更舒服的地方睡吧。
136040207	136040	2	21971	……
136040208	136040	2	24322	真是，好像又轻了……
136040209	136040	2	28449	究竟是揽了多少工作？
136040210	136040	2	30239	……
136040101	136040	1		……
136040102	136040	1	3663	指挥官，指挥官！
136040103	136040	1	9847	……果然是累睡着了，手还抓着战术 终端不放，连睡着都这么不安稳……
136040104	136040	1	18418	至少换个更舒服的地方睡吧。
136040105	136040	1	23023	……
136040106	136040	1	24384	真是，好像又轻了……
136040107	136040	1	28403	究竟是揽了多少工作？
136040108	136040	1	30975	……
136040301	136040	3		……
136040302	136040	3	3842	指挥官，指挥官！
136040303	136040	3	8952	唉……
136040304	136040	3	9921	……果然是累睡着了， 手还抓着战术终端不放
136040305	136040	3	15487	连睡着都这么不安稳……
136040306	136040	3	18152	至少换个更舒服的地方睡吧。
136040307	136040	3	20764	……
136040308	136040	3	24307	真是，好像又轻了……
136040309	136040	3	28064	究竟是揽了多少工作？
136040310	136040	3	29859	……
136040401	136040	4		……
136040402	136040	4	5503	指挥官，指挥官！
136040403	136040	4	10347	唉……
136040404	136040	4	11355	……果然是累睡着了， 手还抓着战术终端不放
136040405	136040	4	17885	连睡着都这么不安稳……
136040406	136040	4	20405	至少换个更舒服的地方睡吧。
136040407	136040	4	23088	……
136040408	136040	4	27739	真是，好像又轻了……
136040409	136040	4	30016	究竟是揽了多少工作？
136040410	136040	4	31779	……
136054201	136054	2		这么长时间，你究竟去哪了？
136054202	136054	2	8908	如果你决定离开， 我希望你至少能给我一个正式的道别
136054203	136054	2	14389	算了……你还是回来了，回来就好。
136054101	136054	1		这么长时间，你究竟去哪了？
136054102	136054	1	8721	如果你决定离开， 我希望你至少能给我一个正式的道别
136054103	136054	1	14428	算了……你还是回来了，回来就好。
136054301	136054	3		这么长时间，你究竟去哪了？
136054302	136054	3	8877	如果你决定离开， 我希望你至少能给我一个正式的道别
136054303	136054	3	14097	算了……你还是回来了，回来就好。
136054401	136054	4		……
136054402	136054	4	2028	这么长时间，你究竟去哪了？
136054403	136054	4	4935	……
136054404	136054	4	9774	如果你决定离开， 我希望你至少能给我一个正式的道别
136054405	136054	4	14879	算了……你还是回来了，回来就好。
136013101	136013	1		……
136013102	136013	1	8667	没有事情就不能待在这里了吗？ 我只是需要一个不被打扰的环境来调整我的枪械组
136013103	136013	1	14846	维护室的外人太多，我不习惯。
136013201	136013	2		……
136013202	136013	2	8667	没有事情就不能待在这里了吗？我只是需要一个不被打扰的环境来调整我的枪械组，维护室的外人太多，我不习惯。
136013301	136013	3		……
136013302	136013	3	8628	没有事情就不能待在这里了吗？我只是需要一个不被打扰的环境来调整我的枪械组，维护室的外人太多，我不习惯。
136013401	136013	4		……
136013402	136013	4	9484	没有事情就不能待在这里了吗？我只是需要一个不被打扰的环境来调整我的枪械组，维护室的外人太多，我不习惯。
136001101	136001	1		灰鸦小队，里，在此报到。
136001102	136001	1	5353	嗯，我回来了。
136001103	136001	1	9044	我们对彼此已经足够熟悉，就跳过这些繁文缛节，直接进入正题吧，指挥官。
136001201	136001	2		灰鸦小队，里，在此报到。 嗯，我回来了。
136001202	136001	2	4686	我们对彼此已经足够熟悉，就跳过这些繁文缛节，直接进入正题吧，指挥官。
136001301	136001	3		灰鸦小队，里，在此报到。
136001302	136001	3	5138	嗯，我回来了。
136001303	136001	3	7883	我们对彼此已经足够熟悉，就跳过这些繁文缛节，直接进入正题吧，指挥官。
136001401	136001	4		灰鸦小队，里，在此报到。
136001402	136001	4	2705	嗯，我回来了。
136001403	136001	4	4648	我们对彼此已经足够熟悉，就跳过这些繁文缛节，直接进入正题吧，指挥官。
136014101	136014	1		你想看看我在武器上都改装了什么战斗之外的功能？
136014102	136014	1	7231	你怎么知……
136014103	136014	1	12207	算了，看好了，我只演示这一次。
136014201	136014	2		你想看看我在武器上都改装了什么战斗之外的功能？你怎么知……
136014202	136014	2	6776	算了，看好了，我只演示这一次。
136014301	136014	3		你想看看我在武器上都改装了什么战斗之外的功能？
136014302	136014	3	4509	你怎么知……
136014303	136014	3	7056	算了……
136014304	136014	3	8705	看好了，我只演示这一次。
136014401	136014	4		你想看看我在武器上都改装了什么战斗之外的功能？
136014402	136014	4	4138	你怎么知……
136014403	136014	4	6717	算了……
136014404	136014	4	8280	看好了，我只演示这一次。
136016101	136016	1		这里应该是…… 还是拆开重新安装更快……
136016102	136016	1	7243	嗯？
136016103	136016	1	9233	我在调整你的外骨骼
136016104	136016	1	15948	可以交给寰宇技师工会？
136016105	136016	1	21501	他们是会常规维护， 但并不熟悉你的活动习惯
136016106	136016	1	30401	你取出左侧的战术刀时这里会有阻力吧
136016107	136016	1	36205	之后不会再有这样的问题了。
136016201	136016	2		这里应该是…… 还是拆开重新安装更快……
136016202	136016	2	4266	嗯？
136016203	136016	2	5294	我在调整你的外骨骼， 可以交给寰宇技师工会？
136016204	136016	2	9924	他们是会常规维护，但并不熟悉你的活动习惯，你取出左侧的战术刀时这里会有阻力吧？之后不会再有这样的问题了
136016301	136016	3		这里应该是…… 还是拆开重新安装更快……
136016302	136016	3	6426	嗯？
136016303	136016	3	7348	我在调整你的外骨骼，可以交给寰宇技师工会？
136016304	136016	3	12064	他们是会常规维护， 但并不熟悉你的活动习惯
136016305	136016	3	17223	你取出左侧的战术刀时这里会有阻力吧
136016306	136016	3	20964	之后不会再有这样的问题了。
136016401	136016	4		这里应该是…… 还是拆开重新安装更快……
136016402	136016	4	5811	嗯？
136016403	136016	4	7489	我在调整你的外骨骼，可以交给寰宇技师工会？
136016404	136016	4	13505	他们是会常规维护， 但并不熟悉你的活动习惯
136016405	136016	4	18569	你取出左侧的战术刀时这里会有阻力吧
136016406	136016	4	22768	之后不会再有这样的问题了。
136017101	136017	1		万物从未停止进化的过程，但宇宙中物质的总和保持不变，诞生伴随着死亡，湮灭的同时也会产生能量——
136017102	136017	1	14729	我们得到的东西， 总有一天会以各种形式偿还……
136017103	136017	1	20414	指挥官，“奇迹”的背后， 是无法估量的代价。
136017201	136017	2		万物从未停止进化的过程，但宇宙中物质的总和保持不变，诞生伴随着死亡，湮灭的同时也会产生能量——
136017202	136017	2	10636	我们得到的东西， 总有一天会以各种形式偿还……
136017203	136017	2	14954	指挥官，“奇迹”的背后， 是无法估量的代价。
136017301	136017	3		万物从未停止进化的过程，但宇宙中物质的总和保持不变，诞生伴随着死亡，湮灭的同时也会产生能量——
136017302	136017	3	14040	我们得到的东西， 总有一天会以各种形式偿还……
136017303	136017	3	19483	指挥官，“奇迹”的背后， 是无法估量的代价。
136017401	136017	4		万物从未停止进化的过程，但宇宙中物质的总和保持不变，诞生伴随着死亡，湮灭的同时也会产生能量——
136017402	136017	4	9767	我们得到的东西， 总有一天会以各种形式偿还……
136017403	136017	4	15789	指挥官，“奇迹”的背后， 是无法估量的代价。
136021101	136021	1		在档案中看到了我的本名？
136021102	136021	1	5068	不，这不是什么需要被隐藏的秘密
136021103	136021	1	9698	如今的我是灰鸦小队的里—— 我曾经认为这个名字不过只是又一个 暂时的身份代号
136021104	136021	1	18597	但现在我会以此为归宿， 以此为信标——战斗到最后一刻。
136021201	136021	2		在档案中看到了我的本名？
136021202	136021	2	2793	不，这不是什么需要被隐藏的秘密
136021203	136021	2	6951	如今的我是灰鸦小队的里—— 我曾经认为这个名字不过只是又一个 暂时的身份代号
136021204	136021	2	13741	但现在我会以此为归宿， 以此为信标——战斗到最后一刻。
136021301	136021	3		在档案中看到了我的本名？
136021302	136021	3	4799	不，这不是什么需要被隐藏的秘密
136021303	136021	3	7605	如今的我是灰鸦小队的里—— 我曾经认为这个名字不过只是又一个 暂时的身份代号
136021304	136021	3	15059	但现在我会以此为归宿， 以此为信标——战斗到最后一刻。
136021401	136021	4		在档案中看到了我的本名？
136021402	136021	4	3061	不，这不是什么需要被隐藏的秘密
136021403	136021	4	5729	如今的我是灰鸦小队的里—— 我曾经认为这个名字不过只是又一个 暂时的身份代号
136021404	136021	4	13447	但现在我会以此为归宿， 以此为信标——战斗到最后一刻。
136022101	136022	1		战术配合……
136022102	136022	1	4272	在我曾经待过的地方不存在这样的东西
136022103	136022	1	9551	那里只有无止境的背叛和掠夺， 所有人为了跨过刀海， 都急着把别人挤下独木桥……
136022104	136022	1	22239	呼……
136022105	136022	1	29055	但是……现在我不用再想那些了。
136022106	136022	1	35051	虽然我不止一次提醒过自己不要去相信“运气”这种东西，但是能加入灰鸦 小队，遇到你，我真的非常幸运。
136022201	136022	2		战术配合……
136022202	136022	2	2784	在我曾经待过的地方不存在这样的东西
136022203	136022	2	6805	那里只有无止境的背叛和掠夺， 所有人为了跨过刀海， 都急着把别人挤下独木桥……
136022204	136022	2	14401	呼……
136022205	136022	2	18057	但是……现在我不用再想那些了。
136022206	136022	2	21994	虽然我不止一次提醒过自己不要去相信“运气”这种东西，但是能加入灰鸦 小队，遇到你，我真的非常幸运。
136022301	136022	3		战术配合……
136022302	136022	3	2763	在我曾经待过的地方不存在这样的东西
136022303	136022	3	6754	那里只有无止境的背叛和掠夺， 所有人为了跨过刀海， 都急着把别人挤下独木桥……
136022304	136022	3	16163	呼……
136022305	136022	3	20783	但是……现在我不用再想那些了。
136022306	136022	3	25485	虽然我不止一次提醒过自己不要去相信“运气”这种东西，但是能加入灰鸦 小队，遇到你，我真的非常幸运。
136022401	136022	4		战术配合……
136022402	136022	4	2705	在我曾经待过的地方不存在这样的东西
136022403	136022	4	5575	那里只有无止境的背叛和掠夺， 所有人为了跨过刀海， 都急着把别人挤下独木桥……
136022404	136022	4	14520	呼……
136022405	136022	4	16312	但是……现在我不用再想那些了。
136022406	136022	4	20784	虽然我不止一次提醒过自己不要去相信“运气”这种东西，但是能加入灰鸦 小队，遇到你，我真的非常幸运。
136023101	136023	1		“你不是独自一人”
136023102	136023	1	5546	这句话对我来说太过沉重。
136023103	136023	1	9666	不……正是因为它太过珍贵， 所以我更不愿看到对我说出这句话的人经受痛苦
136023104	136023	1	17951	既然如此， 还是独自承担一切更令我心安——
136023105	136023	1	21775	曾经我是这样想过，但这样的想法换来的只是更为沉重的后果……
136023106	136023	1	31800	我明白你想要说什么，指挥官，不管未来怎样，我以后都会跟你一起走下去。
136023201	136023	2		“你不是独自一人”， 这句话对我来说太过沉重。
136023202	136023	2	4778	不……正是因为它太过珍贵， 所以我更不愿看到对我说出这句话的人经受痛苦
136023203	136023	2	11457	既然如此，还是独自承担一切更令我 心安——曾经我是这样想过，但这样的想法换来的只是更为沉重的后果……
136023204	136023	2	21993	我明白你想要说什么，指挥官，不管未来怎样，我以后都会跟你一起走下去。
136023301	136023	3		“你不是独自一人”
136023302	136023	3	2968	这句话对我来说太过沉重。
136023303	136023	3	7759	不……正是因为它太过珍贵， 所以我更不愿看到对我说出这句话的人经受痛苦
136023304	136023	3	15580	既然如此， 还是独自承担一切更令我心安——
136023305	136023	3	20868	曾经我是这样想过，但这样的想法换来的只是更为沉重的后果……
136023306	136023	3	28359	我明白你想要说什么，指挥官，不管未来怎样，我以后都会跟你一起走下去。
136023401	136023	4		“你不是独自一人”
136023402	136023	4	2542	这句话对我来说太过沉重。
136023403	136023	4	6783	不……正是因为它太过珍贵， 所以我更不愿看到对我说出这句话的人经受痛苦
136023404	136023	4	14528	既然如此， 还是独自承担一切更令我心安——
136023405	136023	4	21185	曾经我是这样想过，但这样的想法换来的只是更为沉重的后果……
136023406	136023	4	26460	我明白你想要说什么，指挥官，不管未来怎样，我以后都会跟你一起走下去。
136028101	136028	1		喏，你的小机器人修好了， 我顺便加上了语音备忘录的功能……
136028102	136028	1	9247	嗯？
136028103	136028	1	10648	你想把语音数据替换成我的？
136028104	136028	1	15019	你……想都别想！
136028201	136028	2		喏，你的小机器人修好了， 我顺便加上了语音备忘录的功能……
136028202	136028	2	6659	你想把语音数据替换成我的？
136028203	136028	2	9375	你……想都别想！
136028301	136028	3		喏，你的小机器人修好了， 我顺便加上了语音备忘录的功能……
136028302	136028	3	8246	你想把语音数据替换成我的？
136028303	136028	3	11540	你……想都别想！
136028401	136028	4		喏，你的小机器人修好了， 我顺便加上了语音备忘录的功能……
136028402	136028	4	5536	你想把语音数据替换成我的？
136028403	136028	4	8915	你……
136028404	136028	4	10392	想都别想！
136031101	136031	1		你都是从哪找到这些东西的……
136031102	136031	1	3730	等下，我没说不要啊！
136031103	136031	1	7424	你既然给我了，那就只能是我的。
136031201	136031	2		你都是从哪找到这些东西的……
136031202	136031	2	3201	等下，我没说不要啊！
136031203	136031	2	5703	你既然给我了，那就只能是我的。
136031301	136031	3		你都是从哪找到这些东西的……
136031302	136031	3	3916	等下，我没说不要啊！
136031303	136031	3	6420	你既然给我了，那就只能是我的。
136032101	136032	1		你想试试我的新武器吗？
136032102	136032	1	3978	嗯，现在处在试做阶段， 远没有达到量产的标准……
136032103	136032	1	10073	因为各组件的拟合需要相当精密的 技术，我可以教你如何切换……
136032104	136032	1	16931	虽然复杂， 但它作为武器来说各方面都足够优秀
136032105	136032	1	21566	当然，目前也只有我才能完全驾驭它。
136032201	136032	2		你想试试我的新武器？
136032202	136032	2	2542	嗯，现在处在试做阶段， 远没有达到量产的标准……
136032203	136032	2	7577	因为各组件的拟合需要相当精密的 技术，我可以教你如何切换……
136032204	136032	2	12375	虽然复杂， 但它作为武器来说各方面都足够优秀
136032205	136032	2	16841	当然，目前也只有我才能完全驾驭它。
136032301	136032	3		你想试试我的新武器吗？
136032302	136032	3	3366	嗯，现在处在试做阶段， 远没有达到量产的标准……
136032303	136032	3	8887	因为各组件的拟合需要相当精密的 技术，我可以教你如何切换……
136032304	136032	3	15300	虽然复杂， 但它作为武器来说各方面都足够优秀
136032305	136032	3	20568	当然，目前也只有我才能完全驾驭它。
136032401	136032	4		你想试试我的新武器吗？
136032402	136032	4	2048	嗯，现在处在试做阶段， 远没有达到量产的标准……
136032403	136032	4	5794	因为各组件的拟合需要相当精密的 技术，我可以教你如何切换……
136032404	136032	4	11606	虽然复杂， 但它作为武器来说各方面都足够优秀
136032405	136032	4	16137	当然，目前也只有我才能完全驾驭它。
136097101	136097	1		唔……
136097102	136097	1	2583	嗯？
136097103	136097	1	4188	我看上去很苦恼？
136097104	136097	1	7112	并不是，我只是在想密封仓库申请的费用越来越高了，要怎么把你的这些东西保存得最好——
136097105	136097	1	17501	不，不对，什么都没有！
136097201	136097	2		唔……
136097202	136097	2	1868	嗯？
136097203	136097	2	2744	我看上去很苦恼？
136097204	136097	2	4251	并不是，我只是在想密封仓库申请的费用越来越高了，要怎么把你的这些东西保存得最好——
136097205	136097	2	11565	不，不对，什么都没有！
136097301	136097	3		唔……
136097302	136097	3	3589	嗯？
136097303	136097	3	4586	我看上去很苦恼？
136097304	136097	3	7129	并不是，我只是在想密封仓库申请的费用越来越高了，要怎么把你的这些东西保存得最好——
136097305	136097	3	14803	不，不对，什么都没有！
136097401	136097	4		唔……
136097402	136097	4	2443	嗯？
136097403	136097	4	4025	我看上去很苦恼？
136097404	136097	4	6045	并不是，我只是在想密封仓库申请的费用越来越高了，要怎么把你的这些东西保存得最好——
136097405	136097	4	14544	不，不对，什么都没有！
136037101	136037	1		小时候，为了给莫瑞讲热机的原理， 我曾经给他做过一种叫做“饮水鸟”的 玩具……
136037102	136037	1	10583	你问我为什么突然说这个？
136037103	136037	1	14489	因为你打瞌睡点头的频率， 已经快能和那只鸟媲美了。
136037201	136037	2		小时候，为了给莫瑞讲热机的原理， 我曾经给他做过一种叫做“饮水鸟”的 玩具……
136037202	136037	2	6560	你问我为什么突然说这个？
136037203	136037	2	9155	因为你打瞌睡点头的频率， 已经快能和那只鸟媲美了。
136037301	136037	3		小时候，为了给莫瑞讲热机的原理， 我曾经给他做过一种叫做“饮水鸟”的 玩具……
136037302	136037	3	9135	你问我为什么突然说这个？
136037303	136037	3	11521	因为你打瞌睡点头的频率， 已经快能和那只鸟媲美了。
136037401	136037	4		小时候，为了给莫瑞讲热机的原理， 我曾经给他做过一种叫做“饮水鸟”的 玩具……
136037402	136037	4	5172	你问我为什么突然说这个？
136037403	136037	4	7292	因为你打瞌睡点头的频率， 已经快能和那只鸟媲美了。
136038101	136038	1		指挥官，上次的实验结果……
136038102	136038	1	5205	指挥官？
136038103	136038	1	7939	人不在吗……
136038104	136038	1	11216	也是，这个人怎么可能闲得住
136038105	136038	1	18430	就在这里稍微等一会吧。
136038201	136038	2		指挥官，上次的实验结果……
136038202	136038	2	3610	指挥官？
136038203	136038	2	5603	人不在吗……
136038204	136038	2	6961	也是，这个人怎么可能闲得住
136038205	136038	2	10673	唉……
136038206	136038	2	11973	就在这里稍微等一会吧。
136038301	136038	3		指挥官，上次的实验结果……
136038302	136038	3	4380	指挥官？
136038303	136038	3	6276	人不在吗……
136038304	136038	3	8063	也是，这个人怎么可能闲得住
136038305	136038	3	14163	就在这里稍微等一会吧。
136038401	136038	4		指挥官，上次的实验结果……
136038402	136038	4	3339	指挥官？
136038403	136038	4	5195	人不在吗……
136038404	136038	4	7226	也是，这个人怎么可能闲得住
136038405	136038	4	12394	就在这里稍微等一会吧。
136060101	136060	1		你戳的每一下， 我都会以指数倍增奉还……
136060102	136060	1	5155	嗯——截至目前，已经累计了133637次
136060103	136060	1	12654	那么，准备好接受“回礼”了吗？
136060201	136060	2		你戳的每一下， 我都会以指数倍增奉还……
136060202	136060	2	4364	嗯——截至目前，已经累计了133637次
136060203	136060	2	10442	那么，准备好接受“回礼”了吗？
136060301	136060	3		你戳的每一下， 我都会以指数倍增奉还……
136060302	136060	3	5186	嗯——截至目前，已经累计了133637次
136060303	136060	3	12764	那么，准备好接受“回礼”了吗？
136060401	136060	4		你戳的每一下， 我都会以指数倍增奉还……
136060402	136060	4	4364	嗯——截至目前，已经累计了133637次
136060403	136060	4	14249	那么，准备好接受“回礼”了吗？
136045101	136045	1		这不会就是堂堂灰鸦指挥官的 报复计划吧……
136045102	136045	1	6062	哼，我在说什么？
136045103	136045	1	10801	你是想向我证明人类的身躯也能像 构造体一样连轴转三天吗？
136045104	136045	1	19834	我向你保证， 以后不会再以那种方式工作了。
136045105	136045	1	23868	相应地……你也快去休息。
136045201	136045	2		这不会就是堂堂灰鸦指挥官的 报复计划吧……
136045202	136045	2	3558	哼，我在说什么？
136045203	136045	2	6033	你是想向我证明人类的身躯也能像 构造体一样连轴转三天吗？
136045204	136045	2	10723	我向你保证， 以后不会再以那种方式工作了。
136045205	136045	2	14526	相应地……你也快去休息。
136045301	136045	3		这不会就是堂堂灰鸦指挥官的 报复计划吧……
136045302	136045	3	5081	哼，我在说什么？
136045303	136045	3	7786	你是想向我证明人类的身躯也能像 构造体一样连轴转三天吗？
136045304	136045	3	14305	我向你保证， 以后不会再以那种方式工作了。
136045305	136045	3	18365	相应地……你也快去休息。
136045401	136045	4		这不会就是堂堂灰鸦指挥官的 报复计划吧……
136045402	136045	4	4507	哼，我在说什么？
136045403	136045	4	8259	你是想向我证明人类的身躯也能像 构造体一样连轴转三天吗？
136045404	136045	4	13884	我向你保证， 以后不会再以那种方式工作了。
136045405	136045	4	17579	相应地……你也快去休息。
136051101	136051	1		我并没有在发呆，我只是在思考 三门问题，排除掉一扇你不会进的门， 剩下两扇里哪个你会出现——
136051102	136051	1	13299	嗯？
136051103	136051	1	15129	这里只有一扇大门？
136051104	136051	1	19711	咳……
136051201	136051	2		我并没有在发呆，我只是在思考 三门问题，排除掉一扇你不会进的门， 剩下两扇里哪个你会出现——
136051202	136051	2	10726	这里只有一扇大门？
136051203	136051	2	13066	咳……
136051301	136051	3		我并没有在发呆，我只是在思考 三门问题，排除掉一扇你不会进的门， 剩下两扇里哪个你会出现——
136051302	136051	3	12221	这里只有一扇大门？
136051303	136051	3	15115	咳……
136051401	136051	4		我并没有在发呆，我只是在思考 三门问题，排除掉一扇你不会进的门， 剩下两扇里哪个你会出现——
136051402	136051	4	11352	这里只有一扇大门？
136051403	136051	4	14347	咳……
136052101	136052	1		你昨晚是不是又熬夜了？
136052102	136052	1	4080	对自己的小队负责的体现之一就是对自己的身体状况负责，你作为“首席”，不应该不明白这个道理，可你最近的 平均睡眠时间只有……
136052103	136052	1	20702	你还问我为什么知道得那么清楚？
136052104	136052	1	24039	当然是因为我问了拉普拉斯妖。
136052201	136052	2		你昨晚是不是又熬夜了？
136052202	136052	2	2181	对自己的小队负责的体现之一就是对自己的身体状况负责，你作为“首席”，不应该不明白这个道理，可你最近的 平均睡眠时间只有……
136052203	136052	2	11735	你还问我为什么知道得那么清楚？
136052204	136052	2	14533	当然是因为我问了拉普拉斯妖。
136052301	136052	3		你昨晚是不是又熬夜了？
136052302	136052	3	3375	对自己的小队负责的体现之一就是对自己的身体状况负责，你作为“首席”，不应该不明白这个道理，可你最近的 平均睡眠时间只有……
136052303	136052	3	16411	你还问我为什么知道得那么清楚？
136052304	136052	3	18934	当然是因为我问了拉普拉斯妖。
136052401	136052	4		你昨晚是不是又熬夜了？
136052402	136052	4	2862	对自己的小队负责的体现之一就是对自己的身体状况负责，你作为“首席”，不应该不明白这个道理，可你最近的 平均睡眠时间只有……
136052403	136052	4	13061	你还问我为什么知道得那么清楚？
136052404	136052	4	14776	当然是因为我问了拉普拉斯妖。
136053101	136053	1		早啊，睡醒了？
136053102	136053	1	4747	嗯
136053103	136053	1	6090	今天的问候就是这个了， 明天也可以再试试别的。
136053104	136053	1	12756	反正我们未来每天都得这么问候一句，那干脆定一个我们都喜欢的句子更方便——所以，你喜欢哪句？
136053201	136053	2		早啊，睡醒了？
136053202	136053	2	2723	嗯
136053203	136053	2	4039	今天的问候就是这个了， 明天也可以再试试别的。
136053204	136053	2	9649	反正我们未来每天都得这么问候一句，那干脆定一个我们都喜欢的句子更方便——所以，你喜欢哪句？
136053301	136053	3		早啊，睡醒了？
136053302	136053	3	3765	嗯
136053303	136053	3	5098	今天的问候就是这个了， 明天也可以再试试别的。
136053304	136053	3	10527	反正我们未来每天都得这么问候一句，那干脆定一个我们都喜欢的句子更方便——所以，你喜欢哪句？
136053401	136053	4		早啊，睡醒了？
136053402	136053	4	3196	嗯
136053403	136053	4	3784	今天的问候就是这个了， 明天也可以再试试别的。
136053404	136053	4	8754	反正我们未来每天都得这么问候一句，那干脆定一个我们都喜欢的句子更方便——所以，你喜欢哪句？
136057101	136057	1		如果我失去平衡， 第一反应就是拉你垫背……
136057102	136057	1	6306	咳，开玩笑的，别闹了
136057103	136057	1	10724	当心反而伤到你自己。
136057201	136057	2		如果我失去平衡， 第一反应就是拉你垫背……
136057202	136057	2	4670	咳，开玩笑的，别闹了
136057203	136057	2	6555	当心反而伤到你自己。
136057301	136057	3		如果我失去平衡， 第一反应就是拉你垫背……
136057302	136057	3	6724	咳，开玩笑的，别闹了
136057303	136057	3	8926	当心反而伤到你自己。
136099101	136099	1		给你，这是回礼……
136099102	136099	1	3454	一个小型定位器，是用我修整机体时换下的动力核心改装的，即使通讯断绝，你也能通过它知道我在哪。
136099103	136099	1	16849	相对的，如果你按下这个按钮， 我也能知道你的位置，只要你需要我， 不管有多远，我都一定会赶去你身边。
136099201	136099	2		给你，这是回礼……
136099202	136099	2	3197	一个小型定位器，是用我修整机体时换下的动力核心改装的，即使通讯断绝，你也能通过它知道我在哪。
136099203	136099	2	12155	相对的，如果你按下这个按钮， 我也能知道你的位置，只要你需要我， 不管有多远，我都一定会赶去你身边。
136099301	136099	3		给你，这是回礼……
136099302	136099	3	3370	一个小型定位器，是用我修整机体时换下的动力核心改装的，即使通讯断绝，你也能通过它知道我在哪。
136099303	136099	3	14136	相对的，如果你按下这个按钮， 我也能知道你的位置，只要你需要我， 不管有多远，我都一定会赶去你身边。
136099401	136099	4		给你，这是回礼……
136099402	136099	4	2946	一个小型定位器，是用我修整机体时换下的动力核心改装的，即使通讯断绝，你也能通过它知道我在哪。
136099403	136099	4	11939	相对的，如果你按下这个按钮， 我也能知道你的位置，只要你需要我， 不管有多远，我都一定会赶去你身边。
130060101	130060	1		呼呼呼~指挥官点击的动作在七实看来就像是静止一样呢……
130060102	130060	1	6025	呜哇，住手啦
130060103	130060	1	9372	七实只是想要说说这句耍帅的台词而已
130060201	130060	2		呼呼呼~指挥官点击的动作在七实看来就像是静止一样呢……
130060202	130060	2	5776	呜哇，住手啦，七实只是想要说说这句耍帅的台词而已。
130060301	130060	3		呼呼呼~指挥官点击的动作在七实看来就像是静止一样呢……
130060302	130060	3	6154	呜哇，住手啦，七实只是想要说说这句耍帅的台词而已。
130060401	130060	4		呼呼呼~指挥官点击的动作在七实看来就像是静止一样呢……
130060402	130060	4	6314	呜哇，住手啦，七实只是想要说说这句耍帅的台词而已。
130054101	130054	1		……
130054102	130054	1	5547	指挥官，你不准忘记七实哦。
130054201	130054	2		……
130054202	130054	2	5270	指挥官，你不准忘记七实哦。
130054301	130054	3		……
130054302	130054	3	5612	指挥官，你不准忘记七实哦。
130056101	130056	1		……
130056102	130056	1	2523	要是七实晕了的话， 你要负责把七实抱回去！
130039301	130039	3		指挥官
130039302	130039	3	2813	如果还是不理七实的话， 七实也是会生气的哦！嗯呜——！
130056301	130056	3		……
130056302	130056	3	3018	要是七实晕了的话， 你要负责把七实抱回去！
132019101	132019	1		哎，我还真是劳苦命， 老是被你找上门……
132019102	132019	1	9536	你要去哪里？不准找别人！
132019201	132019	2		哎，我还真是劳苦命， 老是被你找上门……
132019202	132019	2	10545	你要去哪里？不准找别人！
132019301	132019	3		哎，我还真是劳苦命， 老是被你找上门……
132019302	132019	3	9485	你要去哪里？不准找别人！
132019401	132019	4		……
132019402	132019	4	3000	哎，我还真是劳苦命， 老是被你找上门……
132019403	132019	4	9801	你要去哪里？不准找别人！
132040101	132040	1		哼~哼~哼~ 这睡脸看上去也挺有趣的……
132040102	132040	1	7886	哇！
132040103	132040	1	11194	睡觉时怎么可以突然睁开眼
132040104	132040	1	13510	快给我闭上！
132040201	132040	2		哼~哼~哼~ 这睡脸看上去也挺有趣的……
132040202	132040	2	7676	哇！
132040203	132040	2	10888	睡觉时怎么可以突然睁开眼
132040204	132040	2	13880	快给我闭上！
132040301	132040	3		哼~哼~哼~ 这睡脸看上去也挺有趣的……
132040302	132040	3	7788	哇！
132040303	132040	3	10244	睡觉时怎么可以突然睁开眼
132040304	132040	3	13344	快给我闭上！
132040401	132040	4		哼~哼~哼~ 这睡脸看上去也挺有趣的……
132040402	132040	4	7899	哇！
132040403	132040	4	10405	睡觉时怎么可以突然睁开眼
132040404	132040	4	13923	快给我闭上！
132051101	132051	1		就算是在战场上， 技术人员也是不可或缺的
132051102	132051	1	4399	所以该呆在谁身边就不用我多说……
132051103	132051	1	9883	你真的明白了？
132051201	132051	2		就算是在战场上， 技术人员也是不可或缺的
132051202	132051	2	5184	所以该呆在谁身边就不用我多说……
132051203	132051	2	10733	你真的明白了？
132051301	132051	3		就算是在战场上， 技术人员也是不可或缺的
132051302	132051	3	5233	所以该呆在谁身边就不用我多说……
132051303	132051	3	10715	你真的明白了？
132051401	132051	4		就算是在战场上， 技术人员也是不可或缺的
132051402	132051	4	5391	所以该呆在谁身边就不用我多说……
132051403	132051	4	10035	你真的明白了？
132059101	132059	1		……
132059102	132059	1	4153	你……
132059103	132059	1	6531	你不要太得意！
132059201	132059	2		……
132059202	132059	2	4212	你……
132059203	132059	2	7769	你不要太得意！
132059301	132059	3		……
132059302	132059	3	4085	你……
132059303	132059	3	7193	你不要太得意！
132059401	132059	4		……
132059402	132059	4	3983	你……
132059403	132059	4	7548	你不要太得意！
132097101	132097	1		今天回休息室时，记得看下你左手边。
132097102	132097	1	6079	对，就是从上往下数的第二个抽屉。
132097103	132097	1	11453	绝对绝对不许忘了，你发誓！
132097201	132097	2		今天回休息室时，记得看下你左手边。
132097202	132097	2	5986	对，就是从上往下数的第二个抽屉。
132097203	132097	2	11481	绝对绝对不许忘了，你发誓！
132097301	132097	3		今天回休息室时，记得看下你左手边。
132097302	132097	3	6268	对，就是从上往下数的第二个抽屉。
132097303	132097	3	11282	绝对绝对不许忘了，你发誓！
132097401	132097	4		……
132097402	132097	4	1306	今天回休息室时，记得看下你左手边。
132097403	132097	4	6236	对，就是从上往下数的第二个抽屉。
132097404	132097	4	11459	绝对绝对不许忘了，你发誓！
132055101	132055	1		……
132055102	132055	1	5047	没用没用
132055103	132055	1	6968	这招对现在的我已经没用了。
132055201	132055	2		……
132055202	132055	2	5028	没用没用
132055203	132055	2	6478	这招对现在的我已经没用了。
132055301	132055	3		……
132055302	132055	3	5013	没用没用
132055303	132055	3	6927	这招对现在的我已经没用了。
132055401	132055	4		……
132055402	132055	4	4996	没用没用
132055403	132055	4	7470	这招对现在的我已经没用了。
137004101	137004	1		在原有的基础上改进升级……
137004102	137004	1	3502	不不不，太小家子气了！
137004103	137004	1	5928	不如……让艾拉重新设计一套机体方案怎么样？我的灵感可是多到用不完呢。
137004201	137004	2		在原有的基础上改进升级……
137004202	137004	2	3654	不不不，太小家子气了！
137004203	137004	2	6471	不如……让艾拉重新设计一套机体方案怎么样？我的灵感可是多到用不完呢。
137004301	137004	3		在原有的基础上改进升级……
137004302	137004	3	2828	不不不，太小家子气了！
137004303	137004	3	6105	不如……让艾拉重新设计一套机体方案怎么样？我的灵感可是多到用不完呢。
137004401	137004	4		在原有的基础上改进升级……
137004402	137004	4	3192	不不不，太小家子气了！
137004403	137004	4	5894	不如……让艾拉重新设计一套机体方案怎么样？我的灵感可是多到用不完呢。
137006101	137006	1		提问，究竟是谁设计出了如此兼具美感与破坏力的武器呢……？
137006102	137006	1	8855	Bingo，答案当然是艾拉本人啦。
137006201	137006	2		提问，究竟是谁设计出了如此兼具美感与破坏力的武器呢……？
137006202	137006	2	7321	Bingo，答案当然是艾拉本人啦。
137006301	137006	3		提问，究竟是谁设计出了如此兼具美感与破坏力的武器呢……？
137006302	137006	3	5886	Bingo，答案当然是艾拉本人啦。
137009101	137009	1		艺术协会成员闲暇时的爱好？
137009102	137009	1	6175	有些人喜欢收集考古任务时顺手淘上来的小玩意儿；有些人则埋头在空中花园的商业设计订单里；还有些人会专注于自己的艺术创作……
137009103	137009	1	18397	我？我的话，上面所说的一切， 我都喜欢去做！
137009201	137009	2		艺术协会成员闲暇时的爱好？
137009202	137009	2	3956	有些人喜欢收集考古任务时顺手淘上来的小玩意儿；有些人则埋头在空中花园的商业设计订单里面；还有些人会专注于自己的艺术创作……
137009203	137009	2	16835	我？我的话，上面所说的一切， 我都喜欢去做！
137009301	137009	3		艺术协会成员闲暇时的爱好？
137009302	137009	3	3407	有些人喜欢收集考古任务时顺手淘上来的小玩意儿；有些人则埋头在空中花园的商业设计订单里；还有些人会专注于自己的艺术创作……
137009303	137009	3	16177	我？我的话，上面所说的一切， 我都喜欢去做！
137009401	137009	4		艺术协会成员闲暇时的爱好？
137009402	137009	4	2616	有些人喜欢收集考古任务时顺手淘上来的小玩意儿；有些人则埋头在空中花园的商业设计订单里；还有些人会专注于自己的艺术创作……
137009403	137009	4	13777	我？我的话，上面所说的一切， 我都喜欢去做！
137010101	137010	1		空中花园的人和物， 没几个是艾拉不知道的哦？
137010102	137010	1	4434	我没有在炫耀自己的记忆力啦！
137010103	137010	1	7354	不过……
137010104	137010	1	9102	就算比不上地球， 仅仅是个人造的小小庭院， 空中花园也是我长大的地方……
137010105	137010	1	16589	想要更多了解它一点， 不是很正常的事吗？
137010201	137010	2		空中花园的人和物， 没几个是艾拉不知道的哦？
137010202	137010	2	5450	我没有在炫耀自己的记忆力啦！
137010203	137010	2	8318	不过……就算比不上地球， 仅仅是个人造的小小庭院， 空中花园也是我长大的地方……
137010204	137010	2	15634	想要更多了解它一点， 不是很正常的事吗？
137010301	137010	3		空中花园的人和物， 没几个是艾拉不知道的哦？
137010302	137010	3	5702	我没有在炫耀自己的记忆力啦！
137010303	137010	3	8389	不过……就算比不上地球， 仅仅是个人造的小小庭院， 空中花园也是我长大的地方……
137010304	137010	3	17564	想要更多了解它一点， 不是很正常的事吗？
137010401	137010	4		空中花园的人和物， 没几个是艾拉不知道的哦？
137010402	137010	4	3807	我没有在炫耀自己的记忆力啦！
137010403	137010	4	7011	不过……就算比不上地球， 仅仅是个人造的小小庭院， 空中花园也是我长大的地方……
137010404	137010	4	13636	想要更多了解它一点， 不是很正常的事吗？
137011101	137011	1		更换机体的理由？
137011102	137011	1	3272	这是艾拉为了迈向新的开始， 所做的第一个努力。
137011103	137011	1	6500	有时候，仅仅是改变外观也能给人 不一样的感觉。
137011104	137011	1	12049	这么说来， 要我帮指挥官设计一套新制服吗？
137011201	137011	2		更换机体的理由？
137011202	137011	2	2512	这是艾拉为了迈向新的开始， 所做的第一个努力。
137011203	137011	2	6740	有时候，仅仅是改变外观也能给人 不一样的感觉。
137011204	137011	2	11804	这么说来， 要我帮指挥官设计一套新制服吗？
137011301	137011	3		更换机体的理由？
137011302	137011	3	2240	这是艾拉为了迈向新的开始， 所做的第一个努力。
137011303	137011	3	6089	有时候，仅仅是改变外观也能给人 不一样的感觉。
137011304	137011	3	10331	这么说来， 要我帮指挥官设计一套新制服吗？
137011401	137011	4		更换机体的理由？
137011402	137011	4	2392	这是艾拉为了迈向新的开始， 所做的第一个努力。
137011403	137011	4	5135	有时候，仅仅是改变外观也能给人 不一样的感觉。
137011404	137011	4	8932	这么说来， 要我帮指挥官设计一套新制服吗？
137012101	137012	1		这段时间，空中花园里对艺术感兴趣的构造体貌似变多了……
137012102	137012	1	6387	嗯……要不要艾拉专门开一门绘画课？
137012103	137012	1	11781	指挥官也有兴趣吗？ 那么，有必要再多设一间私人教室呢。
137012201	137012	2		这段时间，空中花园里对艺术感兴趣的构造体貌似变多了……
137012202	137012	2	6625	嗯……要不要艾拉专门开一门绘画课？
137012203	137012	2	11768	指挥官也有兴趣吗？
137012204	137012	2	13999	那么，有必要再多设一间私人教室呢。
137012301	137012	3		这段时间，空中花园里对艺术感兴趣的构造体貌似变多了……
137012302	137012	3	5587	嗯……要不要艾拉专门开一门绘画课？
137012303	137012	3	9414	指挥官也有兴趣吗？
137012304	137012	3	11513	那么，有必要再多设一间私人教室呢。
137012401	137012	4		这段时间，空中花园里对艺术感兴趣的构造体貌似变多了……
137012402	137012	4	5293	嗯……要不要艾拉专门开一门绘画课？
137012403	137012	4	8699	指挥官也有兴趣吗？
137012404	137012	4	11482	那么，有必要再多设一间私人教室呢。
137013101	137013	1		幻想系的作品我也很喜欢！
137013102	137013	1	4177	不管是黄金时代的， 还是现在的人们创造出来的……
137013103	137013	1	7592	发散在文字与画面之中的，那无穷无尽的想象力，不觉得很令人着迷吗？
137013104	137013	1	13934	有时也会被人说“幼稚”就是啦， 但是，管它呢！
137013201	137013	2		幻想系的作品我也很喜欢！
137013202	137013	2	2866	不管是黄金时代的， 还是现在的人们创造出来的……
137013203	137013	2	7000	发散在文字与画面之中的，那无穷无尽的想象力，不觉得很令人着迷吗？
137013204	137013	2	13796	有时也会被人说“幼稚”就是啦， 但是，管它呢！
137013301	137013	3		幻想系的作品我也很喜欢！
137013302	137013	3	2933	不管是黄金时代的， 还是现在的人们创造出来的……
137013303	137013	3	6890	发散在文字与画面之中的，那无穷无尽的想象力，不觉得很令人着迷吗？
137013304	137013	3	13271	有时也会被人说“幼稚”就是啦
137013305	137013	3	16227	但是，管它呢！
137013401	137013	4		幻想系的作品我也很喜欢！
137013402	137013	4	1916	不管是黄金时代的， 还是现在的人们创造出来的……
137013403	137013	4	5514	发散在文字与画面之中的，那无穷无尽的想象力，不觉得很令人着迷吗？
137013404	137013	4	11969	有时也会被人说“幼稚”就是啦
137013405	137013	4	14737	但是，管它呢！
137014101	137014	1		等等，指挥官
137014102	137014	1	2346	就这样保持那个姿势……
137014103	137014	1	4726	一会儿……再一会儿……
137014104	137014	1	7726	好！刚才的光景， 应该能滋生不少绝妙的灵感！
137014201	137014	2		等等，指挥官
137014202	137014	2	2236	就这样保持那个姿势……
137014203	137014	2	5808	一会儿……再一会儿……
137014204	137014	2	7993	好！刚才的光景， 应该能滋生不少绝妙的灵感！
137014301	137014	3		等等，指挥官
137014302	137014	3	2376	就这样保持那个姿势……
137014303	137014	3	5028	一会儿……再一会儿……
137014304	137014	3	7915	好！刚才的光景， 应该能滋生不少绝妙的灵感！
137014401	137014	4		等等，指挥官
137014402	137014	4	2264	就这样保持那个姿势……
137014403	137014	4	6158	一会儿……再一会儿……
137014404	137014	4	8155	好！刚才的光景， 应该能滋生不少绝妙的灵感！
137015101	137015	1		就算是描绘同样的事物，也会因流派的差异，产生截然不同的效果。
137015102	137015	1	5725	比如说，印象画派会强调光色氛围对 画面的影响，但写实画派就……
137015103	137015	1	12856	嗯？你问艾拉属于哪个流派？
137015104	137015	1	16652	唔……
137015105	137015	1	19283	每种流派都有吸引我的地方， 但硬要说的话，我的风格， 当然是“艾拉流”啦！
137015201	137015	2		就算是描绘同样的事物，也会因流派的差异，产生截然不同的效果。
137015202	137015	2	5889	比如说，印象画派会强调光色氛围对 画面的影响，但写实画派就……
137015203	137015	2	13153	嗯？你问艾拉属于哪个流派？
137015204	137015	2	17442	唔……
137015205	137015	2	19395	每个流派都有吸引我的地方， 但硬要说的话，我的风格， 当然是“艾拉流”啦！
137015301	137015	3		就算是描绘同样的事物，也会因流派的差异，产生截然不同的效果。
137015302	137015	3	6635	比如说，印象画派会强调光色氛围对 画面的影响，但写实画派就……
137015303	137015	3	13595	嗯？你问艾拉属于哪个流派？
137015304	137015	3	17224	唔……
137015305	137015	3	18466	每种流派都有吸引我的地方， 但硬要说的话，我的风格， 当然是“艾拉流”啦！
137015401	137015	4		就算是描绘同样的事物，也会因流派的差异，产生截然不同的效果。
137015402	137015	4	4360	比如说，印象画派会强调光色氛围对 画面的影响，但写实画派就……
137015403	137015	4	11340	嗯？你问艾拉属于哪个流派？
137015404	137015	4	14152	唔……
137015405	137015	4	15091	每种流派都有吸引我的地方， 但硬要说的话，我的风格， 当然是“艾拉流”啦！
137016101	137016	1		加入艺术协会以来， 我参加了无数次考古任务。
137016102	137016	1	5427	战场、废墟、遗迹、被摧毁的城市、 枯萎的花圃……
137016103	137016	1	14324	那些场景无不触目惊心， 令人印象深刻……
137016104	137016	1	19509	我曾以为自己已经见识到了世界的 “真实”，但最近又有些不确定了……
137016105	137016	1	27363	指挥官，你的“真实”又是什么呢？
137016106	137016	1	32429	如果能和艾拉说说，艾拉会很高兴的。
137016201	137016	2		加入艺术协会以来， 我参加了无数次考古任务。
137016202	137016	2	5028	战场、废墟、遗迹、被摧毁的城市、 枯萎的花圃……
137016203	137016	2	12772	那些场景无不触目惊心， 令人印象深刻……
137016204	137016	2	17796	我曾以为自己已经见识到了世界的 “真实”，但最近又有些不确定了……
137016205	137016	2	27397	指挥官，你的“真实”又是什么呢？
137016206	137016	2	32017	如果能和艾拉说说，艾拉会很高兴的。
137016301	137016	3		加入艺术协会以来， 我参加了无数次考古任务。
137016302	137016	3	5770	战场、废墟、遗迹、被摧毁的城市、 枯萎的花圃……
137016303	137016	3	13940	那些场景无不触目惊心， 令人印象深刻……
137016304	137016	3	18815	我曾以为自己已经见识到了世界的 “真实”，但最近又有些不确定了……
137016305	137016	3	25517	指挥官，你的“真实”又是什么呢？
137016306	137016	3	29318	如果能和艾拉说说，艾拉会很高兴的。
137016401	137016	4		加入艺术协会以来， 我参加了无数次考古任务。
137016402	137016	4	4953	战场、废墟、遗迹、被摧毁的城市、 枯萎的花圃……
137016403	137016	4	9847	那些场景无不触目惊心， 令人印象深刻……
137016404	137016	4	15242	我曾以为自己已经见识到了世界的 “真实”，但最近又有些不确定了……
137016405	137016	4	21810	指挥官，你的“真实”又是什么呢？
137016406	137016	4	25331	如果能和艾拉说说，艾拉会很高兴的。
137017101	137017	1		偶尔会跟不上我的思维？
137017102	137017	1	5825	哈哈，以前赛琳娜好像也说过： “艾拉有时会突然蹦出一些让人 听不懂的话……”
137017103	137017	1	18578	但是没关系，今后还有很多时间， 指挥官肯定能和艾拉心意相通的！
137017201	137017	2		偶尔跟不上我的思维？
137017202	137017	2	2083	哈哈，以前赛琳娜好像也说过： “艾拉有时会突然蹦出一些让人 听不懂的话……”
137017203	137017	2	11131	但是没关系，今后还有很多时间， 指挥官肯定能和艾拉心意相通的！
137017301	137017	3		偶尔会跟不上我的思维？
137017302	137017	3	2421	哈哈，以前赛琳娜好像也说过： “艾拉有时会突然蹦出一些让人 听不懂的话……”
137017303	137017	3	10070	但是没关系，今后还有很多时间， 指挥官肯定能和艾拉心意相通的！
137017401	137017	4		偶尔会跟不上我的思维？
137017402	137017	4	2528	哈哈，以前赛琳娜好像也说过： “艾拉有时会突然蹦出一些让人 听不懂的话……”
137017403	137017	4	11427	但是没关系，今后还有很多时间， 指挥官肯定能和艾拉心意相通的！
137018101	137018	1		我好像一直是副没有烦恼的样子？
137018102	137018	1	3787	……我也不是不会伤心难过啦
137018103	137018	1	8733	以前和赛琳娜“友善交流”的时候， 也认真地生过好几次气呢。
137018104	137018	1	13874	但是，我还是认为保持开心最重要
137018105	137018	1	18968	因为，比起哭丧着脸， 大家更喜欢看艾拉的笑容嘛！
137018201	137018	2		我好像一直是副没有烦恼的样子？
137018202	137018	2	5125	……我也不是不会伤心难过啦
137018203	137018	2	7954	以前和赛琳娜“友善交流”的时候， 也认真地生过好几次气呢。
137018204	137018	2	12821	但是，我还是认为保持开心最重要
137018205	137018	2	16587	因为，比起哭丧着脸， 大家更喜欢看艾拉的笑容嘛！
137018301	137018	3		我好像一直是副没有烦恼的样子？
137018302	137018	3	4390	……我也不是不会伤心难过啦
137018303	137018	3	7485	以前和赛琳娜“友善交流”的时候， 也认真地生过好几次气呢。
137018304	137018	3	12843	但是，我还是认为保持开心最重要
137018305	137018	3	15578	因为，比起哭丧着脸， 大家更喜欢看艾拉的笑容嘛！
137018401	137018	4		我好像一直是副没有烦恼的样子？
137018402	137018	4	4303	……我也不是不会伤心难过啦
137018403	137018	4	7399	以前和赛琳娜“友善交流”的时候， 也认真地生过好几次气呢。
137018404	137018	4	12724	但是，我还是认为保持开心最重要
137018405	137018	4	15290	因为，比起哭丧着脸， 大家更喜欢看艾拉的笑容嘛！
137019101	137019	1		指挥官，你见过“夜虹”吗？
137019102	137019	1	5014	那是在彻夜的暴风雨之后， 被月光勾出轮廓的，虹色的光景……
137019103	137019	1	14957	我想，如果人类能拥有属于自己的色彩的话，大概，就和这夜色中的彩虹 一样吧。
137019201	137019	2		指挥官，你见过“夜虹”吗？
137019202	137019	2	4330	那是在彻夜的暴风雨之后， 被月光勾出轮廓的，虹色的光景……
137019203	137019	2	10861	我想， 如果人类能拥有属于自己的色彩的话
137019204	137019	2	15482	大概，就和这夜色中的彩虹一样吧。
137019301	137019	3		指挥官，你见过“夜虹”吗？
137019302	137019	3	3729	那是在彻夜的暴风雨之后， 被月光勾出轮廓的，虹色的光景……
137019303	137019	3	10401	我想， 如果人类能拥有属于自己的色彩的话
137019304	137019	3	14092	大概，就和这夜色中的彩虹一样吧。
137019401	137019	4		指挥官，你见过“夜虹”吗？
137019402	137019	4	2855	那是在彻夜的暴风雨之后， 被月光勾出轮廓的，虹色的光景……
137019403	137019	4	7551	我想， 如果人类能拥有属于自己的色彩的话
137019404	137019	4	10645	大概，就和这夜色中的彩虹一样吧。
137020101	137020	1		如果没有走上绘画这条道路， 现在的我会做些什么呢？
137020102	137020	1	8066	或许我会进入法奥斯， 成为指挥官的学妹也说不定？
137020103	137020	1	13266	呵呵……开玩笑的。
137020104	137020	1	16622	正是因为“绘画”， 我才能拥有那么多宝贵而真挚的回忆
137020105	137020	1	21204	让我放弃这些选择另一种人生…… 肯定是一百个不愿意啦！
137020201	137020	2		如果没有走上绘画这条道路， 现在的我会做些什么呢？
137020202	137020	2	7744	或许我会进入法奥斯， 成为指挥官的学妹也说不定？
137020203	137020	2	13165	呵呵……开玩笑的。
137020204	137020	2	16260	正是因为“绘画”， 我才能拥有那么多宝贵而真挚的回忆
137020205	137020	2	21302	让我放弃这些选择另一种人生…… 肯定是一百个不愿意啦！
137020301	137020	3		如果没有走上绘画这条道路， 现在的我会做些什么呢？
137020302	137020	3	7915	或许我会进入法奥斯， 成为指挥官的学妹也说不定？
137020303	137020	3	13383	呵呵……开玩笑的。
137020304	137020	3	16311	正是因为“绘画”， 我才能拥有那么多宝贵而真挚的回忆
137020305	137020	3	21401	让我放弃这些选择另一种人生…… 肯定是一百个不愿意啦！
137020401	137020	4		……
137020402	137020	4	2368	如果没有走上绘画这条道路， 现在的我会做些什么呢？
137020403	137020	4	7781	或许我会进入法奥斯， 成为指挥官的学妹也说不定？
137020404	137020	4	13202	呵呵……开玩笑的。
137020405	137020	4	16186	正是因为“绘画”， 我才能拥有那么多宝贵而真挚的回忆
137020406	137020	4	21487	让我放弃这些选择另一种人生…… 肯定是一百个不愿意啦！
137021101	137021	1		人与人的牵绊……
137021102	137021	1	2617	那是我认为，这个世界上最耀眼， 又最脆弱的事物。
137021103	137021	1	11571	所有的离别，都有可能发生在与昨日 别无二致的清晨……
137021104	137021	1	19309	所以说指挥官，如果有重要的人正站在你的身旁，无论发生什么， 也绝对绝对不要放跑她！
137021201	137021	2		人与人的牵绊……
137021202	137021	2	2929	那是我认为，这个世界上最耀眼， 又最脆弱的事物。
137021203	137021	2	7971	所有的离别，都有可能发生在与昨日 别无二致的清晨……
137021204	137021	2	13490	所以说指挥官，如果有重要的人正站在你的身旁，无论发生什么， 也绝对绝对不要放跑她哦！
137021301	137021	3		人与人的牵绊……
137021302	137021	3	2684	那是我认为，这个世界上最耀眼， 又最脆弱的事物。
137021303	137021	3	7639	所有的离别，都有可能发生在与昨日 别无二致的清晨……
137021304	137021	3	12505	所以说指挥官，如果有重要的人正站在你的身旁，无论发生什么， 也绝对绝对不要放跑她！
137021401	137021	4		人与人的牵绊……
137021402	137021	4	2315	那是我认为，这个世界上最耀眼， 又最脆弱的事物。
137021403	137021	4	6911	所有的离别，都有可能发生在与昨日 别无二致的清晨……
137021404	137021	4	11206	所以说指挥官，如果有重要的人正站在你的身旁，无论发生什么， 也绝对绝对不要放跑她！
137022101	137022	1		我不是从地球“来到”空中花园的人， 但我依然想“回到”那里去……
137022102	137022	1	9055	因为，指挥官的目光，不知有多少次， 都在眺望着那颗苍蓝色的明星。
137022103	137022	1	16655	我想知道，在你的视线的尽头， 到底映照着怎样的世界呢……
137022104	137022	1	22036	那是我现在，最想用画笔画下的风景。
137022201	137022	2		我不是从地球“来到”空中花园的人，但我依然想“回到”那里去……
137022202	137022	2	6048	因为，指挥官的目光，不知有多少次，都在眺望着那颗苍蓝色的明星。
137022203	137022	2	14224	我想知道，在你的视线的尽头， 到底映照着怎样的世界呢……
137022204	137022	2	20947	那是我现在，最想用画笔画下的风景。
137022301	137022	3		我不是从地球“来到”空中花园的人，但我依然想“回到”那里去……
137022302	137022	3	6545	因为，指挥官的目光，不知有多少次，都在眺望着那颗苍蓝色的明星。
137022303	137022	3	12143	我想知道，在你的视线的尽头， 到底映照着怎样的世界呢……
137022304	137022	3	17646	那是我现在，最想用画笔画下的风景。
137022401	137022	4		我不是从地球“来到”空中花园的人，但我依然想“回到”那里去……
137022402	137022	4	5590	因为，指挥官的目光，不知有多少次，都在眺望着那颗苍蓝色的明星。
137022403	137022	4	9684	我想知道，在你的视线的尽头， 到底映照着怎样的世界呢……
137022404	137022	4	14301	那是我现在，最想用画笔画下的风景。
137023101	137023	1		指挥官和艾拉认识了那么久， 想必绘画技术也提升了不少吧？
137023102	137023	1	7634	这么说来， 指挥官就算是艾拉的弟子喽？
137023103	137023	1	12906	那么，作为老师，艾拉有必要给指挥官进行毕业考试——
137023104	137023	1	18014	咳咳……
137023105	137023	1	19961	指挥官，能用你的笔， 为艾拉画一幅画吗？
137023201	137023	2		指挥官和艾拉认识了那么久， 想必绘画技术也提升了不少吧？
137023202	137023	2	7944	这么说来， 指挥官就算是艾拉的弟子喽？
137023203	137023	2	12561	那么，作为老师，艾拉有必要给指挥官进行毕业考试——
137023204	137023	2	18371	咳咳……
137023205	137023	2	20006	指挥官，能用你的笔， 为艾拉画一幅画吗？
137023301	137023	3		指挥官和艾拉认识了那么久， 想必绘画技术也提升了不少吧？
137023302	137023	3	7730	这么说来， 指挥官就算是艾拉的弟子喽？
137023303	137023	3	12629	那么，作为老师，艾拉有必要给指挥官进行毕业考试——
137023304	137023	3	18497	咳咳……
137023305	137023	3	20195	指挥官，能用你的笔， 为艾拉画一幅画吗？
137023401	137023	4		……
137023402	137023	4	2026	指挥官和艾拉认识了那么久， 想必绘画技术也提升了不少吧？
137023403	137023	4	7643	这么说来， 指挥官就算是艾拉的弟子喽？
137023404	137023	4	12196	那么，作为老师，艾拉有必要给指挥官进行毕业考试——
137023405	137023	4	18402	咳咳……
137023406	137023	4	19912	指挥官，能用你的笔， 为艾拉画一幅画吗？
137024101	137024	1		想问艾拉为什么那么关注指挥官吗？
137024102	137024	1	4046	唔……原因貌似还挺多的。
137024103	137024	1	7270	首先揭秘第一个理由吧……
137024104	137024	1	11504	因为指挥官， 很适合出现在艾拉的画笔之下！
137024201	137024	2		想问艾拉为什么那么关注指挥官吗？
137024202	137024	2	4616	唔……
137024203	137024	2	6443	原因貌似还挺多的。
137024204	137024	2	9238	首先揭秘第一个理由吧……
137024205	137024	2	12160	因为指挥官， 很适合出现在艾拉的画笔之下！
137024301	137024	3		想问艾拉为什么那么关注指挥官吗？
137024302	137024	3	3727	唔……原因貌似还挺多的。
137024303	137024	3	5685	首先揭秘第一个理由吧……
137024304	137024	3	7893	因为指挥官， 很适合出现在艾拉的画笔之下！
137024401	137024	4		想问艾拉为什么那么关注指挥官吗？
137024402	137024	4	2610	唔……原因貌似还挺多的。
137024403	137024	4	5685	首先揭秘第一个理由吧……
137024404	137024	4	7385	因为指挥官， 很适合出现在艾拉的画笔之下！
137027101	137027	1		谢谢~
137027102	137027	1	1591	啊，这不是艾拉设计的商品吗？
137027103	137027	1	5497	指挥官，你也喜欢这个么？
137027201	137027	2		谢谢~
137027202	137027	2	2357	啊，这不是艾拉设计的商品吗？
137027203	137027	2	6381	指挥官，你也喜欢这个么？
137027301	137027	3		谢谢~
137027302	137027	3	1413	啊，这不是艾拉设计的商品吗？
137027303	137027	3	4568	指挥官，你也喜欢这个么？
137031101	137031	1		最近，粉丝送的礼物堆得太多， 原来的地方都有些放不下了……
137031102	137031	1	6917	啊，不用担心，指挥官送的礼物， 艾拉是专门单独收藏起来的。
137031201	137031	2		最近，粉丝送的礼物堆得太多， 原来的地方都有些放不下了……
137031202	137031	2	6634	啊，不用担心，指挥官送的礼物， 艾拉都是专门单独收藏起来的。
137031301	137031	3		最近，粉丝送的礼物堆得太多， 原来的地方都有些放不下了……
137031302	137031	3	5998	啊，不用担心，指挥官送的礼物， 艾拉是专门单独收藏起来的。
137031401	137031	4		最近，粉丝送的礼物堆得太多， 原来的地方都有些放不下了……
137031402	137031	4	5070	啊，不用担心，指挥官送的礼物， 艾拉是专门单独收藏起来的。
137032101	137032	1		最近经纪人和我说， 跟指挥官见面的次数是不是太多了。 我也有在好好反省啦……
137032102	137032	1	7049	看来下次跟指挥官一起外出的时候， 一定不能让经纪人发现！
137032201	137032	2		最近经纪人和我说， 跟指挥官见面的次数是不是太多了。
137032202	137032	2	6416	我也有在好好反省啦……
137032203	137032	2	9721	看来下次跟指挥官一起外出的时候， 一定不能让经纪人发现！
137032301	137032	3		最近经纪人和我说， 跟指挥官见面的次数是不是太多了。
137032302	137032	3	5401	我也有在好好反省啦……
137032303	137032	3	7554	看来下次跟指挥官一起外出的时候， 一定不能让经纪人发现！
137032401	137032	4		最近经纪人和我说， 跟指挥官见面的次数是不是太多了。
137032402	137032	4	3950	我也有在好好反省啦……
137032403	137032	4	6692	看来下次跟指挥官一起外出的时候， 一定不能让经纪人发现！
137033101	137033	1		……
137033102	137033	1	2481	指挥官为什么总能知道艾拉现在 想要什么呢
137033103	137033	1	7010	不……
137033104	137033	1	9076	大概，因为是指挥官送的， 我才想要吧。
137033201	137033	2		……
137033202	137033	2	3344	指挥官为什么总能知道艾拉现在 想要什么呢
137033203	137033	2	7563	不……
137033204	137033	2	8687	大概，因为是指挥官送的， 我才想要吧。
137033301	137033	3		……
137033302	137033	3	2692	指挥官为什么总能知道艾拉现在 想要什么呢
137033303	137033	3	7115	不……
137033304	137033	3	8576	大概，因为是指挥官送的， 我才想要吧。
137033401	137033	4		……
137033402	137033	4	2840	指挥官为什么总能知道艾拉现在 想要什么呢
137033403	137033	4	7074	不……大概，因为是指挥官送的， 我才想要吧。
137034101	137034	1		锵锵~现在艾拉要揭晓第二个理由喽……
137034102	137034	1	6691	因为你的身影，就像画中的人物一样，哪怕近在咫尺，却也遥不可及……
137034103	137034	1	13648	不知不觉，就让人陶醉其中……
137034104	137034	1	17303	呵呵，听我这么形容你， 指挥官害羞了吗？
137034201	137034	2		锵锵~现在艾拉要揭晓第二个理由喽……
137034202	137034	2	6383	因为你的身影，就像画中的人物一样，哪怕近在咫尺，却遥不可及……
137034203	137034	2	15392	不知不觉，就让人陶醉其中……
137034204	137034	2	19765	呵呵，听我这么形容你， 指挥官害羞了吗？
137034301	137034	3		锵锵~现在艾拉要揭晓第二个理由喽……
137034302	137034	3	4230	因为你的身影，就像画中的人物一样，哪怕近在咫尺，却也遥不可及……
137034303	137034	3	11904	不知不觉，就让人陶醉其中……
137034304	137034	3	15633	呵呵，听我这么形容你， 指挥官害羞了吗？
137034401	137034	4		锵锵~现在艾拉要揭晓第二个理由喽……
137034402	137034	4	3880	因为你的身影，就像画中的人物一样，哪怕近在咫尺，却也遥不可及……
137034403	137034	4	10777	不知不觉，就让人陶醉其中……
137034404	137034	4	12910	呵呵，听我这么形容你， 指挥官害羞了吗？
137035101	137035	1		指挥官，快来这里！
137035102	137035	1	3595	这一卡车装的是什么？
137035103	137035	1	6866	是艾拉出道以来出版的所有作品， 为了给它们全部亲自签上名， 艾拉的手都累疼了。
137035104	137035	1	15323	在这里摁个指印， 这样这些就都归指挥官啦。
137035201	137035	2		指挥官，快来这里！
137035202	137035	2	3523	这一卡车装的是什么？
137035203	137035	2	5617	是艾拉出道以来出版的所有作品
137035204	137035	2	9190	为了给它们全部亲自签上名， 艾拉的手都累疼了。
137035205	137035	2	14101	在这里摁个指印， 这样这些就全部归指挥官啦。
137035301	137035	3		指挥官，快来这里！
137035302	137035	3	2524	这一卡车装的是什么？
137035303	137035	3	4435	是艾拉出道以来出版的所有作品， 为了给它们全部亲自签上名， 艾拉的手都累疼了。
137035304	137035	3	12237	在这里摁个指印， 这样这些就都归指挥官啦。
137035401	137035	4		指挥官，快来这里！
137035402	137035	4	1928	这一卡车装的是什么？
137035403	137035	4	3535	是艾拉出道以来出版的所有作品， 为了给它们全部亲自签上名， 艾拉的手都累疼了。
137035404	137035	4	9210	在这里摁个指印， 这样这些就都归指挥官啦。
137099101	137099	1		指挥官， 让艾拉悄悄告诉你最后的理由吧。
137099102	137099	1	9182	稍微把耳朵伸过来一点……
137099103	137099	1	12967	呼~
137099104	137099	1	14622	哈哈，很痒是不是？
137099105	137099	1	17957	少女心中最大的秘密， 怎么能那么轻易就告诉你呢？
137099106	137099	1	23278	当然是要指挥官自己去找啦！
137099201	137099	2		指挥官， 让艾拉悄悄告诉你最后的理由吧。
137099202	137099	2	5306	稍微把耳朵伸过来一点……
137099203	137099	2	8988	呼~
137099204	137099	2	10057	哈哈，很痒是不是？
137099205	137099	2	12988	少女心中最大的秘密， 怎么能那么轻易就告诉你呢？
137099206	137099	2	17111	当然是要指挥官自己去找啦！
137099301	137099	3		指挥官， 让艾拉悄悄告诉你最后的理由吧。
137099302	137099	3	4873	稍微把耳朵伸过来一点……
137099303	137099	3	7101	呼~
137099304	137099	3	8294	哈哈，很痒是不是？
137099305	137099	3	11781	少女心中最大的秘密， 怎么能那么轻易就告诉你呢？
137099306	137099	3	16002	当然是要指挥官自己去找啦！
137099401	137099	4		指挥官， 让艾拉悄悄告诉你最后的理由吧。
137099402	137099	4	4466	稍微把耳朵伸过来一点……
137099403	137099	4	7344	呼~
137099404	137099	4	8349	哈哈，很痒是不是？
137099405	137099	4	11697	少女心中最大的秘密， 怎么能那么轻易就告诉你呢？
137099406	137099	4	14575	当然是要指挥官自己去找啦！
137039101	137039	1		……
137039102	137039	1	7176	指挥官……
137039103	137039	1	12527	能听到艾拉的声音吗？
137039104	137039	1	14862	这样一来，就算指挥官睡着了， 艾拉也能在梦中陪着你啦。
137039201	137039	2		……
137039202	137039	2	6746	指挥官……
137039203	137039	2	12085	能听到艾拉的声音吗？
137039204	137039	2	14774	这样一来，就算指挥官睡着了， 艾拉也能在梦中陪着你啦。
137039301	137039	3		……
137039302	137039	3	7123	指挥官……
137039303	137039	3	12416	能听到艾拉的声音吗？
137039304	137039	3	14899	这样一来，就算指挥官睡着了， 艾拉也能在梦中陪着你啦。
137039401	137039	4		……
137039402	137039	4	7216	指挥官……
137039403	137039	4	12263	能听到艾拉的声音吗？
137039404	137039	4	15799	这样一来，就算指挥官睡着了， 艾拉也能在梦中陪着你啦。
137050101	137050	1		久等啦指挥官
137050102	137050	1	3816	今天不小心在化妆上花了很久……
137050103	137050	1	7517	你说看不出来有什么变化？
137050104	137050	1	10462	指挥官，不能对淑女说这种话。
137050201	137050	2		久等啦指挥官
137050202	137050	2	3906	今天不小心在化妆上花了很久……
137050203	137050	2	7432	你说看不出来有什么变化？
137050204	137050	2	10213	指挥官，不能对淑女说这种话哦。
137050301	137050	3		久等啦指挥官
137050302	137050	3	3575	今天不小心在化妆上花了很久……
137050303	137050	3	7673	你说看不出来有什么变化？
137050304	137050	3	10343	指挥官，不能对淑女说这种话。
137050401	137050	4		……
137050402	137050	4	1868	久等啦指挥官
137050403	137050	4	4085	今天不小心在化妆上花了很久……
137050404	137050	4	7496	你说看不出来有什么变化？
137050405	137050	4	11036	指挥官，不能对淑女说这种话。
137054101	137054	1		指挥官，你回来啦。
137054102	137054	1	4072	真是的……
137054103	137054	1	6249	我都已经复印好你的肖像画， 打算满世界贴满去找你了……
137054104	137054	1	12206	还好，现在派不上用场了。
137054201	137054	2		指挥官
137054202	137054	2	2543	你回来啦。
137054203	137054	2	5049	真是的……
137054204	137054	2	6505	我都已经复印好你的肖像画， 打算满世界贴满去找你了……
137054205	137054	2	12411	还好，现在派不上用场了。
137054301	137054	3		指挥官，你回来啦。
137054302	137054	3	4901	真是的……
137054303	137054	3	6415	我都已经复印好你的肖像画， 打算满世界贴满去找你了……
137054304	137054	3	12199	还好，现在派不上用场了。
137054401	137054	4		指挥官，你回来啦。
137054402	137054	4	4804	真是的…我都已经复印好你的肖像画，打算满世界贴满去找你了……
137054403	137054	4	12100	还好，现在派不上用场了。
137057101	137057	1		啊！颜料……
137057102	137057	1	4006	洒在画布上了……
137057103	137057	1	6235	嗯……
137057104	137057	1	8594	指——挥——官！？
137057201	137057	2		啊！颜料……
137057202	137057	2	4118	洒在画布上了……
137057203	137057	2	7265	嗯……
137057204	137057	2	8888	指——挥——官！？
137057301	137057	3		啊！颜料……
137057302	137057	3	3973	洒在画布上了……
137057303	137057	3	7082	嗯……
137057304	137057	3	9093	指——挥——官！？
137057401	137057	4		……
137057402	137057	4	811	啊！颜料……
137057403	137057	4	3894	洒在画布上了……
137057404	137057	4	7516	嗯……
137057405	137057	4	8688	指——挥——官！？
137060101	137060	1		……
137060102	137060	1	2488	指挥官，艾拉接下来还有事要做……
137060103	137060	1	6522	没办法，再让你戳5秒钟吧。
137060201	137060	2		……
137060202	137060	2	2017	指挥官，艾拉接下来还有事要做……
137060203	137060	2	6744	没办法，再让你戳5秒钟吧。
137060301	137060	3		……
137060302	137060	3	1978	指挥官，艾拉接下来还有事要做……
137060303	137060	3	6824	没办法，再让你戳5秒钟吧。
137060401	137060	4		……
137060402	137060	4	2562	指挥官，艾拉接下来还有事要做……
137060403	137060	4	7201	没办法，再让你戳5秒钟吧。
134115101	134115	1		这是我降生时被遗弃的地方， 也是梦的终点。
134115102	134115	1	8541	如今， 花与阳光又赋予了这里新的回忆。
134115103	134115	1	16972	您在这里的时候，我时常会想…… 要是时间能停留在这一刻就好了。
134115104	134115	1	25211	……
134115105	134115	1	33357	让我牵挂的人就留在这里，留在此刻。
134115201	134115	2		这是我降生时被遗弃的地方， 也是梦的终点。
134115202	134115	2	8541	如今， 花与阳光又赋予了这里新的回忆。
134115203	134115	2	16972	您在这里的时候，我时常会想…… 要是时间能停留在这一刻就好了。
134115204	134115	2	25211	……
134115205	134115	2	33357	让我牵挂的人就留在这里，留在此刻。
134115301	134115	3		这是我降生时被遗弃的地方， 也是梦的终点。
134115302	134115	3	8739	如今， 花与阳光又赋予了这里新的回忆。
134115303	134115	3	17403	您在这里的时候，我时常会想…… 要是时间能停留在这一刻就好了。
134115304	134115	3	25211	……
134115305	134115	3	33243	让我牵挂的人就留在这里，留在此刻。
134115401	134115	4		这是我降生时被遗弃的地方， 也是梦的终点。
134115402	134115	4	7991	如今， 花与阳光又赋予了这里新的回忆。
134115403	134115	4	17028	您在这里的时候，我时常会想…… 要是时间能停留在这一刻就好了。
134115404	134115	4	24745	……
134115405	134115	4	33646	让我牵挂的人就留在这里，留在此刻。
134116101	134116	1		您不在这里的时候，我又看到了那些 残留的数据所纺织的梦
134116102	134116	1	8953	这个梦的结局正在一点点改变。
134116103	134116	1	14594	有时，终点不再是教堂
134116104	134116	1	19825	有时敌人也不再是叛逃者……
134116105	134116	1	25188	唯一没有改变的是……我都会遇到您。
134116106	134116	1	31247	或许它早已不再是推演的一部分， 而是变成了我心底祈盼吧。
134116201	134116	2		您不在这里的时候，我又看到了那些 残留的数据所纺织的梦
134116202	134116	2	8953	这个梦的结局正在一点点改变。
134116203	134116	2	14594	有时，终点不再是教堂
134116204	134116	2	19825	有时敌人也不再是叛逃者……
134116205	134116	2	25188	唯一没有改变的是……我都会遇到您。
134116206	134116	2	31247	或许它早已不再是推演的一部分， 而是变成了我心底祈盼吧。
134116301	134116	3		您不在这里的时候，我又看到了那些 残留的数据所纺织的梦
134116302	134116	3	8989	这个梦的结局正在一点点改变。
134116303	134116	3	14530	有时，终点不再是教堂
134116304	134116	3	19165	有时敌人也不再是叛逃者……
134116305	134116	3	25235	唯一没有改变的是……我都会遇到您。
134116306	134116	3	31253	或许它早已不再是推演的一部分， 而是变成了我心底祈盼吧。
134116401	134116	4		……
134116402	134116	4	1360	您不在这里的时候，我又看到了那些 残留的数据所纺织的梦
134116403	134116	4	9210	这个梦的结局正在一点点改变。
134116404	134116	4	15001	有时，终点不再是教堂
134116405	134116	4	19981	有时敌人也不再是叛逃者……
134116406	134116	4	25585	唯一没有改变的是……我都会遇到您。
134116407	134116	4	31725	或许它早已不再是推演的一部分， 而是变成了我心底祈盼吧。
138009101	138009	1		很在意我的左手， 想要知道它被解开会怎样？
138009102	138009	1	5429	如果你想这里被夷为平地的话， 我可以给你看看……
138009103	138009	1	12899	这次就算了，以后有的是机会。
138009201	138009	2		很在意我的左手， 想要知道它被解开会怎样？
138009202	138009	2	6981	如果你想这里被夷为平地的话， 我可以给你看看……
138009203	138009	2	12939	这次就算了，以后有的是机会。
138009301	138009	3		很在意我的左手， 想要知道它被解开会怎样？
138009302	138009	3	6751	如果你想这里被夷为平地的话， 我可以给你看看……
138009303	138009	3	12841	这次就算了，以后有的是机会。
138009401	138009	4		很在意我的左手， 想要知道它被解开会怎样？
138009402	138009	4	7345	如果你想这里被夷为平地的话， 我可以给你看看……
138009403	138009	4	13149	这次就算了，以后有的是机会。
138010101	138010	1		踏上升格者这条道路， 最初是因为露娜
138010102	138010	1	5406	但现在我和她都在这条路上找到了可能通往未来的答案……
138010103	138010	1	11712	不认同我的想法也没关系， 我也不会认同空中花园所做的事。
138010201	138010	2		踏上升格者这条道路， 最初是因为露娜
138010202	138010	2	4761	但现在我和她都在这条路上找到了可能通往未来的答案……
138010203	138010	2	11006	不认同我的想法也没关系， 我也不会认同空中花园所做的事。
138010301	138010	3		踏上升格者这条道路， 最初是因为露娜
138010302	138010	3	5243	但现在我和她都在这条路上找到了可能通往未来的答案……
138010303	138010	3	11936	不认同我的想法也没关系， 我也不会认同空中花园所做的事。
138010401	138010	4		踏上升格者这条道路， 最初是因为露娜
138010402	138010	4	3986	但现在我和她都在这条路上找到了可能通往未来的答案……
138010403	138010	4	8077	不认同我的想法也没关系， 我也不会认同空中花园所做的事。
138016101	138016	1		……
138016102	138016	1	3656	升格网络的秘密？不要对它太过上心，那上面没有你所选择的道路。
138016103	138016	1	11066	这种选择的结果与可能， 在之后的未来中我会好好让你看看。
138016104	138016	1	15426	但或许我们之间也没有 那么大的分歧……
138016105	138016	1	24976	我是说我和你，我们之间， 不是升格者和空中花园之间。
138016201	138016	2		……
138016202	138016	2	3743	升格网络的秘密？不要对它太过上心，那上面没有你所选择的道路。
138016203	138016	2	11013	这种选择的结果与可能， 在之后的未来中我会好好让你看看。
138016204	138016	2	18289	但或许我们之间也没有 那么大的分歧……
138016205	138016	2	25332	我是说我和你，我们之间， 不是升格者和空中花园之间。
138016301	138016	3		……
138016302	138016	3	3358	升格网络的秘密？不要对它太过上心，那上面没有你所选择的道路。
138016303	138016	3	10964	这种选择的结果与可能， 在之后的未来中我会好好让你看看。
138016304	138016	3	17951	但或许我们之间也没有 那么大的分歧……
138016305	138016	3	24750	我是说我和你，我们之间， 不是升格者和空中花园之间。
138016401	138016	4		……
138016402	138016	4	3729	升格网络的秘密？不要对它太过上心，那上面没有你所选择的道路。
138016403	138016	4	12079	这种选择的结果与可能， 在之后的未来中我会好好让你看看。
138016404	138016	4	18163	但或许我们之间也没有 那么大的分歧……
138016405	138016	4	24810	我是说我和你，我们之间， 不是升格者和空中花园之间。
138017101	138017	1		生命固然可贵
138017102	138017	1	2747	但一味地追捧生命的无价， 也是在侮辱他人所承受的痛苦——
138017103	138017	1	10618	所以，我给了它们解脱
138017104	138017	1	13548	或许有一天也会给你解脱。
138017105	138017	1	17207	无论在你眼中，这种行为究竟是什么。
138017201	138017	2		生命固然可贵
138017202	138017	2	2603	但一味地追捧生命的无价， 也是在侮辱他人所承受的痛苦——
138017203	138017	2	8299	所以，我给了它们解脱
138017204	138017	2	12348	或许有一天也会给你解脱。
138017205	138017	2	15428	无论在你眼中，这种行为究竟是什么。
138017301	138017	3		生命固然可贵
138017302	138017	3	2569	但一味地追捧生命的无价， 也是在侮辱他人所承受的痛苦——
138017303	138017	3	9983	所以，我给了它们解脱
138017304	138017	3	13742	或许有一天也会给你解脱。 无论在你眼中，这种行为究竟是什么。
138017401	138017	4		生命固然可贵
138017402	138017	4	3266	但一味地追捧生命的无价， 也是在侮辱他人所承受的痛苦——
138017403	138017	4	8438	所以，我给了它们解脱
138017404	138017	4	10087	或许有一天也会给你解脱。 无论在你眼中，这种行为究竟是什么。
138019101	138019	1		既然凛冬计划的一切都将浮出水面， 旧灰鸦小队的铭牌就交给你吧
138019102	138019	1	8463	穆罗尔，迅，希罗…… 他们也该得到安息了。
138019103	138019	1	16787	你问怎么只有三块？
138019104	138019	1	20326	因为最后一块是我的，我还必须继续 战斗下去，为了已经死去的他们， 也为了仍然活着的我们。
138019201	138019	2		既然凛冬计划的一切都将浮出水面， 旧灰鸦小队的铭牌就交给你吧
138019202	138019	2	6941	穆罗尔，迅，希罗…… 他们也该得到安息了。
138019203	138019	2	14519	你问怎么只有三块？
138019204	138019	2	17332	因为最后一块是我的，我还必须继续 战斗下去，为了已经死去的他们， 也为了仍然活着的我们。
138019301	138019	3		既然凛冬计划的一切都将浮出水面， 旧灰鸦小队的铭牌就交给你吧
138019302	138019	3	7182	穆罗尔，迅，希罗…… 他们也该得到安息了。
138019303	138019	3	14610	你问怎么只有三块？
138019304	138019	3	17652	因为最后一块是我的，我还必须继续 战斗下去，为了已经死去的他们， 也为了仍然活着的我们。
138019401	138019	4		既然凛冬计划的一切都将浮出水面， 旧灰鸦小队的铭牌就交给你吧
138019402	138019	4	5767	穆罗尔，迅，希罗…… 他们也该得到安息了。
138019403	138019	4	12826	你问怎么只有三块？
138019404	138019	4	15484	因为最后一块是我的，我还必须继续 战斗下去，为了已经死去的他们， 也为了仍然活着的我们。
138021101	138021	1		……
138021102	138021	1	2286	如果你累了，就放弃一切离开这里， 把一切都交给我
138021103	138021	1	9034	活下去也好，死在我手里也好， 就这样浪迹天涯也好……
138021104	138021	1	18140	但是……绝对不要向我投降。
138021201	138021	2		……
138021202	138021	2	2389	如果你累了，就放弃一切离开这里， 把一切都交给我
138021203	138021	2	9257	活下去也好，死在我手里也好， 就这样浪迹天涯也好……
138021204	138021	2	18117	但是……绝对不要向我投降。
138021301	138021	3		……
138021302	138021	3	2523	如果你累了，就放弃一切离开这里， 把一切都交给我
138021303	138021	3	9115	活下去也好，死在我手里也好， 就这样浪迹天涯也好……
138021304	138021	3	18143	但是……绝对不要向我投降。
138021401	138021	4		……
138021402	138021	4	2460	如果你累了，就放弃一切离开这里， 把一切都交给我
138021403	138021	4	9360	活下去也好，死在我手里也好， 就这样浪迹天涯也好……
138021404	138021	4	18056	但是……绝对不要向我投降。
138022101	138022	1		从我身上看到了另一种可能性？
138022102	138022	1	4134	那么和你身边的那个“露西亚”比起来
138022103	138022	1	8398	哪种可能性你更期待……
138022104	138022	1	12407	比起等待未来更想去创造未来？
138022105	138022	1	19490	天真的想法……
138022106	138022	1	22077	但……很不错的回答，你果然很危险。
138022201	138022	2		从我身上看到了另一种可能性？
138022202	138022	2	3778	那么和你身边的那个“露西亚”比起来
138022203	138022	2	6711	哪种可能性你更期待……
138022204	138022	2	10484	比起等待未来更想去创造未来？
138022205	138022	2	14787	天真的想法……
138022206	138022	2	17050	但……很不错的回答，你果然很危险。
138022301	138022	3		从我身上看到了另一种可能性？
138022302	138022	3	3624	那么和你身边的那个“露西亚”比起来
138022303	138022	3	7978	哪种可能性你更期待……
138022304	138022	3	11237	比起等待未来更想去创造未来？
138022305	138022	3	15642	天真的想法……
138022306	138022	3	18431	但……很不错的回答，你果然很危险。
138022401	138022	4		从我身上看到了另一种可能性？
138022402	138022	4	3780	那么和你身边的那个“露西亚”比起来，哪种可能性你更期待……
138022403	138022	4	10118	比起等待未来更想去创造未来？
138022404	138022	4	15402	天真的想法……
138022405	138022	4	16684	但……很不错的回答，你果然很危险。
138038101	138038	1		……
138038102	138038	1	2085	要是在打瞌睡的话， 我给你讲个睡前童话吧——
138038103	138038	1	6391	讲完你就会清醒过来了
138038104	138038	1	8984	……
138038105	138038	1	16864	不要问那么多为什么， 难道你其实还很精神？
138038201	138038	2		……
138038202	138038	2	1784	要是在打瞌睡的话， 我给你讲个睡前童话吧——
138038203	138038	2	6416	讲完你就会清醒过来了
138038204	138038	2	9092	……
138038205	138038	2	16992	不要问那么多为什么， 难道你其实还很精神？
138038301	138038	3		……
138038302	138038	3	1853	要是在打瞌睡的话， 我给你讲个睡前童话吧——
138038303	138038	3	6237	讲完你就会清醒过来了
138038304	138038	3	9044	……
138038305	138038	3	16822	不要问那么多为什么， 难道你其实还很精神？
138038401	138038	4		……
138038402	138038	4	1920	要是在打瞌睡的话， 我给你讲个睡前童话吧——
138038403	138038	4	5864	讲完你就会清醒过来了
138038404	138038	4	8832	……
138038405	138038	4	17030	不要问那么多为什么， 难道你其实还很精神？
138040101	138040	1		既然你已经离开了， 那么这个地方也没有存在的必要了……
138040102	138040	1	6364	呵，回来得还算及时， 不过不要有下次。
138040201	138040	2		既然你已经离开了， 那么这个地方也没有存在的必要了……
138040202	138040	2	6689	呵，回来得还算及时， 不过不要有下次。
138040301	138040	3		既然你已经离开了， 那么这个地方也没有存在的必要了……
138040302	138040	3	6580	呵，回来得还算及时， 不过不要有下次。
138045101	138045	1		……
138045102	138045	1	7925	累了就睡吧
138045103	138045	1	10464	……
138045104	138045	1	15756	你既然都有了和升格者共处一室的勇气
138045105	138045	1	19413	难道还不敢面对被发现偷懒后的训斥？
138045106	138045	1	23036	……
138045107	138045	1	30231	放心吧，这里的事除了你和我 不会有第三个人知道。
138045201	138045	2		……
138045202	138045	2	7899	累了就睡吧
138045203	138045	2	9957	……
138045204	138045	2	15689	你既然都有了和升格者共处一室的勇气
138045205	138045	2	19244	难道还不敢面对被发现偷懒后的训斥？
138045206	138045	2	23468	……
138045207	138045	2	30326	放心吧，这里的事除了你和我 不会有第三个人知道。
138045301	138045	3		……
138045302	138045	3	8180	累了就睡吧
138045303	138045	3	9912	……
138045304	138045	3	15827	你既然都有了和升格者共处一室的勇气
138045305	138045	3	19505	难道还不敢面对被发现偷懒后的训斥？
138045306	138045	3	23041	……
138045307	138045	3	30300	放心吧，这里的事除了你和我 不会有第三个人知道。
138045401	138045	4		……
138045402	138045	4	7855	累了就睡吧
138045403	138045	4	10458	……
138045404	138045	4	15699	你既然都有了和升格者共处一室的勇气
138045405	138045	4	19352	难道还不敢面对被发现偷懒后的训斥？
138045406	138045	4	23416	……
138045407	138045	4	30177	放心吧，这里的事除了你和我 不会有第三个人知道。
138051101	138051	1		……
138051102	138051	1	2251	即使地球已满目疮痍， 我依然不会仰望天空
138051103	138051	1	7391	我生在这里，也将沿着这里的路前行
138051104	138051	1	13630	如果你想和我一起走，那就出发吧。
138051201	138051	2		……
138051202	138051	2	2247	即使地球已满目疮痍， 我依然不会仰望天空
138051203	138051	2	7413	我生在这里，也将沿着这里的路前行
138051204	138051	2	13697	如果你想和我一起走，那就出发吧。
138051301	138051	3		……
138051302	138051	3	2128	即使地球已满目疮痍， 我依然不会仰望天空
138051303	138051	3	7385	我生在这里，也将沿着这里的路前行
138051304	138051	3	13627	如果你想和我一起走，那就出发吧。
138051401	138051	4		……
138051402	138051	4	2315	即使地球已满目疮痍， 我依然不会仰望天空
138051403	138051	4	7518	我生在这里，也将沿着这里的路前行
138051404	138051	4	13725	如果你想和我一起走，那就出发吧。
138054101	138054	1		好久不见，或许我也应该给你加上 束缚，来防止你擅自离开……
138054102	138054	1	10634	开玩笑的，无论你走到哪里，我都在注视着你，毕竟我不会让我最危险的敌人脱离视线，希望你也能有同样的觉悟。
138054201	138054	2		好久不见，或许我也应该给你加上 束缚，来防止你擅自离开……
138054202	138054	2	10546	开玩笑的，无论你走到哪里，我都在注视着你，毕竟我不会让我最危险的敌人脱离视线，希望你也能有同样的觉悟。
138054301	138054	3		好久不见，或许我也应该给你加上 束缚，来防止你擅自离开……
138054302	138054	3	10435	开玩笑的，无论你走到哪里，我都在注视着你，毕竟我不会让我最危险的敌人脱离视线，希望你也能有同样的觉悟。
138054401	138054	4		好久不见，或许我也应该给你加上 束缚，来防止你擅自离开……
138054402	138054	4	10360	开玩笑的，无论你走到哪里，我都在注视着你，毕竟我不会让我最危险的敌人脱离视线，希望你也能有同样的觉悟。
138056101	138056	1		……
138056102	138056	1	4371	你现在就像一只正在挣扎的笼中鸟
138056103	138056	1	7180	撞着笼子摇晃。
138056201	138056	2		……
138056202	138056	2	4234	你现在就像一只正在挣扎的笼中鸟
138056203	138056	2	7464	撞着笼子摇晃。
138056301	138056	3		……
138056302	138056	3	3985	你现在就像一只正在挣扎的笼中鸟
138056303	138056	3	7574	撞着笼子摇晃。
138056401	138056	4		……
138056402	138056	4	4811	你现在就像一只正在挣扎的笼中鸟
138056403	138056	4	7155	撞着笼子摇晃。
138060101	138060	1		……
138060102	138060	1	2448	呵，小把戏……
138060103	138060	1	5192	我是束缚了自己的力量， 但这并不意味着你变强了。
138060201	138060	2		……
138060202	138060	2	1929	呵，小把戏……
138060203	138060	2	5173	我是束缚了自己的力量， 但这并不意味着你变强了。
138060301	138060	3		……
138060302	138060	3	2708	呵，小把戏……
138060303	138060	3	5236	我是束缚了自己的力量， 但这并不意味着你变强了。
138060401	138060	4		……
138060402	138060	4	2590	呵，小把戏……
138060403	138060	4	5241	我是束缚了自己的力量， 但这并不意味着你变强了。
138099101	138099	1		这些东西我也看腻了， 什么时候才把最有价值的给我……
138099102	138099	1	7823	不用这么靠过来……
138099103	138099	1	12327	既然你已经不怕我了， 那我也再靠近一点吧……
138099104	138099	1	17748	呵，逃了么？
138099201	138099	2		这些东西我也看腻了， 什么时候才把最有价值的给我……
138099202	138099	2	7866	不用这么靠过来……
138099203	138099	2	11756	既然你已经不怕我了， 那我也再靠近一点吧……
138099204	138099	2	17496	呵，逃了么？
138099301	138099	3		这些东西我也看腻了， 什么时候才把最有价值的给我……
138099302	138099	3	8035	不用这么靠过来……
138099303	138099	3	12297	既然你已经不怕我了， 那我也再靠近一点吧……
138099304	138099	3	17294	呵，逃了么？
138099401	138099	4		……
138099402	138099	4	2094	这些东西我也看腻了， 什么时候才把最有价值的给我……
138099403	138099	4	8042	不用这么靠过来……
138099404	138099	4	12082	既然你已经不怕我了， 那我也再靠近一点吧……
138099405	138099	4	17882	呵，逃了么？
138100101	138100	1		看来不论是空中花园还是你本人都没有发现你真正的力量在哪里……
138100102	138100	1	9157	你什么时候决定跟我走？
138100103	138100	1	13078	不必像上次那样立刻回答，好好考虑。
138100201	138100	2		看来不论是空中花园还是你本人都没有发现你真正的力量在哪里……
138100202	138100	2	6570	你什么时候决定跟我走？
138100203	138100	2	8693	不必像上次那样立刻回答，好好考虑。
138100301	138100	3		看来不论是空中花园还是你本人都没有发现你真正的力量在哪里……
138100302	138100	3	9143	你什么时候决定跟我走？
138100303	138100	3	11664	不必像上次那样立刻回答，好好考虑。
138100401	138100	4		看来不论是空中花园还是你本人都没有发现你真正的力量在哪里……
138100402	138100	4	5848	你什么时候决定跟我走？
138100403	138100	4	8299	不必像上次那样立刻回答，好好考虑。
138026101	138026	1		如果你还期盼着彻底消灭帕弥什的未来
138026102	138026	1	4108	就不该和一个升格者有过多牵扯。
138026201	138026	2		如果你还期盼着彻底消灭帕弥什的未来
138026202	138026	2	3964	就不该和一个升格者有过多牵扯。
138026301	138026	3		如果你还期盼着彻底消灭帕弥什的未来
138026302	138026	3	4347	就不该和一个升格者有过多牵扯。
139010101	139010	1		你平时工作用的文件和设备，已经分类放好了，日程表也在这儿……
139010102	139010	1	9654	想问我为什么你还没说就了解你的习惯？
139010103	139010	1	13671	毕竟每次登台都只有一次机会， 而我习惯提前做好所有准备。
139010201	139010	2		你平时工作用的文件和设备，已经分类放好了，日程表也在这儿……
139010202	139010	2	6937	想问我为什么你还没说就了解你的习惯？
139010203	139010	2	12656	毕竟每次登台都只有一次机会， 而我习惯提前做好所有准备。
139010401	139010	4		你平时工作用的文件和设备，已经分类放好了，日程表也在这儿……
139010402	139010	4	4825	想问我为什么你还没说就了解你的习惯？
139010403	139010	4	7625	毕竟每次登台都只有一次机会， 而我习惯提前做好所有准备。
139014101	139014	1		你知道吗？ 为了最大程度地模拟人类，很多人形机械体内部也会有和人类相似的结构
139014102	139014	1	11398	甚至连心脏这样对于机械体而言并没有特殊功用的部位也会被造出来，也同样被安置在胸口的左边……
139014103	139014	1	19509	但，指挥官的“心”， 也并不是寄宿在心脏之中的，不是吗？
139014201	139014	2		你知道吗？ 为了最大程度地模拟人类，很多人形机械体内部也会有和人类相似的结构
139014202	139014	2	9545	甚至连心脏这样对于机械体而言并没有特殊功用的部位也会被造出来，也同样被安置在胸口的左边……
139014203	139014	2	20663	但，指挥官的“心”， 也并不是寄宿在心脏之中的，不是吗？
139014301	139014	3		你知道吗？ 为了最大程度地模拟人类，很多人形机械体内部也会有和人类相似的结构
139014302	139014	3	9659	甚至连心脏这样对于机械体而言并没有特殊功用的部位也会被造出来，也同样被安置在胸口的左边……
139014303	139014	3	19370	但，指挥官的“心”， 也并不是寄宿在心脏之中的，不是吗？
139014401	139014	4		你知道吗？ 为了最大程度地模拟人类，很多人形机械体内部也会有和人类相似的结构
139014402	139014	4	6062	甚至连心脏这样对于机械体而言并没有特殊功用的部位也会被造出来，也同样被安置在胸口的左边……
139014403	139014	4	10856	但，指挥官的“心”， 也并不是寄宿在心脏之中的，不是吗？
139015101	139015	1		……
139015102	139015	1	4706	你说这个？
139015103	139015	1	7061	没事的，只是几件平时要穿着的行头 而已，我自己就可以
139015104	139015	1	13126	这根线马上就能穿过去了！
139015105	139015	1	18981	……唔
139015106	139015	1	25618	指挥官……你能稍微帮我一下吗？
139015201	139015	2		……
139015202	139015	2	4758	你说这个？
139015203	139015	2	7082	没事的，只是几件平时要穿着的行头 而已，我自己就可以
139015204	139015	2	13224	这根线马上就能穿过去了！
139015205	139015	2	16804	……唔
139015206	139015	2	25527	指挥官……你能稍微帮我一下吗？
139015301	139015	3		……
139015302	139015	3	4730	你说这个？
139015303	139015	3	7081	没事的，只是几件平时要穿着的行头 而已，我自己就可以
139015304	139015	3	13024	这根线马上就能穿过去了！
139015305	139015	3	17436	……唔
139015306	139015	3	25798	指挥官……你能稍微帮我一下吗？
139015401	139015	4		……
139015402	139015	4	4649	你说这个？
139015403	139015	4	7051	没事的，只是几件平时要穿着的行头 而已，我自己就可以
139015404	139015	4	12969	这根线马上就能穿过去了！
139015405	139015	4	18770	……唔
139015406	139015	4	25479	指挥官……你能稍微帮我一下吗？
139016101	139016	1		指挥官，你的头发乱了， 我来帮你梳头吧……
139016102	139016	1	6057	嗯，这缕头发一直翘着，怎样也没办法梳平整，不过这样感觉也不错。
139016103	139016	1	13226	为什么？
139016104	139016	1	16228	因为这样的指挥官比平时要 更特别一些……
139016201	139016	2		指挥官，你的头发乱了
139016202	139016	2	4935	我来帮你梳头吧……
139016203	139016	2	8834	嗯，这缕头发一直翘着， 怎样也没办法梳平整
139016204	139016	2	14848	不过这样感觉也不错。
139016205	139016	2	17822	为什么？
139016206	139016	2	20077	因为这样的指挥官比平时要 更特别一些……
139016401	139016	4		指挥官，你的头发乱了， 我来帮你梳头吧……
139016402	139016	4	4838	嗯，这缕头发一直翘着， 怎样也没办法梳平整
139016403	139016	4	8895	不过这样感觉也不错。
139016404	139016	4	11657	为什么？
139016405	139016	4	13165	因为这样的指挥官比平时要 更特别一些……
139017101	139017	1		关于这道伤痕吗？
139017102	139017	1	3606	这是我死过一次的证明……
139017103	139017	1	8817	不，没关系的。
139017104	139017	1	11635	这道伤痕背后也不全是痛苦， 还有温暖和希望
139017105	139017	1	21006	如果指挥官想知道的话， 我会把这一切都告诉你，毫无保留。
139017201	139017	2		关于这道伤痕吗？
139017202	139017	2	3361	这是我死过一次的证明……
139017203	139017	2	7642	不，没关系的。
139017204	139017	2	10038	这道伤痕背后也不全是痛苦， 还有温暖和希望
139017205	139017	2	16208	如果指挥官想知道的话， 我会把这一切都告诉你，毫无保留。
139017401	139017	4		关于这道伤痕吗？
139017402	139017	4	1858	这是我死过一次的证明……
139017403	139017	4	4696	不，没关系的。
139017404	139017	4	6242	这道伤痕背后也不全是痛苦， 还有温暖和希望
139017405	139017	4	11616	如果指挥官想知道的话， 我会把这一切都告诉你，毫无保留。
139018101	139018	1		哦，这样，然后……再这样， 按这里就可以了吗？
139018102	139018	1	10176	嗯，我明白了，开始吧
139018103	139018	1	13398	这个游戏的基本技巧我已经掌握了……
139018104	139018	1	18060	诶？指挥官的角色怎么速度这么快！
139018201	139018	2		哦，这样，然后……再这样， 按这里就可以了吗？
139018202	139018	2	7593	嗯，我明白了，开始吧，这个游戏的 基本技巧我已经掌握了……
139018203	139018	2	13796	诶？指挥官的角色怎么速度这么快！
139018401	139018	4		哦，这样，然后……再这样， 按这里就可以了吗？
139018402	139018	4	7844	嗯，我明白了，开始吧，这个游戏的 基本技巧我已经掌握了……
139018403	139018	4	13133	诶？指挥官的角色怎么速度这么快！
139019101	139019	1		九龙不只是城和船，还有许多人迹 罕至，没有被帕弥什侵扰的地方
139019102	139019	1	12089	只有朝阳和落日的大漠， 险峻山谷中的江河源头
139019103	139019	1	20091	还有极北林海深处的雪原……
139019104	139019	1	24476	如果有机会的话， 指挥官，我们一起去看看吧。
139019201	139019	2		九龙不只是城和船，还有许多人迹 罕至，没有被帕弥什侵扰的地方
139019202	139019	2	7513	只有朝阳和落日的大漠， 险峻山谷中的江河源头
139019203	139019	2	14145	还有极北林海深处的雪原……
139019204	139019	2	17760	如果有机会的话， 指挥官，我们一起去看看吧。
139019401	139019	4		九龙不只是城和船，还有许多人迹 罕至，没有被帕弥什侵扰的地方
139019402	139019	4	8504	只有朝阳和落日的大漠， 险峻山谷中的江河源头
139019403	139019	4	14240	还有极北林海深处的雪原……
139019404	139019	4	19016	如果有机会的话， 指挥官，我们一起去看看吧。
139020101	139020	1		……
139020102	139020	1	5282	清润玉箫闲久，知音稀有。
139020103	139020	1	12374	欲知日日倚栏愁，但问取、亭前柳。
139020104	139020	1	20972	……
139020105	139020	1	27952	这几句用来伴舞的唱词，据说是一位九龙诗人写的，我很喜欢就记下来了……
139020106	139020	1	37176	刚才的舞你喜欢吗？
139020107	139020	1	42306	那就好。
139020201	139020	2		……
139020202	139020	2	5180	清润玉箫闲久，知音稀有。
139020203	139020	2	11333	欲知日日倚栏愁，但问取、亭前柳。
139020204	139020	2	18494	……
139020205	139020	2	27878	这几句用来伴舞的唱词，据说是一位九龙诗人写的，我很喜欢就记下来了……
139020206	139020	2	36786	刚才的舞你喜欢吗？
139020207	139020	2	42094	那就好。
139020301	139020	3		……
139020302	139020	3	5383	清润玉箫闲久，知音稀有。
139020303	139020	3	12198	欲知日日倚栏愁，但问取、亭前柳。
139020304	139020	3	19020	……
139020305	139020	3	27718	这几句用来伴舞的唱词，据说是一位九龙诗人写的，我很喜欢就记下来了……
139020306	139020	3	37166	刚才的舞你喜欢吗？
139020307	139020	3	42231	那就好。
139020401	139020	4		……
139020402	139020	4	5305	清润玉箫闲久，知音稀有。
139020403	139020	4	12781	欲知日日倚栏愁，但问取、亭前柳。
139020404	139020	4	18841	……
139020405	139020	4	27825	这几句用来伴舞的唱词，据说是一位九龙诗人写的，我很喜欢就记下来了……
139020406	139020	4	37471	刚才的舞你喜欢吗？
139020407	139020	4	42195	那就好。
139021101	139021	1		……
139021102	139021	1	4730	……想要拥抱。
139021103	139021	1	7240	原因吗？
139021104	139021	1	10204	只是单纯地想要这样做， 没有什么特别的原因。
139021105	139021	1	15214	但是应该可以通过拥抱感知到你的 体温，能更了解你一些
139021106	139021	1	22520	这对我来说……是非常重要的信息
139021107	139021	1	26710	至关重要。
139021201	139021	2		……
139021202	139021	2	4946	……想要拥抱。
139021203	139021	2	7278	原因吗？
139021204	139021	2	10282	只是单纯地想要这样做， 没有什么特别的原因。
139021205	139021	2	15367	但是应该可以通过拥抱感知到你的 体温，能更了解你一些
139021206	139021	2	22537	这对我来说……是非常重要的信息
139021207	139021	2	27093	至关重要。
139021301	139021	3		……
139021302	139021	3	4741	……想要拥抱。
139021303	139021	3	7459	原因吗？
139021304	139021	3	9050	只是单纯地想要这样做， 没有什么特别的原因。
139021305	139021	3	14988	但是应该可以通过拥抱感知到你的 体温，能更了解你一些
139021306	139021	3	22475	这对我来说……是非常重要的信息
139021307	139021	3	26702	至关重要。
139021401	139021	4		……
139021402	139021	4	4667	……想要拥抱。
139021403	139021	4	7517	原因吗？
139021404	139021	4	11220	只是单纯地想要这样做， 没有什么特别的原因。
139021405	139021	4	17230	但是应该可以通过拥抱感知到你的 体温，能更了解你一些
139021406	139021	4	23783	这对我来说……是非常重要的信息
139021407	139021	4	26815	至关重要。
139022101	139022	1		与你相遇之后，我经常会做同一个梦
139022102	139022	1	5599	梦到我们在九龙的街道上，一边说笑， 一边探讨哪种小吃最好吃
139022103	139022	1	14445	好像那才是真正的现实……
139022104	139022	1	18883	请告诉我，指挥官
139022105	139022	1	21701	我现在还是在梦中吗？
139022201	139022	2		与你相遇之后，我经常会做同一个梦
139022202	139022	2	4965	梦到我们在九龙的街道上，一边说笑， 一边探讨哪种小吃最好吃
139022203	139022	2	11932	好像那才是真正的现实……
139022204	139022	2	16205	请告诉我，指挥官
139022205	139022	2	18905	我现在还是在梦中吗？
139022401	139022	4		与你相遇之后，我经常会做同一个梦
139022402	139022	4	3813	梦到我们在九龙的街道上，一边说笑， 一边探讨哪种小吃最好吃
139022403	139022	4	11625	好像那才是真正的现实……
139022404	139022	4	15974	请告诉我，指挥官
139022405	139022	4	18482	我现在还是在梦中吗？
139023101	139023	1		我原以为离开了夜航船， “家”这个词就与我再无关系了
139023102	139023	1	8353	即便是在九龙和教会， 我也总会觉得自己是一个异乡人……
139023103	139023	1	16112	而现在我终于明白
139023104	139023	1	20313	这里，还有你， 已经构成了我对家的全部想象。
139023201	139023	2		我原以为离开了夜航船， “家”这个词就与我再无关系了
139023202	139023	2	6618	即便是在九龙和教会， 我也总会觉得自己是一个异乡人……
139023203	139023	2	14436	而现在我终于明白
139023204	139023	2	16953	这里，还有你
139023205	139023	2	21199	已经构成了我对家的全部想象。
139023401	139023	4		我原以为离开了夜航船， “家”这个词就与我再无关系了
139023402	139023	4	5846	即便是在九龙和教会， 我也总会觉得自己是一个异乡人……
139023403	139023	4	11497	而现在我终于明白
139023404	139023	4	15397	这里，还有你， 已经构成了我对家的全部想象。
139028101	139028	1		指挥官，要不要吃点甜食？
139028102	139028	1	4309	这是话梅糖， 算是九龙的一种小零食……
139028103	139028	1	8537	哦，忘记说了，这种糖刚吃进去会比较酸，之后才会很甜……
139028104	139028	1	19733	不过这样一来， 你一直紧皱着的眉头终于舒展了。
139028201	139028	2		指挥官，要不要吃点甜食？
139028202	139028	2	4253	这是话梅糖， 算是九龙的一种小零食……
139028203	139028	2	8601	哦，忘记说了，这种糖刚吃进去会比较酸，之后才会很甜……
139028204	139028	2	15657	不过这样一来， 你一直紧皱着的眉头终于舒展了。
139028401	139028	4		指挥官，要不要吃点甜食？
139028402	139028	4	2480	这是话梅糖， 算是九龙的一种小零食……
139028403	139028	4	6402	哦，忘记说了，这种糖刚吃进去会比较酸，之后才会很甜……
139028404	139028	4	11036	不过这样一来， 你一直紧皱着的眉头终于舒展了。
139030101	139030	1		嗯？为什么指挥官盯着我看……
139030102	139030	1	5446	头发乱了吗？
139030103	139030	1	8111	啊，抱歉，这，这太失礼了， 让我先整理一下！
139030201	139030	2		嗯？
139030202	139030	2	1476	为什么指挥官盯着我看……
139030203	139030	2	4448	头发乱了吗？
139030204	139030	2	6234	啊，抱歉，这，这太失礼了， 让我先整理一下！
139031101	139031	1		礼物要等到送礼人不在的时候再拆开， 如此才能表达对对方的尊重
139031102	139031	1	8254	这是我在航船上学到的习俗……
139031103	139031	1	11636	但如果可能的话， 我希望和指挥官一块拆开。
139031201	139031	2		礼物要等到送礼人不在的时候再拆开， 如此才能表达对对方的尊重
139031202	139031	2	7206	这是我在航船上学到的习俗……
139031203	139031	2	11504	但如果可能的话， 我希望和指挥官一块拆开。
139031401	139031	4		礼物要等到送礼人不在的时候再拆开， 如此才能表达对对方的尊重， 这是我在航船上学到的习俗……
139031402	139031	4	6509	但如果可能的话， 我希望和指挥官一块拆开。
139032101	139032	1		这个给你，指挥官
139032102	139032	1	3686	这是我在来到空中花园之前在九龙捡到的几粒花种，一直带在身边
139032103	139032	1	11724	明天我们一起把它种起来吧。
139032201	139032	2		这个给你，指挥官
139032202	139032	2	3027	这是我在来到空中花园之前在九龙捡到的几粒花种，一直带在身边
139032203	139032	2	10144	明天我们一起把它种起来吧。
139032401	139032	4		这个给你，指挥官，这是我在来到空中花园之前在九龙捡到的几粒花种
139032402	139032	4	4829	我一直带在身边
139032403	139032	4	6818	明天我们一起把它种起来吧。
139035101	139035	1		这副旧手套你用了很久了，所以我就把几个快要磨破的地方补了一下。
139035102	139035	1	9892	为什么有红色的印记？
139035103	139035	1	14987	咳……那个，总而言之， 你先试穿一下！
139035201	139035	2		这副旧手套你用了很久了，所以我就把几个快要磨破的地方补了一下。
139035202	139035	2	6572	为什么有红色的印记？
139035203	139035	2	8901	咳……那个，总而言之， 你先试穿一下！
139035401	139035	4		这副旧手套你用了很久了，所以我就把几个快要磨破的地方补了一下。
139035402	139035	4	5590	为什么有红色的印记？
139035403	139035	4	8032	咳……那个，总而言之， 你先试穿一下！
139094101	139094	1		虽然不知道你是从哪儿找来的， 但那盘录像带上的确实是我……
139094102	139094	1	7240	真是意外， 没想到那时的表演还有人录下来。
139094103	139094	1	13762	不过，要是你还想看那场舞的话， 我不就在你面前吗？
139094201	139094	2		虽然不知道你是从哪儿找来的， 但那盘录像带上的确实是我……
139094202	139094	2	6737	真是意外， 没想到那时的表演还有人录下来。
139094203	139094	2	12527	不过，要是你还想看那场舞的话， 我不就在你面前吗？
139094401	139094	4		虽然不知道你是从哪儿找来的， 但那盘录像带上的确实是我……
139094402	139094	4	4424	真是意外， 没想到那时的表演还有人录下来。
139094403	139094	4	7794	不过，要是你还想看那场舞的话， 我不就在你面前吗？
139095101	139095	1		曾有人告诉我，灵魂是造物主赐予人类最珍贵的礼物
139095102	139095	1	9219	而如今我越来越觉得，如果真的有能称之为灵魂的东西存在于我的身体中
139095103	139095	1	14726	那么和你相处的每一刻都是赠予我灵魂无比珍贵的礼物。
139095201	139095	2		曾有人告诉我，灵魂是造物主赐予人类最珍贵的礼物
139095202	139095	2	7595	而如今我越来越觉得，如果真的有能称之为灵魂的东西存在于我的身体中
139095203	139095	2	14821	那么和你相处的每一刻都是赠予我灵魂无比珍贵的礼物。
139095401	139095	4		曾有人告诉我，灵魂是造物主赐予人类最珍贵的礼物
139095402	139095	4	5169	而如今我越来越觉得，如果真的有能称之为灵魂的东西存在于我的身体中
139095403	139095	4	7787	那么和你相处的每一刻都是赠予我灵魂无比珍贵的礼物。
139097101	139097	1		指挥官，请伸出手……
139097102	139097	1	3266	……
139097103	139097	1	8042	像这样勾住小指
139097104	139097	1	10898	然后要说 “拉勾勾，拉勾勾，一百年，不许变”。
139097105	139097	1	21839	嗯，这样就约定好了
139097106	139097	1	24281	无论未来怎样，我都会陪在你身边。
139097201	139097	2		指挥官，请伸出手……
139097202	139097	2	3057	……
139097203	139097	2	8070	像这样勾住小指
139097204	139097	2	11010	然后要说 “拉勾勾，拉勾勾，一百年，不许变”。
139097205	139097	2	19968	嗯，这样就约定好了
139097206	139097	2	24361	无论未来怎样，我都会陪在你身边。
139097301	139097	3		指挥官，请伸出手……
139097302	139097	3	3317	……
139097303	139097	3	8313	像这样勾住小指
139097304	139097	3	11436	然后要说 “拉勾勾，拉勾勾，一百年，不许变”。
139097305	139097	3	22374	嗯，这样就约定好了
139097306	139097	3	24570	无论未来怎样，我都会陪在你身边。
139097401	139097	4		指挥官，请伸出手……
139097402	139097	4	3798	……
139097403	139097	4	8366	像这样勾住小指
139097404	139097	4	11057	然后要说 “拉勾勾，拉勾勾，一百年，不许变”。
139097405	139097	4	20370	嗯，这样就约定好了
139097406	139097	4	24629	无论未来怎样，我都会陪在你身边。
139039101	139039	1		……
139039102	139039	1	5378	……我只是在丈量这个房间的大小。
139039103	139039	1	9138	因为不知道为什么，每次我自己一个人在这里的时候，总觉得这间屋子很大
139039104	139039	1	16336	而和你呆在一起的时候， 这间屋子又刚刚好。
139039201	139039	2		……
139039202	139039	2	5223	……我只是在丈量这个房间的大小。
139039203	139039	2	9076	因为不知道为什么，每次我自己一个人在这里的时候，总觉得这间屋子很大
139039204	139039	2	16041	而和你呆在一起的时候， 这间屋子又刚刚好。
139039301	139039	3		……
139039302	139039	3	5370	……我只是在丈量这个房间的大小。
139039303	139039	3	8576	因为不知道为什么，每次我自己一个人在这里的时候，总觉得这间屋子很大
139039304	139039	3	16239	而和你呆在一起的时候， 这间屋子又刚刚好。
139039401	139039	4		……
139039402	139039	4	5086	……我只是在丈量这个房间的大小。
139039403	139039	4	9609	因为不知道为什么，每次我自己一个人在这里的时候，总觉得这间屋子很大
139039404	139039	4	16108	而和你呆在一起的时候， 这间屋子又刚刚好。
139049101	139049	1		在夜航船上， 早晨和上午是吃早茶的时间
139049102	139049	1	4864	不知道空中花园里有没有这个习惯……
139049103	139049	1	10110	要是你想试试的话， 我倒是也可以凭着记忆复制出来
139049104	139049	1	14998	只是……不知味道如何。
139049201	139049	2		在夜航船上， 早晨和上午是吃早茶的时间
139049202	139049	2	5238	不知道空中花园里有没有这个习惯……
139049203	139049	2	8717	要是你想试试的话， 我倒是也可以凭着记忆复制出来
139049204	139049	2	13206	只是……不知味道如何。
139049401	139049	4		在夜航船上， 早晨和上午是吃早茶的时间
139049402	139049	4	3556	不知道空中花园里有没有这个习惯……
139049403	139049	4	6726	要是你想试试的话， 我倒是也可以凭着记忆复制出来
139049404	139049	4	10723	只是……不知味道如何。
139051101	139051	1		嗯？
139051102	139051	1	1686	从刚才开始，我就一直在这儿了呀……
139051103	139051	1	4897	那这样呢？
139051104	139051	1	8310	像这样握住手的话， 就不用再担心我会离开了。
139051201	139051	2		嗯？
139051202	139051	2	1911	从刚才开始，我就一直在这儿了呀……
139051203	139051	2	6767	那这样呢？
139051204	139051	2	8993	像这样握住手的话， 就不用再担心我会离开了。
139054101	139054	1		在你回来之前，我一直在这儿， 做着一个又一个的梦……
139054102	139054	1	8775	总而言之，你回来了就好。
139054103	139054	1	12224	……
139054104	139054	1	15664	茶，还是和以前一样吗？
139054201	139054	2		在你回来之前，我一直在这儿， 做着一个又一个的梦……
139054202	139054	2	8706	总而言之，你回来了就好。
139054203	139054	2	11278	……
139054204	139054	2	15720	茶
139054205	139054	2	18749	还是和以前一样吗？
139054301	139054	3		在你回来之前，我一直在这儿， 做着一个又一个的梦……
139054302	139054	3	8578	总而言之，你回来了就好。
139054303	139054	3	11417	……
139054304	139054	3	15803	茶
139054305	139054	3	18555	还是和以前一样吗？
139054401	139054	4		……
139054402	139054	4	1139	在你回来之前，我一直在这儿， 做着一个又一个的梦……
139054403	139054	4	8918	总而言之，你回来了就好。
139054404	139054	4	11025	……
139054405	139054	4	15673	茶，还是和以前一样吗？
139057101	139057	1		……
139057102	139057	1	4160	指挥官居然还有这么孩子气的一面……
139057103	139057	1	7894	还是说，觉得有些寂寞了吗？
139057201	139057	2		……
139057202	139057	2	4643	指挥官居然还有这么孩子气的一面……
139057203	139057	2	8380	还是说，觉得有些寂寞了吗？
139057301	139057	3		……
139057302	139057	3	3471	指挥官居然还有这么孩子气的一面……
139057303	139057	3	7780	还是说，觉得有些寂寞了吗？
139057401	139057	4		……
139057402	139057	4	4440	指挥官居然还有这么孩子气的一面……
139057403	139057	4	7977	还是说，觉得有些寂寞了吗？
139037101	139037	1		没在这儿吗？
139037102	139037	1	3520	可登陆过的数据明明写着， 指挥官这个时候应该在这儿才对……
139037103	139037	1	11519	那我在这儿等着吧。
139037201	139037	2		没在这儿吗？
139037202	139037	2	3405	可登陆过的数据明明写着， 指挥官这个时候应该在这儿才对……
139037203	139037	2	12082	那我在这儿等着吧。
139037401	139037	4		没在这儿吗？
139037402	139037	4	1416	可登陆过的数据明明写着， 指挥官这个时候应该在这儿才对……
139037403	139037	4	5399	那我在这儿等着吧。
139044101	139044	1		……
139044102	139044	1	4681	你如果执意要持续高强度工作， 我会……“生气”的。
139044201	139044	2		……
139044202	139044	2	4890	你如果执意要持续高强度工作， 我会……“生气”的。
139044301	139044	3		……
139044302	139044	3	4791	你如果执意要持续高强度工作， 我会……“生气”的。
139044401	139044	4		……
139044402	139044	4	4932	你如果执意要持续高强度工作， 我会……“生气”的。
139053101	139053	1		欢迎回家，指挥官。
139053102	139053	1	4622	你脸上的表情……很特别
139053103	139053	1	9539	今天发生了什么事吗？
139053104	139053	1	12214	我们的时间还长着呢， 坐下来慢慢说吧
139053201	139053	2		欢迎回家，指挥官。
139053202	139053	2	4649	你脸上的表情……很特别
139053203	139053	2	9658	今天发生了什么事吗？
139053204	139053	2	12254	我们的时间还长着呢， 坐下来慢慢说吧
139053301	139053	3		欢迎回家，指挥官。
139053302	139053	3	5238	你脸上的表情……很特别
139053303	139053	3	9391	今天发生了什么事吗？
139053304	139053	3	12302	我们的时间还长着呢， 坐下来慢慢说吧
139053401	139053	4		欢迎回家，指挥官。
139053402	139053	4	5141	你脸上的表情……很特别
139053403	139053	4	9787	今天发生了什么事吗？
139053404	139053	4	12212	我们的时间还长着呢， 坐下来慢慢说吧
139058101	139058	1		……
139058102	139058	1	8488	好吧，看来你是真的很喜欢这么做……
139058103	139058	1	13680	总而言之，在和其他人相处的时候， 最好不要这样了哦？
139058201	139058	2		……
139058202	139058	2	8032	好吧，看来你是真的很喜欢这么做……
139058203	139058	2	13208	总而言之，在和其他人相处的时候， 最好不要这样了哦？
139058301	139058	3		……
139058302	139058	3	7768	好吧，看来你是真的很喜欢这么做……
139058303	139058	3	12790	总而言之，在和其他人相处的时候， 最好不要这样了哦？
139058401	139058	4		……
139058402	139058	4	8418	好吧，看来你是真的很喜欢这么做……
139058403	139058	4	13512	总而言之，在和其他人相处的时候， 最好不要这样了哦？
140012101	140012	1		嗷嗷——
140012102	140012	1	4706	好了，给我礼物。
140012103	140012	1	8636	疑惑什么？
140012104	140012	1	9966	上次诺克提说这么做给他看就给我好吃的食物，他给了，现在轮到你了。
140012201	140012	2		嗷嗷——
140012202	140012	2	3901	好了，给我礼物。
140012203	140012	2	7536	疑惑什么？
140012204	140012	2	9828	上次诺克提说这么做给他看就给我好吃的食物，他给了，现在轮到你了。
140012301	140012	3		嗷嗷——
140012302	140012	3	2975	好了，给我礼物。
140012303	140012	3	6374	疑惑什么？
140012304	140012	3	8163	上次诺克提说这么做给他看就给我好吃的食物，他给了，现在轮到你了。
140012401	140012	4		嗷嗷——
140012402	140012	4	2882	好了，给我礼物。
140012403	140012	4	6530	疑惑什么？
140012404	140012	4	8631	上次诺克提说这么做给他看就给我好吃的食物，他给了，现在轮到你了。
140013101	140013	1		抓痕？
140013102	140013	1	1955	跟21号没关系。
140013103	140013	1	5371	不信你看。
140013104	140013	1	6895	上次你说了， 21号就再也没有把武器带进来了。
140013105	140013	1	11928	而且，21号当时只是想比比， 桌子和爪子，哪个更坚固。
140013201	140013	2		抓痕？
140013202	140013	2	2296	跟21号没关系。
140013203	140013	2	5041	不信你看。
140013204	140013	2	6925	上次你说了， 21号就再也没有把武器带进来了。
140013205	140013	2	12441	而且，21号当时只是想比比， 桌子和爪子，哪个更坚固。
140013301	140013	3		抓痕？
140013302	140013	3	1596	跟21号没关系。不信你看。
140013303	140013	3	5329	上次你说了， 21号就再也没有把武器带进来了。
140013304	140013	3	10435	而且，21号当时只是想比比， 桌子和爪子，哪个更坚固。
140013401	140013	4		抓痕？
140013402	140013	4	2846	跟21号没关系。
140013403	140013	4	5128	不信你看。上次你说了， 21号就再也没有把武器带进来了。
140013404	140013	4	9648	而且，21号当时只是想比比， 桌子和爪子，哪个更坚固。
140015101	140015	1		……
140015102	140015	1	4229	你也在想念小家伙吗？
140015103	140015	1	6997	……
140015104	140015	1	13341	小家伙，在这里
140015105	140015	1	18070	我能够感受得到。
140015201	140015	2		……
140015202	140015	2	4581	你也在想念小家伙吗？
140015203	140015	2	6937	……
140015204	140015	2	13361	小家伙，在这里
140015205	140015	2	18054	我能够感受得到。
140015301	140015	3		……
140015302	140015	3	4389	你也在想念小家伙吗？
140015303	140015	3	6874	……
140015304	140015	3	13453	小家伙，在这里
140015305	140015	3	17703	我能够感受得到。
140015401	140015	4		……
140015402	140015	4	4447	你也在想念小家伙吗？
140015403	140015	4	6750	……
140015404	140015	4	13401	小家伙，在这里
140015405	140015	4	18313	我能够感受得到。
140016101	140016	1		你见到过没有尽头的森林吗？
140016102	140016	1	4428	不是在屏幕里，也不是故事， 动物和动物宝宝们生活在一起……
140016103	140016	1	13446	21号也没有见过。
140016104	140016	1	17747	要是嘉侬也在这儿的话， 她可以讲很多给你听。
140016201	140016	2		你见到过没有尽头的森林吗？
140016202	140016	2	3519	不是在屏幕里，也不是故事， 动物和动物宝宝们生活在一起……
140016203	140016	2	14617	21号也没有见过。
140016204	140016	2	18051	要是嘉侬也在这儿的话， 她可以讲很多给你听。
140016301	140016	3		你见到过没有尽头的森林吗？
140016302	140016	3	4236	不是在屏幕里，也不是故事， 动物和动物宝宝们生活在一起……
140016303	140016	3	12525	21号也没有见过。
140016304	140016	3	15151	要是嘉侬也在这儿的话， 她可以讲很多给你听。
140016401	140016	4		你见到过没有尽头的森林吗？
140016402	140016	4	3471	不是在屏幕里，也不是故事， 动物和动物宝宝们生活在一起……
140016403	140016	4	11769	21号也没有见过。
140016404	140016	4	14441	要是嘉侬也在这儿的话， 她可以讲很多给你听。
140017101	140017	1		《红色荒漠》……
140017102	140017	1	2938	这是什么？老电影？不懂。
140017103	140017	1	8422	你很喜欢红色吗？
140017104	140017	1	11365	在研究院的时候，红色是危险， 会让21号紧张。
140017105	140017	1	20160	但是薇拉是红色，所以我后来喜欢。
140017106	140017	1	25264	红色的含义，21号自己来决定。
140017201	140017	2		《红色荒漠》……
140017202	140017	2	3456	这是什么？老电影？不懂。
140017203	140017	2	10808	你很喜欢红色吗？
140017204	140017	2	13887	在研究院的时候，红色是危险， 会让21号紧张。
140017205	140017	2	21637	但是薇拉是红色，所以我后来喜欢。
140017206	140017	2	27484	红色的含义，21号自己来决定。
140017301	140017	3		《红色荒漠》……
140017302	140017	3	2386	这是什么？老电影？不懂。
140017303	140017	3	8214	你很喜欢红色吗？
140017304	140017	3	10807	在研究院的时候，红色是危险， 会让21号紧张。
140017305	140017	3	18073	但是薇拉是红色，所以我后来喜欢。
140017306	140017	3	23553	红色的含义，21号自己来决定。
140017401	140017	4		《红色荒漠》……
140017402	140017	4	2859	这是什么？老电影？不懂。
140017403	140017	4	8660	你很喜欢红色吗？
140017404	140017	4	10996	在研究院的时候，红色是危险， 会让21号紧张。
140017405	140017	4	16987	但是薇拉是红色，所以我后来喜欢。
140017406	140017	4	22106	红色的含义，21号自己来决定。
140018101	140018	1		脖子上的这个？
140018102	140018	1	4449	它只是有的时候才让21号痛，而且， 21号也不是第一次戴着这种东西。
140018103	140018	1	13985	你要把它卸掉？
140018104	140018	1	16689	没关系，21号不像之前一样， 它不会真的圈住我。
140018201	140018	2		脖子上的这个？
140018202	140018	2	3359	它只是有的时候才让21号痛，而且， 21号也不是第一次戴着这种东西。
140018203	140018	2	14552	你要把它卸掉？
140018204	140018	2	18074	没关系，21号不像之前一样， 它不会真的圈住我。
140018301	140018	3		脖子上的这个？
140018302	140018	3	2843	它只是有的时候才让21号痛，而且， 21号也不是第一次戴着这种东西。
140018303	140018	3	11314	你要把它卸掉？
140018304	140018	3	13489	没关系，21号不像之前一样， 它不会真的圈住我。
140018401	140018	4		脖子上的这个？
140018402	140018	4	2287	它只是有的时候才让21号痛，而且， 21号也不是第一次戴着这种东西。
140018403	140018	4	10760	你要把它卸掉？
140018404	140018	4	13598	没关系，21号不像之前一样， 它不会真的圈住我。
140019101	140019	1		嗅嗅
140019102	140019	1	2182	你身上的味道和之前一样让我舒服。
140019103	140019	1	8255	嗯……我现在不叫它“人类的味道”了， 因为它和你的形状没有关系。
140019201	140019	2		嗅嗅
140019202	140019	2	2285	你身上的味道和之前一样让我舒服。
140019203	140019	2	7597	嗯……我现在不叫它“人类的味道”了， 因为它和你的形状没有关系。
140019301	140019	3		嗅嗅
140019302	140019	3	3392	你身上的味道和之前一样让我舒服。
140019303	140019	3	7893	嗯……我现在不叫它“人类的味道”了， 因为它和你的形状没有关系。
140019401	140019	4		嗅嗅
140019402	140019	4	1427	你身上的味道和之前一样让我舒服。
140019403	140019	4	4866	嗯……我现在不叫它“人类的味道”了， 因为它和你的形状没有关系。
140020101	140020	1		嗯？21号在等你一起看新的狼纪录片。
140020102	140020	1	10618	为什么这么喜欢？
140020103	140020	1	13426	因为我的身体和它们很像，让我安心。
140020104	140020	1	18811	在这副身体之前，还有几个实验品， 21号在里面找不到自己的形状， 所以都失败了。
140020105	140020	1	30024	现在这个身体很好，我不会害怕身上没有人类的气味，因为小狼的同伴不会因为这个离开，就像屏幕里一样。
140020201	140020	2		嗯？21号在等你一起看新的狼纪录片。
140020202	140020	2	7575	为什么这么喜欢？
140020203	140020	2	10782	因为我的身体和它们很像，让我安心。
140020204	140020	2	17258	在这副身体之前，还有几个实验品， 21号在里面找不到自己的形状， 所以都失败了。
140020205	140020	2	28691	现在这个身体很好，我不会害怕身上没有人类的气味，因为小狼的同伴不会因为这个离开，就像屏幕里一样。
140020301	140020	3		嗯？21号在等你一起看新的狼纪录片。
140020302	140020	3	6050	为什么这么喜欢？
140020303	140020	3	8279	因为我的身体和它们很像，让我安心。
140020304	140020	3	13642	在这副身体之前，还有几个实验品， 21号在里面找不到自己的形状， 所以都失败了。
140020305	140020	3	24471	现在这个身体很好，我不会害怕身上没有人类的气味，因为小狼的同伴不会因为这个离开，就像屏幕里一样。
140020401	140020	4		嗯？21号在等你一起看新的狼纪录片。
140020402	140020	4	6799	为什么这么喜欢？
140020403	140020	4	9976	因为我的身体和它们很像，让我安心。
140020404	140020	4	15080	在这副身体之前，还有几个实验品， 21号在里面找不到自己的形状， 所以都失败了。
140020405	140020	4	23638	现在这个身体很好，我不会害怕身上没有人类的气味，因为小狼的同伴不会因为这个离开，就像屏幕里一样。
140021101	140021	1		……
140021102	140021	1	8603	喏，伸手，给你。
140021103	140021	1	11349	那个粉色的灰鸦小队让你多出去晒太阳
140021104	140021	1	17447	既然你一直没有出去， 我出去帮你抓了一把，阳光。
140021201	140021	2		……
140021202	140021	2	5810	喏，伸手，给你。
140021203	140021	2	12494	那个粉色的灰鸦小队让你多出去晒太阳
140021204	140021	2	16746	既然你一直没有出去， 我出去帮你抓了一把
140021205	140021	2	22132	阳光。
140021301	140021	3		……
140021302	140021	3	6020	喏，伸手，给你。
140021303	140021	3	11897	那个粉色的灰鸦小队让你多出去晒太阳
140021304	140021	3	16736	既然你一直没有出去， 我出去帮你抓了一把
140021305	140021	3	22193	阳光。
140021401	140021	4		……
140021402	140021	4	5769	喏，伸手，给你。
140021403	140021	4	11565	那个粉色的灰鸦小队让你多出去晒太阳
140021404	140021	4	15866	既然你一直没有出去， 我出去帮你抓了一把
140021405	140021	4	21148	阳光。
140022101	140022	1		21号明白了族群的意义。
140022102	140022	1	4801	他们不会让我害怕，所以我可以用四肢奔跑，也可以用两只脚走路，21号想做什么都可以，21号想是什么都可以。
140022103	140022	1	14873	你也一样，除了21号的同伴， 你还可以是其他东西。
140022201	140022	2		21号明白了族群的意义。
140022202	140022	2	3953	他们不会让我害怕，所以我可以用四肢奔跑，也可以用两只脚走路
140022203	140022	2	14008	21号想做什么都可以， 21号想是什么都可以。
140022204	140022	2	21629	你也一样，除了21号的同伴， 你还可以是其他东西。
140022301	140022	3		21号明白了族群的意义。
140022302	140022	3	3726	他们不会让我害怕，所以我可以用四肢奔跑，也可以用两只脚走路，21号想做什么都可以，21号想是什么都可以。
140022303	140022	3	16861	你也一样，除了21号的同伴， 你还可以是其他东西。
140022401	140022	4		21号明白了族群的意义。
140022402	140022	4	3554	他们不会让我害怕，所以我可以用四肢奔跑，也可以用两只脚走路，21号想做什么都可以，21号想是什么都可以。
140022403	140022	4	15504	你也一样，除了21号的同伴， 你还可以是其他东西。
140028101	140028	1		唔……你做了什么……讨厌的气味。
140028102	140028	1	6665	新批次的手部清洁剂？
140028103	140028	1	10060	唔额……你给的东西上也沾到了……
140028104	140028	1	16106	别，别拿走！
140028201	140028	2		唔……你做了什么……讨厌的气味。
140028202	140028	2	6092	新批次的手部清洁剂？
140028203	140028	2	10246	唔额……你给的东西上也沾到了……
140028204	140028	2	14754	别，别拿走！
140028301	140028	3		唔……
140028302	140028	3	1974	你做了什么……讨厌的气味。
140028303	140028	3	5475	新批次的手部清洁剂？
140028304	140028	3	8284	唔额……你给的东西上也沾到了……
140028305	140028	3	11898	别，别拿走！
140033101	140033	1		……
140033102	140033	1	2692	嗯？
140033103	140033	1	5564	拿回去干嘛？
140033104	140033	1	8450	给21号介绍？
140033105	140033	1	12871	不需要，它已经是我的了。
140033201	140033	2		……
140033202	140033	2	5437	嗯？拿回去干嘛？
140033203	140033	2	8546	给21号介绍？
140033204	140033	2	13291	不需要，它已经是我的了。
140033301	140033	3		……
140033302	140033	3	5246	嗯？拿回去干嘛？
140033303	140033	3	8294	给21号介绍？
140033304	140033	3	12980	不需要，它已经是我的了。
140033401	140033	4		……
140033402	140033	4	5141	嗯？拿回去干嘛？
140033403	140033	4	9068	给21号介绍？
140033404	140033	4	12775	不需要，它已经是我的了。
140039101	140039	1		你很无聊吗？
140039102	140039	1	2444	我来给你表演蜥蜴捉小虫。
140039103	140039	1	5594	你演小虫，保持不动就行了。
140039201	140039	2		你很无聊吗？
140039202	140039	2	4268	我来给你表演蜥蜴捉小虫。
140039203	140039	2	7801	你演小虫，保持不动就行了。
140039301	140039	3		你很无聊吗？
140039302	140039	3	2098	我来给你表演蜥蜴捉小虫。
140039303	140039	3	4903	你演小虫，保持不动就行了。
140039401	140039	4		你很无聊吗？
140039402	140039	4	2279	我来给你表演蜥蜴捉小虫。
140039403	140039	4	5666	你演小虫，保持不动就行了。
140042101	140042	1		终端上的影片都看完了， 你还要忙多久？
140042102	140042	1	6514	……那你帮我搞点新的来。
140042201	140042	2		终端上的影片都看完了， 你还要忙多久？
140042202	140042	2	7660	……那你帮我搞点新的来。
140042301	140042	3		终端上的影片都看完了， 你还要忙多久？
140042302	140042	3	7272	……那你帮我搞点新的来。
140042401	140042	4		终端上的影片都看完了， 你还要忙多久？
140042402	140042	4	6782	……那你帮我搞点新的来。
140045101	140045	1		……
140045102	140045	1	2785	你也累了吗？
140045103	140045	1	5159	唔嗯——
140045104	140045	1	8870	怕冷的话
140045105	140045	1	10985	21号把平衡装置搭在你身上
140045106	140045	1	15702	是绒绒的，会暖和。
140045201	140045	2		……
140045202	140045	2	2704	你也累了吗？
140045203	140045	2	5068	唔嗯——
140045204	140045	2	8914	怕冷的话
140045205	140045	2	11928	21号把平衡装置搭在你身上
140045206	140045	2	16156	是绒绒的，会暖和。
140045301	140045	3		……
140045302	140045	3	2929	你也累了吗？
140045303	140045	3	4710	唔嗯——
140045304	140045	3	8719	怕冷的话
140045305	140045	3	11714	21号把平衡装置搭在你身上
140045306	140045	3	16405	是绒绒的，会暖和。
140045401	140045	4		……
140045402	140045	4	2616	你也累了吗？
140045403	140045	4	5046	唔嗯——
140045404	140045	4	8791	怕冷的话， 21号把平衡装置搭在你身上
140045405	140045	4	16057	是绒绒的，会暖和。
140048101	140048	1		……
140048102	140048	1	12715	吓！
140048103	140048	1	14130	害怕了吗？
140048104	140048	1	16177	没有？！唔呃……
140048105	140048	1	19849	和诺克提打的赌，输掉了……
140048201	140048	2		……
140048202	140048	2	12785	吓！
140048203	140048	2	14105	害怕了吗？
140048204	140048	2	16155	没有？！唔呃……
140048205	140048	2	19748	和诺克提打的赌，输掉了……
140048301	140048	3		……
140048302	140048	3	12691	吓！
140048303	140048	3	14501	害怕了吗？
140048304	140048	3	16242	没有？！唔呃……
140048305	140048	3	19649	和诺克提打的赌，输掉了……
140048401	140048	4		……
140048402	140048	4	12239	吓！
140048403	140048	4	13359	害怕了吗？
140048404	140048	4	15266	没有？！唔呃……
140048405	140048	4	19214	和诺克提打的赌，输掉了……
140050101	140050	1		给你
140050102	140050	1	2969	21号来的时候在外面捡到的树叶。
140050103	140050	1	7029	那棵树上这一片是最好看的。
140050201	140050	2		给你
140050202	140050	2	2207	21号来的时候在外面捡到的树叶。
140050203	140050	2	6996	那棵树上这一片是最好看的。
140050301	140050	3		给你
140050302	140050	3	1692	21号来的时候在外面捡到的树叶。
140050303	140050	3	5113	那棵树上这一片是最好看的。
140050401	140050	4		给你
140050402	140050	4	1745	21号来的时候在外面捡到的树叶。
140050403	140050	4	4495	那棵树上这一片是最好看的。
140051101	140051	1		蹭蹭……
140051102	140051	1	2857	这是打招呼。你没见过吗？
140051103	140051	1	7728	哦，21号的终端上有很多这样的影像， 等下给你看。
140051201	140051	2		蹭蹭……
140051202	140051	2	3542	这是打招呼。你没见过吗？
140051203	140051	2	8654	哦，21号的终端上有很多这样的影像， 等下给你看。
140051301	140051	3		蹭蹭……
140051302	140051	3	2735	这是打招呼。你没见过吗？
140051303	140051	3	6496	哦，21号的终端上有很多这样的影像， 等下给你看。
140051401	140051	4		蹭蹭……
140051402	140051	4	2920	这是打招呼。你没见过吗？
140051403	140051	4	6967	哦，21号的终端上有很多这样的影像， 等下给你看。
140054101	140054	1		……
140054102	140054	1	14792	你驯服了21号，但是21号没有驯服你
140054103	140054	1	23592	对吗……
140054201	140054	2		……
140054202	140054	2	16365	你驯服了21号
140054203	140054	2	19777	但是21号没有驯服你
140054204	140054	2	23230	对吗……
140054301	140054	3		……
140054302	140054	3	16125	你驯服了21号
140054303	140054	3	19322	但是21号没有驯服你
140054304	140054	3	23004	对吗……
140054401	140054	4		……
140054402	140054	4	16003	你驯服了21号
140054403	140054	4	19286	但是21号没有驯服你
140054404	140054	4	22975	对吗……
140055101	140055	1		……
140055102	140055	1	7410	21号的新机体，很会平衡。
140055201	140055	2		……
140055202	140055	2	7781	21号的新机体，很会平衡。
140055301	140055	3		……
140055302	140055	3	7700	21号的新机体，很会平衡。
140055401	140055	4		……
140055402	140055	4	7676	21号的新机体，很会平衡。
140040101	140040	1		……
140040102	140040	1	6067	不行！尾巴！停止！
140040103	140040	1	9031	……
140040104	140040	1	10951	嗯？
140040105	140040	1	12613	没事。
140040201	140040	2		……
140040202	140040	2	6287	不行！尾巴！停止！
140040203	140040	2	9519	……
140040204	140040	2	10842	嗯？
140040205	140040	2	12835	没事。
140040301	140040	3		……
140040302	140040	3	6042	不行！尾巴！停止！
140040303	140040	3	9265	……
140040304	140040	3	10892	嗯？
140040305	140040	3	12867	没事。
140040401	140040	4		……
140040402	140040	4	5974	不行！尾巴！停止！
140040403	140040	4	8503	……
140040404	140040	4	10909	嗯？
140040405	140040	4	12472	没事。
140011101	140011	1		……
140011102	140011	1	17253	你，很在意21号的平衡装置吗？
140011201	140011	2		……
140011202	140011	2	17047	你，很在意21号的平衡装置吗？
140011301	140011	3		……
140011302	140011	3	17236	你，很在意21号的平衡装置吗？
140011401	140011	4		……
140011402	140011	4	17185	你，很在意21号的平衡装置吗？
140059101	140059	1		唔额……
140059102	140059	1	1926	不、不喜欢！
140059103	140059	1	3897	不要摸耳朵！
140059201	140059	2		唔额……
140059202	140059	2	3454	不、不喜欢！
140059203	140059	2	5472	不要摸耳朵！
140059301	140059	3		唔额……
140059302	140059	3	3799	不、不喜欢！
140059303	140059	3	4962	不要摸耳朵！
140059401	140059	4		唔额……
140059402	140059	4	3076	不、不喜欢！
140059403	140059	4	4929	不要摸耳朵！
141017101	141017	1		这点擦伤没啥关系……只是去和看不顺眼的傻子打了一架而已
141017102	141017	1	5435	算了，你非要浪费纳米修复材料的话 也行吧——
141017103	141017	1	10695	啧，你不用这么小心翼翼， 真正的男子汉才……
141017104	141017	1	16921	喂喂喂喂，你轻点！
141017201	141017	2		这点擦伤没啥关系……只是去和看不顺眼的傻子打了一架而已
141017202	141017	2	5760	算了，你非要浪费纳米修复材料的话 也行吧——
141017203	141017	2	10118	啧，你不用这么小心翼翼， 真正的男子汉才……
141017204	141017	2	14674	喂喂喂喂，你轻点！
141017301	141017	3		这点擦伤没啥关系……只是去和看不顺眼的傻子打了一架而已
141017302	141017	3	6772	算了，你非要浪费纳米修复材料的话 也行吧——
141017303	141017	3	11336	啧，你不用这么小心翼翼， 真正的男子汉才……
141017304	141017	3	16640	喂喂喂喂，你轻点！
141017401	141017	4		这点擦伤没啥关系……只是去和看不顺眼的傻子打了一架而已
141017402	141017	4	6022	算了，你非要浪费纳米修复材料的话 也行吧——
141017403	141017	4	9812	啧，你不用这么小心翼翼， 真正的男子汉才……
141017404	141017	4	12485	喂喂喂喂，你轻点！
141018201	141018	2		……
141018202	141018	2	12422	笑死，刚才那个尼科拉的小秘书抱着 一大摞文件过来了
141018203	141018	2	16983	被我瞪了一眼就吓跑了
141018204	141018	2	20181	你该谢谢我帮你逃过一劫了吧
141018205	141018	2	24798	啥……
141018206	141018	2	26230	不能这么干吗？
141018101	141018	1		……
141018102	141018	1	12691	笑死，刚才那个尼科拉的小秘书抱着 一大摞文件过来了
141018103	141018	1	17376	被我瞪了一眼就吓跑了
141018104	141018	1	20173	你该谢谢我帮你逃过一劫了吧
141018105	141018	1	25130	啥……
141018106	141018	1	26086	不能这么干吗？
141018301	141018	3		……
141018302	141018	3	12302	笑死，刚才那个尼科拉的小秘书抱着 一大摞文件过来了
141018303	141018	3	16647	被我瞪了一眼就吓跑了
141018304	141018	3	20382	你该谢谢我帮你逃过一劫了吧
141018305	141018	3	24833	啥……
141018306	141018	3	25886	不能这么干吗？
141018401	141018	4		……
141018402	141018	4	11869	笑死，刚才那个尼科拉的小秘书抱着 一大摞文件过来了
141018403	141018	4	17274	被我瞪了一眼就吓跑了
141018404	141018	4	22483	你该谢谢我帮你逃过一劫了吧
141018405	141018	4	25044	啥……
141018406	141018	4	25762	不能这么干吗？
141019201	141019	2		咳咳咳……呸……
141019202	141019	2	3242	这倒霉炸弹怎么突然炸了！？
141019203	141019	2	5584	好在威力不大……
141019204	141019	2	7305	指挥官你还活着吧——
141019205	141019	2	9819	我？
141019206	141019	2	11513	我当然没事，说实在的都习惯了。
141019101	141019	1		咳咳咳……呸……
141019102	141019	1	2534	这倒霉炸弹怎么突然炸了！？
141019103	141019	1	6116	好在威力不大……
141019104	141019	1	9299	指挥官你还活着吧——
141019105	141019	1	12432	我？
141019106	141019	1	13695	我当然没事，说实在的都习惯了。
141019301	141019	3		咳咳咳……呸……
141019302	141019	3	2911	这倒霉炸弹怎么突然炸了！？
141019303	141019	3	5195	好在威力不大……
141019304	141019	3	7316	指挥官你还活着吧——
141019305	141019	3	10174	我？
141019306	141019	3	11105	我当然没事，说实在的都习惯了。
141019401	141019	4		咳咳咳……呸……
141019402	141019	4	2365	这倒霉炸弹怎么突然炸了！？
141019403	141019	4	5275	好在威力不大……
141019404	141019	4	7391	指挥官你还活着吧——
141019405	141019	4	11179	我？
141019406	141019	4	12265	我当然没事，说实在的都习惯了。
141022201	141022	2		喂
141022202	141022	2	1885	感觉你还是多笑一下才好， 我还是比较喜欢看你笑的样子多一点…
141022203	141022	2	6526	……
141022204	141022	2	11106	哈哈，对嘛，这才像你啊， 灰鸦的指挥官。
141022101	141022	1		喂
141022102	141022	1	2021	感觉你还是多笑一下才好， 我还是比较喜欢看你笑的样子多一点…
141022103	141022	1	6996	……
141022104	141022	1	11126	哈哈，对嘛，这才像你啊， 灰鸦的指挥官。
141022301	141022	3		喂
141022302	141022	3	1902	感觉你还是多笑一下才好， 我还是比较喜欢看你笑的样子多一点…
141022303	141022	3	6780	……
141022304	141022	3	11160	哈哈，对嘛，这才像你啊， 灰鸦的指挥官。
141022401	141022	4		喂
141022402	141022	4	2291	感觉你还是多笑一下才好， 我还是比较喜欢看你笑的样子多一点…
141022403	141022	4	6456	……
141022404	141022	4	11144	哈哈，对嘛，这才像你啊， 灰鸦的指挥官。
141023201	141023	2		……
141023202	141023	2	1999	伤痕是男子汉的勋章， 战斗中受伤更加是家常便饭……
141023203	141023	2	7547	虽然我还是挺结实的
141023204	141023	2	11200	但如果这样会惹你担心的话， 那我就注意一点好了
141023205	141023	2	15444	……
141023206	141023	2	19577	算我怕你了…… 别再露出那样的表情行不行。
141023101	141023	1		……
141023102	141023	1	1971	伤痕是男子汉的勋章， 战斗中受伤更加是家常便饭……
141023103	141023	1	7618	虽然我还是挺结实的
141023104	141023	1	11218	但如果这样会惹你担心的话， 那我就注意一点好了
141023105	141023	1	16356	……
141023106	141023	1	19475	算我怕你了…… 别再露出那样的表情行不行。
141023301	141023	3		……
141023302	141023	3	2063	伤痕是男子汉的勋章， 战斗中受伤更加是家常便饭……
141023303	141023	3	7774	虽然我还是挺结实的
141023304	141023	3	11445	但如果这样会惹你担心的话， 那我就注意一点好了
141023305	141023	3	15443	……
141023306	141023	3	19438	算我怕你了…… 别再露出那样的表情行不行。
141023401	141023	4		……
141023402	141023	4	1698	伤痕是男子汉的勋章， 战斗中受伤更加是家常便饭……
141023403	141023	4	7508	虽然我还是挺结实的
141023404	141023	4	11378	但如果这样会惹你担心的话， 那我就注意一点好了
141023405	141023	4	16041	……
141023406	141023	4	19541	算我怕你了…… 别再露出那样的表情行不行。
141028201	141028	2		比起拳头，踢腿的威力和范围都更大…
141028202	141028	2	4424	不过嘛，用腿脚来攻击也意味着很容易失去重心，所以每次出脚都要抱着一脚踢死对面的决心！
141028203	141028	2	11679	这可是本天才得出的结论。
141028101	141028	1		比起拳头，踢腿的威力和范围都更大…
141028102	141028	1	4754	不过嘛，用腿脚来攻击也意味着很容易失去重心，所以每次出脚都要抱着一脚踢死对面的决心！
141028103	141028	1	10069	这可是本天才得出的结论。
141028301	141028	3		比起拳头，踢腿的威力和范围都更大…
141028302	141028	3	4722	不过嘛，用腿脚来攻击也意味着很容易失去重心，所以每次出脚都要抱着一脚踢死对面的决心！
141028303	141028	3	14103	这可是本天才得出的结论。
141028401	141028	4		比起拳头，踢腿的威力和范围都更大…
141028402	141028	4	3603	不过嘛，用腿脚来攻击也意味着很容易失去重心，所以每次出脚都要抱着一脚踢死对面的决心！
141028403	141028	4	6966	这可是本天才得出的结论。
141030201	141030	2		放心放心，墙角那些垃圾我会清理的， 不过再堆高一点再说吧……
141030202	141030	2	6493	事先说明，在三头犬是谁弄倒了垃圾山 谁负责倒垃圾的……
141030203	141030	2	11593	喂，你刚才是不是偷偷堆了一个易拉罐 在上面？
141030101	141030	1		放心放心，墙角那些垃圾我会清理的， 不过再堆高一点再说吧……
141030102	141030	1	9215	事先说明，在三头犬是谁弄倒了垃圾山 谁负责倒垃圾的……
141030103	141030	1	15777	喂，你刚才是不是偷偷堆了一个易拉罐 在上面？
141030301	141030	3		放心放心，墙角那些垃圾我会清理的， 不过再堆高一点再说吧……
141030302	141030	3	8053	事先说明，在三头犬是谁弄倒了垃圾山 谁负责倒垃圾的……
141030303	141030	3	14516	喂，你刚才是不是偷偷堆了一个易拉罐 在上面？
141030401	141030	4		放心放心，墙角那些垃圾我会清理的， 不过再堆高一点再说吧……
141030402	141030	4	6939	事先说明，在三头犬是谁弄倒了垃圾山 谁负责倒垃圾的……
141030403	141030	4	14299	喂，你刚才是不是偷偷堆了一个易拉罐 在上面？
141032201	141032	2		别搞错了，我之所以会听薇拉的，不是因为她是三头犬的队长，而是因为以前的一个约定……
141032202	141032	2	8448	如果一个人连自己给自己定下的约定都遵守不了，那他还有什么值得坚守的。
141032101	141032	1		别搞错了，我之所以会听薇拉的，不是因为她是三头犬的队长，而是因为以前的一个约定……
141032102	141032	1	10092	如果一个人连自己给自己定下的约定都遵守不了，那他还有什么值得坚守的。
141032301	141032	3		别搞错了，我之所以会听薇拉的，不是因为她是三头犬的队长，而是因为以前的一个约定……
141032302	141032	3	8662	如果一个人连自己给自己定下的约定都遵守不了，那他还有什么值得坚守的。
141032401	141032	4		别搞错了，我之所以会听薇拉的，不是因为她是三头犬的队长，而是因为以前的一个约定……
141032402	141032	4	7966	如果一个人连自己给自己定下的约定都遵守不了，那他还有什么值得坚守的。
141095201	141095	2		喂，你也太瘦弱了吧……
141095202	141095	2	3354	例如有个家伙像我这样从后面 突然把你抱住……
141095203	141095	2	7300	你看你别说掏枪了， 连手臂都抬不起来吧。
141095204	141095	2	12532	你怎么脸色这么红……
141095205	141095	2	15247	你不是吧， 才活动了这几下就不行了吗？
141095206	141095	2	20447	好弱……
141095101	141095	1		喂，你也太瘦弱了吧……
141095102	141095	1	2842	例如有个家伙像我这样从后面 突然把你抱住……
141095103	141095	1	6680	你看你别说掏枪了， 连手臂都抬不起来吧。
141095104	141095	1	12855	你怎么脸色这么红……
141095105	141095	1	15210	你不是吧， 才活动了这几下就不行了吗？
141095106	141095	1	21444	好弱……
141095301	141095	3		喂，你也太瘦弱了吧……
141095302	141095	3	3706	例如有个家伙像我这样从后面 突然把你抱住……
141095303	141095	3	7364	你看你别说掏枪了， 连手臂都抬不起来吧。
141095304	141095	3	11946	你怎么脸色这么红……
141095305	141095	3	13830	你不是吧， 才活动了这几下就不行了吗？
141095306	141095	3	17488	好弱……
141095401	141095	4		喂，你也太瘦弱了吧……
141095402	141095	4	9505	例如有个家伙像我这样从后面 突然把你抱住……
141095403	141095	4	13960	你看你别说掏枪了， 连手臂都抬不起来吧。
141095404	141095	4	18833	你怎么脸色这么红……
141095405	141095	4	20965	你不是吧， 才活动了这几下就不行了吗？
141095406	141095	4	22403	好弱……
141096201	141096	2		……
141096202	141096	2	4695	你过来就是为了送礼物么？ 那多没意思啊，
141096203	141096	2	8821	来，偶尔也和我一起去找点乐子吧
141096204	141096	2	13238	走起！
141096101	141096	1		……
141096102	141096	1	4960	你过来就是为了送礼物么？ 那多没意思啊，
141096103	141096	1	8947	来，偶尔也和我一起去找点乐子吧
141096104	141096	1	13182	走起！
141096301	141096	3		……
141096302	141096	3	4923	你过来就是为了送礼物么？ 那多没意思啊，
141096303	141096	3	8717	来，偶尔也和我一起去找点乐子吧
141096304	141096	3	13030	走起！
141096401	141096	4		……
141096402	141096	4	4692	你过来就是为了送礼物么？ 那多没意思啊，
141096403	141096	4	9435	来，偶尔也和我一起去找点乐子吧
141096404	141096	4	13318	走起！
141097201	141097	2		老实说，一开始我还以为灰鸦小队的 指挥官绝对是个战斗狂
141097202	141097	2	5432	毕竟外面关于你的传闻可是挺夸张的
141097203	141097	2	8592	没想到居然是个挺温和的家伙
141097204	141097	2	12315	不过我觉得你这样就挺好……
141097205	141097	2	14588	你的拳头由我来挥出就行。
141097101	141097	1		老实说，一开始我还以为灰鸦小队的 指挥官绝对是个战斗狂
141097102	141097	1	6869	毕竟外面关于你的传闻可是挺夸张的
141097103	141097	1	11054	没想到居然是个挺温和的家伙
141097104	141097	1	14667	不过我觉得你这样就挺好……
141097105	141097	1	17919	你的拳头由我来挥出就行。
141097301	141097	3		老实说，一开始我还以为灰鸦小队的 指挥官绝对是个战斗狂
141097302	141097	3	6513	毕竟外面关于你的传闻可是挺夸张的
141097303	141097	3	9803	没想到居然是个挺温和的家伙
141097304	141097	3	12870	不过我觉得你这样就挺好……
141097305	141097	3	15912	你的拳头由我来挥出就行。
141097401	141097	4		老实说，一开始我还以为灰鸦小队的 指挥官绝对是个战斗狂
141097402	141097	4	5213	毕竟外面关于你的传闻可是挺夸张的
141097403	141097	4	8692	没想到居然是个挺温和的家伙
141097404	141097	4	13148	不过我觉得你这样就挺好……
141097405	141097	4	15693	你的拳头由我来挥出就行。
141098201	141098	2		真奇怪，以前在清理部队的时候，别说是收到礼物，就连句谢谢也不会有……
141098202	141098	2	7299	哼，虽然我也不需要那样做作的玩意
141098203	141098	2	11227	但你给我的并不是那样的东西， 这个我还是知道的。
141098101	141098	1		真奇怪，以前在清理部队的时候，别说是收到礼物，就连句谢谢也不会有……
141098102	141098	1	9481	哼，虽然我也不需要那样做作的玩意
141098103	141098	1	13336	但你给我的并不是那样的东西， 这个我还是知道的。
141098301	141098	3		真奇怪，以前在清理部队的时候，别说是收到礼物，就连句谢谢也不会有……
141098302	141098	3	7723	哼，虽然我也不需要那样做作的玩意
141098303	141098	3	11550	但你给我的并不是那样的东西， 这个我还是知道的。
141098401	141098	4		真奇怪，以前在清理部队的时候，别说是收到礼物，就连句谢谢也不会有……
141098402	141098	4	9744	哼，虽然我也不需要那样做作的玩意
141098403	141098	4	12451	但你给我的并不是那样的东西， 这个我还是知道的。
141038201	141038	2		……
141038202	141038	2	3987	就这样张着眼睛发呆， 其实什么都没在想……
141038203	141038	2	8356	嗯，我懂的
141038204	141038	2	10006	……
141038205	141038	2	14974	有时候参谋部那帮人在讲作战总结的时候我也是这么熬过去的。
141038101	141038	1		……
141038102	141038	1	4061	就这样张着眼睛发呆， 其实什么都没在想……
141038103	141038	1	8495	嗯，我懂的
141038104	141038	1	10630	……
141038105	141038	1	15253	有时候参谋部那帮人在讲作战总结的时候我也是这么熬过去的。
141038301	141038	3		……
141038302	141038	3	3925	就这样张着眼睛发呆， 其实什么都没在想……
141038303	141038	3	8351	嗯，我懂的
141038304	141038	3	10301	……
141038305	141038	3	15076	有时候参谋部那帮人在讲作战总结的时候我也是这么熬过去的。
141038401	141038	4		……
141038402	141038	4	4748	就这样张着眼睛发呆， 其实什么都没在想……
141038403	141038	4	8404	嗯，我懂的
141038404	141038	4	10266	……
141038405	141038	4	15032	有时候参谋部那帮人在讲作战总结的时候我也是这么熬过去的。
141040201	141040	2		哦，醒了吗？
141040202	141040	2	2475	刚才你趴在桌子上睡着了， 所以我打算把你背回去休息室……
141040203	141040	2	8249	不过到休息室还有段路， 你乖乖合上眼咪一下就好。
141040101	141040	1		哦，醒了吗？
141040102	141040	1	2065	刚才你趴在桌子上睡着了， 所以我打算把你背回去休息室……
141040103	141040	1	8294	不过到休息室还有段路， 你乖乖合上眼咪一下就好。
141040301	141040	3		哦，醒了吗？
141040302	141040	3	2827	刚才你趴在桌子上睡着了， 所以我打算把你背回去休息室……
141040303	141040	3	7814	不过到休息室还有段路， 你乖乖合上眼咪一下就好。
141040401	141040	4		哦，醒了吗？
141040402	141040	4	2008	刚才你趴在桌子上睡着了， 所以我打算把你背回去休息室……
141040403	141040	4	7103	不过到休息室还有段路， 你乖乖合上眼咪一下就好。
141044201	141044	2		……
141044202	141044	2	2325	等你的工作完成之后就该好好休息了吧
141044203	141044	2	7233	那等会我们俩去活动活动吧
141044204	141044	2	11802	累了？
141044205	141044	2	14028	说什么丧气话
141044206	141044	2	16920	就是你坐太久所以才要去运动啊。
141044101	141044	1		……
141044102	141044	1	2357	等你的工作完成之后就该好好休息了吧
141044103	141044	1	7427	那等会我们俩去活动活动吧
141044104	141044	1	12060	累了？
141044105	141044	1	14249	说什么丧气话
141044106	141044	1	16597	就是你坐太久所以才要去运动啊。
141044301	141044	3		……
141044302	141044	3	2443	等你的工作完成之后就该好好休息了吧
141044303	141044	3	7226	那等会我们俩去活动活动吧
141044304	141044	3	11823	累了？
141044305	141044	3	13495	说什么丧气话
141044306	141044	3	16455	就是你坐太久所以才要去运动啊。
141044401	141044	4		……
141044402	141044	4	2382	等你的工作完成之后就该好好休息了吧
141044403	141044	4	7618	那等会我们俩去活动活动吧
141044404	141044	4	11941	累了？
141044405	141044	4	13114	说什么丧气话
141044406	141044	4	15321	就是你坐太久所以才要去运动啊。
141045201	141045	2		喂，这份统计档案我帮你做好了！
141045202	141045	2	4013	很奇怪吗？这种工作只要多学习一下 总能学会的吧
141045203	141045	2	8977	虽然有好多次厌烦到想放弃……
141045204	141045	2	12417	让我分担一下， 你也能早点完成工作了吧。
141045101	141045	1		喂，这份统计档案我帮你做好了！
141045102	141045	1	4401	很奇怪吗？这种工作只要多学习一下 总能学会的吧
141045103	141045	1	10858	虽然有好多次厌烦到想放弃……
141045104	141045	1	13164	让我分担一下， 你也能早点完成工作了吧。
141045301	141045	3		喂，这份统计档案我帮你做好了！
141045302	141045	3	4333	很奇怪吗？这种工作只要多学习一下 总能学会的吧
141045303	141045	3	9002	虽然有好多次厌烦到想放弃……
141045304	141045	3	12431	让我分担一下， 你也能早点完成工作了吧。
141045401	141045	4		喂，这份统计档案我帮你做好了！
141045402	141045	4	3908	很奇怪吗？这种工作只要多学习一下 总能学会的吧
141045403	141045	4	8678	虽然有好多次厌烦到想放弃……
141045404	141045	4	11194	让我分担一下， 你也能早点完成工作了吧。
141050201	141050	2		啥……？指挥官？
141050202	141050	2	3586	现在是早上了吗……
141050203	141050	2	8399	昨天懒得回去就在这里睡下了， 这样不就肯定不会迟到了吗。
141050101	141050	1		啥……？指挥官？
141050102	141050	1	4513	现在是早上了吗……
141050103	141050	1	6794	昨天懒得回去就在这里睡下了， 这样不就肯定不会迟到了吗。
141050301	141050	3		啥……？指挥官？
141050302	141050	3	4562	现在是早上了吗……
141050303	141050	3	6828	昨天懒得回去就在这里睡下了， 这样不就肯定不会迟到了吗。
141051201	141051	2		指挥官你的脑子不是挺好使的吗？ 现在我来考你一个推理题，
141051202	141051	2	5441	假设在这房间里有一个我忘记放在哪的 爆炸物，而你的目标就是要找到它。
141051203	141051	2	11471	呃，时限大概是……
141051204	141051	2	13899	10分钟？
141051101	141051	1		指挥官你的脑子不是挺好使的吗？ 现在我来考你一个推理题，
141051102	141051	1	8076	假设在这房间里有一个我忘记放在哪的 爆炸物，而你的目标就是要找到它。
141051103	141051	1	11335	呃，时限大概是……
141051104	141051	1	13780	10分钟？
141051301	141051	3		指挥官你的脑子不是挺好使的吗？ 现在我来考你一个推理题，
141051302	141051	3	5651	假设在这房间里有一个我忘记放在哪的 爆炸物，而你的目标就是要找到它。
141051303	141051	3	11980	呃，时限大概是……
141051304	141051	3	14838	10分钟？
141051401	141051	4		指挥官你的脑子不是挺好使的吗？ 现在我来考你一个推理题，
141051402	141051	4	3368	假设在这房间里有一个我忘记放在哪的 爆炸物，而你的目标就是要找到它。
141051403	141051	4	8914	呃，时限大概是……10分钟？
141052201	141052	2		喂，小心点！
141052202	141052	2	2148	不是我扶着你的话就要摔倒了吧……
141052203	141052	2	4877	休息室杂物太多？
141052204	141052	2	6701	哪有，这里是你的笔记本， 那边的是作战终端，
141052205	141052	2	10678	来，这个是你之前没看完的书……
141052206	141052	2	13454	看吧，你的东西再乱我也记得放哪。
141052101	141052	1		喂，小心点！
141052102	141052	1	2862	不是我扶着你的话就要摔倒了吧……
141052103	141052	1	6710	休息室杂物太多？
141052104	141052	1	10236	哪有，这里是你的笔记本， 那边的是作战终端，
141052105	141052	1	16621	来，这个是你之前没看完的书……
141052106	141052	1	19723	看吧，你的东西再乱我也记得放哪。
141052301	141052	3		喂，小心点！
141052302	141052	3	2760	不是我扶着你的话就要摔倒了吧……
141052303	141052	3	5961	休息室杂物太多？
141052304	141052	3	7885	哪有，这里是你的笔记本， 那边的是作战终端，
141052305	141052	3	12738	来，这个是你之前没看完的书……
141052306	141052	3	15637	看吧，你的东西再乱我也记得放哪。
141052401	141052	4		喂，小心点！
141052402	141052	4	2274	不是我扶着你的话就要摔倒了吧……
141052403	141052	4	5022	休息室杂物太多？
141052404	141052	4	6524	哪有，这里是你的笔记本， 那边的是作战终端，
141052405	141052	4	10844	来，这个是你之前没看完的书……
141052406	141052	4	13241	看吧，你的东西再乱我也记得放哪。
141053201	141053	2		……
141053202	141053	2	1869	唉，过于规律的生活会让人生锈， 那也太无聊了……
141053203	141053	2	8414	不过想想如果每天都在你身边的话， 好像也不会让人厌烦的吧？
141053204	141053	2	14828	好！
141053205	141053	2	15850	所以今天要做什么啊，搭档！
141053101	141053	1		……
141053102	141053	1	2079	唉，过于规律的生活会让人生锈， 那也太无聊了……
141053103	141053	1	8746	不过想想如果每天都在你身边的话， 好像也不会让人厌烦的吧？
141053104	141053	1	15126	好！
141053105	141053	1	16083	所以今天要做什么啊，搭档！
141053301	141053	3		……
141053302	141053	3	1600	唉，过于规律的生活会让人生锈， 那也太无聊了……
141053303	141053	3	8507	不过想想如果每天都在你身边的话， 好像也不会让人厌烦的吧？
141053304	141053	3	14891	好！
141053305	141053	3	16084	所以今天要做什么啊，搭档！
141053401	141053	4		……
141053402	141053	4	1615	唉，过于规律的生活会让人生锈， 那也太无聊了……
141053403	141053	4	8560	不过想想如果每天都在你身边的话， 好像也不会让人厌烦的吧？
141053404	141053	4	14954	好！
141053405	141053	4	16031	所以今天要做什么啊，搭档！
141054201	141054	2		……
141054202	141054	2	8107	哟，你这家伙回来了！？
141054203	141054	2	10445	走走走，去喝一杯庆祝下
141054204	141054	2	12202	……
141054205	141054	2	14595	废话啊，当然你请客！
141054101	141054	1		……
141054102	141054	1	8243	哟，你这家伙回来了！？ 走走走，去喝一杯庆祝下
141054103	141054	1	13468	……
141054104	141054	1	14649	废话啊，当然你请客！
141054301	141054	3		……
141054302	141054	3	7906	哟，你这家伙回来了！？
141054303	141054	3	10334	走走走，去喝一杯庆祝下
141054304	141054	3	12534	……
141054305	141054	3	14646	废话啊，当然你请客！
141054401	141054	4		……
141054402	141054	4	7919	哟，你这家伙回来了！？
141054403	141054	4	9743	走走走，去喝一杯庆祝下
141054404	141054	4	12994	……
141054405	141054	4	14766	废话啊，当然你请客！
141055201	141055	2		……
141055202	141055	2	4157	喂！三七
141055203	141055	2	6081	说了多少次不要随便扒拉我！！！
141055204	141055	2	8090	……
141055205	141055	2	9872	哦，是你这家伙啊。
141055101	141055	1		……
141055102	141055	1	4312	喂！三七
141055103	141055	1	6342	说了多少次不要随便扒拉我！！！
141055104	141055	1	9777	哦，是你这家伙啊。
141055301	141055	3		……
141055302	141055	3	4073	喂！三七
141055303	141055	3	5451	说了多少次不要随便扒拉我！！！
141055304	141055	3	7724	……
141055305	141055	3	9811	哦，是你这家伙啊。
141055401	141055	4		……
141055402	141055	4	3826	喂！三七
141055403	141055	4	5724	说了多少次不要随便扒拉我！！！
141055404	141055	4	9611	哦，是你这家伙啊。
141058201	141058	2		……
141058202	141058	2	5941	用点力用点力~
141058203	141058	2	7822	……
141058204	141058	2	11556	没吃饭么？
141058101	141058	1		……
141058102	141058	1	6205	用点力用点力~
141058103	141058	1	8519	……
141058104	141058	1	11489	没吃饭么？
141058301	141058	3		……
141058302	141058	3	5854	用点力用点力~
141058303	141058	3	8164	……
141058304	141058	3	11405	没吃饭么？
141058401	141058	4		……
141058402	141058	4	6205	用点力用点力~
141058403	141058	4	7922	……
141058404	141058	4	10806	没吃饭么？
142001101	142001	1		你好，指挥官，正式自我介绍一下， 我是回音，这段时间会留在空中花园， 多有打扰，之后还请您多多关照……
142001102	142001	1	17567	这里……不会这样打招呼的吗？ 不可能，这可是世界政府的标准礼仪！
142001201	142001	2		你好，指挥官，正式自我介绍一下， 我是回音，这段时间会留在空中花园， 多有打扰，之后还请您多多关照……
142001202	142001	2	12256	这里……不会这样打招呼的吗？ 不可能，这可是世界政府的标准礼仪！
142001301	142001	3		你好，指挥官，正式自我介绍一下， 我是回音，这段时间会留在空中花园， 多有打扰，之后还请您多多关照……
142001302	142001	3	13382	这里……不会这样打招呼的吗？ 不可能，这可是世界政府的标准礼仪！
142001401	142001	4		你好，指挥官，正式自我介绍一下， 我是回音，这段时间会留在空中花园， 多有打扰，之后还请您多多关照……
142001402	142001	4	11875	这里……不会这样打招呼的吗？ 不可能，这可是世界政府的标准礼仪！
142012101	142012	1		指挥官？居然躲在这里了
142012102	142012	1	4849	这是刚刚根据你的建议修改的第二十八版计划书，这项规定实行成功的话， 一定能帮助很多伤残老兵获得稳定收入
142012103	142012	1	17139	你，你要去哪里？我还没有说完！
142012201	142012	2		指挥官？居然躲在这里了
142012202	142012	2	4065	这是刚刚根据你的建议修改的第二十八版计划书，这项规定实行成功的话， 一定能帮助很多伤残老兵获得稳定收入
142012203	142012	2	11867	你，你要去哪里？我还没说完！
142012301	142012	3		指挥官？居然躲在这里了
142012302	142012	3	3859	这是刚刚根据你的建议修改的第二十八版计划书，这项规定实行成功的话， 一定能帮助很多伤残老兵获得稳定收入
142012303	142012	3	12737	你，你要去哪里？我还没说完！
142012401	142012	4		指挥官？居然躲在这里了
142012402	142012	4	5443	这是刚刚根据你的建议修改的第二十八版计划书，这项规定实行成功的话， 一定能帮助很多伤残老兵获得稳定收入
142012403	142012	4	18242	你，你要去哪里？我还没说完！
142014101	142014	1		指挥官，请帮我借 《空中花园司法文件选/合订集》……
142014102	142014	1	7664	我的权限？
142014103	142014	1	10322	我的图书借阅权限已经开通了， 但……借阅额度已经满了， 我想要从里面找一份参考……
142014104	142014	1	24227	多谢。
142014201	142014	2		指挥官，请帮我借 《空中花园司法文件选/合订集》……
142014202	142014	2	6405	我的权限？
142014203	142014	2	8557	我的图书借阅权限已经开通了， 但……借阅额度已经满了， 我想要从里面找一份参考……
142014204	142014	2	18775	多谢。
142014301	142014	3		指挥官，请帮我借 《空中花园司法文件选/合订集》……
142014302	142014	3	6124	我的权限？
142014303	142014	3	7731	我的图书借阅权限已经开通了， 但……借阅额度已经满了， 我想要从里面找一份参考……
142014304	142014	3	16245	多谢。
142014401	142014	4		指挥官，请帮我借 《空中花园司法文件选/合订集》……
142014402	142014	4	6166	我的权限？
142014403	142014	4	7890	我的图书借阅权限已经开通了， 但……借阅额度已经满了， 我想要从里面找一份参考……
142014404	142014	4	14914	多谢。
142015101	142015	1		为什么热衷于模拟审判庭？
142015102	142015	1	5896	审判是平衡正义的过程。 想要保持绝对的理智和公正， 这样的学习是最快捷的方法。
142015103	142015	1	18089	如果有一天，我能够执起那杆天平， 我希望，可以……不再迷茫。
142015201	142015	2		为什么热衷于模拟审判庭？
142015202	142015	2	3468	审判是平衡正义的过程。 想要保持绝对的理智和公正， 这样的学习是最快捷的方法。
142015203	142015	2	12159	如果有一天，我能够执起那杆天平， 我希望，可以……不再迷茫。
142015301	142015	3		为什么热衷于模拟审判庭？
142015302	142015	3	3317	审判是平衡正义的过程。 想要保持绝对的理智和公正， 这样的学习是最快捷的方法。
142015303	142015	3	12071	如果有一天，我能够执起那杆天平， 我希望，可以……不再迷茫。
142015401	142015	4		为什么热衷于模拟审判庭？
142015402	142015	4	3083	审判是平衡正义的过程。 想要保持绝对的理智和公正， 这样的学习是最快捷的方法。
142015403	142015	4	11859	如果有一天，我能够执起那杆天平， 我希望，可以……不再迷茫。
142016101	142016	1		虹莺……如果再次相遇， 我应该怎样去面对她们？
142016102	142016	1	10202	对我来说，她们是从莱娜那边借来的， 短暂又美好的时光。
142016103	142016	1	19114	但那是属于莱娜的，我……
142016104	142016	1	26455	不能再带走属于她的记忆了。
142016201	142016	2		虹莺……如果再次相遇， 我应该怎样去面对她们？
142016202	142016	2	8839	对我来说，她们是从莱娜那边借来的， 短暂又美好的时光。
142016203	142016	2	17047	但那是属于莱娜的，我……
142016204	142016	2	20881	不能再带走属于她的记忆了。
142016301	142016	3		虹莺……如果再次相遇， 我应该怎样去面对她们？
142016302	142016	3	8805	对我来说，她们是从莱娜那边借来的， 短暂又美好的时光。
142016303	142016	3	15799	但那是属于莱娜的……
142016304	142016	3	19673	我……不能再带走属于她的记忆了。
142016401	142016	4		虹莺……如果再次相遇， 我应该怎样去面对她们？
142016402	142016	4	7644	对我来说，她们是从莱娜那边借来的， 短暂又美好的时光。
142016403	142016	4	10826	但那是属于莱娜的……
142016404	142016	4	14003	我……不能再带走属于她的记忆了。
142017101	142017	1		就算你再坚持，这两种食物也是绝对不可以搭配在一起吃的
142017102	142017	1	6021	怎么能……！
142017103	142017	1	8678	唔……
142017104	142017	1	11744	……好像
142017105	142017	1	14148	……还不错？
142017201	142017	2		……
142017202	142017	2	4335	就算你再坚持，这两种食物也是绝对不可以搭配在一起吃的，怎么能……！
142017203	142017	2	9226	唔……
142017204	142017	2	13902	……好像
142017205	142017	2	15429	……还不错？
142017301	142017	3		……
142017302	142017	3	3397	就算你再坚持，这两种食物也是绝对不可以搭配在一起吃的
142017303	142017	3	8244	怎么能……！
142017304	142017	3	9532	唔……
142017305	142017	3	13244	……好像
142017306	142017	3	15491	……还不错？
142017401	142017	4		……
142017402	142017	4	4171	就算你再坚持，这两种食物也是绝对不可以搭配在一起吃的，怎么能……！
142017403	142017	4	8683	唔……
142017404	142017	4	12999	……好像
142017405	142017	4	15244	……还不错？
142018101	142018	1		我的过去……？
142018102	142018	1	3687	有人引导我坚信正义，有人带领我走出牢笼，她们告诉我要走向前方， 告诉我不要回头……
142018103	142018	1	18406	我无法回避她们的离开，但我会带着我们共同的心愿，一往无前地走下去。
142018201	142018	2		我的过去……？
142018202	142018	2	3621	有人引导我坚信正义，有人带领我走出牢笼，她们告诉我要走向前方， 告诉我不要回头……
142018203	142018	2	14571	我无法回避她们的离开，但我会带着我们共同的心愿，一往无前地走下去。
142018301	142018	3		我的过去……？
142018302	142018	3	2354	有人引导我坚信正义，有人带领我走出牢笼，她们告诉我要走向前方， 告诉我不要回头……
142018303	142018	3	14581	我无法回避她们的离开，但我会带着我们共同的心愿，一往无前地走下去。
142018401	142018	4		我的过去……？
142018402	142018	4	2249	有人引导我坚信正义，有人带领我走出牢笼，她们告诉我要走向前方， 告诉我不要回头……
142018403	142018	4	13173	我无法回避她们的离开，但我会带着我们共同的心愿，一往无前地走下去。
142019101	142019	1		指挥官，要一起出去走走吗？
142019102	142019	1	4235	我已经查询过了，非任务期间， 我拥有一部分自由行动的时间……
142019103	142019	1	10544	不，并不是邀请你一起处理公务， 只是后面的商业街有一家新的…… 店铺开业
142019104	142019	1	19378	想邀请你……一起去看一看。
142019201	142019	2		指挥官，要一起出去走走吗？
142019202	142019	2	2991	我已经查询过了，非任务期间， 我拥有一部分自由行动的时间……
142019203	142019	2	9279	不，并不是邀请你一起处理公务， 只是后面的商业街有一家新的…… 店铺开业
142019204	142019	2	18609	想邀请你……一起去看一看。
142019301	142019	3		指挥官，要一起出去走走吗？
142019302	142019	3	2756	我已经查询过了，非任务期间， 我拥有一部分自由行动的时间……
142019303	142019	3	8699	不，并不是邀请你一起处理公务， 只是后面的商业街有一家新的…… 店铺开业
142019304	142019	3	16005	想邀请你……一起去看一看。
142019401	142019	4		指挥官，要一起出去走走吗？
142019402	142019	4	2224	我已经查询过了，非任务期间， 我拥有一部分自由行动的时间……
142019403	142019	4	5466	不，并不是邀请你一起处理公务， 只是后面的商业街有一家新的…… 店铺开业
142019404	142019	4	13125	想邀请你……一起去看一看。
142020101	142020	1		......
142020102	142020	1	2633	指挥官，你来了......
142020103	142020	1	6408	哦? 只凭一句话就认出我了吗?
142020104	142020	1	11717	嗯……你比我想象的要和她更亲密呢…
142020105	142020	1	17890	想要更了解她吗？可以偷偷问我， 我会偷偷告诉你哦~
142020201	142020	2		......
142020202	142020	2	2689	指挥官，你来了......
142020203	142020	2	6595	哦? 只凭一句话就认出我了吗?
142020204	142020	2	11680	嗯……你比我想象的要和她更亲密呢…
142020205	142020	2	17918	想要更了解她吗？可以偷偷问我， 我会偷偷告诉你哦~
142020301	142020	3		......
142020302	142020	3	2770	指挥官，你来了......
142020303	142020	3	6542	哦? 只凭一句话就认出我了吗?
142020304	142020	3	11724	嗯……你比我想象的要和她更亲密呢…
142020305	142020	3	17818	想要更了解她吗？可以偷偷问我， 我会偷偷告诉你哦~
142020401	142020	4		......
142020402	142020	4	2634	指挥官，你来了......
142020403	142020	4	6592	哦? 只凭一句话就认出我了吗?
142020404	142020	4	11459	嗯……你比我想象的要和她更亲密呢…
142020405	142020	4	17916	想要更了解她吗？可以偷偷问我， 我会偷偷告诉你哦~
142021101	142021	1		我的信念……是想要正义不会迟来， 蓝天再无阴霾。
142021102	142021	1	9901	我知道以我现在的能力，提及这个还为之尚早，甚至听起来有些可笑，但我已经做好了会为之付出终生的准备……
142021103	142021	1	23911	你会和我站在一起的，对吗，指挥官？
142021201	142021	2		我的信念……是想要正义不会迟来， 蓝天再无阴霾。
142021202	142021	2	7935	我知道以我现在的能力，提及这个还为之尚早，甚至听起来有些可笑，但我已经做好了会为之付出终生的准备……
142021203	142021	2	21230	你会和我站在一起的，对吗，指挥官？
142021301	142021	3		我的信念……是想要正义不会迟来， 蓝天再无阴霾。
142021302	142021	3	5300	我知道以我现在的能力，提及这个还为之尚早，甚至听起来有些可笑，但我已经做好了会为之付出终生的准备……
142021303	142021	3	15619	你会和我站在一起的，对吗，指挥官？
142021401	142021	4		我的信念……是想要正义不会迟来， 蓝天再无阴霾。
142021402	142021	4	10149	我知道以我现在的能力，提及这个还为之尚早，甚至听起来有些可笑，但我已经做好了会为之付出终生的准备……
142021403	142021	4	18693	你会和我站在一起的，对吗，指挥官？
142022101	142022	1		莱娜……
142022102	142022	1	3404	我经常在梦里见到她的身影，但每次我想靠近她的时候，她都会消失不见。
142022103	142022	1	14158	也许她是在督促我吧， 督促我不要害怕，勇敢向前。
142022104	142022	1	23475	但是……
142022105	142022	1	26611	我……真的很想念她。
142022201	142022	2		莱娜……
142022202	142022	2	2807	我经常在梦里见到她的身影，但每次我想靠近她的时候，她都会消失不见。
142022203	142022	2	12160	也许她是在督促我吧， 督促我不要害怕，勇敢向前。
142022204	142022	2	19244	但是……
142022205	142022	2	22473	我……
142022206	142022	2	25559	真的很想念她。
142022301	142022	3		莱娜……
142022302	142022	3	1823	我经常在梦里见到她的身影，但每次我想靠近她的时候，她都会消失不见。
142022303	142022	3	10169	也许她是在督促我吧， 督促我不要害怕，勇敢向前。
142022304	142022	3	17741	但是……
142022305	142022	3	19873	我……真的很想念她。
142022401	142022	4		莱娜……
142022402	142022	4	1537	我经常在梦里见到她的身影，但每次我想靠近她的时候，她都会消失不见。
142022403	142022	4	7068	也许她是在督促我吧， 督促我不要害怕，勇敢向前。
142022404	142022	4	12373	但是……
142022405	142022	4	13951	我……真的很想念她。
142023101	142023	1		……
142023102	142023	1	2420	我明白我身上承载的是什么，也清楚未来将要面对的是什么样艰难险阻。
142023103	142023	1	10666	无论……之后你会不会与我同行， 你都是照亮我生命一角的光束， 永远在我意识海最中心停驻……
142023104	142023	1	24966	这，这不是诗歌，
142023105	142023	1	28822	这是我……
142023106	142023	1	30806	真心想对你说的话，指挥官。
142023201	142023	2		……
142023202	142023	2	5030	我明白我身上承载的是什么，也清楚未来将要面对的是什么样艰难险阻。
142023203	142023	2	13489	无论……之后你会不会与我同行， 你都是照亮我生命一角的光束， 永远在我意识海最中心停驻……
142023204	142023	2	26353	这，这不是诗歌，
142023205	142023	2	28899	这是我……
142023206	142023	2	30848	真心想对你说的话，指挥官。
142023301	142023	3		……
142023302	142023	3	5255	我明白我身上承载的是什么，也清楚未来将要面对的是什么样艰难险阻。
142023303	142023	3	13627	无论……之后你会不会与我同行， 你都是照亮我生命一角的光束， 永远在我意识海最中心停驻……
142023304	142023	3	26659	这，这不是诗歌，
142023305	142023	3	28657	这是我……
142023306	142023	3	30388	真心想对你说的话，指挥官。
142023401	142023	4		……
142023402	142023	4	4905	我明白我身上承载的是什么，也清楚未来将要面对的是什么样艰难险阻。
142023403	142023	4	13463	无论……之后你会不会与我同行， 你都是照亮我生命一角的光束， 永远在我意识海最中心停驻……
142023404	142023	4	26353	这，这不是诗歌，
142023405	142023	4	29401	这是我……
142023406	142023	4	30846	真心想对你说的话，指挥官。
142028101	142028	1		指挥官，十五分钟之前我发送给你的那条终端消息你还没有回复吗？
142028102	142028	1	5182	按照终端社交礼仪， 这可是很失礼的行为……
142028103	142028	1	9859	啊？
142028104	142028	1	11085	刚刚是在开会吗？
142028105	142028	1	14477	终端……在投屏？！
142028201	142028	2		指挥官，十五分钟之前我发送给你的那条终端消息你还没有回复吗？
142028202	142028	2	6636	按照终端社交礼仪， 这可是很失礼的行为……
142028203	142028	2	10635	啊？
142028204	142028	2	11849	刚刚是在开会吗？
142028205	142028	2	14513	终端……在投屏？！
142028301	142028	3		指挥官，十五分钟之前我发送给你的那条终端消息你还没有回复吗？
142028302	142028	3	6128	按照终端社交礼仪， 这可是很失礼的行为……
142028303	142028	3	10707	啊？刚刚是在开会吗？
142028304	142028	3	14114	终端……在投屏？！
142028401	142028	4		指挥官，十五分钟之前我发送给你的那条终端消息你还没有回复吗？
142028402	142028	4	4929	按照终端社交礼仪， 这可是很失礼的行为……
142028403	142028	4	7918	啊？刚刚是在开会吗？
142028404	142028	4	10880	终端……在投屏？！
142030101	142030	1		这个时间……
142030102	142030	1	3147	按照你的身体健康管理表， 是不允许外出吃宵夜的。
142030103	142030	1	8530	但是如果你真的饿了的话……
142030104	142030	1	13493	嗯……
142030105	142030	1	15152	如果不外出的话，你想吃什么？
142030106	142030	1	19927	我可以……
142030107	142030	1	23356	叫姐姐做给你吃。
142030201	142030	2		这个时间……
142030202	142030	2	1569	按照你的身体健康管理表， 是不允许外出吃宵夜的。
142030203	142030	2	6340	但如果你真的饿了的话……
142030204	142030	2	9366	嗯……
142030205	142030	2	11139	如果不外出的话，你想吃什么？
142030206	142030	2	14326	我可以……
142030207	142030	2	17093	叫姐姐做给你吃。
142030301	142030	3		这个时间……
142030302	142030	3	1470	按照你的身体健康管理表， 是不允许外出吃宵夜的。
142030303	142030	3	5933	但是如果你真的饿了的话……
142030304	142030	3	8576	嗯……
142030305	142030	3	9449	如果不外出的话，你想吃什么？
142030306	142030	3	12715	我可以……
142030307	142030	3	14478	叫姐姐做给你吃。
142030401	142030	4		这个时间……按照你的身体健康管理 表，是不允许外出吃宵夜的。
142030402	142030	4	6416	但是如果你真的饿了的话……
142030403	142030	4	9387	如果不外出的话，你想吃什么？
142030404	142030	4	11650	我可以……
142030405	142030	4	13602	叫姐姐做给你吃。
142031101	142031	1		我会喜欢什么样的礼物？
142031102	142031	1	4230	我并没有考虑过这个问题
142031103	142031	1	8744	也许会是最新一版的法典， 或者是商业街新出炉的新奇小吃……
142031104	142031	1	18641	你送给我的东西？
142031105	142031	1	21528	那些……
142031106	142031	1	23848	也都被我珍藏起来了。
142031201	142031	2		我会喜欢什么样的礼物？
142031202	142031	2	3394	我并没有考虑过这个问题
142031203	142031	2	5822	也许会是最新一版的法典， 或者是商业街新出炉的新奇小吃……
142031204	142031	2	12932	你送给我的东西？
142031205	142031	2	15355	那些……
142031206	142031	2	16554	也都被我珍藏起来了。
142031301	142031	3		我会喜欢什么样的礼物？
142031302	142031	3	2833	我并没有考虑过这个问题
142031303	142031	3	6069	也许会是最新一版的法典， 或者是商业街新出炉的新奇小吃……
142031304	142031	3	14389	你送给我的东西？
142031305	142031	3	16698	那些……
142031306	142031	3	17993	也都被我珍藏起来了。
142031401	142031	4		我会喜欢什么样的礼物？
142031402	142031	4	2655	我并没有考虑过这个问题
142031403	142031	4	4887	也许会是最新一版的法典， 或者是商业街新出炉的新奇小吃……
142031404	142031	4	12500	你送给我的东西？
142031405	142031	4	15113	那些……也都被我珍藏起来了。
142033101	142033	1		终端地图查询，商业街最近新开张的 礼品店或是其他店铺……
142033102	142033	1	11167	唔，总感觉这些都不太配得上 指挥官……
142033103	142033	1	19811	指挥官？你是什么时候过来的……
142033104	142033	1	22914	不，什么都没有，我先去工作了。
142033201	142033	2		终端地图查询，商业街最近新开张的 礼品店或是其他店铺……
142033202	142033	2	6884	唔，总感觉这些都不太配得上 指挥官……
142033203	142033	2	12892	指挥官？你是什么时候过来的……
142033204	142033	2	16593	不，什么都没有，我先去工作了。
142033301	142033	3		终端地图查询，商业街最近新开张的 礼品店或是其他店铺……
142033302	142033	3	7511	唔，总感觉这些都不太配得上 指挥官……
142033303	142033	3	12186	指挥官？你是什么时候过来的……
142033304	142033	3	15391	不，什么都没有，我先去工作了。
142033401	142033	4		终端地图查询，商业街最近新开张的 礼品店或是其他店铺……
142033402	142033	4	5250	唔，总感觉这些都不太配得上 指挥官……
142033403	142033	4	10454	指挥官？你是什么时候过来的……
142033404	142033	4	14347	不，什么都没有，我先去工作了。
142034101	142034	1		读完历年司法文件选合订集， 观看一千场模拟审判庭， 协助建立伤残老兵基金会……
142034102	142034	1	8885	啊，指挥官？！
142034103	142034	1	11883	这……
142034104	142034	1	13856	是我的计划清单， 你会应该觉得很幼稚吧……
142034105	142034	1	22237	并没有这样觉得？
142034106	142034	1	27004	谢谢你的鼓励，我……很开心。
142034201	142034	2		读完历年司法文件选合订集， 观看一千场模拟审判庭， 协助建立伤残老兵基金会……
142034202	142034	2	8331	啊，指挥官？！
142034203	142034	2	12413	这……是我的计划清单， 你会应该觉得很幼稚吧……
142034204	142034	2	20430	并没有这样觉得？
142034205	142034	2	24542	谢谢你的鼓励，我……很开心。
142034301	142034	3		读完历年司法文件选合订集， 观看一千场模拟审判庭， 协助建立伤残老兵基金会……
142034302	142034	3	12723	啊，指挥官？！
142034303	142034	3	15970	这……是我的计划清单， 你会应该觉得很幼稚吧……
142034304	142034	3	22896	并没有这样觉得？
142034305	142034	3	24601	谢谢你的鼓励，我……很开心。
142034401	142034	4		读完历年司法文件选合订集， 观看一千场模拟审判庭， 协助建立伤残老兵基金会……
142034402	142034	4	9915	啊，指挥官？！
142034403	142034	4	12118	这……是我的计划清单， 你会应该觉得很幼稚吧……
142034404	142034	4	18063	并没有这样觉得？
142034405	142034	4	19594	谢谢你的鼓励，我……很开心。
142094101	142094	1		……有新的工作？
142094102	142094	1	3373	真的不是来找那孩子的借口吗……
142094103	142094	1	7676	哦？是来找我的？
142094104	142094	1	13256	……刚好，我也有很多事想跟你说， 关于她的，和……关于我的。
142094201	142094	2		……有新的工作？
142094202	142094	2	3108	真的不是来找那孩子的借口吗……
142094203	142094	2	6543	哦？是来找我的？
142094204	142094	2	12552	……刚好，我也有很多事想跟你说， 关于她的，和……关于我的。
142094301	142094	3		……有新的工作？
142094302	142094	3	3338	真的不是来找那孩子的借口吗……
142094303	142094	3	8799	哦？是来找我的？
142094304	142094	3	15415	……刚好，我也有很多事想跟你说， 关于她的，和……关于我的。
142094401	142094	4		……有新的工作？
142094402	142094	4	1653	真的不是来找那孩子的借口吗……
142094403	142094	4	5331	哦？是来找我的？
142094404	142094	4	10644	……刚好，我也有很多事想跟你说， 关于她的，和……关于我的。
142095101	142095	1		……
142095102	142095	1	6295	你赠送给我的礼物， 我会正式地把它珍藏起来。
142095103	142095	1	10960	此外，这是我的回礼， 愿它能代替我，常伴你的身边……
142095104	142095	1	18733	什，什么？
142095105	142095	1	21732	太正式了，有点好笑？
142095106	142095	1	24340	可是，表达谢意不应该是理所当然的吗……这可是基本的社交礼仪！
142095201	142095	2		……
142095202	142095	2	6239	你赠送给我的礼物， 我会正式地把它珍藏起来。
142095203	142095	2	11293	此外，这是我的回礼， 愿它能代替我，常伴你的身边……
142095204	142095	2	19121	什，什么？
142095205	142095	2	20875	太正式了，有点好笑？
142095206	142095	2	26578	可是，表达谢意不应该是理所当然的吗……这可是基本的社交礼仪！
142095301	142095	3		……
142095302	142095	3	6536	你赠送给我的礼物， 我会正式地把它珍藏起来。
142095303	142095	3	11444	此外，这是我的回礼， 愿它能代替我，常伴你的身边……
142095304	142095	3	19028	什，什么？
142095305	142095	3	21044	太正式了，有点好笑？
142095306	142095	3	26555	可是，表达谢意不应该是理所当然的吗……这可是基本的社交礼仪！
142095401	142095	4		……
142095402	142095	4	6729	你赠送给我的礼物， 我会正式地把它珍藏起来。
142095403	142095	4	11632	此外，这是我的回礼， 愿它能代替我，常伴你的身边……
142095404	142095	4	18730	什，什么？
142095405	142095	4	21008	太正式了，有点好笑？
142095406	142095	4	25285	可是，表达谢意不应该是理所当然的吗……这可是基本的社交礼仪！
142097101	142097	1		这是……一瓶幸运星，每颗星星里， 我都写了一些东西……
142097102	142097	1	9932	我现在一无所有， 能够作为最珍贵的礼物回送给你的， 就只有我的未来和信仰。
142097103	142097	1	21326	所以，你愿意和我一起， 进入属于我们的未来吗？
142097201	142097	2		这是……一瓶幸运星，每颗星星里， 我都写了一些东西……
142097202	142097	2	8187	我现在一无所有， 能够作为最珍贵的礼物回送给你的， 就只有我的未来和信仰。
142097203	142097	2	17061	所以，你愿意和我一起， 进入属于我们的未来吗？
142097301	142097	3		这是……一瓶幸运星，每颗星星里， 我都写了一些东西……
142097302	142097	3	6438	我现在一无所有， 能够作为最珍贵的礼物回送给你的， 就只有我的未来和信仰。
142097303	142097	3	14646	所以，你愿意和我一起， 进入属于我们的未来吗？
142097401	142097	4		这是……一瓶幸运星，每颗星星里， 我都写了一些东西……
142097402	142097	4	5859	我现在一无所有， 能够作为最珍贵的礼物回送给你的， 就只有我的未来和信仰。
142097403	142097	4	14720	所以，你愿意和我一起， 进入属于我们的未来吗？
142036101	142036	1		……不在吗？
142036102	142036	1	4588	又偷偷溜去哪里了……
142036103	142036	1	7788	按照规定，这个时间指挥官应该驻守在这里的。
142036104	142036	1	13711	就算工作已经完成，也不可以懈怠……
142036201	142036	2		……不在吗？
142036202	142036	2	4169	又偷偷溜去哪里了……
142036203	142036	2	6303	按照规定，这个时间指挥官应该驻守在这里的。
142036204	142036	2	10416	就算工作已经完成，也不可以懈怠……
142036301	142036	3		……不在吗？
142036302	142036	3	2178	又偷偷溜去哪里了……
142036303	142036	3	4444	按照规定，这个时间指挥官应该驻守在这里的。
142036304	142036	3	8922	就算工作已经完成，也不可以懈怠……
142036401	142036	4		……不在吗？
142036402	142036	4	1632	又偷偷溜去哪里了……
142036403	142036	4	4614	按照规定，这个时间指挥官应该驻守在这里的。
142036404	142036	4	8856	就算工作已经完成，也不可以懈怠……
142040101	142040	1		……
142040102	142040	1	2172	指挥官？你的眼睛都要合上了。
142040103	142040	1	6941	这么困，干脆就去歇一下吧，按照 规定，指挥官有一定的调休时长……
142040104	142040	1	16399	或者，就在这里小憩一下？
142040105	142040	1	22642	放心，在会议开始之前， 我会叫醒你的……
142040106	142040	1	28202	……
142040201	142040	2		……
142040202	142040	2	2238	指挥官？你的眼睛都要合上了。
142040203	142040	2	8397	这么困，干脆就去歇一下吧，按照 规定，指挥官有一定的调休时长……
142040204	142040	2	16789	或者，就在这里小憩一下？
142040205	142040	2	23242	放心，在会议开始之前， 我会叫醒你的……
142040206	142040	2	27902	……
142040301	142040	3		……
142040302	142040	3	2115	指挥官？你的眼睛都要合上了。
142040303	142040	3	7910	这么困，干脆就去歇一下吧，按照 规定，指挥官有一定的调休时长……
142040304	142040	3	16784	或者，就在这里小憩一下？
142040305	142040	3	23010	放心，在会议开始之前， 我会叫醒你的……
142040306	142040	3	27501	……
142040401	142040	4		……
142040402	142040	4	2083	指挥官？你的眼睛都要合上了。
142040403	142040	4	8322	这么困，干脆就去歇一下吧，按照 规定，指挥官有一定的调休时长……
142040404	142040	4	17132	或者，就在这里小憩一下？
142040405	142040	4	23705	放心，在会议开始之前， 我会叫醒你的……
142040406	142040	4	27590	……
142043101	142043	1		……
142043102	142043	1	3824	……今天已经可以休息了，剩余部分都是按照规定可以延期的……
142043103	142043	1	10251	这，这并不是偷懒的行为
142043104	142043	1	13803	只是合理安排休息时间，防止指挥官 因为操劳过度病倒而已。
142043201	142043	2		……
142043202	142043	2	4348	……今天已经可以休息了，剩余部分都是按照规定可以延期的……
142043203	142043	2	10450	这，这并不是偷懒的行为
142043204	142043	2	14020	只是合理安排休息时间，防止指挥官 因为操劳过度病倒而已。
142043301	142043	3		……
142043302	142043	3	4356	……今天已经可以休息了，剩余部分都是按照规定可以延期的……
142043303	142043	3	10685	这，这并不是偷懒的行为
142043304	142043	3	12653	只是合理安排休息时间，防止指挥官 因为操劳过度病倒而已。
142043401	142043	4		……
142043402	142043	4	4148	……今天已经可以休息了，剩余部分都是按照规定可以延期的……
142043403	142043	4	9807	这，这并不是偷懒的行为
142043404	142043	4	13811	只是合理安排休息时间，防止指挥官 因为操劳过度病倒而已。
142044101	142044	1		告诉你一个秘密哦~
142044102	142044	1	4803	之前那些轻松完成的工作，其实是那孩子偷偷帮你提前整理了文件
142044103	142044	1	12889	你上次过劳倒下，她可是很担心呢……
142044104	142044	1	20299	你露出了和当时的她一样的表情呢。
142044105	142044	1	25603	好啦，去休息吧，这次， 就由我来守护你们的梦境…
142044201	142044	2		告诉你一个秘密哦~
142044202	142044	2	2644	之前那些轻松完成的工作，其实是那孩子偷偷帮你提前整理了文件
142044203	142044	2	9822	你上次过劳倒下，她可是很担心呢……
142044204	142044	2	15099	你露出了和当时的她一样的表情呢。
142044205	142044	2	18931	好啦，去休息吧，这次， 就由我来守护你们的梦境…
142044301	142044	3		告诉你一个秘密哦~
142044302	142044	3	2369	之前那些轻松完成的工作，其实是那孩子偷偷帮你提前整理了文件
142044303	142044	3	9275	你上次过劳倒下，她可是很担心呢……
142044304	142044	3	15597	你露出了和当时的她一样的表情呢。
142044305	142044	3	21047	好啦，去休息吧，这次， 就由我来守护你们的梦境…
142044401	142044	4		告诉你一个秘密哦~
142044402	142044	4	2227	之前那些轻松完成的工作，其实是那孩子偷偷帮你提前整理了文件
142044403	142044	4	6671	你上次过劳倒下，她可是很担心呢……
142044404	142044	4	11012	你露出了和当时的她一样的表情呢。
142044405	142044	4	14164	好啦，去休息吧，这次， 就由我来守护你们的梦境…
142045101	142045	1		现在不是工作时间了，指挥官。
142045102	142045	1	4235	按照规定，在一项工作结束之后，指挥官必须休息一定时间才能继续工作……
142045103	142045	1	10082	什么时候的规定？
142045104	142045	1	13688	这可是由我发起，并通过审批的，第一条针对指挥官每日工作时长的规定。
142045201	142045	2		现在不是工作时间了，指挥官。
142045202	142045	2	2937	按照规定，在一项工作结束之后，指挥官必须休息一定时间才能继续工作……
142045203	142045	2	9817	什么时候的规定？
142045204	142045	2	12815	这可是由我发起，并通过审批的，第一条针对指挥官每日工作时长的规定。
142045301	142045	3		现在不是工作时间了，指挥官。
142045302	142045	3	3629	按照规定，在一项工作结束之后，指挥官必须休息一定时间才能继续工作……
142045303	142045	3	10894	什么时候的规定？
142045304	142045	3	13564	这可是由我发起，并通过审批的，第一条针对指挥官每日工作时长的规定。
142045401	142045	4		现在不是工作时间了，指挥官。
142045402	142045	4	2387	按照规定，在一项工作结束之后，指挥官必须休息一定时间才能继续工作……
142045403	142045	4	8260	什么时候的规定？
142045404	142045	4	11267	这可是由我发起，并通过审批的，第一条针对指挥官每日工作时长的规定。
142048101	142048	1		长夜将尽，晨曦已至……
142048102	142048	1	4695	晨安，指挥官……
142048103	142048	1	8586	愿今天的朝阳依旧笼罩在你的身边……
142048104	142048	1	12564	有、有什么好笑的啦……
142048105	142048	1	15760	那，你喜欢什么样的社交礼仪用语？ 我可以记录一下……
142048201	142048	2		长夜将尽，晨曦已至……
142048202	142048	2	5360	晨安，指挥官， 愿今天的朝阳依旧笼罩在你的身边……
142048203	142048	2	13586	有什么好笑的啦……
142048204	142048	2	15955	那，你喜欢什么样的社交礼仪用语？ 我可以记录一下……
142048301	142048	3		长夜将尽，晨曦已至……
142048302	142048	3	5025	晨安，指挥官， 愿今天的朝阳依旧笼罩在你的身边……
142048303	142048	3	13508	有、有什么好笑的啦……
142048304	142048	3	16087	那，你喜欢什么样的社交礼仪用语？ 我可以记录一下……
142048401	142048	4		长夜将尽，晨曦已至……
142048402	142048	4	5377	晨安，指挥官， 愿今天的朝阳依旧笼罩在你的身边……
142048403	142048	4	10675	……
142048404	142048	4	13723	有、有什么好笑的啦……
142048405	142048	4	15995	那，你喜欢什么样的社交礼仪用语？ 我可以记录一下……
142052101	142052	1		不知道为什么，最近偶尔会有些想要松懈的念头，尤其是看到你的时候……
142052102	142052	1	12216	一定是因为生活太平静了， 我要多做一些新的计划……
142052103	142052	1	20360	指挥官，等下要和我一起听 模拟审判吗？
142052201	142052	2		不知道为什么，最近偶尔会有些想要松懈的念头，尤其是看到你的时候……
142052202	142052	2	10194	一定是因为生活太平静了， 我要多做一些新的计划……
142052203	142052	2	14782	指挥官，等下要和我一起听 模拟审判吗？
142052301	142052	3		不知道为什么，最近偶尔会有些想要松懈的念头，尤其是看到你的时候……
142052302	142052	3	8960	一定是因为生活太平静了， 我要多做一些新的计划……
142052303	142052	3	13227	指挥官，等下要和我一起听 模拟审判吗？
142052401	142052	4		不知道为什么，最近偶尔会有些想要松懈的念头，尤其是看到你的时候……
142052402	142052	4	5584	一定是因为生活太平静了， 我要多做一些新的计划……
142052403	142052	4	11084	指挥官，等下要和我一起听 模拟审判吗？
142054101	142054	1		……
142054102	142054	1	1263	指挥官？你总算回来了， 我还以为你，你……
142054103	142054	1	6857	呼，回来就好，
142054104	142054	1	12106	按照规定，你要上交一份假期说明……
142054105	142054	1	16443	算了，我来帮你写。
142054106	142054	1	18672	……
142054107	142054	1	21606	下次可不要一声不响就离开了。
142054201	142054	2		……
142054202	142054	2	1982	指挥官？你总算回来了， 我还以为你，你……
142054203	142054	2	7456	呼，回来就好，
142054204	142054	2	12135	按照规定，你要上交一份假期说明……
142054205	142054	2	16728	算了，我来帮你写。
142054206	142054	2	18941	……
142054207	142054	2	22179	下次可不要一声不响就离开了。
142054301	142054	3		……
142054302	142054	3	1995	指挥官？你总算回来了， 我还以为你，你……
142054303	142054	3	10188	呼，回来就好，
142054304	142054	3	12704	按照规定，你要上交一份假期说明……
142054305	142054	3	16093	算了，我来帮你写。
142054306	142054	3	18504	……
142054307	142054	3	22112	下次可不要一声不响就离开了。
142054401	142054	4		……
142054402	142054	4	2303	指挥官？你总算回来了， 我还以为你，你……
142054403	142054	4	7016	呼，回来就好，
142054404	142054	4	12072	按照规定，你要上交一份假期说明……
142054405	142054	4	17242	算了，我来帮你写。
142054406	142054	4	20533	……
142054407	142054	4	21879	下次可不要一声不响就离开了。
142057101	142057	1		……
142057102	142057	1	3096	游戏规则……只允许你摇晃我吗？
142057103	142057	1	8685	这是不公正的，我要修改游戏规则
142057104	142057	1	12154	改为被摇晃的一方可以合理还手……
142057201	142057	2		……
142057202	142057	2	4075	游戏规则……只允许你摇晃我吗？
142057203	142057	2	8988	这是不公正的，我要修改游戏规则
142057204	142057	2	12304	改为被摇晃的一方可以合理还手……
142057301	142057	3		……
142057302	142057	3	3995	游戏规则……只允许你摇晃我吗？
142057303	142057	3	9108	这是不公正的，我要修改游戏规则
142057304	142057	3	12417	改为被摇晃的一方可以合理还手……
142057401	142057	4		……
142057402	142057	4	3303	游戏规则……只允许你摇晃我吗？
142057403	142057	4	9006	这是不公正的，我要修改游戏规则
142057404	142057	4	13271	改为被摇晃的一方可以合理还手……
142059101	142059	1		……
142059102	142059	1	2267	……衣服会弄皱的，不可以这样。
142059201	142059	2		……
142059202	142059	2	2055	……衣服会弄皱的，不可以这样。
142059301	142059	3		……
142059302	142059	3	2074	……衣服会弄皱的，不可以这样。
142059401	142059	4		……
142059402	142059	4	2096	……衣服会弄皱的，不可以这样。
142062101	142062	1		今天也辛苦了，请好好休息吧，按照规定，接下来的时间都可以自由活动……
142062102	142062	1	7927	要和我一起继续训练？
142062103	142062	1	11595	我的日程安排……
142062104	142062	1	14195	嗯，没问题，等你休息结束， 我们就可以出发。
142062201	142062	2		今天也辛苦了，请好好休息吧，按照规定，接下来的时间都可以自由活动……
142062202	142062	2	8957	要和我一起继续训练？
142062203	142062	2	11902	我的日程安排……
142062204	142062	2	14437	嗯，没问题，等你休息结束， 我们就可以出发。
142062301	142062	3		今天也辛苦了，请好好休息吧，按照规定，接下来的时间都可以自由活动……
142062302	142062	3	7701	要和我一起继续训练？
142062303	142062	3	10153	我的日程安排……
142062304	142062	3	13022	嗯，没问题，等你休息结束， 我们就可以出发。
142062401	142062	4		今天也辛苦了，请好好休息吧，按照规定，接下来的时间都可以自由活动……
142062402	142062	4	7921	要和我一起继续训练？
142062403	142062	4	10966	我的日程安排……
142062404	142062	4	12791	嗯，没问题，等你休息结束， 我们就可以出发。
129001401	129001	4		哇……这里就是空中花园？
129001402	129001	4	3111	指挥官你知道要让它飞起来到底要花 多少青蚨吗……
129001403	129001	4	6931	这、这是多少个零啊！？
129002401	129002	4		是错觉么……
129002402	129002	4	2024	感觉我好像变厉害了点。
129004401	129004	4		嗯，如果能够一直精进自身
129004402	129004	4	2403	那么无论是什么敌人也不用怕了吧。
129005401	129005	4		不够强的话就愧对“蒲牢”之名了
129005402	129005	4	3914	所以招式还要再熟练一点！
129006401	129006	4		工欲善其事必先利其器
129006402	129006	4	1821	这可不能偷工减料哦。
129008401	129008	4		我要暂时作为领队吗……？
129008402	129008	4	2401	我明白了！
129009401	129009	4		嗯？我一直站在这里就行了吗？
129009402	129009	4	3972	为什么……？
129010401	129010	4		要负责整理数据吗……
129010402	129010	4	2179	这看起来好像很复杂的样子……
129010403	129010	4	4606	不过我会努力试试的！
129013401	129013	4		现在我已经习惯这工作了
129013402	129013	4	2551	就算是之前最烦恼的算数也……
129013403	129013	4	5497	呜，抱歉，我说了大话……
129014401	129014	4		如果指挥官有需要帮忙的事情 就尽管拜托我吧
129014402	129014	4	5989	别的不敢说，单论力气的话 我还是很有自信的。
129015401	129015	4		在夜航船上，我的职责是保护那些想要好好过活的人们
129015402	129015	4	4797	现在就只需要保护你，这轻松多了。
129016401	129016	4		好像工作暂告一段落的样子……
129016402	129016	4	2375	要吃点糖果补充糖分吗？
129016403	129016	4	4062	丽芙她不知道为什么给了我很多呢……
129017401	129017	4		要不要休息一下？
129017402	129017	4	1509	虽然我还不累啦…… 但如果指挥官想休息的话也可以吧
129017403	129017	4	4766	要来玩成语接龙吗？
129018401	129018	4		指挥官，你要一直待在我的身边， 记得不要乱跑……
129018402	129018	4	3358	如果走丢了的话， 很容易就会再也找不到回来的路了。
129019401	129019	4		指挥官你的衣服被勾破了……来来来快点脱下来，我帮你把破洞缝上吧！
129019402	129019	4	4629	报酬的话……就要一句“蒲牢最棒！”好了。
129020401	129020	4		盘手、剑指，跳，转圈，嗯……
129020402	129020	4	4912	这是之前在船上曾经学习过的舞蹈， 我想要重新练习一下
129020403	129020	4	8556	或许某天，我也能达到能表演给你看的水平呢，敬请期待吧！
129021401	129021	4		感觉空中花园也像是一艘承载着一切的大船——
129021402	129021	4	4053	人们离开，又回来，来来往往…… 却也有离开了就再也无法回来的人
129021403	129021	4	10403	指挥官无论如何也一定要记得回来哦。
129022401	129022	4		指挥官，把手借给我一下下？
129022402	129022	4	3395	嗯嗯，你看，贴在一起的话就最能感受到指挥官的手是多么的温暖
129022403	129022	4	10265	上面那些大大小小的伤痕还会痛吗？
129022404	129022	4	15553	但既然伤口结成了伤疤，那就说明曾经的苦痛都已经过去了啦。
129023401	129023	4		我相信总有一天你的梦想会实现
129023402	129023	4	2261	大家都会平安无事地回到自己的家
129023403	129023	4	5715	到时候我就带着你，手牵着手一起乘着夜航船去到处拜访大家吧~
129024401	129024	4		……指挥官？
129024402	129024	4	1297	是这么叫的吗？
129026401	129026	4		指挥官
129026402	129026	4	1269	嗯，我记住啦。
129027401	129027	4		里面装的是什么……
129027402	129027	4	1582	嗯？不能摇的吗？？
129028401	129028	4		我这里可没什么好玩的东西……
129028402	129028	4	2584	要不一起掰手腕怎么样。
129032401	129032	4		“蒲牢”的职责是守护你，但是现在反而是受了你那么多的照顾……
129032402	129032	4	5903	这可不行，请让我多帮点忙吧！
129034401	129034	4		对了，我发现一件事情
129034402	129034	4	878	和指挥官你在一起玩……不对， 一起工作，好像总会特别开心！
129035401	129035	4		我会好好珍惜的……用上等花梨木的 匣子装起来怎么样？
129035402	129035	4	6537	开玩笑的……呜……我可买不起啊……
129036401	129036	4		……
129036402	129036	4	5143	指挥官请你看看这……指挥官？
129036403	129036	4	9248	咳嗯……指——挥——官！
129037401	129037	4		睡着了啊， 指挥官有时候真像个小孩子呢……
129037402	129037	4	6175	不过看着连我也有点困……困了……
129038401	129038	4		到底在看着哪里发呆啊……？
129038402	129038	4	2232	但如果是指挥官的话， 会不会是某种冥想训练呢
129038403	129038	4	4568	我也来试试！
129039401	129039	4		指挥官时常绷着一根筋，感觉也就只有在睡着的时候才能放松一下……
129039402	129039	4	2336	但人类在这种地方睡着是会感冒的……
129039403	129039	4	8026	我来给指挥官披上外套吧， 嗯，这样起码就不用怕会着凉了。
129040401	129040	4		比起什么都有的高大厅堂，反而是这个看上去略显空旷的小房间里， 更能让人放松……
129040402	129040	4	6323	这里除了指挥官你，挤一挤的话还能容下一个我，刚刚好~
129042401	129042	4		“欲速则不达”
129042402	129042	4	1540	与其埋头工作，不如先来休息一下吧。
129043401	129043	4		这个玩偶呢，是一种叫“熊猫”的动物
129043402	129043	4	3421	虽然是很可爱……但指挥官你可不能变成“熊猫眼”啊，快点给我去休息啦！
129044401	129044	4		肩膀僵硬的话，我来帮你捶捶肩吧？
129044402	129044	4	4133	放心吧，我一定会控制好力度的……
129044403	129044	4	6887	呃，指挥官你的表情……？
129044404	129044	4	9185	是我太用力了吗？！
129045401	129045	4		虽然我一点也不了解指挥官的工作 有多重要
129045402	129045	4	4026	但如果你累倒下了的话， 大家都会很伤心的……
129045403	129045	4	7630	尤其是我！
129046401	129046	4		指挥官你好
129046402	129046	4	1410	今天也准时到了啊。
129047401	129047	4		每次见到你那么努力去工作
129047402	129047	4	2390	我就会觉得自己也不能懒散呢。
129050401	129050	4		嗯，我先到了一会，所以把这桌面上乱七八糟的文件整理了一下
129050402	129050	4	4773	指挥官会不会不习惯呢？
129051401	129051	4		啊啊！那个玩偶不是别人的失物啦……是我放在那里的，我想说不定加点装饰的话……
129051402	129051	4	5627	可以么！？太好了~
129052401	129052	4		指挥官觉得我总是很有精神？
129052402	129052	4	3178	毕竟是重要的工作嘛……
129052403	129052	4	5845	而且，能见到指挥官， 也是我每天到这里来的动力。
129053401	129053	4		指挥官来这边坐下！
129053402	129053	4	3841	锵锵！今天是蒲牢我负责秘书工作的 第一百天哦，即将举行纪念大酬宾
129053403	129053	4	11388	今天指挥官就乖乖坐在这，什么都不用做，所有的事情都交给我吧……
129053404	129053	4	16323	诶！？我记错日期了！？
129053405	129053	4	20294	呜……不过没所谓啦，反正和指挥官在这里的每一天，都是值得纪念的一天，是吧！
129055401	129055	4		指挥官！快看我快看我
129055402	129055	4	2700	晃来晃去的样子像不像海里飘着的 海草啊。
129094401	129094	4		指挥官，我觉得你差不多可以考考我了
129094402	129094	4	3223	考什么？嗯，我想想……
129094403	129094	4	7660	就例如考“指挥官的一百个隐藏小细 节”吧，我很有信心能拿满分哦~
129095401	129095	4		俗话说礼物是谢意的代表
129095402	129095	4	3016	如果说这些礼物是代表我有帮助到 指挥官，那我会感觉特别开心。
129096401	129096	4		以前我总觉得， 只有握着武器的时候才能安心
129096402	129096	4	3831	但是现在，像这样握着指挥官的手，就好像能获得面对一切困难的勇气……
129096403	129096	4	9335	现在的我们，可是什么都能办到的！ 指挥官你说是不是啊？
129097401	129097	4		这份礼物，我想和指挥官你一起拆开
129097402	129097	4	3353	一份礼物只有一份快乐
129097403	129097	4	5466	但是与指挥官一起分享的话，就能变成双份的快乐，这是不是很划算啊~
131001401	131001	4		逻辑思考回路检查……无异常。
131001402	131001	4	2796	情感模拟模块运行正常。
131001403	131001	4	7278	新的发令者，您好
131001404	131001	4	9554	请下达您的指令。
131003401	131003	4		“战车”认为阶级是管理的基础
131003402	131003	4	4415	您对此又是何种看法呢？
131004401	131004	4		机体稳定度上升……
131004402	131004	4	2520	这就是人类所说的“成长”吗？
131005401	131005	4		战术性回路得到提升。
131005402	131005	4	1966	感谢您的馈赠。
131006401	131006	4		已加载新组件数据。
131006402	131006	4	2193	拟合性能：优。
131009401	131009	4		我喜欢的东西？
131009402	131009	4	2227	不，我没有所谓的“喜好”。
131010401	131010	4		关于机械体是否“活着”这个问题
131010402	131010	4	3625	您有怎样的看法？
131011401	131011	4		请稍等，我正在自检数据库。
131011402	131011	4	4338	检测完成度42%……
131011403	131011	4	7145	已完成。
131012401	131012	4		您想知道我在地球上所经历的事？
131012402	131012	4	5661	不，这信息并没有被禁止对您公开
131012403	131012	4	9159	我只是在汇总能够令您快速了解的资料
131012404	131012	4	13776	汇总完成，一共1.8TB的视频素材
131012405	131012	4	19471	您可以通过实时渲染查阅。
131013401	131013	4		所谓的“心”只是人类擅自给出的定义
131013402	131013	4	4160	血肉所构筑的思考和芯片所构筑的 思考，本质的区别又在哪里？
131014401	131014	4		我在旅途中见过一些高度模拟情感的 机械，他们被伪装成人类， 也被告知自己是人类
131014402	131014	4	8581	他们就那样深信着自己的身份……
131014403	131014	4	11273	直到帕弥什的到来。
131015401	131015	4		“感知”是万物的本能
131015402	131015	4	3270	“感叹”与“欲望”却是人类的特权。
131015403	131015	4	6945	人类的行为动机相当复杂
131015404	131015	4	10729	而机械只是针对输入的情报执行 相应输出。
131015405	131015	4	15492	我们看到的世界， 和您看到的始终是相异的。
131016401	131016	4		曾有谁说，我拥有“惊奇之心”
131016402	131016	4	4309	它是人类自我发展的 必要不充分条件之一。
131016403	131016	4	9567	如果我能够理解它的意义
131016404	131016	4	12992	我是否能够拥有些微的“喜好”呢？
131017401	131017	4		在人类众多技术专家中， 我认为皮格马利翁是尤其优秀的一名。
131017402	131017	4	5477	他掌握的技术，竟能够给予他的造物 生命，与他相伴一生。
131017403	131017	4	13060	这在诸多记录中尤为特别……
131017404	131017	4	17924	您说，这是虚构情报？
131018401	131018	4		您应该清楚，我能够模拟人类定义中的大部分人格。
131018402	131018	4	6685	您认知中所谓可爱、严肃、反叛等表现
131018403	131018	4	15778	我的数据库中都有收录。
131018404	131018	4	19228	但真正的“我”应该是什么样
131018405	131018	4	23415	您又是如何认为的？
131019401	131019	4		即使明知所见不同， 您却依然愿意与我保持交流。
131019402	131019	4	5250	您的行为，可以类比为采用穷举法解决色盲悖论……
131019403	131019	4	10380	是的，这是一句赞扬。
131019404	131019	4	12894	非常感谢您。
131020401	131020	4		请问……
131020402	131020	4	1424	这里是否有动物皮毛的模拟数据？
131020403	131020	4	5027	我希望能多接触一点这类数据。
131020404	131020	4	8812	因为机械非常……
131020405	131020	4	10826	冰冷刚硬。
131020406	131020	4	12620	而动物的皮毛，刚好相反。
131021401	131021	4		指挥官，请看外面， 那些数以京计的天体。
131021402	131021	4	7310	那么多天体中， 唯独您身后那颗行星孕育了生命
131021403	131021	4	11939	人类是被概率垂青的物种
131021404	131021	4	17139	而我又诞生于更渺茫的概率中。
131021405	131021	4	22270	我们相遇，本身已是奇迹。
131022401	131022	4		我“想要”留在你身边。
131022402	131022	4	3213	是的，我的数据库中充满了这个想法。
131022403	131022	4	7163	但我无法探明，为什么我会如此希望把这句话对您说出来。
131022404	131022	4	11535	以及，为什么我会如此顾虑， 你是如何看待这想法的？
131023401	131023	4		比起数据刻印的记录， 我现在更想要你的话语。
131023402	131023	4	4643	关于你，我需要更多的资料……
131023403	131023	4	7304	不，我想知道更多
131023404	131023	4	9509	我想要听你诉说这些。
131026401	131026	4		记录完毕
131026402	131026	4	2174	关于您的资料， 有什么需要补充的吗？
131027401	131027	4		提问
131027402	131027	4	1051	我该如何处理这个？
131028401	131028	4		提问……
131028402	131028	4	1898	您这些行为，究竟有如何的动机？
131028403	131028	4	5336	或者……
131028404	131028	4	7257	没有明确动机？
131030401	131030	4		人类的赠礼，包含了所谓“心意”
131030402	131030	4	3068	属于物质难以回报的抽象事物……
131030403	131030	4	8072	我不明白，我应当如何应对。
131031401	131031	4		根据记录，归属权的转移往往也意味着索取权的获得。
131031402	131031	4	6221	您可以向我在一定范围内索取回礼。
131032401	131032	4		或许
131032402	131032	4	637	能够回报“心意”的， 也只有同样的“心意”。
131032403	131032	4	4654	我在这方面依然缺少资料
131032404	131032	4	7822	可以请您给予一些指导吗？
131033401	131033	4		再次强调，归属权的转移往往也意味着索取权的获得……
131033402	131033	4	7153	提问，您究竟希望怎样的回礼？
131034401	131034	4		我是否愿意试试其他样式的帽子……？
131034402	131034	4	3048	我不曾考虑过这样的方案
131034403	131034	4	5760	但您提出了，我也可以尝试。
131035401	131035	4		情感逻辑紊乱，自检无效。
131035402	131035	4	5959	提问……
131035403	131035	4	7805	这种异样的感觉，人类会如何命名？
131037401	131037	4		您醒过来了。
131037402	131037	4	1419	刚才我记录了您睡眠期间的梦话
131037403	131037	4	4016	需要现在播放吗？
131038401	131038	4		指挥官在非良好的环境中进行入睡， 必须得执行搬运工作。
131038402	131038	4	8665	按照说明手册， 第一步应该把头部抬起，然后把手……
131038403	131038	4	16226	指挥官，为什么您突然结束睡眠……
131038404	131038	4	21312	为什么要逃跑？
131039401	131039	4		ZZZ
131039402	131039	4	3259	嗯？
131039403	131039	4	4461	这是在模拟睡眠程序，以配合您的睡眠
131039404	131039	4	8475	资料来源于……一些漫画。
131040401	131040	4		快速眼动睡眠。
131040402	131040	4	3368	可以推测，指挥官正在做梦……
131040403	131040	4	6861	那会是怎样的梦？
131040404	131040	4	10004	你的梦里……会不会有我的存在？
131040405	131040	4	15002	为什么，我现在会如此地“好奇”呢？
131041401	131041	4		检测疲劳值超过阈值
131041402	131041	4	2947	建议立即执行休眠。
131042401	131042	4		您的工作，完全可以交付给其他人分担
131042402	131042	4	2411	我建议这么做。
131043401	131043	4		人类总会用“机器”形容长时间持续高强度重复工作的人
131043402	131043	4	9582	根据记录，这种形容往往暗含 “失去自我”的警示
131043403	131043	4	17145	您期望的是这样的结果吗？
131044401	131044	4		根据记录，人类普遍认为在极度疲惫下，能够产生类似战后经济繁荣的高效率
131044402	131044	4	10444	但那只是人类在激素变化下， 对自我评价过高造成的错觉……
131044403	131044	4	17816	总之，您需要休息。
131045401	131045	4		……
131045402	131045	4	1656	检测到指挥官脑内激素分泌超过异常值
131045403	131045	4	6224	建议立即执行休眠……
131045404	131045	4	10741	不，不对……
131045405	131045	4	12986	嗯……
131045406	131045	4	17011	请您， 到这边来
131045407	131045	4	20284	该睡觉了
131048401	131048	4		“欢迎您的到来”
131048402	131048	4	1826	……不对
131048403	131048	4	3077	仅仅播出指定台词似乎，不够“亲密”。
131048404	131048	4	7159	指挥官，可否请您重启走进来的程序？
131048405	131048	4	11591	下次我会尝试不同的台词。
131049401	131049	4		早上好。
131049402	131049	4	2453	为什么要使用大音量打招呼？
131049403	131049	4	4367	这是一个实验， 预期效果是增加您的精神状态。
131049404	131049	4	8378	结果显示在置信水平0.99上是可信的。
131050401	131050	4		请稍等，指挥官。
131050402	131050	4	2649	每当您的脚步声接近时，我的运算程序都会将站在这里列为优先事项。
131050403	131050	4	10142	无论几次自检，结果都如此。
131050404	131050	4	15673	我现在需要一段时间的深度自检。
131051401	131051	4		根据统计推测
131051402	131051	4	2163	您今天回到这里的概率是27.86%
131051403	131051	4	8480	欢迎回来，指挥官。
131052401	131052	4		……
131052402	131052	4	1498	今天我在这里等你，明天依然。
131052403	131052	4	7302	这类重复性活动， 本该保持一致性与准确性。
131052404	131052	4	12437	但我却正在尝试让它出现部分差错
131052405	131052	4	16771	让我们每次见面都不一样。
131052406	131052	4	24066	那么，今天的相遇
131052407	131052	4	26725	对您而言是否特别？
131053401	131053	4		在这里等你的过程中， 我不断重复作为管理程序的记录。
131053402	131053	4	5229	那时
131053403	131053	4	6100	我常对某个未来时间点反复推测， 无法释怀。
131053404	131053	4	14348	我明白这就是人类所说的“期待”
131053405	131053	4	19004	因为现在， 我就有同样的想法。
131054401	131054	4		您……
131054402	131054	4	5460	您回来了。
131054403	131054	4	8636	您离开的时间超过了我的推测值2.718…
131054404	131054	4	16246	不，超过了更多。
131054405	131054	4	19898	为什么我会出现这样的推测失误，请告诉我……
131054406	131054	4	25187	请您告诉我。
131055401	131055	4		不必担心
131055402	131055	4	1617	只要倾斜角度在72°以内， 我都能够保持平衡。
131056401	131056	4		紧急事态，对指挥官采取保护措施
131056402	131056	4	3914	……修正
131056403	131056	4	4967	这只是一场试运行。
131057401	131057	4		……
131057402	131057	4	4035	人类的行为模式中，最重要的是平等的利益交互。
131057403	131057	4	8966	您这么做，就说明也希望被这么做。
131057404	131057	4	14106	请稍等， 我正在加载宇航员训练相关数据……
131057405	131057	4	19901	确认到指挥官逃离视线，停止加载。
131058401	131058	4		……
131058402	131058	4	2033	……我明白了，请您稍等。
131058403	131058	4	5687	请看，这就是机械舞。
131058404	131058	4	9689	因为只要是机械体跳的舞，就是机械舞
131058405	131058	4	15276	是的，这是一个冷笑话。
131058406	131058	4	18788	您笑了
131058407	131058	4	20881	这果然是您期望的吗？
131059401	131059	4		嗯……
131059402	131059	4	1291	如果，能更加毛茸茸一点……
131059403	131059	4	3969	不，那刚刚只是运算过程中偶然泄露的缓存语句
131059404	131059	4	8684	请忘记吧。
131060401	131060	4		我很欢迎触碰形态的交流
131060402	131060	4	3126	但为什么您会采取这样高频度短时间的触碰策略？
131060403	131060	4	8228	是因为……
131060404	131060	4	9778	我的机体表面温度过高吗？
131094401	131094	4		我至今仍不大明白您这么做的 意义与目的。
131094402	131094	4	5010	但我已经学会了不去解析， 而去“感受”。
131095401	131095	4		提问
131095402	131095	4	1904	……不
131095403	131095	4	2835	请告诉我
131095404	131095	4	6225	指挥官在我身上投入的这些礼物， 我究竟该如何回报？
131096401	131096	4		与你相处的每一刻， 都备份在我的记忆体中。
131096402	131096	4	4348	只要我的意识还保持运行
131096403	131096	4	7054	这份记忆便会永久镌刻在世界某处， 不会被遗忘
131096404	131096	4	12922	我向你保证。
131097401	131097	4		时至今日， 我已经不再深究您所求的“回礼”。
131097402	131097	4	4432	或许像这样一直驻留在您身边， 就是我能够做到的，最好的‘回礼’。
131108401	131108	4		机体损伤率超出界限……停止运行……
131108402	131108	4	3418	快逃……指挥官……
130012401	130012	4		噔噔！七实要开始才艺表演了， 指挥官，呆在箱子里别动哦……
130012402	130012	4	5874	对，就这样，等会让小帕瓦切开箱子的时候才会更加…
130012403	130012	4	11014	咦？指挥官呢…
130012404	130012	4	14309	七实我还是第一次发现人类原来能够跑这么快！
130013401	130013	4		听说神不会掷硬币，但是七实会哦
130013402	130013	4	3774	这是不是说明七实更厉害呢？
130013403	130013	4	7701	那么指挥官，现在我手里的硬币， 是正面还是反面呢？
130014401	130014	4		嗅嗅~好怀念的香味啊！
130014402	130014	4	4320	那是丽芙做的糕点吗？
130014403	130014	4	5922	分我一个嘛指挥官~ 顶多七实把小帕瓦借给你玩一天吧？
130015401	130015	4		指挥官你知道宇宙的终极答案 是多少吗？
130015402	130015	4	5783	噗噗~答错了，是70才对！
130017401	130017	4		指挥官想要像游戏里面那样可以不断 存档重来的能力吗？
130017402	130017	4	4781	这样的话无论如何都能够达成最完美的结局了……
130017403	130017	4	7754	不需要吗？
130017404	130017	4	8615	嗯，我想也是呢。
130018401	130018	4		七实已经成长了，不能整天都玩游戏嘛
130018402	130018	4	3916	不过偶尔的话， 陪一下指挥官来玩对战游戏也……
130018403	130018	4	8310	啊！指挥官你为什么偷偷先选 角色了啊！好卑鄙！！
130019401	130019	4		只要是存在于世界上的东西，七实基本上都能把它们设计制造出来哦
130019402	130019	4	4366	但也有一些东西却是无论如何 都无法造出来的。
130020401	130020	4		这个星球对宇宙来说是独一无二的存在
130020402	130020	4	3502	指挥官对七实来说也是独一无二的存在
130021401	130021	4		指挥官你知道吗？空中花园原本是作为星际航行而设计的移民舰哦
130021402	130021	4	6948	人类真了不起啊……
130021403	130021	4	10291	如果他们真的花费无数的时间到达了星星的另一边，那时候是否也会感到有点寂寞呢？
130022401	130022	4		指挥官你看！ 窗外那边有颗星星特别的亮
130022402	130022	4	5634	你说上面会不会有人类存在呢？
130022403	130022	4	9244	说不定也有一个指挥官，和你一样， 在悄悄注视着七实呢。
130023401	130023	4		七实今天要挑战一个人捉迷藏！
130023402	130023	4	5302	你说一个人怎么捉迷藏？
130023403	130023	4	8895	所以七实永远不会被找到嘛，这就是个只有七实必胜的作弊游戏啦……
130023404	130023	4	13775	指挥官你也要玩吗？
130023405	130023	4	17025	那……你答应一定要找到七实哦~
130096401	130096	4		七实虽然是最强的
130096402	130096	4	2324	但和所有游戏里的最强角色一样都有着一个会受伤会痛的地方……
130096403	130096	4	9336	这个只交给指挥官保管的弱点
130096404	130096	4	13655	你一定要帮七实保护好它啊！
130097401	130097	4		能够成为“回忆”珍藏的礼物七实收到已经够多了啦
130097402	130097	4	5796	接下来就轮到七实送出回礼了
130097403	130097	4	8261	送给大家名为“未来”的礼物……
130039401	130039	4		指挥官
130039402	130039	4	2589	如果还是不理七实的话， 七实也是会生气的哦！
130039403	130039	4	6252	嗯呜——！
130040401	130040	4		凑近来看的话，指挥官的眼睛好漂亮啊
130040402	130040	4	5364	还能看到眼睛里小小的七实
130040403	130040	4	8378	现在七实就是指挥官眼里的一切~
130040404	130040	4	12418	可不准眨眼哦！
130040405	130040	4	13549	因为说不定你一眨眼， 七实就要消失了啦~
130045401	130045	4		……
130045402	130045	4	1766	来嘛，把工作暂停一下， 多看看七实不好吗？
130045403	130045	4	9331	七实可比工作有趣得多得多啦！
130049401	130049	4		指挥官快进来吧……
130049402	130049	4	2024	你问我为什么躲在桌子底下？
130049403	130049	4	4651	这个就不用在意了，等会如果看到超生气的卡列亲的话请告诉她七实还没来哦~
130050401	130050	4		早！上！好！指挥官！
130050402	130050	4	5149	渡边大叔告诉我，没有比在早上大吼更能让人振奋精神的了~
130050403	130050	4	11533	指挥官也要一起吗？
130053401	130053	4		如果指挥官有窥视未来的能力但是只能看一件事的话
130053402	130053	4	5161	你会怎么选择呢？
130053403	130053	4	7076	如果是七实的话，会选择去看看未来的每一天里，待在这个熟悉的房间里， 是不是都能等到指挥官的到来。
130056401	130056	4		……
130056402	130056	4	2742	要是七实晕了的话
130056403	130056	4	4052	你要负责把七实抱回去！
130054401	130054	4		……
130054402	130054	4	5721	指挥官，你不准忘记七实哦。
126003401	126003	4		晋升？
126003402	126003	4	1645	用等级来给人戴上镣铐， 人类的兴趣可真奇特。
126003403	126003	4	7499	那么，作为能被分到这副高级镣铐的玩物，就让我期待期待你之后的做法吧。
126007401	126007	4		好好好，你的命令我都会严格执行。
126010401	126010	4		我话说得太多了？
126010402	126010	4	3518	没问题，以后会控制。
126010403	126010	4	7672	只不过，嗯……以前也有人对我这么说过呢， 但是他已经……怎么样了呢？
126011401	126011	4		忠诚，真是个好词汇。
126011402	126011	4	2824	抛弃掉思考，把什么都交给别人，自己只要读读公文，听从命令就行，多轻松
126011403	126011	4	9028	哎呀？为什么这个表情？
126011404	126011	4	12267	我只是在怀念我以前的一个“朋友”而已
126012401	126012	4		Hola——哈哈，不错的表情。
126012402	126012	4	5065	以前听我说出这话时候， 你可没什么好回忆吧？
126012403	126012	4	9071	不错，不错，从现在开始， 你可能会有更多关于这句话的回忆
126012404	126012	4	12654	还请期待哦。
126013401	126013	4		我在你面前可不会有隐瞒，有好奇的你大可问我，从升格网络的全部真相， 到我个人的诡怪兴趣都可以。
126013402	126013	4	10981	前提是，你真的能承担那个真相的代价
126013403	126013	4	14156	哈哈哈，开个玩笑。
126014401	126014	4		来玩个游戏如何？
126014402	126014	4	1886	想象一下这世界没有帕弥什，我们是被邪恶组织绑架欺骗的平民，现在休戚与共，约好了要一起逃出去。
126014403	126014	4	13712	想象完了吗？好，那现在就走出门外，重新面对现实吧。
126015401	126015	4		……
126015402	126015	4	1516	Hola　amigo！
126015403	126015	4	3905	哈哈，面具戴久了就容易长脸上。
126015404	126015	4	9470	以前用来伪装的口头禅， 现在一放松就会说出来了。
126015405	126015	4	13892	这样的弄臣，你会怎么看待呢？
126016401	126016	4		你听说过“诺尔莫团”吗？
126016402	126016	4	4081	黄金时代有一伙人，为了所谓理想， 罔顾他人甚至自己性命，造了不少乱。
126016403	126016	4	11574	你猜猜，我有没有参与其中呢——
126016404	126016	4	14527	哈哈，当然没有， 这只是我刚编的一个词。
126017401	126017	4		人类最擅长讲故事，我可读过不少。
126017402	126017	4	4717	明明是虚构的编纂，却因为寄托了作者的亲历或者妄想，就显得那么真实。
126017403	126017	4	12000	只要讲得够好，甚至能让别的人类把这虚构当做人生真理。不是吗？
126018401	126018	4		我说，空中花园这场收复地球的 滑稽戏，我也看了太久。
126018402	126018	4	4476	主角们挣扎，堕落，疯狂， 可真有意思，也真是漫长。
126018403	126018	4	10651	漫长到把置之身外的观众都拉进戏里，不舍离去了啊。
126019401	126019	4		拥有活着的理由，我的愿望从未变过。
126019402	126019	4	4489	别人给我的理由，曾是某次演出， 又曾是升格网络。
126019403	126019	4	11013	但现在， 你竟然说我可以为自己找个理由？
126019404	126019	4	14537	对一个弄臣，这是何等残酷，何等……光荣啊。
126020401	126020	4		我读过那么多故事， 其中乏味的多得是，但没有一个， 能像我的人生这么无聊。
126020402	126020	4	6384	可是，有你参与， 这烂故事居然还有那么点可看了。
126020403	126020	4	12314	哈哈，这可真是，真是…… 真是，什么呢？
126021401	126021	4		构造体的感官都是借由装置来模拟的，或许我眼里的你，并不是你真正的样子
126021402	126021	4	8041	而是被什么程序美化的结果……
126021403	126021	4	11094	呵，无所谓，无论如何， 你真正的样子，我已看得清清楚楚。
126022401	126022	4		演员无力改变戏剧安排， 也不该对此抱有期待。
126022402	126022	4	6917	可现在有个演员，竟期盼着你能在舞台上待得更久一点，期盼得几乎要在此时此地，就让这部剧迎来结局。
126022403	126022	4	17806	不，玩笑，玩笑罢了。
126023401	126023	4		“若是早点遇到你该多好”
126023402	126023	4	4365	人类总是在各种故事里抱着这种幻想。
126023403	126023	4	8827	但只要碰上适合的场景， 这无谓的台词又很容易脱口而出啊……
126023404	126023	4	16052	就比如，这一刻。
126024401	126024	4		我看看，按照你们的规矩， 我这个时候该怎么说…
126024402	126024	4	6157	“感谢您的深厚心意，在下罗兰会为 未来的战斗鞠躬尽瘁，义不容辞！”
126024403	126024	4	11890	…如何，满意吗？
126027401	126027	4		我当然不会拒绝你的任何礼物，也能接受你的任何要求，只要你一声令下，我什么都可以干哦。
126027402	126027	4	7568	只要你，能接受那结果。
126032401	126032	4		嗯……为什么我一直盯着你看？
126032402	126032	4	3294	没什么，我只是想好好观察观察你，看看你到底想要什么。
126032403	126032	4	7736	结果？当然是失败啦。
126033401	126033	4		每当看到你拿出些什么的时候，我就会情不自禁地笑出来。
126033402	126033	4	3910	什么？我平时也一直在笑？
126033403	126033	4	7677	哈哈哈，说的也是。
126034401	126034	4		你听说过吗？越是观察一个人， 就越容易把心思放在那人上。
126034402	126034	4	5954	当那个人不在的时候， 观察者可是会非常非常苦恼困扰的。
126034403	126034	4	9921	哎呀哎呀， 我还有多少时间，能待你身边呢？
126035401	126035	4		不管别人送来什么， 我本来都不应该有意见的。
126035402	126035	4	3708	但到底为什么，对你送的礼物我却开始挑剔起来了呢……
126035403	126035	4	7258	还是说，是期待起来了？
126038401	126038	4		你要是这么悠哉下去，小心最后可能会落得跟某个感染体一样的下场哟……
126038402	126038	4	5181	哈哈，不过那个感染体， 这一刻过得也没多坏。
126040401	126040	4		睡得真香啊。
126040402	126040	4	4256	如果你知道我现在紧握着你的手， 你在梦中该如何做想？
126040403	126040	4	13964	当你醒来时， 我又该用什么样的玩笑搪塞过去呢？
126040404	126040	4	18501	还是说
126040405	126040	4	21171	你能允许我一直握着这只手……？
126042401	126042	4		我知道有大概几十种方法，可以让人类在长时间缺乏睡眠的状态下保持精神，不间断工作，亲测有效，要不要试试？
126042402	126042	4	10835	但不管哪个， 都会对人体造成永久性损伤。
126045401	126045	4		好，你已经累得失去判断力了， 我怎么能失去这个机会呢。
126045402	126045	4	8362	来来，稍微靠在这休息一会。
126045403	126045	4	10302	对，就在我旁边
126045404	126045	4	13849	把我错认成谁都可以， 我能扮演好那个能让你安睡的人……
126046401	126046	4		“长官贵安，罗兰随时听您指令！”
126046402	126046	4	4301	…哈哈，吓到你了吗？ 我还以为你会喜欢这么演。
126048401	126048	4		你能来，真叫人开心。
126048402	126048	4	2374	那么作为今天见面的纪念， 就让我来跟你拍个纪念照吧——
126048403	126048	4	5207	但我的成像功能好像偏偏映不出你呢，真可惜。
126051401	126051	4		我可仔细考虑过， 为了能让你再多来见见我，我该做什么
126051402	126051	4	4592	但是，哎呀，除了像这样跟你对话来 挽留你，我居然没有别的武器。
126053401	126053	4		早安
126053402	126053	4	2779	你肯来这儿， 那看来今天我也不会虚度。
126053403	126053	4	6670	所以，有什么需要我们一起实现的目标吗？
126053404	126053	4	11448	嗯，我们一起。
126054401	126054	4		你离开的时候，一切都是虚假的， 静止的…
126054402	126054	4	6893	所以，虚假的时间，虚度就是了
126054403	126054	4	11325	又能有多漫长呢？
126055401	126055	4		哎哟喂呀，我摔倒啦，接下来我机体就要瘫痪，除了等你救助以外什么都做不了咯……
126055402	126055	4	11435	别装了？唉，我还以为你就期待这种剧情呢。
126056401	126056	4		哈哈，要不要再用力点？
126056402	126056	4	3109	说不定晃得差不多的时候，我内里的零件会跟黄金时代的某种汽水一样，一下全都喷发出来。
126056403	126056	4	7396	那场面，戏剧效果一定很棒，不是吗？
126059401	126059	4		老实说，被这么做还真有点痒
126059402	126059	4	2400	如果不是想仔细看看你的表情， 我可能会一下倒在地上扭动吧。
126059403	126059	4	6808	嗯，肯定会…
126059404	126059	4	8754	嗯，好了好了， 我投降了，请快停手。
126094401	126094	4		我本以为一个虚像不该再为言语感动，可你完全打破了我的念想。
126094402	126094	4	7253	真是讽刺，这有了多余感情的虚像， 你又打算要怎么处理？
126095401	126095	4		你这么热情，我或许也该坦率点吧。
126095402	126095	4	7223	我想要的礼物，是爱，正义，与梦想…
126095403	126095	4	12883	哈哈哈，开玩笑的，我不需要那些， 因为我早就找到替代品了。
126096401	126096	4		既然我猜不透你的心思， 那么，你有没有兴趣来猜猜我的？
126096402	126096	4	6697	你说，一介小丑，仅仅见到有人向自己展露善意，就一厢情愿地把自己当成了向主效忠的骑士。这会是， 因为什么呢？
126097401	126097	4		我来说个谎吧。
126097402	126097	4	1916	曾经很受欢迎的我，收到过很多礼物
126097403	126097	4	5748	里面有平凡得乏味的， 也有猎奇到吓人的。
126097404	126097	4	10903	而你送的，不属于任何一种——
126097405	126097	4	16254	那么，来猜猜哪句是谎言吧。
126001401	126001	4		Hola　amigo！我是罗兰。
126001402	126001	4	2853	我出现在这里，你应该知道为什么吧?
126001403	126001	4	5574	哈哈，不，你当然不知道， 你什么都不知道。
126001404	126001	4	12612	无论如何，今天开始， 我就随你使唤了，请多指教哦。
132010401	132010	4		对于烂到底的渣滓， 修修补补有什么用？
132010402	132010	4	3932	不如通通炸掉，重新来过。
132012401	132012	4		这里也没有位置， 那放在休眠舱附近好了……
132012402	132012	4	4369	你问我手里是什么？ 一点航空燃油和高能炸药而已。
132014401	132014	4		常见的接触不良而已
132014402	132014	4	2984	通常这种情况只需要踹上一脚……
132014403	132014	4	5307	嚯！你看，这不就修好了。
132017401	132017	4		和露西亚的那点小争执我早就放下了
132017402	132017	4	4426	现在我只专注于自己的强大……
132017403	132017	4	8170	哈，我怎么可能会是在怕输？ 露西亚在哪，快把她叫出来！
132018401	132018	4		这次的实战测试我是第一
132018402	132018	4	2351	不过也就那样吧……
132018403	132018	4	5705	喂喂，你就没有什么要对我说的？
132020401	132020	4		射击训练的成绩还是低了点， 去找比安卡请教下?
132020402	132020	4	6143	……等等
132020403	132020	4	7315	我记得你射击成绩似乎也不错？
132021401	132021	4		总是寄希望于他人是件愚蠢的事情，所以不论任何事我都喜欢自己解决。
132021402	132021	4	6376	不过对于你……倒也不是不能依靠下…… 不许偷笑！
132022401	132022	4		用不着为我说话， 你如果也被误解了该怎么办？
132022402	132022	4	6385	我……我是很感谢啦！
132022403	132022	4	9550	不过你也多考虑下自己……
132023401	132023	4		……
132023402	132023	4	3069	如果有一天，你面临这样的选择， 要为了未来的希望而牺牲现在，你会…
132023403	132023	4	12153	啊，不用回答了
132023404	132023	4	18927	你这笨蛋还真是好懂。
132034401	132034	4		这里这么窄， 稍微过来一点也没关系……
132034402	132034	4	5436	看着我干什么， 难道还要我主动靠过去？
132038401	132038	4		如果想要我以后还搭理你， 最好在三秒内回话。
132038402	132038	4	4532	1……2……
132038403	132038	4	7628	2.2……2.22……
132043401	132043	4		……
132043402	132043	4	2185	长期慢性疲劳状态， 会让患者面色无华， 脱发断发，皱纹早现……
132043403	132043	4	12643	我在念什么？
132043404	132043	4	15398	翻译过来就是：快去休息啦，笨蛋！
132048401	132048	4		你昨晚是不是侧躺着睡了……
132048402	132048	4	2765	我是怎么知道的？
132048403	132048	4	4109	这不是很明显的事吗，你的头发在这么说。
132053401	132053	4		我一直觉得就算一个人也没问题， 直到遇见了你才改变了想法。
132053402	132053	4	5290	这并不是我变脆弱了
132053403	132053	4	8492	相反，我比以往任何时候都要强大……
132053404	132053	4	12887	对，我就是在夸你，不许有意见！
132054401	132054	4		……
132054402	132054	4	5225	回来了？
132054403	132054	4	6822	哦，忘了提醒你
132054404	132054	4	9928	我看这里的防御体系太差， 所以在周围额外布置了26片雷区。
132054405	132054	4	16731	放心~磁感的，人类不会触发。
128012401	128012	4		调查旧艺术品时
128012402	128012	4	2342	我总是遐想过去时代的人们， 是如何生活，如何迎来日出日落……
128012403	128012	4	10688	那些转瞬即逝的瞬间，就这样凝聚在 古物上，被如今的我们捧在手心……
128012404	128012	4	17997	这很美，不是吗？
128051401	128051	4		哼嗯……
128051402	128051	4	4354	啊，指挥，抱歉，我在思考新的曲段…… 是的，是想之后……给你听的。
128009401	128009	4		在考古行动中， 我拜见过无数旧时代璀璨的光辉。
128009402	128009	4	5613	即使它们如今早已蒙尘，在看到它们的那一刻，我依然被天光冲刷。
128014401	128014	4		我钟情于这里， 这里能让我躲避那狂风骤雨。
128014402	128014	4	4202	但终有一天，我必须再一次直面它。
128018401	128018	4		歌剧，艺术， 这些在战场上，或许全无用处。
128018402	128018	4	3696	但仅仅是记录那些已故之人的故事， 叙述至今，就能给当下的人们以慰藉…
128018403	128018	4	10272	仅是如此，就有足够的意义了，对吗？
143001101	143001	1		嗯，我是拉弥亚……
143001102	143001	1	4331	啊？还要说点别的？
143001103	143001	1	9910	呃……等等……让我先想一会儿……
143016101	143016	1		升格网络的秘密……
143016102	143016	1	4801	你接触过比我强得多的升格者， 应该知道这不是什么该碰的话题。
143016103	143016	1	12680	人想活得长久点，就不要去自找麻烦， 算是我对你的忠告吧。
143016104	143016	1	20016	不过……有时候， 麻烦似乎更喜欢自己找上门啊……
143017101	143017	1		作为升格者的目的？
143017102	143017	1	4066	没什么重要的事，能有个容身的地方， 我的目的就已经实现一半了
143017103	143017	1	14891	不如说……不是升格者才更好，
143017104	143017	1	21308	可我要是没有成为升格者， 还能活到现在吗？
143020101	143020	1		就算露娜小姐把力量借给我，我还是不觉得自己有变强了……
143020102	143020	1	6827	明明是个升格者……
143020103	143020	1	9044	话说，你之前有怕过我吗？
143020104	143020	1	14528	等等，忘了这个问题吧！
143020105	143020	1	17728	……别说，我求你别说了！
143021101	143021	1		我出生的地方吗？
143021102	143021	1	4237	那里所有的人和物都跟我格格不入……当然也谈不上喜欢……
143021103	143021	1	13592	可即便这样，即便很多很多事物都被埋葬了在那里，那里……也是我的故乡……而我，却永远也回不去了。
143022101	143022	1		和我做个约定，无论怎样也要活着。
143022102	143022	1	5979	“活着”是件很困难的事， 要拼尽全力才能做好，很不容易的！
143022103	143022	1	12347	还有……
143022104	143022	1	13294	我希望你活下去……
143022105	143022	1	15491	嗯，很希望。
143023101	143023	1		从今往后该做什么呢……
143023102	143023	1	4368	一生不工作被人好吃好喝供着…… 似乎也不错。
143023103	143023	1	14762	你有什么想做的事吗？ 和你在一起的话，怎么样都无所谓……
143023104	143023	1	28025	不，至少得有稳定的食物来源，我可以稍微忍忍，你要保证一日三餐……
143023105	143023	1	41575	嗯，没有什么比这个更重要了。
143033101	143033	1		送点吃的吧，我在做囤粮过冬的准备
143033102	143033	1	9525	我当然知道升格者不会饿死了！ 但你不是个实打实的人类吗？ 一点未雨绸缪的危机意识都没有……
143033103	143033	1	24717	没办法，趁这个机会把你的那部分也 一起囤起来吧。
143034101	143034	1		对了，让拉弥亚教你些什么吧， 这样你就会对我心生尊敬了。
143034102	143034	1	10585	你想学游泳吗？你会了不用教……
143034103	143034	1	15872	那你会潜水吗？也会……
143034104	143034	1	21720	我想到了！ 伪装和易容你肯定不会对不对？
143034105	143034	1	27843	呃……但好像这种事也教不了……
143035101	143035	1		话说，作为一个升格者，是不是不应该随便收人类送的礼物来着？
143035102	143035	1	8782	得把这条记下来，可不能忘了自己的 立场……最后得加上备注—— “除了你”
143035103	143035	1	15718	……我才没有自欺欺人，你的情况比较特别，得另做对待才行。
143094101	143094	1		在你身旁的感觉还真奇妙…… 我开始有点理解那些构造体愿意围着你转的原因了。
143094102	143094	1	17852	对了，如果我下次伪装成其他构造体和你待上一整天，让你意识不到其实是我
143094103	143094	1	29861	等等，总感觉这么做是在便宜别人， 还是算了。
143096101	143096	1		昨天……我做了一个梦， 梦见所有人都离开了……
143096102	143096	1	8097	我怎么也跟不上他们的脚步，只能看着大家离自己越来越远，直到看不见……
143096103	143096	1	19827	嗯，这只是个梦，所以我不在意。 再幸福的人，肯定也会做噩梦……
143096104	143096	1	34109	不知从什么时候起，我也能拥有这种 想法了，真好啊……
143097101	143097	1		童话故事里，人鱼公主会把自己的鳞片当作信物送给心爱的人……
143097102	143097	1	8533	我是没有褪下来的鳞片能用…… 说到底我也根本不是公主……
143097103	143097	1	18954	那用什么作为替代，你才能接受呢？
143038101	143038	1		……
143038102	143038	1	5179	睡吧睡吧，等你睡醒了， 我就能嘲笑你工作偷懒了。
143043101	143043	1		好累……喂喂，一起去休息吧。
143043102	143043	1	7695	我明明什么都还没做……？
143043103	143043	1	12030	我……我一直在心里默念“你快带我去休息吧带我去休息吧带我去休息吧。” 这种事很费脑子的！
143044101	143044	1		……
143044102	143044	1	1146	要不要我帮你分担一点工作？
143044103	143044	1	5530	你那是什么眼神？虽然你什么都没说，但我总觉得自己被冒犯了！
143044104	143044	1	13467	……
143050101	143050	1		早上好
143050102	143050	1	3036	嗯，今天我也精神饱满
143050103	143050	1	6763	可以看你工作看一整天。
143050104	143050	1	9690	……
143051101	143051	1		唷，今天试着提早了一点，怎么样， 是不是对我刮目相看了？
143051102	143051	1	11340	怎么做到的？
143051103	143051	1	15519	哈……当然是一整夜不睡。
143051104	143051	1	24627	至于工作……看在我那么努力的份上，之后就交给你了！
143052101	143052	1		早晨的微风真舒服……
143052102	143052	1	3865	啊，早上好
143052103	143052	1	7119	我说话的语气怎么变了？
143052104	143052	1	11418	以前伪装成别人的时候，感觉这种性格的女生大多都很受欢迎？
143052105	143052	1	23985	更喜欢我原来的样子？
143052106	143052	1	30135	啊……太好了，发出这种声音真的好难……跟上刑一样……
143054101	143054	1		……
143054102	143054	1	8443	……啊！
143054103	143054	1	9967	你回来了……
143054104	143054	1	12032	不，是幻觉吗……？
143054105	143054	1	16071	……
143054106	143054	1	19650	是真的……
143054107	143054	1	24845	太好了，是真的……
143056101	143056	1		……
143056102	143056	1	2336	可恶……得找个办法反击……
143056103	143056	1	6446	不，我什么都没说。
143058101	143058	1		……
143058102	143058	1	6773	你真无聊……
143058103	143058	1	11355	等下，不准戳完就跑！
143058104	143058	1	13801	……
143001201	143001	2		嗯，我是拉弥亚……
143001202	143001	2	3265	啊？还要说点别的？
143001203	143001	2	6063	呃……等等……让我先想一会儿……
143016201	143016	2		升格网络的秘密……
143016202	143016	2	5233	你接触过比我强得多的升格者， 应该知道这不是什么该碰的话题。
143016203	143016	2	13142	人想活得长久点，就不要去自找麻烦， 算是我对你的忠告吧。
143016204	143016	2	19961	不过……有时候， 麻烦似乎更喜欢自己找上门啊……
143017201	143017	2		作为升格者的目的？
143017202	143017	2	3244	没什么重要的事，能有个容身的地方， 我的目的就已经实现一半了
143017203	143017	2	9361	不如说……不是升格者才更好，
143017204	143017	2	12829	可我要是没有成为升格者， 还能活到现在吗？
143018201	143018	2		用真面目和别人相处……？
143018202	143018	2	3579	会被打出去啦。
143018203	143018	2	6178	就算有人愿意接受， 这条鱼尾都还是会被当做怪异的东西
143018204	143018	2	13337	那些人的目光，光是想想， 身体就像被烤熟了一样……
143020201	143020	2		就算露娜小姐把力量借给我，我还是不觉得自己有变强了……
143020202	143020	2	6236	明明是个升格者……
143020203	143020	2	8859	话说，你之前有怕过我吗？
143020204	143020	2	12390	等等，忘了这个问题吧！
143020205	143020	2	14950	……别说，我求你别说了！
143021201	143021	2		我出生的地方吗？
143021202	143021	2	5668	那里所有的人和物都跟我格格不入……当然也谈不上喜欢……
143021203	143021	2	12177	可即便这样，即便很多很多事物都被埋葬了在那里，那里……也是我的故乡……而我，却永远也回不去了。
143022201	143022	2		和我做个约定，无论怎样也要活着。
143022202	143022	2	5266	“活着”是件很困难的事， 要拼尽全力才能做好，很不容易的！
143022203	143022	2	11289	还有……
143022204	143022	2	12980	我希望你活下去……
143022205	143022	2	15599	嗯，很希望。
143023201	143023	2		从今往后该做什么呢……
143023202	143023	2	4519	一生不工作被人好吃好喝供着…… 似乎也不错。
143023203	143023	2	9239	你有什么想做的事吗？ 和你在一起的话，怎么样都无所谓……
143023204	143023	2	13997	不，至少得有稳定的食物来源，我可以稍微忍忍，你要保证一日三餐……
143023205	143023	2	21277	嗯，没有什么比这个更重要了。
143033201	143033	2		送点吃的吧，我在做囤粮过冬的准备
143033202	143033	2	3962	我当然知道升格者不会饿死了！ 但你不是个实打实的人类吗？ 一点未雨绸缪的危机意识都没有……
143033203	143033	2	11316	没办法，趁这个机会把你的那部分也 一起囤起来吧。
143034201	143034	2		对了，让拉弥亚教你些什么吧， 这样你就会对我心生尊敬了。
143034202	143034	2	6950	你想学游泳吗？你会了不用教……
143034203	143034	2	10519	那你会潜水吗？也会……
143034204	143034	2	14858	我想到了！ 伪装和易容你肯定不会对不对？
143034205	143034	2	19465	呃……但好像这种事也教不了……
143035201	143035	2		……
143035202	143035	2	1707	话说，作为一个升格者，是不是不应该随便收人类送的礼物来着？
143035203	143035	2	8306	得把这条记下来，可不能忘了自己的 立场……最后得加上备注—— “除了你”
143035204	143035	2	14393	……
143035205	143035	2	16167	……我才没有自欺欺人，你的情况比较特别，得另做对待才行。
143094201	143094	2		在你身旁的感觉还真奇妙…… 我开始有点理解那些构造体愿意围着你转的原因了。
143094202	143094	2	7890	对了，如果我下次伪装成其他构造体和你待上一整天，让你意识不到其实是我
143094203	143094	2	14630	等等，总感觉这么做是在便宜别人， 还是算了。
143096201	143096	2		昨天……我做了一个梦， 梦见所有人都离开了……
143096202	143096	2	5706	我怎么也跟不上他们的脚步，只能看着大家离自己越来越远，直到看不见……
143096203	143096	2	15187	嗯，这只是个梦，所以我不在意。 再幸福的人，肯定也会做噩梦……
143096204	143096	2	24958	不知从什么时候起，我也能拥有这种 想法了，真好啊……
143097201	143097	2		童话故事里，人鱼公主会把自己的鳞片当作信物送给心爱的人……
143097202	143097	2	7649	我是没有褪下来的鳞片能用…… 说到底我也根本不是公主……
143097203	143097	2	13918	那用什么作为替代，你才能接受呢？
143038201	143038	2		……
143038202	143038	2	6002	睡吧睡吧，等你睡醒了， 我就能嘲笑你工作偷懒了。
143038203	143038	2	13205	……
143043201	143043	2		好累……喂喂，一起去休息吧。
143043202	143043	2	6678	我明明什么都还没做……？我……
143043203	143043	2	9673	我一直在心里默念“你快带我去休息吧带我去休息吧带我去休息吧。” 这种事很费脑子的！
143044201	143044	2		……
143044202	143044	2	1389	要不要我帮你分担一点工作？
143044203	143044	2	6299	你那是什么眼神？虽然你什么都没说，但我总觉得自己被冒犯了！
143044204	143044	2	12349	……
143050201	143050	2		早上好
143050202	143050	2	2491	嗯，今天我也精神饱满
143050203	143050	2	7267	可以看你工作看一整天。
143050204	143050	2	11667	……
143051201	143051	2		唷，今天试着提早了一点，怎么样， 是不是对我刮目相看了？
143051202	143051	2	7768	怎么做到的？
143051203	143051	2	10617	哈……当然是一整夜不睡。
143051204	143051	2	16774	至于工作……看在我那么努力的份上，之后就交给你了！
143052201	143052	2		早晨的微风真舒服……
143052202	143052	2	4863	啊，早上好
143052203	143052	2	7529	我说话的语气怎么变了？
143052204	143052	2	10890	以前伪装成别人的时候，感觉这种性格的女生大多都很受欢迎？
143052205	143052	2	18275	更喜欢我原来的样子？
143052206	143052	2	20537	啊……太好了，发出这种声音真的好难……跟上刑一样……
143054201	143054	2		……
143054202	143054	2	8382	……啊！
143054203	143054	2	10289	你回来了……
143054204	143054	2	12618	不，是幻觉吗……？
143054205	143054	2	15532	……
143054206	143054	2	19651	是真的……
143054207	143054	2	23321	太好了，是真的……
143056201	143056	2		……
143056202	143056	2	3427	可恶……得找个办法反击……
143056203	143056	2	7581	不，我什么都没说。
143058201	143058	2		……
143058202	143058	2	7836	你真无聊……
143058203	143058	2	11808	等下，不准戳完就跑！
143058204	143058	2	15390	……
143001301	143001	3		嗯，我是拉弥亚……
143001302	143001	3	4200	啊？还要说点别的？
143001303	143001	3	7134	呃……等等……让我先想一会儿……
143016301	143016	3		升格网络的秘密……
143016302	143016	3	4987	你接触过比我强得多的升格者， 应该知道这不是什么该碰的话题。
143016303	143016	3	12505	人想活得长久点，就不要去自找麻烦， 算是我对你的忠告吧。
143016304	143016	3	19530	不过……有时候， 麻烦似乎更喜欢自己找上门啊……
143017301	143017	3		作为升格者的目的？
143017302	143017	3	3004	没什么重要的事，能有个容身的地方， 我的目的就已经实现一半了
143017303	143017	3	10729	不如说……不是升格者才更好，
143017304	143017	3	15094	可我要是没有成为升格者， 还能活到现在吗？
143020301	143020	3		就算露娜小姐把力量借给我，我还是不觉得自己有变强了……
143020302	143020	3	5992	明明是个升格者……
143020303	143020	3	8829	话说，你之前有怕过我吗？
143020304	143020	3	12463	等等，忘了这个问题吧！
143020305	143020	3	14730	……别说，我求你别说了！
143021301	143021	3		我出生的地方吗？
143021302	143021	3	3079	那里所有的人和物都跟我格格不入……当然也谈不上喜欢……
143021303	143021	3	9229	可即便这样，即便很多很多事物都被埋葬了在那里，那里……也是我的故乡……而我，却永远也回不去了。
143022301	143022	3		和我做个约定，无论怎样也要活着。
143022302	143022	3	5289	“活着”是件很困难的事， 要拼尽全力才能做好，很不容易的！
143022303	143022	3	11309	还有……
143022304	143022	3	13001	我希望你活下去……
143022305	143022	3	15461	嗯，很希望。
143023301	143023	3		从今往后该做什么呢……
143023302	143023	3	2435	一生不工作被人好吃好喝供着…… 似乎也不错。
143023303	143023	3	8155	你有什么想做的事吗？ 和你在一起的话，怎么样都无所谓……
143023304	143023	3	15388	不，至少得有稳定的食物来源，我可以稍微忍忍，你要保证一日三餐……
143023305	143023	3	23429	嗯，没有什么比这个更重要了。
143033301	143033	3		送点吃的吧，我在做囤粮过冬的准备
143033302	143033	3	5788	我当然知道升格者不会饿死了！ 但你不是个实打实的人类吗？ 一点未雨绸缪的危机意识都没有……
143033303	143033	3	13747	没办法，趁这个机会把你的那部分也 一起囤起来吧。
143034301	143034	3		对了，让拉弥亚教你些什么吧， 这样你就会对我心生尊敬了。
143034302	143034	3	6344	你想学游泳吗？你会了不用教……
143034303	143034	3	10314	那你会潜水吗？也会……
143034304	143034	3	15318	我想到了！ 伪装和易容你肯定不会对不对？
143034305	143034	3	19445	呃……但好像这种事也教不了……
143035301	143035	3		……
143035302	143035	3	911	话说，作为一个升格者，是不是不应该随便收人类送的礼物来着？
143035303	143035	3	7008	得把这条记下来，可不能忘了自己的 立场……最后得加上备注—— “除了你”
143035304	143035	3	14116	……
143035305	143035	3	15191	……我才没有自欺欺人，你的情况比较特别，得另做对待才行。
143094301	143094	3		在你身旁的感觉还真奇妙…… 我开始有点理解那些构造体愿意围着你转的原因了。
143094302	143094	3	8266	对了，如果我下次伪装成其他构造体和你待上一整天，让你意识不到其实是我
143094303	143094	3	15544	等等，总感觉这么做是在便宜别人， 还是算了。
143096301	143096	3		昨天……我做了一个梦， 梦见所有人都离开了……
143096302	143096	3	7512	我怎么也跟不上他们的脚步，只能看着大家离自己越来越远，直到看不见……
143096303	143096	3	16704	嗯，这只是个梦，所以我不在意。 再幸福的人，肯定也会做噩梦……
143096304	143096	3	25333	不知从什么时候起，我也能拥有这种 想法了，真好啊……
143097301	143097	3		童话故事里，人鱼公主会把自己的鳞片当作信物送给心爱的人……
143097302	143097	3	7395	我是没有褪下来的鳞片能用…… 说到底我也根本不是公主……
143097303	143097	3	13339	那用什么作为替代，你才能接受呢？
143038301	143038	3		……
143038302	143038	3	5629	睡吧睡吧，等你睡醒了， 我就能嘲笑你工作偷懒了。
143038303	143038	3	12944	……
143043301	143043	3		好累……喂喂，一起去休息吧。
143043302	143043	3	6535	我明明什么都还没做……？我……
143043303	143043	3	10634	我一直在心里默念“你快带我去休息吧带我去休息吧带我去休息吧。” 这种事很费脑子的！
143044301	143044	3		……
143044302	143044	3	1878	要不要我帮你分担一点工作？
143044303	143044	3	6216	你那是什么眼神？虽然你什么都没说，但我总觉得自己被冒犯了！
143044304	143044	3	12044	……
143050301	143050	3		早上好
143050302	143050	3	2423	嗯，今天我也精神饱满
143050303	143050	3	7217	可以看你工作看一整天。
143050304	143050	3	10884	……
143051301	143051	3		唷，今天试着提早了一点，怎么样， 是不是对我刮目相看了？
143051302	143051	3	7652	怎么做到的？
143051303	143051	3	9890	哈……当然是一整夜不睡。
143051304	143051	3	13493	至于工作……看在我那么努力的份上，之后就交给你了！
143052301	143052	3		早晨的微风真舒服……
143052302	143052	3	5666	啊，早上好
143052303	143052	3	8049	我说话的语气怎么变了？
143052304	143052	3	10651	以前伪装成别人的时候，感觉这种性格的女生大多都很受欢迎？
143052305	143052	3	17859	更喜欢我原来的样子？
143052306	143052	3	20562	啊……太好了，发出这种声音真的好难……跟上刑一样……
143054301	143054	3		……
143054302	143054	3	9350	……啊！
143054303	143054	3	10354	你回来了……
143054304	143054	3	12939	不，是幻觉吗……？
143054305	143054	3	16111	……
143054306	143054	3	19550	是真的……
143054307	143054	3	23130	太好了，是真的……
143056301	143056	3		……
143056302	143056	3	3247	可恶……得找个办法反击……
143056303	143056	3	7911	不，我什么都没说。
143058301	143058	3		……
143058302	143058	3	7631	你真无聊……
143058303	143058	3	11100	等下，不准戳完就跑！
143058304	143058	3	14246	……
143001401	143001	4		嗯，我是拉弥亚……
143001402	143001	4	2938	啊？还要说点别的？
143001403	143001	4	5823	呃……等等……让我先想一会儿……
143016401	143016	4		升格网络的秘密……
143016402	143016	4	4254	你接触过比我强得多的升格者， 应该知道这不是什么该碰的话题。
143016403	143016	4	13283	人想活得长久点，就不要去自找麻烦， 算是我对你的忠告吧。
143016404	143016	4	19537	不过……有时候， 麻烦似乎更喜欢自己找上门啊……
143017401	143017	4		作为升格者的目的？
143017402	143017	4	2262	没什么重要的事，能有个容身的地方， 我的目的就已经实现一半了
143017403	143017	4	7445	不如说……不是升格者才更好，
143017404	143017	4	13252	可我要是没有成为升格者， 还能活到现在吗？
143020401	143020	4		就算露娜小姐把力量借给我，我还是不觉得自己有变强了……
143020402	143020	4	5489	明明是个升格者……
143020403	143020	4	8467	话说，你之前有怕过我吗？
143020404	143020	4	12585	等等，忘了这个问题吧！
143020405	143020	4	14744	……别说，我求你别说了！
143021401	143021	4		我出生的地方吗？
143021402	143021	4	1863	那里所有的人和物都跟我格格不入……当然也谈不上喜欢……
143021403	143021	4	8383	可即便这样，即便很多很多事物都被埋葬了在那里，那里……也是我的故乡……而我，却永远也回不去了。
143022401	143022	4		和我做个约定，无论怎样也要活着。
143022402	143022	4	6436	“活着”是件很困难的事， 要拼尽全力才能做好，很不容易的！
143022403	143022	4	11604	还有……
143022404	143022	4	13172	我希望你活下去……
143022405	143022	4	15325	嗯，很希望。
143023401	143023	4		从今往后该做什么呢……
143023402	143023	4	2233	一生不工作被人好吃好喝供着…… 似乎也不错。
143023403	143023	4	8661	你有什么想做的事吗？ 和你在一起的话，怎么样都无所谓……
143023404	143023	4	16436	不，至少得有稳定的食物来源，我可以稍微忍忍，你要保证一日三餐……
143023405	143023	4	25894	嗯，没有什么比这个更重要了。
143033401	143033	4		送点吃的吧，我在做囤粮过冬的准备
143033402	143033	4	3892	我当然知道升格者不会饿死了！ 但你不是个实打实的人类吗？ 一点未雨绸缪的危机意识都没有……
143033403	143033	4	11913	没办法，趁这个机会把你的那部分也 一起囤起来吧。
143034401	143034	4		对了，让拉弥亚教你些什么吧， 这样你就会对我心生尊敬了。
143034402	143034	4	3962	你想学游泳吗？你会了不用教……
143034403	143034	4	7487	那你会潜水吗？也会……
143034404	143034	4	10885	我想到了！ 伪装和易容你肯定不会对不对？
143034405	143034	4	15146	呃……但好像这种事也教不了……
143035401	143035	4		……
143035402	143035	4	1245	话说，作为一个升格者，是不是不应该随便收人类送的礼物来着？
143035403	143035	4	7296	得把这条记下来，可不能忘了自己的 立场……最后得加上备注——“除了你”
143035404	143035	4	14905	……我才没有自欺欺人，你的情况比较特别，得另做对待才行。
143094401	143094	4		在你身旁的感觉还真奇妙…… 我开始有点理解那些构造体愿意围着你转的原因了。
143094402	143094	4	6291	对了，如果我下次伪装成其他构造体和你待上一整天，让你意识不到其实是我
143094403	143094	4	14390	等等，总感觉这么做是在便宜别人， 还是算了。
143096401	143096	4		昨天……我做了一个梦， 梦见所有人都离开了……
143096402	143096	4	6091	我怎么也跟不上他们的脚步，只能看着大家离自己越来越远，直到看不见……
143096403	143096	4	14110	嗯，这只是个梦，所以我不在意。 再幸福的人，肯定也会做噩梦……
143096404	143096	4	21739	不知从什么时候起，我也能拥有这种 想法了，真好啊……
143097401	143097	4		童话故事里，人鱼公主会把自己的鳞片当作信物送给心爱的人……
143097402	143097	4	5625	我是没有褪下来的鳞片能用…… 说到底我也根本不是公主……
143097403	143097	4	10936	那用什么作为替代，你才能接受呢？
143038401	143038	4		……
143038402	143038	4	4957	睡吧睡吧，等你睡醒了， 我就能嘲笑你工作偷懒了。
143038403	143038	4	12952	……
143043401	143043	4		好累……喂喂，一起去休息吧。
143043402	143043	4	4573	我明明什么都还没做……？
143043403	143043	4	6553	我……我一直在心里默念“你快带我去休息吧带我去休息吧带我去休息吧。” 这种事很费脑子的！
143044401	143044	4		……
143044402	143044	4	1595	要不要我帮你分担一点工作？
143044403	143044	4	6292	你那是什么眼神？虽然你什么都没说，但我总觉得自己被冒犯了！
143044404	143044	4	12001	……
143050401	143050	4		早上好
143050402	143050	4	2383	嗯，今天我也精神饱满
143050403	143050	4	7445	可以看你工作看一整天。
143050404	143050	4	10154	……
143051401	143051	4		唷，今天试着提早了一点，怎么样， 是不是对我刮目相看了？
143051402	143051	4	5834	怎么做到的？
143051403	143051	4	7698	哈……当然是一整夜不睡。
143051404	143051	4	13312	至于工作……看在我那么努力的份上，之后就交给你了！
143052401	143052	4		早晨的微风真舒服……
143052402	143052	4	3601	啊，早上好
143052403	143052	4	5531	我说话的语气怎么变了？
143052404	143052	4	6936	以前伪装成别人的时候，感觉这种性格的女生大多都很受欢迎？
143052405	143052	4	12023	更喜欢我原来的样子？
143052406	143052	4	14200	啊……太好了，发出这种声音真的好难……跟上刑一样……
143054401	143054	4		……
143054402	143054	4	8492	……啊！
143054403	143054	4	9956	你回来了……
143054404	143054	4	12002	不，是幻觉吗……？
143054405	143054	4	14939	……
143054406	143054	4	19658	是真的……
143054407	143054	4	22131	太好了，是真的……
143056401	143056	4		……
143056402	143056	4	3306	可恶……得找个办法反击……
143056403	143056	4	7461	不，我什么都没说。
143058401	143058	4		……
143058402	143058	4	7040	你真无聊……
143058403	143058	4	11854	等下，不准戳完就跑！
143058404	143058	4	14701	……
146020101	146020	1		……
146020102	146020	1	4132	墨鸢……嘶……
146020103	146020	1	9147	谢谢……
146020104	146020	1	12063	“他们”的夙愿还在我的脑海中激荡，我仍能听到“他们”的声音，仿佛“他们”就在我的眼前……
146020105	146020	1	24570	谢谢你，我现在……好多了。
146020201	146020	2		……
146020202	146020	2	1709	墨鸢……嘶……
146020203	146020	2	9538	谢谢……
146020204	146020	2	12067	“他们”的夙愿还在我的脑海中激荡，我仍能听到“他们”的声音，仿佛“他们”就在我的眼前……
146020205	146020	2	24748	谢谢你，我现在……好多了。
146020301	146020	3		……
146020302	146020	3	4066	墨鸢……嘶……
146020303	146020	3	9278	谢谢……
146020304	146020	3	12254	“他们”的夙愿还在我的脑海中激荡，我仍能听到“他们”的声音，仿佛“他们”就在我的眼前……
146020305	146020	3	24832	谢谢你，我现在……好多了。
146020401	146020	4		……
146020402	146020	4	4207	墨鸢……嘶……
146020403	146020	4	7839	谢谢……
146020404	146020	4	10517	“他们”的夙愿还在我的脑海中激荡，我仍能听到“他们”的声音，仿佛“他们”就在我的眼前……
146020405	146020	4	23541	谢谢你，我现在……好多了。
146023101	146023	1		有人称我为“曲大人”，有人称我为“骗子”
146023102	146023	1	7166	也有人称我为“历史的叛徒”、“闭门造车的懦夫”、“企图灭绝人类希望的罪人”……
146023103	146023	1	17612	我并不在意外人的目光
146023104	146023	1	21885	但是，灰鸦的指挥官，告诉我
146023105	146023	1	25845	在你眼里，我又变成了什么人？
146023201	146023	2		有人称我为“曲大人”，有人称我为“骗子”
146023202	146023	2	7410	也有人称我为“历史的叛徒”、“闭门造车的懦夫”、“企图灭绝人类希望的罪人”……
146023203	146023	2	17743	我并不在意外人的目光
146023204	146023	2	20721	但是，灰鸦的指挥官，告诉我
146023205	146023	2	26007	在你眼里，我又变成了什么人？
146023301	146023	3		有人称我为“曲大人”，有人称我为“骗子”
146023302	146023	3	7214	也有人称我为“历史的叛徒”、“闭门造车的懦夫”、“企图灭绝人类希望的罪人”……
146023303	146023	3	17599	我并不在意外人的目光
146023304	146023	3	20371	但是，灰鸦的指挥官，告诉我
146023305	146023	3	26035	在你眼里，我又变成了什么人？
146023401	146023	4		有人称我为“曲大人”，有人称我为“骗子”
146023402	146023	4	7636	也有人称我为“历史的叛徒”、“闭门造车的懦夫”、“企图灭绝人类希望的罪人”……
146023403	146023	4	18155	我并不在意外人的目光
146023404	146023	4	20915	但是，灰鸦的指挥官，告诉我
146023405	146023	4	24915	在你眼里，我又变成了什么人？
146053101	146053	1		……
146053102	146053	1	10027	作为与我同行的人，我自然要审阅你的战术规划。与那时相比，确实有了不错的成长。但要抵达那个未来，这还远远不够。
146053103	146053	1	28064	来吧，“万世铭”中记载的知识足够你学上很久很久……
146053104	146053	1	35112	没关系，我们有的是时间。
146053201	146053	2		……
146053202	146053	2	10089	你说这个？
146053203	146053	2	12620	作为与我同行的人，我自然要审阅你的战术规划。与那时相比，确实有了不错的成长。但要抵达那个未来，这还远远不够。
146053204	146053	2	27265	来吧，“万世铭”中记载的知识足够你学上很久很久……
146053205	146053	2	34952	没关系，我们有的是时间。
146053301	146053	3		……
146053302	146053	3	10145	你说这个？
146053303	146053	3	12715	作为与我同行的人，我自然要审阅你的战术规划。与那时相比，确实有了不错的成长。但要抵达那个未来，这还远远不够。
146053304	146053	3	27189	来吧，“万世铭”中记载的知识足够你学上很久很久……
146053305	146053	3	35132	没关系，我们有的是时间。
146053401	146053	4		……
146053402	146053	4	10233	你说这个？
146053403	146053	4	12885	作为与我同行的人，我自然要审阅你的战术规划。与那时相比，确实有了不错的成长。但要抵达那个未来，这还远远不够。
146053404	146053	4	28459	来吧，“万世铭”中记载的知识足够你学上很久很久……
146053405	146053	4	35126	没关系，我们有的是时间。
143122101	143122	1		……
143122102	143122	1	15398	繁星凝望着海洋
143122103	143122	1	21924	海洋拥抱着风帆
143122104	143122	1	28942	如今我终于张开双臂
143122105	143122	1	36311	现在换我接力前进
143122106	143122	1	42768	……
143122201	143122	2		……
143122202	143122	2	15430	繁星凝望着海洋
143122203	143122	2	21773	海洋拥抱着风帆
143122204	143122	2	28848	……
143122301	143122	3		……
143122302	143122	3	15414	繁星凝望着海洋
143122303	143122	3	21813	海洋拥抱着风帆
143122304	143122	3	28834	……
143122401	143122	4		……
143122402	143122	4	15404	繁星凝望着海洋
143122403	143122	4	21731	海洋拥抱着风帆
143122404	143122	4	28594	……
147013101	147013	1		……
147013102	147013	1	7632	嗯？等等，我好像刷到了什么有趣的东西……
147013103	147013	1	12653	指挥官，你要一起来看看吗？
147013104	147013	1	17888	这可一定要……
147013105	147013	1	19774	这套涂装果然算是没白送出去。
147013106	147013	1	24707	怎么……你也想来这样的一套吗？
147013107	147013	1	29286	我可以亲·自帮你出设计需求哦。
147013201	147013	2		……
147013202	147013	2	7685	嗯？等等，我好像刷到了什么有趣的东西……
147013203	147013	2	12772	指挥官，你要一起来看看吗？
147013204	147013	2	16302	这可一定要……
147013205	147013	2	19364	这套涂装果然算是没白送出去。
147013206	147013	2	24876	怎么……你也想来这样的一套吗？
147013207	147013	2	28845	我可以亲·自帮你出设计需求哦。
147013301	147013	3		……
147013302	147013	3	7604	嗯？等等，我好像刷到了什么有趣的东西……
147013303	147013	3	12500	指挥官，你要一起来看看吗？
147013304	147013	3	16129	这可一定要……
147013305	147013	3	20156	这套涂装果然算是没白送出去。
147013306	147013	3	24706	怎么……你也想来这样的一套吗？
147013307	147013	3	29073	我可以亲·自帮你出设计需求哦。
147013401	147013	4		……
147013402	147013	4	7656	嗯？等等，我好像刷到了什么有趣的东西……
147013403	147013	4	12678	指挥官，你要一起来看看吗？
147013404	147013	4	16304	这可一定要……
147013405	147013	4	19237	这套涂装果然算是没白送出去。
147013406	147013	4	24772	怎么……你也想来这样的一套吗？
147013407	147013	4	29614	我可以亲·自帮你出设计需求哦。
147021101	147021	1		……
147021102	147021	1	9346	想听我的耳机里在放什么？嗯……其实也不全是音乐。
147021103	147021	1	17018	啊，现在刚好轮播到你演讲的那一段了，让我听听……
147021104	147021	1	23600	‘我是灰鸦小队指挥官’……
147021105	147021	1	28702	那么紧张，你当真了？我可没有那种无聊的癖好。
147021106	147021	1	34815	还是说，你希望我这样做？
147021201	147021	2		……
147021202	147021	2	9278	想听我的耳机里在放什么？嗯……其实也不全是音乐。
147021203	147021	2	16884	啊，现在刚好轮播到你演讲的那一段了，让我听听……
147021204	147021	2	24226	‘我是灰鸦小队指挥官’……
147021205	147021	2	29033	那么紧张，你当真了？我可没有那种无聊的癖好。
147021206	147021	2	35144	还是说，你希望我这样做？
147021301	147021	3		……
147021302	147021	3	9397	想听我的耳机里在放什么？嗯……其实也不全是音乐。
147021303	147021	3	17079	啊，现在刚好轮播到你演讲的那一段了，让我听听……
147021304	147021	3	24060	‘我是灰鸦小队指挥官’……
147021305	147021	3	28975	那么紧张，你当真了？我可没有那种无聊的癖好。
147021306	147021	3	35111	还是说，你希望我这样做？
147021401	147021	4		……
147021402	147021	4	9315	想听我的耳机里在放什么？嗯……其实也不全是音乐。
147021403	147021	4	17133	啊，现在刚好轮播到你演讲的那一段了，让我听听……
147021404	147021	4	23533	‘我是灰鸦小队指挥官’……
147021405	147021	4	28802	那么紧张，你当真了？我可没有那种无聊的癖好。
147021406	147021	4	35340	还是说，你希望我这样做？
147093101	147093	1		我给你写了一个小程序……喏，它叫布朗尼，需要的时候，它可以帮你搜索所有你需要的东西……
147093102	147093	1	13575	什么？找休整室的钥匙？……
147093103	147093	1	20693	看来我要修改一下这个程序，先让它能够从物理层面修复一下你缺失的大脑。
147093201	147093	2		我给你写了一个小程序……喏，它叫布朗尼，需要的时候，它可以帮你搜索所有你需要的东西……
147093202	147093	2	13983	什么？找休整室的钥匙？……
147093203	147093	2	20480	看来我要修改一下这个程序，先让它能够从物理层面修复一下你缺失的大脑。
147093301	147093	3		我给你写了一个小程序……喏，它叫布朗尼，需要的时候，它可以帮你搜索所有你需要的东西……
147093302	147093	3	13786	什么？找休整室的钥匙？……
147093303	147093	3	20808	看来我要修改一下这个程序，先让它能够从物理层面修复一下你缺失的大脑。
147093401	147093	4		我给你写了一个小程序……喏，它叫布朗尼，需要的时候，它可以帮你搜索所有你需要的东西……
147093402	147093	4	13765	什么？找休整室的钥匙？……
147093403	147093	4	20754	看来我要修改一下这个程序，先让它能够从物理层面修复一下你缺失的大脑。
150019101	150019	1		九龙的字以齐整方正为美，许多人类便以机器印刷体的标准来要求自己。
150019102	150019	1	9651	反倒是被视作“标准”的机械，将印刷体看做囚笼，认为这是缺少“灵魂”的体现。
150019103	150019	1	19169	将心意蕴于笔尖，才能让字体更加灵动飘逸…
150019104	150019	1	25810	嗯，指挥官的肩膀和手腕都太紧张了
150019105	150019	1	30168	这样……
150019106	150019	1	33311	要放松一点才好运笔。
150019201	150019	2		九龙的字以齐整方正为美，许多人类便以机器印刷体的标准来要求自己。
150019202	150019	2	9766	反倒是被视作“标准”的机械，将印刷体看做囚笼，认为这是缺少“灵魂”的体现。
150019203	150019	2	19121	将心意蕴于笔尖，才能让字体更加灵动飘逸…
150019204	150019	2	25767	嗯，指挥官的肩膀和手腕都太紧张了
150019205	150019	2	30546	这样……
150019206	150019	2	33382	要放松一点才好运笔。
150019301	150019	3		九龙的字以齐整方正为美，许多人类便以机器印刷体的标准来要求自己。
150019302	150019	3	9969	反倒是被视作“标准”的机械，将印刷体看做囚笼，认为这是缺少“灵魂”的体现。
150019303	150019	3	18677	将心意蕴于笔尖，才能让字体更加灵动飘逸…
150019304	150019	3	25289	嗯，指挥官的肩膀和手腕都太紧张了
150019305	150019	3	30514	这样……
150019306	150019	3	33335	要放松一点才好运笔。
150019401	150019	4		九龙的字以齐整方正为美，许多人类便以机器印刷体的标准来要求自己。
150019402	150019	4	9796	反倒是被视作“标准”的机械，将印刷体看做囚笼，认为这是缺少“灵魂”的体现。
150019403	150019	4	19706	将心意蕴于笔尖，才能让字体更加灵动飘逸…
150019404	150019	4	25940	嗯，指挥官的肩膀和手腕都太紧张了
150019405	150019	4	30135	这样……
150019406	150019	4	32608	要放松一点才好运笔。
150054101	150054	1		我习惯在没有你陪伴的日子里沉入梦境，又间或唤醒自己。
150054102	150054	1	8798	“可能这次醒来，就能看见你微笑的侧脸。”
150054103	150054	1	13481	“兴许是这次，你一定已经坐在我身边，我不能让你久等。”
150054104	150054	1	21523	你不在的时间变得相当漫长，可唯独你会回来这点，我不曾有过一刻怀疑……
150054105	150054	1	29861	我们拉过钩的，不是吗？
150054201	150054	2		我习惯在没有你陪伴的日子里沉入梦境，又间或唤醒自己。
150054202	150054	2	8763	“可能这次醒来，就能看见你微笑的侧脸。”
150054203	150054	2	13515	“兴许是这次，你一定已经坐在我身边，我不能让你久等。”
150054204	150054	2	21478	你不在的时间变得相当漫长，可唯独你会回来这点，我不曾有过一刻怀疑……
150054205	150054	2	29772	我们拉过钩的，不是吗？
150054401	150054	4		我习惯在没有你陪伴的日子里沉入梦境，又间或唤醒自己。
150054402	150054	4	8292	“可能这次醒来，就能看见你微笑的侧脸。”
150054403	150054	4	13939	“兴许是这次，你一定已经坐在我身边，我不能让你久等。”
150054404	150054	4	21144	你不在的时间变得相当漫长，可唯独你会回来这点，我不曾有过一刻怀疑……
150054405	150054	4	29770	我们拉过钩的，不是吗？
150054301	150054	3		我习惯在没有你陪伴的日子里沉入梦境，又间或唤醒自己。
150054302	150054	3	8613	“可能这次醒来，就能看见你微笑的侧脸。”
150054303	150054	3	13583	“兴许是这次，你一定已经坐在我身边，我不能让你久等。”
150054304	150054	3	21959	你不在的时间变得相当漫长，可唯独你会回来这点，我不曾有过一刻怀疑……
150054305	150054	3	29536	我们拉过钩的，不是吗？
150053101	150053	1		……
150053102	150053	1	2980	指挥官，早啊……
150053103	150053	1	6518	嗯？怎么了吗？我确实刚刚从休眠舱起来……啊！
150053104	150053	1	13399	糟，糟糕，这样仪容不整怎么行……
150053105	150053	1	17454	呼……
150053106	150053	1	19035	这可太失礼了
150053107	150053	1	22757	指挥官，拜托，就当刚刚什么都没有发生，怎么样？
150053201	150053	2		……
150053202	150053	2	3130	指挥官，早啊……
150053203	150053	2	6388	嗯？怎么了吗？我确实刚刚从休眠舱起来……啊！
150053204	150053	2	15013	糟，糟糕，这样仪容不整怎么行……
150053205	150053	2	19245	呼……
150053206	150053	2	20778	这可太失礼了
150053207	150053	2	23022	指挥官，拜托，就当刚刚什么都没有发生，怎么样？
150053301	150053	3		……
150053302	150053	3	2911	指挥官，早啊……
150053303	150053	3	6328	嗯？怎么了吗？我确实刚刚从休眠舱起来……啊！
150053304	150053	3	13085	糟，糟糕，这样仪容不整怎么行……
150053305	150053	3	16937	呼……
150053306	150053	3	22122	这可太失礼了，指挥官，拜托，就当刚刚什么都没有发生，怎么样？
150053401	150053	4		……
150053402	150053	4	3423	指挥官，早啊……
150053403	150053	4	5944	嗯？怎么了吗？我确实刚刚从休眠舱起来……啊！
150053404	150053	4	12119	糟，糟糕，这样仪容不整怎么行……
150053405	150053	4	16358	呼……这可太失礼了
150053406	150053	4	22816	指挥官，拜托，就当刚刚什么都没有发生，怎么样？
152101101	152101	1		……
152101102	152101	1	12682	指挥官。
152101103	152101	1	16009	……
152101104	152101	1	21345	此时此刻……你会感到紧张吗？
152101105	152101	1	26140	……
152101106	152101	1	27282	我曾在心里无数次排练过这个场景，
152101107	152101	1	33226	可当真正走入了这座殿堂，听到钟声在耳畔响起，我的心却仍旧悸动难耐。
152101108	152101	1	45255	我想是因为，眼下，你就站在我的面前。
152101109	152101	1	52416	朝夕相伴的岁月里，我的心中，渐渐涌现出了许多说不清道不明的情感。
152101110	152101	1	62997	信任、憧憬、依赖……
152101111	152101	1	67871	它们真挚而热烈，却不足以表达我对你的全部心意。
152101112	152101	1	76732	如果……你能允许我更贪心一些——
152101113	152101	1	81108	我想赠予你这枚戒指，作为我对你誓言的见证
152101114	152101	1	87622	不论未来会发生什么，直到时间或是生命的尽头，我都永远不会与你分离。
152101115	152101	1	98249	指挥官，我是因你而生的露西亚，
152101116	152101	1	103331	未来的路，我会永远陪在你身边。
152101117	152101	1	110262	……
152101201	152101	2		……
152101202	152101	2	12682	指挥官。
152101203	152101	2	16009	……
152101204	152101	2	21345	此时此刻……你会感到紧张吗？
152101205	152101	2	26140	……
152101206	152101	2	27282	我曾在心里无数次排练过这个场景，
152101207	152101	2	33226	可当真正走入了这座殿堂，听到钟声在耳畔响起，我的心却仍旧悸动难耐。
152101208	152101	2	45255	我想是因为，眼下，你就站在我的面前。
152101209	152101	2	52416	朝夕相伴的岁月里，我的心中，渐渐涌现出了许多说不清道不明的情感。
152101210	152101	2	62997	信任、憧憬、依赖……
152101211	152101	2	67871	它们真挚而热烈，却不足以表达我对你的全部心意。
152101212	152101	2	76732	如果……你能允许我更贪心一些——
152101213	152101	2	81108	我想赠予你这枚戒指，作为我对你誓言的见证
152101214	152101	2	87622	不论未来会发生什么，直到时间或是生命的尽头，我都永远不会与你分离。
152101215	152101	2	98249	指挥官，我是因你而生的露西亚，
152101216	152101	2	103331	未来的路，我会永远陪在你身边。
152101217	152101	2	110262	……
152101301	152101	3		……
152101302	152101	3	12682	指挥官。
152101303	152101	3	16009	……
152101304	152101	3	21345	此时此刻……你会感到紧张吗？
152101305	152101	3	26140	……
152101306	152101	3	27282	我曾在心里无数次排练过这个场景，
152101307	152101	3	33226	可当真正走入了这座殿堂，听到钟声在耳畔响起，我的心却仍旧悸动难耐。
152101308	152101	3	45255	我想是因为，眼下，你就站在我的面前。
152101309	152101	3	52416	朝夕相伴的岁月里，我的心中，渐渐涌现出了许多说不清道不明的情感。
152101310	152101	3	62997	信任、憧憬、依赖……
152101311	152101	3	67871	它们真挚而热烈，却不足以表达我对你的全部心意。
152101312	152101	3	76732	如果……你能允许我更贪心一些——
152101313	152101	3	81108	我想赠予你这枚戒指，作为我对你誓言的见证
152101314	152101	3	87622	不论未来会发生什么，直到时间或是生命的尽头，我都永远不会与你分离。
152101315	152101	3	98249	指挥官，我是因你而生的露西亚，
152101316	152101	3	103331	未来的路，我会永远陪在你身边。
152101317	152101	3	110262	……
152101401	152101	4		……
152101402	152101	4	12682	指挥官。
152101403	152101	4	16009	……
152101404	152101	4	21345	此时此刻……你会感到紧张吗？
152101405	152101	4	26140	……
152101406	152101	4	27282	我曾在心里无数次排练过这个场景，
152101407	152101	4	33226	可当真正走入了这座殿堂，听到钟声在耳畔响起，我的心却仍旧悸动难耐。
152101408	152101	4	45255	我想是因为，眼下，你就站在我的面前。
152101409	152101	4	52416	朝夕相伴的岁月里，我的心中，渐渐涌现出了许多说不清道不明的情感。
152101410	152101	4	62997	信任、憧憬、依赖……
152101411	152101	4	67871	它们真挚而热烈，却不足以表达我对你的全部心意。
152101412	152101	4	76732	如果……你能允许我更贪心一些——
152101413	152101	4	81108	我想赠予你这枚戒指，作为我对你誓言的见证
152101414	152101	4	87622	不论未来会发生什么，直到时间或是生命的尽头，我都永远不会与你分离。
152101415	152101	4	98249	指挥官，我是因你而生的露西亚，
152101416	152101	4	103331	未来的路，我会永远陪在你身边。
152101417	152101	4	110262	……
157119101	157119	1		啊……
157119102	157119	1	1710	……
157119103	157119	1	3928	你听见了吗？花和风的声音。
157119104	157119	1	8121	……
157119105	157119	1	11298	它们有话，拜托我一定，一定讲给你。
157119106	157119	1	16823	……
157119107	157119	1	18840	连同这首曲子一起……
157119108	157119	1	22662	……
157119109	157119	1	38621	它们说……
157119110	157119	1	42513	我喜欢你。
157119201	157119	2		啊……
157119202	157119	2	1710	……
157119203	157119	2	3928	你听见了吗？花和风的声音。
157119204	157119	2	8121	……
157119205	157119	2	11298	它们有话，拜托我一定，一定讲给你。
157119206	157119	2	16823	……
157119207	157119	2	18840	连同这首曲子一起……
157119208	157119	2	22662	……
157119209	157119	2	38621	它们说……
157119210	157119	2	42513	我喜欢你。
157119301	157119	3		啊……
157119302	157119	3	1710	……
157119303	157119	3	3928	你听见了吗？花和风的声音。
157119304	157119	3	8121	……
157119305	157119	3	11298	它们有话，拜托我一定，一定讲给你。
157119306	157119	3	16823	……
157119307	157119	3	18840	连同这首曲子一起……
157119308	157119	3	22662	……
157119309	157119	3	38621	它们说……
157119310	157119	3	42433	我喜欢你。
157119401	157119	4		啊……
157119402	157119	4	1710	……
157119403	157119	4	3928	你听见了吗？花和风的声音。
157119404	157119	4	8121	……
157119405	157119	4	11298	它们有话，拜托我一定，一定讲给你。
157119406	157119	4	16823	……
157119407	157119	4	18840	连同这首曲子一起……
157119408	157119	4	22662	……
157119409	157119	4	38621	它们说……
157119410	157119	4	42513	我喜欢你。
157120101	157120	1		……
157120102	157120	1	35546	舞步踏出的心迹太浅薄，忧你不解其意。
157120103	157120	1	42377	……
157120104	157120	1	44976	我不贪心绪的浓淡，不贪长久的相依。
157120105	157120	1	50560	……
157120106	157120	1	61470	我只贪此刻的对视。
157120107	157120	1	63628	……
157120108	157120	1	69474	我只贪……眸中有你的半个朝夕。
157120109	157120	1	75355	……
157120201	157120	2		……
157120202	157120	2	35546	舞步踏出的心迹太浅薄，忧你不解其意。
157120203	157120	2	42377	……
157120204	157120	2	44976	我不贪心绪的浓淡，不贪长久的相依。
157120205	157120	2	50560	……
157120206	157120	2	61470	我只贪此刻的对视。
157120207	157120	2	63628	……
157120208	157120	2	69474	我只贪……眸中有你的半个朝夕。
157120209	157120	2	75355	……
157120301	157120	3		……
157120302	157120	3	35504	舞步踏出的心迹太浅薄，忧你不解其意。
157120303	157120	3	42477	……
157120304	157120	3	43801	我不贪心绪的浓淡，不贪长久的相依。
157120305	157120	3	50714	……
157120306	157120	3	58214	我只贪此刻的对视。
157120307	157120	3	61400	……
157120308	157120	3	68267	我只贪……眸中有你的半个朝夕。
157120309	157120	3	74244	……
157120401	157120	4		……
157120402	157120	4	35546	舞步踏出的心迹太浅薄，忧你不解其意。
157120403	157120	4	42377	……
157120404	157120	4	44976	我不贪心绪的浓淡，不贪长久的相依。
157120405	157120	4	50560	……
157120406	157120	4	61470	我只贪此刻的对视。
157120407	157120	4	63628	……
157120408	157120	4	69474	我只贪……眸中有你的半个朝夕。
157120409	157120	4	75355	……
162111101	162111	1		……
162111102	162111	1	12466	我曾在无数的梦境中，
162111103	162111	1	15547	寻访过所谓的“真实”，
162111104	162111	1	19060	而每一层梦境与虚幻的交界之处，都有你的身影。
162111105	162111	1	27237	那么……
162111106	162111	1	29310	在你的每一个梦中，也都会有我的存在吗？
162111107	162111	1	34290	……
162111201	162111	2		……
162111202	162111	2	12466	我曾在无数的梦境中，
162111203	162111	2	15547	寻访过所谓的“真实”，
162111204	162111	2	19060	而每一层梦境与虚幻的交界之处，都有你的身影。
162111205	162111	2	27237	那么……
162111206	162111	2	29310	在你的每一个梦中，也都会有我的存在吗？
162111207	162111	2	34290	……
162111301	162111	3		……
162111302	162111	3	12466	我曾在无数的梦境中，
162111303	162111	3	15547	寻访过所谓的“真实”，
162111304	162111	3	19060	而每一层梦境与虚幻的交界之处，都有你的身影。
162111305	162111	3	27237	那么……
162111306	162111	3	29310	在你的每一个梦中，也都会有我的存在吗？
162111307	162111	3	34290	……
162111401	162111	4		……
162111402	162111	4	12466	我曾在无数的梦境中，
162111403	162111	4	15547	寻访过所谓的“真实”，
162111404	162111	4	19060	而每一层梦境与虚幻的交界之处，都有你的身影。
162111405	162111	4	27237	那么……
162111406	162111	4	29310	在你的每一个梦中，也都会有我的存在吗？
162111407	162111	4	34290	……
168001101	168001	1		……
168001102	168001	1	494	科学理事会安全总监，涅缇娅。
168001103	168001	1	3658	……
168001104	168001	1	4820	这似乎并不是我们的第一次会面，对吗，小乌鸦？
168001105	168001	1	11537	……
168001106	168001	1	12223	嗨嗨嗨！老子叫摩利甘，是这家伙的安全助理，以后多多关照啊！
168001201	168001	2		……
168001202	168001	2	494	科学理事会安全总监，涅缇娅。
168001203	168001	2	3658	……
168001204	168001	2	4820	这似乎并不是我们的第一次会面，对吗，小乌鸦？
168001205	168001	2	11537	……
168001206	168001	2	12223	嗨嗨嗨！老子叫摩利甘，是这家伙的安全助理，以后多多关照啊！
168001301	168001	3		……
168001302	168001	3	494	科学理事会安全总监，涅缇娅。
168001303	168001	3	3658	……
168001304	168001	3	4820	这似乎并不是我们的第一次会面，对吗，小乌鸦？
168001305	168001	3	11537	……
168001306	168001	3	12223	嗨嗨嗨！老子叫摩利甘，是这家伙的安全助理，以后多多关照啊！
168001401	168001	4		……
168001402	168001	4	494	科学理事会安全总监，涅缇娅。
168001403	168001	4	3658	……
168001404	168001	4	4820	这似乎并不是我们的第一次会面，对吗，小乌鸦？
168001405	168001	4	11537	……
168001406	168001	4	12223	嗨嗨嗨！老子叫摩利甘，是这家伙的安全助理，以后多多关照啊！
168006101	168006	1		……
168006102	168006	1	477	不错，效能得当的配置。
168006103	168006	1	3263	……
168006104	168006	1	3922	嚯嚯，冲啊！老子也准备好了！
168006201	168006	2		……
168006202	168006	2	477	不错，效能得当的配置。
168006203	168006	2	3263	……
168006204	168006	2	3922	嚯嚯，冲啊！老子也准备好了！
168006301	168006	3		……
168006302	168006	3	477	不错，效能得当的配置。
168006303	168006	3	3263	……
168006304	168006	3	3922	嚯嚯，冲啊！老子也准备好了！
168006401	168006	4		……
168006402	168006	4	477	不错，效能得当的配置。
168006403	168006	4	3263	……
168006404	168006	4	3922	嚯嚯，冲啊！老子也准备好了！
168021101	168021	1		……
168021102	168021	1	3178	我给你带了镜面蛋糕，是理事会发的下午茶，我吃不来太甜的，你尝尝？
168021103	168021	1	11753	……
168021104	168021	1	12755	喂！老子给你个暗示哈，科学理事会从来不发下午茶！涅缇娅也最爱吃甜的！
168021105	168021	1	19987	……
168021106	168021	1	21032	多嘴。
168021107	168021	1	22937	……
168021201	168021	2		……
168021202	168021	2	3178	我给你带了镜面蛋糕，是理事会发的下午茶，我吃不来太甜的，你尝尝？
168021203	168021	2	11753	……
168021204	168021	2	12755	喂！老子给你个暗示哈，科学理事会从来不发下午茶！涅缇娅也最爱吃甜的！
168021205	168021	2	19987	……
168021206	168021	2	21032	多嘴。
168021207	168021	2	22937	……
168021301	168021	3		……
168021302	168021	3	3178	我给你带了镜面蛋糕，是理事会发的下午茶，我吃不来太甜的，你尝尝？
168021303	168021	3	11753	……
168021304	168021	3	12755	喂！老子给你个暗示哈，科学理事会从来不发下午茶！涅缇娅也最爱吃甜的！
168021305	168021	3	19987	……
168021306	168021	3	21032	多嘴。
168021307	168021	3	22937	……
168021401	168021	4		……
168021402	168021	4	3178	我给你带了镜面蛋糕，是理事会发的下午茶，我吃不来太甜的，你尝尝？
168021403	168021	4	11753	……
168021404	168021	4	12755	喂！老子给你个暗示哈，科学理事会从来不发下午茶！涅缇娅也最爱吃甜的！
168021405	168021	4	19987	……
168021406	168021	4	21032	多嘴。
168021407	168021	4	22937	……
168022101	168022	1		……
168022102	168022	1	450	公务有时实在走不开呢，我不在身边的时候，就让摩利甘陪着你好了。它能保护你的人身安全，也会随时向我汇报……你的一举一动哦。
168022103	168022	1	15775	……
168022104	168022	1	16319	你听懂了没？她的意思是：“我会永远永远盯着你”，这个女人太可怕了！
168022201	168022	2		……
168022202	168022	2	450	公务有时实在走不开呢，我不在身边的时候，就让摩利甘陪着你好了。它能保护你的人身安全，也会随时向我汇报……你的一举一动哦。
168022203	168022	2	15775	……
168022204	168022	2	16319	你听懂了没？她的意思是：“我会永远永远盯着你”，这个女人太可怕了！
168022301	168022	3		……
168022302	168022	3	450	公务有时实在走不开呢，我不在身边的时候，就让摩利甘陪着你好了。它能保护你的人身安全，也会随时向我汇报……你的一举一动哦。
168022303	168022	3	15775	……
168022304	168022	3	16319	你听懂了没？她的意思是：“我会永远永远盯着你”，这个女人太可怕了！
168022401	168022	4		……
168022402	168022	4	450	公务有时实在走不开呢，我不在身边的时候，就让摩利甘陪着你好了。它能保护你的人身安全，也会随时向我汇报……你的一举一动哦。
168022403	168022	4	15775	……
168022404	168022	4	16319	你听懂了没？她的意思是：“我会永远永远盯着你”，这个女人太可怕了！
168014101	168014	1		……
168014102	168014	1	5427	嘿，老子告诉你个小秘密，我能看到涅缇娅在做什么梦，天哪，你绝对不敢想，太刺激了——
168014103	168014	1	15623	……
168014104	168014	1	16822	涅缇娅：玩……什么？
168014105	168014	1	21020	……
168014106	168014	1	28217	灰鸦……抱歉，失态了。
168014107	168014	1	34155	……
168014201	168014	2		……
168014202	168014	2	5427	嘿，老子告诉你个小秘密，我能看到涅缇娅在做什么梦，天哪，你绝对不敢想，太刺激了——
168014203	168014	2	15623	……
168014204	168014	2	16822	涅缇娅：玩……什么？
168014205	168014	2	21020	……
168014206	168014	2	28217	灰鸦……抱歉，失态了。
168014207	168014	2	34155	……
168014301	168014	3		……
168014302	168014	3	5427	嘿，老子告诉你个小秘密，我能看到涅缇娅在做什么梦，天哪，你绝对不敢想，太刺激了——
168014303	168014	3	15623	……
168014304	168014	3	16822	涅缇娅：玩……什么？
168014305	168014	3	21020	……
168014306	168014	3	28217	灰鸦……抱歉，失态了。
168014307	168014	3	34155	……
168014401	168014	4		……
168014402	168014	4	5427	嘿，老子告诉你个小秘密，我能看到涅缇娅在做什么梦，天哪，你绝对不敢想，太刺激了——
168014403	168014	4	15623	……
168014404	168014	4	16822	涅缇娅：玩……什么？
168014405	168014	4	21020	……
168014406	168014	4	28217	灰鸦……抱歉，失态了。
168014407	168014	4	34155	……
168136101	168136	1		……
168136102	168136	1	1175	游荡的魂灵啊——
168136103	168136	1	3430	……
168136104	168136	1	3790	我将赐予你们，
168136105	168136	1	5314	……
168136106	168136	1	5925	终末的安息。
168136201	168136	2		……
168136202	168136	2	1175	游荡的魂灵啊——
168136203	168136	2	3430	……
168136204	168136	2	3790	我将赐予你们，
168136205	168136	2	5314	……
168136206	168136	2	5925	终末的安息。
168136301	168136	3		……
168136302	168136	3	1175	游荡的魂灵啊——
168136303	168136	3	3430	……
168136304	168136	3	3790	我将赐予你们，
168136305	168136	3	5314	……
168136306	168136	3	5925	终末的安息。
168136401	168136	4		……
168136402	168136	4	1175	游荡的魂灵啊——
168136403	168136	4	3430	……
168136404	168136	4	3790	我将赐予你们，
168136405	168136	4	5314	……
168136406	168136	4	5925	终末的安息。
168137101	168137	1		……
168137102	168137	1	450	命运的纺线律动依旧，
168137103	168137	1	3328	……
168137104	168137	1	3773	我们的故事，仍会继续向前。
168137201	168137	2		……
168137202	168137	2	450	命运的纺线律动依旧，
168137203	168137	2	3328	……
168137204	168137	2	3773	我们的故事，仍会继续向前。
168137301	168137	3		……
168137302	168137	3	450	命运的纺线律动依旧，
168137303	168137	3	3328	……
168137304	168137	3	3773	我们的故事，仍会继续向前。
168137401	168137	4		……
168137402	168137	4	450	命运的纺线律动依旧，
168137403	168137	4	3328	……
168137404	168137	4	3773	我们的故事，仍会继续向前。
168069101	168069	1		……
168069102	168069	1	195	你的动作
168069103	168069	1	1588	……
168069104	168069	1	1799	比以前更慢了。
168069105	168069	1	3267	……
168069106	168069	1	3427	还不是因为你吃了太多蛋糕吗——
168069201	168069	2		……
168069202	168069	2	195	你的动作
168069203	168069	2	1588	……
168069204	168069	2	1799	比以前更慢了。
168069205	168069	2	3267	……
168069206	168069	2	3427	还不是因为你吃了太多蛋糕吗——
168069301	168069	3		……
168069302	168069	3	195	你的动作
168069303	168069	3	1588	……
168069304	168069	3	1799	比以前更慢了。
168069305	168069	3	3267	……
168069306	168069	3	3427	还不是因为你吃了太多蛋糕吗——
168069401	168069	4		……
168069402	168069	4	195	你的动作
168069403	168069	4	1588	……
168069404	168069	4	1799	比以前更慢了。
168069405	168069	4	3267	……
168069406	168069	4	3427	还不是因为你吃了太多蛋糕吗——
