Id	ActorId	MoodMinValue	MoodMaxValue	State	Content	Time
1	1021001		10	IDLE	['不想动。']	[2000]
2	1021001		10	IDLE	['我的青蛙先生呢？']	[2000]
3	1021001		10	IDLE	['不要盯着我看……']	[2000]
4	1021001		10	IDLE	['不想我下次拿着花来见你，就不要烦我。']	[2000]
5	1021001		30	IDLE	['休息一下是好事。']	[2000]
6	1021001		30	IDLE	['你的命令我都会执行的，包括待在这里。']	[2000]
7	1021001		30	IDLE	['拥挤一点也不要紧，我也习惯了']	[2000]
8	1021001		30	IDLE	['意识海都平静了下来呢。']	[2000]
9	1021001		30	IDLE	['可以的话，放几盆红色的花吧。']	[2000]
10	1021001		50	IDLE	['休息一下是好事。']	[2000]
11	1021001		50	IDLE	['你的命令我都会执行的，包括待在这里。']	[2000]
12	1021001		50	IDLE	['拥挤一点也不要紧，我也习惯了']	[2000]
13	1021001		50	IDLE	['意识海都平静了下来呢。']	[2000]
14	1021001		50	IDLE	['可以的话，放几盆红色的花吧。']	[2000]
15	1021001		80	IDLE	['嗯，很安心。']	[2000]
16	1021001		80	IDLE	['所谓的家，是这种感觉吗？']	[2000]
17	1021001		80	IDLE	['平时身边不是惨叫就是神威和里吵吵闹闹，这里可安静多了。']	[2000]
18	1021001		80	IDLE	['我并不喜欢呆在窄小的地方，但是只要有你在就无所谓。']	[2000]
19	1021001		100	IDLE	['嗯，很安心。']	[2000]
20	1021001		100	IDLE	['所谓的家，是这种感觉吗？']	[2000]
21	1021001		100	IDLE	['平时身边不是惨叫就是神威和里吵吵闹闹，这里可安静多了。']	[2000]
22	1021001		100	IDLE	['我并不喜欢呆在窄小的地方，但是只要有你在就无所谓。']	[2000]
23	1021001		100	IDLE	['这里很安全，那我可以稍微触碰一下你吗？']	[2000]
24	1021001		30	IDLE	['……']	[2000]
25	1021001		30	IDLE	['嗯……']	[2000]
26	1021001		30	IDLE	['我看看']	[2000]
27	1021001		30	IDLE	['找我吗？']	[2000]
28	1021001		30	IDLE	['=-=']	[2000]
29	1021001		50	IDLE	['?~']	[2000]
30	1021001		50	IDLE	['∑0-0']	[2000]
31	1021001		50	IDLE	['我看看']	[2000]
32	1021001		50	IDLE	['找我吗？']	[2000]
33	1021001		50	IDLE	['=-=']	[2000]
34	1021001		80	IDLE	['0v0']	[2000]
35	1021001		80	IDLE	['哼~?~哼~?~']	[2000]
36	1021001		80	IDLE	['你来啦？']	[2000]
37	1021001		100	IDLE	['0v0']	[2000]
38	1021001		100	IDLE	['哼~?~哼~?~']	[2000]
39	1021001		100	IDLE	['哗！']	[2000]
40	1021001		100	IDLE	['你来啦？']	[2000]
41	1021001		100	IDLE	"['(,,??ω?)ノ""']"	[2000]
42	1021001			IDLE	['虽然构造体无法累积疲劳值。', '但是床铺看上去很柔软的样子……', '人类似乎每天早上都难以离开它。']	[2000, 2000, 2000]
43	1021001			IDLE	['嗯……是很温柔的触感。']	[2000]
44	1021001			IDLE	['还没有到出战时间吗？', '那还可以再多休息一会儿。', '我记得指挥官似乎说过瘫坐在沙发上会很舒服。']	[2000, 2000, 2000]
45	1021001			IDLE	['确、确实呢……好舒服']	[2000]
46	1021001			IDLE	['指挥官，非常不好意思……', '手臂上的零件似乎在更换过程中掉在地上了……', '刚才一直在找，没有注意到您……', '您说要帮我找找？那可以请您去柜子附近看看吗？']	[2000, 2000, 2000, 2000]
47	1021001			IDLE	['感谢，这种零件，虽然小，但是确实是不可或缺的呢……']	[2000]
48	1021001			IDLE	['偶尔也会想偷一下懒，虽然这应该是不会被允许的吧……', '嗯？指挥官允许我们再继续休息吗？']	[2000, 2000]
49	1021001			IDLE	['啊~开心了！']	[2000]
50	1021001			IDLE	['啊……那件武器？', '没记错的话，它在上一场的战斗里报废了。', '其实它用起来，还挺趁手的，可惜了。']	[2000, 2000, 2000]
51	1021001			IDLE	['我没有不开心啦，谢谢指挥官，心情确实好多了。']	[2000]
52	1021001			IDLE	['指挥官？怎么有空过来了？', '伊甸的工作都安排好了吗？']	[2000, 2000]
53	1021001			IDLE	['能过来坐坐也挺好的，指挥官。']	[2000]
54	1021001			IDLE	['以前也见过些小装饰品，我还挺喜欢的。', '啊，不是说一定要放在宿舍里……', '反正那些装饰品也不一定能找到了……', '失落？不……构造体不会有这些感情……']	[2000, 2000, 2000, 2000]
55	1021001			IDLE	['但是现在这样也很好，不是吗？']	[2000]
56	1021001			IDLE	['待在这里会让意识海很放松。', '毕竟就算是机器，也需要休整的。', '如果所连接认证的指挥官也在的话，一定会更好。']	[2000, 2000, 2000]
57	1021001			IDLE	['谢谢，指挥官。']	[2000]
58	1021001		80	IDLE	['啊，这是我之前使用的刀？', '似乎是被打造成装饰品了。', '听说是因为见证了我的荣耀与伤痕……可那不过是我应当做的。']	[2000, 2000, 2000]
59	1021001		80	IDLE	['诶？刚才传达了集合讯号吗？', '很抱歉，我并没有听到……', '不知不觉就在这里待了很久……可能因为这里是和你有关的场所吧。']	[2000, 2000, 2000]
60	1021001		100	IDLE	['窗户？对于构造体来说，有没有都无所谓吧。', '只不过，要是能看见天空，一定很棒。', '我和您现在努力的目标，不正是蔚蓝的天空吗？']	[2000, 2000, 2000]
61	1021001		100	IDLE	['大部分时间我都在经历过战乱，很少能像现在这样。', '不过，我们可没有后悔或者抱怨过。', '毕竟未来，我们想要和您一起，在地球上生活。']	[2000, 2000, 2000]
62	1021001		100	IDLE	['指挥官在苦恼房间的布置吗？', '有需要的话可以让我来帮忙的。', '至少……物资方面我可以出一些力？']	[2000, 2000, 2000]
63	1021001		100	IDLE	['宿舍用品似乎是消耗一些特殊的零件换来的？', '虽然只是见过一两次……', '但是应该没弄错吧？这个给您。']	[2000, 2000, 2000]
101	1031001		10	IDLE	['希望这里的配套设备能齐全点。']	[2000]
102	1031001		10	IDLE	['我就在这里待着，不会打扰你的。']	[2000]
103	1031001		10	IDLE	['待在这里不需要做什么吧？']	[2000]
104	1031001		10	IDLE	['那些玩偶……不，我不会碰他们的。']	[2000]
105	1031001		30	IDLE	['希望这里的配套设备能齐全点。']	[2000]
106	1031001		30	IDLE	['我就在这里待着，不会打扰你的。']	[2000]
107	1031001		30	IDLE	['待在这里不需要做什么吧？']	[2000]
108	1031001		30	IDLE	['那些玩偶……不，我不会碰他们的。']	[2000]
109	1031001		30	IDLE	['需要的话，就算是休息，您也可以让我来帮忙哦。']	[2000]
110	1031001		50	IDLE	['我喜欢安静的地方。']	[2000]
111	1031001		50	IDLE	['指挥官是希望我待在这里的吗？']	[2000]
112	1031001		50	IDLE	['这里可比我以前的宿舍要好。']	[2000]
113	1031001		50	IDLE	['这里的光，和星辰有几分相似。']	[2000]
114	1031001		50	IDLE	['需要的话，就算是休息，您也可以让我来帮忙哦。']	[2000]
115	1031001		80	IDLE	['我喜欢安静的地方。']	[2000]
116	1031001		80	IDLE	['指挥官是希望我待在这里的吗？']	[2000]
117	1031001		80	IDLE	['这里可比我以前的宿舍要好。']	[2000]
118	1031001		80	IDLE	['这里的光，和星辰有几分相似。']	[2000]
119	1031001		100	IDLE	['呼~似乎连意识海都清爽了起来~']	[2000]
120	1031001		100	IDLE	['人类是用温馨来形容这种温暖的感觉吗？']	[2000]
121	1031001		100	IDLE	['这里有很多未知的数据和物品，可得好好分析一下！']	[2000]
122	1031001		100	IDLE	['你好像很喜欢这里？那没办法啦，丽芙就再多陪你一会儿。']	[2000]
123	1031001		100	IDLE	['在这里可以一起看日出日落吗？']	[2000]
124	1031001		30	IDLE	['啊……']	[2000]
125	1031001		30	IDLE	['嗯。']	[2000]
126	1031001		30	IDLE	['这、这个嘛……']	[2000]
127	1031001		30	IDLE	['唔……']	[2000]
128	1031001		30	IDLE	['唔……']	[2000]
129	1031001		50	IDLE	['啊……']	[2000]
130	1031001		50	IDLE	['嗯。']	[2000]
131	1031001		50	IDLE	['这、这个嘛……']	[2000]
132	1031001		50	IDLE	['唔……']	[2000]
133	1031001		50	IDLE	['唔……']	[2000]
134	1031001		80	IDLE	['?(? ???A??? ?)?']	[2000]
135	1031001		80	IDLE	['哼~?~哼~?~']	[2000]
136	1031001		80	IDLE	['∑0-0啊呀！']	[2000]
137	1031001		100	IDLE	['啦~?~啦~?~']	[2000]
138	1031001		100	IDLE	"['(,,??ω?)ノ""']"	[2000]
139	1031001		100	IDLE	['加、加油鸭！']	[2000]
140	1031001		100	IDLE	['指挥官说，要多笑一笑。']	[2000]
141	1031001		100	IDLE	['……']	[2000]
142	1031001			IDLE	['软乎乎的被子是另一种方面的治愈方法。', '它治愈的是那些看不见的伤口。', '诶？可以吗？让我也躺上去试试……']	[2000, 2000, 2000]
143	1031001			IDLE	['好像都不愿离开了呢。']	[2000]
144	1031001			IDLE	['您这是又逃避工作了吗？', '你这样我也很苦恼呀指挥官……', '不然，丽芙就陪您一起在沙发上休息一会儿吧！']	[2000, 2000, 2000]
145	1031001			IDLE	['似乎偶尔偷偷懒也不错呢……']	[2000]
146	1031001			IDLE	['盯——', '那个指挥官……', '请问你有看到我放在这儿的包裹吗？', '不、不是，我没有怀疑是你拿走……', '那可以和我一起去柜子附近找找吗？']	[2000, 2000, 2000, 2000, 2000]
147	1031001			IDLE	['找到了！太感谢你啦指挥官！']	[2000]
148	1031001			IDLE	['嗯……', '虽然露西亚说已经没问题了……', '但是手臂毕竟是配适度严格的部件……', '希望露西亚已经能适用她新的手臂吧！']	[2000, 2000, 2000, 2000]
149	1031001			IDLE	['露西亚压力也不小，我也得在战场上更努力才行呢！']	[2000]
150	1031001			IDLE	['指挥官怎么来了？是要准备出战？', '哦哦，原来只是过来看看丽芙吗~', '也不是不喜欢战斗啦……毕竟这是我们的职责……', '只不过受伤甚至丢掉性命，真的很让人难过呢……', '抱歉，擅自低落起来……所以指挥官可以、可以摸摸丽芙的头来安慰一下吗？']	[2000, 2000, 2000, 2000, 2000]
151	1031001			IDLE	['谢、谢谢指挥官！']	[2000]
152	1031001			IDLE	['……', '诶！是指挥官！', '我、我是在想关于数据和药剂的事情……', '虽然现在是休息时间，总要有备无患才好呀。', '当然……如、如果指挥官可以夸奖一下丽芙的话……']	[2000, 2000, 2000, 2000, 2000]
153	1031001			IDLE	['我、我会继续加油的！']	[2000]
154	1031001			IDLE	['这些装饰品这么可爱，指挥官是从哪里找到的？', '真是想不到指挥官也会用这些来装饰宿舍呢……', '诶！就、就是想看看我笑的样子吗……']	[2000, 2000, 2000]
155	1031001			IDLE	['我……我会经常笑的，指挥官。']	[2000]
156	1031001			IDLE	['我昨天在资料库里找到了一本很新奇的医疗书籍！', '里面说，世界上还有很多不需要药和器械就能治愈伤痛的方法。', '其中一个就是积极意义向的肢体触碰~', '例如抚摸头部来赞赏或者安抚某人。']	[2000, 2000, 2000, 2000]
157	1031001			IDLE	['诶、诶！指挥官这是……？丽芙……丽芙有点开心呢。']	[2000]
158	1031001		80	IDLE	['我很喜欢这里的感觉呢！', '这是一种……从来没体会过的温馨感。', '以前？不说以前的事啦！', '现在能和指挥官一起在这里，就很幸福啦！']	[2000, 2000, 2000, 2000]
159	1031001		80	IDLE	['关心大家的状况是我的责任也是我的习惯……', '疲倦？不……构造体是不会有这种感觉的呢……', '但是有的时候也会想……', '会有人像我一样，如此关心我吗？', '然后，这个愿望似乎实现了呢。']	[2000, 2000, 2000, 2000, 2000]
160	1031001		100	IDLE	['这个地方让意识海都放松了下来~', '感觉真的很适合休息呢……', '如果指挥官……也、也能……', '也能待久一点就好啦……']	[2000, 2000, 2000, 2000]
161	1031001		100	IDLE	['为什么喜欢日出和日落？', '有的人是喜欢这种一天结束一天开始的周而复始之感吧~', '我想……我喜欢它是因为这能切实地感受到自己还活着，时间还在流逝的感觉吧！']	[2000, 2000, 2000]
162	1031001		100	IDLE	['指挥官，我以前见过不少好看的房间布置', '如果有需要的话我想我应该也能帮上您的忙！', '别的不说，至少物资方面我可以稍微出点力呀！']	[2000, 2000, 2000]
163	1031001		100	IDLE	['指挥官，这个是您需要的吗？', '我之前帮忙打扫卫生的时候，从神威房间里找到的！', '我差点以为是垃圾放进回收站，还好那天被叫走了……']	[2000, 2000, 2000]
201	1011002		10	IDLE	['一定要待在这里吗？']	[2000]
202	1011002		10	IDLE	['不用执行任务吗？在这浪费时间？']	[2000]
203	1011002		10	IDLE	['至少收拾得更好一点吧。']	[2000]
204	1011002		10	IDLE	['我的工具套装有带过来吗？']	[2000]
205	1011002		30	IDLE	['一定要待在这里吗？']	[2000]
206	1011002		30	IDLE	['不用执行任务吗？在这浪费时间？']	[2000]
207	1011002		30	IDLE	['至少收拾得更好一点吧。']	[2000]
208	1011002		30	IDLE	['我的工具套装有带过来吗？']	[2000]
209	1011002		30	IDLE	['放心，我的枪没有带过来这里。']	[2000]
210	1011002		50	IDLE	['别让我和那些聒噪的家伙一块儿就行。']	[2000]
211	1011002		50	IDLE	['对我来说，就是换个地方工作罢了。']	[2000]
212	1011002		50	IDLE	['如果没人打扰，我很愿意待在这。']	[2000]
213	1011002		50	IDLE	['指挥官也可以多待一会儿，你的那些小动静打扰不到我。']	[2000]
214	1011002		50	IDLE	['不用在意，只是在做些小玩意。']	[2000]
215	1011002		80	IDLE	['如果没人打扰，我很愿意待在这。']	[2000]
216	1011002		80	IDLE	['指挥官也可以多待一会儿，你的那些小动静打扰不到我。']	[2000]
217	1011002		80	IDLE	['不用在意，只是在做些小玩意。']	[2000]
218	1011002		80	IDLE	['在这里是挺轻松的。']	[2000]
219	1011002		100	IDLE	['放心吧，就算在这，只要你下达命令，我就会马上执行。']	[2000]
220	1011002		100	IDLE	['我不是不喜欢这种地方，只要你在就行。']	[2000]
221	1011002		100	IDLE	['指挥官，还有什么小把戏也一起使出来吧，放心，我不会戳穿你的']	[2000]
222	1011002		100	IDLE	['看来我又做了一个正确的决定，听你的话待在这里。']	[2000]
223	1011002		100	IDLE	['等我做完这个……就送给你吧。']	[2000]
224	1011002		30	IDLE	['啧。']	[2000]
225	1011002		30	IDLE	['嗯……']	[2000]
226	1011002		30	IDLE	['→_→']	[2000]
227	1011002		30	IDLE	['无聊……']	[2000]
228	1011002		30	IDLE	['没意思。']	[2000]
229	1011002		50	IDLE	['啧。']	[2000]
230	1011002		50	IDLE	['嗯……']	[2000]
231	1011002		50	IDLE	['→_→']	[2000]
232	1011002		50	IDLE	['无聊……']	[2000]
233	1011002		50	IDLE	['没意思。']	[2000]
234	1011002		80	IDLE	['哼、哼~']	[2000]
235	1011002		80	IDLE	['有事吗？']	[2000]
236	1011002		80	IDLE	['小心一点。']	[2000]
237	1011002		100	IDLE	['找我吗？']	[2000]
238	1011002		100	IDLE	['这个……还有这个，嗯。']	[2000]
239	1011002		100	IDLE	['伤脑筋。']	[2000]
240	1011002		100	IDLE	['快过来吧。']	[2000]
241	1011002		100	IDLE	['怎么了？']	[2000]
242	1011002			IDLE	['高负荷运转会导致构造体内部机能消耗成倍增加。', '也会加速珍稀零件的磨损速率。', '我说这么多你都还没明白构造体也是需要去床上休息一下的吗？']	[2000, 2000, 2000]
243	1011002			IDLE	['不错，还是知道开窍的。']	[2000]
244	1011002			IDLE	['看不出来你对这些小玩意还挺上心的。', '不过你是怎么样做到把它折腾成这副样子的？', '要我修也不是不行，只不过我现在太累了，想去坐坐。']	[2000, 2000, 2000]
245	1011002			IDLE	['逗你玩儿的，我歇会儿就去帮你修那个机器人。']	[2000]
246	1011002			IDLE	['我找不到我的精密螺旋钻了，该不会是你拿来用然后乱放了吧？', '我……咳，我知道你不会乱动我的东西。', '诶？你要帮我找吗？', '那……就拜托你找一下那些柜子吧。']	[2000, 2000, 2000, 2000]
247	1011002			IDLE	['找到了，抱歉……刚才……嗯，你想要个小机器人吗？']	[2000]
248	1011002			IDLE	['神威那家伙真是太吵了……', '但是谁让他现在编入了灰鸦呢。', '每次都在我耳边哔哩吧啦……']	[2000, 2000, 2000]
249	1011002			IDLE	['哼，放心吧，我不会打他的。']	[2000]
250	1011002			IDLE	['……', '嗯？你过来了啊……', '没什么，只不过研究方面有些瓶颈罢了，不用担心。', '真这么想让我开心起来……？', '那你就看着……安慰一下？']	[2000, 2000, 2000, 2000, 2000]
251	1011002			IDLE	['你、你怎么……怎么动手动脚的！']	[2000]
252	1011002			IDLE	['怎么？在找我？', '想问问我一些构造体的事？', '这个你去资料馆不就好了？', '想知道男性构造体的头发摸起来是什么触感……？']	[2000, 2000, 2000, 2000]
253	1011002			IDLE	['……不就是普通的感觉吗……倒是你的手，挺暖和的。']	[2000]
254	1011002			IDLE	['你今天挺闲的，战术布置之类的工作做好了吗？', '如果有不会的，问问我也是可以的。', '我会勉为其难地为你讲解分析。', '这可是非常难得的知识汲取机会~', '嗯？要奖励我？']	[2000, 2000, 2000, 2000, 2000]
255	1011002			IDLE	['摸、摸摸头也算奖励吗？！']	[2000]
256	1011002			IDLE	['你从丽芙那里学到的治愈方法？', '不用打针也不用机械辅助？', '想找我实验？', '行吧，那让我看看这个‘摸摸头’是什么治疗方法。']	[2000, 2000, 2000, 2000]
257	1011002			IDLE	['……这哪是治愈方法！我的意识海温度在上升……']	[2000]
258	1011002		80	IDLE	['之前你制定的战术很不错，尤其是配合的方面。', '干嘛，我从来不会吝啬自己的夸赞。', '想听的话，以后继续加油做好点吧。']	[2000, 2000, 2000]
259	1011002		80	IDLE	['嗯，你之前制定战斗计划我看了，还不错，有进步。', '怎么，我夸你你还不开心吗？', '像在表扬小孩子……？可能……是习惯吧……', '没有，难道对我们来说，你不是小孩子？']	[2000, 2000, 2000, 2000]
260	1011002		100	IDLE	['我对住的地方不挑剔，只要有能给我研究的工作台就行了。', '再说了，你不也在这里……', '咳。没有，你听错了，我什么都没说。']	[2000, 2000, 2000]
261	1011002		100	IDLE	['你怎么没事就在我眼前晃悠……', '对于我们来说，你就算换了姿势睡觉把头发压歪了我们也能对比出来啊。', '……我的意思真的不是我每天都在扫描你……']	[2000, 2000, 2000]
262	1011002		100	IDLE	['房间的布置怎么了吗？', '需要填充家具？', '对了，我在神威那儿发现了这个，应该能有点用吧？']	[2000, 2000, 2000]
263	1011002		100	IDLE	['啊，指挥官。', '之前在研究提升装备性能的时候剩下了很多零件。', '我拿去回收的时候换回了一些这个。', '这应该是对你有用的东西吧？']	[2000, 2000, 2000, 2000]
301	1041002		10	IDLE	['您好。']	[2000]
302	1041002		10	IDLE	['嗯？']	[2000]
303	1041002		10	IDLE	['想和我说什么？']	[2000]
304	1041002		10	IDLE	['我现在没有心情去聆听你说话。']	[2000]
305	1041002		30	IDLE	['您好。']	[2000]
306	1041002		30	IDLE	['嗯？']	[2000]
307	1041002		30	IDLE	['想和我说什么？']	[2000]
308	1041002		30	IDLE	['我……很冷淡吗？']	[2000]
309	1041002		30	IDLE	['我想我的弓箭需要保养了。']	[2000]
310	1041002		50	IDLE	['有的时候，诚心也不一定有用。']	[2000]
311	1041002		50	IDLE	['信仰是一种力量。']	[2000]
312	1041002		50	IDLE	['这里似乎没有祈祷间。']	[2000]
313	1041002		50	IDLE	['希望可以一直都安安静静地。']	[2000]
314	1041002		50	IDLE	['我不喜欢太吵闹的环境。']	[2000]
315	1041002		80	IDLE	['有的时候，诚心也不一定有用。']	[2000]
316	1041002		80	IDLE	['信仰是一种力量。']	[2000]
317	1041002		80	IDLE	['这里似乎没有祈祷间。']	[2000]
318	1041002		80	IDLE	['我不喜欢太吵闹的环境。']	[2000]
319	1041002		100	IDLE	['如果是指挥官，我很愿意与您交谈。']	[2000]
320	1041002		100	IDLE	['信仰不需要依靠环境，在心里足矣。']	[2000]
321	1041002		100	IDLE	['如果您有什么烦恼，可以向我倾诉。']	[2000]
322	1041002		100	IDLE	['即使外面冰天雪地，这里也一定会很温暖。']	[2000]
323	1041002		100	IDLE	['什么时候……才能再下雪呢？']	[2000]
324	1041002		30	IDLE	['……']	[2000]
325	1041002		30	IDLE	['怎么？']	[2000]
326	1041002		30	IDLE	['唉。']	[2000]
327	1041002		30	IDLE	['好吵……']	[2000]
328	1041002		30	IDLE	['=-=']	[2000]
329	1041002		50	IDLE	['……']	[2000]
330	1041002		50	IDLE	['怎么？']	[2000]
331	1041002		50	IDLE	['唉。']	[2000]
332	1041002		50	IDLE	['好吵……']	[2000]
333	1041002		50	IDLE	['=-=']	[2000]
334	1041002		80	IDLE	['0-0']	[2000]
335	1041002		80	IDLE	['您想听……圣歌吗？']	[2000]
336	1041002		80	IDLE	['我一直在。']	[2000]
337	1041002		100	IDLE	['0v0']	[2000]
338	1041002		100	IDLE	['……']	[2000]
339	1041002		100	IDLE	['您喜欢就好。']	[2000]
340	1041002		100	IDLE	['很高兴在这遇见您。']	[2000]
341	1041002		100	IDLE	['^_^']	[2000]
342	1041002			IDLE	['也许构造体的肉体不需要休息', '但是构造体的精神是需要的。', '我听说人类的床铺是可以治愈身体与精神的存在？']	[2000, 2000, 2000]
343	1041002			IDLE	['像雪一样呢……']	[2000]
344	1041002			IDLE	['您来了，指挥官，工作不忙吗？', '我才刚执行完任务回来。', '如果您需要，我可以陪您坐在沙发上聊天休息。']	[2000, 2000, 2000]
345	1041002			IDLE	['放松的状态下，可是可以聊很多事情的呢。']	[2000]
346	1041002			IDLE	['弓箭是我非常重要的武器，必须好好保养才行。', '但是我经常使用的保养液似乎不见了……', '指挥官，您愿意帮我去柜子附近找找吗？']	[2000, 2000, 2000]
347	1041002			IDLE	['十分感谢！']	[2000]
348	1041002			IDLE	['……', '嗯？您问我在思考什么？', '让您费心了……我在考虑卡列尼娜的事。', '虽然她并不严格算是清理部队的人，但是我还是希望她能多听听我的话。']	[2000, 2000, 2000, 2000]
349	1041002			IDLE	['您说得对，这种事儿得当面说清楚才行呢……']	[2000]
350	1041002			IDLE	['怎么了指挥官？一直盯着我看。', '刘海？乱了吗？', '您帮我梳整齐吗？', '那就麻烦您了。']	[2000, 2000, 2000, 2000]
351	1041002			IDLE	['谢谢、嗯……似乎有点让人不好意思。']	[2000]
352	1041002			IDLE	['呼……', '啊，指挥官您好。', '是的，我刚执行完任务回来。', '不辛苦，这是构造体的责任……', '要给我……小小的表扬？']	[2000, 2000, 2000, 2000, 2000]
353	1041002			IDLE	['好像疲劳都消失了呢……']	[2000]
354	1041002			IDLE	['喜欢待在这里吗？', '嗯，毕竟指挥官和大家都在。', '你和其他构造体也会进行的互动？想和我也进行吗？', '当然没问题，‘摸摸头’这种互动是完全可以接受的。']	[2000, 2000, 2000, 2000]
355	1041002			IDLE	['不过……能帮我问问其他构造体，他们互动完之后，会出现意识海升温的现象吗？']	[2000]
356	1041002			IDLE	['您从丽芙那儿学到的治疗方法？', '可是我并没有需要治疗的地方。', '当做护理保养也行？', '好吧，那让我试试看吧，这种名为‘摸摸头’的治疗方法。']	[2000, 2000, 2000, 2000]
357	1041002			IDLE	['嗯，我想一定是有用的——如果您这么相信的话。']	[2000]
358	1041002		80	IDLE	['欢迎回来，指挥官阁下。', '闲暇之余要和我一起练习弓术吗？']	[2000, 2000]
359	1041002		80	IDLE	['我最宝贝的物品？', '不，不是弓箭……', '弓箭只是作为我重要的武器……', '呵呵……啊，没有，我确实有最宝贝的事物……', '不过，暂时还不能告诉您。']	[2000, 2000, 2000, 2000, 2000]
360	1041002		100	IDLE	['我的信仰到底是什么？', '或许我曾经记得……', '但是现在来说，是我拥有的一切。']	[2000, 2000, 2000]
361	1041002		100	IDLE	['如何看待死亡……？', '只是好奇啊……我还以为您……', '死亡是个很深奥的问题，我惧怕着它，也不畏惧它……', '如果您感兴趣，我们可以找时间好好地聊一下。']	[2000, 2000, 2000, 2000]
362	1041002		100	IDLE	['您在苦恼些什么？', '嗯……我想我应该能帮上点忙。', '比如这个……您应该有用吧！']	[2000, 2000, 2000]
363	1041002		100	IDLE	['指挥官，您现在有空吗？', '我从清理部队的伙伴那里收到了这个。', '但是我觉得是您更有用的东西。']	[2000, 2000, 2000]
401	1051001		10	IDLE	['唔唔……别理我啦！']	[2000]
402	1051001		10	IDLE	['你好烦哦~！']	[2000]
403	1051001		10	IDLE	['干嘛啦！']	[2000]
404	1051001		10	IDLE	['人家现在不是很想理你啦！']	[2000]
405	1051001		30	IDLE	['唔唔……别理我啦！']	[2000]
406	1051001		30	IDLE	['你好烦哦~！']	[2000]
407	1051001		30	IDLE	['干嘛啦！']	[2000]
408	1051001		30	IDLE	['人家现在不是很想理你啦！']	[2000]
409	1051001		30	IDLE	['乖~乖~我现在没空~']	[2000]
410	1051001		50	IDLE	['唔姆，你想和七实玩吗？']	[2000]
411	1051001		50	IDLE	['七实有点想画画，这儿有纸和笔吗？']	[2000]
412	1051001		50	IDLE	['要是人多一点就好啦！']	[2000]
413	1051001		50	IDLE	['嗯嗯，还是挺有意思的嘛！']	[2000]
414	1051001		50	IDLE	['放心啦~七实会乖——乖地待在这里不乱跑哒！']	[2000]
415	1051001		80	IDLE	['唔姆，你想和七实玩吗？']	[2000]
416	1051001		80	IDLE	['七实有点想画画，这儿有纸和笔吗？']	[2000]
417	1051001		80	IDLE	['要是人多一点就好啦！']	[2000]
418	1051001		80	IDLE	['放心啦~七实会乖——乖地待在这里不乱跑哒！']	[2000]
419	1051001		100	IDLE	['七实好喜欢这里呀！']	[2000]
420	1051001		100	IDLE	['指挥官和七实一起住在这里不好咩？']	[2000]
421	1051001		100	IDLE	['七实想在这里安装一个超——大的夜视仪！']	[2000]
422	1051001		100	IDLE	['在这里，说不定能观察到很多构造体不为人知的一面哦！']	[2000]
423	1051001		100	IDLE	['指挥官~~你想不想~~让七实好好观察一下生活习性呀！']	[2000]
424	1051001		30	IDLE	['唔姆……']	[2000]
425	1051001		30	IDLE	['略略略！']	[2000]
426	1051001		30	IDLE	['不要啦——']	[2000]
427	1051001		30	IDLE	['什么事？']	[2000]
428	1051001		30	IDLE	['哼！']	[2000]
429	1051001		50	IDLE	['唔姆……']	[2000]
430	1051001		50	IDLE	['略略略！']	[2000]
431	1051001		50	IDLE	['不要啦——']	[2000]
432	1051001		50	IDLE	['什么事？']	[2000]
433	1051001		50	IDLE	['哼！']	[2000]
434	1051001		80	IDLE	['啦啦~七实~啦啦~?']	[2000]
435	1051001		80	IDLE	['嘿！嘿！Brother！']	[2000]
436	1051001		80	IDLE	['要和七实玩儿吗！']	[2000]
437	1051001		100	IDLE	['嘟噜嘟噜啪啪啪！']	[2000]
438	1051001		100	IDLE	['七实唱歌给你听吧~']	[2000]
439	1051001		100	IDLE	['盯——发现目标！']	[2000]
440	1051001		100	IDLE	['嗨呀！']	[2000]
441	1051001		100	IDLE	['o(*////▽////*)q']	[2000]
442	1051001			IDLE	['指挥官指挥官！！', '我看到宿舍里有床铺！', '听说这是人类难以拒绝的物品，七实也想试试！']	[2000, 2000, 2000]
443	1051001			IDLE	['哦……哦——！是很奇妙的触感呐！']	[2000]
444	1051001			IDLE	['呜哇——和大个子们打了一天的架，好累哦！', '可是等会儿还得出去呢……', '指挥官~陪我在沙发上休息一会儿嘛！']	[2000, 2000, 2000]
445	1051001			IDLE	['唔姆唔姆……坐着有点儿想睡觉……']	[2000]
446	1051001			IDLE	['唔……去哪儿呢……', '啊指挥官，你有看见七实的玩具吗？', '哎呀，人家就是忘记放哪儿了嘛！', '帮七实去柜子那边看看可以吗？']	[2000, 2000, 2000, 2000]
447	1051001			IDLE	['指挥官太厉害啦！谢谢指挥官！']	[2000]
448	1051001			IDLE	['七实呀，最喜欢人多热闹的地方啦！', '所以指挥官有机会的话！', '把大家都喊来这里玩嘛！']	[2000, 2000, 2000]
449	1051001			IDLE	['你答应了哦！我知道你一定答应了！Yeah！']	[2000]
450	1051001			IDLE	['嘿！嘿——我躲——！', '啊！还是被指挥官抓到啦！', '可是我们是铁做的耶，你真的要弹我的脑门吗？', '不然，你就摸一摸七实的小脑阔吧！']	[2000, 2000, 2000, 2000]
451	1051001			IDLE	['嘿嘿~这样对你我都好嘛~']	[2000]
452	1051001			IDLE	['指挥官——指挥官——', '哎呀——我才不是在撒娇呢！', '咘咘——但是想摸摸头是真哒！']	[2000, 2000, 2000]
453	1051001			IDLE	['唔姆，我只是很喜欢指挥官这样对我啦！']	[2000]
454	1051001			IDLE	['啊啦啦？指挥官从丽芙小姐姐那里知道的治疗方法？', '那你等等——', '嗯？要去哪里？', '当然是去受点伤来给你治疗哇！', '诶？摸摸头？']	[2000, 2000, 2000, 2000, 2000]
455	1051001			IDLE	['什么啊——原来这个方法就是摸摸头呀！']	[2000]
456	1051001			IDLE	['（警觉！）', '哈！你想干什么呀指挥官！', '被我抓住了吧~', '嗯？只是想摸摸头吗~！']	[2000, 2000, 2000, 2000]
457	1051001			IDLE	['这个当然——没问题呀！']	[2000]
458	1051001		80	IDLE	['唔姆，指挥官指挥官，你喜不喜欢七实呀？', '真哒？喜欢七实吗！', '那，七实给你画了张画，一定不能嫌弃哦！', '诶？这个画的是指挥官啦，才不是什么奇怪的符咒！']	[2000, 2000, 2000, 2000]
459	1051001		80	IDLE	['嗯？怎么了吗指挥官~', '干嘛，人家就不能有安静的时候吗？', '这么安静，当然是在思考问题呀~', '……思考生命与死亡……逗你的啦！']	[2000, 2000, 2000, 2000]
460	1051001		100	IDLE	['指挥官，你知道七实这个名字的含义吗？', '虽然说是制造者起的啦……', '但我想您也许知道背后的含义？']	[2000, 2000, 2000]
461	1051001		100	IDLE	['七实说不定有一天，就不见啦……', '所以……指挥官一定要对七实好一点呀……', '噗……哈哈哈~', '你猜，我是不是在逗你玩呢？']	[2000, 2000, 2000, 2000]
462	1051001		100	IDLE	['指挥官指挥官！', '你看！这个！', '哎呀，给你就给你嘛，你管七实在哪儿弄到的呢~！']	[2000, 2000, 2000]
463	1051001		100	IDLE	['人类似乎对这一类东西很执着诶……', '这东西这么好吗~', '好的话，那就送给你吧~指挥官~']	[2000, 2000, 2000]
501	1061002		10	IDLE	['唔……']	[2000]
502	1061002		10	IDLE	['啧……']	[2000]
503	1061002		10	IDLE	['别凑过来……']	[2000]
504	1061002		10	IDLE	['没有这个心情啦……']	[2000]
505	1061002		30	IDLE	['唔……']	[2000]
506	1061002		30	IDLE	['啧……']	[2000]
507	1061002		30	IDLE	['别凑过来……']	[2000]
508	1061002		30	IDLE	['没有这个心情啦……']	[2000]
509	1061002		30	IDLE	['你不用休息吗，指挥官。']	[2000]
510	1061002		50	IDLE	['这里有空地给我训练吗？']	[2000]
511	1061002		50	IDLE	['这里能照到太阳吗？']	[2000]
512	1061002		50	IDLE	['你会每天来看我吗？']	[2000]
513	1061002		50	IDLE	['似乎有点平和过头了呢……']	[2000]
514	1061002		50	IDLE	['让我到处看看吧，说不定能发现什么好玩的！']	[2000]
515	1061002		80	IDLE	['让我到处看看吧，说不定能发现什么好玩的！']	[2000]
516	1061002		80	IDLE	['这里能照到太阳吗？']	[2000]
517	1061002		80	IDLE	['你会每天来看我吗？']	[2000]
518	1061002		80	IDLE	['似乎有点平和过头了呢……']	[2000]
519	1061002		100	IDLE	['你在的话，我会喜欢这里的。']	[2000]
520	1061002		100	IDLE	['和突击鹰的宿舍比有什么不同？那边没有你呀！']	[2000]
521	1061002		100	IDLE	['如果住在一起的都是有意思的构造体就好啦！']	[2000]
522	1061002		100	IDLE	['指挥官，要一起早起锻炼吗？']	[2000]
523	1061002		100	IDLE	['如果你今天没有见到太阳的话，可以来这里见见我呀！']	[2000]
524	1061002		30	IDLE	['……']	[2000]
525	1061002		30	IDLE	['哎呀……']	[2000]
526	1061002		30	IDLE	['嗯、嗯……']	[2000]
527	1061002		30	IDLE	['没什么事的话……']	[2000]
528	1061002		30	IDLE	['0-0']	[2000]
529	1061002		50	IDLE	['……']	[2000]
530	1061002		50	IDLE	['哎呀……']	[2000]
531	1061002		50	IDLE	['嗯、嗯……']	[2000]
532	1061002		50	IDLE	['没什么事的话……']	[2000]
533	1061002		50	IDLE	['0-0']	[2000]
534	1061002		80	IDLE	['嚯——哈！']	[2000]
535	1061002		80	IDLE	['一起来ヽ(￣ω￣(￣ω￣〃)ゝ']	[2000]
536	1061002		80	IDLE	['和我玩嘛指挥官！']	[2000]
537	1061002		100	IDLE	['神威~神威~大神威~']	[2000]
538	1061002		100	IDLE	['呀——嘿——！吃我必杀技——！']	[2000]
539	1061002		100	IDLE	['喔、喔哦！']	[2000]
540	1061002		100	IDLE	['我超厉害！']	[2000]
541	1061002		100	IDLE	['想个新的必杀口号先……']	[2000]
542	1061002			IDLE	['喔！这个！我认得这个！', '我在突击鹰听到过这个叫做床铺的东西！', '听说它会吞噬人类的意志力，真的吗？', '嗯？让我试试……？']	[2000, 2000, 2000, 2000]
543	1061002			IDLE	['总、总之！我今晚就待在这里挑战他了！']	[2000]
544	1061002			IDLE	['离出战还有好一会儿呢……', '这段时间要做些什么吗？比如深蹲……', '诶？你说就在沙发上休息一下吗？', '我听你的！']	[2000, 2000, 2000, 2000]
545	1061002			IDLE	['这个坐着还挺舒服的！']	[2000]
546	1061002			IDLE	['奇怪了……去哪了……', '哇啊，指挥官你什么时候来的？', '没没没没没……我才没有又把你送我的武器保养剂弄丢……', '对不起嘛……指挥官能帮我去柜子里找找吗？']	[2000, 2000, 2000, 2000]
547	1061002			IDLE	['哇！感谢指挥官！我一定会好好保管的！']	[2000]
548	1061002			IDLE	['里这个家伙，为什么一定要和他聊战术布局啊——', '虽然他这方面是很厉害啦……', '可是……', '好吧，既然是指挥官的命令，那我就去和他聊聊天吧。']	[2000, 2000, 2000, 2000]
549	1061002			IDLE	['虽然依旧躲不过吵架，但是还是有学到一点啦！']	[2000]
550	1061002			IDLE	['嗯？指挥官你找我有事吗？', '按照你说的做？', '睁大眼睛，手捧着脸……蹲、蹲下来？', '这样？总觉得像某种生物……你要做什么？', '摸摸头？']	[2000, 2000, 2000, 2000, 2000]
551	1061002			IDLE	['这种生物是人类成为狗的……那个吗？']	[2000]
552	1061002			IDLE	['呼！没出战的时候，打上一两场训练赛，再爽快不过啦！', '不要拼过头？', '谢谢关心啦，其实还好呢。', '而且，如果不变得更厉害，怎么保护指挥官呢？', '说好话还有奖励？那就奖励你摸摸我的头吧！']	[2000, 2000, 2000, 2000, 2000]
553	1061002			IDLE	['我说的，其实是真心话啦！才不是特意讨好你~']	[2000]
554	1061002			IDLE	['丽芙告诉你的新治疗方法？还没跟里说过？', '好啊好啊我当然要试试！', '好的好的，我准备好啦！', '嗯？把头凑到你面前？']	[2000, 2000, 2000, 2000]
555	1061002			IDLE	['原、原来是摸摸头呀！嗯，我有被治愈到！']	[2000]
556	1061002			IDLE	['我好像，察觉到了什么！', '啊哈！我就知道是指挥官！', '什么什么？原本想偷袭我？', '啊、啊……好啦，我让你偷袭就是啦！', '你想用什么招式偷袭？啊、啊？摸摸头攻击？']	[2000, 2000, 2000, 2000, 2000]
557	1061002			IDLE	['哈哈哈，你想的话，我当然会让你摸个爽的啦！']	[2000]
558	1061002		80	IDLE	['开心也是一天，不开心也是一天，那当然要开心地过一天呀！', '什么叫这哲理一定不是我说的！', '虽然、虽然确实不是啦，但是我觉得很对嘛！', '所以，指挥官也来笑一下呀！']	[2000, 2000, 2000, 2000]
559	1061002		80	IDLE	['我知道构造体要保持意识海的平稳……', '但是那件事确实对我影响很深……', '啊，不要紧啦，我已经没事了哦！', '我只是，希望能把指挥官放在我的意识海里，这样我一定不会偏离意识轨道……']	[2000, 2000, 2000, 2000]
560	1061002		100	IDLE	['指挥官，你知道有一种花叫太阳花吗？', '它的代表含义是不畏艰难。', '和您在一起，我就会不畏艰难哦。']	[2000, 2000, 2000]
561	1061002		100	IDLE	['这里和战场不一样，意识海都格外放松呢！', '虽然是这么说，但是也有不安的时候啦……', '怎么回事我也不知道，不过，指挥官一来，这个症状就没有啦！']	[2000, 2000, 2000]
562	1061002		100	IDLE	['指挥官指挥官！', '我知道这个东西对你很有用。', '但是我明明藏了很多在房间里，现在就只剩这么一点儿了……']	[2000, 2000, 2000]
563	1061002		100	IDLE	['指挥官，你在烦恼什么吗？说不定我可以帮你！', '这个，我好像还真的能帮忙……', '你看看是不是这个！是的话就送给你啦！']	[2000, 2000, 2000]
601	1071002		10	IDLE	['……']	[2000]
602	1071002		10	IDLE	['别烦我！']	[2000]
603	1071002		10	IDLE	['离我远点。']	[2000]
604	1071002		10	IDLE	['皮痒了？']	[2000]
605	1071002		30	IDLE	['……']	[2000]
606	1071002		30	IDLE	['别烦我！']	[2000]
607	1071002		30	IDLE	['啧。']	[2000]
608	1071002		30	IDLE	['皮痒了？']	[2000]
609	1071002		30	IDLE	['别在我眼前晃来晃去。']	[2000]
610	1071002		50	IDLE	['我只在这待一会。']	[2000]
611	1071002		50	IDLE	['别以为我很喜欢这里。']	[2000]
612	1071002		50	IDLE	['让我一个人坐着吧。']	[2000]
613	1071002		50	IDLE	['呼……放心，我不打人。']	[2000]
614	1071002		50	IDLE	['在这里我不会轻举妄动的。']	[2000]
615	1071002		80	IDLE	['在这里我不会轻举妄动的。']	[2000]
616	1071002		80	IDLE	['别以为我很喜欢这里。']	[2000]
617	1071002		80	IDLE	['让我一个人坐着吧。']	[2000]
618	1071002		80	IDLE	['呼……放心，我不打人。']	[2000]
619	1071002		100	IDLE	['……我再多留一会儿。']	[2000]
620	1071002		100	IDLE	['既然你要求了，我就暂时不走。']	[2000]
621	1071002		100	IDLE	['露西亚也会住在这样的地方吗？那我也住着吧。']	[2000]
622	1071002		100	IDLE	['你不走的话，我就不走。']	[2000]
623	1071002		100	IDLE	['谁稀罕在这休息……要不是你……咳咳，没什么。']	[2000]
624	1071002		30	IDLE	['……']	[2000]
625	1071002		30	IDLE	['啧。']	[2000]
626	1071002		30	IDLE	['让开。']	[2000]
627	1071002		30	IDLE	['小心我打人。']	[2000]
628	1071002		30	IDLE	['=-=']	[2000]
629	1071002		50	IDLE	['……']	[2000]
630	1071002		50	IDLE	['啧。']	[2000]
631	1071002		50	IDLE	['让开。']	[2000]
632	1071002		50	IDLE	['小心我打人。']	[2000]
633	1071002		50	IDLE	['开玩笑的，我不打人。']	[2000]
634	1071002		80	IDLE	['哼。']	[2000]
635	1071002		80	IDLE	['不，我不唱歌。']	[2000]
636	1071002		80	IDLE	['有事找我？']	[2000]
637	1071002		100	IDLE	['勉勉强强。']	[2000]
638	1071002		100	IDLE	['我就是想看看你在这里会做什么。']	[2000]
639	1071002		100	IDLE	['我才没有专门为了你……']	[2000]
640	1071002		100	IDLE	['你要去哪？']	[2000]
641	1071002		100	IDLE	['切……我才不会离开……']	[2000]
642	1071002			IDLE	['什么？这是连露西亚都会被打败的武器？', '看上去……不就是人类的床铺？', '哼，那我也来挑战一下！']	[2000, 2000, 2000]
643	1071002			IDLE	['我、我我不会被打败的！']	[2000]
644	1071002			IDLE	['这个是沙发？', '嗯，听说过。', '在外面随便什么地方都能休整，没必要专门为了一个沙发。', '既、既然你说了，那我就试试呗。']	[2000, 2000, 2000, 2000]
645	1071002			IDLE	['还行吧，勉勉强强……挺舒服的……']	[2000]
646	1071002			IDLE	['……啧，去哪了！！', '喂，是不是你把我的能源补充剂拿走了？', '……咳，想也知道你们人类不需要这些。', '那、那帮……那给我去柜子那边找找吧。']	[2000, 2000, 2000, 2000]
647	1071002			IDLE	['……你还真找到了……谢……谢谢。']	[2000]
648	1071002			IDLE	['我的宿敌，只有露西亚一个人。', '总有一天我要打败她！']	[2000, 2000]
649	1071002			IDLE	['如果见到露西亚，我一定会和她比试一番！']	[2000]
650	1071002			IDLE	['你盯着我看很久了，想做什么？', '哈？低头？', '你这是，想用手触碰我身上最精密的部位？', '……就这一次。']	[2000, 2000, 2000, 2000]
651	1071002			IDLE	['……感、感觉是不坏啦……']	[2000]
652	1071002			IDLE	['……你出来吧。', '怎么，在这里蹲点了这么久……', '想做什么？', '想偷袭的话，你还嫩了点。']	[2000, 2000, 2000, 2000]
653	1071002			IDLE	['……只是摸摸头的话你直接说不就行了……']	[2000]
654	1071002			IDLE	['从丽芙那儿知道的治疗方法？', '虽然我对灰鸦的成员都很微妙……', '不过你如果执意想在我身上试试……', '嗯？只是摸摸头而已不要紧张？？']	[2000, 2000, 2000, 2000]
655	1071002			IDLE	['我、我、我、我才没有紧张！']	[2000]
656	1071002			IDLE	['你和露西亚他们也经常这么做……', '我，我我不能落后露西亚！', '所以，摸摸头什么的你也可以对我做啊！']	[2000, 2000, 2000]
657	1071002			IDLE	['我才没有很开心呢……']	[2000]
658	1071002		80	IDLE	['露西亚很强，所以我要超过她。', '哈？成为第一强的构造体不是每个构造体的心愿吗？', '而且……变强了才能保护重要的人吧……']	[2000, 2000, 2000]
659	1071002		80	IDLE	['什么？我可没说我不喜欢这里。', '再艰苦的环境也体验过……', '更何况……', '咳，你今天什么时候走？多待一会儿也不要紧的吧！']	[2000, 2000, 2000, 2000]
660	1071002		100	IDLE	['叽叽喳喳的……烦死了。', '让我一个人一间房？', '……不需要，我还没有娇弱到那种地步。', '我勉为其难地让你们烦着吧。']	[2000, 2000, 2000, 2000]
661	1071002		100	IDLE	['嗯~果然在大打一场之后身心舒畅！', '我训练太拼了？', '突击鹰那小子不也很拼吗？', '你在担心我？', '……不、不用担心……我训练，变强……也是为了……']	[2000, 2000, 2000, 2000, 2000]
662	1071002		100	IDLE	['不过是休整的地方，没必要耗费掉这么多心神吧？', '你这么坚持的话……', '给，这个你应该会有用吧。']	[2000, 2000, 2000]
663	1071002		100	IDLE	['要这些东西？', '反正对我来说是没差。', '这些是我在战场上找到的，大发慈悲地给你好了。']	[2000, 2000, 2000]
701	1081002		10	IDLE	['……']	[2000]
702	1081002		10	IDLE	['请不要过来烦我。']	[2000]
703	1081002		10	IDLE	['有事找我吗？']	[2000]
704	1081002		10	IDLE	['抱歉，现在不是很想说话。']	[2000]
705	1081002		30	IDLE	['……']	[2000]
706	1081002		30	IDLE	['请不要过来烦我。']	[2000]
707	1081002		30	IDLE	['有事找我吗？']	[2000]
708	1081002		30	IDLE	['抱歉，现在不是很想说话。']	[2000]
709	1081002		30	IDLE	['待会儿再聊聊吧，我现在想歇一下。']	[2000]
710	1081002		50	IDLE	['嗯，这里的环境还是不错的。']	[2000]
711	1081002		50	IDLE	['遗忘者的基地，也有这样的休息室。']	[2000]
712	1081002		50	IDLE	['指挥官，有空的话也来聊聊天如何？']	[2000]
713	1081002		50	IDLE	['就算是休息室，也要遵守规矩才行。']	[2000]
714	1081002		50	IDLE	['我还以为在这里能看到些不一样的物品。']	[2000]
715	1081002		80	IDLE	['嗯，这里的环境还是不错的。']	[2000]
716	1081002		80	IDLE	['遗忘者的基地，也有这样的休息室。']	[2000]
717	1081002		80	IDLE	['指挥官，有空的话也来聊聊天如何？']	[2000]
718	1081002		80	IDLE	['就算是休息室，也要遵守规矩才行。']	[2000]
719	1081002		100	IDLE	['在这里待着，会有很舒心的感觉。']	[2000]
720	1081002		100	IDLE	['意识海好久没有如此平静过。']	[2000]
721	1081002		100	IDLE	['我其实不介意他们在这里跑来跑去。']	[2000]
722	1081002		100	IDLE	['你的命令就是我的规则，所以你让我待在这里，我就不会走。']	[2000]
723	1081002		100	IDLE	['如果你也在这里的话，就更好了。']	[2000]
724	1081002		30	IDLE	['……']	[2000]
725	1081002		30	IDLE	['啧。']	[2000]
726	1081002		30	IDLE	['没什么。']	[2000]
727	1081002		30	IDLE	['有事？']	[2000]
728	1081002		30	IDLE	['=-=']	[2000]
729	1081002		50	IDLE	['……']	[2000]
730	1081002		50	IDLE	['啧。']	[2000]
731	1081002		50	IDLE	['没什么。']	[2000]
732	1081002		50	IDLE	['有事？']	[2000]
733	1081002		50	IDLE	['=-=']	[2000]
734	1081002		80	IDLE	['啦、啦……抱歉，这是首老歌了。']	[2000]
735	1081002		80	IDLE	['嗯？过来找我吗？']	[2000]
736	1081002		80	IDLE	['道路上最好不要放障碍物。']	[2000]
737	1081002		100	IDLE	['能放个武器架吗？']	[2000]
738	1081002		100	IDLE	['很不错嘛。']	[2000]
739	1081002		100	IDLE	['想要聊聊吗？']	[2000]
740	1081002		100	IDLE	['指挥官，过来休息吗？']	[2000]
741	1081002		100	IDLE	['^_^']	[2000]
742	1081002			IDLE	['这个物品我见到过的，是名称为床铺的东西。', '不过我见过的可没有这么洁白柔软……', '这个看上去，就像大雪过后的地面。']	[2000, 2000, 2000]
743	1081002			IDLE	['嗯，真的非常柔软……很容易沉溺其中……']	[2000]
744	1081002			IDLE	['离出战还有一段时间，指挥官。', '今天的战役或许会很辛苦。', '不过您不要过分紧张，有我们在呢。', '来沙发上坐一会儿吧，和我一起。']	[2000, 2000, 2000, 2000]
745	1081002			IDLE	['有我们在，您不会受到任何伤害的。']	[2000]
746	1081002			IDLE	['抱歉，请问您见到我从遗忘者基地带来的包裹吗？', '……我不是说您动了我东西。', '是我过于着急了……', '能麻烦您去柜子附近找找看吗？']	[2000, 2000, 2000, 2000]
747	1081002			IDLE	['谢谢，我下次会……更加从容一点的。']	[2000]
748	1081002			IDLE	['无规矩不成方圆，神威那小子和疯丫头还有卡列尼娜，总是大吵大闹的……', '我只是担心他们影响其他人。', '嗯，我会找他们聊聊的。']	[2000, 2000, 2000]
749	1081002			IDLE	['不过，他们也是看见您来太开心了吧。']	[2000]
750	1081002			IDLE	['怎么了？这么着急让我过来。', '低下头？', '这是……这是什么新型的锻炼头部的方式吗？']	[2000, 2000, 2000]
751	1081002			IDLE	['摸摸头？唔……没什么不适。']	[2000]
752	1081002			IDLE	['作为男性构造体，身高一般也会设定得更高一些。', '所以指挥官伸着手，是想做什么？', '摸摸头？真是奇怪的要求……']	[2000, 2000, 2000]
753	1081002			IDLE	['嗯……下次我会主动弯下腰让您抚摸的。']	[2000]
754	1081002			IDLE	['从丽芙小姐那里学会的治愈方法？', '丽芙小姐是很聪明的构造体。', '我想她的方法一定很有用。', '嗯？摸摸头就行了？']	[2000, 2000, 2000, 2000]
755	1081002			IDLE	['不知为何，意识海似乎舒畅了很多……']	[2000]
756	1081002			IDLE	['头部是很精密的部件，大部分构造体都不会允许人类随意触碰的。', '嗯，但是我也知道……', '您是特别的存在……']	[2000, 2000, 2000]
757	1081002			IDLE	['我可以，让您随心触碰。']	[2000]
758	1081002		80	IDLE	['这里是指挥官细心布置的吧？', '能感受到指挥官的心思呢。', '大家似乎也都很喜欢这里。', '嗯？当然，我也很喜欢。']	[2000, 2000, 2000, 2000]
759	1081002		80	IDLE	['这里和遗忘者的基地有几分相似……', '不，我不是说功能方面的问题……', '应该是……感觉吧？', '都是让人觉得十分舒心的地方。']	[2000, 2000, 2000, 2000]
760	1081002		100	IDLE	['您的命令是我最高的行为准则。', '就算是在这里……', '只要您一声令下，我也会成为您的利刃出战。']	[2000, 2000, 2000]
761	1081002		100	IDLE	['我想……这里和遗忘者基地最大的不同……', '是因为……', '咳，是因为有你在吧。']	[2000, 2000, 2000]
762	1081002		100	IDLE	['你想要更多的布置用品？', '唔，我想我应该能帮上点什么。', '比如这个？']	[2000, 2000, 2000]
763	1081002		100	IDLE	['您是在苦恼些什么？', '物资的话……', '是这个没错吧？来，给您。']	[2000, 2000, 2000]
801	1021002		10	IDLE	['无聊。']	[2000]
802	1021002		10	IDLE	['无需管我。']	[2000]
803	1021002		10	IDLE	['不知道外面是否下雨了…']	[2000]
804	1021002		10	IDLE	['如果没有必要，就别让我待在这里。']	[2000]
805	1021002		30	IDLE	['无聊。']	[2000]
806	1021002		30	IDLE	['无需别管我。']	[2000]
807	1021002		30	IDLE	['不知道外面是否下雨了…']	[2000]
808	1021002		30	IDLE	['如果没有必要，就别让我待在这里。']	[2000]
809	1021002		30	IDLE	['不想我下次拿着花来见你，就不要烦我。']	[2000]
810	1021002		50	IDLE	['会有人来敲门吗？']	[2000]
811	1021002		50	IDLE	['偶尔在这里休息一下也挺好。']	[2000]
812	1021002		50	IDLE	['在这里还可以见到平时很少见到的伙伴。']	[2000]
813	1021002		50	IDLE	['这里有点像我以前居住的地方……我是指，有床。']	[2000]
814	1021002		50	IDLE	['发型是别人设计的，不过我也没意见就是了。']	[2000]
815	1021002		80	IDLE	['发型是别人设计的，不过我也没意见就是了。']	[2000]
816	1021002		80	IDLE	['偶尔在这里休息一下也挺好。']	[2000]
817	1021002		80	IDLE	['在这里还可以见到平时很少见到的伙伴。']	[2000]
818	1021002		80	IDLE	['这里有点像我以前居住的地方……我是指，有床。']	[2000]
819	1021002		100	IDLE	['我会好好地待在这的。']	[2000]
820	1021002		100	IDLE	['指挥官为什么不一起来呢？']	[2000]
821	1021002		100	IDLE	['我们的征程是星辰大海？似乎是哪位前辈的名言。']	[2000]
822	1021002		100	IDLE	['私下里当然会有轻松的状态的。']	[2000]
823	1021002		100	IDLE	['我把刀收起来了，要是不介意，你可以坐在我身边。']	[2000]
824	1021002		30	IDLE	['……']	[2000]
825	1021002		30	IDLE	['嗯……']	[2000]
826	1021002		30	IDLE	['我看看']	[2000]
827	1021002		30	IDLE	['找我吗？']	[2000]
828	1021002		30	IDLE	['=-=']	[2000]
829	1021002		50	IDLE	['?~']	[2000]
830	1021002		50	IDLE	['∑0-0']	[2000]
831	1021002		50	IDLE	['我看看']	[2000]
832	1021002		50	IDLE	['找我吗？']	[2000]
833	1021002		50	IDLE	['=-=']	[2000]
834	1021002		80	IDLE	['0v0']	[2000]
835	1021002		80	IDLE	['哼~?~哼~?~']	[2000]
836	1021002		80	IDLE	['你来啦？']	[2000]
837	1021002		100	IDLE	['0v0']	[2000]
838	1021002		100	IDLE	['哼~?~哼~?~']	[2000]
839	1021002		100	IDLE	['哗！']	[2000]
840	1021002		100	IDLE	['你来啦？']	[2000]
841	1021002		100	IDLE	"['(,,??ω?)ノ""']"	[2000]
842	1021002			IDLE	['虽然构造体无法累积疲劳值。', '但是床铺看上去很柔软的样子……', '人类似乎每天早上都难以离开它。']	[2000, 2000, 2000]
843	1021002			IDLE	['嗯……是很温柔的触感。']	[2000]
844	1021002			IDLE	['还没有到出战时间吗？', '那还可以再多休息一会儿。', '我记得指挥官似乎说过瘫坐在沙发上会很舒服。']	[2000, 2000, 2000]
845	1021002			IDLE	['确、确实呢……好舒服']	[2000]
846	1021002			IDLE	['指挥官，非常不好意思……', '手臂上的零件似乎在更换过程中掉在地上了……', '刚才一直在找，没有注意到您……', '您说要帮我找找？那可以请您去柜子附近看看吗？']	[2000, 2000, 2000, 2000]
847	1021002			IDLE	['感谢，这种零件，虽然小，但是确实是不可或缺的呢……']	[2000]
848	1021002			IDLE	['偶尔也会想偷一下懒，虽然这应该是不会被允许的吧……', '嗯？指挥官允许我们再继续休息吗？']	[2000, 2000]
849	1021002			IDLE	['啊~开心了！']	[2000]
850	1021002			IDLE	['啊……那件武器？', '没记错的话，它在上一场的战斗里报废了。', '其实它用起来，还挺趁手的，可惜了。']	[2000, 2000, 2000]
851	1021002			IDLE	['我没有不开心啦，谢谢指挥官，心情确实好多了。']	[2000]
852	1021002			IDLE	['指挥官？怎么有空过来了？', '伊甸的工作都安排好了吗？']	[2000, 2000]
853	1021002			IDLE	['能过来坐坐也挺好的，指挥官。']	[2000]
854	1021002			IDLE	['以前也见过些小装饰品，我还挺喜欢的。', '啊，不是说一定要放在宿舍里……', '反正那些装饰品也不一定能找到了……', '失落？不……构造体不会有这些感情……']	[2000, 2000, 2000, 2000]
855	1021002			IDLE	['但是现在这样也很好，不是吗？']	[2000]
856	1021002			IDLE	['待在这里会让意识海很放松。', '毕竟就算是机器，也需要休整的。', '如果所连接认证的指挥官也在的话，一定会更好。']	[2000, 2000, 2000]
857	1021002			IDLE	['谢谢，指挥官。']	[2000]
858	1021002		80	IDLE	['啊，这是我之前使用的刀？', '似乎是被打造成装饰品了。', '听说是因为见证了我的荣耀与伤痕……可那不过是我应当做的。']	[2000, 2000, 2000]
859	1021002		80	IDLE	['诶？刚才传达了集合讯号吗？', '很抱歉，我并没有听到……', '不知不觉就在这里待了很久……可能因为这里是和你有关的场所吧。']	[2000, 2000, 2000]
860	1021002		100	IDLE	['窗户？对于构造体来说，有没有都无所谓吧。', '只不过，要是能看见天空，一定很棒。', '我和您现在努力的目标，不正是蔚蓝的天空吗？']	[2000, 2000, 2000]
861	1021002		100	IDLE	['大部分时间我都在经历过战乱，很少能像现在这样。', '不过，我们可没有后悔或者抱怨过。', '毕竟未来，我们想要和您一起，在地球上生活。']	[2000, 2000, 2000]
862	1021002		100	IDLE	['指挥官在苦恼房间的布置吗？', '有需要的话可以让我来帮忙的。', '至少……物资方面我可以出一些力？']	[2000, 2000, 2000]
863	1021002		100	IDLE	['宿舍用品似乎是消耗一些特殊的零件换来的？', '虽然只是见过一两次……', '但是应该没弄错吧？这个给您。']	[2000, 2000, 2000]
901	1031002		10	IDLE	['希望这里的配套设备能齐全点。']	[2000]
902	1031002		10	IDLE	['我就在这里待着，不会打扰你的。']	[2000]
903	1031002		10	IDLE	['待在这里不需要做什么吧？']	[2000]
904	1031002		10	IDLE	['那些玩偶……不，我不会碰他们的。']	[2000]
905	1031002		30	IDLE	['希望这里的配套设备能齐全点。']	[2000]
906	1031002		30	IDLE	['我就在这里待着，不会打扰你的。']	[2000]
907	1031002		30	IDLE	['待在这里不需要做什么吧？']	[2000]
908	1031002		30	IDLE	['那些玩偶……不，我不会碰他们的。']	[2000]
909	1031002		30	IDLE	['需要的话，就算是休息，您也可以让我来帮忙哦。']	[2000]
910	1031002		50	IDLE	['我喜欢安静的地方。']	[2000]
911	1031002		50	IDLE	['指挥官是希望我待在这里的吗？']	[2000]
912	1031002		50	IDLE	['这里可比我以前的宿舍要好。']	[2000]
913	1031002		50	IDLE	['这里的光，和星辰有几分相似。']	[2000]
914	1031002		50	IDLE	['需要的话，就算是休息，您也可以让我来帮忙哦。']	[2000]
915	1031002		80	IDLE	['我喜欢安静的地方。']	[2000]
916	1031002		80	IDLE	['指挥官是希望我待在这里的吗？']	[2000]
917	1031002		80	IDLE	['这里可比我以前的宿舍要好。']	[2000]
918	1031002		80	IDLE	['这里的光，和星辰有几分相似。']	[2000]
919	1031002		100	IDLE	['呼~似乎连意识海都清爽了起来~']	[2000]
920	1031002		100	IDLE	['人类是用温馨来形容这种温暖的感觉吗？']	[2000]
921	1031002		100	IDLE	['这里有很多未知的数据和物品，可得好好分析一下！']	[2000]
922	1031002		100	IDLE	['你好像很喜欢这里？那没办法啦，丽芙就再多陪你一会儿。']	[2000]
923	1031002		100	IDLE	['在这里可以一起看日出日落吗？']	[2000]
924	1031002		30	IDLE	['啊……']	[2000]
925	1031002		30	IDLE	['嗯。']	[2000]
926	1031002		30	IDLE	['这、这个嘛……']	[2000]
927	1031002		30	IDLE	['唔……']	[2000]
928	1031002		30	IDLE	['唔……']	[2000]
929	1031002		50	IDLE	['啊……']	[2000]
930	1031002		50	IDLE	['嗯。']	[2000]
931	1031002		50	IDLE	['这、这个嘛……']	[2000]
932	1031002		50	IDLE	['唔……']	[2000]
933	1031002		50	IDLE	['唔……']	[2000]
934	1031002		80	IDLE	['?(? ???A??? ?)?']	[2000]
935	1031002		80	IDLE	['哼~?~哼~?~']	[2000]
936	1031002		80	IDLE	['∑0-0啊呀！']	[2000]
937	1031002		100	IDLE	['啦~?~啦~?~']	[2000]
938	1031002		100	IDLE	"['(,,??ω?)ノ""']"	[2000]
939	1031002		100	IDLE	['加、加油鸭！']	[2000]
940	1031002		100	IDLE	['指挥官说，要多笑一笑。']	[2000]
941	1031002		100	IDLE	['……']	[2000]
942	1031002			IDLE	['软乎乎的被子是另一种方面的治愈方法。', '它治愈的是那些看不见的伤口。', '诶？可以吗？让我也躺上去试试……']	[2000, 2000, 2000]
943	1031002			IDLE	['好像都不愿离开了呢。']	[2000]
944	1031002			IDLE	['您这是又逃避工作了吗？', '你这样我也很苦恼呀指挥官……', '不然，丽芙就陪您一起在沙发上休息一会儿吧！']	[2000, 2000, 2000]
945	1031002			IDLE	['似乎偶尔偷偷懒也不错呢……']	[2000]
946	1031002			IDLE	['盯——', '那个指挥官……', '请问你有看到我放在这儿的包裹吗？', '不、不是，我没有怀疑是你拿走……', '那可以和我一起去柜子附近找找吗？']	[2000, 2000, 2000, 2000, 2000]
947	1031002			IDLE	['找到了！太感谢你啦指挥官！']	[2000]
948	1031002			IDLE	['嗯……', '虽然露西亚说已经没问题了……', '但是手臂毕竟是配适度严格的部件……', '希望露西亚已经能适用她新的手臂吧！']	[2000, 2000, 2000, 2000]
949	1031002			IDLE	['露西亚压力也不小，我也得在战场上更努力才行呢！']	[2000]
950	1031002			IDLE	['指挥官怎么来了？是要准备出战？', '哦哦，原来只是过来看看丽芙吗~', '也不是不喜欢战斗啦……毕竟这是我们的职责……', '只不过受伤甚至丢掉性命，真的很让人难过呢……', '抱歉，擅自低落起来……所以指挥官可以、可以摸摸丽芙的头来安慰一下吗？']	[2000, 2000, 2000, 2000, 2000]
951	1031002			IDLE	['谢、谢谢指挥官！']	[2000]
952	1031002			IDLE	['……', '诶！是指挥官！', '我、我是在想关于数据和药剂的事情……', '虽然现在是休息时间，总要有备无患才好呀。', '当然……如、如果指挥官可以夸奖一下丽芙的话……']	[2000, 2000, 2000, 2000, 2000]
953	1031002			IDLE	['我、我会继续加油的！']	[2000]
954	1031002			IDLE	['这些装饰品这么可爱，指挥官是从哪里找到的？', '真是想不到指挥官也会用这些来装饰宿舍呢……', '诶！就、就是想看看我笑的样子吗……']	[2000, 2000, 2000]
955	1031002			IDLE	['我……我会经常笑的，指挥官。']	[2000]
956	1031002			IDLE	['我昨天在资料库里找到了一本很新奇的医疗书籍！', '里面说，世界上还有很多不需要药和器械就能治愈伤痛的方法。', '其中一个就是积极意义向的肢体触碰~', '例如抚摸头部来赞赏或者安抚某人。']	[2000, 2000, 2000, 2000]
957	1031002			IDLE	['诶、诶！指挥官这是……？丽芙……丽芙有点开心呢。']	[2000]
958	1031002		80	IDLE	['我很喜欢这里的感觉呢！', '这是一种……从来没体会过的温馨感。', '以前？不说以前的事啦！', '现在能和指挥官一起在这里，就很幸福啦！']	[2000, 2000, 2000, 2000]
959	1031002		80	IDLE	['关心大家的状况是我的责任也是我的习惯……', '疲倦？不……构造体是不会有这种感觉的呢……', '但是有的时候也会想……', '会有人想我一样，如此关心我吗？', '然后，这个愿望似乎实现了呢。']	[2000, 2000, 2000, 2000, 2000]
960	1031002		100	IDLE	['这个地方让意识海都放松了下来~', '感觉真的很适合休息呢……', '如果指挥官……也、也能……', '也能待久一点就好啦……']	[2000, 2000, 2000, 2000]
961	1031002		100	IDLE	['为什么喜欢日出和日落？', '有的人是喜欢这种一天结束一天开始的周而复始之感吧~', '我想……我喜欢它是因为这能切实地感受到自己还活着，时间还在流逝的感觉吧！']	[2000, 2000, 2000]
962	1031002		100	IDLE	['指挥官，我以前见过不少好看的房间布置', '如果有需要的话我想我应该也能帮上您的忙！', '别的不说，至少物资方面我可以稍微出点力呀！']	[2000, 2000, 2000]
963	1031002		100	IDLE	['指挥官，这个是您需要的吗？', '我之前帮忙打扫卫生的时候，从神威房间里找到的！', '我差点以为是垃圾放进回收站，还好那天被叫走了……']	[2000, 2000, 2000]
1001	1061003		10	IDLE	['唔……']	[2000]
1002	1061003		10	IDLE	['啧……']	[2000]
1003	1061003		10	IDLE	['别凑过来……']	[2000]
1004	1061003		10	IDLE	['没有这个心情啦……']	[2000]
1005	1061003		30	IDLE	['唔……']	[2000]
1006	1061003		30	IDLE	['啧……']	[2000]
1007	1061003		30	IDLE	['别凑过来……']	[2000]
1008	1061003		30	IDLE	['没有这个心情啦……']	[2000]
1009	1061003		30	IDLE	['你不用休息吗，指挥官。']	[2000]
1010	1061003		50	IDLE	['这里有空地给我训练吗？']	[2000]
1011	1061003		50	IDLE	['这里能照到太阳吗？']	[2000]
1012	1061003		50	IDLE	['你会每天来看我吗？']	[2000]
1013	1061003		50	IDLE	['似乎有点平和过头了呢……']	[2000]
1014	1061003		50	IDLE	['让我到处看看吧，说不定能发现什么好玩的！']	[2000]
1015	1061003		80	IDLE	['让我到处看看吧，说不定能发现什么好玩的！']	[2000]
1016	1061003		80	IDLE	['这里能照到太阳吗？']	[2000]
1017	1061003		80	IDLE	['你会每天来看我吗？']	[2000]
1018	1061003		80	IDLE	['似乎有点平和过头了呢……']	[2000]
1019	1061003		100	IDLE	['你在的话，我会喜欢这里的。']	[2000]
1020	1061003		100	IDLE	['和突击鹰的宿舍比有什么不同？那边没有你呀！']	[2000]
1021	1061003		100	IDLE	['如果住在一起的都是有意思的构造体就好啦！']	[2000]
1022	1061003		100	IDLE	['指挥官，要一起早起锻炼吗？']	[2000]
1023	1061003		100	IDLE	['如果你今天没有见到太阳的话，可以来这里见见我呀！']	[2000]
1024	1061003		30	IDLE	['……']	[2000]
1025	1061003		30	IDLE	['哎呀……']	[2000]
1026	1061003		30	IDLE	['嗯、嗯……']	[2000]
1027	1061003		30	IDLE	['没什么事的话……']	[2000]
1028	1061003		30	IDLE	['0-0']	[2000]
1029	1061003		50	IDLE	['……']	[2000]
1030	1061003		50	IDLE	['哎呀……']	[2000]
1031	1061003		50	IDLE	['嗯、嗯……']	[2000]
1032	1061003		50	IDLE	['没什么事的话……']	[2000]
1033	1061003		50	IDLE	['0-0']	[2000]
1034	1061003		80	IDLE	['嚯——哈！']	[2000]
1035	1061003		80	IDLE	['一起来ヽ(￣ω￣(￣ω￣〃)ゝ']	[2000]
1036	1061003		80	IDLE	['和我玩嘛指挥官！']	[2000]
1037	1061003		100	IDLE	['神威~神威~大神威~']	[2000]
1038	1061003		100	IDLE	['呀——嘿——！吃我必杀技——！']	[2000]
1039	1061003		100	IDLE	['喔、喔哦！']	[2000]
1040	1061003		100	IDLE	['我超厉害！']	[2000]
1041	1061003		100	IDLE	['想个新的必杀口号先……']	[2000]
1042	1061003			IDLE	['喔！这个！我认得这个！', '我在突击鹰听到过这个叫做床铺的东西！', '听说它会吞噬人类的意志力，真的吗？', '嗯？让我试试……？']	[2000, 2000, 2000, 2000]
1043	1061003			IDLE	['总、总之！我今晚就待在这里挑战他了！']	[2000]
1044	1061003			IDLE	['离出战还有好一会儿呢……', '这段时间要做些什么吗？比如深蹲……', '诶？你说就在沙发上休息一下吗？', '我听你的！']	[2000, 2000, 2000, 2000]
1045	1061003			IDLE	['这个坐着还挺舒服的！']	[2000]
1046	1061003			IDLE	['奇怪了……去哪了……', '哇啊，指挥官你什么时候来的？', '没没没没没……我才没有又把你送我的武器保养剂弄丢……', '对不起嘛……指挥官能帮我去柜子里找找吗？']	[2000, 2000, 2000, 2000]
1047	1061003			IDLE	['哇！感谢指挥官！我一定会好好保管的！']	[2000]
1048	1061003			IDLE	['里这个家伙，为什么一定要和他聊战术布局啊——', '虽然他这方面是很厉害啦……', '可是……', '好吧，既然是指挥官的命令，那我就去和他聊聊天吧。']	[2000, 2000, 2000, 2000]
1049	1061003			IDLE	['虽然依旧躲不过吵架，但是还是有学到一点啦！']	[2000]
1050	1061003			IDLE	['嗯？指挥官你找我有事吗？', '按照你说的做？', '睁大眼睛，手捧着脸……蹲、蹲下来？', '这样？总觉得像某种生物……你要做什么？', '摸摸头？']	[2000, 2000, 2000, 2000, 2000]
1051	1061003			IDLE	['这种生物是人类成为狗的……那个吗？']	[2000]
1052	1061003			IDLE	['呼！没出战的时候，打上一两场训练赛，再爽快不过啦！', '不要拼过头？', '谢谢关心啦，其实还好呢。', '而且，如果不变得更厉害，怎么保护指挥官呢？', '说好话还有奖励？那就奖励你摸摸我的头吧！']	[2000, 2000, 2000, 2000, 2000]
1053	1061003			IDLE	['我说的，其实是真心话啦！才不是特意讨好你~']	[2000]
1054	1061003			IDLE	['丽芙告诉你的新治疗方法？还没跟里说过？', '好啊好啊我当然要试试！', '好的好的，我准备好啦！', '嗯？把头凑到你面前？']	[2000, 2000, 2000, 2000]
1055	1061003			IDLE	['原、原来是摸摸头呀！嗯，我有被治愈到！']	[2000]
1056	1061003			IDLE	['我好像，察觉到了什么！', '啊哈！我就知道是指挥官！', '什么什么？原本想偷袭我？', '啊、啊……好啦，我让你偷袭就是啦！', '你想用什么招式偷袭？啊、啊？摸摸头攻击？']	[2000, 2000, 2000, 2000, 2000]
1057	1061003			IDLE	['哈哈哈，你想的话，我当然会让你摸个爽的啦！']	[2000]
1058	1061003		80	IDLE	['开心也是一天，不开心也是一天，那当然要开心地过一天呀！', '什么叫这哲理一定不是我说的！', '虽然、虽然确实不是啦，但是我觉得很对嘛！', '所以，指挥官也来笑一下呀！']	[2000, 2000, 2000, 2000]
1059	1061003		80	IDLE	['我知道构造体要保持意识海的平稳……', '但是那件事确实对我影响很深……', '啊，不要紧啦，我已经没事了哦！', '我只是，希望能把指挥官放在我的意识海里，这样我一定不会偏离意识轨道……']	[2000, 2000, 2000, 2000]
1060	1061003		100	IDLE	['指挥官，你知道有一种花叫太阳花吗？', '它的代表含义是不畏艰难。', '和您在一起，我就会不畏艰难哦。']	[2000, 2000, 2000]
1061	1061003		100	IDLE	['这里和战场不一样，意识海都格外放松呢！', '虽然是这么说，但是也有不安的时候啦……', '怎么回事我也不知道，不过，指挥官一来，这个症状就没有啦！']	[2000, 2000, 2000]
1062	1061003		100	IDLE	['指挥官指挥官！', '我知道这个东西对你很有用。', '但是我明明藏了很多在房间里，现在就只剩这么一点儿了……']	[2000, 2000, 2000]
1063	1061003		100	IDLE	['指挥官，你在烦恼什么吗？说不定我可以帮你！', '这个，我好像还真的能帮忙……', '你看看是不是这个！是的话就送给你啦！']	[2000, 2000, 2000]
1101	1031003		10	IDLE	['希望这里的配套设备能齐全点。']	[2000]
1102	1031003		10	IDLE	['我就在这里待着，不会打扰你的。']	[2000]
1103	1031003		10	IDLE	['待在这里不需要做什么吧？']	[2000]
1104	1031003		10	IDLE	['那些玩偶……不，我不会碰他们的。']	[2000]
1105	1031003		30	IDLE	['希望这里的配套设备能齐全点。']	[2000]
1106	1031003		30	IDLE	['我就在这里待着，不会打扰你的。']	[2000]
1107	1031003		30	IDLE	['待在这里不需要做什么吧？']	[2000]
1108	1031003		30	IDLE	['那些玩偶……不，我不会碰他们的。']	[2000]
1109	1031003		30	IDLE	['需要的话，就算是休息，您也可以让我来帮忙哦。']	[2000]
1110	1031003		50	IDLE	['我喜欢安静的地方。']	[2000]
1111	1031003		50	IDLE	['指挥官是希望我待在这里的吗？']	[2000]
1112	1031003		50	IDLE	['这里可比我以前的宿舍要好。']	[2000]
1113	1031003		50	IDLE	['这里的光，和星辰有几分相似。']	[2000]
1114	1031003		50	IDLE	['需要的话，就算是休息，您也可以让我来帮忙哦。']	[2000]
1115	1031003		80	IDLE	['我喜欢安静的地方。']	[2000]
1116	1031003		80	IDLE	['指挥官是希望我待在这里的吗？']	[2000]
1117	1031003		80	IDLE	['这里可比我以前的宿舍要好。']	[2000]
1118	1031003		80	IDLE	['这里的光，和星辰有几分相似。']	[2000]
1119	1031003		100	IDLE	['呼~似乎连意识海都清爽了起来~']	[2000]
1120	1031003		100	IDLE	['人类是用温馨来形容这种温暖的感觉吗？']	[2000]
1121	1031003		100	IDLE	['这里有很多未知的数据和物品，可得好好分析一下！']	[2000]
1122	1031003		100	IDLE	['你好像很喜欢这里？那没办法啦，丽芙就再多陪你一会儿。']	[2000]
1123	1031003		100	IDLE	['在这里可以一起看日出日落吗？']	[2000]
1124	1031003		30	IDLE	['啊……']	[2000]
1125	1031003		30	IDLE	['嗯。']	[2000]
1126	1031003		30	IDLE	['这、这个嘛……']	[2000]
1127	1031003		30	IDLE	['唔……']	[2000]
1128	1031003		30	IDLE	['唔……']	[2000]
1129	1031003		50	IDLE	['啊……']	[2000]
1130	1031003		50	IDLE	['嗯。']	[2000]
1131	1031003		50	IDLE	['这、这个嘛……']	[2000]
1132	1031003		50	IDLE	['唔……']	[2000]
1133	1031003		50	IDLE	['唔……']	[2000]
1134	1031003		80	IDLE	['?(? ???A??? ?)?']	[2000]
1135	1031003		80	IDLE	['哼~?~哼~?~']	[2000]
1136	1031003		80	IDLE	['∑0-0啊呀！']	[2000]
1137	1031003		100	IDLE	['啦~?~啦~?~']	[2000]
1138	1031003		100	IDLE	"['(,,??ω?)ノ""']"	[2000]
1139	1031003		100	IDLE	['加、加油鸭！']	[2000]
1140	1031003		100	IDLE	['指挥官说，要多笑一笑。']	[2000]
1141	1031003		100	IDLE	['……']	[2000]
1142	1031003			IDLE	['软乎乎的被子是另一种方面的治愈方法。', '它治愈的是那些看不见的伤口。', '诶？可以吗？让我也躺上去试试……']	[2000, 2000, 2000]
1143	1031003			IDLE	['好像都不愿离开了呢。']	[2000]
1144	1031003			IDLE	['您这是又逃避工作了吗？', '你这样我也很苦恼呀指挥官……', '不然，丽芙就陪您一起在沙发上休息一会儿吧！']	[2000, 2000, 2000]
1145	1031003			IDLE	['似乎偶尔偷偷懒也不错呢……']	[2000]
1146	1031003			IDLE	['盯——', '那个指挥官……', '请问你有看到我放在这儿的包裹吗？', '不、不是，我没有怀疑是你拿走……', '那可以和我一起去柜子附近找找吗？']	[2000, 2000, 2000, 2000, 2000]
1147	1031003			IDLE	['找到了！太感谢你啦指挥官！']	[2000]
1148	1031003			IDLE	['嗯……', '虽然露西亚说已经没问题了……', '但是手臂毕竟是配适度严格的部件……', '希望露西亚已经能适用她新的手臂吧！']	[2000, 2000, 2000, 2000]
1149	1031003			IDLE	['露西亚压力也不小，我也得在战场上更努力才行呢！']	[2000]
1150	1031003			IDLE	['指挥官怎么来了？是要准备出战？', '哦哦，原来只是过来看看丽芙吗~', '也不是不喜欢战斗啦……毕竟这是我们的职责……', '只不过受伤甚至丢掉性命，真的很让人难过呢……', '抱歉，擅自低落起来……所以指挥官可以、可以摸摸丽芙的头来安慰一下吗？']	[2000, 2000, 2000, 2000, 2000]
1151	1031003			IDLE	['谢、谢谢指挥官！']	[2000]
1152	1031003			IDLE	['……', '诶！是指挥官！', '我、我是在想关于数据和药剂的事情……', '虽然现在是休息时间，总要有备无患才好呀。', '当然……如、如果指挥官可以夸奖一下丽芙的话……']	[2000, 2000, 2000, 2000, 2000]
1153	1031003			IDLE	['我、我会继续加油的！']	[2000]
1154	1031003			IDLE	['这些装饰品这么可爱，指挥官是从哪里找到的？', '真是想不到指挥官也会用这些来装饰宿舍呢……', '诶！就、就是想看看我笑的样子吗……']	[2000, 2000, 2000]
1155	1031003			IDLE	['我……我会经常笑的，指挥官。']	[2000]
1156	1031003			IDLE	['我昨天在资料库里找到了一本很新奇的医疗书籍！', '里面说，世界上还有很多不需要药和器械就能治愈伤痛的方法。', '其中一个就是积极意义向的肢体触碰~', '例如抚摸头部来赞赏或者安抚某人。']	[2000, 2000, 2000, 2000]
1157	1031003			IDLE	['诶、诶！指挥官这是……？丽芙……丽芙有点开心呢。']	[2000]
1158	1031003		80	IDLE	['我很喜欢这里的感觉呢！', '这是一种……从来没体会过的温馨感。', '以前？不说以前的事啦！', '现在能和指挥官一起在这里，就很幸福啦！']	[2000, 2000, 2000, 2000]
1159	1031003		80	IDLE	['关心大家的状况是我的责任也是我的习惯……', '疲倦？不……构造体是不会有这种感觉的呢……', '但是有的时候也会想……', '会有人想我一样，如此关心我吗？', '然后，这个愿望似乎实现了呢。']	[2000, 2000, 2000, 2000, 2000]
1160	1031003		100	IDLE	['这个地方让意识海都放松了下来~', '感觉真的很适合休息呢……', '如果指挥官……也、也能……', '也能待久一点就好啦……']	[2000, 2000, 2000, 2000]
1161	1031003		100	IDLE	['为什么喜欢日出和日落？', '有的人是喜欢这种一天结束一天开始的周而复始之感吧~', '我想……我喜欢它是因为这能切实地感受到自己还活着，时间还在流逝的感觉吧！']	[2000, 2000, 2000]
1162	1031003		100	IDLE	['指挥官，我以前见过不少好看的房间布置', '如果有需要的话我想我应该也能帮上您的忙！', '别的不说，至少物资方面我可以稍微出点力呀！']	[2000, 2000, 2000]
1163	1031003		100	IDLE	['指挥官，这个是您需要的吗？', '我之前帮忙打扫卫生的时候，从神威房间里找到的！', '我差点以为是垃圾放进回收站，还好那天被叫走了……']	[2000, 2000, 2000]
1201	1011003		10	IDLE	['一定要待在这里吗？']	[2000]
1202	1011003		10	IDLE	['不用执行任务吗？在这浪费时间？']	[2000]
1203	1011003		10	IDLE	['至少收拾得更好一点吧。']	[2000]
1204	1011003		10	IDLE	['我的工具套装有带过来吗？']	[2000]
1205	1011003		30	IDLE	['一定要待在这里吗？']	[2000]
1206	1011003		30	IDLE	['不用执行任务吗？在这浪费时间？']	[2000]
1207	1011003		30	IDLE	['至少收拾得更好一点吧。']	[2000]
1208	1011003		30	IDLE	['我的工具套装有带过来吗？']	[2000]
1209	1011003		30	IDLE	['放心，我的枪没有带过来这里。']	[2000]
1210	1011003		50	IDLE	['别让我和那些聒噪的家伙一块儿就行。']	[2000]
1211	1011003		50	IDLE	['对我来说，就是换个地方工作罢了。']	[2000]
1212	1011003		50	IDLE	['如果没人打扰，我很愿意待在这。']	[2000]
1213	1011003		50	IDLE	['指挥官也可以多待一会儿，你的那些小动静打扰不到我。']	[2000]
1214	1011003		50	IDLE	['不用在意，只是在做些小玩意。']	[2000]
1215	1011003		80	IDLE	['如果没人打扰，我很愿意待在这。']	[2000]
1216	1011003		80	IDLE	['指挥官也可以多待一会儿，你的那些小动静打扰不到我。']	[2000]
1217	1011003		80	IDLE	['不用在意，只是在做些小玩意。']	[2000]
1218	1011003		80	IDLE	['在这里是挺轻松的。']	[2000]
1219	1011003		100	IDLE	['放心吧，就算在这，只要你下达命令，我就会马上执行。']	[2000]
1220	1011003		100	IDLE	['我不是不喜欢这种地方，只要你在就行。']	[2000]
1221	1011003		100	IDLE	['指挥官，还有什么小把戏也一起使出来吧，放心，我不会戳穿你的']	[2000]
1222	1011003		100	IDLE	['看来我又做了一个正确的决定，听你的话待在这里。']	[2000]
1223	1011003		100	IDLE	['等我做完这个……就送给你吧。']	[2000]
1224	1011003		30	IDLE	['啧。']	[2000]
1225	1011003		30	IDLE	['嗯……']	[2000]
1226	1011003		30	IDLE	['→_→']	[2000]
1227	1011003		30	IDLE	['无聊……']	[2000]
1228	1011003		30	IDLE	['没意思。']	[2000]
1229	1011003		50	IDLE	['啧。']	[2000]
1230	1011003		50	IDLE	['嗯……']	[2000]
1231	1011003		50	IDLE	['→_→']	[2000]
1232	1011003		50	IDLE	['无聊……']	[2000]
1233	1011003		50	IDLE	['没意思。']	[2000]
1234	1011003		80	IDLE	['哼、哼~']	[2000]
1235	1011003		80	IDLE	['有事吗？']	[2000]
1236	1011003		80	IDLE	['小心一点。']	[2000]
1237	1011003		100	IDLE	['找我吗？']	[2000]
1238	1011003		100	IDLE	['这个……还有这个，嗯。']	[2000]
1239	1011003		100	IDLE	['伤脑筋。']	[2000]
1240	1011003		100	IDLE	['快过来吧。']	[2000]
1241	1011003		100	IDLE	['怎么了？']	[2000]
1242	1011003			IDLE	['高负荷运转会导致构造体内部机能消耗成倍增加。', '也会加速珍稀零件的磨损速率。', '我说这么多你都还没明白构造体也是需要去床上休息一下的吗？']	[2000, 2000, 2000]
1243	1011003			IDLE	['不错，还是知道开窍的。']	[2000]
1244	1011003			IDLE	['看不出来你对这些小玩意还挺上心的。', '不过你是怎么样做到把它折腾成这副样子的？', '要我修也不是不行，只不过我现在太累了，想去坐坐。']	[2000, 2000, 2000]
1245	1011003			IDLE	['逗你玩儿的，我歇会儿就去帮你修那个机器人。']	[2000]
1246	1011003			IDLE	['我找不到我的精密螺旋钻了，该不会是你拿来用然后乱放了吧？', '我……咳，我知道你不会乱动我的东西。', '诶？你要帮我找吗？', '那……就拜托你找一下那些柜子吧。']	[2000, 2000, 2000, 2000]
1247	1011003			IDLE	['找到了，抱歉……刚才……嗯，你想要个小机器人吗？']	[2000]
1248	1011003			IDLE	['神威那家伙真是太吵了……', '但是谁让他现在编入了灰鸦呢。', '每次都在我耳边哔哩吧啦……']	[2000, 2000, 2000]
1249	1011003			IDLE	['哼，放心吧，我不会打他的。']	[2000]
1250	1011003			IDLE	['……', '嗯？你过来了啊……', '没什么，只不过研究方面有些瓶颈罢了，不用担心。', '真这么想让我开心起来……？', '那你就看着……安慰一下？']	[2000, 2000, 2000, 2000, 2000]
1251	1011003			IDLE	['你、你怎么……怎么动手动脚的！']	[2000]
1252	1011003			IDLE	['怎么？在找我？', '想问问我一些构造体的事？', '这个你去资料馆不就好了？', '想知道男性构造体的头发摸起来是什么触感……？']	[2000, 2000, 2000, 2000]
1253	1011003			IDLE	['……不就是普通的感觉吗……倒是你的手，挺暖和的。']	[2000]
1254	1011003			IDLE	['你今天挺闲的，战术布置之类的工作做好了吗？', '如果有不会的，问问我也是可以的。', '我会勉为其难地为你讲解分析。', '这可是非常难得的知识汲取机会~', '嗯？要奖励我？']	[2000, 2000, 2000, 2000, 2000]
1255	1011003			IDLE	['摸、摸摸头也算奖励吗？！']	[2000]
1256	1011003			IDLE	['你从丽芙那里学到的治愈方法？', '不用打针也不用机械辅助？', '想找我实验？', '行吧，那让我看看这个‘摸摸头’是什么治疗方法。']	[2000, 2000, 2000, 2000]
1257	1011003			IDLE	['……这哪是治愈方法！我的意识海温度在上升……']	[2000]
1258	1011003		80	IDLE	['之前你制定的战术很不错，尤其是配合的方面。', '干嘛，我从来不会吝啬自己的夸赞。', '想听的话，以后继续加油做好点吧。']	[2000, 2000, 2000]
1259	1011003		80	IDLE	['嗯，你之前制定战斗计划我看了，还不错，有进步。', '怎么，我夸你你还不开心吗？', '像在表扬小孩子……？可能……是习惯吧……', '没有，难道对我们来说，你不是小孩子？']	[2000, 2000, 2000, 2000]
1260	1011003		100	IDLE	['我对住的地方不挑剔，只要有能给我研究的工作台就行了。', '再说了，你不也在这里……', '咳。没有，你听错了，我什么都没说。']	[2000, 2000, 2000]
1261	1011003		100	IDLE	['你怎么没事就在我眼前晃悠……', '对于我们来说，你就算换了姿势睡觉把头发压歪了我们也能对比出来啊。', '……我的意思真的不是我每天都在扫描你……']	[2000, 2000, 2000]
1262	1011003		100	IDLE	['房间的布置怎么了吗？', '需要填充家具？', '对了，我在神威那儿发现了这个，应该能对您有点帮助吧？']	[2000, 2000, 2000]
1263	1011003		100	IDLE	['啊，指挥官。', '之前在研究提升装备性能的时候剩下了很多零件。', '我拿去回收的时候换回了一些这个。', '这应该是对你有用的东西吧？']	[2000, 2000, 2000, 2000]
1301	1071003		10	IDLE	['……']	[2000]
1302	1071003		10	IDLE	['别烦我！']	[2000]
1303	1071003		10	IDLE	['离我远点。']	[2000]
1304	1071003		10	IDLE	['皮痒了？']	[2000]
1305	1071003		30	IDLE	['……']	[2000]
1306	1071003		30	IDLE	['别烦我！']	[2000]
1307	1071003		30	IDLE	['啧。']	[2000]
1308	1071003		30	IDLE	['皮痒了？']	[2000]
1309	1071003		30	IDLE	['别在我眼前晃来晃去。']	[2000]
1310	1071003		50	IDLE	['我只在这待一会。']	[2000]
1311	1071003		50	IDLE	['别以为我很喜欢这里。']	[2000]
1312	1071003		50	IDLE	['让我一个人坐着吧。']	[2000]
1313	1071003		50	IDLE	['呼……放心，我不打人。']	[2000]
1314	1071003		50	IDLE	['在这里我不会轻举妄动的。']	[2000]
1315	1071003		80	IDLE	['在这里我不会轻举妄动的。']	[2000]
1316	1071003		80	IDLE	['别以为我很喜欢这里。']	[2000]
1317	1071003		80	IDLE	['让我一个人坐着吧。']	[2000]
1318	1071003		80	IDLE	['呼……放心，我不打人。']	[2000]
1319	1071003		100	IDLE	['……我再多留一会儿。']	[2000]
1320	1071003		100	IDLE	['既然你要求了，我就暂时不走。']	[2000]
1321	1071003		100	IDLE	['露西亚也会住在这样的地方吗？那我也住着吧。']	[2000]
1322	1071003		100	IDLE	['你不走的话，我就不走。']	[2000]
1323	1071003		100	IDLE	['谁稀罕在这休息……要不是你……咳咳，没什么。']	[2000]
1324	1071003		30	IDLE	['……']	[2000]
1325	1071003		30	IDLE	['啧。']	[2000]
1326	1071003		30	IDLE	['让开。']	[2000]
1327	1071003		30	IDLE	['小心我打人。']	[2000]
1328	1071003		30	IDLE	['=-=']	[2000]
1329	1071003		50	IDLE	['……']	[2000]
1330	1071003		50	IDLE	['啧。']	[2000]
1331	1071003		50	IDLE	['让开。']	[2000]
1332	1071003		50	IDLE	['小心我打人。']	[2000]
1333	1071003		50	IDLE	['开玩笑的，我不打人。']	[2000]
1334	1071003		80	IDLE	['哼。']	[2000]
1335	1071003		80	IDLE	['不，我不唱歌。']	[2000]
1336	1071003		80	IDLE	['有事找我？']	[2000]
1337	1071003		100	IDLE	['勉勉强强。']	[2000]
1338	1071003		100	IDLE	['我就是想看看你在这里会做什么。']	[2000]
1339	1071003		100	IDLE	['我才没有专门为了你……']	[2000]
1340	1071003		100	IDLE	['你要去哪？']	[2000]
1341	1071003		100	IDLE	['切……我才不会离开……']	[2000]
1342	1071003			IDLE	['什么？这是连露西亚都会被打败的武器？', '看上去……不就是人类的床铺？', '哼，那我也来挑战一下！']	[2000, 2000, 2000]
1343	1071003			IDLE	['我、我我不会被打败的！']	[2000]
1344	1071003			IDLE	['这个是沙发？', '嗯，听说过。', '在外面随便什么地方都能休整，没必要专门为了一个沙发。', '既、既然你说了，那我就试试呗。']	[2000, 2000, 2000, 2000]
1345	1071003			IDLE	['还行吧，勉勉强强……挺舒服的……']	[2000]
1346	1071003			IDLE	['……啧，去哪了！！', '喂，是不是你把我的能源补充剂拿走了？', '……咳，想也知道你们人类不需要这些。', '那、那帮……那给我去柜子那边找找吧。']	[2000, 2000, 2000, 2000]
1347	1071003			IDLE	['……你还真找到了……谢……谢谢。']	[2000]
1348	1071003			IDLE	['我的宿敌，只有露西亚一个人。', '总有一天我要打败她！']	[2000, 2000]
1349	1071003			IDLE	['如果见到露西亚，我一定会和她比试一番！']	[2000]
1350	1071003			IDLE	['你盯着我看很久了，想做什么？', '哈？低头？', '你这是，想用手触碰我身上最精密的部位？', '……就这一次。']	[2000, 2000, 2000, 2000]
1351	1071003			IDLE	['……感、感觉是不坏啦……']	[2000]
1352	1071003			IDLE	['……你出来吧。', '怎么，在这里蹲点了这么久……', '想做什么？', '想偷袭的话，你还嫩了点。']	[2000, 2000, 2000, 2000]
1353	1071003			IDLE	['……只是摸摸头的话你直接说不就行了……']	[2000]
1354	1071003			IDLE	['从丽芙那儿知道的治疗方法？', '虽然我对灰鸦的成员都很微妙……', '不过你如果执意想在我身上试试……', '嗯？只是摸摸头而已不要紧张？？']	[2000, 2000, 2000, 2000]
1355	1071003			IDLE	['我、我、我、我才没有紧张！']	[2000]
1356	1071003			IDLE	['你和露西亚他们也经常这么做……', '我，我我不能落后露西亚！', '所以，摸摸头什么的你也可以对我做啊！']	[2000, 2000, 2000]
1357	1071003			IDLE	['我才没有很开心呢……']	[2000]
1358	1071003		80	IDLE	['露西亚很强，所以我要超过她。', '哈？成为第一强的构造体不是每个构造体的心愿吗？', '而且……变强了才能保护重要的人吧……']	[2000, 2000, 2000]
1359	1071003		80	IDLE	['什么？我可没说我不喜欢这里。', '再艰苦的环境也体验过……', '更何况……', '咳，你今天什么时候走？多待一会儿也不要紧的吧！']	[2000, 2000, 2000, 2000]
1360	1071003		100	IDLE	['叽叽喳喳的……烦死了。', '让我一个人一间房？', '……不需要，我还没有娇弱到那种地步。', '我勉为其难地让你们烦着吧。']	[2000, 2000, 2000, 2000]
1361	1071003		100	IDLE	['嗯~果然在大打一场之后身心舒畅！', '我训练太拼了？', '突击鹰那小子不也很拼吗？', '你在担心我？', '……不、不用担心……我训练，变强……也是为了……']	[2000, 2000, 2000, 2000, 2000]
1362	1071003		100	IDLE	['不过是休整的地方，没必要耗费掉这么多心神吧？', '你这么坚持的话……', '给，这个你应该会有用吧。']	[2000, 2000, 2000]
1363	1071003		100	IDLE	['要这些东西？', '反正对我来说是没差。', '这些是我在战场上找到的，大发慈悲地给你好了。']	[2000, 2000, 2000]
1401	1051003		10	IDLE	['好无聊呀……']	[2000]
1402	1051003		10	IDLE	['七实想要出去玩！']	[2000]
1403	1051003		10	IDLE	['继续待在这里，七实就要表演一个当场去世了。']	[2000]
1404	1051003		10	IDLE	['滑轮都要生锈啦！']	[2000]
1405	1051003		30	IDLE	['大家不能都待在一个房间吗？这样才热闹呀。']	[2000]
1406	1051003		30	IDLE	['嘘，七实正在专心地写日记哦。']	[2000]
1407	1051003		30	IDLE	['房间再大点就好了，这样七实可以划得更远。']	[2000]
1408	1051003		30	IDLE	['脉冲，启动！开个玩笑啦，稍微活动一下。']	[2000]
1409	1051003		30	IDLE	['真好呀，指挥官今天也来了呢。']	[2000]
1410	1051003		50	IDLE	['大家不能都待在一个房间吗？这样才热闹呀。']	[2000]
1411	1051003		50	IDLE	['嘘，七实正在专心地写日记哦。']	[2000]
1412	1051003		50	IDLE	['房间再大点就好了，这样七实可以划得更远。']	[2000]
1413	1051003		50	IDLE	['脉冲，启动！开个玩笑啦，稍微活动一下。']	[2000]
1414	1051003		50	IDLE	['真好呀，指挥官今天也来了呢。']	[2000]
1415	1051003		80	IDLE	['只要有指挥官在的地方，就是最棒的！']	[2000]
1416	1051003		80	IDLE	['今天七实能交到新的朋友吗。']	[2000]
1417	1051003		80	IDLE	['来跟我一起，一二三，笑。']	[2000]
1418	1051003		80	IDLE	['实力与可爱的完美结合，就是七实啦！']	[2000]
1419	1051003		100	IDLE	['只要有指挥官在的地方，就是最棒的！']	[2000]
1420	1051003		100	IDLE	['今天七实能交到新的朋友吗。']	[2000]
1421	1051003		100	IDLE	['来跟我一起，一二三，笑。']	[2000]
1422	1051003		100	IDLE	['实力与可爱的完美结合，就是七实啦！']	[2000]
1423	1051003		100	IDLE	['要和七实一起玩吗。']	[2000]
1424	1051003		30	IDLE	['……']	[2000]
1425	1051003		30	IDLE	['无聊无聊无聊！']	[2000]
1426	1051003		30	IDLE	['果然还是去把宿舍炸掉吧。']	[2000]
1427	1051003		30	IDLE	['o(≧口≦)o']	[2000]
1428	1051003		30	IDLE	['大家快来陪七实玩！']	[2000]
1429	1051003		50	IDLE	['?~']	[2000]
1430	1051003		50	IDLE	['∑0-0']	[2000]
1431	1051003		50	IDLE	['啦啦啦。']	[2000]
1432	1051003		50	IDLE	['找我吗？']	[2000]
1433	1051003		50	IDLE	['ヾ(???ゞ)']	[2000]
1434	1051003		80	IDLE	['0v0']	[2000]
1435	1051003		80	IDLE	['哼?哼?']	[2000]
1436	1051003		80	IDLE	['咻咻咻，哒哒哒，轰轰轰。']	[2000]
1437	1051003		100	IDLE	['0v0']	[2000]
1438	1051003		100	IDLE	['哼?哼?']	[2000]
1439	1051003		100	IDLE	['咻咻咻，哒哒哒，轰轰轰。']	[2000]
1440	1051003		100	IDLE	['你来啦？']	[2000]
1441	1051003		100	IDLE	['?']	[2000]
1442	1051003			IDLE	['七实感受到了！', '床先生现在强烈地想让七实躺上去！', '等等七实，七实这就来。']	[2000, 2000, 2000]
1443	1051003			IDLE	['呼噜呼噜呼噜。']	[2000]
1444	1051003			IDLE	['嘿咻，玩累了。', '去沙发上休息一会准备第二轮吧。', '毕竟要劳逸结合嘛。']	[2000, 2000, 2000]
1445	1051003			IDLE	['嗯，好舒服，再多躺一会好了。']	[2000]
1446	1051003			IDLE	['先这样，再这样，最后再砰的一下。', '啊，零件飞到柜子那边去了。', '指挥官你别过去，七实会去捡的！']	[2000, 2000, 2000]
1447	1051003			IDLE	['指挥官，你刚才没偷看到七实在做的东西吧。']	[2000]
1448	1051003			IDLE	['七实飞拳，啪啪啪。', '恶里咆哮，吼吼吼。', '呜哇，里的火焰太强了，飞拳被打到柜子底下了，快撤退！', '指挥官你来啦，要和七实一起角色扮演吗？']	[2000, 2000, 2000]
1449	1051003			IDLE	['你来扮演被里夺走的公主好啦！嘿嘿，等着七实来拯救你。']	[2000]
1450	1051003			IDLE	['指挥官今天不忙了吗？', '正好七实快要无聊死了。']	[2000, 2000]
1451	1051003			IDLE	['你就在这坐会陪陪七实好啦。']	[2000]
1452	1051003			IDLE	['七实累了。', '但是也不想躺着啥都不做。']	[2000, 2000]
1453	1051003			IDLE	['指挥官快来陪我玩嘛。']	[2000]
1454	1051003			IDLE	['指挥官，紧急状况！你可不要被吓到。', '特别重要，七实要说了哦。']	[2000, 2000]
1455	1051003			IDLE	['没事我就叫叫你。']	[2000]
1456	1051003			IDLE	['咦，头发乱掉了。', '指挥官干嘛这样看着我啦。', '七实再怎么说也是可爱的女孩子，当然要注重这方面啦。']	[2000, 2000, 2000, 2000]
1457	1051003			IDLE	['嘿嘿，指挥官刷得很整齐，很舒服哦。']	[2000]
1458	1051003		80	IDLE	['指挥官觉得我的新发型怎么样？', '可不许说都好看哦，因为七实要当最好的！', '当然，要是不喜欢我把头发扎起来的话七实也可以变成其他样子哦。']	[2000, 2000, 2000]
1459	1051003		80	IDLE	['指挥官真的是个很特别的人。', '特别在哪里这个问题太复杂了，七实不知道。', '只是一种感觉，感觉啦。', '感觉能够遇到你真的是太好啦。']	[2000, 2000, 2000, 2000]
1460	1051003		100	IDLE	['哼?哼?', '咦？等一下，指挥官。', '好啦，你的通讯仪有点小故障，不过已经被七实修好啦。', '怎样七实是不是很能干，再多夸夸七实也是可以的哦。']	[2000, 2000, 2000, 2000]
1461	1051003		100	IDLE	['好了，日常检修完成啦。', '今天的七实也是状态满满！', '嘿嘿，保持最佳状态当然是很必要的哦。', '这样七实才能保护对自己来说重要的人呀。']	[2000, 2000, 2000, 2000]
1462	1051003		100	IDLE	['指挥官，今天七实给你准备了一个小惊喜哦。', '你快闭上眼睛，等我数三二一。', '三，二，一！当当当当。', '这是七实特意为你准备的礼物，喜欢吗？']	[2000, 2000, 2000, 2000]
1463	1051003		100	IDLE	['这些闪亮的小零件很有用吗？', '七实有顺手捡到一些哦，七实用不到，就送给你啦。', '嘿嘿，再夸夸七实也可以哦。']	[2000, 2000, 2000]
1501	1021003		10	IDLE	['你想干什么？']	[2000]
1502	1021003		10	IDLE	['你打算把我囚禁在这里？']	[2000]
1503	1021003		10	IDLE	['令人窒息的空间。']	[2000]
1504	1021003		10	IDLE	['我是为了看看你能想出什么花样才留下来。']	[2000]
1505	1021003		30	IDLE	['一直待在舒适的环境里只会降低你的警戒心。']	[2000]
1506	1021003		30	IDLE	['我会不会破坏这里，只看我的心情。']	[2000]
1507	1021003		30	IDLE	['就不能让我一个人一间房吗？']	[2000]
1508	1021003		30	IDLE	['你的那些构造体们一直非常在意我，哼，理所当然。']	[2000]
1509	1021003		30	IDLE	['不要妄图耍花样。']	[2000]
1510	1021003		50	IDLE	['一直待在舒适的环境里只会降低你的警戒心。']	[2000]
1511	1021003		50	IDLE	['我会不会破坏这里，只看我的心情。']	[2000]
1512	1021003		50	IDLE	['就不能让我一个人一间房吗？']	[2000]
1513	1021003		50	IDLE	['你的那些构造体们一直非常在意我，哼，理所当然。']	[2000]
1514	1021003		50	IDLE	['不要妄图耍花样。']	[2000]
1515	1021003		80	IDLE	['这里看起来终于像点样子了。']	[2000]
1516	1021003		80	IDLE	['不必顾及我。']	[2000]
1517	1021003		80	IDLE	['你猜猜我想做什么？']	[2000]
1518	1021003		80	IDLE	['以前的事……？我并不想谈。']	[2000]
1519	1021003		100	IDLE	['这里看起来终于像点样子了。']	[2000]
1520	1021003		100	IDLE	['不必顾及我。']	[2000]
1521	1021003		100	IDLE	['你猜猜我想做什么？']	[2000]
1522	1021003		100	IDLE	['以前的事……？我并不想谈。']	[2000]
1523	1021003		100	IDLE	['你说这里可以洗热水澡？']	[2000]
1524	1021003		30	IDLE	['……']	[2000]
1525	1021003		30	IDLE	['嗯……']	[2000]
1526	1021003		30	IDLE	['→_→']	[2000]
1527	1021003		30	IDLE	['干嘛！']	[2000]
1528	1021003		30	IDLE	['(｀??)=3']	[2000]
1529	1021003		50	IDLE	['哼。']	[2000]
1530	1021003		50	IDLE	['0-0']	[2000]
1531	1021003		50	IDLE	['太弱了。']	[2000]
1532	1021003		50	IDLE	['找我吗？']	[2000]
1533	1021003		50	IDLE	['=-=']	[2000]
1534	1021003		80	IDLE	['靠的太近了。']	[2000]
1535	1021003		80	IDLE	['?']	[2000]
1536	1021003		80	IDLE	['别想欺骗我。']	[2000]
1537	1021003		100	IDLE	['靠的太近了。']	[2000]
1538	1021003		100	IDLE	['?']	[2000]
1539	1021003		100	IDLE	['别想欺骗我。']	[2000]
1540	1021003		100	IDLE	['宵小之徒！']	[2000]
1541	1021003		100	IDLE	['谁在那！']	[2000]
1542	1021003			IDLE	['人类需要依赖名为床的简单物品……', '这就是柔弱的证明。', '而我早已经摆脱这样的东西。']	[2000, 2000, 2000]
1543	1021003			IDLE	['……记录，需要消除的弱点。']	[2000]
1544	1021003			IDLE	['沙发是一种无用的发明。', '你的构造体们坐在上面只是为了消磨时间。', '这样的话，我宁愿站着。']	[2000, 2000, 2000]
1545	1021003			IDLE	['反正我暂时也没什么别的事……']	[2000]
1546	1021003			IDLE	['……', '看着我做什么？', '我只是不见了东西，并没有在烦躁。', '柜子那边我等下我就会去找，不用你帮我。']	[2000, 2000, 2000, 2000]
1547	1021003			IDLE	['是我自己找到的，不过也算你一份功劳……']	[2000]
1548	1021003			IDLE	['哦？你来了？', '我在你身上留下的伤口现在怎么样了？']	[2000, 2000]
1549	1021003			IDLE	['是嘛，那一招，我可以再演示给你看看。']	[2000]
1550	1021003			IDLE	['这里居然还收藏着这些落后的武器？', '不少都报废了。', '这把刀……挺怀念的']	[2000, 2000, 2000]
1551	1021003			IDLE	['别在这时候碰我……怎么，你看出了什么吗？']	[2000]
1552	1021003			IDLE	['你怎么总是有空过来？', '不是忙着拯救地球吗？']	[2000, 2000]
1553	1021003			IDLE	['哼，我也只是刚回来而已。']	[2000]
1554	1021003			IDLE	['和其他人类相比。', '你有着一些与众不同之处……']	[2000, 2000]
1555	1021003			IDLE	['别打岔！你的秘密，迟早会暴露在我面前。']	[2000]
1556	1021003			IDLE	['你想要做什么？', '想要再让你的手臂吃苦头的话，可以尽管试试看。', '！？']	[2000, 2000, 2000]
1557	1021003			IDLE	['……待会儿再砍也不迟。']	[2000]
1558	1021003		80	IDLE	['这个零件能装到我的摩托上。', '看来你这里也不是一无是处。', '以后我会经常过来的。']	[2000, 2000, 2000]
1559	1021003		80	IDLE	['！', '原来是你。', '下次再从背后靠近我。', '可就不是被刀架住脖子这么简单了。']	[2000, 2000, 2000, 2000]
1560	1021003		100	IDLE	['你看起来很在意我的白发……眼光不错。', '毕竟就连灰尘也无法接触我。', '什么？你不怕被感染吗？']	[2000, 2000, 2000]
1561	1021003		100	IDLE	['最近露西亚的情况如何？', '我并没有那么在意你的回答，但也别让我等太久。', '是吗，进步的速度太慢了。']	[2000, 2000, 2000]
1562	1021003		100	IDLE	['接着，这是从外面拿到的一些战利品。', '别怕，已经经过你们的消毒处理了。', '我喜欢你对我保持怀疑的样子，就这样保持下去。']	[2000, 2000, 2000]
1563	1021003		100	IDLE	['是我用不上的东西。', '就留给你了。', '想必你也不会不要。']	[2000, 2000, 2000]
1601	90370		10	IDLE	['别再打了QAQ']	[2000]
1602	90370		10	IDLE	['痛。']	[2000]
1603	90370		10	IDLE	['好强。']	[2000]
1604	90370		10	IDLE	['了解，下次射他膝盖。']	[2000]
1605	90370		30	IDLE	['好痛好痛。']	[2000]
1606	90370		30	IDLE	['嘶。']	[2000]
1607	90370		30	IDLE	['关节，生锈了。']	[2000]
1608	90370		30	IDLE	['￣３￣']	[2000]
1609	90370		30	IDLE	['-ω-']	[2000]
1610	90370		50	IDLE	['好痛好痛。']	[2000]
1611	90370		50	IDLE	['嘶。']	[2000]
1612	90370		50	IDLE	['关节，生锈了。']	[2000]
1613	90370		50	IDLE	['￣３￣']	[2000]
1614	90370		50	IDLE	['-ω-']	[2000]
1615	90370		80	IDLE	['别人太靠近我的话，我会很紧张，所以总会下意识把他们射走=3=。']	[2000]
1616	90370		80	IDLE	['之前打了你们，真的很抱歉QAQ。']	[2000]
1617	90370		80	IDLE	['哎呦，好痛哦，别再打啦555。']	[2000]
1618	90370		80	IDLE	['希望下次挨打时间能短一点TAT。']	[2000]
1619	90370		100	IDLE	['别人太靠近我的话，我会很紧张，所以总会下意识把他们射走=3=。']	[2000]
1620	90370		100	IDLE	['之前打了你们，真的很抱歉QAQ。']	[2000]
1621	90370		100	IDLE	['哎呦，好痛哦，别再打啦555。']	[2000]
1622	90370		100	IDLE	['希望下次挨打时间能短一点TAT。']	[2000]
1623	90370		100	IDLE	['你说我下手轻点，他们打我也能轻点吗？']	[2000]
1624	90370		30	IDLE	['逃逃逃。']	[2000]
1625	90370		30	IDLE	['溜了溜了。']	[2000]
1626	90370		30	IDLE	['……']	[2000]
1627	90370		30	IDLE	['呜呜。']	[2000]
1628	90370		30	IDLE	['阿枪呢。']	[2000]
1629	90370		50	IDLE	['?']	[2000]
1630	90370		50	IDLE	['∑0-0']	[2000]
1631	90370		50	IDLE	['活动活动下。']	[2000]
1632	90370		50	IDLE	['不想工作了。']	[2000]
1633	90370		50	IDLE	['下次请轻一点QAQ']	[2000]
1634	90370		80	IDLE	['0v0']	[2000]
1635	90370		80	IDLE	['别，别过来。']	[2000]
1636	90370		80	IDLE	['等会再去挨打可以吗……']	[2000]
1637	90370		100	IDLE	['0v0']	[2000]
1638	90370		100	IDLE	['别，别过来。']	[2000]
1639	90370		100	IDLE	['等会再去挨打可以吗……']	[2000]
1640	90370		100	IDLE	['让我试试刚修好的机体怎么样。']	[2000]
1641	90370		100	IDLE	['刚才那支箭应该是射在这附近才对呀。']	[2000]
1642	90370			IDLE	['又挨打了一整天。', '好想躺下不起来啊。']	[2000, 2000]
1643	90370			IDLE	['谢谢，ZZZZZZZ。']	[2000]
1644	90370			IDLE	['现在不用挨打了。', '能不能去那边的沙发上休息会呢。']	[2000, 2000]
1645	90370			IDLE	['啊，舒服了。']	[2000]
1646	90370			IDLE	['左腿被打断了。', '柜子里有没有备用的呢。']	[2000, 2000]
1647	90370			IDLE	['找到了，可以在下次挨打前找到备用组件真是太好了。']	[2000]
1648	90370			IDLE	['虽然我的机体是遗迹勘探者。', '但其实我只去过这里的宿舍和终端库这两个地方。']	[2000, 2000]
1649	90370			IDLE	['有机会真想和阿枪一起去其他地方看看啊。']	[2000]
1650	90370			IDLE	['又要去挨打了吗。', '能不能再休息一会。']	[2000, 2000]
1651	90370			IDLE	['就一会。']	[2000]
1652	90370			IDLE	['昨天遇到了木桩阿锯。', '他说自己被揍都不能还手。', '大家还会拿打他的数据出来比较。']	[2000, 2000, 2000]
1653	90370			IDLE	['什么时候我们才能真正站起来啊，555。']	[2000]
1654	90370			IDLE	['一二三四，二二三四。', '休息时也要多运动运动。']	[2000, 2000]
1655	90370			IDLE	['保持健康，这样下次挨打可以没那么疼了。']	[2000]
1656	90370			IDLE	['这下糟了，检修系统坏了。', '不在下场战斗前检修全身的话就惨了。']	[2000, 2000]
1657	90370			IDLE	['啊，原来这里和这里被打坏了，谢谢您帮我检查。']	[2000]
1658	90370		80	IDLE	['听说像这样把弓箭插进身体里。', '就能激发出强大的力量。', '……', '好像并没有什么事情发生，是我的姿势不对吗。']	[2000, 2000, 2000, 2000]
1659	90370		80	IDLE	['32345,32346,32347……', '啊，我正在数今天的挨打次数。', '看来有望超过昨天呢。']	[2000, 2000, 2000]
1660	90370		100	IDLE	['我是阿箭。', '只是一个普通的遗迹勘探者。', '能不能让我过一天平静的生活QAQ。']	[2000, 2000, 2000]
1661	90370		100	IDLE	['之前打痛你们了吗？', '真的很抱歉。', '我不是故意的QAQ。']	[2000, 2000, 2000]
1662	90370		100	IDLE	['这是我在终端库那里找到的。', '我挨完打以后顺便捡回来了。', '希望您不要嫌弃。']	[2000, 2000, 2000]
1663	90370		100	IDLE	['这是我在终端库那里找到的。', '我挨完打以后顺便捡回来了。', '希望您不要嫌弃。']	[2000, 2000, 2000]
1701	90220		10	IDLE	['哼。']	[2000]
1702	90220		10	IDLE	['欧啦。']	[2000]
1703	90220		10	IDLE	['干嘛看我。']	[2000]
1704	90220		10	IDLE	['吃我一矛。']	[2000]
1705	90220		30	IDLE	['好菜，我还没扎过瘾呢。']	[2000]
1706	90220		30	IDLE	['阿箭，看我这波爆炸操作，一秒九枪。']	[2000]
1707	90220		30	IDLE	['帮我关下门，那群被我扎过的构造体来寻仇了。']	[2000]
1708	90220		30	IDLE	['失误了，被打得还是有点点痛。']	[2000]
1709	90220		30	IDLE	['一直看我干啥，小心我扎你。']	[2000]
1710	90220		50	IDLE	['好菜，我还没扎过瘾呢。']	[2000]
1711	90220		50	IDLE	['阿箭，看我这波爆炸操作，一秒九枪。']	[2000]
1712	90220		50	IDLE	['帮我关下门，那群被我扎过的构造体来寻仇了。']	[2000]
1713	90220		50	IDLE	['失误了，被打得还是有点点痛。']	[2000]
1714	90220		50	IDLE	['一直看我干啥，小心我扎你。']	[2000]
1715	90220		80	IDLE	['我扎，我扎。']	[2000]
1716	90220		80	IDLE	['昨天打我的那些构造体好菜啊。']	[2000]
1717	90220		80	IDLE	['怎么样，我的伤害还可以吧？']	[2000]
1718	90220		80	IDLE	['78941比78943，再加把劲，马上打死别人的次数就要反超挨打的次数了。']	[2000]
1719	90220		100	IDLE	['我扎，我扎。']	[2000]
1720	90220		100	IDLE	['昨天打我的那些构造体好菜啊。']	[2000]
1721	90220		100	IDLE	['怎么样，我的伤害还可以吧？']	[2000]
1722	90220		100	IDLE	['78941比78943，再加把劲，马上打死别人的次数就要反超挨打的次数了。']	[2000]
1723	90220		100	IDLE	['行不行啊，我还没出力你就倒下了。']	[2000]
1724	90220		30	IDLE	['……']	[2000]
1725	90220		30	IDLE	['啧。']	[2000]
1726	90220		30	IDLE	['哼哈。']	[2000]
1727	90220		30	IDLE	['干嘛？']	[2000]
1728	90220		30	IDLE	['(｀??)=3']	[2000]
1729	90220		50	IDLE	['啊打！']	[2000]
1730	90220		50	IDLE	['(╬￣皿￣)']	[2000]
1731	90220		50	IDLE	['(╯‵皿′)╯︵┻━┻']	[2000]
1732	90220		50	IDLE	['看我蛇皮走位。']	[2000]
1733	90220		50	IDLE	['哈哈，追得上我的思必得吗。']	[2000]
1734	90220		80	IDLE	['@-@']	[2000]
1735	90220		80	IDLE	['让我磨磨枪，等会再去扎几个构造体。']	[2000]
1736	90220		80	IDLE	['打不着，打不着。']	[2000]
1737	90220		100	IDLE	['嘟噜噜噜噜噜。']	[2000]
1738	90220		100	IDLE	['不要跑，让我扎你一下，就一下。']	[2000]
1739	90220		100	IDLE	['@-@']	[2000]
1740	90220		100	IDLE	['让我磨磨枪，等会再去扎几个构造体。']	[2000]
1741	90220		100	IDLE	['打不着，打不着。']	[2000]
1742	90220			IDLE	['最近的对手都好菜啊。', '完全提不起干劲。', '还是去睡会觉好了。']	[2000, 2000, 2000]
1743	90220			IDLE	['ZZZZZZZ。']	[2000]
1744	90220			IDLE	['刚才那群构造体有点厉害。', '让他们别跑，我去沙发上休息会再打第二轮。']	[2000, 2000]
1745	90220			IDLE	['好嘞，准备开始吧。']	[2000]
1746	90220			IDLE	['最近一直在挨打。', '我扎得都不过瘾了。', '得去柜子找找有没有能够强化我的零件。']	[2000, 2000, 2000]
1747	90220			IDLE	['这个应该能用，我拿走了。']	[2000]
1748	90220			IDLE	['阿箭一直想去终端库以外的地方看看。', '等哪天我们不用继续挨打了。']	[2000, 2000]
1749	90220			IDLE	['我就陪她一起踏上旅途。']	[2000]
1750	90220			IDLE	['好久没人陪我打架了。', '你来得正好。']	[2000, 2000]
1751	90220			IDLE	['咱两过几招？']	[2000]
1752	90220			IDLE	['同样的武器用太久了。', '我在想要不要再改造一下武器。', '比如改成钻头。']	[2000, 2000, 2000]
1753	90220			IDLE	['毕竟钻头可是男人的浪漫啊！']	[2000]
1754	90220			IDLE	['一二三四，二二三四。', '休息时陪阿箭运动运动。']	[2000, 2000]
1755	90220			IDLE	['对经常打架的我们也有好处。']	[2000]
1756	90220			IDLE	['要给我检查身体？', '虽然及时检查身体对整天挨打的我来说确实很重要。', '但是我拒绝。', '……']	[2000, 2000, 2000, 2000]
1757	90220			IDLE	['下次一定，下次一定。']	[2000]
1758	90220		80	IDLE	['我的造型怎么了？', '绷带缠头不是很酷吗。', '这可是我们终端库那边最流行的打扮。']	[2000, 2000, 2000]
1759	90220		80	IDLE	['披风，长枪，护肩……', '检查完毕，没有问题，准备出发。', '今天能扎死几个构造体呢。']	[2000, 2000, 2000]
1760	90220		100	IDLE	['嘎巴——', '啊，你什么时候来的。', '干嘛，没见过别人接手臂吗？', '那个打断我手臂的坏家伙，下次我一定要揍回来。']	[2000, 2000, 2000, 2000]
1761	90220		100	IDLE	['上上下下左右左右。', '嗯，这套枪法很熟练了。', '下次试试新招。']	[2000, 2000, 2000]
1762	90220		100	IDLE	['嘿，这个给你。', '我们好歹也算不打不相识。', '这玩意我用不上，就勉为其难送你啦。']	[2000, 2000, 2000]
1763	90220		100	IDLE	['嘿，这个给你。', '我们好歹也算不打不相识。', '这玩意我用不上，就勉为其难送你啦。']	[2000, 2000, 2000]
1801	1081003		10	IDLE	['哼。']	[2000]
1802	1081003		10	IDLE	['真是够了。']	[2000]
1803	1081003		10	IDLE	['无聊。']	[2000]
1804	1081003		10	IDLE	['果然很不自在。']	[2000]
1805	1081003		30	IDLE	['很宽敞的房间，比我待过的地方要好不少。']	[2000]
1806	1081003		30	IDLE	['嘘，门外是不是有什么动静。']	[2000]
1807	1081003		30	IDLE	['还不能松懈。']	[2000]
1808	1081003		30	IDLE	['我不在基地的这段时间，他们都在做什么？']	[2000]
1809	1081003		30	IDLE	['不错的地方，那个女人不在的话就更好了。']	[2000]
1810	1081003		50	IDLE	['很宽敞的房间，比我待过的地方要好不少。']	[2000]
1811	1081003		50	IDLE	['嘘，门外是不是有什么动静。']	[2000]
1812	1081003		50	IDLE	['还不能松懈。']	[2000]
1813	1081003		50	IDLE	['我不在基地的这段时间，他们都在做什么？']	[2000]
1814	1081003		50	IDLE	['不错的地方，那个女人不在的话就更好了。']	[2000]
1815	1081003		80	IDLE	['对我不用客气，毕竟我也不想欠你人情。']	[2000]
1816	1081003		80	IDLE	['你来了，让我看看你的实力最近有没有进步。']	[2000]
1817	1081003		80	IDLE	['要时刻保持锋利。']	[2000]
1818	1081003		80	IDLE	['再精神点，你可是我认可的少数空中花园的人。']	[2000]
1819	1081003		100	IDLE	['对我不用客气，毕竟我也不想欠你人情。']	[2000]
1820	1081003		100	IDLE	['你来了，让我看看你的实力最近有没有进步。']	[2000]
1821	1081003		100	IDLE	['要时刻保持锋利。']	[2000]
1822	1081003		100	IDLE	['再精神点，你可是我认可的少数空中花园的人。']	[2000]
1823	1081003		100	IDLE	['这身机体让我回想起以前的军队生活。']	[2000]
1824	1081003		30	IDLE	['……']	[2000]
1825	1081003		30	IDLE	['(╬￣皿￣)']	[2000]
1826	1081003		30	IDLE	['还是回去好了。']	[2000]
1827	1081003		30	IDLE	['来了。']	[2000]
1828	1081003		30	IDLE	['我要出去透透气。']	[2000]
1829	1081003		50	IDLE	['?']	[2000]
1830	1081003		50	IDLE	['稍微活动下。']	[2000]
1831	1081003		50	IDLE	['有事吗？']	[2000]
1832	1081003		50	IDLE	['找我？']	[2000]
1833	1081003		50	IDLE	['嗯……']	[2000]
1834	1081003		80	IDLE	['还不错。']	[2000]
1835	1081003		80	IDLE	['哼?哼?']	[2000]
1836	1081003		80	IDLE	['咦，那边有什么？']	[2000]
1837	1081003		100	IDLE	['还不错。']	[2000]
1838	1081003		100	IDLE	['哼?哼?']	[2000]
1839	1081003		100	IDLE	['咦，那边有什么？']	[2000]
1840	1081003		100	IDLE	['决定了，就这么做。']	[2000]
1841	1081003		100	IDLE	['好久不见，我的朋友。']	[2000]
1842	1081003			IDLE	['现在还不能去床上休息。', '还有很多事没处理。', '就算指挥官你这么说也……']	[2000, 2000, 2000]
1843	1081003			IDLE	['好吧，那就稍微闭目养神一会。']	[2000]
1844	1081003			IDLE	['工作之余泡杯薄荷茶去沙发上坐一会这种事。', '你不觉得很惬意吗？']	[2000, 2000]
1845	1081003			IDLE	['很舒服，要不要一起试试。']	[2000]
1846	1081003			IDLE	['我的武器箱呢？', '我记得有从遗忘者基地带过来。']	[2000, 2000]
1847	1081003			IDLE	['原来在柜子这边啊，谢了。']	[2000]
1848	1081003			IDLE	['我的笑话真有那么冷吗？', '我觉得还好啊。']	[2000, 2000]
1849	1081003			IDLE	['指挥官你来了，别走别走，我给你讲个笑话。']	[2000]
1850	1081003			IDLE	['指挥官今天闲下来了？', '那继续进行搏斗训练吧。']	[2000, 2000]
1851	1081003			IDLE	['正好我一个人没事做。']	[2000]
1852	1081003			IDLE	['啊，抱歉，我都没注意到你来了。', '我正在制作宿舍的防守方案，用不到是最好的。']	[2000, 2000]
1853	1081003			IDLE	['个人习惯罢了，希望你不要介意。']	[2000]
1854	1081003			IDLE	['干嘛这样看我，你第一次见构造体喝酒吗？', '电解酒液，檀香口味。']	[2000, 2000]
1855	1081003			IDLE	['这对……执行任务也是有帮助的。']	[2000]
1856	1081003			IDLE	['让我蹲下给你摸头？', '就算你这么看着我也不行！', '……', '唉，下不为例。']	[2000, 2000, 2000, 2000]
1857	1081003			IDLE	['有种奇妙的感觉，不，我并不反感。']	[2000]
1858	1081003		80	IDLE	['我并不是讨厌比安卡。', '只是我们一起经历了很多。', '所以相处起来，我会有些不自在。']	[2000, 2000, 2000]
1859	1081003		80	IDLE	['很在意我的机体？', '我不想谈论它。', '有些东西以后你会知道的。']	[2000, 2000, 2000]
1860	1081003		100	IDLE	['??', '这是我和布鲁斯在一起时常唱的歌。', '那家伙唱得可比我好听多了。', '虽然有点老，但你要想学的话我也可以教你。']	[2000, 2000, 2000, 2000]
1861	1081003		100	IDLE	['我脸上的绷带吗？', '战斗中被划伤了而已。', '这点小事可没必要专门维护一次。']	[2000, 2000, 2000]
1862	1081003		100	IDLE	['好久不见，指挥官。', '我给你带了一些遗忘者的礼物。', '放心收下吧，这次可不会有什么猫腻。']	[2000, 2000, 2000]
1863	1081003		100	IDLE	['好久不见，指挥官。', '我给你带了一些遗忘者的礼物。', '放心收下吧，这次可不会有什么猫腻。']	[2000, 2000, 2000]
1901	1091002		10	IDLE	['这里的颜色太单一了。']	[2000]
1902	1091002		10	IDLE	['一点也不优美。']	[2000]
1903	1091002		10	IDLE	['遇到瓶颈了……']	[2000]
1904	1091002		10	IDLE	['经纪人呢？']	[2000]
1905	1091002		30	IDLE	['需要准备些新的素材了。']	[2000]
1906	1091002		30	IDLE	['让我来为宿舍添加新的色彩吧。']	[2000]
1907	1091002		30	IDLE	['下次去哪取材呢。']	[2000]
1908	1091002		30	IDLE	['啊，抱歉，我在创作时不喜欢说话。']	[2000]
1909	1091002		30	IDLE	['你在看哪里呢？']	[2000]
1910	1091002		50	IDLE	['需要准备些新的素材了。']	[2000]
1911	1091002		50	IDLE	['让我来为宿舍添加新的色彩吧。']	[2000]
1912	1091002		50	IDLE	['下次去哪取材呢。']	[2000]
1913	1091002		50	IDLE	['啊，抱歉，我在创作时不喜欢说话。']	[2000]
1914	1091002		50	IDLE	['你在看哪里呢？']	[2000]
1915	1091002		80	IDLE	['指挥官，领结乱了哦，艾拉来给你调整下。']	[2000]
1916	1091002		80	IDLE	['咦？是又有新任务了吗？']	[2000]
1917	1091002		80	IDLE	['指挥官站着别动哦，艾拉画个速写。']	[2000]
1918	1091002		80	IDLE	['无论是创作还是战斗，都要保持优雅。']	[2000]
1919	1091002		100	IDLE	['指挥官，领结乱了哦，艾拉来给你调整下。']	[2000]
1920	1091002		100	IDLE	['咦？是又有新任务了吗？']	[2000]
1921	1091002		100	IDLE	['指挥官站着别动哦，艾拉画个速写。']	[2000]
1922	1091002		100	IDLE	['无论是创作还是战斗，都要保持优雅。']	[2000]
1923	1091002		100	IDLE	['指挥官来啦，再靠近艾拉一些也没关系哦。']	[2000]
1924	1091002		30	IDLE	['一直待着可不行，要多出去寻找灵感。']	[2000]
1925	1091002		30	IDLE	['帽子歪了。']	[2000]
1926	1091002		30	IDLE	['不太行呢，找不到“美”的存在。']	[2000]
1927	1091002		30	IDLE	['干嘛？']	[2000]
1928	1091002		30	IDLE	['(｀??)=3']	[2000]
1929	1091002		50	IDLE	['作为艾拉的指挥官，可要更耀眼一些哦。']	[2000]
1930	1091002		50	IDLE	['?~']	[2000]
1931	1091002		50	IDLE	['∑0-0']	[2000]
1932	1091002		50	IDLE	['找我吗？']	[2000]
1933	1091002		50	IDLE	['活动活动下。']	[2000]
1934	1091002		80	IDLE	['0v0']	[2000]
1935	1091002		80	IDLE	['哼?哼?']	[2000]
1936	1091002		80	IDLE	['好，灵感来啦！']	[2000]
1937	1091002		100	IDLE	['0v0']	[2000]
1938	1091002		100	IDLE	['哼?哼?']	[2000]
1939	1091002		100	IDLE	['好，灵感来啦！']	[2000]
1940	1091002		100	IDLE	['你来啦？']	[2000]
1941	1091002		100	IDLE	['?']	[2000]
1942	1091002			IDLE	['就差最后一点啦。', '让我再熬一会把这个作品画完。', '不能停下！']	[2000, 2000, 2000]
1943	1091002			IDLE	['不能，停，不能，不ZZZZZZ']	[2000]
1944	1091002			IDLE	['终于借到这本艺术史了。', '指挥官，要不要一起去沙发上读完它呢？']	[2000, 2000]
1945	1091002			IDLE	['嘿，坐过来吧。']	[2000]
1946	1091002			IDLE	['啊啦，颜料溅到柜子那边去了。', '等我画完这一笔再去清理。']	[2000, 2000]
1947	1091002			IDLE	['谢啦，作为奖励下次为你画像哦。']	[2000]
1948	1091002			IDLE	['一直待在同一个地方能够创作的作品总是有限的。', '指挥官，外面的天气这么好。']	[2000, 2000]
1949	1091002			IDLE	['和艾拉一起出去感受艺术的气息吧！']	[2000]
1950	1091002			IDLE	['指挥官你来啦。', '我正在和经纪人确认下次画展的举办场地。']	[2000, 2000]
1951	1091002			IDLE	['有给你预留vip席位哦。']	[2000]
1952	1091002			IDLE	['有看出艾拉和平时有什么变化吗？', '当然有不一样了。']	[2000, 2000]
1953	1091002			IDLE	['每一天的艾拉都是与众不同的。']	[2000]
1954	1091002			IDLE	['艾拉正在思考宿舍的哪个地方适合创作。', '指挥官你有什么好的建议吗？']	[2000, 2000]
1955	1091002			IDLE	['果然还是把整个宿舍改造成画室更方便些。']	[2000]
1956	1091002			IDLE	['咦，我的装扮有什么问题吗？', '只是单纯的要帮我整理下呀。', '是指挥官的话，可以哦。']	[2000, 2000, 2000]
1957	1091002			IDLE	['谢啦。']	[2000]
1958	1091002		80	IDLE	['艾拉正在回粉丝的邮件。', '回应粉丝也是很重要的一件事哦。', '当然，再重要的事也比不过指挥官你的事了。']	[2000, 2000, 2000]
1959	1091002		80	IDLE	['这个世界还有很多艾拉想要去探索的地方。', '未知的场所蕴含着丰富的艺术宝藏。', '当然最重要的，是在那些地方有指挥官你的陪伴。']	[2000, 2000, 2000]
1960	1091002		100	IDLE	['指挥官的造型太单一啦！', '可不要说你有五百件相同的外套。', '让艾拉给你设计几套时尚的装扮。', '保证你成为指挥官中的前卫先锋哦。']	[2000, 2000, 2000, 2000]
1961	1091002		100	IDLE	['和指挥官相处的这段时间。', '总会突然间迸发出新的灵感呢。', '所以指挥官可不许离开艾拉的身边哦。']	[2000, 2000, 2000]
1962	1091002		100	IDLE	['指挥官你在这里呀。', '这是艾拉在寻找艺术品时找到的。', '似乎能对你有所帮助。', '就送给指挥官啦。']	[2000, 2000, 2000, 2000]
1963	1091002		100	IDLE	['指挥官你在这里呀。', '这是艾拉在寻找艺术品时找到的。', '似乎能对你有所帮助。', '就送给指挥官啦。']	[2000, 2000, 2000, 2000]
2001	1111002		10	IDLE	['有事吗。']	[2000]
2002	1111002		10	IDLE	['苏菲亚无话可说。']	[2000]
2003	1111002		10	IDLE	['……这里并不适合我。']	[2000]
2004	1111002		10	IDLE	['无法理解你们的战斗方式。']	[2000]
2005	1111002		30	IDLE	['……别出声。神威正在找我。']	[2000]
2006	1111002		30	IDLE	['列车现在行驶到哪里了呢……']	[2000]
2007	1111002		30	IDLE	['苏菲亚，正在考虑如何改良机械臂。']	[2000]
2008	1111002		30	IDLE	['指挥官？']	[2000]
2009	1111002		30	IDLE	['这里的环境，还不错。']	[2000]
2010	1111002		50	IDLE	['……别出声。神威正在找我。']	[2000]
2011	1111002		50	IDLE	['列车现在行驶到哪里了呢……']	[2000]
2012	1111002		50	IDLE	['苏菲亚，正在考虑如何改良机械臂。']	[2000]
2013	1111002		50	IDLE	['指挥官？']	[2000]
2014	1111002		50	IDLE	['这里的环境，还不错。']	[2000]
2015	1111002		80	IDLE	['不知不觉，已经习惯这里了。']	[2000]
2016	1111002		80	IDLE	['指挥官，今天可以带苏菲亚出任务吗。']	[2000]
2017	1111002		80	IDLE	['和大家住在一起，就像以前一样，喜欢。']	[2000]
2018	1111002		80	IDLE	['指挥官，要去散步吗。']	[2000]
2019	1111002		100	IDLE	['不知不觉，已经习惯这里了。']	[2000]
2020	1111002		100	IDLE	['指挥官，今天可以带苏菲亚出任务吗。']	[2000]
2021	1111002		100	IDLE	['和大家住在一起，就像以前一样，喜欢。']	[2000]
2022	1111002		100	IDLE	['指挥官，要去散步吗。']	[2000]
2023	1111002		100	IDLE	['就这样一直呆在这，感觉也意外不错。']	[2000]
2024	1111002		30	IDLE	['闲聊？我不理解。']	[2000]
2025	1111002		30	IDLE	['请让我一个人呆着。']	[2000]
2026	1111002		30	IDLE	['……如果是在列车，我也许会知道该做什么。']	[2000]
2027	1111002		30	IDLE	['那颗螺丝掉在哪了？']	[2000]
2028	1111002		30	IDLE	['不想交流。']	[2000]
2029	1111002		50	IDLE	['哼……?']	[2000]
2030	1111002		50	IDLE	['想跟苏菲亚一起散步……？']	[2000]
2031	1111002		50	IDLE	['嗯？只是想起了在检修队时候听到的曲调。']	[2000]
2032	1111002		50	IDLE	['指挥官，和其他人不一样。']	[2000]
2033	1111002		50	IDLE	['我可以帮上什么忙吗？']	[2000]
2034	1111002		80	IDLE	['指挥官，也喜欢口琴吗？']	[2000]
2035	1111002		80	IDLE	['哼……哼……?']	[2000]
2036	1111002		80	IDLE	['以前……检修队老大，教过苏菲亚一点乐器。']	[2000]
2037	1111002		100	IDLE	['指挥官，苏菲亚等你很久了。']	[2000]
2038	1111002		100	IDLE	['苏菲亚，想跟指挥官呆在一起。']	[2000]
2039	1111002		100	IDLE	['指挥官，也喜欢口琴吗？']	[2000]
2040	1111002		100	IDLE	['哼……哼……?']	[2000]
2041	1111002		100	IDLE	['以前……检修队老大，教过苏菲亚一点乐器。']	[2000]
2042	1111002			IDLE	['嗯……？', '只是在观察而已。', '这张床，是不是太大了。一个人，很奢侈。']	[2000, 2000, 2000]
2043	1111002			IDLE	['真的可以吗……但是，好舒服……谢谢。']	[2000]
2044	1111002			IDLE	['指挥官，要出任务吗？', '……没有任务，苏菲亚无事可做。']	[2000, 2000]
2045	1111002			IDLE	['如果是指挥官陪着的话，一直这样无事可做也没关系。']	[2000]
2046	1111002			IDLE	['指挥官，我可以问一个问题吗？', '赛利卡告诉我，不可以把物品藏在排气口。', '我在列车里都是这么做的。']	[2000, 2000, 2000]
2047	1111002			IDLE	['这个可以存储很多零件，很棒。']	[2000]
2048	1111002			IDLE	['里，不错。', '虽然比我差一些。']	[2000, 2000]
2049	1111002			IDLE	['他钻不进通风管。']	[2000]
2050	1111002			IDLE	['指挥官和领袖有点像。', '但又不是完全像。']	[2000, 2000]
2051	1111002			IDLE	['贾米拉领袖，是指引者。但指挥官，更像伙伴。']	[2000]
2052	1111002			IDLE	['苏菲亚在想，能不能给宿舍安装机械臂。', '可以做到很多事。']	[2000, 2000]
2053	1111002			IDLE	['清洁，整理，战斗……唔，不用考虑战斗吗？']	[2000]
2054	1111002			IDLE	['指挥官，神威要我问你要不要一起打游戏。', '神威说他少一个队友。', '哦，我操控两个角色。']	[2000, 2000, 2000]
2055	1111002			IDLE	['苏菲亚的机械臂，很厉害。']	[2000]
2056	1111002			IDLE	['指挥官，怎么了？', '我脸上有机油吗……', '唔……']	[2000, 2000, 2000]
2057	1111002			IDLE	['指挥官，温柔。这样很好。']	[2000]
2058	1111002		80	IDLE	['指挥官，在做什么？', '装扮宿舍对苏菲亚来说，无所谓。', '不管是艰苦的环境，还是舒适的环境，苏菲亚都能适应。', '只要指挥官还在身边。']	[2000, 2000, 2000, 2000]
2059	1111002		80	IDLE	['苏菲亚最大的愿望，是每天都可以出任务。', '付出劳动才有资格得到报酬。', '免费的东西，不能持久。']	[2000, 2000, 2000]
2060	1111002		100	IDLE	['……', '唔，在写信而已。', '之前收到了领袖写的信。', '苏菲亚知道，期待回信的感受。', '所以苏菲亚也要回信才行。']	[2000, 2000, 2000, 2000, 2000]
2061	1111002		100	IDLE	['宿舍的空调系统坏了吗？', '交给我。', '苏菲亚很快可以解决。']	[2000, 2000, 2000]
2062	1111002		100	IDLE	['指挥官，心情不好吗？', '……这个给你。', '我储存的物资。', '得到新的物资，心情会变好。']	[2000, 2000, 2000, 2000]
2063	1111002		100	IDLE	['指挥官，心情不好吗？', '……这个给你。', '我储存的物资。', '得到新的物资，心情会变好。']	[2000, 2000, 2000, 2000]
2101	81600		10	IDLE	['想死吗？']	[2000]
2102	81600		10	IDLE	['……']	[2000]
2103	81600		10	IDLE	['可笑。']	[2000]
2104	81600		10	IDLE	['哼。']	[2000]
2105	81600		30	IDLE	['别打扰我，我正在思考怎么炸了这间宿舍。']	[2000]
2106	81600		30	IDLE	['呵。']	[2000]
2107	81600		30	IDLE	['真是可悲的生物。']	[2000]
2108	81600		30	IDLE	['我觉得这块天花板很适合让我吊在上面晃。']	[2000]
2109	81600		30	IDLE	['哼哼。']	[2000]
2110	81600		50	IDLE	['别打扰我，我正在思考怎么炸了这间宿舍。']	[2000]
2111	81600		50	IDLE	['呵。']	[2000]
2112	81600		50	IDLE	['真是可悲的生物。']	[2000]
2113	81600		50	IDLE	['我觉得这块天花板很适合让我吊在上面晃。']	[2000]
2114	81600		50	IDLE	['哼哼。']	[2000]
2115	81600		80	IDLE	['怎么？游戏开始了吗？']	[2000]
2116	81600		80	IDLE	['来，取悦我吧。']	[2000]
2117	81600		80	IDLE	['哈哈哈哈哈。']	[2000]
2118	81600		80	IDLE	['开始变得有趣起来了。']	[2000]
2119	81600		100	IDLE	['怎么？游戏开始了吗？']	[2000]
2120	81600		100	IDLE	['来，取悦我吧。']	[2000]
2121	81600		100	IDLE	['哈哈哈哈哈。']	[2000]
2122	81600		100	IDLE	['开始变得有趣起来了。']	[2000]
2123	81600		100	IDLE	['还不错哦。']	[2000]
2124	81600		30	IDLE	['哼。']	[2000]
2125	81600		30	IDLE	['太无聊了。']	[2000]
2126	81600		30	IDLE	['滚开。']	[2000]
2127	81600		30	IDLE	['干嘛？']	[2000]
2128	81600		30	IDLE	['￣へ￣']	[2000]
2129	81600		50	IDLE	['?~']	[2000]
2130	81600		50	IDLE	['吃我一枪。']	[2000]
2131	81600		50	IDLE	['有没有谁来和我打一架呢。']	[2000]
2132	81600		50	IDLE	['嘻嘻。']	[2000]
2133	81600		50	IDLE	['那个位置感觉很适合埋一颗炸弹。']	[2000]
2134	81600		80	IDLE	['我还没玩够呢，继续啊。']	[2000]
2135	81600		80	IDLE	['今天又有哪些有趣的事在等着我呢。']	[2000]
2136	81600		80	IDLE	['有意思。']	[2000]
2137	81600		100	IDLE	['我还没玩够呢，继续啊。']	[2000]
2138	81600		100	IDLE	['今天又有哪些有趣的事在等着我呢。']	[2000]
2139	81600		100	IDLE	['有意思。']	[2000]
2140	81600		100	IDLE	['哼?哼?']	[2000]
2141	81600		100	IDLE	['呵呵呵。']	[2000]
2142	81600			IDLE	['在你这待得真是太无聊了。', '我去睡了。']	[2000, 2000]
2143	81600			IDLE	['遇到更有意思的事再叫醒我。']	[2000]
2144	81600			IDLE	['啊，不想工作。', '我去沙发上躺一会。']	[2000, 2000]
2145	81600			IDLE	['好久没遇到有趣的事了。']	[2000]
2146	81600			IDLE	['今天是个外出狩猎的好天气。', '咦，你把我的武器藏哪了？', '可恶，以为放到柜子里锁上我就没办法了吗。']	[2000, 2000, 2000]
2147	81600			IDLE	['搞定，我的工具可是很齐全的。']	[2000]
2148	81600			IDLE	['这种高爆弹可以在接触目标的瞬间产生巨大爆炸。', '不过我还没试过具体威力。']	[2000, 2000]
2149	81600			IDLE	['呵呵，你来的正好。']	[2000]
2150	81600			IDLE	['我才不是工具人！', '你才是工具人。']	[2000, 2000]
2151	81600			IDLE	['你全家都是工具人。']	[2000]
2152	81600			IDLE	['前不久我发现了一个很有趣的游戏。', '这把枪里只塞着一发子弹，我们拿它对着脑门轮流开枪。', '看看谁的运气更好一点。']	[2000, 2000, 2000]
2153	81600			IDLE	['怎么样，很好玩吧。']	[2000]
2154	81600			IDLE	['所以到底是谁给了你直接接触我的勇气？', '你就这么不怕死吗？', '算了，这么早杀你也没什么意思。', '感觉只要你还在，就总会发生些有趣的事。']	[2000, 2000, 2000, 2000]
2155	81600			IDLE	['可别让我失望了。']	[2000]
2156	81600			IDLE	['你想对我做什么？', '抚，抚摸？', '呃……别过来！']	[2000, 2000, 2000]
2157	81600			IDLE	['这就是你们人类新的恶趣味吗？']	[2000]
2158	81600		80	IDLE	['呐，你渴望力量吗？', '要不要加入我们。', '我想这一定会很有意思。']	[2000, 2000, 2000]
2159	81600		80	IDLE	['哼?哼?', '哦，你来了。', '要和我共舞一曲吗？']	[2000, 2000, 2000]
2160	81600		100	IDLE	['想知道我这一招大旋风怎么来的？', '那我就大发慈悲的告诉你吧。', '其实我们那边的杂物都是我负责收拾的。', '为了省时间我经常这样把杂物吹走。']	[2000, 2000, 2000, 2000]
2161	81600		100	IDLE	['放弃吧。', '你做的这一切都是徒劳。', '你根本没办法从我这里获得任何消息。', '所以快把这玩意拿走。', '别扫我的条形码了！']	[2000, 2000, 2000, 2000, 2000]
2162	81600		100	IDLE	['今天我心情不错。', '看在最近你给我找了这么多乐子的份上。', '这玩意就送给你了。']	[2000, 2000, 2000]
2163	81600		100	IDLE	['今天我心情不错。', '看在最近你给我找了这么多乐子的份上。', '这玩意就送给你了。']	[2000, 2000, 2000]
2201	81500		10	IDLE	['颜料罐见底了。']	[2000]
2202	81500		10	IDLE	['灵感枯竭。']	[2000]
2203	81500		10	IDLE	['爆炸的艺术！']	[2000]
2204	81500		10	IDLE	['画不动了……']	[2000]
2205	81500		30	IDLE	['今天画点什么呢？']	[2000]
2206	81500		30	IDLE	['感觉少了点艺术的氛围。']	[2000]
2207	81500		30	IDLE	['准备开始创作了！']	[2000]
2208	81500		30	IDLE	['嘻嘻。']	[2000]
2209	81500		30	IDLE	['唔。']	[2000]
2210	81500		50	IDLE	['今天画点什么呢？']	[2000]
2211	81500		50	IDLE	['感觉少了点艺术的氛围。']	[2000]
2212	81500		50	IDLE	['准备开始创作了！']	[2000]
2213	81500		50	IDLE	['嘻嘻。']	[2000]
2214	81500		50	IDLE	['唔。']	[2000]
2215	81500		80	IDLE	['啊，有想法了。']	[2000]
2216	81500		80	IDLE	['让我给房间增加点色彩吧~']	[2000]
2217	81500		80	IDLE	['涂涂涂。']	[2000]
2218	81500		80	IDLE	['嘻嘻。']	[2000]
2219	81500		100	IDLE	['好，就快画完了！']	[2000]
2220	81500		100	IDLE	['啊，有想法了。']	[2000]
2221	81500		100	IDLE	['让我给房间增加点色彩吧~']	[2000]
2222	81500		100	IDLE	['涂涂涂。']	[2000]
2223	81500		100	IDLE	['嘻嘻。']	[2000]
2224	81500		30	IDLE	['涂鸦，涂鸦。']	[2000]
2225	81500		30	IDLE	['……']	[2000]
2226	81500		30	IDLE	['这边也得涂几笔。']	[2000]
2227	81500		30	IDLE	['不许侮辱我的画作！']	[2000]
2228	81500		30	IDLE	['(｀Д?)']	[2000]
2229	81500		50	IDLE	['我的颜料罐哪去了？']	[2000]
2230	81500		50	IDLE	['0v0']	[2000]
2231	81500		50	IDLE	['?~']	[2000]
2232	81500		50	IDLE	['那边感觉很适合涂鸦。']	[2000]
2233	81500		50	IDLE	['嘿嘿。']	[2000]
2234	81500		80	IDLE	['@-@']	[2000]
2235	81500		80	IDLE	['接下来就是艺术的时间！']	[2000]
2236	81500		80	IDLE	['哎呀，这边有点画不到了。']	[2000]
2237	81500		100	IDLE	['?~?~']	[2000]
2238	81500		100	IDLE	['啦啦啦~']	[2000]
2239	81500		100	IDLE	['@-@']	[2000]
2240	81500		100	IDLE	['接下来就是艺术的时间！']	[2000]
2241	81500		100	IDLE	['哎呀，这边有点画不到了。']	[2000]
2242	81500			IDLE	['没有灵感……', '去床上躺会吧。', '毕竟艺术家的灵感大多数时候都是在厕所和床上想到的。']	[2000, 2000, 2000]
2243	81500			IDLE	['嗯……ZZZZZZ']	[2000]
2244	81500			IDLE	['一直站着涂鸦有点累。', '让我去沙发上坐一会，顺便调点颜料吧。']	[2000, 2000]
2245	81500			IDLE	['啊，颜料都溅到沙发上了。']	[2000]
2246	81500			IDLE	['指挥官，你有看到我的涂鸦工具吗？', '我记得上次创作完之后有好好收起来的。']	[2000, 2000]
2247	81500			IDLE	['原来在柜子里呀，谢谢指挥官帮我找到了。']	[2000]
2248	81500			IDLE	['我画的东西，就这么让人难以理解吗……', '果然大部分人都无法理解真正的艺术。']	[2000, 2000]
2249	81500			IDLE	['唉，这就是天才的孤独吧。']	[2000]
2250	81500			IDLE	['好好欣赏下吧。', '我最新的大作。']	[2000, 2000]
2251	81500			IDLE	['嘿嘿，是不是被震撼到了。']	[2000]
2252	81500			IDLE	['听说十指相扣的两人能够心意相通。', '指挥官愿意和我试一试吗？']	[2000, 2000]
2253	81500			IDLE	['啊，突然意识到我没有五根手指。']	[2000]
2254	81500			IDLE	['这就是你们人类喜欢的画作吗？', '……']	[2000, 2000]
2255	81500			IDLE	['看来我有必要教教指挥官什么是正确的审美了！']	[2000]
2256	81500			IDLE	['最近一直在仰着脖子喷涂房顶。', '零件都有点僵硬了唉。', '咦？指挥官要帮我调整一下吗？']	[2000, 2000, 2000]
2257	81500			IDLE	['谢谢指挥官！我感觉好多了~']	[2000]
2258	81500		80	IDLE	['指挥官，先站在那里别动哦。', '左手再抬起来一点，完美！', '我要在墙上喷一副你的画像。']	[2000, 2000, 2000]
2259	81500		80	IDLE	['指挥官想要知道这幅画怎么做的？', '很简单哦你看好。', '先这样准备好颜料罐。', '然后这样用力摇晃。', '最后这样用力朝墙上砸过去，好了，完成~']	[2000, 2000, 2000, 2000, 2000]
2260	81500		100	IDLE	['5555', '好多人都说我太胖了。', '指挥官好久没来看我了。', '是不是连你也嫌弃我胖QAQ。']	[2000, 2000, 2000, 2000]
2261	81500		100	IDLE	['这边喷一点，这边再喷一点点。', '这边……啊。', '指挥官，你怎么这个时候突然开门。', '幸亏我的颜料是对人体无害的。', '来，快去清洗一下吧。']	[2000, 2000, 2000, 2000, 2000]
2262	81500		100	IDLE	['这是我那天外出涂鸦时捡到的。', '看起来好像还能用，就送给你好了~', '希望指挥官能够不要嫌弃。']	[2000, 2000, 2000]
2263	81500		100	IDLE	['这是我那天外出涂鸦时捡到的。', '看起来好像还能用，就送给你好了~', '希望指挥官能够不要嫌弃。']	[2000, 2000, 2000]
2301	92030		10	IDLE	['咿呀……']	[2000]
2302	92030		10	IDLE	['好无聊…哼哼…哼。']	[2000]
2303	92030		10	IDLE	['指挥官不在的空中花园？…不如消失掉…哼。']	[2000]
2304	92030		10	IDLE	['喂喂…那个人类指挥官呢？']	[2000]
2305	92030		30	IDLE	['…嘿嘿…嘿…']	[2000]
2306	92030		30	IDLE	['指挥官，留下来陪我吧？做什么都可以哦？?']	[2000]
2307	92030		30	IDLE	['先这样……再……嘿嘿嘿……']	[2000]
2308	92030		30	IDLE	['…嘻嘻…指挥官…看我了…啊…我可以兴?奋?一?整?晚?']	[2000]
2309	92030		30	IDLE	['指挥官在哪呢……']	[2000]
2310	92030		50	IDLE	['…嘿嘿…嘿…']	[2000]
2311	92030		50	IDLE	['指挥官，留下来陪我吧？做什么都可以哦？?']	[2000]
2312	92030		50	IDLE	['先这样……再……嘿嘿嘿……']	[2000]
2313	92030		50	IDLE	['…嘻嘻…指挥官…看我了…啊…我可以兴?奋?一?整?晚?']	[2000]
2314	92030		50	IDLE	['指挥官在哪呢……']	[2000]
2315	92030		80	IDLE	['这里…有指挥官的味道…呵呵…']	[2000]
2316	92030		80	IDLE	['呀，怎么办…满脑子都是那个人类…']	[2000]
2317	92030		80	IDLE	['指挥官的眼里，只能有我哦？?']	[2000]
2318	92030		80	IDLE	['能和指挥官共处一室…嘻嘻…好兴奋…']	[2000]
2319	92030		100	IDLE	['这样的礼物…指挥官一定会喜欢…嘻嘻…然后…?']	[2000]
2320	92030		100	IDLE	['这里…有指挥官的味道…呵呵…']	[2000]
2321	92030		100	IDLE	['呀，怎么办…满脑子都是那个人类…']	[2000]
2322	92030		100	IDLE	['指挥官的眼里，只能有我哦？?']	[2000]
2323	92030		100	IDLE	['能和指挥官共处一室…嘻嘻…好兴奋…']	[2000]
2324	92030		30	IDLE	['指挥官…也不在这…']	[2000]
2325	92030		30	IDLE	['为什么指挥官会有别的感染体？我还不够吗？']	[2000]
2326	92030		30	IDLE	['到处都是讨厌的构造体。']	[2000]
2327	92030		30	IDLE	['哼……']	[2000]
2328	92030		30	IDLE	['诶呀…乱看的话，小心我的扳手哦。嘻嘻…']	[2000]
2329	92030		50	IDLE	['找到指挥官…然后…嘻嘻…']	[2000]
2330	92030		50	IDLE	['什么时候…才可以，再次与指挥官战斗…啊……']	[2000]
2331	92030		50	IDLE	['哼嗯哼……已经三分钟没有见到指挥官了……']	[2000]
2332	92030		50	IDLE	['嘘…听到了吗？嘻嘻…']	[2000]
2333	92030		50	IDLE	['指挥官指挥官指挥官指挥官指挥官指挥官指挥官指挥官…']	[2000]
2334	92030		80	IDLE	['嗯哼…哼哼…? 啊，只要想到指挥官，就情不自禁…?']	[2000]
2335	92030		80	IDLE	['呀，指挥官…要和我战斗吗？我不会手?下?留?情?唷?']	[2000]
2336	92030		80	IDLE	['指挥官，你会永远呆在我身边哦？就算打我也没关系哦？嘿嘿…嘻…']	[2000]
2337	92030		100	IDLE	['嗯哼…哼哼…? 啊，只要想到指挥官，就情不自禁…?']	[2000]
2338	92030		100	IDLE	['呀，指挥官…要和我战斗吗？我不会手?下?留?情?唷?']	[2000]
2339	92030		100	IDLE	['指挥官，你会永远呆在我身边哦？就算打我也没关系哦？嘿嘿…嘻…']	[2000]
2340	92030		100	IDLE	['好想念指挥官温暖的皮肤……嘿嘿…嘻嘻嘻…']	[2000]
2341	92030		100	IDLE	['啊…这熟悉的气息…刚才，指挥官就是站在这里的吧……']	[2000]
2342	92030			IDLE	['嘿嘿…那张床，是给空中花园的那位指挥官准备的吧？', '毕竟，构造体…不需要睡眠嘛。', '嘻嘻，就让我来感受一下吧，指挥官睡?觉?的?地?方?']	[2000, 2000, 2000]
2343	92030			IDLE	['嘻…这就是那个人类的气息吗?']	[2000]
2344	92030			IDLE	['指挥官，你来了呀。', '刚才的战斗真棒呢，指挥官轻松打败我的样子……', '嘻嘻，要不要跟我一起坐着休息一下呢？']	[2000, 2000, 2000]
2345	92030			IDLE	['啊啊…居然，和你坐在一起…心都要跳出来了呢。', '啊哈，我当然没有心脏了，要不然，你摸摸看？…嘻嘻，居然没上当呢。']	[2000, 2000]
2346	92030			IDLE	['咦，是在问我吗？', '唔，我的手臂呀…在刚才的战斗中断掉了。', '呵呵…难道，在关心我吗？指挥官的话，怎么对我都可以哦…']	[2000, 2000, 2000]
2347	92030			IDLE	['把我带到修理工具面前，是想继续跟我战斗吗？我不会拒绝哦…一切和指挥官接?触?的机会?']	[2000]
2348	92030			IDLE	['唷，虽然指挥官战斗的时候很无情…', '但指挥官在生活中，意外绅士呢…', '嘻嘻…这样的人类可不多了…']	[2000, 2000, 2000]
2349	92030			IDLE	['虽说大部分人类，在我面前都没有机会展示绅士…谁让他们是我的手下败将呢…只有指挥官，是特殊的哦?']	[2000]
2350	92030			IDLE	['唷，空中花园的指挥官呀？', '自从在战斗中败在你的手下，我就记住你了哦…嘻嘻…', '干净漂亮的指挥…炙热独特的温度…']	[2000, 2000, 2000]
2351	92030			IDLE	['啊…想想就…嘻嘻…我可以，再靠近你一点吗？?']	[2000]
2352	92030			IDLE	['指挥官真狠心呀…']	[2000]
2353	92030			IDLE	['你说，除了我还有谁会心甘情愿地被指挥官欺负了呢？?']	[2000]
2354	92030			IDLE	['咦，想知道我的身份吗？']	[2000]
2355	92030			IDLE	['呀呀……']	[2000]
2356	92030			IDLE	['人类指挥官？这样盯着我看…', '是在想什么奇怪的事吗？嘻嘻…', '别看我这样，人家好歹也是女孩子嘛。']	[2000, 2000, 2000]
2357	92030			IDLE	['啊…就是这样的触感…嘻嘻…']	[2000]
2358	92030		80	IDLE	['那位人类指挥官，有一个紧急事件哦？', '这里有一个修理机工好像在之前的战斗中出故障了呢…', '啊呀，拜某位人类所赐…', '身为指挥官，是不是要出手修理一下呢？嘻嘻…', '我受伤的心，可是只有指挥官才可以抚慰噢?']	[2000, 2000, 2000, 2000, 2000]
2359	92030		80	IDLE	['指挥官，我很在意你哦…', '唷，那副表情，是不相信吗？', '没关系，耐心可是人家的专长噢 ?']	[2000, 2000, 2000]
2360	92030		100	IDLE	['呀，人类指挥官。', '怎么了？看到我很惊讶吗？', '嘻嘻，我可是掌握着你的一举一动哦…', '不相信吗？呵呵，仔细回想一下…说不定你记忆中的每一场战斗都有我的存在哦？']	[2000, 2000, 2000, 2000]
2361	92030		100	IDLE	['唔呣…为什么喜欢指挥官？', '呀，就这么在意这件事吗？', '嗯哼…那，凑近一点就告诉你哦。', '哎呀，被吓跑了…真可爱…嘻嘻…']	[2000, 2000, 2000, 2000]
2362	92030		100	IDLE	['呀，总算找到你了呢，空中花园的人类指挥官…', '呀，总算找到你了呢，空中花园的人类指挥官…', '呀，总算找到你了呢，空中花园的人类指挥官…', '怎么样，喜欢吗？我是不是可以得到指挥官你的特·别·奖·励呢?']	[2000, 2000, 2000, 2000]
2363	92030		100	IDLE	['呀，总算找到你了呢，空中花园的人类指挥官…', '呀，总算找到你了呢，空中花园的人类指挥官…', '呀，总算找到你了呢，空中花园的人类指挥官…', '怎么样，喜欢吗？我是不是可以得到指挥官你的特·别·奖·励呢?']	[2000, 2000, 2000, 2000]
2401	1041003		10	IDLE	['有点不舒服。']	[2000]
2402	1041003		10	IDLE	['不，我没事。']	[2000]
2403	1041003		10	IDLE	['神抛弃了这里吗……']	[2000]
2404	1041003		10	IDLE	['嗯……']	[2000]
2405	1041003		30	IDLE	['这样就好。']	[2000]
2406	1041003		30	IDLE	['您来了。']	[2000]
2407	1041003		30	IDLE	['不好意思，我正在祷告。']	[2000]
2408	1041003		30	IDLE	['嗯。']	[2000]
2409	1041003		30	IDLE	['有什么事吗？']	[2000]
2410	1041003		50	IDLE	['这样就好。']	[2000]
2411	1041003		50	IDLE	['您来了。']	[2000]
2412	1041003		50	IDLE	['不好意思，我正在祷告。']	[2000]
2413	1041003		50	IDLE	['嗯。']	[2000]
2414	1041003		50	IDLE	['有什么事吗？']	[2000]
2415	1041003		80	IDLE	['欢迎回来，指挥官。']	[2000]
2416	1041003		80	IDLE	['要一起出去散散步吗？']	[2000]
2417	1041003		80	IDLE	['愿神保佑您。']	[2000]
2418	1041003		80	IDLE	['您来了，需要的东西我已经帮您收拾好了。']	[2000]
2419	1041003		100	IDLE	['欢迎回来，指挥官。']	[2000]
2420	1041003		100	IDLE	['要一起出去散散步吗？']	[2000]
2421	1041003		100	IDLE	['愿神保佑您。']	[2000]
2422	1041003		100	IDLE	['您来了，需要的东西我已经帮您收拾好了。']	[2000]
2423	1041003		100	IDLE	['小心，这样容易触电。']	[2000]
2424	1041003		30	IDLE	['已经足够了。']	[2000]
2425	1041003		30	IDLE	['需要进行审判。']	[2000]
2426	1041003		30	IDLE	['嗯……']	[2000]
2427	1041003		30	IDLE	['干什么？']	[2000]
2428	1041003		30	IDLE	['(ー_ー)']	[2000]
2429	1041003		50	IDLE	['谁在那。']	[2000]
2430	1041003		50	IDLE	['要清理的下一个目标是谁。']	[2000]
2431	1041003		50	IDLE	['找我吗？']	[2000]
2432	1041003		50	IDLE	['……']	[2000]
2433	1041003		50	IDLE	['愿神保佑。']	[2000]
2434	1041003		80	IDLE	['有谁需要帮助吗？']	[2000]
2435	1041003		80	IDLE	['稍等，我来了。']	[2000]
2436	1041003		80	IDLE	['祷告时间就快到了。']	[2000]
2437	1041003		100	IDLE	['有谁需要帮助吗？']	[2000]
2438	1041003		100	IDLE	['稍等，我来了。']	[2000]
2439	1041003		100	IDLE	['祷告时间就快到了。']	[2000]
2440	1041003		100	IDLE	['出发前的准备工作做好了吗？']	[2000]
2441	1041003		100	IDLE	['?']	[2000]
2442	1041003			IDLE	['多谢指挥官关心。', '我现在还不需要休息。', '……', '好吧，既然您如此坚持的话……']	[2000, 2000, 2000, 2000]
2443	1041003			IDLE	['愿我们一起做个好梦。']	[2000]
2444	1041003			IDLE	['唔……看来是这幅机体使用时间有点久了。', '能麻烦指挥官扶我去那边休息一下吗？']	[2000, 2000]
2445	1041003			IDLE	['谢谢。']	[2000]
2446	1041003			IDLE	['指挥官，您是在找之前的那些文件吗？', '为了方便查找，我帮您收在了柜子里。', '稍等一下，我去帮您拿。']	[2000, 2000, 2000]
2447	1041003			IDLE	['找到了，还有什么需要我帮您的吗？']	[2000]
2448	1041003			IDLE	['远处传来的钟声。', '有种熟悉的感觉。']	[2000, 2000]
2449	1041003			IDLE	['嗯，很安心。']	[2000]
2450	1041003			IDLE	['您好，指挥官。']	[2000]
2451	1041003			IDLE	['今天也要一起进行祷告吗？']	[2000]
2452	1041003			IDLE	['咦，真的要我去代替指挥官进行抽奖吗？', '既然您这么要求的话。']	[2000, 2000]
2453	1041003			IDLE	['不过事先说明，这方面我的运气一直……']	[2000]
2454	1041003			IDLE	['现在我并不是以清理部队的身份来见指挥官的。', '所以您不用这么紧张。']	[2000, 2000]
2455	1041003			IDLE	['和平常一样就好。']	[2000]
2456	1041003			IDLE	['咦？要帮我维护机体吗？', '这点小事不用麻烦指挥官的。', '唔……']	[2000, 2000, 2000]
2457	1041003			IDLE	['您真是温柔。']	[2000]
2458	1041003		80	IDLE	['指挥官，工作辛苦了。', '我准备了茶点。', '不介意的话可以品尝一下休息休息。']	[2000, 2000, 2000]
2459	1041003		80	IDLE	['很在意我衣服上的这些文字吗？', '是很久以前我自己写上去的。', '那时我正在学习这种书法。', '在指挥官面前献丑了。']	[2000, 2000, 2000, 2000]
2460	1041003		100	IDLE	['指挥官，这身衣服很适合您。', '嗯，先别动。', '……', '好了，帮您稍微整理了一下。', '看起来更加有精神了。']	[2000, 2000, 2000, 2000, 2000]
2461	1041003		100	IDLE	['渡边的反应吗？', '意料之中，指挥官不用介意。', '毕竟他也从未见过我的这幅机体。']	[2000, 2000, 2000]
2462	1041003		100	IDLE	['指挥官，这个给您。', '不久前我看到神威从外面走过去。', '这是从他身上掉下来的。', '就先交给指挥官保管好了。']	[2000, 2000, 2000, 2000]
2463	1041003		100	IDLE	['指挥官，这个给您。', '不久前我看到神威从外面走过去。', '这是从他身上掉下来的。', '就先交给指挥官保管好了。']	[2000, 2000, 2000, 2000]
2501	1121002		10	IDLE	['毫无规矩可言。']	[2000]
2502	1121002		10	IDLE	['太散漫了。']	[2000]
2503	1121002		10	IDLE	['做得还不够。']	[2000]
2504	1121002		10	IDLE	['应该更好一点。']	[2000]
2505	1121002		30	IDLE	['立正。']	[2000]
2506	1121002		30	IDLE	['幸好。']	[2000]
2507	1121002		30	IDLE	['不行，还不够完美。']	[2000]
2508	1121002		30	IDLE	['这不符合规定。']	[2000]
2509	1121002		30	IDLE	['总觉得少了些什么。']	[2000]
2510	1121002		50	IDLE	['立正。']	[2000]
2511	1121002		50	IDLE	['幸好。']	[2000]
2512	1121002		50	IDLE	['不行，还不够完美。']	[2000]
2513	1121002		50	IDLE	['这不符合规定。']	[2000]
2514	1121002		50	IDLE	['总觉得少了些什么。']	[2000]
2515	1121002		80	IDLE	['还差得远呢。']	[2000]
2516	1121002		80	IDLE	['你好。']	[2000]
2517	1121002		80	IDLE	['是有新的任务了吗？']	[2000]
2518	1121002		80	IDLE	['有事吗？']	[2000]
2519	1121002		100	IDLE	['还差得远呢。']	[2000]
2520	1121002		100	IDLE	['你好。']	[2000]
2521	1121002		100	IDLE	['是有新的任务了吗？']	[2000]
2522	1121002		100	IDLE	['有事吗？']	[2000]
2523	1121002		100	IDLE	['嗯。']	[2000]
2524	1121002		30	IDLE	['……']	[2000]
2525	1121002		30	IDLE	['唔。']	[2000]
2526	1121002		30	IDLE	['唉……']	[2000]
2527	1121002		30	IDLE	['不能懈怠。']	[2000]
2528	1121002		30	IDLE	['是这样吗……']	[2000]
2529	1121002		50	IDLE	['没我盯着，神威那群家伙有没有在好好执行任务呢。']	[2000]
2530	1121002		50	IDLE	['下一步的行动……']	[2000]
2531	1121002		50	IDLE	['似乎有些灰尘。']	[2000]
2532	1121002		50	IDLE	['这里的信号还不错。']	[2000]
2533	1121002		50	IDLE	['怎么了？']	[2000]
2534	1121002		80	IDLE	['那边看起来有点脏，得去打扫一下。']	[2000]
2535	1121002		80	IDLE	['库洛姆，准备完毕，随时可以出发。']	[2000]
2536	1121002		80	IDLE	['状态良好。']	[2000]
2537	1121002		100	IDLE	['那边看起来有点脏，得去打扫一下。']	[2000]
2538	1121002		100	IDLE	['库洛姆，准备完毕，随时可以出发。']	[2000]
2539	1121002		100	IDLE	['状态良好。']	[2000]
2540	1121002		100	IDLE	['还不错。']	[2000]
2541	1121002		100	IDLE	['当心。']	[2000]
2542	1121002			IDLE	['劳累时进行适当的休息对工作会更有帮助。', '计算完成，机体目前的状态休息5分钟即可。']	[2000, 2000]
2543	1121002			IDLE	['那么现在开始计时。']	[2000]
2544	1121002			IDLE	['指挥官，我需要和你确认下次任务的具体细节。', '还有时间，让我们坐下慢慢聊吧。']	[2000, 2000]
2545	1121002			IDLE	['确认完成，如果还有需要的资料可以随时来找我。']	[2000]
2546	1121002			IDLE	['柜子里的物品摆放得有点凌乱。', '我去整理一下。']	[2000, 2000]
2547	1121002			IDLE	['嗯，感谢帮助。']	[2000]
2548	1121002			IDLE	['我……你。', '……不，没什么。']	[2000, 2000]
2549	1121002			IDLE	['忽视我刚才说的话吧。']	[2000]
2550	1121002			IDLE	['咦，你来了。', '我正在查阅新的战斗资料。', '应该能对执行任务多一点帮助。']	[2000, 2000, 2000]
2551	1121002			IDLE	['需要的话我可以帮你总结一份。']	[2000]
2552	1121002			IDLE	['嗯……原来神威的这个东西是这样玩的吗？', '我并不擅长这些。', '所以和其他队员比起来会显得有些沉闷。']	[2000, 2000, 2000]
2553	1121002			IDLE	['如果让你因此觉得无聊我很抱歉。']	[2000]
2554	1121002			IDLE	['虽然早上刚打扫完这里。', '但是总觉得还是不够干净。']	[2000, 2000]
2555	1121002			IDLE	['再来次大扫除好了。']	[2000]
2556	1121002			IDLE	['抚摸？这是你这里的特殊规定吗？', '不，我并没有异议，需要我怎么做？', '像这样再蹲低一点吗？']	[2000, 2000, 2000]
2557	1121002			IDLE	['……原来这就是其他队伍成员之间的交流方式。']	[2000]
2558	1121002		80	IDLE	['这里也有神威的涂鸦……', '给你添麻烦了我很抱歉。', '这也是我的失职。', '所以回去之前请先允许我帮你把它们清理干净。']	[2000, 2000, 2000, 2000]
2559	1121002		80	IDLE	['给你说了多少次，自己的东西要看好。', '我给你准备了那么多背包就是怕你丢东西。', '结果你还是照丢不误，你让我怎么说……', '啊，指挥官什么时候来的。', '不好意思，在你的面前失态了。']	[2000, 2000, 2000, 2000, 2000]
2560	1121002		100	IDLE	['把刘海放下来会显得很没有精神。', '所以我并不喜欢那样。', '但是你坚持想看的话。', '下次我们独处时可以给你看一眼。']	[2000, 2000, 2000, 2000]
2561	1121002		100	IDLE	['指挥官你怎么来了。', '现在不是工作时间吗？', '……我懂了，那么就去休息吧，剩下的事我来帮你处理。']	[2000, 2000, 2000]
2562	1121002		100	IDLE	['感谢指挥官长久以来对我们小队的关照。', '这是我的一点谢礼。', '希望你不要嫌弃。']	[2000, 2000, 2000]
2563	1121002		100	IDLE	['感谢指挥官长久以来对我们小队的关照。', '这是我的一点谢礼。', '希望你不要嫌弃。']	[2000, 2000, 2000]
2601	92670		10	IDLE	['呵。']	[2000]
2602	92670		10	IDLE	['哼。']	[2000]
2603	92670		10	IDLE	['无趣。']	[2000]
2604	92670		10	IDLE	['这样啊……']	[2000]
2605	92670		30	IDLE	['有点意思。']	[2000]
2606	92670		30	IDLE	['你来了。']	[2000]
2607	92670		30	IDLE	['欢迎。']	[2000]
2608	92670		30	IDLE	['该准备下一场演出了。']	[2000]
2609	92670		30	IDLE	['这里的氛围不太合适。']	[2000]
2610	92670		50	IDLE	['有点意思。']	[2000]
2611	92670		50	IDLE	['你来了。']	[2000]
2612	92670		50	IDLE	['欢迎。']	[2000]
2613	92670		50	IDLE	['该准备下一场演出了。']	[2000]
2614	92670		50	IDLE	['这里的氛围不太合适。']	[2000]
2615	92670		80	IDLE	['如梦似幻。']	[2000]
2616	92670		80	IDLE	['今天也要来欣赏我的演出吗？']	[2000]
2617	92670		80	IDLE	['你之所见就是真实吗？']	[2000]
2618	92670		80	IDLE	['要看，花吗？']	[2000]
2619	92670		100	IDLE	['如梦似幻。']	[2000]
2620	92670		100	IDLE	['今天也要来欣赏我的演出吗？']	[2000]
2621	92670		100	IDLE	['你之所见就是真实吗？']	[2000]
2622	92670		100	IDLE	['要看，花吗？']	[2000]
2623	92670		100	IDLE	['欢迎回来。']	[2000]
2624	92670		30	IDLE	['呵呵……']	[2000]
2625	92670		30	IDLE	['有事吗？']	[2000]
2626	92670		30	IDLE	['够了。']	[2000]
2627	92670		30	IDLE	['小心些。']	[2000]
2628	92670		30	IDLE	['~']	[2000]
2629	92670		50	IDLE	['哼哼~']	[2000]
2630	92670		50	IDLE	['嘻嘻。']	[2000]
2631	92670		50	IDLE	['放松。']	[2000]
2632	92670		50	IDLE	['一起出去散散步吧。']	[2000]
2633	92670		50	IDLE	['演出即将开始。']	[2000]
2634	92670		80	IDLE	['呵呵，你觉得这是幻觉吗？']	[2000]
2635	92670		80	IDLE	['来吧，再靠近些……']	[2000]
2636	92670		80	IDLE	['在此，绽放。']	[2000]
2637	92670		100	IDLE	['呵呵，你觉得这是幻觉吗？']	[2000]
2638	92670		100	IDLE	['来吧，再靠近些……']	[2000]
2639	92670		100	IDLE	['在此，绽放。']	[2000]
2640	92670		100	IDLE	['呵呵~']	[2000]
2641	92670		100	IDLE	['想看哪种表演呢？']	[2000]
2642	92670			IDLE	['即使是我，连续地进行演出也会感到疲惫。', '能帮我去床上吗？']	[2000, 2000]
2643	92670			IDLE	['谢谢，一起躺下休息会也是可以的哦。']	[2000]
2644	92670			IDLE	['工作辛苦了，指挥官。', '要不要坐在沙发上看我最新的演出休息一会呢？']	[2000, 2000]
2645	92670			IDLE	['那就坐到这儿来吧，我稍微准备一下~']	[2000]
2646	92670			IDLE	['我的备用零件哪里去了？', '是收到柜子里去了吗？']	[2000, 2000]
2647	92670			IDLE	['谢了，你想要什么样的奖励呢？']	[2000]
2648	92670			IDLE	['呼——', '别紧张，我只是哈口气而已。']	[2000, 2000]
2649	92670			IDLE	['呵呵呵，你的反应很有趣哦~']	[2000]
2650	92670			IDLE	['突然想起了在戏台上和大家一起表演的日子。', '以后有机会的话。']	[2000, 2000]
2651	92670			IDLE	['希望能再次全员为你奉上一台精彩的演出。']	[2000]
2652	92670			IDLE	['烟粉 壹型为您服务。', '放心，我们已经没有对立的理由了。']	[2000, 2000]
2653	92670			IDLE	['以后我的演出记得常来看哦~']	[2000]
2654	92670			IDLE	['我本来的模样……', '我想你还是不要看到比较好~']	[2000, 2000]
2655	92670			IDLE	['免得做奇怪的梦。']	[2000]
2656	92670			IDLE	['对我的身体结构感到好奇吗？', '虽然是可以让你随意触摸。', '但还是要给你个忠告，不要碰我的脸比较好哦。']	[2000, 2000, 2000]
2657	92670			IDLE	['嗯，感觉还不错。']	[2000]
2658	92670		80	IDLE	['不表演时我大部分时间都待在昏暗的仓库之中。', '所以现在的环境对我来说很舒适。', '谢谢。', '我会尽我所能为你带来最棒的演出。']	[2000, 2000, 2000, 2000]
2659	92670		80	IDLE	['我可以根据需要随意变化自己的面容。', '指挥官喜欢的样子我都可以变化出来哦~', '不过，当然是在获得你许可的情况下啦。', '虽然有时候……', '还是会忍不住小小的对你来次恶作剧，嘿嘿。']	[2000, 2000, 2000, 2000, 2000]
2660	92670		100	IDLE	['指挥官，睡得如何？', '下次失眠了还能再来找我哦。', '呵呵，保证为你带来一段安稳的幻梦。']	[2000, 2000, 2000]
2661	92670		100	IDLE	['我正在收拾宿舍。', '因为七实小姐突然拜托我帮她个忙。', '为她在房间里制造适合玩耍的氛围。', '所以把宿舍搞得有些凌乱。', '还请稍等片刻。']	[2000, 2000, 2000, 2000, 2000]
2662	92670		100	IDLE	['我在演出结束回来的路上遇到了一位阿伯。', '从他那里买了一份小礼物想要送给你。', '不知道你会不会喜欢。']	[2000, 2000, 2000]
2663	92670		100	IDLE	['我在演出结束回来的路上遇到了一位阿伯。', '从他那里买了一份小礼物想要送给你。', '不知道你会不会喜欢。']	[2000, 2000, 2000]
2701	813000		10	IDLE	['有什么可以为您效劳的？']	[2000]
2702	813000		10	IDLE	['嗯……']	[2000]
2703	813000		10	IDLE	['强敌当前，无畏不惧。']	[2000]
2704	813000		10	IDLE	['请随意吩咐。']	[2000]
2705	813000		30	IDLE	['喝……哈！']	[2000]
2706	813000		30	IDLE	['要来一杯咖啡吗？']	[2000]
2707	813000		30	IDLE	['命运是无常的。']	[2000]
2708	813000		30	IDLE	['今天的行程是……']	[2000]
2709	813000		30	IDLE	['无论如何无常，在下都会追随主人。']	[2000]
2710	813000		50	IDLE	['喝……哈！']	[2000]
2711	813000		50	IDLE	['要来一杯咖啡吗？']	[2000]
2712	813000		50	IDLE	['命运是无常的。']	[2000]
2713	813000		50	IDLE	['今天的行程是……']	[2000]
2714	813000		50	IDLE	['无论如何无常，在下都会追随主人。']	[2000]
2715	813000		80	IDLE	['愿您有美好的一天。']	[2000]
2716	813000		80	IDLE	['需要在下备战吗？']	[2000]
2717	813000		80	IDLE	['能为您效劳，是在下的荣幸。']	[2000]
2718	813000		80	IDLE	['主人就是主人，主人的话便是命令。']	[2000]
2719	813000		100	IDLE	['愿您有美好的一天。']	[2000]
2720	813000		100	IDLE	['需要在下备战吗？']	[2000]
2721	813000		100	IDLE	['能为您效劳，是在下的荣幸。']	[2000]
2722	813000		100	IDLE	['主人就是主人，主人的话便是命令。']	[2000]
2723	813000		100	IDLE	['保持忠诚是在下身为一名管家的原则。']	[2000]
2724	813000		30	IDLE	['…嗯…']	[2000]
2725	813000		30	IDLE	['￣へ￣']	[2000]
2726	813000		30	IDLE	['……暂且无事发生。']	[2000]
2727	813000		30	IDLE	['我不会随意评价主人为我安排的住所。']	[2000]
2728	813000		30	IDLE	['请恕在下先行告退。']	[2000]
2729	813000		50	IDLE	['骑士精神是战胜一切丑恶的利剑。']	[2000]
2730	813000		50	IDLE	['七实小姐去哪了……']	[2000]
2731	813000		50	IDLE	['在下正在收拾屋子。']	[2000]
2732	813000		50	IDLE	['请问有何事吩咐？']	[2000]
2733	813000		50	IDLE	['主人？']	[2000]
2734	813000		80	IDLE	['喝！']	[2000]
2735	813000		80	IDLE	['即使战斗，也需注意仪态。']	[2000]
2736	813000		80	IDLE	['提升剑术，方可保护主人。']	[2000]
2737	813000		100	IDLE	['喝！']	[2000]
2738	813000		100	IDLE	['即使战斗，也需注意仪态。']	[2000]
2739	813000		100	IDLE	['提升剑术，方可保护主人。']	[2000]
2740	813000		100	IDLE	['随时待命。']	[2000]
2741	813000		100	IDLE	['希望在下能派上用场。']	[2000]
2742	813000			IDLE	['请问有什么可以为您效劳的呢？', '嗯？不……在下并不需要休息。', '但如果您如此要求的话。']	[2000, 2000, 2000]
2743	813000			IDLE	['躺在床上真是奇妙的感觉。']	[2000]
2744	813000			IDLE	['为您服务是我的使命。', '所以无论有何苦恼，都可以随时吩咐在下。', '……若是无事可做，在下可以陪您下一盘棋。']	[2000, 2000, 2000]
2745	813000			IDLE	['啊，好的。就坐在这儿下吧。']	[2000]
2746	813000			IDLE	['主人，请问您有看见我的刺剑吗？', '是七实小姐跟我玩闹时取走的。', '七实小姐不应该接触那么危险的武器。']	[2000, 2000, 2000]
2747	813000			IDLE	['原来在这，谢谢您。']	[2000]
2748	813000			IDLE	['在下应契约而来，效命于主人。', '无论何时，何事。']	[2000, 2000]
2749	813000			IDLE	['在下都将竭力为主人服务。']	[2000]
2750	813000			IDLE	['主人，出任务时请务必当心。']	[2000]
2751	813000			IDLE	['不能为主人护航是在下的失职。']	[2000]
2752	813000			IDLE	['主人，在下有一事想与您商讨。', '请问我是否能上交一份与您一同出任务的申请书？', '一想到主人在我并不知道的地方战斗。']	[2000, 2000, 2000]
2753	813000			IDLE	['在下便坐立难安。']	[2000]
2754	813000			IDLE	['主人可以信任在下。', '不论您如何选择，在下都会誓死追随您。']	[2000, 2000]
2755	813000			IDLE	['这在我成为您的管家那一刻开始，便是既定事实了。']	[2000]
2756	813000			IDLE	['主人，请问有何吩咐？', '摸摸头……？', '当然没问题，需要在下弯下腰来吗？']	[2000, 2000, 2000]
2757	813000			IDLE	['谢谢您对在下的信任。']	[2000]
2758	813000		80	IDLE	['刚才遇到了卡列尼娜小姐……', '她邀请我与她练习实战。', '请问在下应该答应吗？']	[2000, 2000, 2000]
2759	813000		80	IDLE	['身为管家，礼仪行为是必要的要求。', '不能因在下不得当的着装与行为，使主人丢失颜面。']	[2000, 2000]
2760	813000		100	IDLE	['主人，请问有何事？', '在下正在练习剑术。', '跟着主人的这些日子，在下见识了形形色色的敌人，及各式各样的战斗方式。', '为了更好辅佐主人，在下应不断改进剑术。', '以便今后更好地为主人保驾护航。']	[2000, 2000, 2000, 2000, 2000]
2761	813000		100	IDLE	['……偶尔，在下也会回忆起曾经安逸生活的日子。', '能跟随您这样优秀的主人，是我的幸运。', '无论是为了主人，还是为了曾经的时光。', '在下都会披荆斩棘，在所不辞。']	[2000, 2000, 2000, 2000]
2762	813000		100	IDLE	['主人，这是我外出时发现的。', '我在主人的其他队友那曾见过这东西，因此将它带来给您了。', '如果能帮上您，那就再好不过了。', '若还需要这个，请随时吩咐我。']	[2000, 2000, 2000, 2000]
2763	813000		100	IDLE	['主人，这是我外出时发现的。', '我在主人的其他队友那曾见过这东西，因此将它带来给您了。', '如果能帮上您，那就再好不过了。', '若还需要这个，请随时吩咐我。']	[2000, 2000, 2000, 2000]
2801	1000000		10	IDLE	['我不累。']	[2000]
2802	1000000		10	IDLE	['还好吧。']	[2000]
2803	1000000		10	IDLE	['哦。']	[2000]
2804	1000000		10	IDLE	['什么事。']	[2000]
2805	1000000		30	IDLE	['工作使我快乐。']	[2000]
2806	1000000		30	IDLE	['又有新需求了是吗。']	[2000]
2807	1000000		30	IDLE	['……']	[2000]
2808	1000000		30	IDLE	['哇哦。']	[2000]
2809	1000000		30	IDLE	['是的呢。']	[2000]
2810	1000000		50	IDLE	['工作使我快乐。']	[2000]
2811	1000000		50	IDLE	['又有新需求了是吗。']	[2000]
2812	1000000		50	IDLE	['……']	[2000]
2813	1000000		50	IDLE	['哇哦。']	[2000]
2814	1000000		50	IDLE	['是的呢。']	[2000]
2815	1000000		80	IDLE	['该工作了。']	[2000]
2816	1000000		80	IDLE	['我感受到了双手无法抑制的冲动。']	[2000]
2817	1000000		80	IDLE	['我是自愿加班的。']	[2000]
2818	1000000		80	IDLE	['你好，指挥官。']	[2000]
2819	1000000		100	IDLE	['该工作了。']	[2000]
2820	1000000		100	IDLE	['我感受到了双手无法抑制的冲动。']	[2000]
2821	1000000		100	IDLE	['我是自愿加班的。']	[2000]
2822	1000000		100	IDLE	['你好，指挥官。']	[2000]
2823	1000000		100	IDLE	['做得还不够哦。']	[2000]
2824	1000000		30	IDLE	['哈？']	[2000]
2825	1000000		30	IDLE	['走一走。']	[2000]
2826	1000000		30	IDLE	['……']	[2000]
2827	1000000		30	IDLE	['干什么？']	[2000]
2828	1000000		30	IDLE	['咦。']	[2000]
2829	1000000		50	IDLE	['啊……']	[2000]
2830	1000000		50	IDLE	['哈。']	[2000]
2831	1000000		50	IDLE	['搞定了，下一个需求在哪？']	[2000]
2832	1000000		50	IDLE	['这样子啊。']	[2000]
2833	1000000		50	IDLE	['好的。']	[2000]
2834	1000000		80	IDLE	['下班喽，走了走了~']	[2000]
2835	1000000		80	IDLE	['做 得 不 错 呢。']	[2000]
2836	1000000		80	IDLE	['哈~']	[2000]
2837	1000000		100	IDLE	['下班喽，走了走了~']	[2000]
2838	1000000		100	IDLE	['做 得 不 错 呢。']	[2000]
2839	1000000		100	IDLE	['哈~']	[2000]
2840	1000000		100	IDLE	['最近的工作不是很饱和啊。']	[2000]
2841	1000000		100	IDLE	['下一个节日似乎快来了。']	[2000]
2842	1000000			IDLE	['睡到一半又被叫去加班。', '好困啊。']	[2000, 2000]
2843	1000000			IDLE	['咦，你要替我顶班吗，那我就不客气啦~']	[2000]
2844	1000000			IDLE	['下班了。', '坐沙发上刷会论坛吧。', '指挥官你要一起来吗？']	[2000, 2000, 2000]
2845	1000000			IDLE	['看这个，哈桑大叔又在用他的上时代网络用语在论坛上留言了呢……']	[2000]
2846	1000000			IDLE	['你有看到我上次过来时带的咖啡豆放哪去了吗？', '你不想一起喝杯咖啡然后接着工作吗？']	[2000, 2000]
2847	1000000			IDLE	['谢啦，找到了。']	[2000]
2848	1000000			IDLE	['C54区跑道已清空。', '运输机准备就绪。']	[2000, 2000]
2849	1000000			IDLE	['灰鸦的指挥官，你随时可以开始下次的任务了。']	[2000]
2850	1000000			IDLE	['我正在远程加班呢。']	[2000]
2851	1000000			IDLE	['不要打扰我。']	[2000]
2852	1000000			IDLE	['指挥官，你5分钟前提交的报告我已经全部处理完了。', '稍后会把结果发送到你的邮箱。']	[2000, 2000]
2853	1000000			IDLE	['还有什么需要我处理的事吗？']	[2000]
2854	1000000			IDLE	['我正在着手准备天空的霸者赛利卡第二部。', '指挥官，等你有空了记得再来对一下剧本。']	[2000, 2000]
2855	1000000			IDLE	['这次我给杂鱼加了点戏份，肯定能通过了。']	[2000]
2856	1000000			IDLE	['喝啊，是工作太久了吗？', '感觉腰酸背痛的。', '看来得抽个时间去趟按摩店。']	[2000, 2000, 2000]
2857	1000000			IDLE	['咦咦咦，没想到你的手法意外的也不错呢。']	[2000]
2858	1000000		80	IDLE	['我正在认真的思考。', '如何才能让哈桑议长别在我快下班的时候给我提新的需求。', '……', '你这里有麻袋吗？']	[2000, 2000, 2000, 2000]
2859	1000000		80	IDLE	['时间管理可是很重要的。', '不高效利用上班时间做完工作的话。', '可就没办法准点下班了。', '虽然每天都有各种突发事件让我不得不加班。']	[2000, 2000, 2000, 2000]
2860	1000000		100	IDLE	['可敬的对手。', '你有信心接下我尘封于霸王右眼之下的力量吗？', '这句台词你觉得配上这个动作怎么样。']	[2000, 2000, 2000]
2861	1000000		100	IDLE	['每天都在处理不计其数的经费申请。', '什么时候才能给我自己加点经费啊！']	[2000, 2000]
2862	1000000		100	IDLE	['指挥官，空中花园的慰问品已送达。', '若对慰问品有任何疑问都可以找我反馈。', '我会将你的反馈如实……', '添油加醋汇报给哈桑议长的~']	[2000, 2000, 2000, 2000]
2863	1000000		100	IDLE	['指挥官，空中花园的慰问品已送达。', '若对慰问品有任何疑问都可以找我反馈。', '我会将你的反馈如实……', '添油加醋汇报给哈桑议长的~']	[2000, 2000, 2000, 2000]
2901	1021004		10	IDLE	['嗯……']	[2000]
2902	1021004		10	IDLE	['这样的吗。']	[2000]
2903	1021004		10	IDLE	['好……']	[2000]
2904	1021004		10	IDLE	['明白了……']	[2000]
2905	1021004		30	IDLE	['正在检索周遭环境信息，添加进日志中。']	[2000]
2906	1021004		30	IDLE	['温度降低。']	[2000]
2907	1021004		30	IDLE	['斩。']	[2000]
2908	1021004		30	IDLE	['有事吗？']	[2000]
2909	1021004		30	IDLE	['好。']	[2000]
2910	1021004		50	IDLE	['正在检索周遭环境信息，添加进日志中。']	[2000]
2911	1021004		50	IDLE	['温度降低。']	[2000]
2912	1021004		50	IDLE	['斩。']	[2000]
2913	1021004		50	IDLE	['有事吗？']	[2000]
2914	1021004		50	IDLE	['好。']	[2000]
2915	1021004		80	IDLE	['能和大家一起待在这里，我很开心。']	[2000]
2916	1021004		80	IDLE	['我会一直在这等您。']	[2000]
2917	1021004		80	IDLE	['您来了。']	[2000]
2918	1021004		80	IDLE	['找我吗？']	[2000]
2919	1021004		100	IDLE	['能和大家一起待在这里，我很开心。']	[2000]
2920	1021004		100	IDLE	['我会一直在这等您。']	[2000]
2921	1021004		100	IDLE	['您来了。']	[2000]
2922	1021004		100	IDLE	['找我吗？']	[2000]
2923	1021004		100	IDLE	['有您在我身边，就好。']	[2000]
2924	1021004		30	IDLE	['收到。']	[2000]
2925	1021004		30	IDLE	['了解。']	[2000]
2926	1021004		30	IDLE	['前进中。']	[2000]
2927	1021004		30	IDLE	['这个地方……']	[2000]
2928	1021004		30	IDLE	['……']	[2000]
2929	1021004		50	IDLE	['咦？']	[2000]
2930	1021004		50	IDLE	['下一个目标在哪。']	[2000]
2931	1021004		50	IDLE	['这样就好。']	[2000]
2932	1021004		50	IDLE	['……']	[2000]
2933	1021004		50	IDLE	['露西亚，等候您的指令。']	[2000]
2934	1021004		80	IDLE	['出击。']	[2000]
2935	1021004		80	IDLE	['一起出发吧，']	[2000]
2936	1021004		80	IDLE	['有什么我能帮您的吗？']	[2000]
2937	1021004		100	IDLE	['出击。']	[2000]
2938	1021004		100	IDLE	['一起出发吧，']	[2000]
2939	1021004		100	IDLE	['有什么我能帮您的吗？']	[2000]
2940	1021004		100	IDLE	['有新的任务了是吗？']	[2000]
2941	1021004		100	IDLE	['好的。']	[2000]
2942	1021004			IDLE	['这就是被阿尔法标记为弱点之一的存在吗？', '床，居然还蕴含着如此可怕的力量。', '难以置信……']	[2000, 2000, 2000]
2943	1021004			IDLE	['有一说一，确实呢ZZZZZ']	[2000]
2944	1021004			IDLE	['指挥官您来了。', '不用担心，我只是站在这翻查过去的记忆档案而已。']	[2000, 2000]
2945	1021004			IDLE	['谢谢指挥官关心。']	[2000]
2946	1021004			IDLE	['指挥官，您有看到我收集的围巾吗？', '为您准备的围巾我记得有放在附近。']	[2000, 2000]
2947	1021004			IDLE	['嗯，找到了。']	[2000]
2948	1021004			IDLE	['我还在适应机体的温度调节系统。', '所以机体周围的温度可能会发生突然变化。']	[2000, 2000]
2949	1021004			IDLE	['还请指挥官小心。']	[2000]
2950	1021004			IDLE	['灰鸦小队准备完毕。', '指挥官，为了更好的明天。']	[2000, 2000]
2951	1021004			IDLE	['我们随时可以出发。']	[2000]
2952	1021004			IDLE	['指挥官，这个请求可能有些任性……', '但我还是希望……']	[2000, 2000]
2953	1021004			IDLE	['能和您，和大家一起走到最后。']	[2000]
2954	1021004			IDLE	['阿尔法……']	[2000]
2955	1021004			IDLE	['下次，一定要做个了结。']	[2000]
2956	1021004			IDLE	['到日常检修机体的时间了。', '需要我再靠近一些吗？']	[2000, 2000]
2957	1021004			IDLE	['奇怪，机体的温度……微微升高了。']	[2000]
2958	1021004		80	IDLE	['我还无法熟练使用这台喷射器。', '您若是有空。', '稍后要不要陪我一起去练习一下？']	[2000, 2000, 2000]
2959	1021004		80	IDLE	['指挥官，空中花园刚才空投下一个能量罐。', '说是可以接入我的机体释放超视距打击。', '可是这个比我们基地都要大2倍的能量罐。', '该怎么带上战场呢……']	[2000, 2000, 2000, 2000]
2960	1021004		100	IDLE	['指挥官，用了新的机体我感觉对温度的掌控更熟练了。', '下次的料理一定不会再出问题！', '您好好期待一下吧。']	[2000, 2000, 2000]
2961	1021004		100	IDLE	['指挥官……', '以后，我还有机会靠在您的背上休息吗？']	[2000, 2000]
2962	1021004		100	IDLE	['指挥官，这个送给您。', '是我在上次任务中收集到的。', '我想应该能为您起到一些帮助。']	[2000, 2000, 2000]
2963	1021004		100	IDLE	['指挥官，这个送给您。', '是我在上次任务中收集到的。', '我想应该能为您起到一些帮助。']	[2000, 2000, 2000]
3001	1131002		10	IDLE	['哼。']	[2000]
3002	1131002		10	IDLE	['哎。']	[2000]
3003	1131002		10	IDLE	['哦。']	[2000]
3004	1131002		10	IDLE	['好吧。']	[2000]
3005	1131002		30	IDLE	['够了。']	[2000]
3006	1131002		30	IDLE	['感受不到呢。']	[2000]
3007	1131002		30	IDLE	['呵呵。']	[2000]
3008	1131002		30	IDLE	['啧啧啧。']	[2000]
3009	1131002		30	IDLE	['喂。']	[2000]
3010	1131002		50	IDLE	['够了。']	[2000]
3011	1131002		50	IDLE	['感受不到呢。']	[2000]
3012	1131002		50	IDLE	['呵呵。']	[2000]
3013	1131002		50	IDLE	['啧啧啧。']	[2000]
3014	1131002		50	IDLE	['喂。']	[2000]
3015	1131002		80	IDLE	['再靠近点也无所谓，只要你做好了心理准备。']	[2000]
3016	1131002		80	IDLE	['这就是灰鸦的氛围吗。']	[2000]
3017	1131002		80	IDLE	['你在期待什么？']	[2000]
3018	1131002		80	IDLE	['根本不需要其他人，你只需要有我在身边就好。']	[2000]
3019	1131002		100	IDLE	['再靠近点也无所谓，只要你做好了心理准备。']	[2000]
3020	1131002		100	IDLE	['这就是灰鸦的氛围吗。']	[2000]
3021	1131002		100	IDLE	['你在期待什么？']	[2000]
3022	1131002		100	IDLE	['根本不需要其他人，你只需要有我在身边就好。']	[2000]
3023	1131002		100	IDLE	['也许下次你来时会发现，这里的一切都已经被我毁掉了呢。']	[2000]
3024	1131002		30	IDLE	['……']	[2000]
3025	1131002		30	IDLE	['够了。']	[2000]
3026	1131002		30	IDLE	['呵。']	[2000]
3027	1131002		30	IDLE	['哼。']	[2000]
3028	1131002		30	IDLE	['啧。']	[2000]
3029	1131002		50	IDLE	['喂，过来。']	[2000]
3030	1131002		50	IDLE	['结束了。']	[2000]
3031	1131002		50	IDLE	['愚蠢。']	[2000]
3032	1131002		50	IDLE	['也许这样……']	[2000]
3033	1131002		50	IDLE	['你这家伙。']	[2000]
3034	1131002		80	IDLE	['呵呵呵，我想到了一个好主意~']	[2000]
3035	1131002		80	IDLE	['你成功引起了我的注意。']	[2000]
3036	1131002		80	IDLE	['就这点程度吗？']	[2000]
3037	1131002		100	IDLE	['呵呵呵，我想到了一个好主意~']	[2000]
3038	1131002		100	IDLE	['你成功引起了我的注意。']	[2000]
3039	1131002		100	IDLE	['就这点程度吗？']	[2000]
3040	1131002		100	IDLE	['走吧，去感受痛苦。']	[2000]
3041	1131002		100	IDLE	['欢迎回来，你该不会想要我这么说吧？']	[2000]
3042	1131002			IDLE	['现在是早上？还是晚上？', '不过也无所谓，我无聊到有些犯困了。']	[2000, 2000]
3043	1131002			IDLE	['吵醒我会有什么后果，有胆子的话你可以试试~']	[2000]
3044	1131002			IDLE	['站在这也是浪费时间。', '扶我去沙发那里吧。']	[2000, 2000]
3045	1131002			IDLE	['嗯……作为沙发虽然还算及格，但似乎少了一个脚凳啊~']	[2000]
3046	1131002			IDLE	['让我将你的柜子掠夺一空吧。', '想必你一定不会拒绝。']	[2000, 2000]
3047	1131002			IDLE	['啧，都是些没用的东西啊，作为赔偿，我就把你夺走了。']	[2000]
3048	1131002			IDLE	['诺克提，坐标发你了。', '记得半小时之内把东西空投过来。']	[2000, 2000]
3049	1131002			IDLE	['我要好好为灰鸦他们准备一个“惊喜”呢。']	[2000]
3050	1131002			IDLE	['欢迎回来，指挥官。', '你怎么不继续走过来了呢？', '啧，太明显了吗？']	[2000, 2000, 2000]
3051	1131002			IDLE	['那看来只好用点强硬手段了。']	[2000]
3052	1131002			IDLE	['你不给我命令吗？', '命令我去咬碎谁的喉咙。']	[2000, 2000]
3053	1131002			IDLE	['呵，真是个奇怪的指挥官。']	[2000]
3054	1131002			IDLE	['我们只是战争的工具而已。', '所以你只用做到物尽其用就好。']	[2000, 2000]
3055	1131002			IDLE	['做不到的话，可要小心工具的反噬哦~']	[2000]
3056	1131002			IDLE	['想要感受我的痛苦？你还真敢说呢。', '不过触碰我可是要支付代价的。', '即使这样你也要尝试吗。']	[2000, 2000, 2000]
3057	1131002			IDLE	['结束了吧，轮到我了。']	[2000]
3058	1131002		80	IDLE	['那些已死之人，和看着别人慢慢死去之人。', '你知道哪一方更痛苦吗？']	[2000, 2000]
3059	1131002		80	IDLE	['啊啊，我感受到了。', '你的痛苦，对战争，对同伴，对这个世界。', '真是美丽。']	[2000, 2000, 2000]
3060	1131002		100	IDLE	['有机会的话倒是可以给你介绍诺克提和21号。', '但是事先声明一点，你可不能打他们的主意哦。', '毕竟你是属于我的。']	[2000, 2000, 2000]
3061	1131002		100	IDLE	['一直盯着你的可不仅有我们三头犬。', '用不了多久你们就会正式见面了。', '给你个忠告。', '小心那支队伍。']	[2000, 2000, 2000, 2000]
3062	1131002		100	IDLE	['接好了。', '这批战利品也有你的一份。', '不用谢我，毕竟是你应得的。', '一定要表达感谢的话……呵呵，不如这样吧。']	[2000, 2000, 2000, 2000]
3063	1131002		100	IDLE	['接好了。', '这批战利品也有你的一份。', '不用谢我，毕竟是你应得的。', '一定要表达感谢的话……呵呵，不如这样吧。']	[2000, 2000, 2000, 2000]
3101	1511003		10	IDLE	['哼。']	[2000]
3102	1511003		10	IDLE	['哦。']	[2000]
3103	1511003		10	IDLE	['真是够了。']	[2000]
3104	1511003		10	IDLE	['有够吵的。']	[2000]
3105	1511003		30	IDLE	['这让我想起了一些往事。']	[2000]
3106	1511003		30	IDLE	['哈——？']	[2000]
3107	1511003		30	IDLE	['行了，知道了。']	[2000]
3108	1511003		30	IDLE	['啧。']	[2000]
3109	1511003		30	IDLE	['所以我讨厌和别人一起。']	[2000]
3110	1511003		50	IDLE	['这让我想起了一些往事。']	[2000]
3111	1511003		50	IDLE	['哈——？']	[2000]
3112	1511003		50	IDLE	['行了，知道了。']	[2000]
3113	1511003		50	IDLE	['啧。']	[2000]
3114	1511003		50	IDLE	['所以我讨厌和别人一起。']	[2000]
3115	1511003		80	IDLE	['别过来。']	[2000]
3116	1511003		80	IDLE	['够了。']	[2000]
3117	1511003		80	IDLE	['为什么这里会有这么多人……']	[2000]
3118	1511003		80	IDLE	['麻烦。']	[2000]
3119	1511003		100	IDLE	['别过来。']	[2000]
3120	1511003		100	IDLE	['够了。']	[2000]
3121	1511003		100	IDLE	['为什么这里会有这么多人……']	[2000]
3122	1511003		100	IDLE	['麻烦。']	[2000]
3123	1511003		100	IDLE	['哎……']	[2000]
3124	1511003		30	IDLE	['喝啊。']	[2000]
3125	1511003		30	IDLE	['啧。']	[2000]
3126	1511003		30	IDLE	['哎……']	[2000]
3127	1511003		30	IDLE	['呵？']	[2000]
3128	1511003		30	IDLE	['哼。']	[2000]
3129	1511003		50	IDLE	['站在那别动。']	[2000]
3130	1511003		50	IDLE	['……']	[2000]
3131	1511003		50	IDLE	['什么？']	[2000]
3132	1511003		50	IDLE	['果然只能这样做了。']	[2000]
3133	1511003		50	IDLE	['咳。']	[2000]
3134	1511003		80	IDLE	['谁都无法束缚我。']	[2000]
3135	1511003		80	IDLE	['别把我和其他人相提并论。']	[2000]
3136	1511003		80	IDLE	['要和我一起逃离这里吗？']	[2000]
3137	1511003		100	IDLE	['谁都无法束缚我。']	[2000]
3138	1511003		100	IDLE	['别把我和其他人相提并论。']	[2000]
3139	1511003		100	IDLE	['要和我一起逃离这里吗？']	[2000]
3140	1511003		100	IDLE	['啊啊，头痛。']	[2000]
3141	1511003		100	IDLE	['要不是看在你的面子上……']	[2000]
3142	1511003			IDLE	['哼，神威居然会被这种东西所束缚。', '就让我来将它彻底斩断吧。']	[2000, 2000]
3143	1511003			IDLE	['ZZZZ等我睡醒再斩也不迟。']	[2000]
3144	1511003			IDLE	['这里实在是太吵了。', '让我独自去沙发那安静会。']	[2000, 2000]
3145	1511003			IDLE	['你执意要跟过来的话，我倒也不会拒绝。']	[2000]
3146	1511003			IDLE	['我感受到柜子里有异样的响动。', '给我出来，否则我就将你与柜子一同斩断。']	[2000, 2000]
3147	1511003			IDLE	['啧，什么东西都没有，是已经逃掉了吗？']	[2000]
3148	1511003			IDLE	['我开始讨厌这里了。', '不，并不是你的问题。']	[2000, 2000]
3149	1511003			IDLE	['不用太在意。']	[2000]
3150	1511003			IDLE	['这里有股黑野的臭味。']	[2000]
3151	1511003			IDLE	['是不是那个人来过？']	[2000]
3152	1511003			IDLE	['看看周围那群人傻兮兮的样子。', '这个世界果然是堕落了。']	[2000, 2000]
3153	1511003			IDLE	['与其继续堕落下去不如让我就此毁了这里吧。']	[2000]
3154	1511003			IDLE	['没时间继续在这里松懈下去了。', '走吧，让我们去战斗，去破坏，去为世界带来黑暗。']	[2000, 2000]
3155	1511003			IDLE	['将那些该死的东西尽数撕碎！']	[2000]
3156	1511003			IDLE	['抚摸？', '不怕死的话你倒是可以试试。']	[2000, 2000]
3157	1511003			IDLE	['真是恶劣……']	[2000]
3158	1511003		80	IDLE	['黑野这个组织吗……', '如果可以的话。', '我希望你永远不要和他们有所牵连。']	[2000, 2000, 2000]
3159	1511003		80	IDLE	['你和神威这种人到底是为何要在这个令人厌恶的世界中活下去的。', '好好跟我讲讲吧。', '反正我现在时间多得是。']	[2000, 2000, 2000]
3160	1511003		100	IDLE	['手里的血清给我拿过来！', '……', '嗯，没问题，拿去注射吧。']	[2000, 2000, 2000]
3161	1511003		100	IDLE	['老实说，我很讨厌你。', '讨厌到想要亲手结束你的生命。', '所以你这家伙。', '可不能死在除我之外的人手里。']	[2000, 2000, 2000, 2000]
3162	1511003		100	IDLE	['接着，神威让我转交给你的。', '你那是什么眼神？', '说了是他给的就是他给的。']	[2000, 2000, 2000]
3163	1511003		100	IDLE	['接着，神威让我转交给你的。', '你那是什么眼神？', '说了是他给的就是他给的。']	[2000, 2000, 2000]
3201	1141003		10	IDLE	['嗯……']	[2000]
3202	1141003		10	IDLE	['这是……']	[2000]
3203	1141003		10	IDLE	['……']	[2000]
3204	1141003		10	IDLE	['是不是该回去了呢。']	[2000]
3205	1141003		30	IDLE	['嗯……']	[2000]
3206	1141003		30	IDLE	['这是……']	[2000]
3207	1141003		30	IDLE	['……']	[2000]
3208	1141003		30	IDLE	['是不是该回去了呢。']	[2000]
3209	1141003		30	IDLE	['啊……']	[2000]
3210	1141003		50	IDLE	['……好安静啊。']	[2000]
3211	1141003		50	IDLE	['不行吗……']	[2000]
3212	1141003		50	IDLE	['这个装饰……']	[2000]
3213	1141003		50	IDLE	['不可以松懈。']	[2000]
3214	1141003		50	IDLE	['……好安静啊。']	[2000]
3215	1141003		80	IDLE	['不行吗……']	[2000]
3216	1141003		80	IDLE	['这个装饰……']	[2000]
3217	1141003		80	IDLE	['不可以松懈。']	[2000]
3218	1141003		80	IDLE	['……这样比较好吗？']	[2000]
3219	1141003		100	IDLE	['……去搭话会比较好吗？']	[2000]
3220	1141003		100	IDLE	['嗯，这样一来……']	[2000]
3221	1141003		100	IDLE	['欢迎回来，嗯……这里的人都会这么说吧？']	[2000]
3222	1141003		100	IDLE	['下次要不要再邀请指挥官一起去钓鱼呢……']	[2000]
3223	1141003		100	IDLE	['这个房间的布置很漂亮。']	[2000]
3224	1141003		30	IDLE	['巡逻。']	[2000]
3225	1141003		30	IDLE	['咦？']	[2000]
3226	1141003		30	IDLE	['那边是……']	[2000]
3227	1141003		30	IDLE	['没有异常。']	[2000]
3228	1141003		30	IDLE	['好的。']	[2000]
3229	1141003		50	IDLE	['嘿咻……']	[2000]
3230	1141003		50	IDLE	['可以靠近我吗？']	[2000]
3231	1141003		50	IDLE	['随时。']	[2000]
3232	1141003		50	IDLE	['唔……']	[2000]
3233	1141003		50	IDLE	['该做些什么呢？']	[2000]
3234	1141003		80	IDLE	['稍微活动一下身体……要注意不能太用力。']	[2000]
3235	1141003		80	IDLE	['久违的平静……']	[2000]
3236	1141003		80	IDLE	['这就是灰鸦小队的氛围吗……']	[2000]
3237	1141003		100	IDLE	['稍微活动一下身体……要注意不能太用力。']	[2000]
3238	1141003		100	IDLE	['久违的平静……']	[2000]
3239	1141003		100	IDLE	['这就是灰鸦小队的氛围吗……']	[2000]
3240	1141003		100	IDLE	['想让狄安娜也来这里看看。']	[2000]
3241	1141003		100	IDLE	['没有什么事情可做还真是不习惯。']	[2000]
3242	1141003			IDLE	['没有关系，长时间巡逻对于守林人来说是常事。', '不过在你身边，我好像很容易放松下来……']	[2000, 2000]
3243	1141003			IDLE	['谢谢你，在这么柔软的地方睡觉还真是不习惯。', '嗯……偶尔这样也不错。']	[2000, 2000]
3244	1141003			IDLE	['指挥官，你回来了。', '不……我没有等很久。']	[2000, 2000]
3245	1141003			IDLE	['啊……谢谢你，指挥官。', '要一起坐下喝杯松针茶休息一会吗？']	[2000, 2000]
3246	1141003			IDLE	['唔……有没有什么，能安全保存东西的地方呢。', '指挥官，可以麻烦你吗？']	[2000, 2000]
3247	1141003			IDLE	['嗯，我把指挥官送的木礼物都放在这里了。', '这样每天回来都可以看到。', '……不过，我还留了一个最小的带在身上。']	[2000, 2000, 2000]
3248	1141003			IDLE	['空中花园的氛围说实话和我想象中有些不同。']	[2000]
3249	1141003			IDLE	['还是说只有灰鸦这里是这样的？']	[2000]
3250	1141003			IDLE	['接下来有什么任务安排吗？', '如果可以，我想和指挥官一起出任务。']	[2000, 2000]
3251	1141003			IDLE	['这里很好，不过一直这样待在屋子里，还是会有些无聊。']	[2000]
3252	1141003			IDLE	['卡列尼娜他们有时候会来找我打牌。', '不过我的牌运比较差，总是会输……', '咦？不是运气的问题，是技巧？']	[2000, 2000, 2000]
3253	1141003			IDLE	['真是深奥……指挥官可以再讲一些吗？']	[2000]
3254	1141003			IDLE	['休息太久会让反应变得迟钝。', '指挥官，什么时候会有下一次任务？']	[2000, 2000]
3255	1141003			IDLE	['如果没有的话，就陪我去训练一会吧。']	[2000]
3256	1141003			IDLE	['诶？要摸摸我吗，当然可以。', '因为是指挥官，所以想摸多久都可以。']	[2000, 2000]
3257	1141003			IDLE	['只有这个时候我会觉得……', '这幅机体如果能再柔软一点就好了。', '指挥官，我可以把额头贴过来吗？']	[2000, 2000, 2000]
3258	1141003		80	IDLE	['哼……~哼……~', '嗯……？这是守林人间流传的歌谣。', '虽然我不擅长唱歌……但这个旋律能够让我感到平静。', '嗯，我当然可以唱给你听。']	[2000, 2000, 2000, 2000]
3259	1141003		80	IDLE	['我很想雕刻一个木雕送给指挥官……', '可是每次都会因为力气太大而削过头。', '不过，最近开始慢慢地能够控制力道了。', '啊……失败品我会自己清理出去的，不用担心。']	[2000, 2000, 2000, 2000]
3260	1141003		100	IDLE	['如果有可能，有点想让狄安娜也来这里看看。', '看起来……会像是我在炫耀些什么吗？', '但我只是想让她也感受到这种温暖的感觉。', '尤其是有指挥官在的时候。']	[2000, 2000, 2000, 2000]
3261	1141003		100	IDLE	['咦？头发……吗？', '这是守林人的姐妹帮我梳的，我对发型其实不是很在意。', '不过为别人梳头发这件事会让我很放松。']	[2000, 2000, 2000]
3262	1141003		100	IDLE	['指挥官，这个给你。', '这是在极地巡逻时发现的东西，感觉你会喜欢。', '嗯，木雕手工还在努力中。', '总有一天我可以……']	[2000, 2000, 2000, 2000]
3263	1141003		100	IDLE	['指挥官，这个给你。', '这是在极地巡逻时发现的东西，感觉你会喜欢。', '嗯，木雕手工还在努力中。', '总有一天我可以……']	[2000, 2000, 2000, 2000]
3301	1521003		10	IDLE	['呵……']	[2000]
3302	1521003		10	IDLE	['令人厌烦……']	[2000]
3303	1521003		10	IDLE	['我乏了。']	[2000]
3304	1521003		10	IDLE	['还是回去吧……']	[2000]
3305	1521003		30	IDLE	['呵……']	[2000]
3306	1521003		30	IDLE	['令人厌烦……']	[2000]
3307	1521003		30	IDLE	['我乏了。']	[2000]
3308	1521003		30	IDLE	['还是回去吧……']	[2000]
3309	1521003		30	IDLE	['啊……']	[2000]
3310	1521003		50	IDLE	['……一如既往。']	[2000]
3311	1521003		50	IDLE	['这份祥和很难得。']	[2000]
3312	1521003		50	IDLE	['我允许你走近一些。']	[2000]
3313	1521003		50	IDLE	['给我拿本书来。']	[2000]
3314	1521003		50	IDLE	['果然……']	[2000]
3315	1521003		80	IDLE	['我允许你向我请赏，想要什么？']	[2000]
3316	1521003		80	IDLE	['我想了解你，你的一切信息都值得被收藏。']	[2000]
3317	1521003		80	IDLE	['下次不要让我等你这么久。']	[2000]
3318	1521003		80	IDLE	['能和你四处去看看，也很不错。']	[2000]
3319	1521003		100	IDLE	['我允许你向我请赏，想要什么？']	[2000]
3320	1521003		100	IDLE	['我想了解你，你的一切信息都值得被收藏。']	[2000]
3321	1521003		100	IDLE	['下次不要让我等你这么久。']	[2000]
3322	1521003		100	IDLE	['能和你四处去看看，也很不错。']	[2000]
3323	1521003		100	IDLE	['这间屋子让人感到惬意。']	[2000]
3324	1521003		30	IDLE	['侍者在哪？']	[2000]
3325	1521003		30	IDLE	['无聊。']	[2000]
3326	1521003		30	IDLE	['这里太闷了……']	[2000]
3327	1521003		30	IDLE	['……']	[2000]
3328	1521003		30	IDLE	['哼。']	[2000]
3329	1521003		50	IDLE	['难道要我去找你吗？']	[2000]
3330	1521003		50	IDLE	['你知道这个图案的来由吗？']	[2000]
3331	1521003		50	IDLE	['我可以将它的来由告诉你。']	[2000]
3332	1521003		50	IDLE	['这样也不错。']	[2000]
3333	1521003		50	IDLE	['能留在这里，很好。']	[2000]
3334	1521003		80	IDLE	['我会喜欢这里，都是你的功劳。']	[2000]
3335	1521003		80	IDLE	['难得闲暇，你就在此地多留片刻，如何？']	[2000]
3336	1521003		80	IDLE	['这房间是你亲手布置的？嗯……']	[2000]
3337	1521003		100	IDLE	['我会喜欢这里，都是你的功劳。']	[2000]
3338	1521003		100	IDLE	['难得闲暇，你就在此地多留片刻，如何？']	[2000]
3339	1521003		100	IDLE	['这房间是你亲手布置的？嗯……']	[2000]
3340	1521003		100	IDLE	['一切都结束之后，跟我一起回九龙吧。']	[2000]
3341	1521003		100	IDLE	['因为你，我才会暂时留在这里。']	[2000]
3342	1521003			IDLE	['在这样的房间里待久了，也会因安心而感到困倦。', '过来，服侍我就寝吧。']	[2000, 2000]
3343	1521003			IDLE	['这张床铺很舒适，我很满意。', '在我休息期间，你就守在我身旁吧。']	[2000, 2000]
3344	1521003			IDLE	['方才我还在想，你会不会就快来烦我了。', '想让我听你说话，就把沙发挪过来，再沏一杯好茶给我。']	[2000, 2000]
3345	1521003			IDLE	['作为侍者来说合格了。', '那么，就让我来听听你有什么请求吧。']	[2000, 2000]
3346	1521003			IDLE	['有什么新的进贡放在那里了？', '拿过来让我看看。']	[2000, 2000]
3347	1521003			IDLE	['是你最近保存下来的资料啊。', '很好，我也想将这个世界上存在的一切都记录下来。']	[2000, 2000]
3348	1521003			IDLE	['这就是你平时生活的地方吗？', '……没有，我没什么不适。']	[2000, 2000]
3349	1521003			IDLE	['只是很久不贴近他人，感到有些不适应。']	[2000]
3350	1521003			IDLE	['之后打算去做什么？', '难道整天在这里闲晃就是指挥官的工作吗？']	[2000, 2000]
3351	1521003			IDLE	['那你还不如墙角的盆栽。', '至少盆栽会留在房间里，也更安静些。']	[2000, 2000]
3352	1521003			IDLE	['九龙的美食资料都保存的很好。', '只是，变成这样的身体后，也没有什么品尝的必要了。']	[2000, 2000]
3353	1521003			IDLE	['如果你有兴趣，我可以叫人做给你尝尝。']	[2000]
3354	1521003			IDLE	['安和，宁静，这种环境我很喜欢。']	[2000]
3355	1521003			IDLE	['或许等一切都结束之后，留在这里也不错。']	[2000]
3356	1521003			IDLE	['过来，我允许你触碰我的头发。', '为我梳理它吧。']	[2000, 2000]
3357	1521003			IDLE	['你的手很轻柔……', '我有点不想再自己整理它了。', '下次也可以让你来吗？']	[2000, 2000, 2000]
3358	1521003		80	IDLE	['这个世界，无论有没有生者见证。', '历史都会继续流淌下去。', '但现在发生的一切都会被遗忘。', '我讨厌被遗忘。']	[2000, 2000, 2000, 2000]
3359	1521003		80	IDLE	['让我见识一下你所期待的未来吧。', '即使那个未来过于久远。', '但只要是你的选择，我就会期待下去。']	[2000, 2000, 2000]
3360	1521003		100	IDLE	['如果现在的一切重要的东西都无法传承下去。', '未来又会从零开始。', '我无法想象找不到你痕迹的世界。']	[2000, 2000, 2000]
3361	1521003		100	IDLE	['这些图案，文字，都具有它的含义。', '但在大部分人眼里，这种意义还没有一块面包来的重要。', '但我不会斥责这些人民。', '只有解决了生计，人们才能有余力关注意义。']	[2000, 2000, 2000, 2000]
3362	1521003		100	IDLE	['来，我有一样东西要赏给你。', '没什么，犒劳将士是我应做的，况且这只是一样小物。', '对于你平时的英勇果敢的奖励，我会另算。']	[2000, 2000, 2000]
3363	1521003		100	IDLE	['来，我有一样东西要赏给你。', '没什么，犒劳将士是我应做的，况且这只是一样小物。', '对于你平时的英勇果敢的奖励，我会另算。']	[2000, 2000, 2000]
3401	1161002		10	IDLE	['好累']	[2000]
3402	1161002		10	IDLE	['麻了……']	[2000]
3403	1161002		10	IDLE	['呃。']	[2000]
3404	1161002		10	IDLE	['血汗工厂说的就是这里吗？']	[2000]
3405	1161002		30	IDLE	['好累']	[2000]
3406	1161002		30	IDLE	['麻了……']	[2000]
3407	1161002		30	IDLE	['呃。']	[2000]
3408	1161002		30	IDLE	['血汗工厂说的就是这里吗？']	[2000]
3409	1161002		30	IDLE	['放空……']	[2000]
3410	1161002		50	IDLE	['趁机摸鱼……']	[2000]
3411	1161002		50	IDLE	['还要工作么？']	[2000]
3412	1161002		50	IDLE	['在做了在做了。']	[2000]
3413	1161002		50	IDLE	['能在这里也好。']	[2000]
3414	1161002		50	IDLE	['再休息一会，就一会。']	[2000]
3415	1161002		80	IDLE	['哟，你回来了。']	[2000]
3416	1161002		80	IDLE	['我一直在等你，跟我说说话？']	[2000]
3417	1161002		80	IDLE	['今天有什么新奇的玩意要拿给我看？']	[2000]
3418	1161002		80	IDLE	['你一脸疲惫的样子……最近太忙了？']	[2000]
3419	1161002		100	IDLE	['哟，你回来了。']	[2000]
3420	1161002		100	IDLE	['我一直在等你，跟我说说话？']	[2000]
3421	1161002		100	IDLE	['今天有什么新奇的玩意要拿给我看？']	[2000]
3422	1161002		100	IDLE	['你一脸疲惫的样子……最近太忙了？']	[2000]
3423	1161002		100	IDLE	['有什么事可以交给我？']	[2000]
3424	1161002		30	IDLE	['有没有可以休息的地方？']	[2000]
3425	1161002		30	IDLE	['四处转转吧。']	[2000]
3426	1161002		30	IDLE	['哎……']	[2000]
3427	1161002		30	IDLE	['没兴趣……']	[2000]
3428	1161002		30	IDLE	['想起了以前的事……']	[2000]
3429	1161002		50	IDLE	['嗯？']	[2000]
3430	1161002		50	IDLE	['你要去哪？']	[2000]
3431	1161002		50	IDLE	['没问题。']	[2000]
3432	1161002		50	IDLE	['交给我吧。']	[2000]
3433	1161002		50	IDLE	['做点东西给你吃吧。']	[2000]
3434	1161002		80	IDLE	['如果这里有食材的话，我倒是可以做点吃的给你。']	[2000]
3435	1161002		80	IDLE	['偶尔也会有点羡慕灰鸦。']	[2000]
3436	1161002		80	IDLE	['真不错，要是能一直这样就好了。']	[2000]
3437	1161002		100	IDLE	['如果这里有食材的话，我倒是可以做点吃的给你。']	[2000]
3438	1161002		100	IDLE	['偶尔也会有点羡慕灰鸦。']	[2000]
3439	1161002		100	IDLE	['真不错，要是能一直这样就好了。']	[2000]
3440	1161002		100	IDLE	['我早已从过去的噩梦中醒来。']	[2000]
3441	1161002		100	IDLE	['这里有意思的东西还挺多。']	[2000]
3442	1161002			IDLE	['好困……床、床在哪？睁不开眼了……', '嗯？一定要我买通你才行吗？']	[2000, 2000]
3443	1161002			IDLE	['能被你这样带到床边也不错，至少很放心……', '那就晚安咯，ZZZZzzzz……']	[2000, 2000]
3444	1161002			IDLE	['嘿，休息一下……', '沙发还有位置，要不要一起来？']	[2000, 2000]
3445	1161002			IDLE	['偶尔休息一下有什么不好的。', '你现在不是也在摸鱼吗？什么，不是？太累可不好哦？']	[2000, 2000]
3446	1161002			IDLE	['上次藏在附近的材料呢？', '放哪去了……？']	[2000, 2000]
3447	1161002			IDLE	['我从很久以前就梦想能住在这样的秘密基地里。', '能把自己收集来的宝藏都放在这里，也可以安心休息。', '你问我藏了什么？那当然要以后再告诉你咯！']	[2000, 2000, 2000]
3448	1161002			IDLE	['要帮我编头发吗？好啊。', '疼疼疼……', '你刚才是故意的吧？绝对是故意的！']	[2000, 2000, 2000]
3449	1161002			IDLE	['请付赔偿款，这绝对不是我在碰瓷哦！']	[2000]
3450	1161002			IDLE	['要跟我玩会小游戏吗？', '我可以把九龙的传统游戏教给你。']	[2000, 2000]
3451	1161002			IDLE	['你问是什么？那当然是麻将牌了。']	[2000]
3452	1161002			IDLE	['好无聊，我能不能把自己带来的商品卖一卖？', '不行？为什么啊……']	[2000, 2000]
3453	1161002			IDLE	['我保证质量，价格也合适，给个机会嘛！']	[2000]
3454	1161002			IDLE	['你这的装修挺不错，要是能多点挂饰就更好了。', '说到挂饰，其实我还存着几样不错的……', '给你打折，只要998，哎？不行？']	[2000, 2000, 2000]
3455	1161002			IDLE	['为什么啊……']	[2000]
3456	1161002			IDLE	['被摸头的话会长不高的，以前的我会这么说吧。', '嗯？你要试试吗？']	[2000, 2000]
3457	1161002			IDLE	['变成构造体后就不用再担心长高的问题咯。', '哈，也没法担心啦。', '来吧，现在的我可以尽情接受哦？']	[2000, 2000, 2000]
3458	1161002		80	IDLE	['只要能存够钱，就可以过上自由的生活。', '虽然现在这个世道，没给人那么多选择……', '但不管是战力还是钱，都是能够自保的重要东西。', '也是能保护重要之人的唯一方式。']	[2000, 2000, 2000, 2000]
3459	1161002		80	IDLE	['我的梦想？怎么可能只有一个~', '一定要说的话，那就是过上随心所欲的生活。', '如果真的有童话里的神，对我说可以实现一个愿望。', '祂会觉得这算一个吗？']	[2000, 2000, 2000, 2000]
3460	1161002		100	IDLE	['我喜欢悠闲，所以也喜欢这里、', '啊哈，至少现在是喜欢的。', '可别听到这句话就派我去做事哦？', '不过你一定要让我帮忙的话，我也不会拒绝就是了。']	[2000, 2000, 2000, 2000]
3461	1161002		100	IDLE	['嘿~来猜猜硬币是正还是反？', '输掉的人来完成对方一件事，怎么样？', '我绝~对不会作弊的。']	[2000, 2000, 2000]
3462	1161002		100	IDLE	['刚才整理库存的时候发现了这个。', '想着你可能需要它，就带过来了。', '怎么样？对我说几句感谢的话也可以哦？']	[2000, 2000, 2000]
3463	1161002		100	IDLE	['刚才整理库存的时候发现了这个。', '想着你可能需要它，就带过来了。', '怎么样？对我说几句感谢的话也可以哦？']	[2000, 2000, 2000]
3501	837000		10	IDLE	['……']	[2000]
3502	837000		10	IDLE	['嗷呜……']	[2000]
3503	837000		10	IDLE	['饿……']	[2000]
3504	837000		10	IDLE	['动……不了……']	[2000]
3505	837000		30	IDLE	['……']	[2000]
3506	837000		30	IDLE	['嗷呜……']	[2000]
3507	837000		30	IDLE	['饿……']	[2000]
3508	837000		30	IDLE	['动……不了……']	[2000]
3509	837000		30	IDLE	['想……玩……']	[2000]
3510	837000		50	IDLE	['一起来玩吧？']	[2000]
3511	837000		50	IDLE	['能跟碧儿做个游戏吗？']	[2000]
3512	837000		50	IDLE	['碧儿要烤姜饼人吃！']	[2000]
3513	837000		50	IDLE	['嗷呜！']	[2000]
3514	837000		50	IDLE	['这个，可以吃吗？']	[2000]
3515	837000		80	IDLE	['你好，我可以尝一口你吗？']	[2000]
3516	837000		80	IDLE	['肚子好饱，嗷呜。']	[2000]
3517	837000		80	IDLE	['椅子，会被碧儿撞倒吗？']	[2000]
3518	837000		80	IDLE	['嗷呜~嗷呜~']	[2000]
3519	837000		100	IDLE	['你好，我可以尝一口你吗？']	[2000]
3520	837000		100	IDLE	['肚子好饱，嗷呜。']	[2000]
3521	837000		100	IDLE	['椅子，会被碧儿撞倒吗？']	[2000]
3522	837000		100	IDLE	['嗷呜~嗷呜~']	[2000]
3523	837000		100	IDLE	['碧儿什么都不用做~']	[2000]
3524	837000		30	IDLE	['有人吗……']	[2000]
3525	837000		30	IDLE	['姜饼人？']	[2000]
3526	837000		30	IDLE	['……']	[2000]
3527	837000		30	IDLE	['食物……在哪……']	[2000]
3528	837000		30	IDLE	['碧儿……饿了……']	[2000]
3529	837000		50	IDLE	['把你烤成姜饼人，嗷呜……']	[2000]
3530	837000		50	IDLE	['碧儿喜欢这里。']	[2000]
3531	837000		50	IDLE	['碧儿要找人一起玩。']	[2000]
3532	837000		50	IDLE	['有什么事要碧儿帮忙吗？']	[2000]
3533	837000		50	IDLE	['呵哈哈哈……']	[2000]
3534	837000		80	IDLE	['碧儿是最可爱的~']	[2000]
3535	837000		80	IDLE	['碧儿的工作是吃姜饼人和保持可爱~']	[2000]
3536	837000		80	IDLE	['只要交给碧儿就没问题了嗷呜。']	[2000]
3537	837000		100	IDLE	['碧儿是最可爱的~']	[2000]
3538	837000		100	IDLE	['碧儿的工作是吃姜饼人和保持可爱~']	[2000]
3539	837000		100	IDLE	['只要交给碧儿就没问题了嗷呜。']	[2000]
3540	837000		100	IDLE	['嘿咻~嘿咻~']	[2000]
3541	837000		100	IDLE	['要一直，一直跟碧儿玩下去嗷呜~']	[2000]
3542	837000			IDLE	['碧儿想要松松软软的床嗷呜。', '带我去，带我去嗷呜。']	[2000, 2000]
3543	837000			IDLE	['谢谢你嗷呜，我们在梦中一起玩吧？']	[2000]
3544	837000			IDLE	['碧儿准备了姜饼人嗷呜。', '一起坐下来尝尝看吧？']	[2000, 2000]
3545	837000			IDLE	['你问碧儿这是什么做的？', '当然是【哔——】嗷呜！']	[2000, 2000]
3546	837000			IDLE	['碧儿放的姜饼人原料去哪了？', '一定要找到嗷呜！']	[2000, 2000]
3547	837000			IDLE	['谢谢你，找到了嗷呜。', '你想看原料？现在还是不要看比较好嗷呜。']	[2000, 2000]
3548	837000			IDLE	['只要把这个也加进去……', '搅一搅，摇一摇！', '啊！你不准偷看嗷呜。']	[2000, 2000, 2000]
3549	837000			IDLE	['否则碧儿就吃掉你嗷呜！']	[2000]
3550	837000			IDLE	['只要能在指挥官身边……', '碧儿就会觉得高兴嗷呜。']	[2000, 2000]
3551	837000			IDLE	['你说我没有感情模块？这不合理嗷呜！']	[2000]
3552	837000			IDLE	['要怎么才能邀请大家跟我一起玩嗷呜？', '碧儿想跟大家一起玩，但大家都害怕碧儿……']	[2000, 2000]
3553	837000			IDLE	['呜……嗷呜……']	[2000]
3554	837000			IDLE	['碧儿很喜欢指挥官。', '指挥官也喜欢碧儿吗？']	[2000, 2000]
3555	837000			IDLE	['为什么不说话嗷呜？']	[2000]
3556	837000			IDLE	['能摸一摸碧儿吗？', '碧儿想要指挥官的手。']	[2000, 2000]
3557	837000			IDLE	['碧儿决定了嗷呜。', '这双手还是这样长在你身上更好嗷呜。']	[2000, 2000]
3558	837000		80	IDLE	['一个，两个，三个……', '你问碧儿在数什么？', '是姜饼人的原材料嗷呜。']	[2000, 2000, 2000]
3559	837000		80	IDLE	['碧儿的梦想是住在姜饼人做成的屋子里嗷呜。', '不过现在在这里也不错嗷呜。', '其实还有一个梦想，不过指挥官不肯答应嗷呜。']	[2000, 2000, 2000]
3560	837000		100	IDLE	['碧儿也想跟指挥官一起去冒险！', '因为，以前的碧儿在动画里都是这么做的嗷呜。', '不行吗？为什么嗷呜……']	[2000, 2000, 2000]
3561	837000		100	IDLE	['碧儿也很喜欢艾拉小姐。', '她所创作的图画都很好看嗷呜。', '好像碧儿以前出现的动画世界……']	[2000, 2000, 2000]
3562	837000		100	IDLE	['这是碧儿送给指挥官的礼物。', '虽然想送给指挥官很多姜饼人嗷呜。', '但你好像没有那么喜欢嗷呜……']	[2000, 2000, 2000]
3563	837000		100	IDLE	['这是碧儿送给指挥官的礼物。', '虽然想送给指挥官很多姜饼人嗷呜。', '但你好像没有那么喜欢嗷呜……']	[2000, 2000, 2000]
3601	1171003		10	IDLE	['无趣的装潢……']	[2000]
3602	1171003		10	IDLE	['不要让其他人靠近我。']	[2000]
3603	1171003		10	IDLE	['我在做什么……这没有任何意义。']	[2000]
3604	1171003		10	IDLE	['没有筛选的意义。']	[2000]
3605	1171003		30	IDLE	['无趣的装潢……']	[2000]
3606	1171003		30	IDLE	['不要让其他人靠近我。']	[2000]
3607	1171003		30	IDLE	['我在做什么……这没有任何意义。']	[2000]
3608	1171003		30	IDLE	['没有筛选的意义。']	[2000]
3609	1171003		30	IDLE	['把我困在这儿，是想让我进行重启…对吧？']	[2000]
3610	1171003		50	IDLE	['……放弃吧。']	[2000]
3611	1171003		50	IDLE	['稍微没那么窒息了。']	[2000]
3612	1171003		50	IDLE	['姐姐不会来这儿吗？']	[2000]
3613	1171003		50	IDLE	['走开，至少别挡路。']	[2000]
3614	1171003		50	IDLE	['算了……']	[2000]
3615	1171003		80	IDLE	['想让我更注意你……对吧？']	[2000]
3616	1171003		80	IDLE	['我可是想要目送时代的终结啊。']	[2000]
3617	1171003		80	IDLE	['不要突然靠近我，没有下一次了。']	[2000]
3618	1171003		80	IDLE	['这里也没那么糟糕了，没错……姐姐来过吧？']	[2000]
3619	1171003		100	IDLE	['想让我更注意你……对吧？']	[2000]
3620	1171003		100	IDLE	['我可是想要目送时代的终结啊。']	[2000]
3621	1171003		100	IDLE	['不要突然靠近我，没有下一次了。']	[2000]
3622	1171003		100	IDLE	['这里也没那么糟糕了，没错……姐姐来过吧？']	[2000]
3623	1171003		100	IDLE	['重复一遍，这可是为了你好哦？不要留我待太久。']	[2000]
3624	1171003		30	IDLE	['罗兰在哪儿？让他来做些什么来助兴吧。']	[2000]
3625	1171003		30	IDLE	['没有余兴节目啊。']	[2000]
3626	1171003		30	IDLE	['离开我的视线……']	[2000]
3627	1171003		30	IDLE	['增加了啊，虫子……']	[2000]
3628	1171003		30	IDLE	['啧。']	[2000]
3629	1171003		50	IDLE	['来些有趣的改造好了。']	[2000]
3630	1171003		50	IDLE	['你来了？下定决心了吗？']	[2000]
3631	1171003		50	IDLE	['革新不会停止，明白吗？']	[2000]
3632	1171003		50	IDLE	['休整也不会有改变。']	[2000]
3633	1171003		50	IDLE	['短暂的停留或许也不错。']	[2000]
3634	1171003		80	IDLE	['我不过是选了能够放松的地方。']	[2000]
3635	1171003		80	IDLE	['偶尔会觉得我生命里有光，但这也是句蠢话哦。']	[2000]
3636	1171003		80	IDLE	['处置危险品会心跳加速吧？你是这么想的吧？']	[2000]
3637	1171003		100	IDLE	['我不过是选了能够放松的地方。']	[2000]
3638	1171003		100	IDLE	['偶尔会觉得我生命里有光，但这也是句蠢话哦。']	[2000]
3639	1171003		100	IDLE	['处置危险品会心跳加速吧？你是这么想的吧？']	[2000]
3640	1171003		100	IDLE	['姐姐已经准备好了，你也不要磨蹭。']	[2000]
3641	1171003		100	IDLE	['谁会笑到最后呢……？']	[2000]
3642	1171003			IDLE	['我觉得有些厌倦了，有什么可以休眠的地方吗？', '作为主人，来做点什么。']	[2000, 2000]
3643	1171003			IDLE	['不是房间的关系哦，稍微有些冷呢。', '那个眼神，你在期待什么呢？']	[2000, 2000]
3644	1171003			IDLE	['稍微有些怀念以前的事了……', '这种时间，很适合点心跟茶呢。']	[2000, 2000]
3645	1171003			IDLE	['像这样落座的话，然后，故事书在哪儿？', '没有吗？真无趣。']	[2000, 2000]
3646	1171003			IDLE	['这里会有些出乎意料的东西吗？', '比如绝不能被发现的秘密一类的——']	[2000, 2000]
3647	1171003			IDLE	['脆弱，无用，这个也不行……', '你应该明白我很认真……对吧？', '结果竟然一个像样的也没有。']	[2000, 2000, 2000]
3648	1171003			IDLE	['已经准备好了吗？']	[2000]
3649	1171003			IDLE	['恭敬地来见证升格者的力量吧。']	[2000]
3650	1171003			IDLE	['不要懒懒散散的。', '作为把我带来这里的代价，快行动起来。']	[2000, 2000]
3651	1171003			IDLE	['去搅乱什么吧，不要什么都不做。']	[2000]
3652	1171003			IDLE	['革新不会引发它自己。', '我当然不会在这儿做什么的。']	[2000, 2000]
3653	1171003			IDLE	['我的力量，升格者的力量，对这儿来说太过崇高了。']	[2000]
3654	1171003			IDLE	['姐姐来过这儿吧？', '既然她愿意停留的话，我也……']	[2000, 2000]
3655	1171003			IDLE	['我并不是对这里有所期待，完全没有。明白吗？']	[2000]
3656	1171003			IDLE	['有些……不太一样。']	[2000]
3657	1171003			IDLE	['除了姐姐之外……真是奇异的感觉', '不，不是讨厌。继续。']	[2000, 2000]
3658	1171003		80	IDLE	['来吧，我们一起。', '当然是去把那些碍事的家伙都扫平。', '嗯，不留后患，这是实力的证明。']	[2000, 2000, 2000]
3659	1171003		80	IDLE	['我讨厌突然的示好。', '因为那毫无意义，像是随时会收回的东西。', '但，如果不是出于畏惧或是讨好……', '算了，你就是你。保持下去。明白了吗？']	[2000, 2000, 2000, 2000]
3660	1171003		100	IDLE	['想要我对人类改观？', '我只相信自己看到的东西，所以别无所事事……', '虽然我已经不报期待了。', '人类挣扎的丑态啊……徒增绝望而已。']	[2000, 2000, 2000, 2000]
3661	1171003		100	IDLE	['你或许永远不会明白“代行者”是什么概念。', '但为了平息这一切，你一定会选择最艰难的道路吧。', '不要动摇，尽情挣扎。', '没错，我就在你身边拭目以待。']	[2000, 2000, 2000, 2000]
3662	1171003		100	IDLE	['停下。', '所有人都说礼物一定是饱含爱意与感谢的……', '那么，就让我来做个反证吧。这是给你的。', '喂，你那个表情……还是想要吗？']	[2000, 2000, 2000, 2000]
3663	1171003		100	IDLE	['停下。', '所有人都说礼物一定是饱含爱意与感谢的……', '那么，就让我来做个反证吧。这是给你的。', '喂，你那个表情……还是想要吗？']	[2000, 2000, 2000, 2000]
3701	1181003		10	IDLE	['我们被困在……重复生与死的螺旋中。']	[2000]
3702	1181003		10	IDLE	['思考想了也不会懂的事情是浪费时间。']	[2000]
3703	1181003		10	IDLE	['我有那个心情的话再说。']	[2000]
3704	1181003		10	IDLE	['我根本没时间理会你这家伙……']	[2000]
3705	1181003		30	IDLE	['我们被困在……重复生与死的螺旋中。']	[2000]
3706	1181003		30	IDLE	['思考想了也不会懂的事情是浪费时间。']	[2000]
3707	1181003		30	IDLE	['我有那个心情的话再说。']	[2000]
3708	1181003		30	IDLE	['我根本没时间理会你这家伙……']	[2000]
3709	1181003		30	IDLE	['我……到底……？']	[2000]
3710	1181003		50	IDLE	['辅助机，搜寻附近的黑盒讯号。']	[2000]
3711	1181003		50	IDLE	['不要抱怨命令。']	[2000]
3712	1181003		50	IDLE	['机械生物……在说话。']	[2000]
3713	1181003		50	IDLE	['这是什么房间呢……']	[2000]
3714	1181003		50	IDLE	['这……']	[2000]
3715	1181003		80	IDLE	['谁知道……']	[2000]
3716	1181003		80	IDLE	['说不定有朝一日你也能明白……']	[2000]
3717	1181003		80	IDLE	['这封充满符号的邮件到底是……']	[2000]
3718	1181003		80	IDLE	['不能说完全没用……']	[2000]
3719	1181003		100	IDLE	['谁知道……']	[2000]
3720	1181003		100	IDLE	['说不定有朝一日你也能明白……']	[2000]
3721	1181003		100	IDLE	['这封充满符号的邮件到底是……']	[2000]
3722	1181003		100	IDLE	['不能说完全没用……']	[2000]
3723	1181003		100	IDLE	['打开就会有声音的盒子啊……']	[2000]
3724	1181003		30	IDLE	['……回去吧，别再来这里比较好。']	[2000]
3725	1181003		30	IDLE	['现在开始进行周遭的戒备……']	[2000]
3726	1181003		30	IDLE	['不……没什么']	[2000]
3727	1181003		30	IDLE	['了解。']	[2000]
3728	1181003		30	IDLE	['到底怎么了？']	[2000]
3729	1181003		50	IDLE	['前进时要小心。']	[2000]
3730	1181003		50	IDLE	['如果要继续前进的话……']	[2000]
3731	1181003		50	IDLE	['我们寄叶部队的队员应该是禁止表现感情的。']	[2000]
3732	1181003		50	IDLE	['我知道了。']	[2000]
3733	1181003		50	IDLE	['这是什么？']	[2000]
3734	1181003		80	IDLE	['这样啊……太好了。']	[2000]
3735	1181003		80	IDLE	['A2的情报啊，究竟该去哪里找呢……']	[2000]
3736	1181003		80	IDLE	['温暖……？']	[2000]
3737	1181003		100	IDLE	['这样啊……太好了。']	[2000]
3738	1181003		100	IDLE	['A2的情报啊，究竟该去哪里找呢……']	[2000]
3739	1181003		100	IDLE	['温暖……？']	[2000]
3740	1181003		100	IDLE	['机能似乎没有问题。']	[2000]
3741	1181003		100	IDLE	['原来如此……']	[2000]
3742	1181003			IDLE	['…']	[2000]
3743	1181003			IDLE	['谢谢……']	[2000]
3744	1181003			IDLE	['…']	[2000]
3745	1181003			IDLE	['这又是个……奇妙的东西呢。']	[2000]
3746	1181003			IDLE	['我正在找能够侦测微弱黑盒讯号的特殊扫描器。']	[2000]
3747	1181003			IDLE	['原来如此，这或许挺方便的……']	[2000]
3748	1181003			IDLE	['目前正在检查躯体，基本机能没有异常。']	[2000]
3749	1181003			IDLE	['更重要的是，希望你能告诉我现在的情况。']	[2000]
3750	1181003			IDLE	['演变到最后产生意志和感情的机械。', '他们临死前挤出的最后一声呼喊。']	[2000, 2000]
3751	1181003			IDLE	['现在还在我心中回响。']	[2000]
3752	1181003			IDLE	['目前正在检查躯体，基本机能没有异常。']	[2000]
3753	1181003			IDLE	['更重要的是，希望你能告诉我现在的情况。']	[2000]
3754	1181003			IDLE	['演变到最后产生意志和感情的机械。', '他们临死前挤出的最后一声呼喊。']	[2000, 2000]
3755	1181003			IDLE	['现在还在我心中回响。']	[2000]
3756	1181003			IDLE	['人造人不需要洗澡', '只要定期清洁零件并保养，应该就不会有问题']	[2000, 2000]
3757	1181003			IDLE	['…']	[2000]
3758	1181003		80	IDLE	['这是我的记忆', '大家……和未来……', '都交给你了。']	[2000, 2000, 2000]
3759	1181003		80	IDLE	['你有看过那个被当成动物首领的机械吗？', '他模仿动物……不，根本可以说他就是动物。没有办法与他沟通。']	[2000, 2000]
3760	1181003		100	IDLE	['这是我的记忆', '大家……和未来……', '都交给你了。']	[2000, 2000, 2000]
3761	1181003		100	IDLE	['你有看过那个被当成动物首领的机械吗？', '他模仿动物……不，根本可以说他就是动物。没有办法与他沟通。']	[2000, 2000]
3762	1181003		100	IDLE	['我这里有一份别人委托的礼物。']	[2000]
3763	1181003		100	IDLE	['我这里有一份别人委托的礼物。']	[2000]
3801	1191003		10	IDLE	['是是是。']	[2000]
3802	1191003		10	IDLE	['以后我会定期进行检查。']	[2000]
3803	1191003		10	IDLE	['机械怎么可能会痛苦。']	[2000]
3804	1191003		10	IDLE	['是……这样啊。']	[2000]
3805	1191003		30	IDLE	['是是是。']	[2000]
3806	1191003		30	IDLE	['以后我会定期进行检查。']	[2000]
3807	1191003		30	IDLE	['机械怎么可能会痛苦。']	[2000]
3808	1191003		30	IDLE	['是……这样啊。']	[2000]
3809	1191003		30	IDLE	['嗯……？新的连接部打开了？']	[2000]
3810	1191003		50	IDLE	['大概，她已经在房间里等我了吧……']	[2000]
3811	1191003		50	IDLE	['有什么东西忘带了吗？']	[2000]
3812	1191003		50	IDLE	['9S呼叫地堡，请回答——']	[2000]
3813	1191003		50	IDLE	['机械生物竟然能这么流畅的说话……']	[2000]
3814	1191003		50	IDLE	['这是什么声音……']	[2000]
3815	1191003		80	IDLE	['了解~']	[2000]
3816	1191003		80	IDLE	['我听得到哟。']	[2000]
3817	1191003		80	IDLE	['我把事前调查的资料传送给你吧？']	[2000]
3818	1191003		80	IDLE	['不用担心哦？我们9S种机是出了名的优秀~']	[2000]
3819	1191003		100	IDLE	['了解~']	[2000]
3820	1191003		100	IDLE	['我听得到哟。']	[2000]
3821	1191003		100	IDLE	['我把事前调查的资料传送给你吧？']	[2000]
3822	1191003		100	IDLE	['不用担心哦？我们9S种机是出了名的优秀~']	[2000]
3823	1191003		100	IDLE	['咦，你认识2B？']	[2000]
3824	1191003		30	IDLE	['哎呀~没想到还挺麻烦的。']	[2000]
3825	1191003		30	IDLE	['啊……对不起！']	[2000]
3826	1191003		30	IDLE	['他们看起来真的没有敌意……']	[2000]
3827	1191003		30	IDLE	['入侵进度50%']	[2000]
3828	1191003		30	IDLE	['差不多要开始了……']	[2000]
3829	1191003		50	IDLE	['差不多要开始了……']	[2000]
3830	1191003		50	IDLE	['这么说来……随身用品还够不够啊？']	[2000]
3831	1191003		50	IDLE	['这是……']	[2000]
3832	1191003		50	IDLE	['入侵进度80%']	[2000]
3833	1191003		50	IDLE	['发射飞弹！']	[2000]
3834	1191003		80	IDLE	['发射飞弹！']	[2000]
3835	1191003		80	IDLE	['首先去问首领有什么情报吧~']	[2000]
3836	1191003		80	IDLE	['路上小心一点。']	[2000]
3837	1191003		100	IDLE	['入侵进度100%']	[2000]
3838	1191003		100	IDLE	['发射飞弹！']	[2000]
3839	1191003		100	IDLE	['首先去问首领有什么情报吧~']	[2000]
3840	1191003		100	IDLE	['路上小心一点。']	[2000]
3841	1191003		100	IDLE	['入侵进度100%']	[2000]
3842	1191003			IDLE	['…']	[2000]
3843	1191003			IDLE	['呼……总算检查完了……']	[2000]
3844	1191003			IDLE	['…']	[2000]
3845	1191003			IDLE	['好像，是什么意思？']	[2000]
3846	1191003			IDLE	['…']	[2000]
3847	1191003			IDLE	['开始骇入目标。']	[2000]
3848	1191003			IDLE	['话说回来，为什么像2B这种战斗机种会负责调查呢？']	[2000]
3849	1191003			IDLE	['如果只是调查当地，靠我们这些扫描机种就很足够了。']	[2000]
3850	1191003			IDLE	['我有在书上看过。']	[2000]
3851	1191003			IDLE	['好像是人类为了表达投降之意的手段……']	[2000]
3852	1191003			IDLE	['只是突然觉得，']	[2000]
3853	1191003			IDLE	['好像稍微能理解人类想定居在家里的心情。']	[2000]
3854	1191003			IDLE	['只是突然觉得，']	[2000]
3855	1191003			IDLE	['好像稍微能理解人类想定居在家里的心情。']	[2000]
3856	1191003			IDLE	['…']	[2000]
3857	1191003			IDLE	['嗯——真没办法，这里怎么样呢？']	[2000]
3858	1191003		80	IDLE	['啊，你是指我骇进敌人的事吗？', '我随时都可以支援你哦。']	[2000, 2000]
3859	1191003		80	IDLE	['辅助机', '报告我睡觉时的情况……']	[2000, 2000]
3860	1191003		100	IDLE	['咦？和抵抗军部队联络的工作', '应该已经指派给其他寄叶部队队员……']	[2000, 2000]
3861	1191003		100	IDLE	['有个能回来的地方棒极了！']	[2000]
3862	1191003		100	IDLE	['……那个，你好，有什么需要帮忙的……？', '哇。', '那个，你要的“金矿”在这儿……']	[2000, 2000, 2000]
3863	1191003		100	IDLE	['……那个，你好，有什么需要帮忙的……？', '哇。', '那个，你要的“金矿”在这儿……']	[2000, 2000, 2000]
3901	1201003		10	IDLE	['是是是。']	[2000]
3902	1201003		10	IDLE	['是是是。']	[2000]
3903	1201003		10	IDLE	['是是是。']	[2000]
3904	1201003		10	IDLE	['是是是。']	[2000]
3905	1201003		30	IDLE	['是是是。']	[2000]
3906	1201003		30	IDLE	['是是是。']	[2000]
3907	1201003		30	IDLE	['是是是。']	[2000]
3908	1201003		30	IDLE	['是是是。']	[2000]
3909	1201003		30	IDLE	['是是是。']	[2000]
3910	1201003		50	IDLE	['大概，她已经在房间里等我了吧……']	[2000]
3911	1201003		50	IDLE	['大概，她已经在房间里等我了吧……']	[2000]
3912	1201003		50	IDLE	['大概，她已经在房间里等我了吧……']	[2000]
3913	1201003		50	IDLE	['大概，她已经在房间里等我了吧……']	[2000]
3914	1201003		50	IDLE	['大概，她已经在房间里等我了吧……']	[2000]
3915	1201003		80	IDLE	['了解~']	[2000]
3916	1201003		80	IDLE	['我听得到哟。']	[2000]
3917	1201003		80	IDLE	['我把事前调查的资料传送给你吧？']	[2000]
3918	1201003		80	IDLE	['了解~']	[2000]
3919	1201003		100	IDLE	['我听得到哟。']	[2000]
3920	1201003		100	IDLE	['我把事前调查的资料传送给你吧？']	[2000]
3921	1201003		100	IDLE	['了解~']	[2000]
3922	1201003		100	IDLE	['我听得到哟。']	[2000]
3923	1201003		100	IDLE	['我把事前调查的资料传送给你吧？']	[2000]
3924	1201003		30	IDLE	['哎呀~没想到还挺麻烦的。']	[2000]
3925	1201003		30	IDLE	['啊……对不起！']	[2000]
3926	1201003		30	IDLE	['哎呀~没想到还挺麻烦的。']	[2000]
3927	1201003		30	IDLE	['啊……对不起！']	[2000]
3928	1201003		30	IDLE	['啊……对不起！']	[2000]
3929	1201003		50	IDLE	['差不多要开始了……']	[2000]
3930	1201003		50	IDLE	['差不多要开始了……']	[2000]
3931	1201003		50	IDLE	['差不多要开始了……']	[2000]
3932	1201003		50	IDLE	['差不多要开始了……']	[2000]
3933	1201003		50	IDLE	['差不多要开始了……']	[2000]
3934	1201003		80	IDLE	['发射飞弹！']	[2000]
3935	1201003		80	IDLE	['发射飞弹！']	[2000]
3936	1201003		80	IDLE	['发射飞弹！']	[2000]
3937	1201003		100	IDLE	['发射飞弹！']	[2000]
3938	1201003		100	IDLE	['发射飞弹！']	[2000]
3939	1201003		100	IDLE	['发射飞弹！']	[2000]
3940	1201003		100	IDLE	['发射飞弹！']	[2000]
3941	1201003		100	IDLE	['发射飞弹！']	[2000]
3942	1201003			IDLE	['…']	[2000]
3943	1201003			IDLE	['…']	[2000]
3944	1201003			IDLE	['…']	[2000]
3945	1201003			IDLE	['…']	[2000]
3946	1201003			IDLE	['…']	[2000]
3947	1201003			IDLE	['开始骇入目标']	[2000]
3948	1201003			IDLE	['…']	[2000]
3949	1201003			IDLE	['…']	[2000]
3950	1201003			IDLE	['…']	[2000]
3951	1201003			IDLE	['…']	[2000]
3952	1201003			IDLE	['…']	[2000]
3953	1201003			IDLE	['…']	[2000]
3954	1201003			IDLE	['…']	[2000]
3955	1201003			IDLE	['…']	[2000]
3956	1201003			IDLE	['…']	[2000]
3957	1201003			IDLE	['…']	[2000]
3958	1201003		80	IDLE	['…']	[2000]
3959	1201003		80	IDLE	['…']	[2000]
3960	1201003		100	IDLE	['…']	[2000]
3961	1201003		100	IDLE	['…']	[2000]
3962	1201003		100	IDLE	['…']	[2000]
3963	1201003		100	IDLE	['…']	[2000]
4001	1211002		10	IDLE	['好累。']	[2000]
4002	1211002		10	IDLE	['提不起劲呢……']	[2000]
4003	1211002		10	IDLE	['唔……']	[2000]
4004	1211002		10	IDLE	['困了。']	[2000]
4005	1211002		30	IDLE	['好累。']	[2000]
4006	1211002		30	IDLE	['提不起劲呢……']	[2000]
4007	1211002		30	IDLE	['唔……']	[2000]
4008	1211002		30	IDLE	['困了。']	[2000]
4009	1211002		30	IDLE	['困了。']	[2000]
4010	1211002		50	IDLE	['唔……嗯？叫我吗？']	[2000]
4011	1211002		50	IDLE	['发生什么事了？']	[2000]
4012	1211002		50	IDLE	['ZZZZZ……']	[2000]
4013	1211002		50	IDLE	['好麻烦啊……']	[2000]
4014	1211002		50	IDLE	['还不能休息吗。']	[2000]
4015	1211002		80	IDLE	['现在是现实还是梦境呢。']	[2000]
4016	1211002		80	IDLE	['唔……很安静，我不排斥。']	[2000]
4017	1211002		80	IDLE	['你好，好了打过招呼了，我可以去睡觉了吧。']	[2000]
4018	1211002		80	IDLE	['做个好梦。']	[2000]
4019	1211002		100	IDLE	['现在是现实还是梦境呢。']	[2000]
4020	1211002		100	IDLE	['唔……很安静，我不排斥。']	[2000]
4021	1211002		100	IDLE	['你好，好了打过招呼了，我可以去睡觉了吧。']	[2000]
4022	1211002		100	IDLE	['做个好梦。']	[2000]
4023	1211002		100	IDLE	['ZZZ……咦？嗯……ZZZZZZ……']	[2000]
4024	1211002		30	IDLE	['果然还是去睡觉比较好。']	[2000]
4025	1211002		30	IDLE	['睡了。']	[2000]
4026	1211002		30	IDLE	['唔嗯……']	[2000]
4027	1211002		30	IDLE	['就这样吧……']	[2000]
4028	1211002		30	IDLE	['有点想突击鹰的基地了。']	[2000]
4029	1211002		50	IDLE	['那边看起来更舒适一些。']	[2000]
4030	1211002		50	IDLE	['边界在……']	[2000]
4031	1211002		50	IDLE	['室温在降低。']	[2000]
4032	1211002		50	IDLE	['那边看起来更舒适一些。']	[2000]
4033	1211002		50	IDLE	['边界在……']	[2000]
4034	1211002		80	IDLE	['室温在降低。']	[2000]
4035	1211002		80	IDLE	['你们都不用休息吗？']	[2000]
4036	1211002		80	IDLE	['骑马坐轿，不如睡觉。']	[2000]
4037	1211002		100	IDLE	['今天也努力过了，休息会吧。']	[2000]
4038	1211002		100	IDLE	['唔……被吵醒了。']	[2000]
4039	1211002		100	IDLE	['哈啊——来了来了……']	[2000]
4040	1211002		100	IDLE	['没事了吧，那我去休息了……']	[2000]
4041	1211002		100	IDLE	['稍微认真一会吧。']	[2000]
4042	1211002			IDLE	['唔……到时间了。', '得找张床躺一会。']	[2000, 2000]
4043	1211002			IDLE	['睡了，接下来有事请到梦中找我。']	[2000]
4044	1211002			IDLE	['要去沙发上坐着聊天？', '好吧，反正今天也没任务。']	[2000, 2000]
4045	1211002			IDLE	['唔……你这里的沙发很柔软，很温暖……ZZZZZZ……']	[2000]
4046	1211002			IDLE	['抱枕呢，睡前我记得就放在这附近。', '算了不找了，好麻烦。']	[2000, 2000]
4047	1211002			IDLE	['咦，你居然帮我拿来了。', '多谢。']	[2000, 2000]
4048	1211002			IDLE	['要我做的事？']	[2000]
4049	1211002			IDLE	['在你说之前就完成了哦。']	[2000]
4050	1211002			IDLE	['早……午……晚……']	[2000]
4051	1211002			IDLE	['唔……算了，你好。']	[2000]
4052	1211002			IDLE	['好了，习惯你这里的吵闹了。']	[2000]
4053	1211002			IDLE	['接下来应该可以睡个好觉。']	[2000]
4054	1211002			IDLE	['神威太吵了，让我在你这休息会。']	[2000]
4055	1211002			IDLE	['别告诉他我来过。']	[2000]
4056	1211002			IDLE	['要帮我打理头发？', '以前我也尝试过，但最后都失败了。', '所以劝你不要抱太大希望。']	[2000, 2000, 2000]
4057	1211002			IDLE	['看吧，就是这么难打理。', '不过……还是要谢谢你。']	[2000, 2000]
4058	1211002		80	IDLE	['你的额头很烫。', '再靠近些让我看看有没有其他症状。', '唔……奇怪……', '怎么靠近以后你身上的温度更高了？']	[2000, 2000, 2000, 2000]
4059	1211002		80	IDLE	['今天的你也很有精神呢。', '让我也振奋起来了……', '……', 'ZZZZZZZ……']	[2000, 2000, 2000, 2000]
4060	1211002		100	IDLE	['不累吗？', '看你整天都在忙碌。', '唔……我都看累了。', '再去睡会。']	[2000, 2000, 2000, 2000]
4061	1211002		100	IDLE	['你总是如此准时，让我都不好意思继续睡懒觉了。', '嘛……算了……', '今天就稍微认真点吧。']	[2000, 2000, 2000]
4062	1211002		100	IDLE	['这个送你，睡觉的时候放在身边。', '希望能给你带来好梦。']	[2000, 2000]
4063	1211002		100	IDLE	['这个送你，睡觉的时候放在身边。', '希望能给你带来好梦。']	[2000, 2000]
4101	1531003		10	IDLE	['嗯？']	[2000]
4102	1531003		10	IDLE	['注意言行。']	[2000]
4103	1531003		10	IDLE	['注意举止。']	[2000]
4104	1531003		10	IDLE	['这个房间，有点小。']	[2000]
4105	1531003		30	IDLE	['嗯？']	[2000]
4106	1531003		30	IDLE	['注意言行。']	[2000]
4107	1531003		30	IDLE	['注意举止。']	[2000]
4108	1531003		30	IDLE	['这个房间，有点小。']	[2000]
4109	1531003		30	IDLE	['回音会影响到练习的质量。']	[2000]
4110	1531003		50	IDLE	['指挥，祝你拥有愉快的一天。']	[2000]
4111	1531003		50	IDLE	['这里的隔音效果还不错。']	[2000]
4112	1531003		50	IDLE	['我不太会收拾房间。']	[2000]
4113	1531003		50	IDLE	['忽然很想哼唱歌谣。']	[2000]
4114	1531003		50	IDLE	['唔？']	[2000]
4115	1531003		80	IDLE	['?~?~']	[2000]
4116	1531003		80	IDLE	['我可以稍微散漫一点么？']	[2000]
4117	1531003		80	IDLE	['虽然不大，但是我很喜欢这里。']	[2000]
4118	1531003		80	IDLE	['能不能给房间贴上吸音板呢？']	[2000]
4119	1531003		100	IDLE	['?~?~']	[2000]
4120	1531003		100	IDLE	['我可以稍微散漫一点么？']	[2000]
4121	1531003		100	IDLE	['虽然不大，但是我很喜欢这里。']	[2000]
4122	1531003		100	IDLE	['能不能给房间贴上吸音板呢？']	[2000]
4123	1531003		100	IDLE	['想要听我唱歌么？']	[2000]
4124	1531003		30	IDLE	['昂首，挺胸，优雅。']	[2000]
4125	1531003		30	IDLE	['……唔——差点摔倒了。']	[2000]
4126	1531003		30	IDLE	['这里也许很适合进行舞台布景。']	[2000]
4127	1531003		30	IDLE	['那里看上去很适合演奏。']	[2000]
4128	1531003		30	IDLE	['嗯……']	[2000]
4129	1531003		50	IDLE	['艾拉……正在干什么呢？']	[2000]
4130	1531003		50	IDLE	['只管继续走……只管继续走……']	[2000]
4131	1531003		50	IDLE	['嗯？我走到哪里了？']	[2000]
4132	1531003		50	IDLE	['艾拉……正在干什么呢？']	[2000]
4133	1531003		50	IDLE	['只管继续走……只管继续走……']	[2000]
4134	1531003		80	IDLE	['嗯？我走到哪里了？']	[2000]
4135	1531003		80	IDLE	['指挥在哪里？']	[2000]
4136	1531003		80	IDLE	['现在的一切，宛如幻梦。']	[2000]
4137	1531003		100	IDLE	['如果艾拉在我身边，就好了。']	[2000]
4138	1531003		100	IDLE	['不必驻步。']	[2000]
4139	1531003		100	IDLE	['花朵自会继续开放。']	[2000]
4140	1531003		100	IDLE	['好像有点灵感了。']	[2000]
4141	1531003		100	IDLE	['别离我太远，我想多听听你的声音。']	[2000]
4142	1531003			IDLE	['练习到有点恍惚了。', '可以带我去休息的地方么？']	[2000, 2000]
4143	1531003			IDLE	['谢谢，你也想要一块躺会儿么？我可以给你唱安眠曲。']	[2000]
4144	1531003			IDLE	['想要找一个吹奏长笛的地方。', '这里就很好，你要坐到我的身边么？']	[2000, 2000]
4145	1531003			IDLE	['如果你想的话，可以将头枕在我的腿上。']	[2000]
4146	1531003			IDLE	['我在思考怎样才能将小提琴、中提琴和大提琴的盒子全部摆进这个柜子里。', '有点困难。']	[2000, 2000]
4147	1531003			IDLE	['你在帮我整理么？', '谢谢你。']	[2000, 2000]
4148	1531003			IDLE	['想和我讨论歌剧？', '可以。']	[2000, 2000]
4149	1531003			IDLE	['从《李尔王》开始，还是从《麦克白》开始？']	[2000]
4150	1531003			IDLE	['我听见了你的脚步声。', '转头一看。']	[2000, 2000]
4151	1531003			IDLE	['果然是你。']	[2000]
4152	1531003			IDLE	['世界本该如暴风雨般狂野，', '却被美之音乐所驯服。']	[2000, 2000]
4153	1531003			IDLE	['你是否听过这句话呢？']	[2000]
4154	1531003			IDLE	['我刚刚想到了一首新歌。', '想要第一时间唱给你听听。']	[2000, 2000]
4155	1531003			IDLE	['你可以为了我，驻步一下么？']	[2000]
4156	1531003			IDLE	['想摸摸我的脸？', '可以，我也十分喜欢被你触碰。', '这种说法有问题？不能和别人说同样的话？']	[2000, 2000, 2000]
4157	1531003			IDLE	['……知道了，以后我会更加注意自己的言辞的。']	[2000]
4158	1531003		80	IDLE	['我正在写信。', '写给谁？', '嗯……', '现在不告诉你。']	[2000, 2000, 2000, 2000]
4159	1531003		80	IDLE	['和你在一起的时候。', '我偶尔会听见“波涛”的声音。', '本来已经快消失了，这到底是……', '虽然我不讨厌就是了。']	[2000, 2000, 2000, 2000]
4160	1531003		100	IDLE	['想学这种唱腔？', '将舌头向后缩，抵住喉咙……', '该怎样，才能给你做出一个准确的示范呢？']	[2000, 2000, 2000]
4161	1531003		100	IDLE	['宽容就像天上的细雨滋润着大地。', '它赐福于宽容的人。', '也赐福于被宽容的人。']	[2000, 2000, 2000]
4162	1531003		100	IDLE	['我想了很久，决定把它送给你。', '虽然不是什么珍贵的东西，但是希望你能喜欢。']	[2000, 2000]
4163	1531003		100	IDLE	['我想了很久，决定把它送给你。', '虽然不是什么珍贵的东西，但是希望你能喜欢。']	[2000, 2000]
4201	1121003		10	IDLE	['东西要收拾好。']	[2000]
4202	1121003		10	IDLE	['小心点啊……']	[2000]
4203	1121003		10	IDLE	['不能打扰到别人。']	[2000]
4204	1121003		10	IDLE	['危险！']	[2000]
4205	1121003		30	IDLE	['不行，不能睡着啊。']	[2000]
4206	1121003		30	IDLE	['小心点啊……']	[2000]
4207	1121003		30	IDLE	['不能打扰到别人。']	[2000]
4208	1121003		30	IDLE	['危险！']	[2000]
4209	1121003		30	IDLE	['不行，不能睡着啊。']	[2000]
4210	1121003		50	IDLE	['幸会了。']	[2000]
4211	1121003		50	IDLE	['今天的训练结束了。']	[2000]
4212	1121003		50	IDLE	['站姿正确的话可以更快作出反应。']	[2000]
4213	1121003		50	IDLE	['房间的布置可以再优化一下。']	[2000]
4214	1121003		50	IDLE	['嗯？刚才走过的是谁……']	[2000]
4215	1121003		80	IDLE	['干等着的话问题是不会解决的。']	[2000]
4216	1121003		80	IDLE	['嗯，我准备休息了。']	[2000]
4217	1121003		80	IDLE	['谢谢你，我还不累。']	[2000]
4218	1121003		80	IDLE	['现在的话可以稍微放松下了。']	[2000]
4219	1121003		100	IDLE	['干等着的话问题是不会解决的。']	[2000]
4220	1121003		100	IDLE	['嗯，我准备休息了。']	[2000]
4221	1121003		100	IDLE	['谢谢你，我还不累。']	[2000]
4222	1121003		100	IDLE	['现在的话可以稍微放松下了。']	[2000]
4223	1121003		100	IDLE	['我想多留一会，看看大家…']	[2000]
4224	1121003		30	IDLE	['适当的活动才是生命之本。']	[2000]
4225	1121003		30	IDLE	['在哪里？']	[2000]
4226	1121003		30	IDLE	['有点累了……']	[2000]
4227	1121003		30	IDLE	['不要跟着我。']	[2000]
4228	1121003		30	IDLE	['前进通路上不要摆放杂物。']	[2000]
4229	1121003		50	IDLE	['从各个角度观看这房间。']	[2000]
4230	1121003		50	IDLE	['跟着我一起来吧。']	[2000]
4231	1121003		50	IDLE	['是时候活动一下了。']	[2000]
4232	1121003		50	IDLE	['啊，天花板上有污迹！']	[2000]
4233	1121003		50	IDLE	['神威和万事在哪里呢。']	[2000]
4234	1121003		80	IDLE	['不能在宿舍里跑步哦。']	[2000]
4235	1121003		80	IDLE	['嗯，脚步放轻点，不要吵醒万事。']	[2000]
4236	1121003		80	IDLE	['房间有点乱，注意不要踩到杂物。']	[2000]
4237	1121003		100	IDLE	['不能在宿舍里跑步哦。']	[2000]
4238	1121003		100	IDLE	['嗯，脚步放轻点，不要吵醒万事。']	[2000]
4239	1121003		100	IDLE	['房间有点乱，注意不要踩到杂物。']	[2000]
4240	1121003		100	IDLE	['立即行动，绝不懈怠。']	[2000]
4241	1121003		100	IDLE	['没想到宿舍还挺宽敞的。']	[2000]
4242	1121003			IDLE	['我不带头去睡的话其他人肯定就不会去休息。', '不能让他们有借口熬夜然后明天借故不训练。']	[2000, 2000]
4243	1121003			IDLE	['好了，其他人也赶紧休息吧！']	[2000]
4244	1121003			IDLE	['总觉得静不下心来考虑作战方案…', '还是坐下来慢慢想比较好']	[2000, 2000]
4245	1121003			IDLE	['嗯，制胜的关键浮现在脑海里了。']	[2000]
4246	1121003			IDLE	['将暂时用不到的东西收拾好放回收纳处。', '这样才能快速取用…小到一个杯子，大到一把武器。']	[2000, 2000]
4247	1121003			IDLE	['嗯，这就叫做“有备无患”。']	[2000]
4248	1121003			IDLE	['“居安而思危”，这是我在书上所学到的。', '即使在休息的时候，也不能懈怠。']	[2000, 2000]
4249	1121003			IDLE	['…嗯，谢谢你能够认同我。']	[2000]
4250	1121003			IDLE	['生活作息还是尽可能规律比较好。', '定下的规矩不能轻易打破…', '当然…也会有迫不得已的时候。', '于是我给自己定下了惩罚。']	[2000, 2000, 2000, 2000]
4251	1121003			IDLE	['每次不能遵守的时候就对神威少发火一次，效果拔群。']	[2000]
4252	1121003			IDLE	['在宿舍不能携带武器有点不安啊…', '虽然空中花园里面十分的安全。', '但是以防万一我认为是必要的。', '敌人总是会在意想不到的地方出现。']	[2000, 2000, 2000, 2000]
4253	1121003			IDLE	['嗯，现在就开始对付敌人的想象训练吧。']	[2000]
4254	1121003			IDLE	['随手都能捡到不知道是谁的记录终端。', '大家也太不小心了吧…', '嗯？上面为什么显示着我的名字…？', '我之前明明借给了神威做战术参考的…']	[2000, 2000, 2000, 2000]
4255	1121003			IDLE	['神威……你给我过来一下。']	[2000]
4256	1121003			IDLE	['想要摸摸我的头发？当然可以…', '但是可能质感不怎么好，我没有什么特别保养过。']	[2000, 2000]
4257	1121003			IDLE	['嗯？稍微有点刺刺的感觉很舒服吗？', '哦，谢谢……']	[2000, 2000]
4258	1121003		80	IDLE	['我经常被人说“认真过头”……', '其实我也知道这样不好。', '会给身边的人带来无形的压力。', '或者我应该再学着轻松一点……', '但是像神威那样是绝对不行的。']	[2000, 2000, 2000, 2000, 2000]
4259	1121003		80	IDLE	['哦，你问我手上拿着的是什么书？', '是叫做“推理小说”的文学类型。', '你感兴趣吗？我们可以聊一聊……', '不如先说说凶手……', '啊，抱歉……差点剧透了。']	[2000, 2000, 2000, 2000, 2000]
4260	1121003		100	IDLE	['嗯，开会时间到了吗？', '还没有……时间还早呢。', '那么不知道你有没有时间来下棋呢？', '你有时间吗？那可真是太好了。', '终于可以来一场不需要先说明十分钟规则的对弈了。']	[2000, 2000, 2000, 2000, 2000]
4261	1121003		100	IDLE	['有时候真羡慕万事能够快速进入休眠。', '虽然构造体并不一定需要休眠…', '但是还是会一定程度积累疲劳感。', '为了晚上能睡得好…不如现在就结束休息提前完成工作。', '唉，你说得对…这是本末倒置啊…']	[2000, 2000, 2000, 2000, 2000]
4262	1121003		100	IDLE	['指挥官，我希望你能够收下这个。', '其实这是我拜托赛利卡选的，我自己拿不好主意。', '如果你能够喜欢…就好了。']	[2000, 2000, 2000]
4263	1121003		100	IDLE	['指挥官，我希望你能够收下这个。', '其实这是我拜托赛利卡选的，我自己拿不好主意。', '如果你能够喜欢…就好了。']	[2000, 2000, 2000]
4301	1221002		10	IDLE	['……']	[2000]
4302	1221002		10	IDLE	['停下。']	[2000]
4303	1221002		10	IDLE	['这样的话……']	[2000]
4304	1221002		10	IDLE	['这是分界线，不能跨过。']	[2000]
4305	1221002		30	IDLE	['待机中。']	[2000]
4306	1221002		30	IDLE	['停下。']	[2000]
4307	1221002		30	IDLE	['这样的话……']	[2000]
4308	1221002		30	IDLE	['这是分界线，不能跨过。']	[2000]
4309	1221002		30	IDLE	['待机中。']	[2000]
4310	1221002		50	IDLE	['这种味道……']	[2000]
4311	1221002		50	IDLE	['很安静，像研究所。']	[2000]
4312	1221002		50	IDLE	['唔……']	[2000]
4313	1221002		50	IDLE	['21号，停止。']	[2000]
4314	1221002		50	IDLE	['……']	[2000]
4315	1221002		80	IDLE	['?~?~']	[2000]
4316	1221002		80	IDLE	['这里变得吵起来了，嗯，队长应该会这么说。']	[2000]
4317	1221002		80	IDLE	['你出现的时间，变多了。']	[2000]
4318	1221002		80	IDLE	['正在完善观察记录。']	[2000]
4319	1221002		100	IDLE	['?~?~']	[2000]
4320	1221002		100	IDLE	['这里变得吵起来了，嗯，队长应该会这么说。']	[2000]
4321	1221002		100	IDLE	['你出现的时间，变多了。']	[2000]
4322	1221002		100	IDLE	['正在完善观察记录。']	[2000]
4323	1221002		100	IDLE	['“呼噜”哪里去了？']	[2000]
4324	1221002		30	IDLE	['实验中……']	[2000]
4325	1221002		30	IDLE	['在这边吗？']	[2000]
4326	1221002		30	IDLE	['……']	[2000]
4327	1221002		30	IDLE	['唔呣……']	[2000]
4328	1221002		30	IDLE	['这里比研究所还要空旷。']	[2000]
4329	1221002		50	IDLE	['就位。']	[2000]
4330	1221002		50	IDLE	['实验开始。']	[2000]
4331	1221002		50	IDLE	['21号，行走。']	[2000]
4332	1221002		50	IDLE	['……']	[2000]
4333	1221002		50	IDLE	['空白。']	[2000]
4334	1221002		80	IDLE	['已收到新的实验命令。']	[2000]
4335	1221002		80	IDLE	['你这里的味道，很好闻。']	[2000]
4336	1221002		80	IDLE	['21号想要记住这里。']	[2000]
4337	1221002		100	IDLE	['已收到新的实验命令。']	[2000]
4338	1221002		100	IDLE	['你这里的味道，很好闻。']	[2000]
4339	1221002		100	IDLE	['21号想要记住这里。']	[2000]
4340	1221002		100	IDLE	['原来如此，21号已经完全明白了。']	[2000]
4341	1221002		100	IDLE	['分界线，已经不需要了。']	[2000]
4342	1221002			IDLE	['我不需要休息。', '但是现在要准备采集休息相关的实验数据。']	[2000, 2000]
4343	1221002			IDLE	['嗯，采集到了，但这就是休息吗，无法理解。']	[2000]
4344	1221002			IDLE	['到看节目的时间了。', '这个时间的节目会教很多东西。', '你要一起吗。']	[2000, 2000, 2000]
4345	1221002			IDLE	['节目中说的亲密，是什么？是现在的你和我吗？']	[2000]
4346	1221002			IDLE	['你问我手上的柜门哪来的？', '我只是想打开你这里的柜子。']	[2000, 2000]
4347	1221002			IDLE	['这样就装回去了吗，好神奇。', '原来是搞错了打开的方向，我已经完全明白了。']	[2000, 2000]
4348	1221002			IDLE	['你来了。', '我正在练习微笑。']	[2000, 2000]
4349	1221002			IDLE	['正好需要一个协助者。']	[2000]
4350	1221002			IDLE	['你的味道，很特别。']	[2000]
4351	1221002			IDLE	['我并不排斥。']	[2000]
4352	1221002			IDLE	['你来了，跪安。']	[2000]
4353	1221002			IDLE	['咦，这个词不是这么用的吗？']	[2000]
4354	1221002			IDLE	['今天的你也很准时，没有异常']	[2000]
4355	1221002			IDLE	['那让我们开始下一个数据的观察吧。']	[2000]
4356	1221002			IDLE	['肢体接触是为了什么？', '我无法理解。', '你能和我进行肢体接触么？']	[2000, 2000, 2000]
4357	1221002			IDLE	['唔，似乎稍微明白了些什么。']	[2000]
4358	1221002		80	IDLE	['要给小家伙取一个新代号吗？', '我想要学习你的命名风格。']	[2000, 2000]
4359	1221002		80	IDLE	['这样吗，不对，也许应该是这样。', '21号正在学习平日里的你。', '但始终学不会。', '你真是个特别的家伙。']	[2000, 2000, 2000, 2000]
4360	1221002		100	IDLE	['我跟露西亚学习了料理。', '要尝试一下吗？', '咦？为什么我感觉你在退后。']	[2000, 2000, 2000]
4361	1221002		100	IDLE	['你的名字，不重要，因为那只是你的代号。', '你不会因为名字的改变而不再是你。', '所以，我会找到你的。', '嗯，昨天的节目中就是这么演得。']	[2000, 2000, 2000, 2000]
4362	1221002		100	IDLE	['小家伙带回来的。', '我不明白这东西的作用。', '所以还是转交给你吧。']	[2000, 2000, 2000]
4363	1221002		100	IDLE	['小家伙带回来的。', '我不明白这东西的作用。', '所以还是转交给你吧。']	[2000, 2000, 2000]
4401	1131003		10	IDLE	['你，站住。']	[2000]
4402	1131003		10	IDLE	['有什么好看的…']	[2000]
4403	1131003		10	IDLE	['喂喂。']	[2000]
4404	1131003		10	IDLE	['走开……']	[2000]
4405	1131003		30	IDLE	['你，站住。']	[2000]
4406	1131003		30	IDLE	['有什么好看的…']	[2000]
4407	1131003		30	IDLE	['喂喂。']	[2000]
4408	1131003		30	IDLE	['走开……']	[2000]
4409	1131003		30	IDLE	['有事吗？']	[2000]
4410	1131003		50	IDLE	['别靠太近了……']	[2000]
4411	1131003		50	IDLE	['现在就先待机。']	[2000]
4412	1131003		50	IDLE	['没有事做吗？']	[2000]
4413	1131003		50	IDLE	['人一多，视野都变差了。']	[2000]
4414	1131003		50	IDLE	['小心点。']	[2000]
4415	1131003		80	IDLE	['原来你在啊……在就说一声啊。']	[2000]
4416	1131003		80	IDLE	['加油吧，要让我开心下哦。']	[2000]
4417	1131003		80	IDLE	['算了，你就呆在这吧。']	[2000]
4418	1131003		80	IDLE	['你可以放松点，今天我心情好。']	[2000]
4419	1131003		100	IDLE	['原来你在啊……在就说一声啊。']	[2000]
4420	1131003		100	IDLE	['加油吧，要让我开心下哦。']	[2000]
4421	1131003		100	IDLE	['算了，你就呆在这吧。']	[2000]
4422	1131003		100	IDLE	['你可以放松点，今天我心情好。']	[2000]
4423	1131003		100	IDLE	['不用到处走，这里就挺好。']	[2000]
4424	1131003		30	IDLE	['你挡路了。']	[2000]
4425	1131003		30	IDLE	['我想走就走。']	[2000]
4426	1131003		30	IDLE	['有点无聊……']	[2000]
4427	1131003		30	IDLE	['别跟着我好吗？']	[2000]
4428	1131003		30	IDLE	['真碍事……']	[2000]
4429	1131003		50	IDLE	['别靠太近了……']	[2000]
4430	1131003		50	IDLE	['现在就先待机。']	[2000]
4431	1131003		50	IDLE	['没有事做吗？']	[2000]
4432	1131003		50	IDLE	['人一多，视野都变差了。']	[2000]
4433	1131003		50	IDLE	['小心点。']	[2000]
4434	1131003		80	IDLE	['好玩的家伙……在哪呢？']	[2000]
4435	1131003		80	IDLE	['学我走路的姿势？随便吧。']	[2000]
4436	1131003		80	IDLE	['偶尔走一走，也不错。']	[2000]
4437	1131003		100	IDLE	['好玩的家伙……在哪呢？']	[2000]
4438	1131003		100	IDLE	['学我走路的姿势？随便吧。']	[2000]
4439	1131003		100	IDLE	['偶尔走一走，也不错。']	[2000]
4440	1131003		100	IDLE	['不用告诉我我该去哪。']	[2000]
4441	1131003		100	IDLE	['你跟着我，我也不会给你好处的。']	[2000]
4442	1131003			IDLE	['你不觉得这里有点太吵了吗……', '还站着干嘛？帮我找个安静的地方休息下吧。']	[2000, 2000]
4443	1131003			IDLE	['还不错，终于可以好好休息……', '在我睡着的时候，就允许你在旁边当下护卫吧。']	[2000, 2000]
4444	1131003			IDLE	['我的信条是能休息的时候就休息。', '不然等到需要动真格的时候会身体僵硬……那边的沙发不错啊。']	[2000, 2000]
4445	1131003			IDLE	['果然还是要放松一下……', '现在感觉就算砍多少敌人也不会累了。']	[2000, 2000]
4446	1131003			IDLE	['那里是你放私人物资的柜子吗？', '能让我看一眼吗？放心吧，我就看看……']	[2000, 2000]
4447	1131003			IDLE	['呵呵，这个我就收下了……', '你的东西就是我的东西，有什么问题吗？']	[2000, 2000]
4448	1131003			IDLE	['比起失败，我更讨厌谎言……', '所以千万别让我知道你在骗我。', '要不然的话……']	[2000, 2000, 2000]
4449	1131003			IDLE	['你一定会后悔的。']	[2000]
4450	1131003			IDLE	['有时间吗？来陪我一下……', '放心，不是什么麻烦的事情。', '只是需要你站在这里，头上放着这个感染体玩偶……', '怎么样，没骗你吧，很简单的。']	[2000, 2000, 2000, 2000]
4451	1131003			IDLE	['但记得等会千万不要乱动哦，不然枪可是会刺歪的。']	[2000]
4452	1131003			IDLE	['和感染体战斗，人会受伤，我们构造体也会。', '以前的人总想着怎么去医治伤者。', '但现在我发现了一个更有效率的办法……']	[2000, 2000, 2000]
4453	1131003			IDLE	['那就是把看到的所有敌人全部消灭。']	[2000]
4454	1131003			IDLE	['大家都怕了我？或许吧……', '反正我也没有和其他人搞好关系的兴趣。', '太深的羁绊多半都没什么好事。']	[2000, 2000, 2000]
4455	1131003			IDLE	['对我来说是这样，对你也是。']	[2000]
4456	1131003			IDLE	['嗯？想摸摸我吗？', '也可以啊……来吧，试着靠近我一点吧。', '怎么样，你怕了吗？']	[2000, 2000, 2000]
4457	1131003			IDLE	['没想到你还真敢上手来触摸我，胆量不小啊。']	[2000]
4458	1131003		80	IDLE	['休息日？为什么提起这个……', '严格来说，三头犬没有什么休息日。', '但是凡事都不需要这么死板……', '如果是你的话，我稍微挤出点时间也不是不可以。']	[2000, 2000, 2000, 2000]
4459	1131003		80	IDLE	['与感染体的战斗只有两个结果。', '杀死它或者被它杀死。', '很多时候宿舍的谁就会再也回不来。', '所以很少见这么热闹的宿舍……', '偶尔像这样耳边有些噪音，也不错吧。']	[2000, 2000, 2000, 2000, 2000]
4460	1131003		100	IDLE	['干嘛这么认真保持整洁……', '宿舍不过是睡一觉的地方，随便一点就好。', '你也会经常来？那和我有什么关系……', '哼，算了……我会注意一点的了。', '明天就找个借口让21号和诺克提那两个家伙收拾一下吧。']	[2000, 2000, 2000, 2000, 2000]
4461	1131003		100	IDLE	['如果没有什么任务的话，就不用急着走。', '来聊聊天吧？例如说说灰鸦那帮家伙最近怎么样……', '我有什么企图？呵，想不到你还挺警觉的嘛。', '没什么……只是好奇你们每天都是怎么过的而已。', '说不定能够作为三头犬某种意义上的“参考物”，仅此而已。']	[2000, 2000, 2000, 2000, 2000]
4462	1131003		100	IDLE	['过来吧，这些礼物是为你准备的。', '喜欢吗？哼……那就好。', '但是啊，礼尚必须往来……这个道理你也懂的吧。', '所以，收下了礼物的你，到底要怎么回报我呢？', '我很期待哦~']	[2000, 2000, 2000, 2000, 2000]
4463	1131003		100	IDLE	['过来吧，这些礼物是为你准备的。', '喜欢吗？哼……那就好。', '但是啊，礼尚必须往来……这个道理你也懂的吧。', '所以，收下了礼物的你，到底要怎么回报我呢？', '我很期待哦~']	[2000, 2000, 2000, 2000, 2000]
4501	1541003		10	IDLE	['这儿好像不需要打扫啊。']	[2000]
4502	1541003		10	IDLE	['就没有些什么有意思的表演吗？']	[2000]
4503	1541003		10	IDLE	['无聊的时候我会找个人抬杠，总能有点乐子。']	[2000]
4504	1541003		10	IDLE	['我现在露出笑容绝对不是因为无聊哦。']	[2000]
4505	1541003		30	IDLE	['这儿好像不需要打扫啊。']	[2000]
4506	1541003		30	IDLE	['就没有些什么有意思的表演吗？']	[2000]
4507	1541003		30	IDLE	['无聊的时候我会找个人抬杠，总能有点乐子。']	[2000]
4508	1541003		30	IDLE	['我现在露出笑容绝对不是因为无聊哦。']	[2000]
4509	1541003		30	IDLE	['今天你要跟我待一起？嗯，我太开心啦，真的哦。']	[2000]
4510	1541003		50	IDLE	['哦！罗兰，你为什么是罗兰呢？']	[2000]
4511	1541003		50	IDLE	['我这句话是谎话。']	[2000]
4512	1541003		50	IDLE	['如果有一百只仿生袋鼠入侵这里，那每个人要打……']	[2000]
4513	1541003		50	IDLE	['天花板上那片污渍的形状，像个什么东西呢……']	[2000]
4514	1541003		50	IDLE	['啊，对了，那污渍长得很像昨天我遗失的梦想！']	[2000]
4515	1541003		80	IDLE	['要是在那个天花板上荡秋千……']	[2000]
4516	1541003		80	IDLE	['你总是从上往下看我，就没想过从别的角度看看？']	[2000]
4517	1541003		80	IDLE	['你有想过，自己活着的世界就是真实的吗？']	[2000]
4518	1541003		80	IDLE	['Siempre se oía con voz muy fina~?']	[2000]
4519	1541003		100	IDLE	['要是在那个天花板上荡秋千……']	[2000]
4520	1541003		100	IDLE	['你总是从上往下看我，就没想过从别的角度看看？']	[2000]
4521	1541003		100	IDLE	['你有想过，自己活着的世界就是真实的吗？']	[2000]
4522	1541003		100	IDLE	['Siempre se oía con voz muy fina~?']	[2000]
4523	1541003		100	IDLE	['你今天也要待在这里吗？哈哈，那我真走运，真的。']	[2000]
4524	1541003		30	IDLE	['干脆把脑袋摘下来做个颠球吧。']	[2000]
4525	1541003		30	IDLE	['在天花板上散散步吧。']	[2000]
4526	1541003		30	IDLE	['不给我安排些什么活干吗？']	[2000]
4527	1541003		30	IDLE	['接下来请欣赏，倒立着表演倒立的人。']	[2000]
4528	1541003		30	IDLE	['哎呀哎呀。']	[2000]
4529	1541003		50	IDLE	['o(*￣w￣)o']	[2000]
4530	1541003		50	IDLE	['刚刚那一步走得太有风采了，来点掌声吧。']	[2000]
4531	1541003		50	IDLE	['接下来请欣赏，约德尔唱法秀。']	[2000]
4532	1541003		50	IDLE	['你这身衣服，是空中花园的标配吧。想不想换一身？']	[2000]
4533	1541003		50	IDLE	['不一起来做点什么吗？']	[2000]
4534	1541003		80	IDLE	['这里有小孩子吗？我突然有点礼物想送给他们。']	[2000]
4535	1541003		80	IDLE	['小兔子乖乖，把门儿开开，大灰狼要进来~?']	[2000]
4536	1541003		80	IDLE	['接下来请欣赏，美声童谣。']	[2000]
4537	1541003		100	IDLE	['这里有小孩子吗？我突然有点礼物想送给他们。']	[2000]
4538	1541003		100	IDLE	['小兔子乖乖，把门儿开开，大灰狼要进来~?']	[2000]
4539	1541003		100	IDLE	['接下来请欣赏，美声童谣。']	[2000]
4540	1541003		100	IDLE	['来靠近点，让我看看你的表情嘛。']	[2000]
4541	1541003		100	IDLE	['命运垂青勇者。']	[2000]
4542	1541003			IDLE	['好，差不多该休眠了，就找个地板睡吧。', '什么？去床上睡？我可真是受宠若惊。']	[2000, 2000]
4543	1541003			IDLE	['哈……还挺软的。', '奇怪，习惯了随便什么地方睡，在正经的床上反而睡不着了。']	[2000, 2000]
4544	1541003			IDLE	['好无聊，去沙发上摸会儿鱼吧。', '放心放心，我不会做什么小动作的。']	[2000, 2000]
4545	1541003			IDLE	['好，那要先从哪里下手呢……嗯……好困……', '呼……ZZZzzz……']	[2000, 2000]
4546	1541003			IDLE	['我猜猜，柜子里都收着些什么呢？', '一具骷髅，还是揭示万物真理的黑洞？']	[2000, 2000]
4547	1541003			IDLE	['哈哈，果然什么也没有。', '那我是不是该放点什么进去呢？']	[2000, 2000]
4548	1541003			IDLE	['作为客人，我是不是该打声招呼？', '祝你早上不安，下午不安。']	[2000, 2000]
4549	1541003			IDLE	['当然，晚上也不安，哈哈。']	[2000]
4550	1541003			IDLE	['我之前在这放了个定时炸弹，上哪去了？', '噢，在这，计时还在运作呢，我看看，1351,1352,1353,1354……', '嗯？为什么是正计时？']	[2000, 2000, 2000]
4551	1541003			IDLE	['不知道什么时候炸弹爆炸，才有意思，不是吗？']	[2000]
4552	1541003			IDLE	['世界上的所有语言我都略懂一二哦。', '你想知道西班牙语的‘爱’怎么说吗？把耳朵凑过来……']	[2000, 2000]
4553	1541003			IDLE	['什么，听语气不像是那个词？哈哈，是错觉，错觉。']	[2000]
4554	1541003			IDLE	['我来表演个魔术吧。', '这里有个可爱的小白兔玩偶，想不想看看它没有衣服的样子？']	[2000, 2000]
4555	1541003			IDLE	['惊喜！衣服没了，只剩下四肢跟脑袋咯。']	[2000]
4556	1541003			IDLE	['想摸摸我的头发？我很乐意。', '啊，先等等，我的假发要掉下来了……骗你的，请吧。']	[2000, 2000]
4557	1541003			IDLE	['呼……还挺舒服的，也挺奇特的。', '一个本该远离的危险品，却能碰上愿意接近的人。', '不仅如此，这个人还愿意用这么温柔的抚摸对待他。奇特，真奇特。']	[2000, 2000, 2000]
4558	1541003		80	IDLE	['你喜欢玩游戏吗？我可以奉陪哦。', '《不可猛水道》系列如何？我以前可是大师。', '但，也仅限于以前就是了。']	[2000, 2000, 2000]
4559	1541003		80	IDLE	['突然想来一场舞台剧了。', '我来导演，我来编剧，演员嘛，就用我刚刚做的这些布偶吧。', '哎呀，人数好像不大够呢。', '如何，你想跟我一起参演吗？']	[2000, 2000, 2000, 2000]
4560	1541003		100	IDLE	['好~现在是罗兰大哥哥的诈骗教学时间~！', '小朋友们知道吗，要把一个人骗到死，其实简单得很哦。', '捏造常识，创造环境，伪造人际。', '只要精心设计，各位小朋友们都能自如说出弥天大谎哦！', '……所以，不要只看着眼前，要多多尝试怀疑自己哦，小朋友。']	[2000, 2000, 2000, 2000, 2000]
4561	1541003		100	IDLE	['在这样房间里，吃着没味道的零食，看看没什么意思的节目。', '跟着罐头笑声发笑，对着催泪场景打哈欠。', '无聊，没有戏剧性的日常。', '这些，就是我以前期望的全部了。', '现在？现在啊……谁知道呢？']	[2000, 2000, 2000, 2000, 2000]
4562	1541003		100	IDLE	['嘿，嘿，这位指挥官，快看过来，这里有一份惊喜在等着你。', '猜猜看，这盒子里装的是什么？', '一枚炸弹，一记重拳，一股笑气？', '还是，一份平平无奇的礼物呢？']	[2000, 2000, 2000, 2000]
4563	1541003		100	IDLE	['嘿，嘿，这位指挥官，快看过来，这里有一份惊喜在等着你。', '猜猜看，这盒子里装的是什么？', '一枚炸弹，一记重拳，一股笑气？', '还是，一份平平无奇的礼物呢？']	[2000, 2000, 2000, 2000]
4601	1031004		10	IDLE	['等待……只是一种煎熬。']	[2000]
4602	1031004		10	IDLE	['我比任何时候都想要再次见到……']	[2000]
4603	1031004		10	IDLE	['随时都有人在牺牲，我现在这样……']	[2000]
4604	1031004		10	IDLE	['我……']	[2000]
4605	1031004		30	IDLE	['等待……只是一种煎熬。']	[2000]
4606	1031004		30	IDLE	['我比任何时候都想要再次见到……']	[2000]
4607	1031004		30	IDLE	['随时都有人在牺牲，我现在这样……']	[2000]
4608	1031004		30	IDLE	['我……']	[2000]
4609	1031004		30	IDLE	['太寂静了……']	[2000]
4610	1031004		50	IDLE	['现在的我能做到的事情……']	[2000]
4611	1031004		50	IDLE	['需要将房间的温度调低一些吗？']	[2000]
4612	1031004		50	IDLE	['我会为你驱散疲惫和痛苦。']	[2000]
4613	1031004		50	IDLE	['嗯？有什么需要丽芙帮忙的地方吗？']	[2000]
4614	1031004		50	IDLE	['想要留下些什么。']	[2000]
4615	1031004		80	IDLE	['请再给我一点时间注视你。']	[2000]
4616	1031004		80	IDLE	['我很喜欢……这样温暖而明亮的地方。']	[2000]
4617	1031004		80	IDLE	['唔……小绵羊……诶？没、没什么！']	[2000]
4618	1031004		80	IDLE	['在那一刻来临之前……再这样待一会吧。']	[2000]
4619	1031004		100	IDLE	['请再给我一点时间注视你。']	[2000]
4620	1031004		100	IDLE	['我很喜欢……这样温暖而明亮的地方。']	[2000]
4621	1031004		100	IDLE	['唔……小绵羊……诶？没、没什么！']	[2000]
4622	1031004		100	IDLE	['在那一刻来临之前……再这样待一会吧。']	[2000]
4623	1031004		100	IDLE	['你眼中闪烁的光，比舷窗外的星辰还要恒久明亮。']	[2000]
4624	1031004		30	IDLE	['唔……']	[2000]
4625	1031004		30	IDLE	['交给我吧。']	[2000]
4626	1031004		30	IDLE	['资料库的状态……']	[2000]
4627	1031004		30	IDLE	['还有未完成的工作吗？']	[2000]
4628	1031004		30	IDLE	['要注意大家的机体状态……']	[2000]
4629	1031004		50	IDLE	['今天的日记……']	[2000]
4630	1031004		50	IDLE	['那边的装饰，快要掉下来了。']	[2000]
4631	1031004		50	IDLE	['这个家具位置……可能会让路过的人不小心撞到。']	[2000]
4632	1031004		50	IDLE	['指挥官似乎会对某些特定的家具情有独钟呢。']	[2000]
4633	1031004		50	IDLE	['去那边吧。']	[2000]
4634	1031004		80	IDLE	['这个柜子似乎被里先生加上了不得了的功能……']	[2000]
4635	1031004		80	IDLE	['不用担心，我在这里。']	[2000]
4636	1031004		80	IDLE	['只要你在这里，我就能一直坚持下去。']	[2000]
4637	1031004		100	IDLE	['这个柜子似乎被里先生加上了不得了的功能……']	[2000]
4638	1031004		100	IDLE	['不用担心，我在这里。']	[2000]
4639	1031004		100	IDLE	['只要你在这里，我就能一直坚持下去。']	[2000]
4640	1031004		100	IDLE	['想要看到我的笑容……这样吗？']	[2000]
4641	1031004		100	IDLE	['你要去哪里？我可不可以和你一同？']	[2000]
4642	1031004			IDLE	['不，我并不需要休息，还有很多没有处理完的事情。', '你很担心……?我看上去，已经这样疲惫了吗？']	[2000, 2000]
4643	1031004			IDLE	['……请待在这里……哪也不要去。', '对不起……我又说了……任性的话……呼……']	[2000, 2000]
4644	1031004			IDLE	['已经到规定的休息时间了吗？', '那……指挥官也可以来这里坐一会吗？']	[2000, 2000]
4645	1031004			IDLE	['说着让我休息，怎么指挥官反而困起来了？', '好……我们一起休息，就这样静静地靠在一起。']	[2000, 2000]
4646	1031004			IDLE	['后勤部送来了新一批医疗用品和生活用品。', '需要尽快把它们整理好，分配给大家。']	[2000, 2000]
4647	1031004			IDLE	['谢谢你的帮助，指挥官。我已经按照物品和药剂的用途分类并且贴上了标签。', '这样一来，我不在的时候……大家也可以正常取用。', '指挥官，要好好记住这些东西的位置哦？']	[2000, 2000, 2000]
4648	1031004			IDLE	['欢迎回家，指挥官。', '只是偶尔，想要这么说说看而已……']	[2000, 2000]
4649	1031004			IDLE	['上次这么对露西亚说的时候，她抱了我一下，所以……']	[2000]
4650	1031004			IDLE	['即使是再微小的希望，都能汇聚成祈愿的星灯照亮永夜。', '那真的是……非常耀眼的画面。']	[2000, 2000]
4651	1031004			IDLE	['我想，我永远不会忘记。']	[2000]
4652	1031004			IDLE	['如果还能够和露西亚一起逛街的话……']	[2000]
4653	1031004			IDLE	['不，我只是突然想起了一些以前的事情。']	[2000]
4654	1031004			IDLE	['只要拥有了翅膀，就能够自由飞翔吗……', '如果可以的话，我并不想去那样遥远的地方。', '我想将羽翼分给那些渴望飞翔的人。']	[2000, 2000, 2000]
4655	1031004			IDLE	['然后像这样留在你的……大家的身边。']	[2000]
4656	1031004			IDLE	['你这样看着我，是我的头发上粘到什么东西了吗？', '要摸摸我的头？嗯……当然可以。']	[2000, 2000]
4657	1031004			IDLE	['指挥官的手……真的非常温暖。', '你为什么……总是这样……', '这样，我会变得更留恋的……']	[2000, 2000, 2000]
4658	1031004		80	IDLE	['你想要听那首歌吗？嗯，当然可以。', '不知道为什么，在指挥官面前唱歌……', '会有些……害羞……']	[2000, 2000, 2000]
4659	1031004		80	IDLE	['这个吗？是我正在整理以前的看护记录。', '不知道那些幸存下来的人们，现在健康状况怎么样。', '希望他们能够就此远离苦痛，安稳幸福地活下去。']	[2000, 2000, 2000]
4660	1031004		100	IDLE	['指挥官现在想做什么呢？', '在你身边待久了，似乎很容易能猜想到你下一步举动。', '咦？你说现在会做一些出乎我意料的事情？', '嗯……这也在我的意料之中哦？']	[2000, 2000, 2000, 2000]
4661	1031004		100	IDLE	['大家以后会变成什么样，拥有怎样的生活呢？', '当然，我永远不会对未来失去期待。', '因为，那是你们将会前往的那个未来呀……']	[2000, 2000, 2000]
4662	1031004		100	IDLE	['指挥官，你可以收下这个吗？', '就像你一直带给我希望，指引我前行那样。', '我也有无论如何都想要向你传达的心意。', '愿我能够……不辜负你们的心意和期待。']	[2000, 2000, 2000, 2000]
4663	1031004		100	IDLE	['指挥官，你可以收下这个吗？', '就像你一直带给我希望，指引我前行那样。', '我也有无论如何都想要向你传达的心意。', '愿我能够……不辜负你们的心意和期待。']	[2000, 2000, 2000, 2000]
4701	1531004		10	IDLE	['嗯。']	[2000]
4702	1531004		10	IDLE	['……']	[2000]
4703	1531004		10	IDLE	['嘶。']	[2000]
4704	1531004		10	IDLE	['似乎有些拥挤。']	[2000]
4705	1531004		30	IDLE	['嗯。']	[2000]
4706	1531004		30	IDLE	['……']	[2000]
4707	1531004		30	IDLE	['嘶。']	[2000]
4708	1531004		30	IDLE	['似乎有些拥挤。']	[2000]
4709	1531004		30	IDLE	['为什么会出现噪音呢……']	[2000]
4710	1531004		50	IDLE	['下雨了吗？']	[2000]
4711	1531004		50	IDLE	['疲顿的世界吗……']	[2000]
4712	1531004		50	IDLE	['奇怪。']	[2000]
4713	1531004		50	IDLE	['我听到了远方的低吟。']	[2000]
4714	1531004		50	IDLE	['休息一会吧。']	[2000]
4715	1531004		80	IDLE	['这让我感到安心。']	[2000]
4716	1531004		80	IDLE	['声音在归于平静。']	[2000]
4717	1531004		80	IDLE	['这样就好，我只是想听听你的呼吸声。']	[2000]
4718	1531004		80	IDLE	['谢谢你……不，只是突然想这么说而已。']	[2000]
4719	1531004		100	IDLE	['这让我感到安心。']	[2000]
4720	1531004		100	IDLE	['声音在归于平静。']	[2000]
4721	1531004		100	IDLE	['这样就好，我只是想听听你的呼吸声。']	[2000]
4722	1531004		100	IDLE	['谢谢你……不，只是突然想这么说而已。']	[2000]
4723	1531004		100	IDLE	['别担心，我在。']	[2000]
4724	1531004		30	IDLE	['起。']	[2000]
4725	1531004		30	IDLE	['噪音的源头，是这边吗？']	[2000]
4726	1531004		30	IDLE	['这里有些冰冷。']	[2000]
4727	1531004		30	IDLE	['声音，消失了。']	[2000]
4728	1531004		30	IDLE	['是错觉吗？']	[2000]
4729	1531004		50	IDLE	['渐渐熟悉这里了。']	[2000]
4730	1531004		50	IDLE	['希望我没有想错。']	[2000]
4731	1531004		50	IDLE	['这场独奏已经进行多久了呢。']	[2000]
4732	1531004		50	IDLE	['该继续练习了。']	[2000]
4733	1531004		50	IDLE	['你好，指挥。']	[2000]
4734	1531004		80	IDLE	['这样应该能更振奋些。']	[2000]
4735	1531004		80	IDLE	['我看到了彩虹，就在不远处。']	[2000]
4736	1531004		80	IDLE	['这里可以寄信吗？']	[2000]
4737	1531004		100	IDLE	['这样应该能更振奋些。']	[2000]
4738	1531004		100	IDLE	['我看到了彩虹，就在不远处。']	[2000]
4739	1531004		100	IDLE	['这里可以寄信吗？']	[2000]
4740	1531004		100	IDLE	['要一起出去走走吗？']	[2000]
4741	1531004		100	IDLE	['演奏即将开始。']	[2000]
4742	1531004			IDLE	['要不要一起尝试下暂时放下一切，只是安静地躺着。', '让思想自由飞散在天空。']	[2000, 2000]
4743	1531004			IDLE	['我似乎听到了……那游荡在繁星间的歌谣。']	[2000]
4744	1531004			IDLE	['我曾幻想过自己的老年生活。', '坐在炉火旁的摇椅上，听着舒缓的音乐，盖着毯子，翻阅黄金时代的藏书。', '诶？你说现在就可以体验一下吗？']	[2000, 2000, 2000]
4745	1531004			IDLE	['比想象中还要温暖安心，是因为……你的缘故吗？']	[2000]
4746	1531004			IDLE	['你来了，我正在寻找信纸。', '虽然很多话都能通过言语传达，但有些事果然还是得用书信。']	[2000, 2000]
4747	1531004			IDLE	['谢谢，帮我找到了这么多信纸。']	[2000]
4748	1531004			IDLE	['咦？我在笑吗。', '这样……']	[2000, 2000]
4749	1531004			IDLE	['原来此刻的我正在微笑啊。']	[2000]
4750	1531004			IDLE	['新曲段的收尾部分该如何编写呢？']	[2000]
4751	1531004			IDLE	['我想听听你的意见。']	[2000]
4752	1531004			IDLE	['指挥，你有什么想学的乐器吗？']	[2000]
4753	1531004			IDLE	['只要你愿意，我随时都可以提供帮助。']	[2000]
4754	1531004			IDLE	['时间到了吗？']	[2000]
4755	1531004			IDLE	['直面屋外那狂风暴雨的时刻。']	[2000]
4756	1531004			IDLE	['出席舞会的礼仪吗？', '是你的话应该很快就能掌握关键的肢体动作。', '首先，先把手搭过来吧。']	[2000, 2000, 2000]
4757	1531004			IDLE	['嗯……再多这样一会也无妨。']	[2000]
4758	1531004		80	IDLE	['愿意与我共同演奏一曲吗？', '别紧张，随意发挥就好，我会配合上你的步调。']	[2000, 2000]
4759	1531004		80	IDLE	['找个时间。', '一起去看看播撒好的鸢尾花如何？']	[2000, 2000]
4760	1531004		100	IDLE	['最近我在试着从打扫地面开始学如何收拾房间。', '效果正如你所见。', '你觉得这里的地板有变得比之前干净吗？']	[2000, 2000, 2000]
4761	1531004		100	IDLE	['我好像听见了歌声……是一支蓝鲸的歌。', '一只孤独的蓝鲸，在广阔却寂寥的深海中长鸣。', '没有人回应它。', '你没听见吗？嗯……到底是谁……在唱歌呢？']	[2000, 2000, 2000, 2000]
4762	1531004		100	IDLE	['除了演奏以外，这个也一同送你吧。', '希望你以后看到它，能想起今日的相遇。']	[2000, 2000]
4763	1531004		100	IDLE	['除了演奏以外，这个也一同送你吧。', '希望你以后看到它，能想起今日的相遇。']	[2000, 2000]
4801	1551003		10	IDLE	['打个盹应该……啊不行不行。']	[2000]
4802	1551003		10	IDLE	['坐下就站不起来了……']	[2000]
4803	1551003		10	IDLE	['原来真的能站着睡着啊。']	[2000]
4804	1551003		10	IDLE	['就眯一分钟，记得拍醒我。']	[2000]
4805	1551003		30	IDLE	['打个盹应该……啊不行不行。']	[2000]
4806	1551003		30	IDLE	['坐下就站不起来了……']	[2000]
4807	1551003		30	IDLE	['原来真的能站着睡着啊。']	[2000]
4808	1551003		30	IDLE	['就眯一分钟，记得拍醒我。']	[2000]
4809	1551003		30	IDLE	['我的眼睛是熬红的！']	[2000]
4810	1551003		50	IDLE	['蒲牢蒲牢，要振作噢！']	[2000]
4811	1551003		50	IDLE	['今日事今日毕。']	[2000]
4812	1551003		50	IDLE	['哎呀，头发有点乱了']	[2000]
4813	1551003		50	IDLE	['这不是发呆，是冥想！']	[2000]
4814	1551003		50	IDLE	['不以物喜，不以己悲。']	[2000]
4815	1551003		80	IDLE	['要我捎点船上的茶吗？']	[2000]
4816	1551003		80	IDLE	['力微，饭否？']	[2000]
4817	1551003		80	IDLE	['来点糖，提提神！']	[2000]
4818	1551003		80	IDLE	['让我看看大家在做什么。']	[2000]
4819	1551003		100	IDLE	['要我捎点船上的茶吗？']	[2000]
4820	1551003		100	IDLE	['力微，饭否？']	[2000]
4821	1551003		100	IDLE	['来点糖，提提神！']	[2000]
4822	1551003		100	IDLE	['让我看看大家在做什么。']	[2000]
4823	1551003		100	IDLE	['其他小队会不会偷懒？']	[2000]
4824	1551003		30	IDLE	['这就是双腿灌铅的感觉吗？']	[2000]
4825	1551003		30	IDLE	['还有多少工作？']	[2000]
4826	1551003		30	IDLE	['停下来也许会直接昏过去……']	[2000]
4827	1551003		30	IDLE	['呜……想吃糖……']	[2000]
4828	1551003		30	IDLE	['嘿咻……嘿咻……']	[2000]
4829	1551003		50	IDLE	['加班要多拿多少青蚨呢……？']	[2000]
4830	1551003		50	IDLE	['万一忙到后半夜……']	[2000]
4831	1551003		50	IDLE	['磨刀不误砍柴工。']	[2000]
4832	1551003		50	IDLE	['没做的事情还有这——么多。']	[2000]
4833	1551003		50	IDLE	['这里有没有空旷的房间？']	[2000]
4834	1551003		80	IDLE	['呼，精益求精！']	[2000]
4835	1551003		80	IDLE	['您完全不运动吗？']	[2000]
4836	1551003		80	IDLE	['可以出门溜达下吗？']	[2000]
4837	1551003		100	IDLE	['呼，精益求精！']	[2000]
4838	1551003		100	IDLE	['您完全不运动吗？']	[2000]
4839	1551003		100	IDLE	['可以出门溜达下吗？']	[2000]
4840	1551003		100	IDLE	['忙完了要不要去夜市吃吃喝喝？']	[2000]
4841	1551003		100	IDLE	['报酬就不用了，小意思！']	[2000]
4842	1551003			IDLE	['呼啊……这儿的床垫好软好舒服啊。', '比起船上的卧榻真不知好到哪里去了。']	[2000, 2000]
4843	1551003			IDLE	['不要上来躺躺吗？', '真是身在福中不知福。']	[2000, 2000]
4844	1551003			IDLE	['明明知道要坐有坐相，可是这个……', '这个完全忍不住要东倒西歪了呀！']	[2000, 2000]
4845	1551003			IDLE	['就算加上靠枕……', '还是不想坐直！我可以就这样放纵一下吗？']	[2000, 2000]
4846	1551003			IDLE	['用料扎实，做工精细……', '看上去好像挺重的样子，怎么一根手指就推动了？', '对……对不起，我不会乱动家具了。']	[2000, 2000, 2000]
4847	1551003			IDLE	['东西就这样堆在里面的话，外面就看不出来了。', '……呃，果然还是忍不了，交给我整理吧。']	[2000, 2000]
4848	1551003			IDLE	['工作嘛……只是过活的手段。', '要是所有人都能不劳而获……']	[2000, 2000]
4849	1551003			IDLE	['或许我们全会变得好吃懒做吧。']	[2000]
4850	1551003			IDLE	['这里所有的家具总共有……', '二十，啊不，三十几条腿来着？']	[2000, 2000]
4851	1551003			IDLE	['我居然开始数数了？！是太无聊了吗……']	[2000]
4852	1551003			IDLE	['我好像突然明白为什么“镜花水月”寓指虚幻了。', '在这里看月亮，它好像很有精神。']	[2000, 2000]
4853	1551003			IDLE	['但是看久了海上的月亮……会困的。']	[2000]
4854	1551003			IDLE	['合格的领导者要懂得发挥部下的实力。', '对了对了，劳逸结合也很重要。']	[2000, 2000]
4855	1551003			IDLE	['不可以既要马儿跑，又要马儿不吃草。']	[2000]
4856	1551003			IDLE	['哇啊啊，弄乱头发很难梳的。', '别看它现在很顺滑，其实一不小心就会打结。']	[2000, 2000]
4857	1551003			IDLE	['头饰的手感也很好？', '那我做一个送给您，如何？']	[2000, 2000]
4858	1551003		80	IDLE	['要我露一手吗？', '嗯……不过乱挪东西也太失礼了。', '以后如果有需要搬运的大件，可以找我哦。']	[2000, 2000, 2000]
4859	1551003		80	IDLE	['再这样安逸下去的话，招式都要记不起来了。', '嘿，嚯，嘿哈！', '唔唔，只是小试一下，不会碰坏东西的！']	[2000, 2000, 2000]
4860	1551003		100	IDLE	['不知道有没有需要我做的事……', '人如果安逸太久会被说“闲得长毛”。', '构造体的话，大概关节会生锈吧。']	[2000, 2000, 2000]
4861	1551003		100	IDLE	['空中花园的房间设计就是气派。', '有没有装饰装修方面的书借我拜读一下？', '我想把船装潢得和这里一样好看。']	[2000, 2000, 2000]
4862	1551003		100	IDLE	['这个小玩意儿送给您，其实也不值几个青蚨。', '千里送鹅毛，礼轻情意重。', '重要的是心意，不是吗？']	[2000, 2000, 2000]
4863	1551003		100	IDLE	['这个小玩意儿送给您，其实也不值几个青蚨。', '千里送鹅毛，礼轻情意重。', '重要的是心意，不是吗？']	[2000, 2000, 2000]
4901	1051004		10	IDLE	['喔……']	[2000]
4902	1051004		10	IDLE	['哼……！']	[2000]
4903	1051004		10	IDLE	['不开心不开心……']	[2000]
4904	1051004		10	IDLE	['游戏怎么会输？']	[2000]
4905	1051004		30	IDLE	['喔……']	[2000]
4906	1051004		30	IDLE	['哼……！']	[2000]
4907	1051004		30	IDLE	['不开心不开心……']	[2000]
4908	1051004		30	IDLE	['游戏怎么会输？']	[2000]
4909	1051004		30	IDLE	['是不是忘记七实了……']	[2000]
4910	1051004		50	IDLE	['歪？是帕瓦吗？门口等我！']	[2000]
4911	1051004		50	IDLE	['呜……不许说七实偷懒！']	[2000]
4912	1051004		50	IDLE	['就没有用电锯才能完成的工作吗？']	[2000]
4913	1051004		50	IDLE	['别走嘛，让七实抱抱。']	[2000]
4914	1051004		50	IDLE	['还要过几秒钟才能动，3……2.5……']	[2000]
4915	1051004		80	IDLE	['早！晨！好！']	[2000]
4916	1051004		80	IDLE	['开机！噔！等灯等灯！']	[2000]
4917	1051004		80	IDLE	['能一心99用的超级助手就是七实！']	[2000]
4918	1051004		80	IDLE	['哇，有工作！七实要开足马力啦！']	[2000]
4919	1051004		100	IDLE	['早！晨！好！']	[2000]
4920	1051004		100	IDLE	['开机！噔！等灯等灯！']	[2000]
4921	1051004		100	IDLE	['能一心99用的超级助手就是七实！']	[2000]
4922	1051004		100	IDLE	['哇，有工作！七实要开足马力啦！']	[2000]
4923	1051004		100	IDLE	['一二三，机械人！七实1分，指挥官0分！']	[2000]
4924	1051004		30	IDLE	['呼……呼……哎呀！撞到头了……']	[2000]
4925	1051004		30	IDLE	['不想干活！']	[2000]
4926	1051004		30	IDLE	['手都耷拉到地上了……']	[2000]
4927	1051004		30	IDLE	['沙发，床，快来救命呀……']	[2000]
4928	1051004		30	IDLE	['呜呜……']	[2000]
4929	1051004		50	IDLE	['……还有多少未来需要见证？']	[2000]
4930	1051004		50	IDLE	['不要闷在这里了……']	[2000]
4931	1051004		50	IDLE	['再没得玩七实就把这里改造成机械堡垒！']	[2000]
4932	1051004		50	IDLE	['太安静了，能不能躁起来？']	[2000]
4933	1051004		50	IDLE	['没搬进来的玩具还有几箱……']	[2000]
4934	1051004		80	IDLE	['七实在找事情做哦~']	[2000]
4935	1051004		80	IDLE	['嘻嘻~是爱的恶作剧！']	[2000]
4936	1051004		80	IDLE	['算力突破！']	[2000]
4937	1051004		100	IDLE	['七实在找事情做哦~']	[2000]
4938	1051004		100	IDLE	['嘻嘻~是爱的恶作剧！']	[2000]
4939	1051004		100	IDLE	['算力突破！']	[2000]
4940	1051004		100	IDLE	['过会儿要去玩太空飙车！']	[2000]
4941	1051004		100	IDLE	['要试试机械宠物跑满整间屋子吗？']	[2000]
4942	1051004			IDLE	['现在就躺下的话，被床绑架了怎么办？', '唔嗯……起不来起不来……', '不然指挥官把七实抱起来吧？']	[2000, 2000, 2000]
4943	1051004			IDLE	['七实没有躺着不动啊。', '明明从床的这头去到那头啦。']	[2000, 2000]
4944	1051004			IDLE	['哼哼，让七实仔细分析下坐垫的构造……', '当然是为了拆一块尺寸合适的放在驾驶座上啦！']	[2000, 2000]
4945	1051004			IDLE	['给沙发底下安个增压推进轮怎么样?', '以后就叫它帕瓦2号——软软休闲型！']	[2000, 2000]
4946	1051004			IDLE	['要把帕瓦关进柜子，统共分几步？四步！', '打开柜门，塞进帕瓦，关上柜门……', '还有一步：收拾柜子碎片！']	[2000, 2000, 2000]
4947	1051004			IDLE	['嘿咻！嘿咻！', '诶！不要阻止七实呀！', '这才到柜子实战化改造的第一步呢！']	[2000, 2000, 2000]
4948	1051004			IDLE	['98……99……100~', '虽然七实已经知道宇宙中有多少颗星星了。']	[2000, 2000]
4949	1051004			IDLE	['但试着亲自一颗颗数一遍，也很有趣呀。']	[2000]
4950	1051004			IDLE	['能不能叫帕瓦进来陪七实玩一会儿？', '就一会儿嘛……好无聊。']	[2000, 2000]
4951	1051004			IDLE	['喏，这是宿舍门扩大方案。', '交给帕瓦，“啪”的一下就能搞定啦！']	[2000, 2000]
4952	1051004			IDLE	['呼……终于通关啦！', '是有记录以来的最高分诶！']	[2000, 2000]
4953	1051004			IDLE	['又要回到无敌又寂寞的时间了吗？']	[2000]
4954	1051004			IDLE	['啊？真的很乱吗？', '呃呜……七实不开心了……']	[2000, 2000]
4955	1051004			IDLE	['七实发誓！刚刚真的是在打扫，不是在捣乱！']	[2000]
4956	1051004			IDLE	['嗯？怎么一直在七实头上比划？', '是不是感觉七实长高了？']	[2000, 2000]
4957	1051004			IDLE	['七实确实成长了很多。', '但没有真的变高呀！']	[2000, 2000]
4958	1051004		80	IDLE	['这里放一个，这里再放一个……', '锵锵~七实的整人箱多米诺大阵，完成！', '一下子都触发的话，一定超——热闹的！']	[2000, 2000, 2000]
4959	1051004		80	IDLE	['七实今天读到了一个骑士和公主的故事。', '有趣是有趣，但看人类的文字好累呀……', '指挥官陪七实把它演出来吧！']	[2000, 2000, 2000]
4960	1051004		100	IDLE	['隐藏关地狱难度plus，启动！', '上上下下左右左右BABA……改好啦~', '现在就跟七实一起把怪都打爆吧！']	[2000, 2000, 2000]
4961	1051004		100	IDLE	['唔？模型居然还缺一个零件……', '去仓库里拿一个小小小零件应该没事的吧？', '嘘……别告诉别人哦~']	[2000, 2000, 2000]
4962	1051004		100	IDLE	['指挥官~手伸过来，这份礼物拿稳喽~', '这是倒数第一、二……哎呀不管了。', '总之七实的每一份礼物，指挥官都要保存好哟。']	[2000, 2000, 2000]
4963	1051004		100	IDLE	['指挥官~手伸过来，这份礼物拿稳喽~', '这是倒数第一、二……哎呀不管了。', '总之七实的每一份礼物，指挥官都要保存好哟。']	[2000, 2000, 2000]
5001	1561003		10	IDLE	['进入待机模式……']	[2000]
5002	1561003		10	IDLE	['重整思维。']	[2000]
5003	1561003		10	IDLE	['错误，错误，错误……']	[2000]
5004	1561003		10	IDLE	['建议增加活动区域。']	[2000]
5005	1561003		30	IDLE	['进入待机模式……']	[2000]
5006	1561003		30	IDLE	['重整思维。']	[2000]
5007	1561003		30	IDLE	['错误，错误，错误……']	[2000]
5008	1561003		30	IDLE	['建议增加活动区域。']	[2000]
5009	1561003		30	IDLE	['超负荷运转……']	[2000]
5010	1561003		50	IDLE	['思维分析运转中。']	[2000]
5011	1561003		50	IDLE	['申请追加功能性装置。']	[2000]
5012	1561003		50	IDLE	['审视房间布局合理性。']	[2000]
5013	1561003		50	IDLE	['正在为今天的画作选题。']	[2000]
5014	1561003		50	IDLE	['准备进行武装巡逻。']	[2000]
5015	1561003		80	IDLE	['情绪检测，愉悦。']	[2000]
5016	1561003		80	IDLE	['武装就绪。']	[2000]
5017	1561003		80	IDLE	['住所收拾程序加载完毕，需要启动吗？']	[2000]
5018	1561003		80	IDLE	['滴滴滴滴……模拟雷达训练。']	[2000]
5019	1561003		100	IDLE	['情绪检测，愉悦。']	[2000]
5020	1561003		100	IDLE	['武装就绪。']	[2000]
5021	1561003		100	IDLE	['住所收拾程序加载完毕，需要启动吗？']	[2000]
5022	1561003		100	IDLE	['滴滴滴滴……模拟雷达训练。']	[2000]
5023	1561003		100	IDLE	['检索指挥官的位置。']	[2000]
5024	1561003		30	IDLE	['需要重新确认行走模块。']	[2000]
5025	1561003		30	IDLE	['保持稳定。']	[2000]
5026	1561003		30	IDLE	['沿直线移动。']	[2000]
5027	1561003		30	IDLE	['能够休眠的地方……']	[2000]
5028	1561003		30	IDLE	['需要补给。']	[2000]
5029	1561003		50	IDLE	['正在扫描残藏匿的监视装置。']	[2000]
5030	1561003		50	IDLE	['确认紧急出口中。']	[2000]
5031	1561003		50	IDLE	['测量空间面积。']	[2000]
5032	1561003		50	IDLE	['排除障碍物。']	[2000]
5033	1561003		50	IDLE	['侦察情况。']	[2000]
5034	1561003		80	IDLE	['搜寻画具。']	[2000]
5035	1561003		80	IDLE	['数据统计中。']	[2000]
5036	1561003		80	IDLE	['地面舒适度评估。']	[2000]
5037	1561003		100	IDLE	['搜寻画具。']	[2000]
5038	1561003		100	IDLE	['数据统计中。']	[2000]
5039	1561003		100	IDLE	['地面舒适度评估。']	[2000]
5040	1561003		100	IDLE	['音频，播放。']	[2000]
5041	1561003		100	IDLE	['寻路目标，指挥官。']	[2000]
5042	1561003			IDLE	['柔软的，绵绵的。', '非常理想的地点，建议立即进行休整。']	[2000, 2000]
5043	1561003			IDLE	['指挥官，如果发生突发状况。', '请将唤醒我作为优先选项。']	[2000, 2000]
5044	1561003			IDLE	['两侧的扶手距离较远。', '无法同时依靠，建议更换目标……']	[2000, 2000]
5045	1561003			IDLE	['指挥官，靠在一起的话就不用考虑借力物了，要进行尝试吗？']	[2000]
5046	1561003			IDLE	['请问，为何要在这里囤积如此多的衣物。', '武器弹药应该是优先选项。']	[2000, 2000]
5047	1561003			IDLE	['装扮，收集，快乐？', '对我而言，能够保护想要保护的事物，', '才是我所想要的快乐。']	[2000, 2000, 2000]
5048	1561003			IDLE	['指挥官要看我的画作？', '没有问题。']	[2000, 2000]
5049	1561003			IDLE	['但是日记那部分例外。']	[2000]
5050	1561003			IDLE	['指挥官，请短暂陷入停滞状态。', '嗯，就是这个姿势。']	[2000, 2000]
5051	1561003			IDLE	['能够画出来了，感谢。']	[2000]
5052	1561003			IDLE	['机械觉醒后的手推车会想些什么……']	[2000]
5053	1561003			IDLE	['它会喜欢自己的功能吗？']	[2000]
5054	1561003			IDLE	['根据气候推测……', '今夜的星空会十分壮丽。']	[2000, 2000]
5055	1561003			IDLE	['指挥官要一起去看吗？']	[2000]
5056	1561003			IDLE	['机械的皮肤一点也不柔软。', '恐怕会令您感到失望……', '没有关系？而且非常温暖？']	[2000, 2000, 2000]
5057	1561003			IDLE	['推测是因为您的举动，导致了温度迅速上升……']	[2000]
5058	1561003		80	IDLE	['视觉系统……', '校准完毕。', '嗯！', '能够很清晰地看见您了。']	[2000, 2000, 2000, 2000]
5059	1561003		80	IDLE	['申请一套画具。', '申请一叠画纸。', '申请一只指挥官。', '确认，此绘画需求百分百合理。']	[2000, 2000, 2000, 2000]
5060	1561003		100	IDLE	['无法理解该书籍中的内容', '建议指挥官进行演示。', '关于拥抱这一部分。']	[2000, 2000, 2000]
5061	1561003		100	IDLE	['模拟遭遇战，地点，所处房间。', '计算开始。', '为什么这么做？', '我要求自己能够全天候地为您提供保护。']	[2000, 2000, 2000, 2000]
5062	1561003		100	IDLE	['指挥官，礼物。', '理由？我想交换指挥官的笑容，可以吗？']	[2000, 2000]
5063	1561003		100	IDLE	['指挥官，礼物。', '理由？我想交换指挥官的笑容，可以吗？']	[2000, 2000]
5101	1071004		10	IDLE	['无聊……提不起劲……']	[2000]
5102	1071004		10	IDLE	['好想炸点什么……']	[2000]
5103	1071004		10	IDLE	['别碰我……']	[2000]
5104	1071004		10	IDLE	['让我一个人待会儿。']	[2000]
5105	1071004		30	IDLE	['无聊……提不起劲……']	[2000]
5106	1071004		30	IDLE	['好想炸点什么……']	[2000]
5107	1071004		30	IDLE	['别碰我……']	[2000]
5108	1071004		30	IDLE	['让我一个人待会儿。']	[2000]
5109	1071004		30	IDLE	['输给露西亚……我怎么会做这样的梦……']	[2000]
5110	1071004		50	IDLE	['嗯……人呢？原来在这……']	[2000]
5111	1071004		50	IDLE	['嘿，指挥官，别傻愣着！']	[2000]
5112	1071004		50	IDLE	['打败露西亚的秘密特训第297期……内容选什么好呢……']	[2000]
5113	1071004		50	IDLE	['专注……专注……']	[2000]
5114	1071004		50	IDLE	['点火机关……这样就……搞定。']	[2000]
5115	1071004		80	IDLE	['嘿咻嘿咻~呜欸！你什么时候在这儿的！？']	[2000]
5116	1071004		80	IDLE	['指挥官，来帮帮忙！至于帮什么……你凑近了我再说！']	[2000]
5117	1071004		80	IDLE	['有新任务了吗？带上我带上我！']	[2000]
5118	1071004		80	IDLE	['待在这儿别走，找你有事……总之别走！']	[2000]
5119	1071004		100	IDLE	['嘿咻嘿咻~呜欸！你什么时候在这儿的！？']	[2000]
5120	1071004		100	IDLE	['指挥官，来帮帮忙！至于帮什么……你凑近了我再说！']	[2000]
5121	1071004		100	IDLE	['有新任务了吗？带上我带上我！']	[2000]
5122	1071004		100	IDLE	['待在这儿别走，找你有事……总之别走！']	[2000]
5123	1071004		100	IDLE	['今天也要更进一步！']	[2000]
5124	1071004		30	IDLE	['烦死了烦死了……']	[2000]
5125	1071004		30	IDLE	['这儿的人都太幼稚了。']	[2000]
5126	1071004		30	IDLE	['别跟着我，讨厌。']	[2000]
5127	1071004		30	IDLE	['想被我修理修理吗？']	[2000]
5128	1071004		30	IDLE	['走开啦！']	[2000]
5129	1071004		50	IDLE	['露西亚在干什么呢……']	[2000]
5130	1071004		50	IDLE	['新推进器的样式……']	[2000]
5131	1071004		50	IDLE	['只是来瞧瞧你在做什么而已。']	[2000]
5132	1071004		50	IDLE	['你有没有想过把这里改造得更大点？']	[2000]
5133	1071004		50	IDLE	['大炮和剑，你更喜欢哪个？']	[2000]
5134	1071004		80	IDLE	['哼~哼哼~']	[2000]
5135	1071004		80	IDLE	['今天也要炸个痛快！']	[2000]
5136	1071004		80	IDLE	['指挥官，吃了吗？没吃的话就吃我……做的料理怎么样？']	[2000]
5137	1071004		100	IDLE	['哼~哼哼~']	[2000]
5138	1071004		100	IDLE	['今天也要炸个痛快！']	[2000]
5139	1071004		100	IDLE	['指挥官，吃了吗？没吃的话就吃我……做的料理怎么样？']	[2000]
5140	1071004		100	IDLE	['指挥官！要不要和我一起测试一下新炸药的威力？']	[2000]
5141	1071004		100	IDLE	['能在这做的事还是太少了，指挥官，到外面去吧。']	[2000]
5142	1071004			IDLE	['睡觉？我又不是小孩子，才不需要这个点就睡。', '你看，我一点也不困……不困……哈啊……']	[2000, 2000]
5143	1071004			IDLE	['Zzz……指挥官……露西亚……这次一定要……']	[2000]
5144	1071004			IDLE	['嗯——有点累了，休息休息！', '先说好，可别打扰我，不然、不然……呃，反正有你好受的！']	[2000, 2000]
5145	1071004			IDLE	['喂……坐过来，别说有的没的，坐过来就是了！']	[2000]
5146	1071004			IDLE	['维修工具到哪儿去了？怎么突然……', '你说可以借给我？我、我才不需要呢！']	[2000, 2000]
5147	1071004			IDLE	['找到了，谢……哼，没什么！']	[2000]
5148	1071004			IDLE	['接下来有什么任务？', '用不着你的宝贝小队出场。']	[2000, 2000]
5149	1071004			IDLE	['让我来就够了。']	[2000]
5150	1071004			IDLE	['我在写些什么？', '新炸药的配方，拆迁用的。']	[2000, 2000]
5151	1071004			IDLE	['我在这就能造出来。', '想见识一下效果吗？绝对让你大开眼界。']	[2000, 2000]
5152	1071004			IDLE	['老是待在同一个地方会憋疯的。', '你也是，出去活动活动筋骨吧。']	[2000, 2000]
5153	1071004			IDLE	['当然是和我一起，怎么，有哪里不满吗？']	[2000]
5154	1071004			IDLE	['这儿的布置缺乏想象力。', '不如让我拆了重建。']	[2000, 2000]
5155	1071004			IDLE	['我可是出身自寰宇技师工会。', '室内设计自然也很拿手，放一百个心好了。']	[2000, 2000]
5156	1071004			IDLE	['别摸了别摸了！我一点也不开心！', '摸起来很舒服？你在说什么呀！']	[2000, 2000]
5157	1071004			IDLE	['没办法，我就破例给你……喂喂，怎么停下了！', '我没说停就不准停，知道了吗……']	[2000, 2000]
5158	1071004		80	IDLE	['你说这对耳朵是什么？', '只是普通的逆元装置而已，没什么特别的……', '不、不准说它可爱！']	[2000, 2000, 2000]
5159	1071004		80	IDLE	['想和我学机械技术？', '哼，你这么拜托我的话，倒也不是不行。', '但我的教学风格可是很辛辣的哦？', '要好好跟上我的节奏，知道了吗，指挥官？']	[2000, 2000, 2000, 2000]
5160	1071004		100	IDLE	['变强的方法？', '除了战斗外还有别的么？', '我会一直战斗下去。', '直到变得足够强大，强大到有一天能够……', '咳……没什么，你尽管瞧好就是了。']	[2000, 2000, 2000, 2000, 2000]
5161	1071004		100	IDLE	['这副新造型怎么样？', '很帅气吧？是我亲自挑的。', '不仅如此，出力也有大幅提升。', '简而言之，就是能轻轻松松保护好你的程度。']	[2000, 2000, 2000, 2000]
5162	1071004		100	IDLE	['这个给你，收下就对了。', '只是些我用不到的东西，你可别多想什么。', '也不用说谢谢！总之——', '好吧……不客气……']	[2000, 2000, 2000, 2000]
5163	1071004		100	IDLE	['这个给你，收下就对了。', '只是些我用不到的东西，你可别多想什么。', '也不用说谢谢！总之——', '好吧……不客气……']	[2000, 2000, 2000, 2000]
5201	1571003		10	IDLE	['如果能再次踏上旅途就好了。']	[2000]
5202	1571003		10	IDLE	['好像看到了漫天泡沫……幻觉？']	[2000]
5203	1571003		10	IDLE	['我只想好好躺下看一会书……']	[2000]
5204	1571003		10	IDLE	['这里总是这样吗？']	[2000]
5205	1571003		30	IDLE	['如果能再次踏上旅途就好了。']	[2000]
5206	1571003		30	IDLE	['好像看到了漫天泡沫……幻觉？']	[2000]
5207	1571003		30	IDLE	['我只想好好躺下看一会书……']	[2000]
5208	1571003		30	IDLE	['这里总是这样吗？']	[2000]
5209	1571003		30	IDLE	['留在这里又能做什么？']	[2000]
5210	1571003		50	IDLE	['…我好像听到了库洛洛的声音，不会吧。']	[2000]
5211	1571003		50	IDLE	['接下来还有什么任务？']	[2000]
5212	1571003		50	IDLE	['帕露玛队长没有在找我吧？']	[2000]
5213	1571003		50	IDLE	['外面的人们对我都很有礼貌，礼貌到有些疏离…']	[2000]
5214	1571003		50	IDLE	['我今天的任务已经完成了，包括配合研究和训练。']	[2000]
5215	1571003		80	IDLE	['西蒙指挥官很少说起寒羊小队以前的事。']	[2000]
5216	1571003		80	IDLE	['我完全理解这个教程了…等等，这是怎么做到的？']	[2000]
5217	1571003		80	IDLE	['再练习一次吧。']	[2000]
5218	1571003		80	IDLE	['如果有机会的话，我还想去海边看看。']	[2000]
5219	1571003		100	IDLE	['西蒙指挥官很少说起寒羊小队以前的事。']	[2000]
5220	1571003		100	IDLE	['我完全理解这个教程了…等等，这是怎么做到的？']	[2000]
5221	1571003		100	IDLE	['再练习一次吧。']	[2000]
5222	1571003		100	IDLE	['如果有机会的话，我还想去海边看看。']	[2000]
5223	1571003		100	IDLE	['这里画错了？才没有，这是画风，是画风。']	[2000]
5224	1571003		30	IDLE	['不能逃避，要坚持下去。']	[2000]
5225	1571003		30	IDLE	['有没有那种无人的角落……']	[2000]
5226	1571003		30	IDLE	['找人帮帮忙吧……']	[2000]
5227	1571003		30	IDLE	['只剩下必须做的工作……']	[2000]
5228	1571003		30	IDLE	['说实话，有点头痛。']	[2000]
5229	1571003		50	IDLE	['四处散散步吧。']	[2000]
5230	1571003		50	IDLE	['让我看看昨天画的图…呃，垃圾回收站在哪？']	[2000]
5231	1571003		50	IDLE	['指挥官，你认识艾蒂尔吗？']	[2000]
5232	1571003		50	IDLE	['这个故事也很不错……']	[2000]
5233	1571003		50	IDLE	['指挥官？你在这里吗？']	[2000]
5234	1571003		80	IDLE	['有没有需要我帮忙的地方？任务或者杂事都可以。']	[2000]
5235	1571003		80	IDLE	['别担心，帮助你就是在帮我自己。']	[2000]
5236	1571003		80	IDLE	['还是学不会…再去找找教程吧。']	[2000]
5237	1571003		100	IDLE	['有没有需要我帮忙的地方？任务或者杂事都可以。']	[2000]
5238	1571003		100	IDLE	['别担心，帮助你就是在帮我自己。']	[2000]
5239	1571003		100	IDLE	['还是学不会…再去找找教程吧。']	[2000]
5240	1571003		100	IDLE	['你既然来宿舍了，就在这里休息一会吧。']	[2000]
5241	1571003		100	IDLE	['殴打武器来维修可是检修部队的祖传绝活。']	[2000]
5242	1571003			IDLE	['我可以留在这里休息吗？']	[2000]
5243	1571003			IDLE	['谢谢，你接下来要做什么？', '留在这里也可以，反正我不会睡太久。', '但是禁止趁我睡着的时候恶作剧。']	[2000, 2000, 2000]
5244	1571003			IDLE	['要坐下来一起说说话吗？']	[2000]
5245	1571003			IDLE	['今天过得怎么样？', '……嗯。', '咦？还发生了这样的事？', '然后呢？然后怎么样了？']	[2000, 2000, 2000, 2000]
5246	1571003			IDLE	['上次推荐给我的书已经看完了。', '还有新的推荐吗？']	[2000, 2000]
5247	1571003			IDLE	['谢谢，等我看完了。', '一起聊聊这本书吧。']	[2000, 2000]
5248	1571003			IDLE	['要不要休息一会？']	[2000]
5249	1571003			IDLE	['如果有人来找你，我就说你不在。']	[2000]
5250	1571003			IDLE	['我听说梦境世界是另外一个次元。', '你不在这里的时候，是不是穿过梦境去那边旅行了？']	[2000, 2000]
5251	1571003			IDLE	['还是说…其实那才是你真实存在的世界？', '嗯……你喜欢那边吗？']	[2000, 2000]
5252	1571003			IDLE	['你的表情……看起来和平时有点不一样。']	[2000]
5253	1571003			IDLE	['发生什么了？可以跟我说说吗？']	[2000]
5254	1571003			IDLE	['距离下个必须做的任务还有一段时间。', '趁现在来做些自己想做的事吧。']	[2000, 2000]
5255	1571003			IDLE	['休息也很重要。']	[2000]
5256	1571003			IDLE	['嗯？指挥官？']	[2000]
5257	1571003			IDLE	['怎么突然摸我的头发？', '难道我露出了一副正在找你的表情吗？', '呃……这么明显？']	[2000, 2000, 2000]
5258	1571003		80	IDLE	['没有什么生命是必须保持完美的。', '故事里虚构的英雄也有自己的遗憾，更何况普通人。', '成长也好，释然也好，什么事都要一点一点来……', '你也一样。', '别太勉强自己了。']	[2000, 2000, 2000, 2000, 2000]
5259	1571003		80	IDLE	['给温室帮忙的时候，我看到有一棵稗草发芽了。', '虽然它不该出现在稻谷旁边。', '但我不太想拔除它。', '可以把它移植在宿舍里吗？', '……谢谢你。']	[2000, 2000, 2000, 2000, 2000]
5260	1571003		100	IDLE	['我看完这本书了，很有趣。', '主角的朋友因为童年的阴影，做了很多坏事……', '他打算悔改，却发现想要保护的人早就因他而死。', '大家说他是“自业自得果”，你怎么想？', '…是吗，嗯…这种想法也很有意思。']	[2000, 2000, 2000, 2000, 2000]
5261	1571003		100	IDLE	['西蒙指挥官说你的枪法很准。', '要不要教教我？', '我不太擅长这种……', '不不不，一定是因为以前有近视的问题！', '嗯？绝对没有在嘴硬，真的。']	[2000, 2000, 2000, 2000, 2000]
5262	1571003		100	IDLE	['你看，这是我完成任务后得到的报酬。', '嗯，掰一半儿给你。', '你平时一直在关照我，就当做是回礼吧。']	[2000, 2000, 2000]
5263	1571003		100	IDLE	['你看，这是我完成任务后得到的报酬。', '嗯，掰一半儿给你。', '你平时一直在关照我，就当做是回礼吧。']	[2000, 2000, 2000]
5301	1041004		10	IDLE	['……抱歉，我可能有些累了。']	[2000]
5302	1041004		10	IDLE	['事情都堆在一起了，这该怎么办……']	[2000]
5303	1041004		10	IDLE	['要做什么来着？']	[2000]
5304	1041004		10	IDLE	['谁在那儿？原来是幻觉吗……']	[2000]
5305	1041004		30	IDLE	['……抱歉，我可能有些累了。']	[2000]
5306	1041004		30	IDLE	['事情都堆在一起了，这该怎么办……']	[2000]
5307	1041004		30	IDLE	['要做什么来着？']	[2000]
5308	1041004		30	IDLE	['谁在那儿？原来是幻觉吗……']	[2000]
5309	1041004		30	IDLE	['嗯……我走神了？']	[2000]
5310	1041004		50	IDLE	['指挥官阁下，有什么事吗？']	[2000]
5311	1041004		50	IDLE	['彼岸……会是什么？']	[2000]
5312	1041004		50	IDLE	['稍微轻松了些……']	[2000]
5313	1041004		50	IDLE	['有新的任务吗？']	[2000]
5314	1041004		50	IDLE	['定额工作都已完成，指挥官阁下。']	[2000]
5315	1041004		80	IDLE	['您回来了，指挥官阁下。']	[2000]
5316	1041004		80	IDLE	['清理部队的事，您还想再听听吗？']	[2000]
5317	1041004		80	IDLE	['呼……安静下来了。']	[2000]
5318	1041004		80	IDLE	['指挥官阁下不介意的话，我随时都在。']	[2000]
5319	1041004		100	IDLE	['您回来了，指挥官阁下。']	[2000]
5320	1041004		100	IDLE	['清理部队的事，您还想再听听吗？']	[2000]
5321	1041004		100	IDLE	['呼……安静下来了。']	[2000]
5322	1041004		100	IDLE	['指挥官阁下不介意的话，我随时都在。']	[2000]
5323	1041004		100	IDLE	['有种说不上来的轻快和安心……指挥官阁下呢？']	[2000]
5324	1041004		30	IDLE	['嗯……']	[2000]
5325	1041004		30	IDLE	['感觉身体好沉重……']	[2000]
5326	1041004		30	IDLE	['请不要再说了。']	[2000]
5327	1041004		30	IDLE	['再入黑暗中……']	[2000]
5328	1041004		30	IDLE	['这些工作，没有计入排程。']	[2000]
5329	1041004		50	IDLE	['那边好像什么声音……']	[2000]
5330	1041004		50	IDLE	['指挥官阁下有何吩咐？']	[2000]
5331	1041004		50	IDLE	['既然如此，尽快完成吧。']	[2000]
5332	1041004		50	IDLE	['那里的灯光更明亮些……']	[2000]
5333	1041004		50	IDLE	['这里也许适合沉思。']	[2000]
5334	1041004		80	IDLE	['需要帮助吗，指挥官阁下？']	[2000]
5335	1041004		80	IDLE	['去做些力所能及的吧……']	[2000]
5336	1041004		80	IDLE	['余下的事交给我吧，指挥官阁下。']	[2000]
5337	1041004		100	IDLE	['需要帮助吗，指挥官阁下？']	[2000]
5338	1041004		100	IDLE	['去做些力所能及的吧……']	[2000]
5339	1041004		100	IDLE	['余下的事交给我吧，指挥官阁下。']	[2000]
5340	1041004		100	IDLE	['这样的房间，大小正合适。']	[2000]
5341	1041004		100	IDLE	['接下来的任务是……']	[2000]
5342	1041004			IDLE	['呼……抱歉，这副机体的负担还是很重……', '请问有什么能休息一下的地方吗？']	[2000, 2000]
5343	1041004			IDLE	['谢谢您，指挥官阁下如若不介意的话，尽管在这里休息就好。', '合上双眼时的黑暗，就靠您如此守望。']	[2000, 2000]
5344	1041004			IDLE	['似乎很久没有和您聊聊天了。', '就在这里，指挥官阁下以为如何？']	[2000, 2000]
5345	1041004			IDLE	['只是随意聊天而已，不是告解……', '不过没关系，我会认真倾听。']	[2000, 2000]
5346	1041004			IDLE	['清理部队带回来的每件遗物都承载着记忆。', '……您想要帮我整理吗？']	[2000, 2000]
5347	1041004			IDLE	['辛苦阁下了，闲下来的时候。', '我会和您讲述它们身上的故事。']	[2000, 2000]
5348	1041004			IDLE	['您好像有些心事……', '您不介意的话，可以和我聊聊。']	[2000, 2000]
5349	1041004			IDLE	['当然，我会为您守口如瓶的。', '这也是工作的一部分……']	[2000, 2000]
5350	1041004			IDLE	['房间的整洁是很重要的。', '如果可以的话，最好形成值班表。']	[2000, 2000]
5351	1041004			IDLE	['哎，从清理部队开始倒也不是不行……']	[2000]
5352	1041004			IDLE	['您会在意机体的差别吗？']	[2000]
5353	1041004			IDLE	['每个我都是同一个我，但如今的我已不再是过去的我……']	[2000]
5354	1041004			IDLE	['现在是休息时间，指挥官阁下。', '平时空闲时您会做什么呢？']	[2000, 2000]
5355	1041004			IDLE	['如果我们的习惯有交集的话，也许我们可以共同度过。']	[2000]
5356	1041004			IDLE	['嗯！？指挥官阁下？', '这样会不会有些唐突……']	[2000, 2000]
5357	1041004			IDLE	['您的温度……我感受到了。', '谢谢您。']	[2000, 2000]
5358	1041004		80	IDLE	['想要喝杯茶吗，指挥官阁下？', '在雪原上生活的时候，困意会致人死地。', '这种茶既能提神，又能让身体暖和起来。', '啊，抱歉，我忘记说明这个很苦了……']	[2000, 2000, 2000, 2000]
5359	1041004		80	IDLE	['艺术协会好像对这副机体很感兴趣。', '她们还想要帮我重新设计发型，但被我拒绝了。', '还有些成员嘴里呼喊着什么台词。', '实在是太奇怪了……']	[2000, 2000, 2000, 2000]
5360	1041004		100	IDLE	['大概是这副机体的原因……有时我会梦到过去。', '梦到一个女孩，拖着冻僵的身躯，孤独地在雪原上流浪……', '没有方向，只知道救赎存在于某个远方……', '我不会让这一切发生的，指挥官，这是我们的约定，对吗？']	[2000, 2000, 2000, 2000]
5361	1041004		100	IDLE	['您说这柄剑吗？', '虽说现在差不多已经习惯这样的战斗方式了。', '不过有时我也会向其他构造体寻求剑术指导。', '难道说……您也受过剑术训练吗？']	[2000, 2000, 2000, 2000]
5362	1041004		100	IDLE	['请您收好，指挥官阁下。', '这对我是很重要的东西。', '所以我想要交给您来保管。']	[2000, 2000, 2000]
5363	1041004		100	IDLE	['请您收好，指挥官阁下。', '这对我是很重要的东西。', '所以我想要交给您来保管。']	[2000, 2000, 2000]
5401	1231002		10	IDLE	['……']	[2000]
5402	1231002		10	IDLE	['嗯……']	[2000]
5403	1231002		10	IDLE	['唔。']	[2000]
5404	1231002		10	IDLE	['诶……']	[2000]
5405	1231002		30	IDLE	['……']	[2000]
5406	1231002		30	IDLE	['嗯……']	[2000]
5407	1231002		30	IDLE	['唔。']	[2000]
5408	1231002		30	IDLE	['诶……']	[2000]
5409	1231002		30	IDLE	['有点，疲惫……']	[2000]
5410	1231002		50	IDLE	['?……咦？']	[2000]
5411	1231002		50	IDLE	['嗯？刚刚……要干什么？']	[2000]
5412	1231002		50	IDLE	['有点，安静……']	[2000]
5413	1231002		50	IDLE	['没有新的命令吗……']	[2000]
5414	1231002		50	IDLE	['主人现在，会在喝茶吗？']	[2000]
5415	1231002		80	IDLE	['就算会忘记，和指挥官共度的时光也是最珍贵的礼物。']	[2000]
5416	1231002		80	IDLE	['邦比娜塔听到了指挥官的脚步声……']	[2000]
5417	1231002		80	IDLE	['指挥官，回来了吗？邦比娜塔给指挥官留了点心和下午茶。']	[2000]
5418	1231002		80	IDLE	['?o(。。)o']	[2000]
5419	1231002		100	IDLE	['就算会忘记，和指挥官共度的时光也是最珍贵的礼物。']	[2000]
5420	1231002		100	IDLE	['邦比娜塔听到了指挥官的脚步声……']	[2000]
5421	1231002		100	IDLE	['指挥官，回来了吗？邦比娜塔给指挥官留了点心和下午茶。']	[2000]
5422	1231002		100	IDLE	['?o(。。)o']	[2000]
5423	1231002		100	IDLE	['不知不觉就放松下来了……哈唔……']	[2000]
5424	1231002		30	IDLE	['……']	[2000]
5425	1231002		30	IDLE	['危险……远离。']	[2000]
5426	1231002		30	IDLE	['任务……']	[2000]
5427	1231002		30	IDLE	['|_。)']	[2000]
5428	1231002		30	IDLE	['唔……主人……']	[2000]
5429	1231002		50	IDLE	['有什么指示吗？']	[2000]
5430	1231002		50	IDLE	['指挥官……？']	[2000]
5431	1231002		50	IDLE	['指令……散步？']	[2000]
5432	1231002		50	IDLE	['(。。 )…']	[2000]
5433	1231002		50	IDLE	['呜呜……']	[2000]
5434	1231002		80	IDLE	['是在说邦比娜塔……可爱吗？']	[2000]
5435	1231002		80	IDLE	['不知道为什么，突然好想跳舞……']	[2000]
5436	1231002		80	IDLE	['呼~?']	[2000]
5437	1231002		100	IDLE	['是在说邦比娜塔……可爱吗？']	[2000]
5438	1231002		100	IDLE	['不知道为什么，突然好想跳舞……']	[2000]
5439	1231002		100	IDLE	['呼~?']	[2000]
5440	1231002		100	IDLE	['嗯……??哼哼~']	[2000]
5441	1231002		100	IDLE	['指挥官，要和邦比娜塔一起跳舞吗？']	[2000]
5442	1231002			IDLE	['这里的床……跟邦比娜塔的不太一样。', '好像这一张更软绵绵一点……', '欸，指挥官是说可以试试吗？']	[2000, 2000, 2000]
5443	1231002			IDLE	['好像睡在云朵上……哈唔……']	[2000]
5444	1231002			IDLE	['机体调整完毕，请指挥官下达新的命令。', '新的指令是……在沙发上待机？']	[2000, 2000]
5445	1231002			IDLE	['是这样待机吗？您问我有什么感觉？', '感觉……很平静。是因为和指挥官靠的很近吗？']	[2000, 2000]
5446	1231002			IDLE	['呼……欸？！指挥官是在问，邦比娜塔为什么在柜子前面站了这么久？', '呜……邦比娜塔想要拿到柜子上的盒子……']	[2000, 2000]
5447	1231002			IDLE	['欸？这么轻松就……谢谢指挥官……', '嗯……邦比娜塔想把指挥官送的礼物也放在里面。', '这里，贴上了指挥官的名字，所以这一次，它们不会消失……']	[2000, 2000, 2000]
5448	1231002			IDLE	['?……', '嗯？邦比娜塔刚刚在唱什么？']	[2000, 2000]
5449	1231002			IDLE	['邦比娜塔也不清楚……要再唱一次给指挥官听吗？', '这样和指挥官呆在一起的时间，嗯……']	[2000, 2000]
5450	1231002			IDLE	['……啊，对不起，邦比娜塔差点忘记今天的例行训练了。', '呃？指挥官是说，今天是特别训练？']	[2000, 2000]
5451	1231002			IDLE	['……特别训练的名称叫做……摸鱼？可，可是邦比娜塔没有做过这样的训练……', '……现在，是要先找到有鱼的地方吗？开始检索目标地点……']	[2000, 2000]
5452	1231002			IDLE	['？！什，什么？不是这个意思？对不起……指挥官……', '指挥官，这是今天的点心。']	[2000, 2000]
5453	1231002			IDLE	['……指挥官的意思是，邦比娜塔也要坐下来一起吃？', '邦比娜塔明白了。']	[2000, 2000]
5454	1231002			IDLE	['唔……对不起，邦比娜塔不是故意推倒这个花瓶的。', '邦比娜塔只是想把它拿下来，插上新的花……']	[2000, 2000]
5455	1231002			IDLE	['嗯……不怪邦比娜塔吗？', '真……真的吗？嗯……邦比娜塔明白了……']	[2000, 2000]
5456	1231002			IDLE	['指挥官？邦比娜塔的头上是有灰尘吗？', '邦比娜塔……看不到。']	[2000, 2000]
5457	1231002			IDLE	['嗯……谢谢指挥官。']	[2000]
5458	1231002		80	IDLE	['指挥官平时也会这样靠在这里吧，嗯……', '靠在这个位置，会有什么感觉呢……', '嗯……很安心。']	[2000, 2000, 2000]
5459	1231002		80	IDLE	['Σ( ° △ °|||)︴！被发现了吗？！', '指挥官，邦比娜塔只是……', '只是这样待在这里看着指挥官而已……']	[2000, 2000, 2000]
5460	1231002		100	IDLE	['……把辫子散下来？邦比娜塔做不到……', '什……什么？指挥官可以帮助邦比娜塔？', '呜……', '邦比娜塔知道了……']	[2000, 2000, 2000, 2000]
5461	1231002		100	IDLE	['累了？需要休息一下吗，指挥官？', '靠在邦比娜塔身上吧。', '邦比娜塔可以把机体温度调节到最舒适的温度。', '嗯……怎么样，喜欢这个温度吗，指挥官？']	[2000, 2000, 2000, 2000]
5462	1231002		100	IDLE	['因为指挥官曾经送给过邦比娜塔很多礼物……', '所以，邦比娜塔把这个举动理解为指挥官表示喜爱的行为。', '那么，请收下这个，指挥官。', '呜……希望，希望指挥官能喜欢。']	[2000, 2000, 2000, 2000]
5463	1231002		100	IDLE	['因为指挥官曾经送给过邦比娜塔很多礼物……', '所以，邦比娜塔把这个举动理解为指挥官表示喜爱的行为。', '那么，请收下这个，指挥官。', '呜……希望，希望指挥官能喜欢。']	[2000, 2000, 2000, 2000]
5501	1011004		10	IDLE	['总感觉这里时间过得好慢……']	[2000]
5502	1011004		10	IDLE	['也许应该去别处看看。']	[2000]
5503	1011004		10	IDLE	['还是换个时候再说吧。']	[2000]
5504	1011004		10	IDLE	['刚才的结论是……什么来着？']	[2000]
5505	1011004		30	IDLE	['一定要在这里浪费时间吗？']	[2000]
5506	1011004		30	IDLE	['今天的任务排程检查过了吗？']	[2000]
5507	1011004		30	IDLE	['在这里调校装备，也许是个不错的选择。']	[2000]
5508	1011004		30	IDLE	['至少……不算是虚度光阴。']	[2000]
5509	1011004		30	IDLE	['有什么任务吗？最好早做安排。']	[2000]
5510	1011004		50	IDLE	['偶尔在这种地方散散心，也会有益于思考。']	[2000]
5511	1011004		50	IDLE	['今天的任务排程检查过了吗？']	[2000]
5512	1011004		50	IDLE	['在这里调校装备，也许是个不错的选择。']	[2000]
5513	1011004		50	IDLE	['至少……不算是虚度光阴。']	[2000]
5514	1011004		50	IDLE	['有什么任务吗？最好早做安排。']	[2000]
5515	1011004		80	IDLE	['好了，你去休息会，快去。']	[2000]
5516	1011004		80	IDLE	['在这里的时间好像一不留神就过去了。']	[2000]
5517	1011004		80	IDLE	['不必这么小心翼翼，你不会打扰到我的。']	[2000]
5518	1011004		80	IDLE	['我会一直在这里观测着的。']	[2000]
5519	1011004		100	IDLE	['好了，你去休息会，快去。']	[2000]
5520	1011004		100	IDLE	['在这里的时间好像一不留神就过去了。']	[2000]
5521	1011004		100	IDLE	['不必这么小心翼翼，你不会打扰到我的。']	[2000]
5522	1011004		100	IDLE	['我会一直在这里观测着的。']	[2000]
5523	1011004		100	IDLE	['你好像有些心事，怎么了吗？']	[2000]
5524	1011004		30	IDLE	['无尽永前……']	[2000]
5525	1011004		30	IDLE	['就这样吧。']	[2000]
5526	1011004		30	IDLE	['有些……不能集中精神。']	[2000]
5527	1011004		30	IDLE	['我的枪械组哪儿去了……']	[2000]
5528	1011004		30	IDLE	['不能再这样无所事事了。']	[2000]
5529	1011004		50	IDLE	['接下来的工作是……']	[2000]
5530	1011004		50	IDLE	['嗯？']	[2000]
5531	1011004		50	IDLE	['你的意思是？嗯，也有道理……']	[2000]
5532	1011004		50	IDLE	['这里要是能再装个直线加速器就好了。']	[2000]
5533	1011004		50	IDLE	['下一个分歧点是……']	[2000]
5534	1011004		80	IDLE	['非常完美……Q.E.D.']	[2000]
5535	1011004		80	IDLE	['唔……没错。']	[2000]
5536	1011004		80	IDLE	['有什么事吗？']	[2000]
5537	1011004		100	IDLE	['非常完美……Q.E.D.']	[2000]
5538	1011004		100	IDLE	['唔……没错。']	[2000]
5539	1011004		100	IDLE	['有什么事吗？']	[2000]
5540	1011004		100	IDLE	['与计算结果一致。']	[2000]
5541	1011004		100	IDLE	['交给我吧。']	[2000]
5542	1011004			IDLE	['呼……休息一会好了。', '我已经设定好时间，不会太久的。']	[2000, 2000]
5543	1011004			IDLE	['如果有什么事的话，随时唤醒我。']	[2000]
5544	1011004			IDLE	['有事找我？好吧。', '坐下来说吧，别一直站着了。']	[2000, 2000]
5545	1011004			IDLE	['不然换个思路试试？', '归谬？或者枚举？嗯……都不太适合吗？']	[2000, 2000]
5546	1011004			IDLE	['上次任务你的装备已经都修缮完毕了。']	[2000]
5547	1011004			IDLE	['喏，在这儿。试一下吧。', '小心点，别再弄坏了。', '哎……下次出问题的话，直接来找我吧。']	[2000, 2000, 2000]
5548	1011004			IDLE	['人太多的地方会有些吵。']	[2000]
5549	1011004			IDLE	['这里刚好，不多也不少。']	[2000]
5550	1011004			IDLE	['要是你实在闲得发慌的话……', '我们可以一起做几个思想实验。']	[2000, 2000]
5551	1011004			IDLE	['这应该也算是一种头脑运动吧？', '虽然只是聊聊天，但还挺有趣的。']	[2000, 2000]
5552	1011004			IDLE	['你说这个？', '这是丽芙给我的，偶尔捏一捏可以解压。']	[2000, 2000]
5553	1011004			IDLE	['你想要？嗯……你可能确实比我更需要这个。', '对了，捏的时候别太用力，不然会发出比较奇怪的声音。']	[2000, 2000]
5554	1011004			IDLE	['……你提到的这个问题我记下了。', '也许是我在改装的时候有什么疏漏。']	[2000, 2000]
5555	1011004			IDLE	['嗯？只是随口一说吗……你……']	[2000]
5556	1011004			IDLE	['嗯？你说我吗？', '怎么突然提出这种要求……真搞不懂你。', '算了，反正摸摸头也不会有什么损失。']	[2000, 2000, 2000]
5557	1011004			IDLE	['咳……没事……就这样了吗？']	[2000]
5558	1011004		80	IDLE	['嗯？抱歉，没注意到你进来。', '刚才我在思考一个问题而已。', '不，没有。你来的时候，正好我已经找到解法了。', '另外，下次你再过来的时候，就不用敲门了。']	[2000, 2000, 2000, 2000]
5559	1011004		80	IDLE	['足够多的时间意味着足够多的选择。', '而越是提早完成工作，就意味着能挤出更多的时间。', '但是操劳过度也算不上是一种美德。', '要记得，你绝不是孤身一人。']	[2000, 2000, 2000, 2000]
5560	1011004		100	IDLE	['时间……这种危险的东西还是不要随意触碰为好。', '推演未来和回到过去都意味着对现在失去耐心。', '而现在是决定了未来的过去，是过去决定了的未来。', '就比方说……现在我们在这里还聊着天。', '这件事本身才最为重要。']	[2000, 2000, 2000, 2000, 2000]
5561	1011004		100	IDLE	['时刻确保武器系统在线总是好的。', '毕竟谁也说不好马上又会出现什么情况……', '不，不能松懈下来。', '尤其是还有你在这儿的时候。']	[2000, 2000, 2000, 2000]
5562	1011004		100	IDLE	['在这儿，拿好了。', '只是随身的一些小东西而已。', '好好保管，你……会的吧？']	[2000, 2000, 2000]
5563	1011004		100	IDLE	['在这儿，拿好了。', '只是随身的一些小东西而已。', '好好保管，你……会的吧？']	[2000, 2000, 2000]
5601	1091003		10	IDLE	['……还有三十张速写……']	[2000]
5602	1091003		10	IDLE	['左右翻转……好像，又歪了……']	[2000]
5603	1091003		10	IDLE	['信号追踪……无应答……']	[2000]
5604	1091003		10	IDLE	['画板要放不下了……']	[2000]
5605	1091003		30	IDLE	['杂色……']	[2000]
5606	1091003		30	IDLE	['嘘——让我画完这一笔。']	[2000]
5607	1091003		30	IDLE	['距离下次下地任务还有好久呢。']	[2000]
5608	1091003		30	IDLE	['……新的采访安排？我还想在这里多呆一会的！']	[2000]
5609	1091003		30	IDLE	['这里的配色会不会太素净了？']	[2000]
5610	1091003		50	IDLE	['唔，指挥官喜欢这样的风格啊……']	[2000]
5611	1091003		50	IDLE	['嘘——让我画完这一笔。']	[2000]
5612	1091003		50	IDLE	['距离下次下地任务还有好久呢。']	[2000]
5613	1091003		50	IDLE	['……新的采访安排？我还想在这里多呆一会的！']	[2000]
5614	1091003		50	IDLE	['这里的配色会不会太素净了？']	[2000]
5615	1091003		80	IDLE	['你回来啦——！！']	[2000]
5616	1091003		80	IDLE	['这个配色……嗯嗯，就是这个感觉！']	[2000]
5617	1091003		80	IDLE	['铛铛——！注意这边！']	[2000]
5618	1091003		80	IDLE	['唔……是不是装反了？']	[2000]
5619	1091003		100	IDLE	['你回来啦——！！']	[2000]
5620	1091003		100	IDLE	['这个配色……嗯嗯，就是这个感觉！']	[2000]
5621	1091003		100	IDLE	['铛铛——！注意这边！']	[2000]
5622	1091003		100	IDLE	['唔……是不是装反了？']	[2000]
5623	1091003		100	IDLE	['……“花朵会继续绽放”。']	[2000]
5624	1091003		30	IDLE	['给……我……笔……刷……']	[2000]
5625	1091003		30	IDLE	['要做的事情太多啦……']	[2000]
5626	1091003		30	IDLE	['衣服是不是有点紧？']	[2000]
5627	1091003		30	IDLE	['唉，灵感枯竭。']	[2000]
5628	1091003		30	IDLE	['……']	[2000]
5629	1091003		50	IDLE	['真是令人怀念。']	[2000]
5630	1091003		50	IDLE	['赛琳娜……现在在哪里呢？']	[2000]
5631	1091003		50	IDLE	['要不要一起去取材？']	[2000]
5632	1091003		50	IDLE	['诶！小心脚下！颜料罐被碰倒了！']	[2000]
5633	1091003		50	IDLE	['?~?']	[2000]
5634	1091003		80	IDLE	['哇啊，别吃！那个是静物！']	[2000]
5635	1091003		80	IDLE	['嘘……指挥官，可别告诉经纪人我在这里哦！']	[2000]
5636	1091003		80	IDLE	['呼……好放松，都想赖在这里不走了。']	[2000]
5637	1091003		100	IDLE	['哇啊，别吃！那个是静物！']	[2000]
5638	1091003		100	IDLE	['嘘……指挥官，可别告诉经纪人我在这里哦！']	[2000]
5639	1091003		100	IDLE	['呼……好放松，都想赖在这里不走了。']	[2000]
5640	1091003		100	IDLE	['虽然空中花园看不到夜虹……但这里有更棒的风景！']	[2000]
5641	1091003		100	IDLE	['等等，别动！就这样！绝妙的角度！']	[2000]
5642	1091003			IDLE	['唉……连续赶了一周的稿……头要裂开啦……', '……指挥官？我没事，我还能画……']	[2000, 2000]
5643	1091003			IDLE	['呜……谢谢你指挥官，那我就休息一小会……', '可不要趁着我睡着走掉……呼……']	[2000, 2000]
5644	1091003			IDLE	['工作越是紧迫，就越要注意坐姿端正。', '不然可是会很难受的哦？', '来来，艾拉告诉你一个久坐的独门绝学！']	[2000, 2000, 2000]
5645	1091003			IDLE	['就像这样……指挥官要不要也坐下试试？', '再靠近一点也没关系哦！']	[2000, 2000]
5646	1091003			IDLE	['一不留神又买了很多新画具，该放在哪里呢……']	[2000]
5647	1091003			IDLE	['原来这里还有位置！', '谢谢你指挥官，那艾拉就放在这里啦~', '哼哼~像这样，和指挥官的东西挨在一起！']	[2000, 2000, 2000]
5648	1091003			IDLE	['指挥官！锵锵——来看我的最新作！', '我可是特意留给你第一个看到的！']	[2000, 2000]
5649	1091003			IDLE	['快快，告诉我你的评价！']	[2000]
5650	1091003			IDLE	['这次要换一个妆容，用那种色系呢……', '抓住！指~挥~官~？']	[2000, 2000]
5651	1091003			IDLE	['怎么可以目不转睛的盯着正在化妆的女孩子看呢！', '先转过去啦！']	[2000, 2000]
5652	1091003			IDLE	['指挥官指挥官！', '你看！这是考古小队发现的一个遗迹。']	[2000, 2000]
5653	1091003			IDLE	['这里是它修复完成的示意图，是不是很漂亮？', '实景会更震撼哦~']	[2000, 2000]
5654	1091003			IDLE	['有机会的话，一起去看看吧。', '指挥官空闲的时候都会干些什么呢？']	[2000, 2000]
5655	1091003			IDLE	['艾拉想试试和你做一样的事情！', '偶尔也想体验一下不同的人生经历呢。']	[2000, 2000]
5656	1091003			IDLE	['诶诶，难道是我头上沾到了颜料？！', '只是想摸摸我的头？呼……真是没办法。', '喏，指挥官想摸多久都可以。']	[2000, 2000, 2000]
5657	1091003			IDLE	['指挥官的手真是温暖……好，让我也来摸回去！']	[2000]
5658	1091003		80	IDLE	['你看，像这样握住雕刻刀……', '一开始不要用太多力，不然容易打滑……哎呀，小心手！', '嗯……指挥官，我来握着你的手示范一遍吧。']	[2000, 2000, 2000]
5659	1091003		80	IDLE	['指挥官~', '艾拉把虚拟实境装置搬过来啦！', '还原了地球上很多人迹罕至的风景。', '我们就坐在这里体验一次足不出户的旅行吧！']	[2000, 2000, 2000, 2000]
5660	1091003		100	IDLE	['指挥官！', '艾拉之间发来的服装设计里，有没有你特别喜欢的？', '总是穿同一套衣服也太单一了。', '做为指挥官的专属造型师，我有责任……', '咦，你问这是什么时候的事情？', '嗯——就当是从现在开始吧！']	[2000, 2000, 2000, 2000, 2000, 2000]
5661	1091003		100	IDLE	['指挥官好像一直在看着艾拉呢。', '是我脸上有什么东西吗？', '什么，是网点……？！', '真是的……为什么不早点提醒我呀！']	[2000, 2000, 2000, 2000]
5662	1091003		100	IDLE	['指挥官，这个给你。', '是我精心准备的礼物，这个设计仅此一件哦。', '艾拉的心意，你有感受到吗？']	[2000, 2000, 2000]
5663	1091003		100	IDLE	['指挥官，这个给你。', '是我精心准备的礼物，这个设计仅此一件哦。', '艾拉的心意，你有感受到吗？']	[2000, 2000, 2000]
5701	1021005		10	IDLE	['你在监视我？']	[2000]
5702	1021005		10	IDLE	['不要露出破绽。']	[2000]
5703	1021005		10	IDLE	['哼，无聊……']	[2000]
5704	1021005		10	IDLE	['无形的架势……']	[2000]
5705	1021005		30	IDLE	['怎么……你还在的吗？']	[2000]
5706	1021005		30	IDLE	['左眼……开始痛了。']	[2000]
5707	1021005		30	IDLE	['感受片刻的宁静。']	[2000]
5708	1021005		30	IDLE	['再一次冥想训练吧。']	[2000]
5709	1021005		30	IDLE	['那个露西亚，也会在这里吗。']	[2000]
5710	1021005		50	IDLE	['你……害怕了吗？']	[2000]
5711	1021005		50	IDLE	['感受片刻的宁静。']	[2000]
5712	1021005		50	IDLE	['再一次冥想训练吧。']	[2000]
5713	1021005		50	IDLE	['那个露西亚，也会在这里吗。']	[2000]
5714	1021005		50	IDLE	['你……害怕了吗？']	[2000]
5715	1021005		80	IDLE	['你让我在这里，我就在这里。']	[2000]
5716	1021005		80	IDLE	['吹过一阵不错的风……真舒服。']	[2000]
5717	1021005		80	IDLE	['有时候，静比动更有威胁。']	[2000]
5718	1021005		80	IDLE	['这是观察的好时机。']	[2000]
5719	1021005		100	IDLE	['你让我在这里，我就在这里。']	[2000]
5720	1021005		100	IDLE	['吹过一阵不错的风……真舒服。']	[2000]
5721	1021005		100	IDLE	['有时候，静比动更有威胁。']	[2000]
5722	1021005		100	IDLE	['这是观察的好时机。']	[2000]
5723	1021005		100	IDLE	['无我的境界……']	[2000]
5724	1021005		30	IDLE	['没人能阻挡我。']	[2000]
5725	1021005		30	IDLE	['敌人在哪里……']	[2000]
5726	1021005		30	IDLE	['主动出击。']	[2000]
5727	1021005		30	IDLE	['哼……这连散步都算不上。']	[2000]
5728	1021005		30	IDLE	['找机会逃离这里。']	[2000]
5729	1021005		50	IDLE	['行云流水地移动。']	[2000]
5730	1021005		50	IDLE	['步法是剑术的基本功。']	[2000]
5731	1021005		50	IDLE	['希望前方有值得战斗的敌人。']	[2000]
5732	1021005		50	IDLE	['露娜，她不要紧吧……']	[2000]
5733	1021005		50	IDLE	['你想留住我？']	[2000]
5734	1021005		80	IDLE	['在这里召唤坼霆……不，地方太小了。']	[2000]
5735	1021005		80	IDLE	['顺便去看看露娜吧？']	[2000]
5736	1021005		80	IDLE	['一刀两断！……哼，只是有蚊子而已。']	[2000]
5737	1021005		100	IDLE	['在这里召唤坼霆……不，地方太小了。']	[2000]
5738	1021005		100	IDLE	['顺便去看看露娜吧？']	[2000]
5739	1021005		100	IDLE	['一刀两断！……哼，只是有蚊子而已。']	[2000]
5740	1021005		100	IDLE	['没事的话和我一起走走吧。']	[2000]
5741	1021005		100	IDLE	['我走得太快了吗……那就试着追上来吧。']	[2000]
5742	1021005			IDLE	['对于这副躯体，休息不是必须的。', '但为了维持清醒的意志，最好还是不要逞强。']	[2000, 2000]
5743	1021005			IDLE	['事先声明，即使在睡梦之中，我的杀意也不会变钝。', '呵，但你可以尽管来试试，让我看看你的勇气吧。']	[2000, 2000]
5744	1021005			IDLE	['对于一个指挥官来说，真是有够奢华的座位……', '不过没所谓了，我只是要去修整一下刀鞘的机簧。']	[2000, 2000]
5745	1021005			IDLE	['嗯……还不错，我是说坐的地方。', '但我觉得家具这种东西朴素点就好，例如……塑料的椅子就很好。']	[2000, 2000]
5746	1021005			IDLE	['如果你曾经试过拾荒者的生活的话，就应该知道储藏的重要性。', '毕竟谁也不知道明天会发生什么……', '所以把用不上的东西都存起来是个好习惯。']	[2000, 2000, 2000]
5747	1021005			IDLE	['你想看看我的储物柜？哼，无所谓，不过……', '看完之后如果我发现少了什么东西的话……', '你的后果会怎样，我就不知道了。']	[2000, 2000, 2000]
5748	1021005			IDLE	['我会留在这里，不是因为你……', '只是因为这个地方暂时是安全的。']	[2000, 2000]
5749	1021005			IDLE	['唯一的危险要素……', '哼……大概只有我自己。']	[2000, 2000]
5750	1021005			IDLE	['过度溢出的能量会吞噬其拥有者。', '但没有力量的话，则会被这个世界所吞噬。']	[2000, 2000]
5751	1021005			IDLE	['所以我选择了与它共存。', '“两害相权取其轻”……仅此而已。']	[2000, 2000]
5752	1021005			IDLE	['我的左眼吗……它依然能够看到东西。', '只是我不确定……']	[2000, 2000]
5753	1021005			IDLE	['我从那里看到的一切是真实的？', '还是只是它想让我看到的？']	[2000, 2000]
5754	1021005			IDLE	['再说一次，不要对升格网络和我的事情深究。', '唉……和猫一样……']	[2000, 2000]
5755	1021005			IDLE	['过度的好奇心只会害死你。']	[2000]
5756	1021005			IDLE	['这是你的习惯吗……轻易地动手动脚。', '要不是我感受不到你的杀意……你现在已经死了。']	[2000, 2000]
5757	1021005			IDLE	['但你靠得这么近真的好吗？', '或许我会控制不住自己……', '将你变成这刀下的亡魂。']	[2000, 2000, 2000]
5758	1021005		80	IDLE	['如果有一天你需要展开一场旅行的话。', '你会选择什么交通工具？', '我的话肯定会选择摩托车吧……', '可以自由地操纵，随意地感受耳边的烈风。', '只能坐两个人的座位……也恰到好处。']	[2000, 2000, 2000, 2000, 2000]
5759	1021005		80	IDLE	['这把巨大的太刀在拔出来的时候会很难顾及到周遭。', '呵……你不害怕是吗？', '那也确实没错……毕竟确实也有这么一句话……', '“最危险的地方就是最安全的地方”。']	[2000, 2000, 2000, 2000]
5760	1021005		100	IDLE	['武器和摩托都要经常保养。', '但你知道吗……人的心境也是如此。', '如果不能时刻确保心无杂念的话。', '拔刀的瞬间就等同于死亡。']	[2000, 2000, 2000, 2000]
5761	1021005		100	IDLE	['你想让我教你剑术吗？', '可以是可以，但你必须要有受伤的觉悟。', '你害怕什么……不是指我会动真格打伤你。', '而是手持利刃这一点……', '其本身就是一种祸害。']	[2000, 2000, 2000, 2000, 2000]
5762	1021005		100	IDLE	['我经常会骑着摩托在人类的废墟之中穿行。', '那里面偶尔也会发现一些有意思的“废物”。', '这些东西我留着也没用，就全部给你吧……', '或许在你手上，它们能发挥出真正的价值。']	[2000, 2000, 2000, 2000]
5763	1021005		100	IDLE	['我经常会骑着摩托在人类的废墟之中穿行。', '那里面偶尔也会发现一些有意思的“废物”。', '这些东西我留着也没用，就全部给你吧……', '或许在你手上，它们能发挥出真正的价值。']	[2000, 2000, 2000, 2000]
5801	1241002		10	IDLE	['不，不能在这里休眠……']	[2000]
5802	1241002		10	IDLE	['时间就这么过去了。']	[2000]
5803	1241002		10	IDLE	['这是另一个梦吗？唔……']	[2000]
5804	1241002		10	IDLE	['疏于练习的话，技艺总会生疏。']	[2000]
5805	1241002		30	IDLE	['嗯？您是在叫我吗？抱歉……']	[2000]
5806	1241002		30	IDLE	['你来了，指挥官。']	[2000]
5807	1241002		30	IDLE	['等待也是生活的一部分。']	[2000]
5808	1241002		30	IDLE	['如果没什么任务，就在这里休息一会吧，指挥官。']	[2000]
5809	1241002		30	IDLE	['有什么心事就和我说说吧，指挥官。']	[2000]
5810	1241002		50	IDLE	['不知江月待何人……']	[2000]
5811	1241002		50	IDLE	['你来了，指挥官。']	[2000]
5812	1241002		50	IDLE	['等待也是生活的一部分。']	[2000]
5813	1241002		50	IDLE	['如果没什么任务，就在这里休息一会吧，指挥官。']	[2000]
5814	1241002		50	IDLE	['有什么心事就和我说说吧，指挥官。']	[2000]
5815	1241002		80	IDLE	['我一直在这里等你，指挥官。']	[2000]
5816	1241002		80	IDLE	['对人类而言的“舒适”应该就是这个感觉吧？']	[2000]
5817	1241002		80	IDLE	['近来心更切……']	[2000]
5818	1241002		80	IDLE	['因为我相信你会来，所以我就在这里等了。']	[2000]
5819	1241002		100	IDLE	['我一直在这里等你，指挥官。']	[2000]
5820	1241002		100	IDLE	['对人类而言的“舒适”应该就是这个感觉吧？']	[2000]
5821	1241002		100	IDLE	['近来心更切……']	[2000]
5822	1241002		100	IDLE	['因为我相信你会来，所以我就在这里等了。']	[2000]
5823	1241002		100	IDLE	['你回来了！这是刚泡好的新茶。']	[2000]
5824	1241002		30	IDLE	['有什么事吗？']	[2000]
5825	1241002		30	IDLE	['这舞台……稍显逼仄。']	[2000]
5826	1241002		30	IDLE	['在去那边看看吧。']	[2000]
5827	1241002		30	IDLE	['然后是……']	[2000]
5828	1241002		30	IDLE	['我走神了？']	[2000]
5829	1241002		50	IDLE	['在舞台上，动静结合才好。']	[2000]
5830	1241002		50	IDLE	['嗯……去练习一下舞步吧。']	[2000]
5831	1241002		50	IDLE	['我好像听到蒲牢的声音？是错觉吗……']	[2000]
5832	1241002		50	IDLE	['要规划好之后的工作才行。']	[2000]
5833	1241002		50	IDLE	['静者静动，非不动也。']	[2000]
5834	1241002		80	IDLE	['我听说蒲牢也在这里……']	[2000]
5835	1241002		80	IDLE	['想要一起走走？没问题。']	[2000]
5836	1241002		80	IDLE	['起居家务这些小事，交给我就好。']	[2000]
5837	1241002		100	IDLE	['我听说蒲牢也在这里……']	[2000]
5838	1241002		100	IDLE	['想要一起走走？没问题。']	[2000]
5839	1241002		100	IDLE	['起居家务这些小事，交给我就好。']	[2000]
5840	1241002		100	IDLE	['这个应该放在那边……']	[2000]
5841	1241002		100	IDLE	['就算是平常走动，也要注意优雅。']	[2000]
5842	1241002			IDLE	['对漂泊在外的人来说，床总是很奢侈的东西。', '光是见到它……唔……就会产生一些……休眠指令。', '嗯？要我躺上去吗？好的……']	[2000, 2000, 2000]
5843	1241002			IDLE	['很安心……就像……这样……ZZZ']	[2000]
5844	1241002			IDLE	['我记得指挥官已经工作很久了。', '坐下来休息一会吧？']	[2000, 2000]
5845	1241002			IDLE	['这样舒适的座位总是适合闲聊放松。', '如果要是能再有些茶点就更好了。']	[2000, 2000]
5846	1241002			IDLE	['蒲牢寄过来的这些东西，放在哪儿好呢……']	[2000]
5847	1241002			IDLE	['谢谢你，指挥官，那就放在这里好了。', '有些是过去用过的一些小物件，有些是蒲牢觉得有趣的东西。', '诶？那个只是我之前的首饰而已。', '你看，是这样佩戴的哦……指挥官戴起来也不错啊。', '就这样别着去参加工作吧？不好意思，我开玩笑的。']	[2000, 2000, 2000, 2000, 2000]
5848	1241002			IDLE	['我听说从这里能看得到九龙的奇观。', '但好像……并不能看到。']	[2000, 2000]
5849	1241002			IDLE	['还是说角度和方法不对……']	[2000]
5850	1241002			IDLE	['把扇子当成武器……在过去确实是只存在于传说之中。', '在我的记忆里，至少有67个九龙故事记载了这件事。']	[2000, 2000]
5851	1241002			IDLE	['指挥官想要听吗？也许会是很长很长的故事……', '还好，我们还有很长时间。']	[2000, 2000]
5852	1241002			IDLE	['辛苦了，指挥官。', '如果已经结束了今天的工作的话。']	[2000, 2000]
5853	1241002			IDLE	['回到家就该放松一下，不要再想工作的事了。', '舞台上的事情，就应该在下舞台的一刻完结。']	[2000, 2000]
5854	1241002			IDLE	['不知道从这里看星空会是什么样子的……？', '会和夜航船上一样吗……']	[2000, 2000]
5855	1241002			IDLE	['指挥官想和我一起去看看？', '那我要准备一点夜宵了，毕竟美景与美食最为搭配。']	[2000, 2000]
5856	1241002			IDLE	['唔……有些困难……', '这根发簪……能请您帮我插上去吗，指挥官？']	[2000, 2000]
5857	1241002			IDLE	['谢谢……嗯，这样就可以了。', '指挥官的手……很温柔，很细致。', '以后……也能继续拜托你吗？']	[2000, 2000, 2000]
5858	1241002		80	IDLE	['想要学我现在跳的这支舞吗？当然没问题。', '不过对于新手可能有点难哦？', '请握住我的手，我来教您。', '这样……然后这样……', '嗯？看来指挥官有点走神哦，休息一下吧？']	[2000, 2000, 2000, 2000, 2000]
5859	1241002		80	IDLE	['指挥官，你的脸色不太好哦，发生什么了吗？', '做噩梦了吗？那确实很吓人……', '嗯，没关系，梦也不过只是梦而已，醒了就没事了。', '哎呀，抱歉……不小心习惯性地按照过去的习惯安慰起来了。', '没关系吗？那我就这样多抱着指挥官一阵吧。']	[2000, 2000, 2000, 2000, 2000]
5860	1241002		100	IDLE	['前几天有几个自称“艺术协会”的人来找我。', '说想要邀请我去介绍一下九龙文化方面的工作。', '他们好像……并不知道我机械体的身份。', '所以我暂时回绝了他们……', '嗯，我想先听听指挥官你的建议。']	[2000, 2000, 2000, 2000, 2000]
5861	1241002		100	IDLE	['指挥官？嗯……没什么。', '只是想要确认一下你的位置。', '像这样和你一起度过的时间，总觉得一眨眼就过去了。', '白驹过隙，就是这个意思。', '真想让时间再慢一些啊……']	[2000, 2000, 2000, 2000, 2000]
5862	1241002		100	IDLE	['嗯，这是我打算送给指挥官的礼物……', '本来蒲牢打算来帮忙挑选的。', '但最后我觉得礼物还是需要亲自挑选来表达心意。', '说实在的，我还是第一次赠与他人礼物，不免有点忐忑。', '但，我还是希望……它能够获得你的喜欢。']	[2000, 2000, 2000, 2000, 2000]
5863	1241002		100	IDLE	['嗯，这是我打算送给指挥官的礼物……', '本来蒲牢打算来帮忙挑选的。', '但最后我觉得礼物还是需要亲自挑选来表达心意。', '说实在的，我还是第一次赠与他人礼物，不免有点忐忑。', '但，我还是希望……它能够获得你的喜欢。']	[2000, 2000, 2000, 2000, 2000]
5901	1221003		10	IDLE	['这里的天花板……很陌生。']	[2000]
5902	1221003		10	IDLE	['气味……很普通，不讨厌也不喜欢。']	[2000]
5903	1221003		10	IDLE	['领地……要标记一下……用爪子。']	[2000]
5904	1221003		10	IDLE	['小家伙……你会喜欢这里吗？']	[2000]
5905	1221003		30	IDLE	['在找21号吗？']	[2000]
5906	1221003		30	IDLE	['呦~灰鸦的指挥官。']	[2000]
5907	1221003		30	IDLE	['为什么要躲在那里？']	[2000]
5908	1221003		30	IDLE	['视听终端的事，谢谢，21号会准备回礼。']	[2000]
5909	1221003		30	IDLE	['学到了很多新东西，要看看吗？']	[2000]
5910	1221003		50	IDLE	['嗷呜~嗷呜~唔……还是不太一样……']	[2000]
5911	1221003		50	IDLE	['呦~灰鸦的指挥官。']	[2000]
5912	1221003		50	IDLE	['为什么要躲在那里？']	[2000]
5913	1221003		50	IDLE	['视听终端的事，谢谢，21号会准备回礼。']	[2000]
5914	1221003		50	IDLE	['学到了很多新东西，要看看吗？']	[2000]
5915	1221003		80	IDLE	['你回来了？21号提前听出了你的脚步']	[2000]
5916	1221003		80	IDLE	['唔……平衡装置……不要乱动。']	[2000]
5917	1221003		80	IDLE	['好闻的味道……在你身上……不是指你带的东西。']	[2000]
5918	1221003		80	IDLE	['21号知道你会回来，这是你的领地，在旁边。']	[2000]
5919	1221003		100	IDLE	['你回来了？21号提前听出了你的脚步']	[2000]
5920	1221003		100	IDLE	['唔……平衡装置……不要乱动。']	[2000]
5921	1221003		100	IDLE	['好闻的味道……在你身上……不是指你带的东西。']	[2000]
5922	1221003		100	IDLE	['21号知道你会回来，这是你的领地，在旁边。']	[2000]
5923	1221003		100	IDLE	['这里和一开始不一样，21号，更喜欢了。']	[2000]
5924	1221003		30	IDLE	['地板……有些硬……不能打滚。']	[2000]
5925	1221003		30	IDLE	['队长说，不能用来磨爪子……']	[2000]
5926	1221003		30	IDLE	['这个……21号没见过，是什么？']	[2000]
5927	1221003		30	IDLE	['呼……呼……唔……走神了。']	[2000]
5928	1221003		30	IDLE	['这里……很安静，像笼子……']	[2000]
5929	1221003		50	IDLE	['这里不是丛林，可以放松一点。']	[2000]
5930	1221003		50	IDLE	['也想带嘉侬来看看。']	[2000]
5931	1221003		50	IDLE	['21号想养宠物……唔，不可以吗？']	[2000]
5932	1221003		50	IDLE	['想养什么？记得……是叫剑齿虎？']	[2000]
5933	1221003		50	IDLE	['差不多习惯这里了。']	[2000]
5934	1221003		80	IDLE	['是熟悉的天花板。']	[2000]
5935	1221003		80	IDLE	['要一起看吗？21号有准备你的位置。']	[2000]
5936	1221003		80	IDLE	['你还会再来吗？嗯，21号会等着。']	[2000]
5937	1221003		100	IDLE	['是熟悉的天花板。']	[2000]
5938	1221003		100	IDLE	['要一起看吗？21号有准备你的位置。']	[2000]
5939	1221003		100	IDLE	['你还会再来吗？嗯，21号会等着。']	[2000]
5940	1221003		100	IDLE	['什么时候能出去？或者你什么时候会回来？']	[2000]
5941	1221003		100	IDLE	['对平衡装置感兴趣？你也想要一条吗？']	[2000]
5942	1221003			IDLE	['21号躺在这里就好……', '不能踏进那个危险的陷阱……', '唔……既然你这么说了……只是试试的话……']	[2000, 2000, 2000]
5943	1221003			IDLE	['21号……中计了……要立刻起来才行……ZZZZ']	[2000]
5944	1221003			IDLE	['沙发，21号没有弄坏……', '不相信的话，一起试试。']	[2000, 2000]
5945	1221003			IDLE	['你看，并没有问题。', '唔……是不是有点冷，把平衡装置借给你。']	[2000, 2000]
5946	1221003			IDLE	['不要在地板上堆东西？', '这里是21号的领地，21号想放什么就放什么。', '要给21号新领地？那么21号就看看吧。']	[2000, 2000, 2000]
5947	1221003			IDLE	['唔……这里确实很适合。', '21号的收藏……都放在这里吧。', '不过你送给我的视听终端，还是想留在身边。']	[2000, 2000, 2000]
5948	1221003			IDLE	['在你离开时，21号会去别的宿舍串门。', '有些家具，很新奇。']	[2000, 2000]
5949	1221003			IDLE	['但还是更喜欢这里。']	[2000]
5950	1221003			IDLE	['21号一开始想要的是“有人类味道”的新机体。', '但是……在那样的身体里，21号找不到自己。']	[2000, 2000]
5951	1221003			IDLE	['最后，他们给我换成了这一副身体。', '不过现在，21号喜欢这副模样。']	[2000, 2000]
5952	1221003			IDLE	['感觉……你又变重了。', '不是指身体，是这里……心里。']	[2000, 2000]
5953	1221003			IDLE	['是太累了？一起休息一下吧。', '就这样躺在这里，四肢张开，很快就能变轻。']	[2000, 2000]
5954	1221003			IDLE	['在那些闪光的星星上，也会有丛林吗？', '唔……没有吗？']	[2000, 2000]
5955	1221003			IDLE	['那21号还是更喜欢地面一点。', '如果将来有机会，我们能把星星也变得和地面一样吗？']	[2000, 2000]
5956	1221003			IDLE	['你的视线，一直停留在收音装置上。', '是想要像队长那样摸摸吗？']	[2000, 2000]
5957	1221003			IDLE	['这样，可以吗？', '你看起来很高兴，是喜欢？', '21号送你个一样的，下次让21号也摸摸试试。']	[2000, 2000, 2000]
5958	1221003		80	IDLE	['想知道三头犬平常的生活？', '唔……你是在刺探情报吗？', '难道是和队长交给21号的任务一样？', '这是可以说的吗？', '好吧……21号慢慢告诉你。']	[2000, 2000, 2000, 2000, 2000]
5959	1221003		80	IDLE	['队长很少呆在休息室里。', '她说，和21号还有诺克提不同……', '她有很多活要做。', '偶尔在休息室时，也会把自己关进房间里。', '一直在听那个叫“rap”的东西，声音很小，只有21号听得到。']	[2000, 2000, 2000, 2000, 2000]
5960	1221003		100	IDLE	['诺克提总是撞翻东西。', '还老是想着嫁祸给21号。', '不过队长每次都没相信他。', '有次21号撞翻了桌子，诺克提立刻告状。', '但最后还是他受罚了，这就是“狼来了”？']	[2000, 2000, 2000, 2000, 2000]
5961	1221003		100	IDLE	['唔……还想听听21号的吗？', '小家伙还在时，21号在领地里看学习资料，和小家伙一起。', '现在也是一样。', '小家伙，一直都会在这里。', '所以21号要看到更多的新东西，因为还要替小家伙看。']	[2000, 2000, 2000, 2000, 2000]
5962	1221003		100	IDLE	['给，这是之前说好的回礼。', '队长说，要站在你的角度考虑下', '21号观察了很久，也想了很久。', '最后准备了这个。', '你……会喜欢吗？']	[2000, 2000, 2000, 2000, 2000]
5963	1221003		100	IDLE	['给，这是之前说好的回礼。', '队长说，要站在你的角度考虑下', '21号观察了很久，也想了很久。', '最后准备了这个。', '你……会喜欢吗？']	[2000, 2000, 2000, 2000, 2000]
6001	1251002		10	IDLE	['哈嗯……正好，先眯一会儿。']	[2000]
6002	1251002		10	IDLE	['干嘛？想和本大爷较量较量吗？']	[2000]
6003	1251002		10	IDLE	['打盹的地儿还有规矩？服了……']	[2000]
6004	1251002		10	IDLE	['哈？你找我？']	[2000]
6005	1251002		30	IDLE	['嗬！哈！啊？练练把式而已，不用大惊小怪。']	[2000]
6006	1251002		30	IDLE	['嗯嗯嗯……啊？复述刚刚的叮嘱？不用吧，搞那么麻烦干嘛。']	[2000]
6007	1251002		30	IDLE	['在宿舍放点爆炸物怎么了？没什么问题吧。']	[2000]
6008	1251002		30	IDLE	['别乱动我那堆东西！']	[2000]
6009	1251002		30	IDLE	['弄坏了可要全价赔偿我啊。']	[2000]
6010	1251002		50	IDLE	['你别说，呆久了也还挺习惯的。']	[2000]
6011	1251002		50	IDLE	['嗯嗯嗯……啊？复述刚刚的叮嘱？不用吧，搞那么麻烦干嘛。']	[2000]
6012	1251002		50	IDLE	['在宿舍放点爆炸物怎么了？没什么问题吧。']	[2000]
6013	1251002		50	IDLE	['别乱动我那堆东西！']	[2000]
6014	1251002		50	IDLE	['弄坏了可要全价赔偿我啊。']	[2000]
6015	1251002		80	IDLE	['嘿，你来的正好！']	[2000]
6016	1251002		80	IDLE	['一副臭脸？哪有？困的时候不都这样吗？']	[2000]
6017	1251002		80	IDLE	['味道不错，拿出来吧，你给我带什么好东西了？']	[2000]
6018	1251002		80	IDLE	['逐渐觉得在这睡觉是最爽的……你也试试？']	[2000]
6019	1251002		100	IDLE	['嘿，你来的正好！']	[2000]
6020	1251002		100	IDLE	['一副臭脸？哪有？困的时候不都这样吗？']	[2000]
6021	1251002		100	IDLE	['味道不错，拿出来吧，你给我带什么好东西了？']	[2000]
6022	1251002		100	IDLE	['逐渐觉得在这睡觉是最爽的……你也试试？']	[2000]
6023	1251002		100	IDLE	['干脆你今天也在这儿睡吧！啊？不是挺方便的吗。']	[2000]
6024	1251002		30	IDLE	['喔？新地盘？我来看看……']	[2000]
6025	1251002		30	IDLE	['不能搞个再大点的地盘来吗？十几步就走到头了喂。']	[2000]
6026	1251002		30	IDLE	['又要上班了？不是吧 ……']	[2000]
6027	1251002		30	IDLE	['哎，有点无聊啊。找点什么乐子好呢。']	[2000]
6028	1251002		30	IDLE	['……嗯，埋在这里不错。嗯？我什么也没干啊。']	[2000]
6029	1251002		50	IDLE	['让我活动活动……安静地呆着很难受啊。']	[2000]
6030	1251002		50	IDLE	['抖腿也不行？！']	[2000]
6031	1251002		50	IDLE	['哦………………你刚刚在说什么，太长了没听进去。']	[2000]
6032	1251002		50	IDLE	['搞笑？我哪有在搞笑！']	[2000]
6033	1251002		50	IDLE	['啥？要把薇拉和三七接进来？别了吧！']	[2000]
6034	1251002		80	IDLE	['把那边的墙打通，不就更宽敞了吗！我真是天才。']	[2000]
6035	1251002		80	IDLE	['啥？旁边的家具是给薇拉和三七准备的？我立刻一拳打爆——']	[2000]
6036	1251002		80	IDLE	['你明天再来？干嘛还要预告一下，想来就来呗。']	[2000]
6037	1251002		100	IDLE	['把那边的墙打通，不就更宽敞了吗！我真是天才。']	[2000]
6038	1251002		100	IDLE	['啥？旁边的家具是给薇拉和三七准备的？我立刻一拳打爆——']	[2000]
6039	1251002		100	IDLE	['你明天再来？干嘛还要预告一下，想来就来呗。']	[2000]
6040	1251002		100	IDLE	['我在思考人生大事，别闹……哎，一会儿到底喝杯什么去呢……']	[2000]
6041	1251002		100	IDLE	['那块地砖，我劝你别踩啊。']	[2000]
6042	1251002			IDLE	['喔，看起来很舒服啊！', '是别人上缴给你的贡品吗？', '给我准备的？那快让我试试——']	[2000, 2000, 2000]
6043	1251002			IDLE	['不错不错，下次再有这种好东西，记得直接带给我啊。']	[2000]
6044	1251002			IDLE	['沙发当然要横着躺啊……', '好好好，要姿势端正要姿势端正……别念了！']	[2000, 2000]
6045	1251002			IDLE	['你在的时候姑且坐得板正一点吧……', '没有啊，我什么都没念叨。']	[2000, 2000]
6046	1251002			IDLE	['东西放在柜子里会找不到的。', '对对对，虽然扔在地上确实也挺乱的……', '但是可以省略掉打开柜子那个步骤啊。']	[2000, 2000, 2000]
6047	1251002			IDLE	['……你说得对，如果三七偷溜进来一定会把我东西搞不见。', '哎，那我就信你一次吧。', '喏，都塞进去了。']	[2000, 2000, 2000]
6048	1251002			IDLE	['隔壁住着谁啊？', '今天你不在，我去敲了半天也没人答应。']	[2000, 2000]
6049	1251002			IDLE	['我看起来像是去收保护费的？', '别搞笑了。']	[2000, 2000]
6050	1251002			IDLE	['昨晚做了个噩梦。', '梦见三七举着盘腿坐的薇拉站在我头顶……']	[2000, 2000]
6051	1251002			IDLE	['真晦气啊，呕呕呕……', '你怎么看起来像个苦瓜啊。']	[2000, 2000]
6052	1251002			IDLE	['在想一些困难的事情？', '那种东西想来想去也没用啊。']	[2000, 2000]
6053	1251002			IDLE	['不如想想今天晚上吃点什么。', '所以去吃什么？本大爷也一起。']	[2000, 2000]
6054	1251002			IDLE	['多搞点拳击用品来啊，不然多无聊啊。', '不如把那些没必要的家具扔出去，然后……']	[2000, 2000]
6055	1251002			IDLE	['弄个拳击场在这好了。', '记住了吧？']	[2000, 2000]
6056	1251002			IDLE	['怎么，你要挑战把本大爷抱起来吗？', '哈哈哈哈，来来来，我才不信你这小胳膊小腿能成功！']	[2000, 2000]
6057	1251002			IDLE	['喂喂，用外骨骼是作弊啊！', '既然这样，下次切磋我可要使出全力了。']	[2000, 2000]
6058	1251002		80	IDLE	['怎么感觉你这家伙来得很勤嘛！', '怎么样，是觉得我很可靠对吧？', '哈哈，既然如此，我也不好意思不收你这个小弟了！', '既然我们已经是这种铁关系了——', '下次薇拉来找事儿的时候记得替我担待点啊。']	[2000, 2000, 2000, 2000, 2000]
6059	1251002		80	IDLE	['唉……', '现在是少有的悲伤时刻。', '嗯，确实发生了不得了的事情。', '刚刚行政院的人进行安全核查，把我的炸弹都带走了。', '唉，你懂的吧……真是烦死了……']	[2000, 2000, 2000, 2000, 2000]
6060	1251002		100	IDLE	['你今天也不用干活吗？这不巧了嘛！', '……什么？你只是过来看一眼，还要去办事儿？', '那种跑腿的事，总会有人干的。', '天气难得这么好，不如我们出去喝东西吧！走走走！']	[2000, 2000, 2000, 2000]
6061	1251002		100	IDLE	['盯————', '别晃了别晃了，我没有卡壳，只是放空一会儿罢了。', '为什么要发呆……现在不是没有什么好做的事情吗。', '我又不想现在就睡觉……神游一会儿是最轻松的方法。']	[2000, 2000, 2000, 2000]
6062	1251002		100	IDLE	['喂，接着！', '怎么样，喜欢吧？', '我的审美和选择那肯定是最强的！', '谢谢？我们俩还用说这种客套话？', '总之你开心的话就行，也不负我一番准备。']	[2000, 2000, 2000, 2000, 2000]
6063	1251002		100	IDLE	['喂，接着！', '怎么样，喜欢吧？', '我的审美和选择那肯定是最强的！', '谢谢？我们俩还用说这种客套话？', '总之你开心的话就行，也不负我一番准备。']	[2000, 2000, 2000, 2000, 2000]
6101	1261003		10	IDLE	['……新环境，要好好观察才行。']	[2000]
6102	1261003		10	IDLE	['咳……要保持警惕。']	[2000]
6103	1261003		10	IDLE	['嗯？不行，不能这样荒废时间。']	[2000]
6104	1261003		10	IDLE	['唔……']	[2000]
6105	1261003		30	IDLE	['好疲倦……']	[2000]
6106	1261003		30	IDLE	['……是新的工作吗？']	[2000]
6107	1261003		30	IDLE	['这本空中花园司法文件选要看完了……']	[2000]
6108	1261003		30	IDLE	['安静的时光……']	[2000]
6109	1261003		30	IDLE	['这项规则好像有些疏漏……']	[2000]
6110	1261003		50	IDLE	['……姐姐？']	[2000]
6111	1261003		50	IDLE	['……是新的工作吗？']	[2000]
6112	1261003		50	IDLE	['这本空中花园司法文件选要看完了……']	[2000]
6113	1261003		50	IDLE	['安静的时光……']	[2000]
6114	1261003		50	IDLE	['这项规则好像有些疏漏……']	[2000]
6115	1261003		80	IDLE	['愿今日的阳光也能拥抱你，指挥官。']	[2000]
6116	1261003		80	IDLE	['嗯……这份文件很复杂吗？那就交给我来吧。']	[2000]
6117	1261003		80	IDLE	['嗯？那孩子休眠了，拜托我帮她继续整理这边的内务。']	[2000]
6118	1261003		80	IDLE	['这边的氛围，确实要更加放松呢~']	[2000]
6119	1261003		100	IDLE	['愿今日的阳光也能拥抱你，指挥官。']	[2000]
6120	1261003		100	IDLE	['嗯……这份文件很复杂吗？那就交给我来吧。']	[2000]
6121	1261003		100	IDLE	['嗯？那孩子休眠了，拜托我帮她继续整理这边的内务。']	[2000]
6122	1261003		100	IDLE	['这边的氛围，确实要更加放松呢~']	[2000]
6123	1261003		100	IDLE	['唔……啊！居然有些松懈了，不行，不可以这样……']	[2000]
6124	1261003		30	IDLE	['……']	[2000]
6125	1261003		30	IDLE	['姐姐……嗯？不，我并没有在说什么。']	[2000]
6126	1261003		30	IDLE	['那本法典还没有看完……']	[2000]
6127	1261003		30	IDLE	['有些头晕……']	[2000]
6128	1261003		30	IDLE	['嗯……']	[2000]
6129	1261003		50	IDLE	['嗯？有什么事情吗？']	[2000]
6130	1261003		50	IDLE	['这项规则说，不许在休息室内奔跑。']	[2000]
6131	1261003		50	IDLE	['散步时间到了?']	[2000]
6132	1261003		50	IDLE	['工作完成了吗？']	[2000]
6133	1261003		50	IDLE	['欸……']	[2000]
6134	1261003		80	IDLE	['下一场模拟审判庭是什么时间开始？']	[2000]
6135	1261003		80	IDLE	['风从缝隙处流向大海，就像是水在空气中寻找自然……']	[2000]
6136	1261003		80	IDLE	['这个味道……还不错?']	[2000]
6137	1261003		100	IDLE	['下一场模拟审判庭是什么时间开始？']	[2000]
6138	1261003		100	IDLE	['风从缝隙处流向大海，就像是水在空气中寻找自然……']	[2000]
6139	1261003		100	IDLE	['这个味道……还不错?']	[2000]
6140	1261003		100	IDLE	['指挥官？你要试试看用这种食物搭配这种吗？很好吃的。']	[2000]
6141	1261003		100	IDLE	['这本书对正义的阐述很深刻，要做一些笔记，嗯……']	[2000]
6142	1261003			IDLE	['这是……寝具？嗯……', '乌托邦好像没有这个样式的寝具……', '请问，指挥官，我可以试用一下吗？']	[2000, 2000, 2000]
6143	1261003			IDLE	['果然……比乌托邦的寝具更加柔软，好舒服……']	[2000]
6144	1261003			IDLE	['上次的法典放去哪里啊……啊，在沙发上！', '指挥官……要一起在沙发上读一下这本法典吗？', '里面有一些事例很有趣……']	[2000, 2000, 2000]
6145	1261003			IDLE	['……所以这条案例，就被应用于这里了……', '咦，指挥官，睡着了吗？']	[2000, 2000]
6146	1261003			IDLE	['这个柜子怎么这么高……空中花园居然没有规定柜子的高度吗？', '啊，指挥官？我是要拿那个……对，就是那个。', '呼，总算拿到了，我是想找一些参考……']	[2000, 2000, 2000]
6147	1261003			IDLE	['因为总是看到指挥官很忙碌，好像很少有休息的时间。', '所以，我准备向军部投稿一条议案。', '规定指挥官必须要休息足够的时间，才能继续工作……']	[2000, 2000, 2000]
6148	1261003			IDLE	['啊……指挥官是问昨晚为什么没有休眠吗？', '是因为昨晚做了噩梦，梦到了很久之前的事情。']	[2000, 2000]
6149	1261003			IDLE	['梦到了乌托邦，还梦到了一些其他的……', '唉。']	[2000, 2000]
6150	1261003			IDLE	['啊，指挥官，你来了啊。', '空中花园的终端，真的很有趣，里面有很多我没有见过的功能……']	[2000, 2000]
6151	1261003			IDLE	['像是这个，终端论坛，还有这些……', '原来还有这样的事情啊……真新鲜……']	[2000, 2000]
6152	1261003			IDLE	['你是问……姐姐？', '姐姐的事情，我也没有了解的非常详细。']	[2000, 2000]
6153	1261003			IDLE	['我只知道她来自空中花园，但还是前一段时间，才知道她的具体身份。', '也许，她是不想要在乎她的人知道她的消息吧……']	[2000, 2000]
6154	1261003			IDLE	['为什么要给自己起名字叫做回音吗？', '其实，这个机体原本没有名字。', '我想，大概是因为皮克曼医生从没想过这个机体会有更新的时候。']	[2000, 2000, 2000]
6155	1261003			IDLE	['在我逃走之后，为了脱离亚里莎的名字……', '我就给自己起了名字叫做回音。', '因为塞西莉姐姐经常说，正义的回音，总会在大地上回响……']	[2000, 2000, 2000]
6156	1261003			IDLE	['嗯？指挥官？是我的衣服沾上灰尘了吗？', '欸……原来在这里，难怪我自己够不到那边。']	[2000, 2000]
6157	1261003			IDLE	['多谢了，指挥官，作为回礼……', '要和我一起去商业街逛逛吗？']	[2000, 2000]
6158	1261003		80	IDLE	['听说今晚有流星雨……', '晚上有时间吗，指挥官？', '我们可以在休息室的舷窗外观测星空……', '如果恰好能看到流星雨的话，就可以许下新的愿望了。']	[2000, 2000, 2000, 2000]
6159	1261003		80	IDLE	['……空中花园的生活，比想象中的要更好一些。', '是因为这里的规章秩序更合理吗？', '还是因为……指挥官在这里？']	[2000, 2000, 2000]
6160	1261003		100	IDLE	['指挥官？今天有空闲吗？', '我写了一些新的诗句，想要念给你听一下……', '啊，不，不会发表，我只是……想单独念给你听而已。']	[2000, 2000, 2000]
6161	1261003		100	IDLE	['你是……困了吧？怎么看起来那么疲倦的样子？', '嗯……要在这里稍微休息一下吗？现在已经到休息时间了。', '……你不想休息？想要做完这份文件？', '让我看看……', '我来帮你做吧，这份文件我也了解过一点，你就好好休息吧。']	[2000, 2000, 2000, 2000, 2000]
6162	1261003		100	IDLE	['指挥官赠送过很多礼物给我，我想了很久，也不清楚应该回送什么。', '这是我攒了很久买下的礼物，我在商店挑选了很久。', '希望……希望你能喜欢它。']	[2000, 2000, 2000]
6163	1261003		100	IDLE	['指挥官赠送过很多礼物给我，我想了很久，也不清楚应该回送什么。', '这是我攒了很久买下的礼物，我在商店挑选了很久。', '希望……希望你能喜欢它。']	[2000, 2000, 2000]
6201	1271003		10	IDLE	['好累……']	[2000]
6202	1271003		10	IDLE	['什么时候才能下班呢……']	[2000]
6203	1271003		10	IDLE	['稍微偷个懒……会被发现吗？']	[2000]
6204	1271003		10	IDLE	['感觉要……脱水……了……']	[2000]
6205	1271003		30	IDLE	['这里……不适合我……']	[2000]
6206	1271003		30	IDLE	['工作？别来找我别来找我……']	[2000]
6207	1271003		30	IDLE	['终于可以休息一下了……']	[2000]
6208	1271003		30	IDLE	['麻烦的家伙都不在……太好了……']	[2000]
6209	1271003		30	IDLE	['别、别那样盯着我……']	[2000]
6210	1271003		50	IDLE	['为、为什么会发现我在这里？']	[2000]
6211	1271003		50	IDLE	['工作？别来找我别来找我……']	[2000]
6212	1271003		50	IDLE	['终于可以休息一下了……']	[2000]
6213	1271003		50	IDLE	['麻烦的家伙都不在……太好了……']	[2000]
6214	1271003		50	IDLE	['别、别那样盯着我……']	[2000]
6215	1271003		80	IDLE	['你在这里……呼……稍微能安心一点了。']	[2000]
6216	1271003		80	IDLE	['咻~咻咻咻——啊！？我什么也没做……！']	[2000]
6217	1271003		80	IDLE	['我现在心情很好……看不出来吗……诶嘿、嘿……这样……呢？']	[2000]
6218	1271003		80	IDLE	['一起偷懒吧。']	[2000]
6219	1271003		100	IDLE	['你在这里……呼……稍微能安心一点了。']	[2000]
6220	1271003		100	IDLE	['咻~咻咻咻——啊！？我什么也没做……！']	[2000]
6221	1271003		100	IDLE	['我现在心情很好……看不出来吗……诶嘿、嘿……这样……呢？']	[2000]
6222	1271003		100	IDLE	['一起偷懒吧。']	[2000]
6223	1271003		100	IDLE	['嗯……这样就行。']	[2000]
6224	1271003		30	IDLE	['有谁在……唔……错觉吗？']	[2000]
6225	1271003		30	IDLE	['噫……']	[2000]
6226	1271003		30	IDLE	['哈……困死了……']	[2000]
6227	1271003		30	IDLE	['这里能作为逃跑路线……不，我没在干什么……']	[2000]
6228	1271003		30	IDLE	['我能……做到什么呢？']	[2000]
6229	1271003		50	IDLE	['好想游泳……']	[2000]
6230	1271003		50	IDLE	['这里能不能加装一个水缸……？']	[2000]
6231	1271003		50	IDLE	['阿尔法小姐和露娜小姐……现在在哪儿呢……？']	[2000]
6232	1271003		50	IDLE	['呃……罗兰……别把他和我放到一起……']	[2000]
6233	1271003		50	IDLE	['有点……适应这里了。']	[2000]
6234	1271003		80	IDLE	['在这里不需要伪装……嗯，不需要。']	[2000]
6235	1271003		80	IDLE	['九十八……九十九……一百……今天的运动量完成了。']	[2000]
6236	1271003		80	IDLE	['明天的工作？留给明天的我想吧。']	[2000]
6237	1271003		100	IDLE	['在这里不需要伪装……嗯，不需要。']	[2000]
6238	1271003		100	IDLE	['九十八……九十九……一百……今天的运动量完成了。']	[2000]
6239	1271003		100	IDLE	['明天的工作？留给明天的我想吧。']	[2000]
6240	1271003		100	IDLE	['放在冰箱里的蛋糕去哪了？不……我完全不知道是怎么回事……']	[2000]
6241	1271003		100	IDLE	['你要走了吗……记得回来。']	[2000]
6242	1271003			IDLE	['这是……你的床吗？', '我睡觉很认床的，睡你的床要是失眠了怎么办？']	[2000, 2000]
6243	1271003			IDLE	['Zzz……不要……不要在这个点叫我……']	[2000]
6244	1271003			IDLE	['哈啊啊……好累啊……', '这是什么……躺一下……']	[2000, 2000]
6245	1271003			IDLE	['呜……我会给你留位置的啦……']	[2000]
6246	1271003			IDLE	['嘿嘿嘿……', '我我我我没有在藏东西……！']	[2000, 2000]
6247	1271003			IDLE	['好啦……给你看看就行了吧？', '你要保证……不能跟别人说哦……？']	[2000, 2000]
6248	1271003			IDLE	['要我和你一起出去逛逛……？', '用原本的姿态吗……']	[2000, 2000]
6249	1271003			IDLE	['可是……不过……好吧。']	[2000]
6250	1271003			IDLE	['训练……？', '我不擅长这种事，你去找别人吧……']	[2000, 2000]
6251	1271003			IDLE	['慢、慢着……还是带我一起吧……', '只是参观……看别人训练也算是训练了不是吗？']	[2000, 2000]
6252	1271003			IDLE	['要把这里改造得更舒适点吗？', '把床垫换成丝绸……沙发换成真皮……想想就很……']	[2000, 2000]
6253	1271003			IDLE	['……想想就觉得很麻烦，还是算了。']	[2000]
6254	1271003			IDLE	['你……你看上去气色好像不太好……？', '发生什么了？呃……你要跟我说说吗？', '要不我端杯水给你吧？或者牛奶？热巧克力！？']	[2000, 2000, 2000]
6255	1271003			IDLE	['没事……？真的吗？', '呼……担心死我了。']	[2000, 2000]
6256	1271003			IDLE	['你还在在意那条尾巴吗……？', '我都说了不行了……']	[2000, 2000]
6257	1271003			IDLE	['可现在我也变不出尾巴来……', '等下次吧……下次一定……我保证就是了……']	[2000, 2000]
6258	1271003		80	IDLE	['咖啡……到底好喝在哪里呢？', '又苦又涩……跟药一样……', '呸呸……果然还是习惯不了……', '你帮我拿了砂糖和牛奶？', '谢谢……']	[2000, 2000, 2000, 2000, 2000]
6259	1271003		80	IDLE	['竟然能发现我躲在这里……', '我的伪装在你眼里已经不起作用了吗……？', '可恶，得继续磨练到你看不出来为止……', '不过……真的有那个必要吗？']	[2000, 2000, 2000, 2000]
6260	1271003		100	IDLE	['别……别看这个——', '唔……只是一个算数本，没什么大不了的。', '别翻开！不要擅自开始拿红笔打分——！', '基本都做对了……？', '嘿嘿……是吗……']	[2000, 2000, 2000, 2000, 2000]
6261	1271003		100	IDLE	['我知道自己很弱。', '不过，比起作为人类的你来说，我还算是有战斗力的。', '所以……', '如果你实在找不到别的依靠……', '那就、那就让我来保护你吧……！']	[2000, 2000, 2000, 2000, 2000]
6262	1271003		100	IDLE	['这些……你拿走吧。', '就当是让我留在这里的回礼……', '不过，只是一些微不足道的东西，我也没指望你会喜欢……', '不……其实还是有点指望的，不过……', '没什么，你喜欢就好。']	[2000, 2000, 2000, 2000, 2000]
6263	1271003		100	IDLE	['这些……你拿走吧。', '就当是让我留在这里的回礼……', '不过，只是一些微不足道的东西，我也没指望你会喜欢……', '不……其实还是有点指望的，不过……', '没什么，你喜欢就好。']	[2000, 2000, 2000, 2000, 2000]
6301	1281002		10	IDLE	['……']	[2000]
6302	1281002		10	IDLE	['？']	[2000]
6303	1281002		10	IDLE	['哦。']	[2000]
6304	1281002		10	IDLE	['嗯……']	[2000]
6305	1281002		30	IDLE	['那是……']	[2000]
6306	1281002		30	IDLE	['嗯？']	[2000]
6307	1281002		30	IDLE	['要做什么？']	[2000]
6308	1281002		30	IDLE	['这样，也不错。']	[2000]
6309	1281002		30	IDLE	['保持安静。']	[2000]
6310	1281002		50	IDLE	['这间房间……嗯……']	[2000]
6311	1281002		50	IDLE	['要做什么？']	[2000]
6312	1281002		50	IDLE	['这样，也不错。']	[2000]
6313	1281002		50	IDLE	['保持安静。']	[2000]
6314	1281002		50	IDLE	['这间房间……嗯……']	[2000]
6315	1281002		80	IDLE	['她，随时可能出现。']	[2000]
6316	1281002		80	IDLE	['这里，很舒适。']	[2000]
6317	1281002		80	IDLE	['我只是，站着，并没有在想什么。']	[2000]
6318	1281002		80	IDLE	['别人对我的看法？无所谓。']	[2000]
6319	1281002		100	IDLE	['她，随时可能出现。']	[2000]
6320	1281002		100	IDLE	['这里，很舒适。']	[2000]
6321	1281002		100	IDLE	['我只是，站着，并没有在想什么。']	[2000]
6322	1281002		100	IDLE	['别人对我的看法？无所谓。']	[2000]
6323	1281002		100	IDLE	['呼唤我的名字吧。']	[2000]
6324	1281002		30	IDLE	['……']	[2000]
6325	1281002		30	IDLE	['什么？']	[2000]
6326	1281002		30	IDLE	['不用在意……']	[2000]
6327	1281002		30	IDLE	['战斗……']	[2000]
6328	1281002		30	IDLE	['有些……无趣……']	[2000]
6329	1281002		50	IDLE	['需要帮助吗？']	[2000]
6330	1281002		50	IDLE	['活动身体。']	[2000]
6331	1281002		50	IDLE	['这里，比想象中要大。']	[2000]
6332	1281002		50	IDLE	['前面……有什么……']	[2000]
6333	1281002		50	IDLE	['正在前往目标区域。']	[2000]
6334	1281002		80	IDLE	['这样……然后……']	[2000]
6335	1281002		80	IDLE	['有很多从未见过的东西……']	[2000]
6336	1281002		80	IDLE	['要提防她的突然袭击……']	[2000]
6337	1281002		100	IDLE	['这样……然后……']	[2000]
6338	1281002		100	IDLE	['有很多从未见过的东西……']	[2000]
6339	1281002		100	IDLE	['要提防她的突然袭击……']	[2000]
6340	1281002		100	IDLE	['熟悉的气息……指挥官，发现你了……']	[2000]
6341	1281002		100	IDLE	['想一起走？可以。']	[2000]
6342	1281002			IDLE	['……']	[2000]
6343	1281002			IDLE	['这里，可以用来休息。']	[2000]
6344	1281002			IDLE	['……']	[2000]
6345	1281002			IDLE	['特别的款式。']	[2000]
6346	1281002			IDLE	['有危险的气息。']	[2000]
6347	1281002			IDLE	['错觉吗……']	[2000]
6348	1281002			IDLE	['房间的温度？', '嗯……']	[2000, 2000]
6349	1281002			IDLE	['可以。']	[2000]
6350	1281002			IDLE	['这个空间，我还未完全熟悉。', '但已经掌握，射击的最佳位置……']	[2000, 2000]
6351	1281002			IDLE	['在这里战斗，我不会输。']	[2000]
6352	1281002			IDLE	['武器的火力，想要测试。', '请不要在房间里开火……']	[2000, 2000]
6353	1281002			IDLE	['我会记住的。']	[2000]
6354	1281002			IDLE	['又见面了？', '嗯。']	[2000, 2000]
6355	1281002			IDLE	['又见面了。']	[2000]
6356	1281002			IDLE	['……']	[2000]
6357	1281002			IDLE	['原来，是这种感觉。']	[2000]
6358	1281002		80	IDLE	['作为指挥官，要熟悉身边的每一位队员。', '这样才能最大程度发挥所有人的优势。', '你需要熟悉我。', '而我也需要熟悉你。']	[2000, 2000, 2000, 2000]
6359	1281002		80	IDLE	['左眼的蓝色火焰？', '必要时，它会出现。', '现在想要看？', '嗯……']	[2000, 2000, 2000, 2000]
6360	1281002		100	IDLE	['我并不清楚，该怎样向你解释她的事情。', '我与她之间的战斗，从未停止。', '如果她出现在这里，这间房间，应该会被战斗的余波摧毁。', '我会尽力，不让这样的事情发生。']	[2000, 2000, 2000, 2000]
6361	1281002		100	IDLE	['喜欢和我说话？', '我并不擅长聊天。', '就算这样，也很喜欢？', '尽管并不理解……', '但需要的话，可以来找我。']	[2000, 2000, 2000, 2000, 2000]
6362	1281002		100	IDLE	['这个，给你。']	[2000]
6363	1281002		100	IDLE	['这个，给你。']	[2000]
6401	1081004		10	IDLE	['嗯……有点累了。']	[2000]
6402	1081004		10	IDLE	['这儿的装修是你们喜欢的风格吗？']	[2000]
6403	1081004		10	IDLE	['陈设倒是和营地里的都不一样……']	[2000]
6404	1081004		10	IDLE	['这里的杂物堆得太凌乱了。']	[2000]
6405	1081004		30	IDLE	['绿洲的人们现在怎样了呢。']	[2000]
6406	1081004		30	IDLE	['你回来了啊，坐下吧。']	[2000]
6407	1081004		30	IDLE	['唔，虽然这本资料已经算是总结得不错，但仍有疏漏。']	[2000]
6408	1081004		30	IDLE	['看你一脸心事重重的样子，要不要跟我说说？']	[2000]
6409	1081004		30	IDLE	['这难得的空暇时间……我不讨厌。']	[2000]
6410	1081004		50	IDLE	['房间的物品我都帮你整理好了。']	[2000]
6411	1081004		50	IDLE	['你回来了啊，坐下吧。']	[2000]
6412	1081004		50	IDLE	['唔，虽然这本资料已经算是总结得不错，但仍有疏漏。']	[2000]
6413	1081004		50	IDLE	['看你一脸心事重重的样子，要不要跟我说说？']	[2000]
6414	1081004		50	IDLE	['这难得的空暇时间……我不讨厌。']	[2000]
6415	1081004		80	IDLE	['门没锁，你直接进来吧。']	[2000]
6416	1081004		80	IDLE	['虽然这里的生活很平静，但是也不要因此放松对自己的锻炼。']	[2000]
6417	1081004		80	IDLE	['我给你沏杯茶，今天想喝什么味道的？']	[2000]
6418	1081004		80	IDLE	['不知不觉也已经习惯这里的生活节奏了。']	[2000]
6419	1081004		100	IDLE	['门没锁，你直接进来吧。']	[2000]
6420	1081004		100	IDLE	['虽然这里的生活很平静，但是也不要因此放松对自己的锻炼。']	[2000]
6421	1081004		100	IDLE	['我给你沏杯茶，今天想喝什么味道的？']	[2000]
6422	1081004		100	IDLE	['不知不觉也已经习惯这里的生活节奏了。']	[2000]
6423	1081004		100	IDLE	['小心，那把水果刀有点锐利，还是交给我吧。']	[2000]
6424	1081004		30	IDLE	['我要去找点事情做做。']	[2000]
6425	1081004		30	IDLE	['总感觉静不下心来……']	[2000]
6426	1081004		30	IDLE	['我的厨具套装放哪去了？']	[2000]
6427	1081004		30	IDLE	['我不在的时候，地面上可别出什么乱子。']	[2000]
6428	1081004		30	IDLE	['不活动一下，机体就会僵硬。']	[2000]
6429	1081004		50	IDLE	['这个战术……很有参考价值。']	[2000]
6430	1081004		50	IDLE	['无论在哪里，都不能松懈锻炼。']	[2000]
6431	1081004		50	IDLE	['好，去外面逛逛吧。']	[2000]
6432	1081004		50	IDLE	['外面怎么那么吵，是七实她们又在折腾吗？']	[2000]
6433	1081004		50	IDLE	['这里的墙板，看上去可以改装一下。']	[2000]
6434	1081004		80	IDLE	['今天的训练计划也已经顺利完成。']	[2000]
6435	1081004		80	IDLE	['下次，你也可以到绿洲常住一段时间。']	[2000]
6436	1081004		80	IDLE	['这个房间的装修是你设计的？……嗯，很整洁。']	[2000]
6437	1081004		100	IDLE	['今天的训练计划也已经顺利完成。']	[2000]
6438	1081004		100	IDLE	['下次，你也可以到绿洲常住一段时间。']	[2000]
6439	1081004		100	IDLE	['这个房间的装修是你设计的？……嗯，很整洁。']	[2000]
6440	1081004		100	IDLE	['在这里的日子让我想起以前在军队宿舍的生活。']	[2000]
6441	1081004		100	IDLE	['要是你感兴趣的话，我可以教你吹口琴。']	[2000]
6442	1081004			IDLE	['休息的时间到了。', '熬夜可不是好习惯，你最好也按时就寝。']	[2000, 2000]
6443	1081004			IDLE	['别忘了调闹钟，明天按时起床。']	[2000]
6444	1081004			IDLE	['有什么事想跟我商量吗？', '不用急，坐下来慢慢谈吧，时间还有很多。']	[2000, 2000]
6445	1081004			IDLE	['嗯……我理解你说的情况了。', '那么接下来我们再慢慢梳理一下解决方案吧。']	[2000, 2000]
6446	1081004			IDLE	['柜子里的东西堆得太乱了，我帮你整理了一下。', '你过来看一下，有哪些东西是不需要的。']	[2000, 2000]
6447	1081004			IDLE	['全部东西都很重要？要用的时候就能用上了？', '好吧，那就都帮你放着了。']	[2000, 2000]
6448	1081004			IDLE	['这个一直在桌子上闪的是什么东西？', '操作终端？还有这种样式的吗？']	[2000, 2000]
6449	1081004			IDLE	['哦，原来这样操作还可以播放音乐啊……', '科技的发展还真快。']	[2000, 2000]
6450	1081004			IDLE	['哦，你来得正好，我正在找一个人当我的练习对手。', '练习什么？都可以，我只是不想在这里呆到手生而已。']	[2000, 2000]
6451	1081004			IDLE	['那不如我们来重温匕首的使用方法？', '既然你都这么说了，那我可要认真了。']	[2000, 2000]
6452	1081004			IDLE	['你今天一整天都在外面忙活，还没休息过吧？', '不用解释了，我已经猜到你会说什么理由，现在先坐下来歇一会。']	[2000, 2000]
6453	1081004			IDLE	"[""有句俗语'欲速则不达'，指的就是这种情况。"", '越是想做好某一件事，就越是不能操之过急。']"	[2000, 2000]
6454	1081004			IDLE	['无论有多忙，都不能忘记适当休息。', '这只眼睛？不，它并没有任何问题。']	[2000, 2000]
6455	1081004			IDLE	['戴上眼罩只是因为出于我个人的心情原因……', '保留这只蓝色义眼可能是因为，我不想再失去任何熟悉的东西了吧。']	[2000, 2000]
6456	1081004			IDLE	['……？你为什么会想摸我的头？', '你这是在捉弄我吗？', '唔……如果无论如何都要摸，那就摸吧……']	[2000, 2000, 2000]
6457	1081004			IDLE	['这样就行了吧？', '虽然不太明白，但是你高兴就好……']	[2000, 2000]
6458	1081004		80	IDLE	['这个东西？它叫做口琴，应该你们都没见过吧。', '只要往这里这样吹气……看，就能发出声音。', '嗯？你也想试试？', '等等……我，我下次再给你带一个新的……']	[2000, 2000, 2000, 2000]
6459	1081004		80	IDLE	['过去发生的事，需要有人记得。', '如果遗忘了以前发生过的悲剧，总有一天还会将这些悲剧重演。', '以前只有我一个人来完成这件事，但是……', '现在，还有你值得托付。']	[2000, 2000, 2000, 2000]
6460	1081004		100	IDLE	['小心，放在那边的是我以前用过的双刃。', '觉得有点怀念？', '……我也是，每次看到它的时候，都会想起以前的事。']	[2000, 2000, 2000]
6461	1081004		100	IDLE	['抱歉，没看到你进来，我在看这本黄金时期出版的科幻小说。', '年代已经相当久远了，里面很多描述的设定现在看来都很老套。', '但是我还是会一次一次地读这本书，因为从中我可以体会到人类的想象力。', '正是因为有想象力，人类的文明才会一直向前发展。', '看来你很感兴趣，这本书也借给你读吧。']	[2000, 2000, 2000, 2000, 2000]
6462	1081004		100	IDLE	['来得正好，拿着。', '算是为了答谢你这段时间以来的照顾，我挑了这个礼物。', '……咳，等等，这个你还是回去再打开吧。']	[2000, 2000, 2000]
6463	1081004		100	IDLE	['来得正好，拿着。', '算是为了答谢你这段时间以来的照顾，我挑了这个礼物。', '……咳，等等，这个你还是回去再打开吧。']	[2000, 2000, 2000]
6501	1521004		10	IDLE	['慎独。']	[2000]
6502	1521004		10	IDLE	['一定有比在这里发呆更重要的事。']	[2000]
6503	1521004		10	IDLE	['擅自来这里……你经过我的允许了吗？']	[2000]
6504	1521004		10	IDLE	['有要请示我的事情吗？']	[2000]
6505	1521004		30	IDLE	['站在那里做什么？过来。']	[2000]
6506	1521004		30	IDLE	['又见面了，有什么新的想法吗？']	[2000]
6507	1521004		30	IDLE	['还好，只是不无聊而已。']	[2000]
6508	1521004		30	IDLE	['任务都完成了，来检查一下。']	[2000]
6509	1521004		30	IDLE	['在这里冥想也不错。']	[2000]
6510	1521004		50	IDLE	['没什么，我在看书。']	[2000]
6511	1521004		50	IDLE	['又见面了，有什么新的想法吗？']	[2000]
6512	1521004		50	IDLE	['还好，只是不无聊而已。']	[2000]
6513	1521004		50	IDLE	['任务都完成了，来检查一下。']	[2000]
6514	1521004		50	IDLE	['在这里冥想也不错。']	[2000]
6515	1521004		80	IDLE	['凑近些，让我也听一听。']	[2000]
6516	1521004		80	IDLE	['不必担心，我会留在这里，我答应你。']	[2000]
6517	1521004		80	IDLE	['这是崭新的我……但于你而言，永远是旧识。']	[2000]
6518	1521004		80	IDLE	['在你身上，我能看到独属于人类的光芒。']	[2000]
6519	1521004		100	IDLE	['凑近些，让我也听一听。']	[2000]
6520	1521004		100	IDLE	['不必担心，我会留在这里，我答应你。']	[2000]
6521	1521004		100	IDLE	['这是崭新的我……但于你而言，永远是旧识。']	[2000]
6522	1521004		100	IDLE	['在你身上，我能看到独属于人类的光芒。']	[2000]
6523	1521004		100	IDLE	['你来得正好，我一直在等你。']	[2000]
6524	1521004		30	IDLE	['着实无趣。']	[2000]
6525	1521004		30	IDLE	['你喜欢这种装潢吗？']	[2000]
6526	1521004		30	IDLE	['去四处走走。']	[2000]
6527	1521004		30	IDLE	['孤独？也许吧。']	[2000]
6528	1521004		30	IDLE	['今天你身上有什么变化？看不出来。']	[2000]
6529	1521004		50	IDLE	['有考虑过在这里加一点装饰吗？']	[2000]
6530	1521004		50	IDLE	['……']	[2000]
6531	1521004		50	IDLE	['我并不厌倦这里。']	[2000]
6532	1521004		50	IDLE	['你喜欢九龙吗？']	[2000]
6533	1521004		50	IDLE	['那么，这些事情就交给你了。']	[2000]
6534	1521004		80	IDLE	['很不错的品味。']	[2000]
6535	1521004		80	IDLE	['今天收到了新的礼物，我去拿给你看看。']	[2000]
6536	1521004		80	IDLE	['再往前走就越界了……但我认为你一定会冒这个险。']	[2000]
6537	1521004		100	IDLE	['很不错的品味。']	[2000]
6538	1521004		100	IDLE	['今天收到了新的礼物，我去拿给你看看。']	[2000]
6539	1521004		100	IDLE	['再往前走就越界了……但我认为你一定会冒这个险。']	[2000]
6540	1521004		100	IDLE	['世上有许多趣事，但目前最有趣的事情是在这个房间里探索。']	[2000]
6541	1521004		100	IDLE	['向前走吧，前面有更多重要的事情。']	[2000]
6542	1521004			IDLE	['空气中充满了让人松懈的气息。', '……我想这份松懈感的来源是那张床。']	[2000, 2000]
6543	1521004			IDLE	['很柔软的床榻，我认可它的设计。', '如果有事情要处理，就尽快叫醒我。']	[2000, 2000]
6544	1521004			IDLE	['你有重要的事要与我商谈？', '去沙发上坐着说吧，我会认真听的。']	[2000, 2000]
6545	1521004			IDLE	['你的请求，我批准了。', '要我亲自帮忙？也不是不能考虑。']	[2000, 2000]
6546	1521004			IDLE	['柜子里乱糟糟的？', '我看看，有丢东西吗？']	[2000, 2000]
6547	1521004			IDLE	['只是有点乱，我再找人整理一下就……', '算了，东西太多了，还是再打一只柜子吧。']	[2000, 2000]
6548	1521004			IDLE	['美观、实用……嗯，陈设审美还算可以。', '在那个位置放一只鱼缸吧。']	[2000, 2000]
6549	1521004			IDLE	['开窗的位置也有讲究。', '总体看来……还需要添置一些东西。']	[2000, 2000]
6550	1521004			IDLE	['我让人送来了一些纸质书籍。', '小心翻阅，这些纸张都很脆弱了。']	[2000, 2000]
6551	1521004			IDLE	['如果你喜欢，我这里还有成套的书。', '你忙完事情之后，可以来这里看。']	[2000, 2000]
6552	1521004			IDLE	['打扫房间这种事，我没什么经验。', '为什么露出那种惊讶的表情？']	[2000, 2000]
6553	1521004			IDLE	['我没有毁坏房间里的东西。', '你问那个摆件？', '不是我干的……应该吧。']	[2000, 2000, 2000]
6554	1521004			IDLE	['你每天都要来这里看一眼吗？', '不，我不介意。']	[2000, 2000]
6555	1521004			IDLE	['甚至已经习惯了。', '你多待一会，或者留下来聊聊天也可以。']	[2000, 2000]
6556	1521004			IDLE	['这么随意触碰我的头发……', '你有信心将它打理成令我满意的模样吗？']	[2000, 2000]
6557	1521004			IDLE	['手艺不错。', '把另一边的头发也编成这样吧。']	[2000, 2000]
6558	1521004		80	IDLE	['我见证了无数人往来穿梭。', '而如今我的目光，总是不经意停留在你身上。', '这也是一种令人安心的羁绊吧。']	[2000, 2000, 2000]
6559	1521004		80	IDLE	['责任、风险……这是我一直背负在身上的东西。', '沉重吗？', '唯独面对你，我可以暂时卸下它们。']	[2000, 2000, 2000]
6560	1521004		100	IDLE	['站在这里，可以清晰看到远方的星星。', '也许有一颗正为你而闪耀。', '我也一样，不管你什么时候回头，都会看到等在这里的我。', '这是属于你我的契约，千万年都不要忘记。']	[2000, 2000, 2000, 2000]
6561	1521004		100	IDLE	['自我情感，在宏大的事业前总是不值一提。', '但你试图传递给我的每一份感情……呵，都很好理解。', '也许是因为你的真挚，也许你就是世界上最特殊的存在。', '无论如何，通过你，我得以与世界重建联系。']	[2000, 2000, 2000, 2000]
6562	1521004		100	IDLE	['这是我的珍藏，看你很喜欢它的样子。', '接着吧，送给你了。', '它代表我对你的认可。', '只有你能承接住这份认可的价值。']	[2000, 2000, 2000, 2000]
6563	1521004		100	IDLE	['这是我的珍藏，看你很喜欢它的样子。', '接着吧，送给你了。', '它代表我对你的认可。', '只有你能承接住这份认可的价值。']	[2000, 2000, 2000, 2000]
6601	1291002		10	IDLE	['……唔。']	[2000]
6602	1291002		10	IDLE	['我只是来做例行数据调试……']	[2000]
6603	1291002		10	IDLE	['……没别的事的话，可以站在那边吗？']	[2000]
6604	1291002		10	IDLE	['嘘，安静点。']	[2000]
6605	1291002		30	IDLE	['有点困了，别找我……']	[2000]
6606	1291002		30	IDLE	['又见面了，有什么新的想法吗？']	[2000]
6607	1291002		30	IDLE	['……不要在休息时间找我看这种东西。']	[2000]
6608	1291002		30	IDLE	['玩会儿游戏好了……']	[2000]
6609	1291002		30	IDLE	['……有樱桃味道的电解液吗？']	[2000]
6610	1291002		50	IDLE	['……啊，不喜欢战斗任务。']	[2000]
6611	1291002		50	IDLE	['希望工程部队那群笨蛋没惹出什么麻烦。']	[2000]
6612	1291002		50	IDLE	['玩会儿游戏好了……']	[2000]
6613	1291002		50	IDLE	['……有樱桃味道的电解液吗？']	[2000]
6614	1291002		50	IDLE	['……啊，不喜欢战斗任务。']	[2000]
6615	1291002		80	IDLE	['……你搞不定了？什么东西？给我看看……我来吧。']	[2000]
6616	1291002		80	IDLE	['要尝一块吗，新鲜的曲奇……不，并不是我烤的。']	[2000]
6617	1291002		80	IDLE	['我分享给你一首新曲子的链接，要记得听喔~里面有·惊·喜·呢。']	[2000]
6618	1291002		80	IDLE	['开瓶电解质饮料吧，就当做是……庆祝又度过了美好的一天。']	[2000]
6619	1291002		100	IDLE	['……你搞不定了？什么东西？给我看看……我来吧。']	[2000]
6620	1291002		100	IDLE	['要尝一块吗，新鲜的曲奇……不，并不是我烤的。']	[2000]
6621	1291002		100	IDLE	['我分享给你一首新曲子的链接，要记得听喔~里面有·惊·喜·呢。']	[2000]
6622	1291002		100	IDLE	['开瓶电解质饮料吧，就当做是……庆祝又度过了美好的一天。']	[2000]
6623	1291002		100	IDLE	['嗯哼？你的工作终端在宿舍被屏蔽了？欸，这不是通用宿舍设定吗？']	[2000]
6624	1291002		30	IDLE	['稍等，先别打断我的思路。']	[2000]
6625	1291002		30	IDLE	['麻烦，就不能远程解决吗……']	[2000]
6626	1291002		30	IDLE	['真是不喜欢工作……']	[2000]
6627	1291002		30	IDLE	['好麻烦……']	[2000]
6628	1291002		30	IDLE	['有点累了。']	[2000]
6629	1291002		50	IDLE	['……不要在休息时间找我看这种东西。']	[2000]
6630	1291002		50	IDLE	['玩会儿游戏好了……']	[2000]
6631	1291002		50	IDLE	['……有樱桃味道的电解液吗？']	[2000]
6632	1291002		50	IDLE	['……啊，不喜欢战斗任务。']	[2000]
6633	1291002		50	IDLE	['希望工程部队那群笨蛋没惹出什么麻烦。']	[2000]
6634	1291002		80	IDLE	['要帮你改造一下终端吗？我可以帮你设置私人订制专用安全锁喔。']	[2000]
6635	1291002		80	IDLE	['卡列尼娜设计的新推进器样式？我看看……']	[2000]
6636	1291002		80	IDLE	['指挥官，你在做什么？']	[2000]
6637	1291002		100	IDLE	['要帮你改造一下终端吗？我可以帮你设置私人订制专用安全锁喔。']	[2000]
6638	1291002		100	IDLE	['卡列尼娜设计的新推进器样式？我看看……']	[2000]
6639	1291002		100	IDLE	['指挥官，你在做什么？']	[2000]
6640	1291002		100	IDLE	['墙上贴的的宵禁守则？那种东西，我可不知道在哪里。']	[2000]
6641	1291002		100	IDLE	['……休息时间到了，静音模式开启。']	[2000]
6642	1291002			IDLE	['呼……想要毯子……最好还要有个大大的鹅毛枕头。', '嗯？真的有吗？']	[2000, 2000]
6643	1291002			IDLE	['果然……还是软乎乎的……最舒服了……', '呼，在明天早上之前，都不要叫醒我……']	[2000, 2000]
6644	1291002			IDLE	['以前的老宅里，也有名叫沙发的家具。', '但只有大家靠在一起的时候，那里才足够温暖……']	[2000, 2000]
6645	1291002			IDLE	['……嗯，就是……这样。', '……']	[2000, 2000]
6646	1291002			IDLE	['慢吞吞的，这么久才过来——', '告诉你个好消息，你柜子里掉下来的东西被清扫机扫走了。']	[2000, 2000]
6647	1291002			IDLE	['……嗤，骗你的，我已经帮你收进柜子去了。', '我特地帮你加装了很·安全·的·锁，密码16位数，每30分钟更新一次……', '至于要怎么拿出来你的东西……', '诶，这可就是你要自己思考的问题了。']	[2000, 2000, 2000, 2000]
6648	1291002			IDLE	['指挥官，热水煮开了吗？', '你也想来一杯？那就帮我拿一下放在厨房的蜂蜜吧。']	[2000, 2000]
6649	1291002			IDLE	['……这次的茶沏得不错，甜度也恰到好处。', '指挥官，你觉得怎么样？']	[2000, 2000]
6650	1291002			IDLE	['私人歌单？给你看的话倒是不介意……', '……我基本不会特地挑选什么风格。']	[2000, 2000]
6651	1291002			IDLE	['古典音乐，朋克摇滚，电子合成乐，都是我喜欢的范围。', '我认为它们都是人类发展阶段里宝贵的艺术形式，无分高低。']	[2000, 2000]
6652	1291002			IDLE	['稍等一下，我处理完最后一段数据就来。', '——完工。']	[2000, 2000]
6653	1291002			IDLE	['你对这个很感兴趣吗？', '下次有机会的时候，让我来教~你~吧。']	[2000, 2000]
6654	1291002			IDLE	['……就算你这么贿赂我，我也不会去帮你看那坨毛线球的。', '最佳解决方式？当然有了。']	[2000, 2000]
6655	1291002			IDLE	['去找卡列尼娜，告诉她那边的机房出现了感染体——']	[2000]
6656	1291002			IDLE	['……喂，不要碰我的耳朵。', '逆元装置被碰到的话，可是要照价赔偿……很贵的。']	[2000, 2000]
6657	1291002			IDLE	['怎么，付不起账单上的价格吗？', '那么——就陪我去逛设备店作为补偿吧~']	[2000, 2000]
6658	1291002		80	IDLE	['考虑在这里加装一个新的机房吗？', '只是因为现在的网络太容易过载了。', '如果要常住在这里的话，可能支撑不住我的终端消耗……', '嗯？怎么，你不欢迎吗？']	[2000, 2000, 2000, 2000]
6659	1291002		80	IDLE	['……我并不喜欢寒冷的暴雨天。', '没有很具体的为什么，只是单纯的不喜欢。', '又冷又潮湿，唔……', '欸？为什么突然这样靠过来……', '……算了，这样也挺好的。']	[2000, 2000, 2000, 2000, 2000]
6660	1291002		100	IDLE	['这副机体……实际上做过一丁点升级。', '基于外形的升级，和功能无关。', '严格来讲，我还是更喜欢之前那副简洁一点的，但是……', '啊……你也更喜欢这副的外形吗？']	[2000, 2000, 2000, 2000]
6661	1291002		100	IDLE	['理想？我的理想就是让世界充满优美的代码。', '所有乱七八糟的注释和说明全部滚进另一个次元。', '别的吗？', '……大概就是开个终端维修店了吧。']	[2000, 2000, 2000, 2000]
6662	1291002		100	IDLE	['指挥官？有空闲吗？送你点东西……', '是时候给布朗尼加装一些新的功能了……', '你喜欢录像功能，还是喜欢别的什么……', '骗你的啦，喏，给你这个。', '就当是……给你的谢礼吧。']	[2000, 2000, 2000, 2000, 2000]
6663	1291002		100	IDLE	['指挥官？有空闲吗？送你点东西……', '是时候给布朗尼加装一些新的功能了……', '你喜欢录像功能，还是喜欢别的什么……', '骗你的啦，喏，给你这个。', '就当是……给你的谢礼吧。']	[2000, 2000, 2000, 2000, 2000]
6701	1171004		10	IDLE	['没有留在这里的必要性。']	[2000]
6702	1171004		10	IDLE	['又是这种……被束缚的感觉。']	[2000]
6703	1171004		10	IDLE	['不欢迎我吗，这令人厌倦的气息。']	[2000]
6704	1171004		10	IDLE	['真是够了。']	[2000]
6705	1171004		30	IDLE	['纷乱的噪音，总是挥之不去。']	[2000]
6706	1171004		30	IDLE	['好吧……既然姐姐选择了这里。']	[2000]
6707	1171004		30	IDLE	['这里，勉强及格。']	[2000]
6708	1171004		30	IDLE	['在思考的事？与你无关就是了。']	[2000]
6709	1171004		30	IDLE	['马马虎虎吧。']	[2000]
6710	1171004		50	IDLE	['别再追问……至少不是现在。']	[2000]
6711	1171004		50	IDLE	['好吧……既然姐姐选择了这里。']	[2000]
6712	1171004		50	IDLE	['这里，勉强及格。']	[2000]
6713	1171004		50	IDLE	['在思考的事？与你无关就是了。']	[2000]
6714	1171004		50	IDLE	['马马虎虎吧。']	[2000]
6715	1171004		80	IDLE	['把这里变得舒适，是为了让我放松警惕吗？']	[2000]
6716	1171004		80	IDLE	['站在那就可以，别靠得太近！……也别离太远。']	[2000]
6717	1171004		80	IDLE	['对待敌人这么友善……说吧，你想要什么？']	[2000]
6718	1171004		80	IDLE	['又放松下来了……是已经习惯这里了吗？']	[2000]
6719	1171004		100	IDLE	['把这里变得舒适，是为了让我放松警惕吗？']	[2000]
6720	1171004		100	IDLE	['站在那就可以，别靠得太近！……也别离太远。']	[2000]
6721	1171004		100	IDLE	['对待敌人这么友善……说吧，你想要什么？']	[2000]
6722	1171004		100	IDLE	['又放松下来了……是已经习惯这里了吗？']	[2000]
6723	1171004		100	IDLE	['我想起来小时候的事……不，没什么。']	[2000]
6724	1171004		30	IDLE	['不要擅自跟上来，人类。']	[2000]
6725	1171004		30	IDLE	['毫无新意啊。']	[2000]
6726	1171004		30	IDLE	['这些家具很努力呢……在使人叹气的意义上。']	[2000]
6727	1171004		30	IDLE	['离我远点。']	[2000]
6728	1171004		30	IDLE	['仅仅是身处这片空间就……我累了。']	[2000]
6729	1171004		50	IDLE	['不用在意我，做好你的事。']	[2000]
6730	1171004		50	IDLE	['稍微散散心吧。']	[2000]
6731	1171004		50	IDLE	['这个地方，还算有点考究。']	[2000]
6732	1171004		50	IDLE	['还有很大的进步空间。']	[2000]
6733	1171004		50	IDLE	['慢慢来吧，我愿意等。']	[2000]
6734	1171004		80	IDLE	['飘起来会撞到脑袋……']	[2000]
6735	1171004		80	IDLE	['总是费心布置些古怪的东西……我并不讨厌就是了。']	[2000]
6736	1171004		80	IDLE	['往前走走吧，说不定会看到什么惊喜。']	[2000]
6737	1171004		100	IDLE	['飘起来会撞到脑袋……']	[2000]
6738	1171004		100	IDLE	['总是费心布置些古怪的东西……我并不讨厌就是了。']	[2000]
6739	1171004		100	IDLE	['往前走走吧，说不定会看到什么惊喜。']	[2000]
6740	1171004		100	IDLE	['你打算，就这样看着我？']	[2000]
6741	1171004		100	IDLE	['这里偶尔也会让我心情不错，我是说偶尔。']	[2000]
6742	1171004			IDLE	['倦怠的氛围感……休眠的地方在哪？', '我自己会走！你别……算了。']	[2000, 2000]
6743	1171004			IDLE	['小夜灯…是给我的吗？你还是爱做多余的事。', '……不过，意外的温暖呢。']	[2000, 2000]
6744	1171004			IDLE	['懒散的遐思……', '偶尔也会期待这样的时间啊。']	[2000, 2000]
6745	1171004			IDLE	['柔软的触感，就这样陷进去吧。', '姐姐也能坐过来就好了。']	[2000, 2000]
6746	1171004			IDLE	['珍视的东西，得好好安置起来才行。']	[2000]
6747	1171004			IDLE	['阿呆蛙，相册集，给某人的礼物，某人给的礼物……', '你应该明白这个柜子的重要性，对吧？']	[2000, 2000]
6748	1171004			IDLE	['虽然我不是很同意，', '把物件胡乱堆叠称作布置宿舍，']	[2000, 2000]
6749	1171004			IDLE	['但看在你这么认真的份上……', '好吧，还不错。']	[2000, 2000]
6750	1171004			IDLE	['姐姐也会来这里吗……', '不要再用这个话题来诱导我开口了。']	[2000, 2000]
6751	1171004			IDLE	['所以，她什么时候会来？']	[2000]
6752	1171004			IDLE	['对彼此的看法？', '这么好奇的话，不妨你先说说看。']	[2000, 2000]
6753	1171004			IDLE	['心情好的话，我说不定就告诉你了，对吧？']	[2000]
6754	1171004			IDLE	['你带来了好消息？', '让我猜猜……']	[2000, 2000]
6755	1171004			IDLE	['你打算加入我的麾下了吗？']	[2000]
6756	1171004			IDLE	['突然怎么了？ 一脸要做些什么的样子……']	[2000]
6757	1171004			IDLE	['能不能摸我的头？你不是已经在摸了吗……', '下次这么做，要征得我的许可才行。', '……停下来的时候也是。']	[2000, 2000, 2000]
6758	1171004		80	IDLE	['让这个世界成为“乐园”，还有很长的路要走。', '但你和姐姐都在我身边……', '所以，这里会是个不错的起点。']	[2000, 2000, 2000]
6759	1171004		80	IDLE	['是否相信时光机？', '想要挽回什么，不如用力抓住当下所珍视之物……', '……喂，靠太近了。', '算了……我也没有赶你走的意思。']	[2000, 2000, 2000, 2000]
6760	1171004		100	IDLE	['你让我看到了人类的可能性。', '所以，你可要努力了，不可以松懈。', '我会一直关注你的。']	[2000, 2000, 2000]
6761	1171004		100	IDLE	['我对这股力量还不算很熟悉……', '如果控制不当，又没有应对手段，这里就危险了……', '所以，为了安全着想，', '你还是常回来看看……比较好。']	[2000, 2000, 2000, 2000]
6762	1171004		100	IDLE	['给你。', '没什么……让你对我放松警惕的必要举措。', '……还想更加“放松警惕”一点？', '喂，不许得寸进尺。']	[2000, 2000, 2000, 2000]
6763	1171004		100	IDLE	['给你。', '没什么……让你对我放松警惕的必要举措。', '……还想更加“放松警惕”一点？', '喂，不许得寸进尺。']	[2000, 2000, 2000, 2000]
6764	1001		2000	IDLE	['喵~']	[2000]
6765	1001		100	IDLE	['喵呜~']	[2000]
6766	1001		100	IDLE	['喵！']	[2000]
6767	1001		2000	SLEEP	['ZZZ']	[2000]
6768	1001		3000	PLAY_WITH_CHAR	['喵~']	[2000]
6769	1001		3000	PLAY_WITH_CHAR	['喵呜~']	[2000]
6770	1001		3000	PLAY_WITH_CHAR	['喵！']	[2000]
6771			1000	DORMXIAODOUNI	['小豆泥，在做什么呢？', '好乖好乖~', '看来今天也睡得很饱呢。']	[2000, 2000, 2000]
6772			1000	DORMXIAODOUNI	['这是……逗猫棒？', '小豆泥，是想跟我一起玩吗？', '嗯，那就玩一小会吧。']	[2000, 2000, 2000]
6773			1000	DORMXIAODOUNI	['小豆泥，我们一起去散步好吗？', '这么开心啊……', '看来你真的很喜欢散步呢。']	[2000, 2000, 2000]
6774			1000	DORMXIAODOUNI	['小豆泥，你怎么在这里？', '是困了吗？', '……原来只是饿了啊。']	[2000, 2000, 2000]
6801	1301002		10	IDLE	['旋棍拿去充能了。']	[2000]
6802	1301002		10	IDLE	['休整是为了更好地执行任务。']	[2000]
6803	1301002		10	IDLE	['检查一下关节。']	[2000]
6804	1301002		10	IDLE	['不能为美观而牺牲抗打击能力。']	[2000]
6805	1301002		30	IDLE	['挺漂亮，把改装台安置好就完美了。']	[2000]
6806	1301002		30	IDLE	['不是支援请求？没事，还有我能帮上忙的吗？']	[2000]
6807	1301002		30	IDLE	['真没办法，突然变成被关照的那一方了。']	[2000]
6808	1301002		30	IDLE	['嗯？我在自检，回避一下！']	[2000]
6809	1301002		30	IDLE	['涉水挂低档，沙地......啊，自言自语而已。']	[2000]
6810	1301002		50	IDLE	['休息的感觉......在这里、像这样就很好。']	[2000]
6811	1301002		50	IDLE	['真没办法，突然变成被关照的那一方了。']	[2000]
6812	1301002		50	IDLE	['嗯？我在自检，回避一下！']	[2000]
6813	1301002		50	IDLE	['涉水挂低档，沙地......啊，自言自语而已。']	[2000]
6814	1301002		50	IDLE	['休息的感觉......在这里、像这样就很好。']	[2000]
6815	1301002		80	IDLE	['你看，这是我的“昂扬心情”款墨镜！']	[2000]
6816	1301002		80	IDLE	['难得不用出外勤，我要在你这好好偷个懒。']	[2000]
6817	1301002		80	IDLE	['比起力道，部位也同样重要——是格斗的精髓哦。']	[2000]
6818	1301002		80	IDLE	['伸懒腰太豪放？那种事不用在意啦。']	[2000]
6819	1301002		100	IDLE	['你看，这是我的“昂扬心情”款墨镜！']	[2000]
6820	1301002		100	IDLE	['难得不用出外勤，我要在你这好好偷个懒。']	[2000]
6821	1301002		100	IDLE	['比起力道，部位也同样重要——是格斗的精髓哦。']	[2000]
6822	1301002		100	IDLE	['伸懒腰太豪放？那种事不用在意啦。']	[2000]
6823	1301002		100	IDLE	['就算有点凉也无所谓？好，把脑袋躺上来吧。']	[2000]
6824	1301002		30	IDLE	['一二三，齐步...唔，这里可不是新兵营。']	[2000]
6825	1301002		30	IDLE	['让一让，我要出动了。']	[2000]
6826	1301002		30	IDLE	['伸展运动，开始！']	[2000]
6827	1301002		30	IDLE	['我来看看冰箱......指挥官可没有馋嘴吧？']	[2000]
6828	1301002		30	IDLE	['比便携帐篷宽敞多了。']	[2000]
6829	1301002		50	IDLE	['乍看有些花哨，但摆件都挺实用。']	[2000]
6830	1301002		50	IDLE	['总觉得不够轻捷......你这该不会有电子秤吧？']	[2000]
6831	1301002		50	IDLE	['一跨步就忍不住想启动推进器。']	[2000]
6832	1301002		50	IDLE	['来罐能量饮料充充电，指挥官。']	[2000]
6833	1301002		50	IDLE	['我载具钥匙呢？帮我找找。']	[2000]
6834	1301002		80	IDLE	['习惯了脚下生风的感觉，能随心漫步真舒坦。']	[2000]
6835	1301002		80	IDLE	['收藏的影碟真不少啊，挑部喜欢的一起看吧。']	[2000]
6836	1301002		80	IDLE	['只剩一罐？看谁先抢到！']	[2000]
6837	1301002		100	IDLE	['习惯了脚下生风的感觉，能随心漫步真舒坦。']	[2000]
6838	1301002		100	IDLE	['收藏的影碟真不少啊，挑部喜欢的一起看吧。']	[2000]
6839	1301002		100	IDLE	['只剩一罐？看谁先抢到！']	[2000]
6840	1301002		100	IDLE	['下次出门，可以放心把方向盘交给你了。']	[2000]
6841	1301002		100	IDLE	['想要试试我的工具箱？没问题，小心别伤着手了。']	[2000]
6842	1301002			IDLE	['都跟你说了，一切从简就好。', '出外勤都是用睡袋将就的，这绒毯反而让我觉得别扭。', '“一夜好睡，精神百倍”？']	[2000, 2000, 2000]
6843	1301002			IDLE	['噗，好古典的俗语。那我就睡会儿吧，记得上闹钟啊。']	[2000]
6844	1301002			IDLE	['以前有个说法，认为沙发是最好的薯类培养皿。', '因为软垫里的土豆，是世界上最幸福的土豆。', '浇汽水，施糖肥，土豆就会稳稳扎根。']	[2000, 2000, 2000]
6845	1301002			IDLE	['呼~真舒服。帮我拿包虾片吧，指挥官。']	[2000]
6846	1301002			IDLE	['工具箱、急救包、罐装水.......', '嗯，我在对清单。', '这些都是居家必须常备的。', '对了，还有指挥官的东西呢。', '放心，我会留足空间的。']	[2000, 2000, 2000, 2000, 2000]
6847	1301002			IDLE	['不嫌弃的话，这层就是属于你的了！']	[2000]
6848	1301002			IDLE	['小的们，你们想活一辈子老不死吗？', '慷慨赴义，就在今日！跟我上......啊，不是说你啦！', '哇，是不是吓到你了？']	[2000, 2000, 2000]
6849	1301002			IDLE	['这是老片里的台词......总觉得，挺帅气的。', '戴上墨镜再学一遍？可以是可以，不过别出去乱说啊。']	[2000, 2000]
6850	1301002			IDLE	['开车那会儿，学到不少东西。', '想知道爆胎怎么补吗？现在应该按按载具主控屏就行了吧。', '以前的话，只能就地找积水把轮胎泡进去。']	[2000, 2000, 2000]
6851	1301002			IDLE	['一边按压一边旋转，很快破损处就冒气泡了。', '手艺都是相通的。指挥官要是有需要修理的东西，尽管开口。']	[2000, 2000]
6852	1301002			IDLE	['汽油和好酒的香气是一样的。', '89号闻起来像龙舌兰、92号接近白兰地的味道......', '......92号最像波本威士忌。']	[2000, 2000, 2000]
6853	1301002			IDLE	['柴油呢，闻起来和黑啤一个味。', '嗯？当然没尝过了！都说了是气味嘛。']	[2000, 2000]
6854	1301002			IDLE	['拳脚不施展会钝化的。', '我看你这，像是有感染体出没吧？不如让我练练手。']	[2000, 2000]
6855	1301002			IDLE	['也是伙伴？呼，那就......', '办一届宿舍自由搏击友谊赛，怎么样？']	[2000, 2000]
6856	1301002			IDLE	['嗯？按摩等我累了再说。有什么事情吗？', '墨镜压到刘海了......啊，真的。', '谢谢你的镜子，很贴心。']	[2000, 2000, 2000]
6857	1301002			IDLE	['束发看起来会更干练，所以你还是想......', '要学扎辫子的话，就拿我的头发练练手吧。']	[2000, 2000]
6858	1301002		80	IDLE	['领带不方便？倒没有啦。', '是制式涂装的要求，很有专业气质吧。', '让你觉得格外安心？不错，有眼光。', '其他的部队，应该也会这么想。', '只是由你说出来.....才能让我确信。']	[2000, 2000, 2000, 2000, 2000]
6859	1301002		80	IDLE	['其实以前，我的逆元装置是挺招眼的发箍装饰。', '大家都说，看到那尖框就知道得救了。', '不过有次好不容易从隧道里撤出，发饰却被撞歪了。', '后来就换成了发圈造型，毕竟经验才是更值得信赖的东西。', '还是很有我的感觉？等我问问大伙先！你看得出来可不算数......']	[2000, 2000, 2000, 2000, 2000]
6860	1301002		100	IDLE	['这地方住着很舒服，要是能容得下载具库就更好了。', '空中花园这么大，有很多适合一起兜风的地方。', '载具出行，能省事不少。', '我才喝了拟酒精电解液？，那东西是装在另一个胃里的。', '可别小看构造体的机能啊。']	[2000, 2000, 2000, 2000, 2000]
6861	1301002		100	IDLE	['这张周年纪念导演剪辑版蓝光能借给我吗？', '这里的放映设备确实很靠谱......', '但是修复版和我之前在艺术协会看到的原版有些不一样。', '想对比确认一下。', '你也想再看一遍？好嘞，零食就和往常一样吧。']	[2000, 2000, 2000, 2000, 2000]
6862	1301002		100	IDLE	['虽然平日里一般只是在修理......', '不过这东西是我亲手打造的，工艺绝对有保障。', '住在这里，时刻都很放松。', '所以，这是我的谢礼。']	[2000, 2000, 2000, 2000]
6863	1301002		100	IDLE	['虽然平日里一般只是在修理......', '不过这东西是我亲手打造的，工艺绝对有保障。', '住在这里，时刻都很放松。', '所以，这是我的谢礼。']	[2000, 2000, 2000, 2000]
6901	1241003		10	IDLE	['很不错的房间，要是能再稍微整顿下，就更好了。']	[2000]
6902	1241003		10	IDLE	['过度劳累对身体不好，所以务必要记得好好休息。']	[2000]
6903	1241003		10	IDLE	['想听我弹奏？抱歉，我现在有些工作要处理，晚会儿可以吗？']	[2000]
6904	1241003		10	IDLE	['那边，好像有点吵闹，没事吧？']	[2000]
6905	1241003		30	IDLE	['嗯？这根弦……校准下吧。']	[2000]
6906	1241003		30	IDLE	['丝丝弦语，铮铮之音……']	[2000]
6907	1241003		30	IDLE	['今天要练习的曲子是……']	[2000]
6908	1241003		30	IDLE	['这里的氛围，让人格外安逸。']	[2000]
6909	1241003		30	IDLE	['刚刚的感受，用琵琶该如何传达呢？']	[2000]
6910	1241003		50	IDLE	['要尝一杯吗？这是蒲牢从九龙寄来的茶叶，刚刚煮好。']	[2000]
6911	1241003		50	IDLE	['丝丝弦语，铮铮之音……']	[2000]
6912	1241003		50	IDLE	['今天要练习的曲子是……']	[2000]
6913	1241003		50	IDLE	['这里的氛围，让人格外安逸。']	[2000]
6914	1241003		50	IDLE	['刚刚的感受，用琵琶该如何传达呢？']	[2000]
6915	1241003		80	IDLE	['笔墨纸砚准备齐全，要来一起练会儿书法吗？']	[2000]
6916	1241003		80	IDLE	['窈窕淑女，君子好逑。窈窕淑女的准确定义……是什么？']	[2000]
6917	1241003		80	IDLE	['想听我为你弹奏一曲吗？或者说，能让我为你弹奏一曲吗？']	[2000]
6918	1241003		80	IDLE	['又见到你了，看来，今晚能继续做个好梦。']	[2000]
6919	1241003		100	IDLE	['笔墨纸砚准备齐全，要来一起练会儿书法吗？']	[2000]
6920	1241003		100	IDLE	['窈窕淑女，君子好逑。窈窕淑女的准确定义……是什么？']	[2000]
6921	1241003		100	IDLE	['想听我为你弹奏一曲吗？或者说，能让我为你弹奏一曲吗？']	[2000]
6922	1241003		100	IDLE	['又见到你了，看来，今晚能继续做个好梦。']	[2000]
6923	1241003		100	IDLE	['可以帮我拿下发簪吗？就在你的右手边。']	[2000]
6924	1241003		30	IDLE	['琵琶放在这里，不碍事吧？']	[2000]
6925	1241003		30	IDLE	['近来有些疏忽，这门技艺还需多多练习。']	[2000]
6926	1241003		30	IDLE	['对不起，麻烦借过一下。']	[2000]
6927	1241003		30	IDLE	['嗯……还是期待一下今晚做个好梦吧']	[2000]
6928	1241003		30	IDLE	['在这里，舞步有些难以展开。']	[2000]
6929	1241003		50	IDLE	['发簪……我记得放在这边了……']	[2000]
6930	1241003		50	IDLE	['在这边练习舞步，不用担心会被绊倒。']	[2000]
6931	1241003		50	IDLE	['工作完成后，可否有空听我弹奏一曲？']	[2000]
6932	1241003		50	IDLE	['有什么困难需要帮忙的话，请尽管来找我。']	[2000]
6933	1241003		50	IDLE	['今天阳光很好，要一起出去散散步吗？']	[2000]
6934	1241003		80	IDLE	['每次和你在一起时，就会感觉时间过得很快。']	[2000]
6935	1241003		80	IDLE	['这些糕点，我根据你的口味调整了下配料，希望你会喜欢。']	[2000]
6936	1241003		80	IDLE	['累了的话，就在这儿躺下休息一会儿吧。如果睡不着，我可以给你讲些故事。']	[2000]
6937	1241003		100	IDLE	['每次和你在一起时，就会感觉时间过得很快。']	[2000]
6938	1241003		100	IDLE	['这些糕点，我根据你的口味调整了下配料，希望你会喜欢。']	[2000]
6939	1241003		100	IDLE	['累了的话，就在这儿躺下休息一会儿吧。如果睡不着，我可以给你讲些故事。']	[2000]
6940	1241003		100	IDLE	['凌波微步，罗袜生尘……这段舞姿如何？']	[2000]
6941	1241003		100	IDLE	['琵琶弹奏起来很有趣，想试下吗？嗯，我去为你取来。']	[2000]
6942	1241003			IDLE	['能不能做个好梦，床是很重要的。', '我认为房间里的这张就很不错。']	[2000, 2000]
6943	1241003			IDLE	['绵软舒适……', '睡在这上面，一定能做个好梦。']	[2000, 2000]
6944	1241003			IDLE	['找到了一个适合坐下来弹奏的地方……', '指挥官，要来听一曲吗？']	[2000, 2000]
6945	1241003			IDLE	['……感觉如何？', '如果可以，能再听我弹奏一曲吗？']	[2000, 2000]
6946	1241003			IDLE	['指挥官，还记得我们之前的那些合照吗？', '你看，我将它们制成了一本相簿。', '比起单纯存储信息进记忆单元，这种直接将回忆捧在手中的感觉，我很喜欢。', '这件物品很珍贵呢，得好好保管。如果把它放在这里的话……指挥官觉得怎么样？']	[2000, 2000, 2000, 2000]
6947	1241003			IDLE	['放进去刚刚好，很合适呢。', '这层还有很多的空间，往后的回忆，都放进这里吧。']	[2000, 2000]
6948	1241003			IDLE	['指挥官，我记得你之前提到过，对九龙的一种糕点很感兴趣。', '我将它做出来了，要尝一尝味道吗？', '很好吃？嗯，合你胃口就好。']	[2000, 2000, 2000]
6949	1241003			IDLE	['指挥官要是对其他的糕点或小吃感兴趣，都可以告诉我。', '不用担心麻烦，“做给指挥官吃”这件事，我也乐在其中呢。']	[2000, 2000]
6950	1241003			IDLE	['指挥官，你看上去有些心不在焉……', '遇上了些日常琐事？', '可以和我讲一讲吗？生活技能方面，我还是比较自信的。']	[2000, 2000, 2000]
6951	1241003			IDLE	['是厨房或是家电维修之类的吗？', '很喜欢的衣服划破了？', '我，我会努力把它补好的。']	[2000, 2000, 2000]
6952	1241003			IDLE	['能耽误指挥官一点时间，帮我看下这段舞姿吗？', '一二三四……就是这里，总感觉这段不太协调。', '右手可以尝试再扬高些？再扬高些……']	[2000, 2000, 2000]
6953	1241003			IDLE	['真的变协调了。', '很厉害呢，指挥官。']	[2000, 2000]
6954	1241003			IDLE	['关于机械体梦境的本质，我也不太了解……', '猜测的话，那是类似感知装置异常运行时的副作用。']	[2000, 2000]
6955	1241003			IDLE	['不过，渴望、感情、爱与恨……不清楚的因素还有很多。', '也许，只有真正明白机械体因何觉醒的那天，这个问题才能找到答案吧。']	[2000, 2000]
6956	1241003			IDLE	['指挥官？我的头发上有什么奇怪的东西吗？', '啊，发簪呀，很漂亮对吧？我也喜欢它。', '想看看吗？可以拔下来的。']	[2000, 2000, 2000]
6957	1241003			IDLE	['呵，有被吓到吗？发髻就是这么设计的。只要拔出发簪，头发就会散下来。', '指挥官喜欢我的头发散着，还是束起来？']	[2000, 2000]
6958	1241003		80	IDLE	['刚开始时打理长发会有些辛苦，不过习惯之后就不觉得了。', '像这样归拢后盘绕起来，再用发簪固定……瞧，很简单就好了。', '感兴趣的话，要拿我的头发练练手吗？', '这样说不定以后指挥官就能帮我盘头发……咳，没什么。']	[2000, 2000, 2000, 2000]
6959	1241003		80	IDLE	['感觉在这里待时间长后，整个人都太过放松了。', '有时候，连头发都会忘记整理。', '散发虽然舒适，但确实有失仪容。', '这样也没关系？既然指挥官这样说，那就允许我偶尔一次的失礼吧。', '……当然仅限这里，到外面的话还是要认真打理的。']	[2000, 2000, 2000, 2000, 2000]
6960	1241003		100	IDLE	['同一首曲子，在不同条件下弹奏的话，呈现出的感觉是完全不同的。', '比如，听众里有没有指挥官，两者的差别就很明显', '有你的时候感觉是怎么样的？', '嗯……这个……需要指挥官自己去感受。']	[2000, 2000, 2000, 2000]
6961	1241003		100	IDLE	['这是我从艺术协会借来，收录有珍稀诗词的九龙古籍。', '相较于接收电子数据，我现在更倾向实体阅读。', '对机械体而言，这确实过于“效率低下”。', '不过，我却很喜欢这种感觉。', '这种慢慢去接触、认识、理解的感觉，对着书，对着……你。']	[2000, 2000, 2000, 2000, 2000]
6962	1241003		100	IDLE	['等到你了，指挥官。这个，请你收下。', '平日里受到指挥官很多照顾，就当是谢礼吧。', '是我亲手制作的一些小物品。', '虽然并不特别贵重，但我想，应该能为指挥官的生活提供些帮助。']	[2000, 2000, 2000, 2000]
6963	1241003		100	IDLE	['等到你了，指挥官。这个，请你收下。', '平日里受到指挥官很多照顾，就当是谢礼吧。', '是我亲手制作的一些小物品。', '虽然并不特别贵重，但我想，应该能为指挥官的生活提供些帮助。']	[2000, 2000, 2000, 2000]
7001	1211003		10	IDLE	['ZZZ……']	[2000]
7002	1211003		10	IDLE	['唔……好困。']	[2000]
7003	1211003		10	IDLE	['想要躺一会儿。']	[2000]
7004	1211003		10	IDLE	['累了，有情况也不要叫醒我。']	[2000]
7005	1211003		30	IDLE	['现在是休息时间。']	[2000]
7006	1211003		30	IDLE	['这里很不错。']	[2000]
7007	1211003		30	IDLE	['就在这里躺会儿吧……ZZZ……']	[2000]
7008	1211003		30	IDLE	['要吃颗糖吗？']	[2000]
7009	1211003		30	IDLE	['任务报告？那个睡之前就已经交上去了……']	[2000]
7010	1211003		50	IDLE	['指挥官？唔……什么时候来的……']	[2000]
7011	1211003		50	IDLE	['这里很不错。']	[2000]
7012	1211003		50	IDLE	['就在这里躺会儿吧……ZZZ……']	[2000]
7013	1211003		50	IDLE	['要吃颗糖吗？']	[2000]
7014	1211003		50	IDLE	['任务报告？那个睡之前就已经交上去了……']	[2000]
7015	1211003		80	IDLE	['你的黑眼圈看上去很重，先在这休息下吧。']	[2000]
7016	1211003		80	IDLE	['我在想昨天晚上做的梦，别担心，这次不是噩梦。']	[2000]
7017	1211003		80	IDLE	['有你在的时候，这里会更加舒适。']	[2000]
7018	1211003		80	IDLE	['要再待一会儿吗？你在的话，我就不去休眠了。']	[2000]
7019	1211003		100	IDLE	['你的黑眼圈看上去很重，先在这休息下吧。']	[2000]
7020	1211003		100	IDLE	['我在想昨天晚上做的梦，别担心，这次不是噩梦。']	[2000]
7021	1211003		100	IDLE	['有你在的时候，这里会更加舒适。']	[2000]
7022	1211003		100	IDLE	['要再待一会儿吗？你在的话，我就不去休眠了。']	[2000]
7023	1211003		100	IDLE	['没催就是不急，别总是自己压力自己，不然会睡不着的。']	[2000]
7024	1211003		30	IDLE	['有新的工作？明天再说。']	[2000]
7025	1211003		30	IDLE	['我先回去了。']	[2000]
7026	1211003		30	IDLE	['好吵……']	[2000]
7027	1211003		30	IDLE	['这边躺起来不太舒服……']	[2000]
7028	1211003		30	IDLE	['好麻烦啊……']	[2000]
7029	1211003		50	IDLE	['工作结束，休眠。']	[2000]
7030	1211003		50	IDLE	['这套助眠装备……可以。']	[2000]
7031	1211003		50	IDLE	['天气不错，适合睡觉。']	[2000]
7032	1211003		50	IDLE	['到外面逛逛？唔……只要别太久的话……']	[2000]
7033	1211003		50	IDLE	['室温可以再调低一点。']	[2000]
7034	1211003		80	IDLE	['这个房间是你布置的？怪不得这么舒服。']	[2000]
7035	1211003		80	IDLE	['有什么愿望想要实现吗？']	[2000]
7036	1211003		80	IDLE	['再靠近一点吧，我想在你身边。']	[2000]
7037	1211003		100	IDLE	['这个房间是你布置的？怪不得这么舒服。']	[2000]
7038	1211003		100	IDLE	['有什么愿望想要实现吗？']	[2000]
7039	1211003		100	IDLE	['再靠近一点吧，我想在你身边。']	[2000]
7040	1211003		100	IDLE	['躺在草坪上和躺在床上的感觉可不一样，下次出门的话，试试吧。']	[2000]
7041	1211003		100	IDLE	['宏伟的目标对我来说太遥远了，我会更在意现在就在身边的人。']	[2000]
7042	1211003			IDLE	['高效工作状态结束，唔……', '能量不足，得找张床补充一下。']	[2000, 2000]
7043	1211003			IDLE	['不错，很柔软，很舒适……', '不要定闹钟，让我睡到……自然……ZZZ……']	[2000, 2000]
7044	1211003			IDLE	['你看起来无精打采的，是遇到什么烦心事了吗？', '坐下来和我说说吧。']	[2000, 2000]
7045	1211003			IDLE	['嗯……原来是这样……', '……怎么？我没在中途睡着有这么让你意外吗？', '听你的事情时，我是不会困的。']	[2000, 2000, 2000]
7046	1211003			IDLE	['助眠套装、医疗用具……', '我在整理待会儿要放进柜子里的东西，要一起吗？']	[2000, 2000]
7047	1211003			IDLE	['暂时先这样吧。', '至于剩下的空间，我打算用来放你以前送的东西。', '嗯，都有好好保存着。']	[2000, 2000, 2000]
7048	1211003			IDLE	['怎么了，一直往这边看？', '在数我一分钟能打多少个哈欠？']	[2000, 2000]
7049	1211003			IDLE	['哪有那么夸张。', '哈唔……']	[2000, 2000]
7050	1211003			IDLE	['早上好，指挥官……', '我只是早起了会儿，没必要这么惊讶吧？']	[2000, 2000]
7051	1211003			IDLE	['因为你每天都是这个点来，', '所以今天想试着，跟你打声招呼。']	[2000, 2000]
7052	1211003			IDLE	['新增了每日的训练任务？', '可以理解，毕竟在这里待久了，身体可能会变得迟钝。']	[2000, 2000]
7053	1211003			IDLE	['嗯，我已经记在心里了。', '待会儿就在梦里完成。']	[2000, 2000]
7054	1211003			IDLE	['终于回来了吗？', '本来打算休眠的，但想到今天答应教你狙击的技巧。']	[2000, 2000]
7055	1211003			IDLE	['现在开始吧，唔……', '放心，即使有些困，我还是有把握教好你的。']	[2000, 2000]
7056	1211003			IDLE	['不管怎么打理，头发最后还是会变成这样。', '就算换了新机体仍是如此。']	[2000, 2000]
7057	1211003			IDLE	['你在等它变回原样吗？', '唔……我刚才没说清楚，一般是在休眠醒来的时候，头发会自己卷起来。', '要睡一会儿起来看看吗？']	[2000, 2000, 2000]
7058	1211003		80	IDLE	['是困了吗？你的眼皮都快要合上了。', '别勉强自己，先在这里休息一会儿吧。', '这些文件明天就要交？', '让我看看，确实不少……', '没关系，先好好休息，这些我会帮你一起完成的。']	[2000, 2000, 2000, 2000, 2000]
7059	1211003		80	IDLE	['头发好像又乱了……', '这幅新机体的头发比以前长了些，也更容易乱了些。', '指挥官，能帮我整理一下吗？', '梳子？不用那么麻烦，用手简单梳理下就可以了。', '嗯，这样就好。']	[2000, 2000, 2000, 2000, 2000]
7060	1211003		100	IDLE	['想睡一会儿。', '眼罩、耳塞、垫子……', '缺一个枕头。', '指挥官，能借我靠一会儿吗？']	[2000, 2000, 2000, 2000]
7061	1211003		100	IDLE	['我曾在某篇报告中读到，', '人们在珍视的东西附近时，会有一种安心感。', '就在身边，没有离开，伸手就能触碰到……', '这种安心让人想闭上眼睛，沉浸其中，让这一刻成为永恒……', '可能就是我待在你身边时，总容易犯困的原因吧。']	[2000, 2000, 2000, 2000, 2000]
7062	1211003		100	IDLE	['之前你提到的那个，我帮你买回来了。', '排队的时间比预想中要长，我在中途甚至睡着了一次……', '好在最后是拿到了。', '那么多人想要，看来这东西确实不错。', '给，你应该会喜欢的。']	[2000, 2000, 2000, 2000, 2000]
7063	1211003		100	IDLE	['之前你提到的那个，我帮你买回来了。', '排队的时间比预想中要长，我在中途甚至睡着了一次……', '好在最后是拿到了。', '那么多人想要，看来这东西确实不错。', '给，你应该会喜欢的。']	[2000, 2000, 2000, 2000, 2000]
7101	1021006		10	IDLE	['机体的适应性还需要提高……']	[2000]
7102	1021006		10	IDLE	['对不起，刚刚有些分神了。']	[2000]
7103	1021006		10	IDLE	['现在需要养精蓄锐，一起休息下吧。']	[2000]
7104	1021006		10	IDLE	['这里的布置，感觉很凌乱。']	[2000]
7105	1021006		30	IDLE	['感觉……机体有些疲劳。']	[2000]
7106	1021006		30	IDLE	['坐下休息一会吧。']	[2000]
7107	1021006		30	IDLE	['有些……家的感觉了。']	[2000]
7108	1021006		30	IDLE	['目前状态良好，请下达命令吧。']	[2000]
7109	1021006		30	IDLE	['室温有些热，可能是新机体的原因。']	[2000]
7110	1021006		50	IDLE	['嗯，我在这里，指挥官。']	[2000]
7111	1021006		50	IDLE	['坐下休息一会吧。']	[2000]
7112	1021006		50	IDLE	['有些……家的感觉了。']	[2000]
7113	1021006		50	IDLE	['目前状态良好，请下达命令吧。']	[2000]
7114	1021006		50	IDLE	['室温有些热，可能是新机体的原因。']	[2000]
7115	1021006		80	IDLE	['已无待办事项，今天我可以陪在你身边。']	[2000]
7116	1021006		80	IDLE	['这里氛围很好，大家都很开心。']	[2000]
7117	1021006		80	IDLE	['能感受到你的视线，我很安心。']	[2000]
7118	1021006		80	IDLE	['不论遇到了什么烦心事，都可以说给我听，指挥官。']	[2000]
7119	1021006		100	IDLE	['已无待办事项，今天我可以陪在你身边。']	[2000]
7120	1021006		100	IDLE	['这里氛围很好，大家都很开心。']	[2000]
7121	1021006		100	IDLE	['能感受到你的视线，我很安心。']	[2000]
7122	1021006		100	IDLE	['不论遇到了什么烦心事，都可以说给我听，指挥官。']	[2000]
7123	1021006		100	IDLE	['正是为了守护这份惬意，我们才要继续战斗。']	[2000]
7124	1021006		30	IDLE	['没事的……我还可以继续执行任务。']	[2000]
7125	1021006		30	IDLE	['简单活动一下吧。']	[2000]
7126	1021006		30	IDLE	['指挥官……你在哪里？']	[2000]
7127	1021006		30	IDLE	['这里有些杂乱，一起整理下吧。']	[2000]
7128	1021006		30	IDLE	['阿呆蛙不见了……会在这里吗？']	[2000]
7129	1021006		50	IDLE	['难得的闲暇，练习下刀术吧。']	[2000]
7130	1021006		50	IDLE	['那边……或许可以再调整一下？']	[2000]
7131	1021006		50	IDLE	['今天有任务安排吗？']	[2000]
7132	1021006		50	IDLE	['已经熟悉这里的环境了。']	[2000]
7133	1021006		50	IDLE	['想到了一套新的战术动作……']	[2000]
7134	1021006		80	IDLE	['有空的话，可以一起去那边坐坐。']	[2000]
7135	1021006		80	IDLE	['只要是你的命令，我便一定会执行。']	[2000]
7136	1021006		80	IDLE	['装潢很温馨，想和你一起生活在这里。']	[2000]
7137	1021006		100	IDLE	['有空的话，可以一起去那边坐坐。']	[2000]
7138	1021006		100	IDLE	['只要是你的命令，我便一定会执行。']	[2000]
7139	1021006		100	IDLE	['装潢很温馨，想和你一起生活在这里。']	[2000]
7140	1021006		100	IDLE	['有你在身边，感觉整个房间都暖洋洋的。']	[2000]
7141	1021006		100	IDLE	['要出去散步吗？我陪你一起。']	[2000]
7142	1021006			IDLE	['今天的任务已结束。', '有些累……我能在这里休息一下吗？']	[2000, 2000]
7143	1021006			IDLE	['指挥官，睡前……能给我讲个故事吗？', '听着你的声音入睡……哪怕在梦中，也一定有你陪在身旁。']	[2000, 2000]
7144	1021006			IDLE	['我总是会想起，很久以前的某个下午……', '我和妹妹坐在沙发上，翻阅着童话书……']	[2000, 2000]
7145	1021006			IDLE	['就像这样，指挥官，坐在我身边吧。', '你掌心的温度，和午后的阳光一样温暖，让人安心。']	[2000, 2000]
7146	1021006			IDLE	['嗯……放到哪里了……', '指挥官？我正在整理柜子。']	[2000, 2000]
7147	1021006			IDLE	['原来是被阿呆蛙玩偶压在了下面……', '这是我给你缝的围巾，戴上试试吧？', '我自己也有一条，看，上面的纹饰是一对的。']	[2000, 2000, 2000]
7148	1021006			IDLE	['原来是这样……再加些盐试试。', '我在照着《在家就能做的九龙五星大餐》做营养餐。']	[2000, 2000]
7149	1021006			IDLE	['不过总感觉少了点细节，就按照自己的理解调整了下。', '闻起来怎么样？指挥官，你的表情有些奇怪……']	[2000, 2000]
7150	1021006			IDLE	['这间宿舍的布置，感觉很特别。', '家具的款式并不统一，但总感觉，这样才有家的氛围。']	[2000, 2000]
7151	1021006			IDLE	['也有可能，是你陪在身边的缘故？', '毕竟，有你的地方，就是家。']	[2000, 2000]
7152	1021006			IDLE	['这个阿呆蛙玩偶……', '可能因为，这是你送的礼物——', '抱着它，脑海里总会浮现出你的身影。']	[2000, 2000, 2000]
7153	1021006			IDLE	['我想，不论未来发生了什么。', '我都永远不会忘它。']	[2000, 2000]
7154	1021006			IDLE	['指挥官，我正在练习光纹太刀。', '多重刀身提高了技巧上限，却增加了使用的难度……']	[2000, 2000]
7155	1021006			IDLE	['现在有时间吗？', '我想到了一个新的战术动作，想要听听你的评价。']	[2000, 2000]
7156	1021006			IDLE	['——指挥官？']	[2000]
7157	1021006			IDLE	['请再靠近一些吧。', '我也想，试着这样抚摸你。']	[2000, 2000]
7158	1021006		80	IDLE	['指挥官，曾有一段时间，我对自己感到很“陌生”。', '总会做噩梦，还总是对那段空白的记忆钻牛角尖。', '但好在，总是有你陪在身旁。', '朝夕相处的时光，让我渐渐找到了答案。', '我就是我，与你相伴的喜怒哀乐，就是露西亚存在的证明。']	[2000, 2000, 2000, 2000, 2000]
7159	1021006		80	IDLE	['指挥官，我和里还有丽芙为你准备了下午茶。', '别担心，你余下的任务已经被我们提前完成了。', '这段时间你太忙了，我们都看在眼里。', '所以，就秘密准备了这次灰鸦小队的特别聚餐。', '请好好享受今天的假期吧，指挥官。']	[2000, 2000, 2000, 2000, 2000]
7160	1021006		100	IDLE	['指挥官，久坐之后，还是要活动下身体。', '我来帮你按摩下后背吧——力道还可以吗？', '轮到你了，请——呃呃！', '可以不那么用力，有、有些痒……']	[2000, 2000, 2000, 2000]
7161	1021006		100	IDLE	['剩下的报告，已经替你完成了。', '难得的闲暇时光，一起去商业区逛逛吧。', '那里新开了家滑翔翼体验馆。', '想和你一起体验下。']	[2000, 2000, 2000, 2000]
7162	1021006		100	IDLE	['指挥官，请收下这些——', '我说过，凡是你想要的东西，我都列好了清单。', '不论是什么，只要力所能及，我便一定会送到你的手中。', '至于回礼，其实早就收到了。', '陪在我身边——这便是你给予我的，最珍贵的宝物。']	[2000, 2000, 2000, 2000, 2000]
7163	1021006		100	IDLE	['指挥官，请收下这些——', '我说过，凡是你想要的东西，我都列好了清单。', '不论是什么，只要力所能及，我便一定会送到你的手中。', '至于回礼，其实早就收到了。', '陪在我身边——这便是你给予我的，最珍贵的宝物。']	[2000, 2000, 2000, 2000, 2000]
7201	1311002		10	IDLE	['完全静不下心。']	[2000]
7202	1311002		10	IDLE	['要不回训练室吧。']	[2000]
7203	1311002		10	IDLE	['希瓦那家伙的乌鸦嘴……']	[2000]
7204	1311002		10	IDLE	['现在根本没有休息的心情啊。']	[2000]
7205	1311002		30	IDLE	['好麻烦。']	[2000]
7206	1311002		30	IDLE	['充电是为了更好地耗电。']	[2000]
7207	1311002		30	IDLE	['放空大脑。']	[2000]
7208	1311002		30	IDLE	['今天要学习的战术是……呃……困了。']	[2000]
7209	1311002		30	IDLE	['开罐饮料提提神。']	[2000]
7210	1311002		50	IDLE	['该保养机械臂了。']	[2000]
7211	1311002		50	IDLE	['充电是为了更好地耗电。']	[2000]
7212	1311002		50	IDLE	['放空大脑。']	[2000]
7213	1311002		50	IDLE	['今天要学习的战术是……呃……困了。']	[2000]
7214	1311002		50	IDLE	['开罐饮料提提神。']	[2000]
7215	1311002		80	IDLE	['更换终端个人状态，请勿打扰，接下来的时间都是我们的了。']	[2000]
7216	1311002		80	IDLE	['新的快速热身运动……你来了？正好，我们一起试试。']	[2000]
7217	1311002		80	IDLE	['看你这样子，又累坏了？坐吧，我给你按摩一下。']	[2000]
7218	1311002		80	IDLE	['电力运作的嗡鸣声，也是能让人静心的白噪音。']	[2000]
7219	1311002		100	IDLE	['更换终端个人状态，请勿打扰，接下来的时间都是我们的了。']	[2000]
7220	1311002		100	IDLE	['新的快速热身运动……你来了？正好，我们一起试试。']	[2000]
7221	1311002		100	IDLE	['看你这样子，又累坏了？坐吧，我给你按摩一下。']	[2000]
7222	1311002		100	IDLE	['电力运作的嗡鸣声，也是能让人静心的白噪音。']	[2000]
7223	1311002		100	IDLE	['要试试我的动力臂组吗？这算负重训练的一种。']	[2000]
7224	1311002		30	IDLE	['去室外运动吧，这里也太小了。']	[2000]
7225	1311002		30	IDLE	['啧，记得随手关门。']	[2000]
7226	1311002		30	IDLE	['啊？又要加班？']	[2000]
7227	1311002		30	IDLE	['机械臂怎么一顿一顿的……']	[2000]
7228	1311002		30	IDLE	['小心静电。']	[2000]
7229	1311002		50	IDLE	['明明已经是构造体了，为什么还会肌肉酸痛，心理作用？']	[2000]
7230	1311002		50	IDLE	['好乱的线路，我理一下。']	[2000]
7231	1311002		50	IDLE	['做做热身运动。']	[2000]
7232	1311002		50	IDLE	['必须集中精神了。']	[2000]
7233	1311002		50	IDLE	['心怎么还是乱乱的……']	[2000]
7234	1311002		80	IDLE	['我们出去跑两圈。']	[2000]
7235	1311002		80	IDLE	['在黑暗的地方待得越久，就会越珍惜这里的一切。']	[2000]
7236	1311002		80	IDLE	['工作是做不完的，歇一下吧，来和我一起躺一躺。']	[2000]
7237	1311002		100	IDLE	['我们出去跑两圈。']	[2000]
7238	1311002		100	IDLE	['在黑暗的地方待得越久，就会越珍惜这里的一切。']	[2000]
7239	1311002		100	IDLE	['工作是做不完的，歇一下吧，来和我一起躺一躺。']	[2000]
7240	1311002		100	IDLE	['有个家具站不稳当，我帮你稳固过了。']	[2000]
7241	1311002		100	IDLE	['六只手同时拿六件维修工具，像不像掌管机械维修的神？']	[2000]
7242	1311002			IDLE	['运动过量了，好累。', '要好好睡一觉恢复体力。']	[2000, 2000]
7243	1311002			IDLE	['更好的休息是为了更好的明天。', '所以今天不要再叫我了。']	[2000, 2000]
7244	1311002			IDLE	['坐姿也可以是修炼的一种。', '你想见识一下吗？']	[2000, 2000]
7245	1311002			IDLE	['看，我与坐垫之间还有一点距离。', '接下来靠双腿发力就好，很简单，你也来试试。']	[2000, 2000]
7246	1311002			IDLE	['这批小东西的造型都挺可爱嘛……', '不行，清醒一点八咫，你可不能让其他人看到它们。']	[2000, 2000]
7247	1311002			IDLE	['你找的这个柜子不错啊，还有暗层。', '这下可就天知地知，你知我知了。']	[2000, 2000]
7248	1311002			IDLE	['没有什么是两只手不能解决的问题。', '如果有，那就再上两只手。']	[2000, 2000]
7249	1311002			IDLE	['如果还有，你就来找我。', '我保证完美解决问题。']	[2000, 2000]
7250	1311002			IDLE	['现在不是工作时间吧。', '别忙了，好好放松一下。']	[2000, 2000]
7251	1311002			IDLE	['先从十组深蹲开始怎么样？']	[2000]
7252	1311002			IDLE	['这些纯文字的战术介绍我一点都看不下去了。', '明明每个字我都能看懂，组合在一起我就晕了。']	[2000, 2000]
7253	1311002			IDLE	['什么，有图文版本？', '请务必分享给我。', '等我大概消化完内容，我们去实战看看。']	[2000, 2000, 2000]
7254	1311002			IDLE	['圣甲虫小队的人际关系？也就那样。', '不过类似的问题，我建议你不要再问。']	[2000, 2000]
7255	1311002			IDLE	['这种试探，很容易让你上我们的暗杀名单。']	[2000]
7256	1311002			IDLE	['天下没有免费的午餐，要动手就要做好觉悟。', '来，让我看看你的决心。']	[2000, 2000]
7257	1311002			IDLE	['好啊，不愧是你，现在轮到我了。', '快让我每只手都摸一下。']	[2000, 2000]
7258	1311002		80	IDLE	['天黑熄灯，留一盏就好。', '接下来看墙，让你见识一下我新学的手影技巧。']	[2000, 2000]
7259	1311002		80	IDLE	['我走路没声音？', '习惯就好，之前那副机体就常年静音。', '不过要是会吓到你的话，下次我发出点动静好了。', '什么？会更吓人？']	[2000, 2000, 2000, 2000]
7260	1311002		100	IDLE	['之前在空中花园夜跑的时候。', '有人踩着悬浮车问我，你喜欢跑步吗。', '……奇怪，我都已经在跑步了，这还用问吗？']	[2000, 2000, 2000]
7261	1311002		100	IDLE	['……刚刚户外运动的时候，遇到了真正的危险。', '指挥官，你见过传说中的美食夜宵一条街吗？']	[2000, 2000]
7262	1311002		100	IDLE	['这段时间收到了不少你送来的礼物。', '你的心意我都有感觉到，现在该是我回礼的时候了。', '放心，我是实用派，这些肯定能派上用场的。', '你就收下吧，以后我还会再送一些给你，到时候记得签收。']	[2000, 2000, 2000, 2000]
7263	1311002		100	IDLE	['这段时间收到了不少你送来的礼物。', '你的心意我都有感觉到，现在该是我回礼的时候了。', '放心，我是实用派，这些肯定能派上用场的。', '你就收下吧，以后我还会再送一些给你，到时候记得签收。']	[2000, 2000, 2000, 2000]
7301	1051005		10	IDLE	['低电，待机，嘟嘟嘟……']	[2000]
7302	1051005		10	IDLE	['七实，变……算了好累不变了……']	[2000]
7303	1051005		10	IDLE	['七实该怎么布置才能让这里变得有趣呢……']	[2000]
7304	1051005		10	IDLE	['变身的新动作，想想，再想想，呜……七实想不动啦……']	[2000]
7305	1051005		30	IDLE	['怎么没人来找七实玩？']	[2000]
7306	1051005		30	IDLE	['看，七实全新的变身动作，是不是超超超级帅！']	[2000]
7307	1051005		30	IDLE	['七实启动了待机模式，需要指挥官碰一下才能唤醒哦！']	[2000]
7308	1051005		30	IDLE	['指挥官，七实在这里哦！']	[2000]
7309	1051005		30	IDLE	['发现款新游戏！指挥官，一起来玩吧！']	[2000]
7310	1051005		50	IDLE	['嘿——呀！会变形的武器最酷啦！']	[2000]
7311	1051005		50	IDLE	['看，七实全新的变身动作，是不是超超超级帅！']	[2000]
7312	1051005		50	IDLE	['七实启动了待机模式，需要指挥官碰一下才能唤醒哦！']	[2000]
7313	1051005		50	IDLE	['指挥官，七实在这里哦！']	[2000]
7314	1051005		50	IDLE	['发现款新游戏！指挥官，一起来玩吧！']	[2000]
7315	1051005		80	IDLE	['七实喜欢这里，七实要在这儿待好久好久！']	[2000]
7316	1051005		80	IDLE	['大事不好！自好感度后，七实的心情值也要冲爆计量表了！']	[2000]
7317	1051005		80	IDLE	['七实这段时间的小目标是——完成指挥官的一百个心愿！']	[2000]
7318	1051005		80	IDLE	['这些工作就交给七实吧！七实分分钟就能把它们全都搞定！']	[2000]
7319	1051005		100	IDLE	['七实喜欢这里，七实要在这儿待好久好久！']	[2000]
7320	1051005		100	IDLE	['大事不好！自好感度后，七实的心情值也要冲爆计量表了！']	[2000]
7321	1051005		100	IDLE	['七实这段时间的小目标是——完成指挥官的一百个心愿！']	[2000]
7322	1051005		100	IDLE	['这些工作就交给七实吧！七实分分钟就能把它们全都搞定！']	[2000]
7323	1051005		100	IDLE	['今日份的指挥官能量，补充完毕！']	[2000]
7324	1051005		30	IDLE	['快出来吧指挥官，七实不想玩捉迷藏！']	[2000]
7325	1051005		30	IDLE	['七实要换个地方……']	[2000]
7326	1051005		30	IDLE	['七实要假装摔一跤，然后躺在地上不起来……']	[2000]
7327	1051005		30	IDLE	['这边有好玩的事情吗！没有……']	[2000]
7328	1051005		30	IDLE	['活干不完啦！']	[2000]
7329	1051005		50	IDLE	['恶龙七实出击！嗷呜——']	[2000]
7330	1051005		50	IDLE	['指挥官，要一块去宇宙看地球吗！']	[2000]
7331	1051005		50	IDLE	['这里有个按钮！按一下。']	[2000]
7332	1051005		50	IDLE	['七实要给所有的家具安装上识别装置，只要七实回来，它们就会主动问好！']	[2000]
7333	1051005		50	IDLE	['天气真好，把大家叫上，到外面野炊吧！']	[2000]
7334	1051005		80	IDLE	['咔嚓——好耶！又拍到指挥官的笑容啦！']	[2000]
7335	1051005		80	IDLE	['指挥官接招，星星饼干冲击！']	[2000]
7336	1051005		80	IDLE	['指挥官明天不来也没关系，七实会主动去找指挥官的！']	[2000]
7337	1051005		100	IDLE	['咔嚓——好耶！又拍到指挥官的笑容啦！']	[2000]
7338	1051005		100	IDLE	['指挥官接招，星星饼干冲击！']	[2000]
7339	1051005		100	IDLE	['指挥官明天不来也没关系，七实会主动去找指挥官的！']	[2000]
7340	1051005		100	IDLE	['指挥官，七实新学会了一首二进制歌曲，你想不想听听？咳咳，0010……']	[2000]
7341	1051005		100	IDLE	['七实想发明个能让时间变慢的装置，这样就可以和指挥官做更多事情啦！']	[2000]
7342	1051005			IDLE	['每次起床时，床都会拉着不让七实离开。', '必须花好大力气才能挣脱。', '如果七实和床成为朋友，它是不是就不会阻止七实了！']	[2000, 2000, 2000]
7343	1051005			IDLE	['七实已经和床成为了好朋友。', '所以再醒来时，一定能轻松起床……ZZZ……']	[2000, 2000]
7344	1051005			IDLE	['宇宙大海盗正在入侵七实的幻想！', '要找个舒服的地方放松身体，这样才能集中意识与他们对抗！']	[2000, 2000]
7345	1051005			IDLE	['哼哼，七实已经成功挡住了他们的第一波进攻！', '指挥官要和七实并肩作战吗？', '那就牵起手，坐到七实身旁吧！']	[2000, 2000, 2000]
7346	1051005			IDLE	['指挥官，要和七实一起做星星饼干吗！', '材料……七实记得是放在了这边……']	[2000, 2000]
7347	1051005			IDLE	['明明材料相同，但这次的星星饼干更好吃！', '果然，只要和指挥官一起做，味道就会特别不一样呢！']	[2000, 2000]
7348	1051005			IDLE	['在墙上贴个宿舍守则吧！', '第一条就写，所有人每天都要到七实这里领取零食！']	[2000, 2000]
7349	1051005			IDLE	['不用担心吃腻哦！', '七实特制零食每一口的味道都是不同哒！']	[2000, 2000]
7350	1051005			IDLE	['露西亚……卡列亲……丽芙……比安卡……', '七实正在给大家准备礼物！']	[2000, 2000]
7351	1051005			IDLE	['等再见面时，七实要给每个人一个大惊喜！']	[2000]
7352	1051005			IDLE	['早！上！好！指挥官！', '今天指挥官起得也很早呢！']	[2000, 2000]
7353	1051005			IDLE	['七实好想尝试下叫指挥官起床……', '不如明天指挥官睡个懒觉？', '七实保证会用上全部力气把指挥官叫醒的！']	[2000, 2000, 2000]
7354	1051005			IDLE	['七实特战队，出击！', '嘿嘿，七实正在练习团队出场造型！']	[2000, 2000]
7355	1051005			IDLE	['这些动作是七实从漫画中学到的，是不是特别帅气！', '指挥官要一起吗？']	[2000, 2000]
7356	1051005			IDLE	['指挥官快看！七实给你做了朵机械小花！', '嗯？七实的头发上沾了东西？']	[2000, 2000]
7357	1051005			IDLE	['……嘿嘿，指挥官还是这么仔细。', '指挥官！再靠近过来一点！', '让七实把这朵小花别在你的身上，好不好！']	[2000, 2000, 2000]
7358	1051005		80	IDLE	['呼……成功通关，但又是普通结局……', '连续三天，还是没能找到触发隐藏结局的方法……', '这款游戏的难度远比七实预想中高。', '不过正因如此，七实更有干劲了！', '没有伟大的七实达不到的结局，来吧，下一局开始！']	[2000, 2000, 2000, 2000, 2000]
7359	1051005		80	IDLE	['这里真的好舒服！', '为什么呢？让七实来分析一下！', '柔软的床加十分……', '漂亮的布置加十分……', '最喜欢的指挥官加一亿亿亿分……']	[2000, 2000, 2000, 2000, 2000]
7360	1051005		100	IDLE	['指挥官要是想看七实守护的宝物，一定要提前给七实说哦！', '这样，七实才有时间准备面大镜子！', '为什么？', '当然是因为不准备镜子的话……', '指挥官就看不到七实守护的宝物中，最珍贵的那个啦！']	[2000, 2000, 2000, 2000, 2000]
7361	1051005		100	IDLE	['有人说，行动比话语更具力量。', '七实认为很有道理！', '所以七实决定了，要用具体的行动来表达七实的感觉！', '指挥官！准备好接住七实宇宙无敌全速冲刺拥抱了吗！']	[2000, 2000, 2000, 2000]
7362	1051005		100	IDLE	['指挥官！七实找到了过去留下的时间胶囊！', '七实有点忘记当时放了什么进去，不过一定都是超有趣的东西！', '一起把它打开吧！', '然后，开出的东西，就送给指挥官当礼物！']	[2000, 2000, 2000, 2000]
7363	1051005		100	IDLE	['指挥官！七实找到了过去留下的时间胶囊！', '七实有点忘记当时放了什么进去，不过一定都是超有趣的东西！', '一起把它打开吧！', '然后，开出的东西，就送给指挥官当礼物！']	[2000, 2000, 2000, 2000]
7401	1321003		10	IDLE	['这样漫长的等待时间，似乎与我的期待并不对等。']	[2000]
7402	1321003		10	IDLE	['希望明天你能用一种更新奇的形式出现在我面前。']	[2000]
7403	1321003		10	IDLE	['在同一个地方停留太久，难免会厌倦。']	[2000]
7404	1321003		10	IDLE	['……是“大失败”呢。']	[2000]
7405	1321003		30	IDLE	['密闭的地方……像是个与世隔绝的气泡。']	[2000]
7406	1321003		30	IDLE	['欢迎回来。']	[2000]
7407	1321003		30	IDLE	['能够占有这样的一片空间，似乎也不错。']	[2000]
7408	1321003		30	IDLE	['书都看完了……']	[2000]
7409	1321003		30	IDLE	['骰子掷出的是“10”，不好不坏的结果。']	[2000]
7410	1321003		50	IDLE	['这次你来得很及时，不然就要劳烦你帮我换一处房间了。']	[2000]
7411	1321003		50	IDLE	['欢迎回来。']	[2000]
7412	1321003		50	IDLE	['能够占有这样的一片空间，似乎也不错。']	[2000]
7413	1321003		50	IDLE	['书都看完了……']	[2000]
7414	1321003		50	IDLE	['骰子掷出的是“10”，不好不坏的结果。']	[2000]
7415	1321003		80	IDLE	['欢迎回来……或许你想听“欢迎回家”？']	[2000]
7416	1321003		80	IDLE	['别担心，我一直在这里。']	[2000]
7417	1321003		80	IDLE	['是个不错的地方。']	[2000]
7418	1321003		80	IDLE	['不要给自己太大压力，适时的休息一下会更好。']	[2000]
7419	1321003		100	IDLE	['欢迎回来……或许你想听“欢迎回家”？']	[2000]
7420	1321003		100	IDLE	['别担心，我一直在这里。']	[2000]
7421	1321003		100	IDLE	['是个不错的地方。']	[2000]
7422	1321003		100	IDLE	['不要给自己太大压力，适时的休息一下会更好。']	[2000]
7423	1321003		100	IDLE	['这样的独行还称不上“孤独”，我早已习惯。']	[2000]
7424	1321003		30	IDLE	['监察院那边还有工作。']	[2000]
7425	1321003		30	IDLE	['千篇一律的故事。']	[2000]
7426	1321003		30	IDLE	['如果要吸引注意，也许制造什一些“小”意外是个好办法。']	[2000]
7427	1321003		30	IDLE	['嘘……搅扰别人阅读，可不是什么好习惯。']	[2000]
7428	1321003		30	IDLE	['令人费解的陈设。']	[2000]
7429	1321003		50	IDLE	['这次看出认真收拾过房间了。']	[2000]
7430	1321003		50	IDLE	['嗯，没什么不符合空中花园规定的东西。']	[2000]
7431	1321003		50	IDLE	['留下的人，是抛弃了所有……还是被所有抛下？']	[2000]
7432	1321003		50	IDLE	['熟悉的地方，和以往一样。']	[2000]
7433	1321003		50	IDLE	['再来回走个十圈，对这里的兴趣就该消散了。']	[2000]
7434	1321003		80	IDLE	['你准备了各种饮品，唯独没有苦咖啡……非常好。']	[2000]
7435	1321003		80	IDLE	['我可以对房间稍加改造，也许能改善一下你的生活习惯。']	[2000]
7436	1321003		80	IDLE	['现在有什么愿望的话……也许你眨眨眼，就能实现了。']	[2000]
7437	1321003		100	IDLE	['你准备了各种饮品，唯独没有苦咖啡……非常好。']	[2000]
7438	1321003		100	IDLE	['我可以对房间稍加改造，也许能改善一下你的生活习惯。']	[2000]
7439	1321003		100	IDLE	['现在有什么愿望的话……也许你眨眨眼，就能实现了。']	[2000]
7440	1321003		100	IDLE	['如果看到什么秘密，我会帮你一起保守的。']	[2000]
7441	1321003		100	IDLE	['我可以确保房间里永远安全，你愿意永远留在这里吗？']	[2000]
7442	1321003			IDLE	['“睡眠”是必要的，这是一种迎接明日的行动。', '哪怕我不需要和人类一样的睡眠，也仍对这种特殊意义感兴趣。']	[2000, 2000]
7443	1321003			IDLE	['来吧，睡在这里……和我一起。', '我看过了，这是你今天一定会做的事。', '在重要的时刻，我会将你唤醒的。嗯，我可以答应你。']	[2000, 2000, 2000]
7444	1321003			IDLE	['与办公室的座椅不同，这里的沙发总是会让人散发倦意……', '也好，不如就去沙发上休息一下。']	[2000, 2000]
7445	1321003			IDLE	['我体验过了，符合机体工学，做工也很不错。', '但我还是更喜欢自己的软椅。']	[2000, 2000]
7446	1321003			IDLE	['如果你想打开柜子，就来我这里拿钥匙吧。', '我不会阻拦你，只是……', '不管里面有什么，你都要接受观测未知的结果。']	[2000, 2000, 2000]
7447	1321003			IDLE	['当然，只是一些没有威胁性的小物件。']	[2000]
7448	1321003			IDLE	['没什么，只是想起一些早已凝固的往事。', '群星黯淡，火种熄灭，直到一切都寂亡。']	[2000, 2000]
7449	1321003			IDLE	['现在，相似的毁灭正在向你们靠近。', '我忽然想见证你的选择与结局，想相信……你能够挣脱这份“必然”。']	[2000, 2000]
7450	1321003			IDLE	['读者本不该参与故事的叙述。', '但每次看到那些微小的挣扎，总会令我忍不住走入故事。']	[2000, 2000]
7451	1321003			IDLE	['所幸，我停留在你身上的目光从未落空过。', '你和身边的所有人，一直在为故事带来各种意想不到的走向。']	[2000, 2000]
7452	1321003			IDLE	['下次有机会的话，把你手头看的那本书分享给我吧。', '虽然信息的传递速度与方式都有不同，但我还是很喜欢这个世界的读物。']	[2000, 2000]
7453	1321003			IDLE	['不仅有无数作者孜孜不倦地创作着，每一个点子还都那么令人惊奇。', '就算让我来创作，也想不出那些绝妙的东西。']	[2000, 2000]
7454	1321003			IDLE	['我又带来了一些方糖。', '你要是想喝咖啡，可以随时来我这里取。']	[2000, 2000]
7455	1321003			IDLE	['“这么多”……？十罐而已，不需要多久就能用完。']	[2000]
7456	1321003			IDLE	['怎么忽然想要一个拥抱……又做噩梦了吗？', '连拥抱都这样小心，像是在触碰什么易碎品。']	[2000, 2000]
7457	1321003			IDLE	['……也好。', '能成为你眼中值得温柔以待的人，应该是一件好事。']	[2000, 2000]
7458	1321003		80	IDLE	['“蚍蜉撼树”，下一句是什么……“不自量力”？', '我不曾小瞧过任何微小的力量。', '正相反，我会期待“渺小”带来的结局。', '那种结局，不管在哪片星空之中，都十分引人注目。']	[2000, 2000, 2000, 2000]
7459	1321003		80	IDLE	['监察院的工作也许比你想象的要有趣一些。', '追踪行动，调查线索，甚至有权追查目标对象的记忆数据。', '就连你的行踪，我也可以调查。', '别担心我会调查你什么……我已经知晓很多了。']	[2000, 2000, 2000, 2000]
7460	1321003		100	IDLE	['~~', '好奇这个声音吗？', '这是属于四翼白鸦的曲调，没听过也正常。', '我用你可以理解的方式呈现了……确实是想观察你的反应。', '总而言之，我想听听你的评价。']	[2000, 2000, 2000, 2000, 2000]
7461	1321003		100	IDLE	['早上好，灰鸦的指挥官。', '今天是寻常的一天，月亮照常落下，太阳照常升起。', '你也同往日一样苏醒，然后见到我。', '再一次以我的名字呼唤我吧，而不是任何其他的代称或职位。', '“伊什梅尔”……对。']	[2000, 2000, 2000, 2000, 2000]
7462	1321003		100	IDLE	['我刻了一枚新的二十面骰，送给你。', '多谢你带给我的惊喜，这是我的正式回礼。', '伸手接住看看？也许能掷出不小的点数。', '哦……是“大成功”呢。', '看来，会有幸运的事情发生在你身上。']	[2000, 2000, 2000, 2000, 2000]
7463	1321003		100	IDLE	['我刻了一枚新的二十面骰，送给你。', '多谢你带给我的惊喜，这是我的正式回礼。', '伸手接住看看？也许能掷出不小的点数。', '哦……是“大成功”呢。', '看来，会有幸运的事情发生在你身上。']	[2000, 2000, 2000, 2000, 2000]
7501	1331003		10	IDLE	['……这里真是闷得让人透不过气。']	[2000]
7502	1331003		10	IDLE	['……看看你这地方，祥和宁静，无聊透顶……']	[2000]
7503	1331003		10	IDLE	['毫无悬念的局面，实在让人提不起半点兴趣。']	[2000]
7504	1331003		10	IDLE	['……居然连个吧台都没有？']	[2000]
7505	1331003		30	IDLE	['坐起来还是有点不舒服，得再调整一下膝刺的角度。']	[2000]
7506	1331003		30	IDLE	['欢迎，今天打算玩些什么？']	[2000]
7507	1331003		30	IDLE	['有什么麻烦需要帮忙解决吗？我很乐意为你效劳哦。']	[2000]
7508	1331003		30	IDLE	['预热结束咯，接下来，游戏才真正开始。']	[2000]
7509	1331003		30	IDLE	['作为给赢家的奖励，特别允许你靠近些吧，指挥官阁下……']	[2000]
7510	1331003		50	IDLE	['竟然是这种款式的伞架，你的品味果然很不错呢。']	[2000]
7511	1331003		50	IDLE	['欢迎，今天打算玩些什么？']	[2000]
7512	1331003		50	IDLE	['有什么麻烦需要帮忙解决吗？我很乐意为你效劳哦。']	[2000]
7513	1331003		50	IDLE	['预热结束咯，接下来，游戏才真正开始。']	[2000]
7514	1331003		50	IDLE	['作为给赢家的奖励，特别允许你靠近些吧，指挥官阁下……']	[2000]
7515	1331003		80	IDLE	['埃莉诺，来，跟我念，埃、莉、诺……']	[2000]
7516	1331003		80	IDLE	['这里的气息真是愈加醇香……']	[2000]
7517	1331003		80	IDLE	['如此渴望赢取“奖品”的感觉，真是好久没有过了……']	[2000]
7518	1331003		80	IDLE	['我愿在这里留多久？这得看你会在这里待多久。']	[2000]
7519	1331003		100	IDLE	['埃莉诺，来，跟我念，埃、莉、诺……']	[2000]
7520	1331003		100	IDLE	['这里的气息真是愈加醇香……']	[2000]
7521	1331003		100	IDLE	['如此渴望赢取“奖品”的感觉，真是好久没有过了……']	[2000]
7522	1331003		100	IDLE	['我愿在这里留多久？这得看你会在这里待多久。']	[2000]
7523	1331003		100	IDLE	['有注意到房间里的小装饰吗？这是我喜欢的风格，要记好哦。']	[2000]
7524	1331003		30	IDLE	['指挥官阁下，能给我点更刺激的东西吗？']	[2000]
7525	1331003		30	IDLE	['居然要我浪费时间在这样的地方……']	[2000]
7526	1331003		30	IDLE	['光是站着不动……是在试探我的耐心？']	[2000]
7527	1331003		30	IDLE	['靠得太近了，如此失礼，可不像是指挥官阁下该有的风度。']	[2000]
7528	1331003		30	IDLE	['这里的陈设该换换风格了……']	[2000]
7529	1331003		50	IDLE	['作弊？给你点小礼物，这次就当没看见，好吧？']	[2000]
7530	1331003		50	IDLE	['这里的天气总是这么乏味，就不能来场能冲刷一切的暴雨？']	[2000]
7531	1331003		50	IDLE	['尝了尝，你的饮品味道真是平淡，不如让我往里加点特别的香料……']	[2000]
7532	1331003		50	IDLE	['这里的布置，真是越来越别出新意……']	[2000]
7533	1331003		50	IDLE	['来玩个小游戏吧，赌子弹在枪里的哪一发……不许问我装了几颗哦。']	[2000]
7534	1331003		80	IDLE	['这是为你特制的饮品，好好喝下去，一滴也别浪费……']	[2000]
7535	1331003		80	IDLE	['像你这样有趣的家伙，既然遇上，怎么能轻易放过呢？']	[2000]
7536	1331003		80	IDLE	['想了解一些更刺激的玩法吗？我可以亲自示范。']	[2000]
7537	1331003		100	IDLE	['这是为你特制的饮品，好好喝下去，一滴也别浪费……']	[2000]
7538	1331003		100	IDLE	['像你这样有趣的家伙，既然遇上，怎么能轻易放过呢？']	[2000]
7539	1331003		100	IDLE	['想了解一些更刺激的玩法吗？我可以亲自示范。']	[2000]
7540	1331003		100	IDLE	['累了就睡吧，别担心……我可不喜欢对毫无反抗之力的人下手。']	[2000]
7541	1331003		100	IDLE	['不想让我制造什么“意外”的话，可要一直盯紧我哦。']	[2000]
7542	1331003			IDLE	['许多猎人习惯趁猎物熟睡，毫无防备时发动袭击。', '但也正因如此，有些“猎物”反其道而行，假装入睡，引诱“猎人”行动……', '而后突然露出獠牙，将猎人与猎物的身份颠倒。', '指挥官，你该不会是那种欲擒故纵的类型吧？']	[2000, 2000, 2000, 2000]
7543	1331003			IDLE	['你觉得我又会是哪种类型呢？', '要不要试试看？']	[2000, 2000]
7544	1331003			IDLE	['洛普拉多斯内从不缺柔软舒适的沙发。', '但客人们却更喜欢待在赌桌旁的小椅子上。']	[2000, 2000]
7545	1331003			IDLE	['对他们而言，像这样坐着休息，都是一种浪费。', '和这些人不同，我们用不着那么吝啬。', '所以，为什么还不过来？难道，指挥官是不想……坐在我旁边吗？']	[2000, 2000, 2000]
7546	1331003			IDLE	['每个柜子都可能有个暗格……', '里面藏着不该让人看见的东西。']	[2000, 2000]
7547	1331003			IDLE	['那么，来看看我送给指挥官阁下的那些礼物……', '会被放在什么地方呢？']	[2000, 2000]
7548	1331003			IDLE	['气氛有些沉闷。', '不妨让我讲个笑话来调剂一下？']	[2000, 2000]
7549	1331003			IDLE	['不用这么紧张。', '我保证，真的只会是个无害的“笑话”……']	[2000, 2000]
7550	1331003			IDLE	['惨痛的经历带来了教训，教训沉淀为经验，经验凝聚成方法。', '下次遇到同样的陷阱，便能轻松规避，绝不上当。']	[2000, 2000]
7551	1331003			IDLE	['多么美好的想法，不是吗？', '可惜啊……欲望总是会让人奋不顾身。']	[2000, 2000]
7552	1331003			IDLE	['命运向来不偏爱任何一人。', '因此，赌局里从来没有常胜将军。']	[2000, 2000]
7553	1331003			IDLE	['那么该如何才能一直赢下去呢？', '让我告诉你一个小秘诀，指挥官阁下。', '就是输赢，从不止局限于桌面之上。']	[2000, 2000, 2000]
7554	1331003			IDLE	['终于全部备齐了……将这些东西带进这里，可真是不容易。', '怎么，感兴趣吗，拿去看看吧。']	[2000, 2000]
7555	1331003			IDLE	['都是空中花园违禁的物品？', '是啊，所以将这些东西带进来才不容易。', '至于怎么带进的，嘘……这是淑女的秘密，可不能随意刺探哦。']	[2000, 2000, 2000]
7556	1331003			IDLE	['升格者的秘密就摆在你的眼前……', '指挥官阁下就没有兴趣探究一番？']	[2000, 2000]
7557	1331003			IDLE	['清楚判断风险后果断出手，正是一个优秀牌手最值得拥有的素质。', '所以，你是已经权衡并接受这个行为可能需要的代价……', '你就这么相信，能从我这里赚到？']	[2000, 2000, 2000]
7558	1331003		80	IDLE	['有些人在输尽一切后，仍然不肯停手。', '一无所有的他们甚至愿将自己兑作筹码。', '此时，便需要有人能够准确衡量对方的价值。', '在这方面，我还算擅长。', '那么，指挥官阁下，你认为自己能值多少呢？']	[2000, 2000, 2000, 2000, 2000]
7559	1331003		80	IDLE	['一场游戏的参与者可以很多，但赢家的位置始终只有一个。', '指挥官，我们已经坐上同一张牌桌……', '有信心将我逼到走投无路吗？', '我很期待那一时刻的到来呢。']	[2000, 2000, 2000, 2000]
7560	1331003		100	IDLE	['越是精妙的技巧，越是需要反复打磨。', '而最好的练习方式，就是实战。', '当然，实战就需要一个足够有水平的对手。', '所以，指挥官，直到我满意为止，你可别想离开哦。']	[2000, 2000, 2000, 2000]
7561	1331003		100	IDLE	['能够品味情绪的感官不止一种……', '眼睛、耳朵、皮肤……包括舌头，都可以。', '不同的搭配、不同的感受、不同的心境……', '指挥官，为我调制一杯饮品吧。', '让我品尝一下你内心深处，关于我的那份味道吧？']	[2000, 2000, 2000, 2000, 2000]
7562	1331003		100	IDLE	['人们总是比自己预期的更容易相信眼前所见，而这点就很好利用……', '比如，现在的我看似空手，但只需一个动作——', '瞧，东西就出现在了。', '小心点，这次是礼物，下次，可能就是匕首了。']	[2000, 2000, 2000, 2000]
7563	1331003		100	IDLE	['人们总是比自己预期的更容易相信眼前所见，而这点就很好利用……', '比如，现在的我看似空手，但只需一个动作——', '瞧，东西就出现在了。', '小心点，这次是礼物，下次，可能就是匕首了。']	[2000, 2000, 2000, 2000]
7601	1531005		10	IDLE	['呼……不用担心，只需休息一下，我的意识海就能平静下来。']	[2000]
7602	1531005		10	IDLE	['指挥……你在这里吗？']	[2000]
7603	1531005		10	IDLE	['弦剑，需要稍微修整一下了。']	[2000]
7604	1531005		10	IDLE	['某处……好像传来了声音。']	[2000]
7605	1531005		30	IDLE	['窗外的雨声……虽然嘈杂，但并不会让我烦躁。']	[2000]
7606	1531005		30	IDLE	['啊，你来了，指挥。']	[2000]
7607	1531005		30	IDLE	['你的造访还是这样安静。']	[2000]
7608	1531005		30	IDLE	['你轻柔的脚步声，就像是担心会打扰我的演奏一样……']	[2000]
7609	1531005		30	IDLE	['我总在期待意料之外的音符。']	[2000]
7610	1531005		50	IDLE	['音乐是体验，而非静止的展品。']	[2000]
7611	1531005		50	IDLE	['啊，你来了，指挥。']	[2000]
7612	1531005		50	IDLE	['你的造访还是这样安静。']	[2000]
7613	1531005		50	IDLE	['你轻柔的脚步声，就像是担心会打扰我的演奏一样……']	[2000]
7614	1531005		50	IDLE	['我总在期待意料之外的音符。']	[2000]
7615	1531005		80	IDLE	['原来宿舍的墙壁自带吸音涂料？']	[2000]
7616	1531005		80	IDLE	['下次，试试在隔音房进行唢呐练习吧……']	[2000]
7617	1531005		80	IDLE	['哼哼哼~']	[2000]
7618	1531005		80	IDLE	['氛围很容易通过一些小装饰来营造……']	[2000]
7619	1531005		100	IDLE	['原来宿舍的墙壁自带吸音涂料？']	[2000]
7620	1531005		100	IDLE	['下次，试试在隔音房进行唢呐练习吧……']	[2000]
7621	1531005		100	IDLE	['哼哼哼~']	[2000]
7622	1531005		100	IDLE	['氛围很容易通过一些小装饰来营造……']	[2000]
7623	1531005		100	IDLE	['让这里变得独一无二的，是仅仅属于这方空间的旋律。']	[2000]
7624	1531005		30	IDLE	['隔音棉？其实指挥不必费心张罗的。']	[2000]
7625	1531005		30	IDLE	['心静之处，就很适宜声律流淌。']	[2000]
7626	1531005		30	IDLE	['各式家具，就像来自四海的协奏曲……']	[2000]
7627	1531005		30	IDLE	['踩过潮湿的土地，嗅到青草的气息……']	[2000]
7628	1531005		30	IDLE	['方形的八音盒，形状就和这间屋子一样。']	[2000]
7629	1531005		50	IDLE	['嗯，我准备好登台了。']	[2000]
7630	1531005		50	IDLE	['松香对弦剑而言并不是必须品……']	[2000]
7631	1531005		50	IDLE	['周遭、心境，“变化”去了又来……']	[2000]
7632	1531005		50	IDLE	['恒定的演奏法则，是编织乐曲的根基。']	[2000]
7633	1531005		50	IDLE	['当然，不变的存在，还有……指挥，你。']	[2000]
7634	1531005		80	IDLE	['今日的曲目，就由我来送上一首小步舞曲，如何？']	[2000]
7635	1531005		80	IDLE	['来，指挥，请把手心交给我。注意节奏，移动脚下……']	[2000]
7636	1531005		80	IDLE	['无需播种，鲜花自会在春日盛放。']	[2000]
7637	1531005		100	IDLE	['今日的曲目，就由我来送上一首小步舞曲，如何？']	[2000]
7638	1531005		100	IDLE	['来，指挥，请把手心交给我。注意节奏，移动脚下……']	[2000]
7639	1531005		100	IDLE	['无需播种，鲜花自会在春日盛放。']	[2000]
7640	1531005		100	IDLE	['换一支更热情的曲目，怎么样？']	[2000]
7641	1531005		100	IDLE	['一见到你，便有无数灵感不断从我心中涌现……']	[2000]
7642	1531005			IDLE	['之前在梦中的时候，恍惚间觉得自己被团雾包裹住了。', '许多记忆的残像在我面前飘过，但却怎么也捉不着……', '指挥，可以……靠近我一些吗？']	[2000, 2000, 2000]
7643	1531005			IDLE	['嗯……你还在，你就在此处，真好。']	[2000]
7644	1531005			IDLE	['听闻，从前的人更喜欢用随手可得的器材来演奏。', '比如，木箱可以是街头演奏的落座点，也能是很好的打击乐器。', '在地上的见闻，为我的创作提供了许多珍贵的素材……']	[2000, 2000, 2000]
7645	1531005			IDLE	['指挥，陪我坐一会吧。那些故事，我也想说给你听。']	[2000]
7646	1531005			IDLE	['生活就是艺术，黄金时代有这样的说法。', '有些时候，我会想象家什将这里填满的模样。', '器皿、烤箱，还有搅拌器……', '然后让指挥来猜猜看，它们会奏出怎样的旋律。']	[2000, 2000, 2000, 2000]
7647	1531005			IDLE	['当然——得闭上眼睛才行，就算闻到糕点的香味也不准睁开。']	[2000]
7648	1531005			IDLE	['民谣，流行乐，摇滚……', '这些都是我以前曾短暂接触，但没有深入了解的领域。', '但是经历了那趟旅行之后，我明白了。']	[2000, 2000, 2000]
7649	1531005			IDLE	['只在艺术协会展馆停留，是无法彻底明白这些音乐的魅力的。', '唯有在鲜活的生活之中……它们才会绽放出独一无二的韵彩。']	[2000, 2000]
7650	1531005			IDLE	['无需转头，我便知道是你来了。', '怎么知道的？']	[2000, 2000]
7651	1531005			IDLE	['嗯……这轻柔的脚步，还有这平静的呼吸声……', '就是来自于你，我绝不会听错。']	[2000, 2000]
7652	1531005			IDLE	['还想学习更多的舞步吗？', '无论是华尔兹，还是探戈，芭蕾……', '我都能担任你的舞伴。']	[2000, 2000, 2000]
7653	1531005			IDLE	['你只需要完全放松，把全身心都交给我就好。', '这次……我们来一起完成这段终曲吧。']	[2000, 2000]
7654	1531005			IDLE	['下次，我们一起再去看看那朵播撒在温室角落的鸢尾吧。', '过了那么久的时间，它应该长得很茂盛了。']	[2000, 2000]
7655	1531005			IDLE	['它就如我对你的思念一般……', '在那段已经早被我们抛诸身后的岁月里，不断生长。']	[2000, 2000]
7656	1531005			IDLE	['嗯？指挥想要学习音乐吗？', '艺术协会有许多种类的器材供指挥选用。', '之后指挥若是有空闲的话，我们可以一起……']	[2000, 2000, 2000]
7657	1531005			IDLE	['只是想要待在我的身边？', '那……要来试试，和我一起合奏吗？']	[2000, 2000]
7658	1531005		80	IDLE	['比起以前的我，现在，我的行事可能会更为直接……', '但我并不抗拒这种改变。', '因为，有时候，文字抵达的速度太慢了。', '有些话，我想马上就说给你听。']	[2000, 2000, 2000, 2000]
7659	1531005		80	IDLE	['现在的我，偶尔还会听到意识海深处传来的“塞壬鲸歌”……', '不，我一点都不害怕这个声音。', '因为我早就在你身上，得到了足以抵抗恐惧的力量。']	[2000, 2000, 2000]
7660	1531005		100	IDLE	['倘若再遇到命运的捉弄，下一次，就由我来迎接指挥吧。', '……抱歉，这个反应，我是否吓到你了？', '放心，我绝不会再不告而别。', '只是，我想让你明白……', '无论相隔多远，我都一定会来见你。']	[2000, 2000, 2000, 2000, 2000]
7661	1531005		100	IDLE	['“你若是能明白一个人在爱恋中的感觉……”', '“便能明白，用空言来遏制这份灼热，是多么滑稽。”', '“那就仿佛是在冬雪中取火，徒劳而无益。”']	[2000, 2000, 2000]
7662	1531005		100	IDLE	['指挥，能收下这份礼物吗？', '……对，里面并非什么有价值的东西，只是一些我的心意。', '但如果我的送赠之物，能让你感到高兴……', '我也会非常欢喜。']	[2000, 2000, 2000, 2000]
7663	1531005		100	IDLE	['指挥，能收下这份礼物吗？', '……对，里面并非什么有价值的东西，只是一些我的心意。', '但如果我的送赠之物，能让你感到高兴……', '我也会非常欢喜。']	[2000, 2000, 2000, 2000]
7701	1341002		10	IDLE	['无聊，让我想个办法打发时间……嗯？你怎么一脸警惕？']	[2000]
7702	1341002		10	IDLE	['唔……好困。']	[2000]
7703	1341002		10	IDLE	['我没听清，也不想听第二遍。']	[2000]
7704	1341002		10	IDLE	['这宿舍的布置……嗯，能再有趣点就好了。']	[2000]
7705	1341002		30	IDLE	['好麻烦啊……工作这种事，不能自动完成吗？']	[2000]
7706	1341002		30	IDLE	['午睡真的那么舒服？还是说，你们只是找借口偷懒？']	[2000]
7707	1341002		30	IDLE	['刚才突然想到一件事……嗯？不告诉你，除非你拿点有趣的东西来交换。']	[2000]
7708	1341002		30	IDLE	['有没有蜂蜜味的能量罐，或者更甜一点的？']	[2000]
7709	1341002		30	IDLE	['给你准备了些牛奶，趁热喝哦~']	[2000]
7710	1341002		50	IDLE	['欸，又有新的任务？刚好我也有空，要不要我陪你一起呀~？']	[2000]
7711	1341002		50	IDLE	['午睡真的那么舒服？还是说，你们只是找借口偷懒？']	[2000]
7712	1341002		50	IDLE	['刚才突然想到一件事……嗯？不告诉你，除非你拿点有趣的东西来交换。']	[2000]
7713	1341002		50	IDLE	['有没有蜂蜜味的能量罐，或者更甜一点的？']	[2000]
7714	1341002		50	IDLE	['给你准备了些牛奶，趁热喝哦~']	[2000]
7715	1341002		80	IDLE	['嗯？你想去做别的事？不行，今天的你归我管。']	[2000]
7716	1341002		80	IDLE	['来剪刀石头布吧，我赢了，你的一天归我；你赢了，我的一天归你。怎么样，很划算吧？']	[2000]
7717	1341002		80	IDLE	['天黑之后，就是恶魔做“坏事”的时间哦……猜猜看，今晚我会做些什么呢？']	[2000]
7718	1341002		80	IDLE	['我的尾巴呀，可是比你想象的还要灵活哦。怎么样，要来试试看吗？']	[2000]
7719	1341002		100	IDLE	['嗯？你想去做别的事？不行，今天的你归我管。']	[2000]
7720	1341002		100	IDLE	['来剪刀石头布吧，我赢了，你的一天归我；你赢了，我的一天归你。怎么样，很划算吧？']	[2000]
7721	1341002		100	IDLE	['天黑之后，就是恶魔做“坏事”的时间哦……猜猜看，今晚我会做些什么呢？']	[2000]
7722	1341002		100	IDLE	['我的尾巴呀，可是比你想象的还要灵活哦。怎么样，要来试试看吗？']	[2000]
7723	1341002		100	IDLE	['你有没有听过这个说法——答应恶魔的邀请，就别想着能全身而退？']	[2000]
7724	1341002		30	IDLE	['现在是休息时间，没事别来烦我，有事也不行。']	[2000]
7725	1341002		30	IDLE	['离我远点。']	[2000]
7726	1341002		30	IDLE	['给你个机会，逗我笑一下。']	[2000]
7727	1341002		30	IDLE	['……我听着呢，继续。']	[2000]
7728	1341002		30	IDLE	['糖吃完了……']	[2000]
7729	1341002		50	IDLE	['天气不错啊，天选者，要一起去外面看看吗？']	[2000]
7730	1341002		50	IDLE	['今天有什么新鲜事？没有？马上就有了！']	[2000]
7731	1341002		50	IDLE	['啊……走路好累，要不你背我？']	[2000]
7732	1341002		50	IDLE	['我刚才翻了一下你的终端……哦？你在紧张什么？']	[2000]
7733	1341002		50	IDLE	['钥匙不见了？……看我做什么？洁塔薇大人才不会在这种无聊的恶作剧上浪费时间呢。']	[2000]
7734	1341002		80	IDLE	['满脸烦恼的样子，让洁塔薇用魔法帮你扫除不开心吧。']	[2000]
7735	1341002		80	IDLE	['已经习惯与“恶魔”相伴的日子了吗？再这样下去，以后就真的逃不掉咯~']	[2000]
7736	1341002		80	IDLE	['天选者，累了不懂得好好休息，可是会得到我的“特别优待”的噢。']	[2000]
7737	1341002		100	IDLE	['满脸烦恼的样子，让洁塔薇用魔法帮你扫除不开心吧。']	[2000]
7738	1341002		100	IDLE	['已经习惯与“恶魔”相伴的日子了吗？再这样下去，以后就真的逃不掉咯~']	[2000]
7739	1341002		100	IDLE	['天选者，累了不懂得好好休息，可是会得到我的“特别优待”的噢。']	[2000]
7740	1341002		100	IDLE	['神神秘秘的……难道是一个人偷偷去做坏事了？下次记得叫上洁塔薇一起哦。']	[2000]
7741	1341002		100	IDLE	['欸～发什么呆呢？要是没事做，我给你个重要任务：去陪洁塔薇大人散步，不许拒绝哦。']	[2000]
7742	1341002			IDLE	['唔……为了减少能耗，适当的休息还是必须的。', '不过呢，总有些不安分的算力单元，在该停下的时候反而越运转越快。', '它们好像特别执着于……嘻，想知道吗？']	[2000, 2000, 2000]
7743	1341002			IDLE	['陪我一起休息吧，等醒来再告诉你。']	[2000]
7744	1341002			IDLE	['这张沙发简直是捕获恶魔的陷阱。', '柔软又舒服，一坐下就完全不想起来。']	[2000, 2000]
7745	1341002			IDLE	['天选者，想听洁塔薇讲故事吗？', '那就坐近些吧……再近点，不然我就要施展魔法，让你永远赖在这里喽～']	[2000, 2000]
7746	1341002			IDLE	['这些是我特意为你制作的爱心早餐。', '洁塔薇大人的独家秘方，营养和味道都是满分。']	[2000, 2000]
7747	1341002			IDLE	['已经全部放进柜子里了，记得每天乖乖吃完。', '我可是会随时突击检查的。']	[2000, 2000]
7748	1341002			IDLE	['我稍微改造了一下房间的电路。', '这样的话，随时都能高效充能。']	[2000, 2000]
7749	1341002			IDLE	['至于电费问题……', '嗯，交给你负责了。']	[2000, 2000]
7750	1341002			IDLE	['这饮品的味道太淡了……', '下次记得多加点糖。']	[2000, 2000]
7751	1341002			IDLE	['嗯？你说已经加了一整罐？', '那和没加有什么区别……']	[2000, 2000]
7752	1341002			IDLE	['啪——嘿嘿，吓到了吗？', '身为空中花园的指挥官，怎么能这么轻易地将背后交出去？']	[2000, 2000]
7753	1341002			IDLE	['看来有必要对你进行针对性训练。', '至于具体怎么做……敬请期待吧~']	[2000, 2000]
7754	1341002			IDLE	['好了，搞定。', '区区这些数据，轻松处理，不费什么力气。']	[2000, 2000]
7755	1341002			IDLE	['教你个高效解决问题的方法吧~', '第一步，把所有数据整理打包。', '第二步，来找我。']	[2000, 2000, 2000]
7756	1341002			IDLE	['哎呀，发现了吗？我的机体可有不少特别的设计。', '比如这对耳朵，尖尖的，和你们人类的可不一样。']	[2000, 2000]
7757	1341002			IDLE	['欸，你干嘛！', '……算了，这次就破例让你摸一下。', '下次，我可就要附加条件了！']	[2000, 2000, 2000]
7758	1341002		80	IDLE	['恶魔啊，诡计多端，阴险狡诈……', '但同时也是最重视契约的生物。', '据说一旦许下了承诺，就算世界毁灭也不会违背噢。', '所以，天选者，想好要和我订立什么样的契约了吗？']	[2000, 2000, 2000, 2000]
7759	1341002		80	IDLE	['猜猜看，我把什么带过来了？', '给你个小提示，把耳朵凑过来……', '“阿——鸦，起——床——啦！”', '嘿嘿，想起来了吗，没错，是白箱。', '我往里面添加了些新的内容，来一起开始新的冒险吧！']	[2000, 2000, 2000, 2000, 2000]
7760	1341002		100	IDLE	['嗯，你在看什么书？《微表情管理》？', '人类的表情是很诚实，有时候，比起嘴上说的，脸上的小动作更能暴露真实情绪。', '不过啊，不管你的表情管理有多厉害，在我面前都是没用的。', '才不是靠什么大数据推演，只是因为……', '我一直有在好好看着你。']	[2000, 2000, 2000, 2000, 2000]
7761	1341002		100	IDLE	['以前的我可是自由自在，想做什么就做什么……', '结果啊，不知道从什么时候开始，身上逐渐多了些奇怪的羁绊。', '我会变成现在这样，都是拜一个笨蛋所赐。', '所以……要好好对我负责哦~']	[2000, 2000, 2000, 2000]
7762	1341002		100	IDLE	['天选者，今天我准备了一点特别的东西。', '放心，不是恶作剧，至少这一次不是。', '来，收下吧，这可是专门为你准备的。', '至于理由？嗯……我送你礼物，还需要特别的理由吗？']	[2000, 2000, 2000, 2000]
7763	1341002		100	IDLE	['天选者，今天我准备了一点特别的东西。', '放心，不是恶作剧，至少这一次不是。', '来，收下吧，这可是专门为你准备的。', '至于理由？嗯……我送你礼物，还需要特别的理由吗？']	[2000, 2000, 2000, 2000]
7801	1131004		10	IDLE	['你就不能换个别的表情吗？']	[2000]
7802	1131004		10	IDLE	['我不会对这种地方感兴趣。']	[2000]
7803	1131004		10	IDLE	['看来，我应该去别的地方找点乐子。']	[2000]
7804	1131004		10	IDLE	['你的“款待”，就只能做到这个地步？']	[2000]
7805	1131004		30	IDLE	['光是这样，我是不会满意的。']	[2000]
7806	1131004		30	IDLE	['嗯？这么快就醒来了吗？']	[2000]
7807	1131004		30	IDLE	['不加糖的咖啡吗？也可以……你的那杯，自己泡。']	[2000]
7808	1131004		30	IDLE	['今天剩下的时间，你的“任务”就是给我好好待在这里。']	[2000]
7809	1131004		30	IDLE	['终端忘了上锁的话，你的秘密……可会都被我掠夺一空的。']	[2000]
7810	1131004		50	IDLE	['你翘班了？那就乖乖留在这里吧，哪里也别想去。']	[2000]
7811	1131004		50	IDLE	['嗯？这么快就醒来了吗？']	[2000]
7812	1131004		50	IDLE	['不加糖的咖啡吗？也可以……你的那杯，自己泡。']	[2000]
7813	1131004		50	IDLE	['今天剩下的时间，你的“任务”就是给我好好待在这里。']	[2000]
7814	1131004		50	IDLE	['终端忘了上锁的话，你的秘密……可会都被我掠夺一空的。']	[2000]
7815	1131004		80	IDLE	['我已经做好了绑架你的计划，这当然不是开玩笑。']	[2000]
7816	1131004		80	IDLE	['想让我在这里待得更久？那就要让我看看你的表现了。']	[2000]
7817	1131004		80	IDLE	['既然成为了我的“战利品”，那你可就要好好打起精神来了，不然的话……']	[2000]
7818	1131004		80	IDLE	['别总给我这些无聊的消遣，我们来玩儿点更有意思的吧。']	[2000]
7819	1131004		100	IDLE	['我已经做好了绑架你的计划，这当然不是开玩笑。']	[2000]
7820	1131004		100	IDLE	['想让我在这里待得更久？那就要让我看看你的表现了。']	[2000]
7821	1131004		100	IDLE	['既然成为了我的“战利品”，那你可就要好好打起精神来了，不然的话……']	[2000]
7822	1131004		100	IDLE	['别总给我这些无聊的消遣，我们来玩儿点更有意思的吧。']	[2000]
7823	1131004		100	IDLE	['居然回来得这么迟，看来……是时候给你一点小小的“责罚”了。']	[2000]
7824	1131004		30	IDLE	['别挡路。']	[2000]
7825	1131004		30	IDLE	['离我远点。']	[2000]
7826	1131004		30	IDLE	['不管怎么看，你这里都乏味得令人生厌。']	[2000]
7827	1131004		30	IDLE	['你就不能给我一点……能让我别这么无聊的东西吗？']	[2000]
7828	1131004		30	IDLE	['想让我留在这里吗……呵呵，看来你还真是个爱幻想的家伙。']	[2000]
7829	1131004		50	IDLE	['怎么，你还想听？不过，我现在倒是不想唱了。']	[2000]
7830	1131004		50	IDLE	['要去散步吗？也不是不行。']	[2000]
7831	1131004		50	IDLE	['一直待在这里可太憋屈了，不如和我一起去找点乐子。']	[2000]
7832	1131004		50	IDLE	['持续整夜的舞会？听起来倒是有点意思。']	[2000]
7833	1131004		50	IDLE	['又发呆了？我可不会对一个沉默的家伙感兴趣，来给我……说点更刺激的事吧。']	[2000]
7834	1131004		80	IDLE	['你的提议？呵……在这里，必须要都听我的，明白了吗？']	[2000]
7835	1131004		80	IDLE	['下次出任务，我可要好好把你带在身边，毕竟那样可以有点乐子……不是吗？']	[2000]
7836	1131004		80	IDLE	['想要私自行动？那就看我会不会给你这个机会吧，你……逃不掉的。']	[2000]
7837	1131004		100	IDLE	['你的提议？呵……在这里，必须要都听我的，明白了吗？']	[2000]
7838	1131004		100	IDLE	['下次出任务，我可要好好把你带在身边，毕竟那样可以有点乐子……不是吗？']	[2000]
7839	1131004		100	IDLE	['想要私自行动？那就看我会不会给你这个机会吧，你……逃不掉的。']	[2000]
7840	1131004		100	IDLE	['勇者，小指挥官……你喜欢哪个“外号”？算了，还是由我来做决定吧。']	[2000]
7841	1131004		100	IDLE	['觉得困倦的话，就在这里休息吧，不过，我可不保证会在你熟睡的时候做点什么……']	[2000]
7842	1131004			IDLE	['呵……还真是让人提不起兴致。', '无聊，我要休息了。', '还愣在那里干什么？去门口好好守着。']	[2000, 2000, 2000]
7843	1131004			IDLE	['在我休息的这段时间，不要让任何人来打搅我，明白了吗？']	[2000]
7844	1131004			IDLE	['没想到，你的品味倒还能让我觉得有点意思。', '那边的沙发看着还不错。']	[2000, 2000]
7845	1131004			IDLE	['别只是呆呆地站在那里，小指挥官……', '再靠近我一点，对……就是这样。']	[2000, 2000]
7846	1131004			IDLE	['嗯？柜子里，居然有不想被我看到的东西吗？', '居然想要对我隐瞒秘密，这样会有什么后果，你想知道吗……']	[2000, 2000]
7847	1131004			IDLE	['呵呵，你的私人物品还真是有意思。', '现在，它们可都已经被我收缴了……']	[2000, 2000]
7848	1131004			IDLE	['这里的陈设看久了，还真是让我有些厌倦了。', '不如，一把火烧了这里，你觉得怎样？', '然后……你再按照我的喜好重新布置一遍。']	[2000, 2000, 2000]
7849	1131004			IDLE	['呵，怎么就露出这样的表情了。', '这样逗你……还真是有意思。']	[2000, 2000]
7850	1131004			IDLE	['想听我“过去”的故事？', '看来你的胆子还是越来越大了呢，连这样的问题都敢提出来。']	[2000, 2000]
7851	1131004			IDLE	['不如这样……', '在你提问之前，先把你所有的秘密都对我交代清楚。']	[2000, 2000]
7852	1131004			IDLE	['“羁绊”这种东西，过于深刻的话，只会给人带来麻烦', '怎么，还是想要像现在这样，继续待在我的身边吗？']	[2000, 2000]
7853	1131004			IDLE	['有意思……']	[2000]
7854	1131004			IDLE	['在找你的制式手枪？我刚才已经丢出去了……', '呵，这么容易就骗到你了啊。']	[2000, 2000]
7855	1131004			IDLE	['“砰”……在这里。', '呵呵，下次再这么松懈的话，我要从你这里取走的东西……就不光只有它了。']	[2000, 2000]
7856	1131004			IDLE	['你的手，还真是不听话啊……', '怎么，对我的头发，就这么感兴趣吗？']	[2000, 2000]
7857	1131004			IDLE	['哦？就只是这样？', '接下来，就该让我来……']	[2000, 2000]
7858	1131004		80	IDLE	['你不需要担心所谓的危险，', '你和危机之间，必然会存在“屏障”。', '嘘，现在不要问。', '那究竟是什么……我会慢慢让你知道真正的答案。']	[2000, 2000, 2000, 2000]
7859	1131004		80	IDLE	['每个人都想从你身上攫取所谓的“价值”。', '法奥斯学院的首席，空中花园的指挥官……', '不过，对我而言。', '这些称谓都是乏味的东西罢了。', '你真正的价值——是独属于我、完全不同的东西。']	[2000, 2000, 2000, 2000, 2000]
7860	1131004		100	IDLE	['我真正想要的东西？', '不如说，旁人所渴求的事物……我无所谓。', '我现在真正想要的。', '就是彻底的拥有你，指挥官。']	[2000, 2000, 2000, 2000]
7861	1131004		100	IDLE	['向我展示你还没有暴露的一面吧，指挥官。', '不管是什么，我都会全数收下。', '我完全懂你。', '这就是我对你的绝对权利。']	[2000, 2000, 2000, 2000]
7862	1131004		100	IDLE	['想要从我这里索取什么吗？', '我答应你，这就是对你所求的回应。', '不过，你有想好要用你的什么来和我交换吗？', '呵呵，用不着急着回答……']	[2000, 2000, 2000, 2000]
7863	1131004		100	IDLE	['想要从我这里索取什么吗？', '我答应你，这就是对你所求的回应。', '不过，你有想好要用你的什么来和我交换吗？', '呵呵，用不着急着回答……']	[2000, 2000, 2000, 2000]
7901	1351003		10	IDLE	['……']	[2000]
7902	1351003		10	IDLE	['嗯？']	[2000]
7903	1351003		10	IDLE	['离我远点。']	[2000]
7904	1351003		10	IDLE	['这里……太过封闭……']	[2000]
7905	1351003		30	IDLE	['力量，还不够。']	[2000]
7906	1351003		30	IDLE	['有什么事？']	[2000]
7907	1351003		30	IDLE	['正好，你来了。']	[2000]
7908	1351003		30	IDLE	['你在做什么？']	[2000]
7909	1351003		30	IDLE	['向我展示下你的力量吧。']	[2000]
7910	1351003		50	IDLE	['你靠得有些近了。']	[2000]
7911	1351003		50	IDLE	['有什么事？']	[2000]
7912	1351003		50	IDLE	['正好，你来了。']	[2000]
7913	1351003		50	IDLE	['你在做什么？']	[2000]
7914	1351003		50	IDLE	['向我展示下你的力量吧。']	[2000]
7915	1351003		80	IDLE	['你倒是挺执着。']	[2000]
7916	1351003		80	IDLE	['你的武器，很不错。']	[2000]
7917	1351003		80	IDLE	['如果你想战斗，那就来吧，我随时奉陪。']	[2000]
7918	1351003		80	IDLE	['但丁！']	[2000]
7919	1351003		100	IDLE	['你倒是挺执着。']	[2000]
7920	1351003		100	IDLE	['你的武器，很不错。']	[2000]
7921	1351003		100	IDLE	['如果你想战斗，那就来吧，我随时奉陪。']	[2000]
7922	1351003		100	IDLE	['但丁！']	[2000]
7923	1351003		100	IDLE	['一沙一世界，一花一天堂。']	[2000]
7924	1351003		30	IDLE	['别浪费时间。']	[2000]
7925	1351003		30	IDLE	['……无趣。']	[2000]
7926	1351003		30	IDLE	['麻烦。']	[2000]
7927	1351003		30	IDLE	['外面，吵得烦人。']	[2000]
7928	1351003		30	IDLE	['够了，别再接近我。']	[2000]
7929	1351003		50	IDLE	['……外面？行吧，随便看看。']	[2000]
7930	1351003		50	IDLE	['还没完？动作快点。']	[2000]
7931	1351003		50	IDLE	['这里还算安静。']	[2000]
7932	1351003		50	IDLE	['嗯……这东西，还有点用处。']	[2000]
7933	1351003		50	IDLE	['你打算一直站着？']	[2000]
7934	1351003		80	IDLE	['“鸟儿欢歌，夜以继日”，鸟儿……呵……']	[2000]
7935	1351003		80	IDLE	['更多的力量……']	[2000]
7936	1351003		80	IDLE	['若你想战胜噩梦……那么就直面它吧。']	[2000]
7937	1351003		100	IDLE	['“鸟儿欢歌，夜以继日”，鸟儿……呵……']	[2000]
7938	1351003		100	IDLE	['更多的力量……']	[2000]
7939	1351003		100	IDLE	['若你想战胜噩梦……那么就直面它吧。']	[2000]
7940	1351003		100	IDLE	['太慢了！']	[2000]
7941	1351003		100	IDLE	['尘归尘……']	[2000]
7942	1351003			IDLE	['…']	[2000]
7943	1351003			IDLE	['太过安逸只会逐渐变弱。']	[2000]
7944	1351003			IDLE	['…']	[2000]
7945	1351003			IDLE	['嗯？这本书……你也感兴趣？']	[2000]
7946	1351003			IDLE	['…']	[2000]
7947	1351003			IDLE	['……但丁。']	[2000]
7948	1351003			IDLE	['你的力量……']	[2000]
7949	1351003			IDLE	['嗯，至少比以前像样了些。']	[2000]
7950	1351003			IDLE	['想学剑术？']	[2000]
7951	1351003			IDLE	['那就试着跟上我的动作吧。']	[2000]
7952	1351003			IDLE	['你对阎魔刀感兴趣？']	[2000]
7953	1351003			IDLE	['放弃吧，这可不是普通的武器。', '只有斯巴达的血脉才能驾驭它。']	[2000, 2000]
7954	1351003			IDLE	['“它日夜不停地生长。”']	[2000]
7955	1351003			IDLE	['“甚至结出一个苹果，鲜亮明媚”……']	[2000]
7956	1351003			IDLE	['…']	[2000]
7957	1351003			IDLE	['你在……挑衅我吗？']	[2000]
7958	1351003		80	IDLE	['但丁？', '那家伙总是四处惹麻烦。', '……完全不够体贴。']	[2000, 2000, 2000]
7959	1351003		80	IDLE	['你的力量的确不弱。', '可真正让你与众不同的……', '是你永不妥协的“心”。']	[2000, 2000, 2000]
7960	1351003		100	IDLE	['想借书？可以……', '不过……别弄坏了。', '不然下次可没这么容易了。']	[2000, 2000, 2000]
7961	1351003		100	IDLE	['“我欢欢喜喜，”', '“欢乐就是我的名字。”', '“愿你得甜蜜的欢乐”……']	[2000, 2000, 2000]
7962	1351003		100	IDLE	['这个给你，别在意，顺手带来的。']	[2000]
7963	1351003		100	IDLE	['这个给你，别在意，顺手带来的。']	[2000]
8001	1361003		10	IDLE	['嗯……？']	[2000]
8002	1361003		10	IDLE	['这里的装修……我本以为你们的品味会更好。']	[2000]
8003	1361003		10	IDLE	['居然连放音乐的设备都没有？！']	[2000]
8004	1361003		10	IDLE	['拜托，给我换个没有橄榄的披萨。']	[2000]
8005	1361003		30	IDLE	['找别人吧，我对这份委托不感兴趣。']	[2000]
8006	1361003		30	IDLE	['呦。']	[2000]
8007	1361003		30	IDLE	['这首音乐听起来不错。']	[2000]
8008	1361003		30	IDLE	['又一台我没见过的新东西，它该怎么用？']	[2000]
8009	1361003		30	IDLE	['新的委托？哈，这次的内容还挺有意思的。']	[2000]
8010	1361003		50	IDLE	['这是谁的武器？有趣……让我试试。']	[2000]
8011	1361003		50	IDLE	['呦。']	[2000]
8012	1361003		50	IDLE	['这首音乐听起来不错。']	[2000]
8013	1361003		50	IDLE	['又一台我没见过的新东西，它该怎么用？']	[2000]
8014	1361003		50	IDLE	['新的委托？哈，这次的内容还挺有意思的。']	[2000]
8015	1361003		80	IDLE	['订的披萨到了，真够快的。']	[2000]
8016	1361003		80	IDLE	['要去打架？带我一个！']	[2000]
8017	1361003		80	IDLE	['维吉尔！']	[2000]
8018	1361003		80	IDLE	['来杯草莓圣代？']	[2000]
8019	1361003		100	IDLE	['订的披萨到了，真够快的。']	[2000]
8020	1361003		100	IDLE	['要去打架？带我一个！']	[2000]
8021	1361003		100	IDLE	['维吉尔！']	[2000]
8022	1361003		100	IDLE	['来杯草莓圣代？']	[2000]
8023	1361003		100	IDLE	['你来了？我正在找你。']	[2000]
8024	1361003		30	IDLE	['无聊……']	[2000]
8025	1361003		30	IDLE	['怎么，有什么事？']	[2000]
8026	1361003		30	IDLE	['真吵……外边发生什么了？']	[2000]
8027	1361003		30	IDLE	['得去找点乐子。']	[2000]
8028	1361003		30	IDLE	['身体要生锈了……']	[2000]
8029	1361003		50	IDLE	['天气不错，到外面兜一圈？']	[2000]
8030	1361003		50	IDLE	['你的工作结束了？']	[2000]
8031	1361003		50	IDLE	['别着急走，有趣的还在后头呢。']	[2000]
8032	1361003		50	IDLE	['该休息了。']	[2000]
8033	1361003		50	IDLE	['你怎么没精打采的，遇上什么事了？']	[2000]
8034	1361003		80	IDLE	['遇到解决不了的问题记得后退，我会接手。']	[2000]
8035	1361003		80	IDLE	"[""Let's Rock！""]"	[2000]
8036	1361003		80	IDLE	['想听我过去的故事？那可说来话长。']	[2000]
8037	1361003		100	IDLE	['遇到解决不了的问题记得后退，我会接手。']	[2000]
8038	1361003		100	IDLE	"[""Let's Rock！""]"	[2000]
8039	1361003		100	IDLE	['想听我过去的故事？那可说来话长。']	[2000]
8040	1361003		100	IDLE	['附近有趣的东西还真不少。']	[2000]
8041	1361003		100	IDLE	['还有空闲的训练场吗？一起去吧。']	[2000]
8042	1361003			IDLE	['…']	[2000]
8043	1361003			IDLE	['充足的休息对战斗有利。']	[2000]
8044	1361003			IDLE	['有临时工作想拜托我？']	[2000]
8045	1361003			IDLE	['那么，来谈谈报酬吧。']	[2000]
8046	1361003			IDLE	['…']	[2000]
8047	1361003			IDLE	['……我不会忘记那一天的。']	[2000]
8048	1361003			IDLE	['刚刚冰箱出了故障，嗡嗡响个不停。', '不过拍了两下后，噪音就没了。']	[2000, 2000]
8049	1361003			IDLE	['看来我的维修方法在你们这儿也挺管用的。']	[2000]
8050	1361003			IDLE	['空中花园好像有不少很强的家伙。', '真想切磋一下……']	[2000, 2000]
8051	1361003			IDLE	['不过，最后赢的肯定会是我吧，哈哈哈。']	[2000]
8052	1361003			IDLE	['瞧，我找到了把新武器。', '来试试它的威力！']	[2000, 2000]
8053	1361003			IDLE	['别担心，我会控制好力度，不弄坏房间里的东西。']	[2000]
8054	1361003			IDLE	['住在这里挺久了。', '虽然已经开始习惯这些装修风格。']	[2000, 2000]
8055	1361003			IDLE	['嗯……果然还是改造一下比较好吧。']	[2000]
8056	1361003			IDLE	['…']	[2000]
8057	1361003			IDLE	['嗯？我的发型有问题吗？']	[2000]
8058	1361003		80	IDLE	['对我的双枪很好奇吗？', '很帅气吧？', '这是来自友人打造的物品……', '当之无愧的点45艺术品。']	[2000, 2000, 2000, 2000]
8059	1361003		80	IDLE	['维吉尔……', '一两句话可解释不清我和他之间的事。', '你说见面就打架？哈，这只是我们打招呼的方式。', '话说回来，他现在在哪里？']	[2000, 2000, 2000, 2000]
8060	1361003		100	IDLE	['你已经比绝大多数人都强了。', '不只是力量，还有守护某样东西的信念。', '嘿，别这么没自信。', '相信我，我的眼光可从来没错过。']	[2000, 2000, 2000, 2000]
8061	1361003		100	IDLE	['想要学习更多武器的用法？', '其实我更建议你先精通一种武器。', '不过既然你提出想学。', '那么跟我来吧。']	[2000, 2000, 2000, 2000]
8062	1361003		100	IDLE	['接着，你似乎挺需要这玩意。']	[2000]
8063	1361003		100	IDLE	['接着，你似乎挺需要这玩意。']	[2000]
8101	1041005		10	IDLE	['我们现在不该浪费时间。']	[2000]
8102	1041005		10	IDLE	['与其呆在这里，不如让我出去执行任务吧。']	[2000]
8103	1041005		10	IDLE	['牺牲的队员们……我偶尔会回忆起他们的面庞。']	[2000]
8104	1041005		10	IDLE	['有些冷，和冬天的雪原一样。']	[2000]
8105	1041005		30	IDLE	['没什么……我只是有些累了。']	[2000]
8106	1041005		30	IDLE	['总感觉还有什么事情没做……']	[2000]
8107	1041005		30	IDLE	['许多时候，祈祷不是为了得到什么，只是为了让心获得宁静。']	[2000]
8108	1041005		30	IDLE	['还没到放松的时候。']	[2000]
8109	1041005		30	IDLE	['当然，我随时听候您的指示。']	[2000]
8110	1041005		50	IDLE	['安静的氛围……适合冥想。']	[2000]
8111	1041005		50	IDLE	['总感觉还有什么事情没做……']	[2000]
8112	1041005		50	IDLE	['许多时候，祈祷不是为了得到什么，只是为了让心获得宁静。']	[2000]
8113	1041005		50	IDLE	['还没到放松的时候。']	[2000]
8114	1041005		50	IDLE	['当然，我随时听候您的指示。']	[2000]
8115	1041005		80	IDLE	['雪原的夜空很静谧，就和这里一样。']	[2000]
8116	1041005		80	IDLE	['愿神庇佑所有的孩子们……庇佑“我们”，庇佑您与我共同的明天。']	[2000]
8117	1041005		80	IDLE	['您的样子有些疲惫，坐在这里吧。最近发生什么事了吗？']	[2000]
8118	1041005		80	IDLE	['这里就是我们的“家”。']	[2000]
8119	1041005		100	IDLE	['雪原的夜空很静谧，就和这里一样。']	[2000]
8120	1041005		100	IDLE	['愿神庇佑所有的孩子们……庇佑“我们”，庇佑您与我共同的明天。']	[2000]
8121	1041005		100	IDLE	['您的样子有些疲惫，坐在这里吧。最近发生什么事了吗？']	[2000]
8122	1041005		100	IDLE	['这里就是我们的“家”。']	[2000]
8123	1041005		100	IDLE	['待在您所布置的房间里，我似乎也逐渐了解您了。']	[2000]
8124	1041005		30	IDLE	['零食不利于您的身体健康，我先收起来了。']	[2000]
8125	1041005		30	IDLE	['到别处转转吧。']	[2000]
8126	1041005		30	IDLE	['休眠舱在哪里？']	[2000]
8127	1041005		30	IDLE	['千篇一律的景象……']	[2000]
8128	1041005		30	IDLE	['您或许能抽出时间与我一同打扫一下？']	[2000]
8129	1041005		50	IDLE	['院线的电影上新了，您要与我一起去看看吗？']	[2000]
8130	1041005		50	IDLE	['清理部队又有新任务了吗……我知道了。']	[2000]
8131	1041005		50	IDLE	['地上还有些灰尘……让我再打扫一下吧。']	[2000]
8132	1041005		50	IDLE	['灯光还有些暗……不，是我太累了吗？']	[2000]
8133	1041005		50	IDLE	['该给百合浇水了。']	[2000]
8134	1041005		80	IDLE	['空气的温度，很适合百合的生长。']	[2000]
8135	1041005		80	IDLE	['我想同您一起走走。']	[2000]
8136	1041005		80	IDLE	['我收到了两封茶会的邀请券……您最近有空吗，指挥官阁下？']	[2000]
8137	1041005		100	IDLE	['空气的温度，很适合百合的生长。']	[2000]
8138	1041005		100	IDLE	['我想同您一起走走。']	[2000]
8139	1041005		100	IDLE	['我收到了两封茶会的邀请券……您最近有空吗，指挥官阁下？']	[2000]
8140	1041005		100	IDLE	['我们会迎来和平的那天的，总有一天。']	[2000]
8141	1041005		100	IDLE	['战术训练？当然，我愿意奉陪。']	[2000]
8142	1041005			IDLE	['是连续作战的时间太长了吗？', '总感觉有些……困……']	[2000, 2000]
8143	1041005			IDLE	['……休息是为了更好地执行任务。', '不用想太多，只要好好休息就好了……吗？', '嗯，您的话语总是那么令人安心……']	[2000, 2000, 2000]
8144	1041005			IDLE	['自由活动时间，也不能过分懈怠。', '这是作为队长的守则。']	[2000, 2000]
8145	1041005			IDLE	['下一个任务的信息是什么？', '在执行任务之前，必须好好调查清楚。']	[2000, 2000]
8146	1041005			IDLE	['我的笔记本和签字笔……']	[2000]
8147	1041005			IDLE	['原来在这里。', '只是想随时记录一些日常的事。', '即使生活在战火之中，', '这些美好的回忆也会支撑着我们继续走下去。']	[2000, 2000, 2000, 2000]
8148	1041005			IDLE	['人类或许永远难以抵达真正的伊甸园……']	[2000]
8149	1041005			IDLE	['即便如此，我们也不该放弃信仰……', '不该放弃对明天的希望。']	[2000, 2000]
8150	1041005			IDLE	['冬天是相当寒冷的季节，也是一个美丽的季节。']	[2000]
8151	1041005			IDLE	['关于冬天的记忆……也不全是坏事。', '毕竟，值得纪念的回忆，还有您会与我一同创造。']	[2000, 2000]
8152	1041005			IDLE	['清理部队的名号或许曾让一些人闻风丧胆……', '但里面的队员，大多也都是普通人。']	[2000, 2000]
8153	1041005			IDLE	['与无数畏惧着他们的人一样，拥有一颗普通而朴实的心。']	[2000]
8154	1041005			IDLE	['在执行肃清之前，必须好好调查清楚……']	[2000]
8155	1041005			IDLE	['无论他人是否理解，无论这条路有多么艰辛……', '我都会坚守自己的准则。']	[2000, 2000]
8156	1041005			IDLE	['我做了一个梦。', '闭上眼睛，雪花落满了雪原……']	[2000, 2000]
8157	1041005			IDLE	['您的手很温暖……', '嗯，无论那个梦多么寒冷……', '至少在现实里，还有您在我的身边。']	[2000, 2000, 2000]
8158	1041005		80	IDLE	['我的头发乱了？', '失礼了，指挥官阁下。', '这副机体的发丝的确很长，有些难以打理……', '如果您不介意的话，可以稍微帮我梳理一下吗？', '嗯，就像这样……']	[2000, 2000, 2000, 2000, 2000]
8159	1041005		80	IDLE	['堆雪人……打雪仗……', '听起来是有些孩子气的游戏。', '雪原的冬天太过寒冷，我以前很少这么玩过。', '不过，如果有机会的话，可以请教一下指挥官阁下吗？', '如果与您一起，我一定能发现很多未曾体验的乐趣。']	[2000, 2000, 2000, 2000, 2000]
8160	1041005		100	IDLE	['指挥官阁下，您有兴趣为一部电影剧本命名吗？', '有了一个标题，我或许更能找到方向。', '故事的主题？嗯……', '很久很久以前，在一个偏僻的黑森林里……']	[2000, 2000, 2000, 2000]
8161	1041005		100	IDLE	['我与您说过了吧，这些零食不利于您的健康。', '……不过，说教的话您也听得差不多了。', '我准备了一些糕点，是按照那些零食的口味改良的。', '您要来尝一尝吗？']	[2000, 2000, 2000, 2000]
8162	1041005		100	IDLE	['这是我上次观影时淘到的小礼品。', '影院的纪念品琳琅满目……', '总感觉有很多让您喜爱的东西。', '如果您下次有空，请陪我一起去看看吧。']	[2000, 2000, 2000, 2000]
8163	1041005		100	IDLE	['这是我上次观影时淘到的小礼品。', '影院的纪念品琳琅满目……', '总感觉有很多让您喜爱的东西。', '如果您下次有空，请陪我一起去看看吧。']	[2000, 2000, 2000, 2000]
8201	1371002		10	IDLE	['请不要乱丢垃圾。']	[2000]
8202	1371002		10	IDLE	['这件衣服的面料质感很差。']	[2000]
8203	1371002		10	IDLE	['如果没有其他任务，我就先回去了。']	[2000]
8204	1371002		10	IDLE	['……']	[2000]
8205	1371002		30	IDLE	['剪刀有些钝了。']	[2000]
8206	1371002		30	IDLE	['桌上的文件我已经帮你处理好了。']	[2000]
8207	1371002		30	IDLE	['工作前活动下手指，效率会更高。']	[2000]
8208	1371002		30	IDLE	['有关打扫的工作，都可以放心交给我。']	[2000]
8209	1371002		30	IDLE	['房间内的物品我已全部整理妥当。']	[2000]
8210	1371002		50	IDLE	['要外出散步吗？明白，我这就去做准备。']	[2000]
8211	1371002		50	IDLE	['桌上的文件我已经帮你处理好了。']	[2000]
8212	1371002		50	IDLE	['工作前活动下手指，效率会更高。']	[2000]
8213	1371002		50	IDLE	['有关打扫的工作，都可以放心交给我。']	[2000]
8214	1371002		50	IDLE	['房间内的物品我已全部整理妥当。']	[2000]
8215	1371002		80	IDLE	['请尽管下令，我会竭尽全力去完成。']	[2000]
8216	1371002		80	IDLE	['这是特意为你准备的下午茶套餐，请慢用。']	[2000]
8217	1371002		80	IDLE	['这里的氛围，总是让人觉得格外放松。']	[2000]
8218	1371002		80	IDLE	['欢迎回来，家居服已经准备好了，我来为你换上。']	[2000]
8219	1371002		100	IDLE	['请尽管下令，我会竭尽全力去完成。']	[2000]
8220	1371002		100	IDLE	['这是特意为你准备的下午茶套餐，请慢用。']	[2000]
8221	1371002		100	IDLE	['这里的氛围，总是让人觉得格外放松。']	[2000]
8222	1371002		100	IDLE	['欢迎回来，家居服已经准备好了，我来为你换上。']	[2000]
8223	1371002		100	IDLE	['指挥官看起来有些疲惫。躺下好好休息吧，我来照看你。']	[2000]
8224	1371002		30	IDLE	['刚刚经过门口的那个人，有些可疑……']	[2000]
8225	1371002		30	IDLE	['这边也存在安全隐患。']	[2000]
8226	1371002		30	IDLE	['我的缝纫套装哪里去了？']	[2000]
8227	1371002		30	IDLE	['外面实在有些吵闹。']	[2000]
8228	1371002		30	IDLE	['指挥官还没回来吗？']	[2000]
8229	1371002		50	IDLE	['这边刚好能摆下一台缝纫机。']	[2000]
8230	1371002		50	IDLE	['这是今日份的报纸。']	[2000]
8231	1371002		50	IDLE	['除了衣服，遇到其他需要修剪的东西时，我也可以帮忙。']	[2000]
8232	1371002		50	IDLE	['绣针刚刚掉到了地上，在我找到之前不要乱动。']	[2000]
8233	1371002		50	IDLE	['戴上面具后，大多数人和我说话总是小心翼翼……我可不会随便咬人。']	[2000]
8234	1371002		80	IDLE	['今天的工作结束了，我来为指挥官安排休息计划。']	[2000]
8235	1371002		80	IDLE	['制服不合身？脱下来吧，我帮你调整下尺寸。']	[2000]
8236	1371002		80	IDLE	['指挥官，你有需要的话，明天我也会亲自叫你起床的。']	[2000]
8237	1371002		100	IDLE	['今天的工作结束了，我来为指挥官安排休息计划。']	[2000]
8238	1371002		100	IDLE	['制服不合身？脱下来吧，我帮你调整下尺寸。']	[2000]
8239	1371002		100	IDLE	['指挥官，你有需要的话，明天我也会亲自叫你起床的。']	[2000]
8240	1371002		100	IDLE	['只要是指挥官的选择，我都会跟随。']	[2000]
8241	1371002		100	IDLE	['泡澡可以放松身心，指挥官有需要的话，我可以帮你放好水，调试水温。']	[2000]
8242	1371002			IDLE	['枕头、被褥、床单……', '想要拥有高质量的睡眠，每一个细节都不能马虎。']	[2000, 2000]
8243	1371002			IDLE	['现在这样就刚刚好。', '舒适得恰到好处。']	[2000, 2000]
8244	1371002			IDLE	['快速判断房间是不是干净，有个很简单的办法。', '那就是看沙发。']	[2000, 2000]
8245	1371002			IDLE	['沙发的缝隙、夹角很容易藏灰。', '只有连这些地方都清理干净，才称得上真正用心。']	[2000, 2000]
8246	1371002			IDLE	['最近柜子里的物品多了起来，是时候好好整理一下了。']	[2000]
8247	1371002			IDLE	['重要文件、办公文具、日常用品……', '我会按分类好好整理。', '保证每一层、每一格都不会混乱。']	[2000, 2000, 2000]
8248	1371002			IDLE	['棉布柔软贴身，透气性出色；', '丝绸光泽流转，高贵而典雅；']	[2000, 2000]
8249	1371002			IDLE	['呢绒触感细腻，富有弹性；', '还有麻布、皮革等……每种面料都有其独特的性能。', '惟有熟悉并灵活运用它们，才能制作出真正合身的衣物。']	[2000, 2000, 2000]
8250	1371002			IDLE	['裁剪看似简单，实际上需要注意的地方并不少。', '面料的纹理、走线方向、还有缩水问题……每一个细节都不能忽略。']	[2000, 2000]
8251	1371002			IDLE	['为保证剪刀落下的瞬间不出错，我通常会提前静下心，去预想每一道剪线的轨迹。', '那可不是在走神。', '所以，指挥官，下次别再用“她又在发呆了”的眼神看我了，好吗？']	[2000, 2000, 2000]
8252	1371002			IDLE	['指挥官，下午茶准备好了。', '今天搭配了现烤的司康、水果塔，还有巧克力慕斯。']	[2000, 2000]
8253	1371002			IDLE	['甜点能补充糖分，有助于唤醒大脑的活力。', '配上伯爵红茶，可以有效舒缓疲劳。', '请慢慢享用吧。']	[2000, 2000, 2000]
8254	1371002			IDLE	['打扫的时候，我习惯放些音乐。', '跟着旋律，动作也会不自觉变得轻快。']	[2000, 2000]
8255	1371002			IDLE	['各种类型里，古典音乐更好。', '指挥官感兴趣的话，稍后我可以给你推荐几首。']	[2000, 2000]
8256	1371002			IDLE	['怎么了？我的头饰歪了吗？', '附近没有镜子……指挥官，能麻烦你帮我调整一下吗？']	[2000, 2000]
8257	1371002			IDLE	['指挥官的手，很温暖……', '如果可以的话，能再稍微多摸一会儿吗？', '我很喜欢这种感觉。']	[2000, 2000, 2000]
8258	1371002		80	IDLE	['以前我就对食物没什么喜好。', '甜的可以，咸的也好，我都不会挑剔。', '非得说出什么要求的话，', '和指挥官一样就可以。']	[2000, 2000, 2000, 2000]
8259	1371002		80	IDLE	['我最近学了一些童谣。', '不是什么正式的曲子，只是小时候常听的那种。', '哪天指挥官要是失眠，需要的话……', '我可以哼这些童谣哄你入睡。']	[2000, 2000, 2000, 2000]
8260	1371002		100	IDLE	['指挥官需要记住的事情总是那么多……', '所以，我想留下一个，不容易被其他事务冲淡的记号。', '能把手暂借给我吗？', '接下来的动作，可能会有点奇怪……但我希望你能永远记住——', '我在你指尖轻轻啃咬时，那一瞬的力度。']	[2000, 2000, 2000, 2000, 2000]
8261	1371002		100	IDLE	['指挥官也对服饰制作感兴趣吗？', '那不妨从量尺寸开始尝试。', '想掌握这项技巧，最有效的方法就是亲手操作。', '你可以先拿我来练习。', '捏住软尺的起点，贴在锁骨下方，视线与这条线保持平齐——这并不困难，对吧？']	[2000, 2000, 2000, 2000, 2000]
8262	1371002		100	IDLE	['上次提到给你做的那套衣服，现在已经完成了。', '我尝试了一些新的剪裁技巧，希望你穿起来会更舒服。', '除了衣服，我还准备了几件搭配用的小饰品，一并送了过来。', '就当作这段时间承蒙指挥官照顾的谢礼，希望你会喜欢。']	[2000, 2000, 2000, 2000]
8263	1371002		100	IDLE	['上次提到给你做的那套衣服，现在已经完成了。', '我尝试了一些新的剪裁技巧，希望你穿起来会更舒服。', '除了衣服，我还准备了几件搭配用的小饰品，一并送了过来。', '就当作这段时间承蒙指挥官照顾的谢礼，希望你会喜欢。']	[2000, 2000, 2000, 2000]
8301	1381003		10	IDLE	['哼……人类。']	[2000]
8302	1381003		10	IDLE	['低功耗待机……']	[2000]
8303	1381003		10	IDLE	['逼仄的房间。']	[2000]
8304	1381003		10	IDLE	['嗯？想偷袭吗？']	[2000]
8305	1381003		30	IDLE	['这种表情令人觉得冷漠？你也会在意这些吗？']	[2000]
8306	1381003		30	IDLE	['嘘——执行基础指令“安静”中。']	[2000]
8307	1381003		30	IDLE	['人类，现在是勿扰模式。']	[2000]
8308	1381003		30	IDLE	['别妄想了，我随时警醒，不会适应这里的。']	[2000]
8309	1381003		30	IDLE	['麻烦的人类，为什么又在看我？']	[2000]
8310	1381003		50	IDLE	['你在想什么？怎么？我不能问你吗？']	[2000]
8311	1381003		50	IDLE	['嘘——执行基础指令“安静”中。']	[2000]
8312	1381003		50	IDLE	['人类，现在是勿扰模式。']	[2000]
8313	1381003		50	IDLE	['别妄想了，我随时警醒，不会适应这里的。']	[2000]
8314	1381003		50	IDLE	['麻烦的人类，为什么又在看我？']	[2000]
8315	1381003		80	IDLE	['总是看着我，就像我会做什么坏事一样……']	[2000]
8316	1381003		80	IDLE	['你就像机械钟一样，非响铃时间存在感也很强。']	[2000]
8317	1381003		80	IDLE	['这里太平和了，不行，我不可以习惯这种安定。']	[2000]
8318	1381003		80	IDLE	['都是假象而已……不能沉溺。']	[2000]
8319	1381003		100	IDLE	['总是看着我，就像我会做什么坏事一样……']	[2000]
8320	1381003		100	IDLE	['你就像机械钟一样，非响铃时间存在感也很强。']	[2000]
8321	1381003		100	IDLE	['这里太平和了，不行，我不可以习惯这种安定。']	[2000]
8322	1381003		100	IDLE	['都是假象而已……不能沉溺。']	[2000]
8323	1381003		100	IDLE	['真是个危险的人类……竟然会让我的意志动摇。']	[2000]
8324	1381003		30	IDLE	['环境勘测……筛查比对掩体位置、视角盲区。']	[2000]
8325	1381003		30	IDLE	['无论走到哪，都感觉不自在……果然，得把这变成自己的“领地”。']	[2000]
8326	1381003		30	IDLE	['为什么跟着我？我不会对这里造成什么破坏。']	[2000]
8327	1381003		30	IDLE	['靠这么近？你确定吗？这是会危及生命的距离。']	[2000]
8328	1381003		30	IDLE	['难以理解，为什么我还留在这里。']	[2000]
8329	1381003		50	IDLE	['唔……今天要摸清地形，研究如何占领更大的“领地”。']	[2000]
8330	1381003		50	IDLE	['检测到持续规律性震动……哦，是我在行走。']	[2000]
8331	1381003		50	IDLE	['人类的生活空间，到处充斥着无聊的设计……嗯？这又是什么？']	[2000]
8332	1381003		50	IDLE	['这里也很可疑……过来，告诉我这是什么？']	[2000]
8333	1381003		50	IDLE	['你没有别的事可做吗？好吧，孤独的家伙，那就跟着我吧。']	[2000]
8334	1381003		80	IDLE	['今天要去哪里逛……我是说，巡察。']	[2000]
8335	1381003		80	IDLE	['之后可以走得更远些，当然……是为了拓展我们的“领地”。']	[2000]
8336	1381003		80	IDLE	['跟上来，你要为我实时说明这里的一切。']	[2000]
8337	1381003		100	IDLE	['今天要去哪里逛……我是说，巡察。']	[2000]
8338	1381003		100	IDLE	['之后可以走得更远些，当然……是为了拓展我们的“领地”。']	[2000]
8339	1381003		100	IDLE	['跟上来，你要为我实时说明这里的一切。']	[2000]
8340	1381003		100	IDLE	['你好像总是为了保护别人而身处险境，我不一样，我会保护你。']	[2000]
8341	1381003		100	IDLE	['这样闲适地漫步确实不错，但没有完成的使命……让我不能停下。']	[2000]
8342	1381003			IDLE	['很吵。为什么要把床放在这么嘈杂的地方？', '整个房间都是运行中的机械，声音突兀得像走调的音乐一样。']	[2000, 2000]
8343	1381003			IDLE	['……怎么一躺上去，全世界就静音运行了。', 'ZZZZ……']	[2000, 2000]
8344	1381003			IDLE	['既然功能没有区别，为什么要额外设置这种柔性载体？', '不是能“坐”就可以吗？什么叫更舒适？']	[2000, 2000]
8345	1381003			IDLE	['这种“陷进去就起不来”的感觉，究竟哪里放松了？', '人类居然会享受这种丧失躯体控制权的感觉吗？']	[2000, 2000]
8346	1381003			IDLE	['这个柜子……有古怪。']	[2000]
8347	1381003			IDLE	['上次你宣称柜子满了，但后勤部送来的零食却都能塞进去。', '而现在明明是空的，为什么要说这里一封工作文件也放不下了？', '用你们人类的术语来说，这是什么叠加态的柜子？']	[2000, 2000, 2000]
8348	1381003			IDLE	['油脂与蛋白质混合物腐败后，滋生的微生物会污染精密仪器。', '所以芝士熏肠分类进高危污染物有问题吗？那里连核废料都能进。']	[2000, 2000]
8349	1381003			IDLE	['我认可人类垃圾分类的想法，但我为什么要按你们的规则分类？', '……是吗，核废料对人类来说那么危险？', '好吧，那它可以和吃剩的芝士熏肠进一个垃圾桶。']	[2000, 2000, 2000]
8350	1381003			IDLE	['嗯？什么叫发呆？我只是在确认一些莫名其妙的图像信息。', '从空间、色彩、视觉主体构成来看，具备一定……无用的逻辑性。', '但核心信息与关键数据占比这么低，毫无信息传递效率。']	[2000, 2000, 2000]
8351	1381003			IDLE	['哪些数据？比如时长、上映日期……这是你们的加密方式吗？', '呃……什么叫这是电影海报？']	[2000, 2000]
8352	1381003			IDLE	['把原始有机物暴露在高温中，反复施加未知化合物……', '根据过程的区别，还会取上不同的名称，有什么意义？']	[2000, 2000]
8353	1381003			IDLE	['……我指的是烹饪，不是刑罚。', '不过烹饪对于食材来说，确实就是酷刑……', '嗯？你为什么把食物放下了。']	[2000, 2000, 2000]
8354	1381003			IDLE	['嗯……', '我没有宕机。']	[2000, 2000]
8355	1381003			IDLE	['我知道，我当然知道这是另一种猫科动物，但它为什么一直响？', '这种动物不使用骨骼吗？为什么看起来像流体？', '噫——让它离我远点，又是个用手指都可能会不小心摁死的家伙。']	[2000, 2000, 2000]
8356	1381003			IDLE	['干什么？', '你再靠近试试？喂，这不是请求……']	[2000, 2000]
8357	1381003			IDLE	['如果你只是想确认我的机体涂层材料，下次直接问我。', '你最好认可我给你的这个理由。', '别得寸进尺了。']	[2000, 2000, 2000]
8358	1381003		80	IDLE	['逐渐习惯这里后，我了解到了很多人类的常识。', '饥饿，就像能量降低到临界阈值，硬件性能都被强制降级。', '困意，就像思维模块有大量的缓存垃圾没有清理。', '心跳，就是正常的逻辑电路出现谬误……', '这叫心动？不都是心脏跳动的意思吗？有什么区别？喂，告诉我。']	[2000, 2000, 2000, 2000, 2000]
8359	1381003		80	IDLE	['我已经知道了，正义的评判始终都有立场。', '不存在完全“中立”的标准。', '是吗？你觉得我们可以尽量靠近这样的标准吗？', '可是，我需要你“不中立”，我希望你能偏袒我。', '就像我居然会莫名其妙偏袒你一样。']	[2000, 2000, 2000, 2000, 2000]
8360	1381003		100	IDLE	['你们似乎喜欢给不同的普通个体装备上同款外壳。', '为什么要用“制服”把大家伪装成同一型号的样子？', '同一型号的机械生命，在共享信息的前提下，动作误差几近于无。', '所以，人类是觉得“看起来一样”可以提高协作性吗？']	[2000, 2000, 2000, 2000]
8361	1381003		100	IDLE	['我不明白，明明是一样的风景，人类却会给它们不同的意义。', '太阳，月亮，海洋，它们明明没有改变。', '你说夕阳？我记得我……可那不一样——', '……我知道了。']	[2000, 2000, 2000, 2000]
8362	1381003		100	IDLE	['接收一下，在冗余库存中发现的……大概只有人类会感兴趣吧。', '为什么送给你？这不是你们人类协议的一种吗？', '在表示谢意、进行安抚、提供增益的情景中应适当进行物质赠予。', '干什么？你那是什么表情……']	[2000, 2000, 2000, 2000]
8363	1381003		100	IDLE	['接收一下，在冗余库存中发现的……大概只有人类会感兴趣吧。', '为什么送给你？这不是你们人类协议的一种吗？', '在表示谢意、进行安抚、提供增益的情景中应适当进行物质赠予。', '干什么？你那是什么表情……']	[2000, 2000, 2000, 2000]
8401	1031005		10	IDLE	['珍惜平静的每一天。']	[2000]
8402	1031005		10	IDLE	['上次培育的果子，差不多快成熟了。']	[2000]
8403	1031005		10	IDLE	['“要好好长大”，是一句传递希望的魔法咒语。']	[2000]
8404	1031005		10	IDLE	['只是在放空而已。']	[2000]
8405	1031005		30	IDLE	['我的悲悯……还没有耗尽。']	[2000]
8406	1031005		30	IDLE	['故事的新一页，写点什么好呢？']	[2000]
8407	1031005		30	IDLE	['“回家”，只两个字就可以让人生出无限的勇气。']	[2000]
8408	1031005		30	IDLE	['我有一个纯粹的愿望……']	[2000]
8409	1031005		30	IDLE	['需要我的时候，随时叫我。']	[2000]
8410	1031005		50	IDLE	['好安静……去找指挥官吗？']	[2000]
8411	1031005		50	IDLE	['故事的新一页，写点什么好呢？']	[2000]
8412	1031005		50	IDLE	['“回家”，只两个字就可以让人生出无限的勇气。']	[2000]
8413	1031005		50	IDLE	['我有一个纯粹的愿望……']	[2000]
8414	1031005		50	IDLE	['需要我的时候，随时叫我。']	[2000]
8415	1031005		80	IDLE	['有你在的日子，我会期待每一次醒来。']	[2000]
8416	1031005		80	IDLE	['我已经能守护我所选择的家人了。']	[2000]
8417	1031005		80	IDLE	['小小的幸福，一片又一片地累积着……这是我最宝贵的东西。']	[2000]
8418	1031005		80	IDLE	['咦，在哪里……我是不是将发带落在你桌上了？']	[2000]
8419	1031005		100	IDLE	['有你在的日子，我会期待每一次醒来。']	[2000]
8420	1031005		100	IDLE	['我已经能守护我所选择的家人了。']	[2000]
8421	1031005		100	IDLE	['小小的幸福，一片又一片地累积着……这是我最宝贵的东西。']	[2000]
8422	1031005		100	IDLE	['咦，在哪里……我是不是将发带落在你桌上了？']	[2000]
8423	1031005		100	IDLE	['我们所想象的未来，会成真的。']	[2000]
8424	1031005		30	IDLE	['这里再添置些什么好呢……']	[2000]
8425	1031005		30	IDLE	['指挥官的日程……要是能更轻松些就好了。']	[2000]
8426	1031005		30	IDLE	['还有什么我可以处理的吗？']	[2000]
8427	1031005		30	IDLE	['紧急联系人……很早就设成了你。']	[2000]
8428	1031005		30	IDLE	['过好日子，也是一种适配训练。']	[2000]
8429	1031005		50	IDLE	['总想要做到更多。']	[2000]
8430	1031005		50	IDLE	['惟愿这双手，能永远抚平你眉心的刻痕。']	[2000]
8431	1031005		50	IDLE	['指挥官很喜欢那一天的餐点，要将配方单独记下来。']	[2000]
8432	1031005		50	IDLE	['鸟羽，花朵……接下来该送你什么好呢……']	[2000]
8433	1031005		50	IDLE	['这种甜些的果实做冻干，那一种比较酸，蜜渍一下试试。']	[2000]
8434	1031005		80	IDLE	['能藏体检报告的地方，都清理过了哦~']	[2000]
8435	1031005		80	IDLE	['等风起时，再一起飞向天边。']	[2000]
8436	1031005		80	IDLE	['一步，两步，我喜欢丈量我们同行的路和时光。']	[2000]
8437	1031005		100	IDLE	['能藏体检报告的地方，都清理过了哦~']	[2000]
8438	1031005		100	IDLE	['等风起时，再一起飞向天边。']	[2000]
8439	1031005		100	IDLE	['一步，两步，我喜欢丈量我们同行的路和时光。']	[2000]
8440	1031005		100	IDLE	['想变成小鸟，用羽毛温暖你的掌心。']	[2000]
8441	1031005		100	IDLE	['无谓风霜雨雪，无谓阴晴寒暑，你在哪里，我就在哪里。']	[2000]
8442	1031005			IDLE	['如果躺下也在想事情，是做不到有效休息的。', '欸？你是说，这句话对我也适用……']	[2000, 2000]
8443	1031005			IDLE	['呼……之前还没有感觉这么困……', '听着你平稳的呼吸声，就会自然地放松下来呢……']	[2000, 2000]
8444	1031005			IDLE	['我订购了新的坐垫，和青草香氛。', '从繁忙的日程中抽出一会儿，稍稍喘口气吧。']	[2000, 2000]
8445	1031005			IDLE	['想象我们坐在洒满阳光的草地上……', '像那段日子一样。']	[2000, 2000]
8446	1031005			IDLE	['自从更换了武器，我总会更关注镜面、亮面的东西。', '那里似乎蹭上了些痕迹，我去擦一擦。']	[2000, 2000]
8447	1031005			IDLE	['啊，已经干净到反光了。', '柜子柜子，请告诉我，谁是世界上最可爱的小灰鸦？', '忽然想到的，别、别打趣我呀……']	[2000, 2000, 2000]
8448	1031005			IDLE	['到家就好好放松吧，指挥官。']	[2000]
8449	1031005			IDLE	['果切在桌上，热茶刚泡好，我陪着你呢。']	[2000]
8450	1031005			IDLE	['不仅是我在陪伴着他们，他们也在陪伴我……']	[2000]
8451	1031005			IDLE	['共同努力着，向生机重现的未来而去。']	[2000]
8452	1031005			IDLE	['更换新机体后的作战表现，把露西亚和里先生吓了一跳。', '得知我的意识海隐痛已经好转许多的时候，露西亚抱住了我。', '“想做什么就去做吧，也别太勉强自己，有我们在。”里先生这样说。']	[2000, 2000, 2000]
8453	1031005			IDLE	['是啊，我正是为了和灰鸦的大家一直一直在一起，', '才愿意做出任何改变，迎接任何挑战。']	[2000, 2000]
8454	1031005			IDLE	['童话不都是顺遂的。', '那之中也有流浪的艰辛，有追求的曲折。']	[2000, 2000]
8455	1031005			IDLE	['那更像一条通往心之所向的长路。', '而我，仍在路上。']	[2000, 2000]
8456	1031005			IDLE	['每当看到飞鸟们相互梳理羽毛，心也会轻盈地飘起来。', '和被你抚过发丝时，是类似的感受。']	[2000, 2000]
8457	1031005			IDLE	['想让此刻持续得更久一些……', '哪怕不说话，感受着这份温度，就足够美好。']	[2000, 2000]
8458	1031005		80	IDLE	['嗯……你问我在写什么？', '并没有完整的构思，只是一个片段……我看见你时浮现于心的。', '指挥官有空的话，要不要来玩一个游戏？', '我写一段，你接一段，我们一起写完这个故事吧。']	[2000, 2000, 2000, 2000]
8459	1031005		80	IDLE	['我花了很久才想明白，“家”……指的不是我容身的居所，', '而是我爱、也爱我的人所在之处。', '所以，指挥官，每当我回到你身边，我就回家了。']	[2000, 2000, 2000]
8460	1031005		100	IDLE	['下一个休息日，想再去温室看看。', '那里有安和的光，有欣欣向荣的生命力……', '你也来的话，我便能将我珍视的都拥在身边。']	[2000, 2000, 2000]
8461	1031005		100	IDLE	['虽然有些不好意思，但……指挥官可不可以靠过来一些？', '像这样，把脸放在我捧起的手中。', '没什么，就是读到一首很美的诗，“我做云，你做月亮”……', '让我拢住你的疲倦与忧伤，在青碧的夜空上。']	[2000, 2000, 2000, 2000]
8462	1031005		100	IDLE	['正如你赠予我一切，你注视我的目光……', '我对你的感情，无法用我现在手中的物件衡量。', '不过，收下吧，指挥官。', '看到此刻你的笑容，我已经如愿了。']	[2000, 2000, 2000, 2000]
8463	1031005		100	IDLE	['正如你赠予我一切，你注视我的目光……', '我对你的感情，无法用我现在手中的物件衡量。', '不过，收下吧，指挥官。', '看到此刻你的笑容，我已经如愿了。']	[2000, 2000, 2000, 2000]
8501	1291003		10	IDLE	['这样站着……还不如去给清洁机器人的终端清灰……']	[2000]
8502	1291003		10	IDLE	['啧……怎么总在工作时蹦出编曲的灵感……']	[2000]
8503	1291003		10	IDLE	['ZZZ…休眠中。骗你的，我只是懒得动弹。']	[2000]
8504	1291003		10	IDLE	['这里得写个补丁……唔，太简单了。']	[2000]
8505	1291003		30	IDLE	['好麻烦……究竟谁在喜欢工作……']	[2000]
8506	1291003		30	IDLE	['你的天才布偶熊系统暂时停止响应……']	[2000]
8507	1291003		30	IDLE	['作为盯着我看的报酬，我可以把你现在的脸做成表情包吗？']	[2000]
8508	1291003		30	IDLE	['没有摆烂，现在是“预处理下班状态”。']	[2000]
8509	1291003		30	IDLE	['好无聊……我们骇入卡列尼娜的私人歌单品鉴一下吧。']	[2000]
8510	1291003		50	IDLE	['微调环境参数……好了，这下可以舒服地睡觉了……']	[2000]
8511	1291003		50	IDLE	['你的天才布偶熊系统暂时停止响应……']	[2000]
8512	1291003		50	IDLE	['作为盯着我看的报酬，我可以把你现在的脸做成表情包吗？']	[2000]
8513	1291003		50	IDLE	['没有摆烂，现在是“预处理下班状态”。']	[2000]
8514	1291003		50	IDLE	['好无聊……我们骇入卡列尼娜的私人歌单品鉴一下吧。']	[2000]
8515	1291003		80	IDLE	['ZZZ……我知道你在偷看~低功耗运行也可以感知系统全开。']	[2000]
8516	1291003		80	IDLE	['一个发呆进程正在后台运行……要来占用我的算力吗？']	[2000]
8517	1291003		80	IDLE	['我在你后台创建了新歌单，听听看？']	[2000]
8518	1291003		80	IDLE	['嗯？意外吧~虽然是后台运行，但我有在好好工作。']	[2000]
8519	1291003		100	IDLE	['ZZZ……我知道你在偷看~低功耗运行也可以感知系统全开。']	[2000]
8520	1291003		100	IDLE	['一个发呆进程正在后台运行……要来占用我的算力吗？']	[2000]
8521	1291003		100	IDLE	['我在你后台创建了新歌单，听听看？']	[2000]
8522	1291003		100	IDLE	['嗯？意外吧~虽然是后台运行，但我有在好好工作。']	[2000]
8523	1291003		100	IDLE	['我们能用对面那块空白区域投影玩《布偶熊方块》吗？']	[2000]
8524	1291003		30	IDLE	['呃啊……可恶，这不是去假期的路！']	[2000]
8525	1291003		30	IDLE	['我要在摸鱼大道上一条路走到黑……']	[2000]
8526	1291003		30	IDLE	['这里的线缆排布还有优化空间……我？那需要额外的报酬。']	[2000]
8527	1291003		30	IDLE	['向你走来的是工程部队副队长……配乐是《布偶熊闲逛进行曲》。']	[2000]
8528	1291003		30	IDLE	['这是巡视，检查设备维养情况，不是闲逛。']	[2000]
8529	1291003		50	IDLE	['再继续跟着的话，下个拐弯你就会踢到没收拾的工具箱了。']	[2000]
8530	1291003		50	IDLE	['……这不是早退，我只是听到自由在呼唤。']	[2000]
8531	1291003		50	IDLE	['我们去喝点新鲜的……红茶？樱桃红茶？樱桃咖啡？红茶咖啡？']	[2000]
8532	1291003		50	IDLE	['等等……我接受到“下班”的强烈信号，快跟上。']	[2000]
8533	1291003		50	IDLE	['……跟着音乐节拍走，指挥官，这样效率更高。']	[2000]
8534	1291003		80	IDLE	['叮～您的专属顾问小熊同学已上线，本次导航只需一杯樱桃电解液。']	[2000]
8535	1291003		80	IDLE	['这样悄悄跟在我身后，你在找我背后的防御漏洞吗？']	[2000]
8536	1291003		80	IDLE	['哒—哒哒~这是我的行动BGM，你还有时间尽快习惯。']	[2000]
8537	1291003		100	IDLE	['叮～您的专属顾问小熊同学已上线，本次导航只需一杯樱桃电解液。']	[2000]
8538	1291003		100	IDLE	['这样悄悄跟在我身后，你在找我背后的防御漏洞吗？']	[2000]
8539	1291003		100	IDLE	['哒—哒哒~这是我的行动BGM，你还有时间尽快习惯。']	[2000]
8540	1291003		100	IDLE	['路线规划……避开监控，途径“指挥官”补给点，直达自由，耶！']	[2000]
8541	1291003		100	IDLE	['你在测试我们的同步率吗？我不介意直接告诉你答案~']	[2000]
8542	1291003			IDLE	['嗯……有人调整了床垫硬度吗？', '这个硬度怎么能好好休息？不信你自己试试。']	[2000, 2000]
8543	1291003			IDLE	['哦……没感觉不一样?大概是我们对弹性参数的反馈不太一样。', '反正都躺下了，趁机好好休息下吧——这样看我做什么？']	[2000, 2000]
8544	1291003			IDLE	['这个柔软度……不错嘛~我征用了。', '快过来，这个角度刚好能看到人工天幕的星云……你怎么还在忙？']	[2000, 2000]
8545	1291003			IDLE	['呼……这才叫生活。……你挡到我的视线了。', '只是挪开可不够~要表达歉意的话，过来坐下陪我看星星。']	[2000, 2000]
8546	1291003			IDLE	['我好像看到你藏了一盒红茶在最上层…要帮忙灭口吗？', '不用？那需要我帮忙加固你的仓储密钥吗？', '不用客气，小菜一碟。来，把管理员权限给我。']	[2000, 2000, 2000]
8547	1291003			IDLE	['加固好了，不过……现在你想打开就得求我了~', '我帮你打开柜子，作为报酬，茶叶得归我吧？', '很公平的交易不是吗？']	[2000, 2000, 2000]
8548	1291003			IDLE	['哈哈哈……哈哈哈哈哈哈哈。', '要来看诺曼集团的未公开影像吗？莱昂纳多篇堪称年度喜剧。', '简直是能击败我灾难喜剧排行榜第一的存在。']	[2000, 2000, 2000]
8549	1291003			IDLE	['嗯？排行榜第一是什么？', '嗤，是某人的倒霉时刻集锦。']	[2000, 2000]
8550	1291003			IDLE	['哼~哼哼~（哼歌）', '嗯？我正在为安保系统做迭代优化~']	[2000, 2000]
8551	1291003			IDLE	['为什么这么开心？', '可能是因为合理合法地拿到了管理员权限吧~', '这下我就能光明正大地把欢迎语改成“今天也要摸鱼”了~']	[2000, 2000, 2000]
8552	1291003			IDLE	['我倒也可以做一些设备基础维养工作啦……', '不过有点小前科……嗯？哪些前科？', '比如把考勤记录联动到清洁机器人的终端，意外获得全勤奖励。']	[2000, 2000, 2000]
8553	1291003			IDLE	['比如，把任务信息密钥设置为唱完一首歌的音准达到80分以上……', '你想听吗？我有备份，每个人都超精彩的~']	[2000, 2000]
8554	1291003			IDLE	['你常喝咖啡，我喜欢红茶……要不要设计一款红茶咖啡曲奇？', '一次搞定下午茶，很适合外勤时携带。', '样品烘焙？不用那么麻烦，我在意识海模拟下味道就好——']	[2000, 2000, 2000]
8555	1291003			IDLE	['呕……', '我……放太多糖了……呕……']	[2000, 2000]
8556	1291003			IDLE	['嗯？偷袭我？我的头可不是什么免费景点。', '你的表情有点奇怪……让我给你分析一下。']	[2000, 2000]
8557	1291003			IDLE	['嗯，结论是你的压力太大，需要多摸摸我的头。', '不靠谱吗？但很管用对吧……现在感觉不错了吧？', '我敢保证，现在就算去看顶级菜鸟的代码，你也会觉得顺眼多了。']	[2000, 2000, 2000]
8558	1291003		80	IDLE	['小小优化了布朗尼的内置系统，指挥官，过来试试？', '效率提升12%，附赠新功能——筛选婉拒无用应酬与会议。', '连回复都是按老头子们各自喜好定制的难看格式，怎么样？', '还可以？哼……这个呢，根据任务报告生成你的超精彩冒险小说~', '这下喜欢了吧？嗤，版权费得分我一半。']	[2000, 2000, 2000, 2000, 2000]
8559	1291003		80	IDLE	['来了？等我一会，只剩收尾工作了。', '你看这些线路，像不像一座微缩城市？', '电容是储能站，电阻是交通枢纽，信号川流不息……', '只要运行起来……听，数字奔流的声音——', '这就是由工程师创造的“城市”交响曲。']	[2000, 2000, 2000, 2000, 2000]
8560	1291003		100	IDLE	['你这几天就在吃这些吗？让我看看配表。', '营养成分、热量、口感……分析完毕。', '身体是健康了，但胃口应该死掉了吧。', '作战人员的特训需要？你还真守规矩。', '怎么样，要和我去做点不守规矩的事吗？请你吃好吃的~']	[2000, 2000, 2000, 2000, 2000]
8561	1291003		100	IDLE	['试试这个耳机？', '我调整了音频曲线，收听效果应该比制式的好很多。', '当然，也能更完美呈现我的作品~', '都存在你的终端里了，有新作我也会实时更新的。', '请务必用我送你的耳机，认·真·欣·赏哦~']	[2000, 2000, 2000, 2000, 2000]
8562	1291003		100	IDLE	['喏，打开吧。', '放心，不是恶作剧。', '别误会哦，也不是什么特·别·准·备的东西~', '不会吧，你还真的信了？', '当然是专门为你准备的啦……在关键时刻犯傻的家伙。']	[2000, 2000, 2000, 2000, 2000]
8563	1291003		100	IDLE	['喏，打开吧。', '放心，不是恶作剧。', '别误会哦，也不是什么特·别·准·备的东西~', '不会吧，你还真的信了？', '当然是专门为你准备的啦……在关键时刻犯傻的家伙。']	[2000, 2000, 2000, 2000, 2000]
8601	1141004		10	IDLE	['想念篝火……']	[2000]
8602	1141004		10	IDLE	['嗯……']	[2000]
8603	1141004		10	IDLE	['有些累了。']	[2000]
8604	1141004		10	IDLE	['休息一下吧。']	[2000]
8605	1141004		30	IDLE	['灯光……太亮了……']	[2000]
8606	1141004		30	IDLE	['唔……唔……我还没有睡着……']	[2000]
8607	1141004		30	IDLE	['有些冷清。']	[2000]
8608	1141004		30	IDLE	['如果这里能多一些孩子们就好了。']	[2000]
8609	1141004		30	IDLE	['我的卡牌呢？']	[2000]
8610	1141004		50	IDLE	['想再看一次极光……']	[2000]
8611	1141004		50	IDLE	['唔……唔……我还没有睡着……']	[2000]
8612	1141004		50	IDLE	['有些冷清。']	[2000]
8613	1141004		50	IDLE	['如果这里能多一些孩子们就好了。']	[2000]
8614	1141004		50	IDLE	['我的卡牌呢？']	[2000]
8615	1141004		80	IDLE	['变身台词……选什么好呢？']	[2000]
8616	1141004		80	IDLE	['要来一局卡牌对决吗？']	[2000]
8617	1141004		80	IDLE	['有什么需要做的事情吗？带上我吧。']	[2000]
8618	1141004		80	IDLE	['想要休息的话，可以来我身边，我会为你遮蔽风雪。']	[2000]
8619	1141004		100	IDLE	['变身台词……选什么好呢？']	[2000]
8620	1141004		100	IDLE	['要来一局卡牌对决吗？']	[2000]
8621	1141004		100	IDLE	['有什么需要做的事情吗？带上我吧。']	[2000]
8622	1141004		100	IDLE	['想要休息的话，可以来我身边，我会为你遮蔽风雪。']	[2000]
8623	1141004		100	IDLE	['我制作了一些极地特有的松针茶，希望能抚平你的劳累。']	[2000]
8624	1141004		30	IDLE	['真是不幸……']	[2000]
8625	1141004		30	IDLE	['这里，有些狭窄。']	[2000]
8626	1141004		30	IDLE	['如果有风就好了。']	[2000]
8627	1141004		30	IDLE	['…………']	[2000]
8628	1141004		30	IDLE	['太无聊了……']	[2000]
8629	1141004		50	IDLE	['有些怀念奔跑的感觉。']	[2000]
8630	1141004		50	IDLE	['跑起来吧。']	[2000]
8631	1141004		50	IDLE	['前进！']	[2000]
8632	1141004		50	IDLE	['要一起玩躲避球吗？']	[2000]
8633	1141004		50	IDLE	['为这里增添一些北极航线联合风格的装饰吧。']	[2000]
8634	1141004		80	IDLE	['我会为你冲锋。']	[2000]
8635	1141004		80	IDLE	['使命，比风雪更凛冽。']	[2000]
8636	1141004		80	IDLE	['黎明就在前方。']	[2000]
8637	1141004		100	IDLE	['我会为你冲锋。']	[2000]
8638	1141004		100	IDLE	['使命，比风雪更凛冽。']	[2000]
8639	1141004		100	IDLE	['黎明就在前方。']	[2000]
8640	1141004		100	IDLE	['罗塞塔，出击！']	[2000]
8641	1141004		100	IDLE	['要听一些猎人的故事吗？极地的猎人们，都有许多不同寻常的见闻。']	[2000]
8642	1141004			IDLE	['还是不太习惯这种过于柔软的床铺。', '自己一个人睡的感觉……同样也不习惯。']	[2000, 2000]
8643	1141004			IDLE	['有机会的话，要试试围在篝火旁睡在一起的感觉吗？', '现在，就请在我身边小憩片刻。']	[2000, 2000]
8644	1141004			IDLE	['你说想试试在我背上休息？']	[2000]
8645	1141004			IDLE	['当然可以……', '我会调整自身的姿态，尽量让指挥官感觉更舒服。']	[2000, 2000]
8646	1141004			IDLE	['我记得……梳理头发的用具应该在这里。', '找到了。']	[2000, 2000]
8647	1141004			IDLE	['这样子算是打理好了吗……', '嗯？……指挥官你要帮我？', '不，我没有意见，不如说非常感谢。']	[2000, 2000, 2000]
8648	1141004			IDLE	['指挥官，你喜欢海吗？', '有时候，我会离开林地，去往无人的海岸边。', '只是呆呆地看着灰暗的海与天际融为一体。']	[2000, 2000, 2000]
8649	1141004			IDLE	['每当这个时候……我会觉得内心格外平静。']	[2000]
8650	1141004			IDLE	['最近发现一部关于骑士的动画片。', '虽然情节有些理想化，但主人公的正义感我很喜欢。']	[2000, 2000]
8651	1141004			IDLE	['指挥官，你有类似的作品推荐吗？', '我们可以一起看。']	[2000, 2000]
8652	1141004			IDLE	['指挥官，你尝试过在雪原上追踪猎物的足迹吗？', '雪地与林间万物寂静，只有风与呼吸声……']	[2000, 2000]
8653	1141004			IDLE	['现在回想起来，那份专注让我学会了如何沉淀内心。', '这里的宁静偶尔也会让我想起那些日子。']	[2000, 2000]
8654	1141004			IDLE	['在极地，总会有各种传说流转在众人口中。', '猎人们也是如此。']	[2000, 2000]
8655	1141004			IDLE	['极光是指引逝去之人灵魂归家的路。', '过去的我并不相信这条传说。', '但现在……我或许能渐渐理解了……']	[2000, 2000, 2000]
8656	1141004			IDLE	['需要拥抱吗？', '没问题，指挥官可以与我诉说所有事情。', '我明白，即使是再坚强的猎人，也会有需要休息的时刻。']	[2000, 2000, 2000]
8657	1141004			IDLE	['让我来为你唱一首摇篮曲……', '让所有的雪不再落下，让所有的火不再熄灭……']	[2000, 2000]
8658	1141004		80	IDLE	['统合机……这份力量并不独属于我。', '承载着众人的祈愿，众人的信念。', '我会不断前进，前进……', '突破所有障碍，突破所有壁垒。', '直至抵达……不，开辟出众人理想之地。']	[2000, 2000, 2000, 2000, 2000]
8659	1141004		80	IDLE	['从风雪归来的骑士——极光罗塞塔，登场！', '啊……被发现了……', '其实这是孩子们邀请我参演的作品的角色台词。', '我正在努力背台词，希望开拍的时候不会拖后腿。', '你会期待我的参演吗？指挥官。']	[2000, 2000, 2000, 2000, 2000]
8660	1141004		100	IDLE	['有时我会想，如果我运气好一些。', '是否就能更早遇见你。', '果然我还是不够幸运……', '不……或许正是那些“不够幸运”的经历，', '才让我能真正理解并珍惜此刻与你并肩的意义。']	[2000, 2000, 2000, 2000, 2000]
8661	1141004		100	IDLE	['现在的我，比以前更加理解“守护”的意义。', '它不仅仅是击退敌人，更是要让每个人都有可以期望的明天。', '当看到新苏菲亚城平稳运转，居民们向我微笑致意时。', '那份满足感，是任何战利品都无法比拟的。']	[2000, 2000, 2000, 2000]
8662	1141004		100	IDLE	['请收下这件礼物吧。', '我挑选了很久，希望你能喜欢。', '上次你送我的限量卡牌，我已经收藏在最稳妥的位置了。', '谢谢你理解我这份幼稚的爱好。']	[2000, 2000, 2000, 2000]
8663	1141004		100	IDLE	['请收下这件礼物吧。', '我挑选了很久，希望你能喜欢。', '上次你送我的限量卡牌，我已经收藏在最稳妥的位置了。', '谢谢你理解我这份幼稚的爱好。']	[2000, 2000, 2000, 2000]
8701	1391003		10	IDLE	['小乌鸦……在哪？']	[2000]
8702	1391003		10	IDLE	['有些困倦……']	[2000]
8703	1391003		10	IDLE	['还是小憩一会吧。']	[2000]
8704	1391003		10	IDLE	['请保持距离，别靠太近。']	[2000]
8705	1391003		30	IDLE	['嘘……']	[2000]
8706	1391003		30	IDLE	['如果一定得休息的话，至少，给我一本书打发时间吧……']	[2000]
8707	1391003		30	IDLE	['理事会的会议？看起来并不需要我参加。']	[2000]
8708	1391003		30	IDLE	['刚才思考太专注了，没注意到你……']	[2000]
8709	1391003		30	IDLE	['还有工作没有处理完……']	[2000]
8710	1391003		50	IDLE	['有新的任务？需要我协助吗？']	[2000]
8711	1391003		50	IDLE	['如果一定得休息的话，至少，给我一本书打发时间吧……']	[2000]
8712	1391003		50	IDLE	['理事会的会议？看起来并不需要我参加。']	[2000]
8713	1391003		50	IDLE	['刚才思考太专注了，没注意到你……']	[2000]
8714	1391003		50	IDLE	['还有工作没有处理完……']	[2000]
8715	1391003		80	IDLE	['或许，就这样把工作抛开，什么也不做，也很闲适呢。']	[2000]
8716	1391003		80	IDLE	['嗯？并不是在发呆，只是在回味，我们共同的……秘密。']	[2000]
8717	1391003		80	IDLE	['好奇我后续的工作内容？保密，除非小乌鸦你贿赂我一下。']	[2000]
8718	1391003		80	IDLE	['在这里呆得也太久了，你已经构成了对科学理事会安全总监的违规拘禁了哦。快想想怎么补偿我吧。']	[2000]
8719	1391003		100	IDLE	['或许，就这样把工作抛开，什么也不做，也很闲适呢。']	[2000]
8720	1391003		100	IDLE	['嗯？并不是在发呆，只是在回味，我们共同的……秘密。']	[2000]
8721	1391003		100	IDLE	['好奇我后续的工作内容？保密，除非小乌鸦你贿赂我一下。']	[2000]
8722	1391003		100	IDLE	['在这里呆得也太久了，你已经构成了对科学理事会安全总监的违规拘禁了哦。快想想怎么补偿我吧。']	[2000]
8723	1391003		100	IDLE	['工作好多，你来帮我分摊一点吧。']	[2000]
8724	1391003		30	IDLE	['还是，静不下来。']	[2000]
8725	1391003		30	IDLE	['要不要出门……']	[2000]
8726	1391003		30	IDLE	['有趣的装修风格。']	[2000]
8727	1391003		30	IDLE	['踱步，有助于思考……']	[2000]
8728	1391003		30	IDLE	['还是让我稍微检查一下，这里有没有被监听？']	[2000]
8729	1391003		50	IDLE	['摩利甘想要出去遛一遛，你要一起来吗？']	[2000]
8730	1391003		50	IDLE	['这里，还是有些太闷了……']	[2000]
8731	1391003		50	IDLE	['我想起来还有工作，得去办公室一趟。']	[2000]
8732	1391003		50	IDLE	['办公室坐久了，得站起来多走走。']	[2000]
8733	1391003		50	IDLE	['这个天气，倒是很适合走出去透透气呢。']	[2000]
8734	1391003		80	IDLE	['趁着摩利甘不在，要出去约会吗？']	[2000]
8735	1391003		80	IDLE	['想要做这里躲避工作吗？放心吧小乌鸦，我不会告发你的。']	[2000]
8736	1391003		80	IDLE	['你迟到了哦，让我想想要不要给你一些解释的空间呢？']	[2000]
8737	1391003		100	IDLE	['趁着摩利甘不在，要出去约会吗？']	[2000]
8738	1391003		100	IDLE	['想要做这里躲避工作吗？放心吧小乌鸦，我不会告发你的。']	[2000]
8739	1391003		100	IDLE	['你迟到了哦，让我想想要不要给你一些解释的空间呢？']	[2000]
8740	1391003		100	IDLE	['我在思考新的设计方案，小乌鸦，先不要打扰我。']	[2000]
8741	1391003		100	IDLE	['空中花园商业街开了一家蛋糕店，你有没有兴趣陪我一起去试一试？']	[2000]
8742	1391003			IDLE	['在疲劳的工作后看到一张床，实在是忍不住想躺上去休息一下呢。', '这是你早就准备好的吗？']	[2000, 2000]
8743	1391003			IDLE	['我要休息了，请保持安静哦，小乌鸦。', '在我休息的时候，不要做多余的事情哦。']	[2000, 2000]
8744	1391003			IDLE	['你挑选沙发的品味真是不错。', '看起来很舒服。']	[2000, 2000]
8745	1391003			IDLE	['还有很大的空间，坐过来吧，别那么拘谨。', '想要试一试膝枕吗？']	[2000, 2000]
8746	1391003			IDLE	['柜子里啊，得好好检查一下呢，要是有什么违禁品的话……', '你都会往柜子里放些什么呢？']	[2000, 2000]
8747	1391003			IDLE	['让我看看，都有些什么？', '卡赫季的纪念品，没想到你放在了这里。']	[2000, 2000]
8748	1391003			IDLE	['关于我们之间的“秘密”。', '你的终端我已经改造过了，它是诚实的。']	[2000, 2000]
8749	1391003			IDLE	['那现在我该怎么确认你的真心不会背离我呢？']	[2000]
8750	1391003			IDLE	['猜猜看，你的手枪被我放在了哪里？', '不要这么放松警惕哦。']	[2000, 2000]
8751	1391003			IDLE	['来自科学理事会安全总监的贴心提示：', '时时刻刻都要保有戒心哦，哪怕是和我在一起。']	[2000, 2000]
8752	1391003			IDLE	['卡赫季给我寄来了一份纪念品，要不要猜猜是什么？', '是一台老相机，没想到吧……', '正好你也在，不妨让我试一下？']	[2000, 2000, 2000]
8753	1391003			IDLE	['眼睛看过来，很好，3、2、1！咔嚓——', '相片上你看起来真不错，或许我有什么摄影的天赋？']	[2000, 2000]
8754	1391003			IDLE	['我见你今天的日程上还有空闲。', '我预定了一个只有我们两个人的会议。']	[2000, 2000]
8755	1391003			IDLE	['放心，并没有什么紧要的事情。', '我这里有两张环空影像馆的票，一个人去太浪费了。', '借你人用一下。']	[2000, 2000, 2000]
8756	1391003			IDLE	['怎么？喜欢我的头发？', '这个手链……']	[2000, 2000]
8757	1391003			IDLE	['好了吗？打理头发的工作就顺势交给你吧。', '不要贪得无厌哦，小乌鸦。']	[2000, 2000]
8758	1391003		80	IDLE	['找个假期，我们再回卡赫季一趟吧，', '听说危机解决之后，那里灾后重建进行的非常顺利。', '小乌鸦，你不好奇吗？', '好奇我们曾经栽下的“新芽”如今的样子。']	[2000, 2000, 2000, 2000]
8759	1391003		80	IDLE	['小乌鸦，你喜欢甜食吗？', '甜味会刺激你的味蕾，传递快乐的信号到你的大脑。', '啊……张嘴，感受到了吗？甜蜜与快乐。', '要记得哦，这种来自于我的滋味。']	[2000, 2000, 2000, 2000]
8760	1391003		100	IDLE	['我理解你工作的忙碌，借口搪塞我的邀约。', '我容许你这般迂回。但别会错意，这并不意味着你是自由的。', '你可以去享受时间，经营生活，寻找快乐……', '但请谨记，无论你的终点在哪里，最终都将回到我的羽下。']	[2000, 2000, 2000, 2000]
8761	1391003		100	IDLE	['没人告诉你在他人工作的时候要保持安静吗？', '也罢，现在倒是也没有那么急迫。', '我打算休息一会儿，如果你有余闲的话……', '有没有兴趣陪我跳一支舞呢？', '毕竟工作……需要劳逸结合。']	[2000, 2000, 2000, 2000, 2000]
8762	1391003		100	IDLE	['下班时候看到这个，猜想你会喜欢，就买来了。', '并不是什么特殊的日子……', '除了工作以外，生活也偶尔需要一点点小趣味。', '至于回礼嘛，没错，我想要的正是你此刻惊喜的眼神。']	[2000, 2000, 2000, 2000]
8763	1391003		100	IDLE	['下班时候看到这个，猜想你会喜欢，就买来了。', '并不是什么特殊的日子……', '除了工作以外，生活也偶尔需要一点点小趣味。', '至于回礼嘛，没错，我想要的正是你此刻惊喜的眼神。']	[2000, 2000, 2000, 2000]
8801	1061004		10	IDLE	['万事怎么还不醒？']	[2000]
8802	1061004		10	IDLE	['队长又去开会了吗？']	[2000]
8803	1061004		10	IDLE	['游戏机快没电了……']	[2000]
8804	1061004		10	IDLE	['好安静啊，让我放点音乐！']	[2000]
8805	1061004		30	IDLE	['卡穆跑哪里去了？']	[2000]
8806	1061004		30	IDLE	['好安静啊，宿舍里还是得热闹一些比较好！']	[2000]
8807	1061004		30	IDLE	['诶嘿！热身完毕！我现在状态很好哦！']	[2000]
8808	1061004		30	IDLE	['指挥官，我这里有最新的流行乐，要一起听听吗？']	[2000]
8809	1061004		30	IDLE	['嗯嗯？我放在冰箱里的冷饮呢？']	[2000]
8810	1061004		50	IDLE	['指挥官，快来看看我的新招式！你觉得怎么样？是不是很酷炫？']	[2000]
8811	1061004		50	IDLE	['好安静啊，宿舍里还是得热闹一些比较好！']	[2000]
8812	1061004		50	IDLE	['诶嘿！热身完毕！我现在状态很好哦！']	[2000]
8813	1061004		50	IDLE	['指挥官，我这里有最新的流行乐，要一起听听吗？']	[2000]
8814	1061004		50	IDLE	['嗯嗯？我放在冰箱里的冷饮呢？']	[2000]
8815	1061004		80	IDLE	['指挥官！快来看，我能用一根手指把这水杯顶起来——哎呀，洒了。']	[2000]
8816	1061004		80	IDLE	['哇哦！是指挥官的摸头杀！']	[2000]
8817	1061004		80	IDLE	['神威的能量槽正在快速恢复中——！']	[2000]
8818	1061004		80	IDLE	['刚才万事是不是路过了一下？他没发现我昨天把他眼罩涂黑的事情吧……']	[2000]
8819	1061004		100	IDLE	['指挥官！快来看，我能用一根手指把这水杯顶起来——哎呀，洒了。']	[2000]
8820	1061004		100	IDLE	['哇哦！是指挥官的摸头杀！']	[2000]
8821	1061004		100	IDLE	['神威的能量槽正在快速恢复中——！']	[2000]
8822	1061004		100	IDLE	['刚才万事是不是路过了一下？他没发现我昨天把他眼罩涂黑的事情吧……']	[2000]
8823	1061004		100	IDLE	['要不要和我比试一下掰手腕？我可不会放水哦！']	[2000]
8824	1061004		30	IDLE	['四处转转，说不定会有什么惊喜呢？']	[2000]
8825	1061004		30	IDLE	['哎哟！……嘿嘿，没撞坏没撞坏，我脑袋结实得很呢。']	[2000]
8826	1061004		30	IDLE	['指挥官怎么才来？']	[2000]
8827	1061004		30	IDLE	['外面阳光真不错。']	[2000]
8828	1061004		30	IDLE	['上上下下左左右右BABA！']	[2000]
8829	1061004		50	IDLE	['指挥官，外面阳光不错，要不要一起去晨跑啊？']	[2000]
8830	1061004		50	IDLE	['发现一枚宿舍币！今天的幸运值是MAX！']	[2000]
8831	1061004		50	IDLE	['指挥官在看我吗？嘿嘿，那我要表现得更帅气一点！']	[2000]
8832	1061004		50	IDLE	['等等，这里……是不是翻新过？']	[2000]
8833	1061004		50	IDLE	['充满干劲！随时可以出击！']	[2000]
8834	1061004		80	IDLE	['只有两个人聚会吗？啊……难不成，这是约会？']	[2000]
8835	1061004		80	IDLE	['好耶！终于轮到我巡逻了！是我大展拳脚的好时机！']	[2000]
8836	1061004		80	IDLE	['话说，我能不能把这个房间全刷成金色，很帅气的样子！']	[2000]
8837	1061004		100	IDLE	['只有两个人聚会吗？啊……难不成，这是约会？']	[2000]
8838	1061004		100	IDLE	['好耶！终于轮到我巡逻了！是我大展拳脚的好时机！']	[2000]
8839	1061004		100	IDLE	['话说，我能不能把这个房间全刷成金色，很帅气的样子！']	[2000]
8840	1061004		100	IDLE	['运动一下，感觉机体都变得轻盈了！']	[2000]
8841	1061004		100	IDLE	['偷偷靠近指挥官的背后……哇！被发现了！']	[2000]
8842	1061004			IDLE	['嘿！是超软的床！', '不知道能不能在上面蹦呢？']	[2000, 2000]
8843	1061004			IDLE	['嘿！指挥官要一起来试试吗？', '放心放心，我试过好多次了！绝对不会塌的！']	[2000, 2000]
8844	1061004			IDLE	['看看我专门准备的好东西。', '指挥官要不要试试，很舒服的。']	[2000, 2000]
8845	1061004			IDLE	['嗯……果然很舒服，要是有人可以和我一起打电玩的话就更好了！', '手柄已经给你准备好了，快坐过来吧！指挥官！']	[2000, 2000]
8846	1061004			IDLE	['指挥官，我有好东西给你分享。', '我先前在这里藏了很多零食！']	[2000, 2000]
8847	1061004			IDLE	['奇怪，怎么变成《突击鹰小队规范手册》了？！', '呜呜呜……！我的薯片……']	[2000, 2000]
8848	1061004			IDLE	['指挥官！你今天有没有空？', '我们一起去拍一张全家福吧？']	[2000, 2000]
8849	1061004			IDLE	['小时候在埃则忒拍过一张全家福。', '现在在空中花园也应该有一张。', '指挥官你稍等一下，我去把大家都叫来！']	[2000, 2000, 2000]
8850	1061004			IDLE	['指挥官，你觉得我今天的笑容可以打几分？', '我觉得至少有一百分哦！因为看到了你嘛！']	[2000, 2000]
8851	1061004			IDLE	['只要大家都开开心心的，我就觉得什么烦恼都没有了！']	[2000]
8852	1061004			IDLE	['指挥官！把手伸出来，这是一个很灵验的护身符哦！', '里面装了我昨天打电玩时的“幸运通关硬币”……', '还有万事的“昏睡茶叶”；卡穆的“珍藏香辛料”……阿嚏！']	[2000, 2000, 2000]
8853	1061004			IDLE	['可惜，队长那边只找到了密密麻麻的“日程安排”。', '我们都会在你身边的，你一定要随身带着哦！']	[2000, 2000]
8854	1061004			IDLE	['难得有闲暇……', '指挥官，在屋子里呆着多闷啊，不无聊吗？', '外面阳光大好，要不我们出去走走？']	[2000, 2000, 2000]
8855	1061004			IDLE	['什么？有我在屋子里就有阳光了？', '也不用这么说啦……我会不好意思的。']	[2000, 2000]
8856	1061004			IDLE	['吓我一跳，指挥官怎么“突然袭击”？', '怎么了……']	[2000, 2000]
8857	1061004			IDLE	['又是摸摸头攻击吗？头发会乱掉啦！', '我知道你很在意我啦，但是下次“突袭”我之前可以和我说一声吗？']	[2000, 2000]
8858	1061004		80	IDLE	['以前打游戏的时候，我总是习惯玩那种孤胆英雄的单机模式。', '觉得只要自己一个人往前冲，就能搞定所有麻烦。', '但是现在……我更喜欢把2P的手柄交给你。', '因为我知道，我们就是最佳拍档！']	[2000, 2000, 2000, 2000]
8859	1061004		80	IDLE	['有时候我会想，如果有这么一天。', '没有战斗，没有帕弥什，大家每天都在一起打游戏、听音乐。', '为了这一天早点到来！我会拼尽全力的！', '希望那时候，我还能站在指挥官的身边。']	[2000, 2000, 2000, 2000]
8860	1061004		100	IDLE	['我已经把指挥官的权限，添加到突击鹰小队的宿舍门禁里了。', '嘿嘿，想不到吧？', '你说库洛姆会有意见？没关系！队长那边我已经搞定了。', '不光是我，队长、万事、卡穆他们都很乐意。']	[2000, 2000, 2000, 2000]
8861	1061004		100	IDLE	['指挥官你看，这段打斗超燃的对吧！', '主角在绝境中也一直保持着笑容，简直太帅了！', '我也要成为那样的人！', '如果指挥官遇到了危险，我也一定会像他一样，笑着挡在你前面的！']	[2000, 2000, 2000, 2000]
8862	1061004		100	IDLE	['指挥官！看看这是什么？', '专门为你准备的……', '啊？你问为什么？', '当然是因为上次指挥官送我的礼物，我超——级——喜欢的。', '我也希望指挥官能超——级——喜欢我的礼物。']	[2000, 2000, 2000, 2000, 2000]
8863	1061004		100	IDLE	['指挥官！看看这是什么？', '专门为你准备的……', '啊？你问为什么？', '当然是因为上次指挥官送我的礼物，我超——级——喜欢的。', '我也希望指挥官能超——级——喜欢我的礼物。']	[2000, 2000, 2000, 2000, 2000]
8901	1021007		10	IDLE	['无需掩饰。你的小心思，我看得一清二楚。']	[2000]
8902	1021007		10	IDLE	['……你在等我向你主动搭话？']	[2000]
8903	1021007		10	IDLE	['一成不变的背景音乐……无聊。']	[2000]
8904	1021007		10	IDLE	['最好能做些改变，让我提起兴趣。']	[2000]
8905	1021007		30	IDLE	['下一次来拜访的时候，不要再让我看到如此乏味的陈设。']	[2000]
8906	1021007		30	IDLE	['蒲公英……开了。']	[2000]
8907	1021007		30	IDLE	['去做你该做的事。']	[2000]
8908	1021007		30	IDLE	['累了，就在这里停下吧。']	[2000]
8909	1021007		30	IDLE	['休息日？我没有。你需要歇息吗，那就现在。']	[2000]
8910	1021007		50	IDLE	['你的意见？可以听一下，但是不保证有效。']	[2000]
8911	1021007		50	IDLE	['蒲公英……开了。']	[2000]
8912	1021007		50	IDLE	['去做你该做的事。']	[2000]
8913	1021007		50	IDLE	['累了，就在这里停下吧。']	[2000]
8914	1021007		50	IDLE	['休息日？我没有。你需要歇息吗，那就现在。']	[2000]
8915	1021007		80	IDLE	['这本书，你能看懂多少？坐下，让我听听你的理解。']	[2000]
8916	1021007		80	IDLE	['空中花园也有饲养宠物的设施？……呵，那三个小家伙看到也会兴奋的吧。']	[2000]
8917	1021007		80	IDLE	['绘本？不过是平平无奇的英雄故事。故事已经离我太远了……英雄也是。']	[2000]
8918	1021007		80	IDLE	['看得出这里的陈设用心布置过，那我就暂时留在这里吧。']	[2000]
8919	1021007		100	IDLE	['这本书，你能看懂多少？坐下，让我听听你的理解。']	[2000]
8920	1021007		100	IDLE	['空中花园也有饲养宠物的设施？……呵，那三个小家伙看到也会兴奋的吧。']	[2000]
8921	1021007		100	IDLE	['绘本？不过是平平无奇的英雄故事。故事已经离我太远了……英雄也是。']	[2000]
8922	1021007		100	IDLE	['看得出这里的陈设用心布置过，那我就暂时留在这里吧。']	[2000]
8923	1021007		100	IDLE	['留恋过往？向前走，不要回头……你还会遇到很多值得想念的事。']	[2000]
8924	1021007		30	IDLE	['跟上我。']	[2000]
8925	1021007		30	IDLE	['掉队就算你输了。']	[2000]
8926	1021007		30	IDLE	['人类总是如此安逸吗？你们需要一些预警。']	[2000]
8927	1021007		30	IDLE	['那就由我为你们创造一些挑战吧。']	[2000]
8928	1021007		30	IDLE	['最好不要有任何东西拦住我的路，否则……']	[2000]
8929	1021007		50	IDLE	['想跟我比一下速度？我不会放水的。']	[2000]
8930	1021007		50	IDLE	['你保养武器的方式？来，在我面前展示一遍吧。']	[2000]
8931	1021007		50	IDLE	['这首是你的选曲？……也还行。']	[2000]
8932	1021007		50	IDLE	['回来迟了。你的命不仅属于你自己，别随便丢在外面。']	[2000]
8933	1021007		50	IDLE	['空中花园的温室区……如果当时的蒲公英能在这里扎根，就不会枯萎了吧。']	[2000]
8934	1021007		80	IDLE	['你想听听我耳机里的歌？……拿去，但不要排乱我的歌单。']	[2000]
8935	1021007		80	IDLE	['种下一颗幼苗，然后静待时间……将其变为大树。']	[2000]
8936	1021007		80	IDLE	['你喜欢这种曲子？呵……你还是和以前一样。']	[2000]
8937	1021007		100	IDLE	['你想听听我耳机里的歌？……拿去，但不要排乱我的歌单。']	[2000]
8938	1021007		100	IDLE	['种下一颗幼苗，然后静待时间……将其变为大树。']	[2000]
8939	1021007		100	IDLE	['你喜欢这种曲子？呵……你还是和以前一样。']	[2000]
8940	1021007		100	IDLE	['好久不见坼霆了？想去兜风就直说，上车。']	[2000]
8941	1021007		100	IDLE	['我左眼里的力量？你还在好奇它的来由吗，但这一次，它眼里的“风景”可大不一样了。']	[2000]
8942	1021007			IDLE	['闭上眼吧，能彻底休息的时间并不多。', '你在我面前，没必要逞强。']	[2000, 2000]
8943	1021007			IDLE	['做了一个好梦吗？', '为什么会知道？', '呵，有空就去查阅一下监控，看看你睡梦中傻笑的样子吧。']	[2000, 2000, 2000]
8944	1021007			IDLE	['过来，坐下吧。']	[2000]
8945	1021007			IDLE	['这么惊讶干什么？这个位置，本来就是留给你的。', '别让我重复第二遍。']	[2000, 2000]
8946	1021007			IDLE	['让我看看，你都藏起了什么东西。']	[2000]
8947	1021007			IDLE	['耳机，磁带，还有蒲公英种子……', '呵，你也都还记着。', '……收好它们，别弄坏了。']	[2000, 2000, 2000]
8948	1021007			IDLE	['虽然不知道你今天又在担心一些什么……', '但不必忧虑，我会找到收束雾域的方法。']	[2000, 2000]
8949	1021007			IDLE	['“为什么要对空中花园施以援手”……？你是不是误解了什么。', '我所坚持的，仅有自己相信的道路罢了。']	[2000, 2000]
8950	1021007			IDLE	['“从停驻开始……从怀疑开始……”', '……你从什么时候开始在这里的？']	[2000, 2000]
8951	1021007			IDLE	['歌声？', '只是你的错觉。']	[2000, 2000]
8952	1021007			IDLE	['你该不会指望……我会一直留在这里吧。', '看你这副表情，只是提出一个离开的“假设”，就会让你如此担忧吗。']	[2000, 2000]
8953	1021007			IDLE	['至于我想要去哪、要寻找什么东西，', '好奇的话，为何不由你的行动来主动确认？']	[2000, 2000]
8954	1021007			IDLE	['我知道，在这里的全部人都非常仰慕你，总是指望着你能做出什么决定。', '但别指望能从我这里得到这种稳定的“关系”。', '就像懈怠会让刀锋变钝，过度的信任也会让关系变得无趣。']	[2000, 2000, 2000]
8955	1021007			IDLE	['我会成为永远映照你灵魂的人。', '在我的刀锋里，你会看到最真实的自己。']	[2000, 2000]
8956	1021007			IDLE	['——！', '……手，别急着拿开。']	[2000, 2000]
8957	1021007			IDLE	['所谓的“加冕”，有过一次就够了。', '但如果是你的手……', '这种重量，我可以再承担一会儿。']	[2000, 2000, 2000]
8958	1021007		80	IDLE	['嗯，在发生了很多事之后，我回到了这里。', '回到了这个一切故事“起始”的原点。', '……我的刀会为你斩断歧路，确保你不会在半路走偏。', '所以，让我看看吧。', '去为我展示那个，你即便赌上性命，也想要抵达的终点。']	[2000, 2000, 2000, 2000, 2000]
8959	1021007		80	IDLE	['露西亚……', '不，事到如今，我已经再无什么需要传达给她了。', '我已经亲眼目睹，她现在获得了什么，过得如何。', '我有我接下来必须完成的旅途。', '我们的命运纵使不再相交……也再无遗憾。']	[2000, 2000, 2000, 2000, 2000]
8960	1021007		100	IDLE	['我的左眼，已经不再疼痛了。', '但我能确定，现在我的瞳中映现的，的确都为真实。', '我不允许再有任何事物，阻拦我的前进的脚步。', '我会斩弃什么？这不是你需要忧心的。', '你只需要明白，要是什么都无法舍弃，就什么都无法得到。']	[2000, 2000, 2000, 2000, 2000]
8961	1021007		100	IDLE	['曾经的我，为了前进可以“斩断”一切。', '但现在也明白了……有些事物也只能靠“维系”才能得以存在。', '世上万物，就是这样在不停的更迭和不变中，维持着微妙平衡。', '但无论这世上有多少可以取代的东西……你都不在其中。', '所以，留在我的视线范围之内。']	[2000, 2000, 2000, 2000, 2000]
8962	1021007		100	IDLE	['想要何种形式的馈赠？', '尽管开口，在这柄刀面前，没有什么是不可能的。', '“有点像万能许愿机”……？', '不，这无关交易，也并非职责。', '这只是对你一个人的偏爱。']	[2000, 2000, 2000, 2000, 2000]
8963	1021007		100	IDLE	['想要何种形式的馈赠？', '尽管开口，在这柄刀面前，没有什么是不可能的。', '“有点像万能许愿机”……？', '不，这无关交易，也并非职责。', '这只是对你一个人的偏爱。']	[2000, 2000, 2000, 2000, 2000]
