Id	Type	NextEvent	NextEventGroup	OptionGroupId	FightId	RewardId	EffectGroupId	RoleIcon	RoleName	RoleContent	RoleEffect	ConfirmContent	IsEnd	IsForcePlay	BgAsset	StoryId	Name	Icon	BlockIcon	Title	TitleContent	Desc	UnOpenDesc
101	1	102										处理					袭击	Assets/Product/Texture/Image/UiTheatre4/UiTheatre4GridEventIconRed03.png	6	危险到来	2天内未处理，则驻扎点防御值-1	<color=#FF9519><size=36>紧急事件!!!</size></color>\n<color=#FF3100><size=22>(驻扎点受到威胁)</size></color>	
102	2			102								决定					袭击	Assets/Product/Texture/Image/UiTheatre4/UiTheatre4GridEventIconRed03.png	6	危险到来	2天内未处理，则驻扎点防御值-1	一伙流窜的盗贼团伙从港口角落包围了公社成员们。盗贼头目要求公社交出物资否则就要动手来抢夺。	
103	1							Assets/Product/Texture/Image/RoleStory/V280npcNormal08.png	盗贼头目	哼哼，算你们识相，我们走！		离开					袭击	Assets/Product/Texture/Image/UiTheatre4/UiTheatre4GridEventIconRed03.png	6	危险到来	2天内未处理，则驻扎点防御值-1	考虑到公社成员的安全，塔季扬娜决定交出一部分物资。收到物资后盗贼团伙变离开了这里。	
104	3					[101]		Assets/Product/Texture/Image/UiTheatre4/UiTheatre4RoleTatiana.png	塔季扬娜	这种行为，公社绝不容忍。		离开					袭击	Assets/Product/Texture/Image/UiTheatre4/UiTheatre4GridEventIconRed03.png	6	危险到来	2天内未处理，则驻扎点防御值-1	公社物资紧缺但塔季扬娜和成员绝不会容忍这种罪恶行为，在一番缠斗后成功击退了盗贼团伙，回收对方散落的物资后，成员们为这场胜利庆祝了一番。	
1001	1	1002					10040	Assets/Product/Texture/Image/RoleStory/IceguideNomal.png	狄安娜	前方区域疑似存在着高危敌对反应，不可贸然深入。		继续					汇合	Assets/Product/Texture/Atlas/UiBabelTower/UiBabelTowerIconDetails.png	7	汇合	前哨站	先遣队已在此处等候多时，见塔季扬娜到来，立刻上前汇报情况。	先遣队已在此处等候多时。
1002	1	1003					10041	Assets/Product/Texture/Image/UiTheatre4/UiTheatre4RoleTatiana.png	塔季扬娜	如果遇到强敌拦住去路的话，就先留在原地建设已探索区域，获取足够的发展指数之后再进行挑战吧。		决定					汇合	Assets/Product/Texture/Atlas/UiBabelTower/UiBabelTowerIconDetails.png	7	汇合	前哨站	谨慎地观察和评估了敌我双方的实力差距之后，一行人作出了决定。	先遣队已在此处等候多时。
1003	3					[11001]						收下					汇合	Assets/Product/Texture/Atlas/UiBabelTower/UiBabelTowerIconDetails.png	7	汇合	前哨站	先遣队在驻扎时找到了一部分物资。	先遣队已在此处等候多时。
10001	1		10002					Assets/Product/Texture/Image/UiTheatre4/UiTheatre4RoleTatiana.png	塔季扬娜			下一步					测试人物	Assets/Product/Texture/Atlas/UiBabelTower/UiBabelTowerIconDetails.png	6	战斗测试	不知道这个是啥先写了	洁塔薇有些不太情愿地拿出两个包裹。	还未翻开。
10002	2		10003	10009				Assets/Product/Texture/Image/UiTheatre4/UiTheatre4RoleTatiana.png	塔季扬娜			下一步					测试人物	Assets/Product/Texture/Atlas/UiBabelTower/UiBabelTowerIconDetails.png	6	战斗测试	不知道这个是啥先写了	洁塔薇有些不太情愿地拿出两个包裹。	还未翻开。
10003	4		10004		11001			Assets/Product/Texture/Image/UiTheatre4/UiTheatre4RoleTatiana.png	塔季扬娜	这一步进局内战斗		进战斗					测试人物	Assets/Product/Texture/Atlas/UiBabelTower/UiBabelTowerIconDetails.png	6	战斗测试-索引小怪	不知道这个是啥先写了	洁塔薇有些不太情愿地拿出两个包裹。	还未翻开。
10004	1							Assets/Product/Texture/Image/UiTheatre4/UiTheatre4RoleTatiana.png	塔季扬娜			离开		1			测试人物	Assets/Product/Texture/Atlas/UiBabelTower/UiBabelTowerIconDetails.png	6	战斗测试-结束	不知道这个是啥先写了	洁塔薇有些不太情愿地拿出两个包裹。	还未翻开。
10005	1		10006					Assets/Product/Texture/Image/UiTheatre4/UiTheatre4RoleTatiana.png	塔季扬娜			下一步					测试人物	Assets/Product/Texture/Atlas/UiBabelTower/UiBabelTowerIconDetails.png	6	发奖励测试	不知道这个是啥先写了	洁塔薇有些不太情愿地拿出两个包裹。	还未翻开。
10006	3		10007			[10001]		Assets/Product/Texture/Image/UiTheatre4/UiTheatre4RoleTatiana.png	塔季扬娜	这一步拿奖励		拿走					测试人物	Assets/Product/Texture/Atlas/UiBabelTower/UiBabelTowerIconDetails.png	6	发奖励测试-发奖励	不知道这个是啥先写了	洁塔薇有些不太情愿地拿出两个包裹。	还未翻开。
10007	1		10008					Assets/Product/Texture/Image/UiTheatre4/UiTheatre4RoleTatiana.png	塔季扬娜			下一步					测试人物	Assets/Product/Texture/Atlas/UiBabelTower/UiBabelTowerIconDetails.png	6	发奖励测试	不知道这个是啥先写了	洁塔薇有些不太情愿地拿出两个包裹。	还未翻开。
10008	1							Assets/Product/Texture/Image/UiTheatre4/UiTheatre4RoleTatiana.png	塔季扬娜			离开					测试人物	Assets/Product/Texture/Atlas/UiBabelTower/UiBabelTowerIconDetails.png	6	发奖励测试	不知道这个是啥先写了	洁塔薇有些不太情愿地拿出两个包裹。	还未翻开。
10009	1		10010					Assets/Product/Texture/Image/UiTheatre4/UiTheatre4RoleTatiana.png	塔季扬娜	起手纯展示直接过		下一步					测试人物	Assets/Product/Texture/Atlas/UiBabelTower/UiBabelTowerIconDetails.png	6	选项测试	不知道这个是啥先写了	洁塔薇有些不太情愿地拿出两个包裹。	还未翻开。
10010	2			10010				Assets/Product/Texture/Image/UiTheatre4/UiTheatre4RoleTatiana.png	塔季扬娜	这一步开选		拿走					测试人物	Assets/Product/Texture/Atlas/UiBabelTower/UiBabelTowerIconDetails.png	6	选项测试	不知道这个是啥先写了	洁塔薇有些不太情愿地拿出两个包裹。	还未翻开。
10011	1							Assets/Product/Texture/Image/UiTheatre4/UiTheatre4RoleTatiana.png	塔季扬娜	10009的结束导向		下一步					测试人物	Assets/Product/Texture/Atlas/UiBabelTower/UiBabelTowerIconDetails.png	6	选项测试	不知道这个是啥先写了	洁塔薇有些不太情愿地拿出两个包裹。	还未翻开。
10012	3					[10001]		Assets/Product/Texture/Image/UiTheatre4/UiTheatre4RoleTatiana.png	塔季扬娜	10010的结束导向1		离开					测试人物	Assets/Product/Texture/Atlas/UiBabelTower/UiBabelTowerIconDetails.png	6	选项测试	不知道这个是啥先写了	洁塔薇有些不太情愿地拿出两个包裹。	还未翻开。
10013	3					[10001]		Assets/Product/Texture/Image/UiTheatre4/UiTheatre4RoleTatiana.png	塔季扬娜	10010的结束导向2		离开					测试人物	Assets/Product/Texture/Atlas/UiBabelTower/UiBabelTowerIconDetails.png	6	选项测试	不知道这个是啥先写了	洁塔薇有些不太情愿地拿出两个包裹。	还未翻开。
11001	2			11001								决定					难民团到访	Assets/Product/Texture/Atlas/UiBabelTower/UiBabelTowerIconDetails.png	6	难民团到访	过去看看？	一个正在进行长途迁徙的难民团队首领来到了营地里面，他希望公社能接纳他们，并承诺愿意尽力协助生产作为回报。	一支难民团队靠近了。
11002	3					[12013, 12014, 12015]						离开					难民团到访	Assets/Product/Texture/Atlas/UiBabelTower/UiBabelTowerIconDetails.png	6	难民团到访	过去看看？	虽然公社一时之间无法接纳那么多难民，但资助了他们一些粮食，他们留下了一些暂时用不到的工具作为交换，然后感激地离开了。	一支难民团队靠近了。
11103	3					[12016, 12017, 12018]						离开					难民团到访	Assets/Product/Texture/Atlas/UiBabelTower/UiBabelTowerIconDetails.png	6	难民团到访	过去看看？	虽然公社一时之间无法接纳那么多难民，但资助了他们一些粮食，他们留下了一些暂时用不到的工具作为交换，然后感激地离开了。	一支难民团队靠近了。
11104	3					[12019, 12020, 12021]						离开					难民团到访	Assets/Product/Texture/Atlas/UiBabelTower/UiBabelTowerIconDetails.png	6	难民团到访	过去看看？	虽然公社一时之间无法接纳那么多难民，但资助了他们一些粮食，他们留下了一些暂时用不到的工具作为交换，然后感激地离开了。	一支难民团队靠近了。
11105	3					[12022, 12023, 12024]						离开					难民团到访	Assets/Product/Texture/Atlas/UiBabelTower/UiBabelTowerIconDetails.png	6	难民团到访	过去看看？	虽然公社一时之间无法接纳那么多难民，但资助了他们一些粮食，他们留下了一些暂时用不到的工具作为交换，然后感激地离开了。	一支难民团队靠近了。
11106	3					[12025, 12026, 12027]						离开					难民团到访	Assets/Product/Texture/Atlas/UiBabelTower/UiBabelTowerIconDetails.png	6	难民团到访	过去看看？	虽然公社一时之间无法接纳那么多难民，但资助了他们一些粮食，他们留下了一些暂时用不到的工具作为交换，然后感激地离开了。	一支难民团队靠近了。
11107	3					[12028, 12029, 12030]						离开					难民团到访	Assets/Product/Texture/Atlas/UiBabelTower/UiBabelTowerIconDetails.png	6	难民团到访	过去看看？	虽然公社一时之间无法接纳那么多难民，但资助了他们一些粮食，他们留下了一些暂时用不到的工具作为交换，然后感激地离开了。	一支难民团队靠近了。
11003	3					[12031, 12032, 12033]						离开					难民团到访	Assets/Product/Texture/Atlas/UiBabelTower/UiBabelTowerIconDetails.png	6	难民团到访	过去看看？	边境公社收留了这伙难民，他们也履行了承诺，尽可能地协助了营地内的生产事务。	一支难民团队靠近了。
11004	3					[12034, 12035, 12036]						离开					难民团到访	Assets/Product/Texture/Atlas/UiBabelTower/UiBabelTowerIconDetails.png	6	难民团到访	过去看看？	边境公社收留了这伙难民，他们也履行了承诺，尽可能地协助了营地内的生产事务。	一支难民团队靠近了。
11005	3					[12037, 12038, 12039]						离开					难民团到访	Assets/Product/Texture/Atlas/UiBabelTower/UiBabelTowerIconDetails.png	6	难民团到访	过去看看？	边境公社收留了这伙难民，他们也履行了承诺，尽可能地协助了营地内的生产事务。	一支难民团队靠近了。
11006	3					[12040, 12041, 12042]						离开					难民团到访	Assets/Product/Texture/Atlas/UiBabelTower/UiBabelTowerIconDetails.png	6	难民团到访	过去看看？	边境公社收留了这伙难民，他们也履行了承诺，尽可能地协助了营地内的生产事务。	一支难民团队靠近了。
11007	3					[12043, 12044, 12045]						离开					难民团到访	Assets/Product/Texture/Atlas/UiBabelTower/UiBabelTowerIconDetails.png	6	难民团到访	过去看看？	边境公社收留了这伙难民，他们也履行了承诺，尽可能地协助了营地内的生产事务。	一支难民团队靠近了。
11008	3					[12046, 12047, 12048]						离开					难民团到访	Assets/Product/Texture/Atlas/UiBabelTower/UiBabelTowerIconDetails.png	6	难民团到访	过去看看？	边境公社收留了这伙难民，他们也履行了承诺，尽可能地协助了营地内的生产事务。	一支难民团队靠近了。
11009	2			11009								决定					剩余资金	Assets/Product/Texture/Atlas/UiBabelTower/UiBabelTowerIconDetails.png	6	剩余资金	过去看看？	最近营地内的资金略有盈余，有人提议不如拿这笔钱出来，举办一个小型庆祝会以鼓舞大家的士气。	最近资金略有盈余。
11010	1											离开					剩余资金	Assets/Product/Texture/Atlas/UiBabelTower/UiBabelTowerIconDetails.png	6	剩余资金	过去看看？	资金还有更妥善的用途，这个提议暂时搁置了下来。	最近资金略有盈余。
11108	1											离开					剩余资金	Assets/Product/Texture/Atlas/UiBabelTower/UiBabelTowerIconDetails.png	6	剩余资金	过去看看？	资金还有更妥善的用途，这个提议暂时搁置了下来。	最近资金略有盈余。
11109	3					[12050]						离开					剩余资金	Assets/Product/Texture/Atlas/UiBabelTower/UiBabelTowerIconDetails.png	6	剩余资金	过去看看？	资金还有更妥善的用途，这个提议暂时搁置了下来。	最近资金略有盈余。
11110	3					[12050]						离开					剩余资金	Assets/Product/Texture/Atlas/UiBabelTower/UiBabelTowerIconDetails.png	6	剩余资金	过去看看？	资金还有更妥善的用途，这个提议暂时搁置了下来。	最近资金略有盈余。
11111	3					[12051]						离开					剩余资金	Assets/Product/Texture/Atlas/UiBabelTower/UiBabelTowerIconDetails.png	6	剩余资金	过去看看？	资金还有更妥善的用途，这个提议暂时搁置了下来。	最近资金略有盈余。
11112	3					[12051]						离开					剩余资金	Assets/Product/Texture/Atlas/UiBabelTower/UiBabelTowerIconDetails.png	6	剩余资金	过去看看？	资金还有更妥善的用途，这个提议暂时搁置了下来。	最近资金略有盈余。
11011	1											离开					剩余资金	Assets/Product/Texture/Atlas/UiBabelTower/UiBabelTowerIconDetails.png	6	剩余资金	过去看看？	营地中举办了一个小型而温馨的篝火晚会，参与了聚会的社员们纷纷士气大涨。	最近资金略有盈余。
11012	1											离开					剩余资金	Assets/Product/Texture/Atlas/UiBabelTower/UiBabelTowerIconDetails.png	6	剩余资金	过去看看？	营地中举办了一个小型而温馨的篝火晚会，参与了聚会的社员们纷纷士气大涨。	最近资金略有盈余。
11013	3					[12052]						离开					剩余资金	Assets/Product/Texture/Atlas/UiBabelTower/UiBabelTowerIconDetails.png	6	剩余资金	过去看看？	营地中举办了一个小型而温馨的篝火晚会，参与了聚会的社员们纷纷士气大涨。	最近资金略有盈余。
11014	3					[12052]						离开					剩余资金	Assets/Product/Texture/Atlas/UiBabelTower/UiBabelTowerIconDetails.png	6	剩余资金	过去看看？	营地中举办了一个小型而温馨的篝火晚会，参与了聚会的社员们纷纷士气大涨。	最近资金略有盈余。
11015	3					[12053]						离开					剩余资金	Assets/Product/Texture/Atlas/UiBabelTower/UiBabelTowerIconDetails.png	6	剩余资金	过去看看？	营地中举办了一个小型而温馨的篝火晚会，参与了聚会的社员们纷纷士气大涨。	最近资金略有盈余。
11016	3					[12053]						离开					剩余资金	Assets/Product/Texture/Atlas/UiBabelTower/UiBabelTowerIconDetails.png	6	剩余资金	过去看看？	营地中举办了一个小型而温馨的篝火晚会，参与了聚会的社员们纷纷士气大涨。	最近资金略有盈余。
11017	2			11017								决定					商队来访	Assets/Product/Texture/Atlas/UiBabelTower/UiBabelTowerIconDetails.png	6	商队来访	过去看看？	城边路过了一队商队，商队的头目带来了许多营地内稀缺的物资，希望能跟边境公社做一笔交易。	商队经过了城边。
11018	3					[12031, 12032, 12033]						离开					商队来访	Assets/Product/Texture/Atlas/UiBabelTower/UiBabelTowerIconDetails.png	6	商队来访	过去看看？	城中资金短缺，公社用以物易物的形式交换了一些城中用得到的物资。商队在城中顺带驻足了几日，休息好便后离开了。	商队经过了城边。
11113	3					[12034, 12035, 12036]						离开					商队来访	Assets/Product/Texture/Atlas/UiBabelTower/UiBabelTowerIconDetails.png	6	商队来访	过去看看？	城中资金短缺，公社用以物易物的形式交换了一些城中用得到的物资。商队在城中顺带驻足了几日，休息好便后离开了。	商队经过了城边。
11114	3					[12037, 12038, 12039]						离开					商队来访	Assets/Product/Texture/Atlas/UiBabelTower/UiBabelTowerIconDetails.png	6	商队来访	过去看看？	城中资金短缺，公社用以物易物的形式交换了一些城中用得到的物资。商队在城中顺带驻足了几日，休息好便后离开了。	商队经过了城边。
11115	3					[12040, 12041, 12042]						离开					商队来访	Assets/Product/Texture/Atlas/UiBabelTower/UiBabelTowerIconDetails.png	6	商队来访	过去看看？	城中资金短缺，公社用以物易物的形式交换了一些城中用得到的物资。商队在城中顺带驻足了几日，休息好便后离开了。	商队经过了城边。
11116	3					[12043, 12044, 12045]						离开					商队来访	Assets/Product/Texture/Atlas/UiBabelTower/UiBabelTowerIconDetails.png	6	商队来访	过去看看？	城中资金短缺，公社用以物易物的形式交换了一些城中用得到的物资。商队在城中顺带驻足了几日，休息好便后离开了。	商队经过了城边。
11117	3					[12046, 12047, 12048]						离开					商队来访	Assets/Product/Texture/Atlas/UiBabelTower/UiBabelTowerIconDetails.png	6	商队来访	过去看看？	城中资金短缺，公社用以物易物的形式交换了一些城中用得到的物资。商队在城中顺带驻足了几日，休息好便后离开了。	商队经过了城边。
11019	3					[12049]						收下					商队来访	Assets/Product/Texture/Atlas/UiBabelTower/UiBabelTowerIconDetails.png	6	商队来访	过去看看？	公社主导发起了一场易物会，居民们前来采购了自己需要的物资。商队得以卸下了重担，作为回报，他们给公社留下了一些金币后离开了。	商队经过了城边。
11020	3					[12049]						收下					商队来访	Assets/Product/Texture/Atlas/UiBabelTower/UiBabelTowerIconDetails.png	6	商队来访	过去看看？	公社主导发起了一场易物会，居民们前来采购了自己需要的物资。商队得以卸下了重担，作为回报，他们给公社留下了一些金币后离开了。	商队经过了城边。
11021	3					[12050]						收下					商队来访	Assets/Product/Texture/Atlas/UiBabelTower/UiBabelTowerIconDetails.png	6	商队来访	过去看看？	公社主导发起了一场易物会，居民们前来采购了自己需要的物资。商队得以卸下了重担，作为回报，他们给公社留下了一些金币后离开了。	商队经过了城边。
11022	3					[12050]						收下					商队来访	Assets/Product/Texture/Atlas/UiBabelTower/UiBabelTowerIconDetails.png	6	商队来访	过去看看？	公社主导发起了一场易物会，居民们前来采购了自己需要的物资。商队得以卸下了重担，作为回报，他们给公社留下了一些金币后离开了。	商队经过了城边。
11023	3					[12051]						收下					商队来访	Assets/Product/Texture/Atlas/UiBabelTower/UiBabelTowerIconDetails.png	6	商队来访	过去看看？	公社主导发起了一场易物会，居民们前来采购了自己需要的物资。商队得以卸下了重担，作为回报，他们给公社留下了一些金币后离开了。	商队经过了城边。
11024	3					[12051]						收下					商队来访	Assets/Product/Texture/Atlas/UiBabelTower/UiBabelTowerIconDetails.png	6	商队来访	过去看看？	公社主导发起了一场易物会，居民们前来采购了自己需要的物资。商队得以卸下了重担，作为回报，他们给公社留下了一些金币后离开了。	商队经过了城边。
11025	2			11025								决定					建筑师的建议	Assets/Product/Texture/Atlas/UiBabelTower/UiBabelTowerIconDetails.png	6	建筑师的建议	过去看看？	一位建筑师社员提出方案，现有的生产模式过于落后，建议铺设工业化生产管线，以提高生产效率。	一位建筑师提出了修筑生产线的建议。
11026	3					[12049]						离开					建筑师的建议	Assets/Product/Texture/Atlas/UiBabelTower/UiBabelTowerIconDetails.png	6	建筑师的建议	过去看看？	以现有的资源还不适宜贸然进行这种大动作，公社内部采取了更加节省资金的方式解决了这个问题。	一位建筑师提出了修筑生产线的建议。
11118	3					[12049]						离开					建筑师的建议	Assets/Product/Texture/Atlas/UiBabelTower/UiBabelTowerIconDetails.png	6	建筑师的建议	过去看看？	以现有的资源还不适宜贸然进行这种大动作，公社内部采取了更加节省资金的方式解决了这个问题。	一位建筑师提出了修筑生产线的建议。
11119	3					[12050]						离开					建筑师的建议	Assets/Product/Texture/Atlas/UiBabelTower/UiBabelTowerIconDetails.png	6	建筑师的建议	过去看看？	以现有的资源还不适宜贸然进行这种大动作，公社内部采取了更加节省资金的方式解决了这个问题。	一位建筑师提出了修筑生产线的建议。
11120	3					[12050]						离开					建筑师的建议	Assets/Product/Texture/Atlas/UiBabelTower/UiBabelTowerIconDetails.png	6	建筑师的建议	过去看看？	以现有的资源还不适宜贸然进行这种大动作，公社内部采取了更加节省资金的方式解决了这个问题。	一位建筑师提出了修筑生产线的建议。
11121	3					[12051]						离开					建筑师的建议	Assets/Product/Texture/Atlas/UiBabelTower/UiBabelTowerIconDetails.png	6	建筑师的建议	过去看看？	以现有的资源还不适宜贸然进行这种大动作，公社内部采取了更加节省资金的方式解决了这个问题。	一位建筑师提出了修筑生产线的建议。
11122	3					[12051]						离开					建筑师的建议	Assets/Product/Texture/Atlas/UiBabelTower/UiBabelTowerIconDetails.png	6	建筑师的建议	过去看看？	以现有的资源还不适宜贸然进行这种大动作，公社内部采取了更加节省资金的方式解决了这个问题。	一位建筑师提出了修筑生产线的建议。
11027	3					[12013, 12014, 12015]						离开					建筑师的建议	Assets/Product/Texture/Atlas/UiBabelTower/UiBabelTowerIconDetails.png	6	建筑师的建议	过去看看？	新苏菲亚城内铺设了一条工业化的生产管线，生产效率得到了极大提高。	一位建筑师提出了修筑生产线的建议。
11028	3					[12016, 12017, 12018]						离开					建筑师的建议	Assets/Product/Texture/Atlas/UiBabelTower/UiBabelTowerIconDetails.png	6	建筑师的建议	过去看看？	新苏菲亚城内铺设了一条工业化的生产管线，生产效率得到了极大提高。	一位建筑师提出了修筑生产线的建议。
11029	3					[12019, 12020, 12021]						离开					建筑师的建议	Assets/Product/Texture/Atlas/UiBabelTower/UiBabelTowerIconDetails.png	6	建筑师的建议	过去看看？	新苏菲亚城内铺设了一条工业化的生产管线，生产效率得到了极大提高。	一位建筑师提出了修筑生产线的建议。
11030	3					[12022, 12023, 12024]						离开					建筑师的建议	Assets/Product/Texture/Atlas/UiBabelTower/UiBabelTowerIconDetails.png	6	建筑师的建议	过去看看？	新苏菲亚城内铺设了一条工业化的生产管线，生产效率得到了极大提高。	一位建筑师提出了修筑生产线的建议。
11031	3					[12025, 12026, 12027]						离开					建筑师的建议	Assets/Product/Texture/Atlas/UiBabelTower/UiBabelTowerIconDetails.png	6	建筑师的建议	过去看看？	新苏菲亚城内铺设了一条工业化的生产管线，生产效率得到了极大提高。	一位建筑师提出了修筑生产线的建议。
11032	3					[12028, 12029, 12030]						离开					建筑师的建议	Assets/Product/Texture/Atlas/UiBabelTower/UiBabelTowerIconDetails.png	6	建筑师的建议	过去看看？	新苏菲亚城内铺设了一条工业化的生产管线，生产效率得到了极大提高。	一位建筑师提出了修筑生产线的建议。
11033	2			11033								决定					运力紧张	Assets/Product/Texture/Atlas/UiBabelTower/UiBabelTowerIconDetails.png	6	运力紧张	过去看看？	有人向边境公社提出倡议，希望能在联通城内外的位置修筑一条可供四辆马车并驾行驶的大道，认为这能大大提升运输速度。	有人向边境公社提出了修筑大道的倡议。
11034	3					[12054]						离开					运力紧张	Assets/Product/Texture/Atlas/UiBabelTower/UiBabelTowerIconDetails.png	6	运力紧张	过去看看？	经过测算，增加中途驿站同样能解决运力紧张的问题，于是最终采取了增设驿站的方式。	有人向边境公社提出了修筑大道的倡议。
11123	3					[12054]						离开					运力紧张	Assets/Product/Texture/Atlas/UiBabelTower/UiBabelTowerIconDetails.png	6	运力紧张	过去看看？	经过测算，增加中途驿站同样能解决运力紧张的问题，于是最终采取了增设驿站的方式。	有人向边境公社提出了修筑大道的倡议。
11124	3					[12055]						离开					运力紧张	Assets/Product/Texture/Atlas/UiBabelTower/UiBabelTowerIconDetails.png	6	运力紧张	过去看看？	经过测算，增加中途驿站同样能解决运力紧张的问题，于是最终采取了增设驿站的方式。	有人向边境公社提出了修筑大道的倡议。
11125	3					[12055]						离开					运力紧张	Assets/Product/Texture/Atlas/UiBabelTower/UiBabelTowerIconDetails.png	6	运力紧张	过去看看？	经过测算，增加中途驿站同样能解决运力紧张的问题，于是最终采取了增设驿站的方式。	有人向边境公社提出了修筑大道的倡议。
11126	3					[12056]						离开					运力紧张	Assets/Product/Texture/Atlas/UiBabelTower/UiBabelTowerIconDetails.png	6	运力紧张	过去看看？	经过测算，增加中途驿站同样能解决运力紧张的问题，于是最终采取了增设驿站的方式。	有人向边境公社提出了修筑大道的倡议。
11127	3					[12056]						离开					运力紧张	Assets/Product/Texture/Atlas/UiBabelTower/UiBabelTowerIconDetails.png	6	运力紧张	过去看看？	经过测算，增加中途驿站同样能解决运力紧张的问题，于是最终采取了增设驿站的方式。	有人向边境公社提出了修筑大道的倡议。
11035	3					[12013, 12014, 12015]						离开					运力紧张	Assets/Product/Texture/Atlas/UiBabelTower/UiBabelTowerIconDetails.png	6	运力紧张	过去看看？	运输大道落成后，城内外输送物资的速度大大提高了。	有人向边境公社提出了修筑大道的倡议。
11036	3					[12016, 12017, 12018]						离开					运力紧张	Assets/Product/Texture/Atlas/UiBabelTower/UiBabelTowerIconDetails.png	6	运力紧张	过去看看？	运输大道落成后，城内外输送物资的速度大大提高了。	有人向边境公社提出了修筑大道的倡议。
11037	3					[12019, 12020, 12021]						离开					运力紧张	Assets/Product/Texture/Atlas/UiBabelTower/UiBabelTowerIconDetails.png	6	运力紧张	过去看看？	运输大道落成后，城内外输送物资的速度大大提高了。	有人向边境公社提出了修筑大道的倡议。
11038	3					[12022, 12023, 12024]						离开					运力紧张	Assets/Product/Texture/Atlas/UiBabelTower/UiBabelTowerIconDetails.png	6	运力紧张	过去看看？	运输大道落成后，城内外输送物资的速度大大提高了。	有人向边境公社提出了修筑大道的倡议。
11039	3					[12025, 12026, 12027]						离开					运力紧张	Assets/Product/Texture/Atlas/UiBabelTower/UiBabelTowerIconDetails.png	6	运力紧张	过去看看？	运输大道落成后，城内外输送物资的速度大大提高了。	有人向边境公社提出了修筑大道的倡议。
11040	3					[12028, 12029, 12030]						离开					运力紧张	Assets/Product/Texture/Atlas/UiBabelTower/UiBabelTowerIconDetails.png	6	运力紧张	过去看看？	运输大道落成后，城内外输送物资的速度大大提高了。	有人向边境公社提出了修筑大道的倡议。
11041	2			11041								决定					拦路的废墟	Assets/Product/Texture/Atlas/UiBabelTower/UiBabelTowerIconDetails.png	6	拦路的废墟	过去看看？	坐落在新苏菲亚城附近的废墟建筑已经开始妨碍到城池扩展了，有人提议派出一些清扫人员去对那些废墟进行拆除处理。	有人希望清除营地附近的废墟。
11042	3					[12054]						绕路而行					拦路的废墟	Assets/Product/Texture/Atlas/UiBabelTower/UiBabelTowerIconDetails.png	6	拦路的废墟	过去看看？	经过估算之后，众人得出结论清理这些废墟需要花费更多时间，最终决定绕开这些废墟继续进行建设。	有人希望清除营地附近的废墟。
11128	3					[12054]						绕路而行					拦路的废墟	Assets/Product/Texture/Atlas/UiBabelTower/UiBabelTowerIconDetails.png	6	拦路的废墟	过去看看？	经过估算之后，众人得出结论清理这些废墟需要花费更多时间，最终决定绕开这些废墟继续进行建设。	有人希望清除营地附近的废墟。
11129	3					[12055]						绕路而行					拦路的废墟	Assets/Product/Texture/Atlas/UiBabelTower/UiBabelTowerIconDetails.png	6	拦路的废墟	过去看看？	经过估算之后，众人得出结论清理这些废墟需要花费更多时间，最终决定绕开这些废墟继续进行建设。	有人希望清除营地附近的废墟。
11130	3					[12055]						绕路而行					拦路的废墟	Assets/Product/Texture/Atlas/UiBabelTower/UiBabelTowerIconDetails.png	6	拦路的废墟	过去看看？	经过估算之后，众人得出结论清理这些废墟需要花费更多时间，最终决定绕开这些废墟继续进行建设。	有人希望清除营地附近的废墟。
11131	3					[12056]						绕路而行					拦路的废墟	Assets/Product/Texture/Atlas/UiBabelTower/UiBabelTowerIconDetails.png	6	拦路的废墟	过去看看？	经过估算之后，众人得出结论清理这些废墟需要花费更多时间，最终决定绕开这些废墟继续进行建设。	有人希望清除营地附近的废墟。
11132	3					[12056]						绕路而行					拦路的废墟	Assets/Product/Texture/Atlas/UiBabelTower/UiBabelTowerIconDetails.png	6	拦路的废墟	过去看看？	经过估算之后，众人得出结论清理这些废墟需要花费更多时间，最终决定绕开这些废墟继续进行建设。	有人希望清除营地附近的废墟。
11043	3					[12031, 12032, 12033]						继续前行					拦路的废墟	Assets/Product/Texture/Atlas/UiBabelTower/UiBabelTowerIconDetails.png	6	拦路的废墟	过去看看？	清扫队前去清拆了一些已经不能修复的建筑，为新苏菲亚城接下来的拓展腾出了一片空地。	有人希望清除营地附近的废墟。
11044	3					[12034, 12035, 12036]						继续前行					拦路的废墟	Assets/Product/Texture/Atlas/UiBabelTower/UiBabelTowerIconDetails.png	6	拦路的废墟	过去看看？	清扫队前去清拆了一些已经不能修复的建筑，为新苏菲亚城接下来的拓展腾出了一片空地。	有人希望清除营地附近的废墟。
11045	3					[12037, 12038, 12039]						继续前行					拦路的废墟	Assets/Product/Texture/Atlas/UiBabelTower/UiBabelTowerIconDetails.png	6	拦路的废墟	过去看看？	清扫队前去清拆了一些已经不能修复的建筑，为新苏菲亚城接下来的拓展腾出了一片空地。	有人希望清除营地附近的废墟。
11046	3					[12040, 12041, 12042]						继续前行					拦路的废墟	Assets/Product/Texture/Atlas/UiBabelTower/UiBabelTowerIconDetails.png	6	拦路的废墟	过去看看？	清扫队前去清拆了一些已经不能修复的建筑，为新苏菲亚城接下来的拓展腾出了一片空地。	有人希望清除营地附近的废墟。
11047	3					[12043, 12044, 12045]						继续前行					拦路的废墟	Assets/Product/Texture/Atlas/UiBabelTower/UiBabelTowerIconDetails.png	6	拦路的废墟	过去看看？	清扫队前去清拆了一些已经不能修复的建筑，为新苏菲亚城接下来的拓展腾出了一片空地。	有人希望清除营地附近的废墟。
11048	3					[12046, 12047, 12048]						继续前行					拦路的废墟	Assets/Product/Texture/Atlas/UiBabelTower/UiBabelTowerIconDetails.png	6	拦路的废墟	过去看看？	清扫队前去清拆了一些已经不能修复的建筑，为新苏菲亚城接下来的拓展腾出了一片空地。	有人希望清除营地附近的废墟。
11049	1	11050						Assets/Product/Texture/Image/RoleStory/YanjiuyuanNormal04.png	安东诺夫	新苏菲亚城现在的情况，我想各位都很清楚…		继续		1					6		将那位身份不明的感染体安葬后，安东诺夫召集了边境公社的核心骨干成员们，在新苏菲亚城里召开了一场简单而意义重大的会议。		还未翻开。
11050	1	11051						Assets/Product/Texture/Image/RoleStory/YanjiuyuanNormal04.png	安东诺夫	自由不等同于散漫，对行动没有限制也不代表我们可以一直对未来毫无规划。		继续		1					6				还未翻开。
11051	1	11052						Assets/Product/Texture/Image/RoleStory/YanjiuyuanNormal04.png	安东诺夫	现在，关于对外敌的恐惧，对这片绝境的征服欲，和对机械角鲸的狂热仇恨正不断席卷着这座城池，我们需要找到一个办法去调和这些矛盾。		继续		1					6				还未翻开。
11052	2			11052				Assets/Product/Texture/Image/RoleStory/YanjiuyuanNormal04.png	安东诺夫			决定		1					6		面对着这张空白的信纸，在脑海中浮现出来的未来是......	请各位在谨慎思考之后，写下能帮助这座理想之城建设得更好的建议吧。	还未翻开。
11053	1							Assets/Product/Texture/Image/RoleStory/YanjiuyuanNormal04.png	安东诺夫	感谢各位的智慧与见解，我相信，这座城市一定会在各位的努力下，走向更好的明天。		完成会议		1					6		谨慎地写下了对这个问题的思考，然后将那封信投进了征集箱里面。		还未翻开。
11054	1							Assets/Product/Texture/Image/RoleStory/YanjiuyuanNormal04.png	安东诺夫	感谢各位的智慧与见解，我相信，这座城市一定会在各位的努力下，走向更好的明天。		完成会议		1					6		谨慎地写下了对这个问题的思考，然后将那封信投进了征集箱里面。		还未翻开。
11055	1							Assets/Product/Texture/Image/RoleStory/YanjiuyuanNormal04.png	安东诺夫	感谢各位的智慧与见解，我相信，这座城市一定会在各位的努力下，走向更好的明天。		完成会议		1					6		谨慎地写下了对这个问题的思考，然后将那封信投进了征集箱里面。		还未翻开。
11075	2			11075								决定					学者来访	Assets/Product/Texture/Atlas/UiBabelTower/UiBabelTowerIconDetails.png	6	学者来访	过去看看？	一位来自异国的学者来到了营地，宣称自己能研发出从地底挖掘出燃料的机器，只需要你们借出一片土地作为支持。	一位学者来访了。
11076	3					[12049]						收下					学者来访	Assets/Product/Texture/Atlas/UiBabelTower/UiBabelTowerIconDetails.png	6	学者来访	过去看看？	他遗憾地离去了，但在离开之前留下了一些可以有助城内科技水平发展的研究手稿，希望日后能再跟新苏菲亚城合作。	一位学者来访了。
11077	3					[12049]						收下					学者来访	Assets/Product/Texture/Atlas/UiBabelTower/UiBabelTowerIconDetails.png	6	学者来访	过去看看？	他遗憾地离去了，但在离开之前留下了一些可以有助城内科技水平发展的研究手稿，希望日后能再跟新苏菲亚城合作。	一位学者来访了。
11078	3					[12050]						收下					学者来访	Assets/Product/Texture/Atlas/UiBabelTower/UiBabelTowerIconDetails.png	6	学者来访	过去看看？	他遗憾地离去了，但在离开之前留下了一些可以有助城内科技水平发展的研究手稿，希望日后能再跟新苏菲亚城合作。	一位学者来访了。
11079	3					[12050]						收下					学者来访	Assets/Product/Texture/Atlas/UiBabelTower/UiBabelTowerIconDetails.png	6	学者来访	过去看看？	他遗憾地离去了，但在离开之前留下了一些可以有助城内科技水平发展的研究手稿，希望日后能再跟新苏菲亚城合作。	一位学者来访了。
11080	3					[12051]						收下					学者来访	Assets/Product/Texture/Atlas/UiBabelTower/UiBabelTowerIconDetails.png	6	学者来访	过去看看？	他遗憾地离去了，但在离开之前留下了一些可以有助城内科技水平发展的研究手稿，希望日后能再跟新苏菲亚城合作。	一位学者来访了。
11081	3					[12051]						收下					学者来访	Assets/Product/Texture/Atlas/UiBabelTower/UiBabelTowerIconDetails.png	6	学者来访	过去看看？	他遗憾地离去了，但在离开之前留下了一些可以有助城内科技水平发展的研究手稿，希望日后能再跟新苏菲亚城合作。	一位学者来访了。
11082	3					[12054]						离开					学者来访	Assets/Product/Texture/Atlas/UiBabelTower/UiBabelTowerIconDetails.png	6	学者来访	过去看看？	那位学者成功研发出了“油井”，他的这个发明为营地提供了一部分稳定的燃料补给。	一位学者来访了。
11083	3					[12054]						离开					学者来访	Assets/Product/Texture/Atlas/UiBabelTower/UiBabelTowerIconDetails.png	6	学者来访	过去看看？	那位学者成功研发出了“油井”，他的这个发明为营地提供了一部分稳定的燃料补给。	一位学者来访了。
11084	3					[12055]						离开					学者来访	Assets/Product/Texture/Atlas/UiBabelTower/UiBabelTowerIconDetails.png	6	学者来访	过去看看？	那位学者成功研发出了“油井”，他的这个发明为营地提供了一部分稳定的燃料补给。	一位学者来访了。
11085	3					[12055]						离开					学者来访	Assets/Product/Texture/Atlas/UiBabelTower/UiBabelTowerIconDetails.png	6	学者来访	过去看看？	那位学者成功研发出了“油井”，他的这个发明为营地提供了一部分稳定的燃料补给。	一位学者来访了。
11086	3					[12056]						离开					学者来访	Assets/Product/Texture/Atlas/UiBabelTower/UiBabelTowerIconDetails.png	6	学者来访	过去看看？	那位学者成功研发出了“油井”，他的这个发明为营地提供了一部分稳定的燃料补给。	一位学者来访了。
11087	3					[12056]						离开					学者来访	Assets/Product/Texture/Atlas/UiBabelTower/UiBabelTowerIconDetails.png	6	学者来访	过去看看？	那位学者成功研发出了“油井”，他的这个发明为营地提供了一部分稳定的燃料补给。	一位学者来访了。
11133	2			11133								决定					鲨鱼置物箱	Assets/Product/Texture/Atlas/UiBabelTower/UiBabelTowerIconDetails.png	6	鲨鱼置物箱	过去看看？	一个破旧的鲨鱼形状置物箱被随意地丢弃在路边，嘴巴大大地朝着天空打开，似乎可以往里面丢进一些钱币。	一个奇怪的置物箱出现了。
11134	3					[12054]						离开					鲨鱼置物箱	Assets/Product/Texture/Atlas/UiBabelTower/UiBabelTowerIconDetails.png	6	鲨鱼置物箱	过去看看？	往一个奇怪的玩具里面丢钱币能得到什么呢？众人收拾了一点散落在置物箱旁边的物资后就离开了。	一个奇怪的置物箱出现了。
11135	3					[12054]						离开					鲨鱼置物箱	Assets/Product/Texture/Atlas/UiBabelTower/UiBabelTowerIconDetails.png	6	鲨鱼置物箱	过去看看？	往一个奇怪的玩具里面丢钱币能得到什么呢？众人收拾了一点散落在置物箱旁边的物资后就离开了。	一个奇怪的置物箱出现了。
11136	3					[12055]						离开					鲨鱼置物箱	Assets/Product/Texture/Atlas/UiBabelTower/UiBabelTowerIconDetails.png	6	鲨鱼置物箱	过去看看？	往一个奇怪的玩具里面丢钱币能得到什么呢？众人收拾了一点散落在置物箱旁边的物资后就离开了。	一个奇怪的置物箱出现了。
11137	3					[12055]						离开					鲨鱼置物箱	Assets/Product/Texture/Atlas/UiBabelTower/UiBabelTowerIconDetails.png	6	鲨鱼置物箱	过去看看？	往一个奇怪的玩具里面丢钱币能得到什么呢？众人收拾了一点散落在置物箱旁边的物资后就离开了。	一个奇怪的置物箱出现了。
11138	3					[12056]						离开					鲨鱼置物箱	Assets/Product/Texture/Atlas/UiBabelTower/UiBabelTowerIconDetails.png	6	鲨鱼置物箱	过去看看？	往一个奇怪的玩具里面丢钱币能得到什么呢？众人收拾了一点散落在置物箱旁边的物资后就离开了。	一个奇怪的置物箱出现了。
11139	3					[12056]						离开					鲨鱼置物箱	Assets/Product/Texture/Atlas/UiBabelTower/UiBabelTowerIconDetails.png	6	鲨鱼置物箱	过去看看？	往一个奇怪的玩具里面丢钱币能得到什么呢？众人收拾了一点散落在置物箱旁边的物资后就离开了。	一个奇怪的置物箱出现了。
11140	3					[12049]						离开					鲨鱼置物箱	Assets/Product/Texture/Atlas/UiBabelTower/UiBabelTowerIconDetails.png	6	鲨鱼置物箱	过去看看？	试探性地往里面丢了一些钱币，没想到老旧的置物箱里面吐出了更多的物资，原来这是一个早就坏掉了的贩卖机。	一个奇怪的置物箱出现了。
11141	3					[12049]						离开					鲨鱼置物箱	Assets/Product/Texture/Atlas/UiBabelTower/UiBabelTowerIconDetails.png	6	鲨鱼置物箱	过去看看？	试探性地往里面丢了一些钱币，没想到老旧的置物箱里面吐出了更多的物资，原来这是一个早就坏掉了的贩卖机。	一个奇怪的置物箱出现了。
11142	3					[12050]						离开					鲨鱼置物箱	Assets/Product/Texture/Atlas/UiBabelTower/UiBabelTowerIconDetails.png	6	鲨鱼置物箱	过去看看？	试探性地往里面丢了一些钱币，没想到老旧的置物箱里面吐出了更多的物资，原来这是一个早就坏掉了的贩卖机。	一个奇怪的置物箱出现了。
11143	3					[12050]						离开					鲨鱼置物箱	Assets/Product/Texture/Atlas/UiBabelTower/UiBabelTowerIconDetails.png	6	鲨鱼置物箱	过去看看？	试探性地往里面丢了一些钱币，没想到老旧的置物箱里面吐出了更多的物资，原来这是一个早就坏掉了的贩卖机。	一个奇怪的置物箱出现了。
11144	3					[12051]						离开					鲨鱼置物箱	Assets/Product/Texture/Atlas/UiBabelTower/UiBabelTowerIconDetails.png	6	鲨鱼置物箱	过去看看？	试探性地往里面丢了一些钱币，没想到老旧的置物箱里面吐出了更多的物资，原来这是一个早就坏掉了的贩卖机。	一个奇怪的置物箱出现了。
11145	3					[12051]						离开					鲨鱼置物箱	Assets/Product/Texture/Atlas/UiBabelTower/UiBabelTowerIconDetails.png	6	鲨鱼置物箱	过去看看？	试探性地往里面丢了一些钱币，没想到老旧的置物箱里面吐出了更多的物资，原来这是一个早就坏掉了的贩卖机。	一个奇怪的置物箱出现了。
11146	2			11146								决定					废弃港口	Assets/Product/Texture/Atlas/UiBabelTower/UiBabelTowerIconDetails.png	6	废弃港口	过去看看？	一位社员提出在冰海附近搁浅的旧时代货轮已经妨碍了港口的运作，如果能拉走那些货轮，港口的效率还能大大提升。	一位社员建议清空冰海上的旧货轮。
11147	3					[12049]						收集资源					废弃港口	Assets/Product/Texture/Atlas/UiBabelTower/UiBabelTowerIconDetails.png	6	废弃港口	过去看看？	那些旧货轮上应该还有材料可以利用，众人决定先在那些货轮上回收一些资源。	一位社员建议清空冰海上的旧货轮。
11148	3					[12049]						收集资源					废弃港口	Assets/Product/Texture/Atlas/UiBabelTower/UiBabelTowerIconDetails.png	6	废弃港口	过去看看？	那些旧货轮上应该还有材料可以利用，众人决定先在那些货轮上回收一些资源。	一位社员建议清空冰海上的旧货轮。
11149	3					[12050]						收集资源					废弃港口	Assets/Product/Texture/Atlas/UiBabelTower/UiBabelTowerIconDetails.png	6	废弃港口	过去看看？	那些旧货轮上应该还有材料可以利用，众人决定先在那些货轮上回收一些资源。	一位社员建议清空冰海上的旧货轮。
11150	3					[12050]						收集资源					废弃港口	Assets/Product/Texture/Atlas/UiBabelTower/UiBabelTowerIconDetails.png	6	废弃港口	过去看看？	那些旧货轮上应该还有材料可以利用，众人决定先在那些货轮上回收一些资源。	一位社员建议清空冰海上的旧货轮。
11151	3					[12051]						收集资源					废弃港口	Assets/Product/Texture/Atlas/UiBabelTower/UiBabelTowerIconDetails.png	6	废弃港口	过去看看？	那些旧货轮上应该还有材料可以利用，众人决定先在那些货轮上回收一些资源。	一位社员建议清空冰海上的旧货轮。
11152	3					[12051]						收集资源					废弃港口	Assets/Product/Texture/Atlas/UiBabelTower/UiBabelTowerIconDetails.png	6	废弃港口	过去看看？	那些旧货轮上应该还有材料可以利用，众人决定先在那些货轮上回收一些资源。	一位社员建议清空冰海上的旧货轮。
11153	3					[12054]						离开					废弃港口	Assets/Product/Texture/Atlas/UiBabelTower/UiBabelTowerIconDetails.png	6	废弃港口	过去看看？	公社拉走了那些搁浅在海岸旁边的货轮，废船墓场得到清空之后运输效率果然得到了提高。	一位社员建议清空冰海上的旧货轮。
11154	3					[12054]						离开					废弃港口	Assets/Product/Texture/Atlas/UiBabelTower/UiBabelTowerIconDetails.png	6	废弃港口	过去看看？	公社拉走了那些搁浅在海岸旁边的货轮，废船墓场得到清空之后运输效率果然得到了提高。	一位社员建议清空冰海上的旧货轮。
11155	3					[12055]						离开					废弃港口	Assets/Product/Texture/Atlas/UiBabelTower/UiBabelTowerIconDetails.png	6	废弃港口	过去看看？	公社拉走了那些搁浅在海岸旁边的货轮，废船墓场得到清空之后运输效率果然得到了提高。	一位社员建议清空冰海上的旧货轮。
11156	3					[12055]						离开					废弃港口	Assets/Product/Texture/Atlas/UiBabelTower/UiBabelTowerIconDetails.png	6	废弃港口	过去看看？	公社拉走了那些搁浅在海岸旁边的货轮，废船墓场得到清空之后运输效率果然得到了提高。	一位社员建议清空冰海上的旧货轮。
11157	3					[12056]						离开					废弃港口	Assets/Product/Texture/Atlas/UiBabelTower/UiBabelTowerIconDetails.png	6	废弃港口	过去看看？	公社拉走了那些搁浅在海岸旁边的货轮，废船墓场得到清空之后运输效率果然得到了提高。	一位社员建议清空冰海上的旧货轮。
11158	3					[12056]						离开					废弃港口	Assets/Product/Texture/Atlas/UiBabelTower/UiBabelTowerIconDetails.png	6	废弃港口	过去看看？	公社拉走了那些搁浅在海岸旁边的货轮，废船墓场得到清空之后运输效率果然得到了提高。	一位社员建议清空冰海上的旧货轮。
11159	2			11159								决定					考古学建议	Assets/Product/Texture/Atlas/UiBabelTower/UiBabelTowerIconDetails.png	6	考古学建议	过去看看？	一位年迈的考古学家对公社提出建议，认为旧时代的废墟里面应该存在着不少失落科技产物，应该派人前去回收。	一位考古学家提出了侦查废墟的建议。
11160	1											避让废墟					考古学建议	Assets/Product/Texture/Atlas/UiBabelTower/UiBabelTowerIconDetails.png	6	考古学建议	过去看看？	经过估算之后，众人得出结论清理这些废墟需要花费更多时间，最终决定绕开这些废墟继续进行建设。	一位考古学家提出了侦查废墟的建议。
11161	1											避让废墟					考古学建议	Assets/Product/Texture/Atlas/UiBabelTower/UiBabelTowerIconDetails.png	6	考古学建议	过去看看？	经过估算之后，众人得出结论清理这些废墟需要花费更多时间，最终决定绕开这些废墟继续进行建设。	一位考古学家提出了侦查废墟的建议。
11162	3					[12052]						避让废墟					考古学建议	Assets/Product/Texture/Atlas/UiBabelTower/UiBabelTowerIconDetails.png	6	考古学建议	过去看看？	经过估算之后，众人得出结论清理这些废墟需要花费更多时间，最终决定绕开这些废墟继续进行建设。	一位考古学家提出了侦查废墟的建议。
11163	3					[12052]						避让废墟					考古学建议	Assets/Product/Texture/Atlas/UiBabelTower/UiBabelTowerIconDetails.png	6	考古学建议	过去看看？	经过估算之后，众人得出结论清理这些废墟需要花费更多时间，最终决定绕开这些废墟继续进行建设。	一位考古学家提出了侦查废墟的建议。
11164	3					[12053]						避让废墟					考古学建议	Assets/Product/Texture/Atlas/UiBabelTower/UiBabelTowerIconDetails.png	6	考古学建议	过去看看？	经过估算之后，众人得出结论清理这些废墟需要花费更多时间，最终决定绕开这些废墟继续进行建设。	一位考古学家提出了侦查废墟的建议。
11165	3					[12053]						避让废墟					考古学建议	Assets/Product/Texture/Atlas/UiBabelTower/UiBabelTowerIconDetails.png	6	考古学建议	过去看看？	经过估算之后，众人得出结论清理这些废墟需要花费更多时间，最终决定绕开这些废墟继续进行建设。	一位考古学家提出了侦查废墟的建议。
11166	3					[12054]						离开					考古学建议	Assets/Product/Texture/Atlas/UiBabelTower/UiBabelTowerIconDetails.png	6	考古学建议	过去看看？	侦查队从废墟都市里回收了不少仍能正常启动的机器，对其进行了拆解研究后，将它们的运作原理灵活运用到了营地的机械上。	一位考古学家提出了侦查废墟的建议。
11167	3					[12054]						离开					考古学建议	Assets/Product/Texture/Atlas/UiBabelTower/UiBabelTowerIconDetails.png	6	考古学建议	过去看看？	侦查队从废墟都市里回收了不少仍能正常启动的机器，对其进行了拆解研究后，将它们的运作原理灵活运用到了营地的机械上。	一位考古学家提出了侦查废墟的建议。
11168	3					[12055]						离开					考古学建议	Assets/Product/Texture/Atlas/UiBabelTower/UiBabelTowerIconDetails.png	6	考古学建议	过去看看？	侦查队从废墟都市里回收了不少仍能正常启动的机器，对其进行了拆解研究后，将它们的运作原理灵活运用到了营地的机械上。	一位考古学家提出了侦查废墟的建议。
11169	3					[12055]						离开					考古学建议	Assets/Product/Texture/Atlas/UiBabelTower/UiBabelTowerIconDetails.png	6	考古学建议	过去看看？	侦查队从废墟都市里回收了不少仍能正常启动的机器，对其进行了拆解研究后，将它们的运作原理灵活运用到了营地的机械上。	一位考古学家提出了侦查废墟的建议。
11170	3					[12056]						离开					考古学建议	Assets/Product/Texture/Atlas/UiBabelTower/UiBabelTowerIconDetails.png	6	考古学建议	过去看看？	侦查队从废墟都市里回收了不少仍能正常启动的机器，对其进行了拆解研究后，将它们的运作原理灵活运用到了营地的机械上。	一位考古学家提出了侦查废墟的建议。
11171	3					[12056]						离开					考古学建议	Assets/Product/Texture/Atlas/UiBabelTower/UiBabelTowerIconDetails.png	6	考古学建议	过去看看？	侦查队从废墟都市里回收了不少仍能正常启动的机器，对其进行了拆解研究后，将它们的运作原理灵活运用到了营地的机械上。	一位考古学家提出了侦查废墟的建议。
30001	2			30001				Assets/Product/Texture/Image/UiTheatre4/UiTheatre4RoleTatiana.png	塔季扬娜			下一步					测试人物	Assets/Product/Texture/Atlas/UiBabelTower/UiBabelTowerIconDetails.png	6	传送测试	不知道这个是啥先写了	真假门选择。	还未翻开。
30002	1						1401	Assets/Product/Texture/Image/UiTheatre4/UiTheatre4RoleTatiana.png	塔季扬娜			下一步					测试人物	Assets/Product/Texture/Atlas/UiBabelTower/UiBabelTowerIconDetails.png	6	传送测试	不知道这个是啥先写了	真门。	还未翻开。
30003	1						1402	Assets/Product/Texture/Image/UiTheatre4/UiTheatre4RoleTatiana.png	塔季扬娜			下一步					测试人物	Assets/Product/Texture/Atlas/UiBabelTower/UiBabelTowerIconDetails.png	6	传送测试	不知道这个是啥先写了	假门。	还未翻开。
30010	1							Assets/Product/Texture/Image/UiTheatre4/UiTheatre4RoleTatiana.png	塔季扬娜	又是机械守卫吗……这个堡垒还真是防守严密。		下一步					讨伐事项	Assets/Product/Texture/Atlas/UiBabelTower/UiBabelTowerIconDetails.png	6	讨伐事项	副标题	机械守卫们侦查到了来者的脚步声。纷纷久违地抽出了利刃，履行它们忠实的职责。	还未翻开。
30011	1							Assets/Product/Texture/Image/RoleStory/IceguideNomal.png	狄安娜	谨慎应对吧，这将是一场苦战。		下一步					讨伐事项	Assets/Product/Texture/Atlas/UiBabelTower/UiBabelTowerIconDetails.png	6	讨伐事项	副标题	机械守卫们侦查到了来者的脚步声。纷纷久违地抽出了利刃，履行它们忠实的职责。	还未翻开。
30012	1							Assets/Product/Texture/Image/UiTheatre4/UiTheatre4RoleV2130boss.png	冰雪守卫	……		下一步					讨伐事项	Assets/Product/Texture/Atlas/UiBabelTower/UiBabelTowerIconDetails.png	6	讨伐事项	副标题	机械守卫们侦查到了来者的脚步声。纷纷久违地抽出了利刃，履行它们忠实的职责。	还未翻开。
30020	1							Assets/Product/Texture/Image/UiTheatre4/UiTheatre4RoleTatiana.png	塔季扬娜	抱歉，请把这里让给我们吧。		离开					讨伐事项	Assets/Product/Texture/Atlas/UiBabelTower/UiBabelTowerIconDetails.png	6	讨伐事项	副标题		还未翻开。
30030	2			30030								决定			Assets/Product/Texture/Image/BgStory/BgStory698.jpg		战马瑞恩	Assets/Product/Texture/Atlas/UiBabelTower/UiBabelTowerIconDetails.png	7	战马瑞恩		众人在雪林附近巡逻的时候，发现有些零散的感染体在道路上徘徊，它们游荡的终点似乎是营地的马厩。\n\n这些马匹大多是从苏菲亚城带过来的战马后代，陪伴着公社的成员们在冰海边缘已经走过了几个春秋，都是饱经沙场的老兵。	它是你们最忠诚的伙伴。
30031	1											继续			Assets/Product/Texture/Image/BgStory/BgStory698.jpg		战马瑞恩	Assets/Product/Texture/Atlas/UiBabelTower/UiBabelTowerIconDetails.png	7	战马瑞恩		巡逻队特地抽出一段时间，清理了一下路上的感染体。清理完成回到营地之后，有人报告有一匹战马从马厩消失了。	它是你们最忠诚的伙伴。
30032	3					[12007]						追寻			Assets/Product/Texture/Image/BgStory/BgStory698.jpg		战马瑞恩	Assets/Product/Texture/Atlas/UiBabelTower/UiBabelTowerIconDetails.png	7	战马瑞恩		消失的“瑞恩”正是当初跟随着开荒队来到这里的战马，已经在公社内服役多年，服从性极高，公社内更没有它们自行脱逃的先例。\n\n怀着一丝暂时无法找到答案的疑惑，众人暂时离开了马厩。	它是你们最忠诚的伙伴。
30033	1											离开			Assets/Product/Texture/Image/BgStory/BgStory698.jpg		战马瑞恩	Assets/Product/Texture/Atlas/UiBabelTower/UiBabelTowerIconDetails.png	7	战马瑞恩		因为时间紧张，巡逻队的队员们简单地驱逐了一下这些感染体，让他们离开了原来游荡的路径。	它是你们最忠诚的伙伴。
30036	1	30037						Assets/Product/Texture/Image/RoleStory/TatianaNormal019.png	塔季扬娜	你之前怎么一直不现身，我还以为你……		继续			Assets/Product/Texture/Image/BgStory/BgStory699.jpg		战马瑞恩	Assets/Product/Texture/Atlas/UiBabelTower/UiBabelTowerIconDetails.png	7	战马瑞恩		一只活蹦乱跳的战马突然从林中跑了出来，并亲昵地围着人们打转。众人定睛一看，它正是在几周前失踪的战马“瑞恩”。	它是你们最忠诚的伙伴。
30037	3					[12049]		Assets/Product/Texture/Image/RoleStory/TatianaNormal018.png	塔季扬娜	不，瑞恩，你做得很好，我就知道你肯定会找到道路回家的，毕竟你从来就没有离开过我们身边。		离开			Assets/Product/Texture/Image/BgStory/BgStory699.jpg		战马瑞恩	Assets/Product/Texture/Atlas/UiBabelTower/UiBabelTowerIconDetails.png	7	战马瑞恩		“瑞恩”激动地长啸了一声，从它的反应看来，在它回到这里之前，应该是经过了一番壮绝的冒险，只是这场冒险的内容，我们应该是永远不得而知了。	它是你们最忠诚的伙伴。
30040	1	30041										迎战瑞恩			Assets/Product/Texture/Image/BgStory/BgStory699.jpg		战马瑞恩Ⅱ	Assets/Product/Texture/Atlas/UiBabelTower/UiBabelTowerIconDetails.png	7	战马瑞恩Ⅱ		又一次雪林巡逻，一道黑影陡然从林间冲出，袭向队伍。\n\n“瑞恩？！”混乱中，一声低喊似乎让黑影的动作停顿了一瞬，人们终于看清了它的模样。那匹曾经机警聪明的战马身上居然布满了溃烂的伤口，眸中染满了疯狂。	它是你们最忠诚的伙伴。
30041	4	30042			42002							迎战瑞恩			Assets/Product/Texture/Image/BgStory/BgStory699.jpg		战马瑞恩Ⅱ	Assets/Product/Texture/Atlas/UiBabelTower/UiBabelTowerIconDetails.png	7	战马瑞恩Ⅱ		迎战敌人“被感染的瑞恩”。	它是你们最忠诚的伙伴。
30042	1	30043						Assets/Product/Texture/Image/RoleStory/TatianaNormal014.png	塔季扬娜	如果在路过马厩的那时候，我们就及时处理了那些感染体，可能这一切就不会发生……		祈福		1	Assets/Product/Texture/Image/BgStory/BgStory699.jpg		战马瑞恩Ⅱ	Assets/Product/Texture/Atlas/UiBabelTower/UiBabelTowerIconDetails.png	7	战马瑞恩Ⅱ		众人为死亡的“瑞恩”建立了一座小小的墓碑，用来纪念这匹曾为营地建下无数汗血功劳的战马。	它是你们最忠诚的伙伴。
30043	3					[12017, 12018, 12019]						离开			Assets/Product/Texture/Image/BgStory/BgStory699.jpg		战马瑞恩Ⅱ	Assets/Product/Texture/Atlas/UiBabelTower/UiBabelTowerIconDetails.png	7	战马瑞恩Ⅱ		极地子民里面曾经有着烹食战死马匹的传统，但是这一次，一方面是感染的马匹无法食用，另一方面是他们都不忍再次破坏它的遗体，全部人都赞成妥善安葬“瑞恩”。\n\n至少现在，它可以在风雪的怀抱之中，伴随着战友们的祝福安静沉眠了。	它是你们最忠诚的伙伴。
30050	1	30051										进行松土			Assets/Product/Texture/Image/BgStory/Bgstory462.jpg		冬日之影	Assets/Product/Texture/Atlas/UiBabelTower/UiBabelTowerIconDetails.png	7	冬日之影		巡逻路过营地外侧的时候，发现由于营地内的供暖设施搭建起来的原因，营地边缘的冻土融化了一些，泥土都比较松动，看上去像是可以种植一些植物。	“你为什么要演奏冬秋莎！”
30051	3					[12031, 12032, 12033]						离开			Assets/Product/Texture/Image/BgStory/Bgstory462.jpg		冬日之影	Assets/Product/Texture/Atlas/UiBabelTower/UiBabelTowerIconDetails.png	7	冬日之影		公社内派遣了几个社员过来这边进行了一些松土处理，应该过一段时间之后，这边就能变成新的农场了。\n等过一段时间之后，再来这边检查吧。	“你为什么要演奏冬秋莎！”
30060	1	30062						Assets/Product/Texture/Image/RoleStory/ShihuangzhenvNormal02.png	女公社成员A	你这个人还真是满脑子都只想着自己啊！\n是你要搬来这个新苏菲亚，而现在你却说什么不想在这里种土豆……		前往			Assets/Product/Texture/Image/BgStory/Bgstory462.jpg		冬日之影	Assets/Product/Texture/Atlas/UiBabelTower/UiBabelTowerIconDetails.png	7	冬日之影		说起来，之前派了一些社员去营地外侧进行了松土作业，已经过了一段时间了，去检查一下处理成果吧。	“你为什么要演奏冬秋莎！”
30062	1	30064						Assets/Product/Texture/Image/RoleStory/TongyongnvgouzaotiNormal03.png	女公社成员B	别以为我不知道，你其实只想过以前那种轻松逍遥的日子！\n不然，你为什么要在那时候演奏冬秋莎！		上前查看			Assets/Product/Texture/Image/BgStory/Bgstory462.jpg		冬日之影	Assets/Product/Texture/Atlas/UiBabelTower/UiBabelTowerIconDetails.png	7	冬日之影		她们似乎在争吵着什么。	“你为什么要演奏冬秋莎！”
30064	2			30064								静听			Assets/Product/Texture/Image/BgStory/Bgstory462.jpg		冬日之影	Assets/Product/Texture/Atlas/UiBabelTower/UiBabelTowerIconDetails.png	7	冬日之影		似乎是有两个社员在农场附近吵起来了，不过由于只听到了一半，吵架的内容可以说是不明就里，莫名其妙。	“你为什么要演奏冬秋莎！”
30070	1	30071						Assets/Product/Texture/Image/RoleStory/TongyongnvgouzaotiNormal03.png	女公社成员B	其实我也知道的，以前的那些日子已经回不去了……\n我愿意跟你在这里呆一辈子，一起创造新的未来！		继续			Assets/Product/Texture/Image/BgStory/Bgstory462.jpg		冬日之影	Assets/Product/Texture/Atlas/UiBabelTower/UiBabelTowerIconDetails.png	7	冬日之影		虽然干涉别人的人际关系不太好，但是任由她们在这里争论也不行，于是塔季扬娜出面对两人进行了一些劝阻。	“你为什么要演奏冬秋莎！”
30071	1	30072						Assets/Product/Texture/Image/RoleStory/ShihuangzhenvNormal02.png	女公社成员A	……呜呜，对不起，是我误解你了……		出面干涉			Assets/Product/Texture/Image/BgStory/Bgstory462.jpg		冬日之影	Assets/Product/Texture/Atlas/UiBabelTower/UiBabelTowerIconDetails.png	7	冬日之影		虽然干涉别人的人际关系不太好，但是任由她们在这里争论也不行，于是塔季扬娜出面对两人进行了一些劝阻。	“你为什么要演奏冬秋莎！”
30072	3					[12200]						离开			Assets/Product/Texture/Image/BgStory/Bgstory462.jpg		冬日之影	Assets/Product/Texture/Atlas/UiBabelTower/UiBabelTowerIconDetails.png	7	冬日之影		在一番好意劝阻下，之前还剑拔弩张的两个人很快又尽数冰释前嫌，并开始痛哭流涕地互相拥抱道歉。\n\n虽然这场冲突看着来得快也去得快，吵架的原因看上去也有些莫名其妙，但是总归问题解决了就好。	“你为什么要演奏冬秋莎！”
30080	1	30081										离开			Assets/Product/Texture/Image/BgStory/Bgstory462.jpg		冬日之影	Assets/Product/Texture/Atlas/UiBabelTower/UiBabelTowerIconDetails.png	7	冬日之影		思考了一下，这种争端还是不听为好，毕竟外人也无法解决她们之间的问题。\n\n塔季扬娜摇了摇头，正准备离开这里，就听到身后传来了一声某种沉重物体被砸到雪地之上的重音。	“你为什么要演奏冬秋莎！”
30081	1	30082						Assets/Product/Texture/Image/RoleStory/YanjiuyuanNormal04.png	女公社成员B	那就算了，反正……我从来没有觉得和你一起种土豆开心过！		离开			Assets/Product/Texture/Image/BgStory/Bgstory462.jpg		冬日之影	Assets/Product/Texture/Atlas/UiBabelTower/UiBabelTowerIconDetails.png	7	冬日之影		一位女公社成员把手上的锄头扔进了山里，另一位女公社成员也捂着脸，痛哭着跑走了。	“你为什么要演奏冬秋莎！”
30082	3					[12213, 12214, 12215]						离开			Assets/Product/Texture/Image/BgStory/Bgstory462.jpg		冬日之影	Assets/Product/Texture/Atlas/UiBabelTower/UiBabelTowerIconDetails.png	7	冬日之影		等以后有机会，再去找她们两人谈一谈，看看是否能帮忙解开她们的心结吧。	“你为什么要演奏冬秋莎！”
30090	1	30091										观察墙壁			Assets/Product/Texture/Image/BgStory/BgStory938.jpg		“前方有陷阱”	Assets/Product/Texture/Atlas/UiBabelTower/UiBabelTowerIconDetails.png	7	“前方有陷阱”		在某处探索废墟之时，众人发现了一条留在旧时代墙壁上的奇怪铭文：\n\n「前方有陷阱，若要通过，请高举双手，赞美冰海。\n——来自石东薇尔。」	请仔细查看墙上的留言。
30091	2			30091								决定			Assets/Product/Texture/Image/BgStory/BgStory938.jpg		“前方有陷阱”	Assets/Product/Texture/Atlas/UiBabelTower/UiBabelTowerIconDetails.png	7	“前方有陷阱”		铭文的痕迹看上去已经非常陈旧，前方的窄路上也遍布着新旧各异的战斗痕迹，看来有陷阱这件事并非凭空捏造……但是，真的要相信这条奇怪的建议吗？	请仔细查看墙上的留言。
30092	1											离开			Assets/Product/Texture/Image/BgStory/BgStory926.jpg		“前方有陷阱”	Assets/Product/Texture/Atlas/UiBabelTower/UiBabelTowerIconDetails.png	7	“前方有陷阱”		为了队伍的安全着想，塔季扬娜决定带领队伍绕开这个废墟。	请仔细查看墙上的留言。
30093	2			30093				Assets/Product/Texture/Image/RoleStory/TatianaNormal011.png	塔季扬娜	怎么回事啊，这个奇怪的机关绝对已经违背力学原理了吧……		决定			Assets/Product/Texture/Image/BgStory/BgStory925.jpg		“前方有陷阱”	Assets/Product/Texture/Atlas/UiBabelTower/UiBabelTowerIconDetails.png	7	“前方有陷阱”		众人决定冒险通过这面墙壁，但是刚走出两步，头顶上骤然不停落下滚滚落石，似乎是要警告他们不许轻举妄动。	请仔细查看墙上的留言。
30094	1	30095						Assets/Product/Texture/Image/RoleStory/TatianaNormal015.png	塔季扬娜	咳咳，那个，赞，赞美冰海……		观察密道			Assets/Product/Texture/Image/BgStory/BgStory925.jpg		“前方有陷阱”	Assets/Product/Texture/Atlas/UiBabelTower/UiBabelTowerIconDetails.png	7	“前方有陷阱”		无奈之下，塔季扬娜决定尝试一下这条奇怪的建议。\n\n……\n完成仪式后，噔噔噔，废墟深处先是传来了一道奇怪的声音，然后一条密道在隐蔽的角落缓缓出现了。	请仔细查看墙上的留言。
30095	1	30096						Assets/Product/Texture/Image/RoleStory/V129HsyhNormal01.png	奇怪的声音	……		询问			Assets/Product/Texture/Image/BgStory/BgStory927.jpg		“前方有陷阱”	Assets/Product/Texture/Atlas/UiBabelTower/UiBabelTowerIconDetails.png	7	“前方有陷阱”		欢迎你们，遗迹的第1882名造访者，我是这个遗迹的观察者。你可以选择保留这条提示，也可以选择永久抹除这条提示，我会遵守你的所有选择。\n\n请问，是否抹除这条提示：\n\n「前方有陷阱，若要通过，请高举双手，赞美冰海。\n——来自石东薇尔」	请仔细查看墙上的留言。
30096	1	30097						Assets/Product/Texture/Image/RoleStory/TatianaNormal016.png	塔季扬娜	为什么要特地抹除那条提示？		要求保留			Assets/Product/Texture/Image/BgStory/BgStory927.jpg		“前方有陷阱”	Assets/Product/Texture/Atlas/UiBabelTower/UiBabelTowerIconDetails.png	7	“前方有陷阱”		塔季扬娜询问对方这么做的理由。\n奇怪的声音解释道：\n“因为世界上有很多奇奇怪怪的人嘛，也许也会有人享受看到后人死于非命的感觉。”	请仔细查看墙上的留言。
30097	1		31030					Assets/Product/Texture/Image/RoleStory/TatianaNormal012.png	塔季扬娜	……请务必继续保留这条提示。		同意			Assets/Product/Texture/Image/BgStory/BgStory927.jpg		“前方有陷阱”	Assets/Product/Texture/Atlas/UiBabelTower/UiBabelTowerIconDetails.png	7	“前方有陷阱”		“收到，您和之前的1881位旅行者作出了一样的抉择。”\n\n“嗯……尊敬的造访者，你们的行动和逻辑都非常有趣，我已经被你们的言行深深吸引，不由得想见证更多的可能性。”\n\n“不知道可否继续配合我完成一个小小的试炼，前往这个位置看看？”\n\n“放心，我承诺给予你们的回报绝对物超所值。”	请仔细查看墙上的留言。
30098	3					[12037, 12038, 12039]						离开			Assets/Product/Texture/Image/BgStory/BgStory924.jpg		“前方有陷阱”	Assets/Product/Texture/Atlas/UiBabelTower/UiBabelTowerIconDetails.png	7	“前方有陷阱”		没过多久，地面上浮现了一串坐标信息，经过定位，塔季扬娜发现坐标正处于当前地区的<color=#FF5826>西南边</color>。\n\n完成信息记录后，众人便启程离开了这片遗迹。	请仔细查看墙上的留言。
30099	3					[12050]	2006					离开			Assets/Product/Texture/Image/BgStory/BgStory924.jpg		“前方有陷阱”	Assets/Product/Texture/Atlas/UiBabelTower/UiBabelTowerIconDetails.png	7	“前方有陷阱”		没过多久，地面上浮现了一串坐标信息，经过定位，塔季扬娜发现坐标正处于当前地区的<color=#FF5826>西北边</color>。\n\n完成信息记录后，众人便启程离开了这片遗迹。	请仔细查看墙上的留言。
30100	3					[12037, 12038, 12039]						离开			Assets/Product/Texture/Image/BgStory/BgStory924.jpg		“前方有陷阱”	Assets/Product/Texture/Atlas/UiBabelTower/UiBabelTowerIconDetails.png	7	“前方有陷阱”		没过多久，地面上浮现了一串坐标信息，经过定位，塔季扬娜发现坐标正处于当前地区的<color=#FF5826>东北边</color>。\n\n完成信息记录后，众人便启程离开了这片遗迹。	请仔细查看墙上的留言。
30140	1	30141										查看			Assets/Product/Texture/Image/BgStory/Bgstory463.jpg		最后防线	Assets/Product/Texture/Atlas/UiBabelTower/UiBabelTowerIconDetails.png	7	最后防线		在一次废墟探索中，众人被感染体围困在了一间废弃的作战室内。慌乱之中，有人发现在老旧的控制台上落着一张泛黄的纸条。	“我选择将最后的希望留给你们。”
30141	2			30141								决定			Assets/Product/Texture/Image/BgStory/Bgstory463.jpg		最后防线	Assets/Product/Texture/Atlas/UiBabelTower/UiBabelTowerIconDetails.png	7	最后防线		“致后来的人，我留下了仅能启动最后一次歼敌炮台的能源，但是在按下这个按钮之后，炮台就会陷入永久休眠。希望能帮助你们度过这个险境。”	“我选择将最后的希望留给你们。”
30150	1	30151										继续			Assets/Product/Texture/Image/BgStory/Bgstory463.jpg		最后防线	Assets/Product/Texture/Atlas/UiBabelTower/UiBabelTowerIconDetails.png	7	最后防线		按下按钮之后，歼敌炮台发出了耀眼的高热光束，将包围在作战室附近的感染体一烧而尽。	“我选择将最后的希望留给你们。”
30151	1	30152										继续			Assets/Product/Texture/Image/BgStory/Bgstory463.jpg		最后防线	Assets/Product/Texture/Atlas/UiBabelTower/UiBabelTowerIconDetails.png	7	最后防线		众人在确定没有敌人后，推开了废弃作战室的门，才愕然发现在作战室后方居然是一个巨大的生活空间，各种留下的残迹都显示着曾有人长期居住在这里。	“我选择将最后的希望留给你们。”
30152	2			30152								查看四周			Assets/Product/Texture/Image/BgStory/Bgstory463.jpg		最后防线	Assets/Product/Texture/Atlas/UiBabelTower/UiBabelTowerIconDetails.png	7	最后防线		堆积在墙角的鹿骨碎片，挂在房梁上的碎布，漂浮在贮水池里的破渔网，无不诉说着住在里面的人曾经为了生存作出了怎样的艰苦斗争。	“我选择将最后的希望留给你们。”
30160	1	30161										继续			Assets/Product/Texture/Image/BgStory/Bgstory463.jpg		最后防线	Assets/Product/Texture/Atlas/UiBabelTower/UiBabelTowerIconDetails.png	7	最后防线		打开角落里早就腐朽成一片片碎铁的档案箱，他们最后留下的道别信穿越了漫长的时空，重新来到了眼前。	“我选择将最后的希望留给你们。”
30161	1	30162										继续			Assets/Product/Texture/Image/BgStory/Bgstory463.jpg		最后防线	Assets/Product/Texture/Atlas/UiBabelTower/UiBabelTowerIconDetails.png	7	最后防线		“我们和帕弥什对抗了三年，食物已经全部耗尽了，附近的动物也尽数感染……再苟延残喘下去也没有任何意义，与其勉强维持我们的生命，不如将希望留给后来的人吧。”	“我选择将最后的希望留给你们。”
30162	1	30163										离开			Assets/Product/Texture/Image/BgStory/Bgstory463.jpg		最后防线	Assets/Product/Texture/Atlas/UiBabelTower/UiBabelTowerIconDetails.png	7	最后防线		“我们的死亡本无意义，但是如果能把这份死亡转化成给后来人的希望，我们一生就不算枉过。”	“我选择将最后的希望留给你们。”
30163	3					[12203]						离开			Assets/Product/Texture/Image/BgStory/Bgstory463.jpg		最后防线	Assets/Product/Texture/Atlas/UiBabelTower/UiBabelTowerIconDetails.png	7	最后防线		“再见了，格林瓦诺斯雪山的日出，再见了，一望无尽的基亚兰塔冰海，再见了，巡游在极光之下的守护神们。来生的我会化作一片雪花，重新回到你们身边。”	“我选择将最后的希望留给你们。”
30170	3					[12204]						离开			Assets/Product/Texture/Image/BgStory/Bgstory463.jpg		最后防线	Assets/Product/Texture/Atlas/UiBabelTower/UiBabelTowerIconDetails.png	7	最后防线		这个陈旧的按钮是否真的还有作用，又或者是不是一个陷阱也未可知，众人没有选择按下它。	“我选择将最后的希望留给你们。”
30180	1	30181										穿过			Assets/Product/Texture/Image/BgStory/BgStory576.jpg		捉迷藏	Assets/Product/Texture/Atlas/UiBabelTower/UiBabelTowerIconDetails.png	7	捉迷藏		在探索回程的路上，巡逻队走进了一个已经经过很多次的旧时代城楼废墟。这个废墟刚好位于巡逻路线的必经之路上，众人已经对它相当熟悉。	她曾在此处。
30181	1	30182						Assets/Product/Texture/Image/RoleStory/TatianaNormal016.png	塔季扬娜	真是奇怪啊……这堵墙，怎么感觉好像换了个位置？		查看司州			Assets/Product/Texture/Image/BgStory/BgStory576.jpg		捉迷藏	Assets/Product/Texture/Atlas/UiBabelTower/UiBabelTowerIconDetails.png	7	捉迷藏		但奇怪的是，这次全部人却都在里面迷失了方向，无论怎么走，都走不出这座高墙和塔楼构筑而成的迷宫。	她曾在此处。
30182	1	30183					1401	Assets/Product/Texture/Image/RoleStory/TatianaNormal011.png	塔季扬娜	等，等等，啊————		传送执行			Assets/Product/Texture/Image/BgStory/BgStory576.jpg		捉迷藏	Assets/Product/Texture/Atlas/UiBabelTower/UiBabelTowerIconDetails.png	7	捉迷藏		塔季扬娜伸手推了一下那堵覆满雪霜的墙，那堵墙居然像有生命一般，在手掌抚上的那一刻紧紧攀上了她的手心，牵引着她整个人往前倒去。	她曾在此处。
30183	1							Assets/Product/Texture/Image/RoleStory/TatianaNormal014.png	塔季扬娜	好像被那堵墙带到了一个奇怪的地方……既然已经和大队失去联系，也只能继续四处搜索着看看了。		四处看看			Assets/Product/Texture/Image/BgStory/BgStory575.jpg		捉迷藏	Assets/Product/Texture/Atlas/UiBabelTower/UiBabelTowerIconDetails.png	7	捉迷藏		原本熟悉的雪地和冰原消失无踪，取而代之的是一片荒芜的废墟。	她曾在此处。
30200	1	30201						Assets/Product/Texture/Image/RoleStory/V2140girlNormal04.png	？？？	“谢谢你找到我，里面的东西就全部交给你了。再见啦，我也要继续去找爸爸妈妈咯。”		试着回话			Assets/Product/Texture/Image/BgStory/BgStory575.jpg		捉迷藏	Assets/Product/Texture/Atlas/UiBabelTower/UiBabelTowerIconDetails.png	7	捉迷藏		在打开高墙深处的箱子后，萦绕于废墟内的雾气渐渐散去，一个稚气的声音从墙内的空间传出，如银铃般清脆悦耳。	她曾在此处。
30201	1	30203										接过玩偶			Assets/Product/Texture/Image/BgStory/BgStory575.jpg		捉迷藏	Assets/Product/Texture/Atlas/UiBabelTower/UiBabelTowerIconDetails.png	7	捉迷藏		浓雾尽数消散，塔季扬娜试着向这道声音搭话，但是没有再传来回复。\n\n当和边境公社成员们集合的时候，他们回报，在这座废墟里面发现了一个干净的玩偶，在一片残破之中唯有这个人偶和周边格格不入。	她曾在此处。
30203	3					[12051]						离开			Assets/Product/Texture/Image/BgStory/BgStory575.jpg		捉迷藏	Assets/Product/Texture/Atlas/UiBabelTower/UiBabelTowerIconDetails.png	7	捉迷藏		接过这个玩偶，翻转过来，只见它的后背上绣着一串稚嫩的字迹：“爸爸妈妈，我永远爱你们，阿琳娜。”	她曾在此处。
30221	1	30222										查看四周			Assets/Product/Texture/Image/BgStory/BgStory778.jpg		废弃设施	Assets/Product/Texture/Atlas/UiBabelTower/UiBabelTowerIconDetails.png	7	废弃设施		众人发现了一个废弃的军武库，里面堆满了无数曾经象征着力量和征服的武器，但是如今它们已经生满铁锈，无人问津。	一处旧时代的残迹。
30222	2			30222								决定			Assets/Product/Texture/Image/BgStory/BgStory778.jpg		废弃设施	Assets/Product/Texture/Atlas/UiBabelTower/UiBabelTowerIconDetails.png	7	废弃设施		经过一番仔细清查，发现这座军武库不知为何设置了两扇保险门，保险门之间用巧妙的机关勾连，只能通过炸弹炸开其中一扇，炸弹启动后另一扇就会被落石堵死。	一处旧时代的残迹。
30230	1							Assets/Product/Texture/Image/RoleStory/DimianfangweinvNormal01.png	公社成员	报告，前面发现了一个新通道。		前往查看			Assets/Product/Texture/Image/BgStory/BgStory568.jpg		废弃设施	Assets/Product/Texture/Atlas/UiBabelTower/UiBabelTowerIconDetails.png	7	废弃设施		众人炸开了左边的门，破损的门后露出了一个黑漆漆的圆洞，内里似乎另有一番天地。	一处旧时代的残迹。
30240	3					[12043, 12044, 12045]						离开			Assets/Product/Texture/Image/BgStory/BgStory778.jpg		废弃设施	Assets/Product/Texture/Atlas/UiBabelTower/UiBabelTowerIconDetails.png	7	废弃设施		众人炸开了右边的门，破损的门后依然是另一堵墙。搜索了一番，没有再发现什么可用的线索，于是带着军武库里残余的物资返回了。	一处旧时代的残迹。
30250	2			30250								决定			Assets/Product/Texture/Image/BgStory/BgStory924.jpg		忠诚守卫	Assets/Product/Texture/Atlas/UiBabelTower/UiBabelTowerIconDetails.png	7	忠诚守卫		在幽深的洞穴里面探索了一段不短的距离，手电筒照射到的铁门上赫然出现了一串字迹凌乱的大字，是某人在匆忙间用油漆刷上去的。\n\n“快回头！否则小命不保！”	“我铭记，我遵守。”
30260	3					[14026]						离开			Assets/Product/Texture/Image/BgStory/BgStory778.jpg		忠诚守卫	Assets/Product/Texture/Atlas/UiBabelTower/UiBabelTowerIconDetails.png	7	忠诚守卫		这个警告看上去实在不祥，大家认为没有必要再冒险，于是带着军武库里残余的物资返回了。	“我铭记，我遵守。”
30271	1	30272						Assets/Product/Texture/Image/RoleStory/V200ghNormal02.png	机械守卫	发现……入侵者……开始……排除……		迎战守卫			Assets/Product/Texture/Image/BgStory/BgStory869.jpg		忠诚守卫	Assets/Product/Texture/Atlas/UiBabelTower/UiBabelTowerIconDetails.png	7	忠诚守卫		踏入黑暗之后，一开始众人都以为门后似乎一无所有，但渐渐，一股奇异的震动不断从前方传来，让人几乎不能维持站立。\n\n沉重的老旧机械守卫从幽暗的角落中闻声苏醒，操纵着屠戮的武器向它侦查到的“入侵者们”走来。	“我铭记，我遵守。”
30272	4	30280			41003							迎战守卫			Assets/Product/Texture/Image/BgStory/BgStory869.jpg		忠诚守卫	Assets/Product/Texture/Atlas/UiBabelTower/UiBabelTowerIconDetails.png	7	忠诚守卫		踏入黑暗之后，一开始众人都以为门后似乎一无所有，但渐渐，一股奇异的震动不断从前方传来，让人几乎不能维持站立。\n\n沉重的老旧机械守卫从幽暗的角落中闻声苏醒，操纵着屠戮的武器向它侦查到的“入侵者们”走来。	“我铭记，我遵守。”
30280	1	30290						Assets/Product/Texture/Image/RoleStory/V200ghNormal02.png	机械守卫	……		搜查附近		1	Assets/Product/Texture/Image/BgStory/BgStory869.jpg		忠诚守卫	Assets/Product/Texture/Atlas/UiBabelTower/UiBabelTowerIconDetails.png	7	忠诚守卫		“请你们……不要……带走……这里的武器……”\n“这片土地……已经……再也经不起战争了……”\n机械守卫的遗言还没有说完，便因为能源衰竭，彻底停止了运作。	“我铭记，我遵守。”
30290	1	30291						Assets/Product/Texture/Image/RoleStory/TatianaNormal014.png	塔季扬娜	这座军武库的管理者，还真是性格扭曲啊。		继续			Assets/Product/Texture/Image/BgStory/BgStory869.jpg		忠诚守卫	Assets/Product/Texture/Atlas/UiBabelTower/UiBabelTowerIconDetails.png	7	忠诚守卫		一番搜索后，众人发现机械守卫的外壳上，刻着某个早因为内战而消亡的北境小国印记。\n\n“因为不想引发下一场战争，所以就要杀死所有进入这里的人吗……”	“我铭记，我遵守。”
30291	3					[14025]		Assets/Product/Texture/Image/RoleStory/TatianaNormal012.png	塔季扬娜	……		离开			Assets/Product/Texture/Image/BgStory/BgStory869.jpg		忠诚守卫	Assets/Product/Texture/Atlas/UiBabelTower/UiBabelTowerIconDetails.png	7	忠诚守卫		“放心，我会向你证明，我们不会滥用这些力量，而是会将它变成保护我们的壁垒。”\n但是这句简短的感想，恐怕是再也无法传递给这位机械守卫的主人了。	“我铭记，我遵守。”
30300	1	30301										劝阻			Assets/Product/Texture/Image/BgStory/Bgstory95.png		奔赴战场	Assets/Product/Texture/Atlas/UiBabelTower/UiBabelTowerIconDetails.png	7	奔赴战场		有人汇报营地附近的雪林里面出现了一只凶猛的“雪怪”，虽然根据调查显示，它就是一只普通的棕熊身上沾了些雪，但是狩猎之魂被激发出来的极地人们都已经热血沸腾了，纷纷要求报名去单独迎战那只“雪怪”。	没有时间为……的离去……
30301	2			30301				Assets/Product/Texture/Image/RoleStory/TatianaNormal014.png	塔季扬娜	你们这是自讨苦吃。		决定			Assets/Product/Texture/Image/BgStory/BgStory732.jpg		奔赴战场	Assets/Product/Texture/Atlas/UiBabelTower/UiBabelTowerIconDetails.png	7	奔赴战场		在几番劝阻都无效之后，塔季扬娜只得勉为其难同意他们可以轮流单独去挑战这只棕熊。一时之间，公社内部沸腾着热血的气氛，每个人都想第一个成为打败“雪怪”的勇士。	没有时间为……的离去……
30310	3					[14021]		Assets/Product/Texture/Image/RoleStory/ShihuangzhenanNormal01.png	罗布	根本不是对手。		离开			Assets/Product/Texture/Image/BgStory/BgStory731.jpg		奔赴战场	Assets/Product/Texture/Atlas/UiBabelTower/UiBabelTowerIconDetails.png	7	奔赴战场		几天之后，罗布带着少量物资垂头丧气地回来了，他表示那只棕熊太强了，自己完全不是它的对手。	没有时间为……的离去……
30311	3					[14022]		Assets/Product/Texture/Image/RoleStory/JiaoguanNormal02.png	亚历克谢	下次，我还想再战一次！		离开			Assets/Product/Texture/Image/BgStory/BgStory731.jpg		奔赴战场	Assets/Product/Texture/Atlas/UiBabelTower/UiBabelTowerIconDetails.png	7	奔赴战场		几天之后，亚历克谢回来了，他表示那只棕熊太强了，自己不是它的对手，但是经过这场战斗，他的作战经验也获得了不小的提升。	没有时间为……的离去……
30320	2			30320					公会成员	这次会赢的！！！		决定			Assets/Product/Texture/Image/BgStory/BgStory733.jpg		奔赴战场Ⅱ	Assets/Product/Texture/Atlas/UiBabelTower/UiBabelTowerIconDetails.png	7	奔赴战场Ⅱ		过了一段时间之后，公社内部又开始有人提起那只徘徊在雪林里的“雪怪”。他们又再次慷概激昂地纷纷表示，自己要接替落败的同伴去奔赴战场。	没有时间为……的离去……
30330	1							Assets/Product/Texture/Image/RoleStory/V230slsNormal02.png	乔治	让我去吧，我要和它战斗，我已经受够在这里的繁文缛节了！		离开			Assets/Product/Texture/Image/BgStory/BgStory733.jpg		奔赴战场Ⅱ	Assets/Product/Texture/Atlas/UiBabelTower/UiBabelTowerIconDetails.png	7	奔赴战场Ⅱ		塔季扬娜表示这场闹剧是时候中止了，派出再多的人去让这只棕熊修理也毫无意义。众人虽然心有不甘，但是不得不接受了自己斗不过这只怪物的结果。	没有时间为……的离去……
30340	3					[14023]		Assets/Product/Texture/Image/RoleStory/V230slsNormal02.png	乔治	太强了，根本赢不了……		离开			Assets/Product/Texture/Image/BgStory/Bgstory95.png		奔赴战场Ⅱ	Assets/Product/Texture/Atlas/UiBabelTower/UiBabelTowerIconDetails.png	7	奔赴战场Ⅱ		公社派出了水管工乔治前去迎战雪怪，但不消几天，他也丧志而归。乔治表示：“对不起，它实在是太强了，很遗憾我没能让它尽兴。”	没有时间为……的离去……
30370	1	30371						Assets/Product/Texture/Image/RoleStory/TatianaNormal013.png	塔季扬娜	应该会赢吧？		继续			Assets/Product/Texture/Image/BgStory/BgStory812.jpg		奔赴战场Ⅲ	Assets/Product/Texture/Atlas/UiBabelTower/UiBabelTowerIconDetails.png	7	奔赴战场Ⅲ		公社内部对雪怪传闻的执着实在是太不同寻常了，塔季扬娜表示已经对此忍无可忍，接下来这次决战无论结果如何，她都会亲自出手帮忙捕猎这只棕熊。	没有时间为……的离去……
30371	1	30372						Assets/Product/Texture/Image/RoleStory/V280npcNormal04.png	阿图尔	终于轮到我打雪怪了吗，我要上了！		参加决战			Assets/Product/Texture/Image/BgStory/Bgstory105.png		奔赴战场Ⅲ	Assets/Product/Texture/Atlas/UiBabelTower/UiBabelTowerIconDetails.png	7	奔赴战场Ⅲ		在大决战开始的那天，公社去了一半的人，全部都围在了雪林旁边，目睹着最后一个挑战雪怪的人——阿图尔——会得到怎样的结果。	没有时间为……的离去……
30372	1	30381						Assets/Product/Texture/Image/RoleStory/IceArchernomal.png	塔季扬娜	啧，所以我才一直强调事情闹大了会很麻烦啊……！		准备战斗			Assets/Product/Texture/Image/BgStory/Bgstory105.png		奔赴战场Ⅲ	Assets/Product/Texture/Atlas/UiBabelTower/UiBabelTowerIconDetails.png	7	奔赴战场Ⅲ		然后，在大决战刚刚要开始的时候，天公不作美，雪林中突然冒出了一群随声而来的感染体，将前来围观决战的社员们团团围住了。	没有时间为……的离去……
30381	4	30390			505							进战斗			Assets/Product/Texture/Image/BgStory/Bgstory105.png		奔赴战场Ⅲ	Assets/Product/Texture/Atlas/UiBabelTower/UiBabelTowerIconDetails.png	7	奔赴战场Ⅲ			没有时间为……的离去……
30390	1	30392							公会成员	虽然但是，我们还是赢了！！！		查看棕熊		1	Assets/Product/Texture/Image/BgStory/Bgstory105.png		奔赴战场Ⅲ	Assets/Product/Texture/Atlas/UiBabelTower/UiBabelTowerIconDetails.png	7	奔赴战场Ⅲ		一场混战结束后，众人在收拾残骸的时候发现，那只曾经让无数人记挂的棕熊，已经在不知道什么时候就被解决了。	没有时间为……的离去……
30392	2			30392				Assets/Product/Texture/Image/RoleStory/TatianaNormal013.png	塔季扬娜	所以我不是早说了，这事儿根本就没那么复杂，多派几个人出去早就解决了！		决定			Assets/Product/Texture/Image/BgStory/Bgstory105.png		奔赴战场Ⅲ	Assets/Product/Texture/Atlas/UiBabelTower/UiBabelTowerIconDetails.png	7	奔赴战场Ⅲ		阿图尔：“怎么会是……这样的结局，岂不是会显得我的执念很可笑吗？”	没有时间为……的离去……
30400	3					[14024]		Assets/Product/Texture/Image/RoleStory/TatianaNormal016.png	塔季扬娜	……随便你们吧，怎样都好，拜托你们别来第二次就行……		休息			Assets/Product/Texture/Image/BgStory/BgStory731.jpg		奔赴战场Ⅲ	Assets/Product/Texture/Atlas/UiBabelTower/UiBabelTowerIconDetails.png	7	奔赴战场Ⅲ		但是众人还是执着地选择平分了那只棕熊的牙齿和皮毛，因为最后大家决定，将铲除这只雪怪算作全部人的功勋。	没有时间为……的离去……
30410	1	30411										大扫除！			Assets/Product/Texture/Image/BgStory/BgStory544.jpg		大扫除	Assets/Product/Texture/Atlas/UiBabelTower/UiBabelTowerIconDetails.png	7	大扫除		今日的天气十分晴朗，众人决定不出行，留在营地内对各座临时建筑进行一次彻底的扫除。	公社是我家。
30411	2			30411				Assets/Product/Texture/Image/RoleStory/TatianaNormal012.png	塔季扬娜	没办法了，那么多临时建筑也不好全留着，趁这个机会拆掉一些规划不当的拦路虎们吧。		执行			Assets/Product/Texture/Image/BgStory/BgStory544.jpg		大扫除	Assets/Product/Texture/Atlas/UiBabelTower/UiBabelTowerIconDetails.png	7	大扫除		营地内的建筑风格和建材都各不相同，一部分由船上卸下的材料搭成，但更多的是就地取材，也导致在清扫的时候非常棘手。	公社是我家。
30412	3					[12055]		Assets/Product/Texture/Image/RoleStory/TatianaNormal018.png	塔季扬娜	前方的区域，以后再来清理吧。		离开			Assets/Product/Texture/Image/BgStory/BgStory544.jpg		大扫除	Assets/Product/Texture/Atlas/UiBabelTower/UiBabelTowerIconDetails.png	7	大扫除		清扫花费了很多时间，但是因为营地周边堆积的废弃建材太多，从外围开始清扫并没有太大成效。	公社是我家。
30413	1	30414										清点物资			Assets/Product/Texture/Image/BgStory/BgStory544.jpg		大扫除	Assets/Product/Texture/Atlas/UiBabelTower/UiBabelTowerIconDetails.png	7	大扫除		从营地中心开始清理堵塞道路的废弃建材，很快就清出了一条可供一辆马车通过的小路。\n\n甚至还发现了不少堆积在营地角落里的可用物资。	公社是我家。
30414	1						1405	Assets/Product/Texture/Image/RoleStory/TatianaNormal013.png	塔季扬娜	马铃薯，番茄罐头，木柴……喂，怎么有人把坏掉的锄头扔这里了，这儿又不是垃圾桶！		离开			Assets/Product/Texture/Image/BgStory/BgStory544.jpg		大扫除	Assets/Product/Texture/Atlas/UiBabelTower/UiBabelTowerIconDetails.png	7	大扫除		这条道路虽然很快恢复了干净整洁，但看来以后还是要时不时来检查一下营地附近，防止随地大小扔的案件重现。	公社是我家。
30420	1	30421										查看			Assets/Product/Texture/Image/BgStory/BgStory568.jpg		朋友	Assets/Product/Texture/Atlas/UiBabelTower/UiBabelTowerIconDetails.png	7	朋友		跋涉在雪原之上的巡逻队发现了一个陌生的求助信号，众人赶到信号发出的地点，发现被困在雪洞中的居然是一个陌生的基亚兰塔人。	“再会了！在下次再见吧！”
30421	1	30422						Assets/Product/Texture/Image/RoleStory/QishiqianzhuanNpc02.png	基亚兰塔人	拜托了……我愿意在之后的一生付出一切代价偿还你们，救救我吧！		继续			Assets/Product/Texture/Image/BgStory/BgStory568.jpg		朋友	Assets/Product/Texture/Atlas/UiBabelTower/UiBabelTowerIconDetails.png	7	朋友		在认出来者是公社成员的瞬间，他也露出了无法自抑的惊讶神情，其中也掺杂着一些惭愧，他并没有忘记基亚兰塔过去对边境公社所做的事。	“再会了！在下次再见吧！”
30422	2			30422								决定			Assets/Product/Texture/Image/BgStory/BgStory568.jpg		朋友	Assets/Product/Texture/Atlas/UiBabelTower/UiBabelTowerIconDetails.png	7	朋友		巡逻队的成员们神情各异，更多人的表情是麻木。\n\n因为那个基亚兰塔人腿上的伤口正在发出溃烂的臭味。即使勉强带着他回去，也恐怕活不了多久。	“再会了！在下次再见吧！”
30423	1	30424						Assets/Product/Texture/Image/RoleStory/TatianaNormal014.png	塔季扬娜	抱歉，我们没办法再多照顾一个人了，不然我们也会有危险。这里是一些食物和燃料，希望你能撑到下一队救援队到来……		继续			Assets/Product/Texture/Image/BgStory/BgStory568.jpg		朋友	Assets/Product/Texture/Atlas/UiBabelTower/UiBabelTowerIconDetails.png	7	朋友		男人眼睛里刚刚燃起的光芒瞬间又静静地熄灭了下去，但是他没有提出更多的哀求，而是沉默地接受了这份馈赠。	“再会了！在下次再见吧！”
30424	1							Assets/Product/Texture/Image/RoleStory/QishiqianzhuanNpc02.png	基亚兰塔人	谢谢你们，你们还愿意给我提供帮助，我已经很感激了。		离开			Assets/Product/Texture/Image/BgStory/BgStory568.jpg		朋友	Assets/Product/Texture/Atlas/UiBabelTower/UiBabelTowerIconDetails.png	7	朋友		男人眼睛里刚刚燃起的光芒瞬间又静静地熄灭了下去，但是他没有提出更多的哀求，而是沉默地接受了这份馈赠。	“再会了！在下次再见吧！”
30425	1							Assets/Product/Texture/Image/RoleStory/TatianaNormal014.png	塔季扬娜	抱歉，我们没办法再多照顾一个人了，不然我们也会有危险。这里是一些食物和燃料，希望你能撑到下一队救援队到来……		离开			Assets/Product/Texture/Image/BgStory/BgStory568.jpg		朋友	Assets/Product/Texture/Atlas/UiBabelTower/UiBabelTowerIconDetails.png	7	朋友		没有人主动接腔，因为众人都目睹着男人的动作越来越缓慢。说完上面那句话没多久之后，他就彻底倒在雪洞里面一动不动了。\n\n“要是我们早来点就好了，可能还能救下他。”离开雪洞的时候，有人这样低声自言自语了一句，然后顺手关闭了那个男人放在地上的信号发射装置。	“再会了！在下次再见吧！”
30426	1	30427						Assets/Product/Texture/Image/RoleStory/TatianaNormal014.png	塔季扬娜	这个雪洞太深了，我们身上携带的装备不足，现在没办法拉你出来。		询问			Assets/Product/Texture/Image/BgStory/BgStory568.jpg		朋友	Assets/Product/Texture/Atlas/UiBabelTower/UiBabelTowerIconDetails.png	7	朋友		众人走近了一些，衡量了一下雪洞的大小。	“再会了！在下次再见吧！”
30427	1	30428						Assets/Product/Texture/Image/RoleStory/QishiqianzhuanNpc02.png	基亚兰塔人	我，我带了一个装置，叫“晚钟Ⅹ型”，肯定是在我摔下去的时候落在雪洞附近了。它身上有用以固定攀爬绳索的模块，求你们了，只要找到它我就能出来。		答应			Assets/Product/Texture/Image/BgStory/BgStory568.jpg		朋友	Assets/Product/Texture/Atlas/UiBabelTower/UiBabelTowerIconDetails.png	7	朋友		众人走近了一些，衡量了一下雪洞的大小。	“再会了！在下次再见吧！”
30428	1	30429						Assets/Product/Texture/Image/RoleStory/TatianaNormal019.png	塔季扬娜	好，我先去试试找一下那个装置。		出发寻找	1		Assets/Product/Texture/Image/BgStory/BgStory568.jpg		朋友	Assets/Product/Texture/Atlas/UiBabelTower/UiBabelTowerIconDetails.png	7	朋友		留下一个社员照顾这个男人之后，塔季扬娜顺着积雪崩塌的痕迹开始搜索他嘴里提到的那个装置。	“再会了！在下次再见吧！”
30429	2			30429				Assets/Product/Texture/Image/RoleStory/TatianaNormal019.png	塔季扬娜	好，我先去试试找一下那个装置。		决定			Assets/Product/Texture/Image/BgStory/BgStory568.jpg		朋友	Assets/Product/Texture/Atlas/UiBabelTower/UiBabelTowerIconDetails.png	7	朋友		留下一个社员照顾这个男人之后，塔季扬娜顺着积雪崩塌的痕迹开始搜索他嘴里提到的那个装置。	“再会了！在下次再见吧！”
30430	1	30431						Assets/Product/Texture/Image/RoleStory/TatianaNormal014.png	塔季扬娜	带他回去吧，等他恢复好之后，再通知基亚兰塔港那边的人来接他。		继续			Assets/Product/Texture/Image/BgStory/BgStory568.jpg		朋友	Assets/Product/Texture/Atlas/UiBabelTower/UiBabelTowerIconDetails.png	7	朋友		在“晚钟Ⅹ”型装置的辅助下，这个虚弱的男人从雪洞里被拉了出来。	“再会了！在下次再见吧！”
30431	1	30432						Assets/Product/Texture/Image/RoleStory/QishiqianzhuanNpc02.png	基亚兰塔人	……谢谢你们！这份恩情我一定会详细报告执政官，让他好好地答谢你们的。		继续			Assets/Product/Texture/Image/BgStory/BgStory568.jpg		朋友	Assets/Product/Texture/Atlas/UiBabelTower/UiBabelTowerIconDetails.png	7	朋友		在“晚钟Ⅹ”型装置的辅助下，这个虚弱的男人从雪洞里被拉了出来。	“再会了！在下次再见吧！”
30432	1	30433						Assets/Product/Texture/Image/RoleStory/XiaojiqirenNormal01.png	晚钟Ⅹ型	谢谢你们！陌生人！		继续			Assets/Product/Texture/Image/BgStory/BgStory568.jpg		朋友	Assets/Product/Texture/Atlas/UiBabelTower/UiBabelTowerIconDetails.png	7	朋友		在“晚钟Ⅹ”型装置的辅助下，这个虚弱的男人从雪洞里被拉了出来。	“再会了！在下次再见吧！”
30433	3					[12050]	1406	Assets/Product/Texture/Image/RoleStory/TatianaNormal013.png	塔季扬娜	这就不必了，我并不是看在你是基亚兰塔人的份上才救你的，你也不用对我们作出什么补偿，这也是我们跟你们的区别。		离开			Assets/Product/Texture/Image/BgStory/BgStory568.jpg		朋友	Assets/Product/Texture/Atlas/UiBabelTower/UiBabelTowerIconDetails.png	7	朋友		塔季扬娜别过了头，紧抿着下唇，语气冰冷而坚定。	“再会了！在下次再见吧！”
30434	1	30435										按下电源键			Assets/Product/Texture/Image/BgStory/BgStory573.jpg		晚钟	Assets/Product/Texture/Atlas/UiBabelTower/UiBabelTowerIconDetails.png	7	晚钟		顺着积雪崩塌的痕迹往下找寻，几十步的距离之外，就发现了摔在雪地上的一个合金装置。\n\n这个名为“晚钟Ⅹ型”的装置看上去和平常使用的机械大相径庭，外观上比起说是一个工具，更像是某种仿生动物。	“再会了！在下次再见吧！”
30435	1	30436						Assets/Product/Texture/Image/RoleStory/XiaojiqirenNormal01.png	晚钟Ⅹ型	你好，陌生的人类们，我有什么可以帮忙的？		询问			Assets/Product/Texture/Image/BgStory/BgStory573.jpg		晚钟	Assets/Product/Texture/Atlas/UiBabelTower/UiBabelTowerIconDetails.png	7	晚钟		按下电源键之后，它还是顺利启动了。	“再会了！在下次再见吧！”
30436	1	30437						Assets/Product/Texture/Image/RoleStory/TatianaNormal014.png	塔季扬娜	咳，你的主人……被困在雪洞里了，能跟随我一起去解救他吗？		继续			Assets/Product/Texture/Image/BgStory/BgStory573.jpg		晚钟	Assets/Product/Texture/Atlas/UiBabelTower/UiBabelTowerIconDetails.png	7	晚钟		按下电源键之后，它还是顺利启动了。	“再会了！在下次再见吧！”
30437	1	30438						Assets/Product/Texture/Image/RoleStory/XiaojiqirenNormal01.png	晚钟Ⅹ型	当然！我乐意至极。不过我没有贮存可供在这里导航的路线，因为我是在基亚兰塔港被制造的，你可以拉着我行动吗？		同意			Assets/Product/Texture/Image/BgStory/BgStory573.jpg		晚钟	Assets/Product/Texture/Atlas/UiBabelTower/UiBabelTowerIconDetails.png	7	晚钟		晚钟Ⅹ型释放出一截牵引绳。	“再会了！在下次再见吧！”
30438	3					[12037, 12038, 12039]		Assets/Product/Texture/Image/RoleStory/TatianaNormal015.png	塔季扬娜	…………这种感觉，怎么有点像牵着雪地犬。		前往营救			Assets/Product/Texture/Image/BgStory/BgStory573.jpg		晚钟	Assets/Product/Texture/Atlas/UiBabelTower/UiBabelTowerIconDetails.png	7	晚钟		晚钟Ⅹ型释放出一截牵引绳。	“再会了！在下次再见吧！”
30445	2			30445								前往作战			Assets/Product/Texture/Image/BgStory/Bgstory3.jpg		机械蠕虫	Assets/Product/Texture/Atlas/UiBabelTower/UiBabelTowerIconDetails.png	7	机械蠕虫		巡逻队在路过一个旧时代岗哨堡垒的时候，不慎触发了警报，一只黄金时代制造的巨大机械蠕虫从冰封地底之下钻出，紧紧追着他们不放。	“再会了！在下次再见吧！”
30446	4	30447			501							进入战斗			Assets/Product/Texture/Image/BgStory/Bgstory3.jpg		机械蠕虫	Assets/Product/Texture/Atlas/UiBabelTower/UiBabelTowerIconDetails.png	7	机械蠕虫		对战“机械蠕虫”！	“再会了！在下次再见吧！”
30447	1	30448										检查痕迹		1	Assets/Product/Texture/Image/BgStory/Bgstory3.jpg		机械蠕虫	Assets/Product/Texture/Atlas/UiBabelTower/UiBabelTowerIconDetails.png	7	机械蠕虫		一场苦斗之后，众人勉强解决了这只机械蠕虫。\n\n有通晓机械原理之人对它的内存进行了检查，发现不久之前曾有人对这只机械蠕虫发出过停止运作的指令，但是由于执行系统损毁，这个指令并没有得到运行。	“再会了！在下次再见吧！”
30448	3					[12216]						离开			Assets/Product/Texture/Image/BgStory/Bgstory3.jpg		机械蠕虫	Assets/Product/Texture/Atlas/UiBabelTower/UiBabelTowerIconDetails.png	7	机械蠕虫		从运行记录判断，应该是曾有人因为担心这匹旧时代机械会不慎伤人，才特意作出了这番举动。但如今看来，他的努力是徒劳了。	“再会了！在下次再见吧！”
30449	1	30450						Assets/Product/Texture/Image/RoleStory/QishiqianzhuanNpc02.png	基亚兰塔人	启动我带来的装置，快！		启动晚钟Ⅹ			Assets/Product/Texture/Image/BgStory/Bgstory3.jpg		机械蠕虫	Assets/Product/Texture/Atlas/UiBabelTower/UiBabelTowerIconDetails.png	7	机械蠕虫		激烈的交战中，一个似曾相识的男人驾驶着载具从远处赶来，急刹扬起的漫天风雪暂时遮住了机械蠕虫的视线，为巡逻队一行争取到了宝贵的时间。	“再会了！在下次再见吧！”
30450	4	30451			501							进入战斗			Assets/Product/Texture/Image/BgStory/Bgstory3.jpg		机械蠕虫	Assets/Product/Texture/Atlas/UiBabelTower/UiBabelTowerIconDetails.png	7	机械蠕虫		对战“机械蠕虫”！	“再会了！在下次再见吧！”
30451	1	30452						Assets/Product/Texture/Image/RoleStory/QishiqianzhuanNpc02.png	塔格	之前没来得及介绍，我是基亚兰塔港的机械工程师塔格，是为了永久关闭这个堡垒的警报才来这边的，谢谢你们上次在路上的搭救。		表达谢意		1	Assets/Product/Texture/Image/BgStory/Bgstory3.jpg		机械蠕虫	Assets/Product/Texture/Atlas/UiBabelTower/UiBabelTowerIconDetails.png	7	机械蠕虫		一场苦斗之后，众人勉强和“晚钟Ⅹ型”一起解决了这只机械蠕虫。	“再会了！在下次再见吧！”
30452	1	30453						Assets/Product/Texture/Image/RoleStory/QishiqianzhuanNpc02.png	塔格	也真是巧遇，我带着“晚钟Ⅹ型”前来，就是为了对付这只机械蠕虫，结果没想到它却被你们提前引出来。		继续			Assets/Product/Texture/Image/BgStory/Bgstory3.jpg		机械蠕虫	Assets/Product/Texture/Atlas/UiBabelTower/UiBabelTowerIconDetails.png	7	机械蠕虫		众人胆战心惊，望向他单薄的身影和堆成小山的机械蠕虫遗骸。	“再会了！在下次再见吧！”
30453	3					[14002, 14028]		Assets/Product/Texture/Image/RoleStory/QishiqianzhuanNpc02.png	塔格	总之，多谢你们的相助。再会了朋友们，我要继续去关闭下一个堡垒的警报了。		道别			Assets/Product/Texture/Image/BgStory/Bgstory3.jpg		机械蠕虫	Assets/Product/Texture/Atlas/UiBabelTower/UiBabelTowerIconDetails.png	7	机械蠕虫		塔格跟众人挥了挥手道别，朝着另一片冰原的方向，和“晚钟Ⅹ型”再次一起踏上了旅途。	“再会了！在下次再见吧！”
30501	1	30502										继续			Assets/Product/Texture/Image/BgStory/Bgstory105.png		我们的故乡	Assets/Product/Texture/Atlas/UiBabelTower/UiBabelTowerIconDetails.png	7	我们的故乡		营地里最近出现了一批有计划地盗取边境公社物资的叛徒，那群人本身不事生产，仅靠盗取公社的食物生存，长期以来对公社的秩序产生了很大的伤害。	遥远的彼方。
30502	1	30503						Assets/Product/Texture/Image/RoleStory/TatianaNormal013.png	塔季扬娜	没办法，只能开打了，把他们都收拾一顿之后再问出原委吧！		准备战斗			Assets/Product/Texture/Image/BgStory/Bgstory105.png		我们的故乡	Assets/Product/Texture/Atlas/UiBabelTower/UiBabelTowerIconDetails.png	7	我们的故乡		为了追捕他们，巡逻队追溯着雪地上留下的马蹄印来到了此处。彼此一会面，还没有任何交流，对方便不由分说地向社员们袭击了过来，看来是铁了心拒绝沟通，誓要置追踪他们的人于死地。	遥远的彼方。
30503	4	30504			503			Assets/Product/Texture/Image/RoleStory/TatianaNormal013.png	塔季扬娜	没办法，只能开打了，把他们都收拾一顿之后再问出原委吧！		准备战斗			Assets/Product/Texture/Image/BgStory/Bgstory105.png		我们的故乡	Assets/Product/Texture/Atlas/UiBabelTower/UiBabelTowerIconDetails.png	7	我们的故乡		为了追捕他们，巡逻队追溯着雪地上留下的马蹄印来到了此处。彼此一会面，还没有任何交流，对方便不由分说地向社员们袭击了过来，看来是铁了心拒绝沟通，誓要置追踪他们的人于死地。	遥远的彼方。
30504	1	30505										静听		1	Assets/Product/Texture/Image/BgStory/Bgstory95.png		我们的故乡	Assets/Product/Texture/Atlas/UiBabelTower/UiBabelTowerIconDetails.png	7	我们的故乡		几个叛逃者战败后被捆了起来，还没开始审问，他们便愤怒地主动说出了叛逃的原因。	遥远的彼方。
30505	1	30506						Assets/Product/Texture/Image/RoleStory/TongyongrenleibingNomal01.png	叛逃者们	……		处置叛徒			Assets/Product/Texture/Image/BgStory/Bgstory95.png		我们的故乡	Assets/Product/Texture/Atlas/UiBabelTower/UiBabelTowerIconDetails.png	7	我们的故乡		叛逃者A:\n“呸！你们这些极地的叛徒，明明我们曾经这么信任你们，你们却为了吃上几口饱饭就选择与狼谋皮，事到如今你们又有什么资格来审判我们！”\n\n叛逃者B:\n“基亚兰塔的事情你们就这样忘了吗？本以为边境公社能为我们争取公义，算清那笔血海深仇……结果你们居然就这样全部接纳了他们，还把那些人带回我们的故乡…… 4”\n\n叛逃者C:\n“所以我们才选择和你们分道扬镳，用我们的方式去清算当年那笔血账……我们这么做又有什么错！”	遥远的彼方。
30506	2			30506								决定			Assets/Product/Texture/Image/BgStory/Bgstory95.png		我们的故乡	Assets/Product/Texture/Atlas/UiBabelTower/UiBabelTowerIconDetails.png	7	我们的故乡		社员们都同时无言地沉默了，他们的仇恨来自久远的从前，绝非短暂的几句安抚就能化解。除非时间倒流，朽木复苏，家人重新回到他们身边，一切都回到灾难尚未来临之前的年代……否则无论是谁，都无法抚平他们内心的伤痕。	遥远的彼方。
30507	1	30508						Assets/Product/Texture/Image/RoleStory/TatianaNormal014.png	塔季扬娜	……		释放			Assets/Product/Texture/Image/BgStory/Bgstory95.png		我们的故乡	Assets/Product/Texture/Atlas/UiBabelTower/UiBabelTowerIconDetails.png	7	我们的故乡		“我们并没遗忘那一切……但是像你们这样挥刀斩向自己的同胞，就能解决问题了吗！到头来，你们不也是自以为是地用着自认为正义的大道理，做着跟那些人一样的事情。”\n\n“如果不想回到边境公社，那就离开吧，你们从此之后的安危再也与我无关，我也不想再承认……你们是我的同胞了。滚吧，下次再被我抓到的话，我就不会对你们留情了。”	遥远的彼方。
30508	3					[14007]						离开			Assets/Product/Texture/Image/BgStory/Bgstory95.png		我们的故乡	Assets/Product/Texture/Atlas/UiBabelTower/UiBabelTowerIconDetails.png	7	我们的故乡		几个叛逃者都惊讶地愣住了，他们似乎从来没思考过如此简单浅显的道理。等塔季扬娜砍断他们身上的绳索后，就纷纷脚步踉跄地逃离了这里。	遥远的彼方。
30509	1	30510										继续			Assets/Product/Texture/Image/BgStory/Bgstory95.png		我们的故乡	Assets/Product/Texture/Atlas/UiBabelTower/UiBabelTowerIconDetails.png	7	我们的故乡		无论有什么原因，都不是对你们对同胞出手的理由。带他们回去吧，我无权审判你们，让营地里的全部人决定你们应该接受何种裁决吧。	遥远的彼方。
30510	3					[14008]		Assets/Product/Texture/Image/RoleStory/TatianaNormal014.png	塔季扬娜	……		回营			Assets/Product/Texture/Image/BgStory/Bgstory95.png		我们的故乡	Assets/Product/Texture/Atlas/UiBabelTower/UiBabelTowerIconDetails.png	7	我们的故乡		社员们将几个叛逃者带回了营地之中，让营地的全部成员一起决定他们的命运。	遥远的彼方。
30520	1	30521						Assets/Product/Texture/Image/RoleStory/IcesailorNomal.png	叛军头目	哟，边境公社的软蛋，新苏菲亚的墙头草，北极航线联合的走狗们，前几天我的兄弟们接受了你们的照顾，这笔人情就让我来还给你们吧！		谈判			Assets/Product/Texture/Image/BgStory/Bgstory103.png		我们的故乡Ⅱ	Assets/Product/Texture/Atlas/UiBabelTower/UiBabelTowerIconDetails.png	7	我们的故乡Ⅱ		一伙草寇叛军突然从雪林中窜出，拦住了路过的公社巡逻队一行，看来是早有预谋的埋伏。为首的那个流民看上去语调轻佻，神色倨傲，但在场的全部叛军都臣服地团结在他的指令之下，分工明确。看来哪怕是依靠盗窃而生的“寄生虫”，也有着一套自己内部严密的管理法则。	遥远的彼方。
30521	1	30522						Assets/Product/Texture/Image/RoleStory/TatianaNormal013.png	塔季扬娜	冷静点。		继续			Assets/Product/Texture/Image/BgStory/Bgstory103.png		我们的故乡Ⅱ	Assets/Product/Texture/Atlas/UiBabelTower/UiBabelTowerIconDetails.png	7	我们的故乡Ⅱ		面对成群的叛军，塔季扬娜尝试进行劝降：\n\n“没必要开战，我们之间的矛盾还没到不得不靠兵刃相见解决问题的地步。”\n\n“而且，你们不可能永远依靠盗窃维生，等到凛冬来临，你们的暂居处都会被冻成冰洞，到时候即使我不出手，你们也只有死路一条。”	遥远的彼方。
30522	2			30522				Assets/Product/Texture/Image/RoleStory/IcesailorNomal.png	叛军头目	……		决定			Assets/Product/Texture/Image/BgStory/Bgstory103.png		我们的故乡Ⅱ	Assets/Product/Texture/Atlas/UiBabelTower/UiBabelTowerIconDetails.png	7	我们的故乡Ⅱ		叛军头目轻蔑的笑道：\n“你确实一直在为这块营地尽心尽力……但是你也忽略了，我们能活着从来就不是靠着敌人的施舍，忘记所有仇恨只为苟延残喘！”\n“但是既然那帮小伙沉不住气，行踪也已经暴露了，那就无需再躲藏了，今天就由我送你们这帮叛徒上路！”	遥远的彼方。
30523	1	30524						Assets/Product/Texture/Image/RoleStory/TatianaNormal014.png	塔季扬娜	……		继续			Assets/Product/Texture/Image/BgStory/Bgstory103.png		我们的故乡Ⅱ	Assets/Product/Texture/Atlas/UiBabelTower/UiBabelTowerIconDetails.png	7	我们的故乡Ⅱ		既然如此，那我也没必要对你这个叛徒手下留情了。	遥远的彼方。
30524	1	30525						Assets/Product/Texture/Image/RoleStory/IcesailorNomal.png	叛军头目	……		继续			Assets/Product/Texture/Image/BgStory/Bgstory103.png		我们的故乡Ⅱ	Assets/Product/Texture/Atlas/UiBabelTower/UiBabelTowerIconDetails.png	7	我们的故乡Ⅱ		对我们说这些狠话可没用，从我们的立场上看来，你又何尝不是一个叛徒！	遥远的彼方。
30525	4	30526			504							继续			Assets/Product/Texture/Image/BgStory/Bgstory103.png		我们的故乡Ⅱ	Assets/Product/Texture/Atlas/UiBabelTower/UiBabelTowerIconDetails.png	7	我们的故乡Ⅱ		对我们说这些狠话可没用，从我们的立场上看来，你又何尝不是一个叛徒！	遥远的彼方。
30526	3					[14010]						离开		1	Assets/Product/Texture/Image/BgStory/Bgstory217.png		我们的故乡Ⅱ	Assets/Product/Texture/Atlas/UiBabelTower/UiBabelTowerIconDetails.png	7	我们的故乡Ⅱ		虽然这是一场艰苦的战斗，但是在一场大混战后，边境公社还是胜利了。叛军头目眼见大势已去，便主动跳下了山崖，自行结束了自己的生命。战后，众人从他们的临时据点中取回了失窃的物资，在清点数目的时候，发现了一张夹在日记本里的残旧信纸。“我永远不会原谅他们的，这场悲剧需要有人来一直铭记，即使在最后我也会化作跟他们无异的恶鬼。伊莎，我已经走进了地狱，不求你在天堂等待我，只求你能一直注视着我直到末路。”	遥远的彼方。
30527	1	30528						Assets/Product/Texture/Image/RoleStory/TatianaNormal014.png	塔季扬娜	谨慎迎战，他们也许还留有后手！		准备战斗			Assets/Product/Texture/Image/BgStory/Bgstory103.png		我们的故乡Ⅱ	Assets/Product/Texture/Atlas/UiBabelTower/UiBabelTowerIconDetails.png	7	我们的故乡Ⅱ		在塔季扬娜一声令下后，公社成员开始调整阵型，准备迎战。	遥远的彼方。
30528	4	30529			504			Assets/Product/Texture/Image/RoleStory/TatianaNormal014.png	塔季扬娜	谨慎迎战，他们也许还留有后手！		准备战斗			Assets/Product/Texture/Image/BgStory/Bgstory103.png		我们的故乡Ⅱ	Assets/Product/Texture/Atlas/UiBabelTower/UiBabelTowerIconDetails.png	7	我们的故乡Ⅱ		在塔季扬娜一声令下后，公社成员开始调整阵型，准备迎战。	遥远的彼方。
30529	1	30530										说服		1	Assets/Product/Texture/Image/BgStory/Bgstory217.png		我们的故乡Ⅱ	Assets/Product/Texture/Atlas/UiBabelTower/UiBabelTowerIconDetails.png	7	我们的故乡Ⅱ		一场激烈的交战后，叛军首领看出公社成员下手似有保留，便命令手下停止攻击，转为高声质问边境公社到底想做什么。塔季扬娜表示她并不想跨过那条自相残杀的界线，她还是希望能靠其他方式解决问题。	遥远的彼方。
30530	1	30531										继续			Assets/Product/Texture/Image/BgStory/Bgstory217.png		我们的故乡Ⅱ	Assets/Product/Texture/Atlas/UiBabelTower/UiBabelTowerIconDetails.png	7	我们的故乡Ⅱ		听到塔季扬娜这番发言，叛军头目停顿片刻后便高声喊道：\n“明明是这么生死攸关的关头，却还在考虑这种无谓的事情吗……也罢，像你这样的人也总比基亚兰塔那群麻木不仁的混蛋要好。”\n“……我选择最后相信你们一次。接着，这是我身上所有的武器了，不用怀疑，这不是个陷阱，我们本身就没从营地里偷到多少物资，这场突袭对我们来说本身也是一场豪赌。”	遥远的彼方。
30531	1	30532						Assets/Product/Texture/Image/RoleStory/TatianaNormal019.png	塔季扬娜	……谢谢你们选择相信我们。		收缴武器			Assets/Product/Texture/Image/BgStory/Bgstory217.png		我们的故乡Ⅱ	Assets/Product/Texture/Atlas/UiBabelTower/UiBabelTowerIconDetails.png	7	我们的故乡Ⅱ		叛军一行人犹豫了片刻，但是最终都是选择听从头目的命令，举起双手，放下了武器。	遥远的彼方。
30532	3					[14009]						离开			Assets/Product/Texture/Image/BgStory/Bgstory217.png		我们的故乡Ⅱ	Assets/Product/Texture/Atlas/UiBabelTower/UiBabelTowerIconDetails.png	7	我们的故乡Ⅱ		在手腕被扣上锁铐带走的时候，他路过塔季扬娜的身边，轻声地对她说了一句话。\n“别误会，我只是选择了让最多人活下去的方法罢了。希望你在日后，不会跟我一样，在以后某天后悔当初的决定。”	遥远的彼方。
31001	1	31002										继续调查			Assets/Product/Texture/Image/BgStory/Bgstory352.jpg		无上之戒	Assets/Product/Texture/Atlas/UiBabelTower/UiBabelTowerIconDetails.png	7	无上之戒		巡视途中，众人发现了一个废弃的老旧村庄。\n\n这座村庄看起来废弃于在帕弥什爆发前的年代，物资贮备很充裕，但不知为何居民突然都消失了，甚至连很多贵重物品都直接丢弃在了家里不管不顾。	“我的宝贝！”
31002	2			31002								决定			Assets/Product/Texture/Image/BgStory/Bgstory352.jpg		无上之戒	Assets/Product/Texture/Atlas/UiBabelTower/UiBabelTowerIconDetails.png	7	无上之戒		村内的物资上面都积了一层厚厚的灰尘，看起来已经至少弃置了数十年。有人提出不如拿走一部分必须的工具，很快就得到了其他人的一致支持。\n\n在搜集物资的时候，发现一枚精美的金戒指，它历经了几十年的风尘表面依旧光洁如新，让人在看到的那瞬间就忍不住想将它握进手中。	“我的宝贝！”
31003	3					[12016, 12017, 12018]						离开			Assets/Product/Texture/Image/BgStory/Bgstory352.jpg		无上之戒	Assets/Product/Texture/Atlas/UiBabelTower/UiBabelTowerIconDetails.png	7	无上之戒		金银宝物在这片荒土毫无意义，带上它还不如多带走一些生产工具，人们把那枚神秘的戒指重新放回了抽屉里面。	“我的宝贝！”
31004	1	31011										？？？			Assets/Product/Texture/Image/BgStory/Bgstory352.jpg		无上之戒	Assets/Product/Texture/Atlas/UiBabelTower/UiBabelTowerIconDetails.png	7	无上之戒		仿佛被神秘的魔力劝诱，塔季扬娜伸手拿走了这枚戒指，并将它戴到了自己的手指上。\n\n在戴上戒指的瞬间，她的心里隐隐约约感到了一股言语无法形容的满足感，仿佛这枚戒指天生是属于自己的。	“我的宝贝！”
31011	3					[12049]						离开			Assets/Product/Texture/Image/BgStory/Bgstory352.jpg		无上之戒	Assets/Product/Texture/Atlas/UiBabelTower/UiBabelTowerIconDetails.png	7	无上之戒		但是马上，塔季扬娜就意识到了这种想法的危险之处，荒谬的独占欲可能会在团队里埋下斗争的种子。\n\n于是她取下了这枚戒指，将其塞进了布袋里。	“我的宝贝！”
31005	3					[12049]						离开			Assets/Product/Texture/Image/BgStory/Bgstory352.jpg		无上之戒	Assets/Product/Texture/Atlas/UiBabelTower/UiBabelTowerIconDetails.png	7	无上之戒		金银饰物虽然现在派不上用处，但是也许能在以后被兑换成营地需要的物资。考虑到这点，塔季扬娜暂时收下了这枚戒指。	“我的宝贝！”
31006	1	31007						Assets/Product/Texture/Image/RoleStory/ShihuangzhenanNormal01.png	？？	人类啊，你们擅自拿走了不属于你们的宝物，生者没有司掌它的资格。		继续聆听			Assets/Product/Texture/Image/BgStory/BgStory575.jpg		无上之戒	Assets/Product/Texture/Atlas/UiBabelTower/UiBabelTowerIconDetails.png	7	无上之戒		突然袭来的漫天暴风雪遮挡住了眼前的视野，在令人睁不开眼的强大风暴中，只能依稀看到从冰湖的对岸缓缓走来一位全身漆黑，身材高大的骑士。	“我的宝贝！”
31007	2			31007				Assets/Product/Texture/Image/RoleStory/ShihuangzhenanNormal01.png	？？	我以切尔纳伯格的名义要求你们，归还宝物，灾厄的风雪则自会散去。		继续			Assets/Product/Texture/Image/BgStory/BgStory575.jpg		无上之戒	Assets/Product/Texture/Atlas/UiBabelTower/UiBabelTowerIconDetails.png	7	无上之戒		他骑着一匹同样通体乌黑的骏马，头上戴着一顶沉重的头盔，让人看不清他的容貌。	“我的宝贝！”
31008	1	31009						Assets/Product/Texture/Image/RoleStory/ShihuangzhenanNormal01.png	？？	人类之子啊，你们的意志确实让我赞叹，为了嘉赏你们的勇气，我会给予你们应有的奖励。		继续			Assets/Product/Texture/Image/BgStory/BgStory575.jpg		无上之戒	Assets/Product/Texture/Atlas/UiBabelTower/UiBabelTowerIconDetails.png	7	无上之戒		塔季扬娜按照他的嘱咐，将戒指放到了冰湖上后，背对着骑士离开了。	“我的宝贝！”
31009	3					[12052]						基础v			Assets/Product/Texture/Image/BgStory/BgStory575.jpg		无上之戒	Assets/Product/Texture/Atlas/UiBabelTower/UiBabelTowerIconDetails.png	7	无上之戒		话音刚落，席卷在这片雪原上的风暴突然尽数散去，露出了高悬在冰湖之上的晴空。\n\n众人回头望去，那枚戒指已经不见了，只留下一串留在雪地上的马蹄印。	“我的宝贝！”
31010	1	31012						Assets/Product/Texture/Image/RoleStory/ShihuangzhenanNormal01.png	？？	无妨，犹豫也是人类之子的特权，希望你们在招致真正的悲剧前做出正确的选择。		。。。			Assets/Product/Texture/Image/BgStory/BgStory575.jpg		无上之戒	Assets/Product/Texture/Atlas/UiBabelTower/UiBabelTowerIconDetails.png	7	无上之戒		人们没有给出回答，那位骑士看上去也并不焦急。	“我的宝贝！”
31012	1											离开			Assets/Product/Texture/Image/BgStory/BgStory575.jpg		无上之戒	Assets/Product/Texture/Atlas/UiBabelTower/UiBabelTowerIconDetails.png	7	无上之戒		骑士漆黑的身影慢慢重新隐没在了雪暴之中，过了一会，雪暴慢慢散去了。	“我的宝贝！”
31013	1	31014										不能再这样了			Assets/Product/Texture/Image/BgStory/BgStory947.jpg		无上之戒	Assets/Product/Texture/Atlas/UiBabelTower/UiBabelTowerIconDetails.png	7	无上之戒		将那枚戒指带回营地之后，接连数日，营地里都爆发了一些不大不小的矛盾。而一切矛盾的源头，都指向了那枚神秘的戒指。\n\n参与争吵的人都仿佛被耀眼的黄金光辉诱惑了一般，他们都痴迷而执着地希望得到这枚戒指，为此甚至不惜怠慢了他们本职的工作，日复一日地陷进这无尽的纷争中。	“我的宝贝！”
31014	2			31014								决定			Assets/Product/Texture/Image/BgStory/BgStory947.jpg		无上之戒	Assets/Product/Texture/Atlas/UiBabelTower/UiBabelTowerIconDetails.png	7	无上之戒		另一批没有欲求的人也被这枚戒指的存在扰乱心神，耗尽精力。\n\n不愿陷入争吵泥潭之中的他们来恳求塔季扬娜，为了营地的安稳，不如早日将这枚戒指摧毁。	“我的宝贝！”
31015	3					[12050]						离开			Assets/Product/Texture/Image/BgStory/BgStory947.jpg		无上之戒	Assets/Product/Texture/Atlas/UiBabelTower/UiBabelTowerIconDetails.png	7	无上之戒		在众目睽睽之下，塔季扬娜亲手将这枚戒指丢进了熔炉之中，终止了营地里旷日持久的纷争。\n\n对这个结果，虽然有一部分人因为无法达成目的而感到遗憾，但是大部分人都认为这才是消灭了纷争之源的正确决策。	“我的宝贝！”
31016	3					[12050]						离开			Assets/Product/Texture/Image/BgStory/BgStory947.jpg		无上之戒	Assets/Product/Texture/Atlas/UiBabelTower/UiBabelTowerIconDetails.png	7	无上之戒		在两个选择面前，曾经争论不休的人们又突然不约而同地放下了矛盾，异口同声地表示拒绝销毁戒指，这个提议不得不被暂时搁置了下来。	“我的宝贝！”
31017	1	31018										罪恶的戒指			Assets/Product/Texture/Image/BgStory/BgStory947.jpg		无上之戒	Assets/Product/Texture/Atlas/UiBabelTower/UiBabelTowerIconDetails.png	7	无上之戒		有一个社员前来报告，在昨日深夜，一个窥伺金戒指已久的叛徒击晕了看守，盗走戒指和另外一些财产之后逃之夭夭了。\n\n但令人疑惑的是，这枚戒指无法变出一个宜居的家园，更无法帮助他在冰天雪地里苟且偷生，甚至连他自己都很可能在逃亡之旅上沦为宝物的陪葬品。	“我的宝贝！”
31018	1											离开			Assets/Product/Texture/Image/BgStory/BgStory947.jpg		无上之戒	Assets/Product/Texture/Atlas/UiBabelTower/UiBabelTowerIconDetails.png	7	无上之戒		营地中议论纷纷，很多人都表示“他平素是个老实本分的人，会做出这样的傻事一定是被戒指蛊惑了”。\n\n虽然他已经带着那枚戒指和无尽的纷争离去了，但是怀疑和猜忌的种子已经在众人的心里埋下，在之后的很长一段时间里，营地里还是扩散着相互猜疑的氛围。	“我的宝贝！”
31019	1	31020										继续探查			Assets/Product/Texture/Image/BgStory/BgStory699.jpg		旧国遗产	Assets/Product/Texture/Atlas/UiBabelTower/UiBabelTowerIconDetails.png	7	旧国遗产		在旧时代的废墟之中摸索前进了一会儿，转过了几个弯，又打破了几面断壁残垣后，众人在废墟的深处发现了一个老旧物资箱。	这是宝藏，还是陷阱？
31020	2			31020				Assets/Product/Texture/Image/RoleStory/IceguideNomal.png	狄安娜	小心，我们以前见过这种箱子，表面上只是普通的物资箱，但事实上99.99%是一个陷阱，所以它也有个恶名被叫做“宝箱怪”。		决定			Assets/Product/Texture/Image/BgStory/BgStory699.jpg		旧国遗产	Assets/Product/Texture/Atlas/UiBabelTower/UiBabelTowerIconDetails.png	7	旧国遗产		物资箱上面刻有某个多年前早就破灭的北境小国的徽记，重量沉甸甸的，似乎是里面装了不少旧时代的物资。	这是宝藏，还是陷阱？
31021	1	31022						Assets/Product/Texture/Image/RoleStory/IceguideNomal.png	狄安娜	等等，这个箱子是……糟糕，中陷阱了！		对战机械体			Assets/Product/Texture/Image/BgStory/BgStory699.jpg		旧国遗产	Assets/Product/Texture/Atlas/UiBabelTower/UiBabelTowerIconDetails.png	7	旧国遗产		在塔季扬娜揭开箱子的那瞬间，物资箱内部突然飞出了两只机械钢手，把她抓了进去。\n\n废墟内部也警铃大作，源源不断地冒出了大批警卫机械体，气势冲冲地对众人围攻而来——	这是宝藏，还是陷阱？
31022	4	31023			41002			Assets/Product/Texture/Image/RoleStory/IceguideNomal.png	狄安娜	等等，这个箱子是……糟糕，中陷阱了！		对战机械体			Assets/Product/Texture/Image/BgStory/BgStory699.jpg		旧国遗产	Assets/Product/Texture/Atlas/UiBabelTower/UiBabelTowerIconDetails.png	7	旧国遗产		在塔季扬娜揭开箱子的那瞬间，物资箱内部突然飞出了两只机械钢手，把她抓了进去。\n\n废墟内部也警铃大作，源源不断地冒出了大批警卫机械体，气势冲冲地对众人围攻而来——	这是宝藏，还是陷阱？
31023	1	31024						Assets/Product/Texture/Image/RoleStory/IceguideNomal.png	狄安娜	真是的……明明我已经提醒过了，那个箱子绝对就是个陷阱，结果我们还是踩进去了。		翻找箱子		1	Assets/Product/Texture/Image/BgStory/BgStory699.jpg		旧国遗产	Assets/Product/Texture/Atlas/UiBabelTower/UiBabelTowerIconDetails.png	7	旧国遗产		等等，这个箱子里面好像有些什么。	这是宝藏，还是陷阱？
31024	1	31025						Assets/Product/Texture/Image/RoleStory/IceguideNomal.png	狄安娜	这里怎么会有粮食？不对，这些血迹……我知道了，这些物资箱的真面目是用粮食作为诱饵，吸引急需补给的队伍自投罗网的陷阱。		呃。			Assets/Product/Texture/Image/BgStory/BgStory699.jpg		旧国遗产	Assets/Product/Texture/Atlas/UiBabelTower/UiBabelTowerIconDetails.png	7	旧国遗产		塔季扬娜将箱子高举倒置，箱底积压的神秘物资真面目居然是一堆发霉的小麦，上面还沾着不少血迹。	这是宝藏，还是陷阱？
31025	1	31026						Assets/Product/Texture/Image/RoleStory/TatianaNormal014.png	塔季扬娜	真是可惜了，这么多原本可以填饱肚子的粮食就这样被浪费了……		放下箱子			Assets/Product/Texture/Image/BgStory/BgStory699.jpg		旧国遗产	Assets/Product/Texture/Atlas/UiBabelTower/UiBabelTowerIconDetails.png	7	旧国遗产		塔季扬娜将箱子高举倒置，箱底积压的神秘物资真面目居然是一堆发霉的小麦，上面还沾着不少血迹。	这是宝藏，还是陷阱？
31026	3					[12049]		Assets/Product/Texture/Image/RoleStory/TatianaNormal013.png	塔季扬娜	明明已经深陷于战火之中，却不把有限的粮食分发到真正有需要的人手中，而是如此肆意挥霍……这就是他们最后走向破灭的原因吧。		离开			Assets/Product/Texture/Image/BgStory/BgStory699.jpg		旧国遗产	Assets/Product/Texture/Atlas/UiBabelTower/UiBabelTowerIconDetails.png	7	旧国遗产		没想到传说中恶名昭著的“宝箱怪”里面蕴含的真相竟是如此，狄安娜和一众守林人都沉默了。	这是宝藏，还是陷阱？
31027	3					[12013, 12014, 12015]						离开			Assets/Product/Texture/Image/BgStory/BgStory699.jpg		旧国遗产	Assets/Product/Texture/Atlas/UiBabelTower/UiBabelTowerIconDetails.png	7	旧国遗产		狄安娜的提醒听上去非常言之有理，毕竟在这片一无所有的废墟上，突然冒出一个宝箱，怎么想都很奇怪。\n\n众人没有管这个宝箱，而是直接忽略了它，向下一个目的地前进了。	这是宝藏，还是陷阱？
31028	1	31029										按下按钮			Assets/Product/Texture/Image/BgStory/BgStory946.jpg		隐匿设施	Assets/Product/Texture/Atlas/UiBabelTower/UiBabelTowerIconDetails.png	7	隐匿设施		设施内摆放着各种老旧仪器，房间中央似乎是一个启动装置，一旦按下它，将会揭开科研站隐藏的秘密。	尘封的建筑，开启前进的道路。
31029	1											出去看看			Assets/Product/Texture/Image/BgStory/BgStory946.jpg		隐匿设施	Assets/Product/Texture/Atlas/UiBabelTower/UiBabelTowerIconDetails.png	7	隐匿设施		整个房间开始震动起来。墙壁上的灯光闪烁不定，发出诡异的光芒。\n\n然后，一阵轰鸣声响起，仿佛是某种巨大的机械正在启动。	尘封的建筑，开启前进的道路。
31035	1	31036										接待					遭遇	Assets/Product/Texture/Atlas/UiBabelTower/UiBabelTowerIconDetails.png	7	遭遇	北航来客	当这座城池在因为未来可能发生的危机而忐忑不安的时候，北极航线联合的代表突然来访了，还带着一个关乎极地全部人安危的迫切请求。	那场悲剧还尚未结束。
31036	1	31037						Assets/Product/Texture/Image/RoleStory/ShitesenNormal01.png	施特森	……综上所述，安博莉亚事件中还有被波及的受害者逃往了这边，恐怕会很快波及整片极地和新苏菲亚。为了我们共同的安危，希望你们能一起参与这场讨伐。		思考对策					遭遇	Assets/Product/Texture/Atlas/UiBabelTower/UiBabelTowerIconDetails.png	7	遭遇	北航来客	新苏菲亚城在采取全力发展经济的方针后，一直是北极航线联合的重要贸易港口，两个势力之间的合作也非常紧密，但双方也还是第一次交涉如此重要的事项。	那场悲剧还尚未结束。
31037	3					[12051]		Assets/Product/Texture/Image/RoleStory/ShitesenNormal01.png	施特森	……感谢你们的协助，让我们一起去守卫这片土地的安稳，也给予她真正的安息吧。		准备出发					遭遇	Assets/Product/Texture/Atlas/UiBabelTower/UiBabelTowerIconDetails.png	7	遭遇	北航来客	哪怕是营地中最好战的极地子民，在听到这个危险的请求后都不约而同地陷入了沉默。\n\n但是经过了一番慎重的商讨，还是有一部分人愿意为了守卫新苏菲亚城而组成讨伐队，去铲除那匹已经彻底失控的异人形构造体。	那场悲剧还尚未结束。
31038	2			31038				Assets/Product/Texture/Image/RoleStory/V2150lstNormal01.png	古怪的商人	我知道你们在寻求什么……如果你们肯支付相应的代价，我会为你们奉上通向正确门扉的钥匙。		决定					遭遇	Assets/Product/Texture/Atlas/UiBabelTower/UiBabelTowerIconDetails.png	7	遭遇	古怪的商人	这位商人的外貌看上去十分陌生，她纤细脆弱的外表看起来也和诡异的废墟格格不入。\n\n但是当下无人掌握着关于失控构造体的线索，可能信任她是唯一的选择。	那场悲剧还尚未结束。
31039	1							Assets/Product/Texture/Image/UiTheatre4/UiTheatre4RoleLuosaita.png	罗塞塔	她的外貌好像有点熟悉……扯远了，在这时候忽视她可能并不是理智的判断，我们应该利用手上所有用得上的线索。		离开					遭遇	Assets/Product/Texture/Atlas/UiBabelTower/UiBabelTowerIconDetails.png	7	遭遇	古怪的商人	白发少女商人在废墟的深处静静地等待着。	那场悲剧还尚未结束。
31040	3					[12212]		Assets/Product/Texture/Image/RoleStory/V2150lstNormal01.png	古怪的商人	恭喜，你们已经将“良机”握在手中了……还请把握住这来之不易的机会，作出正确的选择。		离开					遭遇	Assets/Product/Texture/Atlas/UiBabelTower/UiBabelTowerIconDetails.png	7	遭遇	古怪的商人	白发少女商人在废墟的深处静静地等待着。	那场悲剧还尚未结束。
31041	2			31041								决定			Assets/Product/Texture/Image/BgStory/BgStory568.jpg		遭遇	Assets/Product/Texture/Atlas/UiBabelTower/UiBabelTowerIconDetails.png	7	遭遇	北航来客	废墟深处蜿蜒密布的通路很快就让众人失去了方向，如果拥有着某种“坐标”的指引，应该就能找到脱困之策。	那场悲剧还尚未结束。
31042	1	31044										继续探查			Assets/Product/Texture/Image/BgStory/BgStory569.jpg		遭遇	Assets/Product/Texture/Atlas/UiBabelTower/UiBabelTowerIconDetails.png	7	遭遇	北航来客	走到某扇门扉的前面之后，少女商人递交给众人的数据盒突然开始激烈而短促地散发出红光，似乎是要挽留住持有者的脚步。	那场悲剧还尚未结束。
31043	3					[12051]						离开			Assets/Product/Texture/Image/BgStory/BgStory568.jpg		遭遇	Assets/Product/Texture/Atlas/UiBabelTower/UiBabelTowerIconDetails.png	7	遭遇	北航来客	废墟内弯弯绕绕的道路很快就让众人迷失了方向，如果有“某个坐标”可以进行精确的指引，也许就能找到正确的道路。	那场悲剧还尚未结束。
31044	1	31045					1404	Assets/Product/Texture/Image/RoleStory/TatianaNormal014.png	塔季扬娜	这匹构造体想必便是施特森提到的那位“受害者”……		观察对方			Assets/Product/Texture/Image/BgStory/BgStory569.jpg		遭遇	Assets/Product/Texture/Atlas/UiBabelTower/UiBabelTowerIconDetails.png	7	遭遇	北航来客	游荡在废墟深处的异人形构造体正在悲鸣着，寻求着永远得不到的回应	那场悲剧还尚未结束。
31045	1	31046						Assets/Product/Texture/Image/RoleStory/AnboliyaTheatre301.png	不明构造体	…………		准备进攻			Assets/Product/Texture/Image/BgStory/BgStory569.jpg		遭遇	Assets/Product/Texture/Atlas/UiBabelTower/UiBabelTowerIconDetails.png	7	遭遇	北航来客	游荡在废墟深处的异人形构造体正在悲鸣着，寻求着永远得不到的回应	那场悲剧还尚未结束。
31046	1							Assets/Product/Texture/Image/RoleStory/TatianaNormal012.png	塔季扬娜	虽然这么做让人很不好受，但是为了给予她真正的安息，我们还是速战速决吧。		开始作战			Assets/Product/Texture/Image/BgStory/BgStory569.jpg		遭遇	Assets/Product/Texture/Atlas/UiBabelTower/UiBabelTowerIconDetails.png	7	遭遇	北航来客	游荡在废墟深处的异人形构造体正在悲鸣着，寻求着永远得不到的回应	那场悲剧还尚未结束。
31080	1	31087										继续			Assets/Product/Texture/Image/BgStory/Bgstory456.jpg		遭遇	Assets/Product/Texture/Atlas/UiBabelTower/UiBabelTowerIconDetails.png	7	遭遇	堡垒机械守卫	当全城都因为机械角鲸是否会在未来某天袭击港口而忐忑不安的时候，边境公社宣布会和守林人协作，\n\n在城边建起灯塔和城墙，以便监视机械角鲸的一举一动。	旧时代的守卫正在等待你们造访。
31087	1	31081										继续			Assets/Product/Texture/Image/BgStory/Bgstory456.jpg		遭遇	Assets/Product/Texture/Atlas/UiBabelTower/UiBabelTowerIconDetails.png	7	遭遇	堡垒机械守卫	守林人保证在她们全天候的监视下，新苏菲亚城绝不会被感染体突然袭击。这个稳固可靠的保证抚平了不少人内心的恐惧。	旧时代的守卫正在等待你们造访。
31081	2			31081								推门			Assets/Product/Texture/Image/BgStory/BgStory601.jpg		遭遇	Assets/Product/Texture/Atlas/UiBabelTower/UiBabelTowerIconDetails.png	7	遭遇	堡垒机械守卫	随着灯塔逐渐落成，银白色的高塔从大地之上拔地而起，这座城池似乎也越发变得坚不可摧。\n\n在新苏菲亚城的附近有着一座旧时代的堡垒废墟，守林人们打算将它和新落成的灯塔通过城墙串联到一起，筑成一道稳固的防御工事。	旧时代的守卫正在等待你们造访。
31082	3					[12046, 12047, 12048]						继续探查			Assets/Product/Texture/Image/BgStory/BgStory601.jpg		遭遇	Assets/Product/Texture/Atlas/UiBabelTower/UiBabelTowerIconDetails.png	7	遭遇	堡垒机械守卫	红色的铁门缓缓开启，发出沉闷而悠长的声响。冷风夹杂着冰雪的气息扑面而来。	旧时代的守卫正在等待你们造访。
31083	3					[12046, 12047, 12048]	1404					继续探查			Assets/Product/Texture/Image/BgStory/BgStory601.jpg		遭遇	Assets/Product/Texture/Atlas/UiBabelTower/UiBabelTowerIconDetails.png	7	遭遇	堡垒机械守卫	蓝色的铁门缓缓开启，发出沉闷而悠长的声响。冷风夹杂着冰雪的气息扑面而来。	旧时代的守卫正在等待你们造访。
31084	1	31085						Assets/Product/Texture/Image/RoleStory/TatianaNormal016.png	塔季扬娜	又是机械守卫吗……这个堡垒还真是防守严密。		继续			Assets/Product/Texture/Image/BgStory/BgStory571.jpg		遭遇	Assets/Product/Texture/Atlas/UiBabelTower/UiBabelTowerIconDetails.png	7	遭遇	堡垒机械守卫	机械守卫们侦查到了来者的脚步声。纷纷久违地抽出了利刃，履行它们忠实的职责。	旧时代的守卫正在等待你们造访。
31085	1	31086						Assets/Product/Texture/Image/RoleStory/IceguideNomal.png	狄安娜	谨慎应对吧，这将是一场苦战。		继续			Assets/Product/Texture/Image/BgStory/BgStory571.jpg		遭遇	Assets/Product/Texture/Atlas/UiBabelTower/UiBabelTowerIconDetails.png	7	遭遇	堡垒机械守卫	机械守卫们侦查到了来者的脚步声。纷纷久违地抽出了利刃，履行它们忠实的职责。	旧时代的守卫正在等待你们造访。
31086	1							Assets/Product/Texture/Image/UiTheatre4/UiTheatre4RoleV2130boss.png	苍白守卫	……		准备战斗			Assets/Product/Texture/Image/BgStory/BgStory571.jpg		遭遇	Assets/Product/Texture/Atlas/UiBabelTower/UiBabelTowerIconDetails.png	7	遭遇	堡垒机械守卫	机械守卫们侦查到了来者的脚步声。纷纷久违地抽出了利刃，履行它们忠实的职责。	旧时代的守卫正在等待你们造访。
31095	1											迎战					遭遇	Assets/Product/Texture/Atlas/UiBabelTower/UiBabelTowerIconDetails.png	7	遭遇	苍白感染体	从冰海之下缓缓浮上一个苍白的身影，她美丽的面容上却遍布着仇恨和狰狞，\n\n仿佛是要对整个世界散播诅咒一般，踏过黑色的死水款步向人群走来。	苍白的身影自海面之下浮现。
31096	1	31196						Assets/Product/Texture/Image/RoleStory/IcefishmanNomal.png	安东诺夫	自从我们被迫背井离乡踏上迁徙之旅，又来到此处点燃起第一束篝火以来，我们已经和新苏菲亚城，这座崭新的理想之城，一起共度了无数个日夜。		继续		1	Assets/Product/Texture/Image/BgStory/Bgstory463.jpg		决策	Assets/Product/Texture/Atlas/UiBabelTower/UiBabelTowerIconDetails.png	7	决策	城市的未来	将那位身份不明的感染体安葬后，安东诺夫召集了边境公社的核心骨干成员们，在新苏菲亚城里召开了一场简单而意义重大的会议。	城中召开了一个重要的会议。
31196	1	31097						Assets/Product/Texture/Image/RoleStory/IcefishmanNomal.png	安东诺夫	但如今，关于对外敌的恐惧，对这片绝境的征服欲，和对机械角鲸的狂热仇恨又在悄悄向我们接近，我们可能又将再次陷入矛盾和纷争的泥潭。		继续		1	Assets/Product/Texture/Image/BgStory/Bgstory463.jpg		决策	Assets/Product/Texture/Atlas/UiBabelTower/UiBabelTowerIconDetails.png	7	决策	城市的未来	会议里依旧维持着肃穆的气氛。	城中召开了一个重要的会议。
31097	1	31098						Assets/Product/Texture/Image/RoleStory/IcefishmanNomal.png	安东诺夫	为了守护我们共同的家园，捍卫这片来之不易的生息之地，希望今天出席这场会议的每一个人，都能贡献出你们的智慧和见解。		打开信纸		1	Assets/Product/Texture/Image/BgStory/Bgstory463.jpg		决策	Assets/Product/Texture/Atlas/UiBabelTower/UiBabelTowerIconDetails.png	7	决策	城市的未来	众人在紧张地等待着他的下一句话。	城中召开了一个重要的会议。
31098	2			31098				Assets/Product/Texture/Image/RoleStory/IcefishmanNomal.png	安东诺夫	请各位在谨慎思考之后，写下能帮助这座理想之城建设得更好的建议吧。		作出抉择		1	Assets/Product/Texture/Image/BgStory/Bgstory463.jpg		决策	Assets/Product/Texture/Atlas/UiBabelTower/UiBabelTowerIconDetails.png	7	决策	城市的未来	面对着这张空白的信纸，在脑海中浮现出来的未来是……	城中召开了一个重要的会议。
31099	1							Assets/Product/Texture/Image/RoleStory/IcefishmanNomal.png	安东诺夫	感谢各位的全力协助和付出，新苏菲亚是我们共同的家园，而每一位居民都是新苏菲亚不可替代的财富。只要我们的意志依然团结在一起，新苏菲亚城就会一直屹立于此。		会议结束		1	Assets/Product/Texture/Image/BgStory/Bgstory463.jpg		决策	Assets/Product/Texture/Atlas/UiBabelTower/UiBabelTowerIconDetails.png	7	决策	城市的未来	谨慎地写下了对这个问题的思考，然后将那封信投进了征集箱里面。	城中召开了一个重要的会议。
31100	1							Assets/Product/Texture/Image/RoleStory/IcefishmanNomal.png	安东诺夫	感谢各位的全力协助和付出，新苏菲亚是我们共同的家园，而每一位居民都是新苏菲亚不可替代的财富。只要我们的意志依然团结在一起，新苏菲亚城就会一直屹立于此。		会议结束		1	Assets/Product/Texture/Image/BgStory/Bgstory463.jpg		决策	Assets/Product/Texture/Atlas/UiBabelTower/UiBabelTowerIconDetails.png	7	决策	城市的未来	谨慎地写下了对这个问题的思考，然后将那封信投进了征集箱里面。	城中召开了一个重要的会议。
31101	1							Assets/Product/Texture/Image/RoleStory/IcefishmanNomal.png	安东诺夫	感谢各位的全力协助和付出，新苏菲亚是我们共同的家园，而每一位居民都是新苏菲亚不可替代的财富。只要我们的意志依然团结在一起，新苏菲亚城就会一直屹立于此。		会议结束		1	Assets/Product/Texture/Image/BgStory/Bgstory463.jpg		决策	Assets/Product/Texture/Atlas/UiBabelTower/UiBabelTowerIconDetails.png	7	决策	城市的未来	谨慎地写下了对这个问题的思考，然后将那封信投进了征集箱里面。	城中召开了一个重要的会议。
31110	1	31111										继续			Assets/Product/Texture/Image/BgStory/Bgstory86.png		遭遇	Assets/Product/Texture/Atlas/UiBabelTower/UiBabelTowerIconDetails.png	7	遭遇	感染体群	城内关于如何处置机械角鲸的议论持续了很长一段日子，但是由于无人能出面处置这些巨大的仿生机械，最后边境公社只得宣布为了保护渔民的安危执行封港措施，将聚在海边居住的渔民们迎回主城区内居住。\n\n紧接着，为了应付大批量迁入主城区居民的能耗开支，边境公社宣布将会在城市中心的地下设立一座巨大的供能中心，那个供能中心产出的能源足以让全城人都搬到住宅区生活。	地下涌进了大量感染体。
31111	1	31112										数日后			Assets/Product/Texture/Image/BgStory/Bgstory86.png		遭遇	Assets/Product/Texture/Atlas/UiBabelTower/UiBabelTowerIconDetails.png	7	遭遇	感染体群	全部人的注意力都被这个宏伟的构想吸引而去了，他们瞬间就忘记了和那些笨重机械体结下的不快，而是改为投向了一个更为现实而紧迫的问题：\n\n到底哪些人会拥有第一批进入住宅区居住的资格？	地下涌进了大量感染体。
31112	3	31119				[12046, 12047, 12048]		Assets/Product/Texture/Image/RoleStory/HeiyeyanjiuyuanNormal01.png	巡逻队员	无需手下留情，将它们全部清理掉吧。		前往清理			Assets/Product/Texture/Image/BgStory/Bgstory198.png		遭遇	Assets/Product/Texture/Atlas/UiBabelTower/UiBabelTowerIconDetails.png	7	遭遇	感染体群	巡逻队收到供能站施工队的求助，走进了位于地下的施工场地，只见供能机关已经被小型感染体包围了。	地下涌进了大量感染体。
31119	2			31119								确认状态			Assets/Product/Texture/Image/BgStory/BgStory588.jpg		遭遇	Assets/Product/Texture/Atlas/UiBabelTower/UiBabelTowerIconDetails.png	7	遭遇	感染体群	完成机关周边的清理后，众人发现供能机关的两个<color=#FF5826>子站点</color>被感染体占领处于离线状态，先优先处理它们吧。根据坐标显示，<color=#FF5826>子站点</color>分别位于供能机关的<color=#FF5826>西面</color>和<color=#FF5826>南面</color>	地下涌进了大量感染体。
31120	1							Assets/Product/Texture/Image/RoleStory/TatianaNormal013.png	塔季扬娜	啧，这里也有感染体侵入进来了。		前往清理			Assets/Product/Texture/Image/BgStory/BgStory588.jpg		遭遇	Assets/Product/Texture/Atlas/UiBabelTower/UiBabelTowerIconDetails.png	7	遭遇	感染体群	子站点上线后，供能中心开始运作，地下的施工噪响吸引了不少在雪原上流浪的感染体。	地下涌进了大量感染体。
31121	1	31122						Assets/Product/Texture/Image/RoleStory/IceArchernomal.png	感染体	呜呜呜……		继续			Assets/Product/Texture/Image/BgStory/BgStory588.jpg		遭遇	Assets/Product/Texture/Atlas/UiBabelTower/UiBabelTowerIconDetails.png	7	遭遇	感染体群	在荒野中流浪了许久的它们虽然从未拥有过集体行动的意识，但是一旦侦查到人类活动的踪迹就会围聚到一起，并凭借本能破坏着所有视线范围内的建筑。	地下涌进了大量感染体。
31122	1							Assets/Product/Texture/Image/RoleStory/TatianaNormal013.png	塔季扬娜	！！！		迎战			Assets/Product/Texture/Image/BgStory/BgStory588.jpg		遭遇	Assets/Product/Texture/Atlas/UiBabelTower/UiBabelTowerIconDetails.png	7	遭遇	感染体群	“不好意思，这里可不欢迎异乡客，麻烦赶紧从我家里滚出去吧——！”	地下涌进了大量感染体。
31130	2			31130				Assets/Product/Texture/Image/UiTheatre4/UiTheatre4RoleLuosaita.png	罗塞塔	前线营地的供暖系统已经基本铺设完成了。是要现在先回报边境公社索要支援，还是先继续独立建设推进进度，两个决策都各有利弊，好好考虑再做出决定吧。		继续			Assets/Product/Texture/Image/BgStory/BgStory597.jpg		拓荒	Assets/Product/Texture/Atlas/UiBabelTower/UiBabelTowerIconDetails.png	7	拓荒	港口区域	旧时代的港口边停泊着不少废弃货轮，它们都曾是能日行千里，移山跨海的好手。\n\n但在时间侵蚀下，它们风化的齿轮已经不能再运转，船舷部件也都被首先拆卸下来，成为搭建临时小屋的建材。	“摩西级”破冰船在此停泊。
31131	3	31135				[12049]						继续			Assets/Product/Texture/Image/BgStory/BgStory597.jpg		拓荒	Assets/Product/Texture/Atlas/UiBabelTower/UiBabelTowerIconDetails.png	7	拓荒	港口区域	边境公社接到了关于前线营地的供暖设施已经铺设完成的回报，获知信息的公社成员们都表示了不同程度的惊叹和谢意。\n\n但是因为积雪对道路的封锁，加上食物短缺等原因，使得他们暂时还是无法让大批成员前往这边进行支援，作为弥补，他们让一些精锐成员给营地带来了不少补给物资。	“摩西级”破冰船在此停泊。
31132	3	31135				[12054]						继续			Assets/Product/Texture/Image/BgStory/BgStory597.jpg		拓荒	Assets/Product/Texture/Atlas/UiBabelTower/UiBabelTowerIconDetails.png	7	拓荒	港口区域	众人决定先继续独立建设前线基地，这个争分夺秒的决定为建筑铺设加快了不少进度。	“摩西级”破冰船在此停泊。
31133	3	31135				[12013, 12014, 12015]						离开			Assets/Product/Texture/Image/BgStory/BgStory597.jpg		拓荒	Assets/Product/Texture/Atlas/UiBabelTower/UiBabelTowerIconDetails.png	7	拓荒	港口区域	公社成员们得知前线营地附近存在着大量野生动物后，感谢前线的队员们贡献了如此珍贵的消息，这正是他们最急需的食物资源。\n\n他们停止了手上的一部分工作并派来了社员作为支援。在充足的食物补给下，前线营地的建设速度也大大推进了。	“摩西级”破冰船在此停泊。
31134	1											迎战					拓荒	Assets/Product/Texture/Atlas/UiBabelTower/UiBabelTowerIconDetails.png	7	拓荒	港口区域	营地附近有不少仿生动物在雪林间徘徊，这里失去人类的控制已久，已经彻底成为了仿生动物们新的家园。\n\n为了减少侵扰事件发生，巡逻队决定彻底划分出它们和人类的活动边界。	“摩西级”破冰船在此停泊。
31135	1											离开			Assets/Product/Texture/Image/BgStory/BgStory597.jpg		拓荒	Assets/Product/Texture/Atlas/UiBabelTower/UiBabelTowerIconDetails.png	7	拓荒	港口区域	在有条不紊的指挥下，首先走下破冰船来到雪原的社员们都住上了守林人搭建的前线小屋，解决了第一步的过渡问题。\n\n但是冻土严寒的气温依然是迫在眉睫的生存威胁，从船上带下的能源并不能支撑太长时间，接下来得先想办法如何去张罗稳定的燃料和建材了。	“摩西级”破冰船在此停泊。
31140	1	31141										继续			Assets/Product/Texture/Image/BgStory/BgStory698.jpg		建造	Assets/Product/Texture/Atlas/UiBabelTower/UiBabelTowerIconDetails.png	7	建造	林间营地	从船上带下的耗材已经基本消耗完毕，为了建设新的基地小屋，众人决定委托能在雪地自由行动的守林人去搜集新的建材和燃料。	守林人们搭建起了简陋的营地。
31141	2			31141								决定			Assets/Product/Texture/Image/BgStory/BgStory698.jpg		建造	Assets/Product/Texture/Atlas/UiBabelTower/UiBabelTowerIconDetails.png	7	建造	林间营地	雪原附近有不少高龄雪松，它们健壮的身躯是组成房梁的绝佳材料。也可以按照极地原住民的习俗，只砍伐便于搬运的枯萎老木，但这样效率会低一些。	守林人们搭建起了简陋的营地。
31142	1	31143						Assets/Product/Texture/Image/RoleStory/TatianaNormal012.png	塔季扬娜	嗯……这种香味好久没闻到了。		继续			Assets/Product/Texture/Image/BgStory/BgStory698.jpg		建造	Assets/Product/Texture/Atlas/UiBabelTower/UiBabelTowerIconDetails.png	7	建造	林间营地	守林人们砍伐来了不少大小适中的老木，松木散发着舒适宜人的清香，不少极地人的童年就是在这种松木搭成的老房子里面度过的。	守林人们搭建起了简陋的营地。
31143	1	31144						Assets/Product/Texture/Image/UiTheatre4/UiTheatre4RoleLuosaita.png	罗塞塔	我也是，真是令人感到安心的香味呢。		继续			Assets/Product/Texture/Image/BgStory/BgStory698.jpg		建造	Assets/Product/Texture/Atlas/UiBabelTower/UiBabelTowerIconDetails.png	7	建造	林间营地	在如今这个严峻寒冷的时刻，每当人们被平原上暴虐的风雪侵袭的时候，他们都会不由自主地想起被老松木的香味和温暖的火光所包围的童年。	守林人们搭建起了简陋的营地。
31144	3	31151				[12054]		Assets/Product/Texture/Image/RoleStory/TatianaNormal019.png	塔季扬娜	没想到你也跟我一样住过这种老松木搭成的老屋，看来我们的童年很相似。等下次我们围坐在茶炉边的时候，也跟我讲讲你的故事吧。		继续			Assets/Product/Texture/Image/BgStory/BgStory698.jpg		建造	Assets/Product/Texture/Atlas/UiBabelTower/UiBabelTowerIconDetails.png	7	建造	林间营地	在如今这个严峻寒冷的时刻，每当人们被平原上暴虐的风雪侵袭的时候，他们都会不由自主地想起被老松木的香味和温暖的火光所包围的童年。	守林人们搭建起了简陋的营地。
31145	1	31146						Assets/Product/Texture/Image/RoleStory/TatianaNormal012.png	塔季扬娜	看到这些篝火就让我想起，在我小时候，我的父亲总是不允许我参与守夜……他说，这是大人才需要承担的任务，小孩只需要无忧无虑地一觉睡到天明就好。		继续			Assets/Product/Texture/Image/BgStory/BgStory698.jpg		建造	Assets/Product/Texture/Atlas/UiBabelTower/UiBabelTowerIconDetails.png	7	建造	林间营地	守林人们带来了许多被雪冻得酥脆，一折即断的枯萎木枝。这些木枝都是理想的燃料，以前极地的无数个冬夜里，大家都是这样围在燃烧的篝火边度过的。	守林人们搭建起了简陋的营地。
31146	1	31147						Assets/Product/Texture/Image/UiTheatre4/UiTheatre4RoleLuosaita.png	罗塞塔	那现在呢？		继续			Assets/Product/Texture/Image/BgStory/BgStory698.jpg		建造	Assets/Product/Texture/Atlas/UiBabelTower/UiBabelTowerIconDetails.png	7	建造	林间营地	守林人们带来了许多被雪冻得酥脆，一折即断的枯萎木枝。这些木枝都是理想的燃料，以前极地的无数个冬夜里，大家都是这样围在燃烧的篝火边度过的。	守林人们搭建起了简陋的营地。
31147	3	31151				[12016, 12017, 12018]		Assets/Product/Texture/Image/RoleStory/TatianaNormal018.png	塔季扬娜	现在？你也看到了，我就也不知不觉也成为了那个需要守护别人梦境的大人了。		继续			Assets/Product/Texture/Image/BgStory/BgStory698.jpg		建造	Assets/Product/Texture/Atlas/UiBabelTower/UiBabelTowerIconDetails.png	7	建造	林间营地	守林人们带来了许多被雪冻得酥脆，一折即断的枯萎木枝。这些木枝都是理想的燃料，以前极地的无数个冬夜里，大家都是这样围在燃烧的篝火边度过的。	守林人们搭建起了简陋的营地。
31148	1	31149						Assets/Product/Texture/Image/RoleStory/TatianaNormal017.png	塔季扬娜	状态还不错，看来它们的前主人都保养得很好，那么我就心怀感激地收下了。嗯？这个斧柄上的刻字，莫非……		查看			Assets/Product/Texture/Image/BgStory/BgStory698.jpg		建造	Assets/Product/Texture/Atlas/UiBabelTower/UiBabelTowerIconDetails.png	7	建造	林间营地	进行开垦作业的时候，众人路过积雪比较浅的地方，发现足下的土地比较松动，似是以前有人开垦过。\n\n挖开浅浅的积雪，发现雪底下居然藏着一个老旧的工具箱。	守林人们搭建起了简陋的营地。
31149	1	31150						Assets/Product/Texture/Image/RoleStory/TatianaNormal019.png	塔季扬娜	原来如此……罗塞塔，等我们离开这片冻土的时候，也留下一些工具给后来的人吧。		继续			Assets/Product/Texture/Image/BgStory/BgStory698.jpg		建造	Assets/Product/Texture/Atlas/UiBabelTower/UiBabelTowerIconDetails.png	7	建造	林间营地	塔季扬娜查看了斧柄上刻下的花纹，是一个古老家族的徽记和一行字：给后来的人们。	守林人们搭建起了简陋的营地。
31150	3	31151				[12049]		Assets/Product/Texture/Image/UiTheatre4/UiTheatre4RoleLuosaita.png	罗塞塔	我也正有这个想法。		继续			Assets/Product/Texture/Image/BgStory/BgStory698.jpg		建造	Assets/Product/Texture/Atlas/UiBabelTower/UiBabelTowerIconDetails.png	7	建造	林间营地	塔季扬娜查看了斧柄上刻下的花纹，是一个古老家族的徽记和一行字：给后来的人们。	守林人们搭建起了简陋的营地。
31151	1											离开			Assets/Product/Texture/Image/BgStory/BgStory698.jpg		建造	Assets/Product/Texture/Atlas/UiBabelTower/UiBabelTowerIconDetails.png	7	建造	林间营地	一部分的树木被用作建设房梁，一部分的树枝被燃烧为柴薪。每当入夜之后，松木的清香和鹿肉汤的香味都会一起发出信号，催促结束一日劳作的人们回到营地享用晚餐。\n\n前线营地开始陆续燃起了象征人影回归的灯火，摇曳的火光为躯体驱逐了刺骨的寒意，也温暖了它们曾经被这片冻土冰封起来的心房。	守林人们搭建起了简陋的营地。
31160	1											前往清理					建造	Assets/Product/Texture/Atlas/UiBabelTower/UiBabelTowerIconDetails.png	7	建造	林间营地	随着营地不断扩建，人们逐渐发现了一些埋葬在雪原上的残垣废墟。\n\n被帕弥什感染的工业机械们至今仍在旧时代的城镇里游荡，\n\n肆意屠戮所有不慎踏入这座死城的旅人。	守林人们搭建起了简陋的营地。
31170	1	31171										继续			Assets/Product/Texture/Image/BgStory/Bgstory462.jpg		决策	Assets/Product/Texture/Atlas/UiBabelTower/UiBabelTowerIconDetails.png	7	决策	渔民们请求	边境公社的人陆续都听闻了新苏菲亚城已经开始建设得有模有样的传闻，许多人一开始只是抱着怀疑心态来这边看看，\n\n但是在实际上感受到在此处留下生活会更轻松后，都自愿留了下来，并加入到了新城市的建设中。	城中传来了渔获减产的消息。
31171	1	31172						Assets/Product/Texture/Image/RoleStory/TongyongShihuangzheNormal02.png	瓦列里	很多渔民因为不堪机械角鲸的侵扰，扬言如果再不出面处理，就要放弃捕鱼的工作另谋生路了，因为他们的消极怠工，最近的渔获数量也锐减了不少。		商讨			Assets/Product/Texture/Image/BgStory/Bgstory462.jpg		决策	Assets/Product/Texture/Atlas/UiBabelTower/UiBabelTowerIconDetails.png	7	决策	渔民们请求	人员的扩展原本是一件好事，但是随着人数增多，每个人的顾虑和立场各不一致，城中很快就围绕着职能分配问题起了分歧。	城中传来了渔获减产的消息。
31172	2			31172				Assets/Product/Texture/Image/RoleStory/TongyongShihuangzheNormal02.png	瓦列里	总之……这个问题已经迫在眉睫到了需要我们出面表态的地步了，塔季扬娜，你打算如何处理这件事？		决定			Assets/Product/Texture/Image/BgStory/Bgstory462.jpg		决策	Assets/Product/Texture/Atlas/UiBabelTower/UiBabelTowerIconDetails.png	7	决策	渔民们请求	塔季扬娜先前粗略进行过调研，机械角鲸其实只是偶尔会干扰他们作业，\n\n但是从外地迁移过来的人都非常盲信“机械角鲸会带来不幸”的流言，再加上各种外部因素的叠加，才导致产量锐减。	城中传来了渔获减产的消息。
31173	1	31174						Assets/Product/Texture/Image/RoleStory/TatianaNormal014.png	塔季扬娜	我会尽快去安抚他们，没事的，机械角鲸是散播凶兆象征的这种事已经早被证实只是愚昧的传闻了，只要认真解释，应该就能得到理解。		继续			Assets/Product/Texture/Image/BgStory/Bgstory462.jpg		决策	Assets/Product/Texture/Atlas/UiBabelTower/UiBabelTowerIconDetails.png	7	决策	渔民们请求	为了安抚人们的不安情绪，塔季扬娜只得做出了决定。\n\n突然，一则发生在以前，似乎和当下毫无关联的事情在塔季扬娜的脑海中串联了起来。	城中传来了渔获减产的消息。
31174	3	31175				[12022, 12023, 12024]		Assets/Product/Texture/Image/RoleStory/TatianaNormal019.png	塔季扬娜	但是频繁在城外的冰海上徘徊的机械角鲸确实也打扰了他们正常的渔获，估计他们大多也并不是相信这个传闻，只是因为心怀怨气吧。		继续			Assets/Product/Texture/Image/BgStory/Bgstory462.jpg		决策	Assets/Product/Texture/Atlas/UiBabelTower/UiBabelTowerIconDetails.png	7	决策	渔民们请求	如果说仿生白熊是因为仿生学本能的驱使，才做出袭击仓库的行为，那么机械角鲸不停围着城外的冰海徘徊，是否也是出于同一个理由？\n\n但是这个假设由于太缺少理论支撑，塔季扬娜只是将其当作了一个一闪而过不足挂齿的猜想。	城中传来了渔获减产的消息。
31175	1											离开			Assets/Product/Texture/Image/BgStory/Bgstory462.jpg		决策	Assets/Product/Texture/Atlas/UiBabelTower/UiBabelTowerIconDetails.png	7	决策	渔民们请求	在后勤部众人奔走的努力下，长期被机械角鲸侵扰的渔民们怨气稍有排解，但还是希望边境公社能尽快处理机械角鲸阻碍捕鱼船工作的问题。\n\n但同时，城内也有少部分老年极地原住民表示，角鲸是冰海的守护神，唐突驱逐他们会遭来上天的报复。\n\n看来过不了多久之后，这两派之间的矛盾还是会再次爆发。	城中传来了渔获减产的消息。
31176	1	31177						Assets/Product/Texture/Image/RoleStory/TatianaNormal014.png	塔季扬娜	虽然我也不相信那些陈腐的传闻……但是，为了让他们放心，还是回应他们我们会尽快进行处理吧。		继续			Assets/Product/Texture/Image/BgStory/Bgstory462.jpg		决策	Assets/Product/Texture/Atlas/UiBabelTower/UiBabelTowerIconDetails.png	7	决策	渔民们请求	为了安抚人们的不安情绪，塔季扬娜只得做出了决定。	城中传来了渔获减产的消息。
31177	3	31175				[12022, 12023, 12024]		Assets/Product/Texture/Image/RoleStory/TatianaNormal014.png	塔季扬娜	正如安东诺夫之前说的，大部分人应该也不是因为真正相信这个传闻才选择怠工，大多数人应该只是想要试探我们的态度，想要看到我们表态罢了。		继续			Assets/Product/Texture/Image/BgStory/Bgstory462.jpg		决策	Assets/Product/Texture/Atlas/UiBabelTower/UiBabelTowerIconDetails.png	7	决策	渔民们请求	突然，一则发生在以前，似乎和当下毫无关联的事情在塔季扬娜的脑海中串联了起来。\n\n如果说仿生白熊是因为仿生学本能的驱使，才做出袭击仓库的行为，那么机械角鲸不停围着城外的冰海徘徊，是否也是出于同一个理由？\n\n但是这个假设由于太缺少理论支撑，塔季扬娜只是将其当作了一个一闪而过不足挂齿的猜想。	城中传来了渔获减产的消息。
31185	2			31185				Assets/Product/Texture/Image/RoleStory/IceguideNomal.png	狄安娜	如果增派更多的人手去参与捕猎行动，就能获得更多的回报。但是，考虑到营地不久之前也曾经被感染体侵袭过，留下一定的人手负责守卫也是有必要的。		继续			Assets/Product/Texture/Image/BgStory/Bgstory55.jpg		筹备	Assets/Product/Texture/Atlas/UiBabelTower/UiBabelTowerIconDetails.png	7	筹备	外敌来袭	随着船上带下的补给差不多消耗完毕，营地的规模也在逐渐变大，为了维持正常的食物供给，守林人们建议对林间的野生动物周期性并有节制计划地进行捕猎。\n\n	螳螂捕蝉。
31186	3	31187				[12050]						检查痕迹			Assets/Product/Texture/Image/BgStory/Bgstory55.jpg		筹备	Assets/Product/Texture/Atlas/UiBabelTower/UiBabelTowerIconDetails.png	7	筹备	外敌来袭	雪原围猎行动非常成功，全部人都带着丰硕的成果满载而归，新鲜的肉食不仅填满了人们饥肠辘辘的肚子，在温暖的动物皮毛包裹之下，极地的冬夜好像也变得稍微没那么难熬了。\n\n美中不足之处是，众人回到营地的时候才发现，针对感染体设置的防御措施对仿生动物并没有完全生效，防御屏障只是给它们制造了一些阻拦，但是仿生动物最终还是破坏了仓库大门，并叼走了不少食物扬长而去。	螳螂捕蝉。
31187	1	31192						Assets/Product/Texture/Image/RoleStory/TatianaNormal014.png	塔季扬娜	它们的行动很有规划，只偷走了需要的东西之后便离去了，看来不能将仿生动物和毫无理智的感染体相提并论。		继续追查			Assets/Product/Texture/Image/BgStory/Bgstory55.jpg		筹备	Assets/Product/Texture/Atlas/UiBabelTower/UiBabelTowerIconDetails.png	7	筹备	外敌来袭	仔细调查了地上残留的足印，从印掌大小判断，来袭的应该是白熊型仿生动物。	螳螂捕蝉。
31188	1	31189						Assets/Product/Texture/Image/RoleStory/TongyongShihuangzheNormal02.png	瓦列里	之前听人说过，仿生机械会模仿活体动物的行为习惯，所以我才想用以前驱赶白熊的法子对付它们会不会起效，找了几个人对它们一起大喊大叫。		继续			Assets/Product/Texture/Image/BgStory/Bgstory55.jpg		筹备	Assets/Product/Texture/Atlas/UiBabelTower/UiBabelTowerIconDetails.png	7	筹备	外敌来袭	众人在雪林中围猎了一些兔子和角鹿，虽然数量不多，但是足以应对接下来几周的消耗。\n\n待到返回基地的时候，几个社员急匆匆跑过来迎接，才知道在众人离开的时候，基地仓库被仿生白熊袭击了。	螳螂捕蝉。
31189	3	31192				[12055]		Assets/Product/Texture/Image/RoleStory/TongyongShihuangzheNormal02.png	瓦列里	没想到还真奏效了，那些仿生机械简直跟真正的白熊别无二致，一听到我们威吓的声音，纷纷落荒而逃。		继续			Assets/Product/Texture/Image/BgStory/Bgstory55.jpg		筹备	Assets/Product/Texture/Atlas/UiBabelTower/UiBabelTowerIconDetails.png	7	筹备	外敌来袭	老法子还真奏效了。	螳螂捕蝉。
31190	1	31191										继续			Assets/Product/Texture/Image/BgStory/Bgstory55.jpg		筹备	Assets/Product/Texture/Atlas/UiBabelTower/UiBabelTowerIconDetails.png	7	筹备	外敌来袭	在出行之前的一天，众人给基地附近的大门上装上通电的铁网，设下了警报系统。\n\n果不其然，在捕猎行动进行到一半的途中，便收到了仓库边缘有异常情况的警告。	螳螂捕蝉。
31191	1	31195						Assets/Product/Texture/Image/UiTheatre4/UiTheatre4RoleLuosaita.png	罗塞塔	仓库并没有什么重大损失，来犯者在触碰到电网之后就逃跑了。但是很奇怪，从这个特性判断，它们应该不是没有理性的感染体，而是拥有着痛觉，会趋利避害的生物……		继续			Assets/Product/Texture/Image/BgStory/Bgstory55.jpg		筹备	Assets/Product/Texture/Atlas/UiBabelTower/UiBabelTowerIconDetails.png	7	筹备	外敌来袭	罗塞塔和几个守林人先行了一步，返回基地查看情况，其他人在狩猎完成后也带着战利品回到了基地。	螳螂捕蝉。
31195	3	31192				[12050, 12055]		Assets/Product/Texture/Image/UiTheatre4/UiTheatre4RoleLuosaita.png	罗塞塔	即使极地的帕弥什浓度再低，也应该不适合如此多的大型动物聚居了，所以我猜测，来袭的是极其聪慧，并且高度模仿了活体动物行动模式的仿生机械。		继续			Assets/Product/Texture/Image/BgStory/Bgstory55.jpg		筹备	Assets/Product/Texture/Atlas/UiBabelTower/UiBabelTowerIconDetails.png	7	筹备	外敌来袭	罗塞塔思考了一会，得到了一个最为合理的推断。	
31192	1	31193						Assets/Product/Texture/Image/RoleStory/TatianaNormal016.png	塔季扬娜	真是奇怪，据我所知仿生机械并不需要进食，它们为什么要这样做？		继续			Assets/Product/Texture/Image/BgStory/Bgstory55.jpg		筹备	Assets/Product/Texture/Atlas/UiBabelTower/UiBabelTowerIconDetails.png	7	筹备	外敌来袭	仔细检查仓库地上残留下的痕迹，大家都不约而同地得出了它们应该是冲着里面的食物而来的结论。	螳螂捕蝉。
31193	1	31194						Assets/Product/Texture/Image/RoleStory/IceguideNomal.png	狄安娜	也许是出自仿生本能。我们曾经遇到过一些能说话的仿生机械，它们承认过，如果不按照真正生物的习性行动，就会产生程序错误。		继续			Assets/Product/Texture/Image/BgStory/Bgstory55.jpg		筹备	Assets/Product/Texture/Atlas/UiBabelTower/UiBabelTowerIconDetails.png	7	筹备	外敌来袭	见多识广的守林人们很快就联想起了，她们以前曾经遇见过不少可以对话的仿生动物。\n\n那些机械曾亲口诉说，它们需要按照真正生物的行动规律那样，按时接受日照，或者建造巢穴。	螳螂捕蝉。
31194	1							Assets/Product/Texture/Image/RoleStory/TatianaNormal011.png	塔季扬娜	所以我们辛辛苦苦贮存的粮食，只是它们为了遵守这个本能而随手盗窃的牺牲品吗？太离谱了，到底是谁专门编写出这种程序的……		离开			Assets/Product/Texture/Image/BgStory/Bgstory55.jpg		筹备	Assets/Product/Texture/Atlas/UiBabelTower/UiBabelTowerIconDetails.png	7	筹备	外敌来袭	关于仿生动物为何要大费周章专门来夺取它们不需要的粮食，这个讨论始终未能得出结果，虽然各人心中都有一些推断，但都只是一些未经证伪的猜测。\n\n最终大家还是选择用“运气不好”来定论了这件事。	螳螂捕蝉。
31205	1											迎战					无名凶徒	Assets/Product/Texture/Atlas/UiBabelTower/UiBabelTowerIconDetails.png	7	无名凶徒		有社员回报，营地附近的雪林里藏着一个行踪诡秘，出手狠辣的无名凶徒，\n\n已经严重威胁过路人的生命安全。\n\n为了探清这个凶徒的虚实，巡逻队一行来到了报告中的目击位置。	螳螂捕蝉。
31210	1											迎战					铲除蜂笼	Assets/Product/Texture/Atlas/UiBabelTower/UiBabelTowerIconDetails.png	7	铲除蜂笼		为了给新苏菲亚城开拓出更多可利用区域，巡逻队一行决定深入废墟都市清除掉其中残留的感染体。	螳螂捕蝉。
31220	1	31221										查看附近		1	Assets/Product/Texture/Image/BgStory/BgStory926.jpg		无上之戒	Assets/Product/Texture/Atlas/UiBabelTower/UiBabelTowerIconDetails.png	7	无上之戒		众人感到一股围绕在自己身上的沉重压力尽数消失，像是一个长久以来背负的枷锁突然就被解开了。\n\n塔季扬娜感到掌心传来一股刺痛，低下头，只见那枚神秘的戒指已经裂成碎片，但之前的自己不知为何浑然不觉。紧握的掌心已经被碎片划伤，正在不断流出鲜血。	“我的宝贝！”
31221	1	31222										继续		1	Assets/Product/Texture/Image/BgStory/BgStory926.jpg		无上之戒	Assets/Product/Texture/Atlas/UiBabelTower/UiBabelTowerIconDetails.png	7	无上之戒		众人试图寻找那位神秘骑士的踪迹，但只看到冰湖附近的石板上刻着一个远古的传说：\n\n“切尔纳伯格会对旅者抛出各种诱惑，对贫困之人送赠财宝，对体弱之人送以利剑。意志薄弱者俱被自己的软弱摧毁，唯有真正勇敢诚实之人才能克服诱惑，走向胜利。”	“我的宝贝！”
31222	3					[14006]		Assets/Product/Texture/Image/RoleStory/TatianaNormal011.png	塔季扬娜	难道我们一直以来遇到的真的是……？应该不会吧……		离开		1	Assets/Product/Texture/Image/BgStory/BgStory926.jpg		无上之戒	Assets/Product/Texture/Atlas/UiBabelTower/UiBabelTowerIconDetails.png	7	无上之戒		思索之中，神话的余韵已经悄悄消散于风里，但她们的冒险之旅还尚未结束。	“我的宝贝！”
40001	1	40002										继续			Assets/Product/Texture/Image/BgStory/Bgstory55.jpg		小游戏	Assets/Product/Texture/Atlas/UiBabelTower/UiBabelTowerIconDetails.png	7	小游戏测试	小游戏测试	准备打小游戏	冲冲冲
40002	4	40003			51002							开打			Assets/Product/Texture/Image/BgStory/Bgstory55.jpg		小游戏	Assets/Product/Texture/Atlas/UiBabelTower/UiBabelTowerIconDetails.png	7	小游戏测试	小游戏测试		
40003	2			40003								选择			Assets/Product/Texture/Image/BgStory/Bgstory55.jpg		小游戏	Assets/Product/Texture/Atlas/UiBabelTower/UiBabelTowerIconDetails.png	7	小游戏测试	小游戏测试	打完根据分数领奖励	
40004	3					[12022]						离开			Assets/Product/Texture/Image/BgStory/Bgstory55.jpg		小游戏	Assets/Product/Texture/Atlas/UiBabelTower/UiBabelTowerIconDetails.png	7	小游戏测试	小游戏测试		
40005	3					[12023]						离开			Assets/Product/Texture/Image/BgStory/Bgstory55.jpg		小游戏	Assets/Product/Texture/Atlas/UiBabelTower/UiBabelTowerIconDetails.png	7	小游戏测试	小游戏测试		
40006	3					[12024]						离开			Assets/Product/Texture/Image/BgStory/Bgstory55.jpg		小游戏	Assets/Product/Texture/Atlas/UiBabelTower/UiBabelTowerIconDetails.png	7	小游戏测试	小游戏测试		
60001	1	60002										继续		1	Assets/Product/Texture/Image/BgStory/Bgstory352.jpg		失落白银城	Assets/Product/Texture/Atlas/UiBabelTower/UiBabelTowerIconDetails.png	7	失落白银城		先遣队员带回一条重要情报，他们在雪山深处发现了一座失落的古城，从地理位置和周遭各种信息判断，这座古城极有可能是多年前突然一夜之间销声匿迹的“白银城”。	白银城永远欢迎所有来客
60002	1	60003										继续		1	Assets/Product/Texture/Image/BgStory/Bgstory352.jpg		失落白银城	Assets/Product/Texture/Atlas/UiBabelTower/UiBabelTowerIconDetails.png	7	失落白银城		传说中，白银城的统治者拉比利斯女王在雪山深处发现了一座白银矿脉，银矿为她带来了源源不断的财富，也使得这座城池在几十年来免于遭受战火的侵袭。\n\n但富裕达到了极致的白银城贵族们也逐渐不满足于拉比利斯女王的统治，他们发起了一场叛乱，希望把女王赶下皇座，好独占这笔天赐的财富。	白银城永远欢迎所有来客
60003	1	60004										继续		1	Assets/Product/Texture/Image/BgStory/Bgstory352.jpg		失落白银城	Assets/Product/Texture/Atlas/UiBabelTower/UiBabelTowerIconDetails.png	7	失落白银城		在故事的最后，拉比利斯女王被处死之后，贵族们依然没有停下内斗的步伐，每个人依然在为了能分到多一枚银币而在不断自相残杀。\n\n于是，这座曾经名噪一时的白银城就这样荒废了，无论是生前身份如何显赫的贵族，最终都在自相残杀中变作了一堆白骨被埋葬在尘土瓦砾之下，不见天日，只剩下无数被匆匆遗弃的财宝静待后人去探寻。	白银城永远欢迎所有来客
60004	2			60004								继续		1	Assets/Product/Texture/Image/BgStory/Bgstory352.jpg		失落白银城	Assets/Product/Texture/Atlas/UiBabelTower/UiBabelTowerIconDetails.png	7	失落白银城		听先遣队报告完白银城的前世今生和来龙去脉之后，众人决定……\n\n（提示：白银城内受到拉比利斯女王的诅咒，无法通过作战击杀怪物，只能使用代理作战）	白银城永远欢迎所有来客
60005	1											离开		1	Assets/Product/Texture/Image/BgStory/Bgstory352.jpg		失落白银城	Assets/Product/Texture/Atlas/UiBabelTower/UiBabelTowerIconDetails.png	7	失落白银城		白银城里面埋藏了太多秘密，现在并不是解开它的最好时机。众人将先遣队的这条情报暂时搁置了起来。	白银城永远欢迎所有来客
60006	3	60007				[14034]						继续		1	Assets/Product/Texture/Image/BgStory/Bgstory351.jpg		失落白银城	Assets/Product/Texture/Atlas/UiBabelTower/UiBabelTowerIconDetails.png	7	失落白银城		众人按照先遣队的指引，前往了那座神秘的隐匿古城。\n\n（提示：进入失落的白银城后，受到诅咒的影响，持有的银币数量会变为500）	白银城永远欢迎所有来客
60007	3					[14032]	30017	Assets/Product/Texture/Image/RoleStory/TatianaNormal013.png	塔季扬娜	大家，谨慎地规划在城中探索的顺序吧，只要时间越富裕，我们就能带回越多宝藏。		继续		1	Assets/Product/Texture/Image/BgStory/Bgstory351.jpg		失落白银城	Assets/Product/Texture/Atlas/UiBabelTower/UiBabelTowerIconDetails.png	7	失落白银城		刚走进白银城城门的门廊，便有人在侧翻的石柱下面找到了一个光洁如新的银质护符，看来这座失落之城真如传言所说，处处都是宝藏。	白银城永远欢迎所有来客
60008	2			60008								继续		1	Assets/Product/Texture/Image/BgStory/Bgstory351.jpg		失落白银城	Assets/Product/Texture/Atlas/UiBabelTower/UiBabelTowerIconDetails.png	7	失落白银城		众人已经在白银城内探索了不短的一段时间，携带的物资也逐渐达到各人的负荷能力上限了，也许先撤回营地休息一番是不错的选择。	白银城永远欢迎所有来客
60009	3					[14038, 14039, 14040]	30010					离开		1	Assets/Product/Texture/Image/BgStory/Bgstory351.jpg		失落白银城	Assets/Product/Texture/Atlas/UiBabelTower/UiBabelTowerIconDetails.png	7	失落白银城		众人认为现有的收获已经足够，没必要继续冒险深入了，便带着这些充裕的收获返回了营地。	白银城永远欢迎所有来客
60010	3	60121				[14038, 14039, 14040]	30010					继续		1	Assets/Product/Texture/Image/BgStory/Bgstory351.jpg		失落白银城	Assets/Product/Texture/Atlas/UiBabelTower/UiBabelTowerIconDetails.png	7	失落白银城		往前探索应该能找到更多宝藏，众人都认为不应该错过这个难得的机会。\n\n（提示：继续向前探索时，受到诅咒的影响，持有的银币数量会变为800）	白银城永远欢迎所有来客
60011	2			60011				Assets/Product/Texture/Image/RoleStory/BoerpuNormal05.png	石狮子	只有非常幸运的人类才能听到我的声音……不要错过这个机会。		继续		1	Assets/Product/Texture/Image/BgStory/Bgstory303.png		贪欲之像	Assets/Product/Texture/Atlas/UiBabelTower/UiBabelTowerIconDetails.png	14	贪欲之像		一座陈旧的石狮子雕像拦住了众人的去路。它向人类们提出交易，用人类身上的所有金钱，来交换一个巨大的奖赏。	放弃方为拥有。\n\n（提示：触发后当前持有银币数量翻倍）
60012	1	60013						Assets/Product/Texture/Image/RoleStory/BoerpuNormal05.png	石狮子	吼……没想到竟然有人类能克服贪欲的诱惑。拿去吧，这是你们应得的。		继续		1	Assets/Product/Texture/Image/BgStory/Bgstory303.png		贪欲之像	Assets/Product/Texture/Atlas/UiBabelTower/UiBabelTowerIconDetails.png	14	贪欲之像		塔季扬娜按照石狮子的吩咐，将所有银币倒进了它的血盘大口之中。	放弃方为拥有。
60013	1							Assets/Product/Texture/Image/RoleStory/BoerpuNormal05.png	石狮子	…………		继续		1	Assets/Product/Texture/Image/BgStory/Bgstory303.png		贪欲之像	Assets/Product/Texture/Atlas/UiBabelTower/UiBabelTowerIconDetails.png	14	贪欲之像		过了片刻之后，大量的闪烁银币从对面的另一座石狮子口中如瀑布般倾泻了出来，而这座石狮子已经彻底沉默。	放弃方为拥有。
60014	1											继续		1	Assets/Product/Texture/Image/BgStory/Bgstory303.png		贪欲之像	Assets/Product/Texture/Atlas/UiBabelTower/UiBabelTowerIconDetails.png	14	贪欲之像		众人没有搭理这座诡异的雕像，可能这只是某个恶作剧而已吧。	放弃方为拥有。
60015	1	60016										继续		1	Assets/Product/Texture/Image/BgStory/BgStory708.jpg		狂妄之臣	Assets/Product/Texture/Atlas/UiBabelTower/UiBabelTowerIconDetails.png	15	狂妄之臣		路过幽暗的花园庭廊之时，一个面色苍白的老人从树影中现身，向众人伸出了手掌。他要求你们把身上的银币全部交给他，作为回报，他承诺会让你们当上他最信任的家臣。	欲望永无饱足之日。\n\n（提示：触发后当前持有银币数量减半）
60016	2			60016				Assets/Product/Texture/Image/RoleStory/V220lsNormal03.png	不知名的老者	还不能满足……不能到此为止，我必须成为白银城内最显赫的贵族。		继续		1	Assets/Product/Texture/Image/BgStory/BgStory708.jpg		狂妄之臣	Assets/Product/Texture/Atlas/UiBabelTower/UiBabelTowerIconDetails.png	15	狂妄之臣		老人的脸容苍白得有如死者一般，言行也相当恢诡谲怪，这次邂逅怎么看都不是一场正常的攀谈。众人当下便作出了逃跑的决定。	欲望永无饱足之日。
60017	1	60018						Assets/Product/Texture/Image/RoleStory/V220lsNormal03.png	不知名的老者	呵呵呵……你们逃不掉的！这座城池也好，你们也好，都必须是我的囊中之物！		继续		1	Assets/Product/Texture/Image/BgStory/BgStory708.jpg		狂妄之臣	Assets/Product/Texture/Atlas/UiBabelTower/UiBabelTowerIconDetails.png	15	狂妄之臣		老人的声音有如从地底传来的回响一般，始终久久不散地缠绕在众人身后。	欲望永无饱足之日。
60018	1											继续		1	Assets/Product/Texture/Image/BgStory/BgStory708.jpg		狂妄之臣	Assets/Product/Texture/Atlas/UiBabelTower/UiBabelTowerIconDetails.png	15	狂妄之臣		待众人跑到艳阳普照的空地之后，才发现那股声音不知何时就消失了。有人搜索了一下物资袋，发出了一声惊呼，原来物资袋里的银币不知不觉间居然凭空蒸发了一半。	欲望永无饱足之日。
60019	2			60019				Assets/Product/Texture/Image/RoleStory/V2170smanNormal03.png	恶德骑士	保卫女王是我的责任……当然，只要价格合适的话，我也可以假装你们没有出现过。		继续		1	Assets/Product/Texture/Image/BgStory/BgStory708.jpg		恶德骑士	Assets/Product/Texture/Atlas/UiBabelTower/UiBabelTowerIconDetails.png	13	恶德骑士		一具老旧的骑士铠甲挡在了门前。铠甲里面传出了一把空洞而执念的声音，要求来访者支付一百枚银币作为过路财。	邪念来源于诱惑。\n\n（提示：触发后当前持有银币数量-100）
60020	1							Assets/Product/Texture/Image/RoleStory/V2170smanNormal03.png	恶德骑士	原来如此……拉比利斯，这也是你的诅咒么……		继续		1	Assets/Product/Texture/Image/BgStory/BgStory708.jpg		恶德骑士	Assets/Product/Texture/Atlas/UiBabelTower/UiBabelTowerIconDetails.png	13	恶德骑士		塔季扬娜把银币放到了铠甲的手上，银币落在手甲上发出清脆响声的那一瞬间，那具老旧的铠甲马上应声倒下，化作一摊铁屑倒在了门前。	邪念来源于诱惑。
60021	2			60021				Assets/Product/Texture/Image/RoleStory/V2140ysNormal02.png	守墓少女	白银城的诅咒已经延续了太久了，请你们给予拉比利斯大人解脱吧。		继续		1	Assets/Product/Texture/Image/BgStory/Bgstory300.png		守墓少女	Assets/Product/Texture/Atlas/UiBabelTower/UiBabelTowerIconDetails.png	12	守墓少女		众人经过一座虽然老旧但是依然被精心打理着的坟墓，守墓少女给路过的旅人们送上了一些简单的礼物。	此处是一个珍贵的歇足点。\n\n（提示：触发后当前持有银币数量+100）
60022	1							Assets/Product/Texture/Image/RoleStory/V2140ysNormal02.png	守墓少女	如此便好……希望贪欲之像不要再吞噬更多的过路者了。旅人们，路上千万不能相信任何的诱惑，希望你们能顺利离开这里。		继续		1	Assets/Product/Texture/Image/BgStory/Bgstory300.png		守墓少女	Assets/Product/Texture/Atlas/UiBabelTower/UiBabelTowerIconDetails.png	12	守墓少女		塔季扬娜收下了守墓少女的馈赠，少女发出了一声喜悦的叹息，给他们再送上了一个忠告。	此处是一个珍贵的歇足点。
60023	1							Assets/Product/Texture/Image/RoleStory/V2140ysNormal02.png	守墓少女	拒绝……么，原来如此，难怪你们不会被贪欲之像战胜。请继续前进吧，看来你们已经早就得到了更为有力的武器了。		继续		1	Assets/Product/Texture/Image/BgStory/Bgstory300.png		守墓少女	Assets/Product/Texture/Atlas/UiBabelTower/UiBabelTowerIconDetails.png	12	守墓少女		守墓少女向众人深深鞠了一躬，然后走回了林中。	此处是一个珍贵的歇足点。
60024	1			60024								继续		1	Assets/Product/Texture/Image/BgStory/Bgstory304.png		失落白银城	Assets/Product/Texture/Atlas/UiBabelTower/UiBabelTowerIconDetails.png	7	失落白银城		众人来到了白银城的最深处，早就空落已久的王座上端坐着一具披着褪色皇服的枯骨，但讽刺的是，落满灰尘的枯骨的头上依然稳当当地戴着纯银打造的皇冠。	白银城永远欢迎所有来客
60025	1							Assets/Product/Texture/Image/RoleStory/TatianaNormal014.png	塔季扬娜	他应该不是传说中的拉比利斯女王，我们继续往前探索吧。		继续		1	Assets/Product/Texture/Image/BgStory/Bgstory304.png		失落白银城	Assets/Product/Texture/Atlas/UiBabelTower/UiBabelTowerIconDetails.png	7	失落白银城		塔季扬娜检查了一下那具遗骸，得出了两个结论。一，这具枯骨是男性，二，枯骨的表面呈现出奇特的暗绿之色，应该是因为服毒而死的。	白银城永远欢迎所有来客
60026	1	60027										继续		1	Assets/Product/Texture/Image/BgStory/Bgstory304.png		失落白银城	Assets/Product/Texture/Atlas/UiBabelTower/UiBabelTowerIconDetails.png	7	失落白银城		往破落的王城深处再走了一段路，众人终于看到了围绕在白银城内的“诅咒”的真面目——在废墟的深处，至今回荡着一位早已被感染的构造体。	白银城永远欢迎所有来客
60027	1	60028										继续		1	Assets/Product/Texture/Image/BgStory/Bgstory304.png		失落白银城	Assets/Product/Texture/Atlas/UiBabelTower/UiBabelTowerIconDetails.png	7	失落白银城		她在很久之前流落到白银城，并在长久的岁月里阴差阳错地阅读了拉比利斯女王的临终遗言，理解到了白银城是如何一步步走向破灭的。	白银城永远欢迎所有来客
60028	1	60029						Assets/Product/Texture/Image/RoleStory/TifaTheatre303.png	“拉比利斯”	我做错了什么？我赐予了你们丰饶，赐予了你们取之不尽的财富，赐予你们食之不竭的食物……你们却为了更多的银币而砍下我的头颅！		继续		1	Assets/Product/Texture/Image/BgStory/Bgstory304.png		失落白银城	Assets/Product/Texture/Atlas/UiBabelTower/UiBabelTowerIconDetails.png	7	失落白银城		于是，意识已经错乱的这位感染体将自己认作了“拉比利斯”，并将这种感同身受的怨恨植入到了自己的意识海之中，操纵着其他已感染的机械体以“贪欲之像”为名，屠杀那些试图带走白银城财富的过路客。	白银城永远欢迎所有来客
60029	1							Assets/Product/Texture/Image/RoleStory/TifaTheatre303.png	“拉比利斯”	那就让我来吞噬你们的贪欲，来赐予你们应有的报应和破灭！白银城，永远不会落在你们手上——！		继续		1	Assets/Product/Texture/Image/BgStory/Bgstory304.png		失落白银城	Assets/Product/Texture/Atlas/UiBabelTower/UiBabelTowerIconDetails.png	7	失落白银城		那位构造体的意识已经彻底被污染，再无谈判的可能，大战在所难免。	白银城永远欢迎所有来客
60030	1	60031										继续		1	Assets/Product/Texture/Image/BgStory/Bgstory304.png		失落白银城	Assets/Product/Texture/Atlas/UiBabelTower/UiBabelTowerIconDetails.png	7	失落白银城		感染体的核心已被破坏，她这段过于长久而罪恶的生命也即将走到尽头。	白银城永远欢迎所有来客
60031	2			60031				Assets/Product/Texture/Image/RoleStory/TifaTheatre303.png	“拉比利斯”	因为世间曾待我不公，所以我要报复这个不公的世道……我这么想，难道有错吗？		继续		1	Assets/Product/Texture/Image/BgStory/Bgstory304.png		失落白银城	Assets/Product/Texture/Atlas/UiBabelTower/UiBabelTowerIconDetails.png	7	失落白银城		在核心即将停止跳动前的几分钟，她的意识海似是有所清明。她躺在荒芜的废墟中间，望着头上高悬的烈日，问了众人最后一个问题。	白银城永远欢迎所有来客
60032	3	60033				[14050, 14051, 14052]	30012	Assets/Product/Texture/Image/RoleStory/TatianaNormal014.png	塔季扬娜	……这个问题，估计只有真正的“拉比利斯女王”才能回答吧。		继续		1	Assets/Product/Texture/Image/BgStory/Bgstory304.png		失落白银城	Assets/Product/Texture/Atlas/UiBabelTower/UiBabelTowerIconDetails.png	7	失落白银城		但她没有等来回答，眸子中便失去了光芒。	白银城永远欢迎所有来客
60033	1	60130										继续		1	Assets/Product/Texture/Image/BgStory/Bgstory304.png		失落白银城	Assets/Product/Texture/Atlas/UiBabelTower/UiBabelTowerIconDetails.png	7	失落白银城		众人将那具被感染的构造体安葬之后，将“诅咒”的真相告知了守墓少女，并且把剩余的一些银币交给了她，便离开了这座失落的城池。	白银城永远欢迎所有来客
60034	1	60036										继续		1	Assets/Product/Texture/Image/BgStory/Bgstory218.png		凛风山谷	Assets/Product/Texture/Atlas/UiBabelTower/UiBabelTowerIconDetails.png	7	凛风山谷		众人路过一个狭窄的山谷，只见山谷入口旁边放置着一块石碑，上面用极地古文字刻着一句简单的谚语：\n“勇者敢于挑战无人之径。”	勇者敢于挑战无人之径。
60035	1											继续		1	Assets/Product/Texture/Image/BgStory/Bgstory218.png		凛风山谷	Assets/Product/Texture/Atlas/UiBabelTower/UiBabelTowerIconDetails.png	7	凛风山谷		“勇者敢于挑战无人之径。”	勇者敢于挑战无人之径。
60036	1	60037										继续		1	Assets/Product/Texture/Image/BgStory/Bgstory218.png		凛风山谷	Assets/Product/Texture/Atlas/UiBabelTower/UiBabelTowerIconDetails.png	7	凛风山谷		众人想起一个古老的传说，在遥远的从前，极地先民会将部落里的青年送往这个峡谷进行试炼，唯有顺利走出山谷的人才会得到部落的认可，从而成为真正的勇士。	勇者敢于挑战无人之径。
60037	2			60037								继续		1	Assets/Product/Texture/Image/BgStory/Bgstory218.png		凛风山谷	Assets/Product/Texture/Atlas/UiBabelTower/UiBabelTowerIconDetails.png	7	凛风山谷		山谷中似乎还遗留着不少极地先民的物件和线索，探寻一番的话应该会大有收获，是否要进入凛风山谷？\n\n（提示：山谷内挑战难度较高，且不能通过普通战斗击杀敌人，请在谨慎评估后进行抉择。）	勇者敢于挑战无人之径。
60038	1											离开		1	Assets/Product/Texture/Image/BgStory/Bgstory218.png		凛风山谷	Assets/Product/Texture/Atlas/UiBabelTower/UiBabelTowerIconDetails.png	7	凛风山谷		现在感觉并不是进行挑战的好时机，还是等日后从长再议吧。	勇者敢于挑战无人之径。
60039	3	60058				[14033]						前进		1	Assets/Product/Texture/Image/BgStory/Bgstory218.png		凛风山谷	Assets/Product/Texture/Atlas/UiBabelTower/UiBabelTowerIconDetails.png	7	凛风山谷		众人谨慎地进入了这座古老的山谷。	勇者敢于挑战无人之径。
60040	1	60041										继续		1	Assets/Product/Texture/Image/BgStory/Bgstory218.png		凛风山谷	Assets/Product/Texture/Atlas/UiBabelTower/UiBabelTowerIconDetails.png	7	凛风山谷		众人继续前进了一段路程，窄长的山谷内刮起的暴风越加凛冽，仿佛是要把来访的冒险者推出这座古老的试炼所。	勇者敢于挑战无人之径。
60041	2			60041				Assets/Product/Texture/Image/RoleStory/TatianaNormal013.png	塔季扬娜	接下来的考验恐怕只会更严峻，大家都准备好了吗？		继续		1	Assets/Product/Texture/Image/BgStory/Bgstory218.png		凛风山谷	Assets/Product/Texture/Atlas/UiBabelTower/UiBabelTowerIconDetails.png	7	凛风山谷		但众人也在凛风山谷内发现了更多的先民遗留物资，如果能继续往前探索的话，估计还会有更多发现。	勇者敢于挑战无人之径。
60042	3					[14038, 14053, 14054]	30013					离开		1	Assets/Product/Texture/Image/BgStory/Bgstory218.png		凛风山谷	Assets/Product/Texture/Atlas/UiBabelTower/UiBabelTowerIconDetails.png	7	凛风山谷		今天的收获已经足够了，众人决定带着已经收集到的物资就此返回。	勇者敢于挑战无人之径。
60043	2			60043								继续		1	Assets/Product/Texture/Image/BgStory/BgStory576.jpg		凛风山谷	Assets/Product/Texture/Atlas/UiBabelTower/UiBabelTowerIconDetails.png	7	凛风山谷		众人跳入了一个陡峭的雪洞，映入眼帘中的是一片覆盖着雪霜的怪石嶙峋之姿，前方地势越发凶险和狭隘，而退路已经被雪崖隔断，走到此处之后看来已经不能再回头了。	勇者敢于挑战无人之径。
60044	2			60044			30022	Assets/Product/Texture/Image/RoleStory/TatianaNormal014.png	塔季扬娜	……特意挂在这么显眼的地方，是希望后来者将这条项链带回给自己的家人吗。		继续		1	Assets/Product/Texture/Image/BgStory/BgStory576.jpg		凛风山谷	Assets/Product/Texture/Atlas/UiBabelTower/UiBabelTowerIconDetails.png	7	凛风山谷		塔季扬娜捡起一条挂在石棱柱上的古老项链，看来是以前曾有人抵达过这里，挂上了这条项链之后，但是没能再来取走它。\n（提示：进入山谷后，受到环境的影响，<color=#DC143C>持有的施工许可数量会变为22</color>）	勇者敢于挑战无人之径。
60045	3					[14046, 14058, 14059]	30014					继续探索		1	Assets/Product/Texture/Image/BgStory/BgStory576.jpg		凛风山谷	Assets/Product/Texture/Atlas/UiBabelTower/UiBabelTowerIconDetails.png	7	凛风山谷		她慎重地取下了这条项链，将它挂在自己的胸前，然后继续往更深处进发了。	勇者敢于挑战无人之径。
60046	1	60047										继续		1	Assets/Product/Texture/Image/BgStory/Bgstory215.png		凛风山谷	Assets/Product/Texture/Atlas/UiBabelTower/UiBabelTowerIconDetails.png	7	凛风山谷		走出雪洞后，众人在洞穴出口前发现了一座简陋的松木小屋，小屋的门前用极地古文字写着一串寄语：	勇者敢于挑战无人之径。
60047	3											继续		1	Assets/Product/Texture/Image/BgStory/Bgstory215.png		凛风山谷	Assets/Product/Texture/Atlas/UiBabelTower/UiBabelTowerIconDetails.png	7	凛风山谷		“勇士们，在此暂歇一晚，然后迎接真正的试炼吧”。	勇者敢于挑战无人之径。
60048	1	60049										继续		1	Assets/Product/Texture/Image/BgStory/Bgstory215.png		凛风山谷	Assets/Product/Texture/Atlas/UiBabelTower/UiBabelTowerIconDetails.png	7	凛风山谷		凛风山谷的出口近在眼前，但是众人却一直没有遇到铭文上所写的“试炼”。一路上只发现了些许疑似是试炼一环的机关装置，但是都已经久疏打理，早就毁坏得不能再运转。	勇者敢于挑战无人之径。
60049	1	60050										继续		1	Assets/Product/Texture/Image/BgStory/Bgstory215.png		凛风山谷	Assets/Product/Texture/Atlas/UiBabelTower/UiBabelTowerIconDetails.png	7	凛风山谷		众人正奇怪这是怎么一回事，山谷两边顶上突然冲下来大批感染体，看来早就埋伏已久，只等他们接近出口的狭窄路段的时候，就一起从天而降发起围攻。	勇者敢于挑战无人之径。
60050	1							Assets/Product/Texture/Image/RoleStory/TatianaNormal013.png	塔季扬娜	正想着你们会什么时候登场呢，久等了，我这边可是已经等到不耐烦了！		继续		1	Assets/Product/Texture/Image/BgStory/Bgstory215.png		凛风山谷	Assets/Product/Texture/Atlas/UiBabelTower/UiBabelTowerIconDetails.png	7	凛风山谷		面对大批感染体的围攻，塔季扬娜镇定地让众人躲到后方，组成防御阵势。	勇者敢于挑战无人之径。
60051	1	60052										继续		1	Assets/Product/Texture/Image/BgStory/Bgstory215.png		凛风山谷	Assets/Product/Texture/Atlas/UiBabelTower/UiBabelTowerIconDetails.png	7	凛风山谷		将潜伏的感染体都解决后，有人在清理战场的时候发出了一声惊呼。\n\n塔季扬娜赶到传出惊呼的那个位置，发现某个感染体背后插着一柄破旧的长枪，而长枪的装饰风格和他们路上拾到的那条项链完全一致。	勇者敢于挑战无人之径。
60052	1	60053										继续		1	Assets/Product/Texture/Image/BgStory/Bgstory215.png		凛风山谷	Assets/Product/Texture/Atlas/UiBabelTower/UiBabelTowerIconDetails.png	7	凛风山谷		拔出那柄极地先民装饰风格的长枪，只见柄上沾着无数已经变得暗淡的斑驳血迹，和一枚老旧的血色手印，看来是有人在临终前奋死一搏将它插进了感染体的躯壳内。	勇者敢于挑战无人之径。
60053	1	60054										继续		1	Assets/Product/Texture/Image/BgStory/Bgstory215.png		凛风山谷	Assets/Product/Texture/Atlas/UiBabelTower/UiBabelTowerIconDetails.png	7	凛风山谷		结合一路上的所见所闻，众人很快就得出了一个推测结论：这里曾是极地先民进行试炼的场所，并有几个人在此担任类似试炼官的职位，一路上所见的破碎机关装置便是他们所建的。	勇者敢于挑战无人之径。
60054	1	60055										继续		1	Assets/Product/Texture/Image/BgStory/Bgstory215.png		凛风山谷	Assets/Product/Texture/Atlas/UiBabelTower/UiBabelTowerIconDetails.png	7	凛风山谷		但在数十年前，帕弥什爆发，无数感染体冲进了这座凛风山谷，为了不让感染体外泄，担任试炼官的几位先民在这里和感染体进行了殊死之战。	勇者敢于挑战无人之径。
60055	2			60055				Assets/Product/Texture/Image/RoleStory/TatianaNormal017.png	塔季扬娜	“勇者敢于挑战无人之径”吗……这么看来，他们确实都无愧于勇者之名。		继续		1	Assets/Product/Texture/Image/BgStory/Bgstory215.png		凛风山谷	Assets/Product/Texture/Atlas/UiBabelTower/UiBabelTowerIconDetails.png	7	凛风山谷		这场战斗的结果无需赘述，于是，从此之后凛风山谷便被废弃了，在四季流转的风雪腐蚀下变成了一座沉默的墓碑。	勇者敢于挑战无人之径。
60056	3	60130				[14050, 14061, 14062]						继续		1	Assets/Product/Texture/Image/BgStory/Bgstory215.png		凛风山谷	Assets/Product/Texture/Atlas/UiBabelTower/UiBabelTowerIconDetails.png	7	凛风山谷		众人慎重地将那柄已经折断的长枪竖立在了山谷的最高峰上，并在枪尖上挂上了那串古老的项链。从此之后，每次凛风吹过，山谷内都回荡着那来自昔日的回响。\n\n返回新苏菲亚城之后，众人听闻了他们离开的那段日子里面，城中即将召开一场意义重大的表决大会的消息。	勇者敢于挑战无人之径。
60057	2			60057		[14038, 14053, 14054]	30021					继续前进		1	Assets/Product/Texture/Image/BgStory/Bgstory218.png		凛风山谷	Assets/Product/Texture/Atlas/UiBabelTower/UiBabelTowerIconDetails.png	7	凛风山谷		众人决定继续向山谷深处进发。\n（提示：进入山谷后，受到环境的影响，<color=#DC143C>持有的施工许可数量会变为21</color>）	勇者敢于挑战无人之径。
60058	3						30019	Assets/Product/Texture/Image/RoleStory/TatianaNormal014.png	塔季扬娜	这把弓还能使用，我们带走吧。		前进		1	Assets/Product/Texture/Image/BgStory/Bgstory218.png		凛风山谷	Assets/Product/Texture/Atlas/UiBabelTower/UiBabelTowerIconDetails.png	7	凛风山谷		顺着前人开拓而成的小径前进后不久，众人便发现了一把极地先民遗弃在地上的狩猎弓。\n（提示：进入山谷后，受到环境的影响，<color=#DC143C>持有的施工许可数量会变为15</color>）	勇者敢于挑战无人之径。
60059	1	60060										继续			Assets/Product/Texture/Image/BgStory/BgStory699.jpg		极地复兴计划	Assets/Product/Texture/Atlas/UiBabelTower/UiBabelTowerIconDetails.png	7	极地复兴计划		在雪原四处奔走的过程中，众人结识了一个衣衫褴褛但依然精神抖擞的旅行商人。他自称是为了复兴极地才四处旅行的，想要通过发展经济，改变极地如今的颓势。	一起来复兴我们的家园吧！
60060	1	60061						Assets/Product/Texture/Image/RoleStory/IcesailorNormal02.png	旅行商人	亲爱的同胞们，请相信我，只需要一笔很小的投资，我就能还给你们物超所值的回报。		继续			Assets/Product/Texture/Image/BgStory/BgStory699.jpg		极地复兴计划	Assets/Product/Texture/Atlas/UiBabelTower/UiBabelTowerIconDetails.png	7	极地复兴计划		但路过的人都明显并不相信他这个理想得有点稚嫩的说辞，这位商人在空地上慷概激昂地演说了几小时，都无人主动搭理他。	一起来复兴我们的家园吧！
60061	2			60061				Assets/Product/Texture/Image/RoleStory/IcesailorNormal02.png	旅行商人	相信我的战略眼光吧！只要我们联手，一定就能复兴极地的昔日繁荣！		继续			Assets/Product/Texture/Image/BgStory/BgStory699.jpg		极地复兴计划	Assets/Product/Texture/Atlas/UiBabelTower/UiBabelTowerIconDetails.png	7	极地复兴计划		从这真挚动人的讲述听来，商人应该并非存心行骗的骗子。但他这个宏伟的梦想，真的能这么简单实现吗？	一起来复兴我们的家园吧！
60062	1	60063						Assets/Product/Texture/Image/RoleStory/IcesailorNormal02.png	旅行商人	天啊，极地复兴计划终于有第一个资助人了！为了证明我所言不虚，我会给予你们物超所值的回报。		继续			Assets/Product/Texture/Image/BgStory/BgStory699.jpg		极地复兴计划	Assets/Product/Texture/Atlas/UiBabelTower/UiBabelTowerIconDetails.png	7	极地复兴计划		众人给这位商人提供了一些资助，他的眼中闪烁着惊喜的愉悦光芒。\n\n他郑重地接过了这笔资助，并对你们解释，极地公社是第一批对他提供帮助的客人，他会把一些价值最高的资源给予你们作为回报。	一起来复兴我们的家园吧！
60063	2			60063				Assets/Product/Texture/Image/RoleStory/IcesailorNormal02.png	旅行商人	这笔钱确实足以完成一次走商了，但如果你愿意的话，可以资助我到大西洋那边走一趟，那边的稀有物资更多。		继续			Assets/Product/Texture/Image/BgStory/BgStory699.jpg		极地复兴计划	Assets/Product/Texture/Atlas/UiBabelTower/UiBabelTowerIconDetails.png	7	极地复兴计划		但在收下了这笔资助之后，他还未离开，似乎是还有话要讲。酝酿片刻之后，商人再次自信地向大家解释，只需要一笔小额的追加资助，他就能带来更大的收益。	一起来复兴我们的家园吧！
60064	1	60065						Assets/Product/Texture/Image/RoleStory/IcesailorNormal02.png	旅行商人	……谢谢你们对我的信任！放心，我一定不会让你们失望的。		继续			Assets/Product/Texture/Image/BgStory/BgStory699.jpg		极地复兴计划	Assets/Product/Texture/Atlas/UiBabelTower/UiBabelTowerIconDetails.png	7	极地复兴计划		俗话有云，帮人帮到底，公社成员们再次为他准备了一笔路费。	一起来复兴我们的家园吧！
60065	1	60066						Assets/Product/Texture/Image/RoleStory/IcesailorNormal02.png	旅行商人	暂别了朋友们，我出发了！等我带着好消息回来吧！		继续			Assets/Product/Texture/Image/BgStory/BgStory699.jpg		极地复兴计划	Assets/Product/Texture/Atlas/UiBabelTower/UiBabelTowerIconDetails.png	7	极地复兴计划		为了感谢众人对他的信任，他将另一批稀有的物资作为回报送赠给了公社，然后再次踏上了旅途。	一起来复兴我们的家园吧！
60066	1											继续			Assets/Product/Texture/Image/BgStory/BgStory699.jpg		极地复兴计划	Assets/Product/Texture/Atlas/UiBabelTower/UiBabelTowerIconDetails.png	7	极地复兴计划		似乎在一段时间之后，这位商人就会带着新的货物归来，若果以后再在雪原上碰到他，就主动和他打招呼吧。	一起来复兴我们的家园吧！
60067	1	60068						Assets/Product/Texture/Image/RoleStory/IcesailorNormal02.png	旅行商人	没事，我理解在这里轻易对别人付出信任并不是易事。但是我的货确实是这一带最好的，要是改变主意了，别忘了回来找我。		继续			Assets/Product/Texture/Image/BgStory/BgStory699.jpg		极地复兴计划	Assets/Product/Texture/Atlas/UiBabelTower/UiBabelTowerIconDetails.png	7	极地复兴计划		众人拒绝了他的提议，旅行商人的表情瞬间有些失望，但是他很快就调整好了自己，对众人露出了自信的微笑。	一起来复兴我们的家园吧！
60068	2			60068				Assets/Product/Texture/Image/RoleStory/IcesailorNormal02.png	旅行商人	再见。		继续			Assets/Product/Texture/Image/BgStory/BgStory699.jpg		极地复兴计划	Assets/Product/Texture/Atlas/UiBabelTower/UiBabelTowerIconDetails.png	7	极地复兴计划		下一个城镇离这里很远，应该很长一段时间没有补给点了，放任他就这样在暴雪中离开似乎不是一个好主意。真的决定不再挽留这位商人了吗？	一起来复兴我们的家园吧！
60069	1	60065										继续			Assets/Product/Texture/Image/BgStory/BgStory699.jpg		极地复兴计划	Assets/Product/Texture/Atlas/UiBabelTower/UiBabelTowerIconDetails.png	7	极地复兴计划		众人一番商讨之后，最终还是决定相信这位商人的提议。	一起来复兴我们的家园吧！
60070	1											继续			Assets/Product/Texture/Image/BgStory/BgStory699.jpg		极地复兴计划	Assets/Product/Texture/Atlas/UiBabelTower/UiBabelTowerIconDetails.png	7	极地复兴计划		那位旅行商人离开了，从此之后没人再听闻过他的消息。	一起来复兴我们的家园吧！
60071	2			60071				Assets/Product/Texture/Image/RoleStory/IcesailorNormal02.png	旅行商人	好久不见，客人们，前段时间受你们照顾了！这次我从大西洋那边带回来了一些物资，为了答谢你们之前的帮助，这些物资都给你们优先挑选！		继续			Assets/Product/Texture/Image/BgStory/BgStory699.jpg		极地复兴计划	Assets/Product/Texture/Atlas/UiBabelTower/UiBabelTowerIconDetails.png	7	极地复兴计划		从山顶上远远望去，众人又在雪原上碰到了那个熟悉的身影。	一起来复兴我们的家园吧！
60072	1	60073										继续			Assets/Product/Texture/Image/BgStory/BgStory699.jpg		极地复兴计划	Assets/Product/Texture/Atlas/UiBabelTower/UiBabelTowerIconDetails.png	7	极地复兴计划		为了答谢公社之前的帮助，商人把琳琅满目的物资都铺到地上，供众人随意挑选。如他所说的那样，这些确实都是一些外面极难获得的物资。	一起来复兴我们的家园吧！
60073	2			60073				Assets/Product/Texture/Image/RoleStory/IcesailorNormal02.png	旅行商人	装在这里面的都是好货，不过……这些物资获取难度很大，就不能免费送赠了。不过放心，我一定会给你们一个公道价。		继续			Assets/Product/Texture/Image/BgStory/BgStory699.jpg		极地复兴计划	Assets/Product/Texture/Atlas/UiBabelTower/UiBabelTowerIconDetails.png	7	极地复兴计划		交易结束后，商人又神秘兮兮地拿出了另一个大袋子，沉甸甸的布袋里面装满了他平时不会展示给普通顾客的珍稀物品。	一起来复兴我们的家园吧！
60074	1	60075										继续			Assets/Product/Texture/Image/BgStory/BgStory699.jpg		极地复兴计划	Assets/Product/Texture/Atlas/UiBabelTower/UiBabelTowerIconDetails.png	7	极地复兴计划		公社成员们再次跟旅行商人进行了交易，正如他所说的那样，这些确实都是别处难寻的好货。	一起来复兴我们的家园吧！
60075	1							Assets/Product/Texture/Image/RoleStory/IcesailorNormal02.png	旅行商人	再次感谢你们的照顾，我要继续去下一个村落了，以后有缘再会！		继续			Assets/Product/Texture/Image/BgStory/BgStory699.jpg		极地复兴计划	Assets/Product/Texture/Atlas/UiBabelTower/UiBabelTowerIconDetails.png	7	极地复兴计划		交易完毕之后，旅行商人再次背起了行囊，往下一个聚居点继续进发了。	一起来复兴我们的家园吧！
60076	1							Assets/Product/Texture/Image/RoleStory/IcesailorNormal02.png	旅行商人	噢！没关系，我明白的，确实也会有什么都不需要的时候。那么客人们，我们以后有缘再会！		继续			Assets/Product/Texture/Image/BgStory/BgStory699.jpg		极地复兴计划	Assets/Product/Texture/Atlas/UiBabelTower/UiBabelTowerIconDetails.png	7	极地复兴计划		旅行商人再次背起了行囊，和众人道别后，往下一个聚居点继续进发了。	一起来复兴我们的家园吧！
60077	1	60078										继续			Assets/Product/Texture/Image/BgStory/BgStory699.jpg		极地复兴计划	Assets/Product/Texture/Atlas/UiBabelTower/UiBabelTowerIconDetails.png	7	极地复兴计划		在某个破败的雪境小镇里面，众人又跟这个旅行商人碰面了。但和前几次不同的是，这次他身边簇拥着一群小孩，而那些孩子似乎都和他关系十分亲密。	一起来复兴我们的家园吧！
60078	1	60079						Assets/Product/Texture/Image/RoleStory/IcesailorNormal02.png	旅行商人	其实，我一直那么努力地筹钱，就是希望能为这些小孩建立一座能受教育的设施。当学生有了见识，就能成为我的帮手，也能教导别的人，这样一来，总有一天极地就能完成复兴。		继续			Assets/Product/Texture/Image/BgStory/Bgstory55.jpg		极地复兴计划	Assets/Product/Texture/Atlas/UiBabelTower/UiBabelTowerIconDetails.png	7	极地复兴计划		见到是公社的人来访，商人热情地接待了大家，并且第一次向众人讲起了他之前一直四处奔走筹集资金的理由。	一起来复兴我们的家园吧！
60079	1	60080						Assets/Product/Texture/Image/RoleStory/TatianaNormal014.png	塔季扬娜	当拥有知识的人越多，知识的传播范围也就越广，然后总有一天，会有数以百计的人参与到这个“极地复兴计划”里面……对么？		继续			Assets/Product/Texture/Image/BgStory/Bgstory55.jpg		极地复兴计划	Assets/Product/Texture/Atlas/UiBabelTower/UiBabelTowerIconDetails.png	7	极地复兴计划		塔季扬娜很快就理解了商人的言中之意。	一起来复兴我们的家园吧！
60080	1	60081						Assets/Product/Texture/Image/RoleStory/IcesailorNormal02.png	旅行商人	没错，我认为无论帕弥什病毒来势如何凶猛，但是只要知识和智慧还在传承，人类就永远不会被真正地击倒。		继续			Assets/Product/Texture/Image/BgStory/Bgstory55.jpg		极地复兴计划	Assets/Product/Texture/Atlas/UiBabelTower/UiBabelTowerIconDetails.png	7	极地复兴计划		旅行商人点了点头，表示肯定。	一起来复兴我们的家园吧！
60081	2			60081				Assets/Product/Texture/Image/RoleStory/IcesailorNormal02.png	旅行商人	但是，仅凭我现在四处走商存下来的资金，想要实现如此大的工程实在是杯水车薪，可这些孩子已经不能再等了……		继续			Assets/Product/Texture/Image/BgStory/Bgstory55.jpg		极地复兴计划	Assets/Product/Texture/Atlas/UiBabelTower/UiBabelTowerIconDetails.png	7	极地复兴计划		他说到此处，顿了一下，然后挠了挠头，又露出了那个一如既往的自信笑容。	一起来复兴我们的家园吧！
60082	1	60083						Assets/Product/Texture/Image/RoleStory/IcesailorNormal02.png	旅行商人	噢，没关系的，这本来就是我的事情，我确实不应该让你们牵涉进来那么多。谢谢你们至今为止一直以来的帮助，我要对你们道谢才是。		继续			Assets/Product/Texture/Image/BgStory/Bgstory55.jpg		极地复兴计划	Assets/Product/Texture/Atlas/UiBabelTower/UiBabelTowerIconDetails.png	7	极地复兴计划		塔季扬娜委婉地向他表达了公社的资金也并不充裕，恐怕无法帮上他的歉意。	一起来复兴我们的家园吧！
60083	1	60084						Assets/Product/Texture/Image/RoleStory/IcesailorNormal02.png	旅行商人	再见，客人们，欢迎你们以后随时来这里做客！		继续			Assets/Product/Texture/Image/BgStory/Bgstory55.jpg		极地复兴计划	Assets/Product/Texture/Atlas/UiBabelTower/UiBabelTowerIconDetails.png	7	极地复兴计划		旅行商人带着一群孩子，将众人送到了村庄门口，挥手道别。	一起来复兴我们的家园吧！
60084	1							Assets/Product/Texture/Image/RoleStory/IcesailorNormal02.png	旅行商人	再见！大姐姐，大哥哥们！		继续			Assets/Product/Texture/Image/BgStory/Bgstory55.jpg		极地复兴计划	Assets/Product/Texture/Atlas/UiBabelTower/UiBabelTowerIconDetails.png	7	极地复兴计划		孩子们稚嫩的童音回荡在山谷中。	一起来复兴我们的家园吧！
60085	1	60086										继续			Assets/Product/Texture/Image/BgStory/Bgstory55.jpg		极地复兴计划	Assets/Product/Texture/Atlas/UiBabelTower/UiBabelTowerIconDetails.png	7	极地复兴计划		塔季扬娜告诉他，边境公社正在建立一座崭新的极地都市名为新苏菲亚城，他可以带着这些孩子去城里定居，这样比留守在破败的村庄里更安全。	一起来复兴我们的家园吧！
60086	2			60086				Assets/Product/Texture/Image/RoleStory/IcesailorNormal02.png	旅行商人	但是，就凭这么单薄的行囊，我实在不敢带着这些孩子长途跋涉过那片雪原。		继续			Assets/Product/Texture/Image/BgStory/Bgstory55.jpg		极地复兴计划	Assets/Product/Texture/Atlas/UiBabelTower/UiBabelTowerIconDetails.png	7	极地复兴计划		听到这个消息，旅行商人的脸上掠过一丝狂喜，但很快又慢慢冷静了下来。	一起来复兴我们的家园吧！
60087	1	60088						Assets/Product/Texture/Image/RoleStory/IcesailorNormal02.png	旅行商人	这实在是太好了……抱歉，我不善言辞，但是我实在不知道要怎么传达我的感激。你们简直是改变了这些孩子一生的命运。		继续			Assets/Product/Texture/Image/BgStory/Bgstory55.jpg		极地复兴计划	Assets/Product/Texture/Atlas/UiBabelTower/UiBabelTowerIconDetails.png	7	极地复兴计划		塔季扬娜表示这并不是问题，她可以派出人手过来接应，把所有人安全地护送到新苏菲亚城。旅行商人的脸上终于露出了欣喜而释怀的神情。	一起来复兴我们的家园吧！
60088	1	60089						Assets/Product/Texture/Image/RoleStory/IcesailorNormal02.png	旅行商人	这个包裹是这些孩子的父母，在出发去寻找新聚居点之前留下来的所有物资。而如今好几年过去了，他们都没有回来……所以我想，将这些东西托付给你们更好。		继续			Assets/Product/Texture/Image/BgStory/Bgstory55.jpg		极地复兴计划	Assets/Product/Texture/Atlas/UiBabelTower/UiBabelTowerIconDetails.png	7	极地复兴计划		他转过身，在屋内搜索了一番之后，慎重地将一个牛皮布包囊交到了众人手上。	一起来复兴我们的家园吧！
60089	1							Assets/Product/Texture/Image/RoleStory/IcesailorNormal02.png	旅行商人	谢谢你们，你们才是真正让这个“极地复兴计划”实现的英雄。		继续			Assets/Product/Texture/Image/BgStory/Bgstory55.jpg		极地复兴计划	Assets/Product/Texture/Atlas/UiBabelTower/UiBabelTowerIconDetails.png	7	极地复兴计划		他脱下帽，向众人鞠了深深的一躬。	一起来复兴我们的家园吧！
60090	2			60090								继续		1	Assets/Product/Texture/Image/BgStory/Bgstory351.jpg		失落白银城	Assets/Product/Texture/Atlas/UiBabelTower/UiBabelTowerIconDetails.png	7	失落白银城		由于在城中探索了许久，归途已经变得相当遥远。从此处折回应该会消耗更多时间，现在还是先把余下的路走完吧。	白银城永远欢迎所有来客
60091	3					[14046, 14047, 14048]	30011					离开		1	Assets/Product/Texture/Image/BgStory/Bgstory351.jpg		失落白银城	Assets/Product/Texture/Atlas/UiBabelTower/UiBabelTowerIconDetails.png	7	失落白银城		众人认为现有的收获已经足够，没必要继续冒险深入了，便带着这些充裕的收获返回了营地。	白银城永远欢迎所有来客
60092	3					[14038, 14047, 14040]	30011					离开		1	Assets/Product/Texture/Image/BgStory/Bgstory351.jpg		失落白银城	Assets/Product/Texture/Atlas/UiBabelTower/UiBabelTowerIconDetails.png	7	失落白银城		众人认为现有的收获已经足够，没必要继续冒险深入了，便带着这些充裕的收获返回了营地。	白银城永远欢迎所有来客
60093	3					[14038, 14039, 14040]	30011					离开		1	Assets/Product/Texture/Image/BgStory/Bgstory351.jpg		失落白银城	Assets/Product/Texture/Atlas/UiBabelTower/UiBabelTowerIconDetails.png	7	失落白银城		众人认为现有的收获已经足够，没必要继续冒险深入了，便带着这些充裕的收获返回了营地。	白银城永远欢迎所有来客
60094	3					[14041, 14039, 14042]	30011					离开		1	Assets/Product/Texture/Image/BgStory/Bgstory351.jpg		失落白银城	Assets/Product/Texture/Atlas/UiBabelTower/UiBabelTowerIconDetails.png	7	失落白银城		众人认为现有的收获已经足够，没必要继续冒险深入了，便带着这些充裕的收获返回了营地。	白银城永远欢迎所有来客
60095	3	60122				[14046, 14047, 14048]	30011					继续		1	Assets/Product/Texture/Image/BgStory/Bgstory351.jpg		失落白银城	Assets/Product/Texture/Atlas/UiBabelTower/UiBabelTowerIconDetails.png	7	失落白银城		往前探索应该能找到更多宝藏，众人都认为不应该错过这个难得的机会。\n\n（提示：继续向前探索时，受到诅咒的影响，持有的银币数量会变为500）	白银城永远欢迎所有来客
60096	3	60122				[14038, 14047, 14040]	30011					继续		1	Assets/Product/Texture/Image/BgStory/Bgstory351.jpg		失落白银城	Assets/Product/Texture/Atlas/UiBabelTower/UiBabelTowerIconDetails.png	7	失落白银城		往前探索应该能找到更多宝藏，众人都认为不应该错过这个难得的机会。\n\n（提示：继续向前探索时，受到诅咒的影响，持有的银币数量会变为500）	白银城永远欢迎所有来客
60097	3	60122				[14038, 14039, 14040]	30011					继续		1	Assets/Product/Texture/Image/BgStory/Bgstory351.jpg		失落白银城	Assets/Product/Texture/Atlas/UiBabelTower/UiBabelTowerIconDetails.png	7	失落白银城		往前探索应该能找到更多宝藏，众人都认为不应该错过这个难得的机会。\n\n（提示：继续向前探索时，受到诅咒的影响，持有的银币数量会变为500）	白银城永远欢迎所有来客
60098	3	60122				[14041, 14039, 14042]	30011					继续		1	Assets/Product/Texture/Image/BgStory/Bgstory351.jpg		失落白银城	Assets/Product/Texture/Atlas/UiBabelTower/UiBabelTowerIconDetails.png	7	失落白银城		往前探索应该能找到更多宝藏，众人都认为不应该错过这个难得的机会。\n\n（提示：继续向前探索时，受到诅咒的影响，持有的银币数量会变为500）	白银城永远欢迎所有来客
60099	3					[14041, 14039, 14042]	30010					离开		1	Assets/Product/Texture/Image/BgStory/Bgstory351.jpg		失落白银城	Assets/Product/Texture/Atlas/UiBabelTower/UiBabelTowerIconDetails.png	7	失落白银城		众人认为现有的收获已经足够，没必要继续冒险深入了，便带着这些充裕的收获返回了营地。	白银城永远欢迎所有来客
60100	3					[14041, 14043, 14042]	30010					离开		1	Assets/Product/Texture/Image/BgStory/Bgstory351.jpg		失落白银城	Assets/Product/Texture/Atlas/UiBabelTower/UiBabelTowerIconDetails.png	7	失落白银城		众人认为现有的收获已经足够，没必要继续冒险深入了，便带着这些充裕的收获返回了营地。	白银城永远欢迎所有来客
60101	3					[14044, 14043, 14045]	30010					离开		1	Assets/Product/Texture/Image/BgStory/Bgstory351.jpg		失落白银城	Assets/Product/Texture/Atlas/UiBabelTower/UiBabelTowerIconDetails.png	7	失落白银城		众人认为现有的收获已经足够，没必要继续冒险深入了，便带着这些充裕的收获返回了营地。	白银城永远欢迎所有来客
60102	3	60121				[14041, 14039, 14042]	30010					继续		1	Assets/Product/Texture/Image/BgStory/Bgstory351.jpg		失落白银城	Assets/Product/Texture/Atlas/UiBabelTower/UiBabelTowerIconDetails.png	7	失落白银城		往前探索应该能找到更多宝藏，众人都认为不应该错过这个难得的机会。\n\n（提示：继续向前探索时，受到诅咒的影响，持有的银币数量会变为800）	白银城永远欢迎所有来客
60103	3	60121				[14041, 14043, 14042]	30010					继续		1	Assets/Product/Texture/Image/BgStory/Bgstory351.jpg		失落白银城	Assets/Product/Texture/Atlas/UiBabelTower/UiBabelTowerIconDetails.png	7	失落白银城		往前探索应该能找到更多宝藏，众人都认为不应该错过这个难得的机会。\n\n（提示：继续向前探索时，受到诅咒的影响，持有的银币数量会变为800）	白银城永远欢迎所有来客
60104	3	60121				[14044, 14043, 14045]	30010					继续		1	Assets/Product/Texture/Image/BgStory/Bgstory351.jpg		失落白银城	Assets/Product/Texture/Atlas/UiBabelTower/UiBabelTowerIconDetails.png	7	失落白银城		往前探索应该能找到更多宝藏，众人都认为不应该错过这个难得的机会。\n\n（提示：继续向前探索时，受到诅咒的影响，持有的银币数量会变为800）	白银城永远欢迎所有来客
60105	3	60033				[14046, 14051, 14048]	30012	Assets/Product/Texture/Image/RoleStory/TatianaNormal014.png	塔季扬娜	……这个问题，估计只有真正的“拉比利斯女王”才能回答吧。		继续		1	Assets/Product/Texture/Image/BgStory/Bgstory304.png		失落白银城	Assets/Product/Texture/Atlas/UiBabelTower/UiBabelTowerIconDetails.png	7	失落白银城		但她没有等来回答，眸子中便失去了光芒。	白银城永远欢迎所有来客
60106	3	60033				[14046, 14047, 14048]	30012	Assets/Product/Texture/Image/RoleStory/TatianaNormal014.png	塔季扬娜	……这个问题，估计只有真正的“拉比利斯女王”才能回答吧。		继续		1	Assets/Product/Texture/Image/BgStory/Bgstory304.png		失落白银城	Assets/Product/Texture/Atlas/UiBabelTower/UiBabelTowerIconDetails.png	7	失落白银城		但她没有等来回答，眸子中便失去了光芒。	白银城永远欢迎所有来客
60107	3	60033				[14038, 14047, 14040]	30012	Assets/Product/Texture/Image/RoleStory/TatianaNormal014.png	塔季扬娜	……这个问题，估计只有真正的“拉比利斯女王”才能回答吧。		继续		1	Assets/Product/Texture/Image/BgStory/Bgstory304.png		失落白银城	Assets/Product/Texture/Atlas/UiBabelTower/UiBabelTowerIconDetails.png	7	失落白银城		但她没有等来回答，眸子中便失去了光芒。	白银城永远欢迎所有来客
60108	3					[14041, 14055, 14054]	30013					离开		1	Assets/Product/Texture/Image/BgStory/Bgstory218.png		凛风山谷	Assets/Product/Texture/Atlas/UiBabelTower/UiBabelTowerIconDetails.png	7	凛风山谷		今天的收获已经足够了，众人决定带着已经收集到的物资就此返回。	勇者敢于挑战无人之径。
60109	3					[14041, 14055, 14056]	30013					离开		1	Assets/Product/Texture/Image/BgStory/Bgstory218.png		凛风山谷	Assets/Product/Texture/Atlas/UiBabelTower/UiBabelTowerIconDetails.png	7	凛风山谷		今天的收获已经足够了，众人决定带着已经收集到的物资就此返回。	勇者敢于挑战无人之径。
60110	3					[14044, 14057, 14056]	30013					离开		1	Assets/Product/Texture/Image/BgStory/Bgstory218.png		凛风山谷	Assets/Product/Texture/Atlas/UiBabelTower/UiBabelTowerIconDetails.png	7	凛风山谷		今天的收获已经足够了，众人决定带着已经收集到的物资就此返回。	勇者敢于挑战无人之径。
60111	3					[14041, 14055, 14054]	30021					继续前进		1	Assets/Product/Texture/Image/BgStory/Bgstory218.png		凛风山谷	Assets/Product/Texture/Atlas/UiBabelTower/UiBabelTowerIconDetails.png	7	凛风山谷		众人决定继续向山谷深处进发。\n（提示：进入山谷后，受到环境的影响，<color=#DC143C>持有的施工许可数量会变为21</color>）	勇者敢于挑战无人之径。
60112	3					[14041, 14055, 14056]	30021					继续前进		1	Assets/Product/Texture/Image/BgStory/Bgstory218.png		凛风山谷	Assets/Product/Texture/Atlas/UiBabelTower/UiBabelTowerIconDetails.png	7	凛风山谷		众人决定继续向山谷深处进发。\n（提示：进入山谷后，受到环境的影响，<color=#DC143C>持有的施工许可数量会变为21</color>）	勇者敢于挑战无人之径。
60113	3					[14044, 14057, 14056]	30021					继续前进		1	Assets/Product/Texture/Image/BgStory/Bgstory218.png		凛风山谷	Assets/Product/Texture/Atlas/UiBabelTower/UiBabelTowerIconDetails.png	7	凛风山谷		众人决定继续向山谷深处进发。\n（提示：进入山谷后，受到环境的影响，<color=#DC143C>持有的施工许可数量会变为21</color>）	勇者敢于挑战无人之径。
60114	3					[14038, 14053, 14059]	30014					继续探索		1	Assets/Product/Texture/Image/BgStory/BgStory576.jpg		凛风山谷	Assets/Product/Texture/Atlas/UiBabelTower/UiBabelTowerIconDetails.png	7	凛风山谷		她慎重地取下了这条项链，将它挂在自己的胸前，然后继续往更深处进发了。	勇者敢于挑战无人之径。
60115	3					[14038, 14053, 14060]	30014					继续探索		1	Assets/Product/Texture/Image/BgStory/BgStory576.jpg		凛风山谷	Assets/Product/Texture/Atlas/UiBabelTower/UiBabelTowerIconDetails.png	7	凛风山谷		她慎重地取下了这条项链，将它挂在自己的胸前，然后继续往更深处进发了。	勇者敢于挑战无人之径。
60116	3					[14041, 14055, 14060]	30014					继续探索		1	Assets/Product/Texture/Image/BgStory/BgStory576.jpg		凛风山谷	Assets/Product/Texture/Atlas/UiBabelTower/UiBabelTowerIconDetails.png	7	凛风山谷		她慎重地取下了这条项链，将它挂在自己的胸前，然后继续往更深处进发了。	勇者敢于挑战无人之径。
60117	3	60130				[14046, 14058, 14062]	30015					继续		1	Assets/Product/Texture/Image/BgStory/Bgstory215.png		凛风山谷	Assets/Product/Texture/Atlas/UiBabelTower/UiBabelTowerIconDetails.png	7	凛风山谷		众人慎重地将那柄已经折断的长枪竖立在了山谷的最高峰上，并在枪尖上挂上了那串古老的项链。从此之后，每次凛风吹过，山谷内都回荡着那来自昔日的回响。\n\n返回新苏菲亚城之后，众人听闻了他们离开的那段日子里面，城中即将召开一场意义重大的表决大会的消息。	勇者敢于挑战无人之径。
60118	3	60130				[14046, 14058, 14059]	30015					继续		1	Assets/Product/Texture/Image/BgStory/Bgstory215.png		凛风山谷	Assets/Product/Texture/Atlas/UiBabelTower/UiBabelTowerIconDetails.png	7	凛风山谷		众人慎重地将那柄已经折断的长枪竖立在了山谷的最高峰上，并在枪尖上挂上了那串古老的项链。从此之后，每次凛风吹过，山谷内都回荡着那来自昔日的回响。\n\n返回新苏菲亚城之后，众人听闻了他们离开的那段日子里面，城中即将召开一场意义重大的表决大会的消息。	勇者敢于挑战无人之径。
60119	3	60130				[14038, 14053, 14059]	30015					继续		1	Assets/Product/Texture/Image/BgStory/Bgstory215.png		凛风山谷	Assets/Product/Texture/Atlas/UiBabelTower/UiBabelTowerIconDetails.png	7	凛风山谷		众人慎重地将那柄已经折断的长枪竖立在了山谷的最高峰上，并在枪尖上挂上了那串古老的项链。从此之后，每次凛风吹过，山谷内都回荡着那来自昔日的回响。\n\n返回新苏菲亚城之后，众人听闻了他们离开的那段日子里面，城中即将召开一场意义重大的表决大会的消息。	勇者敢于挑战无人之径。
60120	3	60007				[14034]						继续		1	Assets/Product/Texture/Image/BgStory/Bgstory351.jpg		失落白银城	Assets/Product/Texture/Atlas/UiBabelTower/UiBabelTowerIconDetails.png	7	失落白银城		众人按照先遣队的指引，前往了那座神秘的隐匿古城。\n\n（提示：进入失落的白银城后，受到诅咒的影响，持有的银币数量会变为500）	白银城永远欢迎所有来客
60121	3						30018					继续		1	Assets/Product/Texture/Image/BgStory/Bgstory351.jpg		失落白银城	Assets/Product/Texture/Atlas/UiBabelTower/UiBabelTowerIconDetails.png	7	失落白银城		于是在短暂的原地休息后，大家便继续进发了。	白银城永远欢迎所有来客
60122	3						30017					继续		1	Assets/Product/Texture/Image/BgStory/Bgstory351.jpg		失落白银城	Assets/Product/Texture/Atlas/UiBabelTower/UiBabelTowerIconDetails.png	7	失落白银城		于是在短暂的原地休息后，大家便继续进发了。	白银城永远欢迎所有来客
60123	3						30020	Assets/Product/Texture/Image/RoleStory/TatianaNormal014.png	塔季扬娜	这把弓还能使用，我们带走吧。		前进		1	Assets/Product/Texture/Image/BgStory/Bgstory218.png		凛风山谷	Assets/Product/Texture/Atlas/UiBabelTower/UiBabelTowerIconDetails.png	7	凛风山谷		顺着前人开拓而成的小径前进后不久，众人便发现了一把极地先民遗弃在地上的狩猎弓。\n（提示：进入山谷后，受到环境的影响，<color=#DC143C>持有的施工许可数量会变为14</color>）	勇者敢于挑战无人之径。
60124	2			60044			30023	Assets/Product/Texture/Image/RoleStory/TatianaNormal014.png	塔季扬娜	……特意挂在这么显眼的地方，是希望后来者将这条项链带回给自己的家人吗。		继续		1	Assets/Product/Texture/Image/BgStory/BgStory576.jpg		凛风山谷	Assets/Product/Texture/Atlas/UiBabelTower/UiBabelTowerIconDetails.png	7	凛风山谷		塔季扬娜捡起一条挂在石棱柱上的古老项链，看来是以前曾有人抵达过这里，挂上了这条项链之后，但是没能再来取走它。\n（提示：进入山谷后，受到环境的影响，<color=#DC143C>持有的施工许可数量会变为20</color>）	勇者敢于挑战无人之径。
60125	2			60125								继续		1	Assets/Product/Texture/Image/BgStory/Bgstory303.png		侧翻的石柱	Assets/Product/Texture/Atlas/UiBabelTower/UiBabelTowerIconDetails.png	12	侧翻的石柱		一行人路过一根侧翻的大石柱，下方好像死死地压住着什么。要是花费一些时间清理的话，就能将巨大的石柱挪开，但是也有可能一无所获。	下方可能压着什么。\n\n（提示：触发后当前持有银币数量+100）
60126	1											继续		1	Assets/Product/Texture/Image/BgStory/Bgstory303.png		侧翻的石柱	Assets/Product/Texture/Atlas/UiBabelTower/UiBabelTowerIconDetails.png	12	侧翻的石柱		众人花费了一段时间，齐心协力，终于将这个麻烦的障碍清理走了。所幸，命运没有辜负他们的付出，石柱下面果然压着一个残破的收纳箱，里面整齐地码放着一些用得上的物资。	下方可能压着什么。\n\n（提示：触发后当前持有银币数量+100）
60127	1											离开		1	Assets/Product/Texture/Image/BgStory/Bgstory303.png		侧翻的石柱	Assets/Product/Texture/Atlas/UiBabelTower/UiBabelTowerIconDetails.png	12	侧翻的石柱		在这里浪费时间也许并不是一个明智之举，众人举着火把，离开了此处。	下方可能压着什么。\n\n（提示：触发后当前持有银币数量+100）
60128	2			60128								继续		1	Assets/Product/Texture/Image/BgStory/BgStory708.jpg		前人的遗留物	Assets/Product/Texture/Atlas/UiBabelTower/UiBabelTowerIconDetails.png	12	前人的遗留物		在一个阴暗的角落里，众人发现了一具残破的骨架。从身上的衣着打扮看来，此人生前应该也是进入白银城的旅行者，一旁的地面上留着一串用血液匆匆间写下的留言：\n“我再也出不去了，但无论是谁，只要是看到了这行字的人，不要让我的冒险白费，带走我身上的所有银币吧。”	女王的诅咒似乎仍未离开。\n\n（提示：触发后当前持有银币数量+100）
60129	1											继续		1	Assets/Product/Texture/Image/BgStory/BgStory708.jpg		前人的遗留物	Assets/Product/Texture/Atlas/UiBabelTower/UiBabelTowerIconDetails.png	12	前人的遗留物		在一个阴暗的角落里，众人发现了一具残破的骨架。从身上的衣着打扮看来，此人生前应该也是进入白银城的旅行者，一旁的地面上留着一串用血液匆匆间写下的留言：\n“我再也出不去了，但无论是谁，只要是看到了这行字的人，不要让我的冒险白费，带走我身上的所有银币吧。”	女王的诅咒似乎仍未离开。\n\n（提示：触发后当前持有银币数量+100）
60130	1	31196						Assets/Product/Texture/Image/RoleStory/IcefishmanNomal.png	安东诺夫	自从我们被迫背井离乡踏上迁徙之旅，又来到此处点燃起第一束篝火以来，我们已经和新苏菲亚城，这座崭新的理想之城，一起共度了无数个日夜。		继续		1	Assets/Product/Texture/Image/BgStory/Bgstory463.jpg		决策	Assets/Product/Texture/Atlas/UiBabelTower/UiBabelTowerIconDetails.png	7	决策	城市的未来	探险队一行从城外归来后，才得知在他们离开的日子里，安东诺夫召集了边境公社的核心骨干成员们，准备开展一场商讨城市未来发展方向的会议。而现在，万事俱备，只等待探险队成员一行归来，就开始进行表决。	城中召开了一个重要的会议。
60131	1							Assets/Product/Texture/Image/RoleStory/IcefishmanNomal.png	安东诺夫	感谢各位的全力协助和付出，新苏菲亚是我们共同的家园，而每一位居民都是新苏菲亚不可替代的财富。只要我们的意志依然团结在一起，新苏菲亚城就会一直屹立于此。		会议结束		1	Assets/Product/Texture/Image/BgStory/Bgstory463.jpg		决策	Assets/Product/Texture/Atlas/UiBabelTower/UiBabelTowerIconDetails.png	7	决策	城市的未来	谨慎地写下了对这个问题的思考，然后将那封信投进了征集箱里面。	城中召开了一个重要的会议。
60132	1	60133										继续			Assets/Product/Texture/Image/BgStory/BgStory575.jpg		无名的实验室	Assets/Product/Texture/Image/UiTheatre4/UiTheatre4GridEvent.png	7	无名的实验室		负责发掘黄金时代残迹的先遣队回报，他们在雪脉里发现了一座无名的实验室，其中似乎封存着大量的研究资料。	无名的实验室
60133	2			60133								继续			Assets/Product/Texture/Image/BgStory/BgStory575.jpg		无名的实验室	Assets/Product/Texture/Image/UiTheatre4/UiTheatre4GridEvent.png	7	无名的实验室		但若想取得进一步的探索成果，就要调遣出更多的人员了。	无名的实验室
60134	1											结束			Assets/Product/Texture/Image/BgStory/BgStory575.jpg		无名的实验室	Assets/Product/Texture/Image/UiTheatre4/UiTheatre4GridEvent.png	7	无名的实验室		后勤部谨慎地评估了一番，认为目前投入过多资源去探索这座实验室并不值得，这条信息被暂时搁置。	无名的实验室
60135	1	60137										继续			Assets/Product/Texture/Image/BgStory/BgStory575.jpg		无名的实验室	Assets/Product/Texture/Image/UiTheatre4/UiTheatre4GridEvent.png	7	无名的实验室		在后勤部的协助下，先遣队很快在雪脉附近搭建起了一个临时营地，并马上投入到了发掘复原工作中。\n遗憾的是，老式终端中的大部分数据都已经被极端气候破坏。经过一番努力，这次行动回收了一些尚可使用的终端部件，复原了一篇看起来有重要意义的科研手记。\n\n这篇文档里反复提到了“机械角鲸”，和一个众人暂时无法分辨具体含义的词汇：矩阵。	无名的实验室
60136	1											继续			Assets/Product/Texture/Image/BgStory/BgStory575.jpg		无名的实验室	Assets/Product/Texture/Image/UiTheatre4/UiTheatre4GridEvent.png	7	无名的实验室		这篇文档里反复提到了“机械角鲸”，和一个众人暂时无法分辨具体含义的词汇：矩阵。	无名的实验室
60137	1	60138										继续			Assets/Product/Texture/Image/BgStory/BgStory575.jpg		无名的实验室	Assets/Product/Texture/Image/UiTheatre4/UiTheatre4GridEvent.png	7	无名的实验室		《残缺不全的手记》\n\n老大似乎对莱博维茨的“矩阵”计划很有兴趣，还打算引入我们的实验里面。\n\n开什么玩笑！现在要测算和记录的变量已经够多了，继用机械生物取代真正的动物之后，接下来又要我们把人类的命运交给终端吗？\n\n我可受不了，决定好了，明天就要去找老大抗议，如果他们坚持把那玩意安装到我的终端，我就离职。	无名的实验室
60138	1	60140										继续			Assets/Product/Texture/Image/BgStory/BgStory575.jpg		无名的实验室	Assets/Product/Texture/Image/UiTheatre4/UiTheatre4GridEvent.png	7	无名的实验室		我们做了错事，错得离谱。\n\n我已经意识到了，机械角鲸无论如何都不会成为生物圈里面的一环，机械造物永远都无法承担起大自然优胜劣汰法则的责任。这些诞生在我手下的机械角鲸，最终肯定会伤害无数人，但我这辈子都无法挽回这些错误了。\n\n在我离开这个世界之前，我要利用格式塔的分端去阻止一切走向最坏的结果。\n\n我会去盗取管理权限，虽然这只是个推演程序，但足以承担起“保险阀”的职责了。	无名的实验室
60139	1											继续			Assets/Product/Texture/Image/BgStory/BgStory575.jpg		无名的实验室	Assets/Product/Texture/Image/UiTheatre4/UiTheatre4GridEvent.png	7	无名的实验室		在我离开这个世界之前，我要利用格式塔的分端去阻止一切走向最坏的结果。\n我会去盗取管理权限，虽然这只是个推演程序，但足以承担起“保险阀”的职责了。	无名的实验室
60140	1	60141										继续			Assets/Product/Texture/Image/BgStory/BgStory575.jpg		无名的实验室	Assets/Product/Texture/Image/UiTheatre4/UiTheatre4GridEvent.png	7	无名的实验室		为什么我要把这一切写在这里？因为我希望这一切能被人看到，被人记住。\n\n读到这段信息的人，尽情地鄙夷我吧，因为直到最后我都不是为了所谓的拯救世界在行动……我只是希望后来的人能原谅我罢了。\n\n（数据文档的署名已被破坏，无法还原）	无名的实验室
60141	1	60142										继续			Assets/Product/Texture/Image/BgStory/BgStory575.jpg		无名的实验室	Assets/Product/Texture/Image/UiTheatre4/UiTheatre4GridEvent.png	7	无名的实验室		全文阅毕，众人陷入了沉默之中，久久不语。在一片无言之中，塔季扬娜主动打破了僵持不下的气氛。	无名的实验室
60142	3					[15001]		Assets/Product/Texture/Image/RoleStory/TatianaNormal014.png	塔季扬娜	今后再遇到相关的遗留文档，就交给新苏菲亚内的相关人员来重点分析吧。		结束			Assets/Product/Texture/Image/BgStory/BgStory575.jpg		无名的实验室	Assets/Product/Texture/Image/UiTheatre4/UiTheatre4GridEvent.png	7	无名的实验室		众人点头赞同，应当继续调查这条可能牵制住机械角鲸的线索。	无名的实验室
60143	1	60144										继续			Assets/Product/Texture/Image/BgStory/BgStory574.jpg		冰层下的遗物	Assets/Product/Texture/Image/UiTheatre4/UiTheatre4GridEvent.png	7	冰层下的遗物		新苏菲亚城成立了对机械角鲸进行考察的科考站。不久后传来回报，在某座冰湖的冰层下方疑似发现了仿生机械制造工厂的遗址。	冰层下的遗物
60144	2			60144								继续			Assets/Product/Texture/Image/BgStory/BgStory574.jpg		冰层下的遗物	Assets/Product/Texture/Image/UiTheatre4/UiTheatre4GridEvent.png	7	冰层下的遗物		塔季扬娜和几位科考人员前往那座冰湖勘探，只见湖面覆盖着一层几米高的巨大冰块，将这座沉降到湖底的机械工厂牢牢封印于其中，恐怕很难采取常规手段直接挖掘。	冰层下的遗物
60145	1	60147										继续			Assets/Product/Texture/Image/BgStory/BgStory574.jpg		冰层下的遗物	Assets/Product/Texture/Image/UiTheatre4/UiTheatre4GridEvent.png	7	冰层下的遗物		后勤部从新苏菲亚城调遣了一部大型的加热设备，从湖面上方开始溶解冰层。\n但由于加热设备需要消耗的能源过于庞大，加上冰雪消融之后流出的湖水频繁干扰施工进度，最终花费了比预想中多得多的时间才成功进入机械工厂遗址。	冰层下的遗物
60146	3	60147				[15001]						继续			Assets/Product/Texture/Image/BgStory/BgStory574.jpg		冰层下的遗物	Assets/Product/Texture/Image/UiTheatre4/UiTheatre4GridEvent.png	7	冰层下的遗物		后勤部决定在冰湖附近挖出一条引流水道，采用预先把冰湖中的水排到附近峡谷里清空，最后破开碎冰的方式进入湖底。\n但由于加热设备需要消耗的能源过于庞大，加上冰雪消融之后流出的湖水频繁干扰施工进度，最终花费了比预想中多得多的时间才成功进入机械工厂遗址。	冰层下的遗物
60147	1	60148										继续			Assets/Product/Texture/Image/BgStory/BgStory574.jpg		冰层下的遗物	Assets/Product/Texture/Image/UiTheatre4/UiTheatre4GridEvent.png	7	冰层下的遗物		工厂内部由于被湖水浸泡多年，大部分机关和终端早就严重生锈不能运转，众人经过一番调查，初步判定这座工厂大概是在免疫时代初期停止运作的。	冰层下的遗物
60148	1	60149						Assets/Product/Texture/Image/RoleStory/YanjiuyuanNormal03.png	科考人员	有一种说法，鲸鱼能发出人耳无法听到的“超低频叫声”，而这种声音只能被同类捕捉到。可能他们特意添加这个部件，是为了让仿生角鲸和真正的鲸鱼沟通？		继续			Assets/Product/Texture/Image/BgStory/BgStory574.jpg		冰层下的遗物	Assets/Product/Texture/Image/UiTheatre4/UiTheatre4GridEvent.png	7	冰层下的遗物		在深处的车间中，还发现了大量遗留在此的仿生机械合金骨架，通过和残留在组装台的设计图比较，发现有少数仿生机械被安装了设计图上并不存在的“低频音波接收器”。	冰层下的遗物
60149	1	60150						Assets/Product/Texture/Image/RoleStory/YanjiuyuanNormal03.png	科考人员	但，科波菲尔财团的计划，就是为了“让仿生机械取代真正的动物来维持生态圈”才建立的吧，这样做仿佛有点自相矛盾。		继续			Assets/Product/Texture/Image/BgStory/BgStory574.jpg		冰层下的遗物	Assets/Product/Texture/Image/UiTheatre4/UiTheatre4GridEvent.png	7	冰层下的遗物		但这个想法又很快被他自己否定了。	冰层下的遗物
60150	1	60151						Assets/Product/Texture/Image/RoleStory/TatianaNormal014.png	塔季扬娜	这些“低频音波接收器”比起旁边的工业设备，生锈的程度更轻一些，就像是……		继续			Assets/Product/Texture/Image/BgStory/BgStory574.jpg		冰层下的遗物	Assets/Product/Texture/Image/UiTheatre4/UiTheatre4GridEvent.png	7	冰层下的遗物		塔季扬娜仔细比对了设计图，和残留在车间的骨架，发现了更深层的矛盾。	冰层下的遗物
60151	1	60152						Assets/Product/Texture/Image/RoleStory/TatianaNormal014.png	塔季扬娜	就像是有人在工厂沉没后，抢先过我们一步，把湖底的水排空了之后，才进来安装这个接收器。但是最终他的计划没有完成，工厂还是被淹没了。		继续			Assets/Product/Texture/Image/BgStory/BgStory574.jpg		冰层下的遗物	Assets/Product/Texture/Image/UiTheatre4/UiTheatre4GridEvent.png	7	冰层下的遗物		她沉吟了片刻，才谨慎地说出下一步推论。	冰层下的遗物
60152	1											结束			Assets/Product/Texture/Image/BgStory/BgStory574.jpg		冰层下的遗物	Assets/Product/Texture/Image/UiTheatre4/UiTheatre4GridEvent.png	7	冰层下的遗物		众人听到这个猜想，都露出了震惊的表情。\n如果真的存在这个人，并曾经做过这件事，他的目的到底是什么，而这个人会和他们之前发现的那座无名研究室有所关联吗？	冰层下的遗物
60153	1	60154										继续			Assets/Product/Texture/Image/BgStory/BgStory1107.jpg		塔顶的占星师	Assets/Product/Texture/Image/UiTheatre4/UiTheatre4GridEvent.png	7	塔顶的占星师		在一次短途探索中，众人在雪林深处发现了某座古老的高塔，而塔顶上还住着一位极地先民——一位占星师少女。\n由于多年深居简出，加上此处地理位置特殊，她居然独自一人侥幸逃过了感染体的魔掌。	塔顶的占星师
60154	2			60154				Assets/Product/Texture/Image/RoleStory/V2110npcNormal02.png	占星少女	天空中最闪耀的星星……是哪一颗？		继续			Assets/Product/Texture/Image/BgStory/BgStory1107.jpg		塔顶的占星师	Assets/Product/Texture/Image/UiTheatre4/UiTheatre4GridEvent.png	7	塔顶的占星师		为了答谢一行人告诉她外部的现状，她决定为众人送上一场免费的占卜……但按照惯例，需要和她进行几轮简单的问答，以决定占卜的答案。	塔顶的占星师
60155	1	60157						Assets/Product/Texture/Image/RoleStory/V2110npcNormal02.png	占星少女	好的，下一题……		继续			Assets/Product/Texture/Image/BgStory/BgStory1107.jpg		塔顶的占星师	Assets/Product/Texture/Image/UiTheatre4/UiTheatre4GridEvent.png	7	塔顶的占星师		占星少女脸上的表情没有任何变化，似乎不可置否。	塔顶的占星师
60156	3	60161				[15001]		Assets/Product/Texture/Image/RoleStory/V2110npcNormal02.png	占星少女	已经很久没人能发现这句话里的漏洞了……不，没错，太阳当然是星体，也是我们能看到的最闪耀的存在，你的答案是正确的。		继续			Assets/Product/Texture/Image/BgStory/BgStory1107.jpg		塔顶的占星师	Assets/Product/Texture/Image/UiTheatre4/UiTheatre4GridEvent.png	7	塔顶的占星师		占星少女的神情有些惊讶。	塔顶的占星师
60157	2			60157				Assets/Product/Texture/Image/RoleStory/V2110npcNormal02.png	占星少女	太阳和地球之中，在转动着的，是哪一方？		继续			Assets/Product/Texture/Image/BgStory/BgStory1107.jpg		塔顶的占星师	Assets/Product/Texture/Image/UiTheatre4/UiTheatre4GridEvent.png	7	塔顶的占星师		占星少女翻动着手上的笔记本，再次抛出了一个问题：	塔顶的占星师
60158	1	60159						Assets/Product/Texture/Image/RoleStory/V2110npcNormal02.png	占星少女	好的……我已经看到关于你的命运了，但是很遗憾，现在的你似乎还不应当“吸纳”这些信息。		继续			Assets/Product/Texture/Image/BgStory/BgStory1107.jpg		塔顶的占星师	Assets/Product/Texture/Image/UiTheatre4/UiTheatre4GridEvent.png	7	塔顶的占星师		占星少女合上了书。	塔顶的占星师
60159	1							Assets/Product/Texture/Image/RoleStory/V2110npcNormal02.png	占星少女	她向着对面的人送出了一个银币。		继续			Assets/Product/Texture/Image/BgStory/BgStory1107.jpg		塔顶的占星师	Assets/Product/Texture/Image/UiTheatre4/UiTheatre4GridEvent.png	7	塔顶的占星师		她向着对面的人送出了一个银币。	塔顶的占星师
60160	3	60161				[15001]		Assets/Product/Texture/Image/RoleStory/V2110npcNormal02.png	占星少女	看来你注意到了……没错，所谓的日动说和地动说，不过是人类根据自身需求构建的理论，而星体本身并不为任何人而存在，它们只是在无休止地旋转。		继续			Assets/Product/Texture/Image/BgStory/BgStory1107.jpg		塔顶的占星师	Assets/Product/Texture/Image/UiTheatre4/UiTheatre4GridEvent.png	7	塔顶的占星师		占星少女的神情有些惊讶。	塔顶的占星师
60161	1	60162						Assets/Product/Texture/Image/RoleStory/V2110npcNormal02.png	占星少女	既然是如此聪慧的你的话，想必也能“参破”这个世界的真相吧……别焦急，你的灵魂肯定早就意识到了，此处的一切都不过是潜水钟内的蝴蝶，缸中的黄金脑。		继续			Assets/Product/Texture/Image/BgStory/BgStory1107.jpg		塔顶的占星师	Assets/Product/Texture/Image/UiTheatre4/UiTheatre4GridEvent.png	7	塔顶的占星师		她似乎得到了自己想要的答案，露出了满足的微笑之后，伸出手轻轻地碰了碰塔季扬娜的额头。	塔顶的占星师
60162	1	60163						Assets/Product/Texture/Image/RoleStory/V2110npcNormal02.png	占星少女	我的使命已经完成，应该就此退场了。别急，等到时机成熟之后……你们一定会相见的。		继续			Assets/Product/Texture/Image/BgStory/BgStory1107.jpg		塔顶的占星师	Assets/Product/Texture/Image/UiTheatre4/UiTheatre4GridEvent.png	7	塔顶的占星师		这次轮到塔季扬娜的表情流露出了惊讶。	塔顶的占星师
60163	1											结束			Assets/Product/Texture/Image/BgStory/BgStory1107.jpg		塔顶的占星师	Assets/Product/Texture/Image/UiTheatre4/UiTheatre4GridEvent.png	7	塔顶的占星师		道出这句话之后，占星少女步入占星塔的阁楼，不愿再跟后勤部一行人交谈。众人在此休息一晚，便继续踏上了旅途。	塔顶的占星师
60164	1	60165										继续			Assets/Product/Texture/Image/BgStory/BgStory1089.jpg		实现心愿的温泉	Assets/Product/Texture/Image/UiTheatre4/UiTheatre4GridEvent.png	7	实现心愿的温泉		之前派遣出社员去耕作的农场传来回报，她们在开垦的过程中意外发现山上有个温泉眼，经过一番简单修整，已经作为露天公共浴场投入使用了。	实现心愿的温泉
60165	1	60166										继续			Assets/Product/Texture/Image/BgStory/BgStory1089.jpg		实现心愿的温泉	Assets/Product/Texture/Image/UiTheatre4/UiTheatre4GridEvent.png	7	实现心愿的温泉		但在使用过程中，有人发现这座温泉好像存在着“特殊用法”，还说只要往泉眼里投入特定的东西就能实现心愿。	实现心愿的温泉
60166	1	60167										继续			Assets/Product/Texture/Image/BgStory/BgStory1089.jpg		实现心愿的温泉	Assets/Product/Texture/Image/UiTheatre4/UiTheatre4GridEvent.png	7	实现心愿的温泉		随着流言扩散的规模越来越大，这座温泉已经被前来验证传言的人挤得水泄不通，为了让温泉恢复原有的功能，公社成员希望塔季扬娜去验证这个流言的真假。	实现心愿的温泉
60167	2			60167								继续			Assets/Product/Texture/Image/BgStory/BgStory1089.jpg		实现心愿的温泉	Assets/Product/Texture/Image/UiTheatre4/UiTheatre4GridEvent.png	7	实现心愿的温泉		虽然这个流言听上去十分离谱，但毕竟也是一个肩负着众人心愿的委托，她只得带着一堆奇奇怪怪的东西前往了山上……	实现心愿的温泉
60168	1	60178						Assets/Product/Texture/Image/RoleStory/TatianaNormal017.png	塔季扬娜	……说起来，好像很久没吃盐蒸橘子了，今晚回去做吧。		继续			Assets/Product/Texture/Image/BgStory/BgStory1089.jpg		实现心愿的温泉	Assets/Product/Texture/Image/UiTheatre4/UiTheatre4GridEvent.png	7	实现心愿的温泉		塔季扬娜往里面丢了个橘子，温泉中传来了一阵好闻的甜香。	实现心愿的温泉
60169	1	60178						Assets/Product/Texture/Image/RoleStory/TatianaNormal012.png	塔季扬娜	……我是怎么想的，是觉得这世界上真的会有泉水女神吗？		继续			Assets/Product/Texture/Image/BgStory/BgStory1089.jpg		实现心愿的温泉	Assets/Product/Texture/Image/UiTheatre4/UiTheatre4GridEvent.png	7	实现心愿的温泉		塔季扬娜往里面丢了个斧头，哗啦一声后，泉水寂静无声。	实现心愿的温泉
60170	1	60178						Assets/Product/Texture/Image/RoleStory/TatianaNormal019.png	塔季扬娜	再见了，鲨士碧儿。		继续			Assets/Product/Texture/Image/BgStory/BgStory1089.jpg		实现心愿的温泉	Assets/Product/Texture/Image/UiTheatre4/UiTheatre4GridEvent.png	7	实现心愿的温泉		毛绒制的鲨士碧儿玩偶吸满了水，慢慢沉到了泉底。	实现心愿的温泉
60171	3	60172				[15001]			？？	你们这些人类不要太离谱！乱抛银币就算了，连垃圾都要乱扔吗！？		继续			Assets/Product/Texture/Image/BgStory/BgStory1089.jpg		实现心愿的温泉	Assets/Product/Texture/Image/UiTheatre4/UiTheatre4GridEvent.png	7	实现心愿的温泉		不知道为何，明明知道这么做是不对的，乱抛垃圾非常没有公德心，塔季扬娜还是鬼使神差地把易拉罐头扔了进去。\n泉底马上传来了一道充斥着满腔愤怒的声音。	实现心愿的温泉
60172	1	60173						Assets/Product/Texture/Image/RoleStory/TatianaNormal015.png	塔季扬娜	对，对不起，我只是想试试。		继续			Assets/Product/Texture/Image/BgStory/BgStory1089.jpg		实现心愿的温泉	Assets/Product/Texture/Image/UiTheatre4/UiTheatre4GridEvent.png	7	实现心愿的温泉		听到这道不知道何处传来的声音，在大脑思考是谁在说话之前，嘴巴就下意识地道了歉。	实现心愿的温泉
60173	1	60174							？？	别乱费劲了，只是想要金银财宝的话，我赐予你们。		继续			Assets/Product/Texture/Image/BgStory/BgStory1089.jpg		实现心愿的温泉	Assets/Product/Texture/Image/UiTheatre4/UiTheatre4GridEvent.png	7	实现心愿的温泉		泉底的声音好像因为道歉消了消气。	实现心愿的温泉
60174	1	60175							？？	里面的钱反正都是你们同伴投下的，拿了就走吧。哦，还有，别再来捣乱，也别再往里面抛垃圾了！		继续			Assets/Product/Texture/Image/BgStory/BgStory1089.jpg		实现心愿的温泉	Assets/Product/Texture/Image/UiTheatre4/UiTheatre4GridEvent.png	7	实现心愿的温泉		从泉眼深处居然漂出来了一个宝箱！	实现心愿的温泉
60175	1	60179										继续			Assets/Product/Texture/Image/BgStory/BgStory1089.jpg		实现心愿的温泉	Assets/Product/Texture/Image/UiTheatre4/UiTheatre4GridEvent.png	7	实现心愿的温泉		自此之后，泉水里面没有再传出任何声音了。	实现心愿的温泉
60176	1	60177										稍后片刻			Assets/Product/Texture/Image/BgStory/BgStory1089.jpg		实现心愿的温泉	Assets/Product/Texture/Image/UiTheatre4/UiTheatre4GridEvent.png	7	实现心愿的温泉		虽然泉眼附近已经堆积了很多祈祷者上贡的银币，但是还是想再投入一次看看。	实现心愿的温泉
60177	1	60178										继续			Assets/Product/Texture/Image/BgStory/BgStory1089.jpg		实现心愿的温泉	Assets/Product/Texture/Image/UiTheatre4/UiTheatre4GridEvent.png	7	实现心愿的温泉		果然什么都没发生。	实现心愿的温泉
60178	1	60181						Assets/Product/Texture/Image/RoleStory/TatianaNormal017.png	塔季扬娜	嗯？这也算是……温泉让我变得幸运了吗？		继续			Assets/Product/Texture/Image/BgStory/BgStory1089.jpg		实现心愿的温泉	Assets/Product/Texture/Image/UiTheatre4/UiTheatre4GridEvent.png	7	实现心愿的温泉		虽然泉水里没有发生任何变化，但是往前走了两步之后，发现了一枚其他人遗漏在附近的银币。	实现心愿的温泉
60179	1	60180						Assets/Product/Texture/Image/RoleStory/TatianaNormal014.png	塔季扬娜	对了，回去还要警告大家，这个地方还是不要再来为妙。毕竟那道声音……让人听着感觉毛毛的。		继续			Assets/Product/Texture/Image/BgStory/BgStory1089.jpg		实现心愿的温泉	Assets/Product/Texture/Image/UiTheatre4/UiTheatre4GridEvent.png	7	实现心愿的温泉		既然都听到了那道奇怪的声音，今天的试验还是到此为止吧。	实现心愿的温泉
60180	1											结束			Assets/Product/Texture/Image/BgStory/BgStory1089.jpg		实现心愿的温泉	Assets/Product/Texture/Image/UiTheatre4/UiTheatre4GridEvent.png	7	实现心愿的温泉		但事与愿违，大家在听说“温泉的泉底会传来奇怪的声音”后，它以灵异冒险点的名头再次大红大紫，自此之后，这座山头每日都访客络绎不绝。	实现心愿的温泉
60181	1	60182						Assets/Product/Texture/Image/RoleStory/TatianaNormal017.png	塔季扬娜	果然也只是个流言而已啊，也是，世界上哪有这种莫名其妙的好事发生。		继续			Assets/Product/Texture/Image/BgStory/BgStory1089.jpg		实现心愿的温泉	Assets/Product/Texture/Image/UiTheatre4/UiTheatre4GridEvent.png	7	实现心愿的温泉		手边的物品都扔得差不多了，但是一直没有什么变化出现。	实现心愿的温泉
60182	1								？？	……就是说啊！		结束			Assets/Product/Texture/Image/BgStory/BgStory1089.jpg		实现心愿的温泉	Assets/Product/Texture/Image/UiTheatre4/UiTheatre4GridEvent.png	7	实现心愿的温泉		在塔季扬娜背起行囊，离开了此处之后，背后的泉眼里面传来了一道小小的，弱不可闻的声音。	实现心愿的温泉
60183	1	60184										继续					幻想之兽	Assets/Product/Texture/Image/UiTheatre4/UiTheatre4GridEvent.png	7	幻想之兽		在解决了“雪怪”谜案之后不久，营地里又开始逐渐流传起了有人在山间冰洞里看到了“大脚雪怪”的流言。	幻想之兽
60184	3	60185				[15001]		Assets/Product/Texture/Image/RoleStory/TatianaNormal014.png	塔季扬娜	这事有点蹊跷……还是去看看的好。		前往冰洞					幻想之兽	Assets/Product/Texture/Image/UiTheatre4/UiTheatre4GridEvent.png	7	幻想之兽		根据先遣队回报，现场留下的痕迹显示，这只“大脚雪怪”跟上次的误会不一样。不仅习性完全无法和已知的动物对上号，他们还真的在现场找到了一些疑似巨人的脚印……	幻想之兽
60185	1	60186										继续					幻想之兽	Assets/Product/Texture/Image/UiTheatre4/UiTheatre4GridEvent.png	7	幻想之兽		后勤部一行人在目击者描述的位置蹲守了好几日，但是一直没发现任何疑似“大脚雪怪”的踪迹。	幻想之兽
60186	1	60187										继续					幻想之兽	Assets/Product/Texture/Image/UiTheatre4/UiTheatre4GridEvent.png	7	幻想之兽		直到有一日，有人心血来潮敲了敲雪洞的墙壁，听到传来的回音并不是空灵的“咚咚”声，而是仿佛锤在棉花上发出的扎实“啪啪”声。	幻想之兽
60187	1	60188							？？	呜呜…………吼………………		继续					幻想之兽	Assets/Product/Texture/Image/UiTheatre4/UiTheatre4GridEvent.png	7	幻想之兽		塔季扬娜本能察觉到什么不对，下意识想把那位部员拉回身边，下一秒，脚底居然开始伴随着一股低鸣摇晃起来——	幻想之兽
60188	4	60189			505							继续					幻想之兽	Assets/Product/Texture/Image/UiTheatre4/UiTheatre4GridEvent.png	7	幻想之兽		——原来这个地方并不是雪洞，而是“大脚雪怪”的耳孔！	幻想之兽
60189	1	60190										继续					幻想之兽	Assets/Product/Texture/Image/UiTheatre4/UiTheatre4GridEvent.png	7	幻想之兽		在一段混乱的，惊慌失措的埋头逃亡之后，众人逃到了遥远的山脚下。	幻想之兽
60190	1	60191						Assets/Product/Texture/Image/RoleStory/TatianaNormal014.png	塔季扬娜	……咦，奇怪，那座雪洞现在看来，好像又只是一个平凡无奇，没有任何可疑之处的普通雪洞罢了……		继续					幻想之兽	Assets/Product/Texture/Image/UiTheatre4/UiTheatre4GridEvent.png	7	幻想之兽		塔季扬娜惊魄未定，回头确定了后方没有任何东西追来之后，才拿起望远镜尝试观察那座他们逃出来的雪洞。	幻想之兽
60191	1	60192						Assets/Product/Texture/Image/RoleStory/TatianaNormal013.png	塔季扬娜	天……你们看，这座山脉，还有那座山头……串起来看的话，整座山的形状不就是一个卧倒在雪原里的巨人吗？		继续					幻想之兽	Assets/Product/Texture/Image/UiTheatre4/UiTheatre4GridEvent.png	7	幻想之兽		但随着她逐渐移动望远镜的取景窗，语气也逐渐开始变得颤抖。	幻想之兽
60192	1	60193						Assets/Product/Texture/Image/RoleStory/HeiyeyanjiuyuanNormal01.png	后勤部部员	妈呀！这一定是山神的警告，这一次一定只是祂大发慈悲放过了我们，我们可不能再爬上那座山了！		继续					幻想之兽	Assets/Product/Texture/Image/UiTheatre4/UiTheatre4GridEvent.png	7	幻想之兽		听到她这番话，大家也纷纷掏出望远镜，然后一起发出了后知后觉的惊叹。	幻想之兽
60193	1											结束					幻想之兽	Assets/Product/Texture/Image/UiTheatre4/UiTheatre4GridEvent.png	7	幻想之兽		最终，关于“大脚雪怪”的调查就这样无疾而终了，但并没有人对此表示遗憾，这件事的亲历人都异口同声地说，世界上有些事还是不知道为好。	幻想之兽
60194	1	60195										继续			Assets/Product/Texture/Image/BgStory/BgStory949.jpg		不止之梦	Assets/Product/Texture/Image/UiTheatre4/UiTheatre4GridEvent.png	7	不止之梦		最近营地里有不少人因为噩梦困扰来找塔季扬娜商谈，令人惊奇的是，困扰他们的噩梦似乎都是同一个。	不止之梦
60195	1	60196										继续			Assets/Product/Texture/Image/BgStory/BgStory949.jpg		不止之梦	Assets/Product/Texture/Image/UiTheatre4/UiTheatre4GridEvent.png	7	不止之梦		据他们描述，最近入睡后一直反复在做一个不能结束的噩梦，在那个世界里面，人类被凶暴的机械体统治了，营地里的人也沦为了它们的阶下囚。	不止之梦
60196	1	60197										继续			Assets/Product/Texture/Image/BgStory/BgStory949.jpg		不止之梦	Assets/Product/Texture/Image/UiTheatre4/UiTheatre4GridEvent.png	7	不止之梦		不论是服用安眠药物还是挂上捕梦网，都无法阻止这个噩梦侵袭，只要一入睡，噩梦就会自动从前一天结束的位置延续。	不止之梦
60197	2			60197				Assets/Product/Texture/Image/RoleStory/TatianaNormal015.png	塔季扬娜	虽然已经接下了这个单子，但是梦这种虚无缥缈又抓不住的东西，到底应该从哪里开始查起啊……		继续			Assets/Product/Texture/Image/BgStory/BgStory949.jpg		不止之梦	Assets/Product/Texture/Image/UiTheatre4/UiTheatre4GridEvent.png	7	不止之梦		营地里的人都被这个无法挣脱的噩梦深深困扰，不止影响了第二天的工作效率，甚至还有一部分人因此患上恐睡症，所以希望塔季扬娜能想想办法帮他们解决这个麻烦。	不止之梦
60198	1	60199						Assets/Product/Texture/Image/RoleStory/TatianaNormal014.png	塔季扬娜	有一句话说，梦都是现实的投影……那么把营地里的机械都藏起来，应该就能眼不见为净了吧。		继续			Assets/Product/Texture/Image/BgStory/BgStory949.jpg		不止之梦	Assets/Product/Texture/Image/UiTheatre4/UiTheatre4GridEvent.png	7	不止之梦		左思右想了好几天，实在想不出什么好办法，塔季扬娜决定按《噩梦的解析》里面提到的投影理论处理。	不止之梦
60199	1	60200										继续			Assets/Product/Texture/Image/BgStory/BgStory949.jpg		不止之梦	Assets/Product/Texture/Image/UiTheatre4/UiTheatre4GridEvent.png	7	不止之梦		可惜，虽然她找来几个人大张旗鼓地藏起了营地里的所有机械物件，还是抵挡不住噩梦的侵袭。几天后，营地里的人都还是睁着黑眼圈起床了。	不止之梦
60200	1											结束			Assets/Product/Texture/Image/BgStory/BgStory949.jpg		不止之梦	Assets/Product/Texture/Image/UiTheatre4/UiTheatre4GridEvent.png	7	不止之梦		但是他们安慰塔季扬娜，她已经作出了最大的努力，接下来他们会继续采取精油按摩，听催眠曲，深度冥想等方式，去和这个无形的敌人对抗的。	不止之梦
60201	3	60202				[15001]						继续			Assets/Product/Texture/Image/BgStory/BgStory949.jpg		不止之梦	Assets/Product/Texture/Image/UiTheatre4/UiTheatre4GridEvent.png	7	不止之梦		塔季扬娜让他们都在梦里反抗那些邪恶机械体试试，大伙一开始都觉得应该起不了什么效，抱着半信半疑的心态去尝试了一下，结果却收获了惊人的成果。	不止之梦
60202	1	60203						Assets/Product/Texture/Image/RoleStory/V210shzNormal01.png	后勤部部员A	喂，我昨天居然在梦里看到你了，你一板斧劈开了那个头部闪着红光的邪恶机械体，老带派了！		继续			Assets/Product/Texture/Image/BgStory/BgStory949.jpg		不止之梦	Assets/Product/Texture/Image/UiTheatre4/UiTheatre4GridEvent.png	7	不止之梦		第二天醒来后，众人纷纷互相倾诉，他们居然都在梦里看到了彼此朝夕共对的同伴。	不止之梦
60203	1	60204						Assets/Product/Texture/Image/RoleStory/V210shzNormal01.png	后勤部部员B	是啊，我看到你差点要被那个邪恶机械体抓走，就急得一下抄起了家伙——咦，奇怪，咱们的梦为啥是连着的？		继续			Assets/Product/Texture/Image/BgStory/BgStory949.jpg		不止之梦	Assets/Product/Texture/Image/UiTheatre4/UiTheatre4GridEvent.png	7	不止之梦		一番激烈讨论之后，大伙虽然还是没搞懂为啥那个奇异的噩梦会把大家的梦境连在一起，也没法阻止这个噩梦继续出现，但是起码通过在梦里互相合作消除了那些负面心理影响。	不止之梦
60204	1											结束			Assets/Product/Texture/Image/BgStory/BgStory949.jpg		不止之梦	Assets/Product/Texture/Image/UiTheatre4/UiTheatre4GridEvent.png	7	不止之梦		就这样，“不止之梦”作为一个神秘的未解之谜，在营地里以奇妙的方式一直存续了下来……	不止之梦
60205	1	60206										继续			Assets/Product/Texture/Image/BgStory/BgStory947.jpg		崩毁的前奏	Assets/Product/Texture/Image/UiTheatre4/UiTheatre4GridEvent.png	7	崩毁的前奏		一场突如其来的雪崩袭向了营地，塔季扬娜从任务中紧急折回帮助部员们进行撤离，但仍只能抢救下少部分物资。	崩毁的前奏
60206	1	60207										继续			Assets/Product/Texture/Image/BgStory/BgStory947.jpg		崩毁的前奏	Assets/Product/Texture/Image/UiTheatre4/UiTheatre4GridEvent.png	7	崩毁的前奏		在撤逃的一片嘈杂之中，塔季扬娜的脑海中突然出现了一道非常清晰，平稳的声音。	崩毁的前奏
60207	1	60208						Assets/Product/Texture/Image/RoleStory/TatianaNormal013.png	塔季扬娜	……谁？已经不是第一次了，到底是谁在脑海中对我说话？！		继续			Assets/Product/Texture/Image/BgStory/BgStory947.jpg		崩毁的前奏	Assets/Product/Texture/Image/UiTheatre4/UiTheatre4GridEvent.png	7	崩毁的前奏		<color=#3d85c6>小心……它注意到这里了，这个沙盘的数据很快也会被篡改掩盖……在它藏起关键线索之前，回到“那个地方”，那里有足以逆转一切的钥匙。</color>	崩毁的前奏
60208	1	60209										继续			Assets/Product/Texture/Image/BgStory/BgStory947.jpg		崩毁的前奏	Assets/Product/Texture/Image/UiTheatre4/UiTheatre4GridEvent.png	7	崩毁的前奏		那道声音没有再回应她，脑海中也回归了平静。\n但不知为何，她感觉自己无法忽视这个声音带给自己的提示。短暂的思考挣扎后，她命令部员们先行撤离到安全的位置等候，她独自一人骑马返回营地寻找线索。	崩毁的前奏
60209	1	60210										继续			Assets/Product/Texture/Image/BgStory/BgStory947.jpg		崩毁的前奏	Assets/Product/Texture/Image/UiTheatre4/UiTheatre4GridEvent.png	7	崩毁的前奏		塔季扬娜将战马拴在一棵紧急情况下可以靠蛮力折断的小树边，飞速奔向了脑海里那道声音指向的位置——营地深处的仓库。	崩毁的前奏
60210	1											结束			Assets/Product/Texture/Image/BgStory/BgStory947.jpg		崩毁的前奏	Assets/Product/Texture/Image/UiTheatre4/UiTheatre4GridEvent.png	7	崩毁的前奏		受雪崩影响，营地中的建筑大部分都彻底被积雪掩埋，而任何一举一动都又可能引发一连串连锁反应，她必须谨慎行动。\n\n系统提示：标注有倒计时的地块，在倒计时结束前未被处理，会直接坠毁，无法再点击	崩毁的前奏
60211	1	60212										继续			Assets/Product/Texture/Image/BgStory/BgStory947.jpg		崩毁的前奏	Assets/Product/Texture/Image/UiTheatre4/UiTheatre4GridEvent.png	7	崩毁的前奏		在俯身绕过几座摇摇欲坠的建筑后，她终于抵达了仓库的门口。	崩毁的前奏
60212	1	60213						Assets/Product/Texture/Image/RoleStory/TatianaNormal014.png	塔季扬娜	……不管了，先把里面的东西拿走吧，时间不够了。		继续			Assets/Product/Texture/Image/BgStory/BgStory947.jpg		崩毁的前奏	Assets/Product/Texture/Image/UiTheatre4/UiTheatre4GridEvent.png	7	崩毁的前奏		奇怪的是，她在被那道声音提醒之前，她似乎对这座仓库毫无印象，也不记得营地里曾有人提到过此处。	崩毁的前奏
60213	1	60214										继续			Assets/Product/Texture/Image/BgStory/BgStory947.jpg		崩毁的前奏	Assets/Product/Texture/Image/UiTheatre4/UiTheatre4GridEvent.png	7	崩毁的前奏		打开仓库的门，里面安静地放着一个金属盒，仿佛整座建筑只为了封印这个小小的物件而存在。	崩毁的前奏
60214	1											结束			Assets/Product/Texture/Image/BgStory/BgStory947.jpg		崩毁的前奏	Assets/Product/Texture/Image/UiTheatre4/UiTheatre4GridEvent.png	7	崩毁的前奏		塔季扬娜没有多想，将这个小金属盒放进外套的口袋里，便迅速离开了这里。	崩毁的前奏
60215	1							Assets/Product/Texture/Image/RoleStory/TatianaNormal013.png	塔季扬娜	咳咳，不好，回去的路也被堵死了……		结束			Assets/Product/Texture/Image/BgStory/BgStory947.jpg		崩毁的前奏	Assets/Product/Texture/Image/UiTheatre4/UiTheatre4GridEvent.png	7	崩毁的前奏		眼见来路已经彻底塌陷，塔季扬娜只得在心里祈祷那匹战马可以顺利逃脱。她加紧了逃离的步伐。	崩毁的前奏
60216	1	60217										继续			Assets/Product/Texture/Image/BgStory/BgStory1089.jpg		崩毁的前奏	Assets/Product/Texture/Image/UiTheatre4/UiTheatre4GridEvent.png	7	崩毁的前奏		经过一番艰险的冒险，塔季扬娜终于追上了远处等着的大部队们，成功跟随他们撤离了雪崩波及的周边地带。	崩毁的前奏
60217	1	60218						Assets/Product/Texture/Image/RoleStory/TatianaNormal014.png	塔季扬娜	那道声音也没有再出现了……		继续			Assets/Product/Texture/Image/BgStory/BgStory1089.jpg		崩毁的前奏	Assets/Product/Texture/Image/UiTheatre4/UiTheatre4GridEvent.png	7	崩毁的前奏		待到风雪停息，一切整顿完毕之后，她才想起口袋深处那个从仓库中发现的铁盒。	崩毁的前奏
60218	1	60219										继续			Assets/Product/Texture/Image/BgStory/BgStory1089.jpg		崩毁的前奏	Assets/Product/Texture/Image/UiTheatre4/UiTheatre4GridEvent.png	7	崩毁的前奏		她一边回忆着那道声音曾经多次出现，在各种状况下给予自己的帮助，一边下定决心，拧开了铁盒的盖子。	崩毁的前奏
60219	1	60220						Assets/Product/Texture/Image/RoleStory/TatianaNormal014.png	塔季扬娜	T H I S……I S……N O T……		继续			Assets/Product/Texture/Image/BgStory/BgStory1089.jpg		崩毁的前奏	Assets/Product/Texture/Image/UiTheatre4/UiTheatre4GridEvent.png	7	崩毁的前奏		铁盒里面放着一张泛黄的摩斯电码记录纸卷，但这对从小就熟悉各种通讯手段以帮助父亲工作的塔季扬娜来说，这只不过是一段她随口就能念出的普通记录。	崩毁的前奏
60220	3					[15002]		Assets/Product/Texture/Image/RoleStory/TatianaNormal011.png	塔季扬娜	T H E……T U R E……W O R L D。		结束			Assets/Product/Texture/Image/BgStory/BgStory1089.jpg		崩毁的前奏	Assets/Product/Texture/Image/UiTheatre4/UiTheatre4GridEvent.png	7	崩毁的前奏		她的语气在逐渐变得颤抖。	崩毁的前奏
60221	1	60224										继续			Assets/Product/Texture/Image/BgStory/Bgstory69.jpg		奇点	Assets/Product/Texture/Image/UiTheatre4/UiTheatre4GridEvent.png	7	奇点		平平无奇的一日，塔季扬娜从床上睁开眼醒来，心中却突然泛起了一股没有来由的，奇异又孤单的感觉。\n\n那种感觉，就好像自己曾经目睹过很多次一个完整的沙盘在手中侧翻倾倒，但是自己无能为力，只能看到一切化作流沙崩毁。\n\n正当她思考着这种奇异的感觉是从何而来的时候，其他部员进来匆匆通知，新苏菲亚城内有三个地点同时爆发了异常事态需要紧急支援。	奇点
60222	1											继续			Assets/Product/Texture/Image/BgStory/Bgstory69.jpg		奇点	Assets/Product/Texture/Image/UiTheatre4/UiTheatre4GridEvent.png	7	奇点		那种感觉，就好像自己曾经目睹过很多次一个完整的沙盘在手中侧翻倾倒，但是自己无能为力，只能看到一切化作流沙崩毁。	奇点
60223	1											继续			Assets/Product/Texture/Image/BgStory/Bgstory69.jpg		奇点	Assets/Product/Texture/Image/UiTheatre4/UiTheatre4GridEvent.png	7	奇点		正当她思考着这种奇异的感觉是从何而来的时候，其他部员进来匆匆通知，新苏菲亚城内有三个地点同时爆发了异常事态需要紧急支援。	奇点
60224	1	60225										继续			Assets/Product/Texture/Image/BgStory/Bgstory69.jpg		奇点	Assets/Product/Texture/Image/UiTheatre4/UiTheatre4GridEvent.png	7	奇点		听到这个信息之后，她无暇再去继续思考早上那段插曲，立马前往了作战室听取报告。	奇点
60225	1	60226						Assets/Product/Texture/Image/RoleStory/IcesailorNomal.png	谢尔盖	新苏菲亚城的地底供能中心，海边的灯塔，还有现在刚刚落成的科考站，都同时受到了感染体进攻。		继续			Assets/Product/Texture/Image/BgStory/Bgstory69.jpg		奇点	Assets/Product/Texture/Image/UiTheatre4/UiTheatre4GridEvent.png	7	奇点		抵达作战室的时候，谢尔盖一行人已经在此等待一段时间了，看到塔季扬娜出现，他没有客套，马上言简意赅地传达了现在的处境。	奇点
60226	1	60227						Assets/Product/Texture/Image/RoleStory/TatianaNormal013.png	塔季扬娜	感染体他们理应没有思想，也不会听从任何人的指示……那到底为什么，会在分隔得如此远的各地同时发起进攻？		继续			Assets/Product/Texture/Image/BgStory/Bgstory69.jpg		奇点	Assets/Product/Texture/Image/UiTheatre4/UiTheatre4GridEvent.png	7	奇点		塔季扬娜马上察觉到了这件事真正的异常之处。	奇点
60227	1	60228						Assets/Product/Texture/Image/RoleStory/IcesailorNomal.png	谢尔盖	不知道。我们这些大老粗也给不出任何合理的推测和答案，这个问题你应该去问科考站的科研人员们。		继续			Assets/Product/Texture/Image/BgStory/Bgstory69.jpg		奇点	Assets/Product/Texture/Image/UiTheatre4/UiTheatre4GridEvent.png	7	奇点		而且，上述的地点全是新苏菲亚城最重要的建筑设施，尤其是建立在灯塔塔顶上的观测站，里面记录着几个月来机械角鲸发出的“鲸鸣”信号。	奇点
60228	1	60229						Assets/Product/Texture/Image/RoleStory/IcesailorNomal.png	谢尔盖	我只知道，要是我们再不抓紧行动，新苏菲亚真的就要完蛋了，彻底的。		继续			Assets/Product/Texture/Image/BgStory/Bgstory69.jpg		奇点	Assets/Product/Texture/Image/UiTheatre4/UiTheatre4GridEvent.png	7	奇点		谢尔盖的脸上写满了不耐烦，将话题抛回了这边。	奇点
60229	1							Assets/Product/Texture/Image/RoleStory/TatianaNormal014.png	塔季扬娜	放心，一切都交给我办。无论它们有什么目的，都不会得逞的。		结束			Assets/Product/Texture/Image/BgStory/Bgstory69.jpg		奇点	Assets/Product/Texture/Image/UiTheatre4/UiTheatre4GridEvent.png	7	奇点		塔季扬娜朝身后那些因为听到这句话而忐忑不安的部员们，投去了一个安抚性的眼神。	奇点
60230	1	60231										继续			Assets/Product/Texture/Image/BgStory/Bgstory463.jpg		奇点	Assets/Product/Texture/Image/UiTheatre4/UiTheatre4GridEvent.png	7	奇点		地底供能中心里面挤满了密密麻麻的小型感染体，工作人员们纷纷尖叫着往外逃。	奇点
60231	4	60232			20			Assets/Product/Texture/Image/UiTheatre4/UiTheatre4RoleLuosaita.png	罗塞塔	往前跑！只要把“紧急避险模式”打开，阀门下落之后，它们就进不去里面了！		继续			Assets/Product/Texture/Image/BgStory/BgStory576.jpg		奇点	Assets/Product/Texture/Image/UiTheatre4/UiTheatre4GridEvent.png	7	奇点		塔季扬娜将手中的猎枪抬起上膛，在罗塞塔的援护下逆着人流，走进中央管控室。	奇点
60232	1	60233						Assets/Product/Texture/Image/UiTheatre4/UiTheatre4RoleLuosaita.png	罗塞塔	这里安全了，接下来就交给我们吧！这些杂兵不是我们守林人的对手。		继续			Assets/Product/Texture/Image/BgStory/BgStory576.jpg		奇点	Assets/Product/Texture/Image/UiTheatre4/UiTheatre4GridEvent.png	7	奇点		紧急避险模式启动后，中央管控室瞬间警铃大作，安全阀门几秒内尽数落下，拼死溜进来的几只感染体也化作困兽被罗塞塔一枪刺穿。	奇点
60233	1											结束			Assets/Product/Texture/Image/BgStory/BgStory576.jpg		奇点	Assets/Product/Texture/Image/UiTheatre4/UiTheatre4GridEvent.png	7	奇点		情况危急，塔季扬娜无暇表达对守林人出手相助的感谢，只远远地对罗塞塔投去一个眼神，迅速离开了这里。	奇点
60234	1	60235										继续			Assets/Product/Texture/Image/BgStory/BgStory1010.jpg		奇点	Assets/Product/Texture/Image/UiTheatre4/UiTheatre4GridEvent.png	7	奇点		塔季扬娜骑着战马飞驰赶往灯塔，在距离几百米远的山坡上，就看到狄安娜带着几位构造体在塔下围攻堵截堆积如山的感染体们。	奇点
60235	4	60236			21			Assets/Product/Texture/Image/RoleStory/IceguideNomal.png	狄安娜	角鲸活动信号的记录装置被我们转移到塔顶了，这些感染体我们来拖住，你快去取！		继续			Assets/Product/Texture/Image/BgStory/BgStory1010.jpg		奇点	Assets/Product/Texture/Image/UiTheatre4/UiTheatre4GridEvent.png	7	奇点		狄安娜也在混战中发现了塔季扬娜的身影，刹那之间便理解了这位援兵的企图，她高高举起长枪疾驰而去，将一批感染体引离了灯塔的门口。	奇点
60236	1	60237						Assets/Product/Texture/Image/RoleStory/TatianaNormal013.png	塔季扬娜	装置和记录文件都安全了，谢谢你们，我要先走了！		继续			Assets/Product/Texture/Image/BgStory/BgStory1010.jpg		奇点	Assets/Product/Texture/Image/UiTheatre4/UiTheatre4GridEvent.png	7	奇点		在狄安娜的帮助下，塔季扬娜顺利取回了放在塔顶的角鲸活动信号记录装置，她把装置牢牢固定在战马鞍包的里面，远远对狄安娜高呼了一句。	奇点
60237	1											结束			Assets/Product/Texture/Image/BgStory/BgStory1010.jpg		奇点	Assets/Product/Texture/Image/UiTheatre4/UiTheatre4GridEvent.png	7	奇点		狄安娜没有回应，而是在交战之中，对着塔季扬娜的方向再次高高地挥了挥手。	奇点
60238	1	60239						Assets/Product/Texture/Image/RoleStory/TatianaNormal013.png	塔季扬娜	……好啊，要打就打啊，那就赏你们一发狠的！		继续			Assets/Product/Texture/Image/BgStory/BgStory1124.jpg		奇点	Assets/Product/Texture/Image/UiTheatre4/UiTheatre4GridEvent.png	7	奇点		塔季扬娜接连摆脱一串感染体的追踪后，带着记录装置赶往了机械角鲸科研站。而这次，在科研站门口外围堵着的感染体，只能靠她一个人去独自解决了。	奇点
60239	4	60240			22							继续			Assets/Product/Texture/Image/BgStory/BgStory1124.jpg		奇点	Assets/Product/Texture/Image/UiTheatre4/UiTheatre4GridEvent.png	7	奇点		她深吸一口气，从后背掏出手斧，无畏地冲了上去。	奇点
60240	1	60241						Assets/Product/Texture/Image/RoleStory/TongyongShihuangzheNormal02.png	瓦列里	哈哈，没想到你都这么大了，还是跟小时候一样冒失。		继续			Assets/Product/Texture/Image/BgStory/BgStory1124.jpg		奇点	Assets/Product/Texture/Image/UiTheatre4/UiTheatre4GridEvent.png	7	奇点		枪声响起，没想到的是，从硝烟后面却出现了几个熟悉的身影。	奇点
60241	1	60242						Assets/Product/Texture/Image/RoleStory/HeiyeyanjiuyuanNormal01.png	部员	是啊，部长，你怎么一言不发就自己冲进来了，明明我们都在里面等着你给信号，就一起发起里应外合呢。		继续			Assets/Product/Texture/Image/BgStory/BgStory1124.jpg		奇点	Assets/Product/Texture/Image/UiTheatre4/UiTheatre4GridEvent.png	7	奇点		科考站里陆陆续续走出来几位后勤部的部员，看来，他们都是危机爆发的时候主动赶往这里守护科研人员们的。	奇点
60242	1	60243						Assets/Product/Texture/Image/RoleStory/TatianaNormal014.png	塔季扬娜	抱歉……我没想到除了我之外，还有人赶往了这里。		继续			Assets/Product/Texture/Image/BgStory/BgStory1124.jpg		奇点	Assets/Product/Texture/Image/UiTheatre4/UiTheatre4GridEvent.png	7	奇点		面对着意外的一幕，她不自觉地放软了语气。	奇点
60243	1							Assets/Product/Texture/Image/RoleStory/HeiyeyanjiuyuanNormal01.png	部员	好啦，感谢的话就等一切都搞定了之后再说吧。现在当务之急，是要把这群玩意都赶出去才行！		结束			Assets/Product/Texture/Image/BgStory/BgStory1124.jpg		奇点	Assets/Product/Texture/Image/UiTheatre4/UiTheatre4GridEvent.png	7	奇点		众人并肩站到一起，向着感染体们举起了手中的武器。	奇点
60244	1	60245										继续			Assets/Product/Texture/Image/BgStory/BgStory1124.jpg		奇点	Assets/Product/Texture/Image/UiTheatre4/UiTheatre4GridEvent.png	7	奇点		漫长的战斗终于结束后，众人疲惫地倒在地上，呼呼地大口喘着粗气。	奇点
60245	1	60246						Assets/Product/Texture/Image/RoleStory/TatianaNormal017.png	塔季扬娜	哦对了！我要把这个东西交给你们。		继续			Assets/Product/Texture/Image/BgStory/BgStory1124.jpg		奇点	Assets/Product/Texture/Image/UiTheatre4/UiTheatre4GridEvent.png	7	奇点		听到外面的声音平静下来之后，几个研究人员畏畏缩缩地走出来，一出门就被遍地的感染体残骸吓了一跳。	奇点
60246	1	60247						Assets/Product/Texture/Image/RoleStory/HeiyeyanjiuyuanNormal01.png	科研人员A	谢谢！我们正担心，这东西要是在动乱里被感染体们破坏了怎么办呢。		继续			Assets/Product/Texture/Image/BgStory/BgStory1124.jpg		奇点	Assets/Product/Texture/Image/UiTheatre4/UiTheatre4GridEvent.png	7	奇点		塔季扬娜把马鞍袋里的记录装置取了出来，里面记录着自灯塔建立之后，守林人们在塔顶上观测到的全部有关机械角鲸的数据。	奇点
60247	1	60251						Assets/Product/Texture/Image/RoleStory/V210shzNormal01.png	科研人员B	辛苦你们一路战斗过来，接下来的解析工作就交给我们吧，我们一定会揭开藏在机械角鲸里的谜底的。		继续			Assets/Product/Texture/Image/BgStory/BgStory1124.jpg		奇点	Assets/Product/Texture/Image/UiTheatre4/UiTheatre4GridEvent.png	7	奇点		其中一位科研人员小心翼翼地接过了这个装置。科研人员们深深地对各位后勤部员低头道谢。\n\n险险地解决了这场危机，结束了一日劳累回家之后，塔季扬娜躺在床上，回想着今天发生的事情，突然又想到了今早醒来的时候那股奇异的感觉。\n\n但，此时此刻的她在经历了几场激烈的战斗后，心中却全无了那种不安的预感。	奇点
60248	1											继续			Assets/Product/Texture/Image/BgStory/BgStory1124.jpg		奇点	Assets/Product/Texture/Image/UiTheatre4/UiTheatre4GridEvent.png	7	奇点		科研人员们深深地对各位后勤部员低头道谢。	奇点
60249	1											继续			Assets/Product/Texture/Image/BgStory/BgStory1124.jpg		奇点	Assets/Product/Texture/Image/UiTheatre4/UiTheatre4GridEvent.png	7	奇点		险险地解决了这场危机，结束了一日劳累回家之后，塔季扬娜躺在床上，回想着今天发生的事情，突然又想到了今早醒来的时候那股奇异的感觉。	奇点
60250	1											继续			Assets/Product/Texture/Image/BgStory/BgStory1124.jpg		奇点	Assets/Product/Texture/Image/UiTheatre4/UiTheatre4GridEvent.png	7	奇点		但，此时此刻的她在经历了几场激烈的战斗后，心中却全无了那种不安的预感。	奇点
60251	3					[15002]		Assets/Product/Texture/Image/RoleStory/TatianaNormal014.png	塔季扬娜	没错，无论发生了什么，我都一定能用这双手……找出前进的道路。		结束			Assets/Product/Texture/Image/BgStory/BgStory1124.jpg		奇点	Assets/Product/Texture/Image/UiTheatre4/UiTheatre4GridEvent.png	7	奇点		她将这句誓言安放在心中。	奇点
60252	1	60253										继续			Assets/Product/Texture/Image/BgStory/BgStory947.jpg		被封锁的档案	Assets/Product/Texture/Image/UiTheatre4/UiTheatre4GridEvent.png	7	被封锁的档案		在科考站成立后不久，科研人员们陆陆续续开始从黄金时代的废弃研究室内复原出一些机密文件，并将复原成果提交到了塔季扬娜这里。	被封锁的档案
60253	2			60253								继续			Assets/Product/Texture/Image/BgStory/BgStory947.jpg		被封锁的档案	Assets/Product/Texture/Image/UiTheatre4/UiTheatre4GridEvent.png	7	被封锁的档案		但这些古旧的文件长篇累牍，想要在里面分辨出有用的信息，估计需要耗费不少时间……	被封锁的档案
60254	1											结束			Assets/Product/Texture/Image/BgStory/BgStory947.jpg		被封锁的档案	Assets/Product/Texture/Image/UiTheatre4/UiTheatre4GridEvent.png	7	被封锁的档案		最近的工作比较繁重，暂时没有那么多时间投入到这些文件里，还是日后再说吧。	被封锁的档案
60255	1	60256										继续			Assets/Product/Texture/Image/BgStory/BgStory947.jpg		被封锁的档案	Assets/Product/Texture/Image/UiTheatre4/UiTheatre4GridEvent.png	7	被封锁的档案		塔季扬娜抽出了一段时间，认真地阅读了这批文件，在里面发现了一篇颇有意义的日志。	被封锁的档案
60256	1	60257										阅读日志			Assets/Product/Texture/Image/BgStory/BgStory947.jpg		被封锁的档案	Assets/Product/Texture/Image/UiTheatre4/UiTheatre4GridEvent.png	7	被封锁的档案		《关于利用“矩阵”技术改进仿生机械运用方案的思考》\n\n莱博维茨的“矩阵”计划很有意思，但是我认为，他们的方向错了。\n\n在“矩阵”中不可能诞生足以替代人类的完美生命，而他们对那些学生们仿佛是工具一样的态度也让我感到反胃。但是为了继续利用他们的研究成果，并且偷偷继续运行我的管理权限，我不得不在表面上装得赞同他们的思想。	被封锁的档案
60257	1	60258										继续阅读			Assets/Product/Texture/Image/BgStory/BgStory947.jpg		被封锁的档案	Assets/Product/Texture/Image/UiTheatre4/UiTheatre4GridEvent.png	7	被封锁的档案		我将推演程序的副本编辑成了一个用来测试地球环境生态圈的模拟装置，用以测试仿生机械对这片土地的影响。\n\n虽然要利用这些恶人的技术去达成目的，也让我非常不齿，但是为了达成这个目的，我不得不借用他们搭建的底层。\n\n为了把这个模拟装置和那个血腥不堪的“矩阵”区分，我给它取了一个名字，名为“沙盘”。	被封锁的档案
60258	1											结束阅读			Assets/Product/Texture/Image/BgStory/BgStory947.jpg		被封锁的档案	Assets/Product/Texture/Image/UiTheatre4/UiTheatre4GridEvent.png	7	被封锁的档案		这篇日志就这里中断了，但是从叙述的内容看来，这应该是那个无名实验室内的研究员所写的，而且多半还有后续。\n\n若继续进行科考发掘，大概就能发现后续的文件。	被封锁的档案
60259	2			60259								继续			Assets/Product/Texture/Image/BgStory/BgStory947.jpg		被封锁的档案	Assets/Product/Texture/Image/UiTheatre4/UiTheatre4GridEvent.png	7	被封锁的档案		科考站的工作人员前来报告，之前提交过来的那篇日志好像发现了后续的关联文件，但是他们无法确认记录其中的含义，希望塔季扬娜可以代为判断。	被封锁的档案
60260	1	60261										阅读日志			Assets/Product/Texture/Image/BgStory/BgStory947.jpg		被封锁的档案	Assets/Product/Texture/Image/UiTheatre4/UiTheatre4GridEvent.png	7	被封锁的档案		塔季扬娜拿起这份文件，映入眼帘中的是一段仿佛无序乱流般的数字。	被封锁的档案
60261	1	60262										继续阅读			Assets/Product/Texture/Image/BgStory/BgStory947.jpg		被封锁的档案	Assets/Product/Texture/Image/UiTheatre4/UiTheatre4GridEvent.png	7	被封锁的档案		《沙盘模拟装置第7114次推演记录》\n地表生命存活率：32.236582569%\n仿生机械失控率：79.253476734%\n宜居地建立率：0.2238579%	被封锁的档案
60262	1	60263										继续阅读			Assets/Product/Texture/Image/BgStory/BgStory947.jpg		被封锁的档案	Assets/Product/Texture/Image/UiTheatre4/UiTheatre4GridEvent.png	7	被封锁的档案		机械生命觉醒率：\n……▂▃……▃……▆……\n………▁▅▃……▅▃……▆▆▆……\n▅▅▃▃…………▃▃…………\n▂▃▂▃▆▆▆▃▃▃▃▃▂▂▂▂▃	被封锁的档案
60263	1	60264										放下日志			Assets/Product/Texture/Image/BgStory/BgStory947.jpg		被封锁的档案	Assets/Product/Texture/Image/UiTheatre4/UiTheatre4GridEvent.png	7	被封锁的档案		记录的前半段还是普通的数字，但是后半段已经彻底成为了无法辨认的乱码。\n科考站的工作人员表示他们已经尽了最大的努力去修复，但那部分的数据仿佛是能“活动”的一样，一旦他们试图用某种语言去编译，它们就会扭曲成另一个无法解读的格式	被封锁的档案
60264	1											结束			Assets/Product/Texture/Image/BgStory/BgStory947.jpg		被封锁的档案	Assets/Product/Texture/Image/UiTheatre4/UiTheatre4GridEvent.png	7	被封锁的档案		距离还原出完整的数据，估计还要再花费一些时间，在此之前，还是先专注于其他任务吧。	被封锁的档案
60265	1	60266						Assets/Product/Texture/Image/RoleStory/HeiyeyanjiuyuanNormal01.png	科研人员	那部分的数据之所以一直在变动，是因为它一直在“计算”终端内部捕捉到的数据！那座研究室看似已经被废弃，但其实部分终端其实一直在运转，并在背地里入侵了我们的通讯终端！		继续			Assets/Product/Texture/Image/BgStory/BgStory947.jpg		被封锁的档案	Assets/Product/Texture/Image/UiTheatre4/UiTheatre4GridEvent.png	7	被封锁的档案		又过了一段时间，科考站的研究人员惊慌失措地前来报告，他们终于发现了之前那堆数据之所以在不停“变动”的原因。	被封锁的档案
60266	1	60267						Assets/Product/Texture/Image/RoleStory/HeiyeyanjiuyuanNormal01.png	科研人员	一直有神秘的第三方在通过这个沙盘系统在观察着我们，并且可能夺取了我们所有的重要机密，这件事的影响太严重了！我认为必须将这件事公之于众，让大家都封锁起自己的终端！		继续			Assets/Product/Texture/Image/BgStory/BgStory947.jpg		被封锁的档案	Assets/Product/Texture/Image/UiTheatre4/UiTheatre4GridEvent.png	7	被封锁的档案		他拿出一页分析结果，只见那些数据乱码被层层解析后，每条记录都指向了一个熟悉的单词——沙盘系统。	被封锁的档案
60267	2			60267				Assets/Product/Texture/Image/RoleStory/TatianaNormal014.png	塔季扬娜	我知道了，我们会马上进行商议的。		继续			Assets/Product/Texture/Image/BgStory/BgStory947.jpg		被封锁的档案	Assets/Product/Texture/Image/UiTheatre4/UiTheatre4GridEvent.png	7	被封锁的档案		这位研究人员的情绪非常激动，显然是完全被恐慌冲昏了头脑。但这个警告也不无道理，万一这个被神秘人调取新苏菲亚城的机密信息作为攻击手段，后果确实不堪设想……	被封锁的档案
60268	1											结束			Assets/Product/Texture/Image/BgStory/BgStory947.jpg		被封锁的档案	Assets/Product/Texture/Image/UiTheatre4/UiTheatre4GridEvent.png	7	被封锁的档案		在一番严肃的讨论之后，边境公社最后决定接受研究人员的建议，将这个信息公之于众。\n\n新苏菲亚城的居民听到这个消息之后，一开始短暂地陷入了恐慌，但是很快也有理性的人出来劝导，认为从今之后只要做好终端防护措施，将新的机密信息独立存放，还是可以把影响减到最低。\n\n最终，新苏菲亚城的居民在短时间内自发完成了数据迁移工程，将所有机密数据尽数转移到了没有通讯网络的环境保存。尽管暂时还没有解开关于这座无名实验室主人的谜题，但是经过这次波折，所有人都对“沙盘系统”这个陌生的名字多了一份警惕。\n\n也许总有一天，时间会揭开这一切的谜底……	被封锁的档案
60269	1											继续			Assets/Product/Texture/Image/BgStory/BgStory947.jpg		被封锁的档案	Assets/Product/Texture/Image/UiTheatre4/UiTheatre4GridEvent.png	7	被封锁的档案		最终，新苏菲亚城的居民在短时间内自发完成了数据迁移工程，将所有机密数据尽数转移到了没有通讯网络的环境保存。	被封锁的档案
60270	1											结束			Assets/Product/Texture/Image/BgStory/BgStory947.jpg		被封锁的档案	Assets/Product/Texture/Image/UiTheatre4/UiTheatre4GridEvent.png	7	被封锁的档案		尽管暂时还没有解开关于这座无名实验室主人的谜题，但是经过这次波折，所有人都对“沙盘系统”这个陌生的名字多了一份警惕。\n也许总有一天，时间会揭开这一切的谜底……	被封锁的档案
60271	1											结束			Assets/Product/Texture/Image/BgStory/BgStory947.jpg		被封锁的档案	Assets/Product/Texture/Image/UiTheatre4/UiTheatre4GridEvent.png	7	被封锁的档案		边境公社内部经过了一番商讨，认为这件事波及的范围太广了，不宜对外公布以避免造成更大恐慌。\n\n最后，众人决定将这件事隐瞒下来，但是以暗中继续进行调查的方式，继续调查那座废弃实验室内的谜题。	被封锁的档案
60272	1	60273										继续			Assets/Product/Texture/Image/BgStory/BgStory1145.jpg		梦中的回响	Assets/Product/Texture/Image/UiTheatre4/UiTheatre4GridEvent.png	7	梦中的回响		在一个悠长的梦境中，你感到自己的身体沉眠在一个冰冷的棺柩之中。	梦中的回响
60273	1	60274										继续			Assets/Product/Texture/Image/BgStory/BgStory1145.jpg		梦中的回响	Assets/Product/Texture/Image/UiTheatre4/UiTheatre4GridEvent.png	7	梦中的回响		此处没有任何声音，没有任何光明，甚至不存在根据时间流逝而变化的概念，万物似乎都永远冻结在了这里。	梦中的回响
60274	2			60274				Assets/Product/Texture/Image/RoleStory/V3400tjynNormal03.png	？？	…………你是谁？		继续			Assets/Product/Texture/Image/BgStory/BgStory1145.jpg		梦中的回响	Assets/Product/Texture/Image/UiTheatre4/UiTheatre4GridEvent.png	7	梦中的回响		但就在那透明，一碰即碎的壁界之外，有某种存在，在呼唤着自己。	梦中的回响
60275	1							Assets/Product/Texture/Image/RoleStory/V3400tjynNormal03.png	？？	…………		结束			Assets/Product/Texture/Image/BgStory/BgStory1145.jpg		梦中的回响	Assets/Product/Texture/Image/UiTheatre4/UiTheatre4GridEvent.png	7	梦中的回响		那道身影渐渐地隐去了，消失在浓重粘稠的黑暗之中。	梦中的回响
60276	1							Assets/Product/Texture/Image/RoleStory/V3400tjynNormal03.png	？？	那便去证明，你担当得起这个身份。		结束			Assets/Product/Texture/Image/BgStory/BgStory1145.jpg		梦中的回响	Assets/Product/Texture/Image/UiTheatre4/UiTheatre4GridEvent.png	7	梦中的回响		那道身影渐渐地隐去了，消失在浓重粘稠的黑暗之中。	梦中的回响
60277	2			60277				Assets/Product/Texture/Image/RoleStory/V3400tjynNormal03.png	？？	这一次，你想好要往何方前行了吗？		继续			Assets/Product/Texture/Image/BgStory/BgStory1145.jpg		梦中的回响	Assets/Product/Texture/Image/UiTheatre4/UiTheatre4GridEvent.png	7	梦中的回响		你又回到了这里，回到了这个一无所有，唯有永冬和极夜相随的梦境。	梦中的回响
60278	1							Assets/Product/Texture/Image/RoleStory/V3400tjynNormal03.png	？？	…………		结束			Assets/Product/Texture/Image/BgStory/BgStory1145.jpg		梦中的回响	Assets/Product/Texture/Image/UiTheatre4/UiTheatre4GridEvent.png	7	梦中的回响		那道身影无言地注视着你，没有再回答你的任何提问。	梦中的回响
60279	1							Assets/Product/Texture/Image/RoleStory/V3400tjynNormal03.png	？？	这并不易，希望你已经想好了该如何打破这个樊笼。		结束			Assets/Product/Texture/Image/BgStory/BgStory1145.jpg		梦中的回响	Assets/Product/Texture/Image/UiTheatre4/UiTheatre4GridEvent.png	7	梦中的回响		那道身影似乎在对你微微地颔首了之后，离开了梦境。	梦中的回响
60280	2			60280				Assets/Product/Texture/Image/RoleStory/V3400tjynNormal03.png	？？	我是前来与你道别的，但我想，你的目的也和我一样，终究会离开这里的，对吧？		继续			Assets/Product/Texture/Image/BgStory/BgStory1145.jpg		梦中的回响	Assets/Product/Texture/Image/UiTheatre4/UiTheatre4GridEvent.png	7	梦中的回响		你回到了这个梦境，但这次，你躺在这里再也感觉不到彻骨的凉意，那面壁界也仿佛化为了即将溶解的薄冰，你只要闭上眼，就能听到它在头顶之上静静碎裂的声音。	梦中的回响
60281	1							Assets/Product/Texture/Image/RoleStory/V3400tjynNormal03.png	？？	祝你好运，那我们就在不知道何时，不知道何地的沙盘之外，再次相遇吧。		结束			Assets/Product/Texture/Image/BgStory/BgStory1145.jpg		梦中的回响	Assets/Product/Texture/Image/UiTheatre4/UiTheatre4GridEvent.png	7	梦中的回响		黑影背过身，往传来微光的某个方向迈步走了出去。	梦中的回响
60282	1											结束			Assets/Product/Texture/Image/BgStory/BgStory1145.jpg		沙盘的提示	Assets/Product/Texture/Image/UiTheatre4/UiTheatre4GridEvent.png	7	沙盘的提示		“沙盘”的时间已经流向了无法挽回的另一端，在正确的时间里再一次进入这里吧。	沙盘的提示
60283	1	60284										继续		1	Assets/Product/Texture/Image/BgStory/BgStory995.jpg		沙盘的边缘	Assets/Product/Texture/Image/UiTheatre4/UiTheatre4GridEvent.png	7	沙盘的边缘		在雪原上独行之时，塔季扬娜的心脏仿佛突然被一双无形的手攥住一样，一股强烈的冲动让她必须马上前往一个地方。\n\n她顺着这股奇异的直感驱使，独自骑马前往了冻土边缘的一座废墟之内，果不其然，在里面再次发现了一块残破的机械部件——一个来自机械角鲸身上的音波接收器。\n\n她刚想俯下身子捡起这块部件，身后猛地传来一股冲击——	你再次发现了一个奇点。
60284	1											迎战		1	Assets/Product/Texture/Image/BgStory/BgStory995.jpg		沙盘的边缘	Assets/Product/Texture/Image/UiTheatre4/UiTheatre4GridEvent.png	7	沙盘的边缘		只见一匹巨大的，不应该在这片区域存在的古怪机械，正高举着大刀，向她砍过来！	你再次发现了一个奇点。
60285	1							Assets/Product/Texture/Image/RoleStory/TatianaNormal014.png	塔季扬娜	对了……这块接收器，送去“角鲸”研究所那边，让工作人员解析一下吧。		结束		1	Assets/Product/Texture/Image/BgStory/BgStory995.jpg		沙盘的边缘	Assets/Product/Texture/Image/UiTheatre4/UiTheatre4GridEvent.png	7	沙盘的边缘		塔季扬娜使尽全力，险险战胜了这匹来路不明的机械。她本能察觉到此处不宜久留，于是没有对这匹古怪机械多作解析，迅速地骑着马，带着那块机械部件离开了。\n\n在路上，她抽空观察了几眼那块音波接收器部件，发现内部似乎还有一块记录芯片，其中应该贮存着什么。	你再次发现了一个奇点。
60286	1	60287						Assets/Product/Texture/Image/RoleStory/TatianaNormal014.png	塔季扬娜	奇怪……脚……好像动不了了……		继续		1	Assets/Product/Texture/Image/BgStory/BgStory995.jpg		沙盘的边缘	Assets/Product/Texture/Image/UiTheatre4/UiTheatre4GridEvent.png	7	沙盘的边缘		塔季扬娜使尽全力，险险战胜了这匹来路不明的机械。正打算走上前辨认倒在地上的感染机械身份，身体突然被一股奇怪的感觉笼罩了。	你再次发现了一个奇点。
60287	1							Assets/Product/Texture/Image/RoleStory/V2100gwNormal03.png	“舒尔茨”	你以为……我会犯下两次相同的错误吗？		结束		1	Assets/Product/Texture/Image/BgStory/BgStory995.jpg		沙盘的边缘	Assets/Product/Texture/Image/UiTheatre4/UiTheatre4GridEvent.png	7	沙盘的边缘		那匹本已经被打败，彻底中止运作的感染机械，居然眼部再次亮起了红光，慢慢地重新站了起来。	你再次发现了一个奇点。
60288	1	60289										继续			Assets/Product/Texture/Image/BgStory/BgStory1089.jpg		实现心愿的温泉	Assets/Product/Texture/Image/UiTheatre4/UiTheatre4GridEvent.png	7	实现心愿的温泉		之前派遣出社员去耕作的农场传来回报，她们在开垦的过程中意外发现山上有个温泉眼，经过一番简单修整，已经作为露天公共浴场投入使用了。	实现心愿的温泉
60289	1	60290										继续			Assets/Product/Texture/Image/BgStory/BgStory1089.jpg		实现心愿的温泉	Assets/Product/Texture/Image/UiTheatre4/UiTheatre4GridEvent.png	7	实现心愿的温泉		但在使用过程中，有人发现这座温泉好像存在着“特殊用法”，还说只要往泉眼里投入特定的东西就能实现心愿。	实现心愿的温泉
60290	1	60291										继续			Assets/Product/Texture/Image/BgStory/BgStory1089.jpg		实现心愿的温泉	Assets/Product/Texture/Image/UiTheatre4/UiTheatre4GridEvent.png	7	实现心愿的温泉		随着流言扩散的规模越来越大，这座温泉已经被前来验证传言的人挤得水泄不通，为了让温泉恢复原有的功能，公社成员希望塔季扬娜去验证这个流言的真假。	实现心愿的温泉
60291	2			60167								继续			Assets/Product/Texture/Image/BgStory/BgStory1089.jpg		实现心愿的温泉	Assets/Product/Texture/Image/UiTheatre4/UiTheatre4GridEvent.png	7	实现心愿的温泉		虽然这个流言听上去十分离谱，但毕竟也是一个肩负着众人心愿的委托，她只得带着一堆奇奇怪怪的东西前往了山上……\n\n<color=#3d85c6>不必再用穷举法试错了，就往里面丢入易拉罐罐头吧！</color>	实现心愿的温泉
60292	1	60293										继续			Assets/Product/Texture/Image/BgStory/BgStory575.jpg		无名的实验室	Assets/Product/Texture/Image/UiTheatre4/UiTheatre4GridEvent.png	7	无名的实验室		负责发掘黄金时代残迹的先遣队回报，他们在雪脉里发现了一座无名的实验室，其中似乎封存着大量的研究资料。	无名的实验室
60293	2			60133								继续			Assets/Product/Texture/Image/BgStory/BgStory575.jpg		无名的实验室	Assets/Product/Texture/Image/UiTheatre4/UiTheatre4GridEvent.png	7	无名的实验室		但若想取得进一步的探索成果，就要调遣出更多的人员了。\n\n<color=#3d85c6>某种不明白缘由的直觉好像在呼唤着你，应该抓紧时间前往这座实验室。</color>	无名的实验室
60294	1	60295										继续			Assets/Product/Texture/Image/BgStory/BgStory574.jpg		冰层下的遗物	Assets/Product/Texture/Image/UiTheatre4/UiTheatre4GridEvent.png	7	冰层下的遗物		新苏菲亚城成立了对机械角鲸进行考察的科考站。不久后传来回报，在某座冰湖的冰层下方疑似发现了仿生机械制造工厂的遗址。	冰层下的遗物
60295	2			60144								继续			Assets/Product/Texture/Image/BgStory/BgStory574.jpg		冰层下的遗物	Assets/Product/Texture/Image/UiTheatre4/UiTheatre4GridEvent.png	7	冰层下的遗物		塔季扬娜和几位科考人员前往那座冰湖勘探，只见湖面覆盖着一层几米高的巨大冰块，将这座沉降到湖底的机械工厂牢牢封印于其中，恐怕很难采取常规手段直接挖掘。\n\n<color=#3d85c6>不知道为何，你脑海中冒出一个念头，“不妨再大胆一些，直接把湖底挖穿如何？”</color>	冰层下的遗物
60296	1	60297										继续			Assets/Product/Texture/Image/BgStory/BgStory1107.jpg		塔顶的占星师	Assets/Product/Texture/Image/UiTheatre4/UiTheatre4GridEvent.png	7	塔顶的占星师		在一次短途探索中，众人在雪林深处发现了某座古老的高塔，而塔顶上还住着一位极地先民——一位占星师少女。\n由于多年深居简出，加上此处地理位置特殊，她居然独自一人侥幸逃过了感染体的魔掌。	塔顶的占星师
60297	2			60297				Assets/Product/Texture/Image/RoleStory/V2110npcNormal02.png	占星少女	天空中最闪耀的星星……是哪一颗？		继续			Assets/Product/Texture/Image/BgStory/BgStory1107.jpg		塔顶的占星师	Assets/Product/Texture/Image/UiTheatre4/UiTheatre4GridEvent.png	7	塔顶的占星师		为了答谢一行人告诉她外部的现状，她决定为众人送上一场免费的占卜……但按照惯例，需要和她进行几轮简单的问答，以决定占卜的答案。\n\n<color=#3d85c6>你观察着她的神情，隐约有种预感，正确答案并不是“北极星”。</color>	塔顶的占星师
60298	1	60300						Assets/Product/Texture/Image/RoleStory/V2110npcNormal02.png	占星少女	好的，下一题……		继续			Assets/Product/Texture/Image/BgStory/BgStory1107.jpg		塔顶的占星师	Assets/Product/Texture/Image/UiTheatre4/UiTheatre4GridEvent.png	7	塔顶的占星师		占星少女脸上的表情没有任何变化，似乎不可置否。	塔顶的占星师
60299	3	60161				[15001]		Assets/Product/Texture/Image/RoleStory/V2110npcNormal02.png	占星少女	已经很久没人能发现这句话里的漏洞了……不，没错，太阳当然是星体，也是我们能看到的最闪耀的存在，你的答案是正确的。		继续			Assets/Product/Texture/Image/BgStory/BgStory1107.jpg		塔顶的占星师	Assets/Product/Texture/Image/UiTheatre4/UiTheatre4GridEvent.png	7	塔顶的占星师		占星少女的神情有些惊讶。	塔顶的占星师
60300	2			60157				Assets/Product/Texture/Image/RoleStory/V2110npcNormal02.png	占星少女	太阳和地球之中，在转动着的，是哪一方？		继续			Assets/Product/Texture/Image/BgStory/BgStory1107.jpg		塔顶的占星师	Assets/Product/Texture/Image/UiTheatre4/UiTheatre4GridEvent.png	7	塔顶的占星师		占星少女翻动着手上的笔记本，再次抛出了一个问题：\n\n<color=#3d85c6>注意，她又道出了一个陷阱，“转动”这件事并不是相对而言的。</color>	塔顶的占星师
60301	1	60302										继续			Assets/Product/Texture/Image/BgStory/BgStory949.jpg		不止之梦	Assets/Product/Texture/Image/UiTheatre4/UiTheatre4GridEvent.png	7	不止之梦		最近营地里有不少人因为噩梦困扰来找塔季扬娜商谈，令人惊奇的是，困扰他们的噩梦似乎都是同一个。	不止之梦
60302	1	60303										继续			Assets/Product/Texture/Image/BgStory/BgStory949.jpg		不止之梦	Assets/Product/Texture/Image/UiTheatre4/UiTheatre4GridEvent.png	7	不止之梦		据他们描述，最近入睡后一直反复在做一个不能结束的噩梦，在那个世界里面，人类被凶暴的机械体统治了，营地里的人也沦为了它们的阶下囚。	不止之梦
60303	1	60304										继续			Assets/Product/Texture/Image/BgStory/BgStory949.jpg		不止之梦	Assets/Product/Texture/Image/UiTheatre4/UiTheatre4GridEvent.png	7	不止之梦		不论是服用安眠药物还是挂上捕梦网，都无法阻止这个噩梦侵袭，只要一入睡，噩梦就会自动从前一天结束的位置延续。	不止之梦
60304	2			60197				Assets/Product/Texture/Image/RoleStory/TatianaNormal015.png	塔季扬娜	测试文本		继续			Assets/Product/Texture/Image/BgStory/BgStory949.jpg		不止之梦	Assets/Product/Texture/Image/UiTheatre4/UiTheatre4GridEvent.png	7	不止之梦		营地里的人都被这个无法挣脱的噩梦深深困扰，不止影响了第二天的工作效率，甚至还有一部分人因此患上恐睡症，所以希望塔季扬娜能想想办法帮他们解决这个麻烦。\n\n<color=#3d85c6>这还不简单？都知道自己就在梦里面了，那就朝着梦中的“恶人”反抗不就好了？</color>	不止之梦
70001	1	70002										继续			Assets/Product/Texture/Image/BgCg/Cg5001_05.jpg		测试文本	Assets/Product/Texture/Image/UiTheatre4/UiTheatre4GridEvent.png	7	测试文本		测试文本	测试文本
70002	1					[15001, 12028, 12029, 12030]		Assets/Product/Texture/Image/RoleStory/V230zhgNormal01.png	投影者	测试文本		结束			Assets/Product/Texture/Image/BgCg/Cg5001_05.jpg		测试文本	Assets/Product/Texture/Image/UiTheatre4/UiTheatre4GridEvent.png	7	测试文本		测试文本	测试文本
70003	1	70004										继续			Assets/Product/Texture/Image/BgStory/BgStory1219.jpg		测试文本	Assets/Product/Texture/Image/UiTheatre4/UiTheatre4GridEvent.png	7	测试文本		测试文本	测试文本
70004	1	70023										继续			Assets/Product/Texture/Image/BgStory/BgStory1219.jpg		测试文本	Assets/Product/Texture/Image/UiTheatre4/UiTheatre4GridEvent.png	7	测试文本		测试文本	测试文本
70005	1	70006										继续			Assets/Product/Texture/Image/BgStory/BgStory1107.jpg		测试文本	Assets/Product/Texture/Image/UiTheatre4/UiTheatre4GridEvent.png	7	测试文本		测试文本	测试文本
70006	1					[15001, 12046, 12047, 12048]						收下馈赠			Assets/Product/Texture/Image/BgStory/BgStory1107.jpg		测试文本	Assets/Product/Texture/Image/UiTheatre4/UiTheatre4GridEvent.png	7	测试文本		测试文本	测试文本
70007	1	70008										继续			Assets/Product/Texture/Image/BgStory/BgStory1089.jpg		测试文本	Assets/Product/Texture/Image/UiTheatre4/UiTheatre4GridEvent.png	7	测试文本		测试文本	测试文本
70008	1					[15001, 12028, 12029, 12030]						收下馈赠			Assets/Product/Texture/Image/BgStory/BgStory1089.jpg		测试文本	Assets/Product/Texture/Image/UiTheatre4/UiTheatre4GridEvent.png	7	测试文本		测试文本	测试文本
70009	1	70010										继续			Assets/Product/Texture/Image/BgStory/BgStory1157.jpg		测试文本	Assets/Product/Texture/Image/UiTheatre4/UiTheatre4GridEvent.png	7	测试文本		测试文本	测试文本
70010	2			70010								继续			Assets/Product/Texture/Image/BgStory/BgStory1157.jpg		测试文本	Assets/Product/Texture/Image/UiTheatre4/UiTheatre4GridEvent.png	7	测试文本		测试文本	测试文本
70011	1	70012										继续			Assets/Product/Texture/Image/BgStory/BgStory1157.jpg		测试文本	Assets/Product/Texture/Image/UiTheatre4/UiTheatre4GridEvent.png	7	测试文本		测试文本	测试文本
70012	1											结束			Assets/Product/Texture/Image/BgStory/BgStory1157.jpg		测试文本	Assets/Product/Texture/Image/UiTheatre4/UiTheatre4GridEvent.png	7	测试文本		测试文本	测试文本
70013	1	70014										继续			Assets/Product/Texture/Image/BgStory/BgStory1157.jpg		测试文本	Assets/Product/Texture/Image/UiTheatre4/UiTheatre4GridEvent.png	7	测试文本		测试文本	测试文本
70014	1					[15001, 12046, 12047, 12048]						结束			Assets/Product/Texture/Image/BgStory/BgStory1157.jpg		测试文本	Assets/Product/Texture/Image/UiTheatre4/UiTheatre4GridEvent.png	7	测试文本		测试文本	测试文本
70015	1	70016										继续			Assets/Product/Texture/Image/BgStory/BgStory995.jpg		测试文本	Assets/Product/Texture/Image/UiTheatre4/UiTheatre4GridEvent.png	7	测试文本		测试文本	测试文本
70016	2			70016								继续			Assets/Product/Texture/Image/BgStory/BgStory995.jpg		测试文本	Assets/Product/Texture/Image/UiTheatre4/UiTheatre4GridEvent.png	7	测试文本		测试文本	测试文本
70017	1	70018						Assets/Product/Texture/Image/RoleStory/ShihuangzhenvNormal02.png	公社的成员	测试文本		继续			Assets/Product/Texture/Image/BgStory/BgStory995.jpg		测试文本	Assets/Product/Texture/Image/UiTheatre4/UiTheatre4GridEvent.png	7	测试文本		测试文本	测试文本
70018	1					[15001, 12046, 12047, 12048]		Assets/Product/Texture/Image/RoleStory/V3200YFNormal01.png	塔季扬娜的父亲	测试文本		结束			Assets/Product/Texture/Image/BgStory/BgStory995.jpg		测试文本	Assets/Product/Texture/Image/UiTheatre4/UiTheatre4GridEvent.png	7	测试文本		测试文本	测试文本
70019	1	70020										继续		1	Assets/Product/Texture/Image/BgStory/BgStory771.jpg		测试文本	Assets/Product/Texture/Image/UiTheatre4/UiTheatre4GridEvent.png	7	测试文本		测试文本	测试文本
70020	1							Assets/Product/Texture/Image/RoleStory/V2100gwNormal03.png	“舒尔茨”投影残躯	测试文本		继续		1	Assets/Product/Texture/Image/BgStory/BgStory771.jpg		测试文本	Assets/Product/Texture/Image/UiTheatre4/UiTheatre4GridEvent.png	7	测试文本		测试文本	测试文本
70021	1	70022										继续		1	Assets/Product/Texture/Image/BgStory/BgStory771.jpg		测试文本	Assets/Product/Texture/Image/UiTheatre4/UiTheatre4GridEvent.png	7	测试文本		测试文本	测试文本
70022	1							Assets/Product/Texture/Image/RoleStory/V230zhgNormal01.png	投影者	测试文本		结束		1	Assets/Product/Texture/Image/BgStory/BgStory771.jpg		测试文本	Assets/Product/Texture/Image/UiTheatre4/UiTheatre4GridEvent.png	7	测试文本		测试文本	测试文本
70023	2			70004								继续			Assets/Product/Texture/Image/BgStory/BgStory1219.jpg		测试文本	Assets/Product/Texture/Image/UiTheatre4/UiTheatre4GridEvent.png	7	测试文本		测试文本	测试文本
