Id	Key	Text
	Success	成功
1	Fail	失败
2	ServerInternalError	游戏服务器间出错，暂时无法使用
3	ServiceUnavailable	当前服务未开放，暂无法使用
4	InvalidRequest	非法请求
5	ParamsError	参数错误
1001	GateServerNotOpen	服务器暂未开放\n开服时间
1002	GateServerUpperLimit	服务器人数已达上限
1003	LoginApplicationVersionError	包体版本与服务器版本不匹配
1004	LoginDocumentVersionError	游戏资源已更新，请重新启动
1005	LoginTableError	配置表客户端和服务端不一致
1006	LoginInvalidStatus	登录请求错误，当前未握手
1007	LoginInvalidLoginToken	账号已过期，请重新登录
1008	LoginInvalidUserId	账号不存在
1009	LoginAccessDenied	账号没有权限
1010	LoginLoadMemberFailed	加载数据失败
1011	LoginServiceInvalidLoginType	
1012	LoginServiceInvalidToken	Token无效
1013	LoginServiceRetry	重试登录
1014	LoginServiceAlreadyLogin	玩家已登录
1015	LoginServiceInternalError	分配游戏服务器出错
1016	LoginServiceEnterGameServerFailed	登录游戏失败
1017	LoginServiceLoadPlayerDataFailed	加载玩家数据失败
1018	GateServerForceLogoutByAnotherLogin	账号在其他地方登录
1019	GateServerKcpInvalidRequest	
1020	GateServerKcpSessionAlreadyCreated	
1021	GameServerFullLoad	服务器已满员，请稍后再试
1022	GameServerNotOpen	游戏服未开放
1023	GameServerHasNoUsableVersion	没有可适配版本的游戏服
1024	GameServerIsMaintenance	游戏服更新中，请稍后重试
1025	GameServerIsCordoned	1025游戏服已禁用
1026	KickOutByBanned	违规强制下线
1027	KickOutByGm	账号已被冻结
1028	LoginDeviceIdLimit	设备Id不一致
1029	KickOutByForce	你已被强制下线
1030	ReconnectInvalidToken	重连失败1
1031	ReconnectPlayerLogout	重连失败2
1032	ReconnectInvalidSeqNo	重连失败3
1033	ReconnectUnable	无法重连
1034	GameServerLoginQueueFull	当前登陆人数过多
1035	GameServerAlreadyInLoginQueue	正在登陆中
20000001	PlayerFunctionNotOpen	功能未开启
20000002	PlayerFunctionShield	系统已关闭
20000003	PlayerChangeDisplayCharIdCharIsNotOwned	尚未拥有此角色
20000004	PlayerMedalIsNotOwned	尚未拥有此勋章
20000005	PlayerDisplayCharIdListFull	20000005助理队列已满
20000006	PlayerDisplayCharIdExit	20000006助理已存在队列
20000007	PlayerDisplayCharIdNotExit	20000007助理不存在
20000008	PlayerDisplayRemoveCountLimited	20000008助理不可少于一个
20000009	PlayerDisplayCharIdNoExit	20000009找不到首席助理
20000010	PlayerFunctionNotOpenTime	20000010
20000011	PlayerFunctionNotOpenShield	20000011
20000012	PlayerFunctionIdNotFound	20000012找不到功能ID
20001001	RpcRequestQpsLimited	20001001请求频率过高
20001002	RpcRequestQpsLimitConfigIsDisable	20001002请求QPS限制配置为不可请求
20002001	PlayerDataManagerGetPlayerMaxExpFail	获取玩家最大经验失败
20002002	PlayerDataManagerChangeNameTimeLimit	改名冷却中，还剩{0}时{1}分
20002003	PlayerDataManagerChangeNameInvalid	名字不符合规定，请重新检查
20002004	PlayerDataManagerChangeSignInvalid	签名不符合规定，请重新检查
20002005	PlayerDataManagerChangeMarkInvalid	玩家修改记录非法
20002006	PlayerDataManagerAssistRoleIdIsSet	不能设置重复角色
20002007	PlayerDataManagerBirthdayInValid	请填写正确的日期
20002008	PlayerDataManagerBirthdayAlreadySet	您已经设置过出身日期
20002009	PlayerDataManagerChangeCommunicationInvalid	信息变更无效
20002010	PlayerDataManagerReportTimeLimit	举报冷却中
20002011	PlayerDataManagerReportTagInvalid	举报类型错误
20002012	PlayerDataManagerNameIsTooLong	名字不能超过8个字
20002013	PlayerDataManagerAssistCanNotSetInfection	独域机体无法被设置为支援角色
20002014	PlayerDataManagerGetHonorLevelMaxExpFail	
20002015	PlayerDataManagerLevelNotMaxLevel	
20002016	PlayerDataManagerHonorLevelCartoonAlreadyOpen	
20002017	PlayerDataRenameBanned	玩家重命名被禁止
20002018	PlayerDataSignBanned	玩家签名被禁止
20002019	PlayerDataPcSelectMoneyCardIdBanned	20002019非PC平台不能进行此项操作
20002020	PlayerGenderCfgNotExist	20002020性别配置不存在
20002021	PlayerGenderIsSame	性别未修改，如需修改请重新选择
20002022	PlayerDataManagerChangeGenderTimeLimit	性别修改冷却期中，请耐心等候
20002023	PlayerDataManagerPointMarkCfgNoExit	20002023蓝点配置不存在
20002024	PlayerDataManagerPointTypeNoExit	20002024蓝点类型不存在
20003001	FubenManagerCheckTreasureIsGet	章节宝箱奖励已经领取
20003002	FubenManagerCheckPreMapNotFound	关卡Id不存在
20003003	FubenManagerCheckPreMapNotPass	前置关卡未通过
20003004	FubenManagerCheckLevelNotEnough	等级不足
20003005	FubenManagerCheckActionPointNotEnough	血清不足
20003006	FubenManagerCheckChallengeNumNotEnough	挑战次数不足
20003007	FubenManagerCheckTreasureSectionIdInvalid	宝箱所属章节ID错误
20003008	FubenManagerCheckTreasureIdInvalid	宝箱ID非法
20003009	FubenManagerCheckTreasureStarsNotEnough	领取宝箱奖励所需的星星数不足
20003010	FubenManagerCheckTreasureRewardRepeat	重复领取宝箱奖励
20003011	FubenManagerCheckStageInfoNotFound	
20003012	FubenManagerCheckPreFightStageInfoNotFound	战前检查获取StageInfo失败
20003013	FubenManagerCheckPreFightUrgentEventMapNotOpen	关卡尚未开启
20003014	FubenManagerChallengeWinFightIdNotMatch	副本数据不匹配(0)
20003015	FubenManagerChallengeWinPreFightDataNotMatch	副本数据不匹配(1)
20003016	FubenManagerChallengeLoseFightIdNotMatch	副本数据不匹配(2)
20003017	FubenManagerChallengeLoseStageCfgNotFound	副本数据不匹配(3)
20003018	FubenManagerChallengeLosePreFightDataNotMatch	副本数据不匹配(4)
20003019	FubenManagerStageAllReadyMaxChallegeCount	副本已经达到最大挑战次数
20003020	FubenManagerStageAllReadyMaxBuyCount	副本已经达到最大购买次数
20003021	FubenManagerFinishToStageStageNotFound	副本不存在
20003022	FubenManagerFightIntervalFast	副本战斗时间过快
20003023	FubenManagerRebootCountNotMatch	副本复活次数不匹配
20003024	FubenManagerStageLocked	关卡尚未解锁
20003025	FubenManagerStageCharacterTypeError	出战角色类型错误
20003026	FubenManagerCardIdTypeNotSame	角色类型不相同
20003027	FubenControlPreFightParamsError	队伍信息有误
20003028	FubenManagerBfrtNotGroup	据点不存在
20003029	FubenManagerBfrtPreIdNotFinish	请先完成前置据点
20003030	FubenManagerBfrtNotChallengeCount	挑战次数不足
20003031	FubenManagerBfrtEchelonNotFound	梯队配置id不存在
20003032	FubenManagerBfrtWinParamError	据点结算不匹配
20003033	FubenManagerBfrtTeamError	梯队出战人数错误
20003034	FubenManagerBfrtServerTeamError	服务器出战队伍错误
20003035	FubenManagerBfrtServerTeamNotEqualClientTeam	出战人数错误
20003036	FubenManagerBfrtClientCharacterIdNotInServerTeam	出战角色错误
20003037	FubenManagerBfrtStageNotFinish	请先挑战上一关
20003038	FubenManagerBfrtSetTeamFightInfoIdsNotEqualConfigIds	出战队伍数量错误
20003039	FubenManagerBfrtSetTeamLogisticsNotEqualConfigIds	后勤队伍数量错误
20003040	FubenManagerFightRebootFightIdNotMatch	战斗复活FightId不匹配
20003041	FubenManagerFightRebootCountNotMatch	战斗复活次数不匹配
20003042	FubenManagerFightRebootStageNotFound	战斗复活副本不存在
20003043	FubenManagerGetFightRebootTemplateNotFound	战斗复活配置不存在
20003044	FubenManagerGetFightRebootRebootCountIllegal	战斗复活次数非法
20003045	FubenManagerCheckFightRebootTeamIsEmpty	战斗复活队伍为空
20003046	FubenManagerMultipleObjectsInTheSameLocation	20003046同一位置使用了多个对象
20003047	FubenBossSingleIsRefresh	幻痛囚笼已刷新
20003048	FubenBossSingleChallengeCountNotEnough	挑战次数不足
20003049	FubenBossSingleCharacterPointsNotEnough	挑战角色耐力不足
20003050	FubenBossSingleGetBossSingleDataLevelTypeIllegal	等级类型非法
20003051	FubenBossBossStageListNotFound	关卡列表不存在
20003052	FubenBossSingleScoreRewardIsNotExist	该奖励不存在
20003053	FubenBossSingleScoreRewardIsNotAvailable	20003053囚笼分数奖励不在有效时间
20003054	FubenBossSingleScoreRewardIsGot	奖励已领取
20003055	FubenBossSingleScoreRewardTypeError	领取奖励类型错误
20003056	FubenBossSingleScoreIsNotEnough	当前积分不够领取奖励
20003057	FubenBossSingleHistoryIsNotExist	没有历史记录
20003058	FubenBossSingleStageCanNotAutoFight	该关卡不能自动战斗
20003059	FubenBossSingleStageIsNotExist	关卡不存在
20003060	FubenBossSingleSaveScoreIllegality	不能重复保存
20003061	FubenBossSingleAutoFightCountNotEnough	次数不够
20003062	FubenBossSingleCurScoreIsBigThanHistory	自动战斗讨伐值低于现有讨伐值
20003063	FubenBossSingleHideStageNotOpen	隐藏关卡未开放
20003064	FubenBossSingleIsAutoFighting	自动战斗中
20003065	FubenBossSingleAlreadySelectLevelType	已选择难度
20003066	FubenBossSingleLevelIdNotExist	难度id不存在
20003067	FubenBossSingleLevelTypeBossNotExist	该难度boss不存在
20003068	FubenBossSinglePreLevelTypeNotSatisfy	难度选择条件不满足
20003069	FubenBossSingleMaxScoreNotEnough	最大积分不够
20003070	FubenBossSingleLevelTypeNotSelect	请先选择难度
20003071	FubenBossSingleRankIsNotAvailable	20003071囚笼排行榜未开启
20003072	FubenBossSingleChallengeIsNotAvailable	20003072凹分区未开启
20003073	FubenBossSingleStageTypeError	20003073关卡类型错误
20003074	FubenBossSingleConflictRecordInCd	20003074冲突记录cd中
20003075	FubenBossSingleWrongRankType	20003075无效的排行榜类型
20003076	FubenBossSingleResetNoOpen	20003076囚笼重置未开启
20003077	FubenBossSingleResetGradeLimit	20003077囚笼重置分区限制
20003078	FubenBossSingleResetNoStageRecordData	20003078囚笼重置没有当前关卡数据
20003079	FubenBossSingleResetCharacterPointData	20003079囚笼重置没有角色耐力数据
20003080	FubenBossSingleResetAlready	20003080囚笼关卡已经重置
20003081	FubenBossSingleChallengeNoFeatureGroupData	20003081囚笼鏖战点没有当前词缀组数据
20003082	FubenBossSingleChallengeNoBuffGroupData	20003082囚笼鏖战点没有当前额外词缀组数据
20003083	FubenBossSingleChallengeBuffGroupNotMatchStage	20003083囚笼鏖战点额外词缀组与关卡不对应
20003084	FubenBossOnlineSectionNotFound	找不到章节信息
20003085	FubenMainLinePassTimesNotEnough	主线挑战次数不足
20003086	FubenMainLineChapterIsNotExist	章节不存在
20003087	FubenMainLineActivityHideChapterNotOpen	隐藏章节活动未开启
20003088	FubenMainLineActivityVariationsChapterNotOpen	20003074主线活动异变章节未开启
20003089	FubenPrequelStageNotPass	关卡尚未通关
20003090	FubenPrequelStageRewardAlready	星级奖励已领取
20003091	FubenPrequelStageIdError	无效的前传关卡
20003092	FubenPrequelCoverIdError	无效的前传封面Id
20003093	FubenPrequelChallengeIdError	无效的前传挑战Id
20003094	FubenPrequelChallengeLock	前传关卡尚未解锁
20003095	FubenPrequelChallengeUnlockAlready	前传关卡已经解锁
20003096	FubenPrequelChallengeCountLimit	挑战次数不足
20003097	FubenPrequelChapterNotFind	碎片关卡对应间章不存在
20003098	FubenPrequelCoverNotFind	20003084碎片关卡对应表配置不存在
20003099	FubenManagerAutoFightStageNotExist	副本不存在
20003100	FubenManagerAutoFightStageInvalid	副本无效
20003101	FubenManagerAutoFightHaventPassed	副本未通关
20003102	FubenManagerAutoFightPoolIsFull	队伍数量已满
20003103	FubenManagerAutoFightAlreadyRunning	自动作战中
20003104	FubenManagerAutoFightNotEnoughTimes	剩余挑战次数不足
20003105	FubenManagerAutoFightNotEnoughActionPoint	体力不足
20003106	FubenManagerAutoFightIndexInvalid	自动作战编号无效
20003107	FubenManagerAutoFightStageNotMatch	自动作战副本不匹配
20003108	FubenManagerAutoFightNotComplete	自动作战未完成
20003109	FubenManagerTrialIdIsNotFound	试炼副本不存在
20003110	FubenManagerTrialPreIdIsNotPass	请先通关前置关卡
20003111	FubenManagerTrialIdIsNotPass	请先通关
20003112	FubenManagerTrialPassRewardAlreadyGet	通关奖励已领取
20003113	FubenManagerTrialTypeRewardIsNotExit	奖励不存在
20003114	FubenManagerTrialTypeRewardAlreadyGet	奖励已领取
20003115	FubenManagerTrialTypeRewardIsNotFinish	关卡未完成
20003116	FubenManagerDailyChapterNotFound	找不到日常本章节配置
20003117	FubenManagerDailySectionNotFound	找不到日常本配置
20003118	FubenManagerDailyConditionInvalid	无效的日常本条件配置
20003119	FubenManagerDailyTimeNotFit	未到达开启时间
20003120	FubenManagerAutoFightTimesError	自动战斗次数错误
20003121	FubenManagerBossSingleResetCanNotSaveScore	玩法已刷新，无法保存记录
20003122	FubenManagerBossSingleDataIsRefresh	副本数据已刷新，请重新打开页面
20003123	FubenManagerStartFightIntervalFast	副本挑战间隔过快
20003124	FubenAssignChapterNotFound	章节信息配置异常
20003125	FubenAssignGroupNotFound	关卡信息配置异常
20003126	FubenAssignTeamInfoNotFound	队伍信息配置异常
20003127	FubenAssignGroupFightCountLimit	挑战次数已用尽
20003128	FubenAssignGroupTeamNotSet	队伍未设置，不能出战
20003129	FubenAssignFightCardCountError	出战成员数量有误，无法出战
20003130	FubenAssignFightCardNotInTeam	边界公约出战角色未在队伍中
20003131	FubenAssignFightGroupIdNotMatch	边界公约关卡组不匹配
20003132	FubenAssignFightStageAlreadyFinish	边界公约关卡已完成
20003133	FubenAssignFightPreStageNotFinish	边界公约前置关卡未完成
20003134	FubenAssignWinStageNotMatch	边界公约胜利关卡不匹配
20003135	FubenAssignWinGroupIdNotMatch	边界公约胜利关卡组不匹配
20003136	FubenAssignGroupTeamListNotFound	队伍列表不存在，不能出战
20003137	FubenAssignPreGroupNotFinish	前置章节未完成
20003138	FubenAssignTeamListIsEmpty	队伍数量为空，不能出战
20003139	FubenAssignTeamCountError	队伍数量与要求不符，不能出战
20003140	FubenAssignTeamIsEmpty	队伍人数不足，不能出战
20003141	FubenAssignTeamMemberCountLimit	队伍人数与要求不符，不能出战
20003142	FubenAssignTeamMemberRepeated	队伍成员重复，不能出战
20003143	FubenAssignChapterNotFinish	章节未完成
20003144	FubenAssignChapterUseSameCharacter	角色已被安排驻守
20003145	FubenAssignChapterCharacterAlreadyUse	角色已在其他区域驻守
20003146	FubenAssignChapterRewardAlreadyGet	章节奖励已领取
20003147	FubenAssignStageInfoNotFound	20003132关卡信息未找到
20003148	FubenAssignGroupInfoNotExist	20003133当前节点没有进度
20003149	FubenAssignGroupStageNotFinish	20003134当前节点关卡未完成，不能重置
20003150	FubenAssignFinishedStageCanNotChangeTeam	20003135已完成的关卡不能改变队伍
20003151	FubenManagerFightRestartFightIdNotMatch	战斗重开战斗Id不匹配
20003152	FubenManagerFightRestartPreFightDataNotMatch	战斗重开战斗数据不匹配
20003153	FubenSpeedrunTemplateNotFound	20003150未找到速通模式关卡ID
20003154	FubenSpeedrunStageInfoNotFound	20003151未找到速通模式关卡ID信息
20003155	FubenSpeedrunModeLocked	20003152速通模式未解锁
20003156	FubenBfrtChapterNotOpen	该据点章节未开放
20003157	FubenBfrtTeamSetCharacterRepeat	设置队伍角色重复
20003158	FubenManagerStageConfigNotExist	关卡配置不存在
20003159	FubenFightNpcIsNullOrEmpty	上阵角色不能为空
20003160	FubenFightCharacterAndNpcIndexRepeat	20003149上阵机器人数据与Npc数据位置冲突
20003161	FubenRepeatedCharacter	不能存在相同的上阵角色
20003162	FubenActivityReset	活动已重置
20003163	FubenBossSingleIsNotTrialStage	20003137该关卡不是体验关
20003164	FubenStageCharacterNpcIdCfgNotExit	20003139找不到该关卡类型的角色NpcId配置
20003165	FubenManagerBfrtClearIsNotOpen	据点不可一键通关
20003166	FubenManagerBfrtNotSetTeam	据点没有设置队伍
20003167	FubenManagerBfrtGroupTeamSeqCfgNotFound	找不到据点队伍配置
20003168	FubenManagerBfrtTeamFightNotEnough	战力不足，无法一件通关
20003169	FubenManagerBfrtProgressStageNotExist	关卡没有压制，无法重置
20003170	FubenManagerBfrtNotCourseRewardToReceived	没有可领取的历程奖励
20003171	FubenManagerBfrtGroupIsNotPass	据点未通关，无法领取
20003172	FubenManagerBfrtGroupRewardAlreadyReceived	据点奖励已领取
20003173	FubenManagerBfrtGroupRewardNotFound	据点没有找到对应的奖励
20004001	TeamManagerGetTeamIdFail	获取队伍ID失败
20004002	TeamManagerPrefabExceedMax	队伍预设达到上限
20004003	TeamManagerSetTeamParaError	队伍设置数量错误
20004004	TeamManagerPrefabCharacterTypeNotSame	预设角色类型不相同
20004005	TeamManagerCanNotFindThePrefabTeam	20004005找不到该预设队伍
20004006	TeamManagerCharacterIsEmptyCanNotCarryPartner	20004006站位没有角色不能携带辅助机
20004007	TeamManagerThisTeamPosIsNotExist	20004007站位不存在
20004008	TeamManagerPrefabPartnerSkillIsEmpty	20004006辅助机预设技能不能为空
20004009	TeamManagerPrePartnerIsEmptyCanNotCarrySkill	20004008辅助机预设为空不能设置技能
20004010	TeamManagerCharacterIsEmptyCanNotPutOnEquip	20004010站位没有角色不能穿戴装备
20004011	TeamManagerPrefabTeamAlreadyOnTop	20004011该编队已在最上面
20004012	TeamManagerPrefabTeamEquipRepeat	20004012预设编队存在重复穿着装备
20004013	TeamManagerPrefabTeamResonanceRepeat	20004013预设编队存在重复穿着共鸣
20004014	TeamManagerPrefabCharacterEquipEmpty	20004014站位角色装备数据为空
20004015	TeamManagerPrefabTeamNameEmpty	20004015编队名不能为空
20004016	TeamManagerPrefabTeamPartnerRepeat	20004016预设编队存在重复装备辅助机器
20004017	TeamManagerPrefabTeamSameCharacter	20004017预设编队存在重复角色
20004018	TeamManagerPrefabTeamEquipDataIsNull	20004018预设编队装备数据不能设置为空
20007001	FightProxyManagerEnterIsExist	玩家在其他战斗中
20007002	FightProxyManagerGetFightProxyFail	获取战斗代理失败
20007003	FightProxyManagerGetFightProxyForPlayerFail	获取战斗代理失败（玩家）
20007004	FightProxyManagerPlayerIdRepeat	获取战斗代理失败（玩家）
20007005	FightProxyManagerFightProxyNotFound	获取战斗代理失败（玩家）
20008001	FightProxyDoOperationNotRunning	战斗不在运行中
20008002	FightProxyIsRunningFail	战斗正在运行中
20008003	FightProxyFightCompleteNotInFight	战斗未结束
20008004	FightProxyLoadCompleteFail	战斗不在加载状态
20008005	FightProxyGetFightDataPlayerIdNotFound	获取战斗代理获取玩家信息失败
20008006	FightProxyDoOperationPlayerIdNotFound	战斗操作异常
20008007	FightProxyLoadTimeout	战斗服加载超时
20008008	FightProxyFightTimeout	战斗服战斗超时
20008009	FightProxySettleTimeout	战斗服结算超时
20008010	FightProxyJoinFightPlayerNotFound	战斗服加入战斗玩家不存在
20008011	FightProxyGetFightPlayerNotFound	战斗服获取战斗玩家失败
20008012	FightProxyInvalidPlayerId	找不到角色
20008013	FightProxyInvalidToken	无效的token
20008014	FightProxyInvalidFightId	无效的战斗Id
20008015	FightProxyFightAlreadyStart	战斗已经开始
20008016	FightProxyFightAlreadyFinish	战斗已经结束
20008017	FightProxyInvalidFrameIndex	无效的战斗帧数
20008018	FightProxyRepeatJoin	有进行中的战斗未退出
20008019	FightProxyReJoinWorldNoError	重进的战斗跟进行中的战斗不匹配
20008020	FightProxyWorldRebootCountNotMatch	复活次数不匹配
20008021	FightProxyWorldAlreadyMaxRebootCount	以达到可复活最大次数
20009001	CharacterManagerGetCharacterTemplateNotFound	获取角色模板失败
20009002	CharacterManagerGetLevelUpTemplateNotFound	获取角色升级模板失败
20009003	CharacterManagerGetGradeTemplateNotFound	获取角色突破模板失败
20009004	CharacterManagerGetQualityFragmentTemplateNotFound	获取角色品质碎片模板失败
20009005	CharacterManagerGetQualityTemplateNotFound	获取角色品质模板失败
20009006	CharacterManagerGetSkillUpgradeTemplateNotFound	获取技能升级信息失败
20009007	CharacterManagerGetSkillTemplateNotFound	获取角色技能模板失败
20009008	CharacterManagerSkillNotFound	找不到该技能
20009009	CharacterManagerGetStarUseCountParamsError	获取升星材料参数错误
20009010	CharacterManagerGetStarUseCountStarError	获取升星材料星星错误
20009011	CharacterManagerGetCharacterByIdNotFound	找不到角色
20009012	CharacterManagerCreateCharacterFail	创建角色失败
20009013	CharacterManagerNewCharacterDataIsNil	角色数据为空
20009014	CharacterManagerLevelUpMaxLevel	角色已满级
20009015	CharacterManagerAddStarFail	增加星星失败
20009016	CharacterManagerMaxQuality	角色已达最高品质
20009017	CharacterManagerActivateStarMaxStar	已进化至最高等级
20009018	CharacterManagerPromoteQualityStarNotEnough	进化条件不足
20009019	CharacterManagerMaxGrade	角色改造已满级
20009020	CharacterManagerExchangeCharacterAlreadyOwn	已拥有该角色
20009021	CharacterManagerGetCharacterDataNotFound	角色数据未找到
20009022	CharacterManagerCreateCharacterAlreadyExist	角色已存在
20009023	CharacterManagerInformationNotFound	该资料不存在
20009024	CharacterManagerRewardNotFound	该奖励不存在
20009025	CharacterManagerStoryNotFound	该剧情不存在
20009026	CharacterManagerStrangeNewsNotFound	该奇闻不存在
20009027	CharacterManagerVoiceNotFound	该语音不存在
20009028	CharacterManagerTrustLvNotEnough	信赖度等级不够
20009029	CharacterManagerInformationAlreadyUnlock	该资料已解锁
20009030	CharacterManagerStoryAlreadyUnlock	该剧情已解锁
20009031	CharacterManagerStrangeNewsAlreadyUnlock	该奇闻已解锁
20009032	CharacterManagerStrangeNewsCanNotUnlock	未达到解锁条件
20009033	CharacterManagerVoiceAlreadyUnlock	该语音已解锁
20009034	CharacterManagerRewardAlreadyUnlock	该奖励已经获得
20009035	CharacterManagerRewardCanNotUnlock	未达到领取条件
20009036	CharacterManagerTrustItemNotFound	物品不存在
20009037	CharacterManagerSendGiftParaError	请求参数异常
20009038	CharacterManagerTrustLevelExpNotFound	信赖度等级错误
20009039	CharacterManagerTrustGameNotCount	次数不足
20009040	CharacterManagerTrustGameIdNotFound	游戏异常
20009041	CharacterManagerTrustGameRewardNotFound	奖励不存在
20009042	CharacterManagerTrustGameFinishNumError	完成参数异常
20009043	CharacterManagerTrustGameResultIllegal	异常操作
20009044	CharacterMinSkillLevelNotFound	找不到角色最低技能等级
20009045	CharacterMaxSkillLevelNotFound	找不到角色最高技能等级
20009046	CharacterUnlockSkillNotNeed	角色技能无需解锁
20009047	CharacterSkillUnlocked	角色技能已解锁
20009048	CharacterSkillIsNotFoundOrLock	角色技能不存在或者未解锁
20009049	CharacterSkillLevelIsMax	已升到最高等级
20009050	CharacterSkillPoolTemplateNotFound	角色技能池配置未找到
20009051	CharacterSkillPoolIsEmpty	角色技能池为空
20009052	CharacterSkillLevelEffectTemplateNotFound	角色技能等级效果未找到
20009053	CharacterExtraDataNotFound	信赖度数据不存在
20009054	CharacterSkillSwitchIsSame	切换的技能跟当前使用的是同一个
20009055	CharacterMagicIsNotFoundOrLock	角色魔法不存在或者未解锁
20009056	CharacterMagicSwitchIsSame	切换的魔法跟当前使用的是同一个
20009057	CharacterGatherRewardHadGet	奖励已经领取
20009058	CharacterPreGatherRewardIsNotGet	上一级奖励未领取
20009059	CharacterManagerTrustLevelIsMax	信赖度等级已达最高
20009060	CharacterSpecialSkillLevelNotEnough	独域技能未满足前置等级
20009061	CharacterExhibitionLimitCfgNotFound	20009061解放限制配置未找到
20009062	CharacterSwitchMagicInvalidCharacterId	20009062该角色不能设置终解球颜色
20009063	CharacterCollectStateRepeatSet	20009063该状态已被设置，不能重复设置
20010001	FashionManagerGetFashionNotFound	涂装未找到
20010002	FashionIsUnOwned	没有获得此涂装
20010003	FashionIsLock	此涂装没有解锁
20010004	FashionIsUnLock	此涂装已解锁
20010005	FashionCharacterDoNotMatch	涂装角色不匹配
20010006	FashionAureoleConfigNotFound	终解环配置未找到
20010007	FashionAureoleInvalidCharacterId	非法角色ID
20010008	FashionAureoleLiberateLvNotEnough	角色未超解
20010009	FashionAureoleIdNotFound	未找到对应的终解环ID
20010010	FashionSuitRandomPoolCanNotEmpty	20010010涂装随机池不能为空
20010011	FashionSuitConfigNotFound	未找到衣橱涂装系列
20010012	FashionSuitIsNotComplete	衣橱涂装系列未全部上架
20010013	FashionSuitIsNotGathered	衣橱涂装系列未全部收集
20010014	FashionSuitIsAlreadyReward	衣橱涂装系列全收集奖励已领取
20012001	ItemManagerGetItemTableFailed	获取道具表失败
20012002	ItemManagerGetItemNotFound	找不到指定道具
20012003	ItemManagerCheckIdValidFail	道具id不存在
20012004	ItemCountNotEnough	道具数量不足
20012005	ItemCapacityNotEnough	道具容量不足
20012006	ItemAlreadyOwned	道具已存在
20012007	ItemManagerGetBuyAssetTableFail	获取购买表失败
20012008	ItemManagerBuyAssetMaxTimes	已达到今日最大购买次数。
20012009	ItemNotFound	道具不存在
20012010	ItemSellCountError	出售道具数量有误
20012011	ItemSellFragmentLimit	不能出售该碎片
20012012	ItemCannotSell	道具无法出售
20012013	ItemCannotBuy	道具无法购买
20012014	ItemCannotConvertCharacterExp	道具无法转换成角色经验
20012015	ItemCannotConvertFurnitureConfig	道具无法转换成家具图纸配置
20012016	ItemCannotUse	道具无法使用
20012017	ItemNotEffect	道具未生效
20012018	ItemAlreadyInvalid	道具已失效
20012019	ItemUseGiftSelectRewardIsEmpty	礼包选择奖励为空
20012020	ItemUseGiftSelectRewardAboveLimit	礼包选择奖励超过上限
20012021	ItemUseGiftSelectRewardNotExist	礼包选择奖励不存在
20012022	ItemCreateError	获取道具失败
20012023	ItemCountException	创建道具失败
20012024	ItemBatchCountNotEnough	该批次道具数量不足
20012025	ItemBatchNotFound	该道具已过期
20012026	ItemUseMultipleRewardTypeError	奖励类型错误
20012027	ItemCannotConvertEquipExp	该道具无法转换成装备经验
20012028	ItemEquipExpUseEquipTypeError	装备类型错误
20012029	ItemManagerBuyAssetNotAllowConsumeId	不允许该消耗品兑换
20012030	ItemCannotConvertPartnerExp	该道具无法转换成伙伴经验
20012031	ItemTypeIsNotDlcQuickUseItem	20012031不是dlc快捷使用道具
20012032	ItemDlcQuickUseItemIndexError	20012032dlc快捷使用道具编号错误
20012033	ItemQuickUseItemIndexIsEmpty	20012033该编号未装备道具
20012034	ItemQuickUseItemNotEnough	20012034dlc快捷使用道具数量不足
20012035	ItemManagerBuyAssetNotInTime	不在可购买时间段
20012036	ItemManagerBuyAssetMaxTotalTimes	已达到最大总购买次数
20012037	ItemRestrictGainCountLimit	勤务证明获取数量已达上限，只获取未超上限部分奖励
20014001	ArrangeManagerCalTypeFail	ID不正确，无法识别类型
20017001	DropManagerGetDropGoodsFail	获取掉落物品失败
20017002	DropManagerGetDropBottomTableListFail	获取掉落水位列表失败
20017003	DropManagerDropItemFailed	掉落物品失败
20017004	DropManagerGetDropTableFail	获取掉落表失败
20017005	DropManagerGetDropGroupTableFail	获取掉落组表失败
20017006	DropManagerGetDropSetTableFail	获取掉落集表失败
20018001	DrawManagerGetDrawGroupInfoNotFound	卡组活动未开启
20018002	DrawManagerGetDrawInfoNotFound	抽卡信息不存在
20018003	DrawManagerDrawCountError	抽卡次数出错
20018004	DrawManagerTodayTimesUseUp	抽卡今日次数用完
20018005	DrawManagerTodayRemainTimesNotEnough	抽卡今日剩余次数不足
20018006	DrawManagerActivityTimesUseUp	活动抽卡次数用完
20018007	DrawManagerActivityRemainTimesNotEnough	活动剩余抽卡次数不足
20018008	DrawManagerNotOptionalDrawId	不是可选抽卡Id
20018009	DrawManagerNotInValidTime	超出有效时间
20018010	DrawManagerDrawInfoNotFound	找不到抽卡信息
20018011	DrawManagerDrawInfoAlreadyExist	抽卡信息已经存在
20018012	DrawManagerDrawGroupInfoNotFound	找不到抽卡组信息
20018013	DrawManagerDrawGroupAlreadyExist	抽卡组信息已存在
20018014	DrawManagerDrawGroupOptionalListIsEmpty	抽卡组信息已存在
20018015	DrawManagerSetDrawIdCountLimit	20018015本次活动无法再替换
20018016	DrawManagerDrawIdDoNotMatch	20018016抽卡id不匹配
20018017	DrawManagerDrawTicketCanOnlyBeUseSingle	免费研发券只能用于单抽
20018018	DrawManagerExistDrawTicketNotUse	存在免费研发券没有使用
20018019	DrawManagerDrawTicketAlreadyExpire	免费研发券已过期
20018020	DrawManagerDrawTicketTimesNotEnough	免费研发券数量不足
20018021	DrawManagerDrawTicketHaveNotOwn	未拥有该免费研发券
20018022	DrawManagerDrawTicketConfigNotExist	免费研发券配置不存在
20018023	DrawManagerDrawTicketGroupIdNotMatch	抽卡使用的免费研发券对应卡池不匹配
20018024	DrawManagerAdjustTargetNotExist	检定所选目标不存在
20018025	DrawManagerAdjustTimesAlreadyMaxLimit	已达到检定次数上限，无法进行选择
20018026	DrawManagerAdjustActivityAlreadyFinish	检定活动已结束
20018027	DrawManagerAdjustActivityCfgNotExist	检定配置不存在
20018028	DrawManagerAdjustActiveCannotChangeGroupId	活动期间不能更改研发组
20019001	GuideManagerGetGuideGroupTableNotFound	找不到抽卡组信息
20019002	GuideManagerGetGuideCompleteTableNotFound	获取不到引导完成表
20019003	GuideManagerCompleteGuideErrorAlreadyCompleted	引导完成出错，已完成过
20019004	GuideManagerCompleteGuideErrorNotNeedReq	引导完成出错，无需请求完成
20019005	GuildManagerGuildGroupIdNotFound	引导组id不存在
20019006	GuideManagerGuideIdFinished	20019006该引导已完成
20019007	GuideManagerGuideIdNotFinished	20019007该引导未完成
20020001	RewardManagerGetRewardTableFail	获取奖励表失败
20020002	RewardManagerCreateRewardGoodsTypeNotSupport	奖励类型不支持
20020003	RewardManagerGetRewardGoodsNotFound	奖励物品找不到
20020004	RewardMedalGoodParamIsNull	20020004徽章奖励参数为空
20020005	RewardMedalGoodParamIsZero	20020005徽章奖励参数为零
20020006	RewardMedalGoodNotFound	20020006徽章奖励id在徽章表没找到
20021001	EquipTemplateNotFound	获取装备信息失败
20021002	EquipBreakthroughTemplateNotFound	无法获取装备突破信息
20021003	EquipManagerGetLevelUpTemplateNotFound	获取装备升级模板失败
20021004	EquipManagerGetEquipNotFound	请先添加消耗
20021005	EquipManagerNewEquipFail	创建装备失败
20021006	EquipManagerLevelUpMaxLevel	装备已满级
20021007	EquipManagerLevelUpLevelLimit	装备等级限制
20021008	EquipManagerAddBreakthroughFail	装备突破失败
20021009	EquipManagerBreakthroughOverstep	装备突破超出限制
20021010	EquipManagerBreakthroughMaxBreakthrough	装备已满突破
20021011	EquipManagerBreakthroughLevelNotEnough	装备突破等级不足
20021012	EquipManagerGetCharEquipBySiteNotFound	找不到装备
20021013	EquipManagerPutOnRepeat	重复穿戴
20021014	EquipManagerPutOnSiteError	穿戴位置错误
20021015	EquipManagerPutOnTypeError	穿戴类型错误
20021016	EquipManagerPutOnCharacterTypeError	穿戴的角色类型不匹配
20021017	EquipManagerTakeOffNotBeenWorn	装备未被穿戴
20021018	EquipManagerTakeOffCanNotTakeOff	装备不能卸下
20021019	EquipManagerDecomposeDoNot	穿在身上的装备不能分解
20021020	EquipManagerDecomposeConfigNot	分解表不存在对应的项
20021021	EquipWeaponCapacityNotEnough	武器库容量不足
20021022	EquipChipCapacityNotEnough	意识库容量不足
20021023	EquipSuitTemplateNotFound	获取装备套装配置失败
20021024	EquipSuitEffectTemplateNotFound	获取装备套装效果配置失败
20021025	EquipIsLocked	装备锁定
20021026	EquipIsUnLock	装备解锁
20021027	EquipCanNotPutOnByThisCharacter	该角色无法穿戴
20021028	EquipGetEatCostCoinNotFound	获取武器升级消耗螺母失败
20021029	EquipLevelUpUseMaterialsIsEmpty	消耗材料为空
20021030	EquipEatUseRepeatEquip	消耗的装备ID重复
20021031	EquipResonanceCanNotUseSelf	消耗的装备不能是自己
20021032	EquipResonanceCharacterNotOwned	共鸣角色未拥有
20021033	EquipResonanceUnconfirmedInfoUntreated	共鸣信息未确认
20021034	EquipResonanceUseEquipTypeNotSame	共鸣消耗装备类型不对应
20021035	EquipResonanceWeaponStarNotSame	共鸣消耗装备星级不符合
20021036	EquipResonanceChipSuitIsNotSame	共鸣消耗套装ID不符合
20021037	EquipResonanceTemplateNotFound	共鸣配置未找到
20021038	EquipResonanceUseItemTemplateNotFound	共鸣使用道具配置未找到
20021039	EquipResonanceCanNotUseThisItem	无法使用该道具进行共鸣
20021040	EquipWeaponSkillTemplateNotFound	武器技能配置未找到
20021041	EquipSkillPoolIsEmpty	装备技能池为空
20021042	EquipResonanceSlotConfigIsEmpty	共鸣槽配置为空
20021043	EquipResonanceConfigError	共鸣配置错误
20021044	EquipResonanceConfirmInfoIsEmpty	共鸣确认信息为空
20021045	EquipLevelUpCanNotEatSelf	装备升级不能吃自己
20021046	EquipResonanceNeedSelectCharacter	共鸣需要选择角色
20021047	EquipDecomposeListIsEmpty	装备分解列表为空
20021048	EquipSuitNotFound	无法获取该意识信息
20021049	EquipSuitCanNotTransform	该意识套装已超过改造期。
20021050	EquipSuitSiteError	该意识套装位置已错误
20021051	EquipTransformChipUseEquipCountError	使用装备数量有误
20021052	EquipTransformChipUseEquipSuitError	使用装备部位有误
20021053	EquipSuitSiteConfigNotFound	获取该意识套装信息有误
20021054	EquipResonancePoolIsEmpty	共鸣池子为空
20021055	EquipResonanceWeaponSkillPoolIsEmpty	共鸣武器技能池子为空
20021056	EquipResonanceCharacterSkillPoolIsEmpty	共鸣角色技能池子为空
20021057	EquipResonanceAttribGroupPoolIsEmpty	共鸣属性池子为空
20021058	EquipChipGroupCountLimit	意识组合数量超过上限
20021059	EquipChipGroupNameTooLong	意识组合名字过长
20021060	EquipChipGroupNameInvalid	意识组合名字无效
20021061	EquipChipGroupEquipSiteError	意识组合类型错误
20021062	EquipChipGroupSiteRepeated	意识组合中有位置重复
20021063	EquipChipGroupNotFound	找不到该意识组合
20021064	EquipAwakeTemplateNotFound	找不到觉醒配置
20021065	EquipAwakeWeaponNonsupport	武器不支持觉醒
20021066	EquipAwakeStarNotEnough	觉醒装备星数不足
20021067	EquipAwakeNotMaxLevel	觉醒装备未满级
20021068	EquipAwakeSlotNonsupport	觉醒装备槽位不支持
20021069	EquipAwakeSlotIsAlreadyAwake	装备已觉醒
20021070	EquipAwakeSlotNotResonance	觉醒装备槽位未共鸣
20021071	EquipAwakeSlotAttribConfigNotFound	觉醒属性配置找不到
20021072	EquipResonanceSlotHasNotSkill	该共鸣槽没有配置技能
20021073	EquipResonanceNeedSameCharWhenNotCost	需要同个角色才可以无消耗切换共鸣技能
20021074	EquipResonanceMaterialIsEmpty	共鸣材料为空
20021075	EquipResonanceCanSelectSkillAlreadyExist	当前角色已共鸣该技能，无需重复更换
20021076	EquipResonanceSelectSkillNotFound	请重新选择技能
20021077	EquipResonanceSelectSkillNeedSpecificItem	意识共鸣技能自选需要技能自选道具
20021078	EquipResonanceWeaponSelectSkillNotNeedItem	当前角色已共鸣该技能，无需重复更换
20021079	EquipChipGroupCharacterNotMatch	20021079专属组合角色跟装备的角色不匹配
20021080	EquipChipGroupCharacterCanNotChange	20021080意识组合所选的角色不允许更改
20021081	EquipChipGroupChipCanNotCost	20021081不能消耗在意识组合中的装备
20021082	EquipChipRecycleListIsEmpty	20021081装备意识回收列表为空
20021083	EquipChipRecycleTypeOnlyChip	20021082只能对意识进行回收
20021084	EquipChipRecycleWearDoNot	20021083穿戴在身上的意识不能回收
20021085	EquipChipRecycleLevelUpDoNot	20021084强化过的意识不能回收
20021086	EquipChipRecycleChipGroupDoNot	20021085意识组合中的不能回收
20021087	EquipChipRecycleAwakeDoNot	20021086觉醒的意识不能回收
20021088	EquipChipRecycleResonanceDoNot	20021087共鸣的意识不能回收
20021089	EquipChipRecycleStarMoreThanFiveDoNot	6星及以上的意识不能回收
20021090	EquipIsRecycle	20021089待回收标志
20021091	EquipIsNotRecycle	20021090非待回收标志
20021092	EquipSetUpRecycleStarListIsInvalid	20021091找不到设置的回收星数列表
20021093	EquipSetUpRecycleDaysIsInvalid	20021092找不到设置的回收天数配置
20021094	EquipOneKeyFeedDoNotMatchTheTarget	20021094一键培养与选择目标不匹配
20021095	EquipOneKeyFeedUnknownOperation	20021095一键培养未知操作
20021096	EquipGuideNotSetTargetId	未设置目标ID
20021097	EquipGuideTargetCfgNotFound	未找到目标配置
20021098	EquipGuideCharacterIdInvalid	角色ID不匹配
20021099	EquipGuideRecommendCfgNotFound	未找到推荐配置
20021100	EquipGuideJudgeCfgNotFound	未找到评分配置
20021101	EquipGuideSuitCfgNotFound	未找到套装配置
20021102	EquipGuideSuitNumberIncorrect	套装数量不符
20021103	EquipGuideTargetNotFinish	目标进度未达成
20021104	EquipGuideTargetHadFinish	此目标已达成
20021105	EquipGuideTargetInvalid	20021105此目标非法
20021106	EquipWeaponOverrunCfgNotFound	武器无法进行谐振
20021107	EquipWeaponOverrunSuitAlreadyActive	武器谐振已激活该套装
20021108	EquipWeaponOverrunSuitNotExist	武器谐振选择的激活该套装不存在
20021109	EquipWeaponOverrunHaveNotUnlock	武器谐振还未解锁
20021110	EquipWeaponOverrunChoseSuitHaveNotActive	武器谐振选择的套装未激活
20021111	EquipWeaponOverrunLevelLessThanZero	武器谐振等级小于0
20021112	EquipWeaponOverrunDataNotExist	武器谐振数据不存在
20021113	EquipWeaponOverrunActivityTypeMismatch	武器谐振激活类型不匹配
20021114	EquipQuickResonanceChipsParamError	20021114意识快速共鸣参数错误
20021115	EquipQuickResonanceChipsEquipIsNotChip	20021115意识快速共鸣装备不是意识
20021116	EquipResonanceEquipDataIsNull	20021116意识共鸣非法装备数据
20021117	EquipResonanceQuickAwakeOverLimit	20021117意识一键超频数量超过上限
20021118	EquipWeaponCanNotResonance	20021118该武器无法共鸣
20021119	EquipPrefabCharacterPutOnSameEquip	20021119预设存在不同角色穿着相同装备
20021120	EquipPrefabSameResonanceInOneEquip	20021120预设存在单个武器共鸣相同技能
20026001	TaskManagerInitFail	任务系统初始化失败
20026002	TaskManagerInitTaskConfigFail	任务配置初始化失败
20026003	TaskManagerGetTaskConditionFail	获取任务条件失败
20026004	TaskManagerGetTaskTemplateFail	获取任务模板失败
20026005	TaskManagerFinishTaskTaskNotFound	找不到任务
20026006	TaskManagerFinishTaskTaskAlreadyFinish	任务已完成
20026007	TaskManagerFinishTaskTaskNotAchieved	任务不在可领奖状态
20026008	TaskManagerFinishTaskTaskExpired	任务已过期
20026009	TaskManagerTaskNotExist	任务不存在
20026010	TaskManagerGetActivenessStageRewardNotExist	活跃度奖励不存在
20026011	TaskManagerGetActivenessRewardUnknownType	未知活跃度类型
20026012	TaskManagerGetActivenessRewardAlreadyGeted	奖励已领取
20026013	TaskManagerCourseRewardNotExist	获取历程奖励信息失败
20026014	TaskManagerCourseRewardAlreadyGeted	获取历程奖励已领取
20026015	TaskManagerCourseStageAlreadyGeted	获取历程奖励已领取
20026016	TaskManagerTaskUnOpen	任务尚未解锁
20026017	TaskManagerTaskClose	任务已经关闭
20026018	TaskManagerTaskNotTimeLimit	任务已失效
20026019	TaskManagerNewPlayerActivenessIsNotExist	该奖励段不存在
20026020	TaskManagerNewPlayerActivenessRewardIsNotExist	奖励不存在
20026021	TaskManagerNewPlayerActivenessAlreadyGet	奖励已领取
20026022	TaskManagerNewPlayerActivenessIsNotEnough	经验不够领取
20026023	TaskManagerNewPlayerTaskTodayCanNotFinish	今日不能完成该任务
20026024	TaskManagerNewbieProgressAlreadyGet	20026024奖励已领取
20026025	TaskManagerNewbieProgressNotExist	20026025该奖励段不存在
20026026	TaskManagerNewbieProgressRewardIsNotExist	20026026奖励不存在
20026027	TaskManagerNewbieProgressIsNotEnough	20026027完成任务数不足，无法领取
20026028	TaskManagerNewbieHonorRewardAlreadyGet	20026028奖励已领取
20026029	TaskManagerNewbieHonorTaskIsNotEnough	20026029还有任务未完成，无法领取
20026030	TaskManagerNewbieTaskPeriodCanNotFinish	20026030当前阶段任务未解锁，不能完成该任务
20027001	MailManagerGetMailFail	获取邮件失败
20027002	MailManagerGetRewardIsEmpty	邮件奖励为空
20027003	MailManagerGetRewardRepeat	邮件奖励已领取
20027004	MailManagerMailNotEffect	邮件未生效
20027005	MailManagerMailWasInvalid	邮件已失效
20027006	MailManagerGetRewardWasInvalidOrRewardEmpty	邮件已失效或者奖励为空
20027007	MailManagerMailIdInvalid	邮件id无效
20027008	MailManagerMailExist	邮件已存在
20027009	MailManagerMailNotExist	邮件不存在
20027010	MailManagerGetMailRewardListNotFoundReward	邮件奖励配置找不到
20027011	MailManagerGetMailRewardSomeGoodsMoreThanCapacity	部分邮件奖励附件数量超过上限，暂无法领取
20027012	MailManagerIsDeleted	邮件已被删除
20027013	MailManagerIsRead	已经阅读过此邮件
20027014	MailCapacityNotEnough	邮件已达上限
20027015	MailManagerMailExpired	邮件已过期
20027016	MailManagerMailWithdraw	邮件已撤回
20029001	AttribManagerGetAttribTemplateNotFound	获取属性模板失败
20029002	AttribManagerGetPromotedAttribTemplateNotFound	获取等级提升属性模板失败
20029003	AttribManagerGetGrowRateAttribTemplateNotFound	获取比例提升属性模板失败
20029004	AttribManagerGetTotalPromotedAttribsParamArrayError	获取比例提升属性失败
20029005	AttribManagerGetTotalPromotedAttribsLevelError	获取等级提升属性总和等级错误
20029006	AttribManagerGetNpcAttribNpcNotFound	找不到对应Npc
20029007	AttribGroupPoolNotFound	找不到对应属性组
20029008	AttribGroupNotFound	找不到对应属性组
20029009	AttribReviseTemplateNotFound	获取比例改变属性模板失败
20030002	ShopManagerAddGoodsInfoAlreadyExist	商品信息已导入
20030003	ShopManagerShopUnOpen	商店未开放
20030004	ShopManagerShopClosed	商店已经关闭
20030005	ShopManagerGoodsUnOpen	商品未上架
20030006	ShopManagerGoodsClosed	商品已经下架
20030007	ShopManagerShopNotExist	商店不在列表中
20030008	ShopManagerGoodsNotExist	商品不在列表中
20030009	ShopManagerGoodsGroupNotExist	商品组不在列表中
20030010	ShopManagerNotResetTimes	重置次数不足
20030011	ShopManagerShopNotBuyTimes	商店总购买次数不足
20030012	ShopManagerGoodsNotBuyTimes	商品购买次数不足
20030013	ShopGoodsAlreadyExist	商品已经存在
20030014	ShopIsUnShelve	商店已关闭
20030015	ShopGoodsIsUnShelve	商品已下架
20030016	ShopRequestParamsException	商店请求参数错误
20030017	ShopBuyGoodsCountLimit	商品购买数量超过上限
20030018	ShopKindIsNotReset	该商店无法刷新
20030019	ShopKindIsNotFixed	商店非固定类型
20030020	ShopOwnedUnknown	商店所属类型未知
20030021	ShopNeedBuyPreGoods	20030021无法购买商品，需要购买前置商品
20030022	ShopActivityStatusInconsistent	活动状态不一致，无法购买
20031001	FriendManagerApplyFriendFailedIsRefused	申请好友失败，已被拒绝
20031002	FriendManagerApplyFriendFailedIsDeleted	申请好友失败，处于好友删除状态
20031003	FriendManagerApplyFriendFailedIsAlreadyFriend	申请好友失败，已经是朋友
20031004	FriendManagerApplyFriendFailedIsNotRepeatApply	申请好友失败，不能重复申请
20031005	FriendManagerAcceptFriendFailedApplyIsNotExist	失败！该玩家不存在或已成为您的好友！
20031006	FriendManagerAcceptFriendFailedSelfFriendCountOutOfMaxCount	接受好友申请失败，好友个数已到上限
20031007	FriendManagerRecommendFriendFailedRecommendCoolDownTime	推荐好友失败，推荐时间冷却中
20031008	FriendManagerCanNotOperateSelf	操作失败，无法对自己操作
20031009	FriendManagerGetPlayerInfosFailedReqListIsNull	获取玩家信息失败，请求列表为空
20031010	FriendManagerDeleteFriendsFailedReqListIsNull	删除好友失败，请求列表为空
20031011	FriendManagerApplySuccess	申请已提交
20031012	FriendManagerDeleteSuccess	删除好友成功
20031013	FriendManagerCanNotPlayerForId	玩家不存在
20031014	FriendManagerAcceptFriendFailedOtherFriendCountOutOfMaxCount	接受好友申请失败，对方好友个数已到上限
20031015	FriendManagerApplySelfFriendNumLimit	申请失败，好友个数已达上限
20031016	FriendManagerApplyOtherFriendNumLimit	申请失败，对方好友个数已达上限
20031017	FriendManagerApplyListFull	申请失败，对方申请列表已满
20031018	FriendManagerMyFriendFull	好友人数已满
20031019	FriendManagerOtherFriendFull	对方好友人数已满
20031020	FriendManagerAgreeIsFriend	同意失败，已经是好友
20031021	FriendManagerIsNotFriend	不是好友，无法设置备注
20031022	FriendManagerInvalidRemark	无效的备注名称
20031023	FriendManagerDeleteRemark	删除备注成功
20031024	FriendManagerNeedRemoveBlockStateFirst	申请好友失败，需要先解除拉黑状态
20031025	FriendManagerAlreadyInBlacklist	已经在拉黑列表里了
20031026	FriendManagerBlacklistIsFull	黑名单个数已达上限
20031027	FriendManagerBlacklistNeedRemoveMentorRelation	无法拉黑，请先解除师徒关系
20031028	FriendManagerDoNotFindFromBlacklist	黑名单里找不到该玩家
20031029	FriendSearchPlayerInCd	搜索操作过于频繁，请稍后再试
20031030	FriendApplyPlayerOverLimit	每日申请好友次数达到上限
20032001	FightCheckManagerCodeNotMatch	战斗数据异常(0)
20032002	FightCheckManagerCodesTooLong	战斗数据异常(1)
20032003	FightCheckManagerCheckSkip	战斗数据异常(2)
20032004	FightCheckManagerSettleCodeNotMatch	战斗数据异常(3)
20032005	FightCheckManagerParamIllegal	战斗数据异常(4)
20032006	FightCheckManagerNotSettle	战斗数据异常(5)
20032007	FightCheckManagerFightExit	战斗数据异常(6)
20032008	FightCheckManagerClientVersionError	客户端版本过低，无法进行战斗
20032009	FightCheckManagerRoomUidExistError	20032009房间唯一ID已存在
20032010	FightCheckManagerAddRoomError	20032010创建房间失败
20032011	FightCheckManagerPutTaskQueueError	20032011加入任务队列失败
20032012	FightCheckManagerRoomFightIsNullError	20032012无法找到战斗对象
20032013	FightCheckManagerFightDataIsNullError	20032013无法找到战斗对象
20032014	FightCheckManagerNotUseSegmentCheckError	20032014没有使用分段校验
20033001	ChatManagerSendChatErrorCannotSendGift	发送聊天出错
20033002	ChatManagerChatContentCanNotBeNull	聊天内容不能为空
20033003	ChatManagerGetGiftFailedInvalidGift	无效礼物
20033004	ChatManagerRefreshTimeCooling	聊天冷却中......
20033005	ChatManagerGetGiftAlreadyMaxCount	当日收取礼物数已达最大值
20033006	ChatManagerEmojiIsLock	聊天表情未解锁
20033007	ChatManagerInvalidEmoji	无效的聊天表情
20033008	ChatManagerNoSendGiftFriend	投掷次数每天早上5:00重置
20033009	ChatManagerChatChannelInvalid	聊天发送失败
20033010	ChatManagerChatChannelIdInvalid	您不在指挥局中，无法发言。
20033011	ChatContentTooLong	聊天信息过长
20033012	ChatIsBanned	禁言中
20033013	ChatChannelNotExist	频道已解散
20033014	ChatEmojiPackageIdsInvalid	20033014表情包参数不合法
20033015	ChatNotInRoom	20033015您不存在房间中，无法发言
20033016	ChatNotInGuild	20033016您不在指挥局中，无法发言
20033017	ChatNotExistMentor	20033017指导不存在，无法发言
20033018	ChatNotInGuildDorm	20033018您不在宿舍中，无法发言
20034001	ConditionManagerParamsError	条件参数错误
20034002	ConditionManagerGetConditionTemplateNotFound	条件配置不存在
20034003	ConditionManagerPlayerLevelNotEnough	玩家等级不足
20034004	ConditionManagerNotOwnCharacter	未拥有指定角色
20034005	ConditionManagerOwnCharacterCanNotFight	特定角色不能出战
20034006	ConditionManagerCharacterCountNotEnough	未拥有足够数量角色
20034007	ConditionManagerCharacterSexIsError	角色性别不符
20034008	ConditionManagerCharacterTypeIsError	角色类型不符
20034009	ConditionManagerCharacterLevelIsError	角色等级不符
20034010	ConditionManagerCharacterQualityIsError	角色品质不足
20034011	ConditionManagerMapNotPassed	关卡尚未通过
20034012	ConditionManagerCharacterSexNumIsError	队伍角色性别错误
20034013	ConditionManagerCharacterTypeNumIsError	队伍角色类型错误
20034014	ConditionManagerCharacterQualityNumIsError	队伍角色品质不够
20034015	ConditionManagerCharacterLevelNumIsError	队伍角色等级不够
20034016	ConditionManagerCharacterIdNumIsError	队伍未拥有指定角色
20034017	ConditionManagerRepeatChallengeLevelNotEnough	复刷关等级不够
20034018	ConditionManagerCharacterAbilityNotEnough	成员战力条件不满足
20034019	ConditionManagerCharacterResonanceNotEnough	成员共鸣条件不满足
20034020	ConditionManagerCharacterNumIsError	队伍出战角色数量错误
20034021	ConditionManagerCharacterExhibitionLevelNotEnough	成员解放条件不满足
20034022	ConditionManagerCharacterLiberateLvNotEnough	成员突破等级不满足
20034023	ConditionManagerIsNotGetFirstPayReward	首充奖励未领取
20034024	ConditionManagerIsNotOwnerFashion	未拥有指定时装
20034025	ConditionManagerIsOwnerFashion	已拥有指定时装
20034026	ConditionManagerExperimentIdIsNotFinish	指定试验区关卡未完成
20034027	ConditionManagerWeaponResonanceNotEnough	成员装备共鸣技能不足
20034028	ConditionManagerChipResonanceNotEnough	成员意识共鸣技能不足
20034029	ConditionManagerEquipResonanceNotEnough	成员装备共鸣技能不足
20034030	ConditionManagerChipAwakeNotEnough	20034030
20034031	ConditionManagerRedEnvelopeNotEnough	成员已领红包数量不足
20034032	ConditionManagerKillBossTimeIsNotSatisfy	击杀boss时间未满足
20034033	ConditionManagerBabelTowerLevelNotEnough	巴别塔等级不够
20034034	ConditionManagerMonsterKillCountNotEnough	击杀怪物数量不足
20034035	ConditionManagerWeaponNotUnlock	武器未解锁
20034036	ConditionManagerWeaponMaxLevelNotEnough	武器未满级
20034037	ConditionManagerWeaponBreakthroughNotEnough	武器未突破
20034038	ConditionManagerAwarenessSuitMaxLevelNotEnough	意识未满级
20034039	ConditionManagerAwarenessSuitMaxBreakthroughNotEnough	意识未突破
20034040	ConditionManagerAwarenessSuitNotEnough	
20034041	ConditionManagerGuildNotIn	没有加入指挥局
20034042	ConditionManagerGuildLevelNotEnough	指挥局等级不足
20034043	ConditionManagerGuildJoinNotEnough	加入指挥局天数不足
20034044	ConditionManagerGuildMemberNotEnough	指挥局成员不足
20034045	ConditionManagerFubenExploreNotFinished	探索未完成
20034046	ConditionManagerRogueLikeMaxTierNotEnough	爬塔层数不足
20034047	ConditionManagerArenaOnlineFirstPassNotEnough	合众战局首通次数不足
20034048	ConditionManagerArenaOnlineAssistCountNotEnough	合众战局协助次数不足
20034049	ConditionManagerTaskNotFinish	任务未完成
20034050	ConditionManagerSpecialTrainStarNotEnough	夏日大作战获得星数不足
20034051	ConditionManagerBossActivityStarRewardNotGet	星数奖励未领取
20034052	ConditionManagerCharacterTypeNumsNotEnough	队伍出战类型数量不足
20034053	ConditionManagerSpecialCollectionLevelNotEnough	
20034054	ConditionManagerWorldBossAttributeStageFinishedNotEnough	梦境区域节点清除数量不足
20034055	ConditionManagerWorldBossHpPercentNotSatisfy	安博莉亚剩余血量错误
20034056	ConditionManagerWorldBossHpHurtNotEnough	对安博莉亚造成的伤害不足
20034057	ConditionManagerHonorLevelNotEnough	
20034058	ConditionManagerDragPuzzleNotCompleted	TODO_ConditionManagerDragPuzzleNotCompleted
20034059	ConditionManagerTrpgTargetNotFinish	目标未完成
20034060	ConditionManagerTrpgMazeCardNotFinish	迷宫卡牌未完成
20034061	ConditionManagerTrpgMazeCardIsFinish	20034061
20034062	ConditionManagerNieRCharacterLevelNotEnough	寄叶部队角色等级不足
20034063	ConditionManagerNieRSupportLevelNotEnough	辅助机等级不足
20034064	ConditionManagerNieRSupportSkillLevelNotEnough	未到达升级条件
20034065	ConditionManagerFuBenMainStarRateNotEnough	主线副本收集率不足
20034066	ConditionManagerChapterExtraStarRateNotEnough	外篇副本收集率不足
20034067	ConditionManagerZhouMuNotFinish	前置周目章节未完成
20034068	ConditionManagerRegressionNotSatisfy	回归条件不满足
20034069	ConditionManagerEndlessStageNpcGroupNotEnough	无尽关卡怪物波数不足
20034070	ConditionManagerRecruitLevelNotEnough	招募等级不足
20034071	ConditionManagerPartnerLevelNotEnough	伙伴突破及等级条件不满足
20034072	ConditionManagerPartnerQualityNotEnough	伙伴品质条件不满足
20034073	ConditionManagerPartnerSkillLevelNotEnough	伙伴技能总等级不满足
20034074	ConditionManagerPartnerTypeIsError	伙伴类型错误
20034075	ConditionInvalidError	20034075
20034076	ConditionManagerHasEnteredSgNotEnough	20034076
20034077	ConditionManagerRpgTeamLevelNotEnough	20034074队伍等级不足
20034078	ConditionManagerPartnerHadNotOwner	未拥有过该辅助机
20034079	ConditionManagerSpTargetProgressNotEnough	目标关卡进度尚未达到
20034080	ConditionManagerRegression2NotSatisfied	20034077新回归条件不满足
20034081	ConditionManagerCoupleCombatOccupyNotEnough	20034078关卡占领数量不足
20034082	ConditionManagerTimeIdNotEnough	20034079不在活动期间
20034083	ConditionGoldenMinerUnlockNotEnough	20034080矿工解锁消耗的积分不足
20034084	ConditionManagerSceneIsLock	20034081场景未解锁
20034085	ConditionManagerSceneIsUnLock	20034082场景已解锁
20034086	ConditionManagerSceneUnLockCountLimit	20034084场景解锁个数限制
20034087	ConditionManagerLivWarmActivityStageUnFinish	20034083未通过超丽芙消消乐关卡
20034088	ConditionManagerLivWarmActivitySoundStageUnFinish	20034084未通过超丽芙音频解谜关卡
20034089	ConditionManagerStageStarsCountNotEnough	关卡星级数不足
20034090	ConditionManagerCharacterTrustLevelNotEnough	角色好感度不足
20034091	ConditionManagerDormQuestTeamNotMatch	20034088派遣成员不匹配
20034092	ConditionManagerDormQuestTeamAttribNotSatisfy	20034089派遣成员不满足推荐属性
20034093	ConditionManagerQuestError	20034090已接取委托不存在
20034094	ConditionManagerRegression3StateNotMatch	20034091特殊回归-回归状态不匹配
20034095	ConditionManagerRegression3PassportExpNotEnough	20034092特殊回归-战令经验不足
20034096	ConditionManagerMixedTeamEmpty	20034093混编队伍-队伍为空
20034097	ConditionManagerMixedTeamPositionConflicted	20034094混编队伍-位置冲突
20034098	ConditionManagerMixedTeamCharNpcNotFound	20034095混编队伍-找不到角色NPC
20034099	ConditionManagerMixedTeamRobotNotFound	20034096混编队伍-找不到机器人
20034100	ConditionManagerMixedTeamRobotNpcNotFound	20034097混编队伍-找不到机器人NPC
20034101	ConditionManagerFubenEventDataNotMatch	20034098副本事件-数据不匹配
20034102	ConditionManagerBossInshotScoreNotMatch	20034099所需通关的关卡评级不满足
20034103	ConditionManagerBossInshotStageCountNotMatch	20034100所需通关的关卡数量不满足
20034104	ConditionManagerScoreTowerNotMatch	20034102所需章节未满足
20034105	ConditionTheatre5RoundLimit	未达成指定回合
20034106	ConditionTheatre5TrophyNumLimit	未达成指定胜利次数
20034107	ConditionTheatre5CharacterLimit	未使用指定角色
20034108	ConditionTheatre5ChallengeCntLimit	未完成指定次数的挑战
20034109	ConditionTheatre5WinCntLimit	未获得指定次数的胜利
20034110	ConditionTheatre5SkillLimit	未包含指定技能
20034111	ConditionTheatre5RuneLimit	未包含指定宝珠
20034112	ConditionTheatre5TagLimit	未包含指定标签
20034113	ConditionTheatre5CurChapterCharacterLimit	当前章节未使用指定角色
20034114	ConditionTheatre5CurChapterGoldLimit	当前章节未持有足够金币
20034115	ConditionTheatre5CurHpLimit	当前章节未持有足够血量
20034116	ConditionTheatre5CurBattleCountLimit	当前章节未完成指定次数的战斗
20034117	ConditionTheatre5CurBattleLimit	未当前章节完成指定战斗
20034118	ConditionTheatre5CharacterRankLimit	20034117肉鸽5-pvp-PVP中指定角色达成配置段位不满足
20034119	ConditionTheatre5CommonFightCountLimit	20034118肉鸽5-战斗次数不满足不满足
20034120	ConditionTheatre5CurStoryLineContentLimit	当前章节未完成指定内容
20034121	ConditionTheatre5CurStoryLineEventLimit	当前章节未完成指定事件
20034122	ConditionTheatre5CurBattleLevelLimit	当前章节未完成所有战斗
20034123	ConditionTheatre5ClueLimit	当前章节未收集所有线索
20034124	ConditionTheatre5ChaptPassCutLimit	当前章节未达成章节通关次数
20034125	ConditionTheatre5EnterShopCutLimit	20034124肉鸽5-进入商店次数不满足
20034126	ConditionTheatre5LeaveShopCutLimit	20034125肉鸽5-离开商店次数不满足
20034127	ConditionTheatre5LoseCntLimit	20034126肉鸽5-失败次数满足条件不满足
20034128	ConditionTheatre5HpLimit	20034127肉鸽5-心数满足条件不满足
20034129	ConditionTheatre5LvLimit	20034128肉鸽5-等级满足条件不满足
20034130	ConditionTheatre5ItemTypeLimit	20034129肉鸽5-本次购买某种类型的道具不满足
20034131	ConditionTheatre5ItemIdLimit	20034130肉鸽5-本次购买特定道具不满足
20034132	ConditionTheatre5ContinueWinLimit	20034131肉鸽5-连续胜利指定次数不满足
20034133	ConditionTheatre5TagRuneLimit	20034132肉鸽5-装备指定数量的特定稀有度&Tag符纹不满足
20034134	ConditionTheatre5GoldCutLimit	20034133肉鸽5-金币数量满足条件数量不满足
20034135	ConditionTheatre5FightParamLimit	20034134肉鸽5-前一场战斗内传出参数满足特定条件不满足
20034136	ConditionAreaWar4ItemRoomLevelLimit	20034135特遣4-藏品室等级不满足条件
20034137	ConditionManagerCharacterLevelNotEnough	20034135成员等级不满足
20036001	RobotManagerInitCharacterQualityFail	机器人角色错误品质
20036002	RobotManagerInitCharacterLevelFail	机器人角色错误等级
20036003	RobotManagerInitCharacterGradeFail	机器人角色错误星级
20036004	RobotManagerInitSkillLevelFail	机器人角色错误技能
20036005	RobotManagerInitWeapoonLevelFail	机器人角色错误武器等级
20036006	RobotManagerInitWeapoonAweakenFail	机器人角色错误武器觉醒
20036007	RobotManagerInitWeapoonBreakThroughFail	机器人角色错误武器强化
20036008	RobotManagerRobotNotExit	未选择助战角色，无法进入
20036009	RobotManagerRobotCharacterIdNotEqual	20036009机器人的角色ID错误
20037001	PersonalInfoQueryPlayerDataFail	查询个人信息失败
20037002	PersonalInfoWithoutPermission	指挥官设置了查阅权限
20037003	PersonalInfoNoShowCharacterWithThisId	当前没有角色展示
20037004	PersonalInfoNoCharacterInfoWithThisId	当前未获取角色信息
20037005	PersonalAlreadyCancel	玩家已注销
20038001	DailyGiveALikeFail	点赞失败
20038002	DailyAddLikeSuccess	点赞成功
20038003	DailyDelLikeSuccess	取消点赞失败
20038004	DailyBanMsgFail	禁止留言失败
20039001	BaseEquipTemplateNoFound	找不到基地装备配置
20039002	BaseEquipAttribPoolsNoFound	找不到属性池配置
20039003	BaseEquipBottomPoolTemplateNoFound	找不到保底池配置
20039004	BaseEquipNotFound	基地装备不存在
20039005	BaseEquipEvaluated	基地装备已评估
20039006	BaseEquipNotEvaluate	基地装备未评估
20039007	BaseEquipWasPutOn	基地装备已穿戴
20039008	BaseEquipPutOnLevelLimit	基地装备穿戴等级限制
20040001	BountyTaskHaveNoTask	任务不存在
20040002	BountyTaskUpperLimit	"""任务上限,无法接受更多任务了"""
20040003	BountyTaskHasAccept	任务已接受
20040004	BountyTaskStatusError	赏金任务状态错误
20040005	BountyTaskRefreshUpperLimit	赏金任务刷新次数不足
20040006	BountyTaskHaveNoTaskInTaskPool	暂时没有赏金任务
20040007	BountyTaskRefreshFail	赏金任务刷新失败
20040008	BountyTaskHadExpired	赏金任务已被替换为维系者行动
20041001	TaskForceTaskPoolIsFull	任务池已满
20041002	TaskForceCountLimit	派遣队伍已达到上限
20041003	TaskForceHaveNoThisTaskInTaskPool	任务不存在
20041004	TaskForceHaveNoThisTask	任务不存在
20041005	TaskForceCharacterLevelLimit	派遣队伍等级不足
20041006	TaskForceTaskHasAccept	任务已经接受
20041007	TaskForceHaveNoCharacter	该成员不存在
20041008	TaskForceCharacterHasBeenDispatched	该成员正在派遣中
20041009	TaskForceNotAcceptThisTask	任务未接受
20041010	TaskForceTaskWasCompleted	任务已完成
20041011	TaskForceTaskTheTaskIsNotCompleted	任务未完成
20043001	VoteGroupTemplateNotFound	获取投票组模板数据失败
20043002	VoteIsNotEffect	投票信息不存在
20043003	VoteIsInvalid	投票失败
20043004	VoteIsClosed	投票已关闭
20043005	VoteTimesIsUseUp	已投票
20043006	VoteIdUnknown	投票失败
20044001	ArenaActivityNotFound	活动不存在
20044002	ArenaActivityIsLoading	数据正在加载
20044003	ArenaActivityFuncIsNotOpen	功能未开启
20044004	ArenaActivityChallengeRegulatorNotFound	战区管理器不存在
20044005	ArenaActivityPlayerNotFound	玩家不存在
20044006	ArenaActivityPlayerHaveTeam	玩家已有队伍
20044007	ArenaActivityTeamIsFull	队伍已满
20044008	ArenaActivityPlayerIsInTeam	已在队伍中
20044009	ArenaActivityPlayerNotHaveChallengeId	没有合适的战区
20044010	ArenaActivityArenaServiceIsNotFound	竞技服错误
20044011	ArenaActivityTeamIsNotFound	队伍不存在
20044012	ArenaActivityTeamIsAlreadyApply	已申请
20044013	ArenaActivityIsNotCaptain	队长才能操作
20044014	ArenaActivityPlayerIsNotApply	玩家未申请
20044015	ArenaActivityPlayerIsNotInTeam	玩家不在队伍
20044016	ArenaActivityTargetIsNotFound	目标不存在
20044017	ArenaActivityTargetHaveTeam	对方已有队伍
20044018	ArenaActivityPlayerIsNotInviter	玩家没有邀请
20044019	ArenaActivityPlayerGroupNotFound	挑战组不存在
20044020	ArenaActivityAreaIsNotOpen	该区域未开放
20044021	ArenaActivityAreaIsAlreadyUnlock	该区域已解锁
20044022	ArenaActivityPlayerAlreadyJoin	玩家已加入
20044023	ArenaActivityPlayerJoinFail	加入失败
20044024	ArenaActivityStageIsError	关卡错误
20044025	ArenaActivityChallengeIdIsNotExist	战区Id不存在
20044026	ArenaActivityAreaIsNotUnlock	区域未解锁
20044027	ArenaActivityAreaIdIsNotFound	区域不存在
20044028	ArenaActivityPreStageIsNotFinish	前置关卡未完成
20044029	ArenaActivityPlayerIsNotJoin	你未参与本期活动
20044030	ArenaActivityPlayerIsNotJoinBefore	你未参与上期活动
20044031	ArenaActivityStatusIsCanNotOprea	当前状态不能执行此操作
20044032	ArenaActivityStatusCanNotFight	当前状态不能战斗
20044033	ArenaActivityNotHaveUnlockCount	没有解锁次数
20044034	ArenaActivityActivityRegulatorNotFound	该期战区活动不存在
20044035	ArenaActivityStageError	纷争战区关卡Id异常
20044036	ArenaActivityChallengeAreaNotExist	20044036挑战战区不存在
20044037	ArenaGetRankFailed	20044037挑战战区排行榜不存在
20044038	ArenaActivityNotValid	20044038战区当前服务器活动不是有效的
20044039	ArenaActivityWaveCostTimeListTooLarge	20044039战区传入的波次通关时间列表长度异常
20044040	ArenaActivityStatusNotMatch	20044040战区状态不满足
20044041	ArenaActivityOperateFail	操作失败
20044042	ArenaActivityInviteTargetIsNotJoin	邀请失败，该玩家尚未进入本期战区
20044043	ArenaActivityStageCanNotAutoFight	该副本不能自动作战
20044044	ArenaActivityStageAutoFightNotUnlock	该副本自动作战暂未解锁
20044045	ArenaActivityStageMaxPointCanNotAutoFight	满分不能进行自动作战
20044046	ArenaActivityTeamIsNotOpen	20044045战区小队暂停开放
20044047	ArenaActivityEnvBuffNotFind	20044046战区环境Buff找不到
20044048	ArenaActivityGroupFightEventNotFind	20044047战区支援组不存在
20044049	ArenaActivityDistributeTypeNotFind	20044049战区分区类型不存在
20044050	ArenaActivityTimePointScoreError	20044050战区通过时间点分数异常
20044051	ArenaActivityAddTimePointScoreRepeat	20044051战区重复加入时间检查的数据
20044052	ArenaActivityAddDistributeMaxScoreRepeat	20044052战区重复加入分区最高分数据
20045001	MatchCreateRoomFailed	创建房间失败
20045002	MatchLevelLimit	等级不足
20045003	MatchInvalidStageId	创建房间失败
20045004	MatchRoomIsFull	房间满员
20045005	MatchInvalidRoomId	无效的房间Id
20045006	MatchRoomNotFound	找不到指定的房间
20045007	MatchRoomNotReady	房间不是准备状态
20045008	MatchRoomInFight	战斗已开始
20045009	MatchPlayerAlreadyInMatchPool	玩家已在匹配队列中
20045010	MatchPlayerNotInMatchPool	玩家不在匹配队列
20045011	MatchPlayerAlreadyInRoom	玩家已在房间中
20045012	MatchPlayerNotInRoom	玩家不在房间中
20045013	MatchPlayerNotInThisRoom	玩家不在此房间
20045014	MatchPlayerStateError	状态错误
20045015	MatchPlayerNotLeader	您不是房主
20045016	MatchCanNotTransferLeaderToYourSelf	不能将房主转移给自己
20045017	MatchPlayerNotFound	找不到指定的玩家
20045018	MatchRoomLeaderForceLeave	被房主踢出房间
20045019	MatchRoomClose	房间解散
20045020	MatchStartTimeout	待机时间太长被踢出房间
20045021	MatchCharacterNotUnique	队伍中存在相同角色
20045022	MatchPlayerOffline	玩家已离线
20045023	MatchPlayerIsMatching	正在匹配中，无法操作
20045024	MatchPlayerCountNotEnough	人数不足，无法开始战斗
20045025	MatchPlayerNotHaveSuitableCharacter	没有合适的上阵角色
20045026	MatchMultiLevelControlNotExist	多人等级配置不存在
20045027	MatchTutorialLevelDonCreateRoom	教学关卡不允许创建房间
20045028	MatchTutorialLevelDonStartMatch	教学关卡不允许匹配
20045029	MatchTutorialLevelNotFinished	教学关卡未完成
20045030	MatchServerMaintenance	联机功能维护中，无法进行匹配战斗
20045031	MatchClientVersionError	客户端版本过低，无法进行匹配战斗
20045032	MatchStageInfoNotFound	对应StageInfo不存在
20045033	MatchRobotIdNotInStage	机器人ID在关卡不可用
20045034	MatchStageDontHaveRobotId	关卡未配置机器人ID
20045035	MatchInvalidStageType	匹配的关卡类型无效
20045036	MatchInvalidStageIdAndStageType	匹配的关卡ID或类型无效
20045037	MatchInvalidToManyMatchPlayers	匹配人数过多
20045038	MatchInvalidStageIdsNotTheSameType	匹配的关卡存在不一样的关卡类型
20045039	MatchPlayerHaveNotSetAssistChip	未装备支援芯片，无法准备
20045040	MatchPlayerHaveNotCreateRoom	当前没有小队准备中，是否直接创建小队
20045041	MatchPlayerSelectAssistChipNotExist	选择的支援数据不存在
20045042	MatchRoomFightAlreadyFinish	战斗已经结束
20045043	MatchRoomCannotFoundDlcServer	战斗服不存在
20045044	MatchRoomCannotFoundMatchStrategy	不存在配置中的匹配策略
20045045	MatchRoomSucceedNotDoIt	当前状态不能进行该操作
20045046	MatchSyncRelinkDataPlayerIsReady	准备状态下无法设置数据
20045047	MatchPlayerRelinkDataError	战斗数据异常
20045048	MatchRoomEnterWorldNotReady	有玩家尚未准备完成
20046001	ExploreChapterIsNotExist	探索章节不存在
20046002	ExploreChapterIsNotFinished	章节未完成
20046003	ExplorePreChapterIsNotFinished	前置章节未完成
20046004	ExploreChapterRewardIsGot	奖励已领取
20046005	ExploreChapterNodeIsNotExist	探索节点不存在
20046006	ExplorePreNodeIsNotFinished	请先完成前置节点
20046007	ExploreNodeIsFinished	关卡已完成
20046008	ExploreEnduranceIsNotEnough	耐力值不够
20047001	PayManagerGetPayTemplateNotFound	无法找到对应充值配置
20047002	PayInsertReceiptFail	创建充值订单失败
20048001	BranchChallengeIsNotExist	挑战Id不存在
20048002	BranchPreStageNotFinish	前置关卡未完成
20048003	BranchFightIsEnd	战斗时间已结束
20048004	BranchSectionIdNotFound	支线挑战id不存在
20048005	BranchDifficultStageNotOpen	挑战难度未开启
20049001	BossActivitySectionIsNotExist	Boss章节不存在
20049002	BossActivitySectionIsNotHaveStage	章节不存在该关卡
20049003	BossActivitySectionPreStageNotFinish	前置关卡未完成
20049004	BossActivityIsEnd	作战周期已结束
20049005	BossActivityStarRewardIdNotExist	领取奖励Id不存在
20049006	BossActivityTotalStartNotEnough	领取星数不足
20049007	BossActivityStarRewardAlreadyGet	奖励已领取
20049008	BossActivityRobotGroupNotFound	20049008找不到该活动机器人组配置
20049009	BossActivityRobotIdNotInGroup	20049009该活动机器人组配置无此ID
20049010	BossActivityStoryCfgNotExist	20049010剧情配置未找到
20049011	BossActivityStoryPreStageNotPass	20049011前置关卡未通过
20049012	BossActivityInvalidStoryId	20049012非法故事Id
20050001	SignIdIsNotExist	签到Id不存在
20050002	SignIdIsClose	该签到已结束
20050003	SignInfoNotFound	您没有该签到数据
20050004	SignRewardIsGot	已签到
20050005	SignRewardIsNotExist	签到奖励不存在
20051001	ExperimentGroupIsEnd	试验关卡已结束
20051002	ExperimentLevelIdError	无效试验区Id
20051003	ExperimentGroupNotOpen	试验关卡未开启
20051004	ExperimentIdNotHaveStarReward	实验关没有星数奖励
20051005	ExperimentStarRewardIdNotExist	星数奖励id不存在
20051006	ExperimentIdNotFinish	试验区关卡未完成
20051007	ExperimentStarNumNotExist	不存在该星数奖励
20051008	ExperimentStarRewardAlreadyGet	已领取奖励
20051009	ExperimentStarNotEnough	星数不够
20052001	PracticeChapterIsNotFound	章节不存在
20052002	PracticeChapterStageIsError	关卡不存在
20052003	PracticePreStageNotFinish	前置关卡为完成
20052004	PracticeActivityStageNotFound	20052004找不到该活动教学关卡
20053001	PurchaseTemplateNotFound	礼包配置未找到
20053002	PurchaseTimeNotEffect	礼包未生效
20053003	PurchaseTimeWasInvalid	礼包已失效
20053004	PurchaseWasUnShelve	礼包已下架
20053005	PurchaseBuyTimesLimit	采购次数已用完
20053006	PurchaseRemainDayLimit	月卡数量已达购买上限
20053007	PurchaseIntervalDayLimit	礼包未上架
20053008	PurchasePrePurchaseLimit	采购前置限制
20053009	PurchasePrePurchaseIsOnSale	前置礼包未买完
20053010	PurchaseRecordNotFound	未购该买礼包
20053011	PurchaseDailyRewardAlreadyGet	每日奖励已领取
20053012	PurchaseDailyRewardExpire	每日奖励已过期
20053013	PurchaseNotContainDailyReward	采购项不包含每日奖励
20053014	PurchaseDiscountNotFound	礼包折扣不存在
20053015	PurchaseDiscountTimesLimit	不在打折有效期内，请重新检查
20053016	PurchaseDiscountCountLimit	打折券已到期
20053017	PurchaseAlreadyHaveForeverFashion	已有永久涂装，无需购买
20053018	PurchaseRegression2NotInRegression	不在回归状态中
20053019	PurchaseRegression2ActivityIdNotMatch	礼包不适用于当前回归活动
20053020	PurchaseSignInCfgNotExist	签到礼包配置不存在
20053021	PurchaseSignInRewardError	签到礼包奖励不匹配
20053022	PurchaseSignInNotExist	未购买签到礼包
20053023	PurchaseSignInRewardCfgNotExist	签到礼包奖励不存在
20053024	PurchaseSelectIdNotFind	采购自选礼包不存在
20053025	PurchaseSelectGroupIdNotFind	采购自选礼包分组不存在
20053026	PurchaseSelectGroupIdNotExist	采购自选礼包分组商品不存在于组中
20053027	PurchaseSelectGoodsIdNotFind	采购自选礼包商品不存在
20053028	PurchaseSelectGoodsCountError	采购自选礼包商品数量错误
20053029	PurchaseSelectSendRewardError	采购自选礼包购买失败
20053030	PurchaseConditionNotFinish	条件不满足
20053031	PurchaseRequestDataError	礼包数据异常
20053032	PurchaseAlreadyHaveBackground	采购礼包失败已拥有背景
20053033	PurchaseAlreadyHaveHead	采购礼包失败已拥有头像
20053034	PurchaseAlreadyHaveCharacter	采购礼包失败已拥有角色
20053035	PurchaseHistroyNotMatch	20053035礼包购买条件不满足
20053036	PurchaseNotBuyMonthCard	20053036未购买月卡
20053037	PurchaseComboPackageNotFound	20053037捆绑包配置不存在
20053038	PurchaseComboPackageIsSoldOut	20053038捆绑包已达购买上限
20053039	PurchaseComboSubPackageIsSoldOut	20053039捆绑包所有商品已被购买
20053101	PurchaseExistMutexItem	Already own a conflicting product. Cannot purchase and replace it now.
20054001	CdKeyInvalid	兑换码不正确，请重新检查
20054002	CdKeyNotTimeYet	不在兑换时间内，请重新检查
20054003	CdKeyTotalCountFull	兑换码已被使用，请重新检查
20054004	CdKeyChannelWrong	兑换码渠道不对，请重新检查
20054005	CdKeyPlayerCountFull	已领取过本次奖励，不能重新领取
20054006	CdKeyTimeOut	兑换码已过期，请重新检查
20054007	CdKeyGetSameBatchType	同一个活动每个账号只能领取一次
20055001	HeadPortraitTemplateNotFound	找不到头像配置
20055002	HeadPortraitNotOwned	未拥有该头像
20055003	HeadPortraitNotExist	不存在该头像
20055004	HeadPortraitTimeout	头像已超过有效期
20055005	HeadPortraitNotInTime	头像不在有效期内
20055501	HeadFrameTemplateNotFound	找不到头像框配置
20055502	HeadFrameNotOwned	头像框未解锁
20055503	HeadFrameNotExist	头像框不存在
20055504	HeadFrameTimeout	头像框已超过有效期
20055505	HeadFrameNotInTime	头像框不在有效期内
20057001	FestivalActivityIsNotOpen	活动未开启
20057002	FestivalActivityIsOver	活动已结束
20057003	FestivalActivityIdNotFount	活动已下线
20058001	RedEnvelopeActivityInvalid	无效的红包活动
20058002	RedEnvelopeActivityNotOpen	活动未开启
20058003	RedEnvelopeActivityHaveClose	活动已结束
20059001	BabelTowerActivityNotOpen	活动未开启
20059002	BabelTowerActivityIsOver	活动已结束
20059003	BabelTowerFightIsEnd	活动战斗已结束
20059004	BabelTowerStageIdError	关卡id错误
20059005	BabelTowerCharacterIsInOtherStage	角色已锁定在其他关卡
20059006	BabelTowerSupportPointIsNotEnough	支援点数不足
20059007	BabelTowerStageGuideIdError	关卡引导id错误
20059008	BabelTowerPreGuideInNotFinish	先完成前置引导关
20059009	BabelTowerGuideChallengeBuffError	挑战buff设置错误
20059010	BabelTowerSelectChallengeBuffGroupError	挑战buff组设置错误
20059011	BabelTowerSelectChallengeBuffNotInGroup	挑战buff不在设置组中
20059012	BabelTowerSelectChallengeBuffGroupNotRepeat	不能重复设置挑战buff组
20059013	BabelTowerSelectChallengeBuffIsLocked	TODO_BabelTowerSelectChallengeBuffIsLocked
20059014	BabelTowerSelectSupportBuffGroupError	支援buff组错误
20059015	BabelTowerSelectSupportBuffNotInGroup	支援buff不在设置组中
20059016	BabelTowerSelectSupportBuffGroupNotRepeat	不能重复设置支援buff组
20059017	BabelTowerCacheDataIsNull	请先选择关卡数据
20059018	BabelTowerStageIdIsNotSameCacheData	进入关卡错误
20059019	BabelTowerPreStageIsNotFinished	前置关卡未完成
20059020	BabelTowerPreStageScoreNotEnough	前置关卡积分不够
20059021	BabelTowerStageNotOpen	关卡未开启
20059022	BabelTowerPreFightTeamError	出战队伍错误
20059023	BabelTowerTowerStageInfoIsNull	关卡未完成
20059024	BabelTowerTowerStageIsAlreadyReset	关卡已清除记录
20059025	BabelTowerTowerStageIsNotReset	关卡未清除记录
20059026	BabelTowerTeamCharacterIdIsBanned	队伍中有禁用角色
20059027	BabelTowerNoRank	当前活动无排行榜
20059028	BabelTowerGetRankInfoFail	获取排名失败
20059029	BabelTowerBuffGroupCfgNotExist	buff组配置不存在
20059030	BabelTowerStageTeamDataNotFound	队伍信息不存在
20059031	BabelTowerStageTeamIdError	队伍id错误
20059032	BabelTowerStageTeamIdNotUnlock	队伍未解锁
20059033	BabelTowerStageLevelNotExist	关卡难度不存在
20059034	BabelTowerCanNotFindStageExtraId	20059034找不到关卡扩展id
20059035	BabelTowerWrongActivityId	20059035错误的活动id
20059036	BabelTowerCanNotFindActivityTemplate	20059036找不到活动配置
20059037	BabelTowerTeamLimitCount	20059037上阵人数超过上限
20059038	BabelTowerStageLevelNotUnlock	20059038巴别塔难度未解锁
20059039	BabelTowerGlobalUnlockNotFound	20059039巴别塔无对应全局解锁配置
20059040	BabelTowerStageInvalidRobotId	20059040巴别塔不可用的机器人
20059041	BabelTowerCheckTeamTeamEmpty	20059041巴别塔编队无有效成员
20059042	BabelTowerCheckTeamInvalidRobotId	20059042巴别塔无效的机器人
20059043	BabelTowerCheckTeamMemberConflicted	20059043巴别塔角色或机器人冲突
20059044	BabelTowerBuffGroupProtect	20059044巴别塔BuffGroup受机器人数量限制
20059045	BabelTowerBuffScoreNotEnough	巴别塔词缀积分不足
20059046	BabelTowerBuffConfigError	巴别塔词缀配置错误
20059047	BabelTowerFightTimeError	巴别塔战斗时间错误
20059048	BabelTowerFightScoreError	巴别塔战斗分数错误
20059049	BabelTowerTowerTeamResetCoolDown	本次巴别塔队伍重置或者恢复处于冷却中，请稍后尝试
20060001	DormDormitoryHasActivated	房间已激活
20060002	DormCannotFindDormitoryTemplate	找不到房间配置
20060003	DormItemNotEnough	物品不足
20060004	DormDormitoryNotActivated	房间未激活
20060005	DormInvalidFurnitureId	无效的家具id
20060006	DormGetRandomFurnitureConfigIdFails	随机获取家具配置id失败
20060007	DormGetFurnitureTemplateFails	获取家具配置失败
20060008	DormStringInvalid	含有非法字符
20060009	DormCharacterIdInvalid	无效的成员id
20060010	DormCharacterEventTemplateIdInvalid	找不到成员事件配置
20060011	DormCharacterEventTypeTemplateIdInvalid	找不到成员事件类型配置
20060012	DormCharacterEventNotExist	成员不存在该事件
20060013	DormGetFurnitureReturnFails	获取家具分解配置失败
20060014	DormGetFurnitureLevelReturnFails	获取家具等级分解配置失败
20060015	DormGetFurnitureRandomAdditionAttrFails	获取家具额外随机属性加成配置失败
20060016	DormEventRateFails	宿舍事件概率不满足
20060017	DormEventCdFails	宿舍事件冷却中
20060018	DormEventDailyCountFails	宿舍事件达到每日次数限制
20060019	DormEventWeekCountFails	宿舍事件达到每周次数限制
20060020	DormEventMoodNotFit	宿舍事件心情值不满足
20060021	DormEventVitalityNotFit	宿舍事件体力值不满足
20060022	DormCreateFurnitureBaseDataFails	投入至少3家具币
20060023	DormVisitSelfDorm	不能访问自己的宿舍
20060024	DormRecommendCd	刷新冷却中
20060025	DormCharacterWorking	伙伴正在打工中
20060026	DormCharacterVitalityNotEnough	伙伴体力不足
20060027	DormCharacterNotWorking	伙伴没有在打工
20060028	DormFurnitureCreating	已有家具在建造中
20060029	DormFurnitureCreatePosInvalid	非法建造位置
20060030	DormNoFurnitureCreating	没有在建造中的家具
20060031	DormFurnitureCreateNotComplete	家具建造未完成
20060032	DormCharacterFull	宿舍已住满
20060033	DormCharacterNotInDormitory	伙伴不再房间内
20060034	DormCharacterNotEnough	宿舍入住人数不足
20060035	DormInvalidFurnitureAttrType	无效的属性类型
20060036	DormFurnitureAttrNotEnough	房间家具属性不足
20060037	DormFurnitureTypeNotSame	改造家具类型不一致
20060038	DormCannotFindWorkTemplate	找不到打工配置
20060039	DormWorkSeatNotEnough	打工位置已满
20060040	DormRequestDataInvalid	宿舍协议请求字段无效
20060041	DormCharacterHaveInDormitory	伙伴已经再宿舍中
20060042	DormWorkPosIsUsing	该工位已被使用
20060043	DormLoadPlayerFails	访问玩家数据加载失败
20060044	DormCharacterRewardTemplateNotFound	宿舍侵蚀体奖励配置不存在
20060045	DormCharacterMoodNotEnough	伙伴心情值不足
20060046	DormNoCharacterCanVisit	没有可访问的成员
20060047	DormGetFurnitureRewardTemplateFails	宿舍家具奖励配置不存在
20060048	DormInvalidFurnitureLayout	宿舍模板不存在
20060049	DormCollectLayoutFull	宿舍收藏已满
20060050	DormDormLayoutRelationNotExsited	20060050
20060051	DormCreateCountTooMuch	宿舍创建数量超出上限
20060052	DormPutFurnitureCTooMuch	宿舍放置家具数量超出上限
20060053	DormEncodeFurnitureLayoutItemListFailed	家具分享码生成失败
20060054	DormInvalidSnapshotId	无效的分享码
20060055	DormSnapshotTimesLimited	分享次数达到限制
20060056	DormWrongVisitId	此宿舍不可访问
20060057	DormFurnitureIsLocked	20060057家具已锁定，无法进行操作
20060058	DormFondleInvalidCharacterId	20060058宿舍抚摸无效的构造体ID
20060059	DormFondleInvalidType	20060059宿舍抚摸无效的类型
20060060	DormRenameBanned	宿舍命名功能被禁止，修改需联系客服
20060061	DormGotCharacterId	已拥有该泛用机体
20060062	DormNotGotCharacterId	未拥有该泛用机体
20060063	DormDecomposeOverLimitCount	回收数量超出限制
20060064	DormFurnitureTotalCountLimit	家具仓库达到上限，请先回收部分家具
20060065	DormQuestTerminalMaxLv	委托终端已达到最大等级
20060066	DormQuestTerminalUpgradeOngoing	委托终端正在升级中
20060067	DormQuestFinishQuestNotEnough	未满足升级条件，无法升级
20060068	DormQuestNotAccept	委托未接取
20060069	DormQuestAlreadyAccept	委托已接取
20060070	DormQuestCfgNotExist	委托配置不存在
20060071	DormQuestNotExist	委托不存在
20060072	DormQuestIndexRepeat	20060072委托索引重复
20060073	DormQuestTeamCharacterRepeat	20060073队伍成员重复
20060074	DormQuestTeamCharacterNotEnough	队伍成员数量不足
20060075	DormQuestCharacterIsInQuest	成员正在进行委托
20060076	DormQuestTerminalIdleCountNotEnough	20060076委托空闲位置不足
20060077	DormQuestAlreadyFinish	委托已完成
20060078	DormQuestTerminalCfgError	委托终端配置错误
20060079	DormQuestFileNotCollect	文件未解锁
20060080	ConditionManagerDormQuestConditionNotFinish	条件未达成
20060081	DormRemakeFurnitureFailedToGetExtraAttr	重制未找到对应属性模板
20060082	DormRemakeCountTooMuch	重制家具数量过多
20060083	DormRemoduleCountTooMuch	改装家具数量过多
20060084	DormFurnitureIsInDorm	此家具已经被摆放
20060085	DormFurnitureCannotDecompose	此家具不可回收
20060086	DormFurnitureCannotRemould	此家具不可改装
20060087	DormQuestAutoAcceptTerminalFull	20060085暂无空闲的队伍位置
20060088	DormQuestAutoAcceptNoQuestRemain	20060086暂无可接取的委托
20060089	DormQuestAutoAcceptCharacterNotEnough	20060087暂无空闲的成员执行委托
20060090	DormQuestAutoAcceptNoSuccessQuest	20060088无成功派遣的委托
20061001	GachaTemplateNotFound	研发配置找不到
20061002	GachaRewardUseUp	研发奖励已用完
20061003	GachaNotOpen	研发未开放
20061004	GachaClosed	研发已关闭
20061005	GachaTimesUseUp	研发次数已用完
20061006	GachaTimesNotEnough	研发次数不足
20061007	GachaOpenNeedGainAllPreMainReward	在上一盲盒机中获得所有核心奖励后开启
20061008	GachaOrganizeNotFound	盲盒组配置找不到
20061009	GachaOrganizeNotFoundStartGacha	盲盒组找不到初始盲盒机
20061010	GachaCannotExchange	20061010该盲盒无法进行兑换
20061011	GachaItemExchangeTemplateNotFound	20061011盲盒物品兑换配置不存在
20061012	GachaItemExchangeBuyExceedCountLimit	20061012超过了单次购买上限
20061013	GachaItemExchangeItemNotFound	20061013盲盒物品兑换不存在
20061014	GachaItemExchangeAlreadyLimit	20061014道具购买已达到上限
20061015	GachaCourseRewardIdNotFind	20061015历程奖励找不到
20061016	GachaCanLiverNeedDrawFirst	请先进行研发
20061017	GachaCanLiverExchangeAlreadyLimit	兑换达到上限
20061018	GachaCanLiverCoreRewardAlreadyAllOut	核心奖励已出完，无法再进行抽取
20061019	GachaConditionError	条件不满足
20061020	GachaConsumeCountError	配置的消耗数量有误
20062001	RepeatChallengeNotOpen	复刷活动未开放
20062002	RepeatChallengeActivityCfgIsNull	活动配置不存在
20062003	RepeatChallengeStageCfgIsNull	关卡不存在
20062004	RepeatChallengeChapterCfgIsNull	章节不存在
20062005	RepeatChallengeChapterNotInNormalChapterIds	普通章节配置错误
20062006	RepeatChallengeChapterNotInHideChapterIds	深渊章节配置错误
20062007	RepeatChallengeChapterIsFinished	该章节已完成
20062008	RepeatChallengeCountError	挑战次数错误
20062009	RepeatChallengeLevelCfgIsNull	等级配置不存在
20062010	RepeatChallengePreFightIsNull	战前数据不存在
20062011	RepeatChallengeFirstPassLimitCount	首次挑战次数限制1次
20062012	RepeatChallengeRewardNotExist	奖励配置不存在
20062013	RepeatChallengeRewardIsGot	奖励已领取
20062014	RepeatChallengeResultChallengeCountError	结算次数错误
20062015	MultiChallengeCfgIsNotFound	多次挑战配置不存在
20062016	RepeatChallengeHideChapterNotOpen	深渊章节未开放
20062017	RepeatChallengeChapterNotOpen	章节未开放
20062018	RepeatChallengeHideConditionNotSatisfy	隐藏章节条件未满足
20063001	GuildServiceUnavaliable	指挥局服务器出错
20063002	GuildCreateGuildNameIsNull	指挥局名称不能为空
20063003	GuildCreateGuildNameLengthError	指挥局名称长度不符合要求
20063004	GuildCreateGuildNameInvalid	指挥局名称含有非法字符
20063005	GuildCreateGuildDeclarationIsNull	指挥局公告不能为空
20063006	GuildCreateGuildDeclarationLengthError	指挥局公告长度过长
20063007	GuildCreateGuildDeclarationInvalid	指挥局公告含有非法字符
20063008	GuildCreateGuildIconIdIsZero	请选择指挥局图标
20063009	GuildCreateGuildInCreating	指挥局正在创建，请稍后重试
20063010	GuildCreateGuildPlayerHasGuild	您已经加入指挥局，创建指挥局失败
20063011	GuildCreateGuildGuildExists	指挥局名称已被使用
20063012	GuildCreateGuildNameDuplicated	指挥局名称已经存在
20063013	GuildCreateGuildPlayerIdDuplicated	您已加入其他指挥局，创建失败
20063014	GuildCreateGuildIdDuplicated	该指挥局名称已被使用
20063015	GuildCreateGuildDataAsyncError	创建指挥局数据失败
20063016	GuildCreateGuildInCd	离开指挥局8小时后才可加入新的指挥局
20063017	GuildCreateErrorHeadPortrait	指挥局头像不存在
20063018	GuildCreateNotEnoughCost	所需货币不足，无法创建
20063019	GuildCreateServiceException	创建指挥局失败
20063020	GuildCreateGuildInternalError	无法生成指挥局数据
20063021	GuildApplyInCd	离开指挥局8小时后才可加入新的指挥局
20063022	GuildApplyPlyaerHasGuild	申请失败，已加入指挥局
20063023	GuildApplyPlyaerApplyMaxCount	您同时申请的指挥局数量太多了
20063024	GuildApplyApplyDuplicated	已提交申请，请耐心等待
20063025	GuildApplyServiceException	申请失败，未知异常
20063026	GuildApplyGuildNotExist	对方指挥局不存在
20063027	GuildApplyGuildApplyMaxCount	对方指挥局的申请列表已满
20063028	GuildApplyReachCapacity	申请失败，对方指挥局已满员
20063029	GuildAckApplyAckHasNotGuild	审批失败，不在指挥局中
20063030	GuildAckApplyAckGuildNotExist	指挥局不存在
20063031	GuildAckApplyAckNotInThisGuild	审批失败，不在指挥局中
20063032	GuildAckApplyAckLessRank	没有审批权限
20063033	GuildAckApplyApplicantHasGuild	对方已加入其他指挥局
20063034	GuildAckApplyNotApply	玩家没有申请过
20063035	GuildAckApplyReachCapacity	指挥局已经满员
20063036	GuildAckApplyServiceException	审批失败，未知异常
20063037	GuildApplyBanApply	对方指挥局拒绝申请加入
20063038	GuildApplyLessLevel	您的等级低于该指挥局的入会等级要求
20063039	GuildApplyPass	您的等级低于该指挥局的入会等级要求
20063040	GuildListRecommendHasGuild	指挥局推荐失败，您已在指挥局中
20063041	GuildListRecommendServiceException	指挥局推荐失败，未知异常
20063042	GuildListDetailGuildNotExist	查看指挥局详细失败，该指挥局已解散
20063043	GuildListDetailPlayerNotInGuild	查看指挥局详细失败，您不在指挥局中
20063044	GuildListDetailServiceException	查看指挥局详细失败，未知异常
20063045	GuildChangeIconHasNotGuild	更改指挥局图标失败，没有加入指挥局
20063046	GuildChangeIconGuildNotExist	更改指挥局图标失败，指挥局不存在
20063047	GuildChangeIconNotInThisGuild	更改指挥局图标失败，您不在指挥局中
20063048	GuildChangeIconLessRank	更改指挥局图标失败，权限不足
20063049	GuildChangeIconErrorHeadPortrait	错误头像，更改指挥局图标失败
20063050	GuildChangeIconServiceException	更改指挥局图标失败，未知异常
20063051	GuildChangeDeclarationHasNotGuild	更改指挥局公告失败，没有加入指挥局
20063052	GuildChangeDeclarationLengthError	更改指挥局公告失败，指挥局公告长度过长
20063053	GuildChangeDeclarationInvalid	更改指挥局公告失败，指挥局公告含有非法字符
20063054	GuildChangeDeclarationGuildNotExist	更改指挥局公告失败，指挥局不存在
20063055	GuildChangeDeclarationNotInThisGuild	更改指挥局公告失败，您不在指挥局中
20063056	GuildChangeDeclarationLessRank	更改指挥局公告失败，权限不足
20063057	GuildChangeDeclarationServiceException	更改指挥局公告失败，未知异常
20063058	GuildChangeDeclarationIsBanned	当前信息暂时无法编辑，请咨询客服进一步反馈
20063059	GuildChangeRankNameHasNotGuild	更改指挥局职位名失败，没有加入指挥局
20063060	GuildChangeRankNameInvalid	更改指挥局职位名失败，职位名称中包含非法字符
20063061	GuildChangeRankNameGuildNotExist	更改指挥局职位名失败，指挥局不存在
20063062	GuildChangeRankNameNotInThisGuild	更改指挥局职位名失败，您不在指挥局中
20063063	GuildChangeRankNameLessRank	更改指挥局职位名失败，权限不足
20063064	GuildChangeRankNameServiceException	更改指挥局职位名失败，未知异常
20063065	GuildReleaseWishHasNotGuild	发布心愿失败，没有加入指挥局
20063066	GuildReleaseWishErrorItemId	发布心愿失败，错误的道具Id
20063067	GuildReleaseWishMaxCount	发布心愿失败，发布心愿已达最大值
20063068	GuildReleaseWishGuildNotExist	发布心愿失败，指挥局不存在
20063069	GuildReleaseWishNotInThisGuild	发布心愿失败，您不在指挥局中
20063070	GuildReleaseWishServiceException	发布心愿失败，未知异常
20063071	GuildListWishGuildNotExist	查看心愿失败，指挥局不存在
20063072	GuildListWishHasNotGuild	查看心愿失败，没有加入指挥局
20063073	GuildListWishServiceException	查看心愿失败，未知异常
20063074	GuildWishContributeGuildNotExist	捐献心愿失败，指挥局不存在
20063075	GuildWishContributeHasNotGuild	捐献心愿失败，没有加入指挥局
20063076	GuildWishContributeItemNotEnough	捐献心愿失败，持有道具数量不足
20063077	GuildWishContributeCantToSelf	捐献心愿失败，不能捐献给自己
20063078	GuildWishContributeNotInThisGuild	捐献心愿失败，您不在指挥局中
20063079	GuildWishContributeMaxCount	捐献心愿失败，捐献已到达最大值
20063080	GuildWishContributeErrorWish	捐献心愿失败，找不到心愿数据
20063081	GuildWishContributeOnlyOnce	捐献心愿失败，不能捐献复数个心愿
20063082	GuildWishContributeServiceException	捐献心愿失败，未知异常
20063083	GuildChangeRankHasNotGuild	更改职位失败，没有加入指挥局
20063084	GuildChangeRankCantToSelf	更改职位失败，不能更改自身职位
20063085	GuildChangeRankErrorNewRank	更改职位失败，新职位数据异常
20063086	GuildChangeRankGuildNotExist	更改职位失败，指挥局不存在
20063087	GuildChangeRankNotInThisGuild	更改职位失败，您不在指挥局中
20063088	GuildChangeRankOtherNotInThisGuild	更改职位失败，对方不在指挥局中
20063089	GuildChangeRankSameRank	更改职位失败，您与对方职位相同
20063090	GuildChangeRankLevelLtOther	更改职位失败，您的职位低于对方
20063091	GuildChangeRankLevelLtOtherNew	更改职位失败，您的职位低于要更改的新职位
20063092	GuildChangeRankMaxCount	更改职位失败，改变职位到达最大次数
20063093	GuildChangeRankServiceException	更改职位失败，未知异常
20063094	GuildQuitHasNotGuild	退出指挥局失败，没有加入指挥局
20063095	GuildQuitGuildNotExist	退出指挥局失败，指挥局不存在
20063096	GuildQuitNotInThisGuild	退出指挥局失败，您不在指挥局中
20063097	GuildQuitLeaderCantQuit	退出指挥局失败，会长不能退出指挥局
20063098	GuildQuitServiceException	退出指挥局失败，未知异常
20063099	GuildKickMemberHasNotGuild	移除指挥局成员失败，没有加入指挥局
20063100	GuildKickMemberGuildNotExist	移除指挥局成员失败，指挥局不存在
20063101	GuildKickMemberKickSelf	移除指挥局成员失败，不能移除自身
20063102	GuildKickMemberOfficerNotInThisGuild	移除指挥局成员失败，您不在指挥局中
20063103	GuildKickMemberLessRank	移除指挥局成员失败，权限不足
20063104	GuildKickMemberOtherNotInThisGuild	移除指挥局成员失败，对方不在指挥局中
20063105	GuildKickMemberRankLtOther	移除指挥局成员失败，您的职位低于对方职位
20063106	GuildKickMemberRunOut	移除指挥局成员失败，每日最多能逐出10名指挥官
20063107	GuildKickMemberServiceException	移除指挥局成员失败，未知错误
20063108	GuildListNewsHasNotGuild	查看指挥局动态失败，没有加入指挥局
20063109	GuildListNewsGuildNotExist	查看指挥局动态失败，指挥局不存在
20063110	GuildListNewsServiceException	查看指挥局动态失败，未知错误
20063111	GuildGiveLikeHasNotGuild	指挥局点赞失败，没有加入指挥局
20063112	GuildGiveLikeGiveSelf	指挥局点赞失败，不能点赞自身
20063113	GuildGiveLikeGuildNotExist	指挥局点赞失败，指挥局不存在
20063114	GuildGiveLikePlayerNotInThisGuild	指挥局点赞失败，您不在指挥局中
20063115	GuildGiveLikeOtherNotInThisGuild	指挥局点赞失败，对方不在指挥局中
20063116	GuildGiveLikeItemNotEnough	指挥局点赞失败，持有道具不足
20063117	GuildGiveLikeServiceException	指挥局点赞失败，未知错误
20063118	GuildImpeachHasNotGuild	指挥局弹劾失败，没有加入指挥局
20063119	GuildImpeachPlayerNotInThisGuild	指挥局弹劾失败，您不在指挥局中
20063120	GuildImpeachSelf	指挥局弹劾失败，不能弹劾自身
20063121	GuildImpeachErrorDuration	指挥局弹劾失败，作战总指挥已经归来了
20063122	GuildImpeachDuplicated	指挥局弹劾失败，不能重复弹劾
20063123	GuildChangeImpeachServiceException	指挥局弹劾失败，未知错误
20063124	GuildRejeactImpeachHasNotGuild	驳回弹劾失败，没有加入指挥局
20063125	GuildChangeScriptHasNotGuild	更改指挥局迎新语失败，没有加入指挥局
20063126	GuildChangeScriptErrorIndex	更改指挥局迎新语失败，错误的索引
20063127	GuildChangeScriptInvalid	更改指挥局迎新语失败，迎新语中包含敏感字符
20063128	GuildChangeScriptErrorLength	更改指挥局迎新语失败，话术长度不符合要求
20063129	GuildChangeScriptMaxCount	更改指挥局迎新语失败，话术已到达上限
20063130	GuildChangeScriptGuildNotExist	更改指挥局迎新语失败，指挥局不存在
20063131	GuildChangeScriptOfficerNotInThisGuild	更改指挥局迎新语失败，您不在指挥局中
20063132	GuildChangeScriptLessRank	更改指挥局迎新语失败，权限不足
20063133	GuildChangeScriptServiceException	更改指挥局迎新语失败，未知异常
20063134	GuildListScriptHasNotGuild	查看话术列表失败，没有加入指挥局
20063135	GuildListScriptGuildNotExist	查看话术列表失败，指挥局不存在
20063136	GuildListScriptOfficerNotInThisGuild	查看话术列表失败，您不在指挥局中
20063137	GuildListScriptLessRank	查看话术列表失败，权限不足
20063138	GuildListScriptServiceException	查看话术列表失败，未知异常
20063139	GuildTouristPlayerHasGuild	游客访问失败，您已加入指挥局
20063140	GuildTouristTouristHasGuild	游客已加入指挥局
20063141	GuildTouristGuildNotExist	游客访问失败，指挥局不存在
20063142	GuildTouristTryAddFailed	游客访问失败，游客加入失败
20063143	GuildTouristMaxCount	游客访问失败，游客已到达上限
20063144	GuildQuitTouristHasNotGuild	游客退出访问失败，没有加入指挥局
20063145	GuildQuitTouristNotInThisGuild	游客退出访问失败，您不在指挥局中
20063146	GuildRecruitRecommendHasNotGuild	招募推荐失败，没有加入指挥局
20063147	GuildRecruitRecommendException	招募推荐失败，未知异常
20063148	GuildRecruitRecommendGuildNotExist	招募推荐失败，指挥局不存在
20063149	GuildRecruitRecommendOfficerNotInThisGuild	招募推荐失败，您不在指挥局中
20063150	GuildRecruitRecommendLessRank	招募推荐失败，权限不足
20063151	GuildRecruitRecommendNeedRefresh	请刷新招募推荐
20063152	GuildUpdateRecruitRecommendGuildNotExist	刷新招募推荐失败，指挥局不存在
20063153	GuildUpdateRecruitRecommendOfficerNotInThisGuild	刷新招募推荐失败，您不在指挥局中
20063154	GuildUpdateRecruitRecommendLessRank	刷新招募推荐失败，权限不足
20063155	GuildRecruitHasNotGuild	招募失败，没有加入指挥局
20063156	GuildRecruitServiceException	招募失败，未知异常
20063157	GuildRecruitGuildNotExist	招募失败，指挥局不存在
20063158	GuildRecruitOfficerNotInThisGuild	招募失败，您不在指挥局中
20063159	GuildRecruitLessRank	招募失败，权限不足
20063160	GuildRecruitPlayerHasGuild	对方已加入其它指挥局
20063161	GuildRecruitPlayerNotInRecommend	对方不在招募列表中
20063162	GuildRecruitDuplicated	重复的招募请求
20063163	GuildRecruitGuildMaxCount	招募失败，指挥局今日招募次数达到上限
20063164	GuildListRecruitHasGuild	您已经加入了指挥局
20063165	GuildListRecruitServiceException	查看招募列表失败，未知异常
20063166	GuildAckRecruitHasGuild	您已经加入了该指挥局
20063167	GuildAckRecruitServiceException	确认招募失败，未知异常
20063168	GuildAckRecruitGuildNotExist	指挥局不存在，回应招募失败
20063169	GuildAckRecruitNoRecruit	不存在的招募信息，回应招募失败
20063170	GuildAckRecruitReachCapacity	指挥局已经满员，回应招募失败
20063171	GuildAckRecruitInCd	离开指挥局8小时后才可加入新的指挥局
20063172	GuildLevelUpHasNotGuild	指挥局升级失败，没有加入指挥局
20063173	GuildLevelUpServiceException	指挥局升级失败，未知异常
20063174	GuildLevelUpGuildNotExist	指挥局升级失败，指挥局不存在
20063175	GuildLevelUpOfficerNotInThisGuild	指挥局升级失败，您不在指挥局中
20063176	GuildLevelUpLessRank	指挥局升级失败，权限不足
20063177	GuildLevelUpLessBuild	指挥局升级失败，建设度不足
20063178	GuildLevelUpMaxLevel	指挥局升级失败，指挥局已经到达最高等级
20063179	GuildPayMaintainHasNotGuild	缴纳指挥局维护费失败，没有加入指挥局
20063180	GuildPayMaintainServiceException	缴纳指挥局维护费失败，未知异常
20063181	GuildPayMaintainGuildNotExist	缴纳指挥局维护费失败，指挥局不存在
20063182	GuildPayMaintainOfficerNotInThisGuild	缴纳指挥局维护费失败，您不在指挥局中
20063183	GuildPayMaintainLessRank	缴纳指挥局维护费失败，权限不足
20063184	GuildPayMaintainNotEmergency	不是紧急维护期间不能缴纳维护费用
20063185	GuildPayMaintainLessContribute	缴纳指挥局维护费失败，贡献不足
20063186	GuildAddContributeHasNotGuild	增加指挥局贡献失败，没有加入指挥局
20063187	GuildAddContributeServiceException	增加指挥局贡献失败，未知异常
20063188	GuildAddContributeGuildNotExist	增加指挥局贡献失败，指挥局不存在
20063189	GuildListApplyHasNotGuild	获取申请列表失败，没有加入指挥局
20063190	GuildListApplyServiceException	获取申请列表失败，未知异常
20063191	GuildListApplyGuildNotExist	获取申请列表失败，指挥局不存在
20063192	GuildListApplyOfficerNotInThisGuild	获取申请列表失败，您不在指挥局中
20063193	GuildListApplyLessRank	获取申请列表失败，权限不足
20063194	GuildAddContributePlayerNotInGuild	增加贡献度失败，您不在指挥局中
20063195	GuildGetGiftHasNotGuild	领取活跃礼包失败，没有加入指挥局
20063196	GuildGetGiftServiceException	领取活跃礼包失败，未知异常
20063197	GuildGetGiftInTwoGuild	领取活跃礼包失败，不能领取其他指挥局的礼包
20063198	GuildGetGiftGuildNotExist	领取活跃礼包失败，指挥局不存在
20063199	GuildGetGiftNotInThisGuild	领取活跃礼包失败，您不在指挥局中
20063200	GuildGetGiftGiftNotExist	领取活跃礼包失败，礼包不存在
20063201	GuildGetGiftLessContribute	领取活跃礼包失败，贡献值不足
20063202	GuildGetGiftDuplicated	领取贡献礼包失败，您已经领取过了
20063203	GuildGetContributeRewardHasNotGuild	没有加入指挥局，领取贡献奖励失败
20063204	GuildGetContributeRewardGot	已领取过本次奖励，领取贡献奖励失败
20063205	GuildGetContributeRewardServiceException	领取贡献奖励失败，未知异常
20063206	GuildGetContributeRewardNotInThisGuild	您不在指挥局中，领取贡献奖励失败
20063207	GuildGetContributeRewardLessContribute	贡献值不足，领取贡献奖励失败
20063208	GuildMailServiceUnavaliable	指挥局邮件功能不可用
20063209	GuildMailServiceException	发送指挥局邮件失败，未知异常
20063210	GuildMailContentFormatError	指挥局邮件内容格式有误
20063211	GuildListChatHasNotGuild	没有加入指挥局，获取指挥局聊天失败
20063212	GuildListChatServiceException	指挥局聊天失败，未知异常
20063213	GuildListChatGuildNotExist	指挥局不存在，获取指挥局聊天失败
20063214	GuildListChatNotInThisGuild	您不在指挥局中，获取指挥局聊天失败
20063215	GuildFindServiceException	找寻指挥局失败，未知异常
20063216	GuildChangeApplyOptionHasNotGuild	没有加入指挥局，修改指挥局申请设置失败
20063217	GuildChangeApplyOptionServiceException	修改指挥局申请设置失败，未知异常
20063218	GuildChangeApplyOptionGuildNotExist	指挥局不存在，修改指挥局申请设置失败
20063219	GuildChangeApplyOptionNotInThisGuild	您不在指挥局中，修改指挥局申请设置失败
20063220	GuildChangeApplyOptionLessRank	权限不足，修改指挥局申请设置失败
20063221	GuildServerInternalError	指挥局服务异常
20063222	GuildGetMemberNotFound	获取指挥局成员失败
20063223	GuildShopGetGuildNotExist	指挥局不存在，不能获取指挥局商店信息
20063224	GuildBuyGoodsMemberLessRank	指挥局商店购买权限不足
20063225	GuildRefreshShopMemberLessRank	指挥局商店刷新权限不足
20063226	GuildGetShopHasNotGuild	没有加入指挥局，不能获取指挥局商店信息
20063227	GuildGetShopServiceException	指挥局商店发生错误，未知异常
20063228	GuildBuyGoodsHasNotGuild	没有加入指挥局，不能购买指挥局商店物品
20063229	GuildBuyGoodsServiceException	指挥局商店购买发生错误，未知异常
20063230	GuildRefreshShopHasNotGuild	没有加入指挥局，不能刷新指挥局商店
20063231	GuildRefreshShopServiceException	指挥局商店刷新发生错误，未知异常
20063232	GuildListRankHasNotGuild	没有加入指挥局，查看指挥局排行榜发生错误
20063233	GuildListRankServiceException	指挥局排行榜发生错误，未知异常
20063234	GuildAddBuildGuildNotExist	指挥局不存在，增加建设度失败
20063235	GuildAddBuildNotInGuild	您不在指挥局中，增加建设度失败
20063236	GuildRecruitGuildDailyCount	今天的招募次数已经用完
20063237	GuildGiveLikeItemInvalid	送礼失败，礼物道具无效
20063238	GuildChangeNameNotInGuild	操作失败，您不在指挥局中
20063239	GuildChangeNameGuildNameIsNull	操作失败，新指挥局名字不能为空
20063240	GuildChangeNameGuildNameLengthError	操作失败，指挥局名称字数限制为1~8个字
20063241	GuildChangeNameGuildNameInvalid	操作失败，新的名称包含非法字符
20063242	GuildChangeNameGuildNameEqual	操作失败，名称不能与原名称相同
20063243	GuildChangeNameNotEnoughCost	操作失败，缺少指挥局改名卡
20063244	GuildChangeNameGuildNameDuplicated	操作失败，该名称已经被占用
20063245	GuildChangeNameServiceException	操作失败，本次操作异常
20063246	GuildChangeNameLessRank	更改指挥局职位名失败，权限不足
20063247	GuildChangeNameIsBanned	20063247当前信息暂时无法编辑，请咨询客服进一步反馈
20063248	GuildListTalentException	获取天赋失败，未知异常
20063249	GuildListTalentNotInGuild	您已经不在指挥局中，无法进行此操作
20063250	GuildListTalentGuildNotExist	指挥局已经解散
20063251	GuildUpgradeTalentNotInGuild	您您已经离开了指挥局，无法进行此操作
20063252	GuildUpgradeTalentGuildNotExist	指挥局不存在
20063253	GuildUpgradeTalentLessRank	职位权限不够
20063254	GuildUpgradeTalentTalentNotExist	无效的信标增幅点
20063255	GuildUpgradeTalentLessLevel	指挥局等级不够
20063256	GuildUpgradeTalentParentNotExist	前置信标增幅点不存在
20063257	GuildUpgradeTalentParentLessLevel	前置信标增幅点等级不足
20063258	GuildUpgradeTalentMaxLevel	已经是最高等级
20063259	GuildUpgradeTalentPointNotEnough	信标点数不足
20063260	GuildBossBossStatusGuildNotExist	无法查询到指挥局信息
20063261	GuildBossBossStatusNotInGuild	您已经离开了指挥局，无法进行此操作
20063262	GuildBossBossStatusNotOpen	需要等待下一期活动开启后才可参与
20063263	GuildBossBossInfoGuildNotExist	无法查询到指挥局信息
20063264	GuildBossBossInfoNotInGuild	您已经离开了指挥局，无法进行此操作
20063265	GuildBossBossInfoNotOpen	需要等待下一期活动开启后才可参与
20063266	GuildBossBossActivityGuildNotExist	无法查询到指挥局信息
20063267	GuildBossBossActivityNotInGuild	您已经离开了指挥局，无法进行此操作
20063268	GuildBossBossActivityNotOpen	下期开放
20063269	GuildBossCheckResetNotInGuild	您已经离开了指挥局，无法进行此操作
20063270	GuildBossCheckResetNotOpen	下期开放
20063271	GuildBossBossStageGuildNotExist	无法查询到指挥局信息
20063272	GuildBossBossStageNotInGuild	您已经离开了指挥局，无法进行此操作
20063273	GuildBossBossStageNotExist	关卡无效
20063274	GuildBossBossStageNotOpen	需要等待下一期活动开启后才可参与
20063275	GuildBossPlayerRankGuildNotExist	无法查询到指挥局信息
20063276	GuildBossPlayerRankNotInGuild	您已经离开了指挥局，无法进行此操作
20063277	GuildBossPlayerStageRankGuildNotExist	无法查询到指挥局信息
20063278	GuildBossPlayerStageRankNotInGuild	您已经离开了指挥局，无法进行此操作
20063279	GuildBossPlayerStageRankStageNotExist	关卡不存在
20063280	GuildBossGuildRankGuildNotExist	无法查询到指挥局信息
20063281	GuildBossGuildRankNotInGuild	您已经离开了指挥局，无法进行此操作
20063282	GuildBossHpBoxGuildNotExist	无法查询到指挥局信息
20063283	GuildBossHpBoxNotInGuild	您已经离开了指挥局，无法进行此操作
20063284	GuildBossHpBoxDuplicated	重复领取
20063285	GuildBossHpBoxRewardNotExist	无效奖励信息
20063286	GuildBossHpBoxConditionFail	不满足奖励条件
20063287	GuildBossHpBoxNotOpen	需要等待下一期活动开启后才可参与
20063288	GuildBossHpBoxActivityUpdate	该轮次活动已过期
20063289	GuildBossScoreBoxGuildNotExist	无法查询到指挥局信息
20063290	GuildBossScoreBoxNotInGuild	您已经离开了指挥局，无法进行此操作
20063291	GuildBossScoreBoxDuplicated	重复领取
20063292	GuildBossScoreBoxRewardNotExist	无效奖励信息
20063293	GuildBossScoreBoxConditionFail	不满足奖励条件
20063294	GuildBossScoreBoxNotOpen	需要等待下一期活动开启后才可参与
20063295	GuildBossScoreBoxActivityUpdate	该轮次活动已过期
20063296	GuildBossFightNoBoss	找不到活动信息
20063297	GuildBossFightNoStage	找不到无效关卡
20063298	GuildBossFightNoRobot	找不到试玩信息
20063299	GuildBossFightInvalidRobot	无效试玩角色
20063300	GuildBossFightStageNotMatch	关卡不匹配
20063301	GuildBossFightNoScoreRule	找不到结算规则
20063302	GuildBossUploadNotInGuild	您已经离开了指挥局，无法进行此操作
20063303	GuildBossUploadStageNotMatch	关卡不匹配
20063304	GuildBossUploadDamageNotMatch	结算数据不匹配
20063305	GuildBossUploadMaxCount	上传次数不足
20063306	GuildBossDamageNotInGuild	您已经离开了指挥局，无法进行此操作
20063307	GuildBossDamageActivityUpdate	活动已经过期
20063308	GuildBossDamageNoStage	找不到关卡
20063309	GuildBossDamageDuplicated	已挑战同类型的其他关卡
20063310	GuildBossDamageActivityNotOpen	需要等待下一期活动开启后才可参与
20063311	GuildBossDamageNotBreak	只有当积分高于本期历史最高分时才可保存
20063312	GuildBossSetLevelNotInGuild	您已经离开了指挥局，无法进行此操作
20063313	GuildBossSetLevelActivityUpdate	活动已过期
20063314	GuildBossSetLevelNotAdmin	只有管理职位才可进行此操作
20063315	GuildBossSetLevelNoLevelCfg	无效等级配置
20063316	GuildBossSetLevelLessScore	解锁分数不足
20063317	GuildBossSetLevelGuildNotExist	无法查询到指挥局信息
20063318	GuildBossSetLevelNotOpen	需要等待下一期活动开启后才可参与
20063319	GuildBossSetOrderNotInGuild	您已经离开了指挥局，无法进行此操作
20063320	GuildBossSetOrderActivityUpdate	活动已过期
20063321	GuildBossSetOrderNotAdmin	只有管理职位才可进行此操作
20063322	GuildBossSetOrderGuildNotExist	无法查询到指挥局信息
20063323	GuildBossSetOrderNotOpen	需要等待下一期活动开启后才可参与
20063324	GuildCreateConditionNotReach	还没达到创建公会条件
20063325	GuildCreateReachDailyLimit	今日创建公会数量较多，请于明日5:00后再来尝试
20063326	GuildNotPermission	没有权限
20063327	GuildNotInGuild	不在公会里
20063328	GuildFightStyleIdError	作战风格ID错误
20063329	GuildFightStyleIdIsSame	不能选择相同的作战风格
20063330	GuildFightStyleIdInCd	作战风格切换还在CD中
20063331	GuildFightStyleSkillIdError	作战风格技能ID错误
20063332	GuildFightStyleSkillAlreadyLoad	作战风格技能已经装上
20063333	GuildFightStyleSkillNotUnlock	作战风格技能还没解锁
20063334	GuildFightStyleSkillIdNotMatch	作战风格ID不匹配
20063335	GuildFightStyleSkillCountMax	作战技能数量不能超过上限
20063336	GuildFightStyleSkillOnlyOneCore	只能同时激活一个核心技能
20063337	GuildGdSetBgmIdsNotInGuild	您已经不在指挥局中，无法进行此操作
20063338	GuildGdSetBgmIdsLessRank	更改失败，权限不足
20063339	GuildGdSetBgmIdsInvalidId	更改失败，包含无效的歌曲ID
20063340	GuildGdSetBgmNotUnlock	更改失败，歌曲未解锁
20063341	GuildSearchInCd	搜索操作太频繁了，请稍后再试
20063342	GuildSignAlreadySign	今日已求签
20063343	GuildSignNotSign	今日未求签
20063344	GuildSignAwardIsGet	今日已求签
20063345	GuildSignPlayerNotInGuild	未进入公会
20063346	GuildGdSetThemeNotInGuild	您已经不在指挥局中，无法进行此操作
20063347	GuildGdSetThemeInCd	更换主题功能冷却中
20063348	GuildGdSetThemeLessRank	更改失败，权限不足
20063349	GuildGdSetThemeNotUnlock	更改失败，主题未解锁
20063350	GuildGdSetThemeIdIsIdentical	目标主题已是当前主题
20063351	GuildGdSetThemeIdDuringFixedTheme	体验主题期间不可更换主题
20063352	GuildUpdateMongoDbError	数据库更新失败
20063353	GuildUpdateNoDataError	找不到对应数据
20063354	GuildNotInZombieGuild	不在僵尸公会
20063355	GuildGoodsNotFound	没有找到公会商品
20063356	GuildGoodsTypeNotFound	没有找到公会商品类型
20063357	GuildShopConsumeItemIdError	特殊公会商店只能用公会货币购买
20063358	GuildNoDataError	公会不存在或者公会已经解散
20063359	GuildHeadPortraitNoNeedToBuy	该公会头像不需要购买
20063360	GuildHeadPortraitAlreadyBuy	该公会头像已经购买
20063361	GuildHeadPortraitNotUnlock	该公会头像还没解锁
20063362	ConditionManagerGuildIconNotBuyError	该公会头像还没购买
20063363	GuildNoRewardToReceived	没有可领取的奖励
20063364	GuildBossIsNotOpenNow	活动暂时关闭，请稍后再试
20063365	GuildShopCoinReachLimit	协合勋绩已达上限，无法获得更多协合勋绩
20063366	GuildThemeNotOwn	20063366公会主题未拥有
20063367	GuildGetMemberBaseInfoFail	20063367获取成员信息失败，请稍后再试
20064001	RogueLikeActivityNotOpen	当前不在活动日期内
20064002	RogueLikeActionPointNotEnough	行动次数不足
20064003	RogueLikeSectionInfoIsNull	章节信息不存在
20064004	RogueLikeNodeIsNull	节点配置不存在
20064005	RogueLikeNodeIsNotFightNode	节点不是战斗节点
20064006	RogueLikeNodeStageIsError	节点关卡不匹配
20064007	RogueLikeNodeIdNotInTierCfg	节点不在当前楼层中
20064008	RogueLikeNodeLineError	选择路线不匹配
20064009	RogueLikeNodePreFightDataIsNull	爬塔战前数据不存在
20064010	RogueLikeFightTeamCountIsError	出战队伍数量不匹配
20064011	RogueLikeAssistRobotNotEnough	助战角色不足3人
20064012	RogueLikeAssistCharacterIdError	机器人角色不匹配
20064013	RogueLikeFightCharacterNotInSetTeam	队伍未设置出战角色
20064014	RogueLikeFightNodeNotNeedSelect	战斗节点不能手动完成
20064015	RogueLikeTierAlreadySelectNode	该层已有选中节点
20064016	RogueLikeFinishNodeMustSelectFirst	请先选中路线节点
20064017	RogueLikeBlackShopIdError	黑市商店id不匹配
20064018	RogueLikeBlackShopNotHaveItemId	商店没有该物品
20064019	RogueLikeShopCfgNotFound	商店配置不存在
20064020	RogueLikeShopItemCfgNotFound	商店物品配置不存在
20064021	RogueLikeBuyCountNotEnough	购买次数不足
20064022	RogueLikeSelectNodeIsNull	选中节点不存在
20064023	RogueLikeSelectNodeIsError	当前节点和选中节点不一致
20064024	RogueLikeEventNodeCfgIsNull	事件节点配置不存在
20064025	RogueLikeEventNodeIsNotRestType	节点类型不是休息类型
20064026	RogueLikeBuffCfgIsNull	buff配置不存在
20064027	RogueLikeBuffCanNotIntensify	该buff不能强化
20064028	RogueLikeIntensifyBuffNotExist	强化buff不存在
20064029	RogueLikeNodeTypeError	节点类型不匹配
20064030	RogueLikeNotOwnerBuff	未拥有该buff
20064031	RogueLikeShopInfoIsNull	商店信息不存在
20064032	RogueLikeNodeShopNotHaveItemId	商店不存在该物品
20064033	RogueLikeSpecialEventIdError	特殊事件id不匹配
20064034	RogueLikeSpecialEventCfgIsNull	特殊事件配置不存在
20064035	RogueLikeEventTypeError	事件类型不匹配
20064036	RogueLikeSpecialEventTypeError	特殊事件类型不匹配
20064037	RogueLikeRecoverCfgIsNull	恢复配置不存在
20064038	RogueLikeShopBuyCountError	购买次数异常
20064039	RogueLikeFightIsOver	战斗状态已结束
20064040	RogueLikeSectionIdIsError	章节id异常
20064041	RogueLikeSupportStationCfgNotExist	支援站点配置不存在
20064042	RogueLikeSupportCountLimit	支援次数已达上限
20064043	RogueLikeSpecialEventGroupCfgNotExist	事件组配置不存在
20064044	RogueLikeSpecialEventGroupNotInEventCfg	事件组配置不匹配
20064045	RogueLikeNodeNoNeedSelect	该节点不需要选择
20064046	RogueLikeBoxCfgNotFound	宝箱配置不存在
20064047	RogueLikeGroupTierCfgNotExist	层组配置不存在
20064048	RogueLikeEventGroupNotExist	事件组不存在
20064049	RogueLikeGroupEventNotEnough	随机组事件不足
20064050	RogueLikeTeamAlreadySet	队伍已设置
20064051	RogueLikeTeamSetFirst	今日阵容已重置，请退出重新设置队伍
20064052	RogueLikeRobotIsFull	支援角色已满
20064053	RogueLikeHPFull	你现在很精神，不需要休息
20065001	ArchiveInvalidEvaluateId	评价的id不存在
20065002	ArchiveInvalidMonsterId	怪物不存在
20065003	ArchiveInvalidId	无效的Id
20065004	ArchiveConditionNotFit	图鉴解锁条件不满足
20065005	ArchiveInvalidTag	无效的评价标签
20065006	ArchiveInvalidStoryId	无效的故事Id
20065007	ArchiveInvalidEvaluateType	20065007无效的图鉴类型
20066001	RegressionActivityCfgNotExist	活动配置不存在
20066002	RegressionTaskActivityIsOver	活动已结束
20066003	RegressionGroupScheduleRewardCfgNotExist	进度奖励组不存在
20066004	RegressionScheduleRewardCfgNotExist	进度奖励不存在
20066005	RegressionScheduleItemNotEnough	进度不够
20066006	RegressionScheduleRewardAlreadyGet	进度奖励已领取
20066007	RegressionInviteDissatisfied	邀请条件不满足
20066008	RegressionInviteCodeDataAlreadyExist	邀请码已存在
20066009	RegressionInviteCodeDataNotExist	邀请码数据不存在
20066010	RegressionInviteLoadCodeDataIsNull	加载邀请码数为空
20066011	RegressionInviteCfgNotExist	邀请配置不存在
20066012	RegressionInviteRewardIdError	邀请奖励id不匹配
20066013	RegressionInviteRewardAlreadyGet	邀请奖励已领取
20066014	RegressionInviteRewardCfgNotExist	邀请奖励不存在
20066015	RegressionInvitePeopleNotEnough	邀请人数不足
20066016	RegressionCanNotUseSelfCode	不能使用自己的邀请码
20066017	RegressionInviteCodeAlreadyUse	已使用过该邀请码
20066018	RegressionInviteCodeUseMax	使用次数达到上限
20066019	RegressionInviteCodeNotExist	邀请码不存在
20066020	RegressionInviteCodeUseFail	邀请码使用失败
20066021	RegressionInviteOperating	"""正在操作中,请稍后"""
20066022	RegressionTaskGroupCfgNotExist	任务组不存在
20066023	RegressionInviteCodeInvalid	无效邀请码
20068001	WeaponFashionTemplateNotFound	不存在对应武器涂装配置
20068002	WeaponFashionTimeInvalid	武器涂装剩余时间无法叠加
20068003	WeaponFashionNotEffect	武器涂装未生效
20068004	WeaponFashionExpired	武器涂装已过期
20068005	WeaponFashionNotFound	武器涂装配置不存在
20068006	WeaponFashionUseEquipTypeError	武器涂装使用类型不匹配
20068007	WeaponFashionTimeUseUp	武器涂装试用时间已结束
20068008	WeaponFashionAddCountError	武器涂装增加数量错误
20068009	WeaponFashionCharacterDressRepeat	武器涂装重复穿戴
20068010	WeaponFashionIsOwnedPerpetual	已拥有该涂装，不能重复购买
20068011	WeaponFashionIsUnOwnedPerpetual	
20069001	MatchServiceInvalidRoomId	当前组队房间已被解散
20069002	MatchServiceRepeatRoomId	房间Id重复
20069003	MatchServiceInvalidPlayerId	玩家不在房间内
20069004	MatchServiceAlreadyInThisRoom	玩家已在房间中
20069005	MatchServiceYouAreNotLeader	房主才能操作
20069006	MatchServiceMatchCanceled	匹配已取消
20069007	MatchServiceAlreadyInMatchPool	已在匹配中
20069008	MatchServiceHavePlayerNotReady	有玩家未准备
20069009	MatchServiceRoomOptionNotExist	此操作不存在
20069010	MatchServiceAutoMatchSetSameValue	不能设置相同值
20069011	MatchServicePlayerIsFull	房间已满，无法进入
20069012	MatchServiceRoomHasClosed	房间已关闭
20069013	MatchServerPlayerHeartbeatTimeout	房间心跳超时
20069014	MatchServiceMatchTimeout	匹配超时
20069015	MatchServiceCancelReadyState	请取消准备状态
20069016	MatchServiceNoFightServerAvailable	无可用战斗服
20069017	MatchServiceFightServerMaxLoadError	战斗服负载超出上限
20069018	MatchServiceClientVersionNoNotMap	需下载最新补丁更新多人联机内容
20069019	MatchServiceVersionMapNotExist	无可用的战斗服版本
20069020	MatchServiceClientVersionNoNotMapRoomVersion	该客户端版本号与房主版本号不匹配
20069021	MatchServiceClientVersionNoSameVersion	存在与房主版本号不匹配的玩家
20069022	MatchServiceCannotJoinRoomOnMatch	房间正在匹配中，不可加入
20069023	MatchServiceCannotJoinTutorialRoom	20069023房间为教学关卡，不可加入
20070001	ArenaOnlineNotOpen	活动尚未开启
20070002	ArenaOnlineCharacterTooMuch	成员上阵数量超过限制
20070003	ArenaOnlineCharacterNotEnough	成员上阵数量不足
20070004	ArenaOnlineEnduranceNotEnough	该角色耐力不足
20070005	ArenaOnlineRoomIdInvalid	合众战局无效的房间id
20070006	ArenaOnlineStageIdInvalid	合众战局无效的副本id
20070007	ArenaOnlineGetSelfPlayerParamFail	暂时没用
20070008	ArenaOnlineRoomParamMetaKeyInvalid	暂时没用
20070009	ArenaOnlineRoomPlayeridInvalid	合众战局无效的玩家id
20070010	ArenaOnlinePlayerParamMetaKeyInvalid	暂时没用
20070011	ArenaOnlinePlayerNotInRoom	当前不再组队房间内
20070012	ArenaOnlinePlayerHaveInRoom	当前已在组队房间内
20070013	ArenaOnlinePlayerIsNotLeader	只有房主才可进行此操作
20070014	ArenaOnlineCharacterIdInvalid	所有角色耐力不足，无法参与挑战
20070015	ArenaOnlineLeaderForceLeave	暂时没用
20070016	ArenaOnlinePlayerIsInMatching	正在匹配中，无法重复请求匹配
20070017	ArenaOnlinePlayerNotInMatching	当前不再匹配中，无法取消匹配
20070018	ArenaOnlinePlayerNotReady	当前尚有小队成员未准备
20070019	ArenaOnlinePlayerLevelNotMatch	不在该房间等级段内，无法进入
20070020	ArenaOnlineInFight	战斗中无法执行更改操作
20070021	ArenaOnlineEnterRoomInFight	战斗中无法进入
20070022	ArenaOnlineStageNotSingleStage	
20070023	ArenaOnlineFightCharacterRepeat	
20072001	InfestorExploreChapterNotFound	异聚迷宫章节配置不存在
20072002	InfestorExploreMapNotFound	异聚迷宫地图配置不存在
20072003	InfestorExploreGridNotFound	异聚迷宫节点配置不存在
20072004	InfestorExploreGroupNotFound	异聚迷宫分组配置不存在
20072005	InfestorExploreNodeNotFound	异聚迷宫节点类型配置不存在
20072006	InfestorExploreRewardNotFound	异聚迷宫奖励配置不存在
20072007	InfestorExploreRewardPoolNotFound	异聚迷宫奖励池配置不存在
20072008	InfestorExploreEventPoolNotFound	异聚迷宫事件库配置不存在
20072009	InfestorExploreDiffTemplateNotFound	异聚迷宫难度配置不存在
20072010	InfestorExploreGroupLevelNotFound	异聚迷宫等级分组配置不存在
20072011	InfestorExploreShopGoodsNotFound	异聚迷宫插件终端商品配置不存在
20072012	InfestorExploreShopGoodsListNotFound	异聚迷宫商品列表配置不存在
20072013	InfestorExploreShopNotFound	异聚迷宫商店配置不存在
20072014	InfestorExploreCoreNotFound	异聚迷宫插件单元配置不存在
20072015	InfestorExploreCoreLevelEffectNotFound	异聚迷宫插件单元等级效果配置不存在
20072016	InfestorExploreBuffNotFound	异聚迷宫负面效果配置不存在
20072017	InfestorExploreBuffListNotFound	异聚迷宫负面效果列表配置不存在
20072018	InfestorExploreActivityNotFound	异聚迷宫活动配置不存在
20072019	InfestorExploreEventShopGoodsNotFound	异聚迷宫超载模组商品配置不存在
20072020	InfestorExploreBossScoreRuleNotFound	异聚迷宫分析期讨伐值计算规则配置找不到
20072021	InfestorExploreTeamFull	异聚迷宫队伍成员已满员
20072022	InfestorExploreJoinTeamFail	异聚迷宫加入队伍失败
20072023	InfestorExplorePlayerAlreadySignUp	异聚迷宫玩家已报名
20072024	InfestorExploreStatusIsUnOpen	异聚迷宫未开启
20072025	InfestorExploreStatusIsReset	异聚迷宫结算中
20072026	InfestorExploreCreatePlayerFail	异聚迷宫创建玩家数据失败
20072027	InfestorExploreStatusIsNotStageExplore	异聚迷宫不是探索状态
20072028	InfestorExplorePlayerSignUpLevelLimit	异聚迷宫报名登记限制
20072029	InfestorExplorePlayerNotFound	异聚迷宫玩家数据不存在
20072030	InfestorExploreTeamNotFound	异聚迷宫队伍数据不存在
20072031	InfestorExploreMoveToGridRepeated	当前已经在该位置
20072032	InfestorExploreMoveToGridCanNotMove	当前无法移动到该位置
20072033	InfestorExploreMapNotContainGrid	异聚迷宫地图未包含该节点
20072034	InfestorExploreFrontGridNotFinish	请先完成当前位置的节点后再进行探索
20072035	InfestorExploreCoreUseIndexError	异聚迷宫插件单元位置错误
20072036	InfestorExploreCoreUnOwned	异聚迷宫未拥有该插件单元
20072037	InfestorExploreCoreUseRepeated	该插件单元已装备，无法重复装备
20072038	InfestorExploreCoreIsUsed	该插件单元装备中
20072039	InfestorExploreTakeOffIndexError	插件单元卸下位置错误
20072040	InfestorExploreTakeOffPosIsEmpty	插件单元卸下位置为空
20072041	InfestorExploreNodeTypeNotMatch	异聚迷宫节点类型不匹配
20072042	InfestorExploreFightStageIdNotMatch	异聚迷宫战斗关卡不匹配
20072043	InfestorExploreFightStageTeamError	异聚迷宫战斗关卡队伍错误
20072044	InfestorExploreBuyFightRewardNotFound	异聚迷宫翻牌奖励不存在
20072045	InfestorExploreBuyFightRewardAlreadyBuy	该奖励已经购买
20072046	InfestorExploreBuyGoodsNotExist	该商品不存在
20072047	InfestorExploreBuyGoodsSellout	该商品商品已售罄
20072048	InfestorExploreCanNotChangeCharacter	探索中无法改变队伍阵容
20072049	InfestorExploreCanNotFoundSelectEvent	异聚迷宫选择事件不存在
20072050	InfestorExploreRewardGridInfoNotFound	异聚迷宫奖励信息不存在
20072051	InfestorExploreSetRewardIdInvalid	异聚迷宫设置奖励id无效
20072052	InfestorExploreSetRewardMsgToLong	通讯内容过长，请重新编辑
20072053	InfestorExploreMsgInvalid	通讯内容包含敏感字符，请重新输入
20072054	InfestorExploreBossFightStageIdInvalid	异聚迷宫boss战关卡id无效
20072055	InfestorExploreCanBuyEventGoodsThisStatus	异聚迷宫当前状态不能购买超载模组商品
20072056	InfestorExploreEventShopNotExist	异聚迷宫超载模组不存在
20072057	InfestorExploreBuyEventGoodsLimit	该商品已售罄
20072058	InfestorExploreBuyEventGoodsIdInvalid	异聚迷宫购买超载模组商品id不存在
20072059	InfestorExploreLeaveMsgTimeLimit	通讯发送过于频繁，请稍后再试
20072060	InfestorExploreLeaveMsgChapterNotFound	通讯内容不存在
20072061	InfestorExploreLeaveMsgToLong	通讯内容过长，请重新编辑
20072062	InfestorExploreBfrtCharacterIdError	异聚迷宫战术模拟器派遣角色id错误
20072063	InfestorUpdateTeamCharacterTypeError	异聚迷宫更新队伍角色类型错误
20072064	InfestorUpdateTeamPosTeamIsEmpty	异聚迷宫更换队伍位置，队伍不存在
20072065	InfestorExploreFightUnknownGridId	异聚迷宫探索战斗节点不存在
20072066	InfestorExploreFightStageUnMatch	
20080001	UnionKillActivityNotOpen	活动未开启
20080002	UnionKillActivityCfgNotExist	活动配置不存在
20080003	UnionKillSectionIsNotCurSection	当前章节已结束
20080004	UnionKillSectionCfgNotExist	章节配置不存在
20080005	UnionKillSectionInfoNotExist	章节信息不存在
20080006	UnionKillSectionStagesNotExist	章节关卡不存在
20080007	UnionKillEventStageCfgNotExist	关卡配置不存在
20080008	UnionKillScoreRuleCfgNotExist	积分配置不存在
20080009	UnionKillWeatherCfgNotExist	天气配置不存在
20080010	UnionKillSectionNotOpen	当前章节未开放
20080011	UnionKillSectionIsClose	当前章节已结束
20080012	UnionKillStageNotInCurSectionCfg	关卡不在当前章节
20080013	UnionKillFightRoomNotExist	战斗房间信息不存在
20080014	UnionKillPreFightShareCardInfosError	出战角色信息异常
20080015	UnionKillChallengeEventStageReachMax	事件关卡已达到上限
20080016	UnionKillFinishEventStageNotEnough	完成事件关不够
20080017	UnionKillFinishBossIsDead	Boss已死亡
20080018	UnionKillFinishBossNotDead	Boss未死，请先击杀Boss
20080019	UnionKillBossNotEnough	击杀boss数量不够
20080020	UnionKillSectionRewardAlreadyGet	奖励已领取
20080021	UnionKillPreFightShareCardInfoIsNull	出战角色信息为空
20080022	UnionKillPreFightOneShareInfoIsNull	单个出战角色信息不存在
20080023	UnionKillShareCharacterNotExist	共享出战角色不存在
20080024	UnionKillCanNotPraiseSelf	不能点赞自己
20080025	UnionKillPraisePlayerNotExist	点赞玩家不存在
20080026	UnionKillPraiseCharacterIdError	点赞角色错误
20080027	UnionKillAlreadyPraisePlayer	已点赞该玩家
20080028	UnionKillAlreadyHaveTeam	您已拥有队伍
20080029	UnionKillRoomIdInvalid	无效房间Id
20080030	UnionKillNotHaveTeam	您还未拥有队伍
20080031	UnionKillKickOut	您被踢出房间
20080032	UnionKillNotMatching	您没在匹配中
20080033	UnionKillFightIsOver	战斗已结束
20080034	UnionKillPlayerIsFighting	玩家正在战斗中
20080035	UnionKillOperateFail	操作失败
20080036	UnionKillIsMatching	正在匹配中
20080037	UnionKillTrialStageCanNotUseShareCharacter	试炼关不能使用共享角色
20080038	UnionKillFightCharacterRepeat	出战角色重复
20080039	UnionKillFightCardNotEqualShareInfo	出战角色数量与信息不匹配
20090001	CollectionScoreNotEnough	收藏分数不足
20090002	CollectionNotExist	20090002收藏品不存在
20090003	CollectionCanOnlyPlacedOnce	20090003同一个收藏品只能被摆放一次
20090004	CollectionNotInThisWall	20090004收藏品不在此墙上
20090005	CollectionWallNotUnlock	20090005收藏品墙未解锁
20090006	CollectionWallDecorationNotUnlock	20090006收藏品墙装饰品未解锁
20090007	CollectionWallDecorationTypeNotMatch	20090007收藏品墙装饰品类型不匹配
20090008	CollectionWallScoreTitleSizeNotMatch	20090008收藏品尺寸不匹配
20091001	EliminateGameNotInTime	未到开放时间
20091002	EliminateGameNotInMove	未到移动阶段，无法移动
20091003	EliminateGameNotInFlip	未到翻牌阶段，无法翻牌
20091004	EliminateGameGridPosInvalid	无效的格子
20091005	EliminateGameGridHadFlip	格子已经被翻开
20091006	EliminateGameInvalidGameId	无效的游戏id
20091007	EliminateGameInitError	游戏初始化出错
20091008	EliminateGameNotExist	游戏不存在
20091009	EliminateGameRewardNotExist	奖励不存在
20091010	EliminateGameRewardNotEnough	奖励条件未满足
20091011	EliminateGameRewardHadGet	奖励已经被领取
20091012	EliminateGameTargetIsObstacle	障碍物无法操作
20091013	EliminateGameTooFarAway	距离太远，无法操作
20091014	EliminateGameNotMove	请先进行移动
20092001	SpecialTrainStarNotEnough	通关获得星数不足
20092002	SpecialTrainRewardHaveGot	奖励已领取
20092003	SpecialTrainRewardNotExist	奖励不存在
20092004	SpecialTrainRewardCannotFoundChapter	找不到奖励对应的章节
20092005	SpecialTrainActivityNotInOpenTime	活动不在开启时间
20092006	SpecialTrainPointRewardAlreadyGet	积分奖励已领取
20092007	SpecialTrainPointRewardIdNotExist	积分奖励id不存在
20092008	SpecialTrainPointNotEnough	积分不够
20092009	SpecialTrainStageNotOpen	20092009关卡未开放
20092010	SpecialTrainRhythmRankSkillNotFind	20092010技能组找不到
20092011	SpecialTrainStageNotExist	20092011关卡不存在
20093001	ChapterExtraPassTimesNotEnough	番外通关次数不足
20093002	ChapterExtraInvalidStageId	无效的番外副本id
20093003	ChapterExtraActivityHideChapterNotOpen	番外活动副本未开启
20095001	BriefStoryIdInvalid	剧情id不存在
20095002	BriefStoryIdIsFinished	该剧情已完成
20096001	WorldBossIsNotOpen	当前不在活动时间内
20096002	WorldBossAttributeAreaCfgNotFound	当前不在活动时间内
20096003	WorldBossAttributeStageCfgNotFound	区域配置不存在
20096004	WorldBossBossAreaCfgNotFound	区域关卡配置不存在
20096005	WorldBossBossStageCfgNotFound	boss配置不存在
20096006	WorldBossStageLevelNotExist	boss关卡配置不存在
20096007	WorldBossStageInfoNotFound	boss关卡等级不存在
20096008	WorldBossBuffCfgNotFound	关卡信息不存在
20096009	WorldBossScoreRuleCfgNotFound	buff配置不存在
20096010	WorldBossScorePhasesCfgNotFound	积分配置不存在
20096011	WorldBossScoreShopCfgNotFound	进度配置不存在
20096012	WorldBossAttributePreStageNotFinish	商品配置不存在
20096013	WorldBossAttributeStageNotFinish	前置关卡未完成
20096014	WorldBossBossUnlockFinishedStageNotEnough	当前关卡未完成
20096015	WorldBossChallengeCountNotEnough	boss关卡未解锁
20096016	WorldBossActionPointNotEnough	挑战次数不足
20096017	WorldBossPreFightRobotIdsIsNull	行动点不足
20096018	WorldBossCardIdCountNotEqualRobotIdCount	机器人信息错误
20096019	WorldBossRobotIdNotUnlock	出战队伍信息错误
20096020	WorldBossFightCharacterIdRepeat	机器人未解锁
20096021	WorldBossAttributeAreaNotFinished	出战角色重复
20096022	WorldBossAttributeAreaRewardAlreadyGet	该区域未完成
20096023	WorldBossAttributeAreaNotContainStageId	区域奖励已领取
20096024	WorldBossAttributeStageNotHaveFinishReward	该区域不包含此关卡
20096025	WorldBossAttributeStageFinishRewardAlreadyGet	该关卡没有奖励
20096026	WorldBossBossPhasesRewardIdsNotContainsPhasesId	该关卡奖励已领取
20096027	WorldBossBossPhasesRewardHpPercentNotEnough	进度id不存在
20096028	WorldBossBossPhasesRewardAlreadyGet	boss血量进度不够
20096029	WorldBossShopIdAlreadyBuy	进度奖励已领取
20097001	PuzzleActivityInvalidId	商品已购买
20097002	PuzzleActivityInvalidPieceId	
20097003	PuzzleActivityPieceAlreadyFilped	
20097004	PuzzleActivityRewardFailedPieceNotEnough	
20098001	ClickClearCanNotFindActivityData	活动未开放
20098002	ClickClearCanNotFindStageConfig	找不到关卡信息
20098003	ClickClearStageLock	未达到解锁条件
20098004	ClickClearNotBestRecord	不是最佳记录时间
20098005	ClickClearRewardAlreadyGot	领取奖励失败，您已经领取过了
20098006	ClickClearNotPass	尚未完成对应难度
20098007	ClickClearTimeOut	记录已超时
20099001	ExpeditionNoRefreshTimes	已经没有刷新次数，请等刷新次数恢复
20099002	ExpeditionExceedingRecruitTimes	每次只能招募1名成员，请刷新后再招募
20099003	ExpeditionExceedingMaxMemberNum	队伍成员人数已满，解雇1名成员后可再招募
20099004	ExpeditionDailyLikeLimited	今日无法再次点赞
20099005	ExpeditionCannotFindChapterConfig	找不到章节信息
20099006	ExpeditionCannotFindDifficultyConfig	20099006打不到关卡难度配置
20099007	ExpeditionCannotFindStageConfig	找不到关卡信息
20099008	ExpeditionRefreshException	刷新异常
20099009	ExpeditionCannotFindCharacterConfig	找不到角色信息
20099010	ExpeditionCharacterLevelWrong	角色等级错误
20099011	ExpeditionCommentTooLong	留言信息过长
20099012	ExpeditionNotOpen	活动未开启
20099013	ExpeditionHadCommented	已经发送过留言
20099014	ExpeditionCannotFindCommand	找不到留言信息
20099015	ExpeditionChapterRewardIsGot	领取奖励失败，您已经领取过了
20099016	ExpeditionChapterIsNotPassed	请先通关
20099017	ExpeditionCanNotFindCharacterConfig	找不到章节配置
20099018	ExpeditionCanNotFindBaseCharacterConfig	找不到基础角色配置
20099019	ExpeditionCanNotFindDrawPrConfig	找不到招募概率配置
20099020	ExpeditionCanNotFindDrawStarConfig	找不到招募星级配置
20099021	ExpeditionCanNotFindChapterRewardConfig	找不到章节奖励配置
20099022	ExpeditionActivityIsEnd	活动已结束
20099023	ExpeditionActivityIsReset	活动已重置
20099024	ExpeditionPreLayerNotPass	20099024请先通关前置层数
20099025	ExpeditionStageDoNotNeedReset	20099025关卡无需重置
20099026	ExpeditionChapterDoNotNeedReset	当前并无内容需要重置
20099027	ExpeditionSelectDefaultTeamFirst	20099027请先选定预设队伍
20099028	ExpeditionDefaultTeamIdDoNotExist	20099028预设队伍不存在
20099029	ExpeditionCanNotSelectDefaultTeamRepeatedly	20099029不能重复选择预设队伍
20099030	ExpeditionCanNotFireDefaultTeamCharacter	20099030不能解雇预设队伍成员
20099031	ExpeditionCannotFindTierConfig	20099031打不到关卡层级配置
20099032	ExpeditionCannotFindCharacterConfigByBaseId	20099032找不到对应基础id的角色配置
20099033	ExpeditionCannotFindCharacterConfigByRank	20099033找不到对应星级的角色配置
20099034	ExpeditionCharacterHadBeenUsedInSameLayer	20099034角色已在同层的其他关卡中使用
20099035	ExpeditionPreStageNotPass	20099035前置关卡限制未达成
20099036	ExpeditionChapterNotOpen	20099036章节时间未开启
20100001	RpgNotOpen	活动未开放
20100002	RpgCanNotFindCharacter	找不到角色数据
20100003	RpgTalentPosHadActivated	该专精天赋已激活
20100004	RpgCanNotFindTalentConfig	找不到专精天赋
20100005	RpgTalentPointsNotEnough	专精点不足
20100006	RpgSameCharacter	存在相同的角色
20100007	RpgFightParamsError	活动参数错误
20100008	RpgTalentDoNotNeedReset	当前无需重置
20100009	RpgTalentIsNotForThisCharacter	不是当前角色的专精天赋
20100010	RpgCanNotFindCharacterTalentLayer	找不到角色天赋层配置
20100011	RpgCanNotFindTalentLayer	找不到专精配置
20100012	RpgPreTalentLayerDoNotActivated	请先激活上一层专精天赋
20100013	RpgCanNotFindDailyReward	找不到每日奖励配置
20100014	RpgHadGetDailyReward	今天已领取过每日奖励
20100015	RpgTalentPosNotActivated	专精天赋未激活
20100016	RpgMustResetNextLayerTalent	请先重置下一层天赋或所有天赋
20100017	RpgCanNotFindTalentLayerTemplate	找不到天赋层配置
20100018	RpgTalentNeedTeamLevelNotEnough	队伍等级不足
20100019	RpgTalentNotFindTalentType	目标天赋不存在
20100020	RpgTalentNotResetNotUseTalentType	专精天赋对应天赋类型错误
20100021	RpgTalentActivateNotCurLayer	无法激活非当前专精页的天赋
20100022	RpgActivityNotFind	20100022活动配置不存在
20100023	RpgStageIdNotFind	20100023关卡配置不存在
20101001	BackgroundChoseSameScene	
20101002	BackgroundIsLock	
20102001	DragPuzzleActivityInvalidId	无效的活动ID
20102002	DragPuzzleActivityInvalidPuzzleId	无效的拼图ID
20102003	DragPuzzleActivityInvalidPieceId	无效的碎片ID
20102004	DragPuzzleActivityNoPieceCanBeExchanged	无可兑换碎片
20102005	DragPuzzleActivityInvalidTargetIdx	无效的目标位置
20102006	DragPuzzleActivityPieceIdxIsCorrect	该碎片已在正确位置
20102007	DragPuzzleActivityPieceIdxEqualsTargetIdx	碎片未移动
20102008	DragPuzzleActivityCantSwapOnBoardPiece	无法交换未在拼图上的碎片
20102009	DragPuzzleActivityInvalidRewardIdx	无效的奖励索引
20102010	DragPuzzleActivityInvalidRewardIdxIsGot	该奖励已领取
20102011	DragPuzzleActivityCorrectPieceNotEnoughForReward	未达到奖励所需要求
20102012	DragPuzzleActivityExchangePieceRandIdExisted	兑换失败，请重试
20102013	DragPuzzleActivityPasswordAlreadyCorrect	
20102014	DragPuzzleActivityPuzzleStatusError	
20102015	DragPuzzleActivityPuzzlePasswordFormatError	
20102016	DragPuzzleActivityPuzzlePasswordOutRange	
20103001	MaintainerActionWrongCard	不存在的巡逻计划
20103002	MaintainerActionCardPoolError	巡逻计划池异常
20103003	MaintainerActionBoxFinish	本周支援已饱和
20103004	MaintainerActionNodeEventValueError	区域数据异常
20103005	MaintainerActionDailyActionPointLimit	每日行动次数已达上限
20103006	MaintainerActionCurrentNodeException	当前所处区域异常
20103007	MaintainerActionNodeTypeIsNotFight	当前所处区域不是战斗任务区，不能挑战关卡
20103008	MaintainerActionStageIdError	关卡id错误
20103009	MaintainerActionFightFinish	战斗任务已完成
20103010	MaintainerActionNodeNotTriggered	区域事件未触发，无法移动
20103011	MaintainerActionNodeIsTriggered	区域事件已被触发了
20103012	MaintainerActionNotOpen	功能未开放
20103013	MaintainerActionHadReset	活动已经重置
20103014	MaintainerActionCanNotFindFightNode	找不到战斗任务
20103015	MaintainerActionFightNodeException	战斗任务异常
20103016	MaintainerActionExplorationIsComplete	未知区域已探索完毕
20103017	MaintainerActionWarehouseFinish	废弃仓库已完成
20104001	TrpgTargetLinkIdExit	目标链不存在
20104002	TrpgFuncNotOpen	功能未开启
20104003	TrpgTimeNotOpen	该区域未开放
20104004	TrpgTargetCfgNotExist	目标配置不存在
20104005	TrpgTargetIsFinished	目标已经完成
20104006	TrpgPreTargetNotFinished	前置目标未完成
20104007	TrpgFuncCfgNotExist	功能事件配置不存在
20104008	TrpgFuncIdNotNeedSave	该功能事件不需要完成
20104009	TrpgFuncIdNotInGroup	功能事件id不在分组中
20104010	TrpgFuncGroupPreFuncNotFinish	前置功能事件未完成
20104011	TrpgFuncIsFinished	功能事件已完成
20104012	TrpgFuncStageNotFinish	功能事件关卡未完成
20104013	TrpgFuncExamineNotFinish	功能事件检定未完成
20104014	TrpgCharacterNotOwner	未拥有该探索员
20104015	TrpgCharacterCfgNotExist	探索员配置不存在
20104016	TrpgTalentCfgNotExit	天赋不存在
20104017	TrpgTalentAlreadyActivate	该天赋已激活
20104018	TrpgTalentPreIdNotActivate	前置天赋未激活
20104019	TrpgTalentPointNoEnough	天赋点不够
20104020	TrpgCharacterTalentsIsEmpty	没有激活的天赋
20104021	TrpgMazeIdNotExist	迷宫id错误
20104022	TrpgMazeInstNotExist	迷宫数据不存在
20104023	TrpgLayerIdNotInCurrentMaze	当前迷宫不存在该层数
20104024	TrpgLayerCfgNotExist	层数配置不存在
20104025	TrpgMapCfgNotExist	地图配置不存在
20104026	TrpgSelectLayerIdIsError	选择层数错误
20104027	TrpgSelectNodeIdIsError	选择节点错误
20104028	TrpgSelectPosNodeIdNotExist	选择节点不存在
20104029	TrpgSelectPosIndexNotExist	选择索引位置不存在
20104030	TrpgSelectCardCfgNotExist	卡牌配置不存在
20104031	TrpgSelectPosIndexIsCross	选择索引位置超出
20104032	TrpgSelectCardCanNotGiveUp	当前卡牌不能放弃
20104033	TrpgLevelNotEnough	探索等级不够
20104034	TrpgBlockCardCanNotSelect	不能选择阻挡牌
20104035	TrpgItemCfgNotExist	物品配置不存在
20104036	TrpgUseItemCountError	物品使用数量错误
20104037	TrpgUseItemCountNotEnough	物品数量不够
20104038	TrpgItemCanNotUse	该物品不能使用
20104039	TrpgExamineIdError	检定id错误
20104040	TrpgExamineActionIdError	检定行为id错误
20104041	TrpgEnduranceNotEnough	检定耐力值不够
20104042	TrpgExamineInstNotExist	检定数据不存在
20104043	TrpgExamineReachMaxRound	检定已达最大轮
20104044	TrpgExamineCurRoundNotFinish	当前轮未完成
20104045	TrpgExamineIdIsError	检定id错误
20104046	TrpgExamineAttributeIdNotExist	检定属性id不存在
20104047	TrpgExamineRoundError	检定伦次错误
20104048	TrpgExamineCharacterAlreadyExamine	该角色已检定
20104049	TrpgExamineUseItemNotExist	检定物品不存在
20104050	TrpgExamineUseItemEffectError	检定物品使用错误
20104051	TrpgExamineUseItemAttributeError	检定物品属性错误
20104052	TrpgExamineCharacterNotHaveScore	角色没有检定
20104053	TrpgShopIdIsError	商店id错误
20104054	TrpgShopItemIdIsError	商店物品id错误
20104055	TrpgShopItemCfgNotExist	商店物品配置不存在
20104056	TrpgShopItemBuyCountNotEnough	物品购买次数不足
20104057	TrpgMemoirIdIsError	回忆id错误
20104058	TrpgMemoirIdAlreadyUnlock	回忆已解锁
20104059	TrpgMemoirUnlockItemNotEnough	解锁物品不够
20104060	TrpgRewardIdIsError	奖励id错误
20104061	TrpgRewardIdAlreadyGet	奖励已领取
20104062	TrpgBossNotInOpenTime	boss不在开启时间
20104063	TrpgBossPhasesRewardIdIsError	进度奖励错误
20104064	TrpgBossPhasesRewardIdAlreadyGet	该进度奖励已领取
20104065	TrpgBossPercentNotEnough	boss血量不够
20104066	TrpgBossCfgNotExist	boss配置不存在
20104067	TrpgBossChallengeCountNotEnough	boss挑战次数不够
20104068	TrpgPageStatusNotChange	页面切换状态未改变
20104069	TrpgConditionNotPass	条件未满足
20104070	TrpgSecondMainStageNotExist	关卡不存在
20104071	TrpgExamineCurCardsTypeIsNotExamine	20104071当前未选择检定牌
20104072	TrpgExamineIdNotMatchWithCard	20104072请求ID与当前牌的检定ID不匹配
20105001	NieRActivityIsNotOpen	活动未开放
20105002	NieRRepeatedCharacter	重复的战斗角色
20105003	NieRFightNpcIsNullOrEmpty	必须上阵至少一个角色
20105004	NieRCanNotFindCharacterConfig	找不到角色配置
20105005	NieRCanNotFindCharacterLevelConfig	找不到角色等级配置
20105006	NieRCanNotFindCharacter	找不到角色数据
20105007	NieRWrongFightCharacter	错误的战斗角色
20105008	NieRCharacterDoNotHasFashion	角色未拥有该涂装
20105009	NieRCharacterIsLocked	角色未解锁
20105010	NieRWrongItemType	错误的道具类型
20105011	NieRFightResultIsNull	战斗结果为空
20105012	NieRCanNotFindChapterConfig	找不到章节配置
20105013	NieRChapterNotInTime	章节未开放
20105014	NieRCanNotFindRepeatableStageConfig	找不到关卡配置
20105015	NieRCanNotFindRepeatableStageStarConfig	找不到关卡星级配置
20105016	NieRCanNotFindExStageConfig	找不到关卡配置
20105017	NieRCanNotFindBossData	找不到Boss数据
20105018	NieRCanNotFindActivityConfig	找不到活动配置
20105019	NieRCanNotFindSupportConfig	找不到辅助机配置
20105020	NieRCanNotFindSupportSkillConfig	找不到辅助机技能配置
20105021	NieRCanNotFindSupportLevelConfig	找不到辅助机等级配置
20105022	NieRCanNotFindSupportSkillLevelConfig	找不到辅助机技能等级配置
20105023	NieRCanNotFindSkillData	找不到技能数据
20105024	NieRCanNotFindSupportData	找不到辅助机数据
20105025	NieRSupportSkillMaxLevel	技能已满级
20105026	NieRActivityIsEnd	活动已结束
20105027	NieRActivityIsReset	活动已重置
20105028	NieRCanNotFindEasterEggMessageConfig	找不到留言配置
20105029	NieREasterEggAgeWrong	留言年龄错误
20105030	NieRCanNotFindEasterEggLabelConfig	找不到留言标签配置
20105031	NieREasterEggNotOpen	彩蛋未开放
20105032	NieREasterEggStageNotPass	关卡尚未通关
20105033	NieREasterEggHadFinished	已经完成
20105034	NieREasterEggWrongFightCharacter	错误的战斗角色
20106001	MentorServiceUnavailable	指导系统不可用
20106002	MentorNotExit	对方未发布教官宣言
20106003	StudentNotExit	学员不存在
20106004	StudentNotPublish	对方没有发布学员宣言
20106005	MentorStudentFull	对方学员已满，无法建立协作关系
20106006	MentorStudentApplyFull	该教官的申请已满员
20106007	MentorApplyCd	申请冷却中
20106008	MentorAckApplyNotApply	该学员不在申请列表里
20106009	MentorAckApplyReachCapacity	已招募满学员无法再招募更多学员
20106010	MentorAckApplyStudentLevelError	该学员等级不符合条件
20106011	MentorApplyFriendFailedIsNotRepeatApply	申请学员失败，不能重复申请
20106012	MentorApplyListFull	对方待申请列表已满
20106013	MentorAcceptFriendFailedApplyIsNotExist	失败！该玩家不存在或已成为您的学员！
20106014	MentorStudentDataError	学员信息错误
20106015	MentorCannotApplyIsNotMentor	不是教官身份
20106016	MentorCannotApplyToMyself	不能向自己申请
20106017	MentorYourStudentFull	学员已满，无法建立协作关系
20106018	MentorIsYourStudentAlready	对方已成为你的学员
20106019	MentorOnlyStudentCanAgreeTeacher	只有学员才能同意教官的申请
20106020	MentorNotSendAnnouncement	你还没有发布宣言
20106021	MentorCannotSendAnnouncement	你没有权限发布宣言
20106022	MentorNoAuthority	你没有权限
20106023	MentorManagerApplyFailedIsRefused	申请失败，你已被拒绝
20106024	MentorManagerApplyFriendFailedIsDeleted	申请失败，你已被删除
20106025	MentorManagerRecommendFriendFailedRecommendCoolDownTime	刷新推荐列表过于频繁，请1分钟后再试
20106026	MentorDailyApplyCountTooMuch	今天申请次数过多
20106027	MentorManagerSearchFriendFailedRecommendCoolDownTime	搜索操作过于频繁，请稍后再试
20106028	MentorAddMemberMongoDbError	已成为学员无法再接受其他教官的招募
20106029	MentorTickMemberMongoDbError	剔除玩家数据库错误
20106030	MentorCannotTickMyself	不能剔除自己
20106031	MentorCannotApplyMentorForTheMoment	你暂时不能建立协作
20106032	MentorCannotApplyStudentForTheMoment	你暂时不能招募学员
20106033	MentorMailContentFormatError	指导邮件格式错误
20106034	MentorAddMemberFullForStudent	已成为学员无法再接受其他教官的招募
20106035	MentorAddMemberFullForTeacher	对方是其他教官的学员，无法招募
20106036	MentorAnnouncementTooLong	宣言长度过长
20106037	MentorCannotGetTaskRewardAfterGraduate	毕业后无法领取毕业挑战奖励
20106038	MentorCannotGetGraduateRewardCondition	还没达到毕业条件
20106039	MentorCannotGraduateMyself	教官不能毕业
20106040	MentorMasterStageNotExit	该毕业进度奖励不存在
20106041	MentorAlreadyGetStageReward	你已经领过该奖励
20106042	MentorMasterStageNotReachCondition	还没达到领取条件
20106043	MentorMasterGetRewardAfterStudentGraduate	学员毕业后才能领取奖励
20106044	MentorGraduateTaskNotExit	该任务不存在
20106045	MentorGraduateTaskNotAchieved	该任务还没完成
20106046	MentorCannotGetGraduateTaskRewardTwice	不能重复领取任务奖励
20106047	MentorManagerRefreshFriendFailedRecommendCoolDownTime	刷新玩家任务列表失败，时间冷却中
20106048	MentorOnlyTeacherCanRefreshGraduateTask	只有教官才能刷新任务列表
20106049	MentorStudentAlreadyGraduate	该玩家已经毕业
20106050	MentorTaskNotExist	该任务不存在
20106051	MentorTaskAlreadyReceived	该任务已经被领取
20106052	MentorTaskAlreadyCompleted	该任务已经完成
20106053	MentorChangeTaskCountTooMany	更换任务次数已经达到上限
20106054	MentorGetTaskCountTooMany	今天领取任务次数已经达到上限
20106055	MentorGetWeeklyTaskCountTooMany	今天领取任务次数已经达到上限
20106056	MentorTaskNotInCache	该任务不在刷新缓存里
20106057	MentorEquipTooMany	意识数量超过限制
20106058	MentorEquipNotExist	意识不存在
20106059	MentorEquipLevelWrong	意识的等级不符合
20106060	MentorEquipStarWrong	意识的星级不符合
20106061	MentorTaskStatusWrong	该任务还没完成或者已经赠送了意识
20106062	MentorEquipIsLock	该意识处于锁定状态中
20106063	MentorEquipTypeWrong	装备类型错误
20106064	MentorEquipNotInCache	没有可领取的意识
20106065	MentorEquipFull	仓库已满
20106066	MentorEquipAlreadyPutOn	意识已经被穿戴
20106067	MentorEquipTooFew	请至少赠送一件意识
20106068	MentorCannotAgreeStudentForTheMoment	该教官暂时不能招募学员
20106069	MentorApplyAlreadyTimeout	该申请已过期
20106070	MentorMasterTaskExpire	该奖励已过期
20106071	MentorMonthlyStudentCountTooMany	该教官招募学员数量已达本月上限
20106072	MentorMonthlyStudentCountTooManyForMentor	本月招募学员已达到上限
20106073	MentorMessageBoardIsNull	留言不能为空
20106074	MentorMessageBoardInvalid	留言含有非法字符
20106075	MentorMessageBoardTooLong	留言过长
20106076	MentorGiftNotEnough	礼物不足
20106077	MentorCanNotSendToMyself	不能给自己送礼物
20106078	MentorAlreadySendGift	已经送过礼物
20106079	MentorTaskAlreadyChange	已经为学员更换过此任务
20106080	MentorSendMessageNotExit	在【招募】中发布教官宣言，才会开启留言功能
20106081	MentorCannotApplyMentorByBlockList	处于黑名单中，无法建立协作
20106082	MentorCannotApplyStudentByBlockList	处于黑名单中，无法申请
20106083	MentorInnerError	20106083指导系统内部错误
20107001	TeachingActivityIsNotOpen	活动暂未开放
20107002	TeachingActivityIdNotFount	活动已下线
20107003	TeachingActivityHaveNotPassedRecord	没有找到通关记录
20107004	TeachingActivityTreasureRewardNotFound	没有找到宝箱奖励
20107005	TeachingActivityRobotCanNotUse	当前关卡无试玩角色
20107006	TeachingActivityStageNoThisRobot	试玩角色不能在当前关卡使用
20107007	TeachingActivityCharCountNotMatch	配置角色数量不一致
20107008	TeachingActivityRobotIdsIsNull	使用角色列表不能为空
20107009	TeachingActivityTreasureRequireStageNotPass	20107009宝箱所需关卡未通关
20107010	TeachingActivityTreasureTypeError	20107010宝箱类型配置错误
20108001	GuardCampActivityIdError	活动id错误
20108002	GuardCampIdError	阵营id错误
20108003	GuardCampNotInOpenTime	活动不在开启时间
20108004	GuardCampNotInSupportTime	活动不在应援时间
20108005	GuardCampIsInSupportTime	活动正在应援时间
20108006	GuardCampCenterDataNotFound	活动数据不存在
20108007	GuardCampWinCampAlreadySet	胜利阵营已设置
20108008	GuardCampAlreadySelected	您已经选择过阵营
20108009	GuardCampNotSelectCamp	请先选择自己阵营
20108010	GuardCampSupportCountNotEnough	应援次数不足
20108011	GuardCampIsOperating	操作中请稍后
20108012	GuardCampNotJoinActivity	未参加该活动
20108013	GuardCampResultRewardIsGet	奖励已领取
20108014	GuardCampResultIsNotSet	活动结果未出
20108015	GuardCampResultRewardIsEmpty	奖励数据异常
20108016	GuardCampGlobalDataNotFound	活动数据未找到
20109001	PokemonIsNotOpen	当前不处于活动时间内
20109002	PokemonMonsterInvalidMonsterId	无效的机械体
20109003	PokemonMonsterDataNotExist	机械体未获得
20109011	PokemonFirstMonsterIsGot	已获得过首只机械体
20109012	PokemonFirstMonsterNotConfig	该机械体无法通过首只机械体获取
20109021	PokemonMonsterLevelConfigNotExist	机械体等级不存在
20109022	PokemonMonsterMaxLevel	机械体等级已达当前上限
20109023	PokemonMonsterStarConfigNotExist	机械体星级不存在
20109024	PokemonMonsterLevelNotEnoughForStarUp	机械体当前等级不足以升星
20109025	PokemonMonsterMaxStar	机械体星级已达上限
20109031	PokemonMonsterInvalidSkillId	无效的机械体技能
20109032	PokemonMonsterStarNotEnoughForSkill	机械体技能未达解锁星级
20109041	PokemonFormationMonsterRepeated	阵容存在重复机械体
20109042	PokemonFormationMonsterNotExist	阵容存在未解锁机械体
20109043	PokemonFormationPositionLocked	阵容位置未解锁
20109044	PokemonFormationOutOfEnergy	阵容条件不足
20109045	PokemonMonsterTeamBossCountError	阵容核心数量不正确
20109051	PokemonStageInvalidId	无效的空想环廊关卡
20109052	PokemonPokeChapterIsNotOpen	章节未开放
20109053	PokemonStageFailedToRandom	空想环廊关卡随机失败
20109054	PokemonStageTimesNotEnough	关卡挑战次数不足
20109055	PokemonStageActivityIdDoNotMatch	空想环廊活动ID不一致
20109056	PokemonStageSkipRepeated	关卡已通关或已跳过
20109057	PokemonStageSkipTimesNotEnough	陷阱人偶数量不足
20109061	PokemonTimeSupplyTimeNotEnough	累积时间不足以领取奖励
20110001	ComposeGameBagCapacityIsFull	背包空间已满，无法购买
20110002	ComposeGameRewardAlreadyGet	奖励已领取
20110003	ComposeGameRewardScheduleNotEnough	原型进度不足，无法领取
20110004	ComposeGameCanNotFoundReward	对应奖励为空
20110005	ComposeGameCanNotFoundShopId	找不到该零件材料
20110006	ComposeGameActivityIsNotOpen	活动暂未开放
20110007	ComposeGameActivityIsNotFound	活动已下线
20110008	ComposeGameShopIdAlreadySell	零件材料已购买
20110009	ComposeGameGoodNotFound	未拥有该零件材料
20110010	ComposeGameRefreshCountNotEnough	刷新次数不足
20110011	ComposeGameCanNotFoundCanRefreshGoods	当前原型进度下，材料商店已清空
20110012	ComposeGameFubenScheduleNotEnough	满足原型进度才能解锁
20111001	LottoNotOpen	涂装卡池暂未开放
20111002	LottoTemplateNotFound	获取卡池研发信息失败
20111003	LottoAlreadyGetMaxLimitTimes	研发次数已达到当前卡池的最大值
20111004	LottoBuyTicketTemplateNotFound	获取货币兑换信息失败
20111005	LottoBuyTicketCanNotFindCostItemId	获取货币兑换消耗道具的信息失败
20111006	LottoBuyTicketCanNotFindCostItemCount	获取货币兑换消耗道具的数目失败
20111007	LottoBuyTicketRuleCountError	货币兑换信息与卡池研发次数不匹配
20111008	LottoPrimaryTemplateNotFound	20111008抽卡主控配置不存在
20111009	LottoPrimaryEmptyLottoIdList	20111009主控的抽卡池列表为空
20111010	LottoSelfChoiceAlreadySelected	20111010已为该自选活动选择抽卡池
20111011	LottoSelfChoiceConditionError	20111011Lotto自选活动相关条件不满足
20111012	LottoInfoIsNull	20111012LottoInfo不存在
20111013	LottoIsNotIncluded	20111013该自选活动未包含此Lotto选项
20112001	CoupletIndexError	当前不在活动时间内
20112002	DoubleClickCoupletIndexError	【填字】步骤已完成
20112003	CoupletConfigError	对联配置错误
20112004	CoupletSortError	没有对上，再检查一次下联吧~
20113001	StrongholdNotOpen	活动未开放
20113002	StrongholdActivityIdNotMatch	活动id不匹配
20113003	StrongholdAssistDataIsLoading	援助数据正在加载
20113004	StrongholdSetAssistCharacterIsSame	支援角色设置和当前角色相同
20113005	StrongholdSetAssistCharacterIsInCd	支援角色设置冷却中
20113006	StrongholdSetAssistCharacterFail	支援角色设置失败
20113007	StrongholdFightNotBegin	挑战阶段未开始
20113008	StrongholdFightIsEnd	战斗阶段已结束
20113009	StrongholdNotMineralLeft	没有可领取矿石
20113010	StrongholdNotHaveMineOutPutDetail	暂时没有矿石产出日志
20113011	StrongholdResetGroupInfoNotExist	当前据点没有进度
20113012	StrongholdElectricTeamMemberCountError	电能援助成员数量错误
20113013	StrongholdPreTeamCountError	队伍预设数量错误
20113014	StrongholdPreTeamCharacterRepeat	设置成员重复
20113015	StrongholdPluginIdNotExist	插件id不存在
20113016	StrongholdElectricEnergyNotEnough	当前电能不足
20113017	StrongholdCharacterIdIsInElectricTeam	该成员已用于电能援助
20113018	StrongholdGroupIdNotExist	关卡id不存在
20113019	StrongholdGroupNotOpen	挑战关卡未开启
20113020	StrongholdEnduranceNotEnough	作战点数不足
20113021	StrongholdGroupStageDataNotFound	关卡数据未找到
20113022	StrongholdFightTeamCountError	战斗队伍数量错误
20113023	StrongholdTeamSetCharacterError	队伍设置人数错误
20113024	StrongholdFinishedStageCanNotChangeTeam	已完成得关卡不能改变队伍
20113025	StrongholdFightTeamCharacterRepeat	队伍角色设置重复
20113026	StrongholdCurFightTeamDataNotExist	战斗队伍信息不存在
20113027	StrongholdRobotIdIsNotExist	试用成员id不存在
20113028	StrongholdRobotCharacterIdNotMatch	试用成员不匹配
20113029	StrongholdRobotIsNotValid	无效的试用成员id
20113030	StrongholdFightGroupIdError	当前据点id错误
20113031	StrongholdStageNotInCurActivity	关卡不在当期据点内
20113032	StrongholdStageIsFinished	该关卡已完成
20113033	StrongholdPreStageNotFinish	该关卡的前置关未完成
20113034	StrongholdStageTeamNotExist	该关卡的队伍不存在
20113035	StrongholdPreFightDataTeamError	关卡战前队伍数据错误
20113036	StrongholdBorrowDataNotExist	借用数据不存在
20113037	StrongholdBorrowCharacterIdError	借用角色错误
20113038	StrongholdBorrowCharacterCountOverflow	单次借用角色数量超限
20113039	StrongholdBorrowCountReachMax	总借用次数超过上限
20113040	StrongholdRewardIdIsError	奖励id错误
20113041	StrongholdRewardIdIsOffline	奖励已过期
20113042	StrongholdRewardIdIsAlreadyGet	奖励已领取
20113043	StrongholdMinerCountNotEnough	矿工总数不足
20113044	StrongholdMineralNotEnough	矿石总产出不足
20113045	StrongholdFinishGroupNotEnough	完成的关卡数量不足
20113046	StrongholdGroupNotFinish	配置据点未完成
20113047	StrongholdGroupIsFinish	配置据点已完成
20113048	StrongholdPredictMineralCountNotEnough	预计矿石总产出不足
20113049	StrongholdFightTeamNotFull	出战队伍未满
20113050	StrongholdFightTeamNotReachAbility	出战队伍未达到战力
20113051	StrongholdHaveGroupNotFinished	出战队伍未达到战力
20113052	StrongholdPreSetTeamCanNotAssistCharacter	预设队伍不能设置支援角色
20113053	StrongholdPreSetTeamCanNotRobot	预设队伍不能设置机器人
20113054	StrongholdNotSelectLevelId	未选择等级id
20113055	StrongholdAlreadySelectLevelId	已选择等级id
20113056	StrongholdLevelIdCfgNotExit	等级配置不存在
20113057	StrongholdLevelIdNotMatch	选择等级不匹配
20113058	StrongholdRewardLevelIdNotMatch	奖励等级不匹配
20113059	StrongholdCurDayCanNotStay	当前不能暂停
20113060	StrongholdCurDayIsStay	当前天已经暂停
20113061	StrongholdGroupChapterError	据点章节错误
20113062	StrongholdTeamSetRuneRepeat	能量场设置重复
20113063	StrongholdRuneCfgNotExist	能量场配置不存在
20113064	StrongholdSetSubRuneError	能量场模块设置错误
20113065	StrongholdSetRuneIdIsNotOpen	该能量场未开放
20113066	StrongholdGroupStageNotFinish	当前据点关卡未完成，无法重置
20113067	StrongholdElectricEnergyOverMax	使用电力超过电力上限
20113068	StrongholdLendCharacterDisableUse	禁止使用援助角色
20113069	StrongholdFinishGroupUsedElectricOutOfRange	使用电力超过区域限制上限
20113070	StrongholdGroupIsFinished	章节已通关
20113071	StrongholdSweepStageConditionIsNull	当前区域无法进行扫荡作战
20114001	PartnerTemplateNotFound	无法找到辅助机配置
20114002	PartnerCapacityNotEnough	辅助机库容量不足
20114003	PartnerGetPartnerNotFound	辅助机不存在
20114004	PartnerChangeNameIsTooLong	名字长度超过5个字符
20114005	PartnerChangeNameIsNotChange	名字没有变化
20114006	PartnerChangeNameIsNull	命名为空
20114007	PartnerChangeNameIsInvalid	名称中含有屏蔽字，请修改
20114008	PartnerNewPartnerFail	添加辅助机失败
20114009	PartnerCanNotCarryByThisCharacterType	该角色类型无法携带该辅助机
20114010	PartnerIsLocked	辅助机已经是锁定状态
20114011	PartnerIsUnLock	辅助机已经是解锁状态
20114012	PartnerLevelUpUseMaterialsIsEmpty	辅助机升级材料为空
20114013	PartnerLevelUpIsMaxLevel	辅助机当前已达到最大等级
20114014	PartnerGetLevelUpTemplateNotFound	无法找到辅助机升级配置
20114015	PartnerLevelUpLevelLimit	辅助机当前已达到限制等级
20114016	PartnerBreakThroughLevelNotEnough	未达到最高等级，无法突破
20114017	PartnerBreakThroughIsMaxLevel	辅助机突破已满
20114018	PartnerCostPartnerStatusIsLock	消耗的辅助机里存在锁定的
20114019	PartnerCostPartnerIsCarryByCharacter	消耗的辅助机里存在携带的
20114020	PartnerCostPartnerIsDifferActivate	消耗的辅助机ID与激活的辅助机ID不同
20114021	PartnerStarScheduleIsFull	辅助机当前节点已满，无需激活
20114022	PartnerStarScheduleIsNotFull	辅助机当前节点未满，无法进化
20114023	PartnerQualityIsMax	已进化到最高品质
20114024	PartnerTemplateSkillNotFound	辅助机技能配置不存在
20114025	PartnerAllSkillAlreadyFullLevel	辅助机所有技能都已满级
20114026	PartnerSkillIdIsNotActivate	该技能未激活
20114027	PartnerSkillChangeTypeNotTheSame	要替换技能的类型不一致
20114028	PartnerMainSkillPosCanNotBeTakeOff	主技能位置固定，无法卸下
20114029	PartnerMainSkillPosCanNotBeWear	主技能位置固定，无法佩戴
20114030	PartnerSkillPosHaveNotUnlock	该位置未解锁，无法佩戴
20114031	PartnerSkillSwitchNotSameGroup	切换的技能不是同一组
20114032	PartnerSkillSwitchElementNotFound	切换的技能元素不对应
20114033	PartnerSkillPosNotChange	技能位置没变动
20114034	PartnerComposeChipNotEnough	碎片数量不足以合成
20114035	PartnerHasNotBeCarry	该辅助机没有被携带
20114036	PartnerBreakThroughTemplateNotFound	无法找到辅助机突破配置
20114037	PartnerQualityTemplateNotFound	无法找到辅助机品质配置
20114038	PartnerSkillEffectTemplateNotFound	无法找到辅助机技能效果配置
20114039	PartnerStoryTemplateNotFound	无法找到辅助机故事配置
20114040	PartnerCarryRepeat	角色已携带该辅助机了
20114041	PartnerCostPartnerIsCanNotBeSelf	不能消耗自己
20114042	PartnerSkillUpTimesMoreThanCanUpTimes	选择升级次数超过可升级次数
20114043	PartnerRenameBanned	20114043伙伴重命名被禁止
20114044	PartnerIsNullCanNotWearSkill	20114045伙伴为空不能设置技能
20114045	PartnerCanNotSetWhenCharacterIsNull	20114046角色为空不能设置伙伴
20114046	PartnerIsNotCarrySkills	20114047伙伴未携带技能
20115001	SimulatedCombatActivityNotOpen	20115001活动未开启
20115002	SimulatedCombatActivityEnd	20115002活动已结束
20115003	SimulatedCombatCanNotFindStarRewardConfig	20115003找不到星级奖励配置
20115004	SimulatedCombatTotalStarNotEnough	20115004未达到星级条件
20115005	SimulatedCombatStarRewardHadGot	20115005已领取过该星级奖励
20115006	SimulatedCombatCanNotFindPointRewardConfig	20115006找不到积分奖励配置
20115007	SimulatedCombatTotalPointNotEnough	20115007未达到积分条件
20115008	SimulatedCombatPointRewardHadGot	20115008已领取过该积分奖励
20115009	SimulatedCombatCanNotFindFunctionStageConfig	20115009找不到玩法关卡配置
20115010	SimulatedCombatCanNotFindStageChallengeConfig	20115010找不到关卡挑战配置
20115011	SimulatedCombatCanNotFindStageMemberConfig	20115011找不到关卡成员配置
20115012	SimulatedCombatMemberIsNullOrEmpty	20115012至少购买一名成员
20115013	SimulatedCombatMaxMemberLimit	20115013最多只能购买3名成员
20115014	SimulatedCombatNormalTypeMinMemberLimit	20115014购买3名成员后才能进入编队
20115015	SimulatedCombatCanNotFindStageAdditionConfig	20115015找不到关卡加成配置
20115016	SimulatedCombatWrongConsumeType	20115016错误的消耗类型
20115017	SimulatedCombatCanNotFindMemberConfig	20115017找不到成员配置
20115018	SimulatedCombatCanNotFindAdditionConfig	20115018找不到加成配置
20115019	SimulatedCombatPreFightCacheDoNotExist	20115019还没有购买成员
20115020	SimulatedCombatStarCacheDoNotExist	20115020没有通关奖励可领取
20115021	SimulatedCombatStageStarRewardDoNotExist	20115021不存在的关卡星级奖励
20115022	SimulatedCombatStageStarRewardDailyLimit	20115022已达到今日领取上限
20115023	SimulatedCombatFightNpcIsNullOrEmpty	20115023上阵角色不能为空
20115024	SimulatedCombatRepeatedCharacter	20115024不能存在相同的上阵角色
20115025	SimulatedCombatMemberConfigDoNotExist	20115025找不到成员配置
20115026	SimulatedCombatRobotNotInMembers	20115026上阵角色存在没有购买的成员
20115027	SimulatedCombatChallengeModeWrongConsume	20115027挑战模式只能使用基础货币
20115028	SimulatedCombatChallengeStageIsNotTheSameAsBuy	20115028挑战关卡与购买成员关卡不一致
20115029	SimulatedCombatWrongChallengeIdCount	20115029相同的挑战超过上限
20115030	SimulatedCombatWrongMemberIdCount	20115030相同的成员超过上限
20115031	SimulatedCombatWrongAdditionIdCount	20115031相同的加成超过上限
20116001	CollectWordsCanNotGiveToSelf	不能将字符赠送给自己
20116002	CollectWordsCanNotFoundWord	找不到该字符
20116003	CollectWordsNotRequestWord	当前未设定需要求助的字符
20116004	CollectWordsCanNotRequestWord	该字符无法向他人求助
20116005	CollectWordsCanNotGiveWord	该字符无法赠送给他人
20116006	CollectWordsActivityNotOpen	当前时间活动未开启
20116007	CollectWordsRequestWordTooFast	求助消息冷却中，请稍后再试
20116008	CollectWordsWordNotEnough	该字符数量不足，无法赠送
20116009	CollectWordsCantGiveToStranger	对方不是您的好友/指挥局成员，无法赠送
20116010	CollectWordsGiftBoxIsEmpty	当前包裹中没有可领取的字符
20116011	CollectWordsGiftBoxIsFull	对方可接受的字符达到上限，无法赠送
20116012	CollectWordsIsNotFriend	对方不是您的好友，不能向对方发送求助请求
20116013	CollectWordsTodayCanNotRecv	今日领取上限已满，不能再领取
20116014	CollectWordsOthersRequestListFulled	对方求助请求列表已满，无法向对方发送求助请求
20116015	CollectWordsPlayerNotInGuild	您当前不在指挥局中，无法求助指挥局
20116016	CollectWordsNoRewardCanGet	当前没有可领取的奖励
20116017	CollectWordsNoGetRewardTimes	当前奖励已全部领取
20116018	CollectWordsRequestNotExist	求助消息已过期，无法赠送
20116019	CollectWordsGiveWordToQuick	赠送字符冷却中，请稍后再试
20116020	SmashEggsActivityNotOpen	当前时间活动未开启
20116021	SmashEggsEggIsBroken	此处的利是派发者已经消失，无法继续砸利是
20116022	SmashEggsGetActivityInfoFail	获取活动信息失败
20116023	SmashEggsBuffItemNotEnough	道具数量不足，无法选择
20116024	SmashEggsBuffItemCanOnlyUseOneType	该类增益道具只能使用一种
20116025	SmashEggsTodayRewardIsGot	今日奖励已领取
20116026	SmashEggsThisStageNoReward	当前没有可领取的奖励
20116027	SmashEggsScoreNotEnough	今日积分记录未达标，无法领取奖励
20116028	SmashEggsCurrentScoreIsZero	当前没有可兑换的积分
20116029	SmashEggsCurrentScoreIsMax	积分已达到最大分数，无法继续获取，请点击按钮兑换为压岁钱
20117001	WhiteValentinesDayActivityNotOpen	当前活动尚未开放
20117002	WhiteValentinesDayActivityCoinNotEnough	道具不足，还不能到处闲逛哦
20117003	WhiteValentinesDayActivityInviteCountNotEnough	邀请次数不足，想想办法
20117004	WhiteValentinesDayActivityRoleCfgNotExit	活动配置的角色不存在
20117005	WhiteValentinesDayActivityLocationNotOpen	该地点暂未开放，先探索前面的地点吧
20117006	WhiteValentinesDayActivityLocationCfgLose	地点配置错误，好好看看地图
20117007	WhiteValentinesDayActivityEventCfgLose	事件配置错误，这事儿在这很难发生
20117008	WhiteValentinesDayActivityEventRankCfgLose	事件没配等级，你这让我很难办啊
20117009	WhiteValentinesDayActivityEventOnWorking	事件进行中
20117010	WhiteValentinesDayActivityEnergyNotEnough	体力不足，请稍后再试
20117011	WhiteValentinesDayActivityRoleNotActive	还没有遇到该角色，多去偶遇试试吧
20117012	WhiteValentinesDayActivityRoleOnEvent	该角色正忙
20117013	WhiteValentinesDayActivityEventAlreadyFinish	事件已完成，辛苦了
20117014	WhiteValentinesDayActivityEventNoteDispatch	当前事件未派发
20117015	WhiteValentinesDayActivityRandomEventCfgLose	该地点没有事件，只能闲逛
20117016	WhiteValentinesDayActivityAttrTypeNotMatch	角色属性与事件不符，吃不到奖励加成哦
20117017	WhiteValentinesDayActivityCfgLose	活动不见了
20117018	WhiteValentinesDayActivityRoleAlredyActive	已经可以和该角色一起行动啦
20118001	MoeWarNotInVotingPeriod	不在投票期
20118002	MoeWarInnerError	20118002萌战内部错误
20118003	MoeWarPlayerNotFound	20118003选手不存在
20118004	MoeWarActivityNotOpen	活动尚未开启
20118005	MoeWarServiceUnavailable	20118005萌战服务不可用
20118006	MoeWarVoteDailyLimit	对该伙伴的投票数量超过上限
20118007	MoeWarVoteCountWrong	投票道具数量错误
20118008	MoeWarVoteItemWrong	投票道具Id错误
20118009	MoeWarVoteTotalDailyLimit	超过今日投票上限，无法进行投票
20118010	MoeWarWinGroupNotNeedMatch	20118010当前为败者小组比赛，胜者组无需参赛
20119001	MoeWarPreparationNotOpen	活动尚未开启
20119002	MoeWarPreparationHadReset	活动已重置
20119003	MoeWarPreparationCanNotFindActivityTemplate	找不到活动配置
20119004	MoeWarPreparationCanNotFindMatchTemplate	找不到赛事配置
20119005	MoeWarPreparationCanNotFindStageTemplate	找不到关卡配置
20119006	MoeWarPreparationCanNotFindActivityGearId	找不到活动对应的档位配置
20119007	MoeWarPreparationCanNotFindGearTemplate	找不到档位配置
20119008	MoeWarPreparationCanNotFindHelperTemplate	找不到协助者配置
20119009	MoeWarPreparationCanNotFindMatchHelperTemplate	找不到当前筹备阶段协助者配置
20119010	MoeWarPreparationCanNotFindQuestionTemplate	找不到题目配置
20119011	MoeWarPreparationCanNotFindAssistanceTemplate	找不到场外援助效果配置
20119012	MoeWarPreparationGearRewardHadGot	该奖励已领取
20119013	MoeWarPreparationGearRewardNotEnough	筹备反馈不足
20119014	MoeWarPreparationHelperIsNotCommunicating	协助者未在通讯中
20119015	MoeWarPreparationHelperCommunicationEnd	联络已结束
20119016	MoeWarPreparationAssistanceCountNotEnough	场外援助次数不足
20119017	MoeWarPreparationStageDataNotFind	找不到关卡数据
20119018	MoeWarPreparationCanOnlyOneRoleFight	只能上阵一个角色
20119019	MoeWarPreparationCanOnlySelectHelperCharacter	不能上阵未联络的角色
20119020	MoeWarPreparationRecruitHelperFinish	已联络该协助者
20119021	MoeWarPreparationNoWrongAnswer	已经没有可以排除的错误选项
20119022	MoeWarPreparationCanNotSelectExcludeWrongAnswer	不能选择已被排除的错误答案
20119023	MoeWarPreparationRecruitHelperNotFinish	帮手未被招募
20119024	MoeWarPreparationNotSelectHelper	未选择角色
20119025	MoeWarPreparationMoodValueNotEnough	心情值不足
20119026	MoeWarPreparationMoodValueLimit	心情值已最大值
20119027	MoeWarPreparationGiftNotEnough	应援补给不足，可通过完成筹备事项获取
20119028	MoeWarStoreNameplateAlreadyOwn	已经拥有该铭牌
20119029	MoeWarStoreNameplateAlreadyOwnMoreHigher	已经拥有该铭牌的更上级铭牌
20119030	MoeWarStoreCanNotFindTemplate	文化纪商店找不到对应配置
20120001	NameplateTemplateNotFound	20120001铭牌配置未找到
20120002	NameplateNotAvailable	20120002所佩戴铭牌不可用
20121001	FingerGuessingGameActivityNotOpen	活动未开启
20121002	FingerGuessingGameStageNotUnlock	关卡未解锁
20121003	FingerGuessingGameStageIsChallenging	有挑战在进行中
20121004	FingerGuessingGameStageNoChallenging	出手只能选择一张卡牌
20121005	FingerGuessingGameRoundIsEnd	回合已结束
20121006	FingerGuessingGameNoRobotTrick	无法获取机器人出招列表
20121007	FingerGuessingGameCheatingCanNotClose	开启后不能关闭
20121008	FingerGuessingGameTricksNotExist	出的牌不存在
20121009	FingerGuessingGameStageNotExist	关卡信息不存在
20121010	FingerGuessingGameActivityInFoError	活动信息获取错误
20121011	FingerGuessingGameCheatingStatusNotChange	天眼状态错误
20122001	PurchasePackageConvertPriceAll	20122001礼包抵扣后价钱不能为0
20123001	FubenReformNotInTime	改造副本难度模式没激活
20123002	FubenReformStageNotActive	改造副本关卡没激活
20123003	FubenReformStageCfgLose	改造副本关卡配置丢失
20123004	FubenReformStageNotInTime	改造副本关卡不在开放时间
20123005	FubenReformStageDifficultyCfgLose	改造副本关卡难度配置丢失
20123006	FubenReformStageCurDifficultyDbLose	改造副本关卡难度存档丢失
20123007	FubenReformDifficultyCfgLose	改造副本难度配置存档丢失
20123008	FubenReformDifficultyNotActive	改造副本难度未激活
20123009	FubenReformEnemyOverMax	改造副本关卡敌人超过最大数量
20123010	FubenReformEnemyGroupCfgLose	改造副本关卡敌人组配置丢失
20123011	FubenReformEnemySourceCfgNotExist	改造副本关卡敌人源配置不存在
20123012	FubenReformEnemyDifficultyNotExist	改造副本关卡敌人难度不存在
20123013	FubenReformEnemySourceRepeat	改造副本关卡敌人重复改造
20123014	FubenReformEnemyNotExistDefault	20123014改造副本关卡敌人不存在默认配置
20123015	FubenReformEnemySourceCfgLose	改造副本关卡敌人源配置丢失
20123016	FubenReformEnemyTargetCfgLose	改造副本关卡目标配置丢失
20123017	FubenReformEnemyTargetConditionError	20123017改造副本关卡目标条件不满足
20123018	FubenReformEnvCfgLose	改造副本关卡环境配置丢失
20123019	FubenReformEnvGroupCfgLose	改造副本关卡环境组配置丢失
20123020	FubenReformEnvCfgNotExist	改造副本关卡环境配置不存在
20123021	FubenReformBuffOverMax	改造副本关卡Buff超过最大值
20123022	FubenReformBuffNotExist	改造副本关卡Buff不存在
20123023	FubenReformBuffCfgLose	改造副本关卡Buff配置丢失
20123024	FubenReformBuffGroupCfgLose	改造副本关卡Buff组配置丢失
20123025	FubenReformBuffDifficultyNotExist	改造副本关卡Buff难度不存在
20123026	FubenReformScoreNotEnougth	改造副本关卡分数不足
20123027	FubenReformBuffRepeat	改造副本关卡Buff重复改造
20123028	FubenReformMemberSizeIsZero	改造副本关卡成员数量是空
20123029	FubenReformMemberSizeOverMax	改造副本关卡成员数量超过最大值
20123030	FubenReformMemberGroupCfgLose	改造副本关卡成员组配置丢失
20123031	FubenReformMemberSourceRepeat	改造副本关卡成员源重复
20123032	FubenReformMemberSourceCfgNotExist	改造副本关卡成员源配置不存在
20123033	FubenReformMemberSourceCfgLose	改造副本关卡成员源配置丢失
20123034	FubenReformMemberTargetCfgLose	改造副本关卡成员目标配置丢失
20123035	FubenReformMemberTargetCfgNotExist	改造副本关卡成员目标配置不存在
20123036	FubenReformMemberDifficultyNotExist	改造副本关卡成员难度不存在
20123037	FubenReformUseRobotRepeat	改造副本关卡战斗请求中使用重复的机器人
20123038	FubenReformRobotNotFind	20123036改造副本关卡战斗请求中机器人匹配错误
20123039	FubenReformUseCustomCharacter	改造副本关卡战斗请求中使用自定义的角色
20123040	FubenReformEnvOverMax	改造副本改造环境数量超过最大值
20123041	FubenReformFightIsReset	20123039改造副本活动已重置
20123042	FubenReformAffixNotFind	20123040改造副本词缀组不存在
20123043	FubenReformAffixIsMax	词缀选择数量已达到上限
20123044	FubenReformExtraScoresNotEnough	20123042改造副本词积分不足无法挑战该关卡
20123045	FubenReformAffixIsRepeat	20123043改造副本词缀重复
20123046	FubenReformGetCharacterIsError	20123044改造副本获取角色数据失败
20123047	FubenReformNpcIsEmpty	20123047改造副本怪物数量为空
20123048	FubenReformTeamCountError	20123048队伍成员数量超出上限
20123049	FubenReformTeamCaracterLimit	20123049改造副本构造体上阵限制
20124001	ChristmasTreeActivityNotOpen	活动尚未开启
20124002	ChristmasTreeRecvDataError	活动时间错误
20124003	ChristmasTreePartNotExist	圣诞树部位错误
20124004	ChristmasTreeOrnamentsNotActived	未获得该装饰品
20124005	ChristmasTreeOrnamentsOnUsed	装饰品已使用
20124006	ChristmasTreeOrnamentsTabLoseConfig	找不到对应的装扮部位
20124007	ChristmasTreeOrnamentsWearPartError	装饰品装扮部位错误
20124008	ChristmasTreeOrnamentsActived	已获得该装饰品
20124009	ChristmasTreeOrnamentsActiveNotFound	没有获得的装饰品
20125001	ChessPursuitMapNotEnterYet	地图还没进入
20125002	ChessPursuitMapNoNeedToBattle	当前不需要战斗
20125003	ChessPursuitMapCfgNotExist	地图不存在
20125004	ChessPursuitGroupCfgNotExist	地图组不存在
20125005	ChessPursuitMapNotOpen	地图未开放
20125006	ChessPursuitMapBossCfgLose	Boss配置丢失
20125007	ChessPursuitMapAlreadySetTeam	已经布阵，不能重复
20125008	ChessPursuitMapMustSetTeam	先布阵才能继续
20125009	ChessPursuitMapSetTeamOutOfRange	设置队伍数量超过配置
20125010	ZhuiMapCurGirdCouldNotSetTeam	当前Grid不能设置队伍
20125011	ZhuiMapCurGirdRepeatSetTeam	当前Grid重复设置队伍
20125012	ChessPursuitMapNeedBattleBoss	需要完成战斗，才能继续
20125013	ChessPursuitSetCardRepeat	有重复的卡
20125014	ChessPursuitSetCardPosOutOfRange	设置卡得位置超出范围
20125015	ChessPursuitSetCardNotByYet	使用的卡，没有购买
20125016	ChessPursuitGridAlreadyHaveTream	格子已经布阵了
20125017	ChessPursuitNeedSetGridTeamFirst	20125017
20125018	ChessPursuitBuyCardListIsNull	购买的卡的列表是空
20125019	ChessPursuitBuyCardNotExist	购买一张不存在的卡
20125020	ChessPursuitBuyCardRepeat	该战术卡已售罄
20125021	ChessPursuitCurMapIsNull	还没进入地图
20125022	ChessPursuitCoinNotEnough	货币不足，无法购买
20125023	ChessPursuitBuyCardOverMax	手牌已达上限，无法购买
20125024	ChessPursuitBossStepNotFinish	20125024
20125025	ChessPursuitCardEffectCfgNotInit	卡牌得效果没有初始化
20125026	ChessPursuitCardCfgLose	卡牌配置没有
20125027	ChessPursuitCardEffectCfgLose	卡牌得效果类似没有
20125028	ChessPursuitCardEffectBossActionIsNull	卡牌得效果没有同步得数据
20125029	ChessPursuitMapInitFuncNotExist	初始化函数没有配置
20125030	ChessPursuitMapInitFuncNotInit	地图初始化函数没有初始化
20125031	ChessPursuitInitFuncTypeCfgLose	地图初始化函数的类型没找到配置
20125032	ChessPursuitInitFuncParamCountLess	地图初始化函数的参数太少
20125033	ChessPursuitReusedRoleOnSetTeam	重复设置队伍了
20125034	ChessPursuitReusedRobotOnSetTeam	重复设置试玩角色了
20125035	ChessPursuitCaptainPosErrorOnSetTeam	队长位置不对
20125036	ChessPursuitFirstFightPosErrorOnSetTeam	首战位置不对
20125037	ChessPursuitCountIsNullOnSetTeam	队长位置不对
20125038	ChessPursuitCountOverMaxlOnSetTeam	布阵角色数量超过最大值
20125039	ChessPursuitGridCantAutoFight	当前个状态无需战斗
20125040	ChessPursuitGridCantAutoFightCaseNoTeamData	不能扫荡，没有队伍信息
20125041	ChessPursuitGridTeamLose	队伍配置丢失
20125042	ChessPursuitGridCantAutoFightCaseNotFightOnce	不能自动战斗，未曾战斗过
20125043	ChessPursuitSaoDangSomeGridNotFightYet	扫荡功能，某个部门没对boss产生伤害
20125044	ChessPursuitBossDeath	主目标已被击杀
20125045	ConditionManagerChessPursuitMapNotFinish	地图没有获胜
20125046	ChessPursuitCardUseTargetError	使用目标错误
20125047	ChessPursuitDBMapNotExist	没有该地图存档
20125048	ChessPursuitDBMapRankError	排行榜不存在
20125049	ChessPursuitDBMapAlreadyTakeReward	已经领取奖励了
20125050	ChessPursuitDBMapNotRewardTime	还没到领取奖励时间
20125051	ChessPursuitDBMapNotPlayingTime	当前循环结束了
20125052	ChessPursuitGroupCfgLose	没有找到分组配置
20125053	ChessPursuitGroupRewardCfgLose	没有找到奖励配置
20125054	ChessPursuitGroupRankNotOpen	当前组没有开启排行
20125055	ChessPursuitGroupRankLose	该组的排行过时了
20125056	ChessPursuitLoseRank	没有排行榜数据
20125057	ChessPursuitTestRoleCfgLose	没有配置试玩角色
20125058	ChessPursuitTestRoleNotExist	使用不存在的试玩角色
20125059	ChessPursuitRankPlayerNotExit	玩家不存在排行榜中
20125060	ChessPursuitMapCantAutoClear	该地图不能扫荡
20126001	InvertCardGameNotOpen	20126001活动未开启
20126002	InvertCardGameActivityIdError	20126002活动Id错误
20126003	InvertCardGameCurStageStatusError	20126003所选关卡状态错误
20126004	InvertCardGameCurStageIdDbNull	20126004所选关卡Id不存在
20126005	InvertCardGameCurStageIdCfgNull	20126005所选关卡Id不在配置中
20126006	InvertCardGameCoinCfgNull	20126006代币配置错误
20126007	InvertCardGameCardIndexOutRange	20126007所选卡牌索引越界
20126008	InvertCardGameCardIndexFinish	20126008所选卡牌已被消除
20126009	InvertCardGameCardIndexAlreadyInvert	20126009所选卡牌已被翻开
20126010	InvertCardGameStageNotInDictonary	20126010所选关卡不在完成组中
20126011	InvertCardGameCardNotInDictonary	20126011所选卡牌不在完成组中
20126012	InvertCardGameCardNotInRewardDict	20126012所选关卡不在奖励字典
20126013	InvertCardGameCardArrayShortDict	20126013数组长度短于奖励字典长度
20126014	InvertCardGameCardRewardNull	20126014没有奖励可以领取
20126015	InvertCardGameCardInvertListNull	20126015翻牌列表为空
20127001	HackActivityNotOpen	玩法未开启
20127002	HackChapterIdError	玩法章节错误
20127003	HackStageCfgNotExist	玩法关卡不存在
20127004	HackPreStageNotFinish	前置关卡未完成
20127005	HackPreStageStarNotEnough	前置关卡星级不满足
20127006	HackRewardIdNotInCurChapter	奖励章节不匹配
20127007	HackRewardIdNotExist	奖励id不存在
20127008	HackRewardAlreadyGet	已领取该奖励
20127009	HackStageTotalStarNotEnough	总星数不足
20127010	HackSetBuffIndexError	增益效果错误
20127011	HackSetBuffIdIsNotUnlock	增益效果未解锁
20127012	HackSetBuffIdIsRepeated	增益效果id重复
20127013	HackFightCharacterRepeated	试玩角色重复
20127014	HackFightRobotError	试玩角色错误
20127015	HackDailyTicketAlreadyGet	已领取每日门票
20127016	HackNoDailyTicketGet	未领取每日门票
20127017	HackLevelCfgNotExist	增益等级信息不存在
20127018	HackBuffPosNotUnlock	此增益孔位未解锁
20128001	PokerGuessingNotOpen	活动未开启
20128002	PokerGuessingPlayerStatusError	玩家状态错误
20128003	PokerGuessingGuessError	选择暗牌大小错误
20128004	PokerGuessingLibraryEmpty	牌库为空
20128005	PokerGuessingCardCfgError	卡牌配置错误
20128006	PokerGuessingGameNotOpen	20128006牌局未开始
20128007	PokerGuessingTipsCountNotEnough	20128007提示次数不足
20128008	PokerGuessingStoryCfgNotFound	20128008未找到剧情配置
20128009	PokerGuessingStoryUnlocked	20128009已解锁该角色剧情
20129001	PartnerTeachingChapterIsNotFound	
20130001	ScratchTicketActivityNotStart	20130001刮刮乐活动尚未开放
20130002	ScratchTicketActivityAlreadyEnd	20130002刮刮乐活动结束
20130003	ScratchTicketActivityCfgLose	20130003刮刮乐活动配置丢失
20130004	ScratchTicketGridCfgLose	20130004刮刮乐九宫格配置丢失
20130005	ScratchTicketActivityOpenGridRepeatOpen	20130005刮刮乐重复开奖
20130006	ScratchTicketActivityOpenGridOverMaxCount	20130006刮刮乐选择的开奖格子做过最大范围
20130007	ScratchTicketActivityCanNotReset	20130007刮刮乐不能重置
20130008	ScratchTicketActivityEnd	20130008刮刮乐活动结束
20130009	ScratchTicketCfgLose	20130009刮刮乐配置丢失
20130010	ScratchTicketStarted	20130010刮刮乐当前玩法没有结束
20130011	ScratchTicketNotFinish	20130011刮刮乐当前玩法没有结束
20130012	ScratchTicketNotWin	20130012刮刮乐当前玩法没有获胜
20130013	ScratchTicketActivityNotOpen	20130013刮刮乐活动没开放
20130014	ScratchTicketActivityFinish	20130014刮刮乐活动已经完成
20130015	ScratchTicketActivityOpenGridOutOfRange	20130015刮刮乐开放格子的时候，超过最大索引
20131001	KillZoneStarRewardStarNotEnough	20131001杀戮无双星数不足
20131002	KillZonePluginAlreadyActivity	杀戮无双插件已经激活
20131003	KillZonePluginLevelCfgNotExist	杀戮无双关卡插件等级配置不存在
20131004	KillZonePluginOnMaxLevel	杀戮无双插件已经最大等级
20131005	KillZonePluginCfgNotExist	杀戮无双插件配置不存在
20131006	KillZonePluginNotActive	20131006杀戮无双关插件没有激活
20131007	KillZonePluginNotUpgrade	20131007杀戮无双关插件没有升级
20131008	KillZonePluginSlotCfgNotExist	杀戮无双关卡槽位配置不存在
20131009	KillZoneStarRewardChapterCfgLose	杀戮无双关星级奖励章节配置不存在
20131010	KillZoneStarRewardCfgLose	杀戮无双星级奖励配置不存在
20131011	KillZoneStarRewardAlreadyTakeIt	杀戮无双星级奖励已经领取
20131012	TakeFarmRewardOnMaxCount	杀戮无双副刷奖励达到最大
20131013	KillZoneStageCfgOnExist	杀戮无双关卡配置不存在
20131014	KillZoneStageOnLock	杀戮无双关卡未通过
20131015	KillZoneStageNotFarmYet	20131015杀戮无双关卡尚未副刷
20131016	KillZoneStageNotRelateChapter	20131016杀戮无双关卡尚未关联章节
20131017	KillZoneRobotRepeatUse	20131014杀戮无双关卡机器人重复使用
20131018	KillZoneRobotIdNotInConfig	20131015杀戮无双关卡机器人Id不在配置范围
20131019	KillZoneStageNotInTime	20131016杀戮无双关卡还没到开放时间
20131020	KillZonePreStageNotFinish	20131020杀戮无双前置关卡尚未完成
20131021	KillZoneChapterPreStageIsLock	20131021杀戮无双章节前置关卡未解锁
20131022	KillZoneChapterNotInTime	20131022杀戮无双章节未到开放时间
20131023	KillZoneActivityNotInTime	20131023杀戮活动时间未开放
20131024	KillZoneTaleDailyStarRewardRepeat	20131024杀戮无双重复领取每日奖励
20131025	KillZoneTaleDailyStarRewardCfgNotExist	20131025杀戮无双每日奖励不存在
20131026	KillZoneTaleDailyStarRewardStarNotEnough	20131026杀戮无双每日奖励星数不足
20131027	KillZonePluginAlreadyUse	20131027杀戮无插件重复使用
20131028	KillZoneDailyStageAlreadyFinish	20131028杀戮无双每日关卡已通关
20131029	KillZoneFightCharacterLimit	20131029只能上阵1个角色
20131030	KillZoneMonsterNotFind	20131030怪物配置不存在
20131031	KillZoneMonsterGroupNotFind	20131031怪物组配置不存在
20131032	KillZoneDailyStageOnLock	20131032杀戮无双每日关卡不可通关
20131033	KillZoneActivityNotRelateChapter	20131033杀戮无双活动尚未关联章节
20132001	RpgMakerGameMapIdWrong	地图ID错误
20132002	RpgMakerGameMapNotInit	地图还没初始化
20132003	RpgMakerGameMapAlreadyPass	已经通关
20132004	RpgMakerGameMapPlayerAlreadyDead	玩家已经死亡
20132005	RpgMakerGameMapCannotBackUp	不能回退
20132006	RpgMakerGameMapRoundFinish	回合数达到上限
20132007	RpgMakerGameMapOperateTooOften	操作太频繁
20132008	RpgMakerGameStageCfgNotExist	关卡不存在
20132009	RpgMakerGameChapterNotExist	章节不存在
20132010	RpgMakerGameChapterNotInOpenTime	章节不在开放时间
20132011	RpgMakerGameSelectRoleNotExist	角色不存在
20132012	RpgMakerGameSelectRoleIsLock	角色暂未解锁
20132013	RpgMakerGamePreStageNotFinish	前置关卡暂未完成
20132014	RpgMakerGameMapConfigError	地图配置错误
20132015	RpgMakerGameMapInnerError	地图内部错误
20132016	RpgMakerGameMapNotOpen	活动暂未开放
20132017	RpgMakerGameMapAnswerIsUnlock	20132017该答案已经解锁
20132018	RpgMakerGameMapAnswerTypeError	20132018答案类型错误
20132019	RpgMakerGamePreChapterNotFinish	20132019上个章节还没完成
20133001	SuperTowerActivityNotOpen	活动暂未开放
20133002	SuperTowerMapCfgNotExist	地图配置不存在
20133003	SuperTowerMapNotOpen	该区域尚未开放
20133004	SuperTowerOtherTierIsProceed	其他区域的无垠心渊正在进行中
20133005	SupperTowerStageSubTypeNotDefine	关卡子类型未定义
20133006	SuperTowerStageNotHaveTiers	该关卡未配置层数
20133007	SuperTowerCurTierNotMatchStage	当前层和关卡不匹配
20133008	SuperTowerMapTierInfoNotExist	当前爬塔信息不存在
20133009	SuperTowerFightCharacterNotInMapTierTeam	出战角色不在设置队伍中
20133010	SuperTowerBagIsFull	插件背包容量不足，请先消耗或分解插件
20133011	SuperTowerMapTierNotHaveProgress	当前无垠心渊尚无进度
20133012	SuperTowerPluginResolveNumNotEnough	分解插件数量不足
20133013	SuperTowerTargetCfgNotExist	目标关卡配置不存在
20133014	SuperTowerTargetStageNotOpen	目标关卡暂未开放
20133015	SuperTowerPreTargetProgressNotReach	请先完成前置关卡
20133016	SuperTowerFightCharacterIdRepeat	出战角色重复
20133017	SuperTowerPluginCfgNotExist	插件配置不存在
20133018	SuperTowerPluginCountError	插件数量错误
20133019	SuperTowerPluginNotEnough	插件不足
20133020	SuperTowerTeamPluginReachMax	队伍插件超上限
20133021	SuperTowerFightTeamCountError	出战队伍数量错误
20133022	SuperTowerFightTeamCharacterCountError	队伍角色数量错误
20133023	SuperTowerNotSetFightTeam	出战队伍未设置
20133024	SuperTowerStageNotMatchFightTeam	目标关卡和预设不匹配
20133025	SuperTowerTargetPreStageNotFinish	请先通关前置关卡
20133026	SuperTowerTargetStageNotRepeatChallenge	不能重复挑战同一关卡
20133027	SuperTowerTargetStageIndexError	关卡索引错误
20133028	SuperTowerRobotInvalid	无效机器人
20133029	SuperTowerRobotIsNotOpened	机器人未开放
20133030	SuperTowerFightCharacterNotInSetTeam	出战角色未在设置队伍中
20133031	SuperTowerFightPosNotMatchSetTeam	出战信息与设置队伍不匹配
20133032	SuperTowerStageTeamNotFound	预设队伍未找到
20133033	SuperTowerTargetStageTypeError	目标关卡类型错误
20133034	SuperTowerTargetResultNotProgress	当前目标没有进度
20133035	SuperTowerTargetProgressRewardIsGet	进度奖励已领取
20133036	StCharacterNotExist	该角色尚未获得
20133037	StCharacterAlreadyMountPlugin	角色已经安装插件
20133038	StCharacterCfgNotExist	角色配置不存在
20133039	StrongholdPluginNotExist	插件未获得
20133040	StMallRefreshCountIsZero	插件融聚所刷新数据为0
20133041	SuperTowerMallPluginNotExist	插件融聚所没有这个插件
20133042	SuperTowerBagAddPluginFailed	背包添加插件失败
20133043	StCharacterLevelCfgNotExist	角色等级不存在
20133044	SuperTowerBagCapacityNotEnough	插件背包容量不足，无法前往无垠心渊。请先消耗或分解插件
20133045	SuperTowerPluginIdNotExistOnBuyList	购买的插件不在可购买列表中，请刷新
20133046	SuperTowerBuyPluginRepeat	该插件已购买
20133047	SuperTowerCharacterIsAllDie	无垠心渊角色血量剩余不足
20133048	SuperTowerCaptainPosIsError	无垠心渊队长位设置错误
20133049	SuperTowerFirstFightPosIsError	无垠心渊首发位设置错误
20133050	SuperTowerTierStageFightCharacterError	请上阵3个角色
20134001	MineSweepingActivityNotOpen	活动尚未开启
20134002	MineSweepingCanNotFindChapterConfig	不存在章节配置
20134003	MineSweepingCanNotFindChapterData	不存在章节数据
20134004	MineSweepingStageNotStart	关卡尚未解锁
20134005	MineSweepingCanNotFindStageConfig	不存在关卡配置
20134006	MineSweepingCanNotFindStageData	不存在关卡数据
20134007	MineSweepingStageIndexYOutRange	坐标Y轴配置越界
20134008	MineSweepingStageIndexXOutRange	坐标X轴配置越界
20134009	MineSweepingStageFlagError	扫雷标记错误
20134010	MineSweepingStageHadStarted	已开始关卡挑战
20134011	MineSweepingPreChapterIsNotFinish	通关前置章节解锁
20134012	MineSweepingPreStageIsNotFinish	通关前置关卡解锁
20134013	MineSweepingStageIsNotInThisChapter	关卡所在章节错误
20134014	MineSweepingGridIsSwept	已翻开这个格子
20135001	FashionStoryChapterIsNotFound	20135001涂装活动章节未找到
20135002	FashionStoryChapterIsNotOpen	20135002涂装活动所选章节未开启
20135003	FashionStoryStageIsNotCfg	20135003涂装活动所选试玩关卡未配置
20135004	FashionStoryStageIsNotOpen	20135004涂装活动所选关卡未开启
20135005	FashionStoryStagePreStageIsNotPass	20135005涂装活动所选关卡未完成前置关卡
20135006	FashionStoryNotOpen	20135006涂装活动未开启
20136001	CoupleCombatNotOpen	活动尚未开放
20136002	CoupleCombatCanNotFindActivityTemplate	找不到活动配置
20136003	CoupleCombatCanNotFindStageData	找不到关卡数据
20136004	CoupleCombatCanNotFindChapterTemplate	找不到章节配置
20136005	CoupleCombatCanNotFindStageTemplate	找不到玩法关卡配置
20136006	CoupleCombatFightMemberDoNotExist	不能上阵不存在的成员
20136007	CoupleCombatFightMemberCountLimit	只能上阵两名成员
20136008	CoupleCombatStageOpenDayLimit	关卡开放时间未到
20136009	CoupleCombatRobotHadBeenUsed	无法使用已锁定角色
20136010	CoupleCombatChapterNotOpenTime	未到章节开放时间
20136011	CoupleCombatChapterNotOpenCondition	未达成章节开放条件
20136012	CoupleCombatCareerSkillNotActive	职业技能未激活
20136013	CoupleCombatCanNotFindCareerSkillTemplate	找不到职业技能配置
20136014	CoupleCombatAddCharacterLose	添加出战角色失败
20136015	CoupleCombatCanNotSelectMultiSameCareerSkill	不能选择多个相同职业技能
20136016	CoupleCombatStageIsNotCurrentActivity	所选关卡不是当期活动
20137001	PassportActivityNotOpen	本期战略评定手册未开启
20137002	PassportInfoNotExist	情报信息不存在
20137003	PassportNotUnlock	情报未解锁
20137004	PassportAlreadyUnlocked	情报已解锁
20137005	PassportInfoActivityIdNotMatch	本期战略评定手册不存在该情报
20137006	PassportLevelNotEnough	领取奖励所需等级不足
20137007	PassportNoRewardCanGet	无可领取奖励
20137008	PassportAlreadyMaxLevel	已达到最大评定等级
20137009	PassportLevelCfgNotExist	评定等级信息不存在
20137010	PassportRewardTemplateNotExist	奖励不存在
20137011	PassportBuyLevelMustBiggerThanNow	购买等级不能小于现有等级
20137012	PassportExpConfigError	情报值配置错误
20137013	PassportRewardAlreadyGot	奖励已领取
20137014	PassportBuyTimeAlreadyEnd	本期战略评定手册购买时间已结束
20137015	PassportBuyExpTranscend	20137015无法购买无限区的等级
20137101	CombPassportActivityNotOpen	20137101活动未开启
20137102	CombPassportInfoNotExist	20137102通行证信息不存在
20137103	CombPassportNotUnlock	20137103通行证未解锁
20137104	CombPassportAlreadyUnlocked	20137104通行证已解锁
20137105	CombPassportInfoActivityIdNotMatch	20137105本期活动不存在该通行证
20137106	CombPassportLevelNotEnough	20137106领奖所需等级不足
20137107	CombPassportNoRewardCanGet	20137107无可领取奖励
20137108	CombPassportAlreadyMaxLevel	20137108已达到最大等级
20137109	CombPassportLevelCfgNotExist	20137109等级信息不存在
20137110	CombPassportRewardTemplateNotExist	20137110奖励不存在
20137111	CombPassportBuyLevelMustBiggerThanNow	20137111购买等级不能小于现有等级
20137112	CombPassportExpConfigError	20137112经验值配置错误
20137113	CombPassportRewardAlreadyGot	20137113奖励已领取
20137114	CombPassportBuyTimeAlreadyEnd	20137114本期活动购买时间已结束
20137115	CombPassportBuyExpTranscend	20137115无法购买无限区的等级
20138001	LimitedLoginQuizIsNull	20136001未初始化登录限制题目
20138002	LimitedLoginVerifyInvalidIndex	20136002无效的答题题号
20138003	LimitedLoginVerifyQuizAnswered	20136003不可重复作答统一问题
20138004	LimitedLoginVerifyQuizId	20136004无效的答题配置ID
20139001	ReportReportInvalidTag	无效的举报Tag
20139002	ReportReportIntervalLimited	不满足举报时间间隔
20139003	ReportReportTimesLimited	已达到举报次数限制
20139004	ReportReportedPlayerNotExist	被举报玩家ID数据不存在
20139005	ReportReportedGuildNotExist	被举报公会ID数据不存在
20140001	SlotMachinesTemplateNotFound	找不到老虎机配置
20140002	SlotMachinesIconTemplateNotFound	没有找到该老虎机图标配置
20140003	SlotMachinesActivityTemplateCanNotFound	没有找到该老虎机活动
20140004	SlotMachinesTemplateIconNotFound	没有找到该老虎机图标
20140005	SlotMachinesActivityNotOpen	活动未开放
20140006	SlotMachinesActivityIsNotFound	活动已下线
20140007	SlotMachinesScoreAlreadyFull	分数已满
20140008	SlotMachinesStartConfigNeedPerUnlock	起始老虎机配置了需前置解锁
20140009	SlotMachinesPerDataIsNull	没有前置老虎机数据
20140010	SlotMachinesNeedAchievePerUnlockScore	需达到前置解锁分数
20140011	SlotMachinesReceiveRewardNotExist	领取的奖励不存在
20140012	SlotMachinesScoreIsNotEnough	分数不足，无法领取
20140013	SlotMachinesRewardIsAlreadyReceive	已领取过该奖励
20140014	SlotMachinesRockTypeNotFound	老虎机异常
20141001	LivWarmActivityNotOpen	活动尚未开放
20141002	LivWarmActivityStageCfgNotExist	不存在关卡配置
20141003	LivWarmActivityStageNotOpen	关卡尚未开放
20141004	LivWarmActivityRequireStageNotFinish	前置关卡尚未完成
20141005	LivWarmActivityStageWasFinish	关卡已通关
20141006	LivWarmActivityRewardAlreadyTakeAll	奖励已领取
20141007	LivWarmActivityDismisCountNotEnough	三消次数不足
20142001	LivSoundActivityNotOpen	活动尚未开放
20142002	LivSoundActivityStageCfgNotExist	不存在关卡配置
20142003	LivSoundActivityStageCfgNotOpen	关卡尚未开放
20142004	LivSoundActivityStageAlreadyWin	关卡已通关
20143001	SameColorGameInnerError	内部错误
20143002	SameColorGameMapInitError	地图初始化失败
20143003	SameColorGameMapPositionError	坐标不合法
20143004	SameColorGameMapItemIsNull	物品不存在
20143005	SameColorGameMapSwapItemFail	交换物品失败
20143006	SameColorGameMapNotOpen	活动还没开放
20143007	SameColorGameServiceUnavailable	三消链接不可用
20143008	SameColorGameBossNotExist	BOSS不存在
20143009	SameColorGameBossNotUnlock	BOSS还没解锁
20143010	SameColorGameBossNotUnlockCondition	BOSS还没达到解锁条件
20143011	SameColorGameRoleNotExist	角色不存在
20143012	SameColorGameRoleNotUnlock	角色未购买
20143013	SameColorGameSkillNotUnlock	技能未解锁
20143014	SameColorGameMaxRound	步数用尽
20143015	SameColorGameSkillNotExist	技能不存在
20143016	SameColorGameSkillCd	技能还在冷却
20143017	SameColorGameSkillParamError	技能参数错误
20143018	SameColorGameBossIdError	bossId错误
20143019	SameColorGameSkillEnergyNotEnoughError	技能能量不足
20143020	SameColorGameSkillCannotCancelError	技能不支持取消
20143021	SameColorGameEnergyFullError	能量已满
20143022	SameColorGameBuffIdNotMatchError	没有找到对应的BUFFID
20143023	SameColorGameNoSkillCdError	没有在冷却中的技能
20143024	SameColorGameNoSwitchItemCountError	达到最大交换次数
20143025	SameColorGameCountDownError	倒数中
20143026	SameColorGameNotLimitTimeStageError	不是限时关卡
20143027	SameColorGamePauseError	暂停中
20143028	SameColorGameMaxTime	已达到时间上限
20143029	SameColorGameSkillConfigError	技能配置错误
20143030	SameColorGameEnterMapRepeatError	进入地图太频繁
20143031	SameColorGameNotCountDownError	不在倒数中
20143032	SameColorGameSkillOver	技能已经结束
20143033	SameColorGameSkillMakeError	技能生效错误
20143034	SameColorGameMapWeakCannotSwap	20143034破绽不可交换
20144001	SimulateTrainBossNotUnlock	20144001拟真训练怪物未解锁
20144002	SimulateTrainBossNotOpen	20144002拟真训练怪物未开启
20144003	SimulateTrainNotConfig	20144003拟真训练未找到配置
20144004	SimulateTrainParamsError	20144004拟真训练参数错误
20144005	SimulateTrainActivityNotOpen	20144005活动未开启
20144006	SimulateTrainFunctionNotOpen	20144006系统未开启
20145001	RunGameActivityNotExist	20145001活动不存在
20145002	RunGameChallengeTargetCfgNotExist	20145002挑战目标配置不存在
20145003	RunGameRewardHadToken	20145003奖励已被领取过了
20145004	RunGameTargetNotComplete	20145004挑战目标未达成
20145005	RunGameSelectRobotInvalid	20145005选取角色不合法
20146001	PickFlipActivityInvalidId	无效的活动
20146002	PickFlipActivityInvalidGroupId	无效的奖励组
20146003	PickFlipActivityInvalidRewardId	无效的奖励
20146004	PickFlipActivityNotOpen	指定活动未开启
20146005	PickFlipActivityPickRewardFixedReward	奖励已选定
20146006	PickFlipActivityPickRewardCountNotMatch	选定奖励数量不一致
20146007	PickFlipActivityPickRewardNotInCurrentGroup	奖励ID不属于当前奖励组
20146008	PickFlipActivityPickRewardTypeIsNotPick	所选奖励不是自选类型
20146009	PickFlipActivityPickRewardDumplicatedRewardId	奖励ID重复
20146010	PickFlipActivityPickRewardRandomConfigError	随机奖励配置错误
20146011	PickFlipActivityFlipRewardRewardNotFixed	奖励未选定
20146012	PickFlipActivityFlipRewardIndexOverflow	奖励索引超出有效范围
20146013	PickFlipActivityFlipRewardRewardFliped	已翻开的奖励
20146014	PickFlipActivityFinishGroupRewardRemained	有剩余奖励未翻开
20146015	PickFlipActivityFinishGroupNoMoreReward	奖励已领取且无后续奖励组
20146016	PickFlipActivityFlipAddExchangeTimeInvalidTimes	累加兑换次数无效的次数
20147001	Regression2NotInRegression	当前玩家不在回归状态
20147002	Regression2ActivityInvaliId	无效的战线复归活动ID
20147003	Regression2ActivityNotCurrentId	当前战线复归活动已结束
20147004	Regression2SignInInvaliId	无效的牵绊签到活动
20147005	Regression2SignInIdNotInActivity	签到ID不属于当前活动
20147006	Regression2SignInRewardAlreadyGot	签到奖励已领取
20147007	Regression2SignInUnsatisfied	签到领奖条件不满足
20147008	Regression2GachaInvalidId	无效的奖励ID
20147009	Regression2GachaInvalidGroupId	无效的奖池ID
20147010	Regression2GachaInvalidTimes	无效的补给次数
20147011	Regression2GachaIdGroupIdNotMatch	回归补给奖池中不存在的奖励
20147012	Regression2GachaIdPrevGroupIdCoreUnfinished	尚未解锁的回归补给奖池
20147013	Regression2GachaNotInActivity	不满足回归补给参与条件
20147014	Regression2GachaActivityExpired	回归补给活动已结束
20147015	Regression2GachaRegressionStateNotMatch	不满足回归补给抽取条件
20147016	Regression2GachaGroupNoMoreReward	已达到回归补给奖励上限
20147017	Regression2InviteActivityNotOpen	并肩作战活动未开放
20147018	Regression2InviteNotInActivity	邀请不符合参加条件
20147019	Regression2InviteNotInvitee	对方之回归不满足邀请条件
20147020	Regression2InviteInvalidId	并肩作战活动已结束
20147021	Regression2InviteAlreadyBinded	已与其他指挥官建立羁绊关系
20147022	Regression2InviteInvalidInviteCode	无效的邀请码
20147023	Regression2InviteInviteCodeNotInActivity	邀请码已过期
20147024	Regression2InviteOutOfInviteCount	对方邀请数量已满
20147025	Regression2InviteRewardInvalidId	无效的羁绊奖励ID
20147026	Regression2InviteRewardIdNotInActivity	邀请奖励ID不属于当前活动
20147027	Regression2InviteRewardInviteStateNotMatch	邀请不处于奖励所需邀请状态
20147028	Regression2InviteRewardAlreadyGot	邀请奖励已领取
20147029	Regression2InviteRewardUnsatisfied	不满足领取奖励所需羁绊积分
20148001	AreaWarActivityNotOpen	活动尚未开放
20148002	AreaWarHoleNotUnlock	增益槽位尚未解锁
20148003	AreaWarBuffIdAlreadyUnlock	增益已解锁
20148004	AreaWarHoleNotMount	增益孔位尚未挂载
20148005	AreaWarHoleNotDemount	增益孔位尚未卸下
20148006	AreaWarBuffIdNotUnlock	增益尚未解锁
20148007	AreaWarSpecialRoleRewardNotUnlock	增幅角色奖励尚未解锁
20148008	AreaWarSpecialRoleRewardAlreadyReceived	增幅角色奖励已经领取
20148009	AreaWarRankBlockIdError	排行榜ID错误
20148010	AreaWarInnerError	全服作战服务没开放
20148011	AreaWarBlockIdError	全服作战区块ID不存在
20148012	AreaWarDetachConditionError	派遣条件配置错误
20148013	AreaWarDetachConditionNotInit	派遣条件没初始化
20148014	AreaWarBlockNotOpen	区块尚未开启
20148015	AreaWarBlockCannotClean	该区块不能被攻破
20148016	AreaWarNoHangUpReward	没有可以领取的挂机收益
20148017	AreaWarBlockAlreadyClean	该区块已经被攻破，无法获得奖励，浮点算力已返还
20148018	AreaWarPurificationZero	攻破进度小于0
20148019	AreaWarRobotNotUnlock	试玩角色尚未解锁
20148020	AreaWarFightStageNotMatch	全服作战关卡不匹配
20148021	AreaWarFightUploading	正在上传
20148022	AreaWarRobotIdError	试玩角色ID错误
20148023	ConditionManagerAreaWarCleanCountNotFinish	攻破区块数不符合
20148024	ConditionManagerAreaWarCleanBlockIdNotFinish	攻破区块数不符合
20148025	AreaWarDetachCountError	至少上阵3名队员进行派遣
20148026	AreaWarRankBlockTypeError	区块类型错误
20148027	AreaWarBlockCountError	没有区块本地数据
20148028	AreaWarArticleNotFound	文章ID错误
20148029	AreaWarArticleRepeatLike	文章重复点赞错误
20148030	AreaWarArticleNotUnlock	文章还没解锁
20148031	AreaWarRewardEmpty	没有可领取的奖励
20148032	AreaWarStageTypeError	关卡类型错误
20148033	AreaWarFightMultipleLimit	超出挑战倍数限制
20148034	AreaWarChapterNotExist	区域配置不存在
20148035	AreaWarQuestNotExist	任务不存在
20148036	AreaWarQuestFightResultError	战斗结果错误
20148037	AreaWarQuestTypeNotMatch	任务类型不匹配
20148038	AreaWarQuestAlreadyFinish	任务已完成
20148039	AreaWarQuestAlreadyLike	不可重复点赞
20148040	AreaWarNoRefreshRescueInfo	没有可刷新的救援信号
20148041	AreaWarQuestTypeError	错误的任务类型
20148042	AreaWarRescueQuestRefreshLimit	救援任务刷新次数已达上限
20148043	AreaWarCoinRecordNotEnough	20148043货币获取记录未达标
20148500	AreaWar4BlockDropTemplateNotFound	20148500特遣4关卡随机配置不存在
20148501	AreaWar4RandomGroupCacheNotFound	20148501特遣4随机组缓存不存在
20148502	AreaWar4RandomGroupIsNull	20148502特遣4随机组随机不到东西
20148503	AreaWar4ItemCountLimit	20148503特遣4道具数量不足
20148504	AreaWar4ItemRoomLevelLimit	20148504特遣4藏品室等级限制
20148505	AreaWar4ItemRoomLvUpCostLimit	20148505特遣4藏品室升级消耗限制
20148506	AreaWar4RaceItemSubmitTimesLimit	20148506特遣4珍稀藏品提交次数限制
20148507	AreaWar4RaceItemSubmitNumLimit	20148507特遣4珍稀藏品提交藏品不存在
20148508	AreaWar4RoomItemTemplateNotFound	20148508特遣4藏品配置不存在
20148509	AreaWar4RoomItemNotRace	20148509特遣4藏品不是珍稀品质
20148510	AreaWar4ItemRoomNumLimit	20148510特遣4藏品室背包数量限制
20148511	AreaWar4ItemRoomLevelCfgError	20148511特遣4藏品室等级配置不存在
20148512	AreaWar4ItemRoomNoEffectError	20148512特遣4藏品室藏品没有效果
20148600	AreaWar4AuctionItemError	20148600特遣4拍卖行货物不存在
20148601	AreaWar4AuctionTemplateNotFound	20148601特遣4拍拍卖行表配置不存在
20148602	AreaWar4AuctionSellTemplateNotFound	20148602特遣4拍卖行出售表配置不存在
20148603	AreaWar4AuctionSellTimeError	20148603特遣4拍卖行出售时间错误
20148604	AreaWar4AuctionCreateOrderError	20148604特遣4拍卖行创建订单错误
20148605	AreaWar4AuctionOrderError	20148605特遣4拍卖行订单错误
20148606	AreaWar4AuctionOrderNumLimit	当前上架道具超过1000，请下架道具或等待道具出售成功后再试。
20148607	AreaWar4AuctionBuyParamError	20148607特遣4拍卖行购买参数错误
20148608	AreaWar4AuctionBuyPartitionNoExit	20148608特遣4拍卖行购买区间不存在
20148609	AreaWar4AuctionIntMaxError	20148609特遣4拍卖行价格计算溢出
20148610	AreaWar4AuctionBuyAddError	20148610特遣4拍卖行购买时添加道具失败
20148611	AreaWar4AuctionReturnItemError	20148611特遣4拍卖行返还道具失败
20148612	AreaWar4AuctionSellPartitionError	20148612特遣4拍卖行出售区间配置错误
20148613	AreaWar4AuctionSellTimeLimit	20148613特遣4拍卖行未到出售时间
20148614	AreaWar4AuctionPutOffOver	20148614特遣4拍卖行订单超时不能下架
20148615	AreaWar4AuctionPutOnParamError	20148615特遣4拍卖行上传参数错误
20148616	AreaWar4AuctionBuyLevelLimit	20148616特遣4拍卖行购买等级限制
20148617	AreaWar4RedisSyncError	20148617特遣4拍卖行同步redis错误
20148618	AreaWar4RedisCircuitBreaker	"""20148618特遣4拍卖行繁忙,请5秒后重试"""
20148619	AreaWar4LevelUpClearBlockLimit	20148619特遣4升级需要先净化谋区块限制
20149001	SuperSmashBrosActivityModeNotExist	赛区不存在
20149002	SuperSmashBrosActivityCfgNotExist	活动配置不存在
20149003	SuperSmashBrosActivityNotOpen	活动尚未开放
20149004	SuperSmashBrosActivityModeNotOpen	所属赛区暂未开放
20149005	SuperSmashBrosActivitySelectRoleCountOutOfLimit	选择角色数量超出范围
20149006	SuperSmashBrosActivitySelectMonsterLess	选择怪物数量不能少于指定值
20149007	SuperSmashBrosActivityCaptainPosOutOfRange	队长位置超出范围
20149008	SuperSmashBrosActivityFirstFightPosOutOfRange	首战位置超出范围
20149009	SuperSmashBrosActivityCharacterIsZero	角色id存在0
20149010	SuperSmashBrosActivityCharacterPosNotMatch	角色位置不匹配
20149011	SuperSmashBrosActivityCharacterPosRepeat	角色位置重复
20149012	SuperSmashBrosActivitySelectRoleLess	选择的角色数量低于指定值
20149013	SuperSmashBrosActivityCoreCfgLose	超数核心配置丢失
20149014	SuperSmashBrosActivityCoreLevelNotExist	超数核心等级配置不存在
20149015	SuperSmashBrosActivityStrongAttackOutOfRange	强化攻击超出范围
20149016	SuperSmashBrosActivityStrongAttackOverMax	强化攻击超出最大
20149017	SuperSmashBrosActivityStrongHpOutOfRange	强化HP超出范围
20149018	SuperSmashBrosActivityStrongHpOverMax	强化HP超出最大
20149019	SuperSmashBrosActivityEnergyNotEnough	能量不足
20149020	SuperSmashBrosActivityNextStageIsNull	下一个关卡是空的
20149021	SuperSmashBrosActivityNextStageIdNotMatch	下一个关卡不匹配
20149022	SuperSmashBrosActivityCharacterRepeatUse	角色重复使用
20149023	SuperSmashBrosActivityModeDataLose	模式数据丢失
20149024	SuperSmashBrosActivityCharacterKillAll	角色全部死亡
20149025	SuperSmashBrosActivityCaptainPosError	队长位置错误
20149026	SuperSmashBrosActivityFirstPosError	首战位置错误
20149027	SuperSmashBrosActivityCharacterIdRepeat	角色id重复
20149028	SuperSmashBrosActivityBattleDataErrorAllCharacterDeath	战斗数据所有角色死亡
20149029	SuperSmashBrosActivityMonsterGroupConfigLose	怪物组配置丢失
20149030	SuperSmashBrosActivityStageIdLimitMonsterCannotUsed	关卡id限制不能使用怪物
20149031	SuperSmashBrosActivityModeCfgDataLose	模式配置丢失
20149032	SuperSmashBrosActivitySettingDataIsNull	设置数据为空
20149033	SuperSmashBrosActivityEnvLibraryLose	环境库丢失
20149034	SuperSmashBrosActivityEnvCanotUsed	环境不能被使用
20149035	SuperSmashBrosActivityEnvCfgNotExist	环境配饰丢失
20149036	SuperSmashBrosActivityMonsterGroupNotExist	怪物组配置丢失
20149037	SuperSmashBrosActivityMonsterGroupNotOpen	怪物组未开放
20149038	SuperSmashBrosActivityMonsterLibraryLose	怪物库丢失
20149039	SuperSmashBrosActivityMapLibraryLose	地图库丢失
20149040	SuperSmashBrosActivityMapCfgNotExist	地图配置丢失
20149041	SuperSmashBrosActivityMapCanotUsed	地图不能被使用
20149042	SuperSmashBrosActivityMapFinish	地图已经完成
20149043	SuperSmashBrosActivityMapIsNotNextStage	当前地图不是一下地图
20149044	SuperSmashBrosActivityMosterKillAll	所有怪物已经被击杀
20149045	SuperSmashBrosActivityRewardConfigNotExist	奖励配置不存在
20149046	SuperSmashBrosActivityRewardAlreadyTaked	奖励已经被领取
20149047	SuperSmashBrosActivityRewardConfigScoreNoEnough	奖励所需分数不足
20149048	SuperSmashBrosActivityGetRankFailed	20149048大乱斗:获取排行榜失败
20149049	SuperSmashBrosActivitySystemRobotDoNotExist	20149049大乱斗:不存在的试玩角色
20149050	SuperSmashBrosActivityEggException	20149050大乱斗:彩蛋异常
20149051	SuperSmashBrosActivityDailyRewardGot	20149051大乱斗:每日奖励已领取
20149052	SuperSmashBrosActivityDailyRewardCfgNotExist	20149052大乱斗:每日奖励配置未找到
20149053	SuperSmashBrosActivityStageInfoNotFound	20149053大乱斗:未找到关卡数据
20149054	SuperSmashBrosActivityStageRollBackForbidden	20149054大乱斗:该模式不支持回滚关卡
20149055	SuperSmashBrosActivityStageRollBackDataError	20149055大乱斗:回滚关卡数据条件不满足
20149056	SuperSmashBrosActivityAssistanceCfgNotFound	20149056大乱斗:找不到援助配置
20149057	SuperSmashBrosActivityChangeStageInvalid	20149057大乱斗:关卡未满足更换条件
20150001	MemorySaveChapterNotFind	20150001意识营救战:章节id未找到
20150002	MemorySavePerNotFinish	20150002意识营救战:前置关卡未完成
20150003	MemorySaveChapterAwardIsGet	20150003意识营救战:章节奖励已经领取
20150004	MemorySaveChapterNotFinished	20150004意识营救战:章节未完成全部关卡
20150005	MemorySaveChapterNotOpen	20150005意识营救战:章节未开启
20150006	MemorySaveStageIdNotFind	20150006意识营救战:关卡id未找到
20150007	MemorySaveStageTemplateNotFind	20150007意识营救战:关卡模板未找到
20150008	MemorySaveStageAwardNotFind	20150008意识营救战:奖励id未找到
20151001	ReviewActivityDataNotExist	需在2025年12月5日前创建角色
20151002	ShareReviewRewardHadToken	回顾活动奖励已经领取过了
20151003	ShareReviewRewardNotExist	回顾活动奖励不存在
20151004	ReviewActivityNotOpen	回顾活动未开启
20152001	MaverickActivityConfigNotExist	20152001活动配置不存在
20152002	MaverickPatternConfigNotExist	20152002模式配置不存在
20152003	MaverickStageConfigNotExist	20152003关卡配置不存在
20152004	MaverickLevelUpConfigNotExist	20152004升级配置不存在
20152005	MaverickMemberConfigNotExist	20152005成员配置不存在
20152006	MaverickTalentConfigNotExist	20152006天赋配置不存在
20152007	MaverickMemberDataNotExist	20152007成员数据不存在
20152008	MaverickMaxLevelNotExist	20152008成员最大等级不存在
20152009	MaverickHadMaxLevel	20152009成员已经升到最大等级
20152010	MaverickTalentHadActive	20152010天赋已经激活过了
20152011	MaverickTalentHadNotActive	20152011天赋未经激活过了
20152012	MaverickTalentNotUnlock	20152012天赋未解锁
20152013	MaverickLevelUpTotalConsumeFail	20152015获取成员异构等级总消耗信息失败
20152014	MaverickLevelCanNotReset	20152016成员异构等级无法重置
20152015	MaverickPatternNotOpenTime	20152017未到模式开放时间
20152016	MaverickCanNotFindFightCharacterId	20152018找不到玩家出战的机器人对应的角色
20152017	MaverickHaveNotFightRobot	20152019出战成员不能为空
20152018	MaverickAddCharacterLose	20152020添加出战角色失败
20152019	MaverickFightOnlyOne	20152021只能出战一个人
20152020	MaverickActivityNotOpen	20152022活动未开放
20153001	DiceGameRewardAlreadyGet	奖励已领取
20153002	DiceGameRewardScoreNotEnough	积分不足，无法领取奖励
20153003	DiceGameCanNotFoundReward	奖励已领取
20153004	DiceGameIsNotOpen	活动暂未开放
20153005	DiceGameIsNotFound	活动已结束
20153006	DiceGameSelectResultParamError	选项参数错误
20153007	DiceGameNextDice	20153007请进行下一次投掷
20154001	BirthdayPlotDoNotReset	20154001生日通讯:无法再次设置生日
20154002	BirthdayPlotCgNotLock	20154002生日通讯:生日剧情未解锁
20154003	BirthdaySingleStoryCfgNotExist	20154003单人剧情配置不存在
20155001	TheatreDifficultyConditionError	困难模式不符合条件
20155002	TheatreDifficultyAlreadySet	已经设置过困难模式
20155003	TheatreKeepsakeNotUnlock	作品还没解锁
20155004	TheatreAdventureAlreadyStart	已经开始冒险
20155005	TheatreAdventureNotInit	还没开始冒险模式
20155006	TheatreRecruitRefreshCountError	没有刷新次数
20155007	TheatreRecruitCountError	没有招募次数
20155008	TheatreRecruitRoleIdError	招募角色ID错误
20155009	TheatreRecruitRoleRepeatError	重复招募角色
20155010	TheatreChapterCannotRecruitRoleError	该章节不能招募角色
20155011	TheatreDecorationIdError	装修项ID错误
20155012	TheatreDecorationConditionError	装修项条件不符合
20155013	TheatreDecorationMaxLevelError	装修项没有下一级
20155014	TheatrePowerFavorNotUnlock	流派排演尚未解锁
20155015	TheatrePowerFavorMaxLevelError	该流派已满级
20155016	TheatrePowerFavorGetRewardError	重复领取势力好感度奖励
20155017	TheatreCurNodeNotExit	当前节点不存在
20155018	TheatreCurNodeIdError	当前节点ID错误
20155019	TheatreSelectOtherNodeError	已经选择了其他节点
20155020	TheatreSlotNotExitError	slot不存在
20155021	TheatreSlotStageIdError	slot的stageId错误
20155022	TheatreChapterNotExitError	当前章节不存在
20155023	TheatreChapterSkillNotExitError	当前不存在可以选择的技能
20155024	TheatreAdventureAlreadyStartError	演出已开始，需结算后才可进行此操作
20155025	TheatreCurrentSlotTypeError	当前节点类型错误
20155026	TheatreShopNoItemError	商店没有可购买的项目
20155027	TheatreShopItemCannotBuyRepeatError	商店的项目不可重复购买
20155028	TheatreEventNodeCurStepIdError	事件的当前步骤错误
20155029	TheatreEventNodeConfigError	事件的配置错误
20155030	TheatreEventNodeOptionIdError	事件的选项ID错误
20155031	TheatreEventNodeOptionNotUnlockError	事件的选项还没被解锁
20155032	TheatreRobotNotUnlockError	机器人还没解锁
20155033	TheatreCharacterNotUnlockError	自己的角色对应的机器人还没招募
20155034	TheatreCharacterFaNotEnoughError	还没达到使用自己角色的战斗力
20155035	TheatreTeamCaptainPosError	队长位置错误
20155036	TheatreCurrentSlotNotMultiTeamError	当前节点不是多队伍
20155037	TheatreTeamIndexError	当前队伍编号错误
20155038	TheatreMultiTeamNotSaveError	多队伍还没保存
20155039	TheatreMultiTeamCardRepeatError	多队伍不能有重复的角色
20155040	TheatreTeamNotSameError	队伍不一致
20155041	TheatreReopenCountNotEnoughError	没有重开次数
20155042	ConditionManagerTheatreChapterIdNotFinish	该章节还没完成
20155043	ConditionManagerTheatreEventStepIdNotFinish	该事件步骤还没完成
20155044	TheatreMultiTeamIndexError	多队伍索引错误
20155045	ConditionManagerTheatreDecorationLevelNotFinish	该事件步骤还没完成
20155046	ConditionManagerTheatreEndingNotFinish	该结局还没完成
20156001	ShieldRequestProtocolCanNotUse	20156001当前功能维护中，暂时无法使用
20157001	ShortStoryInvalidStageId	20156002无效的关卡ID
20157002	ShortStoryChapterIsNotExist	20156003章节不存在
20157003	ShortStoryActivityChapterNotOpen	20156004活动章节未开启
20157004	ShortStoryStageNotPass	20156005关卡未通过
20157005	ShortStoryStageRewardAlready	20156006关卡奖励已领取
20157006	ShortStoryStarRateNotEnough	20156007故事集副本收集率不足
20158001	EscapeIsNotOpen	ERROR：活动暂未开放
20158101	EscapeStageInvalidId	ERROR：无效的关卡ID
20158102	EscapeStageInvalidChapterId	ERROR：无效的章节ID
20158103	EscapeStageActivityIdDoNotMatch	ERROR：活动信息出错
20158104	EscapeStageChapterIdDoNotMatch	ERROR：章节信息不一致
20158105	EscapeStageLayerIdDoNotMatch	ERROR：层信息不一致
20158106	EscapeStageStageIsPassed	ERROR：关卡已通关
20158107	EscapeStageNoCardAndRobot	ERROR：无有效角色
20158108	EscapeStageInvalidRobotId	ERROR：无效的机器人ID
20158201	EscapeResetStageStageNotPassed	ERROR：重置关卡关卡未通关
20158202	EscapeResetStageInvalidLayer	ERROR：重置关卡关卡非当前层
20158301	EscapeChapterNotPassed	ERROR：章节未通关
20158401	EscapeTacticsInvalidLayerId	ERROR：无效的层级
20158402	EscapeTacticsLayerIdDoNotMatch	ERROR：层不一致
20158403	EscapeTacticsNotTacticsLayer	ERROR：非策略层
20158404	EscapeTacticsNodeIdNotInLayer	ERROR：战术节点不属于当前层
20158405	EscapeTacticsTacticsNodeRepeated	ERROR：战术节点重复
20158406	EscapeTacticsGetRandomTacticsIdFailed	ERROR：获取随机战术失败
20158407	EscapeTacticsNodeDataNotExist	ERROR：战术节点数据不存在
20158408	EscapeTacticsNodeIsSelected	ERROR：战术节点已选择过策略
20158409	EscapeTacticsInvalidTacticsId	ERROR：选择无效的策略Id
20159001	NewYearLuckAward	已领取奖券奖励
20159002	NewYearLuckNotAwardTime	尚未开奖，请耐心等待
20159003	NewYearLuckPassUnlockTime	错过时间，无法再购买奖券
20159004	NewYearLuckUnlockIsMax	已购买所有奖券
20159005	NewYearLuckNotOpen	活动尚未开启
20159006	NewYearLuckConfigNotFind	奖券不存在
20159007	NewYearLuckUnLuck	奖券尚未解锁
20159008	NewYearLuckActivityNotFind	未找到活动配置
20159009	NewYearLuckCoinNotFind	未找到活动代币配置
20160001	HitMouseActivityNotOpen	20158213打地鼠小游戏:活动暂未开放
20160002	HitMouseScoreError	20158214打地鼠小游戏:发送的数据异常
20160003	HitMouseConfigNotFind	20158215打地鼠小游戏:当前活动配置不存在
20160004	HitMouseStageNotUnlock	20158216打地鼠小游戏:当前关卡未解锁
20160005	HitMousePreStageNotUnlock	20158217打地鼠小游戏:前置关卡未解锁
20160006	HitMousePreStageNotFinish	20158218打地鼠小游戏:当前关卡未通关
20160007	HitMouseNotRewardGet	20158219打地鼠小游戏:无奖励可以领取
20160008	HitMouseUnlockStage	20158220打地鼠小游戏:已解锁当前关卡
20161001	PivotCombatActivityNotOpen	20161001活动未开启
20161002	PivotCombatActivityCfgNotExist	20161002活动配置信息不存在
20161003	PivotCombatRegionCfgNotExist	20161003区域配置信息不存在
20161004	PivotCombatStageLibCfgNotExist	20161004关卡库配置信息不存在
20161005	PivotCombatEffectLibCfgNotExist	20161005供能效果库配置信息不存在
20161006	PivotCombatCanFindCorrespondingRegionId	20161006找不到关卡对应的区域
20161007	PivotCombatDifficultyInvalid	20161007非法难度
20161008	PivotCombatFightMemberCountLimit	20161008非法参战人数
20161009	PivotCombatRobotInvalid	20161009非法机器人
20161010	PivotCombatTimeCtrlCfgNotExist	20161010找不到时间控制配置信息
20161011	PivotCombatRegionDataNotExist	20161011区域数据不存在
20161012	PivotCombatStageDataNotExist	20161012关卡数据不存在
20161013	PivotCombatCancelLockCharOpNotAllowed	20161013不允许取消锁定角色操作
20161014	PivotCombatRegionNotOpen	20161014未到区域开放时间
20161015	PivotCombatCharacterHadBeenUsed	参战角色已经被其他关卡锁定
20161016	PivotCombatSupplyEnergyLevelNotEnough	20161016供能等级不足
20161017	PivotCombatAddCharacterLose	20161017添加出战角色失败
20161018	PivotCombatDifficultyHadSelected	20161018已选择难度
20162001	AccumulatedConsumeDrawCanNotFoundReward	20162001没有找到对应奖励
20162002	AccumulatedConsumeDrawIsNotOpen	20162002活动暂未开放
20162003	AccumulatedConsumeDrawIsNotFound	20162003活动已下线
20162004	AccumulatedConsumeDrawMaxDrawLimit	20162004超过单次抽奖次数限制
20163001	DoubleTowerTeamSettingUnableToUsed	20163001队伍设定不可用
20163002	DoubleTowerActivityNotOpen	20163002活动未开放
20163003	DoubleTowerStageCfgNotExist	20163003关卡配置不存在
20163004	DoubleTowerStageGroupNotExist	20163004关卡组配置不存在
20163005	DoubleTowerStageGroupNotOpen	开启时间未到，请等待守备点开启
20163006	DoubleTowerPreStageOnLock	20163006前置关卡未完成
20163007	DoubleTowerStageOnLock	20163007关卡在锁
20163008	DoubleTowerPreStageNotFinish	20163008前置关卡未完成
20163009	DoubleTowerGroupIdNotExist	20163009关卡组id不存在
20163010	DoubleTowerCurRoleCfgIsNull	20163010当前角色配置不存在
20163011	DoubleTowerRoleNotExist	20163011角色不存在
20163012	DoubleTowerRolePluginNotOnType	20163012角色插件类型不匹配
20163013	DoubleTowerRolePluginLevelCfgNotExist	20163013角色插件等级配置不存在
20163014	DoubleTowerRolePluginLevelCfgLevelNotZero	20163014角色拆机等级配置不能0
20163015	DoubleTowerRolePluginCfgNotExist	20163015角色插件配置不存在
20163016	DoubleTowerRolePluginOutOfRange	20163016角色插件超出范围
20163017	DoubleTowerRolePluginNotOnGroup	20163017角色插件不在指定组
20163018	DoubleTowerRolePluginMustHaveOne	20163018角色插件必须指定一个
20163019	DoubleTowerGuardCfgNotExist	20163019守卫配置不存在
20163020	DoubleTowerGuardPluginRepeatUse	20163020守卫插件重复使用
20163021	DoubleTowerCurGuardPluginOutOfRange	20163021守卫插件超出范围
20163022	DoubleTowerPluginCfgNotExist	20163022插件配置不存在
20163023	DoubleTowerPluginLevelCfgNotExist	20163023关卡等级配配置不存在
20163024	DoubleTowerPluginOnLock	20163024关卡在锁
20163025	DoubleTowerPluginUpgradeItemNotEnough	道具数量不足，无法升级
20163026	DoubleTowerCacheCoinIsEmpty	20163026缓存货币为空
20163027	DoubleTowerGetRankFailed	20163027中心服获取排行失败
20163028	DoubleTowerOnlyGroupOfLastStageCantRepeatFight	20163028不是最后的关卡，不能副刷
20164001	GuildWarActivityNotOpen	活动没开放
20164002	GuildWarDataIsNull	没有活动数据
20164003	GuildWarNoAuth	没有权限
20164004	GuildWarServiceUnavailable	众志行征服务不可用
20164005	GuildWarActivityRoundNotOpen	轮次未开放
20164006	GuildWarRoundDataNotExist	轮次数据不存在
20164007	GuildWarDifficultyConfigNotExist	难度数据不存在
20164008	GuildWarDifficultyUnlockError	该难度还没解锁
20164009	GuildWarDifficultySelectError	重复选择难度
20164010	GuildWarCannotJoinCurRound	不能参加该轮次
20164011	GuildWarVersionNotMatch	版本号不匹配
20164012	GuildWarInternalError	内部错误
20164013	GuildWarNotSelectDifficultyError	还没选择难度
20164014	GuildWarNodeIdError	节点ID错误
20164015	GuildWarNodeIsDead	节点已经被破坏
20164016	GuildWarNodeMaxRebuildTime	前哨已达最大重建时间
20164017	GuildWarMonsterUidError	怪物ID错误
20164018	GuildWarFightStageNotMatch	众志行征关卡不匹配
20164019	GuildWarFightUploading	正在上传
20164020	GuildWarMonsterIdError	怪物ID错误
20164021	GuildWarFightTypeError	战斗类型错误
20164022	GuildWarNodeStateError	节点状态已经改变
20164023	GuildWarMonsterIsDead	节点或伏兵已被击破，无法进行挑战
20164024	GuildWarCannotSweepBeforeFight	战斗之后才能扫荡
20164025	GuildWarCurNodeError	当前节点错误
20164026	GuildWarCannotMoveToNextNodeError	前置节点或近卫点未被击破，无法前往此节点
20164027	GuildWarCurNodeIdxError	当前位置错误
20164028	GuildWarFightCacheNotExist	战斗缓存不存在
20164029	GuildWarCannotKickMember	众志行征活动期间，无法踢出指挥局成员
20164030	GuildWarRobotIdError	众志行征机器人ID错误
20164031	GuildWarAssistCharacterExist	支援角色已经存在
20164032	GuildWarNoAssistCharacter	没有支援角色
20164033	GuildWarAssistCharacterPlayerIdError	支援角色玩家ID错误
20164034	GuildWarAssistCharacterIdError	支援角色ID错误
20164035	GuildWarNoTeamError	没有队伍数据
20164036	GuildWarAssistCharacterOften	支援角色刷新太频繁，请稍后再试
20164037	GuildWarAssistCharacterCountError	支援角色数量错误
20164038	GuildWarSameCharacterError	使用重复角色
20164039	GuildWarAssistCharacterCd	该支援角色处于冷却中
20164040	GuildWarIsActiveMember	成员曾参与本轮作战，休战期才可以移除该成员
20164041	GuildWarBossChildNodeIsMerge	子节点已被击破，请重新挑战
20164042	GuildWarBossNodeIsNotMerge	20164042BOSS节点还没合体
20164043	GuildWarHideNodeLinkNodeIsNotDead	20164043连接节点还没死亡
20164044	GuildWarHideNodeTeamNotExist	20164044没有队伍信息
20164045	GuildWarCurHideNodeTeamNotExist	20164045该队伍信息不存在
20164046	GuildWarHideNodePointNotHigher	20164046分数没有比之前大
20164047	GuildWarHideNodeCannotConfirm	20164047隐藏节点不能确认分数
20164048	GuildWarHideNodeCannotUseRobot	20164048隐藏节点不能使用机器人
20164049	GuildWarHideNodeTeamCharacterIdSame	20164049隐藏节点队伍角色重复
20164050	GuildWarSameCharacterInTeam	20164050队伍不能有相同角色
20164051	GuildWarCurRoundNoHideArea	20164051当前轮次没有隐藏节点
20164052	GuildWarHideNodeRoundIdError	20164052隐藏节点轮次不相等
20164053	GuildWarHideTeamIsLock	20164053存在已锁定的队伍
20164054	GuildWarTeamError	编队未满足挑战条件，无法进入战斗
20164055	GuildWarHideNodeNotOpen	20164055隐藏节点还没开放
20164056	GuildWarBossIsDead	20164056Boss已经被击败
20164057	GuildWarNodeIsNotFight	20164057不是战斗节点
20164058	GuildWarNodeRewardIsGet	本轮已领取过奖励，无法重复领取
20164059	GuildWarNodeRewardNotFind	20164059奖励配置不存在
20164060	GuildWarNodeBossIsLevelUp	20164060Boss已经升级
20164061	GuildWarNodeBossLevelError	20164061Boss等级获取错误
20164062	GuildWarNodeRewardLimitDissatisfy	20164062Boss奖励领取条件不满足
20164063	GuildWarNodeConfigNotExist	20164063节点配置不存在
20164064	GuildWarRoundTimeout	轮次已结束
20164065	GuildWarReinforcementIdError	20164065援兵ID错误
20164066	GuildWarReinforcementRepeatSupportError	20164066不能重复支援援兵
20164067	GuildWarReinforcementConfigNotFoundError	20164067援兵配置不存在
20164068	GuildWarReinforcementNeverSupportBefore	20164068你之前没有援助过
20164069	GuildWarReinforcementIsDead	20164069援兵已死亡
20164070	GuildWarReinforcementIsAttackedCancel	20164070援兵已发起攻击，不能取消支援
20164071	GuildWarReinforcementIsAttacked	20164071援兵已发起攻击，不能支援
20164072	GuildWarBossRewardSkipRoundError	20164072你没有当轮的参与资格，不能领取奖励
20164073	GuildWarNodeStateHasChangeError	节点状态已经改变
20164074	GuildWarNodeBeStationedNodeTypeError	20164074驻扎节点类型错误
20164075	GuildWarCannotBeStationedBeforeFight	20164075战斗之后才能驻扎
20164076	GuildWarBeStationedRepeatError	20164076不能重复驻扎
20164077	GuildWarBeStationedMaxError	20164077超出节点驻扎数量上限
20164078	GuildWarBeStationedCharacterRepeatError	20164078该角色已经驻扎中
20164079	GuildWarBeStationedCharacterIdError	20164079驻扎角色ID错误
20164080	GuildWarCharacterBeStationed	编队中有角色正在节点驻扎
20165001	DoomsdayStageNotExist	关卡不存在
20165002	DoomsdayStageNotInOpenTime	尚未到开放时间
20165003	DoomsdayStageFuncCfgNotExist	函数配置不存在
20165004	DoomsdayMemberRepestUsed	成员重复使用
20165005	DoomsdayPeopleNotExist	拾荒者不存在
20165006	DoomsdayMemberOnTeam	成员已在队伍中
20165007	DoomsdayMemberOnBuilding	成员已在建筑中
20165008	DoomsdayResourceNotEnough	资源不足
20165009	DoomsdayTeamDbNotExist	队伍不存在
20165010	DoomsdayCantExplore	无法探索
20165011	DoomsdayPlaceAlreadyHaveTeam	地点已存在其他队伍
20165012	DoomsdayCurStageDbIsNull	:当前关卡为空
20165013	DoomsdayCurStageDbExtIsNull	当前关卡Ext为空
20165014	DoomsdayCurStageCfgIsNull	当前关卡配置为空
20165015	DoomsdayEventCfgLose	事件配置丢失
20165016	DoomsdayEventDbNotExist	事件存档不存在
20165017	DoomsdayEventFinished	事件已经完成
20165018	DoomsdayEventSelctOutOfRange	事件选择超出范围
20165019	DoomsdayPeopleDbRepeatUsed	拾荒者重复使用
20165020	DoomsdayPeopleDbNotExist	拾荒者存档不存在
20165021	DoomsdayBuildingDbNotExist	建筑存档不存在
20165022	DoomsdayContructorDbRepeastUsed	构造体存档重复使用
20165023	DoomsdayContrucutorUsedOnBuilding	构造体在建筑中使用
20165024	DoomsdayContrucutorUsedOnTeam	构造体在队伍中使用
20165025	DoomsdayOpResourceRepeat	重复操作资源
20165026	DoomsdayResourceOpsIsNull	资源操作为空
20165027	DoomsdayResourceOpsTargetIsNull	资源分配目标为空
20165028	DoomsdayEffectArgNotEnough	效果参数不足
20165029	DoomsdayResourceCfgNotExist	资源配置不存在
20165030	DoomsdayOpResourceCountOutOfRange	资源计算超出范围
20165031	DoomsdayStructureDbNotExist	构造体存档不存在
20165032	DoomsdayResourceContainterNotExist	资源容器不存在
20165033	DoomsdayNextPlaceCfgNotExist	下一个地点配置不存在
20165034	DoomsdayPrePlaceOnLock	前置地点未解锁
20165035	DoomsdayPrePlaceUnfinish	前置地点未完成
20165036	DoomsdayBuildingCfgNotExist	建筑配置不存在
20165037	DoomsdayPlaceConfigNotExist	地点配置不存在
20165038	DoomsdayTaskCfgNotExist	任务配置不存在
20165039	DoomsdayCreateTeamCfgNotExist	创建队伍配置不存在
20165040	DoomsdayStageNotOnCurActivty	关卡不在当前活动
20165041	DoomsdayActivityNotOpen	活动未开放
20165042	DoomsdayStageNotExistCurActivity	关卡不在当前活动
20165043	DoomsdayEffectRequireBuildingDb	效果要求挂在建筑上
20165044	DoomsdayEffectRequireEventDb	效果要求挂在事件上
20165045	DoomsdayBuildingPosOnUsed	位置已经被其他建筑占用
20165046	DoomsdayPreStageNotFinish	前置关卡未完成
20165047	DoomsdayStageAlreadyFinished	关卡已经完成
20165048	DoomsdayEventNotFinish	存在未完成事件
20165049	DoomsdayTargetPalceAlreadySet	探索目标被占用
20165050	DoomsdayPlaceDbNotExist	探索目标不存在
20165051	DoomsdayConditionNotEnough	条件不足
20165052	DoomsdayEffectRequireTeamDb	效果需要挂在队伍上
20165053	DoomsdayBuildingPosOutOfRange	建筑位置超出范围
20165054	DoomsdayUnlockTeamCountNotEnough	解锁队伍不足
20165055	DoomsdayTeamMemberNotEnough	队伍成员不存在
20165056	DoomsdayTaskConditionCfgNotExist	任务条件配置不存在
20165057	DoomsdayGetFreeBuildingPosFailed	自动选择建筑位置失败
20165058	DoomsdayStageBuildingNotContainId	关卡没有包含该建筑
20165059	DoomsdayBuildingCantManualRemove	该建筑不能手动拆除
20165060	DoomsdayTaskStateError	任务状态错误
20165061	DoomsdayCantGiveUpStageTask	不能放弃任务
20165062	DoomsdayNotImplementation	未实现
20165063	DoomsdayTriggerIsNull	触发器为空
20165064	DoomsdayTriggerNotMatch	触发器类型不匹配
20165065	DoomsdayRequestDataError	网络请求数据错误
20165066	DoomsdayCheckTaskFailed	检测任务失败
20165067	DoomsdayCheckConditionFailed	检测条件失败
20165068	DoomsdayDoEffectFailed	执行效果失败
20165069	DoomsdayEffectCfgNotExist	效果配置不存在
20165070	DoomsdayTeamInEvent	队伍正在事件中，无法移动
20165071	DoomsdayPlaceExplorationCompleted	已探索的地点不能重复探索
20165072	DoomsdayStageNotFinish	关卡未完成，无法结束
20165073	DoomsdayAlreadyFinishCannotOperate	旅程已经结束，无法进行操作
20165074	DoomsdayDayCountNotUnlock	当前事件未到解锁时间
20165075	DoomsdayWeatherModeCfgNotExist	天气模式配置不存在
20166001	BodyCombineGameNotOpen	20166001哈卡玛小游戏:活动未开启
20166002	BodyCombineGameConfigNotFind	20166002哈卡玛小游戏:配置不存在
20166003	BodyCombineGameLock	20166003哈卡玛小游戏:已经解锁
20166004	BodyCombineGamePreNotFinish	20166004哈卡玛小游戏:前置关卡未解锁或完成
20166005	BodyCombineGameUnlock	20166005哈卡玛小游戏:该关卡未解锁
20166006	BodyCombineGameActConfigNotFind	20166006哈卡玛小游戏:活动配置不存在
20166007	BodyCombineGameStageConfigNotFind	20166007哈卡玛小游戏:关卡滑动配置不存在
20166008	BodyCombineGameSendError	20166008哈卡玛小游戏:发送的数据有误
20166009	BodyCombineGameMatchError	20166009哈卡玛小游戏:图案匹配错误
20166010	BodyCombineGameStageIsFinish	20166010哈卡玛小游戏:改关卡以完成
20167001	GoldenMinerNotOpen	20167001活动未开启
20167002	GoldenMinerItemNotFind	20167002道具配置不存在
20167003	GoldenMinerShopConfigNotExist	20167003商店不存在该道具
20167004	GoldenMinerShopIsBuy	20167004该商品已被购买
20167005	GoldenMinerItemIndexRepeat	20167005道具栏已被占用
20167006	GoldenMinerScoresNotEnough	资源点数不足
20167007	GoldenMinerShipSkillNotFind	20167007飞船技能不存在
20167008	GoldenMinerShipSkillIndexNotFind	20167008飞船技能等级配置不存在
20167009	GoldenMinerShipSkillContLowerRank	20167009飞船技能不能降级
20167010	GoldenMinerShipSkillNotUp	20167009飞船技能无法提升到相同的等级
20167011	GoldenMinerCharacterNotFind	20167010角色配置不存在
20167012	GoldenMinerShopConfigNotFind	20167011商店掉落配置不存在
20167013	GoldenMinerStageConfigNotFind	20167012关卡配置不存在
20167014	GoldenMinerStageIsFinish	20167013该关卡已经完成
20167015	GoldenMinerMapDropNotFind	20167014场景掉落配置不存在
20167016	GoldenMinerCharacterIsZero	20167015未选择角色
20167017	GoldenMinerCharacterNotUnlock	20167016该角色尚未解锁
20167018	GoldenMinerMapNotFind	20167017场景不存在
20167019	GoldenMinerStageScoresIsMax	资源点数数值异常
20167020	GoldenMinerPreStageNotFinish	20167019前置关卡未完成
20167021	GoldenMinerNotHasCurrentStage	20167020游戏流程出错
20167022	GoldenMinerBuffParamsError	20167022技能参数异常
20167023	GoldenMinerBuffParamsNotRegister	20167023技能参数未注册
20167024	GoldenMinerSelectRankError	20167023查询排行榜失败
20167025	GoldenMinerBuffRepeat	20167024无法购买重复的buff
20167026	GoldenMinerCommonDropNotFind	20167025通用道具掉落不存在
20167027	GoldenMinerCommonDropConfigErr	20167026通用掉落配置错误
20167028	GoldenMinerItemGridMax	20167027道具栏已满
20167029	GoldenMinerShipUpgradesNotOpen	20167029飞船升级未开放
20167030	GoldenMinerConditionNotFinish	20167030条件不满足
20167031	GoldenMinerSaveRankError	20167031排行榜保存失败
20167032	GoldenMinerHexGenerateError	20167032海克斯生成失败
20167033	GoldenMinerHexNotInclued	20167033当前不包含选择的海克斯
20167034	GoldenMinerHexNeedSelect	20167034还未选择海克斯
20167035	GoldenMinerHexNotFind	20167035海克斯不存在
20167036	GoldenMinerHexExist	20167036海克斯已存在
20167037	GoldenMinerHexUpgradeExist	20167037该方案已升级
20167038	GoldenMinerUpgradeNotFind	20167038升级方案不存在
20167039	GoldenMinerStateError	20167039当前阶段无法选择改造或升级
20167040	GoldenMinerHexOutOfRange	20167040无法选择当前改造
20167041	GoldenMinerUpgradeOutOfRange	20167041无法选择当前升级
20167042	GoldenMinerRefreshCountNotEnough	20167042刷新次数不足
20167043	GoldenMinerRefreshError	20167043当前无法刷新
20168001	WeekChallengeIsNotOpen	活动尚未开启
20168002	WeekChallengeRewardAlreadyGet	已领取奖励
20168003	WeekChallengeConfigNotFound	未找到对应配置
20168004	WeekChallengeProgressNotEnough	未达到奖励对应进度
20169001	MultiDimActivityIsNotOpen	20169001活动未开启
20169002	MultiDimFubenNotExist	20169002副本配置不存在
20169003	MultiDimThemeNotExist	20169003主题配置不存在
20169004	MultiDimThemeNotOpen	20169004主题还没开启
20169005	MultiDimSingleFubenStageNotOpen	20169005单人副本关卡还没开启
20169006	MultiDimTalentNotExist	20169006天赋配置不存在
20169007	MultiDimTalentIdError	20169007天赋ID错误
20169008	MultiDimThemeIdError	20169008主题ID错误
20169009	MultiDimRankTypeError	20169009排行榜类型错误
20169010	MultiDimInnerError	20169010多维挑战服务没开放
20169011	MultiDimCharacterIdNotExist	20169011角色ID不存在
20169012	MultiDimTooManyCharacter	20169012角色数量太多
20169013	MultiDimCharacterCareerError	20169013角色职业错误
20169014	MultiDimNotInOpenTime	多人挑战不在开放时间，请稍后再试
20169015	MultiDimDifficultyConfigNotExist	20169015难度配置错误
20169016	MultiDimResetTalentCd	20169016重置天赋CD中
20169017	MultiDimNoTalentToReset	20169017没有可以重置的天赋
20169018	MultiDimNoRecommendClass	20169018没有可以改变的职业
20169019	MultiDimRecommendClassIdNotExist	20169019原来的职业ID不存在
20169020	MultiDimMatchNotOpenCondition	20169020没有达到开启条件
20169021	MultiDimTalentNotOpenCondition	20169021没有达到开启条件
20170001	TaikoMasterActivityNotOpen	活动未开启
20170002	TaikoMasterActivityCfgNotExist	活动配置信息不存在
20170003	TaikoMasterStageIdInvalid	非法关卡
20170004	TaikoMasterSongCfgNotExist	歌曲配置信息不存在
20170005	TaikoMasterSongNotOpen	歌曲未开放
20170006	TaikoMasterOffsetInvalid	非法偏移值
20170007	TaikoMasterRobotInvalid	非法角色
20170008	TaikoMasterPositionNumUnMatch	上阵人数未满足
20171001	FestivalSendGiftError	20171001无法赠送该礼物
20171002	FestivalSendGiftOnlyOne	20171002特殊礼物每次只能赠送一个
20172001	MoeWarParkourActivityNotOpen	20172001活动未开启
20172002	MoeWarParkourActivityCfgNotExist	20172002活动配置信息不存在
20172003	MoeWarParkourStageCfgNotExist	20172003关卡配置信息不存在
20172004	MoeWarParkourStageNotOpen	20172004关卡未开放
20172005	MoeWarParkourCanOnlyOneRoleFight	20172005只能上阵一个角色
20172006	MoeWarParkourCanOnlySelectHelperCharacter	20172006不能上阵未招募的角色
20173001	GuildDormCodeStart	20173001
20173002	GuildDormInvalidRoomId	无效的房间ID
20173003	GuildDormInvalidChannelId	无效的频道ID
20173004	GuildDormInvalidCharId	无效的角色ID
20173005	GuildDormInvalidActionId	无效的动作ID
20173006	GuildDormInvalidFurnId	无效的家具ID
20173007	GuildDormGdsInvalidRequest	宿舍服务非法的请求
20173008	GuildDormGdsGetRoomGrainFailed	宿舍服务获取房间频道操作对象失败
20173009	GuildDormGdsTcpSessionNotActivated	无效的数据流会话
20173010	GuildDormRoomInvalidPlayerId	无效的玩家ID
20173011	GuildDormRoomInvalidRoomState	房间频道处于不可用状态
20173012	GuildDormRoomOutOfCapacity	房间频道人数已满
20173013	GuildDormRoomCreateActorFailed	房间频道创建玩家失败
20173014	GuildDormRoomAddActorFailed	房间频道添加玩家失败
20173015	GuildDormRoomEnterInvalidToken	房间频道校验失败
20173016	GuildDormRoomEnterInvalidTcpSession	房间频道数据流会话错误
20173017	GuildDormRoomEnterInvalidKcpSession	房间频道数据包会话错误
20173018	GuildDormRoomFurnFurnOnUsed	家具被其他玩家占用
20173019	GuildDormRoomFurnInOtherFurn	已有正在交互的家具
20173020	GuildDormRoomReloading	房间频道正在重新加载
20173021	GuildDormInvalidThemeId	20173021无效的主题ID
20173022	GuildDormThemeIdRoomIdNotMatch	20173022房间ID与主题ID不匹配
20173023	GuildDormNpcRefreshControlIsNotTimeToUpdate	20173023NPC控制未到刷新时间点
20173024	GuildDormInvalidNpcRefreshGroupId	20173024无效的NPC刷新组ID
20173025	GuildDormInvalidNpcActionGroupId	20173025无效的NPC动作组ID
20173026	GuildDormInvalidNpcId	20173026无效的NPCID
20173027	GuildDormNpcStateCanNotInteract	20173027当前NPC状态无法交互
20173028	GuildDormNpcInteractingWithOther	20173028NPC正在与其他玩家交互
20173029	GuildDormInvalidNoteId	20173029无效的音符ID
20173030	GuildDormPlayNoteTooFrequently	20173030操作太频繁
20173501	GuildDormPlayerCodeStart	公会宿舍gameserver错误码
20173502	GuildDormPlayerNotInGuild	未进入公会，无法进行该操作
20173503	GuildDormPlayerGetRoomGrainFailed	获取房间频道操作对象失败
20173504	GuildDormPlayerRoomGrainActivateFailed	激活房间频道操作对象失败
20173505	GuildDormPlayerRoomGrainCallFailed	请求房间频道操作失败
20173506	GuildDormPlayerGetDcGrainFailed	获取数据操作对象失败
20173507	GuildDormPlayerDcGrainCallFailed	请求数据操作失败
20173508	GuildDormPlayerNoChannelAvailable	暂无可用频道
20173509	GuildDormPlayerGetGuildGrainFailed	获取公会操作对象失败
20173510	GuildDormPlayerGuildGrainCallFailed	请求公会操作失败
20173511	GuildDormPlayerSetBgmListIsEmpty	歌曲列表为空
20173512	GuildDormPlayerSetBgmIdInvalid	包含无效的歌曲ID
20173513	GuildDormPlayerDiRewardTimesLimited	奖励次数到达上限
20173514	GuildDormPlayerOtiRewardInvalidId	20173514交互奖励无效的家具Id
20173515	GuildDormPlayerOtiRewardNotInTime	20173515交互奖励家具不在可用时间内
20173516	GuildDormPlayerOtiRewardInvalidReplyIndex	20173516交互奖励无效的选项
20173517	GuildDormPlayerRecordInteractionInvalidId	20173517记录交互无效的家具Id
20173518	GuildDormPlayerRecordInteractionNotInTime	20173518记录交互家具不在可用时间内
20173519	GuildDormPlayerRecordInteractionNotNeedMark	20173519记录交互家具不需要标记
20173520	GuildDormPlayerRecordInteractionAlreadyExist	20173520记录交互记录已存在
20173521	GuildDormPlayerOtiRewardAlreadyGot	20173521已领取过交互奖励
20173522	GuildDormPlayerRandomBoxInvalidId	20173522随机盒无效的家具Id
20173523	GuildDormPlayerRandomBoxTimesLimited	20173523随机盒次数已达上限
20173524	GuildDormPlayerRandomBoxNoRandomItem	20173524随机盒无可随机项
20173525	GuildDormPlayerRandomBoxRandomItemNotExist	20173525随机盒无随机结果
20174001	TwoSideTowerActivityNotOpen	20174001活动未开启
20174002	TwoSideTowerActivityCfgNotExist	20174002未找到活动配置
20174003	TwoSideTowerChapterNotFound	20174003未找到关卡对应章节
20174004	TwoSideTowerPointNotFound	20174004未找到关卡对应节点
20174005	TwoSideTowerChapterCfgNotExist	20174005未找到章节配置
20174006	TwoSideTowerChapterNotOpen	20174006章节未开放
20174007	TwoSideTowerPreChapterNotPass	20174007前置章节未通关
20174008	TwoSideTowerPointCfgNotExist	20174008未找到节点配置
20174009	TwoSideTowerPointInvalid	20174009节点非法
20174010	TwoSideTowerStageNotChallengeAgain	20174010此关卡不能重新挑战
20174011	TwoSideTowerRobotCfgNotExist	20174011未找到机器人配置
20174012	TwoSideTowerStageCfgNotExist	20174012未找到关卡配置
20174013	TwoSideTowerStageNotChallenge	20174013此关卡未曾挑战
20174014	TwoSideTowerStageNotPositive	20174014此关卡不是正向关卡
20174015	TwoSideTowerSweepInvalid	20174015非法扫荡
20174016	TwoSideTowerStageNotNegative	20174016此关卡不是逆向关卡
20174017	TwoSideTowerFeatureIdInvalid	20174017非法特性ID
20174018	TwoSideTowerUnShieldFeatureIdInvalid	20174018非法解除特性
20174019	TwoSideTowerChapterDataNotFound	20174019未找到章节数据
20174020	TwoSideTowerPointDataNotFound	20174020未找到节点数据
20174021	TwoSideTowerEndPointNotOpen	20174021终末节点未开启
20175001	CourseInvalidChapterId	考级无效的章节ID
20175002	CourseChapterUnlockLvNotEnough	考级章节解锁等级不足
20175003	CourseChapterUnlockPointNotEnough	考级章节解锁点数不足
20175004	CourseChapterUnlockPrevIdNotClear	考级章节解锁前置ID不满足
20175005	CourseInvalidStageId	考级无效的关卡ID
20175006	CourseStageUnlockPrevIdNotClear	考级关卡解锁前置ID不满足
20175007	CourseSaveResultCacheNotExist	考级战斗结算结果不存在
20175008	CourseInvalidCourseRewardId	考级无效的奖励ID
20175009	CourseInvalidCourseRewardExisted	考级已领取过的奖励
20175010	CourseChapterDataNotExist	考级章节通关数据不存在
20175011	CourseGetRewardPointNotEnough	考级奖励点数不满足
20176001	BiancaTheatreDifficultyConditionError	需在任意难度完成一次旅途
20176002	BiancaTheatreDifficultyAlreadySet	已经设置为困难模式
20176003	BiancaTheatreChapterNotExitError	当前章节不存在
20176004	BiancaTheatreTeamNotOpenError	当前分队未开放
20176005	BiancaTheatreTeamNotUnlockError	当前调查团未解锁
20176006	BiancaTheatreTeamAlreadySet	已经设置过调查团
20176007	BiancaTheatreCurStepNotExit	当前节点不存在
20176008	BiancaTheatreStepTypeError	节点类型错误
20176009	BiancaTheatreItemIdError	秘藏品ID错误
20176010	BiancaTheatreNoCharacterToRandomError	没有可招募的角色
20176011	BiancaTheatreTickIdError	邀约ID错误
20176012	BiancaTheatreCharacterIdError	角色ID错误
20176013	BiancaTheatreCharacterLevelMaxError	角色星级已经达到最高
20176014	BiancaTheatreTickConfigNotExit	邀约配置不存在
20176015	BiancaTheatreRecruitRefreshCountMax	邀约刷新次数达到上限
20176016	BiancaTheatreRecruitCountMax	邀约招募次数达到上限
20176017	BiancaTheatreLeastRecruitCount	没有达到最低招募次数要求
20176018	BiancaTheatreCurNodeNotExit	当前节点不存在
20176019	BiancaTheatreCurNodeIdError	当前节点ID错误
20176020	BiancaTheatreSelectOtherNodeError	已经选择了其他节点
20176021	BiancaTheatreSlotNotExitError	slot不存在
20176022	BiancaTheatreCurrentSlotTypeError	当前节点类型错误
20176023	BiancaTheatreShopNoItemError	商店没有可购买的项目
20176024	BiancaTheatreShopItemCannotBuyRepeatError	商店的项目不可重复购买
20176025	BiancaTheatreEventNodeCurStepIdError	事件的当前步骤错误
20176026	BiancaTheatreEventNodeConfigError	事件的配置错误
20176027	BiancaTheatreEventNodeOptionIdError	事件的选项ID错误
20176028	BiancaTheatreRewardNotFind	奖励配置不存在
20176029	BiancaTheatreRewardIsGet	该奖励已经领取
20176030	BiancaTheatreRewardScoreNotEnough	渡厄者之路等级不足
20176031	BiancaTheatreNotHasAnyReward	无奖励可领取
20176032	BiancaTheatreCantGetReward	冒险进行期间不允许领取奖励
20176033	BiancaTheatreStrengthenNotFind	强化节点配置找不到
20176034	BiancaTheatreStrengthenExists	强化节点已激活
20176035	BiancaTheatreStrengthenNotEnough	解咒残章数量不足
20176036	BiancaTheatreStrengthenPreNotUnlock	强化节点前置条件未满足
20176037	BiancaTheatreNpcDataNotFind	角色数据不存在
20176038	BiancaTheatreStrengthenNotOpen	失落外典尚未解锁
20176039	BiancaTheatreCantStrengthen	冒险进行期间无法强化技能
20176040	BiancaTheatreEffectGroupNotFind	效果组不存在
20176041	BiancaTheatreItemRepeatableError	不可重复获得该秘藏品
20176042	BiancaTheatreSelectItemRepeatError	已经选择过秘藏品
20176043	BiancaTheatreTeamCaptainPosError	队长位置错误
20176044	BiancaTheatreRobotNotUnlockError	试用角色还没解锁
20176045	BiancaTheatreCurNodeNoFight	当前节点不能战斗
20176046	BiancaTheatreCurNodeStageTemplateNoExist	当前战斗模板不存在
20176047	BiancaTheatreSlotStageIdError	关卡ID不匹配
20176048	BiancaTheatreTeamNotSameError	队伍不一致
20176049	BiancaTheatreFightRewardUidError	战斗奖励UID错误
20176050	BiancaTheatreFightRewardAlreadyRecv	已经领取过该奖励
20176051	BiancaTheatreMonsterGroupNotFind	怪物组配置不存在
20176052	BiancaTheatreMonsterNotFind	怪物配置不存在
20176053	BiancaTheatreFightStageNotFind	关卡模板不存在
20176054	BiancaTheatreActivityNotOpen	当前不在活动时间内
20176055	ConditionManagerBiancaTheatreConditionNotFinish	解锁条件未达成
20176056	BiancaTheatreNotSetDifficulty	没有选择难度
20176057	BiancaTheatreActionPointNotEnough	仿生秘血不足
20176058	BiancaTheatreCharacterAlreadyRecruit	该角色已经被招募
20176059	BiancaTheatreAchievementNotExist	该成就不存在
20176060	BiancaTheatreAchievementNeedCountNotEnough	未达成领取条件
20176061	BiancaTheatreTeamCharacterSame	队伍里有相同角色
20176062	BiancaTheatreTeamCharacterCountError	队伍角色数量错误
20176063	BiancaTheatreNoCharacterToDecayError	无其他可变格角色
20176064	BiancaTheatreDecayLeastRecruitCount	请选择一名角色进行变格
20177001	SummerSignInActivityNotOpen	活动未开启
20177002	SummerSignInNotEnoughTimesToSign	今日查看次数已用尽，请明天再来
20177003	SummerSignInMessageAlreadyOpen	该明信片已被打开过
20177004	SummerSignInMessageCfgNotExist	明信片信息不存在
20178001	CharacterTowerConfigNotFound	找不到对应配置
20178002	CharacterTowerRelationConditionNotEnough	羁绊激活条件未满足
20178003	CharacterTowerStageInfoError	关卡信息错误
20178004	CharacterTowerStageRewardHadGot	关卡奖励已领取
20178005	CharacterTowerStageNotPass	关卡未通过
20178006	CharacterTowerStarRewardHadGot	星级奖励已领取
20178007	CharacterTowerStarNotEnough	星级未满足
20178008	CharacterTowerChapterRewardHadGot	章节奖励已领取
20178009	CharacterTowerFinishStageNotEnough	未通关全部关卡
20178010	CharacterTowerTriggerConditionExist	20178010触发条件已保存
20179001	RiftIsNotOpen	葬愿穷途活动未开启
20179002	RiftInvalidActivityId	葬愿穷途无效的活动ID
20179003	RiftInvalidChapterId	葬愿穷途无效的章节ID
20179004	RiftInvalidLayerId	葬愿穷途无效的层ID
20179005	RiftInvalidLayerOrder	葬愿穷途无效的层Order
20179006	RiftInvalidNodeId	葬愿穷途无效的节点ID
20179007	RiftInvalidStageId	葬愿穷途无效的关卡ID
20179008	RiftRandomNodeFailed	葬愿穷途随机节点失败
20179009	RiftRandomMonsterWareFailed	葬愿穷途随机怪物波次失败
20179010	RiftRandomMonsterFailed	葬愿穷途随机怪物失败
20179011	RiftRandomMonsterBuffFailed	葬愿穷途随机怪物词缀失败
20179012	RiftChapterDataNotFound	葬愿穷途章节数据不存在
20179013	RiftLayerIdNotUnlocked	葬愿穷途层未解锁
20179014	RiftChapterNotStart	葬愿穷途未开始当前章节
20179015	RiftChapterNotFinished	葬愿穷途章节未完成
20179016	RiftLuckyNodeNotStart	葬愿穷途未开始超维奇点
20179017	RiftLuckyNodeStarted	葬愿穷途超维奇点已存在
20179018	RiftPreFightNotCurLayer	葬愿穷途目标关卡不属于当前层
20179019	RiftPreFightStageIsPassed	葬愿穷途当前关卡已通关
20179020	RiftAddRoleDataInvalidTeam	葬愿穷途作战队伍不符合要求
20179021	RiftAddRoleDataInvalidRobotId	葬愿穷途无效的机器人ID
20179022	RiftFubenWinLayerRewardConfigFailed	葬愿穷途获取层首通奖励配置失败
20179023	RiftStartLuckyNodeValueNotEnough	葬愿穷途超维值不足
20179024	RiftSetAttrSetInvalidSetId	葬愿穷途无效的属性模板ID
20179025	RiftSetAttrSetInvalidAttrId	葬愿穷途无效的属性ID
20179026	RiftSetAttrSetDuplicatedAttrId	葬愿穷途重复的属性ID
20179027	RiftSetAttrSetOutOfLimit	葬愿穷途属性值超出上限
20179028	RiftSetPluginInvalidCharIdOrRobotId	葬愿穷途设插件无效的角色参数
20179029	RiftSetPluginInvalidCharId	葬愿穷途无效的角色
20179030	RiftSetPluginInvalidRobotId	葬愿穷途设插件无效的机器人
20179031	RiftSetPluginInvalidPluginId	葬愿穷途无效的插件ID
20179032	RiftSetPluginIdLocked	葬愿穷途插件ID未解锁
20179033	RiftSetPluginIdTypeDuplicated	葬愿穷途设插件插件类型重复
20179034	RiftSetPluginIdCharacterIdNotMatch	葬愿穷途设插件角色不符合
20179035	RiftSetPluginPeakLoadLimited	葬愿穷途负载不足
20179036	RiftRandomItemInvalidType	葬愿穷途随机项目不支持的类型
20179037	RiftRandomItemInvalidGroupId	葬愿穷途随机项目无效的组ID
20179038	RiftRandomItemAllSkipped	葬愿穷途随机项目所有项都被跳过
20179039	RiftRandomItemRandomFailed	葬愿穷途随机项目未随机到内容
20179040	RiftRandomPluginInvalidDropTypeId	葬愿穷途随机插件无效的类型Id
20179041	RiftRandomPluginInvalidDropTypeGroupId	葬愿穷途随机插件无效的类型组Id
20179042	RiftRandomPluginDropTypeRandomFailed	葬愿穷途随机插件类型随机失败
20179043	RiftRandomPluginDropRandomFailed	葬愿穷途随机插件项随机失败
20179044	RiftSweepSomeStagePassed	葬愿穷途云端回溯存在正在进行中的关卡
20179045	RiftSweepTimesLimited	葬愿穷途云端回溯可领取次数不足
20179046	RiftSweepInvalidLayerType	葬愿穷途云端回溯不可执行的层类型
20179047	RiftBuyPluginInvalidGoodsId	葬愿穷途买插件无效的商品ID
20179048	RiftBuyPluginLocked	葬愿穷途插件未购买
20179049	RiftBuyPluginAlreadyUnlocked	葬愿穷途买插件插件已存在
20179050	RiftLayerNotFirstPassed	葬愿穷途未首通层
20179051	RiftRankInvalidRankId	葬愿穷途排行榜标识错误
20179052	RiftPeriodNotOpen	该竞斗未开启
20179053	RiftPeriodAlreadyChange	已开启新竞斗
20179054	RiftConditionNotFinish	葬愿穷途条件未达成
20179055	RiftNodeRandomItemCfgNotExist	未找到葬愿穷途随机插件配置
20179056	RiftCollectTypeNotExist	葬愿穷途图鉴类型不存在
20179057	RiftCollectAlreadyMaxLevel	葬愿穷途图鉴已达到最大等级
20179058	RiftCollectCfgNotFound	未找到葬愿穷途图鉴配置
20179059	RiftFightEventCfgNotFound	未找到葬愿穷途战斗效果配置
20179060	RiftAttrLevelSetChangeNameIsNull	命名为空
20179061	RiftAttrLevelSetChangeNameIsInvalid	改名含有非法字符
20179062	RiftAttrLevelSetChangeNameTooLong	命名太长
20179063	RiftAttrLevelSetNotFound	找不到要修改的属性模板
20179064	RiftActiveAffixTypeError	葬愿穷途词缀激活类型错误
20179065	RiftInvalidPluginId	葬愿穷途无效的插件ID
20179066	RiftSlotOutOfRange	葬愿穷途激活词缀槽位越界
20179067	RiftSlotActiveRepeat	葬愿穷途激活槽位已经激活
20179068	RiftRandomAffixError	葬愿穷途随机词缀错误
20179069	RiftCoinNotEnough	推演晶流不足
20179070	RiftAffixAffixResetError	葬愿穷途词缀重置错误
20179071	RiftAffixNotRequestReset	葬愿穷途词缀没有请求重置
20179072	RiftAffixFightPluginDropInfoError	葬愿穷途插件掉落信息异常
20179073	RiftSweepScoreNotEnougth	葬愿穷途宝箱充能不足
20179074	RiftSweepScoreNotOpen	葬愿穷途宝箱未开启充能
20179075	RiftSweepScoreAlreadyOpen	葬愿穷途宝箱已开启充能
20180001	BrilliantWalkActivityNotOpen	活动未开启
20180002	BrilliantWalkActivityCfgNotExist	未找到活动配置
20180003	BrilliantWalkStageCfgNotExist	未找到关卡配置
20180004	BrilliantWalkChapterNotFound	未找到关卡对应章节
20180005	BrilliantWalkChapterCfgNotExist	未找到章节配置
20180006	BrilliantWalkChapterNotOpen	章节未开放
20180007	BrilliantWalkPreChapterNotPass	前置章节未通关
20180008	BrilliantWalkTrenchCfgNotExist	未找到模块槽位配置
20180009	BrilliantWalkTrenchOnLock	模块槽位未解锁
20180010	BrilliantWalkTrenchTypeNotMatch	模块槽位类型不匹配
20180011	BrilliantWalkPluginCfgNotExist	未找到改造配置
20180012	BrilliantWalkModuleCountLimit	只能装备一个模块
20180013	BrilliantWalkPrePluginNotBuild	前置改造未装备
20180014	BrilliantWalkBuildPluginOnLock	改造内容未解锁
20180015	BrilliantWalkEnergyNotEnough	可用的接口不足
20180016	BrilliantWalkRobotInvalid	非法机器人配置
20180017	BrilliantWalkBuildSamePlugin	装备了相同改造内容
20180018	BrilliantWalkPerkNotBuild	未选择技能要连接的电路
20181001	ColorTableNotOpen	活动尚未开放
20181002	ColorTableStageNotExit	关卡不存在，无法进入
20181003	ColorTableChapterNotExit	章节不存在，无法进入
20181004	ColorTableChapterNotOpen	该章节尚未开放
20181005	ColorTableCaptainNotExit	所选队长不存在，无法选择
20181006	ColorTableStageNotOpen	所选关卡未开放
20181007	ColorTableNotInGame	当前不在游戏中
20181008	ColorTablePositionIdError	位置ID错误
20181009	ColorTableCannotFindPath	无法找到前往路径
20181010	ColorTableActionPointNotEnough	行动力不足，无法执行行动
20181011	ColorTableAlreadyLose	游戏已经失败，请退出挑战
20181012	ColorTablePointTypeCannotExecute	该点位不能执行此操作
20181013	ColorTableStudyDataNotEnough	颜料不足，无法执行此操作
20181014	ColorTableStudyLevelLimit	作品展览已达上限，尝试进行别的派系展览
20181015	ColorTableCurStageError	当前阶段已完成，请退出重进
20181016	ColorTableInnerError	20181016内部错误
20181017	ColorTableMapCannotClear	尚未开启压制，无法执行此行动
20181018	ColorTableNotLose	20181018游戏还没失败
20181019	ColorTableMapNotExit	20181019地图不存在
20181020	ColorTableMapCannotReboot	20181020该地图不能重启
20181021	ColorTableWinConditionIdError	20181021没有胜利条件ID
20181022	ColorTableStageIdError	20181022关卡ID错误
20181023	ColorTableStageRobotIdError	20181023关卡robotId错误
20181024	ColorTableStageIdNoRankError	20181024该关卡没有排行榜
20181025	ColorTableInRank	20181025在排行榜内
20181026	ColorTableBanTreat	本回合禁止艺术点评，无法执行此操作
20181027	ColorTableObtainCountNotEnough	20181027获取货币数量不足
20181028	ColorTableBanExecute	本回合禁止执行此颜色的地块行动
20181029	ColorTableNotRollYet	20181029至少要roll一次
20181030	ColorTableCannotReRoll	本回合无法重ROLL
20181031	ColorTableReRollCountLimit	重ROLL次数已达上限
20181032	ColorTableDifficultyRewardIdError	20181032奖励ID错误
20181033	ColorTableAlreadyGetReward	20181033重复领奖
20181034	ColorTableCannotGetReward	没达到领奖条件
20181035	ColorTableStudyLevelFull	作品展览已满级，请尝试到其余颜色进行展览
20181036	ColorTableBossLevelDownLimit	大师等级已经最低，无法继续下降
20181037	ColorTableBossAlreadyDead	大师已被压制
20181038	ColorTableStudyDataAlreadyFull	数据已达上限，尝试获取其余数据吧
20181039	ColorTableEnergyExecuteLimit	本回合已获取此颜色的能量，无法继续获取
20181040	ColorTableTreatCountLimit	本回合点评次数已达上限，无法继续点评
20182001	FubenAwarenessChapterNotFound	20182001章节配置未找到
20182002	FubenAwarenessTeamInfoNotFound	20182002队伍配置未找到
20182003	FubenAwarenessFightStageAlreadyFinish	20182003该关卡已完成
20182004	FubenAwarenessTeamNotSet	20182004队伍未设置
20182005	FubenAwarenessFightCardCountError	20182005队伍角色数量错误
20182006	FubenAwarenessFightCardNotInTeam	20182006队伍未包含该角色
20182007	FubenAwarenessStageInfoNotFound	20182007关卡信息未找到
20182008	FubenAwarenessWinStageNotMatch	20182008关卡不匹配
20182009	FubenAwarenessTeamListIsEmpty	20182009队伍为空
20182010	FubenAwarenessTeamCountError	20182010队伍角色数量错误
20182011	FubenAwarenessTeamMemberRepeated	20182011队伍角色重复
20182012	FubenAwarenessChapterNotFinish	20182012该章节未完成
20182013	FubenAwarenessChapterCharacterAlreadyUse	20182014该角色已使用
20182014	FubenAwarenessChapterInfoNotExist	20182016当前章节没有进度
20182015	FubenAwarenessChapterStageNotFinish	20182017当前章节关卡未完成，不能重置
20182016	FubenAwarenessFinishedStageCanNotChangeTeam	20182018已完成的关卡不能改变队伍
20183001	Regression3NotInRegression	特殊回归当前玩家不在回归状态
20183002	Regression3ActivityInvalidId	特殊回归无效的活动ID
20183003	Regression3ActivityNotCurrentId	特殊回归活动ID非当前活动ID
20183004	Regression3SignInInvalidId	特殊回归签到无效的签到ID
20183005	Regression3SignInIdNotInActivity	特殊回归签到ID不属于当前活动
20183006	Regression3SignInRewardAlreadyGot	特殊回归签到奖励已领取
20183007	Regression3SignInUnsatisfied	特殊回归签到领奖条件不满足
20183008	Regression3PassportAidNotFoundForRid	特殊回归通行证活动不存在
20183009	Regression3PassportInfoNotExist	特殊回归通行证信息不存在
20183010	Regression3PassportNotUnlock	特殊回归通行证未解锁
20183011	Regression3PassportAlreadyUnlocked	特殊回归通行证已解锁
20183012	Regression3PassportInfoActivityIdNotMatch	特殊回归本期活动不存在该通行证
20183013	Regression3PassportLevelNotEnough	特殊回归领奖所需等级不足
20183014	Regression3PassportNoRewardCanGet	特殊回归无可领取奖励
20183015	Regression3PassportAlreadyMaxLevel	特殊回归已达到最大等级
20183016	Regression3PassportLevelCfgNotExist	特殊回归等级信息不存在
20183017	Regression3PassportRewardTemplateNotExist	特殊回归奖励不存在
20183018	Regression3PassportBuyLevelMustBiggerThanNow	特殊回归购买等级不能小于现有等级
20183019	Regression3PassportExpConfigError	特殊回归经验值配置错误
20183020	Regression3PassportRewardAlreadyGot	特殊回归奖励已领取
20183021	Regression3PassportBuyTimeAlreadyEnd	特殊回归本期活动购买时间已结束
20183022	Regression3PassportBuyExpTranscend	特殊回归无法购买无限区的等级
20184001	SkinVoteNameGroupNotFind	皮肤投票名字不存在
20184002	SkinVoteActivityNotFind	皮肤投票活动不存在
20184003	SkinVoteActivityNotOpen	皮肤投票活动未开启
20184004	SkinVoteActivityIsJoin	皮肤投票已经参与
20184005	SkinVoteNotOpen	皮肤投票时间未开启
20184006	SkinVoteError	皮肤投票内部出错
20185001	RestaurantActivityNotOpen	活动不在开启时间内
20185002	RestaurantConfigNotExist	活动配置不存在
20185003	RestaurantLvCfgNotExist	店铺等级配置不存在
20185004	RestaurantCharacterCfgNotExist	员工配置不存在
20185005	RestaurantCharacterLvCfgNotExist	员工等级配置不存在
20185006	RestaurantIngredientCfgNotExist	材料配置不存在
20185007	RestaurantFoodCfgNotExist	手作配置不存在
20185008	RestaurantSignAwardCfgNotExist	签到奖励配置不存在
20185009	RestaurantCharacterNumNotEnough	员工数量不足
20185010	RestaurantSeniorCharacterNumNotEnough	高级员工数量不足
20185011	RestaurantMaxLv	店铺已达到最大等级
20185012	RestaurantCharacterExist	已拥有该员工
20185013	RestaurantCharacterLimit	员工数量已达上限
20185014	RestaurantCharacterNotExist	未拥有该员工
20185015	RestaurantCharacterMaxLv	员工已达到最大等级
20185016	RestaurantSignAlreadyAward	签到奖励已领取
20185017	RestaurantCharacterOnWork	该员工工作中
20185018	RestaurantCounterOnWork	该位置工作中
20185019	RestaurantCounterNotOnWork	该位置空闲中
20185020	RestaurantIngredientOnLock	材料未解锁
20185021	RestaurantFoodOnLock	手作未解锁
20185022	RestaurantCounterOnLock	工作台未解锁
20185023	RestaurantInvalidSectionType	非法的区域类型
20185024	RestaurantAccelerateUseLimit	加速次数已达上限
20185025	RestaurantSectionCanNotAccelerate	当前工作台不可加速
20185026	RestaurantInvalidAccelerateCount	非法的加速道具使用数量
20185027	RestaurantStorageCfgNotExist	未找到存储上限配置
20185028	RestaurantSettleTimeError	结算时间段错误
20185029	ConditionManagerRestaurantConditionNotFinish	条件未达成
20185030	RestaurantStorageFull	库存已满不可加速
20185031	RestaurantConsumeNotEnough	消耗不足不可加速
20185032	RestaurantDoProduceCanceled	生产结算被取消
20185033	RestaurantOrderNotExist	订单不存在
20185034	RestaurantOrderAlreadyAward	订单奖励已领取
20185035	RestaurantOrderAwardCfgNotExist	订单奖励配置不存在
20185036	RestaurantOrderActivityCfgNotExist	订单活动配置不存在
20185037	RestaurantOrderActivityNotOpen	订单活动未开启
20185038	RestaurantSignActivityCfgNotExist	签到活动配置不存在
20185039	RestaurantSignActivityNotOpen	签到活动未开启
20185040	RestaurantOrderAlreadyAccept	订单已接取
20185041	RestaurantOrderNotAccept	订单未接取
20185042	RestaurantOrderFoodNotEnough	订单需求数量不足
20185043	RestaurantSectionBuffCfgNotExist	区域增益配置不存在
20185044	RestaurantSectionBuffUnlockDisabled	区域增益未开放解锁
20185045	RestaurantSectionBuffAlreadyUnlock	区域增益已解锁
20185046	RestaurantSectionBuffOnLock	区域增益未解锁
20185047	RestaurantIsClosing	露记工房已打烊
20185048	RestaurantConditionError	条件不满足
20185049	RestaurantPerformCfgNotExist	事件演出配置不存在
20185050	RestaurantPerformNotExist	事件演出不存在
20185051	RestaurantPerformAlreadyAward	奖励已领取
20185052	RestaurantPerformAlreadyAccept	事件已接取
20185053	RestaurantPerformNotAccept	事件未接取
20185054	RestaurantPerformNotFinish	事件未达成完成条件
20185055	RestaurantPerformNotOngoing	事件不在进行中
20185056	RestaurantStoryCfgNotExist	事件对话配置不存在
20185057	RestaurantTalkCfgNotExist	事件回复配置不存在
20185058	RestaurantStoryTalkError	事件对话内容错误
20186001	Maverick2IsNotOpen	20186001活动未开启
20186002	Maverick2InvalidActivityId	20186002无效的活动ID
20186003	Maverick2InvalidRobotId	20186003无效的机器人ID
20186004	Maverick2RobotIdUnlocked	20186004该机器人已解锁
20186005	Maverick2RefreshDailyStageFail	20186005每日关卡刷新失败
20186006	Maverick2InvalidChapterId	20186006无效的章节ID
20186007	Maverick2ChapterNotOpen	20186007章节未开启
20186008	Maverick2MaxChapterOpen	20186008已开启最大开启
20186009	Maverick2PreStageNotPass	20186009前置关卡未通过
20186010	Maverick2InvalidStageId	20186010无效的关卡ID
20186011	Maverick2RankInvalidRankId	20186011排行榜标识错误
20186012	Maverick2InvalidMentalLevel	20186012无效的心智等级
20186013	Maverick2MaxMentalLevel	20186013心智等级已最大
20186014	Maverick2MentalLevelNotEnough	20186014心智等级不足
20186015	Maverick2MentalUnitNotEnough	20186015心智单元不足
20186016	Maverick2AssignMentalUnitNotEnough	20186016分配心智单元不足
20186017	Maverick2InvalidTalentGroupId	20186017无效的天赋组ID
20186018	Maverick2TalentGroupIdLocked	20186018该天赋组未解锁
20186019	Maverick2InvalidTalentLevel	20186019无效的天赋等级
20186020	Maverick2TalentNotLearned	20186020该天赋未学习
20186021	Maverick2InvalidTalentId	20186021无效的天赋ID
20186022	Maverick2AssistTalentLocked	20186022该支援技未解锁
20186023	Maverick2FightNpcNumError	20186023出战角色数量错误
20187001	ItemCollectionInvalidId	20187001无效的道具收藏ID
20187002	ItemCollectionIdSaved	20187002该ID已收藏
20187003	ItemCollectionMaxCount	20187003收藏空间不足
20187004	ItemCollectionConfigNotFound	20187004该ID配置未找到
20187005	ItemCollectionInvalidType	20187005非法的收藏类型
20188001	MazeActivityNotOpen	20188001活动未开启
20188002	MazeActivityCfgNotExist	20188002未找到活动配置
20188003	MazeStageCfgNotExist	20188003未找到关卡配置
20188004	MazeRobotInvalid	20188004非法机器人配置
20189001	PlanetRunningActivityNotOpen	活动未开启
20189002	PlanetRunningNotEnterStage	未进入关卡
20189003	PlanetRunningPlaceUnRepeatBuilding	不允许连续方式不同的建筑
20189004	PlanetRunningBuildingCountError	建筑数量错误
20189005	PlanetRunningBuildingCfgError	建筑配置错误
20189006	PlanetRunningBuildingMaterialCfgError	建筑材质配置错误
20189007	PlanetRunningBuildingDataNotFind	建筑数据不存在
20189008	PlanetRunningBuildingPriceError	建筑价格错误
20189009	PlanetRunningBuildingCountMaxError	已建造的建筑总数不能超过100（包含起点建筑和地形）
20189010	PlanetRunningBuildingNotUnlock	建筑未解锁
20189011	PlanetRunningBuildingOccupyRepeat	建筑占地重复
20189012	PlanetRunningBuildingOccupyError	建筑占地错误
20189013	PlanetRunningBuildingCastNotEnough	星矿不足
20189014	PlanetRunningContSelect	建筑不可以被选择建造
20189015	PlanetRunningOccupyError	建筑占地错误
20189016	PlanetRunningConditionError	条件不满足
20189017	PlanetRunningEffectError	效果不存在
20189018	PlanetRunningEventNotFind	事件不存在
20189019	PlanetRunningWertherNotUnlock	天气未解锁
20189020	PlanetRunningWertherNotFind	天气未解锁
20189021	PlanetRunningCharacterNotUnlock	角色未解锁
20189022	PlanetRunningCharacterNotFind	角色配置不存在
20189023	PlanetRunningMonsterNotFind	敌人配置不存在
20189024	PlanetRunningStageNotFind	关卡不存在
20189025	PlanetRunningStageGridInfoFind	关卡地图不存在
20189026	PlanetRunningStageNotPass	关卡未通关
20189027	PlanetRunningGridNotRoad	地块不是道路类型
20189028	PlanetRunningGridNotBuilding	地块不是建筑类型
20189029	PlanetRunningMaxReformOperationCount	操作数量过多
20189030	PlanetRunningStageNotSettle	之前的数据未结算
20189031	PlanetRunningItemNotFind	没有找到该道具
20189032	PlanetRunningCarryBuildingOverLimit	携带的建筑数量超过上限
20189033	PlanetRunningChapterNotFind	章节不存在
20189034	PlanetRunningPreStageNotUnlock	前置关卡未解锁
20189035	PlanetRunningExistCharacterNotUnlock	存在未解锁的角色
20189036	PlanetRunningStageNotOpen	关卡未开放
20189037	PlanetRunningExistBuildingIsDisable	存在关卡所禁用的建筑图纸
20189038	PlanetRunningNotExistBuildingCompelUsed	未包含强制使用的建筑图纸
20189039	PlanetRunningExitStageNotMatch	当前关卡与退出关卡不一致
20189040	PlanetRunningNotInBuildingRange	不在建筑范围内
20189041	PlanetRunningBuildingSendError	建筑模式下数据错误
20189042	PlanetRunningTriggerNotMatch	触发类型不一致
20189043	PlanetRunningChangeCaptainError	更换队长失败
20189044	PlanetRunningBossGroupIdNotExist	该领主库不存在
20189045	PlanetRunningAttributeError	属性异常
20189046	PlanetRunningGridTypeError	地块类型不一致
20189047	PlanetRunningFightPosOutOfRange	入队位置超出范围
20189048	PlanetFightCheckManagerCheckSkip	战斗跳过校验
20189049	PlanetFightCheckSendDataError	战斗数据有误
20189050	PlanetFightCheckError	战斗校验内部错误
20189051	PlanetFightEasyCheckError	战斗结果校验失败
20189052	PlanetFightEasyCheckAttributeError	战斗结果校验属性错误
20189053	PlanetRunningCreateFightError	战斗数据初始化异常
20189054	PlanetRunningStartFightIntervalFast	作战间隔过快
20189055	PlanetRunningRpcIntervalFast	请求间隔过快
20189056	PlanetRunningItemCfgNotExist	道具配置不存在
20189057	PlanetRunningItemNotExist	未拥有该道具
20189058	PlanetRunningItemUseRangeError	道具使用范围错误
20189059	PlanetRunningGridCfgNotExist	地块配置不存在
20189060	PlanetRunningItemUseTargetNotExist	道具没有可使用的目标
20189061	PlanetRunningStageItemUnavailable	当前关卡不可使用该道具
20189062	PlanetRunningNotCharacterFight	没有角色入队
20189063	PlanetRunningCharacterRepeat	存在重复的角色
20189064	PlanetRunningBuildingRepeat	存在重复的建筑图纸
20189065	PlanetRunningFightNotHasMonster	战斗请求失败当前道路不存在敌人
20189066	PlanetRunningBossAlreadyBeKill	领主已被击败，无法召唤
20189067	PlanetRunningBossAlreadyBeSummon	领主已被召唤
20189068	PlanetRunningRoadAlreadyHaveOtherMonster	该道路已有其他敌人
20189069	PlanetRunningTeamFightNotEnough	队伍实力不足，无法召唤
20189070	PlanetRunningNotExistBossCanSummon	没有可召唤的领主
20189071	PlanetRunningBuildingCannotRecovery	建筑不可被回收
20189072	PlanetRunningBuildingStageLimit	该建筑的建造数量已达到上限
20189073	PlanetRunningBuildingReformLimit	该建筑的建造数量已达到上限
20189074	PlanetRunningBuildingReformMaxError	已建造的建筑总数已达到上限，请拆除部分建筑后再尝试建造
20189075	PlanetRunningBuildingCannotBatchBuild	该建筑不可批量建造
20190001	MonsterCombatActivityNotOpen	当前活动未开启
20190002	MonsterCombatActivityCfgNotExist	未找到活动配置
20190003	MonsterCombatStageCfgNotExist	未找到关卡配置
20190004	MonsterCombatChapterNotFound	未找到关卡对应章节
20190005	MonsterCombatChapterCfgNotExist	未找到章节配置
20190006	MonsterCombatChapterNotOpen	当前章节未开放
20190007	MonsterCombatPreChapterNotPass	前置章节未通关
20190008	MonsterCombatPreStageNotPass	前置关卡未通关
20190009	MonsterCombatMonsterCfgNotExist	未找到援助单位配置
20190010	MonsterCombatMonsterOnLock	当前援助单位未解锁
20190011	MonsterCombatMonsterCostLimit	携带援助单位超出负载
20190012	MonsterCombatChapterMonsterLimit	当前章节不可上阵该援助单位
20190013	MonsterCombatFightMonsterIsEmpty	未上阵援助单位
20190014	MonsterCombatFightCharacterLimit	只能上阵1个角色
20190015	MonsterCombatRobotInvalid	非法机器人配置
20190016	MonsterCombatRepeatedMonster	不能存在相同的上阵援助单位
20190017	MonsterCombatMonsterCountLimit	上阵援助单位数量超出限制
20190018	MonsterCombatChapterRobotLimit	当前章节不可上阵该机器人
20200001	CerberusGameActivityNotOpen	20200001活动未开启
20200002	CerberusGameActivityCfgNotExist	20200002未找到活动配置
20200003	CerberusGameChapterCfgNotFound	20200003未找到章节配置
20200004	CerberusGameStoryLineCfgNotFound	20200004未找到剧情配置
20200005	CerberusGameStoryPointCfgNotFound	20200005未找到剧情节点配置
20200006	CerberusGameChallengeCfgNotFound	20200006未找到挑战配置
20200007	CerberusGameChapterNotOpen	20200007章节未开放
20200008	CerberusGameTeamIsEmpty	20200008设置队伍为空
20200009	CerberusGamePreStageNotPass	20200009前置关卡未通关
20200010	CerberusGameStageLimitCharacterIds	20200010设置关卡角色限制
20200011	CerberusGameTeamCharacterLimitError	20200011设置队伍不满足角色限制
20200012	CerberusGameTeamRobotLimitError	20200012设置队伍不满足机器人限制
20200013	CerberusGameTeamMemberRepeated	20200013设置队伍角色重复
20200014	CerberusGameTeamNotSet	20200014该关卡未设置队伍
20200015	CerberusGameFightCardCountError	20200015上阵角色数量错误
20200016	CerberusGameFightRobotCountError	20200016上阵机器人数量错误
20200017	CerberusGameFightNpcCountError	需要上阵所有三头犬成员
20200018	CerberusGameFightNpcNotInTeam	上阵的角色不在队伍内
20200019	CerberusGameStageConditionNotEnough	未满足关卡解锁条件
20200020	CerberusGameStageInfoError	关卡信息错误
20200021	CerberusGameExtraRobotInExistence	未上阵隐藏机器人
20200022	CerberusGameTeamNpcCountError	20200022设置队伍NPC数量错误
20201001	TransfiniteActivityNotOpen	活动未开启
20201002	TransfiniteRegionCfgNotExist	未找到区域配置
20201003	TransfiniteRotateGroupCfgNotExist	未找到轮换组配置
20201004	TransfiniteStageGroupIndexOut	关卡组索引越界
20201005	TransfiniteStageCfgNotFound	未找到关卡配置
20201006	TransfiniteStageGroupCfgNotFound	未找到关卡组配置
20201007	TransfiniteStageProgressIndexOut	关卡进度索引越界
20201008	TransfiniteStageOutOfIndex	当前关卡不匹配索引
20201009	TransfiniteConditionNotEnough	未满足关卡开启条件
20201010	TransfiniteFirstStageSetTeamOnly	首关才允许设置队伍
20201011	TransfiniteTeamCharacterRepeat	队伍角色重复
20201012	TransfiniteTeamCaptainPosNotSet	未设置队长位
20201013	TransfiniteTeamFirstFightPosNotSet	未设置首发位
20201014	TransfiniteTeamEnterCgIndexInvalid	20201014无效的进场CG索引
20201015	TransfiniteTeamSettleCgIndexInvalid	20201015无效的结算CG索引
20201016	TransfiniteBattleAllCharacterDeath	战斗数据所有角色死亡
20201017	TransfiniteScoreRewardGroupNotExist	未找到积分奖励组配置
20201018	TransfiniteCurrentCircleFinish	当前活动周期已结束
20201019	TransfiniteFirstTeamNotExistCharacter	20201017首设队伍不存在该角色
20201020	TransfiniteTeamCaptainPosDead	20201018队长角色已死亡
20201021	TransfiniteTeamFirstFightPosDead	20201019首发角色已死亡
20201022	TransfiniteChallengeRepeatForbidden	20201020该关卡无法重新挑战
20201023	TransfiniteRotateSettleInfoNotExist	20201021无轮换关卡组结算数据
20202001	NewActivityCalendarMainTemplateIdOutOfIndex	20202001核心物品数组索引越界
20202002	NewActivityCalendarActivityCfgNotExist	20202002未找到对应的活动日历配置
20202003	NewActivityCalendarHandleTypeError	20202003触发类型错误
20203001	Theatre3ActivityNotOpen	活动未开放
20203002	Theatre3DifficultyConditionError	模式不符合条件
20203003	Theatre3DifficultyAlreadySet	已经设置过模式
20203004	Theatre3DifficultyNoChapterFit	当前难度模式没有合适的章节
20203005	Theatre3TeamCaptainPosError	队长位置错误
20203006	Theatre3TeamEnterCgPosError	20203006出场CG位置错误
20203007	Theatre3TeamSettleCgPosError	20203007结算CG位置错误
20203008	Theatre3TeamCharacterSame	队伍里有相同角色
20203009	Theatre3TeamRobotNotExist	队伍里的robotId不存在
20203010	Theatre3TeamCharacterIdNotExist	队伍里的chardId不存在
20203011	Theatre3TeamCharacterIdNotOwn	队伍里的chardId没拥有
20203012	Theatre3TeamOverEnergyLimit	编队超出费用上限
20203013	Theatre3TeamNotSetDifficultyError	还没设置模式
20203014	Theatre3NotSetTeamError	还没设置队伍
20203015	Theatre3NoChapterDataError	不存在章节数据
20203016	Theatre3NoRecruitCharacterStepError	不存在招募步骤
20203017	Theatre3NodeConfigNotExistError	节点数据不存在
20203018	Theatre3CreateNodeNoResult	无法生成节点数据
20203019	Theatre3StepTypeError	当前步骤类型错误
20203020	Theatre3CurNodeNotExit	当前节点不存在
20203021	Theatre3SlotNotExitError	slot不存在
20203022	Theatre3CurrentSlotTypeError	当前节点类型错误
20203023	Theatre3ShopNoItemError	商店没有可购买的项目
20203024	Theatre3ShopItemCannotBuyRepeatError	商店的项目不可重复购买
20203025	Theatre3CurStepNotExist	当前步骤不存在
20203026	Theatre3CurNodeIdError	当前节点ID错误
20203027	Theatre3SelectOtherNodeError	已经选择了其他节点
20203028	Theatre3CurrentSlotOverDueError	当前节点已过期
20203029	Theatre3CurrentChapterNoExist	当前章节不存在
20203030	Theatre3CurNodeNoFight	当前节点不能战斗
20203031	Theatre3CurNodeStageTemplateNoExist	当前战斗模板不存在
20203032	Theatre3SlotStageIdError	关卡ID不匹配
20203033	Theatre3NoTeamError	编队不存在
20203034	Theatre3TeamDataError	编队数据错误
20203035	Theatre3MonsterGroupNotFind	怪物组配置不存在
20203036	Theatre3MonsterNotFind	怪物配置不存在
20203037	Theatre3InnerCoinNotEnough	算力单元不足
20203038	Theatre3EventNodeCurStepIdError	事件的当前步骤错误
20203039	Theatre3EventNodeConfigError	事件的配置错误
20203040	Theatre3EventNodeOptionIdError	事件的选项ID错误
20203041	Theatre3SelectItemRepeatError	已经选择过道具
20203042	Theatre3ItemIdError	物品ID错误
20203043	Theatre3ItemRepeatableError	已经拥有该物品
20203044	Theatre3FightRewardUidError	战斗奖励UID错误
20203045	Theatre3FightRewardAlreadyRecv	已经领取过该奖励
20203046	Theatre3EquipRepeatableError	已经拥有该装备
20203047	Theatre3EquipPosFullError	当前装备槽已满
20203048	Theatre3WorkShopCountLimitError	当前工坊使用次数已达上限
20203049	Theatre3WorkShopSrcSuitNotFoundError	当前工坊无法找到源套装
20203050	Theatre3EquipIdError	装备ID错误
20203051	Theatre3WorkShopDstSuitNotFoundError	当前工坊无法找到目标套装
20203052	Theatre3WorkShopSrcEquipNotFoundError	当前工坊无法找到源装备
20203053	Theatre3WorkShopDstSuitFullError	当前工坊的目标套装已满
20203054	Theatre3CurStepOverdueError	当前步骤过期
20203055	Theatre3ExtraWaveGroupNoExist	额外战斗波次不存在
20203056	Theatre3ItemLimitError	该物品已超出上限
20203057	Theatre3EquipCfgNotFoundError	装备数据不存在
20203058	Theatre3SelectEquipCountError	选择装备次数超出上限
20203059	Theatre3RebootCfgNotExist	不存在复活配置
20203060	Theatre3RebootLimit	复活次数超出上限
20203061	Theatre3BattlePassIdNotFind	奖励id不存在
20203062	Theatre3BattlePassExpInsufficient	当前奖励需要的值不足
20203063	Theatre3BattlePassNotReward	一键领取没有东西可以领取
20203064	Theatre3StrengthIdNotFind	天赋树id不存在
20203065	Theatre3StrengthIdExists	天赋树id已解锁
20203066	Theatre3StrengthIdPreNotUnlock	前置潜质未解锁
20203067	Theatre3DestinyCharacterInvalid	20203065天选角色无效
20203068	Theatre3RewardIsGet	20203066成就奖励已领取
20203069	Theatre3AchievementNeedCountNotEnough	20203067未达成领取条件
20203070	Theatre3EquipCannotQubit	20203068该装备不可量子化
20203071	Theatre3QubitEquipCannotRecast	20203069量子化装备不可重铸
20203072	Theatre3SuitQubitCannotRepeat	20203070该装备已量子化
20203073	Theatre3ParallelSwitchClose	20203071平行线切换已关闭
20203074	Theatre3ParallelChapterNotExist	20203072不存在平行章节
20203075	Theatre3NodeSelected	20203073节点已选定
20203076	Theatre3QubitValueNotEnough	20203074量子值不足
20203077	Theatre3EquipBoxCostRefreshMax	刷新次数不足
20203078	Theatre3ItemGroupConfigNotExist	不存在道具组配置
20203079	Theatre3FireNumNotEnough	未解锁
20203080	Theatre3PassFightNodeCheckFailed	20203078未通关指定战斗节点
20204001	TurntableActivityNotOpen	20204001活动未开启
20204002	TurntableActivityCfgNotExist	20204002未找到活动配置
20204003	TurntableTurntableCfgNotFound	20204003未找到转盘配置
20204004	TurntableDrawTimesError	20204004抽取次数错误
20204005	TurntableDrawGainAllReward	20204005已获取所有奖励
20204006	TurntableActivityRewardCfgNotExist	20204006未找到活动奖励配置
20205001	CheatCommandIsNull	20205001指令不能为空
20205002	CheatCommandNotFound	20205002找不到对应指令
20205003	CheatPlayerOfflineOrNotExist	20205003玩家不在线或不存在
20206001	BlackRockChessActivityNotOpen	活动未开启
20206002	BlackRockChessActivityCfgNotExist	未找到活动配置
20206003	BlackRockChessStageCfgNotExist	未找到关卡配置
20206004	BlackRockChessChapterNotFound	未找到关卡对应章节
20206005	BlackRockChessChapterCfgNotExist	未找到章节配置
20206006	BlackRockChessChapterNotOpen	章节未开放
20206007	BlackRockChessActivityNotRelateChapter	活动尚未关联章节
20206008	BlackRockChessStageNotRelateChapter	关卡尚未关联章节
20206009	BlackRockChessInfoNotExist	对局数据不存在
20206010	BlackRockChessStageIdNotMatch	关卡id不一致
20206011	BlackRockChessLayoutCfgNotExist	未找到布局配置
20206012	BlackRockChessPieceNotExist	棋子不存在
20206013	BlackRockChessPieceMoveIllegal	棋子移动非法
20206014	BlackRockChessCharacterMoveIllegal	角色移动非法
20206015	BlackRockChessCharacterNotExist	角色不存在
20206016	BlackRockChessWeaponCfgNotExist	未找到武器配置
20206017	BlackRockChessWeaponNotExist	未拥有武器
20206018	BlackRockChessActionParamsError	行动参数错误
20206019	BlackRockChessPieceMoveInCd	棋子移动cd不为0
20206020	BlackRockChessRoundError	回合数校验失败
20206021	BlackRockChessSkillNotExist	未拥有技能
20206022	BlackRockChessSkillCfgNotExist	未找到技能配置
20206023	BlackRockChessCharacterAttackIllegal	角色攻击非法
20206024	BlackRockChessEnergyNotEnough	能量不足
20206025	BlackRockChessCannotSwitchWeapon	不能更换武器
20206026	BlackRockChessAttackOutOfRange	角色攻击超出射程
20206027	BlackRockChessPassiveSkillCannotAttack	不能使用被动技能攻击
20206028	BlackRockChessNotPassiveSkill	使用技能不是被动技能
20206029	BlackRockChessDizzyPieceCannotAction	眩晕棋子不可行动
20206030	BlackRockChessActionTimesNotEnough	角色行动次数不足
20206031	BlackRockChessCharacterFailed	角色已被击败
20206032	BlackRockChessReinforceCfgNotExist	未找到增援配置
20206033	BlackRockChessReinforceNotExist	增援不存在
20206034	BlackRockChessReinforcePreviewInCd	增援预告cd中
20206035	BlackRockChessReinforceSummonLimit	增援超出召唤上限
20206036	BlackRockChessPieceCfgNotExist	未找到棋子配置
20206037	BlackRockChessReinforceTriggerInCd	增援出现cd中
20206038	BlackRockChessReinforcePreviewNotExist	增援预告不存在
20206039	BlackRockChessStageIsEnd	对局已经结束
20206040	BlackRockChessConditionError	条件不满足
20206041	BlackRockChessCharacterDead	角色已死亡
20206042	BlackRockChessCharacterAlive	角色未死亡
20206043	BlackRockChessPromotionPieceError	升变棋子错误
20206044	BlackRockChessOriginalPieceNotExist	升变原棋子不存在
20206045	BlackRockChessPromotionLocationError	未到达棋盘底部
20206046	BlackRockChessCharacterReviveBlocked	角色复活位置被阻挡
20206047	BlackRockChessCannotConvert	棋子不可转化
20206048	BlackRockChessTransPieceError	转化棋子错误
20206049	BlackRockChessTransPieceNotExist	转化原棋子不存在
20206050	BlackRockChessOriginalPieceAlive	挂载棋子未死亡
20206051	BlackRockChessOriginalPieceDead	挂载棋子已死亡
20206052	BlackRockChessLocationBlocked	当前位置被阻挡
20206053	BlackRockChessSummonPieceError	召唤棋子错误
20206054	BlackRockChessCannotSummon	棋子不可召唤
20206055	BlackRockChessBuffParamsError	buff参数错误
20206056	BlackRockChessOutOfChessBoardRange	超出棋盘范围
20206057	BlackRockChessFormationNotExist	布局数据不存在
20206058	BlackRockChessActionOrderError	行动顺序错误
20206059	BlackRockChessSettleConditionError	结算条件不满足
20206060	BlackRockChessStarRewardCfgNotExist	未找到星级奖励配置
20206061	BlackRockChessKingNotExist	国王不存在
20206062	BlackRockChessConditionNotFinish	条件未达成
20206063	BlackRockChessReinforcePieceIllegal	增援棋子不匹配
20206064	BlackRockChessBuffCfgNotExist	未找到buff配置
20206065	BlackRockChessRetractTimesLimit	悔棋次数已达上限
20206066	BlackRockChessPreInfoNotExist	悔棋数据不存在
20206067	BlackRockChessCharacterCfgNotExist	未找到角色配置
20206068	BlackRockChessAssistantCharacterNotExist	协助角色不存在
20206069	BlackRockChessAssistantCharacterNotSummon	协助角色未召唤
20206070	BlackRockChessCharacterIdNotExist	角色id不存在
20206071	BlackRockChessSkillIsInCd	技能cd中
20206072	BlackRockChessAssistantOutOfRange	协助攻击超出射程
20206073	BlackRockChessCharacterSkillCfgNotExist	未找到角色技能配置
20206074	BlackRockChessCharacterSkillNotExist	角色未拥有该技能
20206075	BlackRockChessCannotAssistKill	棋子不可被支援斩杀
20206076	BlackRockChessSummonPieceLimit	超出召唤次数
20206077	BlackRockChessCharacterSkillCfgError	角色技能配置错误
20206078	BlackRockChessSkillCfgError	技能配置错误
20206079	BlackRockChessAttackTimesError	攻击次数错误
20206080	BlackRockChessCharacterTypeIllegal	角色类型非法
20206081	BlackRockChessAssistantCharacterAlreadySummon	协助角色已召唤
20206082	BlackRockChessRandomNodeGroupNotExist	随机节点组不存在
20206083	BlackRockChessNodeGroupCfgNotExist	节点组配置不存在
20206084	BlackRockChessFightNodeCfgNotExist	战斗节点配置不存在
20206085	BlackRockChessRankInvalidRankId	排行榜标识错误
20206086	BlackRockChessShopDataNotExist	商店数据不存在
20206087	BlackRockChessShopCfgNotExist	商店配置不存在
20206088	BlackRockChessShopNoRefreshTimes	刷新次数不足
20206089	BlackRockChessCoinNotEnough	货币不足
20206090	BlackRockChessShopGoodsCfgNotExist	商品配置不存在
20206091	BlackRockChessGoodsNotEnough	商品数量不足
20206092	BlackRockChessGoodsStockNotExist	商品库存不存在
20206093	BlackRockChessShopGoodsIndexNotExist	商店栏位不存在
20206094	BlackRockChessGoodsTypeIllegal	商品类型非法
20206095	BlackRockChessBuyGoodsCountError	购买商品数量错误
20206096	BlackRockChessShopNotFinish	商店未结束
20206097	BlackRockChessPartnerPieceLimit	友方棋子获得上限
20206098	BlackRockChessPartnerPieceNotExist	布阵棋子不存在
20206099	BlackRockChessPartnerPieceLocationError	布阵棋子位置错误
20206100	BlackRockChessPartnerPieceCfgNotExist	友方棋子配置不存在
20206101	BlackRockChessPieceMemberAlreadyExist	布阵棋子已上阵
20206102	BlackRockChessPartnerLayoutIsNull	布阵棋子为空
20206103	BlackRockChessPartnerLayoutCountLimit	友方棋子上阵上限
20206104	BlackRockChessPartnerPieceLevelMapNotExist	友方棋子升级配置不存在
20206105	BlackRockChessLayoutPieceLocationRepeat	布阵棋子位置重复
20206106	BlackRockChessPartnerPieceMaxLevelZero	友方棋子最大等级为0
20206107	BlackRockChessActionObjTypeError	同步对象类型错误
20206108	BlackRockChessActionTypeError	同步操作类型错误
20206109	BlackRockChessAttackTargetError	棋子进攻目标错误
20206110	BlackRockChessCharacterCannotMoveAttack	角色不能移动攻击
20206111	BlackRockChessWeaponSkillCdCfgNotExist	武器技能cd配置不存在
20206112	BlackRockChessPartnerLayoutPositionIllegal	布阵棋子位置非法
20206113	BlackRockChessBossNotExist	Boss不存在
20206114	BlackRockChessBossMoveIllegal	Boss移动非法
20206115	BlackRockChessBossAttackLocationError	Boss攻击位置错误
20206116	BlackRockChessBossWeaponTypeError	Boss武器类型错误
20206117	BlackRockChessBossDizzyCatnotAction	Boss眩晕不能行动
20206118	BlackRockChessInDelayRoundCannotAction	延迟回合内不能行动
20206119	BlackRockChessDelaySkillNotExist	延迟技能不存在
20206120	BlackRockChessPartnerPieceError	备战席棋子错误
20207001	ConnectingLineActivityNotOpen	20207001活动暂未开放
20207002	ConnectingLineStageLock	20207002当前关卡未解锁
20207003	ConnectingLineStageUnlockAlready	20207003当前关卡已解锁
20207004	ConnectingLineStageNotComplete	20207004当前关卡未完成
20207005	ConnectingLineStageAward	20207005当前关卡已领奖
20207006	ConnectingLineStageConfigNotExist	20207006当前关卡配置不存在
20207007	ConnectingLineActivityConfigNotExist	20207007当前活动配置不存在
20207008	ConnectingLineChapterConfigNotExist	20207008当前章节配置不存在
20207009	ConnectingLineChapterNotInTime	20207009当前章节不在开放时间中
20208001	RogueSimActivityNotOpen	活动暂未开放
20208002	RogueSimNotInGameTime	活动不在可游玩时间内
20208003	RogueSimStageNotStart	关卡未开始
20208004	RogueSimStagePreNotFinished	前置关卡未完成
20208005	RogueSimActivityConfigNotExist	当前活动配置不存在
20208006	RogueSimStageConfigNotExist	当前关卡配置不存在
20208007	RogueSimAreaConfigNotExist	区域配置不存在
20208008	RogueSimAreaGridConfigNotExist	格子配置不存在
20208009	RogueSimTokenConfigNotExist	信物配置不存在
20208010	RogueSimMainLevelConfigNotExist	主城等级配置不存在
20208011	RogueSimBuildingConfigNotExist	建筑配置不存在
20208012	RogueSimBuildingBluePrintConfigNotExist	建筑蓝图配置不存在
20208013	RogueSimCityConfigNotExist	城邦配置不存在
20208014	RogueSimCommodityConfigNotExist	货物配置不存在
20208015	RogueSimResourceConfigNotExist	资源配置不存在
20208016	RogueSimLandformConfigNotExist	地貌配置不存在
20208017	RogueSimLandformRewardConfigNotExist	地貌奖励配置不存在
20208018	RogueSimBuffConfigNotExist	Buff配置不存在
20208019	RogueSimEffectConfigNotExist	Effect配置不存在
20208020	RogueSimEventConfigNotExist	Event配置不存在
20208021	RogueSimEventOptionConfigNotExist	Event选项配置不存在
20208022	RogueSimTaskConfigNotExist	任务配置不存在
20208023	RogueSimTaskRandomGroupConfigNotExist	任务随机组配置不存在
20208024	RogueSimVolatilityConfigNotExist	市场波动配置不存在
20208025	RogueSimRewardConfigNotExist	奖励配置不存在
20208026	RogueSimRewardGroupConfigNotExist	奖励组配置不存在
20208027	RogueSimRewardGroupWeightConfigNotExist	奖励组权重配置不存在
20208028	RogueSimRewardDropConfigNotExist	奖励掉落配置不存在
20208029	RogueSimTechConfigNotExist	科技配置不存在
20208030	RogueSimTechLevelConfigNotExist	科技等级配置不存在
20208031	RogueSimPropConfigNotExist	道具配置不存在
20208032	RogueSimAreaRandomGroupConfigNotExist	区域随机配置不存在
20208033	RogueSimAreaGridRandomGroupIdNotExist	格子随机组配置不存在
20208034	RogueSimMapBuildMapFailed	存在无效配置，生成地图失败
20208035	RogueSimMapCacheNotInit	地图缓存未初始化
20208036	RogueSimMapCacheAreaNotFound	地图缓存未找到区域
20208037	RogueSimMapGetUnlockAreaIdIsEmpty	地图无解锁区域
20208038	RogueSimMapGridNotInExploreRange	地图格子不在可探索范围内
20208039	RogueSimMapAddVisiGridsEmpty	地图增加可见格子列表为空
20208040	RogueSimMapAddVisiByTypeParamsEmpty	地图增加地貌可见格子参数列表为空
20208041	RogueSimMapAddVisiByTypeNoUnlockAreaIdx	地图增加地貌可见格子无解锁区域索引
20208042	RogueSimMapAddVisiByTypeNotSupportLandformType	地图增加地貌可见格子不支持的地貌
20208043	RogueSimMapAddVisiByAreaInvalidIdx	地图增加区域可见格子无效的区域索引
20208044	RogueSimMapAddVisiByAreaInvalidId	地图增加区域可见格子无效的区域Id
20208045	RogueSimMapOnCityAreaLvUpInvalidGridId	地区城邦区域升级无效的格子Id
20208046	RogueSimMapOnCityAreaLvUpInvalidAreaId	地区城邦区域升级无效的区域Id
20208047	RogueSimMainLevelMax	主城已达到最大等级
20208048	RogueSimResourceLack	资源不足
20208049	RogueSimNotEnoughCost	所需消耗不足
20208050	RogueSimItemCostParamsError	物品消耗参数错误
20208051	RogueSimItemAddParamsError	物品增加参数错误
20208052	RogueSimProducePlanPopulationNotMatch	生产货物计划与生产力不匹配
20208053	RogueSimCommodityPlanSellCountInvalid	货物出售数量错误
20208054	RogueSimCommodityPlanSellPresetCountInvalid	货物出售预设数量错误
20208055	RogueSimCommodityPlanProducePlanIsEmpty	货物产出参数为空
20208056	RogueSimCommodityPlanPopulationNotMatch	货物产出生产力数量错误
20208057	RogueSimCommodityPlanTotalPopulationNotMatch	货物产出总生产力数量错误
20208058	RogueSimCityNotExist	城邦不存在
20208059	RogueSimCityCanNotAdd	该区域不允许添加城邦
20208060	RogueSimItemTypeNotExist	资源类型不存在
20208061	RogueSimGridNotExplore	该区域未探索
20208062	RogueSimActionPointNotEnough	行动点数不足
20208063	RogueSimInvalidEffectType	无效的效果类型
20208064	RogueSimEventUnRepeatable	该事件不能重复
20208065	RogueSimEventAddNotAllow	该事件不允许添加
20208066	RogueSimEventNotExist	事件不存在
20208067	RogueSimEventGambleNotExist	事件投机不存在
20208068	RogueSimEventGambleNotReady	事件投机未到回合数
20208069	RogueSimPropUnRepeatable	该道具不能重复
20208070	RogueSimRewardGroupGuaranteeError	奖励组配置错误
20208071	RogueSimRewardTypeError	奖励类型错误
20208072	RogueSimTechNotActive	科技树未激活
20208073	RogueSimKeyTechLevelUnlockAlready	当前等级关键科技已全部解锁
20208074	RogueSimKeyTechUnlockLimit	当前激活科技数量已达到上限
20208075	RogueSimKeyTechNotInclude	当前等级不包含科技
20208076	RogueSimKeyTechUnlockAlready	科技已解锁
20208077	RogueSimKeyTechLevelLimit	科技等级不足
20208078	RogueSimKeyTechPreUnlockLimit	前置科技未解锁
20208079	RogueSimAreaNotUnlock	区域未解锁
20208080	RogueSimTurnSettleHasUndoneEvent	存在必须完成的事件
20208081	RogueSimTurnSettleMainLevelUpExist	主城可升级，需处理
20208082	RogueSimTurnSettleCityLevelUpExist	城邦可升级，需处理
20208083	RogueSimBuildingAddNotAllow	该建筑不允许添加
20208084	RogueSimEventOptionNotMatch	事件选项不匹配
20208085	RogueSimTaskFinishDataOrConfigIsNull	完成任务数据或配置不存在
20208086	RogueSimTaskFinishInvalidState	完成任务无效的状态
20208087	RogueSimBuildBuildingDataExist	建筑建造格子已存在建筑
20208088	RogueSimBuildBuildingLandformTypeNotMatch	建筑建造地貌不匹配
20208089	RogueSimBuildingAddAndBuyRewardEmpty	建筑探索并购买后奖励为空
20208090	RogueSimBuildingAddAndBuyRewardNotPick	建筑探索并购买后奖励未领取
20208091	RogueSimBuildingAddAndBuyDataNotFound	建筑探索并购买后数据不存在
20208092	RogueSimBuildingGetRewardDataNotFound	建筑奖励未找到建筑
20208093	RogueSimBuildingGetRewardNoReward	建筑奖励无可领奖励
20208094	RogueSimVolatilityRandomError	波动随机异常
20208095	RogueSimConditionNotFinish	条件未达成
20208096	RogueSimGridWasExplored	区域已探索
20208097	RogueSimExploreAreaStateNotMatch	区域未解锁
20208098	RogueSimIllustrateConfigNotExist	图鉴配置不存在
20208099	RogueSimAreaDataNotExist	区域数据不存在
20208100	RogueSimUnlockAreaStateNotMatch	解锁区域状态不匹配
20208101	RogueSimLoadMapAreaIdRepeated	加载地图区域Id重复
20208102	RogueSimCityTaskNotFinished	城邦任务未完成
20208103	RogueSimCityLevelMax	城邦等级已达到最大等级
20208104	RogueSimTemporaryBagEmpty	临时背包为空
20208105	RogueSimTemporaryBagInvalidRewardType	临时背包无效奖励类型
20209001	KotodamaActivityNotOpen	20209001活动未开启
20209002	KotodamaActivityCfgNotExist	20209002未找到活动配置
20209003	KotodamaStageCfgNotExist	20209003未找到关卡配置
20209004	KotodamaFightCharacterInvalid	20209004上阵成员非法
20209005	KotodamaStageNotOpen	20209005关卡未开放
20209006	KotodamaSentencePatternCfgNotExist	20209006未找到句式配置
20209007	KotodamaSentenceCfgNotExist	20209007未找到句子配置
20209008	KotodamaWordCfgNotExist	20209008未找到词配置
20209009	KotodamaPhraseCfgNotExist	20209009未找到词组配置
20209010	KotodamaCharacterGroupCfgNotExist	20209010未找到角色组配置
20209011	KotodamaSentencePatternIllegal	20209011句式不是关卡指定句式
20209012	KotodamaWordNotInSentencePattern	20209012选词不在句式词组内
20209013	KotodamaCannotSpellSentence	选择的词语无法组成正确的句子
20209014	KotodamaFightRobotInvalid	20209014上阵机器人非法
20209015	KotodamaSpellSentenceNotExist	20209015拼句不存在
20209016	KotodamaStageIdError	20209016关卡id错误
20209017	KotodamaNotSpellAllStageSentences	20209017未满足关卡所有句式
20209018	KotodamaConditionNotFinish	20209018条件未达成
20209019	KotodamaWordIsLockWithoutDeleteSentence	20209019没有删除句式，无法解锁
20209020	KotodamaWordIsLockWithoutSentences	20209020句式不存在，无法解锁
20209021	KotodamaSentenceCannotDeleteWithoutArtifact	20209021没有删除句式神器，无法删除句式
20209022	KotodamaCannotDeleteWithoutSentences	20209022句式不存在，无法删除
20209023	KotodamaSentenceNotAllowDelete	20209023句式不允许被删除
20209024	KotodamaStageNotUnlock	20209024关卡未解锁
20210001	FangKuaiActivityNotOpen	活动暂未开放
20210002	FangKuaiInvalidActivityId	无效活动Id
20210003	FangKuaiInvalidStageId	无效关卡Id
20210004	FangKuaiPrevStageNotFinish	前置关卡未完成
20210005	FangKuaiStageNotFinished	存在未完成关卡
20210006	FangKuaiStageNotStart	关卡未开始
20210007	FangKuaiItemInvalidIdx	道具无效索引
20210008	FangKuaiItemInvalidId	道具无效道具Id
20210009	FangKuaiStageOutOfTime	关卡不在开启时间
20210010	FangKuaiStageGroupOutOfTime	关卡组不在开启时间
20210011	FangKuaiInvalidSyncOperatorData	非法数据
20210012	FangKuaiInvalidInvalidSettleType	非法结算类型
20210013	FangKuaiSyncRoundError	同步数据轮数错误
20210014	FangKuaiSyncPointError	同步数据积分错误
20210015	FangKuaiSyncBlockIdError	同步数据方块Id错误
20210016	FangKuaiSyncBlockTypeError	同步数据方块类型错误
20210017	FangKuaiSyncBlockPositionError	同步数据方块坐标错误
20210018	FangKuaiSyncBlockItemError	同步数据方块道具错误
20210019	FangKuaiSyncBlockHitCountError	同步数据方块受击次数错误
20210020	FangKuaiSyncBlockColorError	同步数据方块颜色错误
20210021	FangKuaiSyncFrozenCountError	同步数据方块冰冻次数错误
20210022	FangKuaiSyncDropCountError	同步数据方块掉落次数错误
20210023	FangKuaiSyncDropCdError	同步数据方块掉落CD错误
20210024	FangKuaiItemSlotAlreadyHasItem	道具槽位已经有道具
20210025	FangKuaiItemSlotNotItem	道具槽位没有道具
20210026	FangKuaiConfigError	配置错误
20210027	FangKuaiFrenzyStageOverMaxLimit	20210027方块-狂热阶段超过最大限制
20210028	FangKuaiFrenzyError	20210028方块-狂热值增长异常
20210029	FangKuaiFrenzyEnhanceOverMaxLimit	20210029方块-狂热能量超过最大限制
20210030	FangKuaiNotFrenzyStageUseFrenzyItem	20210030方块-非狂热阶段使用狂热道具
20210031	FangKuaiSyncPointOverLimitError	20210031方块-积分超出限制
20210032	FangKuaiSyncRoundLimitError	20210032方块-回合超出限制
20210033	FangKuaiFrenzyHistorySyncError	20210033狂热同步异常
20211001	TempleFairActivityNotOpen	新岁游园-活动暂未开放
20211002	TempleFairCurDataError	新岁游园-玩家当前关卡进行中数据错误
20211003	TempleFairStageNotOpen	新岁游园-关卡未开启
20211004	TempleFairStageIsInProgress	新岁游园-关卡进行中
20211005	TempleFairStageConfigNotFound	新岁游园-关卡找不到配置
20211006	TempleFairSyncDataError	新岁游园-同步数据错误
20211007	TempleFairSettleDataError	新岁游园-结算数据错误
20212001	LinkCraftActivityNotOpen	活动暂未开启
20212002	LinkCraftActivityCfgNotExist	未找到活动配置
20212003	LinkCraftChapterCfgNotExist	未找到章节配置
20212004	LinkCraftStageCfgNotExist	未找到关卡配置
20212005	LinkCraftLinkCfgNotExist	未找到链接配置
20212006	LinkCraftChapterIsLock	章节未解锁，请通关前置关卡
20212007	LinkCraftRobotNotExist	试用角色不存在
20212008	LinkCraftLinkIsLock	链接未解锁
20212009	LinkCraftSkillIsLock	技能未解锁，无法装配
20212010	LinkCraftSkillNotMatchLink	技能与链条不匹配
20212011	LinkCraftPreStageNotPass	暂未通过前置关卡
20212012	LinkCraftStageNotMatchActivity	当前活动不存在该关卡
20212013	LinkCraftSkillPosInvaild	技能位置无效，请重新编辑
20213001	ChatBoardInvalidId	20213001聊天框-无效的Id
20213002	ChatBoardNotFound	20213003聊天框-尚未获得
20213003	ChatBoardAlreadyExist	20213004聊天框-已经存在
20213004	ChatBoardIsExpired	20213004聊天框-已经过期
20214001	MuralShareActivityNotOpen	活动暂未开放
20214002	MuralSharePaintingConfigNotExist	画卷配置不存在
20214003	MuralSharePaintingUnlockAllReady	画卷已解锁
20214004	MuralShareRewardAllReady	分享奖励已领取
20214005	MuralShareActivityConfigNotExist	活动配置不存在
20214006	MuralSharePanintingRewardAllReady	画卷解锁奖励已领取
20214007	MuralShareRewardConfigNotExist	奖励配置不存在
20214008	MuralSharePaintingUnclockNumNotEnough	未达到画卷解锁数量要求
20214009	MuralSharePaintingLock	画卷未解锁
20215001	BossInshotActivityNotOpen	活动未开启
20215002	BossInshotActivityCfgNotExist	未找到活动配置
20215003	BossInshotStageCfgNotExist	未找到关卡配置
20215004	BossInshotBossCfgNotExist	未找到boss配置
20215005	BossInshotStageNotChose	未选择关卡难度
20215006	BossInshotFightRobotInvalid	上阵机器人非法
20215007	BossInshotFightCharacterInvalid	上阵成员非法
20215008	BossInshotFightCharacterRepeat	上阵成员重复
20215009	BossInshotNeedPassTeachStageFirst	请先通关教学关
20215010	BossInshotRoleDataNotFind	角色数据不存在
20215011	BossInshotFightRobotCfgNotExist	未找到机器人配置
20215012	BossInshotCharacterCfgNotExist	未找到角色配置
20215013	BossInshotFightPositionNumUpperLimit	上阵人数超过上限
20215014	BossInshotCharacterTalentIsLock	角色天赋未解锁
20215015	BossInshotBossIsLock	boss未解锁
20215016	BossInshotEventNotFound	该技能不存在
20215017	BossInshotTalentMoreThanMaxSlot	超过技能槽最大数量
20215018	BossInshoRankInvalidRankId	20215018排行榜标识错误
20216001	MechanismActivityNotOpen	20216001活动未开启
20216002	MechanismActivityCfgNotExist	20216002未找到活动配置
20216003	MechanismStageCfgNotExist	20216003未找到关卡配置
20216004	MechanismChapterNotFound	20216004未找到关卡对应章节
20216005	MechanismChapterCfgNotExist	20216005未找到章节配置
20216006	MechanismChapterNotOpen	20216006章节未开放
20216007	MechanismCharacterCfgNotExist	20216007未找到角色配置
20216008	MechanismChapterCharacterLimit	20216008当前章节不可上阵角色
20216009	MechanismRepeatedCharacter	20216009不能存在相同的上阵角色
20217001	LineArithmeticActivityNotOpen	20217001活动暂未开放
20217002	LineArithmeticCurDataError	20217002玩家当前关卡进行中数据错误
20217003	LineArithmeticChapterNotOpen	20217003章节未开启
20217004	LineArithmeticStageNotOpen	20217004关卡未开启
20217005	LineArithmeticStageIsInProgress	20217005关卡正在挑战中
20217006	LineArithmeticStageConfigNotFound	20217006关卡找不到配置
20217007	LineArithmeticSyncDataError	20217007同步数据错误
20217008	LineArithmeticSettleDataError	20217008结算数据错误
20217009	LineArithmeticNormalSettleFinishTargetCountError	20217009未完成任何目标不能直接结算
20217010	LineArithmeticGridInfoRecordNullError	20217010关卡操作记录为空
20217011	LineArithmeticGridInfoRecordCountError	20217011关卡操作记录数量异常
20217012	LineArithmeticActivityMaxGridCountError	20217012关卡最大格子数量配置获取错误
20217013	LineArithmeticGridInfoRecordPointCountError	20217013关卡操作记录操作格子数量异常
20217014	LineArithmeticStageMaxRecordCountError	20217014关卡最大可操作次数配置获取错误
20217015	LineArithmeticSettleNormalGridInfoError	20217015结算时操作记录值为空
20217016	LineArithmeticSettleReStartGridInfoError	20217016重置操作记录值异常
20218001	Theatre4ActivityNotOpen	寒境曙光-活动未开启
20218002	Theatre4MapSizeError	寒境曙光-地图尺寸数据错误
20218003	Theatre4MapDataNotExist	寒境曙光-找不到地图数据
20218004	Theatre4ChapterDataNotExist	寒境曙光-章节数据不存在
20218005	Theatre4ChapterFinish	寒境曙光-章节已完成
20218006	Theatre4PosInvaild	寒境曙光-位置无效
20218007	Theatre4PosExploreUnable	寒境曙光-位置无法探索
20218008	Theatre4PosNotInView	寒境曙光-位置未获得视野
20218009	Theatre4PosNotExplored	寒境曙光-位置未探索
20218010	Theatre4ActionPointNotEnough	寒境曙光-行动点不足
20218011	Theatre4FightConfigNotExist	寒境曙光-战斗配置不存在
20218012	Theatre4ProsperityNotEnough	寒境曙光-繁荣度不足
20218013	Theatre4FlowError	寒境曙光-流程错误
20218014	Theatre4DiffConfigNotExist	寒境曙光-难度配置不存在
20218015	Theatre4RebootCfgNotExist	寒境曙光-不存在复活配置
20218016	Theatre4AdventureNotStart	寒境曙光-冒险未开始
20218017	Theatre4InheritItemAlreadySelect	寒境曙光-已选择继承图纸
20218018	Theatre4InheritItemNotExist	寒境曙光-没有可继承的图纸
20218019	Theatre4NeedSelectInheritItem	寒境曙光-未选择继承图纸
20218020	Theatre4AffixConfigNotExist	寒境曙光-词缀配置不存在
20218021	Theatre4RecruitConfigNotExist	寒境曙光-招募配置不存在
20218022	Theatre4AffixSelectReady	寒境曙光-词缀已选择
20218023	Theatre4BluepringConfigError	寒境曙光-线路配置错误
20218024	Theatre4AffixCannotSelect	寒境曙光-当前无法选择词缀
20218025	Theatre4MapConfigNotExist	寒境曙光-地图配置不存在
20218026	Theatre4MapGroupConfigNotExist	寒境曙光-地图组配置不存在
20218027	Theatre4MapConfigError	寒境曙光-地图配置异常
20218028	Theatre4ShopNotExist	寒境曙光-商店不存在
20218029	Theatre4GoodsNotExist	寒境曙光-商品不存在
20218030	Theatre4GoodsNotEnough	寒境曙光-商品数量不足
20218031	Theatre4GoldNotEnough	寒境曙光-新苏菲亚币不足
20218032	Theatre4BuildPointNotEnough	寒境曙光-施工许可不足
20218033	Theatre4GridNotExist	寒境曙光-区域地格不存在
20218034	Theatre4GridIsDisabled	20218034格子已被摧毁
20218035	Theatre4ShopRefreshUnavailable	寒境曙光-刷新功能未开启
20218036	Theatre4NoRefreshTimes	寒境曙光-刷新次数不足
20218037	Theatre4DropError	寒境曙光-掉落异常
20218038	Theatre4DropRewardNotExist	寒境曙光-奖励不存在
20218039	Theatre4TransactionNotExist	寒境曙光-事务不存在
20218040	Theatre4CharacterConfigNotExist	寒境曙光-角色配置不存在
20218041	Theatre4CharacterStarConfigNotExist	寒境曙光-角色星级配置不存在
20218042	Theatre4ItemBoxGroupNotExist	寒境曙光-资料箱组不存在
20218043	Theatre4ItemBoxConfigNotExist	寒境曙光-资料箱配置不存在
20218044	Theatre4ItemBoxAddCountInvalid	寒境曙光-资料箱增加数量错误
20218045	Theatre4RewardTypeNotExist	寒境曙光-奖励类型不存在
20218046	Theatre4RewardNotExist	寒境曙光-奖励不存在
20218047	Theatre4RewardCanNotRepeat	寒境曙光-奖励不可重复领取
20218048	Theatre4ItemNotExist	寒境曙光-图纸不存在
20218049	Theatre4ItemNumLimit	寒境曙光-图纸数量达到上限
20218050	Theatre4EventNotExist	寒境曙光-事件不存在
20218051	Theatre4EventOptionNotExist	寒境曙光-事件选项不存在
20218052	Theatre4EventOptionStageScoreNotMatch	20218051事件选项关卡分数不满足
20218053	Theatre4ColorNotExist	寒境曙光-颜色不存在
20218054	Theatre4ColorLevelNotEnough	寒境曙光-颜色等级不足
20218055	Theatre4ColorResourceNotEnough	寒境曙光-颜色资源不足
20218056	Theatre4ColorPointNotEnough	寒境曙光-颜色支援点不足
20218057	Theatre4AssetNotEnough	寒境曙光-资源不足
20218058	Theatre4UnknowFightPos	寒境曙光-未知战斗位置
20218059	Theatre4TeamDataNotMatch	寒境曙光-队伍信息不匹配
20218060	Theatre4TeamDataInvalid	寒境曙光-无效的队伍数据
20218061	Theatre4TeamSameCharacter	寒境曙光-队伍角色重复
20218062	Theatre4TeamCaptainPosError	寒境曙光-队长位置错误
20218063	Theatre4StageNotMatch	寒境曙光-关卡不匹配
20218064	Theatre4GridNotFightNode	寒境曙光-当前位置非战斗节点
20218065	Theatre4BlueprinteConfigNotExist	寒境曙光-冒险线路配置不存在
20218066	Theatre4NoDiffMatchFateConfig	寒境曙光-没有难度匹配的时间轴配置
20218067	Theatre4TalentNotExist	寒境曙光-支援不存在
20218068	Theatre4SkillEffectInvalidId	寒境曙光-技能无效的效果Id
20218069	Theatre4SkillEffectNotExist	寒境曙光-技能效果不存在
20218070	Theatre4SkillEffectParamsInvalid	寒境曙光-技能效果参数错误
20218071	Theatre4SkillEffectTypeNotSupport	寒境曙光-技能效果类型不支持
20218072	Theatre4NoWaitItem	寒境曙光-没有待处理图纸
20218073	Theatre4SweepUnavailable	寒境曙光-代理作战功能未开启
20218074	Theatre4CanNotSweep	寒境曙光-该节点不能代理作战
20218075	Theatre4GoldLack	寒境曙光-新苏菲亚币不足
20218076	Theatre4MonsterGroupNotExist	寒境曙光-怪物组配置不存在
20218077	Theatre4MonsterNotFind	寒境曙光-怪物配置不存在
20218078	Theatre4ResourceLack	寒境曙光-资源不足
20218079	Theatre4ApLack	寒境曙光-行动点不足
20218080	Theatre4ReplaceItemNotExist	寒境曙光-替换图纸不存在
20218081	Theatre4ConditionNotFinish	寒境曙光-条件未达成
20218082	Theatre4RefreshTimesLimit	寒境曙光-刷新次数已达上限
20218083	Theatre4TalentSlotConfigNotExist	寒境曙光-支援栏位配置不存在
20218084	Theatre4TalentSlotDataError	寒境曙光-支援数据异常
20218085	Theatre4ActivityConfigError	寒境曙光-活动配置异常
20218086	Theatre4NotFighting	寒境曙光-不在战斗中
20218087	Theatre4RebootLimit	寒境曙光-重置次数已达上限
20218088	Theatre4InFighting	寒境曙光-正在战斗中
20218089	Theatre4EffectForbiddenFightType	20218088该战斗类型禁止交战
20218090	Theatre4BuildingConfigNotExist	寒境曙光-建筑配置不存在
20218091	Theatre4BuildingNotAvailable	寒境曙光-建筑不可用
20218092	Theatre4BuildingCountLimited	寒境曙光-建筑数量超出限制
20218093	Theatre4BuildingGridIsNotEmpty	寒境曙光-建筑目标区域格子未完成
20218094	Theatre4DestroyBuildingGridIsNotBuilding	寒境曙光-格子上无待摧毁建筑
20218095	Theatre4ChangeGridInvalidColor	寒境曙光-改造格子颜色无效
20218096	Theatre4ChangeGridTypeTypeNotSupport	寒境曙光-待移除区域格子不为废墟
20218097	Theatre4EndingNotFound	寒境曙光-没有匹配的结局
20218098	Theatre4RewardTypeCanNotRecycling	寒境曙光-该奖励类型不能回收
20218099	Theatre4TechInvalidId	寒境曙光-当前支援无效
20218100	Theatre4TechAlreadyExist	寒境曙光-支援已解锁
20218101	Theatre4TechPreTechNotExist	寒境曙光-前置支援无效
20218102	Theatre4TechConditionNotSatisfied	寒境曙光-当前支援未满足解锁条件
20218103	Theatre4BattlePassInvalidId	寒境曙光-当前考核进度无效
20218104	Theatre4BattlePassExpNotEnough	寒境曙光-考核点数不足
20218105	Theatre4BattlePassRewardIsGot	寒境曙光-考核奖励已领取
20218106	Theatre4BattlePassNoAvailableReward	寒境曙光-无可领取考核奖励
20218107	Theatre4BattlePassInvalidGetRewardType	寒境曙光-无效的考核奖励类型
20218108	Theatre4PassChapterNotOperable	寒境曙光-无法操作已经通关的地图
20218109	Theatre4WaitItemNotExist	寒境曙光-未处理图纸不存在
20218110	Theatre4ConfirmRecruitInvalidIndex	寒境曙光-无效的招募索引
20218111	Theatre4ConfirmRecruitSelectedIndex	寒境曙光-选择过的招募索引
20218112	Theatre4ConfirmRecruitTimesLimited	寒境曙光-招募次数不足
20218113	Theatre4TracebackPointNotEnough	20218113回溯点不足
20218114	Theatre4TracebackConfigNotExist	20218114回溯配置不存在
20218115	Theatre4TracebackInvalidData	20218115回溯数据错误
20218116	Theatre4TracebackMapCanNotTraceback	20218116地图不可回溯
20219001	MainLine2ActivityNotOpen	20219001活动未开启
20219002	MainLine2StageNotFind	20219002关卡数据不存在
20219003	MainLine2ChapterNotFind	20219003章节数据不存在
20219004	MainLine2TreasureNotFind	20219004章节通关奖励数据不存在
20219005	MainLine2ChapterAchievementNotFind	20219005章节成就奖励数据不存在
20219006	MainLine2ChapterAchievementIsGet	20219006章节成就奖励已经领取
20219007	MainLine2MainConfigNotFind	20219007章节主线配置不存在
20219008	MainLine2MainRewardContReceive	20219008章节成就奖励条件不满足
20219009	MainLine2MainCantGetChapterReward	20219009章节通关奖励无法领取 已存在唯一总章节奖励
20219010	MainLine2CommanderRobotNotMatch	20219010指挥官不匹配
20219011	MainLine2RobotNotMatch	20219011机器人不匹配
20219012	MainLine2ChapterEggNotFound	20219012章节彩蛋数据不存在
20219013	MainLine2MainEggsTreasureRewardConditionReceive	20219013章节彩蛋奖励条件不满足
20219014	MainLine2EggsTreasureNotFound	20219014彩蛋配置数据不存在
20219015	MainLine2EggsTreasureHaveGotten	20219015彩蛋奖励奖励已经领取
20220001	SucceedBossActivityNotOpen	20220001活动未开启
20220002	SucceedBossActivityCfgNotExist	20220002未找到活动配置
20220003	SucceedBossChapterCfgNotExist	20220003未找到章节配置
20220004	SucceedBossPreChapterNotPass	20220004前置章节未通过
20220005	SucceedBossElementCfgNotExist	20220005未找到弱点属性配置
20220006	SucceedBossMonsterCfgNotExist	20220006未找到怪物配置
20220007	SucceedBossMonsterGroupCfgNotExist	20220007未找到怪物组配置
20220008	SucceedBossStageIndexOut	20220008超出章节关卡数量
20220009	SucceedBossMonsterLevelCfgNotExist	20220009未找到怪物等级配置
20220010	SucceedBossCannotChangeChapter	20220010已通关不可更换章节
20220011	SucceedBossCannotChangeElement	20220011已通关不可更换属性
20220012	SucceedBossStageIdNotMatch	20220012关卡id不匹配
20220013	SucceedBossChapterElementNotSelect	20220013章节弱点属性未选择
20220014	SucceedBossFirstStageSetTeamOnly	20220014首关才允许设置队伍
20220015	SucceedBossTeamCharacterRepeat	20220015队伍角色重复
20220016	SucceedBossTeamCaptainPosNotSet	20220016未设置队长位
20220017	SucceedBossTeamFirstFightPosNotSet	20220017未设置首发位
20220018	SucceedBossTeamCaptainIsDefend	20220018队长已驻守
20220019	SucceedBossTeamFirstFightIsDefend	20220019首发已驻守
20220020	SucceedBossMonsterBeSelected	20220020怪物已被选择
20220021	SucceedBossBattleInfoIsNull	20220021未选择章节
20220022	SucceedBossStageNotSelectMonster	20220022未选择怪物
20220023	SucceedBossChapterIdNotMatch	20220023不是当前进行中章节
20220024	SucceedBossStageIsAlreadyPass	20220024该关卡已通关
20220025	SucceedBossStageAlreadyDefend	20220025已驻守角色不可操作
20220026	SucceedBossPreStageNotDefend	20220026前置关卡未驻守角色不可操作
20220027	SucceedBossTeamInfoIsNull	20220027未设置队伍
20220028	SucceedBossTeamCharacterCountError	20220028队伍人数不满足条件
20220029	SucceedBossRobotIllegal	20220029机器人非法
20220030	SucceedBossDefendCharacterIsEmpty	20220030驻守角色为空
20220031	SucceedBossStageNotFinish	20220031关卡未通关
20220032	SucceedBossDefendCharacterIllegal	20220032不是队伍中的角色
20220033	SucceedBossStageCannotSweep	20220033关卡不可扫荡
20220034	SucceedBossMonsterNotPass	20220034怪物未通关
20220035	SucceedBossMonsterLevelUnlock	20220035怪物难度未解锁
20220036	SucceedBossCharacterIsDefend	20220036角色已驻守
20220037	SucceedBossDefaultSelectMonsterNotExist	20220037没有默认怪物
20220038	SucceedBossDefendCharacterCountError	20220038只能驻守一个角色
20220039	SucceedBossChapterNotOpen	20220039章节不在开放时间内
20230001	Temple2ActivityNotOpen	活动暂未开放
20230002	Temple2StageNotOpen	关卡未开启
20230003	Temple2StageNotStart	关卡未开始
20230004	Temple2StageIsInProgress	关卡进行中
20230005	Temple2StageConfigNotFound	关卡找不到配置
20230006	Temple2PreStageNotFinish	前置关卡未完成
20230007	Temple2InvalidCharacter	选择非法角色
20230008	Temple2StartDataError	20230008开始数据错误
20230009	Temple2ResetDataError	重置数据错误
20230010	Temple2SyncDataError	同步数据错误
20230011	Temple2SettleDataError	结算数据错误
20230012	Temple2RandomMapIdError	随机地图错误
20231001	BagOrganizeActivityNotOpen	20231001活动暂未开放
20231002	BagOrganizeStageNotOpen	20231002关卡未开启
20231003	BagOrganizeStageNotStart	20231003关卡未开始
20231004	BagOrganizeStageIsInProgress	20231004关卡进行中
20231005	BagOrganizeStageConfigNotFound	20231005关卡找不到配置
20231006	BagOrganizePreStageNotFinish	20231006前置关卡未完成
20231007	BagOrganizeResetDataError	20231007重置数据错误
20231008	BagOrganizeSettleDataError	20231008结算数据错误
20231009	BagOrganizeInvalidRankId	20231009排行榜标识异常
20232001	Game2048ActivityNotOpen	20232001活动暂未开放
20232002	Game2048StageNotOpen	20232002关卡未开启
20232003	Game2048StageIsNotEnter	20232003关卡未进入
20232004	Game2048StageNotFind	20232004关卡Id不存在
20232005	Game2048PreStageNotFinish	20232005前置关卡未开启
20232006	Game2048StageChapterNotFind	20232006关卡Id对应章节不存在
20232007	Game2048StepsInsufficient	20232007当前步数不足
20232008	Game2048GenerateGroupNotFind	20232008生成组找不到
20232009	Game2048MoveCheckError	20232009移动校验异常棋盘错误
20232010	Game2048BlockValueDiscrepancy	20232010移动校验地块数值不一致
20232011	Game2048BlockNotFind	20232011节点类型找不到
20232012	Game2048BlockPositionCheckError	20232012节点校验坐标不存在
20232013	Game2048BlockGridsIsEmpty	20232013节点移动后参数网格不能为空
20232014	Game2048BlockDispelError	20232014节点校验消除目标错误
20232015	Game2048BlockRelegateError	20232015节点校验降级目标错误
20232016	Game2048GameIsStart	20232016当前已经有正在进行的关卡
20232017	Game2048ItemConfigNotFind	20232017道具配置不存在
20232018	Game2048StageCantUseItem	20232018该关卡无法使用该道具
20232019	Game2048ItemInsufficient	20232019道具充能次数不足
20232020	Game2048BuffNotFind	20232020技能不存在
20232021	Game2048RewardNotFind	20232021奖励配置不存在
20232022	Game2048ItemChargeError	20232022道具进度异常
20232023	Game2048ConditionNotFinish	20232023条件不满足
20232024	Game2048BoardNotFind	20232024盘面配置不存在
20232025	Game2048InitializeCfgNotFind	20232025盘面初始化配置不存在
20232026	Game2048CanNotRandomBlock	20232026无法随机新方块
20232027	Game2048StageCfgBuffCountError	20232027关卡buff数量配置对应不上
20232028	Game2048StageScoreOverMax	20232028超过最大关卡分数
20232029	Game2048BlockCfgNoFound	20232029方块配置不存在
20233001	NonogramActivityNotOpen	20233001活动未开启
20233002	NonogramActivityCfgNotExist	20233002活动配置不存在
20233003	NonogramChapterCfgNotExist	20233003章节配置不存在
20233004	NonogramStageCfgNotExist	20233004关卡配置不存在
20233005	NonogramGridCfgNotExist	20233005格子配置不存在
20233006	NonogramPreChapterNotPass	20233006前置章节未通过
20233007	NonogramStageIdNotMatch	20233007不是当前进行中关卡
20233008	NonogramCanNotFindChapterData	20233008找不到章节数据
20233009	NonogramCanNotFindStageData	20233009找不到关卡数据
20233010	NonogramChapterIsNotOngoing	20233010章节不在进行中
20233011	NonogramStageNotStart	20233011关卡未开始
20233012	NonogramChapterCgIsUnlock	20233012章节CG已解锁
20233013	NonogramChapterIsOngoing	20233013章节已开始，不能重复开始
20233014	NonogramChapterIsSettle	20233014章节已结算，不能重复开始
20233015	NonogramGridIsNotComplete	20233015数织未完成
20233016	NonogramGridListIsNull	20233018格子数据为空
20233017	NonogramRemainTimeIllegal	20233019章节剩余时间非法
20233018	NonogramChapterIsUnlock	20233018章节已解锁
20233019	NonogramChapterCannotStart	20233019章节不可开始
20233020	NonogramRebrushChapterCgForbidden	20233020复刷章节不能解锁CG
20234001	BoardEffectActivityNotOpen	20234001活动未开启
20234002	BoardEffectActivityCfgNotExist	20234002活动配置不存在
20234003	BoardEffectTriggerInCd	20234003特效触发CD中
20235001	FpsGameActivityNotOpen	20235001活动未开启
20235002	FpsGameStageNotFind	20235002关卡找不到
20235003	FpsGameChapterNotFind	20235003章节找不到
20235004	FpsGameRewardNotFind	20235004奖励找不到
20235005	FpsGameChapterNotOpen	20235005章节未开启
20235006	FpsGameWeaponNotFind	20235006武器找不到
20235007	FpsGameWeaponNotUse	20235007武器不能选择
20235008	FpsGameWeaponNotUnlock	20235008武器未解锁
20235009	FpsGameStagePreStageNotFinish	20235009前置关卡未完成
20235010	FpsGameStageConditionNotFinish	20235010关卡条件未完成
20235011	FpsGameAssistNotIncludeOnlyUse	20235011关卡未包含强制使用助战角色
20235012	FpsGameAssistNotFind	20235012关卡助战角色找不到
20236001	WheelchairManualActivityNotOpen	活动未开启
20236002	WheelchairManualActivityIsClose	活动已经结束
20236003	WheelchairManualDataIsNull	活动数据为空
20236004	WheelchairManualActivityCfgNotExist	活动配置不存在
20236005	WheelchairManualPlanCfgNotExist	阶段配置不存在
20236006	WheelchairManualCfgNotExist	手册配置不存在
20236007	WheelchairManualRewardCfgNotExist	手册奖励配置不存在
20236008	WheelchairManualRewardIndexOutOfRange	手册奖励索引越界
20236009	WheelchairManualAlreadyGetPlanReward	已经领取过阶段奖励
20236010	WheelchairManualNoGetPlanReward	暂无阶段奖励领取
20236011	WheelchairManualSeniorManualUnlock	进阶协议已经解锁
20236012	WheelchairManualSeniorManualLock	进阶协议未解锁
20236013	WheelchairManualInvalidSeniorManualId	非法进阶协议Id
20236014	WheelchairManualSeniorManualItemIdError	进阶协议消耗道具错误
20236015	WheelchairManualNoGetReward	暂无手册奖励领取
20236016	WheelchairManualMustFinishTeachCommonStage	请完成所有技能特训关
20236017	WheelchairManualInvalidTeachCommonStage	技能特训关出错
20236018	WheelchairManualClickBluePointClientParamError	点击蓝点参数错误
20237001	HoldRegressionActivityNotOpen	活动未开启
20237002	HoldRegressionActivityCfgNotExist	未找到活动配置
20237003	HoldRegressionIsNotRegressionPlayer	非回归玩家
20237004	HoldRegressionAlreadyUseInviteCode	已填写过邀请码
20237005	HoldRegressionInviteCodeInvalid	填写的邀请码有误
20237006	HoldRegressionCannotInviteSelf	不能邀请自己
20237007	HoldRegressionInvitePlayerNotExist	邀请人不存在
20237008	HoldRegressionInvitePlayerUpLimit	对方邀请人数已达上限
20237009	HoldRegressionInviteError	邀请出错
20237010	HoldRegressionTaskCfgNotExist	未找到任务配置
20237011	HoldRegressionTaskNotStart	任务未开始
20237012	HoldRegressionTaskNotFinish	任务未完成
20237013	HoldRegressionTaskRewardOutOfLimit	任务奖励领取已达上限
20237014	HoldRegressionInviteAlreadyFinish	邀请时间已结束
20237015	HoldRegressionAlreadyGetShareReward	分享奖励已领取
20237016	HoldRegressionRequestMoreFrequent	请求过于频繁
20237017	HoldRegressionTaskNeedScheduleError	任务配置进度出错
20238001	StageMemoryActivityNotOpen	活动暂未开放
20238002	StageMemoryStageNotOpen	关卡暂未开放
20238003	StageMemoryActivityCfgNotExist	活动配置不存在
20238004	StageMemoryClientErrorStageId	关卡配置错误
20238005	StageMemoryClientErrorRewardIndex	奖励配置错误
20238006	StageMemoryRewardAlreadyGot	奖励已领取
20238007	StageMemoryStarNotEnough	通关数不足
20239001	MusicGameActivityNotOpen	20239001活动未开启
20239002	MusicGameActivityCfgNotExist	20239002活动配置不存在
20239003	MusicGameMusicCfgNotExist	20239003音乐配置不存在
20239004	MusicGameArrangementCtrlCfgNotExist	20239004编曲游戏配置不存在
20239005	MusicGameArrangementGameNotOpen	20239005编曲游戏未开启
20239006	MusicGameArrangementSelectionCfgNotExist	20239006编曲选项配置不存在
20239007	MusicGameArrangementSelectionError	20239007编曲选项错误
20239008	MusicGameRhythmCtrlCfgNotExist	20239008音游配置不存在
20239009	MusicGameRhythmGameNotOpen	20239009音游未开启
20239010	MusicGameRhythmMapCfgNotExist	20239010音游谱面配置不存在
20239011	MusicGameRhythmMusicMapCfgNotExist	20239011音游对应的编曲配置不存在
20239012	MusicGameArrangementMusicNotExist	20239012没有完成对应的编曲
20239013	MusicGameConditionNotFinish	20239013条件未达成
20240001	Maverick3ActivityNotOpen	20239001活动未开启
20240002	Maverick3RobotNotFind	无法获取到角色数据
20240003	Maverick3StageNotFind	无法获取到关卡数据
20240004	Maverick3ChapterNotFind	无法获取到章节数据
20240005	Maverick3ChapterNotOpen	章节未到开放时间
20240006	Maverick3StageNotOpen	20240006关卡时间未开启
20240007	Maverick3SkillNotFind	枪术配置不存在
20240008	Maverick3TalentNotFind	战质配置不存在
20240009	Maverick3UltimateSkillNotUnlock	枢核未解锁
20240010	Maverick3HangingsNotUnlock	兵装未解锁
20240011	Maverick3SettleDataError	战斗结算数据异常
20240012	Maverick3ChapterRankNotOpen	排行榜未开放
20240013	Maverick3TalentAlreadyUnlock	战质已解锁
20240014	Maverick3TalentCoinConfigError	战质解锁配置异常
20240015	Maverick3ConditionNotFinish	条件未满足
20241001	MovieOptionConfigError	剧情选项配置为空
20241002	MovieOptionNoConfig	该章节不可记录选项数据
20241003	MovieOptionNoOptionConfig	该选项不可记录
20241004	MovieOptionDateInitError	剧情选项记录初始化失败
20242001	LuckyTenantNotOpen	【星罗棋布】暂未开启
20242002	LuckyTenantStageLimited	请完成上个关卡
20242003	LuckyTenantStagePlaying	有正在进行中的关卡
20242004	LuckyTenantStageBegan	已进入该关卡
20242005	LuckyTenantStageNotOpen	关卡未到开启时间
20242006	LuckyTenantDataError	新增数据错误
20242007	LuckyTenantCurrentStageError	不是当前关卡
20242008	LuckyTenantRoundSupplyLimit	补棋刷新次数限制
20242009	LuckyTenantRoundProcessConflict	回合状态冲突
20242010	LuckyTenantRoundTaskError	获取关卡-回合任务异常
20242011	LuckyTenantStageCfgError	关卡数据异常
20242012	LuckyTenantChessCfgError	棋子数据异常
20242013	LuckyTenantBagCapacityError	棋子背包数量异常
20243001	SgStreetNotOpen	20243001活动未开启
20243002	SgStreetStageNotStart	20243002关卡未开始
20243003	SgStreetStageIsOngoing	20243003关卡进行中
20243004	SgStreetStageIsNotCompleted	20243004关卡未完成
20243005	SgStreetStageIsCompleted	20243005关卡已完成
20243006	SgStreetStageCfgNotFound	20243003关卡配置不存在
20243007	SgStreetConditionError	20243007条件不满足
20243008	SgStreetResourceCfgNotFound	20243004资源配置不存在
20243009	SgStreetResourceNotEnough	20243005资源数量不足
20243010	SgStreetResourceInvalidCount	20243006资源操作数量错误
20243011	SgStreetOperatingDataIsExist	20243007运营数据已存在
20243012	SgStreetOperatingDataNotExist	20243008运营数据不存在
20243013	SgStreetShopDataNotExist	20243009商店数据不存在
20243014	SgStreetShopDataIsExist	20243010商店数据已存在
20243015	SgStreetShopCfgNotFound	20243011商店配置不存在
20243016	SgStreetShopLvCfgNotFound	20243012商店等级配置不存在
20243017	SgStreetShopFoodCfgNotFound	20243013食品店配置不存在
20243018	SgStreetShopFoodGoodsCfgNotFound	20243014食品店原料配置不存在
20243019	SgStreetShopGroceryCfgNotFound	20243015杂货店配置不存在
20243020	SgStreetShopGroceryGoodsCfgNotFound	20243016杂货店货物配置不存在
20243021	SgStreetShopDessertCfgNotFound	20243017甜品店配置不存在
20243022	SgStreetShopBuildInCd	20243018建造功能未冷却
20243023	SgStreetShopBuildOutsideTimesOver	20243020已经超出外圈最大建筑次数
20243024	SgStreetShopBuildOutsideNotSatisfaction	20243021满意度不足，无法建造外圈建筑
20243025	SgStreetShopBuildInvalidShopId	20243025无效的商店id
20243026	SgStreetShopBuildInvalidPosition	20243018无效的位置
20243027	SgStreetShopBuildPositionUsed	20243019位置已占用
20243028	SgStreetShopInitShopCantRemove	20243028初始商店不可移除
20243029	SgStreetShopRemoveInvalidType	20243020不可移除的商店类型
20243030	SgStreetShopRemoveCountLimit	20243030至少需要有一个店铺
20243031	SgStreetShopUpgradeInvalidBranchId	20243021升级分支选择不匹配
20243032	SgStreetShopUpgradeCustomerNumNotEnough	20243022客户数量不满足
20243033	SgStreetShopSetupFoodTypeError	20243023商店不是食品店
20243034	SgStreetShopSetupFoodInvalidChef	20243024无效的厨师
20243035	SgStreetShopSetupFoodInvalidGoods	20243025无效的原料
20243036	SgStreetShopSetupFoodInvalidGoodsCount	20243026无效的原料数量
20243037	SgStreetShopSetupFoodInvalidGold	20243027无效的价格
20243038	SgStreetShopSetupGroceryTypeError	20243028商店不是杂货店
20243039	SgStreetShopSetupGroceryInvalidGoods	20243029无效的商品
20243040	SgStreetShopSetupGroceryInvalidGoodsCount	20243030无效的商品数量
20243041	SgStreetShopSetupGroceryGoodsRepeat	20243031设置了重复的商品
20243042	SgStreetShopSetupGroceryInvalidGold	20243032无效的价格
20243043	SgStreetShopSetupDessertTypeError	20243033商店不是甜品店
20243044	SgStreetShopSetupDessertInvalidGoods	20243034无效的原料
20243045	SgStreetShopSetupDessertInvalidGoodsCount	20243035无效的原料数量
20243046	SgStreetShopSetupDessertInvalidGold	20243036无效的价格
20243047	SgStreetShopSetRecommendTypeError	20243037商店不是外圈商店
20243048	SgStreetCustomersIsExist	20243038顾客数据已存在
20243049	SgStreetCustomersDispatchCountError	20243039顾客指派目标数量错误
20243050	SgStreetPromoCfgNotFound	20243040促销配置不存在
20243051	SgStreetPromoRandomGroupCfgNotFound	20243041促销随机组配置不存在
20243052	SgStreetPromoAddGroupIdsEmpty	20243042促销触发参数组为空
20243053	SgStreetPromoSelectGroupNotExist	20243043促销选择数据不存在
20243054	SgStreetPromoSelectInvalidIndex	20243044促销选择无效的选项
20243055	SgStreetShopCustomerParamCfgNotFound	20243046商店顾客参数配置不存在
20243056	SgStreetShopDataError	20243047商店数据错误
20243057	SgStreetShopFuncTypeNotFound	20243048不存在的商店类型
20243058	SgStreetShopFuncTypeNotSupport	20243049该商店类型未实现该操作
20243059	SgStreetShopGroceryGoodsNumNotEnough	20243049杂货店商品配置数量不够
20243060	SgStreetShopChefNumNotEnough	20243050厨师数量配置数量不够
20243061	SgStreetShopDessertGoodsNotEnough	20243051甜品店物品配置数量不够
20243062	SgStreetShopGoodsScoreCfgNotFound	20243052产品评分配置不存在
20243063	SgStreetShopGoldScoreCfgNotFound	20243053利润评分配置不存在
20243064	SgStreetShopLikeDataNotInit	20243054喜好数据未初始化
20243065	SgStreetShopDataNotEqLikeNum	20243056商店数据跟喜好数据数量不一致
20243066	SgStreetShopDataNotInit	20243055商店数据未初始化
20243067	SgStreetShopFeedbackGroupCfgNotFound	20243056反馈组配置不存在
20243068	SgStreetShopNotImpFeedback	20243057存在未实现的反馈Id
20243069	SgStreetShopFeedbackTypeCfgNotFound	20243069反馈类型配置不存在
20243070	SgStreetShopFeedbackGoodIdCfgNotFound	20243070反馈材料Id配置不存在
20243071	SgStreetShopNoFeedbackIdInScope	20243071反馈区间类类找不到可用的反馈Id
20243072	SgStreetShopDrawFeedBackParamsError	20243072抽取反馈参数验证失败
20243073	SgStreetCustomerEventNumCfgNotFound	20243058事件上限配置不存在
20243074	SgStreetCommandEventInvalidType	20243060无效的指令事件类型
20243075	SgStreetEventEmergencyCfgNotFound	20243061突发事件配置不存在
20243076	SgStreetEventEmergencyOptionInvalid	20243062突发事件选项无效
20243077	SgStreetBuffCfgNotFound	20243064Buff配置不存在
20243078	SgStreetCommandDataEventDataIsNull	20243065事件数据为空
20243079	SgStreetEventDataFeedBackDataIsNull	20243066事件中反馈数据为空
20243080	SgStreetGrapevineRandomGroupCfgNotFound	20243067小道消息随机组配置不存在
20243081	SgStreetGrapevineGroupCfgNotFound	20243068小道消息组配置不存在
20243082	SgStreetGrapevineCfgNotFound	20243069小道消息置不存在
20243083	SgStreetTaskCfgNotFound	20243073任务配置不存在
20243084	SgStreetTaskFinishDataOrConfigIsNull	20243074完成任务数据或配置不存在
20243085	SgStreetTaskFinishInvalidSource	20243081目标任务不需要完成
20243086	SgStreetTaskFinishInvalidState	20243075任务不是达成状态
20243087	SgStreetNewsCfgNotFound	20243076新闻配置不存在
20243088	SgStreetNewsGroupCfgNotFound	20243077新闻组配置不存在
20243089	SgStreetNewsGroupTypeCfgNotFound	20243078新闻随机组配置不存在
20243090	SgStreetNewsConfigError	20243079新闻配置数据错误
20243091	SgStreetBillboardGroupCfgNotFound	20243080广告随机组配置不存在
20243092	SgStreetBillboardCfgNotFound	20243081广告配置不存在
20243093	SgStreetBillboardRandomDataNotFound	20243082广告随机数据还未生成
20243094	SgStreetBillboardIdNotFound	20243083广告Id不是预随机生成的Id
20243095	SgStreetBillboardDataNotInit	20243084广告数据没有初始化
20243096	SgStreetTaskIdNotFound	20243085任务数据不存在
20243097	SgStreetConditionNotFinish	20243070条件未达成
20243098	SgStreetStageDataIsNull	20243087关卡数据为空
20243099	SgStreetBillboardGenError	20243095随机生成灯带广告失败
20243100	SgStreetStageNotBillboardSelect	20243096未选择灯带任务，不能开始新的回合
20243101	SgStreetBillboardRefreshTurnError	20243097灯带广告刷新回合数据错误
20243102	SgStreetRangeListIsNull	20243098区间配置内容为空
20243103	SgStreetRangeListIsNotOrder	20243099区间配置不是有序的
20243104	SgStreetShopScoreFactorfgNotRange	20243100顾客到店评分转换区间不存在
20243105	SgStreetGrapevineGroupNotRange	20243101小道消息计算区间配置不存在
20243106	SgStreetNewsNotRange	20243102新闻计算区间配置不存在
20243107	SgStreetNoNewsGroupType	20243103没有可供随机的新闻组
20243108	SgStreetFeedbackBadNumNotRange	20243104差评反馈数量区间配置不存在
20243109	SgStreetFeedbackSourceNotSupport	20243105未实现的反馈源类型
20243110	SgStreetGrapevineTypeTypeNotSupport	20243106未实现的小道消息类型
20243111	SgStreetLikeGoldCalcError	20243107喜好利润生成错误
20243112	SgStreetLikeGoldCalcParamsError	20243108喜好利润生成参数错误
20244001	RandomBackgroundNotOpen	随机场景功能未开放
20244002	RandomBackgroundAlreadyOpen	重复开启随机场景功能
20244003	RandomBackgroundAlreadyClose	重复关闭随机场景功能
20244004	RandomBackgroundUpSceneNotExistWhenClose	关闭随机场景功能:当前上传随机场景不存在
20244005	RandomBackgroundUpSceneUnlockWhenClose	关闭随机场景功能:当前上传随机场景未解锁
20244006	RandomBackgroundRandomSceneNoOpenWhenAdd	添加随机场景:随机场景功能未开启
20244007	RandomBackgroundUpSceneNotExistWhenAdd	添加随机场景:上传场景不存在
20244008	RandomBackgroundUpSceneUnlockWhenAdd	添加随机场景:上传场景未解锁
20244009	RandomBackgroundUpSceneAlreadyRandomWhenAdd	添加随机场景:已随机
20244010	RandomBackgroundSceneMaxNumLimitWhenAdd	添加随机场景:已达到随机场景最大数量限制
20244011	RandomBackgroundRandomNoOpenWhenRm	移除随机场景:随机场景功能未开启
20244012	RandomBackgroundUpSceneNotExistWhenRm	移除随机场景:上传场景不存在
20244013	RandomBackgroundUpSceneUnlockWhenRm	移除随机场景:上传场景未解锁
20244014	RandomBackgroundUpSceneAlreadyRmWhenRm	移除随机场景:上传场景不在随机状态
20244015	RandomBackgroundAtLeastOneAlreadyRmWhenRm	20244015移除随机场景:至少要有一个随机场景
20244016	RandomBackgroundNotOpenWhenSwitchRandomFashion	开启随机涂装:随机场景未开启
20244017	RandomBackgroundAlreadyOpenWhenOpenRandomFashion	开启随机涂装:已开启
20244018	RandomBackgroundAlreadyCloseWhenCloseRandomFashion	关闭随机涂装:已关闭
20244019	RandomBackgroundRandomSceneNoOpenWhenEditFashion	编辑随机涂装:随机场景未开启
20244020	RandomBackgroundRandomFashionNoOpenWhenEditFashion	编辑随机涂装:随机涂装未开启
20244021	RandomBackgroundUpSceneNoRandomWhenEditFashion	编辑随机涂装:编辑的场景不在随机状态
20244022	RandomBackgroundUpCharEmptyWhenEditFashion	编辑随机涂装:编辑的成员为空
20244023	RandomBackgroundUpCharNoExitWhenEditFashion	编辑随机涂装:编辑的成员不存在
20244024	RandomBackgroundUpCharNoOwnerWhenEditFashion	编辑随机涂装:编辑的成员未拥有
20244025	RandomBackgroundUpCharNoAssistantWhenEditFashion	编辑随机涂装:编辑的成员不是助理
20244026	RandomBackgroundUpCharRepeatWhenEditFashion	编辑随机涂装:编辑的成员重复
20244027	RandomBackgroundUpFashionEmptyWhenEditFashion	编辑随机涂装:编辑的涂装为空
20244028	RandomBackgroundUpFashionNoExitWhenEditFashion	编辑随机涂装:编辑的涂装不存在
20244029	RandomBackgroundUpFashionNoOwnerWhenEditFashion	编辑随机涂装:编辑的涂装未拥有
20244030	RandomBackgroundUpFashionNoAssistantWhenEditFashion	编辑随机涂装:编辑的涂装不属于该成员
20244031	RandomBackgroundUpFashionRepeatWhenEditFashion	编辑随机涂装:编辑的涂装重复
20244032	RandomBackgroundNoRandomCharWhenEditFashion	20244032编辑随机涂装:没有随机角色
20244033	RandomBackgroundUpFashionUnchangedWhenEditFashion	编辑随机涂装:编辑数据没变
20244034	RandomBackgroundSceneHasExit	添加随机场景:服务器内部错误:随机场景已存在
20245001	PcgNotOpen	20245001活动未开启
20245002	PcgDateError	20245002数据异常
20245003	PcgFighterCountError	20245003参战对象数量异常
20245004	PcgNotStageCfg	20245004关卡配置异常
20245005	PcgNotEffectCfg	20245005效果配置异常
20245006	PcgNotTokenCfg	20245006Token配置异常
20245007	PcgNotCharacterCfg	20245005角色配置异常
20245008	PcgNotDrawRulesCfg	20245006抽卡分组配置异常
20245009	PcgNotDrawRulesDetailsGroupCfg	20245007抽卡细节分组配置异常
20245010	PcgNotCardCfg	20245008卡牌配置异常
20245011	PcgNotMonsterCfg	20245009怪物配置异常
20245012	PcgNotMonsterGroupCfg	20245010怪物分组配置异常
20245013	PcgNotMonsterBehaviorCfg	20245011怪物行为配置异常
20245014	PcgNotMonsterBehaviorGroupCfg	20245012怪物行为组配置异常
20245015	PcgNotMonsterBehaviorGroupOrderCfg	20245013怪物行为组-顺序配置异常
20245016	PcgNotEffectTriggerTypeNoFunc	20245014触发处理未实现
20245017	PcgNotEffectTypeNoFunc	20245015效果未实现
20245018	PcgPlayCardIdxEmpty	20245016手牌位置错误
20245019	PcgPlayCardColorError	20245017多消卡牌颜色不一致
20245020	PcgActionPointError	20245018行动点不足
20245021	PcgMonsterTargetIdxError	20245019目标怪物不存在不足
20245022	PcgChangeCharacterIdxError	20245020切换位置异常
20245023	PcgChangeCharacterIdxNullError	20245021切换位置角色异常
20245024	PcgCommanderEnergyError	20245022指挥官能量不足
20245025	PcgCommanderSkillHandsError	20245023指挥官技能手牌异常
20245026	PcgBossDead	20245024boss已死亡
20245027	PcgGruntDead	20245025杂兵已死亡
20245028	PcgMonsterDead	20245028怪物已死亡
20245029	PcgCommanderDead	20245026指挥官已死亡
20245030	PcgTriggerCheckFail	20245030触发检查失败
20245031	PcgCanNotGetStageRecord	20245031无法获取关卡记录数据
20245032	PcgCanNotAddStageRecord	20245032无法添加关卡记录数据
20245033	PcgCanNotGetStageToChapterTemplate	20245033无法获取关卡对应章节配置
20245034	PcgChapterTimeOpenLimit	20245034章节未到开放时间
20245035	PcgPreStageFinishLimit	20245035前置关卡限制
20245036	PcgEnterStageCharCountLimit	20245036入场角色数量不对
20245037	PcgEnterStageCharUnlock	20245037入场角色未解锁
20245038	PcgEnterStageCharNoRecommend	20245038入场角色不是推荐角色
20245039	PcgInnerErrorSelectorMonsterNull	20245039内部错误:怪物选择器无法选择怪物
20245040	PcgCurrentPlayingStageIsNull	20245040没有正在进行的牌局
20245041	PcgPcgDbIsNull	20245041站双牌数据没有初始化
20245042	PcgHandPoolIsNull	20245042站双牌指挥官没有手牌
20245043	PcgCardIdxErrorWhenPlayCard	20245043出牌:手牌不存在
20245044	PcgNoTargetMonsterWhenPlayCard	20245044出牌:找不到目标怪物
20245045	PcgNoMasterCharacterrWhenPlayCard	20245045出牌:找不到主体角色
20245046	PcgNoDropCardWhenPlayCard	20245046出牌:掉落后出手牌错误
20245047	PcgOverMaxEffectDeep	20245047超过效果栈深度
20245048	PcgFighterDead	20245048战斗单位已死亡
20246001	PokerGuessing2FunctionNotOpen	活动尚未解锁
20246002	PokerGuessing2ActivityNotOpen	活动尚未开启
20246003	PokerGuessing2NoActivityData	20246003玩家活动数据不存在
20246004	PokerGuessing2ActivityTemplateNoExit	20246004活动配置不存在
20246005	PokerGuessing2CardGroupTemplateNoExit	20246005卡组配置不存在
20246006	PokerGuessing2StageNoExit	20246006关卡配置不存在
20246007	PokerGuessing2EffectNoExit	20246007效果配置不存在
20246008	PokerGuessing2CardNoExit	20246008卡牌配置不存在
20246009	PokerGuessing2EffectError	20246009效果配置错误
20246010	PokerGuessing2ServerInnerError	20246010服务器内部错误
20246011	PokerGuessing2StageNoExitForActivityWhenEnterStage	20246011开始关卡:关卡不属于当前活动
20246012	PokerGuessing2PreStageNoFinishWhenEnterStage	尚未完成前置关卡
20246013	PokerGuessing2StageNoOpenWhenEnterStage	关卡尚未开启
20246014	PokerGuessing2NoInitWhenAction	20246014出牌:牌局未初始化
20246015	PokerGuessing2StageStateErrorWhenAction	20246015出牌:牌局状态错误
20246016	PokerGuessing2CardNoExitWhenAction	尚未进行出牌
20246017	PokerGuessing2CardHaveUseWhenAction	已经出牌了
20246018	PokerGuessing2CardCountErrorWhenAction	20246018出牌:牌已出数量不同步
20246019	PokerGuessing2ServerStateErrorWhenAction	20246019出牌:服务器牌局内部状态错误
20246020	PokerGuessing2NoInitWhenUseTips	20246020提示:牌局未初始化
20246021	PokerGuessing2StageStateErrorWhenUseTips	20246021提示:牌局状态错误
20246022	PokerGuessing2CardNoTipCountUseWhenUseTips	提示次数已耗尽
20246023	PokerGuessing2HaveTipWhenUseTips	提示次数已耗尽
20246024	PokerGuessing2StoryNoExitWhenUnlockStory	20246024解锁剧情:剧情不存在
20246025	PokerGuessing2NoInActivityWhenUnlockStory	20246025解锁剧情:剧情在活动中不存在
20246026	PokerGuessing2UnlockRepeatWhenUnlockStory	该剧情已经被解锁了
20246027	PokerGuessing2UnlockLegacyWhenUnlockStory	20246027剧情是往期类型
20246028	PokerGuessing2PlayerChangedCardsError	20246027玩家改牌数据错误
20246029	PokerGuessing2PlayerChangedCardsCountError	20246028玩家改牌次数不足
20246030	PokerGuessing2RobotChangedCardsError	20246029对手改牌数据错误
20246031	PokerGuessing2RobotChangedCardsCountError	20246030对手改牌次数不足
20246032	PokerGuessing2ActionPlayerChangedCardsNotMatch	20246031原牌和改牌不对应
20247001	VersionGiftActivityNotOpen	活动暂未开放
20247002	VersionGiftConfigError	活动设置错误，稍后尝试
20247003	VersionGiftClientError	活动设置错误，稍后尝试
20247004	VersionGiftDailyRewardAlreadyGet	活动奖励已领取
20247005	VersionGiftVersionRewardAlreadyGet	活动奖励已领取
20247006	VersionGiftProgressRewardAlreadyGet	活动奖励已领取
20247007	VersionGiftTaskConfigError	活动设置错误，稍后尝试
20247008	VersionGiftNeedFinishTaskError	不满足需要完成任务的数量
20248001	SgDormFurnitureCfgNotExist	20248001家具配置不存在
20248002	SgDormLayoutCfgNotExist	20248002预设配置不存在
20248003	SgDormFashionCfgNotExist	20248003涂装配置不存在
20248004	SgDormAreaCfgNotExist	20248004区域配置不存在
20248005	SgDormFurnitureNotExist	20248005家具不存在
20248006	SgDormFurnitureInfoIsNull	20248006家具信息为空
20248007	SgDormAreaTypeNotMatch	20248007区域类型不一致
20248008	SgDormContainerPutFurnitureCountLimit	20248008容器家具摆放家具数量上限
20248009	SgDormDataNotExist	20248009宿舍数据不存在
20248010	SgDormAreaFurnitureCountOverLimit	20248010家具数量超出区域上限
20248011	SgDormFashionUnlock	20248011涂装未解锁
20248012	SgDormFurnitureNotContainerType	20248012不是容器家具类型
20248013	SgDormCanNotPlaceContainerFurniture	20248013放置家具不能是容器类型
20248014	SgDormFurnitureAlreadyOccupied	20248014家具已被放置
20248015	SgDormFashionIdInvalid	20248015非法的涂装id
20248016	SgDormSaveAndApplyLayoutInvalid	20248016保存和应用的预设都非法
20248017	SgDormSaveAndApplyLayoutSame	20248017保存和应用的预设相同
20248018	SgDormRewardFashionIsDefaultFashion	20248018奖励涂装是默认涂装
20248019	SgDormFurniturePhotoTypeError	20248019家具相片家具类型错误
20248020	SgDormFurnitureIdAndPhotoIdIsZero	20248020家具id和相片id都为0
20248021	SgDormFurniturePhotoAlreadyOccupied	20248021家具相片已被放置
20249001	ScoreTowerNotOpen	永封裂隙-活动未开启
20249002	ScoreTowerActivityDataNotExist	永封裂隙-活动数据不存在
20249003	ScoreTowerCfgDataNotExist	永封裂隙-配置数据不存在
20249004	ScoreTowerChatacterInfoError	永封裂隙-角色信息错误
20249005	ScoreTowerChapterNoUnlock	永封裂隙-章节还未解锁
20249006	ScoreTowerTowerDataExist	永封裂隙-冰场已经开启
20249007	ScoreTowerStageDetailNotExist	永封裂隙-关卡数据不存在
20249008	ScoreTowerCurTowerIdError	永封裂隙-不是当前选择的冰场
20249009	ScoreTowerTowerDataNotExist	永封裂隙-冰场数据不存在
20249010	ScoreTowerCurFloorNoUnlock	永封裂隙-当前层还未解锁
20249011	ScoreTowerNormalStageNotPass	永封裂隙-点数关还没通关
20249012	ScoreTowerTowerNotUnlockError	永封裂隙-当前冰场未解锁
20249013	ScoreTowerCurFloorIdError	永封裂隙-不是当前正在挑战的层
20249014	ScoreTowerCharacterNumError	永封裂隙-上阵角色数据错误
20249015	ScoreTowerNoBossFightCacheError	永封裂隙-没有BOSS关战斗数据
20249016	ScoreTowerBossStarNotEnoughError	永封裂隙-没有达到BOSS关通关条件
20249017	ScoreTowerTowerNoFirstFloorError	永封裂隙-当前冰场没有首层数据
20249018	ScoreTowerNoCharacterError	永封裂隙-没有上阵角色
20249019	ScoreTowerStageCannotSweep	永封裂隙-该关卡不能扫荡
20249020	ScoreTowerStageNotReachFaRequire	永封裂隙-没有达到扫荡的战力要求
20249021	ScoreTowerSweepCountError	永封裂隙-扫荡次数超出上限
20249022	ScoreTowerPlugInDataError	永封裂隙-插件数据错误
20249023	ScoreTowerPlugPointNotEnough	永封裂隙-璨芒点不足
20249024	ScoreTowerBossFinalScoreNotEnough	永封裂隙-Boss分数不足够
20249025	ScoreTowerChapterNoPass	永封裂隙-章节还未通关
20249026	ScoreTowerStrengthenFail	永封裂隙-天赋强化失败
20249027	ScoreTowerStrengthenMaxLv	永封裂隙-已经达到最高等级
20249028	ScoreTowerTowerNotInActivityError	永封裂隙-当前冰场不在活动里
20249029	ScoreTowerChapterNotOpen	永封裂隙-没有正在进行中的章节
20249030	ScoreTowerBossCfgError	永封裂隙-关卡配置数据错误
20249031	ScoreTowerRankInvalidRankId	永封裂隙-排行榜标识错误
20250001	MultiRankException	20250001排行榜逻辑异常
20250002	MultiRankGetRankDbDataIsNull	20250002排行榜数据为空
20250003	MultiRankPlayerDataError	20250003待更新玩家数据错误
20250004	MultiRankNotInSnapshot	20250004快照中没有该排行榜数据
20250005	MultiRankPlayerNotInSnapshot	20250005排行榜中没有该玩家数据
20250006	MultiRankPlayerReqIsNull	20250006排行榜快照查询参数为空
20250007	MultiRankMailIsNull	20250007排行榜结算邮件获取失败
20250008	MultiRankRankNotMail	20250008排行榜排名不足以获取结算邮件
20251001	PacMan2ActivityNotOpen	20251001活动暂未开放
20251002	PacMan2StageNotOpen	20251002关卡未开启
20251003	PacMan2StageConfigNotFound	20251003关卡找不到配置
20251004	PacMan2PreStageNotComplete	20251004前置关卡未完成
20251005	PacMan2PreStageGroupError	20251005关卡组不匹配
20251006	PacMan2SettleStageIdError	20251006结算关卡错误
20251007	PacMan2SettleScoreError	20251007结算分数错误
20260001	GachaSelfChoiceActivityNotOpen	20260001活动未开启
20260002	GachaSelfChoiceActivityGachaIdError	20260002该盲盒无法进行自选
20260003	GachaSelfChoiceActivityDataNotFound	20260003活动数据不存在
20260004	GachaSelfChoiceActivityGachaIdExist	20260004已经自选的盲盒
20260005	GachaSelfChoiceActivityGachaIdNotSelected	20260005不是自选的盲盒
20270001	DevilMayCryDataDbNotFound	20270001鬼泣卡池数据未初始化
20270002	DevilMayCryDataDbError	20270002鬼泣卡池数据错误
20270003	DevilMayCryDataDbEnd	202700023鬼泣卡池已结束
20280001	Theatre5NotOpen	活动未开启
20280002	Theatre5CharacterLock	角色未解锁
20280003	Theatre5CharacterIsUnLockAnimation	角色解锁动画重复请求
20280004	Theatre5CharacterCfgNoFind	角色配置不存在
20280005	Theatre5CharacterNoChoose	角色未选择
20280006	Theatre5StateError	状态错误
20280007	Theatre5AdventureDataNotInit	局内存档未初始化
20280008	Theatre5NotInFight	当前不在战斗中
20280009	Theatre5HasInit	局内数据已初始化
20280010	Theatre5NoInit	局内数据未初始化
20280011	Theatre5BattleDraw	战斗出现平局
20280012	Theatre5MatchCharacterNoFind	找不到匹配角色数据
20280013	Theatre5BattleWordIdError	世界id错误
20280014	Theatre5InvalidRankId	排行榜标识错误
20280015	Theatre5RantingError	段位分错误
20280016	Theatre5RankInvalidRankId	排行榜标识错误
20280017	Theatre5FightSettleStateError	结算类型错误
20281001	Theatre5ShopStatusError	目前状态无法使用商店
20281002	Theatre5ShopConfigNotExist	商店配置不存在
20281003	Theatre5ItemNotExist	找不到对应的物品
20281004	Theatre5ShopGoodsIsSoldOut	商品已售出
20281005	Theatre5GoldIsNotEnough	货币不足
20281006	Theatre5BagGridIsNotEnough	背包空间不足
20281007	Theatre5BagGridIsInvalid	无效的格子位置
20281008	Theatre5BagGridTypeError	物品类型不一致
20281009	Theatre5ShopRefreshStatusError	当前状态无法刷新商店
20281010	Theatre5BagGridNumMax	格子数量已达上限
20281011	Theatre5ShopLevelError	无法离开商店
20281012	Theatre5NoMatchDataError	没有可匹配的对手
20282001	Theatre5PveModelError	当前不是启示之路模式
20282002	Theatre5PveStoryLineCfgNoExit	故事线配置不存在
20282003	Theatre5PveStoryLineContentCfgError	故事线内容配置错误
20282004	Theatre5PveChapterCfgNoExit	章节配置不存在
20282005	Theatre5PveChapterLevelCfgNoExit	关卡配置不存在
20282006	Theatre5PveEventGroupCfgNoExit	事件组配置不存在
20282007	Theatre5PveEventCfgNoExit	事件配置不存在
20282008	Theatre5PveEventOptionCfgNoExit	事件选项配置不存在
20282009	Theatre5PveEventChainCfgError	事件链配置错误
20282010	Theatre5PveEventLevelCfgNoExit	事件等级奖励表配置不存在
20282011	Theatre5SurveyBattleNodeDeduceNoFinish	调查章节线索未完成
20282012	Theatre5HistoryChaptersNoExit	历史章节数据不存在
20282013	Theatre5PvestoryEntranceNoOpen	入口未开放
20282014	Theatre5PveChapterRepeatLimit	重复挑战章节开启限制
20282015	Theatre5PveChapterRepeatNoExit	重复挑战章节不存在
20282016	Theatre5PveChapterRepeatInBattle	"""重复挑战章节开启失败,处于章节战斗节点"""
20282017	Theatre5PveStoryLineLock	故事线未解锁
20282018	Theatre5PveStoryLineNoInit	故事线未初始化
20282019	Theatre5PveChapterNoInit	章节数据未初始化
20282020	Theatre5PveLevelNoInit	关卡数据未初始化
20282021	Theatre5PveCharacterLock	角色未解锁
20282022	Theatre5PveDataNoInit	启示之路数据未初始化
20282023	Theatre5PveStoryLineInBattleNode	故事线当前处于战斗章节节点
20282024	Theatre5PveStoryLineNoInBattleNode	故事线当前不处于战斗章节节点
20282025	Theatre5PveStoryLineCommonLineNoChangeCharacter	只有公共章节才能切换角色
20282026	Theatre5PveStoryLineCharError	该角色不能推进故事线
20282027	Theatre5CurPveStoryLineNull	当前没有正在进行的故事线
20282028	Theatre5PveStoryLineCharacterNoExit	故事线不能使用该角色
20282029	Theatre5PveStoryLineCharacterBeBand	20282029故事线战斗节点禁用角色
20282030	Theatre5PveRandomEventError	随机事件错误
20282031	Theatre5PveEventChooseNotFound	事件选择不存在
20282032	Theatre5PveCurEventError	只能先处理当前事件
20282033	Theatre5StatusNoEventHandle	当前不在事件处理状态
20282034	Theatre5PveEventOptionError	事件选项错误
20282035	Theatre5PveEventOptionConditionLimit	事件选项未解锁
20282036	Theatre5PveEventOptionCostCfgError	事件选项消耗配置错误
20282037	Theatre5PveEventOptionCostLimit	事件选项消耗道具不足
20282038	Theatre5PveEventOptionContainLimit	事件选项不包含道具
20282039	Theatre5PveEventOptionItemCfgError	事件选项道具配置错误
20282040	Theatre5ScriptNotUnlock	当前推演还没解锁
20282041	Theatre5ScriptIsComplete	当前推演已完成
20282042	Theatre5ScriptNotFound	当前推演不存在
20282043	Theatre5ScriptStepNotFound	当前推演步骤不存在
20282044	Theatre5RandomFightEnemyError	生成战斗机器人失败
20282045	Theatre5StoryLineUnlock	20282045故事线未解锁
20283001	Theatre5CharacterLvUpExpLimit	20283001角色升级exp不足
20283002	Theatre5CharacterLevelCfgNoFound	20283002角色等级配置不存在
20283003	Theatre5CharacterMaxLevelLimit	20283003角色最大等级限制
20283004	Theatre5RelicRefreshCountLimit	20283004饰品刷新次数限制
20283005	Theatre5RelicChooseNoFound	20283005饰品选择不存在
20283006	Theatre5RelicChooseNoChoose	20283006饰品未选择
20283007	Theatre5RelicChooseNoRandom	20283007饰品未随机
20283008	Theatre5BuyExpLimit	20283008该删点不支持购买经验
20283009	Theatre5CanLevelUp	20283009需要先升级
20283010	Theatre5RuneHasStrengthen	20283010强化府文已强化
20283011	Theatre5StrengthenNoIntersect	20283011强化无交集
20283012	Theatre5StrengthenQualityNoSame	20283012强化锤子仅能够对稀有度与自身相同的符纹进行强化
20283013	Theatre5NeedUnlockFreeGaid	20283013需要先解锁免费格子
20283014	Theatre5EffectConfigNoFound	20283014效果配置不存在
20283015	Theatre5EffectTypeNoFound	20283015效果类型不存在
20283016	Theatre5EffectTriggerLimit	20283016效果触发次数限制
20283017	Theatre5EffectParamError	20283017效果参数错误
20283018	Theatre5ShopNoInit	20283018商店未初始化
20283019	Theatre5BuyExpParamsError	20283019购买参数错误
20283020	Theatre5BuyExpTooMatch	20283020购买经验溢出
20284001	Theatre5PveStoryLineSelectError	20284001选择节点错误
20285001	Theatre5MissionRandomGroupCfgNoFound	20285001委托随机刷新组配置不存在
20285002	Theatre5MissionCfgNoFound	20285002委托配置不存在
20285003	Theatre5MissionHasFreshAll	20285003委托已全量刷出
20285004	Theatre5MissionFreshCutLimit	20285004委托刷新次数已用尽
20285005	Theatre5MissionFreshPositionError	20285005被刷新的委托栏位不存在
20285006	Theatre5MissionChoosePositionError	20285006被选择的委托栏位不存在
20285007	Theatre5MissionNoChooseMissionError	20285007当前未接取委托
20285008	Theatre5MissionBountyCfgNoFound	20285008嘉赏配置不存在
20285009	Theatre5MissionBountyMaxLevel	20285009嘉赏已升至最高阶
20285010	Theatre5MissionBountyLevelUpGoldLimit	20285010嘉赏升阶所需金币不足
20285011	Theatre5MissionHasReward	20285011委托已接取
20285012	Theatre5MissionNoHasReward	20285012委托未处于已接取状态
20285013	Theatre5MissionRewardBagFull	20285013领取嘉赏时背包已满
20285014	Theatre5MissionLevelUpTimesLimit	20285014回合升阶次数已用尽或未刷新
20285015	Theatre5MissionConditionCfgNoFound	20285015委托条件配置不存在
20285016	Theatre5MissionItemNoFound	20285016嘉赏多选一对象不存在
20290001	BigWorldCourseNotOpen	20290001活动未开启
20290002	BigWorldCourseInvalidContentId	20290002历程无效的内容Id
20290003	BigWorldCourseInvalidExploreId	20290003历程无效的探索Id
20290004	BigWorldCourseTaskCntDataIsNull	20290004历程任务总数据未初始化
20290005	BigWorldCourseTaskNoAvailableReward	20290005历程任务无可领取奖励
20290006	BigWorldCourseExploreIdConfigEmpty	20290006历程探索未配置子探索
20290007	BigWorldCourseExploreCntDataIsNull	20290007历程探索总数据未初始化
20290008	BigWorldCourseExploreCompleteRewardAlreadyGet	20290008历程探索总奖励已领取
20290009	BigWorldCourseExploreCompleteRewardNotReady	20290009历程探索总奖励未满足前提
20290010	BigWorldCourseExploreDataIsNull	20290010历程探索子数据不存在
20290011	BigWorldCourseExploreRewardAlreadyGet	20290011历程探索奖励已领取
20290012	BigWorldCourseExploreUnsupportType	20290012历程探索未支持的探索类型
20290013	BigWorldCourseInvalidPoiId	20290013历程无效的探索PoiId
20290014	BigWorldCourseExplorePoiProgressNotEnough	20290014历程探索PoiId进度不足
20290015	BigWorldCourseCoreCntDataIsNull	20290015历程核心玩法总数据未初始化
20290016	BigWorldCourseInvalidCoreElementId	20290016历程无效的核心玩法项目Id
20290017	BigWorldCourseCoreElementAlreadyRead	20290017历程核心玩法已设置过已读
20290018	BigWorldModuleNotFindQuest	20290018大世界玩法任务模块找不到
20290019	BigWorldModuleNotFindLevel	20290019大世界玩法场景模块找不到
20291001	BigWorldModuleNotFind	20291001大世界玩法模块找不到
20291002	BigWorldCreateListenerFail	20291002大世界创建监听器失败
20292001	BigWorldGuildOpenIdError	20292001大世界引导Id不存在
20292002	BigWorldGuildSysModuleIdError	20292002大世界引导模块配置错误
20292003	BigWorldGuildAlreadyCompleted	20292003大世界引导已完成
20292004	BigWorldGuildNotInWorld	20292004大世界引导中玩家不在大世界
20293001	ExternalActivityNotOpen	20293001活动未开启
20301001	BountyChallengeNotOpen	20301001悬赏挑战活动未开启
20301002	BountyChallengeMonsterNotOpen	20301002怪物未开启
20301003	BountyChallengeBattleInfoIsNull	20301003悬赏挑战战斗info为空
20301004	BountyChallengeNoActivityCfg	20301004悬赏挑战活动配置不存在
20301005	BountyChallengeNoDifficultyCfg	20301004悬赏挑战难度配置不存在
20301006	BountyChallengeNoSelectableCharacterGroupCfg	20301005悬赏挑战可选角色组配置不存在
20301007	BountyChallengeNoMonsterCfg	20301006悬赏挑战怪物配置不存在
20301008	BountyChallengeNoDifficultyGroupCfg	20301007悬赏挑战难度组配置不存在
20301009	BountyChallengeNoTaskGroupCfg	20301008悬赏挑战任务组配置不存在
20301010	BountyChallengeNoTrialCharacterGroupCfg	20301009悬赏挑战试用角色组配置不存在
20301011	BountyChallengeTooManyCharacter	20301010上阵角色过多
20301012	BountyChallengeCharacterBeyondLimit	20301011上阵角色中包含了指定角色以外的角色
20301013	BountyChallengeRobotBeyondLimit	20301013试用角色中包含了指定角色以外的角色
20301014	BountyChallengeMonsterIdIsZero	20301013怪物Id不能为0
20301015	BountyChallengeStageIdNotMatch	20301014关卡ID不匹配
20301016	BountyChallengeDifficultyIsLocked	20301015难度未解锁
20301017	BountyChallengeDifficultyIsZero	20301017难度不能为0
20301018	BountyChallengeMonsterDifficultyStateError	20301018玩家的怪物和难度状态未正确记录或初始化
20301019	BountyChallengeMonsterParamsError	20301019参数错误
20301020	BountyChallengeCurrentBattleInfoIsNull	20301020玩家未选择怪物和难度
20311001	SoloReformNotOpen	20311001活动未开启
20311002	SoloReformChapterNotOpen	20311002章节未开放
20311003	SoloReformActivityCfgNotExit	20311003未找到活动配置
20311004	SoloReformStageCfgNotExit	20311004未找到关卡配置
20311005	SoloReformChapterCfgNotExit	20311005未找到章节配置
20311006	SoloReformChapterDataNotExit	20311006未找到章节数据
20311007	SoloReformIllegalCharacter	20311007不能使用选取范围外的角色
20311008	SoloReformIllegalRobot	20311008不能使用选取范围外的试用角色
20311009	SoloReformStageLocked	20311009难度未解锁
20311010	SoloReformCharacterChooseError	20311010角色选取数量异常
20311011	SoloReformStageChooseError	20311011关卡选取异常
20311012	SoloReformChapterDifficultError	20311012章节难度配置异常
20311013	SoloReformStageStarNumError	20311013关卡目标数量异常
20312001	SgDroneGameNotOpen	20312001无人机玩法未开启
20312002	SgDroneGameDataNotInit	20312002无人机玩法数据未初始化
20312003	SgDroneGameStageNotExist	20312003关卡不存在
20312004	SgDroneGameHasSavedStageData	20312004存在不同关卡的进度数据
20312005	SgDroneGamePreStageNotCompleted	20312005前置关卡未完成
20312006	SgDroneGamePreConditionNotCompleted	20312006前置条件未完成
20312007	SgDroneGameNoCurrentStageData	20312007关卡数据不存在
20312008	SgDroneGameInvalidSuspendData	20312008暂离数据异常
20312009	SgDroneGameInvalidSettleData	20312009结算数据异常
20313001	StageBookmarkStageCfgNotExist	20313001关卡配置不存在
20313002	StageBookmarkMovieIdEmpty	20313002MovieId为空
20313003	StageBookmarkActionIdInvalid	20313003ActionId非法
20314001	DrawCanLiverNotOpen	20314001可肝卡池未开启
20314002	DrawCanLiverTemplateNotExist	20314002可肝卡池配置不存在
20314003	DrawCanLiverScheduleRewardNotEnough	20314004阶段奖励进度不足
20314004	DrawCanLiverScheduleRewardAlreadyGet	20314005阶段奖励已领取
20314005	DrawCanLiverCoinNotOpen	20314005代币可肝活动未开启
20315001	MainLineLuosaitaSectionInfoNotExist	地图阶段数据不存在
20315002	MainLineLuosaitaSectionFinished	当前阶段已完成
20315003	MainLineLuosaitaStageNotPass	存在未通关的主线关卡
20315004	MainLineLuosaitaPositionCfgNotExist	单位的位置配置不存在
20315005	MainLineLuosaitaBlockInfoNotExist	地块数据不存在
20315006	MainLineLuosaitaBlockCfgNotExist	地块配置不存在
20315007	MainLineLuosaitaBlockNotAdjacent	该地块不是相邻地块
20315008	MainLineLuosaitaArmyNotExist	军队单位不存在
20315009	MainLineLuosaitaArmyCfgNotExist	军队单位配置不存在
20315010	MainLineLuosaitaEnemyNotExist	敌人不存在
20315011	MainLineLuosaitaEnemyCfgNotExist	敌人配置不存在
20315012	MainLineLuosaitaArmyNotMatch	该军队不能进行本次战斗
20315013	MainLineLuosaitaAttackInvalid	攻击力小于等于0
20315014	MainLineLuosaitaCanNotAttack	不可挑战该敌人
20315015	MainLineLuosaitaPositionBlocked	点位被阻挡
20315016	MainLineLuosaitaDocCfgNotExist	文件配置不存在
20315017	MainLineLuosaitaDocCfgParamError	文件配置参数错误
20315018	MainLineLuosaitaStageCfgNotExist	关卡配置不存在
20315019	MainLineLuosaitaBlockOccupied	地块已占领
20315020	MainLineLuositaSectionCfgNotExist	阶段配置不存在
20315021	MainLineLuositaSectionNotFinished	存在未完成阶段
20315022	ConditionManagerMainLineLuosaitaConditionNotFinish	条件未达成
20315023	MainLineLuosaitaDocNotExist	文件不存在
20315024	MainLineLuosaitaDocAlreadyUsed	文件已使用
20315025	MainLineLuosaitaMessageCfgNotExist	通讯配置不存在
20315026	MainLineLuosaitaSectionCfgNotExist	阶段配置不存在
20315027	MainLineLuositaMessageGroupNotInSection	提示信息不属于当前阶段
20315028	MainLineLuositaBlockNotOccupied	地块未占领
20315029	MainLineLuosaitaCharacterMoveCfgNotExist	角色单位移动配置不存在
20315030	MainLineLuosaitaCharacterInfoNotExist	角色单位不存在
20315031	MainLineLuosaitaCharacterMoveAlreadyDone	角色已移动
20315032	MainLineLuosaitaCharacterMoveConditionNotMeet	角色单位不满足移动条件
20320001	RaceActivityNotOpen	20320001活动未开启
20320002	RaceActivityNotExist	20320002活动不存在
20320003	RaceRoundNotOpen	20320003比赛未开启
20320004	RaceRoundNotStart	20320004比赛未开始
20320005	RaceRoundNotEnd	20320005比赛未结束
20320006	RaceRoundConfigNotExist	20320006比赛配置异常
20320007	RaceStartTimeError	20320007比赛开始时间异常
20320008	RaceGuessTimeEnd	20320008比赛竞猜时间结束
20320009	RaceCharacterConfigError	20320009选手配置异常
20320010	RaceLastRoundExistReward	20320010存在上一轮比赛未领取奖励
20320011	RaceLoadRoundManError	20320011加载比赛选手异常
20320012	RaceFromRoundIdError	20320012比赛轮次异常
20320013	RacePromotionManError	20320013比赛晋级选手异常
20320014	RaceGuessIdNotConfig	20320014竞猜配置异常
20320015	RaceRoundNotSupportGuess	20320015比赛不支持此项竞猜
20320016	RaceNotSupportGuess	20320016竞猜项未支持
20320017	RaceGlobalGuessTimeEnd	20320017竞猜时间结束
20320018	RaceCharacterNotExist	20320018不存在选手
20320019	RaceNotAllMatchEnd	20320019所有比赛未结束
20320020	RaceNotGuess	20320020未投注该竞猜项
20320021	RaceHasGainThisGuess	20320021已领取该投注奖励
20320022	RaceGuessNotExistOpt	20320022不存在竞猜选项
20320023	RaceGuessSuccess	20320023竞猜成功
20320024	RaceGuessFail	20320024竞猜失败
20320025	RaceRepeatGainSkin	20320025重复领取奖励
20320026	RaceNotConfigSkinReward	20320026未配置奖励
20320027	RaceNotInGuild	20320027未加入公会
20320028	RaceGetGuildMemberNull	20320028不存在公会玩家
20320029	RaceReportNotExist	20320029不存在比赛结果
20320030	RaceRepeateSelect	20320030重复选择选项
20320031	RaceNotFoundGuessType	20320031未找到竞猜类型
20320032	RaceNotSelectCharacter	20320032未选择竞猜角色
20320033	RaceSelectCharacterError	20320033不可选择竞猜角色
20320034	RaceSelectOptError	20320034不可选择竞猜选项
20320035	RaceGuildGetScoreError	20320035获取公会成员分数失败，请稍后再试
20320036	RaceValidResultIsNull	20320036获取信息异常
20320037	RaceUpdateRankError	20320037更新排行榜失败
20320038	RaceSkillDeadLoop	20320038技能效果死循环
20320039	RaceSkillNotFound	20320039玩家技能列表找不到该技能
20320040	RaceSkillProbabilityError	20320040技能随机失败
20320041	RaceSkillUseTimesNotEnough	20320041技能使用次数不足
20320042	RaceSkillConditionError	20320042未能达到技能触发条件
20320043	RaceCharacterSkillTemplateNotFound	20320043RaceCharacterSkill表找不到对应配置
20320044	RaceSkillConditionTemplateNotFound	20320044RaceSkillCondition表找不到对应配置
20320045	RaceMagicTemplateNotFound	20320045RaceMagic表找不到对应配置
20320046	RaceMagicSearchTemplateNotFound	20320046RaceMagicSearch表找不到对应配置
20320047	RaceSignalBallTemplateNotFound	20320047RaceSignalBall表找不到对应配置
20320048	RaceSignalGroupTemplateNotFound	20320048RaceSignalGroup表找不到对应配置
20320049	RaceSignalBallRankGroupTemplateNotFound	20320049RaceSignalBallRankGroup表找不到对应配置
20320050	RaceMagicBuffTemplateNotFound	20320050RaceMagicBuff表找不到对应配置
20320051	RaceMagicBuffTagTemplateNotFound	20320051RaceMagicBuffTag表找不到对应配置
20320052	SignalBallNotEnough	20320052信号球数量不足
20320053	GetTargetParamError	20320053获取技能目标参数错误
20320054	RankNotFoundActor	20320054排行榜没找到这个玩家
20320055	RaceNotExistReward	20320055无奖励领取
20320056	RaceGetRaceReportError	20320056获取比赛报告失败
20320057	RaceGetGuessReportError	20320057获取比赛竞猜结果失败
20320058	RaceConditionParamError	20320058条件参数错误
20320059	RaceOptionCalcError	20320059选项获取异常
20320060	RaceGuessEnd	20320060竞猜结束
20320061	RaceRoundManError	20320061比赛选手异常
20320062	RankParamError	20320062排名参数错误
20320063	RaceRegLiveInvalidRoundState	20320062回合状态错误
20320064	RaceRegLivePlayerNotFound	20320063未找到玩家数据
20320065	RaceRegLiveGetSectorInfoFailed	20320064无法找到赛段信息
20320066	RacePlaybackInvalidRound	20320064无效的回合
20320067	RacePlaybackRoundDataNotFound	20320065未找到回合数据
20320068	RacePlaybackInvalidFrameIdx	20320066无效的帧索引
20320069	RacePlaybackInvalidFrameCount	20320067无限的帧数量
20320070	RaceRankInvalidRankId	20320069排行榜标识错误
20320071	RaceEnd	20320070比赛已结束
20321001	FixRewardRewardInvalidCount	20321001无效的数量
20321002	FixRewardInvalidRewardType	20321002不支持的奖励类型
20321003	FixRewardRewardTypeNotMatch	20321003奖励类型不一致
20322001	AccumulatedShopFunctionNotOpen	20322001活动未开启
20322002	AccumulatedShopActivityTemplateNoExit	20322002活动配置不存在
20322003	AccumulatedShopNoActivityData	20322003玩家活动数据不存在
20322004	AccumulatedShopDataError	20322004代币转换数据错误
20322005	AccumulatedShopTokenRewardFail	20322005代币道具发放失败
20322006	AccumulatedShopSignRewardAlreadyGet	20322006今日签到奖励已领取
20322007	AccumulatedShopSignRewardNotInTime	20322007不在可领奖时间
20322008	AccumulatedShopGoodsConditionNotFinish	20322008条件未达成
20323001	KeyPadSchemeIdError	20323001无效的按键界面类型
20323002	KeyPadSchemeCountError	20323002按键界面数量错误
20324001	FoolsDayClearOutActivityNotOpen	20324001活动未开启
20324002	FoolsDayClearOutFunctionNotOpen	20324002
20324003	FoolsDayClearOutNoActivityData	20324003
20324004	FoolsDayIsAtkComplete	20324004
20420001	RadioSignActivityNotOpen	20420001活动未开启
20420002	RadioSignContentNotOpen	20420002内容未开启
20420003	RadioSignContentNotFound	20420003内容不存在
20420004	RadioSignRepeatGain	20420004重复领取奖励
20420005	RadioSignNotGainPreContentReward	20420005未领取前置内容奖励
20421001	FunctionalEntranceConfigNotFound	20421001功能入口配置不存在
25000001	DlcWorldInfoTemplateNotFound	25000001Dlc世界信息配置不存在
25000002	DlcFightWorldTypeNotFound	25000002世界类型不存在
25000003	DlcCharacterTemplateNotFound	25000002角色配置不存在
25000004	DlcCharacterCreateCharacterFail	25000003角色创建失败
25000005	DlcCharacterCreateCharacterAlreadyExist	25000004角色已存在
25000006	DlcCharacterGetCharacterByIdNotFound	25000005角色不存在
25000007	DlcCharacterAlreadyFighting	25000006角色已出战
25000008	DlcOtherWorldInFight	25000008存在其他进行中的战斗
25002001	DlcChipTemplateNotFound	芯片配置不存在
25002002	DlcChipBreakthroughTemplateNotFound	芯片突破配置不存在
25002003	DlcChipLevelUpTemplateNotFound	芯片等级配置不存在
25002004	DlcChipLevelNotFound	芯片等级不存在
25002005	DlcChipGetChipNotFound	芯片不存在
25002006	DlcChipCapacityNotEnough	芯片库容量不足
25002007	DlcChipExistChipAlreadyLock	存在以上锁的芯片
25002008	DlcChipExistChipAlreadyWearChipForm	存在芯片已装备在芯片组里
25002009	DlcChipExistChipAlreadyAssist	该芯片已用于支援
25002010	DlcChipAlreadyLock	该芯片已是上锁状态
25002011	DlcChipAlreadyUnLock	该芯片已是解锁状态
25002012	DlcChipLevelUpUseChipIsEmpty	升级消耗的芯片列表为空
25002013	DlcChipLevelUpMaxLevel	芯片已满级
25002014	DlcChipLevelUpLevelLimit	芯片等级限制
25002015	DlcChipLevelUpCanNotUseSelf	芯片升级不能消耗自己
25002016	DlcChipLevelUpCanNotRepeatUseSameChip	芯片升级不能重复消耗同一芯片
25002017	DlcChipLevelUpUseChipTypeNotSame	升级消耗的芯片类型不一致
25002018	DlcChipBreakthroughUseChipIsEmpty	突破消耗的芯片列表为空
25002019	DlcChipBreakthroughCanNotUseSelf	芯片突破不能消耗自己
25002020	DlcChipBreakthroughCanNotRepeatUseSameChip	芯片升级不能重复消耗同一芯片
25002021	DlcChipBreakthroughIsMaxBreakthrough	芯片已到达最大突破
25002022	DlcChipBreakthroughNotAchieveLevelLimit	芯片等级未达到上限，无法突破
25002023	DlcChipBreakthroughUseChipNumNotAccord	需要消耗的芯片数量不符合，无法突破
25002024	DlcChipBreakthroughNeedUseSameChip	当前芯片突破需要消耗的相同的芯片
25002025	DlcChipBreakthroughUseChipBreakthroughNotAccord	当前芯片突破需要消耗的芯片突破等级不符合
25002026	DlcChipBreakthroughUseChipTypeNotAccord	当前芯片突破需要消耗的芯片类型不符合
25002027	DlcChipBreakthroughUseChipQualityNotAccord	当前芯片突破需要消耗的芯片品质不符合
25002028	DlcChipFormNotFound	该芯片组不存在
25002029	DlcChipFormNameIsEmpty	要更改的命名为空
25002030	DlcChipFormNameIsTooLong	超过可命名的最大长度
25002031	DlcChipFormNameIsInvalid	命名有屏蔽字，请修改
25002032	DlcChipFormWearPosNotFound	装备位置不存在
25002033	DlcChipFormSameChipCanNotWearMultiplePos	同一个芯片不能装备在多个位置
25002034	DlcChipFormSamePosCanNotWearMultiplePos	一个位置只能装备一个芯片
25002035	DlcChipFormWearPosTypeNotSame	芯片装备位置类型不一致
25002036	DlcChipFormChosePosWearNotWearChip	该位置没有装备芯片
25002037	DlcChipFormChipNotWearOnChipForm	该芯片没有装备到芯片组里
25002038	DlcChipFormAlreadyWearThisChip	芯片组里已装备该芯片
25002039	DlcChipAssistChipTypeNeedMaster	支援需要用主芯片
25002040	DlcChipAssistTemplateNotFound	芯片支援配置不存在
25003001	DlcShareTemplateNotFound	25003001常量配置不存在
25003002	DlcBossSettleConditionError	25003002Dlcboss结算徽章条件不满足
25003003	DlcBossPlayerDataNotFind	25003003Dlc玩家数据找不到
25003004	DlcBossPreWorldNotPass	25003004Dlc前置关卡未完成
25003005	DlcBossChapterNotFind	25003005Dlc章节数据找不到
25003006	DlcBossChapterNotOpen	25003006Dlc章节未开启
25003007	DlcAssistPointAlreadyReceive	25003007今日已领取
25003008	DlcAssistPointAlreadyReceiveLimit	25003008这周已达到领取上限
25003009	DlcAssistPointNotAssistData	25003009没有支援数据，无法领取
25003010	DlcBossActivityNotOpen	25003010Dlc活动未开启
25003011	DlcBossGetRankError	25003011Dlc获取排行榜信息失败
25003012	DlcDisconnectAfterTimeout	25003012超时未重连
25003013	DlcUpdateRankError	25003013更新排行榜数据错误
25003014	DlcWorldTypeNotRegister	25003014Dlc世界类型未注册
25003015	DlcServerThreadIsMax	25003014人数达到上限
25003016	DlcServerStageThreadIsMax	25003015当前StageNo配置的人数达到上限
25003017	DlcMatchServerError	25003016DlcMatchServer内部错误
25003018	DlcServerError	25003016DlcServer内部错误
25003019	DlcSwitchWorldTypeUnMatch	25003017关卡切换类型不匹配
25003020	DlcWorldPhotographFilterNotFound	25003020相机滤镜ID不存在
25003021	DlcWorldPhotographActionNotFound	25003021角色拍照动作ID不存在
25003022	DlcWorldPhotographItemObtainTypeError	25003022道具发放类型不匹配
25004001	DlcWorldTypeNotFound	25004001关卡类型不存在
25004002	DlcCasualActivityNotOpen	25004002休闲玩法活动未开启
25004003	DlcCasualActivityNotFound	25004003休闲玩法活动配置不存在
25004004	DlcCasualCubeActivityNotOpen	25004004魔方嘉年华活动未开启
25004005	DlcCasualCubeChapterNotOpen	25004005魔方嘉年华章节未开启
25004006	DlcCasualCharacterNotFound	25004006选择的角色不存在
25004007	DlcCasualQueryRankError	25004007查询排行榜失败
25004008	DlcCasualUpdateRankError	25004008更新排行榜失败
25004009	DlcCasualRankDeleteMemberError	25004009排行榜删除成员失败
25004010	DlcCasualRankScoreOutOfLimit	25004010超出最大的分限制
25004011	DlcCasualCharacterPoolCfgNotFound	25004011休闲玩法角色配置不存在
25004012	DlcCasualWorldIdAndWorldTypeInvalid	25004012匹配的关卡ID或类型无效
25004013	MatchWorldDontHaveCharacterId	25004013关卡未配置角色ID
25004014	DlcFightContReconnected	25004014战斗无法重连
25004015	DlcMultiplayerActivityNotOpen	活动未开启
25004016	DlcMultiplayerChapterNotOpen	活动章节未开启
25004017	DlcMultiplayerRoomError	活动房间错误
25004018	DlcMultiplayerWearSameTitle	已装备相同称号
25004019	DlcMultiplayerWearUnlockedTitle	不能穿戴未解锁称号
25004020	DlcMultiplayerConditionNotFinish	条件未达成
25004021	DlcMultiplayerMouseHunterParamIsNull	活动数据为空
25004022	DlcMultiplayerMouseHunterSettleStatusError	活动结算状态错误
25004023	DlcMultiplayerMouseHunterConfigError	活动配置错误
25004024	DlcMultiplayerClose	多人联机活动活动已经结束
25004025	DlcMultiplayerDiscussionVoteErrorCamp	25004025投票选择错误的阵营
25004026	DlcMultiplayerNotDiscussionVoteTime	25004026不在投票期
25004027	DlcMultiplayerAlreadyDiscussionVote	25004027已经投过票
25004028	DlcMultiplayerNoDiscussionReward	25004028没有投票奖励可以领取
25004029	DlcMultiplayerNoBpReward	25004029没有Bp奖励可以领取
25004030	DlcMultiplayerAlreadyGetBpReward	25004030Bp奖励已经领取过
25004031	DlcMultiplayerSelectSkillClientError	25004031选择技能前端发送数据错误
25004032	DlcMultiplayerSelectSkillNotActivated	25004032选择的技能未激活
25004033	DlcMultiplayerDanmakuIsNull	25004033弹幕数据为空
25004034	DlcConditionNotFinish	25004033条件未达成
25100001	DlcQuestIdNotFound	25100001任务QuestId配置不存在
25100002	DlcQuestStepIdNotFound	25100002任务StepId配置不存在
25100003	DlcQuestStepIdNotActivate	25100003任务StepId尚未激活
25100004	DlcQuestProcessIdNotFound	25100004任务ProcessId配置不存在
25100005	DlcQuestProcessIdNotActivate	25100005任务ProcessId尚未激活
25100006	DlcQuestAlreadyActivate	25100006任务已经被激活
25100007	DlcQuestNotActivate	25100007任务还未被激活
25100008	DlcQuestNotAccept	25100008任务还未被领取
25100009	DlcQuestProcessAlreadyFinish	25100009任务Process已经被完成
25100010	DlcQuestProcessAlreadyAccept	25100010任务已经被接取
25100011	DlcQuestAlreadyFinish	25100011任务已经完成
25100012	DlcQuestNotItem	25100012任务道具不足
25100013	DlcQuestUpdateValueError	25100013客户端参数值异常
25100014	DlcQuestPreStepConfigError	25100014Step前置条件配置错误
25100015	DlcQuestNotInit	25100015任务模块未初始化
25100016	DlcQuestRpcNotFind	25100016未知得请求协议
25100017	DlcQuestThrowError	25100017任务模块内部错误
25100018	DlcQuestItemOptionTooMuch	25100018任务一次操作道具过多
25100019	DlcQuestItemTryAddFailed	25100019任务道具添加异常
25100020	DlcQuestItemRecycleDecOnly	25100020任务道具回收只减不增
25100021	DlcQuestItemRecycleFailed	25100021任务道具回收异常
25100022	DlcQuestItemConfigError	25100022任务道具配置不存在
25100023	DlcQuestNotFound	25100023任务不在进行中
25100024	DlcObjectiveItemConfigError	25100024任务奖励配置错误
25100025	DlcQuestItemOverMax	25100025背包中任务奖励道具已经超出最大数量限制
25100026	DlcQuestNotItemId	25100026任务道具Id配置不存在
25100027	DlcQuestNotEnoughItem	25100027任务道具数量不足
25100028	DlcQuestNotItemInBag	25100028任务道具不在背包
25100029	DlcQuestShortMessageRequestError	25100029任务短信检查请求错误
25100030	DlcQuestShortMessageActived	25100030任务短信已激活
25100031	DlcQuestConditionRequestError	25100031任务条件请求错误
25100032	DlcQuestConditionTargetIsNull	25100032任务条件达成时的通知回调为空
25100033	DlcQuestConditionIdNoConfig	25100033任务条件id配置不存在
25100034	DlcQuestConditionTypeNoEventType	25100034任务条件类型没有对应的触发事件
25100035	DlcQuestGetNavPointsNoQuest	25100035获取任务导航点时没找到任务对象
25100036	DlcQuestGetNavPointsNoNavPointsDict	25100036获取任务导航点时没找到导航点字典
25100037	DlcQuestNotDeliverItemQuest	25100037该任务不是交付道具任务
25100038	DlcQuestDeliverItemTypeNotMatch	25100038交付道具种类不符合要求
25100039	DlcQuestDeliverItemCountNotMatch	25100039交付道具数量不符合要求
25100040	DlcQuestCannotAcceptNow	25100040该任务目前无法接取
25100041	DlcQuestCategoryNotMatch	25100041任务分类不匹配
25100042	DlcQuestInviteQuestNotUnlockAllResult	25100042任务未解锁所有的分支结局
25100043	DlcQuestInviteQuestResultRewardAlreadyGot	25100043任务分支结局累计奖励已领取过
25100044	DlcQuestInviteQuestInfoIsNull	25100044邀约任务数据为空
25100045	DlcQuestObjectiveStateIsNotCorrect	25100045任务状态不正确，无法进行该操作
25200001	DlcFashionTypeNotFound	25200001时装部位不存在
25200002	DlcFashionPartIdNotFound	25200002未配置的时装Id
25200003	DlcFashionPartIdNotMatchType	25200003时装不能装备在该位置上
25200004	DlcFashionPartIdNotOwn	25200004未拥有时装
25200005	DlcFashionResIdNotFound	25200005
25200006	DlcFashionNotSupportChangeColor	25200006时装不支持更换颜色
25200007	DlcFashionNotExistColor	25200007时装不存在颜色
25200008	DlcLackMustWearPart	25200008缺少必须穿戴部位
25200009	BigWorldMessageStepCfgNull	25200004找不到该消息的配置
25200010	BigWorldMessageNotFinish	25200005阅读短信未完成
25200011	BigWorldMessageStepRepeat	25200005消息Id重复
25200012	BigWorldMessageIsFinish	25200006该消息已经阅读
25200013	BigWorldHelpCourseCfgNotFound	25200007找不到图文教学的配置
25200014	BigWorldHelpCourseDataIsUnlocked	25200008图文教学已解锁
25200015	BigWorldHelpCourseDataNotUnlock	25200009图文教学数据未解锁
25200016	BigWorldHelpCourseDataIsRead	25200010图文教学已读
25200017	BigWorldMessageNotReadOptionPreStepId	25200011未阅读选项之前的消息
25200018	BigWorldMessageIsActive	25200012该消息已经激活
25200019	BigWorldMessageNotActive	25200013该消息还未激活
25200020	BigWorldMessageNotReadLastStep	25200014未阅读前置消息分支
25200021	BigWorldMessageLastStepError	25200015前置消息错误
25200022	DlcWorldRepetitionOpenCollectable	25200007重复开采采集物
25200023	DlcWorldCollectableIsOpen	25200008已经是开启状态
25200024	DlcWorldQuestItemCollectableIsOpen	25200024任务道具已经是开启状态
25200025	DlcWorldNotSupportCollectType	25200025不支持采集类型
25200026	DlcWorldCollectableStateChangePaError	25200009激活状态错误
25200027	DlcWorldSceneObjectIdNotExist	25200014场景物体Id不存在
25200028	DlcWorldLevelIdNotExist	25200011关卡Id不存在
25200029	DlcWorldWorldIdNotExist	25200012WorldId不存在
25200030	DlcWorldSaveDataNotExist	25200023World数据不存在
25200031	DlcWorldNotSaveInstLevel	25200024关卡非持久性关卡无需保存
25200032	DlcWorldSceneCollectableAwardConfigError	25200013采集物奖励配置错误
25200033	DlcWorldSceneAwardSendError	25200014采集物奖励发放错误
25200034	DlcWorldSceneObjectCanNotCreate	25200027场景物体不能创建
25200035	DlcWorldLevelStateCheckParamsError	25200015关卡状态处理参数错误
25200036	BigWorldCafeNotOpen	25200025咖啡厅功能还未开放
25200037	BigWorldCafeDataNotInit	25200008咖啡厅数据还未初始化
25200038	BigWorldCafeGroupIdError	25200009咖啡厅卡组Id超过上限
25200039	BigWorldCafeGroupListError	25200010咖啡厅卡片最大数量超过上限
25200040	BigWorldCafeStageConfigError	25200011咖啡厅关卡不存在
25200041	BigWorldCafeAwardConfigError	25200012咖啡厅关卡奖励配置错误
25200042	BigWorldCafeAwardSendError	25200013咖啡厅关卡奖励发放错误
25200043	BigWorldCafeStageConditionError	25200032咖啡厅关卡目标条件不满足
25200044	BigWorldCafeCardIdNotExsitError	25200014咖啡厅卡片Id不存在
25200045	BigWorldCafeCardNumOverown	25200015咖啡厅回合中出现的卡片数量超出了玩家拥有的数量
25200046	BigWorldCafeNewRoundError	25200016咖啡厅新牌局必须从第一回合开始
25200047	BigWorldCafeNextRoundError	25200017咖啡厅牌局回合数量错误
25200048	BigWorldCafeCafeGamblingIsError	25200018咖啡厅牌局数据为空
25200049	BigWorldCafeCafeGroupIsNullError	25200019咖啡卡组数据为空
25200050	BigWorldCafeCafeCardIdNotInConfigError	25200020咖啡卡顾客Id不存在
25200051	BigWorldCafeCardTypeError	25200033关卡Type错误
25200052	BigWorldCafeListNotNull	25200034剧情模式下卡牌列表不为空
25200053	BigWorldCafeCardListIsNull	25200035挑战模式下卡牌列表为空
25200054	BigWorldCafeStageIdError	25200036牌局关卡Id异常
25200055	BigWorldCafeBuffSizeError	25200037牌局Buff数据尺寸异常
25200056	BigWorldCafeNextRoundBuffsSizeError	25200043下一局牌局Buff数据尺寸异常
25200057	BigWorldCafeUseNotActivityCard	25200038玩家使用了未激活的卡牌
25200058	BigWorldCafeNotPass	25200047咖啡厅牌局还未通关
25200059	BigWorldCafeAlreadyKickOut	25200048咖啡厅场景跳转引导已经执行
25200060	BigWorldCafeNotAllowKickOut	25200049咖啡厅该关卡不允许执行场景跳转引导
25200061	BigWorldCafeRoundCardError	25200054咖啡厅本回合手牌异常
25200062	BigWorldCafeRoundHandCardError	25200055咖啡厅本回合出牌前手牌异常
25200063	BigWorldCafeRoundReviewError	25200056咖啡厅点赞数据异常
25200064	BigWorldFightError	25200039服务器世界内部异常
25200065	BigWorldNotCreateFight	25200040未预先创建世界
25200066	BigWorldNotInit	25200041未初始化世界
25200067	BigWorldNotInitPlayer	25200047未初始化玩家数据
25200068	BigWorldLevelNotInWorld	25200048副本场景不属于大世界
25200069	BigWorldPlayerNotInLevel	25200049玩家不在副本
25200070	BigWorldNotLoadComplete	25200060世界未加载完毕
25200071	BigWorldCreateLevelFail	25200061创建副本失败
25200072	BigWorldEnterNullLevel	25200062进入关卡进入空副本
25200073	BigWorldReEnterNullLevel	25200063重回关卡进入空副本
25200074	BigWorldNotHasLevelData	25200064当前世界并无该副本数据
25200075	BigWorldChallengeWorldError	25200065不能挑战大世界
25200076	BigWorldChallengeLevelSubTypeErrorStoryInst	25200066不能挑战剧情副本
25200077	BigWorldCanNotLeaveWorldByInstLeaveInst	25200067不能直接离开大世界
25200078	BigWorldLeaveInstLevelExecptionError	25200068离开副本异常
25200079	BigWorldEnterInstLevelRequestError	25200069进入副本请求错误
25200080	BigWorldEnterInstLevelIdError	25200070进入副本id错误
25200081	BigWorldEnterInstLevelAlreadyInLevel	25200081已经在同一副本中
25200082	BigWorldEnterInstLevelSubTypeErrorInstance	25200072不能进入非副本类型关卡
25200083	BigWorldEnterInstLevelExecptionError	25200073进入副本异常
25200084	BigWorldFinishInstTypeError	25200074非副本类型不能完成副本
25200085	BigWorldFinishInstSubTypeError	25200075完成副本子类型错误
25200086	BigWorldCreateFightError	25200076大世界创建战斗框架失败
25200087	BigWorldEnterWorldExecptionError	25200077进入大世界异常
25200088	BigWorldEnterInstLevelTargetPosError	25200078进入副本坐标获取失败
25200089	BigWorldInstLevelSettleDataIsNull	25200079副本结算记录数据为空
25200090	BigWorldNotInitPlayerData	25200090未初始化玩家DB数据
25200091	BigWorldNotHasLevelPayData	25200091当前世界并无玩法数据
25200092	BigWorldModuleAddTimerError	25200079大世界计时器添加错误
25200093	BigWorldModuleAddRepeatTimerError	25200080大世界定时计时器添加错误
25200094	BigWorldAlbumFull	25200081相册相片到达上限
25200095	BigWorldAlbumInvalidDeleteIds	25200082需删除相片Id参数无效
25200096	BigWorldAlbumPhotoRemarkeIsNullOrEmpty	25200083相片备注为空
25200097	BigWorldAlbumPhotoRemarkInvalid	25200084相片备注非法
25200098	BigWorldAlbumPhotoRemarkTooLong	25200085相片备注超出长度
25200099	BigWorldAlbumPhotoNotFound	25200086相片不存在
25200100	DlcFashionSuitIdNotFound	25200087未配置的时装套装Id
25200101	DlcFashionSuitCheckError	25200088设置中有不符合套装要求的部位
25200102	DlcFashionSuitEmptyError	25200089还没获得该时装
25200103	DlcFashionTypeIdNotFound	25200090未配置的时装部位
25200104	DlcFashionSexualParamError	25200091性别参数异常
25200105	BigWorldSysModInvalidSysModId	25200092无效的大世界系统模块id
25200106	BigWorldPlayerRepeatedlyEnterWorld	25200093重复进入大世界
25200107	BigWorldPlayerOffline	25200094玩家已离线
25200108	BigWorldPlayerExit	25200095玩家已退出
25200109	BigWorldNotAvailable	25200100功能不可用
25200110	DlcWorldSceneObjectIsNotCollect	25200108对象不可采集
25200111	DlcWorldSceneObjectIsNotTreasureBox	25200101该物品不属于宝箱
25200112	BigWorldSaveFovGroupIdNotFound	25200110保存视角的组Id不存在
25200113	BigWorldSaveFovEFovTypeError	25200111保存视角类型无效
25200114	BigWorldCustomParamIdNotFound	25200112自定义参数Id未配置
25200115	BigWorldCustomParamMarkDataNotInit	25200115自定义参数数据未初始化
25200116	BigWorldNewsIdNotFound	25200113新闻Id未配置
25200117	BigWorldNewsIdInvalid	25200114新闻Id无效
25200118	BigWorldNewsIdNotUnlocked	25200115新闻Id未满足解锁条件
25200119	BigWorldNewsIdNotPopupCondition	25200116新闻Id未满足弹窗条件
25300001	RelinkActivityNotOpen	超链协阵活动未开启
25300002	RelinkEquipTemplateNotFound	超链协阵找不到装备的配置
25300003	RelinkEquipTypeNotFound	超链协阵不存在的装备槽位类型
25300004	RelinkEquipNotOwned	未拥有此装备
25300005	RelinkEquipAlreadyOwned	已拥有此装备
25300006	RelinkEquipAlreadyLocked	装备已被锁定
25300007	RelinkEquipUnlocked	装备未被锁定
25300008	RelinkEquipAlreadyWorn	装备已被穿戴
25300009	RelinkEquipSlotNotMatch	装备槽位不匹配
25300010	RelinkEquipNotWorn	装备未被穿戴
25300011	RelinkEquipSlotNotExist	装备槽位不存在
25300012	RelinkEquipSlotNotEnough	装备可用基础扩展槽不足
25300013	RelinkCharaterDataNotFound	找不到玩家的角色数据
25300014	RelinkEquipBagIsFull	仓库已满
25300015	RelinkEquipPresetNameInvalid	装备预设套装名称中包含非法字符
25300016	RelinkEquipPresetNameTooLong	装备预设套装名称过长
25300017	RelinkEquipPresetNotFound	找不到装备预设套装
25300018	RelinkEquipComposeTemplateNotFound	找不到合成配置
25300019	RelinkEquipComposePoolTemplateNotFound	找不到合成装备配置
25300020	RelinkEquipComposeTypeNotSpecified	需要指定合成方式
25300021	RelinkEquipComposeCountIllegal	25300021联机共斗合成数量非法
25300022	RelinkEquipBreakTemplateNotFound	找不到装备分解的配置
25300023	RelinkActivityNotExist	活动不存在
25300024	RelinkReachMaxLevel	已经达到最大等级
25300025	RelinkNotExistNextLevel	不存在下一等级
25300026	RelinkPlayerLevelTemplateNotFound	找不到玩家等级配置
25300027	RelinkNotEnoughCoin	升级所需道具不够
25300028	RelinkUpLevelNotPassFail	未通关指定关卡
25300029	RelinkNotExistCharacterId	角色不存在
25300030	RelinkCharacterFail	非法机体
25300031	RelinkCharacterStyleTypeNotLockFail	角色职业未解锁
25300032	RelinkEmojiWheelOverLimit	表情超过最大上限
25300033	RelinkEmojiWheelRepeat	表情重复保存
25300034	RelinkEmojiNotExist	表情不存在
25300035	RelinkEmojiNotOwn	未拥有表情
25300036	RelinkSignConfigError	签到数据错误
25300037	RelinkSignDefaultConfigError	签到奖励错误
25300038	RelinkLevelNotExist	关卡不存在
25300039	RelinkPreLevelNotExist	前置关卡不存在
25300040	RelinkPreLevelNotPass	成员前置关卡未完成
25300041	RelinkChapterNotExist	BOSS不存在
25300042	RelinkChapterNotOpen	BOSS未开启
25300043	RelinkLevelNotOpen	关卡未开启
25300044	RelinkChapterConditionError	BOSS未满足开启条件
25300045	RelinkLevelConditionError	关卡未满足开启条件
25300046	RelinkDropGroupNotExist	奖池不存在
25300047	RelinkDropGroupCountError	奖池数量异常
25300048	RelinkDropGroupNullError	奖池异常
25300049	RelinkRewardGroupNotExist	奖励组不存在
25300050	RelinkRewardGroupCountError	奖励组数量异常
25300051	RelinkNotSetNpc	未选择过出战角色
25300052	RelinkSetEmojiParamError	设置表情参数错误
25300053	RelinkPlayerIsReady	准备中无法操作
25300054	RelinkUpdateRankError	更新排行榜数据加载异常
25300055	RelinkUpdateRankEmptyDataError	更新排行榜空数据异常
25300056	RelinkUpdateRankLevelDataError	更新排行榜关卡数据异常
25300057	RelinkUpdateRankScoreDataError	更新排行榜分数数据异常
25300058	RelinkUpdateRankCharacterDataError	更新排行榜角色数据异常
25300059	RelinkUpdateRankTeamKeyDataError	更新排行榜小队数据异常
25300060	RelinkUpdateRankDataError	更新排行榜数据异常
25300061	RelinkLevelNotRankError	关卡未配置排行榜
25300062	RelinkActivityRankError	排行榜活动标识异常
25300063	RelinkStyleTypeError	非法职业
25300064	RelinkSameStyleTypeError	当前已是该职业
25300065	RelinkCharacterNotExistStyleType	角色职业不存在
25300066	RelinkMainEquipNotAllowAbsort	主要装备不能被吸收
25300067	RelinkDeputyFactorIsEmpty	特性删除次数为空
25300068	RelinkFactorSlotIsMax	特性插槽已满
25300069	RelinkFactorSlotNotFind	特性插槽不存在
25300070	RelinkChapterNotConfig	章节未配置
25300071	RelinkPlayerLevelNotFind	等级配置不存在
25300072	RelinkNamePlateIdNotMatch	铭牌不匹配
25300073	RelinkReadyStateDonSwitchChar	准备状态下不可切换
25300074	RelinkSPChapterDonSwitchChar	当前关卡不可切换
25300075	RelinkMatchParamError	匹配参数错误
25300076	RelinkConditionError	条件不满足
25300077	RelinkAbsorbInsufficientAttempts	特性吸收次数不足
25300078	RelinkEquipLevelNotStatisfied	装备等级不满足关卡要求
25300079	RelinkLevelUnlocked	关卡尚未解锁
25300080	RelinkCharacterNotExistDefaultStyleType	角色默认职业不存在
25300081	RelinkEquipCannotAbsorbSelf	无法吸收同一个装备
25300082	RelinkMatchStateDonSwitchChar	匹配状态下不可切换
25300083	RelinkMatchCharacterIsNull	匹配角色信息异常
25300084	RelinkMatchWorldNpcDataIsNull	匹配关卡数据异常
25300085	RelinkMatchNotStart	未开始匹配
25300086	RelinkMatchPoolNotExist	匹配异常
25300087	RelinkCannotEnableGlobalMatch	未满足全局匹配开启条件
25300088	RelinkGlobalMatchRewardOver	全局匹配奖励获取超出上限
25300089	RelinkPlayerLevelComposeNotMatch	玩家研发等级和当前装备合成池不匹配
25300090	RelinkPlayerLikeSelf	25300090不能给自己点赞
25300091	RelinkPlayerNotInTheRoom	25300091不在队伍中
25300092	RelinkPlayerIsMatching	匹配中无法操作
30002001	PlayerNotExist	玩家不存在
30002002	ServerNodeNotFound	找不到服务器
30002003	RequestError	请求错误
30003001	CloudGamePostError	30003001请求微端服务器失败
30003002	CloudGameInternalError	30003002请求微端服务器发生错误
30003003	CloudGameAddGameTaskFail	30003003添加云游戏离线任务失败
30003004	CloudGameUrlIsNullError	30003004无法找到微端服务器地址
30003005	PassportTimeCardNotFound	30003005无法找到云时长配置
40001001	PayLoginTypeNonsupport	充值登录类型不支持
40001002	PayCheckSignUnMatch	充值签名不匹配
40001003	PayDecodeSignException	
40001004	PayGetOrderInfoError	充值获取订单信息失败
40001005	PayCheckReceiptGameNoIsNullOrEmpty	充值游戏单号为空
40001006	PayCheckReceiptGameOrderIsNullOrEmpty	充值游戏订单为空
40001007	PayReceiptNotFound	充值凭证不存在
40001008	PayCheckReceiptGoodsIdUnMatch	充值凭证商品id不匹配
40001009	PayCheckReceiptAmountUnMatch	充值凭证价格不匹配
40001010	PayCheckReceiptChannelIdUnMatch	充值凭证渠道id不匹配
40001011	PayCheckReceiptChannelUidUnMatch	充值凭证渠道用户id不匹配
40001012	PayUpdateReceiptStatusFail	充值更新凭证状态失败
40001013	PayFirstPayRewardIsGet	首充奖励已领取
40001014	PayTotalPayMoneyNotEnough	累计充值金额不足
40001015	PayOrderAlreadyRefund	充值订单已退单
40001016	PayUseKeyPlatformError	
40001017	AccumulatedPayIdIsError	累计充值Id错误
40001018	AccumulatedPayIdIsNotExist	累计充值Id不存在
40001019	AccumulatedPayIdNotInOpenTime	累计充值活动未开启
40001020	AccumulatedPayRewardIdIsError	累计充值奖励id错误
40001021	AccumulatedPayRewardIdIsNotExist	累计充值奖励id不存在
40001022	AccumulatePayRewardIdIsGot	奖励已领取
40001023	AccumulatePayRewardMoneyNotEnough	充值金额不够
40001024	PayUnsupportedTargetType	40001024
40001025	PayInvalidPlatformForPay	40001025
40001026	PayPlatformPayKeyNotMatch	40001026
40001027	PayModuleNotHandled	40001027
40001028	PayPlatformShield	暂不开放充值功能
40001029	AccumulatedExtraPayRewardIdIsNotExist	40001025累充额外奖励Id无效
40001030	PayCheckReceiptCurrencyUnMatch	40001026充值凭证币种不匹配
