Id	CullingLayer	HasCollider	PositionX	PositionY	PositionZ	QuaternionX	QuaternionY	QuaternionZ	QuaternionW	ScaleX	ScaleY	ScaleZ	PrefabPath	ParentPathStr	EntityName	GridLocX	GridLocY	GridLocZ	EntityDataPath
1			294.0	100.0	210.0				1.0	1.0	1.0	1.0	Assets/Product/BigWorld/SkyGarden/StaticPrefabs/Scene_Faos01/MG_Main_L0_X133_Y135.prefab		MG_Main_L0_X133_Y135	135	133		
2			252.0	100.0	168.0				1.0	1.0	1.0	1.0	Assets/Product/BigWorld/SkyGarden/StaticPrefabs/Scene_Faos01/MG_Main_L0_X132_Y134.prefab		MG_Main_L0_X132_Y134	134	132		
3			294.0	100.0	126.0				1.0	1.0	1.0	1.0	Assets/Product/BigWorld/SkyGarden/StaticPrefabs/Scene_Faos01/MG_Main_L0_X131_Y135.prefab		MG_Main_L0_X131_Y135	135	131		
4			294.0	100.0	168.0				1.0	1.0	1.0	1.0	Assets/Product/BigWorld/SkyGarden/StaticPrefabs/Scene_Faos01/MG_Main_L0_X132_Y135.prefab		MG_Main_L0_X132_Y135	135	132		
5			672.0	100.0	252.0				1.0	1.0	1.0	1.0	Assets/Product/BigWorld/SkyGarden/StaticPrefabs/Scene_Faos01/MG_Main_L1_X67_Y72.prefab		MG_Main_L1_X67_Y72	72	67	1	
6			252.0	100.0	168.0				1.0	1.0	1.0	1.0	Assets/Product/BigWorld/SkyGarden/StaticPrefabs/Scene_Faos01/MG_Main_L1_X66_Y67.prefab		MG_Main_L1_X66_Y67	67	66	1	
7			336.0	100.0	168.0				1.0	1.0	1.0	1.0	Assets/Product/BigWorld/SkyGarden/StaticPrefabs/Scene_Faos01/MG_Main_L1_X66_Y68.prefab		MG_Main_L1_X66_Y68	68	66	1	
8			672.0	100.0	336.0				1.0	1.0	1.0	1.0	Assets/Product/BigWorld/SkyGarden/StaticPrefabs/Scene_Faos01/MG_Main_L2_X34_Y36.prefab		MG_Main_L2_X34_Y36	36	34	2	
9			336.0	100.0	168.0				1.0	1.0	1.0	1.0	Assets/Product/BigWorld/SkyGarden/StaticPrefabs/Scene_Faos01/MG_Main_L2_X33_Y34.prefab		MG_Main_L2_X33_Y34	34	33	2	
10			672.0	100.0	336.0				1.0	1.0	1.0	1.0	Assets/Product/BigWorld/SkyGarden/StaticPrefabs/Scene_Faos01/MG_Main_L3_X17_Y18.prefab		MG_Main_L3_X17_Y18	18	17	3	
11			336.0	100.0	336.0				1.0	1.0	1.0	1.0	Assets/Product/BigWorld/SkyGarden/StaticPrefabs/Scene_Faos01/MG_Main_L3_X17_Y17.prefab		MG_Main_L3_X17_Y17	17	17	3	
12				100.0					1.0	1.0	1.0	1.0	Assets/Product/BigWorld/SkyGarden/StaticPrefabs/Scene_Faos01/MG_Main_L4_X8_Y8.prefab		MG_Main_L4_X8_Y8	8	8	4	
13				100.0					1.0	1.0	1.0	1.0	Assets/Product/BigWorld/SkyGarden/StaticPrefabs/Scene_Faos01/MG_Main_L5_X4_Y4.prefab		MG_Main_L5_X4_Y4	4	4	5	
14				100.0					1.0	1.0	1.0	1.0	Assets/Product/BigWorld/SkyGarden/StaticPrefabs/Scene_Faos01/MG_Main_L8_X0_Y0.prefab		MG_Main_L8_X0_Y0			8	
15	3	True	352.0	100.0	160.0				1.0	1.0	1.0	1.0	Assets/Product/BigWorld/SkyGarden/StaticPrefabs/Scene_Faos01/MG_TrainingRoom_L0_X133_Y139.prefab		MG_TrainingRoom_L0_X133_Y139	139	133		
16	3	True	320.0	100.0	160.0				1.0	1.0	1.0	1.0	Assets/Product/BigWorld/SkyGarden/StaticPrefabs/Scene_Faos01/MG_TrainingRoom_L0_X133_Y138.prefab		MG_TrainingRoom_L0_X133_Y138	138	133		
17	3	True	352.0	100.0	192.0				1.0	1.0	1.0	1.0	Assets/Product/BigWorld/SkyGarden/StaticPrefabs/Scene_Faos01/MG_TrainingRoom_L0_X134_Y139.prefab		MG_TrainingRoom_L0_X134_Y139	139	134		
18	3	True	320.0	100.0	192.0				1.0	1.0	1.0	1.0	Assets/Product/BigWorld/SkyGarden/StaticPrefabs/Scene_Faos01/MG_TrainingRoom_L0_X134_Y138.prefab		MG_TrainingRoom_L0_X134_Y138	138	134		
19	3	True	384.0	100.0	160.0				1.0	1.0	1.0	1.0	Assets/Product/BigWorld/SkyGarden/StaticPrefabs/Scene_Faos01/MG_TrainingRoom_L0_X133_Y140.prefab		MG_TrainingRoom_L0_X133_Y140	140	133		
20	3	True	384.0	100.0	192.0				1.0	1.0	1.0	1.0	Assets/Product/BigWorld/SkyGarden/StaticPrefabs/Scene_Faos01/MG_TrainingRoom_L0_X134_Y140.prefab		MG_TrainingRoom_L0_X134_Y140	140	134		
21	3		384.0	100.0	192.0				1.0	1.0	1.0	1.0	Assets/Product/BigWorld/SkyGarden/StaticPrefabs/Scene_Faos01/MG_TrainingRoom_L1_X67_Y70.prefab		MG_TrainingRoom_L1_X67_Y70	70	67	1	
22	3		320.0	100.0	192.0				1.0	1.0	1.0	1.0	Assets/Product/BigWorld/SkyGarden/StaticPrefabs/Scene_Faos01/MG_TrainingRoom_L1_X67_Y69.prefab		MG_TrainingRoom_L1_X67_Y69	69	67	1	
23	3		320.0	100.0	128.0				1.0	1.0	1.0	1.0	Assets/Product/BigWorld/SkyGarden/StaticPrefabs/Scene_Faos01/MG_TrainingRoom_L1_X66_Y69.prefab		MG_TrainingRoom_L1_X66_Y69	69	66	1	
24	3		256.0	100.0	256.0				1.0	1.0	1.0	1.0	Assets/Product/BigWorld/SkyGarden/StaticPrefabs/Scene_Faos01/MG_TrainingRoom_L3_X17_Y17.prefab		MG_TrainingRoom_L3_X17_Y17	17	17	3	
25	4	True	640.0	100.0	256.0				1.0	1.0	1.0	1.0	Assets/Product/BigWorld/SkyGarden/StaticPrefabs/Scene_Faos01/MG_GoldenHall_BuildingHuge_L0_X68_Y74.prefab		MG_GoldenHall_BuildingHuge_L0_X68_Y74	74	68		
26	4		640.0	100.0	192.0				1.0	1.0	1.0	1.0	Assets/Product/BigWorld/SkyGarden/StaticPrefabs/Scene_Faos01/MG_GoldenHall_BuildingHuge_L0_X67_Y74.prefab		MG_GoldenHall_BuildingHuge_L0_X67_Y74	74	67		
27	4		576.0	100.0	256.0				1.0	1.0	1.0	1.0	Assets/Product/BigWorld/SkyGarden/StaticPrefabs/Scene_Faos01/MG_GoldenHall_BuildingHuge_L0_X68_Y73.prefab		MG_GoldenHall_BuildingHuge_L0_X68_Y73	73	68		
28	4		576.0	100.0	320.0				1.0	1.0	1.0	1.0	Assets/Product/BigWorld/SkyGarden/StaticPrefabs/Scene_Faos01/MG_GoldenHall_BuildingHuge_L0_X69_Y73.prefab		MG_GoldenHall_BuildingHuge_L0_X69_Y73	73	69		
29	4		640.0	100.0	320.0				1.0	1.0	1.0	1.0	Assets/Product/BigWorld/SkyGarden/StaticPrefabs/Scene_Faos01/MG_GoldenHall_BuildingHuge_L0_X69_Y74.prefab		MG_GoldenHall_BuildingHuge_L0_X69_Y74	74	69		
30	4		704.0	100.0	320.0				1.0	1.0	1.0	1.0	Assets/Product/BigWorld/SkyGarden/StaticPrefabs/Scene_Faos01/MG_GoldenHall_BuildingHuge_L0_X69_Y75.prefab		MG_GoldenHall_BuildingHuge_L0_X69_Y75	75	69		
31	4		704.0	100.0	256.0				1.0	1.0	1.0	1.0	Assets/Product/BigWorld/SkyGarden/StaticPrefabs/Scene_Faos01/MG_GoldenHall_BuildingHuge_L0_X68_Y75.prefab		MG_GoldenHall_BuildingHuge_L0_X68_Y75	75	68		
32	4	True	640.0	100.0	256.0				1.0	1.0	1.0	1.0	Assets/Product/BigWorld/SkyGarden/StaticPrefabs/Scene_Faos01/MG_GoldenHall_BuildingHuge_L1_X34_Y37.prefab		MG_GoldenHall_BuildingHuge_L1_X34_Y37	37	34	1	
33	4		768.0	100.0	256.0				1.0	1.0	1.0	1.0	Assets/Product/BigWorld/SkyGarden/StaticPrefabs/Scene_Faos01/MG_GoldenHall_BuildingHuge_L2_X17_Y19.prefab		MG_GoldenHall_BuildingHuge_L2_X17_Y19	19	17	2	
34	4		512.0	100.0	512.0				1.0	1.0	1.0	1.0	Assets/Product/BigWorld/SkyGarden/StaticPrefabs/Scene_Faos01/MG_GoldenHall_BuildingHuge_L3_X9_Y9.prefab		MG_GoldenHall_BuildingHuge_L3_X9_Y9	9	9	3	
35	4		512.0	100.0					1.0	1.0	1.0	1.0	Assets/Product/BigWorld/SkyGarden/StaticPrefabs/Scene_Faos01/MG_GoldenHall_BuildingHuge_L3_X8_Y9.prefab		MG_GoldenHall_BuildingHuge_L3_X8_Y9	9	8	3	
36	4		1024.0	100.0					1.0	1.0	1.0	1.0	Assets/Product/BigWorld/SkyGarden/StaticPrefabs/Scene_Faos01/MG_GoldenHall_BuildingHuge_L4_X4_Y5.prefab		MG_GoldenHall_BuildingHuge_L4_X4_Y5	5	4	4	
37	5		640.0	100.0	192.0				1.0	1.0	1.0	1.0	Assets/Product/BigWorld/SkyGarden/StaticPrefabs/Scene_Faos01/MG_GoldenHall_Middle_L0_X67_Y74.prefab		MG_GoldenHall_Middle_L0_X67_Y74	74	67		
38	5		640.0	100.0	320.0				1.0	1.0	1.0	1.0	Assets/Product/BigWorld/SkyGarden/StaticPrefabs/Scene_Faos01/MG_GoldenHall_Middle_L0_X69_Y74.prefab		MG_GoldenHall_Middle_L0_X69_Y74	74	69		
39	5		704.0	100.0	256.0				1.0	1.0	1.0	1.0	Assets/Product/BigWorld/SkyGarden/StaticPrefabs/Scene_Faos01/MG_GoldenHall_Middle_L0_X68_Y75.prefab		MG_GoldenHall_Middle_L0_X68_Y75	75	68		
40	5		576.0	100.0	320.0				1.0	1.0	1.0	1.0	Assets/Product/BigWorld/SkyGarden/StaticPrefabs/Scene_Faos01/MG_GoldenHall_Middle_L0_X69_Y73.prefab		MG_GoldenHall_Middle_L0_X69_Y73	73	69		
41	5		576.0	100.0	256.0				1.0	1.0	1.0	1.0	Assets/Product/BigWorld/SkyGarden/StaticPrefabs/Scene_Faos01/MG_GoldenHall_Middle_L0_X68_Y73.prefab		MG_GoldenHall_Middle_L0_X68_Y73	73	68		
42	5		704.0	100.0	320.0				1.0	1.0	1.0	1.0	Assets/Product/BigWorld/SkyGarden/StaticPrefabs/Scene_Faos01/MG_GoldenHall_Middle_L0_X69_Y75.prefab		MG_GoldenHall_Middle_L0_X69_Y75	75	69		
43	5		640.0	100.0	256.0				1.0	1.0	1.0	1.0	Assets/Product/BigWorld/SkyGarden/StaticPrefabs/Scene_Faos01/MG_GoldenHall_Middle_L0_X68_Y74.prefab		MG_GoldenHall_Middle_L0_X68_Y74	74	68		
44	5	True	640.0	100.0	256.0				1.0	1.0	1.0	1.0	Assets/Product/BigWorld/SkyGarden/StaticPrefabs/Scene_Faos01/MG_GoldenHall_Middle_L1_X34_Y37.prefab		MG_GoldenHall_Middle_L1_X34_Y37	37	34	1	
45	6	True	588.0	100.0	294.0				1.0	1.0	1.0	1.0	Assets/Product/BigWorld/SkyGarden/StaticPrefabs/Scene_Faos01/MG_GoldenHall_Small_L0_X135_Y142.prefab		MG_GoldenHall_Small_L0_X135_Y142	142	135		
46	6	True	672.0	100.0	252.0				1.0	1.0	1.0	1.0	Assets/Product/BigWorld/SkyGarden/StaticPrefabs/Scene_Faos01/MG_GoldenHall_Small_L0_X134_Y144.prefab		MG_GoldenHall_Small_L0_X134_Y144	144	134		
47	6	True	672.0	100.0	294.0				1.0	1.0	1.0	1.0	Assets/Product/BigWorld/SkyGarden/StaticPrefabs/Scene_Faos01/MG_GoldenHall_Small_L0_X135_Y144.prefab		MG_GoldenHall_Small_L0_X135_Y144	144	135		
48	6	True	630.0	100.0	294.0				1.0	1.0	1.0	1.0	Assets/Product/BigWorld/SkyGarden/StaticPrefabs/Scene_Faos01/MG_GoldenHall_Small_L0_X135_Y143.prefab		MG_GoldenHall_Small_L0_X135_Y143	143	135		
49	6	True	630.0	100.0	252.0				1.0	1.0	1.0	1.0	Assets/Product/BigWorld/SkyGarden/StaticPrefabs/Scene_Faos01/MG_GoldenHall_Small_L0_X134_Y143.prefab		MG_GoldenHall_Small_L0_X134_Y143	143	134		
50	6	True	588.0	100.0	252.0				1.0	1.0	1.0	1.0	Assets/Product/BigWorld/SkyGarden/StaticPrefabs/Scene_Faos01/MG_GoldenHall_Small_L0_X134_Y142.prefab		MG_GoldenHall_Small_L0_X134_Y142	142	134		
51	6	True	672.0	100.0	210.0				1.0	1.0	1.0	1.0	Assets/Product/BigWorld/SkyGarden/StaticPrefabs/Scene_Faos01/MG_GoldenHall_Small_L0_X133_Y144.prefab		MG_GoldenHall_Small_L0_X133_Y144	144	133		
52	6	True	672.0	100.0	336.0				1.0	1.0	1.0	1.0	Assets/Product/BigWorld/SkyGarden/StaticPrefabs/Scene_Faos01/MG_GoldenHall_Small_L0_X136_Y144.prefab		MG_GoldenHall_Small_L0_X136_Y144	144	136		
53	6	True	630.0	100.0	336.0				1.0	1.0	1.0	1.0	Assets/Product/BigWorld/SkyGarden/StaticPrefabs/Scene_Faos01/MG_GoldenHall_Small_L0_X136_Y143.prefab		MG_GoldenHall_Small_L0_X136_Y143	143	136		
54	6	True	630.0	100.0	210.0				1.0	1.0	1.0	1.0	Assets/Product/BigWorld/SkyGarden/StaticPrefabs/Scene_Faos01/MG_GoldenHall_Small_L0_X133_Y143.prefab		MG_GoldenHall_Small_L0_X133_Y143	143	133		
55	6	True	714.0	100.0	294.0				1.0	1.0	1.0	1.0	Assets/Product/BigWorld/SkyGarden/StaticPrefabs/Scene_Faos01/MG_GoldenHall_Small_L0_X135_Y145.prefab		MG_GoldenHall_Small_L0_X135_Y145	145	135		
56	6	True	714.0	100.0	252.0				1.0	1.0	1.0	1.0	Assets/Product/BigWorld/SkyGarden/StaticPrefabs/Scene_Faos01/MG_GoldenHall_Small_L0_X134_Y145.prefab		MG_GoldenHall_Small_L0_X134_Y145	145	134		
57	6	True	546.0	100.0	294.0				1.0	1.0	1.0	1.0	Assets/Product/BigWorld/SkyGarden/StaticPrefabs/Scene_Faos01/MG_GoldenHall_Small_L0_X135_Y141.prefab		MG_GoldenHall_Small_L0_X135_Y141	141	135		
58	6	True	546.0	100.0	252.0				1.0	1.0	1.0	1.0	Assets/Product/BigWorld/SkyGarden/StaticPrefabs/Scene_Faos01/MG_GoldenHall_Small_L0_X134_Y141.prefab		MG_GoldenHall_Small_L0_X134_Y141	141	134		
59	6	True	672.0	100.0	336.0				1.0	1.0	1.0	1.0	Assets/Product/BigWorld/SkyGarden/StaticPrefabs/Scene_Faos01/MG_GoldenHall_Small_L1_X68_Y72.prefab		MG_GoldenHall_Small_L1_X68_Y72	72	68	1	
60	6	True	672.0	100.0	252.0				1.0	1.0	1.0	1.0	Assets/Product/BigWorld/SkyGarden/StaticPrefabs/Scene_Faos01/MG_GoldenHall_Small_L1_X67_Y72.prefab		MG_GoldenHall_Small_L1_X67_Y72	72	67	1	
61	6	True	588.0	100.0	252.0				1.0	1.0	1.0	1.0	Assets/Product/BigWorld/SkyGarden/StaticPrefabs/Scene_Faos01/MG_GoldenHall_Small_L1_X67_Y71.prefab		MG_GoldenHall_Small_L1_X67_Y71	71	67	1	
62	6	True	588.0	100.0	336.0				1.0	1.0	1.0	1.0	Assets/Product/BigWorld/SkyGarden/StaticPrefabs/Scene_Faos01/MG_GoldenHall_Small_L1_X68_Y71.prefab		MG_GoldenHall_Small_L1_X68_Y71	71	68	1	
63	6	True	672.0	100.0	168.0				1.0	1.0	1.0	1.0	Assets/Product/BigWorld/SkyGarden/StaticPrefabs/Scene_Faos01/MG_GoldenHall_Small_L2_X33_Y36.prefab		MG_GoldenHall_Small_L2_X33_Y36	36	33	2	
64	6		672.0	100.0	336.0				1.0	1.0	1.0	1.0	Assets/Product/BigWorld/SkyGarden/StaticPrefabs/Scene_Faos01/MG_GoldenHall_Small_L2_X34_Y36.prefab		MG_GoldenHall_Small_L2_X34_Y36	36	34	2	
65	7		576.0	100.0	320.0				1.0	1.0	1.0	1.0	Assets/Product/BigWorld/SkyGarden/StaticPrefabs/Scene_Faos01/MG_GoldenHall_BuildingMiddle_L0_X69_Y73.prefab		MG_GoldenHall_BuildingMiddle_L0_X69_Y73	73	69		
66	7	True	576.0	100.0	256.0				1.0	1.0	1.0	1.0	Assets/Product/BigWorld/SkyGarden/StaticPrefabs/Scene_Faos01/MG_GoldenHall_BuildingMiddle_L0_X68_Y73.prefab		MG_GoldenHall_BuildingMiddle_L0_X68_Y73	73	68		
67	7	True	640.0	100.0	320.0				1.0	1.0	1.0	1.0	Assets/Product/BigWorld/SkyGarden/StaticPrefabs/Scene_Faos01/MG_GoldenHall_BuildingMiddle_L0_X69_Y74.prefab		MG_GoldenHall_BuildingMiddle_L0_X69_Y74	74	69		
68	7		640.0	100.0	192.0				1.0	1.0	1.0	1.0	Assets/Product/BigWorld/SkyGarden/StaticPrefabs/Scene_Faos01/MG_GoldenHall_BuildingMiddle_L0_X67_Y74.prefab		MG_GoldenHall_BuildingMiddle_L0_X67_Y74	74	67		
69	7		704.0	100.0	256.0				1.0	1.0	1.0	1.0	Assets/Product/BigWorld/SkyGarden/StaticPrefabs/Scene_Faos01/MG_GoldenHall_BuildingMiddle_L0_X68_Y75.prefab		MG_GoldenHall_BuildingMiddle_L0_X68_Y75	75	68		
70	7		704.0	100.0	320.0				1.0	1.0	1.0	1.0	Assets/Product/BigWorld/SkyGarden/StaticPrefabs/Scene_Faos01/MG_GoldenHall_BuildingMiddle_L0_X69_Y75.prefab		MG_GoldenHall_BuildingMiddle_L0_X69_Y75	75	69		
71	7		704.0	100.0	192.0				1.0	1.0	1.0	1.0	Assets/Product/BigWorld/SkyGarden/StaticPrefabs/Scene_Faos01/MG_GoldenHall_BuildingMiddle_L0_X67_Y75.prefab		MG_GoldenHall_BuildingMiddle_L0_X67_Y75	75	67		
72	7		576.0	100.0	192.0				1.0	1.0	1.0	1.0	Assets/Product/BigWorld/SkyGarden/StaticPrefabs/Scene_Faos01/MG_GoldenHall_BuildingMiddle_L0_X67_Y73.prefab		MG_GoldenHall_BuildingMiddle_L0_X67_Y73	73	67		
73	7	True	512.0	100.0	256.0				1.0	1.0	1.0	1.0	Assets/Product/BigWorld/SkyGarden/StaticPrefabs/Scene_Faos01/MG_GoldenHall_BuildingMiddle_L0_X68_Y72.prefab		MG_GoldenHall_BuildingMiddle_L0_X68_Y72	72	68		
74	7	True	640.0	100.0	256.0				1.0	1.0	1.0	1.0	Assets/Product/BigWorld/SkyGarden/StaticPrefabs/Scene_Faos01/MG_GoldenHall_BuildingMiddle_L0_X68_Y74.prefab		MG_GoldenHall_BuildingMiddle_L0_X68_Y74	74	68		
75	7	True	640.0	100.0	256.0				1.0	1.0	1.0	1.0	Assets/Product/BigWorld/SkyGarden/StaticPrefabs/Scene_Faos01/MG_GoldenHall_BuildingMiddle_L1_X34_Y37.prefab		MG_GoldenHall_BuildingMiddle_L1_X34_Y37	37	34	1	
76	7		768.0	100.0	256.0				1.0	1.0	1.0	1.0	Assets/Product/BigWorld/SkyGarden/StaticPrefabs/Scene_Faos01/MG_GoldenHall_BuildingMiddle_L1_X34_Y38.prefab		MG_GoldenHall_BuildingMiddle_L1_X34_Y38	38	34	1	
77	7		640.0	100.0	384.0				1.0	1.0	1.0	1.0	Assets/Product/BigWorld/SkyGarden/StaticPrefabs/Scene_Faos01/MG_GoldenHall_BuildingMiddle_L1_X35_Y37.prefab		MG_GoldenHall_BuildingMiddle_L1_X35_Y37	37	35	1	
78	7	True	512.0	100.0	256.0				1.0	1.0	1.0	1.0	Assets/Product/BigWorld/SkyGarden/StaticPrefabs/Scene_Faos01/MG_GoldenHall_BuildingMiddle_L1_X34_Y36.prefab		MG_GoldenHall_BuildingMiddle_L1_X34_Y36	36	34	1	
79	7		768.0	100.0	256.0				1.0	1.0	1.0	1.0	Assets/Product/BigWorld/SkyGarden/StaticPrefabs/Scene_Faos01/MG_GoldenHall_BuildingMiddle_L2_X17_Y19.prefab		MG_GoldenHall_BuildingMiddle_L2_X17_Y19	19	17	2	
80	7		512.0	100.0	512.0				1.0	1.0	1.0	1.0	Assets/Product/BigWorld/SkyGarden/StaticPrefabs/Scene_Faos01/MG_GoldenHall_BuildingMiddle_L3_X9_Y9.prefab		MG_GoldenHall_BuildingMiddle_L3_X9_Y9	9	9	3	
81	8		576.0	100.0	256.0				1.0	1.0	1.0	1.0	Assets/Product/BigWorld/SkyGarden/StaticPrefabs/Scene_Faos01/MG_GoldenHall_BuildingSmall_L0_X136_Y146.prefab		MG_GoldenHall_BuildingSmall_L0_X136_Y146	146	136		
82	8		576.0	100.0	288.0				1.0	1.0	1.0	1.0	Assets/Product/BigWorld/SkyGarden/StaticPrefabs/Scene_Faos01/MG_GoldenHall_BuildingSmall_L0_X137_Y146.prefab		MG_GoldenHall_BuildingSmall_L0_X137_Y146	146	137		
83	8		544.0	100.0	256.0				1.0	1.0	1.0	1.0	Assets/Product/BigWorld/SkyGarden/StaticPrefabs/Scene_Faos01/MG_GoldenHall_BuildingSmall_L0_X136_Y145.prefab		MG_GoldenHall_BuildingSmall_L0_X136_Y145	145	136		
84	8		544.0	100.0	288.0				1.0	1.0	1.0	1.0	Assets/Product/BigWorld/SkyGarden/StaticPrefabs/Scene_Faos01/MG_GoldenHall_BuildingSmall_L0_X137_Y145.prefab		MG_GoldenHall_BuildingSmall_L0_X137_Y145	145	137		
85	8		704.0	100.0	256.0				1.0	1.0	1.0	1.0	Assets/Product/BigWorld/SkyGarden/StaticPrefabs/Scene_Faos01/MG_GoldenHall_BuildingSmall_L1_X68_Y75.prefab		MG_GoldenHall_BuildingSmall_L1_X68_Y75	75	68	1	
86	8		640.0	100.0	320.0				1.0	1.0	1.0	1.0	Assets/Product/BigWorld/SkyGarden/StaticPrefabs/Scene_Faos01/MG_GoldenHall_BuildingSmall_L1_X69_Y74.prefab		MG_GoldenHall_BuildingSmall_L1_X69_Y74	74	69	1	
87	8		576.0	100.0	256.0				1.0	1.0	1.0	1.0	Assets/Product/BigWorld/SkyGarden/StaticPrefabs/Scene_Faos01/MG_GoldenHall_BuildingSmall_L1_X68_Y73.prefab		MG_GoldenHall_BuildingSmall_L1_X68_Y73	73	68	1	
88	8		704.0	100.0	320.0				1.0	1.0	1.0	1.0	Assets/Product/BigWorld/SkyGarden/StaticPrefabs/Scene_Faos01/MG_GoldenHall_BuildingSmall_L1_X69_Y75.prefab		MG_GoldenHall_BuildingSmall_L1_X69_Y75	75	69	1	
89	8		576.0	100.0	320.0				1.0	1.0	1.0	1.0	Assets/Product/BigWorld/SkyGarden/StaticPrefabs/Scene_Faos01/MG_GoldenHall_BuildingSmall_L1_X69_Y73.prefab		MG_GoldenHall_BuildingSmall_L1_X69_Y73	73	69	1	
90	8		640.0	100.0	192.0				1.0	1.0	1.0	1.0	Assets/Product/BigWorld/SkyGarden/StaticPrefabs/Scene_Faos01/MG_GoldenHall_BuildingSmall_L1_X67_Y74.prefab		MG_GoldenHall_BuildingSmall_L1_X67_Y74	74	67	1	
91	9	True	320.0	100.0	320.0				1.0	1.0	1.0	1.0	Assets/Product/BigWorld/SkyGarden/StaticPrefabs/Scene_Faos01/MG_Square_BuildingHuge_L0_X69_Y69.prefab		MG_Square_BuildingHuge_L0_X69_Y69	69	69		
92	9	True	320.0	100.0	192.0				1.0	1.0	1.0	1.0	Assets/Product/BigWorld/SkyGarden/StaticPrefabs/Scene_Faos01/MG_Square_BuildingHuge_L0_X67_Y69.prefab		MG_Square_BuildingHuge_L0_X67_Y69	69	67		
93	9	True	256.0	100.0	192.0				1.0	1.0	1.0	1.0	Assets/Product/BigWorld/SkyGarden/StaticPrefabs/Scene_Faos01/MG_Square_BuildingHuge_L0_X67_Y68.prefab		MG_Square_BuildingHuge_L0_X67_Y68	68	67		
94	9	True	256.0	100.0	320.0				1.0	1.0	1.0	1.0	Assets/Product/BigWorld/SkyGarden/StaticPrefabs/Scene_Faos01/MG_Square_BuildingHuge_L0_X69_Y68.prefab		MG_Square_BuildingHuge_L0_X69_Y68	68	69		
95	9	True	256.0	100.0	256.0				1.0	1.0	1.0	1.0	Assets/Product/BigWorld/SkyGarden/StaticPrefabs/Scene_Faos01/MG_Square_BuildingHuge_L0_X68_Y68.prefab		MG_Square_BuildingHuge_L0_X68_Y68	68	68		
96	9		384.0	100.0	192.0				1.0	1.0	1.0	1.0	Assets/Product/BigWorld/SkyGarden/StaticPrefabs/Scene_Faos01/MG_Square_BuildingHuge_L0_X67_Y70.prefab		MG_Square_BuildingHuge_L0_X67_Y70	70	67		
97	9	True	320.0	100.0	256.0				1.0	1.0	1.0	1.0	Assets/Product/BigWorld/SkyGarden/StaticPrefabs/Scene_Faos01/MG_Square_BuildingHuge_L0_X68_Y69.prefab		MG_Square_BuildingHuge_L0_X68_Y69	69	68		
98	9		384.0	100.0	256.0				1.0	1.0	1.0	1.0	Assets/Product/BigWorld/SkyGarden/StaticPrefabs/Scene_Faos01/MG_Square_BuildingHuge_L0_X68_Y70.prefab		MG_Square_BuildingHuge_L0_X68_Y70	70	68		
99	9	True	256.0	100.0	256.0				1.0	1.0	1.0	1.0	Assets/Product/BigWorld/SkyGarden/StaticPrefabs/Scene_Faos01/MG_Square_BuildingHuge_L1_X34_Y34.prefab		MG_Square_BuildingHuge_L1_X34_Y34	34	34	1	
100	9		256.0	100.0	384.0				1.0	1.0	1.0	1.0	Assets/Product/BigWorld/SkyGarden/StaticPrefabs/Scene_Faos01/MG_Square_BuildingHuge_L1_X35_Y34.prefab		MG_Square_BuildingHuge_L1_X35_Y34	34	35	1	
101	9	True	384.0	100.0	256.0				1.0	1.0	1.0	1.0	Assets/Product/BigWorld/SkyGarden/StaticPrefabs/Scene_Faos01/MG_Square_BuildingHuge_L1_X34_Y35.prefab		MG_Square_BuildingHuge_L1_X34_Y35	35	34	1	
102	9	True	256.0	100.0	256.0				1.0	1.0	1.0	1.0	Assets/Product/BigWorld/SkyGarden/StaticPrefabs/Scene_Faos01/MG_Square_BuildingHuge_L2_X17_Y17.prefab		MG_Square_BuildingHuge_L2_X17_Y17	17	17	2	
103	9		512.0	100.0	512.0				1.0	1.0	1.0	1.0	Assets/Product/BigWorld/SkyGarden/StaticPrefabs/Scene_Faos01/MG_Square_BuildingHuge_L3_X9_Y9.prefab		MG_Square_BuildingHuge_L3_X9_Y9	9	9	3	
104	9			100.0					1.0	1.0	1.0	1.0	Assets/Product/BigWorld/SkyGarden/StaticPrefabs/Scene_Faos01/MG_Square_BuildingHuge_L4_X4_Y4.prefab		MG_Square_BuildingHuge_L4_X4_Y4	4	4	4	
105	10	True	256.0	100.0	256.0				1.0	1.0	1.0	1.0	Assets/Product/BigWorld/SkyGarden/StaticPrefabs/Scene_Faos01/MG_Square_BuildingMiddle_L0_X68_Y68.prefab		MG_Square_BuildingMiddle_L0_X68_Y68	68	68		
106	10		384.0	100.0	256.0				1.0	1.0	1.0	1.0	Assets/Product/BigWorld/SkyGarden/StaticPrefabs/Scene_Faos01/MG_Square_BuildingMiddle_L0_X68_Y70.prefab		MG_Square_BuildingMiddle_L0_X68_Y70	70	68		
107	10	True	320.0	100.0	192.0				1.0	1.0	1.0	1.0	Assets/Product/BigWorld/SkyGarden/StaticPrefabs/Scene_Faos01/MG_Square_BuildingMiddle_L0_X67_Y69.prefab		MG_Square_BuildingMiddle_L0_X67_Y69	69	67		
108	10	True	256.0	100.0	320.0				1.0	1.0	1.0	1.0	Assets/Product/BigWorld/SkyGarden/StaticPrefabs/Scene_Faos01/MG_Square_BuildingMiddle_L0_X69_Y68.prefab		MG_Square_BuildingMiddle_L0_X69_Y68	68	69		
109	10		256.0	100.0	192.0				1.0	1.0	1.0	1.0	Assets/Product/BigWorld/SkyGarden/StaticPrefabs/Scene_Faos01/MG_Square_BuildingMiddle_L0_X67_Y68.prefab		MG_Square_BuildingMiddle_L0_X67_Y68	68	67		
110	10		320.0	100.0	320.0				1.0	1.0	1.0	1.0	Assets/Product/BigWorld/SkyGarden/StaticPrefabs/Scene_Faos01/MG_Square_BuildingMiddle_L0_X69_Y69.prefab		MG_Square_BuildingMiddle_L0_X69_Y69	69	69		
111	10	True	320.0	100.0	256.0				1.0	1.0	1.0	1.0	Assets/Product/BigWorld/SkyGarden/StaticPrefabs/Scene_Faos01/MG_Square_BuildingMiddle_L0_X68_Y69.prefab		MG_Square_BuildingMiddle_L0_X68_Y69	69	68		
112	10	True	384.0	100.0	192.0				1.0	1.0	1.0	1.0	Assets/Product/BigWorld/SkyGarden/StaticPrefabs/Scene_Faos01/MG_Square_BuildingMiddle_L0_X67_Y70.prefab		MG_Square_BuildingMiddle_L0_X67_Y70	70	67		
113	10	True	384.0	100.0	256.0				1.0	1.0	1.0	1.0	Assets/Product/BigWorld/SkyGarden/StaticPrefabs/Scene_Faos01/MG_Square_BuildingMiddle_L1_X34_Y35.prefab		MG_Square_BuildingMiddle_L1_X34_Y35	35	34	1	
114	10	True	256.0	100.0	256.0				1.0	1.0	1.0	1.0	Assets/Product/BigWorld/SkyGarden/StaticPrefabs/Scene_Faos01/MG_Square_BuildingMiddle_L1_X34_Y34.prefab		MG_Square_BuildingMiddle_L1_X34_Y34	34	34	1	
115	10	True	384.0	100.0	128.0				1.0	1.0	1.0	1.0	Assets/Product/BigWorld/SkyGarden/StaticPrefabs/Scene_Faos01/MG_Square_BuildingMiddle_L1_X33_Y35.prefab		MG_Square_BuildingMiddle_L1_X33_Y35	35	33	1	
116	10		256.0	100.0	384.0				1.0	1.0	1.0	1.0	Assets/Product/BigWorld/SkyGarden/StaticPrefabs/Scene_Faos01/MG_Square_BuildingMiddle_L1_X35_Y34.prefab		MG_Square_BuildingMiddle_L1_X35_Y34	34	35	1	
117	10		256.0	100.0	256.0				1.0	1.0	1.0	1.0	Assets/Product/BigWorld/SkyGarden/StaticPrefabs/Scene_Faos01/MG_Square_BuildingMiddle_L2_X17_Y17.prefab		MG_Square_BuildingMiddle_L2_X17_Y17	17	17	2	
118	11	True	256.0	100.0	288.0				1.0	1.0	1.0	1.0	Assets/Product/BigWorld/SkyGarden/StaticPrefabs/Scene_Faos01/MG_Square_BuildingSmall_L0_X137_Y136.prefab		MG_Square_BuildingSmall_L0_X137_Y136	136	137		
119	11	True	256.0	100.0	256.0				1.0	1.0	1.0	1.0	Assets/Product/BigWorld/SkyGarden/StaticPrefabs/Scene_Faos01/MG_Square_BuildingSmall_L0_X136_Y136.prefab		MG_Square_BuildingSmall_L0_X136_Y136	136	136		
120	11	True	256.0	100.0	224.0				1.0	1.0	1.0	1.0	Assets/Product/BigWorld/SkyGarden/StaticPrefabs/Scene_Faos01/MG_Square_BuildingSmall_L0_X135_Y136.prefab		MG_Square_BuildingSmall_L0_X135_Y136	136	135		
121	11	True	256.0	100.0	320.0				1.0	1.0	1.0	1.0	Assets/Product/BigWorld/SkyGarden/StaticPrefabs/Scene_Faos01/MG_Square_BuildingSmall_L0_X138_Y136.prefab		MG_Square_BuildingSmall_L0_X138_Y136	136	138		
122	11	True	224.0	100.0	256.0				1.0	1.0	1.0	1.0	Assets/Product/BigWorld/SkyGarden/StaticPrefabs/Scene_Faos01/MG_Square_BuildingSmall_L0_X136_Y135.prefab		MG_Square_BuildingSmall_L0_X136_Y135	135	136		
123	11	True	224.0	100.0	288.0				1.0	1.0	1.0	1.0	Assets/Product/BigWorld/SkyGarden/StaticPrefabs/Scene_Faos01/MG_Square_BuildingSmall_L0_X137_Y135.prefab		MG_Square_BuildingSmall_L0_X137_Y135	135	137		
124	11	True	288.0	100.0	224.0				1.0	1.0	1.0	1.0	Assets/Product/BigWorld/SkyGarden/StaticPrefabs/Scene_Faos01/MG_Square_BuildingSmall_L0_X135_Y137.prefab		MG_Square_BuildingSmall_L0_X135_Y137	137	135		
125	11	True	288.0	100.0	320.0				1.0	1.0	1.0	1.0	Assets/Product/BigWorld/SkyGarden/StaticPrefabs/Scene_Faos01/MG_Square_BuildingSmall_L0_X138_Y137.prefab		MG_Square_BuildingSmall_L0_X138_Y137	137	138		
126	11	True	288.0	100.0	256.0				1.0	1.0	1.0	1.0	Assets/Product/BigWorld/SkyGarden/StaticPrefabs/Scene_Faos01/MG_Square_BuildingSmall_L0_X136_Y137.prefab		MG_Square_BuildingSmall_L0_X136_Y137	137	136		
127	11	True	288.0	100.0	288.0				1.0	1.0	1.0	1.0	Assets/Product/BigWorld/SkyGarden/StaticPrefabs/Scene_Faos01/MG_Square_BuildingSmall_L0_X137_Y137.prefab		MG_Square_BuildingSmall_L0_X137_Y137	137	137		
128	11	True	224.0	100.0	320.0				1.0	1.0	1.0	1.0	Assets/Product/BigWorld/SkyGarden/StaticPrefabs/Scene_Faos01/MG_Square_BuildingSmall_L0_X138_Y135.prefab		MG_Square_BuildingSmall_L0_X138_Y135	135	138		
129	11	True	224.0	100.0	224.0				1.0	1.0	1.0	1.0	Assets/Product/BigWorld/SkyGarden/StaticPrefabs/Scene_Faos01/MG_Square_BuildingSmall_L0_X135_Y135.prefab		MG_Square_BuildingSmall_L0_X135_Y135	135	135		
130	11		352.0	100.0	256.0				1.0	1.0	1.0	1.0	Assets/Product/BigWorld/SkyGarden/StaticPrefabs/Scene_Faos01/MG_Square_BuildingSmall_L0_X136_Y139.prefab		MG_Square_BuildingSmall_L0_X136_Y139	139	136		
131	11		352.0	100.0	288.0				1.0	1.0	1.0	1.0	Assets/Product/BigWorld/SkyGarden/StaticPrefabs/Scene_Faos01/MG_Square_BuildingSmall_L0_X137_Y139.prefab		MG_Square_BuildingSmall_L0_X137_Y139	139	137		
132	11	True	256.0	100.0	256.0				1.0	1.0	1.0	1.0	Assets/Product/BigWorld/SkyGarden/StaticPrefabs/Scene_Faos01/MG_Square_BuildingSmall_L1_X68_Y68.prefab		MG_Square_BuildingSmall_L1_X68_Y68	68	68	1	
133	11	True	256.0	100.0	192.0				1.0	1.0	1.0	1.0	Assets/Product/BigWorld/SkyGarden/StaticPrefabs/Scene_Faos01/MG_Square_BuildingSmall_L1_X67_Y68.prefab		MG_Square_BuildingSmall_L1_X67_Y68	68	67	1	
134	11	True	256.0	100.0	320.0				1.0	1.0	1.0	1.0	Assets/Product/BigWorld/SkyGarden/StaticPrefabs/Scene_Faos01/MG_Square_BuildingSmall_L1_X69_Y68.prefab		MG_Square_BuildingSmall_L1_X69_Y68	68	69	1	
135	11	True	320.0	100.0	320.0				1.0	1.0	1.0	1.0	Assets/Product/BigWorld/SkyGarden/StaticPrefabs/Scene_Faos01/MG_Square_BuildingSmall_L1_X69_Y69.prefab		MG_Square_BuildingSmall_L1_X69_Y69	69	69	1	
136	12	True	288.0	100.0	288.0				1.0	1.0	1.0	1.0	Assets/Product/BigWorld/SkyGarden/StaticPrefabs/Scene_Faos01/MG_Square_Middle_L0_X137_Y137.prefab		MG_Square_Middle_L0_X137_Y137	137	137		
137	12	True	288.0	100.0	256.0				1.0	1.0	1.0	1.0	Assets/Product/BigWorld/SkyGarden/StaticPrefabs/Scene_Faos01/MG_Square_Middle_L0_X136_Y137.prefab		MG_Square_Middle_L0_X136_Y137	137	136		
138	12	True	320.0	100.0	224.0				1.0	1.0	1.0	1.0	Assets/Product/BigWorld/SkyGarden/StaticPrefabs/Scene_Faos01/MG_Square_Middle_L0_X135_Y138.prefab		MG_Square_Middle_L0_X135_Y138	138	135		
139	12	True	224.0	100.0	224.0				1.0	1.0	1.0	1.0	Assets/Product/BigWorld/SkyGarden/StaticPrefabs/Scene_Faos01/MG_Square_Middle_L0_X135_Y135.prefab		MG_Square_Middle_L0_X135_Y135	135	135		
140	12		224.0	100.0	256.0				1.0	1.0	1.0	1.0	Assets/Product/BigWorld/SkyGarden/StaticPrefabs/Scene_Faos01/MG_Square_Middle_L0_X136_Y135.prefab		MG_Square_Middle_L0_X136_Y135	135	136		
141	12	True	288.0	100.0	224.0				1.0	1.0	1.0	1.0	Assets/Product/BigWorld/SkyGarden/StaticPrefabs/Scene_Faos01/MG_Square_Middle_L0_X135_Y137.prefab		MG_Square_Middle_L0_X135_Y137	137	135		
142	12	True	224.0	100.0	320.0				1.0	1.0	1.0	1.0	Assets/Product/BigWorld/SkyGarden/StaticPrefabs/Scene_Faos01/MG_Square_Middle_L0_X138_Y135.prefab		MG_Square_Middle_L0_X138_Y135	135	138		
143	12		224.0	100.0	288.0				1.0	1.0	1.0	1.0	Assets/Product/BigWorld/SkyGarden/StaticPrefabs/Scene_Faos01/MG_Square_Middle_L0_X137_Y135.prefab		MG_Square_Middle_L0_X137_Y135	135	137		
144	12	True	320.0	100.0	320.0				1.0	1.0	1.0	1.0	Assets/Product/BigWorld/SkyGarden/StaticPrefabs/Scene_Faos01/MG_Square_Middle_L0_X138_Y138.prefab		MG_Square_Middle_L0_X138_Y138	138	138		
145	12	True	256.0	100.0	256.0				1.0	1.0	1.0	1.0	Assets/Product/BigWorld/SkyGarden/StaticPrefabs/Scene_Faos01/MG_Square_Middle_L0_X136_Y136.prefab		MG_Square_Middle_L0_X136_Y136	136	136		
146	12	True	256.0	100.0	288.0				1.0	1.0	1.0	1.0	Assets/Product/BigWorld/SkyGarden/StaticPrefabs/Scene_Faos01/MG_Square_Middle_L0_X137_Y136.prefab		MG_Square_Middle_L0_X137_Y136	136	137		
147	12	True	256.0	100.0	320.0				1.0	1.0	1.0	1.0	Assets/Product/BigWorld/SkyGarden/StaticPrefabs/Scene_Faos01/MG_Square_Middle_L0_X138_Y136.prefab		MG_Square_Middle_L0_X138_Y136	136	138		
148	12	True	288.0	100.0	320.0				1.0	1.0	1.0	1.0	Assets/Product/BigWorld/SkyGarden/StaticPrefabs/Scene_Faos01/MG_Square_Middle_L0_X138_Y137.prefab		MG_Square_Middle_L0_X138_Y137	137	138		
149	12	True	256.0	100.0	224.0				1.0	1.0	1.0	1.0	Assets/Product/BigWorld/SkyGarden/StaticPrefabs/Scene_Faos01/MG_Square_Middle_L0_X135_Y136.prefab		MG_Square_Middle_L0_X135_Y136	136	135		
150	12	True	256.0	100.0	256.0				1.0	1.0	1.0	1.0	Assets/Product/BigWorld/SkyGarden/StaticPrefabs/Scene_Faos01/MG_Square_Middle_L1_X68_Y68.prefab		MG_Square_Middle_L1_X68_Y68	68	68	1	
151	12	True	256.0	100.0	320.0				1.0	1.0	1.0	1.0	Assets/Product/BigWorld/SkyGarden/StaticPrefabs/Scene_Faos01/MG_Square_Middle_L1_X69_Y68.prefab		MG_Square_Middle_L1_X69_Y68	68	69	1	
152	12		320.0	100.0	192.0				1.0	1.0	1.0	1.0	Assets/Product/BigWorld/SkyGarden/StaticPrefabs/Scene_Faos01/MG_Square_Middle_L1_X67_Y69.prefab		MG_Square_Middle_L1_X67_Y69	69	67	1	
153	12	True	320.0	100.0	320.0				1.0	1.0	1.0	1.0	Assets/Product/BigWorld/SkyGarden/StaticPrefabs/Scene_Faos01/MG_Square_Middle_L1_X69_Y69.prefab		MG_Square_Middle_L1_X69_Y69	69	69	1	
154	12	True	256.0	100.0	192.0				1.0	1.0	1.0	1.0	Assets/Product/BigWorld/SkyGarden/StaticPrefabs/Scene_Faos01/MG_Square_Middle_L1_X67_Y68.prefab		MG_Square_Middle_L1_X67_Y68	68	67	1	
155	12	True	256.0	100.0	256.0				1.0	1.0	1.0	1.0	Assets/Product/BigWorld/SkyGarden/StaticPrefabs/Scene_Faos01/MG_Square_Middle_L2_X34_Y34.prefab		MG_Square_Middle_L2_X34_Y34	34	34	2	
156	13	True	320.0	100.0	224.0				1.0	1.0	1.0	1.0	Assets/Product/BigWorld/SkyGarden/StaticPrefabs/Scene_Faos01/MG_Square_Small_L0_X135_Y138.prefab		MG_Square_Small_L0_X135_Y138	138	135		
157	13	True	224.0	100.0	256.0				1.0	1.0	1.0	1.0	Assets/Product/BigWorld/SkyGarden/StaticPrefabs/Scene_Faos01/MG_Square_Small_L0_X136_Y135.prefab		MG_Square_Small_L0_X136_Y135	135	136		
158	13	True	224.0	100.0	288.0				1.0	1.0	1.0	1.0	Assets/Product/BigWorld/SkyGarden/StaticPrefabs/Scene_Faos01/MG_Square_Small_L0_X137_Y135.prefab		MG_Square_Small_L0_X137_Y135	135	137		
159	13		288.0	100.0	256.0				1.0	1.0	1.0	1.0	Assets/Product/BigWorld/SkyGarden/StaticPrefabs/Scene_Faos01/MG_Square_Small_L0_X136_Y137.prefab		MG_Square_Small_L0_X136_Y137	137	136		
160	13	True	256.0	100.0	256.0				1.0	1.0	1.0	1.0	Assets/Product/BigWorld/SkyGarden/StaticPrefabs/Scene_Faos01/MG_Square_Small_L0_X136_Y136.prefab		MG_Square_Small_L0_X136_Y136	136	136		
161	13	True	256.0	100.0	288.0				1.0	1.0	1.0	1.0	Assets/Product/BigWorld/SkyGarden/StaticPrefabs/Scene_Faos01/MG_Square_Small_L0_X137_Y136.prefab		MG_Square_Small_L0_X137_Y136	136	137		
162	13	True	352.0	100.0	256.0				1.0	1.0	1.0	1.0	Assets/Product/BigWorld/SkyGarden/StaticPrefabs/Scene_Faos01/MG_Square_Small_L0_X136_Y139.prefab		MG_Square_Small_L0_X136_Y139	139	136		
163	13	True	352.0	100.0	288.0				1.0	1.0	1.0	1.0	Assets/Product/BigWorld/SkyGarden/StaticPrefabs/Scene_Faos01/MG_Square_Small_L0_X137_Y139.prefab		MG_Square_Small_L0_X137_Y139	139	137		
164	13	True	320.0	100.0	320.0				1.0	1.0	1.0	1.0	Assets/Product/BigWorld/SkyGarden/StaticPrefabs/Scene_Faos01/MG_Square_Small_L0_X138_Y138.prefab		MG_Square_Small_L0_X138_Y138	138	138		
165	13		384.0	100.0	288.0				1.0	1.0	1.0	1.0	Assets/Product/BigWorld/SkyGarden/StaticPrefabs/Scene_Faos01/MG_Square_Small_L0_X137_Y140.prefab		MG_Square_Small_L0_X137_Y140	140	137		
166	13		416.0	100.0	288.0				1.0	1.0	1.0	1.0	Assets/Product/BigWorld/SkyGarden/StaticPrefabs/Scene_Faos01/MG_Square_Small_L0_X137_Y141.prefab		MG_Square_Small_L0_X137_Y141	141	137		
167	13		384.0	100.0	256.0				1.0	1.0	1.0	1.0	Assets/Product/BigWorld/SkyGarden/StaticPrefabs/Scene_Faos01/MG_Square_Small_L0_X136_Y140.prefab		MG_Square_Small_L0_X136_Y140	140	136		
168	13		416.0	100.0	256.0				1.0	1.0	1.0	1.0	Assets/Product/BigWorld/SkyGarden/StaticPrefabs/Scene_Faos01/MG_Square_Small_L0_X136_Y141.prefab		MG_Square_Small_L0_X136_Y141	141	136		
169	13		352.0	100.0	192.0				1.0	1.0	1.0	1.0	Assets/Product/BigWorld/SkyGarden/StaticPrefabs/Scene_Faos01/MG_Square_Small_L0_X134_Y139.prefab		MG_Square_Small_L0_X134_Y139	139	134		
170	13		352.0	100.0	224.0				1.0	1.0	1.0	1.0	Assets/Product/BigWorld/SkyGarden/StaticPrefabs/Scene_Faos01/MG_Square_Small_L0_X135_Y139.prefab		MG_Square_Small_L0_X135_Y139	139	135		
171	13	True	256.0	100.0	256.0				1.0	1.0	1.0	1.0	Assets/Product/BigWorld/SkyGarden/StaticPrefabs/Scene_Faos01/MG_Square_Small_L1_X68_Y68.prefab		MG_Square_Small_L1_X68_Y68	68	68	1	
172	14		320.0	100.0	224.0				1.0	1.0	1.0	1.0	Assets/Product/BigWorld/SkyGarden/StaticPrefabs/Scene_Faos01/MG_Square_Plant_L0_X135_Y138.prefab		MG_Square_Plant_L0_X135_Y138	138	135		
173	14		320.0	100.0	320.0				1.0	1.0	1.0	1.0	Assets/Product/BigWorld/SkyGarden/StaticPrefabs/Scene_Faos01/MG_Square_Plant_L0_X138_Y138.prefab		MG_Square_Plant_L0_X138_Y138	138	138		
174	14		256.0	100.0	224.0				1.0	1.0	1.0	1.0	Assets/Product/BigWorld/SkyGarden/StaticPrefabs/Scene_Faos01/MG_Square_Plant_L0_X135_Y136.prefab		MG_Square_Plant_L0_X135_Y136	136	135		
175	15		256.0	100.0	256.0				1.0	1.0	1.0	1.0	Assets/Product/BigWorld/SkyGarden/StaticPrefabs/Scene_Faos01/MG_Square_Grass_L0_X136_Y136.prefab		MG_Square_Grass_L0_X136_Y136	136	136		
176	15		224.0	100.0	256.0				1.0	1.0	1.0	1.0	Assets/Product/BigWorld/SkyGarden/StaticPrefabs/Scene_Faos01/MG_Square_Grass_L0_X136_Y135.prefab		MG_Square_Grass_L0_X136_Y135	135	136		
177	15		224.0	100.0	320.0				1.0	1.0	1.0	1.0	Assets/Product/BigWorld/SkyGarden/StaticPrefabs/Scene_Faos01/MG_Square_Grass_L0_X138_Y135.prefab		MG_Square_Grass_L0_X138_Y135	135	138		
178	15		256.0	100.0	192.0				1.0	1.0	1.0	1.0	Assets/Product/BigWorld/SkyGarden/StaticPrefabs/Scene_Faos01/MG_Square_Grass_L0_X134_Y136.prefab		MG_Square_Grass_L0_X134_Y136	136	134		
179	15		288.0	100.0	256.0				1.0	1.0	1.0	1.0	Assets/Product/BigWorld/SkyGarden/StaticPrefabs/Scene_Faos01/MG_Square_Grass_L0_X136_Y137.prefab		MG_Square_Grass_L0_X136_Y137	137	136		
180	15		288.0	100.0	288.0				1.0	1.0	1.0	1.0	Assets/Product/BigWorld/SkyGarden/StaticPrefabs/Scene_Faos01/MG_Square_Grass_L0_X137_Y137.prefab		MG_Square_Grass_L0_X137_Y137	137	137		
181	15		256.0	100.0	224.0				1.0	1.0	1.0	1.0	Assets/Product/BigWorld/SkyGarden/StaticPrefabs/Scene_Faos01/MG_Square_Grass_L0_X135_Y136.prefab		MG_Square_Grass_L0_X135_Y136	136	135		
182	15		256.0	100.0	320.0				1.0	1.0	1.0	1.0	Assets/Product/BigWorld/SkyGarden/StaticPrefabs/Scene_Faos01/MG_Square_Grass_L0_X138_Y136.prefab		MG_Square_Grass_L0_X138_Y136	136	138		
183	15	True	288.0	100.0	224.0				1.0	1.0	1.0	1.0	Assets/Product/BigWorld/SkyGarden/StaticPrefabs/Scene_Faos01/MG_Square_Grass_L0_X135_Y137.prefab		MG_Square_Grass_L0_X135_Y137	137	135		
184	15		224.0	100.0	224.0				1.0	1.0	1.0	1.0	Assets/Product/BigWorld/SkyGarden/StaticPrefabs/Scene_Faos01/MG_Square_Grass_L0_X135_Y135.prefab		MG_Square_Grass_L0_X135_Y135	135	135		
185	15		224.0	100.0	288.0				1.0	1.0	1.0	1.0	Assets/Product/BigWorld/SkyGarden/StaticPrefabs/Scene_Faos01/MG_Square_Grass_L0_X137_Y135.prefab		MG_Square_Grass_L0_X137_Y135	135	137		
186	15		288.0	100.0	192.0				1.0	1.0	1.0	1.0	Assets/Product/BigWorld/SkyGarden/StaticPrefabs/Scene_Faos01/MG_Square_Grass_L0_X134_Y137.prefab		MG_Square_Grass_L0_X134_Y137	137	134		
187	15	True	288.0	100.0	320.0				1.0	1.0	1.0	1.0	Assets/Product/BigWorld/SkyGarden/StaticPrefabs/Scene_Faos01/MG_Square_Grass_L0_X138_Y137.prefab		MG_Square_Grass_L0_X138_Y137	137	138		
188	15		256.0	100.0	288.0				1.0	1.0	1.0	1.0	Assets/Product/BigWorld/SkyGarden/StaticPrefabs/Scene_Faos01/MG_Square_Grass_L0_X137_Y136.prefab		MG_Square_Grass_L0_X137_Y136	136	137		
189	15		320.0	100.0	224.0				1.0	1.0	1.0	1.0	Assets/Product/BigWorld/SkyGarden/StaticPrefabs/Scene_Faos01/MG_Square_Grass_L0_X135_Y138.prefab		MG_Square_Grass_L0_X135_Y138	138	135		
190	15		320.0	100.0	320.0				1.0	1.0	1.0	1.0	Assets/Product/BigWorld/SkyGarden/StaticPrefabs/Scene_Faos01/MG_Square_Grass_L0_X138_Y138.prefab		MG_Square_Grass_L0_X138_Y138	138	138		
191	15		224.0	100.0	192.0				1.0	1.0	1.0	1.0	Assets/Product/BigWorld/SkyGarden/StaticPrefabs/Scene_Faos01/MG_Square_Grass_L0_X134_Y135.prefab		MG_Square_Grass_L0_X134_Y135	135	134		
192	15		256.0	100.0	256.0				1.0	1.0	1.0	1.0	Assets/Product/BigWorld/SkyGarden/StaticPrefabs/Scene_Faos01/MG_Square_Grass_L1_X68_Y68.prefab		MG_Square_Grass_L1_X68_Y68	68	68	1	
193	15		256.0	100.0	192.0				1.0	1.0	1.0	1.0	Assets/Product/BigWorld/SkyGarden/StaticPrefabs/Scene_Faos01/MG_Square_Grass_L1_X67_Y68.prefab		MG_Square_Grass_L1_X67_Y68	68	67	1	
194	15	True	256.0	100.0	320.0				1.0	1.0	1.0	1.0	Assets/Product/BigWorld/SkyGarden/StaticPrefabs/Scene_Faos01/MG_Square_Grass_L1_X69_Y68.prefab		MG_Square_Grass_L1_X69_Y68	68	69	1	
195	15		320.0	100.0	192.0				1.0	1.0	1.0	1.0	Assets/Product/BigWorld/SkyGarden/StaticPrefabs/Scene_Faos01/MG_Square_Grass_L1_X67_Y69.prefab		MG_Square_Grass_L1_X67_Y69	69	67	1	
196	15		320.0	100.0	320.0				1.0	1.0	1.0	1.0	Assets/Product/BigWorld/SkyGarden/StaticPrefabs/Scene_Faos01/MG_Square_Grass_L1_X69_Y69.prefab		MG_Square_Grass_L1_X69_Y69	69	69	1	
197	15		192.0	100.0	320.0				1.0	1.0	1.0	1.0	Assets/Product/BigWorld/SkyGarden/StaticPrefabs/Scene_Faos01/MG_Square_Grass_L1_X69_Y67.prefab		MG_Square_Grass_L1_X69_Y67	67	69	1	
198	15		192.0	100.0	256.0				1.0	1.0	1.0	1.0	Assets/Product/BigWorld/SkyGarden/StaticPrefabs/Scene_Faos01/MG_Square_Grass_L1_X68_Y67.prefab		MG_Square_Grass_L1_X68_Y67	67	68	1	
199	15	True	256.0	100.0	256.0				1.0	1.0	1.0	1.0	Assets/Product/BigWorld/SkyGarden/StaticPrefabs/Scene_Faos01/MG_Square_Grass_L2_X34_Y34.prefab		MG_Square_Grass_L2_X34_Y34	34	34	2	
200	15		256.0	100.0	384.0				1.0	1.0	1.0	1.0	Assets/Product/BigWorld/SkyGarden/StaticPrefabs/Scene_Faos01/MG_Square_Grass_L2_X35_Y34.prefab		MG_Square_Grass_L2_X35_Y34	34	35	2	
201	16	True	256.0	100.0	192.0				1.0	1.0	1.0	1.0	Assets/Product/BigWorld/SkyGarden/StaticPrefabs/Scene_Faos01/MG_TrafficHub_BuildingHuge_L0_X67_Y68.prefab		MG_TrafficHub_BuildingHuge_L0_X67_Y68	68	67		
202	16	True	320.0	100.0	128.0				1.0	1.0	1.0	1.0	Assets/Product/BigWorld/SkyGarden/StaticPrefabs/Scene_Faos01/MG_TrafficHub_BuildingHuge_L0_X66_Y69.prefab		MG_TrafficHub_BuildingHuge_L0_X66_Y69	69	66		
203	16		384.0	100.0	128.0				1.0	1.0	1.0	1.0	Assets/Product/BigWorld/SkyGarden/StaticPrefabs/Scene_Faos01/MG_TrafficHub_BuildingHuge_L0_X66_Y70.prefab		MG_TrafficHub_BuildingHuge_L0_X66_Y70	70	66		
204	16	True	320.0	100.0	192.0				1.0	1.0	1.0	1.0	Assets/Product/BigWorld/SkyGarden/StaticPrefabs/Scene_Faos01/MG_TrafficHub_BuildingHuge_L0_X67_Y69.prefab		MG_TrafficHub_BuildingHuge_L0_X67_Y69	69	67		
205	16		384.0	100.0	192.0				1.0	1.0	1.0	1.0	Assets/Product/BigWorld/SkyGarden/StaticPrefabs/Scene_Faos01/MG_TrafficHub_BuildingHuge_L0_X67_Y70.prefab		MG_TrafficHub_BuildingHuge_L0_X67_Y70	70	67		
206	16		448.0	100.0	128.0				1.0	1.0	1.0	1.0	Assets/Product/BigWorld/SkyGarden/StaticPrefabs/Scene_Faos01/MG_TrafficHub_BuildingHuge_L0_X66_Y71.prefab		MG_TrafficHub_BuildingHuge_L0_X66_Y71	71	66		
207	16		448.0	100.0	192.0				1.0	1.0	1.0	1.0	Assets/Product/BigWorld/SkyGarden/StaticPrefabs/Scene_Faos01/MG_TrafficHub_BuildingHuge_L0_X67_Y71.prefab		MG_TrafficHub_BuildingHuge_L0_X67_Y71	71	67		
208	16		256.0	100.0	128.0				1.0	1.0	1.0	1.0	Assets/Product/BigWorld/SkyGarden/StaticPrefabs/Scene_Faos01/MG_TrafficHub_BuildingHuge_L0_X66_Y68.prefab		MG_TrafficHub_BuildingHuge_L0_X66_Y68	68	66		
209	16		192.0	100.0	128.0				1.0	1.0	1.0	1.0	Assets/Product/BigWorld/SkyGarden/StaticPrefabs/Scene_Faos01/MG_TrafficHub_BuildingHuge_L0_X66_Y67.prefab		MG_TrafficHub_BuildingHuge_L0_X66_Y67	67	66		
210	16		192.0	100.0	64.0				1.0	1.0	1.0	1.0	Assets/Product/BigWorld/SkyGarden/StaticPrefabs/Scene_Faos01/MG_TrafficHub_BuildingHuge_L0_X65_Y67.prefab		MG_TrafficHub_BuildingHuge_L0_X65_Y67	67	65		
211	16		192.0	100.0	192.0				1.0	1.0	1.0	1.0	Assets/Product/BigWorld/SkyGarden/StaticPrefabs/Scene_Faos01/MG_TrafficHub_BuildingHuge_L0_X67_Y67.prefab		MG_TrafficHub_BuildingHuge_L0_X67_Y67	67	67		
212	16		320.0	100.0	64.0				1.0	1.0	1.0	1.0	Assets/Product/BigWorld/SkyGarden/StaticPrefabs/Scene_Faos01/MG_TrafficHub_BuildingHuge_L0_X65_Y69.prefab		MG_TrafficHub_BuildingHuge_L0_X65_Y69	69	65		
213	16		384.0	100.0	64.0				1.0	1.0	1.0	1.0	Assets/Product/BigWorld/SkyGarden/StaticPrefabs/Scene_Faos01/MG_TrafficHub_BuildingHuge_L0_X65_Y70.prefab		MG_TrafficHub_BuildingHuge_L0_X65_Y70	70	65		
214	16		256.0	100.0	256.0				1.0	1.0	1.0	1.0	Assets/Product/BigWorld/SkyGarden/StaticPrefabs/Scene_Faos01/MG_TrafficHub_BuildingHuge_L0_X68_Y68.prefab		MG_TrafficHub_BuildingHuge_L0_X68_Y68	68	68		
215	16		256.0	100.0	128.0				1.0	1.0	1.0	1.0	Assets/Product/BigWorld/SkyGarden/StaticPrefabs/Scene_Faos01/MG_TrafficHub_BuildingHuge_L1_X33_Y34.prefab		MG_TrafficHub_BuildingHuge_L1_X33_Y34	34	33	1	
216	16		384.0	100.0	128.0				1.0	1.0	1.0	1.0	Assets/Product/BigWorld/SkyGarden/StaticPrefabs/Scene_Faos01/MG_TrafficHub_BuildingHuge_L1_X33_Y35.prefab		MG_TrafficHub_BuildingHuge_L1_X33_Y35	35	33	1	
217	16		256.0	100.0	256.0				1.0	1.0	1.0	1.0	Assets/Product/BigWorld/SkyGarden/StaticPrefabs/Scene_Faos01/MG_TrafficHub_BuildingHuge_L1_X34_Y34.prefab		MG_TrafficHub_BuildingHuge_L1_X34_Y34	34	34	1	
218	16		256.0	100.0	256.0				1.0	1.0	1.0	1.0	Assets/Product/BigWorld/SkyGarden/StaticPrefabs/Scene_Faos01/MG_TrafficHub_BuildingHuge_L2_X17_Y17.prefab		MG_TrafficHub_BuildingHuge_L2_X17_Y17	17	17	2	
219	16		512.0	100.0	256.0				1.0	1.0	1.0	1.0	Assets/Product/BigWorld/SkyGarden/StaticPrefabs/Scene_Faos01/MG_TrafficHub_BuildingHuge_L2_X17_Y18.prefab		MG_TrafficHub_BuildingHuge_L2_X17_Y18	18	17	2	
220	16		512.0	100.0					1.0	1.0	1.0	1.0	Assets/Product/BigWorld/SkyGarden/StaticPrefabs/Scene_Faos01/MG_TrafficHub_BuildingHuge_L3_X8_Y9.prefab		MG_TrafficHub_BuildingHuge_L3_X8_Y9	9	8	3	
221	17	True	320.0	100.0	192.0				1.0	1.0	1.0	1.0	Assets/Product/BigWorld/SkyGarden/StaticPrefabs/Scene_Faos01/MG_TrafficHub_BuildingMiddle_L0_X67_Y69.prefab		MG_TrafficHub_BuildingMiddle_L0_X67_Y69	69	67		
222	17	True	256.0	100.0	256.0				1.0	1.0	1.0	1.0	Assets/Product/BigWorld/SkyGarden/StaticPrefabs/Scene_Faos01/MG_TrafficHub_BuildingMiddle_L0_X68_Y68.prefab		MG_TrafficHub_BuildingMiddle_L0_X68_Y68	68	68		
223	17	True	256.0	100.0	192.0				1.0	1.0	1.0	1.0	Assets/Product/BigWorld/SkyGarden/StaticPrefabs/Scene_Faos01/MG_TrafficHub_BuildingMiddle_L0_X67_Y68.prefab		MG_TrafficHub_BuildingMiddle_L0_X67_Y68	68	67		
224	17	True	256.0	100.0	128.0				1.0	1.0	1.0	1.0	Assets/Product/BigWorld/SkyGarden/StaticPrefabs/Scene_Faos01/MG_TrafficHub_BuildingMiddle_L0_X66_Y68.prefab		MG_TrafficHub_BuildingMiddle_L0_X66_Y68	68	66		
225	17	True	320.0	100.0	128.0				1.0	1.0	1.0	1.0	Assets/Product/BigWorld/SkyGarden/StaticPrefabs/Scene_Faos01/MG_TrafficHub_BuildingMiddle_L0_X66_Y69.prefab		MG_TrafficHub_BuildingMiddle_L0_X66_Y69	69	66		
226	17	True	384.0	100.0	128.0				1.0	1.0	1.0	1.0	Assets/Product/BigWorld/SkyGarden/StaticPrefabs/Scene_Faos01/MG_TrafficHub_BuildingMiddle_L0_X66_Y70.prefab		MG_TrafficHub_BuildingMiddle_L0_X66_Y70	70	66		
227	17	True	384.0	100.0	192.0				1.0	1.0	1.0	1.0	Assets/Product/BigWorld/SkyGarden/StaticPrefabs/Scene_Faos01/MG_TrafficHub_BuildingMiddle_L0_X67_Y70.prefab		MG_TrafficHub_BuildingMiddle_L0_X67_Y70	70	67		
228	17		320.0	100.0	64.0				1.0	1.0	1.0	1.0	Assets/Product/BigWorld/SkyGarden/StaticPrefabs/Scene_Faos01/MG_TrafficHub_BuildingMiddle_L0_X65_Y69.prefab		MG_TrafficHub_BuildingMiddle_L0_X65_Y69	69	65		
229	17		384.0	100.0	64.0				1.0	1.0	1.0	1.0	Assets/Product/BigWorld/SkyGarden/StaticPrefabs/Scene_Faos01/MG_TrafficHub_BuildingMiddle_L0_X65_Y70.prefab		MG_TrafficHub_BuildingMiddle_L0_X65_Y70	70	65		
230	17	True	256.0	100.0	64.0				1.0	1.0	1.0	1.0	Assets/Product/BigWorld/SkyGarden/StaticPrefabs/Scene_Faos01/MG_TrafficHub_BuildingMiddle_L0_X65_Y68.prefab		MG_TrafficHub_BuildingMiddle_L0_X65_Y68	68	65		
231	17		192.0	100.0	128.0				1.0	1.0	1.0	1.0	Assets/Product/BigWorld/SkyGarden/StaticPrefabs/Scene_Faos01/MG_TrafficHub_BuildingMiddle_L0_X66_Y67.prefab		MG_TrafficHub_BuildingMiddle_L0_X66_Y67	67	66		
232	17		448.0	100.0	128.0				1.0	1.0	1.0	1.0	Assets/Product/BigWorld/SkyGarden/StaticPrefabs/Scene_Faos01/MG_TrafficHub_BuildingMiddle_L0_X66_Y71.prefab		MG_TrafficHub_BuildingMiddle_L0_X66_Y71	71	66		
233	17		448.0	100.0	192.0				1.0	1.0	1.0	1.0	Assets/Product/BigWorld/SkyGarden/StaticPrefabs/Scene_Faos01/MG_TrafficHub_BuildingMiddle_L0_X67_Y71.prefab		MG_TrafficHub_BuildingMiddle_L0_X67_Y71	71	67		
234	17	True	256.0	100.0	128.0				1.0	1.0	1.0	1.0	Assets/Product/BigWorld/SkyGarden/StaticPrefabs/Scene_Faos01/MG_TrafficHub_BuildingMiddle_L1_X33_Y34.prefab		MG_TrafficHub_BuildingMiddle_L1_X33_Y34	34	33	1	
235	17	True	256.0	100.0	256.0				1.0	1.0	1.0	1.0	Assets/Product/BigWorld/SkyGarden/StaticPrefabs/Scene_Faos01/MG_TrafficHub_BuildingMiddle_L1_X34_Y34.prefab		MG_TrafficHub_BuildingMiddle_L1_X34_Y34	34	34	1	
236	17		384.0	100.0	128.0				1.0	1.0	1.0	1.0	Assets/Product/BigWorld/SkyGarden/StaticPrefabs/Scene_Faos01/MG_TrafficHub_BuildingMiddle_L1_X33_Y35.prefab		MG_TrafficHub_BuildingMiddle_L1_X33_Y35	35	33	1	
237	17		256.0	100.0	256.0				1.0	1.0	1.0	1.0	Assets/Product/BigWorld/SkyGarden/StaticPrefabs/Scene_Faos01/MG_TrafficHub_BuildingMiddle_L2_X17_Y17.prefab		MG_TrafficHub_BuildingMiddle_L2_X17_Y17	17	17	2	
238	17		256.0	100.0					1.0	1.0	1.0	1.0	Assets/Product/BigWorld/SkyGarden/StaticPrefabs/Scene_Faos01/MG_TrafficHub_BuildingMiddle_L2_X16_Y17.prefab		MG_TrafficHub_BuildingMiddle_L2_X16_Y17	17	16	2	
239	18	True	256.0	100.0	160.0				1.0	1.0	1.0	1.0	Assets/Product/BigWorld/SkyGarden/StaticPrefabs/Scene_Faos01/MG_TrafficHub_BuildingSmall_L0_X133_Y136.prefab		MG_TrafficHub_BuildingSmall_L0_X133_Y136	136	133		
240	18	True	288.0	100.0	160.0				1.0	1.0	1.0	1.0	Assets/Product/BigWorld/SkyGarden/StaticPrefabs/Scene_Faos01/MG_TrafficHub_BuildingSmall_L0_X133_Y137.prefab		MG_TrafficHub_BuildingSmall_L0_X133_Y137	137	133		
241	18	True	288.0	100.0	192.0				1.0	1.0	1.0	1.0	Assets/Product/BigWorld/SkyGarden/StaticPrefabs/Scene_Faos01/MG_TrafficHub_BuildingSmall_L0_X134_Y137.prefab		MG_TrafficHub_BuildingSmall_L0_X134_Y137	137	134		
242	18	True	288.0	100.0	224.0				1.0	1.0	1.0	1.0	Assets/Product/BigWorld/SkyGarden/StaticPrefabs/Scene_Faos01/MG_TrafficHub_BuildingSmall_L0_X135_Y137.prefab		MG_TrafficHub_BuildingSmall_L0_X135_Y137	137	135		
243	18	True	256.0	100.0	128.0				1.0	1.0	1.0	1.0	Assets/Product/BigWorld/SkyGarden/StaticPrefabs/Scene_Faos01/MG_TrafficHub_BuildingSmall_L0_X132_Y136.prefab		MG_TrafficHub_BuildingSmall_L0_X132_Y136	136	132		
244	18	True	256.0	100.0	192.0				1.0	1.0	1.0	1.0	Assets/Product/BigWorld/SkyGarden/StaticPrefabs/Scene_Faos01/MG_TrafficHub_BuildingSmall_L0_X134_Y136.prefab		MG_TrafficHub_BuildingSmall_L0_X134_Y136	136	134		
245	18	True	288.0	100.0	128.0				1.0	1.0	1.0	1.0	Assets/Product/BigWorld/SkyGarden/StaticPrefabs/Scene_Faos01/MG_TrafficHub_BuildingSmall_L0_X132_Y137.prefab		MG_TrafficHub_BuildingSmall_L0_X132_Y137	137	132		
246	18	True	224.0	100.0	192.0				1.0	1.0	1.0	1.0	Assets/Product/BigWorld/SkyGarden/StaticPrefabs/Scene_Faos01/MG_TrafficHub_BuildingSmall_L0_X134_Y135.prefab		MG_TrafficHub_BuildingSmall_L0_X134_Y135	135	134		
247	18	True	320.0	100.0	192.0				1.0	1.0	1.0	1.0	Assets/Product/BigWorld/SkyGarden/StaticPrefabs/Scene_Faos01/MG_TrafficHub_BuildingSmall_L0_X134_Y138.prefab		MG_TrafficHub_BuildingSmall_L0_X134_Y138	138	134		
248	18	True	320.0	100.0	160.0				1.0	1.0	1.0	1.0	Assets/Product/BigWorld/SkyGarden/StaticPrefabs/Scene_Faos01/MG_TrafficHub_BuildingSmall_L0_X133_Y138.prefab		MG_TrafficHub_BuildingSmall_L0_X133_Y138	138	133		
249	18	True	352.0	100.0	160.0				1.0	1.0	1.0	1.0	Assets/Product/BigWorld/SkyGarden/StaticPrefabs/Scene_Faos01/MG_TrafficHub_BuildingSmall_L0_X133_Y139.prefab		MG_TrafficHub_BuildingSmall_L0_X133_Y139	139	133		
250	18	True	224.0	100.0	160.0				1.0	1.0	1.0	1.0	Assets/Product/BigWorld/SkyGarden/StaticPrefabs/Scene_Faos01/MG_TrafficHub_BuildingSmall_L0_X133_Y135.prefab		MG_TrafficHub_BuildingSmall_L0_X133_Y135	135	133		
251	18		256.0	100.0	96.0				1.0	1.0	1.0	1.0	Assets/Product/BigWorld/SkyGarden/StaticPrefabs/Scene_Faos01/MG_TrafficHub_BuildingSmall_L0_X131_Y136.prefab		MG_TrafficHub_BuildingSmall_L0_X131_Y136	136	131		
252	18		224.0	100.0	128.0				1.0	1.0	1.0	1.0	Assets/Product/BigWorld/SkyGarden/StaticPrefabs/Scene_Faos01/MG_TrafficHub_BuildingSmall_L0_X132_Y135.prefab		MG_TrafficHub_BuildingSmall_L0_X132_Y135	135	132		
253	18	True	320.0	100.0	128.0				1.0	1.0	1.0	1.0	Assets/Product/BigWorld/SkyGarden/StaticPrefabs/Scene_Faos01/MG_TrafficHub_BuildingSmall_L1_X66_Y69.prefab		MG_TrafficHub_BuildingSmall_L1_X66_Y69	69	66	1	
254	18	True	320.0	100.0	192.0				1.0	1.0	1.0	1.0	Assets/Product/BigWorld/SkyGarden/StaticPrefabs/Scene_Faos01/MG_TrafficHub_BuildingSmall_L1_X67_Y69.prefab		MG_TrafficHub_BuildingSmall_L1_X67_Y69	69	67	1	
255	18	True	256.0	100.0	128.0				1.0	1.0	1.0	1.0	Assets/Product/BigWorld/SkyGarden/StaticPrefabs/Scene_Faos01/MG_TrafficHub_BuildingSmall_L1_X66_Y68.prefab		MG_TrafficHub_BuildingSmall_L1_X66_Y68	68	66	1	
256	18	True	256.0	100.0	192.0				1.0	1.0	1.0	1.0	Assets/Product/BigWorld/SkyGarden/StaticPrefabs/Scene_Faos01/MG_TrafficHub_BuildingSmall_L1_X67_Y68.prefab		MG_TrafficHub_BuildingSmall_L1_X67_Y68	68	67	1	
257	18		192.0	100.0	128.0				1.0	1.0	1.0	1.0	Assets/Product/BigWorld/SkyGarden/StaticPrefabs/Scene_Faos01/MG_TrafficHub_BuildingSmall_L1_X66_Y67.prefab		MG_TrafficHub_BuildingSmall_L1_X66_Y67	67	66	1	
258	18		256.0	100.0	128.0				1.0	1.0	1.0	1.0	Assets/Product/BigWorld/SkyGarden/StaticPrefabs/Scene_Faos01/MG_TrafficHub_BuildingSmall_L2_X33_Y34.prefab		MG_TrafficHub_BuildingSmall_L2_X33_Y34	34	33	2	
259	19	True	322.0	100.0	184.0				1.0	1.0	1.0	1.0	Assets/Product/BigWorld/SkyGarden/StaticPrefabs/Scene_Faos01/MG_TrafficHub_Middle_L0_X132_Y135.prefab		MG_TrafficHub_Middle_L0_X132_Y135	135	132		
260	19	True	322.0	100.0	138.0				1.0	1.0	1.0	1.0	Assets/Product/BigWorld/SkyGarden/StaticPrefabs/Scene_Faos01/MG_TrafficHub_Middle_L0_X131_Y135.prefab		MG_TrafficHub_Middle_L0_X131_Y135	135	131		
261	19	True	276.0	100.0	138.0				1.0	1.0	1.0	1.0	Assets/Product/BigWorld/SkyGarden/StaticPrefabs/Scene_Faos01/MG_TrafficHub_Middle_L0_X131_Y134.prefab		MG_TrafficHub_Middle_L0_X131_Y134	134	131		
262	19	True	276.0	100.0	184.0				1.0	1.0	1.0	1.0	Assets/Product/BigWorld/SkyGarden/StaticPrefabs/Scene_Faos01/MG_TrafficHub_Middle_L0_X132_Y134.prefab		MG_TrafficHub_Middle_L0_X132_Y134	134	132		
263	19	True	230.0	100.0	138.0				1.0	1.0	1.0	1.0	Assets/Product/BigWorld/SkyGarden/StaticPrefabs/Scene_Faos01/MG_TrafficHub_Middle_L0_X131_Y133.prefab		MG_TrafficHub_Middle_L0_X131_Y133	133	131		
264	19		276.0	100.0	92.0				1.0	1.0	1.0	1.0	Assets/Product/BigWorld/SkyGarden/StaticPrefabs/Scene_Faos01/MG_TrafficHub_Middle_L0_X130_Y134.prefab		MG_TrafficHub_Middle_L0_X130_Y134	134	130		
265	19	True	276.0	100.0	230.0				1.0	1.0	1.0	1.0	Assets/Product/BigWorld/SkyGarden/StaticPrefabs/Scene_Faos01/MG_TrafficHub_Middle_L0_X133_Y134.prefab		MG_TrafficHub_Middle_L0_X133_Y134	134	133		
266	19	True	230.0	100.0	230.0				1.0	1.0	1.0	1.0	Assets/Product/BigWorld/SkyGarden/StaticPrefabs/Scene_Faos01/MG_TrafficHub_Middle_L0_X133_Y133.prefab		MG_TrafficHub_Middle_L0_X133_Y133	133	133		
267	19	True	414.0	100.0	184.0				1.0	1.0	1.0	1.0	Assets/Product/BigWorld/SkyGarden/StaticPrefabs/Scene_Faos01/MG_TrafficHub_Middle_L0_X132_Y137.prefab		MG_TrafficHub_Middle_L0_X132_Y137	137	132		
268	19	True	414.0	100.0	138.0				1.0	1.0	1.0	1.0	Assets/Product/BigWorld/SkyGarden/StaticPrefabs/Scene_Faos01/MG_TrafficHub_Middle_L0_X131_Y137.prefab		MG_TrafficHub_Middle_L0_X131_Y137	137	131		
269	19		230.0	100.0	184.0				1.0	1.0	1.0	1.0	Assets/Product/BigWorld/SkyGarden/StaticPrefabs/Scene_Faos01/MG_TrafficHub_Middle_L0_X132_Y133.prefab		MG_TrafficHub_Middle_L0_X132_Y133	133	132		
270	19		276.0	100.0	92.0				1.0	1.0	1.0	1.0	Assets/Product/BigWorld/SkyGarden/StaticPrefabs/Scene_Faos01/MG_TrafficHub_Middle_L1_X65_Y67.prefab		MG_TrafficHub_Middle_L1_X65_Y67	67	65	1	
271	19	True	276.0	100.0	184.0				1.0	1.0	1.0	1.0	Assets/Product/BigWorld/SkyGarden/StaticPrefabs/Scene_Faos01/MG_TrafficHub_Middle_L1_X66_Y67.prefab		MG_TrafficHub_Middle_L1_X66_Y67	67	66	1	
272	20	True	256.0	100.0	160.0				1.0	1.0	1.0	1.0	Assets/Product/BigWorld/SkyGarden/StaticPrefabs/Scene_Faos01/MG_TrafficHub_Small_L0_X133_Y136.prefab		MG_TrafficHub_Small_L0_X133_Y136	136	133		
273	20	True	256.0	100.0	128.0				1.0	1.0	1.0	1.0	Assets/Product/BigWorld/SkyGarden/StaticPrefabs/Scene_Faos01/MG_TrafficHub_Small_L0_X132_Y136.prefab		MG_TrafficHub_Small_L0_X132_Y136	136	132		
274	20	True	256.0	100.0	224.0				1.0	1.0	1.0	1.0	Assets/Product/BigWorld/SkyGarden/StaticPrefabs/Scene_Faos01/MG_TrafficHub_Small_L0_X135_Y136.prefab		MG_TrafficHub_Small_L0_X135_Y136	136	135		
275	20	True	320.0	100.0	224.0				1.0	1.0	1.0	1.0	Assets/Product/BigWorld/SkyGarden/StaticPrefabs/Scene_Faos01/MG_TrafficHub_Small_L0_X135_Y138.prefab		MG_TrafficHub_Small_L0_X135_Y138	138	135		
276	20	True	288.0	100.0	128.0				1.0	1.0	1.0	1.0	Assets/Product/BigWorld/SkyGarden/StaticPrefabs/Scene_Faos01/MG_TrafficHub_Small_L0_X132_Y137.prefab		MG_TrafficHub_Small_L0_X132_Y137	137	132		
277	20	True	320.0	100.0	192.0				1.0	1.0	1.0	1.0	Assets/Product/BigWorld/SkyGarden/StaticPrefabs/Scene_Faos01/MG_TrafficHub_Small_L0_X134_Y138.prefab		MG_TrafficHub_Small_L0_X134_Y138	138	134		
278	20	True	288.0	100.0	224.0				1.0	1.0	1.0	1.0	Assets/Product/BigWorld/SkyGarden/StaticPrefabs/Scene_Faos01/MG_TrafficHub_Small_L0_X135_Y137.prefab		MG_TrafficHub_Small_L0_X135_Y137	137	135		
279	20	True	288.0	100.0	192.0				1.0	1.0	1.0	1.0	Assets/Product/BigWorld/SkyGarden/StaticPrefabs/Scene_Faos01/MG_TrafficHub_Small_L0_X134_Y137.prefab		MG_TrafficHub_Small_L0_X134_Y137	137	134		
280	20	True	256.0	100.0	192.0				1.0	1.0	1.0	1.0	Assets/Product/BigWorld/SkyGarden/StaticPrefabs/Scene_Faos01/MG_TrafficHub_Small_L0_X134_Y136.prefab		MG_TrafficHub_Small_L0_X134_Y136	136	134		
281	20	True	288.0	100.0	160.0				1.0	1.0	1.0	1.0	Assets/Product/BigWorld/SkyGarden/StaticPrefabs/Scene_Faos01/MG_TrafficHub_Small_L0_X133_Y137.prefab		MG_TrafficHub_Small_L0_X133_Y137	137	133		
282	20	True	416.0	100.0	192.0				1.0	1.0	1.0	1.0	Assets/Product/BigWorld/SkyGarden/StaticPrefabs/Scene_Faos01/MG_TrafficHub_Small_L0_X134_Y141.prefab		MG_TrafficHub_Small_L0_X134_Y141	141	134		
283	20	True	416.0	100.0	128.0				1.0	1.0	1.0	1.0	Assets/Product/BigWorld/SkyGarden/StaticPrefabs/Scene_Faos01/MG_TrafficHub_Small_L0_X132_Y141.prefab		MG_TrafficHub_Small_L0_X132_Y141	141	132		
284	20	True	384.0	100.0	160.0				1.0	1.0	1.0	1.0	Assets/Product/BigWorld/SkyGarden/StaticPrefabs/Scene_Faos01/MG_TrafficHub_Small_L0_X133_Y140.prefab		MG_TrafficHub_Small_L0_X133_Y140	140	133		
285	20	True	320.0	100.0	128.0				1.0	1.0	1.0	1.0	Assets/Product/BigWorld/SkyGarden/StaticPrefabs/Scene_Faos01/MG_TrafficHub_Small_L0_X132_Y138.prefab		MG_TrafficHub_Small_L0_X132_Y138	138	132		
286	20	True	384.0	100.0	192.0				1.0	1.0	1.0	1.0	Assets/Product/BigWorld/SkyGarden/StaticPrefabs/Scene_Faos01/MG_TrafficHub_Small_L0_X134_Y140.prefab		MG_TrafficHub_Small_L0_X134_Y140	140	134		
287	20	True	352.0	100.0	160.0				1.0	1.0	1.0	1.0	Assets/Product/BigWorld/SkyGarden/StaticPrefabs/Scene_Faos01/MG_TrafficHub_Small_L0_X133_Y139.prefab		MG_TrafficHub_Small_L0_X133_Y139	139	133		
288	20	True	256.0	100.0	96.0				1.0	1.0	1.0	1.0	Assets/Product/BigWorld/SkyGarden/StaticPrefabs/Scene_Faos01/MG_TrafficHub_Small_L0_X131_Y136.prefab		MG_TrafficHub_Small_L0_X131_Y136	136	131		
289	20	True	320.0	100.0	160.0				1.0	1.0	1.0	1.0	Assets/Product/BigWorld/SkyGarden/StaticPrefabs/Scene_Faos01/MG_TrafficHub_Small_L0_X133_Y138.prefab		MG_TrafficHub_Small_L0_X133_Y138	138	133		
290	20	True	384.0	100.0	128.0				1.0	1.0	1.0	1.0	Assets/Product/BigWorld/SkyGarden/StaticPrefabs/Scene_Faos01/MG_TrafficHub_Small_L0_X132_Y140.prefab		MG_TrafficHub_Small_L0_X132_Y140	140	132		
291	20	True	352.0	100.0	192.0				1.0	1.0	1.0	1.0	Assets/Product/BigWorld/SkyGarden/StaticPrefabs/Scene_Faos01/MG_TrafficHub_Small_L0_X134_Y139.prefab		MG_TrafficHub_Small_L0_X134_Y139	139	134		
292	20			100.0					1.0	1.0	1.0	1.0	Assets/Product/BigWorld/SkyGarden/StaticPrefabs/Scene_Faos01/MG_TrafficHub_Small_L0_X128_Y128.prefab		MG_TrafficHub_Small_L0_X128_Y128	128	128		
293	20	True	256.0	100.0	128.0				1.0	1.0	1.0	1.0	Assets/Product/BigWorld/SkyGarden/StaticPrefabs/Scene_Faos01/MG_TrafficHub_Small_L1_X66_Y68.prefab		MG_TrafficHub_Small_L1_X66_Y68	68	66	1	
294	20	True	320.0	100.0	128.0				1.0	1.0	1.0	1.0	Assets/Product/BigWorld/SkyGarden/StaticPrefabs/Scene_Faos01/MG_TrafficHub_Small_L1_X66_Y69.prefab		MG_TrafficHub_Small_L1_X66_Y69	69	66	1	
295	20	True	320.0	100.0	192.0				1.0	1.0	1.0	1.0	Assets/Product/BigWorld/SkyGarden/StaticPrefabs/Scene_Faos01/MG_TrafficHub_Small_L1_X67_Y69.prefab		MG_TrafficHub_Small_L1_X67_Y69	69	67	1	
296	20	True	256.0	100.0	192.0				1.0	1.0	1.0	1.0	Assets/Product/BigWorld/SkyGarden/StaticPrefabs/Scene_Faos01/MG_TrafficHub_Small_L1_X67_Y68.prefab		MG_TrafficHub_Small_L1_X67_Y68	68	67	1	
297	20		448.0	100.0	192.0				1.0	1.0	1.0	1.0	Assets/Product/BigWorld/SkyGarden/StaticPrefabs/Scene_Faos01/MG_TrafficHub_Small_L1_X67_Y71.prefab		MG_TrafficHub_Small_L1_X67_Y71	71	67	1	
298	20		448.0	100.0	128.0				1.0	1.0	1.0	1.0	Assets/Product/BigWorld/SkyGarden/StaticPrefabs/Scene_Faos01/MG_TrafficHub_Small_L1_X66_Y71.prefab		MG_TrafficHub_Small_L1_X66_Y71	71	66	1	
299	21		320.0	100.0	256.0				1.0	1.0	1.0	1.0	Assets/Product/BigWorld/SkyGarden/StaticPrefabs/Scene_Faos01/MG_TrafficHub_BuildingFar_L0_X68_Y69.prefab		MG_TrafficHub_BuildingFar_L0_X68_Y69	69	68		
300	21		384.0	100.0	256.0				1.0	1.0	1.0	1.0	Assets/Product/BigWorld/SkyGarden/StaticPrefabs/Scene_Faos01/MG_TrafficHub_BuildingFar_L0_X68_Y70.prefab		MG_TrafficHub_BuildingFar_L0_X68_Y70	70	68		
301	21		384.0	100.0	64.0				1.0	1.0	1.0	1.0	Assets/Product/BigWorld/SkyGarden/StaticPrefabs/Scene_Faos01/MG_TrafficHub_BuildingFar_L0_X65_Y70.prefab		MG_TrafficHub_BuildingFar_L0_X65_Y70	70	65		
302	21		384.0	100.0	384.0				1.0	1.0	1.0	1.0	Assets/Product/BigWorld/SkyGarden/StaticPrefabs/Scene_Faos01/MG_TrafficHub_BuildingFar_L1_X35_Y35.prefab		MG_TrafficHub_BuildingFar_L1_X35_Y35	35	35	1	
303	21		384.0	100.0	256.0				1.0	1.0	1.0	1.0	Assets/Product/BigWorld/SkyGarden/StaticPrefabs/Scene_Faos01/MG_TrafficHub_BuildingFar_L1_X34_Y35.prefab		MG_TrafficHub_BuildingFar_L1_X34_Y35	35	34	1	
304	21		256.0	100.0	256.0				1.0	1.0	1.0	1.0	Assets/Product/BigWorld/SkyGarden/StaticPrefabs/Scene_Faos01/MG_TrafficHub_BuildingFar_L1_X34_Y34.prefab		MG_TrafficHub_BuildingFar_L1_X34_Y34	34	34	1	
305	21		384.0	100.0					1.0	1.0	1.0	1.0	Assets/Product/BigWorld/SkyGarden/StaticPrefabs/Scene_Faos01/MG_TrafficHub_BuildingFar_L1_X32_Y35.prefab		MG_TrafficHub_BuildingFar_L1_X32_Y35	35	32	1	
306	21		256.0	100.0	512.0				1.0	1.0	1.0	1.0	Assets/Product/BigWorld/SkyGarden/StaticPrefabs/Scene_Faos01/MG_TrafficHub_BuildingFar_L2_X18_Y17.prefab		MG_TrafficHub_BuildingFar_L2_X18_Y17	17	18	2	
307	21		256.0	100.0	256.0				1.0	1.0	1.0	1.0	Assets/Product/BigWorld/SkyGarden/StaticPrefabs/Scene_Faos01/MG_TrafficHub_BuildingFar_L2_X17_Y17.prefab		MG_TrafficHub_BuildingFar_L2_X17_Y17	17	17	2	
308	21		512.0	100.0	512.0				1.0	1.0	1.0	1.0	Assets/Product/BigWorld/SkyGarden/StaticPrefabs/Scene_Faos01/MG_TrafficHub_BuildingFar_L3_X9_Y9.prefab		MG_TrafficHub_BuildingFar_L3_X9_Y9	9	9	3	
309	22		192.0	100.0	-64.0				1.0	1.0	1.0	1.0	Assets/Product/BigWorld/SkyGarden/StaticPrefabs/Scene_Faos01/MG_TrafficHub_Far_L0_X63_Y67.prefab		MG_TrafficHub_Far_L0_X63_Y67	67	63		
310	22		192.0	100.0					1.0	1.0	1.0	1.0	Assets/Product/BigWorld/SkyGarden/StaticPrefabs/Scene_Faos01/MG_TrafficHub_Far_L0_X64_Y67.prefab		MG_TrafficHub_Far_L0_X64_Y67	67	64		
311	22		192.0	100.0	64.0				1.0	1.0	1.0	1.0	Assets/Product/BigWorld/SkyGarden/StaticPrefabs/Scene_Faos01/MG_TrafficHub_Far_L0_X65_Y67.prefab		MG_TrafficHub_Far_L0_X65_Y67	67	65		
312	22		256.0	100.0					1.0	1.0	1.0	1.0	Assets/Product/BigWorld/SkyGarden/StaticPrefabs/Scene_Faos01/MG_TrafficHub_Far_L1_X32_Y34.prefab		MG_TrafficHub_Far_L1_X32_Y34	34	32	1	
313	22		128.0	100.0					1.0	1.0	1.0	1.0	Assets/Product/BigWorld/SkyGarden/StaticPrefabs/Scene_Faos01/MG_TrafficHub_Far_L1_X32_Y33.prefab		MG_TrafficHub_Far_L1_X32_Y33	33	32	1	
314	22			100.0					1.0	1.0	1.0	1.0	Assets/Product/BigWorld/SkyGarden/StaticPrefabs/Scene_Faos01/MG_TrafficHub_Far_L1_X32_Y32.prefab		MG_TrafficHub_Far_L1_X32_Y32	32	32	1	
315	22		256.0	100.0					1.0	1.0	1.0	1.0	Assets/Product/BigWorld/SkyGarden/StaticPrefabs/Scene_Faos01/MG_TrafficHub_Far_L2_X16_Y17.prefab		MG_TrafficHub_Far_L2_X16_Y17	17	16	2	
316	22			100.0					1.0	1.0	1.0	1.0	Assets/Product/BigWorld/SkyGarden/StaticPrefabs/Scene_Faos01/MG_TrafficHub_Far_L2_X16_Y16.prefab		MG_TrafficHub_Far_L2_X16_Y16	16	16	2	
317	23		288.0	100.0	192.0				1.0	1.0	1.0	1.0	Assets/Product/BigWorld/SkyGarden/StaticPrefabs/Scene_Faos01/MG_TrafficHub_Plant_L0_X134_Y137.prefab		MG_TrafficHub_Plant_L0_X134_Y137	137	134		
318	23		288.0	100.0	224.0				1.0	1.0	1.0	1.0	Assets/Product/BigWorld/SkyGarden/StaticPrefabs/Scene_Faos01/MG_TrafficHub_Plant_L0_X135_Y137.prefab		MG_TrafficHub_Plant_L0_X135_Y137	137	135		
319	23		320.0	100.0	160.0				1.0	1.0	1.0	1.0	Assets/Product/BigWorld/SkyGarden/StaticPrefabs/Scene_Faos01/MG_TrafficHub_Plant_L0_X133_Y138.prefab		MG_TrafficHub_Plant_L0_X133_Y138	138	133		
320	23		352.0	100.0	192.0				1.0	1.0	1.0	1.0	Assets/Product/BigWorld/SkyGarden/StaticPrefabs/Scene_Faos01/MG_TrafficHub_Plant_L0_X134_Y139.prefab		MG_TrafficHub_Plant_L0_X134_Y139	139	134		
321	23		352.0	100.0	128.0				1.0	1.0	1.0	1.0	Assets/Product/BigWorld/SkyGarden/StaticPrefabs/Scene_Faos01/MG_TrafficHub_Plant_L0_X132_Y139.prefab		MG_TrafficHub_Plant_L0_X132_Y139	139	132		
322	23		288.0	100.0	160.0				1.0	1.0	1.0	1.0	Assets/Product/BigWorld/SkyGarden/StaticPrefabs/Scene_Faos01/MG_TrafficHub_Plant_L0_X133_Y137.prefab		MG_TrafficHub_Plant_L0_X133_Y137	137	133		
323	23		384.0	100.0	192.0				1.0	1.0	1.0	1.0	Assets/Product/BigWorld/SkyGarden/StaticPrefabs/Scene_Faos01/MG_TrafficHub_Plant_L0_X134_Y140.prefab		MG_TrafficHub_Plant_L0_X134_Y140	140	134		
324	23		384.0	100.0	128.0				1.0	1.0	1.0	1.0	Assets/Product/BigWorld/SkyGarden/StaticPrefabs/Scene_Faos01/MG_TrafficHub_Plant_L0_X132_Y140.prefab		MG_TrafficHub_Plant_L0_X132_Y140	140	132		
325	23		416.0	100.0	192.0				1.0	1.0	1.0	1.0	Assets/Product/BigWorld/SkyGarden/StaticPrefabs/Scene_Faos01/MG_TrafficHub_Plant_L0_X134_Y141.prefab		MG_TrafficHub_Plant_L0_X134_Y141	141	134		
326	23		416.0	100.0	128.0				1.0	1.0	1.0	1.0	Assets/Product/BigWorld/SkyGarden/StaticPrefabs/Scene_Faos01/MG_TrafficHub_Plant_L0_X132_Y141.prefab		MG_TrafficHub_Plant_L0_X132_Y141	141	132		
327	23	True	384.0	100.0	160.0				1.0	1.0	1.0	1.0	Assets/Product/BigWorld/SkyGarden/StaticPrefabs/Scene_Faos01/MG_TrafficHub_Plant_L0_X133_Y140.prefab		MG_TrafficHub_Plant_L0_X133_Y140	140	133		
328	23		256.0	100.0	160.0				1.0	1.0	1.0	1.0	Assets/Product/BigWorld/SkyGarden/StaticPrefabs/Scene_Faos01/MG_TrafficHub_Plant_L0_X133_Y136.prefab		MG_TrafficHub_Plant_L0_X133_Y136	136	133		
329	23		256.0	100.0	128.0				1.0	1.0	1.0	1.0	Assets/Product/BigWorld/SkyGarden/StaticPrefabs/Scene_Faos01/MG_TrafficHub_Plant_L0_X132_Y136.prefab		MG_TrafficHub_Plant_L0_X132_Y136	136	132		
330	23		256.0	100.0	192.0				1.0	1.0	1.0	1.0	Assets/Product/BigWorld/SkyGarden/StaticPrefabs/Scene_Faos01/MG_TrafficHub_Plant_L0_X134_Y136.prefab		MG_TrafficHub_Plant_L0_X134_Y136	136	134		
331	23		256.0	100.0	224.0				1.0	1.0	1.0	1.0	Assets/Product/BigWorld/SkyGarden/StaticPrefabs/Scene_Faos01/MG_TrafficHub_Plant_L0_X135_Y136.prefab		MG_TrafficHub_Plant_L0_X135_Y136	136	135		
332	23		352.0	100.0	160.0				1.0	1.0	1.0	1.0	Assets/Product/BigWorld/SkyGarden/StaticPrefabs/Scene_Faos01/MG_TrafficHub_Plant_L0_X133_Y139.prefab		MG_TrafficHub_Plant_L0_X133_Y139	139	133		
333	23		320.0	100.0	128.0				1.0	1.0	1.0	1.0	Assets/Product/BigWorld/SkyGarden/StaticPrefabs/Scene_Faos01/MG_TrafficHub_Plant_L1_X66_Y69.prefab		MG_TrafficHub_Plant_L1_X66_Y69	69	66	1	
334	23		320.0	100.0	192.0				1.0	1.0	1.0	1.0	Assets/Product/BigWorld/SkyGarden/StaticPrefabs/Scene_Faos01/MG_TrafficHub_Plant_L1_X67_Y69.prefab		MG_TrafficHub_Plant_L1_X67_Y69	69	67	1	
335	23		256.0	100.0	128.0				1.0	1.0	1.0	1.0	Assets/Product/BigWorld/SkyGarden/StaticPrefabs/Scene_Faos01/MG_TrafficHub_Plant_L1_X66_Y68.prefab		MG_TrafficHub_Plant_L1_X66_Y68	68	66	1	
336	23		256.0	100.0	192.0				1.0	1.0	1.0	1.0	Assets/Product/BigWorld/SkyGarden/StaticPrefabs/Scene_Faos01/MG_TrafficHub_Plant_L1_X67_Y68.prefab		MG_TrafficHub_Plant_L1_X67_Y68	68	67	1	
337	23		256.0	100.0	128.0				1.0	1.0	1.0	1.0	Assets/Product/BigWorld/SkyGarden/StaticPrefabs/Scene_Faos01/MG_TrafficHub_Plant_L2_X33_Y34.prefab		MG_TrafficHub_Plant_L2_X33_Y34	34	33	2	
338	24	True		100.0					1.0	1.0	1.0	1.0	Assets/Product/BigWorld/SkyGarden/StaticPrefabs/Scene_Faos01/MG_BlocktoberR_L8_X0_Y0.prefab		MG_BlocktoberR_L8_X0_Y0			8	
339	25	True		100.0					1.0	1.0	1.0	1.0	Assets/Product/BigWorld/SkyGarden/StaticPrefabs/Scene_Faos01/MG_BlocktoberL_L8_X0_Y0.prefab		MG_BlocktoberL_L8_X0_Y0			8	
340	26			100.0					1.0	1.0	1.0	1.0	Assets/Product/BigWorld/SkyGarden/StaticPrefabs/Scene_Faos01/MG_BlocktoberTOP_L8_X0_Y0.prefab		MG_BlocktoberTOP_L8_X0_Y0			8	
341	27			100.0					1.0	1.0	1.0	1.0	Assets/Product/BigWorld/SkyGarden/StaticPrefabs/Scene_Faos01/MG_BlocktoberFoot_L8_X0_Y0.prefab		MG_BlocktoberFoot_L8_X0_Y0			8	
342	28		270.0	100.0	140.0				1.0	1.0	1.0	1.0	Assets/Product/BigWorld/SkyGarden/StaticPrefabs/Scene_Faos01/MG_TrafficHubTiny_L0_X526_Y539.prefab		MG_TrafficHubTiny_L0_X526_Y539	539	526		
343	28		260.0	100.0	130.0				1.0	1.0	1.0	1.0	Assets/Product/BigWorld/SkyGarden/StaticPrefabs/Scene_Faos01/MG_TrafficHubTiny_L0_X525_Y538.prefab		MG_TrafficHubTiny_L0_X525_Y538	538	525		
344	28		270.0	100.0	130.0				1.0	1.0	1.0	1.0	Assets/Product/BigWorld/SkyGarden/StaticPrefabs/Scene_Faos01/MG_TrafficHubTiny_L0_X525_Y539.prefab		MG_TrafficHubTiny_L0_X525_Y539	539	525		
345	28		260.0	100.0	140.0				1.0	1.0	1.0	1.0	Assets/Product/BigWorld/SkyGarden/StaticPrefabs/Scene_Faos01/MG_TrafficHubTiny_L0_X526_Y538.prefab		MG_TrafficHubTiny_L0_X526_Y538	538	526		
346	28		270.0	100.0	150.0				1.0	1.0	1.0	1.0	Assets/Product/BigWorld/SkyGarden/StaticPrefabs/Scene_Faos01/MG_TrafficHubTiny_L0_X527_Y539.prefab		MG_TrafficHubTiny_L0_X527_Y539	539	527		
347	28	True	260.0	100.0	150.0				1.0	1.0	1.0	1.0	Assets/Product/BigWorld/SkyGarden/StaticPrefabs/Scene_Faos01/MG_TrafficHubTiny_L0_X527_Y538.prefab		MG_TrafficHubTiny_L0_X527_Y538	538	527		
348	28		260.0	100.0	160.0				1.0	1.0	1.0	1.0	Assets/Product/BigWorld/SkyGarden/StaticPrefabs/Scene_Faos01/MG_TrafficHubTiny_L0_X528_Y538.prefab		MG_TrafficHubTiny_L0_X528_Y538	538	528		
349	28		250.0	100.0	160.0				1.0	1.0	1.0	1.0	Assets/Product/BigWorld/SkyGarden/StaticPrefabs/Scene_Faos01/MG_TrafficHubTiny_L0_X528_Y537.prefab		MG_TrafficHubTiny_L0_X528_Y537	537	528		
350	28		240.0	100.0	160.0				1.0	1.0	1.0	1.0	Assets/Product/BigWorld/SkyGarden/StaticPrefabs/Scene_Faos01/MG_TrafficHubTiny_L0_X528_Y536.prefab		MG_TrafficHubTiny_L0_X528_Y536	536	528		
351	28		250.0	100.0	170.0				1.0	1.0	1.0	1.0	Assets/Product/BigWorld/SkyGarden/StaticPrefabs/Scene_Faos01/MG_TrafficHubTiny_L0_X529_Y537.prefab		MG_TrafficHubTiny_L0_X529_Y537	537	529		
352	28		250.0	100.0	140.0				1.0	1.0	1.0	1.0	Assets/Product/BigWorld/SkyGarden/StaticPrefabs/Scene_Faos01/MG_TrafficHubTiny_L0_X526_Y537.prefab		MG_TrafficHubTiny_L0_X526_Y537	537	526		
353	28		250.0	100.0	150.0				1.0	1.0	1.0	1.0	Assets/Product/BigWorld/SkyGarden/StaticPrefabs/Scene_Faos01/MG_TrafficHubTiny_L0_X527_Y537.prefab		MG_TrafficHubTiny_L0_X527_Y537	537	527		
354	28		290.0	100.0	180.0				1.0	1.0	1.0	1.0	Assets/Product/BigWorld/SkyGarden/StaticPrefabs/Scene_Faos01/MG_TrafficHubTiny_L0_X530_Y541.prefab		MG_TrafficHubTiny_L0_X530_Y541	541	530		
355	28		290.0	100.0	200.0				1.0	1.0	1.0	1.0	Assets/Product/BigWorld/SkyGarden/StaticPrefabs/Scene_Faos01/MG_TrafficHubTiny_L0_X532_Y541.prefab		MG_TrafficHubTiny_L0_X532_Y541	541	532		
356	28	True	280.0	100.0	200.0				1.0	1.0	1.0	1.0	Assets/Product/BigWorld/SkyGarden/StaticPrefabs/Scene_Faos01/MG_TrafficHubTiny_L0_X532_Y540.prefab		MG_TrafficHubTiny_L0_X532_Y540	540	532		
357	28		280.0	100.0	190.0				1.0	1.0	1.0	1.0	Assets/Product/BigWorld/SkyGarden/StaticPrefabs/Scene_Faos01/MG_TrafficHubTiny_L0_X531_Y540.prefab		MG_TrafficHubTiny_L0_X531_Y540	540	531		
358	28		290.0	100.0	170.0				1.0	1.0	1.0	1.0	Assets/Product/BigWorld/SkyGarden/StaticPrefabs/Scene_Faos01/MG_TrafficHubTiny_L0_X529_Y541.prefab		MG_TrafficHubTiny_L0_X529_Y541	541	529		
359	28		300.0	100.0	170.0				1.0	1.0	1.0	1.0	Assets/Product/BigWorld/SkyGarden/StaticPrefabs/Scene_Faos01/MG_TrafficHubTiny_L0_X529_Y542.prefab		MG_TrafficHubTiny_L0_X529_Y542	542	529		
360	28		300.0	100.0	180.0				1.0	1.0	1.0	1.0	Assets/Product/BigWorld/SkyGarden/StaticPrefabs/Scene_Faos01/MG_TrafficHubTiny_L0_X530_Y542.prefab		MG_TrafficHubTiny_L0_X530_Y542	542	530		
361	28		310.0	100.0	170.0				1.0	1.0	1.0	1.0	Assets/Product/BigWorld/SkyGarden/StaticPrefabs/Scene_Faos01/MG_TrafficHubTiny_L0_X529_Y543.prefab		MG_TrafficHubTiny_L0_X529_Y543	543	529		
362	28		300.0	100.0	190.0				1.0	1.0	1.0	1.0	Assets/Product/BigWorld/SkyGarden/StaticPrefabs/Scene_Faos01/MG_TrafficHubTiny_L0_X531_Y542.prefab		MG_TrafficHubTiny_L0_X531_Y542	542	531		
363	28		300.0	100.0	200.0				1.0	1.0	1.0	1.0	Assets/Product/BigWorld/SkyGarden/StaticPrefabs/Scene_Faos01/MG_TrafficHubTiny_L0_X532_Y542.prefab		MG_TrafficHubTiny_L0_X532_Y542	542	532		
364	28		290.0	100.0	210.0				1.0	1.0	1.0	1.0	Assets/Product/BigWorld/SkyGarden/StaticPrefabs/Scene_Faos01/MG_TrafficHubTiny_L0_X533_Y541.prefab		MG_TrafficHubTiny_L0_X533_Y541	541	533		
365	28		280.0	100.0	210.0				1.0	1.0	1.0	1.0	Assets/Product/BigWorld/SkyGarden/StaticPrefabs/Scene_Faos01/MG_TrafficHubTiny_L0_X533_Y540.prefab		MG_TrafficHubTiny_L0_X533_Y540	540	533		
366	28		300.0	100.0	210.0				1.0	1.0	1.0	1.0	Assets/Product/BigWorld/SkyGarden/StaticPrefabs/Scene_Faos01/MG_TrafficHubTiny_L0_X533_Y542.prefab		MG_TrafficHubTiny_L0_X533_Y542	542	533		
367	28		270.0	100.0	170.0				1.0	1.0	1.0	1.0	Assets/Product/BigWorld/SkyGarden/StaticPrefabs/Scene_Faos01/MG_TrafficHubTiny_L0_X529_Y539.prefab		MG_TrafficHubTiny_L0_X529_Y539	539	529		
368	28		280.0	100.0	170.0				1.0	1.0	1.0	1.0	Assets/Product/BigWorld/SkyGarden/StaticPrefabs/Scene_Faos01/MG_TrafficHubTiny_L0_X529_Y540.prefab		MG_TrafficHubTiny_L0_X529_Y540	540	529		
369	28		280.0	100.0	160.0				1.0	1.0	1.0	1.0	Assets/Product/BigWorld/SkyGarden/StaticPrefabs/Scene_Faos01/MG_TrafficHubTiny_L0_X528_Y540.prefab		MG_TrafficHubTiny_L0_X528_Y540	540	528		
370	28		290.0	100.0	160.0				1.0	1.0	1.0	1.0	Assets/Product/BigWorld/SkyGarden/StaticPrefabs/Scene_Faos01/MG_TrafficHubTiny_L0_X528_Y541.prefab		MG_TrafficHubTiny_L0_X528_Y541	541	528		
371	28		290.0	100.0	150.0				1.0	1.0	1.0	1.0	Assets/Product/BigWorld/SkyGarden/StaticPrefabs/Scene_Faos01/MG_TrafficHubTiny_L0_X527_Y541.prefab		MG_TrafficHubTiny_L0_X527_Y541	541	527		
372	28		290.0	100.0	140.0				1.0	1.0	1.0	1.0	Assets/Product/BigWorld/SkyGarden/StaticPrefabs/Scene_Faos01/MG_TrafficHubTiny_L0_X526_Y541.prefab		MG_TrafficHubTiny_L0_X526_Y541	541	526		
373	28	True	280.0	100.0	140.0				1.0	1.0	1.0	1.0	Assets/Product/BigWorld/SkyGarden/StaticPrefabs/Scene_Faos01/MG_TrafficHubTiny_L0_X526_Y540.prefab		MG_TrafficHubTiny_L0_X526_Y540	540	526		
374	28		280.0	100.0	180.0				1.0	1.0	1.0	1.0	Assets/Product/BigWorld/SkyGarden/StaticPrefabs/Scene_Faos01/MG_TrafficHubTiny_L0_X530_Y540.prefab		MG_TrafficHubTiny_L0_X530_Y540	540	530		
375	28	True	270.0	100.0	180.0				1.0	1.0	1.0	1.0	Assets/Product/BigWorld/SkyGarden/StaticPrefabs/Scene_Faos01/MG_TrafficHubTiny_L0_X530_Y539.prefab		MG_TrafficHubTiny_L0_X530_Y539	539	530		
376	28		310.0	100.0	180.0				1.0	1.0	1.0	1.0	Assets/Product/BigWorld/SkyGarden/StaticPrefabs/Scene_Faos01/MG_TrafficHubTiny_L0_X530_Y543.prefab		MG_TrafficHubTiny_L0_X530_Y543	543	530		
377	28	True	310.0	100.0	210.0				1.0	1.0	1.0	1.0	Assets/Product/BigWorld/SkyGarden/StaticPrefabs/Scene_Faos01/MG_TrafficHubTiny_L0_X533_Y543.prefab		MG_TrafficHubTiny_L0_X533_Y543	543	533		
378	28	True	310.0	100.0	200.0				1.0	1.0	1.0	1.0	Assets/Product/BigWorld/SkyGarden/StaticPrefabs/Scene_Faos01/MG_TrafficHubTiny_L0_X532_Y543.prefab		MG_TrafficHubTiny_L0_X532_Y543	543	532		
379	28		300.0	100.0	160.0				1.0	1.0	1.0	1.0	Assets/Product/BigWorld/SkyGarden/StaticPrefabs/Scene_Faos01/MG_TrafficHubTiny_L0_X528_Y542.prefab		MG_TrafficHubTiny_L0_X528_Y542	542	528		
380	28	True	290.0	100.0	190.0				1.0	1.0	1.0	1.0	Assets/Product/BigWorld/SkyGarden/StaticPrefabs/Scene_Faos01/MG_TrafficHubTiny_L0_X531_Y541.prefab		MG_TrafficHubTiny_L0_X531_Y541	541	531		
381	28		260.0	100.0	220.0				1.0	1.0	1.0	1.0	Assets/Product/BigWorld/SkyGarden/StaticPrefabs/Scene_Faos01/MG_TrafficHubTiny_L0_X534_Y538.prefab		MG_TrafficHubTiny_L0_X534_Y538	538	534		
382	28		250.0	100.0	220.0				1.0	1.0	1.0	1.0	Assets/Product/BigWorld/SkyGarden/StaticPrefabs/Scene_Faos01/MG_TrafficHubTiny_L0_X534_Y537.prefab		MG_TrafficHubTiny_L0_X534_Y537	537	534		
383	28		280.0	100.0	150.0				1.0	1.0	1.0	1.0	Assets/Product/BigWorld/SkyGarden/StaticPrefabs/Scene_Faos01/MG_TrafficHubTiny_L0_X527_Y540.prefab		MG_TrafficHubTiny_L0_X527_Y540	540	527		
384	28		250.0	100.0	130.0				1.0	1.0	1.0	1.0	Assets/Product/BigWorld/SkyGarden/StaticPrefabs/Scene_Faos01/MG_TrafficHubTiny_L0_X525_Y537.prefab		MG_TrafficHubTiny_L0_X525_Y537	537	525		
385	28		240.0	100.0	170.0				1.0	1.0	1.0	1.0	Assets/Product/BigWorld/SkyGarden/StaticPrefabs/Scene_Faos01/MG_TrafficHubTiny_L0_X529_Y536.prefab		MG_TrafficHubTiny_L0_X529_Y536	536	529		
386	28		260.0	100.0	170.0				1.0	1.0	1.0	1.0	Assets/Product/BigWorld/SkyGarden/StaticPrefabs/Scene_Faos01/MG_TrafficHubTiny_L0_X529_Y538.prefab		MG_TrafficHubTiny_L0_X529_Y538	538	529		
387	28		270.0	100.0	190.0				1.0	1.0	1.0	1.0	Assets/Product/BigWorld/SkyGarden/StaticPrefabs/Scene_Faos01/MG_TrafficHubTiny_L0_X531_Y539.prefab		MG_TrafficHubTiny_L0_X531_Y539	539	531		
388	28		260.0	100.0	140.0				1.0	1.0	1.0	1.0	Assets/Product/BigWorld/SkyGarden/StaticPrefabs/Scene_Faos01/MG_TrafficHubTiny_L1_X263_Y269.prefab		MG_TrafficHubTiny_L1_X263_Y269	269	263	1	
389	28		280.0	100.0	140.0				1.0	1.0	1.0	1.0	Assets/Product/BigWorld/SkyGarden/StaticPrefabs/Scene_Faos01/MG_TrafficHubTiny_L1_X263_Y270.prefab		MG_TrafficHubTiny_L1_X263_Y270	270	263	1	
390	28		240.0	100.0	160.0				1.0	1.0	1.0	1.0	Assets/Product/BigWorld/SkyGarden/StaticPrefabs/Scene_Faos01/MG_TrafficHubTiny_L1_X264_Y268.prefab		MG_TrafficHubTiny_L1_X264_Y268	268	264	1	
391	28		280.0	100.0	180.0				1.0	1.0	1.0	1.0	Assets/Product/BigWorld/SkyGarden/StaticPrefabs/Scene_Faos01/MG_TrafficHubTiny_L1_X265_Y270.prefab		MG_TrafficHubTiny_L1_X265_Y270	270	265	1	
392	28		280.0	100.0	200.0				1.0	1.0	1.0	1.0	Assets/Product/BigWorld/SkyGarden/StaticPrefabs/Scene_Faos01/MG_TrafficHubTiny_L1_X266_Y270.prefab		MG_TrafficHubTiny_L1_X266_Y270	270	266	1	
393	28		300.0	100.0	180.0				1.0	1.0	1.0	1.0	Assets/Product/BigWorld/SkyGarden/StaticPrefabs/Scene_Faos01/MG_TrafficHubTiny_L1_X265_Y271.prefab		MG_TrafficHubTiny_L1_X265_Y271	271	265	1	
394	28		300.0	100.0	200.0				1.0	1.0	1.0	1.0	Assets/Product/BigWorld/SkyGarden/StaticPrefabs/Scene_Faos01/MG_TrafficHubTiny_L1_X266_Y271.prefab		MG_TrafficHubTiny_L1_X266_Y271	271	266	1	
395	28		300.0	100.0	140.0				1.0	1.0	1.0	1.0	Assets/Product/BigWorld/SkyGarden/StaticPrefabs/Scene_Faos01/MG_TrafficHubTiny_L1_X263_Y271.prefab		MG_TrafficHubTiny_L1_X263_Y271	271	263	1	
396	28		300.0	100.0	160.0				1.0	1.0	1.0	1.0	Assets/Product/BigWorld/SkyGarden/StaticPrefabs/Scene_Faos01/MG_TrafficHubTiny_L1_X264_Y271.prefab		MG_TrafficHubTiny_L1_X264_Y271	271	264	1	
397	28	True	320.0	100.0	200.0				1.0	1.0	1.0	1.0	Assets/Product/BigWorld/SkyGarden/StaticPrefabs/Scene_Faos01/MG_TrafficHubTiny_L1_X266_Y272.prefab		MG_TrafficHubTiny_L1_X266_Y272	272	266	1	
398	28		260.0	100.0	180.0				1.0	1.0	1.0	1.0	Assets/Product/BigWorld/SkyGarden/StaticPrefabs/Scene_Faos01/MG_TrafficHubTiny_L1_X265_Y269.prefab		MG_TrafficHubTiny_L1_X265_Y269	269	265	1	
399	28		260.0	100.0	220.0				1.0	1.0	1.0	1.0	Assets/Product/BigWorld/SkyGarden/StaticPrefabs/Scene_Faos01/MG_TrafficHubTiny_L1_X267_Y269.prefab		MG_TrafficHubTiny_L1_X267_Y269	269	267	1	
400	28		280.0	100.0	160.0				1.0	1.0	1.0	1.0	Assets/Product/BigWorld/SkyGarden/StaticPrefabs/Scene_Faos01/MG_TrafficHubTiny_L2_X132_Y135.prefab		MG_TrafficHubTiny_L2_X132_Y135	135	132	2	
401	28		320.0	100.0	200.0				1.0	1.0	1.0	1.0	Assets/Product/BigWorld/SkyGarden/StaticPrefabs/Scene_Faos01/MG_TrafficHubTiny_L2_X133_Y136.prefab		MG_TrafficHubTiny_L2_X133_Y136	136	133	2	
402	28		240.0	100.0	160.0				1.0	1.0	1.0	1.0	Assets/Product/BigWorld/SkyGarden/StaticPrefabs/Scene_Faos01/MG_TrafficHubTiny_L3_X66_Y67.prefab		MG_TrafficHubTiny_L3_X66_Y67	67	66	3	
403	29		320.0	100.0	128.0				1.0	1.0	1.0	1.0	Assets/Product/BigWorld/SkyGarden/StaticPrefabs/Scene_Faos01/MG_Square_BuildingHuge01_L0_X66_Y69.prefab		MG_Square_BuildingHuge01_L0_X66_Y69	69	66		
404	29		384.0	100.0	128.0				1.0	1.0	1.0	1.0	Assets/Product/BigWorld/SkyGarden/StaticPrefabs/Scene_Faos01/MG_Square_BuildingHuge01_L0_X66_Y70.prefab		MG_Square_BuildingHuge01_L0_X66_Y70	70	66		
405	29		256.0	100.0	192.0				1.0	1.0	1.0	1.0	Assets/Product/BigWorld/SkyGarden/StaticPrefabs/Scene_Faos01/MG_Square_BuildingHuge01_L0_X67_Y68.prefab		MG_Square_BuildingHuge01_L0_X67_Y68	68	67		
406	29		320.0	100.0	192.0				1.0	1.0	1.0	1.0	Assets/Product/BigWorld/SkyGarden/StaticPrefabs/Scene_Faos01/MG_Square_BuildingHuge01_L0_X67_Y69.prefab		MG_Square_BuildingHuge01_L0_X67_Y69	69	67		
407	29		256.0	100.0	320.0				1.0	1.0	1.0	1.0	Assets/Product/BigWorld/SkyGarden/StaticPrefabs/Scene_Faos01/MG_Square_BuildingHuge01_L0_X69_Y68.prefab		MG_Square_BuildingHuge01_L0_X69_Y68	68	69		
408	29		320.0	100.0	320.0				1.0	1.0	1.0	1.0	Assets/Product/BigWorld/SkyGarden/StaticPrefabs/Scene_Faos01/MG_Square_BuildingHuge01_L0_X69_Y69.prefab		MG_Square_BuildingHuge01_L0_X69_Y69	69	69		
409	29		256.0	100.0	256.0				1.0	1.0	1.0	1.0	Assets/Product/BigWorld/SkyGarden/StaticPrefabs/Scene_Faos01/MG_Square_BuildingHuge01_L0_X68_Y68.prefab		MG_Square_BuildingHuge01_L0_X68_Y68	68	68		
410	29		384.0	100.0	128.0				1.0	1.0	1.0	1.0	Assets/Product/BigWorld/SkyGarden/StaticPrefabs/Scene_Faos01/MG_Square_BuildingHuge01_L1_X33_Y35.prefab		MG_Square_BuildingHuge01_L1_X33_Y35	35	33	1	
411	29		256.0	100.0	256.0				1.0	1.0	1.0	1.0	Assets/Product/BigWorld/SkyGarden/StaticPrefabs/Scene_Faos01/MG_Square_BuildingHuge01_L1_X34_Y34.prefab		MG_Square_BuildingHuge01_L1_X34_Y34	34	34	1	
412	29		256.0	100.0	384.0				1.0	1.0	1.0	1.0	Assets/Product/BigWorld/SkyGarden/StaticPrefabs/Scene_Faos01/MG_Square_BuildingHuge01_L1_X35_Y34.prefab		MG_Square_BuildingHuge01_L1_X35_Y34	34	35	1	
413	29		256.0	100.0	256.0				1.0	1.0	1.0	1.0	Assets/Product/BigWorld/SkyGarden/StaticPrefabs/Scene_Faos01/MG_Square_BuildingHuge01_L2_X17_Y17.prefab		MG_Square_BuildingHuge01_L2_X17_Y17	17	17	2	
414	100		240.0	100.0	140.0				1.0	1.0	1.0	1.0	Assets/Product/BigWorld/SkyGarden/StaticPrefabs/Scene_Faos01/MG_PrecomputedVisibility_L0_X263_Y268.prefab		MG_PrecomputedVisibility_L0_X263_Y268	268	263		
415	100		240.0	100.0	120.0				1.0	1.0	1.0	1.0	Assets/Product/BigWorld/SkyGarden/StaticPrefabs/Scene_Faos01/MG_PrecomputedVisibility_L0_X262_Y268.prefab		MG_PrecomputedVisibility_L0_X262_Y268	268	262		
416	100		660.0	100.0	200.0				1.0	1.0	1.0	1.0	Assets/Product/BigWorld/SkyGarden/StaticPrefabs/Scene_Faos01/MG_PrecomputedVisibility_L0_X266_Y289.prefab		MG_PrecomputedVisibility_L0_X266_Y289	289	266		
417	100		680.0	100.0	200.0				1.0	1.0	1.0	1.0	Assets/Product/BigWorld/SkyGarden/StaticPrefabs/Scene_Faos01/MG_PrecomputedVisibility_L0_X266_Y290.prefab		MG_PrecomputedVisibility_L0_X266_Y290	290	266		
418	100		700.0	100.0	200.0				1.0	1.0	1.0	1.0	Assets/Product/BigWorld/SkyGarden/StaticPrefabs/Scene_Faos01/MG_PrecomputedVisibility_L0_X266_Y291.prefab		MG_PrecomputedVisibility_L0_X266_Y291	291	266		
419	100		240.0	100.0	220.0				1.0	1.0	1.0	1.0	Assets/Product/BigWorld/SkyGarden/StaticPrefabs/Scene_Faos01/MG_PrecomputedVisibility_L0_X267_Y268.prefab		MG_PrecomputedVisibility_L0_X267_Y268	268	267		
420	100		240.0	100.0	200.0				1.0	1.0	1.0	1.0	Assets/Product/BigWorld/SkyGarden/StaticPrefabs/Scene_Faos01/MG_PrecomputedVisibility_L0_X266_Y268.prefab		MG_PrecomputedVisibility_L0_X266_Y268	268	266		
421	100		260.0	100.0	200.0				1.0	1.0	1.0	1.0	Assets/Product/BigWorld/SkyGarden/StaticPrefabs/Scene_Faos01/MG_PrecomputedVisibility_L0_X266_Y269.prefab		MG_PrecomputedVisibility_L0_X266_Y269	269	266		
422	100		280.0	100.0	200.0				1.0	1.0	1.0	1.0	Assets/Product/BigWorld/SkyGarden/StaticPrefabs/Scene_Faos01/MG_PrecomputedVisibility_L0_X266_Y270.prefab		MG_PrecomputedVisibility_L0_X266_Y270	270	266		
423	100		300.0	100.0	200.0				1.0	1.0	1.0	1.0	Assets/Product/BigWorld/SkyGarden/StaticPrefabs/Scene_Faos01/MG_PrecomputedVisibility_L0_X266_Y271.prefab		MG_PrecomputedVisibility_L0_X266_Y271	271	266		
424	100		320.0	100.0	200.0				1.0	1.0	1.0	1.0	Assets/Product/BigWorld/SkyGarden/StaticPrefabs/Scene_Faos01/MG_PrecomputedVisibility_L0_X266_Y272.prefab		MG_PrecomputedVisibility_L0_X266_Y272	272	266		
425	100		340.0	100.0	200.0				1.0	1.0	1.0	1.0	Assets/Product/BigWorld/SkyGarden/StaticPrefabs/Scene_Faos01/MG_PrecomputedVisibility_L0_X266_Y273.prefab		MG_PrecomputedVisibility_L0_X266_Y273	273	266		
426	100		360.0	100.0	200.0				1.0	1.0	1.0	1.0	Assets/Product/BigWorld/SkyGarden/StaticPrefabs/Scene_Faos01/MG_PrecomputedVisibility_L0_X266_Y274.prefab		MG_PrecomputedVisibility_L0_X266_Y274	274	266		
427	100		380.0	100.0	200.0				1.0	1.0	1.0	1.0	Assets/Product/BigWorld/SkyGarden/StaticPrefabs/Scene_Faos01/MG_PrecomputedVisibility_L0_X266_Y275.prefab		MG_PrecomputedVisibility_L0_X266_Y275	275	266		
428	100		400.0	100.0	200.0				1.0	1.0	1.0	1.0	Assets/Product/BigWorld/SkyGarden/StaticPrefabs/Scene_Faos01/MG_PrecomputedVisibility_L0_X266_Y276.prefab		MG_PrecomputedVisibility_L0_X266_Y276	276	266		
429	100		420.0	100.0	220.0				1.0	1.0	1.0	1.0	Assets/Product/BigWorld/SkyGarden/StaticPrefabs/Scene_Faos01/MG_PrecomputedVisibility_L0_X267_Y277.prefab		MG_PrecomputedVisibility_L0_X267_Y277	277	267		
430	100		440.0	100.0	220.0				1.0	1.0	1.0	1.0	Assets/Product/BigWorld/SkyGarden/StaticPrefabs/Scene_Faos01/MG_PrecomputedVisibility_L0_X267_Y278.prefab		MG_PrecomputedVisibility_L0_X267_Y278	278	267		
431	100		520.0	100.0	200.0				1.0	1.0	1.0	1.0	Assets/Product/BigWorld/SkyGarden/StaticPrefabs/Scene_Faos01/MG_PrecomputedVisibility_L0_X266_Y282.prefab		MG_PrecomputedVisibility_L0_X266_Y282	282	266		
432	100		540.0	100.0	200.0				1.0	1.0	1.0	1.0	Assets/Product/BigWorld/SkyGarden/StaticPrefabs/Scene_Faos01/MG_PrecomputedVisibility_L0_X266_Y283.prefab		MG_PrecomputedVisibility_L0_X266_Y283	283	266		
433	100		560.0	100.0	200.0				1.0	1.0	1.0	1.0	Assets/Product/BigWorld/SkyGarden/StaticPrefabs/Scene_Faos01/MG_PrecomputedVisibility_L0_X266_Y284.prefab		MG_PrecomputedVisibility_L0_X266_Y284	284	266		
434	100		580.0	100.0	200.0				1.0	1.0	1.0	1.0	Assets/Product/BigWorld/SkyGarden/StaticPrefabs/Scene_Faos01/MG_PrecomputedVisibility_L0_X266_Y285.prefab		MG_PrecomputedVisibility_L0_X266_Y285	285	266		
435	100		600.0	100.0	200.0				1.0	1.0	1.0	1.0	Assets/Product/BigWorld/SkyGarden/StaticPrefabs/Scene_Faos01/MG_PrecomputedVisibility_L0_X266_Y286.prefab		MG_PrecomputedVisibility_L0_X266_Y286	286	266		
436	100		620.0	100.0	200.0				1.0	1.0	1.0	1.0	Assets/Product/BigWorld/SkyGarden/StaticPrefabs/Scene_Faos01/MG_PrecomputedVisibility_L0_X266_Y287.prefab		MG_PrecomputedVisibility_L0_X266_Y287	287	266		
437	100		640.0	100.0	200.0				1.0	1.0	1.0	1.0	Assets/Product/BigWorld/SkyGarden/StaticPrefabs/Scene_Faos01/MG_PrecomputedVisibility_L0_X266_Y288.prefab		MG_PrecomputedVisibility_L0_X266_Y288	288	266		
438	100		720.0	100.0	220.0				1.0	1.0	1.0	1.0	Assets/Product/BigWorld/SkyGarden/StaticPrefabs/Scene_Faos01/MG_PrecomputedVisibility_L0_X267_Y292.prefab		MG_PrecomputedVisibility_L0_X267_Y292	292	267		
439	100		220.0	100.0	220.0				1.0	1.0	1.0	1.0	Assets/Product/BigWorld/SkyGarden/StaticPrefabs/Scene_Faos01/MG_PrecomputedVisibility_L0_X267_Y267.prefab		MG_PrecomputedVisibility_L0_X267_Y267	267	267		
440	100		260.0	100.0	220.0				1.0	1.0	1.0	1.0	Assets/Product/BigWorld/SkyGarden/StaticPrefabs/Scene_Faos01/MG_PrecomputedVisibility_L0_X267_Y269.prefab		MG_PrecomputedVisibility_L0_X267_Y269	269	267		
441	100		280.0	100.0	220.0				1.0	1.0	1.0	1.0	Assets/Product/BigWorld/SkyGarden/StaticPrefabs/Scene_Faos01/MG_PrecomputedVisibility_L0_X267_Y270.prefab		MG_PrecomputedVisibility_L0_X267_Y270	270	267		
442	100		300.0	100.0	220.0				1.0	1.0	1.0	1.0	Assets/Product/BigWorld/SkyGarden/StaticPrefabs/Scene_Faos01/MG_PrecomputedVisibility_L0_X267_Y271.prefab		MG_PrecomputedVisibility_L0_X267_Y271	271	267		
443	100		320.0	100.0	220.0				1.0	1.0	1.0	1.0	Assets/Product/BigWorld/SkyGarden/StaticPrefabs/Scene_Faos01/MG_PrecomputedVisibility_L0_X267_Y272.prefab		MG_PrecomputedVisibility_L0_X267_Y272	272	267		
444	100		340.0	100.0	220.0				1.0	1.0	1.0	1.0	Assets/Product/BigWorld/SkyGarden/StaticPrefabs/Scene_Faos01/MG_PrecomputedVisibility_L0_X267_Y273.prefab		MG_PrecomputedVisibility_L0_X267_Y273	273	267		
445	100		360.0	100.0	240.0				1.0	1.0	1.0	1.0	Assets/Product/BigWorld/SkyGarden/StaticPrefabs/Scene_Faos01/MG_PrecomputedVisibility_L0_X268_Y274.prefab		MG_PrecomputedVisibility_L0_X268_Y274	274	268		
446	100		380.0	100.0	220.0				1.0	1.0	1.0	1.0	Assets/Product/BigWorld/SkyGarden/StaticPrefabs/Scene_Faos01/MG_PrecomputedVisibility_L0_X267_Y275.prefab		MG_PrecomputedVisibility_L0_X267_Y275	275	267		
447	100		400.0	100.0	220.0				1.0	1.0	1.0	1.0	Assets/Product/BigWorld/SkyGarden/StaticPrefabs/Scene_Faos01/MG_PrecomputedVisibility_L0_X267_Y276.prefab		MG_PrecomputedVisibility_L0_X267_Y276	276	267		
448	100		520.0	100.0	220.0				1.0	1.0	1.0	1.0	Assets/Product/BigWorld/SkyGarden/StaticPrefabs/Scene_Faos01/MG_PrecomputedVisibility_L0_X267_Y282.prefab		MG_PrecomputedVisibility_L0_X267_Y282	282	267		
449	100		540.0	100.0	220.0				1.0	1.0	1.0	1.0	Assets/Product/BigWorld/SkyGarden/StaticPrefabs/Scene_Faos01/MG_PrecomputedVisibility_L0_X267_Y283.prefab		MG_PrecomputedVisibility_L0_X267_Y283	283	267		
450	100		560.0	100.0	220.0				1.0	1.0	1.0	1.0	Assets/Product/BigWorld/SkyGarden/StaticPrefabs/Scene_Faos01/MG_PrecomputedVisibility_L0_X267_Y284.prefab		MG_PrecomputedVisibility_L0_X267_Y284	284	267		
451	100		580.0	100.0	220.0				1.0	1.0	1.0	1.0	Assets/Product/BigWorld/SkyGarden/StaticPrefabs/Scene_Faos01/MG_PrecomputedVisibility_L0_X267_Y285.prefab		MG_PrecomputedVisibility_L0_X267_Y285	285	267		
452	100		600.0	100.0	220.0				1.0	1.0	1.0	1.0	Assets/Product/BigWorld/SkyGarden/StaticPrefabs/Scene_Faos01/MG_PrecomputedVisibility_L0_X267_Y286.prefab		MG_PrecomputedVisibility_L0_X267_Y286	286	267		
453	100		620.0	100.0	220.0				1.0	1.0	1.0	1.0	Assets/Product/BigWorld/SkyGarden/StaticPrefabs/Scene_Faos01/MG_PrecomputedVisibility_L0_X267_Y287.prefab		MG_PrecomputedVisibility_L0_X267_Y287	287	267		
454	100		640.0	100.0	220.0				1.0	1.0	1.0	1.0	Assets/Product/BigWorld/SkyGarden/StaticPrefabs/Scene_Faos01/MG_PrecomputedVisibility_L0_X267_Y288.prefab		MG_PrecomputedVisibility_L0_X267_Y288	288	267		
455	100		660.0	100.0	220.0				1.0	1.0	1.0	1.0	Assets/Product/BigWorld/SkyGarden/StaticPrefabs/Scene_Faos01/MG_PrecomputedVisibility_L0_X267_Y289.prefab		MG_PrecomputedVisibility_L0_X267_Y289	289	267		
456	100		680.0	100.0	220.0				1.0	1.0	1.0	1.0	Assets/Product/BigWorld/SkyGarden/StaticPrefabs/Scene_Faos01/MG_PrecomputedVisibility_L0_X267_Y290.prefab		MG_PrecomputedVisibility_L0_X267_Y290	290	267		
457	100		700.0	100.0	220.0				1.0	1.0	1.0	1.0	Assets/Product/BigWorld/SkyGarden/StaticPrefabs/Scene_Faos01/MG_PrecomputedVisibility_L0_X267_Y291.prefab		MG_PrecomputedVisibility_L0_X267_Y291	291	267		
458	100		220.0	100.0	240.0				1.0	1.0	1.0	1.0	Assets/Product/BigWorld/SkyGarden/StaticPrefabs/Scene_Faos01/MG_PrecomputedVisibility_L0_X268_Y267.prefab		MG_PrecomputedVisibility_L0_X268_Y267	267	268		
459	100		240.0	100.0	240.0				1.0	1.0	1.0	1.0	Assets/Product/BigWorld/SkyGarden/StaticPrefabs/Scene_Faos01/MG_PrecomputedVisibility_L0_X268_Y268.prefab		MG_PrecomputedVisibility_L0_X268_Y268	268	268		
460	100		260.0	100.0	240.0				1.0	1.0	1.0	1.0	Assets/Product/BigWorld/SkyGarden/StaticPrefabs/Scene_Faos01/MG_PrecomputedVisibility_L0_X268_Y269.prefab		MG_PrecomputedVisibility_L0_X268_Y269	269	268		
461	100		280.0	100.0	240.0				1.0	1.0	1.0	1.0	Assets/Product/BigWorld/SkyGarden/StaticPrefabs/Scene_Faos01/MG_PrecomputedVisibility_L0_X268_Y270.prefab		MG_PrecomputedVisibility_L0_X268_Y270	270	268		
462	100		300.0	100.0	240.0				1.0	1.0	1.0	1.0	Assets/Product/BigWorld/SkyGarden/StaticPrefabs/Scene_Faos01/MG_PrecomputedVisibility_L0_X268_Y271.prefab		MG_PrecomputedVisibility_L0_X268_Y271	271	268		
463	100		320.0	100.0	240.0				1.0	1.0	1.0	1.0	Assets/Product/BigWorld/SkyGarden/StaticPrefabs/Scene_Faos01/MG_PrecomputedVisibility_L0_X268_Y272.prefab		MG_PrecomputedVisibility_L0_X268_Y272	272	268		
464	100		340.0	100.0	240.0				1.0	1.0	1.0	1.0	Assets/Product/BigWorld/SkyGarden/StaticPrefabs/Scene_Faos01/MG_PrecomputedVisibility_L0_X268_Y273.prefab		MG_PrecomputedVisibility_L0_X268_Y273	273	268		
465	100		380.0	100.0	240.0				1.0	1.0	1.0	1.0	Assets/Product/BigWorld/SkyGarden/StaticPrefabs/Scene_Faos01/MG_PrecomputedVisibility_L0_X268_Y275.prefab		MG_PrecomputedVisibility_L0_X268_Y275	275	268		
466	100		400.0	100.0	240.0				1.0	1.0	1.0	1.0	Assets/Product/BigWorld/SkyGarden/StaticPrefabs/Scene_Faos01/MG_PrecomputedVisibility_L0_X268_Y276.prefab		MG_PrecomputedVisibility_L0_X268_Y276	276	268		
467	100		420.0	100.0	240.0				1.0	1.0	1.0	1.0	Assets/Product/BigWorld/SkyGarden/StaticPrefabs/Scene_Faos01/MG_PrecomputedVisibility_L0_X268_Y277.prefab		MG_PrecomputedVisibility_L0_X268_Y277	277	268		
468	100		440.0	100.0	240.0				1.0	1.0	1.0	1.0	Assets/Product/BigWorld/SkyGarden/StaticPrefabs/Scene_Faos01/MG_PrecomputedVisibility_L0_X268_Y278.prefab		MG_PrecomputedVisibility_L0_X268_Y278	278	268		
469	100		520.0	100.0	240.0				1.0	1.0	1.0	1.0	Assets/Product/BigWorld/SkyGarden/StaticPrefabs/Scene_Faos01/MG_PrecomputedVisibility_L0_X268_Y282.prefab		MG_PrecomputedVisibility_L0_X268_Y282	282	268		
470	100		540.0	100.0	240.0				1.0	1.0	1.0	1.0	Assets/Product/BigWorld/SkyGarden/StaticPrefabs/Scene_Faos01/MG_PrecomputedVisibility_L0_X268_Y283.prefab		MG_PrecomputedVisibility_L0_X268_Y283	283	268		
471	100		560.0	100.0	240.0				1.0	1.0	1.0	1.0	Assets/Product/BigWorld/SkyGarden/StaticPrefabs/Scene_Faos01/MG_PrecomputedVisibility_L0_X268_Y284.prefab		MG_PrecomputedVisibility_L0_X268_Y284	284	268		
472	100		580.0	100.0	240.0				1.0	1.0	1.0	1.0	Assets/Product/BigWorld/SkyGarden/StaticPrefabs/Scene_Faos01/MG_PrecomputedVisibility_L0_X268_Y285.prefab		MG_PrecomputedVisibility_L0_X268_Y285	285	268		
473	100		600.0	100.0	240.0				1.0	1.0	1.0	1.0	Assets/Product/BigWorld/SkyGarden/StaticPrefabs/Scene_Faos01/MG_PrecomputedVisibility_L0_X268_Y286.prefab		MG_PrecomputedVisibility_L0_X268_Y286	286	268		
474	100		620.0	100.0	240.0				1.0	1.0	1.0	1.0	Assets/Product/BigWorld/SkyGarden/StaticPrefabs/Scene_Faos01/MG_PrecomputedVisibility_L0_X268_Y287.prefab		MG_PrecomputedVisibility_L0_X268_Y287	287	268		
475	100		640.0	100.0	240.0				1.0	1.0	1.0	1.0	Assets/Product/BigWorld/SkyGarden/StaticPrefabs/Scene_Faos01/MG_PrecomputedVisibility_L0_X268_Y288.prefab		MG_PrecomputedVisibility_L0_X268_Y288	288	268		
476	100		660.0	100.0	240.0				1.0	1.0	1.0	1.0	Assets/Product/BigWorld/SkyGarden/StaticPrefabs/Scene_Faos01/MG_PrecomputedVisibility_L0_X268_Y289.prefab		MG_PrecomputedVisibility_L0_X268_Y289	289	268		
477	100		680.0	100.0	240.0				1.0	1.0	1.0	1.0	Assets/Product/BigWorld/SkyGarden/StaticPrefabs/Scene_Faos01/MG_PrecomputedVisibility_L0_X268_Y290.prefab		MG_PrecomputedVisibility_L0_X268_Y290	290	268		
478	100		700.0	100.0	240.0				1.0	1.0	1.0	1.0	Assets/Product/BigWorld/SkyGarden/StaticPrefabs/Scene_Faos01/MG_PrecomputedVisibility_L0_X268_Y291.prefab		MG_PrecomputedVisibility_L0_X268_Y291	291	268		
479	100		720.0	100.0	240.0				1.0	1.0	1.0	1.0	Assets/Product/BigWorld/SkyGarden/StaticPrefabs/Scene_Faos01/MG_PrecomputedVisibility_L0_X268_Y292.prefab		MG_PrecomputedVisibility_L0_X268_Y292	292	268		
480	100		220.0	100.0	260.0				1.0	1.0	1.0	1.0	Assets/Product/BigWorld/SkyGarden/StaticPrefabs/Scene_Faos01/MG_PrecomputedVisibility_L0_X269_Y267.prefab		MG_PrecomputedVisibility_L0_X269_Y267	267	269		
481	100		240.0	100.0	260.0				1.0	1.0	1.0	1.0	Assets/Product/BigWorld/SkyGarden/StaticPrefabs/Scene_Faos01/MG_PrecomputedVisibility_L0_X269_Y268.prefab		MG_PrecomputedVisibility_L0_X269_Y268	268	269		
482	100		260.0	100.0	260.0				1.0	1.0	1.0	1.0	Assets/Product/BigWorld/SkyGarden/StaticPrefabs/Scene_Faos01/MG_PrecomputedVisibility_L0_X269_Y269.prefab		MG_PrecomputedVisibility_L0_X269_Y269	269	269		
483	100		280.0	100.0	260.0				1.0	1.0	1.0	1.0	Assets/Product/BigWorld/SkyGarden/StaticPrefabs/Scene_Faos01/MG_PrecomputedVisibility_L0_X269_Y270.prefab		MG_PrecomputedVisibility_L0_X269_Y270	270	269		
484	100		300.0	100.0	260.0				1.0	1.0	1.0	1.0	Assets/Product/BigWorld/SkyGarden/StaticPrefabs/Scene_Faos01/MG_PrecomputedVisibility_L0_X269_Y271.prefab		MG_PrecomputedVisibility_L0_X269_Y271	271	269		
485	100		320.0	100.0	260.0				1.0	1.0	1.0	1.0	Assets/Product/BigWorld/SkyGarden/StaticPrefabs/Scene_Faos01/MG_PrecomputedVisibility_L0_X269_Y272.prefab		MG_PrecomputedVisibility_L0_X269_Y272	272	269		
486	100		340.0	100.0	260.0				1.0	1.0	1.0	1.0	Assets/Product/BigWorld/SkyGarden/StaticPrefabs/Scene_Faos01/MG_PrecomputedVisibility_L0_X269_Y273.prefab		MG_PrecomputedVisibility_L0_X269_Y273	273	269		
487	100		360.0	100.0	260.0				1.0	1.0	1.0	1.0	Assets/Product/BigWorld/SkyGarden/StaticPrefabs/Scene_Faos01/MG_PrecomputedVisibility_L0_X269_Y274.prefab		MG_PrecomputedVisibility_L0_X269_Y274	274	269		
488	100		380.0	100.0	260.0				1.0	1.0	1.0	1.0	Assets/Product/BigWorld/SkyGarden/StaticPrefabs/Scene_Faos01/MG_PrecomputedVisibility_L0_X269_Y275.prefab		MG_PrecomputedVisibility_L0_X269_Y275	275	269		
489	100		400.0	100.0	260.0				1.0	1.0	1.0	1.0	Assets/Product/BigWorld/SkyGarden/StaticPrefabs/Scene_Faos01/MG_PrecomputedVisibility_L0_X269_Y276.prefab		MG_PrecomputedVisibility_L0_X269_Y276	276	269		
490	100		420.0	100.0	260.0				1.0	1.0	1.0	1.0	Assets/Product/BigWorld/SkyGarden/StaticPrefabs/Scene_Faos01/MG_PrecomputedVisibility_L0_X269_Y277.prefab		MG_PrecomputedVisibility_L0_X269_Y277	277	269		
491	100		440.0	100.0	260.0				1.0	1.0	1.0	1.0	Assets/Product/BigWorld/SkyGarden/StaticPrefabs/Scene_Faos01/MG_PrecomputedVisibility_L0_X269_Y278.prefab		MG_PrecomputedVisibility_L0_X269_Y278	278	269		
492	100		520.0	100.0	260.0				1.0	1.0	1.0	1.0	Assets/Product/BigWorld/SkyGarden/StaticPrefabs/Scene_Faos01/MG_PrecomputedVisibility_L0_X269_Y282.prefab		MG_PrecomputedVisibility_L0_X269_Y282	282	269		
493	100		540.0	100.0	260.0				1.0	1.0	1.0	1.0	Assets/Product/BigWorld/SkyGarden/StaticPrefabs/Scene_Faos01/MG_PrecomputedVisibility_L0_X269_Y283.prefab		MG_PrecomputedVisibility_L0_X269_Y283	283	269		
494	100		560.0	100.0	260.0				1.0	1.0	1.0	1.0	Assets/Product/BigWorld/SkyGarden/StaticPrefabs/Scene_Faos01/MG_PrecomputedVisibility_L0_X269_Y284.prefab		MG_PrecomputedVisibility_L0_X269_Y284	284	269		
495	100		260.0	100.0	120.0				1.0	1.0	1.0	1.0	Assets/Product/BigWorld/SkyGarden/StaticPrefabs/Scene_Faos01/MG_PrecomputedVisibility_L0_X262_Y269.prefab		MG_PrecomputedVisibility_L0_X262_Y269	269	262		
496	100		580.0	100.0	260.0				1.0	1.0	1.0	1.0	Assets/Product/BigWorld/SkyGarden/StaticPrefabs/Scene_Faos01/MG_PrecomputedVisibility_L0_X269_Y285.prefab		MG_PrecomputedVisibility_L0_X269_Y285	285	269		
497	100		600.0	100.0	260.0				1.0	1.0	1.0	1.0	Assets/Product/BigWorld/SkyGarden/StaticPrefabs/Scene_Faos01/MG_PrecomputedVisibility_L0_X269_Y286.prefab		MG_PrecomputedVisibility_L0_X269_Y286	286	269		
498	100		620.0	100.0	260.0				1.0	1.0	1.0	1.0	Assets/Product/BigWorld/SkyGarden/StaticPrefabs/Scene_Faos01/MG_PrecomputedVisibility_L0_X269_Y287.prefab		MG_PrecomputedVisibility_L0_X269_Y287	287	269		
499	100		640.0	100.0	260.0				1.0	1.0	1.0	1.0	Assets/Product/BigWorld/SkyGarden/StaticPrefabs/Scene_Faos01/MG_PrecomputedVisibility_L0_X269_Y288.prefab		MG_PrecomputedVisibility_L0_X269_Y288	288	269		
500	100		660.0	100.0	260.0				1.0	1.0	1.0	1.0	Assets/Product/BigWorld/SkyGarden/StaticPrefabs/Scene_Faos01/MG_PrecomputedVisibility_L0_X269_Y289.prefab		MG_PrecomputedVisibility_L0_X269_Y289	289	269		
501	100		680.0	100.0	260.0				1.0	1.0	1.0	1.0	Assets/Product/BigWorld/SkyGarden/StaticPrefabs/Scene_Faos01/MG_PrecomputedVisibility_L0_X269_Y290.prefab		MG_PrecomputedVisibility_L0_X269_Y290	290	269		
502	100		700.0	100.0	260.0				1.0	1.0	1.0	1.0	Assets/Product/BigWorld/SkyGarden/StaticPrefabs/Scene_Faos01/MG_PrecomputedVisibility_L0_X269_Y291.prefab		MG_PrecomputedVisibility_L0_X269_Y291	291	269		
503	100		720.0	100.0	260.0				1.0	1.0	1.0	1.0	Assets/Product/BigWorld/SkyGarden/StaticPrefabs/Scene_Faos01/MG_PrecomputedVisibility_L0_X269_Y292.prefab		MG_PrecomputedVisibility_L0_X269_Y292	292	269		
504	100		220.0	100.0	280.0				1.0	1.0	1.0	1.0	Assets/Product/BigWorld/SkyGarden/StaticPrefabs/Scene_Faos01/MG_PrecomputedVisibility_L0_X270_Y267.prefab		MG_PrecomputedVisibility_L0_X270_Y267	267	270		
505	100		240.0	100.0	280.0				1.0	1.0	1.0	1.0	Assets/Product/BigWorld/SkyGarden/StaticPrefabs/Scene_Faos01/MG_PrecomputedVisibility_L0_X270_Y268.prefab		MG_PrecomputedVisibility_L0_X270_Y268	268	270		
506	100		260.0	100.0	280.0				1.0	1.0	1.0	1.0	Assets/Product/BigWorld/SkyGarden/StaticPrefabs/Scene_Faos01/MG_PrecomputedVisibility_L0_X270_Y269.prefab		MG_PrecomputedVisibility_L0_X270_Y269	269	270		
507	100		280.0	100.0	280.0				1.0	1.0	1.0	1.0	Assets/Product/BigWorld/SkyGarden/StaticPrefabs/Scene_Faos01/MG_PrecomputedVisibility_L0_X270_Y270.prefab		MG_PrecomputedVisibility_L0_X270_Y270	270	270		
508	100		300.0	100.0	280.0				1.0	1.0	1.0	1.0	Assets/Product/BigWorld/SkyGarden/StaticPrefabs/Scene_Faos01/MG_PrecomputedVisibility_L0_X270_Y271.prefab		MG_PrecomputedVisibility_L0_X270_Y271	271	270		
509	100		320.0	100.0	280.0				1.0	1.0	1.0	1.0	Assets/Product/BigWorld/SkyGarden/StaticPrefabs/Scene_Faos01/MG_PrecomputedVisibility_L0_X270_Y272.prefab		MG_PrecomputedVisibility_L0_X270_Y272	272	270		
510	100		340.0	100.0	280.0				1.0	1.0	1.0	1.0	Assets/Product/BigWorld/SkyGarden/StaticPrefabs/Scene_Faos01/MG_PrecomputedVisibility_L0_X270_Y273.prefab		MG_PrecomputedVisibility_L0_X270_Y273	273	270		
511	100		360.0	100.0	280.0				1.0	1.0	1.0	1.0	Assets/Product/BigWorld/SkyGarden/StaticPrefabs/Scene_Faos01/MG_PrecomputedVisibility_L0_X270_Y274.prefab		MG_PrecomputedVisibility_L0_X270_Y274	274	270		
512	100		380.0	100.0	280.0				1.0	1.0	1.0	1.0	Assets/Product/BigWorld/SkyGarden/StaticPrefabs/Scene_Faos01/MG_PrecomputedVisibility_L0_X270_Y275.prefab		MG_PrecomputedVisibility_L0_X270_Y275	275	270		
513	100		400.0	100.0	280.0				1.0	1.0	1.0	1.0	Assets/Product/BigWorld/SkyGarden/StaticPrefabs/Scene_Faos01/MG_PrecomputedVisibility_L0_X270_Y276.prefab		MG_PrecomputedVisibility_L0_X270_Y276	276	270		
514	100		420.0	100.0	280.0				1.0	1.0	1.0	1.0	Assets/Product/BigWorld/SkyGarden/StaticPrefabs/Scene_Faos01/MG_PrecomputedVisibility_L0_X270_Y277.prefab		MG_PrecomputedVisibility_L0_X270_Y277	277	270		
515	100		440.0	100.0	280.0				1.0	1.0	1.0	1.0	Assets/Product/BigWorld/SkyGarden/StaticPrefabs/Scene_Faos01/MG_PrecomputedVisibility_L0_X270_Y278.prefab		MG_PrecomputedVisibility_L0_X270_Y278	278	270		
516	100		520.0	100.0	280.0				1.0	1.0	1.0	1.0	Assets/Product/BigWorld/SkyGarden/StaticPrefabs/Scene_Faos01/MG_PrecomputedVisibility_L0_X270_Y282.prefab		MG_PrecomputedVisibility_L0_X270_Y282	282	270		
517	100		540.0	100.0	280.0				1.0	1.0	1.0	1.0	Assets/Product/BigWorld/SkyGarden/StaticPrefabs/Scene_Faos01/MG_PrecomputedVisibility_L0_X270_Y283.prefab		MG_PrecomputedVisibility_L0_X270_Y283	283	270		
518	100		560.0	100.0	280.0				1.0	1.0	1.0	1.0	Assets/Product/BigWorld/SkyGarden/StaticPrefabs/Scene_Faos01/MG_PrecomputedVisibility_L0_X270_Y284.prefab		MG_PrecomputedVisibility_L0_X270_Y284	284	270		
519	100		580.0	100.0	280.0				1.0	1.0	1.0	1.0	Assets/Product/BigWorld/SkyGarden/StaticPrefabs/Scene_Faos01/MG_PrecomputedVisibility_L0_X270_Y285.prefab		MG_PrecomputedVisibility_L0_X270_Y285	285	270		
520	100		600.0	100.0	280.0				1.0	1.0	1.0	1.0	Assets/Product/BigWorld/SkyGarden/StaticPrefabs/Scene_Faos01/MG_PrecomputedVisibility_L0_X270_Y286.prefab		MG_PrecomputedVisibility_L0_X270_Y286	286	270		
521	100		620.0	100.0	280.0				1.0	1.0	1.0	1.0	Assets/Product/BigWorld/SkyGarden/StaticPrefabs/Scene_Faos01/MG_PrecomputedVisibility_L0_X270_Y287.prefab		MG_PrecomputedVisibility_L0_X270_Y287	287	270		
522	100		640.0	100.0	280.0				1.0	1.0	1.0	1.0	Assets/Product/BigWorld/SkyGarden/StaticPrefabs/Scene_Faos01/MG_PrecomputedVisibility_L0_X270_Y288.prefab		MG_PrecomputedVisibility_L0_X270_Y288	288	270		
523	100		660.0	100.0	280.0				1.0	1.0	1.0	1.0	Assets/Product/BigWorld/SkyGarden/StaticPrefabs/Scene_Faos01/MG_PrecomputedVisibility_L0_X270_Y289.prefab		MG_PrecomputedVisibility_L0_X270_Y289	289	270		
524	100		680.0	100.0	280.0				1.0	1.0	1.0	1.0	Assets/Product/BigWorld/SkyGarden/StaticPrefabs/Scene_Faos01/MG_PrecomputedVisibility_L0_X270_Y290.prefab		MG_PrecomputedVisibility_L0_X270_Y290	290	270		
525	100		700.0	100.0	280.0				1.0	1.0	1.0	1.0	Assets/Product/BigWorld/SkyGarden/StaticPrefabs/Scene_Faos01/MG_PrecomputedVisibility_L0_X270_Y291.prefab		MG_PrecomputedVisibility_L0_X270_Y291	291	270		
526	100		720.0	100.0	280.0				1.0	1.0	1.0	1.0	Assets/Product/BigWorld/SkyGarden/StaticPrefabs/Scene_Faos01/MG_PrecomputedVisibility_L0_X270_Y292.prefab		MG_PrecomputedVisibility_L0_X270_Y292	292	270		
527	100		220.0	100.0	300.0				1.0	1.0	1.0	1.0	Assets/Product/BigWorld/SkyGarden/StaticPrefabs/Scene_Faos01/MG_PrecomputedVisibility_L0_X271_Y267.prefab		MG_PrecomputedVisibility_L0_X271_Y267	267	271		
528	100		240.0	100.0	300.0				1.0	1.0	1.0	1.0	Assets/Product/BigWorld/SkyGarden/StaticPrefabs/Scene_Faos01/MG_PrecomputedVisibility_L0_X271_Y268.prefab		MG_PrecomputedVisibility_L0_X271_Y268	268	271		
529	100		260.0	100.0	300.0				1.0	1.0	1.0	1.0	Assets/Product/BigWorld/SkyGarden/StaticPrefabs/Scene_Faos01/MG_PrecomputedVisibility_L0_X271_Y269.prefab		MG_PrecomputedVisibility_L0_X271_Y269	269	271		
530	100		280.0	100.0	300.0				1.0	1.0	1.0	1.0	Assets/Product/BigWorld/SkyGarden/StaticPrefabs/Scene_Faos01/MG_PrecomputedVisibility_L0_X271_Y270.prefab		MG_PrecomputedVisibility_L0_X271_Y270	270	271		
531	100		300.0	100.0	300.0				1.0	1.0	1.0	1.0	Assets/Product/BigWorld/SkyGarden/StaticPrefabs/Scene_Faos01/MG_PrecomputedVisibility_L0_X271_Y271.prefab		MG_PrecomputedVisibility_L0_X271_Y271	271	271		
532	100		320.0	100.0	300.0				1.0	1.0	1.0	1.0	Assets/Product/BigWorld/SkyGarden/StaticPrefabs/Scene_Faos01/MG_PrecomputedVisibility_L0_X271_Y272.prefab		MG_PrecomputedVisibility_L0_X271_Y272	272	271		
533	100		340.0	100.0	300.0				1.0	1.0	1.0	1.0	Assets/Product/BigWorld/SkyGarden/StaticPrefabs/Scene_Faos01/MG_PrecomputedVisibility_L0_X271_Y273.prefab		MG_PrecomputedVisibility_L0_X271_Y273	273	271		
534	100		360.0	100.0	300.0				1.0	1.0	1.0	1.0	Assets/Product/BigWorld/SkyGarden/StaticPrefabs/Scene_Faos01/MG_PrecomputedVisibility_L0_X271_Y274.prefab		MG_PrecomputedVisibility_L0_X271_Y274	274	271		
535	100		380.0	100.0	300.0				1.0	1.0	1.0	1.0	Assets/Product/BigWorld/SkyGarden/StaticPrefabs/Scene_Faos01/MG_PrecomputedVisibility_L0_X271_Y275.prefab		MG_PrecomputedVisibility_L0_X271_Y275	275	271		
536	100		400.0	100.0	300.0				1.0	1.0	1.0	1.0	Assets/Product/BigWorld/SkyGarden/StaticPrefabs/Scene_Faos01/MG_PrecomputedVisibility_L0_X271_Y276.prefab		MG_PrecomputedVisibility_L0_X271_Y276	276	271		
537	100		420.0	100.0	300.0				1.0	1.0	1.0	1.0	Assets/Product/BigWorld/SkyGarden/StaticPrefabs/Scene_Faos01/MG_PrecomputedVisibility_L0_X271_Y277.prefab		MG_PrecomputedVisibility_L0_X271_Y277	277	271		
538	100		440.0	100.0	300.0				1.0	1.0	1.0	1.0	Assets/Product/BigWorld/SkyGarden/StaticPrefabs/Scene_Faos01/MG_PrecomputedVisibility_L0_X271_Y278.prefab		MG_PrecomputedVisibility_L0_X271_Y278	278	271		
539	100		520.0	100.0	300.0				1.0	1.0	1.0	1.0	Assets/Product/BigWorld/SkyGarden/StaticPrefabs/Scene_Faos01/MG_PrecomputedVisibility_L0_X271_Y282.prefab		MG_PrecomputedVisibility_L0_X271_Y282	282	271		
540	100		540.0	100.0	300.0				1.0	1.0	1.0	1.0	Assets/Product/BigWorld/SkyGarden/StaticPrefabs/Scene_Faos01/MG_PrecomputedVisibility_L0_X271_Y283.prefab		MG_PrecomputedVisibility_L0_X271_Y283	283	271		
541	100		560.0	100.0	300.0				1.0	1.0	1.0	1.0	Assets/Product/BigWorld/SkyGarden/StaticPrefabs/Scene_Faos01/MG_PrecomputedVisibility_L0_X271_Y284.prefab		MG_PrecomputedVisibility_L0_X271_Y284	284	271		
542	100		580.0	100.0	300.0				1.0	1.0	1.0	1.0	Assets/Product/BigWorld/SkyGarden/StaticPrefabs/Scene_Faos01/MG_PrecomputedVisibility_L0_X271_Y285.prefab		MG_PrecomputedVisibility_L0_X271_Y285	285	271		
543	100		600.0	100.0	300.0				1.0	1.0	1.0	1.0	Assets/Product/BigWorld/SkyGarden/StaticPrefabs/Scene_Faos01/MG_PrecomputedVisibility_L0_X271_Y286.prefab		MG_PrecomputedVisibility_L0_X271_Y286	286	271		
544	100		620.0	100.0	300.0				1.0	1.0	1.0	1.0	Assets/Product/BigWorld/SkyGarden/StaticPrefabs/Scene_Faos01/MG_PrecomputedVisibility_L0_X271_Y287.prefab		MG_PrecomputedVisibility_L0_X271_Y287	287	271		
545	100		640.0	100.0	300.0				1.0	1.0	1.0	1.0	Assets/Product/BigWorld/SkyGarden/StaticPrefabs/Scene_Faos01/MG_PrecomputedVisibility_L0_X271_Y288.prefab		MG_PrecomputedVisibility_L0_X271_Y288	288	271		
546	100		660.0	100.0	300.0				1.0	1.0	1.0	1.0	Assets/Product/BigWorld/SkyGarden/StaticPrefabs/Scene_Faos01/MG_PrecomputedVisibility_L0_X271_Y289.prefab		MG_PrecomputedVisibility_L0_X271_Y289	289	271		
547	100		680.0	100.0	300.0				1.0	1.0	1.0	1.0	Assets/Product/BigWorld/SkyGarden/StaticPrefabs/Scene_Faos01/MG_PrecomputedVisibility_L0_X271_Y290.prefab		MG_PrecomputedVisibility_L0_X271_Y290	290	271		
548	100		700.0	100.0	300.0				1.0	1.0	1.0	1.0	Assets/Product/BigWorld/SkyGarden/StaticPrefabs/Scene_Faos01/MG_PrecomputedVisibility_L0_X271_Y291.prefab		MG_PrecomputedVisibility_L0_X271_Y291	291	271		
549	100		720.0	100.0	300.0				1.0	1.0	1.0	1.0	Assets/Product/BigWorld/SkyGarden/StaticPrefabs/Scene_Faos01/MG_PrecomputedVisibility_L0_X271_Y292.prefab		MG_PrecomputedVisibility_L0_X271_Y292	292	271		
550	100		240.0	100.0	320.0				1.0	1.0	1.0	1.0	Assets/Product/BigWorld/SkyGarden/StaticPrefabs/Scene_Faos01/MG_PrecomputedVisibility_L0_X272_Y268.prefab		MG_PrecomputedVisibility_L0_X272_Y268	268	272		
551	100		260.0	100.0	320.0				1.0	1.0	1.0	1.0	Assets/Product/BigWorld/SkyGarden/StaticPrefabs/Scene_Faos01/MG_PrecomputedVisibility_L0_X272_Y269.prefab		MG_PrecomputedVisibility_L0_X272_Y269	269	272		
552	100		280.0	100.0	320.0				1.0	1.0	1.0	1.0	Assets/Product/BigWorld/SkyGarden/StaticPrefabs/Scene_Faos01/MG_PrecomputedVisibility_L0_X272_Y270.prefab		MG_PrecomputedVisibility_L0_X272_Y270	270	272		
553	100		300.0	100.0	320.0				1.0	1.0	1.0	1.0	Assets/Product/BigWorld/SkyGarden/StaticPrefabs/Scene_Faos01/MG_PrecomputedVisibility_L0_X272_Y271.prefab		MG_PrecomputedVisibility_L0_X272_Y271	271	272		
554	100		320.0	100.0	320.0				1.0	1.0	1.0	1.0	Assets/Product/BigWorld/SkyGarden/StaticPrefabs/Scene_Faos01/MG_PrecomputedVisibility_L0_X272_Y272.prefab		MG_PrecomputedVisibility_L0_X272_Y272	272	272		
555	100		360.0	100.0	320.0				1.0	1.0	1.0	1.0	Assets/Product/BigWorld/SkyGarden/StaticPrefabs/Scene_Faos01/MG_PrecomputedVisibility_L0_X272_Y274.prefab		MG_PrecomputedVisibility_L0_X272_Y274	274	272		
556	100		380.0	100.0	320.0				1.0	1.0	1.0	1.0	Assets/Product/BigWorld/SkyGarden/StaticPrefabs/Scene_Faos01/MG_PrecomputedVisibility_L0_X272_Y275.prefab		MG_PrecomputedVisibility_L0_X272_Y275	275	272		
557	100		400.0	100.0	320.0				1.0	1.0	1.0	1.0	Assets/Product/BigWorld/SkyGarden/StaticPrefabs/Scene_Faos01/MG_PrecomputedVisibility_L0_X272_Y276.prefab		MG_PrecomputedVisibility_L0_X272_Y276	276	272		
558	100		580.0	100.0	320.0				1.0	1.0	1.0	1.0	Assets/Product/BigWorld/SkyGarden/StaticPrefabs/Scene_Faos01/MG_PrecomputedVisibility_L0_X272_Y285.prefab		MG_PrecomputedVisibility_L0_X272_Y285	285	272		
559	100		600.0	100.0	320.0				1.0	1.0	1.0	1.0	Assets/Product/BigWorld/SkyGarden/StaticPrefabs/Scene_Faos01/MG_PrecomputedVisibility_L0_X272_Y286.prefab		MG_PrecomputedVisibility_L0_X272_Y286	286	272		
560	100		260.0	100.0	140.0				1.0	1.0	1.0	1.0	Assets/Product/BigWorld/SkyGarden/StaticPrefabs/Scene_Faos01/MG_PrecomputedVisibility_L0_X263_Y269.prefab		MG_PrecomputedVisibility_L0_X263_Y269	269	263		
561	100		620.0	100.0	320.0				1.0	1.0	1.0	1.0	Assets/Product/BigWorld/SkyGarden/StaticPrefabs/Scene_Faos01/MG_PrecomputedVisibility_L0_X272_Y287.prefab		MG_PrecomputedVisibility_L0_X272_Y287	287	272		
562	100		640.0	100.0	320.0				1.0	1.0	1.0	1.0	Assets/Product/BigWorld/SkyGarden/StaticPrefabs/Scene_Faos01/MG_PrecomputedVisibility_L0_X272_Y288.prefab		MG_PrecomputedVisibility_L0_X272_Y288	288	272		
563	100		660.0	100.0	320.0				1.0	1.0	1.0	1.0	Assets/Product/BigWorld/SkyGarden/StaticPrefabs/Scene_Faos01/MG_PrecomputedVisibility_L0_X272_Y289.prefab		MG_PrecomputedVisibility_L0_X272_Y289	289	272		
564	100		680.0	100.0	320.0				1.0	1.0	1.0	1.0	Assets/Product/BigWorld/SkyGarden/StaticPrefabs/Scene_Faos01/MG_PrecomputedVisibility_L0_X272_Y290.prefab		MG_PrecomputedVisibility_L0_X272_Y290	290	272		
565	100		700.0	100.0	320.0				1.0	1.0	1.0	1.0	Assets/Product/BigWorld/SkyGarden/StaticPrefabs/Scene_Faos01/MG_PrecomputedVisibility_L0_X272_Y291.prefab		MG_PrecomputedVisibility_L0_X272_Y291	291	272		
566	100		720.0	100.0	320.0				1.0	1.0	1.0	1.0	Assets/Product/BigWorld/SkyGarden/StaticPrefabs/Scene_Faos01/MG_PrecomputedVisibility_L0_X272_Y292.prefab		MG_PrecomputedVisibility_L0_X272_Y292	292	272		
567	100		280.0	100.0	140.0				1.0	1.0	1.0	1.0	Assets/Product/BigWorld/SkyGarden/StaticPrefabs/Scene_Faos01/MG_PrecomputedVisibility_L0_X263_Y270.prefab		MG_PrecomputedVisibility_L0_X263_Y270	270	263		
568	100		300.0	100.0	140.0				1.0	1.0	1.0	1.0	Assets/Product/BigWorld/SkyGarden/StaticPrefabs/Scene_Faos01/MG_PrecomputedVisibility_L0_X263_Y271.prefab		MG_PrecomputedVisibility_L0_X263_Y271	271	263		
569	100		320.0	100.0	140.0				1.0	1.0	1.0	1.0	Assets/Product/BigWorld/SkyGarden/StaticPrefabs/Scene_Faos01/MG_PrecomputedVisibility_L0_X263_Y272.prefab		MG_PrecomputedVisibility_L0_X263_Y272	272	263		
570	100		340.0	100.0	140.0				1.0	1.0	1.0	1.0	Assets/Product/BigWorld/SkyGarden/StaticPrefabs/Scene_Faos01/MG_PrecomputedVisibility_L0_X263_Y273.prefab		MG_PrecomputedVisibility_L0_X263_Y273	273	263		
571	100		360.0	100.0	140.0				1.0	1.0	1.0	1.0	Assets/Product/BigWorld/SkyGarden/StaticPrefabs/Scene_Faos01/MG_PrecomputedVisibility_L0_X263_Y274.prefab		MG_PrecomputedVisibility_L0_X263_Y274	274	263		
572	100		380.0	100.0	140.0				1.0	1.0	1.0	1.0	Assets/Product/BigWorld/SkyGarden/StaticPrefabs/Scene_Faos01/MG_PrecomputedVisibility_L0_X263_Y275.prefab		MG_PrecomputedVisibility_L0_X263_Y275	275	263		
573	100		400.0	100.0	140.0				1.0	1.0	1.0	1.0	Assets/Product/BigWorld/SkyGarden/StaticPrefabs/Scene_Faos01/MG_PrecomputedVisibility_L0_X263_Y276.prefab		MG_PrecomputedVisibility_L0_X263_Y276	276	263		
574	100		240.0	100.0	160.0				1.0	1.0	1.0	1.0	Assets/Product/BigWorld/SkyGarden/StaticPrefabs/Scene_Faos01/MG_PrecomputedVisibility_L0_X264_Y268.prefab		MG_PrecomputedVisibility_L0_X264_Y268	268	264		
575	100		260.0	100.0	160.0				1.0	1.0	1.0	1.0	Assets/Product/BigWorld/SkyGarden/StaticPrefabs/Scene_Faos01/MG_PrecomputedVisibility_L0_X264_Y269.prefab		MG_PrecomputedVisibility_L0_X264_Y269	269	264		
576	100		280.0	100.0	160.0				1.0	1.0	1.0	1.0	Assets/Product/BigWorld/SkyGarden/StaticPrefabs/Scene_Faos01/MG_PrecomputedVisibility_L0_X264_Y270.prefab		MG_PrecomputedVisibility_L0_X264_Y270	270	264		
577	100		300.0	100.0	160.0				1.0	1.0	1.0	1.0	Assets/Product/BigWorld/SkyGarden/StaticPrefabs/Scene_Faos01/MG_PrecomputedVisibility_L0_X264_Y271.prefab		MG_PrecomputedVisibility_L0_X264_Y271	271	264		
578	100		320.0	100.0	160.0				1.0	1.0	1.0	1.0	Assets/Product/BigWorld/SkyGarden/StaticPrefabs/Scene_Faos01/MG_PrecomputedVisibility_L0_X264_Y272.prefab		MG_PrecomputedVisibility_L0_X264_Y272	272	264		
579	100		340.0	100.0	160.0				1.0	1.0	1.0	1.0	Assets/Product/BigWorld/SkyGarden/StaticPrefabs/Scene_Faos01/MG_PrecomputedVisibility_L0_X264_Y273.prefab		MG_PrecomputedVisibility_L0_X264_Y273	273	264		
580	100		360.0	100.0	160.0				1.0	1.0	1.0	1.0	Assets/Product/BigWorld/SkyGarden/StaticPrefabs/Scene_Faos01/MG_PrecomputedVisibility_L0_X264_Y274.prefab		MG_PrecomputedVisibility_L0_X264_Y274	274	264		
581	100		380.0	100.0	160.0				1.0	1.0	1.0	1.0	Assets/Product/BigWorld/SkyGarden/StaticPrefabs/Scene_Faos01/MG_PrecomputedVisibility_L0_X264_Y275.prefab		MG_PrecomputedVisibility_L0_X264_Y275	275	264		
582	100		400.0	100.0	160.0				1.0	1.0	1.0	1.0	Assets/Product/BigWorld/SkyGarden/StaticPrefabs/Scene_Faos01/MG_PrecomputedVisibility_L0_X264_Y276.prefab		MG_PrecomputedVisibility_L0_X264_Y276	276	264		
583	100		240.0	100.0	180.0				1.0	1.0	1.0	1.0	Assets/Product/BigWorld/SkyGarden/StaticPrefabs/Scene_Faos01/MG_PrecomputedVisibility_L0_X265_Y268.prefab		MG_PrecomputedVisibility_L0_X265_Y268	268	265		
584	100		260.0	100.0	180.0				1.0	1.0	1.0	1.0	Assets/Product/BigWorld/SkyGarden/StaticPrefabs/Scene_Faos01/MG_PrecomputedVisibility_L0_X265_Y269.prefab		MG_PrecomputedVisibility_L0_X265_Y269	269	265		
585	100		280.0	100.0	180.0				1.0	1.0	1.0	1.0	Assets/Product/BigWorld/SkyGarden/StaticPrefabs/Scene_Faos01/MG_PrecomputedVisibility_L0_X265_Y270.prefab		MG_PrecomputedVisibility_L0_X265_Y270	270	265		
586	100		300.0	100.0	180.0				1.0	1.0	1.0	1.0	Assets/Product/BigWorld/SkyGarden/StaticPrefabs/Scene_Faos01/MG_PrecomputedVisibility_L0_X265_Y271.prefab		MG_PrecomputedVisibility_L0_X265_Y271	271	265		
587	100		320.0	100.0	180.0				1.0	1.0	1.0	1.0	Assets/Product/BigWorld/SkyGarden/StaticPrefabs/Scene_Faos01/MG_PrecomputedVisibility_L0_X265_Y272.prefab		MG_PrecomputedVisibility_L0_X265_Y272	272	265		
588	100		340.0	100.0	180.0				1.0	1.0	1.0	1.0	Assets/Product/BigWorld/SkyGarden/StaticPrefabs/Scene_Faos01/MG_PrecomputedVisibility_L0_X265_Y273.prefab		MG_PrecomputedVisibility_L0_X265_Y273	273	265		
589	100		360.0	100.0	180.0				1.0	1.0	1.0	1.0	Assets/Product/BigWorld/SkyGarden/StaticPrefabs/Scene_Faos01/MG_PrecomputedVisibility_L0_X265_Y274.prefab		MG_PrecomputedVisibility_L0_X265_Y274	274	265		
590	100		380.0	100.0	180.0				1.0	1.0	1.0	1.0	Assets/Product/BigWorld/SkyGarden/StaticPrefabs/Scene_Faos01/MG_PrecomputedVisibility_L0_X265_Y275.prefab		MG_PrecomputedVisibility_L0_X265_Y275	275	265		
591	100		400.0	100.0	180.0				1.0	1.0	1.0	1.0	Assets/Product/BigWorld/SkyGarden/StaticPrefabs/Scene_Faos01/MG_PrecomputedVisibility_L0_X265_Y276.prefab		MG_PrecomputedVisibility_L0_X265_Y276	276	265		
