Id	ChapterId	Order	Name	SubName	Icon	DescTitle	Desc	Condition	UnLockTime	StoryId
100001	1000	1	进入序章				收复地球的任务，于此刻拉开帷幕。——哈桑			['ZX00000BA']
100002	1000	2	序章01				接下来前方就交给我吧。			['ZX00001BA']
100003	1000	3	序章02				免疫血清与痛觉切断，我们还可以继续执行任务。			['ZX00002BA']
100004	1000	4	序章03				就通过这个人，再好好看清人类的真实面目吧。期待你知道真相后的选择……			['ZX00003BA', 'ZX00003EA']
100101	1001	1	灰鸦过境	1_1			为了取得战区的胜利，灰鸦小队决定向坐标处进发。	84100101		['ZX00101BA', 'ZX00101EA']
100102	1001	2	临别赠礼	1_2			接过构造体的手臂，露西亚，重新恢复战力。	84100102		['ZX00102BA']
100103	1001	3	涂鸦浪潮	1_3			涂鸦的痕迹，面对这诡异的作品伏击，丽芙也决定拿起武器。	84100103		['ZX00103BA']
100104	1001	4	完整战力	1_4			试着用丽芙来战斗吧！	84100104		['ZX00104BA']
100105	1001	5	还原现场	1_5			模拟影像中，灰鸦看见啃食战友残骸的感染体……	84100105		['ZX00105BA']
100106	1001	6	迷失雾中	1_6			艺术品创作？	84100106		['ZX00106BA']
100107	1001	7	柔软的心	1_7			露西亚接过青蛙玩偶之后沉默良久，一直盯着它没有移开视线。	84100107		['ZX00107BA']
100108	1001	8	前进的意义	1_8			迷茫的话就继续前进吧。能够前进本身就很有意义了。	84100108		['ZX00108BA']
100109	1001	9	追随者们	1_9			没想到的是这些涂鸦会这么受这些感染体欢迎……	84100109		['ZX00109BA']
100110	1001	10	底色铺垫	1_10			嘻嘻……这些只是……给你们铺个底色而已……	84100110		['ZX00110BA']
100111	1001	11	自我诠释	1_11			我……就是自由的机械意志	84100111		['ZX00111BA']
100112	1001	12	最终创作	1_12			我要……用我的作品……诅咒……你们……！	84100112		['ZX00112BA', 'ZX00112EA']
100201	1002	1	奇怪的新朋友	2_1			没错没错！你们可以叫我……七实！	84100201		['ZX00201BA']
100202	1002	2	奇异信号源	2_2			这个信号……构造体名为“提法”？	84100202		['ZX00202BA']
100203	1002	3	旧识	2_3			这里是三头犬小队，我是队长。	84100203		['ZX00203BA']
100204	1002	4	遗物	2_4			不，我想起来了……这就是那个女人的作风，我们被她耍了。	84100204		['ZX00204BA']
100205	1002	5	语言游戏	2_5			这个逆元装置……是被提法自己取下的。	84100205		['ZX00205BA']
100206	1002	6	执着存活	2_6			那是……朱雀小队的幸存者！	84100206		['ZX00206BA']
100207	1002	7	隔离装置	2_7			把隔离装置感染后，感染体获得了新的能力。	84100207		['ZX00207BA']
100208	1002	8	救援信号	2_8			收到了构造体的救援信号，得赶紧过去救人。	84100208		['ZX00208BA']
100209	1002	9	钢铁意志	2_9			等着我，提法……我现在就把你……带回空中花园……	84100209		['ZX00209BA']
100210	1002	10	“安全”出口	2_10			通往传送门的最后一个区域，只能在此建设安全路线。	84100210		['ZX00210BA']
100211	1002	11	高傲者们	2_11			不自量力的家伙。只有升格者这股力量，才能让我完成指挥官的遗愿……	84100211		['ZX00211BA']
100212	1002	12	苦刑结束	2_12			在极近的距离，提法的脸被里一枪击碎。	84100212		['ZX00212BA', 'ZX00212EA']
100301	1003	1	选种	3_1			在那帮道貌岸然，一盘散沙的人类当中，挑选一个合适的人选……作为……种子……	84100301		['ZX00301BA']
100302	1003	2	终点站	3_2			这里就是庄园博物馆，升格者的踪迹就消失在这里。	84100302		['ZX00302BA']
100303	1003	3	直觉系	3_3			一柄重剑呼啸而过——那么我上啦！嘿——	84100303		['ZX00303BA']
100304	1003	4	乐于助人	3_4			帮助他人的感觉真好！	84100304		['ZX00304BA']
100305	1003	5	擅闯私宅	3_5			虽然有点意外，但还是突进了庄园。	84100305		['ZX00305BA']
100306	1003	6	机关密布	3_6			隐藏于机关后的秘密，被守护的重要的遗产是什么？	84100306		['ZX00306BA']
100307	1003	7	最后警告	3_7			那一定就是升格者了。	84100307		['ZX00307BA']
100308	1003	8	谨慎行事	3_8			庄园内突然出现了新种和大量感染体的援军，尽快穿过这片中庭。	84100308		['ZX00308BA']
100309	1003	9	特种任务	3_9			只有露西亚，能够在静谧中摧毁敌人。	84100309		['ZX00309BA']
100310	1003	10	扭曲改造	3_10			所以对接下来我们会看到的东西……做好心理准备。	84100310		['ZX00310BA']
100311	1003	11	各自忠诚	3_11			我原本以为……你是个好人。	84100311		['ZX00311BA']
100312	1003	12	新的种子	3_12			是吗……难道你还没发现，从一开始我的目标就是神威你吗？	84100312		['ZX00312BA', 'ZX00312EA']
100401	1004	1	白夜出逃	4_1			神威恢复清醒后，摆在灰鸦面前的难题是如何逃出生天。	84100401		['ZX00401BA', 'ZX00401EA']
100402	1004	2	线路推演	4_2			线路推演筛选中……结果是没有线路	84100402		['ZX00402BA', 'ZX00402EA']
100403	1004	3	渔翁得利	4_3			快躲开！快躲开！我要炸了！	84100403		['ZX00403BA', 'ZX00403EA']
100404	1004	4	围剿突破	4_4			重型农机倒地后，扬声器里断续传出的杂音，似乎是喊着某个人的名字。	84100404		['ZX00404BA', 'ZX00404EA']
100405	1004	5	怒沙潜伏	4_5			沙地中出现帕弥什反应！	84100405		['ZX00405BA', 'ZX00405EA']
100406	1004	6	颤栗深潜	4_6			瓦沙克，一种仿生机械沙虫，生性凶暴。	84100406		['ZX00406BA', 'ZX00406EA']
100407	1004	7	遗忘者	4_7			身份……逃兵？	84100407		['ZX00407BA', 'ZX00407EA']
100408	1004	8	筹码谈判	4_8			下次见面，就一定是兵戎相向了。	84100408		['ZX00408BA', 'ZX00408EA']
100409	1004	9	留下之人	4_9			撤退快要成功之时，丽芙却在被留在遗忘者的阵型里。	84100409		['ZX00409BA', 'ZX00409EA']
100410	1004	10	绑架	4_10			你们绑架我，就需要承担与空中花园发生战争的风险。	84100410		['ZX00410BA']
100411	1004	11	噪尘	4_11			为了寻回丽芙，小队成员选择分头作战。	84100411		['ZX00411BA']
100412	1004	12	搏杀真相	4_12			那盒气味浓烈的野生薄荷叶“见面礼”	84100412		['ZX00412BA', 'ZX00412EA']
100501	1005	1	寻迹	5_1			失去了丽芙，众人只得在原地等待前去侦察的神威。	84100501		['ZX00501BA']
100502	1005	2	入盲	5_2			这里，不像是人造生态圈…更像是…意识海。	84100502		['ZX00502BA', 'ZX00502EA']
100503	1005	3	斩影	5_3			确定了“电磁投影”设备的原理，当务之急是找到它们，并关掉。	84100503		['ZX00503BA']
100504	1005	4	巧入谜潭	5_4			这是莫瑞送给我的纪念品，一个玩具级引力子探测装置。	84100504		['ZX00504BA']
100505	1005	5	真容	5_5			鉴于手动关闭装置效率太低，露西亚提出“借用”一点突击鹰的小手段。	84100505		['ZX00505BA', 'ZX00505EA']
100506	1005	6	幻象压制	5_6			瞧我的吧！有我在，破坏投影设备的速度就能快一倍啦！	84100506		['ZX00506BA', 'ZX00506EA']
100507	1005	7	异人	5_7			感染体们突然集体有序后退，灰鸦小队意识到，很有可能有人在背后操控着这一切。	84100507		['ZX00507BA', 'ZX00507EA']
100508	1005	8	监工	5_8			那些被囚禁在意识海试验场里的意识，都属于谁？	84100508		['ZX00508BA', 'ZX00508EA']
100509	1005	9	七之光	5_9			友方信号，是支援吗？	84100509		['ZX00509BA', 'ZX00509EA']
100510	1005	10	遗剑	5_10			灰鸦小队在意识海试验场的深处发现了遗忘者，以及被掳走的丽芙。	84100510		['ZX00510BA', 'ZX00510EA']
100511	1005	11	逆转败局	5_11			渡边，我需要一个解释…！	84100511		['ZX00511BA']
100512	1005	12	归来	5_12			链接丽芙的意识海，指挥官，现在只有你可以帮助她。	84100512		['ZX00512BA', 'ZX00512EA']
100601	1006	1	追踪升格	6_1			回到遗忘者阵营休整了一晚后，灰鸦小队再次接到了来自空中花园的新任务。	84100601		['ZX00601BA']
100602	1006	2	深入地底	6_2			一行人再次踏上行程，前往三十公里外的019号城市。	84100602		['ZX00602BA', 'ZX00602EA']
100603	1006	3	疑云	6_3			这些是，当时的人们反抗的痕迹。	84100603		['ZX00603BA', 'ZX00603EA']
100604	1006	4	强援	6_4			不知何时躲在暗处的七实也加入了灰鸦和新型感染体们的战斗中。	84100604		['ZX00604BA', 'ZX00604EA']
100605	1006	5	意识喧嚣	6_5			随着愈加深入，帕弥什病毒的浓度也一时骤增，此时，丽芙发现了一位成员的异常。	84100605		['ZX00605BA']
100606	1006	6	离队	6_6			没有一句解释，神威突然擅自离开了队伍。	84100606		['ZX00606BA']
100607	1006	7	更大威胁	6_7			你们最好快一点决策，生产线上有感染体被提前激活了。	84100607		['ZX00607BA']
100608	1006	8	引爆	6_8			……七实，我命令你，去协助渡边！	84100608		['ZX00608BA', 'ZX00608EA']
100609	1006	9	净化	6_9			侦……测到……热源……反应……净化……	84100609		['ZX00609BA']
100610	1006	10	撤退	6_10			成功引爆后，率领众人进行撤退吧。	84100610		['ZX00610BA']
100611	1006	11	三头犬	6_11			神威，你是什么时候开始被感染的？	84100611		['ZX00611BA', 'ZX00611EA']
100612	1006	12	清理部队	6_12			就在清理部队即将执行清理之际，突击鹰通讯接入了进来。	84100612		['ZX00612BA', 'ZX00612EA']
100701	1007	1	遗落	7_1			突击鹰队长执意救回神威。双方陷入僵局时，比安卡做出了暂时的让步，一同前往遗迹寻找神威。	84100701		['ZX00701BA', 'ZX00701EA']
100702	1007	2	活埋	7_2			在地底，一行人遇到了企图攻击他们的感染体。	84100702		['ZX00702BA', 'ZX00702EA']
100703	1007	3	重构	7_3			因感染体的阻拦，众人不得不退回到入口，重新规划一条最佳路线。	84100703		['ZX00703BA', 'ZX00703EA']
100704	1007	4	意外之盟	7_4			他叫六八亲，是七实的朋友！	84100704		['ZX00704BA', 'ZX00704EA']
100705	1007	5	分裂	7_5			还没找着神威的影子，卡列尼娜也悄无声息地离开了大部队。	84100705		['ZX00705BA', 'ZX00705EA']
100706	1007	6	追踪	7_6			她打算一个人独自去追踪神威。	84100706		['ZX00706BA', 'ZX00706EA']
100707	1007	7	交战	7_7			沿着卡列尼娜的移动轨迹追去，一路上都是她与神威的交战痕迹。	84100707		['ZX00707BA']
100708	1007	8	异样能源	7_8			找到卡列尼娜时，她已经失去了意识，丽芙在她身上发现了一种异样能源，与…神威身上的一模一样。	84100708		['ZX00708BA']
100709	1007	9	意识沸腾	7_9			某种能量体，在卡列的意识海中侵染！	84100709		['ZX00709BA', 'ZX00709EA']
100710	1007	10	四方绞杀	7_10			解决了卡列的危机后，敌人又从四面包围了过来。这样有计划性的活动，必定有作俑者作祟。	84100710		['ZX00710BA']
100711	1007	11	双向作战	7_11			又见面了，空中花园的。	84100711		['ZX00711BA', 'ZX00711EA']
100712	1007	12	末梢	7_12			先打败挡路的升格者！	84100712		['ZX00712BA', 'ZX00712EA']
100801	1008	1	黎明	8_1			我以空中花园委员会的名义下令，灰鸦小队立刻从当地撤离！	84100801		['ZX00801BA', 'ZX00801EA']
100802	1008	2	潜能解禁	8_2			在议长的“帮助”下，灰鸦小队拿到了补给，并继续前行。	84100802		['ZX00802BA']
100803	1008	3	隔断	8_3			环境越来越糟糕，灰鸦小队决定采取一些特殊手段潜入。	84100803		['ZX00803BA', 'ZX00803EA']
100804	1008	4	克隆	8_4			在遗迹深处，突然出现在灰鸦小队面前的是早先已经被回收的喷涂机械。	84100804		['ZX00804BA', 'ZX00804EA']
100805	1008	5	哭·蔷	8_5			击退喷涂机械后，紧接着出场的是庄园的管家同型号机械，看来有“人”十分不想让灰鸦小队找到神威。	84100805		['ZX00805BA', 'ZX00805EA']
100806	1008	6	苦刑路	8_6			事实证明这些感染体不过是罗兰通过某种手段复制的产物，此时里突然表现异常，如同神威一般，擅自离开了队伍。	84100806		['ZX00806BA', 'ZX00806EA']
100807	1008	7	余孽	8_7			里没有回应与我的连接，状况不对！	84100807		['ZX00807BA', 'ZX00807EA']
100808	1008	8	苦劫	8_8			你会付出代价。	84100808		['ZX00808BA', 'ZX00808EA']
100809	1008	9	正义	8_9			你拿什么保证那罐子里出来的，不会是一个怪物？	84100809		['ZX00809BA']
100810	1008	10	顽抗	8_10			我不会被任何事物左右，我只会遵从与自己的意志行动，我还没有败北！	84100810		['ZX00810BA', 'ZX00810EA']
100811	1008	11	噬	8_11			我是凭着自己的意志，一直战斗到现在的！	84100811		['ZX00811BA', 'ZX00811EA']
100812	1008	12	光与影的假面	8_12			因为你就是我，我也是你，我们都是神威。	84100812		['ZX00812BA', 'ZX00812EA']
100901	1009	1	飞沙	9_1			这场战役的胜负背后，很可能就隐藏着世界格局未来的方向。	84100901		['ZX00901BA']
100902	1009	2	二类接触	9_2			科罗廖夫温馨提醒，小朋友们，请自觉爱护公共设施——	84100902		['ZX00902BA', 'ZX00902EA']
100903	1009	3	星间	9_3			并且信号的内容是……一段戏剧台词来自……莎士比亚的《暴风雨》。	84100903		['ZX00903BA', 'ZX00903EA']
100904	1009	4	再遇	9_4			至少在这个期间，我们是相互利用的关系。	84100904		['ZX00904BA', 'ZX00904EA']
100905	1009	5	自身免疫	9_5			被细菌病毒所入侵的细胞就会像这样……被毁灭，抛弃……	84100905		['ZX00905BA']
100906	1009	6	数字之刃	9_6			期间如果有任何危险发生，指挥官，请第一时间唤醒我们。	84100906		['ZX00906BA']
100907	1009	7	严肃教育	9_7			这个致密的巨大物体，看来正打算用它的方式进行教育。	84100907		['ZX00907BA']
100908	1009	8	引力边沿	9_8			爆破后的引力牵引下，“棱镜”已准备就绪。	84100908		['ZX00908BA']
100909	1009	9	及时通信	9_9			赛琳娜说有部分信息，和这些……环的设计有关。	84100909		['ZX00909BA']
100910	1009	10	异聚核心	9_10			挡在面前的是厚重的大衣与浮动的方体。	84100910		['ZX00910BA']
100911	1009	11	组合	9_11			面前的十字，被称为帕弥什异聚体。	84100911		['ZX00911BA']
100912	1009	12	破碎	9_12			我们商量之后，决定现在最适合引导棱镜的人就是我。	84100912		['ZX00912BA']
100913	1009	13	追亡	9_13			渡边干脆地转身，向着引力室的出口奔去。	84100913		['ZX00913BA', 'ZX00913EA']
101001	1010	1	祈祷	10_1			众人一同向某个存在祈祷，祈祷能让它成为自己的终点。	84101001		['ZX01001BA']
101002	1010	2	往阿迪莱	10_2			阿迪莱商业联盟……等等，这个示意图，一辆列车？	84101002		['ZX01002BA']
101003	1010	3	地上的构造体	10_3			很意外吗？构造体技术可不是你们空中花园的专利哦。	84101003		['ZX01003BA', 'ZX01003EA']
101004	1010	4	阿迪莱的商品	10_4			毕竟，这是我们手中最重要的货物。	84101004		['ZX01004BA', 'ZX01004EA']
101005	1010	5	抉择	10_5			我们可没那么多时间再等下去了。	84101005		['ZX01005BA']
101006	1010	6	前兆	10_6			金苹果系统，启动！	84101006		['ZX01006BA']
101007	1010	7	某人与比安卡	10_7			不用我特意为你准备的摩托吗？那个可是很帅气的……	84101007		['ZX01007BA']
101008	1010	8	无力	10_8			我不打算抛弃任何一个人……伤害任何一个人都并非我本意。	84101008		['ZX01008BA']
101009	1010	9	顺风车	10_9			思考这些对改变现状毫无意义，寻找错误也是……还不如找机会登上目标车厢。	84101009		['ZX01009BA']
101010	1010	10	枪手们	10_10			苏菲亚，如少女所期待的，读懂了她一直以来真正想要的那个‘满意’的结果。	84101010		['ZX01010BA']
101011	1010	11	决定	10_11			我也可以做好一个商人做的事！	84101011		['ZX01011BA', 'ZX01011EA']
101012	1010	12	在这之后	10_12			消灭“商品”以后，永恒的列车再度向终点出发。	84101012		['ZX01012BA']
101013	1010	13	永恒				命运之神从不偏爱……阿斯顿，所谓永恒并不存在。	84101012		['YR01101BA']
101014	1010	14	交付				我已经确认“货品”状态，请问现在是随时可以交付的状态吗？	84101012		['YR01102BA']
101015	1010	15	港口				仅在夜晚停靠港口的东方商船……九龙夜航船。	84101012		['YR01103BA', 'YR01103EA']
101101	1011	1	夜航	11_1			看来你们摊上大麻烦了呢，灰鸦。	84101101		['ZX01101BA']
101102	1011	2	密室	11_2			睁眼不是熟悉的天花板，却是被反锁的密室，还有不同以往的连接反应。	84101102		['ZX01102BA', 'ZX01102EA']
101103	1011	3	港口	11_3			惟一一份相关联的资料是免疫时期之前的人类文化“戏曲”相关的存本，关于傀儡戏的介绍。	84101103		['ZX01103BA']
101104	1011	4	夜市中	11_4			——蛹冻罐头哎！一罐三青蚨！	84101104		['ZX01104BA']
101105	1011	5	关张	11_5			何人绑架？跟上离港的船上或许能找到答案。	84101105		['ZX01105BA']
101106	1011	6	货物	11_6			不，那东西叫“华胥”。	84101106		['ZX01106BA', 'ZX01106EA']
101107	1011	7	控制	11_7			露西亚，非常适合这身装束！	84101107		['ZX01107BA', 'ZX01107EA']
101108	1011	8	出将	11_8			东方的婉约与西方优雅，一体两面的美丽被淋漓尽致地展现在众人面前。	84101108		['ZX01108BA', 'ZX01108EA']
101109	1011	9	痴人	11_9			你是怎么断定不可能的，机械没有情感，没有心脏，没有独立意识，不过是人类的造物。	84101109		['ZX01109BA', 'ZX01109EA']
101110	1011	10	说梦	11_10			假若使用的是她的躯体的话，将能构成最完美的华胥。	84101110		['ZX01110BA']
101111	1011	11	自由	11_11			我并不明白，什么是爱。一直剥夺你的自由，控制你的，是我啊……	84101111		['ZX01110EA']
101112	1011	12	九龙	11_12			船只在海面上浮游，众人把视线投向闪耀着晨曦阳光的海面之上	84101112		['ZX01111BA']
101113	1011	13	前路未卜				在空中花园之中，众人边讨论着今后的事情，边准备着某台的机体的实验。	84101112		['YR01201BA']
101114	1011	14	两手准备				除了新型机体以外，阿西莫夫还替尼科拉准备着另一个秘密武器。	84101112		['YR01202BA']
101115	1011	15	麦田捕手				升格者们聚到一起，准备前往决定命运的战场。	84101112		['YR01203BA']
101201	1012	1	迷雾	12_1			在漫长的等待以后，夜航船终于要靠岸了。	84101201		['ZX01201BA']
101202	1012	2	拒绝的意志	12_2			归航之人得到并不是迎接，而是驱逐。	84101202		['ZX01202BA']
101203	1012	3	聚集的意志	12_3			不能让真正的华胥落入升格者之手，于是空中花园开始了聚集行动。	84101203		['ZX01203BA']
101204	1012	4	破冰	12_4			在遥远的极地之中，渔夫催促着水手，而后守林人们追赶着感染体。	84101204		['ZX01204BA']
101205	1012	5	混沌的意志	12_5			除了空中花园以外，众人都有各自的算盘。	84101205		['ZX01205BA']
101206	1012	6	鹰与狗	12_6			三头犬和突击鹰的共同行动似乎不太顺利。	84101206		['ZX01206BA']
101207	1012	7	战中抉择	12_7			众人的行动不断加速着战争的发展。	84101207		['ZX01207BA']
101208	1012	8	弗兰肯斯坦	12_8			九龙城中一片混乱，它们似乎太小看升格者了。	84101208		['ZX01208BA']
101209	1012	9	笑脸	12_9			战争即将爆发，在紧张的气氛之中灰鸦做下了约定。	84101209		['ZX01209BA']
101210	1012	10	支援部队	12_10			别小看支援部队！——布丽姬特	84101210		['ZX01210BA']
101211	1012	11	姐姐	12_11			在九龙城中，两位露西亚再度见面。	84101211		['ZX01211BA', 'ZX01211EA']
101212	1012	12	积累	12_12			重伤的露西亚被送回了后方，而后灰鸦得到了某个意外的支援。	84101212		['ZX01212BA']
101213	1012	13	车票	12_13			在某个车站之中，两个地上的首领互相谈话。	84101213		['ZX01213BA']
101214	1012	14	拉弥亚之毒	12_14			拉弥亚，善于操控敌人的升格者。	84101214		['ZX01214BA']
101215	1012	15	联合共同体	12_15			为了维护共同体，曲决定迈出下一步。	84101215		['ZX01215BA']
101216	1012	16	捕鹰	12_16			为了救助同伴，突击鹰不得不与拉弥亚展开正面对决。	84101216		['ZX01216BA']
101217	1012	17	憎叹人鱼	12_17			突击鹰的行动得到了回应，九龙守卫决定加入对抗拉弥亚的战线。	84101217		['ZX01217BA']
101218	1012	18	以身作盾	12_18			露西亚正在往这边赶来，所以突击鹰决定先打开能供通行的路	84101218		['ZX01218BA', 'ZX01218EA']
101219	1012	19	危机	12_19			三头犬和罗兰的战斗之间，某种黄金的粉末飞过。	84101219		['ZX01219BA']
101220	1012	20	车上的娱乐	12_20			列车接近了九龙——	84101220		['ZX01220BA']
101221	1012	21	约定	12_21			露西亚在战场的后方醒来——	84101221		['ZX01221BA']
101222	1012	22	光壁内部	12_22			灰鸦虽然穿过了光壁，但却遇到了九龙的防卫力量。	84101222		['ZX01222BA']
101223	1012	23	门前	12_23			光壁内部也有各种思绪，到底……	84101223		['ZX01223BA']
101224	1012	24	囚笼之主	12_24			灰鸦在塔中遇见了曲，并且得知了九龙的真正意图。	84101224		['ZX01224BA']
101225	1012	25	鸦羽	12_25			在观星台之上，鸦羽纷乱。	84101225		['ZX01225BA', 'ZX01225EB']
101226	1012	26	向往	12_26			大概……这样就告一段落了。	84101226		['ZX01226BB']
131301	1013	1	暗潮涌动_01				相关资料已保存		2020/11/26 5:02	['YR01601BA']
131302	1013	2	暗潮涌动_02				相关资料已保存		2020/11/26 5:02	['YR01602BA']
131303	1013	3	暗潮涌动_03				相关资料已保存		2020/11/26 5:02	['YR01603BA']
131304	1013	4	决断高度				77.3%的常规引擎都被强行关闭，空中花园正在下坠。	630001		['ZX01601BA']
131305	1013	5	既视风景				伪造的数据空间内一如往常，却暗藏着某种东西。	630002		['ZX01602BA', 'ZX01602EA']
131306	1013	6	意外的矢弹				意外丛生，有善意的，也有恶意的；有奉命行事，也有自我发挥。	630003		['ZX01603BA', 'ZX01603EA']
131307	1013	7	虚伪的友人				虚伪归于虚伪。	630004		['ZX01604BA']
131308	1013	8	诱饵侧写				真理的所在止于追寻之后。	630005		['ZX01605BA']
131309	1013	9	脆弱的维系				人与人之间的维系和羁绊，到底是坚强还是脆弱？	630006		['ZX01606BA']
131310	1013	10	打破僵局				终于，你们面前的迷局有了打破的希望。	630007		['ZX01607BA', 'ZX01607EA']
131311	1013	11	闭锁				一切信号在此戛然而止。	630008		['ZX01608BA']
131312	1013	12	‘华胥’				不管‘它’为哪一方服务，你们都要让‘它’停下来。	630009		['ZX01609BA', 'ZX01609EA']
131313	1013	13	S.S.D.D				空中花园的危机暂时解除。于是时过境迁，一切照旧。	630010		['ZX01610BA']
131314	1013	14	强化逆元				看见太危险的东西，可别像好奇的猫一样冲上去碰啊	630011		['ZX01611BA']
131315	1013	15	复原线索				看来在这个任务结束之前，我们会维持这样的视角了。	630012		['ZX01611BB']
131316	1013	16	危机四伏				感染体虚影，感染体本身，还有帕弥什增生物……	630013		['ZX01612BA']
131317	1013	17	赤色狂潮				汇聚了生与死的红潮静静地注视着四人，正如同此刻，四人注视着它。	630014		['ZX01613BA', 'ZX01613EA']
131318	1013	18	旧日残影				看上去……这位指挥官死亡时间应该已超过一周以上了。	630015		['ZX01614BA']
131319	1013	19	吹笛人				他们仿佛被‘笛声’引诱，淹没在赤红色的海洋中。	630016		['ZX01615BA']
131320	1013	20	异合生物				这些感染体看上去已经出现了生物化趋向，再叫它为感染体不太合适。	630017		['ZX01617BA']
131321	1013	21	掠夺与牺牲				为了活下去，只能在必须支付的代价中，选择了一个勉强能承受的事情。	630018		['ZX01618BA']
131322	1013	22	过去与未来				请不要恨我。	630019		['ZX01619BA']
131323	1013	23	血缘连结				我……也会变得和她一样吗？	630020		['ZX01620BA']
131324	1013	24	一路前行				丽芙小心翼翼地翻开了褪色的封面，从中掉出一片白色的花瓣，落在她手中。	630021		['ZX01621BA']
131325	1013	25	布满荆棘				前方还有不少陷阱，请小心行事。	630022		['ZX01622BA']
131326	1013	26	曾在此处				如果没有发生那件事，我或许还会对此抱着愚蠢的希望。	630023		['ZX01623BA']
131327	1013	27	零落碎片				什么时候让露西亚找回那段记忆，就由你来决定了。	630024		['ZX01624BA']
131328	1013	28	伪物都市				并不是被废弃……而是从一开始就没有被使用过。	630025		['ZX01625BA']
131329	1013	29	红潮的指引				溯源而上——抵达深渊。	630026		['ZX01626BA']
131330	1013	30	欢迎仪式				这些随意堆放的破碎机体，令人联想到‘尸骸’。	630027		['ZX01627BA', 'ZX01627EA']
131331	1013	31	帷幕				既然客人已经来到了家门口，又哪有不招待的道理。	630028		['ZX01628BA']
131332	1013	32	意外的援助				那么接下来，就由我来做你们的行动支援吧。	630029		['ZX91629BA']
131333	1013	33	升格秘闻				蒙眼的王，谏臣与野兽。	630030		['ZX01630BA', 'ZX01630EA']
131334	1013	34	试探				又或者，这是您的另一种’测试’？	630031		['ZX01631BA']
131335	1013	35	问句				你真的能——用手中的这把刀，刺穿露娜的心脏？	630032		['ZX01632BA', 'ZX01632EA']
131336	1013	36	代行者之怒				如果这些软弱无力的造物就是你所谓的‘最终计划’……那么我很失望。	630033		['ZX01633BA', 'ZX01633EA']
131337	1013	37	报幕人				这就是，我给露娜小姐的答案——	630034		['ZX01634BA']
131338	1013	38	跨越连接桥				无论在看得见的地方还是看不见的地方，支援部队永远都在工作。	630035		['ZX01635BA']
131339	1013	39	华胥虚影				华胥的虚影出现在这里……到底意味着什么？	630036		['ZX01636BA']
131340	1013	40	造访者				小心那个露西亚。	630037		['ZX91637BA']
131341	1013	41	真红决意				露西亚……快！指挥官要……	630038		['ZX01638BA']
131342	1013	42	分歧点				我会接受你的一切，包括你的痛苦与抉择。	630039		['ZX01639BA']
131343	1013	43	往事尘封				别着急，下一个就是你了。	630040		['ZX01640BA']
131344	1013	44	悔恨的残片				在彻底陷入了静默之前，露西亚握紧了手中的铭牌……	630041		['ZX01641BA']
131345	1013	45	回忆乱流				彼此的回忆碎片在回忆乱流中越过了界限，如同崩塌后倾泻而下的玻璃碎片，零落在她们眼前。	630042		['ZX01642BA']
131346	1013	46	迷茫之心				口出狂言却如此迷茫，如此不堪，这就是现在的你？	630043		['ZX01643BA']
131347	1013	47	露西亚				这是作为你没有逃避任何回忆，直面一切的报答。	630044		['ZX01644BA', 'ZX01644EA']
131348	1013	48	迈向未来				欢迎回来，露西亚。	630045		['ZX01645BA']
131349	1013	49	聚噬深渊				在这巨大怪物的身下汇聚着红潮形成的湖泊，闪烁着令人畏惧的猩红光芒。	630046		['ZX01646BA']
131350	1013	50	完美伪装？				如果他不是莫瑞，又会是谁呢？	630047		['ZX01646BB']
131351	1013	51	音频分析				盲目地寻找根本不可能找到拉弥亚的所在，这个时候就需要注意下提示了。	630048		['ZX01647BA']
131352	1013	52	人鱼的礼物				嘻嘻，收下吧，这来自拉弥亚微不足道的关心。	630049		['ZX91648BA']
131353	1013	53	被捕的人鱼				拉弥亚，已经无处可逃了。	630050		['ZX01649BA']
131354	1013	54	恐怖的痕迹				当大家赶到震动中心的时候，现场只剩下被割裂和被击碎的巨大岩石痕迹。	630051		['ZX01650BA']
131355	1013	55	升格互噬				露娜小姐……请你履行作为代行者最后的职责……	630052		['ZX01651BA', 'ZX01651EA']
131356	1013	56	决意				灰鸦小队要在一起才能发挥出最大的实力，不是吗？	630053		['ZX01652BA']
131357	1013	57	人鱼的目的				“完成你的任务。”	630054		['ZX01653BA']
131358	1013	58	巨大的威胁				直面聚噬体的咆哮，除了战斗，无处可逃。	630055		['ZX01654BA', 'ZX01654EA']
131359	1013	59	自白				这次，我选择相信的是“我自己”	630056		['ZX01655BA']
131360	1013	60	分秒必争				虽然面前有着无数的敌人，但是露西亚相信，这来自背后的子弹和光束，将为自己扫平所有的障碍。	630057		['ZX01656BA', 'ZX01656EA']
131361	1013	61	苏醒与毁灭				终焉将……在此降临！	630058		['ZX01657BA', 'ZX01658EA']
131362	1013	62	入侵者				前往【伊甸16-B】3层找到【唤心之日1】事件	621101		['FZ01601BA']
131363	1013	63	多线行动				前往【多米尼克纪念公园】1层找到【唤心之日2】事件	621102		['FZ01601BB']
131364	1013	64	诡局				前往【空中花园舰桥】2层找到【唤心之日3】事件	621103		['FZ01601BC']
131365	1013	65	地球的支点				前往【空中花园舰桥】2层深处找到【唤心之日4】事件	621104		['FZ01601BD']
131366	1013	66	粗糙的痕迹				前往【多米尼克纪念公园】4层找到【唤心之日5】事件	621105		['FZ01601BE']
131367	1013	67	猫鼠游戏				前往【多米尼克纪念公园】4层深处找到【唤心之日6】事件	621106		['FZ01601BF']
131368	1013	68	圣甲虫				前往【空中花园舰桥】2层找到【无形者1】事件	621201		['FZ01603BA']
131369	1013	69	攀援				前往【议会外广场】2层找到【无形者2】事件	621202		['FZ01603BB']
131370	1013	70	“坏小子”				前往【多米尼克纪念公园】3层找到【无形者3】事件	621203		['FZ01603BC']
131371	1013	71	诱饵				前往【多米尼克纪念公园】4层找到【无形者4】事件	621204		['FZ01603BD']
131372	1013	72	疑问				前往【多米尼克纪念公园】4层深处找到【无形者5】事件	621205		['FZ01603BE']
131373	1013	73	旅行者				前往【伊甸16-B】3层找到【世界尽头1】事件	621301		['FZ01602BA']
131374	1013	74	“大天线”				前往【议会外广场】2层找到【世界尽头2】事件	621302		['FZ01602BB']
131375	1013	75	对谈				前往【空中花园舰桥】3层找到【世界尽头3】事件	621303		['FZ01602BC']
131376	1013	76	继续旅途				前往【议会外广场】3层找到【世界尽头4】事件	621304		['FZ01602BD']
131377	1013	77	记忆1				前往【安全区】找【额外回顾】展开记忆1	623101		['FZ01608BA']
131378	1013	78	记忆2				前往【B01工业扇区】3层找到【记忆2】事件	623102		['FZ01608BB']
131379	1013	79	记忆3				前往【安全区】找【额外回顾】展开记忆3	623103		['FZ01608BC']
131380	1013	80	潮向1				前往【核心区】2层深处找到【潮向1】事件	623201		['FZ01607BA']
131381	1013	81	潮向2				前往【核心区】3层找到【潮向2】事件	623202		['FZ01607BB']
131382	1013	82	潮向3				前往【B01连接长廊】4层找到【潮向3】事件	623203		['FZ01607BC']
131383	1013	83	潮向4				前往【B01连接长廊】4层深处找到【潮向4】事件	623204		['FZ01607BD']
131384	1013	84	血缘余音1				前往【商业园区遗址-第3街区】找到【血缘余音1】事件	622101		['FZ01605BA']
131385	1013	85	血缘余音2				前往【A区97号废墟广场-花园】找到【血缘余音2】事件	622102		['FZ01605BB']
131386	1013	86	无声自我1				前往【C-07废弃化工厂-作业区】找到【无声自我1】事件	622201		['FZ01606BA']
131387	1013	87	无声自我2				前往【补给车厢】找到【无声自我2】事件	622202		['FZ01606BB']
131388	1013	88	无声自我3				前往【C-07废弃化工厂-仓库】找到【无声自我3】事件	622203		['FZ01606BC']
131389	1013	89	无声自我4				前往【C-07废弃化工厂-作业区】找到【无声自我4】事件	622204		['FZ01606BD']
131390	1013	90	渎神1				前往【断裂平台-最深处】找到【渎神1】事件	624101		['FZ01610BA']
131391	1013	91	渎神2				前往【安全区】找到【渎神2】事件	624102		['FZ01610BB']
131392	1013	92	池鱼1				前往【聚噬体左手-1层】找到【池鱼1】事件	624201		['FZ01609BA']
131393	1013	93	池鱼2				前往【聚噬体左手-2层】找到【池鱼2】事件	624201		['FZ01609BB']
131394	1013	94	信仰赞歌1				前往【聚噬体身躯-1层】找到【信仰赞歌1】事件	624301		['FZ01611BA']
131395	1013	95	信仰赞歌2				前往【聚噬体身躯-3层】找到【信仰赞歌2】事件	624302		['FZ01611BB']
131396	1013	96	信仰赞歌3				前往【聚噬体身躯-2层】找到【信仰赞歌3】事件	624303		['FZ01611BC']
131397	1013	97	锲1				前往【聚噬体身躯-3层】找到【锲1】事件	624401		['FZ01604BA']
131398	1013	98	锲2				前往【聚噬体身躯-2层】找到【锲2】事件	624402		['FZ01604BB']
131401	1014	1	笼中游戏	14_1			“谨言慎行，现在什么都不要做，等天亮再检查房间。”	84101401		['ZX01901BA']
131402	1014	2	隐瞒	14_2			“为什么你们会拥有升格者数据？”	84101402		['ZX01902BA']
131403	1014	3	重返核心区	14_3			从刚才开始就有一种被人注视着的感觉。	84101403		['ZX01903BA']
131404	1014	4	无迹可寻	14_4			或许，还有一种更为简单粗暴的方式。	84101404		['ZX01904BA']
131405	1014	5	眼底深渊	14_5			纽扣上细小的针孔镜头如同幽暗的深渊，森然凝视着握住它的库洛姆。	84101405		['ZX01905BA']
131406	1014	6	新的灾厄	14_6			妈妈……还在休息。	84101406		['ZX01906BA']
131407	1014	7	构解囚徒	14_7			既然机会难得，就再给你们一道附加题吧。	84101407		['ZX01907BA']
131408	1014	8	完美主义	14_8			他的言语中没有虚张声势的一词一句，在敌人面前像个自谦的老师。	84101408		['ZX01908BA']
131409	1014	9	生死迷宫	14_9			地板下的轰鸣声像倒计时一样宣告着死亡。	84101409		['ZX01909BA']
131410	1014	10	无人应答	14_10			在库洛姆彻底陷入昏迷之前，神威看见他的嘴角扬起了微笑。	84101410		['ZX01910BA']
131411	1014	11	凛冬计划	14_11			如果最终落实了那件事，到时候还要请这位天赋异禀的指挥官帮帮我们，一起开拓人类的明天啊。	84101411		['ZX01911BA']
131412	1014	12	额外任务	14_12			看来是有人警惕过了头，他们才把这些脏东西塞到了我们这里。	84101412		['ZX01912BA']
131413	1014	13	隐藏区域	14_13			昏暗的天光滋养着四周的红色树木，如同根茎一般的管道盘踞在四周，透出了安和而诡异的气氛。	84101413		['ZX01913BA']
131414	1014	14	聚合母体	14_14			抱歉……让你一个人面对这种事情。	84101414		['ZX01914BA']
131415	1014	15	触手星辰	14_15			即使信号中断，即使希望渺茫，我也会用尽一切可用之物向你奔跑，那是拯救，也是我的自救。	84101415		['ZX01915BA']
131501	1015	1	玫瑰之下	15_1			只要我们仍同处于这艘末日方舟上，没有任何事情可以一直成为秘密。	84101501		['ZX02101BA']
131502	1015	2	强袭	15_2			红发的构造体只是傲然地站在他们中央，犹如一朵带刺的红玫瑰。	84101502		['ZX02102BA']
131503	1015	3	海上墓碑	15_3			没错，你们身处的水上都市，曾经是一座真空零点能实验反应堆。	84101503		['ZX02103BA']
131504	1015	4	亚特兰蒂斯	15_4			它曾经也承载着人类对理想国的期望。	84101504		['ZX02104BA', 'ZX02104EA']
131505	1015	5	初入水城	15_5			如果将黄金时代比作一顶皇冠，这座海都必然是皇冠上最耀眼的明珠之一。	84101505		['ZX02105BA', 'ZX02105EA']
131506	1015	6	重返	15_6			拉弥亚，终于找到这里了。	84101506		['ZX02106BA']
131507	1015	7	野心的坟墓	15_7			人类早已死在了自己通往野心的道路上。这座城市就是野心的墓碑。	84101507		['ZX02107BA', 'ZX02107EA']
131508	1015	8	投掷两次	15_8			我所做的一切都是正确的。	84101508		['ZX02108BA']
131509	1015	9	上或下	15_9			可别告诉我，是徘徊在这座海城上的亡灵。	84101509		['ZX02109BA', 'ZX02109EA']
131513	1015	13	零点之光	15_10			我相信人类将会拥有一个光明的未来。	84101513		['ZX02113BA']
131514	1015	14	高举火把	15_11			我不会熄灭火把，因为我想看见黑暗的尽头到底有什么。	84101514		['ZX02114BA', 'ZX02114EA']
131515	1015	15	最后的人类	15_12			没想到最后竟然是我，温和地走进了这个良宵。	84101515		['ZX02115BA']
131516	1015	16	跨越波涛	15_13			薇拉知道那种眼神，那种被绝望彻底浸染的目光，因为她也曾经拥有过同样的眼神。	84101516		['ZX02116BA', 'ZX02116EA']
131517	1015	17	她的旗帜	15_14			怒斥吧、怒斥光的消逝。	84101517		['ZX02117BA']
131601	1016	1	世界政府会议	16_1			方正庄严，承载着人类希望的世界政府图标出现在这宽广空间的最顶端，又一届定期举行的世界政府会议即将开始。	84101601		['ZX02201BA']
131602	1016	2	拮抗	16_2			科学是帮助人类走向未来的灯火，而不是无意义的内耗。	84101602		['ZX02202BA']
131603	1016	3	那之后的时光	16_3			日志被丽芙按时间顺序从左到右排好，用手指摩挲过去，回忆也随着手中的动作被逐个唤醒。	84101603		['ZX02203BA', 'ZX02203EA']
131604	1016	4	寻标	16_4			阿西莫夫停下了敲击投影的动作，将手指指向地球模型中的一点。	84101604		['ZX02204BA']
131605	1016	5	类人	16_5			它们缓缓转身，异形的脚掌把地上的白骨碾碎，发出嘎吱嘎吱的声音。	84101605		['ZX02205BA']
131606	1016	6	集结	16_6			汉斯的声音并不嘹亮，却依旧中气十足，将每一个音节切实传递到在场的人耳中，让人不自觉板正了身姿。	84101606		['ZX02206BA']
131607	1016	7	普利亚森林公园遗址	16_7			大脑逐渐从肾上腺素的刺激中恢复冷静，但普利亚森林公园遗址中此起彼伏的类人声响，告诫着众人仍不能放松紧绷的神经。	84101607		['ZX02207BA', 'ZX02207EA']
131608	1016	8	发条	16_8			他拧动发条，空中花园这支精锐集结的战争机械便再一次轰鸣着朝40号过滤塔前进。	84101608		['ZX02208BA']
131609	1016	9	40号过滤塔	16_9			那本是人类对抗帕弥什，在地表生活根基的过滤塔，如今已被猩红的植被贯穿，以扭曲的外形耸立在前方开阔的空地中央。	84101609		['ZX02209BA']
131610	1016	10	降临	16_10			它们的视线穿透了人群，看向众人所隶属的人类这一族群。	84101610		['ZX02210EA']
131611	1016	11	撤离	16_11			在意识清醒的最后时刻，自己的耳边传来了震耳的爆炸声。	84101611		['ZX02211BA']
131612	1016	12	人类之死	16_12			我会回来，相信我。	84101612		['ZX02212EA']
131613	1016	13	未确认人形生物体	16_13			此时此地，人类与帕弥什的交战，再次展开。	84101613		['ZX02213BA', 'ZX02213EA']
131614	1016	14	无声狂啸	16_14			这就是人类永无止尽的绝望轮回。	84101614		['ZX02214BA']
131615	1016	15	人类的船舵	16_15			这也是我们议会建立的核心。	84101615		['ZX02215BA']
131700	1017		世界噩梦	17_0			我们被迫踏进了死亡的永夜，在这片燃尽曙光的烈焰中，用不同的语言，不同的身躯，发出了相同的怒吼。	84101700		['ZX02300BA']
131701	1017	1	哀鸿骤雨	17_1			它们既不是最大的威胁，也不是一切灾厄结出的最终果实，只不过是一块路标。	84101701		['ZX02301BA']
131702	1017	2	孤岛沉船	17_2			我们被迫立足于不断下沉的孤岛之中，无人能得以 幸免。	84101702		['ZX02302BA']
131703	1017	3	凛冬计划	17_3			无论如何，这都是一个希望的开端，却也只是一个 开端。	84101703		['ZX02303BA']
131704	1017	4	降生意愿	17_4			她与少年绝非个例，人们的经历不尽相同，却有着相似的本质与情感。	84101704		['ZX02304BA']
131705	1017	5	一为“悲欢”	17_5			“悲欢同至，其一在与你同桌共餐，另一个则正睡着你的床上。”	84101705		['ZX02305BA']
131706	1017	6	“大撤退”	17_6			你们有什么不满吗？还是在期待你们的指挥官突然从床上坐起来，给你们一个新的战术，让谁都不必牺牲？	84101706		['ZX02306BA', 'ZX02306EA']
131707	1017	7	“留守者”	17_7			原本人满为患的地下室，只剩下零星几十人在焦虑中等待着灰鸦小队归来的消息。	84101707		['ZX02307BA']
131708	1017	8	生离与死别	17_8			借着破晓的白光，她们看到城市坡道已经变成一片涌动的赤红色。	84101708		['ZX02308BA']
131709	1017	9	二为“自由”	17_9			“你们为了自由而要挣脱掉的东西，不就是你们自身的碎片吗。”	84101709		['ZX02309BA']
131710	1017	10	近在咫尺	17_10			可世界上没有如果。	84101710		['ZX02310BA']
131711	1017	11	三为“施舍”	17_11			“生命是生命的施舍者。”	84101711		['ZX02311BA']
131712	1017	12	四为“船”	17_12			“谁能撇下这痛苦的日月和时光？这不是舍弃了衣裳，而是用自己的手撕下了一块自己的皮肤。然而我不能再迟留了。”	84101712		['ZX02312BA', 'ZX02312EA']
131713	1017	13	余生沙漏	17_13			即使时间已所剩无几，她依然坚守在这里。	84101713		['ZX02313BA']
131714	1017	14	再次集结	17_14			灰鸦、突击鹰、三头犬小队集结在47号城市，计划下一步行动。	84101714		['ZX02314BA', 'ZX02314EA']
131715	1017	15	终焉列车	17_15			那时我们尚未知晓，这辆列车将会驶入终焉。	84101715		['ZX02315BA', 'ZX02315EA']
131716	1017	16	终点计时	17_16			我们必须做好准备，这一战，将决定我们的存亡。	84101716		['ZX02316BA', 'ZX02316EA']
131717	1017	17	深渊的微笑	17_17			我好像，听到了谁的笑声……	84101717		['ZX02317BA']
131718	1017	18	温柔的怪物	17_18			为了抓住那唯一的曙光，少女成为了温柔的怪物。	84101718		['ZX02318BA']
131719	1017	19	苦难天堂	17_19			暮色与寂静，疲乏与损伤。它们纠缠在一起编织成了锁链，将两人牢牢囚禁在长椅上。	84101719		['ZX02319BA']
131720	1017	20	鸣奏“钟声”	17_20			“以一种孤注一掷的心愿，以一种不屈不挠的努力。”	84101720		['ZX02320EA']
131722	1017	22	直到无人聆听	17_22			“那在晓光中消散，只留下露水的田间烟雾，要上升凝聚在云中，化作细雨归来。”	84101722		['ZX02322BA']
131723	1017	23	五为“言别”	17_23			在这个世界中，无论何时献上祈祷，都不会得到拯救。	84101723		['ZX02323BA']
131724	1017	24	六为“死亡”	17_24			“从静默河水中啜饮时，你们才能真正歌唱。达到山巅时，你们才能开始登高。大地包容你们的躯体时，才能真正地舞蹈。”	84101724		['ZX02324BA', 'ZX02324EA']
131725	1017	25	向死→	17_25			——以自身的‘死亡’为起始点，回首过去。	84101725		['ZX02325BA']
131726	1017	26	向生→	17_26			——以自身的‘死亡’为起始点，迈向未来。	84101726		['ZX02326BA']
131727	1017	27	赤红倒影	17_27			沉积在其中的数据会控制帕弥什的形态，你可以理解为类人或者红潮虚影那样的东西，它们会根据你的认知来改变自己的形态。	84101727		['ZX02327BA']
131728	1017	28	七为“爱”	17_28			“爱除自身外无施与，除自身外无接受。她为了她的愿望溶化了自己，像溪流一般，对清夜吟唱着歌曲。“	84101728		['ZX02328BA']
131801	1018	1	旅途	18_1			七实和朋友一起踏上旅途，至于去哪里……到时候再想吧！	84101801		['ZX02601BA']
131802	1018	2	爱心之家	18_2			七实就知道，就算是在到处都冷冰冰的世界，也还是有暖洋洋的地方~	84101802		['ZX02602BA']
131803	1018	3	寻觅	18_3			或许旅途的结局并非都是HappyEnd，但正因如此，七实还要继续寻找下去。	84101803		['ZX02603BA', 'ZX02603EA']
131804	1018	4	返程	18_4			七实遇到了一个奇妙的大姐姐，我总觉得过去在哪里见过她，又觉得在未来才会与她相遇。	84101804		['ZX02604BA', 'ZX02604EA']
131805	1018	5	真相	18_5			七实不喜欢这样的答案，不喜欢冷冰冰，不喜欢静悄悄……但是哪里才有让大家都能够欢笑的未来呢？	84101805		['ZX02605BA']
131806	1018	6	再会	18_6			世界将会重构，不一样的未来在等着七实，但这会是七实所期望的吗？	84101806		['ZX02606BA']
131807	1018	7	战争	18_7			为什么……为什么还要战争，大家难道不是朋友吗……？	84101807		['ZX02607BA', 'ZX02607EA']
131808	1018	8	机械教会	18_8			这些机械将七实称作“机械先哲”，但是七实从来没有期望过这样的战争……	84101808		['ZX02608BA']
131809	1018	9	最后的希望	18_9			七实会找到没有战争的未来，然后把它交到人类手中。	84101809		['ZX02609BA']
131810	1018	10	囚笼	18_10			七实要做的事情，就只有一个……	84101810		['ZX02610BA']
131811	1018	11	解脱	18_11			那就由七实来……把这个囚笼粉碎！	84101811		['ZX02611BA', 'ZX02611EA']
131812	1018	12	分歧	18_12			为了七实的朋友，也为了全部的未来，七实必须再试一次，去找真正的答案。	84101812		['ZX02612BA', 'ZX02612EA']
131813	1018	13	决心	18_13			全部机械与人类的痛苦，七实全部都无法忘记……因此七实下定了决心，无论如何都一定要跨越洪流，抓住那个可能性。	84101813		['ZX02613BA']
131814	1018	14	于未来中找寻答案	18_14			七实决定了，要与命运的风暴对抗！	84101814		['ZX02614BA']
131818	1018	18	觉醒	18_18			爸爸，妈妈，米米，七实要离开你们啦……开始七实自己的旅行。	84101818		['ZX02618BA']
131819	1018	19	答案	18_19			七实会自己去找到的，找到那个独一无二的未来。	84101819		['ZX02619BA']
131820	1018	20	存在于未来的她	18_20			期待你能找到真正的答案……然后，再见了，七实。	84101820		['ZX02620BA']
131821	1018	21	道别	18_21			Her last bow.	84101821		['ZX02621BA']
131901	1019	1	燃起火炬	19_1			在距离地球363,300公里的月球上，人类未来最后的火炬正在点燃。	84102001		['ZX02801BA']
131902	1019	2	梦想机械	19_2			那是包含了人类全部梦想的机械，想要重启它，卡列尼娜，你是最好的人选。	84102002		['ZX02802BA']
131903	1019	3	辉晓新生	19_3			这是名为辉晓的新机体，在至暗之中闪耀的光辉，代表着卡列尼娜新的力量。	84102003		['ZX02803BA', 'ZX02803EA']
131904	1019	4	零点重启	19_4			在无重力中自由欢笑的人们，褪下了一切阵营与立场，为技术的突破而欢呼。	84102004		['ZX02804BA']
131905	1019	5	仰望夜空	19_5			或许人类仍像仰望月亮的小孩子一样蒙昧可笑，但总有一天，他们会用科学创造出新的希望。	84102005		['ZX02805BA']
131906	1019	6	一镜到底	19_6			专业的演员从来都准备着应付可能发生的一切突发情况，只要摄影机还没停下，那就永远不能忘记自己的身份。	84102006		['ZX02806BA']
131907	1019	7	或为再见	19_7			虽然或许永远不会再见，但是还是说一声“再见”吧。	84102007		['ZX02807BA']
131908	1019	8	无间狂徒	19_8			完美的谎言总是由大多数的真实和一点点虚假组成。	84102008		['ZX02808BA', 'ZX02808EA']
131909	1019	9	灾祸预兆	19_9			总感觉……有什么不妙的事情要发生。	84102009		['ZX02809BA']
131910	1019	10	小丑船长	19_10			能够拯救你的，始终只有你自己，是就此破灭……抑或是迎来新生。	84102010		['ZX02810BA', 'ZX02810EA']
131911	1019	11	凡人信念	19_11			我们只是平庸的凡人……用最愚蠢的办法，一次次计算，一次次测试，直到找到答案！	84102011		['ZX02811BA', 'ZX02811EA']
131912	1019	12	未来故事	19_12			如果你能看到这段留言，那么到时候就请你告诉我，告诉我关于你的故事，关于人类在未来的故事吧。	84102012		['ZX02812BA']
131913	1019	13	破坏决心	19_13			象征着人类迈向宇宙航行的希望，凝结了黄金时代人类最高技术结晶的果实……自己真的有资格将其打碎吗？	84102013		['ZX02813BA', 'ZX02813EA']
131914	1019	14	何为希望	19_14			为了抓住仅有的希望，有谁就必须作出牺牲……从来没有人怀疑过这句话的正确性，但什么才是真正的希望呢？	84102014		['ZX02814BA']
131915	1019	15	各为前路	19_15			当前路茫茫，就是需要作出抉择的时候了，该走……还是该留下。	84102015		['ZX02815BA']
131916	1019	16	人类之敌	19_16			人类那膨胀的希望，你真的有勇气去破坏吗？不惜成为人类的敌人，你也要去保护人类吗？	84102016		['ZX02816BA']
131917	1019	17	众心交织	19_17			连眼神都不曾交汇，双方便背对着彼此，走向了属于各自的战场。	84102017		['ZX02817BA']
131918	1019	18	不灭意志	19_18			那闪烁着的是全体人类的意志，而这不灭的意志——将是星光，亦是火炬。	84102018		['ZX02818BA']
131919	1019	19	掌心拥抱	19_19			掌心那苦痛凝聚的烙印，将是过去的枷锁，也是未来的钥匙。	84102019		['ZX02819BA', 'ZX02819EA']
131920	1019	20	灿光一击	19_20			所有的光芒在此刻闪耀，汇聚成无坚不摧的一击。	84102020		['ZX02820BA', 'ZX02820EA']
131921	1019	21	谢幕加演	19_21			叫我罗尔莫就行了……罗尔莫舰长，好像听起来也不错啊。	84102021		['ZX02821BA']
131922	1019	22	远月归途	19_22			一颗崭新的流星闯入了这片天空，缓缓地向着地面降落，这是她归来的轨迹。	84102022		['ZX02822BA']
132001	1020	1	赤音神启	20_1			如果红潮中的虚影会成为绝望中的寄托，它也会成为信仰。	84102201		['ZX03001BA']
132002	1020	2	荒诞之语	20_2			它们无一例外都是眯着双眼，眼角弯弯，似乎很高兴的样子，但嘴巴却歪曲成各种形状，从中吐露出痛苦的含混低语。	84102202		['ZX03002BA', 'ZX03002EA']
132003	1020	3	赤色暗流	20_3			如果按最大蓄水量来计算的话，积蓄的红潮一旦被释放将在两个月内污染全球的海洋生态系统。	84102203		['ZX03003BA']
132004	1020	4	信仰悲歌	20_4			神沉默依旧。	84102204		['ZX03004EA']
132005	1020	5	怪物与魔女	20_5			是你……保护了我吗？	84102205		['ZX03005EA']
132006	1020	6	破晓之前	20_6			普利亚森林公园遗迹的浩劫绝不该重演。	84102206		['ZX03006BA']
132007	1020	7	我仍是我	20_7			那么你呢？修女，魔女，哪一个才是真正的你？	84102207		['ZX03007BA']
132008	1020	8	再次集结	20_8			哦！看来指挥官好像很困扰的样子，这个时候就该我们登场了，哟！！	84102208		['ZX03008BA']
132009	1020	9	携手连心	20_9			尼科拉向着众人点了点头，目光落在了战术地图上那一片鲜红的中心。	84102209		['ZX03009BA', 'ZX03009EA']
132010	1020	10	众心为灯	20_10			人们聚集在视野的尽头，那里是乌云蔓延的地方——但也是日出的方向。	84102210		['ZX03010BA', 'ZX03010EA']
132011	1020	11	她们的痕迹	20_11			这是她和她留下的意志，也是通向未来的礼物。	84102211		['ZX03011BA', 'ZX03011EA']
132012	1020	12	幻惑碎砂	20_12			……如果这就是你的愿望……	84102212		['ZX03012BA']
132013	1020	13	诀别之时	20_13			——曾经她阻止了千子的自杀，而这一次……她会帮助千子完成它。	84102213		['ZX03013BA', 'ZX03013EA']
132014	1020	14	未来之钥	20_14			这份礼物一定会成为通往未来的钥匙。	84102214		['ZX03014BA']
132101	1021	1	他的幕后	21_1			大部分时间里，作为指挥官的工作都和其他人并无不同。	84102469		['ZX03201BA']
132102	1021	2	记忆深处的密钥	21_2			“只要掌握了密钥，一切谜题都会迎刃而解。”	84102470		['ZX03202BA']
132103	1021	3	兄弟	21_3			相似的固执，相似的沉默，以及相似的隐瞒。	84102471		['ZX03203BA']
132104	1021	4	裂痕	21_4			这样的平静究竟是暖春将至的预兆，还是山雨欲来前的蛰伏？	84102472		['ZX03204BA']
132105	1021	5	表象与异常	21_5			炫目的光斑在眼中交替闪烁，扭曲为螺旋状的高塔在视野的尽头显现又猝然崩塌。	84102473		['ZX03205BA', 'ZX03205EA']
132106	1021	6	沉默	21_6			无数隐瞒交叠编织的隔阂如同流淌的迷雾将两人逐渐分离，模糊了话语的真意。	84102474		['ZX03206BA']
132107	1021	7	螺旋之塔	21_7			仿佛连那伪装的绿意都不屑披上，而是明晃晃地向着地表乃至深空中的全体人类显露出冷硬刺骨的危险。	84102475		['ZX03207BA']
132108	1021	8	灾厄的铳鸣	21_8			人类“最后的伊甸”，顷刻之间变为了危机四伏的牢笼。	84102476		['ZX03208BA']
132109	1021	9	破灭的闪光	21_9			本该并肩作战的队友，此刻却将枪口对准了自己的同伴。	84102477		['ZX03209BA']
132110	1021	10	“超刻”	21_10			“你已经知道该怎么做了。”	84102478		['ZX03210BA']
132111	1021	11	孤注一掷	21_11			已确认指挥官授权。认证成功，机体使用权限已完全开启。	84102479		['ZX03211BA', 'ZX03211EA']
132112	1021	12	现实俯瞰	21_12			她于混乱中俯瞰。	84102480		['ZX03212BA']
132113	1021	13	破碎的心脏	21_13			探索“塔”的内部	84102451		['ZX03213BA', 'ZX03213EA']
132114	1021	14	碎片-00-T324	R0_1			属于他的战斗，从结局推向无数次的开始。	84102455		['ZX03213BB', 'ZX03213EB']
132115	1021	15	交错的时空	21_13R			他处在夹缝之中，用力地伸手够向那个仅有的可能性。	84102452		['ZX03213BC', 'ZX03213EC']
132116	1021	16	碎片-02-T1203	R2_1			那是属于她的悔恨、丧失、执念与疯狂。	84102456		['ZX03214BB', 'ZX03214EB']
132117	1021	17	永恒的信标	21_14			那坚定明亮的信标在任何时空中都会照亮他前行的道路。	84102453		['ZX03214EC']
132118	1021	18	碎片-05-T2421	R5_1			遥远梦境一般平和温暖的日常。	84102457		['ZX03215BB', 'ZX03215EB']
132119	1021	19	血缘的意义	21_15			那些从未改变的宝贵之物。	84102454		['ZX03215EC']
132120	1021	20	碎片-08-T3265	R8_1			他们<//自己>所经历的是无止境的轮回。	84102458		['ZX03216BB', 'ZX03216EB']
132121	1021	21	时隙的沙漏	21_16			他跟上了自己的步伐。	84102481		['ZX03216EC']
132122	1021	22	晓光的鼓动	21_17			我们对此的回应，便是继续前进，前进到你们触及不到的地方。	84102482		['ZX03217BA', 'ZX03217EA']
132123	1021	23	时间的尽头	21_18			不是沉溺于无法改变的过去，而是和重要的人并肩迎接未来。	84102483		['ZX03218BA', 'ZX03218EA']
132124	1021	24	指针继续前行	21_19			“我回来了”	84102484		['ZX03219BA']
132201	1022	1	白日梦	22_0			少女仍热衷于白日做梦。	84102503		['ZX03300BA']
132202	1022	2	煎饼磨坊的舞会	22_1			新生演员们粉墨登场。	84102504		['ZX03301BA']
132203	1022	3	绘画艺术	22_2			故事在剧作家的任性下开始了。	84102505		['ZX03302BA']
132204	1022	4	气泵里的鸟实验	22_3			画中倒映出了最不想看到的自我。	84102506		['ZX03303BA']
132205	1022	5	蒙马特大街	22_4			冒险家们开始登陆新世界。	84102507		['ZX03304BA']
132206	1022	6	构图八	22_5				84102508		['ZX03305BA', 'ZX03305EA']
132207	1022	7	冬季雪景	22_6				84102509		['ZX03306BA']
132208	1022	8	雪中猎者	22_7				84102510		['ZX03307EA']
132209	1022	9	白雪鸦飞来了	22_8			他的眼眸中倒映着什么？	84102511		['ZX03308BA']
132210	1022	10	死岛	22_9			他的寻求走向了一片死岛。	84102512		['ZX03309BA']
132211	1022	11	宫娥	22_10				84102513		['ZX03310BA']
132212	1022	12	梦	22_11				84102514		['ZX03311EA']
132213	1022	13	第聂伯河上的月夜	22_12			她所向往的结局并非要以圆满告终。	84102515		['ZX03312BA']
132214	1022	14	夜巡	22_13				84102516		['ZX03313BA']
132215	1022	15	外交官们	22_14			棋手们开始铺列筹码。	84102517		['ZX03314BA']
132216	1022	16	被囚禁的马里尤斯	22_16				84102518		['ZX03316BA']
132217	1022	17	骑士、死神与魔鬼	22_18				84102519		['ZX03318EA']
132218	1022	18	梦魇	22_19				84102520		['ZX03319BA']
132219	1022	19	雾海中的漫游者	22_20				84102521		['ZX03320BA', 'ZX03320EA']
132220	1022	20	现实主义者	22_21				84102522		['ZX03321BA']
132221	1022	21	记忆的永恒	22_22				84102523		['ZX03322EA']
132222	1022	22	世界之光	22_23			他相信他会带来世界之光。	84102524		['ZX03323BA']
132223	1022	23	无言的歌	22_24				84102525		['ZX03324BA', 'ZX03324EA']
132224	1022	24	最后的审判	22_25			现在，故事需要一个最终敌人。	84102526		['ZX03325BA']
132225	1022	25	鸢尾花	22_26				84102527		['ZX03326BA']
132226	1022	26	星虹夜	22_27				84102528		['ZX03327BA', 'ZX03327EA']
132227	1022	27	第一步	22_28			即将分别的她们会迈出各自的第一步。	84102529		['ZX03328BA']
132301	1023	1	她的踪迹	23_1			猩红的人形犹如从深渊归来的恶鬼，正缓缓收纳起出鞘的长刀，朝她投以挑衅的视线。	84102530		['ZX03401BA']
132302	1023	2	暗流与预兆	23_2			虽然这场互惠互利的短暂合作很‘愉快’，但根本目的的冲突是不可调和的，与议会的‘蜜月期’也要结束了吧。	84102531		['ZX03402BA']
132303	1023	3	重聚	23_3			大地与天空隔着六千四百公里的距离，流星的尾焰已经消失在天际，尽管流着不同的血，牢不可分的牵绊仍将她们紧紧相连。	84102532		['ZX03403BA']
132304	1023	4	新的可能	23_4			不会有一成不变的事物，不管是升格者、人类还是机械，现在就连异合生物都产生了意料之外的变化。	84102533		['ZX03404BA']
132305	1023	5	异聚突变	23_5				84102534		['ZX03405BA', 'ZX03405EA']
132306	1023	6	新的筛选	23_6			寻求进化的升格网络，也开始对代行者和升格者进行了新一轮的筛选。	84102535		['ZX03406BA']
132307	1023	7	悲鸣	23_7				84102536		['ZX03407BA', 'ZX03407EA']
132308	1023	8	取舍	23_8			让她以英雄的姿态淡出视野，总之决不能落到黒野手里。	84102537		['ZX03408BA']
132309	1023	9	双赢	23_9				84102538		['ZX03409BA', 'ZX03409EA']
132310	1023	10	交织的因果	23_10			从某种意义上来说她正在变为升格者，所以原本已经稳定的鸦羽机体才会表现出吸收帕弥什的性质。	84102539		['ZX03410BA']
132311	1023	11	她们的觉悟	23_11				84102540		['ZX03411BA', 'ZX03411EA']
132312	1023	12	原点	23_12				84102541		['ZX03412BA', 'ZX03412EA']
132313	1023	13	囹圄	23_13				84102542		['ZX03413BA', 'ZX03413EA']
132314	1023	14	深渊	23_14				84102543		['ZX03414BA', 'ZX03414EA']
132315	1023	15	囚影	23_15			现在，我是你的囚笼了。	84102544		['ZX03415BA']
132316	1023	16	对赌协议	23_16				84102545		['ZX03416BA', 'ZX03416EA']
132317	1023	17	风雪暂歇	23_17			但了解真相也意味着对深渊的窥视，你真的做好准备了吗？	84102546		['ZX03417BA']
132318	1024	1	白与黑之界	24_1			接下来，黑色的拘束器在纯白的机体上圈出一道界限，从这里开始，过去的白色将无法涉足。	84102553		['ZX03601BA']
132319	1024	2	疏林枯叶	24_2			陌生的少女慵懒地靠在树干上，她的声音轻得像是那只濒死的蝴蝶，仿佛此刻如果有一阵风拂过，就会带走她存在的痕迹。	84102554		['ZX03602BA']
132320	1024	3	异志成城	24_3			原本无处可攀的楼梯，因为“同胞”筑成的尸阶而发展出了新的落脚点。	84102555		['ZX03603BA']
132321	1024	4	群族	24_4				84102556		['ZX03604BA']
132322	1024	5	涸辙踪迹	24_5				84102557		['ZX03605BA', 'ZX03605EA']
132323	1024	6	奉献的代价	24_6			因为，活下去——这是镌刻在地球生物基因中的基本欲望。	84102558		['ZX03606BA']
132324	1024	7	心往之息	24_7				84102559		['ZX03607BA']
132325	1024	8	朋森萦纡	24_8				84102560		['ZX03608EA']
132326	1024	9	迷途之影	24_9				84102561		['ZX03609EA']
132327	1024	10	躯壳径庭	24_10			她意识到自己身体和同伴们原来是如此的不一样，以至于从同伴的视角来看，自己仿佛像是一个长满长毛的怪物。	84102562		['ZX03610BA']
132328	1024	11	手	24_11				84102563		['ZX03611BA']
132329	1024	12	黑色叛乱	24_12			灰黑色的羽箭近在眼前，她安静地闭上了眼。	84102564		['ZX03612BA']
132330	1024	13	独行之死	24_13			她不由自主地凝视着“陪伴”了她这些时日的独行者的眼睛，那双尚未合上的金色瞳孔仿佛一团漩涡，要将她的神智吸进去。	84102565		['ZX03613BA']
132331	1024	14	孤犬的边界	24_14				84102566		['ZX03614BA']
132332	1024	15	杀死襁褓	24_15				84102567		['ZX03615BA', 'ZX03615EA']
132333	1024	16	由她定义的自由	24_16			至于其他因素，不过是生长在名为主观自我的沃土上的世界，只要厚土犹在，便可以滋养出突破限制的自由灵魂。	84102568		['ZX03616BA']
132334	1025	1	埋葬的恶魇	25_1			她只能遵循身体的本能，往前拼命奔跑。似乎只有这样，才能逃离身后的噩梦。	84102581		['ZX03801BA', 'ZX03801EA']
132335	1025	2	荒芜秩序	25_2			尽管她在沿途各个保育区都没有追查到关于极光部队的信息，但她坚信，那个充满罪恶的沼泽，一定仍然存在着。	84102582		['ZX03802BA']
132336	1025	3	环环相扣	25_3			黑野，铠甲实验体，大型实验基地……谜团接踵而至，仿佛有一双无形的铁索将这些信息一一串联。	84102583		['ZX03803BA']
132337	1025	4	各得其所	25_4			总有一天，你会死在你坚持的公理和正义中。	84102584		['ZX03804BA', 'ZX03804EA']
132338	1025	5	乌托邦	25_5			假若是在乌托邦中居住过的居民，谁也不会讲出这话。	84102585		['ZX03805BA']
132339	1025	6	无言之痛	25_6			记忆中的美好和曾经从未发现的污浊混杂在一起，凝成无数根锁链，牢牢困缚在她的身上。	84102586		['ZX03806BA', 'ZX03806EA']
132340	1025	7	代价与偿	25_7			美好的秩序和愿景都是有前提的，建立在这一切之上的……当然有另外的规则和秩序。	84102587		['ZX03807BA']
132341	1025	8	绝望中绽放	25_8			我更想她们能够和我一起，行走在这个充满阳光的世界。	84102588		['ZX03808BA']
132342	1025	9	阿尼德罗	25_9			与其说他们想要“更轻松地活着”，不如说他们根本就是想要去寻求一条解脱的路。	84102589		['ZX03809BA', 'ZX03809EA']
132343	1025	10	循着风的方向	25_10			她只知道……外面的天是蓝色的，草是绿色的，大海是广阔的，但她从来没有离开过乌托邦。	84102590		['ZX03810BA']
132344	1025	11	虚无美梦	25_11			跟着极光部队的士兵翻过两座山头，晨光熹微中，一架漆黑的飞船矗立在树林里。	84102591		['ZX03811BA', 'ZX03811EA']
132345	1025	12	自由之箭	25_12			弓在箭要射出之前，低声对箭说道：“你的自由就是我的自由。”	84102592		['ZX03812BA']
132346	1025	13	荒诞灰烬	25_13			一切好像噩梦中碎裂的镜片，所有人的喜怒哀乐都在镜片上崩裂着演出。	84102593		['ZX03813BA', 'ZX03813EA']
132347	1025	14	迟来的公理	25_14			当天平两端的筹码无法被平衡，答案自然也就跃然纸上。	84102594		['ZX03814BA']
132348	1025	15	审判之路	25_15			这是她背负的枷锁，是她背负的血色罪孽。这是属于她们的战斗，是属于她们的——审判之路。	84102595		['ZX03815BA']
132349	1025	16	久别重逢	25_16			尽管还有无数的话语想和他们说，但终端上跳跃的时间却并不会等待久别重逢的灰鸦小队。	84102596		['ZX03816BA', 'ZX03816EA']
132350	1025	17	果壳之王	25_17			你，我，所有的生命……我们终将会在那里再见。	84102597		['ZX03817BA']
132351	1025	18	拥抱死亡	25_18			就算黑暗遮蔽了整片天空，也总会有黎明到来的时刻。	84102598		['ZX03818EA']
132352	1025	19	爝火长明	25_19			虚假的谎言，诞生出真实的审判者，审判者脚踏荆棘，用鲜血审判了创造谎言的虚伪神祇。	84102599		['ZX03819BA']
132353	1025	20	支离剧恸	25_21			就这样结束吧，也许这样就是最好的结局。	84102600		['ZX03820BA']
132354	1026	1	摇篮屠场	26_1			4月1日，命运开了个残酷的玩笑，所有的“光”都从“英雄”的视野中消失了。	84102611		['ZX03901BA']
132355	1026	2	意外之客	26_2			残骸堆中爬出了一个让惑砂完全没有预料到的访客。	84102612		['ZX03902BA']
132356	1026	3	釜底游魂	26_3			修特罗尔像被圈养在釜底的游魂，孤独地徘徊，等待着同类的到来。	84102613		['ZX03903BA']
132357	1026	4	釜底游鱼	26_4			对于升格者们来说，拉弥亚也失踪了。	84102614		['ZX03904BA']
132358	1026	5	搅动“食材”	26_5			四散的“食材”被各自的目的牵引，汇聚在此地。	84102615		['ZX03905BA']
132359	1026	6	若能同在	26_6			在谎言被揭穿之前，哪怕只有片刻也好……让她以虚假的身份，融进这合唱的歌声中吧。	84102616		['ZX03906BA']
132360	1026	7	釜底游行	26_7			被囚禁在釜底的四人终于在此汇聚，他们满腹迥异的心事，踏出了迈向游行抗争的第一步。	84102617		['ZX03907BA']
132361	1026	8	错季玫瑰	26_8			玫瑰死于由爱发酵而成的冤孽，只留下了年幼的花种在仇恨中生长，等待着……向凛冬计划的所有相关者复仇的那一天。	84102619		['ZX03908BA']
132362	1026	9	摸鱼未遂	26_9			只要没人发现，拉弥亚就没有在摸鱼，一切调查都在锐意进行。	84102620		['ZX03909BA']
132363	1026	10	暴雨将至	26_10			很快，我们就会遇到更大的危机，必须要士兵用牺牲换来转机，骑士才能保护着公主逃离这里。	84102621		['ZX03910BA']
132364	1026	11	洪流决堤	26_11			漆黑的影子吞没了光，她踩着影铺成的毯子踱步而来。	84102622		['ZX03911BA']
132365	1026	12	深海窒息	26_12			绝望的洪流将“英雄”拖进了无法喘息的深海，灰鸦小队和摇篮的监护者也分别收到了坏消息。	84102623		['ZX03912BA']
132366	1026	13	游鱼归水	26_13			无尽的绝望中，唯有一人如获新生。	84102624		['ZX03913BA']
132367	1026	14	海的女儿	26_14			她想追上那些忙碌的背影，站在和他们相同的位置，踏进他们舍弃生命也要追寻的星空。	84102625		['ZX03914BA']
132368	1026	15	洪流浮木	26_15			她呢喃着祷告的摇篮曲，在歌曲中呼唤着“神明”，可安抚孩子的，始终都只有母亲而已。	84102626		['ZX03915BA']
132369	1026	16	飘摇野草	26_16			溺水者祈盼着能在洪流中遇到一根浮木救下自己，可这里只有自身难保的野草。	84102627		['ZX03916BA']
132370	1026	17	顺流而下	26_17			她带着卵和武器还有成群结队的异合生物，一步一步向人类走去。	84102628		['ZX03917BA']
132371	1026	18	他的“猫”	26_18			如果这一切都在指向代行者冯·内古特的过去，真相会是新闻所呈现的这么简单吗？	84102630		['ZX03918EA']
132372	1026	19	余额不足	26_19			这个虚假的乌托邦，就要买不起明天了	84102632		['ZX03919BA']
132373	1026	20	面具融合	26_20			我要变成谁才能站在这里，变成谁才能不被围捕，变成谁才能不会暴露？	84102633		['ZX03920BA']
132374	1026	21	履约死亡	26_21			这样就足够了——他骗自己说。	84102635		['ZX03921BA', 'ZX03921EA']
132375	1026	22	最终棋盘	26_22			棋手安静地把自己所剩无几的生命放置在棋盘上，做好了最差的准备，开始下一回合。	84102636		['ZX03922BA']
132376	1026	23	互相道别	26_23			“我们并不属于相同层级。我在往上攀升时经过你的楼层，现在我在下降途中再次经过，但我想我不会再搭这部升降梯。所以，此时此刻就让我们相互道别。”	84102637		['ZX03923BA']
132377	1026	24	尸体游行	26_24			——即使此身已融入赤潮，我们仍将以死问路，以尸体游行。	84102638		['ZX03924BA']
132378	1026	25	寄愿繁星	26_26			她将那封无法寄给繁星的情书，通过歌声，通过泪水，寄给了繁星的倒影。	84102640		['ZX03926BA']
132379	1026	26	“931206”	26_27			数字还是字母？阴谋还是巧合？	84102641		['ZX03927BA']
132380	1027	1	葬礼	27_1			我们不会抛弃任何同胞，我们会坚守每一寸土地，我们会将希望之火传递到每一个需要的人手中。	84102704		['ZX04101BA']
132381	1027	2	黄金时代	27_2			人类的下一个目标，是群星！	84102705		['ZX04102BA']
132382	1027	3	起点	27_3				84102706		['ZX04103BA', 'ZX04103EA']
132383	1027	4	交错	27_4			人类在越过低谷进入全新的星际领域后，必将不断创造新的奇迹。	84102707		['ZX04104BA']
132384	1027	5	爆发前夜	27_5			敬明天。	84102708		['ZX04105BA']
132385	1027	6	真实之心	27_6				84102709		['ZX04106BA', 'ZX04106EA']
132386	1027	7	大转移	27_7			我们将在地月之间建立38万公里的战略纵深，这将成为帕弥什永远无法逾越的天堑。	84102710		['ZX04107BA']
132387	1027	8	格式塔危机I-管道	27_8				84102711		['ZX04108BA', 'ZX04108EA']
132388	1027	9	格式塔危机II-深井	27_9				84102712		['ZX04109BA', 'ZX04109EA']
132389	1027	10	轨道威胁I-飞蛾扑火	27_10			去夺取胜利吧，哪怕只是惨烈的胜利。	84102713		['ZX04110BA']
132390	1027	11	轨道威胁II-无名战士	27_11				84102714		['ZX04111BA', 'ZX04111EA']
132391	1027	12	轨道威胁III-伊甸行动	27_12				84102715		['ZX04112BA', 'ZX04112EA']
132392	1027	13	平庸者之死	27_13			这个时代已经不再需要一位平庸的政客，但我还可以为你们再做点什么。	84102716		['ZX04113BA']
132393	1027	14	动荡	27_14			为了不让军人沦为走狗，为了守护最后的荣耀。	84102717		['ZX04114BA']
132394	1027	15	大撤退	27_15			鹰喙发出最后的长鸣，回归了大地的怀抱。	84102718		['ZX04115BA']
132395	1027	16	遗忘者	27_16			不知不觉间，他们已经不再坚持最初的目标——寻找‘绿洲’。	84102719		['ZX04116BA']
132396	1027	17	致命礼物	27_17			有些事情并不会随着时间的流逝而消散，它只会越积越深，越积越沉，直到……成为不顾一切的执念。	84102720		['ZX04117BA']
132397	1027	18	苏醒	27_18				84102721		['ZX04118BA', 'ZX04118EA']
132398	1027	19	静默前线	27_19			现在……有人把你的根挖走了，你能原谅他们吗？	84102722		['ZX04119BA']
132399	1027	20	折尾	27_20				84102723		['ZX04120BA', 'ZX04120EA']
132400	1027	21	方向	27_21			如果我们都选择了逃避……那又有谁愿意改变它呢？	84102724		['ZX04121BA']
132401	1027	22	在那之后	27_22			你所做的，所积累的一切从来不是白费。	84102725		['ZX04122BA']
132402	1027	23	心念传递	27_24			他的手落了下去，带着未竟的话语，再也抬不起来了。	84102726		['ZX04124BA']
132403	1027	24	营救行动	27_25				84102727		['ZX04125BA']
132404	1027	25	轨道打击	27_26			摧毁他们的成就与历史，他们将真正地不复存在，如灰烬飘荡在虚空。	84102728		['ZX04126BA']
132405	1027	26	黄金回响	27_27			你就是我在这世上，真正打出的那颗子弹	84102729		['ZX04127BA']
132406	1027	27	葬碑于火	27_28				84102730		['ZX04128BA', 'ZX04128EA']
132407	1027	28	重塑脊梁	27_29			我相信，人类一定会再次在鲜花、绿草与蓝天下谈论科学、艺术与未来。	84102731		['ZX04129BA']
132408	1028	1	深井微澜	28_0				84102800		['ZX04200EA']
132409	1028	2	共犯	28_1			执行这项伟大计划的时候，人类的道德还没有堕落到如今这般低下的程度，因为那个时代真正令人怀念的不是秩序、富饶和安宁，而是那种进取的精神。	84102801		['ZX04201BA']
132410	1028	3	九龙的人们	28_2			老马早就已经在北十二道街的何家馆子预定了后天的酒席，专用来庆他八十岁的大寿。	84102802		['ZX04202BA']
132411	1028	4	迫近的危机	28_3				84102803		['ZX04203BA', 'ZX04203EA']
132412	1028	5	抉择	28_4			我们会尽一切办法，在九龙战斗到最后一刻。	84102804		['ZX04204BA']
132413	1028	6	向死之路	28_5				84102805		['ZX04205BA', 'ZX04205EA']
132414	1028	7	再会	28_6			这条宽阔而又看不到尽头的隧道里听不到任何抱怨，听不到任何低吟和哭诉，只有闪烁在每个人眼里的，无尽的怒火。	84102806		['ZX04206BA']
132415	1028	8	两束光芒	28_7				84102807		['ZX04207BA', 'ZX04207EA']
132416	1028	9	入此门者	28_8			很快就会结束了，‘首席’。	84102808		['ZX04208BA']
132417	1028	26	格式塔计划	28_25			和宇宙相比，我们是如此的渺小，脆弱，微不足道。但我们也是如今140亿年宇宙中唯一的成果，打着科学的火把，一点点往前走。	84102809		['ZX04209BA']
132418	1028	27	地狱	28_26			去吧，孩子。行我的旨意。	84102810		['ZX04210BA']
132419	1028	28	魔法与魔法师	28_27			只要给人们能够联合起来的信心，那我们必然能够走向联合。格式塔和科学理事会，就是提振人们信心的最好的强心剂。	84102811		['ZX04211BA']
132420	1028	29	问群星	28_28			我们衷心地希望，人类在群星间迈入下一个时代的时候，每个人都能够自豪地说出，我们以人类文明的名义，为这个时代写下第一个注脚。	84102812		['ZX04212BA']
132421	1028	30	炼狱	28_29			我再次强调，这只是一个故事。	84102813		['ZX04213BA']
132422	1028	31	孩子们	28_30			从人类第一次在山洞中探出头仰望星空到新视野号离开柯伊伯带，这是人类一直以来的梦想。	84102814		['ZX04214BA']
132423	1028	32	天堂	28_31			嘘，“他们”在这儿。	84102815		['ZX04215BA']
132424	1028	33	以撒	28_32			他无权杀死我<public class Gott ist tot>。	84102816		['ZX04216BA']
132425	1028	34	无冕之王	28_33			你现在知道我的故事了？	84102817		['ZX04217BA']
132426	1028	10	弃绝希望	28_9			六小时四十二分后，原联合共同体地表下方的万世铭古都将完全由帕弥什接管，至此，万世铭计划宣告失败。	84102818		['ZX04218BA']
132427	1028	11	宿命	28_10			宿命	84102819		['ZX04219BA', 'ZX04219EA']
132428	1028	12	弑君者	28_11			弑君者	84102820		['ZX04220BA', 'ZX04220EA']
132429	1028	13	铭箴	28_12				84102821		['ZX04221BA', 'ZX04221EA']
132430	1028	14	诔碑	28_13				84102822		['ZX04222BA', 'ZX04222EA']
132431	1028	15	各自的战场	28_14			代表着过去，现在和未来的三个天才般的头脑，在川流不息的数据中开始有条不紊的拨开围绕在华胥身边的迷雾。	84102823		['ZX04223BA']
132432	1028	16	作局者	28_15			曲，编号第5784221930，您已被确认为死亡，故而准许参加万世铭计划。	84102824		['ZX04224BA']
132433	1028	17	清与浊	28_16			而我们在当下做的很多事可能无法被理解，只有在更远的未来才会展现出意义。要向更远处看，曲。	84102825		['ZX04225BA']
132434	1028	18	明与晦	28_17			晚霞的余晖落入他深邃的眸子里，而那余晖，也一并将整个九龙揽入怀中。	84102826		['ZX04226BA']
132435	1028	19	灯火不灭	28_18			“我无法为九龙和这个世界留下一个更美好的明天。对不起。”	84102827		['ZX04227BA']
132436	1028	20	面具	28_19			为了九龙她可以毫不犹豫地撕扯、剪断这些丝线，她既然能做决定，就也承担得起后果。	84102828		['ZX04228BA']
132437	1028	21	展望未来之人	28_20			当然了，曲小姐。既然有了“代价”，那这就是必须要付出的“报偿”。	84102829		['ZX04229BA']
132438	1028	22	地狱与战争	28_21				84102830		['ZX04230BA', 'ZX04230EA']
132439	1028	23	炼狱与复仇	28_22			当它们的轻语在耳畔响起，整个世界<//炼狱>都将为你<//我>展开。	84102831		['ZX04231BA']
132440	1028	24	天堂与星火	28_23				84102832		['ZX04232BA', 'ZX04232EA']
132441	1028	25	复活	28_24			我无法允许自己迈入这样的时代。我也无法允许我的子民迈入这样的时代。	84102833		['ZX04233BA']
132442	1028	35	扣动扳机之人	28_34			我负责。	84102834		['ZX04234BA']
132443	1028	36	不论彼岸	28_35				84102835		['ZX04235BA', 'ZX04235EA']
132444	1028	37	王对王	28_36				84102836		['ZX04236EA']
132445	1028	38	络勾陈	28_37			陪我坐坐吧，“首席”。	84102837		['ZX04237BA']
132446	1029	1	厄潮	29_1			新生文明在枯败的生命中绽放，汇成猩红的对白。	84103001		['ZX04301BA', 'ZX04301EA']
132447	1029	2	黄金遗响	29_2			希望难道不应该存在于未来吗？	84103002		['ZX04302BA']
132448	1029	3	幸存者	29_3			我们有双手，我们有大脑，我们有载具，我们可以自己拯救自己，不需要谁来垂怜。	84103003		['ZX04303BA']
132449	1029	4	问题和答案	29_4			历史中的英雄，真的仍然能拯救现在这个时代吗？	84103004		['ZX04304BA', 'ZX04304EA']
132450	1029	5	单项选择	29_5			这里真是一个非常不错的聚居地，野草茂盛，周围有着丰沛的水资源，地形空旷，看起来很适合开辟新的农田。	84103005		['ZX04305BA']
132451	1029	6	他们三个	29_6			她不再是谁的追随者，谁的替代者，从现在开始，她只需要成为她自己。	84103006		['ZX04306BA']
132452	1029	7	信使计划	29_7			这一切，都好像是在赴一场盛大的宴会，一份无人知晓内容的菜单，正在按照不知是谁的计划，被源源不断地端上台面。	84103007		['ZX04307BA', 'ZX04307EA']
132453	1029	8	白鸽	29_8			他们将会是辉煌的引领者，黄金时代的光芒，将重新照耀在诺曼家族的家徽之上。	84103008		['ZX04308BA']
132454	1029	9	新生废墟	29_9			她把一枚雕刻成简陋方片的木币，轻轻放在了那名被感染的守卫机器人脚下。	84103009		['ZX04309EA']
132455	1029	10	旧时辉煌	29_10			他们目送着那些白色的研究员搭乘白色的载具，像白色的幽灵般，消失在了弥漫着薄雾的地平线后。	84103010		['ZX04310BA']
132456	1029	11	虚实引线	29_11			悬浮在投影中的结构图悄无声息地旋转着，仿佛在嘲笑着什么，又仿佛在悲悯着什么。	84103011		['ZX04311BA', 'ZX04311EA']
132457	1029	12	祈望	29_12			载具轰隆隆地启动，车窗前的两棵栽种在血清管中的绿芽，仍然再努力地向上生长。	84103012		['ZX04312BA']
132458	1029	13	异途无歌	29_13			天光照射进崎岖阴郁的异灾区，那朵热烈的玫瑰终于在阳光下绽放。	84103013		['ZX04313BA', 'ZX04313EA']
132459	1029	14	余烬星火	29_14			哪怕前方是无尽的黑暗，看不到一点光芒，人们也会咬着牙走下去，捧起燃烧的星火，抵御不可预知的未来。	84103014		['ZX04314BA']
132460	1029	15	文明的意志	29_15			也许其中一部分人已经遗忘初心，也许更多的人已经将地球视为历史，但总会有人记得，那是孕育出人类文明的，永远的家园。	84103015		['ZX04315BA', 'ZX04315EA']
132461	1029	16	守望	29_16			人们不应当全权将希望寄托在“传说”之上，即使格式塔被封存，即使多米尼克早已离开这个世界，人类也仍然在摸着石头，艰难地度过时间的河流。	84103016		['ZX04316BA']
132462	1029	17	‘墙’	29_17			他们迫不及待地想要在史书上写下光辉灿烂的一笔，写下“因由这个决议，人类的历史迈入了新的时代，新的篇章”。	84103017		['ZX04317BA']
132463	1029	18	黑匣	29_18			这个时代，需要的是为“明天”付出努力的所有生命。	84103018		['ZX04318BA']
132464	1030	1	终幕	30_1			来不及了。	84103101		['ZX04401BA']
132465	1030	2	噩梦	30_2			幻影缓缓转过身来，伸出双手，向她展示了一个赤色的噩梦，一个通过重筛的正确途径。	84103102		['ZX04402BA']
132466	1030	3	启程	30_3			噩梦般的经历仍自顾自与记忆深深纠缠在一起。	84103103		['ZX04403BA', 'ZX04403EA']
132467	1030	4	撕裂	30_4			帕弥什病毒用最粗暴的方式，从天空之上的花园里，撕下了一片花瓣。	84103104		['ZX04404BA']
132468	1030	5	汇流	30_5			漫长的束缚终于走到了尽头。	84103105		['ZX04405BA']
132469	1030	6	遗诗	30_6			这里早已不见那位英雄的影子，只留下了最后的嘱托。	84103106		['ZX04406BA']
132470	1030	7	寻找柯蕾多尔Ⅰ—先遣队	30_7			你们听过‘农夫和蛇’的故事吗？	84103107		['ZX04407BA']
132471	1030	8	寻找柯蕾多尔Ⅲ—主与客	30_9			各位特意前来，未能按照人类文明的礼节好好招待，还请见谅。	84103109		['ZX04409EA']
132472	1030	9	破局	30_10			我不会再视而不见了。	84103110		['ZX04410BA']
132473	1030	10	碎镜	30_11			她找到了她自己。	84103111		['ZX04411BA', 'ZX04411EA']
132474	1030	11	界外	30_12			有一个人成为了特例。	84103112		['ZX04412BA']
132475	1030	12	叩门	30_13			修改过去的机会就在眼前，如果真的有可能……	84103113		['ZX04413BA', 'ZX04413EA']
132476	1030	13	舍弃	30_14			毕竟……她的故事<//信息>是绝对不会消失的。	84103114		['ZX04414EA']
132477	1030	14	身与影	30_15			你又何尝不是……因为有无法磨灭的留恋，才会恨这个世界吗？！	84103115		['ZX04415BA', 'ZX04415EA']
132478	1030	15	窥见	30_16			无论镜子能映照多么浩瀚的星空，都会受到镜框的限制。	84103116		['ZX04416BA']
132479	1030	16	旧迹	30_17			如果还有下次合作，就轮到我来给你套上枷锁了，我保证。	84103117		['ZX04417BA']
132480	1031	1	噩梦余音	31_1			他们认为这场抗争最差的结局，也不过是有人被安葬在“英雄”的墓中，不能共同迈向劫后重生的世界。用牺牲换来了胜利而已。	84103118		['ZX04801BA']
132481	1031	2	时庭囚鸟	31_2			对那个代行者来说，这里，就是决战之地吗？	84103119		['ZX04802BA']
132482	1031	3	黄金时庭	31_3			它如同云中的琼台玉宇，绚烂宏伟，却又像是一整个辉煌时代的墓碑，空旷且寂寥。	84103120		['ZX04803BA', 'ZX04803EA']
132483	1031	4	灾厄织茧	31_4			承担着不同职责的人们汇聚在这里，一步一步迈向风暴。	84103121		['ZX04804BA']
132484	1031	5	终焉红蝶	31_5			当所有安慰和承诺都变得像个谎言，拥抱与触碰，便成了唯一能安慰彼此的方式。	84103122		['ZX04805BA']
132485	1031	6	沉没之城	31_6			她就是降临在我们那个时代，被多米尼克命名的第一个0号代行者。	84103123		['ZX04806BA']
132486	1031	7	朽木为舟	31_7			所有的解决途径都在崩解，如同在灭世的洪水中坐上了一艘由朽木搭建的方舟。	84103124		['ZX04807BA']
132487	1031	8	以何“成蝶”	31_8			以我。	84103125		['ZX04808BA']
132488	1031	9	记录：降临	31_9			这是另一个未来的0号代行者，与这个世界的柯蕾多尔诞生的记录。	84103126		['ZX04809BA']
132489	1031	10	记录：朽木	31_10			与另一个未来不同，她已经明白了朽木的价值，决定把朽木燃烧的火焰引到她的阻碍身上。	84103127		['ZX04810BA']
132490	1031	11	记录：英雄	31_11			英雄从自身的毁灭中捕获了一种原始的快乐。	84103128		['ZX04811BA', 'ZX04811EA']
132491	1031	12	记录：鳏夫	31_12			唯独那个最渴望牺牲的人活了下来，他从时间链上脱开，成为了一整个时代的鳏夫，为万千无果的理想守丧。	84103129		['ZX04812BA']
132492	1031	13	记录：收割	31_13			……不要死。	84103130		['ZX04813BA']
132493	1031	14	为何“成蝶”	31_14			因我身为朽木，却不甘只是朽烂。	84103131		['ZX04814BA']
132494	1031	15	长梦迷途	31_15			灰鸦小队的指挥官做了一个死去的梦。	84103132		['ZX04815BA']
132495	1031	16	循环死亡	31_16			没什么，和康斯塔雷耶发生的惨剧相似……	84103133		['ZX04816BA']
132496	1031	17	星球孵化	31_17			现在的地球文明对“门”来说，是一种低效的文明，应该被收割回收。	84103134		['ZX04817BA']
132497	1031	18	直到朝阳升起	31_18			就像我曾一遍又一遍呼唤你那样，也请你……呼唤我的名字吧。	84103135		['ZX04818BA']
132498	1031	19	寻找四叶草的阿呆蛙	31_19			四叶草不会带来奇迹，但寻找四叶草的旅途一定会带来奇迹。	84103136		['ZX04819BA']
132499	1031	20	通往星海的运河	31_20			我们还要经历多少这样正确的死，才能用伤口筑成通往星海的运河呢？	84103137		['ZX04820BA']
132500	1031	21	寻找明天	31_21			如果我们注定只有一方能找到明天，我希望是你。	84103138		['ZX04821BA']
132501	1031	22	长夜誓焰	31_22			唯独这件事，我绝不妥协！	84103139		['ZX04822BA']
132502	1031	23	何谓“成蝶”	31_23			你将被裁剪切割……只剩生命。	84103140		['ZX04823BA', 'ZX04823EA']
132503	1031	24	第五号屠宰场	31_24			“听我说：比利·皮尔格林从时间链上脱开了。”	84103141		['ZX04824BA']
132504	1031	25	最后的访谈	31_25			“我觉得，存在于生活中心最恐怖、最吓人或是最悲剧的伪善，就是那个无人敢碰的真相——人类不爱生命。”	84103142		['ZX04825BA']
132505	1031	26	“渡梦桥”	31_26			她找到了他们留下的桥。	84103143		['ZX04826BA']
132506	1031	27	红蝶归乡	31_27			一切消失之前，她再次想起了最初的起点——不是属于0号代行者的起点，而是属于柯蕾多尔的起点。	84103144		['ZX04827BA']
132507	1031	28	自杀流行病患者	31_28			“现在的主要行当，就是为了生活而献身。”	84103145		['ZX04828BA']
132508	1031	29	剪身成蝶	31_29			我们找到了奇迹的种子。	84103146		['ZX04829BA']
132509	1031	30	于晓光中……	31_30			最后，就在这里吧。	84103147		['ZX04830BA']
132510	1032	1	河流盛放鲜花	32_1			她看到那些过往。	84103148		['ZX05000BA']
132511	1032	2	不曾经历的未来	32_2			木门发出老旧的哀鸣，逆着光线，那个熟悉又不太熟悉的构造体出现在自己面前。	84103149		['ZX05001BA']
132512	1032	3	无法回转的终点	32_3			她漠然地坐在雪原的角落，狂风呼啸，异化红潮和雪花缠绕在一起，扭曲的纹路如同被腐蚀的大理石。	84103150		['ZX05002BA', 'ZX05002EA']
132513	1032	4	命运呼啸而来	32_4			暮色滴落血痕，人类和少女看着黄昏坠落，看着惨白月光掠上大地。	84103151		['ZX05003BA']
132514	1032	5	玫瑰在永冬盛放	32_5			是——很重要的东西噢！一定要记得！交给灰鸦指挥官！	84103152		['ZX05004BA']
132515	1032	6	孤城	32_6			她不再回答，剑气破空而来，斩断虚空的赤色阴影。	84103153		['ZX05005BA']
132516	1032	7	末日巡游	32_7			不管接下来究竟会发生什么事情，她都应该先带着这些同胞们避开肉眼可见的危险。	84103154		['ZX05006BA']
132517	1032	8	小星星	32_8			好啦！就让伟大的七实大人！来解决这里的灾难！	84103155		['ZX05007BA', 'ZX05007EA']
132518	1032	9	交织混境	32_9			无数个荒诞的“未来”交织在一起，嘲笑着她的无力。	84103156		['ZX05008BA']
132519	1032	10	“卡俄斯”	32_10			双目空洞，她直视着前方，像失去灵魂的人偶，只能凭借“本能”行动。	84103157		['ZX05009BA', 'ZX05009EA']
132520	1032	11	锚点	32_11			巨大的星舰低低掠过人类曾经居住的城市。	84103158		['ZX05010BA']
132521	1032	12	顺流而行	32_12			随着向北一路前行，空气中的寒意逐渐凝固在星舰的舷窗。	84103159		['ZX05011BA', 'ZX05011EA']
132522	1032	13	向着未知启航	32_13			空中花园要离开地球了，对吗？	84103160		['ZX05012BA']
132523	1032	14	废墟尽头	32_14			——现在的这个世界，是否还指向她曾经看到过的那些未来？	84103161		['ZX05013BA']
132524	1032	15	蛛丝	32_15			透明的蛛丝飘浮在大海中，犹豫一下就会稍纵即逝。	84103162		['ZX05014BA']
132525	1032	16	时间的长河	32_16			熟悉又陌生的声音透过无尽时间与空间，抵达少女的耳边。	84103163		['ZX05015BA']
132526	1032	17	特别出场	32_17			也许在之前，她已经被幻象欺骗过很多次，但不管多少次，她仍然会义无反顾地奔向指挥官。	84103164		['ZX05016BA', 'ZX05016EA']
132527	1032	18	向着更遥远的星空	32_18			接下来，请欣赏爱心社区的欢迎仪式——	84103165		['ZX05017BA']
132528	1032	19	被诅咒的智慧	32_19			赤红之塔终会降临，这片祥和的大地，流淌着黄金和烈酒的时代，也终将被浪潮淹没。	84103166		['ZX05018BA']
132529	1032	20	一切终将汇聚此时	32_20			漫天灿烂流星划过宇宙，繁茂河流无声孳生。	84103167		['ZX05019BA', 'ZX05019EA']
132530	1032	21	时钟正向前行	32_21			冗余的，过量的，积攒的信息层见错出地摞成高耸入云的尖塔。	84103168		['ZX05020BA']
132531	1032	22	轨迹	32_22			一切都按照命运的轨迹朝前运行着，小小的蝴蝶似乎没有掀起更大的波澜。	84103169		['ZX05021BA']
132532	1032	23	出发！	32_23			冲锋！~七实可以付出七实所有的一切——为了指挥官！	84103170		['ZX05022BA']
132533	1032	24	送给未来的礼物	32_24			闪烁着辉光的小星星递交到自己掌心。	84103171		['ZX05023BA']
132534	1032	25	离开之后	32_25			也许……她能够作为引子，点燃整个没有尽头的闭环。	84103172		['ZX05024BA']
132535	1033	1	岁月的歌	33_1			游吟歌者的指尖游走于琴弦，哼唱着平缓的叙事诗。	84103173		['ZX05100BA']
132536	1033	2	无止境的寒冬	33_2			敌人是冻结的岩石，敌人是融化的冰窟。	84103174		['ZX05101BA']
132537	1033	3	沉默于海底	33_3			平原上的褐与白已不见踪影。无云的天空之下，没有什么能抵挡赤色巨浪。	84103175		['ZX05102BA', 'ZX05102EA']
132538	1033	4	摇篮曲	33_4			歌声悠远而悲哀，就像是一场重演过千百遍的仪式一般，喧闹的营地就此安静。	84103176		['ZX05103BA']
132539	1033	5	风雪中	33_5			或许在命运长河的另一条支流里，她本可以享受更加坦然的未来。	84103177		['ZX05104BA']
132540	1033	6	浑浊月色	33_6			寒风吹落树梢的月光，这里已经没有人能听到露娜的声音。	84103178		['ZX05105BA', 'ZX05105EA']
132541	1033	7	丧钟	33_7			他们的故事，就这样迎来终局——像她曾经在升格网络中看到的那样。	84103179		['ZX05131BA']
132542	1033	8	“明天”	33_8			这是最后一批大墓碑聚集地留存的人类，在他们也抵达航天城之后，大墓碑聚集地将真正回归它的本名。	84103180		['ZX05106BA']
132543	1033	9	燃烧	33_9			赶紧放下我，然后滚回航天城。	84103181		['ZX05107BA']
132544	1033	10	伊什梅尔的寓言	33_10			当陈旧的故事被加入新变量，总会发生奇妙的反应，我乐于看见这些微小变化的出现。	84103182		['ZX05108EA']
132547	1033	11	大雪覆盖火光	33_11			跳跃着赤金色焰光的火把倏然点亮这片土地，接力棒一般被高高举起。	84103183		['ZX05109BA']
132548	1033	12	柴薪	33_12			我将以身入局，为人类文明带来新的柴薪。	84103184		['ZX05110BA']
132549	1033	13	另一种选择	33_13			或许，这会是你和这个文明的，另一种选择。	84103185		['ZX05111BA']
132550	1033	14	“高墙”	33_14			时间在此刻停滞，日光凝固在松林树梢，寒风也不再吹拂。是筑起高墙，还是进入更危险的前方？	84103186		['ZX05112BA']
132551	1033	15	星火燎原	33_15			那么……祝你一路顺风，灰鸦……	84103187		['ZX05113BA']
132552	1033	16	界限阶梯	33_16			她始终注视着这里。	84103188		['ZX05113EA']
132553	1033	17	螺旋之塔	33_17			无论是要成为观测者也好，或是要永远守在异聚塔中，等待沙漏流空也好，至少现在……休息一下吧。	84103189		['ZX05114BA']
132554	1033	18	“守墓人”	33_18			人类文明已经被帕弥什标记，无论是选择和我同行，亦或是返回海底，都不会比现状更加糟糕。	84103190		['ZX05115BA']
132555	1033	19	以死问路	33_19			——我们仍将以死问路，尸体游行	84103191		['ZX05116BA']
132556	1033	20	向死而生	33_20			人们以死问路，但总是企望着得以延续的生命，和身后的明天	84103192		['ZX05117BA']
132557	1033	21	再次“诞生”	33_21			她的完整度要超过我的想象，也许有些不一样的变故发生过。	84103193		['ZX05118BA']
132558	1033	22	孤影回廊	33_22			来吧，于镜前抬起头，告诉我——告诉我，灰鸦小队的指挥官，你到底是谁？	84103194		['ZX05119BA', 'ZX05119EA']
132559	1033	23	重现死亡	33_23			饶有兴趣地观察着仿佛蝴蝶标本般的代行者，柯蕾多尔突然对一切都失去了兴趣。	84103195		['ZX05120BA']
132560	1033	24	万物俯瞰	33_24			异聚塔堆积无数光年的“信息”源源不绝地被吸收进意识海，文明化作悲歌，哀戚地吟唱着最后的葬礼。	84103196		['ZX05121BA']
132561	1033	25	四翼白鸦	33_25			恢弘弧线组成形态各异的“建筑”，巨大四翼白鸦翱翔在城市中央。	84103197		['ZX05122BA', 'ZX05122EA']
132562	1033	26	时间中的热寂	33_26			热寂只是一个假说，它只存在于虚构中，是一种遥不可及的灾难，并不会真正的到来。	84103198		['ZX05123BA']
132563	1033	27	惩戒者	33_27			“惩戒者”，就是属于四翼白鸦的“0号代行者”。	84103199		['ZX05124BA']
132564	1033	28	双重螺旋	33_28			指挥官也在努力，七实也在努力了！这样下去——我们一定可以有最终胜利的那一天！	84103200		['ZX05125BA']
132565	1033	29	“湮灭”	33_29			混浊的意识海中，微弱的意志仿佛星火般缓缓燃烧——	84103201		['ZX05126BA']
132566	1033	30	齿轮	33_30			或许，这也需要她付出很大的代价，但这样的文明，值得拥有能够期许的未来。	84103202		['ZX05127BA', 'ZX05127EA']
132567	1033	31	来自星辰的礼物	33_31			携带着信息的逆行流星将划过向前翻动的书页，向着目的地疾驰而去。	84103203		['ZX05128BA']
132568	1033	32	破晓愿景	33_32			那么这一次……人类又将会做出怎样的选择？	84103204		['ZX05129BA']
132569	1033	33	露西亚	33_33			没关系，我们之后……我们之后还有很长很长的时间。	84103205		['ZX05130BA']
132570	1034	1	妄念	34_1			折磨我们的往往是虚妄，而不是真实。但某些时刻，二者兼而有之。	84103211		['ZX05301BA']
132571	1034	2	剧场行动	34_2			遗忘修饰生活，使其趋于完满美好，尽管那不一定是我们想要的。	84103212		['ZX05302BA', 'ZX05302EA']
132572	1034	3	直陈	34_3			用冷静去求证错谬，用理智剥解不谐。	84103213		['ZX05303BA']
132573	1034	4	主角	34_4			人生的绝大部分困难，都在于如何说服自己接受当下的荒诞。	84103214		['ZX05304BA']
132574	1034	5	无面	34_5			摩肩擦踵的人流会以世界为画布，为我勾勒你的眉眼。	84103215		['ZX05305BA']
132575	1034	6	窃时的人偶	34_6			初次见面，就是此刻被允许表达的所有了。	84103216		['ZX05306BA', 'ZX05306EA']
132576	1034	7	了解	34_7			一个人的模样，究竟源于自己的记忆，还是他人的认知。	84103217		['ZX05307BA']
132577	1034	8	搭档	34_8			一次轻描淡写的行动。	84103218		['ZX05308BA']
132578	1034	9	推理	34_9			从结果倒指因由。	84103219		['ZX05309BA']
132579	1034	10	启程	34_10			一切美好都才刚刚盛开，所有的浪漫都还来得及一步步发生。	84103220		['ZX05310BA']
132580	1034	11	余晖	34_11			即将发生什么前的短暂光阴，总是最动人。	84103221		['ZX05311BA']
132581	1034	12	中点	34_12			是中点，也是落幕。	84103222		['ZX05312BA', 'ZX05312EA']
132582	1034	13	返身	34_13			遗憾，连着胜利的喜悦一同扑空。	84103223		['ZX05313BA']
132583	1034	14	倒叙	34_14			没人喜欢这种写法，可作者不希望它被公之于众。	84103224		['ZX05314BA']
132584	1034	15	回响	34_15			我听见了……来自过去的声音。	84103225		['ZX05315BA']
132585	1034	16	明晰	34_16			自一角不停后退，直至真正看清，面前画卷的真容。	84103226		['ZX05316BA']
132586	1034	17	归乡	34_17			与她同奏，另一首落幕的曲乐。	84103227		['ZX05317BA', 'ZX05317EA']
132587	1034	18	作序	34_18			往后，就是纯粹干净的路途了。	84103228		['ZX05318BA']
132588	1035	1	独白	35_1			她行走在一片荒芜中。	84103229		['ZX05701EA']
132589	1035	2	海洋博物馆	35_2			赤色红潮漫过视界，剪影旧得像老相机褪下的胶卷，在回忆里沉浮，明晃不定。	84103230		['ZX05702BA']
132590	1035	3	往返回环	35_3			这里是清理部队队长，比安卡，带领第三支救援小队进入海洋馆，现在进行第四次任务情报存储。	84103231		['ZX05703BA']
132591	1035	4	既视感	35_4			铅云缝隙溢散出猩红色的光，苍白的少女无声无息地出现在视线的边缘。	84103232		['ZX05704BA']
132592	1035	5	泥泞	35_5			呢喃着无法辨认出的絮语，他们欢唱着无法听懂的歌。	84103233		['ZX05705BA']
132593	1035	6	新生和未来	35_6			比安卡出现了严重意识偏移的情况。	84103234		['ZX05706BA']
132594	1035	7	怪物，怪物	35_7			紫发升格者如同幽魂般游荡在这处他们制造的墓场。	84103235		['ZX05707BA']
132595	1035	8	绝处红潮	35_8			红潮是新生和彼岸，神当创造天堂，神当使人在红潮中得以永生……	84103236		['ZX05708BA']
132596	1035	9	人类	35_9			M——Mannaz——人类——你非常重要。	84103237		['ZX05709BA']
132597	1035	10	变动的故事	35_10			这样的“变动”下，故事的“结局”……还会是“影子”中看到的那样吗？	84103238		['ZX05710BA']
132598	1035	11	月台	35_11			她在风雪中的教堂里，看到了虔诚祈祷的自己。	84103239		['ZX05711BA', 'ZX05711EA']
132599	1035	12	杀死千子	35_12			记住，不要相信冯·内古特的话，杀死千子，带走异聚碎片。	84103240		['ZX05712BA']
132600	1035	13	眼泪	35_13			你不想摆脱这无尽的悲伤吗，只要……	84103241		['ZX05713BA']
132601	1035	14	坠落	35_14			他会把所有失控的种子一同淹没在这座即将坠落的海洋馆。	84103242		['ZX05714BA', 'ZX05714EA']
132602	1035	15	她的告别	35_15			蓝发的“怪物”吸收着这个祭坛，这片海域的红潮，身形逐渐庞大到扭曲。	84103243		['ZX05715BA', 'ZX05715EA']
132603	1035	16	异聚碎片	35_16			“答案”就藏在指挥官才知道的秘密里！	84103244		['ZX05716BA']
132604	1035	17	新未来	35_17			前面还有一段路程，我们出发吧，指挥官阁下。	84103245		['ZX05717BA']
132605	1035	18	定制的电影	35_18			今天也是平平无奇的一天。	84103246		['ZX05718EX']
132606	1035	19	虚妄循环	35_19			她只能像一片枯叶，被世界的宏大叙事裹挟着往前竞争奔流。	84103247		['ZX05719EX']
132607	1035	20	比安卡的故事	35_20			不是悲剧，也不是喜剧，是只属于你的……只属于“比安卡”的故事。	84103248		['ZX05720EX']
132608	1035	21	“信仰”	35_21			当无力去改变的时候，就只能寄托于信仰。	84103249		['ZX05721EX']
132609	1035	22	“试炼”	35_22			那是一个“新生”的世界，不会有无止境的逃亡，不会有感染体和怪物，更不会有死亡。	84103250		['ZX05722EX']
132610	1036	1	因与果	36_1			宇宙的规则，没有生命可以将其改写……但，如果是你的话……	84103251		['ZX05801BA']
132611	1036	2	失落之塔	36_2			猩红的螺旋高塔直刺云霄——但它并未如约到来。	84103252		['ZX05802BA']
132612	1036	3	“他们”	36_3			他好像接收到了无数的信息，但又好像什么都没有看到。	84103253		['ZX05803EA']
132613	1036	4	新生的城	36_4			像是从完全不属于这个时空拼接了一块影子，一座宏伟的城市剪影随着无人机的升空，缓慢出现在视野尽头。	84103254		['ZX05804BA']
132614	1036	5	挣脱束缚	36_5			银白少女被禁锢在赤红晶簇中，安眠如同等待献祭的羔羊。	84103255		['ZX05805BA']
132615	1036	6	海倒悬于天	36_6			被众人所遗失的英雄、人类、灰鸦指挥官，在这方狭窄的梦境中经历着海底发生的一切。	84103256		['ZX05806BA']
132616	1036	7	狂潮	36_7			面前的一切像是重复发生过一般再次上演，浮现在眼前的文字一点点出现，又一点点消散，只留下回荡在脑海中的轻语。	84103257		['ZX05807BA']
132617	1036	8	万世铭	36_8			九龙之主重回她的王座。	84103258		['ZX05808BA', 'ZX05808EA']
132618	1036	9	数据空间的幽灵	36_9			……你是“时间旅者”吗？是你改变了这一切吗？	84103259		['ZX05809BA']
132619	1036	10	黑星	36_10			无论坠落过多少次，世界上都只有这一个月亮。	84103260		['ZX05810BA', 'ZX05810EA']
132620	1036	11	荒谬猜想	36_11			假如真的有人能够做到这样的事情，那或许，只有眼前这个创造了太多奇迹的人类才能抵达那样的彼岸。	84103261		['ZX05811BA']
132621	1036	12	无尽白雾	36_12			无尽的白雾弥漫在露西亚的视野中。	84103262		['ZX05812BA']
132622	1036	13	注定的结局	36_13			我会等待着看，到这个世界再次陷入永恒困境，走向相同毁灭的那一天。	84103263		['ZX05813BA', 'ZX05813EA']
132623	1036	14	新的果实	36_14			也许曾经确实苦涩到想要咀嚼命运的脊梁，咆哮世界的不公，但……无论如何，都已经过去了。	84103264		['ZX05814BA']
132624	1037	1	无形无声之物	37_1			“爱”是无形无声之物。	84103265		['ZX06101BA']
132625	1037	2	不能知晓的历史	37_2			我也给不了你这个权力，阿西莫夫。	84103266		['ZX06102BA']
132626	1037	3	另一处起点	37_3			他们说，那个矿洞里面……有“意识海”“进化”的信息。假如能带出去……	84103267		['ZX06103BA']
132627	1037	4	暮色	37_4			矿区的山大多高耸无树，沉沉山脉投下扭曲黑影。	84103268		['ZX06104BA', 'ZX06104EA']
132628	1037	5	368保育区	37_5			她并没有隐藏她的双手——那些不属于人类的机械构造，一个个零件和齿轮精密地组合成了她的肢体。	84103269		['ZX06105BA']
132629	1037	6	结网之蛛	37_6			一只机械蜘蛛攀爬在角落，挥舞着八条细细的脚，簌簌织造着它的网格。	84103270		['ZX06106BA']
132630	1037	7	仿徨	37_7			阳光下的阴影中，太多同样的事情正在发生。	84103271		['ZX06107BA']
132631	1037	8	山峦间	37_8			岩壁上的矿晶散出肉眼不可见的粼粼光晕，异合生物……或是别的什么生物，隐藏在巢穴深处，窸窸窣窣地蠕动着。	84103272		['ZX06108BA']
132632	1037	9	恍惚厄寐	37_9			岩洞中，雷鸣似的沉闷声音隆隆作响。	84103273		['ZX06109BA']
132633	1037	10	雾霭沉沉	37_10			眺向保育区远处，雾霭沉沉，笼罩于重叠山峰之间，模糊了天与地的边界。	84103274		['ZX06110BA']
132634	1037	11	被黑暗笼罩	37_11			我会把一切的，能给到她的，全都给到她，只要她想要，只要我能取到。	84103275		['ZX06111BA']
132635	1037	12	丽芙的选择	37_12			“如果你知道自己的未来布满了荆棘……还会选择走向未来吗？”	84103276		['ZX06112BA', 'ZX06112EA']
132636	1037	13	视觉干扰	37_13			周围的一切像是陈腐的墙纸一般不断剥落，各种场景仿佛黄金时代电影中的布景板，反复在两人周围构建。	84103277		['ZX06113BA']
132637	1037	14	“幻觉”	37_14			她们形如鬼魅，轻盈缥缈，裙摆在黑暗中涟漪般漾开，点燃着荧荧磷火。	84103278		['ZX06114BA']
132638	1037	15	一天	37_15			我不会为你哀悼，因为这只是短暂的分别。	84103279		['ZX06115BA']
132639	1037	16	家人	37_16			世界起始于一声悠长叹息。	84103280		['ZX06116BA']
132640	1037	17	凝固的时间	37_17			她握住人类的双手，覆在自己的面颊上，落下轻轻一吻。	84103281		['ZX06117BA']
132641	1037	18	漫长梦境	37_18			视野陡然上升，这场过于漫长的“梦境”并没有因自己的“昏迷”而结束。	84103282		['ZX06118BA']
132642	1037	19	收网	37_19			拨云散日，那枚种子逐渐发芽。	84103283		['ZX06119BA']
132643	1037	20	梦醒时刻	37_20			爱意凝结成茧，将人类包裹在中央。她怀抱着她的整个世界。	84103284		['ZX06120BA']
132644	1037	21	实验室	37_21			安静地坐在桌子后面的“编号III-0007-心理医生III代”，在无人启动的前提下，缓缓睁开了双眼。	84103285		['ZX06121EA']
132645	1037	22	不要回头	37_22			她再一次亲手把自己的孩子推向了无法预知的未来。	84103286		['ZX06122EA']
132646	1037	23	以爱作茧	37_23			她织出一张巨大又缜密的网，将孩子包裹在里面……也将自己包裹在了里面。	84103287		['ZX06123BA', 'ZX06123EA']
132647	1037	24	“诞生”	37_24			她为什么想要丽芙的意识海？她究竟是……因为什么而诞生？	84103288		['ZX06124BA']
132648	1037	25	生命之树	37_25			他仍然记得那个阴暗潮湿的黄金时代。	84103289		['ZX06125BA']
132649	1038	1	黑客斗士的命运	38_1			殷红的循环液浸染粉色发丝，名为克里斯蒂娜的少女静静躺在地上。	84103290		['ZX06201EA']
132650	1038	2	调查	38_2			对了，这些雪怪其实是长得和螃蟹一样的真菌。	84103291		['ZX06202BA', 'ZX06202EA']
132651	1038	3	花束	38_3			你在看什么……	84103292		['ZX06203BA']
132652	1038	4	构造体会梦见电子麻雀吗？	38_4			你是否经常觉得自己身处一片黑暗之中？触摸。	84103293		['ZX06204BA']
132653	1038	5	被毁损的……	38_5			是的，真相一直与你一纸之隔。	84103294		['ZX06205BA']
132654	1038	6	BWV 478	38_6			每一个——即使是健全的——社会人都有不同程度的心理疾病。	84103295		['ZX06206BA']
132655	1038	7	杀死一只麻雀	38_7			哦，原来是发生在此处的讥笑。	84103296		['ZX06207BA', 'ZX06207EA']
132656	1038	8	夜谈	38_8			我只想守护伊利希恩，这座城市。	84103297		['ZX06208BA']
132657	1038	9	本相	38_9			“不要相信你的记忆。”	84103298		['ZX06209BA', 'ZX06209EA']
132658	1038	10	前奏	38_10			他们是谁。	84103299		['ZX06210BA']
132659	1038	11	夜与玫瑰	38_11			那漫天飞舞的碎片中，千朵玫瑰在闪耀。	84103300		['ZX06211BA', 'ZX06211EA']
132660	1038	12	极乐世界	38_12			你这次的任务目标是，尽可能的寻找未搭载人工智能的量子超级计算机。	84103301		['ZX06212BA']
132661	1038	13	真实	38_13			清理部队执行任务，反叛者，束手就擒！	84103302		['ZX06213BA']
132662	1038	14	神经漫游	38_14			《侵入式脑机延展应用猜想》。	84103303		['ZX06214BA']
132663	1038	15	堂吉诃德	38_15			你将会成为罪人，而我是喝彩的弄臣。	84103304		['ZX06215BA']
132664	1038	16	再生	38_16			我是绿眼的妖魔，我是第六罪，我是约翰·杜，我是——嫉妒。	84103305		['ZX06216BA']
132665	1038	17	天堂篇·其三	38_17			唤我以汝身！	84103306		['ZX06217BA']
132666	1038	18	变数	38_18			告诉我，如今的你已经抵达座上，还是说仅仅只是伪造的程度？	84103307		['ZX06218EA']
132667	1038	19	引力	38_19			空中花园预计三小时二十七分后将到达地球引力捕获临界点。	84103308		['ZX06219BA']
132668	1038	20	坠落	38_20			然后，她感受到了温暖的日光。	84103309		['ZX06220BA']
132669	1038	21	新世界	38_21			新的篇章开始了。	84103310		['ZX06221BA']
132670	1039	1	初阵	39_1			准备好就加入战场吧。	84103311		['ZX06301BA', 'ZX06301EA']
132671	1039	2	老战友	39_2			虽然有些变动，但还是一样的人们，来交流情报吧。	84103312		['ZX06302BA']
132672	1039	3	准备统合！	39_3			统合就是这极地的答案。	84103313		['ZX06303BA']
132673	1039	4	苏菲亚（1）	39_4			现在，来看看后方吧。	84103314		['ZX06304BA']
132674	1039	5	正式开战	39_5			“双话事人。”	84103315		['ZX06305BA']
132675	1039	6	各自的战斗	39_6			每个人都为了赢得战争而动了起来。	84103316		['ZX06306BA']
132676	1039	7	冰心三公	39_7			罗塞塔对杜洛娃，寒羊对剩下的两位。	84103317		['ZX06307BA']
132677	1039	8	报告成果	39_8			来看看战场的状况吧。	84103318		['ZX06308BA']
132678	1039	9	苏菲亚（2）	39_9			要投降，还是反抗？	84103319		['ZX06309BA']
132679	1039	10	战争的原因	39_10			“我看见了它完整的样子。”	84103320		['ZX06310BA']
132680	1039	11	在下一战之前	39_11			与罗塞塔一起做好整备吧。	84103321		['ZX06311BA']
132681	1039	12	羊人对螳螂	39_12			都是构造体了，身体多扭几下也不是问题吧。	84103322		['ZX06312BA']
132682	1039	13	创造性思考	39_13			在机体中放入多个意识海。	84103323		['ZX06313BA']
132683	1039	14	苏菲亚（3）	39_14			不是苏菲亚，不是北极航线联合，而是活在这里的人。	84103324		['ZX06314BA']
132684	1039	15	混乱与混沌	39_15			你忘记了这里是谁的主场。	84103325		['ZX06315BA']
132685	1039	16	最终统合机	39_16			极光所照耀到的，都是统合的领域。	84103326		['ZX06316BA']
132686	1039	17	正面决战	39_17			眼下的办法，就是全力作战。	84103327		['ZX06317BA']
132687	1039	18	捉住幸运	39_18			“我做好捉住幸运的准备了。”	84103328		['ZX06318BA']
132688	1039	19	马尔库特	39_19			开始统合！	84103329		['ZX06319BA']
132689	1039	20	一骑当千	39_20			以这无双的姿态！	84103330		['ZX06320BA', 'ZX06320EA']
132690	1039	21	雪地上的人们	39_21			又得重新来过，但也不坏。	84103331		['ZX06321BA']
132691	1039	22	最后的统合	39_22			“看看谁的统合，能成为这片极地，成为世界的未来！”	84103332		['ZX06322BA', 'ZX06322EA']
132692	1039	23	在黎明之中	39_23			结束了吗？	84103333		['ZX06323BA']
132693	1040	1	真相的重量	40_1			然而，很多年以后，当涅缇娅走入世界政府档案馆，重新检阅这一天所发生的一切时……	84103334		['ZX06401BA']
132694	1040	2	安全总监	40_2			阿西莫夫耸耸肩，拨通了那串号码。	84103335		['ZX06402BA']
132695	1040	3	灰鸦指挥官	40_3			只要天平稍稍倾斜，你们便觉得自己就是那压倒胜利的砝码——这就是反击时代灌输给你们傲慢与错觉。	84103336		['ZX06403BA']
132696	1040	4	姑娘们	40_4			在广阔之地磨砺自己，年轻的一代！	84103337		['ZX06404BA']
132697	1040	5	教室决斗	40_5			我把教科书翻了一遍，就都记下来了。	84103338		['ZX06405BA']
132698	1040	6	沉默的距离	40_6			涅缇娅趔趄着，右肩靠到了自己的身上。	84103339		['ZX06406BA']
132699	1040	7	暴风雨的儿女们	40_7			能够决定一个人的价值的，从不在于你能做到什么，而是为了你所认为正确的事业，你能愿意舍弃些什么。	84103340		['ZX06407BA']
132700	1040	8	卡赫季保卫战	40_8			战争与和平，还有属于她们的，小小的生日。	84103341		['ZX06408BA']
132701	1040	9	河岸上的摩西	40_9			我隶属于遗忘者，我的家不在这里……至少现在不在这里，教官。	84103342		['ZX06409BA']
132702	1040	10	漫长的冬季	40_10			我们的故事不会在这里结束。	84103343		['ZX06410BA', 'ZX06410EA']
132703	1040	11	营救行动	40_11			两个女孩朝着不同的方向，同时迈出了步伐。	84103344		['ZX06411BA']
132704	1040	12	今日无事	40_12			只要记着回头看，我们总会迎来重逢的瞬间。	84103345		['ZX06412BA']
132705	1040	13	无主的信笺	40_13			阿迪莱大爆炸、金橡树、升格者、玛格丽特……我们或许离真相只有一步之遥了。	84103346		['ZX06413BA']
132706	1040	14	英雄即人民	40_14			活下去，为了更美好的明天。	84103347		['ZX06414BA']
132707	1040	15	再见，卡赫季	40_15			由我们一起，撬动这颗陈朽的星球。	84103348		['ZX06415BA']
132708	1040	16	与死亡赛跑	40_16			我做了一个决定，也许它是错误的……我不知道，但我一直在偿还它的代价。	84103349		['ZX06416BA']
132709	1040	17	希伯仑行动	40_17			涅缇娅仰起脸，沉默注视着这座承载了太多欢歌与苦难的丰碑。	84103350		['ZX06417BA', 'ZX06417EA']
132710	1040	18	金橡树	40_18			只凭你一个人，真的能折断这棵巨木吗？	84103351		['ZX06418BA']
132711	1040	19	同志们	40_19			现在，他们要出发了——去夺还他们的家人，去夺还他们惨烈的胜利。	84103352		['ZX06419BA']
132712	1040	20	最后一颗子弹	40_20			即使夜晚再苦痛漫长，也仍有火光决意撞向黑暗，将奇迹点亮。	84103353		['ZX06420BA']
132713	1040	21	夙愿的回响	40_21			无数的希望开辟出道路，引领着她一往无前。	84103354		['ZX06421BA', 'ZX06421EA']
132714	1040	22	大师与玛格丽特	40_22			如果这里暗无天日，那就让我成为第一束光。	84103355		['ZX06422BA']
132715	1040	23	更美好的明天	40_23			太阳升起后，一定会是更美好的明天。	84103356		['ZX06423BA']
200101	2001	1	拼凑记忆	1_1			先从收集喷涂机械的记忆芯片开始……对吗？	84200101		['YC00101BA']
200102	2001	2	你好世界	1_2			这个世界……为什么会变成这样……	84200102		['YC00102BA']
200106	2001	3	创作初心	1_6			这样……他就能够……理解我……了吧……	84200106		['YC00106BA']
200201	2002	1	潜入意识海	2_1			丽芙将自己与提法残破不堪的躯体连接了起来——	84200201		['YC00201BA']
200202	2002	2	黑暗死斗	2_2			我……我的样子……	84200202		['YC00202BA']
200203	2002	3	新的杰作	2_3			提法神情迷醉地盯着手中的机械头颅……呵，真是杰作……	84200203		['YC00203EA']
200206	2002	4	崩塌大桥	2_6			提法没有再理会神威，在大桥即将倒塌之前离开了。	84200206		['YC00206BA', 'YC00206EA']
200301	2003	1	到站了	3_1			嗯，终于到站了。	84200301		['YC00301BA']
200302	2003	2	复古品味	3_2			那我就失礼了。	84200302		['YC00302BA']
200303	2003	3	乐在其中	3_3			但我看你非常乐在其中的样子。	84200303		['YC00303BA']
200304	2003	4	笑面恶魔	3_4			升格者的痕迹，一直延伸到了这里！	84200304		['YC00304BA']
200306	2003	5	驯服	3_6			说不定你还有被利用的价值。	84200306		['YC00306BA']
200401	2004	1	查克启动	4_1			可以的话，复原查克的图像记忆……	84200401		['YC00401BA']
200402	2004	2	无情	4_2			查克你觉得是兔子比较有道理，还是驴子比较有道理？	84200402		['YC00402BA']
200403	2004	3	她	4_3			等等……大小姐的信号出现在庭院中央。	84200403		['YC00403BA']
200404	2004	4	保护	4_4			敌人……很强……查克……更强……	84200404		['YC00404BA']
200405	2004	5	艾玛	4_5			他们不和我们一起走吗？	84200405		['YC00405BA']
200406	2004	6	告别	4_6			最后一架飞机从后花园起飞。	84200406		['YC00406BA']
200501	2005	1	目的地	5_1			这里是旧时代的意识海试验场，我们需要到达这座建组的核心位置。	84200501		['YC00501BA']
200502	2005	2	循迹	5_2			渡边此时才向丽芙说明自己的目的。遗忘者需要丽芙的力量，为他们做一件事。	84200502		['YC00502BA']
200503	2005	3	歧路	5_3			现在还差一些就可以…	84200503		['YC00503BA']
200504	2005	4	缠斗	5_4			丽芙，坚持住！我们……在想办法……	84200504		['YC00504BA']
200505	2005	5	迷失	5_5			只有让她自己找到回到意识海的路。	84200505		['YC00505BA']
200506	2005	6	鲸吞	5_6			丽芙小姐的伪意识体又重新聚合成型，并且正在关闭意识海入口……！	84200506		['YC00506BA', 'YC00506EA']
200601	2006	1	修女	6_1			毕竟机械的信仰不会动摇，比起普通的神职人员信仰也更加坚定，更加虔诚。	84200601		['YC00601BA']
200602	2006	2	孩子	6_2			但你见过有这么多白白胖胖的孩子的队伍吗？	84200602		['YC00602BA']
200603	2006	3	凌迟	6_3			啧，可恶的臭老太婆……	84200603		['YC00603BA']
200604	2006	4	刀锋	6_4			一对刀锋翅膀从她的背后展开，随即纵身一跃，跳入了感染体构成的深渊之中。	84200604		['YC00604BA']
200605	2006	5	激流而上	6_5			反正也回不去了，这股力量，就玩玩看吧。	84200605		['YC00605BA']
200606	2006	6	终末	6_6			作为机械的一生，侍奉神和人类的一生，我过的算是有意义吗？	84200606		['YC00606BA']
200701	2007	1	复现	7_1			在遗迹时拷贝下来的六八亲的记忆数据，现在将使它通过模拟演算，以数字影像的形式复现。	84200701		['YC00701BA']
200702	2007	2	坚守	7_2			在数字影像中，六八亲与升格势力发生了对峙。	84200702		['YC00702BA', 'YC00702EA']
200703	2007	3	同类	7_3			在逃离途中，六八亲感应到他的“同类”。	84200703		['YC00703BA', 'YC00703EA']
200704	2007	4	朋友	7_4			就是朋友，现在六八亲跟七实已经是好朋友了！	84200704		['YC00704BA']
200705	2007	5	寻宝	7_5			看来六八亲的觉醒，确实与神秘的壁画有关。	84200705		['YC00705BA']
200706	2007	6	空想	7_6			结果到最后，还是没有发现跟“壁画”相关的信息……	84200706		['YC00706BA']
200801	2008	1	记录报告	8_1			库洛姆也真是的，明知道我不擅长这个。	84200801		['YC00801BA']
200802	2008	2	记忆回朔	8_2			我继续沿着遗迹往深层迸发。	84200802		['YC00802BA']
200803	2008	3	暗逐猩红	8_3			卡穆说过，那些家伙就是奔着我来的。	84200803		['YC00803BA']
200804	2008	4	不休	8_4			你们能想到吗，这样的遗迹，深深的地底，居然还藏着另外一片，更为广阔的空间！	84200804		['YC00804BA']
200805	2008	5	二重存在	8_5			就差最后的那一小步了。	84200805		['YC00805BA']
200806	2008	6	归一	8_6			晚安，另一个我。	84200806		['YC00806BA', 'YC00806EA']
200901	2009	1	应答信号	9_1			艾拉深吸一口气后，屏息凝神，集中起注意力，接收感受赛琳娜可能所发出的任何信号。	84200901		['YC00901BA']
200902	2009	2	伸出援手	9_2			这里就是曾经让赛琳娜经历失败的地方。	84200902		['YC00902BA']
200903	2009	3	再次失去	9_3			原本如亡者一般的残骸，不知是否是因为感觉到了艾拉的存在，突然抽搐了一下。	84200903		['YC00903BA', 'YC00903EA']
201001	2010	1	威胁	10_1			注意戒备，有感染体从外部涌进来了！	84201001		['YC01001BA']
201002	2010	2	蜘蛛	10_2			探测到异变反应……与某种节肢动物的卵鞘孵化过程很相似。	84201002		['YC01002BA']
201003	2010	3	阻碍	10_3			前去车顶支援常羽的一行人被越来越多的轨道异合体拦住了去路，危难当头，苏菲亚决定和灰鸦小队分头行动。	84201003		['YC01003BA']
201004	2010	4	返程	10_4			你就，稍微休整。	84201004		['YC01004BA']
201005	2010	5	偏离	10_5			常羽的伤势有些严重，苏菲亚必须对他进行紧急修复。	84201005		['YC01005BA']
201006	2010	6	决策	10_6			倒下的机械设备，正好作为外部机械臂的零件补充。	84201006		['YC01006BA', 'YC01006EA']
201101	2011	1	入市	11_1			“不用紧张，我是尼科拉长官的代理人。”	84201101		['YC01101BA', 'YC01101EA']
201102	2011	2	乔装	11_2			总之你先别动，首先是把裙子的部分从头套下来。	84201102		['YC01102BA', 'YC01102EA']
201103	2011	3	迷离	11_3			即便被困在这里，也还会如此热烈的参加活动，到底是被控制了，还是被梦境所荼毒了呢……	84201103		['YC01103BA']
201104	2011	4	扑朔	11_4			两个相似但完全不同的灵魂坐在一起，他们背对而坐，他们所看不同。	84201104		['YC01104EA']
201105	2011	5	游丝	11_5			只是因为那个梦境还不够美好而已。	84201105		['YC01105BA', 'YC01105EA']
201201	2012	1	木马	12_1			追踪感染体的守林人到达了九龙城。	84201201		['YC01201BA']
201202	2012	2	囚狗	12_2			三头犬和罗兰，到底谁才是猎物呢？	84201202		['YC01202BA']
201203	2012	3	黄金与人马	12_3			‘罗塞塔，我要你参加我们的战斗。’	84201203		['YC01203BA', 'YC01203EA']
201204	2012	4	烟火	12_4			万事俱备，现在就是三头犬反击的时候。	84201204		['YC01204BA']
201205	2012	5	伪装者	12_5			拉弥亚欠了渡边一个人情。	84201205		['YC01205BA']
201206	2012	6	另一个结局	12_6			战争已经接近分出胜负的时候，众人怀着各种各样的思念，暗自决定好下一步的行动。	84201206		['YC01206BA']
201207	2012	7	夺取	12_7			加百列的巨手穿过了曲的胸膛……	84201207		['YC01207BA', 'YC01207EA']
201401	2014	1	寻踪觅影	14_1			锈迹斑斑的连接桥蔓延至雾的尽头，即使已经超出了视野范围，阿尔法也知道它通向何处。	84201401		['YC01901BA']
201402	2014	2	雪虐风饕	14_2			我们早就无路可退了。	84201402		['YC01902BA']
201403	2014	3	无影无踪	14_3			那不仅是对于生者而言的死亡，他们连那些已经逝去，停留在记忆的幻影，也能再次杀死。	84201403		['YC01903BA']
201404	2014	4	再相逢	14_4			罗兰，我知道你想说什么，我从不提起，是因为这个愿望注定会落空。	84201404		['YC01904BA']
201405	2014	5	狭路相逢	14_5			在这里做个了结吧，加百列。	84201405		['YC01905BA']
201406	2014	6	殉道者	14_6			我再说一遍，你选择的那条道路尽头——空无一物！	84201406		['YC01906BA']
201407	2014	7	加入战场	14_7			世界需要未知才会更有意思，不是吗？	84201407		['YC01907BA']
201408	2014	8	长夜将至	14_8			露西亚，我原本只将你当做那个阴谋之后的产物，一段被欺瞒，无需存在的数据。	84201408		['YC01908BA', 'YC01908EA']
201501	2015	1	科学的孤儿	15_1			那就管她叫拉弥亚吧。	84201501		['YC02101BA']
201502	2015	2	愚笨	15_2			她现在真丑，像只猴子，有办法让她站起来吗？	84201502		['YC02102BA', 'YC02102EA']
201503	2015	3	懦弱	15_3			没有任何一种药可以解决掉你的痛苦。	84201503		['YC02103BA']
201504	2015	4	无能	15_4			只要孩子哭泣，就会有温暖的拥抱和温柔的安慰。	84201504		['YC02104BA', 'YC02104EA']
201505	2015	5	好奇	15_5			我明白了，这是“好奇”。	84201505		['YC02105BA']
201506	2015	6	第一次出生	15_6			不要磨蹭了，现在走过来，我们得让你立刻适应你的躯干。	84201506		['YC02106BA', 'YC02106EA']
201507	2015	7	拔锚	15_7			我们并没有缺失软弱，我们只是不得不“送走”它。	84201507		['YC02107BA']
201508	2015	8	另一场启程	15_8			亚特兰蒂斯存在过，他们也不会灭亡。	84201508		['YC02108BA']
201601	2016	1	幕后准备				旅人行走在城市的废墟间。	84201601		['YC02201BA']
201602	2016	2	清扫舞台				罗兰，我想你会对这场演出感兴趣的。	84201602		['YC02202BA', 'YC02202EA']
201603	2016	3	演出开始				看到自己试图藏匿的东西暴露，难民抖了抖，把头埋得更低。	84201603		['YC02203BA']
201604	2016	4	丛林中的暗影				面前的这座丛林如同万物共生的伊甸园一般，傲然地向阔别已久的人类展现着它蓬勃的生命力。	84201604		['YC02204BA', 'YC02204EA']
201605	2016	5	过滤塔				一座未知的黑暗牢笼，一群走投无路的困兽，一个虚幻的目标。	84201605		['YC02205BA']
201606	2016	6	增生				话音未落，他便被藤蔓拽了下去。	84201606		['YC02206BA', 'YC02206EA']
201607	2016	7	侵蚀				这些裸露在外的红色球体在枝条间不时转动，像是在暗处凝视着塔内发生的一切。	84201607		['YC02207BA']
201608	2016	8	胎动				有什么东西在混沌中睁开了双眼。	84201608		['YC02208BA']
201609	2016	9	并非主角				一般来说，旁观者是无法登上舞台的，但是现在……凡事总有意外。	84201609		['YC02209BA']
201610	2016	10	最后的血清				旅人行走在荒芜的战场上。	84201610		['YC02210BA']
301001	30100	1	挣扎				我答应过爸爸妈妈，不会让你受到伤害。所以冒险的事情，我来做……	84301001		['JZ10201BB']
301002	30100	2	鸠占鹊巢				哪里冒出来的两个小丫头……	84301002		['JZ10202BB']
301003	30100	3	食物的温暖				姐姐，我们终于安全了吗？	84301003		['JZ10203BB']
301004	30100	4	青蛙玩偶				要怪，就怪自己的天真吧。	84301004		['JZ10204BB']
301005	30100	5	天真的代价				我们已经没有选择了……	84301005		['JZ10205BB', 'JZ10205EB']
301006	30100	6	余温				露西亚抱着露娜一起，在这个寒冷的房间中，最后一次进入了梦乡……	84301006		['JZ10206BB', 'JZ10206EB']
301007	30100	7	星火				你的幸福，和我们一样，只存在于漫长黑暗的尽头。	84301007		['JZ10207BB']
301011	30101	1	不灭				只有黑色的长发，以及她手中紧紧攥着的数枚吊牌，随着温热的焚风轻微摇晃……	84301011		['JZ10201BC']
301012	30101	2	分离				所以我需要她……保持对人类的忠诚。	84301012		['JZ10202BC']
301013	30101	3	坠落				好了，那接下来轮到我……去接我们的另一位小姐回家了。	84301013		['JZ10203BC']
301014	30101	4	重逢				不可能！可恶的感染体……可恶的……帕弥什病毒！	84301014		['JZ10204BC']
301015	30101	5	逃离				露西亚提着自己的佩刀，在城市间踉跄地奔跑着。	84301015		['JZ10205BC']
301016	30101	6	恸哭				露西亚仿佛崩溃了一般，在露娜的怀中恸哭了出来。	84301016		['JZ10206BC']
301017	30101	7	初见				我想要去见见她。	84301017		['JZ10207BC']
301021	30102	1	你的名字				这是我——露西亚和那个人的相遇。	84301021		['JZ10201BS']
301022	30102	2	朦胧				从指挥官身上我学会了很多东西……	84301022		['JZ10202BS']
301023	30102	3	灰鸦				我，里，丽芙，再加上指挥官，这就是灰鸦小队。	84301023		['JZ10203BS']
301024	30102	4	阿尔法				偶尔……我会想起关于露西亚的事情。	84301024		['JZ10204BS', 'JZ10204ES']
301025	30102	5	意志双剑				种种的一切都如此让人惋惜，所以我才要继续前进。	84301025		['JZ10205BS', 'JZ10205ES']
301026	30102	6	觉悟				成为我的刀刃吧，鸦羽。	84301026		['JZ10206BS']
301027	30102	7	珍藏的记忆				深藏于某处的，与指挥官的对谈。	84301027		['JZ10207BS']
302011	30201	1	不速之客				我们一定能好好相处的，对吗？	84302011		['JZ10301BB']
302012	30201	2	格格不入				丽芙，帮你姐姐找一下那条白色礼服裙，这点小事，你应该能做好吧？	84302012		['JZ10302BB']
302013	30201	3	荣誉				……我可以留下来看家。	84302013		['JZ10303BB']
302014	30201	4	崩塌的骄傲				请让我，前往战区吧。	84302014		['JZ10304BB']
302015	30201	5	踏往彼岸				你们……不准备再和她多说几句吗？	84302015		['JZ10305BB']
302016	30201	6	战场之花				请回答我的问题。	84302016		['JZ10306BB', 'JZ10306EB']
302017	30201	7	纯白的礼服				换一身衣服……至少，漂漂亮亮地走，丽芙，你应该能……做好吧。	84302017		['JZ10307BB']
303011	30301	1	某月某日晴				今天的七实，拿到了日记本！	84303011		['JZ10501BB']
303012	30301	2	某日的期待				然后七实一定会幸福，像爸爸妈妈一样幸福——	84303012		['JZ10502BB']
303013	30301	3	某日的裂缝				大家都停课了，爸爸妈妈也留在了家里。	84303013		['JZ10503BB']
303014	30301	4	某日的决断				必须要……战斗……	84303014		['JZ10504BB']
303015	30301	5	某日的异常				七实手臂……里面为什么会有……机械？	84303015		['JZ10505BB']
303016	30301	6	某日的真相				我们过去一直都在瞒着你……	84303016		['JZ10506BB', 'JZ10506EB']
303017	30301	7	某日的启程				从现在开始，七实就是一个人了……	84303017		['JZ10507BB']
303021	30302	1	脉冲出击				要等七实回来哦！	84303021		['JZ10501BS']
303022	30302	2	贫瘠之地				他已经成为连拾荒者也无处容身的的贫瘠之地了。	84303022		['JZ10502BS']
303023	30302	3	朋友之间				一直一直是朋友！	84303023		['JZ10503BS']
303024	30302	4	围猎场中				有拾荒者捎来前几天在那目睹过构造体的消息。	84303024		['JZ10504BS']
303025	30302	5	生而为人				这样袭击……掠夺……到底……我们跟感染体到底有什么区别？	84303025		['JZ10505BS']
303026	30302	6	友情之上				传达……我们的谢意和……歉意。	84303026		['JZ10506BS']
303027	30302	7	猎场的秘密				我啊……完全没弄明白，活着是怎么一回事，毕竟我不是人类嘛。	84303027		['JZ10507BS']
304011	30401	1	核心零件				这个小机器人，等到莫瑞生日的时候，就送给你吧。	84304011		['JZ10101BA']
304012	30401	2	西装暴徒				简单的枪械改造，三十秒足够了。	84304012		['JZ10102BA']
304013	30401	3	小机器人				小机器人……可以在莫瑞不在的时候……陪着哥哥……	84304013		['JZ10103BA']
304014	30401	4	代价几何				对于我来说，不论用什么方法，要付出什么样代价，……只要…莫瑞能够活着。	84304014		['JZ10104BA']
304015	30401	5	机械心脏				卖命，这种事，我来就可以了。	84304015		['JZ10105BA']
304016	30401	6	咫尺深渊				你会好好的，一切都会变好的。	84304016		['JZ10106BA']
304017	30401	7	二进制·组装				那个会跳舞的机器人，还没有真正地完成。	84304017		['JZ10107BA']
305011	30501	1	沙池				沙池是孩子们的乐园，却也是恶意的发源地。	84305011		['JZ10701BA']
305012	30501	2	老疯子与小傻子				你眼里的愚蠢与不祥，于我而言，是多年来唯一的疼爱与关怀。	84305012		['JZ10702BA']
305013	30501	3	危险背后				忏悔与疯狂实为一体，危险与真相不过一线之隔。	84305013		['JZ10703BA']
305014	30501	4	失窃的希望				窃取宝物的孩子嬉笑着，无人留意眼底暗光。	84305014		['JZ10704BA']
305015	30501	5	熄灭的灯光				突如其来的黑暗，笼罩了所有不知所措的人。	84305015		['JZ10705BA']
305016	30501	6	天降之罚				如果有惩罚的话，请一定只降临到我的身上。	84305016		['JZ10706BA']
305017	30501	7	因果螺旋				无人知晓的时间里，因果螺旋从未停止转动。	84305017		['JZ10707BA']
306011	30601	1	体能训练				习惯是习惯了，可现在做这样的训练有什么意义吗？	84306011		['JZ10801BA']
306012	30601	2	构想未来				人这辈子不就为了钱和活着吗？	84306012		['JZ10802BA']
306013	30601	3	雪原搜救				绿洲小队，布鲁斯，渡边，准备出队。目标，雪原搜救。	84306013		['JZ10803BA']
306014	30601	4	不要停下				不要用悲伤和停滞不前来哀悼逝去，渡边。	84306014		['JZ10804BA', 'JZ10804EA']
306015	30601	5	留存希望				就算只有万分之一的希望，只要能救下一个人……	84306015		['JZ10805BA']
306016	30601	6	谁是第一				可不能让……那个勇敢的士兵，一直抢在我的前面了。	84306016		['JZ10806BA']
306017	30601	7	绿洲小队				从今天开始，绿洲小队由我来指挥，这是布鲁斯……最后下达的命令！	84306017		['JZ10807BA']
306021	30602	1	撤退行动				在运载机成功与空中花园完成对接之前，人类的“火炬”就握在你们手中了。	84306021		['JZ10801BS']
306022	30602	2	回忆往事				布鲁斯和我不同，如果您能再多与他相处，您会为他而骄傲的。	84306022		['JZ10802BS']
306023	30602	3	入侵机场				我的后背就交给您了，西里尔大尉！	84306023		['JZ10803BS']
306024	30602	4	突然袭击				指挥中心！为什么会有导弹袭击！？！？	84306024		['JZ10804BS']
306025	30602	5	冰火交锋				就算是为了布鲁斯，我也会在这片陆地上一直战斗下去！	84306025		['JZ10805BS', 'JZ10805ES']
306026	30602	6	最终抉择				渡边，我代表空中花园，感谢你为全人类无私的付出。	84306026		['JZ10806BS']
306027	30602	7	寻找绿洲				他在漫天黄沙中步履艰难地，朝着“绿洲”的方向走去。	84306027		['JZ10807BS']
307011	30701	1	降福于此				很快会有人来到这里，帮助大家，将大家带到安全的地方。	84307011		['JZ10401BA']
307012	30701	2	被遗忘的教堂				越来越多的人们聚集到坐落在极北之地，雪原之上的雪原教堂。	84307012		['JZ10402BA']
307013	30701	3	祈祷与信仰				我愿意……付出一切，乃至我的生命。	84307013		['JZ10403BA']
307014	30701	4	进入光明				趁风雪还未卷起，带领大家到神能看到的地方吧。	84307014		['JZ10404BA']
307015	30701	5	庇护与裁决				做好觉悟吧，你们的罪恶，将由我来裁决！	84307015		['JZ10405BA', 'JZ10405EA']
307016	30701	6	雪落之声				遵循你的内心做出选择，我的孩子。	84307016		['JZ10406BA', 'JZ10406EA']
307017	30701	7	我已非我				神啊，倘若我已非我，我心甘情愿接受所有的审判和裁决。	84307017		['JZ10407BA']
307021	30702	1	百合				托比一边说着，一边将物资递到比安卡的面前，在物资盒的上方，躺着一朵无瑕的百合花。	84307021		['JZ10401BS']
307022	30702	2	不情之请				夜晚的宁静，被回廊深处传来的一阵脚步声打破。	84307022		['JZ10402BS', 'JZ10402ES']
307023	30702	3	代达罗斯				自我介绍一下，我是代达罗斯安保公司的董事长，文。	84307023		['JZ10403BS']
307024	30702	4	梦想				嗯，就保持这样继续前进吧，我想很快，就能实现你的梦想了。	84307024		['JZ10404BS']
307025	30702	5	真相				随着仓库内部的灯光逐渐亮起，比安卡看到，这间用来存放公司商品的仓库，站满了被拘束装置控制着的构造体。	84307025		['JZ10405BS']
307026	30702	6	终局				一切都结束了，稍微休息下吧……	84307026		['JZ10406BS']
307027	30702	7	邀请				我像你这么大的时候也走过不少弯路，但是那些经历我并不后悔。	84307027		['JZ10407BS']
308011	30801	1	叽叽喳喳				即将下发大型任务时，总会很兴奋。	84308011		['JZ10601BA']
308012	30801	2	第一小队				执行者部队第一小队，是战斗力最强的小队。	84308012		['JZ10602BA']
308013	30801	3	战斗型构造体				仿佛不知疲劳的战斗，或许才是战斗型构造体的意义。	84308013		['JZ10603BA']
308014	30801	4	大型剿灭任务				这是一场大型的，对感染体的剿灭任务。	84308014		['JZ10604EA']
308015	30801	5	进退维谷				战斗中的构造体，收到不同的执行命令——每个人都不同。	84308015		['JZ10605BA']
308016	30801	6	永别的火花				夕阳如血，掺杂着能源液与零件的火花，和不再相见的朋友。	84308016		['JZ10606BA']
308017	30801	7	内心深处的阴暗面				嘘，你不用害怕，也不必知道我是谁……你……终将成为我。	84308017		['JZ10607BA']
309011	30901	1	色彩				梅卡为画布前的艾拉带来了出游的消息，这让艾拉十分期待。	84309011		['JZ10901BA']
309012	30901	2	开幕				在孩子们的喧闹声中，古老的经典戏剧将被非人之物所再现。	84309012		['JZ10902BA', 'JZ10902EA']
309013	30901	3	朋友				因为《暴风雨》，艾拉的生活中多了一位知音的身影。	84309013		['JZ10903BA']
309014	30901	4	信笺				正当艾拉为了展览而奔波的时候，她却收到了意外的消息。	84309014		['JZ10904BA', 'JZ10904EA']
309015	30901	5	赠礼				艾拉收到了来自赛琳娜的‘礼物’，这让她的心境出现了些微变化。	84309015		['JZ10905BA']
309016	30901	6	诀别				留下了一幅未完的画作，下定决心的艾拉独自出发了。	84309016		['JZ10906BA']
309017	30901	7	另一人				被感染体包围的赛琳娜，她的心中到底在想些什么呢？	84309017		['JZ10907BA']
310011	31001	1	鬣狗				冒死偷来的口粮，不知道明天是否还安全的避难所…这便是被称为“鬣狗”的少女眼中世界的模样。	84310011		['JZ11101BA']
310012	31001	2	扳手				避难所外的喧闹吸引了“鬣狗”的注意力，也许今天会稍微有些不一样？	84310012		['JZ11102BA']
310013	31001	3	苏菲亚				“鬣狗”不再是“鬣狗”，她变得柔软，变得可爱。一切皆因……“家庭”。	84310013		['JZ11103BA']
310014	31001	4	灾厄				一切转瞬即逝，几个小时间所有人的命运就此改变。他们中的大多数再也看不到第二天的太阳。	84310014		['JZ11104BA']
310015	31001	5	仇敌				烫金的信笺指明了仇恨的方向，只是一切真就如此单纯？	84310015		['JZ11105BA']
310016	31001	6	真相				真相，改变了一切。	84310016		['JZ11106BA', 'JZ11106EA']
310017	31001	7	那之后的某日				一封带有阿迪莱火漆印的书信放在了哈桑议长的办公桌上…	84310017		['JZ11107BA']
311011	31101	1	第一名				啧，怎么什么好事都让他给占了啊？	84311011		['JZ11201BA']
311012	31101	2	对谈				聪明人就该明白什么时候该做什么事情，着手当下，着眼未来。	84311012		['JZ11202BA']
311013	31101	3	链接				请尽快断开意识链接，已超过链接限定阈值，持续链接将会造成意识损伤！	84311013		['JZ11203BA']
311014	31101	4	得意之作				你的钽-193共聚物适配性简直完美，生体数据也很漂亮，看起来成功几率很高呢。	84311014		['JZ11204BA']
311015	31101	5	可利用的				不过不论是成为刀刃，还是执掌刀刃的人，决心上战场，命运就是一致的。	84311015		['JZ11205BA', 'JZ11205EA']
311016	31101	6	队长				队长，快跟上来呀。我们一起走吧。	84311016		['JZ11206BA', 'JZ11206EA']
311017	31101	7	疤瘀				战士不应该畏惧伤口和流血。	84311017		['JZ11207BA']
312011	31201	1	红发死神				‘喂，那个红发的女人……是死神没错吧？’	84312011		['JZ11301BA']
312012	31201	2	构造体薇拉				在医疗站中间薇拉决定举起自己的手，前往战场。	84312012		['JZ11302BA']
312013	31201	3	撤离				战场并不如薇拉考虑的那么美好，就如她预料的一样，自己的小队被全灭了。	84312013		['JZ11303BA']
312014	31201	4	漆黑之中				因为死神之名与人争执，薇拉被关到了黑屋之中。	84312014		['JZ11304BA']
312015	31201	5	迎接痛苦				薇拉决定不再按照别人的指示，而是遵从自己的内心而行动，她要保护这座被上面抛弃的城市。	84312015		['JZ11305BA']
312016	31201	6	在苦闷之间				感染体的洪流将薇拉和其他人淹没，她在痛苦之中明白到了自己该做的事情。	84312016		['JZ11306BA', 'JZ11306EA']
312017	31201	7	档案“苦刑之女”				夺走提法的痛苦，就是薇拉唯一能做的事。	84312017		['JZ11307BA']
313011	31301	1	前夜				按照师傅的嘱托，卡穆接受了血清注射，成为了黑野的士兵。	84313011		['JZ15101BA']
313012	31301	2	士兵				卡穆的部队在在外游击的部队，在那些任务之中，他们认识到这个世界的残酷。	84313012		['JZ15102BA']
313013	31301	3	契约				队伍中间出现就算用血清也无法救回的情况，在交接之间，卡穆似乎察觉到了什么。	84313013		['JZ15103BA']
313014	31301	4	焚毁				需要焚毁的不仅有被感染体占领的城市，还有‘感染体’本身。	84313014		['JZ15104BA', 'JZ15104EA']
313015	31301	5	爬行				带着愤怒和怨恨，卡穆等人握紧武器，向黑野的所在出发。	84313015		['JZ15105BA']
313016	31301	6	复仇者				这是构造体与感染体的战斗，被火焰包围，全部的一切都陷入了黑暗。	84313016		['JZ15106BA', 'JZ15106EA']
313017	31301	7	神威				‘让我见识一下你的生存之道吧，神威。’	84313017		['JZ15107BA']
314011	31401	1	雪林少女				祈祷吧……生于雪林的你，请不要忘记对生命的敬畏。	84314011		['JZ11401BA']
314012	31401	2	成为平凡				凭着内心的善良，为了他人而战，曾置于掌心的你也终将长大成人。	84314012		['JZ11402BA', 'JZ11402EA']
314013	31401	3	唯一的机会				这是唯一的机会，能够让你作为一个普通的少女活下去……	84314013		['JZ11403BA']
314014	31401	4	旅途的终点				这一次，恐怕便是我与你与祂最后的别离。	84314014		['JZ11404BA']
314015	31401	5	为生而祈祷				在你的祈祷中再次诞生的奇迹，向着最后的希望而前进。	84314015		['JZ11405BA']
314016	31401	6	最后的守林人				即使成为了守林人，你也是纯洁无垢的我最爱的孙女。	84314016		['JZ11406BA', 'JZ11406EA']
314017	31401	7	名为你的救赎				如果可以的话，请让我陪伴着你——直到我的生命终结为止。	84314017		['JZ11407BA']
315011	31501	1	夜航船				天上人间，最繁华莫过于此。	84315011		['JZ11601BA']
315012	31501	2	疑云				这种事情……要怎么习惯。你就没有考虑过，如果我们生来就有生存的权力呢？如果我们本就不应该这样出卖自己才能获得生活的资格呢。	84315012		['JZ11602BA']
315013	31501	3	疤痕				槐南在那其中看见自己清晰的剪影，他沉默了片刻，随后将耳边的长发拨开，拉低衣领，露出他脖颈上可怖的疤痕。	84315013		['JZ11603BA']
315014	31501	4	华胥梦				吵闹欢笑的人声从很远的地方传来，孔明灯自甲板悠悠飘向天空。透过窗户望去，就如同正在观看一场美丽盛大的皮影戏，令人感到如此不真切。	84315014		['JZ11604BA']
315015	31501	5	梦魇				无数漆黑的身形从火焰中走出，那些影子有着猩红的双眼。那是什么？常羽使劲张望着，企图从那团灼热的火焰中看清楚什么——	84315015		['JZ11605BA']
315016	31501	6	本相				槐南就站在他的对面。他的头发乱糟糟地落在一边，那双眼睛黑沉沉的，看不出喜怒。常羽从未见过槐南露出那种眼神，仿佛冰雪要从其中冲破而出，朝常羽呼啸而来。	84315016		['JZ11606BA', 'JZ11606EA']
315017	31501	7	梦回				‘尽管没有证据……但有种隐约的感觉，像他那样不折手段达到自己目的的人，我知道他一定还在世界上的某处存在。’	84315017		['JZ11607BA']
316011	31601	1	启				它安详地躺在九龙环城的正下方，不被任何存在打扰自身的长眠。	84316011		['JZ15201BA']
316012	31601	2	史				这里是九龙商会的档案室，是历史和荣耀的象征，伫立在商会的一角见证先人的足迹。	84316012		['JZ15202BA']
316013	31601	3	象				王不会存在真实，只有用权术编织于众人面前的假象。	84316013		['JZ15203BA', 'JZ15203EA']
316014	31601	4	云				顺着声音看去，二人发现那是一位穿着白衣的年轻女子，她身后的木质推车在如今的时代中是那么的格格不入。	84316014		['JZ15204BA']
316015	31601	5	乱				胤轻声地呢喃着，而曲始终保持着站立的姿势，俯瞰整座九龙。	84316015		['JZ15205BA', 'JZ15205EA']
316016	31601	6	律				这就是如今这个时代，遍布地表的主旋律。	84316016		['JZ15206BA']
316017	31601	7	王				当人们仰望帝王时，看到的每一面都是人们希望看到的样子。	84316017		['JZ15207BA']
317011	31701	1	被粉碎的希望				当被赋予的希望全部变成了绝望……	84317001		['JZ11701BA']
317012	31701	2	无光的黑夜				当黑夜不会终结，明日不会到来……	84317002		['JZ11702BA']
317013	31701	3	卑劣的怪物				当怪物失去价值，便失去了存在的意义。	84317003		['JZ11703BA']
317014	31701	4	无明的降生				当不被祝福的诞生自天而降，是毁灭，抑或是救赎？	84317004		['JZ11704BA', 'JZ11704EA']
317015	31701	5	铁造的信念				当终结已至，能够被带走的只是躯壳，而无法被扭曲的却是灵魂。	84317005		['JZ11705BA']
317016	31701	6	为重逢而诀别				当一切都毁灭之后，剩下的一定就是我与你永远的乐园。	84317006		['JZ11706BA', 'JZ11706EA']
317017	31701	7	他与它的对谈				一段对谈记录。	84317007		['JZ11707BA']
318011	31801	1	“图兰朵”				因为已经知道自己原罪的她，清楚他将会赐予自己最后的审判。	84319011		['JZ11901BA']
318012	31801	2	神曲				伊甸感谢你们的付出，你们是伊甸英勇的战士，全人类将会永远铭记你们的光辉。	84319012		['JZ11902BA', 'JZ11902EA']
318013	31801	3	浮士德				这是我迄今为止的人生中，获得的最大的荣幸。	84319013		['JZ11903BA']
318014	31801	4	暴风雨				现在这个地方，站着的是继承了所有先遣部队队员遗志的容器。	84319014		['JZ11904BA', 'JZ11904EA']
318015	31801	5	收场诗				现在我已把我的魔法尽行抛弃，剩余微弱的力量都属于我自己。	84319015		['JZ11905BA']
318016	31801	6	天真的预言				对于生活在白昼中的人，神化作人性。	84319016		['JZ11906BA']
318017	31801	7	幕间				就近的某个地方，忽然传来了一阵悠扬的低吟。	84319017		['JZ11907BA']
319011	31901	1	谎言的开始				越过谎言，看到真正现实的那一刻开始，某一根弦便会开始收紧，或是崩断。	84318011		['JZ11801BA']
319012	31901	2	习以为常				一如过去那一幕幕重复的习以为常。	84318012		['JZ11802BA']
319013	31901	3	滋长				万事努力在脑海中搜寻能够宽慰面前这位构造体的词组，却发现所有的词组都指向了一个万事早就知道的答案。	84318013		['JZ11803BA']
319014	31901	4	漫长之夜				用手接过一捧冷水，水流转瞬间从指缝滑落，万事摇了摇头，走出了卫生间。	84318014		['JZ11804BA']
319015	31901	5	旗帜				因为我们是‘旗帜’。	84318015		['JZ11805BA', 'JZ11805EA']
319016	31901	6	熟睡				感觉还不赖。	84318016		['JZ11806BA', 'JZ11806EA']
319017	31901	7	不存在的对白				比安卡沉默了片刻后，将杰特的这一段对话从档案中剥离。	84318017		['JZ11807BA']
320001	32001	1	宴会				在他看来，那反而是摇摇欲坠的幻影。	84320011		['JZ12001BA']
320002	32001	2	布局				既然如此，特化机体的计划，总算可以开始下一个阶段了。	84320012		['JZ12002BA']
320003	32001	3	殉难者				就算……撑到了战争胜利，我们，也不会有‘未来’可言吧。	84320013		['JZ12003BA', 'JZ12003EA']
320004	32001	4	道路				我已经做好了决定。	84320014		['JZ12004BA']
320005	32001	5	执棋之人				我会利用“史密斯”来成就“库洛姆”。	84320015		['JZ12005BA', 'JZ12005EA']
320006	32001	6	计划				早在踏入这扇门之前，我就已经准备好了。	84320016		['JZ12006BA']
320007	32001	7	离巢之鹰				在他手中的从来不是什么需要牵线的风筝，而是振翅欲飞的雄鹰。	84320017		['JZ12007BA']
321001	32101	1	牢笼				天使……？你在说什么胡话。我是恶魔，负责把你带回地狱。	84321001		['JZ12101BA']
321002	32101	2	狂兽				褪去了方才凶恶至极的模样，21号停下了脚步，打量着其他人的眼神中只有警惕与好奇，宛若初生的小兽一般。	84321002		['JZ12102BA', 'JZ12102EA']
321003	32101	3	抉择				让你跟着我，也许是最好——也是最坏的决定了。但在这，情况永远只会更坏。	84321003		['JZ12103BA']
321004	32101	4	趋光				不知为何，21号不由自主地想要去相信眼前这个构造体所说的话。是因为她那肆意的颜色吗？还是因为她眼睛里的光？	84321004		['JZ12104BA']
321005	32101	5	重返				名字？名字只是代号。21号，就是我的代号。	84321005		['JZ12105BA']
321006	32101	6	归途				21号面前堆着坍塌的石砖与感染体残骸，循环液滴在水泥地的坑洼里，她显得雪白，好像正在消失。	84321006		['JZ12106BA', 'JZ12106EA']
321007	32101	7	三头犬				“哟。你们就是我的新队员？”红发男人笑得露出八颗牙齿，那笑容像极了恶犬。	84321007		['JZ12107BA']
322001	32201	1	英雄与死神				英雄必须成为英雄，无论要付出怎样的代价。	84322001		['JZ12201BA']
322002	32201	2	当谎言成为救赎				谎言始终是谎言……不是英雄的家伙，始终是无法成为英雄的。	84322002		['JZ12202BA', 'JZ12202EA']
322003	32201	3	残酷的真意				残酷的话语中所传达的真意，到底有谁知晓。	84322003		['JZ12203BA']
322004	32201	4	理想的锋刃				你能够抓住的……只有现在，只有现在的自己。	84322004		['JZ12204BA']
322005	32201	5	于花雨中谢幕				无人所知的英雄在花雨之中战斗到了最后一刻。	84322005		['JZ12205BA']
322006	32201	6	旗帜之所向				前方既是死地，也是唯一的希望，只要旗帜依旧飘扬，就没什么好怕的了。	84322006		['JZ12206BA', 'JZ12206EA']
322007	32201	7	献给未来的赞歌				一切就都交给你了……未来的‘罗伊德’。	84322007		['JZ12207BA']
323001	32301	1	广告时间				欢迎收看这场闹剧！			['JZ12301BA']
323002	32301	2	场外花絮				只有像这样不断告诉自己，我有追求的愿望，我才有活着的实感……那个愿望，就是跟你们在一起。			['JZ12302BA']
323003	32301	3	爆米花场景				观众在鼓掌，观众在享受，观众在咀嚼爆米花，观众在为演员叫好。			['JZ12303BA']
323004	32301	4	动作戏				奔跑吧，罗兰。			['JZ12304BA']
323005	32301	5	开幕				他的人生，从这一幕才真正开始。			['JZ12305BA']
323006	32301	6	散场后清扫				戏剧结束，舞台关闭，人群散去，无人目睹演员的真正表情。			['JZ12306BA']
323007	32301	7	无人观看的斯丁格				就让我，把她的愿望，贯彻到最后吧。			['JZ12307BA']
324001	32401	1	“升天”				一名旅人的忏悔。	84324001		['JZ12401BA']
324002	32401	2	“降临”				一位医疗官的回忆。	84324002		['JZ12402BA']
324003	32401	3	“主显”				一份未公开发表的采访报告。	84324003		['JZ12403BA', 'JZ12403EA']
324004	32401	4	“圣诞”				她在星间行走。	84324004		['JZ12404BA']
324005	32401	5	“领报”				少女睁大了双眼，她眼中闪烁的光像是碎冰攘攘的海，充满了困惑不解。	84324005		['JZ12405BA']
324006	32401	6	“复活”				无数的回忆夹杂着那样真切的悲痛涌了进来。	84324006		['JZ12406EA']
324007	32401	7	西默盎的预言				理解得越多，就越痛苦。知道得越多，就越撕裂。但是，她有着同痛苦相对称的清澈，与绝望相均衡的坚韧。	84324007		['JZ12407BA']
325001	32501	1	牧童				她听见观众天真地呼唤，她听见演员温柔地答腔。	84325001		['JZ12501BA']
325002	32501	2	小女孩的迷失				可爱的女孩说，她一直在游荡，听着那演员唱歌。	84325002		['JZ12502BA']
325003	32501	3	天真的节日				女孩和她的朋友们把天真的手举得高高，如一阵大风骤起，他们歌声飞上天空。	84325003		['JZ12503BA']
325004	32501	4	沧桑的节日				那哀恸的叫声可算是支歌？它难道还能是一曲欢快的歌唱？	84325004		['JZ12504BA', 'JZ12504EA']
325005	32501	5	虻虫				感动是生命，是呼吸，也是力量。	84325005		['JZ12505BA', 'JZ12505EA']
325006	32501	6	新生诗人的歌声				快乐的青年，到这里来，来看这正在展示的曙光，是新生真理的意象。	84325006		['JZ12506BA']
325007	32501	7	古老诗人的回声				她整夜在空洞的宇宙中蹒跚独行。	84325007		['JZ12507BA']
326001	32601	1	夜行船				百岁光阴如梦蝶，重回首往事堪嗟；今日春来，明朝花谢；急罚盏夜阑灯灭。	84326001		['JZ12601BA', 'JZ12601EA']
326002	32601	2	古倾杯				继日恁，把酒听歌，量金买笑；别后暗负，光阴多少。	84326002		['JZ12602BA']
326003	32601	3	远朝归				横斜带月，又别是，一般风味；金尊里。任遗英乱点，残粉低坠；惆怅杜陇当年，念水远天长，故人难寄。	84326003		['JZ12603BA']
326004	32601	4	如梦令				昨夜雨疏风骤，浓睡不消残酒。试问卷帘人，却道海棠依旧。知否，知否？应是绿肥红瘦。	84326004		['JZ12604BA']
326005	32601	5	离别难				未别心先咽，欲语情难说；出芳草，路东西，摇袖立；春风急，樱花杨柳雨凄凄。	84326005		['JZ12605BA']
326006	32601	6	撷芳词				等闲泣损香罗帕；见无由，恨难收，梦短屏深，清夜悠悠，悠悠。	84326006		['JZ12606BA', 'JZ12606EA']
326007	32601	7	新念别				江北江南新念别；掩芳尊，与谁同，今夜月。	84326007		['JZ12607BA']
600101	6001	1	各自的计划				丽芙近来似乎有些心事，一番讨论后，露西亚说出了其中的秘密……			['SD00101BA']
600102	6001	2	神秘协助者				为了秘密谋划送给丽芙的圣诞节庆典，灰鸦小队的其余成员与指挥官一并行动了起来，并且还遇到了一位得力的帮手。			['SD00102BA']
600103	6001	3	作战的展开				相关资料已保存			['SD00103BA', 'SD00103EA']
600104	6001	4	伐木小行家				相关资料已保存			['SD00104BA', 'SD00104EA']
600105	6001	5	超级圣诞树				七实成功将圣诞树的素材带了回来，但上面塞满的那些装饰，却令露西亚和里感觉微妙。			['SD00105BA']
600106	6001	6	圣诞大作战				最后丽芙也加入到了筹备圣诞庆典的工作中，所有人都铆足了干劲进行着最后的装饰。			['SD00106BA']
600107	6001	7	孤狼的战斗				相关资料已保存			['SD00107BA']
600108	6001	8	烟火与礼物				在卡列的努力下，成功点燃了耀眼的烟火，众人围绕在屋外观赏许愿，此时外面也慢慢飘起了雪花。			['SD00108BA']
600109	6001	9	圣诞快乐！				最后的最后，决定以合照落下灰鸦小队以及其他构造体的首个圣诞节。			['SD00109EA']
600201	6002	1	角鲸				相关资料已保存			['HD00401EA']
600202	6002	2	重返地表				灰鸦小队正搭乘空降舱前往地表，却遭到了袭击……			['HD00402BA']
600203	6002	3	守林人				灰鸦小队迫降在一片雪原废墟中，并与当地势力相遇。			['HD00403BA']
600204	6002	4	极光				相关资料已保存			['HD00404BA', 'HD00404EA']
600205	6002	5	远望				相关资料已保存			['HD00405BA']
600206	6002	6	接刃				相关资料已保存			['HD00406BA', 'HD00406EA']
600207	6002	7	固执与勇气				面对强大的敌人，港民们展现出了令人惊讶的固执。			['HD00407BA']
600208	6002	8	为何而战				相关资料已保存			['HD00408BA']
600209	6002	9	机械狂潮				来自深海的机械感染狂潮，涌向了摩尔曼斯克港区！			['HD00409BA']
600210	6002	10	混乱				相关资料已保存			['HD00410BA']
600211	6002	11	相见				相关资料已保存			['HD00411BA']
600212	6002	12	失败品				相关资料已保存			['HD00412BA', 'HD00412EA']
600213	6002	13	希望的方向				角鲸德雷克为罗塞塔保留下希望的种子，但她的未来又将如何……			['HD00413BA']
600301	6003	1	星夜金砂				战后，空中花园与阿迪莱达成联盟关系，还未离开列车的灰鸦小队接到协助列车战后检修的指令。			['HD00501BA']
600302	6003	2	无序之所				抵达下一站检修点前，灰鸦一行人要穿过已被异合体侵蚀的平民车厢。此时，一个人追上了他们……			['HD00502BA']
600303	6003	3	胎中之梦				灰鸦小队成功抵达列车的中央要塞，工业车厢前廊。面对危机四伏的车厢，里将与检修部队一起行动。			['HD00503BA']
600304	6003	4	无尽隧道				苏菲亚突然向灰鸦发来通讯，告知列车出现重大故障，需紧急停机……			['HD00504BA']
600305	6003	5	格罗宁站				列车战后检修已接近尾声，是时候在似曾熟悉的地方与这辆列车告别了。			['HD00505BA']
600401	6004	1	睡美人				听明白游戏规则了吗，“睡美人”？			['RY00101BA']
600402	6004	2	小红帽				这样就好了，指挥官，为什么会用远程通讯……总之能向我说明一下吗？			['RY00102BA', 'RY00102EA']
600403	6004	3	两个火枪手				而我则是里……总觉得能把这个状况称为两个火枪手呢。			['RY00103BA']
600404	6004	4	阿里巴巴				抑或是这也是上天的恶作剧吗。			['RY00104BA']
600405	6004	5	三只小猪				就让你看看三位一体的力量吧！			['RY00105BA']
600406	6004	6	穿靴子的猫				……真是恶劣的玩笑。			['RY00106BA']
600407	6004	7	匹诺曹				你这家伙该不会有什么奇怪的癖好吧！			['RY00107BA']
600408	6004	8	海的女儿				现在的状况就是链接舱的应用教学篇。			['RY00108BA']
600409	6004	9	白马王子				在指挥官的眼中我到底是什么模样都没有关系，因为我要做的事情从一开始就只有一个。			['RY00109BA']
600410	6004	10	愚人节快乐！				今后的每年，每月，每个节日，都能这样大家一起度过就好了呢，指挥官。			['RY00110BA']
600411	6004	11	天空的霸者赛利卡				从此以后世界陷入黑暗，而我则成为了这个天空的霸者。			['RY00111BA']
600601	6301	1	无垠沙海				相关资料已保存			['HD00201BS']
600801	6008	1	序幕				相关资料已保存	84600103	2020/5/18 5:02	['RG00201BA']
600802	6008	2	舞明市-1				相关资料已保存	84600103	2020/5/18 5:02	['RG00202BA', 'RG00202EA']
600803	6008	3	舞明市-2				相关资料已保存	84600103	2020/5/18 5:02	['RG00203BA']
600804	6008	4	舞明市-3				相关资料已保存	84600103	2020/5/18 5:02	['RG00204BA', 'RG00204EA']
600805	6008	5	飞地-1				相关资料已保存	84600106	2020/5/18 5:02	['RG00205BA', 'RG00205EA']
600806	6008	6	飞地-2				相关资料已保存	84600106	2020/5/18 5:02	['RG00206EA']
600807	6008	7	飞地-3				相关资料已保存	84600106	2020/5/18 5:02	['RG00207EA']
600808	6008	8	僧院-1				相关资料已保存	84600109	2020/5/18 5:02	['RG00208BA']
600809	6008	9	僧院-2				相关资料已保存	84600109	2020/5/18 5:02	['RG00209BA', 'RG00209EA']
600810	6008	10	僧院-3				相关资料已保存	84600109	2020/5/18 5:02	['RG00210BA', 'RG00210EA']
600811	6008	11	巨塔-1				相关资料已保存	84600112	2020/5/18 5:02	['RG00211BA']
600812	6008	12	巨塔-2				相关资料已保存	84600112	2020/5/18 5:02	['RG00212BA', 'RG00212EA']
600813	6008	13	巨塔-3				相关资料已保存	84600112	2020/5/18 5:02	['RG00213BA', 'RG00213EA']
600814	6008	14	造船厂-1				相关资料已保存	84600115	2020/5/18 5:02	['RG00214BA', 'RG00214EA']
600815	6008	15	造船厂-2				相关资料已保存	84600115	2020/5/18 5:02	['RG00215BA']
600816	6008	16	造船厂-3				相关资料已保存	84600115	2020/5/18 5:02	['RG00216BA', 'RG00216EA']
600901	6009	1	合众战局				相关资料已保存	84600201	2021/1/7 5:02	['HZ00101BA']
601001	8001	21	准备过冬	搁浅_01			乱战结束之后的密谈。	84600301	2020/7/23 5:02	['YR01301BA']
601002	8001	22	雕像	搁浅_02			取得华胥以后，升格者们准备着另一项行动。	84600302	2020/7/23 5:02	['YR01302BA']
601101	6011	1	午夜与特卖				免费的才是最贵的……不是吗？	84600401	2020/7/2 5:02	['DW00101BA', 'DW00101EA']
601102	6011	2	遗忘者与节日				这可能是唯一值得期待的日子。	84600402	2020/7/2 5:02	['DW00102BA']
601103	6011	3	替代品与觉悟				世界上有两种事物——可以替代的，与无可替代的。	84600403	2020/7/2 5:02	['DW00103BA', 'DW00103EA']
601104	6011	4	背影与决定				今天是节日，无论是谁也不允许缺席。	84600404	2020/7/2 5:02	['DW00104BA']
601105	6011	5	故乡与“粽子”				这是……天下第一好吃的粽子。	84600405	2020/7/2 5:02	['DW00105BA', 'DW00105EA']
601106	6011	6	旅途与未来				旅程结束了，但是端午还在继续。	84600406	2020/7/2 5:02	['DW00106BA']
601107	6011	7	端午与“战争”				这是场关乎尊严的战争！	84600407	2020/7/2 5:02	['DW00107BA']
601201	6012	1	执行者传说-开端				相关资料已保存	84600120	2020/8/27 5:02	['RG00301BA']
601202	6012	2	执行者传说-1				相关资料已保存	84600120	2020/8/27 5:02	['RG00302BA']
601203	6012	3	执行者传说-2				相关资料已保存	84600120	2020/8/27 5:02	['RG00303BA']
601204	6012	4	执行者传说-3				相关资料已保存	84600120	2020/8/27 5:02	['RG00304EA']
601205	6012	5	执行者传说-4				相关资料已保存	84600121	2020/8/27 5:02	['RG00305BA']
601206	6012	6	执行者传说-5				相关资料已保存	84600121	2020/8/27 5:02	['RG00306BA']
601207	6012	7	执行者传说-6				相关资料已保存	84600121	2020/8/27 5:02	['RG00307BA']
601208	6012	8	执行者传说-7				相关资料已保存	84600121	2020/8/27 5:02	['RG00308EA']
601209	6012	9	执行者传说-8				相关资料已保存	84600122	2020/8/27 5:02	['RG00309BA']
601210	6012	10	执行者传说-9				相关资料已保存	84600122	2020/8/27 5:02	['RG00310BA']
601211	6012	11	执行者传说-10				相关资料已保存	84600122	2020/8/27 5:02	['RG00311BA']
601212	6012	12	执行者传说-11				相关资料已保存	84600122	2020/8/27 5:02	['RG00312BA']
601213	6012	13	执行者传说-12				相关资料已保存	84600123	2020/8/27 5:02	['RG00313BA']
601214	6012	14	执行者传说-13				相关资料已保存	84600123	2020/8/27 5:02	['RG00314BA']
601215	6012	15	执行者传说-14				相关资料已保存	84600123	2020/8/27 5:02	['RG00315BA']
601216	6012	16	执行者传说-15				相关资料已保存	84600124	2020/8/27 5:02	['RG00316BA', 'RG00316EA']
601217	6012	17	执行者传说-16				相关资料已保存	84600124	2020/8/27 5:02	['RG00317BA']
601218	6012	18	执行者传说-17				相关资料已保存	84600124	2020/8/27 5:02	['RG00318BA']
601219	6012	19	执行者传说-18				相关资料已保存	84600124	2020/8/27 5:02	['RG00319BA']
601220	6012	20	执行者传说-19				相关资料已保存	84600125	2020/8/27 5:02	['RG00320BA']
601221	6012	21	执行者传说-20				相关资料已保存	84600125	2020/8/27 5:02	['RG00321BA']
601222	6012	22	执行者传说-21				相关资料已保存	84600125	2020/8/27 5:02	['RG00322BA']
601223	6012	23	执行者传说-22				相关资料已保存	84600125	2020/8/27 5:02	['RG00323BA', 'RG00323EA']
601224	6012	24	执行者传说-23				相关资料已保存	84600126	2020/8/27 5:02	['RG00324BA']
601225	6012	25	执行者传说-24				相关资料已保存	84600126	2020/8/27 5:02	['RG00325BA']
601226	6012	26	执行者传说-25				相关资料已保存	84600126	2020/8/27 5:02	['RG00326EA']
601227	6012	27	执行者传说-26				相关资料已保存	84600126	2020/8/27 5:02	['RG00327BA']
601228	6012	28	执行者传说-27				相关资料已保存	84600127	2020/8/27 5:02	['RG00328BA']
601229	6012	29	执行者传说-28				相关资料已保存	84600127	2020/8/27 5:02	['RG00329BA']
601230	6012	30	执行者传说-29				相关资料已保存	84600127	2020/8/27 5:02	['RG00330BA']
601231	6012	31	执行者传说-30				相关资料已保存	84600127	2020/8/27 5:02	['RG00331BA']
601232	6012	32	执行者传说-31				相关资料已保存	84600128	2020/8/27 5:02	['RG00332BA']
601233	6012	33	执行者传说-32				相关资料已保存	84600128	2020/8/27 5:02	['RG00333BA']
601234	6012	34	执行者传说-33				相关资料已保存	84600128	2020/8/27 5:02	['RG00334BA']
601235	6012	35	执行者传说-34				相关资料已保存	84600128	2020/8/27 5:02	['RG00335EA']
601236	6012	36	执行者传说-35				相关资料已保存	84600129	2020/8/27 5:02	['RG00336BA']
601237	6012	37	执行者传说-36				相关资料已保存	84600129	2020/8/27 5:02	['RG00337BA', 'RG00337EA']
601238	6012	38	执行者传说-37				相关资料已保存	84600129	2020/8/27 5:02	['RG00338BA']
601239	6012	39	执行者传说-尾声				相关资料已保存	84600129	2020/8/27 5:02	['RG00339BA', 'RG00339EA']
601301	6013	1	夏日的午后				那是一个看起来有些褪色的盒子，封面是晴空下的度假海滩。	84600311	2020/7/23 5:02	['YR01301BB']
601302	6013	2	虚幻的泳装				仔细一看，这不都是泳装吗？	84600312	2020/7/23 5:02	['YR01302BB']
601303	6013	3	真心话大冒险				说到海滩，怎么能没有真心话大冒险环节！	84600313	2020/7/23 5:02	['YR01303BB', 'YR01303EB']
601304	6013	4	沙滩的战场				——穿着名为泳装‘战服’，奔跑在沙滩的‘战场’上。	84600314	2020/7/23 5:02	['YR01304BB', 'YR01304EB']
601305	6013	5	所谓“彩蛋”				对我来说，能和大家一起这样玩游戏就已经很开心了！	84600315	2020/7/23 5:02	['YR01305BB', 'YR01305EB']
601306	6013	6	短暂的休日				就让这段时光，再稍微长一点点吧。	84600316	2020/7/23 5:02	['YR01306BB']
601307	6013	7	特别的礼物				收到了意料之外的礼物。	84600317	2020/7/23 5:02	['YR01307BB']
601401	6301	2	游乐场				相关资料已保存	84600501	2020/7/30 5:02	['HD00201BA']
601501	6015	1	01 卡列尼娜				相关资料已保存	84800102		['HD00301BA']
601502	6015	2	02 露西亚				相关资料已保存	84800105		['HD00302BA']
601503	6015	3	03 薇拉				相关资料已保存	84800110		['HD00303BA']
601504	6015	4	04 卡穆				相关资料已保存	84800118		['HD00304BA']
601505	6015	5	05 加百列				相关资料已保存	84800118		['HD00305BA']
601506	6015	6	06 昭明				相关资料已保存	84800118		['HD00306BA']
601507	6015	7	07 露娜				相关资料已保存	84800118		['HD00307BA']
601508	6015	8	08 罗兰				相关资料已保存	84800118		['HD00308BA']
601601	6016	1	合约				你们怎么在一起？	84600320	2020/8/26 5:02	['QX00101BA']
601602	6016	2	月夜				在这天，为彼此留下一些特别的回忆。	84600321	2020/8/26 5:02	['QX00102BA']
601603	6016	3	舞台				舞台	84600322	2020/8/26 5:02	['QX00103BA', 'QX00103EA']
601604	6016	4	夏夜回忆				夏夜回忆	84600323	2020/8/26 5:02	['HD00309BA', 'HD00309EA']
601701	6017	1	开幕				为了寻找失散的物资，灰鸦等人不慎闯入了某个庆典。	84600330	2020/9/3 5:02	['ZY00101BA']
601702	6017	2	真假灰鸦				要取回物资就只有接收试炼……于是灰鸦等人开始了挑战。	84600331	2020/9/3 5:02	['ZY00102BA']
601703	6017	3	乱数数数				第二个试炼似乎与数字有关，为了尽快取回物资，里决定亲自出马。	84600332	2020/9/3 5:02	['ZY00103BA']
601704	6017	4	随鬼而行				第三个试炼要求的是勇气，于是露西亚举起了手。	84600333	2020/9/3 5:02	['ZY00104BA', 'ZY00104EA']
601705	6017	5	最后的战斗				第四个试炼则是队伍能力试炼，为了成为道长而战吧。	84600334	2020/9/3 5:02	['ZY00105BA']
601706	6017	6	结幕				机械们对于灰鸦等人的参加感到高兴，在白光之中，他们向指挥官道谢。	84600335	2020/9/3 5:02	['ZY00106BA']
601801	8002	19	雪上	雪痕_01			在航线联合的雪地上，指挥官和构造体们思考着各种问题。	84600340	2020/9/3 5:02	['YR01401BA']
601802	8002	20	测试项目罗塞塔	雪痕_02			改进机型以后，尼科拉决定让罗塞塔进行一次测试。	84600341	2020/9/3 5:02	['YR01402BA']
601803	8002	21	起行	雪痕_03			接下来是某人行动的时间。	84600342	2020/9/3 5:02	['YR01403BA']
601901	6019	1	SP-01	Ⅰ			尼科拉想测试从尼夫海姆实验室找到的作战编队系统，无疑，你是他的最好人选。	84600350	2020/9/10 5:02	['ZZ00101BA']
601902	6019	2	SP-02	Ⅰ			那熟悉的身影，从未预想过会在这里再次相遇。	84600351	2020/9/10 5:02	['ZZ00102BA']
601903	6019	3	SP-03	Ⅰ			在指挥战斗中，却始终感到了和平常的指挥存在着某种违和感。	84600352	2020/9/10 5:02	['ZZ00103BA']
601904	6019	4	SP-04	Ⅰ			就算只是数据，也不能够放弃任何一个成员，这才是理想的胜利。	84600353	2020/9/10 5:02	['ZZ00104BA']
601905	6019	5	SP-01	Ⅱ			试验继续如期而至，这次需要测试更多特有的系统，你准备好了吗？	84600354	2020/9/17 5:02	['ZZ00105BA']
601906	6019	6	SP-02	Ⅱ			系统的AI为让虚拟队员尽可能变得不像'机器人'，擅自添加了个性让战斗一片混乱。	84600355	2020/9/17 5:02	['ZZ00106BA']
601907	6019	7	SP-03	Ⅱ			要来了，两个一样的构造体，成为最强的‘风暴’吧！	84600356	2020/9/17 5:02	['ZZ00107BA']
601908	6019	8	SP-04	Ⅱ			在战况陷入僵局下，得到了AI不可思议的主动帮助，‘她’真的只是AI吗？	84600357	2020/9/17 5:02	['ZZ00108BA']
601909	6019	9	SP-01	Ⅲ			罗塞塔认为虚像地平线的系统是从尼夫海姆实验室找到的，相当危险，最好停止试验。	84600358	2020/9/24 5:02	['ZZ00109BA']
601910	6019	10	SP-02	Ⅲ			为了各种各样的目的，尼科拉与哈桑讨论关于‘虚像地平线’系统的应用性。	84600359	2020/9/24 5:02	['ZZ00110BA']
601911	6019	11	SP-03	Ⅲ			阿西莫夫和罗塞塔发现了AI杂音里隐藏的信息，必须阻止试验继续下去！	84600360	2020/9/24 5:02	['ZZ00111BA']
601912	6019	12	SP-04	Ⅲ			终于顺利完成了测试任务，但是最后却遇到了系统引导AI的异常。	84600361	2020/9/24 5:02	['ZZ00112BA']
601913	6019	13	SP-01	Ⅳ			你的意识被困在了‘虚像地平线’内，一直引导你的AI表示自己的名字叫‘安’，希望你能够留在这里参与永恒的战斗。	84600362	2020/10/1 5:02	['ZZ00113BA']
601914	6019	14	SP-02	Ⅳ			安被形似安博莉亚的怪物袭击，回忆起自己只是安博莉亚的备份人格，但在快要被吞噬的时候，却被她所创造的构造体所救下。	84600363	2020/10/1 5:02	['ZZ00114BA']
601915	6019	15	SP-03	Ⅳ			安表示想要离开这个系统的控制，你只能战胜这个‘安博莉亚’的怪物，她和所有的构造体都会帮助你的。	84600364	2020/10/1 5:02	['ZZ00115BA']
601916	6019	16	SP-04	Ⅳ			集合大家的力量将怪物打倒，但是这段经历却只能被遗忘，安也再次陷入了沉睡。	84600365	2020/10/1 5:02	['ZZ00116BA']
602001	6020	1	梦魇挽歌-1				相关资料已保存	84600202	2020/10/15 10:02	['SJ00101BA']
602002	6020	2	梦魇挽歌-2				相关资料已保存	84600202	2020/10/15 10:02	['SJ00102BA']
602003	6020	3	梦魇挽歌-3				相关资料已保存	84600202	2020/10/15 10:02	['SJ00103BA']
602004	6020	4	梦魇挽歌-4				相关资料已保存	84600202	2020/10/15 10:02	['SJ00104BA']
602005	6020	5	梦魇挽歌-5				相关资料已保存	84600202	2020/10/15 10:02	['SJ00105BA']
602006	6020	6	梦魇挽歌-6				相关资料已保存	84600202	2020/10/15 10:02	['SJ00106BA']
602007	6020	7	梦魇挽歌-7				相关资料已保存	84600202	2020/10/15 10:02	['SJ00107BA']
602008	6020	8	梦魇挽歌-8				相关资料已保存	84600202	2020/10/15 10:02	['SJ00108BA']
602009	6020	9	梦魇挽歌-9				相关资料已保存	84600202	2020/10/15 10:02	['SJ00109BA']
602010	6020	10	梦魇挽歌-10				相关资料已保存	84600202	2020/10/15 10:02	['SJ00110BA']
602011	6020	11	梦魇挽歌-11				相关资料已保存	84600202	2020/10/15 10:02	['SJ00111BA']
602012	6020	12	梦魇挽歌-12				相关资料已保存	84600202	2020/10/15 10:02	['SJ00112BA']
602013	6020	13	梦魇挽歌-13				相关资料已保存	84600202	2020/10/15 10:02	['SJ00113BA']
602101	6021	1	鱼骨松装点作战				相关资料已保存		2021/1/7 5:02	['SD00201BA']
602102	6021	2	再会！伯利恒之星				相关资料已保存		2021/1/7 5:02	['SD00202BA']
602103	6021	3	特约通讯				既然是这样的话就趁现在用携带装备与卫星进行连接吧，神威，你先去把万事叫醒。	84600701	2021/1/7 5:02	['SD00203BA']
602104	6021	4	绿洲之花				虽然孩子们想要赶忙藏起背后的东西，但本身就具有身高优势的渡边还是注意到孩子手上拿着的东西。	84600702	2021/1/7 5:02	['SD00204BA']
602105	6021	5	最佳拍档				就当是陪我胡闹一下就好，卡列尼娜，能拜托你吗？	84600703	2021/1/7 5:02	['SD00205BA']
602106	6021	6	小鬼当家				嗯，要是七实也在的话小孩子同盟就能凑够四个人了。	84600704	2021/1/7 5:02	['SD00206BA']
602107	6021	7	伊甸会面				她先是对着镜头摆了几个笑脸，然后又将镜头转向刚才对话的两人。	84600705	2021/1/7 5:02	['SD00207BA']
602108	6021	8	星间密语				然后全部的思念和祝福都汇聚于人工卫星之中，经由通讯线路，跨越空间和时间，让我们得以在今天见面。	84600706	2021/1/7 5:02	['SD00208BA']
602201	6022	1	崭新的祝福				为新的事物诞生以及新的一年而献上祝福——新年快乐。		2021/1/7 5:02	['YR01701BA']
602202	6022	2	某日的团圆				或许每日的苦痛都不值得记住，只有团圆的这一天，无论过了多少年，都不会被遗忘。	84600801	2021/1/7 5:02	['YR01702BA']
602203	6022	3	未知的发现				越是去寻找便越是发现更多的未知，对世界是这样，对自身也是如此。	84600802	2021/1/7 5:02	['YR01703BA']
602301	6023	1	楹联曰韵				相关资料已保存	84601001	2021/2/25 5:02	['HD00801BA']
602302	6023	2	星火长盈				相关资料已保存	84601001	2021/2/25 5:02	['HD00802BA']
602303	6023	3	景愿皆圆				相关资料已保存	84601002	2021/2/25 5:02	['HD00803BA']
602304	6023	4	历新革变				相关资料已保存	84601003	2021/2/25 5:02	['HD00804BA']
602305	6023	5	矢志不折				相关资料已保存	84601004	2021/2/25 5:02	['HD00805BA']
602306	6023	6	遥寄静梦				相关资料已保存	84601005	2021/2/25 5:02	['HD00806BA']
602401	6024	1	独自一人的任务				……等等，这样说的意思是……指挥官要自己执行这项任务吗？	84601101	2021/2/25 5:02	['HD00701BA']
602402	6024	2	在特别的日子里				就算是对遗忘者来说，今天也是一年里最特别的一天。	84601102	2021/2/25 5:02	['HD00702BA']
602403	6024	3	遗忘者与孩子们				被遗忘的……不只有我们，还有这些孩子们。	84601103	2021/2/25 5:02	['HD00703BA', 'HD00703EA']
602404	6024	4	烟花中的战斗				作战目标是歼灭侵入营地的所有感染体……一只不留！	84601104	2021/2/25 5:02	['HD00704BA', 'HD00704EA']
602405	6024	5	另一段旅程				短暂的双人旅程结束，一切回归到开始，仍旧是一次毫无意外的单人旅途。	84601105	2021/2/25 5:02	['HD00705BA']
602406	6024	6	可疑的踪迹				在015号都市里发现的可疑痕迹，到底是什么……？	84601106	2021/2/25 5:02	['HD00706BA']
602407	6024	7	被围困的少女				喂！！！我们现在就来救你！！	84601107	2021/2/25 5:02	['HD00707BA', 'HD00707EA']
602408	6024	8	被遗忘的礼物				喂，你们几个，想不想亲自把‘物资商’没带走的纪念品交到他手里？	84601108	2021/2/25 5:02	['HD00708BA']
602409	6024	9	“红封”大作战				所有人准备！立刻开始收集诱饵！	84601109	2021/2/25 5:02	['HD00709BA', 'HD00709EA']
602410	6024	10	灰鸦的“营救”				有我在，还有你和里在，我们不会让指挥官有任何意外。	84601110	2021/2/25 5:02	['HD00710BA']
602411	6024	11	为“夕”而战				为了可爱的‘夕’，七实英勇的保镖们！快点上！！	84601111	2021/2/25 5:02	['HD00711BA']
602412	6024	12	属于大家的新年				新年快乐，从今往后的每一年，都能与你这样度过，就好了。	84601112	2021/2/25 5:02	['HD00712BA']
602501	6025	1	危机之日				做好心理准备，今天或许是空中花园迄今为止最为多灾多难的一天……	84601301	2021/4/8 5:02	['RY00201BA']
602502	6025	2	幻境来客				在某个地方，或许存在着不为人知的神秘幻境……	84601302	2021/4/8 5:02	['RY00202BA']
602503	6025	3	迟到的兔子				迟到了迟到了……盛大的欢迎仪式要开始了！	84601303	2021/4/8 5:02	['RY00203BA', 'RY00203EA']
602504	6025	4	七色的糖纸				透过这张糖纸所看到的风景，或许才是那真正想要的梦境。	84601304	2021/4/8 5:02	['RY00204BA']
602505	6025	5	谎言与朋友				话语会伤害他人，而谎言，或许就是最锋利的刀锋。	84601305	2021/4/8 5:02	['RY00205BA']
602506	6025	6	疯子的茶会				属于疯子的茶会要开始了——香喷喷的红茶，甜腻的蜂蜜煎饼！当然还有滑稽的小丑！	84601306	2021/4/8 5:02	['RY00206BA']
602507	6025	7	崩塌的巨塔				或许比起自己，他们更懂得人类的弱点，更明白如何才能让参天的巨塔崩塌。	84601307	2021/4/8 5:02	['RY00207BA']
602508	6025	8	理想的国度				这里大家都是你的朋友<//??见??>，这里的一切都是为你<//銝?摰?>而设，这里就是最理想的国度。	84601308	2021/4/8 5:02	['RY00208BA', 'RY00208EA']
602509	6025	9	愚者们的未来				不知道方向的人，是为愚者。知道方向却不愿前行的人，是为愚者。也正因无知，愚者仍能向着未来前行。	84601309	2021/4/8 5:02	['RY00209BA']
602601	6026	1	无尽夏				偷得浮生半日闲			['H001001BA']
602602	6026	2	片刻温存				在这个冰冷寂静的夜晚，你即是唯一的光源。			['H001002BA']
602603	6026	3	往昔碎片				她将一把尖锐的短剑放在露西亚手中。			['H001003BA']
602604	6026	4	苍蓝泡沫				原来，信任是这种东西。			['H001004BA', 'H001004EA']
602701	6027	4	彩色的心意				指挥官——感谢有你所在的今天和之后的每一天！	1002015	2022/11/11 5:02	['HD01101BA']
602801	6028	1	岁末邀请				指挥官你们可一定要来啊，我先去通知其他人了！	84601901	2022/3/10 5:02	['HD01201BA']
602802	6028	2	琥虎临门				现在隆重介绍一下七实的心血之作——锵！锵！锵！琥虎！	84601902	2022/3/10 5:02	['HD01202BA']
602803	6028	3	新世符福				我是……住在……你们隔壁的……艺术家……啊。	84601903	2022/3/10 5:02	['HD01203BA']
602804	6028	4	扫尘除残					84601904	2022/3/10 5:02	['HD01204BA', 'HD01204EA']
602805	6028	5	童子颂联				就是这副对联啦，客人你买了绝对不吃亏呀！	84601905	2022/3/10 5:02	['HD01205BA']
602806	6028	6	拜火祭灶					84601906	2022/3/10 5:02	['HD01206BA', 'HD01206EA']
602807	6028	7	珲春贴福					84601907	2022/3/10 5:02	['HD01207BA', 'HD01207EA']
602808	6028	8	守岁延祥					84601908	2022/3/10 5:02	['HD01208BA', 'HD01208EA']
602809	6028	9	辞旧驱邪					84601909	2022/3/10 5:02	['HD01209BA', 'HD01209EA']
602810	6028	10	迎新纳吉					84601910	2022/3/10 5:02	['HD01210BA', 'HD01210EA']
602811	6028	11	新春快乐					84601911	2022/3/10 5:02	['HD01211BA']
602901	6029	1	庆典					84602001	2022/4/21 5:02	['HD01301BA']
602902	6029	2	星札					84602002	2022/4/21 5:02	['HD01302BA']
602903	6029	3	寻宝奇兵					84602003	2022/4/21 5:02	['HD01303BA', 'HD01303EA']
602904	6029	4	花开有声					84602004	2022/4/21 5:02	['HD01304BA']
602905	6029	5	亲子游戏					84602005	2022/4/21 5:02	['HD01305BA']
602906	6029	6	何以为家					84602006	2022/4/21 5:02	['HD01306BA']
602907	6029	7	芳华一瞬					84602007	2022/4/21 5:02	['HD01307BA']
602908	6029	8	舌尖暖意					84602008	2022/4/21 5:02	['HD01308BA', 'HD01308EA']
603001	6030	1	魔王的剧本				魔王与勇者相遇在花海里，这场胜负将为她的剧本降下帷幕……吗？	84602201	2022/7/8 5:02	['HD01501BA']
603002	6030	2	勇者的世界				世界重启之际，勇者从天而降。	84602202	2022/7/8 5:02	['HD01502BA']
603004	6030	4	术士的计划				在收集远超所需的原材料以后，灰鸦小队的众人踏上了归途。	84602204	2022/7/8 5:02	['HD01504BA']
603005	6030	5	王城的骚乱				这是一个开幕之初就足以影响整个世界的事件。	84602205	2022/7/8 5:02	['HD01505BA']
603006	6030	6	关键转折					84602206	2022/7/8 5:02	['HD01506EA']
603007	6030	7	贤者的自白				他也曾是一名勇者，直到膝盖中了一发奥术飞弹。	84602207	2022/7/8 5:02	['HD01507BA']
603008	6030	8	各自的麻烦				汇合之后，麻烦接踵而至，北方荒漠的红色风暴也正在靠近。	84602208	2022/7/8 5:02	['HD01508BA']
603009	6030	9	合理征用					84602209	2022/7/8 5:02	['HD01509BA']
603010	6030	10	天空之主					84602210	2022/7/8 5:02	['HD01510BA', 'HD01510EA']
603011	6030	11	独特的争吵				当争吵的二者都从对方的角度出发时……	84602211	2022/7/8 5:02	['HD01511BA']
603012	6030	12	龙乡的故地				在历经种种困难之后，灰鸦小队抵达了龙乡的故土。	84602212	2022/7/8 5:02	['HD01512BA']
603013	6030	13	最后的宝物					84602213	2022/7/8 5:02	['HD01513BA', 'HD01513EA']
603014	6030	14	舞台的外侧				冒险结束之后，仍有残响于此处回荡。	84602214	2022/7/8 5:02	['HD01514BA']
603015	6030	15	以同伴之名				不知不觉中，大家的手已经连在一起。	84602215	2022/7/8 5:02	['HD01515BA']
603101	6031	1	低语的森林				微风拂过树梢，掀起轻响，森林似乎在诉说着同样的低语。		2022/8/11 10:02	['HD01601BA']
603102	6031	2	告别的仙境				稚嫩安眠的守护者，向着已经无惧风雨的幼苗做着最后的告别。		2022/8/11 10:02	['HD01602BA']
603103	6031	3	绽放的绮翼						2022/8/11 10:02	['HD01603BA', 'HD01603EA']
603201	6032	1	庆典帷幕				当节日来临之际，翘首以盼的人们会开始进行准备。	84602301		['HD01701BA']
603202	6032	2	私人信件				一封私人信件，提前开启了热闹的盛典。	84602302		['HD01702BA']
603203	6032	3	无限制竞速				不管是用双腿还是喷射器，只要能够首先抵达终点就是胜利。	84602303		['HD01703BA', 'HD01703EA']
603204	6032	4	人机角力				也许在这场角力背后，是两个不愿认输的家伙。	84602304		['HD01704BA']
603205	6032	5	遥月与兔子				传说往往会因为时代而发生变化。	84602305		['HD01705BA', 'HD01705EA']
603206	6032	6	亲爱的世界				刻录的文字会装入信封，被它带往远方。	84602306		['HD01706BA']
603207	6032	7	汇如江水				节日是如此的神奇，总能悄然无息地把所有人联系到一起。	84602307		['HD01707BA']
603301	6033	1	无忧无虑大作战				为相遇的奇迹及今后的每一天，献上祝福。	1002904	2023/11/11 5:02	['HD01102BA']
603801	6038	1	在一切开始前				在一切开始前	1002906	2024/11/11 5:02	['HD02900BA']
603802	6038	2	与露西亚共度的时光				与露西亚共度的时光	1002906	2024/11/11 5:02	['HD02929BA']
603803	6038	3	与里共度的时光				与里共度的时光	1002906	2024/11/11 5:02	['HD02916BA']
603804	6038	4	与丽芙共度的时光				与丽芙共度的时光	1002906	2024/11/11 5:02	['HD02928BA']
603805	6038	5	与苏菲亚共度的时光				与苏菲亚共度的时光	1002906	2024/11/11 5:02	['HD02922BA']
603806	6038	6	与常羽共度的时光				与常羽共度的时光	1002906	2024/11/11 5:02	['HD02923BA']
603807	6038	7	与库洛姆共度的时光				与库洛姆共度的时光	1002906	2024/11/11 5:02	['HD02901BA']
603808	6038	8	与神威共度的时光				与神威共度的时光	1002906	2024/11/11 5:02	['HD02914BA']
603809	6038	9	与万事共度的时光				与万事共度的时光	1002906	2024/11/11 5:02	['HD02902BA']
603810	6038	10	与卡穆共度的时光				与卡穆共度的时光	1002906	2024/11/11 5:02	['HD02913BA']
603811	6038	11	与卡列尼娜共度的时光				与卡列尼娜共度的时光	1002906	2024/11/11 5:02	['HD02918BA']
603812	6038	12	与露娜共度的时光				与露娜共度的时光	1002906	2024/11/11 5:02	['HD02920BA']
603813	6038	13	与α共度的时光				与α共度的时光	1002906	2024/11/11 5:02	['HD02925BA']
603814	6038	14	与罗兰共度的时光				与罗兰共度的时光	1002906	2024/11/11 5:02	['HD02903BA']
603815	6038	15	与拉弥亚共度的时光				与拉弥亚共度的时光	1002906	2024/11/11 5:02	['HD02910BA']
603816	6038	16	与渡边共度的时光				与渡边共度的时光	1002906	2024/11/11 5:02	['HD02915BA']
603817	6038	17	与艾拉共度的时光				与艾拉共度的时光	1002906	2024/11/11 5:02	['HD02917BA']
603818	6038	18	与赛琳娜共度的时光				与赛琳娜共度的时光	1002906	2024/11/11 5:02	['HD02911BA']
603819	6038	19	与七实共度的时光				与七实共度的时光	1002906	2024/11/11 5:02	['HD02924BA']
603820	6038	20	与哈卡玛共度的时光				与哈卡玛共度的时光	1002906	2024/11/11 5:02	['HD02905BA']
603821	6038	21	与含英共度的时光				与含英共度的时光	1002906	2024/11/11 5:02	['HD02907BA']
603822	6038	22	与比安卡共度的时光				与比安卡共度的时光	1002906	2024/11/11 5:02	['HD02919BA']
603823	6038	23	与罗塞塔共度的时光				与罗塞塔共度的时光	1002906	2024/11/11 5:02	['HD02926BA']
603824	6038	24	与薇拉共度的时光				与薇拉共度的时光	1002906	2024/11/11 5:02	['HD02927BA']
603825	6038	25	与21号共度的时光				与21号共度的时光	1002906	2024/11/11 5:02	['HD02909BA']
603826	6038	26	与诺克提共度的时光				与诺克提共度的时光	1002906	2024/11/11 5:02	['HD02906BA']
603827	6038	27	与曲共度的时光				与曲共度的时光	1002906	2024/11/11 5:02	['HD02921BA']
603828	6038	28	与蒲牢共度的时光				与蒲牢共度的时光	1002906	2024/11/11 5:02	['HD02904BA']
603829	6038	29	与邦比娜塔共度的时光				与邦比娜塔共度的时光	1002906	2024/11/11 5:02	['HD02908BA']
603830	6038	30	与诺安共度的时光				与诺安共度的时光	1002906	2024/11/11 5:02	['HD02912BA']
603831	6038	31	与回音共度的时光				与回音共度的时光	1002906	2024/11/11 5:02	['HD02930BA']
603832	6038	32	与布偶熊共度的时光				与布偶熊共度的时光	1002906	2024/11/11 5:02	['HD02931BA']
603833	6038	33	与布丽姬特共度的时光				与布丽姬特共度的时光	1002906	2024/11/11 5:02	['HD02932BA']
603401	6034	1	岁晚留灯				这些味道，知觉和情感，共同组成了九龙关于这个节日的记忆。	84602401	2023/2/6 5:02	['HD01801BA']
603402	6034	2	挑灯除夜				电车起步，请各位乘客扶好站稳。	84602402	2023/2/6 5:02	['HD01802EA']
603403	6034	3	更阑旧程				要是能回到昨天就好了……吗？	84602403	2023/2/6 5:02	['HD01803BA', 'HD01803EA']
603404	6034	4	续明接筵				你们应该也要去“扮演”那个过去自己的角色了吧。	84602404	2023/2/6 5:02	['HD01804BA']
603405	6034	5	饯岁重叙				这就是为什么我们是，或者说曾是人类，而你是程序的原因。	84602405	2023/2/6 5:02	['HD01805BA']
603406	6034	6	欢赏寄春				桌上的东西，诺克提说，是“火锅”和“饺子”。	84602406	2023/2/6 5:02	['HD01806BA']
603407	6034	7	新宵旧梦				哼，改变不了历史？有什么不可改变的……	84602407	2023/2/6 5:02	['HD01807BA']
603408	6034	8	刻烛守岁				算不上多好，也算不上多坏，这样应该就够了吧。	84602408	2023/2/6 5:02	['HD01808BA']
603409	6034	9	平晓春明				我无法理解你的选择，但我会尊重它。	84602409	2023/2/6 5:02	['HD01809BA', 'HD01809EA']
603410	6034	10	先吃饭吧				事已至此，先吃饭吧！	84602410	2023/2/6 5:02	['HD01810BA']
603501	6035	1	凛冬游弋				若是神明从不存在，人又为何而祈祷？	84602411	2023/2/3 10:01	['HD017301BA']
603502	6035	2	雪覆刻痕				有些伤痕只是被雪掩盖，从未消失。	84602412	2023/2/3 10:01	['HD017302BA', 'HD017302EA']
603503	6035	3	白梦预言				一切都在向着那个孤独赴死的“预言”前行。	84602413	2023/2/3 10:01	['HD017303BA']
603504	6035	4	向死起誓				您愿意对我立下一个誓言吗？	84602414	2023/2/3 10:01	['HD017304BA', 'HD017304EA']
603505	6035	5	白梦垂影				你看，这里不仅有雪，还有花。	84602415	2023/2/3 10:01	['HD017305BA']
603601	6036	1	剧本研讨会				完结的故事要出续集？大家都来想想办法吧。	84602471	2023/7/10 5:02	['HD02301BA']
603602	6036	2	贤者从天而降				隐约记得上一次……我们也是这么过来的吧，乘务长……乘务长！！	84602472	2023/7/10 5:02	['HD02302BA']
603603	6036	3	“老朋友”				那家伙，一点都没有变老嘛。	84602473	2023/7/10 5:02	['HD02303BA']
603604	6036	4	灰鸦小小队				灰鸦小小队，集结！	84602474	2023/7/10 5:02	['HD02304BA']
603605	6036	5	贤者的任务				悠哉游哉的勇者与心急火燎的贤者。	84602475	2023/7/10 5:02	['HD02305BA']
603606	6036	6	飞天拉面				无心播下的种子，业已成长为了苍天大树。	84602476	2023/7/10 5:02	['HD02306BA']
603607	6036	7	当人类学会用火				自人类学会用火的那一刻起，日新月异的时代就此到来。	84602477	2023/7/10 5:02	['HD02307BA']
603608	6036	8	漫长的故事				他将最珍视的宝物，埋藏在了岁月长河之中。	84602478	2023/7/10 5:02	['HD02308BA']
603609	6036	9	同伴				无声的陪伴，是他给同伴的最终答案。	84602479	2023/7/10 5:02	['HD02309BA']
603610	6036	10	回声				明年的今天，又将会是怎样的故事呢？	84602480	2023/7/10 5:02	['HD02310BA']
603701	6037	1	纠缠现象				不曾遐想的冒险就此开始。	84602499	2023/8/24 10:01	['HD02501BA']
603702	6037	2	理想晶体				事实离完美总是只差一步。	84602500	2023/8/24 10:01	['HD02502BA']
603703	6037	3	几何因数				通向结局的方程式已经凑齐了！	84602501	2023/8/24 10:01	['HD02503BA']
603704	6037	4	焰色效应				升腾的烟火要从何处看起？	84602502	2023/8/24 10:01	['HD02504BA']
603705	6037	5	星河新星				今夜，见证超新星的诞生！	84602503	2023/8/24 10:01	['HD02505BA']
603901	6039	1	赴岸				寻觅，坠于风雨。	84602560	2024/3/7 10:01	['HD03101BA']
603902	6039	2	礁垂晚汐				海会温柔地吞没一切低落。	84602561	2024/3/7 10:01	['HD03102BA']
603903	6039	3	风急雨骤				风平浪静，只是海转瞬即逝的切片。	84602562	2024/3/7 10:01	['HD03103BA', 'HD03103EA']
603904	6039	4	沦没之渊				溺水的鱼，搁浅在浪花里。	84602563	2024/3/7 10:01	['HD03104BA']
603905	6039	5	囚隙妄念				卑微的贪婪。	84602564	2024/3/7 10:01	['HD03105BA']
603906	6039	6	伪饰光景				如果，	84602565	2024/3/7 10:01	['HD03106BA', 'HD03106EA']
603907	6039	7	浮沫				徘徊的浪迹不曾靠岸。	84602566	2024/3/7 10:01	['HD03107BA', 'HD03107EA']
603908	6039	8	拂晓				见到日出，我便不能自己。	84602700	2024/9/26 5:00	['HD03108BA']
604001	6040	1	惊雷				于雪寂中听惊雷。	84602641	2024/8/15 9:59	['HD03401BA']
604002	6040	2	客尘				不住名客，摇动名尘。	84602642	2024/8/15 9:59	['HD03402BA']
604003	6040	3	能变				变化计无穷，生死竟不止。	84602643	2024/8/15 9:59	['HD03403BA']
604004	6040	4	共济				深明实际，不在其中。	84602644	2024/8/15 9:59	['HD03404BA']
604005	6040	5	随应				触不可及。	84602645	2024/8/15 9:59	['HD03405BA']
604006	6040	6	境现				如行在地狱之上凝视繁花。	84602646	2024/8/15 9:59	['HD03406EA']
604007	6040	7	自在				如露亦如电，然而，然而。	84602647	2024/8/15 9:59	['HD03407BA']
604201	6042	1	“撒旦”				“那是你们共生的‘心脏’。”	84602721	2024/12/12 9:59	['HD03801BA']
604202	6042	2	错位伊甸				让我成为你的眼睛。	84602722	2024/12/12 9:59	['HD03802BA']
604203	6042	3	赤果人间				飞蛾扑火，也是本我情愿。	84602723	2024/12/12 9:59	['HD03803BA']
604204	6042	4	神遗之月				腐烂的果实再度丰满，如枯木逢春。	84602724	2024/12/12 9:59	['HD03804BA']
604205	6042	5	镜中雨				等到雨停的那天，我们会再次相见。	84602725	2024/12/12 9:59	['HD03805BA']
604301	6043	1	瞬息间是夜晚				你是否愿意和露西亚小姐结为伴侣，爱她、陪伴并守护她？	84602783	2025/3/6 5:00	['HD04401BA']
604302	6043	2	黑色竞技场				巨大财富的背后，往往隐藏着罪恶。	84602784	2025/3/6 5:00	['HD04402BA', 'HD04402EA']
604303	6043	3	春与修罗				星前月下，二人飞掠过海岸，奔向今夜的盛大狂欢。	84602785	2025/3/6 5:00	['HD04403BA']
604304	6043	4	玫瑰的名字				我的心是荒墟的玫瑰，在你的眼中找到了它的庭园。	84602786	2025/3/6 5:00	['HD04404BA']
604305	6043	5	剧乐之城				欧芹、鼠尾草、迷迭香和百里香，不用针线，她会成为我的挚爱。	84602787	2025/3/6 5:00	['HD04405BA']
604306	6043	6	到婚礼去				胜利的快意，爱情的报酬，把你们的忠贞联结为最幸福的一对！	84602788	2025/3/6 5:00	['HD04406BA']
604307	6043	7	予你的誓言				卡塔尼亚人有他们的纪年，一万个世纪短于一个吻的瞬间。	84602789	2025/3/6 5:00	['HD04407BA']
604308	6044	1	蔚蓝天空下				日后，还有别的夏天，但再也不会和此时的夏天一样，澄澈、湛蓝、且温馨。	84602841	2025/8/21 5:00	['HD04500BA']
604309	6044	2	于盛夏某日				月光轻柔落在她的肩头，为她镀上一层朦胧雅意。	84602842	2025/8/21 5:00	['HD04503BA']
604310	6044	3	于寂夜某处				露西亚的微笑在氤氲的蓝中绽放。	84602843	2025/8/21 5:00	['HD04504BA']
604311	6044	4	响铃前				望向她的侧颜，那晶红色的瞳孔里面，摇曳着苍青色的海。	84602844	2025/8/21 5:00	['HD04501BA']
604312	6044	5	放课后				夏天即将结束，在最后的夜晚，为她实现一个愿望吧。	84602845	2025/8/21 5:00	['HD04502BA']
604313	6045	1	即景				在夏光中相遇。	84602846	2025/8/21 5:00	['HD04601BA']
604314	6045	2	浅暮				川山铃乐，林中见狐。	84602847	2025/8/21 5:00	['HD04602BA']
604315	6045	3	神婚				入乡随俗，乔妆赴宴。	84602848	2025/8/21 5:00	['HD04603BA']
604316	6045	4	心契				灯升星落，皓夜萤明。	84602849	2025/8/21 5:00	['HD04604BA']
604317	6045	5	予诺				情深不倦，初心不改。	84602850	2025/8/21 5:00	['HD04605BA', 'HD04605EA']
604318	6045	6	结缘				在夏夜里相携。	84602851	2025/8/21 5:00	['HD04606BA']
604319	6047	1	毁灭日				“生命是一场祈旅。当我们失去所爱之人时，便会明白，我们给予和接受的美好都绝非无意义，一切不会就此结束，人类的存在并非终于坟墓。”	84602880	2025/12/23 5:00	['HD04901BA']
604320	6047	2	牵羊绳				可你就在我面前，我怎会放你狼狈地死去？	84602881	2025/12/23 5:00	['HD04902BA']
604321	6047	3	安心骰				齿轮严丝合缝，骰子千变万化，一切事物都被牵引着构成“有序”或“错乱”的组合，螺旋向上地行进。	84602882	2025/12/23 5:00	['HD04903BA']
604322	6047	4	提线偶				你从来不会做出偏安一隅的选择，你的选择一定与整个世界息息相关——这就是你，这才是你。	84602883	2025/12/23 5:00	['HD04904BA']
604323	6047	5	红与灰				你张开嘴。	84602884	2025/12/23 5:00	['HD04905BA']
604324	6047	6	有罪者				我宣布你无罪。	84602885	2025/12/23 5:00	['HD04906BA']
604325	6047	7	和解日				我想客观，中立，平等，俯瞰每一个故事。	84602886	2025/12/23 5:00	['HD04907BA']
630101	6301	3	极光天穹				相关资料已保存	84600501	2020/9/24 5:02	['HD00201BB']
630102	6301	4	白泽枢				相关资料已保存	84600501	2020/11/19 10:02	['HD00201BC']
650101	6501	1	温迪戈-1				相关资料已保存	84600130	2020/10/8 5:02	['RG00401BA']
650102	6501	2	温迪戈-2				相关资料已保存	84600130	2020/10/8 5:02	['RG00402BA']
650103	6501	3	温迪戈-3				相关资料已保存	84600131	2020/10/8 5:02	['RG00403BA']
650104	6501	4	温迪戈-4				相关资料已保存	84600131	2020/10/8 5:02	['RG00404BA']
650105	6501	5	温迪戈-5				相关资料已保存	84600132	2020/10/8 5:02	['RG00405BA']
650106	6501	6	温迪戈-6				相关资料已保存	84600132	2020/10/8 5:02	['RG00406BA']
650107	6501	7	温迪戈-7				相关资料已保存	84600133	2020/10/8 5:02	['RG00407BA']
650108	6501	8	温迪戈-8				相关资料已保存	84600133	2020/10/8 5:02	['RG00408BA']
650109	6501	9	温迪戈-9				相关资料已保存	84600134	2020/10/8 5:02	['RG00409BA']
650110	6501	10	温迪戈-10				相关资料已保存	84600134	2020/10/8 5:02	['RG00410BA']
650111	6501	11	温迪戈-11				相关资料已保存	84600135	2020/10/8 5:02	['RG00411BA']
650112	6501	12	温迪戈-12				相关资料已保存	84600135	2020/10/8 5:02	['RG00412BA']
650113	6501	13	温迪戈-13				相关资料已保存	84600136	2020/10/8 5:02	['RG00413BA']
650114	6501	14	温迪戈-14				相关资料已保存	84600136	2020/10/8 5:02	['RG00414BA']
650115	6501	15	温迪戈-15				相关资料已保存	84600137	2020/10/8 5:02	['RG00415BA']
650116	6501	16	温迪戈-16				相关资料已保存	84600137	2020/10/8 5:02	['RG00416BA']
650117	6501	17	温迪戈-17				相关资料已保存	84600138	2020/10/8 5:02	['RG00417BA']
650118	6501	18	温迪戈-18				相关资料已保存	84600138	2020/10/8 5:02	['RG00418BA']
650119	6501	19	温迪戈-19				相关资料已保存	84600139	2020/10/8 5:02	['RG00419BA']
650120	6501	20	温迪戈-20				相关资料已保存	84600139	2020/10/8 5:02	['RG00420BA']
650201	6502	1	托罗之书-1				相关资料已保存	84600140	2020/11/12 5:02	['RG00501BA']
650202	6502	2	托罗之书-2				相关资料已保存	84600140	2020/11/12 5:02	['RG00502BA', 'RG00502EA']
650203	6502	3	托罗之书-3				相关资料已保存	84600141	2020/11/12 5:02	['RG00503BA']
650204	6502	4	托罗之书-4				相关资料已保存	84600142	2020/11/12 5:02	['RG00504BA', 'RG00504EA']
650205	6502	5	托罗之书-5				相关资料已保存	84600143	2020/11/12 5:02	['RG00505BA']
650206	6502	6	托罗之书-6				相关资料已保存	84600144	2020/11/12 5:02	['RG00506BA', 'RG00506EA']
650207	6502	7	托罗之书-7				相关资料已保存	84600145	2020/11/12 5:02	['RG00507BA']
650208	6502	8	托罗之书-8				相关资料已保存	84600146	2020/11/12 5:02	['RG00508BA', 'RG00508EA']
650209	6502	9	托罗之书-9				相关资料已保存	84600147	2020/11/12 5:02	['RG00509BA']
660101	6601	1	空想环廊				相关资料已保存			['KD00101BA']
670101	6701	1	飒棋战阵				相关资料已保存			['KD00102BA']
680101	6801	1	SP-01				这里是少数几个在空中花园抬头就能看见宇宙的地方，但此处看向的不是地球，而是远方。			['ZZ00201BA']
680102	6801	2	SP-02				哈桑沉思了几秒后点了点头，身体仍旧保持着一贯的姿势，注视着面前那颗蔚蓝的星球。			['ZZ00201EA']
1600101	16001	1	与薇拉同行-1				相关资料已保存	84602400	2022/12/19 5:02	['HD017101BA']
1600102	16001	2	与薇拉同行-2				相关资料已保存	84602400	2022/12/19 5:02	['HD017102BA']
1600103	16001	3	与薇拉同行-3				相关资料已保存	84602400	2022/12/19 5:02	['HD017103BA']
1600104	16001	4	与薇拉同行-4				相关资料已保存	84602400	2022/12/19 5:02	['HD017104BA']
1600201	16002	1	与里同行-1				相关资料已保存	84602400	2022/12/19 5:02	['HD017105BA']
1600202	16002	2	与里同行-2				相关资料已保存	84602400	2022/12/19 5:02	['HD017106BA']
1600203	16002	3	与里同行-3				相关资料已保存	84602400	2022/12/19 5:02	['HD017107BA']
1600204	16002	4	与里同行-4				相关资料已保存	84602400	2022/12/19 5:02	['HD017108BA']
1600301	16003	1	与艾拉同行-1				相关资料已保存	84602400	2022/12/19 5:02	['HD017109BA']
1600302	16003	2	与艾拉同行-2				相关资料已保存	84602400	2022/12/19 5:02	['HD017110BA']
1600303	16003	3	与艾拉同行-3				相关资料已保存	84602400	2022/12/19 5:02	['HD017111BA']
1600304	16003	4	与艾拉同行-4				相关资料已保存	84602400	2022/12/19 5:02	['HD017112BA']
1600401	16004	1	与卡列同行-1				相关资料已保存	84602400	2022/12/19 5:02	['HD017113BA']
1600402	16004	2	与卡列同行-2				相关资料已保存	84602400	2022/12/19 5:02	['HD017114BA']
1600403	16004	3	与卡列同行-3				相关资料已保存	84602400	2022/12/19 5:02	['HD017115BA']
1600404	16004	4	与卡列同行-4				相关资料已保存	84602400	2022/12/19 5:02	['HD017116BA']
1600501	16005	1	未来序曲	I 序幕			相关资料已保存	84602400	2022/12/19 5:02	['HD017117BA']
1600502	16005	2	未来序曲	II 序幕			相关资料已保存	84602400	2022/12/19 5:02	['HD017118BA']
1600503	16005	3	未来序曲	lll 序幕			相关资料已保存	84602400	2022/12/19 5:02	['HD017119BA']
1600504	16005	4	未来序曲	I 结局			相关资料已保存	84602400	2022/12/19 5:02	['HD017120BA']
1600505	16005	5	未来序曲	II 结局			相关资料已保存	84602400	2022/12/19 5:02	['HD017121BA']
1600506	16005	6	未来序曲	lll 结局			相关资料已保存	84602400	2022/12/19 5:02	['HD017122BA']
610001	6100	1	夕语论星	序幕			相关资料已保存			['QX00201BA']
610002	6100	2	夕语论星	比安卡			相关资料已保存			['QX00202BA']
610003	6100	3	夕语论星	露西亚			相关资料已保存			['QX00224BA']
610004	6100	4	夕语论星	丽芙			相关资料已保存			['QX00223BA']
610005	6100	5	夕语论星	里			相关资料已保存			['QX00225BA']
610006	6100	6	夕语论星	神威			相关资料已保存			['QX00206BA']
610007	6100	7	夕语论星	七实			相关资料已保存			['QX00204BA']
610008	6100	8	夕语论星	卡列尼娜			相关资料已保存			['QX00221BA']
610009	6100	9	夕语论星	渡边			相关资料已保存			['QX00220BA']
610010	6100	10	夕语论星	艾拉			相关资料已保存			['QX00208BA']
610011	6100	11	夕语论星	苏菲亚			相关资料已保存			['QX00211BA']
610012	6100	12	夕语论星	库洛姆			相关资料已保存			['QX00222BA']
610013	6100	13	夕语论星	薇拉			相关资料已保存			['QX00203BA']
610014	6100	14	夕语论星	卡穆			相关资料已保存			['QX00217BA']
610015	6100	15	夕语论星	罗塞塔			相关资料已保存			['QX00214BA']
610016	6100	16	夕语论星	曲			相关资料已保存			['QX00210BA']
610017	6100	17	夕语论星	常羽			相关资料已保存			['QX00215BA']
610018	6100	18	夕语论星	露娜			相关资料已保存			['QX00226BA']
610019	6100	19	夕语论星	万事			相关资料已保存			['QX00207BA']
610020	6100	20	夕语论星	赛琳娜			相关资料已保存			['QX00209BA']
610021	6100	21	夕语论星	21号			相关资料已保存			['QX00219BA']
610022	6100	22	夕语论星	罗兰			相关资料已保存			['QX00218BA']
610023	6100	23	夕语论星	蒲牢			相关资料已保存			['QX00213BA']
610024	6100	24	夕语论星	哈卡玛			相关资料已保存			['QX00216BA']
610025	6100	25	夕语论星	诺安			相关资料已保存			['QX00205BA']
610026	6100	26	夕语论星	阿尔法			相关资料已保存			['QX00212BA']
610027	6100	27	夕语论星	邦比娜塔			相关资料已保存			['QX00227BA']
610028	6100	28	夕语论星	含英			相关资料已保存			['QX00228BA']
610101	6101	1	光辉同行	独行-2			相关资料已保存	84602310	2022/12/19 5:02	['HD017201BA']
610102	6101	2	光辉同行	独行-3			相关资料已保存	84602311	2022/12/19 5:02	['HD017202BA']
610103	6101	3	光辉同行	启程-1			相关资料已保存	84602312	2022/12/19 5:02	['HD017203BA']
610104	6101	4	光辉同行	回首-1			相关资料已保存	84602313	2022/12/19 5:02	['HD017204BA']
610105	6101	5	光辉同行	回首-9			相关资料已保存	84602314	2022/12/19 5:02	['HD017205BA']
610106	6101	6	光辉同行	同行-7			相关资料已保存	84602315	2022/12/19 5:02	['HD017206BA']
610201	6102	1	云雀歌未眠	序幕			相关资料已保存	84602420	2023/2/27 5:02	['HD01900BA']
610202	6102	2	云雀歌未眠	里-1			相关资料已保存	84602420	2023/2/27 5:02	['HD01901BA']
610203	6102	3	云雀歌未眠	里-2			相关资料已保存	84602420	2023/2/27 5:02	['HD01902BA']
610204	6102	4	云雀歌未眠	露西亚-1			相关资料已保存	84602420	2023/2/27 5:02	['HD01903BA']
610205	6102	5	云雀歌未眠	露西亚-2			相关资料已保存	84602420	2023/2/27 5:02	['HD01904BA']
610206	6102	6	云雀歌未眠	丽芙-1			相关资料已保存	84602420	2023/2/27 5:02	['HD01905BA']
610207	6102	7	云雀歌未眠	丽芙-2			相关资料已保存	84602420	2023/2/27 5:02	['HD01906BA']
610208	6102	8	云雀歌未眠	比安卡-1			相关资料已保存	84602420	2023/2/27 5:02	['HD01907BA']
610209	6102	9	云雀歌未眠	比安卡-2			相关资料已保存	84602420	2023/2/27 5:02	['HD01908BA']
610210	6102	10	云雀歌未眠	七实-1			相关资料已保存	84602420	2023/2/27 5:02	['HD01909BA']
610211	6102	11	云雀歌未眠	七实-2			相关资料已保存	84602420	2023/2/27 5:02	['HD01910BA']
610212	6102	12	云雀歌未眠	神威-1			相关资料已保存	84602420	2023/2/27 5:02	['HD01911BA']
610213	6102	13	云雀歌未眠	神威-2			相关资料已保存	84602420	2023/2/27 5:02	['HD01912BA']
610214	6102	14	云雀歌未眠	卡列尼娜-1			相关资料已保存	84602420	2023/2/27 5:02	['HD01913BA']
610215	6102	15	云雀歌未眠	卡列尼娜-2			相关资料已保存	84602420	2023/2/27 5:02	['HD01914BA']
610216	6102	16	云雀歌未眠	渡边-1			相关资料已保存	84602420	2023/2/27 5:02	['HD01915BA']
610217	6102	17	云雀歌未眠	渡边-2			相关资料已保存	84602420	2023/2/27 5:02	['HD01916BA']
610218	6102	18	云雀歌未眠	阿尔法-1			相关资料已保存	84602420	2023/2/27 5:02	['HD01917BA']
610219	6102	19	云雀歌未眠	阿尔法-2			相关资料已保存	84602420	2023/2/27 5:02	['HD01918BA']
610220	6102	20	云雀歌未眠	艾拉-1			相关资料已保存	84602420	2023/2/27 5:02	['HD01919BA']
610221	6102	21	云雀歌未眠	艾拉-2			相关资料已保存	84602420	2023/2/27 5:02	['HD01920BA']
610222	6102	22	云雀歌未眠	苏菲亚-1			相关资料已保存	84602420	2023/2/27 5:02	['HD01921BA']
610223	6102	23	云雀歌未眠	苏菲亚-2			相关资料已保存	84602420	2023/2/27 5:02	['HD01922BA']
610224	6102	24	云雀歌未眠	库洛姆-1			相关资料已保存	84602420	2023/2/27 5:02	['HD01923BA']
610225	6102	25	云雀歌未眠	库洛姆-2			相关资料已保存	84602420	2023/2/27 5:02	['HD01924BA']
610226	6102	26	云雀歌未眠	薇拉-1			相关资料已保存	84602420	2023/2/27 5:02	['HD01925BA']
610227	6102	27	云雀歌未眠	薇拉-2			相关资料已保存	84602420	2023/2/27 5:02	['HD01926BA']
610228	6102	28	云雀歌未眠	露娜-1			相关资料已保存	84602420	2023/2/27 5:02	['HD01927BA']
610229	6102	29	云雀歌未眠	露娜-2			相关资料已保存	84602420	2023/2/27 5:02	['HD01928BA']
610230	6102	30	云雀歌未眠	卡穆-1			相关资料已保存	84602420	2023/2/27 5:02	['HD01929BA']
610231	6102	31	云雀歌未眠	卡穆-2			相关资料已保存	84602420	2023/2/27 5:02	['HD01930BA']
610232	6102	32	云雀歌未眠	罗塞塔-1			相关资料已保存	84602420	2023/2/27 5:02	['HD01931BA']
610233	6102	33	云雀歌未眠	罗塞塔-2			相关资料已保存	84602420	2023/2/27 5:02	['HD01932BA']
610234	6102	34	云雀歌未眠	曲-1			相关资料已保存	84602420	2023/2/27 5:02	['HD01933BA']
610235	6102	35	云雀歌未眠	曲-2			相关资料已保存	84602420	2023/2/27 5:02	['HD01934BA']
610236	6102	36	云雀歌未眠	常羽-1			相关资料已保存	84602420	2023/2/27 5:02	['HD01935BA']
610237	6102	37	云雀歌未眠	常羽-2			相关资料已保存	84602420	2023/2/27 5:02	['HD01936BA']
610238	6102	38	云雀歌未眠	万事-1			相关资料已保存	84602420	2023/2/27 5:02	['HD01937BA']
610239	6102	39	云雀歌未眠	万事-2			相关资料已保存	84602420	2023/2/27 5:02	['HD01938BA']
610240	6102	40	云雀歌未眠	赛琳娜-1			相关资料已保存	84602420	2023/2/27 5:02	['HD01939BA']
610241	6102	41	云雀歌未眠	赛琳娜-2			相关资料已保存	84602420	2023/2/27 5:02	['HD01940BA']
610242	6102	42	云雀歌未眠	21号-1			相关资料已保存	84602420	2023/2/27 5:02	['HD01941BA']
610243	6102	43	云雀歌未眠	21号-2			相关资料已保存	84602420	2023/2/27 5:02	['HD01942BA']
610244	6102	44	云雀歌未眠	罗兰-1			相关资料已保存	84602420	2023/2/27 5:02	['HD01943BA']
610245	6102	45	云雀歌未眠	罗兰-2			相关资料已保存	84602420	2023/2/27 5:02	['HD01944BA']
610246	6102	46	云雀歌未眠	蒲牢-1			相关资料已保存	84602420	2023/2/27 5:02	['HD01945BA']
610247	6102	47	云雀歌未眠	蒲牢-2			相关资料已保存	84602420	2023/2/27 5:02	['HD01946BA']
610248	6102	48	云雀歌未眠	哈卡玛-1			相关资料已保存	84602420	2023/2/27 5:02	['HD01947BA']
610249	6102	49	云雀歌未眠	哈卡玛-2			相关资料已保存	84602420	2023/2/27 5:02	['HD01948BA']
610250	6102	50	云雀歌未眠	诺安-1			相关资料已保存	84602420	2023/2/27 5:02	['HD01949BA']
610251	6102	51	云雀歌未眠	诺安-2			相关资料已保存	84602420	2023/2/27 5:02	['HD01950BA']
610252	6102	52	云雀歌未眠	邦比娜塔-1			相关资料已保存	84602420	2023/2/27 5:02	['HD01951BA']
610253	6102	53	云雀歌未眠	邦比娜塔-2			相关资料已保存	84602420	2023/2/27 5:02	['HD01952BA']
610254	6102	54	云雀歌未眠	含英-1			相关资料已保存	84602420	2023/2/27 5:02	['HD01953BA']
610255	6102	55	云雀歌未眠	含英-2			相关资料已保存	84602420	2023/2/27 5:02	['HD01954BA']
610256	6103	56	余尘三重奏	CER-01			相关资料已保存	84602460	2023/5/29 5:02	['HD02201BA']
610257	6103	57	余尘三重奏	CER-04			相关资料已保存	84602461	2023/5/29 5:02	['HD02204BA']
610258	6103	58	余尘三重奏	CER-07			相关资料已保存	84602462	2023/5/29 5:02	['HD02207BA']
610259	6103	59	余尘三重奏	CER-14			相关资料已保存	84602463	2023/5/29 5:02	['HD02214BA']
610260	6103	60	余尘三重奏	CER-17			相关资料已保存	84602464	2023/5/29 5:02	['HD02217BA']
610261	6103	61	余尘三重奏	CER-24			相关资料已保存	84602465	2023/5/29 5:02	['HD02224BA']
610262	6103	62	余尘三重奏	CER-29			相关资料已保存	84602466	2023/5/29 5:02	['HD02229BA']
610263	6103	63	余尘三重奏	CER-08			相关资料已保存	84602467	2023/5/29 5:02	['HD02208BA', 'HD02208EA']
610264	6103	64	余尘三重奏	CER-18			相关资料已保存	84602468	2023/5/29 5:02	['HD02218BA', 'HD02218EA']
610265	6103	65	余尘三重奏	CER-28			相关资料已保存	84602469	2023/5/29 5:02	['HD02228BA', 'HD02228EA']
610266	6104	66	秩序的逆转	Ⅰ			相关资料已保存	84602470	2023/6/8 5:02	['HD02101BA']
610267	6104	67	秩序的逆转	Ⅱ			相关资料已保存	84602470	2023/6/8 5:02	['HD02102BA']
610268	6104	68	秩序的逆转	Ⅲ			相关资料已保存	84602470	2023/6/8 5:02	['HD02103BA']
610269	6104	69	秩序的逆转	Ⅳ			相关资料已保存	84602470	2023/6/8 5:02	['HD02104BA']
610270	6104	66	秩序的逆转	Ⅴ			相关资料已保存	84602470	2023/6/8 5:02	['HD02105BA']
610271	6104	67	秩序的逆转	Ⅵ			相关资料已保存	84602470	2023/6/8 5:02	['HD02106BA']
610272	6104	68	秩序的逆转	Ⅶ			相关资料已保存	84602470	2023/6/8 5:02	['HD02107BA']
610501	6105	55	《毕业测试公告》				相关资料已保存	84602481	2023/7/10 5:02	['HD02401BA']
610502	6105	56	首个基站点位已攻略！				相关资料已保存	84602481	2023/7/10 5:02	['HD02402BA']
610503	6105	57	只是试试……				相关资料已保存	84602481	2023/7/10 5:02	['HD02403BA']
610504	6105	58	萌新不懂就问！！				相关资料已保存	84602481	2023/7/10 5:02	['HD02404BA']
610505	6105	59	解决方案				相关资料已保存	84602481	2023/7/10 5:02	['HD02405BA']
610506	6105	60	有好心人吗？				相关资料已保存	84602481	2023/7/10 5:02	['HD02406BA']
610507	6105	61	论基站区的重要性				相关资料已保存	84602481	2023/7/10 5:02	['HD02407BA']
610508	6105	62	优势在我！！				相关资料已保存	84602481	2023/7/10 5:02	['HD02408BA']
610509	6105	63	是不是可以放弃了				相关资料已保存	84602481	2023/7/10 5:02	['HD02409BA']
610510	6105	64	匿了……				相关资料已保存	84602481	2023/7/10 5:02	['HD02410BA']
610511	6105	65	《留言使用条令与处罚公告》				相关资料已保存	84602481	2023/7/10 5:02	['HD02411BA']
610512	6105	66	标准还是特化？				相关资料已保存	84602481	2023/7/10 5:02	['HD02412BA']
610513	6105	67	通讯干扰解决方案。				相关资料已保存	84602481	2023/7/10 5:02	['HD02413BA']
610514	6105	68	老古董也有大用处。				相关资料已保存	84602481	2023/7/10 5:02	['HD02414BA']
610515	6105	69	诱导战术的可行性。				相关资料已保存	84602481	2023/7/10 5:02	['HD02415BA']
610516	6105	66	最后的补充……				相关资料已保存	84602481	2023/7/10 5:02	['HD02416BA']
610517	6105	67	战斗到底。				相关资料已保存	84602481	2023/7/10 5:02	['HD02417BA']
610518	6105	68	不要停下来！				相关资料已保存	84602481	2023/7/10 5:02	['HD02418BA']
610519	6105	1	接下来交给你们了！				相关资料已保存	84602481	2023/7/10 5:02	['HD02419BA']
610520	6105	2	毕业测试即将结束……				相关资料已保存	84602481	2023/7/10 5:02	['HD02420BA']
610601	6106	1	第一章				相关资料已保存			['YR01901BA']
610602	6106	2	第二章				相关资料已保存			['YR01902BA']
610603	6106	3	第三章				相关资料已保存			['YR01903BA']
610701	6107	1	康斯塔雷耶的晚风				相关资料已保存	84602491	2023/8/17 18:02	['HD02601BA']
610702	6107	2	长夏散记				相关资料已保存	84602492	2023/8/17 18:02	['HD02602BA']
610703	6107	3	夏日的譬喻				相关资料已保存	84602493	2023/8/17 18:02	['HD02607BA']
610704	6107	4	群星的回声				相关资料已保存	84602494	2023/8/17 18:02	['HD02608BA']
610705	6107	5	夏日余响				相关资料已保存	84602495	2023/8/17 18:02	['HD02603BA']
610706	6107	6	碎浪浮光				相关资料已保存	84602496	2023/8/17 18:02	['HD02604BA']
610707	6107	7	长夏孤灯				相关资料已保存	84602497	2023/8/17 18:02	['HD02605BA']
610708	6107	8	萤火相映				相关资料已保存	84602498	2023/8/17 18:02	['HD02606BA']
610801	6108	1	游辰牵星	开幕			相关资料已保存	84602511	2023/8/22 5:00	['QX00301BA']
610802	6108	2	游辰牵星	拉弥亚			相关资料已保存	84602512	2023/9/4 5:02	['QX00325BA']
610803	6108	3	游辰牵星	露西亚			相关资料已保存	84602513	2023/9/4 5:02	['QX00320BA']
610804	6108	4	游辰牵星	里			相关资料已保存	84602514	2023/9/4 5:02	['QX00319BA']
610805	6108	5	游辰牵星	丽芙			相关资料已保存	84602515	2023/9/4 5:02	['QX00313BA']
610806	6108	6	游辰牵星	比安卡			相关资料已保存	84602516	2023/9/4 5:02	['QX00315BA']
610807	6108	7	游辰牵星	七实			相关资料已保存	84602517	2023/9/4 5:02	['QX00318BA']
610808	6108	8	游辰牵星	神威			相关资料已保存	84602518	2023/9/4 5:02	['QX00317BA']
610809	6108	9	游辰牵星	卡列尼娜			相关资料已保存	84602519	2023/9/4 5:02	['QX00312BA']
610810	6108	10	游辰牵星	渡边			相关资料已保存	84602520	2023/9/4 5:02	['QX00316BA']
610811	6108	11	游辰牵星	阿尔法			相关资料已保存	84602521	2023/9/4 5:02	['QX00303BA']
610812	6108	12	游辰牵星	艾拉			相关资料已保存	84602522	2023/9/4 5:02	['QX00311BA']
610813	6108	13	游辰牵星	苏菲亚			相关资料已保存	84602523	2023/9/4 5:02	['QX00321BA']
610814	6108	14	游辰牵星	库洛姆			相关资料已保存	84602524	2023/9/4 5:02	['QX00314BA']
610815	6108	15	游辰牵星	薇拉			相关资料已保存	84602525	2023/9/4 5:02	['QX00305BA']
610816	6108	16	游辰牵星	露娜			相关资料已保存	84602526	2023/9/4 5:02	['QX00306BA']
610817	6108	17	游辰牵星	卡穆			相关资料已保存	84602527	2023/9/4 5:02	['QX00302BA']
610818	6108	18	游辰牵星	罗塞塔			相关资料已保存	84602528	2023/9/4 5:02	['QX00308BA']
610819	6108	19	游辰牵星	曲			相关资料已保存	84602529	2023/9/4 5:02	['QX00304BA']
610820	6108	20	游辰牵星	常羽			相关资料已保存	84602530	2023/9/4 5:02	['QX00322BA']
610821	6108	21	游辰牵星	万事			相关资料已保存	84602531	2023/9/4 5:02	['QX00323BA']
610822	6108	22	游辰牵星	赛琳娜			相关资料已保存	84602532	2023/9/4 5:02	['QX00307BA']
610823	6108	23	游辰牵星	21号			相关资料已保存	84602533	2023/9/4 5:02	['QX00310BA']
610824	6108	24	游辰牵星	罗兰			相关资料已保存	84602534	2023/9/4 5:02	['QX00309BA']
610825	6108	25	游辰牵星	蒲牢			相关资料已保存	84602535	2023/9/4 5:02	['QX00327BA']
610826	6108	26	游辰牵星	哈卡玛			相关资料已保存	84602536	2023/9/4 5:02	['QX00326BA']
610827	6108	27	游辰牵星	诺安			相关资料已保存	84602537	2023/9/4 5:02	['QX00331BA']
610828	6108	28	游辰牵星	邦比娜塔			相关资料已保存	84602538	2023/9/4 5:02	['QX00324BA']
610829	6108	29	游辰牵星	含英			相关资料已保存	84602539	2023/9/4 5:02	['QX00330BA']
610830	6108	30	游辰牵星	亚里莎			相关资料已保存	84602540	2023/9/4 5:02	['QX00328BA']
610831	6108	31	游辰牵星	诺克提			相关资料已保存	84602541	2023/9/4 5:02	['QX00329BA']
610901	6109	1	又是艺术协会……				天才怪咖会梦到黑衣少女吗？	84602542	2023/9/25 5:02	['HD02701BA']
610902	6109	2	白鹭与熊				今天的工程部队也很“热闹”。	84602543	2023/9/25 5:02	['HD02702BA']
610903	6109	3	劲敌				仿佛旧日重现。	84602544	2023/9/25 5:02	['HD02703BA', 'HD02703EA']
610904	6109	4	忧郁的哈姆雷特				一千个人眼中有一千个哈姆雷特。	84602545	2023/9/25 5:02	['HD02704BA']
610905	6109	5	在无限的宇宙之下				为这短暂的相遇献上告别。	84602546	2023/9/25 5:02	['HD02705BA', 'HD02705EA']
611001	6110	1	第十回				指挥使受命渡天险 巾帼将奉令护周全	84602547	2023/12/14 10:02	['HD02801BA']
611002	6110	2	第十一回				初入蕈城丛生疑云 几探知县巧破迷局	84602548	2023/12/14 10:02	['HD02802BA']
611003	6110	3	CERⅡ-07				相关资料已保存	84602549	2023/12/14 10:02	['HD02803BA', 'HD02803EA']
611004	6110	4	苏醒				哟，你醒啦？	84602550	2023/12/14 10:02	['HD02804BA']
611005	6110	5	“方法派”				不过，三头犬使用过的最简单有效的办法嘛……	84602551	2023/12/14 10:02	['HD02805BA']
611006	6110	6	超级傀儡				“超级傀儡,我们如此称呼它直到它为自己赢得更好的名字。”	84602552	2023/12/14 10:02	['HD02806BA']
611007	6110	7	CERⅡ-17				相关资料已保存	84602553	2023/12/14 10:02	['HD02807BA']
611008	6110	8	剧终				你喜欢的真相，是哪个呢？	84602554	2023/12/14 10:02	['HD02808BA']
611101	6111	1	蒲牢大冒险				相关资料已保存	84602558	2024/1/18 5:02	['HD03001BA']
611102	6111	2	蒲牢大冒险				相关资料已保存	84602559	2024/1/18 5:02	['HD03002BA']
611103	6111	3	蒲牢修仙记				相关资料已保存	84602606	2024/5/27 5:00	['HD03003BA']
611104	6111	4	蒲牢修仙记				相关资料已保存	84602607	2024/5/27 5:00	['HD03004BA']
611201	6112	1	海滨小憩	夏令逸闻			以后，也会一起度过很多个这样的夏天。	84602634	2024/8/9 9:59	['HD03300BA']
611202	6112	2	双鱼影	含英-1			纯白的光倾落在身上，似一层透软薄纱，作某场洗涤心灵的圣洁仪式。	84602635	2024/8/9 9:59	['HD03305BA']
611203	6112	3	晏惊鸿	含英-2			那是她的“新生”。	84602636	2024/8/9 9:59	['HD03306BA']
611204	6112	4	晚汐夜谈	布偶熊-1			怎么样，是不是已经很期待接下来的旅程？	84602637	2024/8/9 9:59	['HD03303BA']
611205	6112	5	盛夏相随	布偶熊-2			不好吗？这可是只对你的任性。	84602638	2024/8/9 9:59	['HD03304BA']
611206	6112	6	月	露娜-1			“命定之人，唤醒月亮吧。”	84602639	2024/8/9 9:59	['HD03301BA']
611207	6112	7	海	露娜-2			十七年蝉鸣。	84602640	2024/8/9 9:59	['HD03302BA']
611301	6113	1	鹊巧祈星	开幕			相关资料已保存	84602648	2024/8/8 10:00	['HD03501BA']
611302	6113	2	鹊巧祈星	卡列尼娜·辉晓			相关资料已保存	84602649	2024/8/22 5:00	['HD03502BA']
611303	6113	3	鹊巧祈星	21号·森息			相关资料已保存	84602650	2024/8/22 5:00	['HD03503BA']
611304	6113	4	鹊巧祈星	哈卡玛·隐星			相关资料已保存	84602651	2024/8/22 5:00	['HD03504BA']
611305	6113	5	鹊巧祈星	露西亚·誓焰			相关资料已保存	84602652	2024/8/22 5:00	['HD03505BA']
611306	6113	6	鹊巧祈星	阿尔法·深红囚影			相关资料已保存	84602653	2024/8/22 5:00	['HD03506BA']
611307	6113	7	鹊巧祈星	库洛姆·荣光			相关资料已保存	84602654	2024/8/22 5:00	['HD03507BA']
611308	6113	8	鹊巧祈星	曲·启明			相关资料已保存	84602655	2024/8/22 5:00	['HD03508BA']
611309	6113	9	鹊巧祈星	卡穆·狂犬			相关资料已保存	84602656	2024/8/22 5:00	['HD03509BA']
611310	6113	10	鹊巧祈星	拉弥亚·深谣			相关资料已保存	84602657	2024/8/22 5:00	['HD03510BA']
611311	6113	11	鹊巧祈星	艾拉·万华			相关资料已保存	84602658	2024/8/22 5:00	['HD03511BA']
611312	6113	12	鹊巧祈星	薇拉·瑰丽			相关资料已保存	84602659	2024/8/22 5:00	['HD03512BA']
611313	6113	13	鹊巧祈星	布丽姬特·耀炎			相关资料已保存	84602660	2024/8/22 5:00	['HD03513BA']
611314	6113	14	鹊巧祈星	罗塞塔·凛冽			相关资料已保存	84602661	2024/8/22 5:00	['HD03514BA']
611315	6113	15	鹊巧祈星	蒲牢·华钟			相关资料已保存	84602662	2024/8/22 5:00	['HD03515BA']
611316	6113	16	鹊巧祈星	含英·檀心			相关资料已保存	84602663	2024/8/22 5:00	['HD03516BA']
611317	6113	17	鹊巧祈星	七实·遥星之座			相关资料已保存	84602664	2024/8/22 5:00	['HD03517BA']
611318	6113	18	鹊巧祈星	苏菲亚·银牙			相关资料已保存	84602665	2024/8/22 5:00	['HD03518BA']
611319	6113	19	鹊巧祈星	丽芙·蚀暗			相关资料已保存	84602666	2024/8/22 5:00	['HD03519BA']
611320	6113	20	鹊巧祈星	比安卡·真理			相关资料已保存	84602667	2024/8/22 5:00	['HD03520BA']
611321	6113	21	鹊巧祈星	邦比娜塔·琉璃			相关资料已保存	84602668	2024/8/22 5:00	['HD03521BA']
611322	6113	22	鹊巧祈星	亚里莎·回音			相关资料已保存	84602669	2024/8/22 5:00	['HD03522BA']
611323	6113	23	鹊巧祈星	里·超刻			相关资料已保存	84602670	2024/8/22 5:00	['HD03523BA']
611324	6113	24	鹊巧祈星	露娜·终焉			相关资料已保存	84602671	2024/8/22 5:00	['HD03524BA']
611325	6113	25	鹊巧祈星	罗兰·戏炎			相关资料已保存	84602672	2024/8/22 5:00	['HD03525BA']
611326	6113	26	鹊巧祈星	诺克提·擎驱			相关资料已保存	84602673	2024/8/22 5:00	['HD03526BA']
611327	6113	27	鹊巧祈星	布偶熊·觅语			相关资料已保存	84602674	2024/8/22 5:00	['HD03527BA']
611328	6113	28	鹊巧祈星	渡边·尘铭			相关资料已保存	84602675	2024/8/22 5:00	['HD03528BA']
611329	6113	29	鹊巧祈星	赛琳娜·岚音			相关资料已保存	84602676	2024/8/22 5:00	['HD03529BA']
611330	6113	30	鹊巧祈星	神威·重能			相关资料已保存	84602677	2024/8/22 5:00	['HD03530BA']
611331	6113	31	鹊巧祈星	常羽·游麟			相关资料已保存	84602678	2024/8/22 5:00	['HD03531BA']
611332	6113	32	鹊巧祈星	万事·明晰梦			相关资料已保存	84602679	2024/8/22 5:00	['HD03532BA']
611333	6113	33	鹊巧祈星	诺安·逆旅			相关资料已保存	84602680	2024/8/22 5:00	['HD03533BA']
611401	6114	1	花见游园	花见伊始			闲暇之际，休息室内突然闯入了一位不速之客……	84602701	2024/9/26 5:00	['HD03601BA']
611402	6114	2	花见游园	夕月未罄			孤舟远眺，正是红霞尽染，花火焰明时。	84602702	2024/9/26 5:00	['HD03602BA']
611403	6114	3	花见游园	路过料理摊...			庆典期间，路过了八咫喜爱的御园料理摊……	84602703	2024/9/26 5:00	['HD03603BA']
611404	6114	4	花见游园	路过娃娃机...			庆典期间，路过了露西亚喜爱的娃娃机……	84602704	2024/9/26 5:00	['HD03605BA']
611405	6114	5	花见游园	路过拼装店...			庆典期间，路过了里喜爱的四驱车拼装……	84602705	2024/9/26 5:00	['HD03607BA']
611406	6114	6	花见游园	路过钢琴...			庆典期间，路过了赛琳娜喜爱的钢琴……	84602706	2024/9/26 5:00	['HD03609BA']
611407	6114	7	花见游园	路过花卉店...			庆典期间，路过了丽芙喜爱的花卉店……	84602707	2024/9/26 5:00	['HD03611BA']
611408	6114	8	花见游园	路过《诺曼英雄》！			庆典期间，路过了七实喜爱的诺曼英雄……	84602708	2024/9/26 5:00	['HD03613BA']
611409	6114	9	花见游园	路过电影海报...			庆典期间，路过了比安卡喜爱的电影海报……	84602709	2024/9/26 5:00	['HD03615BA']
611410	6114	10	花见游园	路过射击摊...			庆典期间，路过了万事喜爱的气球射击摊……	84602710	2024/9/26 5:00	['HD03617BA']
611411	6114	11	花见游园	路过西装店...			庆典期间，路过了库洛姆喜爱的西装店……	84602711	2024/9/26 5:00	['HD03619BA']
611412	6114	12	花见游园	与八咫完成游园			陪八咫度过了一次难忘的庆典。	84602712	2024/9/26 5:00	['HD03604BA']
611413	6114	13	花见游园	与露西亚完成游园			陪露西亚度过了一次难忘的庆典。	84602713	2024/9/26 5:00	['HD03606BA']
611414	6114	14	花见游园	与里完成游园			陪里度过了一次难忘的庆典。	84602714	2024/9/26 5:00	['HD03608BA']
611415	6114	15	花见游园	与赛琳娜完成游园			陪赛琳娜度过了一次难忘的庆典。	84602715	2024/9/26 5:00	['HD03610BA']
611416	6114	16	花见游园	与丽芙完成游园			陪丽芙度过了一次难忘的庆典。	84602716	2024/9/26 5:00	['HD03612BA']
611417	6114	17	花见游园	与七实完成游园			陪七实度过了一次难忘的庆典。	84602717	2024/9/26 5:00	['HD03614BA']
611418	6114	18	花见游园	与比安卡完成游园			陪比安卡度过了一次难忘的庆典。	84602718	2024/9/26 5:00	['HD03616BA']
611419	6114	19	花见游园	与万事完成游园			陪万事度过了一次难忘的庆典。	84602719	2024/9/26 5:00	['HD03618BA']
611420	6114	20	花见游园	与库洛姆完成游园			陪库洛姆度过了一次难忘的庆典。	84602720	2024/9/26 5:00	['HD03620BA']
611501	6115	1	冒险启程	出发之前			相关资料已保存	1031001	2024/10/28 5:00	['HD03701BA']
611502	6115	2	冒险启程	行至终点			相关资料已保存	1031003	2024/10/28 5:00	['HD03701EA']
611503	6115	3	黄沙之下	出发之前			相关资料已保存	1031004	2024/10/28 5:00	['HD03702BA']
611504	6115	4	黄沙之下	行至终点			相关资料已保存	1031006	2024/10/28 5:00	['HD03702EA']
611505	6115	5	森萦古铭	出发之前			相关资料已保存	1031007	2024/10/28 5:00	['HD03703BA']
611506	6115	6	森萦古铭	行至终点			相关资料已保存	1031009	2024/10/28 5:00	['HD03703EA']
611507	6115	7	静默幽渊	出发之前			相关资料已保存	1031010	2024/10/28 5:00	['HD03704BA']
611508	6115	8	静默幽渊	行至终点			相关资料已保存	1031013	2024/10/28 5:00	['HD03704EA']
611509	6115	9	无日寒冬	出发之前			相关资料已保存	1031014	2024/10/28 5:00	['HD03705BA']
611510	6115	10	无日寒冬	行至终点			相关资料已保存	1031017	2024/10/28 5:00	['HD03705EA']
611511	6115	11	异荣林沼	出发之前			相关资料已保存	1031018	2024/10/28 5:00	['HD03706BA']
611512	6115	12	异荣林沼	行至终点			相关资料已保存	1031021	2024/10/28 5:00	['HD03706EA']
611513	6115	13	肃正协议	出发之前			相关资料已保存	1031022	2024/10/28 5:00	['HD03707BA']
611514	6115	14	肃正协议	行至终点			相关资料已保存	1031025	2024/10/28 5:00	['HD03707EA']
611515	6115	15	末世幽光	出发之前			相关资料已保存	1031026	2024/10/28 5:00	['HD03708BA']
611516	6115	16	末世幽光	行至终点			相关资料已保存	1031029	2024/10/28 5:00	['HD03708EA']
611517	6115	17	冲出寰维	出发之前			相关资料已保存	1031030	2024/10/28 5:00	['HD03709BA']
611518	6115	18	冲出寰维	行至终点			相关资料已保存	1031034	2024/10/28 5:00	['HD03709EA']
611601	6116	1	碎寂初响Ⅰ				记忆就到这里，再往后便是空白……	1050000	2025/1/20 5:00	['HD04101BA']
611602	6116	2	碎寂初响Ⅲ				终端黯淡的屏幕刚刚亮起，一则通讯提醒立刻跳了出来。	1050002	2025/1/20 5:00	['HD04101EA']
611603	6116	3	潜势交阵Ⅰ				炽白耀光骤然迸发，驱散了笼罩在四周的迷雾。	1050003	2025/1/20 5:00	['HD04102BA']
611604	6116	4	潜势交阵Ⅲ				凌厉的斩击与追袭的子弹交织而至，宛如疾风骤雨。	1050005	2025/1/20 5:00	['HD04102EA']
611605	6116	5	基点歼击Ⅰ				黄沙翻涌，一阵疾风破开弥漫的沙尘。	1050006	2025/1/20 5:00	['HD04103BA']
611606	6116	6	基点歼击Ⅲ				干扰源……正是这整座实验基地本身。	1050008	2025/1/20 5:00	['HD04103EA']
611607	6116	7	深域终幕Ⅰ				最后的路程，出发。	1050009	2025/1/20 5:00	['HD04104BA']
611608	6116	8	深域终幕Ⅱ				待光芒渐渐散去，世界重新恢复了最初的模样。	1050010	2025/1/20 5:00	['HD04104EA']
611701	6117	1	常规作战Ⅰ				相关资料已保存			['HD04001BA']
611702	6117	2	常规作战Ⅴ				相关资料已保存			['HD04002BA']
611703	6117	3	常规作战Ⅶ				相关资料已保存			['HD04003BA', 'HD04003EA']
611801	6118	1	恋谱绘奏	开幕			相关资料已保存	84602747	2025/3/3 5:00	['HD04301BA']
611802	6118	2	恋谱绘奏	里			相关资料已保存	84602748	2025/3/3 5:00	['HD04302BA']
611803	6118	3	恋谱绘奏	露西亚			相关资料已保存	84602749	2025/3/3 5:00	['HD04303BA']
611804	6118	4	恋谱绘奏	丽芙			相关资料已保存	84602750	2025/3/3 5:00	['HD04304BA']
611805	6118	5	恋谱绘奏	比安卡			相关资料已保存	84602751	2025/3/3 5:00	['HD04305BA']
611806	6118	6	恋谱绘奏	七实			相关资料已保存	84602752	2025/3/3 5:00	['HD04306BA']
611807	6118	7	恋谱绘奏	神威			相关资料已保存	84602753	2025/3/3 5:00	['HD04307BA']
611808	6118	8	恋谱绘奏	卡列尼娜			相关资料已保存	84602754	2025/3/3 5:00	['HD04308BA']
611809	6118	9	恋谱绘奏	渡边			相关资料已保存	84602755	2025/3/3 5:00	['HD04309BA']
611810	6118	10	恋谱绘奏	阿尔法			相关资料已保存	84602756	2025/3/3 5:00	['HD04310BA']
611811	6118	11	恋谱绘奏	艾拉			相关资料已保存	84602757	2025/3/3 5:00	['HD04311BA']
611812	6118	12	恋谱绘奏	苏菲亚			相关资料已保存	84602758	2025/3/3 5:00	['HD04312BA']
611813	6118	13	恋谱绘奏	库洛姆			相关资料已保存	84602759	2025/3/3 5:00	['HD04313BA']
611814	6118	14	恋谱绘奏	薇拉			相关资料已保存	84602760	2025/3/3 5:00	['HD04314BA']
611815	6118	15	恋谱绘奏	露娜			相关资料已保存	84602761	2025/3/3 5:00	['HD04315BA']
611816	6118	16	恋谱绘奏	卡穆			相关资料已保存	84602762	2025/3/3 5:00	['HD04316BA']
611817	6118	17	恋谱绘奏	罗塞塔			相关资料已保存	84602763	2025/3/3 5:00	['HD04317BA']
611818	6118	18	恋谱绘奏	曲			相关资料已保存	84602764	2025/3/3 5:00	['HD04318BA']
611819	6118	19	恋谱绘奏	常羽			相关资料已保存	84602765	2025/3/3 5:00	['HD04319BA']
611820	6118	20	恋谱绘奏	万事			相关资料已保存	84602766	2025/3/3 5:00	['HD04320BA']
611821	6118	21	恋谱绘奏	赛琳娜			相关资料已保存	84602767	2025/3/3 5:00	['HD04321BA']
611822	6118	22	恋谱绘奏	21号			相关资料已保存	84602768	2025/3/3 5:00	['HD04322BA']
611823	6118	23	恋谱绘奏	罗兰			相关资料已保存	84602769	2025/3/3 5:00	['HD04323BA']
611824	6118	24	恋谱绘奏	蒲牢			相关资料已保存	84602770	2025/3/3 5:00	['HD04324BA']
611825	6118	25	恋谱绘奏	哈卡玛			相关资料已保存	84602771	2025/3/3 5:00	['HD04325BA']
611826	6118	26	恋谱绘奏	诺安			相关资料已保存	84602772	2025/3/3 5:00	['HD04326BA']
611827	6118	27	恋谱绘奏	邦比娜塔			相关资料已保存	84602773	2025/3/3 5:00	['HD04327BA']
611828	6118	28	恋谱绘奏	含英			相关资料已保存	84602774	2025/3/3 5:00	['HD04328BA']
611829	6118	29	恋谱绘奏	亚里莎			相关资料已保存	84602775	2025/3/3 5:00	['HD04329BA']
611830	6118	30	恋谱绘奏	诺克提			相关资料已保存	84602776	2025/3/3 5:00	['HD04330BA']
611831	6118	31	恋谱绘奏	拉弥亚			相关资料已保存	84602777	2025/3/3 5:00	['HD04331BA']
611832	6118	32	恋谱绘奏	布偶熊			相关资料已保存	84602778	2025/3/3 5:00	['HD04332BA']
611833	6118	33	恋谱绘奏	布丽姬特			相关资料已保存	84602779	2025/3/3 5:00	['HD04333BA']
611834	6118	34	恋谱绘奏	八咫			相关资料已保存	84602780	2025/3/3 5:00	['HD04334BA']
611835	6118	35	恋谱绘奏	慈悲者			相关资料已保存	84602781	2025/3/3 5:00	['HD04335BA']
611836	6118	36	恋谱绘奏	莉莉丝			相关资料已保存	84602782	2025/3/3 5:00	['HD04336BA']
611901	6119	1	摘星叙语	开幕			相关资料已保存	84700105	2025/9/15 5:00	['HD04700BA']
611902	6119	2	摘星叙语	里			相关资料已保存	84700106	2025/9/15 5:00	['HD04701BA']
611903	6119	3	摘星叙语	露西亚			相关资料已保存	84700107	2025/9/15 5:00	['HD04702BA']
611904	6119	4	摘星叙语	丽芙			相关资料已保存	84700108	2025/9/15 5:00	['HD04703BA']
611905	6119	5	摘星叙语	比安卡			相关资料已保存	84700109	2025/9/15 5:00	['HD04704BA']
611906	6119	6	摘星叙语	七实			相关资料已保存	84700110	2025/9/15 5:00	['HD04705BA']
611907	6119	7	摘星叙语	神威			相关资料已保存	84700111	2025/9/15 5:00	['HD04706BA']
611908	6119	8	摘星叙语	卡列尼娜			相关资料已保存	84700112	2025/9/15 5:00	['HD04707BA']
611909	6119	9	摘星叙语	渡边			相关资料已保存	84700113	2025/9/15 5:00	['HD04708BA']
611910	6119	10	摘星叙语	阿尔法			相关资料已保存	84700114	2025/9/15 5:00	['HD04709BA']
611911	6119	11	摘星叙语	艾拉			相关资料已保存	84700115	2025/9/15 5:00	['HD04710BA']
611912	6119	12	摘星叙语	苏菲亚			相关资料已保存	84700116	2025/9/15 5:00	['HD04711BA']
611913	6119	13	摘星叙语	库洛姆			相关资料已保存	84700117	2025/9/15 5:00	['HD04712BA']
611914	6119	14	摘星叙语	薇拉			相关资料已保存	84700118	2025/9/15 5:00	['HD04713BA']
611915	6119	15	摘星叙语	露娜			相关资料已保存	84700119	2025/9/15 5:00	['HD04714BA']
611916	6119	16	摘星叙语	卡穆			相关资料已保存	84700120	2025/9/15 5:00	['HD04715BA']
611917	6119	17	摘星叙语	罗塞塔			相关资料已保存	84700121	2025/9/15 5:00	['HD04716BA']
611918	6119	18	摘星叙语	曲			相关资料已保存	84700122	2025/9/15 5:00	['HD04717BA']
611919	6119	19	摘星叙语	常羽			相关资料已保存	84700123	2025/9/15 5:00	['HD04718BA']
611920	6119	20	摘星叙语	万事			相关资料已保存	84700124	2025/9/15 5:00	['HD04719BA']
611921	6119	21	摘星叙语	赛琳娜			相关资料已保存	84700125	2025/9/15 5:00	['HD04720BA']
611922	6119	22	摘星叙语	21号			相关资料已保存	84700126	2025/9/15 5:00	['HD04721BA']
611923	6119	23	摘星叙语	罗兰			相关资料已保存	84700127	2025/9/15 5:00	['HD04722BA']
611924	6119	24	摘星叙语	蒲牢			相关资料已保存	84700128	2025/9/15 5:00	['HD04723BA']
611925	6119	25	摘星叙语	哈卡玛			相关资料已保存	84700129	2025/9/15 5:00	['HD04724BA']
611926	6119	26	摘星叙语	诺安			相关资料已保存	84700130	2025/9/15 5:00	['HD04725BA']
611927	6119	27	摘星叙语	邦比娜塔			相关资料已保存	84700131	2025/9/15 5:00	['HD04726BA']
611928	6119	28	摘星叙语	含英			相关资料已保存	84700132	2025/9/15 5:00	['HD04727BA']
611929	6119	29	摘星叙语	亚里莎			相关资料已保存	84700133	2025/9/15 5:00	['HD04728BA']
611930	6119	30	摘星叙语	诺克提			相关资料已保存	84700134	2025/9/15 5:00	['HD04729BA']
611931	6119	31	摘星叙语	拉弥亚			相关资料已保存	84700135	2025/9/15 5:00	['HD04730BA']
611932	6119	32	摘星叙语	布偶熊			相关资料已保存	84700136	2025/9/15 5:00	['HD04731BA']
611933	6119	33	摘星叙语	布丽姬特			相关资料已保存	84700137	2025/9/15 5:00	['HD04732BA']
611934	6119	34	摘星叙语	八咫			相关资料已保存	84700138	2025/9/15 5:00	['HD04733BA']
611935	6119	35	摘星叙语	伊什梅尔			相关资料已保存	84700139	2025/9/15 5:00	['HD04734BA']
611936	6119	36	摘星叙语	莉莉丝			相关资料已保存	84700140	2025/9/15 5:00	['HD04735BA']
611937	6119	37	摘星叙语	洁塔薇			相关资料已保存	84700141	2025/9/15 5:00	['HD04736BA']
611938	6119	38	摘星叙语	斜奏			相关资料已保存	84700142	2025/9/15 5:00	['HD04737BA']
612001	6120	1	瞬时恋语	以你幽梦般的双眸所见			相关资料已保存	84330018	2026/3/2 5:01	['HD05100BA']
612002	6120	2	瞬时恋语	洁塔薇			相关资料已保存	84330018	2026/3/2 5:01	['HD05101BA']
612003	6120	3	瞬时恋语	薇拉			相关资料已保存	84330018	2026/3/2 5:01	['HD05102BA']
612004	6120	4	瞬时恋语	比安卡			相关资料已保存	84330018	2026/3/2 5:01	['HD05103BA']
612005	6120	5	瞬时恋语	斜奏			相关资料已保存	84330018	2026/3/2 5:01	['HD05104BA']
612006	6120	6	瞬时恋语	维罗妮卡			相关资料已保存	84330018	2026/3/2 5:01	['HD05105BA']
612007	6120	7	瞬时恋语	丽芙			相关资料已保存	84330018	2026/3/2 5:01	['HD05106BA']
612008	6120	8	瞬时恋语	布偶熊			相关资料已保存	84330018	2026/3/2 5:01	['HD05107BA']
612009	6120	9	瞬时恋语	罗塞塔			相关资料已保存	84330018	2026/3/2 5:01	['HD05108BA']
700101	7001	1	入港枢纽	NO.32			相关资料已保存	8470100		['BJ00101BA', 'BJ00101EA']
700102	7001	2	卸货区	NO.33			相关资料已保存	8470100		['BJ00102BA', 'BJ00102EA']
700103	7001	3	核心管理区	NO.34			相关资料已保存	8470100		['BJ00103BA', 'BJ00103EA']
700201	7002	1	聚游轩	NO.35			相关资料已保存	8470200		['BJ00104BA', 'BJ00104EA']
700202	7002	2	黄粱台	NO.36			相关资料已保存	8470200		['BJ00105BA', 'BJ00105EA']
700203	7002	3	云顶天廊	NO.37			相关资料已保存	8470200		['BJ00106BA', 'BJ00106EA']
700301	7003	1	弥月维护隧道	NO.38			相关资料已保存	8470300		['BJ00107BA', 'BJ00107EA']
700302	7003	2	岗元商店街	NO.39			相关资料已保存	8470300		['BJ00108BA', 'BJ00108EA']
700303	7003	3	夜崎乐园	NO.40			相关资料已保存	8470300		['BJ00109BA', 'BJ00109EA']
700401	7004	1	反制回廊	NO.41			相关资料已保存	8470400		['BJ00110BA', 'BJ00110EA']
700402	7004	2	防直击隔墙	NO.42			相关资料已保存	8470400		['BJ00111BA', 'BJ00111EA']
700403	7004	3	直掩通道	NO.43			相关资料已保存	8470400		['BJ00112BA', 'BJ00112EA']
700501	7005	1	竹夏观	NO.44			相关资料已保存	8470500		['BJ00201BA', 'BJ00201EA']
700502	7005	2	医院建筑群	NO.45			相关资料已保存	8470500		['BJ00202BA']
700503	7005	3	地下生产线	NO.46			相关资料已保存	8470500		['BJ00203EA']
700601	7006	1	泰坦堑壕	NO.47			相关资料已保存	8470600		['BJ00204BA', 'BJ00204EA']
700602	7006	2	机库通道	NO.48			相关资料已保存	8470600		['BJ00205BA', 'BJ00205EA']
700603	7006	3	居住区	NO.49			相关资料已保存	8470600		['BJ00206BA', 'BJ00206EA']
700701	7007	1	掩体沙丘	NO.50			相关资料已保存	8470700		['BJ00207BA', 'BJ00207EA']
700702	7007	2	加固通道	NO.51			相关资料已保存	8470700		['BJ00208BA', 'BJ00208EA']
700703	7007	3	数据中心	NO.52			相关资料已保存	8470700		['BJ00209BA', 'BJ00209EA']
700801	7008	1	海鬼町	NO.53			相关资料已保存	8470800		['BJ00210BA', 'BJ00210EA']
700802	7008	2	快反通路	NO.54			相关资料已保存	8470800		['BJ00211BA', 'BJ00211EA']
700803	7008	3	雷达站	NO.55			相关资料已保存	8470800		['BJ00212BA', 'BJ00212EA']
800101	8001	1	HelloWorld	EX01_1			曙日的开始	84800101		['ZX01301BA']
800102	8001	2	沙滩游戏	EX01_2			蔚蓝的海洋，松软的沙滩，以及一些小惊喜。	84800102		['ZX01302BA', 'ZX01302EA']
800103	8001	3	未来茶话	EX01_3			终于放松下来，开始享受沙滩的众人…	84800103		['ZX01303BA']
800104	8001	4	猫鼠游戏·伪	EX01_4			老鼠太没水平，不过还有戏剧性来凑	84800104		['ZX01304BA', 'ZX01304EA']
800105	8001	5	授格者	EX01_5			在你们面前醒来的神威，看起来却像另外一个人…	84800105		['ZX01305BA', 'ZX01305EA']
800106	8001	6	暴走的现实	EX01_6			就算是对你来说，这现实也有点过于失控了。	84800106		['ZX01306BA', 'ZX01306EA']
800107	8001	7	沉入深渊	EX01_7			进入未知之地。	84800107		['ZX01307BA']
800108	8001	8	焦灼	EX01_8			夏日炎炎，正如人心。	84800108		['ZX01308BA']
800109	8001	9	俺觉得它能用	EX01_9			面对根本不知道要干嘛的按钮和开关，直觉最重要。	84800109		['ZX01309BA']
800110	8001	10	系统警告	EX01_10			侦测到非法操作。	84800110		['ZX01310BA', 'ZX01310EA']
800111	8001	11	蚁毒	EX01_11			悬在心上的疼痛。	84800111		['ZX01311BA']
800112	8001	12	科学的解决办法	EX01_12			炸弹万岁。	84800112		['ZX01312EA']
800113	8001	13	锁死	EX01_13			都到这里了，不能让‘那家伙’追上	84800113		['ZX01313BA']
800114	8001	14	倒计时	EX01_14			我在这里等着你。	84800114		['ZX01314BA', 'ZX01314EA']
800115	8001	15	血腥的告白	EX01_15			你今天就要死在这里。	84800115		['ZX01315BA']
800116	8001	16	M.A.D	EX01_16			到底要什么时候你才能明白，敌人就是敌人？	84800116		['ZX01316BA', 'ZX01316EA']
800117	8001	17	童年的末路	EX01_17			人终有一死，童年也是。	84800117		['ZX01317BA', 'ZX01317EA']
800118	8001	18	蔷薇梗	EX01_18			它带刺，但是也许也希望被你好好握持着。	84800118		['ZX01318BA']
800119	8001	19	你的人生故事	EX01_19			在一轮生死之后，你们的夏天竟然才刚刚开始。	84800119		['ZX01319BA']
800120	8001	20	必须的异类	EX01_20			没错，我们可还没有忘记你	84800120		['ZX01320BA']
800201	8002	1	重返极地	EX02_1			在罗塞塔的拜托之下，指挥官决定和罗塞塔一同前往航线联合。	84800201		['ZX01401BA']
800202	8002	2	另外的支援	EX02_2			指挥官和罗塞塔在迷途之中遇见了前来搜救他们的支援。	84800202		['ZX01402BA']
800203	8002	3	总船长与潮	EX02_3			潮会定期出现在航线联合之中，航线联合希望指挥官这些空中花园来的支援能协助他们退潮。	84800203		['ZX01403BA']
800204	8002	4	雪地上的交锋	EX02_4			渔民们已经和仿生机械们开始了战斗，必须尽快展开救援。	84800204		['ZX01404BA', 'ZX01404EA']
800205	8002	5	疾驰	EX02_5			与西蒙还有守林人会合，这次罗塞塔决定以人马的姿态突击浪潮。	84800205		['ZX01405BA']
800206	8002	6	联合噩梦	EX02_6			在战斗之中，众人听见了安博莉亚这个名字。	84800206		['ZX01406BA']
800207	8002	7	极地的过去	EX02_7			安博莉亚本应是已被毁灭之物，在逼问总船长以后，众人得知过去的真相。	84800207		['ZX01407BA']
800208	8002	8	研究栋	EX02_8			为了寻找能够控制安博莉亚的‘代码’，众人前往守林人诞生之地。	84800208		['ZX01408BA']
800209	8002	9	代码	EX02_9			击退在研究栋周围的仿生机械，众人终于找到了代码和异人型的资料。	84800209		['ZX01409BA']
800210	8002	10	反向之鲸	EX02_10			仿生机械的潮直接往人群聚集的地方冲来，而后辛苦得来的代码也被某人夺去。	84800210		['ZX01410BA']
800211	8002	11	血痕	EX02_11			追踪背叛者的痕迹，众人找到了通往安博莉亚所在地的路。	84800211		['ZX01411BA']
800212	8002	12	冰封的战线	EX02_12			在冰封的地底下藏有大批兵器以及仿生机械的流水线，然后某人的呼声让众人掌握了事件的核心。	84800212		['ZX01412BA']
800213	8002	13	冰下前行	EX02_13			虽然和狄安娜等人分隔，但罗塞塔决定和指挥官两人继续前行。	84800213		['ZX01413BA']
800214	8002	14	另一方的奋战	EX02_14			大家都以自己的方式在这个极地之中战斗。	84800214		['ZX01414BA']
800215	8002	15	安博莉亚	EX02_15			在最底下的实验室之中，指挥官和罗塞塔终于见到了先前逃跑的，曾经名为艾蒂尔的安博莉亚。	84800215		['ZX01415BA']
800216	8002	16	不走运的人	EX02_16			罗塞塔将枪尖对准安博莉亚，誓要和指挥官一起结束这个噩梦。	84800216		['ZX01416BA', 'ZX01416EA']
800217	8002	17	与噩梦道别	EX02_17			击败安博莉亚以后，接下来的就是与这个噩梦告别了。	84800217		['ZX01417BA']
800218	8002	18	幸运的人	EX02_18			结束一切，罗塞塔与指挥官一同迎接了明天。	84800218		['ZX01418BA']
800301	8003	3	尘封的记忆	EX03_1			在九龙商会所有的城市，被院落和旧街道包围的角落……有这样一所戏院。它高耸，它雄伟，但是与之同时，它也陈旧而破落。	84800301		['ZX01501BA', 'ZX01501EA']
800302	8003	4	剧院危机	EX03_2			现在散，是体面的散，我们把家什卖了，大家各拿一笔足以重新开始的钱。要是等我这把老骨头熬不住了散，那大家兜里……什么也剩不下来。	84800302		['ZX01502BA']
800303	8003	5	逆流而行	EX03_3			少年人的世界，就该有少年人的样子才对啊。	84800303		['ZX01503BA']
800304	8003	6	变天	EX03_4			九龙商会……要变天了。	84800304		['ZX01504BA', 'ZX01504EA']
800305	8003	7	重聚	EX03_5			原本陷在心情低谷的少年在看到许久未见的熟人后立刻露出惊喜的笑容。	84800305		['ZX01505BA']
800306	8003	8	长坂坡	EX03_6			~自古英雄有血性，岂能怕死与贪生~	84800306		['ZX01506BA']
800307	8003	9	断绝	EX03_7			战争的硝烟遮蔽于这座曾经繁荣的都市上空，隔断了每一个九龙人的未来与过去……	84800307		['ZX01507BA', 'ZX01507EA']
800308	8003	10	问答	EX03_8			在听到华胥的回答之后，曲缓缓闭上了双眼。	84800308		['ZX01508BA']
800309	8003	11	风暴前夕	EX03_9			此时的九龙商会已看不到曾经的繁荣，街道上只有零星的几个行人聚在广播附近。	84800309		['ZX01509BA']
800310	8003	12	九龙之志	EX03_10			过去的一切凝结成如今的九龙，九龙人不畏惧战争，因为战争击垮不了九龙的意志。	84800310		['ZX01510BA', 'ZX01510EA']
800311	8003	13	传承	EX03_11			大家的意志，就由我来接受。	84800311		['ZX01511BA', 'ZX01511EA']
800312	8003	14	归乡	EX03_12			回家了，墨鸢……	84800312		['ZX01512BA', 'ZX01512EA']
800313	8003	15	万世铭	EX03_13			我们的历史，还远不能就此终结。	84800313		['ZX01513BA']
800314	8003	16	未名战争	EX03_14			在无人工厂内开机的两台太阿，得知自己所处的世界就在自己休眠的这段时间中爆发了末日战争？	84800314		['ZX01514BA']
800315	8003	17	意外相遇	EX03_15			决定依照程序指令先行归队的太阿们，此时意外遇见了一名人类幼童。根据指令优先级来看，他们有更重要的事需要做了。	84800315		['ZX01515BA']
800316	8003	18	防线	EX03_16			趁着那些东西还不多，我们要迅速穿过这一片防线。我走前面，你带着她跟紧我。	84800316		['ZX01516BA', 'ZX01516EA']
800317	8003	19	小小的约定	EX03_17			他无法分辨，这是程序指令，还是，仅仅因为他出了什么故障？	84800317		['ZX01517BA']
800318	8003	20	太阿的使命	EX03_18			太阿的使命，我会好好完成。	84800318		['ZX01518BA', 'ZX01518EA']
800319	8003	21	告别	EX03_19			在他为九龙服务的这些日子里，他不曾做过什么值得赞颂的事，这些是唯一能令他感到慰藉的依托。	84800319		['ZX01519BA', 'ZX01519EA']
800320	8003	1	青衣少保	梨园·墟_01			九龙艺术	84800301	2020/10/22 5:02	['YR01501BA', 'YR01501EA']
800321	8003	2	镇垣墙	梨园·墟_02			万军从中	84800301	2020/10/22 5:02	['YR01502BA', 'YR01502EA']
800401	8004	1	红潮行动	EX04_1			它们正在往海岸线的方向前进。	84800401		['ZX01801BA']
800402	8004	2	孤鹰	EX04_2			万事对这可怖的一幕似乎并不畏惧，他只是长长地……打了个哈欠。	84800402		['ZX01802BA', 'ZX01802EA']
800403	8004	3	无“人”区	EX04_3			要认清楚自己的无力，才能走向未来。	84800403		['ZX01803BA']
800404	8004	4	重力深渊	EX04_4			在这里出生，所以选择在这里逝去。	84800404		['ZX01804BA']
800405	8004	5	无休无止	EX04_5			你们把我们当垃圾一样抛下了，现在却来说拯救我们，你们到底在开什么玩笑？！	84800405		['ZX01805BA', 'ZX01805EA']
800406	8004	6	尘归尘	EX04_6			高举大义的旗帜——这招真是永不过时，凛然体面到令我惊叹。	84800406		['ZX01806BA']
800407	8004	7	战斗的理由	EX04_7			——即便不知道在那个地方等待着我们的，究竟是什么。	84800407		['ZX01807BA', 'ZX01807EA']
800408	8004	8	往日回音	EX04_8			只有从那首摇篮曲里，才能窥视到往日荣光遗留给他们的，最后的温柔。	84800408		['ZX01808BA']
800409	8004	9	鲸之悲歌	EX04_9			咏叹结束，这是一首未完之歌，因为孤单的蓝鲸最后也没能找到自己的族群。	84800409		['ZX01809BA', 'ZX01809EA']
800410	8004	10	“塞壬”	EX04_10			“赛琳娜。”	84800410		['ZX01810BA']
800411	8004	11	镇魂曲	EX04_11			刹那便是永劫。	84800411		['ZX01811BA']
800412	8004	12	不朽摇篮	EX04_12			她只想要，将这一路来看见的奇迹，向你娓娓道来。	84800412		['ZX01812BA']
800413	8004	13	战场的沉寂	EX04_13			在某个被遗忘了时间的午后，一罐略显肿胀的，老旧到泛黄的铁皮罐头，将万事的思绪拖向了那久远的过去。	84800413		['ZX01813BA']
800414	8004	14	齿轮？	EX04_14			保障事物正常运转的渺小齿轮而已。	84800414		['ZX01814BA', 'ZX01814EA']
800415	8004	15	赌博	EX04_15			赌上兰斯顿·史密斯的荣耀。	84800415		['ZX01815BA']
800416	8004	16	转醒	EX04_16			纯白逐渐褪去，显现出斑驳的人造建筑，对周遭世界的认知再次回归万事的身躯。	84800416		['ZX01816BA']
800417	8004	17	再现	EX04_17			白色城市不断地交叠，变化，偏转，折射过的阳光从头顶洒落，抬头望去，那里荡漾着蔚蓝的数据汪洋。	84800417		['ZX01817BA']
800418	8004	18	遭遇战	EX04_18			看来它就是造成任务变数的元凶了。	84800418		['ZX01818BA']
800419	8004	19	井底之蛙	EX04_19			逃避的井底之蛙，今天久违地想要出去见见世面啊。	84800419		['ZX01819BA']
800420	8004	20	游魂的终点	EX04_20			迈向深空，或是为了自己而夺回地球，都没有关系。	84800420		['ZX01820BA', 'ZX01820EA']
800501	8005	1	被遗忘的孩子	EX05_1			这里是空中花园，不再是研究所，也不再是黑野。没有突如其来的危险和实验闯入21号的轨迹中，牢牢扼住她的喉咙。	84800501		['ZX02001BA']
800502	8005	2	阴风阵阵	EX05_2			‘欢迎回家！’	84800502		['ZX02002BA']
800503	8005	3	迷雾	EX05_3			玩偶的身躯肮脏得辨认不出原本的颜色，唯有裂至嘴角的嘴唇依旧鲜红，生硬地缝在脸上的眼珠像两颗融化了的悲伤的玻璃球，直勾勾地盯着她。	84800503		['ZX02003BA', 'ZX02003EA']
800504	8005	4	回路	EX05_4			一辆疾驰而来的警车停在众人面前，诺克提从摇下的窗户里探出脑袋，不知道从哪里找了副墨镜戴在脸上，吹了声响亮的口哨。	84800504		['ZX02004BA']
800505	8005	5	生人勿进	EX05_5			那层黑雾似乎正在散去，但没有消失，只是退到了离自己不远的地方，退到了眼前人的身后，暂时不会涌上来了。	84800505		['ZX02005BA']
800506	8005	6	潜伏	EX05_6			21号无意识地往前接近，想要看清那个温柔的女人的影子。但就在她踏出一步的那一刻，一切景象消散了。阴森而破败的走廊、堆满角落的医疗机和医用仪器。仿佛一切从未发生过。	84800506		['ZX02006BA', 'ZX02006EA']
800507	8005	7	林中小屋	EX05_7			夜风呼啸四起，头顶投射来一片诡异的光芒，将铁栏内巨大的屋影投过来，笼罩了21号的身躯。	84800507		['ZX02007BA', 'ZX02007EA']
800508	8005	8	万能钥匙	EX05_8			眼前的储物间变为了挂墙壁上的一块空荡、破败的铁板。上面用红色蜡笔画着一副歪歪扭扭的儿童画，旁边写着‘来地狱吧，见见Voooo’，看起来好笑又恐怖。	84800508		['ZX02008BA', 'ZX02008EA']
800509	8005	9	第十三层	EX05_9			两个女孩对视着，轻轻点了点头。那成为她们之间最后的交流。	84800509		['ZX02009BA', 'ZX02009EA']
800510	8005	10	豺狼时刻	EX05_10			“——我要杀了你！我要撕碎你！我要把你的内脏扯出来盖在你的脸上！”	84800510		['ZX02010BA']
800511	8005	11	狩猎	EX05_11			她如同脱缰的野兽一般，突破了桎梏，猛烈的攻击力和能量从她瘦小却矫健的身躯中喷薄而出，宛若真正的月下之狼，露出了尖锐的獠牙。	84800511		['ZX02011BA', 'ZX02011EA']
800512	8005	12	第六感	EX05_12			风越过枯萎的树，越过死去的家，越过插满白色十字的无名坟墓，坟墓边上唯一一朵不起眼的白色雏菊晃动着，让风将它带去，但风无能为力。	84800512		['ZX02012BA']
900101	9001	1	昭明	EX01_1			焦急的来回踱步声充斥在这间位于设施深处的研究室之中。	84900101		['YC01301BA']
900102	9001	2	碎骨	EX01_2			觊觎不可触碰的事物，就要做好粉身碎骨的觉悟。	84900102		['YC01302BA']
900103	9001	3	遗忘之地	EX01_3			狂风吹拂在这片广袤的荒漠之上，将地表的沙尘卷起形成风暴。	84900103		['YC01303BA', 'YC01303EA']
900104	9001	4	映画晨星	EX01_4			它的时间被永远凝塑在建成的那一刻，空中的观景平台不真实地悬挂在乐园正上方，切断了幻梦与现实。	84900104		['YC01304BA', 'YC01304EA']
900105	9001	5	入局	EX01_5			绚烂的高潮过后，一切都将在此结束。	84900105		['YC01305BA']
900106	9001	6	升格网络	EX01_6			呵呵，那你都探明到了什么呢？——呼……升格网络的……本质。	84900106		['YC01306BA']
900107	9001	7	疑虑	EX01_7			总觉得今天的她似乎有些奇怪呢。	84900107		['YC01307BA']
900108	9001	8	片刻	EX01_8			一阵脚步声自步行街的尽头传来，为这条萧瑟的街道增添了一些活力。	84900108		['YC01308BA', 'YC01308EA']
900201	9002	1	七实与马丁	EX02_1			当女孩遇上熊以后，他们决定用一发烟花来作庆祝。	84900201		['YC01401BA']
900202	9002	2	仿生机械	EX02_2			七实得知仿生机械会受安博莉亚的控制来伤害人类，所以她决定做点什么。	84900202		['YC01402BA']
900203	9002	3	雪地黑影	EX02_3			在仿生机械的聚集地中间似乎有某些诡异的黑影在蠕动。	84900203		['YC01403BA']
900204	9002	4	不同的意见	EX02_4			并不是每个仿生机械都认为自己被‘控制’，他们认为安博莉亚的意志就是他们的意志。	84900204		['YC01404BA']
900205	9002	5	雪地怒吼	EX02_5			七实决定直接去说服安博莉亚，但是却没想到还没有往地底去，战争就已经爆发了。	84900205		['YC01405BA']
900206	9002	6	愤怒回声	EX02_6			仿生机械与航线联合的战斗中间满是悲伤，七实决定全力阻止这一切。	84900206		['YC01406BA']
900207	9002	7	黑影的真身	EX02_7			‘我可不会原谅你们，升格者！'	84900207		['YC01407BA']
900208	9002	8	七实与机械	EX02_8			就算没有了战争也不代表双方和和洽相处，带着异类的机械们，七实蹦蹦跳跳的离开了这片雪地。	84900208		['YC01408BA']
900301	9003	1	沉默	EX03_1			我可没想过AI也会沉默。	84900301		['YC01501BA']
900302	9003	2	追放	EX03_2			你说的没错，我要指出的是，虽然华胥现在名义上的主人改变了，但是华胥的主人…真的改变了吗？	84900302		['YC01502BA']
900303	9003	3	同归	EX03_3			不管被毁灭多少次，都会有人记住一切，重新从废墟里站起来。这是你们……永远也无法理解的。	84900303		['YC01503BA', 'YC01503EA']
900401	9004	1	云间运输	EX04_1			这里能做的事只有坐在自己的位置上等待，检查自己的装备和武器没有出现任何故障，确保详尽理解了任务的每一条注释，在落地后能够立刻面对地表的战火。	84900401		['YC01801BA']
900402	9004	2	总指挥	EX04_2			总之重新介绍一下，我是凡妮莎，清庭白鹭小队指挥官，也是本次作战的总指挥。	84900402		['YC01802BA']
900403	9004	3	陷阱之下	EX04_3			不时有感染体的断肢跌进坑洞，然后被淡蓝的电光牢牢裹挟，重重地砸下落穴底部。	84900403		['YC01803BA']
900404	9004	4	紧急滑降	EX04_4			滞空的失重感让大脑一瞬间陷入了空白。	84900404		['YC01804BA', 'YC01804EA']
900405	9004	5	夜间休息	EX04_5			月光不受任何阻拦地从落地窗之间射进休息点，为昏暗的楼层带来些许光亮。	84900405		['YC01805BA']
900406	9004	6	必胜的法则	EX04_6			尔虞我诈，利用与被利用，抛弃与被抛弃就是在战场必胜的法则。	84900406		['YC01806BA', 'YC01806EA']
900407	9004	7	资源置换	EX04_7			那就把她带走吧，正好我同一个玩具也有些玩腻了呢。	84900407		['YC01807BA']
900408	9004	8	灰鸦的锋芒	EX04_8			一直摆放在休整室桌上的电子相框里，终于有了最合适的画面。	84900408		['YC01808BA']
900501	9005	1	冤家聚首	EX05_1			咿……是你？	84900501		['YC02001BA']
900502	9005	2	总集篇	EX05_2			这一路上，到底都发生了些什么。	84900502		['YC02002BA']
900503	9005	3	一无所有	EX05_3			Hermano.	84900503		['YC02003BA']
900504	9005	4	废土搭便车指南	EX05_4			该说意料之外，还是毫不意外呢。	84900504		['YC02004BA']
900505	9005	5	露娜的世界	EX05_5			一个怪物？一个死人？一个弱者？一个迷途的羔羊？	84900505		['YC02005BA', 'YC02005EA']
900506	9005	6	闯空门	EX05_6			我就喜欢在对方自以为计划万无一失的时候，给对方加上一点儿超出他们控制的变数。	84900506		['YC02006BA']
900507	9005	7	非致命玩笑	EX05_7			他们……他们过来了……！	84900507		['YC02007BA', 'YC02007EA']
900508	9005	8	片面回忆	EX05_8			光顾着玩可不行啊，‘巫毒’……	84900508		['YC02008BA', 'YC02008EA']
900509	9005	9	笼斗	EX05_9			罗兰从未在同一张脸上看到这些表情的循环和交缠。	84900509		['YC02009BA', 'YC02009EA']
900510	9005	10	引征结末	EX05_10			我现在也可以取你的命，但我没有。	84900510		['YC02010BA']
900511	9005	11	钓鱼人	EX05_11			你想要的，我能给你。	84900511		['YC02011BA']
900512	9005	12	未完的中盘	EX05_12			带着顿悟的轻笑，罗兰走向了他未知的命运。	84900512		['YC02012BA']
5001001	5001	1	掀开黄金面纱	M_1			灰鸦隐匿于黎明前的黑暗，穿过重重沙尘暴，在日出之时踏入名为“黄金之涡”的无人荒漠。	845001001		['TS00101BA']
5001002	5001	2	光柱之谜	M_3			黄金之涡中心有一座喷涌着“黄金光柱”的建筑群，灰鸦无从知晓它的来历。	845001002		['TS00102BA']
5001003	5001	3	存在的价值	B II_1			昨天正午时分，沙雀临时更改任务目标，全体向黄金之涡中心地带转移。	845001003		['TS00103BA']
5001004	5001	4	贡献	B II_4			夜幕即将来临，沙雀全体成员似乎都预知了即将到来的命运……	845001004		['TS00104BA']
5001005	5001	5	孤鸦	M_5			与丽芙的通讯闪断后，里离队寻找丽芙，而露西亚留在指挥官身边。	845001005		['TS00105BA']
5001006	5001	6	王之禁卫	M_8			女王禁卫携大批守卫追捕露西亚和指挥官，他们连续逃亡数十分钟……	845001006		['TS00106BA']
5001007	5001	7	一二三木头人	B III_1			离队还没有十分钟，里就被一群行为怪异的守卫困住……	845001007		['TS00107BA']
5001008	5001	8	豪赌	B III_3			里在地下密道鏖战十多分钟，守卫采用困兽战术，打算将里围困至死……	845001008		['TS00108BA']
5001009	5001	9	邀请函	M_9			露西亚陷入苦战之时，一直未露面的女王通过禁卫，邀请指挥官前往寝宫。	845001009		['TS00109BA']
5001010	5001	10	君临	M_11			时间接近上午，烈阳照耀黄金之涡，“黄金女王”终于现身……	845001010		['TS00110BA']
5001011	5001	11	挖掘地	B I_2			在荒漠中摸索了将近四十分钟，布朗宁才寻获装置，可是装置已被黄金粉末掩埋……	845001011		['TS00111BA']
5001012	5001	12	劫后余生	B I_4			挖掘装置耗费了十余分钟，几乎就要成功，布朗宁却误触装置下方的地雷……	845001012		['TS00112BA']
5001013	5001	13	冷枪	B I_6			入侵系统约五分钟后，丽芙返回自己机体，可是布朗宁竟然……	845001013		['TS00113BA']
5001014	5001	14	破碎相逢	B I_7			危机当前，丽芙抓住转瞬而逝的机会，与布朗宁“玉石俱焚”……	845001014		['TS00114BA']
5002001	5002	1	独行侠	M I_1			上午伊始，渡边抵达黄金之涡，他面对迷雾般的敌情，孤身闯入敌阵。	845001015		['TS00115BA']
5002002	5002	2	过继风险	M I_3			抵达黄金之涡十来分钟后，渡边碰见比安卡并决定跟随她前进。	845001016		['TS00116BA']
5002003	5002	3	足以拯救地球	M II_1			把丽芙送走后，比安卡花了半小时在黄沙中探索，只因她推测出空中花园的真实目的……	845001017		['TS00117BA']
5002004	5002	4	老规矩	M I_4			跟踪只持续了小会儿，渡边就被迫现身……	845001018		['TS00118BA']
5002005	5002	5	抉择	M I_6			刚刚挣脱比安卡的胁迫，渡边的营救计划立刻受到考验……	845001019		['TS00119BA']
5002006	5002	6	遗·物	M I_8			离开天气引擎后，渡边在守卫身上，找到遗忘者的挂件……	845001020		['TS00120BA']
5002007	5002	7	女王款待	M II_3			黄金女王向灰鸦公开了真容。与此同时，比安卡探索黄金之涡数个小时，可样本分析依然失败……	845001021		['TS00121BA']
5002008	5002	8	女王的要求	M I_12			临近正午，黄金女王在寝宫中公开了自己对指挥官、对空中花园的一系列要求。	845001022		['TS00122BA']
5002009	5002	9	承诺	M I_10			渡边和比安卡争斗了近十分钟，仍没有分出胜负，守卫大军企图趁乱围剿他们……	845001023		['TS00123BA']
5002010	5002	10	颓靡	B_1			神威和罗兰一路打到黄金之涡西北端，这时神威发现罗兰的机体出现了异常……	845001024		['TS00124BA']
5002011	5002	11	守约之人	M I_11			渡边用了一个小时确保遗忘者安全撤离，部下劝说渡边不要返回协助比安卡……	845001025		['TS00125BA']
5002012	5002	12	人质	M II_5			打倒“寂静守卫”后，比安卡又寻着怪声，潜入一个囚禁人类的密室里……	845001026		['TS00126BA']
5002013	5002	13	两种营救	M II_7			比安卡打败狱长，解救出所有人质。渡边拦住比安卡，并想要带走自己的人。	845001027		['TS00127BA']
5002014	5002	14	黄金抗体	M II_8			即便放走人质，比安卡仍然得到黄金抗体……这时女王禁卫向比安卡发动突袭！	845001028		['TS00128BA']
5002015	5002	15	议和	B_3			双方对峙近十分钟，罗兰几乎被神威逼到绝境……	845001029		['TS00129BA']
5002016	5002	16	为了指挥官	M I_13			和遗忘者联手打败女王禁卫，比安卡再一次站在抉择的十字路口……	845001030		['TS00130BA']
5003001	5003	1	追随	M I_1			正午的黄金之涡，卡列尼娜从南面潜入，她不知道自己被跟踪了……	845001031		['TS00131BA']
5003002	5003	2	人体实验	M l_4			和卡列尼娜一起击败主建筑的守卫，仅过五分钟，七实就消失得无影无踪……	845001032		['TS00132BA']
5003003	5003	3	二次出发	M l_6			通信恢复的那几分钟，卡列尼娜出色完成了任务，现在她要自行决定去留。	845001033		['TS00133BA']
5003004	5003	4	抗性	M l_7			近十分钟的爆破，几十堵墙轰然倒塌，卡列尼娜用自己的方式探索黄金之涡……	845001034		['TS00134BA']
5003005	5003	5	合流	M l_9			单独行动的七实归队，带来了关于升格者·罗兰的坏消息……	845001035		['TS00135BA']
5003006	5003	6	视野	M l_11			入侵持续几分钟，七实在内部网络没找出罗兰的去向，却发现灰鸦指挥官在妮特手中……	845001036		['TS00136BA']
5003007	5003	7	寻声	M l_13			接连击败黄金守卫、女王禁卫，分隔他们和指挥官的障碍，只剩下一扇门……	845001037		['TS00137BA']
5003008	5003	8	威慑	B ll_1			感染体执行罗兰的命令，拖住神威超过两个小时，神威却越战越勇……	845001038		['TS00138BA']
5003009	5003	9	款待	M ll_1			上午时分，罗兰摆脱神威后，认真评估了黄金抗体的威胁……	845001039		['TS00139BA']
5003010	5003	10	求援	M ll_3			不慎沦为妮特的阶下囚，罗兰被抗体覆盖，度过煎熬的九十分钟……	845001040		['TS00140BA']
5003011	5003	11	交流障碍	B l_1			抛下卡列尼娜，七实总算找到吸引自己注意力的那件东西。	845001041		['TS00141BA']
5003012	5003	12	堵塞物	M ll_4			呼救了将近一个小时以后，罗兰没有等来意料中的支援。	845001042		['TS00142BA']
5003013	5003	13	俱焚	M ll_6			受抗体影响，罗兰被七实全面压制，他必须用更激进的方式拯救自己。	845001043		['TS00143BA']
5003014	5003	14	除根	M ll_7			楼体坍塌，罗兰坠入废墟，重新获得证明自己实力的机会……	845001044		['TS00144BA']
5004001	5004	1	犬或鹰	M_1			空中花园的士兵于午后首次集结，黄金抗体的真相随之被公之于众……	845001045		['TS00145BA']
5004002	5004	2	齐心	M_4			女王禁卫悉数登场，灰鸦等构造体的撤离行动再遭打击。	845001046		['TS00146BA']
5004003	5004	3	全面警戒	M_5			狙击灰鸦将近六十分钟，黄金女王再次化整为零，打散一众构造体的阵形……	845001047		['TS00147BA']
5004004	5004	4	疫情前兆	M_7			黄金之涡动力系统崩溃，空中花园的远程通讯重新连接，灰鸦和哈桑议长取得联系……	845001048		['TS00148BA']
5004005	5004	5	攀登	M_8			撤离行动持续约五十分钟后，灰鸦和其他构造体终于找出确的撤离路线。	845001049		['TS00149BA']
5004006	5004	6	扩军	B ll_1			陷入机关数分钟后，卡列尼娜意外发现黄金守卫数量扩充的秘密……	845001050		['TS00150BA']
5004007	5004	7	炽热	B lll_2			成功击败守卫七分钟后，比安卡遭遇了一个失控的守卫……	845001051		['TS00151BA']
5004008	5004	8	博弈	M_9			远在太空，空中花园舰船之上，一场紧急战略会议正在秘密召开……	845001052		['TS00152BA']
5004009	5004	9	王朝	M_12			女王禁卫被灰鸦成功抵御，黄金女王在怒火助推下，暴露出最大的软肋……	845001053		['TS00153BA']
5004010	5004	10	电玩高手	B l_1			由于自身战力过于强大，黄金女王必须动用机关，把神威单独分离出去……	845001054		['TS00154BA']
5004011	5004	11	退场	B l_3			罗兰完成对动力系统的感染，带着受伤的机体离开黄金之涡……	845001055		['TS00155BA']
5004012	5004	12	倾覆	M_14			黄金女王无力挽回败局，机体剥落，黄金之涡崩塌，“王朝”毁于一日……	845001056		['TS00156BA']
5004013	5004	13	灾源	M_15			日落前，无数被打倒的守卫被帕弥什转化为感染体，从黄金之涡废墟中“重获新生”……	845001057		['TS00157BA']
9010011	10001	1	黎明之孔				相关资料已保存	84600601	2021/2/4 5:02	['HD00601BA', 'HD00601EA']
9010012	10001	2	永战之街				相关资料已保存	84600602	2021/2/4 5:02	['HD00602BA', 'HD00602EA']
9010013	10001	3	战争轮回				相关资料已保存	84600603	2021/2/4 5:02	['HD00603BA', 'HD00603EA']
9010014	10001	4	鲜血之底-A面				相关资料已保存	84600604	2021/2/4 5:02	['HD00604BA', 'HD00604EA']
9010015	10001	5	鲜血之底-B面				相关资料已保存	84600605	2021/2/4 5:02	['HD00605BA', 'HD00605EA']
9010016	10001	6	虚妄的关系				相关资料已保存	84600606	2021/2/4 5:02	['HD00606BA', 'HD00606EA']
9010017	10001	7	鲜血与花				相关资料已保存	84600607	2021/2/4 5:02	['HD00607EA']
9010018	10001	8	世界崩塌				相关资料已保存	84600608	2021/2/4 5:02	['HD00608BA', 'HD00608EA']
9010019	10001	9	真实的狭缝				相关资料已保存	84600609	2021/2/4 5:02	['HD00609EA']
9010020	10001	10	马基雅维利				相关资料已保存	84600610	2021/2/4 5:02	['HD00610BA', 'HD00610EA']
9010100	10002	1	两簇火焰				她的名字是BLACK★ROCK SHOOTER。	84600611	2023/9/28 5:02	['ZX04001BA', 'ZX04001EA']
9010101	10002	2	诱因				抄近路会掉进兔子洞。	84600612	2023/9/28 5:02	['ZX04002BA']
9010102	10002	3	黑与白				是天灾还是人祸？	84600613	2023/9/28 5:02	['ZX04003EA']
9010103	10002	4	螺旋				所有事物必须遵守自身的规则。	84600614	2023/9/28 5:02	['ZX04004BA']
9010104	10002	5	布阵				棋子排列好了。	84600615	2023/9/28 5:02	['ZX04005BA']
9010105	10002	6	对局				游戏开始。	84600616	2023/9/28 5:02	['ZX04006BA']
9010106	10002	7	交锋				每一方都毫不退让。	84600617	2023/9/28 5:02	['ZX04007BA', 'ZX04007EA']
9010107	10002	8	矛盾				任何故事都需要有一个矛盾。	84600618	2023/9/28 5:02	['ZX04008BA']
9010108	10002	9	瞳中之影				火焰倒映出的是彼此的恶意。	84600619	2023/9/28 5:02	['ZX04009BA']
9010109	10002	10	两名少女				既是宿敌，也是挚友。	84600620	2023/9/28 5:02	['ZX04010BA', 'ZX04010EA']
9010110	10002	11	结论				斩断自我束缚的枷锁。	84600621	2023/9/28 5:02	['ZX04011BA']
9010111	10002	12	斗争				此刻，命运开始交错。	84600622	2023/9/28 5:02	['ZX04012BA', 'ZX04012EA']
9010112	10002	13	梦				无名之梦的尽头。	84600623	2023/9/28 5:02	['ZX04013BA']
9010200	10003	1	“庸才”				此刻他才明白身为“庸才”的痛苦。	84600624	2025/7/3 5:00	['ZX05600BA']
9010201	10003	2	开端				大地从睡眠中苏醒。	84600625	2025/7/3 5:00	['ZX05601BA']
9010202	10003	3	但丁				我叫但丁，是一名恶魔猎人。	84600626	2025/7/3 5:00	['ZX05602BA']
9010203	10003	4	维吉尔				这是什么力量？	84600627	2025/7/3 5:00	['ZX05603BA', 'ZX05603EA']
9010204	10003	5	“地狱”博士				我是托马斯·赫尔博士，我来讲述我的罪恶。	84600628	2025/7/3 5:00	['ZX05604BA']
9010205	10003	6	另一个世界				太过奢侈的幻想不适合我们。	84600629	2025/7/3 5:00	['ZX05605BA']
9010206	10003	7	夜间对谈				异合生物……帕弥什……即使我与恶魔打过不少交道，也不得不说，这里发生的事情足够可怕。	84600630	2025/7/3 5:00	['ZX05606BA', 'ZX05606EA']
9010207	10003	8	巴别塔				镜像，总是很有趣不是吗？	84600631	2025/7/3 5:00	['ZX05607BA']
9010208	10003	9	咒语				jackpot！	84600632	2025/7/3 5:00	['ZX05608BA', 'ZX05608EA']
9010209	10003	10	血食				数百双期冀的目光望向人类指挥官。	84600633	2025/7/3 5:00	['ZX05609BA']
9010210	10003	11	实验室				一切事情的起始之处。	84600634	2025/7/3 5:00	['ZX05610BA']
9010211	10003	12	回忆				那些锋利的记忆碎片又再度出现，随着浪潮扎向名为现实的海岸。	84600635	2025/7/3 5:00	['ZX05611BA']
9010212	10003	13	镜像				在这之前，你们要面对的是其他存在，一个……“镜像”。	84600636	2025/7/3 5:00	['ZX05612BA']
9010213	10003	14	Devil May Cry				只要是拥有“心”的存在，都会有想要哭泣的时刻。	84600637	2025/7/3 5:00	['ZX05613BA', 'ZX05613EA']
9010214	10003	15	宿命				但至少在此刻，他们的传说还在流唱。	84600638	2025/7/3 5:00	['ZX05614BA', 'ZX05614EA']
9010215	10003	16	草莓圣代				太甜了……	84600639	2025/7/3 5:00	['ZX05615BA']
1200101	12001	1	逃脱与找寻				它离开了，连一片银色的羽毛都没留下。而她要去寻找。	84601401	2021/5/20 9:58	['CW00101BA']
1200102	12001	2	接触与疏离				它躲闪着，仿佛立起了一张通着电的铁网。而她要去触碰。	84601402	2021/5/20 9:58	['CW00102BA']
1200103	12001	3	排斥与接纳				相关资料已保存	84601403	2021/5/20 9:58	['CW00103BA', 'CW00103EA']
1200201	12002	1	落差				极光闪烁的天穹下，她任凭夹杂着霜雪的冽风敲打着机体，远眺前方。	84601601		['CW00201BA']
1200202	12002	2	奔行				那是一种片刻挣脱地表束缚的快感，自由的快感。	84601602		['CW00202BA', 'CW00202EA']
1200203	12002	3	寻踪				甩掉了头上的积雪，罗塞塔继续向雪林深处追去。	84601603		['CW00203BA']
1200204	12002	4	天灾				沿途的树木，碎石，都被瞬间淹没。	84601604		['CW00204BA']
1200205	12002	5	霜誓				霜雪中见证我们彼此的誓言。	84601605		['CW00205BA']
1300101	13001	1	未竟的收场诗				以无尽的悔恨与悲剧落下终幕，这就是故事的结局吗？	84101750		['ZX02401BA', 'ZX02401EA']
1300102	13001	2	吹笛人之死				她们都是自己，她的故事永远未完待续。	84101751		['ZX02401BB', 'ZX02401EB']
1300103	13001	3	行走于真实之上				这是那柔和的咏叹调下半阙，是深海沉溺的孤鲸觅得族群，是在初见时向辽阔大海敬献的最为温柔的赞歌。	84101752		['ZX02401EC']
1300104	13001	4	芍药与鸢尾				在开遍芍药与鸢尾花的湖畔上，她们彼此诉说着先前的遭遇，一切因缘巧合以及阔别重逢的喜悦。	84101753		['ZX02420BD', 'ZX02401ED']
1300105	13001	5	伊利斯之名				少女手握同名的紫色花束，在拉布列康埋下宝藏的彼端，在天虹之下，蓦然回首。	84101754		['ZX02401EE']
1300201	13002	1	苏醒				以空白之躯在未知的世界中苏醒，开启探索潮声的旅途。	1005045		['RG00601BA']
1300202	13002	2	告别				在潮声已止的世界中，少女向你献上告别。	1004045		['RG00602BA']
1300203	13002	3	轮回				废弃的庭院里，少女再一次，朝成为白纸的你露出微笑。	1004046		['RG00603BA']
1300204	13002	4	故事				孤独的主人公，需要新的同伴——那么，请为他的故事再添一笔吧	1004028		['RG00604BA']
1300205	13002	5	契约				新的契约已然签订，少女将与你一起继续在“新世界”的旅途	1004048		['RG00605BA']
1300206	13002	6	读者				所有的故事，终将迎来属于它的“读者”	1004049		['RG00606BA']
1300301	13003	1	虚弥幻海				跟随谁人的歌谣而至，诞生自寂寥之海的可能性。	84602511	2023/8/3 10:00	['RG00701BA']
1300302	13003	2	此岸				搁浅于无望的滩岸，赶在意识覆灭前，将摇摇欲坠的希望传递至下个起点。	1004101		['RG00702BA']
1300303	13003	3	彼岸				手捧火苗，遥望彼岸灯火。下一次，一定能抵达那里吧。	1004102		['RG00703BA']
1300304	13003	4	洁塔薇				分开虚无之海的光抵达了另一个彼岸，聆听吧，少女的残响。	1004103		['RG00705BA']
1300305	13003	5	兔子洞				甜美的果实不会通往真实的伊甸，希望是寄生于现实的幻梦。	1004104		['RG00706BA']
1300306	13003	6	守夜人				黎明前巡视夜晚，沉醉于无忧无虑的温柔乡。	1004105		['RG00707BA']
1300307	13003	7	破晓者				穿过黑夜与阴霾，诞生新世界奏响明日之歌。	1004106		['RG00710BA']
1300401	13004	1	旅途起始				无论此处是梦境，还是现实，我们前进的方向都不会改变。			['RG00801BA']
1300402	13004	2	沙盘				旅程即将再次开始，投影者，准备好再次浸入梦境之中了吗？	1020809		['RG00802BA']
1300403	13004	3	大地的心脏				这片大地的暖春已经到来，而她在莺飞草长的草原上等待着与你相见。	1020639		['RG00803BA']
1300404	13004	4	选择				前进吧，距离新的未来，仅有一步之遥了。	1020644		['RG00804BA']
1300405	13004	5	星海之梦				繁星和幻梦伴随着海波轻轻摇晃，那个曾经模糊的明日已经在道路的前方逐渐明晰。	1020643		['RG00805BA']
1300406	13004	6	海葬				然后，再次浸入梦境。	1020647		['RG00806BA']
1300407	13004	7	捕风				二人之间的“共鸣”，到底会让这个维度最终走向怎样的结局？	1020646		['RG00807BA']
1300408	13004	8	沙之城崩毁				沙盘系统即将开始下一轮重启。	1020838		['RG00901BA']
1300409	13004	9	破茧				下一次，就让我们在沙盘之外相遇吧。	1020856		['RG00902BA']
1300410	13004	10	春晨				冰晶融为湑露，吻上迎风舒展的洋甘菊，你们苏醒于漫长黄昏后的春日清晨。	1020923		['RG01501BA']
1400101	14001	1	胡言之理	ER00_1			善恶到头终有报，人间正道是沧桑。	84101771		['ZX02501BA', 'ZX02501EA']
1400102	14001	2	仙缘	ER00_2			静心聆听，似乎还能听到那来自久远过去的钟声与低吟。	84101772		['ZX02502BA', 'ZX02502EA']
1400103	14001	3	“打”个好评	ER00_3			唔……它们怎么看起来心情不太好的样子？	84101773		['ZX02503BA', 'ZX02503EA']
1400104	14001	4	不过岗	ER00_4			不管是谁，都不能让他们去找大鱼。	84101774		['ZX02504BA', 'ZX02504EA']
1400105	14001	5	烟花	ER00_5			划过夜空的烟花引燃了燥热的人群，将庆典的氛围推至高潮。	84101775		['ZX02505BA', 'ZX02505EA']
1400106	14001	6	重逢	ER00_6			此时此刻，恰如彼时彼刻。	84101776		['ZX02506BA']
1400107	14001	7	游子归乡	ER00_7			现在，远游的孩子终于是时候回家了咕。	84101777		['ZX02507BA', 'ZX02507EA']
1400108	14001	8	卷土重来	ER00_8			我们，就是嘿帮。	84101778		['ZX02508BA']
1400109	14001	9	悠远天音	ER00_9			一声悠远的鲸鸣自天边传来，穿过云层与屋檐，穿过欢闹的人群。	84101779		['ZX02509EA']
1400110	14001	10	开春	ER00_10			唔嗯……千里之行始于足下，蒲牢，出发！	84101780		['ZX02510BA']
1400201	14002	1	童年	ER01_1			你好，我是启发式人工智能管理机械A型。	84101901		['ZX02701BA']
1400202	14002	2	启示	ER01_2			根据记录，人类倾向于对超出控制范围的东西产生相对主观的负面评价，你的画非常特别，并不代表它是没有意义的。	84101902		['ZX02702BA']
1400203	14002	3	第二次诞生	ER01_3			请你……找到她，保护她。	84101903		['ZX02703BA', 'ZX02703EA']
1400204	14002	4	无望的寻找	ER01_4			少女的身影被淹没在感染体的浪潮中。	84101904		['ZX02704BA']
1400205	14002	5	苏醒	ER01_5			再次醒来的时候，世界已经不再是它原本的样子。	84101905		['ZX02705BA', 'ZX02705EA']
1400206	14002	6	‘先哲’的贡品	ER01_6			“可以把那本《星屑骑士的破晓冒险》给我吗？”	84101906		['ZX02706BA', 'ZX02706EA']
1400207	14002	7	独旅	ER01_7			地球上的机械是被人类所抛弃的造物，它们一直……在寻找自己存在的意义。	84101907		['ZX02707BA']
1400208	14002	8	‘战车’	ER01_8			但既然你也是追求觉醒的同胞，可以选择加入机械教会成为我等的一员。	84101908		['ZX02708BA', 'ZX02708EA']
1400209	14002	9	机械教会	ER01_9			这些开蒙的机械如同初生的婴儿，不知晓何为“创造”，只是一味地模仿追赶人的脚步。	84101909		['ZX02709BA']
1400210	14002	10	猩红色的威胁	ER01_10			他们学会了何为“恐惧”，他们想要去寻找新的家园。	84101910		['ZX02710BA', 'ZX02710EA']
1400211	14002	11	尘封的星舰	ER01_11			既然先哲始终没有降临，那么‘齿轮’有责任代表机械选择自己的未来。	84101911		['ZX02711BA']
1400212	14002	12	机械的选择	ER01_12			机械的爱终于脱离了程序的桎梏，来自人类的爱与善意为他们铺开了未来的道路。	84101912		['ZX02712BA', 'ZX02712EA']
1400213	14002	13	向着光辉行进	ER01_13			虽然现在的哈卡玛并不认识七实，但是七实记得每一个朋友，绝对不会让朋友们遭受那样悲伤的结局。	84101913		['ZX02713BA', 'ZX02713EA']
1400214	14002	14	再次踏上旅程	ER01_14			接下来，是我们一起的旅行了。	84101914		['ZX02714BA']
1400301	14003	1	野草枯朽	ER02_01			死亡的生命已经朽腐，我对于这朽腐有大欢喜，因为我借此知道它还非空虚。	84102101		['ZX02901BA']
1400302	14003	2	玻璃摇篮	ER02_02			孩子的玻璃摇篮保持着随时都能接受监督的透明，也保持随时都能打破的可控，它正在被好好呵护。	84102102		['ZX02902BA']
1400303	14003	3	夜幕迷途	ER02_03			就是因为平平无奇，没有任何过人之处……才更容易被无力感推着走向歧途吧。	84102103		['ZX02903BA']
1400304	14003	4	惯性记忆	ER02_04			那仿佛是埋藏在身体里的记忆。	84102104		['ZX02904BA', 'ZX02904EA']
1400305	14003	5	潘多拉之匣	ER02_05			庞氏骗局还带赌，骗得你连自己妈都能坑。	84102105		['ZX02905BA']
1400306	14003	6	无辜者之死	ER02_06			我们通往未来的路上，布满了熄灭的生命之火。	84102106		['ZX02906BA']
1400307	14003	7	残缺的忏悔	ER02_07			如果很久很久以后，你依然觉得我做错了，那就不要学我，好吗？	84102107		['ZX02907BA']
1400308	14003	8	死火的选择	ER02_08			如果生命是一团必将迈向死亡的火焰，在冻灭与燃尽之间，少年一定会选择后者。	84102108		['ZX02908BA']
1400309	14003	9	求乞与布施	ER02_09			遇求乞者时，我不布施，我无布施心，我但居布施者之上，给予烦腻，疑心，憎恶。成为求乞者时，亦得不到布施，得不到布施心，我将得到自居于布施之上者的烦腻，疑心，憎恶。	84102109		['ZX02909BA']
1400310	14003	10	影的告别	ER02_10			光明溢满的车厢，寻不见他的影迹。	84102110		['ZX02910BA']
1400311	14003	11	记忆苏醒	ER02_11			对不起，原谅我吧……然后忘记这一切，我们再重新认识，重新和好。	84102111		['ZX02911BA']
1400312	14003	12	似是而非	ER02_12			史莱克？总觉得这个名字会和“怪物”有关，但作为被升格者“饲养”在牢房里的构造体，说你是“怪物”也没什么问题。	84102112		['ZX02912BA', 'ZX02912EA']
1400313	14003	13	“过客”	ER02_13			走完那坟地之后呢？	84102113		['ZX02913BA']
1400314	14003	14	他的絮语	ER02_14			不听话的孩子必须要接受惩罚。	84102114		['ZX02914BA', 'ZX02914EA']
1400315	14003	15	焚书融雪	ER02_15			别做烧书取暖的蠢货。	84102115		['ZX02915BA']
1400316	14003	16	生命燎原	ER02_16			奥赛兰姆号上承载的一切生命，无论高低贵贱，此刻都如同溶解的冰块一般，发出了绝望的悲鸣与怒吼，随着火光一起摇晃，崩落。	84102116		['ZX02916BA']
1400317	14003	17	指鹿为马	ER02_17			你以为那些把鹿认成马的人是蠢货，但这就是他们最聪明的地方，因为说实话的人……很快就都死啦。	84102117		['ZX02917BA']
1400318	14003	18	日暮途穷	ER02_18			那个曾憧憬着‘英雄’的孩子，如今却成为了伤害无辜者的罪人。	84102118		['ZX02918BA', 'ZX02918EA']
1400319	14003	19	消融之名	ER02_19			只有想忘记过去的人才会抛弃自己的名字，你也是这一类？	84102119		['ZX02919BA']
1400320	14003	20	腐草为萤	ER02_20			寒冬之所以可以被跨越，是因为有人燃烧了自己的灵魂去融化冰雪。	84102120		['ZX02920BA']
1400321	14003	21	挣脱束缚	ER02_21			所有的记忆都回到了他的心中，即使躯体布满裂痕，束缚让他寸步难行，青年也不会再迷茫了。	84102121		['ZX02921BA']
1400322	14003	22	旧梦刻痕	ER02_23			请允许我保留念念不忘的遗憾，请原谅我笨拙不堪的平凡，请让我在心还活着时死去……因为这些缺憾正是我前进的动力。	84102123		['ZX02923EA']
1400323	14003	23	枯朽为灯	ER02_24			死亡与朽腐早已到来，野草在地面上燃烬，火光化作繁灯点点，指引着幸存者迈向未来。	84102124		['ZX02924BA']
1400401	14004	1	幻痛残影	ER03_01			那串日期像是某种烙印，光是看到这串数字的组合，她脑中便开始闪现出旧日的画面，以及若隐若现的痛楚。	84102301		['ZX03101BA']
1400402	14004	2	未答遗题	ER03_02			如果这一台机体获得了成功，则预示着人类至少能够在对抗帕弥什病毒的道路上不再畏手畏脚，从而真正意义上开始对帕弥什病毒的反击。	84102302		['ZX03102BA']
1400404	14004	4	往日回响	ER03_04			许久以来，凡妮莎第一次回想起最初与邦比娜塔的相遇。	84102304		['ZX03104BA']
1400407	14004	7	意识沉没	ER03_07			沉没吞噬掉可以被感知到的一切，视觉，听觉都归于寂静。在无人探知的意识海深层，痛楚和担忧都不复存在。	84102307		['ZX03107BA']
1400408	14004	8	游戏时间	ER03_08				84102308		['ZX03108BA', 'ZX03108EA']
1400409	14004	9	镜中人形	ER03_09			第一次，邦比娜塔开始端详起镜子之中的身体。	84102309		['ZX03109BA']
1400410	14004	10	门	ER03_10			邦比娜塔下意识抬起手，却发现已经没有任何人能够被挽留。	84102310		['ZX03110BA']
1400413	14004	13	梦隙话语	ER03_13			她忽然想起无数个被她抛之脑后的日夜，总是有一双浅蓝的眼睛注视着自己。	84102313		['ZX03113BA']
1400501	14005	1	其形	ER04_1			她在等待着，在人潮往复的彼岸。	84602421		['ZX03501BA']
1400502	14005	2	其名	ER04_2			“那就是姐姐你的名字啦，是只属于你的名字。”	84602422		['ZX03502BA']
1400503	14005	3	另一个“家”	ER04_3			她不记得自己是如何来到这里的，却先记住了自己如何离开。	84602423		['ZX03503BA']
1400504	14005	4	所有的孩子们	ER04_4				84602424		['ZX03504BA', 'ZX03504EA']
1400505	14005	5	时间的痕迹	ER04_5			你啊……时间对你来说，还不够刻骨铭心。	84602425		['ZX03505BA']
1400506	14005	6	杯汝来前	ER04_6			她最终还是没有推开那扇门。	84602426		['ZX03506BA']
1400507	14005	7	造物主们	ER04_7				84602427		['ZX03507BA', 'ZX03507EA']
1400508	14005	8	近在眼前	ER04_8				84602428		['ZX03508BA', 'ZX03508EA']
1400509	14005	9	问与答	ER04_9			一颗干瘪细小的种子，安静地躺在她的手心里。	84602429		['ZX03509BA']
1400510	14005	10	织线之人	ER04_10				84602430		['ZX03510BA']
1400511	14005	11	机械之诗	ER04_11				84602431		['ZX03511EA']
1400512	14005	12	生与死	ER04_12				84602432		['ZX03512EA']
1400513	14005	13	敲得更响一些	ER04_13				84602433		['ZX03513BA', 'ZX03513EA']
1400514	14005	14	我们的故乡	ER04_14				84602434		['ZX03514EA']
1400515	14005	15	存于地狱之名	ER04_15			那是无信仰的，可悲的灵魂。即便身躯已经腐朽，灵魂也无法找到通往天国的大门。	84602435		['ZX03515BA']
1400516	14005	16	欢迎回家	ER04_16			她在等待着，在空无一人的九龙。	84602436		['ZX03516BA']
1400517	14005	17	在落幕之后	ER04_17			那么……就请你作为我们的筹码，活下去吧。	84602437		['ZX03517BA']
1400601	14006	1	尘封回忆	ER05_1			——那个他必须要杀死的人——那个他必须要铭记的人……	84602440		['ZX03701BA']
1400602	14006	2	赴汤蹈火	ER05_2			就当是我还你……还给三头犬的人情吧。	84602441		['ZX03702BA']
1400603	14006	3	与犬共舞	ER05_3			从清理恶人的猎犬变成了看门的汪汪狗了吗？	84602442		['ZX03703BA', 'ZX03703EA']
1400604	14006	4	叛逃者	ER05_4			如果实在没办法阻止那个傻子，那就尽量远离他。	84602443		['ZX03704BA']
1400605	14006	5	不法者之镇	ER05_5			“新奥克蕾”镇……不欢迎你们。	84602444		['ZX03705BA']
1400606	14006	6	深夜	ER05_6			你和我掺和在一起的话，说不定也会被当成叛逃者。	84602445		['ZX03706BA']
1400607	14006	7	新血	ER05_7			你们将会成为“新奥克蕾”的新血液。	84602446		['ZX03707BA']
1400608	14006	8	沉沙往事	ER05_8			下辈子记得不要再相信敌人的话。	84602447		['ZX03708BA']
1400609	14006	9	日落与酒	ER05_9			尽情喝吧！尽情跳吧！不要辜负这日落与美酒！	84602448		['ZX03709BA', 'ZX03709EA']
1400610	14006	10	生死疑云	ER05_10			那可是遗忘者的领袖，渡边……不会那么简单的死去。	84602449		['ZX03710BA']
1400611	14006	11	收获节	ER05_11			今天是收获的节日，也是狂欢的开始。	84602450		['ZX03711BA', 'ZX03711EA']
1400612	14006	12	来者不善	ER05_12			我和他之间，也是时候要来个了断了。	84602451		['ZX03712BA', 'ZX03712EA']
1400613	14006	13	流金岁月	ER05_13			小镇一定会像这些麦子一样，尽而又生，周而复始，渐渐壮大起来。	84602452		['ZX03713BA']
1400614	14006	14	小镇风云	ER05_14			镇长和这个小镇……还有空中花园……说不定都会遭受到危险。	84602453		['ZX03714BA', 'ZX03714EA']
1400615	14006	15	三恶犬	ER05_15			任是少了谁，砍掉一个头的三头犬也没办法再称为“三”头犬。	84602454		['ZX03715BA']
1400616	14006	16	决战“新奥克蕾”	ER05_16			那么就大干一场，就当做是收获节的余庆活动吧。	84602455		['ZX03716BA', 'ZX03716EA']
1400617	14006	17	怒焰之拳	ER05_17			我会和搭档用尽我们的全力……把你揍扁！	84602456		['ZX03717BA', 'ZX03717EA']
1400618	14006	18	搭档	ER05_18			搭档，来尽情庆祝属于我们的胜利吧！	84602457		['ZX03718BA']
1400701	14007	1	旷野缝隙	ER06_1			康士坦丁矿难幸存者的家属们，应该团结一致，我们应该获得应有的说明，也应当获得应有的赔偿！	84602567		['ZX04501BA']
1400702	14007	2	额外的价钱	ER06_2			她懒洋洋地走进了那片光里。	84602568		['ZX04502BA', 'ZX04502EA']
1400703	14007	3	“搜寻者”	ER06_3			细微的机械齿轮声音突兀响起，巨大帷幕突然熄灭。	84602569		['ZX04503BA']
1400704	14007	4	康士坦丁	ER06_4			康士坦丁矿场，是诺曼集团很早期投资的矿场之一。	84602570		['ZX04504BA']
1400705	14007	5	生命天秤	ER06_5			不放弃任何一个希望。	84602571		['ZX04505BA']
1400706	14007	6	“巧合”	ER06_6			顺便一提，你对我……毫无印象吗？	84602572		['ZX04506BA']
1400707	14007	7	再临矿场	ER06_7			时隔多年，她再次踏入这个深渊。	84602573		['ZX04507BA', 'ZX04507EA']
1400708	14007	8	二次坍塌	ER06_8			低沉的轰鸣自来路传出，一路蔓延到矿井中的各个角落。	84602574		['ZX04508BA']
1400709	14007	9	地底之塔	ER06_9			腐旧谜团裹挟着朽败烟尘扑面而来。	84602575		['ZX04509BA']
1400710	14007	10	惶惑	ER06_10			担忧，怀疑，曾经被阳光压下去的梦魇再度复苏。	84602576		['ZX04510BA', 'ZX04510EA']
1400711	14007	11	双重谜团	ER06_11			他们掩盖的越深，我就坚信他们藏着越见不得人的东西。	84602577		['ZX04511BA']
1400712	14007	12	失去的交集	ER06_12			只是有些东西它会一直跟着你，不论是醒着还是休眠，不论日常还是战斗。	84602578		['ZX04512BA']
1400713	14007	13	另寻出路	ER06_13			后退有一次就会有第二次。	84602579		['ZX04513BA']
1400714	14007	14	狡兔三窟	ER06_14			更多隐秘随着通道和实验室的暴露逐渐浮出岩层	84602580		['ZX04514BA']
1400715	14007	15	返程	ER06_15			准备好了，那我们就带上东西——回家！	84602581		['ZX04515BA']
1400716	14007	16	险局	ER06_16			就去监控室吧。狡猾的兔子总会在最关键的位置给自己留下后路。	84602582		['ZX04516BA', 'ZX04516EA']
1400717	14007	17	固守危墙	ER06_17			我可难得做这种好人好事，这不是我一贯的风格。	84602583		['ZX04517BA']
1400718	14007	18	不容亵渎	ER06_18			我……发过誓，此生忠于诺曼集团，忠于诺曼家族。	84602584		['ZX04518BA']
1400719	14007	19	重回井底	ER06_19			把稳妥留在日常，现在我们要做一些大胆的事。	84602585		['ZX04519BA']
1400720	14007	20	背水临锋	ER06_20			她不会让这些真相被埋葬在黑暗里。	84602586		['ZX04520BA', 'ZX04520EA']
1400721	14007	21	脱出樊笼	ER06_21			朝这个方向跑，我们在前面为你开路！	84602587		['ZX04521BA']
1400722	14007	22	最后转折	ER06_22			这是任务说明，可不是黄金时代的电影，哪来的那么多精彩转折。	84602588		['ZX04522BA']
1400801	14008	1	锈海雪原	ER07_1			面对未知时刻保持探知欲，是科研人员的基本素养。	84602589		['ZX04601BA', 'ZX04601EA']
1400802	14008	2	钥与萤	ER07_2			这把钥匙能够开启的门扉后面，或许就是教会的未来。	84602590		['ZX04602BA']
1400803	14008	3	消逝的电波	ER07_3			她引领随行的守林人朝日出的方向走去。	84602591		['ZX04603BA']
1400804	14008	4	墓隧	ER07_4			口袋中的黑巧克力还留存着属于人类女孩的余温。	84602592		['ZX04604BA', 'ZX04604EA']
1400805	14008	5	失落城池	ER07_5			它比数千年来人类梦想中的奇迹都更为壮阔、更为辉煌。	84602593		['ZX04605BA']
1400806	14008	6	予我庇护	ER07_6			你不能每次都期待外来者的善意。	84602594		['ZX04606BA']
1400807	14008	7	谈判者	ER07_7			这座城市其实很小，容不下一场真正的战争。	84602595		['ZX04607BA']
1400808	14008	8	昨日之影	ER07_8			人都在为自己的选择付出代价。	84602596		['ZX04608BA', 'ZX04608EA']
1400809	14008	9	自私的含义	ER07_9			对我来说，这就是我的整个世界。	84602597		['ZX04609BA']
1400810	14008	10	等价交换	ER07_10			谋杀，只是人类发明的虚伪概念。	84602598		['ZX04610BA']
1400811	14008	11	假面舞会	ER07_11			他的出招虽然凌厉，但动作之间的衔接却颇为僵硬。	84602599		['ZX04611BA', 'ZX04611EA']
1400812	14008	12	平衡木	ER07_12			这间左右人类命运的议事厅，气氛更像是斗兽场。	84602600		['ZX04612BA']
1400813	14008	13	她的脚步	ER07_13			我不过想一直见证到最后一幕而已。	84602601		['ZX04613BA', 'ZX04613EA']
1400814	14008	14	内战	ER07_14			实弹和射束的流焰划过被浓烟浸染的天空。	84602602		['ZX04614BA']
1400815	14008	15	迷雾灯塔	ER07_15			在勇气的大门旁，少女将明灯高高举起。	84602603		['ZX04615BA']
1400816	14008	16	她的决意	ER07_16			如果你想阻拦我，就从我的躯壳上踏过去吧。	84602604		['ZX04616BA', 'ZX04616EA']
1400817	14008	17	葬于星海	ER07_17			“地球很小，呈浅蓝色，而且看起来如此孤独。”	84602605		['ZX04617BA']
1400901	14009	1	斥候	ER08_1			万事翻转手腕，像许多年前在生命之星苏醒那时一样，缓慢握拳，又松开。	84602608		['ZX04701BA']
1400902	14009	2	遗影	ER08_2			走吧，谨慎一些。	84602609		['ZX04702BA', 'ZX04702EA']
1400903	14009	3	纠错	ER08_3			语无伦次的年轻医生和男孩一同将目光投向遥不可及的未来，两人好像真的相信这一切会发生——不管是骗子还是受骗者。	84602610		['ZX04703BA']
1400904	14009	4	雏鸟	ER08_4			他像一只不小心飞入人类社会的雏鸟，好奇，小心翼翼，却又认真咀嚼一切新鲜词汇。	84602611		['ZX04704BA']
1400905	14009	5	入梦者	ER08_5			记忆数据们思考了片刻，都选择朝信标走去。	84602612		['ZX04705BA', 'ZX04705EA']
1400906	14009	6	通俗故事	ER08_6			其实我们这些孤儿，从小到大，只能读着一个个社会大众喜闻乐见的通俗故事，再成为下一个通俗故事的主角。	84602613		['ZX04706BA']
1400907	14009	7	调换未来	ER08_7			不。这件事的真相是被别人定义的。	84602614		['ZX04707BA']
1400908	14009	8	何为拯救	ER08_8			梅尔薇像是接受了少年的叛逆，宽容地默认这会和成长绑定到一起。	84602615		['ZX04708BA']
1400909	14009	9	彩色闹剧	ER08_9			声势浩大但其实什么都没有撼动，发光一瞬就迅速冷掉了。	84602616		['ZX04709BA']
1400910	14009	10	叛变者	ER08_10			我们是不是该考虑一下，他们控制的是“孩子”还是别的？	84602617		['ZX04710BA', 'ZX04710EA']
1400911	14009	11	沉默崩毁	ER08_11			她可以再割舍一些良心。	84602618		['ZX04711BA']
1400912	14009	12	豢养恶魔	ER08_12			他们只是没见过世界的小孩子，是牵在一条脐带上训练出的士兵。他们都是056号叛变者生出的“恶魔”。	84602619		['ZX04712BA']
1400913	14009	13	玩具与万花筒	ER08_13			“蚂蚁也能杀死大象吗？”	84602620		['ZX04713EA']
1400914	14009	14	回溯	ER08_14			如果一定要有人站在泥潭中，才能把你们托出去的话……那最适合深陷其中就是我。	84602621		['ZX04714BA']
1400915	14009	15	模糊	ER08_15			他永远没有十六岁。	84602622		['ZX04715EA']
1400916	14009	16	辩驳	ER08_16			他们像是对桌对面的愤怒习以为常，继续漠然地听着他的陈述，连眉毛都没抬一下。	84602623		['ZX04716BA']
1400917	14009	17	静滞长夜	ER08_17			多么光明的一天。	84602624		['ZX04717BA']
1400918	14009	18	药盒与谎言	ER08_18			谁都不想再做那个被所有人拯救、再被所有人留下的人了。	84602625		['ZX04718BA', 'ZX04718EA']
1400919	14009	19	拂晓之前	ER08_19			……自愿，改造。	84602626		['ZX04719BA', 'ZX04719EA']
1400920	14009	20	暮往长离	ER08_20			Partir, c'est mourir un peu.	84602627		['ZX04720BA']
1400921	14009	21	明晰梦	ER08_21			“包裹尸体的，是棺椁还是琥珀？”	84602628		['ZX04721BA']
1400922	14009	22	薄荷糖	ER08_22			去握住那一双双将种子托举出泥潭的手。	84602629		['ZX04722BA', 'ZX04722EA']
1400923	14009	23	婴孩	ER08_23			从以人类身份出世以来至今，万事好像从未睡得这么舒服过。	84602630		['ZX04723BA']
1400924	14009	24	当下与本质	ER08_24			必须执行严格的伦理审查与知情同意——在研究开始之前，任何试验方案都必须获得伦理委员会的批准。	84602631		['ZX04724BA']
1400925	14009	25	EX-生日	ER08_25			成，你留下啥烂摊子我都不会抱怨的。	84602632		['ZX04725BA']
1400926	14009	26	EX-此行	ER08_26			万花筒一般的世界重新在他面前缓缓展开。	84602633		['ZX04726BA']
1401001	14010	1	糖果快递	ER09_1			……你已经签收了。	84602681		['ZX04901BA']
1401002	14010	2	坠入盛夏	ER09_2			随后，伴随着巨大的闷响，森林附近的开阔地升起了火光。	84602682		['ZX04902BA']
1401003	14010	3	缺席之人	ER09_3			约定好的……八咫……回来吧……	84602683		['ZX04903BA']
1401004	14010	4	无声合唱	ER09_4			旧日的歌谣一刻不停，躲进了隐秘的角落。	84602684		['ZX04904BA', 'ZX04904EA']
1401005	14010	5	御园田径女王	ER09_5			不错的外号，不过，志向是否不够远大？	84602685		['ZX04905BA']
1401006	14010	6	理想乡	ER09_6			将全人类的意识链接在一起，构建精神领域的新家园。	84602686		['ZX04906BA']
1401007	14010	7	最佳适格者	ER09_7			博士，冒昧地问一句，您难道对她产生了所谓的母爱？	84602687		['ZX04907BA']
1401008	14010	8	匀速飞驰！	ER09_8			怎么可能？这可是800米的比赛啊……	84602688		['ZX04908BA']
1401009	14010	9	夏天、烟火和……	ER09_9			但是，没法置人于死地的武器就只是装饰品而已。	84602689		['ZX04909BA']
1401010	14010	10	不散夜雾	ER09_10			传闻每个无月的夜晚，御园校内会升起一种血色的雾。	84602690		['ZX04910BA']
1401012	14010	12	昨日重现	ER09_12			她身边的场景如同砸落在地的拼图，散作碎屑，只剩下无边的漆黑。	84602692		['ZX04912EA']
1401013	14010	13	失败主义者	ER09_13			你编织的愿景将会响彻每一个潮水覆盖的角落。	84602693		['ZX04913BA']
1401014	14010	14	三只眼和六只手	ER09_14			臭神棍，睡着了就别乱讲话！	84602694		['ZX04914BA']
1401015	14010	15	最好的选择	ER09_15			八咫，快逃！	84602695		['ZX04915BA', 'ZX04915EA']
1401016	14010	16	“意识投射”	ER09_16			那孩子的意识海里盛满了无数人的意识，甚至要将她自己的意识淹没。	84602696		['ZX04916BA']
1401017	14010	17	命定的告别	ER09_17			你该跑向前方……而我会留在这里。	84602697		['ZX04917EA']
1401018	14010	18	织梦者的梦	ER09_18			那么，请您利用我吧。	84602698		['ZX04918BA']
1401019	14010	19	步入后尘	ER09_19			远处的某个黑影悄悄摁下了录像的终止键，面具下的嘴角勾起了一个小小的弧度。	84602699		['ZX04919BA']
1401101	14011	1	荷官、裁缝、刺客、间谍	ER10_1			女孩歪着脑袋轻喊店主的名字。	84602726		['ZX05201BA']
1401102	14011	2	八发左轮	ER10_2			六次击发，六个空弹仓。答案不言自喻。	84602727		['ZX05202BA']
1401103	14011	3	城市与群星	ER10_3			射灯将初夏的夜空染成迷幻的褐紫色。	84602728		['ZX05203BA']
1401104	14011	4	猫鼠游戏	ER10_4			就像严谨守时、永远遵循指令运行的机械钟。	84602729		['ZX05204BA']
1401105	14011	5	碳变	ER10_5			她不相信麻痹神经的甜腻，她更需要嗅到危险的气息。	84602730		['ZX05205BA', 'ZX05205EA']
1401106	14011	6	棉花糖夹心饼	ER10_6			尾音拖得很长很长，扰动了没有一丝波澜的月光。	84602731		['ZX05206BA']
1401107	14011	7	天启日	ER10_7			这里的人类离太阳太近，距告解室太远。	84602732		['ZX05207BA']
1401108	14011	8	立于巴比伦	ER10_8			属于我们的反击时代，开始了。	84602733		['ZX05208BA', 'ZX05208EA']
1401109	14011	9	新参者	ER10_9			服侍无法理解的目标。服侍无法填补的空洞。	84602734		['ZX05209BA']
1401110	14011	10	违童之愿	ER10_10			但这一切都与以街巷为家的贱民无关。	84602735		['ZX05210BA']
1401111	14011	11	市场花园	ER10_11			培养皿、实验样本、菌群，缺一不可。	84602736		['ZX05211BA']
1401112	14011	12	生长介质	ER10_12			极端敏感的传感器阵列，足以识别最为微弱的异动。	84602737		['ZX05212BA', 'ZX05212EA']
1401113	14011	13	第一人	ER10_13			已有的事后必再有。	84602738		['ZX05213EA']
1401114	14011	14	众生训诫	ER10_14			敬旧世界。	84602739		['ZX05214BA']
1401115	14011	15	红绯病的面纱	ER10_15			她是将无上的喜乐，亲手赐予这座囚笼的人。	84602740		['ZX05215BA']
1401116	14011	16	猎人逻辑	ER10_16			一道银光在沙尘与石砾的帷幕间撕开缝隙。	84602741		['ZX05216BA']
1401117	14011	17	瓶中城	ER10_17			高远的天幕之下，甚至偶有飞鸟掠过。	84602742		['ZX05217BA', 'ZX05217EA']
1401118	14011	18	王翼弃兵	ER10_18			技术进步等不及那么漫长的实验，灾难也是。	84602743		['ZX05218BA']
1401119	14011	19	银雨	ER10_19			唯一赢家独步于锋利的银雨中，宛若新生。	84602744		['ZX05219BA', 'ZX05219EA']
1401120	14011	20	拣选	ER10_20			大地上空绽放出足以熔化黑暗的人工黎明。	84602745		['ZX05220BA']
1401121	14011	21	出乐园记	ER10_21			在见到她之前，谁都没有答案，不是吗？	84602746		['ZX05221BA']
1401201	14012	1	启幕	ER11_1			我们发现的也可能只是冰山一角。部队的规模、存在的目的、势力的态度……都还相当模糊。	84602790		['ZX05401BA']
1401202	14012	2	不得体的会面	ER11_2			——找到你了。	84602791		['ZX05402BA', 'ZX05402EA']
1401203	14012	3	战争兵器	ER11_3			作为兵器，没有需要人类舍命援助的价值。	84602792		['ZX05403BA']
1401204	14012	4	似曾相识的噩梦	ER11_4			再见了……■■■。	84602793		['ZX05404BA']
1401205	14012	5	逆时针的钟摆	ER11_5			这里的所有东西，表面上看上去再怎么稳固……实际上都是易碎的存在。	84602794		['ZX05405BA']
1401206	14012	6	“枷锁”	ER11_6			好了，和我一起走吧~	84602795		['ZX05406BA']
1401207	14012	7	新生	ER11_7			如果让学生将对错视为可代入等号两端的参数，那么一切行动将从追求正确转为追求等式的配平。	84602796		['ZX05407BA']
1401208	14012	8	日记的终点	ER11_8			我倒是觉得，和你这样安静待在这里的时间，反而让人感到有些不可思议。	84602797		['ZX05408BA', 'ZX05408EA']
1401209	14012	9	“矩阵”	ER11_9			我们都希望通过某种办法让那些孩子都活下去，即使所作所为并不符合公司的价值观。	84602798		['ZX05409BA']
1401210	14012	10	覆灭的真相	ER11_10			洁塔薇我啊，以前是由某个人类的意识样本而生成的机械意识模型。	84602799		['ZX05410BA']
1401211	14012	11	迁移	ER11_11			很奇怪，明明什么数据都没有丢失，但她总感觉自己失去了什么。	84602800		['ZX05411BA']
1401212	14012	12	真正的“现实”	ER11_12			你撒谎。	84602801		['ZX05412BA', 'ZX05412EA']
1401213	14012	13	天选者	ER11_13			你好，洁塔薇？	84602802		['ZX05413BA']
1401214	14012	14	暗黑游乐场	ER11_14			……G227不具备强攻这种感染体密度区域的能力，处理源头和那个高能量反应的个体都需要精英构造体。	84602803		['ZX05414BA', 'ZX05414EA']
1401215	14012	15	小丑的安魂曲	ER11_15			……这已经是我第四次和你做自我介绍了，指挥官。	84602804		['ZX05415BA', 'ZX05415EA']
1401216	14012	16	“兄弟”	ER11_16			我不要这种烂铁皮当我的弟弟！这就是一个和我长得一样的怪物！	84602805		['ZX05416BA']
1401217	14012	17	樊笼	ER11_1			你的任务是……从那个鸟笼里，取走“她”产下的“蛋”。	84602806		['ZX05401YA']
1401218	14012	18	破碎	ER11_2			所有的东西都在破碎，所有的东西，都再也拼不回来了。	84602807		['ZX05402YA']
1401219	14012	19	依赖的人	ER11_3			“人类就是只有舍弃各种不必要的东西才能前进的生物。”	84602808		['ZX05403YA']
1401220	14012	20	VI	ER11_4			……就叫它VI吧。	84602809		['ZX05404YA']
1401221	14012	21	本能	ER11_5			“别担心……我会好好保护好你们。”	84602810		['ZX05405YA']
1401222	14012	22	记忆阻断	ER11_6			你什么都不记得了吗？	84602811		['ZX05406YA']
1401223	14012	23	谬误的死亡	ER11_7			作为报答，让我为你唱一首摇篮曲吧？	84602812		['ZX05407YA']
1401224	14012	24	她的“新生”	ER11_8			等到那双眼睛睁开的一天，会产生什么样的感想呢？	84602813		['ZX05408YA']
1401225	14012	25	洁塔薇	ER11_9			我爱你，我的孩子……也愿你因爱而生。	84602814		['ZX05409YA']
1401301	14013	1	滚雪	ER12_2			她很锋利。	84602815		['ZX05501BA', 'ZX05501EA']
1401302	14013	2	止沸	ER12_3			你的锋利，也必然折损在悲剧结局之中。	84602816		['ZX05502BA']
1401303	14013	3	轮回	ER12_4			而现在的她重新眨眼，苍老又丑陋的身影一闪而过，只有一个还在军事学院读书的“新一代”人类坐在正对面，一双充满探寻的眼睛望过来。	84602817		['ZX05503BA']
1401304	14013	4	启程	ER12_5			只有一个势单力薄的人类，还没从学校毕业，没有武器，甚至还受着伤，步伐不稳。	84602818		['ZX05504BA']
1401305	14013	5	浊海	ER12_6			你说原本坐角落那老头？昨天刚死。	84602819		['ZX05505BA']
1401306	14013	6	飞散	ER12_7			正如人类所说，这是自己第一次踏上真实的地面，第一次见到这样的场面，第一次体会到这样的情绪。	84602820		['ZX05506BA', 'ZX05506EA']
1401307	14013	7	汇流	ER12_8			可我不想旁观，然后做出注定会后悔的决定。	84602821		['ZX05507BA']
1401308	14013	8	孵化	ER12_9			透过帕弥什的眼睛，旧人类的身躯宛如被丝线一圈圈缠绕塑成，微弱地发着光芒。	84602822		['ZX05508BA']
1401309	14013	9	复苏	ER12_10			有力的双手按压在人类胸口，一下又一下，强拉起正常的心跳频率。	84602823		['ZX05509BA']
1401310	14013	10	更迭	ER12_11			轮到我们为了“活下去”而拼命挣扎了。	84602824		['ZX05510EA']
1401311	14013	11	奇兵	ER12_12			她知道，雪水会混成泥泞，会让这场冬日中的末路逃亡变得更加艰难。这支摇摇欲坠的队伍不具备再承受一次打击的能力。	84602825		['ZX05511BA']
1401312	14013	12	血肉	ER12_13			为英雄塑身的往往是灾难，尤其是这一次，红发的死神甘愿让英雄吞吃自己的血肉。	84602826		['ZX05512BA']
1401313	14013	13	后辈	ER12_14			礼堂的聚光灯有些吝啬，只将光束投在幸运的寥寥几人身上。	84602827		['ZX05513BA']
1401314	14013	14	分歧	ER12_15			我们是曾经目标一致的合作者，但现在看来，该到分道扬镳的时刻了。	84602828		['ZX05514BA']
1401315	14013	15	刀舞	ER12_16			绳子，有那么长吗？	84602829		['ZX05515BA']
1401316	14013	16	进化	ER12_17			它触及属于人类的爱意。	84602830		['ZX05516BA']
1401317	14013	17	余寂	ER12_18			浓郁的铁锈味在一瞬间将整个人包裹，长发披散在人类耳侧，在颈窝里卷成一小堆。	84602831		['ZX05517BA']
1401318	14013	18	活火	ER12_19			我甘愿被“英雄主义”裹挟，为了我想要的结局……！	84602832		['ZX05518BA']
1401319	14013	19	良夜	ER12_20			和那时一样……尽情利用我，尽情燃烧我，务必让点点星火化为燎原烈焰。	84602833		['ZX05519BA', 'ZX05519EA']
1401320	14013	20	曦时	ER12_21			亲爱的瓦尔基里，请醒来吧。	84602834		['ZX05520BA']
1401321	14013	21	相逢	ER12_22			当还的恩，我还了；当报的仇，我报了；当走的路，我仍在路上。	84602835		['ZX05521BA']
1401322	14013	22	EX-某种英雄	ER12_23			队长，风沙的尽头，会有什么？	84602836		['ZX05522EX']
1401323	14013	23	EX-只有一条路	ER12_24			one way out	84602837		['ZX05523EX']
1401324	14013	24	EX-海报英雄	ER12_25			他终于习惯了空中花园的温暖日光。	84602838		['ZX05524EX']
1401325	14013	25	EX-悬崖	ER12_26			如果这个世界不再有悬崖，那我就成为世界的悬崖。	84602839		['ZX05525EX']
1401401	14014	1	教父	ER13_1			这是冬日里的一天。再没有比这更糟糕的开头了。	84602853		['ZX05901BA']
1401402	14014	2	穿针	ER13_2				84602854		['ZX05902BA']
1401403	14014	3	引线	ER13_3				84602855		['ZX05903BA']
1401404	14014	4	在高台下	ER13_4				84602856		['ZX05905BA']
1401405	14014	5	执剪	ER13_5				84602857		['ZX05907BA']
1401406	14014	6	看不见风景的房间	ER13_6			大多数的不幸源于感觉。感觉是骗子，破坏者，和背叛者。	84602858		['ZX05908EA']
1401407	14014	7	暴雨将至	ER13_7			连一句告别都没有说。	84602859		['ZX05909BA']
1401408	14014	8	豺犬的日子	ER13_8			没有坏的天气，只有不合适的衣服。	84602860		['ZX05910BA']
1401409	14014	9	呐喊	ER13_9			所谓回忆者，虽说可以使人欢欣，有时也不免使人寂寞。	84602861		['ZX05911BA']
1401410	14014	10	协奏曲	ER13_10			送你苹果，它会腐烂，送你玫瑰，它会枯萎，送你一滴，我的泪水。	84602862		['ZX05912BA']
1401411	14014	11	等待希瓦	ER13_11			嗯，咱们走不走？咱们走吧。	84602863		['ZX05913BA']
1401412	14014	12	最后的三幕戏	ER13_12			要继续前行，就必须让往事耗尽。	84602864		['ZX05914BA']
1401413	14014	13	来自远方	ER13_13			事实来自虚构，永远记住。	84602865		['ZX05915BA']
1401501	14015	1	角斗场	ER14_1			骑枪锋锐，如同她的战意，永不折损。	84602866		['ZX06001BA']
1401502	14015	2	无锁囚笼	ER14_2			从此处逃离的可能性，被彻底禁锢。	84602867		['ZX06002BA']
1401503	14015	3	开场白	ER14_3			用误会作为故事的开端？那也不错。	84602868		['ZX06003BA']
1401504	14015	4	笼中愿	ER14_4			等你想“飞离这里”这里的时候，来找我。	84602869		['ZX06004BA']
1401505	14015	5	异化的零件	ER14_5			机械损坏，可以更换，人也一样。	84602870		['ZX06005BA']
1401506	14015	6	星空与飞鸟	ER14_6			在真正的落日下，我们可以再拍一张合影。	84602871		['ZX06006BA']
1401507	14015	7	无人逃离	ER14_7			被禁锢于此的“囚徒”，没有逃离的道路。	84602872		['ZX06007EA']
1401508	14015	8	飞翔的代价	ER14_8			谎言是屏障，也是地狱。	84602873		['ZX06008BA', 'ZX06008EA']
1401509	14015	9	于虚妄后	ER14_9			梦中的虚妄，终将破碎。	84602874		['ZX06009BA']
1401510	14015	10	终局之斗	ER14_10			展翼的机械体于黑暗中降临，如同宣告终局的使者。	84602875		['ZX06010BA', 'ZX06010EA']
1401511	14015	11	直到花海绽放	ER14_11			起风了，温暖的朝阳又一次在天边升起。	84602876		['ZX06011BA']
1401512	14015	12	残月	ER14_12			从前，在森林中，有一位了不起的“魔法师”……	84602877		['ZX06012EX']
1401513	14015	13	冷雨	ER14_13			多年后，阴郁的乌云又一次笼罩在庄园之上。	84602878		['ZX06013EX']
1401514	14015	14	黯夜	ER14_14			主人耐心地等待着新的客人的到来。	84602879		['ZX06014EX']
1500101	15001	1	集团烹调方法要领				食以果腹，是生命原始的欲望；让每个人果腹，是他的愿望。	84102459		['JS00101BA']
1500102	15001	2	紧急援护作战手册				他眼中装着每个人。无论远近。	84102460		['JS00102BA']
1500103	15001	3	应激障碍干预法则				“记住，这不是你的错。”	84102461		['JS00103EA']
1500104	15001	4	土壤栽培技术总纲				他坚信这片土壤上能重新长出希望的嫩芽。他将成为那嫩芽的守护者。	84102462		['JS00104BA']
1500105	15001	5	铭记，迈路				他停下脚步，灵光一闪，想到了那个名字。	84102463		['JS00105BA']
1500201	15002	1	临渊				选择……选择成为人类的敌人，选择成为自己曾经对抗的东西的帮凶吗？	84102464		['JS00201BA']
1500202	15002	2	幕间				只有拥有绝对力量的强者，才能按自己的意志塑造新的世界。	84102465		['JS00202BA']
1500203	15002	3	摇摆				还是说她所作的一切就只是在命运的嘲弄下，摇摆于无意义的漩涡中。	84102466		['JS00203BA']
1500204	15002	4	孤舟				海浪之上，是倒映着的模糊影像，它向名为‘露西亚’的孤舟扑过来，要将她卷入海底。	84102467		['JS00204EA']
1500205	15002	5	择途				现在就算有认识她的人站在她面前，恐怕一时间也很难再认出她，但是她的愿望却从未改变。	84102468		['JS00205BA']
1500301	15003	1	神秘的挑战者！？				黄金时代流传下来的怀旧游戏，其排行榜上居然有新的挑战者！？他的身份到底是……	84102547		['JS00301BA', 'JS00301EA']
1500302	15003	2	令人意外的组合				为了找寻名为奥克斯的神秘机械体，七实与阿尔卡纳组成团队，决定一同前往他的所在之处。	84102548		['JS00302BA']
1500303	15003	3	挑战者与被挑战者				七实与神秘机械体终于作为玩家对手相遇了，挑战者与被挑战者之间到底会产生怎样的火花！	84102549		['JS00303BA']
1500304	15003	4	为游戏而诞生				因为游戏而诞生，或许也因为游戏而消亡，机械体与他的主人奥克斯的过去到底发生了什么？	84102550		['JS00304BA']
1500305	15003	5	一起玩最重要！				无论是什么游戏，只有和朋友一起玩的时候才会最开心的嘛~！	84102551		['JS00305BA', 'JS00305EA']
1500401	15004	1	零位调整				归零，然后重新开始。	84102569		['JS00401BA']
1500402	15004	2	声子曳引				她的世界开始不再寂静无声。	84102570		['JS00402BA', 'JS00402EA']
1500403	15004	3	边缘位错				无数的轨道盘旋交错。	84102571		['JS00403BA']
1500404	15004	4	不可视光				不要被看不见的敌人击垮。	84102572		['JS00404EA']
1500405	15004	5	振荡宇宙				在膨胀与收缩的交替间，她将会开辟属于自己的航路。	84102573		['JS00405BA']
1500501	15005	1	何谓救赎				正如寒羊小队猜测的一样，确实有“额外的诺安”通过“意识海复制技术”诞生了。	84102576		['JS00501BA']
1500502	15005	2	何以救赎				“看啊，西蒙……你的队员一样也和你一样，仍然深陷在雪中。”	84102577		['JS00502BA']
1500503	15005	3	逝者为蜡				……在这里死去的人们……请帮帮我！！	84102578		['JS00503BA', 'JS00503EA']
1500504	15005	4	生者为芯				诺安控制着自己的力道，从肋骨，到小腿，再到膝盖髌骨……青年的表情始终如深冬的寒夜一般静穆。	84102579		['JS00504BA']
1500505	15005	5	止痛药				受刑者找到了为数不多的慰藉。	84102580		['JS00505BA']
1500601	15006	1	溺水				她们说这里无限美好，甚至不惜擅加幻想、将其描述成极乐的“净土”。	84103206		['HD04201BA']
1500602	15006	2	扑火				薇拉眼睁睁看着面前的飞蛾扇着翅膀，对着灼热的火光一遍遍扑动，为了所谓的“队友”，以及遥不可及的“活下去”。	84103207		['HD04202BA', 'HD04202EA']
1500603	15006	3	坠崖				起初她看不到路上死去的人，所以枯骨不会绊住她的脚。	84103208		['HD04203BA']
1500604	15006	4	净土				你觉得这座岛，漂亮吗？和我们的幻想相符吗？	84103209		['HD04204BA']
1500605	15006	5	新章				在海上寻找“宝藏”的故事，居然有了新的篇章。	84103210		['HD04205BA']
604101	6041	1	时光悄许的心语				时光悄许的心语	1002908	2025/11/13 5:02	['HD03901BA']
604102	6041	2	与伊什梅尔共度的时光				与伊什梅尔共度的时光	1002908	2025/11/13 5:02	['HD03905BA']
604103	6041	3	与露娜共度的时光				与露娜共度的时光	1002908	2025/11/13 5:02	['HD03904BA']
604104	6041	4	与曲共度的时光				与曲共度的时光	1002908	2025/11/13 5:02	['HD03902BA']
604105	6041	5	与含英共度的时光				与含英共度的时光	1002908	2025/11/13 5:02	['HD03909BA']
604106	6041	6	与七实共度的时光				与七实共度的时光	1002908	2025/11/13 5:02	['HD03906BA']
604107	6041	7	与露西亚共度的时光				与露西亚共度的时光	1002908	2025/11/13 5:02	['HD03907BA']
604108	6041	8	与布偶熊共度的时光				与布偶熊共度的时光	1002908	2025/11/13 5:02	['HD03903BA']
604109	6041	9	与布丽姬特共度的时光				与布丽姬特共度的时光	1002908	2025/11/13 5:02	['HD03910BA']
604110	6041	10	与八咫共度的时光				与八咫共度的时光	1002908	2025/11/13 5:02	['HD03908BA']
604111	6041	11	与万事共度的时光				与万事共度的时光	1002908	2025/11/13 5:02	['HD03911BA']
1700101	17001	1	启示录				正是在今天，人类掀开了夺回黑夜的史诗篇章。	1020871		['RG01000BA']
1700102	17001	2	震怒之日				不愿在圣堂为奴，只愿在地狱称王。	1020872		['RG01000EA']
1700103	17001	3	战争骑士				复仇者为仇人所害，颓然倒在了炽烈的大地上。	1020873		['RG01001BA']
1700104	17001	4	死亡巡礼				血契者，你又是为了什么而卷入这场战争？	1020874		['RG01002BA']
1700105	17001	5	余烬复燃				牛仔们迈出脚步，奔向了最需要勇敢和善良的地方。	1020875		['RG01003BA']
1700106	17001	6	绝命通缉				到街垒去，准备战斗！	1020876		['RG01004BA']
1700107	17001	7	要塞死斗				三十年前的奇迹跨越时间，再一次降临到人子身边。	1020877		['RG01005BA']
1700108	17001	8	熔铸脊梁				对那些需要战争的人来说，战争是正义的。对那些失去一切希望的人来说，战争是合理的。	1020878		['RG01006BA']
1700109	17001	9	死亡冠冕				她明白，追逐苦刑的日子回来了。	1020879		['RG01007BA']
1700110	17001	10	环城之河				搭列车而来的寻仇者穿越阿格龙河，抵达烬土边疆之下的地狱。	1020880		['RG01008BA']
1700111	17001	11	猩红潮水				有设想过吗，死亡的背面是什么？	1020881		['RG01008EA']
1700112	17001	12	弱火之下				那时，通红的太阳落下了天际线，被她绝不肯阖上的双目收入其中。	1020882		['RG01009BA']
1700113	17001	13	生死律法				她意识到生死律法就是一趟环绕的列车，首尾相连。	1020883		['RG01010BA']
1700114	17001	14	命运迷宫				大家都在追寻的那种东西……为什么我一直看不清？	1020884		['RG01011BA']
1700115	17001	15	永生苦刑				我要让尘归尘，土归土。我要让人间的归人间，地狱的归地狱。让每一个魂灵都死得像样。	1020885		['RG01011EA']
1700116	17001	16	灾变之日				多年之后，一位沉默的“瘟疫医生”走到了道路中央。	1020886		['RG01101BA']
1700117	17001	17	瘟疫骑士				他获得了新的名字，走上了为世间祛毒的道路。	1020887		['RG01102BA']
1700118	17001	18	葬生林				血契者，你从长梦里看到了什么？	1020888		['RG01103BA']
1700119	17001	19	世界的病灶				准备好回想起一切了吗？	1020889		['RG01104BA']
1700120	17001	20	茧房				孩子回到了孕育他降生的地方。	1020890		['RG01105BA']
1700121	17001	21	予你的礼物				生存本身即为最漫长的一场瘟疫。	1020891		['RG01106BA']
1700122	17001	22	瓶中雪				她走出幸运38娱乐城的那一天，也是一个平安夜。	1020892		['RG01201BA']
1700123	17001	23	未完长局				只要筹码还放在牌桌上，对赌就没有结束。	1020893		['RG01202BA']
1700124	17001	24	循念而行				埃莉诺，别让你的能力配不上你的野心。	1020894		['RG01203BA']
1700125	17001	25	为欲加冕				一切……都要臣服于我的欲望之下。	1020895		['RG01204BA']
1700126	17001	26	冀望终点·上				所有欲念都如莫比乌斯一般在此周而复始地循环。	1020896		['RG01205BA']
1700127	17001	27	冀望终点·下				所有欲念都如莫比乌斯一般在此周而复始地循环。	1020897		['RG01205EA']
1700128	17001	28	谨遵我谕				我会完成这个赌约，即使你永远不明白这场交易意味着什么。	1020898		['RG01206BA']
1700129	17001	29	血锈宣告				灰鸦踏着尸骸铺就的阶梯，将自由钉入永恒白昼的裂痕。	1020899		['RG01301BA']
1700130	17001	30	永不休止				当祝酒的脆响尚未散尽，圣光已泼向亵渎白昼的叛逆者。	1020900		['RG01302BA']
1700131	17001	31	溃圣号角				人造的银弹击穿天使，地狱的列车碾向圣堂。	1020901		['RG01303BA']
1700132	17001	32	圣骸渊雨				湮灭洪流漫过圣阶，燃骨的余烬正烙进祂崩裂的冠冕。	1020902		['RG01304BA']
1700133	17001	33	神蚀星火				互相欺骗，互相背叛，烬土的星火在圣堂崩落的金雨中明明灭灭。	1020903		['RG01305BA']
1700134	17001	34	无梦之人				如果我试着成为一个像你这样的人类的话，我们会在相同的梦里相遇吗？	1020904		['RG01401BA']
1700135	17001	35	善恶天秤				我将衡量这一切的权利，都交予你手上。	1020905		['RG01402BA']
1700136	17001	36	流星坠落				我接过了你的使命，但你也休想从我的生命中转身而去。	1020906		['RG01403BA']
1700137	17001	37	永生诅咒				我会一直伴随着你，生世永远。	1020907		['RG01404BA']
1700138	17001	38	镇魂曲·上				时间不是我们的敌人，永恒才是。	1020913		['RG01405BA']
1700139	17001	39	镇魂曲·下				时间不是我们的敌人，永恒才是。	1020912		['RG01405EA']
1700140	17001	40	再会·上				下次，就在宿命降临之前，更快地再一次找到我。	1020910		['RG01406BA']
1700141	17001	41	再会·下				下次，就在宿命降临之前，更快地再一次找到我。	1020911		['RG01406EA']
604601	6046	1	致独一无二的你				指挥官的专属日	1002910	2026/11/13 5:02	['HD04800BA']
604602	6046	2	与莉莉丝共度的时光				与莉莉丝共度的时光	1002910	2026/11/13 5:02	['HD04801BA']
604603	6046	3	与赛琳娜共度的时光				与赛琳娜共度的时光	1002910	2026/11/13 5:02	['HD04802BA']
604604	6046	4	与洁塔薇共度的时光				与洁塔薇共度的时光	1002910	2026/11/13 5:02	['HD04803BA']
604605	6046	5	与薇拉共度的时光				与薇拉共度的时光	1002910	2026/11/13 5:02	['HD04804BA']
604606	6046	6	与比安卡共度的时光				与比安卡共度的时光	1002910	2026/11/13 5:02	['HD04805BA']
604607	6046	7	与斜奏共度的时光				与斜奏共度的时光	1002910	2026/11/13 5:02	['HD04806BA']
604608	6046	8	与维罗妮卡共度的时光				与维罗妮卡共度的时光	1002910	2026/11/13 5:02	['HD04807BA']
604609	6046	9	与丽芙共度的时光				与丽芙共度的时光	1002910	2026/11/13 5:02	['HD04808BA']
604801	6048	1	雾中序曲				浓雾如窥伺的暗影，掩去梦与现实的交界。	84602887		['HD05001BA']
604802	6048	2	唯求你心				以你内心所爱，书写独属于你我之间的誓约。	84602888		['HD05002BA']
604803	6048	3	咏夜启幕				夙愿于暗影中蔓延，编织出交叠的幻梦。	84602889		['HD05003BA']
604804	6048	4	魅影双生				于迷梦边境中，点燃誓约的烛火。	84602890		['HD05004BA', 'HD05004EA']
604805	6048	5	夜之乐章				盛放的情意如同今夜月色，将一切的晦暗与阻滞都照亮驱散。	84602891		['HD05005BA']
604806	6048	6	于万千终篇				只愿万千星辰，铭记彼此无数个约定相伴的时刻。	84602892		['HD05006BA']
